67250 1 3.5 9 1 0.014 0.064 0.254 0.96 0.659 80.9 0 96.443 17.087 0 0.713
67250 2 3.5 9 1 0.014 0.064 0.254 0.96 0.659 138.795 0 165.47 48.067 0 0.513
67250 3 3.5 9 1 0.014 0.064 0.254 0.96 0.659 158.36 1 187.201 42.547 0 0.647
67250 4 3.5 9 1 0.014 0.064 0.254 0.96 0.659 138.493 0 148.558 27.933 0 0.56
67250 5 3.5 9 1 0.014 0.064 0.254 0.96 0.659 124.372 0 143.751 43.107 0 0.407
67250 6 3.5 9 1 0.014 0.064 0.254 0.96 0.659 142.459 0 159.59 37.153 0 0.507
67250 7 3.5 9 1 0.014 0.064 0.254 0.96 0.659 149.469 1 171.809 36.86 0 0.613
67250 8 3.5 9 1 0.014 0.064 0.254 0.96 0.659 89.829 0 123.397 27.46 0 0.453
67250 9 3.5 9 1 0.014 0.064 0.254 0.96 0.659 140.557 0 168.029 36.52 0 0.52
67250 10 3.5 9 1 0.014 0.064 0.254 0.96 0.659 124.493 0 152.868 34.933 0 0.507
67250 1 3.5 9 1 0.044 0.313 0.122 0.782 0.751 86.719 42 99.566 304.807 0 0
67250 2 3.5 9 1 0.044 0.313 0.122 0.782 0.751 110.35 48 124.644 285.387 0 0
67250 3 3.5 9 1 0.044 0.313 0.122 0.782 0.751 107.792 29 119.33 205.193 0 0
67250 4 3.5 9 1 0.044 0.313 0.122 0.782 0.751 117.69 30 127.376 263.647 0 0
67250 5 3.5 9 1 0.044 0.313 0.122 0.782 0.751 104.974 61 113.198 288.413 0 0
67250 6 3.5 9 1 0.044 0.313 0.122 0.782 0.751 122.403 70 130.424 328.7 0 0
67250 7 3.5 9 1 0.044 0.313 0.122 0.782 0.751 118.851 16 131.624 254.333 0 0
67250 8 3.5 9 1 0.044 0.313 0.122 0.782 0.751 136.617 26 149.643 238.72 0 0
67250 9 3.5 9 1 0.044 0.313 0.122 0.782 0.751 127.229 19 140.656 251.513 0 0
67250 10 3.5 9 1 0.044 0.313 0.122 0.782 0.751 136.414 16 147.545 274.687 0 0
67250 1 3.5 9 1 0.002 0.335 0.112 0.755 0.278 247.709 6604 249.824 7773.52 0 0
67250 2 3.5 9 1 0.002 0.335 0.112 0.755 0.278 248.198 5194 249.743 7064.9 0 0
67250 3 3.5 9 1 0.002 0.335 0.112 0.755 0.278 249.291 6905 249.966 7986.393 0 0
67250 4 3.5 9 1 0.002 0.335 0.112 0.755 0.278 248.119 6052 249.914 8030.833 0 0
67250 5 3.5 9 1 0.002 0.335 0.112 0.755 0.278 246.676 5650 249.675 7335.073 0 0
67250 6 3.5 9 1 0.002 0.335 0.112 0.755 0.278 249.604 6944 249.976 8502.887 0 0
67250 7 3.5 9 1 0.002 0.335 0.112 0.755 0.278 248.291 6663 249.942 8466.633 0 0
67250 8 3.5 9 1 0.002 0.335 0.112 0.755 0.278 248.196 6136 249.878 7777.92 0 0
67250 9 3.5 9 1 0.002 0.335 0.112 0.755 0.278 246.432 4595 249.549 7243.473 0 0
67250 10 3.5 9 1 0.002 0.335 0.112 0.755 0.278 247.964 7026 249.901 8077.767 0 0
67250 1 3.5 9 1 0.055 0.498 0.161 0.887 0.154 249.338 7738 249.977 8423.467 0 0
67250 2 3.5 9 1 0.055 0.498 0.161 0.887 0.154 242.395 5951 249.276 7649.38 0 0
67250 3 3.5 9 1 0.055 0.498 0.161 0.887 0.154 245.672 4997 249.644 6762.593 0 0
67250 4 3.5 9 1 0.055 0.498 0.161 0.887 0.154 248.384 6447 249.804 7661.447 0 0
67250 5 3.5 9 1 0.055 0.498 0.161 0.887 0.154 248 6548 249.861 8361.547 0 0
67250 6 3.5 9 1 0.055 0.498 0.161 0.887 0.154 249.244 7592 249.971 8559.78 0 0
67250 7 3.5 9 1 0.055 0.498 0.161 0.887 0.154 249.034 7800 249.985 8380.753 0 0
67250 8 3.5 9 1 0.055 0.498 0.161 0.887 0.154 246.53 6274 249.863 7810.687 0 0
67250 9 3.5 9 1 0.055 0.498 0.161 0.887 0.154 249.244 7403 249.973 7902.167 0 0
67250 10 3.5 9 1 0.055 0.498 0.161 0.887 0.154 248.521 5582 249.911 7763.22 0 0
67250 1 3.5 9 1 0.115 0.392 0.272 0.784 0.807 138.371 0 158.203 43.58 0 0.54
67250 2 3.5 9 1 0.115 0.392 0.272 0.784 0.807 171.815 0 183.315 38.5 0 0.593
67250 3 3.5 9 1 0.115 0.392 0.272 0.784 0.807 139.596 0 163.191 36.053 0 0.507
67250 4 3.5 9 1 0.115 0.392 0.272 0.784 0.807 173.199 0 188.733 40.14 0 0.547
67250 5 3.5 9 1 0.115 0.392 0.272 0.784 0.807 176.217 0 207.315 40.1 0 0.647
67250 6 3.5 9 1 0.115 0.392 0.272 0.784 0.807 149.874 0 166.859 41.813 0 0.507
67250 7 3.5 9 1 0.115 0.392 0.272 0.784 0.807 137.792 0 159.111 40.013 0 0.627
67250 8 3.5 9 1 0.115 0.392 0.272 0.784 0.807 143.243 0 172.946 46.86 0 0.533
67250 9 3.5 9 1 0.115 0.392 0.272 0.784 0.807 123.091 0 150.382 45.293 0 0.487
67250 10 3.5 9 1 0.115 0.392 0.272 0.784 0.807 143.049 0 166.416 42.767 0 0.553
67250 1 3.5 9 1 0.005 0.418 0.477 0.822 0.109 246.829 4936 249.587 7394.573 0 0
67250 2 3.5 9 1 0.005 0.418 0.477 0.822 0.109 245.347 4677 249.32 6752.873 0 0
67250 1 4 8 0 0.037 0.011 0.264 0.964 0.166 140.415 1 162.179 51.213 0 0.473
67250 2 4 8 0 0.037 0.011 0.264 0.964 0.166 0 0 0 0 1 1
67250 3 4 8 0 0.037 0.011 0.264 0.964 0.166 140.875 0 172.112 48.487 0 0.6
67250 4 4 8 0 0.037 0.011 0.264 0.964 0.166 143.253 0 177.345 58.033 0 0.593
67250 5 4 8 0 0.037 0.011 0.264 0.964 0.166 139.638 1 169.661 52.22 0 0.547
67250 6 4 8 0 0.037 0.011 0.264 0.964 0.166 141.337 0 163.589 37.913 0 0.553
67250 7 4 8 0 0.037 0.011 0.264 0.964 0.166 135.707 0 154.07 49.507 0 0.68
67250 8 4 8 0 0.037 0.011 0.264 0.964 0.166 154.115 0 174.249 41.513 0 0.553
67250 9 4 8 0 0.037 0.011 0.264 0.964 0.166 141.177 0 153.403 44.133 0 0.467
67250 10 4 8 0 0.037 0.011 0.264 0.964 0.166 134.438 0 150.035 44.507 0 0.467
67250 1 4 8 0 0.004 0.064 0.205 0.982 0.798 150.748 0 172.398 41.373 0 0.547
67250 2 4 8 0 0.004 0.064 0.205 0.982 0.798 127.67 1 148.559 39.553 0 0.427
67250 3 4 8 0 0.004 0.064 0.205 0.982 0.798 75.86 0 97.17 40.407 0 0.273
67250 4 4 8 0 0.004 0.064 0.205 0.982 0.798 108.98 0 132.976 39.673 0 0.42
67250 5 4 8 0 0.004 0.064 0.205 0.982 0.798 151.032 0 165.499 43.847 0 0.527
67250 6 4 8 0 0.004 0.064 0.205 0.982 0.798 154.564 0 166.274 38.34 0 0.54
67250 7 4 8 0 0.004 0.064 0.205 0.982 0.798 158.361 0 187.2 46.673 0 0.56
67250 8 4 8 0 0.004 0.064 0.205 0.982 0.798 139.088 0 166.157 44.8 0 0.56
67250 9 4 8 0 0.004 0.064 0.205 0.982 0.798 126.267 0 148.912 39.867 0 0.52
67250 10 4 8 0 0.004 0.064 0.205 0.982 0.798 132.937 0 151.99 37.54 0 0.46
67250 1 4 8 0 0.01 0.174 0.027 0.855 0.04 242.476 8159 248.644 10129.893 0 0
67250 2 4 8 0 0.01 0.174 0.027 0.855 0.04 249.696 10556 249.998 11121.433 0 0
67250 3 4 8 0 0.01 0.174 0.027 0.855 0.04 243.768 6371 249.337 10099.313 0 0
67250 4 4 8 0 0.01 0.174 0.027 0.855 0.04 240 6026 248.426 9528.3 0 0
67250 5 4 8 0 0.01 0.174 0.027 0.855 0.04 249 10432 249.987 12252.987 0 0
67250 6 4 8 0 0.01 0.174 0.027 0.855 0.04 237.596 8336 248.519 11304.5 0 0
67250 7 4 8 0 0.01 0.174 0.027 0.855 0.04 237.308 3574 247.89 9713.58 0 0
67250 8 4 8 0 0.01 0.174 0.027 0.855 0.04 249 8073 249.945 10339.813 0 0
67250 9 4 8 0 0.01 0.174 0.027 0.855 0.04 246.814 7822 249.423 9875.073 0 0
67250 10 4 8 0 0.01 0.174 0.027 0.855 0.04 245 7613 249.519 10072.92 0 0
67250 1 4 8 0 0.067 0.47 0.421 0.981 0.519 138.272 0 157.765 41.813 0 0.593
67250 2 4 8 0 0.067 0.47 0.421 0.981 0.519 141.772 0 167.506 38.593 0 0.473
67250 3 4 8 0 0.067 0.47 0.421 0.981 0.519 130.139 0 150.804 43.16 0 0.553
67250 4 4 8 0 0.067 0.47 0.421 0.981 0.519 129.606 1 147.615 37.627 0 0.52
67250 5 4 8 0 0.067 0.47 0.421 0.981 0.519 127.712 0 154.328 45.267 0 0.507
67250 6 4 8 0 0.067 0.47 0.421 0.981 0.519 117.328 0 141.853 42.56 0 0.473
67250 7 4 8 0 0.067 0.47 0.421 0.981 0.519 136.375 0 146.827 43.1 0 0.427
67250 8 4 8 0 0.067 0.47 0.421 0.981 0.519 130.916 0 153.459 34.467 0 0.593
67250 9 4 8 0 0.067 0.47 0.421 0.981 0.519 125.058 1 150.863 46.127 0 0.527
67250 10 4 8 0 0.067 0.47 0.421 0.981 0.519 158.17 0 182.756 46.787 0 0.667
67250 1 4 8 0 0.098 0.283 0.325 0.894 0.382 69.611 5 81.879 166.573 0 0.147
67250 2 4 8 0 0.098 0.283 0.325 0.894 0.382 130.811 0 149.193 84.593 0 0.373
67250 3 4 8 0 0.098 0.283 0.325 0.894 0.382 114.23 1 137.7 109.133 0 0.28
67250 4 4 8 0 0.098 0.283 0.325 0.894 0.382 130.629 0 143.223 92.633 0 0.247
67250 5 4 8 0 0.098 0.283 0.325 0.894 0.382 127.527 0 145.384 76.993 0 0.253
67250 6 4 8 0 0.098 0.283 0.325 0.894 0.382 81.622 1 97.64 129.573 0 0.227
67250 7 4 8 0 0.098 0.283 0.325 0.894 0.382 94.965 0 106.181 81.787 0 0.373
67250 8 4 8 0 0.098 0.283 0.325 0.894 0.382 99.858 0 115.85 85.94 0 0.353
67250 9 4 8 0 0.098 0.283 0.325 0.894 0.382 94.899 2 110.008 57.227 0 0.313
67250 10 4 8 0 0.098 0.283 0.325 0.894 0.382 93.13 2 107.161 91.913 0 0.307
67250 1 4 8 0 0.014 0.488 0.252 0.779 0.514 87.309 16 97.453 323.74 0 0
67250 2 4 8 0 0.014 0.488 0.252 0.779 0.514 85.559 10 103.12 418.927 0 0
67250 3 4 8 0 0.014 0.488 0.252 0.779 0.514 104.37 0 132.943 153.287 0 0.207
67250 4 4 8 0 0.014 0.488 0.252 0.779 0.514 120.668 2 138.525 221.3 0 0.247
67250 5 4 8 0 0.014 0.488 0.252 0.779 0.514 128.856 4 150.787 278.213 0 0.12
67250 6 4 8 0 0.014 0.488 0.252 0.779 0.514 93.734 6 105.412 257.12 0 0.033
67250 7 4 8 0 0.014 0.488 0.252 0.779 0.514 81.657 5 101.402 131.913 0 0.06
67250 8 4 8 0 0.014 0.488 0.252 0.779 0.514 114.018 9 131.068 414.313 0 0.007
67250 9 4 8 0 0.014 0.488 0.252 0.779 0.514 110.973 5 134.355 218.307 0 0.127
67250 10 4 8 0 0.014 0.488 0.252 0.779 0.514 91.507 2 117.398 241.673 0 0.22
67250 1 5 4 1 0.111 0.199 0.01 0.886 0.042 249.906 10900 249.999 12428.12 0 0
67250 2 5 4 1 0.111 0.199 0.01 0.886 0.042 250 13440 250 14325.18 0 0
67250 3 5 4 1 0.111 0.199 0.01 0.886 0.042 249.338 11579 249.992 12188.167 0 0
67250 4 5 4 1 0.111 0.199 0.01 0.886 0.042 249.987 12378 250 13020.713 0 0
67250 5 5 4 1 0.111 0.199 0.01 0.886 0.042 250 12272 250 13562.68 0 0
67250 6 5 4 1 0.111 0.199 0.01 0.886 0.042 249.947 12153 250 13010.3 0 0
67250 7 5 4 1 0.111 0.199 0.01 0.886 0.042 250 13020 250 13932.593 0 0
67250 8 5 4 1 0.111 0.199 0.01 0.886 0.042 250 12230 250 13139.993 0 0
67250 9 5 4 1 0.111 0.199 0.01 0.886 0.042 249.865 11315 249.999 12218.587 0 0
67250 10 5 4 1 0.111 0.199 0.01 0.886 0.042 250 12096 250 13638.6 0 0
67250 1 5 4 1 0.081 0.094 0.376 0.903 0.554 43.612 0 50.773 15.467 0 0.44
67250 2 5 4 1 0.081 0.094 0.376 0.903 0.554 69.193 1 77.995 35.12 0 0.5
67250 3 5 4 1 0.081 0.094 0.376 0.903 0.554 79.012 0 91.072 36.72 0 0.44
67250 4 5 4 1 0.081 0.094 0.376 0.903 0.554 30.114 6 38.919 43.993 0 0.033
67250 5 5 4 1 0.081 0.094 0.376 0.903 0.554 102.77 0 120.707 39.7 0 0.613
67250 6 5 4 1 0.081 0.094 0.376 0.903 0.554 115.037 1 131.312 64.24 0 0.42
67250 7 5 4 1 0.081 0.094 0.376 0.903 0.554 0 0 0 0 1 1
67250 8 5 4 1 0.081 0.094 0.376 0.903 0.554 48.512 3 66.63 39.293 0 0.313
67250 9 5 4 1 0.081 0.094 0.376 0.903 0.554 59.875 0 72.285 30.533 0 0.373
67250 10 5 4 1 0.081 0.094 0.376 0.903 0.554 111.174 0 124.23 61.333 0 0.46
67250 1 5 4 1 0.034 0.06 0.455 0.859 0.782 104.354 1 116.362 38.127 0 0.507
67250 2 5 4 1 0.034 0.06 0.455 0.859 0.782 110.755 1 128.777 49.313 0 0.487
67250 3 5 4 1 0.034 0.06 0.455 0.859 0.782 110.377 0 123.585 40.787 0 0.553
67250 4 5 4 1 0.034 0.06 0.455 0.859 0.782 112.351 0 133.589 49.333 0 0.487
67250 5 5 4 1 0.034 0.06 0.455 0.859 0.782 110.346 1 130.352 49.82 0 0.453
67250 6 5 4 1 0.034 0.06 0.455 0.859 0.782 108.663 0 125.26 39.293 0 0.587
67250 7 5 4 1 0.034 0.06 0.455 0.859 0.782 120.564 0 139.822 50.513 0 0.58
67250 8 5 4 1 0.034 0.06 0.455 0.859 0.782 62.267 1 80.514 35.667 0 0.313
67250 9 5 4 1 0.034 0.06 0.455 0.859 0.782 114.045 0 133.486 57.86 0 0.46
67250 10 5 4 1 0.034 0.06 0.455 0.859 0.782 125.087 0 137.649 53.773 0 0.42
67250 1 5 4 1 0.065 0.217 0.312 0.79 0.294 242.091 2087 247.057 5120.6 0 0
67250 2 5 4 1 0.065 0.217 0.312 0.79 0.294 239.054 1703 246.766 4688.093 0 0
67250 3 5 4 1 0.065 0.217 0.312 0.79 0.294 241.775 3264 247.453 4901.08 0 0
67250 4 5 4 1 0.065 0.217 0.312 0.79 0.294 237.681 3620 244.762 4655.793 0 0
67250 5 5 4 1 0.065 0.217 0.312 0.79 0.294 228.984 2419 238.301 3941.087 0 0
67250 6 5 4 1 0.065 0.217 0.312 0.79 0.294 233.212 3419 243.985 5129.307 0 0
67250 7 5 4 1 0.065 0.217 0.312 0.79 0.294 238.07 3780 244.964 5421.453 0 0
67250 8 5 4 1 0.065 0.217 0.312 0.79 0.294 240.388 1832 246.241 3936.953 0 0
67250 9 5 4 1 0.065 0.217 0.312 0.79 0.294 237.083 3996 245.378 5269.153 0 0
67250 10 5 4 1 0.065 0.217 0.312 0.79 0.294 236.634 2100 243.26 4307.273 0 0
67250 1 5 4 1 0.118 0.473 0.295 0.962 0.408 245.194 4850 248.969 6346.307 0 0
67250 2 5 4 1 0.118 0.473 0.295 0.962 0.408 241.689 4286 247.895 5785.72 0 0
67250 3 5 4 1 0.118 0.473 0.295 0.962 0.408 245.665 5817 249.332 6879.647 0 0
67250 4 5 4 1 0.118 0.473 0.295 0.962 0.408 242.793 5571 247.395 6620.533 0 0
67250 1 4.5 10 0 0.081 0.352 0.364 0.952 0.819 149.967 0 168.112 52.32 0 0.567
67250 2 4.5 10 0 0.081 0.352 0.364 0.952 0.819 139.945 0 167.749 39.273 0 0.52
67250 3 4.5 10 0 0.081 0.352 0.364 0.952 0.819 135.939 1 163.45 49.12 0 0.567
67250 4 4.5 10 0 0.081 0.352 0.364 0.952 0.819 134.365 1 184.902 47.173 0 0.647
67250 5 4.5 10 0 0.081 0.352 0.364 0.952 0.819 141.231 0 161.967 48.64 0 0.507
67250 6 4.5 10 0 0.081 0.352 0.364 0.952 0.819 156.986 0 179.528 42.64 0 0.507
67250 7 4.5 10 0 0.081 0.352 0.364 0.952 0.819 137.54 0 163.064 46.68 0 0.58
67250 8 4.5 10 0 0.081 0.352 0.364 0.952 0.819 137.818 0 170.273 46.72 0 0.613
67250 9 4.5 10 0 0.081 0.352 0.364 0.952 0.819 147.101 0 170.614 49.633 0 0.533
67250 10 4.5 10 0 0.081 0.352 0.364 0.952 0.819 152.089 0 179.256 57.6 0 0.48
67250 1 4.5 10 0 0.07 0.456 0.161 0.753 0.114 242.412 4784 248.021 8937.727 0 0
67250 2 4.5 10 0 0.07 0.456 0.161 0.753 0.114 230.174 2442 246.201 8521.12 0 0
67250 3 4.5 10 0 0.07 0.456 0.161 0.753 0.114 213.014 308 242.672 6699.127 0 0
67250 4 4.5 10 0 0.07 0.456 0.161 0.753 0.114 226.945 3909 245.121 8469.52 0 0
67250 5 4.5 10 0 0.07 0.456 0.161 0.753 0.114 237 6923 248.02 9926.68 0 0
67250 6 4.5 10 0 0.07 0.456 0.161 0.753 0.114 223.306 4930 243.53 8433.693 0 0
67250 7 4.5 10 0 0.07 0.456 0.161 0.753 0.114 227.697 4847 245.676 8871.867 0 0
67250 8 4.5 10 0 0.07 0.456 0.161 0.753 0.114 245.155 6910 248.718 8458.273 0 0
67250 9 4.5 10 0 0.07 0.456 0.161 0.753 0.114 239.02 6677 248.802 9080.393 0 0
67250 10 4.5 10 0 0.07 0.456 0.161 0.753 0.114 239.77 5076 246.941 8933.387 0 0
67250 1 4.5 10 0 0.1 0.182 0.173 0.914 0.384 161.607 4 174.594 302.04 0 0.067
67250 2 4.5 10 0 0.1 0.182 0.173 0.914 0.384 147.336 2 171.892 308.82 0 0.22
67250 3 4.5 10 0 0.1 0.182 0.173 0.914 0.384 93.181 1 112.642 142.387 0 0.14
67250 4 4.5 10 0 0.1 0.182 0.173 0.914 0.384 152.288 2 175.519 351.967 0 0.267
67250 5 4.5 10 0 0.1 0.182 0.173 0.914 0.384 157.5 2 172.57 285.487 0 0.26
67250 6 4.5 10 0 0.1 0.182 0.173 0.914 0.384 129.402 1 150.653 314.033 0 0.28
67250 7 4.5 10 0 0.1 0.182 0.173 0.914 0.384 156.542 2 173.07 360.353 0 0.267
67250 8 4.5 10 0 0.1 0.182 0.173 0.914 0.384 130.972 1 162.569 260.287 0 0.153
67250 9 4.5 10 0 0.1 0.182 0.173 0.914 0.384 158.333 1 183.816 400.12 0 0.207
67250 10 4.5 10 0 0.1 0.182 0.173 0.914 0.384 127.536 0 161.818 245.887 0 0.247
67250 1 4.5 10 0 0.043 0.349 0.121 0.844 0.551 186.194 79 214.584 1273.713 0 0
67250 2 4.5 10 0 0.043 0.349 0.121 0.844 0.551 210.105 48 233.198 2330.993 0 0
67250 3 4.5 10 0 0.043 0.349 0.121 0.844 0.551 216.771 190 237.23 3325.76 0 0
67250 4 4.5 10 0 0.043 0.349 0.121 0.844 0.551 206.833 229 230.922 2343.593 0 0
67250 5 4.5 10 0 0.043 0.349 0.121 0.844 0.551 213.015 18 228.218 1848.52 0 0
67250 6 4.5 10 0 0.043 0.349 0.121 0.844 0.551 215 285 232.585 3177.993 0 0
67250 7 4.5 10 0 0.043 0.349 0.121 0.844 0.551 188.019 505 207.371 2088.427 0 0
67250 8 4.5 10 0 0.043 0.349 0.121 0.844 0.551 197.259 48 227.14 1517.047 0 0
67250 9 4.5 10 0 0.043 0.349 0.121 0.844 0.551 204.021 28 223.829 1531.713 0 0
67250 10 4.5 10 0 0.043 0.349 0.121 0.844 0.551 203.424 12 229.594 1653.8 0 0
67250 1 4.5 10 0 0.007 0.066 0.01 0.992 0.434 235.055 3373 246.359 8357.28 0 0
67250 2 4.5 10 0 0.007 0.066 0.01 0.992 0.434 230.702 2883 245.435 7396.173 0 0
67250 3 4.5 10 0 0.007 0.066 0.01 0.992 0.434 228.358 747 243.153 6634.493 0 0
67250 4 4.5 10 0 0.007 0.066 0.01 0.992 0.434 229.014 2458 240.397 5908.74 0 0
67250 5 4.5 10 0 0.007 0.066 0.01 0.992 0.434 236.384 5397 247.864 9371.053 0 0
67250 6 4.5 10 0 0.007 0.066 0.01 0.992 0.434 228.309 2499 243.252 6957.093 0 0
67250 7 4.5 10 0 0.007 0.066 0.01 0.992 0.434 224.704 2674 242.644 5833.76 0 0
67250 8 4.5 10 0 0.007 0.066 0.01 0.992 0.434 231.682 3915 246.366 7273.22 0 0
67250 9 4.5 10 0 0.007 0.066 0.01 0.992 0.434 239.089 4770 247.144 8664.527 0 0
67250 1 4.5 10 0 0.068 0.298 0.432 0.989 0.165 176.501 4 197.12 528.367 0 0.08
67250 2 4.5 10 0 0.068 0.298 0.432 0.989 0.165 166.708 3 190.878 518.947 0 0.127
67250 3 4.5 10 0 0.068 0.298 0.432 0.989 0.165 177.208 7 203.711 485.44 0 0.107
67250 4 4.5 10 0 0.068 0.298 0.432 0.989 0.165 154.33 4 174.769 329.527 0 0.007
67250 5 4.5 10 0 0.068 0.298 0.432 0.989 0.165 181.881 17 220.108 729.053 0 0
67250 6 4.5 10 0 0.068 0.298 0.432 0.989 0.165 158.185 5 191.113 350.527 0 0.18
67250 7 4.5 10 0 0.068 0.298 0.432 0.989 0.165 171.021 3 209.574 681.327 0 0.033
67250 8 4.5 10 0 0.068 0.298 0.432 0.989 0.165 127.439 1 160.121 319.693 0 0.227
67250 9 4.5 10 0 0.068 0.298 0.432 0.989 0.165 157.793 2 180.148 512.74 0 0.093
67250 10 4.5 10 0 0.068 0.298 0.432 0.989 0.165 178.835 3 199.518 665.667 0 0.107
67250 1 4.5 10 0 0.083 0.073 0.155 0.763 0.117 219.543 383 236.12 2825.127 0 0
67250 2 4.5 10 0 0.083 0.073 0.155 0.763 0.117 225.836 1097 245.209 5174.973 0 0
67250 3 4.5 10 0 0.083 0.073 0.155 0.763 0.117 201.151 332 215.95 2475.3 0 0
67250 4 4.5 10 0 0.083 0.073 0.155 0.763 0.117 209.234 215 233.81 3881.413 0 0
67250 5 4.5 10 0 0.083 0.073 0.155 0.763 0.117 199.432 76 236.755 3570.967 0 0
67250 6 4.5 10 0 0.083 0.073 0.155 0.763 0.117 223.254 446 235.313 3069.333 0 0
67250 7 4.5 10 0 0.083 0.073 0.155 0.763 0.117 215.584 877 238.054 3672.64 0 0
67250 8 4.5 10 0 0.083 0.073 0.155 0.763 0.117 192.126 91 230.616 3100.153 0 0
67250 9 4.5 10 0 0.083 0.073 0.155 0.763 0.117 213.605 1193 235.474 3374.013 0 0
67250 10 4.5 10 0 0.083 0.073 0.155 0.763 0.117 217.377 208 237.682 3930.74 0 0
67250 1 4.5 10 0 0.065 0.293 0.188 0.867 0.568 142.61 1 161.224 240.067 0 0.233
67250 2 4.5 10 0 0.065 0.293 0.188 0.867 0.568 168.136 4 196.468 311.927 0 0.2
67250 3 4.5 10 0 0.065 0.293 0.188 0.867 0.568 118.528 1 151.858 233.313 0 0.213
67250 4 4.5 10 0 0.065 0.293 0.188 0.867 0.568 93.884 4 111.41 100.373 0 0.28
67250 5 4.5 10 0 0.065 0.293 0.188 0.867 0.568 138.847 5 154.272 283.4 0 0.047
67250 6 4.5 10 0 0.065 0.293 0.188 0.867 0.568 124.466 2 150.301 147.227 0 0.247
67250 7 4.5 10 0 0.065 0.293 0.188 0.867 0.568 124.016 2 141.982 145.673 0 0.333
67250 8 4.5 10 0 0.065 0.293 0.188 0.867 0.568 153.229 1 172.294 156.333 0 0.34
67250 9 4.5 10 0 0.065 0.293 0.188 0.867 0.568 162.925 1 189.836 362.76 0 0.207
67250 10 4.5 10 0 0.065 0.293 0.188 0.867 0.568 135.139 1 157.159 147.32 0 0.26
67250 1 4.5 10 0 0.106 0.035 0.139 0.839 0.13 130.677 0 167.741 38.627 0 0.5
67250 2 4.5 10 0 0.106 0.035 0.139 0.839 0.13 119.345 0 134.214 61.367 0 0.48
67250 3 4.5 10 0 0.106 0.035 0.139 0.839 0.13 121.859 0 134.928 70.953 0 0.44
67250 4 4.5 10 0 0.106 0.035 0.139 0.839 0.13 165.338 0 187.206 65.173 0 0.587
67250 5 4.5 10 0 0.106 0.035 0.139 0.839 0.13 142.625 0 156.582 58.133 0 0.493
67250 6 4.5 10 0 0.106 0.035 0.139 0.839 0.13 115.841 0 136.207 43.267 0 0.5
67250 7 4.5 10 0 0.106 0.035 0.139 0.839 0.13 120.657 0 148.559 55.847 0 0.507
67250 8 4.5 10 0 0.106 0.035 0.139 0.839 0.13 141.239 0 182.759 56.773 0 0.527
67250 9 4.5 10 0 0.106 0.035 0.139 0.839 0.13 142.034 0 154.995 38.007 0 0.573
67250 10 4.5 10 0 0.106 0.035 0.139 0.839 0.13 125.202 0 144.185 44.853 0 0.427
67250 1 4.5 10 0 0.082 0.101 0.101 0.894 0.779 149.313 1 165.897 44.92 0 0.58
67250 2 4.5 10 0 0.082 0.101 0.101 0.894 0.779 128.364 0 151.994 41.02 0 0.527
67250 3 4.5 10 0 0.082 0.101 0.101 0.894 0.779 153.911 0 171.796 53.933 0 0.56
67250 4 4.5 10 0 0.082 0.101 0.101 0.894 0.779 142.94 0 162.054 51.92 0 0.507
67250 5 4.5 10 0 0.082 0.101 0.101 0.894 0.779 146.24 0 173.091 52.413 0 0.527
67250 6 4.5 10 0 0.082 0.101 0.101 0.894 0.779 145.521 0 172.907 43.967 0 0.6
67250 7 4.5 10 0 0.082 0.101 0.101 0.894 0.779 154.15 0 178.105 47.753 0 0.527
67250 8 4.5 10 0 0.082 0.101 0.101 0.894 0.779 123.332 0 150.067 49.6 0 0.527
67250 9 4.5 10 0 0.082 0.101 0.101 0.894 0.779 151.887 0 174.508 46.567 0 0.58
67250 10 4.5 10 0 0.082 0.101 0.101 0.894 0.779 137.135 0 158.347 56.7 0 0.54
67250 1 4.5 10 0 0.088 0.434 0.109 0.776 0.638 212.892 16 227.807 1259.427 0 0
67250 2 4.5 10 0 0.088 0.434 0.109 0.776 0.638 203.719 62 229.793 2255.133 0 0
67250 3 4.5 10 0 0.088 0.434 0.109 0.776 0.638 189.058 30 205.22 1271.893 0 0
67250 4 4.5 10 0 0.088 0.434 0.109 0.776 0.638 171.358 129 197.015 1623.94 0 0
67250 5 4.5 10 0 0.088 0.434 0.109 0.776 0.638 178.11 8 205.779 472.707 0 0.04
67250 6 4.5 10 0 0.088 0.434 0.109 0.776 0.638 200.204 34 220.007 1503.993 0 0
67250 7 4.5 10 0 0.088 0.434 0.109 0.776 0.638 196.353 90 217.456 2062.927 0 0
67250 8 4.5 10 0 0.088 0.434 0.109 0.776 0.638 201.984 19 223.115 1006.013 0 0
67250 9 4.5 10 0 0.088 0.434 0.109 0.776 0.638 178.932 8 216.754 1144.513 0 0.013
67250 1 4 9 1 0.078 0.182 0.39 0.988 0.487 143.952 0 171.453 42.24 0 0.56
67250 2 4 9 1 0.078 0.182 0.39 0.988 0.487 127.211 0 149.596 53.173 0 0.547
67250 3 4 9 1 0.078 0.182 0.39 0.988 0.487 165.072 1 186.974 43 0 0.58
67250 4 4 9 1 0.078 0.182 0.39 0.988 0.487 129.119 0 147.467 44.247 0 0.487
67250 5 4 9 1 0.078 0.182 0.39 0.988 0.487 156.053 0 172.756 52.747 0 0.46
67250 6 4 9 1 0.078 0.182 0.39 0.988 0.487 0 0 0 0 1 1
67250 7 4 9 1 0.078 0.182 0.39 0.988 0.487 145.618 0 165.158 48.007 0 0.633
67250 8 4 9 1 0.078 0.182 0.39 0.988 0.487 146.98 0 167.774 40.813 0 0.673
67250 9 4 9 1 0.078 0.182 0.39 0.988 0.487 152.779 0 171.766 38.293 0 0.54
67250 10 4 9 1 0.078 0.182 0.39 0.988 0.487 139.756 0 166.277 46.547 0 0.507
67250 1 4 9 1 0.093 0.109 0.169 0.785 0.632 137.929 0 167.349 49.833 0 0.607
67250 2 4 9 1 0.093 0.109 0.169 0.785 0.632 146.904 0 164.709 49.213 0 0.5
67250 3 4 9 1 0.093 0.109 0.169 0.785 0.632 138.443 0 171.635 37.36 0 0.513
67250 4 4 9 1 0.093 0.109 0.169 0.785 0.632 149.675 0 180.547 42.42 0 0.553
67250 5 4 9 1 0.093 0.109 0.169 0.785 0.632 135.527 0 153.457 32.987 0 0.62
67250 6 4 9 1 0.093 0.109 0.169 0.785 0.632 160.513 0 181.769 48.193 0 0.54
67250 7 4 9 1 0.093 0.109 0.169 0.785 0.632 141.046 1 166.183 44.567 0 0.567
67250 8 4 9 1 0.093 0.109 0.169 0.785 0.632 142.792 0 172.845 46.853 0 0.513
67250 9 4 9 1 0.093 0.109 0.169 0.785 0.632 143.852 0 176.208 46.1 0 0.573
67250 10 4 9 1 0.093 0.109 0.169 0.785 0.632 137.947 0 159.757 47.293 0 0.553
67250 1 4 9 1 0.026 0.141 0.109 0.767 0.287 242.221 6350 249.212 8608.18 0 0
67250 2 4 9 1 0.026 0.141 0.109 0.767 0.287 247.722 6127 249.784 8611.727 0 0
67250 3 4 9 1 0.026 0.141 0.109 0.767 0.287 245.845 6677 249.682 8151.147 0 0
67250 4 4 9 1 0.026 0.141 0.109 0.767 0.287 247.319 6533 249.779 8026.333 0 0
67250 5 4 9 1 0.026 0.141 0.109 0.767 0.287 248.244 6699 249.853 8869.913 0 0
67250 6 4 9 1 0.026 0.141 0.109 0.767 0.287 249 7701 249.929 9127.4 0 0
67250 7 4 9 1 0.026 0.141 0.109 0.767 0.287 247.733 6904 249.866 8525.607 0 0
67250 8 4 9 1 0.026 0.141 0.109 0.767 0.287 248.295 7143 249.823 8631.953 0 0
67250 9 4 9 1 0.026 0.141 0.109 0.767 0.287 242.309 6023 249.203 7955.9 0 0
67250 10 4 9 1 0.026 0.141 0.109 0.767 0.287 248.696 6959 249.89 8287.88 0 0
67250 1 4 9 1 0.077 0.26 0.315 0.802 0.29 236.942 2836 242.653 4902.907 0 0
67250 2 4 9 1 0.077 0.26 0.315 0.802 0.29 231.149 2413 242.306 3829.16 0 0
67250 3 4 9 1 0.077 0.26 0.315 0.802 0.29 243.963 3147 248.759 5371.24 0 0
67250 4 4 9 1 0.077 0.26 0.315 0.802 0.29 240.433 3914 248.223 5586.5 0 0
67250 5 4 9 1 0.077 0.26 0.315 0.802 0.29 242.471 3470 247.959 5411.993 0 0
67250 6 4 9 1 0.077 0.26 0.315 0.802 0.29 240.057 2373 245.754 4230.58 0 0
67250 7 4 9 1 0.077 0.26 0.315 0.802 0.29 236.834 2529 244.631 4065.847 0 0
67250 8 4 9 1 0.077 0.26 0.315 0.802 0.29 232.405 2740 240.543 4375.413 0 0
67250 9 4 9 1 0.077 0.26 0.315 0.802 0.29 236.647 2298 245.332 4253.693 0 0
67250 10 4 9 1 0.077 0.26 0.315 0.802 0.29 241.455 3634 247.286 5289.993 0 0
67250 1 4 9 1 0.095 0.126 0.463 0.883 0.08 228.587 2005 236.238 3194.373 0 0
67250 2 4 9 1 0.095 0.126 0.463 0.883 0.08 234.206 1057 244.958 3145.733 0 0
67250 3 4 9 1 0.095 0.126 0.463 0.883 0.08 237.282 1314 244.136 3364.9 0 0
67250 4 4 9 1 0.095 0.126 0.463 0.883 0.08 227.123 2111 234.489 3542.047 0 0
67250 1 4 5 1 0.064 0.426 0.209 0.831 0.931 125.858 1 146.503 51.687 0 0.48
67250 2 4 5 1 0.064 0.426 0.209 0.831 0.931 125.484 0 150.768 36.5 0 0.54
67250 3 4 5 1 0.064 0.426 0.209 0.831 0.931 45.1 0 53.382 4.84 0 0.8
67250 4 4 5 1 0.064 0.426 0.209 0.831 0.931 100.795 0 124.295 38.42 0 0.487
67250 5 4 5 1 0.064 0.426 0.209 0.831 0.931 112.463 0 127.724 40.4 0 0.56
67250 6 4 5 1 0.064 0.426 0.209 0.831 0.931 126.529 0 143.612 47.953 0 0.467
67250 7 4 5 1 0.064 0.426 0.209 0.831 0.931 121.674 0 133.86 41.047 0 0.467
67250 8 4 5 1 0.064 0.426 0.209 0.831 0.931 111.442 0 125.512 29.04 0 0.54
67250 9 4 5 1 0.064 0.426 0.209 0.831 0.931 129.442 0 152.641 44.167 0 0.527
67250 10 4 5 1 0.064 0.426 0.209 0.831 0.931 0 0 0 0 1 1
67250 1 4 5 1 0.065 0.125 0.394 0.858 0.839 103.159 1 137.179 48.027 0 0.42
67250 2 4 5 1 0.065 0.125 0.394 0.858 0.839 118.417 0 146.185 42.28 0 0.513
67250 3 4 5 1 0.065 0.125 0.394 0.858 0.839 124.262 1 137.909 33.413 0 0.667
67250 4 4 5 1 0.065 0.125 0.394 0.858 0.839 109.683 0 140.756 40.667 0 0.647
67250 5 4 5 1 0.065 0.125 0.394 0.858 0.839 120.945 0 140.959 44.333 0 0.42
67250 6 4 5 1 0.065 0.125 0.394 0.858 0.839 121.303 0 138.09 44.36 0 0.5
67250 7 4 5 1 0.065 0.125 0.394 0.858 0.839 119.005 0 136.133 42.427 0 0.407
67250 8 4 5 1 0.065 0.125 0.394 0.858 0.839 130.393 0 165.601 49.507 0 0.6
67250 9 4 5 1 0.065 0.125 0.394 0.858 0.839 114.347 1 136.31 46.393 0 0.533
67250 10 4 5 1 0.065 0.125 0.394 0.858 0.839 95.322 1 133.69 59.733 0 0.273
67250 1 4 5 1 0.043 0.292 0.33 0.828 0.812 0 0 0 0 1 1
67250 2 4 5 1 0.043 0.292 0.33 0.828 0.812 118.696 1 142.499 46.64 0 0.607
67250 3 4 5 1 0.043 0.292 0.33 0.828 0.812 114.145 0 132.315 45.88 0 0.48
67250 4 4 5 1 0.043 0.292 0.33 0.828 0.812 122.264 0 150.965 40.82 0 0.52
67250 5 4 5 1 0.043 0.292 0.33 0.828 0.812 81.743 0 105.271 34.487 0 0.347
67250 6 4 5 1 0.043 0.292 0.33 0.828 0.812 135.074 0 155.254 35.567 0 0.607
67250 7 4 5 1 0.043 0.292 0.33 0.828 0.812 0 0 0 0 1 1
67250 8 4 5 1 0.043 0.292 0.33 0.828 0.812 108.341 0 124.982 40.353 0 0.493
67250 9 4 5 1 0.043 0.292 0.33 0.828 0.812 129.328 0 146.441 53.687 0 0.44
67250 10 4 5 1 0.043 0.292 0.33 0.828 0.812 66.909 1 78.776 23.76 0 0.593
67250 1 4 5 1 0.108 0.35 0.469 0.814 0.403 99.638 108 105.717 311.027 0 0
67250 2 4 5 1 0.108 0.35 0.469 0.814 0.403 106.702 161 120.949 470.187 0 0
67250 3 4 5 1 0.108 0.35 0.469 0.814 0.403 63.853 16 73.517 172.933 0 0
67250 4 4 5 1 0.108 0.35 0.469 0.814 0.403 103.658 236 110.108 433.52 0 0
67250 5 4 5 1 0.108 0.35 0.469 0.814 0.403 86.132 75 96.231 320.18 0 0
67250 6 4 5 1 0.108 0.35 0.469 0.814 0.403 83.739 127 90.247 335.513 0 0
67250 7 4 5 1 0.108 0.35 0.469 0.814 0.403 77.92 107 83.561 240.04 0 0
67250 8 4 5 1 0.108 0.35 0.469 0.814 0.403 86.924 57 92.473 223.313 0 0
67250 9 4 5 1 0.108 0.35 0.469 0.814 0.403 82.84 124 90.373 422.847 0 0
67250 10 4 5 1 0.108 0.35 0.469 0.814 0.403 81.758 50 85.124 231.373 0 0
67250 1 4 5 1 0.039 0.151 0.261 0.759 0.522 75.413 16 85.808 361.087 0 0
67250 2 4 5 1 0.039 0.151 0.261 0.759 0.522 70.346 45 83.364 280.293 0 0
67250 3 4 5 1 0.039 0.151 0.261 0.759 0.522 85.921 34 94.047 302.113 0 0
67250 4 4 5 1 0.039 0.151 0.261 0.759 0.522 65.413 98 74.18 264 0 0
67250 5 4 5 1 0.039 0.151 0.261 0.759 0.522 67.181 3 82.655 136.033 0 0.113
67250 6 4 5 1 0.039 0.151 0.261 0.759 0.522 44.718 3 53.408 146 0 0.113
67250 7 4 5 1 0.039 0.151 0.261 0.759 0.522 58.907 2 77.688 80.38 0 0.08
67250 8 4 5 1 0.039 0.151 0.261 0.759 0.522 77.774 138 84.634 362.453 0 0
67250 9 4 5 1 0.039 0.151 0.261 0.759 0.522 77.116 76 88.577 397.833 0 0
67250 10 4 5 1 0.039 0.151 0.261 0.759 0.522 90.879 57 98.993 440.393 0 0
67250 1 4 5 1 0.031 0.384 0.176 0.855 0.905 63.346 1 72.998 24.48 0 0.42
67250 2 4 5 1 0.031 0.384 0.176 0.855 0.905 114.228 0 130.683 35.727 0 0.507
67250 3 4 5 1 0.031 0.384 0.176 0.855 0.905 115.808 0 140.487 35.773 0 0.533
67250 4 4 5 1 0.031 0.384 0.176 0.855 0.905 118.463 0 140.544 40.587 0 0.6
67250 5 4 5 1 0.031 0.384 0.176 0.855 0.905 84.313 0 92.643 32.247 0 0.507
67250 6 4 5 1 0.031 0.384 0.176 0.855 0.905 70.797 0 82.037 27.793 0 0.46
67250 7 4 5 1 0.031 0.384 0.176 0.855 0.905 122.205 0 143.218 43.813 0 0.613
67250 8 4 5 1 0.031 0.384 0.176 0.855 0.905 59.418 0 76.566 25.013 0 0.467
67250 9 4 5 1 0.031 0.384 0.176 0.855 0.905 0 0 0 0 1 1
67250 10 4 5 1 0.031 0.384 0.176 0.855 0.905 136.471 0 156.302 47.32 0 0.54
67250 1 4 5 1 0.004 0.183 0.131 0.842 0.314 248.739 7998 249.875 9059.253 0 0
67250 2 4 5 1 0.004 0.183 0.131 0.842 0.314 248.198 7655 249.908 9077.32 0 0
67250 3 4 5 1 0.004 0.183 0.131 0.842 0.314 248.44 6966 249.909 8807.593 0 0
67250 4 4 5 1 0.004 0.183 0.131 0.842 0.314 247.782 5946 249.772 8293.713 0 0
67250 5 4 5 1 0.004 0.183 0.131 0.842 0.314 247.944 6963 249.903 8765.66 0 0
67250 6 4 5 1 0.004 0.183 0.131 0.842 0.314 247 6179 249.769 8925.547 0 0
67250 7 4 5 1 0.004 0.183 0.131 0.842 0.314 242.083 6112 249.179 8201.547 0 0
67250 8 4 5 1 0.004 0.183 0.131 0.842 0.314 246.275 5892 249.573 7860.573 0 0
67250 1 4.5 6 1 0.116 0.127 0.086 0.851 0.804 137.855 0 155.002 52.673 0 0.533
67250 2 4.5 6 1 0.116 0.127 0.086 0.851 0.804 123.843 1 153.474 47.473 0 0.513
67250 3 4.5 6 1 0.116 0.127 0.086 0.851 0.804 131.564 0 146.501 54.247 0 0.54
67250 4 4.5 6 1 0.116 0.127 0.086 0.851 0.804 135.481 0 157.886 49.247 0 0.653
67250 5 4.5 6 1 0.116 0.127 0.086 0.851 0.804 129.346 0 156.699 45.18 0 0.527
67250 6 4.5 6 1 0.116 0.127 0.086 0.851 0.804 116.777 0 145.048 46.987 0 0.513
67250 7 4.5 6 1 0.116 0.127 0.086 0.851 0.804 127.158 0 152.331 41.94 0 0.547
67250 8 4.5 6 1 0.116 0.127 0.086 0.851 0.804 0 0 0 0 1 1
67250 9 4.5 6 1 0.116 0.127 0.086 0.851 0.804 147.724 1 190.416 60.14 0 0.527
67250 10 4.5 6 1 0.116 0.127 0.086 0.851 0.804 116.827 0 147.446 36.507 0 0.627
67250 1 4.5 6 1 0.074 0.019 0.27 0.91 0.352 136.062 0 168.199 44.1 0 0.487
67250 2 4.5 6 1 0.074 0.019 0.27 0.91 0.352 71.457 3 84.591 57.5 0 0.193
67250 3 4.5 6 1 0.074 0.019 0.27 0.91 0.352 139.37 0 160.382 56.993 0 0.54
67250 4 4.5 6 1 0.074 0.019 0.27 0.91 0.352 125.421 0 153.427 51.653 0 0.573
67250 5 4.5 6 1 0.074 0.019 0.27 0.91 0.352 141.252 1 161.7 56.247 0 0.5
67250 6 4.5 6 1 0.074 0.019 0.27 0.91 0.352 123.067 0 138.963 39.507 0 0.467
67250 7 4.5 6 1 0.074 0.019 0.27 0.91 0.352 123.294 0 144.566 44.36 0 0.5
67250 8 4.5 6 1 0.074 0.019 0.27 0.91 0.352 129.547 0 148.843 41.36 0 0.533
67250 9 4.5 6 1 0.074 0.019 0.27 0.91 0.352 132.389 0 149.124 47.34 0 0.453
67250 10 4.5 6 1 0.074 0.019 0.27 0.91 0.352 125.626 0 147.398 49.253 0 0.453
67250 1 4.5 6 1 0.077 0.355 0.318 0.923 0.843 0 0 0 0 1 1
67250 2 4.5 6 1 0.077 0.355 0.318 0.923 0.843 142.112 0 162.967 44.46 0 0.547
67250 3 4.5 6 1 0.077 0.355 0.318 0.923 0.843 112.079 0 134.933 53.9 0 0.347
67250 4 4.5 6 1 0.077 0.355 0.318 0.923 0.843 135.251 0 152.975 48.733 0 0.56
67250 5 4.5 6 1 0.077 0.355 0.318 0.923 0.843 136.603 0 158.483 47.747 0 0.467
67250 6 4.5 6 1 0.077 0.355 0.318 0.923 0.843 139.642 1 160.956 56.773 0 0.447
67250 7 4.5 6 1 0.077 0.355 0.318 0.923 0.843 131.375 0 147.69 46.107 0 0.54
67250 8 4.5 6 1 0.077 0.355 0.318 0.923 0.843 121.874 0 147.432 53.933 0 0.453
67250 9 4.5 6 1 0.077 0.355 0.318 0.923 0.843 140.446 1 167.921 39.153 0 0.62
67250 10 4.5 6 1 0.077 0.355 0.318 0.923 0.843 138.529 0 150.834 41.72 0 0.573
67250 1 4.5 6 1 0.1 0.388 0.476 0.909 0.411 82.436 53 92.586 341.627 0 0
67250 2 4.5 6 1 0.1 0.388 0.476 0.909 0.411 91.296 109 99.234 388.02 0 0
67250 3 4.5 6 1 0.1 0.388 0.476 0.909 0.411 75.965 9 82.393 221.86 0 0.007
67250 4 4.5 6 1 0.1 0.388 0.476 0.909 0.411 69.022 46 88.715 234.333 0 0
67250 5 4.5 6 1 0.1 0.388 0.476 0.909 0.411 97.882 4 104.359 247.533 0 0.033
67250 6 4.5 6 1 0.1 0.388 0.476 0.909 0.411 58.437 2 71.394 137.88 0 0.14
67250 7 4.5 6 1 0.1 0.388 0.476 0.909 0.411 98.312 114 106.253 491.56 0 0
67250 8 4.5 6 1 0.1 0.388 0.476 0.909 0.411 97.859 38 112.193 305.52 0 0
67250 9 4.5 6 1 0.1 0.388 0.476 0.909 0.411 83.362 66 97.825 301.027 0 0
67250 10 4.5 6 1 0.1 0.388 0.476 0.909 0.411 100.046 174 107.618 363.113 0 0
67250 1 4.5 6 1 0.024 0.408 0.315 0.973 0.152 246.59 6547 249.469 7830.52 0 0
67250 2 4.5 6 1 0.024 0.408 0.315 0.973 0.152 244.05 5480 249.164 7420.86 0 0
67250 3 4.5 6 1 0.024 0.408 0.315 0.973 0.152 247.947 6077 249.848 8576.82 0 0
67250 4 4.5 6 1 0.024 0.408 0.315 0.973 0.152 244.892 5928 249.148 7935.42 0 0
67250 5 4.5 6 1 0.024 0.408 0.315 0.973 0.152 242.835 4635 249.39 6951.587 0 0
67250 6 4.5 6 1 0.024 0.408 0.315 0.973 0.152 248.05 6597 249.832 8357.113 0 0
67250 7 4.5 6 1 0.024 0.408 0.315 0.973 0.152 246 4346 249.309 7607.147 0 0
67250 8 4.5 6 1 0.024 0.408 0.315 0.973 0.152 246.095 5994 249.536 8292.687 0 0
67250 9 4.5 6 1 0.024 0.408 0.315 0.973 0.152 247 7705 249.7 9390.26 0 0
67250 10 4.5 6 1 0.024 0.408 0.315 0.973 0.152 247.148 6293 249.641 8233.107 0 0
67250 1 4.5 6 1 0.101 0.209 0.139 0.994 0.66 105.219 77 117.346 492.847 0 0
67250 2 4.5 6 1 0.101 0.209 0.139 0.994 0.66 110.016 152 117.586 404.533 0 0
67250 3 4.5 6 1 0.101 0.209 0.139 0.994 0.66 100.945 121 116.311 325.373 0 0
67250 4 4.5 6 1 0.101 0.209 0.139 0.994 0.66 107.762 48 113.13 305.333 0 0
67250 5 4.5 6 1 0.101 0.209 0.139 0.994 0.66 102.151 48 111.331 346.327 0 0
67250 6 4.5 6 1 0.101 0.209 0.139 0.994 0.66 122.859 164 130.249 552.273 0 0
67250 7 4.5 6 1 0.101 0.209 0.139 0.994 0.66 102.44 6 110.85 364.793 0 0.027
67250 8 4.5 6 1 0.101 0.209 0.139 0.994 0.66 124.649 108 135.163 473.587 0 0
67250 9 4.5 6 1 0.101 0.209 0.139 0.994 0.66 110.617 96 119.81 299.973 0 0
67250 10 4.5 6 1 0.101 0.209 0.139 0.994 0.66 107.582 140 117.418 341.053 0 0
67250 1 4.5 6 1 0.055 0.446 0.241 0.815 0.055 249.053 10315 249.978 11539.007 0 0
67250 2 4.5 6 1 0.055 0.446 0.241 0.815 0.055 248 10351 249.939 11381.353 0 0
67250 3 4.5 6 1 0.055 0.446 0.241 0.815 0.055 249.338 10000 249.995 10809.613 0 0
67250 4 4.5 6 1 0.055 0.446 0.241 0.815 0.055 249.516 8825 249.989 10195.24 0 0
67250 5 4.5 6 1 0.055 0.446 0.241 0.815 0.055 246.635 8065 249.837 10570.467 0 0
67250 6 4.5 6 1 0.055 0.446 0.241 0.815 0.055 249.653 10035 249.993 10923.727 0 0
67250 7 4.5 6 1 0.055 0.446 0.241 0.815 0.055 249 9588 249.961 10888.293 0 0
67250 8 4.5 6 1 0.055 0.446 0.241 0.815 0.055 249.865 9206 249.999 10508.773 0 0
67250 9 4.5 6 1 0.055 0.446 0.241 0.815 0.055 249.824 9743 249.998 10855.1 0 0
67250 10 4.5 6 1 0.055 0.446 0.241 0.815 0.055 249.61 9454 249.991 10408.407 0 0
67250 1 4.5 6 1 0.064 0.384 0.256 0.752 0.757 128.457 0 140.305 41.607 0 0.567
67250 2 4.5 6 1 0.064 0.384 0.256 0.752 0.757 73.197 2 81.125 52.48 0 0.193
67250 1 3.5 7 0 0.035 0.216 0.254 0.963 0.96 154.475 0 180.161 57.247 0 0.44
67250 2 3.5 7 0 0.035 0.216 0.254 0.963 0.96 123.96 0 158.878 44.56 0 0.46
67250 3 3.5 7 0 0.035 0.216 0.254 0.963 0.96 135.032 0 155.996 43.6 0 0.46
67250 4 3.5 7 0 0.035 0.216 0.254 0.963 0.96 135.384 1 158.316 38.353 0 0.493
67250 5 3.5 7 0 0.035 0.216 0.254 0.963 0.96 130.094 1 152.839 36.567 0 0.553
67250 6 3.5 7 0 0.035 0.216 0.254 0.963 0.96 133.643 0 156.771 38.2 0 0.627
67250 7 3.5 7 0 0.035 0.216 0.254 0.963 0.96 126.143 0 147.889 42.253 0 0.493
67250 8 3.5 7 0 0.035 0.216 0.254 0.963 0.96 117.547 0 129.499 25.207 0 0.48
67250 9 3.5 7 0 0.035 0.216 0.254 0.963 0.96 0 0 0 0 1 1
67250 10 3.5 7 0 0.035 0.216 0.254 0.963 0.96 123.29 0 144.643 40.9 0 0.547
67250 1 3.5 7 0 0.003 0.475 0.064 0.912 0.702 197.625 25 224.296 1153.307 0 0
67250 2 3.5 7 0 0.003 0.475 0.064 0.912 0.702 210.672 418 233.992 1944.58 0 0
67250 3 3.5 7 0 0.003 0.475 0.064 0.912 0.702 171.292 9 220.836 2009.893 0 0.007
67250 4 3.5 7 0 0.003 0.475 0.064 0.912 0.702 185.318 23 218.516 1058.073 0 0
67250 5 3.5 7 0 0.003 0.475 0.064 0.912 0.702 217.322 121 232.011 1337.967 0 0
67250 6 3.5 7 0 0.003 0.475 0.064 0.912 0.702 210.965 155 222.228 1409.693 0 0
67250 7 3.5 7 0 0.003 0.475 0.064 0.912 0.702 180.498 199 209.647 1292.633 0 0
67250 8 3.5 7 0 0.003 0.475 0.064 0.912 0.702 174.407 83 213.105 1060.973 0 0
67250 9 3.5 7 0 0.003 0.475 0.064 0.912 0.702 206.308 567 222.042 1597.247 0 0
67250 10 3.5 7 0 0.003 0.475 0.064 0.912 0.702 227.954 295 236.653 2003.133 0 0
67250 1 3.5 7 0 0.019 0.328 0.364 0.954 0.016 235.086 3726 245.539 5873.473 0 0
67250 2 3.5 7 0 0.019 0.328 0.364 0.954 0.016 233.608 1589 246.243 6205.78 0 0
67250 3 3.5 7 0 0.019 0.328 0.364 0.954 0.016 236.009 1331 245.435 4527.727 0 0
67250 4 3.5 7 0 0.019 0.328 0.364 0.954 0.016 228.692 2969 243.544 4984.767 0 0
67250 5 3.5 7 0 0.019 0.328 0.364 0.954 0.016 243.211 4077 248.805 6964.84 0 0
67250 6 3.5 7 0 0.019 0.328 0.364 0.954 0.016 217.797 407 238.792 4685.813 0 0
67250 7 3.5 7 0 0.019 0.328 0.364 0.954 0.016 219.991 3197 243.565 5332.807 0 0
67250 8 3.5 7 0 0.019 0.328 0.364 0.954 0.016 237.155 2782 246.7 5357.527 0 0
67250 9 3.5 7 0 0.019 0.328 0.364 0.954 0.016 239.454 3433 246.861 6831.96 0 0
67250 10 3.5 7 0 0.019 0.328 0.364 0.954 0.016 237.457 351 247.712 5998.64 0 0
67250 1 3.5 7 0 0.096 0.092 0.437 0.994 0.404 149.831 0 166.692 41.92 0 0.5
67250 2 3.5 7 0 0.096 0.092 0.437 0.994 0.404 136.152 0 155.651 47.98 0 0.507
67250 3 3.5 7 0 0.096 0.092 0.437 0.994 0.404 149.89 1 169.891 47.06 0 0.487
67250 4 3.5 7 0 0.096 0.092 0.437 0.994 0.404 133.973 0 154.478 33.38 0 0.573
67250 5 3.5 7 0 0.096 0.092 0.437 0.994 0.404 121.749 0 136.11 35.067 0 0.46
67250 6 3.5 7 0 0.096 0.092 0.437 0.994 0.404 144.16 0 166.623 45.953 0 0.567
67250 7 3.5 7 0 0.096 0.092 0.437 0.994 0.404 92.163 0 99.354 19.833 0 0.527
67250 8 3.5 7 0 0.096 0.092 0.437 0.994 0.404 146.756 0 163.348 52.34 0 0.433
67250 9 3.5 7 0 0.096 0.092 0.437 0.994 0.404 138.732 0 167.137 42.207 0 0.6
67250 10 3.5 7 0 0.096 0.092 0.437 0.994 0.404 137.164 0 152.997 32.84 0 0.553
67250 1 3.5 7 0 0.011 0.489 0.326 0.912 0.407 103.715 6 116.472 225.247 0 0.12
67250 2 3.5 7 0 0.011 0.489 0.326 0.912 0.407 71.992 1 89.402 188.82 0 0.153
67250 3 3.5 7 0 0.011 0.489 0.326 0.912 0.407 98.489 5 118.569 164.98 0 0.093
67250 4 3.5 7 0 0.011 0.489 0.326 0.912 0.407 95.637 4 114.373 163.36 0 0.073
67250 5 3.5 7 0 0.011 0.489 0.326 0.912 0.407 97.414 8 119.175 225.8 0 0.04
67250 6 3.5 7 0 0.011 0.489 0.326 0.912 0.407 97.169 6 109.729 295.313 0 0.047
67250 7 3.5 7 0 0.011 0.489 0.326 0.912 0.407 135.861 3 158.573 292.273 0 0.133
67250 8 3.5 7 0 0.011 0.489 0.326 0.912 0.407 93.904 3 115.375 441.14 0 0.12
67250 9 3.5 7 0 0.011 0.489 0.326 0.912 0.407 101.782 3 113.033 209.373 0 0.18
67250 10 3.5 7 0 0.011 0.489 0.326 0.912 0.407 119.716 3 137.096 229.887 0 0.033
67250 1 3.5 7 0 0.008 0.497 0.373 0.803 0.27 173.324 25 207.561 1407.553 0 0
67250 2 3.5 7 0 0.008 0.497 0.373 0.803 0.27 171.135 8 212.42 615.847 0 0.013
67250 3 3.5 7 0 0.008 0.497 0.373 0.803 0.27 206.594 175 222.155 2408.94 0 0
67250 4 3.5 7 0 0.008 0.497 0.373 0.803 0.27 185.293 16 215.762 954.787 0 0
67250 5 3.5 7 0 0.008 0.497 0.373 0.803 0.27 210.522 11 227.733 1238.213 0 0
67250 6 3.5 7 0 0.008 0.497 0.373 0.803 0.27 169.385 16 201.756 870.747 0 0
67250 7 3.5 7 0 0.008 0.497 0.373 0.803 0.27 195.647 15 226.426 1317.86 0 0
67250 8 3.5 7 0 0.008 0.497 0.373 0.803 0.27 179.656 21 222.3 1391.593 0 0
67250 9 3.5 7 0 0.008 0.497 0.373 0.803 0.27 202.236 43 227.94 1711.967 0 0
67250 10 3.5 7 0 0.008 0.497 0.373 0.803 0.27 157.032 10 188.068 1107.84 0 0
67250 1 3.5 7 0 0.089 0.303 0.011 0.833 0.524 236.38 3338 246.584 5709.573 0 0
67250 2 3.5 7 0 0.089 0.303 0.011 0.833 0.524 232.715 3576 246.002 5230.06 0 0
67250 3 3.5 7 0 0.089 0.303 0.011 0.833 0.524 240.392 3240 247.793 5692.82 0 0
67250 4 3.5 7 0 0.089 0.303 0.011 0.833 0.524 234.879 3021 245.26 5017.1 0 0
67250 5 3.5 7 0 0.089 0.303 0.011 0.833 0.524 214.409 477 242.678 4783.467 0 0
67250 6 3.5 7 0 0.089 0.303 0.011 0.833 0.524 242.264 4871 248.083 5898.473 0 0
67250 7 3.5 7 0 0.089 0.303 0.011 0.833 0.524 238.084 3183 245.767 4606.8 0 0
67250 8 3.5 7 0 0.089 0.303 0.011 0.833 0.524 231.374 2250 244.547 5154.313 0 0
67250 9 3.5 7 0 0.089 0.303 0.011 0.833 0.524 234.187 2355 243.503 4196 0 0
67250 10 3.5 7 0 0.089 0.303 0.011 0.833 0.524 233.929 1710 245.366 4545.307 0 0
67250 1 3.5 7 0 0.008 0.251 0.208 0.815 0.696 100.331 0 120.579 44.947 0 0.373
67250 2 3.5 7 0 0.008 0.251 0.208 0.815 0.696 129.352 0 143.416 34.973 0 0.527
67250 3 3.5 7 0 0.008 0.251 0.208 0.815 0.696 141.438 0 162.303 33.52 0 0.627
67250 4 3.5 7 0 0.008 0.251 0.208 0.815 0.696 138.408 0 156.562 48.173 0 0.487
67250 5 3.5 7 0 0.008 0.251 0.208 0.815 0.696 144.028 0 160.691 37.473 0 0.493
67250 6 3.5 7 0 0.008 0.251 0.208 0.815 0.696 129.553 0 148.809 43.313 0 0.507
67250 7 3.5 7 0 0.008 0.251 0.208 0.815 0.696 137.42 0 154.414 47.127 0 0.607
67250 1 3.5 5 0 0.065 0.243 0.113 0.826 0.026 240.827 6534 248.423 7985.493 0 0
67250 2 3.5 5 0 0.065 0.243 0.113 0.826 0.026 243.188 5079 249.046 7437.62 0 0
67250 3 3.5 5 0 0.065 0.243 0.113 0.826 0.026 238.653 6261 248.567 8535.993 0 0
67250 4 3.5 5 0 0.065 0.243 0.113 0.826 0.026 244.435 6224 249.053 8589.667 0 0
67250 5 3.5 5 0 0.065 0.243 0.113 0.826 0.026 240.996 4529 248.222 7910.047 0 0
67250 6 3.5 5 0 0.065 0.243 0.113 0.826 0.026 232.672 4069 247.507 7522.64 0 0
67250 7 3.5 5 0 0.065 0.243 0.113 0.826 0.026 249.653 7988 249.994 8579.493 0 0
67250 8 3.5 5 0 0.065 0.243 0.113 0.826 0.026 246.005 6747 249.295 8501.46 0 0
67250 9 3.5 5 0 0.065 0.243 0.113 0.826 0.026 242.865 5995 249.146 7983.673 0 0
67250 10 3.5 5 0 0.065 0.243 0.113 0.826 0.026 244.846 5098 248.411 6690.28 0 0
67250 1 3.5 5 0 0.077 0.47 0.349 0.979 0.111 204.969 521 242.655 4865.867 0 0
67250 2 3.5 5 0 0.077 0.47 0.349 0.979 0.111 217.193 1357 239.63 3745.333 0 0
67250 3 3.5 5 0 0.077 0.47 0.349 0.979 0.111 223.341 356 234.379 2949.533 0 0
67250 4 3.5 5 0 0.077 0.47 0.349 0.979 0.111 235.418 1856 244.711 3886.667 0 0
67250 5 3.5 5 0 0.077 0.47 0.349 0.979 0.111 226.237 689 242.363 4207.287 0 0
67250 6 3.5 5 0 0.077 0.47 0.349 0.979 0.111 232.017 3030 243.796 5466.387 0 0
67250 7 3.5 5 0 0.077 0.47 0.349 0.979 0.111 214.204 1284 237.382 3550.173 0 0
67250 8 3.5 5 0 0.077 0.47 0.349 0.979 0.111 207.686 147 235.536 2341.96 0 0
67250 9 3.5 5 0 0.077 0.47 0.349 0.979 0.111 211.741 269 235.205 2095.487 0 0
67250 10 3.5 5 0 0.077 0.47 0.349 0.979 0.111 209.558 117 240.535 4078.687 0 0
67250 1 3.5 5 0 0.038 0.36 0.378 0.771 0.361 106.946 6 116.836 317.66 0 0.02
67250 2 3.5 5 0 0.038 0.36 0.378 0.771 0.361 90.076 11 107.897 482.673 0 0
67250 3 3.5 5 0 0.038 0.36 0.378 0.771 0.361 101.753 9 122.097 525.893 0 0.007
67250 4 3.5 5 0 0.038 0.36 0.378 0.771 0.361 76.354 14 92.828 265.86 0 0
67250 5 3.5 5 0 0.038 0.36 0.378 0.771 0.361 90.732 7 102.15 358.56 0 0.067
67250 6 3.5 5 0 0.038 0.36 0.378 0.771 0.361 96.072 34 110.115 513.147 0 0
67250 7 3.5 5 0 0.038 0.36 0.378 0.771 0.361 111.641 24 123.957 368.093 0 0
67250 8 3.5 5 0 0.038 0.36 0.378 0.771 0.361 85.283 22 102.893 310.227 0 0
67250 9 3.5 5 0 0.038 0.36 0.378 0.771 0.361 82.714 23 97.288 261.18 0 0
67250 10 3.5 5 0 0.038 0.36 0.378 0.771 0.361 83.96 4 99.684 192.8 0 0.167
67250 1 3.5 5 0 0.005 0.431 0.312 0.849 0.822 127.72 1 142.254 39.533 0 0.56
67250 2 3.5 5 0 0.005 0.431 0.312 0.849 0.822 120.93 0 147.529 40 0 0.467
67250 3 3.5 5 0 0.005 0.431 0.312 0.849 0.822 103.401 0 120.038 23.687 0 0.58
67250 4 3.5 5 0 0.005 0.431 0.312 0.849 0.822 118.207 1 137.068 45.287 0 0.427
67250 5 3.5 5 0 0.005 0.431 0.312 0.849 0.822 122.499 0 141.613 38.96 0 0.6
67250 6 3.5 5 0 0.005 0.431 0.312 0.849 0.822 58.021 2 75.259 39.52 0 0.32
67250 7 3.5 5 0 0.005 0.431 0.312 0.849 0.822 0 0 0 0 1 1
67250 8 3.5 5 0 0.005 0.431 0.312 0.849 0.822 128.456 0 145.448 45.627 0 0.393
67250 9 3.5 5 0 0.005 0.431 0.312 0.849 0.822 112.563 0 130.422 62.113 0 0.4
67250 10 3.5 5 0 0.005 0.431 0.312 0.849 0.822 45.882 14 65.944 89.813 0 0
67250 1 3.5 5 0 0.102 0.159 0.018 0.891 0.183 244 6935 249.178 7914.993 0 0
67250 2 3.5 5 0 0.102 0.159 0.018 0.891 0.183 243 6455 248.786 7981.953 0 0
67250 3 3.5 5 0 0.102 0.159 0.018 0.891 0.183 239.54 5060 249.108 7706.627 0 0
67250 4 3.5 5 0 0.102 0.159 0.018 0.891 0.183 245.987 5532 249.569 6772.207 0 0
67250 5 3.5 5 0 0.102 0.159 0.018 0.891 0.183 237.732 4099 247.369 6788.967 0 0
67250 6 3.5 5 0 0.102 0.159 0.018 0.891 0.183 243.338 5661 249.151 7688.893 0 0
67250 7 3.5 5 0 0.102 0.159 0.018 0.891 0.183 240.685 5725 249.297 7480.44 0 0
67250 8 3.5 5 0 0.102 0.159 0.018 0.891 0.183 249.291 6957 249.976 8524.173 0 0
67250 9 3.5 5 0 0.102 0.159 0.018 0.891 0.183 243.255 6283 249.142 7782.933 0 0
67250 1 5 3 0 0.018 0.057 0.363 0.764 0.263 31.396 0 35.192 74.433 0 0.1
67250 2 5 3 0 0.018 0.057 0.363 0.764 0.263 34.935 5 44.153 70.72 0 0.187
67250 3 5 3 0 0.018 0.057 0.363 0.764 0.263 34.324 2 42.4 86.3 0 0.113
67250 4 5 3 0 0.018 0.057 0.363 0.764 0.263 38.543 4 46.485 155.773 0 0.1
67250 5 5 3 0 0.018 0.057 0.363 0.764 0.263 19.461 10 27.46 93.773 0 0
67250 6 5 3 0 0.018 0.057 0.363 0.764 0.263 0 0 0 0 1 1
67250 7 5 3 0 0.018 0.057 0.363 0.764 0.263 17.114 2 26.065 66.913 0 0.26
67250 8 5 3 0 0.018 0.057 0.363 0.764 0.263 35.413 6 42.676 107.853 0 0.14
67250 9 5 3 0 0.018 0.057 0.363 0.764 0.263 23.971 3 33.143 90.507 0 0.073
67250 10 5 3 0 0.018 0.057 0.363 0.764 0.263 35.57 3 42.655 105.54 0 0.233
67250 1 5 3 0 0.059 0.079 0.023 0.911 0.951 18.477 15 24.023 98.587 0 0
67250 2 5 3 0 0.059 0.079 0.023 0.911 0.951 24.132 7 29.145 75.553 0 0.073
67250 3 5 3 0 0.059 0.079 0.023 0.911 0.951 19.781 3 25.93 75.36 0 0.073
67250 4 5 3 0 0.059 0.079 0.023 0.911 0.951 22.644 3 27.383 77.76 0 0.153
67250 5 5 3 0 0.059 0.079 0.023 0.911 0.951 16.871 4 23.008 53.133 0 0.207
67250 6 5 3 0 0.059 0.079 0.023 0.911 0.951 16.534 1 26.189 57.487 0 0.173
67250 7 5 3 0 0.059 0.079 0.023 0.911 0.951 10.209 3 18.521 83.36 0 0.1
67250 8 5 3 0 0.059 0.079 0.023 0.911 0.951 11.623 4 16.09 52.953 0 0.087
67250 9 5 3 0 0.059 0.079 0.023 0.911 0.951 20.653 4 25.873 99.3 0 0.133
67250 10 5 3 0 0.059 0.079 0.023 0.911 0.951 21.104 3 29.414 77.173 0 0.087
67250 1 5 3 0 0.02 0.445 0.168 0.978 0.461 222.976 158 237.066 2436.38 0 0
67250 2 5 3 0 0.02 0.445 0.168 0.978 0.461 217.499 185 235.302 3460.347 0 0
67250 3 5 3 0 0.02 0.445 0.168 0.978 0.461 210.557 114 226.862 1550.64 0 0
67250 4 5 3 0 0.02 0.445 0.168 0.978 0.461 196.282 138 220.121 2026.44 0 0
67250 5 5 3 0 0.02 0.445 0.168 0.978 0.461 213.598 104 231.087 1962.6 0 0
67250 6 5 3 0 0.02 0.445 0.168 0.978 0.461 199.622 213 235.671 2967.567 0 0
67250 7 5 3 0 0.02 0.445 0.168 0.978 0.461 216.508 146 235.213 2819.16 0 0
67250 8 5 3 0 0.02 0.445 0.168 0.978 0.461 209.998 29 232.936 2132.487 0 0
67250 9 5 3 0 0.02 0.445 0.168 0.978 0.461 198.148 74 227.883 2259.26 0 0
67250 10 5 3 0 0.02 0.445 0.168 0.978 0.461 203.793 58 227.008 2041.413 0 0
67250 1 5 3 0 0.12 0.485 0.057 0.758 0.802 73.728 13 86.473 174.993 0 0
67250 2 5 3 0 0.12 0.485 0.057 0.758 0.802 60.177 6 71.479 160.353 0 0.047
67250 3 5 3 0 0.12 0.485 0.057 0.758 0.802 77.255 6 89.008 178.233 0 0.067
67250 4 5 3 0 0.12 0.485 0.057 0.758 0.802 60.731 3 73.217 151.227 0 0.093
67250 5 5 3 0 0.12 0.485 0.057 0.758 0.802 67.989 4 81.757 157.687 0 0.08
67250 6 5 3 0 0.12 0.485 0.057 0.758 0.802 74.688 3 87.821 143.093 0 0.313
67250 7 5 3 0 0.12 0.485 0.057 0.758 0.802 62.066 7 75.717 148.427 0 0.053
67250 8 5 3 0 0.12 0.485 0.057 0.758 0.802 71.409 4 86.816 105.56 0 0.073
67250 9 5 3 0 0.12 0.485 0.057 0.758 0.802 65.57 2 79.387 140.093 0 0.12
67250 10 5 3 0 0.12 0.485 0.057 0.758 0.802 58.916 7 76.603 146.307 0 0.06
67250 1 5 3 0 0.09 0.317 0.482 0.782 0.012 233.222 4519 245.74 9366.48 0 0
67250 2 5 3 0 0.09 0.317 0.482 0.782 0.012 241.294 9427 248.631 11793.227 0 0
67250 3 5 3 0 0.09 0.317 0.482 0.782 0.012 241.341 7858 248.967 10787.9 0 0
67250 4 5 3 0 0.09 0.317 0.482 0.782 0.012 241.099 8734 248.084 10715.6 0 0
67250 5 5 3 0 0.09 0.317 0.482 0.782 0.012 235.768 4167 247.859 9923.613 0 0
67250 6 5 3 0 0.09 0.317 0.482 0.782 0.012 232.664 5807 245.754 8994.72 0 0
67250 7 5 3 0 0.09 0.317 0.482 0.782 0.012 233.904 2040 246.72 9335.053 0 0
67250 8 5 3 0 0.09 0.317 0.482 0.782 0.012 243 6574 248.91 10933.633 0 0
67250 9 5 3 0 0.09 0.317 0.482 0.782 0.012 238.961 7555 247.714 10661.367 0 0
67250 10 5 3 0 0.09 0.317 0.482 0.782 0.012 240.001 6122 248.085 10605.373 0 0
67250 1 5 3 0 0.011 0.284 0.019 0.859 0.81 230.385 477 237.875 2411.333 0 0
67250 2 5 3 0 0.011 0.284 0.019 0.859 0.81 221.009 336 236.889 2991.96 0 0
67250 3 5 3 0 0.011 0.284 0.019 0.859 0.81 205.008 140 220.364 1591.307 0 0
67250 4 5 3 0 0.011 0.284 0.019 0.859 0.81 211.68 141 228.574 1665.773 0 0
67250 5 5 3 0 0.011 0.284 0.019 0.859 0.81 220.255 185 233.421 2517.373 0 0
67250 6 5 3 0 0.011 0.284 0.019 0.859 0.81 219.84 149 237.375 2026.753 0 0
67250 7 5 3 0 0.011 0.284 0.019 0.859 0.81 221.174 139 238.575 2051.307 0 0
67250 8 5 3 0 0.011 0.284 0.019 0.859 0.81 211.788 260 233.322 2487.627 0 0
67250 9 5 3 0 0.011 0.284 0.019 0.859 0.81 209.606 49 236.371 1858.293 0 0
67250 1 4 9 0 0.062 0.091 0.242 0.784 0.315 144.817 0 158.934 42.793 0 0.453
67250 2 4 9 0 0.062 0.091 0.242 0.784 0.315 160.556 0 180.473 39.64 0 0.673
67250 3 4 9 0 0.062 0.091 0.242 0.784 0.315 147.897 0 168.429 40.3 0 0.567
67250 4 4 9 0 0.062 0.091 0.242 0.784 0.315 100.105 0 134.495 38.093 0 0.607
67250 5 4 9 0 0.062 0.091 0.242 0.784 0.315 149.569 1 175.67 43.147 0 0.547
67250 6 4 9 0 0.062 0.091 0.242 0.784 0.315 142.765 0 165.775 44 0 0.54
67250 7 4 9 0 0.062 0.091 0.242 0.784 0.315 138.853 0 169.586 40.393 0 0.493
67250 8 4 9 0 0.062 0.091 0.242 0.784 0.315 138.8 0 151.336 44.22 0 0.513
67250 9 4 9 0 0.062 0.091 0.242 0.784 0.315 121.628 0 150.105 44.14 0 0.6
67250 10 4 9 0 0.062 0.091 0.242 0.784 0.315 125.939 0 146.4 42.44 0 0.453
67250 1 4 9 0 0.092 0.176 0.12 0.998 0.508 124.359 1 151.843 181.007 0 0.267
67250 2 4 9 0 0.092 0.176 0.12 0.998 0.508 106.006 3 131.054 125.307 0 0.247
67250 3 4 9 0 0.092 0.176 0.12 0.998 0.508 106.227 0 126.684 97.193 0 0.193
67250 4 4 9 0 0.092 0.176 0.12 0.998 0.508 115.2 0 141.933 129.72 0 0.273
67250 5 4 9 0 0.092 0.176 0.12 0.998 0.508 103.174 3 123.512 103.367 0 0.253
67250 6 4 9 0 0.092 0.176 0.12 0.998 0.508 122.887 2 166.532 179.587 0 0.413
67250 7 4 9 0 0.092 0.176 0.12 0.998 0.508 114.341 0 148.692 152.56 0 0.28
67250 8 4 9 0 0.092 0.176 0.12 0.998 0.508 89.754 2 102.495 125.947 0 0.333
67250 9 4 9 0 0.092 0.176 0.12 0.998 0.508 98.519 0 120.678 66.873 0 0.493
67250 10 4 9 0 0.092 0.176 0.12 0.998 0.508 132.46 2 154.746 141.28 0 0.287
67250 1 4 9 0 0.093 0.475 0.188 0.867 0.378 212.856 153 238.795 3740.833 0 0
67250 2 4 9 0 0.093 0.475 0.188 0.867 0.378 221.684 1322 240.526 3826.22 0 0
67250 3 4 9 0 0.093 0.475 0.188 0.867 0.378 221.417 72 242.682 4451.353 0 0
67250 4 4 9 0 0.093 0.475 0.188 0.867 0.378 206.286 86 236.209 3505.447 0 0
67250 5 4 9 0 0.093 0.475 0.188 0.867 0.378 206.388 364 236.091 3613.593 0 0
67250 6 4 9 0 0.093 0.475 0.188 0.867 0.378 217.356 392 238.921 3506.173 0 0
67250 7 4 9 0 0.093 0.475 0.188 0.867 0.378 223.968 940 238.188 3703.587 0 0
67250 8 4 9 0 0.093 0.475 0.188 0.867 0.378 216.607 451 234.667 2758.96 0 0
67250 9 4 9 0 0.093 0.475 0.188 0.867 0.378 215.582 117 236.138 2924.047 0 0
67250 10 4 9 0 0.093 0.475 0.188 0.867 0.378 212.776 145 237.568 3214.66 0 0
67250 1 4 9 0 0.058 0.466 0.42 0.893 0.895 132.025 0 170.926 39.693 0 0.56
67250 2 4 9 0 0.058 0.466 0.42 0.893 0.895 145.992 0 164.448 53.48 0 0.507
67250 3 4 9 0 0.058 0.466 0.42 0.893 0.895 150.371 0 173.498 46.973 0 0.587
67250 4 4 9 0 0.058 0.466 0.42 0.893 0.895 153.805 0 168.946 46.793 0 0.587
67250 5 4 9 0 0.058 0.466 0.42 0.893 0.895 172.448 0 190.831 43.953 0 0.567
67250 6 4 9 0 0.058 0.466 0.42 0.893 0.895 146.984 0 176.937 51.36 0 0.64
67250 7 4 9 0 0.058 0.466 0.42 0.893 0.895 0 0 0 0 1 1
67250 8 4 9 0 0.058 0.466 0.42 0.893 0.895 117.064 0 149.778 36.26 0 0.593
67250 9 4 9 0 0.058 0.466 0.42 0.893 0.895 156.206 0 180.731 45.953 0 0.567
67250 10 4 9 0 0.058 0.466 0.42 0.893 0.895 148.807 0 168.472 42.233 0 0.453
67250 1 4 9 0 0.048 0.14 0.496 0.948 0.322 155.326 0 189.257 43.86 0 0.56
67250 2 4 9 0 0.048 0.14 0.496 0.948 0.322 154.532 0 184.675 53.047 0 0.493
67250 3 4 9 0 0.048 0.14 0.496 0.948 0.322 132.316 0 155.225 48.873 0 0.513
67250 4 4 9 0 0.048 0.14 0.496 0.948 0.322 129.525 0 154.804 38.827 0 0.473
67250 5 4 9 0 0.048 0.14 0.496 0.948 0.322 122.877 0 144.651 46.867 0 0.567
67250 6 4 9 0 0.048 0.14 0.496 0.948 0.322 160.295 0 179.084 53.913 0 0.48
67250 7 4 9 0 0.048 0.14 0.496 0.948 0.322 151.397 0 177.14 47.78 0 0.593
67250 8 4 9 0 0.048 0.14 0.496 0.948 0.322 145.319 0 161.469 44.313 0 0.507
67250 9 4 9 0 0.048 0.14 0.496 0.948 0.322 141.37 1 172.698 40.007 0 0.62
67250 10 4 9 0 0.048 0.14 0.496 0.948 0.322 135.548 0 157.858 39.827 0 0.527
67250 1 4 9 0 0.047 0.219 0.295 0.794 0.89 132.888 0 155.121 40.373 0 0.58
67250 2 4 9 0 0.047 0.219 0.295 0.794 0.89 144.829 0 161.177 45.353 0 0.467
67250 3 4 9 0 0.047 0.219 0.295 0.794 0.89 137.902 0 179.279 49.507 0 0.7
67250 4 4 9 0 0.047 0.219 0.295 0.794 0.89 135.935 1 154.796 45.013 0 0.493
67250 5 4 9 0 0.047 0.219 0.295 0.794 0.89 118.544 0 157.931 41.947 0 0.64
67250 6 4 9 0 0.047 0.219 0.295 0.794 0.89 161.145 1 178.15 55.773 0 0.493
67250 7 4 9 0 0.047 0.219 0.295 0.794 0.89 136.741 0 160.783 45.26 0 0.567
67250 8 4 9 0 0.047 0.219 0.295 0.794 0.89 147.612 0 173.519 46.56 0 0.533
67250 9 4 9 0 0.047 0.219 0.295 0.794 0.89 144.301 0 163.906 38.913 0 0.653
67250 10 4 9 0 0.047 0.219 0.295 0.794 0.89 140.86 0 167.804 50.287 0 0.52
67250 1 4 9 0 0.075 0.055 0.092 0.774 0.966 142.837 0 161.289 39.853 0 0.5
67250 2 4 9 0 0.075 0.055 0.092 0.774 0.966 140.047 1 162.803 45.873 0 0.593
67250 3 4 9 0 0.075 0.055 0.092 0.774 0.966 159.23 0 191.404 47.28 0 0.593
67250 4 4 9 0 0.075 0.055 0.092 0.774 0.966 135.939 0 163.817 42.56 0 0.56
67250 5 4 9 0 0.075 0.055 0.092 0.774 0.966 132.236 0 158.213 38.747 0 0.553
67250 6 4 9 0 0.075 0.055 0.092 0.774 0.966 137.833 0 159.579 42.713 0 0.447
67250 7 4 9 0 0.075 0.055 0.092 0.774 0.966 147.547 0 174.569 42.727 0 0.713
67250 8 4 9 0 0.075 0.055 0.092 0.774 0.966 151.002 0 181.804 55.4 0 0.567
67250 9 4 9 0 0.075 0.055 0.092 0.774 0.966 132.542 0 182.087 40.007 0 0.6
67250 10 4 9 0 0.075 0.055 0.092 0.774 0.966 166.126 0 188.238 41.54 0 0.527
67250 1 4 9 0 0.07 0.121 0.274 0.901 0.24 103.113 0 116.347 51.413 0 0.353
67250 2 4 9 0 0.07 0.121 0.274 0.901 0.24 130.831 0 148.82 80.533 0 0.487
67250 3 4 9 0 0.07 0.121 0.274 0.901 0.24 145.282 0 163.744 65.9 0 0.46
67250 4 4 9 0 0.07 0.121 0.274 0.901 0.24 105.48 1 130.661 58.78 0 0.36
67250 5 4 9 0 0.07 0.121 0.274 0.901 0.24 126.593 1 152.797 71.347 0 0.493
67250 1 4 8 0 0.091 0.13 0.304 0.782 0.851 169.988 0 186.739 51.107 0 0.593
67250 2 4 8 0 0.091 0.13 0.304 0.782 0.851 122.221 0 146.516 45.16 0 0.54
67250 3 4 8 0 0.091 0.13 0.304 0.782 0.851 146.415 0 171.089 51.2 0 0.58
67250 4 4 8 0 0.091 0.13 0.304 0.782 0.851 128.9 0 144.741 43.273 0 0.533
67250 5 4 8 0 0.091 0.13 0.304 0.782 0.851 146.454 0 165.243 48.733 0 0.46
67250 6 4 8 0 0.091 0.13 0.304 0.782 0.851 71.341 0 80.023 55.047 0 0.213
67250 7 4 8 0 0.091 0.13 0.304 0.782 0.851 144.995 0 164.024 43.627 0 0.513
67250 8 4 8 0 0.091 0.13 0.304 0.782 0.851 147.407 0 175.297 53.553 0 0.553
67250 9 4 8 0 0.091 0.13 0.304 0.782 0.851 140.062 2 157.886 40.733 0 0.647
67250 10 4 8 0 0.091 0.13 0.304 0.782 0.851 140.101 0 159.168 51.713 0 0.487
67250 1 4 8 0 0.001 0.493 0.318 0.952 0.224 176.708 28 215.952 1236.96 0 0
67250 2 4 8 0 0.001 0.493 0.318 0.952 0.224 205.528 32 229.912 1995.453 0 0
67250 3 4 8 0 0.001 0.493 0.318 0.952 0.224 197.074 36 225.817 1868.033 0 0
67250 4 4 8 0 0.001 0.493 0.318 0.952 0.224 204.636 139 226.233 2083.16 0 0
67250 5 4 8 0 0.001 0.493 0.318 0.952 0.224 204.399 29 221.462 1445.287 0 0
67250 6 4 8 0 0.001 0.493 0.318 0.952 0.224 197.144 17 224.688 1723.307 0 0
67250 7 4 8 0 0.001 0.493 0.318 0.952 0.224 214.759 91 238.323 1967.387 0 0
67250 8 4 8 0 0.001 0.493 0.318 0.952 0.224 221.378 62 236.049 2817.267 0 0
67250 9 4 8 0 0.001 0.493 0.318 0.952 0.224 197.337 10 222.469 1379.347 0 0
67250 10 4 8 0 0.001 0.493 0.318 0.952 0.224 224.208 217 238.94 3129.053 0 0
67250 1 4 8 0 0.086 0.42 0.319 0.868 0.73 142.807 0 162.082 49.72 0 0.587
67250 2 4 8 0 0.086 0.42 0.319 0.868 0.73 127.487 0 150.456 35.567 0 0.487
67250 3 4 8 0 0.086 0.42 0.319 0.868 0.73 144.366 0 168.087 53.08 0 0.593
67250 4 4 8 0 0.086 0.42 0.319 0.868 0.73 126.732 0 156.942 42.66 0 0.667
67250 5 4 8 0 0.086 0.42 0.319 0.868 0.73 130.467 0 159.749 52.18 0 0.54
67250 6 4 8 0 0.086 0.42 0.319 0.868 0.73 133.387 0 160.609 42.36 0 0.56
67250 7 4 8 0 0.086 0.42 0.319 0.868 0.73 131.458 0 162.689 50.713 0 0.48
67250 8 4 8 0 0.086 0.42 0.319 0.868 0.73 130.796 0 148.658 41.533 0 0.473
67250 9 4 8 0 0.086 0.42 0.319 0.868 0.73 158.36 0 180.221 45.747 0 0.527
67250 10 4 8 0 0.086 0.42 0.319 0.868 0.73 136.453 0 156.567 57.16 0 0.467
67250 1 4 8 0 0.096 0.328 0.103 0.852 0.381 220.539 518 236.963 3854.973 0 0
67250 2 4 8 0 0.096 0.328 0.103 0.852 0.381 228.109 1340 241.28 4358.393 0 0
67250 3 4 8 0 0.096 0.328 0.103 0.852 0.381 231.907 1713 242.67 4444.373 0 0
67250 4 4 8 0 0.096 0.328 0.103 0.852 0.381 220.404 2454 239.987 5057.307 0 0
67250 5 4 8 0 0.096 0.328 0.103 0.852 0.381 222.04 1022 244.277 5204.913 0 0
67250 6 4 8 0 0.096 0.328 0.103 0.852 0.381 226.234 1494 237.631 3932.307 0 0
67250 7 4 8 0 0.096 0.328 0.103 0.852 0.381 226.429 1572 240.641 4323.8 0 0
67250 8 4 8 0 0.096 0.328 0.103 0.852 0.381 213.82 752 240.337 4200.993 0 0
67250 9 4 8 0 0.096 0.328 0.103 0.852 0.381 237.146 1060 245.499 5492.3 0 0
67250 10 4 8 0 0.096 0.328 0.103 0.852 0.381 219.676 625 242.047 5154.8 0 0
67250 1 4 8 0 0.031 0.085 0.006 0.788 0.56 221.969 736 243.988 4868.567 0 0
67250 2 4 8 0 0.031 0.085 0.006 0.788 0.56 215.506 1313 238.876 4493.78 0 0
67250 3 4 8 0 0.031 0.085 0.006 0.788 0.56 226.501 1175 242.757 5600.86 0 0
67250 4 4 8 0 0.031 0.085 0.006 0.788 0.56 235.33 1604 242.348 5295.433 0 0
67250 5 4 8 0 0.031 0.085 0.006 0.788 0.56 233.136 3556 243.467 5893.14 0 0
67250 6 4 8 0 0.031 0.085 0.006 0.788 0.56 229.489 1840 242.717 4602.433 0 0
67250 7 4 8 0 0.031 0.085 0.006 0.788 0.56 231.606 758 243.536 5808.833 0 0
67250 8 4 8 0 0.031 0.085 0.006 0.788 0.56 237.744 3465 245.586 5932.787 0 0
67250 9 4 8 0 0.031 0.085 0.006 0.788 0.56 234.607 3574 246.367 6062.4 0 0
67250 10 4 8 0 0.031 0.085 0.006 0.788 0.56 237.361 2110 244.835 5569.82 0 0
67250 1 4 8 0 0.027 0.368 0.062 0.878 0.316 243 6165 249.087 8371.4 0 0
67250 2 4 8 0 0.027 0.368 0.062 0.878 0.316 230.88 1884 245.206 6444.733 0 0
67250 3 4 8 0 0.027 0.368 0.062 0.878 0.316 236.315 4339 247.825 7702.5 0 0
67250 4 4 8 0 0.027 0.368 0.062 0.878 0.316 237.969 437 247.694 7412.48 0 0
67250 5 4 8 0 0.027 0.368 0.062 0.878 0.316 241.544 6039 247.932 8258.113 0 0
67250 6 4 8 0 0.027 0.368 0.062 0.878 0.316 231.604 2984 245.11 6395.407 0 0
67250 1 4 7 1 0.02 0.165 0.402 0.92 0.165 207.291 1052 225.036 2049.453 0 0
67250 2 4 7 1 0.02 0.165 0.402 0.92 0.165 221.822 702 234.611 2015.753 0 0
67250 3 4 7 1 0.02 0.165 0.402 0.92 0.165 219.273 750 230.62 1780.4 0 0
67250 4 4 7 1 0.02 0.165 0.402 0.92 0.165 232.081 591 239.68 1845.44 0 0
67250 5 4 7 1 0.02 0.165 0.402 0.92 0.165 214.16 620 225.151 1834.62 0 0
67250 6 4 7 1 0.02 0.165 0.402 0.92 0.165 230.463 1354 239.644 2817.633 0 0
67250 7 4 7 1 0.02 0.165 0.402 0.92 0.165 205.201 365 231.367 2343.767 0 0
67250 8 4 7 1 0.02 0.165 0.402 0.92 0.165 191.966 254 215.192 1530.6 0 0
67250 9 4 7 1 0.02 0.165 0.402 0.92 0.165 204.921 833 231.039 2009.293 0 0
67250 10 4 7 1 0.02 0.165 0.402 0.92 0.165 224.946 556 236.629 2121.88 0 0
67250 1 4 7 1 0.05 0.321 0.283 0.978 0.256 241.995 4240 248.237 5802.813 0 0
67250 2 4 7 1 0.05 0.321 0.283 0.978 0.256 239.714 3537 247.808 6010.3 0 0
67250 3 4 7 1 0.05 0.321 0.283 0.978 0.256 244.489 4401 249.053 6292.807 0 0
67250 4 4 7 1 0.05 0.321 0.283 0.978 0.256 243.162 3552 248.944 5894.827 0 0
67250 5 4 7 1 0.05 0.321 0.283 0.978 0.256 240.286 2243 248.713 5822.433 0 0
67250 6 4 7 1 0.05 0.321 0.283 0.978 0.256 243.058 3465 248.866 6335.533 0 0
67250 7 4 7 1 0.05 0.321 0.283 0.978 0.256 238.119 2599 248.004 5767.813 0 0
67250 8 4 7 1 0.05 0.321 0.283 0.978 0.256 240.38 3666 248.46 6176.933 0 0
67250 9 4 7 1 0.05 0.321 0.283 0.978 0.256 242.288 3201 248.587 5898 0 0
67250 10 4 7 1 0.05 0.321 0.283 0.978 0.256 242.476 3801 248.826 6553.5 0 0
67250 1 4 7 1 0.064 0.15 0.466 0.941 0.127 182.571 503 201.682 964.673 0 0
67250 2 4 7 1 0.064 0.15 0.466 0.941 0.127 181.302 599 191.927 1180.127 0 0
67250 3 4 7 1 0.064 0.15 0.466 0.941 0.127 166.787 294 183.853 1022 0 0
67250 4 4 7 1 0.064 0.15 0.466 0.941 0.127 172.268 992 179.755 1410.747 0 0
67250 5 4 7 1 0.064 0.15 0.466 0.941 0.127 168.802 74 185.806 878.54 0 0
67250 6 4 7 1 0.064 0.15 0.466 0.941 0.127 154.622 22 174.021 632.353 0 0
67250 7 4 7 1 0.064 0.15 0.466 0.941 0.127 210.584 187 229.1 1054.293 0 0
67250 8 4 7 1 0.064 0.15 0.466 0.941 0.127 183.399 253 194.409 1040.48 0 0
67250 9 4 7 1 0.064 0.15 0.466 0.941 0.127 177.359 261 188.257 1156.84 0 0
67250 10 4 7 1 0.064 0.15 0.466 0.941 0.127 176.572 132 187.766 755.447 0 0
67250 1 4 7 1 0.007 0.267 0.358 0.835 0.628 0 0 0 0 1 1
67250 2 4 7 1 0.007 0.267 0.358 0.835 0.628 24.811 0 36.495 47.667 0 0.293
67250 3 4 7 1 0.007 0.267 0.358 0.835 0.628 51.065 1 61.555 29.187 0 0.38
67250 4 4 7 1 0.007 0.267 0.358 0.835 0.628 23.247 3 30.213 61.68 0 0.053
67250 5 4 7 1 0.007 0.267 0.358 0.835 0.628 140.497 1 151.827 37.04 0 0.487
67250 6 4 7 1 0.007 0.267 0.358 0.835 0.628 0 0 0 0 1 1
67250 7 4 7 1 0.007 0.267 0.358 0.835 0.628 126.279 0 155.601 47.08 0 0.48
67250 8 4 7 1 0.007 0.267 0.358 0.835 0.628 0 0 0 0 1 1
67250 9 4 7 1 0.007 0.267 0.358 0.835 0.628 0 0 0 0 1 1
67250 10 4 7 1 0.007 0.267 0.358 0.835 0.628 7.016 2 10.42 26.02 0 0.16
67250 1 4 7 1 0.011 0.384 0.306 0.953 0.599 38.064 47 44.081 142.627 0 0
67250 2 4 7 1 0.011 0.384 0.306 0.953 0.599 45.913 14 51.864 162.14 0 0
67250 3 4 7 1 0.011 0.384 0.306 0.953 0.599 22.104 8 33.047 105.04 0 0.013
67250 4 4 7 1 0.011 0.384 0.306 0.953 0.599 58 1 70.031 133.193 0 0.053
67250 5 4 7 1 0.011 0.384 0.306 0.953 0.599 45.054 37 53.463 161.067 0 0
67250 6 4 7 1 0.011 0.384 0.306 0.953 0.599 29.795 3 35.439 77.7 0 0.173
67250 7 4 7 1 0.011 0.384 0.306 0.953 0.599 40.615 7 49.592 127.587 0 0.007
67250 8 4 7 1 0.011 0.384 0.306 0.953 0.599 41.683 21 50.821 196.167 0 0
67250 9 4 7 1 0.011 0.384 0.306 0.953 0.599 30.188 12 36.978 161.68 0 0
67250 10 4 7 1 0.011 0.384 0.306 0.953 0.599 35.536 6 43.234 101.6 0 0.027
67250 1 4 7 1 0.113 0.477 0.013 0.904 0.491 249.521 7116 249.971 7930.807 0 0
67250 2 4 7 1 0.113 0.477 0.013 0.904 0.491 248.628 8921 249.942 9510.533 0 0
67250 3 4 7 1 0.113 0.477 0.013 0.904 0.491 249.291 7522 249.977 8240.907 0 0
67250 4 4 7 1 0.113 0.477 0.013 0.904 0.491 248.565 7803 249.926 8570.133 0 0
67250 5 4 7 1 0.113 0.477 0.013 0.904 0.491 248.806 7696 249.951 8438.073 0 0
67250 1 5 7 0 0.008 0.385 0.054 0.961 0.391 236.872 2667 245.86 8448.347 0 0
67250 2 5 7 0 0.008 0.385 0.054 0.961 0.391 227.149 4715 243.854 7770.487 0 0
67250 3 5 7 0 0.008 0.385 0.054 0.961 0.391 234.428 3810 246.455 9721 0 0
67250 4 5 7 0 0.008 0.385 0.054 0.961 0.391 221.414 602 240.232 6496.807 0 0
67250 5 5 7 0 0.008 0.385 0.054 0.961 0.391 215.554 205 242.467 7316.967 0 0
67250 6 5 7 0 0.008 0.385 0.054 0.961 0.391 230.071 371 243.056 5374.54 0 0
67250 7 5 7 0 0.008 0.385 0.054 0.961 0.391 232.099 940 243.854 6559.933 0 0
67250 8 5 7 0 0.008 0.385 0.054 0.961 0.391 213.019 283 243.638 7616.753 0 0
67250 9 5 7 0 0.008 0.385 0.054 0.961 0.391 232.992 2462 244.525 8203.653 0 0
67250 10 5 7 0 0.008 0.385 0.054 0.961 0.391 223.067 2405 242.479 7506.187 0 0
67250 1 5 7 0 0.098 0.13 0.254 0.991 0.167 120.432 1 156.175 400.733 0 0.153
67250 2 5 7 0 0.098 0.13 0.254 0.991 0.167 108.37 1 128.368 196.987 0 0.267
67250 3 5 7 0 0.098 0.13 0.254 0.991 0.167 143.831 2 164.276 254.913 0 0.287
67250 4 5 7 0 0.098 0.13 0.254 0.991 0.167 176.318 6 209.627 372.647 0 0.153
67250 5 5 7 0 0.098 0.13 0.254 0.991 0.167 154.634 5 189.785 244.307 0 0.133
67250 6 5 7 0 0.098 0.13 0.254 0.991 0.167 149.532 3 162.876 435.04 0 0.093
67250 7 5 7 0 0.098 0.13 0.254 0.991 0.167 117.075 5 155.287 173.893 0 0.293
67250 8 5 7 0 0.098 0.13 0.254 0.991 0.167 130.304 2 158.619 230.347 0 0.32
67250 9 5 7 0 0.098 0.13 0.254 0.991 0.167 176.905 1 193.278 455.68 0 0.12
67250 10 5 7 0 0.098 0.13 0.254 0.991 0.167 122.936 2 146.813 343.753 0 0.167
67250 1 5 7 0 0.014 0.226 0.399 0.943 0.668 120.277 1 137.095 38.54 0 0.52
67250 2 5 7 0 0.014 0.226 0.399 0.943 0.668 121.198 0 143.355 49.027 0 0.453
67250 3 5 7 0 0.014 0.226 0.399 0.943 0.668 148.741 0 164.271 60.3 0 0.473
67250 4 5 7 0 0.014 0.226 0.399 0.943 0.668 115.167 0 132.965 58.047 0 0.493
67250 5 5 7 0 0.014 0.226 0.399 0.943 0.668 132.034 0 153.185 45.62 0 0.58
67250 6 5 7 0 0.014 0.226 0.399 0.943 0.668 139.306 0 154.904 53.487 0 0.487
67250 7 5 7 0 0.014 0.226 0.399 0.943 0.668 110.969 0 163.217 47.613 0 0.62
67250 8 5 7 0 0.014 0.226 0.399 0.943 0.668 142.795 0 168.581 43.967 0 0.593
67250 9 5 7 0 0.014 0.226 0.399 0.943 0.668 129.695 0 155.47 45.093 0 0.56
67250 10 5 7 0 0.014 0.226 0.399 0.943 0.668 137.21 1 160.742 47.32 0 0.56
67250 1 5 7 0 0.039 0.267 0.413 0.851 0.923 144.101 0 156.995 39.86 0 0.66
67250 2 5 7 0 0.039 0.267 0.413 0.851 0.923 130.113 0 148.817 49.38 0 0.553
67250 3 5 7 0 0.039 0.267 0.413 0.851 0.923 136.225 0 160.858 51.46 0 0.633
67250 4 5 7 0 0.039 0.267 0.413 0.851 0.923 136.575 0 154.215 52.773 0 0.527
67250 5 5 7 0 0.039 0.267 0.413 0.851 0.923 143.932 1 163.336 57.487 0 0.56
67250 6 5 7 0 0.039 0.267 0.413 0.851 0.923 123.754 0 146.54 44.507 0 0.627
67250 7 5 7 0 0.039 0.267 0.413 0.851 0.923 135.96 0 155.201 57.787 0 0.66
67250 8 5 7 0 0.039 0.267 0.413 0.851 0.923 128.246 0 153.45 46.667 0 0.553
67250 9 5 7 0 0.039 0.267 0.413 0.851 0.923 128.241 0 145.271 48.833 0 0.533
67250 10 5 7 0 0.039 0.267 0.413 0.851 0.923 133.882 0 160.285 61.08 0 0.533
67250 1 5 7 0 0.083 0.302 0.474 0.754 0.659 128.001 0 158.348 52.24 0 0.54
67250 2 5 7 0 0.083 0.302 0.474 0.754 0.659 145.806 1 170.384 56.54 0 0.513
67250 3 5 7 0 0.083 0.302 0.474 0.754 0.659 143.946 0 161.221 47.507 0 0.6
67250 4 5 7 0 0.083 0.302 0.474 0.754 0.659 130.575 0 149.625 48.067 0 0.507
67250 5 5 7 0 0.083 0.302 0.474 0.754 0.659 124.88 0 148.374 53.913 0 0.573
67250 6 5 7 0 0.083 0.302 0.474 0.754 0.659 130.357 0 146.975 44.187 0 0.6
67250 7 5 7 0 0.083 0.302 0.474 0.754 0.659 144.028 0 164.609 41.947 0 0.627
67250 8 5 7 0 0.083 0.302 0.474 0.754 0.659 127.698 0 152.553 43.553 0 0.58
67250 9 5 7 0 0.083 0.302 0.474 0.754 0.659 115.619 0 137.451 61.54 0 0.42
67250 10 5 7 0 0.083 0.302 0.474 0.754 0.659 129.899 0 146.331 43.82 0 0.573
67250 1 5 7 0 0.026 0.115 0.395 0.962 0.957 133.354 0 154.788 45.813 0 0.493
67250 2 5 7 0 0.026 0.115 0.395 0.962 0.957 143.262 0 161.729 55.013 0 0.54
67250 3 5 7 0 0.026 0.115 0.395 0.962 0.957 129.038 0 153.028 47.667 0 0.553
67250 4 5 7 0 0.026 0.115 0.395 0.962 0.957 128.678 0 145.406 39.633 0 0.58
67250 5 5 7 0 0.026 0.115 0.395 0.962 0.957 122.56 0 143.403 46.1 0 0.48
67250 6 5 7 0 0.026 0.115 0.395 0.962 0.957 132.471 1 159.936 54.087 0 0.613
67250 7 5 7 0 0.026 0.115 0.395 0.962 0.957 155.109 0 171.237 42.967 0 0.567
67250 8 5 7 0 0.026 0.115 0.395 0.962 0.957 111.388 0 137.654 48.753 0 0.48
67250 9 5 7 0 0.026 0.115 0.395 0.962 0.957 123.059 1 150.321 46.62 0 0.52
67250 10 5 7 0 0.026 0.115 0.395 0.962 0.957 136.75 0 154.638 52.667 0 0.513
67250 1 5 7 0 0.053 0.219 0.32 0.942 0.802 121.377 0 144.363 53.507 0 0.48
67250 2 5 7 0 0.053 0.219 0.32 0.942 0.802 140.1 0 158.449 44.993 0 0.513
67250 3 5 7 0 0.053 0.219 0.32 0.942 0.802 130.371 0 145.584 39.533 0 0.567
67250 4 5 7 0 0.053 0.219 0.32 0.942 0.802 130.65 0 147.11 47.787 0 0.607
67250 5 5 7 0 0.053 0.219 0.32 0.942 0.802 151.673 0 176.124 43.333 0 0.593
67250 6 5 7 0 0.053 0.219 0.32 0.942 0.802 129.184 0 148.612 53.8 0 0.58
67250 7 5 7 0 0.053 0.219 0.32 0.942 0.802 137.757 0 154.666 43.307 0 0.607
67250 1 5 7 1 0.007 0.262 0.018 0.925 0.932 46.162 20 52.832 176.367 0 0
67250 2 5 7 1 0.007 0.262 0.018 0.925 0.932 45.019 53 52.577 185.88 0 0
67250 3 5 7 1 0.007 0.262 0.018 0.925 0.932 41.368 45 48.128 171.02 0 0
67250 4 5 7 1 0.007 0.262 0.018 0.925 0.932 43.562 35 52.007 170.653 0 0
67250 5 5 7 1 0.007 0.262 0.018 0.925 0.932 41.024 16 51.518 166.247 0 0
67250 6 5 7 1 0.007 0.262 0.018 0.925 0.932 41.927 54 48.142 197.92 0 0
67250 7 5 7 1 0.007 0.262 0.018 0.925 0.932 46.36 52 51.089 185.06 0 0
67250 8 5 7 1 0.007 0.262 0.018 0.925 0.932 45.988 38 51.649 159.347 0 0
67250 9 5 7 1 0.007 0.262 0.018 0.925 0.932 48.503 44 54.106 184.087 0 0
67250 10 5 7 1 0.007 0.262 0.018 0.925 0.932 44.756 28 49.758 183.967 0 0
67250 1 5 7 1 0.094 0.168 0.186 0.794 0.107 248.703 9716 249.962 10819.867 0 0
67250 2 5 7 1 0.094 0.168 0.186 0.794 0.107 249.084 10769 249.969 12163.373 0 0
67250 3 5 7 1 0.094 0.168 0.186 0.794 0.107 249.384 8922 249.99 11078.313 0 0
67250 4 5 7 1 0.094 0.168 0.186 0.794 0.107 248.291 8666 249.911 11083.433 0 0
67250 5 5 7 1 0.094 0.168 0.186 0.794 0.107 246 8340 249.602 11258.873 0 0
67250 6 5 7 1 0.094 0.168 0.186 0.794 0.107 244.965 9798 249.622 11258.48 0 0
67250 7 5 7 1 0.094 0.168 0.186 0.794 0.107 248.776 9613 249.958 11397.833 0 0
67250 8 5 7 1 0.094 0.168 0.186 0.794 0.107 249.476 9396 249.986 10650.6 0 0
67250 9 5 7 1 0.094 0.168 0.186 0.794 0.107 249.099 9066 249.979 10189.347 0 0
67250 10 5 7 1 0.094 0.168 0.186 0.794 0.107 248.392 9956 249.93 11070.2 0 0
67250 1 5 7 1 0.092 0.23 0.219 0.871 0.709 25.442 8 35.044 130.22 0 0.007
67250 2 5 7 1 0.092 0.23 0.219 0.871 0.709 101.979 1 115.046 42.38 0 0.52
67250 3 5 7 1 0.092 0.23 0.219 0.871 0.709 105.565 0 121.355 38.373 0 0.667
67250 4 5 7 1 0.092 0.23 0.219 0.871 0.709 19.55 11 28.985 111.42 0 0
67250 5 5 7 1 0.092 0.23 0.219 0.871 0.709 65.276 1 79.628 62.367 0 0.147
67250 6 5 7 1 0.092 0.23 0.219 0.871 0.709 16.663 0 28.139 45.813 0 0.267
67250 7 5 7 1 0.092 0.23 0.219 0.871 0.709 101.664 2 123.988 56.813 0 0.5
67250 8 5 7 1 0.092 0.23 0.219 0.871 0.709 40.072 6 48.863 127.62 0 0.087
67250 9 5 7 1 0.092 0.23 0.219 0.871 0.709 116.467 0 131.545 41.02 0 0.52
67250 10 5 7 1 0.092 0.23 0.219 0.871 0.709 19.748 2 25.654 67.313 0 0.207
67250 1 5 7 1 0.046 0.138 0.271 0.938 0.907 135.936 0 154.535 43.773 0 0.58
67250 2 5 7 1 0.046 0.138 0.271 0.938 0.907 132.942 0 149.107 41.873 0 0.627
67250 3 5 7 1 0.046 0.138 0.271 0.938 0.907 132.627 1 150.967 49.64 0 0.6
67250 4 5 7 1 0.046 0.138 0.271 0.938 0.907 123.155 0 138.449 43.6 0 0.5
67250 5 5 7 1 0.046 0.138 0.271 0.938 0.907 125.576 0 151.717 45.747 0 0.64
67250 6 5 7 1 0.046 0.138 0.271 0.938 0.907 137.363 0 153.72 51.693 0 0.567
67250 7 5 7 1 0.046 0.138 0.271 0.938 0.907 134.337 0 152.125 62.5 0 0.493
67250 8 5 7 1 0.046 0.138 0.271 0.938 0.907 137.51 0 159.724 44.553 0 0.573
67250 9 5 7 1 0.046 0.138 0.271 0.938 0.907 131.332 0 153.896 65.053 0 0.513
67250 10 5 7 1 0.046 0.138 0.271 0.938 0.907 120.789 0 145.669 48.553 0 0.52
67250 1 5 7 1 0.003 0.325 0.428 0.805 0.984 117.094 0 149.062 43.34 0 0.66
67250 2 5 7 1 0.003 0.325 0.428 0.805 0.984 131.252 0 157.588 43.38 0 0.56
67250 3 5 7 1 0.003 0.325 0.428 0.805 0.984 150.433 0 167.252 42 0 0.627
67250 4 5 7 1 0.003 0.325 0.428 0.805 0.984 170.964 0 190.725 49.88 0 0.5
67250 5 5 7 1 0.003 0.325 0.428 0.805 0.984 135.377 0 149.508 50.86 0 0.487
67250 6 5 7 1 0.003 0.325 0.428 0.805 0.984 135.446 0 158.404 55.333 0 0.593
67250 7 5 7 1 0.003 0.325 0.428 0.805 0.984 136.665 0 158.709 48.267 0 0.567
67250 8 5 7 1 0.003 0.325 0.428 0.805 0.984 137.227 0 160.186 43.013 0 0.633
67250 9 5 7 1 0.003 0.325 0.428 0.805 0.984 142.121 0 153.61 44.593 0 0.52
67250 10 5 7 1 0.003 0.325 0.428 0.805 0.984 128.106 1 149.807 46.4 0 0.607
67250 1 5 7 1 0.054 0.017 0.209 0.802 0.126 139.354 0 159.984 57.993 0 0.52
67250 2 5 7 1 0.054 0.017 0.209 0.802 0.126 128.09 0 148.585 46.12 0 0.5
67250 3 5 7 1 0.054 0.017 0.209 0.802 0.126 141.412 0 160.061 42.76 0 0.587
67250 4 5 7 1 0.054 0.017 0.209 0.802 0.126 127.35 0 148.288 46.273 0 0.54
67250 5 5 7 1 0.054 0.017 0.209 0.802 0.126 141.684 0 157.876 57.74 0 0.553
67250 6 5 7 1 0.054 0.017 0.209 0.802 0.126 126.043 0 144.323 42.553 0 0.507
67250 7 5 7 1 0.054 0.017 0.209 0.802 0.126 149.39 0 165.331 39.82 0 0.66
67250 8 5 7 1 0.054 0.017 0.209 0.802 0.126 136.155 0 164.72 44.467 0 0.56
67250 1 5 4 1 0.013 0.124 0.064 0.996 0.717 239.576 878 246.541 3910.113 0 0
67250 2 5 4 1 0.013 0.124 0.064 0.996 0.717 237.967 2292 245.279 3717.687 0 0
67250 3 5 4 1 0.013 0.124 0.064 0.996 0.717 232.844 1345 245.16 3517.933 0 0
67250 4 5 4 1 0.013 0.124 0.064 0.996 0.717 236.368 1679 243.156 3357.067 0 0
67250 5 5 4 1 0.013 0.124 0.064 0.996 0.717 230.348 1966 241.286 3133.073 0 0
67250 6 5 4 1 0.013 0.124 0.064 0.996 0.717 239.783 2129 246.491 3432.987 0 0
67250 7 5 4 1 0.013 0.124 0.064 0.996 0.717 230.291 1346 240.944 2763.627 0 0
67250 8 5 4 1 0.013 0.124 0.064 0.996 0.717 228.033 565 242.866 2800.88 0 0
67250 9 5 4 1 0.013 0.124 0.064 0.996 0.717 237.742 1378 245.885 3123.473 0 0
67250 10 5 4 1 0.013 0.124 0.064 0.996 0.717 238.713 1788 245.341 3555.867 0 0
67250 1 5 4 1 0.011 0.245 0.029 0.793 0.352 249.476 11607 249.993 13741.467 0 0
67250 2 5 4 1 0.011 0.245 0.029 0.793 0.352 249.906 12035 249.999 12880.927 0 0
67250 3 5 4 1 0.011 0.245 0.029 0.793 0.352 249.987 10289 250 11952.62 0 0
67250 4 5 4 1 0.011 0.245 0.029 0.793 0.352 249.244 11076 249.992 12300.287 0 0
67250 5 5 4 1 0.011 0.245 0.029 0.793 0.352 248.814 10893 249.954 12843.68 0 0
67250 6 5 4 1 0.011 0.245 0.029 0.793 0.352 249.782 10900 249.997 11572.38 0 0
67250 7 5 4 1 0.011 0.245 0.029 0.793 0.352 249.739 11365 249.998 12378.387 0 0
67250 8 5 4 1 0.011 0.245 0.029 0.793 0.352 249.04 12355 249.989 13405.627 0 0
67250 9 5 4 1 0.011 0.245 0.029 0.793 0.352 249.739 11752 249.998 12902.813 0 0
67250 10 5 4 1 0.011 0.245 0.029 0.793 0.352 250 12976 250 14008.027 0 0
67250 1 5 4 1 0.024 0.351 0.398 0.823 0.358 182.552 76 199.995 706.613 0 0
67250 2 5 4 1 0.024 0.351 0.398 0.823 0.358 169.406 38 184.826 985.427 0 0
67250 3 5 4 1 0.024 0.351 0.398 0.823 0.358 176.228 355 192.398 829.773 0 0
67250 4 5 4 1 0.024 0.351 0.398 0.823 0.358 171.079 181 184.423 657.227 0 0
67250 5 5 4 1 0.024 0.351 0.398 0.823 0.358 163.53 231 194.812 735.82 0 0
67250 6 5 4 1 0.024 0.351 0.398 0.823 0.358 200.526 67 215.626 748.6 0 0
67250 7 5 4 1 0.024 0.351 0.398 0.823 0.358 186.457 130 197.751 890.973 0 0
67250 8 5 4 1 0.024 0.351 0.398 0.823 0.358 157.932 337 173.103 686.407 0 0
67250 9 5 4 1 0.024 0.351 0.398 0.823 0.358 183.819 569 200.534 1367.66 0 0
67250 10 5 4 1 0.024 0.351 0.398 0.823 0.358 173.865 93 198.449 787.46 0 0
67250 1 5 4 1 0.069 0.212 0.15 0.956 0.273 248.148 8234 249.891 9814.147 0 0
67250 2 5 4 1 0.069 0.212 0.15 0.956 0.273 247.933 6885 249.901 9613.453 0 0
67250 3 5 4 1 0.069 0.212 0.15 0.956 0.273 243.476 5686 249.401 9204.707 0 0
67250 4 5 4 1 0.069 0.212 0.15 0.956 0.273 245.344 8392 249.632 10016.573 0 0
67250 5 5 4 1 0.069 0.212 0.15 0.956 0.273 247.49 6925 249.798 9492.753 0 0
67250 6 5 4 1 0.069 0.212 0.15 0.956 0.273 245.669 6822 249.452 9436.06 0 0
67250 7 5 4 1 0.069 0.212 0.15 0.956 0.273 248.169 5866 249.849 8839.947 0 0
67250 8 5 4 1 0.069 0.212 0.15 0.956 0.273 247.521 6168 249.885 8832.927 0 0
67250 9 5 4 1 0.069 0.212 0.15 0.956 0.273 248.814 6915 249.941 8490.893 0 0
67250 1 5 7 1 0.096 0.363 0.288 0.818 0.651 34.542 7 44.676 112.02 0 0.013
67250 2 5 7 1 0.096 0.363 0.288 0.818 0.651 40.623 15 46.391 149.8 0 0
67250 3 5 7 1 0.096 0.363 0.288 0.818 0.651 39.234 7 50.673 90.853 0 0.02
67250 4 5 7 1 0.096 0.363 0.288 0.818 0.651 43.498 10 51.184 112.913 0 0
67250 5 5 7 1 0.096 0.363 0.288 0.818 0.651 38.784 2 48.185 104.24 0 0.073
67250 6 5 7 1 0.096 0.363 0.288 0.818 0.651 19.235 0 28.435 105.493 0 0.007
67250 7 5 7 1 0.096 0.363 0.288 0.818 0.651 35.293 8 42.576 108.22 0 0.007
67250 8 5 7 1 0.096 0.363 0.288 0.818 0.651 33.774 3 45.012 116.547 0 0.04
67250 9 5 7 1 0.096 0.363 0.288 0.818 0.651 60.29 6 75.773 96.827 0 0.067
67250 10 5 7 1 0.096 0.363 0.288 0.818 0.651 38.331 26 47.002 148.527 0 0
67250 1 5 7 1 0.049 0.278 0.303 0.977 0.834 134.688 2 156.588 60.653 0 0.553
67250 2 5 7 1 0.049 0.278 0.303 0.977 0.834 127.603 0 153.939 53.053 0 0.5
67250 3 5 7 1 0.049 0.278 0.303 0.977 0.834 130.17 0 143.345 47.393 0 0.587
67250 4 5 7 1 0.049 0.278 0.303 0.977 0.834 138.514 0 156.102 55.66 0 0.573
67250 5 5 7 1 0.049 0.278 0.303 0.977 0.834 125.701 1 159.662 52.453 0 0.64
67250 6 5 7 1 0.049 0.278 0.303 0.977 0.834 124.401 0 149.827 51.053 0 0.5
67250 7 5 7 1 0.049 0.278 0.303 0.977 0.834 134.723 0 153.818 44.713 0 0.527
67250 8 5 7 1 0.049 0.278 0.303 0.977 0.834 141.233 0 169.607 41.46 0 0.647
67250 9 5 7 1 0.049 0.278 0.303 0.977 0.834 132.978 0 150.483 40.94 0 0.58
67250 10 5 7 1 0.049 0.278 0.303 0.977 0.834 144.861 0 175.24 52.693 0 0.62
67250 1 5 7 1 0.036 0.138 0.479 0.849 0.429 0 0 0 0 1 1
67250 2 5 7 1 0.036 0.138 0.479 0.849 0.429 131.508 0 159.395 54.04 0 0.447
67250 3 5 7 1 0.036 0.138 0.479 0.849 0.429 133.75 0 150.819 54.78 0 0.573
67250 4 5 7 1 0.036 0.138 0.479 0.849 0.429 145.165 0 165.8 58.227 0 0.513
67250 5 5 7 1 0.036 0.138 0.479 0.849 0.429 0 0 0 0 1 1
67250 6 5 7 1 0.036 0.138 0.479 0.849 0.429 116.506 0 146.118 51.847 0 0.52
67250 7 5 7 1 0.036 0.138 0.479 0.849 0.429 0 0 0 0 1 1
67250 8 5 7 1 0.036 0.138 0.479 0.849 0.429 124.315 0 148.234 49.353 0 0.52
67250 9 5 7 1 0.036 0.138 0.479 0.849 0.429 142.789 0 162.486 52.933 0 0.52
67250 10 5 7 1 0.036 0.138 0.479 0.849 0.429 0 0 0 0 1 1
67250 1 5 7 1 0.029 0.331 0.452 0.827 0.173 243.817 5540 249.623 8913.853 0 0
67250 2 5 7 1 0.029 0.331 0.452 0.827 0.173 246.06 5190 249.341 7945.04 0 0
67250 3 5 7 1 0.029 0.331 0.452 0.827 0.173 242.252 2689 248.656 7104.947 0 0
67250 4 5 7 1 0.029 0.331 0.452 0.827 0.173 244.489 4409 249.294 8306.367 0 0
67250 5 5 7 1 0.029 0.331 0.452 0.827 0.173 248.074 7070 249.879 9210.18 0 0
67250 6 5 7 1 0.029 0.331 0.452 0.827 0.173 246.032 5881 249.217 8093.147 0 0
67250 7 5 7 1 0.029 0.331 0.452 0.827 0.173 242.442 5867 249.075 7795.193 0 0
67250 8 5 7 1 0.029 0.331 0.452 0.827 0.173 245.688 7426 249.433 9372.96 0 0
67250 9 5 7 1 0.029 0.331 0.452 0.827 0.173 247.761 5773 249.648 7581.093 0 0
67250 10 5 7 1 0.029 0.331 0.452 0.827 0.173 246.93 6612 249.697 8846.527 0 0
67250 1 5 7 1 0.109 0.269 0.032 0.77 0.63 244.392 5159 248.373 6273.12 0 0
67250 2 5 7 1 0.109 0.269 0.032 0.77 0.63 248.824 6584 249.78 7664.173 0 0
67250 3 5 7 1 0.109 0.269 0.032 0.77 0.63 245.298 5378 248.214 6466.633 0 0
67250 4 5 7 1 0.109 0.269 0.032 0.77 0.63 244.52 5481 247.935 6543.9 0 0
67250 5 5 7 1 0.109 0.269 0.032 0.77 0.63 240.701 6367 247.819 7076.6 0 0
67250 6 5 7 1 0.109 0.269 0.032 0.77 0.63 245.33 4411 248.783 5587.473 0 0
67250 7 5 7 1 0.109 0.269 0.032 0.77 0.63 243.777 6013 248.989 7239.633 0 0
67250 8 5 7 1 0.109 0.269 0.032 0.77 0.63 240.85 4887 247.611 6443.513 0 0
67250 9 5 7 1 0.109 0.269 0.032 0.77 0.63 244.19 4399 247.835 6332.4 0 0
67250 10 5 7 1 0.109 0.269 0.032 0.77 0.63 248.196 6335 249.696 7215.533 0 0
67250 1 5 7 1 0.093 0.379 0.454 0.915 0.102 235.449 4849 247.875 7413.447 0 0
67250 2 5 7 1 0.093 0.379 0.454 0.915 0.102 245.59 6957 249.454 9444.947 0 0
67250 3 5 7 1 0.093 0.379 0.454 0.915 0.102 245.865 5662 249.623 8323.747 0 0
67250 1 3.5 10 1 0.047 0.42 0.332 0.938 0.352 241.705 2796 247.919 4088.093 0 0
67250 2 3.5 10 1 0.047 0.42 0.332 0.938 0.352 236.76 2706 246.718 4081.593 0 0
67250 3 3.5 10 1 0.047 0.42 0.332 0.938 0.352 234.652 1961 244.558 3683.067 0 0
67250 4 3.5 10 1 0.047 0.42 0.332 0.938 0.352 235.169 2856 244.85 3981.867 0 0
67250 5 3.5 10 1 0.047 0.42 0.332 0.938 0.352 238.572 1981 246.664 4059.02 0 0
67250 6 3.5 10 1 0.047 0.42 0.332 0.938 0.352 234.739 1195 246.13 3865.54 0 0
67250 7 3.5 10 1 0.047 0.42 0.332 0.938 0.352 236.701 2028 248.12 4473.74 0 0
67250 8 3.5 10 1 0.047 0.42 0.332 0.938 0.352 234.388 1831 245.643 3725.46 0 0
67250 9 3.5 10 1 0.047 0.42 0.332 0.938 0.352 240.186 1491 248.534 4447.247 0 0
67250 10 3.5 10 1 0.047 0.42 0.332 0.938 0.352 242 2434 247.005 3690.813 0 0
67250 1 3.5 10 1 0.01 0.366 0.475 0.848 0.778 145.685 0 170.929 35.633 0 0.553
67250 2 3.5 10 1 0.01 0.366 0.475 0.848 0.778 143.027 0 167.712 38.867 0 0.593
67250 3 3.5 10 1 0.01 0.366 0.475 0.848 0.778 143.239 1 173.862 44.467 0 0.613
67250 4 3.5 10 1 0.01 0.366 0.475 0.848 0.778 129.83 0 156.365 31.687 0 0.687
67250 5 3.5 10 1 0.01 0.366 0.475 0.848 0.778 154.785 1 177.749 45.633 0 0.54
67250 6 3.5 10 1 0.01 0.366 0.475 0.848 0.778 157.005 0 175.752 44.667 0 0.66
67250 7 3.5 10 1 0.01 0.366 0.475 0.848 0.778 147.73 0 173.62 39.827 0 0.467
67250 8 3.5 10 1 0.01 0.366 0.475 0.848 0.778 142.657 0 166.2 46.84 0 0.62
67250 9 3.5 10 1 0.01 0.366 0.475 0.848 0.778 167.757 0 180.444 41.4 0 0.467
67250 10 3.5 10 1 0.01 0.366 0.475 0.848 0.778 163.798 1 182.466 50.167 0 0.5
67250 1 3.5 10 1 0.029 0.08 0.435 0.801 0.711 134.041 0 161.869 44.987 0 0.427
67250 2 3.5 10 1 0.029 0.08 0.435 0.801 0.711 147.941 0 168.99 38.06 0 0.587
67250 3 3.5 10 1 0.029 0.08 0.435 0.801 0.711 148.393 0 171.4 40.327 0 0.567
67250 4 3.5 10 1 0.029 0.08 0.435 0.801 0.711 157.655 0 178.234 49.687 0 0.52
67250 5 3.5 10 1 0.029 0.08 0.435 0.801 0.711 141.08 0 157.764 43.773 0 0.467
67250 6 3.5 10 1 0.029 0.08 0.435 0.801 0.711 142.256 0 161.292 36.907 0 0.56
67250 7 3.5 10 1 0.029 0.08 0.435 0.801 0.711 164.001 0 178.035 47.873 0 0.56
67250 8 3.5 10 1 0.029 0.08 0.435 0.801 0.711 140.477 0 177.78 44.867 0 0.56
67250 9 3.5 10 1 0.029 0.08 0.435 0.801 0.711 146.064 0 166.184 30.993 0 0.653
67250 10 3.5 10 1 0.029 0.08 0.435 0.801 0.711 161.934 0 183.608 32.193 0 0.653
67250 1 3.5 10 1 0.106 0.041 0.123 0.936 0.143 161.018 364 173.846 885.22 0 0
67250 2 3.5 10 1 0.106 0.041 0.123 0.936 0.143 149.443 885 154.183 1347.28 0 0
67250 3 3.5 10 1 0.106 0.041 0.123 0.936 0.143 141.548 427 151.653 792.293 0 0
67250 4 3.5 10 1 0.106 0.041 0.123 0.936 0.143 164.421 606 169.116 1148.287 0 0
67250 5 3.5 10 1 0.106 0.041 0.123 0.936 0.143 161.981 589 172.056 1158.453 0 0
67250 6 3.5 10 1 0.106 0.041 0.123 0.936 0.143 159.653 719 166.904 1114.167 0 0
67250 7 3.5 10 1 0.106 0.041 0.123 0.936 0.143 167.675 312 175.522 973.047 0 0
67250 8 3.5 10 1 0.106 0.041 0.123 0.936 0.143 157.375 853 164.047 1224.673 0 0
67250 9 3.5 10 1 0.106 0.041 0.123 0.936 0.143 173.41 545 180.331 1107.967 0 0
67250 10 3.5 10 1 0.106 0.041 0.123 0.936 0.143 154.23 621 170.794 1091.727 0 0
67250 1 3.5 10 1 0.054 0.313 0.201 0.939 0.212 244.089 3431 249.345 6200.647 0 0
67250 2 3.5 10 1 0.054 0.313 0.201 0.939 0.212 241.763 4207 249.027 6773.753 0 0
67250 3 3.5 10 1 0.054 0.313 0.201 0.939 0.212 248.881 5885 249.914 6880.113 0 0
67250 4 3.5 10 1 0.054 0.313 0.201 0.939 0.212 243.282 4670 248.891 6523.78 0 0
67250 5 3.5 10 1 0.054 0.313 0.201 0.939 0.212 247.506 4417 249.666 6299.88 0 0
67250 6 3.5 10 1 0.054 0.313 0.201 0.939 0.212 245.821 5974 249.562 7037.907 0 0
67250 7 3.5 10 1 0.054 0.313 0.201 0.939 0.212 244.015 3682 249.262 6504.507 0 0
67250 8 3.5 10 1 0.054 0.313 0.201 0.939 0.212 245.178 4712 249.241 7245.887 0 0
67250 9 3.5 10 1 0.054 0.313 0.201 0.939 0.212 246.739 4951 249.493 6958.467 0 0
67250 10 3.5 10 1 0.054 0.313 0.201 0.939 0.212 247.197 4825 249.67 6683.253 0 0
67250 1 3.5 10 1 0.006 0.246 0.463 0.923 0.491 141.474 0 168.4 46.973 0 0.507
67250 2 3.5 10 1 0.006 0.246 0.463 0.923 0.491 0 0 0 0 1 1
67250 3 3.5 10 1 0.006 0.246 0.463 0.923 0.491 142.364 1 176.846 46.88 0 0.58
67250 4 3.5 10 1 0.006 0.246 0.463 0.923 0.491 170.523 1 186.855 45.367 0 0.527
67250 5 3.5 10 1 0.006 0.246 0.463 0.923 0.491 0 0 0 0 1 1
67250 6 3.5 10 1 0.006 0.246 0.463 0.923 0.491 145.304 0 171.212 42.56 0 0.567
67250 7 3.5 10 1 0.006 0.246 0.463 0.923 0.491 136.504 0 160.164 34.893 0 0.64
67250 8 3.5 10 1 0.006 0.246 0.463 0.923 0.491 0 0 0 0 1 1
67250 9 3.5 10 1 0.006 0.246 0.463 0.923 0.491 155.298 0 178.878 36.127 0 0.573
67250 10 3.5 10 1 0.006 0.246 0.463 0.923 0.491 0 0 0 0 1 1
67250 1 3.5 10 1 0.015 0.48 0.261 0.758 0.931 129.846 1 151.881 27.473 0 0.68
67250 1 3.5 3 1 0.025 0.387 0.018 0.964 0.181 249.384 7087 249.955 7926.167 0 0
67250 2 3.5 3 1 0.025 0.387 0.018 0.964 0.181 249.739 8723 249.995 9213.66 0 0
67250 3 3.5 3 1 0.025 0.387 0.018 0.964 0.181 249.418 7991 249.952 8909.467 0 0
67250 4 3.5 3 1 0.025 0.387 0.018 0.964 0.181 249.653 8452 249.99 8859.713 0 0
67250 5 3.5 3 1 0.025 0.387 0.018 0.964 0.181 249.696 8573 249.99 9061.62 0 0
67250 6 3.5 3 1 0.025 0.387 0.018 0.964 0.181 249.653 8056 249.989 8591.707 0 0
67250 7 3.5 3 1 0.025 0.387 0.018 0.964 0.181 249.696 8553 249.992 9147.053 0 0
67250 8 3.5 3 1 0.025 0.387 0.018 0.964 0.181 249.824 8827 249.996 9093.18 0 0
67250 9 3.5 3 1 0.025 0.387 0.018 0.964 0.181 249.782 7917 249.99 8721.427 0 0
67250 10 3.5 3 1 0.025 0.387 0.018 0.964 0.181 249.521 8479 249.992 9150.26 0 0
67250 1 3.5 3 1 0.023 0.147 0.175 0.893 0.721 50.689 16 58.983 161.447 0 0
67250 2 3.5 3 1 0.023 0.147 0.175 0.893 0.721 51.362 7 56.179 170.767 0 0.007
67250 3 3.5 3 1 0.023 0.147 0.175 0.893 0.721 51.977 18 60.215 229.313 0 0
67250 4 3.5 3 1 0.023 0.147 0.175 0.893 0.721 58.399 64 65.31 200.34 0 0
67250 5 3.5 3 1 0.023 0.147 0.175 0.893 0.721 49.622 54 56.953 197.48 0 0
67250 6 3.5 3 1 0.023 0.147 0.175 0.893 0.721 46.826 5 52.464 115.26 0 0.047
67250 7 3.5 3 1 0.023 0.147 0.175 0.893 0.721 58.411 25 64.375 168.22 0 0
67250 8 3.5 3 1 0.023 0.147 0.175 0.893 0.721 50.137 15 56.227 213.907 0 0
67250 9 3.5 3 1 0.023 0.147 0.175 0.893 0.721 34.335 37 44.861 164.807 0 0
67250 10 3.5 3 1 0.023 0.147 0.175 0.893 0.721 49.264 27 58.407 206.353 0 0
67250 1 3.5 3 1 0.097 0.481 0.024 0.921 0.535 248.291 7055 249.868 8042.107 0 0
67250 2 3.5 3 1 0.097 0.481 0.024 0.921 0.535 248.497 6254 249.86 7217.887 0 0
67250 3 3.5 3 1 0.097 0.481 0.024 0.921 0.535 248.546 6295 249.913 7496.073 0 0
67250 4 3.5 3 1 0.097 0.481 0.024 0.921 0.535 249.384 6809 249.947 7236.547 0 0
67250 5 3.5 3 1 0.097 0.481 0.024 0.921 0.535 248.282 7308 249.93 7979.66 0 0
67250 6 3.5 3 1 0.097 0.481 0.024 0.921 0.535 249.306 6368 249.967 8105.953 0 0
67250 7 3.5 3 1 0.097 0.481 0.024 0.921 0.535 249 6096 249.922 7252.92 0 0
67250 8 3.5 3 1 0.097 0.481 0.024 0.921 0.535 249.25 7173 249.97 7843.64 0 0
67250 9 3.5 3 1 0.097 0.481 0.024 0.921 0.535 248.43 5355 249.878 6500.373 0 0
67250 10 3.5 3 1 0.097 0.481 0.024 0.921 0.535 249.174 6325 249.92 6976.72 0 0
67250 1 3.5 3 1 0.011 0.401 0.168 0.763 0.993 13.948 11 22.209 99.04 0 0
67250 2 3.5 3 1 0.011 0.401 0.168 0.763 0.993 12.463 2 17.407 37.953 0 0.26
67250 3 3.5 3 1 0.011 0.401 0.168 0.763 0.993 20.075 3 24.598 89.3 0 0.127
67250 4 3.5 3 1 0.011 0.401 0.168 0.763 0.993 0 0 0 0 1 1
67250 5 3.5 3 1 0.011 0.401 0.168 0.763 0.993 15.137 20 22.879 97.307 0 0
67250 6 3.5 3 1 0.011 0.401 0.168 0.763 0.993 15.867 9 21.464 63.747 0 0.013
67250 7 3.5 3 1 0.011 0.401 0.168 0.763 0.993 20.54 6 24.727 73.067 0 0.033
67250 8 3.5 3 1 0.011 0.401 0.168 0.763 0.993 0 0 0 0 1 1
67250 9 3.5 3 1 0.011 0.401 0.168 0.763 0.993 17.039 12 29.952 89.953 0 0
67250 10 3.5 3 1 0.011 0.401 0.168 0.763 0.993 21.471 10 25.771 65.867 0 0
67250 1 3.5 3 1 0.081 0.194 0.314 0.882 0.751 21.235 5 26.314 76.993 0 0.06
67250 2 3.5 3 1 0.081 0.194 0.314 0.882 0.751 16.562 10 22.207 72.893 0 0
67250 3 3.5 3 1 0.081 0.194 0.314 0.882 0.751 0 0 0 0 1 1
67250 4 3.5 3 1 0.081 0.194 0.314 0.882 0.751 16.896 4 26.183 60.313 0 0.12
67250 5 3.5 3 1 0.081 0.194 0.314 0.882 0.751 14.589 7 21.296 47.04 0 0.073
67250 6 3.5 3 1 0.081 0.194 0.314 0.882 0.751 19.007 4 22.649 51.713 0 0.033
67250 7 3.5 3 1 0.081 0.194 0.314 0.882 0.751 17.739 4 27.074 95.287 0 0.1
67250 8 3.5 3 1 0.081 0.194 0.314 0.882 0.751 20.55 8 26.985 71.493 0 0.007
67250 9 3.5 3 1 0.081 0.194 0.314 0.882 0.751 13.591 33 18.387 90.973 0 0
67250 10 3.5 3 1 0.081 0.194 0.314 0.882 0.751 0 0 0 0 1 1
67250 1 3.5 3 1 0.017 0.441 0.273 0.855 0.215 249.127 5651 249.948 7327.913 0 0
67250 2 3.5 3 1 0.017 0.441 0.273 0.855 0.215 243.95 4538 249.536 6199.473 0 0
67250 3 3.5 3 1 0.017 0.441 0.273 0.855 0.215 248.117 5367 249.895 7204.687 0 0
67250 4 3.5 3 1 0.017 0.441 0.273 0.855 0.215 249.389 4908 249.967 7729.727 0 0
67250 1 4 8 1 0.064 0.412 0.256 0.828 0.152 245.02 6417 249.725 8488.387 0 0
67250 2 4 8 1 0.064 0.412 0.256 0.828 0.152 244.291 6589 249.418 8528.56 0 0
67250 3 4 8 1 0.064 0.412 0.256 0.828 0.152 244.388 5851 249.516 7758.567 0 0
67250 4 4 8 1 0.064 0.412 0.256 0.828 0.152 247.611 7615 249.868 9401 0 0
67250 5 4 8 1 0.064 0.412 0.256 0.828 0.152 246.493 6276 249.538 8720.8 0 0
67250 6 4 8 1 0.064 0.412 0.256 0.828 0.152 247.526 8033 249.861 8864.213 0 0
67250 7 4 8 1 0.064 0.412 0.256 0.828 0.152 248.295 7208 249.892 8854.607 0 0
67250 8 4 8 1 0.064 0.412 0.256 0.828 0.152 246.916 6021 249.765 8664.013 0 0
67250 9 4 8 1 0.064 0.412 0.256 0.828 0.152 249 7784 249.966 9614.14 0 0
67250 10 4 8 1 0.064 0.412 0.256 0.828 0.152 249.196 8012 249.981 8950.147 0 0
67250 1 4 8 1 0.046 0.241 0.136 0.994 0.256 245.761 4888 249.558 7476.953 0 0
67250 2 4 8 1 0.046 0.241 0.136 0.994 0.256 246.419 5937 249.713 7682.2 0 0
67250 3 4 8 1 0.046 0.241 0.136 0.994 0.256 246.099 5399 249.271 7252.253 0 0
67250 4 4 8 1 0.046 0.241 0.136 0.994 0.256 244.215 5320 249.443 7664.88 0 0
67250 5 4 8 1 0.046 0.241 0.136 0.994 0.256 247.802 5714 249.731 7139.627 0 0
67250 6 4 8 1 0.046 0.241 0.136 0.994 0.256 247.15 4962 249.62 6626 0 0
67250 7 4 8 1 0.046 0.241 0.136 0.994 0.256 245.489 6271 249.642 7464.767 0 0
67250 8 4 8 1 0.046 0.241 0.136 0.994 0.256 246.246 5952 249.549 7480.167 0 0
67250 9 4 8 1 0.046 0.241 0.136 0.994 0.256 245.387 6211 249.395 7394.807 0 0
67250 10 4 8 1 0.046 0.241 0.136 0.994 0.256 244.385 4206 249.378 6502.167 0 0
67250 1 4 8 1 0.105 0.161 0.217 0.94 0.276 235.021 1883 241.565 3407.667 0 0
67250 2 4 8 1 0.105 0.161 0.217 0.94 0.276 225.803 1466 239.894 2895.427 0 0
67250 3 4 8 1 0.105 0.161 0.217 0.94 0.276 222.536 2071 228.141 3361.833 0 0
67250 4 4 8 1 0.105 0.161 0.217 0.94 0.276 240.08 1868 245.433 3196.72 0 0
67250 5 4 8 1 0.105 0.161 0.217 0.94 0.276 226.876 2703 236.763 3543.967 0 0
67250 6 4 8 1 0.105 0.161 0.217 0.94 0.276 237.303 2481 245.414 3662.547 0 0
67250 7 4 8 1 0.105 0.161 0.217 0.94 0.276 212.881 1868 227.647 3289.793 0 0
67250 8 4 8 1 0.105 0.161 0.217 0.94 0.276 242.298 2148 247.051 3910.76 0 0
67250 9 4 8 1 0.105 0.161 0.217 0.94 0.276 228.811 1869 236.215 3543.973 0 0
67250 10 4 8 1 0.105 0.161 0.217 0.94 0.276 230.958 1972 241.467 3236.48 0 0
67250 1 4 8 1 0.017 0.372 0.377 0.896 0.667 134.747 0 159.068 45.28 0 0.633
67250 2 4 8 1 0.017 0.372 0.377 0.896 0.667 144.251 0 160.555 43.773 0 0.553
67250 3 4 8 1 0.017 0.372 0.377 0.896 0.667 143.423 2 170.768 43.98 0 0.533
67250 4 4 8 1 0.017 0.372 0.377 0.896 0.667 132.33 1 163.334 46.633 0 0.527
67250 5 4 8 1 0.017 0.372 0.377 0.896 0.667 131.995 0 149.343 38.44 0 0.48
67250 6 4 8 1 0.017 0.372 0.377 0.896 0.667 136.893 0 160.264 51.74 0 0.487
67250 7 4 8 1 0.017 0.372 0.377 0.896 0.667 136.616 1 150.443 36.027 0 0.52
67250 8 4 8 1 0.017 0.372 0.377 0.896 0.667 132.614 1 161.454 42.393 0 0.553
67250 9 4 8 1 0.017 0.372 0.377 0.896 0.667 150.3 0 168.199 48.413 0 0.553
67250 10 4 8 1 0.017 0.372 0.377 0.896 0.667 143.727 0 166.089 35.687 0 0.527
67250 1 4 8 1 0.072 0.199 0.254 0.776 0.151 246.669 6636 249.477 8023.527 0 0
67250 2 4 8 1 0.072 0.199 0.254 0.776 0.151 248.582 7519 249.906 8963.773 0 0
67250 3 4 8 1 0.072 0.199 0.254 0.776 0.151 245.726 6003 249.358 7879.433 0 0
67250 4 4 8 1 0.072 0.199 0.254 0.776 0.151 244.966 6025 249.545 7899.593 0 0
67250 5 4 8 1 0.072 0.199 0.254 0.776 0.151 244.256 5572 249.241 7853.507 0 0
67250 6 4 8 1 0.072 0.199 0.254 0.776 0.151 246.776 6444 249.746 7852.093 0 0
67250 1 3.5 5 1 0.042 0.485 0.083 0.81 0.068 248.521 8797 249.927 9820.36 0 0
67250 2 3.5 5 1 0.042 0.485 0.083 0.81 0.068 249.565 8108 249.988 8789.413 0 0
67250 3 3.5 5 1 0.042 0.485 0.083 0.81 0.068 249.653 8202 249.991 8672.96 0 0
67250 4 3.5 5 1 0.042 0.485 0.083 0.81 0.068 249.824 8121 249.997 8852.693 0 0
67250 5 3.5 5 1 0.042 0.485 0.083 0.81 0.068 249.476 8641 249.988 9323.467 0 0
67250 6 3.5 5 1 0.042 0.485 0.083 0.81 0.068 249.696 8968 249.993 9494.233 0 0
67250 7 3.5 5 1 0.042 0.485 0.083 0.81 0.068 249.521 8510 249.991 8923.487 0 0
67250 8 3.5 5 1 0.042 0.485 0.083 0.81 0.068 249.865 8523 249.996 9115.547 0 0
67250 9 3.5 5 1 0.042 0.485 0.083 0.81 0.068 249.597 7721 249.982 8656.893 0 0
67250 10 3.5 5 1 0.042 0.485 0.083 0.81 0.068 249.291 8214 249.978 9171.767 0 0
67250 1 3.5 5 1 0.064 0.103 0.465 0.769 0.682 0 0 0 0 1 1
67250 2 3.5 5 1 0.064 0.103 0.465 0.769 0.682 117.409 1 142.025 33.313 0 0.58
67250 3 3.5 5 1 0.064 0.103 0.465 0.769 0.682 75.522 0 85.914 22.707 0 0.453
67250 4 3.5 5 1 0.064 0.103 0.465 0.769 0.682 118.794 0 136.701 45.467 0 0.367
67250 5 3.5 5 1 0.064 0.103 0.465 0.769 0.682 93.431 0 109.264 25.2 0 0.527
67250 6 3.5 5 1 0.064 0.103 0.465 0.769 0.682 140.161 0 155.422 40.92 0 0.493
67250 7 3.5 5 1 0.064 0.103 0.465 0.769 0.682 100.458 0 115.135 25.907 0 0.587
67250 8 3.5 5 1 0.064 0.103 0.465 0.769 0.682 87.705 1 97.051 43.36 0 0.32
67250 9 3.5 5 1 0.064 0.103 0.465 0.769 0.682 132.483 1 148.016 48.013 0 0.487
67250 10 3.5 5 1 0.064 0.103 0.465 0.769 0.682 91.784 1 102.087 29.747 0 0.26
67250 1 3.5 5 1 0.115 0.389 0.012 0.763 0.148 249.696 7979 249.99 8411.58 0 0
67250 2 3.5 5 1 0.115 0.389 0.012 0.763 0.148 249.696 8531 249.994 9169.82 0 0
67250 3 3.5 5 1 0.115 0.389 0.012 0.763 0.148 249.306 6982 249.965 7862.667 0 0
67250 4 3.5 5 1 0.115 0.389 0.012 0.763 0.148 249.384 7440 249.97 7939.607 0 0
67250 5 3.5 5 1 0.115 0.389 0.012 0.763 0.148 249.475 6609 249.964 7156 0 0
67250 6 3.5 5 1 0.115 0.389 0.012 0.763 0.148 249.565 8058 249.981 8620.727 0 0
67250 7 3.5 5 1 0.115 0.389 0.012 0.763 0.148 249.604 7365 249.976 8125.987 0 0
67250 8 3.5 5 1 0.115 0.389 0.012 0.763 0.148 249.565 8162 249.986 8625.973 0 0
67250 9 3.5 5 1 0.115 0.389 0.012 0.763 0.148 249.653 8538 249.991 9001.4 0 0
67250 10 3.5 5 1 0.115 0.389 0.012 0.763 0.148 249.479 7481 249.977 8125.213 0 0
67250 1 3.5 5 1 0.082 0.103 0.473 0.87 0.808 126.417 1 141.476 45.687 0 0.447
67250 2 3.5 5 1 0.082 0.103 0.473 0.87 0.808 117.117 2 139.452 41.82 0 0.527
67250 3 3.5 5 1 0.082 0.103 0.473 0.87 0.808 77.788 0 91.538 43.133 0 0.293
67250 4 3.5 5 1 0.082 0.103 0.473 0.87 0.808 125.278 1 146.21 42.04 0 0.48
67250 5 3.5 5 1 0.082 0.103 0.473 0.87 0.808 91.764 0 102.57 23.56 0 0.613
67250 6 3.5 5 1 0.082 0.103 0.473 0.87 0.808 128.661 0 150.757 41.927 0 0.527
67250 7 3.5 5 1 0.082 0.103 0.473 0.87 0.808 91.224 1 102.58 33.067 0 0.5
67250 8 3.5 5 1 0.082 0.103 0.473 0.87 0.808 93.954 0 109.039 30.913 0 0.36
67250 9 3.5 5 1 0.082 0.103 0.473 0.87 0.808 128.399 1 146.154 43.86 0 0.52
67250 10 3.5 5 1 0.082 0.103 0.473 0.87 0.808 142.337 0 159.801 36.84 0 0.493
67250 1 3.5 5 1 0.07 0.33 0.159 0.948 0.208 249.196 6260 249.952 7216.353 0 0
67250 2 3.5 5 1 0.07 0.33 0.159 0.948 0.208 248.227 4004 249.762 5638.487 0 0
67250 3 3.5 5 1 0.07 0.33 0.159 0.948 0.208 246.653 6182 249.587 7318.047 0 0
67250 4 3.5 5 1 0.07 0.33 0.159 0.948 0.208 245.809 5889 249.705 6995.787 0 0
67250 5 3.5 5 1 0.07 0.33 0.159 0.948 0.208 246.392 4617 249.468 6881.2 0 0
67250 6 3.5 5 1 0.07 0.33 0.159 0.948 0.208 246.657 7031 249.827 7766.047 0 0
67250 7 3.5 5 1 0.07 0.33 0.159 0.948 0.208 247.346 6961 249.835 7723.06 0 0
67250 8 3.5 5 1 0.07 0.33 0.159 0.948 0.208 248.876 6091 249.89 6995.587 0 0
67250 9 3.5 5 1 0.07 0.33 0.159 0.948 0.208 247.392 5286 249.859 7074.993 0 0
67250 1 3.5 3 1 0.05 0.22 0.363 0.892 0.974 13.886 6 16.574 29.987 0 0.093
67250 2 3.5 3 1 0.05 0.22 0.363 0.892 0.974 16.985 8 19.772 54.807 0 0.013
67250 3 3.5 3 1 0.05 0.22 0.363 0.892 0.974 20.411 2 25.777 56.24 0 0.18
67250 4 3.5 3 1 0.05 0.22 0.363 0.892 0.974 13.879 8 20.681 58.647 0 0.033
67250 5 3.5 3 1 0.05 0.22 0.363 0.892 0.974 20.422 4 26.545 60.58 0 0.213
67250 6 3.5 3 1 0.05 0.22 0.363 0.892 0.974 0 0 0 0 1 1
67250 7 3.5 3 1 0.05 0.22 0.363 0.892 0.974 15.309 14 21.7 79.34 0 0
67250 8 3.5 3 1 0.05 0.22 0.363 0.892 0.974 14.623 8 19.749 69.62 0 0.053
67250 9 3.5 3 1 0.05 0.22 0.363 0.892 0.974 18.603 4 25.101 89.053 0 0.04
67250 10 3.5 3 1 0.05 0.22 0.363 0.892 0.974 16.016 8 23.839 94.52 0 0.013
67250 1 3.5 3 1 0.058 0.276 0.133 0.965 0.194 247.394 6066 249.824 7202.7 0 0
67250 2 3.5 3 1 0.058 0.276 0.133 0.965 0.194 247.853 5635 249.811 6576.913 0 0
67250 3 3.5 3 1 0.058 0.276 0.133 0.965 0.194 249.43 6151 249.958 6976.327 0 0
67250 4 3.5 3 1 0.058 0.276 0.133 0.965 0.194 248.045 5326 249.805 6587.033 0 0
67250 5 3.5 3 1 0.058 0.276 0.133 0.965 0.194 248.857 5899 249.934 7223.447 0 0
67250 6 3.5 3 1 0.058 0.276 0.133 0.965 0.194 248.343 5535 249.893 7167.02 0 0
67250 7 3.5 3 1 0.058 0.276 0.133 0.965 0.194 248.739 6651 249.888 7260.113 0 0
67250 8 3.5 3 1 0.058 0.276 0.133 0.965 0.194 246.456 5737 249.698 6839.173 0 0
67250 9 3.5 3 1 0.058 0.276 0.133 0.965 0.194 246.49 3651 249.68 6095.6 0 0
67250 10 3.5 3 1 0.058 0.276 0.133 0.965 0.194 246.382 6010 249.824 7373.073 0 0
67250 1 3.5 3 1 0.092 0.121 0.497 0.928 0.36 21.423 16 25.706 105.107 0 0
67250 2 3.5 3 1 0.092 0.121 0.497 0.928 0.36 19.549 30 26.673 93.827 0 0
67250 3 3.5 3 1 0.092 0.121 0.497 0.928 0.36 15.524 8 24.524 85.773 0 0.02
67250 4 3.5 3 1 0.092 0.121 0.497 0.928 0.36 18.573 3 24.271 58.18 0 0.08
67250 5 3.5 3 1 0.092 0.121 0.497 0.928 0.36 16.956 6 24.088 56.773 0 0.067
67250 6 3.5 3 1 0.092 0.121 0.497 0.928 0.36 19.946 8 25.139 65.853 0 0.02
67250 7 3.5 3 1 0.092 0.121 0.497 0.928 0.36 19.382 10 25.915 95.327 0 0
67250 8 3.5 3 1 0.092 0.121 0.497 0.928 0.36 17.725 6 25.792 85.033 0 0.02
67250 9 3.5 3 1 0.092 0.121 0.497 0.928 0.36 0 0 0 0 1 1
67250 10 3.5 3 1 0.092 0.121 0.497 0.928 0.36 12.814 26 20.423 92.833 0 0
67250 1 3.5 3 1 0.029 0.19 0.055 0.759 0.999 20.738 9 25.725 115.073 0 0.013
67250 2 3.5 3 1 0.029 0.19 0.055 0.759 0.999 17.686 4 24.329 63.567 0 0.04
67250 3 3.5 3 1 0.029 0.19 0.055 0.759 0.999 16.416 4 19.528 75.52 0 0.113
67250 4 3.5 3 1 0.029 0.19 0.055 0.759 0.999 13.197 5 20.476 71.873 0 0.067
67250 5 3.5 3 1 0.029 0.19 0.055 0.759 0.999 14.991 0 19.516 28.9 0 0.353
67250 6 3.5 3 1 0.029 0.19 0.055 0.759 0.999 16.687 2 23.959 77.38 0 0.1
67250 7 3.5 3 1 0.029 0.19 0.055 0.759 0.999 0 0 0 0 1 1
67250 8 3.5 3 1 0.029 0.19 0.055 0.759 0.999 51.775 4 60.966 52.373 0 0.227
67250 9 3.5 3 1 0.029 0.19 0.055 0.759 0.999 15.737 2 18.662 31.92 0 0.12
67250 10 3.5 3 1 0.029 0.19 0.055 0.759 0.999 0 0 0 0 1 1
67250 1 3.5 3 1 0.114 0.024 0.024 0.827 0.07 248.059 5194 249.774 6077.947 0 0
67250 2 3.5 3 1 0.114 0.024 0.024 0.827 0.07 248.747 5597 249.943 6618.067 0 0
67250 3 3.5 3 1 0.114 0.024 0.024 0.827 0.07 248.838 6039 249.918 6849.133 0 0
67250 4 3.5 3 1 0.114 0.024 0.024 0.827 0.07 248.733 4606 249.819 5835.853 0 0
67250 5 3.5 3 1 0.114 0.024 0.024 0.827 0.07 247.354 5827 249.665 6153.327 0 0
67250 6 3.5 3 1 0.114 0.024 0.024 0.827 0.07 249.049 5391 249.916 6334.813 0 0
67250 7 3.5 3 1 0.114 0.024 0.024 0.827 0.07 246.475 5303 249.569 5991.46 0 0
67250 8 3.5 3 1 0.114 0.024 0.024 0.827 0.07 247.565 5139 249.657 5953.153 0 0
67250 9 3.5 3 1 0.114 0.024 0.024 0.827 0.07 249.148 6366 249.906 6800.027 0 0
67250 10 3.5 3 1 0.114 0.024 0.024 0.827 0.07 248.493 5117 249.8 5577.407 0 0
67250 1 3.5 3 1 0.046 0.351 0.315 0.887 0.268 247.211 4660 249.734 6237.853 0 0
67250 2 3.5 3 1 0.046 0.351 0.315 0.887 0.268 245.735 4065 249.538 6259.107 0 0
67250 3 3.5 3 1 0.046 0.351 0.315 0.887 0.268 244.958 4330 249.417 5941.587 0 0
67250 1 3.5 4 1 0.094 0.021 0.072 0.91 0.194 62.972 43 74.219 207.093 0 0
67250 2 3.5 4 1 0.094 0.021 0.072 0.91 0.194 53.014 63 68.821 267.767 0 0
67250 3 3.5 4 1 0.094 0.021 0.072 0.91 0.194 58.165 39 63.94 155.32 0 0
67250 4 3.5 4 1 0.094 0.021 0.072 0.91 0.194 0 0 0 0 1 1
67250 5 3.5 4 1 0.094 0.021 0.072 0.91 0.194 52.649 36 62.55 208.66 0 0
67250 6 3.5 4 1 0.094 0.021 0.072 0.91 0.194 0 0 0 0 1 1
67250 7 3.5 4 1 0.094 0.021 0.072 0.91 0.194 70.569 111 77.868 244.173 0 0
67250 8 3.5 4 1 0.094 0.021 0.072 0.91 0.194 75.124 55 82.274 216.5 0 0
67250 9 3.5 4 1 0.094 0.021 0.072 0.91 0.194 64.482 11 74.226 72.22 0 0
67250 10 3.5 4 1 0.094 0.021 0.072 0.91 0.194 61.248 56 72.939 211.593 0 0
67250 1 3.5 4 1 0.023 0.468 0.064 0.871 0.219 249.085 6418 249.923 7079.8 0 0
67250 2 3.5 4 1 0.023 0.468 0.064 0.871 0.219 249.521 7664 249.977 8776.953 0 0
67250 3 3.5 4 1 0.023 0.468 0.064 0.871 0.219 249.653 8663 249.996 9550 0 0
67250 4 3.5 4 1 0.023 0.468 0.064 0.871 0.219 249.291 7043 249.974 8455.793 0 0
67250 5 3.5 4 1 0.023 0.468 0.064 0.871 0.219 248.395 8576 249.962 9143.393 0 0
67250 6 3.5 4 1 0.023 0.468 0.064 0.871 0.219 249.175 7592 249.972 8124.613 0 0
67250 7 3.5 4 1 0.023 0.468 0.064 0.871 0.219 248.903 8374 249.94 9359.527 0 0
67250 8 3.5 4 1 0.023 0.468 0.064 0.871 0.219 249.081 7056 249.966 7929.493 0 0
67250 9 3.5 4 1 0.023 0.468 0.064 0.871 0.219 248.061 6760 249.874 8015.88 0 0
67250 10 3.5 4 1 0.023 0.468 0.064 0.871 0.219 249.291 7743 249.98 8494.127 0 0
67250 1 3.5 4 1 0.103 0.142 0.301 0.949 0.663 112.126 0 120.625 36.647 0 0.46
67250 2 3.5 4 1 0.103 0.142 0.301 0.949 0.663 29.503 4 35.127 63.993 0 0.053
67250 3 3.5 4 1 0.103 0.142 0.301 0.949 0.663 14.873 13 23.535 57.193 0 0
67250 4 3.5 4 1 0.103 0.142 0.301 0.949 0.663 10.965 17 12.856 45.113 0 0
67250 5 3.5 4 1 0.103 0.142 0.301 0.949 0.663 112.3 0 127.427 40.3 0 0.367
67250 6 3.5 4 1 0.103 0.142 0.301 0.949 0.663 12.791 7 21.575 75 0 0.1
67250 7 3.5 4 1 0.103 0.142 0.301 0.949 0.663 4.994 0 9.486 12.627 0.007 0.58
67250 8 3.5 4 1 0.103 0.142 0.301 0.949 0.663 10.732 3 16.603 58.527 0 0.133
67250 9 3.5 4 1 0.103 0.142 0.301 0.949 0.663 0 0 0 0 1 1
67250 10 3.5 4 1 0.103 0.142 0.301 0.949 0.663 129.269 0 140.967 40.487 0 0.493
67250 1 3.5 4 1 0.005 0.034 0.424 0.948 0.084 57.367 34 65.922 162.66 0 0
67250 2 3.5 4 1 0.005 0.034 0.424 0.948 0.084 69.267 14 77.443 311.207 0 0
67250 3 3.5 4 1 0.005 0.034 0.424 0.948 0.084 57.563 15 74.34 230.64 0 0
67250 4 3.5 4 1 0.005 0.034 0.424 0.948 0.084 0 0 0 0 1 1
67250 5 3.5 4 1 0.005 0.034 0.424 0.948 0.084 63.608 41 72.58 254.393 0 0
67250 6 3.5 4 1 0.005 0.034 0.424 0.948 0.084 0 0 0 0 1 1
67250 7 3.5 4 1 0.005 0.034 0.424 0.948 0.084 53.693 25 66.018 183.687 0 0
67250 8 3.5 4 1 0.005 0.034 0.424 0.948 0.084 63.825 6 75.902 261.173 0 0.027
67250 9 3.5 4 1 0.005 0.034 0.424 0.948 0.084 63.937 37 76.868 309.48 0 0
67250 10 3.5 4 1 0.005 0.034 0.424 0.948 0.084 79.24 60 87.149 338.673 0 0
67250 1 3.5 4 1 0.004 0.243 0.08 0.876 0.973 111.979 1 125.882 52.82 0 0.32
67250 2 3.5 4 1 0.004 0.243 0.08 0.876 0.973 0 0 0 0 1 1
67250 3 3.5 4 1 0.004 0.243 0.08 0.876 0.973 8.22 0 14.535 5.88 0 0.707
67250 4 3.5 4 1 0.004 0.243 0.08 0.876 0.973 17.197 1 25.038 55.087 0 0.187
67250 5 3.5 4 1 0.004 0.243 0.08 0.876 0.973 114.751 0 138.658 39.993 0 0.493
67250 6 3.5 4 1 0.004 0.243 0.08 0.876 0.973 24.693 6 30.32 60.613 0 0.053
67250 7 3.5 4 1 0.004 0.243 0.08 0.876 0.973 85.496 0 98.744 22 0 0.553
67250 8 3.5 4 1 0.004 0.243 0.08 0.876 0.973 77.531 1 85.366 37.847 0 0.253
67250 9 3.5 4 1 0.004 0.243 0.08 0.876 0.973 97.672 0 123.094 45.093 0 0.313
67250 10 3.5 4 1 0.004 0.243 0.08 0.876 0.973 111.07 1 131.138 45.473 0 0.567
67250 1 3.5 4 1 0.058 0.204 0.36 0.876 0.867 52.73 0 62.911 9.407 0 0.627
67250 2 3.5 4 1 0.058 0.204 0.36 0.876 0.867 0 0 0 0 1 1
67250 3 3.5 4 1 0.058 0.204 0.36 0.876 0.867 121.864 0 143.615 36.033 0 0.62
67250 4 3.5 4 1 0.058 0.204 0.36 0.876 0.867 35.924 0 53.699 42.08 0 0.287
67250 5 3.5 4 1 0.058 0.204 0.36 0.876 0.867 17.901 8 23.602 78.873 0 0.04
67250 6 3.5 4 1 0.058 0.204 0.36 0.876 0.867 107.583 0 127.29 23.973 0 0.68
67250 7 3.5 4 1 0.058 0.204 0.36 0.876 0.867 31.335 2 38.186 61.92 0 0.053
67250 8 3.5 4 1 0.058 0.204 0.36 0.876 0.867 94.605 0 102.579 26.947 0 0.56
67250 9 3.5 4 1 0.058 0.204 0.36 0.876 0.867 43.677 4 54.892 31.02 0 0.047
67250 10 3.5 4 1 0.058 0.204 0.36 0.876 0.867 51.158 3 61.903 52.573 0 0.2
67250 1 4 6 0 0.109 0.136 0.42 0.876 0.014 237.26 2943 247.64 6916.973 0 0
67250 2 4 6 0 0.109 0.136 0.42 0.876 0.014 234.356 2067 247.268 6849.3 0 0
67250 3 4 6 0 0.109 0.136 0.42 0.876 0.014 240.314 5689 248.632 7645.373 0 0
67250 4 4 6 0 0.109 0.136 0.42 0.876 0.014 217.427 849 243.059 5719.4 0 0
67250 5 4 6 0 0.109 0.136 0.42 0.876 0.014 229.447 2545 245.83 7303.527 0 0
67250 6 4 6 0 0.109 0.136 0.42 0.876 0.014 236.849 3938 245.883 6169.347 0 0
67250 7 4 6 0 0.109 0.136 0.42 0.876 0.014 224.283 2496 241.915 6065.907 0 0
67250 8 4 6 0 0.109 0.136 0.42 0.876 0.014 241.766 4784 248.136 7740.353 0 0
67250 9 4 6 0 0.109 0.136 0.42 0.876 0.014 247.244 6641 249.624 8694.007 0 0
67250 10 4 6 0 0.109 0.136 0.42 0.876 0.014 237.066 3299 247.981 7489.227 0 0
67250 1 4 6 0 0.112 0.19 0.073 0.825 0.291 230.934 2147 243.371 5401.787 0 0
67250 2 4 6 0 0.112 0.19 0.073 0.825 0.291 230.998 1961 245.732 5538.073 0 0
67250 3 4 6 0 0.112 0.19 0.073 0.825 0.291 239.059 3877 246.635 6388.36 0 0
67250 4 4 6 0 0.112 0.19 0.073 0.825 0.291 233.168 3805 246.581 6210.887 0 0
67250 5 4 6 0 0.112 0.19 0.073 0.825 0.291 233.642 2630 246.272 5607.84 0 0
67250 6 4 6 0 0.112 0.19 0.073 0.825 0.291 216.012 273 232.488 4037.427 0 0
67250 7 4 6 0 0.112 0.19 0.073 0.825 0.291 221.389 2543 240.956 5743.993 0 0
67250 8 4 6 0 0.112 0.19 0.073 0.825 0.291 221.62 494 242.756 5528.813 0 0
67250 9 4 6 0 0.112 0.19 0.073 0.825 0.291 206.498 279 237.998 4322.313 0 0
67250 10 4 6 0 0.112 0.19 0.073 0.825 0.291 230.408 3592 244.068 5898.153 0 0
67250 1 4 6 0 0.017 0.042 0.04 0.803 0.57 120.424 9 142.967 291.92 0 0.027
67250 2 4 6 0 0.017 0.042 0.04 0.803 0.57 87.276 3 106.584 369.247 0 0.2
67250 3 4 6 0 0.017 0.042 0.04 0.803 0.57 90.776 11 98.98 292.467 0 0
67250 4 4 6 0 0.017 0.042 0.04 0.803 0.57 80.913 2 91.246 194.587 0 0.167
67250 5 4 6 0 0.017 0.042 0.04 0.803 0.57 85.284 3 104.833 275.193 0 0.113
67250 6 4 6 0 0.017 0.042 0.04 0.803 0.57 102.929 18 116.378 331.993 0 0
67250 7 4 6 0 0.017 0.042 0.04 0.803 0.57 102.723 3 125.45 264.34 0 0.2
67250 8 4 6 0 0.017 0.042 0.04 0.803 0.57 111.798 12 129.454 538.493 0 0
67250 9 4 6 0 0.017 0.042 0.04 0.803 0.57 97.438 9 107.92 364.62 0 0.013
67250 10 4 6 0 0.017 0.042 0.04 0.803 0.57 91.334 18 100.956 430.113 0 0
67250 1 4 6 0 0.028 0.42 0.483 0.772 0.811 130.952 0 146.995 48.433 0 0.493
67250 2 4 6 0 0.028 0.42 0.483 0.772 0.811 128.671 1 150.267 42.573 0 0.553
67250 3 4 6 0 0.028 0.42 0.483 0.772 0.811 131.84 0 153.811 41.627 0 0.5
67250 4 4 6 0 0.028 0.42 0.483 0.772 0.811 133.807 0 156.977 48.733 0 0.507
67250 5 4 6 0 0.028 0.42 0.483 0.772 0.811 104.442 1 141.114 50.067 0 0.513
67250 6 4 6 0 0.028 0.42 0.483 0.772 0.811 93.373 0 112.134 27.973 0 0.513
67250 7 4 6 0 0.028 0.42 0.483 0.772 0.811 134.874 1 153.442 39.633 0 0.567
67250 8 4 6 0 0.028 0.42 0.483 0.772 0.811 127.281 0 148.685 43.273 0 0.447
67250 9 4 6 0 0.028 0.42 0.483 0.772 0.811 65.369 0 77.961 19.053 0 0.6
67250 10 4 6 0 0.028 0.42 0.483 0.772 0.811 125.576 0 154.918 44.84 0 0.547
67250 1 4 6 0 0.022 0.06 0.044 0.877 0.65 95.391 2 111.722 175.133 0 0.373
67250 2 4 6 0 0.022 0.06 0.044 0.877 0.65 87.139 10 99.899 220.573 0 0
67250 3 4 6 0 0.022 0.06 0.044 0.877 0.65 115.266 1 137.448 169.847 0 0.14
67250 4 4 6 0 0.022 0.06 0.044 0.877 0.65 63.881 3 94.907 164.467 0 0.18
67250 5 4 6 0 0.022 0.06 0.044 0.877 0.65 79.128 5 94.201 114.693 0 0.26
67250 6 4 6 0 0.022 0.06 0.044 0.877 0.65 101.73 4 118.631 178.553 0 0.173
67250 7 4 6 0 0.022 0.06 0.044 0.877 0.65 83.661 10 94.174 242.333 0 0
67250 8 4 6 0 0.022 0.06 0.044 0.877 0.65 95.188 2 104.916 174.22 0 0.16
67250 9 4 6 0 0.022 0.06 0.044 0.877 0.65 75.509 2 89.197 104.067 0 0.173
67250 10 4 6 0 0.022 0.06 0.044 0.877 0.65 69.562 1 88.076 59.667 0 0.287
67250 1 4 6 0 0.1 0.244 0.378 0.839 0.385 128.298 1 146.894 49.833 0 0.647
67250 2 4 6 0 0.1 0.244 0.378 0.839 0.385 122.525 0 139.434 44.987 0 0.493
67250 3 4 6 0 0.1 0.244 0.378 0.839 0.385 121.583 0 143.574 36.753 0 0.667
67250 4 4 6 0 0.1 0.244 0.378 0.839 0.385 127.598 0 146.399 38.533 0 0.46
67250 5 4 6 0 0.1 0.244 0.378 0.839 0.385 102.657 0 112.031 38.013 0 0.52
67250 6 4 6 0 0.1 0.244 0.378 0.839 0.385 119.347 0 138.794 46.06 0 0.407
67250 7 4 6 0 0.1 0.244 0.378 0.839 0.385 132.074 0 147.452 44.94 0 0.493
67250 8 4 6 0 0.1 0.244 0.378 0.839 0.385 118.652 0 135.867 63.367 0 0.387
67250 9 4 6 0 0.1 0.244 0.378 0.839 0.385 100.832 1 120.75 43.967 0 0.533
67250 10 4 6 0 0.1 0.244 0.378 0.839 0.385 121.598 0 158.323 43.853 0 0.5
67250 1 4 6 0 0.009 0.251 0.026 0.921 0.099 242.826 8265 249.406 10384.373 0 0
67250 2 4 6 0 0.009 0.251 0.026 0.921 0.099 244.565 6988 248.959 9878.107 0 0
67250 3 4 6 0 0.009 0.251 0.026 0.921 0.099 244.069 8127 249.37 9861.987 0 0
67250 4 4 6 0 0.009 0.251 0.026 0.921 0.099 235.359 5140 247.379 9854.813 0 0
67250 5 4 6 0 0.009 0.251 0.026 0.921 0.099 242.929 7662 248.789 9507.94 0 0
67250 6 4 6 0 0.009 0.251 0.026 0.921 0.099 246.947 8516 249.58 11099.167 0 0
67250 7 4 6 0 0.009 0.251 0.026 0.921 0.099 241.827 7775 247.978 9885.027 0 0
67250 8 4 6 0 0.009 0.251 0.026 0.921 0.099 238.493 8401 248.084 9829.473 0 0
67250 9 4 6 0 0.009 0.251 0.026 0.921 0.099 249.824 10218 249.998 11117.667 0 0
67250 10 4 6 0 0.009 0.251 0.026 0.921 0.099 244 7703 249.341 9896.887 0 0
67250 1 5 9 1 0.055 0.286 0.496 0.774 0.629 141.258 0 160.535 48.233 0 0.593
67250 2 5 9 1 0.055 0.286 0.496 0.774 0.629 141.693 0 171.944 49.987 0 0.593
67250 3 5 9 1 0.055 0.286 0.496 0.774 0.629 145.623 1 165.01 48.8 0 0.607
67250 4 5 9 1 0.055 0.286 0.496 0.774 0.629 150.547 0 168.526 57.707 0 0.507
67250 5 5 9 1 0.055 0.286 0.496 0.774 0.629 158.973 0 179.284 56.54 0 0.58
67250 6 5 9 1 0.055 0.286 0.496 0.774 0.629 144.002 0 200.505 55.727 0 0.493
67250 7 5 9 1 0.055 0.286 0.496 0.774 0.629 139.541 0 157.559 49.873 0 0.513
67250 8 5 9 1 0.055 0.286 0.496 0.774 0.629 149.853 0 171.087 52.093 0 0.527
67250 9 5 9 1 0.055 0.286 0.496 0.774 0.629 163.571 0 180.347 55.06 0 0.56
67250 10 5 9 1 0.055 0.286 0.496 0.774 0.629 143.471 0 169.889 46.553 0 0.5
67250 1 5 9 1 0.07 0.234 0.413 0.921 0.64 139.094 0 168.625 44.36 0 0.567
67250 2 5 9 1 0.07 0.234 0.413 0.921 0.64 114.624 0 156.61 57.727 0 0.487
67250 3 5 9 1 0.07 0.234 0.413 0.921 0.64 152.376 0 170.906 56.987 0 0.527
67250 4 5 9 1 0.07 0.234 0.413 0.921 0.64 137.942 0 157.352 44.027 0 0.48
67250 5 5 9 1 0.07 0.234 0.413 0.921 0.64 130.064 0 147.082 38.513 0 0.6
67250 6 5 9 1 0.07 0.234 0.413 0.921 0.64 141.202 0 164.045 57.747 0 0.507
67250 7 5 9 1 0.07 0.234 0.413 0.921 0.64 163.853 0 189.293 44.913 0 0.667
67250 8 5 9 1 0.07 0.234 0.413 0.921 0.64 138.927 0 163.421 45.06 0 0.593
67250 9 5 9 1 0.07 0.234 0.413 0.921 0.64 133.717 0 158.514 40.833 0 0.52
67250 10 5 9 1 0.07 0.234 0.413 0.921 0.64 148.096 0 173.4 52.507 0 0.58
67250 1 5 9 1 0.016 0.113 0.459 0.833 0.034 245.737 7509 249.694 9351.727 0 0
67250 2 5 9 1 0.016 0.113 0.459 0.833 0.034 247.893 7166 249.901 9908.127 0 0
67250 3 5 9 1 0.016 0.113 0.459 0.833 0.034 243.571 5894 249.146 8505.247 0 0
67250 4 5 9 1 0.016 0.113 0.459 0.833 0.034 248.44 8843 249.879 10368.62 0 0
67250 5 5 9 1 0.016 0.113 0.459 0.833 0.034 247 5441 249.56 7986.88 0 0
67250 6 5 9 1 0.016 0.113 0.459 0.833 0.034 242.684 8137 249.502 10167.453 0 0
67250 7 5 9 1 0.016 0.113 0.459 0.833 0.034 245.625 8292 249.463 10547.993 0 0
67250 8 5 9 1 0.016 0.113 0.459 0.833 0.034 248 7667 249.842 10192.793 0 0
67250 9 5 9 1 0.016 0.113 0.459 0.833 0.034 247.893 6184 249.835 9274.14 0 0
67250 10 5 9 1 0.016 0.113 0.459 0.833 0.034 245.589 4551 249.402 8555.127 0 0
67250 1 5 9 1 0.055 0.316 0.088 0.752 0.742 239.574 832 244.065 1741.46 0 0
67250 2 5 9 1 0.055 0.316 0.088 0.752 0.742 232.344 344 240.669 1345.8 0 0
67250 3 5 9 1 0.055 0.316 0.088 0.752 0.742 222.283 607 241.125 1751.453 0 0
67250 4 5 9 1 0.055 0.316 0.088 0.752 0.742 225.236 731 236.734 1485.107 0 0
67250 5 5 9 1 0.055 0.316 0.088 0.752 0.742 231.627 874 241.979 1733.787 0 0
67250 6 5 9 1 0.055 0.316 0.088 0.752 0.742 235.885 1285 244.303 2401.973 0 0
67250 7 5 9 1 0.055 0.316 0.088 0.752 0.742 233.564 950 242.555 1772.007 0 0
67250 8 5 9 1 0.055 0.316 0.088 0.752 0.742 234.875 628 243.614 1712.08 0 0
67250 9 5 9 1 0.055 0.316 0.088 0.752 0.742 234.862 837 241.234 1935.74 0 0
67250 10 5 9 1 0.055 0.316 0.088 0.752 0.742 230.2 594 241.686 1533.013 0 0
67250 1 5 9 1 0.014 0.457 0.256 0.885 0.011 248.571 9445 249.96 11939.307 0 0
67250 2 5 9 1 0.014 0.457 0.256 0.885 0.011 250 12906 250 13604.713 0 0
67250 3 5 9 1 0.014 0.457 0.256 0.885 0.011 249.61 10432 249.997 11984.727 0 0
67250 4 5 9 1 0.014 0.457 0.256 0.885 0.011 245.164 10190 249.637 12163.807 0 0
67250 5 5 9 1 0.014 0.457 0.256 0.885 0.011 246.344 11762 249.643 13008.393 0 0
67250 6 5 9 1 0.014 0.457 0.256 0.885 0.011 247.565 10289 249.907 12278.54 0 0
67250 7 5 9 1 0.014 0.457 0.256 0.885 0.011 249.865 10984 249.999 12980.48 0 0
67250 8 5 9 1 0.014 0.457 0.256 0.885 0.011 249.696 9639 249.996 11078.873 0 0
67250 9 5 9 1 0.014 0.457 0.256 0.885 0.011 247 9488 249.817 12027.82 0 0
67250 10 5 9 1 0.014 0.457 0.256 0.885 0.011 249.148 9529 249.991 11276.293 0 0
67250 1 5 9 1 0.023 0.269 0.216 0.794 0.497 238.3 1536 245.181 3818.007 0 0
67250 2 5 9 1 0.023 0.269 0.216 0.794 0.497 228 1177 239.986 3724.66 0 0
67250 3 5 9 1 0.023 0.269 0.216 0.794 0.497 228.986 1569 238.413 3999.447 0 0
67250 4 5 9 1 0.023 0.269 0.216 0.794 0.497 235.425 1087 242.343 3257.393 0 0
67250 5 5 9 1 0.023 0.269 0.216 0.794 0.497 230.691 2063 242.849 3863.96 0 0
67250 6 5 9 1 0.023 0.269 0.216 0.794 0.497 227.202 2049 240.451 3890.36 0 0
67250 7 5 9 1 0.023 0.269 0.216 0.794 0.497 222.765 936 240.062 3196.06 0 0
67250 8 5 9 1 0.023 0.269 0.216 0.794 0.497 222.907 402 235.72 2781.253 0 0
67250 9 5 9 1 0.023 0.269 0.216 0.794 0.497 220.839 1257 236.265 3542.18 0 0
67250 10 5 9 1 0.023 0.269 0.216 0.794 0.497 227.266 1565 239.174 3694.167 0 0
67250 1 5 9 1 0.1 0.42 0.314 0.949 0.363 239.345 4494 245.444 6312.613 0 0
67250 2 5 9 1 0.1 0.42 0.314 0.949 0.363 232.462 3175 246.588 4770.513 0 0
67250 3 5 9 1 0.1 0.42 0.314 0.949 0.363 237.575 2620 243.086 5320.32 0 0
67250 4 5 9 1 0.1 0.42 0.314 0.949 0.363 243.738 3612 248.432 5668.907 0 0
67250 5 5 9 1 0.1 0.42 0.314 0.949 0.363 236.456 4420 246.724 6151.86 0 0
67250 6 5 9 1 0.1 0.42 0.314 0.949 0.363 243.452 2393 248.315 6194.073 0 0
67250 7 5 9 1 0.1 0.42 0.314 0.949 0.363 242.274 4929 249.006 7528.167 0 0
67250 8 5 9 1 0.1 0.42 0.314 0.949 0.363 242.049 3480 248.22 5402.427 0 0
67250 1 3.5 5 0 0.036 0.118 0.257 0.915 0.359 108.563 0 116.81 56.747 0 0.38
67250 2 3.5 5 0 0.036 0.118 0.257 0.915 0.359 77.171 0 99.888 40.793 0 0.393
67250 3 3.5 5 0 0.036 0.118 0.257 0.915 0.359 100.466 0 115.53 38.327 0 0.573
67250 4 3.5 5 0 0.036 0.118 0.257 0.915 0.359 59.539 2 76.985 74.247 0 0.353
67250 5 3.5 5 0 0.036 0.118 0.257 0.915 0.359 72.971 3 91.74 162.273 0 0.16
67250 6 3.5 5 0 0.036 0.118 0.257 0.915 0.359 0 0 0 0 1 1
67250 7 3.5 5 0 0.036 0.118 0.257 0.915 0.359 65.397 1 99.65 61.3 0 0.367
67250 8 3.5 5 0 0.036 0.118 0.257 0.915 0.359 98.115 0 117.05 59.727 0 0.367
67250 9 3.5 5 0 0.036 0.118 0.257 0.915 0.359 125.958 0 143.462 54.14 0 0.52
67250 10 3.5 5 0 0.036 0.118 0.257 0.915 0.359 67.692 5 75.651 126.773 0 0.087
67250 1 3.5 5 0 0.104 0.388 0.322 0.928 0.303 147.046 8 179.804 731.787 0 0.027
67250 2 3.5 5 0 0.104 0.388 0.322 0.928 0.303 193.737 9 218.421 862.433 0 0.027
67250 3 3.5 5 0 0.104 0.388 0.322 0.928 0.303 0 0 0 0 1 1
67250 4 3.5 5 0 0.104 0.388 0.322 0.928 0.303 216.012 763 236.046 2129.973 0 0
67250 5 3.5 5 0 0.104 0.388 0.322 0.928 0.303 154.199 13 172.896 690.547 0 0
67250 6 3.5 5 0 0.104 0.388 0.322 0.928 0.303 178.362 13 208.255 790.547 0 0
67250 7 3.5 5 0 0.104 0.388 0.322 0.928 0.303 172.46 5 196.617 1085.493 0 0.04
67250 8 3.5 5 0 0.104 0.388 0.322 0.928 0.303 196.982 8 220.428 696.907 0 0.04
67250 9 3.5 5 0 0.104 0.388 0.322 0.928 0.303 190.037 111 216.099 1282.167 0 0
67250 10 3.5 5 0 0.104 0.388 0.322 0.928 0.303 154.501 23 176.255 582.687 0 0
67250 1 3.5 5 0 0.073 0.478 0.03 0.81 0.587 238.824 4222 247.091 5700.34 0 0
67250 2 3.5 5 0 0.073 0.478 0.03 0.81 0.587 238.428 4341 246.679 6253.48 0 0
67250 3 3.5 5 0 0.073 0.478 0.03 0.81 0.587 236.428 3236 245.553 5351.933 0 0
67250 4 3.5 5 0 0.073 0.478 0.03 0.81 0.587 239.359 4510 247.152 5793.407 0 0
67250 5 3.5 5 0 0.073 0.478 0.03 0.81 0.587 232.125 1255 244.69 4874.58 0 0
67250 6 3.5 5 0 0.073 0.478 0.03 0.81 0.587 238.283 2692 246.555 5874.88 0 0
67250 7 3.5 5 0 0.073 0.478 0.03 0.81 0.587 242 5267 247.621 6520.52 0 0
67250 8 3.5 5 0 0.073 0.478 0.03 0.81 0.587 234.018 2041 243.792 4295.713 0 0
67250 9 3.5 5 0 0.073 0.478 0.03 0.81 0.587 229.628 2079 245.351 4759.207 0 0
67250 10 3.5 5 0 0.073 0.478 0.03 0.81 0.587 230.41 1314 244.241 4500.353 0 0
67250 1 3.5 5 0 0.066 0.181 0.496 0.764 0.428 30.449 0 33.277 5.307 0 0.753
67250 2 3.5 5 0 0.066 0.181 0.496 0.764 0.428 97.24 0 119.951 33.467 0 0.54
67250 3 3.5 5 0 0.066 0.181 0.496 0.764 0.428 84.265 1 90.882 36.707 0 0.447
67250 4 3.5 5 0 0.066 0.181 0.496 0.764 0.428 108.626 0 130.478 38.953 0 0.48
67250 5 3.5 5 0 0.066 0.181 0.496 0.764 0.428 124.259 0 140.863 38.14 0 0.653
67250 6 3.5 5 0 0.066 0.181 0.496 0.764 0.428 109.267 0 131.884 37.707 0 0.573
67250 7 3.5 5 0 0.066 0.181 0.496 0.764 0.428 102.043 0 125.348 28.6 0 0.64
67250 8 3.5 5 0 0.066 0.181 0.496 0.764 0.428 0 0 0 0 1 1
67250 9 3.5 5 0 0.066 0.181 0.496 0.764 0.428 118.107 0 135.671 41.433 0 0.547
67250 10 3.5 5 0 0.066 0.181 0.496 0.764 0.428 45.632 2 52.014 24.773 0 0.307
67250 1 3.5 5 0 0.029 0.039 0.034 0.923 0.931 89.503 0 96.214 17.167 0 0.56
67250 2 3.5 5 0 0.029 0.039 0.034 0.923 0.931 84.769 0 94.741 18.993 0 0.573
67250 3 3.5 5 0 0.029 0.039 0.034 0.923 0.931 99.21 1 117.391 34 0 0.42
67250 4 3.5 5 0 0.029 0.039 0.034 0.923 0.931 56.229 0 70.065 12.373 0 0.653
67250 5 3.5 5 0 0.029 0.039 0.034 0.923 0.931 124.237 0 139.622 33.413 0 0.573
67250 6 3.5 5 0 0.029 0.039 0.034 0.923 0.931 55.547 1 69.871 12.58 0 0.747
67250 7 3.5 5 0 0.029 0.039 0.034 0.923 0.931 95.057 0 118.113 32.353 0 0.507
67250 8 3.5 5 0 0.029 0.039 0.034 0.923 0.931 85.434 0 102.449 21.9 0 0.513
67250 9 3.5 5 0 0.029 0.039 0.034 0.923 0.931 130.266 1 146.742 38.18 0 0.56
67250 10 3.5 5 0 0.029 0.039 0.034 0.923 0.931 54.214 1 72.593 30.487 0 0.32
67250 1 3.5 5 0 0.075 0.066 0.23 0.817 0.842 0 0 0 0 1 1
67250 2 3.5 5 0 0.075 0.066 0.23 0.817 0.842 78.13 2 86.127 38.847 0 0.2
67250 3 3.5 5 0 0.075 0.066 0.23 0.817 0.842 92.92 1 100.949 26.407 0 0.44
67250 4 3.5 5 0 0.075 0.066 0.23 0.817 0.842 60.858 0 86.028 25.86 0 0.613
67250 5 3.5 5 0 0.075 0.066 0.23 0.817 0.842 88.868 3 97.364 51.193 0 0.093
67250 6 3.5 5 0 0.075 0.066 0.23 0.817 0.842 0 0 0 0 1 1
67250 7 3.5 5 0 0.075 0.066 0.23 0.817 0.842 39.494 0 48.388 5.3 0 0.813
67250 8 3.5 5 0 0.075 0.066 0.23 0.817 0.842 115.064 0 128.612 55.093 0 0.3
67250 9 3.5 5 0 0.075 0.066 0.23 0.817 0.842 126.875 0 146.779 30.667 0 0.627
67250 10 3.5 5 0 0.075 0.066 0.23 0.817 0.842 0 0 0 0 1 1
67250 1 3.5 5 0 0.102 0.235 0.338 0.874 0.524 0 0 0 0 1 1
67250 2 3.5 5 0 0.102 0.235 0.338 0.874 0.524 0 0 0 0 1 1
67250 3 3.5 5 0 0.102 0.235 0.338 0.874 0.524 126.013 1 147.576 47.833 0 0.467
67250 4 3.5 5 0 0.102 0.235 0.338 0.874 0.524 99.938 1 115.116 38.067 0 0.52
67250 5 3.5 5 0 0.102 0.235 0.338 0.874 0.524 63.8 1 76.348 75.78 0 0.147
67250 6 3.5 5 0 0.102 0.235 0.338 0.874 0.524 118.318 0 135.09 38.313 0 0.533
67250 7 3.5 5 0 0.102 0.235 0.338 0.874 0.524 127.772 1 143.639 42.673 0 0.52
67250 8 3.5 5 0 0.102 0.235 0.338 0.874 0.524 28.816 0 36.25 17.547 0 0.52
67250 9 3.5 5 0 0.102 0.235 0.338 0.874 0.524 69.959 0 88.106 75.34 0 0.373
67250 10 3.5 5 0 0.102 0.235 0.338 0.874 0.524 50.794 0 63.809 73.313 0 0.153
67250 1 3.5 5 0 0.015 0.31 0.097 0.78 0.262 227.741 2239 244.967 5701.593 0 0
67250 2 3.5 5 0 0.015 0.31 0.097 0.78 0.262 233.328 2738 247.366 7071.767 0 0
67250 3 3.5 5 0 0.015 0.31 0.097 0.78 0.262 223.519 2477 241.175 4895.28 0 0
67250 4 3.5 5 0 0.015 0.31 0.097 0.78 0.262 228.24 2382 243.145 5333.507 0 0
67250 5 3.5 5 0 0.015 0.31 0.097 0.78 0.262 228.886 868 246.069 6396.307 0 0
67250 6 3.5 5 0 0.015 0.31 0.097 0.78 0.262 221.168 290 245.29 5893.053 0 0
67250 7 3.5 5 0 0.015 0.31 0.097 0.78 0.262 230.413 2696 243.638 4899.193 0 0
67250 8 3.5 5 0 0.015 0.31 0.097 0.78 0.262 234.068 4543 246.834 6511.513 0 0
67250 9 3.5 5 0 0.015 0.31 0.097 0.78 0.262 243.83 4773 248.713 7381.86 0 0
67250 10 3.5 5 0 0.015 0.31 0.097 0.78 0.262 226.363 1935 244.938 5486.46 0 0
67250 1 3.5 5 0 0.073 0.39 0.257 0.96 0.082 217.736 1034 244.712 5995.18 0 0
67250 2 3.5 5 0 0.073 0.39 0.257 0.96 0.082 235.36 2565 246.855 6553.773 0 0
67250 3 3.5 5 0 0.073 0.39 0.257 0.96 0.082 235.926 1463 247.506 6281.873 0 0
67250 4 3.5 5 0 0.073 0.39 0.257 0.96 0.082 225.987 1120 244.243 5442.253 0 0
67250 5 3.5 5 0 0.073 0.39 0.257 0.96 0.082 222.696 349 241.804 4703.68 0 0
67250 6 3.5 5 0 0.073 0.39 0.257 0.96 0.082 228.437 1687 240.699 4738.733 0 0
67250 7 3.5 5 0 0.073 0.39 0.257 0.96 0.082 226.791 464 244.615 4291.907 0 0
67250 8 3.5 5 0 0.073 0.39 0.257 0.96 0.082 234.622 2065 244.412 4921.953 0 0
67250 1 5 7 1 0.022 0.107 0.146 0.88 0.569 135.83 121 143.082 525.273 0 0
67250 2 5 7 1 0.022 0.107 0.146 0.88 0.569 117.407 28 130.692 785.747 0 0
67250 3 5 7 1 0.022 0.107 0.146 0.88 0.569 127.211 31 138.401 513.8 0 0
67250 4 5 7 1 0.022 0.107 0.146 0.88 0.569 118.818 87 127.474 478.48 0 0
67250 5 5 7 1 0.022 0.107 0.146 0.88 0.569 123.955 209 132.703 789.44 0 0
67250 6 5 7 1 0.022 0.107 0.146 0.88 0.569 118.291 47 138.465 334.18 0 0
67250 7 5 7 1 0.022 0.107 0.146 0.88 0.569 112.651 187 120.966 478.847 0 0
67250 8 5 7 1 0.022 0.107 0.146 0.88 0.569 126.561 237 131.02 817.44 0 0
67250 9 5 7 1 0.022 0.107 0.146 0.88 0.569 123.75 212 131.545 704.353 0 0
67250 10 5 7 1 0.022 0.107 0.146 0.88 0.569 117.852 72 129.657 603.38 0 0
67250 1 5 7 1 0.114 0.104 0.194 0.777 0.753 132.305 0 159.623 41.867 0 0.593
67250 2 5 7 1 0.114 0.104 0.194 0.777 0.753 126.51 1 143.863 57.5 0 0.5
67250 3 5 7 1 0.114 0.104 0.194 0.777 0.753 137.845 0 174.162 46.853 0 0.613
67250 4 5 7 1 0.114 0.104 0.194 0.777 0.753 130.49 0 166.668 54.92 0 0.593
67250 5 5 7 1 0.114 0.104 0.194 0.777 0.753 126.272 0 160.005 51.073 0 0.533
67250 6 5 7 1 0.114 0.104 0.194 0.777 0.753 130.474 0 143.524 42.553 0 0.527
67250 7 5 7 1 0.114 0.104 0.194 0.777 0.753 131.431 0 155.909 54.987 0 0.487
67250 8 5 7 1 0.114 0.104 0.194 0.777 0.753 138.403 0 165.933 55.293 0 0.56
67250 9 5 7 1 0.114 0.104 0.194 0.777 0.753 133.897 0 154.212 44.54 0 0.64
67250 10 5 7 1 0.114 0.104 0.194 0.777 0.753 144.581 2 166.194 51.947 0 0.52
67250 1 5 7 1 0.091 0.144 0.068 0.944 0.033 249.565 10059 249.997 10882.62 0 0
67250 2 5 7 1 0.091 0.144 0.068 0.944 0.033 249 10455 249.984 11614.207 0 0
67250 3 5 7 1 0.091 0.144 0.068 0.944 0.033 249.696 12444 249.998 13628.093 0 0
67250 4 5 7 1 0.091 0.144 0.068 0.944 0.033 250 11622 250 13127.593 0 0
67250 5 5 7 1 0.091 0.144 0.068 0.944 0.033 247.872 10593 249.93 11888.28 0 0
67250 6 5 7 1 0.091 0.144 0.068 0.944 0.033 249.906 10756 249.999 11434.053 0 0
67250 7 5 7 1 0.091 0.144 0.068 0.944 0.033 249.987 11381 250 12342.667 0 0
67250 8 5 7 1 0.091 0.144 0.068 0.944 0.033 249.739 10760 249.998 12035.8 0 0
67250 9 5 7 1 0.091 0.144 0.068 0.944 0.033 249.099 8935 249.984 10106.853 0 0
67250 10 5 7 1 0.091 0.144 0.068 0.944 0.033 249.338 10938 249.99 11701.973 0 0
67250 1 5 7 1 0.11 0.094 0.355 0.9 0.895 131.242 0 149.523 40.927 0 0.587
67250 2 5 7 1 0.11 0.094 0.355 0.9 0.895 133.4 0 156.917 45.333 0 0.627
67250 3 5 7 1 0.11 0.094 0.355 0.9 0.895 137.672 0 153.476 42.733 0 0.553
67250 4 5 7 1 0.11 0.094 0.355 0.9 0.895 141.709 0 156.387 61.167 0 0.5
67250 5 5 7 1 0.11 0.094 0.355 0.9 0.895 164.974 0 184.711 55.173 0 0.56
67250 6 5 7 1 0.11 0.094 0.355 0.9 0.895 131.462 0 154.053 56.933 0 0.54
67250 7 5 7 1 0.11 0.094 0.355 0.9 0.895 136.558 0 156.628 53.127 0 0.473
67250 8 5 7 1 0.11 0.094 0.355 0.9 0.895 128.28 2 138.979 38.013 0 0.547
67250 9 5 7 1 0.11 0.094 0.355 0.9 0.895 140.372 0 167.264 62.387 0 0.473
67250 10 5 7 1 0.11 0.094 0.355 0.9 0.895 136.108 0 149.413 51.427 0 0.513
67250 1 5 7 1 0.039 0.398 0.03 0.884 0.123 250 13235 250 14282.36 0 0
67250 2 5 7 1 0.039 0.398 0.03 0.884 0.123 250 12673 250 13474.127 0 0
67250 3 5 7 1 0.039 0.398 0.03 0.884 0.123 250 13432 250 14681.56 0 0
67250 4 5 7 1 0.039 0.398 0.03 0.884 0.123 249.824 12674 249.999 13417.207 0 0
67250 5 5 7 1 0.039 0.398 0.03 0.884 0.123 249.61 10296 249.996 11715.833 0 0
67250 6 5 7 1 0.039 0.398 0.03 0.884 0.123 249.865 11097 249.999 12387.167 0 0
67250 7 5 7 1 0.039 0.398 0.03 0.884 0.123 249.521 10992 249.997 12392.753 0 0
67250 8 5 7 1 0.039 0.398 0.03 0.884 0.123 248.148 11184 249.934 12620.987 0 0
67250 9 5 7 1 0.039 0.398 0.03 0.884 0.123 249.43 12130 249.993 13005.48 0 0
67250 10 5 7 1 0.039 0.398 0.03 0.884 0.123 249.338 11096 249.995 13662.04 0 0
67250 1 5 7 1 0.02 0.372 0.162 0.986 0.27 246.778 5615 249.578 8717.753 0 0
67250 2 5 7 1 0.02 0.372 0.162 0.986 0.27 245.069 5640 249.315 7946.6 0 0
67250 3 5 7 1 0.02 0.372 0.162 0.986 0.27 245.569 6353 249.508 9177.933 0 0
67250 4 5 7 1 0.02 0.372 0.162 0.986 0.27 245.204 8171 249.735 11042.333 0 0
67250 5 5 7 1 0.02 0.372 0.162 0.986 0.27 247.148 8285 249.704 10416.007 0 0
67250 6 5 7 1 0.02 0.372 0.162 0.986 0.27 243.364 3998 248.944 8066.48 0 0
67250 7 5 7 1 0.02 0.372 0.162 0.986 0.27 247 6688 249.496 9574.893 0 0
67250 8 5 7 1 0.02 0.372 0.162 0.986 0.27 245.521 7244 249.598 9646.82 0 0
67250 9 5 7 1 0.02 0.372 0.162 0.986 0.27 245.004 6480 249.452 9146.233 0 0
67250 10 5 7 1 0.02 0.372 0.162 0.986 0.27 244.223 2912 249.361 8081.613 0 0
67250 1 5 7 1 0.07 0.495 0.389 0.851 0.021 249.565 10213 249.994 11307.773 0 0
67250 2 5 7 1 0.07 0.495 0.389 0.851 0.021 246.628 9793 249.889 10915.453 0 0
67250 1 4 6 1 0.062 0.019 0.279 0.943 0.241 107.88 0 142.913 39.26 0 0.573
67250 2 4 6 1 0.062 0.019 0.279 0.943 0.241 133.614 1 153.67 43.947 0 0.567
67250 3 4 6 1 0.062 0.019 0.279 0.943 0.241 84.481 0 98.871 19.953 0 0.56
67250 4 4 6 1 0.062 0.019 0.279 0.943 0.241 80.954 0 92.002 23.733 0 0.5
67250 5 4 6 1 0.062 0.019 0.279 0.943 0.241 87.992 1 116.79 30.98 0 0.62
67250 6 4 6 1 0.062 0.019 0.279 0.943 0.241 0 0 0 0 1 1
67250 7 4 6 1 0.062 0.019 0.279 0.943 0.241 101.326 0 123.458 33.02 0 0.5
67250 8 4 6 1 0.062 0.019 0.279 0.943 0.241 132.921 0 150.33 36.967 0 0.553
67250 9 4 6 1 0.062 0.019 0.279 0.943 0.241 125.856 0 144.169 47.42 0 0.5
67250 10 4 6 1 0.062 0.019 0.279 0.943 0.241 116.665 1 133.367 36.84 0 0.6
67250 1 4 6 1 0.092 0.283 0.399 0.907 0.526 35.314 11 48.434 169.093 0 0
67250 2 4 6 1 0.092 0.283 0.399 0.907 0.526 26.613 7 38.705 132.54 0 0.06
67250 3 4 6 1 0.092 0.283 0.399 0.907 0.526 31.108 3 39.578 159.253 0 0.027
67250 4 4 6 1 0.092 0.283 0.399 0.907 0.526 22.282 5 37.168 45.367 0 0.12
67250 5 4 6 1 0.092 0.283 0.399 0.907 0.526 38.579 14 46.191 116.827 0 0
67250 6 4 6 1 0.092 0.283 0.399 0.907 0.526 30.257 5 36.346 104.927 0 0.087
67250 7 4 6 1 0.092 0.283 0.399 0.907 0.526 32.144 11 44.936 154.36 0 0
67250 8 4 6 1 0.092 0.283 0.399 0.907 0.526 14.342 3 22.277 16.98 0 0.347
67250 9 4 6 1 0.092 0.283 0.399 0.907 0.526 29.175 9 35.958 118.733 0 0.007
67250 10 4 6 1 0.092 0.283 0.399 0.907 0.526 51.269 0 66.066 26.787 0 0.4
67250 1 4 6 1 0.119 0.107 0.213 0.986 0.962 121.941 0 153.694 47.547 0 0.467
67250 2 4 6 1 0.119 0.107 0.213 0.986 0.962 108.226 0 140.056 48.427 0 0.447
67250 3 4 6 1 0.119 0.107 0.213 0.986 0.962 117.037 0 142.02 46.567 0 0.467
67250 4 4 6 1 0.119 0.107 0.213 0.986 0.962 126.263 0 140.565 40.233 0 0.573
67250 5 4 6 1 0.119 0.107 0.213 0.986 0.962 113.884 0 129.363 46.88 0 0.42
67250 6 4 6 1 0.119 0.107 0.213 0.986 0.962 82.44 3 103.811 50.907 0 0.173
67250 7 4 6 1 0.119 0.107 0.213 0.986 0.962 119.07 0 136.003 41.647 0 0.593
67250 8 4 6 1 0.119 0.107 0.213 0.986 0.962 104.693 0 129.271 30.367 0 0.493
67250 9 4 6 1 0.119 0.107 0.213 0.986 0.962 118.114 0 148.289 49.833 0 0.46
67250 10 4 6 1 0.119 0.107 0.213 0.986 0.962 148.477 0 168.37 52.653 0 0.493
67250 1 4 6 1 0.038 0.014 0.101 0.901 0.095 152.275 111 162.526 555.2 0 0
67250 2 4 6 1 0.038 0.014 0.101 0.901 0.095 169.704 748 176.796 1294.22 0 0
67250 3 4 6 1 0.038 0.014 0.101 0.901 0.095 156.919 363 169.654 858.547 0 0
67250 4 4 6 1 0.038 0.014 0.101 0.901 0.095 162.707 559 175.41 1489.507 0 0
67250 5 4 6 1 0.038 0.014 0.101 0.901 0.095 153.368 419 166.744 1151.06 0 0
67250 6 4 6 1 0.038 0.014 0.101 0.901 0.095 143.931 99 158.806 725.7 0 0
67250 7 4 6 1 0.038 0.014 0.101 0.901 0.095 127.86 634 142.84 1272.927 0 0
67250 8 4 6 1 0.038 0.014 0.101 0.901 0.095 160.609 444 168.655 1103.993 0 0
67250 9 4 6 1 0.038 0.014 0.101 0.901 0.095 122.745 286 132.994 686.82 0 0
67250 10 4 6 1 0.038 0.014 0.101 0.901 0.095 136.609 206 148.344 549.713 0 0
67250 1 4 6 1 0.108 0.478 0.386 0.798 0.999 123.861 1 148.774 46.44 0 0.46
67250 2 4 6 1 0.108 0.478 0.386 0.798 0.999 130.99 0 151.278 48.907 0 0.44
67250 3 4 6 1 0.108 0.478 0.386 0.798 0.999 124.887 1 151.186 48.387 0 0.653
67250 4 4 6 1 0.108 0.478 0.386 0.798 0.999 127.656 0 143.943 46.407 0 0.52
67250 5 4 6 1 0.108 0.478 0.386 0.798 0.999 123.877 2 143.169 58.293 0 0.353
67250 6 4 6 1 0.108 0.478 0.386 0.798 0.999 134.121 0 156.34 51.173 0 0.553
67250 7 4 6 1 0.108 0.478 0.386 0.798 0.999 42.35 0 58.54 7.133 0 0.767
67250 8 4 6 1 0.108 0.478 0.386 0.798 0.999 130.845 0 159.3 44.533 0 0.493
67250 9 4 6 1 0.108 0.478 0.386 0.798 0.999 143.363 2 173.176 46.78 0 0.473
67250 10 4 6 1 0.108 0.478 0.386 0.798 0.999 132.297 0 144.417 47.493 0 0.567
67250 1 4 6 1 0.097 0.36 0.085 0.881 0.646 245.003 4749 248.517 5958.347 0 0
67250 2 4 6 1 0.097 0.36 0.085 0.881 0.646 242.589 3821 248.607 5772.78 0 0
67250 3 4 6 1 0.097 0.36 0.085 0.881 0.646 242.255 3918 247.739 4963.02 0 0
67250 4 4 6 1 0.097 0.36 0.085 0.881 0.646 243.15 4320 247.923 5502.047 0 0
67250 5 4 6 1 0.097 0.36 0.085 0.881 0.646 244.248 4795 248.389 5902.033 0 0
67250 6 4 6 1 0.097 0.36 0.085 0.881 0.646 246.007 4647 249.04 5255.373 0 0
67250 7 4 6 1 0.097 0.36 0.085 0.881 0.646 246.531 4476 249.268 5317.853 0 0
67250 8 4 6 1 0.097 0.36 0.085 0.881 0.646 243.636 4480 248.717 5912.793 0 0
67250 9 4 6 1 0.097 0.36 0.085 0.881 0.646 243.249 4118 247.554 5268.873 0 0
67250 10 4 6 1 0.097 0.36 0.085 0.881 0.646 244.48 3951 248.18 5274.947 0 0
67250 1 4 6 1 0.01 0.412 0.07 0.927 0.92 24.501 7 30.794 86.967 0 0.033
67250 2 4 6 1 0.01 0.412 0.07 0.927 0.92 31.709 4 38.969 84.427 0 0.073
67250 3 4 6 1 0.01 0.412 0.07 0.927 0.92 19.871 14 27.768 115.673 0 0
67250 4 4 6 1 0.01 0.412 0.07 0.927 0.92 28.854 16 36.871 97.487 0 0
67250 5 4 6 1 0.01 0.412 0.07 0.927 0.92 23.62 8 33.865 96.687 0 0.02
67250 6 4 6 1 0.01 0.412 0.07 0.927 0.92 0 0 0 0 1 1
67250 7 4 6 1 0.01 0.412 0.07 0.927 0.92 23.651 5 26.872 81.053 0 0.053
67250 8 4 6 1 0.01 0.412 0.07 0.927 0.92 21.758 11 28.105 83.787 0 0
67250 9 4 6 1 0.01 0.412 0.07 0.927 0.92 21.514 8 30.345 95.793 0 0.02
67250 10 4 6 1 0.01 0.412 0.07 0.927 0.92 21.971 8 27.428 61.927 0 0.013
67250 1 4 6 1 0.052 0.113 0.121 0.905 0.029 249.521 9341 249.991 10533.327 0 0
67250 2 4 6 1 0.052 0.113 0.121 0.905 0.029 248.411 8204 249.904 9396.867 0 0
67250 3 4 6 1 0.052 0.113 0.121 0.905 0.029 247.646 7294 249.826 9703.927 0 0
67250 4 4 6 1 0.052 0.113 0.121 0.905 0.029 248.343 9231 249.907 9852.287 0 0
67250 5 4 6 1 0.052 0.113 0.121 0.905 0.029 247.099 8551 249.9 9495.073 0 0
67250 6 4 6 1 0.052 0.113 0.121 0.905 0.029 247.684 8549 249.888 9481.8 0 0
67250 7 4 6 1 0.052 0.113 0.121 0.905 0.029 249.291 8849 249.988 9721.953 0 0
67250 8 4 6 1 0.052 0.113 0.121 0.905 0.029 249.196 8224 249.958 9019.433 0 0
67250 9 4 6 1 0.052 0.113 0.121 0.905 0.029 249.476 8960 249.989 9746.26 0 0
67250 10 4 6 1 0.052 0.113 0.121 0.905 0.029 249 8326 249.973 9458.793 0 0
67250 1 4 6 1 0.008 0.181 0.136 0.945 0.363 238.322 3431 248.141 7380.073 0 0
67250 2 4 6 1 0.008 0.181 0.136 0.945 0.363 243.489 5076 248.969 6735.727 0 0
67250 3 4 6 1 0.008 0.181 0.136 0.945 0.363 243 4387 249.061 7428.207 0 0
67250 1 5 8 1 0.003 0.078 0.27 0.893 0.099 244.659 3876 248.369 6396.967 0 0
67250 2 5 8 1 0.003 0.078 0.27 0.893 0.099 242.322 3208 248.838 6918.247 0 0
67250 3 5 8 1 0.003 0.078 0.27 0.893 0.099 239.636 2228 247.424 6267.16 0 0
67250 4 5 8 1 0.003 0.078 0.27 0.893 0.099 237.979 2759 247.274 6318.9 0 0
67250 5 5 8 1 0.003 0.078 0.27 0.893 0.099 239.196 1814 247.031 6093.673 0 0
67250 6 5 8 1 0.003 0.078 0.27 0.893 0.099 240.632 4286 247.186 6118.833 0 0
67250 7 5 8 1 0.003 0.078 0.27 0.893 0.099 239.763 2630 246.012 5546.433 0 0
67250 8 5 8 1 0.003 0.078 0.27 0.893 0.099 237.699 3184 246.87 6337.607 0 0
67250 9 5 8 1 0.003 0.078 0.27 0.893 0.099 239.322 3989 247.52 6374.433 0 0
67250 10 5 8 1 0.003 0.078 0.27 0.893 0.099 239.839 3777 247.428 7675.6 0 0
67250 1 5 8 1 0.02 0.428 0.075 0.84 0.801 128.165 82 138.361 348.573 0 0
67250 2 5 8 1 0.02 0.428 0.075 0.84 0.801 125.928 42 135.785 294.367 0 0
67250 3 5 8 1 0.02 0.428 0.075 0.84 0.801 112.328 57 121.391 340.727 0 0
67250 4 5 8 1 0.02 0.428 0.075 0.84 0.801 128.577 36 135.542 330.073 0 0
67250 5 5 8 1 0.02 0.428 0.075 0.84 0.801 113.316 97 121.577 356.86 0 0
67250 6 5 8 1 0.02 0.428 0.075 0.84 0.801 137.788 13 147.955 296.387 0 0
67250 7 5 8 1 0.02 0.428 0.075 0.84 0.801 109.04 50 118.931 350.967 0 0
67250 8 5 8 1 0.02 0.428 0.075 0.84 0.801 125.066 30 135.673 315.193 0 0
67250 9 5 8 1 0.02 0.428 0.075 0.84 0.801 124.647 46 137.903 343.6 0 0
67250 10 5 8 1 0.02 0.428 0.075 0.84 0.801 134.076 65 146.206 316.933 0 0
67250 1 5 8 1 0.086 0.444 0.36 0.959 0.257 243.919 5066 248.923 7518.34 0 0
67250 2 5 8 1 0.086 0.444 0.36 0.959 0.257 244.218 4308 248.941 7178.08 0 0
67250 3 5 8 1 0.086 0.444 0.36 0.959 0.257 243.096 3881 248.516 6447.66 0 0
67250 4 5 8 1 0.086 0.444 0.36 0.959 0.257 244.557 4953 248.671 6850.053 0 0
67250 5 5 8 1 0.086 0.444 0.36 0.959 0.257 247.05 6063 249.422 8199.4 0 0
67250 6 5 8 1 0.086 0.444 0.36 0.959 0.257 240.66 4908 248.768 7409.833 0 0
67250 7 5 8 1 0.086 0.444 0.36 0.959 0.257 236.957 2676 247.521 6672.487 0 0
67250 8 5 8 1 0.086 0.444 0.36 0.959 0.257 244.386 5575 249.122 7655.507 0 0
67250 9 5 8 1 0.086 0.444 0.36 0.959 0.257 245.386 4986 249.23 6967.107 0 0
67250 10 5 8 1 0.086 0.444 0.36 0.959 0.257 235.21 3811 247.978 7157.52 0 0
67250 1 5 8 1 0.076 0.086 0.222 0.849 0.159 238.9 2675 245.261 5429.833 0 0
67250 2 5 8 1 0.076 0.086 0.222 0.849 0.159 240.804 2926 246.927 5658.573 0 0
67250 3 5 8 1 0.076 0.086 0.222 0.849 0.159 223.216 2460 241.093 4577.62 0 0
67250 4 5 8 1 0.076 0.086 0.222 0.849 0.159 238.793 3294 248.13 6163.993 0 0
67250 5 5 8 1 0.076 0.086 0.222 0.849 0.159 230.836 3189 238.638 5439.6 0 0
67250 6 5 8 1 0.076 0.086 0.222 0.849 0.159 236.099 2440 245.314 4775.427 0 0
67250 7 5 8 1 0.076 0.086 0.222 0.849 0.159 243.325 3380 247.363 4941.167 0 0
67250 8 5 8 1 0.076 0.086 0.222 0.849 0.159 235.925 2943 244.824 4933.387 0 0
67250 9 5 8 1 0.076 0.086 0.222 0.849 0.159 245.775 4536 247.956 6133.48 0 0
67250 10 5 8 1 0.076 0.086 0.222 0.849 0.159 230.74 3786 241.393 5400.727 0 0
67250 1 5 8 1 0.026 0.054 0.245 0.758 0.174 91.055 6 131.063 483.613 0 0.04
67250 2 5 8 1 0.026 0.054 0.245 0.758 0.174 120.941 32 132.51 341.727 0 0
67250 3 5 8 1 0.026 0.054 0.245 0.758 0.174 133.655 207 145.845 1008.613 0 0
67250 4 5 8 1 0.026 0.054 0.245 0.758 0.174 131.816 124 153.87 767.58 0 0
67250 5 5 8 1 0.026 0.054 0.245 0.758 0.174 130.344 6 147.028 536.147 0 0.047
67250 6 5 8 1 0.026 0.054 0.245 0.758 0.174 135.399 30 149.427 772.927 0 0
67250 7 5 8 1 0.026 0.054 0.245 0.758 0.174 134.089 238 150.506 856.953 0 0
67250 8 5 8 1 0.026 0.054 0.245 0.758 0.174 129.214 78 145.574 788.12 0 0
67250 9 5 8 1 0.026 0.054 0.245 0.758 0.174 139.031 11 153.66 532.273 0 0
67250 10 5 8 1 0.026 0.054 0.245 0.758 0.174 130.128 136 147.708 545.06 0 0
67250 1 5 8 1 0.028 0.045 0.394 0.766 0.731 143.899 0 167.337 47.507 0 0.72
67250 2 5 8 1 0.028 0.045 0.394 0.766 0.731 133.217 0 156.817 56.647 0 0.567
67250 3 5 8 1 0.028 0.045 0.394 0.766 0.731 136.073 0 153.125 46.547 0 0.533
67250 4 5 8 1 0.028 0.045 0.394 0.766 0.731 154.03 0 166.417 41.08 0 0.587
67250 5 5 8 1 0.028 0.045 0.394 0.766 0.731 130.281 0 162.848 46.227 0 0.613
67250 6 5 8 1 0.028 0.045 0.394 0.766 0.731 145.223 0 160.034 47.8 0 0.547
67250 7 5 8 1 0.028 0.045 0.394 0.766 0.731 128.085 0 152.217 51.72 0 0.493
67250 8 5 8 1 0.028 0.045 0.394 0.766 0.731 142.729 0 160.542 43.333 0 0.74
67250 9 5 8 1 0.028 0.045 0.394 0.766 0.731 133.394 0 156.33 48.86 0 0.567
67250 10 5 8 1 0.028 0.045 0.394 0.766 0.731 145.223 0 171.168 48.427 0 0.587
67250 1 5 8 1 0.059 0.176 0.367 0.9 0.07 246.61 6462 249.677 10751.227 0 0
67250 2 5 8 1 0.059 0.176 0.367 0.9 0.07 247.148 7836 249.785 9802.627 0 0
67250 3 5 8 1 0.059 0.176 0.367 0.9 0.07 246.282 7653 249.675 9366.86 0 0
67250 4 5 8 1 0.059 0.176 0.367 0.9 0.07 248.521 8750 249.919 10591.427 0 0
67250 5 5 8 1 0.059 0.176 0.367 0.9 0.07 241.675 6150 249.231 9578.593 0 0
67250 6 5 8 1 0.059 0.176 0.367 0.9 0.07 247 8839 249.821 10335.42 0 0
67250 7 5 8 1 0.059 0.176 0.367 0.9 0.07 247 7136 249.68 9854.94 0 0
67250 8 5 8 1 0.059 0.176 0.367 0.9 0.07 245.103 6030 249.678 10109.707 0 0
67250 1 4 8 0 0.034 0.189 0.226 0.815 0.859 149.137 0 170.095 48.507 0 0.547
67250 2 4 8 0 0.034 0.189 0.226 0.815 0.859 138.705 0 160.576 35.207 0 0.627
67250 3 4 8 0 0.034 0.189 0.226 0.815 0.859 74.726 7 89.541 52.907 0 0.02
67250 4 4 8 0 0.034 0.189 0.226 0.815 0.859 138.346 0 157.274 52.007 0 0.487
67250 5 4 8 0 0.034 0.189 0.226 0.815 0.859 122.761 0 152.269 40.227 0 0.533
67250 6 4 8 0 0.034 0.189 0.226 0.815 0.859 140.749 0 166.04 37.26 0 0.6
67250 7 4 8 0 0.034 0.189 0.226 0.815 0.859 135.488 0 156.093 42.62 0 0.473
67250 8 4 8 0 0.034 0.189 0.226 0.815 0.859 140.734 0 160.907 41.84 0 0.56
67250 9 4 8 0 0.034 0.189 0.226 0.815 0.859 135.623 1 157.738 47.187 0 0.493
67250 10 4 8 0 0.034 0.189 0.226 0.815 0.859 87.902 0 104.984 27.553 0 0.46
67250 1 4 8 0 0.067 0.455 0.333 0.874 0.012 229.53 2870 246.283 7755.233 0 0
67250 2 4 8 0 0.067 0.455 0.333 0.874 0.012 242 4802 247.459 6751.16 0 0
67250 3 4 8 0 0.067 0.455 0.333 0.874 0.012 240.509 6810 248.812 8925.247 0 0
67250 4 4 8 0 0.067 0.455 0.333 0.874 0.012 230.267 3893 245.273 6387.32 0 0
67250 5 4 8 0 0.067 0.455 0.333 0.874 0.012 235.109 4703 246.083 7331.84 0 0
67250 6 4 8 0 0.067 0.455 0.333 0.874 0.012 237.536 3695 247.629 7764.033 0 0
67250 7 4 8 0 0.067 0.455 0.333 0.874 0.012 236.594 3755 246.445 6868.953 0 0
67250 8 4 8 0 0.067 0.455 0.333 0.874 0.012 236.316 6021 247.698 8547.5 0 0
67250 9 4 8 0 0.067 0.455 0.333 0.874 0.012 238.816 5280 247.921 7971.747 0 0
67250 10 4 8 0 0.067 0.455 0.333 0.874 0.012 242.877 4967 248.517 8112.747 0 0
67250 1 4 8 0 0.011 0.181 0.226 0.816 0.003 235.099 4437 247.484 8344.507 0 0
67250 2 4 8 0 0.011 0.181 0.226 0.816 0.003 244.831 6811 249.389 9488.04 0 0
67250 3 4 8 0 0.011 0.181 0.226 0.816 0.003 230.818 2964 245.975 7215.74 0 0
67250 4 4 8 0 0.011 0.181 0.226 0.816 0.003 233.055 5756 246.83 8335.16 0 0
67250 5 4 8 0 0.011 0.181 0.226 0.816 0.003 230.045 3214 247.441 8067.767 0 0
67250 6 4 8 0 0.011 0.181 0.226 0.816 0.003 242.504 5987 248.944 8107.4 0 0
67250 7 4 8 0 0.011 0.181 0.226 0.816 0.003 229.851 5848 245.992 8675.653 0 0
67250 8 4 8 0 0.011 0.181 0.226 0.816 0.003 239 6711 248.75 9230.053 0 0
67250 9 4 8 0 0.011 0.181 0.226 0.816 0.003 233.49 5330 246.459 8249.26 0 0
67250 10 4 8 0 0.011 0.181 0.226 0.816 0.003 240 5727 248.819 10262.107 0 0
67250 1 4 8 0 0.022 0.045 0.229 0.782 0.69 118.371 0 150.568 35.18 0 0.513
67250 2 4 8 0 0.022 0.045 0.229 0.782 0.69 143.653 0 165.435 55.067 0 0.567
67250 3 4 8 0 0.022 0.045 0.229 0.782 0.69 130.005 0 147.482 39.353 0 0.48
67250 4 4 8 0 0.022 0.045 0.229 0.782 0.69 144.737 0 163.595 48.993 0 0.487
67250 5 4 8 0 0.022 0.045 0.229 0.782 0.69 132.097 0 159.535 48.86 0 0.507
67250 6 4 8 0 0.022 0.045 0.229 0.782 0.69 125.981 0 149.285 30.793 0 0.54
67250 7 4 8 0 0.022 0.045 0.229 0.782 0.69 139.609 0 163.771 53.653 0 0.473
67250 8 4 8 0 0.022 0.045 0.229 0.782 0.69 150.987 1 173.819 42.847 0 0.647
67250 9 4 8 0 0.022 0.045 0.229 0.782 0.69 140.475 1 157.743 35.22 0 0.487
67250 10 4 8 0 0.022 0.045 0.229 0.782 0.69 145.646 0 161.856 51.227 0 0.46
67250 1 4 8 0 0.096 0.287 0.388 0.84 0.524 139.738 0 170.946 43.2 0 0.547
67250 2 4 8 0 0.096 0.287 0.388 0.84 0.524 154.541 0 174.344 42.187 0 0.52
67250 3 4 8 0 0.096 0.287 0.388 0.84 0.524 147.942 0 165.377 46.033 0 0.513
67250 4 4 8 0 0.096 0.287 0.388 0.84 0.524 125.704 1 146.356 36.973 0 0.533
67250 5 4 8 0 0.096 0.287 0.388 0.84 0.524 133.8 0 158.372 36.747 0 0.453
67250 6 4 8 0 0.096 0.287 0.388 0.84 0.524 157.665 0 189.844 46.82 0 0.5
67250 7 4 8 0 0.096 0.287 0.388 0.84 0.524 144.405 0 175.623 42.633 0 0.567
67250 8 4 8 0 0.096 0.287 0.388 0.84 0.524 136.207 0 166.221 46.12 0 0.627
67250 9 4 8 0 0.096 0.287 0.388 0.84 0.524 144.911 0 163.701 46.373 0 0.487
67250 10 4 8 0 0.096 0.287 0.388 0.84 0.524 148.086 0 187.211 53.3 0 0.58
67250 1 4 8 0 0.059 0.146 0.106 0.974 0.587 109.544 2 128.014 113.387 0 0.313
67250 2 4 8 0 0.059 0.146 0.106 0.974 0.587 117.842 0 127.117 129.393 0 0.3
67250 3 4 8 0 0.059 0.146 0.106 0.974 0.587 127.41 3 142.019 117.673 0 0.293
67250 4 4 8 0 0.059 0.146 0.106 0.974 0.587 128.153 1 144.138 102.193 0 0.28
67250 5 4 8 0 0.059 0.146 0.106 0.974 0.587 102.593 0 117.693 99.047 0 0.2
67250 1 5 7 1 0.1 0.461 0.244 0.765 0.818 136.493 1 157.997 52.44 0 0.5
67250 2 5 7 1 0.1 0.461 0.244 0.765 0.818 126.304 0 143.553 52.207 0 0.48
67250 3 5 7 1 0.1 0.461 0.244 0.765 0.818 122.181 0 151.324 50.9 0 0.507
67250 4 5 7 1 0.1 0.461 0.244 0.765 0.818 144.707 0 168.345 41.987 0 0.727
67250 5 5 7 1 0.1 0.461 0.244 0.765 0.818 142.413 1 158.89 52.6 0 0.58
67250 6 5 7 1 0.1 0.461 0.244 0.765 0.818 132.479 0 151.902 47.12 0 0.54
67250 7 5 7 1 0.1 0.461 0.244 0.765 0.818 129.602 0 150.057 41.88 0 0.607
67250 8 5 7 1 0.1 0.461 0.244 0.765 0.818 131.551 0 157.118 58.893 0 0.54
67250 9 5 7 1 0.1 0.461 0.244 0.765 0.818 108.03 2 131.638 45.26 0 0.573
67250 10 5 7 1 0.1 0.461 0.244 0.765 0.818 133.59 0 157.601 59.22 0 0.547
67250 1 5 7 1 0.014 0.019 0.04 0.942 0.523 137.17 0 153.545 42.347 0 0.48
67250 2 5 7 1 0.014 0.019 0.04 0.942 0.523 128.168 0 148.789 47.28 0 0.513
67250 3 5 7 1 0.014 0.019 0.04 0.942 0.523 140.041 0 158.64 58.313 0 0.593
67250 4 5 7 1 0.014 0.019 0.04 0.942 0.523 0 0 0 0 1 1
67250 5 5 7 1 0.014 0.019 0.04 0.942 0.523 118.213 1 149.688 45.047 0 0.633
67250 6 5 7 1 0.014 0.019 0.04 0.942 0.523 149.091 0 165.672 44.333 0 0.607
67250 7 5 7 1 0.014 0.019 0.04 0.942 0.523 106.951 0 137.167 50.567 0 0.507
67250 8 5 7 1 0.014 0.019 0.04 0.942 0.523 132.331 0 158.074 56.313 0 0.513
67250 9 5 7 1 0.014 0.019 0.04 0.942 0.523 133.129 0 149.435 57.14 0 0.5
67250 10 5 7 1 0.014 0.019 0.04 0.942 0.523 74.532 24 85.872 207.133 0 0
67250 1 5 7 1 0.052 0.185 0.344 0.981 0.897 126.166 0 145.578 59.46 0 0.48
67250 2 5 7 1 0.052 0.185 0.344 0.981 0.897 157.225 0 170.051 52 0 0.547
67250 3 5 7 1 0.052 0.185 0.344 0.981 0.897 137.005 0 154.542 43.187 0 0.693
67250 4 5 7 1 0.052 0.185 0.344 0.981 0.897 127.13 0 148.64 58.3 0 0.487
67250 5 5 7 1 0.052 0.185 0.344 0.981 0.897 129.985 1 151.073 51.02 0 0.513
67250 6 5 7 1 0.052 0.185 0.344 0.981 0.897 141.346 2 155.906 49.38 0 0.553
67250 7 5 7 1 0.052 0.185 0.344 0.981 0.897 107.577 0 128.389 42.833 0 0.48
67250 8 5 7 1 0.052 0.185 0.344 0.981 0.897 128.663 0 151.924 43.293 0 0.447
67250 9 5 7 1 0.052 0.185 0.344 0.981 0.897 135.003 0 150.938 41.453 0 0.653
67250 10 5 7 1 0.052 0.185 0.344 0.981 0.897 143.349 0 166.255 46.753 0 0.567
67250 1 5 7 1 0.036 0.421 0.278 0.9 0.315 241.923 4867 249.08 8558.9 0 0
67250 2 5 7 1 0.036 0.421 0.278 0.9 0.315 245.626 8644 249.858 10043.227 0 0
67250 3 5 7 1 0.036 0.421 0.278 0.9 0.315 247.39 6163 249.605 7809.667 0 0
67250 4 5 7 1 0.036 0.421 0.278 0.9 0.315 244.44 7002 249.22 9135.747 0 0
67250 5 5 7 1 0.036 0.421 0.278 0.9 0.315 247.068 7267 249.586 9212.907 0 0
67250 6 5 7 1 0.036 0.421 0.278 0.9 0.315 247.476 5193 249.626 8671.393 0 0
67250 7 5 7 1 0.036 0.421 0.278 0.9 0.315 244.919 6041 249.575 8271.627 0 0
67250 8 5 7 1 0.036 0.421 0.278 0.9 0.315 247.244 6729 249.639 9184.207 0 0
67250 9 5 7 1 0.036 0.421 0.278 0.9 0.315 244.861 5320 249.387 8363.807 0 0
67250 10 5 7 1 0.036 0.421 0.278 0.9 0.315 246.451 7402 249.691 9996.38 0 0
67250 1 5 7 1 0.066 0.47 0.372 0.892 0.873 137.033 0 159.867 53.54 0 0.513
67250 2 5 7 1 0.066 0.47 0.372 0.892 0.873 135.232 0 162.27 41.187 0 0.567
67250 3 5 7 1 0.066 0.47 0.372 0.892 0.873 130.832 1 153.621 46.933 0 0.487
67250 4 5 7 1 0.066 0.47 0.372 0.892 0.873 147.139 0 166.777 49.12 0 0.553
67250 5 5 7 1 0.066 0.47 0.372 0.892 0.873 133.091 0 159.122 42.207 0 0.573
67250 6 5 7 1 0.066 0.47 0.372 0.892 0.873 144.132 0 161.635 55.16 0 0.473
67250 7 5 7 1 0.066 0.47 0.372 0.892 0.873 122.955 1 166.814 55.76 0 0.5
67250 8 5 7 1 0.066 0.47 0.372 0.892 0.873 122.016 1 151.856 55.787 0 0.533
67250 9 5 7 1 0.066 0.47 0.372 0.892 0.873 139.772 0 156.621 44.6 0 0.607
67250 10 5 7 1 0.066 0.47 0.372 0.892 0.873 143.07 0 166.655 53.707 0 0.513
67250 1 5 7 1 0.081 0.109 0.014 0.975 0.887 38.364 2 55.947 56.14 0 0.26
67250 2 5 7 1 0.081 0.109 0.014 0.975 0.887 33.348 6 48.871 88.84 0 0.067
67250 3 5 7 1 0.081 0.109 0.014 0.975 0.887 45.705 5 55.466 81.28 0 0.087
67250 4 5 7 1 0.081 0.109 0.014 0.975 0.887 78.346 1 85.788 46.027 0 0.3
67250 5 5 7 1 0.081 0.109 0.014 0.975 0.887 24.275 3 34.992 80.033 0 0.087
67250 6 5 7 1 0.081 0.109 0.014 0.975 0.887 56.95 3 78.649 51.093 0 0.313
67250 7 5 7 1 0.081 0.109 0.014 0.975 0.887 35.368 3 39.779 69.64 0 0.093
67250 8 5 7 1 0.081 0.109 0.014 0.975 0.887 51.854 0 60.9 63.7 0 0.12
67250 9 5 7 1 0.081 0.109 0.014 0.975 0.887 27.705 1 35.726 62.96 0 0.107
67250 10 5 7 1 0.081 0.109 0.014 0.975 0.887 27.112 2 40.086 60.16 0 0.16
67250 1 5 7 1 0.04 0.094 0.006 0.807 0.489 248 8778 249.691 11163.933 0 0
67250 2 5 7 1 0.04 0.094 0.006 0.807 0.489 249.653 9653 249.994 10785.333 0 0
67250 3 5 7 1 0.04 0.094 0.006 0.807 0.489 249.338 10397 249.989 11407.82 0 0
67250 4 5 7 1 0.04 0.094 0.006 0.807 0.489 248.439 9026 249.925 10703.033 0 0
67250 5 5 7 1 0.04 0.094 0.006 0.807 0.489 249.782 10230 249.995 11227.5 0 0
67250 6 5 7 1 0.04 0.094 0.006 0.807 0.489 249 10041 249.936 11405.887 0 0
67250 7 5 7 1 0.04 0.094 0.006 0.807 0.489 248.521 10534 249.913 11384.533 0 0
67250 8 5 7 1 0.04 0.094 0.006 0.807 0.489 249.099 10680 249.982 11868.66 0 0
67250 9 5 7 1 0.04 0.094 0.006 0.807 0.489 249 8814 249.897 10165.42 0 0
67250 10 5 7 1 0.04 0.094 0.006 0.807 0.489 249.565 10844 249.991 12542.767 0 0
67250 1 5 7 1 0.084 0.319 0.306 0.978 0.819 125.057 2 152.599 47.38 0 0.567
67250 2 5 7 1 0.084 0.319 0.306 0.978 0.819 139.966 0 162.802 56.88 0 0.527
67250 3 5 7 1 0.084 0.319 0.306 0.978 0.819 116.658 0 145.011 51.98 0 0.48
67250 4 5 7 1 0.084 0.319 0.306 0.978 0.819 133.484 0 155.401 59.333 0 0.513
67250 5 5 7 1 0.084 0.319 0.306 0.978 0.819 141.266 0 156.945 57.6 0 0.547
67250 6 5 7 1 0.084 0.319 0.306 0.978 0.819 137.12 0 153.879 54.527 0 0.493
67250 7 5 7 1 0.084 0.319 0.306 0.978 0.819 148.361 1 168.014 46.12 0 0.7
67250 8 5 7 1 0.084 0.319 0.306 0.978 0.819 130.546 0 153.623 57.633 0 0.493
67250 9 5 7 1 0.084 0.319 0.306 0.978 0.819 132.022 0 151.099 55.16 0 0.527
67250 10 5 7 1 0.084 0.319 0.306 0.978 0.819 113.906 0 137.788 46.633 0 0.56
67250 1 5 7 1 0.061 0.437 0.049 0.821 0.771 242.34 2498 248.039 4921.873 0 0
67250 2 5 7 1 0.061 0.437 0.049 0.821 0.771 246.199 4834 249.067 6039.12 0 0
67250 1 4.5 4 0 0.117 0.206 0.014 0.99 0.664 148.146 234 158.131 1026.133 0 0
67250 2 4.5 4 0 0.117 0.206 0.014 0.99 0.664 161.433 19 184.945 1186.56 0 0
67250 3 4.5 4 0 0.117 0.206 0.014 0.99 0.664 143.312 10 163.638 652.787 0 0
67250 4 4.5 4 0 0.117 0.206 0.014 0.99 0.664 171.431 98 186.008 1334.113 0 0
67250 5 4.5 4 0 0.117 0.206 0.014 0.99 0.664 117.894 4 146.112 508.04 0 0.087
67250 6 4.5 4 0 0.117 0.206 0.014 0.99 0.664 145.786 5 167.357 489.38 0 0.067
67250 7 4.5 4 0 0.117 0.206 0.014 0.99 0.664 142.645 226 154.409 879.007 0 0
67250 8 4.5 4 0 0.117 0.206 0.014 0.99 0.664 133.762 6 155.63 890.633 0 0.053
67250 9 4.5 4 0 0.117 0.206 0.014 0.99 0.664 146.887 15 163.339 543.433 0 0
67250 10 4.5 4 0 0.117 0.206 0.014 0.99 0.664 129.385 28 146.469 863.427 0 0
67250 1 4.5 4 0 0.085 0.112 0.195 0.816 0.033 237.21 4119 247.951 8777.713 0 0
67250 2 4.5 4 0 0.085 0.112 0.195 0.816 0.033 240.871 5966 247.857 7755.013 0 0
67250 3 4.5 4 0 0.085 0.112 0.195 0.816 0.033 239.215 3808 246.31 7526.5 0 0
67250 4 4.5 4 0 0.085 0.112 0.195 0.816 0.033 243.384 6602 248.315 9282.747 0 0
67250 5 4.5 4 0 0.085 0.112 0.195 0.816 0.033 238.782 5953 247.095 9295.28 0 0
67250 6 4.5 4 0 0.085 0.112 0.195 0.816 0.033 240.438 4759 248.256 9272.8 0 0
67250 7 4.5 4 0 0.085 0.112 0.195 0.816 0.033 237.857 4328 247.308 7799.98 0 0
67250 8 4.5 4 0 0.085 0.112 0.195 0.816 0.033 240.138 4395 248.259 7603.473 0 0
67250 9 4.5 4 0 0.085 0.112 0.195 0.816 0.033 236.13 5348 247.364 9282.353 0 0
67250 10 4.5 4 0 0.085 0.112 0.195 0.816 0.033 239.338 6794 248.224 9212.847 0 0
67250 1 4.5 4 0 0.035 0.423 0.19 0.95 0.657 70.02 5 78.572 180.267 0 0.087
67250 2 4.5 4 0 0.035 0.423 0.19 0.95 0.657 0 0 0 0 1 1
67250 3 4.5 4 0 0.035 0.423 0.19 0.95 0.657 61.814 6 73.958 262.807 0 0.08
67250 4 4.5 4 0 0.035 0.423 0.19 0.95 0.657 72.352 19 84.729 185.547 0 0
67250 5 4.5 4 0 0.035 0.423 0.19 0.95 0.657 75.322 6 84.532 168.693 0 0.1
67250 6 4.5 4 0 0.035 0.423 0.19 0.95 0.657 55.623 4 65.567 156.187 0 0.193
67250 7 4.5 4 0 0.035 0.423 0.19 0.95 0.657 68.68 2 80.754 179.007 0 0.147
67250 8 4.5 4 0 0.035 0.423 0.19 0.95 0.657 65.982 5 84.497 259.127 0 0.1
67250 9 4.5 4 0 0.035 0.423 0.19 0.95 0.657 70.079 4 82.102 142.227 0 0.173
67250 10 4.5 4 0 0.035 0.423 0.19 0.95 0.657 70.919 6 81.786 276.627 0 0.053
67250 1 4.5 4 0 0.025 0.436 0.227 0.792 0.186 234 3993 245.112 6947.56 0 0
67250 2 4.5 4 0 0.025 0.436 0.227 0.792 0.186 229.055 2754 243.692 7051.027 0 0
67250 3 4.5 4 0 0.025 0.436 0.227 0.792 0.186 227.352 1437 245.065 6595.013 0 0
67250 4 4.5 4 0 0.025 0.436 0.227 0.792 0.186 218.453 1655 241.443 6167.913 0 0
67250 5 4.5 4 0 0.025 0.436 0.227 0.792 0.186 238.358 3725 245.355 6876.487 0 0
67250 6 4.5 4 0 0.025 0.436 0.227 0.792 0.186 239.054 2908 246.898 7448.687 0 0
67250 7 4.5 4 0 0.025 0.436 0.227 0.792 0.186 237.986 3210 247.032 7737.873 0 0
67250 8 4.5 4 0 0.025 0.436 0.227 0.792 0.186 225.172 1309 244.558 6718.033 0 0
67250 9 4.5 4 0 0.025 0.436 0.227 0.792 0.186 224.971 3222 244.214 6124.36 0 0
67250 10 4.5 4 0 0.025 0.436 0.227 0.792 0.186 228.179 1292 244.757 6741.427 0 0
67250 1 4.5 4 0 0.067 0.495 0.157 0.866 0.772 35.546 5 45.012 71.02 0 0.073
67250 2 4.5 4 0 0.067 0.495 0.157 0.866 0.772 28.395 2 35.604 70.793 0 0.147
67250 3 4.5 4 0 0.067 0.495 0.157 0.866 0.772 71.473 1 79.842 44.36 0 0.347
67250 4 4.5 4 0 0.067 0.495 0.157 0.866 0.772 31.72 4 38.15 87.467 0 0.027
67250 5 4.5 4 0 0.067 0.495 0.157 0.866 0.772 40.086 1 52.189 44.38 0 0.48
67250 6 4.5 4 0 0.067 0.495 0.157 0.866 0.772 34.223 1 45.313 51.24 0 0.187
67250 7 4.5 4 0 0.067 0.495 0.157 0.866 0.772 31.458 4 44.74 62.62 0 0.073
67250 8 4.5 4 0 0.067 0.495 0.157 0.866 0.772 46.32 0 53.96 44.153 0 0.42
67250 9 4.5 4 0 0.067 0.495 0.157 0.866 0.772 30.669 2 40.871 97.353 0 0.12
67250 10 4.5 4 0 0.067 0.495 0.157 0.866 0.772 31.828 3 38.509 88.433 0 0.18
67250 1 4.5 4 0 0.047 0.022 0.447 0.948 0.319 111.212 0 134.787 47.647 0 0.613
67250 2 4.5 4 0 0.047 0.022 0.447 0.948 0.319 111.545 0 129.872 57.873 0 0.3
67250 3 4.5 4 0 0.047 0.022 0.447 0.948 0.319 60.396 0 73.9 34.347 0 0.373
67250 4 4.5 4 0 0.047 0.022 0.447 0.948 0.319 44.352 10 50.637 77.38 0 0
67250 5 4.5 4 0 0.047 0.022 0.447 0.948 0.319 10.249 3 24.962 77.82 0 0.04
67250 1 4.5 9 0 0.106 0.391 0.23 0.754 0.151 237.108 5501 246 7813.82 0 0
67250 2 4.5 9 0 0.106 0.391 0.23 0.754 0.151 217.838 2083 237.246 6091.52 0 0
67250 3 4.5 9 0 0.106 0.391 0.23 0.754 0.151 218.289 2896 242.386 6621.567 0 0
67250 4 4.5 9 0 0.106 0.391 0.23 0.754 0.151 223.179 2833 243.654 7204.187 0 0
67250 5 4.5 9 0 0.106 0.391 0.23 0.754 0.151 218.776 4031 243.299 6787.867 0 0
67250 6 4.5 9 0 0.106 0.391 0.23 0.754 0.151 238.018 1093 245.716 6686.633 0 0
67250 7 4.5 9 0 0.106 0.391 0.23 0.754 0.151 238.869 3658 246.358 6829.753 0 0
67250 8 4.5 9 0 0.106 0.391 0.23 0.754 0.151 232.549 4762 245.266 7617.347 0 0
67250 9 4.5 9 0 0.106 0.391 0.23 0.754 0.151 231.688 1534 243.105 5494.953 0 0
67250 10 4.5 9 0 0.106 0.391 0.23 0.754 0.151 213.151 941 241.518 5818.5 0 0
67250 1 4.5 9 0 0.059 0.037 0.168 0.983 0.615 142.549 0 164.189 50.273 0 0.507
67250 2 4.5 9 0 0.059 0.037 0.168 0.983 0.615 146.949 0 176.387 47.547 0 0.58
67250 3 4.5 9 0 0.059 0.037 0.168 0.983 0.615 139.996 0 170.032 50.353 0 0.513
67250 4 4.5 9 0 0.059 0.037 0.168 0.983 0.615 157.655 0 189.288 46.247 0 0.633
67250 5 4.5 9 0 0.059 0.037 0.168 0.983 0.615 142.7 0 156.397 43.92 0 0.54
67250 6 4.5 9 0 0.059 0.037 0.168 0.983 0.615 157.256 0 199.045 49.473 0 0.667
67250 7 4.5 9 0 0.059 0.037 0.168 0.983 0.615 123.733 0 140.18 37.107 0 0.573
67250 8 4.5 9 0 0.059 0.037 0.168 0.983 0.615 153.674 0 177.165 47.3 0 0.58
67250 9 4.5 9 0 0.059 0.037 0.168 0.983 0.615 120.673 2 146.662 45.193 0 0.58
67250 10 4.5 9 0 0.059 0.037 0.168 0.983 0.615 97.469 0 111.137 47.72 0 0.387
67250 1 4.5 9 0 0.073 0.134 0.004 0.763 0.918 119.203 1 139.667 41.9 0 0.513
67250 2 4.5 9 0 0.073 0.134 0.004 0.763 0.918 136.023 0 151.743 45.553 0 0.56
67250 3 4.5 9 0 0.073 0.134 0.004 0.763 0.918 147.931 0 171.739 41.793 0 0.573
67250 4 4.5 9 0 0.073 0.134 0.004 0.763 0.918 150.795 1 175.584 45.087 0 0.567
67250 5 4.5 9 0 0.073 0.134 0.004 0.763 0.918 128.712 0 159.936 53.08 0 0.5
67250 6 4.5 9 0 0.073 0.134 0.004 0.763 0.918 136.97 0 153.632 50.36 0 0.553
67250 7 4.5 9 0 0.073 0.134 0.004 0.763 0.918 155.402 0 179.652 48.427 0 0.56
67250 8 4.5 9 0 0.073 0.134 0.004 0.763 0.918 145.164 0 176.721 53.707 0 0.507
67250 9 4.5 9 0 0.073 0.134 0.004 0.763 0.918 129.826 0 162.492 47.9 0 0.607
67250 10 4.5 9 0 0.073 0.134 0.004 0.763 0.918 133.082 0 163.425 46.56 0 0.533
67250 1 4.5 9 0 0.11 0.21 0.418 0.929 0.824 133.384 0 154.781 41.667 0 0.507
67250 2 4.5 9 0 0.11 0.21 0.418 0.929 0.824 172.145 0 193.011 44.24 0 0.433
67250 3 4.5 9 0 0.11 0.21 0.418 0.929 0.824 141.496 0 163.264 48.213 0 0.533
67250 4 4.5 9 0 0.11 0.21 0.418 0.929 0.824 126.33 0 149.723 47.2 0 0.547
67250 5 4.5 9 0 0.11 0.21 0.418 0.929 0.824 126.559 0 145.07 43.9 0 0.547
67250 6 4.5 9 0 0.11 0.21 0.418 0.929 0.824 138.631 0 158.261 47.407 0 0.593
67250 7 4.5 9 0 0.11 0.21 0.418 0.929 0.824 154.049 0 169.701 41.54 0 0.56
67250 8 4.5 9 0 0.11 0.21 0.418 0.929 0.824 130.784 0 147.897 50.133 0 0.513
67250 9 4.5 9 0 0.11 0.21 0.418 0.929 0.824 154.172 0 177.324 47.393 0 0.54
67250 10 4.5 9 0 0.11 0.21 0.418 0.929 0.824 127.56 0 164.03 50.067 0 0.533
67250 1 4.5 9 0 0.039 0.33 0.043 0.947 0.457 215.72 766 240.618 5384.733 0 0
67250 2 4.5 9 0 0.039 0.33 0.043 0.947 0.457 236.252 3219 245.886 7107.36 0 0
67250 3 4.5 9 0 0.039 0.33 0.043 0.947 0.457 235.207 2953 242.463 5347.887 0 0
67250 4 4.5 9 0 0.039 0.33 0.043 0.947 0.457 215.969 1794 243.435 6681.207 0 0
67250 5 4.5 9 0 0.039 0.33 0.043 0.947 0.457 233.251 2630 243.862 7066.067 0 0
67250 6 4.5 9 0 0.039 0.33 0.043 0.947 0.457 232.462 397 244.396 6026.373 0 0
67250 7 4.5 9 0 0.039 0.33 0.043 0.947 0.457 226.44 1217 242.506 4364.82 0 0
67250 8 4.5 9 0 0.039 0.33 0.043 0.947 0.457 238.118 3235 246.338 7144.72 0 0
67250 9 4.5 9 0 0.039 0.33 0.043 0.947 0.457 219.028 388 238.945 4256.08 0 0
67250 10 4.5 9 0 0.039 0.33 0.043 0.947 0.457 236.378 4838 244.879 6667.073 0 0
67250 1 4.5 9 0 0.011 0.214 0.052 0.867 0.72 203.891 29 226.551 1965.28 0 0
67250 2 4.5 9 0 0.011 0.214 0.052 0.867 0.72 218.693 34 237.461 1811.373 0 0
67250 3 4.5 9 0 0.011 0.214 0.052 0.867 0.72 176.208 11 199.737 752.207 0 0
67250 4 4.5 9 0 0.011 0.214 0.052 0.867 0.72 177.034 13 207.456 955.6 0 0
67250 5 4.5 9 0 0.011 0.214 0.052 0.867 0.72 204.141 16 224.75 1558.033 0 0
67250 6 4.5 9 0 0.011 0.214 0.052 0.867 0.72 178.963 10 215.681 1220.58 0 0
67250 7 4.5 9 0 0.011 0.214 0.052 0.867 0.72 207.905 48 223.047 1267.327 0 0
67250 8 4.5 9 0 0.011 0.214 0.052 0.867 0.72 176.139 12 207.764 907.887 0 0
67250 9 4.5 9 0 0.011 0.214 0.052 0.867 0.72 163.93 4 199.687 522.907 0 0.053
67250 10 4.5 9 0 0.011 0.214 0.052 0.867 0.72 208.431 16 226.549 1337.447 0 0
67250 1 4.5 9 0 0.081 0.127 0.375 0.795 0.597 136.496 0 158.162 49.813 0 0.627
67250 2 4.5 9 0 0.081 0.127 0.375 0.795 0.597 155.082 0 190.949 61.347 0 0.667
67250 3 4.5 9 0 0.081 0.127 0.375 0.795 0.597 135.268 1 160.115 50.26 0 0.5
67250 4 4.5 9 0 0.081 0.127 0.375 0.795 0.597 138.472 0 174.887 49.053 0 0.6
67250 5 4.5 9 0 0.081 0.127 0.375 0.795 0.597 132.376 0 156.41 43.773 0 0.693
67250 6 4.5 9 0 0.081 0.127 0.375 0.795 0.597 148.733 0 162.576 45.833 0 0.46
67250 7 4.5 9 0 0.081 0.127 0.375 0.795 0.597 156.547 0 174.217 45.907 0 0.513
67250 8 4.5 9 0 0.081 0.127 0.375 0.795 0.597 134.562 0 166.714 44.02 0 0.567
67250 9 4.5 9 0 0.081 0.127 0.375 0.795 0.597 151.641 1 174.152 45.953 0 0.52
67250 10 4.5 9 0 0.081 0.127 0.375 0.795 0.597 138.547 0 157.726 51.013 0 0.48
67250 1 4.5 9 0 0.039 0.297 0.003 0.809 0.739 240.919 4291 247.525 6402.493 0 0
67250 2 4.5 9 0 0.039 0.297 0.003 0.809 0.739 227.734 1129 241.227 4858.72 0 0
67250 3 4.5 9 0 0.039 0.297 0.003 0.809 0.739 227.141 822 241.712 4196.033 0 0
67250 4 4.5 9 0 0.039 0.297 0.003 0.809 0.739 209.271 504 235.615 4568.053 0 0
67250 5 4.5 9 0 0.039 0.297 0.003 0.809 0.739 226.268 1534 242.031 4624.56 0 0
67250 6 4.5 9 0 0.039 0.297 0.003 0.809 0.739 220.042 1010 237.144 3385.753 0 0
67250 7 4.5 9 0 0.039 0.297 0.003 0.809 0.739 229.446 2251 243.398 5159.92 0 0
67250 8 4.5 9 0 0.039 0.297 0.003 0.809 0.739 226.963 2536 239.872 4221.02 0 0
67250 9 4.5 9 0 0.039 0.297 0.003 0.809 0.739 230.105 2145 242.614 5423.567 0 0
67250 10 4.5 9 0 0.039 0.297 0.003 0.809 0.739 239.39 4387 247.819 6366.407 0 0
67250 1 4.5 9 0 0.047 0.209 0.193 0.789 0.513 139.826 0 166.538 207.34 0 0.287
67250 2 4.5 9 0 0.047 0.209 0.193 0.789 0.513 157.849 1 165.766 236.1 0 0.187
67250 3 4.5 9 0 0.047 0.209 0.193 0.789 0.513 126.993 1 146.649 121.56 0 0.427
67250 4 4.5 9 0 0.047 0.209 0.193 0.789 0.513 123.904 0 140.075 117.48 0 0.24
67250 5 4.5 9 0 0.047 0.209 0.193 0.789 0.513 118.45 2 136.338 137.287 0 0.307
67250 6 4.5 9 0 0.047 0.209 0.193 0.789 0.513 132.896 3 155.838 312.867 0 0.253
67250 7 4.5 9 0 0.047 0.209 0.193 0.789 0.513 124.029 2 142.358 241.227 0 0.247
67250 8 4.5 9 0 0.047 0.209 0.193 0.789 0.513 78.859 2 125.846 171.473 0 0.267
67250 9 4.5 9 0 0.047 0.209 0.193 0.789 0.513 70.739 9 109.923 295.513 0 0.013
67250 10 4.5 9 0 0.047 0.209 0.193 0.789 0.513 122.66 2 145.672 237.907 0 0.2
67250 1 4.5 9 0 0.095 0.222 0.408 0.847 0.889 138.305 0 164.139 41.047 0 0.58
67250 2 4.5 9 0 0.095 0.222 0.408 0.847 0.889 150.606 1 164.821 39.933 0 0.6
67250 3 4.5 9 0 0.095 0.222 0.408 0.847 0.889 120.118 0 158.298 42.667 0 0.593
67250 4 4.5 9 0 0.095 0.222 0.408 0.847 0.889 136.302 1 160.863 53.153 0 0.52
67250 5 4.5 9 0 0.095 0.222 0.408 0.847 0.889 140.458 0 170.043 37.347 0 0.72
67250 6 4.5 9 0 0.095 0.222 0.408 0.847 0.889 159.601 0 178.09 56.673 0 0.527
67250 7 4.5 9 0 0.095 0.222 0.408 0.847 0.889 149.463 1 174.828 51.28 0 0.553
67250 1 4 7 1 0.115 0.209 0.332 0.959 0.864 138.411 0 152.375 36.193 0 0.633
67250 2 4 7 1 0.115 0.209 0.332 0.959 0.864 128.244 0 151.973 43.78 0 0.587
67250 3 4 7 1 0.115 0.209 0.332 0.959 0.864 141.281 1 156.457 46.953 0 0.46
67250 4 4 7 1 0.115 0.209 0.332 0.959 0.864 139.237 0 158.399 42.513 0 0.52
67250 5 4 7 1 0.115 0.209 0.332 0.959 0.864 132.841 0 159.076 42.573 0 0.573
67250 6 4 7 1 0.115 0.209 0.332 0.959 0.864 122.805 0 140.99 42.88 0 0.687
67250 7 4 7 1 0.115 0.209 0.332 0.959 0.864 142.301 0 155.39 39.427 0 0.5
67250 8 4 7 1 0.115 0.209 0.332 0.959 0.864 139.246 0 161.833 44.74 0 0.553
67250 9 4 7 1 0.115 0.209 0.332 0.959 0.864 125.195 0 143.941 43.34 0 0.5
67250 10 4 7 1 0.115 0.209 0.332 0.959 0.864 144.659 0 159.929 43.853 0 0.533
67250 1 4 7 1 0.051 0.37 0.442 0.893 0.721 123.486 0 145.488 37.193 0 0.533
67250 2 4 7 1 0.051 0.37 0.442 0.893 0.721 140.266 0 159.835 48.247 0 0.507
67250 3 4 7 1 0.051 0.37 0.442 0.893 0.721 134.956 0 160.737 50.347 0 0.527
67250 4 4 7 1 0.051 0.37 0.442 0.893 0.721 138.623 0 172.236 50.12 0 0.58
67250 5 4 7 1 0.051 0.37 0.442 0.893 0.721 98.391 0 108.068 25.393 0 0.5
67250 6 4 7 1 0.051 0.37 0.442 0.893 0.721 137.319 0 156.281 40.2 0 0.513
67250 7 4 7 1 0.051 0.37 0.442 0.893 0.721 139.785 0 167.712 40.093 0 0.58
67250 8 4 7 1 0.051 0.37 0.442 0.893 0.721 134.139 0 162.594 48.893 0 0.553
67250 9 4 7 1 0.051 0.37 0.442 0.893 0.721 89.853 0 96.095 16.26 0 0.567
67250 10 4 7 1 0.051 0.37 0.442 0.893 0.721 129.733 0 152.608 45.56 0 0.527
67250 1 4 7 1 0.055 0.384 0.172 0.796 0.499 246 5297 249.518 7806.667 0 0
67250 2 4 7 1 0.055 0.384 0.172 0.796 0.499 247.099 7016 249.711 8123.553 0 0
67250 3 4 7 1 0.055 0.384 0.172 0.796 0.499 244.562 5818 248.828 7451.333 0 0
67250 4 4 7 1 0.055 0.384 0.172 0.796 0.499 240.784 3924 248.454 6956.533 0 0
67250 5 4 7 1 0.055 0.384 0.172 0.796 0.499 247.537 4857 249.627 7147.687 0 0
67250 6 4 7 1 0.055 0.384 0.172 0.796 0.499 244.822 4442 249.521 7296.313 0 0
67250 7 4 7 1 0.055 0.384 0.172 0.796 0.499 247.726 5694 249.71 6968.833 0 0
67250 8 4 7 1 0.055 0.384 0.172 0.796 0.499 244.264 4897 248.693 6690.847 0 0
67250 9 4 7 1 0.055 0.384 0.172 0.796 0.499 245.061 5274 249.425 7855.513 0 0
67250 10 4 7 1 0.055 0.384 0.172 0.796 0.499 246.245 5796 249.369 7668.213 0 0
67250 1 4 7 1 0.092 0.349 0.181 0.936 0.619 227.243 761 238.131 1688.08 0 0
67250 2 4 7 1 0.092 0.349 0.181 0.936 0.619 232.251 843 240.486 1952.013 0 0
67250 3 4 7 1 0.092 0.349 0.181 0.936 0.619 210.693 973 228.699 2052.847 0 0
67250 4 4 7 1 0.092 0.349 0.181 0.936 0.619 234.239 756 243.096 1947.42 0 0
67250 5 4 7 1 0.092 0.349 0.181 0.936 0.619 226.594 937 233.976 1684.207 0 0
67250 6 4 7 1 0.092 0.349 0.181 0.936 0.619 217.844 393 233.546 1893.473 0 0
67250 7 4 7 1 0.092 0.349 0.181 0.936 0.619 223.442 481 239.779 1463.5 0 0
67250 8 4 7 1 0.092 0.349 0.181 0.936 0.619 209.306 718 220.653 1513.373 0 0
67250 9 4 7 1 0.092 0.349 0.181 0.936 0.619 230.879 1009 242.863 1772.5 0 0
67250 10 4 7 1 0.092 0.349 0.181 0.936 0.619 237.922 854 244.339 1958.333 0 0
67250 1 4 7 1 0.018 0.328 0.331 0.772 0.464 122.128 189 135.01 533.867 0 0
67250 2 4 7 1 0.018 0.328 0.331 0.772 0.464 94.987 75 101.879 374.987 0 0
67250 3 4 7 1 0.018 0.328 0.331 0.772 0.464 106.994 22 132.572 360.16 0 0
67250 4 4 7 1 0.018 0.328 0.331 0.772 0.464 138.231 60 150.201 652.593 0 0
67250 5 4 7 1 0.018 0.328 0.331 0.772 0.464 118.294 6 127.653 358.267 0 0.013
67250 6 4 7 1 0.018 0.328 0.331 0.772 0.464 119.558 93 137.53 460.987 0 0
67250 7 4 7 1 0.018 0.328 0.331 0.772 0.464 119.117 97 131.448 492.827 0 0
67250 8 4 7 1 0.018 0.328 0.331 0.772 0.464 119.761 17 132.388 423.687 0 0
67250 9 4 7 1 0.018 0.328 0.331 0.772 0.464 120.669 95 136.824 418.627 0 0
67250 10 4 7 1 0.018 0.328 0.331 0.772 0.464 129.272 173 139.061 581.193 0 0
67250 1 4 7 1 0.11 0.362 0.429 0.991 0.925 132.577 0 147.667 46.147 0 0.447
67250 2 4 7 1 0.11 0.362 0.429 0.991 0.925 136.303 0 151.867 36.767 0 0.533
67250 3 4 7 1 0.11 0.362 0.429 0.991 0.925 135.374 0 150.741 46.433 0 0.54
67250 4 4 7 1 0.11 0.362 0.429 0.991 0.925 131.776 0 157.381 49.96 0 0.533
67250 5 4 7 1 0.11 0.362 0.429 0.991 0.925 137.854 0 153.659 47.393 0 0.487
67250 6 4 7 1 0.11 0.362 0.429 0.991 0.925 141.469 0 161.635 40.1 0 0.62
67250 7 4 7 1 0.11 0.362 0.429 0.991 0.925 122.681 0 143.736 47.947 0 0.487
67250 8 4 7 1 0.11 0.362 0.429 0.991 0.925 122.705 0 144.253 47.813 0 0.6
67250 9 4 7 1 0.11 0.362 0.429 0.991 0.925 134.622 1 147.462 47.84 0 0.493
67250 10 4 7 1 0.11 0.362 0.429 0.991 0.925 119.022 0 139.846 40.693 0 0.647
67250 1 3.5 7 0 0.065 0.416 0.102 0.897 0.558 205.961 52 228.42 2083.293 0 0
67250 2 3.5 7 0 0.065 0.416 0.102 0.897 0.558 205.488 90 231.281 1987.967 0 0
67250 3 3.5 7 0 0.065 0.416 0.102 0.897 0.558 218.643 397 227.985 2203.46 0 0
67250 4 3.5 7 0 0.065 0.416 0.102 0.897 0.558 224.568 782 238.84 2313.46 0 0
67250 5 3.5 7 0 0.065 0.416 0.102 0.897 0.558 219.75 627 237.841 3305.7 0 0
67250 6 3.5 7 0 0.065 0.416 0.102 0.897 0.558 212.487 86 234.244 1764.767 0 0
67250 7 3.5 7 0 0.065 0.416 0.102 0.897 0.558 221.852 888 236.306 2977.947 0 0
67250 8 3.5 7 0 0.065 0.416 0.102 0.897 0.558 221.853 313 240.967 3099.22 0 0
67250 9 3.5 7 0 0.065 0.416 0.102 0.897 0.558 213.54 126 235.971 2831.307 0 0
67250 10 3.5 7 0 0.065 0.416 0.102 0.897 0.558 212.915 309 232.643 2414.247 0 0
67250 1 3.5 7 0 0.013 0.432 0.229 0.941 0.13 233.315 2165 242.954 5802.133 0 0
67250 2 3.5 7 0 0.013 0.432 0.229 0.941 0.13 226.419 1831 242.724 5194.393 0 0
67250 3 3.5 7 0 0.013 0.432 0.229 0.941 0.13 234.577 2148 242.321 4634.32 0 0
67250 4 3.5 7 0 0.013 0.432 0.229 0.941 0.13 225.015 554 241.058 4028.707 0 0
67250 5 3.5 7 0 0.013 0.432 0.229 0.941 0.13 232.296 2426 243.58 4636.84 0 0
67250 6 3.5 7 0 0.013 0.432 0.229 0.941 0.13 210.786 77 240.615 3665.46 0 0
67250 7 3.5 7 0 0.013 0.432 0.229 0.941 0.13 214.811 662 236.666 3399.16 0 0
67250 8 3.5 7 0 0.013 0.432 0.229 0.941 0.13 218.314 2038 242.687 4888.953 0 0
67250 9 3.5 7 0 0.013 0.432 0.229 0.941 0.13 217.081 1464 242.836 4527.787 0 0
67250 10 3.5 7 0 0.013 0.432 0.229 0.941 0.13 228.283 1056 243.136 4052.287 0 0
67250 1 3.5 7 0 0.048 0.284 0.013 0.955 0.592 230.611 1504 245.618 4781.747 0 0
67250 2 3.5 7 0 0.048 0.284 0.013 0.955 0.592 214.809 190 238.895 2966.013 0 0
67250 3 3.5 7 0 0.048 0.284 0.013 0.955 0.592 236.492 1895 245.891 4628.9 0 0
67250 4 3.5 7 0 0.048 0.284 0.013 0.955 0.592 217.266 1581 242.78 4396.333 0 0
67250 5 3.5 7 0 0.048 0.284 0.013 0.955 0.592 228.497 1402 244.254 4614.493 0 0
67250 6 3.5 7 0 0.048 0.284 0.013 0.955 0.592 221.778 937 243.32 3719.12 0 0
67250 7 3.5 7 0 0.048 0.284 0.013 0.955 0.592 214.315 748 237.817 3005.34 0 0
67250 8 3.5 7 0 0.048 0.284 0.013 0.955 0.592 236.122 2467 245.249 4364.12 0 0
67250 9 3.5 7 0 0.048 0.284 0.013 0.955 0.592 227.288 634 241.695 3585.26 0 0
67250 10 3.5 7 0 0.048 0.284 0.013 0.955 0.592 215.677 194 241.944 3800.24 0 0
67250 1 3.5 7 0 0.052 0.234 0.298 0.945 0.956 124.957 0 147.172 35.553 0 0.573
67250 2 3.5 7 0 0.052 0.234 0.298 0.945 0.956 111.098 0 129.301 30.113 0 0.473
67250 3 3.5 7 0 0.052 0.234 0.298 0.945 0.956 131.419 0 148.851 31.753 0 0.56
67250 4 3.5 7 0 0.052 0.234 0.298 0.945 0.956 139.767 0 162.736 40.427 0 0.52
67250 5 3.5 7 0 0.052 0.234 0.298 0.945 0.956 143.03 0 164.718 38.8 0 0.527
67250 6 3.5 7 0 0.052 0.234 0.298 0.945 0.956 136.391 0 155.005 38.473 0 0.413
67250 7 3.5 7 0 0.052 0.234 0.298 0.945 0.956 141.807 0 164.278 39.64 0 0.58
67250 8 3.5 7 0 0.052 0.234 0.298 0.945 0.956 129.26 1 149.55 40.193 0 0.607
67250 9 3.5 7 0 0.052 0.234 0.298 0.945 0.956 131.329 0 149.232 38.607 0 0.487
67250 10 3.5 7 0 0.052 0.234 0.298 0.945 0.956 113.741 0 128.795 26.787 0 0.533
67250 1 3.5 7 0 0.06 0.115 0.441 0.92 0.363 167.561 0 188.099 39.127 0 0.547
67250 2 3.5 7 0 0.06 0.115 0.441 0.92 0.363 135.987 0 150.57 40.067 0 0.487
67250 3 3.5 7 0 0.06 0.115 0.441 0.92 0.363 149.215 0 164.543 42.867 0 0.633
67250 4 3.5 7 0 0.06 0.115 0.441 0.92 0.363 98.265 0 109.014 18.727 0 0.567
67250 5 3.5 7 0 0.06 0.115 0.441 0.92 0.363 137.948 0 154.743 48.68 0 0.52
67250 6 3.5 7 0 0.06 0.115 0.441 0.92 0.363 132.503 0 154.156 49.067 0 0.573
67250 7 3.5 7 0 0.06 0.115 0.441 0.92 0.363 137.49 1 159.92 46.84 0 0.54
67250 8 3.5 7 0 0.06 0.115 0.441 0.92 0.363 148.885 1 158.625 41.747 0 0.427
67250 9 3.5 7 0 0.06 0.115 0.441 0.92 0.363 141.534 0 160.955 41.107 0 0.52
67250 10 3.5 7 0 0.06 0.115 0.441 0.92 0.363 112.706 0 129.903 28.333 0 0.52
67250 1 3.5 7 0 0.052 0.366 0.176 0.79 0.88 113.572 0 131.777 28.873 0 0.52
67250 2 3.5 7 0 0.052 0.366 0.176 0.79 0.88 147.753 0 172.736 45.747 0 0.507
67250 3 3.5 7 0 0.052 0.366 0.176 0.79 0.88 123.384 0 150.276 39.72 0 0.553
67250 4 3.5 7 0 0.052 0.366 0.176 0.79 0.88 137.262 0 155.996 45.527 0 0.527
67250 5 3.5 7 0 0.052 0.366 0.176 0.79 0.88 125.962 0 145.611 41.06 0 0.627
67250 6 3.5 7 0 0.052 0.366 0.176 0.79 0.88 135.557 2 155.413 45.633 0 0.487
67250 7 3.5 7 0 0.052 0.366 0.176 0.79 0.88 120.887 1 145.26 38.38 0 0.44
67250 8 3.5 7 0 0.052 0.366 0.176 0.79 0.88 146.954 1 161.976 39.787 0 0.6
67250 9 3.5 7 0 0.052 0.366 0.176 0.79 0.88 128.152 0 155.347 36.56 0 0.607
67250 10 3.5 7 0 0.052 0.366 0.176 0.79 0.88 147.85 0 162.996 32.94 0 0.56
67250 1 3.5 7 0 0.028 0.12 0.255 0.886 0.217 138.084 1 153.908 331.16 0 0.167
67250 2 3.5 7 0 0.028 0.12 0.255 0.886 0.217 119.133 30 125.232 410.68 0 0
67250 3 3.5 7 0 0.028 0.12 0.255 0.886 0.217 89.696 10 110.596 267.56 0 0
67250 4 3.5 7 0 0.028 0.12 0.255 0.886 0.217 139.975 4 158.8 246.627 0 0.113
67250 5 3.5 7 0 0.028 0.12 0.255 0.886 0.217 90.831 3 105.449 241.647 0 0.06
67250 6 3.5 7 0 0.028 0.12 0.255 0.886 0.217 124.08 4 175.222 293.327 0 0.167
67250 7 3.5 7 0 0.028 0.12 0.255 0.886 0.217 116.079 4 136.137 293.033 0 0.067
67250 8 3.5 7 0 0.028 0.12 0.255 0.886 0.217 107.563 8 137.023 480.88 0 0.027
67250 9 3.5 7 0 0.028 0.12 0.255 0.886 0.217 115.552 2 153.748 379.42 0 0.18
67250 10 3.5 7 0 0.028 0.12 0.255 0.886 0.217 164.604 2 177.45 454.053 0 0.173
67250 1 3.5 7 0 0.111 0.266 0.343 0.949 0.884 106.167 0 147.95 41.393 0 0.667
67250 2 3.5 7 0 0.111 0.266 0.343 0.949 0.884 115.296 0 149.691 35.253 0 0.56
67250 3 3.5 7 0 0.111 0.266 0.343 0.949 0.884 157.698 0 182.549 52.447 0 0.513
67250 4 3.5 7 0 0.111 0.266 0.343 0.949 0.884 0 0 0 0 1 1
67250 5 3.5 7 0 0.111 0.266 0.343 0.949 0.884 0 0 0 0 1 1
67250 6 3.5 7 0 0.111 0.266 0.343 0.949 0.884 138.832 1 157.996 37.82 0 0.567
67250 7 3.5 7 0 0.111 0.266 0.343 0.949 0.884 140.247 0 163.908 48.06 0 0.433
67250 8 3.5 7 0 0.111 0.266 0.343 0.949 0.884 127.903 0 145.809 40.013 0 0.507
67250 9 3.5 7 0 0.111 0.266 0.343 0.949 0.884 84.53 0 101.056 27.313 0 0.487
67250 10 3.5 7 0 0.111 0.266 0.343 0.949 0.884 143.52 1 162.357 40.793 0 0.667
67250 1 3.5 7 0 0.08 0.419 0.328 0.884 0.664 136.143 0 157.817 36.287 0 0.56
67250 2 3.5 7 0 0.08 0.419 0.328 0.884 0.664 144.724 0 161.926 40.1 0 0.553
67250 3 3.5 7 0 0.08 0.419 0.328 0.884 0.664 158.795 0 173.05 50.56 0 0.493
67250 4 3.5 7 0 0.08 0.419 0.328 0.884 0.664 96.117 1 117.289 27.207 0 0.52
67250 5 3.5 7 0 0.08 0.419 0.328 0.884 0.664 123.396 0 146.753 31.567 0 0.573
67250 6 3.5 7 0 0.08 0.419 0.328 0.884 0.664 128.502 0 152.489 40.773 0 0.527
67250 7 3.5 7 0 0.08 0.419 0.328 0.884 0.664 127.669 0 159.185 42.853 0 0.487
67250 8 3.5 7 0 0.08 0.419 0.328 0.884 0.664 142.706 0 158.72 47.947 0 0.493
67250 9 3.5 7 0 0.08 0.419 0.328 0.884 0.664 122.236 0 139.641 39.753 0 0.487
67250 10 3.5 7 0 0.08 0.419 0.328 0.884 0.664 88.574 0 103.445 31.427 0 0.28
67250 1 3.5 7 0 0.05 0.226 0.241 0.866 0.414 109.986 2 134.288 240.56 0 0.12
67250 2 3.5 7 0 0.05 0.226 0.241 0.866 0.414 115.357 2 138.326 144.887 0 0.24
67250 3 3.5 7 0 0.05 0.226 0.241 0.866 0.414 119.593 1 138.819 110.64 0 0.32
67250 4 3.5 7 0 0.05 0.226 0.241 0.866 0.414 140.816 6 158.179 233.787 0 0.067
67250 5 3.5 7 0 0.05 0.226 0.241 0.866 0.414 0 0 0 0 1 1
67250 6 3.5 7 0 0.05 0.226 0.241 0.866 0.414 73.492 7 93.143 199.113 0 0.067
67250 7 3.5 7 0 0.05 0.226 0.241 0.866 0.414 110.777 1 136.909 250.02 0 0.227
67250 8 3.5 7 0 0.05 0.226 0.241 0.866 0.414 75.078 5 94.53 190.92 0 0.053
67250 9 3.5 7 0 0.05 0.226 0.241 0.866 0.414 124.362 4 153.103 375.2 0 0.107
67250 10 3.5 7 0 0.05 0.226 0.241 0.866 0.414 103.123 1 120.623 207.453 0 0.227
67250 1 3.5 7 0 0.019 0.422 0.26 0.848 0.814 130.631 0 155.607 32.293 0 0.48
67250 2 3.5 7 0 0.019 0.422 0.26 0.848 0.814 143.745 1 166.291 39.553 0 0.707
67250 3 3.5 7 0 0.019 0.422 0.26 0.848 0.814 135.389 0 163.921 38.693 0 0.54
67250 4 3.5 7 0 0.019 0.422 0.26 0.848 0.814 123.525 0 156.179 40.02 0 0.553
67250 5 3.5 7 0 0.019 0.422 0.26 0.848 0.814 134.715 1 161.473 42.813 0 0.593
67250 6 3.5 7 0 0.019 0.422 0.26 0.848 0.814 132.735 0 155.767 38.56 0 0.533
67250 7 3.5 7 0 0.019 0.422 0.26 0.848 0.814 135.619 0 150.691 41.92 0 0.467
67250 8 3.5 7 0 0.019 0.422 0.26 0.848 0.814 88.943 0 104.578 39.033 0 0.38
67250 1 3.5 8 0 0.01 0.017 0.245 0.76 0.515 136.955 0 160.236 35.787 0 0.62
67250 2 3.5 8 0 0.01 0.017 0.245 0.76 0.515 141.746 0 167.698 42.18 0 0.62
67250 3 3.5 8 0 0.01 0.017 0.245 0.76 0.515 133.443 1 156.406 42.827 0 0.447
67250 4 3.5 8 0 0.01 0.017 0.245 0.76 0.515 135.888 0 153.153 38.88 0 0.453
67250 5 3.5 8 0 0.01 0.017 0.245 0.76 0.515 136.344 0 165.73 37.447 0 0.547
67250 6 3.5 8 0 0.01 0.017 0.245 0.76 0.515 76.106 1 88.396 33.207 0 0.32
67250 7 3.5 8 0 0.01 0.017 0.245 0.76 0.515 0 0 0 0 1 1
67250 8 3.5 8 0 0.01 0.017 0.245 0.76 0.515 160.476 0 175.386 38.027 0 0.527
67250 9 3.5 8 0 0.01 0.017 0.245 0.76 0.515 114.629 0 161.508 49.487 0 0.44
67250 10 3.5 8 0 0.01 0.017 0.245 0.76 0.515 131.016 0 156.252 41.313 0 0.567
67250 1 3.5 8 0 0.069 0.149 0.492 0.802 0.415 130.219 0 162.524 43.473 0 0.633
67250 2 3.5 8 0 0.069 0.149 0.492 0.802 0.415 133.253 1 151.108 43.953 0 0.493
67250 3 3.5 8 0 0.069 0.149 0.492 0.802 0.415 169.948 0 184.856 48.873 0 0.46
67250 4 3.5 8 0 0.069 0.149 0.492 0.802 0.415 140.086 0 157.433 33.067 0 0.553
67250 5 3.5 8 0 0.069 0.149 0.492 0.802 0.415 133.577 0 153.149 41.86 0 0.453
67250 6 3.5 8 0 0.069 0.149 0.492 0.802 0.415 146.389 2 169.888 37.667 0 0.567
67250 7 3.5 8 0 0.069 0.149 0.492 0.802 0.415 126.693 0 166.452 50.607 0 0.507
67250 8 3.5 8 0 0.069 0.149 0.492 0.802 0.415 146.579 0 171.667 47.807 0 0.533
67250 9 3.5 8 0 0.069 0.149 0.492 0.802 0.415 140.753 0 164.755 48.293 0 0.527
67250 10 3.5 8 0 0.069 0.149 0.492 0.802 0.415 132.162 0 150.877 39.68 0 0.553
67250 1 3.5 8 0 0.107 0.099 0.333 0.781 0.041 224.383 62 239.963 3127.093 0 0
67250 2 3.5 8 0 0.107 0.099 0.333 0.781 0.041 218.257 252 239.874 3822.307 0 0
67250 3 3.5 8 0 0.107 0.099 0.333 0.781 0.041 223.369 1053 241.878 4668.647 0 0
67250 4 3.5 8 0 0.107 0.099 0.333 0.781 0.041 226.533 839 237.68 2760.38 0 0
67250 5 3.5 8 0 0.107 0.099 0.333 0.781 0.041 225.853 894 239.657 4602.547 0 0
67250 6 3.5 8 0 0.107 0.099 0.333 0.781 0.041 236.459 3178 245.77 4985.687 0 0
67250 7 3.5 8 0 0.107 0.099 0.333 0.781 0.041 228.549 236 240.771 3167.353 0 0
67250 8 3.5 8 0 0.107 0.099 0.333 0.781 0.041 221.648 1113 239.172 3766.28 0 0
67250 9 3.5 8 0 0.107 0.099 0.333 0.781 0.041 209.513 200 229.658 2968.393 0 0
67250 10 3.5 8 0 0.107 0.099 0.333 0.781 0.041 206.732 320 237.674 3832.18 0 0
67250 1 3.5 8 0 0.077 0.415 0.155 0.966 0.418 224.131 793 234.406 2360.1 0 0
67250 2 3.5 8 0 0.077 0.415 0.155 0.966 0.418 203.953 238 227.73 2290.047 0 0
67250 3 3.5 8 0 0.077 0.415 0.155 0.966 0.418 180.302 104 229.085 3476.487 0 0
67250 4 3.5 8 0 0.077 0.415 0.155 0.966 0.418 179.078 112 215.277 1530.96 0 0
67250 5 3.5 8 0 0.077 0.415 0.155 0.966 0.418 218.486 416 236.822 2512.493 0 0
67250 6 3.5 8 0 0.077 0.415 0.155 0.966 0.418 211.503 40 234.57 2377.167 0 0
67250 7 3.5 8 0 0.077 0.415 0.155 0.966 0.418 206.747 116 232.406 2367.96 0 0
67250 8 3.5 8 0 0.077 0.415 0.155 0.966 0.418 199.324 86 230.907 2117.6 0 0
67250 9 3.5 8 0 0.077 0.415 0.155 0.966 0.418 219.069 502 231.009 2824.967 0 0
67250 10 3.5 8 0 0.077 0.415 0.155 0.966 0.418 217.775 111 234.51 2020.36 0 0
67250 1 3.5 8 0 0.003 0.104 0.12 0.901 0.241 223.738 410 240.817 3562.813 0 0
67250 2 3.5 8 0 0.003 0.104 0.12 0.901 0.241 194.802 93 228.538 2457.92 0 0
67250 3 3.5 8 0 0.003 0.104 0.12 0.901 0.241 216.776 105 236.745 2805.487 0 0
67250 4 3.5 8 0 0.003 0.104 0.12 0.901 0.241 214.011 19 231.865 1357.78 0 0
67250 5 3.5 8 0 0.003 0.104 0.12 0.901 0.241 205.493 79 228.28 1571.693 0 0
67250 6 3.5 8 0 0.003 0.104 0.12 0.901 0.241 213.351 195 234.834 2966.587 0 0
67250 7 3.5 8 0 0.003 0.104 0.12 0.901 0.241 202.809 137 229.409 2180.653 0 0
67250 8 3.5 8 0 0.003 0.104 0.12 0.901 0.241 193.597 50 229.292 2122.533 0 0
67250 9 3.5 8 0 0.003 0.104 0.12 0.901 0.241 200.922 43 222.789 2235.413 0 0
67250 10 3.5 8 0 0.003 0.104 0.12 0.901 0.241 217.85 298 237.791 2617.893 0 0
67250 1 3.5 8 0 0.062 0.338 0.232 0.796 0.805 120.928 0 157.776 38.753 0 0.493
67250 2 3.5 8 0 0.062 0.338 0.232 0.796 0.805 149.272 1 166.61 44.747 0 0.52
67250 3 3.5 8 0 0.062 0.338 0.232 0.796 0.805 148.011 0 161.179 38.113 0 0.467
67250 4 3.5 8 0 0.062 0.338 0.232 0.796 0.805 120.252 0 136.51 29.2 0 0.607
67250 5 3.5 8 0 0.062 0.338 0.232 0.796 0.805 132.443 0 158.462 34.613 0 0.6
67250 6 3.5 8 0 0.062 0.338 0.232 0.796 0.805 138.498 0 178.727 42.693 0 0.4
67250 7 3.5 8 0 0.062 0.338 0.232 0.796 0.805 131.914 0 159.49 41.373 0 0.553
67250 8 3.5 8 0 0.062 0.338 0.232 0.796 0.805 145.402 0 173.975 51.28 0 0.5
67250 9 3.5 8 0 0.062 0.338 0.232 0.796 0.805 123.671 1 142.344 47.133 0 0.433
67250 10 3.5 8 0 0.062 0.338 0.232 0.796 0.805 146.134 0 169.429 48.28 0 0.553
67250 1 3.5 8 0 0.082 0.062 0.331 0.969 0.114 0 0 0 0 1 1
67250 2 3.5 8 0 0.082 0.062 0.331 0.969 0.114 94.447 0 115.52 44.447 0 0.52
67250 3 3.5 8 0 0.082 0.062 0.331 0.969 0.114 149.633 0 180.188 53.027 0 0.54
67250 4 3.5 8 0 0.082 0.062 0.331 0.969 0.114 142.26 1 165.388 39.513 0 0.493
67250 5 3.5 8 0 0.082 0.062 0.331 0.969 0.114 0 0 0 0 1 1
67250 6 3.5 8 0 0.082 0.062 0.331 0.969 0.114 121.479 0 147.951 36.507 0 0.413
67250 7 3.5 8 0 0.082 0.062 0.331 0.969 0.114 140.034 1 155.744 52.893 0 0.467
67250 8 3.5 8 0 0.082 0.062 0.331 0.969 0.114 132.698 1 147.197 43.953 0 0.453
67250 9 3.5 8 0 0.082 0.062 0.331 0.969 0.114 147.339 0 172.301 38.533 0 0.567
67250 10 3.5 8 0 0.082 0.062 0.331 0.969 0.114 130.049 1 160.142 38.487 0 0.64
67250 1 3.5 8 0 0.089 0.265 0.025 0.764 0.538 225.664 1427 242.222 4057.78 0 0
67250 2 3.5 8 0 0.089 0.265 0.025 0.764 0.538 233.905 3021 244.033 5040.667 0 0
67250 3 3.5 8 0 0.089 0.265 0.025 0.764 0.538 225.801 2402 239.844 3506.013 0 0
67250 4 3.5 8 0 0.089 0.265 0.025 0.764 0.538 229.655 2356 240.688 4048.447 0 0
67250 5 3.5 8 0 0.089 0.265 0.025 0.764 0.538 232.342 2747 243.422 4922.48 0 0
67250 6 3.5 8 0 0.089 0.265 0.025 0.764 0.538 214.927 422 241.961 4447.927 0 0
67250 7 3.5 8 0 0.089 0.265 0.025 0.764 0.538 237.455 2696 245.693 4653.4 0 0
67250 8 3.5 8 0 0.089 0.265 0.025 0.764 0.538 236.687 2672 245.138 4299.18 0 0
67250 9 3.5 8 0 0.089 0.265 0.025 0.764 0.538 230.415 1593 239.189 3374.18 0 0
67250 10 3.5 8 0 0.089 0.265 0.025 0.764 0.538 232.457 2824 243.011 4298.66 0 0
67250 1 3.5 8 0 0.061 0.087 0.016 0.83 0.772 71.352 1 99.155 51.36 0 0.287
67250 2 3.5 8 0 0.061 0.087 0.016 0.83 0.772 54.032 2 81.212 91.327 0 0.24
67250 3 3.5 8 0 0.061 0.087 0.016 0.83 0.772 63.548 0 75.825 50.227 0 0.247
67250 4 3.5 8 0 0.061 0.087 0.016 0.83 0.772 60.137 4 67.609 66.427 0 0.287
67250 5 3.5 8 0 0.061 0.087 0.016 0.83 0.772 70.701 3 83.112 65.287 0 0.307
67250 1 4 3 1 0.047 0.03 0.069 0.94 0.708 15.462 7 25.691 88.707 0 0.027
67250 2 4 3 1 0.047 0.03 0.069 0.94 0.708 6.238 4 14.918 87.24 0 0.053
67250 3 4 3 1 0.047 0.03 0.069 0.94 0.708 18.056 10 23.274 71.827 0 0
67250 4 4 3 1 0.047 0.03 0.069 0.94 0.708 17.853 3 22.503 69.32 0 0.127
67250 5 4 3 1 0.047 0.03 0.069 0.94 0.708 18.847 5 25.067 65.447 0 0.093
67250 6 4 3 1 0.047 0.03 0.069 0.94 0.708 48.591 0 60.76 33.873 0 0.287
67250 7 4 3 1 0.047 0.03 0.069 0.94 0.708 0 0 0 0 1 1
67250 8 4 3 1 0.047 0.03 0.069 0.94 0.708 21.653 5 27.55 84.207 0 0.08
67250 9 4 3 1 0.047 0.03 0.069 0.94 0.708 19.795 11 25.149 89.867 0 0
67250 10 4 3 1 0.047 0.03 0.069 0.94 0.708 16.514 8 23.567 103.42 0 0.02
67250 1 4 3 1 0.053 0.103 0.411 0.954 0.005 249.05 7319 249.934 8402.467 0 0
67250 2 4 3 1 0.053 0.103 0.411 0.954 0.005 249.512 7364 249.959 7984.927 0 0
67250 3 4 3 1 0.053 0.103 0.411 0.954 0.005 249.476 6912 249.973 8432.96 0 0
67250 4 4 3 1 0.053 0.103 0.411 0.954 0.005 249.112 6870 249.955 8495.887 0 0
67250 5 4 3 1 0.053 0.103 0.411 0.954 0.005 248.086 7082 249.842 7984.933 0 0
67250 6 4 3 1 0.053 0.103 0.411 0.954 0.005 249.653 8120 249.994 9001.2 0 0
67250 7 4 3 1 0.053 0.103 0.411 0.954 0.005 249.476 8149 249.984 8908.2 0 0
67250 8 4 3 1 0.053 0.103 0.411 0.954 0.005 249.306 7511 249.972 8865.067 0 0
67250 9 4 3 1 0.053 0.103 0.411 0.954 0.005 249.338 8260 249.972 8882.82 0 0
67250 10 4 3 1 0.053 0.103 0.411 0.954 0.005 248.86 8796 249.983 9535.073 0 0
67250 1 4 3 1 0.086 0.46 0.389 0.908 0.398 235.842 1613 244.671 3561.353 0 0
67250 2 4 3 1 0.086 0.46 0.389 0.908 0.398 241.625 2610 247.136 4005.153 0 0
67250 3 4 3 1 0.086 0.46 0.389 0.908 0.398 241.233 2305 247.021 3507.967 0 0
67250 4 4 3 1 0.086 0.46 0.389 0.908 0.398 238.047 1985 247.188 3771.473 0 0
67250 5 4 3 1 0.086 0.46 0.389 0.908 0.398 234.359 1440 243.005 2441.027 0 0
67250 6 4 3 1 0.086 0.46 0.389 0.908 0.398 232.435 1894 243.262 2961.467 0 0
67250 7 4 3 1 0.086 0.46 0.389 0.908 0.398 235.315 1745 245.433 3809.053 0 0
67250 8 4 3 1 0.086 0.46 0.389 0.908 0.398 231.311 1867 242.485 2892.853 0 0
67250 9 4 3 1 0.086 0.46 0.389 0.908 0.398 239.488 2157 246.215 3600.173 0 0
67250 10 4 3 1 0.086 0.46 0.389 0.908 0.398 239.561 3083 246.07 3798.247 0 0
67250 1 4 3 1 0.1 0.173 0.489 0.959 0.257 57.509 34 68.59 224.08 0 0
67250 2 4 3 1 0.1 0.173 0.489 0.959 0.257 80.72 72 87.417 262.647 0 0
67250 3 4 3 1 0.1 0.173 0.489 0.959 0.257 78.667 111 88.285 297.82 0 0
67250 4 4 3 1 0.1 0.173 0.489 0.959 0.257 65.314 14 74.315 179.9 0 0
67250 5 4 3 1 0.1 0.173 0.489 0.959 0.257 54.95 36 75.347 197 0 0
67250 6 4 3 1 0.1 0.173 0.489 0.959 0.257 75.215 210 82.512 338.633 0 0
67250 7 4 3 1 0.1 0.173 0.489 0.959 0.257 75.326 120 83.57 265.173 0 0
67250 8 4 3 1 0.1 0.173 0.489 0.959 0.257 70.4 102 77.428 294.407 0 0
67250 9 4 3 1 0.1 0.173 0.489 0.959 0.257 84.727 87 92.736 240.393 0 0
67250 10 4 3 1 0.1 0.173 0.489 0.959 0.257 74.866 97 81.022 299.547 0 0
67250 1 4 3 1 0.115 0.115 0.035 0.808 0.408 238.95 3445 246.021 4546.273 0 0
67250 2 4 3 1 0.115 0.115 0.035 0.808 0.408 243.573 4120 248.123 4651.973 0 0
67250 3 4 3 1 0.115 0.115 0.035 0.808 0.408 243.052 4733 249.301 5119.213 0 0
67250 4 4 3 1 0.115 0.115 0.035 0.808 0.408 241.546 3180 246.092 4020.033 0 0
67250 5 4 3 1 0.115 0.115 0.035 0.808 0.408 237.968 4017 245.216 4680.967 0 0
67250 6 4 3 1 0.115 0.115 0.035 0.808 0.408 242.974 3843 247.11 4511.707 0 0
67250 7 4 3 1 0.115 0.115 0.035 0.808 0.408 219.969 2997 230.038 3591.42 0 0
67250 8 4 3 1 0.115 0.115 0.035 0.808 0.408 236.489 4280 245.182 5042.12 0 0
67250 9 4 3 1 0.115 0.115 0.035 0.808 0.408 245.723 4750 248.846 5292.813 0 0
67250 10 4 3 1 0.115 0.115 0.035 0.808 0.408 235.792 3934 245.44 4544.973 0 0
67250 1 4 3 1 0.099 0.28 0.118 0.772 0.403 248.148 7543 249.885 8492.853 0 0
67250 1 4 10 0 0.008 0.215 0.421 0.755 0.293 124.894 0 153.728 69.373 0 0.467
67250 2 4 10 0 0.008 0.215 0.421 0.755 0.293 120.552 0 141.942 38.487 0 0.44
67250 3 4 10 0 0.008 0.215 0.421 0.755 0.293 157.927 0 191.632 55.033 0 0.62
67250 4 4 10 0 0.008 0.215 0.421 0.755 0.293 144.193 1 170.961 78.087 0 0.473
67250 5 4 10 0 0.008 0.215 0.421 0.755 0.293 126.14 1 147.69 64.293 0 0.44
67250 6 4 10 0 0.008 0.215 0.421 0.755 0.293 134.837 0 169.107 60.667 0 0.547
67250 7 4 10 0 0.008 0.215 0.421 0.755 0.293 109.616 2 128.178 57.4 0 0.553
67250 8 4 10 0 0.008 0.215 0.421 0.755 0.293 151.211 0 178.333 73.293 0 0.513
67250 9 4 10 0 0.008 0.215 0.421 0.755 0.293 167.965 1 184.107 47.173 0 0.46
67250 10 4 10 0 0.008 0.215 0.421 0.755 0.293 141.195 0 166.249 52.693 0 0.653
67250 1 4 10 0 0.048 0.029 0.219 0.759 0.456 132.043 0 160.257 47.02 0 0.473
67250 2 4 10 0 0.048 0.029 0.219 0.759 0.456 163.172 0 193.531 47.94 0 0.707
67250 3 4 10 0 0.048 0.029 0.219 0.759 0.456 0 0 0 0 1 1
67250 4 4 10 0 0.048 0.029 0.219 0.759 0.456 166.639 0 183.556 43.187 0 0.553
67250 5 4 10 0 0.048 0.029 0.219 0.759 0.456 151.933 0 168.645 47.287 0 0.56
67250 6 4 10 0 0.048 0.029 0.219 0.759 0.456 150.665 0 173.783 56.98 0 0.533
67250 7 4 10 0 0.048 0.029 0.219 0.759 0.456 147.828 0 167.604 43.013 0 0.593
67250 8 4 10 0 0.048 0.029 0.219 0.759 0.456 160.432 0 177.717 47.753 0 0.56
67250 9 4 10 0 0.048 0.029 0.219 0.759 0.456 145.846 0 173.073 48.047 0 0.553
67250 10 4 10 0 0.048 0.029 0.219 0.759 0.456 146.5 0 167.444 41.533 0 0.56
67250 1 4 10 0 0.067 0.186 0.396 0.944 0.094 213.955 31 226.292 1768 0 0
67250 2 4 10 0 0.067 0.186 0.396 0.944 0.094 187.58 15 218.338 1591.38 0 0
67250 3 4 10 0 0.067 0.186 0.396 0.944 0.094 196.586 15 213.637 1153.98 0 0
67250 4 4 10 0 0.067 0.186 0.396 0.944 0.094 219.032 48 234.044 2053.273 0 0
67250 5 4 10 0 0.067 0.186 0.396 0.944 0.094 217.772 244 232.663 1985.753 0 0
67250 6 4 10 0 0.067 0.186 0.396 0.944 0.094 206.487 18 221.104 710.033 0 0
67250 7 4 10 0 0.067 0.186 0.396 0.944 0.094 201.966 12 223.737 1002.68 0 0
67250 8 4 10 0 0.067 0.186 0.396 0.944 0.094 195.795 11 231.084 1363.573 0 0
67250 9 4 10 0 0.067 0.186 0.396 0.944 0.094 173.489 52 209.471 1508.54 0 0
67250 10 4 10 0 0.067 0.186 0.396 0.944 0.094 207.661 223 226.778 1658.233 0 0
67250 1 4 10 0 0.02 0.287 0.075 0.854 0.305 226.915 1863 239.599 4816.993 0 0
67250 2 4 10 0 0.02 0.287 0.075 0.854 0.305 236.896 2134 246.563 6834.367 0 0
67250 3 4 10 0 0.02 0.287 0.075 0.854 0.305 227.935 3353 245.234 7952.8 0 0
67250 4 4 10 0 0.02 0.287 0.075 0.854 0.305 237.709 3782 248.161 8119.08 0 0
67250 5 4 10 0 0.02 0.287 0.075 0.854 0.305 236.941 2277 245.441 6869.353 0 0
67250 6 4 10 0 0.02 0.287 0.075 0.854 0.305 232.295 5564 247.059 8503.807 0 0
67250 7 4 10 0 0.02 0.287 0.075 0.854 0.305 233.321 4544 246.082 7834.587 0 0
67250 8 4 10 0 0.02 0.287 0.075 0.854 0.305 242.674 3600 248.002 7332.587 0 0
67250 9 4 10 0 0.02 0.287 0.075 0.854 0.305 200.443 214 238.853 5374.207 0 0
67250 10 4 10 0 0.02 0.287 0.075 0.854 0.305 230.184 3528 244.327 6714.76 0 0
67250 1 4 10 0 0.069 0.234 0.457 0.903 0.005 240.431 4186 248.881 7591.673 0 0
67250 2 4 10 0 0.069 0.234 0.457 0.903 0.005 234.33 2209 247.466 7235.967 0 0
67250 3 4 10 0 0.069 0.234 0.457 0.903 0.005 237.082 5119 247.001 7364.313 0 0
67250 4 4 10 0 0.069 0.234 0.457 0.903 0.005 225.583 1357 244.269 5449.253 0 0
67250 1 5 10 1 0.019 0.207 0.434 0.756 0.068 245.796 5812 249.189 10128.947 0 0
67250 2 5 10 1 0.019 0.207 0.434 0.756 0.068 244.673 5952 248.907 8894.827 0 0
67250 3 5 10 1 0.019 0.207 0.434 0.756 0.068 245.02 6155 249.274 9623.3 0 0
67250 4 5 10 1 0.019 0.207 0.434 0.756 0.068 248.148 8065 249.869 9773.66 0 0
67250 5 5 10 1 0.019 0.207 0.434 0.756 0.068 247.47 8527 249.842 10112.267 0 0
67250 6 5 10 1 0.019 0.207 0.434 0.756 0.068 245.05 8064 249.68 10167.26 0 0
67250 7 5 10 1 0.019 0.207 0.434 0.756 0.068 247.637 8766 249.93 10514.533 0 0
67250 8 5 10 1 0.019 0.207 0.434 0.756 0.068 247.244 7357 249.812 10268.48 0 0
67250 9 5 10 1 0.019 0.207 0.434 0.756 0.068 245.534 7106 249.339 9523.533 0 0
67250 10 5 10 1 0.019 0.207 0.434 0.756 0.068 246.973 7441 249.783 10828.54 0 0
67250 1 5 10 1 0.083 0.464 0.417 0.985 0.511 50.491 18 60.259 109.953 0 0
67250 2 5 10 1 0.083 0.464 0.417 0.985 0.511 33.058 3 45.921 172.487 0 0.08
67250 3 5 10 1 0.083 0.464 0.417 0.985 0.511 54.835 10 66.822 144.393 0 0
67250 4 5 10 1 0.083 0.464 0.417 0.985 0.511 43.065 40 50.104 168.647 0 0
67250 5 5 10 1 0.083 0.464 0.417 0.985 0.511 45.867 21 56.339 166.087 0 0
67250 6 5 10 1 0.083 0.464 0.417 0.985 0.511 36.887 0 59.314 45.987 0 0.273
67250 7 5 10 1 0.083 0.464 0.417 0.985 0.511 31.689 14 45.143 181.6 0 0
67250 8 5 10 1 0.083 0.464 0.417 0.985 0.511 38.569 15 49.637 171.96 0 0
67250 9 5 10 1 0.083 0.464 0.417 0.985 0.511 0 0 0 0 1 1
67250 10 5 10 1 0.083 0.464 0.417 0.985 0.511 43.358 16 50.09 180.873 0 0
67250 1 5 10 1 0.013 0.316 0.244 0.903 0.162 239.852 3913 249.148 10157.653 0 0
67250 2 5 10 1 0.013 0.316 0.244 0.903 0.162 246.149 8391 249.636 10261.607 0 0
67250 3 5 10 1 0.013 0.316 0.244 0.903 0.162 245 5516 249.271 8894.287 0 0
67250 4 5 10 1 0.013 0.316 0.244 0.903 0.162 244.833 5740 249.307 9935.067 0 0
67250 5 5 10 1 0.013 0.316 0.244 0.903 0.162 248.198 6845 249.891 10984.64 0 0
67250 6 5 10 1 0.013 0.316 0.244 0.903 0.162 241.713 5549 249.21 10012.187 0 0
67250 7 5 10 1 0.013 0.316 0.244 0.903 0.162 243 6457 248.955 9532.593 0 0
67250 8 5 10 1 0.013 0.316 0.244 0.903 0.162 245.771 7358 249.397 9168.86 0 0
67250 9 5 10 1 0.013 0.316 0.244 0.903 0.162 248.534 8085 249.899 9803.113 0 0
67250 10 5 10 1 0.013 0.316 0.244 0.903 0.162 249.196 7679 249.976 9960.38 0 0
67250 1 5 10 1 0.001 0.322 0.364 0.916 0.601 118.972 0 138.829 49.733 0 0.5
67250 2 5 10 1 0.001 0.322 0.364 0.916 0.601 49.321 0 58.653 39.593 0 0.46
67250 3 5 10 1 0.001 0.322 0.364 0.916 0.601 114.183 0 130.5 44.427 0 0.547
67250 4 5 10 1 0.001 0.322 0.364 0.916 0.601 117.695 0 137.341 47.28 0 0.493
67250 5 5 10 1 0.001 0.322 0.364 0.916 0.601 129.984 0 151.176 50.347 0 0.493
67250 6 5 10 1 0.001 0.322 0.364 0.916 0.601 131.573 0 149.698 43.273 0 0.54
67250 1 5 6 1 0.029 0.031 0.15 0.789 0.016 245.62 9539 249.767 11979.093 0 0
67250 2 5 6 1 0.029 0.031 0.15 0.789 0.016 248.241 9938 249.919 11965.367 0 0
67250 3 5 6 1 0.029 0.031 0.15 0.789 0.016 249.521 9863 249.995 11010.233 0 0
67250 4 5 6 1 0.029 0.031 0.15 0.789 0.016 249.696 9743 249.988 11294.827 0 0
67250 5 5 6 1 0.029 0.031 0.15 0.789 0.016 248.439 10024 249.973 11808.127 0 0
67250 6 5 6 1 0.029 0.031 0.15 0.789 0.016 248.985 9780 249.976 12379.447 0 0
67250 7 5 6 1 0.029 0.031 0.15 0.789 0.016 245.824 9905 249.787 11269.06 0 0
67250 8 5 6 1 0.029 0.031 0.15 0.789 0.016 248.585 9621 249.971 11656.247 0 0
67250 9 5 6 1 0.029 0.031 0.15 0.789 0.016 250 10906 250 12290.627 0 0
67250 10 5 6 1 0.029 0.031 0.15 0.789 0.016 247.345 10653 249.877 12000.413 0 0
67250 1 5 6 1 0.062 0.089 0.219 1 0.313 94.319 147 100.505 469.313 0 0
67250 2 5 6 1 0.062 0.089 0.219 1 0.313 69.266 5 81.143 174.127 0 0.053
67250 3 5 6 1 0.062 0.089 0.219 1 0.313 0 0 0 0 1 1
67250 4 5 6 1 0.062 0.089 0.219 1 0.313 77.959 2 88.578 143.74 0 0.08
67250 5 5 6 1 0.062 0.089 0.219 1 0.313 105.611 147 109.389 484.453 0 0
67250 6 5 6 1 0.062 0.089 0.219 1 0.313 94.838 149 100.67 421.713 0 0
67250 7 5 6 1 0.062 0.089 0.219 1 0.313 85.512 13 93.921 272.767 0 0
67250 8 5 6 1 0.062 0.089 0.219 1 0.313 62.716 4 70.635 169.06 0 0.047
67250 9 5 6 1 0.062 0.089 0.219 1 0.313 68.263 9 93.406 288.46 0 0.013
67250 10 5 6 1 0.062 0.089 0.219 1 0.313 79.909 10 100.342 234.813 0 0
67250 1 5 6 1 0.034 0.483 0.228 0.879 0.495 239.831 3616 247.865 7680.38 0 0
67250 2 5 6 1 0.034 0.483 0.228 0.879 0.495 243.399 2712 248.038 5779.507 0 0
67250 3 5 6 1 0.034 0.483 0.228 0.879 0.495 247.005 4739 249.262 6734.627 0 0
67250 4 5 6 1 0.034 0.483 0.228 0.879 0.495 238.539 3354 247.764 7303.973 0 0
67250 5 5 6 1 0.034 0.483 0.228 0.879 0.495 241.138 4271 249.172 7113.607 0 0
67250 6 5 6 1 0.034 0.483 0.228 0.879 0.495 237.196 4029 247.625 6285.433 0 0
67250 7 5 6 1 0.034 0.483 0.228 0.879 0.495 245 4930 248.942 7340.987 0 0
67250 8 5 6 1 0.034 0.483 0.228 0.879 0.495 246.05 6119 249.397 8523.033 0 0
67250 9 5 6 1 0.034 0.483 0.228 0.879 0.495 240.014 5735 247.419 7733.867 0 0
67250 10 5 6 1 0.034 0.483 0.228 0.879 0.495 241.833 4745 248.073 7397.407 0 0
67250 1 5 6 1 0.062 0.487 0.146 0.835 0.567 246.144 5355 249.569 8198.933 0 0
67250 2 5 6 1 0.062 0.487 0.146 0.835 0.567 246.283 8089 249.607 10376.793 0 0
67250 1 3.5 4 0 0.029 0.34 0.282 0.871 0.446 99.651 9 112.82 461.673 0 0.02
67250 2 3.5 4 0 0.029 0.34 0.282 0.871 0.446 98.838 13 118.442 482.987 0 0
67250 3 3.5 4 0 0.029 0.34 0.282 0.871 0.446 100.971 5 127.096 404.6 0 0.027
67250 4 3.5 4 0 0.029 0.34 0.282 0.871 0.446 88.943 10 101.373 376.42 0 0
67250 5 3.5 4 0 0.029 0.34 0.282 0.871 0.446 86.336 16 96.832 513.887 0 0
67250 6 3.5 4 0 0.029 0.34 0.282 0.871 0.446 105.748 9 118.262 234.027 0 0.007
67250 7 3.5 4 0 0.029 0.34 0.282 0.871 0.446 70.417 6 92.964 386.407 0 0.04
67250 8 3.5 4 0 0.029 0.34 0.282 0.871 0.446 99.852 21 109.514 423.42 0 0
67250 9 3.5 4 0 0.029 0.34 0.282 0.871 0.446 95.116 29 112.748 327.733 0 0
67250 10 3.5 4 0 0.029 0.34 0.282 0.871 0.446 98.829 8 109.835 269.173 0 0.02
67250 1 3.5 4 0 0.087 0.327 0.148 0.946 0.074 244.736 4479 249.3 7632.107 0 0
67250 2 3.5 4 0 0.087 0.327 0.148 0.946 0.074 239 4842 248.272 6872.24 0 0
67250 3 3.5 4 0 0.087 0.327 0.148 0.946 0.074 243.898 5846 249.229 7250.107 0 0
67250 4 3.5 4 0 0.087 0.327 0.148 0.946 0.074 242.199 5194 249.164 6981.973 0 0
67250 5 3.5 4 0 0.087 0.327 0.148 0.946 0.074 236.068 3162 247.64 6962.26 0 0
67250 6 3.5 4 0 0.087 0.327 0.148 0.946 0.074 240.05 5527 247.736 7468.98 0 0
67250 7 3.5 4 0 0.087 0.327 0.148 0.946 0.074 237.654 3465 247.385 6528.713 0 0
67250 8 3.5 4 0 0.087 0.327 0.148 0.946 0.074 240.98 4131 248.22 7346.867 0 0
67250 9 3.5 4 0 0.087 0.327 0.148 0.946 0.074 238.045 4652 248.43 7040 0 0
67250 10 3.5 4 0 0.087 0.327 0.148 0.946 0.074 215.479 823 244.232 6546.68 0 0
67250 1 3.5 4 0 0.046 0.304 0.085 0.933 0.198 219.418 1834 245.398 6806.273 0 0
67250 2 3.5 4 0 0.046 0.304 0.085 0.933 0.198 237.196 3662 246.189 5762.567 0 0
67250 3 3.5 4 0 0.046 0.304 0.085 0.933 0.198 242.73 5069 247.988 6749.04 0 0
67250 4 3.5 4 0 0.046 0.304 0.085 0.933 0.198 243.571 4855 249.225 7142.86 0 0
67250 5 3.5 4 0 0.046 0.304 0.085 0.933 0.198 235.979 1979 247.583 6048.32 0 0
67250 6 3.5 4 0 0.046 0.304 0.085 0.933 0.198 225 2963 245.282 6541.633 0 0
67250 7 3.5 4 0 0.046 0.304 0.085 0.933 0.198 229.602 3527 245.165 6195.653 0 0
67250 8 3.5 4 0 0.046 0.304 0.085 0.933 0.198 244.363 5139 248.89 7548.613 0 0
67250 9 3.5 4 0 0.046 0.304 0.085 0.933 0.198 238.255 3272 245.326 5830.753 0 0
67250 10 3.5 4 0 0.046 0.304 0.085 0.933 0.198 233.724 1665 246.415 5751.88 0 0
67250 1 3.5 4 0 0.023 0.214 0.233 0.955 0.418 84.857 6 93.513 257.887 0 0.033
67250 2 3.5 4 0 0.023 0.214 0.233 0.955 0.418 67.777 7 86.316 162.347 0 0.053
67250 3 3.5 4 0 0.023 0.214 0.233 0.955 0.418 102.497 2 125.384 303.64 0 0.14
67250 4 3.5 4 0 0.023 0.214 0.233 0.955 0.418 93.471 3 110.735 183.167 0 0.167
67250 5 3.5 4 0 0.023 0.214 0.233 0.955 0.418 82.315 3 99.541 317.4 0 0.133
67250 6 3.5 4 0 0.023 0.214 0.233 0.955 0.418 116.727 21 126.855 369.427 0 0
67250 7 3.5 4 0 0.023 0.214 0.233 0.955 0.418 78.783 4 101.096 297.333 0 0.093
67250 8 3.5 4 0 0.023 0.214 0.233 0.955 0.418 109.282 4 123.953 234.187 0 0.033
67250 9 3.5 4 0 0.023 0.214 0.233 0.955 0.418 85.271 24 97.859 299.693 0 0
67250 10 3.5 4 0 0.023 0.214 0.233 0.955 0.418 97.298 4 115.291 382.987 0 0.093
67250 1 3.5 4 0 0.077 0.343 0.128 0.866 0.037 238.427 5959 248.284 8740.34 0 0
67250 2 3.5 4 0 0.077 0.343 0.128 0.866 0.037 244.543 6408 248.964 7924.587 0 0
67250 3 3.5 4 0 0.077 0.343 0.128 0.866 0.037 245.974 6715 249.611 7931.107 0 0
67250 4 3.5 4 0 0.077 0.343 0.128 0.866 0.037 242.921 4741 247.904 6795.9 0 0
67250 1 4 8 0 0.038 0.078 0.263 0.981 0.749 155.586 0 179.869 48.273 0 0.553
67250 2 4 8 0 0.038 0.078 0.263 0.981 0.749 133.504 0 161.759 46.32 0 0.647
67250 3 4 8 0 0.038 0.078 0.263 0.981 0.749 134.146 0 150.966 40.587 0 0.627
67250 4 4 8 0 0.038 0.078 0.263 0.981 0.749 146.528 0 163.529 42.013 0 0.573
67250 5 4 8 0 0.038 0.078 0.263 0.981 0.749 126.052 0 144.362 37.64 0 0.553
67250 6 4 8 0 0.038 0.078 0.263 0.981 0.749 141.749 0 173.99 54.427 0 0.533
67250 7 4 8 0 0.038 0.078 0.263 0.981 0.749 132.898 0 159.665 42.887 0 0.553
67250 8 4 8 0 0.038 0.078 0.263 0.981 0.749 142.435 0 163.458 42.893 0 0.553
67250 9 4 8 0 0.038 0.078 0.263 0.981 0.749 150.449 0 180.792 52.127 0 0.533
67250 10 4 8 0 0.038 0.078 0.263 0.981 0.749 129.132 1 141.94 33.747 0 0.54
67250 1 4 8 0 0.075 0.443 0.321 0.878 0.609 138.404 0 154.32 47.073 0 0.44
67250 2 4 8 0 0.075 0.443 0.321 0.878 0.609 126.014 0 153.465 45.2 0 0.52
67250 3 4 8 0 0.075 0.443 0.321 0.878 0.609 110.774 1 144.594 41.84 0 0.62
67250 4 4 8 0 0.075 0.443 0.321 0.878 0.609 131.637 0 151.573 46.34 0 0.507
67250 5 4 8 0 0.075 0.443 0.321 0.878 0.609 144.208 2 173.819 47.213 0 0.553
67250 6 4 8 0 0.075 0.443 0.321 0.878 0.609 136.885 0 159.339 52.347 0 0.533
67250 7 4 8 0 0.075 0.443 0.321 0.878 0.609 155.582 0 181.524 55.467 0 0.667
67250 8 4 8 0 0.075 0.443 0.321 0.878 0.609 137.235 1 160.604 56.107 0 0.487
67250 9 4 8 0 0.075 0.443 0.321 0.878 0.609 122.298 0 151.642 50 0 0.607
67250 10 4 8 0 0.075 0.443 0.321 0.878 0.609 131.571 0 144.365 45.993 0 0.46
67250 1 4 8 0 0.037 0.247 0.21 0.805 0.34 204.712 78 227.337 1993.973 0 0
67250 2 4 8 0 0.037 0.247 0.21 0.805 0.34 184.066 64 211.347 954.413 0 0
67250 3 4 8 0 0.037 0.247 0.21 0.805 0.34 195.301 30 224.36 1483.3 0 0
67250 4 4 8 0 0.037 0.247 0.21 0.805 0.34 207.575 247 232.211 2253.867 0 0
67250 5 4 8 0 0.037 0.247 0.21 0.805 0.34 203.147 99 231.194 1376.873 0 0
67250 6 4 8 0 0.037 0.247 0.21 0.805 0.34 211.952 469 231.433 2838.533 0 0
67250 7 4 8 0 0.037 0.247 0.21 0.805 0.34 195.635 44 222.692 1782.467 0 0
67250 8 4 8 0 0.037 0.247 0.21 0.805 0.34 203.139 56 229.632 1652.74 0 0
67250 9 4 8 0 0.037 0.247 0.21 0.805 0.34 185.552 19 223.079 1639.473 0 0
67250 10 4 8 0 0.037 0.247 0.21 0.805 0.34 212.706 92 234.837 1869.007 0 0
67250 1 4 8 0 0.063 0.232 0.33 0.994 0.435 143.526 1 161.971 53.367 0 0.493
67250 2 4 8 0 0.063 0.232 0.33 0.994 0.435 138.245 1 161.756 43.167 0 0.553
67250 3 4 8 0 0.063 0.232 0.33 0.994 0.435 140.525 0 170.054 51.68 0 0.493
67250 4 4 8 0 0.063 0.232 0.33 0.994 0.435 173.479 0 197.943 37.32 0 0.62
67250 5 4 8 0 0.063 0.232 0.33 0.994 0.435 137.511 0 158.726 46.513 0 0.54
67250 6 4 8 0 0.063 0.232 0.33 0.994 0.435 126.821 0 179.532 49.513 0 0.573
67250 7 4 8 0 0.063 0.232 0.33 0.994 0.435 168.73 0 194.421 45.913 0 0.533
67250 8 4 8 0 0.063 0.232 0.33 0.994 0.435 145.295 1 163.417 57.573 0 0.46
67250 9 4 8 0 0.063 0.232 0.33 0.994 0.435 164.947 0 190.252 51.607 0 0.627
67250 10 4 8 0 0.063 0.232 0.33 0.994 0.435 151.147 0 170.307 54.427 0 0.527
67250 1 4 8 0 0.016 0.325 0.03 0.834 0.625 224.111 1790 245.133 7564.453 0 0
67250 2 4 8 0 0.016 0.325 0.03 0.834 0.625 218.497 821 242.999 4791.367 0 0
67250 3 4 8 0 0.016 0.325 0.03 0.834 0.625 226.905 3158 242.352 6209.453 0 0
67250 4 4 8 0 0.016 0.325 0.03 0.834 0.625 231.032 1037 242.563 4291.233 0 0
67250 5 4 8 0 0.016 0.325 0.03 0.834 0.625 233.154 2803 245.304 6735.993 0 0
67250 6 4 8 0 0.016 0.325 0.03 0.834 0.625 236.134 1377 245.025 6163.987 0 0
67250 7 4 8 0 0.016 0.325 0.03 0.834 0.625 227.179 907 238.971 3487.773 0 0
67250 8 4 8 0 0.016 0.325 0.03 0.834 0.625 232.407 1574 245.404 6029.66 0 0
67250 9 4 8 0 0.016 0.325 0.03 0.834 0.625 218.823 1481 239.886 4957.273 0 0
67250 10 4 8 0 0.016 0.325 0.03 0.834 0.625 218.194 1630 235.697 4436.893 0 0
67250 1 4 8 0 0.003 0.331 0.281 0.976 0.697 132.825 1 146.921 40.213 0 0.487
67250 2 4 8 0 0.003 0.331 0.281 0.976 0.697 131.322 0 169.086 54.353 0 0.493
67250 3 4 8 0 0.003 0.331 0.281 0.976 0.697 135.656 0 164.884 48.247 0 0.513
67250 4 4 8 0 0.003 0.331 0.281 0.976 0.697 138.245 0 159.347 43.96 0 0.493
67250 5 4 8 0 0.003 0.331 0.281 0.976 0.697 119.627 1 168.826 52.307 0 0.587
67250 6 4 8 0 0.003 0.331 0.281 0.976 0.697 149.034 0 166.916 43.007 0 0.52
67250 7 4 8 0 0.003 0.331 0.281 0.976 0.697 130.685 0 152.485 38.707 0 0.54
67250 8 4 8 0 0.003 0.331 0.281 0.976 0.697 139.098 1 163.471 55.553 0 0.58
67250 9 4 8 0 0.003 0.331 0.281 0.976 0.697 143.787 1 167.558 53.327 0 0.447
67250 10 4 8 0 0.003 0.331 0.281 0.976 0.697 136.97 0 159.892 46.34 0 0.693
67250 1 4 8 0 0.096 0.433 0.177 0.964 0.397 191.076 103 219.117 2204.093 0 0
67250 2 4 8 0 0.096 0.433 0.177 0.964 0.397 203.737 54 230.021 1441.373 0 0
67250 3 4 8 0 0.096 0.433 0.177 0.964 0.397 182.326 24 222.857 1447.927 0 0
67250 4 4 8 0 0.096 0.433 0.177 0.964 0.397 194.586 178 228.358 2195.707 0 0
67250 1 4.5 10 0 0.025 0.374 0.414 0.922 0.901 137.041 0 153.291 47.933 0 0.54
67250 2 4.5 10 0 0.025 0.374 0.414 0.922 0.901 146.652 0 163.857 47.847 0 0.58
67250 3 4.5 10 0 0.025 0.374 0.414 0.922 0.901 153.998 1 178.49 45.76 0 0.527
67250 4 4.5 10 0 0.025 0.374 0.414 0.922 0.901 148.559 0 189.233 52.52 0 0.56
67250 5 4.5 10 0 0.025 0.374 0.414 0.922 0.901 141.088 0 168.101 53.713 0 0.453
67250 6 4.5 10 0 0.025 0.374 0.414 0.922 0.901 158.301 0 180.294 56.047 0 0.713
67250 7 4.5 10 0 0.025 0.374 0.414 0.922 0.901 135.092 0 156.235 43.607 0 0.593
67250 8 4.5 10 0 0.025 0.374 0.414 0.922 0.901 168.681 0 205.169 53.793 0 0.687
67250 9 4.5 10 0 0.025 0.374 0.414 0.922 0.901 148.514 0 179.634 49.987 0 0.573
67250 10 4.5 10 0 0.025 0.374 0.414 0.922 0.901 162.6 0 204.307 54.013 0 0.567
67250 1 4.5 10 0 0.095 0.364 0.328 0.818 0.051 227.121 1409 245.527 7378.673 0 0
67250 2 4.5 10 0 0.095 0.364 0.328 0.818 0.051 214.372 411 242.956 6113.22 0 0
67250 3 4.5 10 0 0.095 0.364 0.328 0.818 0.051 223.338 1743 244.006 6895.82 0 0
67250 4 4.5 10 0 0.095 0.364 0.328 0.818 0.051 236.864 5384 246.397 7961.527 0 0
67250 5 4.5 10 0 0.095 0.364 0.328 0.818 0.051 215.428 210 243.823 6045.353 0 0
67250 6 4.5 10 0 0.095 0.364 0.328 0.818 0.051 217.591 1522 243.161 6616.56 0 0
67250 7 4.5 10 0 0.095 0.364 0.328 0.818 0.051 232.114 1218 246.483 8782.193 0 0
67250 8 4.5 10 0 0.095 0.364 0.328 0.818 0.051 239 5405 247.281 8044.467 0 0
67250 9 4.5 10 0 0.095 0.364 0.328 0.818 0.051 245 6773 249.33 10276.88 0 0
67250 10 4.5 10 0 0.095 0.364 0.328 0.818 0.051 234.377 4021 244.189 6629.887 0 0
67250 1 4.5 10 0 0.019 0.198 0.347 0.898 0.026 228.509 2386 242.501 5872.607 0 0
67250 2 4.5 10 0 0.019 0.198 0.347 0.898 0.026 221.732 222 243.187 5766.78 0 0
67250 3 4.5 10 0 0.019 0.198 0.347 0.898 0.026 236.223 2232 243.419 6013.373 0 0
67250 4 4.5 10 0 0.019 0.198 0.347 0.898 0.026 223.774 1950 242.124 6486.56 0 0
67250 5 4.5 10 0 0.019 0.198 0.347 0.898 0.026 208.051 456 242.06 7175.353 0 0
67250 6 4.5 10 0 0.019 0.198 0.347 0.898 0.026 240.098 3657 246.223 7035.68 0 0
67250 7 4.5 10 0 0.019 0.198 0.347 0.898 0.026 222.385 2178 243.833 6391.98 0 0
67250 8 4.5 10 0 0.019 0.198 0.347 0.898 0.026 216.204 369 241.559 5460.14 0 0
67250 9 4.5 10 0 0.019 0.198 0.347 0.898 0.026 225.151 261 243.163 5879.42 0 0
67250 10 4.5 10 0 0.019 0.198 0.347 0.898 0.026 231.422 4289 246.304 8074.167 0 0
67250 1 4.5 10 0 0.103 0.234 0.122 0.962 0.422 150.452 7 165.361 465.133 0 0.087
67250 2 4.5 10 0 0.103 0.234 0.122 0.962 0.422 192.088 21 214.952 1406.853 0 0
67250 3 4.5 10 0 0.103 0.234 0.122 0.962 0.422 169.065 7 190.225 707.14 0 0.047
67250 4 4.5 10 0 0.103 0.234 0.122 0.962 0.422 187.874 81 214.208 1283.527 0 0
67250 5 4.5 10 0 0.103 0.234 0.122 0.962 0.422 157.948 5 192.442 709.433 0 0.18
67250 6 4.5 10 0 0.103 0.234 0.122 0.962 0.422 175.212 20 204.138 1641.6 0 0
67250 7 4.5 10 0 0.103 0.234 0.122 0.962 0.422 218.138 296 236.14 2796.887 0 0
67250 8 4.5 10 0 0.103 0.234 0.122 0.962 0.422 192.854 32 225.28 2043.16 0 0
67250 9 4.5 10 0 0.103 0.234 0.122 0.962 0.422 202.124 11 227.346 1217.327 0 0
67250 10 4.5 10 0 0.103 0.234 0.122 0.962 0.422 199.855 33 231.786 2313.233 0 0
67250 1 4.5 10 0 0.023 0.268 0.487 0.983 0.56 146.982 0 190.972 52.533 0 0.513
67250 2 4.5 10 0 0.023 0.268 0.487 0.983 0.56 143.665 0 174.392 50.84 0 0.587
67250 3 4.5 10 0 0.023 0.268 0.487 0.983 0.56 164.154 0 183.295 48.9 0 0.513
67250 4 4.5 10 0 0.023 0.268 0.487 0.983 0.56 135.539 0 169.826 42.327 0 0.587
67250 5 4.5 10 0 0.023 0.268 0.487 0.983 0.56 132.987 1 161.971 49.38 0 0.58
67250 6 4.5 10 0 0.023 0.268 0.487 0.983 0.56 152.541 0 173.281 49.647 0 0.513
67250 7 4.5 10 0 0.023 0.268 0.487 0.983 0.56 129.357 0 152.691 41.087 0 0.553
67250 8 4.5 10 0 0.023 0.268 0.487 0.983 0.56 165.603 0 182.986 46.313 0 0.58
67250 9 4.5 10 0 0.023 0.268 0.487 0.983 0.56 160.109 0 176.061 37.573 0 0.667
67250 10 4.5 10 0 0.023 0.268 0.487 0.983 0.56 135.168 0 152.733 34.46 0 0.58
67250 1 4.5 10 0 0.096 0.242 0.04 0.859 0.344 236.388 3116 245.406 6550.767 0 0
67250 2 4.5 10 0 0.096 0.242 0.04 0.859 0.344 216.081 623 239.047 5208.753 0 0
67250 3 4.5 10 0 0.096 0.242 0.04 0.859 0.344 236.866 3647 244.793 6051.727 0 0
67250 4 4.5 10 0 0.096 0.242 0.04 0.859 0.344 232.524 3654 243.815 5586.2 0 0
67250 5 4.5 10 0 0.096 0.242 0.04 0.859 0.344 229.28 2923 241.388 5754.193 0 0
67250 6 4.5 10 0 0.096 0.242 0.04 0.859 0.344 223.772 1070 245.202 7603.887 0 0
67250 1 4.5 4 0 0.119 0.13 0.398 0.99 0.142 45.585 1 61.95 76.127 0 0.387
67250 2 4.5 4 0 0.119 0.13 0.398 0.99 0.142 86.391 3 95.401 125.64 0 0.18
67250 3 4.5 4 0 0.119 0.13 0.398 0.99 0.142 72.805 5 97.027 204.373 0 0.173
67250 4 4.5 4 0 0.119 0.13 0.398 0.99 0.142 68.376 3 74.235 108.887 0 0.147
67250 5 4.5 4 0 0.119 0.13 0.398 0.99 0.142 75.86 2 85.239 222.347 0 0.153
67250 6 4.5 4 0 0.119 0.13 0.398 0.99 0.142 0 0 0 0 1 1
67250 7 4.5 4 0 0.119 0.13 0.398 0.99 0.142 61.875 1 72.308 163.28 0 0.1
67250 8 4.5 4 0 0.119 0.13 0.398 0.99 0.142 75.69 3 84.831 198.073 0 0.067
67250 9 4.5 4 0 0.119 0.13 0.398 0.99 0.142 53.276 1 65.777 130.48 0 0.187
67250 10 4.5 4 0 0.119 0.13 0.398 0.99 0.142 0 0 0 0 1 1
67250 1 4.5 4 0 0.019 0.161 0.016 0.93 0.36 240.867 6292 248.465 9083.02 0 0
67250 2 4.5 4 0 0.019 0.161 0.016 0.93 0.36 216.837 1943 243.766 8010.66 0 0
67250 3 4.5 4 0 0.019 0.161 0.016 0.93 0.36 245.635 6803 249.091 10632.74 0 0
67250 4 4.5 4 0 0.019 0.161 0.016 0.93 0.36 241.734 7445 247.549 9053.8 0 0
67250 5 4.5 4 0 0.019 0.161 0.016 0.93 0.36 218.345 1049 243.607 7887.473 0 0
67250 6 4.5 4 0 0.019 0.161 0.016 0.93 0.36 233 5167 247.702 9456.3 0 0
67250 7 4.5 4 0 0.019 0.161 0.016 0.93 0.36 237.585 5021 247.407 8103.84 0 0
67250 8 4.5 4 0 0.019 0.161 0.016 0.93 0.36 240.62 5593 248.74 9625.44 0 0
67250 9 4.5 4 0 0.019 0.161 0.016 0.93 0.36 239.05 5363 248.363 9491.393 0 0
67250 10 4.5 4 0 0.019 0.161 0.016 0.93 0.36 230.368 2019 246.65 8411.92 0 0
67250 1 4.5 4 0 0.024 0.005 0.493 0.903 0.405 66.793 0 81.553 33.793 0 0.393
67250 2 4.5 4 0 0.024 0.005 0.493 0.903 0.405 114.234 0 137.116 67.853 0 0.48
67250 3 4.5 4 0 0.024 0.005 0.493 0.903 0.405 14.752 1 18.087 38.507 0 0.247
67250 4 4.5 4 0 0.024 0.005 0.493 0.903 0.405 50.093 0 73.2 29.707 0 0.407
67250 5 4.5 4 0 0.024 0.005 0.493 0.903 0.405 77.385 3 84.531 27.58 0 0.447
67250 6 4.5 4 0 0.024 0.005 0.493 0.903 0.405 49.269 0 65.919 51.44 0 0.16
67250 7 4.5 4 0 0.024 0.005 0.493 0.903 0.405 73.879 1 91.987 28.973 0 0.607
67250 8 4.5 4 0 0.024 0.005 0.493 0.903 0.405 111.371 1 139.567 67.753 0 0.527
67250 9 4.5 4 0 0.024 0.005 0.493 0.903 0.405 83.321 0 113.278 44.587 0 0.32
67250 10 4.5 4 0 0.024 0.005 0.493 0.903 0.405 96.332 0 114.467 29.133 0 0.687
67250 1 4.5 4 0 0.088 0.247 0.154 0.979 0.608 50.126 4 64.742 130.773 0 0.16
67250 2 4.5 4 0 0.088 0.247 0.154 0.979 0.608 56.496 4 65.917 132.907 0 0.107
67250 3 4.5 4 0 0.088 0.247 0.154 0.979 0.608 50.655 0 63.384 71.06 0 0.347
67250 4 4.5 4 0 0.088 0.247 0.154 0.979 0.608 55.179 1 67.585 84.84 0 0.273
67250 5 4.5 4 0 0.088 0.247 0.154 0.979 0.608 68.157 3 79.879 212.113 0 0.133
67250 6 4.5 4 0 0.088 0.247 0.154 0.979 0.608 62.196 10 80.264 205.193 0 0
67250 7 4.5 4 0 0.088 0.247 0.154 0.979 0.608 67.607 4 82.009 193.767 0 0.127
67250 8 4.5 4 0 0.088 0.247 0.154 0.979 0.608 47.277 0 56.823 104.227 0 0.28
67250 9 4.5 4 0 0.088 0.247 0.154 0.979 0.608 55.472 4 75.087 86.32 0 0.247
67250 10 4.5 4 0 0.088 0.247 0.154 0.979 0.608 66.226 1 74.485 104.773 0 0.293
67250 1 4.5 4 0 0.001 0.182 0.126 0.923 0.289 219.768 276 239.29 4052.48 0 0
67250 2 4.5 4 0 0.001 0.182 0.126 0.923 0.289 233.244 3341 244.711 6010.293 0 0
67250 3 4.5 4 0 0.001 0.182 0.126 0.923 0.289 229.366 2408 241.301 5524.847 0 0
67250 4 4.5 4 0 0.001 0.182 0.126 0.923 0.289 230.272 1413 241.098 4578.193 0 0
67250 5 4.5 4 0 0.001 0.182 0.126 0.923 0.289 201.275 108 231.157 2468.527 0 0
67250 6 4.5 4 0 0.001 0.182 0.126 0.923 0.289 215.628 574 241.658 5804.787 0 0
67250 7 4.5 4 0 0.001 0.182 0.126 0.923 0.289 218.837 1622 237.048 4623.46 0 0
67250 8 4.5 4 0 0.001 0.182 0.126 0.923 0.289 231.011 1196 241.428 4198.633 0 0
67250 9 4.5 4 0 0.001 0.182 0.126 0.923 0.289 215.783 1484 237.071 4450.913 0 0
67250 10 4.5 4 0 0.001 0.182 0.126 0.923 0.289 226.743 1306 240.548 4683.32 0 0
67250 1 4.5 4 0 0.029 0.451 0.156 0.825 0.702 89.986 1 99.603 215.087 0 0.173
67250 2 4.5 4 0 0.029 0.451 0.156 0.825 0.702 78.177 21 88.418 312.807 0 0
67250 3 4.5 4 0 0.029 0.451 0.156 0.825 0.702 69.899 6 88.911 271.953 0 0.02
67250 4 4.5 4 0 0.029 0.451 0.156 0.825 0.702 87.418 6 99.986 236.647 0 0.04
67250 5 4.5 4 0 0.029 0.451 0.156 0.825 0.702 73.6 7 84.941 301.487 0 0.08
67250 6 4.5 4 0 0.029 0.451 0.156 0.825 0.702 60.339 5 85.171 218.207 0 0.087
67250 7 4.5 4 0 0.029 0.451 0.156 0.825 0.702 60.373 3 76.187 186.287 0 0.187
67250 8 4.5 4 0 0.029 0.451 0.156 0.825 0.702 66.106 1 77.028 180.953 0 0.16
67250 9 4.5 4 0 0.029 0.451 0.156 0.825 0.702 87.924 22 98.946 298.42 0 0
67250 10 4.5 4 0 0.029 0.451 0.156 0.825 0.702 72.05 5 88.185 267.753 0 0.093
67250 1 4.5 4 0 0.009 0.013 0.431 0.819 0.535 71.252 2 79.898 45.213 0 0.24
67250 2 4.5 4 0 0.009 0.013 0.431 0.819 0.535 80.984 0 106.621 54.12 0 0.247
67250 1 4 9 1 0.004 0.145 0.135 0.789 0.432 237.873 3605 247.148 5474.513 0 0
67250 2 4 9 1 0.004 0.145 0.135 0.789 0.432 237.443 1850 246.6 5542.987 0 0
67250 3 4 9 1 0.004 0.145 0.135 0.789 0.432 232.864 2392 246.971 5552.893 0 0
67250 4 4 9 1 0.004 0.145 0.135 0.789 0.432 243.488 2770 249.152 6478.273 0 0
67250 5 4 9 1 0.004 0.145 0.135 0.789 0.432 242.02 3707 248.105 6245.193 0 0
67250 6 4 9 1 0.004 0.145 0.135 0.789 0.432 242.115 3058 248.214 6231.427 0 0
67250 7 4 9 1 0.004 0.145 0.135 0.789 0.432 241.824 2685 248.735 6363.9 0 0
67250 8 4 9 1 0.004 0.145 0.135 0.789 0.432 244.535 2927 248.415 5916.92 0 0
67250 9 4 9 1 0.004 0.145 0.135 0.789 0.432 244.944 3174 248.207 5105.507 0 0
67250 10 4 9 1 0.004 0.145 0.135 0.789 0.432 239.965 3676 247.279 5567.033 0 0
67250 1 4 9 1 0.055 0.238 0.291 0.921 0.113 246.693 4878 249.696 7765.553 0 0
67250 2 4 9 1 0.055 0.238 0.291 0.921 0.113 242.865 4479 249.195 7472.273 0 0
67250 3 4 9 1 0.055 0.238 0.291 0.921 0.113 246.59 6442 249.654 7182.287 0 0
67250 4 4 9 1 0.055 0.238 0.291 0.921 0.113 246.951 5530 249.529 8151.66 0 0
67250 5 4 9 1 0.055 0.238 0.291 0.921 0.113 243.888 6517 249.212 7657.28 0 0
67250 6 4 9 1 0.055 0.238 0.291 0.921 0.113 248.912 5761 249.915 7608.593 0 0
67250 7 4 9 1 0.055 0.238 0.291 0.921 0.113 245.347 6184 249.399 7600.387 0 0
67250 8 4 9 1 0.055 0.238 0.291 0.921 0.113 247.637 5335 249.693 7899.727 0 0
67250 9 4 9 1 0.055 0.238 0.291 0.921 0.113 246.57 5173 249.597 7079.713 0 0
67250 10 4 9 1 0.055 0.238 0.291 0.921 0.113 246.12 5146 249.363 6768.613 0 0
67250 1 4 9 1 0.113 0.156 0.187 0.894 0.931 123.616 0 184.547 60.26 0 0.613
67250 2 4 9 1 0.113 0.156 0.187 0.894 0.931 135.433 0 158.055 44.727 0 0.547
67250 3 4 9 1 0.113 0.156 0.187 0.894 0.931 137.84 1 157.906 38.76 0 0.513
67250 4 4 9 1 0.113 0.156 0.187 0.894 0.931 163.789 0 189.282 50.633 0 0.527
67250 5 4 9 1 0.113 0.156 0.187 0.894 0.931 161.748 0 186.966 48.553 0 0.64
67250 6 4 9 1 0.113 0.156 0.187 0.894 0.931 149.55 0 168.661 49.08 0 0.507
67250 7 4 9 1 0.113 0.156 0.187 0.894 0.931 139.269 0 163.841 47.607 0 0.487
67250 8 4 9 1 0.113 0.156 0.187 0.894 0.931 142.644 0 162.572 44.107 0 0.52
67250 9 4 9 1 0.113 0.156 0.187 0.894 0.931 157.935 0 171.493 51.547 0 0.52
67250 10 4 9 1 0.113 0.156 0.187 0.894 0.931 142.816 0 161.262 37.133 0 0.6
67250 1 4 9 1 0.087 0.191 0.14 0.95 0.729 28.987 12 37.443 109.067 0 0
67250 2 4 9 1 0.087 0.191 0.14 0.95 0.729 35.262 35 49.445 181.68 0 0
67250 3 4 9 1 0.087 0.191 0.14 0.95 0.729 73.671 1 85.063 61.367 0 0.207
67250 4 4 9 1 0.087 0.191 0.14 0.95 0.729 42.752 12 48.812 141.553 0 0
67250 5 4 9 1 0.087 0.191 0.14 0.95 0.729 79.554 1 94.196 58.673 0 0.247
67250 6 4 9 1 0.087 0.191 0.14 0.95 0.729 68.732 12 81.213 99.42 0 0
67250 7 4 9 1 0.087 0.191 0.14 0.95 0.729 51.338 6 63.78 92.053 0 0.02
67250 8 4 9 1 0.087 0.191 0.14 0.95 0.729 37.097 3 50.553 142.84 0 0.033
67250 9 4 9 1 0.087 0.191 0.14 0.95 0.729 51.109 2 60.688 63.56 0 0.16
67250 10 4 9 1 0.087 0.191 0.14 0.95 0.729 43.273 6 53.819 152.04 0 0.06
67250 1 4 9 1 0.095 0.214 0.445 0.884 0.104 246.229 5674 249.424 6932.747 0 0
67250 2 4 9 1 0.095 0.214 0.445 0.884 0.104 244.149 4310 248.907 6426.193 0 0
67250 3 4 9 1 0.095 0.214 0.445 0.884 0.104 242.806 5329 248.541 6593.773 0 0
67250 4 4 9 1 0.095 0.214 0.445 0.884 0.104 244.979 3483 249.293 6014.973 0 0
67250 5 4 9 1 0.095 0.214 0.445 0.884 0.104 240.175 3833 248.218 5966.633 0 0
67250 6 4 9 1 0.095 0.214 0.445 0.884 0.104 242.282 3834 248.152 5623.46 0 0
67250 7 4 9 1 0.095 0.214 0.445 0.884 0.104 244.541 3460 248.826 5758.013 0 0
67250 1 5 8 1 0.044 0.385 0.235 0.806 0.311 245.757 5255 249.503 9870.6 0 0
67250 2 5 8 1 0.044 0.385 0.235 0.806 0.311 248.299 8336 249.87 10719.093 0 0
67250 3 5 8 1 0.044 0.385 0.235 0.806 0.311 248.905 9046 249.96 10496.96 0 0
67250 4 5 8 1 0.044 0.385 0.235 0.806 0.311 241.844 6016 248.577 8540.093 0 0
67250 5 5 8 1 0.044 0.385 0.235 0.806 0.311 240.066 6011 248.732 9568.313 0 0
67250 6 5 8 1 0.044 0.385 0.235 0.806 0.311 247.442 8240 249.762 9919.02 0 0
67250 7 5 8 1 0.044 0.385 0.235 0.806 0.311 246.815 5598 249.613 8662.967 0 0
67250 8 5 8 1 0.044 0.385 0.235 0.806 0.311 249.196 9613 249.976 10882.42 0 0
67250 9 5 8 1 0.044 0.385 0.235 0.806 0.311 248 8299 249.744 10245.853 0 0
67250 10 5 8 1 0.044 0.385 0.235 0.806 0.311 246.085 7246 249.363 9463.78 0 0
67250 1 5 8 1 0.05 0.427 0.464 0.841 0.985 112.418 1 146.013 47.273 0 0.667
67250 2 5 8 1 0.05 0.427 0.464 0.841 0.985 121.905 0 144.154 41.687 0 0.52
67250 3 5 8 1 0.05 0.427 0.464 0.841 0.985 122.786 0 144.691 43.72 0 0.547
67250 4 5 8 1 0.05 0.427 0.464 0.841 0.985 136.635 0 162.319 48.793 0 0.567
67250 5 5 8 1 0.05 0.427 0.464 0.841 0.985 143.826 0 168.298 45.487 0 0.5
67250 6 5 8 1 0.05 0.427 0.464 0.841 0.985 143.284 0 174.41 62.427 0 0.54
67250 7 5 8 1 0.05 0.427 0.464 0.841 0.985 120.758 0 158.029 50.933 0 0.673
67250 8 5 8 1 0.05 0.427 0.464 0.841 0.985 134.194 0 152.573 50.42 0 0.527
67250 9 5 8 1 0.05 0.427 0.464 0.841 0.985 127.92 1 150.788 50.847 0 0.527
67250 10 5 8 1 0.05 0.427 0.464 0.841 0.985 130.821 0 156.937 48.847 0 0.64
67250 1 5 8 1 0.042 0.028 0.422 0.753 0.551 124.813 0 158.128 48.46 0 0.527
67250 2 5 8 1 0.042 0.028 0.422 0.753 0.551 134.997 0 166.763 58.713 0 0.54
67250 3 5 8 1 0.042 0.028 0.422 0.753 0.551 130.853 1 157.468 54.58 0 0.567
67250 4 5 8 1 0.042 0.028 0.422 0.753 0.551 142.269 0 169.298 52.807 0 0.52
67250 5 5 8 1 0.042 0.028 0.422 0.753 0.551 135.203 0 149.983 41 0 0.56
67250 6 5 8 1 0.042 0.028 0.422 0.753 0.551 119.818 1 145.611 50.1 0 0.493
67250 7 5 8 1 0.042 0.028 0.422 0.753 0.551 146.763 0 173.748 56.1 0 0.713
67250 8 5 8 1 0.042 0.028 0.422 0.753 0.551 131.548 0 148.914 52.2 0 0.547
67250 9 5 8 1 0.042 0.028 0.422 0.753 0.551 152.38 0 179.306 55.48 0 0.74
67250 10 5 8 1 0.042 0.028 0.422 0.753 0.551 138.344 0 160.626 60.373 0 0.58
67250 1 5 8 1 0.12 0.294 0.08 0.811 0.367 249 8402 249.924 10551.9 0 0
67250 2 5 8 1 0.12 0.294 0.08 0.811 0.367 249.565 10064 249.994 11638.08 0 0
67250 3 5 8 1 0.12 0.294 0.08 0.811 0.367 249.196 9573 249.97 10626.387 0 0
67250 4 5 8 1 0.12 0.294 0.08 0.811 0.367 248.196 9901 249.886 11199.387 0 0
67250 5 5 8 1 0.12 0.294 0.08 0.811 0.367 249 9314 249.952 10636.333 0 0
67250 6 5 8 1 0.12 0.294 0.08 0.811 0.367 247.376 7873 249.591 9652.8 0 0
67250 7 5 8 1 0.12 0.294 0.08 0.811 0.367 249.61 9171 249.995 10719.547 0 0
67250 8 5 8 1 0.12 0.294 0.08 0.811 0.367 248.893 10801 249.974 11982.527 0 0
67250 9 5 8 1 0.12 0.294 0.08 0.811 0.367 247.748 7985 249.875 9450.207 0 0
67250 10 5 8 1 0.12 0.294 0.08 0.811 0.367 249.244 9903 249.982 11307.04 0 0
67250 1 5 6 0 0.021 0.261 0.357 0.846 0.854 130.948 0 146.953 48.06 0 0.613
67250 2 5 6 0 0.021 0.261 0.357 0.846 0.854 127.403 0 146.558 41.053 0 0.573
67250 3 5 6 0 0.021 0.261 0.357 0.846 0.854 107.447 0 127.589 44.24 0 0.567
67250 4 5 6 0 0.021 0.261 0.357 0.846 0.854 129.278 0 152.298 49.6 0 0.62
67250 5 5 6 0 0.021 0.261 0.357 0.846 0.854 122.192 1 160.539 60.153 0 0.533
67250 6 5 6 0 0.021 0.261 0.357 0.846 0.854 109.031 0 124.379 39.913 0 0.54
67250 7 5 6 0 0.021 0.261 0.357 0.846 0.854 140.248 1 153.351 47.56 0 0.467
67250 8 5 6 0 0.021 0.261 0.357 0.846 0.854 109.746 1 123.178 38.147 0 0.56
67250 9 5 6 0 0.021 0.261 0.357 0.846 0.854 150.576 0 171.005 56.113 0 0.707
67250 10 5 6 0 0.021 0.261 0.357 0.846 0.854 109.811 0 137.48 49.607 0 0.633
67250 1 5 6 0 0.005 0.44 0.332 0.889 0.996 107.755 0 136.731 38.567 0 0.48
67250 2 5 6 0 0.005 0.44 0.332 0.889 0.996 126.282 0 145.185 52.387 0 0.533
67250 3 5 6 0 0.005 0.44 0.332 0.889 0.996 138.973 0 160.549 44.447 0 0.58
67250 4 5 6 0 0.005 0.44 0.332 0.889 0.996 137.804 0 155.447 41.4 0 0.66
67250 5 5 6 0 0.005 0.44 0.332 0.889 0.996 138.333 1 170.468 49.553 0 0.587
67250 6 5 6 0 0.005 0.44 0.332 0.889 0.996 143.406 0 164.6 55.427 0 0.533
67250 7 5 6 0 0.005 0.44 0.332 0.889 0.996 123.225 0 150.349 48.713 0 0.547
67250 8 5 6 0 0.005 0.44 0.332 0.889 0.996 136.157 0 161.599 42.607 0 0.567
67250 9 5 6 0 0.005 0.44 0.332 0.889 0.996 109.551 0 127.856 45.773 0 0.647
67250 10 5 6 0 0.005 0.44 0.332 0.889 0.996 128.57 0 143.948 48.073 0 0.553
67250 1 5 6 0 0.02 0.091 0.488 0.91 0.884 137.565 1 154.88 54.053 0 0.613
67250 2 5 6 0 0.02 0.091 0.488 0.91 0.884 122.75 1 157.123 57.533 0 0.48
67250 3 5 6 0 0.02 0.091 0.488 0.91 0.884 140.068 0 163.063 54.12 0 0.5
67250 4 5 6 0 0.02 0.091 0.488 0.91 0.884 124.323 0 147.587 47.807 0 0.513
67250 5 5 6 0 0.02 0.091 0.488 0.91 0.884 128.841 0 145.682 48.213 0 0.513
67250 6 5 6 0 0.02 0.091 0.488 0.91 0.884 115.879 1 150.068 56.453 0 0.487
67250 7 5 6 0 0.02 0.091 0.488 0.91 0.884 145.838 0 162.461 46.233 0 0.593
67250 8 5 6 0 0.02 0.091 0.488 0.91 0.884 134.529 0 151.393 42.3 0 0.593
67250 9 5 6 0 0.02 0.091 0.488 0.91 0.884 136.731 0 161.475 54.987 0 0.647
67250 10 5 6 0 0.02 0.091 0.488 0.91 0.884 127.969 0 149.213 44.533 0 0.52
67250 1 5 6 0 0.016 0.044 0.411 0.997 0.411 116.743 0 145.944 40.24 0 0.633
67250 2 5 6 0 0.016 0.044 0.411 0.997 0.411 137.798 0 162.508 57.647 0 0.547
67250 3 5 6 0 0.016 0.044 0.411 0.997 0.411 126.855 0 145.448 44.107 0 0.487
67250 4 5 6 0 0.016 0.044 0.411 0.997 0.411 115.825 0 136.105 61.16 0 0.453
67250 5 5 6 0 0.016 0.044 0.411 0.997 0.411 132.538 0 154.641 52.687 0 0.56
67250 6 5 6 0 0.016 0.044 0.411 0.997 0.411 122.623 0 154.873 48.113 0 0.613
67250 7 5 6 0 0.016 0.044 0.411 0.997 0.411 139.172 0 154.326 53.88 0 0.56
67250 8 5 6 0 0.016 0.044 0.411 0.997 0.411 134.103 0 159.94 46.753 0 0.613
67250 9 5 6 0 0.016 0.044 0.411 0.997 0.411 146.187 0 163.769 57.593 0 0.5
67250 10 5 6 0 0.016 0.044 0.411 0.997 0.411 150.328 0 179.038 58.027 0 0.667
67250 1 5 6 0 0.055 0.343 0.176 0.816 0.947 111.294 0 141.978 44.713 0 0.54
67250 2 5 6 0 0.055 0.343 0.176 0.816 0.947 126.886 0 143.578 59.74 0 0.513
67250 3 5 6 0 0.055 0.343 0.176 0.816 0.947 136.805 0 150.344 39.893 0 0.627
67250 4 5 6 0 0.055 0.343 0.176 0.816 0.947 131.101 0 148.9 47.833 0 0.58
67250 5 5 6 0 0.055 0.343 0.176 0.816 0.947 129.041 1 152.616 56.973 0 0.54
67250 6 5 6 0 0.055 0.343 0.176 0.816 0.947 136.381 0 158.646 46.88 0 0.593
67250 7 5 6 0 0.055 0.343 0.176 0.816 0.947 137.251 0 154.806 53.747 0 0.513
67250 8 5 6 0 0.055 0.343 0.176 0.816 0.947 127.139 0 148.029 49.42 0 0.627
67250 9 5 6 0 0.055 0.343 0.176 0.816 0.947 136.468 0 152.195 44.48 0 0.567
67250 10 5 6 0 0.055 0.343 0.176 0.816 0.947 140.446 0 152.928 53.673 0 0.5
67250 1 5 6 0 0.106 0.366 0.42 0.765 0.695 119.247 0 154.467 52.767 0 0.58
67250 2 5 6 0 0.106 0.366 0.42 0.765 0.695 139.996 0 164.413 47.34 0 0.52
67250 3 5 6 0 0.106 0.366 0.42 0.765 0.695 146.088 0 161.311 44.033 0 0.587
67250 4 5 6 0 0.106 0.366 0.42 0.765 0.695 103.114 0 150.185 50.287 0 0.493
67250 5 5 6 0 0.106 0.366 0.42 0.765 0.695 137.107 0 159.042 52.653 0 0.567
67250 6 5 6 0 0.106 0.366 0.42 0.765 0.695 129.821 0 147.288 41.747 0 0.527
67250 7 5 6 0 0.106 0.366 0.42 0.765 0.695 128.3 0 152.568 46.393 0 0.547
67250 8 5 6 0 0.106 0.366 0.42 0.765 0.695 119.081 0 139.572 34.633 0 0.62
67250 9 5 6 0 0.106 0.366 0.42 0.765 0.695 125.621 0 148.918 48.527 0 0.54
67250 10 5 6 0 0.106 0.366 0.42 0.765 0.695 126.532 0 156.323 44.067 0 0.473
67250 1 5 6 0 0.051 0.475 0.28 0.881 0.942 151.315 0 178.135 52.087 0 0.613
67250 2 5 6 0 0.051 0.475 0.28 0.881 0.942 118.712 0 132.802 47.607 0 0.467
67250 3 5 6 0 0.051 0.475 0.28 0.881 0.942 125.654 0 146.616 55.367 0 0.513
67250 4 5 6 0 0.051 0.475 0.28 0.881 0.942 132.764 0 148.138 42.64 0 0.64
67250 5 5 6 0 0.051 0.475 0.28 0.881 0.942 126.981 1 144.433 43.187 0 0.58
67250 6 5 6 0 0.051 0.475 0.28 0.881 0.942 134.404 0 177.559 43.147 0 0.6
67250 7 5 6 0 0.051 0.475 0.28 0.881 0.942 132.572 0 148.456 41.18 0 0.58
67250 8 5 6 0 0.051 0.475 0.28 0.881 0.942 143.18 0 158.562 61.833 0 0.5
67250 9 5 6 0 0.051 0.475 0.28 0.881 0.942 127.87 0 143.814 37.76 0 0.56
67250 10 5 6 0 0.051 0.475 0.28 0.881 0.942 151.451 0 181.197 42.827 0 0.587
67250 1 5 6 0 0.003 0.467 0.05 0.993 0.938 140.225 0 154.63 47.273 0 0.673
67250 2 5 6 0 0.003 0.467 0.05 0.993 0.938 131.115 0 160.446 50.133 0 0.567
67250 3 5 6 0 0.003 0.467 0.05 0.993 0.938 130.682 0 155.54 47.593 0 0.533
67250 4 5 6 0 0.003 0.467 0.05 0.993 0.938 148.059 0 162.766 57.267 0 0.54
67250 5 5 6 0 0.003 0.467 0.05 0.993 0.938 119.928 0 135.782 42.74 0 0.633
67250 6 5 6 0 0.003 0.467 0.05 0.993 0.938 124.528 0 140.551 42.667 0 0.567
67250 7 5 6 0 0.003 0.467 0.05 0.993 0.938 0 0 0 0 1 1
67250 8 5 6 0 0.003 0.467 0.05 0.993 0.938 133.858 0 146.52 53.553 0 0.473
67250 9 5 6 0 0.003 0.467 0.05 0.993 0.938 126.176 0 150.176 54.46 0 0.62
67250 10 5 6 0 0.003 0.467 0.05 0.993 0.938 133.849 0 147.822 53.52 0 0.567
67250 1 5 6 0 0.016 0.478 0.075 0.835 0.099 229.39 5428 245.462 9267.667 0 0
67250 2 5 6 0 0.016 0.478 0.075 0.835 0.099 241.476 7391 248.828 11972.06 0 0
67250 3 5 6 0 0.016 0.478 0.075 0.835 0.099 245.872 7110 249.646 11762.733 0 0
67250 4 5 6 0 0.016 0.478 0.075 0.835 0.099 237.815 3536 248.801 11850.753 0 0
67250 5 5 6 0 0.016 0.478 0.075 0.835 0.099 249.696 11028 249.998 12552.873 0 0
67250 6 5 6 0 0.016 0.478 0.075 0.835 0.099 242 7396 248.747 11172.233 0 0
67250 7 5 6 0 0.016 0.478 0.075 0.835 0.099 225.9 2471 247.378 10223.64 0 0
67250 8 5 6 0 0.016 0.478 0.075 0.835 0.099 241.603 10243 248.625 12241.16 0 0
67250 9 5 6 0 0.016 0.478 0.075 0.835 0.099 238.651 4313 248.658 10918.153 0 0
67250 10 5 6 0 0.016 0.478 0.075 0.835 0.099 232.696 4715 246.851 9973.36 0 0
67250 1 5 6 0 0.072 0.048 0.455 0.841 0.112 126.851 1 156.109 61.873 0 0.567
67250 2 5 6 0 0.072 0.048 0.455 0.841 0.112 122.761 0 154.114 46.033 0 0.52
67250 3 5 6 0 0.072 0.048 0.455 0.841 0.112 131.574 0 150.918 38.92 0 0.62
67250 4 5 6 0 0.072 0.048 0.455 0.841 0.112 132.939 0 158.882 56.947 0 0.527
67250 5 5 6 0 0.072 0.048 0.455 0.841 0.112 79.953 1 99.572 43.167 0 0.387
67250 1 4.5 7 1 0.107 0.13 0.294 0.889 0.766 131.634 1 154.834 50.247 0 0.567
67250 2 4.5 7 1 0.107 0.13 0.294 0.889 0.766 155.278 0 177.277 54.98 0 0.493
67250 3 4.5 7 1 0.107 0.13 0.294 0.889 0.766 123.93 0 140.603 45.047 0 0.607
67250 4 4.5 7 1 0.107 0.13 0.294 0.889 0.766 147.779 0 168.294 49.12 0 0.487
67250 5 4.5 7 1 0.107 0.13 0.294 0.889 0.766 139.881 1 155.353 37.213 0 0.453
67250 6 4.5 7 1 0.107 0.13 0.294 0.889 0.766 133.792 0 151.203 54.64 0 0.54
67250 7 4.5 7 1 0.107 0.13 0.294 0.889 0.766 137.003 0 160.974 51.593 0 0.553
67250 8 4.5 7 1 0.107 0.13 0.294 0.889 0.766 137.638 1 154.864 42.2 0 0.56
67250 9 4.5 7 1 0.107 0.13 0.294 0.889 0.766 146.186 0 163.582 52.433 0 0.64
67250 10 4.5 7 1 0.107 0.13 0.294 0.889 0.766 119.902 0 134.16 38.127 0 0.507
67250 1 4.5 7 1 0.065 0.499 0.057 0.768 0.689 248.177 6797 249.909 8382.347 0 0
67250 2 4.5 7 1 0.065 0.499 0.057 0.768 0.689 243.915 6574 247.576 7845.273 0 0
67250 3 4.5 7 1 0.065 0.499 0.057 0.768 0.689 247.994 7396 249.877 8333.073 0 0
67250 4 4.5 7 1 0.065 0.499 0.057 0.768 0.689 249.099 7408 249.939 9347.573 0 0
67250 5 4.5 7 1 0.065 0.499 0.057 0.768 0.689 247.632 7240 249.834 8718.247 0 0
67250 6 4.5 7 1 0.065 0.499 0.057 0.768 0.689 247.676 7337 249.663 8725.647 0 0
67250 7 4.5 7 1 0.065 0.499 0.057 0.768 0.689 248.099 6063 249.795 8521.327 0 0
67250 8 4.5 7 1 0.065 0.499 0.057 0.768 0.689 248.438 7189 249.908 8850.593 0 0
67250 9 4.5 7 1 0.065 0.499 0.057 0.768 0.689 247.152 5987 249.444 7551.527 0 0
67250 10 4.5 7 1 0.065 0.499 0.057 0.768 0.689 246.6 5831 249.318 7280.907 0 0
67250 1 4.5 7 1 0.022 0.333 0.436 0.763 0.836 151.059 0 174.988 47.38 0 0.58
67250 2 4.5 7 1 0.022 0.333 0.436 0.763 0.836 130.411 0 155.436 50.247 0 0.487
67250 3 4.5 7 1 0.022 0.333 0.436 0.763 0.836 158.008 0 186.39 38.993 0 0.66
67250 4 4.5 7 1 0.022 0.333 0.436 0.763 0.836 123.04 0 150.554 52.587 0 0.567
67250 5 4.5 7 1 0.022 0.333 0.436 0.763 0.836 148.85 0 172.32 44.62 0 0.533
67250 6 4.5 7 1 0.022 0.333 0.436 0.763 0.836 144.497 0 172.462 54.607 0 0.58
67250 7 4.5 7 1 0.022 0.333 0.436 0.763 0.836 118.83 0 150.745 43.673 0 0.547
67250 8 4.5 7 1 0.022 0.333 0.436 0.763 0.836 140.79 0 156.699 42.007 0 0.58
67250 9 4.5 7 1 0.022 0.333 0.436 0.763 0.836 153.828 1 172.8 45.567 0 0.647
67250 10 4.5 7 1 0.022 0.333 0.436 0.763 0.836 130.674 0 150.135 41.067 0 0.5
67250 1 4.5 7 1 0.115 0.376 0.271 0.954 0.692 0 0 0 0 1 1
67250 2 4.5 7 1 0.115 0.376 0.271 0.954 0.692 25.439 10 31.714 90.387 0 0
67250 3 4.5 7 1 0.115 0.376 0.271 0.954 0.692 17.891 0 28.544 60.613 0 0.18
67250 4 4.5 7 1 0.115 0.376 0.271 0.954 0.692 24.323 16 31.809 123.48 0 0
67250 5 4.5 7 1 0.115 0.376 0.271 0.954 0.692 27.249 10 35.941 89.993 0 0
67250 6 4.5 7 1 0.115 0.376 0.271 0.954 0.692 30.976 0 46.738 51.64 0 0.147
67250 7 4.5 7 1 0.115 0.376 0.271 0.954 0.692 32.842 8 39.693 78.393 0 0.013
67250 8 4.5 7 1 0.115 0.376 0.271 0.954 0.692 37.609 1 48.454 52.86 0 0.147
67250 9 4.5 7 1 0.115 0.376 0.271 0.954 0.692 32.284 6 36.708 59.16 0 0.047
67250 10 4.5 7 1 0.115 0.376 0.271 0.954 0.692 29.351 9 33.4 84.787 0 0.007
67250 1 4.5 7 1 0.056 0.413 0.372 0.901 0.64 131.534 0 147.692 52.527 0 0.467
67250 2 4.5 7 1 0.056 0.413 0.372 0.901 0.64 147.652 0 166.317 43.787 0 0.68
67250 3 4.5 7 1 0.056 0.413 0.372 0.901 0.64 139.835 0 159.889 51.587 0 0.46
67250 4 4.5 7 1 0.056 0.413 0.372 0.901 0.64 132.817 0 148.168 39.567 0 0.533
67250 5 4.5 7 1 0.056 0.413 0.372 0.901 0.64 140.947 0 157.985 47.333 0 0.527
67250 6 4.5 7 1 0.056 0.413 0.372 0.901 0.64 134.607 0 162.622 40.033 0 0.56
67250 7 4.5 7 1 0.056 0.413 0.372 0.901 0.64 120.169 0 147.979 41.287 0 0.5
67250 8 4.5 7 1 0.056 0.413 0.372 0.901 0.64 137.027 0 155.48 44.813 0 0.52
67250 9 4.5 7 1 0.056 0.413 0.372 0.901 0.64 136.503 0 162.59 50.573 0 0.487
67250 10 4.5 7 1 0.056 0.413 0.372 0.901 0.64 125.889 0 149.851 40.64 0 0.527
67250 1 4.5 7 1 0.041 0.391 0.364 0.832 0.308 237.125 3282 246.559 5420.013 0 0
67250 2 4.5 7 1 0.041 0.391 0.364 0.832 0.308 238.711 3017 247.002 5898.947 0 0
67250 3 4.5 7 1 0.041 0.391 0.364 0.832 0.308 245.144 4462 248.695 6534.52 0 0
67250 4 4.5 7 1 0.041 0.391 0.364 0.832 0.308 237.038 3647 247.028 5955.193 0 0
67250 5 4.5 7 1 0.041 0.391 0.364 0.832 0.308 240.779 3286 248.637 6122.133 0 0
67250 6 4.5 7 1 0.041 0.391 0.364 0.832 0.308 235.262 3884 242.513 5746.9 0 0
67250 7 4.5 7 1 0.041 0.391 0.364 0.832 0.308 237.269 2845 247.752 5771.72 0 0
67250 8 4.5 7 1 0.041 0.391 0.364 0.832 0.308 246.053 4639 249.172 7178.747 0 0
67250 9 4.5 7 1 0.041 0.391 0.364 0.832 0.308 241.085 3161 246.335 5216.36 0 0
67250 10 4.5 7 1 0.041 0.391 0.364 0.832 0.308 237.223 4170 245.093 6189.993 0 0
67250 1 4.5 7 1 0.062 0.303 0.232 0.971 0.652 87.88 88 94.666 283.173 0 0
67250 1 4.5 6 1 0.022 0.109 0.287 0.947 0.34 84.116 16 97.666 404.62 0 0
67250 2 4.5 6 1 0.022 0.109 0.287 0.947 0.34 105.738 299 111.596 790.873 0 0
67250 3 4.5 6 1 0.022 0.109 0.287 0.947 0.34 96.008 144 105.176 525.873 0 0
67250 4 4.5 6 1 0.022 0.109 0.287 0.947 0.34 100.61 123 110.034 616.787 0 0
67250 5 4.5 6 1 0.022 0.109 0.287 0.947 0.34 90.947 26 102.624 337.847 0 0
67250 6 4.5 6 1 0.022 0.109 0.287 0.947 0.34 96.669 47 104.794 556.873 0 0
67250 7 4.5 6 1 0.022 0.109 0.287 0.947 0.34 80.827 33 93.51 462.827 0 0
67250 8 4.5 6 1 0.022 0.109 0.287 0.947 0.34 101.407 124 114.055 606.38 0 0
67250 9 4.5 6 1 0.022 0.109 0.287 0.947 0.34 97.548 4 109.863 240.447 0 0.027
67250 10 4.5 6 1 0.022 0.109 0.287 0.947 0.34 88.172 32 99.261 527.593 0 0
67250 1 4.5 6 1 0.022 0.485 0.18 0.941 0.11 246.349 6886 249.653 8325.18 0 0
67250 2 4.5 6 1 0.022 0.485 0.18 0.941 0.11 248.696 7662 249.94 9320.753 0 0
67250 3 4.5 6 1 0.022 0.485 0.18 0.941 0.11 247.162 6941 249.864 10353.1 0 0
67250 4 4.5 6 1 0.022 0.485 0.18 0.941 0.11 249.05 9540 249.962 10863.82 0 0
67250 5 4.5 6 1 0.022 0.485 0.18 0.941 0.11 247.978 8924 249.878 9957.853 0 0
67250 6 4.5 6 1 0.022 0.485 0.18 0.941 0.11 249.426 8867 249.989 9745.853 0 0
67250 7 4.5 6 1 0.022 0.485 0.18 0.941 0.11 249 9630 249.986 10770.367 0 0
67250 8 4.5 6 1 0.022 0.485 0.18 0.941 0.11 248 6860 249.918 9691.807 0 0
67250 9 4.5 6 1 0.022 0.485 0.18 0.941 0.11 245.489 5212 249.445 7550.147 0 0
67250 10 4.5 6 1 0.022 0.485 0.18 0.941 0.11 248.87 8348 249.937 9680.913 0 0
67250 1 4.5 6 1 0.002 0.354 0.362 0.809 0.679 119.767 0 147.155 41.393 0 0.573
67250 2 4.5 6 1 0.002 0.354 0.362 0.809 0.679 126.22 0 140.119 45.813 0 0.553
67250 3 4.5 6 1 0.002 0.354 0.362 0.809 0.679 121.78 0 134.953 38.113 0 0.467
67250 4 4.5 6 1 0.002 0.354 0.362 0.809 0.679 123.968 0 139.932 39.093 0 0.54
67250 5 4.5 6 1 0.002 0.354 0.362 0.809 0.679 128.717 0 148.339 44.873 0 0.56
67250 6 4.5 6 1 0.002 0.354 0.362 0.809 0.679 133.418 0 150.834 39.213 0 0.58
67250 7 4.5 6 1 0.002 0.354 0.362 0.809 0.679 129.087 0 150.049 46.373 0 0.5
67250 8 4.5 6 1 0.002 0.354 0.362 0.809 0.679 127.227 0 146.848 38.127 0 0.527
67250 9 4.5 6 1 0.002 0.354 0.362 0.809 0.679 126.77 0 142.999 47.88 0 0.467
67250 10 4.5 6 1 0.002 0.354 0.362 0.809 0.679 140.434 1 156.604 51.66 0 0.373
67250 1 4.5 6 1 0.117 0.353 0.02 0.956 0.819 170.227 187 178.975 394.4 0 0
67250 2 4.5 6 1 0.117 0.353 0.02 0.956 0.819 165.772 93 180.005 452.087 0 0
67250 3 4.5 6 1 0.117 0.353 0.02 0.956 0.819 118.048 119 132.094 340.8 0 0
67250 4 4.5 6 1 0.117 0.353 0.02 0.956 0.819 165.054 85 177.635 421.453 0 0
67250 5 4.5 6 1 0.117 0.353 0.02 0.956 0.819 163.093 94 174.413 380.42 0 0
67250 6 4.5 6 1 0.117 0.353 0.02 0.956 0.819 178.594 73 184.246 434.867 0 0
67250 7 4.5 6 1 0.117 0.353 0.02 0.956 0.819 166.323 70 177.969 437.26 0 0
67250 8 4.5 6 1 0.117 0.353 0.02 0.956 0.819 175.494 160 186.252 489.407 0 0
67250 9 4.5 6 1 0.117 0.353 0.02 0.956 0.819 177.405 148 190.039 446.393 0 0
67250 10 4.5 6 1 0.117 0.353 0.02 0.956 0.819 152.253 39 165.988 336.233 0 0
67250 1 4.5 6 1 0.007 0.166 0.403 0.99 0.102 242.592 3816 248.644 6174.607 0 0
67250 2 4.5 6 1 0.007 0.166 0.403 0.99 0.102 239.215 3360 246.662 4764.1 0 0
67250 3 4.5 6 1 0.007 0.166 0.403 0.99 0.102 244.641 4087 248.382 6022.713 0 0
67250 4 4.5 6 1 0.007 0.166 0.403 0.99 0.102 240.845 2755 247.805 4768.38 0 0
67250 5 4.5 6 1 0.007 0.166 0.403 0.99 0.102 239.916 3155 247.934 4849.293 0 0
67250 6 4.5 6 1 0.007 0.166 0.403 0.99 0.102 244.593 2616 249.191 6107.64 0 0
67250 7 4.5 6 1 0.007 0.166 0.403 0.99 0.102 236.446 1860 245.45 4389.72 0 0
67250 1 4.5 8 1 0.079 0.407 0.468 0.999 0.576 146.372 0 168.966 43.687 0 0.613
67250 2 4.5 8 1 0.079 0.407 0.468 0.999 0.576 157.825 0 183.454 46.193 0 0.633
67250 3 4.5 8 1 0.079 0.407 0.468 0.999 0.576 131.616 0 155.053 50.66 0 0.527
67250 4 4.5 8 1 0.079 0.407 0.468 0.999 0.576 132.439 0 164.049 43.507 0 0.553
67250 5 4.5 8 1 0.079 0.407 0.468 0.999 0.576 134.882 1 155.792 42.733 0 0.56
67250 6 4.5 8 1 0.079 0.407 0.468 0.999 0.576 144.723 0 182.643 51.78 0 0.587
67250 7 4.5 8 1 0.079 0.407 0.468 0.999 0.576 144.521 0 157.496 39.473 0 0.593
67250 8 4.5 8 1 0.079 0.407 0.468 0.999 0.576 127.962 0 169.699 45.44 0 0.64
67250 9 4.5 8 1 0.079 0.407 0.468 0.999 0.576 136.452 0 168.976 56.18 0 0.5
67250 10 4.5 8 1 0.079 0.407 0.468 0.999 0.576 151.37 0 172.372 49.28 0 0.573
67250 1 4.5 8 1 0.002 0.301 0.093 0.8 0.572 245.735 5964 249.212 8607.493 0 0
67250 2 4.5 8 1 0.002 0.301 0.093 0.8 0.572 246.62 3986 249.737 8653.66 0 0
67250 3 4.5 8 1 0.002 0.301 0.093 0.8 0.572 247.721 6720 249.79 8658.293 0 0
67250 4 4.5 8 1 0.002 0.301 0.093 0.8 0.572 245.87 4653 249.47 8436.653 0 0
67250 5 4.5 8 1 0.002 0.301 0.093 0.8 0.572 245 5473 249.288 8834.18 0 0
67250 6 4.5 8 1 0.002 0.301 0.093 0.8 0.572 246.291 4903 249.191 8209.333 0 0
67250 7 4.5 8 1 0.002 0.301 0.093 0.8 0.572 243.395 5203 249.276 8849.627 0 0
67250 8 4.5 8 1 0.002 0.301 0.093 0.8 0.572 245.51 4305 249.545 8291.713 0 0
67250 9 4.5 8 1 0.002 0.301 0.093 0.8 0.572 245.68 6048 249.443 8411.853 0 0
67250 10 4.5 8 1 0.002 0.301 0.093 0.8 0.572 246.584 6646 249.396 7962.64 0 0
67250 1 4.5 8 1 0.041 0.486 0.083 0.894 0.661 247.099 6540 249.542 7806.34 0 0
67250 2 4.5 8 1 0.041 0.486 0.083 0.894 0.661 248 6301 249.824 8241.733 0 0
67250 3 4.5 8 1 0.041 0.486 0.083 0.894 0.661 247.923 5993 249.743 7606.02 0 0
67250 4 4.5 8 1 0.041 0.486 0.083 0.894 0.661 245.632 6504 249.105 7978.32 0 0
67250 5 4.5 8 1 0.041 0.486 0.083 0.894 0.661 247.015 6895 249.786 8500.807 0 0
67250 6 4.5 8 1 0.041 0.486 0.083 0.894 0.661 246.811 6616 249.667 8423.473 0 0
67250 7 4.5 8 1 0.041 0.486 0.083 0.894 0.661 248 7497 249.815 8922.38 0 0
67250 8 4.5 8 1 0.041 0.486 0.083 0.894 0.661 245.341 5349 249.172 7400.587 0 0
67250 9 4.5 8 1 0.041 0.486 0.083 0.894 0.661 242.915 5773 249.293 7938.587 0 0
67250 10 4.5 8 1 0.041 0.486 0.083 0.894 0.661 247.135 6428 249.759 8246.247 0 0
67250 1 4.5 8 1 0.091 0.093 0.049 0.924 0.495 215.718 907 222.746 3080.667 0 0
67250 2 4.5 8 1 0.091 0.093 0.049 0.924 0.495 206.104 1051 219.832 2113.393 0 0
67250 3 4.5 8 1 0.091 0.093 0.049 0.924 0.495 183.682 2222 192.25 3557.353 0 0
67250 4 4.5 8 1 0.091 0.093 0.049 0.924 0.495 220.442 1951 227.346 3225.32 0 0
67250 5 4.5 8 1 0.091 0.093 0.049 0.924 0.495 191.162 2046 205.054 3305.433 0 0
67250 6 4.5 8 1 0.091 0.093 0.049 0.924 0.495 206.734 2081 223.808 3802.22 0 0
67250 7 4.5 8 1 0.091 0.093 0.049 0.924 0.495 201.483 2556 210.839 3697.92 0 0
67250 8 4.5 8 1 0.091 0.093 0.049 0.924 0.495 196.688 2133 200.725 2672.36 0 0
67250 9 4.5 8 1 0.091 0.093 0.049 0.924 0.495 209.041 1666 216.785 2895.367 0 0
67250 10 4.5 8 1 0.091 0.093 0.049 0.924 0.495 221.107 2243 227.706 3668.487 0 0
67250 1 3.5 4 1 0.093 0.133 0.302 0.982 0.916 110.015 0 130.942 28.047 0 0.547
67250 2 3.5 4 1 0.093 0.133 0.302 0.982 0.916 0 0 0 0 1 1
67250 3 3.5 4 1 0.093 0.133 0.302 0.982 0.916 72.808 1 83.071 30.693 0 0.333
67250 4 3.5 4 1 0.093 0.133 0.302 0.982 0.916 68.365 0 84.168 13.667 0 0.613
67250 5 3.5 4 1 0.093 0.133 0.302 0.982 0.916 36.45 7 43.769 60.893 0 0.047
67250 6 3.5 4 1 0.093 0.133 0.302 0.982 0.916 36.227 1 46.68 40.52 0 0.16
67250 7 3.5 4 1 0.093 0.133 0.302 0.982 0.916 29.291 0 35.151 19.707 0 0.333
67250 8 3.5 4 1 0.093 0.133 0.302 0.982 0.916 34.326 4 53.574 47.093 0 0.133
67250 9 3.5 4 1 0.093 0.133 0.302 0.982 0.916 80.745 0 92.624 18.613 0 0.56
67250 10 3.5 4 1 0.093 0.133 0.302 0.982 0.916 122.19 1 147.591 59.42 0 0.427
67250 1 3.5 4 1 0.047 0.077 0.034 0.881 0.776 98.883 130 112.467 359.227 0 0
67250 2 3.5 4 1 0.047 0.077 0.034 0.881 0.776 78.21 51 88.75 282.18 0 0
67250 3 3.5 4 1 0.047 0.077 0.034 0.881 0.776 95.942 129 103.095 274.96 0 0
67250 4 3.5 4 1 0.047 0.077 0.034 0.881 0.776 112.271 58 120.946 322.62 0 0
67250 5 3.5 4 1 0.047 0.077 0.034 0.881 0.776 94.546 64 101.607 312.987 0 0
67250 6 3.5 4 1 0.047 0.077 0.034 0.881 0.776 84.264 51 92.614 229.62 0 0
67250 7 3.5 4 1 0.047 0.077 0.034 0.881 0.776 102.506 122 110.784 264.287 0 0
67250 8 3.5 4 1 0.047 0.077 0.034 0.881 0.776 77.776 131 86.923 324.927 0 0
67250 9 3.5 4 1 0.047 0.077 0.034 0.881 0.776 100.957 83 109.39 298.093 0 0
67250 10 3.5 4 1 0.047 0.077 0.034 0.881 0.776 90.372 56 103.107 283.467 0 0
67250 1 3.5 4 1 0.052 0.258 0.498 0.89 0.029 243.851 3921 249.493 6077.28 0 0
67250 2 3.5 4 1 0.052 0.258 0.498 0.89 0.029 246.346 5771 249.77 7086.693 0 0
67250 3 3.5 4 1 0.052 0.258 0.498 0.89 0.029 247.875 6247 249.799 7300.4 0 0
67250 4 3.5 4 1 0.052 0.258 0.498 0.89 0.029 243.959 4814 249.261 6585.793 0 0
67250 5 3.5 4 1 0.052 0.258 0.498 0.89 0.029 247.291 4982 249.693 5934.6 0 0
67250 6 3.5 4 1 0.052 0.258 0.498 0.89 0.029 248.533 5748 249.913 6769.493 0 0
67250 7 3.5 4 1 0.052 0.258 0.498 0.89 0.029 248.436 5714 249.876 7317.913 0 0
67250 8 3.5 4 1 0.052 0.258 0.498 0.89 0.029 248.244 6710 249.91 7985.473 0 0
67250 9 3.5 4 1 0.052 0.258 0.498 0.89 0.029 248.359 7096 249.933 8248.033 0 0
67250 10 3.5 4 1 0.052 0.258 0.498 0.89 0.029 247.198 4786 249.729 7200.52 0 0
67250 1 3.5 4 1 0.053 0.308 0.317 0.981 0.64 31.209 17 37.15 109.573 0 0
67250 2 3.5 4 1 0.053 0.308 0.317 0.981 0.64 24.829 20 31.105 133.16 0 0
67250 3 3.5 4 1 0.053 0.308 0.317 0.981 0.64 17.355 23 24.154 93.967 0 0
67250 4 3.5 4 1 0.053 0.308 0.317 0.981 0.64 23.237 15 32.473 100.533 0 0
67250 5 3.5 4 1 0.053 0.308 0.317 0.981 0.64 27.986 13 35.529 98.913 0 0
67250 6 3.5 4 1 0.053 0.308 0.317 0.981 0.64 26.576 7 38.781 82.24 0 0.04
67250 7 3.5 4 1 0.053 0.308 0.317 0.981 0.64 18.661 1 44.416 82 0 0.213
67250 8 3.5 4 1 0.053 0.308 0.317 0.981 0.64 25.437 5 30.652 83.88 0 0.04
67250 9 3.5 4 1 0.053 0.308 0.317 0.981 0.64 30.603 9 35.247 97.32 0 0.007
67250 10 3.5 4 1 0.053 0.308 0.317 0.981 0.64 22.906 6 28.125 86.153 0 0.027
67250 1 3.5 4 1 0.075 0.259 0.036 0.952 0.189 249.476 7918 249.992 8457.187 0 0
67250 2 3.5 4 1 0.075 0.259 0.036 0.952 0.189 248.653 7767 249.968 9048.42 0 0
67250 3 3.5 4 1 0.075 0.259 0.036 0.952 0.189 249.689 6904 249.98 7663.793 0 0
67250 4 3.5 4 1 0.075 0.259 0.036 0.952 0.189 249.215 7365 249.98 8385.693 0 0
67250 5 3.5 4 1 0.075 0.259 0.036 0.952 0.189 249.472 7697 249.982 8227.493 0 0
67250 6 3.5 4 1 0.075 0.259 0.036 0.952 0.189 249.257 7119 249.963 7874.62 0 0
67250 7 3.5 4 1 0.075 0.259 0.036 0.952 0.189 248.948 5895 249.94 7227.773 0 0
67250 8 3.5 4 1 0.075 0.259 0.036 0.952 0.189 248.198 6066 249.858 7185.387 0 0
67250 9 3.5 4 1 0.075 0.259 0.036 0.952 0.189 249.05 7265 249.955 8335.893 0 0
67250 10 3.5 4 1 0.075 0.259 0.036 0.952 0.189 249.244 8632 249.98 9257.04 0 0
67250 1 3.5 4 1 0.044 0.111 0.124 0.83 0.697 98.437 93 105.955 250.82 0 0
67250 1 4.5 6 1 0.025 0.161 0.055 0.767 0.919 25.051 9 30.852 104.933 0 0.007
67250 2 4.5 6 1 0.025 0.161 0.055 0.767 0.919 25.454 25 29.928 124.967 0 0
67250 3 4.5 6 1 0.025 0.161 0.055 0.767 0.919 23.437 7 29.612 90.02 0 0.067
67250 4 4.5 6 1 0.025 0.161 0.055 0.767 0.919 20.989 18 31.227 103.233 0 0
67250 5 4.5 6 1 0.025 0.161 0.055 0.767 0.919 28.081 5 36.603 85.133 0 0.113
67250 6 4.5 6 1 0.025 0.161 0.055 0.767 0.919 25.895 19 33.431 102.18 0 0
67250 7 4.5 6 1 0.025 0.161 0.055 0.767 0.919 17.871 20 30.252 110.567 0 0
67250 8 4.5 6 1 0.025 0.161 0.055 0.767 0.919 24.879 9 30.569 78.113 0 0.007
67250 9 4.5 6 1 0.025 0.161 0.055 0.767 0.919 15.285 6 25.531 98.407 0 0.02
67250 10 4.5 6 1 0.025 0.161 0.055 0.767 0.919 28.713 4 39.77 88.987 0 0.073
67250 1 4.5 6 1 0.006 0.331 0.451 0.807 0.335 96.16 3 119.454 347.593 0 0.087
67250 2 4.5 6 1 0.006 0.331 0.451 0.807 0.335 114.97 22 127.624 401.087 0 0
67250 3 4.5 6 1 0.006 0.331 0.451 0.807 0.335 98.12 25 120.917 291.187 0 0
67250 4 4.5 6 1 0.006 0.331 0.451 0.807 0.335 79.723 88 95.699 354.893 0 0
67250 5 4.5 6 1 0.006 0.331 0.451 0.807 0.335 107.158 209 119.919 680.893 0 0
67250 6 4.5 6 1 0.006 0.331 0.451 0.807 0.335 116.871 173 126.444 762.28 0 0
67250 7 4.5 6 1 0.006 0.331 0.451 0.807 0.335 119.859 15 136.86 488.687 0 0
67250 8 4.5 6 1 0.006 0.331 0.451 0.807 0.335 99.073 78 109.711 483.353 0 0
67250 9 4.5 6 1 0.006 0.331 0.451 0.807 0.335 126.98 110 136.414 727.32 0 0
67250 10 4.5 6 1 0.006 0.331 0.451 0.807 0.335 101.016 37 115.818 319.893 0 0
67250 1 4.5 6 1 0.026 0.059 0.247 0.915 0.833 122.146 0 142.38 47.22 0 0.533
67250 2 4.5 6 1 0.026 0.059 0.247 0.915 0.833 134.694 0 144.462 52.253 0 0.453
67250 3 4.5 6 1 0.026 0.059 0.247 0.915 0.833 134.239 0 149.157 51.02 0 0.52
67250 4 4.5 6 1 0.026 0.059 0.247 0.915 0.833 143.935 0 169.889 54.133 0 0.593
67250 5 4.5 6 1 0.026 0.059 0.247 0.915 0.833 125.191 0 145.072 53.833 0 0.54
67250 6 4.5 6 1 0.026 0.059 0.247 0.915 0.833 81.316 1 87.373 54.213 0 0.327
67250 7 4.5 6 1 0.026 0.059 0.247 0.915 0.833 135.471 0 154.341 42.167 0 0.547
67250 8 4.5 6 1 0.026 0.059 0.247 0.915 0.833 133.46 0 158.002 57.547 0 0.453
67250 9 4.5 6 1 0.026 0.059 0.247 0.915 0.833 102.901 0 125.596 39.96 0 0.42
67250 10 4.5 6 1 0.026 0.059 0.247 0.915 0.833 127.409 0 141.062 41.647 0 0.46
67250 1 4.5 6 1 0.106 0.172 0.382 0.923 0.741 126.105 0 143.093 40.84 0 0.46
67250 2 4.5 6 1 0.106 0.172 0.382 0.923 0.741 115.767 2 135.523 50.733 0 0.333
67250 3 4.5 6 1 0.106 0.172 0.382 0.923 0.741 130.887 2 153.641 41.32 0 0.7
67250 4 4.5 6 1 0.106 0.172 0.382 0.923 0.741 135.179 0 154.066 52.127 0 0.473
67250 5 4.5 6 1 0.106 0.172 0.382 0.923 0.741 114.323 0 128.635 41.773 0 0.507
67250 6 4.5 6 1 0.106 0.172 0.382 0.923 0.741 121.882 0 139.609 41.173 0 0.667
67250 7 4.5 6 1 0.106 0.172 0.382 0.923 0.741 139.395 0 165.183 46.74 0 0.653
67250 8 4.5 6 1 0.106 0.172 0.382 0.923 0.741 137.362 1 161.163 44.88 0 0.547
67250 9 4.5 6 1 0.106 0.172 0.382 0.923 0.741 130.682 0 152.898 54.56 0 0.553
67250 10 4.5 6 1 0.106 0.172 0.382 0.923 0.741 115.135 0 137.204 34.64 0 0.653
67250 1 4.5 6 1 0.037 0.11 0.169 0.896 0.648 0 0 0 0 1 1
67250 2 4.5 6 1 0.037 0.11 0.169 0.896 0.648 58.605 0 77.743 41.033 0 0.46
67250 3 4.5 6 1 0.037 0.11 0.169 0.896 0.648 30.758 2 43.937 161.067 0 0.1
67250 4 4.5 6 1 0.037 0.11 0.169 0.896 0.648 22.932 4 33.519 70.713 0 0.14
67250 5 4.5 6 1 0.037 0.11 0.169 0.896 0.648 51.381 22 59.217 148.593 0 0
67250 6 4.5 6 1 0.037 0.11 0.169 0.896 0.648 33.806 0 41.545 66.887 0 0.127
67250 7 4.5 6 1 0.037 0.11 0.169 0.896 0.648 61.101 51 69.959 272.647 0 0
67250 8 4.5 6 1 0.037 0.11 0.169 0.896 0.648 55.398 31 62.126 224.44 0 0
67250 9 4.5 6 1 0.037 0.11 0.169 0.896 0.648 40.401 1 50.574 73.007 0 0.213
67250 10 4.5 6 1 0.037 0.11 0.169 0.896 0.648 25.945 1 41.224 44.207 0 0.207
67250 1 4.5 6 1 0.1 0.42 0.293 0.768 0.826 121.446 0 156.94 49.033 0 0.607
67250 2 4.5 6 1 0.1 0.42 0.293 0.768 0.826 117.396 0 137.898 37.087 0 0.567
67250 3 4.5 6 1 0.1 0.42 0.293 0.768 0.826 131.278 0 147.782 43.553 0 0.52
67250 4 4.5 6 1 0.1 0.42 0.293 0.768 0.826 142.264 0 165.76 51.887 0 0.5
67250 5 4.5 6 1 0.1 0.42 0.293 0.768 0.826 126.704 0 144.179 44.007 0 0.54
67250 6 4.5 6 1 0.1 0.42 0.293 0.768 0.826 119.939 0 140.391 42.047 0 0.653
67250 7 4.5 6 1 0.1 0.42 0.293 0.768 0.826 131.864 0 153.363 49.673 0 0.473
67250 8 4.5 6 1 0.1 0.42 0.293 0.768 0.826 123.911 0 143.471 47.113 0 0.507
67250 9 4.5 6 1 0.1 0.42 0.293 0.768 0.826 127.486 0 145.784 53.1 0 0.493
67250 10 4.5 6 1 0.1 0.42 0.293 0.768 0.826 135.227 0 157.015 51.033 0 0.607
67250 1 4.5 6 1 0.104 0.404 0.291 0.852 0.739 127.569 0 146.117 44.687 0 0.467
67250 2 4.5 6 1 0.104 0.404 0.291 0.852 0.739 119.644 2 150.953 47.673 0 0.62
67250 3 4.5 6 1 0.104 0.404 0.291 0.852 0.739 123.263 0 147.811 44.233 0 0.547
67250 4 4.5 6 1 0.104 0.404 0.291 0.852 0.739 129.597 0 145.218 39.38 0 0.58
67250 5 4.5 6 1 0.104 0.404 0.291 0.852 0.739 133.964 0 157.886 49.167 0 0.58
67250 6 4.5 6 1 0.104 0.404 0.291 0.852 0.739 126.334 0 144.848 50.293 0 0.487
67250 7 4.5 6 1 0.104 0.404 0.291 0.852 0.739 132.504 0 155.332 38.147 0 0.62
67250 8 4.5 6 1 0.104 0.404 0.291 0.852 0.739 138.111 1 158.843 52.473 0 0.527
67250 9 4.5 6 1 0.104 0.404 0.291 0.852 0.739 131.198 1 146.643 43.173 0 0.48
67250 10 4.5 6 1 0.104 0.404 0.291 0.852 0.739 130.495 0 152.723 39.48 0 0.573
67250 1 4.5 6 1 0.013 0.027 0.161 0.817 0.555 118.585 0 136.468 41.66 0 0.467
67250 2 4.5 6 1 0.013 0.027 0.161 0.817 0.555 122.482 0 141.332 42.3 0 0.56
67250 1 3.5 6 1 0.038 0.268 0.289 0.947 0.431 177.245 568 190.741 1438.187 0 0
67250 2 3.5 6 1 0.038 0.268 0.289 0.947 0.431 164.04 790 170.372 1189.94 0 0
67250 3 3.5 6 1 0.038 0.268 0.289 0.947 0.431 194.474 233 221.079 1074.767 0 0
67250 4 3.5 6 1 0.038 0.268 0.289 0.947 0.431 187.725 215 207.263 1219.2 0 0
67250 5 3.5 6 1 0.038 0.268 0.289 0.947 0.431 178.071 295 190.555 876.56 0 0
67250 6 3.5 6 1 0.038 0.268 0.289 0.947 0.431 201.313 183 218.92 953.173 0 0
67250 7 3.5 6 1 0.038 0.268 0.289 0.947 0.431 188.927 250 213.266 979.253 0 0
67250 8 3.5 6 1 0.038 0.268 0.289 0.947 0.431 180.936 11 204.406 464.133 0 0
67250 9 3.5 6 1 0.038 0.268 0.289 0.947 0.431 216.554 273 227.545 1070.413 0 0
67250 10 3.5 6 1 0.038 0.268 0.289 0.947 0.431 167.887 655 187.279 1288.66 0 0
67250 1 3.5 6 1 0.077 0.046 0.384 0.83 0.978 112.548 0 132.525 33.513 0 0.593
67250 2 3.5 6 1 0.077 0.046 0.384 0.83 0.978 75.343 1 92.346 30.7 0 0.44
67250 3 3.5 6 1 0.077 0.046 0.384 0.83 0.978 136.065 0 153.163 38.18 0 0.54
67250 4 3.5 6 1 0.077 0.046 0.384 0.83 0.978 0 0 0 0 1 1
67250 5 3.5 6 1 0.077 0.046 0.384 0.83 0.978 87.074 2 95.2 46.04 0 0.173
67250 6 3.5 6 1 0.077 0.046 0.384 0.83 0.978 126.327 0 143.126 37.2 0 0.613
67250 7 3.5 6 1 0.077 0.046 0.384 0.83 0.978 138.054 0 156.871 35.76 0 0.58
67250 8 3.5 6 1 0.077 0.046 0.384 0.83 0.978 98.569 0 113.108 27.947 0 0.507
67250 9 3.5 6 1 0.077 0.046 0.384 0.83 0.978 126.223 0 147.464 42.74 0 0.493
67250 10 3.5 6 1 0.077 0.046 0.384 0.83 0.978 127.549 0 146.934 48.347 0 0.44
67250 1 3.5 6 1 0.102 0.273 0.06 0.998 0.58 239.082 3732 247.139 5279.173 0 0
67250 2 3.5 6 1 0.102 0.273 0.06 0.998 0.58 240.113 3622 247.678 4526.66 0 0
67250 3 3.5 6 1 0.102 0.273 0.06 0.998 0.58 244.639 4106 249.015 4892.753 0 0
67250 4 3.5 6 1 0.102 0.273 0.06 0.998 0.58 241.952 3688 248.824 4632.713 0 0
67250 5 3.5 6 1 0.102 0.273 0.06 0.998 0.58 244.205 3710 248.384 4415.113 0 0
67250 6 3.5 6 1 0.102 0.273 0.06 0.998 0.58 243.793 3872 248.572 4999.353 0 0
67250 7 3.5 6 1 0.102 0.273 0.06 0.998 0.58 245.965 4076 249.284 5384.96 0 0
67250 8 3.5 6 1 0.102 0.273 0.06 0.998 0.58 236.088 3201 245.786 4555.98 0 0
67250 9 3.5 6 1 0.102 0.273 0.06 0.998 0.58 240.026 3519 246.725 4521.907 0 0
67250 10 3.5 6 1 0.102 0.273 0.06 0.998 0.58 242.679 2470 249.008 4586.287 0 0
67250 1 3.5 6 1 0.023 0.022 0.439 0.985 0.797 129.829 0 150.649 34.133 0 0.607
67250 2 3.5 6 1 0.023 0.022 0.439 0.985 0.797 87.73 3 97.403 34.3 0 0.26
67250 3 3.5 6 1 0.023 0.022 0.439 0.985 0.797 130.749 0 157.116 46.767 0 0.633
67250 4 3.5 6 1 0.023 0.022 0.439 0.985 0.797 120.552 0 145.549 37.18 0 0.507
67250 5 3.5 6 1 0.023 0.022 0.439 0.985 0.797 124.078 0 152.081 46.24 0 0.5
67250 6 3.5 6 1 0.023 0.022 0.439 0.985 0.797 122.943 1 137.859 31.94 0 0.567
67250 7 3.5 6 1 0.023 0.022 0.439 0.985 0.797 143.165 0 175.584 52.627 0 0.467
67250 8 3.5 6 1 0.023 0.022 0.439 0.985 0.797 89.743 3 108.954 45.453 0 0.127
67250 9 3.5 6 1 0.023 0.022 0.439 0.985 0.797 132.437 0 150.42 44.107 0 0.547
67250 10 3.5 6 1 0.023 0.022 0.439 0.985 0.797 132.957 0 150.34 41.287 0 0.567
67250 1 3.5 6 1 0.059 0.423 0.416 0.776 0.621 133.254 1 152.41 47.027 0 0.453
67250 2 3.5 6 1 0.059 0.423 0.416 0.776 0.621 124.514 0 145.894 40.693 0 0.453
67250 3 3.5 6 1 0.059 0.423 0.416 0.776 0.621 117.98 0 133.152 32.247 0 0.48
67250 4 3.5 6 1 0.059 0.423 0.416 0.776 0.621 99.182 0 122.395 29.393 0 0.653
67250 5 3.5 6 1 0.059 0.423 0.416 0.776 0.621 0 0 0 0 1 1
67250 6 3.5 6 1 0.059 0.423 0.416 0.776 0.621 74.959 3 85.694 47.42 0 0.033
67250 7 3.5 6 1 0.059 0.423 0.416 0.776 0.621 79.461 0 87.121 34.907 0 0.347
67250 8 3.5 6 1 0.059 0.423 0.416 0.776 0.621 84.131 0 99.635 23.627 0 0.613
67250 9 3.5 6 1 0.059 0.423 0.416 0.776 0.621 132.113 0 155.515 39.353 0 0.507
67250 10 3.5 6 1 0.059 0.423 0.416 0.776 0.621 129.014 1 155.868 40.94 0 0.573
67250 1 3.5 6 1 0.099 0.06 0.398 0.877 0.185 139.324 0 161.694 46.593 0 0.533
67250 2 3.5 6 1 0.099 0.06 0.398 0.877 0.185 124.785 0 144.119 43.72 0 0.48
67250 3 3.5 6 1 0.099 0.06 0.398 0.877 0.185 61.913 2 70.812 36.893 0 0.373
67250 4 3.5 6 1 0.099 0.06 0.398 0.877 0.185 44.301 7 51.102 53.513 0 0.047
67250 5 3.5 6 1 0.099 0.06 0.398 0.877 0.185 121.065 0 140.896 35.333 0 0.5
67250 6 3.5 6 1 0.099 0.06 0.398 0.877 0.185 39.458 23 50.532 161.753 0 0
67250 7 3.5 6 1 0.099 0.06 0.398 0.877 0.185 120.016 0 137.246 30.987 0 0.647
67250 8 3.5 6 1 0.099 0.06 0.398 0.877 0.185 129.485 1 151.322 38.833 0 0.467
67250 9 3.5 6 1 0.099 0.06 0.398 0.877 0.185 121.781 0 141.888 53.253 0 0.473
67250 10 3.5 6 1 0.099 0.06 0.398 0.877 0.185 131.651 1 146.731 34.093 0 0.507
67250 1 3.5 6 1 0.104 0.179 0.017 0.992 0.007 249 9331 249.959 9842.933 0 0
67250 2 3.5 6 1 0.104 0.179 0.017 0.992 0.007 249.391 7859 249.98 8350.187 0 0
67250 3 3.5 6 1 0.104 0.179 0.017 0.992 0.007 249.824 8763 249.998 10031.92 0 0
67250 1 4.5 10 0 0.104 0.452 0.094 0.947 0.295 230.336 2421 244.699 6468.227 0 0
67250 2 4.5 10 0 0.104 0.452 0.094 0.947 0.295 215.357 621 244.225 6189.967 0 0
67250 3 4.5 10 0 0.104 0.452 0.094 0.947 0.295 220.093 1500 240.028 4574.427 0 0
67250 4 4.5 10 0 0.104 0.452 0.094 0.947 0.295 212.395 62 234.846 3734.367 0 0
67250 5 4.5 10 0 0.104 0.452 0.094 0.947 0.295 237.667 3471 245.056 6194.32 0 0
67250 6 4.5 10 0 0.104 0.452 0.094 0.947 0.295 224.292 943 244.565 6992.473 0 0
67250 7 4.5 10 0 0.104 0.452 0.094 0.947 0.295 227.331 2986 243.675 5796.413 0 0
67250 8 4.5 10 0 0.104 0.452 0.094 0.947 0.295 238.522 4044 246.517 6851.567 0 0
67250 9 4.5 10 0 0.104 0.452 0.094 0.947 0.295 234.686 2654 244.688 6140.073 0 0
67250 10 4.5 10 0 0.104 0.452 0.094 0.947 0.295 226.892 1622 244.98 5739.773 0 0
67250 1 4.5 10 0 0.068 0.387 0.287 0.886 0.401 187.176 19 216.98 1002.993 0 0
67250 2 4.5 10 0 0.068 0.387 0.287 0.886 0.401 156.329 13 180.154 508.173 0 0
67250 3 4.5 10 0 0.068 0.387 0.287 0.886 0.401 153.134 6 179.186 220.073 0 0.153
67250 4 4.5 10 0 0.068 0.387 0.287 0.886 0.401 150.384 4 179.696 456.273 0 0.147
67250 5 4.5 10 0 0.068 0.387 0.287 0.886 0.401 145.23 23 177.743 812.133 0 0
67250 6 4.5 10 0 0.068 0.387 0.287 0.886 0.401 168.427 25 194.94 856.1 0 0
67250 7 4.5 10 0 0.068 0.387 0.287 0.886 0.401 157.037 12 196.888 477.16 0 0
67250 8 4.5 10 0 0.068 0.387 0.287 0.886 0.401 144.519 11 197.406 719.607 0 0
67250 9 4.5 10 0 0.068 0.387 0.287 0.886 0.401 155.919 11 174.116 493.36 0 0
67250 10 4.5 10 0 0.068 0.387 0.287 0.886 0.401 184.877 34 204.279 1096.053 0 0
67250 1 4.5 10 0 0.024 0.026 0.002 0.76 0.189 242.081 8076 248.558 10692.507 0 0
67250 2 4.5 10 0 0.024 0.026 0.002 0.76 0.189 235.442 6153 248.619 11498.167 0 0
67250 3 4.5 10 0 0.024 0.026 0.002 0.76 0.189 242.16 9975 249.064 11349.167 0 0
67250 4 4.5 10 0 0.024 0.026 0.002 0.76 0.189 239 4905 247.575 10540.5 0 0
67250 5 4.5 10 0 0.024 0.026 0.002 0.76 0.189 243 8351 249.326 10879.907 0 0
67250 6 4.5 10 0 0.024 0.026 0.002 0.76 0.189 237.108 6180 246.346 8743.887 0 0
67250 7 4.5 10 0 0.024 0.026 0.002 0.76 0.189 223.982 2914 244.145 8579.567 0 0
67250 8 4.5 10 0 0.024 0.026 0.002 0.76 0.189 243.789 6827 248.625 9582.72 0 0
67250 9 4.5 10 0 0.024 0.026 0.002 0.76 0.189 242.734 7493 248.546 10383.073 0 0
67250 10 4.5 10 0 0.024 0.026 0.002 0.76 0.189 241 6684 247.905 9425.493 0 0
67250 1 4.5 10 0 0.027 0.096 0.124 0.94 0.671 148.499 0 165.538 42.793 0 0.547
67250 2 4.5 10 0 0.027 0.096 0.124 0.94 0.671 140.033 0 161.267 56.007 0 0.547
67250 3 4.5 10 0 0.027 0.096 0.124 0.94 0.671 132.35 0 159.085 46.127 0 0.56
67250 4 4.5 10 0 0.027 0.096 0.124 0.94 0.671 129.938 0 150.921 44.093 0 0.407
67250 5 4.5 10 0 0.027 0.096 0.124 0.94 0.671 145.993 0 164.874 44.18 0 0.5
67250 6 4.5 10 0 0.027 0.096 0.124 0.94 0.671 143.1 0 159.897 41.767 0 0.593
67250 7 4.5 10 0 0.027 0.096 0.124 0.94 0.671 144.952 0 170.032 45.18 0 0.573
67250 8 4.5 10 0 0.027 0.096 0.124 0.94 0.671 145.732 1 173.705 50.587 0 0.553
67250 9 4.5 10 0 0.027 0.096 0.124 0.94 0.671 152.776 0 173.713 40.547 0 0.653
67250 10 4.5 10 0 0.027 0.096 0.124 0.94 0.671 132.057 0 164.341 49.013 0 0.513
67250 1 4.5 10 0 0.078 0.487 0.166 0.847 0.611 167.477 17 211.806 1216.52 0 0
67250 2 4.5 10 0 0.078 0.487 0.166 0.847 0.611 185.128 7 210.36 1378.02 0 0.053
67250 3 4.5 10 0 0.078 0.487 0.166 0.847 0.611 143.906 3 177.984 578.26 0 0.087
67250 4 4.5 10 0 0.078 0.487 0.166 0.847 0.611 154.601 5 201.215 864.393 0 0.133
67250 5 4.5 10 0 0.078 0.487 0.166 0.847 0.611 160.842 0 186.259 375.6 0 0.107
67250 6 4.5 10 0 0.078 0.487 0.166 0.847 0.611 141.944 4 176.417 573 0 0.147
67250 7 4.5 10 0 0.078 0.487 0.166 0.847 0.611 189.253 25 202.788 1083.78 0 0
67250 8 4.5 10 0 0.078 0.487 0.166 0.847 0.611 196.622 31 217.366 974.113 0 0
67250 1 4 7 0 0.088 0.083 0.134 0.761 0.547 146.465 0 164.915 44.227 0 0.573
67250 2 4 7 0 0.088 0.083 0.134 0.761 0.547 138.144 0 160.489 51.807 0 0.567
67250 3 4 7 0 0.088 0.083 0.134 0.761 0.547 123.949 0 154.111 35.493 0 0.48
67250 4 4 7 0 0.088 0.083 0.134 0.761 0.547 133.669 0 153.445 34.747 0 0.553
67250 5 4 7 0 0.088 0.083 0.134 0.761 0.547 131.377 0 158.299 44.113 0 0.5
67250 6 4 7 0 0.088 0.083 0.134 0.761 0.547 126.162 0 144.54 41.493 0 0.58
67250 7 4 7 0 0.088 0.083 0.134 0.761 0.547 132.32 0 153.604 44.853 0 0.487
67250 8 4 7 0 0.088 0.083 0.134 0.761 0.547 130.537 0 153.193 50.453 0 0.447
67250 9 4 7 0 0.088 0.083 0.134 0.761 0.547 140.371 0 159.648 45.647 0 0.58
67250 10 4 7 0 0.088 0.083 0.134 0.761 0.547 143.351 0 159.187 43.167 0 0.533
67250 1 4 7 0 0.042 0.057 0.416 0.827 0.245 140.202 0 159.153 40.38 0 0.54
67250 2 4 7 0 0.042 0.057 0.416 0.827 0.245 121.237 0 148.106 35.127 0 0.547
67250 3 4 7 0 0.042 0.057 0.416 0.827 0.245 134.789 0 170.203 49.627 0 0.547
67250 4 4 7 0 0.042 0.057 0.416 0.827 0.245 93.885 0 111.602 29.627 0 0.46
67250 5 4 7 0 0.042 0.057 0.416 0.827 0.245 143.125 0 175.258 59.533 0 0.533
67250 6 4 7 0 0.042 0.057 0.416 0.827 0.245 125.665 0 154.108 40.767 0 0.48
67250 7 4 7 0 0.042 0.057 0.416 0.827 0.245 132.62 0 159.32 43.993 0 0.567
67250 8 4 7 0 0.042 0.057 0.416 0.827 0.245 114.9 1 149.024 47.36 0 0.513
67250 9 4 7 0 0.042 0.057 0.416 0.827 0.245 137.109 0 155.348 41.667 0 0.533
67250 10 4 7 0 0.042 0.057 0.416 0.827 0.245 131.813 0 152.132 42.953 0 0.433
67250 1 4 7 0 0.087 0.213 0.102 0.981 0.186 221.649 2147 242.729 5766.247 0 0
67250 2 4 7 0 0.087 0.213 0.102 0.981 0.186 237.236 2903 245.515 5061.46 0 0
67250 3 4 7 0 0.087 0.213 0.102 0.981 0.186 240.571 4383 246.774 6110.647 0 0
67250 4 4 7 0 0.087 0.213 0.102 0.981 0.186 241.582 4649 249.28 8092.267 0 0
67250 5 4 7 0 0.087 0.213 0.102 0.981 0.186 218.038 2446 239.712 4174.727 0 0
67250 6 4 7 0 0.087 0.213 0.102 0.981 0.186 226.638 2646 243.886 5139.96 0 0
67250 7 4 7 0 0.087 0.213 0.102 0.981 0.186 214.515 1939 242.882 5663.06 0 0
67250 8 4 7 0 0.087 0.213 0.102 0.981 0.186 237.834 2412 247.373 5800.5 0 0
67250 9 4 7 0 0.087 0.213 0.102 0.981 0.186 229.411 1973 242.858 4608.967 0 0
67250 10 4 7 0 0.087 0.213 0.102 0.981 0.186 236.76 3852 247.117 6268.693 0 0
67250 1 4 7 0 0.092 0.284 0.264 0.999 0.906 139.253 0 159.273 48.407 0 0.56
67250 2 4 7 0 0.092 0.284 0.264 0.999 0.906 149.907 0 169.184 47.7 0 0.4
67250 3 4 7 0 0.092 0.284 0.264 0.999 0.906 135.446 0 168.945 49.02 0 0.673
67250 4 4 7 0 0.092 0.284 0.264 0.999 0.906 117.731 0 130.76 35.107 0 0.527
67250 5 4 7 0 0.092 0.284 0.264 0.999 0.906 136.801 0 160.847 45.1 0 0.52
67250 6 4 7 0 0.092 0.284 0.264 0.999 0.906 143.874 1 160.828 44.093 0 0.48
67250 7 4 7 0 0.092 0.284 0.264 0.999 0.906 113.42 0 138.863 28.26 0 0.56
67250 8 4 7 0 0.092 0.284 0.264 0.999 0.906 136.766 0 153.004 43.4 0 0.547
67250 9 4 7 0 0.092 0.284 0.264 0.999 0.906 145.938 0 167.192 52.873 0 0.527
67250 10 4 7 0 0.092 0.284 0.264 0.999 0.906 0 0 0 0 1 1
67250 1 4 7 0 0.061 0.302 0.216 0.925 0.174 235.89 1084 245.668 5050.287 0 0
67250 2 4 7 0 0.061 0.302 0.216 0.925 0.174 216.84 1739 240.919 4827 0 0
67250 3 4 7 0 0.061 0.302 0.216 0.925 0.174 217.603 1136 230.64 3923.32 0 0
67250 4 4 7 0 0.061 0.302 0.216 0.925 0.174 216.558 1018 238.763 3917.653 0 0
67250 5 4 7 0 0.061 0.302 0.216 0.925 0.174 216.983 1240 243.068 4622 0 0
67250 6 4 7 0 0.061 0.302 0.216 0.925 0.174 222.064 774 237.984 3731.827 0 0
67250 7 4 7 0 0.061 0.302 0.216 0.925 0.174 235.043 803 246.512 5642.973 0 0
67250 8 4 7 0 0.061 0.302 0.216 0.925 0.174 203.934 135 237.19 4129.16 0 0
67250 9 4 7 0 0.061 0.302 0.216 0.925 0.174 223.855 1304 242.565 5081.387 0 0
67250 10 4 7 0 0.061 0.302 0.216 0.925 0.174 201.605 53 234.618 3396.36 0 0
67250 1 4 7 0 0.11 0.259 0.248 0.819 0.556 112.806 0 128.436 42.173 0 0.533
67250 2 4 7 0 0.11 0.259 0.248 0.819 0.556 117.229 0 135.125 45.507 0 0.48
67250 3 4 7 0 0.11 0.259 0.248 0.819 0.556 132.725 1 154.155 41.487 0 0.52
67250 4 4 7 0 0.11 0.259 0.248 0.819 0.556 92.638 0 111.311 52.487 0 0.38
67250 5 4 7 0 0.11 0.259 0.248 0.819 0.556 105.061 2 122.147 55.813 0 0.427
67250 6 4 7 0 0.11 0.259 0.248 0.819 0.556 0 0 0 0 1 1
67250 7 4 7 0 0.11 0.259 0.248 0.819 0.556 120.111 0 134.458 41.593 0 0.533
67250 8 4 7 0 0.11 0.259 0.248 0.819 0.556 115.927 0 133.792 53.147 0 0.513
67250 9 4 7 0 0.11 0.259 0.248 0.819 0.556 100.642 1 122.64 40.527 0 0.58
67250 10 4 7 0 0.11 0.259 0.248 0.819 0.556 121.952 0 144.012 41.867 0 0.533
67250 1 3.5 6 0 0.06 0.444 0.447 0.783 0.568 127.864 0 145.679 36.327 0 0.6
67250 2 3.5 6 0 0.06 0.444 0.447 0.783 0.568 78.826 1 90.045 25.453 0 0.693
67250 3 3.5 6 0 0.06 0.444 0.447 0.783 0.568 127.104 0 148.03 39.433 0 0.527
67250 4 3.5 6 0 0.06 0.444 0.447 0.783 0.568 87.747 0 101.268 25.84 0 0.567
67250 5 3.5 6 0 0.06 0.444 0.447 0.783 0.568 124.295 1 142.795 39.527 0 0.407
67250 6 3.5 6 0 0.06 0.444 0.447 0.783 0.568 123.734 0 135.119 28.7 0 0.58
67250 7 3.5 6 0 0.06 0.444 0.447 0.783 0.568 71.701 0 78.8 23.92 0 0.467
67250 8 3.5 6 0 0.06 0.444 0.447 0.783 0.568 0 0 0 0 1 1
67250 9 3.5 6 0 0.06 0.444 0.447 0.783 0.568 149.491 1 177.537 49.36 0 0.507
67250 10 3.5 6 0 0.06 0.444 0.447 0.783 0.568 0 0 0 0 1 1
67250 1 3.5 6 0 0.114 0.016 0.09 0.787 0.988 140.11 0 155.304 40.767 0 0.573
67250 2 3.5 6 0 0.114 0.016 0.09 0.787 0.988 107.86 0 126.928 35.16 0 0.493
67250 3 3.5 6 0 0.114 0.016 0.09 0.787 0.988 117.472 2 142.844 38.927 0 0.467
67250 4 3.5 6 0 0.114 0.016 0.09 0.787 0.988 117.251 0 133.478 31.12 0 0.547
67250 5 3.5 6 0 0.114 0.016 0.09 0.787 0.988 132.203 0 153.509 38.753 0 0.5
67250 6 3.5 6 0 0.114 0.016 0.09 0.787 0.988 125.818 0 148.613 35.16 0 0.58
67250 7 3.5 6 0 0.114 0.016 0.09 0.787 0.988 125.582 0 146.051 42.4 0 0.52
67250 8 3.5 6 0 0.114 0.016 0.09 0.787 0.988 78.901 7 95.91 39.093 0 0.08
67250 9 3.5 6 0 0.114 0.016 0.09 0.787 0.988 130.605 0 148.169 34.167 0 0.507
67250 10 3.5 6 0 0.114 0.016 0.09 0.787 0.988 134.874 1 155.132 39.14 0 0.487
67250 1 3.5 6 0 0.109 0.378 0.002 0.956 0.463 239.144 5132 247.437 6546.267 0 0
67250 2 3.5 6 0 0.109 0.378 0.002 0.956 0.463 237.152 2421 247.266 6248.447 0 0
67250 3 3.5 6 0 0.109 0.378 0.002 0.956 0.463 240.686 3967 246.835 6512.86 0 0
67250 4 3.5 6 0 0.109 0.378 0.002 0.956 0.463 238.953 3816 246.147 6017.853 0 0
67250 5 3.5 6 0 0.109 0.378 0.002 0.956 0.463 230.246 3547 244.125 4898.673 0 0
67250 6 3.5 6 0 0.109 0.378 0.002 0.956 0.463 241.072 4826 247.79 5935.04 0 0
67250 7 3.5 6 0 0.109 0.378 0.002 0.956 0.463 229.727 3203 246.513 4858.347 0 0
67250 8 3.5 6 0 0.109 0.378 0.002 0.956 0.463 243.342 4937 248.224 6146.773 0 0
67250 9 3.5 6 0 0.109 0.378 0.002 0.956 0.463 237.096 3195 247.831 5665.273 0 0
67250 10 3.5 6 0 0.109 0.378 0.002 0.956 0.463 227.862 3221 243.738 4880.567 0 0
67250 1 3.5 6 0 0.091 0.175 0.249 0.98 0.129 220.139 481 235.459 1967.36 0 0
67250 2 3.5 6 0 0.091 0.175 0.249 0.98 0.129 196.359 53 229.313 2078.213 0 0
67250 3 3.5 6 0 0.091 0.175 0.249 0.98 0.129 204.93 304 228.798 1402.72 0 0
67250 4 3.5 6 0 0.091 0.175 0.249 0.98 0.129 191.543 191 211.564 1368.153 0 0
67250 5 3.5 6 0 0.091 0.175 0.249 0.98 0.129 211.98 73 231.94 2067.573 0 0
67250 6 3.5 6 0 0.091 0.175 0.249 0.98 0.129 210.596 205 224.715 1407.913 0 0
67250 7 3.5 6 0 0.091 0.175 0.249 0.98 0.129 204.727 612 228.157 2404.3 0 0
67250 8 3.5 6 0 0.091 0.175 0.249 0.98 0.129 198.012 51 234.111 2472.06 0 0
67250 9 3.5 6 0 0.091 0.175 0.249 0.98 0.129 213.727 115 236.047 2193.947 0 0
67250 10 3.5 6 0 0.091 0.175 0.249 0.98 0.129 0 0 0 0 1 1
67250 1 3.5 6 0 0.08 0.443 0.166 0.913 0.774 117.074 1 129.709 36.053 0 0.453
67250 2 3.5 6 0 0.08 0.443 0.166 0.913 0.774 0 0 0 0 1 1
67250 3 3.5 6 0 0.08 0.443 0.166 0.913 0.774 110.33 0 124.599 39.207 0 0.427
67250 4 3.5 6 0 0.08 0.443 0.166 0.913 0.774 69.236 2 77.623 29.56 0 0.42
67250 5 3.5 6 0 0.08 0.443 0.166 0.913 0.774 116.834 1 154.552 39.693 0 0.493
67250 6 3.5 6 0 0.08 0.443 0.166 0.913 0.774 107.813 1 130.971 46.613 0 0.513
67250 7 3.5 6 0 0.08 0.443 0.166 0.913 0.774 58.88 0 70.543 19.853 0 0.44
67250 8 3.5 6 0 0.08 0.443 0.166 0.913 0.774 94.428 1 110.377 48.6 0 0.227
67250 9 3.5 6 0 0.08 0.443 0.166 0.913 0.774 101.062 0 119.281 28.1 0 0.5
67250 10 3.5 6 0 0.08 0.443 0.166 0.913 0.774 102.141 1 108.619 32.373 0 0.547
67250 1 3.5 6 0 0.045 0.273 0.28 0.81 0.863 132.734 0 153.145 45.407 0 0.447
67250 2 3.5 6 0 0.045 0.273 0.28 0.81 0.863 134.146 0 162.076 45.4 0 0.5
67250 3 3.5 6 0 0.045 0.273 0.28 0.81 0.863 119.741 1 145.837 38.92 0 0.487
67250 4 3.5 6 0 0.045 0.273 0.28 0.81 0.863 112.984 0 126.132 34.88 0 0.447
67250 5 3.5 6 0 0.045 0.273 0.28 0.81 0.863 84.251 2 89.08 38.307 0 0.153
67250 6 3.5 6 0 0.045 0.273 0.28 0.81 0.863 76.188 0 92.139 14.72 0 0.693
67250 7 3.5 6 0 0.045 0.273 0.28 0.81 0.863 87.326 4 93.063 38.473 0 0.167
67250 8 3.5 6 0 0.045 0.273 0.28 0.81 0.863 79.795 0 86.127 15.307 0 0.58
67250 9 3.5 6 0 0.045 0.273 0.28 0.81 0.863 117.665 0 141.279 38.027 0 0.667
67250 10 3.5 6 0 0.045 0.273 0.28 0.81 0.863 134.189 0 152.923 47.293 0 0.627
67250 1 3.5 6 0 0.117 0.383 0.33 0.751 0.68 128.928 0 151.236 44.727 0 0.567
67250 2 3.5 6 0 0.117 0.383 0.33 0.751 0.68 90.818 1 103.55 22.173 0 0.707
67250 3 3.5 6 0 0.117 0.383 0.33 0.751 0.68 105.135 0 133.903 39.733 0 0.5
67250 4 3.5 6 0 0.117 0.383 0.33 0.751 0.68 120.919 0 145.29 39.02 0 0.633
67250 5 3.5 6 0 0.117 0.383 0.33 0.751 0.68 135.227 1 160.607 44.12 0 0.467
67250 6 3.5 6 0 0.117 0.383 0.33 0.751 0.68 125.063 0 139.914 33.607 0 0.48
67250 1 3.5 3 0 0.045 0.115 0.278 0.781 0.357 0 0 0 0 1 1
67250 2 3.5 3 0 0.045 0.115 0.278 0.781 0.357 51.017 7 65.989 230.747 0 0.12
67250 3 3.5 3 0 0.045 0.115 0.278 0.781 0.357 62.814 19 73.978 244.687 0 0
67250 4 3.5 3 0 0.045 0.115 0.278 0.781 0.357 47.387 30 59.116 233.74 0 0
67250 5 3.5 3 0 0.045 0.115 0.278 0.781 0.357 67.804 13 77.551 244.307 0 0
67250 6 3.5 3 0 0.045 0.115 0.278 0.781 0.357 47.213 18 61.739 234.9 0 0
67250 7 3.5 3 0 0.045 0.115 0.278 0.781 0.357 62.599 4 75.158 226.18 0 0.093
67250 8 3.5 3 0 0.045 0.115 0.278 0.781 0.357 67.007 21 74.539 215.107 0 0
67250 9 3.5 3 0 0.045 0.115 0.278 0.781 0.357 51.247 5 63.685 222.78 0 0.153
67250 10 3.5 3 0 0.045 0.115 0.278 0.781 0.357 59.042 11 68.293 165.247 0 0
67250 1 3.5 3 0 0.008 0.449 0.38 0.824 0.223 202.069 120 230.956 2128.58 0 0
67250 2 3.5 3 0 0.008 0.449 0.38 0.824 0.223 209.603 218 235.656 2096.613 0 0
67250 3 3.5 3 0 0.008 0.449 0.38 0.824 0.223 211.045 162 235.708 2205.527 0 0
67250 4 3.5 3 0 0.008 0.449 0.38 0.824 0.223 214.741 123 240.574 3283.42 0 0
67250 5 3.5 3 0 0.008 0.449 0.38 0.824 0.223 211.641 212 239.587 2771.947 0 0
67250 6 3.5 3 0 0.008 0.449 0.38 0.824 0.223 220.052 470 237.953 2782.107 0 0
67250 7 3.5 3 0 0.008 0.449 0.38 0.824 0.223 208.475 256 239.885 3171.433 0 0
67250 8 3.5 3 0 0.008 0.449 0.38 0.824 0.223 208.31 98 232.857 2756.967 0 0
67250 9 3.5 3 0 0.008 0.449 0.38 0.824 0.223 217.051 820 236.512 2783.433 0 0
67250 10 3.5 3 0 0.008 0.449 0.38 0.824 0.223 226.302 1288 239.898 3414.027 0 0
67250 1 3.5 3 0 0.033 0.347 0.085 0.953 0.553 235.872 2356 244.657 4788.007 0 0
67250 2 3.5 3 0 0.033 0.347 0.085 0.953 0.553 218.793 1036 240.525 3769.193 0 0
67250 3 3.5 3 0 0.033 0.347 0.085 0.953 0.553 225.217 1074 237.157 2609.547 0 0
67250 4 3.5 3 0 0.033 0.347 0.085 0.953 0.553 236.474 1203 245.324 3660.467 0 0
67250 5 3.5 3 0 0.033 0.347 0.085 0.953 0.553 218.486 937 238.616 3409.693 0 0
67250 6 3.5 3 0 0.033 0.347 0.085 0.953 0.553 228.157 417 242.36 3407.147 0 0
67250 7 3.5 3 0 0.033 0.347 0.085 0.953 0.553 231.589 1487 244.676 4063.813 0 0
67250 8 3.5 3 0 0.033 0.347 0.085 0.953 0.553 213.622 362 235.522 2966.9 0 0
67250 9 3.5 3 0 0.033 0.347 0.085 0.953 0.553 223.71 431 240.086 3093.987 0 0
67250 10 3.5 3 0 0.033 0.347 0.085 0.953 0.553 231.727 1737 244.47 4098.747 0 0
67250 1 3.5 3 0 0.118 0.5 0.16 0.936 0.539 204.134 67 227.58 1570.487 0 0
67250 2 3.5 3 0 0.118 0.5 0.16 0.936 0.539 228.529 408 238.631 1808.827 0 0
67250 3 3.5 3 0 0.118 0.5 0.16 0.936 0.539 224.467 370 235.089 1940.82 0 0
67250 4 3.5 3 0 0.118 0.5 0.16 0.936 0.539 199.783 71 223.345 1582.32 0 0
67250 5 3.5 3 0 0.118 0.5 0.16 0.936 0.539 228.255 820 240.565 2795.353 0 0
67250 6 3.5 3 0 0.118 0.5 0.16 0.936 0.539 233.984 1402 241.562 3034.88 0 0
67250 7 3.5 3 0 0.118 0.5 0.16 0.936 0.539 229.21 793 237.393 3020.913 0 0
67250 8 3.5 3 0 0.118 0.5 0.16 0.936 0.539 223.005 381 235.234 2037.74 0 0
67250 9 3.5 3 0 0.118 0.5 0.16 0.936 0.539 206.742 153 237.365 2065.353 0 0
67250 10 3.5 3 0 0.118 0.5 0.16 0.936 0.539 210.651 175 231.961 2036.953 0 0
67250 1 3.5 3 0 0.095 0.073 0.23 0.838 0.238 55.576 8 72.708 250.473 0 0.033
67250 2 3.5 3 0 0.095 0.073 0.23 0.838 0.238 57.94 7 72.376 197.6 0 0.033
67250 3 3.5 3 0 0.095 0.073 0.23 0.838 0.238 51.568 14 59.505 190.627 0 0
67250 4 3.5 3 0 0.095 0.073 0.23 0.838 0.238 57.522 31 65.703 227.44 0 0
67250 5 3.5 3 0 0.095 0.073 0.23 0.838 0.238 57.389 17 63.808 172.147 0 0
67250 6 3.5 3 0 0.095 0.073 0.23 0.838 0.238 58.963 9 72.376 264.98 0 0.007
67250 7 3.5 3 0 0.095 0.073 0.23 0.838 0.238 55.968 4 66.479 177.56 0 0.073
67250 8 3.5 3 0 0.095 0.073 0.23 0.838 0.238 57.94 20 66.415 172.24 0 0
67250 9 3.5 3 0 0.095 0.073 0.23 0.838 0.238 59.11 7 68.774 207.753 0 0.047
67250 10 3.5 3 0 0.095 0.073 0.23 0.838 0.238 42.363 4 49.678 150.647 0 0.067
67250 1 3.5 3 0 0.013 0.311 0.334 0.978 0.306 94.303 32 104.316 570.14 0 0
67250 2 3.5 3 0 0.013 0.311 0.334 0.978 0.306 90.79 23 104.375 368.567 0 0
67250 3 3.5 3 0 0.013 0.311 0.334 0.978 0.306 100.461 22 124.027 518.653 0 0
67250 4 3.5 3 0 0.013 0.311 0.334 0.978 0.306 94.206 27 106.749 351.66 0 0
67250 5 3.5 3 0 0.013 0.311 0.334 0.978 0.306 115.029 18 129.436 414.773 0 0
67250 6 3.5 3 0 0.013 0.311 0.334 0.978 0.306 105.423 22 124.01 413.673 0 0
67250 7 3.5 3 0 0.013 0.311 0.334 0.978 0.306 120.599 43 143.759 622.987 0 0
67250 8 3.5 3 0 0.013 0.311 0.334 0.978 0.306 81.224 9 97.522 367.647 0 0.007
67250 9 3.5 3 0 0.013 0.311 0.334 0.978 0.306 125.477 10 136.891 440.787 0 0
67250 10 3.5 3 0 0.013 0.311 0.334 0.978 0.306 95.691 13 115.415 405.887 0 0
67250 1 3.5 3 0 0.116 0.11 0.493 0.777 0.362 14.229 24 19.553 89.533 0 0
67250 2 3.5 3 0 0.116 0.11 0.493 0.777 0.362 0 0 0 0 1 1
67250 3 3.5 3 0 0.116 0.11 0.493 0.777 0.362 20.281 2 26.244 82.46 0 0.113
67250 4 3.5 3 0 0.116 0.11 0.493 0.777 0.362 14.215 8 22.044 81.793 0 0.033
67250 5 3.5 3 0 0.116 0.11 0.493 0.777 0.362 0 0 0 0 1 1
67250 6 3.5 3 0 0.116 0.11 0.493 0.777 0.362 13.518 4 17.61 46.78 0 0.067
67250 7 3.5 3 0 0.116 0.11 0.493 0.777 0.362 7.905 0 9.145 9.173 0 0.587
67250 8 3.5 3 0 0.116 0.11 0.493 0.777 0.362 21.219 4 26.091 55.867 0 0.12
67250 9 3.5 3 0 0.116 0.11 0.493 0.777 0.362 0 0 0 0 1 1
67250 10 3.5 3 0 0.116 0.11 0.493 0.777 0.362 16.22 2 20.61 30.233 0 0.167
67250 1 3.5 3 0 0.012 0.285 0.424 0.902 0.641 23.724 2 26.734 73.973 0 0.073
67250 2 3.5 3 0 0.012 0.285 0.424 0.902 0.641 9.489 2 20.198 61.313 0 0.16
67250 3 3.5 3 0 0.012 0.285 0.424 0.902 0.641 11.236 4 17.792 81.6 0 0.08
67250 4 3.5 3 0 0.012 0.285 0.424 0.902 0.641 23.427 9 28.035 73.76 0 0.013
67250 5 3.5 3 0 0.012 0.285 0.424 0.902 0.641 12.701 5 22.741 81.527 0 0.147
67250 6 3.5 3 0 0.012 0.285 0.424 0.902 0.641 0 0 0 0 1 1
67250 7 3.5 3 0 0.012 0.285 0.424 0.902 0.641 0 0 0 0 1 1
67250 8 3.5 3 0 0.012 0.285 0.424 0.902 0.641 0 0 0 0 1 1
67250 1 5 5 1 0.069 0.081 0.255 0.93 0.992 113.801 0 135.783 49.567 0 0.653
67250 2 5 5 1 0.069 0.081 0.255 0.93 0.992 128.57 0 142.088 49.02 0 0.373
67250 3 5 5 1 0.069 0.081 0.255 0.93 0.992 120.746 0 140.845 45.94 0 0.627
67250 4 5 5 1 0.069 0.081 0.255 0.93 0.992 126.718 0 148.28 46.413 0 0.507
67250 5 5 5 1 0.069 0.081 0.255 0.93 0.992 119.456 0 143.652 60.547 0 0.473
67250 6 5 5 1 0.069 0.081 0.255 0.93 0.992 125.776 0 140.292 59.2 0 0.433
67250 7 5 5 1 0.069 0.081 0.255 0.93 0.992 114.914 1 135.086 54.827 0 0.533
67250 8 5 5 1 0.069 0.081 0.255 0.93 0.992 119.13 0 135.738 48.24 0 0.567
67250 9 5 5 1 0.069 0.081 0.255 0.93 0.992 97.697 0 127.208 45.467 0 0.54
67250 10 5 5 1 0.069 0.081 0.255 0.93 0.992 125.088 1 161.004 59.967 0 0.66
67250 1 5 5 1 0.099 0.322 0.239 0.868 0.054 249.124 8885 249.984 10672.987 0 0
67250 2 5 5 1 0.099 0.322 0.239 0.868 0.054 248.849 8560 249.97 10776.12 0 0
67250 3 5 5 1 0.099 0.322 0.239 0.868 0.054 249.906 11306 249.999 12436.14 0 0
67250 4 5 5 1 0.099 0.322 0.239 0.868 0.054 249.739 11011 249.998 12762.2 0 0
67250 5 5 5 1 0.099 0.322 0.239 0.868 0.054 249.61 9591 249.992 10616.867 0 0
67250 6 5 5 1 0.099 0.322 0.239 0.868 0.054 248.196 9723 249.949 12213.147 0 0
67250 7 5 5 1 0.099 0.322 0.239 0.868 0.054 250 11175 250 12352.253 0 0
67250 8 5 5 1 0.099 0.322 0.239 0.868 0.054 248.739 9050 249.954 11465.013 0 0
67250 9 5 5 1 0.099 0.322 0.239 0.868 0.054 245 8522 249.594 10051.68 0 0
67250 10 5 5 1 0.099 0.322 0.239 0.868 0.054 249.739 12328 249.998 13252.78 0 0
67250 1 5 5 1 0.088 0.495 0.315 0.8 0.214 248 9868 249.902 11215.773 0 0
67250 2 5 5 1 0.088 0.495 0.315 0.8 0.214 247.099 7314 249.78 10331.933 0 0
67250 3 5 5 1 0.088 0.495 0.315 0.8 0.214 248.61 8593 249.933 10142.88 0 0
67250 4 5 5 1 0.088 0.495 0.315 0.8 0.214 249.099 8569 249.973 11410.087 0 0
67250 5 5 5 1 0.088 0.495 0.315 0.8 0.214 249.099 7836 249.967 9322.4 0 0
67250 6 5 5 1 0.088 0.495 0.315 0.8 0.214 248.521 8822 249.955 9911.52 0 0
67250 7 5 5 1 0.088 0.495 0.315 0.8 0.214 248 6703 249.902 9737.587 0 0
67250 8 5 5 1 0.088 0.495 0.315 0.8 0.214 248.987 7594 249.892 9546.627 0 0
67250 9 5 5 1 0.088 0.495 0.315 0.8 0.214 244.509 7675 249.479 9511.533 0 0
67250 10 5 5 1 0.088 0.495 0.315 0.8 0.214 248.534 9520 249.91 11108.113 0 0
67250 1 5 5 1 0.113 0.195 0.164 0.765 0.687 27.275 2 35.215 83.82 0 0.027
67250 2 5 5 1 0.113 0.195 0.164 0.765 0.687 42.477 10 52.289 113.153 0 0
67250 3 5 5 1 0.113 0.195 0.164 0.765 0.687 38.602 14 48.097 114.487 0 0
67250 4 5 5 1 0.113 0.195 0.164 0.765 0.687 58.865 4 64.821 155.807 0 0.04
67250 5 5 5 1 0.113 0.195 0.164 0.765 0.687 35.846 17 53.323 131.313 0 0
67250 6 5 5 1 0.113 0.195 0.164 0.765 0.687 44.171 5 53.052 106.813 0 0.04
67250 7 5 5 1 0.113 0.195 0.164 0.765 0.687 57.949 66 71.169 191.333 0 0
67250 8 5 5 1 0.113 0.195 0.164 0.765 0.687 54.143 44 66.784 180.487 0 0
67250 9 5 5 1 0.113 0.195 0.164 0.765 0.687 35.028 5 46.177 78.833 0 0.04
67250 10 5 5 1 0.113 0.195 0.164 0.765 0.687 59.536 5 73.226 121.327 0 0.033
67250 1 5 5 1 0.056 0.129 0.304 0.815 0.968 107.771 0 123.693 35.26 0 0.527
67250 2 5 5 1 0.056 0.129 0.304 0.815 0.968 99.859 0 131.935 44.813 0 0.547
67250 3 5 5 1 0.056 0.129 0.304 0.815 0.968 95.107 0 109.737 47.967 0 0.24
67250 4 5 5 1 0.056 0.129 0.304 0.815 0.968 119.097 0 138.361 35.6 0 0.6
67250 5 5 5 1 0.056 0.129 0.304 0.815 0.968 121.29 0 136.66 50.587 0 0.507
67250 6 5 5 1 0.056 0.129 0.304 0.815 0.968 123.514 1 148.841 53.173 0 0.527
67250 7 5 5 1 0.056 0.129 0.304 0.815 0.968 126.592 0 145.67 65.913 0 0.507
67250 8 5 5 1 0.056 0.129 0.304 0.815 0.968 115.256 0 133.857 44.267 0 0.487
67250 9 5 5 1 0.056 0.129 0.304 0.815 0.968 49.596 0 61.201 7.94 0 0.727
67250 10 5 5 1 0.056 0.129 0.304 0.815 0.968 112.881 1 139.24 57.993 0 0.593
67250 1 5 5 1 0.022 0.266 0.081 0.843 0.69 246.316 5996 249.442 7591.873 0 0
67250 2 5 5 1 0.022 0.266 0.081 0.843 0.69 244.371 5459 248.833 7195.073 0 0
67250 1 3.5 10 1 0.08 0.394 0.027 0.958 0.494 247.463 6000 249.854 6879.34 0 0
67250 2 3.5 10 1 0.08 0.394 0.027 0.958 0.494 248.696 6111 249.85 7426.98 0 0
67250 3 3.5 10 1 0.08 0.394 0.027 0.958 0.494 244.44 6784 249.441 8332.727 0 0
67250 4 3.5 10 1 0.08 0.394 0.027 0.958 0.494 248.578 6230 249.943 7109.867 0 0
67250 5 3.5 10 1 0.08 0.394 0.027 0.958 0.494 248.824 6232 249.923 6936.973 0 0
67250 6 3.5 10 1 0.08 0.394 0.027 0.958 0.494 248.739 5662 249.884 7121.433 0 0
67250 7 3.5 10 1 0.08 0.394 0.027 0.958 0.494 249.026 6608 249.905 7283.247 0 0
67250 8 3.5 10 1 0.08 0.394 0.027 0.958 0.494 248.987 5333 249.925 7154 0 0
67250 9 3.5 10 1 0.08 0.394 0.027 0.958 0.494 248.392 5705 249.838 6862.833 0 0
67250 10 3.5 10 1 0.08 0.394 0.027 0.958 0.494 244.196 5002 248.999 6823.833 0 0
67250 1 3.5 10 1 0.031 0.364 0.161 0.898 0.517 236.108 2628 247.518 5269.967 0 0
67250 2 3.5 10 1 0.031 0.364 0.161 0.898 0.517 234.505 1629 247.379 5017.233 0 0
67250 3 3.5 10 1 0.031 0.364 0.161 0.898 0.517 244.259 3897 248.552 5467.913 0 0
67250 4 3.5 10 1 0.031 0.364 0.161 0.898 0.517 247.229 3852 249.421 5586.66 0 0
67250 5 3.5 10 1 0.031 0.364 0.161 0.898 0.517 245.388 2802 249.152 5705.007 0 0
67250 6 3.5 10 1 0.031 0.364 0.161 0.898 0.517 235.979 2539 248.557 5036.973 0 0
67250 7 3.5 10 1 0.031 0.364 0.161 0.898 0.517 246.557 3444 249.383 5249.66 0 0
67250 8 3.5 10 1 0.031 0.364 0.161 0.898 0.517 239.16 3220 247.875 5194.933 0 0
67250 9 3.5 10 1 0.031 0.364 0.161 0.898 0.517 245.116 3315 248.843 5583.62 0 0
67250 10 3.5 10 1 0.031 0.364 0.161 0.898 0.517 240.998 3364 248.211 5425.093 0 0
67250 1 3.5 10 1 0.082 0.467 0.117 0.942 0.489 244.069 3631 248.91 5906.96 0 0
67250 2 3.5 10 1 0.082 0.467 0.117 0.942 0.489 243.847 4721 249.147 5978.933 0 0
67250 3 3.5 10 1 0.082 0.467 0.117 0.942 0.489 246.183 4786 249.38 6092.407 0 0
67250 4 3.5 10 1 0.082 0.467 0.117 0.942 0.489 245.873 5446 249.418 6927.887 0 0
67250 5 3.5 10 1 0.082 0.467 0.117 0.942 0.489 241.584 4565 249.256 6068.94 0 0
67250 6 3.5 10 1 0.082 0.467 0.117 0.942 0.489 247.068 6376 249.579 7064.66 0 0
67250 7 3.5 10 1 0.082 0.467 0.117 0.942 0.489 244.43 5456 249.591 6289.953 0 0
67250 8 3.5 10 1 0.082 0.467 0.117 0.942 0.489 245.541 4469 249.493 6344.36 0 0
67250 9 3.5 10 1 0.082 0.467 0.117 0.942 0.489 246.392 4874 249.312 6397.68 0 0
67250 10 3.5 10 1 0.082 0.467 0.117 0.942 0.489 243.217 2163 249.194 5580.28 0 0
67250 1 3.5 10 1 0.043 0.04 0.479 0.833 0.604 158.956 0 178.35 46.04 0 0.467
67250 2 3.5 10 1 0.043 0.04 0.479 0.833 0.604 152.831 0 171.776 41.893 0 0.587
67250 3 3.5 10 1 0.043 0.04 0.479 0.833 0.604 147.234 0 171.471 53.513 0 0.58
67250 4 3.5 10 1 0.043 0.04 0.479 0.833 0.604 142.67 0 174.886 42.68 0 0.587
67250 5 3.5 10 1 0.043 0.04 0.479 0.833 0.604 139.853 0 162.907 42.293 0 0.513
67250 6 3.5 10 1 0.043 0.04 0.479 0.833 0.604 140.188 0 156.524 44.253 0 0.467
67250 7 3.5 10 1 0.043 0.04 0.479 0.833 0.604 146.788 0 171.93 34.3 0 0.673
67250 8 3.5 10 1 0.043 0.04 0.479 0.833 0.604 144.275 0 172.781 42.793 0 0.547
67250 9 3.5 10 1 0.043 0.04 0.479 0.833 0.604 133.756 0 148.57 39.28 0 0.527
67250 10 3.5 10 1 0.043 0.04 0.479 0.833 0.604 132.132 1 162.815 48.06 0 0.467
67250 1 3.5 10 1 0.006 0.148 0.228 0.848 0.465 112.135 44 124.858 492.767 0 0
67250 2 3.5 10 1 0.006 0.148 0.228 0.848 0.465 106.643 18 124.942 441.88 0 0
67250 3 3.5 10 1 0.006 0.148 0.228 0.848 0.465 95.875 1 110.229 276.933 0 0.107
67250 4 3.5 10 1 0.006 0.148 0.228 0.848 0.465 115.319 29 126.245 610.407 0 0
67250 5 3.5 10 1 0.006 0.148 0.228 0.848 0.465 130.249 8 139.058 441.16 0 0.04
67250 6 3.5 10 1 0.006 0.148 0.228 0.848 0.465 113.615 79 124.622 580.62 0 0
67250 7 3.5 10 1 0.006 0.148 0.228 0.848 0.465 110.986 49 123.641 373.167 0 0
67250 8 3.5 10 1 0.006 0.148 0.228 0.848 0.465 101.472 4 119.766 388.92 0 0.073
67250 9 3.5 10 1 0.006 0.148 0.228 0.848 0.465 123.534 274 132.889 814.72 0 0
67250 10 3.5 10 1 0.006 0.148 0.228 0.848 0.465 112.374 41 121.365 581.013 0 0
67250 1 3.5 8 0 0.079 0.393 0.439 0.785 0.908 136.372 0 159.097 39.793 0 0.54
67250 2 3.5 8 0 0.079 0.393 0.439 0.785 0.908 136.226 0 157.689 42.68 0 0.687
67250 3 3.5 8 0 0.079 0.393 0.439 0.785 0.908 135.023 0 162.79 41.58 0 0.56
67250 4 3.5 8 0 0.079 0.393 0.439 0.785 0.908 132.486 0 154.727 36.327 0 0.533
67250 5 3.5 8 0 0.079 0.393 0.439 0.785 0.908 115.107 0 151.476 41.227 0 0.58
67250 6 3.5 8 0 0.079 0.393 0.439 0.785 0.908 90.928 0 107.226 27.4 0 0.587
67250 7 3.5 8 0 0.079 0.393 0.439 0.785 0.908 139.721 0 163.23 40.367 0 0.533
67250 8 3.5 8 0 0.079 0.393 0.439 0.785 0.908 137.004 0 152.038 46.027 0 0.447
67250 9 3.5 8 0 0.079 0.393 0.439 0.785 0.908 148.164 0 167.098 43.48 0 0.493
67250 10 3.5 8 0 0.079 0.393 0.439 0.785 0.908 147.259 1 172.934 50.167 0 0.487
67250 1 3.5 8 0 0.118 0.34 0.066 0.812 0.99 125.225 0 154.729 41.513 0 0.533
67250 2 3.5 8 0 0.118 0.34 0.066 0.812 0.99 122.153 2 143.866 34.267 0 0.66
67250 3 3.5 8 0 0.118 0.34 0.066 0.812 0.99 92.807 0 106.533 17.327 0 0.68
67250 4 3.5 8 0 0.118 0.34 0.066 0.812 0.99 0 0 0 0 1 1
67250 5 3.5 8 0 0.118 0.34 0.066 0.812 0.99 99.812 0 124.505 29.933 0 0.427
67250 6 3.5 8 0 0.118 0.34 0.066 0.812 0.99 163.173 0 181.117 40.333 0 0.48
67250 7 3.5 8 0 0.118 0.34 0.066 0.812 0.99 142.936 0 157.98 31.993 0 0.647
67250 8 3.5 8 0 0.118 0.34 0.066 0.812 0.99 147.617 1 160.243 46.047 0 0.513
67250 9 3.5 8 0 0.118 0.34 0.066 0.812 0.99 141.856 0 174.32 48.693 0 0.48
67250 10 3.5 8 0 0.118 0.34 0.066 0.812 0.99 82.665 0 95.949 25.427 0 0.453
67250 1 3.5 8 0 0.067 0.113 0.386 0.768 0.437 147.553 0 171.058 52.787 0 0.473
67250 2 3.5 8 0 0.067 0.113 0.386 0.768 0.437 156.388 0 181.281 52.053 0 0.487
67250 3 3.5 8 0 0.067 0.113 0.386 0.768 0.437 88.333 3 103.801 41.66 0 0.127
67250 4 3.5 8 0 0.067 0.113 0.386 0.768 0.437 167.445 0 190.677 47.14 0 0.553
67250 5 3.5 8 0 0.067 0.113 0.386 0.768 0.437 132.421 0 150.245 34.293 0 0.593
67250 6 3.5 8 0 0.067 0.113 0.386 0.768 0.437 165.059 0 187.78 49.407 0 0.493
67250 7 3.5 8 0 0.067 0.113 0.386 0.768 0.437 137.281 0 160.602 38.687 0 0.573
67250 8 3.5 8 0 0.067 0.113 0.386 0.768 0.437 125.792 0 153.218 34.653 0 0.56
67250 9 3.5 8 0 0.067 0.113 0.386 0.768 0.437 134.456 0 180.106 38.653 0 0.567
67250 10 3.5 8 0 0.067 0.113 0.386 0.768 0.437 136.55 1 162.604 47.633 0 0.487
67250 1 3.5 8 0 0.008 0.364 0.417 0.796 0.902 130.912 0 149.712 47.187 0 0.493
67250 2 3.5 8 0 0.008 0.364 0.417 0.796 0.902 128.007 1 152.985 42.553 0 0.573
67250 3 3.5 8 0 0.008 0.364 0.417 0.796 0.902 150.61 0 169.254 48.933 0 0.44
67250 4 3.5 8 0 0.008 0.364 0.417 0.796 0.902 136.412 0 154.463 46.04 0 0.46
67250 5 3.5 8 0 0.008 0.364 0.417 0.796 0.902 156.938 0 177.356 50.187 0 0.56
67250 6 3.5 8 0 0.008 0.364 0.417 0.796 0.902 140.775 0 172.661 52.473 0 0.44
67250 7 3.5 8 0 0.008 0.364 0.417 0.796 0.902 105.848 0 115.435 27.433 0 0.407
67250 8 3.5 8 0 0.008 0.364 0.417 0.796 0.902 135.989 0 155.342 33.793 0 0.6
67250 9 3.5 8 0 0.008 0.364 0.417 0.796 0.902 150.59 1 171.177 44.387 0 0.513
67250 10 3.5 8 0 0.008 0.364 0.417 0.796 0.902 155.021 0 182.814 41.513 0 0.533
67250 1 3.5 8 0 0.077 0.189 0.417 0.801 0.886 152.595 0 170.976 45.32 0 0.407
67250 2 3.5 8 0 0.077 0.189 0.417 0.801 0.886 129.989 0 150.521 39.533 0 0.487
67250 3 3.5 8 0 0.077 0.189 0.417 0.801 0.886 148.589 0 176.688 46.993 0 0.54
67250 4 3.5 8 0 0.077 0.189 0.417 0.801 0.886 101.961 1 113.359 47.593 0 0.18
67250 5 3.5 8 0 0.077 0.189 0.417 0.801 0.886 136.538 0 162.308 33.18 0 0.6
67250 6 3.5 8 0 0.077 0.189 0.417 0.801 0.886 133.103 0 150.748 33.293 0 0.62
67250 7 3.5 8 0 0.077 0.189 0.417 0.801 0.886 120.456 1 151.459 43.527 0 0.647
67250 8 3.5 8 0 0.077 0.189 0.417 0.801 0.886 149.792 1 171.637 46.4 0 0.54
67250 9 3.5 8 0 0.077 0.189 0.417 0.801 0.886 147.99 0 168.54 45.827 0 0.693
67250 10 3.5 8 0 0.077 0.189 0.417 0.801 0.886 149.216 0 168.901 49.94 0 0.54
67250 1 3.5 8 0 0.118 0.378 0.358 0.775 0.861 145.573 0 162.212 42.267 0 0.453
67250 2 3.5 8 0 0.118 0.378 0.358 0.775 0.861 139.305 1 184.283 48.327 0 0.607
67250 3 3.5 8 0 0.118 0.378 0.358 0.775 0.861 145.33 0 173.586 40.207 0 0.607
67250 4 3.5 8 0 0.118 0.378 0.358 0.775 0.861 136.193 0 165.715 45.593 0 0.66
67250 5 3.5 8 0 0.118 0.378 0.358 0.775 0.861 116.729 0 138.753 32.987 0 0.56
67250 6 3.5 8 0 0.118 0.378 0.358 0.775 0.861 140.87 0 176.144 48.993 0 0.653
67250 7 3.5 8 0 0.118 0.378 0.358 0.775 0.861 143.526 0 166.188 44.647 0 0.573
67250 8 3.5 8 0 0.118 0.378 0.358 0.775 0.861 135.168 0 158.884 36.373 0 0.567
67250 9 3.5 8 0 0.118 0.378 0.358 0.775 0.861 140.596 0 161.777 35.767 0 0.513
67250 10 3.5 8 0 0.118 0.378 0.358 0.775 0.861 145.521 0 162.009 39.067 0 0.54
67250 1 3.5 8 0 0.104 0.444 0.028 0.894 0.657 213.953 59 230.821 2376.593 0 0
67250 2 3.5 8 0 0.104 0.444 0.028 0.894 0.657 212.413 871 231.427 2912.307 0 0
67250 3 3.5 8 0 0.104 0.444 0.028 0.894 0.657 233.548 2345 242.254 3506.173 0 0
67250 4 3.5 8 0 0.104 0.444 0.028 0.894 0.657 222.852 429 241.248 3669.633 0 0
67250 5 3.5 8 0 0.104 0.444 0.028 0.894 0.657 235.367 1813 241.956 2597.62 0 0
67250 6 3.5 8 0 0.104 0.444 0.028 0.894 0.657 228.261 369 240.498 2620.46 0 0
67250 7 3.5 8 0 0.104 0.444 0.028 0.894 0.657 230.97 1220 242.033 3105.073 0 0
67250 8 3.5 8 0 0.104 0.444 0.028 0.894 0.657 213.516 714 233.631 2545.26 0 0
67250 9 3.5 8 0 0.104 0.444 0.028 0.894 0.657 207.957 509 230.048 2381.94 0 0
67250 10 3.5 8 0 0.104 0.444 0.028 0.894 0.657 212.172 399 233.573 2694 0 0
67250 1 3.5 8 0 0.046 0.318 0.127 0.764 0.589 221.376 244 236.627 1996.093 0 0
67250 2 3.5 8 0 0.046 0.318 0.127 0.764 0.589 188.032 88 218.616 1268.76 0 0
67250 3 3.5 8 0 0.046 0.318 0.127 0.764 0.589 198.403 52 221.26 1388.5 0 0
67250 4 3.5 8 0 0.046 0.318 0.127 0.764 0.589 223.047 166 234.782 2116.653 0 0
67250 5 3.5 8 0 0.046 0.318 0.127 0.764 0.589 203.193 146 237.591 2593.4 0 0
67250 1 3.5 7 0 0.097 0.499 0.488 0.961 0.835 157.606 0 175.225 34.907 0 0.607
67250 2 3.5 7 0 0.097 0.499 0.488 0.961 0.835 139.006 1 157.853 35.653 0 0.467
67250 3 3.5 7 0 0.097 0.499 0.488 0.961 0.835 125.981 1 161.939 39.027 0 0.68
67250 4 3.5 7 0 0.097 0.499 0.488 0.961 0.835 87.902 0 101.086 24.253 0 0.62
67250 5 3.5 7 0 0.097 0.499 0.488 0.961 0.835 143.095 0 165.541 47.52 0 0.633
67250 6 3.5 7 0 0.097 0.499 0.488 0.961 0.835 143.651 0 159.323 32.86 0 0.573
67250 7 3.5 7 0 0.097 0.499 0.488 0.961 0.835 129.932 0 155.421 33.42 0 0.56
67250 8 3.5 7 0 0.097 0.499 0.488 0.961 0.835 91.282 0 102.816 23.64 0 0.593
67250 9 3.5 7 0 0.097 0.499 0.488 0.961 0.835 88.031 0 106.92 24.333 0 0.613
67250 10 3.5 7 0 0.097 0.499 0.488 0.961 0.835 148.585 0 159.946 40.347 0 0.527
67250 1 3.5 7 0 0.097 0.237 0.342 0.966 0.563 0 0 0 0 1 1
67250 2 3.5 7 0 0.097 0.237 0.342 0.966 0.563 124.153 1 135.833 38.273 0 0.44
67250 3 3.5 7 0 0.097 0.237 0.342 0.966 0.563 123.836 0 149.705 43.973 0 0.433
67250 4 3.5 7 0 0.097 0.237 0.342 0.966 0.563 99.806 1 116.909 44.513 0 0.38
67250 5 3.5 7 0 0.097 0.237 0.342 0.966 0.563 127.34 0 146.037 37.153 0 0.56
67250 6 3.5 7 0 0.097 0.237 0.342 0.966 0.563 103.593 1 126.568 32.48 0 0.533
67250 7 3.5 7 0 0.097 0.237 0.342 0.966 0.563 120.266 0 131.978 35.58 0 0.46
67250 8 3.5 7 0 0.097 0.237 0.342 0.966 0.563 133.269 0 153.102 45.447 0 0.58
67250 9 3.5 7 0 0.097 0.237 0.342 0.966 0.563 115.901 0 133.003 24.433 0 0.533
67250 10 3.5 7 0 0.097 0.237 0.342 0.966 0.563 133.029 0 163.446 43.5 0 0.493
67250 1 3.5 7 0 0.099 0.326 0.343 0.996 0.491 132.89 0 153.437 40.773 0 0.56
67250 2 3.5 7 0 0.099 0.326 0.343 0.996 0.491 64.169 0 95.656 47.6 0 0.36
67250 3 3.5 7 0 0.099 0.326 0.343 0.996 0.491 131.104 0 160.21 39.867 0 0.56
67250 4 3.5 7 0 0.099 0.326 0.343 0.996 0.491 128.635 0 155.551 41.34 0 0.46
67250 5 3.5 7 0 0.099 0.326 0.343 0.996 0.491 143.705 0 156.142 47.1 0 0.44
67250 6 3.5 7 0 0.099 0.326 0.343 0.996 0.491 133.597 0 152.355 37.6 0 0.467
67250 7 3.5 7 0 0.099 0.326 0.343 0.996 0.491 130.031 1 151.359 48.707 0 0.62
67250 8 3.5 7 0 0.099 0.326 0.343 0.996 0.491 133.196 0 156.068 45.733 0 0.5
67250 9 3.5 7 0 0.099 0.326 0.343 0.996 0.491 0 0 0 0 1 1
67250 10 3.5 7 0 0.099 0.326 0.343 0.996 0.491 129.536 0 142.932 37.9 0 0.5
67250 1 3.5 7 0 0.112 0.374 0.194 0.752 0.947 136.502 1 156.255 36.893 0 0.707
67250 2 3.5 7 0 0.112 0.374 0.194 0.752 0.947 89.282 0 113.307 25.867 0 0.593
67250 3 3.5 7 0 0.112 0.374 0.194 0.752 0.947 134.775 0 167.557 43.72 0 0.5
67250 4 3.5 7 0 0.112 0.374 0.194 0.752 0.947 0 0 0 0 1 1
67250 5 3.5 7 0 0.112 0.374 0.194 0.752 0.947 132.559 0 162.62 44.74 0 0.507
67250 6 3.5 7 0 0.112 0.374 0.194 0.752 0.947 116.364 0 142.559 29.813 0 0.6
67250 7 3.5 7 0 0.112 0.374 0.194 0.752 0.947 143.798 0 165.302 35.92 0 0.527
67250 8 3.5 7 0 0.112 0.374 0.194 0.752 0.947 97.413 0 108.092 23.073 0 0.52
67250 9 3.5 7 0 0.112 0.374 0.194 0.752 0.947 125.996 0 149.52 39.133 0 0.513
67250 10 3.5 7 0 0.112 0.374 0.194 0.752 0.947 129.523 0 153.527 36.253 0 0.547
67250 1 3.5 7 0 0.108 0.091 0.467 0.971 0.31 0 0 0 0 1 1
67250 2 3.5 7 0 0.108 0.091 0.467 0.971 0.31 136.579 0 159.662 41.627 0 0.56
67250 3 3.5 7 0 0.108 0.091 0.467 0.971 0.31 138.508 0 165.458 40.393 0 0.54
67250 4 3.5 7 0 0.108 0.091 0.467 0.971 0.31 113.975 0 141.469 32.967 0 0.56
67250 5 3.5 7 0 0.108 0.091 0.467 0.971 0.31 136.788 0 162.381 48.647 0 0.48
67250 6 3.5 7 0 0.108 0.091 0.467 0.971 0.31 144.482 0 174.621 42.947 0 0.473
67250 7 3.5 7 0 0.108 0.091 0.467 0.971 0.31 84.433 1 96.359 34.84 0 0.327
67250 8 3.5 7 0 0.108 0.091 0.467 0.971 0.31 130.733 0 150.537 43.84 0 0.553
67250 9 3.5 7 0 0.108 0.091 0.467 0.971 0.31 152.62 1 171.323 40.653 0 0.52
67250 10 3.5 7 0 0.108 0.091 0.467 0.971 0.31 143.405 1 164.302 41.46 0 0.587
67250 1 3.5 7 0 0.038 0.361 0.096 0.879 0.37 219.457 1211 241.671 4782.84 0 0
67250 2 3.5 7 0 0.038 0.361 0.096 0.879 0.37 228.896 1223 244.042 5355.867 0 0
67250 3 3.5 7 0 0.038 0.361 0.096 0.879 0.37 240.219 3079 246.914 5759.813 0 0
67250 4 3.5 7 0 0.038 0.361 0.096 0.879 0.37 229.563 834 241.019 3730.033 0 0
67250 5 3.5 7 0 0.038 0.361 0.096 0.879 0.37 225.578 2892 242.577 4361.9 0 0
67250 6 3.5 7 0 0.038 0.361 0.096 0.879 0.37 227.112 2920 244.566 5599.88 0 0
67250 7 3.5 7 0 0.038 0.361 0.096 0.879 0.37 233.147 1385 242.749 4066.233 0 0
67250 8 3.5 7 0 0.038 0.361 0.096 0.879 0.37 227.258 2869 241.271 4769.433 0 0
67250 9 3.5 7 0 0.038 0.361 0.096 0.879 0.37 233.259 2786 244.258 4745.52 0 0
67250 10 3.5 7 0 0.038 0.361 0.096 0.879 0.37 227.419 1204 245.376 5807.713 0 0
67250 1 3.5 7 0 0.105 0.147 0.128 0.927 0.095 236.472 4779 247.261 6392.62 0 0
67250 2 3.5 7 0 0.105 0.147 0.128 0.927 0.095 236.755 4489 246.727 6460.867 0 0
67250 3 3.5 7 0 0.105 0.147 0.128 0.927 0.095 240.469 5253 248.643 6769.913 0 0
67250 4 3.5 7 0 0.105 0.147 0.128 0.927 0.095 222.216 307 242.143 4193.4 0 0
67250 5 3.5 7 0 0.105 0.147 0.128 0.927 0.095 221.707 1090 243.542 4712.74 0 0
67250 6 3.5 7 0 0.105 0.147 0.128 0.927 0.095 219.456 314 240.171 4059.187 0 0
67250 7 3.5 7 0 0.105 0.147 0.128 0.927 0.095 234.614 2668 245.685 5173.827 0 0
67250 8 3.5 7 0 0.105 0.147 0.128 0.927 0.095 242.487 3184 247.474 5081.567 0 0
67250 1 3.5 6 1 0.016 0.369 0.196 0.859 0.178 249.521 8116 249.977 8550.193 0 0
67250 2 3.5 6 1 0.016 0.369 0.196 0.859 0.178 249 5547 249.907 7646.407 0 0
67250 3 3.5 6 1 0.016 0.369 0.196 0.859 0.178 248.384 5757 249.869 7324.573 0 0
67250 4 3.5 6 1 0.016 0.369 0.196 0.859 0.178 249.196 6943 249.962 7945.213 0 0
67250 5 3.5 6 1 0.016 0.369 0.196 0.859 0.178 246 5778 249.651 7467.56 0 0
67250 6 3.5 6 1 0.016 0.369 0.196 0.859 0.178 249.041 6705 249.946 8115.2 0 0
67250 7 3.5 6 1 0.016 0.369 0.196 0.859 0.178 248.936 6536 249.956 7956.427 0 0
67250 8 3.5 6 1 0.016 0.369 0.196 0.859 0.178 248.987 6366 249.883 7982.873 0 0
67250 9 3.5 6 1 0.016 0.369 0.196 0.859 0.178 247.06 5823 249.756 7342.473 0 0
67250 10 3.5 6 1 0.016 0.369 0.196 0.859 0.178 245.001 5514 249.659 7950.453 0 0
67250 1 3.5 6 1 0.029 0.39 0.444 0.882 0.493 41.675 23 46.008 164.2 0 0
67250 2 3.5 6 1 0.029 0.39 0.444 0.882 0.493 36.375 4 46.93 102.42 0 0.04
67250 3 3.5 6 1 0.029 0.39 0.444 0.882 0.493 0 0 0 0 1 1
67250 4 3.5 6 1 0.029 0.39 0.444 0.882 0.493 36.343 30 42.358 128.667 0 0
67250 5 3.5 6 1 0.029 0.39 0.444 0.882 0.493 0 0 0 0 1 1
67250 6 3.5 6 1 0.029 0.39 0.444 0.882 0.493 31.168 14 39.082 104.5 0 0
67250 7 3.5 6 1 0.029 0.39 0.444 0.882 0.493 23.181 3 38.141 64.133 0 0.16
67250 8 3.5 6 1 0.029 0.39 0.444 0.882 0.493 30.474 4 35.846 96.773 0 0.027
67250 9 3.5 6 1 0.029 0.39 0.444 0.882 0.493 31.972 9 38.005 115.707 0 0.007
67250 10 3.5 6 1 0.029 0.39 0.444 0.882 0.493 22.695 1 25.722 43.553 0 0.167
67250 1 3.5 6 1 0.112 0.355 0.08 0.94 0.857 35.708 12 42.685 127.413 0 0
67250 2 3.5 6 1 0.112 0.355 0.08 0.94 0.857 33.83 33 38.237 126.92 0 0
67250 3 3.5 6 1 0.112 0.355 0.08 0.94 0.857 28.095 19 37.037 111.653 0 0
67250 4 3.5 6 1 0.112 0.355 0.08 0.94 0.857 27.404 43 36.69 126.293 0 0
67250 5 3.5 6 1 0.112 0.355 0.08 0.94 0.857 35.12 12 39.915 128.187 0 0
67250 6 3.5 6 1 0.112 0.355 0.08 0.94 0.857 22.234 32 30.514 111.613 0 0
67250 7 3.5 6 1 0.112 0.355 0.08 0.94 0.857 36.445 28 46.422 134.053 0 0
67250 8 3.5 6 1 0.112 0.355 0.08 0.94 0.857 32.002 7 41.274 125.507 0 0.02
67250 9 3.5 6 1 0.112 0.355 0.08 0.94 0.857 32.231 26 37.999 139.027 0 0
67250 10 3.5 6 1 0.112 0.355 0.08 0.94 0.857 34.046 24 39.763 106.94 0 0
67250 1 3.5 6 1 0.033 0.061 0.045 0.988 0.822 0 0 0 0 1 1
67250 2 3.5 6 1 0.033 0.061 0.045 0.988 0.822 40.905 2 54.908 45.813 0 0.107
67250 3 3.5 6 1 0.033 0.061 0.045 0.988 0.822 53.905 0 68.15 20.88 0 0.42
67250 4 3.5 6 1 0.033 0.061 0.045 0.988 0.822 36.547 26 44.576 159.76 0 0
67250 5 3.5 6 1 0.033 0.061 0.045 0.988 0.822 0 0 0 0 1 1
67250 6 3.5 6 1 0.033 0.061 0.045 0.988 0.822 79.018 0 91.704 27.707 0 0.56
67250 7 3.5 6 1 0.033 0.061 0.045 0.988 0.822 14.605 1 27.808 22.687 0 0.3
67250 8 3.5 6 1 0.033 0.061 0.045 0.988 0.822 0 0 0 0 1 1
67250 9 3.5 6 1 0.033 0.061 0.045 0.988 0.822 23.689 1 31.082 25.08 0 0.36
67250 10 3.5 6 1 0.033 0.061 0.045 0.988 0.822 43.179 10 57.858 95.687 0 0
67250 1 3.5 6 1 0.013 0.2 0.305 0.885 0.562 46.073 19 52.093 155.62 0 0
67250 2 3.5 6 1 0.013 0.2 0.305 0.885 0.562 50.402 1 61.448 78.12 0 0.113
67250 3 3.5 6 1 0.013 0.2 0.305 0.885 0.562 48.297 13 57.03 151.267 0 0
67250 4 3.5 6 1 0.013 0.2 0.305 0.885 0.562 32.123 3 42.525 116.467 0 0.08
67250 5 3.5 6 1 0.013 0.2 0.305 0.885 0.562 32.921 25 38.532 130.24 0 0
67250 6 3.5 6 1 0.013 0.2 0.305 0.885 0.562 30.963 6 49.163 59.507 0 0.053
67250 7 3.5 6 1 0.013 0.2 0.305 0.885 0.562 0 0 0 0 1 1
67250 8 3.5 6 1 0.013 0.2 0.305 0.885 0.562 0 0 0 0 1 1
67250 9 3.5 6 1 0.013 0.2 0.305 0.885 0.562 28.843 12 33.638 105.387 0 0
67250 10 3.5 6 1 0.013 0.2 0.305 0.885 0.562 30.217 3 38.46 84.48 0 0.12
67250 1 3.5 6 1 0.042 0.422 0.188 0.817 0.207 248.383 6660 249.871 7536.813 0 0
67250 2 3.5 6 1 0.042 0.422 0.188 0.817 0.207 248.854 7008 249.941 7840.413 0 0
67250 3 3.5 6 1 0.042 0.422 0.188 0.817 0.207 248 6879 249.889 7991.533 0 0
67250 4 3.5 6 1 0.042 0.422 0.188 0.817 0.207 247.021 6538 249.743 7566.253 0 0
67250 5 3.5 6 1 0.042 0.422 0.188 0.817 0.207 249.43 6986 249.961 8074.027 0 0
67250 1 4.5 8 0 0.043 0.057 0.01 0.967 0.398 196.06 3002 211.219 3954.927 0 0
67250 2 4.5 8 0 0.043 0.057 0.01 0.967 0.398 218.569 1526 242.053 5722.6 0 0
67250 3 4.5 8 0 0.043 0.057 0.01 0.967 0.398 221.988 2150 234.207 3697.867 0 0
67250 4 4.5 8 0 0.043 0.057 0.01 0.967 0.398 235.651 1160 242.227 4603.907 0 0
67250 5 4.5 8 0 0.043 0.057 0.01 0.967 0.398 230.529 2182 239 3308.813 0 0
67250 6 4.5 8 0 0.043 0.057 0.01 0.967 0.398 221.246 2697 239.791 4663.5 0 0
67250 7 4.5 8 0 0.043 0.057 0.01 0.967 0.398 198.011 97 223.184 2423.513 0 0
67250 8 4.5 8 0 0.043 0.057 0.01 0.967 0.398 232.673 1589 243.781 5512.88 0 0
67250 9 4.5 8 0 0.043 0.057 0.01 0.967 0.398 228.155 3052 242.624 5878.82 0 0
67250 10 4.5 8 0 0.043 0.057 0.01 0.967 0.398 225.869 3078 242.337 5270.44 0 0
67250 1 4.5 8 0 0.113 0.144 0.487 0.772 0.276 148.141 0 184.509 57.193 0 0.567
67250 2 4.5 8 0 0.113 0.144 0.487 0.772 0.276 123.58 0 154.256 48.827 0 0.633
67250 3 4.5 8 0 0.113 0.144 0.487 0.772 0.276 123.428 0 144.322 41.28 0 0.647
67250 4 4.5 8 0 0.113 0.144 0.487 0.772 0.276 138.977 1 156.231 50.513 0 0.527
67250 5 4.5 8 0 0.113 0.144 0.487 0.772 0.276 128.614 0 145.402 41.02 0 0.587
67250 6 4.5 8 0 0.113 0.144 0.487 0.772 0.276 138.012 0 153.078 49.587 0 0.467
67250 7 4.5 8 0 0.113 0.144 0.487 0.772 0.276 129.124 1 149.263 40.927 0 0.56
67250 8 4.5 8 0 0.113 0.144 0.487 0.772 0.276 143.606 0 167.447 43.473 0 0.567
67250 9 4.5 8 0 0.113 0.144 0.487 0.772 0.276 135.411 0 159.4 51.087 0 0.553
67250 10 4.5 8 0 0.113 0.144 0.487 0.772 0.276 144 2 162.482 50.2 0 0.553
67250 1 4.5 8 0 0.01 0.208 0.098 0.992 0.419 211.637 309 232.6 2298.44 0 0
67250 2 4.5 8 0 0.01 0.208 0.098 0.992 0.419 189.003 90 222.616 1506.573 0 0
67250 3 4.5 8 0 0.01 0.208 0.098 0.992 0.419 204.194 8 227.053 1076.647 0 0.033
67250 4 4.5 8 0 0.01 0.208 0.098 0.992 0.419 217.472 104 236.523 2189.613 0 0
67250 5 4.5 8 0 0.01 0.208 0.098 0.992 0.419 215.978 336 237.225 2537.413 0 0
67250 6 4.5 8 0 0.01 0.208 0.098 0.992 0.419 183.175 64 222.491 2109.727 0 0
67250 7 4.5 8 0 0.01 0.208 0.098 0.992 0.419 206.615 134 231.569 3430.233 0 0
67250 8 4.5 8 0 0.01 0.208 0.098 0.992 0.419 194.455 35 217.803 2465.033 0 0
67250 9 4.5 8 0 0.01 0.208 0.098 0.992 0.419 184.145 56 222.418 2464.427 0 0
67250 10 4.5 8 0 0.01 0.208 0.098 0.992 0.419 197.047 77 229.108 2841.993 0 0
67250 1 4.5 8 0 0.008 0.446 0.489 0.76 0.197 170.038 13 216.239 1012.947 0 0
67250 2 4.5 8 0 0.008 0.446 0.489 0.76 0.197 171.804 2 190.97 506.033 0 0.153
67250 3 4.5 8 0 0.008 0.446 0.489 0.76 0.197 176.525 17 194.33 600.38 0 0
67250 4 4.5 8 0 0.008 0.446 0.489 0.76 0.197 184.079 11 202.981 889.127 0 0
67250 5 4.5 8 0 0.008 0.446 0.489 0.76 0.197 131.154 3 166.171 326.853 0 0.14
67250 6 4.5 8 0 0.008 0.446 0.489 0.76 0.197 136.817 60 185.624 1039.607 0 0
67250 7 4.5 8 0 0.008 0.446 0.489 0.76 0.197 150.197 11 185.742 667.253 0 0
67250 8 4.5 8 0 0.008 0.446 0.489 0.76 0.197 181.099 120 202.255 912.553 0 0
67250 9 4.5 8 0 0.008 0.446 0.489 0.76 0.197 170.261 20 189.555 613.793 0 0
67250 10 4.5 8 0 0.008 0.446 0.489 0.76 0.197 175.139 5 201.546 548.193 0 0.133
67250 1 4.5 8 0 0.049 0.006 0.364 0.87 0.795 131.766 0 160.34 52.173 0 0.567
67250 2 4.5 8 0 0.049 0.006 0.364 0.87 0.795 136.426 0 157.311 50.02 0 0.467
67250 3 4.5 8 0 0.049 0.006 0.364 0.87 0.795 145.674 0 176.394 53.487 0 0.473
67250 4 4.5 8 0 0.049 0.006 0.364 0.87 0.795 138.598 1 160.941 43.08 0 0.593
67250 5 4.5 8 0 0.049 0.006 0.364 0.87 0.795 132.384 0 154.318 45.707 0 0.467
67250 6 4.5 8 0 0.049 0.006 0.364 0.87 0.795 127.675 0 153.526 52.82 0 0.573
67250 7 4.5 8 0 0.049 0.006 0.364 0.87 0.795 146.174 1 171.957 49.24 0 0.593
67250 8 4.5 8 0 0.049 0.006 0.364 0.87 0.795 139.85 0 163.592 42.227 0 0.533
67250 9 4.5 8 0 0.049 0.006 0.364 0.87 0.795 145.458 0 164.54 44.78 0 0.553
67250 10 4.5 8 0 0.049 0.006 0.364 0.87 0.795 120.622 0 146.829 36.32 0 0.527
67250 1 4.5 8 0 0.102 0.463 0.015 0.888 0.321 242 6433 248.01 9001.113 0 0
67250 2 4.5 8 0 0.102 0.463 0.015 0.888 0.321 238.729 5614 247.803 9144.693 0 0
67250 3 4.5 8 0 0.102 0.463 0.015 0.888 0.321 240.83 3684 248.689 8426.187 0 0
67250 4 4.5 8 0 0.102 0.463 0.015 0.888 0.321 237.803 4103 246.992 7956.267 0 0
67250 5 4.5 8 0 0.102 0.463 0.015 0.888 0.321 237 4619 247.448 8026.033 0 0
67250 6 4.5 8 0 0.102 0.463 0.015 0.888 0.321 239.05 6476 248.399 9197.84 0 0
67250 7 4.5 8 0 0.102 0.463 0.015 0.888 0.321 239.061 7888 248.217 9511.127 0 0
67250 8 4.5 8 0 0.102 0.463 0.015 0.888 0.321 244.123 5301 248.265 7846.16 0 0
67250 9 4.5 8 0 0.102 0.463 0.015 0.888 0.321 238.655 4773 245.394 6926.46 0 0
67250 10 4.5 8 0 0.102 0.463 0.015 0.888 0.321 247.244 4797 249.815 9622.127 0 0
67250 1 4.5 8 0 0.057 0.341 0.386 0.82 0.811 136.127 0 148.108 48.08 0 0.507
67250 2 4.5 8 0 0.057 0.341 0.386 0.82 0.811 118.208 0 145.378 50.9 0 0.42
67250 1 4 5 1 0.054 0.402 0.352 0.867 0.191 248 6584 249.774 7793.327 0 0
67250 2 4 5 1 0.054 0.402 0.352 0.867 0.191 248.392 7088 249.929 8504.893 0 0
67250 3 4 5 1 0.054 0.402 0.352 0.867 0.191 249 5538 249.883 7422.347 0 0
67250 4 4 5 1 0.054 0.402 0.352 0.867 0.191 247.296 6673 249.845 8005.32 0 0
67250 5 4 5 1 0.054 0.402 0.352 0.867 0.191 247.801 6172 249.778 7646.98 0 0
67250 6 4 5 1 0.054 0.402 0.352 0.867 0.191 248.244 6155 249.812 7616.12 0 0
67250 7 4 5 1 0.054 0.402 0.352 0.867 0.191 248 5823 249.633 7621.193 0 0
67250 8 4 5 1 0.054 0.402 0.352 0.867 0.191 246.893 6722 249.602 7929.527 0 0
67250 9 4 5 1 0.054 0.402 0.352 0.867 0.191 246.392 4631 249.605 7386.68 0 0
67250 10 4 5 1 0.054 0.402 0.352 0.867 0.191 247.845 5315 249.771 7737.36 0 0
67250 1 4 5 1 0.032 0.216 0.284 0.855 0.818 80.103 0 92.478 19.553 0 0.64
67250 2 4 5 1 0.032 0.216 0.284 0.855 0.818 122.021 0 141.353 39.107 0 0.4
67250 3 4 5 1 0.032 0.216 0.284 0.855 0.818 126.891 0 144.732 35.787 0 0.513
67250 4 4 5 1 0.032 0.216 0.284 0.855 0.818 123.252 0 140.29 41.52 0 0.493
67250 5 4 5 1 0.032 0.216 0.284 0.855 0.818 91.158 1 107.69 24.68 0 0.62
67250 6 4 5 1 0.032 0.216 0.284 0.855 0.818 123.028 0 152.492 51.44 0 0.6
67250 7 4 5 1 0.032 0.216 0.284 0.855 0.818 130.813 0 151.902 47.3 0 0.607
67250 8 4 5 1 0.032 0.216 0.284 0.855 0.818 128.427 0 150.7 41.313 0 0.667
67250 9 4 5 1 0.032 0.216 0.284 0.855 0.818 121.396 1 144.201 39.473 0 0.513
67250 10 4 5 1 0.032 0.216 0.284 0.855 0.818 120.833 1 146.227 58.693 0 0.447
67250 1 4 5 1 0.111 0.349 0.096 0.869 0.069 249.099 8160 249.981 8886.48 0 0
67250 2 4 5 1 0.111 0.349 0.096 0.869 0.069 249.987 9279 250 10092.713 0 0
67250 3 4 5 1 0.111 0.349 0.096 0.869 0.069 249.43 7728 249.984 8171.407 0 0
67250 4 4 5 1 0.111 0.349 0.096 0.869 0.069 249.906 9500 249.999 10291.92 0 0
67250 5 4 5 1 0.111 0.349 0.096 0.869 0.069 249.565 9762 249.996 10340.867 0 0
67250 6 4 5 1 0.111 0.349 0.096 0.869 0.069 249 9206 249.978 10017.147 0 0
67250 7 4 5 1 0.111 0.349 0.096 0.869 0.069 249.521 9558 249.99 10313.98 0 0
67250 8 4 5 1 0.111 0.349 0.096 0.869 0.069 249 9203 249.986 10204.993 0 0
67250 9 4 5 1 0.111 0.349 0.096 0.869 0.069 249.61 9012 249.993 10333.467 0 0
67250 10 4 5 1 0.111 0.349 0.096 0.869 0.069 249.782 9390 249.995 10089.8 0 0
67250 1 4 5 1 0.002 0.276 0.401 0.789 0.033 248.947 8225 249.971 9223.347 0 0
67250 2 4 5 1 0.002 0.276 0.401 0.789 0.033 248.29 7321 249.922 8956.647 0 0
67250 3 4 5 1 0.002 0.276 0.401 0.789 0.033 249.295 5838 249.958 7557.073 0 0
67250 4 4 5 1 0.002 0.276 0.401 0.789 0.033 249.217 9640 249.989 10146.027 0 0
