97250 1 15 6 1 0.106 0.395 0.242 0.845 0.08 247.118 2679 249.208 3498.227 0 0
97250 2 15 6 1 0.106 0.395 0.242 0.845 0.08 246.661 2677 249.124 3484.867 0 0
97250 3 15 6 1 0.106 0.395 0.242 0.845 0.08 247.027 2752 249.056 3231.62 0 0
97250 4 15 6 1 0.106 0.395 0.242 0.845 0.08 246.54 2431 248.959 2964.693 0 0
97250 5 15 6 1 0.106 0.395 0.242 0.845 0.08 245.618 2558 248.965 3379.84 0 0
97250 6 15 6 1 0.106 0.395 0.242 0.845 0.08 246.8 2904 249.105 3443.393 0 0
97250 7 15 6 1 0.106 0.395 0.242 0.845 0.08 245.9 2502 248.88 3208.453 0 0
97250 8 15 6 1 0.106 0.395 0.242 0.845 0.08 246.091 2294 248.909 3417.813 0 0
97250 9 15 6 1 0.106 0.395 0.242 0.845 0.08 246.259 2556 249.045 3415.82 0 0
97250 10 15 6 1 0.106 0.395 0.242 0.845 0.08 245.542 2369 248.666 3038.68 0 0
97250 1 15 6 1 0.054 0.31 0.497 0.837 0.861 14.829 13 21.261 116.787 0 0
97250 2 15 6 1 0.054 0.31 0.497 0.837 0.861 13.136 14 15.602 91.62 0 0
97250 3 15 6 1 0.054 0.31 0.497 0.837 0.861 10.43 13 15.497 107.36 0 0
97250 4 15 6 1 0.054 0.31 0.497 0.837 0.861 10.649 16 15.705 83.833 0 0
97250 5 15 6 1 0.054 0.31 0.497 0.837 0.861 10.22 21 14.179 98.007 0 0
97250 6 15 6 1 0.054 0.31 0.497 0.837 0.861 3.277 12 7.948 83.033 0.16 0
97250 7 15 6 1 0.054 0.31 0.497 0.837 0.861 17.211 12 20.233 86.807 0 0
97250 8 15 6 1 0.054 0.31 0.497 0.837 0.861 6.877 18 11.093 95.487 0 0
97250 9 15 6 1 0.054 0.31 0.497 0.837 0.861 18.041 17 21.882 83.147 0 0
97250 10 15 6 1 0.054 0.31 0.497 0.837 0.861 13.039 14 15.897 96.927 0 0
97250 1 15 6 1 0.062 0.171 0.03 0.992 0.999 8.536 17 13.509 101.473 0 0
97250 2 15 6 1 0.062 0.171 0.03 0.992 0.999 17.032 6 22.476 114.353 0 0.067
97250 3 15 6 1 0.062 0.171 0.03 0.992 0.999 12.071 9 18.445 95.153 0 0.013
97250 4 15 6 1 0.062 0.171 0.03 0.992 0.999 10.508 11 13.392 85.267 0 0
97250 5 15 6 1 0.062 0.171 0.03 0.992 0.999 2.176 15 4.933 66.947 0.42 0
97250 6 15 6 1 0.062 0.171 0.03 0.992 0.999 4.442 25 7.84 87.293 0.047 0
97250 7 15 6 1 0.062 0.171 0.03 0.992 0.999 7.468 6 10.797 81.007 0 0.073
97250 8 15 6 1 0.062 0.171 0.03 0.992 0.999 0 0 0 0 1 1
97250 9 15 6 1 0.062 0.171 0.03 0.992 0.999 9.087 13 16.076 93.927 0 0
97250 10 15 6 1 0.062 0.171 0.03 0.992 0.999 2.038 12 5.721 69.613 0.28 0
97250 1 15 6 1 0.036 0.358 0.341 0.777 0.469 5.844 39 9.236 113.733 0 0
97250 2 15 6 1 0.036 0.358 0.341 0.777 0.469 3.779 45 7.694 103.94 0.133 0
97250 3 15 6 1 0.036 0.358 0.341 0.777 0.469 7.591 48 11.579 128.533 0 0
97250 4 15 6 1 0.036 0.358 0.341 0.777 0.469 5.244 21 11.068 114.88 0 0
97250 5 15 6 1 0.036 0.358 0.341 0.777 0.469 4.572 53 7.617 110.927 0.02 0
97250 6 15 6 1 0.036 0.358 0.341 0.777 0.469 5.529 35 10.251 115.787 0 0
97250 7 15 6 1 0.036 0.358 0.341 0.777 0.469 4.439 36 9.703 110.027 0.033 0
97250 8 15 6 1 0.036 0.358 0.341 0.777 0.469 9.258 39 14.114 122.46 0 0
97250 9 15 6 1 0.036 0.358 0.341 0.777 0.469 7.131 36 11.001 118.453 0 0
97250 10 15 6 1 0.036 0.358 0.341 0.777 0.469 4.296 53 10.133 119.073 0.04 0
97250 1 15 6 1 0.032 0.245 0.365 0.859 0.025 244.388 1831 247.921 2338.96 0 0
97250 2 15 6 1 0.032 0.245 0.365 0.859 0.025 243.768 1818 247.909 2408.453 0 0
97250 3 15 6 1 0.032 0.245 0.365 0.859 0.025 243.207 1875 247.698 2429.613 0 0
97250 4 15 6 1 0.032 0.245 0.365 0.859 0.025 243.867 1436 247.443 2159.787 0 0
97250 5 15 6 1 0.032 0.245 0.365 0.859 0.025 243.326 1700 247.624 2228.4 0 0
97250 6 15 6 1 0.032 0.245 0.365 0.859 0.025 244.036 1860 247.339 2302.32 0 0
97250 7 15 6 1 0.032 0.245 0.365 0.859 0.025 242.445 1579 247.46 2241.133 0 0
97250 8 15 6 1 0.032 0.245 0.365 0.859 0.025 243.96 1765 247.539 2319.287 0 0
97250 9 15 6 1 0.032 0.245 0.365 0.859 0.025 243.989 1567 247.307 2259.867 0 0
97250 10 15 6 1 0.032 0.245 0.365 0.859 0.025 243.382 1827 248.25 2478.487 0 0
97250 1 15 6 1 0.056 0.253 0.497 0.824 0.78 9.053 11 13.956 98.38 0 0
97250 2 15 6 1 0.056 0.253 0.497 0.824 0.78 17.642 13 22.357 100.813 0 0
97250 3 15 6 1 0.056 0.253 0.497 0.824 0.78 20.875 16 25.877 113.547 0 0
97250 4 15 6 1 0.056 0.253 0.497 0.824 0.78 3.029 20 7.249 90.273 0.233 0
97250 5 15 6 1 0.056 0.253 0.497 0.824 0.78 6.736 10 11.058 84.987 0 0
97250 6 15 6 1 0.056 0.253 0.497 0.824 0.78 13.683 17 17.899 110.44 0 0
97250 7 15 6 1 0.056 0.253 0.497 0.824 0.78 12.508 14 18.024 88.227 0 0
97250 8 15 6 1 0.056 0.253 0.497 0.824 0.78 8.543 23 11.476 77.44 0 0
97250 9 15 6 1 0.056 0.253 0.497 0.824 0.78 12.955 6 19.81 97.807 0 0.033
97250 10 15 6 1 0.056 0.253 0.497 0.824 0.78 16.631 18 19.336 95.813 0 0
97250 1 15 6 1 0.039 0.387 0.256 0.874 0.102 241.29 1679 247.607 2238.04 0 0
97250 2 15 6 1 0.039 0.387 0.256 0.874 0.102 241.444 1882 247.362 2331.213 0 0
97250 3 15 6 1 0.039 0.387 0.256 0.874 0.102 243.082 1776 246.732 2273.507 0 0
97250 4 15 6 1 0.039 0.387 0.256 0.874 0.102 242.417 1694 247.429 2239.727 0 0
97250 5 15 6 1 0.039 0.387 0.256 0.874 0.102 244.445 1723 247.722 2274.073 0 0
97250 6 15 6 1 0.039 0.387 0.256 0.874 0.102 244.852 1791 248.279 2422.307 0 0
97250 7 15 6 1 0.039 0.387 0.256 0.874 0.102 241.36 1589 246.902 2310.433 0 0
97250 8 15 6 1 0.039 0.387 0.256 0.874 0.102 241.39 1425 246.63 2133.947 0 0
97250 1 20 9 0 0.087 0.262 0.084 0.85 0.102 247.828 5109 249.847 6993.04 0 0
97250 2 20 9 0 0.087 0.262 0.084 0.85 0.102 248.762 5697 249.91 7215.107 0 0
97250 3 20 9 0 0.087 0.262 0.084 0.85 0.102 248.997 6001 249.876 7181.04 0 0
97250 4 20 9 0 0.087 0.262 0.084 0.85 0.102 248.823 5055 249.849 6782.213 0 0
97250 5 20 9 0 0.087 0.262 0.084 0.85 0.102 248.506 5706 249.853 6831.093 0 0
97250 6 20 9 0 0.087 0.262 0.084 0.85 0.102 249.166 6082 249.882 7194.64 0 0
97250 7 20 9 0 0.087 0.262 0.084 0.85 0.102 248.401 5634 249.848 6875.153 0 0
97250 8 20 9 0 0.087 0.262 0.084 0.85 0.102 248.809 5558 249.87 6663.02 0 0
97250 9 20 9 0 0.087 0.262 0.084 0.85 0.102 248.643 5025 249.842 6172.773 0 0
97250 10 20 9 0 0.087 0.262 0.084 0.85 0.102 248.676 6167 249.834 6973.853 0 0
97250 1 20 9 0 0.065 0.014 0.213 0.786 0.71 11.866 15 17.701 82.413 0 0
97250 2 20 9 0 0.065 0.014 0.213 0.786 0.71 20.298 11 29.102 133.193 0 0
97250 3 20 9 0 0.065 0.014 0.213 0.786 0.71 6.602 12 11.346 91.04 0 0
97250 4 20 9 0 0.065 0.014 0.213 0.786 0.71 20.413 9 28.336 104.86 0 0.013
97250 5 20 9 0 0.065 0.014 0.213 0.786 0.71 16.979 14 21.785 136.7 0 0
97250 6 20 9 0 0.065 0.014 0.213 0.786 0.71 4.099 8 9.529 81.84 0.053 0.007
97250 7 20 9 0 0.065 0.014 0.213 0.786 0.71 16.883 13 22.177 122.86 0 0
97250 8 20 9 0 0.065 0.014 0.213 0.786 0.71 18.322 10 23.18 113.253 0 0
97250 9 20 9 0 0.065 0.014 0.213 0.786 0.71 18.423 10 23.104 103.42 0 0
97250 10 20 9 0 0.065 0.014 0.213 0.786 0.71 18.551 12 22.217 108.947 0 0
97250 1 20 9 0 0.069 0.007 0.432 0.832 0.251 36.991 12 43.472 164.14 0 0
97250 2 20 9 0 0.069 0.007 0.432 0.832 0.251 18.676 8 24.941 110.927 0 0.02
97250 3 20 9 0 0.069 0.007 0.432 0.832 0.251 10.826 10 17.962 106.853 0 0
97250 4 20 9 0 0.069 0.007 0.432 0.832 0.251 18.762 2 24.805 114.22 0 0.193
97250 5 20 9 0 0.069 0.007 0.432 0.832 0.251 17.277 11 23.255 97.08 0 0
97250 6 20 9 0 0.069 0.007 0.432 0.832 0.251 15.425 12 21.737 127.64 0 0
97250 7 20 9 0 0.069 0.007 0.432 0.832 0.251 18.831 10 24.637 117.107 0 0
97250 8 20 9 0 0.069 0.007 0.432 0.832 0.251 9.216 7 19.099 94.06 0 0.047
97250 9 20 9 0 0.069 0.007 0.432 0.832 0.251 25.631 7 31.897 125.767 0 0.027
97250 10 20 9 0 0.069 0.007 0.432 0.832 0.251 24.805 8 39.78 164.827 0 0.047
97250 1 20 9 0 0.109 0.189 0.228 0.976 0.238 142.385 94 169.607 781.62 0 0
97250 2 20 9 0 0.109 0.189 0.228 0.976 0.238 57.994 53 65.997 372.46 0 0
97250 3 20 9 0 0.109 0.189 0.228 0.976 0.238 142.005 189 159.082 1014.313 0 0
97250 4 20 9 0 0.109 0.189 0.228 0.976 0.238 121.12 101 151.637 541.28 0 0
97250 5 20 9 0 0.109 0.189 0.228 0.976 0.238 178.95 45 194.241 1147.473 0 0
97250 6 20 9 0 0.109 0.189 0.228 0.976 0.238 60.296 113 73.43 391.2 0 0
97250 7 20 9 0 0.109 0.189 0.228 0.976 0.238 133.864 215 145.371 815.827 0 0
97250 8 20 9 0 0.109 0.189 0.228 0.976 0.238 187.606 43 197.845 1018.947 0 0
97250 9 20 9 0 0.109 0.189 0.228 0.976 0.238 116.972 479 145.652 958.36 0 0
97250 10 20 9 0 0.109 0.189 0.228 0.976 0.238 163.851 86 184.729 1060.433 0 0
97250 1 20 9 0 0.05 0.227 0.099 0.774 0.623 15.86 11 19.707 133.14 0 0
97250 2 20 9 0 0.05 0.227 0.099 0.774 0.623 8.557 45 12.714 131.347 0 0
97250 3 20 9 0 0.05 0.227 0.099 0.774 0.623 12.179 15 20.527 153.26 0 0
97250 4 20 9 0 0.05 0.227 0.099 0.774 0.623 0 0 0 0 1 1
97250 5 20 9 0 0.05 0.227 0.099 0.774 0.623 8.904 40 13.836 115.32 0 0
97250 6 20 9 0 0.05 0.227 0.099 0.774 0.623 9.294 36 17.38 155.08 0 0
97250 7 20 9 0 0.05 0.227 0.099 0.774 0.623 8.208 13 13.618 134.913 0 0
97250 8 20 9 0 0.05 0.227 0.099 0.774 0.623 11.602 25 17.16 162.513 0 0
97250 9 20 9 0 0.05 0.227 0.099 0.774 0.623 8.233 27 11.417 119.333 0 0
97250 10 20 9 0 0.05 0.227 0.099 0.774 0.623 0 0 0 0 1 1
97250 1 20 9 0 0.017 0.21 0.007 0.777 0.998 21.739 17 26.346 108.26 0 0
97250 2 20 9 0 0.017 0.21 0.007 0.777 0.998 19.018 5 24.213 111.413 0 0.073
97250 3 20 9 0 0.017 0.21 0.007 0.777 0.998 17.933 7 25.481 103.56 0 0.053
97250 4 20 9 0 0.017 0.21 0.007 0.777 0.998 15.184 7 19.078 113.273 0 0.033
97250 5 20 9 0 0.017 0.21 0.007 0.777 0.998 15.693 7 24.229 117.46 0 0.04
97250 1 17 7 0 0.054 0.196 0.423 0.833 0.614 13.752 10 19.288 96.107 0 0
97250 2 17 7 0 0.054 0.196 0.423 0.833 0.614 11.862 16 16.825 108.013 0 0
97250 3 17 7 0 0.054 0.196 0.423 0.833 0.614 11.18 16 16.137 84.507 0 0
97250 4 17 7 0 0.054 0.196 0.423 0.833 0.614 18.435 14 23.092 101.647 0 0
97250 5 17 7 0 0.054 0.196 0.423 0.833 0.614 16.563 6 24.235 113.793 0 0.033
97250 6 17 7 0 0.054 0.196 0.423 0.833 0.614 13.013 13 16.286 92.267 0 0
97250 7 17 7 0 0.054 0.196 0.423 0.833 0.614 7.27 18 12.169 97.1 0 0
97250 8 17 7 0 0.054 0.196 0.423 0.833 0.614 21.847 13 25.392 111.113 0 0
97250 9 17 7 0 0.054 0.196 0.423 0.833 0.614 17.111 9 20.887 95.8 0 0.007
97250 10 17 7 0 0.054 0.196 0.423 0.833 0.614 23.528 10 28.35 109.247 0 0
97250 1 17 7 0 0.071 0.253 0.333 0.855 0.009 247.236 3847 249.644 4929.233 0 0
97250 2 17 7 0 0.071 0.253 0.333 0.855 0.009 248.287 3967 249.725 5356.48 0 0
97250 3 17 7 0 0.071 0.253 0.333 0.855 0.009 247.582 3703 249.612 4757.707 0 0
97250 4 17 7 0 0.071 0.253 0.333 0.855 0.009 248.075 3917 249.705 5445.613 0 0
97250 5 17 7 0 0.071 0.253 0.333 0.855 0.009 248.098 4290 249.741 5519.227 0 0
97250 6 17 7 0 0.071 0.253 0.333 0.855 0.009 247.292 4233 249.664 5346.427 0 0
97250 7 17 7 0 0.071 0.253 0.333 0.855 0.009 248.29 4326 249.75 5348.813 0 0
97250 8 17 7 0 0.071 0.253 0.333 0.855 0.009 248.254 3921 249.687 5027.34 0 0
97250 9 17 7 0 0.071 0.253 0.333 0.855 0.009 248.156 3846 249.654 4989.533 0 0
97250 10 17 7 0 0.071 0.253 0.333 0.855 0.009 248.585 4225 249.779 5702.38 0 0
97250 1 17 7 0 0.09 0.479 0.153 0.991 0.764 1.39 16 4.091 56.567 0.807 0
97250 2 17 7 0 0.09 0.479 0.153 0.991 0.764 0 0 0 0 1 1
97250 3 17 7 0 0.09 0.479 0.153 0.991 0.764 0 0 0 0 1 1
97250 4 17 7 0 0.09 0.479 0.153 0.991 0.764 5.83 9 10.363 78.393 0 0.013
97250 5 17 7 0 0.09 0.479 0.153 0.991 0.764 0.991 9 4.176 53.847 0.7 0.013
97250 6 17 7 0 0.09 0.479 0.153 0.991 0.764 1.83 18 4.987 72.06 0.62 0
97250 7 17 7 0 0.09 0.479 0.153 0.991 0.764 3.422 10 8.19 81.667 0.08 0
97250 8 17 7 0 0.09 0.479 0.153 0.991 0.764 3.921 10 7.311 70.12 0.093 0
97250 9 17 7 0 0.09 0.479 0.153 0.991 0.764 1.492 22 6.718 74.16 0.147 0
97250 10 17 7 0 0.09 0.479 0.153 0.991 0.764 1.033 17 3.242 51.207 0.853 0
97250 1 17 7 0 0.088 0.21 0.329 0.949 0.342 12.097 9 18.299 134.8 0 0.007
97250 2 17 7 0 0.088 0.21 0.329 0.949 0.342 16.418 34 21.539 130.853 0 0
97250 3 17 7 0 0.088 0.21 0.329 0.949 0.342 17.554 17 22.777 150.12 0 0
97250 4 17 7 0 0.088 0.21 0.329 0.949 0.342 14.075 15 20.745 127.413 0 0
97250 5 17 7 0 0.088 0.21 0.329 0.949 0.342 0 0 0 0 1 1
97250 6 17 7 0 0.088 0.21 0.329 0.949 0.342 19.932 11 26.564 153.513 0 0
97250 7 17 7 0 0.088 0.21 0.329 0.949 0.342 21.544 17 29.727 161.48 0 0
97250 8 17 7 0 0.088 0.21 0.329 0.949 0.342 14.042 19 18.447 128.747 0 0
97250 9 17 7 0 0.088 0.21 0.329 0.949 0.342 17.308 12 22.015 115.533 0 0
97250 10 17 7 0 0.088 0.21 0.329 0.949 0.342 13.501 20 22.158 148.247 0 0
97250 1 17 7 0 0.054 0.034 0.066 0.841 0.094 240.911 1771 247.653 2868.347 0 0
97250 2 17 7 0 0.054 0.034 0.066 0.841 0.094 239.987 984 246.928 2733.267 0 0
97250 3 17 7 0 0.054 0.034 0.066 0.841 0.094 238.618 1307 246.888 2488.653 0 0
97250 4 17 7 0 0.054 0.034 0.066 0.841 0.094 240.241 1510 246.737 2753.48 0 0
97250 5 17 7 0 0.054 0.034 0.066 0.841 0.094 239.157 1295 244.665 2389.6 0 0
97250 6 17 7 0 0.054 0.034 0.066 0.841 0.094 243.793 1859 248.017 2793.62 0 0
97250 7 17 7 0 0.054 0.034 0.066 0.841 0.094 239.155 536 246.128 2369.94 0 0
97250 8 17 7 0 0.054 0.034 0.066 0.841 0.094 241.587 1451 246.591 2548.427 0 0
97250 9 17 7 0 0.054 0.034 0.066 0.841 0.094 242.849 1212 247.466 2595.393 0 0
97250 1 17 6 0 0.035 0.443 0.236 0.985 0.697 3.827 17 7.627 87.073 0.033 0
97250 2 17 6 0 0.035 0.443 0.236 0.985 0.697 4.624 17 6.771 87.827 0.04 0
97250 3 17 6 0 0.035 0.443 0.236 0.985 0.697 4.047 8 7.396 75.42 0.02 0.007
97250 4 17 6 0 0.035 0.443 0.236 0.985 0.697 4.094 17 6.705 78.127 0.127 0
97250 5 17 6 0 0.035 0.443 0.236 0.985 0.697 1.33 15 4.4 59.727 0.56 0
97250 6 17 6 0 0.035 0.443 0.236 0.985 0.697 2.331 21 4.578 65.56 0.633 0
97250 7 17 6 0 0.035 0.443 0.236 0.985 0.697 4.455 9 9.381 90.107 0.04 0.033
97250 8 17 6 0 0.035 0.443 0.236 0.985 0.697 6.944 16 9.682 88.08 0 0
97250 9 17 6 0 0.035 0.443 0.236 0.985 0.697 5.052 24 7.777 81.273 0 0
97250 10 17 6 0 0.035 0.443 0.236 0.985 0.697 4.004 11 8.445 79.16 0.08 0
97250 1 17 6 0 0.055 0.158 0.435 0.995 0.464 10.038 16 15.494 111.867 0 0
97250 2 17 6 0 0.055 0.158 0.435 0.995 0.464 10.696 14 16.391 113.727 0 0
97250 3 17 6 0 0.055 0.158 0.435 0.995 0.464 8.707 21 12.492 99.34 0 0
97250 4 17 6 0 0.055 0.158 0.435 0.995 0.464 8.726 15 13.258 103.327 0 0
97250 5 17 6 0 0.055 0.158 0.435 0.995 0.464 6.185 15 14.701 103.987 0 0
97250 6 17 6 0 0.055 0.158 0.435 0.995 0.464 6.625 11 11.744 92.72 0 0
97250 7 17 6 0 0.055 0.158 0.435 0.995 0.464 3.952 17 8.362 89.853 0.08 0
97250 8 17 6 0 0.055 0.158 0.435 0.995 0.464 8.826 17 13.828 98.48 0 0
97250 9 17 6 0 0.055 0.158 0.435 0.995 0.464 14.403 7 18.512 103.967 0 0.033
97250 10 17 6 0 0.055 0.158 0.435 0.995 0.464 5.595 25 9.089 94.413 0 0
97250 1 17 6 0 0.031 0.053 0.384 0.931 0.88 17.738 11 23.018 113.98 0 0
97250 2 17 6 0 0.031 0.053 0.384 0.931 0.88 12.262 18 17.812 127.3 0 0
97250 3 17 6 0 0.031 0.053 0.384 0.931 0.88 21.246 8 23.599 84.527 0 0.027
97250 4 17 6 0 0.031 0.053 0.384 0.931 0.88 14.159 8 23.215 96.36 0 0.02
97250 5 17 6 0 0.031 0.053 0.384 0.931 0.88 12.768 11 19.566 104.04 0 0
97250 6 17 6 0 0.031 0.053 0.384 0.931 0.88 20.005 14 24.978 111.38 0 0
97250 7 17 6 0 0.031 0.053 0.384 0.931 0.88 7.021 12 15.023 100.54 0 0
97250 8 17 6 0 0.031 0.053 0.384 0.931 0.88 10.695 19 14.16 87.74 0 0
97250 9 17 6 0 0.031 0.053 0.384 0.931 0.88 12.808 12 22.118 121.047 0 0
97250 10 17 6 0 0.031 0.053 0.384 0.931 0.88 23.546 15 34.213 127.973 0 0
97250 1 17 6 0 0.021 0.347 0.371 0.871 0.282 26.961 20 34.453 220.067 0 0
97250 2 17 6 0 0.021 0.347 0.371 0.871 0.282 25.142 9 32.687 195.167 0 0.007
97250 3 17 6 0 0.021 0.347 0.371 0.871 0.282 20.559 27 25.618 179.147 0 0
97250 4 17 6 0 0.021 0.347 0.371 0.871 0.282 22.872 16 31.577 178.747 0 0
97250 5 17 6 0 0.021 0.347 0.371 0.871 0.282 21.579 21 26.874 174.58 0 0
97250 6 17 6 0 0.021 0.347 0.371 0.871 0.282 16.38 17 26.675 181.267 0 0
97250 7 17 6 0 0.021 0.347 0.371 0.871 0.282 22.991 22 30.791 183.907 0 0
97250 8 17 6 0 0.021 0.347 0.371 0.871 0.282 28.983 20 39.223 218.5 0 0
97250 9 17 6 0 0.021 0.347 0.371 0.871 0.282 27.582 27 30.444 178.32 0 0
97250 10 17 6 0 0.021 0.347 0.371 0.871 0.282 26.856 17 33.097 195.293 0 0
97250 1 17 6 0 0.061 0.17 0.098 0.767 0.52 14.519 49 21.061 168.693 0 0
97250 2 17 6 0 0.061 0.17 0.098 0.767 0.52 21.33 16 28.965 169.68 0 0
97250 3 17 6 0 0.061 0.17 0.098 0.767 0.52 15.219 23 20.261 152.573 0 0
97250 4 17 6 0 0.061 0.17 0.098 0.767 0.52 17.63 33 23.422 192.687 0 0
97250 5 17 6 0 0.061 0.17 0.098 0.767 0.52 23.477 36 28.592 187.467 0 0
97250 6 17 6 0 0.061 0.17 0.098 0.767 0.52 15.884 39 20.722 141.153 0 0
97250 7 17 6 0 0.061 0.17 0.098 0.767 0.52 26.314 21 31.286 174.373 0 0
97250 8 17 6 0 0.061 0.17 0.098 0.767 0.52 18.903 25 32.003 213.533 0 0
97250 9 17 6 0 0.061 0.17 0.098 0.767 0.52 15.577 47 20.47 151.727 0 0
97250 10 17 6 0 0.061 0.17 0.098 0.767 0.52 11.794 17 18.378 150.74 0 0
97250 1 17 6 0 0.114 0.376 0.481 0.922 0.268 7.279 27 14.996 126.507 0 0
97250 2 17 6 0 0.114 0.376 0.481 0.922 0.268 16.054 15 22.689 155.76 0 0
97250 3 17 6 0 0.114 0.376 0.481 0.922 0.268 18.449 26 24.166 132.647 0 0
97250 4 17 6 0 0.114 0.376 0.481 0.922 0.268 31.052 28 37.521 206.653 0 0
97250 5 17 6 0 0.114 0.376 0.481 0.922 0.268 31.311 17 37.183 170.58 0 0
97250 6 17 6 0 0.114 0.376 0.481 0.922 0.268 31.314 21 38.524 187.913 0 0
97250 7 17 6 0 0.114 0.376 0.481 0.922 0.268 24.964 22 30.798 182.94 0 0
97250 8 17 6 0 0.114 0.376 0.481 0.922 0.268 13.115 25 17.648 113.42 0 0
97250 9 17 6 0 0.114 0.376 0.481 0.922 0.268 13.837 15 17.946 132.347 0 0
97250 10 17 6 0 0.114 0.376 0.481 0.922 0.268 28.278 64 35.173 188 0 0
97250 1 17 6 0 0.119 0.066 0.018 0.819 0.752 2.786 10 7.051 75.967 0.153 0
97250 2 17 6 0 0.119 0.066 0.018 0.819 0.752 0 0 0 0 1 1
97250 3 17 6 0 0.119 0.066 0.018 0.819 0.752 10.143 10 17.061 115.913 0 0
97250 1 16 7 1 0.031 0.358 0.47 0.963 0.975 2.433 11 8.378 82.353 0.133 0
97250 2 16 7 1 0.031 0.358 0.47 0.963 0.975 19.577 15 22.008 79.62 0 0
97250 3 16 7 1 0.031 0.358 0.47 0.963 0.975 14.213 11 17.81 91.073 0 0
97250 4 16 7 1 0.031 0.358 0.47 0.963 0.975 3.327 18 6.614 75.9 0.14 0
97250 5 16 7 1 0.031 0.358 0.47 0.963 0.975 11.344 12 16.607 87.08 0 0
97250 6 16 7 1 0.031 0.358 0.47 0.963 0.975 14.017 14 16.885 104.627 0 0
97250 7 16 7 1 0.031 0.358 0.47 0.963 0.975 16.865 11 21.669 106.807 0 0
97250 8 16 7 1 0.031 0.358 0.47 0.963 0.975 7.415 15 14.548 94.893 0 0
97250 9 16 7 1 0.031 0.358 0.47 0.963 0.975 11.676 8 18.346 97.107 0 0.02
97250 10 16 7 1 0.031 0.358 0.47 0.963 0.975 17.073 12 22.106 96.933 0 0
97250 1 16 7 1 0.094 0.216 0.37 0.778 0.979 8.911 16 15.67 87.06 0 0
97250 2 16 7 1 0.094 0.216 0.37 0.778 0.979 7.895 13 12.209 90.727 0 0
97250 3 16 7 1 0.094 0.216 0.37 0.778 0.979 12.24 12 14.744 97.413 0 0
97250 4 16 7 1 0.094 0.216 0.37 0.778 0.979 9.985 25 13.555 99.147 0 0
97250 5 16 7 1 0.094 0.216 0.37 0.778 0.979 11.413 13 17.289 98.173 0 0
97250 6 16 7 1 0.094 0.216 0.37 0.778 0.979 4.992 12 9.608 81.727 0.007 0
97250 7 16 7 1 0.094 0.216 0.37 0.778 0.979 6.58 11 10.148 83.407 0 0
97250 8 16 7 1 0.094 0.216 0.37 0.778 0.979 5.183 11 8.047 85.96 0 0
97250 9 16 7 1 0.094 0.216 0.37 0.778 0.979 11.103 11 16.518 98.407 0 0
97250 10 16 7 1 0.094 0.216 0.37 0.778 0.979 2.426 6 7.614 82.813 0.313 0.02
97250 1 16 7 1 0.098 0.494 0.458 0.949 0.9 6.608 7 13.449 97.853 0 0.027
97250 2 16 7 1 0.098 0.494 0.458 0.949 0.9 20.366 11 28.303 115.86 0 0
97250 3 16 7 1 0.098 0.494 0.458 0.949 0.9 10.316 16 13.894 79.58 0 0
97250 4 16 7 1 0.098 0.494 0.458 0.949 0.9 10.446 16 14.807 87.06 0 0
97250 5 16 7 1 0.098 0.494 0.458 0.949 0.9 4.202 11 8.647 81.42 0.04 0
97250 6 16 7 1 0.098 0.494 0.458 0.949 0.9 16.557 12 23.368 114.687 0 0
97250 7 16 7 1 0.098 0.494 0.458 0.949 0.9 4.821 10 8.857 87.787 0.013 0
97250 8 16 7 1 0.098 0.494 0.458 0.949 0.9 13.883 11 20.676 111.127 0 0
97250 9 16 7 1 0.098 0.494 0.458 0.949 0.9 15.364 12 20.21 103.933 0 0
97250 10 16 7 1 0.098 0.494 0.458 0.949 0.9 11.798 13 16.436 97.347 0 0
97250 1 16 7 1 0.045 0.488 0.293 0.91 0.448 7.536 49 13.366 131.633 0 0
97250 2 16 7 1 0.045 0.488 0.293 0.91 0.448 16 46 20.842 190.773 0 0
97250 3 16 7 1 0.045 0.488 0.293 0.91 0.448 14.936 101 23.225 186.687 0 0
97250 4 16 7 1 0.045 0.488 0.293 0.91 0.448 9.054 69 15.155 161.62 0 0
97250 5 16 7 1 0.045 0.488 0.293 0.91 0.448 8.956 76 14.585 154.347 0 0
97250 6 16 7 1 0.045 0.488 0.293 0.91 0.448 10.625 56 15.368 157.273 0 0
97250 7 16 7 1 0.045 0.488 0.293 0.91 0.448 9.784 82 16.152 165.153 0 0
97250 8 16 7 1 0.045 0.488 0.293 0.91 0.448 17.352 47 20.402 160.433 0 0
97250 9 16 7 1 0.045 0.488 0.293 0.91 0.448 3.855 53 9.023 123.807 0.047 0
97250 10 16 7 1 0.045 0.488 0.293 0.91 0.448 9.657 83 16.919 154.073 0 0
97250 1 16 7 1 0.089 0.406 0.384 0.932 0.148 241.751 1680 247.068 2202.593 0 0
97250 2 16 7 1 0.089 0.406 0.384 0.932 0.148 240.81 1411 246.313 2029.94 0 0
97250 3 16 7 1 0.089 0.406 0.384 0.932 0.148 226.992 1331 239.902 1888.653 0 0
97250 4 16 7 1 0.089 0.406 0.384 0.932 0.148 239.149 1283 244.453 1877.98 0 0
97250 5 16 7 1 0.089 0.406 0.384 0.932 0.148 243.002 1586 247.11 2149.18 0 0
97250 6 16 7 1 0.089 0.406 0.384 0.932 0.148 238.677 1363 245.894 1959.073 0 0
97250 7 16 7 1 0.089 0.406 0.384 0.932 0.148 240.374 1285 246.625 1964.633 0 0
97250 8 16 7 1 0.089 0.406 0.384 0.932 0.148 238.642 1237 245.338 1915.293 0 0
97250 9 16 7 1 0.089 0.406 0.384 0.932 0.148 243.361 1590 247.464 2213.26 0 0
97250 10 16 7 1 0.089 0.406 0.384 0.932 0.148 236.097 1283 243.641 2011.34 0 0
97250 1 16 7 1 0.012 0.433 0.081 0.846 0.527 27.789 113 39.254 250.64 0 0
97250 2 16 7 1 0.012 0.433 0.081 0.846 0.527 31.153 157 40.556 265.92 0 0
97250 3 16 7 1 0.012 0.433 0.081 0.846 0.527 34.603 124 42.135 284.753 0 0
97250 4 16 7 1 0.012 0.433 0.081 0.846 0.527 37.971 173 44.647 312.133 0 0
97250 5 16 7 1 0.012 0.433 0.081 0.846 0.527 30.096 105 39.626 265.053 0 0
97250 1 19 8 0 0.08 0.175 0.298 0.901 0.65 2.951 12 8.399 88.927 0.053 0
97250 2 19 8 0 0.08 0.175 0.298 0.901 0.65 17.673 7 23.828 120.507 0 0.02
97250 3 19 8 0 0.08 0.175 0.298 0.901 0.65 8.584 20 16.142 113.713 0 0
97250 4 19 8 0 0.08 0.175 0.298 0.901 0.65 17.124 11 22.715 135.42 0 0
97250 5 19 8 0 0.08 0.175 0.298 0.901 0.65 11.647 10 15.737 103.86 0 0
97250 6 19 8 0 0.08 0.175 0.298 0.901 0.65 13.423 13 18.149 110.907 0 0
97250 7 19 8 0 0.08 0.175 0.298 0.901 0.65 12.807 12 15.738 111.027 0 0
97250 8 19 8 0 0.08 0.175 0.298 0.901 0.65 13.732 10 19.027 110.9 0 0
97250 9 19 8 0 0.08 0.175 0.298 0.901 0.65 11.551 14 17.629 125.887 0 0
97250 10 19 8 0 0.08 0.175 0.298 0.901 0.65 22.121 10 32.933 158.32 0 0
97250 1 19 8 0 0.09 0.168 0.077 0.948 0.638 4.37 40 8.501 110.707 0.107 0
97250 2 19 8 0 0.09 0.168 0.077 0.948 0.638 6.657 26 11.267 116.367 0 0
97250 3 19 8 0 0.09 0.168 0.077 0.948 0.638 3.852 29 9.313 101.793 0.053 0
97250 4 19 8 0 0.09 0.168 0.077 0.948 0.638 0 0 0 0 1 1
97250 5 19 8 0 0.09 0.168 0.077 0.948 0.638 5.442 25 9.833 111.427 0 0
97250 6 19 8 0 0.09 0.168 0.077 0.948 0.638 4.52 31 8.379 116.727 0.02 0
97250 7 19 8 0 0.09 0.168 0.077 0.948 0.638 0 0 0 0 1 1
97250 8 19 8 0 0.09 0.168 0.077 0.948 0.638 15.703 29 19.215 133.473 0 0
97250 9 19 8 0 0.09 0.168 0.077 0.948 0.638 2.121 13 6.111 80.027 0.393 0
97250 10 19 8 0 0.09 0.168 0.077 0.948 0.638 4.278 33 7.758 102.153 0.04 0
97250 1 19 8 0 0.071 0.074 0.082 0.871 0.848 13.311 9 18.62 110.707 0 0.007
97250 2 19 8 0 0.071 0.074 0.082 0.871 0.848 20.009 10 29.421 170.373 0 0
97250 3 19 8 0 0.071 0.074 0.082 0.871 0.848 10.113 13 18.178 93.52 0 0
97250 4 19 8 0 0.071 0.074 0.082 0.871 0.848 13.825 7 19.275 99.46 0 0.033
97250 5 19 8 0 0.071 0.074 0.082 0.871 0.848 16.807 14 24.828 130.68 0 0
97250 6 19 8 0 0.071 0.074 0.082 0.871 0.848 20.404 16 25.828 119.667 0 0
97250 7 19 8 0 0.071 0.074 0.082 0.871 0.848 10.373 9 15.258 98.94 0 0.013
97250 8 19 8 0 0.071 0.074 0.082 0.871 0.848 19.668 9 27.645 111.227 0 0.04
97250 9 19 8 0 0.071 0.074 0.082 0.871 0.848 18.003 6 22.497 101.327 0 0.073
97250 10 19 8 0 0.071 0.074 0.082 0.871 0.848 6.421 13 10.238 85.24 0 0
97250 1 19 8 0 0.039 0.487 0.014 0.982 0.602 0 0 0 0 1 1
97250 2 19 8 0 0.039 0.487 0.014 0.982 0.602 0 0 0 0 1 1
97250 3 19 8 0 0.039 0.487 0.014 0.982 0.602 0 0 0 0 1 1
97250 4 19 8 0 0.039 0.487 0.014 0.982 0.602 0 0 0 0 1 1
97250 5 19 8 0 0.039 0.487 0.014 0.982 0.602 0 0 0 0 1 1
97250 6 19 8 0 0.039 0.487 0.014 0.982 0.602 0 0 0 0 1 1
97250 7 19 8 0 0.039 0.487 0.014 0.982 0.602 0 0 0 0 1 1
97250 8 19 8 0 0.039 0.487 0.014 0.982 0.602 0 0 0 0 1 1
97250 9 19 8 0 0.039 0.487 0.014 0.982 0.602 0 0 0 0 1 1
97250 10 19 8 0 0.039 0.487 0.014 0.982 0.602 0 0 0 0 1 1
97250 1 19 8 0 0.072 0.231 0.213 0.931 0.054 243.303 3122 249.212 4178.933 0 0
97250 2 19 8 0 0.072 0.231 0.213 0.931 0.054 246.739 3149 249.276 4405.467 0 0
97250 3 19 8 0 0.072 0.231 0.213 0.931 0.054 247.677 3470 249.524 4342.673 0 0
97250 4 19 8 0 0.072 0.231 0.213 0.931 0.054 246.008 2600 249.35 4202.16 0 0
97250 5 19 8 0 0.072 0.231 0.213 0.931 0.054 246.121 2514 249.35 4370.74 0 0
97250 6 19 8 0 0.072 0.231 0.213 0.931 0.054 247.599 3239 249.503 4455.42 0 0
97250 7 19 8 0 0.072 0.231 0.213 0.931 0.054 245.384 3208 249.508 4578.187 0 0
97250 8 19 8 0 0.072 0.231 0.213 0.931 0.054 245.764 3020 249.325 4299.32 0 0
97250 9 19 8 0 0.072 0.231 0.213 0.931 0.054 247.227 3347 249.322 4418.147 0 0
97250 10 19 8 0 0.072 0.231 0.213 0.931 0.054 246.923 3456 249.51 4655.107 0 0
97250 1 19 8 0 0.069 0.036 0.384 0.806 0.39 23.298 2 30.507 112.76 0 0.153
97250 2 19 8 0 0.069 0.036 0.384 0.806 0.39 24.032 5 31.465 148.18 0 0.073
97250 3 19 8 0 0.069 0.036 0.384 0.806 0.39 9.367 15 12.638 89.187 0 0
97250 4 19 8 0 0.069 0.036 0.384 0.806 0.39 9.888 15 15.854 97.187 0 0
97250 5 19 8 0 0.069 0.036 0.384 0.806 0.39 17.68 12 26.387 115.72 0 0
97250 6 19 8 0 0.069 0.036 0.384 0.806 0.39 22.897 18 26.418 104.24 0 0
97250 7 19 8 0 0.069 0.036 0.384 0.806 0.39 13.239 18 18.205 108.68 0 0
97250 8 19 8 0 0.069 0.036 0.384 0.806 0.39 13.514 5 17.404 91.5 0 0.027
97250 9 19 8 0 0.069 0.036 0.384 0.806 0.39 18.548 11 25.411 109.607 0 0
97250 10 19 8 0 0.069 0.036 0.384 0.806 0.39 21.271 8 27 111.913 0 0.073
97250 1 19 8 0 0.024 0.327 0.416 0.802 0.531 5.351 11 8.76 88.64 0 0
97250 1 18 8 1 0.074 0.241 0.305 0.873 0.646 7.887 10 13.832 113.12 0 0
97250 2 18 8 1 0.074 0.241 0.305 0.873 0.646 3.382 13 6.753 82.02 0.187 0
97250 3 18 8 1 0.074 0.241 0.305 0.873 0.646 8.141 10 12.726 97.093 0 0
97250 4 18 8 1 0.074 0.241 0.305 0.873 0.646 3.316 6 8.937 75.547 0.127 0.013
97250 5 18 8 1 0.074 0.241 0.305 0.873 0.646 6.632 19 11.065 99.913 0 0
97250 6 18 8 1 0.074 0.241 0.305 0.873 0.646 7.267 11 16.432 113.76 0 0
97250 7 18 8 1 0.074 0.241 0.305 0.873 0.646 3.697 7 6.634 74.107 0.193 0.02
97250 8 18 8 1 0.074 0.241 0.305 0.873 0.646 11.977 15 16.125 107.153 0 0
97250 9 18 8 1 0.074 0.241 0.305 0.873 0.646 1.76 19 4.107 64.08 0.667 0
97250 10 18 8 1 0.074 0.241 0.305 0.873 0.646 10.292 12 13.305 86.36 0 0
97250 1 18 8 1 0.021 0.018 0.288 0.778 0.109 16.469 14 23.084 127.033 0 0
97250 2 18 8 1 0.021 0.018 0.288 0.778 0.109 10.193 14 13.374 104.733 0 0
97250 3 18 8 1 0.021 0.018 0.288 0.778 0.109 7.045 10 12.252 102.38 0 0
97250 4 18 8 1 0.021 0.018 0.288 0.778 0.109 5.71 16 10.008 96.053 0 0
97250 5 18 8 1 0.021 0.018 0.288 0.778 0.109 4.908 13 13.803 118.227 0.007 0
97250 6 18 8 1 0.021 0.018 0.288 0.778 0.109 10.768 34 14.746 111.793 0 0
97250 7 18 8 1 0.021 0.018 0.288 0.778 0.109 13.345 11 18.365 120.007 0 0
97250 8 18 8 1 0.021 0.018 0.288 0.778 0.109 5.358 19 8.408 84.293 0 0
97250 9 18 8 1 0.021 0.018 0.288 0.778 0.109 0 0 0 0 1 1
97250 10 18 8 1 0.021 0.018 0.288 0.778 0.109 5.238 4 9.614 86.087 0 0.107
97250 1 18 8 1 0.046 0.166 0.252 0.86 0.514 5.902 35 11.322 111.253 0 0
97250 2 18 8 1 0.046 0.166 0.252 0.86 0.514 5.522 16 9.828 116.633 0 0
97250 3 18 8 1 0.046 0.166 0.252 0.86 0.514 6.862 23 12.288 120.367 0 0
97250 4 18 8 1 0.046 0.166 0.252 0.86 0.514 11.583 13 16.925 139.327 0 0
97250 5 18 8 1 0.046 0.166 0.252 0.86 0.514 5.852 20 8.978 101.08 0 0
97250 6 18 8 1 0.046 0.166 0.252 0.86 0.514 2.728 19 7.548 103.347 0.173 0
97250 7 18 8 1 0.046 0.166 0.252 0.86 0.514 7.213 30 12.564 124.12 0 0
97250 8 18 8 1 0.046 0.166 0.252 0.86 0.514 2.828 20 5.44 82.933 0.407 0
97250 9 18 8 1 0.046 0.166 0.252 0.86 0.514 13.527 20 20.326 140.08 0 0
97250 10 18 8 1 0.046 0.166 0.252 0.86 0.514 8.152 16 11.491 107.367 0 0
97250 1 18 8 1 0.101 0.201 0.201 0.976 0.281 41.439 244 86.873 523.107 0 0
97250 2 18 8 1 0.101 0.201 0.201 0.976 0.281 20.626 87 26.576 198.62 0 0
97250 3 18 8 1 0.101 0.201 0.201 0.976 0.281 83.228 142 96.266 391.273 0 0
97250 4 18 8 1 0.101 0.201 0.201 0.976 0.281 83.237 228 88.68 485.74 0 0
97250 5 18 8 1 0.101 0.201 0.201 0.976 0.281 59.602 148 70.827 370.173 0 0
97250 6 18 8 1 0.101 0.201 0.201 0.976 0.281 15.206 55 26.581 203.187 0 0
97250 7 18 8 1 0.101 0.201 0.201 0.976 0.281 94.516 253 112.406 547.447 0 0
97250 8 18 8 1 0.101 0.201 0.201 0.976 0.281 18.421 74 24.814 206.313 0 0
97250 9 18 8 1 0.101 0.201 0.201 0.976 0.281 35.4 165 42.875 304.267 0 0
97250 10 18 8 1 0.101 0.201 0.201 0.976 0.281 75.637 229 84.245 528.893 0 0
97250 1 18 8 1 0.039 0.271 0.153 0.99 0.958 11.018 12 19.407 121.54 0 0
97250 2 18 8 1 0.039 0.271 0.153 0.99 0.958 20.371 7 25.42 100.06 0 0.013
97250 3 18 8 1 0.039 0.271 0.153 0.99 0.958 14.474 7 18.036 98.607 0 0.047
97250 4 18 8 1 0.039 0.271 0.153 0.99 0.958 21.208 12 24.72 96.133 0 0
97250 5 18 8 1 0.039 0.271 0.153 0.99 0.958 10.65 10 14.815 95.92 0 0
97250 6 18 8 1 0.039 0.271 0.153 0.99 0.958 20.594 13 26.336 129.167 0 0
97250 7 18 8 1 0.039 0.271 0.153 0.99 0.958 18.438 10 23.57 114.967 0 0
97250 8 18 8 1 0.039 0.271 0.153 0.99 0.958 21.308 7 25.903 90.22 0 0.047
97250 9 18 8 1 0.039 0.271 0.153 0.99 0.958 25.53 6 32.366 108.993 0 0.067
97250 10 18 8 1 0.039 0.271 0.153 0.99 0.958 12.519 3 18.404 100.807 0 0.067
97250 1 18 8 1 0.041 0.345 0.228 0.768 0.944 18.532 8 22.312 87.607 0 0.02
97250 2 18 8 1 0.041 0.345 0.228 0.768 0.944 17.452 13 22.611 112.547 0 0
97250 3 18 8 1 0.041 0.345 0.228 0.768 0.944 16.388 7 20.316 92.133 0 0.033
97250 4 18 8 1 0.041 0.345 0.228 0.768 0.944 16.656 14 20.165 87.413 0 0
97250 5 18 8 1 0.041 0.345 0.228 0.768 0.944 17.537 9 22.472 86.353 0 0.013
97250 6 18 8 1 0.041 0.345 0.228 0.768 0.944 12.321 13 16.398 92.94 0 0
97250 7 18 8 1 0.041 0.345 0.228 0.768 0.944 10.2 12 14.929 103.48 0 0
97250 8 18 8 1 0.041 0.345 0.228 0.768 0.944 8.843 11 13.678 108.627 0 0
97250 9 18 8 1 0.041 0.345 0.228 0.768 0.944 10.017 11 15.361 90.533 0 0
97250 1 19 9 0 0.004 0.29 0.367 0.789 0.408 6.968 7 11.226 92.3 0 0.033
97250 2 19 9 0 0.004 0.29 0.367 0.789 0.408 7.304 15 12.648 120.2 0 0
97250 3 19 9 0 0.004 0.29 0.367 0.789 0.408 11.298 16 17.557 115.267 0 0
97250 4 19 9 0 0.004 0.29 0.367 0.789 0.408 3.682 17 8.512 93.173 0.06 0
97250 5 19 9 0 0.004 0.29 0.367 0.789 0.408 7.003 9 10.543 97.753 0 0.007
97250 6 19 9 0 0.004 0.29 0.367 0.789 0.408 9.903 10 14.531 116.78 0 0
97250 7 19 9 0 0.004 0.29 0.367 0.789 0.408 4.79 17 8.219 89.12 0.007 0
97250 8 19 9 0 0.004 0.29 0.367 0.789 0.408 9.724 15 13.98 106.14 0 0
97250 9 19 9 0 0.004 0.29 0.367 0.789 0.408 1.631 10 6.171 84.453 0.387 0
97250 10 19 9 0 0.004 0.29 0.367 0.789 0.408 4.316 13 10.045 106.187 0.047 0
97250 1 19 9 0 0.016 0.433 0.094 0.905 0.936 10.809 11 19.01 113.453 0 0
97250 2 19 9 0 0.016 0.433 0.094 0.905 0.936 11.619 8 20.954 121.8 0 0.013
97250 3 19 9 0 0.016 0.433 0.094 0.905 0.936 23.319 4 29.403 123.547 0 0.067
97250 4 19 9 0 0.016 0.433 0.094 0.905 0.936 18.234 7 23.515 86.18 0 0.027
97250 5 19 9 0 0.016 0.433 0.094 0.905 0.936 13.731 7 22.533 117.073 0 0.08
97250 6 19 9 0 0.016 0.433 0.094 0.905 0.936 18.006 9 25.597 96.82 0 0.02
97250 7 19 9 0 0.016 0.433 0.094 0.905 0.936 24.27 9 28.513 99.72 0 0.04
97250 8 19 9 0 0.016 0.433 0.094 0.905 0.936 9.03 17 14.759 104.433 0 0
97250 9 19 9 0 0.016 0.433 0.094 0.905 0.936 14.774 15 20.644 97.627 0 0
97250 10 19 9 0 0.016 0.433 0.094 0.905 0.936 14.293 10 17.337 93.953 0 0
97250 1 19 9 0 0.088 0.098 0.217 0.835 0.566 2.827 11 6.537 79.173 0.313 0
97250 2 19 9 0 0.088 0.098 0.217 0.835 0.566 6.029 13 13.507 87.173 0 0
97250 3 19 9 0 0.088 0.098 0.217 0.835 0.566 25.23 6 33.143 152.973 0 0.08
97250 4 19 9 0 0.088 0.098 0.217 0.835 0.566 19.728 9 30.984 150.507 0 0.047
97250 5 19 9 0 0.088 0.098 0.217 0.835 0.566 14.423 9 22.436 120.06 0 0.027
97250 6 19 9 0 0.088 0.098 0.217 0.835 0.566 2.897 11 11.082 87.86 0.06 0
97250 7 19 9 0 0.088 0.098 0.217 0.835 0.566 6.437 8 12.838 88.347 0 0.033
97250 8 19 9 0 0.088 0.098 0.217 0.835 0.566 10.073 10 17.455 112.487 0 0
97250 9 19 9 0 0.088 0.098 0.217 0.835 0.566 8.745 9 14.143 111.44 0 0.033
97250 10 19 9 0 0.088 0.098 0.217 0.835 0.566 13.014 10 20.047 90.607 0 0
97250 1 19 9 0 0.115 0.405 0.372 0.768 0.265 123.048 102 129.14 612.827 0 0
97250 2 19 9 0 0.115 0.405 0.372 0.768 0.265 124.395 36 157.532 827.407 0 0
97250 3 19 9 0 0.115 0.405 0.372 0.768 0.265 47.087 30 64.533 427.453 0 0
97250 4 19 9 0 0.115 0.405 0.372 0.768 0.265 56.11 20 63.946 335.76 0 0
97250 5 19 9 0 0.115 0.405 0.372 0.768 0.265 91.494 180 108.717 450.673 0 0
97250 6 19 9 0 0.115 0.405 0.372 0.768 0.265 61.905 26 71.923 371.08 0 0
97250 7 19 9 0 0.115 0.405 0.372 0.768 0.265 60.533 43 73.334 376.3 0 0
97250 8 19 9 0 0.115 0.405 0.372 0.768 0.265 146.033 80 159.677 643.66 0 0
97250 9 19 9 0 0.115 0.405 0.372 0.768 0.265 114.7 63 125.864 562.733 0 0
97250 10 19 9 0 0.115 0.405 0.372 0.768 0.265 50.586 25 57.749 349.793 0 0
97250 1 19 9 0 0.06 0.411 0.333 0.822 0.481 6.154 13 9.702 106.78 0 0
97250 2 19 9 0 0.06 0.411 0.333 0.822 0.481 4.645 15 8.837 95.8 0.04 0
97250 3 19 9 0 0.06 0.411 0.333 0.822 0.481 5.836 12 8.704 91.867 0 0
97250 4 19 9 0 0.06 0.411 0.333 0.822 0.481 0 0 0 0 1 1
97250 5 19 9 0 0.06 0.411 0.333 0.822 0.481 4.925 10 8.944 98.533 0.027 0
97250 6 19 9 0 0.06 0.411 0.333 0.822 0.481 0 0 0 0 1 1
97250 7 19 9 0 0.06 0.411 0.333 0.822 0.481 3.571 8 7.399 98.647 0.2 0.013
97250 8 19 9 0 0.06 0.411 0.333 0.822 0.481 10.16 17 15.327 114.233 0 0
97250 9 19 9 0 0.06 0.411 0.333 0.822 0.481 11.317 6 16.443 120.973 0 0.04
97250 10 19 9 0 0.06 0.411 0.333 0.822 0.481 13.121 11 19.411 108.32 0 0
97250 1 19 9 0 0.075 0.446 0.133 0.964 0.982 7.951 10 13.848 85.353 0 0
97250 2 19 9 0 0.075 0.446 0.133 0.964 0.982 15.781 12 21.587 96.62 0 0
97250 3 19 9 0 0.075 0.446 0.133 0.964 0.982 13.481 10 20.283 98.053 0 0
97250 4 19 9 0 0.075 0.446 0.133 0.964 0.982 26.307 6 33.415 123.987 0 0.027
97250 5 19 9 0 0.075 0.446 0.133 0.964 0.982 24.841 7 29.167 106.42 0 0.02
97250 6 19 9 0 0.075 0.446 0.133 0.964 0.982 12.149 14 18.137 105.76 0 0
97250 7 19 9 0 0.075 0.446 0.133 0.964 0.982 18.987 6 26.576 107.56 0 0.167
97250 8 19 9 0 0.075 0.446 0.133 0.964 0.982 17.688 9 23.354 93.94 0 0.013
97250 9 19 9 0 0.075 0.446 0.133 0.964 0.982 16.552 12 21.441 88.38 0 0
97250 10 19 9 0 0.075 0.446 0.133 0.964 0.982 13.228 10 19.781 118.267 0 0
97250 1 19 9 0 0.086 0.348 0.407 0.85 0.869 10.202 19 15.179 115.96 0 0
97250 2 19 9 0 0.086 0.348 0.407 0.85 0.869 17.038 7 23.014 100.587 0 0.073
97250 3 19 9 0 0.086 0.348 0.407 0.85 0.869 10.284 7 17.466 101.08 0 0.04
97250 4 19 9 0 0.086 0.348 0.407 0.85 0.869 14.29 12 22.07 120.953 0 0
97250 5 19 9 0 0.086 0.348 0.407 0.85 0.869 22.984 5 29.119 106.813 0 0.08
97250 6 19 9 0 0.086 0.348 0.407 0.85 0.869 21.038 11 24.762 82.393 0 0
97250 7 19 9 0 0.086 0.348 0.407 0.85 0.869 10.19 8 15.704 100.773 0 0.047
97250 8 19 9 0 0.086 0.348 0.407 0.85 0.869 19.974 5 23.932 97.327 0 0.04
97250 9 19 9 0 0.086 0.348 0.407 0.85 0.869 10.696 8 18.781 115.36 0 0.04
97250 10 19 9 0 0.086 0.348 0.407 0.85 0.869 10.714 12 17.86 90.453 0 0
97250 1 17 6 1 0.077 0.059 0.482 0.881 0.665 17.086 13 22.565 103.913 0 0
97250 2 17 6 1 0.077 0.059 0.482 0.881 0.665 22.095 6 28.181 111.693 0 0.073
97250 3 17 6 1 0.077 0.059 0.482 0.881 0.665 7.753 11 15.141 95.487 0 0
97250 4 17 6 1 0.077 0.059 0.482 0.881 0.665 13.694 8 18.664 106.68 0 0.02
97250 5 17 6 1 0.077 0.059 0.482 0.881 0.665 8.447 20 15.179 99.287 0 0
97250 6 17 6 1 0.077 0.059 0.482 0.881 0.665 14.273 12 20.814 113.18 0 0
97250 7 17 6 1 0.077 0.059 0.482 0.881 0.665 13.259 6 19.101 96.88 0 0.047
97250 8 17 6 1 0.077 0.059 0.482 0.881 0.665 18.709 9 22.881 102.36 0 0.013
97250 9 17 6 1 0.077 0.059 0.482 0.881 0.665 17.435 16 23.729 109.093 0 0
97250 10 17 6 1 0.077 0.059 0.482 0.881 0.665 20.509 10 25.697 122.52 0 0
97250 1 17 6 1 0.009 0.373 0.465 0.783 0.49 1.541 18 5.613 74.52 0.387 0
97250 2 17 6 1 0.009 0.373 0.465 0.783 0.49 5.25 14 10.14 97.073 0 0
97250 3 17 6 1 0.009 0.373 0.465 0.783 0.49 7.636 17 11.772 91.253 0 0
97250 4 17 6 1 0.009 0.373 0.465 0.783 0.49 7.153 11 10.752 99.953 0 0
97250 5 17 6 1 0.009 0.373 0.465 0.783 0.49 5.428 13 10.497 93.053 0 0
97250 6 17 6 1 0.009 0.373 0.465 0.783 0.49 4.776 26 8.75 83.433 0.013 0
97250 7 17 6 1 0.009 0.373 0.465 0.783 0.49 3.212 14 11.172 90.327 0.027 0
97250 8 17 6 1 0.009 0.373 0.465 0.783 0.49 4.26 15 8.497 88.02 0.06 0
97250 9 17 6 1 0.009 0.373 0.465 0.783 0.49 4.255 13 7.597 83.233 0.06 0
97250 10 17 6 1 0.009 0.373 0.465 0.783 0.49 6.999 18 12.642 113.393 0 0
97250 1 17 6 1 0.08 0.284 0.461 0.802 0.251 18.709 41 29.875 182.48 0 0
97250 2 17 6 1 0.08 0.284 0.461 0.802 0.251 21.758 33 28.944 181.22 0 0
97250 3 17 6 1 0.08 0.284 0.461 0.802 0.251 19.645 70 26.316 173.333 0 0
97250 4 17 6 1 0.08 0.284 0.461 0.802 0.251 22.531 27 30.532 173.207 0 0
97250 5 17 6 1 0.08 0.284 0.461 0.802 0.251 30.155 58 38.847 204.34 0 0
97250 6 17 6 1 0.08 0.284 0.461 0.802 0.251 21.879 58 27.852 190.3 0 0
97250 7 17 6 1 0.08 0.284 0.461 0.802 0.251 24.872 45 33.137 172.653 0 0
97250 8 17 6 1 0.08 0.284 0.461 0.802 0.251 20.611 88 25.273 175.973 0 0
97250 9 17 6 1 0.08 0.284 0.461 0.802 0.251 20.965 36 28.479 180.073 0 0
97250 10 17 6 1 0.08 0.284 0.461 0.802 0.251 22.355 37 28.617 184.84 0 0
97250 1 17 6 1 0.11 0.174 0.092 0.933 0.985 14.859 10 20.969 108.073 0 0
97250 2 17 6 1 0.11 0.174 0.092 0.933 0.985 9.562 15 13.148 89.493 0 0
97250 3 17 6 1 0.11 0.174 0.092 0.933 0.985 13.127 11 18.564 105.467 0 0
97250 4 17 6 1 0.11 0.174 0.092 0.933 0.985 12.023 21 15.688 102.007 0 0
97250 5 17 6 1 0.11 0.174 0.092 0.933 0.985 9.057 4 13.59 97.327 0 0.027
97250 6 17 6 1 0.11 0.174 0.092 0.933 0.985 20.826 18 27.796 125.76 0 0
97250 7 17 6 1 0.11 0.174 0.092 0.933 0.985 15.165 17 22.384 125.14 0 0
97250 8 17 6 1 0.11 0.174 0.092 0.933 0.985 23.064 14 29.639 113.153 0 0
97250 9 17 6 1 0.11 0.174 0.092 0.933 0.985 14.962 13 20.98 111.52 0 0
97250 10 17 6 1 0.11 0.174 0.092 0.933 0.985 22.542 20 28.638 119.753 0 0
97250 1 17 6 1 0.026 0.496 0.11 0.909 0.849 4.362 43 6.775 103.573 0.04 0
97250 2 17 6 1 0.026 0.496 0.11 0.909 0.849 0 0 0 0 1 1
97250 3 17 6 1 0.026 0.496 0.11 0.909 0.849 2.826 41 6.282 89.72 0.293 0
97250 4 17 6 1 0.026 0.496 0.11 0.909 0.849 5.001 28 8.437 98.373 0 0
97250 5 17 6 1 0.026 0.496 0.11 0.909 0.849 3.474 36 6.229 90.467 0.287 0
97250 6 17 6 1 0.026 0.496 0.11 0.909 0.849 3.637 40 6.642 96.873 0.18 0
97250 7 17 6 1 0.026 0.496 0.11 0.909 0.849 3.462 48 7.517 98.747 0.14 0
97250 8 17 6 1 0.026 0.496 0.11 0.909 0.849 4.007 38 7.656 101.92 0.1 0
97250 9 17 6 1 0.026 0.496 0.11 0.909 0.849 6.698 47 9.244 99.94 0 0
97250 10 17 6 1 0.026 0.496 0.11 0.909 0.849 5.73 41 7.488 100.767 0 0
97250 1 17 6 1 0.101 0.302 0.004 0.964 0.462 0 0 0 0 1 1
97250 2 17 6 1 0.101 0.302 0.004 0.964 0.462 0 0 0 0 1 1
97250 3 17 6 1 0.101 0.302 0.004 0.964 0.462 0 0 0 0 1 1
97250 4 17 6 1 0.101 0.302 0.004 0.964 0.462 0 0 0 0 1 1
97250 5 17 6 1 0.101 0.302 0.004 0.964 0.462 0 0 0 0 1 1
97250 6 17 6 1 0.101 0.302 0.004 0.964 0.462 0 0 0 0 1 1
97250 7 17 6 1 0.101 0.302 0.004 0.964 0.462 0 0 0 0 1 1
97250 8 17 6 1 0.101 0.302 0.004 0.964 0.462 0 0 0 0 1 1
97250 9 17 6 1 0.101 0.302 0.004 0.964 0.462 0 0 0 0 1 1
97250 10 17 6 1 0.101 0.302 0.004 0.964 0.462 0 0 0 0 1 1
97250 1 17 6 1 0.01 0.496 0.248 0.911 0.827 17.929 16 22.942 126.227 0 0
97250 2 17 6 1 0.01 0.496 0.248 0.911 0.827 16.032 17 21.355 113.873 0 0
97250 3 17 6 1 0.01 0.496 0.248 0.911 0.827 12.372 10 18.415 103.153 0 0
97250 4 17 6 1 0.01 0.496 0.248 0.911 0.827 3.585 21 6.637 70.26 0.253 0
97250 5 17 6 1 0.01 0.496 0.248 0.911 0.827 5.868 15 10.033 92.773 0 0
97250 6 17 6 1 0.01 0.496 0.248 0.911 0.827 14.098 13 19.293 93.113 0 0
97250 1 19 7 1 0.104 0.091 0.274 0.991 0.821 13.964 11 18.462 119.48 0 0
97250 2 19 7 1 0.104 0.091 0.274 0.991 0.821 17.031 4 22.197 117.26 0 0.1
97250 3 19 7 1 0.104 0.091 0.274 0.991 0.821 18.611 13 22.42 127.047 0 0
97250 4 19 7 1 0.104 0.091 0.274 0.991 0.821 20.24 8 26.938 130.48 0 0.02
97250 5 19 7 1 0.104 0.091 0.274 0.991 0.821 18.955 10 25.467 136.58 0 0
97250 6 19 7 1 0.104 0.091 0.274 0.991 0.821 23.567 12 30.621 112.3 0 0
97250 7 19 7 1 0.104 0.091 0.274 0.991 0.821 17.701 9 21.003 82.587 0 0.007
97250 8 19 7 1 0.104 0.091 0.274 0.991 0.821 20.654 17 24.281 116.453 0 0
97250 9 19 7 1 0.104 0.091 0.274 0.991 0.821 10.8 7 15.035 82.167 0 0.027
97250 10 19 7 1 0.104 0.091 0.274 0.991 0.821 27.149 7 33.845 136.067 0 0.027
97250 1 19 7 1 0.037 0.476 0.391 0.892 0.733 9.455 11 15.391 106.96 0 0
97250 2 19 7 1 0.037 0.476 0.391 0.892 0.733 26.189 15 33.643 146.327 0 0
97250 3 19 7 1 0.037 0.476 0.391 0.892 0.733 17.838 13 22.619 110.253 0 0
97250 4 19 7 1 0.037 0.476 0.391 0.892 0.733 15.922 17 21.175 133.04 0 0
97250 5 19 7 1 0.037 0.476 0.391 0.892 0.733 26.348 12 30.416 103.967 0 0
97250 6 19 7 1 0.037 0.476 0.391 0.892 0.733 10.728 9 17.28 117.2 0 0.007
97250 7 19 7 1 0.037 0.476 0.391 0.892 0.733 9.777 10 16.059 105.58 0 0
97250 8 19 7 1 0.037 0.476 0.391 0.892 0.733 16.596 14 22.178 125.207 0 0
97250 9 19 7 1 0.037 0.476 0.391 0.892 0.733 18.294 13 23.254 91.493 0 0
97250 10 19 7 1 0.037 0.476 0.391 0.892 0.733 17.195 6 23.045 111.733 0 0.06
97250 1 19 7 1 0.079 0.236 0.07 0.962 0.585 17.022 76 22.513 193.353 0 0
97250 2 19 7 1 0.079 0.236 0.07 0.962 0.585 21.299 111 26.102 208.88 0 0
97250 3 19 7 1 0.079 0.236 0.07 0.962 0.585 15.9 28 22.931 175.247 0 0
97250 4 19 7 1 0.079 0.236 0.07 0.962 0.585 0 0 0.465 7.22 1 0.627
97250 5 19 7 1 0.079 0.236 0.07 0.962 0.585 11.571 57 16.685 145.407 0 0
97250 6 19 7 1 0.079 0.236 0.07 0.962 0.585 14.803 110 18.808 201.6 0 0
97250 7 19 7 1 0.079 0.236 0.07 0.962 0.585 12.165 45 16.769 161.227 0 0
97250 8 19 7 1 0.079 0.236 0.07 0.962 0.585 2.86 61 11.042 155.46 0.18 0
97250 9 19 7 1 0.079 0.236 0.07 0.962 0.585 13.266 104 21.773 224.24 0 0
97250 10 19 7 1 0.079 0.236 0.07 0.962 0.585 17.213 97 24.366 204.027 0 0
97250 1 19 7 1 0.008 0.425 0.466 0.837 0.708 14.895 14 19.803 103.647 0 0
97250 2 19 7 1 0.008 0.425 0.466 0.837 0.708 13.803 5 17.714 93.693 0 0.047
97250 3 19 7 1 0.008 0.425 0.466 0.837 0.708 19.977 16 25.045 117.087 0 0
97250 4 19 7 1 0.008 0.425 0.466 0.837 0.708 12.322 11 19.104 105.6 0 0
97250 5 19 7 1 0.008 0.425 0.466 0.837 0.708 11.414 9 17.121 112.573 0 0.013
97250 6 19 7 1 0.008 0.425 0.466 0.837 0.708 17.919 18 23.725 128.48 0 0
97250 7 19 7 1 0.008 0.425 0.466 0.837 0.708 17.6 15 21.948 114.967 0 0
97250 8 19 7 1 0.008 0.425 0.466 0.837 0.708 16.139 6 21.518 99.36 0 0.033
97250 9 19 7 1 0.008 0.425 0.466 0.837 0.708 10.39 16 15.49 110.473 0 0
97250 10 19 7 1 0.008 0.425 0.466 0.837 0.708 13.787 9 24.429 124 0 0.02
97250 1 19 7 1 0.024 0.381 0.005 0.807 0.147 248.878 6733 249.895 7746.887 0 0
97250 2 19 7 1 0.024 0.381 0.005 0.807 0.147 249.127 7003 249.928 8260.047 0 0
97250 3 19 7 1 0.024 0.381 0.005 0.807 0.147 249.291 7873 249.973 9842.473 0 0
97250 4 19 7 1 0.024 0.381 0.005 0.807 0.147 248.815 6886 249.902 8179.887 0 0
97250 5 19 7 1 0.024 0.381 0.005 0.807 0.147 248.826 6394 249.909 7573.913 0 0
97250 6 19 7 1 0.024 0.381 0.005 0.807 0.147 248.978 6327 249.896 7259.307 0 0
97250 7 19 7 1 0.024 0.381 0.005 0.807 0.147 248.58 6437 249.853 7529.227 0 0
97250 8 19 7 1 0.024 0.381 0.005 0.807 0.147 248.991 7466 249.962 9287.907 0 0
97250 9 19 7 1 0.024 0.381 0.005 0.807 0.147 249.231 7486 249.935 8421.407 0 0
97250 10 19 7 1 0.024 0.381 0.005 0.807 0.147 249.02 6089 249.878 7542.593 0 0
97250 1 19 7 1 0.013 0.279 0.003 0.941 0.05 250 13233 250 14923.507 0 0
97250 2 19 7 1 0.013 0.279 0.003 0.941 0.05 249.865 12387 249.999 13818.667 0 0
97250 1 15 7 0 0.064 0.47 0.471 0.816 0.41 2.204 8 6.735 76.273 0.233 0.007
97250 2 15 7 0 0.064 0.47 0.471 0.816 0.41 3.601 10 7 73.573 0.32 0
97250 3 15 7 0 0.064 0.47 0.471 0.816 0.41 5.637 8 12.031 101.233 0 0.007
97250 4 15 7 0 0.064 0.47 0.471 0.816 0.41 2.084 10 7.985 73.527 0.167 0
97250 5 15 7 0 0.064 0.47 0.471 0.816 0.41 3.52 27 6.346 77.647 0.353 0
97250 6 15 7 0 0.064 0.47 0.471 0.816 0.41 0 0 0 0 1 1
97250 7 15 7 0 0.064 0.47 0.471 0.816 0.41 0 1 0.808 9.167 1 0.66
97250 8 15 7 0 0.064 0.47 0.471 0.816 0.41 0 0 0 0 1 1
97250 9 15 7 0 0.064 0.47 0.471 0.816 0.41 0 0 0 0 1 1
97250 10 15 7 0 0.064 0.47 0.471 0.816 0.41 4.261 15 7.228 78.147 0.14 0
97250 1 15 7 0 0.032 0.003 0.037 0.872 0.118 6.426 12 10.305 66.073 0 0
97250 2 15 7 0 0.032 0.003 0.037 0.872 0.118 4.009 8 6.459 66.513 0.093 0.02
97250 3 15 7 0 0.032 0.003 0.037 0.872 0.118 10.845 21 14.808 100.287 0 0
97250 4 15 7 0 0.032 0.003 0.037 0.872 0.118 6.584 13 11.564 83.113 0 0
97250 5 15 7 0 0.032 0.003 0.037 0.872 0.118 4.483 24 7.523 77.607 0.013 0
97250 6 15 7 0 0.032 0.003 0.037 0.872 0.118 6.813 9 9.981 81.287 0 0.007
97250 7 15 7 0 0.032 0.003 0.037 0.872 0.118 0 0 0 0 1 1
97250 8 15 7 0 0.032 0.003 0.037 0.872 0.118 2.879 8 7.969 77.34 0.12 0.033
97250 9 15 7 0 0.032 0.003 0.037 0.872 0.118 3.342 15 8.227 82.547 0.16 0
97250 10 15 7 0 0.032 0.003 0.037 0.872 0.118 7.981 11 11.525 84.627 0 0
97250 1 15 7 0 0.063 0.106 0.133 0.822 0.174 236.064 623 245.023 2000.14 0 0
97250 2 15 7 0 0.063 0.106 0.133 0.822 0.174 240.954 808 245.946 1971.487 0 0
97250 3 15 7 0 0.063 0.106 0.133 0.822 0.174 234.203 214 244.122 1783.6 0 0
97250 4 15 7 0 0.063 0.106 0.133 0.822 0.174 237.603 742 243.615 1627.04 0 0
97250 5 15 7 0 0.063 0.106 0.133 0.822 0.174 237.753 741 243.336 1812.507 0 0
97250 6 15 7 0 0.063 0.106 0.133 0.822 0.174 233.392 229 243.678 1640.42 0 0
97250 7 15 7 0 0.063 0.106 0.133 0.822 0.174 229.887 466 243.969 1822.007 0 0
97250 8 15 7 0 0.063 0.106 0.133 0.822 0.174 225.881 352 240.188 1683.24 0 0
97250 9 15 7 0 0.063 0.106 0.133 0.822 0.174 240.46 791 245.101 1807.867 0 0
97250 10 15 7 0 0.063 0.106 0.133 0.822 0.174 235.114 517 243.747 1799.12 0 0
97250 1 15 7 0 0.103 0.322 0.221 0.834 0.053 248.17 3807 249.618 4793.313 0 0
97250 2 15 7 0 0.103 0.322 0.221 0.834 0.053 248.092 3557 249.639 4175.587 0 0
97250 3 15 7 0 0.103 0.322 0.221 0.834 0.053 247.805 3444 249.574 4407.807 0 0
97250 4 15 7 0 0.103 0.322 0.221 0.834 0.053 247.73 4020 249.66 4721.167 0 0
97250 5 15 7 0 0.103 0.322 0.221 0.834 0.053 248.277 4030 249.676 4820.807 0 0
97250 6 15 7 0 0.103 0.322 0.221 0.834 0.053 248.28 4044 249.703 5074.447 0 0
97250 7 15 7 0 0.103 0.322 0.221 0.834 0.053 247.479 3824 249.538 4554.253 0 0
97250 8 15 7 0 0.103 0.322 0.221 0.834 0.053 248.582 3480 249.709 4280.113 0 0
97250 9 15 7 0 0.103 0.322 0.221 0.834 0.053 247.579 3784 249.699 4891.18 0 0
97250 10 15 7 0 0.103 0.322 0.221 0.834 0.053 246.832 3513 249.558 4402.56 0 0
97250 1 15 7 0 0.08 0.286 0.403 0.958 0.495 0 0 0 0 1 1
97250 2 15 7 0 0.08 0.286 0.403 0.958 0.495 2.484 18 5.417 69.087 0.38 0
97250 3 15 7 0 0.08 0.286 0.403 0.958 0.495 2.521 14 6.063 78.647 0.213 0
97250 4 15 7 0 0.08 0.286 0.403 0.958 0.495 5.496 10 8.451 81.933 0 0
97250 5 15 7 0 0.08 0.286 0.403 0.958 0.495 4.484 11 7.005 65.64 0.087 0
97250 6 15 7 0 0.08 0.286 0.403 0.958 0.495 0 1 0.453 5.867 1 0.787
97250 7 15 7 0 0.08 0.286 0.403 0.958 0.495 3.159 10 6.153 68.76 0.1 0
97250 8 15 7 0 0.08 0.286 0.403 0.958 0.495 0 0 0 0 1 1
97250 9 15 7 0 0.08 0.286 0.403 0.958 0.495 2.774 13 5.823 67.793 0.373 0
97250 10 15 7 0 0.08 0.286 0.403 0.958 0.495 6.278 26 9.691 90.46 0 0
97250 1 15 7 0 0.018 0.165 0.321 0.84 0.294 10.134 24 17.866 132.5 0 0
97250 2 15 7 0 0.018 0.165 0.321 0.84 0.294 10.89 15 17.035 113.573 0 0
97250 3 15 7 0 0.018 0.165 0.321 0.84 0.294 10.294 20 17.867 129.667 0 0
97250 4 15 7 0 0.018 0.165 0.321 0.84 0.294 17.866 15 22.59 140.06 0 0
97250 5 15 7 0 0.018 0.165 0.321 0.84 0.294 21.246 14 26.077 146.06 0 0
97250 6 15 7 0 0.018 0.165 0.321 0.84 0.294 0 0 0 0 1 1
97250 7 15 7 0 0.018 0.165 0.321 0.84 0.294 3.994 12 8.933 86.8 0.033 0
97250 8 15 7 0 0.018 0.165 0.321 0.84 0.294 22.337 19 26.488 138.987 0 0
97250 9 15 7 0 0.018 0.165 0.321 0.84 0.294 23.851 28 29.244 134.493 0 0
97250 10 15 7 0 0.018 0.165 0.321 0.84 0.294 14.197 16 18.135 122.84 0 0
97250 1 15 7 0 0.024 0.164 0.186 0.831 0.949 12.799 18 16.114 79.667 0 0
97250 2 15 7 0 0.024 0.164 0.186 0.831 0.949 8.68 14 13.304 79.493 0 0
97250 3 15 7 0 0.024 0.164 0.186 0.831 0.949 9.657 13 13.579 90.447 0 0
97250 4 15 7 0 0.024 0.164 0.186 0.831 0.949 6.67 12 11.255 80.387 0 0
97250 1 20 10 1 0.097 0.4 0.483 0.802 0.657 21.001 6 25.279 109.353 0 0.02
97250 2 20 10 1 0.097 0.4 0.483 0.802 0.657 18.792 5 26.294 124.34 0 0.167
97250 3 20 10 1 0.097 0.4 0.483 0.802 0.657 18.607 10 25.932 117.527 0 0
97250 4 20 10 1 0.097 0.4 0.483 0.802 0.657 23.28 8 30.557 136.113 0 0.047
97250 5 20 10 1 0.097 0.4 0.483 0.802 0.657 20.442 11 26.877 106.907 0 0
97250 6 20 10 1 0.097 0.4 0.483 0.802 0.657 22.591 7 28 79.253 0 0.047
97250 7 20 10 1 0.097 0.4 0.483 0.802 0.657 19.434 7 26.12 141.247 0 0.02
97250 8 20 10 1 0.097 0.4 0.483 0.802 0.657 13.369 7 16.424 98.54 0 0.007
97250 9 20 10 1 0.097 0.4 0.483 0.802 0.657 17.713 7 22.447 107.58 0 0.033
97250 10 20 10 1 0.097 0.4 0.483 0.802 0.657 11.311 8 14.143 65.34 0 0.027
97250 1 20 10 1 0.017 0.321 0.497 0.796 0.445 16.648 8 24.399 130.66 0 0.04
97250 2 20 10 1 0.017 0.321 0.497 0.796 0.445 11.73 4 19.596 95.927 0 0.053
97250 3 20 10 1 0.017 0.321 0.497 0.796 0.445 8.307 9 12.936 97.367 0 0.013
97250 4 20 10 1 0.017 0.321 0.497 0.796 0.445 11.88 3 16.562 91.54 0 0.013
97250 5 20 10 1 0.017 0.321 0.497 0.796 0.445 7.464 10 12.119 106.953 0 0
97250 6 20 10 1 0.017 0.321 0.497 0.796 0.445 9.551 10 13.363 98.4 0 0
97250 7 20 10 1 0.017 0.321 0.497 0.796 0.445 18.733 8 30.409 125.573 0 0.027
97250 8 20 10 1 0.017 0.321 0.497 0.796 0.445 5.034 5 11.925 100.187 0 0.033
97250 9 20 10 1 0.017 0.321 0.497 0.796 0.445 0 0 0 0 1 1
97250 10 20 10 1 0.017 0.321 0.497 0.796 0.445 8.23 15 11.204 97.28 0 0
97250 1 20 10 1 0.06 0.113 0.187 0.839 0.024 248.392 4112 249.589 4844.4 0 0
97250 2 20 10 1 0.06 0.113 0.187 0.839 0.024 248.153 4550 249.748 5699.12 0 0
97250 3 20 10 1 0.06 0.113 0.187 0.839 0.024 247.878 3874 249.579 4843.767 0 0
97250 4 20 10 1 0.06 0.113 0.187 0.839 0.024 247.803 4110 249.603 5219.893 0 0
97250 5 20 10 1 0.06 0.113 0.187 0.839 0.024 248.546 3903 249.621 4910.793 0 0
97250 6 20 10 1 0.06 0.113 0.187 0.839 0.024 247.801 3960 249.578 5222.487 0 0
97250 7 20 10 1 0.06 0.113 0.187 0.839 0.024 248.514 4653 249.716 5581.16 0 0
97250 8 20 10 1 0.06 0.113 0.187 0.839 0.024 247.513 3204 249.432 4783.507 0 0
97250 9 20 10 1 0.06 0.113 0.187 0.839 0.024 248.014 4166 249.623 4974.947 0 0
97250 10 20 10 1 0.06 0.113 0.187 0.839 0.024 248.168 3485 249.617 5078.533 0 0
97250 1 20 10 1 0.106 0.33 0.43 0.8 0.838 14.116 9 19.942 97.8 0 0.007
97250 2 20 10 1 0.106 0.33 0.43 0.8 0.838 12.234 7 17.433 100.5 0 0.06
97250 3 20 10 1 0.106 0.33 0.43 0.8 0.838 11.729 9 17.856 105.073 0 0.067
97250 4 20 10 1 0.106 0.33 0.43 0.8 0.838 13.743 6 20.288 98 0 0.053
97250 5 20 10 1 0.106 0.33 0.43 0.8 0.838 20.325 7 27.48 128.04 0 0.08
97250 6 20 10 1 0.106 0.33 0.43 0.8 0.838 18.009 9 22.699 133.247 0 0.007
97250 7 20 10 1 0.106 0.33 0.43 0.8 0.838 13.841 8 19.312 112.173 0 0.047
97250 8 20 10 1 0.106 0.33 0.43 0.8 0.838 14.86 12 18.359 104.92 0 0
97250 9 20 10 1 0.106 0.33 0.43 0.8 0.838 29.181 8 38.111 132.447 0 0.047
97250 10 20 10 1 0.106 0.33 0.43 0.8 0.838 27.036 8 33.148 129.393 0 0.02
97250 1 20 10 1 0.02 0.352 0.484 0.859 0.688 34.572 12 43.981 162.293 0 0
97250 2 20 10 1 0.02 0.352 0.484 0.859 0.688 18.32 9 25.132 118.793 0 0.027
97250 3 20 10 1 0.02 0.352 0.484 0.859 0.688 21.318 11 27.564 114.947 0 0
97250 4 20 10 1 0.02 0.352 0.484 0.859 0.688 13.088 9 20.033 107.913 0 0.02
97250 5 20 10 1 0.02 0.352 0.484 0.859 0.688 3.437 7 9.631 74.453 0.227 0.047
97250 6 20 10 1 0.02 0.352 0.484 0.859 0.688 23.492 11 27.688 114.86 0 0
97250 7 20 10 1 0.02 0.352 0.484 0.859 0.688 20.748 13 25.992 109.013 0 0
97250 8 20 10 1 0.02 0.352 0.484 0.859 0.688 17.909 3 24.908 88.48 0 0.053
97250 9 20 10 1 0.02 0.352 0.484 0.859 0.688 19.637 12 22.813 96.82 0 0
97250 10 20 10 1 0.02 0.352 0.484 0.859 0.688 17.187 4 25.024 106.387 0 0.093
97250 1 20 10 1 0.019 0.042 0.244 0.795 0.582 14.735 8 19.691 128.493 0 0.02
97250 1 19 7 0 0.108 0.071 0.237 0.928 0.532 15.535 14 20.202 111.153 0 0
97250 2 19 7 0 0.108 0.071 0.237 0.928 0.532 14.606 14 20.998 109.12 0 0
97250 3 19 7 0 0.108 0.071 0.237 0.928 0.532 20.95 14 25.412 98.28 0 0
97250 4 19 7 0 0.108 0.071 0.237 0.928 0.532 30.201 10 38.937 159.22 0 0
97250 5 19 7 0 0.108 0.071 0.237 0.928 0.532 17.44 12 22.161 111.18 0 0
97250 6 19 7 0 0.108 0.071 0.237 0.928 0.532 20.422 8 27.19 111.02 0 0.02
97250 7 19 7 0 0.108 0.071 0.237 0.928 0.532 18.674 15 25.155 135.367 0 0
97250 8 19 7 0 0.108 0.071 0.237 0.928 0.532 6.458 14 13.402 102.033 0 0
97250 9 19 7 0 0.108 0.071 0.237 0.928 0.532 12.729 16 18.088 104.767 0 0
97250 10 19 7 0 0.108 0.071 0.237 0.928 0.532 21.533 8 27.767 144.667 0 0.033
97250 1 19 7 0 0.007 0.21 0.044 0.81 0.732 0 0 0 0 1 1
97250 2 19 7 0 0.007 0.21 0.044 0.81 0.732 0 0 0 0 1 1
97250 3 19 7 0 0.007 0.21 0.044 0.81 0.732 8.048 22 12.306 105.733 0 0
97250 4 19 7 0 0.007 0.21 0.044 0.81 0.732 4.794 31 9.786 111.667 0.02 0
97250 5 19 7 0 0.007 0.21 0.044 0.81 0.732 0 0 0 0 1 1
97250 6 19 7 0 0.007 0.21 0.044 0.81 0.732 3.687 36 10.135 109.233 0.14 0
97250 7 19 7 0 0.007 0.21 0.044 0.81 0.732 5.549 19 9.284 93.913 0 0
97250 8 19 7 0 0.007 0.21 0.044 0.81 0.732 0 0 0 0 1 1
97250 9 19 7 0 0.007 0.21 0.044 0.81 0.732 0 0 0 0 1 1
97250 10 19 7 0 0.007 0.21 0.044 0.81 0.732 1.682 27 6.973 92.62 0.4 0
97250 1 19 7 0 0.02 0.252 0.038 0.98 0.423 230.35 271 242.209 1610.353 0 0
97250 2 19 7 0 0.02 0.252 0.038 0.98 0.423 229.083 49 242.129 1674.027 0 0
97250 3 19 7 0 0.02 0.252 0.038 0.98 0.423 232.319 593 240.661 1621.36 0 0
97250 4 19 7 0 0.02 0.252 0.038 0.98 0.423 232.092 153 239.278 1522.953 0 0
97250 5 19 7 0 0.02 0.252 0.038 0.98 0.423 237.457 344 243.568 1675.507 0 0
97250 6 19 7 0 0.02 0.252 0.038 0.98 0.423 233.894 123 241.375 1493.587 0 0
97250 7 19 7 0 0.02 0.252 0.038 0.98 0.423 230.53 503 241.321 1639.607 0 0
97250 8 19 7 0 0.02 0.252 0.038 0.98 0.423 224.641 466 230.744 1342.047 0 0
97250 9 19 7 0 0.02 0.252 0.038 0.98 0.423 232.378 483 242.883 1652.62 0 0
97250 10 19 7 0 0.02 0.252 0.038 0.98 0.423 237.461 254 242.75 1699.287 0 0
97250 1 19 7 0 0.116 0.139 0.013 0.798 0.56 0 0 0 0 1 1
97250 2 19 7 0 0.116 0.139 0.013 0.798 0.56 0 0 0 0 1 1
97250 3 19 7 0 0.116 0.139 0.013 0.798 0.56 0 0 0 0 1 1
97250 4 19 7 0 0.116 0.139 0.013 0.798 0.56 0 0 0 0 1 1
97250 5 19 7 0 0.116 0.139 0.013 0.798 0.56 0 0 0 0 1 1
97250 6 19 7 0 0.116 0.139 0.013 0.798 0.56 0 0 0 0 1 1
97250 7 19 7 0 0.116 0.139 0.013 0.798 0.56 0 0 0 0 1 1
97250 8 19 7 0 0.116 0.139 0.013 0.798 0.56 0 0 0 0 1 1
97250 9 19 7 0 0.116 0.139 0.013 0.798 0.56 0 0 0 0 1 1
97250 10 19 7 0 0.116 0.139 0.013 0.798 0.56 0 0 0 0 1 1
97250 1 19 7 0 0.078 0.121 0.456 0.846 0.201 11.065 24 16.396 117.233 0 0
97250 2 19 7 0 0.078 0.121 0.456 0.846 0.201 19.008 14 23.449 136.693 0 0
97250 3 19 7 0 0.078 0.121 0.456 0.846 0.201 13.247 11 17.86 132.147 0 0
97250 4 19 7 0 0.078 0.121 0.456 0.846 0.201 26.927 11 33.356 189.52 0 0
97250 5 19 7 0 0.078 0.121 0.456 0.846 0.201 17.438 14 21.966 151.147 0 0
97250 6 19 7 0 0.078 0.121 0.456 0.846 0.201 11.256 17 15.882 123.9 0 0
97250 7 19 7 0 0.078 0.121 0.456 0.846 0.201 13.623 13 20.688 144.32 0 0
97250 8 19 7 0 0.078 0.121 0.456 0.846 0.201 25.989 14 33.82 187.38 0 0
97250 9 19 7 0 0.078 0.121 0.456 0.846 0.201 11.36 13 18.269 135.093 0 0
97250 10 19 7 0 0.078 0.121 0.456 0.846 0.201 7.877 14 13.34 109.293 0 0
97250 1 19 7 0 0.107 0.167 0.16 0.884 0.181 234.484 899 243.658 2441.607 0 0
97250 2 19 7 0 0.107 0.167 0.16 0.884 0.181 242.089 1111 246.669 2486.113 0 0
97250 3 19 7 0 0.107 0.167 0.16 0.884 0.181 240.601 1552 246.197 2618.533 0 0
97250 4 19 7 0 0.107 0.167 0.16 0.884 0.181 234.121 258 247.563 2751.22 0 0
97250 5 19 7 0 0.107 0.167 0.16 0.884 0.181 241.375 344 246.714 2473.12 0 0
97250 6 19 7 0 0.107 0.167 0.16 0.884 0.181 241.56 1487 247.397 2689.187 0 0
97250 7 19 7 0 0.107 0.167 0.16 0.884 0.181 231.098 1089 242.646 2289.207 0 0
97250 8 19 7 0 0.107 0.167 0.16 0.884 0.181 238.975 1491 246.18 2712.333 0 0
97250 9 19 7 0 0.107 0.167 0.16 0.884 0.181 243.45 1187 247.72 2704.133 0 0
97250 10 19 7 0 0.107 0.167 0.16 0.884 0.181 238.909 1178 245.96 2478.16 0 0
97250 1 17 8 0 0.015 0.38 0.311 0.767 0.86 10.58 7 16.957 97.747 0 0.053
97250 2 17 8 0 0.015 0.38 0.311 0.767 0.86 19.504 11 23.091 97.913 0 0
97250 3 17 8 0 0.015 0.38 0.311 0.767 0.86 11.608 10 16.588 96.593 0 0
97250 4 17 8 0 0.015 0.38 0.311 0.767 0.86 10.693 10 13.592 80.273 0 0
97250 5 17 8 0 0.015 0.38 0.311 0.767 0.86 17.242 7 23.721 91.053 0 0.04
97250 6 17 8 0 0.015 0.38 0.311 0.767 0.86 16.959 9 21.468 93.493 0 0.007
97250 7 17 8 0 0.015 0.38 0.311 0.767 0.86 22.584 9 27.404 100.007 0 0.027
97250 8 17 8 0 0.015 0.38 0.311 0.767 0.86 7.332 9 10.859 74.047 0 0.007
97250 9 17 8 0 0.015 0.38 0.311 0.767 0.86 7.99 9 12.666 83.707 0 0.007
97250 10 17 8 0 0.015 0.38 0.311 0.767 0.86 15.056 15 19.544 103.327 0 0
97250 1 17 8 0 0.063 0.474 0.125 0.902 0.09 248.631 4151 249.743 5191.113 0 0
97250 2 17 8 0 0.063 0.474 0.125 0.902 0.09 247.202 3785 249.639 4850.807 0 0
97250 3 17 8 0 0.063 0.474 0.125 0.902 0.09 248.458 4043 249.714 4978.293 0 0
97250 4 17 8 0 0.063 0.474 0.125 0.902 0.09 247.962 3567 249.562 4981.22 0 0
97250 5 17 8 0 0.063 0.474 0.125 0.902 0.09 248.58 4204 249.681 5163.153 0 0
97250 6 17 8 0 0.063 0.474 0.125 0.902 0.09 248.358 4408 249.725 5213.66 0 0
97250 7 17 8 0 0.063 0.474 0.125 0.902 0.09 248.765 4835 249.807 5706.04 0 0
97250 8 17 8 0 0.063 0.474 0.125 0.902 0.09 249.042 4282 249.835 5597.787 0 0
97250 9 17 8 0 0.063 0.474 0.125 0.902 0.09 247.488 4277 249.686 5369.673 0 0
97250 10 17 8 0 0.063 0.474 0.125 0.902 0.09 247.967 3863 249.623 5005.32 0 0
97250 1 17 8 0 0.047 0.166 0.262 0.888 0.405 0 0 0 0 1 1
97250 2 17 8 0 0.047 0.166 0.262 0.888 0.405 12.055 12 16.144 98.52 0 0
97250 3 17 8 0 0.047 0.166 0.262 0.888 0.405 5.15 19 8.674 99.973 0 0
97250 4 17 8 0 0.047 0.166 0.262 0.888 0.405 17.486 12 20.691 129.827 0 0
97250 5 17 8 0 0.047 0.166 0.262 0.888 0.405 16.262 6 20.248 110.973 0 0.02
97250 6 17 8 0 0.047 0.166 0.262 0.888 0.405 11.349 23 14.596 115.66 0 0
97250 7 17 8 0 0.047 0.166 0.262 0.888 0.405 11.953 18 15.617 114.16 0 0
97250 8 17 8 0 0.047 0.166 0.262 0.888 0.405 17.08 34 23.331 155.347 0 0
97250 9 17 8 0 0.047 0.166 0.262 0.888 0.405 20.429 11 24.935 145.107 0 0
97250 10 17 8 0 0.047 0.166 0.262 0.888 0.405 9.043 10 13.47 113.813 0 0
97250 1 17 8 0 0.013 0.286 0.082 0.951 0.726 0 0 0 0 1 1
97250 2 17 8 0 0.013 0.286 0.082 0.951 0.726 3.379 13 9.03 92.213 0.153 0
97250 3 17 8 0 0.013 0.286 0.082 0.951 0.726 0 0 0 0 1 1
97250 4 17 8 0 0.013 0.286 0.082 0.951 0.726 0 0 0 0 1 1
97250 5 17 8 0 0.013 0.286 0.082 0.951 0.726 7.607 17 12.417 92.42 0 0
97250 6 17 8 0 0.013 0.286 0.082 0.951 0.726 0 0 0 0 1 1
97250 7 17 8 0 0.013 0.286 0.082 0.951 0.726 0 0 0 0 1 1
97250 8 17 8 0 0.013 0.286 0.082 0.951 0.726 4.791 12 10.84 91.053 0.02 0
97250 9 17 8 0 0.013 0.286 0.082 0.951 0.726 5.85 30 9.475 100.367 0 0
97250 10 17 8 0 0.013 0.286 0.082 0.951 0.726 0 0 0 0 1 1
97250 1 17 8 0 0.015 0.225 0.113 0.879 0.511 10.266 13 18.903 107.893 0 0
97250 2 17 8 0 0.015 0.225 0.113 0.879 0.511 15.012 28 23.038 143.047 0 0
97250 3 17 8 0 0.015 0.225 0.113 0.879 0.511 25.929 23 31.947 173.933 0 0
97250 4 17 8 0 0.015 0.225 0.113 0.879 0.511 22.861 11 26.746 157.467 0 0
97250 5 17 8 0 0.015 0.225 0.113 0.879 0.511 27.081 22 31.306 184.42 0 0
97250 6 17 8 0 0.015 0.225 0.113 0.879 0.511 13.264 48 20.906 188.767 0 0
97250 7 17 8 0 0.015 0.225 0.113 0.879 0.511 15.957 11 20.436 145.773 0 0
97250 8 17 8 0 0.015 0.225 0.113 0.879 0.511 22.575 38 29.905 195.64 0 0
97250 9 17 8 0 0.015 0.225 0.113 0.879 0.511 11.069 23 17.574 126.733 0 0
97250 10 17 8 0 0.015 0.225 0.113 0.879 0.511 14.253 25 20.354 173.693 0 0
97250 1 17 8 0 0.053 0.42 0.212 0.807 0.004 248.317 6500 249.919 7721.36 0 0
97250 2 17 8 0 0.053 0.42 0.212 0.807 0.004 248.722 6030 249.917 7430.247 0 0
97250 3 17 8 0 0.053 0.42 0.212 0.807 0.004 249.034 5852 249.877 7142.98 0 0
97250 4 17 8 0 0.053 0.42 0.212 0.807 0.004 248.906 5761 249.906 7281.633 0 0
97250 5 17 8 0 0.053 0.42 0.212 0.807 0.004 248.655 6404 249.918 7672.08 0 0
97250 6 17 8 0 0.053 0.42 0.212 0.807 0.004 248.72 5683 249.866 6866.44 0 0
97250 7 17 8 0 0.053 0.42 0.212 0.807 0.004 249.085 6156 249.943 7809.893 0 0
97250 8 17 8 0 0.053 0.42 0.212 0.807 0.004 248.67 6036 249.861 7308.167 0 0
97250 1 17 9 1 0.089 0.247 0.063 0.978 0.764 2.568 45 6.038 92.673 0.373 0
97250 2 17 9 1 0.089 0.247 0.063 0.978 0.764 0 0 0 0 1 1
97250 3 17 9 1 0.089 0.247 0.063 0.978 0.764 0 0 0 0 1 1
97250 4 17 9 1 0.089 0.247 0.063 0.978 0.764 1.938 28 5.219 75 0.54 0
97250 5 17 9 1 0.089 0.247 0.063 0.978 0.764 2.633 40 5.485 79.28 0.433 0
97250 6 17 9 1 0.089 0.247 0.063 0.978 0.764 0 0 0 0 1 1
97250 7 17 9 1 0.089 0.247 0.063 0.978 0.764 3.411 55 7.73 98.987 0.14 0
97250 8 17 9 1 0.089 0.247 0.063 0.978 0.764 5.143 62 8.893 110.873 0 0
97250 9 17 9 1 0.089 0.247 0.063 0.978 0.764 4.11 38 8.994 98.327 0.087 0
97250 10 17 9 1 0.089 0.247 0.063 0.978 0.764 0 0 0 0 1 1
97250 1 17 9 1 0.05 0.047 0.215 0.829 0.975 12.387 8 17.852 95.5 0 0.013
97250 2 17 9 1 0.05 0.047 0.215 0.829 0.975 23.077 8 26.234 80.44 0 0.04
97250 3 17 9 1 0.05 0.047 0.215 0.829 0.975 3.88 13 7.116 74.627 0.053 0
97250 4 17 9 1 0.05 0.047 0.215 0.829 0.975 16.456 6 21.041 86.687 0 0.06
97250 5 17 9 1 0.05 0.047 0.215 0.829 0.975 14.468 11 18.611 104.307 0 0
97250 6 17 9 1 0.05 0.047 0.215 0.829 0.975 7.605 10 11.008 80.3 0 0
97250 7 17 9 1 0.05 0.047 0.215 0.829 0.975 11.456 9 15.189 96.26 0 0.007
97250 8 17 9 1 0.05 0.047 0.215 0.829 0.975 7.128 14 11.571 92.6 0 0
97250 9 17 9 1 0.05 0.047 0.215 0.829 0.975 10.206 8 13.738 86.28 0 0.013
97250 10 17 9 1 0.05 0.047 0.215 0.829 0.975 21.765 9 25.965 95.8 0 0.007
97250 1 17 9 1 0.023 0.253 0.224 0.896 0.931 0 0 0 0 1 1
97250 2 17 9 1 0.023 0.253 0.224 0.896 0.931 19.144 12 24.152 110.9 0 0
97250 3 17 9 1 0.023 0.253 0.224 0.896 0.931 8.273 12 12.256 94.56 0 0
97250 4 17 9 1 0.023 0.253 0.224 0.896 0.931 7.04 15 11.029 82.053 0 0
97250 5 17 9 1 0.023 0.253 0.224 0.896 0.931 3.014 20 8.893 77.94 0.26 0
97250 6 17 9 1 0.023 0.253 0.224 0.896 0.931 8.731 10 12.869 82.407 0 0
97250 7 17 9 1 0.023 0.253 0.224 0.896 0.931 14.086 9 22.305 107.46 0 0.02
97250 8 17 9 1 0.023 0.253 0.224 0.896 0.931 12.924 13 16.743 90.767 0 0
97250 9 17 9 1 0.023 0.253 0.224 0.896 0.931 10.692 8 15.887 105.647 0 0.06
97250 10 17 9 1 0.023 0.253 0.224 0.896 0.931 1.935 17 5.985 82.44 0.313 0
97250 1 17 9 1 0.091 0.201 0.347 0.973 0.396 11.732 36 14.806 103.807 0 0
97250 2 17 9 1 0.091 0.201 0.347 0.973 0.396 7.751 24 11.203 101.533 0 0
97250 3 17 9 1 0.091 0.201 0.347 0.973 0.396 7.035 21 11.1 108.013 0 0
97250 4 17 9 1 0.091 0.201 0.347 0.973 0.396 13.627 13 17.393 117.947 0 0
97250 5 17 9 1 0.091 0.201 0.347 0.973 0.396 1.242 22 3.704 56.807 0.8 0
97250 6 17 9 1 0.091 0.201 0.347 0.973 0.396 3.277 23 8.849 98.1 0.14 0
97250 7 17 9 1 0.091 0.201 0.347 0.973 0.396 8.037 23 14.712 103.447 0 0
97250 8 17 9 1 0.091 0.201 0.347 0.973 0.396 3.128 18 6.042 86.18 0.313 0
97250 9 17 9 1 0.091 0.201 0.347 0.973 0.396 0 0 0 0 1 1
97250 10 17 9 1 0.091 0.201 0.347 0.973 0.396 3.833 24 8.417 93.187 0.08 0
97250 1 17 9 1 0.07 0.39 0.296 0.998 0.066 245.322 2411 248.754 3193.94 0 0
97250 2 17 9 1 0.07 0.39 0.296 0.998 0.066 246.842 2720 249.021 3394.987 0 0
97250 3 17 9 1 0.07 0.39 0.296 0.998 0.066 245.603 2391 248.908 3361.847 0 0
97250 4 17 9 1 0.07 0.39 0.296 0.998 0.066 246.49 2526 248.944 3228.287 0 0
97250 5 17 9 1 0.07 0.39 0.296 0.998 0.066 245.918 2651 248.894 3389.327 0 0
97250 6 17 9 1 0.07 0.39 0.296 0.998 0.066 246.077 2435 248.701 3150.513 0 0
97250 7 17 9 1 0.07 0.39 0.296 0.998 0.066 246.112 2257 249.065 3228.587 0 0
97250 8 17 9 1 0.07 0.39 0.296 0.998 0.066 243.974 2644 248.957 3512.74 0 0
97250 9 17 9 1 0.07 0.39 0.296 0.998 0.066 245.666 2568 248.594 3417.313 0 0
97250 10 17 9 1 0.07 0.39 0.296 0.998 0.066 246.841 2773 249.055 3573.733 0 0
97250 1 17 9 1 0.068 0.141 0.261 0.991 0.971 13.461 11 18.15 102.913 0 0
97250 2 17 9 1 0.068 0.141 0.261 0.991 0.971 15.288 8 20.884 88.16 0 0.02
97250 3 17 9 1 0.068 0.141 0.261 0.991 0.971 9.733 15 15.268 88.633 0 0
97250 4 17 9 1 0.068 0.141 0.261 0.991 0.971 16.36 10 20.077 101.22 0 0
97250 5 17 9 1 0.068 0.141 0.261 0.991 0.971 14.828 8 20.682 99.233 0 0.027
97250 6 17 9 1 0.068 0.141 0.261 0.991 0.971 11.774 10 16.32 84.52 0 0
97250 7 17 9 1 0.068 0.141 0.261 0.991 0.971 6.398 10 14.754 105.427 0 0
97250 8 17 9 1 0.068 0.141 0.261 0.991 0.971 9.355 15 12.782 74.493 0 0
97250 9 17 9 1 0.068 0.141 0.261 0.991 0.971 18.455 4 22.911 96.207 0 0.053
97250 1 19 8 1 0.112 0.052 0.292 0.851 0.767 11.427 11 16.513 113.32 0 0
97250 2 19 8 1 0.112 0.052 0.292 0.851 0.767 17.27 6 23.72 89.8 0 0.02
97250 3 19 8 1 0.112 0.052 0.292 0.851 0.767 9.781 9 15.363 96.54 0 0.007
97250 4 19 8 1 0.112 0.052 0.292 0.851 0.767 22.887 7 29.015 116.3 0 0.087
97250 5 19 8 1 0.112 0.052 0.292 0.851 0.767 14.143 16 21.992 117.42 0 0
97250 6 19 8 1 0.112 0.052 0.292 0.851 0.767 25.324 8 30.281 113.413 0 0.007
97250 7 19 8 1 0.112 0.052 0.292 0.851 0.767 11.868 10 19.67 106.4 0 0
97250 8 19 8 1 0.112 0.052 0.292 0.851 0.767 19.669 10 27.416 110.56 0 0
97250 9 19 8 1 0.112 0.052 0.292 0.851 0.767 15.675 7 23.078 128.573 0 0.027
97250 10 19 8 1 0.112 0.052 0.292 0.851 0.767 15.717 11 21.389 126.82 0 0
97250 1 19 8 1 0.093 0.328 0.163 0.904 0.11 246.478 3490 249.294 4240.74 0 0
97250 2 19 8 1 0.093 0.328 0.163 0.904 0.11 246.904 3200 249.167 4305.82 0 0
97250 3 19 8 1 0.093 0.328 0.163 0.904 0.11 246.877 3139 249.286 4095.233 0 0
97250 4 19 8 1 0.093 0.328 0.163 0.904 0.11 247.63 3533 249.415 4589.387 0 0
97250 5 19 8 1 0.093 0.328 0.163 0.904 0.11 246.595 3075 249.321 4101.627 0 0
97250 6 19 8 1 0.093 0.328 0.163 0.904 0.11 247.727 3671 249.498 4630.453 0 0
97250 7 19 8 1 0.093 0.328 0.163 0.904 0.11 247.974 3914 249.546 4565.433 0 0
97250 8 19 8 1 0.093 0.328 0.163 0.904 0.11 246.483 2973 249.097 3924.22 0 0
97250 9 19 8 1 0.093 0.328 0.163 0.904 0.11 245.894 3142 249.038 4187.347 0 0
97250 10 19 8 1 0.093 0.328 0.163 0.904 0.11 247.447 3214 249.399 4168.147 0 0
97250 1 19 8 1 0.107 0.474 0.233 0.938 0.615 10.184 40 12.835 135 0 0
97250 2 19 8 1 0.107 0.474 0.233 0.938 0.615 11.079 83 14.645 164.24 0 0
97250 3 19 8 1 0.107 0.474 0.233 0.938 0.615 8.692 73 12.493 152 0 0
97250 4 19 8 1 0.107 0.474 0.233 0.938 0.615 6.227 45 9.982 125.453 0 0
97250 5 19 8 1 0.107 0.474 0.233 0.938 0.615 5.298 35 8.156 110.18 0 0
97250 6 19 8 1 0.107 0.474 0.233 0.938 0.615 3.488 49 7.166 115.8 0.213 0
97250 7 19 8 1 0.107 0.474 0.233 0.938 0.615 4.805 92 9.974 142.333 0.04 0
97250 8 19 8 1 0.107 0.474 0.233 0.938 0.615 7.16 61 11.406 137.393 0 0
97250 9 19 8 1 0.107 0.474 0.233 0.938 0.615 9.041 59 11.757 140.127 0 0
97250 10 19 8 1 0.107 0.474 0.233 0.938 0.615 4.564 74 8.473 133.673 0.033 0
97250 1 19 8 1 0.051 0.239 0.283 0.972 0.035 247.361 3263 249.359 4189.693 0 0
97250 2 19 8 1 0.051 0.239 0.283 0.972 0.035 246.05 2623 249.061 3726.913 0 0
97250 3 19 8 1 0.051 0.239 0.283 0.972 0.035 246.669 2617 249.096 3772.913 0 0
97250 4 19 8 1 0.051 0.239 0.283 0.972 0.035 247.464 3174 249.42 4150.647 0 0
97250 5 19 8 1 0.051 0.239 0.283 0.972 0.035 246.174 2982 249.193 3742.253 0 0
97250 6 19 8 1 0.051 0.239 0.283 0.972 0.035 247.15 3285 249.315 4475.08 0 0
97250 7 19 8 1 0.051 0.239 0.283 0.972 0.035 247.164 2869 249.168 3844.2 0 0
97250 8 19 8 1 0.051 0.239 0.283 0.972 0.035 246.28 2779 249.148 3726.3 0 0
97250 9 19 8 1 0.051 0.239 0.283 0.972 0.035 245.413 2875 248.878 3818.18 0 0
97250 10 19 8 1 0.051 0.239 0.283 0.972 0.035 246.732 2667 248.924 3467.413 0 0
97250 1 19 8 1 0.041 0.162 0.126 0.821 0.186 245.357 2217 248.506 2855.247 0 0
97250 2 19 8 1 0.041 0.162 0.126 0.821 0.186 244.604 2083 248.159 2715.107 0 0
97250 3 19 8 1 0.041 0.162 0.126 0.821 0.186 244.468 1967 248.472 2799.22 0 0
97250 4 19 8 1 0.041 0.162 0.126 0.821 0.186 241.634 2038 248.007 2830.673 0 0
97250 5 19 8 1 0.041 0.162 0.126 0.821 0.186 243.051 1996 248.275 2669.473 0 0
97250 6 19 8 1 0.041 0.162 0.126 0.821 0.186 243.729 1869 247.475 2594.36 0 0
97250 7 19 8 1 0.041 0.162 0.126 0.821 0.186 243.973 1596 247.927 2676.907 0 0
97250 8 19 8 1 0.041 0.162 0.126 0.821 0.186 244.759 2131 247.995 2733.107 0 0
97250 9 19 8 1 0.041 0.162 0.126 0.821 0.186 244.552 1888 248.341 2561.367 0 0
97250 1 16 10 0 0.044 0.201 0.359 0.963 0.138 204.498 27 218.834 883.167 0 0
97250 2 16 10 0 0.044 0.201 0.359 0.963 0.138 208.132 26 218.561 1048.54 0 0
97250 3 16 10 0 0.044 0.201 0.359 0.963 0.138 202.896 161 216.553 909.627 0 0
97250 4 16 10 0 0.044 0.201 0.359 0.963 0.138 216.922 29 232.278 1014.26 0 0
97250 5 16 10 0 0.044 0.201 0.359 0.963 0.138 209.713 19 217.338 902.627 0 0
97250 6 16 10 0 0.044 0.201 0.359 0.963 0.138 213.356 110 222.825 914.76 0 0
97250 7 16 10 0 0.044 0.201 0.359 0.963 0.138 208.428 18 220.575 901.067 0 0
97250 8 16 10 0 0.044 0.201 0.359 0.963 0.138 164.921 24 173.599 725.66 0 0
97250 9 16 10 0 0.044 0.201 0.359 0.963 0.138 219.895 25 229.642 906.36 0 0
97250 10 16 10 0 0.044 0.201 0.359 0.963 0.138 217.095 20 226.52 928.787 0 0
97250 1 16 10 0 0.003 0.334 0.375 0.951 0.245 21.874 30 27.823 169.867 0 0
97250 2 16 10 0 0.003 0.334 0.375 0.951 0.245 23.894 20 31.451 171.933 0 0
97250 3 16 10 0 0.003 0.334 0.375 0.951 0.245 26.256 20 31.559 181.773 0 0
97250 4 16 10 0 0.003 0.334 0.375 0.951 0.245 26.682 24 32.29 164.24 0 0
97250 5 16 10 0 0.003 0.334 0.375 0.951 0.245 17.611 67 23.083 153.84 0 0
97250 6 16 10 0 0.003 0.334 0.375 0.951 0.245 23.502 25 32.32 160.2 0 0
97250 7 16 10 0 0.003 0.334 0.375 0.951 0.245 26.281 10 40.304 185.24 0 0
97250 8 16 10 0 0.003 0.334 0.375 0.951 0.245 13.629 27 17.694 123.24 0 0
97250 9 16 10 0 0.003 0.334 0.375 0.951 0.245 9.695 10 15.385 125.28 0 0
97250 10 16 10 0 0.003 0.334 0.375 0.951 0.245 24.465 9 30.338 147.2 0 0.007
97250 1 16 10 0 0.05 0.089 0.453 0.867 0.471 7.704 14 12.053 66.447 0 0
97250 2 16 10 0 0.05 0.089 0.453 0.867 0.471 8.639 20 12.244 80.04 0 0
97250 3 16 10 0 0.05 0.089 0.453 0.867 0.471 3.417 22 7.546 68.007 0.153 0
97250 4 16 10 0 0.05 0.089 0.453 0.867 0.471 8.968 14 11.827 69.573 0 0
97250 5 16 10 0 0.05 0.089 0.453 0.867 0.471 3.905 15 13.661 91.66 0.027 0
97250 6 16 10 0 0.05 0.089 0.453 0.867 0.471 3.946 14 6.47 67.433 0.1 0
97250 7 16 10 0 0.05 0.089 0.453 0.867 0.471 8.838 10 13.891 97.373 0 0
97250 8 16 10 0 0.05 0.089 0.453 0.867 0.471 11.316 10 14.294 79.387 0 0
97250 9 16 10 0 0.05 0.089 0.453 0.867 0.471 4.763 8 7.936 77.853 0.02 0.02
97250 10 16 10 0 0.05 0.089 0.453 0.867 0.471 2.886 5 6.83 67.307 0.307 0.053
97250 1 16 10 0 0.075 0.155 0.489 0.825 0.495 4.954 11 8.684 82.06 0.007 0
97250 2 16 10 0 0.075 0.155 0.489 0.825 0.495 14.516 7 19.607 86.34 0 0.053
97250 3 16 10 0 0.075 0.155 0.489 0.825 0.495 5.822 8 10.74 73.513 0 0.007
97250 4 16 10 0 0.075 0.155 0.489 0.825 0.495 11.83 20 15.686 80.507 0 0
97250 5 16 10 0 0.075 0.155 0.489 0.825 0.495 10.849 10 13.962 67.593 0 0
97250 6 16 10 0 0.075 0.155 0.489 0.825 0.495 14.837 8 19.625 101.72 0 0.02
97250 7 16 10 0 0.075 0.155 0.489 0.825 0.495 10.728 10 15.078 76.153 0 0
97250 8 16 10 0 0.075 0.155 0.489 0.825 0.495 3.112 12 7.433 81.84 0.187 0
97250 9 16 10 0 0.075 0.155 0.489 0.825 0.495 10.006 9 12.842 71.78 0 0.007
97250 10 16 10 0 0.075 0.155 0.489 0.825 0.495 2.383 8 5.809 61.52 0.38 0.007
97250 1 16 10 0 0.039 0.261 0.086 0.77 0.356 238.155 423 244.867 1862.807 0 0
97250 2 16 10 0 0.039 0.261 0.086 0.77 0.356 227.286 35 243.364 1954.2 0 0
97250 3 16 10 0 0.039 0.261 0.086 0.77 0.356 230.425 32 242.756 1770.847 0 0
97250 4 16 10 0 0.039 0.261 0.086 0.77 0.356 233.125 528 243.201 1786.92 0 0
97250 5 16 10 0 0.039 0.261 0.086 0.77 0.356 234.4 475 244.671 1730.087 0 0
97250 6 16 10 0 0.039 0.261 0.086 0.77 0.356 232.036 40 244.058 1801.48 0 0
97250 7 16 10 0 0.039 0.261 0.086 0.77 0.356 236.221 51 244.89 1888.253 0 0
97250 8 16 10 0 0.039 0.261 0.086 0.77 0.356 236.063 52 244.28 1973.387 0 0
97250 9 16 10 0 0.039 0.261 0.086 0.77 0.356 236.811 746 245.252 1987.24 0 0
97250 10 16 10 0 0.039 0.261 0.086 0.77 0.356 232.133 29 244.209 1788.567 0 0
97250 1 16 10 0 0.054 0.424 0.088 0.89 0.838 2.974 18 5.585 73.76 0.447 0
97250 2 16 10 0 0.054 0.424 0.088 0.89 0.838 2.209 7 6.097 57.62 0.213 0.02
97250 3 16 10 0 0.054 0.424 0.088 0.89 0.838 0.448 15 3.446 46.893 0.667 0
97250 4 16 10 0 0.054 0.424 0.088 0.89 0.838 2.673 14 4.686 69.22 0.6 0
97250 5 16 10 0 0.054 0.424 0.088 0.89 0.838 0 0 0 0 1 1
97250 6 16 10 0 0.054 0.424 0.088 0.89 0.838 0 0 0 0 1 1
97250 7 16 10 0 0.054 0.424 0.088 0.89 0.838 0 0 0 0 1 1
97250 8 16 10 0 0.054 0.424 0.088 0.89 0.838 0 0 0 0 1 1
97250 1 20 5 0 0.056 0.244 0.22 0.892 0.562 6.128 11 12.5 125.78 0 0
97250 2 20 5 0 0.056 0.244 0.22 0.892 0.562 5.518 11 10.17 112.8 0 0
97250 3 20 5 0 0.056 0.244 0.22 0.892 0.562 7.562 11 12.409 119.633 0 0
97250 4 20 5 0 0.056 0.244 0.22 0.892 0.562 6.767 22 9.477 119.38 0 0
97250 5 20 5 0 0.056 0.244 0.22 0.892 0.562 5.179 13 10.819 116.387 0 0
97250 6 20 5 0 0.056 0.244 0.22 0.892 0.562 7.12 24 11.025 124.86 0 0
97250 7 20 5 0 0.056 0.244 0.22 0.892 0.562 7.951 17 11.687 120 0 0
97250 8 20 5 0 0.056 0.244 0.22 0.892 0.562 6.497 24 10.291 126.4 0 0
97250 9 20 5 0 0.056 0.244 0.22 0.892 0.562 5.785 22 10.231 109.327 0 0
97250 10 20 5 0 0.056 0.244 0.22 0.892 0.562 10.686 20 15.374 135.007 0 0
97250 1 20 5 0 0.047 0.195 0.383 0.883 0.719 22.648 11 33.479 138.04 0 0
97250 2 20 5 0 0.047 0.195 0.383 0.883 0.719 16.212 15 22.314 117.853 0 0
97250 3 20 5 0 0.047 0.195 0.383 0.883 0.719 23.274 11 30.222 143.673 0 0
97250 4 20 5 0 0.047 0.195 0.383 0.883 0.719 13.773 16 17.755 117.093 0 0
97250 5 20 5 0 0.047 0.195 0.383 0.883 0.719 29.887 15 36.959 154.967 0 0
97250 6 20 5 0 0.047 0.195 0.383 0.883 0.719 22.884 8 31.558 148.22 0 0.02
97250 7 20 5 0 0.047 0.195 0.383 0.883 0.719 22.423 10 31.517 147.28 0 0
97250 8 20 5 0 0.047 0.195 0.383 0.883 0.719 24.069 16 28.927 129.76 0 0
97250 9 20 5 0 0.047 0.195 0.383 0.883 0.719 28.124 9 34.465 160.507 0 0.027
97250 10 20 5 0 0.047 0.195 0.383 0.883 0.719 19.775 12 27.293 153.52 0 0
97250 1 20 5 0 0.089 0.212 0.403 0.946 0.028 246.863 2783 249.173 3869.48 0 0
97250 2 20 5 0 0.089 0.212 0.403 0.946 0.028 246.529 3159 249.104 3995 0 0
97250 3 20 5 0 0.089 0.212 0.403 0.946 0.028 246.491 2914 249.13 3912.613 0 0
97250 4 20 5 0 0.089 0.212 0.403 0.946 0.028 245.408 3146 249.202 4160.207 0 0
97250 5 20 5 0 0.089 0.212 0.403 0.946 0.028 245.882 2748 248.996 3651.413 0 0
97250 6 20 5 0 0.089 0.212 0.403 0.946 0.028 247.574 2944 249.277 4012.6 0 0
97250 7 20 5 0 0.089 0.212 0.403 0.946 0.028 245.188 2879 248.934 3783.18 0 0
97250 8 20 5 0 0.089 0.212 0.403 0.946 0.028 246.63 2977 249.068 3876.967 0 0
97250 9 20 5 0 0.089 0.212 0.403 0.946 0.028 245.342 2488 248.584 3531.78 0 0
97250 10 20 5 0 0.089 0.212 0.403 0.946 0.028 243.74 2817 248.666 3737.687 0 0
97250 1 20 5 0 0.046 0.286 0.374 0.99 0.76 22.046 13 28.316 134.54 0 0
97250 2 20 5 0 0.046 0.286 0.374 0.99 0.76 20.345 10 32.006 139.113 0 0
97250 3 20 5 0 0.046 0.286 0.374 0.99 0.76 14.842 11 20.225 128.547 0 0
97250 4 20 5 0 0.046 0.286 0.374 0.99 0.76 25.372 16 30.352 150.14 0 0
97250 5 20 5 0 0.046 0.286 0.374 0.99 0.76 26.327 11 33.141 129.453 0 0
97250 6 20 5 0 0.046 0.286 0.374 0.99 0.76 19.25 16 23.489 126.18 0 0
97250 7 20 5 0 0.046 0.286 0.374 0.99 0.76 23.087 17 29.911 145.1 0 0
97250 8 20 5 0 0.046 0.286 0.374 0.99 0.76 25.389 10 36.014 151.7 0 0
97250 9 20 5 0 0.046 0.286 0.374 0.99 0.76 22.986 21 33.573 185.907 0 0
97250 10 20 5 0 0.046 0.286 0.374 0.99 0.76 33.12 15 39.14 145.66 0 0
97250 1 20 5 0 0.115 0.486 0.018 0.753 0.254 248.718 5220 249.823 6421.8 0 0
97250 2 20 5 0 0.115 0.486 0.018 0.753 0.254 248.669 6053 249.869 7089.333 0 0
97250 3 20 5 0 0.115 0.486 0.018 0.753 0.254 248.769 7154 249.907 8165.64 0 0
97250 4 20 5 0 0.115 0.486 0.018 0.753 0.254 248.344 5638 249.789 6793.76 0 0
97250 5 20 5 0 0.115 0.486 0.018 0.753 0.254 248.814 5928 249.864 7258.92 0 0
97250 6 20 5 0 0.115 0.486 0.018 0.753 0.254 247.154 5158 249.787 6406.587 0 0
97250 7 20 5 0 0.115 0.486 0.018 0.753 0.254 248.993 5958 249.826 7197.813 0 0
97250 8 20 5 0 0.115 0.486 0.018 0.753 0.254 248.384 5844 249.815 6981.913 0 0
97250 9 20 5 0 0.115 0.486 0.018 0.753 0.254 249.115 6558 249.893 7462.74 0 0
97250 10 20 5 0 0.115 0.486 0.018 0.753 0.254 249.095 6058 249.882 7997.3 0 0
97250 1 20 5 0 0.092 0.097 0.358 0.968 0.837 23.917 12 32.128 140.527 0 0
97250 2 20 5 0 0.092 0.097 0.358 0.968 0.837 27.195 19 33.402 154.36 0 0
97250 3 20 5 0 0.092 0.097 0.358 0.968 0.837 16.636 16 22.905 120.727 0 0
97250 4 20 5 0 0.092 0.097 0.358 0.968 0.837 22.484 11 30.551 150.293 0 0
97250 5 20 5 0 0.092 0.097 0.358 0.968 0.837 22.304 19 28.812 152.513 0 0
97250 6 20 5 0 0.092 0.097 0.358 0.968 0.837 24.807 15 29.642 105.587 0 0
97250 7 20 5 0 0.092 0.097 0.358 0.968 0.837 22.652 9 30.249 144.7 0 0.013
97250 8 20 5 0 0.092 0.097 0.358 0.968 0.837 25.313 16 29.883 129.233 0 0
97250 9 20 5 0 0.092 0.097 0.358 0.968 0.837 34.012 15 40.083 155.453 0 0
97250 10 20 5 0 0.092 0.097 0.358 0.968 0.837 15.74 16 26.547 120.48 0 0
97250 1 20 5 0 0.042 0.123 0.45 0.823 0.994 26.638 13 33.043 155.66 0 0
97250 2 20 5 0 0.042 0.123 0.45 0.823 0.994 28.34 14 37.005 169.127 0 0
97250 3 20 5 0 0.042 0.123 0.45 0.823 0.994 29.791 12 35.696 127.767 0 0
97250 4 20 5 0 0.042 0.123 0.45 0.823 0.994 26.513 15 32.516 121.16 0 0
97250 5 20 5 0 0.042 0.123 0.45 0.823 0.994 33.09 12 38.978 146.373 0 0
97250 6 20 5 0 0.042 0.123 0.45 0.823 0.994 25.803 17 30.799 125.487 0 0
97250 7 20 5 0 0.042 0.123 0.45 0.823 0.994 22.632 13 27.771 128.527 0 0
97250 8 20 5 0 0.042 0.123 0.45 0.823 0.994 28.896 16 35.104 160.847 0 0
97250 9 20 5 0 0.042 0.123 0.45 0.823 0.994 20.463 14 25.713 131.24 0 0
97250 10 20 5 0 0.042 0.123 0.45 0.823 0.994 27.006 10 31.437 124.973 0 0
97250 1 20 5 0 0.012 0.432 0.169 0.974 0.868 22.202 12 28.742 131.807 0 0
97250 1 18 9 1 0.107 0.394 0.164 0.876 0.748 3.328 36 6.14 93.74 0.253 0
97250 2 18 9 1 0.107 0.394 0.164 0.876 0.748 4.423 42 6.71 101.433 0.047 0
97250 3 18 9 1 0.107 0.394 0.164 0.876 0.748 4.597 53 11.57 120.24 0.033 0
97250 4 18 9 1 0.107 0.394 0.164 0.876 0.748 4.617 41 8.283 111.34 0.02 0
97250 5 18 9 1 0.107 0.394 0.164 0.876 0.748 6.233 52 10.402 116.767 0 0
97250 6 18 9 1 0.107 0.394 0.164 0.876 0.748 4.926 58 9.841 126.48 0.007 0
97250 7 18 9 1 0.107 0.394 0.164 0.876 0.748 3.46 30 6.265 88.82 0.233 0
97250 8 18 9 1 0.107 0.394 0.164 0.876 0.748 3.59 36 7.755 107.407 0.073 0
97250 9 18 9 1 0.107 0.394 0.164 0.876 0.748 4.256 60 9.102 116.033 0.04 0
97250 10 18 9 1 0.107 0.394 0.164 0.876 0.748 7.322 38 11.784 117.18 0 0
97250 1 18 9 1 0.054 0.334 0.234 0.876 0.832 9.9 8 14.681 101.92 0 0.027
97250 2 18 9 1 0.054 0.334 0.234 0.876 0.832 7.814 6 12.482 82.42 0 0.067
97250 3 18 9 1 0.054 0.334 0.234 0.876 0.832 12.738 5 17.36 90.573 0 0.047
97250 4 18 9 1 0.054 0.334 0.234 0.876 0.832 18.243 11 21.229 98.087 0 0
97250 5 18 9 1 0.054 0.334 0.234 0.876 0.832 13.275 7 17.407 95 0 0.027
97250 6 18 9 1 0.054 0.334 0.234 0.876 0.832 13.796 12 21.01 108.12 0 0
97250 7 18 9 1 0.054 0.334 0.234 0.876 0.832 17.512 15 21.91 111.413 0 0
97250 8 18 9 1 0.054 0.334 0.234 0.876 0.832 15.195 6 21.666 108.773 0 0.113
97250 9 18 9 1 0.054 0.334 0.234 0.876 0.832 11.365 6 19.33 107.52 0 0.013
97250 10 18 9 1 0.054 0.334 0.234 0.876 0.832 18.044 6 22.895 115.393 0 0.033
97250 1 18 9 1 0.011 0.447 0.015 1 0.594 0 0 0 0 1 1
97250 2 18 9 1 0.011 0.447 0.015 1 0.594 0 0 0 0 1 1
97250 3 18 9 1 0.011 0.447 0.015 1 0.594 0 0 0 0 1 1
97250 4 18 9 1 0.011 0.447 0.015 1 0.594 0 0 0 0 1 1
97250 5 18 9 1 0.011 0.447 0.015 1 0.594 0 0 0 0 1 1
97250 6 18 9 1 0.011 0.447 0.015 1 0.594 0 0 0 0 1 1
97250 7 18 9 1 0.011 0.447 0.015 1 0.594 0 0 0 0 1 1
97250 8 18 9 1 0.011 0.447 0.015 1 0.594 0 0 0 0 1 1
97250 9 18 9 1 0.011 0.447 0.015 1 0.594 0 0 0 0 1 1
97250 10 18 9 1 0.011 0.447 0.015 1 0.594 0 0 0 0 1 1
97250 1 18 9 1 0.113 0.069 0.221 0.85 0.396 1.491 12 5.185 62.44 0.427 0
97250 2 18 9 1 0.113 0.069 0.221 0.85 0.396 9.815 10 12.882 96.36 0 0
97250 3 18 9 1 0.113 0.069 0.221 0.85 0.396 11.816 12 18.758 105.08 0 0
97250 4 18 9 1 0.113 0.069 0.221 0.85 0.396 3.18 11 6.201 71.88 0.273 0
97250 5 18 9 1 0.113 0.069 0.221 0.85 0.396 5.273 4 8.563 79.673 0 0.067
97250 6 18 9 1 0.113 0.069 0.221 0.85 0.396 3.19 9 7.29 75.127 0.16 0.013
97250 7 18 9 1 0.113 0.069 0.221 0.85 0.396 0.751 6 8.15 79.827 0.36 0.06
97250 8 18 9 1 0.113 0.069 0.221 0.85 0.396 23.342 16 28.183 127.367 0 0
97250 9 18 9 1 0.113 0.069 0.221 0.85 0.396 10.291 8 16.398 90.44 0 0.007
97250 10 18 9 1 0.113 0.069 0.221 0.85 0.396 14.168 9 19.469 107.98 0 0.007
97250 1 18 9 1 0.103 0.355 0.43 0.865 0.295 19.435 46 24.882 146.873 0 0
97250 2 18 9 1 0.103 0.355 0.43 0.865 0.295 27.937 78 35.997 210.127 0 0
97250 3 18 9 1 0.103 0.355 0.43 0.865 0.295 22.745 33 27.538 190.38 0 0
97250 4 18 9 1 0.103 0.355 0.43 0.865 0.295 17.728 67 23.687 178.513 0 0
97250 5 18 9 1 0.103 0.355 0.43 0.865 0.295 23.618 56 30.351 206.953 0 0
97250 6 18 9 1 0.103 0.355 0.43 0.865 0.295 28.439 56 32.662 176.06 0 0
97250 7 18 9 1 0.103 0.355 0.43 0.865 0.295 21.677 54 26.885 173.3 0 0
97250 8 18 9 1 0.103 0.355 0.43 0.865 0.295 25.434 74 31.69 228.513 0 0
97250 9 18 9 1 0.103 0.355 0.43 0.865 0.295 26.818 37 32.756 200.82 0 0
97250 10 18 9 1 0.103 0.355 0.43 0.865 0.295 18.598 43 30.334 190.76 0 0
97250 1 18 9 1 0.034 0.135 0.387 0.853 0.676 18.239 11 23.37 102.687 0 0
97250 2 18 9 1 0.034 0.135 0.387 0.853 0.676 9.632 7 16.85 86.747 0 0.08
97250 3 18 9 1 0.034 0.135 0.387 0.853 0.676 20.153 10 24.175 111.387 0 0
97250 4 18 9 1 0.034 0.135 0.387 0.853 0.676 17.849 10 24.493 118.413 0 0
97250 5 18 9 1 0.034 0.135 0.387 0.853 0.676 18.578 7 22.03 92.893 0 0.12
97250 6 18 9 1 0.034 0.135 0.387 0.853 0.676 7.842 11 12.177 78.42 0 0
97250 7 18 9 1 0.034 0.135 0.387 0.853 0.676 18.983 8 23.657 112.86 0 0.027
97250 8 18 9 1 0.034 0.135 0.387 0.853 0.676 17.094 15 20.19 124.08 0 0
97250 9 18 9 1 0.034 0.135 0.387 0.853 0.676 12.687 15 15.394 92.58 0 0
97250 10 18 9 1 0.034 0.135 0.387 0.853 0.676 20.884 10 28.004 116.76 0 0
97250 1 18 9 1 0.096 0.217 0.161 0.89 0.662 6.389 18 8.391 91.82 0 0
97250 2 18 9 1 0.096 0.217 0.161 0.89 0.662 7.215 25 12.122 119.34 0 0
97250 3 18 9 1 0.096 0.217 0.161 0.89 0.662 4.021 23 9.696 111.447 0.12 0
97250 4 18 9 1 0.096 0.217 0.161 0.89 0.662 7.46 29 15.71 137.087 0 0
97250 5 18 9 1 0.096 0.217 0.161 0.89 0.662 6.056 31 9.462 115.007 0 0
97250 1 20 10 1 0.094 0.05 0.286 0.768 0.945 21.225 5 24.688 89.56 0 0.06
97250 2 20 10 1 0.094 0.05 0.286 0.768 0.945 7.038 12 11.361 94.18 0 0
97250 3 20 10 1 0.094 0.05 0.286 0.768 0.945 17.889 8 20.871 88.127 0 0.04
97250 4 20 10 1 0.094 0.05 0.286 0.768 0.945 10.681 6 15.754 107.32 0 0.067
97250 5 20 10 1 0.094 0.05 0.286 0.768 0.945 19.338 6 29.098 109 0 0.127
97250 6 20 10 1 0.094 0.05 0.286 0.768 0.945 9.731 6 14.528 90.093 0 0.04
97250 7 20 10 1 0.094 0.05 0.286 0.768 0.945 21.915 8 27.122 98.733 0 0.02
97250 8 20 10 1 0.094 0.05 0.286 0.768 0.945 20.28 6 25.654 115.573 0 0.12
97250 9 20 10 1 0.094 0.05 0.286 0.768 0.945 16.821 6 21.086 85.82 0 0.06
97250 10 20 10 1 0.094 0.05 0.286 0.768 0.945 12.251 7 18.33 99.18 0 0.013
97250 1 20 10 1 0.116 0.028 0.18 0.946 0.802 18.957 10 27.04 107.38 0 0
97250 2 20 10 1 0.116 0.028 0.18 0.946 0.802 18.592 7 24.14 104.307 0 0.033
97250 3 20 10 1 0.116 0.028 0.18 0.946 0.802 10.727 12 20.79 129.627 0 0
97250 4 20 10 1 0.116 0.028 0.18 0.946 0.802 12.461 11 19.163 97.073 0 0
97250 5 20 10 1 0.116 0.028 0.18 0.946 0.802 18.038 5 25.408 120.993 0 0.073
97250 6 20 10 1 0.116 0.028 0.18 0.946 0.802 21.345 7 30.485 138.193 0 0.073
97250 7 20 10 1 0.116 0.028 0.18 0.946 0.802 12.921 7 18.267 92.513 0 0.02
97250 8 20 10 1 0.116 0.028 0.18 0.946 0.802 3.463 10 10.186 88.933 0.107 0
97250 9 20 10 1 0.116 0.028 0.18 0.946 0.802 23.422 14 31.42 138.647 0 0
97250 10 20 10 1 0.116 0.028 0.18 0.946 0.802 12.566 10 20.029 91.02 0 0
97250 1 20 10 1 0.11 0.135 0.321 0.816 0.117 48.525 84 67.932 264.627 0 0
97250 2 20 10 1 0.11 0.135 0.321 0.816 0.117 174.766 651 182.482 1102.713 0 0
97250 3 20 10 1 0.11 0.135 0.321 0.816 0.117 120.153 397 137.725 829.92 0 0
97250 4 20 10 1 0.11 0.135 0.321 0.816 0.117 139.504 496 153.477 893.347 0 0
97250 5 20 10 1 0.11 0.135 0.321 0.816 0.117 148.664 517 160.825 964.153 0 0
97250 6 20 10 1 0.11 0.135 0.321 0.816 0.117 143.039 596 152.97 1102.493 0 0
97250 7 20 10 1 0.11 0.135 0.321 0.816 0.117 53.247 181 61.815 469.28 0 0
97250 8 20 10 1 0.11 0.135 0.321 0.816 0.117 143.889 427 163.391 952.067 0 0
97250 9 20 10 1 0.11 0.135 0.321 0.816 0.117 102.403 277 111.074 754.773 0 0
97250 10 20 10 1 0.11 0.135 0.321 0.816 0.117 94.983 172 119.394 534.433 0 0
97250 1 20 10 1 0.09 0.231 0.241 0.965 0.38 23.57 85 28.961 193.173 0 0
97250 2 20 10 1 0.09 0.231 0.241 0.965 0.38 25.451 72 30.974 190.933 0 0
97250 3 20 10 1 0.09 0.231 0.241 0.965 0.38 34.167 37 39.884 240.233 0 0
97250 4 20 10 1 0.09 0.231 0.241 0.965 0.38 27.518 37 33.448 246.32 0 0
97250 5 20 10 1 0.09 0.231 0.241 0.965 0.38 35.626 63 41.383 239.553 0 0
97250 6 20 10 1 0.09 0.231 0.241 0.965 0.38 32.415 65 39.753 226.613 0 0
97250 7 20 10 1 0.09 0.231 0.241 0.965 0.38 29.413 83 35.401 243.387 0 0
97250 8 20 10 1 0.09 0.231 0.241 0.965 0.38 36.414 112 45.57 282.233 0 0
97250 9 20 10 1 0.09 0.231 0.241 0.965 0.38 21.119 55 28.95 220.733 0 0
97250 10 20 10 1 0.09 0.231 0.241 0.965 0.38 26.284 40 32.302 189.313 0 0
97250 1 20 10 1 0.068 0.491 0.087 0.871 0.886 5.317 48 8.805 115.327 0 0
97250 2 20 10 1 0.068 0.491 0.087 0.871 0.886 1.613 29 6.252 82.867 0.38 0
97250 3 20 10 1 0.068 0.491 0.087 0.871 0.886 2.674 41 7.599 106.207 0.093 0
97250 4 20 10 1 0.068 0.491 0.087 0.871 0.886 4.989 32 8.024 103.927 0.007 0
97250 5 20 10 1 0.068 0.491 0.087 0.871 0.886 3.683 34 6.989 99.027 0.127 0
97250 6 20 10 1 0.068 0.491 0.087 0.871 0.886 4.567 28 7.402 92.807 0.033 0
97250 7 20 10 1 0.068 0.491 0.087 0.871 0.886 3.669 46 6.745 96.073 0.153 0
97250 8 20 10 1 0.068 0.491 0.087 0.871 0.886 5.24 28 8.136 103.48 0 0
97250 9 20 10 1 0.068 0.491 0.087 0.871 0.886 2.033 39 5.669 91.287 0.333 0
97250 10 20 10 1 0.068 0.491 0.087 0.871 0.886 1.343 23 5.361 86.033 0.327 0
97250 1 20 10 1 0.108 0.492 0.247 0.977 0.465 19.452 66 24.681 206.073 0 0
97250 2 20 10 1 0.108 0.492 0.247 0.977 0.465 11.306 52 15.832 167.06 0 0
97250 3 20 10 1 0.108 0.492 0.247 0.977 0.465 18.769 101 23.618 208.927 0 0
97250 4 20 10 1 0.108 0.492 0.247 0.977 0.465 21.958 142 29.133 274.467 0 0
97250 5 20 10 1 0.108 0.492 0.247 0.977 0.465 19.727 118 26.191 257.133 0 0
97250 6 20 10 1 0.108 0.492 0.247 0.977 0.465 16.396 78 24.034 207.527 0 0
97250 7 20 10 1 0.108 0.492 0.247 0.977 0.465 18.203 59 23.162 185.24 0 0
97250 8 20 10 1 0.108 0.492 0.247 0.977 0.465 14.41 59 19.767 210.88 0 0
97250 9 20 10 1 0.108 0.492 0.247 0.977 0.465 24.049 85 29.891 213.287 0 0
97250 10 20 10 1 0.108 0.492 0.247 0.977 0.465 10.511 78 15.362 163.027 0 0
97250 1 20 10 1 0.03 0.077 0.234 0.919 0.701 21.156 9 29.519 152.1 0 0.013
97250 2 20 10 1 0.03 0.077 0.234 0.919 0.701 12.001 9 19.357 100.167 0 0.013
97250 3 20 10 1 0.03 0.077 0.234 0.919 0.701 12.305 5 19.061 114.453 0 0.053
97250 4 20 10 1 0.03 0.077 0.234 0.919 0.701 14.064 13 20.389 113.047 0 0
97250 5 20 10 1 0.03 0.077 0.234 0.919 0.701 18.842 8 21.827 103.94 0 0.013
97250 6 20 10 1 0.03 0.077 0.234 0.919 0.701 14.49 9 23.6 118.593 0 0.02
97250 7 20 10 1 0.03 0.077 0.234 0.919 0.701 16.402 10 25.494 116.4 0 0
97250 8 20 10 1 0.03 0.077 0.234 0.919 0.701 23.867 8 32.57 135.2 0 0.027
97250 9 20 10 1 0.03 0.077 0.234 0.919 0.701 13.193 13 20.642 129.647 0 0
97250 10 20 10 1 0.03 0.077 0.234 0.919 0.701 8.833 10 14.04 87.82 0 0
97250 1 20 10 1 0.086 0.094 0.092 0.814 0.607 4.759 19 7.524 100.427 0.033 0
97250 2 20 10 1 0.086 0.094 0.092 0.814 0.607 7.182 25 13.29 124.747 0 0
97250 3 20 10 1 0.086 0.094 0.092 0.814 0.607 9.025 22 15.529 117.46 0 0
97250 4 20 10 1 0.086 0.094 0.092 0.814 0.607 4.998 18 9.425 101.747 0.007 0
97250 5 20 10 1 0.086 0.094 0.092 0.814 0.607 11.297 17 20.979 137.793 0 0
97250 6 20 10 1 0.086 0.094 0.092 0.814 0.607 16.836 20 20.835 143.253 0 0
97250 7 20 10 1 0.086 0.094 0.092 0.814 0.607 4.408 13 12.65 115.333 0.033 0
97250 8 20 10 1 0.086 0.094 0.092 0.814 0.607 6.805 20 11.658 113.333 0 0
97250 9 20 10 1 0.086 0.094 0.092 0.814 0.607 6.936 23 12.793 99.9 0 0
97250 10 20 10 1 0.086 0.094 0.092 0.814 0.607 7.992 20 13.289 133.887 0 0
97250 1 20 10 1 0.118 0.466 0.138 0.95 0.79 2.956 40 6.751 102.067 0.28 0
97250 2 20 10 1 0.118 0.466 0.138 0.95 0.79 5.485 50 8.535 108.393 0 0
97250 3 20 10 1 0.118 0.466 0.138 0.95 0.79 4.317 52 7.306 106.62 0.027 0
97250 4 20 10 1 0.118 0.466 0.138 0.95 0.79 3.665 50 7.413 107.113 0.1 0
97250 5 20 10 1 0.118 0.466 0.138 0.95 0.79 4.169 35 7.816 102.9 0.167 0
97250 6 20 10 1 0.118 0.466 0.138 0.95 0.79 4.321 41 7.3 91.313 0.113 0
97250 7 20 10 1 0.118 0.466 0.138 0.95 0.79 3.427 40 8.25 106.227 0.053 0
97250 8 20 10 1 0.118 0.466 0.138 0.95 0.79 3.367 46 7.114 103.273 0.1 0
97250 9 20 10 1 0.118 0.466 0.138 0.95 0.79 1.529 43 6.686 102.94 0.267 0
97250 10 20 10 1 0.118 0.466 0.138 0.95 0.79 5.046 43 8.61 119.12 0 0
97250 1 20 10 1 0.061 0.068 0.196 0.853 0.62 8.373 12 12.491 97.167 0 0
97250 2 20 10 1 0.061 0.068 0.196 0.853 0.62 6.97 7 13.509 100.52 0 0.047
97250 3 20 10 1 0.061 0.068 0.196 0.853 0.62 7.579 4 12.95 96.413 0 0.067
97250 4 20 10 1 0.061 0.068 0.196 0.853 0.62 16.437 9 27.333 112.52 0 0.007
97250 5 20 10 1 0.061 0.068 0.196 0.853 0.62 4.443 14 12.938 108.033 0.02 0
97250 1 18 5 1 0.046 0.489 0.093 0.792 0.202 244.855 2524 248.745 3439.847 0 0
97250 2 18 5 1 0.046 0.489 0.093 0.792 0.202 246.466 2420 248.779 3334.52 0 0
97250 3 18 5 1 0.046 0.489 0.093 0.792 0.202 246.749 2666 249.175 3394.46 0 0
97250 4 18 5 1 0.046 0.489 0.093 0.792 0.202 244.751 2610 248.994 3416.527 0 0
97250 5 18 5 1 0.046 0.489 0.093 0.792 0.202 246.277 2583 249.028 3461.733 0 0
97250 6 18 5 1 0.046 0.489 0.093 0.792 0.202 246.82 2630 249.044 3308.56 0 0
97250 7 18 5 1 0.046 0.489 0.093 0.792 0.202 246.201 2340 249.094 3431.367 0 0
97250 8 18 5 1 0.046 0.489 0.093 0.792 0.202 245.853 2676 248.961 3403.48 0 0
97250 9 18 5 1 0.046 0.489 0.093 0.792 0.202 245.212 2486 248.882 3392.5 0 0
97250 10 18 5 1 0.046 0.489 0.093 0.792 0.202 246.461 2713 249.186 3523.753 0 0
97250 1 18 5 1 0.031 0.02 0.354 0.806 0.547 21.053 9 26.86 121.52 0 0.013
97250 2 18 5 1 0.031 0.02 0.354 0.806 0.547 22.144 15 28.993 115.253 0 0
97250 3 18 5 1 0.031 0.02 0.354 0.806 0.547 13.226 13 19.626 108.58 0 0
97250 4 18 5 1 0.031 0.02 0.354 0.806 0.547 18.302 15 23.494 129.547 0 0
97250 5 18 5 1 0.031 0.02 0.354 0.806 0.547 15.848 13 20.613 111.753 0 0
97250 6 18 5 1 0.031 0.02 0.354 0.806 0.547 25.252 11 30.566 111.033 0 0
97250 7 18 5 1 0.031 0.02 0.354 0.806 0.547 24.458 13 30.209 116.58 0 0
97250 8 18 5 1 0.031 0.02 0.354 0.806 0.547 23.305 18 33.366 152.413 0 0
97250 9 18 5 1 0.031 0.02 0.354 0.806 0.547 21.953 15 26.233 127.387 0 0
97250 10 18 5 1 0.031 0.02 0.354 0.806 0.547 14.041 9 22.958 119.807 0 0.04
97250 1 18 5 1 0.027 0.439 0.2 0.945 0.741 5.097 36 8.15 106.473 0 0
97250 2 18 5 1 0.027 0.439 0.2 0.945 0.741 5.108 37 9.292 107.353 0 0
97250 3 18 5 1 0.027 0.439 0.2 0.945 0.741 3.28 24 6.852 97.673 0.14 0
97250 4 18 5 1 0.027 0.439 0.2 0.945 0.741 2.385 43 7.387 100.96 0.247 0
97250 5 18 5 1 0.027 0.439 0.2 0.945 0.741 4.338 24 7.909 101.807 0.04 0
97250 6 18 5 1 0.027 0.439 0.2 0.945 0.741 3.71 37 7.381 89.073 0.073 0
97250 7 18 5 1 0.027 0.439 0.2 0.945 0.741 5.46 22 8.009 97.313 0 0
97250 8 18 5 1 0.027 0.439 0.2 0.945 0.741 2.513 50 5.648 91.84 0.433 0
97250 9 18 5 1 0.027 0.439 0.2 0.945 0.741 2.562 35 5.918 88.4 0.3 0
97250 10 18 5 1 0.027 0.439 0.2 0.945 0.741 2.662 20 6.574 91.373 0.287 0
97250 1 18 5 1 0.088 0.084 0.3 0.928 0.788 29.558 8 34.65 130.42 0 0.027
97250 2 18 5 1 0.088 0.084 0.3 0.928 0.788 19.335 11 27.356 129.727 0 0
97250 3 18 5 1 0.088 0.084 0.3 0.928 0.788 22.431 10 27.833 111.067 0 0
97250 4 18 5 1 0.088 0.084 0.3 0.928 0.788 20.952 22 28.837 139.787 0 0
97250 5 18 5 1 0.088 0.084 0.3 0.928 0.788 29.08 16 38.815 148.82 0 0
97250 6 18 5 1 0.088 0.084 0.3 0.928 0.788 23.23 10 29.124 122.753 0 0
97250 7 18 5 1 0.088 0.084 0.3 0.928 0.788 17.476 13 22.91 106.667 0 0
97250 8 18 5 1 0.088 0.084 0.3 0.928 0.788 19.357 16 26.234 100.4 0 0
97250 9 18 5 1 0.088 0.084 0.3 0.928 0.788 15.716 12 23.024 132.647 0 0
97250 10 18 5 1 0.088 0.084 0.3 0.928 0.788 18.35 21 27.693 130.793 0 0
97250 1 18 5 1 0.066 0.338 0.411 0.917 0.431 7.459 21 12.454 123.653 0 0
97250 2 18 5 1 0.066 0.338 0.411 0.917 0.431 7.951 34 11.659 122.313 0 0
97250 3 18 5 1 0.066 0.338 0.411 0.917 0.431 7.369 23 10.419 117.513 0 0
97250 4 18 5 1 0.066 0.338 0.411 0.917 0.431 2.434 48 6.171 98.467 0.393 0
97250 5 18 5 1 0.066 0.338 0.411 0.917 0.431 5.24 32 10.369 125.66 0 0
97250 6 18 5 1 0.066 0.338 0.411 0.917 0.431 6.874 31 10.207 119.987 0 0
97250 7 18 5 1 0.066 0.338 0.411 0.917 0.431 4.394 36 8.653 122.573 0.027 0
97250 8 18 5 1 0.066 0.338 0.411 0.917 0.431 2.753 27 8.556 110.08 0.22 0
97250 9 18 5 1 0.066 0.338 0.411 0.917 0.431 4.628 37 9.926 118.84 0.027 0
97250 10 18 5 1 0.066 0.338 0.411 0.917 0.431 9.078 31 12.061 137.467 0 0
97250 1 18 5 1 0.114 0.437 0.394 0.908 0.188 238.919 1200 243.61 1971.087 0 0
97250 2 18 5 1 0.114 0.437 0.394 0.908 0.188 228.513 1099 237.404 1658.493 0 0
97250 3 18 5 1 0.114 0.437 0.394 0.908 0.188 239.588 1265 244.594 1801.307 0 0
97250 4 18 5 1 0.114 0.437 0.394 0.908 0.188 226.849 1188 236.097 1763.373 0 0
97250 5 18 5 1 0.114 0.437 0.394 0.908 0.188 232.9 1095 240.639 1621.147 0 0
97250 6 18 5 1 0.114 0.437 0.394 0.908 0.188 226.695 1057 236.42 1592.447 0 0
97250 7 18 5 1 0.114 0.437 0.394 0.908 0.188 219.141 1073 231.737 1639.367 0 0
97250 8 18 5 1 0.114 0.437 0.394 0.908 0.188 229.345 930 241.797 1626.633 0 0
97250 9 18 5 1 0.114 0.437 0.394 0.908 0.188 227.684 991 239.679 1639.393 0 0
97250 10 18 5 1 0.114 0.437 0.394 0.908 0.188 236.183 1129 240.775 1725.68 0 0
97250 1 18 5 1 0.029 0.433 0.071 0.933 0.792 4.243 68 8.311 121.473 0.047 0
97250 2 18 5 1 0.029 0.433 0.071 0.933 0.792 4.533 55 7.338 110.873 0.033 0
97250 3 18 5 1 0.029 0.433 0.071 0.933 0.792 5.386 69 9.549 124.787 0 0
97250 4 18 5 1 0.029 0.433 0.071 0.933 0.792 0.547 13 4.598 68.84 0.533 0
97250 5 18 5 1 0.029 0.433 0.071 0.933 0.792 3.463 75 8.211 126.9 0.12 0
97250 6 18 5 1 0.029 0.433 0.071 0.933 0.792 1.59 26 4.399 66.653 0.693 0
97250 1 15 6 0 0.029 0.322 0.412 0.973 0.703 5.955 9 9.637 87.767 0 0.007
97250 2 15 6 0 0.029 0.322 0.412 0.973 0.703 21.065 15 25.676 103.107 0 0
97250 3 15 6 0 0.029 0.322 0.412 0.973 0.703 10.225 14 13.714 100.607 0 0
97250 4 15 6 0 0.029 0.322 0.412 0.973 0.703 18.27 15 21.164 87.333 0 0
97250 5 15 6 0 0.029 0.322 0.412 0.973 0.703 8.891 24 12.406 85.9 0 0
97250 6 15 6 0 0.029 0.322 0.412 0.973 0.703 14.169 13 22.218 110.9 0 0
97250 7 15 6 0 0.029 0.322 0.412 0.973 0.703 14.922 15 19.535 89.24 0 0
97250 8 15 6 0 0.029 0.322 0.412 0.973 0.703 15.446 12 20.922 95.347 0 0
97250 9 15 6 0 0.029 0.322 0.412 0.973 0.703 13.52 20 17.098 103.653 0 0
97250 10 15 6 0 0.029 0.322 0.412 0.973 0.703 16.383 19 20.183 90.087 0 0
97250 1 15 6 0 0.009 0.307 0.387 0.893 0.312 6.18 19 11.015 128.307 0 0
97250 2 15 6 0 0.009 0.307 0.387 0.893 0.312 9.324 21 14.681 121.147 0 0
97250 3 15 6 0 0.009 0.307 0.387 0.893 0.312 11.002 15 14.806 95.813 0 0
97250 4 15 6 0 0.009 0.307 0.387 0.893 0.312 21.44 20 27.808 143.56 0 0
97250 5 15 6 0 0.009 0.307 0.387 0.893 0.312 7.771 22 11.925 97.053 0 0
97250 6 15 6 0 0.009 0.307 0.387 0.893 0.312 3.832 16 9.133 106.2 0.067 0
97250 7 15 6 0 0.009 0.307 0.387 0.893 0.312 12.169 12 18.021 124.247 0 0
97250 8 15 6 0 0.009 0.307 0.387 0.893 0.312 11.437 32 15.885 126.127 0 0
97250 9 15 6 0 0.009 0.307 0.387 0.893 0.312 15.242 28 21.694 136.167 0 0
97250 10 15 6 0 0.009 0.307 0.387 0.893 0.312 6.635 26 12.185 129.327 0 0
97250 1 15 6 0 0.049 0.042 0.053 0.957 0.417 3.078 20 6.502 76.86 0.367 0
97250 2 15 6 0 0.049 0.042 0.053 0.957 0.417 4.463 13 11.728 85.8 0.067 0
97250 3 15 6 0 0.049 0.042 0.053 0.957 0.417 8.853 19 14.903 108.567 0 0
97250 4 15 6 0 0.049 0.042 0.053 0.957 0.417 14.02 18 18.405 112.52 0 0
97250 5 15 6 0 0.049 0.042 0.053 0.957 0.417 12.813 18 21.717 137.873 0 0
97250 6 15 6 0 0.049 0.042 0.053 0.957 0.417 9.944 16 13.894 117.533 0 0
97250 7 15 6 0 0.049 0.042 0.053 0.957 0.417 0 0 0 0 1 1
97250 8 15 6 0 0.049 0.042 0.053 0.957 0.417 23.188 27 29.971 161.053 0 0
97250 9 15 6 0 0.049 0.042 0.053 0.957 0.417 14.666 15 20.645 133.067 0 0
97250 10 15 6 0 0.049 0.042 0.053 0.957 0.417 1.336 18 6.447 71.313 0.293 0
97250 1 15 6 0 0.048 0.208 0.216 0.768 0.727 3.175 12 8.399 73.687 0.073 0
97250 2 15 6 0 0.048 0.208 0.216 0.768 0.727 2.864 22 7.301 88.793 0.067 0
97250 3 15 6 0 0.048 0.208 0.216 0.768 0.727 0 0 0 0 1 1
97250 4 15 6 0 0.048 0.208 0.216 0.768 0.727 4.49 9 7.519 76.12 0.067 0.007
97250 5 15 6 0 0.048 0.208 0.216 0.768 0.727 4.871 19 10.164 85.387 0.013 0
97250 6 15 6 0 0.048 0.208 0.216 0.768 0.727 4.862 9 8.414 79.153 0.007 0.007
97250 7 15 6 0 0.048 0.208 0.216 0.768 0.727 2.871 21 5.379 71.2 0.367 0
97250 8 15 6 0 0.048 0.208 0.216 0.768 0.727 0 0 0 0 1 1
97250 9 15 6 0 0.048 0.208 0.216 0.768 0.727 4.246 21 11.635 96.093 0.02 0
97250 10 15 6 0 0.048 0.208 0.216 0.768 0.727 3.129 16 5.653 67.093 0.373 0
97250 1 15 6 0 0.074 0.364 0.218 0.934 0.329 201.243 240 211.341 886.08 0 0
97250 2 15 6 0 0.074 0.364 0.218 0.934 0.329 176.305 257 186.004 912.753 0 0
97250 3 15 6 0 0.074 0.364 0.218 0.934 0.329 193.825 235 207.337 1043.967 0 0
97250 4 15 6 0 0.074 0.364 0.218 0.934 0.329 220.895 565 227.795 1051.273 0 0
97250 5 15 6 0 0.074 0.364 0.218 0.934 0.329 184.521 131 200.828 1046.06 0 0
97250 6 15 6 0 0.074 0.364 0.218 0.934 0.329 199.014 179 206.002 942.44 0 0
97250 7 15 6 0 0.074 0.364 0.218 0.934 0.329 213.76 314 224.191 1056.573 0 0
97250 8 15 6 0 0.074 0.364 0.218 0.934 0.329 193.712 135 207.066 953.727 0 0
97250 9 15 6 0 0.074 0.364 0.218 0.934 0.329 217.77 33 225.018 994.547 0 0
97250 10 15 6 0 0.074 0.364 0.218 0.934 0.329 202.128 47 213.75 944.733 0 0
97250 1 15 6 0 0.032 0.215 0.141 0.807 0.401 31.703 56 40.741 223.347 0 0
97250 2 15 6 0 0.032 0.215 0.141 0.807 0.401 25.148 47 36.371 240.42 0 0
97250 3 15 6 0 0.032 0.215 0.141 0.807 0.401 32.341 60 40.136 212.74 0 0
97250 4 15 6 0 0.032 0.215 0.141 0.807 0.401 31.069 60 38.813 190.8 0 0
97250 5 15 6 0 0.032 0.215 0.141 0.807 0.401 44.545 28 50.796 261.14 0 0
97250 6 15 6 0 0.032 0.215 0.141 0.807 0.401 33.753 26 37.277 181.773 0 0
97250 7 15 6 0 0.032 0.215 0.141 0.807 0.401 50.5 31 56.753 287.987 0 0
97250 8 15 6 0 0.032 0.215 0.141 0.807 0.401 33.542 62 38.346 206.433 0 0
97250 9 15 6 0 0.032 0.215 0.141 0.807 0.401 34.631 58 45.886 287.58 0 0
97250 10 15 6 0 0.032 0.215 0.141 0.807 0.401 36.694 54 41.635 225.593 0 0
97250 1 15 6 0 0.085 0.224 0.204 0.988 0.236 236.307 944 243.861 1676.353 0 0
97250 2 15 6 0 0.085 0.224 0.204 0.988 0.236 232.456 208 239.746 1504.36 0 0
97250 3 15 6 0 0.085 0.224 0.204 0.988 0.236 234.036 589 241.021 1602.173 0 0
97250 4 15 6 0 0.085 0.224 0.204 0.988 0.236 235.876 80 243.752 1716.96 0 0
97250 5 15 6 0 0.085 0.224 0.204 0.988 0.236 234.099 784 243.232 1715.033 0 0
97250 6 15 6 0 0.085 0.224 0.204 0.988 0.236 231.788 496 241.012 1412.26 0 0
97250 7 15 6 0 0.085 0.224 0.204 0.988 0.236 216.219 534 224.894 1501.553 0 0
97250 8 15 6 0 0.085 0.224 0.204 0.988 0.236 229.98 251 241.448 1522.953 0 0
97250 9 15 6 0 0.085 0.224 0.204 0.988 0.236 229.792 420 242.09 1447.007 0 0
97250 10 15 6 0 0.085 0.224 0.204 0.988 0.236 233.79 538 242.529 1533.673 0 0
97250 1 15 6 0 0.071 0.431 0.122 0.855 0.954 3.72 20 10.028 102.133 0.04 0
97250 2 15 6 0 0.071 0.431 0.122 0.855 0.954 4.946 16 8.616 86.933 0.013 0
97250 3 15 6 0 0.071 0.431 0.122 0.855 0.954 8.032 12 15.838 80.847 0 0
97250 4 15 6 0 0.071 0.431 0.122 0.855 0.954 13.327 11 17.537 93.527 0 0
97250 5 15 6 0 0.071 0.431 0.122 0.855 0.954 4.026 5 7.825 74.76 0.153 0.02
97250 6 15 6 0 0.071 0.431 0.122 0.855 0.954 3.966 12 7.129 74.827 0.06 0
97250 7 15 6 0 0.071 0.431 0.122 0.855 0.954 10.361 14 15.781 95.92 0 0
97250 8 15 6 0 0.071 0.431 0.122 0.855 0.954 16.461 10 23.349 107.673 0 0
97250 9 15 6 0 0.071 0.431 0.122 0.855 0.954 21.582 11 28.253 120.547 0 0
97250 10 15 6 0 0.071 0.431 0.122 0.855 0.954 14.451 17 18.969 103.773 0 0
97250 1 15 6 0 0.052 0.454 0.376 0.765 0.632 15.623 19 18.291 91.753 0 0
97250 2 15 6 0 0.052 0.454 0.376 0.765 0.632 1.658 23 5.558 70.08 0.413 0
97250 3 15 6 0 0.052 0.454 0.376 0.765 0.632 16.066 21 20.047 100.473 0 0
97250 4 15 6 0 0.052 0.454 0.376 0.765 0.632 4.256 15 9.596 86.207 0.127 0
97250 5 15 6 0 0.052 0.454 0.376 0.765 0.632 19.362 13 24.8 106.58 0 0
97250 6 15 6 0 0.052 0.454 0.376 0.765 0.632 16.506 18 21.876 111.387 0 0
97250 7 15 6 0 0.052 0.454 0.376 0.765 0.632 9.059 16 13.443 59.38 0 0
97250 8 15 6 0 0.052 0.454 0.376 0.765 0.632 7.065 12 11.678 89.447 0 0
97250 9 15 6 0 0.052 0.454 0.376 0.765 0.632 0 0 4.742 0.3 0.44 1
97250 10 15 6 0 0.052 0.454 0.376 0.765 0.632 8.433 15 12.148 83.1 0 0
97250 1 15 6 0 0.113 0.485 0.466 0.862 0.517 5.342 18 7.731 76.9 0 0
97250 1 16 8 1 0.092 0.169 0.178 0.907 0.56 4.489 22 9.611 100.653 0.04 0
97250 2 16 8 1 0.092 0.169 0.178 0.907 0.56 9.089 17 12.909 109.16 0 0
97250 3 16 8 1 0.092 0.169 0.178 0.907 0.56 11.451 14 14.439 114.193 0 0
97250 4 16 8 1 0.092 0.169 0.178 0.907 0.56 4.907 21 9.217 106.74 0.013 0
97250 5 16 8 1 0.092 0.169 0.178 0.907 0.56 4.385 42 7.909 94.913 0.067 0
97250 6 16 8 1 0.092 0.169 0.178 0.907 0.56 8.853 41 13.403 119.853 0 0
97250 7 16 8 1 0.092 0.169 0.178 0.907 0.56 6.35 44 9.324 104.527 0 0
97250 8 16 8 1 0.092 0.169 0.178 0.907 0.56 9.623 16 13.661 123.847 0 0
97250 9 16 8 1 0.092 0.169 0.178 0.907 0.56 7.419 25 16.423 128.913 0 0
97250 10 16 8 1 0.092 0.169 0.178 0.907 0.56 0 0 0 0 1 1
97250 1 16 8 1 0.05 0.043 0.172 0.932 0.699 4.66 19 9.43 89.553 0.013 0
97250 2 16 8 1 0.05 0.043 0.172 0.932 0.699 10.446 9 13.479 93.167 0 0.02
97250 3 16 8 1 0.05 0.043 0.172 0.932 0.699 4.981 9 8.234 79.013 0.007 0.007
97250 4 16 8 1 0.05 0.043 0.172 0.932 0.699 19.058 13 22.603 101.14 0 0
97250 5 16 8 1 0.05 0.043 0.172 0.932 0.699 6.898 15 10.114 93.533 0 0
97250 6 16 8 1 0.05 0.043 0.172 0.932 0.699 8.025 11 12.377 90.14 0 0
97250 7 16 8 1 0.05 0.043 0.172 0.932 0.699 1.53 11 3.42 35.153 1 0
97250 8 16 8 1 0.05 0.043 0.172 0.932 0.699 12.454 8 16.879 87.787 0 0.053
97250 9 16 8 1 0.05 0.043 0.172 0.932 0.699 6.786 11 9.404 86.693 0 0
97250 10 16 8 1 0.05 0.043 0.172 0.932 0.699 13.402 11 17.705 102.62 0 0
97250 1 16 8 1 0.095 0.054 0.271 0.992 0.71 7.054 13 10.271 84.54 0 0
97250 2 16 8 1 0.095 0.054 0.271 0.992 0.71 6.644 12 10.428 90.833 0 0
97250 3 16 8 1 0.095 0.054 0.271 0.992 0.71 13.496 16 19.614 80.76 0 0
97250 4 16 8 1 0.095 0.054 0.271 0.992 0.71 6.212 13 12.453 84.473 0 0
97250 5 16 8 1 0.095 0.054 0.271 0.992 0.71 12.847 10 19.204 108.647 0 0
97250 6 16 8 1 0.095 0.054 0.271 0.992 0.71 10.112 13 13.985 86.193 0 0
97250 7 16 8 1 0.095 0.054 0.271 0.992 0.71 14.102 16 18.693 89.533 0 0
97250 8 16 8 1 0.095 0.054 0.271 0.992 0.71 2.614 14 5.737 76.953 0.24 0
97250 9 16 8 1 0.095 0.054 0.271 0.992 0.71 10.47 17 15.138 92.513 0 0
97250 10 16 8 1 0.095 0.054 0.271 0.992 0.71 6.866 14 10.728 77.827 0 0
97250 1 16 8 1 0.09 0.468 0.032 0.79 0.178 248.727 4965 249.807 5895.267 0 0
97250 2 16 8 1 0.09 0.468 0.032 0.79 0.178 248.86 5627 249.858 6344.54 0 0
97250 3 16 8 1 0.09 0.468 0.032 0.79 0.178 248.057 4006 249.765 5742.093 0 0
97250 4 16 8 1 0.09 0.468 0.032 0.79 0.178 248.587 4672 249.832 6555.22 0 0
97250 5 16 8 1 0.09 0.468 0.032 0.79 0.178 248.948 5299 249.888 6890.987 0 0
97250 6 16 8 1 0.09 0.468 0.032 0.79 0.178 248.674 4375 249.763 5446.013 0 0
97250 7 16 8 1 0.09 0.468 0.032 0.79 0.178 248.606 4515 249.788 5825.24 0 0
97250 8 16 8 1 0.09 0.468 0.032 0.79 0.178 248.299 4889 249.775 5878.867 0 0
97250 9 16 8 1 0.09 0.468 0.032 0.79 0.178 248.056 4782 249.742 5634.033 0 0
97250 10 16 8 1 0.09 0.468 0.032 0.79 0.178 248.864 4623 249.817 5821.5 0 0
97250 1 16 8 1 0.115 0.227 0.454 0.836 0.918 0.448 6 3.073 41.04 0.767 0.08
97250 2 16 8 1 0.115 0.227 0.454 0.836 0.918 10.946 4 16.494 96.44 0 0.08
97250 3 16 8 1 0.115 0.227 0.454 0.836 0.918 18.517 6 24.445 102.073 0 0.02
97250 4 16 8 1 0.115 0.227 0.454 0.836 0.918 16.575 17 21.176 101.24 0 0
97250 5 16 8 1 0.115 0.227 0.454 0.836 0.918 14.866 7 19.192 95.18 0 0.02
97250 6 16 8 1 0.115 0.227 0.454 0.836 0.918 17.7 10 21.252 95 0 0
97250 7 16 8 1 0.115 0.227 0.454 0.836 0.918 9.087 6 13.972 92.387 0 0.073
97250 8 16 8 1 0.115 0.227 0.454 0.836 0.918 14.87 8 19.738 95.747 0 0.02
97250 9 16 8 1 0.115 0.227 0.454 0.836 0.918 17.774 9 23.069 105.153 0 0.013
97250 10 16 8 1 0.115 0.227 0.454 0.836 0.918 6.947 19 11.078 69.913 0 0
97250 1 16 8 1 0.107 0.124 0.121 0.908 0.404 21.992 51 27.608 174.787 0 0
97250 2 16 8 1 0.107 0.124 0.121 0.908 0.404 16.244 31 26.696 147.927 0 0
97250 3 16 8 1 0.107 0.124 0.121 0.908 0.404 24.494 72 32.088 178.933 0 0
97250 4 16 8 1 0.107 0.124 0.121 0.908 0.404 22.082 23 28.18 127.12 0 0
97250 5 16 8 1 0.107 0.124 0.121 0.908 0.404 17.976 59 25.692 167.773 0 0
97250 6 16 8 1 0.107 0.124 0.121 0.908 0.404 9.534 35 16.789 123.033 0 0
97250 7 16 8 1 0.107 0.124 0.121 0.908 0.404 24.156 44 34.027 200.927 0 0
97250 8 16 8 1 0.107 0.124 0.121 0.908 0.404 13.263 47 21.42 153.067 0 0
97250 9 16 8 1 0.107 0.124 0.121 0.908 0.404 8.325 49 14.831 157.02 0 0
97250 10 16 8 1 0.107 0.124 0.121 0.908 0.404 22.142 38 29.023 160.54 0 0
97250 1 16 8 1 0.079 0.134 0.445 0.796 0.786 2.68 6 9.04 68.86 0.22 0.033
97250 2 16 8 1 0.079 0.134 0.445 0.796 0.786 12.951 7 16.6 89.14 0 0.033
97250 3 16 8 1 0.079 0.134 0.445 0.796 0.786 14.202 9 18.956 111.033 0 0.007
97250 4 16 8 1 0.079 0.134 0.445 0.796 0.786 8.699 13 15.087 100.493 0 0
97250 5 16 8 1 0.079 0.134 0.445 0.796 0.786 11.913 18 19.083 90.047 0 0
97250 6 16 8 1 0.079 0.134 0.445 0.796 0.786 2.932 23 9.142 94.747 0.08 0
97250 7 16 8 1 0.079 0.134 0.445 0.796 0.786 2.236 8 6.094 73.187 0.253 0.007
97250 8 16 8 1 0.079 0.134 0.445 0.796 0.786 19.255 10 22.241 99.5 0 0
97250 9 16 8 1 0.079 0.134 0.445 0.796 0.786 13.23 10 18.527 86.993 0 0
97250 10 16 8 1 0.079 0.134 0.445 0.796 0.786 9.888 18 16.567 88.447 0 0
97250 1 16 8 1 0.012 0.349 0.486 0.927 0.569 0 0 0 0 1 1
97250 2 16 8 1 0.012 0.349 0.486 0.927 0.569 13.747 11 16.514 82.613 0 0
97250 3 16 8 1 0.012 0.349 0.486 0.927 0.569 14.19 5 18.871 94.953 0 0.093
97250 4 16 8 1 0.012 0.349 0.486 0.927 0.569 14.778 14 18.839 93.547 0 0
97250 5 16 8 1 0.012 0.349 0.486 0.927 0.569 11.373 15 21.33 121.387 0 0
97250 6 16 8 1 0.012 0.349 0.486 0.927 0.569 8.748 21 12.676 77.233 0 0
97250 7 16 8 1 0.012 0.349 0.486 0.927 0.569 10.608 10 15.694 84.447 0 0
97250 8 16 8 1 0.012 0.349 0.486 0.927 0.569 2.922 13 6.157 68.393 0.207 0
97250 9 16 8 1 0.012 0.349 0.486 0.927 0.569 16.75 9 23.224 91.173 0 0.007
97250 10 16 8 1 0.012 0.349 0.486 0.927 0.569 13.678 13 17.644 88.393 0 0
97250 1 16 8 1 0.091 0.153 0.284 0.772 0.14 175.833 627 192.257 1024.18 0 0
97250 2 16 8 1 0.091 0.153 0.284 0.772 0.14 198.674 705 208.716 1138.607 0 0
97250 3 16 8 1 0.091 0.153 0.284 0.772 0.14 174.566 691 184.897 1156.34 0 0
97250 4 16 8 1 0.091 0.153 0.284 0.772 0.14 199.313 813 211.561 1329.987 0 0
97250 5 16 8 1 0.091 0.153 0.284 0.772 0.14 198.929 508 209.557 1114.42 0 0
97250 6 16 8 1 0.091 0.153 0.284 0.772 0.14 177.848 680 187.615 1160.48 0 0
97250 7 16 8 1 0.091 0.153 0.284 0.772 0.14 184.096 511 203.181 927.453 0 0
97250 8 16 8 1 0.091 0.153 0.284 0.772 0.14 184.002 522 192.736 1006.36 0 0
97250 9 16 8 1 0.091 0.153 0.284 0.772 0.14 191.324 571 202.184 1045.307 0 0
97250 1 15 7 1 0.098 0.032 0.186 0.889 0.817 6.275 17 9.624 89.733 0 0
97250 2 15 7 1 0.098 0.032 0.186 0.889 0.817 8.878 12 12.153 70.36 0 0
97250 3 15 7 1 0.098 0.032 0.186 0.889 0.817 18.991 8 23.347 94.967 0 0.027
97250 4 15 7 1 0.098 0.032 0.186 0.889 0.817 15.114 6 19.767 100.873 0 0.087
97250 5 15 7 1 0.098 0.032 0.186 0.889 0.817 0 0 1.072 16.013 1 0.46
97250 6 15 7 1 0.098 0.032 0.186 0.889 0.817 2.622 17 5.165 68.693 0.4 0
97250 7 15 7 1 0.098 0.032 0.186 0.889 0.817 13.425 13 19.532 104.8 0 0
97250 8 15 7 1 0.098 0.032 0.186 0.889 0.817 10.172 11 15.225 90.18 0 0
97250 9 15 7 1 0.098 0.032 0.186 0.889 0.817 11.249 8 17.392 97.36 0 0.007
97250 10 15 7 1 0.098 0.032 0.186 0.889 0.817 11.281 7 15.113 91.833 0 0.013
97250 1 15 7 1 0.09 0.118 0.298 0.832 0.323 7.466 27 13.366 114.7 0 0
97250 2 15 7 1 0.09 0.118 0.298 0.832 0.323 15.898 19 20.067 136.547 0 0
97250 3 15 7 1 0.09 0.118 0.298 0.832 0.323 10.859 17 13.92 109.52 0 0
97250 4 15 7 1 0.09 0.118 0.298 0.832 0.323 6.276 43 11.57 113.047 0 0
97250 5 15 7 1 0.09 0.118 0.298 0.832 0.323 4.621 20 10.047 102.3 0.027 0
97250 6 15 7 1 0.09 0.118 0.298 0.832 0.323 18.142 31 23.459 135.36 0 0
97250 7 15 7 1 0.09 0.118 0.298 0.832 0.323 12.364 30 16.47 123.3 0 0
97250 8 15 7 1 0.09 0.118 0.298 0.832 0.323 19.768 21 30.627 134.007 0 0
97250 9 15 7 1 0.09 0.118 0.298 0.832 0.323 19.459 45 24.175 149.433 0 0
97250 10 15 7 1 0.09 0.118 0.298 0.832 0.323 24.872 38 31.975 157.853 0 0
97250 1 15 7 1 0.065 0.11 0.36 0.804 0.213 20.784 35 27.264 145.6 0 0
97250 2 15 7 1 0.065 0.11 0.36 0.804 0.213 10.861 24 16.063 117.053 0 0
97250 3 15 7 1 0.065 0.11 0.36 0.804 0.213 26.658 28 31.974 179.36 0 0
97250 4 15 7 1 0.065 0.11 0.36 0.804 0.213 25.481 37 31.468 158.247 0 0
97250 5 15 7 1 0.065 0.11 0.36 0.804 0.213 20.85 23 26.914 164.213 0 0
97250 6 15 7 1 0.065 0.11 0.36 0.804 0.213 14.492 41 21.745 144.747 0 0
97250 7 15 7 1 0.065 0.11 0.36 0.804 0.213 20.968 20 28.152 148.747 0 0
97250 8 15 7 1 0.065 0.11 0.36 0.804 0.213 23.538 34 31.502 162.24 0 0
97250 9 15 7 1 0.065 0.11 0.36 0.804 0.213 8.139 44 13.729 141.633 0 0
97250 10 15 7 1 0.065 0.11 0.36 0.804 0.213 18.317 42 25.424 175.513 0 0
97250 1 15 7 1 0.074 0.161 0.162 0.776 0.242 236.242 949 242.834 1592.18 0 0
97250 2 15 7 1 0.074 0.161 0.162 0.776 0.242 227.465 1131 235.345 1542.447 0 0
97250 3 15 7 1 0.074 0.161 0.162 0.776 0.242 227.407 879 237.51 1516.72 0 0
97250 4 15 7 1 0.074 0.161 0.162 0.776 0.242 236.655 840 241.86 1425.373 0 0
97250 5 15 7 1 0.074 0.161 0.162 0.776 0.242 225.195 948 232.665 1499.347 0 0
97250 6 15 7 1 0.074 0.161 0.162 0.776 0.242 233.283 956 240.636 1484.92 0 0
97250 7 15 7 1 0.074 0.161 0.162 0.776 0.242 233.986 976 238.77 1465.82 0 0
97250 8 15 7 1 0.074 0.161 0.162 0.776 0.242 221.693 958 233.034 1476.053 0 0
97250 9 15 7 1 0.074 0.161 0.162 0.776 0.242 223.034 707 236.138 1452.693 0 0
97250 10 15 7 1 0.074 0.161 0.162 0.776 0.242 224.168 850 232.532 1515.607 0 0
97250 1 15 7 1 0.059 0.061 0.266 0.764 0.899 12.024 6 15.316 78.487 0 0.033
97250 2 15 7 1 0.059 0.061 0.266 0.764 0.899 12.347 9 19.119 93.207 0 0.013
97250 3 15 7 1 0.059 0.061 0.266 0.764 0.899 15.308 14 19.433 95.073 0 0
97250 4 15 7 1 0.059 0.061 0.266 0.764 0.899 9.964 19 13.123 95.367 0 0
97250 5 15 7 1 0.059 0.061 0.266 0.764 0.899 9.906 14 14.04 83.967 0 0
97250 6 15 7 1 0.059 0.061 0.266 0.764 0.899 0 0 0 0 1 1
97250 7 15 7 1 0.059 0.061 0.266 0.764 0.899 12.585 15 16.66 98.733 0 0
97250 8 15 7 1 0.059 0.061 0.266 0.764 0.899 5.865 14 11.555 87.673 0 0
97250 9 15 7 1 0.059 0.061 0.266 0.764 0.899 12.204 8 16.654 80.827 0 0.013
97250 10 15 7 1 0.059 0.061 0.266 0.764 0.899 2.879 19 5.942 71.653 0.32 0
97250 1 15 7 1 0.102 0.176 0.099 0.893 0.068 248.155 4346 249.714 5177.053 0 0
97250 2 15 7 1 0.102 0.176 0.099 0.893 0.068 248.11 4693 249.753 5756.687 0 0
97250 3 15 7 1 0.102 0.176 0.099 0.893 0.068 248.149 3952 249.656 4851.033 0 0
97250 4 15 7 1 0.102 0.176 0.099 0.893 0.068 248.061 4394 249.714 5046.18 0 0
97250 5 15 7 1 0.102 0.176 0.099 0.893 0.068 247.978 4358 249.684 5096.62 0 0
97250 6 15 7 1 0.102 0.176 0.099 0.893 0.068 248.603 3841 249.763 5392.033 0 0
97250 7 15 7 1 0.102 0.176 0.099 0.893 0.068 248.388 4132 249.737 5123.847 0 0
97250 8 15 7 1 0.102 0.176 0.099 0.893 0.068 248.499 4245 249.729 5008.587 0 0
97250 9 15 7 1 0.102 0.176 0.099 0.893 0.068 247.856 4421 249.788 5461.973 0 0
97250 10 15 7 1 0.102 0.176 0.099 0.893 0.068 248.382 4464 249.743 5457.107 0 0
97250 1 15 7 1 0.047 0.154 0.148 0.789 0.696 4.354 30 7.429 94.58 0.027 0
97250 2 15 7 1 0.047 0.154 0.148 0.789 0.696 3.553 10 7.556 97.32 0.147 0
97250 3 15 7 1 0.047 0.154 0.148 0.789 0.696 9.775 24 13.826 113.007 0 0
97250 4 15 7 1 0.047 0.154 0.148 0.789 0.696 4.524 26 8.474 96.173 0.02 0
97250 5 15 7 1 0.047 0.154 0.148 0.789 0.696 5.467 17 9.62 96.293 0 0
97250 6 15 7 1 0.047 0.154 0.148 0.789 0.696 8.917 17 15.163 119.127 0 0
97250 7 15 7 1 0.047 0.154 0.148 0.789 0.696 5.793 31 10.072 99.987 0 0
97250 8 15 7 1 0.047 0.154 0.148 0.789 0.696 4.542 8 6.855 87.62 0.04 0.027
97250 9 15 7 1 0.047 0.154 0.148 0.789 0.696 6.854 29 13.106 116.187 0 0
97250 10 15 7 1 0.047 0.154 0.148 0.789 0.696 0 0 0 0 1 1
97250 1 15 7 1 0.062 0.067 0.269 0.96 0.417 6.23 12 13.016 106.873 0 0
97250 2 15 7 1 0.062 0.067 0.269 0.96 0.417 8.156 8 11.791 90.853 0 0.007
97250 3 15 7 1 0.062 0.067 0.269 0.96 0.417 4.549 9 7.953 79.02 0.067 0.007
97250 4 15 7 1 0.062 0.067 0.269 0.96 0.417 5.393 13 9.363 90.7 0 0
97250 5 15 7 1 0.062 0.067 0.269 0.96 0.417 2.438 18 7.161 66.88 0.167 0
97250 6 15 7 1 0.062 0.067 0.269 0.96 0.417 2.772 11 6.518 66.167 0.233 0
97250 7 15 7 1 0.062 0.067 0.269 0.96 0.417 9.96 9 15.587 90.34 0 0.007
97250 8 15 7 1 0.062 0.067 0.269 0.96 0.417 13.76 9 19.546 108.473 0 0.013
97250 9 15 7 1 0.062 0.067 0.269 0.96 0.417 7.636 12 13.61 96.367 0 0
97250 10 15 7 1 0.062 0.067 0.269 0.96 0.417 10.965 17 14.844 96.92 0 0
97250 1 15 7 1 0.036 0.092 0.468 0.835 0.431 9.541 20 14.604 106.44 0 0
97250 2 15 7 1 0.036 0.092 0.468 0.835 0.431 3.514 14 7.625 84.473 0.133 0
97250 3 15 7 1 0.036 0.092 0.468 0.835 0.431 8.62 7 15.49 96.327 0 0.027
97250 4 15 7 1 0.036 0.092 0.468 0.835 0.431 5.274 16 10.08 82.76 0 0
97250 5 15 7 1 0.036 0.092 0.468 0.835 0.431 6.171 15 8.924 79.04 0 0
97250 6 15 7 1 0.036 0.092 0.468 0.835 0.431 5.109 13 8.918 87.18 0 0
97250 7 15 7 1 0.036 0.092 0.468 0.835 0.431 13.06 8 16.944 100.867 0 0.02
97250 8 15 7 1 0.036 0.092 0.468 0.835 0.431 2.582 14 6.008 69.46 0.213 0
97250 9 15 7 1 0.036 0.092 0.468 0.835 0.431 4.804 17 7.731 74.8 0.027 0
97250 10 15 7 1 0.036 0.092 0.468 0.835 0.431 10.615 15 15.451 87.46 0 0
97250 1 18 7 1 0.04 0.058 0.032 0.81 0.63 10.01 35 14.591 148.807 0 0
97250 2 18 7 1 0.04 0.058 0.032 0.81 0.63 10.904 63 18.311 150.933 0 0
97250 3 18 7 1 0.04 0.058 0.032 0.81 0.63 11.323 46 14.714 150.64 0 0
97250 4 18 7 1 0.04 0.058 0.032 0.81 0.63 5.283 49 10.454 137.113 0 0
97250 5 18 7 1 0.04 0.058 0.032 0.81 0.63 9.695 49 13.508 126.073 0 0
97250 6 18 7 1 0.04 0.058 0.032 0.81 0.63 11.229 67 16.286 161.307 0 0
97250 7 18 7 1 0.04 0.058 0.032 0.81 0.63 11.717 46 16.108 158.94 0 0
97250 8 18 7 1 0.04 0.058 0.032 0.81 0.63 4.663 35 10.584 120.14 0.013 0
97250 9 18 7 1 0.04 0.058 0.032 0.81 0.63 12.351 63 15.122 140.2 0 0
97250 10 18 7 1 0.04 0.058 0.032 0.81 0.63 10.69 53 17.957 144.973 0 0
97250 1 18 7 1 0.119 0.121 0.07 0.996 0.274 0 0 0 0 1 1
97250 2 18 7 1 0.119 0.121 0.07 0.996 0.274 0 0 0 0 1 1
97250 3 18 7 1 0.119 0.121 0.07 0.996 0.274 29.399 37 39.687 221.293 0 0
97250 4 18 7 1 0.119 0.121 0.07 0.996 0.274 0 0 0 0 1 1
97250 5 18 7 1 0.119 0.121 0.07 0.996 0.274 0 0 0 0 1 1
97250 6 18 7 1 0.119 0.121 0.07 0.996 0.274 0 0 0 0 1 1
97250 7 18 7 1 0.119 0.121 0.07 0.996 0.274 0 0 0 0 1 1
97250 8 18 7 1 0.119 0.121 0.07 0.996 0.274 0 0 0 0 1 1
97250 9 18 7 1 0.119 0.121 0.07 0.996 0.274 0 0 0 0 1 1
97250 10 18 7 1 0.119 0.121 0.07 0.996 0.274 0 0 0 0 1 1
97250 1 18 7 1 0.107 0.472 0.402 0.764 0.579 3.932 25 7.942 95.007 0.027 0
97250 2 18 7 1 0.107 0.472 0.402 0.764 0.579 6.674 22 10.726 108.64 0 0
97250 3 18 7 1 0.107 0.472 0.402 0.764 0.579 2.812 14 6.088 73.26 0.333 0
97250 4 18 7 1 0.107 0.472 0.402 0.764 0.579 8.036 11 11.153 95.32 0 0
97250 5 18 7 1 0.107 0.472 0.402 0.764 0.579 0 0 0 0 1 1
97250 6 18 7 1 0.107 0.472 0.402 0.764 0.579 4.949 24 10.025 101.907 0.02 0
97250 7 18 7 1 0.107 0.472 0.402 0.764 0.579 7.859 12 14.265 100.84 0 0
97250 8 18 7 1 0.107 0.472 0.402 0.764 0.579 5.162 17 7.417 93.493 0 0
97250 9 18 7 1 0.107 0.472 0.402 0.764 0.579 2.023 12 6.312 85.38 0.313 0
97250 10 18 7 1 0.107 0.472 0.402 0.764 0.579 12.628 13 17.226 94.893 0 0
97250 1 18 7 1 0.104 0.109 0.236 0.917 0.821 11.692 14 15.752 86.973 0 0
97250 2 18 7 1 0.104 0.109 0.236 0.917 0.821 11.041 16 17.347 97.38 0 0
97250 3 18 7 1 0.104 0.109 0.236 0.917 0.821 10.081 13 14.954 90.533 0 0
97250 4 18 7 1 0.104 0.109 0.236 0.917 0.821 18.667 12 24.955 118.28 0 0
97250 5 18 7 1 0.104 0.109 0.236 0.917 0.821 2.967 22 8.555 99 0.093 0
97250 6 18 7 1 0.104 0.109 0.236 0.917 0.821 21.957 12 26.784 108.327 0 0
97250 7 18 7 1 0.104 0.109 0.236 0.917 0.821 19.607 10 24.272 109.333 0 0
97250 8 18 7 1 0.104 0.109 0.236 0.917 0.821 12.836 12 19.017 103.26 0 0
97250 9 18 7 1 0.104 0.109 0.236 0.917 0.821 17.802 11 20.775 91.533 0 0
97250 10 18 7 1 0.104 0.109 0.236 0.917 0.821 17.884 15 26.344 117.873 0 0
97250 1 18 7 1 0.082 0.346 0.279 0.782 0.754 18.951 15 25.087 117.067 0 0
97250 2 18 7 1 0.082 0.346 0.279 0.782 0.754 10.322 14 13.679 90.353 0 0
97250 3 18 7 1 0.082 0.346 0.279 0.782 0.754 19.584 21 24.379 96.58 0 0
97250 4 18 7 1 0.082 0.346 0.279 0.782 0.754 8.27 17 14.306 96.167 0 0
97250 5 18 7 1 0.082 0.346 0.279 0.782 0.754 14.719 12 20.868 111.06 0 0
97250 6 18 7 1 0.082 0.346 0.279 0.782 0.754 11.513 9 17.1 111.46 0 0.007
97250 7 18 7 1 0.082 0.346 0.279 0.782 0.754 11.607 4 18.648 122.4 0 0.027
97250 8 18 7 1 0.082 0.346 0.279 0.782 0.754 21.79 9 26.633 140.733 0 0.013
97250 9 18 7 1 0.082 0.346 0.279 0.782 0.754 15.908 18 20.764 100.44 0 0
97250 10 18 7 1 0.082 0.346 0.279 0.782 0.754 15.548 9 22.647 120.267 0 0.007
97250 1 18 7 1 0.047 0.125 0.406 0.971 0.641 10.554 11 13.291 101.047 0 0
97250 2 18 7 1 0.047 0.125 0.406 0.971 0.641 6.983 15 11.211 105.527 0 0
97250 3 18 7 1 0.047 0.125 0.406 0.971 0.641 27.806 11 34.522 147.547 0 0
97250 4 18 7 1 0.047 0.125 0.406 0.971 0.641 16.107 10 19.915 86.367 0 0
97250 5 18 7 1 0.047 0.125 0.406 0.971 0.641 11.263 11 14.533 78.193 0 0
97250 6 18 7 1 0.047 0.125 0.406 0.971 0.641 24.756 5 31.481 139.047 0 0.06
97250 7 18 7 1 0.047 0.125 0.406 0.971 0.641 15.265 18 18.995 105.547 0 0
97250 8 18 7 1 0.047 0.125 0.406 0.971 0.641 18.925 8 25.114 113.953 0 0.013
97250 9 18 7 1 0.047 0.125 0.406 0.971 0.641 13.789 15 23.413 98.073 0 0
97250 10 18 7 1 0.047 0.125 0.406 0.971 0.641 17.06 10 22.272 97.767 0 0
97250 1 18 7 1 0.012 0.269 0.119 0.918 0.181 242.804 1706 247.889 2546.567 0 0
97250 2 18 7 1 0.012 0.269 0.119 0.918 0.181 242.976 1727 247.528 2431.58 0 0
97250 3 18 7 1 0.012 0.269 0.119 0.918 0.181 242.742 1942 247.798 2725.62 0 0
97250 4 18 7 1 0.012 0.269 0.119 0.918 0.181 243.34 1853 247.879 2500.933 0 0
97250 5 18 7 1 0.012 0.269 0.119 0.918 0.181 243.963 1997 247.974 2690.207 0 0
97250 6 18 7 1 0.012 0.269 0.119 0.918 0.181 244.88 1939 248.17 2637.58 0 0
97250 7 18 7 1 0.012 0.269 0.119 0.918 0.181 242.373 1582 247.743 2588.313 0 0
97250 8 18 7 1 0.012 0.269 0.119 0.918 0.181 243.232 1976 248.116 2603.747 0 0
97250 9 18 7 1 0.012 0.269 0.119 0.918 0.181 243.354 1916 248.096 2547.72 0 0
97250 10 18 7 1 0.012 0.269 0.119 0.918 0.181 241.698 1986 247.65 2477.187 0 0
97250 1 18 7 1 0.035 0.239 0.351 0.984 0.634 16.653 10 20.487 112.393 0 0
97250 2 18 7 1 0.035 0.239 0.351 0.984 0.634 5.73 14 13.234 92.993 0 0
97250 3 18 7 1 0.035 0.239 0.351 0.984 0.634 9.866 15 15.81 98.273 0 0
97250 4 18 7 1 0.035 0.239 0.351 0.984 0.634 11.693 16 14.963 99.247 0 0
97250 5 18 7 1 0.035 0.239 0.351 0.984 0.634 16.818 10 20.719 105.133 0 0
97250 6 18 7 1 0.035 0.239 0.351 0.984 0.634 6.426 12 11.081 89.16 0 0
97250 7 18 7 1 0.035 0.239 0.351 0.984 0.634 4.999 8 9.544 86.24 0.007 0.007
97250 8 18 7 1 0.035 0.239 0.351 0.984 0.634 10.634 15 15.9 106.54 0 0
97250 9 18 7 1 0.035 0.239 0.351 0.984 0.634 7.382 16 11.034 100.873 0 0
97250 10 18 7 1 0.035 0.239 0.351 0.984 0.634 16.963 5 22.279 108.633 0 0.027
97250 1 18 7 1 0.111 0.489 0.18 0.789 0.489 28.243 157 37.73 283.593 0 0
97250 2 18 7 1 0.111 0.489 0.18 0.789 0.489 19.241 102 26.327 226.287 0 0
97250 3 18 7 1 0.111 0.489 0.18 0.789 0.489 18.306 64 26.33 197.187 0 0
97250 4 18 7 1 0.111 0.489 0.18 0.789 0.489 27.542 144 33.934 240.947 0 0
97250 5 18 7 1 0.111 0.489 0.18 0.789 0.489 16.407 71 27.85 220.013 0 0
97250 6 18 7 1 0.111 0.489 0.18 0.789 0.489 25.454 89 30.175 231.753 0 0
97250 7 18 7 1 0.111 0.489 0.18 0.789 0.489 18.635 110 27.452 213.88 0 0
97250 8 18 7 1 0.111 0.489 0.18 0.789 0.489 16.823 137 25.232 243.1 0 0
97250 9 18 7 1 0.111 0.489 0.18 0.789 0.489 32.713 126 37.143 269.727 0 0
97250 10 18 7 1 0.111 0.489 0.18 0.789 0.489 18.325 114 23.524 212.78 0 0
97250 1 18 7 1 0.065 0.011 0.467 0.853 0.453 17.776 9 25.392 88.2 0 0.007
97250 2 18 7 1 0.065 0.011 0.467 0.853 0.453 6.542 11 9.501 86.573 0 0
97250 3 18 7 1 0.065 0.011 0.467 0.853 0.453 20.094 13 31.221 131.773 0 0
97250 4 18 7 1 0.065 0.011 0.467 0.853 0.453 20.556 13 25.564 106.16 0 0
97250 5 18 7 1 0.065 0.011 0.467 0.853 0.453 22.391 5 26.826 104.833 0 0.053
97250 1 15 5 0 0.059 0.18 0.151 0.913 0.53 9.453 42 14.912 123.247 0 0
97250 2 15 5 0 0.059 0.18 0.151 0.913 0.53 7.118 12 11.437 120.74 0 0
97250 3 15 5 0 0.059 0.18 0.151 0.913 0.53 7.832 36 11.06 114.16 0 0
97250 4 15 5 0 0.059 0.18 0.151 0.913 0.53 7.14 23 12.822 115.987 0 0
97250 5 15 5 0 0.059 0.18 0.151 0.913 0.53 7.511 21 14.972 137.58 0 0
97250 6 15 5 0 0.059 0.18 0.151 0.913 0.53 11.636 22 14.929 97.087 0 0
97250 7 15 5 0 0.059 0.18 0.151 0.913 0.53 7.256 18 11.161 100.407 0 0
97250 8 15 5 0 0.059 0.18 0.151 0.913 0.53 0 0 0 0.487 1 1
97250 9 15 5 0 0.059 0.18 0.151 0.913 0.53 10.472 18 14.233 122.74 0 0
97250 10 15 5 0 0.059 0.18 0.151 0.913 0.53 5.656 23 11.186 107.213 0 0
97250 1 15 5 0 0.071 0.024 0.318 0.828 0.572 13.276 18 17.106 81.88 0 0
97250 2 15 5 0 0.071 0.024 0.318 0.828 0.572 13.355 20 17.309 108.94 0 0
97250 3 15 5 0 0.071 0.024 0.318 0.828 0.572 20.038 13 26.28 125.08 0 0
97250 4 15 5 0 0.071 0.024 0.318 0.828 0.572 11.117 19 16.257 107.153 0 0
97250 5 15 5 0 0.071 0.024 0.318 0.828 0.572 17.473 18 20.91 118.827 0 0
97250 6 15 5 0 0.071 0.024 0.318 0.828 0.572 9.902 15 14.052 94.707 0 0
97250 7 15 5 0 0.071 0.024 0.318 0.828 0.572 15.14 20 20.285 107.027 0 0
97250 8 15 5 0 0.071 0.024 0.318 0.828 0.572 12.239 19 16.92 110.04 0 0
97250 9 15 5 0 0.071 0.024 0.318 0.828 0.572 10.359 15 15.757 98.26 0 0
97250 10 15 5 0 0.071 0.024 0.318 0.828 0.572 11.326 23 15.803 86.887 0 0
97250 1 15 5 0 0.016 0.206 0.153 0.937 0.34 41.966 90 48.899 299.62 0 0
97250 2 15 5 0 0.016 0.206 0.153 0.937 0.34 78.693 180 92.491 403.647 0 0
97250 3 15 5 0 0.016 0.206 0.153 0.937 0.34 112.188 36 122.121 563.913 0 0
97250 4 15 5 0 0.016 0.206 0.153 0.937 0.34 129.025 126 137.458 556.98 0 0
97250 5 15 5 0 0.016 0.206 0.153 0.937 0.34 65.406 138 72.887 356.373 0 0
97250 6 15 5 0 0.016 0.206 0.153 0.937 0.34 54.996 106 76.697 368.22 0 0
97250 7 15 5 0 0.016 0.206 0.153 0.937 0.34 116.255 86 123.771 567.413 0 0
97250 8 15 5 0 0.016 0.206 0.153 0.937 0.34 108.704 95 117.518 526.16 0 0
97250 9 15 5 0 0.016 0.206 0.153 0.937 0.34 100.358 126 111.467 494.373 0 0
97250 10 15 5 0 0.016 0.206 0.153 0.937 0.34 27.47 43 33.877 170.2 0 0
97250 1 15 5 0 0.115 0.32 0.149 0.783 0.43 17.884 57 22.676 153.233 0 0
97250 2 15 5 0 0.115 0.32 0.149 0.783 0.43 16.906 80 33.146 254.64 0 0
97250 3 15 5 0 0.115 0.32 0.149 0.783 0.43 13.088 55 21.539 164.633 0 0
97250 4 15 5 0 0.115 0.32 0.149 0.783 0.43 22.444 40 31.63 160.347 0 0
97250 5 15 5 0 0.115 0.32 0.149 0.783 0.43 35.286 163 46.316 314.893 0 0
97250 6 15 5 0 0.115 0.32 0.149 0.783 0.43 21.33 67 28.55 185.847 0 0
97250 7 15 5 0 0.115 0.32 0.149 0.783 0.43 18.267 31 26.09 141.113 0 0
97250 8 15 5 0 0.115 0.32 0.149 0.783 0.43 22.612 31 32.072 191.027 0 0
97250 9 15 5 0 0.115 0.32 0.149 0.783 0.43 34.777 91 39.257 253.147 0 0
97250 10 15 5 0 0.115 0.32 0.149 0.783 0.43 12.34 22 16.256 130.813 0 0
97250 1 15 5 0 0.014 0.139 0.125 0.782 0.192 227.065 716 241.442 1569.2 0 0
97250 2 15 5 0 0.014 0.139 0.125 0.782 0.192 234.584 688 241.94 1505.86 0 0
97250 3 15 5 0 0.014 0.139 0.125 0.782 0.192 238.191 694 243.127 1571.027 0 0
97250 4 15 5 0 0.014 0.139 0.125 0.782 0.192 237.414 578 245.209 1654.5 0 0
97250 5 15 5 0 0.014 0.139 0.125 0.782 0.192 239.512 919 243.686 1691.653 0 0
97250 6 15 5 0 0.014 0.139 0.125 0.782 0.192 234.191 643 241.786 1558.107 0 0
97250 7 15 5 0 0.014 0.139 0.125 0.782 0.192 236.396 861 242.975 1700.94 0 0
97250 8 15 5 0 0.014 0.139 0.125 0.782 0.192 232.917 94 241.009 1615.58 0 0
97250 9 15 5 0 0.014 0.139 0.125 0.782 0.192 232.138 636 242.786 1607.72 0 0
97250 10 15 5 0 0.014 0.139 0.125 0.782 0.192 233.344 875 243 1635.98 0 0
97250 1 15 5 0 0.115 0.025 0.078 0.851 0.332 20.169 8 23.813 91.033 0 0.027
97250 2 15 5 0 0.115 0.025 0.078 0.851 0.332 11.127 24 17.414 101.573 0 0
97250 3 15 5 0 0.115 0.025 0.078 0.851 0.332 18.429 12 23.524 103.633 0 0
97250 4 15 5 0 0.115 0.025 0.078 0.851 0.332 3.593 20 7.303 74.76 0.213 0
97250 5 15 5 0 0.115 0.025 0.078 0.851 0.332 9.607 20 14.899 110.58 0 0
97250 6 15 5 0 0.115 0.025 0.078 0.851 0.332 8.85 14 12.622 101.153 0 0
97250 7 15 5 0 0.115 0.025 0.078 0.851 0.332 3.452 9 9.8 87.34 0.167 0.013
97250 8 15 5 0 0.115 0.025 0.078 0.851 0.332 2.236 13 5.048 69.553 0.587 0
97250 9 15 5 0 0.115 0.025 0.078 0.851 0.332 20.447 7 25.171 92.22 0 0.02
97250 10 15 5 0 0.115 0.025 0.078 0.851 0.332 18.93 14 22.995 102.827 0 0
97250 1 15 5 0 0.111 0.078 0.286 0.806 0.724 9.429 17 14.52 102.867 0 0
97250 2 15 5 0 0.111 0.078 0.286 0.806 0.724 7.894 14 12.455 101.667 0 0
97250 3 15 5 0 0.111 0.078 0.286 0.806 0.724 15.563 11 21.031 113.1 0 0
97250 4 15 5 0 0.111 0.078 0.286 0.806 0.724 15.083 13 21.469 92.98 0 0
97250 5 15 5 0 0.111 0.078 0.286 0.806 0.724 7.515 28 12.794 111.34 0 0
97250 6 15 5 0 0.111 0.078 0.286 0.806 0.724 19.711 15 23.735 116.427 0 0
97250 7 15 5 0 0.111 0.078 0.286 0.806 0.724 17.074 12 20.702 92.307 0 0
97250 8 15 5 0 0.111 0.078 0.286 0.806 0.724 12.081 7 20.33 100.18 0 0.02
97250 9 15 5 0 0.111 0.078 0.286 0.806 0.724 6.047 10 14.053 107.04 0 0
97250 10 15 5 0 0.111 0.078 0.286 0.806 0.724 17.982 27 21.801 106.833 0 0
97250 1 15 5 0 0.015 0.08 0.496 0.978 0.762 9.755 12 14.778 102.933 0 0
97250 2 15 5 0 0.015 0.08 0.496 0.978 0.762 15.565 12 20.37 83.76 0 0
97250 3 15 5 0 0.015 0.08 0.496 0.978 0.762 12.651 14 16.064 99.98 0 0
97250 4 15 5 0 0.015 0.08 0.496 0.978 0.762 5.876 16 9.121 85.58 0 0
97250 5 15 5 0 0.015 0.08 0.496 0.978 0.762 20.309 16 24.586 106.253 0 0
97250 6 15 5 0 0.015 0.08 0.496 0.978 0.762 16.194 13 19.913 104.287 0 0
97250 7 15 5 0 0.015 0.08 0.496 0.978 0.762 14.436 13 19.512 104.78 0 0
97250 8 15 5 0 0.015 0.08 0.496 0.978 0.762 11.371 18 16.744 96.74 0 0
97250 9 15 5 0 0.015 0.08 0.496 0.978 0.762 13.99 14 21.512 125.567 0 0
97250 10 15 5 0 0.015 0.08 0.496 0.978 0.762 9.592 16 15.049 115.567 0 0
97250 1 15 5 0 0.072 0.139 0.128 0.863 0.246 215.31 486 235.48 1531.407 0 0
97250 2 15 5 0 0.072 0.139 0.128 0.863 0.246 234.844 810 243.815 1686.407 0 0
97250 3 15 5 0 0.072 0.139 0.128 0.863 0.246 221.165 695 240.237 1694.127 0 0
97250 4 15 5 0 0.072 0.139 0.128 0.863 0.246 232.297 322 240.992 1545.847 0 0
97250 5 15 5 0 0.072 0.139 0.128 0.863 0.246 224.168 603 241.17 1619.22 0 0
97250 6 15 5 0 0.072 0.139 0.128 0.863 0.246 232.871 633 243.443 1598.047 0 0
97250 7 15 5 0 0.072 0.139 0.128 0.863 0.246 233.56 627 243.649 1759.827 0 0
97250 8 15 5 0 0.072 0.139 0.128 0.863 0.246 231.108 1051 237.791 1542.227 0 0
97250 9 15 5 0 0.072 0.139 0.128 0.863 0.246 228.219 197 240.789 1655.32 0 0
97250 1 16 10 1 0.099 0.335 0.186 0.821 0.254 244.12 1812 247.676 2300.88 0 0
97250 2 16 10 1 0.099 0.335 0.186 0.821 0.254 243.388 1482 247.353 2235.273 0 0
97250 3 16 10 1 0.099 0.335 0.186 0.821 0.254 243.696 1525 247.799 2369.98 0 0
97250 4 16 10 1 0.099 0.335 0.186 0.821 0.254 240.7 1375 245.64 2127.113 0 0
97250 5 16 10 1 0.099 0.335 0.186 0.821 0.254 240.978 1436 245.777 2134.453 0 0
97250 6 16 10 1 0.099 0.335 0.186 0.821 0.254 242.483 1558 246.405 2231.233 0 0
97250 7 16 10 1 0.099 0.335 0.186 0.821 0.254 242.211 1713 247.796 2290.593 0 0
97250 8 16 10 1 0.099 0.335 0.186 0.821 0.254 244.406 1531 247.645 2225.953 0 0
97250 9 16 10 1 0.099 0.335 0.186 0.821 0.254 242.203 1512 247.363 2332.72 0 0
97250 10 16 10 1 0.099 0.335 0.186 0.821 0.254 241.797 1537 247.085 2134.1 0 0
97250 1 16 10 1 0.046 0.434 0.062 0.939 0.624 0 0 0 0 1 1
97250 2 16 10 1 0.046 0.434 0.062 0.939 0.624 7.03 59 13.399 151.06 0 0
97250 3 16 10 1 0.046 0.434 0.062 0.939 0.624 9.343 99 13.245 167.667 0 0
97250 4 16 10 1 0.046 0.434 0.062 0.939 0.624 12.69 80 20.942 175.193 0 0
97250 5 16 10 1 0.046 0.434 0.062 0.939 0.624 0 0 0 0 1 1
97250 6 16 10 1 0.046 0.434 0.062 0.939 0.624 12.848 113 20.781 221.313 0 0
97250 7 16 10 1 0.046 0.434 0.062 0.939 0.624 0 0 0 0 1 1
97250 8 16 10 1 0.046 0.434 0.062 0.939 0.624 0 0 0 0 1 1
97250 9 16 10 1 0.046 0.434 0.062 0.939 0.624 0 0 0 0 1 1
97250 10 16 10 1 0.046 0.434 0.062 0.939 0.624 3.809 41 10.907 130.26 0.08 0
97250 1 16 10 1 0.089 0.3 0.195 0.824 0.776 4.963 27 8.815 88.387 0.007 0
97250 2 16 10 1 0.089 0.3 0.195 0.824 0.776 3.622 11 7.726 81.22 0.173 0
97250 3 16 10 1 0.089 0.3 0.195 0.824 0.776 6.103 10 9.234 81.707 0 0
97250 4 16 10 1 0.089 0.3 0.195 0.824 0.776 6.948 10 11.628 105.133 0 0
97250 5 16 10 1 0.089 0.3 0.195 0.824 0.776 3.612 16 7.013 75.54 0.193 0
97250 6 16 10 1 0.089 0.3 0.195 0.824 0.776 4.906 11 8.706 84.64 0.013 0
97250 7 16 10 1 0.089 0.3 0.195 0.824 0.776 7.452 20 11.657 101.793 0 0
97250 8 16 10 1 0.089 0.3 0.195 0.824 0.776 3.722 27 6.497 78.547 0.313 0
97250 9 16 10 1 0.089 0.3 0.195 0.824 0.776 8.12 12 11.822 86.46 0 0
97250 10 16 10 1 0.089 0.3 0.195 0.824 0.776 2.584 11 5.281 73.707 0.48 0
97250 1 16 10 1 0.119 0.389 0.046 0.87 0.389 0 0 0 0 1 1
97250 2 16 10 1 0.119 0.389 0.046 0.87 0.389 0 0 0 0 1 1
97250 3 16 10 1 0.119 0.389 0.046 0.87 0.389 0 0 0 0 1 1
97250 4 16 10 1 0.119 0.389 0.046 0.87 0.389 0 0 0 0 1 1
97250 5 16 10 1 0.119 0.389 0.046 0.87 0.389 0 0 0 0 1 1
97250 6 16 10 1 0.119 0.389 0.046 0.87 0.389 0 0 0 0 1 1
97250 7 16 10 1 0.119 0.389 0.046 0.87 0.389 0 0 0 0 1 1
97250 8 16 10 1 0.119 0.389 0.046 0.87 0.389 0 0 0 0 1 1
97250 9 16 10 1 0.119 0.389 0.046 0.87 0.389 0 0 0 0 1 1
97250 10 16 10 1 0.119 0.389 0.046 0.87 0.389 0 0 0 0 1 1
97250 1 16 10 1 0.003 0.236 0.341 0.798 0.252 29.216 48 35.484 201.307 0 0
97250 2 16 10 1 0.003 0.236 0.341 0.798 0.252 16.637 47 27.345 186.073 0 0
97250 3 16 10 1 0.003 0.236 0.341 0.798 0.252 17.837 55 22.368 176.827 0 0
97250 4 16 10 1 0.003 0.236 0.341 0.798 0.252 25.794 64 34.161 212.353 0 0
97250 5 16 10 1 0.003 0.236 0.341 0.798 0.252 18.242 65 24.308 178.78 0 0
97250 6 16 10 1 0.003 0.236 0.341 0.798 0.252 24.338 54 30.025 193.533 0 0
97250 7 16 10 1 0.003 0.236 0.341 0.798 0.252 27.735 49 34.457 200.033 0 0
97250 8 16 10 1 0.003 0.236 0.341 0.798 0.252 24.586 40 29.304 191.1 0 0
97250 9 16 10 1 0.003 0.236 0.341 0.798 0.252 30.136 35 34.104 189.887 0 0
97250 10 16 10 1 0.003 0.236 0.341 0.798 0.252 22.591 48 29.779 170.273 0 0
97250 1 16 10 1 0.062 0.153 0.45 0.758 0.902 11.871 11 15.53 78.24 0 0
97250 2 16 10 1 0.062 0.153 0.45 0.758 0.902 7.358 15 12.161 84.52 0 0
97250 3 16 10 1 0.062 0.153 0.45 0.758 0.902 2.332 7 6.581 69.453 0.167 0.04
97250 4 16 10 1 0.062 0.153 0.45 0.758 0.902 11.686 4 16.088 110.327 0 0.14
97250 5 16 10 1 0.062 0.153 0.45 0.758 0.902 14.723 9 17.259 89.513 0 0.033
97250 6 16 10 1 0.062 0.153 0.45 0.758 0.902 22.142 8 27.142 123.327 0 0.027
97250 7 16 10 1 0.062 0.153 0.45 0.758 0.902 4.193 6 8.432 79.173 0.053 0.027
97250 8 16 10 1 0.062 0.153 0.45 0.758 0.902 14.452 4 20 99.573 0 0.047
97250 9 16 10 1 0.062 0.153 0.45 0.758 0.902 8.085 23 14.471 95.913 0 0
97250 10 16 10 1 0.062 0.153 0.45 0.758 0.902 8.028 10 11.171 81.48 0 0
97250 1 16 10 1 0.032 0.432 0.377 0.808 0.607 6.733 7 10.556 79.293 0 0.053
97250 2 16 10 1 0.032 0.432 0.377 0.808 0.607 3.533 6 7.981 72.393 0.087 0.047
97250 3 16 10 1 0.032 0.432 0.377 0.808 0.607 2.572 24 7.034 74.8 0.187 0
97250 4 16 10 1 0.032 0.432 0.377 0.808 0.607 7.455 9 10.906 86.153 0 0.013
97250 5 16 10 1 0.032 0.432 0.377 0.808 0.607 3.967 11 6.963 74.333 0.12 0
97250 6 16 10 1 0.032 0.432 0.377 0.808 0.607 2.072 12 5.498 72.173 0.373 0
97250 7 16 10 1 0.032 0.432 0.377 0.808 0.607 0 0 0 0 1 1
97250 8 16 10 1 0.032 0.432 0.377 0.808 0.607 3.33 17 8.308 86.433 0.033 0
97250 9 16 10 1 0.032 0.432 0.377 0.808 0.607 2.086 15 4.492 62.593 0.62 0
97250 10 16 10 1 0.032 0.432 0.377 0.808 0.607 2.584 10 7.534 81.193 0.247 0
97250 1 16 10 1 0.115 0.18 0.372 0.85 0.159 33.592 98 39.457 231.88 0 0
97250 2 16 10 1 0.115 0.18 0.372 0.85 0.159 32.149 54 41.635 216.847 0 0
97250 3 16 10 1 0.115 0.18 0.372 0.85 0.159 27.764 64 35.356 240.513 0 0
97250 4 16 10 1 0.115 0.18 0.372 0.85 0.159 28.505 65 38.164 170.153 0 0
97250 5 16 10 1 0.115 0.18 0.372 0.85 0.159 26.087 51 39.623 198.2 0 0
97250 6 16 10 1 0.115 0.18 0.372 0.85 0.159 33.243 79 44.117 250.8 0 0
97250 7 16 10 1 0.115 0.18 0.372 0.85 0.159 41.447 34 48.491 272.693 0 0
97250 8 16 10 1 0.115 0.18 0.372 0.85 0.159 36.042 95 46.835 269.853 0 0
97250 9 16 10 1 0.115 0.18 0.372 0.85 0.159 27.922 88 34.387 205.567 0 0
97250 10 16 10 1 0.115 0.18 0.372 0.85 0.159 38.756 162 48.163 300.733 0 0
97250 1 16 10 1 0.039 0.321 0.09 0.964 0.281 243.561 1789 247.48 2298.033 0 0
97250 2 16 10 1 0.039 0.321 0.09 0.964 0.281 244.004 1697 248.221 2507.927 0 0
97250 1 15 10 0 0.022 0.002 0.461 0.931 0.983 10.707 14 13.67 87.067 0 0
97250 2 15 10 0 0.022 0.002 0.461 0.931 0.983 3.077 14 6.79 74.887 0.14 0
97250 3 15 10 0 0.022 0.002 0.461 0.931 0.983 9.439 9 13.501 86.56 0 0.013
97250 4 15 10 0 0.022 0.002 0.461 0.931 0.983 11.61 9 14.829 87.987 0 0.007
97250 5 15 10 0 0.022 0.002 0.461 0.931 0.983 0 0 0 0.027 1 1
97250 6 15 10 0 0.022 0.002 0.461 0.931 0.983 7.703 14 11.015 67.94 0 0
97250 7 15 10 0 0.022 0.002 0.461 0.931 0.983 11.612 15 14.663 75.167 0 0
97250 8 15 10 0 0.022 0.002 0.461 0.931 0.983 5.458 11 9.4 79.46 0 0
97250 9 15 10 0 0.022 0.002 0.461 0.931 0.983 3.749 12 6.638 70.887 0.127 0
97250 10 15 10 0 0.022 0.002 0.461 0.931 0.983 10.749 12 15.524 95.5 0 0
97250 1 15 10 0 0.034 0.381 0.034 0.92 0.143 248.582 4781 249.788 5446.707 0 0
97250 2 15 10 0 0.034 0.381 0.034 0.92 0.143 248.717 4751 249.805 5540.947 0 0
97250 3 15 10 0 0.034 0.381 0.034 0.92 0.143 248.561 4878 249.839 5859.113 0 0
97250 4 15 10 0 0.034 0.381 0.034 0.92 0.143 248.068 4363 249.611 5139.58 0 0
97250 5 15 10 0 0.034 0.381 0.034 0.92 0.143 248.282 4580 249.754 5834.08 0 0
97250 6 15 10 0 0.034 0.381 0.034 0.92 0.143 248.822 5561 249.908 6685.813 0 0
97250 7 15 10 0 0.034 0.381 0.034 0.92 0.143 248.672 5662 249.877 6496.827 0 0
97250 8 15 10 0 0.034 0.381 0.034 0.92 0.143 248.528 4240 249.736 5257.34 0 0
97250 9 15 10 0 0.034 0.381 0.034 0.92 0.143 248.674 4484 249.86 5759.093 0 0
97250 10 15 10 0 0.034 0.381 0.034 0.92 0.143 248.149 4671 249.777 5390.907 0 0
97250 1 15 10 0 0.056 0.046 0.181 0.839 0.815 15.879 3 19.52 83.627 0 0.12
97250 2 15 10 0 0.056 0.046 0.181 0.839 0.815 13.45 11 19.893 121.553 0 0
97250 3 15 10 0 0.056 0.046 0.181 0.839 0.815 7.497 9 9.438 74.207 0 0.007
97250 4 15 10 0 0.056 0.046 0.181 0.839 0.815 7.776 12 12.007 90.067 0 0
97250 5 15 10 0 0.056 0.046 0.181 0.839 0.815 14.236 8 19.846 79.433 0 0.02
97250 6 15 10 0 0.056 0.046 0.181 0.839 0.815 4.776 9 7.831 72.447 0.013 0.007
97250 7 15 10 0 0.056 0.046 0.181 0.839 0.815 11.488 11 14.699 71.573 0 0
97250 8 15 10 0 0.056 0.046 0.181 0.839 0.815 15.171 8 21.248 103.46 0 0.053
97250 9 15 10 0 0.056 0.046 0.181 0.839 0.815 5.651 18 8.36 70.493 0 0
97250 10 15 10 0 0.056 0.046 0.181 0.839 0.815 7.291 14 12.948 85.733 0 0
97250 1 15 10 0 0.085 0.33 0.041 0.866 0.211 248.694 4735 249.824 5690.333 0 0
97250 2 15 10 0 0.085 0.33 0.041 0.866 0.211 248.223 4277 249.724 5250.353 0 0
97250 3 15 10 0 0.085 0.33 0.041 0.866 0.211 248.259 4634 249.769 5661.033 0 0
97250 4 15 10 0 0.085 0.33 0.041 0.866 0.211 248.144 4695 249.81 5821.753 0 0
97250 5 15 10 0 0.085 0.33 0.041 0.866 0.211 248.352 4964 249.821 5721.3 0 0
97250 6 15 10 0 0.085 0.33 0.041 0.866 0.211 249.131 5120 249.896 6471.8 0 0
97250 7 15 10 0 0.085 0.33 0.041 0.866 0.211 248.539 4488 249.7 5414.853 0 0
97250 8 15 10 0 0.085 0.33 0.041 0.866 0.211 247.386 4223 249.633 5111.493 0 0
97250 9 15 10 0 0.085 0.33 0.041 0.866 0.211 248.752 4989 249.87 5881.2 0 0
97250 10 15 10 0 0.085 0.33 0.041 0.866 0.211 248.411 4350 249.764 5366.447 0 0
97250 1 15 10 0 0.112 0.126 0.115 0.842 0.696 2.037 15 4.296 56.133 0.633 0
97250 2 15 10 0 0.112 0.126 0.115 0.842 0.696 3.609 9 7.053 74.087 0.253 0.007
97250 3 15 10 0 0.112 0.126 0.115 0.842 0.696 0 0 0 0 1 1
97250 4 15 10 0 0.112 0.126 0.115 0.842 0.696 0 0 0 0 1 1
97250 5 15 10 0 0.112 0.126 0.115 0.842 0.696 4.889 12 10.653 85.3 0.007 0
97250 6 15 10 0 0.112 0.126 0.115 0.842 0.696 5.264 8 8.733 79.067 0 0.02
97250 7 15 10 0 0.112 0.126 0.115 0.842 0.696 2.931 12 6.003 67.833 0.267 0
97250 8 15 10 0 0.112 0.126 0.115 0.842 0.696 0 0 0 0 1 1
97250 9 15 10 0 0.112 0.126 0.115 0.842 0.696 2.614 26 5.423 72.9 0.473 0
97250 10 15 10 0 0.112 0.126 0.115 0.842 0.696 3.18 29 5.938 69.08 0.353 0
97250 1 15 10 0 0.049 0.41 0.045 0.758 0.161 247.558 3777 249.611 4833.547 0 0
97250 2 15 10 0 0.049 0.41 0.045 0.758 0.161 247.996 4400 249.735 5245.267 0 0
97250 3 15 10 0 0.049 0.41 0.045 0.758 0.161 248.57 3854 249.764 5247.22 0 0
97250 4 15 10 0 0.049 0.41 0.045 0.758 0.161 248.673 4554 249.817 5506.64 0 0
97250 5 15 10 0 0.049 0.41 0.045 0.758 0.161 248.095 4641 249.772 5445.147 0 0
97250 6 15 10 0 0.049 0.41 0.045 0.758 0.161 247.307 4546 249.72 5639.847 0 0
97250 7 15 10 0 0.049 0.41 0.045 0.758 0.161 247.978 3989 249.709 5018.907 0 0
97250 8 15 10 0 0.049 0.41 0.045 0.758 0.161 248.147 4658 249.742 5721.14 0 0
97250 9 15 10 0 0.049 0.41 0.045 0.758 0.161 248.288 4038 249.659 4899.16 0 0
97250 10 15 10 0 0.049 0.41 0.045 0.758 0.161 247.693 3756 249.651 4934.853 0 0
97250 1 15 10 0 0.005 0.153 0.356 0.793 0.471 0 0 0 0 1 1
97250 2 15 10 0 0.005 0.153 0.356 0.793 0.471 1.094 11 3.531 47.033 0.753 0
97250 3 15 10 0 0.005 0.153 0.356 0.793 0.471 4.767 7 9.599 77.187 0.013 0.053
97250 4 15 10 0 0.005 0.153 0.356 0.793 0.471 1.044 9 3.261 45.727 0.78 0.013
97250 5 15 10 0 0.005 0.153 0.356 0.793 0.471 0 0 0 0 1 1
97250 6 15 10 0 0.005 0.153 0.356 0.793 0.471 0 0 0 0 1 1
97250 7 15 10 0 0.005 0.153 0.356 0.793 0.471 0 0 0 0 1 1
97250 8 15 10 0 0.005 0.153 0.356 0.793 0.471 0 0 0 0 1 1
97250 9 15 10 0 0.005 0.153 0.356 0.793 0.471 6.95 8 12.535 86.853 0 0.007
97250 10 15 10 0 0.005 0.153 0.356 0.793 0.471 2.148 11 7.567 74.033 0.313 0
97250 1 15 10 0 0.016 0.025 0.182 0.841 0.807 7.95 7 11.527 80.813 0 0.047
97250 2 15 10 0 0.016 0.025 0.182 0.841 0.807 5.948 7 11.215 85.753 0 0.013
97250 3 15 10 0 0.016 0.025 0.182 0.841 0.807 5.066 6 10.903 79.573 0 0.047
97250 4 15 10 0 0.016 0.025 0.182 0.841 0.807 6.312 9 8.445 66.74 0 0.007
97250 5 15 10 0 0.016 0.025 0.182 0.841 0.807 15.778 6 18.862 65.167 0 0.013
97250 6 15 10 0 0.016 0.025 0.182 0.841 0.807 2.323 7 7.51 74.64 0.193 0.04
97250 7 15 10 0 0.016 0.025 0.182 0.841 0.807 9.253 10 11.529 52.873 0 0
97250 8 15 10 0 0.016 0.025 0.182 0.841 0.807 8.744 5 13.423 77.607 0 0.073
97250 1 20 6 0 0.092 0.083 0.117 0.839 0.925 18.082 16 25.406 103.193 0 0
97250 2 20 6 0 0.092 0.083 0.117 0.839 0.925 31.828 15 38.399 142.5 0 0
97250 3 20 6 0 0.092 0.083 0.117 0.839 0.925 23.92 9 29.431 125.167 0 0.027
97250 4 20 6 0 0.092 0.083 0.117 0.839 0.925 28.535 11 33.692 148.633 0 0
97250 5 20 6 0 0.092 0.083 0.117 0.839 0.925 22.193 16 28.88 135.093 0 0
97250 6 20 6 0 0.092 0.083 0.117 0.839 0.925 24.849 7 33 126.987 0 0.053
97250 7 20 6 0 0.092 0.083 0.117 0.839 0.925 25.108 10 31.771 130.007 0 0
97250 8 20 6 0 0.092 0.083 0.117 0.839 0.925 20.269 14 24.743 113.92 0 0
97250 9 20 6 0 0.092 0.083 0.117 0.839 0.925 21.453 15 25.285 117.6 0 0
97250 10 20 6 0 0.092 0.083 0.117 0.839 0.925 21.595 15 31.272 139.68 0 0
97250 1 20 6 0 0.033 0.028 0.276 0.984 0.057 18.657 15 28.439 177.22 0 0
97250 2 20 6 0 0.033 0.028 0.276 0.984 0.057 43.483 20 51.541 271.3 0 0
97250 3 20 6 0 0.033 0.028 0.276 0.984 0.057 29.452 21 37.822 217.327 0 0
97250 4 20 6 0 0.033 0.028 0.276 0.984 0.057 23.202 14 31.602 194.44 0 0
97250 5 20 6 0 0.033 0.028 0.276 0.984 0.057 35.264 24 40.834 217.56 0 0
97250 6 20 6 0 0.033 0.028 0.276 0.984 0.057 30.559 17 36.663 221.487 0 0
97250 7 20 6 0 0.033 0.028 0.276 0.984 0.057 33.881 15 40.053 245.127 0 0
97250 8 20 6 0 0.033 0.028 0.276 0.984 0.057 26.318 17 34.577 221.9 0 0
97250 9 20 6 0 0.033 0.028 0.276 0.984 0.057 11.411 18 21.012 146.733 0 0
97250 10 20 6 0 0.033 0.028 0.276 0.984 0.057 20.802 23 31.1 198.56 0 0
97250 1 20 6 0 0.092 0.362 0.096 0.821 0.002 249.739 15897 249.998 17810.04 0 0
97250 2 20 6 0 0.092 0.362 0.096 0.821 0.002 249.824 14374 249.999 16212.96 0 0
97250 3 20 6 0 0.092 0.362 0.096 0.821 0.002 250 17471 250 20328.947 0 0
97250 4 20 6 0 0.092 0.362 0.096 0.821 0.002 250 14461 250 18405.453 0 0
97250 5 20 6 0 0.092 0.362 0.096 0.821 0.002 249.782 16237 249.999 18368.087 0 0
97250 6 20 6 0 0.092 0.362 0.096 0.821 0.002 250 16579 250 19267.66 0 0
97250 7 20 6 0 0.092 0.362 0.096 0.821 0.002 249.557 15112 249.996 17330.3 0 0
97250 8 20 6 0 0.092 0.362 0.096 0.821 0.002 249.947 16980 250 19780.367 0 0
97250 9 20 6 0 0.092 0.362 0.096 0.821 0.002 249.653 15694 249.998 17952.22 0 0
97250 10 20 6 0 0.092 0.362 0.096 0.821 0.002 249.947 17639 250 19261.6 0 0
97250 1 20 6 0 0.07 0.311 0.349 0.776 0.798 14.464 12 23.167 126.16 0 0
97250 2 20 6 0 0.07 0.311 0.349 0.776 0.798 24.187 15 29.43 114.747 0 0
97250 3 20 6 0 0.07 0.311 0.349 0.776 0.798 22.578 15 31.178 168.487 0 0
97250 4 20 6 0 0.07 0.311 0.349 0.776 0.798 25.857 6 33.582 123.767 0 0.013
97250 5 20 6 0 0.07 0.311 0.349 0.776 0.798 16.109 7 26.697 137.64 0 0.04
97250 6 20 6 0 0.07 0.311 0.349 0.776 0.798 22.477 15 29.107 159.3 0 0
97250 7 20 6 0 0.07 0.311 0.349 0.776 0.798 16.8 21 22.316 126.993 0 0
97250 8 20 6 0 0.07 0.311 0.349 0.776 0.798 28.032 10 38.706 137.213 0 0
97250 9 20 6 0 0.07 0.311 0.349 0.776 0.798 23.45 10 28.577 137.18 0 0
97250 10 20 6 0 0.07 0.311 0.349 0.776 0.798 30.016 11 36.187 151.587 0 0
97250 1 20 6 0 0.02 0.248 0.307 0.984 0.716 22.492 13 32.343 142.647 0 0
97250 2 20 6 0 0.02 0.248 0.307 0.984 0.716 14.01 21 18.187 111.547 0 0
97250 3 20 6 0 0.02 0.248 0.307 0.984 0.716 12.011 8 17.799 109.84 0 0.027
97250 4 20 6 0 0.02 0.248 0.307 0.984 0.716 17.962 16 22.684 117.473 0 0
97250 5 20 6 0 0.02 0.248 0.307 0.984 0.716 16.606 10 23.684 117.513 0 0
97250 6 20 6 0 0.02 0.248 0.307 0.984 0.716 30.89 10 36.985 144.873 0 0
97250 7 20 6 0 0.02 0.248 0.307 0.984 0.716 21.483 9 30.472 157.66 0 0.007
97250 8 20 6 0 0.02 0.248 0.307 0.984 0.716 18.892 9 24.579 132.407 0 0.033
97250 9 20 6 0 0.02 0.248 0.307 0.984 0.716 24.716 15 30.456 120.44 0 0
97250 10 20 6 0 0.02 0.248 0.307 0.984 0.716 22.21 15 31.141 137.14 0 0
97250 1 20 6 0 0.047 0.146 0.081 0.774 0.274 238.954 1242 245.438 2569.847 0 0
97250 2 20 6 0 0.047 0.146 0.081 0.774 0.274 239.054 1089 245.71 2265.04 0 0
97250 3 20 6 0 0.047 0.146 0.081 0.774 0.274 237.167 43 246.548 2497.093 0 0
97250 4 20 6 0 0.047 0.146 0.081 0.774 0.274 242.78 1389 247.016 2802.947 0 0
97250 5 20 6 0 0.047 0.146 0.081 0.774 0.274 237.725 1238 246.452 2562.467 0 0
97250 6 20 6 0 0.047 0.146 0.081 0.774 0.274 237.926 448 246.384 2470.847 0 0
97250 7 20 6 0 0.047 0.146 0.081 0.774 0.274 241.456 1228 247.084 2584.64 0 0
97250 8 20 6 0 0.047 0.146 0.081 0.774 0.274 237.469 46 245.593 2427.647 0 0
97250 9 20 6 0 0.047 0.146 0.081 0.774 0.274 242.268 1085 246.519 2603.44 0 0
97250 10 20 6 0 0.047 0.146 0.081 0.774 0.274 239.764 793 246.149 2306 0 0
97250 1 20 6 0 0.022 0.397 0.093 0.86 0.202 239.976 725 247.42 3073.067 0 0
97250 2 20 6 0 0.022 0.397 0.093 0.86 0.202 245.461 1979 248.783 3513.06 0 0
97250 3 20 6 0 0.022 0.397 0.093 0.86 0.202 245.543 2270 248.41 3166.473 0 0
97250 4 20 6 0 0.022 0.397 0.093 0.86 0.202 241.463 1718 248.134 3432.927 0 0
97250 5 20 6 0 0.022 0.397 0.093 0.86 0.202 241.983 1497 247.876 3003.947 0 0
97250 6 20 6 0 0.022 0.397 0.093 0.86 0.202 245.012 1625 248.543 3287.44 0 0
97250 7 20 6 0 0.022 0.397 0.093 0.86 0.202 243.329 1917 247.967 3067.493 0 0
97250 8 20 6 0 0.022 0.397 0.093 0.86 0.202 243.581 2344 248.574 3406.933 0 0
97250 1 18 5 0 0.022 0.262 0.324 0.967 0.946 19.697 11 23.558 121.393 0 0
97250 2 18 5 0 0.022 0.262 0.324 0.967 0.946 26.181 17 33.541 140.62 0 0
97250 3 18 5 0 0.022 0.262 0.324 0.967 0.946 14.148 14 19.436 111 0 0
97250 4 18 5 0 0.022 0.262 0.324 0.967 0.946 16.701 14 20.914 109.453 0 0
97250 5 18 5 0 0.022 0.262 0.324 0.967 0.946 19.221 16 24.737 94.8 0 0
97250 6 18 5 0 0.022 0.262 0.324 0.967 0.946 23.492 15 30.585 110.687 0 0
97250 7 18 5 0 0.022 0.262 0.324 0.967 0.946 20.393 11 30.643 167.647 0 0
97250 8 18 5 0 0.022 0.262 0.324 0.967 0.946 20.354 20 25.909 137.92 0 0
97250 9 18 5 0 0.022 0.262 0.324 0.967 0.946 18.166 16 22.641 107.113 0 0
97250 10 18 5 0 0.022 0.262 0.324 0.967 0.946 24.719 13 29.436 127.253 0 0
97250 1 18 5 0 0.113 0.261 0.104 0.823 0.297 245.099 1533 248.033 2858.287 0 0
97250 2 18 5 0 0.113 0.261 0.104 0.823 0.297 241.37 1528 246.567 2833.333 0 0
97250 3 18 5 0 0.113 0.261 0.104 0.823 0.297 240.532 1783 246.794 2786.9 0 0
97250 4 18 5 0 0.113 0.261 0.104 0.823 0.297 243.559 1975 247.07 2735.347 0 0
97250 5 18 5 0 0.113 0.261 0.104 0.823 0.297 237.562 1954 245.704 2819.433 0 0
97250 6 18 5 0 0.113 0.261 0.104 0.823 0.297 243.638 1868 247.939 2785.973 0 0
97250 7 18 5 0 0.113 0.261 0.104 0.823 0.297 241.113 1982 246.676 2702.207 0 0
97250 8 18 5 0 0.113 0.261 0.104 0.823 0.297 241.302 1356 246.2 2296.2 0 0
97250 9 18 5 0 0.113 0.261 0.104 0.823 0.297 241.741 1370 247.654 2817.933 0 0
97250 10 18 5 0 0.113 0.261 0.104 0.823 0.297 240.42 1762 246.627 2669.44 0 0
97250 1 18 5 0 0.106 0.019 0.414 0.991 0.871 19.558 18 23.002 106.92 0 0
97250 2 18 5 0 0.106 0.019 0.414 0.991 0.871 14.983 15 18.589 102.987 0 0
97250 3 18 5 0 0.106 0.019 0.414 0.991 0.871 23.027 14 28.696 125.613 0 0
97250 4 18 5 0 0.106 0.019 0.414 0.991 0.871 27.874 16 33.298 129.22 0 0
97250 5 18 5 0 0.106 0.019 0.414 0.991 0.871 21.845 12 27.071 116.68 0 0
97250 6 18 5 0 0.106 0.019 0.414 0.991 0.871 25.431 12 30.29 124.307 0 0
97250 7 18 5 0 0.106 0.019 0.414 0.991 0.871 18.154 17 22.677 126.507 0 0
97250 8 18 5 0 0.106 0.019 0.414 0.991 0.871 16.502 9 22.343 112.033 0 0.007
97250 9 18 5 0 0.106 0.019 0.414 0.991 0.871 19.541 22 24.848 111.2 0 0
97250 10 18 5 0 0.106 0.019 0.414 0.991 0.871 14.151 12 20.082 108.56 0 0
97250 1 18 5 0 0.002 0.428 0.397 0.835 0.961 13.485 8 20.062 106.413 0 0.013
97250 2 18 5 0 0.002 0.428 0.397 0.835 0.961 26.073 13 30.796 130.473 0 0
97250 3 18 5 0 0.002 0.428 0.397 0.835 0.961 13.478 15 19.004 116.64 0 0
97250 4 18 5 0 0.002 0.428 0.397 0.835 0.961 23.205 11 29.495 125.167 0 0
97250 5 18 5 0 0.002 0.428 0.397 0.835 0.961 23.024 15 28.316 106.1 0 0
97250 6 18 5 0 0.002 0.428 0.397 0.835 0.961 28.608 8 34.473 146.087 0 0.02
97250 7 18 5 0 0.002 0.428 0.397 0.835 0.961 12.496 18 19.197 126.633 0 0
97250 8 18 5 0 0.002 0.428 0.397 0.835 0.961 21.407 14 28.238 133.68 0 0
97250 9 18 5 0 0.002 0.428 0.397 0.835 0.961 19.907 15 26.812 131.353 0 0
97250 10 18 5 0 0.002 0.428 0.397 0.835 0.961 13.305 9 18.995 116.26 0 0.007
97250 1 18 5 0 0.014 0.296 0.441 0.916 0.53 5.576 25 11.078 97.62 0 0
97250 2 18 5 0 0.014 0.296 0.441 0.916 0.53 8.838 18 13.857 112.953 0 0
97250 3 18 5 0 0.014 0.296 0.441 0.916 0.53 11.678 25 15.283 110.847 0 0
97250 4 18 5 0 0.014 0.296 0.441 0.916 0.53 8.392 12 14.661 112.027 0 0
97250 5 18 5 0 0.014 0.296 0.441 0.916 0.53 10.029 7 13.154 97.173 0 0.073
97250 6 18 5 0 0.014 0.296 0.441 0.916 0.53 12.334 20 16.123 104.833 0 0
97250 7 18 5 0 0.014 0.296 0.441 0.916 0.53 12.907 15 17.22 115.667 0 0
97250 8 18 5 0 0.014 0.296 0.441 0.916 0.53 8.384 15 13.54 103.407 0 0
97250 9 18 5 0 0.014 0.296 0.441 0.916 0.53 25.05 10 32.949 148.653 0 0
97250 10 18 5 0 0.014 0.296 0.441 0.916 0.53 17.655 16 23.464 122.027 0 0
97250 1 18 5 0 0.035 0.058 0.014 0.794 0.922 5.696 10 8.673 88.027 0 0
97250 2 18 5 0 0.035 0.058 0.014 0.794 0.922 3.274 23 6.783 80.993 0.24 0
97250 3 18 5 0 0.035 0.058 0.014 0.794 0.922 2.933 20 8.939 85.067 0.067 0
97250 4 18 5 0 0.035 0.058 0.014 0.794 0.922 3.456 14 8.615 89.387 0.067 0
97250 5 18 5 0 0.035 0.058 0.014 0.794 0.922 5.424 11 9.022 85.767 0 0
97250 6 18 5 0 0.035 0.058 0.014 0.794 0.922 3.596 12 8.054 78.113 0.147 0
97250 7 18 5 0 0.035 0.058 0.014 0.794 0.922 7.848 18 12.944 103.413 0 0
97250 8 18 5 0 0.035 0.058 0.014 0.794 0.922 3.983 10 8.635 82.447 0.047 0
97250 9 18 5 0 0.035 0.058 0.014 0.794 0.922 1.643 15 5.582 72.693 0.473 0
97250 10 18 5 0 0.035 0.058 0.014 0.794 0.922 3.417 23 7.113 92.04 0.153 0
97250 1 18 5 0 0.084 0.447 0.102 0.776 0.21 247.696 3170 249.274 4059.52 0 0
97250 2 18 5 0 0.084 0.447 0.102 0.776 0.21 246.558 2779 249.372 3794.473 0 0
97250 3 18 5 0 0.084 0.447 0.102 0.776 0.21 246.925 2871 249.346 3739.367 0 0
97250 4 18 5 0 0.084 0.447 0.102 0.776 0.21 246.087 2817 249.143 3724.213 0 0
97250 5 18 5 0 0.084 0.447 0.102 0.776 0.21 246.637 3489 249.421 4147.027 0 0
97250 6 18 5 0 0.084 0.447 0.102 0.776 0.21 247.414 2942 249.228 3909.253 0 0
97250 7 18 5 0 0.084 0.447 0.102 0.776 0.21 246.663 2868 249.081 3803.373 0 0
97250 8 18 5 0 0.084 0.447 0.102 0.776 0.21 247.457 2960 249.285 3779.56 0 0
97250 9 18 5 0 0.084 0.447 0.102 0.776 0.21 245.646 3051 249.065 3924.873 0 0
97250 10 18 5 0 0.084 0.447 0.102 0.776 0.21 247.202 2904 249.22 3765.907 0 0
97250 1 18 5 0 0.097 0.069 0.095 0.831 0.551 14.341 15 18.866 111.033 0 0
97250 2 18 5 0 0.097 0.069 0.095 0.831 0.551 16.271 10 22.74 110.547 0 0
97250 3 18 5 0 0.097 0.069 0.095 0.831 0.551 11.471 12 17.927 115.68 0 0
97250 4 18 5 0 0.097 0.069 0.095 0.831 0.551 5.398 24 10.721 98.18 0 0
97250 5 18 5 0 0.097 0.069 0.095 0.831 0.551 14.323 16 18.42 129.007 0 0
97250 6 18 5 0 0.097 0.069 0.095 0.831 0.551 13.185 7 19.311 105.52 0 0.027
97250 7 18 5 0 0.097 0.069 0.095 0.831 0.551 16.223 10 20.503 123.58 0 0
97250 8 18 5 0 0.097 0.069 0.095 0.831 0.551 4.24 15 9.962 99.467 0.04 0
97250 9 18 5 0 0.097 0.069 0.095 0.831 0.551 3.723 13 12.685 116.973 0.027 0
97250 10 18 5 0 0.097 0.069 0.095 0.831 0.551 7.116 14 15.153 119.767 0 0
97250 1 18 5 0 0.109 0.338 0.494 0.958 0.18 46.509 35 57.318 301.533 0 0
97250 2 18 5 0 0.109 0.338 0.494 0.958 0.18 37.319 42 43.8 217.34 0 0
97250 3 18 5 0 0.109 0.338 0.494 0.958 0.18 17.86 52 24.193 172.107 0 0
97250 4 18 5 0 0.109 0.338 0.494 0.958 0.18 35.22 35 41.911 241.233 0 0
97250 5 18 5 0 0.109 0.338 0.494 0.958 0.18 39.167 18 47.129 279.867 0 0
97250 6 18 5 0 0.109 0.338 0.494 0.958 0.18 37.756 99 45.354 302.48 0 0
97250 7 18 5 0 0.109 0.338 0.494 0.958 0.18 45.451 24 51.759 257.187 0 0
97250 8 18 5 0 0.109 0.338 0.494 0.958 0.18 42.285 55 48.637 278.167 0 0
97250 9 18 5 0 0.109 0.338 0.494 0.958 0.18 25.789 70 37.405 262.373 0 0
97250 10 18 5 0 0.109 0.338 0.494 0.958 0.18 64.116 110 77.462 358.953 0 0
97250 1 18 5 0 0.056 0.063 0.476 0.8 0.129 18.265 18 22.208 139.547 0 0
97250 2 18 5 0 0.056 0.063 0.476 0.8 0.129 10.774 8 18.512 126.5 0 0.027
97250 3 18 5 0 0.056 0.063 0.476 0.8 0.129 10.467 10 14.872 108.94 0 0
97250 4 18 5 0 0.056 0.063 0.476 0.8 0.129 37.649 16 44.945 173.96 0 0
97250 5 18 5 0 0.056 0.063 0.476 0.8 0.129 17.272 11 25.553 138.993 0 0
97250 6 18 5 0 0.056 0.063 0.476 0.8 0.129 6.317 16 12.917 115.427 0 0
97250 7 18 5 0 0.056 0.063 0.476 0.8 0.129 28.519 11 36.69 190.433 0 0
97250 8 18 5 0 0.056 0.063 0.476 0.8 0.129 17.698 20 23.96 150.84 0 0
97250 9 18 5 0 0.056 0.063 0.476 0.8 0.129 8.507 9 13.525 107.033 0 0.013
97250 1 16 5 0 0.109 0.363 0.236 0.876 0.218 238.315 863 245.946 2152.727 0 0
97250 2 16 5 0 0.109 0.363 0.236 0.876 0.218 238.127 1202 244.859 2312.387 0 0
97250 3 16 5 0 0.109 0.363 0.236 0.876 0.218 230.047 916 244.441 1989.4 0 0
97250 4 16 5 0 0.109 0.363 0.236 0.876 0.218 240.205 868 246.821 2180.733 0 0
97250 5 16 5 0 0.109 0.363 0.236 0.876 0.218 242.507 1372 247.138 2128.553 0 0
97250 6 16 5 0 0.109 0.363 0.236 0.876 0.218 239.108 748 246.451 2367.947 0 0
97250 7 16 5 0 0.109 0.363 0.236 0.876 0.218 237.955 543 246.113 2093.813 0 0
97250 8 16 5 0 0.109 0.363 0.236 0.876 0.218 237.096 1070 244.801 2188.18 0 0
97250 9 16 5 0 0.109 0.363 0.236 0.876 0.218 231.703 701 242.101 2022.987 0 0
97250 10 16 5 0 0.109 0.363 0.236 0.876 0.218 235.922 1330 244.766 2144.767 0 0
97250 1 16 5 0 0.11 0.474 0.476 0.799 0.281 22.753 20 28.707 176.053 0 0
97250 2 16 5 0 0.11 0.474 0.476 0.799 0.281 21.046 42 24.163 162.927 0 0
97250 3 16 5 0 0.11 0.474 0.476 0.799 0.281 20.002 23 28.229 153.467 0 0
97250 4 16 5 0 0.11 0.474 0.476 0.799 0.281 14.801 18 18.433 120.633 0 0
97250 5 16 5 0 0.11 0.474 0.476 0.799 0.281 21.063 21 24.909 146.667 0 0
97250 6 16 5 0 0.11 0.474 0.476 0.799 0.281 22.634 15 29.221 159.807 0 0
97250 7 16 5 0 0.11 0.474 0.476 0.799 0.281 17.19 47 24.674 145.987 0 0
97250 8 16 5 0 0.11 0.474 0.476 0.799 0.281 25.013 21 29.515 172.44 0 0
97250 9 16 5 0 0.11 0.474 0.476 0.799 0.281 13.675 47 19.704 154.74 0 0
97250 10 16 5 0 0.11 0.474 0.476 0.799 0.281 18.59 34 24.601 150.127 0 0
97250 1 16 5 0 0.086 0.147 0.421 0.826 0.008 247.461 2798 249.189 3750.773 0 0
97250 2 16 5 0 0.086 0.147 0.421 0.826 0.008 246.405 2848 249.09 3473.347 0 0
97250 3 16 5 0 0.086 0.147 0.421 0.826 0.008 246.831 2987 249.292 3831.373 0 0
97250 4 16 5 0 0.086 0.147 0.421 0.826 0.008 246.977 2923 249.282 3685.787 0 0
97250 5 16 5 0 0.086 0.147 0.421 0.826 0.008 245.973 2992 249.258 4000.733 0 0
97250 6 16 5 0 0.086 0.147 0.421 0.826 0.008 247.061 2674 249.156 3576.007 0 0
97250 7 16 5 0 0.086 0.147 0.421 0.826 0.008 246.097 2772 249.052 3582.733 0 0
97250 8 16 5 0 0.086 0.147 0.421 0.826 0.008 247.276 2787 249.244 3764.633 0 0
97250 9 16 5 0 0.086 0.147 0.421 0.826 0.008 245.689 2670 249.219 3341.833 0 0
97250 10 16 5 0 0.086 0.147 0.421 0.826 0.008 245.375 2757 249.274 3732.747 0 0
97250 1 16 5 0 0.079 0.094 0.301 0.894 0.246 15.712 15 23.756 156.9 0 0
97250 2 16 5 0 0.079 0.094 0.301 0.894 0.246 21.47 14 26.082 148.06 0 0
97250 3 16 5 0 0.079 0.094 0.301 0.894 0.246 24.523 20 27.527 143.767 0 0
97250 4 16 5 0 0.079 0.094 0.301 0.894 0.246 17.425 21 24.434 148.673 0 0
97250 5 16 5 0 0.079 0.094 0.301 0.894 0.246 12.545 23 16.377 133.7 0 0
97250 6 16 5 0 0.079 0.094 0.301 0.894 0.246 20.129 47 23.696 157.52 0 0
97250 7 16 5 0 0.079 0.094 0.301 0.894 0.246 19.556 21 27.394 165.707 0 0
97250 8 16 5 0 0.079 0.094 0.301 0.894 0.246 23.86 19 32.738 162.167 0 0
97250 9 16 5 0 0.079 0.094 0.301 0.894 0.246 17.096 12 26.228 155.807 0 0
97250 10 16 5 0 0.079 0.094 0.301 0.894 0.246 15.476 29 22.619 157.047 0 0
97250 1 16 5 0 0.059 0.192 0.273 0.835 0.72 6.381 10 12.895 111.213 0 0
97250 2 16 5 0 0.059 0.192 0.273 0.835 0.72 9.587 15 11.54 90.34 0 0
97250 3 16 5 0 0.059 0.192 0.273 0.835 0.72 8.793 14 13.101 82.207 0 0
97250 4 16 5 0 0.059 0.192 0.273 0.835 0.72 6.549 20 10.066 84.82 0 0
97250 5 16 5 0 0.059 0.192 0.273 0.835 0.72 4.165 23 8.617 96.227 0.033 0
97250 6 16 5 0 0.059 0.192 0.273 0.835 0.72 6.561 13 12.728 94.94 0 0
97250 7 16 5 0 0.059 0.192 0.273 0.835 0.72 3.219 28 8.784 88.013 0.08 0
97250 8 16 5 0 0.059 0.192 0.273 0.835 0.72 6.673 19 14.39 100.233 0 0
97250 9 16 5 0 0.059 0.192 0.273 0.835 0.72 15.083 23 22.043 115.727 0 0
97250 10 16 5 0 0.059 0.192 0.273 0.835 0.72 11.555 19 17.67 110.92 0 0
97250 1 16 5 0 0.044 0.453 0.223 0.836 0.307 229.92 265 237.42 1198.58 0 0
97250 2 16 5 0 0.044 0.453 0.223 0.836 0.307 204.677 236 215.673 1140.013 0 0
97250 3 16 5 0 0.044 0.453 0.223 0.836 0.307 215.667 299 227.671 1113.5 0 0
97250 4 16 5 0 0.044 0.453 0.223 0.836 0.307 211.36 341 221.36 1048.907 0 0
97250 5 16 5 0 0.044 0.453 0.223 0.836 0.307 213.303 310 224.092 1136.507 0 0
97250 6 16 5 0 0.044 0.453 0.223 0.836 0.307 214.166 166 221.991 1061.86 0 0
97250 7 16 5 0 0.044 0.453 0.223 0.836 0.307 218.4 46 229.894 1178.56 0 0
97250 8 16 5 0 0.044 0.453 0.223 0.836 0.307 223.127 174 234.493 1102.607 0 0
97250 9 16 5 0 0.044 0.453 0.223 0.836 0.307 223.263 388 234.268 1181.08 0 0
97250 10 16 5 0 0.044 0.453 0.223 0.836 0.307 221.807 426 233.217 1097.12 0 0
97250 1 16 5 0 0.009 0.428 0.365 0.877 0.57 5.174 18 8.863 94.96 0 0
97250 2 16 5 0 0.009 0.428 0.365 0.877 0.57 4.542 26 8.358 86.66 0.033 0
97250 3 16 5 0 0.009 0.428 0.365 0.877 0.57 4.195 12 6.681 78.387 0.113 0
97250 4 16 5 0 0.009 0.428 0.365 0.877 0.57 5.277 17 8.904 93.133 0 0
97250 5 16 5 0 0.009 0.428 0.365 0.877 0.57 4.018 20 10.859 98.7 0.047 0
97250 6 16 5 0 0.009 0.428 0.365 0.877 0.57 2.505 15 5.608 66.213 0.387 0
97250 7 16 5 0 0.009 0.428 0.365 0.877 0.57 6.928 14 12.8 92.873 0 0
97250 8 16 5 0 0.009 0.428 0.365 0.877 0.57 2.665 15 7.823 91.52 0.14 0
97250 9 16 5 0 0.009 0.428 0.365 0.877 0.57 3.753 9 8.316 84.313 0.08 0.007
97250 10 16 5 0 0.009 0.428 0.365 0.877 0.57 3.996 15 7.225 86.627 0.073 0
97250 1 16 5 0 0.054 0.399 0.361 0.791 0.426 6.643 16 11.143 114.667 0 0
97250 2 16 5 0 0.054 0.399 0.361 0.791 0.426 3.326 27 9.337 113.5 0.173 0
97250 3 16 5 0 0.054 0.399 0.361 0.791 0.426 13.207 11 17.461 133.54 0 0
97250 4 16 5 0 0.054 0.399 0.361 0.791 0.426 5.556 18 9.877 98.107 0 0
97250 5 16 5 0 0.054 0.399 0.361 0.791 0.426 13.366 22 16.023 126.84 0 0
97250 6 16 5 0 0.054 0.399 0.361 0.791 0.426 11.284 16 14.797 126.347 0 0
97250 7 16 5 0 0.054 0.399 0.361 0.791 0.426 6.873 23 11.051 118.807 0 0
97250 8 16 5 0 0.054 0.399 0.361 0.791 0.426 13.325 21 18.115 143.213 0 0
97250 9 16 5 0 0.054 0.399 0.361 0.791 0.426 5.403 37 11.514 115.227 0 0
97250 10 16 5 0 0.054 0.399 0.361 0.791 0.426 6.829 26 12.382 117.673 0 0
97250 1 16 5 0 0.073 0.286 0.408 0.775 0.405 9.188 21 14.22 127.253 0 0
97250 2 16 5 0 0.073 0.286 0.408 0.775 0.405 8.696 13 12.771 108.647 0 0
97250 3 16 5 0 0.073 0.286 0.408 0.775 0.405 9.492 13 14.367 118.087 0 0
97250 4 16 5 0 0.073 0.286 0.408 0.775 0.405 14.906 35 20.159 120.173 0 0
97250 5 16 5 0 0.073 0.286 0.408 0.775 0.405 5.742 14 11.239 112.24 0 0
97250 6 16 5 0 0.073 0.286 0.408 0.775 0.405 6.497 16 11.478 113.26 0 0
97250 1 17 6 1 0.111 0.009 0.45 0.781 0.164 15.114 10 19.204 101.987 0 0
97250 2 17 6 1 0.111 0.009 0.45 0.781 0.164 10.988 15 15.277 94.747 0 0
97250 3 17 6 1 0.111 0.009 0.45 0.781 0.164 14.955 15 21.576 120.553 0 0
97250 4 17 6 1 0.111 0.009 0.45 0.781 0.164 10.804 12 16.822 108.72 0 0
97250 5 17 6 1 0.111 0.009 0.45 0.781 0.164 23.738 14 28.083 106.04 0 0
97250 6 17 6 1 0.111 0.009 0.45 0.781 0.164 21.727 4 26.859 107.547 0 0.04
97250 7 17 6 1 0.111 0.009 0.45 0.781 0.164 11.921 17 16.069 87.933 0 0
97250 8 17 6 1 0.111 0.009 0.45 0.781 0.164 15.9 21 19.421 102.567 0 0
97250 9 17 6 1 0.111 0.009 0.45 0.781 0.164 15.216 12 19.589 91.287 0 0
97250 10 17 6 1 0.111 0.009 0.45 0.781 0.164 7.575 11 13.709 84.227 0 0
97250 1 17 6 1 0.042 0.284 0.007 0.833 0.82 0 0 0 0 1 1
97250 2 17 6 1 0.042 0.284 0.007 0.833 0.82 0 0 0 0 1 1
97250 3 17 6 1 0.042 0.284 0.007 0.833 0.82 0 0 0 0 1 1
97250 4 17 6 1 0.042 0.284 0.007 0.833 0.82 0 0 0 0 1 1
97250 5 17 6 1 0.042 0.284 0.007 0.833 0.82 0 0 0 0 1 1
97250 6 17 6 1 0.042 0.284 0.007 0.833 0.82 0 0 0 0 1 1
97250 7 17 6 1 0.042 0.284 0.007 0.833 0.82 0 0 0 0 1 1
97250 8 17 6 1 0.042 0.284 0.007 0.833 0.82 0 0 0 0 1 1
97250 9 17 6 1 0.042 0.284 0.007 0.833 0.82 0 0 0 0 1 1
97250 10 17 6 1 0.042 0.284 0.007 0.833 0.82 0 0 0 0 1 1
97250 1 17 6 1 0.094 0.188 0.138 0.974 0.623 2.733 29 7.102 86.887 0.227 0
97250 2 17 6 1 0.094 0.188 0.138 0.974 0.623 5.86 27 9.302 101.533 0 0
97250 3 17 6 1 0.094 0.188 0.138 0.974 0.623 8.22 49 15.091 139.04 0 0
97250 4 17 6 1 0.094 0.188 0.138 0.974 0.623 3.893 42 8.193 107.887 0.107 0
97250 5 17 6 1 0.094 0.188 0.138 0.974 0.623 6.668 44 10.256 122.133 0 0
97250 6 17 6 1 0.094 0.188 0.138 0.974 0.623 4.033 44 9.721 121.287 0.027 0
97250 7 17 6 1 0.094 0.188 0.138 0.974 0.623 1.741 21 5.456 73.273 0.52 0
97250 8 17 6 1 0.094 0.188 0.138 0.974 0.623 7.033 38 10.61 123.653 0 0
97250 9 17 6 1 0.094 0.188 0.138 0.974 0.623 3.974 44 10.779 117.807 0.12 0
97250 10 17 6 1 0.094 0.188 0.138 0.974 0.623 4.68 49 8.747 107.64 0.02 0
97250 1 17 6 1 0.064 0.492 0.342 0.751 0.332 22.252 64 31.296 226.047 0 0
97250 2 17 6 1 0.064 0.492 0.342 0.751 0.332 31.845 94 36.947 258.98 0 0
97250 3 17 6 1 0.064 0.492 0.342 0.751 0.332 26.037 72 31.774 209.433 0 0
97250 4 17 6 1 0.064 0.492 0.342 0.751 0.332 17.527 61 23.113 197.507 0 0
97250 5 17 6 1 0.064 0.492 0.342 0.751 0.332 30.929 89 35.317 245.473 0 0
97250 6 17 6 1 0.064 0.492 0.342 0.751 0.332 20.359 53 29.618 187.887 0 0
97250 7 17 6 1 0.064 0.492 0.342 0.751 0.332 23.771 64 29.282 220.753 0 0
97250 8 17 6 1 0.064 0.492 0.342 0.751 0.332 28.074 86 37.907 242.62 0 0
97250 9 17 6 1 0.064 0.492 0.342 0.751 0.332 36.97 158 42.639 297.853 0 0
97250 10 17 6 1 0.064 0.492 0.342 0.751 0.332 29.477 71 38.768 251.047 0 0
97250 1 17 6 1 0.006 0.277 0.417 0.975 0.018 242.572 1530 247.672 2348.187 0 0
97250 2 17 6 1 0.006 0.277 0.417 0.975 0.018 244.415 1964 248.239 2639.18 0 0
97250 3 17 6 1 0.006 0.277 0.417 0.975 0.018 243.084 1628 247.739 2392.153 0 0
97250 4 17 6 1 0.006 0.277 0.417 0.975 0.018 243.986 1589 247.572 2369.647 0 0
97250 5 17 6 1 0.006 0.277 0.417 0.975 0.018 244.685 1844 247.762 2490.327 0 0
97250 6 17 6 1 0.006 0.277 0.417 0.975 0.018 242.928 1642 247.69 2257.12 0 0
97250 7 17 6 1 0.006 0.277 0.417 0.975 0.018 243.184 1598 247.471 2269.373 0 0
97250 8 17 6 1 0.006 0.277 0.417 0.975 0.018 244.284 1671 247.766 2403.873 0 0
97250 9 17 6 1 0.006 0.277 0.417 0.975 0.018 240.371 1448 246.337 2255.167 0 0
97250 10 17 6 1 0.006 0.277 0.417 0.975 0.018 241.995 1710 247.392 2303.893 0 0
97250 1 17 6 1 0.054 0.351 0.101 0.914 0.512 21.55 115 28.951 209.533 0 0
97250 2 17 6 1 0.054 0.351 0.101 0.914 0.512 27.931 159 35.136 284.42 0 0
97250 3 17 6 1 0.054 0.351 0.101 0.914 0.512 26.138 108 31.922 216.213 0 0
97250 4 17 6 1 0.054 0.351 0.101 0.914 0.512 31.268 155 37.505 312.98 0 0
97250 5 17 6 1 0.054 0.351 0.101 0.914 0.512 37.514 161 43.331 324.953 0 0
97250 6 17 6 1 0.054 0.351 0.101 0.914 0.512 29.304 121 39.036 295.973 0 0
97250 7 17 6 1 0.054 0.351 0.101 0.914 0.512 39.983 178 46.204 319.387 0 0
97250 8 17 6 1 0.054 0.351 0.101 0.914 0.512 23.365 162 35.058 288.767 0 0
97250 9 17 6 1 0.054 0.351 0.101 0.914 0.512 30.233 129 40.171 281.527 0 0
97250 10 17 6 1 0.054 0.351 0.101 0.914 0.512 29.712 228 40.335 329.88 0 0
97250 1 17 6 1 0.088 0.332 0.097 0.877 0.928 20.477 7 25.673 98.967 0 0.013
97250 2 17 6 1 0.088 0.332 0.097 0.877 0.928 13.387 19 19.659 105.733 0 0
97250 3 17 6 1 0.088 0.332 0.097 0.877 0.928 20.518 9 23.894 104.173 0 0.007
97250 4 17 6 1 0.088 0.332 0.097 0.877 0.928 15.896 12 21.351 92.233 0 0
97250 5 17 6 1 0.088 0.332 0.097 0.877 0.928 22.292 8 32.76 126.127 0 0.013
97250 6 17 6 1 0.088 0.332 0.097 0.877 0.928 18.494 11 24.424 98.28 0 0
97250 7 17 6 1 0.088 0.332 0.097 0.877 0.928 21.303 19 26.954 133.673 0 0
97250 8 17 6 1 0.088 0.332 0.097 0.877 0.928 6.886 24 12.055 87.953 0 0
97250 9 17 6 1 0.088 0.332 0.097 0.877 0.928 11.31 14 16.705 107.933 0 0
97250 10 17 6 1 0.088 0.332 0.097 0.877 0.928 9.447 14 13.203 95.447 0 0
97250 1 17 6 1 0.035 0.013 0.106 0.893 0.57 11.793 13 15 95.407 0 0
97250 2 17 6 1 0.035 0.013 0.106 0.893 0.57 5.565 16 10.006 93.393 0 0
97250 3 17 6 1 0.035 0.013 0.106 0.893 0.57 8.18 9 13.389 94.28 0 0.007
97250 4 17 6 1 0.035 0.013 0.106 0.893 0.57 12.777 17 16.906 102.447 0 0
97250 5 17 6 1 0.035 0.013 0.106 0.893 0.57 22.667 14 30.028 134.587 0 0
97250 6 17 6 1 0.035 0.013 0.106 0.893 0.57 14.869 15 21.044 118.207 0 0
97250 7 17 6 1 0.035 0.013 0.106 0.893 0.57 9.928 10 15.83 95.8 0 0
97250 8 17 6 1 0.035 0.013 0.106 0.893 0.57 8.877 19 11.582 98.82 0 0
97250 9 17 6 1 0.035 0.013 0.106 0.893 0.57 16.723 18 20.592 93.9 0 0
97250 10 17 6 1 0.035 0.013 0.106 0.893 0.57 14.336 9 21.538 108.2 0 0.02
97250 1 17 6 1 0.052 0.243 0.03 0.755 0.864 4.565 55 8.57 118.767 0.06 0
97250 2 17 6 1 0.052 0.243 0.03 0.755 0.864 0 0 0 0 1 1
97250 3 17 6 1 0.052 0.243 0.03 0.755 0.864 5.23 54 7.58 108.387 0 0
97250 4 17 6 1 0.052 0.243 0.03 0.755 0.864 2.221 39 6.252 85.887 0.267 0
97250 5 17 6 1 0.052 0.243 0.03 0.755 0.864 0 0 0 0 1 1
97250 6 17 6 1 0.052 0.243 0.03 0.755 0.864 3.231 70 8.437 116.333 0.093 0
97250 7 17 6 1 0.052 0.243 0.03 0.755 0.864 0 0 0 0 1 1
97250 8 17 6 1 0.052 0.243 0.03 0.755 0.864 0 0 0 0 1 1
97250 1 20 10 0 0.042 0.046 0.419 0.921 0.999 18.99 5 24.217 89.28 0 0.02
97250 2 20 10 0 0.042 0.046 0.419 0.921 0.999 19.335 10 26.155 114.38 0 0
97250 3 20 10 0 0.042 0.046 0.419 0.921 0.999 13.851 6 20.497 92.027 0 0.053
97250 4 20 10 0 0.042 0.046 0.419 0.921 0.999 17.354 10 22.476 96.353 0 0
97250 5 20 10 0 0.042 0.046 0.419 0.921 0.999 24.477 8 32.543 158.187 0 0.027
97250 6 20 10 0 0.042 0.046 0.419 0.921 0.999 19.534 11 24.393 116.12 0 0
97250 7 20 10 0 0.042 0.046 0.419 0.921 0.999 21.027 6 24.625 93.813 0 0.107
97250 8 20 10 0 0.042 0.046 0.419 0.921 0.999 16.718 8 21.453 79.527 0 0.033
97250 9 20 10 0 0.042 0.046 0.419 0.921 0.999 18.818 6 22.476 104.68 0 0.04
97250 10 20 10 0 0.042 0.046 0.419 0.921 0.999 13.693 10 19.975 95.227 0 0
97250 1 20 10 0 0.014 0.29 0.087 0.779 0.994 19.282 4 25.831 113.307 0 0.193
97250 2 20 10 0 0.014 0.29 0.087 0.779 0.994 21.64 4 24.214 91.54 0 0.073
97250 3 20 10 0 0.014 0.29 0.087 0.779 0.994 11.378 9 16.843 88.087 0 0.013
97250 4 20 10 0 0.014 0.29 0.087 0.779 0.994 23.305 9 26.639 116.4 0 0.007
97250 5 20 10 0 0.014 0.29 0.087 0.779 0.994 13.457 7 18.813 112.707 0 0.06
97250 6 20 10 0 0.014 0.29 0.087 0.779 0.994 16.983 10 20.462 111.167 0 0
97250 7 20 10 0 0.014 0.29 0.087 0.779 0.994 11.422 13 14.8 88.513 0 0
97250 8 20 10 0 0.014 0.29 0.087 0.779 0.994 13.321 10 18.012 103.22 0 0
97250 9 20 10 0 0.014 0.29 0.087 0.779 0.994 13.146 17 19.483 110.827 0 0
97250 10 20 10 0 0.014 0.29 0.087 0.779 0.994 17.223 11 26.713 124.76 0 0
97250 1 20 10 0 0.103 0.14 0.024 0.841 0.803 5.218 17 7.733 85.58 0 0
97250 2 20 10 0 0.103 0.14 0.024 0.841 0.803 1.194 10 7.06 77.513 0.24 0
97250 3 20 10 0 0.103 0.14 0.024 0.841 0.803 4.969 14 7.536 71.547 0.02 0
97250 4 20 10 0 0.103 0.14 0.024 0.841 0.803 1.591 23 4.216 68.86 0.713 0
97250 5 20 10 0 0.103 0.14 0.024 0.841 0.803 2.376 17 4.938 70.08 0.54 0
97250 6 20 10 0 0.103 0.14 0.024 0.841 0.803 0 0 0 0 1 1
97250 7 20 10 0 0.103 0.14 0.024 0.841 0.803 3.874 15 7.201 77.34 0.2 0
97250 8 20 10 0 0.103 0.14 0.024 0.841 0.803 5.151 14 8.606 86.713 0 0
97250 9 20 10 0 0.103 0.14 0.024 0.841 0.803 0.448 14 4.964 70.32 0.473 0
97250 10 20 10 0 0.103 0.14 0.024 0.841 0.803 2.731 21 4.733 71.64 0.6 0
97250 1 20 10 0 0.034 0.317 0.26 0.886 0.091 239.576 41 246.647 2553.847 0 0
97250 2 20 10 0 0.034 0.317 0.26 0.886 0.091 236.684 115 245.302 2493.927 0 0
97250 3 20 10 0 0.034 0.317 0.26 0.886 0.091 240.748 1311 246.848 2844.933 0 0
97250 4 20 10 0 0.034 0.317 0.26 0.886 0.091 238.571 636 246.954 2954.14 0 0
97250 5 20 10 0 0.034 0.317 0.26 0.886 0.091 229.307 29 244.729 2531.873 0 0
97250 6 20 10 0 0.034 0.317 0.26 0.886 0.091 240.741 832 246.609 2819.5 0 0
97250 7 20 10 0 0.034 0.317 0.26 0.886 0.091 237.691 333 247.028 2909.36 0 0
97250 8 20 10 0 0.034 0.317 0.26 0.886 0.091 240.461 829 246.681 2829.64 0 0
97250 9 20 10 0 0.034 0.317 0.26 0.886 0.091 236.213 687 246.724 2969.813 0 0
97250 10 20 10 0 0.034 0.317 0.26 0.886 0.091 237.82 596 245.248 2666.867 0 0
97250 1 20 10 0 0.12 0.235 0.269 0.926 0.62 13.801 15 18.734 112.187 0 0
97250 2 20 10 0 0.12 0.235 0.269 0.926 0.62 5.209 10 9.65 91.5 0 0
97250 3 20 10 0 0.12 0.235 0.269 0.926 0.62 2.849 13 7.831 90.033 0.233 0
97250 4 20 10 0 0.12 0.235 0.269 0.926 0.62 8.769 10 16.439 115.413 0 0
97250 5 20 10 0 0.12 0.235 0.269 0.926 0.62 10.561 7 15.864 97.76 0 0.04
97250 6 20 10 0 0.12 0.235 0.269 0.926 0.62 9.556 12 17.309 107.733 0 0
97250 7 20 10 0 0.12 0.235 0.269 0.926 0.62 13.746 8 19.683 121.64 0 0.033
97250 8 20 10 0 0.12 0.235 0.269 0.926 0.62 6.193 12 9.871 88.227 0 0
97250 9 20 10 0 0.12 0.235 0.269 0.926 0.62 5.177 6 9.772 89.22 0 0.06
97250 10 20 10 0 0.12 0.235 0.269 0.926 0.62 10.159 8 16.755 99.487 0 0.027
97250 1 20 10 0 0.093 0.419 0.368 0.916 0.947 15.474 11 20.021 104.74 0 0
97250 2 20 10 0 0.093 0.419 0.368 0.916 0.947 11.212 15 15.952 92.3 0 0
97250 3 20 10 0 0.093 0.419 0.368 0.916 0.947 9.697 15 15.899 112.5 0 0
97250 4 20 10 0 0.093 0.419 0.368 0.916 0.947 17.847 5 22.064 104.467 0 0.013
97250 5 20 10 0 0.093 0.419 0.368 0.916 0.947 21.524 10 27.772 118 0 0
97250 6 20 10 0 0.093 0.419 0.368 0.916 0.947 21.231 6 26.658 111.18 0 0.06
97250 7 20 10 0 0.093 0.419 0.368 0.916 0.947 13.453 8 19.386 110.52 0 0.02
97250 8 20 10 0 0.093 0.419 0.368 0.916 0.947 14.1 12 19.423 119.567 0 0
97250 9 20 10 0 0.093 0.419 0.368 0.916 0.947 24.994 8 32.02 147.88 0 0.093
97250 10 20 10 0 0.093 0.419 0.368 0.916 0.947 17.023 6 21.809 103.233 0 0.033
97250 1 20 10 0 0.056 0.482 0.227 0.964 0.249 239.866 578 245.804 2296.493 0 0
97250 2 20 10 0 0.056 0.482 0.227 0.964 0.249 236.386 673 244.796 2345.247 0 0
97250 3 20 10 0 0.056 0.482 0.227 0.964 0.249 241.023 359 246.789 2555.093 0 0
97250 4 20 10 0 0.056 0.482 0.227 0.964 0.249 235.327 317 243.8 2190.687 0 0
97250 5 20 10 0 0.056 0.482 0.227 0.964 0.249 236.124 202 243.816 2154.393 0 0
97250 6 20 10 0 0.056 0.482 0.227 0.964 0.249 239.017 577 244.579 2424.913 0 0
97250 7 20 10 0 0.056 0.482 0.227 0.964 0.249 236.046 24 245.327 2404.233 0 0
97250 8 20 10 0 0.056 0.482 0.227 0.964 0.249 237.975 35 245.606 2399.08 0 0
97250 9 20 10 0 0.056 0.482 0.227 0.964 0.249 236.223 218 245.852 2399.947 0 0
97250 10 20 10 0 0.056 0.482 0.227 0.964 0.249 238.155 777 245.427 2454.58 0 0
97250 1 20 10 0 0.016 0.046 0.26 0.84 0.644 8.751 9 15.895 119.227 0 0.007
97250 2 20 10 0 0.016 0.046 0.26 0.84 0.644 15.068 5 19.548 94.773 0 0.047
97250 3 20 10 0 0.016 0.046 0.26 0.84 0.644 12.342 12 18.949 109.607 0 0
97250 4 20 10 0 0.016 0.046 0.26 0.84 0.644 13.25 11 17.925 88.76 0 0
97250 5 20 10 0 0.016 0.046 0.26 0.84 0.644 15.002 7 20.737 121.187 0 0.033
97250 6 20 10 0 0.016 0.046 0.26 0.84 0.644 24.919 4 33.36 141.46 0 0.16
97250 7 20 10 0 0.016 0.046 0.26 0.84 0.644 18.565 7 23.171 97.213 0 0.06
97250 8 20 10 0 0.016 0.046 0.26 0.84 0.644 3.064 11 7.763 79.26 0.14 0
97250 9 20 10 0 0.016 0.046 0.26 0.84 0.644 11.842 12 19.557 92.733 0 0
97250 10 20 10 0 0.016 0.046 0.26 0.84 0.644 17.955 6 22.226 102.633 0 0.093
97250 1 20 10 0 0.119 0.358 0.108 0.967 0.602 4.158 36 9.879 119.6 0.133 0
97250 2 20 10 0 0.119 0.358 0.108 0.967 0.602 3.825 14 9.086 115.313 0.12 0
97250 3 20 10 0 0.119 0.358 0.108 0.967 0.602 11.069 27 16.161 152.093 0 0
97250 4 20 10 0 0.119 0.358 0.108 0.967 0.602 7.278 41 11.572 126.167 0 0
97250 5 20 10 0 0.119 0.358 0.108 0.967 0.602 5.563 31 9.229 100.42 0 0
97250 6 20 10 0 0.119 0.358 0.108 0.967 0.602 8.922 40 14.142 119.447 0 0
97250 7 20 10 0 0.119 0.358 0.108 0.967 0.602 0 1 0.75 8.553 1 0.587
97250 8 20 10 0 0.119 0.358 0.108 0.967 0.602 0 0 0 0 1 1
97250 9 20 10 0 0.119 0.358 0.108 0.967 0.602 0 0 0 0 1 1
97250 10 20 10 0 0.119 0.358 0.108 0.967 0.602 11.605 17 17.185 145.12 0 0
97250 1 20 10 0 0.108 0.117 0.321 0.957 0.276 3.992 16 9.111 95.1 0.053 0
97250 2 20 10 0 0.108 0.117 0.321 0.957 0.276 15.239 8 21.419 137.7 0 0.007
97250 3 20 10 0 0.108 0.117 0.321 0.957 0.276 2.963 11 7.663 81.38 0.24 0
97250 4 20 10 0 0.108 0.117 0.321 0.957 0.276 18.713 7 26.748 147.047 0 0.047
97250 5 20 10 0 0.108 0.117 0.321 0.957 0.276 16.039 7 24.041 134.64 0 0.02
97250 6 20 10 0 0.108 0.117 0.321 0.957 0.276 6.731 8 11.149 100.387 0 0.027
97250 7 20 10 0 0.108 0.117 0.321 0.957 0.276 7.184 13 10.255 96.28 0 0
97250 1 15 9 1 0.023 0.306 0.366 0.865 0.963 11.488 13 15.35 82.28 0 0
97250 2 15 9 1 0.023 0.306 0.366 0.865 0.963 8.96 16 12.185 81.16 0 0
97250 3 15 9 1 0.023 0.306 0.366 0.865 0.963 2.795 20 5.948 69.007 0.333 0
97250 4 15 9 1 0.023 0.306 0.366 0.865 0.963 5.129 11 8.739 68.92 0 0
97250 5 15 9 1 0.023 0.306 0.366 0.865 0.963 5.638 6 10.255 86.693 0 0.067
97250 6 15 9 1 0.023 0.306 0.366 0.865 0.963 10.516 12 14.055 85.553 0 0
97250 7 15 9 1 0.023 0.306 0.366 0.865 0.963 8.752 12 12.922 83.24 0 0
97250 8 15 9 1 0.023 0.306 0.366 0.865 0.963 17.75 2 21.557 77.293 0 0.08
97250 9 15 9 1 0.023 0.306 0.366 0.865 0.963 4.81 11 7.982 51.967 0.027 0
97250 10 15 9 1 0.023 0.306 0.366 0.865 0.963 9.499 9 12.901 84.787 0 0.007
97250 1 15 9 1 0.09 0.094 0.116 0.929 0.74 8.192 19 11.996 101.153 0 0
97250 2 15 9 1 0.09 0.094 0.116 0.929 0.74 6.205 9 10.522 82.813 0 0.007
97250 3 15 9 1 0.09 0.094 0.116 0.929 0.74 0 0 0 0 1 1
97250 4 15 9 1 0.09 0.094 0.116 0.929 0.74 4.583 7 8.986 73.187 0.047 0.013
97250 5 15 9 1 0.09 0.094 0.116 0.929 0.74 2.819 15 7.528 77.367 0.147 0
97250 6 15 9 1 0.09 0.094 0.116 0.929 0.74 2.484 16 6.139 70.193 0.293 0
97250 7 15 9 1 0.09 0.094 0.116 0.929 0.74 0 0 0 0 1 1
97250 8 15 9 1 0.09 0.094 0.116 0.929 0.74 3.475 15 6.668 65.687 0.287 0
97250 9 15 9 1 0.09 0.094 0.116 0.929 0.74 5.485 6 8.829 75.4 0 0.007
97250 10 15 9 1 0.09 0.094 0.116 0.929 0.74 3.209 12 6.383 71.4 0.233 0
97250 1 15 9 1 0.013 0.174 0.043 0.768 0.962 6.596 8 11.277 73.647 0 0.013
97250 2 15 9 1 0.013 0.174 0.043 0.768 0.962 12.006 9 15.292 80.173 0 0.013
97250 3 15 9 1 0.013 0.174 0.043 0.768 0.962 11.895 5 16.922 76.853 0 0.1
97250 4 15 9 1 0.013 0.174 0.043 0.768 0.962 12.507 15 17.036 87.527 0 0
97250 5 15 9 1 0.013 0.174 0.043 0.768 0.962 2.53 12 5.055 60.373 0.553 0
97250 6 15 9 1 0.013 0.174 0.043 0.768 0.962 18.67 5 21.659 72.007 0 0.087
97250 7 15 9 1 0.013 0.174 0.043 0.768 0.962 13.116 18 15.736 75.173 0 0
97250 8 15 9 1 0.013 0.174 0.043 0.768 0.962 8.724 14 12.593 91.847 0 0
97250 9 15 9 1 0.013 0.174 0.043 0.768 0.962 3.548 6 10.839 79.673 0.04 0.027
97250 10 15 9 1 0.013 0.174 0.043 0.768 0.962 2.928 8 6.212 67.107 0.267 0.007
97250 1 15 9 1 0.068 0.097 0.384 0.849 0.676 7.786 8 11.687 85.193 0 0.02
97250 2 15 9 1 0.068 0.097 0.384 0.849 0.676 8.045 13 12.909 90.72 0 0
97250 3 15 9 1 0.068 0.097 0.384 0.849 0.676 7.387 13 10.188 87.287 0 0
97250 4 15 9 1 0.068 0.097 0.384 0.849 0.676 11.816 10 17.186 97.94 0 0
97250 5 15 9 1 0.068 0.097 0.384 0.849 0.676 11.345 9 15.041 96.873 0 0.013
97250 6 15 9 1 0.068 0.097 0.384 0.849 0.676 10.719 16 14.498 91.993 0 0
97250 7 15 9 1 0.068 0.097 0.384 0.849 0.676 12.185 7 16.43 97.467 0 0.007
97250 8 15 9 1 0.068 0.097 0.384 0.849 0.676 11.859 11 16.64 78.4 0 0
97250 9 15 9 1 0.068 0.097 0.384 0.849 0.676 2.869 10 8.004 76.46 0.067 0
97250 10 15 9 1 0.068 0.097 0.384 0.849 0.676 9.431 16 11.57 87.887 0 0
97250 1 15 9 1 0.001 0.189 0.189 0.826 0.485 9.182 38 14.217 139.567 0 0
97250 2 15 9 1 0.001 0.189 0.189 0.826 0.485 13.737 16 19.291 132.02 0 0
97250 3 15 9 1 0.001 0.189 0.189 0.826 0.485 7.449 34 11.566 128.7 0 0
97250 4 15 9 1 0.001 0.189 0.189 0.826 0.485 12.642 22 16.339 134.6 0 0
97250 5 15 9 1 0.001 0.189 0.189 0.826 0.485 6.493 21 11.899 136.653 0 0
97250 6 15 9 1 0.001 0.189 0.189 0.826 0.485 4.815 35 12.068 131.827 0.007 0
97250 7 15 9 1 0.001 0.189 0.189 0.826 0.485 12.348 11 17.693 125.98 0 0
97250 8 15 9 1 0.001 0.189 0.189 0.826 0.485 6.278 37 14.372 127.58 0 0
97250 9 15 9 1 0.001 0.189 0.189 0.826 0.485 11.62 39 16.835 140.173 0 0
97250 10 15 9 1 0.001 0.189 0.189 0.826 0.485 8.775 56 13.344 128.3 0 0
97250 1 15 9 1 0.059 0.351 0.034 0.863 0.035 249.43 7700 249.966 9229.96 0 0
97250 2 15 9 1 0.059 0.351 0.034 0.863 0.035 249.341 7334 249.975 9379.587 0 0
97250 3 15 9 1 0.059 0.351 0.034 0.863 0.035 249.341 8507 249.983 9511.847 0 0
97250 4 15 9 1 0.059 0.351 0.034 0.863 0.035 249.203 8709 249.954 9881.053 0 0
97250 5 15 9 1 0.059 0.351 0.034 0.863 0.035 249.565 8337 249.979 9725.48 0 0
97250 6 15 9 1 0.059 0.351 0.034 0.863 0.035 249.521 7865 249.969 9091.187 0 0
97250 7 15 9 1 0.059 0.351 0.034 0.863 0.035 249.61 8826 249.981 10285.94 0 0
97250 8 15 9 1 0.059 0.351 0.034 0.863 0.035 249.476 8221 249.98 9897.647 0 0
97250 9 15 9 1 0.059 0.351 0.034 0.863 0.035 249.291 7514 249.974 8847.807 0 0
97250 10 15 9 1 0.059 0.351 0.034 0.863 0.035 249.291 6644 249.938 7897.4 0 0
97250 1 15 9 1 0.038 0.342 0.084 0.928 0.746 5.381 52 7.677 102.287 0 0
97250 2 15 9 1 0.038 0.342 0.084 0.928 0.746 0 0 0 0 1 1
97250 3 15 9 1 0.038 0.342 0.084 0.928 0.746 3.327 38 6.261 87.64 0.387 0
97250 4 15 9 1 0.038 0.342 0.084 0.928 0.746 3.518 39 8.041 105.433 0.16 0
97250 5 15 9 1 0.038 0.342 0.084 0.928 0.746 0 0 0 0 1 1
97250 6 15 9 1 0.038 0.342 0.084 0.928 0.746 0 0 0 0 1 1
97250 7 15 9 1 0.038 0.342 0.084 0.928 0.746 3.945 44 8.965 108.813 0.1 0
97250 8 15 9 1 0.038 0.342 0.084 0.928 0.746 0 0 0 0 1 1
97250 9 15 9 1 0.038 0.342 0.084 0.928 0.746 5.469 48 8.001 105.327 0 0
97250 10 15 9 1 0.038 0.342 0.084 0.928 0.746 5.726 26 10.597 107.533 0 0
97250 1 15 9 1 0.046 0.276 0.043 0.917 0.426 0 0 1.944 1.293 0.887 1
97250 2 15 9 1 0.046 0.276 0.043 0.917 0.426 121.694 342 135.212 669.313 0 0
97250 3 15 9 1 0.046 0.276 0.043 0.917 0.426 118.877 422 136.803 714.267 0 0
97250 4 15 9 1 0.046 0.276 0.043 0.917 0.426 0 0 0 0 1 1
97250 5 15 9 1 0.046 0.276 0.043 0.917 0.426 0 0 0 0 1 1
97250 6 15 9 1 0.046 0.276 0.043 0.917 0.426 138.551 389 148.676 707.26 0 0
97250 7 15 9 1 0.046 0.276 0.043 0.917 0.426 53.111 225 92.334 589.333 0 0
97250 8 15 9 1 0.046 0.276 0.043 0.917 0.426 115.895 473 139.38 736.5 0 0
97250 9 15 9 1 0.046 0.276 0.043 0.917 0.426 112.97 338 130.589 563.9 0 0
97250 10 15 9 1 0.046 0.276 0.043 0.917 0.426 147.397 465 159.371 701.607 0 0
97250 1 15 9 1 0.105 0.234 0.232 0.75 0.465 8.355 63 13.538 151 0 0
97250 2 15 9 1 0.105 0.234 0.232 0.75 0.465 3.518 41 7.801 120.073 0.073 0
97250 3 15 9 1 0.105 0.234 0.232 0.75 0.465 7.27 37 16.584 119.3 0 0
97250 4 15 9 1 0.105 0.234 0.232 0.75 0.465 15.444 42 19.278 136.387 0 0
97250 5 15 9 1 0.105 0.234 0.232 0.75 0.465 18.4 38 22.215 118.187 0 0
97250 6 15 9 1 0.105 0.234 0.232 0.75 0.465 4.959 29 9.988 125.587 0.007 0
97250 7 15 9 1 0.105 0.234 0.232 0.75 0.465 9.968 52 15 131.06 0 0
97250 1 16 7 1 0.013 0.274 0.184 0.846 0.127 244.103 1515 248.06 2351.42 0 0
97250 2 16 7 1 0.013 0.274 0.184 0.846 0.127 243.804 1740 247.095 2242.207 0 0
97250 3 16 7 1 0.013 0.274 0.184 0.846 0.127 242.569 1638 247.372 2151.213 0 0
97250 4 16 7 1 0.013 0.274 0.184 0.846 0.127 241.922 1564 247.134 2220.727 0 0
97250 5 16 7 1 0.013 0.274 0.184 0.846 0.127 239.586 1784 247.598 2282.06 0 0
97250 6 16 7 1 0.013 0.274 0.184 0.846 0.127 242.3 1688 247.445 2333.873 0 0
97250 7 16 7 1 0.013 0.274 0.184 0.846 0.127 237.731 1823 247.556 2335.08 0 0
97250 8 16 7 1 0.013 0.274 0.184 0.846 0.127 241.385 1616 247.109 2338.013 0 0
97250 9 16 7 1 0.013 0.274 0.184 0.846 0.127 241.819 1653 246.781 2309.4 0 0
97250 10 16 7 1 0.013 0.274 0.184 0.846 0.127 242.525 1897 247.444 2325.847 0 0
97250 1 16 7 1 0.01 0.408 0.211 0.893 0.307 108.879 304 114.848 575.193 0 0
97250 2 16 7 1 0.01 0.408 0.211 0.893 0.307 49.127 108 60.182 325.913 0 0
97250 3 16 7 1 0.01 0.408 0.211 0.893 0.307 105.5 355 120.239 625.127 0 0
97250 4 16 7 1 0.01 0.408 0.211 0.893 0.307 94.029 286 103.135 486.047 0 0
97250 5 16 7 1 0.01 0.408 0.211 0.893 0.307 116.854 332 130.077 656.587 0 0
97250 6 16 7 1 0.01 0.408 0.211 0.893 0.307 98.268 290 112.099 514.893 0 0
97250 7 16 7 1 0.01 0.408 0.211 0.893 0.307 60.79 217 67.927 412.093 0 0
97250 8 16 7 1 0.01 0.408 0.211 0.893 0.307 57.264 188 63.955 407.7 0 0
97250 9 16 7 1 0.01 0.408 0.211 0.893 0.307 66.827 253 72.298 429.473 0 0
97250 10 16 7 1 0.01 0.408 0.211 0.893 0.307 106.733 282 111.956 534.887 0 0
97250 1 16 7 1 0.075 0.436 0.232 0.928 0.392 28.966 88 35.746 241.893 0 0
97250 2 16 7 1 0.075 0.436 0.232 0.928 0.392 46.674 186 53.113 316.433 0 0
97250 3 16 7 1 0.075 0.436 0.232 0.928 0.392 26.817 91 32.403 224.14 0 0
97250 4 16 7 1 0.075 0.436 0.232 0.928 0.392 29.252 136 38.187 259.233 0 0
97250 5 16 7 1 0.075 0.436 0.232 0.928 0.392 38.749 172 43.277 303.72 0 0
97250 6 16 7 1 0.075 0.436 0.232 0.928 0.392 35.266 126 43.654 271.72 0 0
97250 7 16 7 1 0.075 0.436 0.232 0.928 0.392 43.706 191 50.582 344.873 0 0
97250 8 16 7 1 0.075 0.436 0.232 0.928 0.392 19.988 84 27.4 212.52 0 0
97250 9 16 7 1 0.075 0.436 0.232 0.928 0.392 41.027 118 47.01 297.66 0 0
97250 10 16 7 1 0.075 0.436 0.232 0.928 0.392 29.428 104 36.9 221.047 0 0
97250 1 16 7 1 0.049 0.265 0.21 0.81 0.508 5.648 56 8.615 118.173 0 0
97250 2 16 7 1 0.049 0.265 0.21 0.81 0.508 14.935 31 19.544 160.713 0 0
97250 3 16 7 1 0.049 0.265 0.21 0.81 0.508 8.839 26 12.794 113.9 0 0
97250 4 16 7 1 0.049 0.265 0.21 0.81 0.508 4.555 55 9.444 128.173 0.02 0
97250 5 16 7 1 0.049 0.265 0.21 0.81 0.508 8.306 77 13.386 137.887 0 0
97250 6 16 7 1 0.049 0.265 0.21 0.81 0.508 15.275 65 20.042 178.187 0 0
97250 7 16 7 1 0.049 0.265 0.21 0.81 0.508 11.991 37 15.762 131.72 0 0
97250 8 16 7 1 0.049 0.265 0.21 0.81 0.508 13.3 64 19.104 168.313 0 0
97250 9 16 7 1 0.049 0.265 0.21 0.81 0.508 11.147 66 15.893 139.353 0 0
97250 10 16 7 1 0.049 0.265 0.21 0.81 0.508 6.169 61 12.582 133.42 0 0
97250 1 16 7 1 0.049 0.17 0.246 0.985 0.917 8.475 18 12.704 87.6 0 0
97250 2 16 7 1 0.049 0.17 0.246 0.985 0.917 13.247 7 19.317 92.78 0 0.027
97250 3 16 7 1 0.049 0.17 0.246 0.985 0.917 11.686 12 16.732 103.407 0 0
97250 4 16 7 1 0.049 0.17 0.246 0.985 0.917 20.232 10 23.507 97.093 0 0
97250 5 16 7 1 0.049 0.17 0.246 0.985 0.917 13.028 7 16.195 80.447 0 0.08
97250 6 16 7 1 0.049 0.17 0.246 0.985 0.917 14.938 8 21.417 92.987 0 0.033
97250 7 16 7 1 0.049 0.17 0.246 0.985 0.917 9.535 8 14.002 99.2 0 0.007
97250 8 16 7 1 0.049 0.17 0.246 0.985 0.917 13.914 11 18.846 95.927 0 0
97250 9 16 7 1 0.049 0.17 0.246 0.985 0.917 8.6 16 12.285 82.527 0 0
97250 10 16 7 1 0.049 0.17 0.246 0.985 0.917 11.031 17 14.857 79.02 0 0
97250 1 16 7 1 0.099 0.219 0.253 0.917 0.271 46.374 161 55.807 322.58 0 0
97250 2 16 7 1 0.099 0.219 0.253 0.917 0.271 35.077 158 53.108 316.307 0 0
97250 3 16 7 1 0.099 0.219 0.253 0.917 0.271 23.673 34 37.795 198.847 0 0
97250 4 16 7 1 0.099 0.219 0.253 0.917 0.271 27.109 73 38.13 245.313 0 0
97250 5 16 7 1 0.099 0.219 0.253 0.917 0.271 39.062 108 43.886 256.78 0 0
97250 6 16 7 1 0.099 0.219 0.253 0.917 0.271 30.519 71 42.108 210.12 0 0
97250 7 16 7 1 0.099 0.219 0.253 0.917 0.271 18.081 72 25.646 193.96 0 0
97250 8 16 7 1 0.099 0.219 0.253 0.917 0.271 48.175 86 57.598 298.927 0 0
97250 9 16 7 1 0.099 0.219 0.253 0.917 0.271 24.91 57 34.113 230.333 0 0
97250 10 16 7 1 0.099 0.219 0.253 0.917 0.271 39.935 133 44.904 262.087 0 0
97250 1 16 7 1 0.02 0.46 0.334 0.811 0.061 244.323 1723 247.534 2328.56 0 0
97250 2 16 7 1 0.02 0.46 0.334 0.811 0.061 242.969 1857 247.503 2303.22 0 0
97250 3 16 7 1 0.02 0.46 0.334 0.811 0.061 243.352 1786 247.575 2378.053 0 0
97250 4 16 7 1 0.02 0.46 0.334 0.811 0.061 241.883 1830 247.505 2495.22 0 0
97250 5 16 7 1 0.02 0.46 0.334 0.811 0.061 243.532 1661 247.658 2290.04 0 0
97250 6 16 7 1 0.02 0.46 0.334 0.811 0.061 244.103 1795 248.342 2446.587 0 0
97250 7 16 7 1 0.02 0.46 0.334 0.811 0.061 243.851 1546 247.316 2219.267 0 0
97250 8 16 7 1 0.02 0.46 0.334 0.811 0.061 243.164 1718 247.679 2298.52 0 0
97250 9 16 7 1 0.02 0.46 0.334 0.811 0.061 243.85 1760 247.695 2315.507 0 0
97250 10 16 7 1 0.02 0.46 0.334 0.811 0.061 244.937 1604 247.877 2297.113 0 0
97250 1 16 7 1 0.05 0.367 0.393 0.759 0.339 11.069 29 16.331 131.48 0 0
97250 2 16 7 1 0.05 0.367 0.393 0.759 0.339 14.798 56 19.071 177.293 0 0
97250 3 16 7 1 0.05 0.367 0.393 0.759 0.339 14.309 45 18.415 134.487 0 0
97250 4 16 7 1 0.05 0.367 0.393 0.759 0.339 12.433 38 17.538 148.84 0 0
97250 5 16 7 1 0.05 0.367 0.393 0.759 0.339 11.914 42 14.799 125.953 0 0
97250 6 16 7 1 0.05 0.367 0.393 0.759 0.339 14.441 60 19.368 168.18 0 0
97250 7 16 7 1 0.05 0.367 0.393 0.759 0.339 22.291 29 27.991 165.78 0 0
97250 8 16 7 1 0.05 0.367 0.393 0.759 0.339 12.744 42 15.436 126.667 0 0
97250 9 16 7 1 0.05 0.367 0.393 0.759 0.339 17.763 54 22.625 168.347 0 0
97250 10 16 7 1 0.05 0.367 0.393 0.759 0.339 19.229 46 24.569 162.833 0 0
97250 1 16 7 1 0.111 0.494 0.018 0.914 0.72 0 0 0 0 1 1
97250 2 16 7 1 0.111 0.494 0.018 0.914 0.72 0 0 0 0 1 1
97250 3 16 7 1 0.111 0.494 0.018 0.914 0.72 0 0 0 0 1 1
97250 4 16 7 1 0.111 0.494 0.018 0.914 0.72 0 0 0 0 1 1
97250 5 16 7 1 0.111 0.494 0.018 0.914 0.72 0 0 0 0 1 1
97250 6 16 7 1 0.111 0.494 0.018 0.914 0.72 0 0 0 0 1 1
97250 7 16 7 1 0.111 0.494 0.018 0.914 0.72 0 0 0 0 1 1
97250 8 16 7 1 0.111 0.494 0.018 0.914 0.72 0 0 0 0 1 1
97250 9 16 7 1 0.111 0.494 0.018 0.914 0.72 0 0 0 0 1 1
97250 1 20 8 0 0.045 0.403 0.473 0.884 0.661 22.616 6 28.505 115.82 0 0.013
97250 2 20 8 0 0.045 0.403 0.473 0.884 0.661 16.591 14 24.149 126.553 0 0
97250 3 20 8 0 0.045 0.403 0.473 0.884 0.661 13.21 9 19.732 113.767 0 0.007
97250 4 20 8 0 0.045 0.403 0.473 0.884 0.661 13.681 8 18.466 110.647 0 0.02
97250 5 20 8 0 0.045 0.403 0.473 0.884 0.661 13.568 10 20.551 97.82 0 0
97250 6 20 8 0 0.045 0.403 0.473 0.884 0.661 21.143 17 26.953 115.953 0 0
97250 7 20 8 0 0.045 0.403 0.473 0.884 0.661 17.24 7 24.329 134.24 0 0.087
97250 8 20 8 0 0.045 0.403 0.473 0.884 0.661 26.555 10 33.527 121.307 0 0
97250 9 20 8 0 0.045 0.403 0.473 0.884 0.661 18.933 15 24.191 126.107 0 0
97250 10 20 8 0 0.045 0.403 0.473 0.884 0.661 19.632 6 25.455 123.56 0 0.027
97250 1 20 8 0 0.107 0.296 0.491 0.766 0.229 28.949 17 44.207 246.107 0 0
97250 2 20 8 0 0.107 0.296 0.491 0.766 0.229 32.788 10 40.025 199.593 0 0
97250 3 20 8 0 0.107 0.296 0.491 0.766 0.229 36.567 22 40.72 247.433 0 0
97250 4 20 8 0 0.107 0.296 0.491 0.766 0.229 31.147 9 47.794 236.8 0 0.007
97250 5 20 8 0 0.107 0.296 0.491 0.766 0.229 19.706 14 26.822 153.213 0 0
97250 6 20 8 0 0.107 0.296 0.491 0.766 0.229 36.494 16 47.696 223.48 0 0
97250 7 20 8 0 0.107 0.296 0.491 0.766 0.229 14.845 13 24.559 188.673 0 0
97250 8 20 8 0 0.107 0.296 0.491 0.766 0.229 23.896 22 36.403 223.233 0 0
97250 9 20 8 0 0.107 0.296 0.491 0.766 0.229 38.099 22 43.101 232.213 0 0
97250 10 20 8 0 0.107 0.296 0.491 0.766 0.229 32.386 15 39.403 221.62 0 0
97250 1 20 8 0 0.075 0.253 0.083 0.8 0.01 249.696 10990 249.996 13133.593 0 0
97250 2 20 8 0 0.075 0.253 0.083 0.8 0.01 249.35 10350 249.994 12049.713 0 0
97250 3 20 8 0 0.075 0.253 0.083 0.8 0.01 249.947 11854 250 13682.587 0 0
97250 4 20 8 0 0.075 0.253 0.083 0.8 0.01 249.61 10660 249.994 12437.767 0 0
97250 5 20 8 0 0.075 0.253 0.083 0.8 0.01 249.739 11168 249.994 12553.073 0 0
97250 6 20 8 0 0.075 0.253 0.083 0.8 0.01 249.127 9291 249.961 11152.567 0 0
97250 7 20 8 0 0.075 0.253 0.083 0.8 0.01 249.653 11220 249.993 13394.987 0 0
97250 8 20 8 0 0.075 0.253 0.083 0.8 0.01 249.653 11568 249.996 13930.38 0 0
97250 9 20 8 0 0.075 0.253 0.083 0.8 0.01 249.476 10117 249.984 12272.467 0 0
97250 10 20 8 0 0.075 0.253 0.083 0.8 0.01 249.521 10875 249.991 12867.38 0 0
97250 1 20 8 0 0.064 0.162 0.168 0.78 0.359 42.247 22 53.169 296.08 0 0
97250 2 20 8 0 0.064 0.162 0.168 0.78 0.359 52.431 39 65.682 320.7 0 0
97250 3 20 8 0 0.064 0.162 0.168 0.78 0.359 35.37 26 43.052 240.693 0 0
97250 4 20 8 0 0.064 0.162 0.168 0.78 0.359 51.438 65 58.323 307.76 0 0
97250 5 20 8 0 0.064 0.162 0.168 0.78 0.359 44.519 25 60.988 341.773 0 0
97250 6 20 8 0 0.064 0.162 0.168 0.78 0.359 27.831 47 34.501 252.927 0 0
97250 7 20 8 0 0.064 0.162 0.168 0.78 0.359 41.879 14 52.493 298.433 0 0
97250 8 20 8 0 0.064 0.162 0.168 0.78 0.359 40.389 19 46.372 267.293 0 0
97250 9 20 8 0 0.064 0.162 0.168 0.78 0.359 41.826 27 50.933 282.653 0 0
97250 10 20 8 0 0.064 0.162 0.168 0.78 0.359 37.085 15 56.183 325.547 0 0
97250 1 20 8 0 0.016 0.245 0.122 0.771 0.15 238.919 1653 246.534 2789.347 0 0
97250 2 20 8 0 0.016 0.245 0.122 0.771 0.15 239.07 588 246.553 2616.62 0 0
97250 3 20 8 0 0.016 0.245 0.122 0.771 0.15 242.348 391 247.117 2729.433 0 0
97250 4 20 8 0 0.016 0.245 0.122 0.771 0.15 237.388 683 245.726 2659.147 0 0
97250 5 20 8 0 0.016 0.245 0.122 0.771 0.15 236.641 978 247.497 3011.72 0 0
97250 6 20 8 0 0.016 0.245 0.122 0.771 0.15 236.242 146 246.091 2703.653 0 0
97250 7 20 8 0 0.016 0.245 0.122 0.771 0.15 240.75 1349 247.051 2940.693 0 0
97250 8 20 8 0 0.016 0.245 0.122 0.771 0.15 237 366 246.629 2876.9 0 0
97250 9 20 8 0 0.016 0.245 0.122 0.771 0.15 241.388 783 246.763 2610.387 0 0
97250 10 20 8 0 0.016 0.245 0.122 0.771 0.15 242.277 802 246.931 2535.967 0 0
97250 1 20 8 0 0.093 0.487 0.357 0.81 0.833 15.835 6 23.993 122.787 0 0.027
97250 2 20 8 0 0.093 0.487 0.357 0.81 0.833 18.261 12 22.448 113 0 0
97250 3 20 8 0 0.093 0.487 0.357 0.81 0.833 21.052 9 25.45 115.307 0 0.013
97250 4 20 8 0 0.093 0.487 0.357 0.81 0.833 10.607 12 15.533 104.153 0 0
97250 5 20 8 0 0.093 0.487 0.357 0.81 0.833 20.307 7 28.881 130.127 0 0.027
97250 6 20 8 0 0.093 0.487 0.357 0.81 0.833 24.936 10 30.038 154.173 0 0
97250 7 20 8 0 0.093 0.487 0.357 0.81 0.833 21.194 14 25.659 106.66 0 0
97250 8 20 8 0 0.093 0.487 0.357 0.81 0.833 11.416 12 18.17 111.493 0 0
97250 9 20 8 0 0.093 0.487 0.357 0.81 0.833 25.453 7 30.751 116.447 0 0.12
97250 10 20 8 0 0.093 0.487 0.357 0.81 0.833 20.016 12 30.223 136.7 0 0
97250 1 20 8 0 0.119 0.35 0.488 0.768 0.641 15.86 11 22.12 125.06 0 0
97250 2 20 8 0 0.119 0.35 0.488 0.768 0.641 16.814 10 23.421 117.753 0 0
97250 3 20 8 0 0.119 0.35 0.488 0.768 0.641 16.978 14 24.136 115.053 0 0
97250 4 20 8 0 0.119 0.35 0.488 0.768 0.641 17.509 13 24.983 124.42 0 0
97250 5 20 8 0 0.119 0.35 0.488 0.768 0.641 16.421 10 21.914 126.1 0 0
97250 6 20 8 0 0.119 0.35 0.488 0.768 0.641 19.735 11 25.745 126.887 0 0
97250 7 20 8 0 0.119 0.35 0.488 0.768 0.641 23.82 8 29.222 114.467 0 0.013
97250 8 20 8 0 0.119 0.35 0.488 0.768 0.641 15.406 17 26.941 119.747 0 0
97250 9 20 8 0 0.119 0.35 0.488 0.768 0.641 14.11 14 23.265 116.627 0 0
97250 10 20 8 0 0.119 0.35 0.488 0.768 0.641 22.551 13 26.139 100.627 0 0
97250 1 20 8 0 0.106 0.488 0.466 0.891 0.667 15.803 10 20.802 95.793 0 0
97250 2 20 8 0 0.106 0.488 0.466 0.891 0.667 17.44 9 22.049 102.213 0 0.007
97250 3 20 8 0 0.106 0.488 0.466 0.891 0.667 12.226 8 16.085 91.873 0 0.02
97250 4 20 8 0 0.106 0.488 0.466 0.891 0.667 17.171 13 22.569 105.92 0 0
97250 5 20 8 0 0.106 0.488 0.466 0.891 0.667 15.138 12 21.248 112.173 0 0
97250 6 20 8 0 0.106 0.488 0.466 0.891 0.667 20.907 8 29.129 138.16 0 0.06
97250 7 20 8 0 0.106 0.488 0.466 0.891 0.667 19.76 9 24.636 106.967 0 0.007
97250 8 20 8 0 0.106 0.488 0.466 0.891 0.667 20.385 13 25.465 118.247 0 0
97250 9 20 8 0 0.106 0.488 0.466 0.891 0.667 19.667 10 26.616 123.62 0 0
97250 10 20 8 0 0.106 0.488 0.466 0.891 0.667 15.339 11 21.64 117.987 0 0
97250 1 20 8 0 0.049 0.101 0.051 0.881 0.121 248.859 4806 249.763 6015.173 0 0
97250 2 20 8 0 0.049 0.101 0.051 0.881 0.121 248.546 4687 249.814 5802 0 0
97250 1 20 5 1 0.017 0.086 0.482 0.971 0.825 32.738 15 39.926 128.56 0 0
97250 2 20 5 1 0.017 0.086 0.482 0.971 0.825 20.208 16 28.616 160.627 0 0
97250 3 20 5 1 0.017 0.086 0.482 0.971 0.825 22.387 13 30.681 152.62 0 0
97250 4 20 5 1 0.017 0.086 0.482 0.971 0.825 33.877 5 41.262 144.627 0 0.08
97250 5 20 5 1 0.017 0.086 0.482 0.971 0.825 23.009 7 28.112 136.213 0 0.013
97250 6 20 5 1 0.017 0.086 0.482 0.971 0.825 16.595 13 23.244 128.553 0 0
97250 7 20 5 1 0.017 0.086 0.482 0.971 0.825 25.759 5 31.37 130.487 0 0.027
97250 8 20 5 1 0.017 0.086 0.482 0.971 0.825 29.506 6 36.55 146.387 0 0.053
97250 9 20 5 1 0.017 0.086 0.482 0.971 0.825 19.652 17 24.933 131.08 0 0
97250 10 20 5 1 0.017 0.086 0.482 0.971 0.825 29.496 14 38.987 150.767 0 0
97250 1 20 5 1 0.044 0.135 0.301 0.802 0.568 13.98 7 18.972 122.34 0 0.04
97250 2 20 5 1 0.044 0.135 0.301 0.802 0.568 10.987 19 17.705 130.893 0 0
97250 3 20 5 1 0.044 0.135 0.301 0.802 0.568 11.491 16 15.411 115.78 0 0
97250 4 20 5 1 0.044 0.135 0.301 0.802 0.568 27.662 13 37.452 170.247 0 0
97250 5 20 5 1 0.044 0.135 0.301 0.802 0.568 5.629 25 11.51 106.473 0 0
97250 6 20 5 1 0.044 0.135 0.301 0.802 0.568 4.634 10 9.917 101.313 0.013 0
97250 7 20 5 1 0.044 0.135 0.301 0.802 0.568 8.971 19 13.387 119.84 0 0
97250 8 20 5 1 0.044 0.135 0.301 0.802 0.568 17.925 14 30.885 175.107 0 0
97250 9 20 5 1 0.044 0.135 0.301 0.802 0.568 4.388 8 11.93 99.747 0.053 0.027
97250 10 20 5 1 0.044 0.135 0.301 0.802 0.568 12.563 13 17.936 120.66 0 0
97250 1 20 5 1 0.07 0.432 0.319 0.821 0.942 19.973 13 27.862 138.42 0 0
97250 2 20 5 1 0.07 0.432 0.319 0.821 0.942 30.981 7 36.234 133.233 0 0.027
97250 3 20 5 1 0.07 0.432 0.319 0.821 0.942 21.564 18 27.861 111.18 0 0
97250 4 20 5 1 0.07 0.432 0.319 0.821 0.942 30.91 15 37.536 167.827 0 0
97250 5 20 5 1 0.07 0.432 0.319 0.821 0.942 28.603 7 34.565 151.42 0 0.02
97250 6 20 5 1 0.07 0.432 0.319 0.821 0.942 32.884 17 40.444 168.807 0 0
97250 7 20 5 1 0.07 0.432 0.319 0.821 0.942 21.495 7 29.28 130.993 0 0.007
97250 8 20 5 1 0.07 0.432 0.319 0.821 0.942 27.393 16 31.574 145.767 0 0
97250 9 20 5 1 0.07 0.432 0.319 0.821 0.942 20.347 14 26.013 120.427 0 0
97250 10 20 5 1 0.07 0.432 0.319 0.821 0.942 24.625 11 31.308 164.613 0 0
97250 1 20 5 1 0.07 0.176 0.375 0.844 0.992 24.916 12 30.498 129.16 0 0
97250 2 20 5 1 0.07 0.176 0.375 0.844 0.992 21.394 14 28.445 134.227 0 0
97250 3 20 5 1 0.07 0.176 0.375 0.844 0.992 25.07 7 33.682 134.107 0 0.027
97250 4 20 5 1 0.07 0.176 0.375 0.844 0.992 27.834 14 33.787 146.467 0 0
97250 5 20 5 1 0.07 0.176 0.375 0.844 0.992 22.034 17 35.247 165.567 0 0
97250 6 20 5 1 0.07 0.176 0.375 0.844 0.992 17.653 13 23.041 135.687 0 0
97250 7 20 5 1 0.07 0.176 0.375 0.844 0.992 22.181 9 32.079 136.473 0 0.007
97250 8 20 5 1 0.07 0.176 0.375 0.844 0.992 20.553 7 25.973 110.82 0 0.013
97250 9 20 5 1 0.07 0.176 0.375 0.844 0.992 18.945 16 23.616 105.267 0 0
97250 10 20 5 1 0.07 0.176 0.375 0.844 0.992 22.162 12 26.068 130.627 0 0
97250 1 20 5 1 0.023 0.131 0.301 0.796 0.883 25.175 16 33.525 151.907 0 0
97250 2 20 5 1 0.023 0.131 0.301 0.796 0.883 24.403 16 31.49 145.167 0 0
97250 3 20 5 1 0.023 0.131 0.301 0.796 0.883 33.846 9 39.763 138.933 0 0.02
97250 4 20 5 1 0.023 0.131 0.301 0.796 0.883 26.397 10 35.901 155.833 0 0
97250 5 20 5 1 0.023 0.131 0.301 0.796 0.883 17.662 15 24.053 144.66 0 0
97250 6 20 5 1 0.023 0.131 0.301 0.796 0.883 20.229 16 26.079 133.987 0 0
97250 7 20 5 1 0.023 0.131 0.301 0.796 0.883 34.311 10 42.649 145.333 0 0
97250 8 20 5 1 0.023 0.131 0.301 0.796 0.883 28.215 13 33.283 156.587 0 0
97250 9 20 5 1 0.023 0.131 0.301 0.796 0.883 20.024 15 25.018 138.42 0 0
97250 10 20 5 1 0.023 0.131 0.301 0.796 0.883 19.692 12 24.418 108.94 0 0
97250 1 20 5 1 0.101 0.404 0.402 0.879 0.839 25.747 12 36.704 172.187 0 0
97250 2 20 5 1 0.101 0.404 0.402 0.879 0.839 26.539 12 32.385 147.787 0 0
97250 3 20 5 1 0.101 0.404 0.402 0.879 0.839 27.213 13 33.125 133.613 0 0
97250 1 20 5 1 0.064 0.457 0.322 0.88 0.909 22.677 15 31.774 128.64 0 0
97250 2 20 5 1 0.064 0.457 0.322 0.88 0.909 21.328 12 27.749 130.473 0 0
97250 3 20 5 1 0.064 0.457 0.322 0.88 0.909 25.949 15 33.009 171.007 0 0
97250 4 20 5 1 0.064 0.457 0.322 0.88 0.909 25.847 14 32.767 161.62 0 0
97250 5 20 5 1 0.064 0.457 0.322 0.88 0.909 19.142 9 24.729 129.08 0 0.033
97250 6 20 5 1 0.064 0.457 0.322 0.88 0.909 28.487 17 32.438 127.167 0 0
97250 7 20 5 1 0.064 0.457 0.322 0.88 0.909 40.362 14 48.508 154.253 0 0
97250 8 20 5 1 0.064 0.457 0.322 0.88 0.909 28.119 11 34.219 157.447 0 0
97250 9 20 5 1 0.064 0.457 0.322 0.88 0.909 22.452 13 27.048 125.553 0 0
97250 10 20 5 1 0.064 0.457 0.322 0.88 0.909 27.104 20 31.842 141.533 0 0
97250 1 20 5 1 0.041 0.34 0.155 0.967 0.427 23.827 131 31.906 272.287 0 0
97250 2 20 5 1 0.041 0.34 0.155 0.967 0.427 37.812 113 42.707 270.613 0 0
97250 3 20 5 1 0.041 0.34 0.155 0.967 0.427 45.366 190 50.057 341.707 0 0
97250 4 20 5 1 0.041 0.34 0.155 0.967 0.427 42.191 195 53.501 394.113 0 0
97250 5 20 5 1 0.041 0.34 0.155 0.967 0.427 42.224 203 52.453 390.887 0 0
97250 6 20 5 1 0.041 0.34 0.155 0.967 0.427 38.242 181 50.121 387.267 0 0
97250 7 20 5 1 0.041 0.34 0.155 0.967 0.427 34.606 130 42.111 316.307 0 0
97250 8 20 5 1 0.041 0.34 0.155 0.967 0.427 36.823 171 49.185 376.907 0 0
97250 9 20 5 1 0.041 0.34 0.155 0.967 0.427 43.413 200 52.537 371.253 0 0
97250 10 20 5 1 0.041 0.34 0.155 0.967 0.427 38.08 152 45.548 319.907 0 0
97250 1 20 5 1 0.083 0.349 0.259 0.892 0.96 20.381 11 29.886 146.533 0 0
97250 2 20 5 1 0.083 0.349 0.259 0.892 0.96 19.382 10 25.324 119.4 0 0
97250 3 20 5 1 0.083 0.349 0.259 0.892 0.96 27.269 11 34.624 140.927 0 0
97250 4 20 5 1 0.083 0.349 0.259 0.892 0.96 25.94 13 31.57 152.207 0 0
97250 5 20 5 1 0.083 0.349 0.259 0.892 0.96 29.279 12 37.051 162.84 0 0
97250 6 20 5 1 0.083 0.349 0.259 0.892 0.96 21.678 18 27.427 162.167 0 0
97250 7 20 5 1 0.083 0.349 0.259 0.892 0.96 18.149 8 24.179 108.993 0 0.02
97250 8 20 5 1 0.083 0.349 0.259 0.892 0.96 21.503 17 30.487 153.447 0 0
97250 9 20 5 1 0.083 0.349 0.259 0.892 0.96 24.48 11 31.008 132.92 0 0
97250 10 20 5 1 0.083 0.349 0.259 0.892 0.96 29.766 11 34.356 130.96 0 0
97250 1 20 5 1 0.105 0.416 0.493 0.886 0.752 30.059 12 35.324 149.8 0 0
97250 2 20 5 1 0.105 0.416 0.493 0.886 0.752 25.848 14 34.228 160.82 0 0
97250 3 20 5 1 0.105 0.416 0.493 0.886 0.752 23.98 15 32.411 172.013 0 0
97250 4 20 5 1 0.105 0.416 0.493 0.886 0.752 27.451 7 36.185 131.933 0 0.06
97250 5 20 5 1 0.105 0.416 0.493 0.886 0.752 19.445 18 25.667 130.04 0 0
97250 6 20 5 1 0.105 0.416 0.493 0.886 0.752 26.818 10 32.723 146.4 0 0
97250 7 20 5 1 0.105 0.416 0.493 0.886 0.752 23.778 11 28.137 133.06 0 0
97250 8 20 5 1 0.105 0.416 0.493 0.886 0.752 24.445 12 30.272 112.727 0 0
97250 9 20 5 1 0.105 0.416 0.493 0.886 0.752 19.394 15 26.513 126.693 0 0
97250 10 20 5 1 0.105 0.416 0.493 0.886 0.752 24.16 17 29.769 165.187 0 0
97250 1 20 5 1 0.101 0.408 0.063 0.969 0.162 248.529 4934 249.808 6017.113 0 0
97250 2 20 5 1 0.101 0.408 0.063 0.969 0.162 248.381 4277 249.734 5697.027 0 0
97250 3 20 5 1 0.101 0.408 0.063 0.969 0.162 247.17 4115 249.662 5919.587 0 0
97250 4 20 5 1 0.101 0.408 0.063 0.969 0.162 248.062 4879 249.612 5867.647 0 0
97250 5 20 5 1 0.101 0.408 0.063 0.969 0.162 248.185 4670 249.691 6106.06 0 0
97250 6 20 5 1 0.101 0.408 0.063 0.969 0.162 248.21 4525 249.705 5471.513 0 0
97250 7 20 5 1 0.101 0.408 0.063 0.969 0.162 248.679 4992 249.826 6076.44 0 0
97250 8 20 5 1 0.101 0.408 0.063 0.969 0.162 247.987 4652 249.725 5737.467 0 0
97250 9 20 5 1 0.101 0.408 0.063 0.969 0.162 248.098 4370 249.734 5690.56 0 0
97250 10 20 5 1 0.101 0.408 0.063 0.969 0.162 248.313 5139 249.819 6081.713 0 0
97250 1 20 5 1 0.06 0.051 0.431 0.801 0.943 22.551 15 30.571 133.193 0 0
97250 2 20 5 1 0.06 0.051 0.431 0.801 0.943 17.72 9 20.972 96.033 0 0.027
97250 3 20 5 1 0.06 0.051 0.431 0.801 0.943 24.205 7 29.278 132.013 0 0.027
97250 4 20 5 1 0.06 0.051 0.431 0.801 0.943 14.326 17 20.32 123.133 0 0
97250 5 20 5 1 0.06 0.051 0.431 0.801 0.943 18.14 20 21.757 119.28 0 0
97250 6 20 5 1 0.06 0.051 0.431 0.801 0.943 18.419 22 23.018 126.707 0 0
97250 7 20 5 1 0.06 0.051 0.431 0.801 0.943 28.101 14 34.052 150.4 0 0
97250 8 20 5 1 0.06 0.051 0.431 0.801 0.943 19.135 13 25.979 135.84 0 0
97250 9 20 5 1 0.06 0.051 0.431 0.801 0.943 28.855 9 39.592 148.36 0 0.027
97250 10 20 5 1 0.06 0.051 0.431 0.801 0.943 23.386 14 29.319 131.367 0 0
97250 1 20 5 1 0.013 0.058 0.14 0.807 0.9 33.929 16 40.047 152.707 0 0
97250 2 20 5 1 0.013 0.058 0.14 0.807 0.9 20.414 11 27.584 125.867 0 0
97250 3 20 5 1 0.013 0.058 0.14 0.807 0.9 23.125 14 36.627 159.667 0 0
97250 4 20 5 1 0.013 0.058 0.14 0.807 0.9 28.108 12 36.556 154.593 0 0
97250 5 20 5 1 0.013 0.058 0.14 0.807 0.9 27.84 11 33.472 118.9 0 0
97250 6 20 5 1 0.013 0.058 0.14 0.807 0.9 23.57 12 31.096 146.187 0 0
97250 7 20 5 1 0.013 0.058 0.14 0.807 0.9 12.837 13 19.752 114.3 0 0
97250 8 20 5 1 0.013 0.058 0.14 0.807 0.9 26.57 12 32.016 145.367 0 0
97250 9 20 5 1 0.013 0.058 0.14 0.807 0.9 28.324 19 36.464 159.86 0 0
97250 10 20 5 1 0.013 0.058 0.14 0.807 0.9 18.023 14 23.938 120.673 0 0
97250 1 20 5 1 0.033 0.302 0.404 0.963 0.518 4.005 13 8.656 97.5 0.073 0
97250 2 20 5 1 0.033 0.302 0.404 0.963 0.518 9.63 17 14.101 128.14 0 0
97250 3 20 5 1 0.033 0.302 0.404 0.963 0.518 7.844 14 13.978 113.627 0 0
97250 4 20 5 1 0.033 0.302 0.404 0.963 0.518 5.708 21 9.878 103.573 0 0
97250 5 20 5 1 0.033 0.302 0.404 0.963 0.518 3.919 17 7.487 95.313 0.133 0
97250 6 20 5 1 0.033 0.302 0.404 0.963 0.518 6.228 30 14.32 119.18 0 0
97250 7 20 5 1 0.033 0.302 0.404 0.963 0.518 7.172 20 12.207 116.76 0 0
97250 8 20 5 1 0.033 0.302 0.404 0.963 0.518 8.334 13 13.361 114.913 0 0
97250 9 20 5 1 0.033 0.302 0.404 0.963 0.518 6.429 12 11.098 106.4 0 0
97250 10 20 5 1 0.033 0.302 0.404 0.963 0.518 6.285 30 13.486 115.147 0 0
97250 1 20 5 1 0.078 0.282 0.285 0.884 0.058 247.345 3000 249.314 4218.973 0 0
97250 2 20 5 1 0.078 0.282 0.285 0.884 0.058 247.82 2985 249.35 3907.107 0 0
97250 1 18 10 0 0.106 0.21 0.409 0.757 0.792 19.058 8 23.437 91.227 0 0.013
97250 2 18 10 0 0.106 0.21 0.409 0.757 0.792 18.801 6 24.315 129.633 0 0.04
97250 3 18 10 0 0.106 0.21 0.409 0.757 0.792 18.657 11 26.049 100.213 0 0
97250 4 18 10 0 0.106 0.21 0.409 0.757 0.792 7.427 14 13.624 84.853 0 0
97250 5 18 10 0 0.106 0.21 0.409 0.757 0.792 20.82 8 26.92 101.2 0 0.033
97250 6 18 10 0 0.106 0.21 0.409 0.757 0.792 13.04 13 19.122 95.72 0 0
97250 7 18 10 0 0.106 0.21 0.409 0.757 0.792 13.489 10 18.392 84.927 0 0
97250 8 18 10 0 0.106 0.21 0.409 0.757 0.792 11.339 7 17.329 80.893 0 0.033
97250 9 18 10 0 0.106 0.21 0.409 0.757 0.792 11.158 7 16.495 90.027 0 0.033
97250 10 18 10 0 0.106 0.21 0.409 0.757 0.792 21.342 5 26.777 101.067 0 0.113
97250 1 18 10 0 0.107 0.16 0.074 0.895 0.516 20.699 34 27.552 182.42 0 0
97250 2 18 10 0 0.107 0.16 0.074 0.895 0.516 19.665 16 26.104 150.02 0 0
97250 3 18 10 0 0.107 0.16 0.074 0.895 0.516 24.003 19 27.774 145.347 0 0
97250 4 18 10 0 0.107 0.16 0.074 0.895 0.516 19.999 32 28.467 169.867 0 0
97250 5 18 10 0 0.107 0.16 0.074 0.895 0.516 11.886 13 17.905 142.547 0 0
97250 6 18 10 0 0.107 0.16 0.074 0.895 0.516 18.105 50 26.294 166.353 0 0
97250 7 18 10 0 0.107 0.16 0.074 0.895 0.516 17.893 25 22.868 176.493 0 0
97250 8 18 10 0 0.107 0.16 0.074 0.895 0.516 12.271 20 15.823 113.3 0 0
97250 9 18 10 0 0.107 0.16 0.074 0.895 0.516 10.988 10 19.202 107.007 0 0
97250 10 18 10 0 0.107 0.16 0.074 0.895 0.516 14.082 19 21.475 138.553 0 0
97250 1 18 10 0 0.021 0.249 0.326 0.773 0.397 7.136 9 14.527 121.3 0 0.013
97250 2 18 10 0 0.021 0.249 0.326 0.773 0.397 13.42 8 17.718 114.347 0 0.013
97250 3 18 10 0 0.021 0.249 0.326 0.773 0.397 3.074 11 9.107 97.1 0.067 0
97250 4 18 10 0 0.021 0.249 0.326 0.773 0.397 16.758 16 23.099 128.633 0 0
97250 5 18 10 0 0.021 0.249 0.326 0.773 0.397 2.476 17 6.699 92.573 0.24 0
97250 6 18 10 0 0.021 0.249 0.326 0.773 0.397 7.501 6 12.647 103.02 0 0.067
97250 7 18 10 0 0.021 0.249 0.326 0.773 0.397 7.903 18 11.545 99.153 0 0
97250 8 18 10 0 0.021 0.249 0.326 0.773 0.397 5.513 7 10.781 90.98 0 0.013
97250 9 18 10 0 0.021 0.249 0.326 0.773 0.397 9.834 12 13.413 123.347 0 0
97250 10 18 10 0 0.021 0.249 0.326 0.773 0.397 12.66 10 16.711 119.727 0 0
97250 1 18 10 0 0.055 0.002 0.067 0.797 0.598 13.767 1 19.756 95.947 0 0.127
97250 2 18 10 0 0.055 0.002 0.067 0.797 0.598 15.042 16 19.017 95.193 0 0
97250 3 18 10 0 0.055 0.002 0.067 0.797 0.598 20.265 6 24.546 88.513 0 0.073
97250 4 18 10 0 0.055 0.002 0.067 0.797 0.598 16.43 6 22.178 89.273 0 0.067
97250 5 18 10 0 0.055 0.002 0.067 0.797 0.598 17.242 13 21.951 111.733 0 0
97250 6 18 10 0 0.055 0.002 0.067 0.797 0.598 11.081 9 15.412 93.513 0 0.007
97250 7 18 10 0 0.055 0.002 0.067 0.797 0.598 9.65 11 13.408 88.573 0 0
97250 8 18 10 0 0.055 0.002 0.067 0.797 0.598 9.666 8 16.219 107.147 0 0.047
97250 9 18 10 0 0.055 0.002 0.067 0.797 0.598 18.652 7 22.27 95.133 0 0.027
97250 10 18 10 0 0.055 0.002 0.067 0.797 0.598 0.1 2 1.492 13.527 1 0.613
97250 1 18 10 0 0.047 0.213 0.37 0.912 0.46 1.591 10 6.535 72.367 0.307 0
97250 2 18 10 0 0.047 0.213 0.37 0.912 0.46 7.969 16 13.368 105.447 0 0
97250 3 18 10 0 0.047 0.213 0.37 0.912 0.46 3.658 11 7.553 81.927 0.08 0
97250 4 18 10 0 0.047 0.213 0.37 0.912 0.46 0 0 0 0 1 1
97250 5 18 10 0 0.047 0.213 0.37 0.912 0.46 6.648 17 11.583 99.967 0 0
97250 6 18 10 0 0.047 0.213 0.37 0.912 0.46 6.498 10 11.693 95.013 0 0
97250 7 18 10 0 0.047 0.213 0.37 0.912 0.46 7.852 9 12.104 85.253 0 0.007
97250 8 18 10 0 0.047 0.213 0.37 0.912 0.46 5.23 11 9.037 69.16 0 0
97250 9 18 10 0 0.047 0.213 0.37 0.912 0.46 4.781 15 8.713 88.507 0.08 0
97250 10 18 10 0 0.047 0.213 0.37 0.912 0.46 12.27 10 17.049 114.907 0 0
97250 1 18 10 0 0.007 0.099 0.156 0.862 0.228 225.371 18 235.691 1056.133 0 0
97250 2 18 10 0 0.007 0.099 0.156 0.862 0.228 206.508 23 229.852 908.573 0 0
97250 3 18 10 0 0.007 0.099 0.156 0.862 0.228 202.179 25 215.692 885.833 0 0
97250 4 18 10 0 0.007 0.099 0.156 0.862 0.228 200.624 14 215.516 933.567 0 0
97250 5 18 10 0 0.007 0.099 0.156 0.862 0.228 217.264 19 229.312 1007.54 0 0
97250 6 18 10 0 0.007 0.099 0.156 0.862 0.228 213.204 25 227.073 978.033 0 0
97250 7 18 10 0 0.007 0.099 0.156 0.862 0.228 220.434 29 232.403 1057.04 0 0
97250 8 18 10 0 0.007 0.099 0.156 0.862 0.228 182.706 28 195.385 798.44 0 0
97250 9 18 10 0 0.007 0.099 0.156 0.862 0.228 218.254 19 228.806 949.933 0 0
97250 10 18 10 0 0.007 0.099 0.156 0.862 0.228 202.04 22 214.734 1004.42 0 0
97250 1 18 10 0 0.112 0.363 0.012 0.806 0.387 234.855 961 241.722 1652.427 0 0
97250 2 18 10 0 0.112 0.363 0.012 0.806 0.387 140.355 341 153.326 745.607 0 0
97250 3 18 10 0 0.112 0.363 0.012 0.806 0.387 234.559 780 243.753 1823.947 0 0
97250 4 18 10 0 0.112 0.363 0.012 0.806 0.387 3.108 2 19.919 30.153 0.113 0.56
97250 5 18 10 0 0.112 0.363 0.012 0.806 0.387 223.211 568 238.059 1468.387 0 0
97250 6 18 10 0 0.112 0.363 0.012 0.806 0.387 239.083 1199 245.475 2070.1 0 0
97250 7 18 10 0 0.112 0.363 0.012 0.806 0.387 0.413 7 19.733 79.273 0.287 0.06
97250 8 18 10 0 0.112 0.363 0.012 0.806 0.387 223.144 534 230.011 1274.087 0 0
97250 9 18 10 0 0.112 0.363 0.012 0.806 0.387 214.269 520 228.081 1138.973 0 0
97250 10 18 10 0 0.112 0.363 0.012 0.806 0.387 54.423 86 96.748 358.32 0 0
97250 1 18 10 0 0.049 0.349 0.377 0.878 0.703 17.659 8 22.134 92.3 0 0.02
97250 2 18 10 0 0.049 0.349 0.377 0.878 0.703 7.343 13 12.956 96.273 0 0
97250 3 18 10 0 0.049 0.349 0.377 0.878 0.703 6.861 16 11.997 81.013 0 0
97250 4 18 10 0 0.049 0.349 0.377 0.878 0.703 22.829 4 28.058 90.013 0 0.027
97250 5 18 10 0 0.049 0.349 0.377 0.878 0.703 15.477 10 19.494 86.22 0 0
97250 6 18 10 0 0.049 0.349 0.377 0.878 0.703 13.775 11 18.322 101.587 0 0
97250 7 18 10 0 0.049 0.349 0.377 0.878 0.703 10.223 10 13.955 91.087 0 0
97250 8 18 10 0 0.049 0.349 0.377 0.878 0.703 12.366 9 16.752 100.987 0 0.007
97250 9 18 10 0 0.049 0.349 0.377 0.878 0.703 9.229 10 15.512 94.72 0 0
97250 10 18 10 0 0.049 0.349 0.377 0.878 0.703 9.093 13 13.211 83.367 0 0
97250 1 18 10 0 0.06 0.128 0.48 0.768 0.669 6.275 15 10.087 82.987 0 0
97250 2 18 10 0 0.06 0.128 0.48 0.768 0.669 9.659 13 13.097 89.66 0 0
97250 3 18 10 0 0.06 0.128 0.48 0.768 0.669 9.914 10 16.024 93.233 0 0
97250 4 18 10 0 0.06 0.128 0.48 0.768 0.669 14.383 12 17.993 92.507 0 0
97250 5 18 10 0 0.06 0.128 0.48 0.768 0.669 16.295 11 20.501 101.38 0 0
97250 6 18 10 0 0.06 0.128 0.48 0.768 0.669 13.278 7 17.128 82.387 0 0.02
97250 7 18 10 0 0.06 0.128 0.48 0.768 0.669 11.587 14 18.061 121.407 0 0
97250 8 18 10 0 0.06 0.128 0.48 0.768 0.669 12.149 9 18.542 93.547 0 0.007
97250 9 18 10 0 0.06 0.128 0.48 0.768 0.669 19.359 11 22.66 87.16 0 0
97250 10 18 10 0 0.06 0.128 0.48 0.768 0.669 13.255 10 17.235 85.933 0 0
97250 1 18 10 0 0.08 0.279 0.138 0.923 0.238 240.139 1086 247.39 2829.36 0 0
97250 2 18 10 0 0.08 0.279 0.138 0.923 0.238 242.342 1236 247.534 2668.9 0 0
97250 3 18 10 0 0.08 0.279 0.138 0.923 0.238 240.065 1586 246.243 2604.833 0 0
97250 4 18 10 0 0.08 0.279 0.138 0.923 0.238 244.067 1704 247.729 2918.573 0 0
97250 5 18 10 0 0.08 0.279 0.138 0.923 0.238 241.334 1574 247.416 2731.747 0 0
97250 1 18 10 1 0.004 0.38 0.499 0.984 0.279 1.641 32 4.715 87.7 0.527 0
97250 2 18 10 1 0.004 0.38 0.499 0.984 0.279 4.841 30 10.087 108.947 0.02 0
97250 3 18 10 1 0.004 0.38 0.499 0.984 0.279 0.647 8 2.081 32.753 1 0.04
97250 4 18 10 1 0.004 0.38 0.499 0.984 0.279 5.103 29 9.136 100.88 0 0
97250 5 18 10 1 0.004 0.38 0.499 0.984 0.279 14.664 16 18.358 114.247 0 0
97250 6 18 10 1 0.004 0.38 0.499 0.984 0.279 7.112 52 11.632 128.947 0 0
97250 7 18 10 1 0.004 0.38 0.499 0.984 0.279 7.226 12 12.814 121.887 0 0
97250 8 18 10 1 0.004 0.38 0.499 0.984 0.279 7.02 23 10.802 118.66 0 0
97250 9 18 10 1 0.004 0.38 0.499 0.984 0.279 5.09 23 10.196 119.633 0 0
97250 10 18 10 1 0.004 0.38 0.499 0.984 0.279 6.465 31 10.75 113.64 0 0
97250 1 18 10 1 0.076 0.199 0.375 0.804 0.667 13.654 8 20.294 96.527 0 0.027
97250 2 18 10 1 0.076 0.199 0.375 0.804 0.667 14.675 7 20.85 96.98 0 0.073
97250 3 18 10 1 0.076 0.199 0.375 0.804 0.667 7.037 7 11.893 94.807 0 0.04
97250 4 18 10 1 0.076 0.199 0.375 0.804 0.667 8.873 12 12.872 77.933 0 0
97250 5 18 10 1 0.076 0.199 0.375 0.804 0.667 13.698 8 18.076 95.713 0 0.027
97250 6 18 10 1 0.076 0.199 0.375 0.804 0.667 11.97 10 15.455 88.753 0 0
97250 7 18 10 1 0.076 0.199 0.375 0.804 0.667 10.711 10 16.257 107.273 0 0
97250 8 18 10 1 0.076 0.199 0.375 0.804 0.667 12.54 11 16.634 91.453 0 0
97250 9 18 10 1 0.076 0.199 0.375 0.804 0.667 16.233 7 19.938 82.053 0 0.033
97250 10 18 10 1 0.076 0.199 0.375 0.804 0.667 8.974 9 14.848 63.36 0 0.007
97250 1 18 10 1 0.043 0.115 0.205 0.846 0.554 5.18 6 9.634 95.647 0 0.047
97250 2 18 10 1 0.043 0.115 0.205 0.846 0.554 9.38 14 14.545 112.513 0 0
97250 3 18 10 1 0.043 0.115 0.205 0.846 0.554 3.633 13 8.163 92.407 0.16 0
97250 4 18 10 1 0.043 0.115 0.205 0.846 0.554 10.588 11 16.042 123.453 0 0
97250 5 18 10 1 0.043 0.115 0.205 0.846 0.554 7.604 5 13.186 111.927 0 0.013
97250 6 18 10 1 0.043 0.115 0.205 0.846 0.554 11.441 8 17.855 110.6 0 0.027
97250 7 18 10 1 0.043 0.115 0.205 0.846 0.554 4.595 9 9.373 98.853 0.027 0.013
97250 8 18 10 1 0.043 0.115 0.205 0.846 0.554 5.632 15 11.3 103.073 0 0
97250 9 18 10 1 0.043 0.115 0.205 0.846 0.554 8.224 10 13.265 114.187 0 0
97250 10 18 10 1 0.043 0.115 0.205 0.846 0.554 5.463 10 9.849 93.367 0 0
97250 1 18 10 1 0.066 0.398 0.012 0.942 0.878 0 0 0 0 1 1
97250 2 18 10 1 0.066 0.398 0.012 0.942 0.878 0 0 0 0 1 1
97250 3 18 10 1 0.066 0.398 0.012 0.942 0.878 0 0 0 0 1 1
97250 4 18 10 1 0.066 0.398 0.012 0.942 0.878 0 0 0 0 1 1
97250 5 18 10 1 0.066 0.398 0.012 0.942 0.878 0 0 0 0 1 1
97250 6 18 10 1 0.066 0.398 0.012 0.942 0.878 0 0 0 0 1 1
97250 7 18 10 1 0.066 0.398 0.012 0.942 0.878 0 0 0 0 1 1
97250 8 18 10 1 0.066 0.398 0.012 0.942 0.878 0 0 0 0 1 1
97250 9 18 10 1 0.066 0.398 0.012 0.942 0.878 0 0 0 0 1 1
97250 10 18 10 1 0.066 0.398 0.012 0.942 0.878 0 0 0 0 1 1
97250 1 18 10 1 0.027 0.385 0.49 0.851 0.348 13.15 19 18.357 124.873 0 0
97250 2 18 10 1 0.027 0.385 0.49 0.851 0.348 7.92 29 10.664 116 0 0
97250 3 18 10 1 0.027 0.385 0.49 0.851 0.348 8.516 18 14.347 110.307 0 0
97250 4 18 10 1 0.027 0.385 0.49 0.851 0.348 8.458 13 13.431 130.933 0 0
97250 5 18 10 1 0.027 0.385 0.49 0.851 0.348 8.662 16 11.94 106.573 0 0
97250 6 18 10 1 0.027 0.385 0.49 0.851 0.348 15.524 12 20.543 150.467 0 0
97250 7 18 10 1 0.027 0.385 0.49 0.851 0.348 6.448 14 11.451 117.347 0 0
97250 8 18 10 1 0.027 0.385 0.49 0.851 0.348 14.675 10 20.129 144.747 0 0
97250 9 18 10 1 0.027 0.385 0.49 0.851 0.348 10.119 32 14.556 124.947 0 0
97250 10 18 10 1 0.027 0.385 0.49 0.851 0.348 18.035 14 24.125 138.653 0 0
97250 1 18 10 1 0.085 0.2 0.256 0.857 0.771 19.181 7 24.172 90.513 0 0.053
97250 2 18 10 1 0.085 0.2 0.256 0.857 0.771 13.129 11 19.839 114.287 0 0
97250 3 18 10 1 0.085 0.2 0.256 0.857 0.771 9.953 10 13.63 75.76 0 0
97250 4 18 10 1 0.085 0.2 0.256 0.857 0.771 14.741 9 20.991 90.353 0 0.027
97250 5 18 10 1 0.085 0.2 0.256 0.857 0.771 11.775 11 15.401 86.447 0 0
97250 6 18 10 1 0.085 0.2 0.256 0.857 0.771 10.148 7 16.534 94.68 0 0.027
97250 7 18 10 1 0.085 0.2 0.256 0.857 0.771 15.837 11 20.208 106.86 0 0
97250 8 18 10 1 0.085 0.2 0.256 0.857 0.771 12.235 5 17.997 91.713 0 0.053
97250 9 18 10 1 0.085 0.2 0.256 0.857 0.771 16.55 5 22.269 93.94 0 0.14
97250 10 18 10 1 0.085 0.2 0.256 0.857 0.771 3.164 7 6.893 72.973 0.24 0.02
97250 1 18 10 1 0.029 0.307 0.187 0.771 0.106 243.367 1936 248.141 2769.68 0 0
97250 2 18 10 1 0.029 0.307 0.187 0.771 0.106 243.755 1934 248.018 2862.44 0 0
97250 3 18 10 1 0.029 0.307 0.187 0.771 0.106 241.289 1915 247.902 2709.373 0 0
97250 4 18 10 1 0.029 0.307 0.187 0.771 0.106 245.924 2192 248.263 2725.6 0 0
97250 5 18 10 1 0.029 0.307 0.187 0.771 0.106 244.759 2206 248.137 2675.8 0 0
97250 6 18 10 1 0.029 0.307 0.187 0.771 0.106 245.583 2313 248.496 2944 0 0
97250 7 18 10 1 0.029 0.307 0.187 0.771 0.106 243.442 1838 247.987 2609.3 0 0
97250 8 18 10 1 0.029 0.307 0.187 0.771 0.106 244.885 1729 248.169 2561.66 0 0
97250 9 18 10 1 0.029 0.307 0.187 0.771 0.106 244.362 2213 248.468 2874.127 0 0
97250 10 18 10 1 0.029 0.307 0.187 0.771 0.106 245.494 2443 248.774 3045.14 0 0
97250 1 18 10 1 0.114 0.111 0.222 0.833 0.005 248.582 6368 249.888 7595.62 0 0
97250 1 17 6 0 0.074 0.303 0.464 0.92 0.265 25.273 16 31.092 163.673 0 0
97250 2 17 6 0 0.074 0.303 0.464 0.92 0.265 24.124 18 28.241 153 0 0
97250 3 17 6 0 0.074 0.303 0.464 0.92 0.265 23.473 21 30.511 183.933 0 0
97250 4 17 6 0 0.074 0.303 0.464 0.92 0.265 22.892 20 29.14 176.187 0 0
97250 5 17 6 0 0.074 0.303 0.464 0.92 0.265 12.716 18 19.363 162.933 0 0
97250 6 17 6 0 0.074 0.303 0.464 0.92 0.265 18.532 17 28.285 163.753 0 0
97250 7 17 6 0 0.074 0.303 0.464 0.92 0.265 17.066 26 20.882 152.247 0 0
97250 8 17 6 0 0.074 0.303 0.464 0.92 0.265 22.94 27 28.466 171.127 0 0
97250 9 17 6 0 0.074 0.303 0.464 0.92 0.265 25.74 36 31.914 181.6 0 0
97250 10 17 6 0 0.074 0.303 0.464 0.92 0.265 23.569 35 28.699 171.42 0 0
97250 1 17 6 0 0.048 0.136 0.172 0.829 0.256 141.446 81 155.026 761.547 0 0
97250 2 17 6 0 0.048 0.136 0.172 0.829 0.256 187.366 191 195.39 913.367 0 0
97250 3 17 6 0 0.048 0.136 0.172 0.829 0.256 172.037 130 180.997 858.093 0 0
97250 4 17 6 0 0.048 0.136 0.172 0.829 0.256 170.628 33 186.258 834.447 0 0
97250 5 17 6 0 0.048 0.136 0.172 0.829 0.256 151.755 243 162.734 760.533 0 0
97250 6 17 6 0 0.048 0.136 0.172 0.829 0.256 148.356 187 168.945 772.553 0 0
97250 7 17 6 0 0.048 0.136 0.172 0.829 0.256 213.581 199 221.83 921.38 0 0
97250 8 17 6 0 0.048 0.136 0.172 0.829 0.256 144.474 142 160.554 705.647 0 0
97250 9 17 6 0 0.048 0.136 0.172 0.829 0.256 181.99 163 189.417 968.233 0 0
97250 10 17 6 0 0.048 0.136 0.172 0.829 0.256 180.45 27 190.439 879.673 0 0
97250 1 17 6 0 0.039 0.355 0.227 0.75 0.236 235.561 615 241.714 1552.46 0 0
97250 2 17 6 0 0.039 0.355 0.227 0.75 0.236 229.433 33 242.669 1608.66 0 0
97250 3 17 6 0 0.039 0.355 0.227 0.75 0.236 220.352 496 237.47 1694.913 0 0
97250 4 17 6 0 0.039 0.355 0.227 0.75 0.236 223.14 214 232.354 1590.467 0 0
97250 5 17 6 0 0.039 0.355 0.227 0.75 0.236 236.19 517 244.329 1853.627 0 0
97250 6 17 6 0 0.039 0.355 0.227 0.75 0.236 228.16 37 238.404 1495.18 0 0
97250 7 17 6 0 0.039 0.355 0.227 0.75 0.236 230.205 32 239.722 1547.687 0 0
97250 8 17 6 0 0.039 0.355 0.227 0.75 0.236 232.449 345 241.758 1475.7 0 0
97250 9 17 6 0 0.039 0.355 0.227 0.75 0.236 233.147 190 240.929 1582.047 0 0
97250 10 17 6 0 0.039 0.355 0.227 0.75 0.236 236.445 128 243.45 1732.887 0 0
97250 1 17 6 0 0.099 0.118 0.249 0.913 0.61 12.857 13 19.277 106.08 0 0
97250 2 17 6 0 0.099 0.118 0.249 0.913 0.61 11.44 13 18.649 109.213 0 0
97250 3 17 6 0 0.099 0.118 0.249 0.913 0.61 13.099 16 20.834 115.893 0 0
97250 4 17 6 0 0.099 0.118 0.249 0.913 0.61 8.137 9 13.251 78.32 0 0.007
97250 5 17 6 0 0.099 0.118 0.249 0.913 0.61 14.785 27 17.579 120.667 0 0
97250 6 17 6 0 0.099 0.118 0.249 0.913 0.61 8.286 10 13.585 108.027 0 0
97250 7 17 6 0 0.099 0.118 0.249 0.913 0.61 8.528 6 12.668 85.873 0 0.033
97250 8 17 6 0 0.099 0.118 0.249 0.913 0.61 9.474 12 15.679 107.933 0 0
97250 9 17 6 0 0.099 0.118 0.249 0.913 0.61 6.147 12 10.773 79.707 0 0
97250 10 17 6 0 0.099 0.118 0.249 0.913 0.61 5.838 18 10.411 80.027 0 0
97250 1 17 6 0 0.015 0.287 0.427 0.881 0.722 22.913 14 26.978 105.207 0 0
97250 2 17 6 0 0.015 0.287 0.427 0.881 0.722 16.212 10 22.174 119.44 0 0
97250 3 17 6 0 0.015 0.287 0.427 0.881 0.722 17.753 10 21.921 104.207 0 0
97250 4 17 6 0 0.015 0.287 0.427 0.881 0.722 11.273 12 18.34 122.367 0 0
97250 5 17 6 0 0.015 0.287 0.427 0.881 0.722 0 0 0 0 1 1
97250 6 17 6 0 0.015 0.287 0.427 0.881 0.722 20.303 23 25.958 106.113 0 0
97250 7 17 6 0 0.015 0.287 0.427 0.881 0.722 12.178 11 20.849 112.627 0 0
97250 8 17 6 0 0.015 0.287 0.427 0.881 0.722 16.834 21 21.257 101.513 0 0
97250 9 17 6 0 0.015 0.287 0.427 0.881 0.722 13.337 13 19.275 118.6 0 0
97250 10 17 6 0 0.015 0.287 0.427 0.881 0.722 8.663 14 12.044 95.853 0 0
97250 1 17 6 0 0.075 0.164 0.415 0.93 0.397 6.406 21 11.31 100.433 0 0
97250 2 17 6 0 0.075 0.164 0.415 0.93 0.397 3.857 9 7.104 76.72 0.113 0.007
97250 3 17 6 0 0.075 0.164 0.415 0.93 0.397 7.951 8 12.192 96.773 0 0.02
97250 4 17 6 0 0.075 0.164 0.415 0.93 0.397 9.33 12 16.166 112.92 0 0
97250 5 17 6 0 0.075 0.164 0.415 0.93 0.397 5.631 14 8.324 85.14 0 0
97250 6 17 6 0 0.075 0.164 0.415 0.93 0.397 10.955 17 16.251 116.687 0 0
97250 7 17 6 0 0.075 0.164 0.415 0.93 0.397 11.185 16 16.265 115.913 0 0
97250 8 17 6 0 0.075 0.164 0.415 0.93 0.397 5.856 15 10.08 92.2 0 0
97250 9 17 6 0 0.075 0.164 0.415 0.93 0.397 7.191 11 14.481 110.393 0 0
97250 10 17 6 0 0.075 0.164 0.415 0.93 0.397 9.059 29 12.794 111.853 0 0
97250 1 17 6 0 0.105 0.24 0.096 0.767 0.47 25.583 37 35.867 225.36 0 0
97250 1 15 9 0 0.105 0.117 0.493 0.766 0.343 7.041 7 10.849 81.7 0 0.02
97250 2 15 9 0 0.105 0.117 0.493 0.766 0.343 3.264 6 6.283 77.713 0.247 0.033
97250 3 15 9 0 0.105 0.117 0.493 0.766 0.343 6.454 22 10.531 85.213 0 0
97250 4 15 9 0 0.105 0.117 0.493 0.766 0.343 4.676 9 8.031 81.707 0.02 0.033
97250 5 15 9 0 0.105 0.117 0.493 0.766 0.343 2.518 23 6.176 75.813 0.367 0
97250 6 15 9 0 0.105 0.117 0.493 0.766 0.343 1.044 11 5.114 55.507 0.467 0
97250 7 15 9 0 0.105 0.117 0.493 0.766 0.343 4.694 8 9.365 74.067 0.02 0.02
97250 8 15 9 0 0.105 0.117 0.493 0.766 0.343 0 0 0 0 1 1
97250 9 15 9 0 0.105 0.117 0.493 0.766 0.343 6.066 16 11.152 93.893 0 0
97250 10 15 9 0 0.105 0.117 0.493 0.766 0.343 2.269 13 8.176 73.62 0.227 0
97250 1 15 9 0 0.063 0.488 0.089 0.85 0.051 248.204 4733 249.78 5723.193 0 0
97250 2 15 9 0 0.063 0.488 0.089 0.85 0.051 247.993 5411 249.898 6389.467 0 0
97250 3 15 9 0 0.063 0.488 0.089 0.85 0.051 248.807 5602 249.893 6428.987 0 0
97250 4 15 9 0 0.063 0.488 0.089 0.85 0.051 248.801 5434 249.897 6720.34 0 0
97250 5 15 9 0 0.063 0.488 0.089 0.85 0.051 248.437 4920 249.813 5977.573 0 0
97250 6 15 9 0 0.063 0.488 0.089 0.85 0.051 248.722 5261 249.854 6170.467 0 0
97250 7 15 9 0 0.063 0.488 0.089 0.85 0.051 248.645 5909 249.829 6723.507 0 0
97250 8 15 9 0 0.063 0.488 0.089 0.85 0.051 249.124 5598 249.9 6821.007 0 0
97250 9 15 9 0 0.063 0.488 0.089 0.85 0.051 249.244 4617 249.866 5785.747 0 0
97250 10 15 9 0 0.063 0.488 0.089 0.85 0.051 248.225 4577 249.834 5760.733 0 0
97250 1 15 9 0 0.074 0.089 0.418 0.944 0.26 2.349 9 5.27 63.207 0.373 0.013
97250 2 15 9 0 0.074 0.089 0.418 0.944 0.26 2.731 8 6.107 67.36 0.3 0.047
97250 3 15 9 0 0.074 0.089 0.418 0.944 0.26 0 5 0.738 17.427 1 0.433
97250 4 15 9 0 0.074 0.089 0.418 0.944 0.26 4.537 12 9.421 89.66 0.033 0
97250 5 15 9 0 0.074 0.089 0.418 0.944 0.26 3.629 9 8.241 68.573 0.127 0.013
97250 6 15 9 0 0.074 0.089 0.418 0.944 0.26 3.403 10 7.795 76.96 0.127 0
97250 7 15 9 0 0.074 0.089 0.418 0.944 0.26 0 0 0 0 1 1
97250 8 15 9 0 0.074 0.089 0.418 0.944 0.26 13.092 9 17.849 96.133 0 0.007
97250 9 15 9 0 0.074 0.089 0.418 0.944 0.26 2.332 17 7.904 83.487 0.213 0
97250 10 15 9 0 0.074 0.089 0.418 0.944 0.26 3.873 9 6.803 70.42 0.08 0.007
97250 1 15 9 0 0.079 0.014 0.196 0.978 0.662 0 0 0 0 1 1
97250 2 15 9 0 0.079 0.014 0.196 0.978 0.662 6.865 2 10.716 66.4 0 0.027
97250 3 15 9 0 0.079 0.014 0.196 0.978 0.662 2.082 10 5.225 52.653 0.56 0
97250 4 15 9 0 0.079 0.014 0.196 0.978 0.662 12.526 9 20.52 107.007 0 0.007
97250 5 15 9 0 0.079 0.014 0.196 0.978 0.662 13.199 7 19.062 87.2 0 0.06
97250 6 15 9 0 0.079 0.014 0.196 0.978 0.662 9.768 10 12.949 78.14 0 0
97250 7 15 9 0 0.079 0.014 0.196 0.978 0.662 5.95 11 8.568 75.727 0 0
97250 8 15 9 0 0.079 0.014 0.196 0.978 0.662 10.247 11 13.874 89.107 0 0
97250 9 15 9 0 0.079 0.014 0.196 0.978 0.662 0.143 1 2.924 7.647 0.813 0.773
97250 10 15 9 0 0.079 0.014 0.196 0.978 0.662 9.414 9 12.879 75.307 0 0.013
97250 1 15 9 0 0.111 0.121 0.423 0.879 0.687 6.556 17 10.941 92.88 0 0
97250 2 15 9 0 0.111 0.121 0.423 0.879 0.687 11.414 18 17.895 79.073 0 0
97250 3 15 9 0 0.111 0.121 0.423 0.879 0.687 16.303 7 19.208 75.353 0 0.013
97250 4 15 9 0 0.111 0.121 0.423 0.879 0.687 14.256 12 19.212 86.04 0 0
97250 5 15 9 0 0.111 0.121 0.423 0.879 0.687 2.77 11 6.307 67.787 0.307 0
97250 6 15 9 0 0.111 0.121 0.423 0.879 0.687 0 0 0 0 1 1
97250 7 15 9 0 0.111 0.121 0.423 0.879 0.687 17.042 7 22.01 87.42 0 0.06
97250 8 15 9 0 0.111 0.121 0.423 0.879 0.687 0 2 1.319 18.233 0.967 0.507
97250 9 15 9 0 0.111 0.121 0.423 0.879 0.687 9.13 23 11.895 90.893 0 0
97250 10 15 9 0 0.111 0.121 0.423 0.879 0.687 12.527 9 15.24 75.627 0 0.007
97250 1 15 9 0 0.112 0.326 0.396 0.905 0.827 17.14 18 21.143 78.593 0 0
97250 2 15 9 0 0.112 0.326 0.396 0.905 0.827 2.562 15 4.692 66.233 0.707 0
97250 3 15 9 0 0.112 0.326 0.396 0.905 0.827 14.183 14 19.841 89.7 0 0
97250 1 18 5 0 0.115 0.252 0.272 0.853 0.471 12.789 22 18.961 140.56 0 0
97250 2 18 5 0 0.115 0.252 0.272 0.853 0.471 6.863 21 10.75 117.04 0 0
97250 3 18 5 0 0.115 0.252 0.272 0.853 0.471 19.83 18 23.689 155.667 0 0
97250 4 18 5 0 0.115 0.252 0.272 0.853 0.471 9.873 40 16.053 121.24 0 0
97250 5 18 5 0 0.115 0.252 0.272 0.853 0.471 13.179 18 19.197 148.313 0 0
97250 6 18 5 0 0.115 0.252 0.272 0.853 0.471 13.647 39 17.333 145.5 0 0
97250 7 18 5 0 0.115 0.252 0.272 0.853 0.471 10.698 63 15.363 137.873 0 0
97250 8 18 5 0 0.115 0.252 0.272 0.853 0.471 13.994 19 18.833 132.267 0 0
97250 9 18 5 0 0.115 0.252 0.272 0.853 0.471 8.01 29 11.415 90.187 0 0
97250 10 18 5 0 0.115 0.252 0.272 0.853 0.471 7.024 17 10.831 117.94 0 0
97250 1 18 5 0 0.085 0.106 0.16 0.983 0.652 13.394 9 21.925 127.073 0 0.013
97250 2 18 5 0 0.085 0.106 0.16 0.983 0.652 14.142 14 19.72 126.62 0 0
97250 3 18 5 0 0.085 0.106 0.16 0.983 0.652 3.215 18 6.256 77.693 0.253 0
97250 4 18 5 0 0.085 0.106 0.16 0.983 0.652 8.111 24 11.352 110 0 0
97250 5 18 5 0 0.085 0.106 0.16 0.983 0.652 14.092 18 17.564 107.42 0 0
97250 6 18 5 0 0.085 0.106 0.16 0.983 0.652 15.742 13 25.134 116.9 0 0
97250 7 18 5 0 0.085 0.106 0.16 0.983 0.652 10.807 15 16.562 122.913 0 0
97250 8 18 5 0 0.085 0.106 0.16 0.983 0.652 8.746 15 13.73 98.567 0 0
97250 9 18 5 0 0.085 0.106 0.16 0.983 0.652 16.152 8 21.496 118.767 0 0.02
97250 10 18 5 0 0.085 0.106 0.16 0.983 0.652 15.668 20 20.864 115.067 0 0
97250 1 18 5 0 0.067 0.309 0.346 0.907 0.482 5.431 16 11.699 116.68 0 0
97250 2 18 5 0 0.067 0.309 0.346 0.907 0.482 5.896 8 12.768 104.08 0 0.02
97250 3 18 5 0 0.067 0.309 0.346 0.907 0.482 9.429 26 13.608 124.327 0 0
97250 4 18 5 0 0.067 0.309 0.346 0.907 0.482 3.513 23 6.534 94.86 0.18 0
97250 5 18 5 0 0.067 0.309 0.346 0.907 0.482 5.813 11 11.136 112.413 0 0
97250 6 18 5 0 0.067 0.309 0.346 0.907 0.482 4.889 18 9.514 102.987 0.007 0
97250 7 18 5 0 0.067 0.309 0.346 0.907 0.482 4.599 24 10.491 114.587 0.007 0
97250 8 18 5 0 0.067 0.309 0.346 0.907 0.482 8.958 17 18.093 122.573 0 0
97250 9 18 5 0 0.067 0.309 0.346 0.907 0.482 5.079 24 8.96 104.853 0 0
97250 10 18 5 0 0.067 0.309 0.346 0.907 0.482 3.654 33 6.377 92.347 0.227 0
97250 1 18 5 0 0.052 0.26 0.385 0.86 0.929 12.693 17 19.867 125.713 0 0
97250 2 18 5 0 0.052 0.26 0.385 0.86 0.929 18.311 11 24.894 104.547 0 0
97250 3 18 5 0 0.052 0.26 0.385 0.86 0.929 26.557 15 35.114 138.133 0 0
97250 4 18 5 0 0.052 0.26 0.385 0.86 0.929 22.8 14 28.546 147.733 0 0
97250 5 18 5 0 0.052 0.26 0.385 0.86 0.929 16.148 16 21.213 120.213 0 0
97250 6 18 5 0 0.052 0.26 0.385 0.86 0.929 20.146 16 23.52 101.373 0 0
97250 7 18 5 0 0.052 0.26 0.385 0.86 0.929 15.623 11 21.581 105.753 0 0
97250 8 18 5 0 0.052 0.26 0.385 0.86 0.929 19.658 14 26.239 119.333 0 0
97250 9 18 5 0 0.052 0.26 0.385 0.86 0.929 15.365 12 21.584 124.313 0 0
97250 10 18 5 0 0.052 0.26 0.385 0.86 0.929 20.127 15 26.356 117.007 0 0
97250 1 18 5 0 0.107 0.29 0.093 0.869 0.57 13.118 34 21.466 174.333 0 0
97250 2 18 5 0 0.107 0.29 0.093 0.869 0.57 17.986 25 21.713 165.513 0 0
97250 3 18 5 0 0.107 0.29 0.093 0.869 0.57 0 0 1.879 0.573 1 1
97250 4 18 5 0 0.107 0.29 0.093 0.869 0.57 8.281 40 14.163 125.72 0 0
97250 5 18 5 0 0.107 0.29 0.093 0.869 0.57 5.75 60 13.411 144.42 0 0
97250 6 18 5 0 0.107 0.29 0.093 0.869 0.57 16.406 59 21.255 170.26 0 0
97250 7 18 5 0 0.107 0.29 0.093 0.869 0.57 12.632 51 18.898 159.58 0 0
97250 8 18 5 0 0.107 0.29 0.093 0.869 0.57 0 0 0 0 1 1
97250 9 18 5 0 0.107 0.29 0.093 0.869 0.57 16.352 34 21.65 175.633 0 0
97250 10 18 5 0 0.107 0.29 0.093 0.869 0.57 12.572 55 18.159 183.073 0 0
97250 1 18 5 0 0.017 0.1 0.477 0.764 0.566 14.739 14 20.516 117.353 0 0
97250 2 18 5 0 0.017 0.1 0.477 0.764 0.566 24.697 11 28.608 133.767 0 0
97250 3 18 5 0 0.017 0.1 0.477 0.764 0.566 14.016 23 21.6 123.773 0 0
97250 4 18 5 0 0.017 0.1 0.477 0.764 0.566 22.753 13 27.713 121.54 0 0
97250 5 18 5 0 0.017 0.1 0.477 0.764 0.566 20.781 11 30.244 130.067 0 0
97250 6 18 5 0 0.017 0.1 0.477 0.764 0.566 20.447 14 26.419 130.773 0 0
97250 7 18 5 0 0.017 0.1 0.477 0.764 0.566 22.161 17 29.032 120.373 0 0
97250 8 18 5 0 0.017 0.1 0.477 0.764 0.566 21.747 12 28.096 121.573 0 0
97250 9 18 5 0 0.017 0.1 0.477 0.764 0.566 27.337 12 33.152 120.633 0 0
97250 10 18 5 0 0.017 0.1 0.477 0.764 0.566 19.517 12 26.839 136.9 0 0
97250 1 18 5 0 0.102 0.458 0.004 0.988 0.463 0 0 0 0 1 1
97250 2 18 5 0 0.102 0.458 0.004 0.988 0.463 0 0 0 0 1 1
97250 3 18 5 0 0.102 0.458 0.004 0.988 0.463 0 0 0 0 1 1
97250 4 18 5 0 0.102 0.458 0.004 0.988 0.463 0 0 0 0 1 1
97250 5 18 5 0 0.102 0.458 0.004 0.988 0.463 0 0 0 0 1 1
97250 6 18 5 0 0.102 0.458 0.004 0.988 0.463 0 0 0 0 1 1
97250 7 18 5 0 0.102 0.458 0.004 0.988 0.463 0 0 0 0 1 1
97250 1 15 5 1 0.024 0.321 0.036 0.927 0.02 249.196 7317 249.92 8424.747 0 0
97250 2 15 5 1 0.024 0.321 0.036 0.927 0.02 249.039 6311 249.925 7463.74 0 0
97250 3 15 5 1 0.024 0.321 0.036 0.927 0.02 249.384 7474 249.97 8536.233 0 0
97250 4 15 5 1 0.024 0.321 0.036 0.927 0.02 249.068 5933 249.865 6880.073 0 0
97250 5 15 5 1 0.024 0.321 0.036 0.927 0.02 249.04 6581 249.947 7736.727 0 0
97250 6 15 5 1 0.024 0.321 0.036 0.927 0.02 248.765 6410 249.894 7460.553 0 0
97250 7 15 5 1 0.024 0.321 0.036 0.927 0.02 248.994 6545 249.91 7721.733 0 0
97250 8 15 5 1 0.024 0.321 0.036 0.927 0.02 248.994 6773 249.954 7779.973 0 0
97250 9 15 5 1 0.024 0.321 0.036 0.927 0.02 249.476 5759 249.97 8250.313 0 0
97250 10 15 5 1 0.024 0.321 0.036 0.927 0.02 249.291 6782 249.924 7776.64 0 0
97250 1 15 5 1 0.017 0.118 0.154 0.881 0.171 225.834 845 237.432 1248.027 0 0
97250 2 15 5 1 0.017 0.118 0.154 0.881 0.171 219.471 743 231.212 1242.58 0 0
97250 3 15 5 1 0.017 0.118 0.154 0.881 0.171 218.243 807 237.815 1265.627 0 0
97250 4 15 5 1 0.017 0.118 0.154 0.881 0.171 217.051 915 230.837 1282.887 0 0
97250 5 15 5 1 0.017 0.118 0.154 0.881 0.171 230.05 766 235.849 1183.7 0 0
97250 6 15 5 1 0.017 0.118 0.154 0.881 0.171 230.108 826 238.447 1203.28 0 0
97250 7 15 5 1 0.017 0.118 0.154 0.881 0.171 225.156 768 231.513 1129.633 0 0
97250 8 15 5 1 0.017 0.118 0.154 0.881 0.171 226.202 726 238.104 1222.113 0 0
97250 9 15 5 1 0.017 0.118 0.154 0.881 0.171 226.128 741 233.861 1199.32 0 0
97250 10 15 5 1 0.017 0.118 0.154 0.881 0.171 230.174 875 235.689 1224.113 0 0
97250 1 15 5 1 0.085 0.037 0.149 0.763 0.893 6.36 11 9.575 89.32 0 0
97250 2 15 5 1 0.085 0.037 0.149 0.763 0.893 11.581 16 14.231 78.533 0 0
97250 3 15 5 1 0.085 0.037 0.149 0.763 0.893 12.815 13 18.833 95.473 0 0
97250 4 15 5 1 0.085 0.037 0.149 0.763 0.893 12.178 14 16.243 104.713 0 0
97250 5 15 5 1 0.085 0.037 0.149 0.763 0.893 21.622 9 28.563 122.887 0 0.013
97250 6 15 5 1 0.085 0.037 0.149 0.763 0.893 21.629 16 25.065 109.12 0 0
97250 7 15 5 1 0.085 0.037 0.149 0.763 0.893 10.38 35 14.335 100.06 0 0
97250 8 15 5 1 0.085 0.037 0.149 0.763 0.893 5.314 16 9.464 86.54 0 0
97250 9 15 5 1 0.085 0.037 0.149 0.763 0.893 8.705 13 15.664 94.513 0 0
97250 10 15 5 1 0.085 0.037 0.149 0.763 0.893 13.86 13 21.067 106.42 0 0
97250 1 15 5 1 0.051 0.187 0.496 0.88 0.351 3.732 30 6.525 90.36 0.133 0
97250 2 15 5 1 0.051 0.187 0.496 0.88 0.351 4.619 14 8.199 90.213 0.013 0
97250 3 15 5 1 0.051 0.187 0.496 0.88 0.351 7.465 12 10.23 97.487 0 0
97250 4 15 5 1 0.051 0.187 0.496 0.88 0.351 8.816 17 14.899 118.367 0 0
97250 5 15 5 1 0.051 0.187 0.496 0.88 0.351 4.341 23 8.549 93.44 0.033 0
97250 6 15 5 1 0.051 0.187 0.496 0.88 0.351 3.424 31 6.955 88.053 0.113 0
97250 7 15 5 1 0.051 0.187 0.496 0.88 0.351 8.242 16 12.995 107.867 0 0
97250 8 15 5 1 0.051 0.187 0.496 0.88 0.351 4.544 21 6.85 88.647 0.027 0
97250 9 15 5 1 0.051 0.187 0.496 0.88 0.351 7.756 22 10.808 92.96 0 0
97250 10 15 5 1 0.051 0.187 0.496 0.88 0.351 8.049 19 15.263 98.187 0 0
97250 1 15 5 1 0.012 0.094 0.028 0.788 0.564 33.626 167 41.491 287.853 0 0
97250 2 15 5 1 0.012 0.094 0.028 0.788 0.564 22.84 138 30.828 277.867 0 0
97250 3 15 5 1 0.012 0.094 0.028 0.788 0.564 36.607 133 45.014 290.327 0 0
97250 4 15 5 1 0.012 0.094 0.028 0.788 0.564 29.481 135 38.096 251.087 0 0
97250 5 15 5 1 0.012 0.094 0.028 0.788 0.564 18.126 137 28.834 238.053 0 0
97250 1 19 10 1 0.079 0.392 0.302 0.999 0.574 2.413 17 5.493 75.047 0.373 0
97250 2 19 10 1 0.079 0.392 0.302 0.999 0.574 0 0 0 0 1 1
97250 3 19 10 1 0.079 0.392 0.302 0.999 0.574 10.55 32 13.914 104.86 0 0
97250 4 19 10 1 0.079 0.392 0.302 0.999 0.574 6.296 17 10.151 76.193 0 0
97250 5 19 10 1 0.079 0.392 0.302 0.999 0.574 7.857 17 10.76 108.14 0 0
97250 6 19 10 1 0.079 0.392 0.302 0.999 0.574 0 0 0 0 1 1
97250 7 19 10 1 0.079 0.392 0.302 0.999 0.574 3.941 28 7.462 93.013 0.107 0
97250 8 19 10 1 0.079 0.392 0.302 0.999 0.574 4.896 12 8.038 88.607 0.027 0
97250 9 19 10 1 0.079 0.392 0.302 0.999 0.574 5.106 11 8.304 86.733 0 0
97250 10 19 10 1 0.079 0.392 0.302 0.999 0.574 3.793 22 7.362 87.42 0.04 0
97250 1 19 10 1 0.042 0.253 0.003 0.802 0.507 0 0 0 0 1 1
97250 2 19 10 1 0.042 0.253 0.003 0.802 0.507 0 0 0 0 1 1
97250 3 19 10 1 0.042 0.253 0.003 0.802 0.507 0 0 0 0 1 1
97250 4 19 10 1 0.042 0.253 0.003 0.802 0.507 0 0 0 0 1 1
97250 5 19 10 1 0.042 0.253 0.003 0.802 0.507 0 0 0 0 1 1
97250 6 19 10 1 0.042 0.253 0.003 0.802 0.507 0 0 0 0 1 1
97250 7 19 10 1 0.042 0.253 0.003 0.802 0.507 0 0 0 0 1 1
97250 8 19 10 1 0.042 0.253 0.003 0.802 0.507 0 0 0 0 1 1
97250 9 19 10 1 0.042 0.253 0.003 0.802 0.507 0 0 0 0 1 1
97250 10 19 10 1 0.042 0.253 0.003 0.802 0.507 0 0 0 0 1 1
97250 1 19 10 1 0.059 0.286 0.469 0.8 0.855 11.356 9 15.768 86.367 0 0.02
97250 2 19 10 1 0.059 0.286 0.469 0.8 0.855 19.915 5 30.113 110.98 0 0.067
97250 3 19 10 1 0.059 0.286 0.469 0.8 0.855 21.868 11 26.319 107.053 0 0
97250 4 19 10 1 0.059 0.286 0.469 0.8 0.855 20.265 9 25.172 126.873 0 0.033
97250 5 19 10 1 0.059 0.286 0.469 0.8 0.855 9.957 8 14.664 74.153 0 0.033
97250 6 19 10 1 0.059 0.286 0.469 0.8 0.855 21.019 7 26.088 115.667 0 0.12
97250 7 19 10 1 0.059 0.286 0.469 0.8 0.855 15.561 12 20.584 105.827 0 0
97250 8 19 10 1 0.059 0.286 0.469 0.8 0.855 17.711 12 24.897 127.547 0 0
97250 9 19 10 1 0.059 0.286 0.469 0.8 0.855 17.056 12 20.18 88.26 0 0
97250 10 19 10 1 0.059 0.286 0.469 0.8 0.855 12.652 13 16.888 99.78 0 0
97250 1 19 10 1 0.03 0.165 0.105 0.771 0.976 18.915 4 28.029 118.093 0 0.12
97250 2 19 10 1 0.03 0.165 0.105 0.771 0.976 10.089 6 13.686 84.613 0 0.073
97250 3 19 10 1 0.03 0.165 0.105 0.771 0.976 23.376 5 30.371 134.093 0 0.093
97250 4 19 10 1 0.03 0.165 0.105 0.771 0.976 15.304 8 19.994 91.047 0 0.013
97250 5 19 10 1 0.03 0.165 0.105 0.771 0.976 18.289 14 21.926 112.093 0 0
97250 6 19 10 1 0.03 0.165 0.105 0.771 0.976 11.412 9 17.162 87.953 0 0.013
97250 7 19 10 1 0.03 0.165 0.105 0.771 0.976 29.722 7 35.471 139.333 0 0.133
97250 8 19 10 1 0.03 0.165 0.105 0.771 0.976 11.309 6 17.102 96.767 0 0.087
97250 9 19 10 1 0.03 0.165 0.105 0.771 0.976 20.136 17 25.116 99.72 0 0
97250 10 19 10 1 0.03 0.165 0.105 0.771 0.976 0 0 0 0 1 1
97250 1 19 10 1 0.1 0.42 0.266 0.819 0.689 2.284 14 6.569 83.28 0.213 0
97250 2 19 10 1 0.1 0.42 0.266 0.819 0.689 8.749 20 12.287 110.68 0 0
97250 3 19 10 1 0.1 0.42 0.266 0.819 0.689 3.023 17 6.67 80.047 0.227 0
97250 4 19 10 1 0.1 0.42 0.266 0.819 0.689 3.739 15 8.333 92.953 0.1 0
97250 5 19 10 1 0.1 0.42 0.266 0.819 0.689 3.977 16 7.578 96.853 0.067 0
97250 6 19 10 1 0.1 0.42 0.266 0.819 0.689 6.451 15 11.847 110.947 0 0
97250 7 19 10 1 0.1 0.42 0.266 0.819 0.689 5.543 21 8.987 97.753 0 0
97250 8 19 10 1 0.1 0.42 0.266 0.819 0.689 4.827 29 7.773 90.8 0.007 0
97250 9 19 10 1 0.1 0.42 0.266 0.819 0.689 8.8 25 12.241 109.427 0 0
97250 10 19 10 1 0.1 0.42 0.266 0.819 0.689 5.265 33 8.18 95.833 0 0
97250 1 19 10 1 0.022 0.173 0.433 0.955 0.927 11.668 8 16.41 92.52 0 0.007
97250 2 19 10 1 0.022 0.173 0.433 0.955 0.927 14.552 7 22.807 120.887 0 0.02
97250 3 19 10 1 0.022 0.173 0.433 0.955 0.927 16.167 10 21.846 114.127 0 0
97250 4 19 10 1 0.022 0.173 0.433 0.955 0.927 14.876 8 21.094 117.46 0 0.007
97250 5 19 10 1 0.022 0.173 0.433 0.955 0.927 19.394 16 22.161 86.94 0 0
97250 6 19 10 1 0.022 0.173 0.433 0.955 0.927 15.352 6 22.424 87.987 0 0.06
97250 7 19 10 1 0.022 0.173 0.433 0.955 0.927 12.027 9 17.964 90.807 0 0.007
97250 8 19 10 1 0.022 0.173 0.433 0.955 0.927 15.46 7 19.445 103.28 0 0.027
97250 9 19 10 1 0.022 0.173 0.433 0.955 0.927 22.358 7 26.745 90.753 0 0.04
97250 10 19 10 1 0.022 0.173 0.433 0.955 0.927 12.197 9 20.252 98.84 0 0.02
97250 1 19 10 1 0.098 0.079 0.406 0.961 0.605 16.557 8 22.043 119 0 0.007
97250 2 19 10 1 0.098 0.079 0.406 0.961 0.605 13.078 13 17.435 99.1 0 0
97250 3 19 10 1 0.098 0.079 0.406 0.961 0.605 24.564 8 31.303 129.387 0 0.053
97250 4 19 10 1 0.098 0.079 0.406 0.961 0.605 13.651 10 17.412 84.313 0 0
97250 5 19 10 1 0.098 0.079 0.406 0.961 0.605 9.276 13 15.491 92.153 0 0
97250 6 19 10 1 0.098 0.079 0.406 0.961 0.605 19.396 13 24.666 138.3 0 0
97250 7 19 10 1 0.098 0.079 0.406 0.961 0.605 13.696 6 18.689 102.86 0 0.107
97250 8 19 10 1 0.098 0.079 0.406 0.961 0.605 9.722 11 14.402 84.313 0 0
97250 1 15 5 0 0.022 0.405 0.029 1 0.73 0 0 0 0 1 1
97250 2 15 5 0 0.022 0.405 0.029 1 0.73 0 0 0 0 1 1
97250 3 15 5 0 0.022 0.405 0.029 1 0.73 0 0 0 0 1 1
97250 4 15 5 0 0.022 0.405 0.029 1 0.73 0 0 0 0 1 1
97250 5 15 5 0 0.022 0.405 0.029 1 0.73 0 0 0 0 1 1
97250 6 15 5 0 0.022 0.405 0.029 1 0.73 0 0 0 0 1 1
97250 7 15 5 0 0.022 0.405 0.029 1 0.73 0 0 0 0 1 1
97250 8 15 5 0 0.022 0.405 0.029 1 0.73 0 0 0 0 1 1
97250 9 15 5 0 0.022 0.405 0.029 1 0.73 0 0 0 0 1 1
97250 10 15 5 0 0.022 0.405 0.029 1 0.73 0 0 0 0 1 1
97250 1 15 5 0 0.056 0.053 0.198 0.83 0.302 3.274 10 5.898 74.553 0.313 0
97250 2 15 5 0 0.056 0.053 0.198 0.83 0.302 13.192 31 18.474 126.127 0 0
97250 3 15 5 0 0.056 0.053 0.198 0.83 0.302 5.592 15 9.258 98.667 0 0
97250 4 15 5 0 0.056 0.053 0.198 0.83 0.302 6.106 14 10.177 93.813 0 0
97250 5 15 5 0 0.056 0.053 0.198 0.83 0.302 6.257 28 9.497 108.073 0 0
97250 6 15 5 0 0.056 0.053 0.198 0.83 0.302 3.92 20 6.231 80.487 0.173 0
97250 7 15 5 0 0.056 0.053 0.198 0.83 0.302 8.525 20 17.616 126.207 0 0
97250 8 15 5 0 0.056 0.053 0.198 0.83 0.302 7.184 16 11.118 101.173 0 0
97250 9 15 5 0 0.056 0.053 0.198 0.83 0.302 19.841 13 24.34 136.587 0 0
97250 10 15 5 0 0.056 0.053 0.198 0.83 0.302 18.805 16 25.455 141.52 0 0
97250 1 15 5 0 0.059 0.311 0.172 0.864 0.906 11.455 14 17.048 101.367 0 0
97250 2 15 5 0 0.059 0.311 0.172 0.864 0.906 14.384 23 17.596 97.84 0 0
97250 3 15 5 0 0.059 0.311 0.172 0.864 0.906 12.175 22 17.25 92.44 0 0
97250 4 15 5 0 0.059 0.311 0.172 0.864 0.906 3.92 10 8.579 82.307 0.073 0
97250 5 15 5 0 0.059 0.311 0.172 0.864 0.906 11.085 16 15.93 94.607 0 0
97250 6 15 5 0 0.059 0.311 0.172 0.864 0.906 12.346 8 16.256 81.827 0 0.013
97250 7 15 5 0 0.059 0.311 0.172 0.864 0.906 10.352 28 16.452 104.82 0 0
97250 8 15 5 0 0.059 0.311 0.172 0.864 0.906 13.003 11 17.132 89.813 0 0
97250 9 15 5 0 0.059 0.311 0.172 0.864 0.906 14.298 17 18.249 88.42 0 0
97250 10 15 5 0 0.059 0.311 0.172 0.864 0.906 12.188 16 17.301 103.687 0 0
97250 1 15 5 0 0.055 0.399 0.228 0.784 0.249 238.397 1054 244.304 1807.587 0 0
97250 2 15 5 0 0.055 0.399 0.228 0.784 0.249 236.612 602 242.922 1659.353 0 0
97250 3 15 5 0 0.055 0.399 0.228 0.784 0.249 233.683 279 241.705 1611.66 0 0
97250 4 15 5 0 0.055 0.399 0.228 0.784 0.249 235.695 246 242.531 1537.507 0 0
97250 5 15 5 0 0.055 0.399 0.228 0.784 0.249 235.86 946 244.438 1778.34 0 0
97250 6 15 5 0 0.055 0.399 0.228 0.784 0.249 232.664 535 243.492 1753.94 0 0
97250 7 15 5 0 0.055 0.399 0.228 0.784 0.249 232.026 567 242.945 1727.433 0 0
97250 8 15 5 0 0.055 0.399 0.228 0.784 0.249 233.509 917 243.314 1724.453 0 0
97250 9 15 5 0 0.055 0.399 0.228 0.784 0.249 234.856 701 242.626 1729.353 0 0
97250 10 15 5 0 0.055 0.399 0.228 0.784 0.249 234.162 63 244.001 1814.7 0 0
97250 1 15 5 0 0.066 0.373 0.136 0.914 0.315 237.995 950 244.752 2016.36 0 0
97250 2 15 5 0 0.066 0.373 0.136 0.914 0.315 240.976 1257 246.362 1924.407 0 0
97250 3 15 5 0 0.066 0.373 0.136 0.914 0.315 242.78 846 246.827 2177.927 0 0
97250 4 15 5 0 0.066 0.373 0.136 0.914 0.315 241.987 1210 245.997 2001.927 0 0
97250 5 15 5 0 0.066 0.373 0.136 0.914 0.315 241.831 1253 246.182 2022.22 0 0
97250 6 15 5 0 0.066 0.373 0.136 0.914 0.315 241.201 966 246.606 2144.627 0 0
97250 7 15 5 0 0.066 0.373 0.136 0.914 0.315 239.23 1091 246.546 2148.993 0 0
97250 8 15 5 0 0.066 0.373 0.136 0.914 0.315 238.355 714 244.884 1945.433 0 0
97250 9 15 5 0 0.066 0.373 0.136 0.914 0.315 238.176 678 246.173 2051.427 0 0
97250 10 15 5 0 0.066 0.373 0.136 0.914 0.315 243.202 1192 246.351 2009.86 0 0
97250 1 15 5 0 0.08 0.249 0.031 0.973 0.292 247.183 2945 249.162 3475.227 0 0
97250 2 15 5 0 0.08 0.249 0.031 0.973 0.292 245.537 3035 249.144 3651.213 0 0
97250 3 15 5 0 0.08 0.249 0.031 0.973 0.292 245.9 2829 249.202 3769.033 0 0
97250 4 15 5 0 0.08 0.249 0.031 0.973 0.292 247.127 3250 249.339 4076.267 0 0
97250 1 16 8 1 0.051 0.325 0.149 0.771 0.961 14.079 15 19.254 111.967 0 0
97250 2 16 8 1 0.051 0.325 0.149 0.771 0.961 11.591 12 15.171 89.707 0 0
97250 3 16 8 1 0.051 0.325 0.149 0.771 0.961 10.403 8 14.192 94.593 0 0.02
97250 4 16 8 1 0.051 0.325 0.149 0.771 0.961 0 0 0 0 1 1
97250 5 16 8 1 0.051 0.325 0.149 0.771 0.961 16.659 7 24.09 116.353 0 0.06
97250 6 16 8 1 0.051 0.325 0.149 0.771 0.961 17.827 12 21.72 98.953 0 0
97250 7 16 8 1 0.051 0.325 0.149 0.771 0.961 16.711 6 22.916 101.193 0 0.02
97250 8 16 8 1 0.051 0.325 0.149 0.771 0.961 11.83 10 18.532 96.833 0 0
97250 9 16 8 1 0.051 0.325 0.149 0.771 0.961 17.335 10 23.292 111.513 0 0
97250 10 16 8 1 0.051 0.325 0.149 0.771 0.961 14.869 14 18.68 95.507 0 0
97250 1 16 8 1 0.038 0.353 0.484 0.794 0.56 5.64 21 11.073 89.42 0 0
97250 2 16 8 1 0.038 0.353 0.484 0.794 0.56 0 0 0 0 1 1
97250 3 16 8 1 0.038 0.353 0.484 0.794 0.56 11.791 13 17.054 93.68 0 0
97250 4 16 8 1 0.038 0.353 0.484 0.794 0.56 11.734 10 18.944 98.16 0 0
97250 5 16 8 1 0.038 0.353 0.484 0.794 0.56 15.463 11 21.444 98.847 0 0
97250 6 16 8 1 0.038 0.353 0.484 0.794 0.56 21.299 12 24.329 93.26 0 0
97250 7 16 8 1 0.038 0.353 0.484 0.794 0.56 12.27 13 18.712 113.533 0 0
97250 8 16 8 1 0.038 0.353 0.484 0.794 0.56 13.591 12 16.829 83.053 0 0
97250 9 16 8 1 0.038 0.353 0.484 0.794 0.56 16.037 7 20.442 91.813 0 0.033
97250 10 16 8 1 0.038 0.353 0.484 0.794 0.56 0 0 0 0 1 1
97250 1 16 8 1 0.038 0.48 0.426 0.995 0.803 4.076 14 7.931 82.987 0.047 0
97250 2 16 8 1 0.038 0.48 0.426 0.995 0.803 9.183 10 15.259 92.047 0 0
97250 3 16 8 1 0.038 0.48 0.426 0.995 0.803 3.474 14 6.658 78.6 0.213 0
97250 4 16 8 1 0.038 0.48 0.426 0.995 0.803 6.167 7 12.581 84.947 0 0.04
97250 5 16 8 1 0.038 0.48 0.426 0.995 0.803 8.874 11 13.333 87.733 0 0
97250 6 16 8 1 0.038 0.48 0.426 0.995 0.803 1.702 11 10.099 75.367 0.027 0
97250 7 16 8 1 0.038 0.48 0.426 0.995 0.803 16.881 10 20.134 78.68 0 0
97250 8 16 8 1 0.038 0.48 0.426 0.995 0.803 3.271 12 7.092 74.073 0.167 0
97250 9 16 8 1 0.038 0.48 0.426 0.995 0.803 9.941 16 14.092 93.113 0 0
97250 10 16 8 1 0.038 0.48 0.426 0.995 0.803 12.269 8 15.913 89.02 0 0.027
97250 1 16 8 1 0.106 0.312 0.138 0.878 0.603 7.813 69 16.21 145.407 0 0
97250 2 16 8 1 0.106 0.312 0.138 0.878 0.603 8.742 60 11.922 135.927 0 0
97250 3 16 8 1 0.106 0.312 0.138 0.878 0.603 3.774 69 12.371 148.3 0.087 0
97250 4 16 8 1 0.106 0.312 0.138 0.878 0.603 9.227 78 12.557 162.233 0 0
97250 5 16 8 1 0.106 0.312 0.138 0.878 0.603 7.695 110 16.399 193.213 0 0
97250 6 16 8 1 0.106 0.312 0.138 0.878 0.603 9.54 71 13.019 142.107 0 0
97250 7 16 8 1 0.106 0.312 0.138 0.878 0.603 6.775 45 8.733 112.687 0 0
97250 8 16 8 1 0.106 0.312 0.138 0.878 0.603 10.045 79 13.904 165.24 0 0
97250 9 16 8 1 0.106 0.312 0.138 0.878 0.603 4.905 63 9.942 130.727 0.007 0
97250 10 16 8 1 0.106 0.312 0.138 0.878 0.603 0 0 0 0 1 1
97250 1 16 8 1 0.013 0.485 0.218 0.84 0.55 10.177 43 15.298 117.76 0 0
97250 2 16 8 1 0.013 0.485 0.218 0.84 0.55 3.2 37 8.171 107.4 0.14 0
97250 3 16 8 1 0.013 0.485 0.218 0.84 0.55 6.215 62 10.012 130.113 0 0
97250 4 16 8 1 0.013 0.485 0.218 0.84 0.55 5.23 30 9.219 123.28 0 0
97250 5 16 8 1 0.013 0.485 0.218 0.84 0.55 6.014 27 10.926 116.787 0 0
97250 6 16 8 1 0.013 0.485 0.218 0.84 0.55 0 0 0 0 1 1
97250 7 16 8 1 0.013 0.485 0.218 0.84 0.55 1.783 37 7.349 91.053 0.307 0
97250 8 16 8 1 0.013 0.485 0.218 0.84 0.55 4.945 63 10.394 129.093 0.007 0
97250 9 16 8 1 0.013 0.485 0.218 0.84 0.55 3.71 22 7.674 111.66 0.127 0
97250 10 16 8 1 0.013 0.485 0.218 0.84 0.55 3.673 51 7.771 109.6 0.087 0
97250 1 16 8 1 0.085 0.188 0.228 0.916 0.034 247.145 3113 249.445 3947.707 0 0
97250 2 16 8 1 0.085 0.188 0.228 0.916 0.034 246.877 3215 249.312 4000.133 0 0
97250 3 16 8 1 0.085 0.188 0.228 0.916 0.034 247.248 3319 249.264 3951.833 0 0
97250 4 16 8 1 0.085 0.188 0.228 0.916 0.034 247.122 3151 249.365 3877.673 0 0
97250 5 16 8 1 0.085 0.188 0.228 0.916 0.034 247.012 3347 249.387 4134.173 0 0
97250 6 16 8 1 0.085 0.188 0.228 0.916 0.034 246.625 3448 249.337 4207.753 0 0
97250 7 16 8 1 0.085 0.188 0.228 0.916 0.034 247.753 3208 249.42 4150.58 0 0
97250 1 15 7 1 0.01 0.158 0.415 0.756 0.18 23.862 56 29.442 163.52 0 0
97250 2 15 7 1 0.01 0.158 0.415 0.756 0.18 21.653 41 27.451 170.88 0 0
97250 3 15 7 1 0.01 0.158 0.415 0.756 0.18 27.072 50 31.543 180.027 0 0
97250 4 15 7 1 0.01 0.158 0.415 0.756 0.18 32.033 53 38.847 210.427 0 0
97250 5 15 7 1 0.01 0.158 0.415 0.756 0.18 19.51 50 24.837 180.727 0 0
97250 6 15 7 1 0.01 0.158 0.415 0.756 0.18 21.356 54 28.804 177.5 0 0
97250 7 15 7 1 0.01 0.158 0.415 0.756 0.18 12.84 25 20.188 136.793 0 0
97250 8 15 7 1 0.01 0.158 0.415 0.756 0.18 13.744 47 19.427 155.853 0 0
97250 9 15 7 1 0.01 0.158 0.415 0.756 0.18 23.395 23 29.216 178.167 0 0
97250 10 15 7 1 0.01 0.158 0.415 0.756 0.18 26.15 27 33.274 160.34 0 0
97250 1 15 7 1 0.106 0.243 0.141 0.893 0.296 232.984 966 242.726 1695.793 0 0
97250 2 15 7 1 0.106 0.243 0.141 0.893 0.296 230.333 974 237.26 1463.64 0 0
97250 3 15 7 1 0.106 0.243 0.141 0.893 0.296 224.833 753 234.825 1482.887 0 0
97250 4 15 7 1 0.106 0.243 0.141 0.893 0.296 228.064 1053 236.142 1644.767 0 0
97250 5 15 7 1 0.106 0.243 0.141 0.893 0.296 230.352 855 236.57 1486.48 0 0
97250 6 15 7 1 0.106 0.243 0.141 0.893 0.296 229.955 1068 239.128 1588.34 0 0
97250 7 15 7 1 0.106 0.243 0.141 0.893 0.296 227.391 869 240.263 1581.14 0 0
97250 8 15 7 1 0.106 0.243 0.141 0.893 0.296 224.282 918 233.657 1354.24 0 0
97250 9 15 7 1 0.106 0.243 0.141 0.893 0.296 233.753 931 239.587 1400.94 0 0
97250 10 15 7 1 0.106 0.243 0.141 0.893 0.296 188.213 774 200.401 1234.147 0 0
97250 1 15 7 1 0.032 0.221 0.256 0.752 0.78 17.752 15 21.337 101.72 0 0
97250 2 15 7 1 0.032 0.221 0.256 0.752 0.78 8.783 20 13.676 77.28 0 0
97250 3 15 7 1 0.032 0.221 0.256 0.752 0.78 4.862 17 12.369 92.973 0.013 0
97250 4 15 7 1 0.032 0.221 0.256 0.752 0.78 8.972 17 13.636 82.94 0 0
97250 5 15 7 1 0.032 0.221 0.256 0.752 0.78 3.001 12 6.519 73.033 0.293 0
97250 6 15 7 1 0.032 0.221 0.256 0.752 0.78 12.723 11 17.308 105.033 0 0
97250 7 15 7 1 0.032 0.221 0.256 0.752 0.78 9.393 15 13.589 77.327 0 0
97250 8 15 7 1 0.032 0.221 0.256 0.752 0.78 8.238 15 12.773 83.88 0 0
97250 9 15 7 1 0.032 0.221 0.256 0.752 0.78 8.133 17 10.812 56.627 0 0
97250 10 15 7 1 0.032 0.221 0.256 0.752 0.78 11.423 11 15.419 100.047 0 0
97250 1 15 7 1 0.006 0.185 0.012 0.949 0.216 246.22 2845 249.198 3597.46 0 0
97250 2 15 7 1 0.006 0.185 0.012 0.949 0.216 247.918 2928 249.44 3892.4 0 0
97250 3 15 7 1 0.006 0.185 0.012 0.949 0.216 247.206 3142 249.309 3796.3 0 0
97250 4 15 7 1 0.006 0.185 0.012 0.949 0.216 248.327 3276 249.581 4118.867 0 0
97250 5 15 7 1 0.006 0.185 0.012 0.949 0.216 247.129 3470 249.518 4174.833 0 0
97250 6 15 7 1 0.006 0.185 0.012 0.949 0.216 247.627 2938 249.324 3597.82 0 0
97250 7 15 7 1 0.006 0.185 0.012 0.949 0.216 246.104 2676 249.23 3685.033 0 0
97250 8 15 7 1 0.006 0.185 0.012 0.949 0.216 245.639 2993 249.16 3741.593 0 0
97250 9 15 7 1 0.006 0.185 0.012 0.949 0.216 246.463 3067 249.31 3836.627 0 0
97250 10 15 7 1 0.006 0.185 0.012 0.949 0.216 247.163 3107 249.359 3780.393 0 0
97250 1 15 7 1 0.073 0.231 0.064 0.876 0.712 3.574 46 7.257 101.38 0.167 0
97250 2 15 7 1 0.073 0.231 0.064 0.876 0.712 0 0 0 0 1 1
97250 3 15 7 1 0.073 0.231 0.064 0.876 0.712 0 0 0 0 1 1
97250 4 15 7 1 0.073 0.231 0.064 0.876 0.712 0 0 0 0 1 1
97250 5 15 7 1 0.073 0.231 0.064 0.876 0.712 6.057 58 10.546 138.673 0 0
97250 6 15 7 1 0.073 0.231 0.064 0.876 0.712 0 0 0 0 1 1
97250 7 15 7 1 0.073 0.231 0.064 0.876 0.712 0 0 0 0 1 1
97250 8 15 7 1 0.073 0.231 0.064 0.876 0.712 0 0 0 0 1 1
97250 9 15 7 1 0.073 0.231 0.064 0.876 0.712 5.235 46 10.295 132.073 0 0
97250 10 15 7 1 0.073 0.231 0.064 0.876 0.712 6.494 54 11.606 106.893 0 0
97250 1 15 7 1 0.003 0.499 0.111 0.969 0.44 44.218 150 49.741 298.593 0 0
97250 2 15 7 1 0.003 0.499 0.111 0.969 0.44 35.397 97 43.094 246.64 0 0
97250 3 15 7 1 0.003 0.499 0.111 0.969 0.44 39.902 151 47.867 314.16 0 0
97250 1 18 6 0 0.099 0.235 0.007 0.981 0.024 249.653 23434 249.998 26150.587 0 0
97250 2 18 6 0 0.099 0.235 0.007 0.981 0.024 250 21109 250 22877.927 0 0
97250 3 18 6 0 0.099 0.235 0.007 0.981 0.024 250 19092 250 21997.56 0 0
97250 4 18 6 0 0.099 0.235 0.007 0.981 0.024 249.696 21941 249.998 24112.447 0 0
97250 5 18 6 0 0.099 0.235 0.007 0.981 0.024 249.782 19225 249.999 21202.213 0 0
97250 6 18 6 0 0.099 0.235 0.007 0.981 0.024 250 20397 250 22597.14 0 0
97250 7 18 6 0 0.099 0.235 0.007 0.981 0.024 250 24232 250 26723.72 0 0
97250 8 18 6 0 0.099 0.235 0.007 0.981 0.024 250 19673 250 21862.667 0 0
97250 9 18 6 0 0.099 0.235 0.007 0.981 0.024 250 21451 250 23295.58 0 0
97250 10 18 6 0 0.099 0.235 0.007 0.981 0.024 249.906 18516 249.999 20825.533 0 0
97250 1 18 6 0 0.093 0.27 0.081 0.944 0.642 9.844 43 13.792 133.96 0 0
97250 2 18 6 0 0.093 0.27 0.081 0.944 0.642 0 0 0 0 1 1
97250 3 18 6 0 0.093 0.27 0.081 0.944 0.642 10.695 35 17.858 148.693 0 0
97250 4 18 6 0 0.093 0.27 0.081 0.944 0.642 7.592 25 14.447 148.087 0 0
97250 5 18 6 0 0.093 0.27 0.081 0.944 0.642 9.754 28 16.553 146.507 0 0
97250 6 18 6 0 0.093 0.27 0.081 0.944 0.642 10.688 22 16.609 142.933 0 0
97250 7 18 6 0 0.093 0.27 0.081 0.944 0.642 7.149 45 11.008 123.967 0 0
97250 8 18 6 0 0.093 0.27 0.081 0.944 0.642 0 0 0 0 1 1
97250 9 18 6 0 0.093 0.27 0.081 0.944 0.642 10.536 46 14.122 113.987 0 0
97250 10 18 6 0 0.093 0.27 0.081 0.944 0.642 9.605 20 14.463 136.12 0 0
97250 1 18 6 0 0.015 0.143 0.154 0.822 0.823 3.93 10 9.73 91.407 0.027 0
97250 2 18 6 0 0.015 0.143 0.154 0.822 0.823 12.88 12 16.709 99.2 0 0
97250 3 18 6 0 0.015 0.143 0.154 0.822 0.823 6.051 22 9.044 94.44 0 0
97250 4 18 6 0 0.015 0.143 0.154 0.822 0.823 11.758 18 18.362 122.533 0 0
97250 5 18 6 0 0.015 0.143 0.154 0.822 0.823 18.29 8 27.791 117.327 0 0.007
97250 6 18 6 0 0.015 0.143 0.154 0.822 0.823 13.899 15 20.35 113.793 0 0
97250 7 18 6 0 0.015 0.143 0.154 0.822 0.823 10.868 16 18.361 123.14 0 0
97250 8 18 6 0 0.015 0.143 0.154 0.822 0.823 2.875 12 8.861 86.447 0.16 0
97250 9 18 6 0 0.015 0.143 0.154 0.822 0.823 14.977 6 19.146 110.073 0 0.04
97250 10 18 6 0 0.015 0.143 0.154 0.822 0.823 10.826 12 14.11 95.84 0 0
97250 1 18 6 0 0.112 0.042 0.377 0.819 0.488 19.608 19 26.251 131.2 0 0
97250 2 18 6 0 0.112 0.042 0.377 0.819 0.488 14.649 7 21.339 103.467 0 0.033
97250 3 18 6 0 0.112 0.042 0.377 0.819 0.488 12.96 26 17.46 112.513 0 0
97250 4 18 6 0 0.112 0.042 0.377 0.819 0.488 13.313 7 19.459 109.473 0 0.02
97250 5 18 6 0 0.112 0.042 0.377 0.819 0.488 12.523 14 16.11 91.193 0 0
97250 6 18 6 0 0.112 0.042 0.377 0.819 0.488 18.298 16 22.327 107.247 0 0
97250 7 18 6 0 0.112 0.042 0.377 0.819 0.488 10.531 12 16.119 102.493 0 0
97250 8 18 6 0 0.112 0.042 0.377 0.819 0.488 14.016 17 17.343 97.787 0 0
97250 9 18 6 0 0.112 0.042 0.377 0.819 0.488 20.796 11 23.955 103.26 0 0
97250 10 18 6 0 0.112 0.042 0.377 0.819 0.488 19.939 13 25.792 94.853 0 0
97250 1 18 6 0 0.047 0.244 0.457 0.795 0.271 27.443 11 34.927 179.853 0 0
97250 1 15 7 0 0.091 0.104 0.159 0.998 0.079 241.255 2015 247.636 3026.567 0 0
97250 2 15 7 0 0.091 0.104 0.159 0.998 0.079 244.682 1351 248.408 2944.573 0 0
97250 3 15 7 0 0.091 0.104 0.159 0.998 0.079 244.487 2069 248.366 3126.913 0 0
97250 4 15 7 0 0.091 0.104 0.159 0.998 0.079 244.869 2318 248.692 3049.693 0 0
97250 5 15 7 0 0.091 0.104 0.159 0.998 0.079 243.384 1703 248.233 3019.093 0 0
97250 6 15 7 0 0.091 0.104 0.159 0.998 0.079 236.508 1729 246.878 2882.533 0 0
97250 7 15 7 0 0.091 0.104 0.159 0.998 0.079 242.532 1714 247.991 3144.92 0 0
97250 8 15 7 0 0.091 0.104 0.159 0.998 0.079 244.605 2095 248.1 2895.547 0 0
97250 9 15 7 0 0.091 0.104 0.159 0.998 0.079 246.21 2221 248.71 3094.073 0 0
97250 10 15 7 0 0.091 0.104 0.159 0.998 0.079 241.412 1318 247.559 2864.413 0 0
97250 1 15 7 0 0.092 0.153 0.228 0.875 0.968 6.775 8 11.496 82.553 0 0.033
97250 2 15 7 0 0.092 0.153 0.228 0.875 0.968 10.911 7 14.038 81.013 0 0.02
97250 3 15 7 0 0.092 0.153 0.228 0.875 0.968 6.803 11 12.728 100.593 0 0
97250 4 15 7 0 0.092 0.153 0.228 0.875 0.968 10.619 18 14.294 94.32 0 0
97250 5 15 7 0 0.092 0.153 0.228 0.875 0.968 13.067 9 18.508 105.92 0 0.007
97250 6 15 7 0 0.092 0.153 0.228 0.875 0.968 18.758 6 24.921 90.62 0 0.033
97250 7 15 7 0 0.092 0.153 0.228 0.875 0.968 6.051 33 10.543 91.327 0 0
97250 8 15 7 0 0.092 0.153 0.228 0.875 0.968 12.383 12 15.458 86.793 0 0
97250 9 15 7 0 0.092 0.153 0.228 0.875 0.968 14.151 9 19.098 79.147 0 0.007
97250 10 15 7 0 0.092 0.153 0.228 0.875 0.968 2.728 11 5.345 66.42 0.467 0
97250 1 15 7 0 0.014 0.291 0.263 0.873 0.848 6.575 17 12.695 91.667 0 0
97250 2 15 7 0 0.014 0.291 0.263 0.873 0.848 4.017 16 6.882 81.647 0.067 0
97250 3 15 7 0 0.014 0.291 0.263 0.873 0.848 12.341 16 15.965 103.607 0 0
97250 4 15 7 0 0.014 0.291 0.263 0.873 0.848 6.538 6 14.885 99.853 0 0.02
97250 5 15 7 0 0.014 0.291 0.263 0.873 0.848 8.547 18 11.855 74.273 0 0
97250 6 15 7 0 0.014 0.291 0.263 0.873 0.848 9.775 11 13.332 77.76 0 0
97250 7 15 7 0 0.014 0.291 0.263 0.873 0.848 19.726 2 26.092 108.353 0 0.16
97250 8 15 7 0 0.014 0.291 0.263 0.873 0.848 12.433 13 15.894 91.127 0 0
97250 9 15 7 0 0.014 0.291 0.263 0.873 0.848 8.443 6 11.462 79.593 0 0.027
97250 10 15 7 0 0.014 0.291 0.263 0.873 0.848 16.193 7 23.005 96.507 0 0.04
97250 1 15 7 0 0.021 0.428 0.021 0.811 0.981 10.047 12 14.454 80.54 0 0
97250 2 15 7 0 0.021 0.428 0.021 0.811 0.981 4.301 9 8.09 73.213 0.053 0.013
97250 3 15 7 0 0.021 0.428 0.021 0.811 0.981 3.698 16 8.468 85.793 0.113 0
97250 4 15 7 0 0.021 0.428 0.021 0.811 0.981 4.369 14 7.826 77.987 0.027 0
97250 5 15 7 0 0.021 0.428 0.021 0.811 0.981 7.281 13 12.545 91.153 0 0
97250 6 15 7 0 0.021 0.428 0.021 0.811 0.981 3.863 12 7.733 57.147 0.073 0
97250 7 15 7 0 0.021 0.428 0.021 0.811 0.981 19.877 7 23.037 95.607 0 0.013
97250 8 15 7 0 0.021 0.428 0.021 0.811 0.981 12.424 13 18.39 97.88 0 0
97250 9 15 7 0 0.021 0.428 0.021 0.811 0.981 7.216 13 12.12 90.027 0 0
97250 10 15 7 0 0.021 0.428 0.021 0.811 0.981 7.607 8 13.308 92.333 0 0.027
97250 1 15 7 0 0.095 0.433 0.276 0.784 0.933 8.083 13 13.687 95.247 0 0
97250 2 15 7 0 0.095 0.433 0.276 0.784 0.933 5.488 8 10.998 87.56 0 0.007
97250 3 15 7 0 0.095 0.433 0.276 0.784 0.933 2.118 12 6.021 75.3 0.393 0
97250 4 15 7 0 0.095 0.433 0.276 0.784 0.933 9.029 16 17.142 112.94 0 0
97250 5 15 7 0 0.095 0.433 0.276 0.784 0.933 6.416 13 14.767 91.327 0 0
97250 6 15 7 0 0.095 0.433 0.276 0.784 0.933 6.674 10 12.291 90.087 0 0
97250 7 15 7 0 0.095 0.433 0.276 0.784 0.933 9.025 22 12.403 83.713 0 0
97250 8 15 7 0 0.095 0.433 0.276 0.784 0.933 10.604 18 16.432 104.853 0 0
97250 9 15 7 0 0.095 0.433 0.276 0.784 0.933 14.279 10 18.459 85.813 0 0
97250 10 15 7 0 0.095 0.433 0.276 0.784 0.933 4.193 12 7.138 73.133 0.12 0
97250 1 15 7 0 0.085 0.386 0.219 0.941 0.031 248.369 3819 249.745 4877.12 0 0
97250 1 15 7 0 0.08 0.281 0.066 0.975 0.188 247.865 3801 249.648 4563.127 0 0
97250 2 15 7 0 0.08 0.281 0.066 0.975 0.188 247.731 3539 249.596 4302.36 0 0
97250 3 15 7 0 0.08 0.281 0.066 0.975 0.188 246.854 3829 249.57 4480.06 0 0
97250 4 15 7 0 0.08 0.281 0.066 0.975 0.188 247.156 3491 249.543 4307.88 0 0
97250 5 15 7 0 0.08 0.281 0.066 0.975 0.188 247.343 3486 249.501 4169.587 0 0
97250 6 15 7 0 0.08 0.281 0.066 0.975 0.188 248.024 3484 249.585 4303.607 0 0
97250 7 15 7 0 0.08 0.281 0.066 0.975 0.188 247.622 3618 249.511 4207.087 0 0
97250 8 15 7 0 0.08 0.281 0.066 0.975 0.188 247.43 3342 249.452 4208.393 0 0
97250 9 15 7 0 0.08 0.281 0.066 0.975 0.188 246.837 3412 249.466 4240.72 0 0
97250 10 15 7 0 0.08 0.281 0.066 0.975 0.188 247.846 3195 249.594 4348.693 0 0
97250 1 15 7 0 0.102 0.324 0.04 0.85 0.102 249.081 6025 249.875 6738.867 0 0
97250 2 15 7 0 0.102 0.324 0.04 0.85 0.102 249.338 6695 249.961 8049.433 0 0
97250 3 15 7 0 0.102 0.324 0.04 0.85 0.102 249.217 6271 249.938 7290.12 0 0
97250 4 15 7 0 0.102 0.324 0.04 0.85 0.102 249.148 6539 249.948 7764.087 0 0
97250 5 15 7 0 0.102 0.324 0.04 0.85 0.102 248.68 7280 249.936 8051.06 0 0
97250 6 15 7 0 0.102 0.324 0.04 0.85 0.102 249.077 6653 249.955 7745.347 0 0
97250 7 15 7 0 0.102 0.324 0.04 0.85 0.102 248.983 6474 249.906 7385.433 0 0
97250 8 15 7 0 0.102 0.324 0.04 0.85 0.102 249.038 5855 249.916 7486.48 0 0
97250 9 15 7 0 0.102 0.324 0.04 0.85 0.102 248.733 6042 249.925 7884.407 0 0
97250 10 15 7 0 0.102 0.324 0.04 0.85 0.102 248.994 6551 249.879 7340.387 0 0
97250 1 15 7 0 0.047 0.328 0.075 0.974 0.519 19.012 49 30.797 171.707 0 0
97250 2 15 7 0 0.047 0.328 0.075 0.974 0.519 0 0 0 0 1 1
97250 3 15 7 0 0.047 0.328 0.075 0.974 0.519 27.054 76 35.968 246.12 0 0
97250 4 15 7 0 0.047 0.328 0.075 0.974 0.519 25.388 86 32.476 223.187 0 0
97250 5 15 7 0 0.047 0.328 0.075 0.974 0.519 26.212 66 37.108 203.693 0 0
97250 6 15 7 0 0.047 0.328 0.075 0.974 0.519 34.931 75 39.997 257.833 0 0
97250 7 15 7 0 0.047 0.328 0.075 0.974 0.519 21.616 26 26.144 174.2 0 0
97250 8 15 7 0 0.047 0.328 0.075 0.974 0.519 0 0 0 0 1 1
97250 9 15 7 0 0.047 0.328 0.075 0.974 0.519 26.302 69 32.922 209.647 0 0
97250 10 15 7 0 0.047 0.328 0.075 0.974 0.519 17.13 78 29.529 231.633 0 0
97250 1 15 7 0 0.053 0.071 0.356 0.977 0.364 7.364 11 11.445 93.373 0 0
97250 2 15 7 0 0.053 0.071 0.356 0.977 0.364 3.12 18 6.86 81.52 0.093 0
97250 3 15 7 0 0.053 0.071 0.356 0.977 0.364 1.688 18 7.085 83.313 0.253 0
97250 4 15 7 0 0.053 0.071 0.356 0.977 0.364 7.54 10 11.596 92.353 0 0
97250 5 15 7 0 0.053 0.071 0.356 0.977 0.364 5.754 8 11.246 89 0 0.027
97250 6 15 7 0 0.053 0.071 0.356 0.977 0.364 0 0 0 0 1 1
97250 7 15 7 0 0.053 0.071 0.356 0.977 0.364 5.463 14 9.051 88.653 0 0
97250 8 15 7 0 0.053 0.071 0.356 0.977 0.364 2.647 8 5.769 67.407 0.3 0.02
97250 9 15 7 0 0.053 0.071 0.356 0.977 0.364 0 0 0 0 1 1
97250 10 15 7 0 0.053 0.071 0.356 0.977 0.364 9.03 10 15.623 91.633 0 0
97250 1 15 7 0 0.111 0.074 0.017 0.838 0.745 0 0 0 0 1 1
97250 2 15 7 0 0.111 0.074 0.017 0.838 0.745 3.571 16 6.907 74.573 0.333 0
97250 1 16 5 1 0.002 0.441 0.123 0.886 0.8 5.533 44 8.632 112.48 0 0
97250 2 16 5 1 0.002 0.441 0.123 0.886 0.8 4.293 39 7.196 98.873 0.067 0
97250 3 16 5 1 0.002 0.441 0.123 0.886 0.8 5.083 35 8.013 101.807 0 0
97250 4 16 5 1 0.002 0.441 0.123 0.886 0.8 7.074 38 10.907 108.18 0 0
97250 5 16 5 1 0.002 0.441 0.123 0.886 0.8 5.506 51 8.95 110.527 0 0
97250 6 16 5 1 0.002 0.441 0.123 0.886 0.8 4.02 52 8.216 103.587 0.073 0
97250 7 16 5 1 0.002 0.441 0.123 0.886 0.8 2.597 50 6.447 97.28 0.247 0
97250 8 16 5 1 0.002 0.441 0.123 0.886 0.8 1.882 37 6.089 93.92 0.307 0
97250 9 16 5 1 0.002 0.441 0.123 0.886 0.8 4.402 41 7.003 93.56 0.073 0
97250 10 16 5 1 0.002 0.441 0.123 0.886 0.8 3.838 15 8.467 101.113 0.053 0
97250 1 16 5 1 0.062 0.048 0.191 0.779 0.306 7.946 32 14.63 118.387 0 0
97250 2 16 5 1 0.062 0.048 0.191 0.779 0.306 14.387 23 18.65 122.887 0 0
97250 3 16 5 1 0.062 0.048 0.191 0.779 0.306 8.157 24 17.179 118.007 0 0
97250 4 16 5 1 0.062 0.048 0.191 0.779 0.306 12.306 12 16.07 109.773 0 0
97250 5 16 5 1 0.062 0.048 0.191 0.779 0.306 16.392 18 20.757 130.367 0 0
97250 6 16 5 1 0.062 0.048 0.191 0.779 0.306 11.909 27 17.552 127.453 0 0
97250 7 16 5 1 0.062 0.048 0.191 0.779 0.306 16.396 35 19.662 130.147 0 0
97250 8 16 5 1 0.062 0.048 0.191 0.779 0.306 12.281 21 17.386 135.86 0 0
97250 9 16 5 1 0.062 0.048 0.191 0.779 0.306 9.226 27 15.271 116.287 0 0
97250 10 16 5 1 0.062 0.048 0.191 0.779 0.306 3.427 14 8.688 90.587 0.073 0
97250 1 16 5 1 0.078 0.322 0.452 0.885 0.819 15.833 15 18.527 106.233 0 0
97250 2 16 5 1 0.078 0.322 0.452 0.885 0.819 21.415 18 26.999 123.327 0 0
97250 3 16 5 1 0.078 0.322 0.452 0.885 0.819 19.237 12 23.496 114.593 0 0
97250 4 16 5 1 0.078 0.322 0.452 0.885 0.819 9.735 12 14.222 110.087 0 0
97250 5 16 5 1 0.078 0.322 0.452 0.885 0.819 14.72 10 20.212 102.987 0 0
97250 6 16 5 1 0.078 0.322 0.452 0.885 0.819 16.493 10 22.014 117.227 0 0
97250 7 16 5 1 0.078 0.322 0.452 0.885 0.819 8.892 13 17.935 118.413 0 0
97250 8 16 5 1 0.078 0.322 0.452 0.885 0.819 11.528 10 17.211 110.193 0 0
97250 9 16 5 1 0.078 0.322 0.452 0.885 0.819 11.101 12 19.585 97.06 0 0
97250 10 16 5 1 0.078 0.322 0.452 0.885 0.819 21.68 23 27.337 109.84 0 0
97250 1 16 5 1 0.029 0.131 0.042 0.853 0.671 0 0 0 0 1 1
97250 2 16 5 1 0.029 0.131 0.042 0.853 0.671 5.843 54 9.453 128.76 0 0
97250 3 16 5 1 0.029 0.131 0.042 0.853 0.671 10.446 75 14.885 148.847 0 0
97250 4 16 5 1 0.029 0.131 0.042 0.853 0.671 4.759 77 10.533 137.847 0.013 0
97250 5 16 5 1 0.029 0.131 0.042 0.853 0.671 9.4 85 12.933 164.693 0 0
97250 6 16 5 1 0.029 0.131 0.042 0.853 0.671 2.962 57 7.844 120.567 0.213 0
97250 7 16 5 1 0.029 0.131 0.042 0.853 0.671 8.742 96 15.172 166.58 0 0
97250 8 16 5 1 0.029 0.131 0.042 0.853 0.671 11.943 108 16.341 189.213 0 0
97250 9 16 5 1 0.029 0.131 0.042 0.853 0.671 10.614 106 14.548 174.427 0 0
97250 10 16 5 1 0.029 0.131 0.042 0.853 0.671 7.877 92 12.21 176.133 0 0
97250 1 16 5 1 0.088 0.351 0.354 0.866 0.211 141.002 330 158.043 703.033 0 0
97250 2 16 5 1 0.088 0.351 0.354 0.866 0.211 164.814 505 180.285 805.62 0 0
97250 3 16 5 1 0.088 0.351 0.354 0.866 0.211 208.303 644 223.505 1132.14 0 0
97250 4 16 5 1 0.088 0.351 0.354 0.866 0.211 166.53 519 177.707 1054.727 0 0
97250 5 16 5 1 0.088 0.351 0.354 0.866 0.211 188.741 544 206.382 959.02 0 0
97250 6 16 5 1 0.088 0.351 0.354 0.866 0.211 197.486 674 204.732 1091.327 0 0
97250 7 16 5 1 0.088 0.351 0.354 0.866 0.211 210.301 687 218.863 1069.893 0 0
97250 8 16 5 1 0.088 0.351 0.354 0.866 0.211 190.446 585 197.883 1022.267 0 0
97250 9 16 5 1 0.088 0.351 0.354 0.866 0.211 207.386 608 214.496 1087.227 0 0
97250 10 16 5 1 0.088 0.351 0.354 0.866 0.211 166.77 610 180.476 1010.473 0 0
97250 1 16 5 1 0.047 0.142 0.336 0.847 0.639 22.505 13 29.011 149.613 0 0
97250 2 16 5 1 0.047 0.142 0.336 0.847 0.639 11.962 16 19.005 125.12 0 0
97250 3 16 5 1 0.047 0.142 0.336 0.847 0.639 11.073 12 16.084 107.907 0 0
97250 4 16 5 1 0.047 0.142 0.336 0.847 0.639 11.982 14 17.87 123.487 0 0
97250 5 16 5 1 0.047 0.142 0.336 0.847 0.639 12.824 11 16.971 119.447 0 0
97250 6 16 5 1 0.047 0.142 0.336 0.847 0.639 17.379 16 26.393 145.693 0 0
97250 7 16 5 1 0.047 0.142 0.336 0.847 0.639 3.146 14 7.802 80.673 0.12 0
97250 8 16 5 1 0.047 0.142 0.336 0.847 0.639 3.069 17 7.324 82.587 0.1 0
97250 9 16 5 1 0.047 0.142 0.336 0.847 0.639 2.822 30 6.653 91.36 0.14 0
97250 10 16 5 1 0.047 0.142 0.336 0.847 0.639 12.757 7 16.791 95.067 0 0.007
97250 1 16 5 1 0.035 0.08 0.385 0.923 0.425 8.77 10 13.323 99.053 0 0
97250 2 16 5 1 0.035 0.08 0.385 0.923 0.425 3.37 13 6.132 80.42 0.233 0
97250 3 16 5 1 0.035 0.08 0.385 0.923 0.425 11.276 16 16.345 122.98 0 0
97250 1 19 10 1 0.055 0.219 0.101 0.765 0.429 66.581 289 74.078 439.88 0 0
97250 2 19 10 1 0.055 0.219 0.101 0.765 0.429 41.77 129 49.896 319.227 0 0
97250 3 19 10 1 0.055 0.219 0.101 0.765 0.429 55.685 200 66.23 454.68 0 0
97250 4 19 10 1 0.055 0.219 0.101 0.765 0.429 0 0 0 0 1 1
97250 5 19 10 1 0.055 0.219 0.101 0.765 0.429 69.618 279 78.003 495.367 0 0
97250 6 19 10 1 0.055 0.219 0.101 0.765 0.429 51.979 207 60.01 390.027 0 0
97250 7 19 10 1 0.055 0.219 0.101 0.765 0.429 40.032 92 50.128 312.007 0 0
97250 8 19 10 1 0.055 0.219 0.101 0.765 0.429 58.652 161 67.867 374.747 0 0
97250 9 19 10 1 0.055 0.219 0.101 0.765 0.429 54.185 224 64.783 406.687 0 0
97250 10 19 10 1 0.055 0.219 0.101 0.765 0.429 44.677 131 58.485 347.873 0 0
97250 1 19 10 1 0.003 0.383 0.15 0.917 0.505 19.25 101 23.04 222.193 0 0
97250 2 19 10 1 0.003 0.383 0.15 0.917 0.505 14.459 36 21.17 193.66 0 0
97250 3 19 10 1 0.003 0.383 0.15 0.917 0.505 18.045 58 22.345 158.393 0 0
97250 4 19 10 1 0.003 0.383 0.15 0.917 0.505 16.692 57 23.247 199.373 0 0
97250 5 19 10 1 0.003 0.383 0.15 0.917 0.505 6.683 49 11.516 136.46 0 0
97250 6 19 10 1 0.003 0.383 0.15 0.917 0.505 12.873 80 21.857 202.36 0 0
97250 7 19 10 1 0.003 0.383 0.15 0.917 0.505 11.728 35 16.592 180.42 0 0
97250 8 19 10 1 0.003 0.383 0.15 0.917 0.505 16.75 67 21.621 192.233 0 0
97250 9 19 10 1 0.003 0.383 0.15 0.917 0.505 7.867 56 12.664 147.12 0 0
97250 10 19 10 1 0.003 0.383 0.15 0.917 0.505 16.823 73 21.554 194.367 0 0
97250 1 19 10 1 0.055 0.028 0.455 0.941 0.143 14.369 7 21.012 108.653 0 0.173
97250 2 19 10 1 0.055 0.028 0.455 0.941 0.143 9.869 9 16.55 107.84 0 0.013
97250 3 19 10 1 0.055 0.028 0.455 0.941 0.143 17.026 11 23.058 112.847 0 0
97250 4 19 10 1 0.055 0.028 0.455 0.941 0.143 4.882 13 9.743 94.147 0.007 0
97250 5 19 10 1 0.055 0.028 0.455 0.941 0.143 4.742 10 14.071 87.093 0.04 0
97250 6 19 10 1 0.055 0.028 0.455 0.941 0.143 10.867 7 16.349 105.76 0 0.047
97250 7 19 10 1 0.055 0.028 0.455 0.941 0.143 16.597 3 23.149 117.467 0 0.08
97250 8 19 10 1 0.055 0.028 0.455 0.941 0.143 11.189 12 15.182 70 0 0
97250 9 19 10 1 0.055 0.028 0.455 0.941 0.143 14.173 7 19.794 113.367 0 0.067
97250 10 19 10 1 0.055 0.028 0.455 0.941 0.143 7.734 14 11.683 91.627 0 0
97250 1 19 10 1 0.004 0.339 0.468 0.892 0.886 12.5 11 20.589 117.84 0 0
97250 2 19 10 1 0.004 0.339 0.468 0.892 0.886 11.766 8 18.508 87.32 0 0.06
97250 3 19 10 1 0.004 0.339 0.468 0.892 0.886 9.757 7 17.408 80.607 0 0.047
97250 4 19 10 1 0.004 0.339 0.468 0.892 0.886 13.588 13 18.54 109.093 0 0
97250 5 19 10 1 0.004 0.339 0.468 0.892 0.886 9.622 10 13.388 90.64 0 0
97250 6 19 10 1 0.004 0.339 0.468 0.892 0.886 13.912 10 19.89 105.933 0 0
97250 7 19 10 1 0.004 0.339 0.468 0.892 0.886 24.09 7 30.28 113.4 0 0.047
97250 8 19 10 1 0.004 0.339 0.468 0.892 0.886 14.282 2 18.238 105 0 0.093
97250 9 19 10 1 0.004 0.339 0.468 0.892 0.886 16.053 7 23.638 127.033 0 0.053
97250 10 19 10 1 0.004 0.339 0.468 0.892 0.886 11.401 12 16.258 105.22 0 0
97250 1 19 10 1 0.019 0.259 0.412 0.892 0.469 7.377 5 12.87 102.273 0 0.08
97250 2 19 10 1 0.019 0.259 0.412 0.892 0.469 2.321 9 5.6 73.107 0.487 0.02
97250 3 19 10 1 0.019 0.259 0.412 0.892 0.469 5.514 16 8.836 94.967 0 0
97250 4 19 10 1 0.019 0.259 0.412 0.892 0.469 4.563 6 7 83.7 0.027 0.053
97250 5 19 10 1 0.019 0.259 0.412 0.892 0.469 4.366 12 8.842 91.853 0.067 0
97250 6 19 10 1 0.019 0.259 0.412 0.892 0.469 10.504 15 15.633 118.66 0 0
97250 7 19 10 1 0.019 0.259 0.412 0.892 0.469 2.928 8 7.028 90.167 0.24 0.007
97250 8 19 10 1 0.019 0.259 0.412 0.892 0.469 7.359 8 11.807 95.34 0 0.02
97250 9 19 10 1 0.019 0.259 0.412 0.892 0.469 6.404 12 10.51 106.887 0 0
97250 10 19 10 1 0.019 0.259 0.412 0.892 0.469 6.26 8 11.06 96.6 0 0.027
97250 1 19 10 1 0.046 0.41 0.341 0.847 0.861 19.73 9 23.288 99.993 0 0.053
97250 2 19 10 1 0.046 0.41 0.341 0.847 0.861 13.778 14 19.419 103.027 0 0
97250 3 19 10 1 0.046 0.41 0.341 0.847 0.861 21.946 9 27.105 103.527 0 0.02
97250 4 19 10 1 0.046 0.41 0.341 0.847 0.861 19.289 15 22.686 101.407 0 0
97250 5 19 10 1 0.046 0.41 0.341 0.847 0.861 21.151 11 27.092 138.087 0 0
97250 6 19 10 1 0.046 0.41 0.341 0.847 0.861 11.109 7 15.086 95.673 0 0.033
97250 7 19 10 1 0.046 0.41 0.341 0.847 0.861 17.115 11 26.963 102.647 0 0
97250 8 19 10 1 0.046 0.41 0.341 0.847 0.861 17.542 7 24.491 100.427 0 0.093
97250 9 19 10 1 0.046 0.41 0.341 0.847 0.861 11.595 14 15.081 102.86 0 0
97250 10 19 10 1 0.046 0.41 0.341 0.847 0.861 10.556 10 13.382 73.873 0 0
97250 1 19 10 1 0.009 0.426 0.461 0.828 0.411 2.701 16 5.9 87.327 0.38 0
97250 2 19 10 1 0.009 0.426 0.461 0.828 0.411 8.543 13 11.84 121.227 0 0
97250 1 17 5 1 0.019 0.15 0.068 0.878 0.607 10.831 76 14.65 162.92 0 0
97250 2 17 5 1 0.019 0.15 0.068 0.878 0.607 10.819 124 17.001 188.987 0 0
97250 3 17 5 1 0.019 0.15 0.068 0.878 0.607 7.854 50 10.733 143.233 0 0
97250 4 17 5 1 0.019 0.15 0.068 0.878 0.607 13.903 75 17.712 181.633 0 0
97250 5 17 5 1 0.019 0.15 0.068 0.878 0.607 7.041 75 14.81 178.987 0 0
97250 6 17 5 1 0.019 0.15 0.068 0.878 0.607 9.534 74 18.943 191.053 0 0
97250 7 17 5 1 0.019 0.15 0.068 0.878 0.607 11.498 78 20.096 171.7 0 0
97250 8 17 5 1 0.019 0.15 0.068 0.878 0.607 13.501 76 17.84 189.56 0 0
97250 9 17 5 1 0.019 0.15 0.068 0.878 0.607 10.679 84 13.983 172.48 0 0
97250 10 17 5 1 0.019 0.15 0.068 0.878 0.607 13.563 100 18.465 190.04 0 0
97250 1 17 5 1 0.071 0.301 0.214 0.868 0.734 5.539 44 9.901 103.067 0 0
97250 2 17 5 1 0.071 0.301 0.214 0.868 0.734 5.379 39 11.536 116.06 0 0
97250 3 17 5 1 0.071 0.301 0.214 0.868 0.734 6.266 28 10.634 93.98 0 0
97250 4 17 5 1 0.071 0.301 0.214 0.868 0.734 4.33 34 7.586 93.68 0.053 0
97250 5 17 5 1 0.071 0.301 0.214 0.868 0.734 2.087 37 5.722 87.053 0.193 0
97250 6 17 5 1 0.071 0.301 0.214 0.868 0.734 0 0 0 0 1 1
97250 7 17 5 1 0.071 0.301 0.214 0.868 0.734 6.161 20 10.706 106.953 0 0
97250 8 17 5 1 0.071 0.301 0.214 0.868 0.734 4.353 36 8.902 96.54 0.013 0
97250 9 17 5 1 0.071 0.301 0.214 0.868 0.734 4.952 34 7.078 93.833 0.007 0
97250 10 17 5 1 0.071 0.301 0.214 0.868 0.734 6.388 29 9.842 107.933 0 0
97250 1 17 5 1 0.089 0.481 0.077 0.864 0.657 0 0 0 0 1 1
97250 2 17 5 1 0.089 0.481 0.077 0.864 0.657 13.492 84 16.847 151.667 0 0
97250 3 17 5 1 0.089 0.481 0.077 0.864 0.657 0 0 0 0 1 1
97250 4 17 5 1 0.089 0.481 0.077 0.864 0.657 0 0 0 0 1 1
97250 5 17 5 1 0.089 0.481 0.077 0.864 0.657 1.142 35 10.498 126.733 0.14 0
97250 6 17 5 1 0.089 0.481 0.077 0.864 0.657 0 0 0 0 1 1
97250 7 17 5 1 0.089 0.481 0.077 0.864 0.657 0 3 2.15 16.067 0.847 0.467
97250 8 17 5 1 0.089 0.481 0.077 0.864 0.657 0 0 0 0 1 1
97250 9 17 5 1 0.089 0.481 0.077 0.864 0.657 0 0 0 0 1 1
97250 10 17 5 1 0.089 0.481 0.077 0.864 0.657 0 0 0 0 1 1
97250 1 17 5 1 0.003 0.354 0.025 0.754 0.15 245.28 2770 249.138 3724.493 0 0
97250 2 17 5 1 0.003 0.354 0.025 0.754 0.15 245.604 2993 249.249 3644.98 0 0
97250 3 17 5 1 0.003 0.354 0.025 0.754 0.15 246.284 2861 249.161 3569.907 0 0
97250 4 17 5 1 0.003 0.354 0.025 0.754 0.15 247.353 2741 249.275 3604.687 0 0
97250 5 17 5 1 0.003 0.354 0.025 0.754 0.15 246.01 3013 249.023 3686.987 0 0
97250 6 17 5 1 0.003 0.354 0.025 0.754 0.15 247.216 2816 249.256 3621.573 0 0
97250 7 17 5 1 0.003 0.354 0.025 0.754 0.15 246.656 2487 249.123 3373.093 0 0
97250 8 17 5 1 0.003 0.354 0.025 0.754 0.15 246.382 2748 249.268 3777.553 0 0
97250 9 17 5 1 0.003 0.354 0.025 0.754 0.15 247.119 2911 249.243 3601.34 0 0
97250 10 17 5 1 0.003 0.354 0.025 0.754 0.15 246.327 2733 249.006 3663.933 0 0
97250 1 17 5 1 0.081 0.056 0.027 0.985 0.296 0 0 0 0 1 1
97250 2 17 5 1 0.081 0.056 0.027 0.985 0.296 0 0 0 0 1 1
97250 3 17 5 1 0.081 0.056 0.027 0.985 0.296 0 0 0 0 1 1
97250 4 17 5 1 0.081 0.056 0.027 0.985 0.296 0 0 0 0 1 1
97250 5 17 5 1 0.081 0.056 0.027 0.985 0.296 0 0 0 0 1 1
97250 6 17 5 1 0.081 0.056 0.027 0.985 0.296 0 0 0 0 1 1
97250 7 17 5 1 0.081 0.056 0.027 0.985 0.296 0 0 0 0 1 1
97250 8 17 5 1 0.081 0.056 0.027 0.985 0.296 0 0 0 0 1 1
97250 9 17 5 1 0.081 0.056 0.027 0.985 0.296 0 0 0 0 1 1
97250 10 17 5 1 0.081 0.056 0.027 0.985 0.296 0 0 0 0 1 1
97250 1 17 5 1 0.033 0.01 0.357 0.831 0.513 9.223 12 14.927 89.793 0 0
97250 2 17 5 1 0.033 0.01 0.357 0.831 0.513 20.901 13 26.034 115.6 0 0
97250 3 17 5 1 0.033 0.01 0.357 0.831 0.513 19.216 21 25.103 135.807 0 0
97250 4 17 5 1 0.033 0.01 0.357 0.831 0.513 9.417 13 12.818 109.327 0 0
97250 5 17 5 1 0.033 0.01 0.357 0.831 0.513 14.617 16 19.766 110.307 0 0
97250 6 17 5 1 0.033 0.01 0.357 0.831 0.513 19.606 9 26.917 119.307 0 0.007
97250 7 17 5 1 0.033 0.01 0.357 0.831 0.513 23.127 17 27.064 110.9 0 0
97250 8 17 5 1 0.033 0.01 0.357 0.831 0.513 4.146 9 7.586 85.387 0.1 0.02
97250 1 16 8 0 0.001 0.374 0.149 0.823 0.678 0 0 0 0 1 1
97250 2 16 8 0 0.001 0.374 0.149 0.823 0.678 2.424 24 6.312 81.627 0.253 0
97250 3 16 8 0 0.001 0.374 0.149 0.823 0.678 2.832 23 5.195 75.96 0.433 0
97250 4 16 8 0 0.001 0.374 0.149 0.823 0.678 1.094 16 5.412 57.773 0.613 0
97250 5 16 8 0 0.001 0.374 0.149 0.823 0.678 5.391 8 8.437 79.02 0 0.013
97250 6 16 8 0 0.001 0.374 0.149 0.823 0.678 3.456 19 8.534 94.28 0.093 0
97250 7 16 8 0 0.001 0.374 0.149 0.823 0.678 5.217 15 7.953 78.273 0 0
97250 8 16 8 0 0.001 0.374 0.149 0.823 0.678 6.107 10 11.782 101.033 0 0
97250 9 16 8 0 0.001 0.374 0.149 0.823 0.678 2.037 20 5.857 79.56 0.373 0
97250 10 16 8 0 0.001 0.374 0.149 0.823 0.678 1.492 25 4.621 70.94 0.573 0
97250 1 16 8 0 0.114 0.021 0.448 0.99 0.659 10.266 10 14.381 81.74 0 0
97250 2 16 8 0 0.114 0.021 0.448 0.99 0.659 0 0 3.332 0.98 0.727 0.993
97250 3 16 8 0 0.114 0.021 0.448 0.99 0.659 13.077 27 16.263 96.78 0 0
97250 4 16 8 0 0.114 0.021 0.448 0.99 0.659 14.081 10 18.77 91.013 0 0
97250 5 16 8 0 0.114 0.021 0.448 0.99 0.659 8.513 11 12.766 101.033 0 0
97250 6 16 8 0 0.114 0.021 0.448 0.99 0.659 1.669 10 5.368 57.113 0.507 0
97250 7 16 8 0 0.114 0.021 0.448 0.99 0.659 14.036 9 19.455 89.42 0 0.02
97250 8 16 8 0 0.114 0.021 0.448 0.99 0.659 8.944 11 14.772 89.3 0 0
97250 9 16 8 0 0.114 0.021 0.448 0.99 0.659 16.281 11 21.705 82.087 0 0
97250 10 16 8 0 0.114 0.021 0.448 0.99 0.659 0 0 0 0 1 1
97250 1 16 8 0 0.096 0.249 0.15 0.815 0.553 9.516 19 14.032 134.387 0 0
97250 2 16 8 0 0.096 0.249 0.15 0.815 0.553 17.714 26 24.191 120.367 0 0
97250 3 16 8 0 0.096 0.249 0.15 0.815 0.553 8.627 15 18.001 159.773 0 0
97250 4 16 8 0 0.096 0.249 0.15 0.815 0.553 8.307 27 11.214 110.127 0 0
97250 5 16 8 0 0.096 0.249 0.15 0.815 0.553 2.368 48 7.97 99.247 0.333 0
97250 6 16 8 0 0.096 0.249 0.15 0.815 0.553 5.168 35 10.637 116.307 0 0
97250 7 16 8 0 0.096 0.249 0.15 0.815 0.553 11.096 16 13.988 117.3 0 0
97250 8 16 8 0 0.096 0.249 0.15 0.815 0.553 15.37 29 21.802 149.987 0 0
97250 9 16 8 0 0.096 0.249 0.15 0.815 0.553 6.977 51 12.749 140.053 0 0
97250 10 16 8 0 0.096 0.249 0.15 0.815 0.553 9.446 15 13.699 129.267 0 0
97250 1 16 8 0 0.085 0.011 0.236 0.999 0.858 0.907 15 9.353 65.893 0.24 0
97250 2 16 8 0 0.085 0.011 0.236 0.999 0.858 12.559 18 16.522 102.473 0 0
97250 3 16 8 0 0.085 0.011 0.236 0.999 0.858 14.323 11 19.251 91.68 0 0
97250 4 16 8 0 0.085 0.011 0.236 0.999 0.858 12.511 13 16.275 91.133 0 0
97250 5 16 8 0 0.085 0.011 0.236 0.999 0.858 10.845 10 16.87 117.347 0 0
97250 6 16 8 0 0.085 0.011 0.236 0.999 0.858 0.398 13 5.398 55.107 0.513 0
97250 7 16 8 0 0.085 0.011 0.236 0.999 0.858 5.429 15 12.908 92.14 0 0
97250 8 16 8 0 0.085 0.011 0.236 0.999 0.858 12.266 10 15.385 73.293 0 0
97250 9 16 8 0 0.085 0.011 0.236 0.999 0.858 6.806 13 10.964 84.373 0 0
97250 10 16 8 0 0.085 0.011 0.236 0.999 0.858 17.54 19 20.836 110.927 0 0
97250 1 16 8 0 0.111 0.279 0.499 0.87 0.401 7.416 28 10.916 92.067 0 0
97250 2 16 8 0 0.111 0.279 0.499 0.87 0.401 4.153 5 10.887 90 0.08 0.093
97250 3 16 8 0 0.111 0.279 0.499 0.87 0.401 2.958 7 6.845 68.013 0.067 0.027
97250 4 16 8 0 0.111 0.279 0.499 0.87 0.401 4.859 6 7.817 75.207 0.013 0.027
97250 5 16 8 0 0.111 0.279 0.499 0.87 0.401 2.157 15 7.224 81.32 0.167 0
97250 6 16 8 0 0.111 0.279 0.499 0.87 0.401 4.801 11 14.506 101.747 0.02 0
97250 7 16 8 0 0.111 0.279 0.499 0.87 0.401 1.939 19 5.193 67.173 0.513 0
97250 8 16 8 0 0.111 0.279 0.499 0.87 0.401 4.216 11 7.638 76.853 0.067 0
97250 9 16 8 0 0.111 0.279 0.499 0.87 0.401 2.526 14 6.371 73.373 0.333 0
97250 10 16 8 0 0.111 0.279 0.499 0.87 0.401 6.919 9 9.8 84.767 0 0.027
97250 1 16 8 0 0.113 0.241 0.033 0.795 0.65 0 0 0 0 1 1
97250 2 16 8 0 0.113 0.241 0.033 0.795 0.65 8.565 38 12.932 111.193 0 0
97250 3 16 8 0 0.113 0.241 0.033 0.795 0.65 0 0 0 0 1 1
97250 4 16 8 0 0.113 0.241 0.033 0.795 0.65 0 0 0 0 1 1
97250 5 16 8 0 0.113 0.241 0.033 0.795 0.65 0 0 0 0 1 1
97250 6 16 8 0 0.113 0.241 0.033 0.795 0.65 0 0 0 0 1 1
97250 7 16 8 0 0.113 0.241 0.033 0.795 0.65 0 0 0 0 1 1
97250 8 16 8 0 0.113 0.241 0.033 0.795 0.65 0 0 0 0 1 1
97250 9 16 8 0 0.113 0.241 0.033 0.795 0.65 0 0 0 0 1 1
97250 10 16 8 0 0.113 0.241 0.033 0.795 0.65 0 0 0 0 1 1
97250 1 16 8 0 0.084 0.378 0.446 0.863 0.306 16.859 21 23.604 138.08 0 0
97250 2 16 8 0 0.084 0.378 0.446 0.863 0.306 21.385 12 25.929 134.847 0 0
97250 3 16 8 0 0.084 0.378 0.446 0.863 0.306 24.922 14 28.863 144.667 0 0
97250 4 16 8 0 0.084 0.378 0.446 0.863 0.306 12.367 24 20.312 142.247 0 0
97250 5 16 8 0 0.084 0.378 0.446 0.863 0.306 11.356 16 17.358 122.107 0 0
97250 6 16 8 0 0.084 0.378 0.446 0.863 0.306 17.975 11 23.607 156.96 0 0
97250 7 16 8 0 0.084 0.378 0.446 0.863 0.306 6.132 16 15.586 101.867 0 0
97250 8 16 8 0 0.084 0.378 0.446 0.863 0.306 19.406 23 25.028 149.933 0 0
97250 9 16 8 0 0.084 0.378 0.446 0.863 0.306 16.468 16 20.443 140.533 0 0
97250 10 16 8 0 0.084 0.378 0.446 0.863 0.306 13.638 16 18.455 129.22 0 0
97250 1 17 9 1 0.018 0.466 0.122 0.98 0.606 4.897 58 10.04 132.227 0.013 0
97250 2 17 9 1 0.018 0.466 0.122 0.98 0.606 15.964 90 20.145 190.767 0 0
97250 3 17 9 1 0.018 0.466 0.122 0.98 0.606 0 0 0 0 1 1
97250 4 17 9 1 0.018 0.466 0.122 0.98 0.606 0 0 0 0 1 1
97250 5 17 9 1 0.018 0.466 0.122 0.98 0.606 0 0 0 0 1 1
97250 6 17 9 1 0.018 0.466 0.122 0.98 0.606 6.887 58 13.933 144.4 0 0
97250 7 17 9 1 0.018 0.466 0.122 0.98 0.606 8.261 58 12.168 165.707 0 0
97250 8 17 9 1 0.018 0.466 0.122 0.98 0.606 7.337 64 14.408 153.567 0 0
97250 9 17 9 1 0.018 0.466 0.122 0.98 0.606 3.866 26 9.91 115.267 0.073 0
97250 10 17 9 1 0.018 0.466 0.122 0.98 0.606 3.91 47 9.911 130.38 0.093 0
97250 1 17 9 1 0.106 0.346 0.387 0.788 0.57 3.218 16 7.383 86.107 0.127 0
97250 2 17 9 1 0.106 0.346 0.387 0.788 0.57 3.971 21 8.512 83.58 0.153 0
97250 3 17 9 1 0.106 0.346 0.387 0.788 0.57 2.632 10 5.172 72.253 0.527 0
97250 4 17 9 1 0.106 0.346 0.387 0.788 0.57 5.976 23 8.887 96.9 0 0
97250 5 17 9 1 0.106 0.346 0.387 0.788 0.57 7.476 15 14.612 94.387 0 0
97250 6 17 9 1 0.106 0.346 0.387 0.788 0.57 2.886 20 7.342 83.5 0.14 0
97250 7 17 9 1 0.106 0.346 0.387 0.788 0.57 7.311 13 10.619 96.873 0 0
97250 8 17 9 1 0.106 0.346 0.387 0.788 0.57 4.165 19 7.065 85.107 0.067 0
97250 9 17 9 1 0.106 0.346 0.387 0.788 0.57 2.95 15 9.694 81.867 0.207 0
97250 10 17 9 1 0.106 0.346 0.387 0.788 0.57 6.566 9 9.768 80.14 0 0.02
97250 1 17 9 1 0.038 0.381 0.088 0.886 0.543 17.821 78 26.18 213.56 0 0
97250 2 17 9 1 0.038 0.381 0.088 0.886 0.543 28.393 125 39.434 270 0 0
97250 3 17 9 1 0.038 0.381 0.088 0.886 0.543 29.271 119 37.929 269.893 0 0
97250 4 17 9 1 0.038 0.381 0.088 0.886 0.543 22.979 152 35.233 264.493 0 0
97250 5 17 9 1 0.038 0.381 0.088 0.886 0.543 28.28 129 35.876 252.753 0 0
97250 6 17 9 1 0.038 0.381 0.088 0.886 0.543 29.842 174 38.129 278.747 0 0
97250 7 17 9 1 0.038 0.381 0.088 0.886 0.543 26.796 189 38.545 301.153 0 0
97250 8 17 9 1 0.038 0.381 0.088 0.886 0.543 19.431 141 29.517 264.133 0 0
97250 9 17 9 1 0.038 0.381 0.088 0.886 0.543 25.636 151 33.657 280.1 0 0
97250 10 17 9 1 0.038 0.381 0.088 0.886 0.543 21.033 63 28.922 197.4 0 0
97250 1 17 9 1 0.026 0.329 0.474 0.751 0.127 155.253 513 166.839 808.94 0 0
97250 2 17 9 1 0.026 0.329 0.474 0.751 0.127 218.921 735 228.107 1208.387 0 0
97250 3 17 9 1 0.026 0.329 0.474 0.751 0.127 213.203 679 226.803 1100.167 0 0
97250 4 17 9 1 0.026 0.329 0.474 0.751 0.127 224.326 812 234.086 1240.733 0 0
97250 5 17 9 1 0.026 0.329 0.474 0.751 0.127 212.393 851 223.908 1226.167 0 0
97250 6 17 9 1 0.026 0.329 0.474 0.751 0.127 187.221 710 202.841 1085.427 0 0
97250 7 17 9 1 0.026 0.329 0.474 0.751 0.127 213.469 790 226.634 1121.713 0 0
97250 8 17 9 1 0.026 0.329 0.474 0.751 0.127 198.397 654 211.516 1056.633 0 0
97250 9 17 9 1 0.026 0.329 0.474 0.751 0.127 198.372 797 212.404 1140.547 0 0
97250 10 17 9 1 0.026 0.329 0.474 0.751 0.127 215.436 733 223.9 1118.227 0 0
97250 1 17 9 1 0.05 0.479 0.301 0.757 0.48 13.511 55 18.956 159.24 0 0
97250 2 17 9 1 0.05 0.479 0.301 0.757 0.48 4.421 39 10.553 123.74 0.007 0
97250 3 17 9 1 0.05 0.479 0.301 0.757 0.48 5.001 69 11.797 141.527 0 0
97250 4 17 9 1 0.05 0.479 0.301 0.757 0.48 11.803 82 18.117 170.84 0 0
97250 5 17 9 1 0.05 0.479 0.301 0.757 0.48 7.519 43 12.989 138.347 0 0
97250 6 17 9 1 0.05 0.479 0.301 0.757 0.48 9.048 31 12.647 146.02 0 0
97250 7 17 9 1 0.05 0.479 0.301 0.757 0.48 9.713 47 14.641 142.207 0 0
97250 8 17 9 1 0.05 0.479 0.301 0.757 0.48 6.713 36 10.939 126.267 0 0
97250 9 17 9 1 0.05 0.479 0.301 0.757 0.48 7.6 51 10.988 140.36 0 0
97250 10 17 9 1 0.05 0.479 0.301 0.757 0.48 10.473 68 13.666 148.853 0 0
97250 1 17 9 1 0.067 0.212 0.032 0.97 0.144 248.816 5508 249.848 6509.12 0 0
97250 1 20 7 0 0.06 0.298 0.155 0.881 0.278 239.327 358 245.556 2392.287 0 0
97250 2 20 7 0 0.06 0.298 0.155 0.881 0.278 234.231 875 244.693 2467.847 0 0
97250 3 20 7 0 0.06 0.298 0.155 0.881 0.278 240.31 344 245.585 2233.767 0 0
97250 4 20 7 0 0.06 0.298 0.155 0.881 0.278 234.331 351 245.635 2419.04 0 0
97250 5 20 7 0 0.06 0.298 0.155 0.881 0.278 236.077 38 246.082 2497.473 0 0
97250 6 20 7 0 0.06 0.298 0.155 0.881 0.278 240.264 816 245.644 2291.507 0 0
97250 7 20 7 0 0.06 0.298 0.155 0.881 0.278 237.177 296 245.62 2260.4 0 0
97250 8 20 7 0 0.06 0.298 0.155 0.881 0.278 238.733 779 245.174 2304.673 0 0
97250 9 20 7 0 0.06 0.298 0.155 0.881 0.278 237.575 377 245.638 2443.733 0 0
97250 10 20 7 0 0.06 0.298 0.155 0.881 0.278 238.327 51 246.143 2219.313 0 0
97250 1 20 7 0 0.098 0.198 0.344 0.793 0.18 46.778 55 52.094 275.193 0 0
97250 2 20 7 0 0.098 0.198 0.344 0.793 0.18 67.587 81 85.822 530.007 0 0
97250 3 20 7 0 0.098 0.198 0.344 0.793 0.18 72.333 196 89.232 528.68 0 0
97250 4 20 7 0 0.098 0.198 0.344 0.793 0.18 108.096 120 127.556 652.68 0 0
97250 5 20 7 0 0.098 0.198 0.344 0.793 0.18 45.594 16 67.75 399.567 0 0
97250 6 20 7 0 0.098 0.198 0.344 0.793 0.18 35.511 74 56.835 272.373 0 0
97250 7 20 7 0 0.098 0.198 0.344 0.793 0.18 38.582 38 45.82 275.18 0 0
97250 8 20 7 0 0.098 0.198 0.344 0.793 0.18 44.72 79 56.121 357.5 0 0
97250 9 20 7 0 0.098 0.198 0.344 0.793 0.18 40.496 80 48.317 256.453 0 0
97250 10 20 7 0 0.098 0.198 0.344 0.793 0.18 71.374 65 99.115 449.353 0 0
97250 1 20 7 0 0.057 0.035 0.1 0.788 0.566 16.509 13 23.97 133.82 0 0
97250 2 20 7 0 0.057 0.035 0.1 0.788 0.566 10.48 16 17.904 85.147 0 0
97250 3 20 7 0 0.057 0.035 0.1 0.788 0.566 25.818 14 30.11 127.847 0 0
97250 4 20 7 0 0.057 0.035 0.1 0.788 0.566 11.021 9 17.658 117.92 0 0.02
97250 5 20 7 0 0.057 0.035 0.1 0.788 0.566 23.179 15 31.904 148.4 0 0
97250 6 20 7 0 0.057 0.035 0.1 0.788 0.566 10.795 20 14.778 96.067 0 0
97250 7 20 7 0 0.057 0.035 0.1 0.788 0.566 19.942 13 27.144 136.893 0 0
97250 8 20 7 0 0.057 0.035 0.1 0.788 0.566 20.334 12 28.645 146.88 0 0
97250 9 20 7 0 0.057 0.035 0.1 0.788 0.566 16.175 12 23.925 124.673 0 0
97250 10 20 7 0 0.057 0.035 0.1 0.788 0.566 24.276 8 30.233 130.913 0 0.027
97250 1 20 7 0 0.045 0.475 0.45 0.786 0.638 20.379 12 24.899 90.067 0 0
97250 2 20 7 0 0.045 0.475 0.45 0.786 0.638 31.384 13 37.482 152.513 0 0
97250 3 20 7 0 0.045 0.475 0.45 0.786 0.638 25.501 13 29.849 134.427 0 0
97250 4 20 7 0 0.045 0.475 0.45 0.786 0.638 25.016 9 32.99 156.687 0 0.013
97250 5 20 7 0 0.045 0.475 0.45 0.786 0.638 15.856 16 20.769 107.487 0 0
97250 6 20 7 0 0.045 0.475 0.45 0.786 0.638 23.791 12 28.265 107.553 0 0
97250 7 20 7 0 0.045 0.475 0.45 0.786 0.638 17.519 12 24.277 140.973 0 0
97250 8 20 7 0 0.045 0.475 0.45 0.786 0.638 23.734 9 33.673 138.913 0 0.007
97250 9 20 7 0 0.045 0.475 0.45 0.786 0.638 21.434 6 30.618 117.24 0 0.127
97250 10 20 7 0 0.045 0.475 0.45 0.786 0.638 16 11 23.726 112.213 0 0
97250 1 20 7 0 0.054 0.18 0.13 0.982 0.167 240.024 772 247.459 2924.18 0 0
97250 2 20 7 0 0.054 0.18 0.13 0.982 0.167 243.778 1654 248.063 3027 0 0
97250 3 20 7 0 0.054 0.18 0.13 0.982 0.167 242.664 1282 247.709 2867.093 0 0
97250 4 20 7 0 0.054 0.18 0.13 0.982 0.167 237.724 1123 247.177 2885.513 0 0
97250 5 20 7 0 0.054 0.18 0.13 0.982 0.167 241.183 2024 247.728 2964.293 0 0
97250 6 20 7 0 0.054 0.18 0.13 0.982 0.167 244.297 1862 247.943 2971.667 0 0
97250 7 20 7 0 0.054 0.18 0.13 0.982 0.167 238.527 669 246.896 2913.68 0 0
97250 8 20 7 0 0.054 0.18 0.13 0.982 0.167 241.971 1435 248.078 2963.007 0 0
97250 9 20 7 0 0.054 0.18 0.13 0.982 0.167 244.528 1306 248.115 3210.9 0 0
97250 10 20 7 0 0.054 0.18 0.13 0.982 0.167 241.783 1375 247.81 2956.307 0 0
97250 1 20 7 0 0.035 0.394 0.484 0.773 0.35 8.085 11 13.69 116.48 0 0
97250 2 20 7 0 0.035 0.394 0.484 0.773 0.35 9.305 18 13.924 123.967 0 0
97250 3 20 7 0 0.035 0.394 0.484 0.773 0.35 6.034 14 8.636 107.447 0 0
97250 4 20 7 0 0.035 0.394 0.484 0.773 0.35 4.189 10 8.178 102.327 0.093 0
97250 5 20 7 0 0.035 0.394 0.484 0.773 0.35 6.826 29 9.683 109.86 0 0
97250 6 20 7 0 0.035 0.394 0.484 0.773 0.35 12.694 6 18.52 122.533 0 0.067
97250 7 20 7 0 0.035 0.394 0.484 0.773 0.35 8.341 25 12.108 93.587 0 0
97250 1 17 9 0 0.119 0.367 0.119 0.918 0.376 166.547 144 173.794 727.32 0 0
97250 2 17 9 0 0.119 0.367 0.119 0.918 0.376 195.838 55 205.319 1054.82 0 0
97250 3 17 9 0 0.119 0.367 0.119 0.918 0.376 136.617 359 149.245 758.34 0 0
97250 4 17 9 0 0.119 0.367 0.119 0.918 0.376 178.961 527 184.868 1264.793 0 0
97250 5 17 9 0 0.119 0.367 0.119 0.918 0.376 37.489 94 62.087 310.2 0 0
97250 6 17 9 0 0.119 0.367 0.119 0.918 0.376 204.337 300 215.932 976.12 0 0
97250 7 17 9 0 0.119 0.367 0.119 0.918 0.376 88.004 276 100.144 482.627 0 0
97250 8 17 9 0 0.119 0.367 0.119 0.918 0.376 198.828 334 211.516 955.273 0 0
97250 9 17 9 0 0.119 0.367 0.119 0.918 0.376 160.924 242 181.381 790.667 0 0
97250 10 17 9 0 0.119 0.367 0.119 0.918 0.376 185.474 153 201.428 980.413 0 0
97250 1 17 9 0 0.048 0.081 0.204 0.992 0.065 239.445 836 246.052 2189 0 0
97250 2 17 9 0 0.048 0.081 0.204 0.992 0.065 233.966 623 244.272 2076.487 0 0
97250 3 17 9 0 0.048 0.081 0.204 0.992 0.065 238.659 374 246.063 2061.013 0 0
97250 4 17 9 0 0.048 0.081 0.204 0.992 0.065 238.212 577 246.14 2241.533 0 0
97250 5 17 9 0 0.048 0.081 0.204 0.992 0.065 236.93 156 245.52 2080.233 0 0
97250 6 17 9 0 0.048 0.081 0.204 0.992 0.065 237.797 759 245.967 2107.067 0 0
97250 7 17 9 0 0.048 0.081 0.204 0.992 0.065 235.374 427 246.147 2351.533 0 0
97250 8 17 9 0 0.048 0.081 0.204 0.992 0.065 236.274 26 245.237 2167.68 0 0
97250 9 17 9 0 0.048 0.081 0.204 0.992 0.065 236.506 1023 242.964 2166.533 0 0
97250 10 17 9 0 0.048 0.081 0.204 0.992 0.065 237.202 218 245.358 2069.267 0 0
97250 1 17 9 0 0.06 0.024 0.042 0.845 0.44 4.414 9 7.17 71.3 0.033 0.02
97250 2 17 9 0 0.06 0.024 0.042 0.845 0.44 7.207 15 10.506 96.06 0 0
97250 3 17 9 0 0.06 0.024 0.042 0.845 0.44 12.97 11 17.364 99.733 0 0
97250 4 17 9 0 0.06 0.024 0.042 0.845 0.44 7.421 14 10.119 86.453 0 0
97250 5 17 9 0 0.06 0.024 0.042 0.845 0.44 3.792 8 8.893 74.84 0.067 0.007
97250 6 17 9 0 0.06 0.024 0.042 0.845 0.44 11.113 24 14.117 94.893 0 0
97250 7 17 9 0 0.06 0.024 0.042 0.845 0.44 3.458 14 7.044 76.047 0.087 0
97250 8 17 9 0 0.06 0.024 0.042 0.845 0.44 9.287 10 16.049 121.847 0 0
97250 9 17 9 0 0.06 0.024 0.042 0.845 0.44 10.294 10 13.708 95.7 0 0
97250 10 17 9 0 0.06 0.024 0.042 0.845 0.44 7.313 8 11.576 94.7 0 0.007
97250 1 17 9 0 0.023 0.282 0.292 0.9 0.949 8.901 10 12.753 88.447 0 0
97250 2 17 9 0 0.023 0.282 0.292 0.9 0.949 14.203 9 17.867 84.707 0 0.033
97250 3 17 9 0 0.023 0.282 0.292 0.9 0.949 11.909 13 16.953 83.86 0 0
97250 4 17 9 0 0.023 0.282 0.292 0.9 0.949 15.019 11 20.368 96.3 0 0
97250 5 17 9 0 0.023 0.282 0.292 0.9 0.949 8.125 15 13.233 89.413 0 0
97250 6 17 9 0 0.023 0.282 0.292 0.9 0.949 11.378 16 16.923 103.46 0 0
97250 7 17 9 0 0.023 0.282 0.292 0.9 0.949 15.551 15 18.871 84.66 0 0
97250 8 17 9 0 0.023 0.282 0.292 0.9 0.949 17.053 13 20.977 103.473 0 0
97250 9 17 9 0 0.023 0.282 0.292 0.9 0.949 15.415 7 20.825 90.367 0 0.02
97250 10 17 9 0 0.023 0.282 0.292 0.9 0.949 13.929 16 19.386 100.8 0 0
97250 1 17 9 0 0.063 0.083 0.491 0.964 0.698 15.136 10 20.337 103.647 0 0
97250 2 17 9 0 0.063 0.083 0.491 0.964 0.698 13.304 7 17.547 83.627 0 0.02
97250 3 17 9 0 0.063 0.083 0.491 0.964 0.698 19.374 12 25.18 112.413 0 0
97250 4 17 9 0 0.063 0.083 0.491 0.964 0.698 2.266 4 7.841 29.693 0.153 0.147
97250 5 17 9 0 0.063 0.083 0.491 0.964 0.698 13.639 4 20.682 122.273 0 0.047
97250 6 17 9 0 0.063 0.083 0.491 0.964 0.698 7.896 10 11.568 94.493 0 0
97250 7 17 9 0 0.063 0.083 0.491 0.964 0.698 9.062 13 15.23 110.96 0 0
97250 8 17 9 0 0.063 0.083 0.491 0.964 0.698 9.83 11 14.707 93.473 0 0
97250 9 17 9 0 0.063 0.083 0.491 0.964 0.698 3.196 10 8.36 76.387 0.08 0
97250 10 17 9 0 0.063 0.083 0.491 0.964 0.698 16.525 9 24.009 111.86 0 0.013
97250 1 17 9 0 0.094 0.22 0.345 0.951 0.637 4.808 6 12.842 83.127 0.007 0.087
97250 2 17 9 0 0.094 0.22 0.345 0.951 0.637 3.818 5 8.422 80.02 0.14 0.047
97250 3 17 9 0 0.094 0.22 0.345 0.951 0.637 10.568 8 16.115 106.067 0 0.013
97250 4 17 9 0 0.094 0.22 0.345 0.951 0.637 11.926 12 18.122 89.733 0 0
97250 5 17 9 0 0.094 0.22 0.345 0.951 0.637 3.609 12 6.503 70.467 0.14 0
97250 6 17 9 0 0.094 0.22 0.345 0.951 0.637 7.51 10 13.884 86.247 0 0
97250 7 17 9 0 0.094 0.22 0.345 0.951 0.637 10.732 7 18.298 101.927 0 0.013
97250 8 17 9 0 0.094 0.22 0.345 0.951 0.637 17.96 10 22.274 100.467 0 0
97250 9 17 9 0 0.094 0.22 0.345 0.951 0.637 17.124 5 23.617 109.567 0 0.02
97250 10 17 9 0 0.094 0.22 0.345 0.951 0.637 0 0 0 0 1 1
97250 1 17 9 0 0.063 0.386 0.32 0.759 0.373 19.458 28 25.11 158.213 0 0
97250 2 17 9 0 0.063 0.386 0.32 0.759 0.373 16.732 20 20.47 157.247 0 0
97250 3 17 9 0 0.063 0.386 0.32 0.759 0.373 16.912 13 24.463 148.167 0 0
97250 4 17 9 0 0.063 0.386 0.32 0.759 0.373 31.786 14 37.588 174.993 0 0
97250 5 17 9 0 0.063 0.386 0.32 0.759 0.373 23.561 39 28.117 151.287 0 0
97250 6 17 9 0 0.063 0.386 0.32 0.759 0.373 22.659 24 28.636 151.433 0 0
97250 7 17 9 0 0.063 0.386 0.32 0.759 0.373 17.689 16 23.145 159.807 0 0
97250 8 17 9 0 0.063 0.386 0.32 0.759 0.373 19.531 14 26.18 154.633 0 0
97250 9 17 9 0 0.063 0.386 0.32 0.759 0.373 15.516 15 21.831 149.047 0 0
97250 10 17 9 0 0.063 0.386 0.32 0.759 0.373 22.705 15 30.29 156.02 0 0
97250 1 17 9 0 0.074 0.245 0.129 0.961 0.05 248.594 5153 249.815 6543.567 0 0
97250 2 17 9 0 0.074 0.245 0.129 0.961 0.05 248.851 4678 249.795 5644.007 0 0
97250 3 17 9 0 0.074 0.245 0.129 0.961 0.05 248.561 4737 249.82 6129.507 0 0
97250 4 17 9 0 0.074 0.245 0.129 0.961 0.05 248.935 4769 249.827 6192.82 0 0
97250 5 17 9 0 0.074 0.245 0.129 0.961 0.05 248.418 4181 249.733 5248.687 0 0
97250 6 17 9 0 0.074 0.245 0.129 0.961 0.05 248.005 4280 249.73 5471.987 0 0
97250 7 17 9 0 0.074 0.245 0.129 0.961 0.05 248.374 4212 249.76 5493.313 0 0
97250 8 17 9 0 0.074 0.245 0.129 0.961 0.05 248.769 5027 249.798 5774.16 0 0
97250 9 17 9 0 0.074 0.245 0.129 0.961 0.05 248.278 4703 249.71 5644.82 0 0
97250 1 17 5 1 0.061 0.126 0.081 0.98 0.037 248.72 4667 249.815 5816.107 0 0
97250 2 17 5 1 0.061 0.126 0.081 0.98 0.037 248.472 4901 249.804 5812.593 0 0
97250 3 17 5 1 0.061 0.126 0.081 0.98 0.037 248.102 4505 249.781 5798.813 0 0
97250 4 17 5 1 0.061 0.126 0.081 0.98 0.037 247.084 4563 249.666 5418.68 0 0
97250 5 17 5 1 0.061 0.126 0.081 0.98 0.037 248.332 4537 249.747 5491.467 0 0
97250 6 17 5 1 0.061 0.126 0.081 0.98 0.037 248.292 4305 249.705 5291.893 0 0
97250 7 17 5 1 0.061 0.126 0.081 0.98 0.037 248.015 4927 249.695 5818.967 0 0
97250 8 17 5 1 0.061 0.126 0.081 0.98 0.037 248.204 4199 249.673 5094.113 0 0
97250 9 17 5 1 0.061 0.126 0.081 0.98 0.037 249.068 4740 249.861 5737.953 0 0
97250 10 17 5 1 0.061 0.126 0.081 0.98 0.037 248.61 4919 249.762 6157.047 0 0
97250 1 17 5 1 0.116 0.348 0.142 0.93 0.353 198.932 676 210.438 1115.467 0 0
97250 2 17 5 1 0.116 0.348 0.142 0.93 0.353 61.69 109 81.767 353.093 0 0
97250 3 17 5 1 0.116 0.348 0.142 0.93 0.353 220.468 904 225.405 1286.8 0 0
97250 4 17 5 1 0.116 0.348 0.142 0.93 0.353 155.539 666 161.76 1061.013 0 0
97250 5 17 5 1 0.116 0.348 0.142 0.93 0.353 0 0 0 0 1 1
97250 6 17 5 1 0.116 0.348 0.142 0.93 0.353 0 0 0 0 1 1
97250 7 17 5 1 0.116 0.348 0.142 0.93 0.353 34.04 161 54.971 442.073 0 0
97250 8 17 5 1 0.116 0.348 0.142 0.93 0.353 190.681 606 199.796 1145.22 0 0
97250 9 17 5 1 0.116 0.348 0.142 0.93 0.353 34.966 233 121.166 965.64 0 0
97250 10 17 5 1 0.116 0.348 0.142 0.93 0.353 0 0 0 0 1 1
97250 1 17 5 1 0.098 0.174 0.091 0.804 0.977 17.102 20 20.662 98.58 0 0
97250 2 17 5 1 0.098 0.174 0.091 0.804 0.977 20.859 17 26.144 102.32 0 0
97250 3 17 5 1 0.098 0.174 0.091 0.804 0.977 15.94 15 23.745 110.18 0 0
97250 4 17 5 1 0.098 0.174 0.091 0.804 0.977 25.325 14 36.233 135.78 0 0
97250 5 17 5 1 0.098 0.174 0.091 0.804 0.977 21.947 20 27.636 122.7 0 0
97250 6 17 5 1 0.098 0.174 0.091 0.804 0.977 16.828 7 21.476 99.48 0 0.013
97250 7 17 5 1 0.098 0.174 0.091 0.804 0.977 30.829 12 38.215 138.327 0 0
97250 8 17 5 1 0.098 0.174 0.091 0.804 0.977 8.744 13 13.472 111.1 0 0
97250 9 17 5 1 0.098 0.174 0.091 0.804 0.977 19.878 8 23.947 106 0 0.013
97250 10 17 5 1 0.098 0.174 0.091 0.804 0.977 19.73 11 23.17 116.707 0 0
97250 1 17 5 1 0.036 0.493 0.09 0.786 0.087 246.785 3565 249.45 4488.393 0 0
97250 2 17 5 1 0.036 0.493 0.09 0.786 0.087 247.311 3388 249.528 4314.68 0 0
97250 3 17 5 1 0.036 0.493 0.09 0.786 0.087 246.933 3319 249.485 4538.04 0 0
97250 4 17 5 1 0.036 0.493 0.09 0.786 0.087 247.918 3638 249.397 4319.8 0 0
97250 5 17 5 1 0.036 0.493 0.09 0.786 0.087 247.724 3159 249.334 4251.487 0 0
97250 6 17 5 1 0.036 0.493 0.09 0.786 0.087 247.429 3707 249.564 4492.28 0 0
97250 7 17 5 1 0.036 0.493 0.09 0.786 0.087 247.879 3327 249.489 4250.2 0 0
97250 8 17 5 1 0.036 0.493 0.09 0.786 0.087 246.32 3306 249.363 4204.587 0 0
97250 9 17 5 1 0.036 0.493 0.09 0.786 0.087 247.064 3344 249.439 4202.78 0 0
97250 10 17 5 1 0.036 0.493 0.09 0.786 0.087 247.393 3294 249.36 4081.193 0 0
97250 1 17 5 1 0.046 0.373 0.283 0.965 0.932 25.981 18 30.305 128.853 0 0
97250 2 17 5 1 0.046 0.373 0.283 0.965 0.932 16.964 10 22.264 109.4 0 0
97250 3 17 5 1 0.046 0.373 0.283 0.965 0.932 10.528 21 14.463 119.687 0 0
97250 4 17 5 1 0.046 0.373 0.283 0.965 0.932 22.222 13 27.237 132.773 0 0
97250 5 17 5 1 0.046 0.373 0.283 0.965 0.932 13.273 12 19.718 112.993 0 0
97250 6 17 5 1 0.046 0.373 0.283 0.965 0.932 17.488 18 22.753 109.94 0 0
97250 7 17 5 1 0.046 0.373 0.283 0.965 0.932 14.52 10 21.07 117.013 0 0
97250 8 17 5 1 0.046 0.373 0.283 0.965 0.932 22.418 11 32.098 127.28 0 0
97250 9 17 5 1 0.046 0.373 0.283 0.965 0.932 11.485 19 19.37 116.32 0 0
97250 10 17 5 1 0.046 0.373 0.283 0.965 0.932 6.238 10 14.59 107.113 0 0
97250 1 17 5 1 0.048 0.071 0.31 0.758 0.417 16.179 14 22.349 134.787 0 0
97250 2 17 5 1 0.048 0.071 0.31 0.758 0.417 5.897 28 11.162 107.627 0 0
97250 3 17 5 1 0.048 0.071 0.31 0.758 0.417 11.382 19 15.146 127.453 0 0
97250 1 17 8 1 0.038 0.088 0.354 0.767 0.984 15.97 10 22.398 121.453 0 0
97250 2 17 8 1 0.038 0.088 0.354 0.767 0.984 16.267 6 20.742 110.433 0 0.027
97250 3 17 8 1 0.038 0.088 0.354 0.767 0.984 14.543 16 21.032 113.62 0 0
97250 4 17 8 1 0.038 0.088 0.354 0.767 0.984 11.241 6 14.665 84.68 0 0.053
97250 5 17 8 1 0.038 0.088 0.354 0.767 0.984 14.131 12 17.967 105.1 0 0
97250 6 17 8 1 0.038 0.088 0.354 0.767 0.984 11.914 8 16.209 83.233 0 0.04
97250 7 17 8 1 0.038 0.088 0.354 0.767 0.984 10.738 20 16.997 97.093 0 0
97250 8 17 8 1 0.038 0.088 0.354 0.767 0.984 14.504 8 19.726 90.267 0 0.013
97250 9 17 8 1 0.038 0.088 0.354 0.767 0.984 7.919 13 11.111 96.38 0 0
97250 10 17 8 1 0.038 0.088 0.354 0.767 0.984 3.932 15 7.854 83.167 0.047 0
97250 1 17 8 1 0.042 0.288 0.074 0.937 0.513 31.408 174 43.71 332.94 0 0
97250 2 17 8 1 0.042 0.288 0.074 0.937 0.513 28.877 124 34.264 265.027 0 0
97250 3 17 8 1 0.042 0.288 0.074 0.937 0.513 38.152 201 44.968 338.753 0 0
97250 4 17 8 1 0.042 0.288 0.074 0.937 0.513 34.161 123 37.859 252.667 0 0
97250 5 17 8 1 0.042 0.288 0.074 0.937 0.513 37.336 189 47.032 337.193 0 0
97250 6 17 8 1 0.042 0.288 0.074 0.937 0.513 37.452 153 43.737 302.673 0 0
97250 7 17 8 1 0.042 0.288 0.074 0.937 0.513 37.98 201 49.73 329.033 0 0
97250 8 17 8 1 0.042 0.288 0.074 0.937 0.513 23.199 99 32.78 222.687 0 0
97250 9 17 8 1 0.042 0.288 0.074 0.937 0.513 35.433 139 45.691 300.88 0 0
97250 10 17 8 1 0.042 0.288 0.074 0.937 0.513 39.261 180 46.474 311.16 0 0
97250 1 17 8 1 0.057 0.412 0.343 0.932 0.152 238.898 1476 245.593 1975.833 0 0
97250 2 17 8 1 0.057 0.412 0.343 0.932 0.152 238.426 1498 246.306 2163.467 0 0
97250 3 17 8 1 0.057 0.412 0.343 0.932 0.152 241.392 1564 245.937 2183.86 0 0
97250 4 17 8 1 0.057 0.412 0.343 0.932 0.152 241.453 1295 247.354 2160.307 0 0
97250 5 17 8 1 0.057 0.412 0.343 0.932 0.152 239.924 1550 245.276 2118 0 0
97250 6 17 8 1 0.057 0.412 0.343 0.932 0.152 243.38 1357 247.132 2084.6 0 0
97250 7 17 8 1 0.057 0.412 0.343 0.932 0.152 238.757 1555 245.386 2033.173 0 0
97250 8 17 8 1 0.057 0.412 0.343 0.932 0.152 241.703 1702 246.704 2272.167 0 0
97250 9 17 8 1 0.057 0.412 0.343 0.932 0.152 241.973 1503 247.103 2109.267 0 0
97250 10 17 8 1 0.057 0.412 0.343 0.932 0.152 242.77 1552 246.599 2165.047 0 0
97250 1 17 8 1 0.035 0.077 0.418 0.953 0.814 20.748 10 24.803 100.967 0 0
97250 2 17 8 1 0.035 0.077 0.418 0.953 0.814 8.613 11 12.254 74.153 0 0
97250 3 17 8 1 0.035 0.077 0.418 0.953 0.814 13.185 14 18.381 94.253 0 0
97250 4 17 8 1 0.035 0.077 0.418 0.953 0.814 14.578 7 19.279 90.82 0 0.013
97250 5 17 8 1 0.035 0.077 0.418 0.953 0.814 14.19 9 19.62 98.3 0 0.013
97250 6 17 8 1 0.035 0.077 0.418 0.953 0.814 22.677 10 30.395 121.493 0 0
97250 7 17 8 1 0.035 0.077 0.418 0.953 0.814 9.923 14 13.005 87.047 0 0
97250 8 17 8 1 0.035 0.077 0.418 0.953 0.814 15.342 14 19.992 101.507 0 0
97250 9 17 8 1 0.035 0.077 0.418 0.953 0.814 15.162 13 21.093 91.4 0 0
97250 10 17 8 1 0.035 0.077 0.418 0.953 0.814 7.378 15 13.354 95.053 0 0
97250 1 17 8 1 0.032 0.486 0.193 0.919 0.734 3.708 33 6.502 81.107 0.153 0
97250 2 17 8 1 0.032 0.486 0.193 0.919 0.734 2.48 40 6.424 96.04 0.22 0
97250 3 17 8 1 0.032 0.486 0.193 0.919 0.734 1.526 29 9.135 103.527 0.113 0
97250 4 17 8 1 0.032 0.486 0.193 0.919 0.734 4.502 51 7.513 101.9 0.033 0
97250 5 17 8 1 0.032 0.486 0.193 0.919 0.734 4.956 29 7.603 90.92 0.007 0
97250 6 17 8 1 0.032 0.486 0.193 0.919 0.734 7.783 37 10.431 105.347 0 0
97250 7 17 8 1 0.032 0.486 0.193 0.919 0.734 5.217 36 9.159 102.46 0 0
97250 8 17 8 1 0.032 0.486 0.193 0.919 0.734 3.998 13 6.906 86.06 0.113 0
97250 9 17 8 1 0.032 0.486 0.193 0.919 0.734 6.532 31 9.941 100.74 0 0
97250 10 17 8 1 0.032 0.486 0.193 0.919 0.734 6.355 52 9.175 110.987 0 0
97250 1 17 8 1 0.078 0.242 0.309 0.926 0.999 16.598 8 22.298 96.12 0 0.013
97250 2 17 8 1 0.078 0.242 0.309 0.926 0.999 10.791 14 15.538 97.407 0 0
97250 3 17 8 1 0.078 0.242 0.309 0.926 0.999 13.78 14 17.66 89.527 0 0
97250 4 17 8 1 0.078 0.242 0.309 0.926 0.999 9.889 11 15.251 100.067 0 0
97250 5 17 8 1 0.078 0.242 0.309 0.926 0.999 18.736 12 22.861 99.747 0 0
97250 6 17 8 1 0.078 0.242 0.309 0.926 0.999 13.493 8 19.91 98.573 0 0.007
97250 7 17 8 1 0.078 0.242 0.309 0.926 0.999 14.637 8 20.185 81.887 0 0.013
97250 8 17 8 1 0.078 0.242 0.309 0.926 0.999 9.44 10 16.934 103.34 0 0
97250 9 17 8 1 0.078 0.242 0.309 0.926 0.999 5.426 9 9.425 74.973 0 0.007
97250 10 17 8 1 0.078 0.242 0.309 0.926 0.999 11.775 13 16.684 100.633 0 0
97250 1 17 8 1 0.076 0.13 0.425 0.895 0.943 10.328 15 16.57 86.18 0 0
97250 2 17 8 1 0.076 0.13 0.425 0.895 0.943 14.67 10 22.068 110.913 0 0
97250 3 17 8 1 0.076 0.13 0.425 0.895 0.943 6.739 15 11.333 84.127 0 0
97250 4 17 8 1 0.076 0.13 0.425 0.895 0.943 20.511 12 24.046 99.187 0 0
97250 5 17 8 1 0.076 0.13 0.425 0.895 0.943 12.685 11 18.179 104.127 0 0
97250 6 17 8 1 0.076 0.13 0.425 0.895 0.943 13.604 6 19.033 96.94 0 0.033
97250 7 17 8 1 0.076 0.13 0.425 0.895 0.943 19.452 6 23.092 83.253 0 0.047
97250 8 17 8 1 0.076 0.13 0.425 0.895 0.943 13.436 8 20.928 104.213 0 0.02
97250 9 17 8 1 0.076 0.13 0.425 0.895 0.943 9.063 13 15.038 86.3 0 0
97250 10 17 8 1 0.076 0.13 0.425 0.895 0.943 5.237 8 12.909 99 0 0.02
97250 1 17 8 1 0.002 0.022 0.296 0.875 0.291 10.546 8 15.268 100.473 0 0.013
97250 2 17 8 1 0.002 0.022 0.296 0.875 0.291 8.997 19 14.747 115.547 0 0
97250 3 17 8 1 0.002 0.022 0.296 0.875 0.291 3.211 17 5.792 72.653 0.3 0
97250 4 17 8 1 0.002 0.022 0.296 0.875 0.291 22.343 5 27.867 98.533 0 0.08
97250 5 17 8 1 0.002 0.022 0.296 0.875 0.291 5.994 8 10.615 99.28 0 0.007
97250 6 17 8 1 0.002 0.022 0.296 0.875 0.291 18.639 10 22.352 104.62 0 0
97250 7 17 8 1 0.002 0.022 0.296 0.875 0.291 8.1 9 12.209 82.227 0 0.013
97250 8 17 8 1 0.002 0.022 0.296 0.875 0.291 11.289 14 15.32 99.52 0 0
97250 1 19 9 0 0.1 0.159 0.181 0.798 0.225 205.611 138 221.589 1009.167 0 0
97250 2 19 9 0 0.1 0.159 0.181 0.798 0.225 218.611 471 229.123 1381.507 0 0
97250 3 19 9 0 0.1 0.159 0.181 0.798 0.225 193.956 124 208.684 1498.833 0 0
97250 4 19 9 0 0.1 0.159 0.181 0.798 0.225 212.451 354 221.503 1228.913 0 0
97250 5 19 9 0 0.1 0.159 0.181 0.798 0.225 191.135 258 211.159 1245.033 0 0
97250 6 19 9 0 0.1 0.159 0.181 0.798 0.225 222.729 343 232.477 1625.06 0 0
97250 7 19 9 0 0.1 0.159 0.181 0.798 0.225 219.266 52 228.362 1515.647 0 0
97250 8 19 9 0 0.1 0.159 0.181 0.798 0.225 197.517 376 205.639 1427.327 0 0
97250 9 19 9 0 0.1 0.159 0.181 0.798 0.225 200.603 89 213.131 933.053 0 0
97250 10 19 9 0 0.1 0.159 0.181 0.798 0.225 216.299 277 227.624 1422.367 0 0
97250 1 19 9 0 0.061 0.148 0.25 0.86 0.677 9.179 12 14.267 100.987 0 0
97250 2 19 9 0 0.061 0.148 0.25 0.86 0.677 4.163 11 12.323 114.007 0.047 0
97250 3 19 9 0 0.061 0.148 0.25 0.86 0.677 8.339 12 11.55 93.34 0 0
97250 4 19 9 0 0.061 0.148 0.25 0.86 0.677 2.465 6 6.074 69.233 0.353 0.053
97250 5 19 9 0 0.061 0.148 0.25 0.86 0.677 8.414 12 13.849 90.647 0 0
97250 6 19 9 0 0.061 0.148 0.25 0.86 0.677 9.346 8 15.453 103.127 0 0.033
97250 7 19 9 0 0.061 0.148 0.25 0.86 0.677 13.513 8 18.658 131.787 0 0.027
97250 8 19 9 0 0.061 0.148 0.25 0.86 0.677 3.351 8 6.556 71.62 0.173 0.04
97250 9 19 9 0 0.061 0.148 0.25 0.86 0.677 12.508 8 16.747 112.033 0 0.027
97250 10 19 9 0 0.061 0.148 0.25 0.86 0.677 13.161 10 22.111 124.127 0 0
97250 1 19 9 0 0.041 0.468 0.351 0.965 0.206 220.559 30 237.502 1274.627 0 0
97250 2 19 9 0 0.041 0.468 0.351 0.965 0.206 232.246 36 239.516 1236.107 0 0
97250 3 19 9 0 0.041 0.468 0.351 0.965 0.206 227.428 83 239.868 1284.18 0 0
97250 4 19 9 0 0.041 0.468 0.351 0.965 0.206 225.744 25 235.25 1186.38 0 0
97250 5 19 9 0 0.041 0.468 0.351 0.965 0.206 222.755 30 234.99 1362.853 0 0
97250 6 19 9 0 0.041 0.468 0.351 0.965 0.206 223.318 32 238.874 1287.373 0 0
97250 7 19 9 0 0.041 0.468 0.351 0.965 0.206 231.214 85 236.984 1183.927 0 0
97250 8 19 9 0 0.041 0.468 0.351 0.965 0.206 225.038 229 235.251 1208.573 0 0
97250 9 19 9 0 0.041 0.468 0.351 0.965 0.206 225.692 186 235.068 1256.02 0 0
97250 10 19 9 0 0.041 0.468 0.351 0.965 0.206 230.493 26 237.335 1243.653 0 0
97250 1 19 9 0 0.044 0.369 0.106 0.844 0.346 239.223 256 245.93 2195.253 0 0
97250 2 19 9 0 0.044 0.369 0.106 0.844 0.346 237.537 507 244.247 2190.12 0 0
97250 3 19 9 0 0.044 0.369 0.106 0.844 0.346 236.631 35 245.864 2390.06 0 0
97250 4 19 9 0 0.044 0.369 0.106 0.844 0.346 238.073 488 246.321 2314.793 0 0
97250 5 19 9 0 0.044 0.369 0.106 0.844 0.346 237.611 753 245.137 2220.667 0 0
97250 6 19 9 0 0.044 0.369 0.106 0.844 0.346 235.593 751 244.197 2160.513 0 0
97250 7 19 9 0 0.044 0.369 0.106 0.844 0.346 234.487 411 244.351 2262.633 0 0
97250 8 19 9 0 0.044 0.369 0.106 0.844 0.346 234.212 519 245.334 2127.893 0 0
97250 9 19 9 0 0.044 0.369 0.106 0.844 0.346 240.012 136 246.792 2229.473 0 0
97250 10 19 9 0 0.044 0.369 0.106 0.844 0.346 238 625 245.193 2342.673 0 0
97250 1 19 9 0 0.105 0.263 0.282 0.892 0.23 207.373 371 224.536 1212.927 0 0
97250 2 19 9 0 0.105 0.263 0.282 0.892 0.23 218.03 44 228.199 1154.64 0 0
97250 3 19 9 0 0.105 0.263 0.282 0.892 0.23 220.731 146 228.014 1254.053 0 0
97250 4 19 9 0 0.105 0.263 0.282 0.892 0.23 193.135 319 205.349 959.367 0 0
97250 5 19 9 0 0.105 0.263 0.282 0.892 0.23 223.101 219 233.345 1255.68 0 0
97250 6 19 9 0 0.105 0.263 0.282 0.892 0.23 215.967 37 226.387 1186.32 0 0
97250 7 19 9 0 0.105 0.263 0.282 0.892 0.23 196.473 221 205.918 910.053 0 0
97250 8 19 9 0 0.105 0.263 0.282 0.892 0.23 183.895 154 209.004 1164 0 0
97250 9 19 9 0 0.105 0.263 0.282 0.892 0.23 195.465 347 205.896 1213.74 0 0
97250 10 19 9 0 0.105 0.263 0.282 0.892 0.23 204.36 142 219.148 1101.707 0 0
97250 1 19 9 0 0.018 0.149 0.473 0.79 0.617 19.599 3 26.008 100.693 0 0.053
97250 2 19 9 0 0.018 0.149 0.473 0.79 0.617 15.295 12 20.63 97.68 0 0
97250 3 19 9 0 0.018 0.149 0.473 0.79 0.617 19.145 12 22.828 109.073 0 0
97250 4 19 9 0 0.018 0.149 0.473 0.79 0.617 6.714 8 14.692 100.873 0 0.007
97250 5 19 9 0 0.018 0.149 0.473 0.79 0.617 19.651 11 24.488 93.96 0 0
