73750 1 9 5 0.055 0.402 0.455 0.845 0.566 6.462 2 18.891 12.473 0 0.453
73750 2 9 5 0.055 0.402 0.455 0.845 0.566 0 0 0 0 1 1
73750 3 9 5 0.055 0.402 0.455 0.845 0.566 35.112 0 44.769 57.82 0 0.3
73750 4 9 5 0.055 0.402 0.455 0.845 0.566 21.085 3 27.381 77.633 0 0.107
73750 5 9 5 0.055 0.402 0.455 0.845 0.566 29.548 8 35.087 65.5 0 0.007
73750 1 9 5 0.005 0.284 0.454 0.872 0.413 0 0 0 0 1 1
73750 2 9 5 0.005 0.284 0.454 0.872 0.413 16.274 17 23.306 103.893 0 0
73750 3 9 5 0.005 0.284 0.454 0.872 0.413 27.817 12 36.068 107.187 0 0
73750 4 9 5 0.005 0.284 0.454 0.872 0.413 0 0 0 0 1 1
73750 5 9 5 0.005 0.284 0.454 0.872 0.413 0 0 0 0 1 1
73750 1 9 5 0.111 0.321 0.364 0.862 0.32 220.294 4102 234.588 6514.027 0 0
73750 2 9 5 0.111 0.321 0.364 0.862 0.32 242.983 7238 247.908 10240.753 0 0
73750 3 9 5 0.111 0.321 0.364 0.862 0.32 244.658 4672 249.118 9789.253 0 0
73750 4 9 5 0.111 0.321 0.364 0.862 0.32 244.487 5435 248.227 8481.573 0 0
73750 5 9 5 0.111 0.321 0.364 0.862 0.32 204.29 2910 210.462 4677.147 0 0
73750 1 9 5 0.079 0.015 0.41 0.939 0.285 28.489 1 33.854 56.42 0 0.187
73750 2 9 5 0.079 0.015 0.41 0.939 0.285 0 0 0 0 1 1
73750 3 9 5 0.079 0.015 0.41 0.939 0.285 27.935 3 34.438 55.313 0 0.187
73750 4 9 5 0.079 0.015 0.41 0.939 0.285 0 0 0 0 1 1
73750 5 9 5 0.079 0.015 0.41 0.939 0.285 30.467 20 38.554 82.34 0 0
73750 1 9 5 0.035 0.295 0.347 0.857 0.626 0 0 0 0 1 1
73750 2 9 5 0.035 0.295 0.347 0.857 0.626 16.896 13 23.952 77.467 0 0
73750 3 9 5 0.035 0.295 0.347 0.857 0.626 0 0 0 0 1 1
73750 4 9 5 0.035 0.295 0.347 0.857 0.626 10.29 4 21.354 48.353 0 0.187
73750 5 9 5 0.035 0.295 0.347 0.857 0.626 29.667 6 38.044 73.107 0 0.027
73750 1 9 5 0.09 0.171 0.136 0.774 0.828 0 0 0 0 1 1
73750 2 9 5 0.09 0.171 0.136 0.774 0.828 20.882 3 29.863 37.067 0 0.167
73750 3 9 5 0.09 0.171 0.136 0.774 0.828 16.197 5 25.079 68.407 0 0.073
73750 4 9 5 0.09 0.171 0.136 0.774 0.828 0 0 0 0 1 1
73750 5 9 5 0.09 0.171 0.136 0.774 0.828 0 0 0 0 1 1
73750 1 9 5 0.036 0.113 0.367 0.811 0.221 129.009 348 135.304 878.593 0 0
73750 2 9 5 0.036 0.113 0.367 0.811 0.221 114.317 117 123.697 404.1 0 0
73750 3 9 5 0.036 0.113 0.367 0.811 0.221 142.803 134 152.312 1384.673 0 0
73750 4 9 5 0.036 0.113 0.367 0.811 0.221 133.335 540 138.681 1344.18 0 0
73750 5 9 5 0.036 0.113 0.367 0.811 0.221 129.113 295 141.866 963.773 0 0
73750 1 9 5 0.025 0.492 0.346 0.977 0.185 247.199 12595 249.877 17389.6 0 0
73750 2 9 5 0.025 0.492 0.346 0.977 0.185 249 14874 249.964 17874.687 0 0
73750 3 9 5 0.025 0.492 0.346 0.977 0.185 250 17254 250 19343.067 0 0
73750 4 9 5 0.025 0.492 0.346 0.977 0.185 249.565 18498 249.996 20167.007 0 0
73750 5 9 5 0.025 0.492 0.346 0.977 0.185 249 17444 249.987 19518.38 0 0
73750 1 9 5 0.014 0.058 0.333 0.997 0.298 21.827 3 29.179 71.967 0 0.127
73750 2 9 5 0.014 0.058 0.333 0.997 0.298 19.858 2 29.965 55.56 0 0.087
73750 3 9 5 0.014 0.058 0.333 0.997 0.298 13.958 13 16.489 45.847 0 0
73750 4 9 5 0.014 0.058 0.333 0.997 0.298 13.68 0 22.739 53.607 0 0.113
73750 5 9 5 0.014 0.058 0.333 0.997 0.298 27.568 8 37.226 82.047 0 0.033
73750 1 9 5 0.114 0.101 0.192 0.872 0.762 0 0 0 0 1 1
73750 2 9 5 0.114 0.101 0.192 0.872 0.762 34.864 8 40.379 67.26 0 0.02
73750 3 9 5 0.114 0.101 0.192 0.872 0.762 33.649 18 39.658 90.133 0 0
73750 4 9 5 0.114 0.101 0.192 0.872 0.762 36.156 9 47.013 64.813 0 0.007
73750 5 9 5 0.114 0.101 0.192 0.872 0.762 0 0 0 0 1 1
73750 1 9 5 0.115 0.333 0.038 0.923 0.284 250 20084 250 21169.333 0 0
73750 2 9 5 0.115 0.333 0.038 0.923 0.284 250 19529 250 20507.813 0 0
73750 3 9 5 0.115 0.333 0.038 0.923 0.284 248.196 18578 249.945 21078.533 0 0
73750 4 9 5 0.115 0.333 0.038 0.923 0.284 250 19347 250 20345.507 0 0
73750 5 9 5 0.115 0.333 0.038 0.923 0.284 250 18782 250 21092.953 0 0
73750 1 9 5 0.043 0.086 0.34 0.767 0.26 52.577 57 62.134 322.62 0 0
73750 2 9 5 0.043 0.086 0.34 0.767 0.26 54.251 13 64.887 217.6 0 0
73750 1 9 5 0.024 0.299 0.477 0.757 0.53 38.529 2 44.961 53.98 0 0.173
73750 2 9 5 0.024 0.299 0.477 0.757 0.53 0 0 0 0 1 1
73750 3 9 5 0.024 0.299 0.477 0.757 0.53 24.096 7 32.409 67.62 0 0.027
73750 4 9 5 0.024 0.299 0.477 0.757 0.53 0 0 0 0 1 1
73750 5 9 5 0.024 0.299 0.477 0.757 0.53 0 0 0 0 1 1
73750 1 9 5 0.058 0.308 0.224 0.829 0.879 21.532 0 27.242 50.913 0 0.167
73750 2 9 5 0.058 0.308 0.224 0.829 0.879 25.405 8 32.716 75.047 0 0.007
73750 3 9 5 0.058 0.308 0.224 0.829 0.879 0 0 0 0 1 1
73750 4 9 5 0.058 0.308 0.224 0.829 0.879 0 0 0.273 0 1 1
73750 5 9 5 0.058 0.308 0.224 0.829 0.879 25.48 11 33.988 71.08 0 0
73750 1 9 5 0.009 0.36 0.352 0.863 0.545 0 0 0 0 1 1
73750 2 9 5 0.009 0.36 0.352 0.863 0.545 0 0 0 0 1 1
73750 3 9 5 0.009 0.36 0.352 0.863 0.545 13.643 11 25.108 75.273 0 0
73750 4 9 5 0.009 0.36 0.352 0.863 0.545 11.715 31 18.951 106.733 0 0
73750 5 9 5 0.009 0.36 0.352 0.863 0.545 0 0 0 0 1 1
73750 1 9 5 0.073 0.261 0.434 0.767 0.588 32.299 16 39.502 78.907 0 0
73750 2 9 5 0.073 0.261 0.434 0.767 0.588 20.758 2 46.177 68.227 0 0.133
73750 3 9 5 0.073 0.261 0.434 0.767 0.588 34.176 1 41.711 52.847 0 0.147
73750 4 9 5 0.073 0.261 0.434 0.767 0.588 31.563 3 41.722 50.333 0 0.147
73750 5 9 5 0.073 0.261 0.434 0.767 0.588 0 0 0 0 1 1
73750 1 9 5 0.037 0.229 0.268 0.857 0.561 0 0 0 0 1 1
73750 2 9 5 0.037 0.229 0.268 0.857 0.561 0 0 0 0 1 1
73750 3 9 5 0.037 0.229 0.268 0.857 0.561 44.225 12 49.228 129.553 0 0
73750 4 9 5 0.037 0.229 0.268 0.857 0.561 25.98 6 36.274 105.307 0 0.033
73750 5 9 5 0.037 0.229 0.268 0.857 0.561 36.821 11 43.388 147.813 0 0
73750 1 9 5 0.107 0.387 0.04 0.795 0.231 250 19511 250 20249.1 0 0
73750 2 9 5 0.107 0.387 0.04 0.795 0.231 250 21847 250 22611.107 0 0
73750 3 9 5 0.107 0.387 0.04 0.795 0.231 250 17790 250 19821.653 0 0
73750 4 9 5 0.107 0.387 0.04 0.795 0.231 250 21096 250 23623.24 0 0
73750 5 9 5 0.107 0.387 0.04 0.795 0.231 250 20681 250 22516.947 0 0
73750 1 9 5 0.033 0.289 0.367 0.835 0.292 239.511 5150 246.395 9060.24 0 0
73750 2 9 5 0.033 0.289 0.367 0.835 0.292 242.725 5653 247.523 8999.88 0 0
73750 3 9 5 0.033 0.289 0.367 0.835 0.292 242.54 6436 248.79 11279.313 0 0
73750 4 9 5 0.033 0.289 0.367 0.835 0.292 242.782 6545 248.567 9943.62 0 0
73750 5 9 5 0.033 0.289 0.367 0.835 0.292 241.148 5632 248.354 9009.667 0 0
73750 1 9 5 0.078 0.342 0.161 0.968 0.687 105.619 93 116.447 549.26 0 0
73750 2 9 5 0.078 0.342 0.161 0.968 0.687 159.164 384 165.654 1057.013 0 0
73750 3 9 5 0.078 0.342 0.161 0.968 0.687 128.152 182 138.51 976.953 0 0
73750 4 9 5 0.078 0.342 0.161 0.968 0.687 147.588 177 156.597 810.507 0 0
73750 5 9 5 0.078 0.342 0.161 0.968 0.687 0 0 0 0 1 1
73750 1 9 5 0.014 0.302 0.003 0.794 0.965 51.665 85 58.76 244.473 0 0
73750 2 9 5 0.014 0.302 0.003 0.794 0.965 47.767 51 57.871 236.36 0 0
73750 3 9 5 0.014 0.302 0.003 0.794 0.965 51.877 56 65.926 226.193 0 0
73750 4 9 5 0.014 0.302 0.003 0.794 0.965 53.332 93 62.594 236.26 0 0
73750 5 9 5 0.014 0.302 0.003 0.794 0.965 53.529 94 61.048 245.733 0 0
73750 1 9 5 0.041 0.031 0.032 0.931 0.6 20.064 0 30.475 33.307 0 0.28
73750 2 9 5 0.041 0.031 0.032 0.931 0.6 0 0 0.892 0 1 1
73750 3 9 5 0.041 0.031 0.032 0.931 0.6 0 0 0 0 1 1
73750 4 9 5 0.041 0.031 0.032 0.931 0.6 25.53 18 32.249 90.513 0 0
73750 5 9 5 0.041 0.031 0.032 0.931 0.6 23.272 2 33.599 62.287 0 0.113
73750 1 9 5 0.058 0.128 0.278 0.768 0.133 249 12916 249.925 17036.727 0 0
73750 2 9 5 0.058 0.128 0.278 0.768 0.133 248 13425 249.838 16425.173 0 0
73750 3 9 5 0.058 0.128 0.278 0.768 0.133 247.873 12478 249.871 15131.52 0 0
73750 4 9 5 0.058 0.128 0.278 0.768 0.133 249.476 11961 249.994 17314.473 0 0
73750 5 9 5 0.058 0.128 0.278 0.768 0.133 249.565 15126 249.992 18327.633 0 0
73750 1 9 5 0.057 0.098 0.039 0.849 0.368 250 18488 250 20617.02 0 0
73750 2 9 5 0.057 0.098 0.039 0.849 0.368 247 17043 249.83 19495.28 0 0
73750 3 9 5 0.057 0.098 0.039 0.849 0.368 249.61 17396 249.995 18929.973 0 0
73750 4 9 5 0.057 0.098 0.039 0.849 0.368 250 17689 250 19254.327 0 0
73750 5 9 5 0.057 0.098 0.039 0.849 0.368 249 16373 249.957 20191.687 0 0
73750 1 9 5 0.04 0.306 0.275 0.947 0.127 247 15840 249.856 18756.307 0 0
73750 2 9 5 0.04 0.306 0.275 0.947 0.127 246.05 13403 249.763 17641.84 0 0
73750 3 9 5 0.04 0.306 0.275 0.947 0.127 248.987 16169 249.969 18171.933 0 0
73750 4 9 5 0.04 0.306 0.275 0.947 0.127 250 17068 250 18978.233 0 0
73750 5 9 5 0.04 0.306 0.275 0.947 0.127 249.894 17498 249.999 19134.92 0 0
73750 1 9 5 0.066 0.101 0.332 0.845 0.581 22.423 9 30.618 69.687 0 0.013
73750 2 9 5 0.066 0.101 0.332 0.845 0.581 0 0 0 0 1 1
73750 3 9 5 0.066 0.101 0.332 0.845 0.581 0 0 0 0 1 1
73750 4 9 5 0.066 0.101 0.332 0.845 0.581 0 0 0 0 1 1
73750 5 9 5 0.066 0.101 0.332 0.845 0.581 0 0 0 0 1 1
73750 1 9 5 0.078 0.092 0.237 0.81 0.658 27.401 2 39.522 57.2 0 0.107
73750 2 9 5 0.078 0.092 0.237 0.81 0.658 0 0 0 0 1 1
73750 3 9 5 0.078 0.092 0.237 0.81 0.658 0 0 0 0 1 1
73750 4 9 5 0.078 0.092 0.237 0.81 0.658 29.72 1 36.713 40.573 0 0.167
73750 5 9 5 0.078 0.092 0.237 0.81 0.658 26.912 13 33.028 87.307 0 0
73750 1 9 5 0.109 0.044 0.471 0.957 0.542 0 0 0 0 1 1
73750 2 9 5 0.109 0.044 0.471 0.957 0.542 26.522 7 32.91 83.26 0 0.007
73750 3 9 5 0.109 0.044 0.471 0.957 0.542 37.509 3 44.546 78.08 0 0.067
73750 4 9 5 0.109 0.044 0.471 0.957 0.542 27.826 12 32.552 88.347 0 0
73750 5 9 5 0.109 0.044 0.471 0.957 0.542 30.24 1 39.88 37.753 0 0.2
73750 1 9 5 0.054 0.064 0.126 0.935 0.601 21.001 2 37.213 52.42 0 0.147
73750 2 9 5 0.054 0.064 0.126 0.935 0.601 27.289 2 33.586 57.167 0 0.113
73750 3 9 5 0.054 0.064 0.126 0.935 0.601 0 0 0 0 1 1
73750 4 9 5 0.054 0.064 0.126 0.935 0.601 20.284 3 29.595 73.267 0 0.147
73750 5 9 5 0.054 0.064 0.126 0.935 0.601 0 0 0 0 1 1
73750 1 9 5 0.017 0.394 0.48 0.845 0.018 249.987 17521 250 20203.393 0 0
73750 2 9 5 0.017 0.394 0.48 0.845 0.018 249.987 16122 250 20555.653 0 0
73750 3 9 5 0.017 0.394 0.48 0.845 0.018 249 17564 249.984 19611.74 0 0
73750 4 9 5 0.017 0.394 0.48 0.845 0.018 248.291 15090 249.949 18994.293 0 0
73750 5 9 5 0.017 0.394 0.48 0.845 0.018 249 15377 249.936 18146.507 0 0
73750 1 9 5 0.114 0.455 0.285 0.958 0.257 250 18090 250 19086.58 0 0
73750 2 9 5 0.114 0.455 0.285 0.958 0.257 249.43 14348 249.986 16962.46 0 0
73750 3 9 5 0.114 0.455 0.285 0.958 0.257 249.521 17602 249.997 18998.467 0 0
73750 4 9 5 0.114 0.455 0.285 0.958 0.257 249.148 16921 249.989 19061.007 0 0
73750 1 9 5 0.042 0.134 0.109 0.899 0.74 0 0 0 0 1 1
73750 2 9 5 0.042 0.134 0.109 0.899 0.74 0 1 0.429 1.04 1 1
73750 3 9 5 0.042 0.134 0.109 0.899 0.74 21.046 10 26.253 78.587 0 0
73750 4 9 5 0.042 0.134 0.109 0.899 0.74 0 0 0 0 1 1
73750 5 9 5 0.042 0.134 0.109 0.899 0.74 15.08 7 26.329 101.987 0 0.007
73750 1 9 5 0.038 0.174 0.374 0.969 0.2 241.577 6314 246.174 9048.153 0 0
73750 2 9 5 0.038 0.174 0.374 0.969 0.2 241.38 4832 246.687 9746.133 0 0
73750 3 9 5 0.038 0.174 0.374 0.969 0.2 239.685 5169 246.193 8822.5 0 0
73750 4 9 5 0.038 0.174 0.374 0.969 0.2 245.39 5821 249.104 10033.653 0 0
73750 5 9 5 0.038 0.174 0.374 0.969 0.2 233.717 3254 244.476 8616.62 0 0
73750 1 9 5 0.088 0.177 0.258 0.815 0.416 141.936 475 151.258 1211.727 0 0
73750 2 9 5 0.088 0.177 0.258 0.815 0.416 99.932 55 118.056 601.773 0 0
73750 3 9 5 0.088 0.177 0.258 0.815 0.416 126.508 325 135.23 892.667 0 0
73750 4 9 5 0.088 0.177 0.258 0.815 0.416 119.918 229 125.667 776.347 0 0
73750 5 9 5 0.088 0.177 0.258 0.815 0.416 144.907 195 152.125 912.307 0 0
73750 1 9 5 0.092 0.256 0.467 0.895 0.004 250 19504 250 20746.227 0 0
73750 2 9 5 0.092 0.256 0.467 0.895 0.004 250 18109 250 20077.133 0 0
73750 3 9 5 0.092 0.256 0.467 0.895 0.004 250 16825 250 18771.493 0 0
73750 4 9 5 0.092 0.256 0.467 0.895 0.004 250 18173 250 19849.033 0 0
73750 5 9 5 0.092 0.256 0.467 0.895 0.004 250 18180 250 19749.327 0 0
73750 1 9 5 0.049 0.166 0.252 0.817 0.792 0 0 0 0 1 1
73750 2 9 5 0.049 0.166 0.252 0.817 0.792 0 0 0 0 1 1
73750 3 9 5 0.049 0.166 0.252 0.817 0.792 11.539 7 14.089 33.767 0 0.093
73750 4 9 5 0.049 0.166 0.252 0.817 0.792 36.804 6 49.57 80.313 0 0.04
73750 5 9 5 0.049 0.166 0.252 0.817 0.792 18.613 2 28.848 30.993 0 0.407
73750 1 9 5 0.052 0.333 0.107 0.795 0.311 250 18372 250 20034.587 0 0
73750 2 9 5 0.052 0.333 0.107 0.795 0.311 250 20257 250 21363.813 0 0
73750 3 9 5 0.052 0.333 0.107 0.795 0.311 250 19084 250 20164.513 0 0
73750 4 9 5 0.052 0.333 0.107 0.795 0.311 250 19416 250 21254.913 0 0
73750 5 9 5 0.052 0.333 0.107 0.795 0.311 250 19022 250 20327.807 0 0
73750 1 9 5 0.04 0.447 0.263 0.844 0.283 249.384 15480 249.99 17140.747 0 0
73750 2 9 5 0.04 0.447 0.263 0.844 0.283 248.189 12409 249.872 15858.36 0 0
73750 3 9 5 0.04 0.447 0.263 0.844 0.283 247.633 12098 249.922 15888.96 0 0
73750 4 9 5 0.04 0.447 0.263 0.844 0.283 249.565 13545 249.996 18164.793 0 0
73750 5 9 5 0.04 0.447 0.263 0.844 0.283 249 16199 249.968 17581.807 0 0
73750 1 9 5 0.086 0.194 0.063 0.997 0.19 250 20043 250 21796.487 0 0
73750 2 9 5 0.086 0.194 0.063 0.997 0.19 250 21037 250 22643.467 0 0
73750 1 9 6 0.012 0.312 0.386 0.956 0.405 45.118 5 53.895 105.067 0 0.013
73750 2 9 6 0.012 0.312 0.386 0.956 0.405 29.059 4 35.812 126.5 0 0.047
73750 3 9 6 0.012 0.312 0.386 0.956 0.405 0 0 0 0 1 1
73750 4 9 6 0.012 0.312 0.386 0.956 0.405 0.977 0 8.011 2.44 0.393 0.933
73750 5 9 6 0.012 0.312 0.386 0.956 0.405 0 0 0 0 1 1
73750 1 9 6 0.032 0.084 0.043 0.867 0.241 250 20515 250 21628.02 0 0
73750 2 9 6 0.032 0.084 0.043 0.867 0.241 250 20521 250 21153.327 0 0
73750 3 9 6 0.032 0.084 0.043 0.867 0.241 250 20573 250 21902.04 0 0
73750 4 9 6 0.032 0.084 0.043 0.867 0.241 250 20649 250 21544.507 0 0
73750 5 9 6 0.032 0.084 0.043 0.867 0.241 250 20259 250 21804.613 0 0
73750 1 9 6 0.083 0.026 0.492 0.981 0.278 36.099 1 44.201 47.08 0 0.213
73750 2 9 6 0.083 0.026 0.492 0.981 0.278 43.299 0 50.889 36.167 0 0.26
73750 3 9 6 0.083 0.026 0.492 0.981 0.278 40.9 1 46.783 51.373 0 0.18
73750 4 9 6 0.083 0.026 0.492 0.981 0.278 35.849 4 43.013 51.8 0 0.1
73750 5 9 6 0.083 0.026 0.492 0.981 0.278 41.276 4 46.223 90.153 0 0.02
73750 1 9 6 0.112 0.336 0.44 0.792 0.939 51.961 1 59.307 38.74 0 0.253
73750 2 9 6 0.112 0.336 0.44 0.792 0.939 41.087 6 50.993 63.707 0 0.093
73750 3 9 6 0.112 0.336 0.44 0.792 0.939 32.632 1 41.553 58.027 0 0.173
73750 4 9 6 0.112 0.336 0.44 0.792 0.939 37.469 4 50.058 30.727 0 0.273
73750 5 9 6 0.112 0.336 0.44 0.792 0.939 32.53 1 46.474 37.233 0 0.36
73750 1 9 6 0.099 0.097 0.382 0.982 0.433 42.598 2 46.833 35.74 0 0.187
73750 2 9 6 0.099 0.097 0.382 0.982 0.433 43.398 0 53.988 24.493 0 0.473
73750 3 9 6 0.099 0.097 0.382 0.982 0.433 37.796 4 46.083 53.04 0 0.073
73750 4 9 6 0.099 0.097 0.382 0.982 0.433 40.093 0 46.426 39.82 0 0.26
73750 5 9 6 0.099 0.097 0.382 0.982 0.433 46.276 0 52.588 29.413 0 0.253
73750 1 9 6 0.044 0.069 0.316 0.936 0.068 247 11747 249.577 15064.593 0 0
73750 2 9 6 0.044 0.069 0.316 0.936 0.068 244.272 8935 248.469 13380.873 0 0
73750 3 9 6 0.044 0.069 0.316 0.936 0.068 246.097 8339 249.245 12872.847 0 0
73750 4 9 6 0.044 0.069 0.316 0.936 0.068 247.304 9998 249.804 14531.793 0 0
73750 5 9 6 0.044 0.069 0.316 0.936 0.068 246.244 11247 249.344 14746.127 0 0
73750 1 9 6 0.049 0.039 0.195 0.813 0.091 246 7003 248.818 10481.407 0 0
73750 2 9 6 0.049 0.039 0.195 0.813 0.091 244.717 4430 248.741 9800.313 0 0
73750 3 9 6 0.049 0.039 0.195 0.813 0.091 243.149 5106 248.756 10435.36 0 0
73750 4 9 6 0.049 0.039 0.195 0.813 0.091 231.546 4608 241.104 7469.973 0 0
73750 5 9 6 0.049 0.039 0.195 0.813 0.091 242 6100 248.063 10995.613 0 0
73750 1 9 6 0.029 0.24 0.142 0.92 0.166 248.05 16899 249.926 21730.233 0 0
73750 2 9 6 0.029 0.24 0.142 0.92 0.166 250 17310 250 19552.113 0 0
73750 3 9 6 0.029 0.24 0.142 0.92 0.166 249.148 19740 249.987 21462.52 0 0
73750 4 9 6 0.029 0.24 0.142 0.92 0.166 249.099 15381 249.974 19144.82 0 0
73750 5 9 6 0.029 0.24 0.142 0.92 0.166 249 18700 249.974 19778.253 0 0
73750 1 9 6 0.072 0.016 0.448 0.943 0.994 45.293 1 54.506 30.047 0 0.3
73750 2 9 6 0.072 0.016 0.448 0.943 0.994 53.478 1 60.288 47.053 0 0.233
73750 3 9 6 0.072 0.016 0.448 0.943 0.994 34.877 3 45.157 55.72 0 0.12
73750 4 9 6 0.072 0.016 0.448 0.943 0.994 32.934 2 42.202 45.107 0 0.127
73750 5 9 6 0.072 0.016 0.448 0.943 0.994 0 0 0 0 1 1
73750 1 9 6 0.097 0.277 0.227 0.834 0.502 176.074 1033 185.78 2388.92 0 0
73750 2 9 6 0.097 0.277 0.227 0.834 0.502 180.071 1470 198.395 3060.7 0 0
73750 3 9 6 0.097 0.277 0.227 0.834 0.502 182.485 757 194.581 1573.607 0 0
73750 4 9 6 0.097 0.277 0.227 0.834 0.502 183.195 1321 192.071 2592.373 0 0
73750 5 9 6 0.097 0.277 0.227 0.834 0.502 190.62 1893 204.727 3826.893 0 0
73750 1 9 6 0.117 0.42 0.092 0.824 0.945 44.893 1 52.785 46.767 0 0.167
73750 2 9 6 0.117 0.42 0.092 0.824 0.945 42.439 1 54.571 61.373 0 0.073
73750 3 9 6 0.117 0.42 0.092 0.824 0.945 48.346 2 52.47 29.967 0 0.327
73750 4 9 6 0.117 0.42 0.092 0.824 0.945 43.481 5 49.748 41.64 0 0.147
73750 5 9 6 0.117 0.42 0.092 0.824 0.945 0 0 0 0 1 1
73750 1 9 6 0.118 0.054 0.001 0.839 0.354 234.703 5281 239.991 6065.4 0 0
73750 2 9 6 0.118 0.054 0.001 0.839 0.354 243.971 5091 246.562 6665.42 0 0
73750 3 9 6 0.118 0.054 0.001 0.839 0.354 229.023 4203 238.801 6184.113 0 0
73750 4 9 6 0.118 0.054 0.001 0.839 0.354 241.806 5644 245.975 6755.4 0 0
73750 5 9 6 0.118 0.054 0.001 0.839 0.354 226.981 5239 231.411 6226.607 0 0
73750 1 9 6 0.052 0.045 0.082 0.77 0.145 249 16017 249.977 18909.793 0 0
73750 2 9 6 0.052 0.045 0.082 0.77 0.145 249.05 15704 249.905 17653.693 0 0
73750 3 9 6 0.052 0.045 0.082 0.77 0.145 248.39 15551 249.933 17906.187 0 0
73750 4 9 6 0.052 0.045 0.082 0.77 0.145 244.546 13148 249.303 17661.967 0 0
73750 5 9 6 0.052 0.045 0.082 0.77 0.145 249.244 14326 249.975 17686.613 0 0
73750 1 9 6 0.049 0.357 0.298 0.909 0.778 45.347 3 54.41 42.727 0 0.147
73750 2 9 6 0.049 0.357 0.298 0.909 0.778 39.335 2 53.198 51.747 0 0.187
73750 3 9 6 0.049 0.357 0.298 0.909 0.778 42.405 4 48.039 39.213 0 0.2
73750 4 9 6 0.049 0.357 0.298 0.909 0.778 40.223 2 46.819 48.06 0 0.367
73750 5 9 6 0.049 0.357 0.298 0.909 0.778 57.488 0 67.734 42.96 0 0.267
73750 1 9 6 0.074 0.2 0.283 0.85 0.265 245.987 9205 248.54 11834.687 0 0
73750 2 9 6 0.074 0.2 0.283 0.85 0.265 237.179 6536 242.067 9673.72 0 0
73750 3 9 6 0.074 0.2 0.283 0.85 0.265 245.054 6982 249.021 10622.167 0 0
73750 4 9 6 0.074 0.2 0.283 0.85 0.265 240.155 6258 248.154 11359.107 0 0
73750 5 9 6 0.074 0.2 0.283 0.85 0.265 234.259 7096 246.008 11213.52 0 0
73750 1 9 6 0.068 0.272 0.02 0.841 0.017 250 20815 250 22585.987 0 0
73750 2 9 6 0.068 0.272 0.02 0.841 0.017 250 22198 250 23162.087 0 0
73750 3 9 6 0.068 0.272 0.02 0.841 0.017 250 22805 250 24027.973 0 0
73750 4 9 6 0.068 0.272 0.02 0.841 0.017 250 22387 250 23118.3 0 0
73750 5 9 6 0.068 0.272 0.02 0.841 0.017 250 22509 250 23281.28 0 0
73750 1 9 6 0.081 0.051 0.304 0.903 0.514 35.039 8 45.338 54.053 0 0.047
73750 2 9 6 0.081 0.051 0.304 0.903 0.514 34.205 7 47.004 63.673 0 0.053
73750 3 9 6 0.081 0.051 0.304 0.903 0.514 29.327 12 42.538 74.667 0 0
73750 4 9 6 0.081 0.051 0.304 0.903 0.514 38.054 1 48.278 37.12 0 0.287
73750 5 9 6 0.081 0.051 0.304 0.903 0.514 0 0 0 0 1 1
73750 1 9 6 0.078 0.066 0.286 0.813 0.049 249 13465 249.951 17140.093 0 0
73750 2 9 6 0.078 0.066 0.286 0.813 0.049 249.296 15245 249.99 16648.253 0 0
73750 3 9 6 0.078 0.066 0.286 0.813 0.049 248.965 14618 249.984 16971.627 0 0
73750 4 9 6 0.078 0.066 0.286 0.813 0.049 249.338 15091 249.985 17277.187 0 0
73750 5 9 6 0.078 0.066 0.286 0.813 0.049 249 15004 249.978 17321.6 0 0
73750 1 9 6 0.092 0.362 0.274 0.761 0.157 249.824 18989 249.999 20390.473 0 0
73750 2 9 6 0.092 0.362 0.274 0.761 0.157 248 15940 249.92 18666.933 0 0
73750 3 9 6 0.092 0.362 0.274 0.761 0.157 248.521 13710 249.942 18297.18 0 0
73750 4 9 6 0.092 0.362 0.274 0.761 0.157 249.906 16956 249.999 18571.973 0 0
73750 5 9 6 0.092 0.362 0.274 0.761 0.157 249.338 16060 249.996 18353.5 0 0
73750 1 9 6 0.011 0.034 0.412 0.768 0.419 42.481 1 52.151 50.133 0 0.293
73750 2 9 6 0.011 0.034 0.412 0.768 0.419 47.19 0 57.01 31.427 0 0.387
73750 3 9 6 0.011 0.034 0.412 0.768 0.419 52.268 0 59.585 45.673 0 0.167
73750 4 9 6 0.011 0.034 0.412 0.768 0.419 40.422 2 49.782 49.413 0 0.227
73750 5 9 6 0.011 0.034 0.412 0.768 0.419 45.729 0 54.186 42.24 0 0.18
73750 1 9 6 0.049 0.462 0.402 0.833 0.144 249.196 15234 249.978 17143.493 0 0
73750 2 9 6 0.049 0.462 0.402 0.833 0.144 249 13985 249.958 17920.967 0 0
73750 3 9 6 0.049 0.462 0.402 0.833 0.144 247.198 14390 249.916 17926.947 0 0
73750 4 9 6 0.049 0.462 0.402 0.833 0.144 248.166 14784 249.903 16821.487 0 0
73750 5 9 6 0.049 0.462 0.402 0.833 0.144 248.553 17259 249.964 19089.24 0 0
73750 1 9 6 0.092 0.466 0.401 0.942 0.083 249 16599 249.966 18660.94 0 0
73750 2 9 6 0.092 0.466 0.401 0.942 0.083 246.392 15940 249.873 18700.96 0 0
73750 3 9 6 0.092 0.466 0.401 0.942 0.083 248.08 13329 249.922 16433.487 0 0
73750 4 9 6 0.092 0.466 0.401 0.942 0.083 249.565 16251 249.996 18553.087 0 0
73750 5 9 6 0.092 0.466 0.401 0.942 0.083 249.696 16634 249.995 17968.553 0 0
73750 1 9 6 0.017 0.201 0.007 0.949 0.454 250 23740 250 24818.74 0 0
73750 2 9 6 0.017 0.201 0.007 0.949 0.454 250 20773 250 22704.313 0 0
73750 3 9 6 0.017 0.201 0.007 0.949 0.454 250 20921 250 23344.453 0 0
73750 1 9 6 0.104 0.026 0.429 0.894 0.993 53.214 3 58.523 55.407 0 0.093
73750 2 9 6 0.104 0.026 0.429 0.894 0.993 0 0 0 0 1 1
73750 3 9 6 0.104 0.026 0.429 0.894 0.993 37.528 7 50.203 58.013 0 0.02
73750 4 9 6 0.104 0.026 0.429 0.894 0.993 35.635 12 39.886 58.027 0 0
73750 5 9 6 0.104 0.026 0.429 0.894 0.993 44.471 2 51.833 32.8 0 0.28
73750 1 9 6 0.044 0.047 0.484 0.814 0.237 45.133 3 62.516 55.973 0 0.32
73750 2 9 6 0.044 0.047 0.484 0.814 0.237 45.431 1 50.415 50.927 0 0.173
73750 3 9 6 0.044 0.047 0.484 0.814 0.237 42.627 1 49.406 54.36 0 0.18
73750 4 9 6 0.044 0.047 0.484 0.814 0.237 40.385 2 50.917 48.153 0 0.067
73750 5 9 6 0.044 0.047 0.484 0.814 0.237 1.1 0 9.377 11.873 0.313 0.567
73750 1 9 6 0.114 0.285 0.424 0.838 0.832 40.853 2 45.661 46.333 0 0.113
73750 2 9 6 0.114 0.285 0.424 0.838 0.832 44.47 4 51.012 54.12 0 0.08
73750 3 9 6 0.114 0.285 0.424 0.838 0.832 21.377 8 30.742 70.013 0 0.02
73750 4 9 6 0.114 0.285 0.424 0.838 0.832 42.769 2 49.444 41.707 0 0.167
73750 5 9 6 0.114 0.285 0.424 0.838 0.832 45.746 1 52.424 33.073 0 0.213
73750 1 9 6 0.096 0.05 0.226 0.776 0.912 49.319 5 56.756 61.807 0 0.1
73750 2 9 6 0.096 0.05 0.226 0.776 0.912 43.621 0 49.158 43.1 0 0.273
73750 3 9 6 0.096 0.05 0.226 0.776 0.912 56.49 0 65.603 31.76 0 0.48
73750 4 9 6 0.096 0.05 0.226 0.776 0.912 42.506 0 48.098 35.013 0 0.26
73750 5 9 6 0.096 0.05 0.226 0.776 0.912 42.677 4 54.538 49.813 0 0.113
73750 1 9 6 0.047 0.4 0.245 0.992 0.656 0 0 0 0 1 1
73750 2 9 6 0.047 0.4 0.245 0.992 0.656 11.941 18 20.993 88.247 0 0
73750 3 9 6 0.047 0.4 0.245 0.992 0.656 20.78 15 28.402 106.1 0 0
73750 4 9 6 0.047 0.4 0.245 0.992 0.656 19.402 4 38.861 68 0 0.087
73750 5 9 6 0.047 0.4 0.245 0.992 0.656 0 0 0 0 1 1
73750 1 9 6 0.117 0.448 0.44 0.976 0.626 0 0 0 0 1 1
73750 2 9 6 0.117 0.448 0.44 0.976 0.626 36.265 0 53.547 50.26 0 0.333
73750 3 9 6 0.117 0.448 0.44 0.976 0.626 50.432 1 56.158 40.527 0 0.273
73750 4 9 6 0.117 0.448 0.44 0.976 0.626 40.542 2 49.207 44.813 0 0.18
73750 5 9 6 0.117 0.448 0.44 0.976 0.626 40.267 3 46.334 43.82 0 0.213
73750 1 9 6 0.068 0.231 0.349 0.774 0.335 149.206 248 159.309 1475.1 0 0
73750 2 9 6 0.068 0.231 0.349 0.774 0.335 171.006 753 179.455 1659.893 0 0
73750 3 9 6 0.068 0.231 0.349 0.774 0.335 159.653 368 172.311 2160.56 0 0
73750 4 9 6 0.068 0.231 0.349 0.774 0.335 149.214 333 156.629 812.447 0 0
73750 5 9 6 0.068 0.231 0.349 0.774 0.335 156.366 979 169.59 2083.387 0 0
73750 1 9 6 0.119 0.352 0.179 0.974 0.07 250 20856 250 22316.613 0 0
73750 2 9 6 0.119 0.352 0.179 0.974 0.07 250 19887 250 21485.793 0 0
73750 3 9 6 0.119 0.352 0.179 0.974 0.07 250 19855 250 21282.68 0 0
73750 4 9 6 0.119 0.352 0.179 0.974 0.07 249.906 19452 249.999 21136.367 0 0
73750 5 9 6 0.119 0.352 0.179 0.974 0.07 250 19134 250 20231.087 0 0
73750 1 9 6 0.094 0.226 0.338 0.978 0.813 45.992 2 53.715 47.573 0 0.1
73750 2 9 6 0.094 0.226 0.338 0.978 0.813 47.687 0 56.107 35.233 0 0.353
73750 3 9 6 0.094 0.226 0.338 0.978 0.813 39.151 4 53.257 50.767 0 0.187
73750 4 9 6 0.094 0.226 0.338 0.978 0.813 33.651 4 39.56 52.167 0 0.073
73750 5 9 6 0.094 0.226 0.338 0.978 0.813 34.529 5 45.987 57.547 0 0.027
73750 1 9 6 0.008 0.453 0.36 0.886 0.48 15.03 4 22.088 113.547 0 0.013
73750 2 9 6 0.008 0.453 0.36 0.886 0.48 0 0 0 0 1 1
73750 3 9 6 0.008 0.453 0.36 0.886 0.48 0 0 0 0 1 1
73750 4 9 6 0.008 0.453 0.36 0.886 0.48 0 0 0 0 1 1
73750 5 9 6 0.008 0.453 0.36 0.886 0.48 27.284 13 35.286 154.627 0 0
73750 1 9 6 0.054 0.056 0.354 0.915 1 45.373 1 53.644 35.22 0 0.273
73750 2 9 6 0.054 0.056 0.354 0.915 1 50.381 0 56.793 35.327 0 0.407
73750 3 9 6 0.054 0.056 0.354 0.915 1 37.473 7 43.346 62.247 0 0.02
73750 4 9 6 0.054 0.056 0.354 0.915 1 53.471 0 63.018 41.66 0 0.24
73750 5 9 6 0.054 0.056 0.354 0.915 1 42.64 1 56.773 36.18 0 0.433
73750 1 9 6 0.034 0.096 0.349 0.962 0.281 20.716 4 36.376 89.44 0 0.093
73750 2 9 6 0.034 0.096 0.349 0.962 0.281 0 0 0 0 1 1
73750 3 9 6 0.034 0.096 0.349 0.962 0.281 0 0 0 0 1 1
73750 4 9 6 0.034 0.096 0.349 0.962 0.281 0 0 0 0 1 1
73750 5 9 6 0.034 0.096 0.349 0.962 0.281 37.013 8 46.808 126.013 0 0.047
73750 1 9 6 0.11 0.424 0.22 0.796 0.292 249.782 17085 249.998 18894 0 0
73750 2 9 6 0.11 0.424 0.22 0.796 0.292 249.476 16059 249.996 18369.507 0 0
73750 3 9 6 0.11 0.424 0.22 0.796 0.292 247.384 14362 249.854 17738.58 0 0
73750 1 9 7 0.034 0.267 0.02 0.923 0.184 250 21528 250 22581.453 0 0
73750 2 9 7 0.034 0.267 0.02 0.923 0.184 250 20218 250 22630.713 0 0
73750 3 9 7 0.034 0.267 0.02 0.923 0.184 250 23215 250 24545.787 0 0
73750 4 9 7 0.034 0.267 0.02 0.923 0.184 250 21595 250 22537.247 0 0
73750 5 9 7 0.034 0.267 0.02 0.923 0.184 250 20402 250 22256.92 0 0
73750 1 9 7 0.057 0.355 0.262 0.753 0.892 50.532 0 56.673 33.82 0 0.253
73750 2 9 7 0.057 0.355 0.262 0.753 0.892 58.469 0 65.331 31.813 0 0.333
73750 3 9 7 0.057 0.355 0.262 0.753 0.892 37.385 1 58.068 48.793 0 0.273
73750 4 9 7 0.057 0.355 0.262 0.753 0.892 44.643 2 51.789 48.987 0 0.18
73750 5 9 7 0.057 0.355 0.262 0.753 0.892 57.552 0 70.731 36.78 0 0.34
73750 1 9 7 0.112 0.431 0.352 0.854 0.357 239.319 6707 248.2 10547.2 0 0
73750 2 9 7 0.112 0.431 0.352 0.854 0.357 243.705 8413 249.031 11193.393 0 0
73750 3 9 7 0.112 0.431 0.352 0.854 0.357 244.678 10204 249.048 12677.873 0 0
73750 4 9 7 0.112 0.431 0.352 0.854 0.357 245.247 9168 248.706 11638.327 0 0
73750 5 9 7 0.112 0.431 0.352 0.854 0.357 239.515 7067 248.475 11549.173 0 0
73750 1 9 7 0.072 0.289 0.344 0.97 0.934 49.605 0 55.519 37.793 0 0.213
73750 2 9 7 0.072 0.289 0.344 0.97 0.934 5.697 0 17.984 3.5 0 0.953
73750 3 9 7 0.072 0.289 0.344 0.97 0.934 59.12 0 67.125 35.607 0 0.3
73750 4 9 7 0.072 0.289 0.344 0.97 0.934 41.796 0 47.876 28.32 0 0.287
73750 5 9 7 0.072 0.289 0.344 0.97 0.934 43.319 0 57.494 33.58 0 0.453
73750 1 9 7 0.021 0.317 0.336 0.758 0.859 47.332 0 67.01 38.107 0 0.247
73750 2 9 7 0.021 0.317 0.336 0.758 0.859 0 0 0 0 1 1
73750 3 9 7 0.021 0.317 0.336 0.758 0.859 52.724 1 60.686 27.573 0 0.393
73750 4 9 7 0.021 0.317 0.336 0.758 0.859 54.637 0 61.194 27.72 0 0.367
73750 5 9 7 0.021 0.317 0.336 0.758 0.859 48.102 0 58.849 33.293 0 0.38
73750 1 9 7 0.096 0.419 0.215 0.942 0.307 249 16564 249.95 18371.927 0 0
73750 2 9 7 0.096 0.419 0.215 0.942 0.307 248 14960 249.798 16779.807 0 0
73750 3 9 7 0.096 0.419 0.215 0.942 0.307 248.413 15689 249.897 18074.507 0 0
73750 4 9 7 0.096 0.419 0.215 0.942 0.307 250 16800 250 20119.333 0 0
73750 5 9 7 0.096 0.419 0.215 0.942 0.307 248 17688 249.928 19719.293 0 0
73750 1 9 7 0.008 0.497 0.205 0.755 0.652 0 0 0 0 1 1
73750 2 9 7 0.008 0.497 0.205 0.755 0.652 70.668 10 78.112 232.733 0 0
73750 3 9 7 0.008 0.497 0.205 0.755 0.652 0 0 0 0 1 1
73750 4 9 7 0.008 0.497 0.205 0.755 0.652 34.276 2 47.497 75.02 0 0.1
73750 5 9 7 0.008 0.497 0.205 0.755 0.652 39.971 7 50.544 100.513 0 0.027
73750 1 9 7 0.004 0.243 0.31 0.943 0.443 42.754 11 49.657 134.787 0 0
73750 2 9 7 0.004 0.243 0.31 0.943 0.443 31.542 3 52.662 163.8 0 0.1
73750 3 9 7 0.004 0.243 0.31 0.943 0.443 0 0 0 0 1 1
73750 4 9 7 0.004 0.243 0.31 0.943 0.443 0 0 0 0 1 1
73750 5 9 7 0.004 0.243 0.31 0.943 0.443 34.751 7 43.422 139.887 0 0.013
73750 1 9 7 0.004 0.476 0.226 0.867 0.766 0 0 0 0 1 1
73750 2 9 7 0.004 0.476 0.226 0.867 0.766 20.645 2 31.561 45.24 0 0.133
73750 3 9 7 0.004 0.476 0.226 0.867 0.766 3.795 0 8.348 9.84 0.187 0.667
73750 4 9 7 0.004 0.476 0.226 0.867 0.766 29.777 2 34.288 55.727 0 0.107
73750 5 9 7 0.004 0.476 0.226 0.867 0.766 32.942 3 39.909 72.993 0 0.153
73750 1 9 7 0.105 0.406 0.299 0.784 0.4 232.357 9466 245.072 12719.087 0 0
73750 2 9 7 0.105 0.406 0.299 0.784 0.4 244.662 5714 249.093 11382.747 0 0
73750 3 9 7 0.105 0.406 0.299 0.784 0.4 245.448 10054 249.371 13225.34 0 0
73750 4 9 7 0.105 0.406 0.299 0.784 0.4 246.61 8966 249.469 12903.507 0 0
73750 5 9 7 0.105 0.406 0.299 0.784 0.4 245.338 7046 249.177 12364.433 0 0
73750 1 9 7 0.078 0.409 0.104 0.946 0.346 249.43 18074 249.988 19558.453 0 0
73750 2 9 7 0.078 0.409 0.104 0.946 0.346 250 20551 250 21854.64 0 0
73750 3 9 7 0.078 0.409 0.104 0.946 0.346 249.987 16830 250 19613.707 0 0
73750 4 9 7 0.078 0.409 0.104 0.946 0.346 249 14937 249.986 18224.167 0 0
73750 5 9 7 0.078 0.409 0.104 0.946 0.346 250 18693 250 20847.68 0 0
73750 1 9 7 0.007 0.137 0.407 0.99 0.747 45.976 0 56.24 26.327 0 0.287
73750 2 9 7 0.007 0.137 0.407 0.99 0.747 58.204 0 67.055 34.493 0 0.407
73750 3 9 7 0.007 0.137 0.407 0.99 0.747 34.182 2 46.355 49.74 0 0.06
73750 4 9 7 0.007 0.137 0.407 0.99 0.747 55.156 1 65.229 38.62 0 0.32
73750 5 9 7 0.007 0.137 0.407 0.99 0.747 56.607 0 66.078 35.393 0 0.393
73750 1 9 7 0.115 0.398 0.488 0.827 0.419 0 0 0 0 1 1
73750 2 9 7 0.115 0.398 0.488 0.827 0.419 24.29 6 30.418 73.04 0 0.027
73750 3 9 7 0.115 0.398 0.488 0.827 0.419 31.55 7 39.031 67.233 0 0.027
73750 4 9 7 0.115 0.398 0.488 0.827 0.419 0 0 0 0 1 1
73750 5 9 7 0.115 0.398 0.488 0.827 0.419 36.055 5 41.996 76.027 0 0.053
73750 1 9 7 0.015 0.452 0.3 0.814 0.445 149.25 293 162.997 1183.207 0 0
73750 2 9 7 0.015 0.452 0.3 0.814 0.445 133.77 64 153.684 1563.513 0 0
73750 3 9 7 0.015 0.452 0.3 0.814 0.445 139.741 561 156.282 1730.68 0 0
73750 4 9 7 0.015 0.452 0.3 0.814 0.445 140.202 432 157.676 1310.213 0 0
73750 5 9 7 0.015 0.452 0.3 0.814 0.445 145.666 302 154.592 1130.4 0 0
73750 1 9 7 0.035 0.019 0.013 0.986 0.573 58.211 0 65.958 36.473 0 0.253
73750 2 9 7 0.035 0.019 0.013 0.986 0.573 59.396 1 69.1 41.92 0 0.287
73750 3 9 7 0.035 0.019 0.013 0.986 0.573 56.897 0 62.552 40.333 0 0.113
73750 4 9 7 0.035 0.019 0.013 0.986 0.573 54.085 7 64.743 54.2 0 0.053
73750 5 9 7 0.035 0.019 0.013 0.986 0.573 56.145 0 71.633 36.213 0 0.36
73750 1 9 7 0.064 0.478 0.327 0.974 0.82 47.04 2 53.61 37.267 0 0.2
73750 2 9 7 0.064 0.478 0.327 0.974 0.82 42.131 2 58.751 45.22 0 0.46
73750 3 9 7 0.064 0.478 0.327 0.974 0.82 36.885 6 44.74 79.113 0 0.02
73750 4 9 7 0.064 0.478 0.327 0.974 0.82 54.827 0 59.592 29.433 0 0.367
73750 5 9 7 0.064 0.478 0.327 0.974 0.82 41.36 5 52.042 58.193 0 0.12
73750 1 9 7 0.024 0.481 0.256 0.961 0.148 249 16334 249.983 18452.24 0 0
73750 2 9 7 0.024 0.481 0.256 0.961 0.148 248.978 16741 249.964 19624.107 0 0
73750 3 9 7 0.024 0.481 0.256 0.961 0.148 250 18635 250 20157.24 0 0
73750 4 9 7 0.024 0.481 0.256 0.961 0.148 249.384 18401 249.996 20861.827 0 0
73750 5 9 7 0.024 0.481 0.256 0.961 0.148 249 17472 249.99 19778.747 0 0
73750 1 9 7 0.003 0.347 0.05 0.752 0.503 249.476 17066 249.996 20463.773 0 0
73750 2 9 7 0.003 0.347 0.05 0.752 0.503 249.696 17654 249.998 19825.167 0 0
73750 3 9 7 0.003 0.347 0.05 0.752 0.503 249.696 16925 249.996 20272 0 0
73750 4 9 7 0.003 0.347 0.05 0.752 0.503 249.739 17478 249.998 20185.167 0 0
73750 5 9 7 0.003 0.347 0.05 0.752 0.503 248.739 16912 249.964 19786.333 0 0
73750 1 9 7 0.064 0.427 0.452 0.94 0.723 52.614 0 60.851 36.34 0 0.3
73750 2 9 7 0.064 0.427 0.452 0.94 0.723 60.843 0 71.417 39.927 0 0.28
73750 3 9 7 0.064 0.427 0.452 0.94 0.723 44.239 0 54.616 32.147 0 0.247
73750 4 9 7 0.064 0.427 0.452 0.94 0.723 54.413 0 68.183 37.98 0 0.373
73750 5 9 7 0.064 0.427 0.452 0.94 0.723 42.56 0 54.349 47.293 0 0.193
73750 1 9 7 0.048 0.357 0.061 0.944 0.417 247.94 19722 249.943 21792.327 0 0
73750 1 9 7 0.109 0.382 0.027 0.949 0.19 250 21987 250 22488.22 0 0
73750 2 9 7 0.109 0.382 0.027 0.949 0.19 250 21159 250 22282.373 0 0
73750 3 9 7 0.109 0.382 0.027 0.949 0.19 250 21527 250 22484.36 0 0
73750 4 9 7 0.109 0.382 0.027 0.949 0.19 250 19339 250 21406.733 0 0
73750 5 9 7 0.109 0.382 0.027 0.949 0.19 250 20487 250 21398.88 0 0
73750 1 9 7 0.031 0.096 0.06 0.78 0.779 39.181 0 50.715 36.347 0 0.193
73750 2 9 7 0.031 0.096 0.06 0.78 0.779 53.975 0 62.904 40.867 0 0.32
73750 3 9 7 0.031 0.096 0.06 0.78 0.779 43.853 2 53.264 45.287 0 0.167
73750 4 9 7 0.031 0.096 0.06 0.78 0.779 0 0 2.323 0.027 0.887 1
73750 5 9 7 0.031 0.096 0.06 0.78 0.779 56.296 2 64.9 83.573 0 0.047
73750 1 9 7 0.104 0.482 0.188 0.76 0.487 248.526 13124 249.953 16321.36 0 0
73750 2 9 7 0.104 0.482 0.188 0.76 0.487 247 10631 249.668 17232.387 0 0
73750 3 9 7 0.104 0.482 0.188 0.76 0.487 249 15786 249.902 18524.767 0 0
73750 4 9 7 0.104 0.482 0.188 0.76 0.487 248.066 11949 249.863 15512.62 0 0
73750 5 9 7 0.104 0.482 0.188 0.76 0.487 248.906 13054 249.943 16349.413 0 0
73750 1 9 7 0.041 0.193 0.256 0.946 0.43 117.601 164 128.379 828.74 0 0
73750 2 9 7 0.041 0.193 0.256 0.946 0.43 66.295 53 73.898 284.813 0 0
73750 3 9 7 0.041 0.193 0.256 0.946 0.43 87.922 106 104.891 539.8 0 0
73750 4 9 7 0.041 0.193 0.256 0.946 0.43 95.385 108 105.91 484.773 0 0
73750 5 9 7 0.041 0.193 0.256 0.946 0.43 82.828 116 90.437 455.787 0 0
73750 1 9 7 0.1 0.015 0.184 0.791 0.839 49.101 0 58.928 20.4 0 0.553
73750 2 9 7 0.1 0.015 0.184 0.791 0.839 50.472 2 55.017 38.2 0 0.253
73750 3 9 7 0.1 0.015 0.184 0.791 0.839 54.753 0 71.337 32.467 0 0.42
73750 4 9 7 0.1 0.015 0.184 0.791 0.839 41.561 2 49.841 39.713 0 0.253
73750 5 9 7 0.1 0.015 0.184 0.791 0.839 51.983 0 66.336 34.007 0 0.22
73750 1 9 7 0.085 0.26 0.059 0.857 0.03 250 19245 250 21006.393 0 0
73750 2 9 7 0.085 0.26 0.059 0.857 0.03 250 20970 250 22119.907 0 0
73750 3 9 7 0.085 0.26 0.059 0.857 0.03 249.291 23363 249.995 24478.807 0 0
73750 4 9 7 0.085 0.26 0.059 0.857 0.03 250 22835 250 23647.64 0 0
73750 5 9 7 0.085 0.26 0.059 0.857 0.03 250 20595 250 22001.727 0 0
73750 1 9 7 0.108 0.233 0.055 0.932 0.532 248.483 14919 249.895 17218.553 0 0
73750 2 9 7 0.108 0.233 0.055 0.932 0.532 247.476 11809 249.722 16114.493 0 0
73750 3 9 7 0.108 0.233 0.055 0.932 0.532 246 14824 249.505 16819.22 0 0
73750 4 9 7 0.108 0.233 0.055 0.932 0.532 248.1 14233 249.885 16682.307 0 0
73750 5 9 7 0.108 0.233 0.055 0.932 0.532 248 13244 249.844 15956.693 0 0
73750 1 9 7 0.038 0.162 0.487 0.918 0.184 111.831 314 126.135 802.653 0 0
73750 2 9 7 0.038 0.162 0.487 0.918 0.184 99.589 116 113.046 549.553 0 0
73750 3 9 7 0.038 0.162 0.487 0.918 0.184 119.546 212 130.39 773.127 0 0
73750 4 9 7 0.038 0.162 0.487 0.918 0.184 131.591 110 140.593 982.413 0 0
73750 1 9 7 0.11 0.101 0.039 0.888 0.205 249.865 18782 249.999 19638.307 0 0
73750 2 9 7 0.11 0.101 0.039 0.888 0.205 250 16367 250 18815.72 0 0
73750 3 9 7 0.11 0.101 0.039 0.888 0.205 250 18889 250 19880.873 0 0
73750 4 9 7 0.11 0.101 0.039 0.888 0.205 249.196 18184 249.995 19647.12 0 0
73750 5 9 7 0.11 0.101 0.039 0.888 0.205 250 17557 250 18635.367 0 0
73750 1 9 7 0.112 0.384 0.473 0.925 0.79 41.123 2 48.694 37.207 0 0.253
73750 2 9 7 0.112 0.384 0.473 0.925 0.79 55.765 1 61.523 45.12 0 0.233
73750 3 9 7 0.112 0.384 0.473 0.925 0.79 43.866 0 50.206 34.94 0 0.207
73750 4 9 7 0.112 0.384 0.473 0.925 0.79 48.885 2 57.959 30.133 0 0.307
73750 5 9 7 0.112 0.384 0.473 0.925 0.79 50.34 0 58.563 33.9 0 0.353
73750 1 9 7 0.028 0.403 0.452 0.873 0.658 50.503 0 57.889 30.473 0 0.4
73750 2 9 7 0.028 0.403 0.452 0.873 0.658 39.82 0 51.235 21.073 0 0.387
73750 3 9 7 0.028 0.403 0.452 0.873 0.658 0 0 0 0 1 1
73750 4 9 7 0.028 0.403 0.452 0.873 0.658 34.691 5 56.474 54.573 0 0.213
73750 5 9 7 0.028 0.403 0.452 0.873 0.658 54.693 0 62.691 35.573 0 0.213
73750 1 9 7 0.098 0.071 0.338 0.936 0.378 43.676 0 57.163 40.96 0 0.287
73750 2 9 7 0.098 0.071 0.338 0.936 0.378 46.199 0 54.572 31.253 0 0.313
73750 3 9 7 0.098 0.071 0.338 0.936 0.378 56.748 0 70.194 38.1 0 0.267
73750 4 9 7 0.098 0.071 0.338 0.936 0.378 56.875 0 63.788 32.773 0 0.347
73750 5 9 7 0.098 0.071 0.338 0.936 0.378 49.359 0 57.144 32.02 0 0.413
73750 1 9 7 0.009 0.165 0.115 0.833 0.695 0 0 0 0 1 1
73750 2 9 7 0.009 0.165 0.115 0.833 0.695 0 0 0 0 1 1
73750 3 9 7 0.009 0.165 0.115 0.833 0.695 0 0 0 0 1 1
73750 4 9 7 0.009 0.165 0.115 0.833 0.695 0 0 0 0 1 1
73750 5 9 7 0.009 0.165 0.115 0.833 0.695 0 0 0 0 1 1
73750 1 9 7 0.103 0.449 0.068 0.937 0.694 243.712 11058 248.892 14433.82 0 0
73750 2 9 7 0.103 0.449 0.068 0.937 0.694 248 11031 249.781 13216.473 0 0
73750 3 9 7 0.103 0.449 0.068 0.937 0.694 247.188 11225 249.74 13930.48 0 0
73750 4 9 7 0.103 0.449 0.068 0.937 0.694 247.193 13800 249.827 15450.66 0 0
73750 5 9 7 0.103 0.449 0.068 0.937 0.694 242.619 6391 248.701 11636.073 0 0
73750 1 9 7 0.019 0.464 0.301 0.777 0.37 241.73 6021 248.277 10581.187 0 0
73750 2 9 7 0.019 0.464 0.301 0.777 0.37 242.73 7530 249.096 11861.307 0 0
73750 3 9 7 0.019 0.464 0.301 0.777 0.37 240.634 5800 248.313 9544.593 0 0
73750 4 9 7 0.019 0.464 0.301 0.777 0.37 243.521 6559 248.489 9250.413 0 0
73750 5 9 7 0.019 0.464 0.301 0.777 0.37 241.106 7104 247.904 10760.4 0 0
73750 1 9 7 0.072 0.119 0.463 0.769 0.765 49.731 0 58.802 38.24 0 0.287
73750 2 9 7 0.072 0.119 0.463 0.769 0.765 47.157 0 57.622 35.373 0 0.28
73750 3 9 7 0.072 0.119 0.463 0.769 0.765 49.149 0 62.493 36.853 0 0.447
73750 4 9 7 0.072 0.119 0.463 0.769 0.765 51.965 5 59.351 55.627 0 0.013
73750 5 9 7 0.072 0.119 0.463 0.769 0.765 36.497 0 42.097 33.7 0 0.18
73750 1 9 7 0.11 0.391 0.492 0.885 0.656 47.689 0 58.505 24.84 0 0.32
73750 2 9 7 0.11 0.391 0.492 0.885 0.656 42.716 2 59.392 44.447 0 0.22
73750 3 9 7 0.11 0.391 0.492 0.885 0.656 48.837 2 55.637 42.527 0 0.2
73750 4 9 7 0.11 0.391 0.492 0.885 0.656 39.056 0 48.657 40.567 0 0.273
73750 5 9 7 0.11 0.391 0.492 0.885 0.656 57.27 0 63.297 23.133 0 0.387
73750 1 9 7 0.072 0.113 0.03 0.783 0.79 51.349 10 64.367 135.687 0 0
73750 2 9 7 0.072 0.113 0.03 0.783 0.79 44.235 2 58.279 124.667 0 0.093
73750 3 9 7 0.072 0.113 0.03 0.783 0.79 24.667 10 44.166 202.187 0 0
73750 4 9 7 0.072 0.113 0.03 0.783 0.79 58.329 1 65.937 48.5 0 0.273
73750 5 9 7 0.072 0.113 0.03 0.783 0.79 50.582 7 59.374 84.567 0 0.033
73750 1 9 7 0.066 0.303 0.22 0.907 0.099 250 17504 250 18581.467 0 0
73750 2 9 7 0.066 0.303 0.22 0.907 0.099 249 16600 249.986 18390.893 0 0
73750 3 9 7 0.066 0.303 0.22 0.907 0.099 249.61 18626 249.996 20003.913 0 0
73750 4 9 7 0.066 0.303 0.22 0.907 0.099 247.196 13795 249.836 17135.633 0 0
73750 1 9 8 0.057 0.415 0.422 0.977 0.755 60.317 2 64.728 34.407 0 0.273
73750 2 9 8 0.057 0.415 0.422 0.977 0.755 53.656 0 60.676 35.947 0 0.287
73750 3 9 8 0.057 0.415 0.422 0.977 0.755 48.537 0 58.552 35.64 0 0.407
73750 4 9 8 0.057 0.415 0.422 0.977 0.755 50.808 0 63.194 31.48 0 0.333
73750 5 9 8 0.057 0.415 0.422 0.977 0.755 63.626 0 75.397 39.967 0 0.133
73750 1 9 8 0.088 0.409 0.125 0.764 0.805 47.534 4 64.289 95.347 0 0.067
73750 2 9 8 0.088 0.409 0.125 0.764 0.805 36.644 10 44.166 94.827 0 0
73750 3 9 8 0.088 0.409 0.125 0.764 0.805 31.539 10 40.748 96.453 0 0
73750 4 9 8 0.088 0.409 0.125 0.764 0.805 7.05 0 14.438 32.92 0 0.267
73750 5 9 8 0.088 0.409 0.125 0.764 0.805 23.657 11 31.293 77.467 0 0
73750 1 9 8 0.003 0.143 0.233 0.953 0.337 144.407 74 159.971 1294.707 0 0
73750 2 9 8 0.003 0.143 0.233 0.953 0.337 129.301 309 148.205 843.58 0 0
73750 3 9 8 0.003 0.143 0.233 0.953 0.337 135.237 106 147.986 1281.02 0 0
73750 4 9 8 0.003 0.143 0.233 0.953 0.337 143.236 392 158.156 1419.967 0 0
73750 5 9 8 0.003 0.143 0.233 0.953 0.337 130.147 41 143.996 985.847 0 0
73750 1 9 8 0.068 0.211 0.495 0.979 0.555 56.351 0 67.38 34.413 0 0.293
73750 2 9 8 0.068 0.211 0.495 0.979 0.555 58.937 0 63.788 35.627 0 0.26
73750 3 9 8 0.068 0.211 0.495 0.979 0.555 48.271 1 54.342 30.133 0 0.22
73750 4 9 8 0.068 0.211 0.495 0.979 0.555 60.891 2 67.707 44.72 0 0.247
73750 5 9 8 0.068 0.211 0.495 0.979 0.555 45.853 0 57.008 23.633 0 0.473
73750 1 9 8 0.092 0.344 0.301 0.787 0.069 249.653 19331 249.996 20923.207 0 0
73750 2 9 8 0.092 0.344 0.301 0.787 0.069 250 16245 250 19777.1 0 0
73750 3 9 8 0.092 0.344 0.301 0.787 0.069 249.696 16248 249.997 20530.633 0 0
73750 4 9 8 0.092 0.344 0.301 0.787 0.069 249.565 17417 249.995 19300.873 0 0
73750 5 9 8 0.092 0.344 0.301 0.787 0.069 249.947 20190 250 21729.86 0 0
73750 1 9 8 0.075 0.3 0.025 0.873 0.475 248 15861 249.931 18591.38 0 0
73750 2 9 8 0.075 0.3 0.025 0.873 0.475 248.739 16293 249.938 19243.34 0 0
73750 3 9 8 0.075 0.3 0.025 0.873 0.475 249 17973 249.931 19838.607 0 0
73750 4 9 8 0.075 0.3 0.025 0.873 0.475 250 20037 250 21235.22 0 0
73750 5 9 8 0.075 0.3 0.025 0.873 0.475 250 16325 250 19731.287 0 0
73750 1 9 8 0.111 0.174 0.153 0.808 0.311 243.259 10109 248.467 13700.78 0 0
73750 2 9 8 0.111 0.174 0.153 0.808 0.311 247.73 10876 249.524 13392.273 0 0
73750 3 9 8 0.111 0.174 0.153 0.808 0.311 247.542 11909 249.708 14370.727 0 0
73750 4 9 8 0.111 0.174 0.153 0.808 0.311 245.589 8536 249.344 13889.233 0 0
73750 5 9 8 0.111 0.174 0.153 0.808 0.311 248.384 12723 249.835 15197.747 0 0
73750 1 9 8 0.046 0.101 0.243 0.806 0.878 50.03 1 62.192 38.267 0 0.267
73750 2 9 8 0.046 0.101 0.243 0.806 0.878 55.654 0 63.599 32.593 0 0.287
73750 3 9 8 0.046 0.101 0.243 0.806 0.878 57.241 1 68.251 41.947 0 0.193
73750 4 9 8 0.046 0.101 0.243 0.806 0.878 57.881 0 76.011 39.233 0 0.34
73750 5 9 8 0.046 0.101 0.243 0.806 0.878 51.208 0 57.912 27.84 0 0.373
73750 1 9 8 0.023 0.079 0.226 0.76 0.301 44.714 4 57.481 154.36 0 0.04
73750 2 9 8 0.023 0.079 0.226 0.76 0.301 44.343 32 54.702 129.26 0 0
73750 3 9 8 0.023 0.079 0.226 0.76 0.301 94.657 87 100.047 334.86 0 0
73750 4 9 8 0.023 0.079 0.226 0.76 0.301 86.346 122 95.878 428.693 0 0
73750 5 9 8 0.023 0.079 0.226 0.76 0.301 49.792 97 69.489 187.767 0 0
73750 1 9 8 0.032 0.267 0.03 0.969 0.897 38.334 6 59.306 88.373 0 0.033
73750 2 9 8 0.032 0.267 0.03 0.969 0.897 25.431 0 32.839 54.62 0 0.187
73750 3 9 8 0.032 0.267 0.03 0.969 0.897 39.609 4 52.082 59.907 0 0.147
73750 4 9 8 0.032 0.267 0.03 0.969 0.897 0 0 0 0 1 1
73750 5 9 8 0.032 0.267 0.03 0.969 0.897 32.794 12 36.931 104.9 0 0
73750 1 9 8 0.041 0.072 0.494 0.928 0.402 48.659 0 54.337 43.527 0 0.133
73750 2 9 8 0.041 0.072 0.494 0.928 0.402 49.228 1 58.088 48.873 0 0.133
73750 3 9 8 0.041 0.072 0.494 0.928 0.402 60.596 0 70.396 32.42 0 0.313
73750 4 9 8 0.041 0.072 0.494 0.928 0.402 51.574 0 55.846 25.593 0 0.42
73750 5 9 8 0.041 0.072 0.494 0.928 0.402 59.211 1 66.636 34.487 0 0.313
73750 1 9 8 0.093 0.29 0.121 0.795 0.254 250 16194 250 17817.593 0 0
73750 2 9 8 0.093 0.29 0.121 0.795 0.254 247.678 15971 249.863 18190.173 0 0
73750 1 9 8 0.039 0.489 0.32 0.775 0.244 249 15078 249.895 16677.587 0 0
73750 2 9 8 0.039 0.489 0.32 0.775 0.244 248 11976 249.842 16246.9 0 0
73750 3 9 8 0.039 0.489 0.32 0.775 0.244 243.627 10484 249.442 16095.673 0 0
73750 4 9 8 0.039 0.489 0.32 0.775 0.244 248.782 13235 249.943 17714.953 0 0
73750 5 9 8 0.039 0.489 0.32 0.775 0.244 248 15574 249.881 18242.113 0 0
73750 1 9 8 0.048 0.142 0.305 0.95 0.5 40.523 3 60.342 71.26 0 0.187
73750 2 9 8 0.048 0.142 0.305 0.95 0.5 0 0 0 0 1 1
73750 3 9 8 0.048 0.142 0.305 0.95 0.5 50.273 3 58.148 55.993 0 0.087
73750 4 9 8 0.048 0.142 0.305 0.95 0.5 40.545 0 56.794 53.36 0 0.107
73750 5 9 8 0.048 0.142 0.305 0.95 0.5 36.266 0 46.619 41.293 0 0.207
73750 1 9 8 0.104 0.015 0.259 0.8 0.375 55.561 0 68.16 35.673 0 0.387
73750 2 9 8 0.104 0.015 0.259 0.8 0.375 50.126 0 57.668 21.887 0 0.42
73750 3 9 8 0.104 0.015 0.259 0.8 0.375 53.694 0 63.974 47.9 0 0.187
73750 4 9 8 0.104 0.015 0.259 0.8 0.375 47.523 1 55.929 25.427 0 0.353
73750 5 9 8 0.104 0.015 0.259 0.8 0.375 57.875 0 68.374 32.473 0 0.247
73750 1 9 8 0.05 0.412 0.333 0.971 0.425 160.027 713 165.855 1797.447 0 0
73750 2 9 8 0.05 0.412 0.333 0.971 0.425 151.812 368 167.416 1298.567 0 0
73750 3 9 8 0.05 0.412 0.333 0.971 0.425 167.975 212 183.033 1457.573 0 0
73750 4 9 8 0.05 0.412 0.333 0.971 0.425 110.552 256 133.131 932.787 0 0
73750 5 9 8 0.05 0.412 0.333 0.971 0.425 135.494 452 160.004 1440.76 0 0
73750 1 9 8 0.104 0.191 0.206 0.867 0.276 246 9371 248.812 12738.613 0 0
73750 2 9 8 0.104 0.191 0.206 0.867 0.276 242.993 10659 246.555 12152.42 0 0
73750 3 9 8 0.104 0.191 0.206 0.867 0.276 248 12003 249.769 15099.62 0 0
73750 4 9 8 0.104 0.191 0.206 0.867 0.276 249 12483 249.933 15460.013 0 0
73750 5 9 8 0.104 0.191 0.206 0.867 0.276 243.674 10685 249.28 14533.88 0 0
73750 1 9 8 0.058 0.403 0.476 0.964 0.163 246.676 12092 249.682 14933.307 0 0
73750 2 9 8 0.058 0.403 0.476 0.964 0.163 248.338 12935 249.765 16198.407 0 0
73750 3 9 8 0.058 0.403 0.476 0.964 0.163 246.999 11145 249.753 14275.507 0 0
73750 4 9 8 0.058 0.403 0.476 0.964 0.163 244 11214 249.458 15285.947 0 0
73750 5 9 8 0.058 0.403 0.476 0.964 0.163 247 12029 249.759 15711.547 0 0
73750 1 9 8 0.108 0.384 0.28 0.896 0.08 249.148 14721 249.985 17518.6 0 0
73750 2 9 8 0.108 0.384 0.28 0.896 0.08 249 18240 249.971 19652.253 0 0
73750 3 9 8 0.108 0.384 0.28 0.896 0.08 249.05 18763 249.988 19946.853 0 0
73750 4 9 8 0.108 0.384 0.28 0.896 0.08 249.476 19909 249.996 22180.967 0 0
73750 5 9 8 0.108 0.384 0.28 0.896 0.08 249.196 17966 249.993 19289.273 0 0
73750 1 9 8 0.031 0.164 0.073 0.873 0.65 234.076 8487 246.509 10981.753 0 0
73750 2 9 8 0.031 0.164 0.073 0.873 0.65 195.919 4047 206.565 5092.56 0 0
73750 3 9 8 0.031 0.164 0.073 0.873 0.65 195.152 2669 208.074 3883.273 0 0
73750 4 9 8 0.031 0.164 0.073 0.873 0.65 216.905 4017 233.563 7586.173 0 0
73750 5 9 8 0.031 0.164 0.073 0.873 0.65 240.683 7508 246.923 10106.893 0 0
73750 1 9 8 0.052 0.248 0.47 0.868 0.271 91.802 134 102.029 395.313 0 0
73750 2 9 8 0.052 0.248 0.47 0.868 0.271 99.95 110 108.764 368.173 0 0
73750 3 9 8 0.052 0.248 0.47 0.868 0.271 75.731 104 87.599 355.313 0 0
73750 4 9 8 0.052 0.248 0.47 0.868 0.271 105.658 7 112.484 403.313 0 0.007
73750 5 9 8 0.052 0.248 0.47 0.868 0.271 108.859 88 124.226 512.353 0 0
73750 1 9 8 0.077 0.391 0.001 0.848 0.463 250 18654 250 20432.487 0 0
73750 1 9 8 0.088 0.182 0.311 0.941 0.919 51.111 0 58.227 29.727 0 0.313
73750 2 9 8 0.088 0.182 0.311 0.941 0.919 61.024 0 73.867 33.54 0 0.267
73750 3 9 8 0.088 0.182 0.311 0.941 0.919 60.73 0 70.994 36.553 0 0.38
73750 4 9 8 0.088 0.182 0.311 0.941 0.919 52.771 1 57.246 31.393 0 0.18
73750 5 9 8 0.088 0.182 0.311 0.941 0.919 48.589 0 64.703 42.133 0 0.26
73750 1 9 8 0.108 0.408 0.356 0.988 0.457 50.384 51 59.791 172.453 0 0
73750 2 9 8 0.108 0.408 0.356 0.988 0.457 67.817 91 77.722 451.013 0 0
73750 3 9 8 0.108 0.408 0.356 0.988 0.457 71.117 42 80.611 309.38 0 0
73750 4 9 8 0.108 0.408 0.356 0.988 0.457 38.097 7 50.677 120.053 0 0.013
73750 5 9 8 0.108 0.408 0.356 0.988 0.457 80.853 19 98.124 346.4 0 0
73750 1 9 8 0.07 0.345 0.389 0.864 0.274 241.465 4764 246.968 8963.987 0 0
73750 2 9 8 0.07 0.345 0.389 0.864 0.274 236.278 4072 244.132 8218.207 0 0
73750 3 9 8 0.07 0.345 0.389 0.864 0.274 245.43 5903 248.861 11061.6 0 0
73750 4 9 8 0.07 0.345 0.389 0.864 0.274 243.392 5842 248.13 10366.733 0 0
73750 5 9 8 0.07 0.345 0.389 0.864 0.274 242.556 5566 247.84 9492.967 0 0
73750 1 9 8 0.107 0.036 0.29 0.921 0.204 58.908 0 67.173 32.927 0 0.307
73750 2 9 8 0.107 0.036 0.29 0.921 0.204 64.726 0 76.546 37.107 0 0.2
73750 3 9 8 0.107 0.036 0.29 0.921 0.204 48.042 0 59.028 19.093 0 0.507
73750 4 9 8 0.107 0.036 0.29 0.921 0.204 56.718 0 64.166 34.207 0 0.293
73750 5 9 8 0.107 0.036 0.29 0.921 0.204 56.722 0 69.195 34.093 0 0.353
73750 1 9 8 0.003 0.116 0.424 0.884 0.662 52.837 1 63.481 38.807 0 0.233
73750 2 9 8 0.003 0.116 0.424 0.884 0.662 48.489 0 56.054 24.973 0 0.34
73750 3 9 8 0.003 0.116 0.424 0.884 0.662 55.887 0 69.103 31.927 0 0.373
73750 4 9 8 0.003 0.116 0.424 0.884 0.662 43.817 2 54.348 35.26 0 0.2
73750 5 9 8 0.003 0.116 0.424 0.884 0.662 62.049 0 71.588 39.027 0 0.327
73750 1 9 8 0.034 0.259 0.495 0.924 0.27 46.717 10 64.111 147.66 0 0
73750 2 9 8 0.034 0.259 0.495 0.924 0.27 60.974 10 69.151 226.213 0 0
73750 3 9 8 0.034 0.259 0.495 0.924 0.27 43.932 7 69.643 214.493 0 0.047
73750 4 9 8 0.034 0.259 0.495 0.924 0.27 51.581 0 62.796 137.1 0 0.193
73750 5 9 8 0.034 0.259 0.495 0.924 0.27 55.667 9 66.141 197.273 0 0.007
73750 1 9 8 0.118 0.143 0.331 0.94 0.928 50.142 2 62.625 52.947 0 0.22
73750 2 9 8 0.118 0.143 0.331 0.94 0.928 53.419 1 59.157 34.52 0 0.26
73750 3 9 8 0.118 0.143 0.331 0.94 0.928 56.297 1 67.927 38.367 0 0.333
73750 4 9 8 0.118 0.143 0.331 0.94 0.928 68.039 1 75.028 36.98 0 0.36
73750 5 9 8 0.118 0.143 0.331 0.94 0.928 42.022 0 53.22 36.127 0 0.3
73750 1 9 8 0.118 0.073 0.156 0.878 0.218 132.688 381 142.787 908.36 0 0
73750 2 9 8 0.118 0.073 0.156 0.878 0.218 145.912 706 151.585 1226.693 0 0
73750 3 9 8 0.118 0.073 0.156 0.878 0.218 140.271 532 145.8 838.313 0 0
73750 4 9 8 0.118 0.073 0.156 0.878 0.218 147.382 889 152.62 1422.453 0 0
73750 5 9 8 0.118 0.073 0.156 0.878 0.218 144.454 375 151.598 760.78 0 0
73750 1 9 8 0.034 0.121 0.004 0.878 0.592 248.906 17069 249.972 18705.507 0 0
73750 2 9 8 0.034 0.121 0.004 0.878 0.592 250 19645 250 21573.827 0 0
73750 3 9 8 0.034 0.121 0.004 0.878 0.592 249.521 16199 249.996 18075.367 0 0
73750 4 9 8 0.034 0.121 0.004 0.878 0.592 250 15705 250 18836.34 0 0
73750 5 9 8 0.034 0.121 0.004 0.878 0.592 250 19877 250 20887.793 0 0
73750 1 9 8 0.022 0.201 0.454 0.77 0.161 241.1 4244 248.064 7211.473 0 0
73750 2 9 8 0.022 0.201 0.454 0.77 0.161 234.179 921 242.757 3844.607 0 0
73750 3 9 8 0.022 0.201 0.454 0.77 0.161 236.711 2741 243.992 6823.74 0 0
73750 4 9 8 0.022 0.201 0.454 0.77 0.161 228.387 2533 243.657 6095.907 0 0
73750 5 9 8 0.022 0.201 0.454 0.77 0.161 218.991 1414 234.346 5001.813 0 0
73750 1 9 8 0.116 0.481 0.028 0.923 0.808 147.762 96 169.65 407.22 0 0
73750 2 9 8 0.116 0.481 0.028 0.923 0.808 156.379 79 173.527 473.127 0 0
73750 3 9 8 0.116 0.481 0.028 0.923 0.808 150.713 18 168.917 463.94 0 0
73750 4 9 8 0.116 0.481 0.028 0.923 0.808 160.805 34 172.892 447.74 0 0
73750 5 9 8 0.116 0.481 0.028 0.923 0.808 162.452 54 178.771 517.167 0 0
73750 1 9 8 0.108 0.443 0.037 0.85 0.952 21.687 3 37.752 73.327 0 0.093
73750 2 9 8 0.108 0.443 0.037 0.85 0.952 26.201 5 38.888 56.427 0 0.04
73750 3 9 8 0.108 0.443 0.037 0.85 0.952 14.691 8 30.145 54.567 0 0.027
73750 4 9 8 0.108 0.443 0.037 0.85 0.952 0 0 0 0 1 1
73750 5 9 8 0.108 0.443 0.037 0.85 0.952 22.041 7 34.335 90.8 0 0.02
73750 1 9 8 0.088 0.416 0.169 0.927 0.109 250 17627 250 20390.647 0 0
73750 2 9 8 0.088 0.416 0.169 0.927 0.109 248.575 18791 249.958 20219.387 0 0
73750 3 9 8 0.088 0.416 0.169 0.927 0.109 250 16632 250 19074.393 0 0
73750 4 9 8 0.088 0.416 0.169 0.927 0.109 249.782 17659 249.998 20220.28 0 0
73750 1 9 8 0.052 0.308 0.082 0.946 0.369 250 18568 250 20708.667 0 0
73750 2 9 8 0.052 0.308 0.082 0.946 0.369 249.196 18181 249.993 20380.447 0 0
73750 3 9 8 0.052 0.308 0.082 0.946 0.369 249 16957 249.949 19485.36 0 0
73750 4 9 8 0.052 0.308 0.082 0.946 0.369 250 17723 250 19873.04 0 0
73750 5 9 8 0.052 0.308 0.082 0.946 0.369 248.521 18087 249.936 19751.48 0 0
73750 1 9 8 0.072 0.168 0.424 0.827 0.054 250 14042 250 17748.047 0 0
73750 2 9 8 0.072 0.168 0.424 0.827 0.054 247.626 11771 249.898 16208.453 0 0
73750 3 9 8 0.072 0.168 0.424 0.827 0.054 249.61 16145 249.993 18674.013 0 0
73750 4 9 8 0.072 0.168 0.424 0.827 0.054 246.291 12502 249.735 16202.567 0 0
73750 5 9 8 0.072 0.168 0.424 0.827 0.054 246.588 11904 249.684 16127 0 0
73750 1 9 8 0.05 0.257 0.373 0.813 0.1 249 15147 249.961 17774.747 0 0
73750 2 9 8 0.05 0.257 0.373 0.813 0.1 248.696 13932 249.884 16669.407 0 0
73750 3 9 8 0.05 0.257 0.373 0.813 0.1 249 15351 249.981 18349.76 0 0
73750 4 9 8 0.05 0.257 0.373 0.813 0.1 249 14709 249.975 17281.187 0 0
73750 5 9 8 0.05 0.257 0.373 0.813 0.1 248.906 14327 249.938 16920.693 0 0
73750 1 9 8 0.092 0.015 0.457 0.917 0.313 56.618 0 63.691 43.14 0 0.293
73750 2 9 8 0.092 0.015 0.457 0.917 0.313 60.27 0 68.84 26.247 0 0.413
73750 3 9 8 0.092 0.015 0.457 0.917 0.313 60.366 0 73.605 32.107 0 0.5
73750 4 9 8 0.092 0.015 0.457 0.917 0.313 55.426 0 69.298 32.98 0 0.333
73750 5 9 8 0.092 0.015 0.457 0.917 0.313 53.577 1 61.585 29.827 0 0.373
73750 1 9 8 0.033 0.289 0.328 0.884 0.088 249 17131 249.975 19628.167 0 0
73750 2 9 8 0.033 0.289 0.328 0.884 0.088 249.987 16391 250 18086.66 0 0
73750 3 9 8 0.033 0.289 0.328 0.884 0.088 249.099 14925 249.988 18252.38 0 0
73750 4 9 8 0.033 0.289 0.328 0.884 0.088 249.338 14304 249.988 18354.673 0 0
73750 5 9 8 0.033 0.289 0.328 0.884 0.088 246.833 11104 249.762 16934.393 0 0
73750 1 9 8 0.056 0.358 0.058 0.922 0.557 249.508 17561 249.991 20161.08 0 0
73750 2 9 8 0.056 0.358 0.058 0.922 0.557 250 17084 250 19479.473 0 0
73750 3 9 8 0.056 0.358 0.058 0.922 0.557 249.782 16513 249.999 19466.5 0 0
73750 4 9 8 0.056 0.358 0.058 0.922 0.557 249.521 16497 249.994 20198.213 0 0
73750 5 9 8 0.056 0.358 0.058 0.922 0.557 249.384 15338 249.995 17886.847 0 0
73750 1 9 8 0.108 0.331 0.177 0.962 0.962 48.945 0 61.213 38.947 0 0.34
73750 2 9 8 0.108 0.331 0.177 0.962 0.962 57.141 0 65.955 38.307 0 0.2
73750 3 9 8 0.108 0.331 0.177 0.962 0.962 61.3 1 70.454 34.333 0 0.407
73750 4 9 8 0.108 0.331 0.177 0.962 0.962 51.143 0 59.316 30.907 0 0.327
73750 5 9 8 0.108 0.331 0.177 0.962 0.962 39.802 6 54.152 57.22 0 0.127
73750 1 9 8 0.101 0.385 0.258 0.767 0.092 249 13948 249.967 17994.06 0 0
73750 2 9 8 0.101 0.385 0.258 0.767 0.092 249.196 17512 249.991 21631.54 0 0
73750 1 9 9 0.028 0.144 0.387 0.825 0.225 95.474 57 105.432 495.653 0 0
73750 2 9 9 0.028 0.144 0.387 0.825 0.225 125.318 167 138.101 601.267 0 0
73750 3 9 9 0.028 0.144 0.387 0.825 0.225 128.125 327 136.325 711.56 0 0
73750 4 9 9 0.028 0.144 0.387 0.825 0.225 126.21 178 139.773 950.707 0 0
73750 5 9 9 0.028 0.144 0.387 0.825 0.225 134.348 341 148.236 1020.787 0 0
73750 1 9 9 0.103 0.391 0.232 0.861 0.846 75.624 2 87.546 41.62 0 0.44
73750 2 9 9 0.103 0.391 0.232 0.861 0.846 56.789 0 66.866 32.687 0 0.367
73750 3 9 9 0.103 0.391 0.232 0.861 0.846 59.411 0 76.514 35.947 0 0.433
73750 4 9 9 0.103 0.391 0.232 0.861 0.846 65.797 0 73.364 33.873 0 0.353
73750 5 9 9 0.103 0.391 0.232 0.861 0.846 63.859 0 71.394 40.853 0 0.26
73750 1 9 9 0.103 0.142 0.464 0.845 0.1 232.143 2517 244.057 5433.467 0 0
73750 2 9 9 0.103 0.142 0.464 0.845 0.1 231.652 2990 240.67 6407.633 0 0
73750 3 9 9 0.103 0.142 0.464 0.845 0.1 201.173 1599 215.182 3812.46 0 0
73750 4 9 9 0.103 0.142 0.464 0.845 0.1 206.121 1712 218.211 4088.347 0 0
73750 5 9 9 0.103 0.142 0.464 0.845 0.1 210.1 2036 217.61 4464.64 0 0
73750 1 9 9 0.091 0.217 0.299 0.796 0.598 41.082 0 49.011 33.387 0 0.333
73750 2 9 9 0.091 0.217 0.299 0.796 0.598 44.828 1 55.516 39.4 0 0.22
73750 3 9 9 0.091 0.217 0.299 0.796 0.598 33.172 6 49.295 59.06 0 0.173
73750 4 9 9 0.091 0.217 0.299 0.796 0.598 54.649 0 64.255 34.827 0 0.333
73750 5 9 9 0.091 0.217 0.299 0.796 0.598 57.631 0 66.198 39.253 0 0.173
73750 1 9 9 0.106 0.049 0.318 0.978 0.226 66.477 0 75.656 35.167 0 0.433
73750 2 9 9 0.106 0.049 0.318 0.978 0.226 53.71 0 70.386 33.247 0 0.353
73750 3 9 9 0.106 0.049 0.318 0.978 0.226 62.349 0 73.589 34.68 0 0.44
73750 4 9 9 0.106 0.049 0.318 0.978 0.226 59.233 0 70.167 34.653 0 0.353
73750 5 9 9 0.106 0.049 0.318 0.978 0.226 48.713 0 59.437 37.633 0 0.36
73750 1 9 9 0.092 0.439 0.366 0.949 0.202 247 13087 249.578 15481.88 0 0
73750 2 9 9 0.092 0.439 0.366 0.949 0.202 249 15436 249.926 18748.88 0 0
73750 3 9 9 0.092 0.439 0.366 0.949 0.202 248.121 12755 249.87 15315.267 0 0
73750 4 9 9 0.092 0.439 0.366 0.949 0.202 248 13824 249.781 16946.82 0 0
73750 5 9 9 0.092 0.439 0.366 0.949 0.202 247 16643 249.906 19311.153 0 0
73750 1 9 9 0.029 0.146 0.375 0.755 0.931 56.651 0 66.931 31.933 0 0.3
73750 2 9 9 0.029 0.146 0.375 0.755 0.931 56.158 4 61.592 45.793 0 0.053
73750 3 9 9 0.029 0.146 0.375 0.755 0.931 58.489 0 65.183 21.793 0 0.56
73750 4 9 9 0.029 0.146 0.375 0.755 0.931 52.742 0 59.21 35.207 0 0.34
73750 5 9 9 0.029 0.146 0.375 0.755 0.931 59.947 0 76.917 38.02 0 0.42
73750 1 9 9 0.118 0.293 0.314 0.775 0.492 37.825 4 45.075 67.92 0 0.113
73750 2 9 9 0.118 0.293 0.314 0.775 0.492 92.951 15 102.26 280.727 0 0
73750 3 9 9 0.118 0.293 0.314 0.775 0.492 48.177 3 60.569 119.287 0 0.047
73750 4 9 9 0.118 0.293 0.314 0.775 0.492 40.704 1 52.492 144.307 0 0.093
73750 5 9 9 0.118 0.293 0.314 0.775 0.492 54.608 16 68.16 115.393 0 0
73750 1 9 9 0.074 0.33 0.459 0.928 0.991 42.262 1 50.432 39.507 0 0.367
73750 2 9 9 0.074 0.33 0.459 0.928 0.991 54.987 0 66.899 33.607 0 0.293
73750 3 9 9 0.074 0.33 0.459 0.928 0.991 61.729 0 69.809 30.92 0 0.373
73750 4 9 9 0.074 0.33 0.459 0.928 0.991 61.601 0 70.936 29.833 0 0.453
73750 5 9 9 0.074 0.33 0.459 0.928 0.991 47.407 0 56.793 35.627 0 0.24
73750 1 9 9 0.064 0.286 0.385 0.968 0.739 59.136 0 69.556 41.647 0 0.24
73750 2 9 9 0.064 0.286 0.385 0.968 0.739 62.201 0 71.041 28.46 0 0.467
73750 3 9 9 0.064 0.286 0.385 0.968 0.739 42.142 0 51.507 32.487 0 0.133
73750 4 9 9 0.064 0.286 0.385 0.968 0.739 57.389 0 79.024 40.487 0 0.42
73750 5 9 9 0.064 0.286 0.385 0.968 0.739 54.461 0 64.453 32.3 0 0.333
73750 1 9 9 0.096 0.303 0.263 0.991 0.269 245.801 12291 249.549 15015.173 0 0
73750 2 9 9 0.096 0.303 0.263 0.991 0.269 248 11050 249.767 16329.98 0 0
73750 3 9 9 0.096 0.303 0.263 0.991 0.269 246 11862 249.466 15669.733 0 0
73750 4 9 9 0.096 0.303 0.263 0.991 0.269 247.099 13047 249.803 15991.54 0 0
73750 5 9 9 0.096 0.303 0.263 0.991 0.269 245.149 12126 249.308 15785.573 0 0
73750 1 9 9 0.117 0.29 0.414 0.812 0.59 51.182 0 61.561 26.427 0 0.36
73750 2 9 9 0.117 0.29 0.414 0.812 0.59 59.572 0 71.16 28.013 0 0.54
73750 3 9 9 0.117 0.29 0.414 0.812 0.59 53.449 0 64.73 41.967 0 0.18
73750 4 9 9 0.117 0.29 0.414 0.812 0.59 65.634 0 72.514 20.6 0 0.493
73750 5 9 9 0.117 0.29 0.414 0.812 0.59 50.688 0 63.521 38.167 0 0.287
73750 1 9 9 0.06 0.202 0.393 0.982 0.719 51.947 0 60.606 40.847 0 0.187
73750 2 9 9 0.06 0.202 0.393 0.982 0.719 58.389 0 67.898 40.48 0 0.307
73750 3 9 9 0.06 0.202 0.393 0.982 0.719 50.554 0 66.167 28.753 0 0.4
73750 4 9 9 0.06 0.202 0.393 0.982 0.719 71.127 0 90.676 45.68 0 0.407
73750 5 9 9 0.06 0.202 0.393 0.982 0.719 67.93 0 81.212 37.667 0 0.333
73750 1 9 9 0.03 0.133 0.152 0.814 0.757 50.274 1 61.861 37.08 0 0.267
73750 2 9 9 0.03 0.133 0.152 0.814 0.757 67.278 0 77.73 45.96 0 0.253
73750 3 9 9 0.03 0.133 0.152 0.814 0.757 48.814 0 58.734 21.927 0 0.473
73750 4 9 9 0.03 0.133 0.152 0.814 0.757 56.962 0 65.399 36.607 0 0.413
73750 5 9 9 0.03 0.133 0.152 0.814 0.757 64.854 1 73.365 41.767 0 0.26
73750 1 9 9 0.074 0.399 0.263 0.901 0.803 52.664 1 59.195 35.953 0 0.373
73750 2 9 9 0.074 0.399 0.263 0.901 0.803 55.131 0 65.11 37.687 0 0.293
73750 3 9 9 0.074 0.399 0.263 0.901 0.803 53.836 1 62.094 36.6 0 0.247
73750 4 9 9 0.074 0.399 0.263 0.901 0.803 64.458 0 74.684 34.367 0 0.4
73750 5 9 9 0.074 0.399 0.263 0.901 0.803 55.94 1 65.137 31.22 0 0.387
73750 1 9 9 0.016 0.131 0.492 0.798 0.165 115.675 350 123.576 831.087 0 0
73750 2 9 9 0.016 0.131 0.492 0.798 0.165 57.257 31 73.453 290.02 0 0
73750 3 9 9 0.016 0.131 0.492 0.798 0.165 92.454 104 106.609 461.187 0 0
73750 4 9 9 0.016 0.131 0.492 0.798 0.165 100.228 26 105.927 382.393 0 0
73750 5 9 9 0.016 0.131 0.492 0.798 0.165 102.343 84 115.458 450.527 0 0
73750 1 9 9 0.032 0.092 0.072 0.798 0.908 59.515 0 69.658 32.86 0 0.3
73750 2 9 9 0.032 0.092 0.072 0.798 0.908 51.085 0 61.743 24.373 0 0.527
73750 3 9 9 0.032 0.092 0.072 0.798 0.908 62.08 0 69.633 20.587 0 0.533
73750 4 9 9 0.032 0.092 0.072 0.798 0.908 67.293 1 74.767 34.807 0 0.373
73750 5 9 9 0.032 0.092 0.072 0.798 0.908 48.91 0 57.205 20.127 0 0.42
73750 1 9 9 0.059 0.023 0.03 0.894 0.656 58.17 0 68.838 36.46 0 0.387
73750 2 9 9 0.059 0.023 0.03 0.894 0.656 59.485 0 72.562 25.753 0 0.44
73750 3 9 9 0.059 0.023 0.03 0.894 0.656 54.518 0 63.389 20.867 0 0.507
73750 4 9 9 0.059 0.023 0.03 0.894 0.656 50.724 2 61.822 24.133 0 0.487
73750 5 9 9 0.059 0.023 0.03 0.894 0.656 61.943 0 72.52 39.38 0 0.313
73750 1 9 9 0.066 0.27 0.028 0.821 0.861 62.243 17 73.765 164.673 0 0
73750 2 9 9 0.066 0.27 0.028 0.821 0.861 103.941 34 110.786 269.853 0 0
73750 3 9 9 0.066 0.27 0.028 0.821 0.861 81.959 30 91.553 206.933 0 0
73750 4 9 9 0.066 0.27 0.028 0.821 0.861 56.378 22 70.242 210.847 0 0
73750 5 9 9 0.066 0.27 0.028 0.821 0.861 85.214 18 100.211 202.22 0 0
73750 1 9 9 0.113 0.183 0.376 0.775 0.354 49.885 1 59.369 42.053 0 0.267
73750 2 9 9 0.113 0.183 0.376 0.775 0.354 52.158 0 66.738 49.273 0 0.24
73750 3 9 9 0.113 0.183 0.376 0.775 0.354 36.672 1 49.623 33.94 0 0.2
73750 4 9 9 0.113 0.183 0.376 0.775 0.354 64.655 0 74.615 59.007 0 0.213
73750 5 9 9 0.113 0.183 0.376 0.775 0.354 0 0 0 0 1 1
73750 1 9 9 0.076 0.045 0.42 0.834 0.775 46.214 5 51.755 57.607 0 0.067
73750 2 9 9 0.076 0.045 0.42 0.834 0.775 57.274 1 65.165 22.28 0 0.42
73750 3 9 9 0.076 0.045 0.42 0.834 0.775 36.933 0 41.468 16.093 0 0.66
73750 4 9 9 0.076 0.045 0.42 0.834 0.775 62.871 0 70.42 35.607 0 0.307
73750 5 9 9 0.076 0.045 0.42 0.834 0.775 55.649 1 67.962 45.9 0 0.153
73750 1 9 9 0.009 0.174 0.316 0.811 0.796 53.826 0 63.339 44.48 0 0.193
73750 2 9 9 0.009 0.174 0.316 0.811 0.796 61.232 0 73.54 38.04 0 0.14
73750 3 9 9 0.009 0.174 0.316 0.811 0.796 46.726 1 55.555 48.127 0 0.113
73750 4 9 9 0.009 0.174 0.316 0.811 0.796 50.057 0 56.856 25.427 0 0.433
73750 5 9 9 0.009 0.174 0.316 0.811 0.796 53.474 0 64.16 38.273 0 0.253
73750 1 9 9 0.014 0.266 0.482 0.767 0.638 58.901 0 73.963 38.02 0 0.313
73750 2 9 9 0.014 0.266 0.482 0.767 0.638 53.182 0 61.681 36.827 0 0.24
73750 3 9 9 0.014 0.266 0.482 0.767 0.638 60.069 0 70.205 36.327 0 0.433
73750 4 9 9 0.014 0.266 0.482 0.767 0.638 49.39 0 56.84 30.253 0 0.387
73750 5 9 9 0.014 0.266 0.482 0.767 0.638 69.906 1 78.617 38.333 0 0.18
73750 1 9 9 0.086 0.448 0.214 0.959 0.063 249.43 18623 249.996 22380.26 0 0
73750 2 9 9 0.086 0.448 0.214 0.959 0.063 250 21440 250 22807.3 0 0
73750 3 9 9 0.086 0.448 0.214 0.959 0.063 249.641 18583 249.998 21883.267 0 0
73750 4 9 9 0.086 0.448 0.214 0.959 0.063 249 19346 249.993 21539.46 0 0
73750 5 9 9 0.086 0.448 0.214 0.959 0.063 249 17697 249.964 21333.153 0 0
73750 1 9 9 0.081 0.194 0.122 0.956 0.383 247 13900 249.355 16268.467 0 0
73750 2 9 9 0.081 0.194 0.122 0.956 0.383 245.034 13577 249.864 17175.1 0 0
73750 3 9 9 0.081 0.194 0.122 0.956 0.383 248 14464 249.775 16313.96 0 0
73750 4 9 9 0.081 0.194 0.122 0.956 0.383 248 12793 249.858 16842.493 0 0
73750 5 9 9 0.081 0.194 0.122 0.956 0.383 248 15970 249.844 17752.873 0 0
73750 1 9 9 0.033 0.37 0.207 0.858 0.942 60.173 0 71.847 35.373 0 0.293
73750 2 9 9 0.033 0.37 0.207 0.858 0.942 46.453 1 57.196 29.24 0 0.327
73750 3 9 9 0.033 0.37 0.207 0.858 0.942 68.937 0 75.626 25.76 0 0.38
73750 4 9 9 0.033 0.37 0.207 0.858 0.942 60.927 4 66.47 47.38 0 0.167
73750 5 9 9 0.033 0.37 0.207 0.858 0.942 51.205 0 59.354 32.693 0 0.427
73750 1 9 9 0.021 0.447 0.484 0.925 0.77 53.29 1 60.657 23.113 0 0.493
73750 2 9 9 0.021 0.447 0.484 0.925 0.77 68.42 0 77.854 32.74 0 0.44
73750 3 9 9 0.021 0.447 0.484 0.925 0.77 54.761 4 61.194 51.173 0 0.04
73750 4 9 9 0.021 0.447 0.484 0.925 0.77 47.311 0 55.959 37.787 0 0.107
73750 5 9 9 0.021 0.447 0.484 0.925 0.77 57.646 0 69.455 35.28 0 0.38
73750 1 9 9 0.054 0.424 0.453 0.952 0.711 59.902 0 72.835 40.28 0 0.267
73750 2 9 9 0.054 0.424 0.453 0.952 0.711 61.029 1 74.742 44.273 0 0.307
73750 3 9 9 0.054 0.424 0.453 0.952 0.711 54.606 1 66.64 34.927 0 0.307
73750 4 9 9 0.054 0.424 0.453 0.952 0.711 53.366 0 61.439 25.26 0 0.44
73750 5 9 9 0.054 0.424 0.453 0.952 0.711 39.498 0 44.218 16.413 0 0.453
73750 1 9 9 0.014 0.391 0.155 0.869 0.785 23.74 1 28.907 58.413 0 0.113
73750 2 9 9 0.014 0.391 0.155 0.869 0.785 0 0 0 0 1 1
73750 3 9 9 0.014 0.391 0.155 0.869 0.785 24.135 7 31.313 72.8 0 0.04
73750 4 9 9 0.014 0.391 0.155 0.869 0.785 0 0 0 0 1 1
73750 5 9 9 0.014 0.391 0.155 0.869 0.785 31.552 0 41.954 52.773 0 0.193
73750 1 9 9 0.074 0.219 0.17 0.949 0.977 60.056 2 72.472 35.76 0 0.44
73750 2 9 9 0.074 0.219 0.17 0.949 0.977 63.628 0 75.538 33.907 0 0.28
73750 3 9 9 0.074 0.219 0.17 0.949 0.977 59.875 0 72.312 36.92 0 0.26
73750 4 9 9 0.074 0.219 0.17 0.949 0.977 62.595 0 80.32 33.053 0 0.347
73750 5 9 9 0.074 0.219 0.17 0.949 0.977 63.523 0 72.99 36.707 0 0.287
73750 1 9 9 0.061 0.428 0.121 0.876 0.065 250 20742 250 21666.14 0 0
73750 2 9 9 0.061 0.428 0.121 0.876 0.065 250 19380 250 20889.013 0 0
73750 3 9 9 0.061 0.428 0.121 0.876 0.065 250 19836 250 21004.533 0 0
73750 4 9 9 0.061 0.428 0.121 0.876 0.065 250 17874 250 19650.88 0 0
73750 5 9 9 0.061 0.428 0.121 0.876 0.065 250 22841 250 23789.507 0 0
73750 1 9 9 0.005 0.305 0.202 0.962 0.467 160.195 499 175.596 1901.58 0 0
73750 2 9 9 0.005 0.305 0.202 0.962 0.467 141.359 320 158.253 1522.3 0 0
73750 3 9 9 0.005 0.305 0.202 0.962 0.467 162.652 383 175.585 1719.593 0 0
73750 4 9 9 0.005 0.305 0.202 0.962 0.467 111.472 40 120.183 653.9 0 0
73750 5 9 9 0.005 0.305 0.202 0.962 0.467 152.392 458 164.1 1342.747 0 0
73750 1 9 9 0.037 0.177 0.379 0.948 0.922 52.928 0 59.368 22.513 0 0.36
73750 2 9 9 0.037 0.177 0.379 0.948 0.922 55.057 0 68.05 45.187 0 0.233
73750 3 9 9 0.037 0.177 0.379 0.948 0.922 51.147 1 59.314 26.98 0 0.413
73750 4 9 9 0.037 0.177 0.379 0.948 0.922 49.574 0 56.752 27.853 0 0.24
73750 5 9 9 0.037 0.177 0.379 0.948 0.922 67.386 0 72.691 33.347 0 0.293
73750 1 9 9 0.103 0.373 0.483 0.93 0.057 249.244 14253 249.977 16976.453 0 0
73750 2 9 9 0.103 0.373 0.483 0.93 0.057 248 13133 249.882 17205.4 0 0
73750 3 9 9 0.103 0.373 0.483 0.93 0.057 249 16350 249.96 20368.407 0 0
73750 4 9 9 0.103 0.373 0.483 0.93 0.057 247.61 16616 249.871 18189.473 0 0
73750 5 9 9 0.103 0.373 0.483 0.93 0.057 246 10332 249.729 16762.927 0 0
73750 1 9 9 0.013 0.338 0.069 0.792 0.724 242.094 6288 248.496 9011.6 0 0
73750 2 9 9 0.013 0.338 0.069 0.792 0.724 243.353 5149 247.819 8664.467 0 0
73750 3 9 9 0.013 0.338 0.069 0.792 0.724 242.167 6596 247.308 9368.96 0 0
73750 4 9 9 0.013 0.338 0.069 0.792 0.724 242.099 6758 248.391 10031.36 0 0
73750 5 9 9 0.013 0.338 0.069 0.792 0.724 230.971 3331 240.941 6563.213 0 0
73750 1 9 9 0.023 0.215 0.056 0.897 0.753 160.114 927 165.697 1910.393 0 0
73750 2 9 9 0.023 0.215 0.056 0.897 0.753 172.645 335 182.961 1630.367 0 0
73750 3 9 9 0.023 0.215 0.056 0.897 0.753 223.813 3301 235.434 4894.02 0 0
73750 4 9 9 0.023 0.215 0.056 0.897 0.753 182.105 983 188.18 1998.027 0 0
73750 5 9 9 0.023 0.215 0.056 0.897 0.753 0 0 0 0 1 1
73750 1 9 9 0.081 0.218 0.201 0.92 0.475 166.463 516 175.267 1038.033 0 0
73750 2 9 9 0.081 0.218 0.201 0.92 0.475 158.907 1265 164.725 1794.78 0 0
73750 3 9 9 0.081 0.218 0.201 0.92 0.475 125.538 204 134.606 684.253 0 0
73750 4 9 9 0.081 0.218 0.201 0.92 0.475 135.569 854 147.666 1236.593 0 0
73750 5 9 9 0.081 0.218 0.201 0.92 0.475 153.585 346 169.157 1190.613 0 0
73750 1 9 9 0.03 0.326 0.15 0.838 0.055 250 18677 250 20156.933 0 0
73750 2 9 9 0.03 0.326 0.15 0.838 0.055 250 19223 250 21351.34 0 0
73750 3 9 9 0.03 0.326 0.15 0.838 0.055 250 21428 250 23281.52 0 0
73750 4 9 9 0.03 0.326 0.15 0.838 0.055 250 20359 250 23109.107 0 0
73750 5 9 9 0.03 0.326 0.15 0.838 0.055 250 20757 250 21728.687 0 0
73750 1 9 9 0.017 0.057 0.45 0.792 0.691 61.59 0 71.458 35.353 0 0.38
73750 2 9 9 0.017 0.057 0.45 0.792 0.691 66.352 0 72.295 34.6 0 0.287
73750 3 9 9 0.017 0.057 0.45 0.792 0.691 51.946 1 59.383 29.307 0 0.287
73750 4 9 9 0.017 0.057 0.45 0.792 0.691 52.916 0 61.693 31.94 0 0.347
73750 5 9 9 0.017 0.057 0.45 0.792 0.691 62.306 0 76.63 34.02 0 0.453
73750 1 9 9 0.083 0.208 0.419 0.846 0.467 30.602 2 40.568 64.853 0 0.1
73750 2 9 9 0.083 0.208 0.419 0.846 0.467 41.536 2 58.509 42.847 0 0.213
73750 3 9 9 0.083 0.208 0.419 0.846 0.467 46.162 2 61.292 48.873 0 0.193
73750 4 9 9 0.083 0.208 0.419 0.846 0.467 34.26 7 59.435 64.56 0 0.02
73750 1 9 9 0.021 0.157 0.224 0.846 0.333 225.83 1879 241.667 5677.167 0 0
73750 2 9 9 0.021 0.157 0.224 0.846 0.333 221.794 978 238.826 4855.493 0 0
73750 3 9 9 0.021 0.157 0.224 0.846 0.333 235.764 2597 243.138 5448.4 0 0
73750 4 9 9 0.021 0.157 0.224 0.846 0.333 229.793 2370 244.549 5323.207 0 0
73750 5 9 9 0.021 0.157 0.224 0.846 0.333 187.481 811 195.808 2166.927 0 0
73750 1 9 9 0.075 0.278 0.293 0.777 0.687 51.282 0 61.566 32.52 0 0.333
73750 2 9 9 0.075 0.278 0.293 0.777 0.687 53.004 0 58.836 30.587 0 0.173
73750 3 9 9 0.075 0.278 0.293 0.777 0.687 50.909 1 60.483 36.013 0 0.36
73750 4 9 9 0.075 0.278 0.293 0.777 0.687 0 0 0 0 1 1
73750 5 9 9 0.075 0.278 0.293 0.777 0.687 46.716 0 58.471 38.587 0 0.26
73750 1 9 9 0.072 0.364 0.25 0.906 0.786 48.545 1 56.941 48.24 0 0.127
73750 2 9 9 0.072 0.364 0.25 0.906 0.786 48.319 1 59.774 21.233 0 0.467
73750 3 9 9 0.072 0.364 0.25 0.906 0.786 57.228 0 71.794 32.673 0 0.36
73750 4 9 9 0.072 0.364 0.25 0.906 0.786 52.364 0 61.879 33.207 0 0.38
73750 5 9 9 0.072 0.364 0.25 0.906 0.786 56.838 0 65.835 24.853 0 0.367
73750 1 9 9 0.015 0.471 0.157 0.882 0.138 246.659 15170 249.805 20198.207 0 0
73750 2 9 9 0.015 0.471 0.157 0.882 0.138 249 17465 249.974 19949.173 0 0
73750 3 9 9 0.015 0.471 0.157 0.882 0.138 249.604 18357 249.996 20041.547 0 0
73750 4 9 9 0.015 0.471 0.157 0.882 0.138 244 15417 249.407 19273.233 0 0
73750 5 9 9 0.015 0.471 0.157 0.882 0.138 248 16448 249.862 19958.067 0 0
73750 1 9 9 0.067 0.364 0.372 0.912 0.899 57.847 0 70.203 35.06 0 0.36
73750 2 9 9 0.067 0.364 0.372 0.912 0.899 62.77 0 71.005 33.013 0 0.34
73750 3 9 9 0.067 0.364 0.372 0.912 0.899 56.659 0 68.999 32.793 0 0.26
73750 4 9 9 0.067 0.364 0.372 0.912 0.899 59.922 0 66.357 35.673 0 0.253
73750 5 9 9 0.067 0.364 0.372 0.912 0.899 44.404 1 59.148 24.527 0 0.34
73750 1 9 9 0.052 0.238 0.044 0.99 0.336 250 20353 250 21656.76 0 0
73750 2 9 9 0.052 0.238 0.044 0.99 0.336 248 19177 249.92 20936.14 0 0
73750 3 9 9 0.052 0.238 0.044 0.99 0.336 250 19953 250 21812.187 0 0
73750 4 9 9 0.052 0.238 0.044 0.99 0.336 250 20963 250 21893.947 0 0
73750 5 9 9 0.052 0.238 0.044 0.99 0.336 249.521 17651 249.992 20260.793 0 0
73750 1 9 9 0.012 0.146 0.283 0.929 0.265 179.069 322 191.393 1631.733 0 0
73750 2 9 9 0.012 0.146 0.283 0.929 0.265 169.72 724 189.452 1985.2 0 0
73750 3 9 9 0.012 0.146 0.283 0.929 0.265 149.864 129 158.678 1064.72 0 0
73750 4 9 9 0.012 0.146 0.283 0.929 0.265 184.776 1336 193.312 2181.127 0 0
73750 5 9 9 0.012 0.146 0.283 0.929 0.265 158.344 414 166.895 1989.2 0 0
73750 1 9 9 0.008 0.319 0.198 0.944 0.386 244.094 7248 248.637 10580.547 0 0
73750 2 9 9 0.008 0.319 0.198 0.944 0.386 244.785 6888 249.018 13010.28 0 0
73750 3 9 9 0.008 0.319 0.198 0.944 0.386 242 9692 248.444 12567.58 0 0
73750 4 9 9 0.008 0.319 0.198 0.944 0.386 234.933 5666 246.887 11886.98 0 0
73750 5 9 9 0.008 0.319 0.198 0.944 0.386 236.111 10142 248.133 14037.18 0 0
73750 1 9 9 0.004 0.298 0.262 0.877 0.182 248.578 14447 249.914 18463.247 0 0
73750 2 9 9 0.004 0.298 0.262 0.877 0.182 248 13980 249.731 17110.587 0 0
73750 3 9 9 0.004 0.298 0.262 0.877 0.182 247.099 14808 249.796 18129.553 0 0
73750 4 9 9 0.004 0.298 0.262 0.877 0.182 245.439 11600 249.359 15319.253 0 0
73750 5 9 9 0.004 0.298 0.262 0.877 0.182 246.196 15686 249.67 18370.247 0 0
73750 1 9 9 0.08 0.307 0.256 0.753 0.889 63.277 0 73.231 34.2 0 0.373
73750 2 9 9 0.08 0.307 0.256 0.753 0.889 52.746 1 61.534 37.58 0 0.193
73750 3 9 9 0.08 0.307 0.256 0.753 0.889 56.413 0 70.302 35.047 0 0.313
73750 4 9 9 0.08 0.307 0.256 0.753 0.889 54.907 1 62.12 33 0 0.253
73750 5 9 9 0.08 0.307 0.256 0.753 0.889 63.11 0 76.675 37.887 0 0.373
73750 1 9 10 0.011 0.413 0.258 0.802 0.226 243 12294 249.203 16930.433 0 0
73750 2 9 10 0.011 0.413 0.258 0.802 0.226 241.338 9251 248.749 16305.7 0 0
73750 3 9 10 0.011 0.413 0.258 0.802 0.226 245.772 12695 249.526 17024.307 0 0
73750 4 9 10 0.011 0.413 0.258 0.802 0.226 248.476 15356 249.874 17870.593 0 0
73750 5 9 10 0.011 0.413 0.258 0.802 0.226 246.676 13126 249.519 16462.2 0 0
73750 1 9 10 0.006 0.437 0.084 0.942 0.886 29.796 2 42.059 63.86 0 0.113
73750 2 9 10 0.006 0.437 0.084 0.942 0.886 52.626 0 62.337 33.933 0 0.353
73750 3 9 10 0.006 0.437 0.084 0.942 0.886 49.242 0 61.635 47.3 0 0.227
73750 4 9 10 0.006 0.437 0.084 0.942 0.886 44.153 2 51.195 49.2 0 0.107
73750 5 9 10 0.006 0.437 0.084 0.942 0.886 39.473 0 47.691 42.42 0 0.18
73750 1 9 10 0.117 0.307 0.032 0.913 0.547 248 12978 249.846 16587.96 0 0
73750 2 9 10 0.117 0.307 0.032 0.913 0.547 246 13290 249.2 15202.773 0 0
73750 3 9 10 0.117 0.307 0.032 0.913 0.547 248 11875 249.889 16611.42 0 0
73750 4 9 10 0.117 0.307 0.032 0.913 0.547 249.739 14328 249.996 16940.187 0 0
73750 5 9 10 0.117 0.307 0.032 0.913 0.547 249 15484 249.909 17076.127 0 0
73750 1 9 10 0.024 0.277 0.21 0.899 0.7 44.547 0 58.938 41.8 0 0.267
73750 2 9 10 0.024 0.277 0.21 0.899 0.7 32.125 4 39.202 64.94 0 0.1
73750 3 9 10 0.024 0.277 0.21 0.899 0.7 0 0 0 0 1 1
73750 4 9 10 0.024 0.277 0.21 0.899 0.7 26.656 1 33.277 50.18 0 0.167
73750 5 9 10 0.024 0.277 0.21 0.899 0.7 28.636 2 37.75 53.047 0 0.007
73750 1 9 10 0.052 0.429 0.309 1 0.992 64.416 0 71.602 34.527 0 0.353
73750 2 9 10 0.052 0.429 0.309 1 0.992 56.76 0 64.403 16.927 0 0.553
73750 3 9 10 0.052 0.429 0.309 1 0.992 53.987 0 60.461 32.18 0 0.427
73750 4 9 10 0.052 0.429 0.309 1 0.992 65.406 0 81.871 31.493 0 0.393
73750 5 9 10 0.052 0.429 0.309 1 0.992 54.634 0 72.107 33.993 0 0.373
73750 1 9 10 0.119 0.138 0.448 0.855 0.811 61.589 0 71.647 31.62 0 0.307
73750 2 9 10 0.119 0.138 0.448 0.855 0.811 52.755 0 60.642 41.16 0 0.26
73750 3 9 10 0.119 0.138 0.448 0.855 0.811 33.218 0 38.317 14.453 0 0.46
73750 4 9 10 0.119 0.138 0.448 0.855 0.811 67.501 0 73.669 33.74 0 0.26
73750 5 9 10 0.119 0.138 0.448 0.855 0.811 67.796 0 77.12 35.247 0 0.333
73750 1 9 10 0.084 0.406 0.409 0.785 0.432 65.324 38 74.198 221.073 0 0
73750 2 9 10 0.084 0.406 0.409 0.785 0.432 47.168 4 55.202 94.893 0 0.013
73750 3 9 10 0.084 0.406 0.409 0.785 0.432 59.11 18 68.253 337.767 0 0
73750 4 9 10 0.084 0.406 0.409 0.785 0.432 48.293 11 64.415 118.967 0 0
73750 5 9 10 0.084 0.406 0.409 0.785 0.432 24.412 4 36.809 67.573 0 0.08
73750 1 9 10 0.078 0.079 0.306 0.766 0.313 53.378 0 65.358 38.907 0 0.293
73750 2 9 10 0.078 0.079 0.306 0.766 0.313 44.655 2 56.831 45.427 0 0.267
73750 3 9 10 0.078 0.079 0.306 0.766 0.313 59.408 1 73.203 32.933 0 0.373
73750 4 9 10 0.078 0.079 0.306 0.766 0.313 64.557 0 75.751 31.473 0 0.433
73750 5 9 10 0.078 0.079 0.306 0.766 0.313 71.063 0 80.464 38.727 0 0.4
73750 1 9 10 0.014 0.021 0.31 0.786 0.413 51.165 1 57.945 36.713 0 0.28
73750 2 9 10 0.014 0.021 0.31 0.786 0.413 57.296 0 69.87 39.68 0 0.267
73750 3 9 10 0.014 0.021 0.31 0.786 0.413 70.741 0 79.269 33.4 0 0.3
73750 4 9 10 0.014 0.021 0.31 0.786 0.413 50.647 0 61.669 28.713 0 0.5
73750 5 9 10 0.014 0.021 0.31 0.786 0.413 61.136 1 72.594 37.153 0 0.34
73750 1 9 10 0.05 0.208 0.492 0.874 0.283 30.583 10 34.662 91.487 0 0
73750 2 9 10 0.05 0.208 0.492 0.874 0.283 58.882 1 67.673 84.473 0 0.18
73750 3 9 10 0.05 0.208 0.492 0.874 0.283 24.591 0 30.875 65.46 0 0.127
73750 4 9 10 0.05 0.208 0.492 0.874 0.283 25.657 0 46.398 64.227 0 0.173
73750 5 9 10 0.05 0.208 0.492 0.874 0.283 33.354 8 40.65 86.853 0 0.067
73750 1 9 10 0.039 0.105 0.344 0.968 0.075 245.346 11587 249.58 15204.833 0 0
73750 2 9 10 0.039 0.105 0.344 0.968 0.075 245.977 8643 249.437 14745.44 0 0
73750 3 9 10 0.039 0.105 0.344 0.968 0.075 247 11150 249.662 15392.56 0 0
73750 4 9 10 0.039 0.105 0.344 0.968 0.075 244 9785 248.591 14526.62 0 0
73750 5 9 10 0.039 0.105 0.344 0.968 0.075 241.366 8772 247.921 12491.267 0 0
73750 1 9 10 0.081 0.051 0.152 0.77 0.379 59.56 0 72.381 31.347 0 0.507
73750 2 9 10 0.081 0.051 0.152 0.77 0.379 53.243 1 63.144 27.987 0 0.52
73750 3 9 10 0.081 0.051 0.152 0.77 0.379 57.268 0 66.654 34.273 0 0.273
73750 4 9 10 0.081 0.051 0.152 0.77 0.379 68.696 0 77.525 26.487 0 0.46
73750 5 9 10 0.081 0.051 0.152 0.77 0.379 55.039 0 70.571 33.193 0 0.433
73750 1 9 10 0.049 0.036 0.305 0.928 0.841 68.976 0 77.202 32.873 0 0.167
73750 2 9 10 0.049 0.036 0.305 0.928 0.841 64.646 0 75.503 28.993 0 0.407
73750 3 9 10 0.049 0.036 0.305 0.928 0.841 52.834 1 62.49 32.62 0 0.3
73750 4 9 10 0.049 0.036 0.305 0.928 0.841 66.986 0 76.327 39.067 0 0.353
73750 5 9 10 0.049 0.036 0.305 0.928 0.841 36.843 0 49.016 33.833 0 0.233
73750 1 9 10 0.102 0.497 0.245 0.949 0.588 98.665 170 111.223 603.433 0 0
73750 1 9 10 0.085 0.075 0.461 0.771 0.653 57.268 0 67.054 19.967 0 0.54
73750 2 9 10 0.085 0.075 0.461 0.771 0.653 57.022 0 71.978 34.573 0 0.24
73750 3 9 10 0.085 0.075 0.461 0.771 0.653 60.431 0 73.938 36 0 0.247
73750 4 9 10 0.085 0.075 0.461 0.771 0.653 61.911 1 73.792 36.64 0 0.273
73750 5 9 10 0.085 0.075 0.461 0.771 0.653 59.577 1 68.042 57.8 0 0.153
73750 1 9 10 0.083 0.127 0.17 0.83 0.094 249 19096 249.966 20155.38 0 0
73750 2 9 10 0.083 0.127 0.17 0.83 0.094 250 17936 250 19292.6 0 0
73750 3 9 10 0.083 0.127 0.17 0.83 0.094 249.423 16143 249.988 19455.393 0 0
73750 4 9 10 0.083 0.127 0.17 0.83 0.094 247.947 15592 249.833 18779.627 0 0
73750 5 9 10 0.083 0.127 0.17 0.83 0.094 245.148 14671 249.662 17995.113 0 0
73750 1 9 10 0.093 0.336 0.184 0.837 0.051 249 19989 249.98 20990.52 0 0
73750 2 9 10 0.093 0.336 0.184 0.837 0.051 250 20725 250 22279.527 0 0
73750 3 9 10 0.093 0.336 0.184 0.837 0.051 250 22229 250 23497.02 0 0
73750 4 9 10 0.093 0.336 0.184 0.837 0.051 249.196 16795 249.986 18929.88 0 0
73750 5 9 10 0.093 0.336 0.184 0.837 0.051 249.521 18618 249.994 20984.073 0 0
73750 1 9 10 0.111 0.313 0.078 0.756 0.935 59.464 0 71.895 33.507 0 0.393
73750 2 9 10 0.111 0.313 0.078 0.756 0.935 59.256 0 71.39 34.313 0 0.413
73750 3 9 10 0.111 0.313 0.078 0.756 0.935 61.447 0 72.527 35.413 0 0.447
73750 4 9 10 0.111 0.313 0.078 0.756 0.935 56.809 0 65.323 38.347 0 0.327
73750 5 9 10 0.111 0.313 0.078 0.756 0.935 50.979 0 59.068 26.513 0 0.333
73750 1 9 10 0.099 0.333 0.351 0.878 0.755 52.76 0 67.777 39.353 0 0.3
73750 2 9 10 0.099 0.333 0.351 0.878 0.755 38.931 1 60.822 32.047 0 0.38
73750 3 9 10 0.099 0.333 0.351 0.878 0.755 55.279 1 60.355 23.22 0 0.44
73750 4 9 10 0.099 0.333 0.351 0.878 0.755 53.712 0 61.066 20.42 0 0.433
73750 5 9 10 0.099 0.333 0.351 0.878 0.755 63.364 0 77.179 35.42 0 0.393
73750 1 9 10 0.08 0.048 0.466 0.912 0.626 71.794 0 79.759 42.84 0 0.253
73750 2 9 10 0.08 0.048 0.466 0.912 0.626 60.059 0 67.159 29.547 0 0.367
73750 3 9 10 0.08 0.048 0.466 0.912 0.626 40.979 0 58.715 46.44 0 0.24
73750 4 9 10 0.08 0.048 0.466 0.912 0.626 57.3 0 64.848 35.927 0 0.287
73750 5 9 10 0.08 0.048 0.466 0.912 0.626 54.596 0 63.83 20.607 0 0.413
73750 1 9 10 0.012 0.227 0.094 0.977 0.749 0 0 0 0 1 1
73750 2 9 10 0.012 0.227 0.094 0.977 0.749 36.155 2 43.886 67.887 0 0.067
73750 3 9 10 0.012 0.227 0.094 0.977 0.749 20.911 1 45.189 74.82 0 0.1
73750 4 9 10 0.012 0.227 0.094 0.977 0.749 56.471 0 66.042 36.9 0 0.267
73750 5 9 10 0.012 0.227 0.094 0.977 0.749 28.621 7 34.306 60.233 0 0.013
73750 1 9 10 0.119 0.128 0.176 0.836 0.794 64.161 0 71.524 43.6 0 0.267
73750 2 9 10 0.119 0.128 0.176 0.836 0.794 62.264 0 71.72 31.5 0 0.373
73750 3 9 10 0.119 0.128 0.176 0.836 0.794 55.78 0 65.873 42.68 0 0.167
73750 4 9 10 0.119 0.128 0.176 0.836 0.794 60.631 0 71.886 40.5 0 0.32
73750 5 9 10 0.119 0.128 0.176 0.836 0.794 47.932 1 67.54 58.867 0 0.113
73750 1 9 10 0.029 0.141 0.184 0.864 0.474 47.467 0 64.578 99.447 0 0.127
73750 2 9 10 0.029 0.141 0.184 0.864 0.474 51.078 13 66.853 90.72 0 0
73750 3 9 10 0.029 0.141 0.184 0.864 0.474 47.391 2 64.005 160.047 0 0.127
73750 4 9 10 0.029 0.141 0.184 0.864 0.474 23.298 5 39.289 102.107 0 0.087
73750 5 9 10 0.029 0.141 0.184 0.864 0.474 21.017 2 29.693 38.513 0 0.193
73750 1 9 10 0.109 0.11 0.281 0.969 0.379 50.858 0 65.206 37.96 0 0.4
73750 2 9 10 0.109 0.11 0.281 0.969 0.379 38.132 1 51.22 66.74 0 0.18
73750 3 9 10 0.109 0.11 0.281 0.969 0.379 0 0 0 0 1 1
73750 4 9 10 0.109 0.11 0.281 0.969 0.379 55.476 0 69.155 36.18 0 0.233
73750 5 9 10 0.109 0.11 0.281 0.969 0.379 62.854 0 71.67 29.633 0 0.467
73750 1 9 10 0.074 0.275 0.261 0.811 0.207 245.449 12868 249.513 16823.253 0 0
73750 2 9 10 0.074 0.275 0.261 0.811 0.207 248.739 13262 249.897 16371.14 0 0
73750 3 9 10 0.074 0.275 0.261 0.811 0.207 247.285 13282 249.53 16212.747 0 0
73750 4 9 10 0.074 0.275 0.261 0.811 0.207 246 13040 249.73 16249.327 0 0
73750 5 9 10 0.074 0.275 0.261 0.811 0.207 244.86 8877 249.554 17817.98 0 0
73750 1 9 10 0.039 0.089 0.312 0.786 0.836 57.535 0 68.744 35.833 0 0.327
73750 2 9 10 0.039 0.089 0.312 0.786 0.836 55.947 1 62.079 29.147 0 0.327
73750 3 9 10 0.039 0.089 0.312 0.786 0.836 68.734 1 78.035 34.2 0 0.347
73750 4 9 10 0.039 0.089 0.312 0.786 0.836 61.02 0 76.034 32.813 0 0.413
73750 5 9 10 0.039 0.089 0.312 0.786 0.836 59.742 0 70.217 40.307 0 0.173
73750 1 9 10 0.063 0.019 0.272 0.757 0.764 60.67 0 69.833 39.44 0 0.32
73750 2 9 10 0.063 0.019 0.272 0.757 0.764 50.832 5 58.761 49.38 0 0.06
73750 1 9 10 0.083 0.145 0.491 0.963 0.412 56.163 0 66.109 39.127 0 0.387
73750 2 9 10 0.083 0.145 0.491 0.963 0.412 54.76 0 63.695 42.207 0 0.153
73750 3 9 10 0.083 0.145 0.491 0.963 0.412 49.819 0 63.553 28.16 0 0.46
73750 4 9 10 0.083 0.145 0.491 0.963 0.412 54.91 7 60.273 50.573 0 0.053
73750 5 9 10 0.083 0.145 0.491 0.963 0.412 48.812 0 63.391 28.8 0 0.38
73750 1 9 10 0.116 0.372 0.302 0.98 0.948 55.528 0 64.495 28.927 0 0.32
73750 2 9 10 0.116 0.372 0.302 0.98 0.948 53.696 1 63.822 40.58 0 0.313
73750 3 9 10 0.116 0.372 0.302 0.98 0.948 55.841 0 71.262 36.22 0 0.34
73750 4 9 10 0.116 0.372 0.302 0.98 0.948 55.378 0 66.068 30.48 0 0.433
73750 5 9 10 0.116 0.372 0.302 0.98 0.948 60.795 0 69.074 20.76 0 0.4
73750 1 9 10 0.095 0.34 0.096 0.798 0.34 249.384 16928 249.996 19507.987 0 0
73750 2 9 10 0.095 0.34 0.096 0.798 0.34 247 15485 249.848 18317.96 0 0
73750 3 9 10 0.095 0.34 0.096 0.798 0.34 249 19820 249.976 21254.6 0 0
73750 4 9 10 0.095 0.34 0.096 0.798 0.34 250 17878 250 19375.34 0 0
73750 5 9 10 0.095 0.34 0.096 0.798 0.34 248.61 17020 249.959 18684.827 0 0
73750 1 9 10 0.043 0.241 0.467 0.79 0.662 52.673 0 68.918 28.993 0 0.393
73750 2 9 10 0.043 0.241 0.467 0.79 0.662 72.302 0 79.528 41.48 0 0.34
73750 3 9 10 0.043 0.241 0.467 0.79 0.662 69.711 0 83.607 35.42 0 0.38
73750 4 9 10 0.043 0.241 0.467 0.79 0.662 44.07 2 57.721 35.72 0 0.3
73750 5 9 10 0.043 0.241 0.467 0.79 0.662 53.007 0 60.618 21.813 0 0.56
73750 1 9 10 0.081 0.49 0.419 0.835 0.071 250 15801 250 19536.847 0 0
73750 2 9 10 0.081 0.49 0.419 0.835 0.071 249.43 13921 249.99 16779.493 0 0
73750 3 9 10 0.081 0.49 0.419 0.835 0.071 247.1 15960 249.821 18044.533 0 0
73750 4 9 10 0.081 0.49 0.419 0.835 0.071 249.739 16481 249.998 19419.367 0 0
73750 5 9 10 0.081 0.49 0.419 0.835 0.071 248.244 17523 249.963 19506.84 0 0
73750 1 9 10 0.006 0.163 0.084 0.913 0.77 38.78 2 47.594 34.98 0 0.213
73750 2 9 10 0.006 0.163 0.084 0.913 0.77 42.092 1 48.277 35.2 0 0.227
73750 3 9 10 0.006 0.163 0.084 0.913 0.77 47.535 0 63.701 31.893 0 0.367
73750 4 9 10 0.006 0.163 0.084 0.913 0.77 37.912 0 52.612 34.473 0 0.387
73750 5 9 10 0.006 0.163 0.084 0.913 0.77 61.436 0 74.143 29.32 0 0.407
73750 1 9 10 0.081 0.152 0.162 0.828 0.185 248.653 13691 249.967 18115.28 0 0
73750 2 9 10 0.081 0.152 0.162 0.828 0.185 247.778 12029 249.815 16793.007 0 0
73750 3 9 10 0.081 0.152 0.162 0.828 0.185 248 13388 249.853 16251.24 0 0
73750 4 9 10 0.081 0.152 0.162 0.828 0.185 246 15949 249.79 17856.22 0 0
73750 5 9 10 0.081 0.152 0.162 0.828 0.185 249 14755 249.916 16828.4 0 0
73750 1 9 10 0.09 0.059 0.487 0.814 0.182 67.801 0 78.404 34.147 0 0.487
73750 2 9 10 0.09 0.059 0.487 0.814 0.182 65.453 0 77.191 33.3 0 0.173
73750 3 9 10 0.09 0.059 0.487 0.814 0.182 51.943 0 63.019 40.273 0 0.253
73750 4 9 10 0.09 0.059 0.487 0.814 0.182 52.267 0 67.234 37.627 0 0.333
73750 5 9 10 0.09 0.059 0.487 0.814 0.182 69.346 0 78.422 34.7 0 0.367
73750 1 9 10 0.033 0.395 0.356 0.987 0.303 243.441 5402 248.172 9117.387 0 0
73750 2 9 10 0.033 0.395 0.356 0.987 0.303 227.908 4323 246.293 8732.807 0 0
73750 3 9 10 0.033 0.395 0.356 0.987 0.303 240.286 5472 245.798 8323.3 0 0
73750 4 9 10 0.033 0.395 0.356 0.987 0.303 244 5636 248.781 10741.367 0 0
73750 5 9 10 0.033 0.395 0.356 0.987 0.303 227.11 2707 243.357 6546.173 0 0
73750 1 9 10 0.116 0.254 0.358 0.858 0.373 64.116 1 72.361 122.3 0 0.033
73750 2 9 10 0.116 0.254 0.358 0.858 0.373 96.511 6 102.039 257.56 0 0.007
73750 3 9 10 0.116 0.254 0.358 0.858 0.373 94.232 26 99.785 253.56 0 0
73750 4 9 10 0.116 0.254 0.358 0.858 0.373 64.399 9 83 194.78 0 0.007
73750 5 9 10 0.116 0.254 0.358 0.858 0.373 50.126 3 55.556 144.22 0 0.033
73750 1 9 10 0.026 0.118 0.039 0.987 0.608 245.166 12931 249.085 15376.813 0 0
73750 2 9 10 0.026 0.118 0.039 0.987 0.608 246 10365 249.238 15643.12 0 0
73750 1 9 10 0.029 0.073 0.154 0.918 0.316 116.116 194 124.969 741.253 0 0
73750 2 9 10 0.029 0.073 0.154 0.918 0.316 116.221 47 133.073 925.22 0 0
73750 3 9 10 0.029 0.073 0.154 0.918 0.316 90.016 167 105.151 555.613 0 0
73750 4 9 10 0.029 0.073 0.154 0.918 0.316 115.692 175 122.3 623.94 0 0
73750 5 9 10 0.029 0.073 0.154 0.918 0.316 85.903 8 98.698 285.813 0 0.067
73750 1 9 10 0.045 0.022 0.404 0.789 0.582 60.88 1 73.757 33.493 0 0.393
73750 2 9 10 0.045 0.022 0.404 0.789 0.582 52.884 1 66.352 48.767 0 0.093
73750 3 9 10 0.045 0.022 0.404 0.789 0.582 61.97 0 68.324 35.833 0 0.44
73750 4 9 10 0.045 0.022 0.404 0.789 0.582 51.023 0 64.445 32.7 0 0.393
73750 5 9 10 0.045 0.022 0.404 0.789 0.582 60.824 0 73.043 21.54 0 0.44
73750 1 9 10 0.077 0.228 0.294 0.921 0.72 54.289 1 63.392 33.2 0 0.367
73750 2 9 10 0.077 0.228 0.294 0.921 0.72 59.083 0 68.588 37.327 0 0.207
73750 3 9 10 0.077 0.228 0.294 0.921 0.72 61.294 0 77.448 33.047 0 0.407
73750 4 9 10 0.077 0.228 0.294 0.921 0.72 56.644 0 65.385 26.367 0 0.42
73750 5 9 10 0.077 0.228 0.294 0.921 0.72 58.835 0 70.325 32.9 0 0.453
73750 1 9 10 0.024 0.47 0.055 0.756 0.122 249.739 20657 249.998 22334.927 0 0
73750 2 9 10 0.024 0.47 0.055 0.756 0.122 250 20454 250 21333.373 0 0
73750 3 9 10 0.024 0.47 0.055 0.756 0.122 248.44 21834 249.958 23546.64 0 0
73750 4 9 10 0.024 0.47 0.055 0.756 0.122 250 18511 250 21108.133 0 0
73750 5 9 10 0.024 0.47 0.055 0.756 0.122 250 20005 250 21005.307 0 0
73750 1 9 10 0.019 0.238 0.21 0.933 0.909 49.963 0 57.792 16.54 0 0.427
73750 2 9 10 0.019 0.238 0.21 0.933 0.909 67.809 0 78.081 34.88 0 0.3
73750 3 9 10 0.019 0.238 0.21 0.933 0.909 48.578 0 60.331 23.353 0 0.313
73750 4 9 10 0.019 0.238 0.21 0.933 0.909 57.592 0 68.566 38.06 0 0.267
73750 5 9 10 0.019 0.238 0.21 0.933 0.909 59.039 2 64.938 39.827 0 0.22
73750 1 9 10 0.028 0.303 0.44 0.994 0.184 232.814 4549 242.723 7861.62 0 0
73750 2 9 10 0.028 0.303 0.44 0.994 0.184 243.384 7431 248.84 11359.68 0 0
73750 3 9 10 0.028 0.303 0.44 0.994 0.184 241 5111 247.56 9782.093 0 0
73750 4 9 10 0.028 0.303 0.44 0.994 0.184 229.562 5446 245.569 9330.993 0 0
73750 5 9 10 0.028 0.303 0.44 0.994 0.184 244 4902 248.037 10113.6 0 0
73750 1 9 10 0.074 0.45 0.359 0.909 0.52 28.202 3 35.764 101.06 0 0.1
73750 2 9 10 0.074 0.45 0.359 0.909 0.52 42.801 3 55.541 69.633 0 0.2
73750 3 9 10 0.074 0.45 0.359 0.909 0.52 0 0 0 0 1 1
73750 4 9 10 0.074 0.45 0.359 0.909 0.52 0 0 0 0 1 1
73750 5 9 10 0.074 0.45 0.359 0.909 0.52 0 0 0 0 1 1
73750 1 9 10 0.027 0.317 0.145 0.903 0.506 244.546 7380 248.326 11882.047 0 0
73750 2 9 10 0.027 0.317 0.145 0.903 0.506 237.787 5919 245.136 10666.207 0 0
73750 3 9 10 0.027 0.317 0.145 0.903 0.506 243.053 8417 248.57 12237.007 0 0
73750 4 9 10 0.027 0.317 0.145 0.903 0.506 242.43 7111 248.981 11622.673 0 0
73750 5 9 10 0.027 0.317 0.145 0.903 0.506 242.148 6875 248.633 13701.407 0 0
73750 1 9 10 0.031 0.313 0.147 0.901 0.32 247.291 13261 249.776 17637.14 0 0
73750 2 9 10 0.031 0.313 0.147 0.901 0.32 248.582 15749 249.919 18501.087 0 0
73750 3 9 10 0.031 0.313 0.147 0.901 0.32 249.384 15869 249.987 18662.367 0 0
73750 4 9 10 0.031 0.313 0.147 0.901 0.32 248.801 14090 249.933 17539.107 0 0
73750 5 9 10 0.031 0.313 0.147 0.901 0.32 249.782 15879 249.998 18227.433 0 0
73750 1 9 10 0.097 0.23 0.243 0.837 0.596 29.642 0 44.098 46.133 0 0.233
73750 2 9 10 0.097 0.23 0.243 0.837 0.596 59.343 0 70.246 65.12 0 0.18
73750 3 9 10 0.097 0.23 0.243 0.837 0.596 57.425 0 66.799 39.167 0 0.32
73750 4 9 10 0.097 0.23 0.243 0.837 0.596 34.117 6 38.097 71.053 0 0.02
73750 5 9 10 0.097 0.23 0.243 0.837 0.596 36.085 1 95.619 90.62 0 0.293
73750 1 9 10 0.031 0.495 0.299 0.837 0.437 223.447 942 242.74 3725.993 0 0
73750 2 9 10 0.031 0.495 0.299 0.837 0.437 172.678 329 196.654 2395.333 0 0
73750 3 9 10 0.031 0.495 0.299 0.837 0.437 174.829 253 190.942 1814.127 0 0
73750 4 9 10 0.031 0.495 0.299 0.837 0.437 169.389 558 190.795 2467.533 0 0
73750 5 9 10 0.031 0.495 0.299 0.837 0.437 204.841 1172 210.841 3174.607 0 0
73750 1 10 3 0.109 0.262 0.129 0.953 0.127 250 22831 250 24887.653 0 0
73750 2 10 3 0.109 0.262 0.129 0.953 0.127 250 24915 250 25826.967 0 0
73750 3 10 3 0.109 0.262 0.129 0.953 0.127 250 21457 250 22821.093 0 0
73750 4 10 3 0.109 0.262 0.129 0.953 0.127 250 22464 250 23545.48 0 0
73750 5 10 3 0.109 0.262 0.129 0.953 0.127 250 21204 250 22886.893 0 0
73750 1 10 3 0.088 0.035 0.229 0.796 0.935 17.297 8 23.949 74.6 0 0.02
73750 2 10 3 0.088 0.035 0.229 0.796 0.935 20.158 24 25.324 113.68 0 0
73750 3 10 3 0.088 0.035 0.229 0.796 0.935 0 0 0 0 1 1
73750 4 10 3 0.088 0.035 0.229 0.796 0.935 21.153 12 27.445 101.3 0 0
73750 5 10 3 0.088 0.035 0.229 0.796 0.935 24.014 20 30.874 119.307 0 0
73750 1 10 3 0.072 0.162 0.487 0.809 0.448 19.232 6 23.892 98.213 0 0.027
73750 2 10 3 0.072 0.162 0.487 0.809 0.448 12.501 12 17.757 72.733 0 0
73750 3 10 3 0.072 0.162 0.487 0.809 0.448 18.535 7 26.592 97.347 0 0.027
73750 4 10 3 0.072 0.162 0.487 0.809 0.448 30.475 14 37.422 105.68 0 0
73750 5 10 3 0.072 0.162 0.487 0.809 0.448 15.914 8 26.006 101.28 0 0.013
73750 1 10 3 0.018 0.132 0.293 0.872 0.644 15.066 6 22.998 86.34 0 0.047
73750 2 10 3 0.018 0.132 0.293 0.872 0.644 0 0 0 0 1 1
73750 3 10 3 0.018 0.132 0.293 0.872 0.644 27.015 19 32.176 107.507 0 0
73750 4 10 3 0.018 0.132 0.293 0.872 0.644 0.149 0 7.783 0.667 0.42 1
73750 5 10 3 0.018 0.132 0.293 0.872 0.644 0 0 0 0 1 1
73750 1 10 3 0.105 0.054 0.195 0.852 0.643 21.615 20 30.083 121.427 0 0
73750 2 10 3 0.105 0.054 0.195 0.852 0.643 11.188 11 20.627 103.073 0 0
73750 3 10 3 0.105 0.054 0.195 0.852 0.643 0 0 0 0 1 1
73750 4 10 3 0.105 0.054 0.195 0.852 0.643 18.808 19 26.329 101.573 0 0
73750 5 10 3 0.105 0.054 0.195 0.852 0.643 0 0 0 0 1 1
73750 1 10 3 0.007 0.03 0.007 0.812 0.294 250 25288 250 27487.687 0 0
73750 2 10 3 0.007 0.03 0.007 0.812 0.294 250 25315 250 26842.247 0 0
73750 3 10 3 0.007 0.03 0.007 0.812 0.294 250 26309 250 27813.3 0 0
73750 4 10 3 0.007 0.03 0.007 0.812 0.294 250 26409 250 27432.947 0 0
73750 5 10 3 0.007 0.03 0.007 0.812 0.294 250 27631 250 28848.78 0 0
73750 1 10 3 0.106 0.121 0.081 0.829 0.34 247.802 13501 249.752 15815.147 0 0
73750 2 10 3 0.106 0.121 0.081 0.829 0.34 248.285 13284 249.865 17579.44 0 0
73750 3 10 3 0.106 0.121 0.081 0.829 0.34 242.223 12430 247.53 13537.747 0 0
73750 4 10 3 0.106 0.121 0.081 0.829 0.34 248.392 13593 249.933 18872.007 0 0
73750 5 10 3 0.106 0.121 0.081 0.829 0.34 245.674 13984 249.147 17299.867 0 0
73750 1 10 3 0.086 0.075 0.46 0.946 0.294 14.771 10 20.874 104.947 0 0
73750 2 10 3 0.086 0.075 0.46 0.946 0.294 0 0 0 0 1 1
73750 3 10 3 0.086 0.075 0.46 0.946 0.294 0 0 0 0 1 1
73750 4 10 3 0.086 0.075 0.46 0.946 0.294 9.964 13 18.495 107.74 0 0
73750 5 10 3 0.086 0.075 0.46 0.946 0.294 0 0 0 0 1 1
73750 1 10 3 0.11 0.318 0.251 0.961 0.18 250 22167 250 23522.66 0 0
73750 2 10 3 0.11 0.318 0.251 0.961 0.18 250 20619 250 22963.693 0 0
73750 1 10 3 0.012 0.227 0.238 0.814 0.828 20.841 14 26.196 116.573 0 0
73750 2 10 3 0.012 0.227 0.238 0.814 0.828 0 0 0 0 1 1
73750 3 10 3 0.012 0.227 0.238 0.814 0.828 23.995 12 32.732 90.06 0 0
73750 4 10 3 0.012 0.227 0.238 0.814 0.828 25.132 7 29.375 95.613 0 0.013
73750 5 10 3 0.012 0.227 0.238 0.814 0.828 11.647 23 21.528 129.027 0 0
73750 1 10 3 0.061 0.376 0.181 0.75 0.152 250 20413 250 23103.847 0 0
73750 2 10 3 0.061 0.376 0.181 0.75 0.152 250 20293 250 22169.587 0 0
73750 3 10 3 0.061 0.376 0.181 0.75 0.152 250 20971 250 22957.187 0 0
73750 4 10 3 0.061 0.376 0.181 0.75 0.152 249.244 19185 249.986 21366.467 0 0
73750 5 10 3 0.061 0.376 0.181 0.75 0.152 250 20091 250 22577.833 0 0
73750 1 10 3 0.077 0.238 0.173 0.869 0.908 0 0 5.438 3.813 0.52 0.827
73750 2 10 3 0.077 0.238 0.173 0.869 0.908 0 0 0 0 1 1
73750 3 10 3 0.077 0.238 0.173 0.869 0.908 0 0 0 0 1 1
73750 4 10 3 0.077 0.238 0.173 0.869 0.908 0 0 0 0 1 1
73750 5 10 3 0.077 0.238 0.173 0.869 0.908 0 0 0 0 1 1
73750 1 10 3 0.007 0.244 0.479 0.979 0.132 249 16285 249.968 19248.953 0 0
73750 2 10 3 0.007 0.244 0.479 0.979 0.132 248.967 17695 249.973 20054.667 0 0
73750 3 10 3 0.007 0.244 0.479 0.979 0.132 246.559 16263 249.641 19075.413 0 0
73750 4 10 3 0.007 0.244 0.479 0.979 0.132 248.944 16642 249.977 19019.213 0 0
73750 5 10 3 0.007 0.244 0.479 0.979 0.132 248.521 17746 249.955 20466.333 0 0
73750 1 10 3 0.102 0.092 0.07 0.816 0.298 247.535 13988 249.713 17366.213 0 0
73750 2 10 3 0.102 0.092 0.07 0.816 0.298 249 13638 249.918 15648.593 0 0
73750 3 10 3 0.102 0.092 0.07 0.816 0.298 247.418 14238 249.464 16559.993 0 0
73750 4 10 3 0.102 0.092 0.07 0.816 0.298 245.889 13378 248.98 15415.407 0 0
73750 5 10 3 0.102 0.092 0.07 0.816 0.298 243.45 11944 248.222 14056.92 0 0
73750 1 10 3 0.056 0.034 0.391 0.972 0.298 14.641 4 24.253 23.147 0 0.407
73750 2 10 3 0.056 0.034 0.391 0.972 0.298 0 0 0 0 1 1
73750 3 10 3 0.056 0.034 0.391 0.972 0.298 0 0 0 0 1 1
73750 4 10 3 0.056 0.034 0.391 0.972 0.298 20.654 51 25.249 133.72 0 0
73750 5 10 3 0.056 0.034 0.391 0.972 0.298 0 0 0 0 1 1
73750 1 10 3 0.041 0.123 0.397 0.925 0.046 249.696 15647 249.996 19239.387 0 0
73750 2 10 3 0.041 0.123 0.397 0.925 0.046 249.906 18960 249.999 21092.86 0 0
73750 3 10 3 0.041 0.123 0.397 0.925 0.046 250 20474 250 23142.233 0 0
73750 4 10 3 0.041 0.123 0.397 0.925 0.046 250 18814 250 21116.067 0 0
73750 5 10 3 0.041 0.123 0.397 0.925 0.046 250 19976 250 22066.073 0 0
73750 1 10 3 0.039 0.463 0.307 0.75 0.877 0 0 0 0 1 1
73750 2 10 3 0.039 0.463 0.307 0.75 0.877 0 0 0 0 1 1
73750 3 10 3 0.039 0.463 0.307 0.75 0.877 0 0 0 0 1 1
73750 4 10 3 0.039 0.463 0.307 0.75 0.877 8.631 19 17.441 116.88 0 0
73750 5 10 3 0.039 0.463 0.307 0.75 0.877 0 0 0 0 1 1
73750 1 10 3 0.003 0.317 0.46 0.926 0.108 249 18330 249.987 21513.587 0 0
73750 2 10 3 0.003 0.317 0.46 0.926 0.108 248.338 16849 249.924 20255.833 0 0
73750 3 10 3 0.003 0.317 0.46 0.926 0.108 249.987 19496 250 22563.407 0 0
73750 4 10 3 0.003 0.317 0.46 0.926 0.108 249.476 16410 249.996 19508.04 0 0
73750 5 10 3 0.003 0.317 0.46 0.926 0.108 249.196 17535 249.995 21018.667 0 0
73750 1 10 3 0.053 0.406 0.13 0.964 0.272 250 20496 250 22385.033 0 0
73750 2 10 3 0.053 0.406 0.13 0.964 0.272 249.384 21275 249.996 22653.38 0 0
73750 3 10 3 0.053 0.406 0.13 0.964 0.272 250 21293 250 22919.067 0 0
73750 4 10 3 0.053 0.406 0.13 0.964 0.272 250 19339 250 22889.747 0 0
73750 5 10 3 0.053 0.406 0.13 0.964 0.272 250 23251 250 25220.433 0 0
73750 1 10 3 0.044 0.407 0.141 0.808 0.325 250 21559 250 22918.393 0 0
73750 2 10 3 0.044 0.407 0.141 0.808 0.325 250 19683 250 22290.493 0 0
73750 3 10 3 0.044 0.407 0.141 0.808 0.325 249.947 18514 250 21614.173 0 0
73750 4 10 3 0.044 0.407 0.141 0.808 0.325 249.43 20174 249.995 22107.153 0 0
73750 5 10 3 0.044 0.407 0.141 0.808 0.325 250 20270 250 21911.353 0 0
73750 1 10 3 0.044 0.434 0.146 0.851 0.143 250 21312 250 23387.027 0 0
73750 2 10 3 0.044 0.434 0.146 0.851 0.143 250 24298 250 25129.153 0 0
73750 3 10 3 0.044 0.434 0.146 0.851 0.143 250 24306 250 25268.167 0 0
73750 4 10 3 0.044 0.434 0.146 0.851 0.143 250 20803 250 22459.107 0 0
73750 5 10 3 0.044 0.434 0.146 0.851 0.143 250 21733 250 22574.673 0 0
73750 1 10 3 0.012 0.245 0.198 0.781 0.558 201.844 745 225.693 2342.553 0 0
73750 2 10 3 0.012 0.245 0.198 0.781 0.558 190.329 475 199.211 2040.22 0 0
73750 3 10 3 0.012 0.245 0.198 0.781 0.558 185.561 1962 194.283 3491.747 0 0
73750 4 10 3 0.012 0.245 0.198 0.781 0.558 166.305 248 179.787 1583.987 0 0
73750 5 10 3 0.012 0.245 0.198 0.781 0.558 219.965 601 241.08 2521.813 0 0
73750 1 10 3 0.018 0.492 0.101 0.767 0.316 250 21432 250 23346.233 0 0
73750 1 10 3 0.081 0.454 0.469 0.899 0.241 248.338 13864 249.89 16159.213 0 0
73750 2 10 3 0.081 0.454 0.469 0.899 0.241 248.196 13529 249.924 16893.207 0 0
73750 3 10 3 0.081 0.454 0.469 0.899 0.241 246.05 12900 249.737 16890.047 0 0
73750 4 10 3 0.081 0.454 0.469 0.899 0.241 247.682 16112 249.909 19132.567 0 0
73750 5 10 3 0.081 0.454 0.469 0.899 0.241 249 16322 249.973 18900.293 0 0
73750 1 10 3 0.025 0.087 0.175 0.815 0.13 250 19706 250 21145.667 0 0
73750 2 10 3 0.025 0.087 0.175 0.815 0.13 250 22313 250 24235.047 0 0
73750 3 10 3 0.025 0.087 0.175 0.815 0.13 250 19457 250 22041.847 0 0
73750 4 10 3 0.025 0.087 0.175 0.815 0.13 249.987 19030 250 20750.22 0 0
73750 5 10 3 0.025 0.087 0.175 0.815 0.13 249.384 19222 249.994 21790.113 0 0
73750 1 10 3 0.026 0.444 0.407 0.907 0.007 250 17980 250 21048.167 0 0
73750 2 10 3 0.026 0.444 0.407 0.907 0.007 249.196 21096 249.985 24953.26 0 0
73750 3 10 3 0.026 0.444 0.407 0.907 0.007 250 22917 250 24225.467 0 0
73750 4 10 3 0.026 0.444 0.407 0.907 0.007 250 22449 250 24568.033 0 0
73750 5 10 3 0.026 0.444 0.407 0.907 0.007 250 21581 250 23231.147 0 0
73750 1 10 3 0.12 0.279 0.267 0.892 0.186 249.099 17721 249.992 20728.687 0 0
73750 2 10 3 0.12 0.279 0.267 0.892 0.186 250 18703 250 20768.867 0 0
73750 3 10 3 0.12 0.279 0.267 0.892 0.186 250 18635 250 20946.693 0 0
73750 4 10 3 0.12 0.279 0.267 0.892 0.186 250 20030 250 21154.5 0 0
73750 5 10 3 0.12 0.279 0.267 0.892 0.186 250 19657 250 21083.227 0 0
73750 1 10 3 0.092 0.179 0.178 0.773 0.527 163.079 893 170.433 2662.947 0 0
73750 2 10 3 0.092 0.179 0.178 0.773 0.527 189.557 1802 196.537 2835.887 0 0
73750 3 10 3 0.092 0.179 0.178 0.773 0.527 175.309 1640 180.486 2598.653 0 0
73750 4 10 3 0.092 0.179 0.178 0.773 0.527 190.749 2126 195.655 3296.327 0 0
73750 5 10 3 0.092 0.179 0.178 0.773 0.527 204.004 2591 210.695 3726.4 0 0
73750 1 10 3 0.055 0.448 0.467 0.766 0.36 222.558 74 232.318 1613.327 0 0
73750 2 10 3 0.055 0.448 0.467 0.766 0.36 220.388 809 229.889 1945.427 0 0
73750 3 10 3 0.055 0.448 0.467 0.766 0.36 217.651 348 236.514 2057.167 0 0
73750 4 10 3 0.055 0.448 0.467 0.766 0.36 201.155 970 225.503 2070.153 0 0
73750 5 10 3 0.055 0.448 0.467 0.766 0.36 181.999 607 200.001 2204.593 0 0
73750 1 10 3 0.039 0.025 0.011 0.875 0.581 0 0 0 0 1 1
73750 2 10 3 0.039 0.025 0.011 0.875 0.581 135.721 548 144.444 1021.187 0 0
73750 3 10 3 0.039 0.025 0.011 0.875 0.581 132.449 675 146 1050.053 0 0
73750 4 10 3 0.039 0.025 0.011 0.875 0.581 126.801 496 139.507 1089.88 0 0
73750 1 10 4 0.06 0.186 0.158 0.886 0.594 157.718 701 166.454 1666.033 0 0
73750 2 10 4 0.06 0.186 0.158 0.886 0.594 164.006 686 175.266 1629.593 0 0
73750 3 10 4 0.06 0.186 0.158 0.886 0.594 162.025 1453 171.064 2346.153 0 0
73750 4 10 4 0.06 0.186 0.158 0.886 0.594 169.081 884 173.829 2042.18 0 0
73750 5 10 4 0.06 0.186 0.158 0.886 0.594 142.347 888 153.085 1606.553 0 0
73750 1 10 4 0.032 0.279 0.213 0.861 0.791 19.587 8 25.367 81.587 0 0.033
73750 2 10 4 0.032 0.279 0.213 0.861 0.791 0 0 0 0 1 1
73750 3 10 4 0.032 0.279 0.213 0.861 0.791 19.862 7 29.439 91.447 0 0.027
73750 4 10 4 0.032 0.279 0.213 0.861 0.791 18.684 11 27.357 110.533 0 0
73750 5 10 4 0.032 0.279 0.213 0.861 0.791 0 0 0 0 1 1
73750 1 10 4 0.116 0.115 0.28 0.891 0.617 14.588 1 31.909 55.633 0 0.127
73750 2 10 4 0.116 0.115 0.28 0.891 0.617 0 0 0 0 1 1
73750 3 10 4 0.116 0.115 0.28 0.891 0.617 0 0 0 0 1 1
73750 4 10 4 0.116 0.115 0.28 0.891 0.617 0 0 0 0 1 1
73750 5 10 4 0.116 0.115 0.28 0.891 0.617 7.551 1 20.874 22.82 0 0.4
73750 1 10 4 0.094 0.016 0.193 0.941 0.402 0 0 0 0 1 1
73750 2 10 4 0.094 0.016 0.193 0.941 0.402 0 0 1.527 0.153 0.933 1
73750 3 10 4 0.094 0.016 0.193 0.941 0.402 0 0 0 0 1 1
73750 4 10 4 0.094 0.016 0.193 0.941 0.402 21.746 4 28.945 98.993 0 0.047
73750 5 10 4 0.094 0.016 0.193 0.941 0.402 19.983 5 26.094 60 0 0.107
73750 1 10 4 0.098 0.012 0.407 0.978 0.717 0 0 0 0 1 1
73750 2 10 4 0.098 0.012 0.407 0.978 0.717 6.36 0 12.557 2.013 0 0.94
73750 3 10 4 0.098 0.012 0.407 0.978 0.717 0 0 0 0 1 1
73750 4 10 4 0.098 0.012 0.407 0.978 0.717 0 0 0 0 1 1
73750 5 10 4 0.098 0.012 0.407 0.978 0.717 0 0 0 0 1 1
73750 1 10 4 0.015 0.027 0.003 0.845 0.279 250 23740 250 25655.067 0 0
73750 2 10 4 0.015 0.027 0.003 0.845 0.279 250 26342 250 27473.847 0 0
73750 3 10 4 0.015 0.027 0.003 0.845 0.279 250 24255 250 25879.453 0 0
73750 4 10 4 0.015 0.027 0.003 0.845 0.279 250 22871 250 23953.493 0 0
73750 5 10 4 0.015 0.027 0.003 0.845 0.279 250 23780 250 25611.953 0 0
73750 1 10 4 0.063 0.194 0.347 0.929 0.523 33.837 13 38.931 97.373 0 0
73750 2 10 4 0.063 0.194 0.347 0.929 0.523 30.031 4 35.584 104.713 0 0.06
73750 3 10 4 0.063 0.194 0.347 0.929 0.523 0 0 0 0 1 1
73750 4 10 4 0.063 0.194 0.347 0.929 0.523 0 0 0 0 1 1
73750 5 10 4 0.063 0.194 0.347 0.929 0.523 0 0 0 0 1 1
73750 1 10 4 0.019 0.081 0.098 0.756 0.304 248.812 18341 249.912 21746.307 0 0
73750 2 10 4 0.019 0.081 0.098 0.756 0.304 249 18364 249.954 20802.147 0 0
73750 3 10 4 0.019 0.081 0.098 0.756 0.304 249 16472 249.935 20568.067 0 0
73750 4 10 4 0.019 0.081 0.098 0.756 0.304 248.824 19376 249.967 21623.313 0 0
73750 5 10 4 0.019 0.081 0.098 0.756 0.304 249 16630 249.948 19560.707 0 0
73750 1 10 4 0.098 0.345 0.456 0.786 0.465 32.495 14 38.368 127.793 0 0
73750 2 10 4 0.098 0.345 0.456 0.786 0.465 31.206 6 43.272 144.253 0 0.013
73750 3 10 4 0.098 0.345 0.456 0.786 0.465 49.732 27 56.367 180.087 0 0
73750 4 10 4 0.098 0.345 0.456 0.786 0.465 0 0 0 0 1 1
73750 5 10 4 0.098 0.345 0.456 0.786 0.465 27.352 6 38.628 131.78 0 0.053
73750 1 10 4 0.07 0.044 0.287 0.937 0.807 0 0 0 0 1 1
73750 2 10 4 0.07 0.044 0.287 0.937 0.807 19.372 18 29.029 98.913 0 0
73750 3 10 4 0.07 0.044 0.287 0.937 0.807 0 0 0 0 1 1
73750 4 10 4 0.07 0.044 0.287 0.937 0.807 10.038 12 15.022 67.973 0 0
73750 5 10 4 0.07 0.044 0.287 0.937 0.807 20.389 30 26.908 120.213 0 0
73750 1 10 4 0.107 0.292 0.497 0.824 0.891 0 0 0 0 1 1
73750 2 10 4 0.107 0.292 0.497 0.824 0.891 0 0 0 0 1 1
73750 3 10 4 0.107 0.292 0.497 0.824 0.891 0 0 0 0 1 1
73750 4 10 4 0.107 0.292 0.497 0.824 0.891 0 0 0 0 1 1
73750 5 10 4 0.107 0.292 0.497 0.824 0.891 14.365 5 29.734 82.16 0 0.053
73750 1 10 4 0.015 0.359 0.074 0.993 0.973 0 0 0 0 1 1
73750 2 10 4 0.015 0.359 0.074 0.993 0.973 0 0 0 0 1 1
73750 3 10 4 0.015 0.359 0.074 0.993 0.973 19.645 8 25.992 103.68 0 0.007
73750 4 10 4 0.015 0.359 0.074 0.993 0.973 0 0 0 0 1 1
73750 5 10 4 0.015 0.359 0.074 0.993 0.973 22.043 11 29.117 79.667 0 0
73750 1 10 4 0.075 0.018 0.476 0.885 0.647 17.281 12 24.227 82.407 0 0
73750 1 10 4 0.097 0.16 0.131 0.942 0.493 206.847 4216 221.192 6298.56 0 0
73750 2 10 4 0.097 0.16 0.131 0.942 0.493 213.263 4196 220.205 5791.173 0 0
73750 3 10 4 0.097 0.16 0.131 0.942 0.493 190.307 3353 204.724 4322.14 0 0
73750 4 10 4 0.097 0.16 0.131 0.942 0.493 230.162 4854 235.092 7266.4 0 0
73750 5 10 4 0.097 0.16 0.131 0.942 0.493 217.655 3264 221.169 5376.513 0 0
73750 1 10 4 0.027 0.312 0.101 0.81 0.412 250 20505 250 21996.64 0 0
73750 2 10 4 0.027 0.312 0.101 0.81 0.412 250 21558 250 23814.707 0 0
73750 3 10 4 0.027 0.312 0.101 0.81 0.412 245.148 18581 249.832 22506.587 0 0
73750 4 10 4 0.027 0.312 0.101 0.81 0.412 249.196 21690 249.983 23650.387 0 0
73750 5 10 4 0.027 0.312 0.101 0.81 0.412 249 19129 249.986 21546.633 0 0
73750 1 10 4 0.009 0.064 0.463 0.787 0.546 20.855 10 24.249 88.007 0 0
73750 2 10 4 0.009 0.064 0.463 0.787 0.546 0 0 0 0 1 1
73750 3 10 4 0.009 0.064 0.463 0.787 0.546 0 0 0 0 1 1
73750 4 10 4 0.009 0.064 0.463 0.787 0.546 18.603 14 28.266 105.827 0 0
73750 5 10 4 0.009 0.064 0.463 0.787 0.546 24.596 4 33.129 91.32 0 0.093
73750 1 10 4 0.013 0.319 0.352 0.855 0.26 248 14458 249.886 18688.32 0 0
73750 2 10 4 0.013 0.319 0.352 0.855 0.26 248 15422 249.887 18327.747 0 0
73750 3 10 4 0.013 0.319 0.352 0.855 0.26 249.384 16753 249.994 20120.087 0 0
73750 4 10 4 0.013 0.319 0.352 0.855 0.26 249 15311 249.941 18934.32 0 0
73750 5 10 4 0.013 0.319 0.352 0.855 0.26 248.653 16692 249.936 19415.773 0 0
73750 1 10 4 0.085 0.332 0.108 0.808 0.117 250 23515 250 24795.867 0 0
73750 2 10 4 0.085 0.332 0.108 0.808 0.117 250 23915 250 25259.093 0 0
73750 3 10 4 0.085 0.332 0.108 0.808 0.117 250 22805 250 23687.573 0 0
73750 4 10 4 0.085 0.332 0.108 0.808 0.117 250 23379 250 23997.953 0 0
73750 5 10 4 0.085 0.332 0.108 0.808 0.117 250 22732 250 24663.58 0 0
73750 1 10 4 0.096 0.197 0.017 0.942 0.484 250 19559 250 21286.727 0 0
73750 2 10 4 0.096 0.197 0.017 0.942 0.484 249.382 18616 249.991 20047.96 0 0
73750 3 10 4 0.096 0.197 0.017 0.942 0.484 249.696 20908 249.998 22256.093 0 0
73750 4 10 4 0.096 0.197 0.017 0.942 0.484 249.782 19522 249.999 21708.893 0 0
73750 1 10 4 0.103 0.383 0.367 0.98 0.595 19.219 4 27.147 97.293 0 0.087
73750 2 10 4 0.103 0.383 0.367 0.98 0.595 0 0 0 0 1 1
73750 3 10 4 0.103 0.383 0.367 0.98 0.595 0 0 0.007 0.633 1 1
73750 4 10 4 0.103 0.383 0.367 0.98 0.595 0 0 0 0 1 1
73750 5 10 4 0.103 0.383 0.367 0.98 0.595 0 0 0 0 1 1
73750 1 10 4 0.012 0.314 0.482 0.904 0.149 248.634 15613 249.932 18938.787 0 0
73750 2 10 4 0.012 0.314 0.482 0.904 0.149 248.628 14423 249.932 18549.087 0 0
73750 3 10 4 0.012 0.314 0.482 0.904 0.149 248.148 13797 249.897 18082.747 0 0
73750 4 10 4 0.012 0.314 0.482 0.904 0.149 249.653 18812 249.995 20406.153 0 0
73750 5 10 4 0.012 0.314 0.482 0.904 0.149 248.987 15100 249.944 17928.14 0 0
73750 1 10 4 0.071 0.132 0.036 0.872 0.495 247.001 16237 249.471 18144.727 0 0
73750 2 10 4 0.071 0.132 0.036 0.872 0.495 248 14556 249.893 21497.313 0 0
73750 3 10 4 0.071 0.132 0.036 0.872 0.495 247.72 18075 249.838 19631.68 0 0
73750 4 10 4 0.071 0.132 0.036 0.872 0.495 245.521 17367 249.53 18716.44 0 0
73750 5 10 4 0.071 0.132 0.036 0.872 0.495 247.291 18230 249.827 20768.947 0 0
73750 1 10 4 0.052 0.184 0.447 0.974 0.217 144.149 285 153.295 1574.127 0 0
73750 2 10 4 0.052 0.184 0.447 0.974 0.217 151.326 271 169.046 1240.947 0 0
73750 3 10 4 0.052 0.184 0.447 0.974 0.217 181.649 163 198.589 1535.573 0 0
73750 4 10 4 0.052 0.184 0.447 0.974 0.217 137.138 742 145.701 1421.4 0 0
73750 5 10 4 0.052 0.184 0.447 0.974 0.217 176.516 1358 182.246 2666.627 0 0
73750 1 10 4 0.045 0.373 0.336 0.994 0.706 0 0 0 0 1 1
73750 2 10 4 0.045 0.373 0.336 0.994 0.706 0 0 0 0 1 1
73750 3 10 4 0.045 0.373 0.336 0.994 0.706 0 0 0 0 1 1
73750 4 10 4 0.045 0.373 0.336 0.994 0.706 21.739 4 28.09 88.52 0 0.067
73750 5 10 4 0.045 0.373 0.336 0.994 0.706 8.694 0 19.913 55.273 0 0.327
73750 1 10 4 0.11 0.317 0.337 0.921 0.581 24.249 16 34.419 140.573 0 0
73750 2 10 4 0.11 0.317 0.337 0.921 0.581 29.869 10 42.428 140.273 0 0
73750 3 10 4 0.11 0.317 0.337 0.921 0.581 42.68 16 47.953 156.327 0 0
73750 4 10 4 0.11 0.317 0.337 0.921 0.581 28.748 12 33.999 132.88 0 0
73750 5 10 4 0.11 0.317 0.337 0.921 0.581 29.102 6 33.789 99.707 0 0.047
73750 1 10 4 0.055 0.101 0.293 0.965 0.25 148.208 457 160.632 1830.393 0 0
73750 2 10 4 0.055 0.101 0.293 0.965 0.25 141.385 475 151.805 1253.087 0 0
73750 3 10 4 0.055 0.101 0.293 0.965 0.25 95.972 117 112.425 492.273 0 0
73750 4 10 4 0.055 0.101 0.293 0.965 0.25 134.26 412 145.89 1090.287 0 0
73750 5 10 4 0.055 0.101 0.293 0.965 0.25 127.955 448 137.993 1034.753 0 0
73750 1 10 4 0.063 0.364 0.211 0.918 0.454 248 17333 249.962 21593.86 0 0
73750 2 10 4 0.063 0.364 0.211 0.918 0.454 245.714 14721 249.784 18601.5 0 0
73750 3 10 4 0.063 0.364 0.211 0.918 0.454 248.095 15837 249.841 19243.127 0 0
73750 4 10 4 0.063 0.364 0.211 0.918 0.454 247.39 16230 249.773 19605.513 0 0
73750 5 10 4 0.063 0.364 0.211 0.918 0.454 248 15352 249.871 19184.627 0 0
73750 1 10 4 0.019 0.223 0.008 0.978 0.002 250 26435 250 28143.927 0 0
73750 1 10 4 0.031 0.096 0.066 0.796 0.373 250 20946 250 23954.393 0 0
73750 2 10 4 0.031 0.096 0.066 0.796 0.373 249 18333 249.972 20504.013 0 0
73750 3 10 4 0.031 0.096 0.066 0.796 0.373 250 22810 250 24644.987 0 0
73750 4 10 4 0.031 0.096 0.066 0.796 0.373 250 20700 250 22231.867 0 0
73750 5 10 4 0.031 0.096 0.066 0.796 0.373 246.696 20850 249.667 23123.14 0 0
73750 1 10 4 0.087 0.344 0.384 0.893 0.173 249.521 17910 249.995 22520.38 0 0
73750 2 10 4 0.087 0.344 0.384 0.893 0.173 249.987 17231 250 19884.7 0 0
73750 3 10 4 0.087 0.344 0.384 0.893 0.173 248.996 16912 249.954 18858.707 0 0
73750 4 10 4 0.087 0.344 0.384 0.893 0.173 249.455 16510 249.991 19701.153 0 0
73750 5 10 4 0.087 0.344 0.384 0.893 0.173 248.849 15173 249.913 18316.92 0 0
73750 1 10 4 0.01 0.243 0.342 0.977 0.99 18.683 6 26.099 69.973 0 0.047
73750 2 10 4 0.01 0.243 0.342 0.977 0.99 0 0 0 0 1 1
73750 3 10 4 0.01 0.243 0.342 0.977 0.99 0 0 0 0 1 1
73750 4 10 4 0.01 0.243 0.342 0.977 0.99 0 0 0 0 1 1
73750 5 10 4 0.01 0.243 0.342 0.977 0.99 0 0 0 0 1 1
73750 1 10 4 0.074 0.029 0.483 0.781 0.713 0 0 0 0 1 1
73750 2 10 4 0.074 0.029 0.483 0.781 0.713 22.198 17 27.996 92.793 0 0
73750 3 10 4 0.074 0.029 0.483 0.781 0.713 0 0 0.236 1.04 1 0.947
73750 4 10 4 0.074 0.029 0.483 0.781 0.713 0 0 0 0 1 1
73750 5 10 4 0.074 0.029 0.483 0.781 0.713 0 0 0 0 1 1
73750 1 10 4 0.046 0.306 0.142 0.949 0.321 249.521 18028 249.997 21456.62 0 0
73750 2 10 4 0.046 0.306 0.142 0.949 0.321 249.196 21177 249.992 23835.84 0 0
73750 3 10 4 0.046 0.306 0.142 0.949 0.321 250 20527 250 22723.453 0 0
73750 4 10 4 0.046 0.306 0.142 0.949 0.321 249.565 17064 249.995 20448.213 0 0
73750 5 10 4 0.046 0.306 0.142 0.949 0.321 249.865 19583 249.999 21059.933 0 0
73750 1 10 4 0.046 0.282 0.195 0.842 0.813 26.716 10 32.835 112.413 0 0
73750 2 10 4 0.046 0.282 0.195 0.842 0.813 8.775 7 19.813 100.18 0 0.047
73750 3 10 4 0.046 0.282 0.195 0.842 0.813 0 0 0 0 1 1
73750 4 10 4 0.046 0.282 0.195 0.842 0.813 18.836 5 24.784 71.32 0 0.127
73750 5 10 4 0.046 0.282 0.195 0.842 0.813 25.471 14 29.994 106.773 0 0
73750 1 10 4 0.002 0.11 0.479 0.789 0.717 0 0 0 0 1 1
73750 2 10 4 0.002 0.11 0.479 0.789 0.717 0 0 0 0 1 1
73750 3 10 4 0.002 0.11 0.479 0.789 0.717 18.92 8 28.52 111.6 0 0.013
73750 4 10 4 0.002 0.11 0.479 0.789 0.717 22.601 1 29.689 88.247 0 0.067
73750 5 10 4 0.002 0.11 0.479 0.789 0.717 0 0 0 0 1 1
73750 1 10 4 0.038 0.211 0.182 0.901 0.432 247.338 13257 249.737 17270.62 0 0
73750 2 10 4 0.038 0.211 0.182 0.901 0.432 247 13765 249.511 17807.113 0 0
73750 3 10 4 0.038 0.211 0.182 0.901 0.432 245.196 13544 249.225 18097.9 0 0
73750 4 10 4 0.038 0.211 0.182 0.901 0.432 237.43 9833 246.839 15580.147 0 0
73750 1 10 5 0.046 0.381 0.28 0.753 0.68 0 0 0 0 1 1
73750 2 10 5 0.046 0.381 0.28 0.753 0.68 23.056 10 27.122 80.033 0 0
73750 3 10 5 0.046 0.381 0.28 0.753 0.68 0 0 0 0 1 1
73750 4 10 5 0.046 0.381 0.28 0.753 0.68 0 0 0 0 1 1
73750 5 10 5 0.046 0.381 0.28 0.753 0.68 0 0 0 0 1 1
73750 1 10 5 0.076 0.022 0.229 0.838 0.192 29.149 4 42.05 85.247 0 0.053
73750 2 10 5 0.076 0.022 0.229 0.838 0.192 24.445 9 36.104 93.56 0 0.007
73750 3 10 5 0.076 0.022 0.229 0.838 0.192 33.796 2 39.323 63.5 0 0.087
73750 4 10 5 0.076 0.022 0.229 0.838 0.192 0 0 0 0 1 1
73750 5 10 5 0.076 0.022 0.229 0.838 0.192 0 0 0 0 1 1
73750 1 10 5 0.017 0.186 0.366 0.906 0.62 0 0 0 0 1 1
73750 2 10 5 0.017 0.186 0.366 0.906 0.62 12.067 2 17.758 39.107 0 0.213
73750 3 10 5 0.017 0.186 0.366 0.906 0.62 22.041 8 30.611 96.367 0 0.02
73750 4 10 5 0.017 0.186 0.366 0.906 0.62 33.091 3 41.185 87.64 0 0.08
73750 5 10 5 0.017 0.186 0.366 0.906 0.62 0 0 0 0 1 1
73750 1 10 5 0.073 0.484 0.334 0.821 0.342 245.533 13434 249.404 16180.567 0 0
73750 2 10 5 0.073 0.484 0.334 0.821 0.342 247 14487 249.862 19255.413 0 0
73750 3 10 5 0.073 0.484 0.334 0.821 0.342 247.653 13329 249.765 17464.413 0 0
73750 4 10 5 0.073 0.484 0.334 0.821 0.342 247.123 13565 249.591 16876.3 0 0
73750 5 10 5 0.073 0.484 0.334 0.821 0.342 249 13601 249.954 18075.34 0 0
73750 1 10 5 0.094 0.173 0.036 0.896 0.396 250 21093 250 23345.053 0 0
73750 2 10 5 0.094 0.173 0.036 0.896 0.396 250 20730 250 22753.753 0 0
73750 3 10 5 0.094 0.173 0.036 0.896 0.396 249.906 19857 249.999 21397.527 0 0
73750 4 10 5 0.094 0.173 0.036 0.896 0.396 250 19462 250 21931.12 0 0
73750 5 10 5 0.094 0.173 0.036 0.896 0.396 249.338 20548 249.994 23490.427 0 0
73750 1 10 5 0.067 0.095 0.343 0.832 0.295 41.732 2 50.526 137.92 0 0.147
73750 2 10 5 0.067 0.095 0.343 0.832 0.295 0 0 0 0 1 1
73750 3 10 5 0.067 0.095 0.343 0.832 0.295 38.199 6 53.351 89.9 0 0.08
73750 4 10 5 0.067 0.095 0.343 0.832 0.295 0 0 0 0 1 1
73750 5 10 5 0.067 0.095 0.343 0.832 0.295 31.434 12 44.079 131.487 0 0
73750 1 10 5 0.01 0.172 0.084 0.912 0.656 237.628 5054 246.173 7966.073 0 0
73750 2 10 5 0.01 0.172 0.084 0.912 0.656 229.173 3220 244.674 6793.553 0 0
73750 3 10 5 0.01 0.172 0.084 0.912 0.656 228.984 2712 240.272 5213.94 0 0
73750 4 10 5 0.01 0.172 0.084 0.912 0.656 240.294 5853 246.922 9507.867 0 0
73750 5 10 5 0.01 0.172 0.084 0.912 0.656 219.89 5433 237.5 7321.473 0 0
73750 1 10 5 0.053 0.468 0.365 0.857 0.445 167.47 684 180.984 1614.493 0 0
73750 2 10 5 0.053 0.468 0.365 0.857 0.445 160.433 1070 170.793 2142.1 0 0
73750 3 10 5 0.053 0.468 0.365 0.857 0.445 191.778 507 204.766 3189.98 0 0
73750 4 10 5 0.053 0.468 0.365 0.857 0.445 175.894 1242 190.687 2362.247 0 0
73750 5 10 5 0.053 0.468 0.365 0.857 0.445 157.975 1175 170.256 2394.087 0 0
73750 1 10 5 0.119 0.309 0.387 0.812 0.253 247.424 11813 249.439 15051.147 0 0
73750 2 10 5 0.119 0.309 0.387 0.812 0.253 245 10419 248.5 13030.167 0 0
73750 3 10 5 0.119 0.309 0.387 0.812 0.253 240.398 10261 245.761 13283.153 0 0
73750 4 10 5 0.119 0.309 0.387 0.812 0.253 218.959 6769 227.825 8614.953 0 0
73750 5 10 5 0.119 0.309 0.387 0.812 0.253 230.156 7237 236.492 11076.293 0 0
73750 1 10 5 0.036 0.375 0.478 0.924 0.544 33.975 6 40.583 78.893 0 0.04
73750 2 10 5 0.036 0.375 0.478 0.924 0.544 28.398 14 36.173 101.26 0 0
73750 3 10 5 0.036 0.375 0.478 0.924 0.544 0 0 0.101 0 1 1
73750 4 10 5 0.036 0.375 0.478 0.924 0.544 23.713 6 30.034 73.54 0 0.053
73750 5 10 5 0.036 0.375 0.478 0.924 0.544 36.918 3 47.411 46.82 0 0.167
73750 1 10 5 0.094 0.374 0.237 0.926 0.911 0 0 0 0 1 1
73750 2 10 5 0.094 0.374 0.237 0.926 0.911 24.937 16 31.124 91.353 0 0
73750 3 10 5 0.094 0.374 0.237 0.926 0.911 19.211 4 26.247 66.407 0 0.1
73750 4 10 5 0.094 0.374 0.237 0.926 0.911 30.122 5 35.31 77.96 0 0.027
73750 5 10 5 0.094 0.374 0.237 0.926 0.911 29.595 16 39.854 81.013 0 0
73750 1 10 5 0.017 0.451 0.262 0.909 0.558 65.169 12 84.767 311.547 0 0
73750 2 10 5 0.017 0.451 0.262 0.909 0.558 83.076 43 96.341 456.047 0 0
73750 3 10 5 0.017 0.451 0.262 0.909 0.558 54.365 5 63.663 258.66 0 0.067
73750 4 10 5 0.017 0.451 0.262 0.909 0.558 76.866 4 86.808 348.46 0 0.02
73750 5 10 5 0.017 0.451 0.262 0.909 0.558 95.464 142 103.875 706.133 0 0
73750 1 10 5 0.072 0.05 0.467 0.832 0.622 35.311 4 39.7 61.147 0 0.013
73750 2 10 5 0.072 0.05 0.467 0.832 0.622 25.852 6 37.051 66.813 0 0.053
73750 3 10 5 0.072 0.05 0.467 0.832 0.622 28.517 8 35.724 93.353 0 0.013
73750 4 10 5 0.072 0.05 0.467 0.832 0.622 0 0 0 0 1 1
73750 5 10 5 0.072 0.05 0.467 0.832 0.622 30.804 10 38.146 60.913 0 0
73750 1 10 5 0.018 0.391 0.283 0.767 0.578 53.967 8 70.42 268.04 0 0.047
73750 2 10 5 0.018 0.391 0.283 0.767 0.578 45.23 11 51.185 166.793 0 0
73750 3 10 5 0.018 0.391 0.283 0.767 0.578 50.238 2 58.335 126.013 0 0.06
73750 4 10 5 0.018 0.391 0.283 0.767 0.578 26.392 18 34.441 168.04 0 0
73750 5 10 5 0.018 0.391 0.283 0.767 0.578 45.942 21 56.906 320.027 0 0
73750 1 10 5 0.103 0.487 0.088 0.969 0.037 250 23000 250 24885.96 0 0
73750 2 10 5 0.103 0.487 0.088 0.969 0.037 250 23233 250 24199.673 0 0
73750 3 10 5 0.103 0.487 0.088 0.969 0.037 250 22645 250 25101.227 0 0
73750 4 10 5 0.103 0.487 0.088 0.969 0.037 250 23311 250 24900.2 0 0
73750 5 10 5 0.103 0.487 0.088 0.969 0.037 250 21035 250 22629.94 0 0
73750 1 10 5 0.106 0.128 0.473 0.869 0.261 0 0 0 0 1 1
73750 2 10 5 0.106 0.128 0.473 0.869 0.261 32.794 3 41.055 53.613 0 0.133
73750 3 10 5 0.106 0.128 0.473 0.869 0.261 29.523 5 36.823 52.98 0 0.067
73750 4 10 5 0.106 0.128 0.473 0.869 0.261 31.917 5 39.477 109.38 0 0.04
73750 5 10 5 0.106 0.128 0.473 0.869 0.261 0 0 0 0 1 1
73750 1 10 5 0.106 0.255 0.354 0.889 0.028 248.903 19439 249.979 22117.827 0 0
73750 2 10 5 0.106 0.255 0.354 0.889 0.028 250 20328 250 21460.26 0 0
73750 3 10 5 0.106 0.255 0.354 0.889 0.028 250 22313 250 23239.967 0 0
73750 4 10 5 0.106 0.255 0.354 0.889 0.028 249.653 20134 249.998 22960.587 0 0
73750 5 10 5 0.106 0.255 0.354 0.889 0.028 250 19348 250 20837.907 0 0
73750 1 10 5 0.066 0.07 0.189 0.96 0.235 120.839 278 138.16 1217.173 0 0
73750 2 10 5 0.066 0.07 0.189 0.96 0.235 133.472 578 145.874 1596.18 0 0
73750 3 10 5 0.066 0.07 0.189 0.96 0.235 156.83 1029 162.083 2163.36 0 0
73750 4 10 5 0.066 0.07 0.189 0.96 0.235 158.564 936 164.367 1828.967 0 0
73750 5 10 5 0.066 0.07 0.189 0.96 0.235 145.214 282 159.698 1177.313 0 0
73750 1 10 5 0.08 0.286 0.378 0.95 0.754 0 0 0 0 1 1
73750 2 10 5 0.08 0.286 0.378 0.95 0.754 22.755 7 31.438 78.647 0 0.02
73750 3 10 5 0.08 0.286 0.378 0.95 0.754 29.866 4 36.952 67.067 0 0.087
73750 4 10 5 0.08 0.286 0.378 0.95 0.754 25.618 4 33.852 66.273 0 0.113
73750 5 10 5 0.08 0.286 0.378 0.95 0.754 45.195 3 64.785 69.727 0 0.187
73750 1 10 5 0.006 0.145 0.175 0.776 0.402 240.334 5115 247.313 9232.1 0 0
73750 2 10 5 0.006 0.145 0.175 0.776 0.402 234.88 3679 245.841 8325.553 0 0
73750 3 10 5 0.006 0.145 0.175 0.776 0.402 241.54 4250 247.47 7284.253 0 0
73750 4 10 5 0.006 0.145 0.175 0.776 0.402 239.521 3651 247.151 9649.287 0 0
73750 5 10 5 0.006 0.145 0.175 0.776 0.402 233.811 3126 246.779 7964.833 0 0
73750 1 10 5 0.117 0.121 0.164 0.988 0.613 27.389 1 36.301 55.067 0 0.173
73750 2 10 5 0.117 0.121 0.164 0.988 0.613 20.504 5 31.254 82.8 0 0.113
73750 3 10 5 0.117 0.121 0.164 0.988 0.613 35.558 0 42.87 55.693 0 0.26
73750 4 10 5 0.117 0.121 0.164 0.988 0.613 32.251 8 47.084 74.62 0 0.02
73750 5 10 5 0.117 0.121 0.164 0.988 0.613 0 0 0 0 1 1
73750 1 10 5 0.021 0.457 0.184 0.994 0.042 249 21024 249.98 22578.573 0 0
73750 1 10 5 0.035 0.463 0.106 0.815 0.292 250 22041 250 23125.567 0 0
73750 2 10 5 0.035 0.463 0.106 0.815 0.292 249.696 21783 249.998 24060.98 0 0
73750 3 10 5 0.035 0.463 0.106 0.815 0.292 250 21709 250 23258.44 0 0
73750 4 10 5 0.035 0.463 0.106 0.815 0.292 250 20645 250 22211.973 0 0
73750 5 10 5 0.035 0.463 0.106 0.815 0.292 250 21625 250 23871.78 0 0
73750 1 10 5 0.019 0.265 0.218 0.982 0.006 250 23703 250 25537.32 0 0
73750 2 10 5 0.019 0.265 0.218 0.982 0.006 250 22757 250 25867.007 0 0
73750 3 10 5 0.019 0.265 0.218 0.982 0.006 250 22385 250 23526.24 0 0
73750 4 10 5 0.019 0.265 0.218 0.982 0.006 249.338 24335 249.993 26292.147 0 0
73750 5 10 5 0.019 0.265 0.218 0.982 0.006 250 20328 250 22145.06 0 0
73750 1 10 5 0.015 0.226 0.063 0.948 0.867 12.046 3 22.733 90.36 0 0.093
73750 2 10 5 0.015 0.226 0.063 0.948 0.867 14.839 6 25.156 94.54 0 0.067
73750 3 10 5 0.015 0.226 0.063 0.948 0.867 0 0 0 0 1 1
73750 4 10 5 0.015 0.226 0.063 0.948 0.867 0 0 0 0 1 1
73750 5 10 5 0.015 0.226 0.063 0.948 0.867 20.506 5 25.786 80.653 0 0.073
73750 1 10 5 0.073 0.388 0.382 0.937 0.1 250 20453 250 22774.127 0 0
73750 2 10 5 0.073 0.388 0.382 0.937 0.1 247 16153 249.832 20683.453 0 0
73750 3 10 5 0.073 0.388 0.382 0.937 0.1 248.771 14780 249.917 18776.827 0 0
73750 4 10 5 0.073 0.388 0.382 0.937 0.1 249.653 19104 249.998 22346.173 0 0
73750 5 10 5 0.073 0.388 0.382 0.937 0.1 249.336 17523 249.988 19809.853 0 0
73750 1 10 5 0.005 0.052 0.492 0.891 0.314 0 0 0.009 0 1 1
73750 2 10 5 0.005 0.052 0.492 0.891 0.314 27.069 3 32.001 61.027 0 0.14
73750 3 10 5 0.005 0.052 0.492 0.891 0.314 0 0 0 0 1 1
73750 4 10 5 0.005 0.052 0.492 0.891 0.314 27.72 13 35.298 75.3 0 0
73750 5 10 5 0.005 0.052 0.492 0.891 0.314 0 0 0 0 1 1
73750 1 10 5 0.035 0.313 0.316 0.831 0.516 49.133 11 54.863 221.613 0 0
73750 2 10 5 0.035 0.313 0.316 0.831 0.516 49.41 10 56.215 179.36 0 0
73750 3 10 5 0.035 0.313 0.316 0.831 0.516 31.21 8 43.469 115.22 0 0.02
73750 4 10 5 0.035 0.313 0.316 0.831 0.516 59.682 23 66.817 268.713 0 0
73750 5 10 5 0.035 0.313 0.316 0.831 0.516 68.14 24 81.554 345.173 0 0
73750 1 10 5 0.057 0.07 0.311 0.766 0.782 35.214 2 48.884 66.347 0 0.24
73750 2 10 5 0.057 0.07 0.311 0.766 0.782 23.216 1 32.332 63.2 0 0.093
73750 3 10 5 0.057 0.07 0.311 0.766 0.782 36.992 4 44.96 72.347 0 0.1
73750 4 10 5 0.057 0.07 0.311 0.766 0.782 24.484 9 31.74 63.247 0 0.007
73750 5 10 5 0.057 0.07 0.311 0.766 0.782 9.417 3 19.449 60.78 0 0.113
73750 1 10 5 0.12 0.42 0.11 0.931 0.941 18.202 5 25.845 55.127 0 0.12
73750 2 10 5 0.12 0.42 0.11 0.931 0.941 13.638 0 25.04 59.94 0 0.213
73750 3 10 5 0.12 0.42 0.11 0.931 0.941 39.114 1 44.155 49.16 0 0.193
73750 4 10 5 0.12 0.42 0.11 0.931 0.941 28.041 12 36.032 71.453 0 0
73750 5 10 5 0.12 0.42 0.11 0.931 0.941 20.354 7 35.646 90.073 0 0.013
73750 1 10 5 0.052 0.16 0.302 0.997 0.044 248.806 18703 249.963 22412.047 0 0
73750 2 10 5 0.052 0.16 0.302 0.997 0.044 249.099 19062 249.991 21534.073 0 0
73750 1 10 5 0.105 0.299 0.295 0.921 0.837 23.87 2 32.267 41.26 0 0.193
73750 2 10 5 0.105 0.299 0.295 0.921 0.837 38.354 1 43.391 52.087 0 0.087
73750 3 10 5 0.105 0.299 0.295 0.921 0.837 39.403 11 45.846 73.64 0 0
73750 4 10 5 0.105 0.299 0.295 0.921 0.837 24.26 10 30.62 100.34 0 0
73750 5 10 5 0.105 0.299 0.295 0.921 0.837 31.303 1 39.935 58.867 0 0.12
73750 1 10 5 0.076 0.227 0.032 0.824 0.621 249.384 15094 249.994 19697.607 0 0
73750 2 10 5 0.076 0.227 0.032 0.824 0.621 248.487 14917 249.867 17101.633 0 0
73750 3 10 5 0.076 0.227 0.032 0.824 0.621 249.565 16892 249.994 20105.133 0 0
73750 4 10 5 0.076 0.227 0.032 0.824 0.621 247.97 16349 249.808 19469.48 0 0
73750 5 10 5 0.076 0.227 0.032 0.824 0.621 249 16301 249.936 18815.68 0 0
73750 1 10 5 0.075 0.479 0.079 0.835 0.743 244.987 10563 248.984 13658.06 0 0
73750 2 10 5 0.075 0.479 0.079 0.835 0.743 245.246 12133 249.095 14816.667 0 0
73750 3 10 5 0.075 0.479 0.079 0.835 0.743 244.596 9403 248.501 12068.94 0 0
73750 4 10 5 0.075 0.479 0.079 0.835 0.743 247 11110 249.578 16081.307 0 0
73750 5 10 5 0.075 0.479 0.079 0.835 0.743 245.049 11830 249.058 14221.82 0 0
73750 1 10 5 0.018 0.198 0.073 0.977 0.277 249.824 20534 249.999 22431.327 0 0
73750 2 10 5 0.018 0.198 0.073 0.977 0.277 250 21581 250 22941.58 0 0
73750 3 10 5 0.018 0.198 0.073 0.977 0.277 250 23530 250 24664.32 0 0
73750 4 10 5 0.018 0.198 0.073 0.977 0.277 250 23550 250 25231.547 0 0
73750 5 10 5 0.018 0.198 0.073 0.977 0.277 250 25365 250 27814.647 0 0
73750 1 10 5 0.018 0.233 0.03 0.773 0.298 250 23543 250 26322.247 0 0
73750 2 10 5 0.018 0.233 0.03 0.773 0.298 250 23112 250 24556.593 0 0
73750 3 10 5 0.018 0.233 0.03 0.773 0.298 250 26107 250 27309.173 0 0
73750 4 10 5 0.018 0.233 0.03 0.773 0.298 250 24060 250 25569.567 0 0
73750 5 10 5 0.018 0.233 0.03 0.773 0.298 250 24346 250 25856.213 0 0
73750 1 10 5 0.04 0.493 0.242 0.899 0.618 107.792 99 125.043 991.327 0 0
73750 2 10 5 0.04 0.493 0.242 0.899 0.618 77.677 10 96.262 558.433 0 0
73750 3 10 5 0.04 0.493 0.242 0.899 0.618 118.39 99 126.55 553.247 0 0
73750 4 10 5 0.04 0.493 0.242 0.899 0.618 92.886 226 101.526 798.1 0 0
73750 5 10 5 0.04 0.493 0.242 0.899 0.618 113.747 69 126.504 694.693 0 0
73750 1 10 5 0.117 0.039 0.466 0.92 0.9 28.075 1 35.133 60.807 0 0.2
73750 2 10 5 0.117 0.039 0.466 0.92 0.9 31.968 5 38.161 65.553 0 0.027
73750 3 10 5 0.117 0.039 0.466 0.92 0.9 0 0 0 0 1 1
73750 4 10 5 0.117 0.039 0.466 0.92 0.9 0 0 0 0 1 1
73750 5 10 5 0.117 0.039 0.466 0.92 0.9 30.078 4 47.296 72.033 0 0.14
73750 1 10 5 0.101 0.227 0.499 0.785 0.037 249.653 17453 249.998 19548.207 0 0
73750 1 10 6 0.031 0.328 0.388 0.978 0.651 39.665 0 49.543 36.767 0 0.26
73750 2 10 6 0.031 0.328 0.388 0.978 0.651 47.842 1 54.665 50.193 0 0.153
73750 3 10 6 0.031 0.328 0.388 0.978 0.651 41.794 3 48.863 45.767 0 0.267
73750 4 10 6 0.031 0.328 0.388 0.978 0.651 28.019 4 40.219 58.727 0 0.167
73750 5 10 6 0.031 0.328 0.388 0.978 0.651 42.106 1 50.292 39.367 0 0.147
73750 1 10 6 0.118 0.271 0.099 0.754 0.606 246.005 10024 248.68 11575.747 0 0
73750 2 10 6 0.118 0.271 0.099 0.754 0.606 241.755 9003 247.542 11631.193 0 0
73750 3 10 6 0.118 0.271 0.099 0.754 0.606 221.404 5101 231.254 8051.12 0 0
73750 4 10 6 0.118 0.271 0.099 0.754 0.606 243.771 7506 248.579 11063.1 0 0
73750 5 10 6 0.118 0.271 0.099 0.754 0.606 245.307 10948 249.388 12653.56 0 0
73750 1 10 6 0.024 0.45 0.336 0.997 0.869 48.352 0 64.256 48.5 0 0.393
73750 2 10 6 0.024 0.45 0.336 0.997 0.869 47.937 3 55.392 47.553 0 0.127
73750 3 10 6 0.024 0.45 0.336 0.997 0.869 50.332 0 57.911 40.347 0 0.28
73750 4 10 6 0.024 0.45 0.336 0.997 0.869 53.884 1 62.403 56.473 0 0.127
73750 5 10 6 0.024 0.45 0.336 0.997 0.869 43.491 2 51.566 45.307 0 0.153
73750 1 10 6 0.059 0.427 0.148 0.767 0.071 250 23597 250 24203.533 0 0
73750 2 10 6 0.059 0.427 0.148 0.767 0.071 250 21726 250 24258.467 0 0
73750 3 10 6 0.059 0.427 0.148 0.767 0.071 250 22350 250 23191.247 0 0
73750 4 10 6 0.059 0.427 0.148 0.767 0.071 249 24484 249.975 25998.92 0 0
73750 5 10 6 0.059 0.427 0.148 0.767 0.071 250 23450 250 25399.327 0 0
73750 1 10 6 0.073 0.322 0.082 0.835 0.079 250 24004 250 25772.76 0 0
73750 2 10 6 0.073 0.322 0.082 0.835 0.079 250 23294 250 25039.527 0 0
73750 3 10 6 0.073 0.322 0.082 0.835 0.079 250 21976 250 24045.407 0 0
73750 4 10 6 0.073 0.322 0.082 0.835 0.079 250 24517 250 25240.453 0 0
73750 5 10 6 0.073 0.322 0.082 0.835 0.079 250 23018 250 24105.807 0 0
73750 1 10 6 0.068 0.481 0.43 0.783 0.041 249 19519 249.951 22061.5 0 0
73750 2 10 6 0.068 0.481 0.43 0.783 0.041 249.244 17920 249.985 20974.113 0 0
73750 3 10 6 0.068 0.481 0.43 0.783 0.041 249.696 17614 249.998 19722.24 0 0
73750 4 10 6 0.068 0.481 0.43 0.783 0.041 249 20257 249.975 22373.347 0 0
73750 5 10 6 0.068 0.481 0.43 0.783 0.041 249.61 17887 249.995 20351.94 0 0
73750 1 10 6 0.027 0.299 0.155 0.8 0.505 248 13074 249.783 17715.96 0 0
73750 2 10 6 0.027 0.299 0.155 0.8 0.505 245.24 11385 249.382 15329.28 0 0
73750 3 10 6 0.027 0.299 0.155 0.8 0.505 247.291 13774 249.872 17666.813 0 0
73750 4 10 6 0.027 0.299 0.155 0.8 0.505 247.148 9681 249.484 14203.313 0 0
73750 1 10 6 0.082 0.328 0.118 0.984 0.277 249.476 21426 249.997 23233.333 0 0
73750 2 10 6 0.082 0.328 0.118 0.984 0.277 250 21334 250 22980.46 0 0
73750 3 10 6 0.082 0.328 0.118 0.984 0.277 250 21861 250 22606.26 0 0
73750 4 10 6 0.082 0.328 0.118 0.984 0.277 250 20188 250 22836.22 0 0
73750 5 10 6 0.082 0.328 0.118 0.984 0.277 250 19758 250 21592.327 0 0
73750 1 10 6 0.069 0.488 0.127 0.945 0.538 248 15863 249.913 19717.587 0 0
73750 2 10 6 0.069 0.488 0.127 0.945 0.538 248.739 18878 249.965 21532.353 0 0
73750 3 10 6 0.069 0.488 0.127 0.945 0.538 248.384 17500 249.948 20172.76 0 0
73750 4 10 6 0.069 0.488 0.127 0.945 0.538 249 20223 249.992 22458.253 0 0
73750 5 10 6 0.069 0.488 0.127 0.945 0.538 246.384 15782 249.573 18647.427 0 0
73750 1 10 6 0.069 0.201 0.255 0.939 0.257 247.521 12733 249.556 15555.507 0 0
73750 2 10 6 0.069 0.201 0.255 0.939 0.257 245.767 11095 249.437 16600.573 0 0
73750 3 10 6 0.069 0.201 0.255 0.939 0.257 248.344 15583 249.9 18073.873 0 0
73750 4 10 6 0.069 0.201 0.255 0.939 0.257 248.782 15134 249.912 17982.62 0 0
73750 5 10 6 0.069 0.201 0.255 0.939 0.257 243.922 13659 249.087 16628 0 0
73750 1 10 6 0.09 0.155 0.177 0.844 0.048 249.987 20564 250 23011.953 0 0
73750 2 10 6 0.09 0.155 0.177 0.844 0.048 250 23759 250 25534.533 0 0
73750 3 10 6 0.09 0.155 0.177 0.844 0.048 248.674 21522 249.982 22753.1 0 0
73750 4 10 6 0.09 0.155 0.177 0.844 0.048 250 23319 250 24989.66 0 0
73750 5 10 6 0.09 0.155 0.177 0.844 0.048 249.824 22886 249.999 24679.727 0 0
73750 1 10 6 0.077 0.264 0.089 0.768 0.302 250 21027 250 23958.76 0 0
73750 2 10 6 0.077 0.264 0.089 0.768 0.302 249.565 19113 249.997 20992.113 0 0
73750 3 10 6 0.077 0.264 0.089 0.768 0.302 249.521 20357 249.994 22206.2 0 0
73750 1 10 6 0.055 0.294 0.009 0.852 0.599 249.338 22143 249.996 24321.413 0 0
73750 2 10 6 0.055 0.294 0.009 0.852 0.599 249.782 19329 249.999 22310.567 0 0
73750 3 10 6 0.055 0.294 0.009 0.852 0.599 249 18519 249.989 20700.747 0 0
73750 4 10 6 0.055 0.294 0.009 0.852 0.599 250 21110 250 22396.92 0 0
73750 5 10 6 0.055 0.294 0.009 0.852 0.599 250 20613 250 21790.813 0 0
73750 1 10 6 0.002 0.319 0.253 0.751 0.396 242.304 3123 247.775 7727.627 0 0
73750 2 10 6 0.002 0.319 0.253 0.751 0.396 239.197 2402 245.818 6354.287 0 0
73750 3 10 6 0.002 0.319 0.253 0.751 0.396 227.638 1348 238.77 4991.887 0 0
73750 4 10 6 0.002 0.319 0.253 0.751 0.396 239.365 2108 245.812 7015.547 0 0
73750 5 10 6 0.002 0.319 0.253 0.751 0.396 231.436 2537 240.875 5451.347 0 0
73750 1 10 6 0.118 0.436 0.487 0.978 0.832 43.794 0 51.417 43.533 0 0.14
73750 2 10 6 0.118 0.436 0.487 0.978 0.832 36.557 2 49.91 40.24 0 0.353
73750 3 10 6 0.118 0.436 0.487 0.978 0.832 43.853 3 48.104 39.093 0 0.22
73750 4 10 6 0.118 0.436 0.487 0.978 0.832 56.632 1 69.655 50.873 0 0.307
73750 5 10 6 0.118 0.436 0.487 0.978 0.832 36.903 2 47.456 42.167 0 0.087
73750 1 10 6 0.073 0.454 0.035 0.97 0.274 250 23394 250 24197.633 0 0
73750 2 10 6 0.073 0.454 0.035 0.97 0.274 250 22499 250 23782.327 0 0
73750 3 10 6 0.073 0.454 0.035 0.97 0.274 250 24560 250 25803.227 0 0
73750 4 10 6 0.073 0.454 0.035 0.97 0.274 250 22626 250 23970.453 0 0
73750 5 10 6 0.073 0.454 0.035 0.97 0.274 250 23158 250 24131.113 0 0
73750 1 10 6 0.048 0.386 0.192 0.805 0.974 56.314 2 63.3 53.107 0 0.127
73750 2 10 6 0.048 0.386 0.192 0.805 0.974 36.484 1 48.236 45.62 0 0.3
73750 3 10 6 0.048 0.386 0.192 0.805 0.974 31.203 2 38.034 52.573 0 0.047
73750 4 10 6 0.048 0.386 0.192 0.805 0.974 42.381 2 52.321 53.007 0 0.173
73750 5 10 6 0.048 0.386 0.192 0.805 0.974 43.95 0 55.669 43.633 0 0.307
73750 1 10 6 0.081 0.219 0.333 0.937 0.45 17.664 5 24.179 80.547 0 0.047
73750 2 10 6 0.081 0.219 0.333 0.937 0.45 54.359 7 66.029 139.16 0 0.013
73750 3 10 6 0.081 0.219 0.333 0.937 0.45 48.799 20 62.869 261.127 0 0
73750 4 10 6 0.081 0.219 0.333 0.937 0.45 0 0 0 0 1 1
73750 5 10 6 0.081 0.219 0.333 0.937 0.45 2.277 1 8.875 28.913 0.073 0.227
73750 1 10 6 0.029 0.298 0.149 0.793 0.725 56.01 11 64.005 197.027 0 0
73750 2 10 6 0.029 0.298 0.149 0.793 0.725 33.351 0 44.571 85.753 0 0.053
73750 3 10 6 0.029 0.298 0.149 0.793 0.725 49.355 7 58.863 199.227 0 0.033
73750 4 10 6 0.029 0.298 0.149 0.793 0.725 29.647 2 39.12 86.493 0 0.027
73750 5 10 6 0.029 0.298 0.149 0.793 0.725 0 0 0 0 1 1
73750 1 10 6 0.023 0.145 0.451 0.886 0.859 49.26 1 60.215 45.013 0 0.28
73750 2 10 6 0.023 0.145 0.451 0.886 0.859 50.44 1 62.88 43.3 0 0.367
73750 3 10 6 0.023 0.145 0.451 0.886 0.859 32.087 5 40.039 53.633 0 0.08
73750 4 10 6 0.023 0.145 0.451 0.886 0.859 32.607 3 41.654 56.84 0 0.073
73750 5 10 6 0.023 0.145 0.451 0.886 0.859 38.007 3 47.067 27.507 0 0.333
73750 1 10 6 0.011 0.225 0.375 0.766 0.921 36.727 1 40.472 29.08 0 0.287
73750 2 10 6 0.011 0.225 0.375 0.766 0.921 36.608 0 46.529 32.387 0 0.313
73750 3 10 6 0.011 0.225 0.375 0.766 0.921 48.327 0 55.428 47.327 0 0.127
73750 4 10 6 0.011 0.225 0.375 0.766 0.921 45.159 4 52.202 58.64 0 0.1
73750 5 10 6 0.011 0.225 0.375 0.766 0.921 47.262 0 57.42 23.1 0 0.373
73750 1 10 6 0.085 0.306 0.308 0.861 0.036 250 19805 250 22691.753 0 0
73750 2 10 6 0.085 0.306 0.308 0.861 0.036 250 17660 250 19547.073 0 0
73750 1 10 6 0.066 0.332 0.395 0.75 0.075 248.196 15792 249.938 20479.027 0 0
73750 2 10 6 0.066 0.332 0.395 0.75 0.075 247 17806 249.839 19924.54 0 0
73750 3 10 6 0.066 0.332 0.395 0.75 0.075 249.291 18642 249.99 21266 0 0
73750 4 10 6 0.066 0.332 0.395 0.75 0.075 250 20080 250 21965.76 0 0
73750 5 10 6 0.066 0.332 0.395 0.75 0.075 249.865 18392 249.999 21036.433 0 0
73750 1 10 6 0.112 0.209 0.491 0.781 0.928 46.513 2 54.918 35.507 0 0.233
73750 2 10 6 0.112 0.209 0.491 0.781 0.928 42.114 1 51.907 45.793 0 0.12
73750 3 10 6 0.112 0.209 0.491 0.781 0.928 43.679 4 50.171 49.913 0 0.12
73750 4 10 6 0.112 0.209 0.491 0.781 0.928 52.127 0 57.517 40.507 0 0.34
73750 5 10 6 0.112 0.209 0.491 0.781 0.928 42.071 0 47.052 40.433 0 0.233
73750 1 10 6 0.106 0.251 0.092 0.82 0.935 36.506 0 42.176 38.5 0 0.413
73750 2 10 6 0.106 0.251 0.092 0.82 0.935 44.255 3 51.015 52.953 0 0.087
73750 3 10 6 0.106 0.251 0.092 0.82 0.935 42.069 0 52.844 32.913 0 0.373
73750 4 10 6 0.106 0.251 0.092 0.82 0.935 56.185 1 67.341 32.573 0 0.447
73750 5 10 6 0.106 0.251 0.092 0.82 0.935 45.93 0 56.55 37.46 0 0.213
73750 1 10 6 0.015 0.147 0.434 0.804 0.907 34.027 0 41.984 40.327 0 0.207
73750 2 10 6 0.015 0.147 0.434 0.804 0.907 47.876 0 58.703 40.953 0 0.167
73750 3 10 6 0.015 0.147 0.434 0.804 0.907 40.563 0 54.091 48.66 0 0.16
73750 4 10 6 0.015 0.147 0.434 0.804 0.907 51.005 0 60.325 35.28 0 0.22
73750 5 10 6 0.015 0.147 0.434 0.804 0.907 56.146 0 66.135 51.653 0 0.187
73750 1 10 6 0.094 0.071 0.046 0.91 0.44 169.079 1019 180.716 2177.187 0 0
73750 2 10 6 0.094 0.071 0.046 0.91 0.44 126.76 218 136.905 545.353 0 0
73750 3 10 6 0.094 0.071 0.046 0.91 0.44 181.074 1906 186.344 2860.22 0 0
73750 4 10 6 0.094 0.071 0.046 0.91 0.44 151.628 1324 158.575 1976.76 0 0
73750 5 10 6 0.094 0.071 0.046 0.91 0.44 168.735 1047 180.077 1783.507 0 0
73750 1 10 6 0.101 0.405 0.407 0.993 0.149 248.521 15621 249.948 19739.353 0 0
73750 2 10 6 0.101 0.405 0.407 0.993 0.149 248.626 16339 249.896 19769.68 0 0
73750 3 10 6 0.101 0.405 0.407 0.993 0.149 249 16546 249.984 20985.547 0 0
73750 4 10 6 0.101 0.405 0.407 0.993 0.149 250 17927 250 20080.32 0 0
73750 5 10 6 0.101 0.405 0.407 0.993 0.149 247 18058 249.87 20342.3 0 0
73750 1 10 6 0.063 0.326 0.152 0.855 0.916 45.513 0 56.429 41.007 0 0.313
73750 2 10 6 0.063 0.326 0.152 0.855 0.916 35.007 3 45.543 46.14 0 0.093
73750 3 10 6 0.063 0.326 0.152 0.855 0.916 44.736 4 52.76 63.613 0 0.033
73750 4 10 6 0.063 0.326 0.152 0.855 0.916 0 0 0 0 1 1
73750 5 10 6 0.063 0.326 0.152 0.855 0.916 47.931 1 56.554 41.673 0 0.22
73750 1 10 6 0.082 0.064 0.37 0.931 0.282 51.271 3 62.738 65.253 0 0.087
73750 2 10 6 0.082 0.064 0.37 0.931 0.282 46.31 2 56.587 67.1 0 0.16
73750 3 10 6 0.082 0.064 0.37 0.931 0.282 44.074 0 58.712 41.053 0 0.287
73750 4 10 6 0.082 0.064 0.37 0.931 0.282 39.126 0 51.459 36.48 0 0.36
73750 5 10 6 0.082 0.064 0.37 0.931 0.282 37.22 0 49.831 39.653 0 0.227
73750 1 10 6 0.034 0.484 0.499 0.926 0.89 38.437 6 48.621 59.347 0 0.047
73750 2 10 6 0.034 0.484 0.499 0.926 0.89 43.148 2 50.589 39.027 0 0.247
73750 3 10 6 0.034 0.484 0.499 0.926 0.89 59.426 0 65.417 38.607 0 0.3
73750 4 10 6 0.034 0.484 0.499 0.926 0.89 49.634 1 56.725 43.96 0 0.36
73750 5 10 6 0.034 0.484 0.499 0.926 0.89 44.618 1 52.823 58.513 0 0.173
73750 1 10 6 0.076 0.343 0.322 0.835 0.135 249.099 17182 249.987 21154.807 0 0
73750 2 10 6 0.076 0.343 0.322 0.835 0.135 249.244 18606 249.99 20649.88 0 0
73750 3 10 6 0.076 0.343 0.322 0.835 0.135 246.947 15230 249.82 19212.787 0 0
73750 4 10 6 0.076 0.343 0.322 0.835 0.135 249.987 20781 250 22032.007 0 0
73750 1 10 7 0.09 0.041 0.357 0.922 0.924 51.364 1 60.486 37 0 0.273
73750 2 10 7 0.09 0.041 0.357 0.922 0.924 46.827 0 55.766 38.053 0 0.233
73750 3 10 7 0.09 0.041 0.357 0.922 0.924 54.341 0 66.169 43.893 0 0.393
73750 4 10 7 0.09 0.041 0.357 0.922 0.924 41.531 0 52.722 32.253 0 0.42
73750 5 10 7 0.09 0.041 0.357 0.922 0.924 42.268 1 52.637 48.727 0 0.16
73750 1 10 7 0.004 0.216 0.483 0.929 0.423 27.099 3 34.978 56.053 0 0.053
73750 2 10 7 0.004 0.216 0.483 0.929 0.423 18.176 6 26.958 88.773 0 0.047
73750 3 10 7 0.004 0.216 0.483 0.929 0.423 13.899 4 21.899 54.953 0 0.073
73750 4 10 7 0.004 0.216 0.483 0.929 0.423 34.606 5 41.698 70.907 0 0.067
73750 5 10 7 0.004 0.216 0.483 0.929 0.423 0 0 0 0 1 1
73750 1 10 7 0.023 0.22 0.395 0.806 0.875 40.162 2 48.757 41.133 0 0.22
73750 2 10 7 0.023 0.22 0.395 0.806 0.875 60.866 1 67.792 34.553 0 0.373
73750 3 10 7 0.023 0.22 0.395 0.806 0.875 53.306 3 62.626 51.88 0 0.187
73750 4 10 7 0.023 0.22 0.395 0.806 0.875 53.173 1 60.715 32.18 0 0.353
73750 5 10 7 0.023 0.22 0.395 0.806 0.875 46.302 1 59.993 41.347 0 0.3
73750 1 10 7 0.093 0.489 0.242 0.894 0.228 248.958 18418 249.958 21699.82 0 0
73750 2 10 7 0.093 0.489 0.242 0.894 0.228 249.61 17658 249.997 21070.9 0 0
73750 3 10 7 0.093 0.489 0.242 0.894 0.228 249.476 17255 249.992 20052.433 0 0
73750 4 10 7 0.093 0.489 0.242 0.894 0.228 249 20085 249.958 21998.127 0 0
73750 5 10 7 0.093 0.489 0.242 0.894 0.228 248.338 17360 249.923 20614.46 0 0
73750 1 10 7 0.114 0.283 0.485 0.754 0.77 59.351 1 66.739 30.073 0 0.587
73750 2 10 7 0.114 0.283 0.485 0.754 0.77 55.004 0 67.116 40.727 0 0.347
73750 3 10 7 0.114 0.283 0.485 0.754 0.77 47.647 0 55.228 40.613 0 0.213
73750 4 10 7 0.114 0.283 0.485 0.754 0.77 51.259 0 59.187 32.447 0 0.3
73750 5 10 7 0.114 0.283 0.485 0.754 0.77 49.784 0 67.202 44.04 0 0.213
73750 1 10 7 0.04 0.466 0.482 0.971 0.546 54.428 0 66.463 34.987 0 0.387
73750 2 10 7 0.04 0.466 0.482 0.971 0.546 48.416 0 53.95 28.48 0 0.373
73750 3 10 7 0.04 0.466 0.482 0.971 0.546 58.39 1 70.893 38.073 0 0.407
73750 4 10 7 0.04 0.466 0.482 0.971 0.546 30.894 1 35.018 16.853 0 0.44
73750 5 10 7 0.04 0.466 0.482 0.971 0.546 51.84 0 61.189 33.773 0 0.367
73750 1 10 7 0.015 0.387 0.094 0.761 0.151 249.338 21547 249.996 23700.193 0 0
73750 2 10 7 0.015 0.387 0.094 0.761 0.151 249 23218 249.981 24495.067 0 0
73750 3 10 7 0.015 0.387 0.094 0.761 0.151 250 23191 250 25752.493 0 0
73750 4 10 7 0.015 0.387 0.094 0.761 0.151 249.647 21427 249.996 24187.64 0 0
73750 5 10 7 0.015 0.387 0.094 0.761 0.151 250 23290 250 24928.593 0 0
73750 1 10 7 0.054 0.259 0.359 0.929 0.97 50.087 3 57.403 42.993 0 0.18
73750 2 10 7 0.054 0.259 0.359 0.929 0.97 52.826 0 63.143 37.06 0 0.407
73750 3 10 7 0.054 0.259 0.359 0.929 0.97 44.366 3 49.626 40.067 0 0.287
73750 4 10 7 0.054 0.259 0.359 0.929 0.97 57.313 0 68.286 38.527 0 0.307
73750 5 10 7 0.054 0.259 0.359 0.929 0.97 55.442 0 64.525 34.78 0 0.367
73750 1 10 7 0.023 0.465 0.424 0.985 0.048 248.337 16630 249.936 20672.6 0 0
73750 2 10 7 0.023 0.465 0.424 0.985 0.048 249.476 17638 249.997 21176.18 0 0
73750 3 10 7 0.023 0.465 0.424 0.985 0.048 246.44 17591 249.832 19871.153 0 0
73750 4 10 7 0.023 0.465 0.424 0.985 0.048 249.476 18748 249.992 21968.293 0 0
73750 1 10 7 0.05 0.319 0.464 0.905 0.473 21.646 3 33.073 72.7 0 0.12
73750 2 10 7 0.05 0.319 0.464 0.905 0.473 37.592 1 43.822 50.167 0 0.087
73750 3 10 7 0.05 0.319 0.464 0.905 0.473 20.767 7 27.529 65.933 0 0.027
73750 4 10 7 0.05 0.319 0.464 0.905 0.473 0 0 0 0 1 1
73750 5 10 7 0.05 0.319 0.464 0.905 0.473 45.499 0 52.806 39.807 0 0.32
73750 1 10 7 0.103 0.155 0.008 0.964 0.401 249.653 19509 249.998 21436.733 0 0
73750 2 10 7 0.103 0.155 0.008 0.964 0.401 250 20238 250 22874.347 0 0
73750 3 10 7 0.103 0.155 0.008 0.964 0.401 249.196 20821 249.99 22137.407 0 0
73750 4 10 7 0.103 0.155 0.008 0.964 0.401 250 20931 250 22227.3 0 0
73750 5 10 7 0.103 0.155 0.008 0.964 0.401 249.244 17351 249.984 19646.82 0 0
73750 1 10 7 0.106 0.384 0.232 0.866 0.902 57.508 1 68.293 37.72 0 0.26
73750 2 10 7 0.106 0.384 0.232 0.866 0.902 47.865 1 56.575 32.127 0 0.393
73750 3 10 7 0.106 0.384 0.232 0.866 0.902 63.973 0 71.782 35.333 0 0.34
73750 4 10 7 0.106 0.384 0.232 0.866 0.902 57.893 0 70.86 37.78 0 0.367
73750 5 10 7 0.106 0.384 0.232 0.866 0.902 49.773 1 60.743 40.98 0 0.327
73750 1 10 7 0.003 0.393 0.43 0.799 0.563 26.55 2 32.123 47.52 0 0.08
73750 2 10 7 0.003 0.393 0.43 0.799 0.563 20.459 1 30.18 35.82 0 0.167
73750 3 10 7 0.003 0.393 0.43 0.799 0.563 26.784 1 33.823 56.86 0 0.127
73750 4 10 7 0.003 0.393 0.43 0.799 0.563 32.839 0 44.464 37.053 0 0.26
73750 5 10 7 0.003 0.393 0.43 0.799 0.563 28.472 5 35.203 42.667 0 0.147
73750 1 10 7 0.052 0.382 0.261 0.939 0.621 21.232 12 27.632 95.613 0 0
73750 2 10 7 0.052 0.382 0.261 0.939 0.621 19.069 8 32.639 117.733 0 0.047
73750 3 10 7 0.052 0.382 0.261 0.939 0.621 22.732 2 31.766 60.367 0 0.273
73750 4 10 7 0.052 0.382 0.261 0.939 0.621 0 0 0 0 1 1
73750 5 10 7 0.052 0.382 0.261 0.939 0.621 19.68 2 39.694 91.913 0 0.02
73750 1 10 7 0.12 0.214 0.058 0.968 0.454 247.628 13477 249.681 15749.993 0 0
73750 2 10 7 0.12 0.214 0.058 0.968 0.454 245.786 13744 249.729 18729.287 0 0
73750 3 10 7 0.12 0.214 0.058 0.968 0.454 248.521 15145 249.701 17406.92 0 0
73750 4 10 7 0.12 0.214 0.058 0.968 0.454 248.565 14999 249.916 17650.947 0 0
73750 5 10 7 0.12 0.214 0.058 0.968 0.454 246.468 15021 249.519 18206.673 0 0
73750 1 10 7 0.092 0.341 0.13 0.913 0.458 247.497 16375 249.777 19257.42 0 0
73750 2 10 7 0.092 0.341 0.13 0.913 0.458 247 15149 249.526 17082.3 0 0
73750 3 10 7 0.092 0.341 0.13 0.913 0.458 247 17649 249.779 19869.327 0 0
73750 4 10 7 0.092 0.341 0.13 0.913 0.458 249 16914 249.944 19997.647 0 0
73750 5 10 7 0.092 0.341 0.13 0.913 0.458 248.099 17890 249.819 20758.8 0 0
73750 1 10 7 0.011 0.411 0.063 0.762 0.107 250 25215 250 26132.413 0 0
73750 2 10 7 0.011 0.411 0.063 0.762 0.107 250 24785 250 27092.32 0 0
73750 3 10 7 0.011 0.411 0.063 0.762 0.107 250 24961 250 26376.48 0 0
73750 1 10 7 0.108 0.43 0.063 0.84 0.189 250 22063 250 23722.32 0 0
73750 2 10 7 0.108 0.43 0.063 0.84 0.189 250 21021 250 22159.813 0 0
73750 3 10 7 0.108 0.43 0.063 0.84 0.189 249.384 21452 249.995 22345.233 0 0
73750 4 10 7 0.108 0.43 0.063 0.84 0.189 250 22364 250 23168.06 0 0
73750 5 10 7 0.108 0.43 0.063 0.84 0.189 249 24001 249.984 25442.487 0 0
73750 1 10 7 0.111 0.473 0.461 0.849 0.869 46.716 3 52.461 50.08 0 0.12
73750 2 10 7 0.111 0.473 0.461 0.849 0.869 48.772 1 57.542 44.613 0 0.28
73750 3 10 7 0.111 0.473 0.461 0.849 0.869 52.851 1 63.937 30.393 0 0.52
73750 4 10 7 0.111 0.473 0.461 0.849 0.869 52.716 0 61.035 25.667 0 0.407
73750 5 10 7 0.111 0.473 0.461 0.849 0.869 49.674 0 56.885 25.867 0 0.447
73750 1 10 7 0.082 0.166 0.292 0.775 0.679 40.776 1 52.375 52.087 0 0.16
73750 2 10 7 0.082 0.166 0.292 0.775 0.679 50.345 0 59.088 45.193 0 0.187
73750 3 10 7 0.082 0.166 0.292 0.775 0.679 68.807 0 75.509 34.84 0 0.373
73750 4 10 7 0.082 0.166 0.292 0.775 0.679 44.361 1 54.098 48.3 0 0.24
73750 5 10 7 0.082 0.166 0.292 0.775 0.679 48.62 0 55.953 43.64 0 0.313
73750 1 10 7 0.035 0.331 0.041 0.789 0.142 250 25082 250 28138.62 0 0
73750 2 10 7 0.035 0.331 0.041 0.789 0.142 250 24938 250 25898.62 0 0
73750 3 10 7 0.035 0.331 0.041 0.789 0.142 250 24458 250 26279.46 0 0
73750 4 10 7 0.035 0.331 0.041 0.789 0.142 250 24549 250 26255.833 0 0
73750 5 10 7 0.035 0.331 0.041 0.789 0.142 250 25076 250 26035.653 0 0
73750 1 10 7 0.116 0.278 0.306 0.827 0.613 33.936 4 49.65 54.54 0 0.133
73750 2 10 7 0.116 0.278 0.306 0.827 0.613 46.203 4 52.433 64.033 0 0.02
73750 3 10 7 0.116 0.278 0.306 0.827 0.613 0.984 0 5.657 0.007 0.54 1
73750 4 10 7 0.116 0.278 0.306 0.827 0.613 0 0 0 0 1 1
73750 5 10 7 0.116 0.278 0.306 0.827 0.613 15.921 8 24.534 81.88 0 0.027
73750 1 10 7 0.027 0.328 0.309 0.944 0.852 44.55 3 52.179 43.187 0 0.207
73750 2 10 7 0.027 0.328 0.309 0.944 0.852 63.784 0 71.785 34.86 0 0.387
73750 3 10 7 0.027 0.328 0.309 0.944 0.852 61.194 0 72.459 41.727 0 0.287
73750 4 10 7 0.027 0.328 0.309 0.944 0.852 47.291 3 52.409 38.173 0 0.127
73750 5 10 7 0.027 0.328 0.309 0.944 0.852 55.428 0 65.154 40.453 0 0.227
73750 1 10 7 0.058 0.443 0.438 0.83 0.559 19.694 11 26.306 92.307 0 0
73750 2 10 7 0.058 0.443 0.438 0.83 0.559 0 0 0 0 1 1
73750 3 10 7 0.058 0.443 0.438 0.83 0.559 18.91 5 29.699 56.5 0 0.133
73750 4 10 7 0.058 0.443 0.438 0.83 0.559 22.715 1 69.7 85.8 0 0.227
73750 5 10 7 0.058 0.443 0.438 0.83 0.559 21.346 9 28.661 72.313 0 0.007
73750 1 10 7 0.017 0.322 0.129 0.935 0.609 232.779 4559 245.35 9253.793 0 0
73750 2 10 7 0.017 0.322 0.129 0.935 0.609 239.196 2402 247.092 7721.647 0 0
73750 3 10 7 0.017 0.322 0.129 0.935 0.609 236.604 3877 243.835 7399.14 0 0
73750 4 10 7 0.017 0.322 0.129 0.935 0.609 243.476 7029 248.702 10924.733 0 0
73750 5 10 7 0.017 0.322 0.129 0.935 0.609 241.403 3900 248.283 9258.307 0 0
73750 1 10 7 0.086 0.378 0.075 0.824 0.586 248 17548 249.923 20505.88 0 0
73750 2 10 7 0.086 0.378 0.075 0.824 0.586 248.434 16097 249.94 19096.32 0 0
73750 3 10 7 0.086 0.378 0.075 0.824 0.586 248.488 14951 249.949 19204.887 0 0
73750 1 10 7 0.096 0.483 0.006 0.882 0.834 148.852 62 160.331 508.667 0 0
73750 2 10 7 0.096 0.483 0.006 0.882 0.834 150.172 82 166.744 485.427 0 0
73750 3 10 7 0.096 0.483 0.006 0.882 0.834 148.547 96 161.312 474.467 0 0
73750 4 10 7 0.096 0.483 0.006 0.882 0.834 152.653 49 161.154 451.427 0 0
73750 5 10 7 0.096 0.483 0.006 0.882 0.834 155.98 103 165.004 519.907 0 0
73750 1 10 7 0.081 0.392 0.023 0.806 0.488 250 20719 250 22009.36 0 0
73750 2 10 7 0.081 0.392 0.023 0.806 0.488 250 21932 250 23703.667 0 0
73750 3 10 7 0.081 0.392 0.023 0.806 0.488 250 19787 250 22264.593 0 0
73750 4 10 7 0.081 0.392 0.023 0.806 0.488 249.696 20713 249.998 23592.3 0 0
73750 5 10 7 0.081 0.392 0.023 0.806 0.488 248.947 22052 249.967 23486.907 0 0
73750 1 10 7 0.005 0.109 0.482 0.966 0.958 37.575 2 45.916 55.013 0 0.133
73750 2 10 7 0.005 0.109 0.482 0.966 0.958 42.889 0 55.771 25.307 0 0.5
73750 3 10 7 0.005 0.109 0.482 0.966 0.958 58.368 0 70.358 37.72 0 0.393
73750 4 10 7 0.005 0.109 0.482 0.966 0.958 59.29 0 64.643 30.293 0 0.373
73750 5 10 7 0.005 0.109 0.482 0.966 0.958 49.836 0 60.644 32.927 0 0.333
73750 1 10 7 0.111 0.017 0.387 0.985 0.253 56.435 0 63.717 37.753 0 0.267
73750 2 10 7 0.111 0.017 0.387 0.985 0.253 55.257 0 62.908 41.747 0 0.233
73750 3 10 7 0.111 0.017 0.387 0.985 0.253 46.834 0 54.236 33.913 0 0.42
73750 4 10 7 0.111 0.017 0.387 0.985 0.253 50.165 1 62.936 45.327 0 0.227
73750 5 10 7 0.111 0.017 0.387 0.985 0.253 56.11 0 66.135 35.067 0 0.313
73750 1 10 7 0.114 0.115 0.201 0.765 0.332 128.257 261 135.271 599.733 0 0
73750 2 10 7 0.114 0.115 0.201 0.765 0.332 111 245 118.798 559.587 0 0
73750 3 10 7 0.114 0.115 0.201 0.765 0.332 52.594 23 63.595 153.933 0 0
73750 4 10 7 0.114 0.115 0.201 0.765 0.332 95.506 286 104.473 783.347 0 0
73750 5 10 7 0.114 0.115 0.201 0.765 0.332 111.774 111 121.114 316.253 0 0
73750 1 10 7 0.014 0.188 0.034 0.852 0.895 0 0 0 0 1 1
73750 2 10 7 0.014 0.188 0.034 0.852 0.895 32.427 7 42.464 73.98 0 0.02
73750 3 10 7 0.014 0.188 0.034 0.852 0.895 42.895 0 52.363 43.02 0 0.26
73750 4 10 7 0.014 0.188 0.034 0.852 0.895 28.885 2 36.834 55.04 0 0.167
73750 5 10 7 0.014 0.188 0.034 0.852 0.895 29.911 5 35.331 58.94 0 0.04
73750 1 10 7 0.063 0.386 0.146 0.869 0.42 248.443 18329 249.928 19915.58 0 0
73750 2 10 7 0.063 0.386 0.146 0.869 0.42 249 20214 249.99 21893.96 0 0
73750 3 10 7 0.063 0.386 0.146 0.869 0.42 247.739 17857 249.789 21242.873 0 0
73750 4 10 7 0.063 0.386 0.146 0.869 0.42 247.291 14513 249.824 19281.14 0 0
73750 5 10 7 0.063 0.386 0.146 0.869 0.42 244.551 14304 249.5 19625.847 0 0
73750 1 10 7 0.099 0.222 0.359 0.784 0.858 55.137 0 64.031 34.053 0 0.36
73750 2 10 7 0.099 0.222 0.359 0.784 0.858 46.845 0 55.6 32.507 0 0.32
73750 3 10 7 0.099 0.222 0.359 0.784 0.858 48.257 1 57.515 41.1 0 0.24
73750 4 10 7 0.099 0.222 0.359 0.784 0.858 51.135 0 57.7 29.993 0 0.4
73750 5 10 7 0.099 0.222 0.359 0.784 0.858 62.538 0 71.065 33.007 0 0.5
73750 1 10 7 0.069 0.102 0.429 0.836 0.005 249.338 19636 249.991 21629.227 0 0
73750 2 10 7 0.069 0.102 0.429 0.836 0.005 250 18926 250 22123.46 0 0
73750 3 10 7 0.069 0.102 0.429 0.836 0.005 247 19321 249.808 22095.98 0 0
73750 4 10 7 0.069 0.102 0.429 0.836 0.005 249.61 19707 249.996 21579.953 0 0
73750 1 10 8 0.028 0.088 0.211 0.776 0.764 56.295 0 67.311 27.52 0 0.387
73750 2 10 8 0.028 0.088 0.211 0.776 0.764 67.33 0 76.323 40.287 0 0.347
73750 3 10 8 0.028 0.088 0.211 0.776 0.764 56.637 0 64.501 30.467 0 0.453
73750 4 10 8 0.028 0.088 0.211 0.776 0.764 53.84 0 63.632 35.193 0 0.36
73750 5 10 8 0.028 0.088 0.211 0.776 0.764 58.791 0 65.024 34.927 0 0.333
73750 1 10 8 0.111 0.207 0.23 0.839 0.171 245.961 13786 249.64 18442.067 0 0
73750 2 10 8 0.111 0.207 0.23 0.839 0.171 246.244 16551 249.796 19170.653 0 0
73750 3 10 8 0.111 0.207 0.23 0.839 0.171 248.653 17606 249.939 21286.12 0 0
73750 4 10 8 0.111 0.207 0.23 0.839 0.171 248 15905 249.845 18602.307 0 0
73750 5 10 8 0.111 0.207 0.23 0.839 0.171 249 15036 249.963 20449.387 0 0
73750 1 10 8 0.064 0.253 0.079 0.801 0.598 247 14168 249.854 16869.34 0 0
73750 2 10 8 0.064 0.253 0.079 0.801 0.598 247.207 11556 249.551 16765.16 0 0
73750 3 10 8 0.064 0.253 0.079 0.801 0.598 247.724 16332 249.728 19574.62 0 0
73750 4 10 8 0.064 0.253 0.079 0.801 0.598 243.35 12390 248.937 14835.393 0 0
73750 5 10 8 0.064 0.253 0.079 0.801 0.598 247 13684 249.713 16739.093 0 0
73750 1 10 8 0.046 0.037 0.182 0.973 0.568 47.41 0 57.418 40.96 0 0.113
73750 2 10 8 0.046 0.037 0.182 0.973 0.568 54.14 0 66.766 39.18 0 0.16
73750 3 10 8 0.046 0.037 0.182 0.973 0.568 60.501 1 69.603 30.927 0 0.36
73750 4 10 8 0.046 0.037 0.182 0.973 0.568 59.944 0 72.834 45.02 0 0.3
73750 5 10 8 0.046 0.037 0.182 0.973 0.568 59.118 0 70.714 38.26 0 0.187
73750 1 10 8 0.071 0.421 0.021 0.807 0.889 74.078 19 87.734 245.887 0 0
73750 2 10 8 0.071 0.421 0.021 0.807 0.889 82.726 42 93.698 249.2 0 0
73750 3 10 8 0.071 0.421 0.021 0.807 0.889 83.262 39 91.926 269.413 0 0
73750 4 10 8 0.071 0.421 0.021 0.807 0.889 80.534 46 100.028 311.973 0 0
73750 5 10 8 0.071 0.421 0.021 0.807 0.889 84.341 19 96.891 244.2 0 0
73750 1 10 8 0.115 0.202 0.477 0.767 0.631 58.787 0 69.252 38.767 0 0.48
73750 2 10 8 0.115 0.202 0.477 0.767 0.631 45.27 1 59.109 34.013 0 0.4
73750 3 10 8 0.115 0.202 0.477 0.767 0.631 66.66 0 75.892 39.253 0 0.327
73750 4 10 8 0.115 0.202 0.477 0.767 0.631 58.773 1 67.934 38.38 0 0.373
73750 5 10 8 0.115 0.202 0.477 0.767 0.631 58.052 1 66.12 36.94 0 0.393
73750 1 10 8 0.065 0.216 0.116 0.985 0.887 47.852 0 53.079 25.253 0 0.3
73750 2 10 8 0.065 0.216 0.116 0.985 0.887 52.978 0 61.074 33.767 0 0.207
73750 3 10 8 0.065 0.216 0.116 0.985 0.887 55.998 0 69.807 43.933 0 0.393
73750 4 10 8 0.065 0.216 0.116 0.985 0.887 60.26 0 74.246 41.693 0 0.213
73750 5 10 8 0.065 0.216 0.116 0.985 0.887 52.712 0 60.006 39.26 0 0.3
73750 1 10 8 0.06 0.368 0.222 0.831 0.656 0 0 0 0 1 1
73750 2 10 8 0.06 0.368 0.222 0.831 0.656 0 0 0 0 1 1
73750 3 10 8 0.06 0.368 0.222 0.831 0.656 5.922 1 11.35 21.04 0 0.253
73750 4 10 8 0.06 0.368 0.222 0.831 0.656 19.6 26 27.349 89.053 0 0
73750 5 10 8 0.06 0.368 0.222 0.831 0.656 0 0 2.062 1.047 0.96 0.98
73750 1 10 8 0.076 0.432 0.262 0.948 0.375 244.355 8472 249.476 16071.227 0 0
73750 2 10 8 0.076 0.432 0.262 0.948 0.375 248 15817 249.919 18307.14 0 0
73750 3 10 8 0.076 0.432 0.262 0.948 0.375 245.565 10961 249.186 15550.793 0 0
73750 4 10 8 0.076 0.432 0.262 0.948 0.375 248 12405 249.752 16798.48 0 0
73750 5 10 8 0.076 0.432 0.262 0.948 0.375 248.521 14444 249.869 20287.787 0 0
73750 1 10 8 0.098 0.026 0.309 0.753 0.451 61.507 0 75.129 40.567 0 0.28
73750 2 10 8 0.098 0.026 0.309 0.753 0.451 64.57 0 76.186 39.7 0 0.387
73750 3 10 8 0.098 0.026 0.309 0.753 0.451 51.686 0 60.315 34.34 0 0.26
73750 4 10 8 0.098 0.026 0.309 0.753 0.451 53.763 0 66.629 43.273 0 0.26
73750 5 10 8 0.098 0.026 0.309 0.753 0.451 50.159 0 59.605 39.32 0 0.293
73750 1 10 8 0.008 0.202 0.404 0.807 0.205 188.465 1230 209.036 3025.02 0 0
73750 2 10 8 0.008 0.202 0.404 0.807 0.205 205.215 1613 211.309 3444.187 0 0
73750 3 10 8 0.008 0.202 0.404 0.807 0.205 222.817 1493 235.984 3189.453 0 0
73750 1 10 8 0.117 0.127 0.313 0.949 0.321 36.14 0 47.476 32 0 0.28
73750 2 10 8 0.117 0.127 0.313 0.949 0.321 34.301 3 46.768 77.033 0 0.2
73750 3 10 8 0.117 0.127 0.313 0.949 0.321 56.334 0 66.702 46.227 0 0.407
73750 4 10 8 0.117 0.127 0.313 0.949 0.321 45.186 0 59.911 67.613 0 0.26
73750 5 10 8 0.117 0.127 0.313 0.949 0.321 43.813 0 60.24 38.967 0 0.273
73750 1 10 8 0.012 0.319 0.203 0.834 0.089 248 19931 249.901 23638.727 0 0
73750 2 10 8 0.012 0.319 0.203 0.834 0.089 247.582 18985 249.94 21232.133 0 0
73750 3 10 8 0.012 0.319 0.203 0.834 0.089 249.696 20731 249.998 23969.607 0 0
73750 4 10 8 0.012 0.319 0.203 0.834 0.089 249 21338 249.978 23430.08 0 0
73750 5 10 8 0.012 0.319 0.203 0.834 0.089 245.579 19287 249.638 22372.887 0 0
73750 1 10 8 0.111 0.425 0.299 0.943 0.518 111.28 117 126.448 586.427 0 0
73750 2 10 8 0.111 0.425 0.299 0.943 0.518 142.401 135 154.148 1153.16 0 0
73750 3 10 8 0.111 0.425 0.299 0.943 0.518 102.248 163 109.335 607.34 0 0
73750 4 10 8 0.111 0.425 0.299 0.943 0.518 144.812 138 158.865 1306.867 0 0
73750 5 10 8 0.111 0.425 0.299 0.943 0.518 151.953 232 161.543 967.427 0 0
73750 1 10 8 0.112 0.417 0.408 0.771 0.858 61.982 0 74.377 37.473 0 0.467
73750 2 10 8 0.112 0.417 0.408 0.771 0.858 0 0 0 0 1 1
73750 3 10 8 0.112 0.417 0.408 0.771 0.858 55.589 0 65.399 35.167 0 0.44
73750 4 10 8 0.112 0.417 0.408 0.771 0.858 39.788 8 50.208 48.993 0 0.007
73750 5 10 8 0.112 0.417 0.408 0.771 0.858 58.048 0 74.568 35.687 0 0.507
73750 1 10 8 0.069 0.106 0.229 0.909 0.06 248.338 19260 249.94 23944.373 0 0
73750 2 10 8 0.069 0.106 0.229 0.909 0.06 249.196 18907 249.986 20950.313 0 0
73750 3 10 8 0.069 0.106 0.229 0.909 0.06 248 17506 249.844 21028.5 0 0
73750 4 10 8 0.069 0.106 0.229 0.909 0.06 246.739 18076 249.74 20455.52 0 0
73750 5 10 8 0.069 0.106 0.229 0.909 0.06 249 19386 249.928 21613.327 0 0
73750 1 10 8 0.006 0.106 0.344 0.773 0.123 229.684 4773 239.664 7058.927 0 0
73750 2 10 8 0.006 0.106 0.344 0.773 0.123 242 5433 247.196 10115.147 0 0
73750 3 10 8 0.006 0.106 0.344 0.773 0.123 237.128 3921 246.147 8997.14 0 0
73750 4 10 8 0.006 0.106 0.344 0.773 0.123 229.89 4617 241.95 8220.667 0 0
73750 5 10 8 0.006 0.106 0.344 0.773 0.123 238.102 4668 247.275 11440.18 0 0
73750 1 10 8 0.046 0.082 0.455 0.882 0.856 6.672 0 12.549 0.527 0 1
73750 2 10 8 0.046 0.082 0.455 0.882 0.856 60.899 0 73.43 36.9 0 0.38
73750 3 10 8 0.046 0.082 0.455 0.882 0.856 57.914 0 66.934 38.08 0 0.347
73750 4 10 8 0.046 0.082 0.455 0.882 0.856 52.19 0 67.984 33.8 0 0.367
73750 5 10 8 0.046 0.082 0.455 0.882 0.856 35.85 5 49.362 56.94 0 0.087
73750 1 10 8 0.072 0.016 0.315 0.971 0.994 43.258 6 61.956 70.72 0 0.06
73750 2 10 8 0.072 0.016 0.315 0.971 0.994 68.806 0 75.906 39.253 0 0.38
73750 3 10 8 0.072 0.016 0.315 0.971 0.994 63.883 0 74.816 35.493 0 0.24
73750 4 10 8 0.072 0.016 0.315 0.971 0.994 40.442 3 47.501 45.287 0 0.207
73750 5 10 8 0.072 0.016 0.315 0.971 0.994 56.873 1 64.766 44.647 0 0.333
73750 1 10 8 0.085 0.227 0.246 0.99 0.507 34.838 3 45.713 75.153 0 0.027
73750 2 10 8 0.085 0.227 0.246 0.99 0.507 39.091 7 54.256 97.947 0 0.04
73750 3 10 8 0.085 0.227 0.246 0.99 0.507 45.413 30 59.914 155.06 0 0
73750 4 10 8 0.085 0.227 0.246 0.99 0.507 34.809 18 49.877 297.46 0 0
73750 5 10 8 0.085 0.227 0.246 0.99 0.507 45.137 1 66.072 105.453 0 0.107
73750 1 10 8 0.117 0.349 0.277 0.783 0.709 42.732 0 53.621 42.873 0 0.207
73750 2 10 8 0.117 0.349 0.277 0.783 0.709 47.906 3 56.464 58.313 0 0.087
73750 3 10 8 0.117 0.349 0.277 0.783 0.709 20.543 1 31.076 26.307 0 0.26
73750 4 10 8 0.117 0.349 0.277 0.783 0.709 51.39 0 61.54 48.067 0 0.24
73750 5 10 8 0.117 0.349 0.277 0.783 0.709 55.56 0 62.389 41.733 0 0.34
73750 1 10 8 0.103 0.492 0.166 0.987 0.63 243.819 7468 248.249 10129.007 0 0
73750 1 10 8 0.119 0.075 0.428 0.853 0.052 242.114 3734 247.822 10165.887 0 0
73750 2 10 8 0.119 0.075 0.428 0.853 0.052 243.044 8184 247.113 12113.207 0 0
73750 3 10 8 0.119 0.075 0.428 0.853 0.052 244 7239 248.365 10634.06 0 0
73750 4 10 8 0.119 0.075 0.428 0.853 0.052 237.599 7462 245.531 10093.48 0 0
73750 5 10 8 0.119 0.075 0.428 0.853 0.052 235.139 3846 244.922 10493.64 0 0
73750 1 10 8 0.053 0.19 0.053 0.794 0.138 250 25268 250 26067.553 0 0
73750 2 10 8 0.053 0.19 0.053 0.794 0.138 250 24373 250 25215.413 0 0
73750 3 10 8 0.053 0.19 0.053 0.794 0.138 250 25480 250 26766.353 0 0
73750 4 10 8 0.053 0.19 0.053 0.794 0.138 249.653 20682 249.998 23210.44 0 0
73750 5 10 8 0.053 0.19 0.053 0.794 0.138 250 21860 250 23806.367 0 0
73750 1 10 8 0.068 0.27 0.053 0.792 0.004 250 24917 250 26996.58 0 0
73750 2 10 8 0.068 0.27 0.053 0.792 0.004 250 27196 250 28492.88 0 0
73750 3 10 8 0.068 0.27 0.053 0.792 0.004 250 24848 250 26048.087 0 0
73750 4 10 8 0.068 0.27 0.053 0.792 0.004 250 25493 250 26526.127 0 0
73750 5 10 8 0.068 0.27 0.053 0.792 0.004 250 26575 250 27689.6 0 0
73750 1 10 8 0.013 0.298 0.041 0.77 0.091 250 25481 250 27115.68 0 0
73750 2 10 8 0.013 0.298 0.041 0.77 0.091 250 23886 250 26065.96 0 0
73750 3 10 8 0.013 0.298 0.041 0.77 0.091 250 24546 250 25621.053 0 0
73750 4 10 8 0.013 0.298 0.041 0.77 0.091 250 25473 250 26751.547 0 0
73750 5 10 8 0.013 0.298 0.041 0.77 0.091 250 25796 250 27217.767 0 0
73750 1 10 8 0.059 0.363 0.097 0.971 0.172 250 22470 250 24916.553 0 0
73750 2 10 8 0.059 0.363 0.097 0.971 0.172 250 23189 250 24262.207 0 0
73750 1 10 8 0.069 0.13 0.418 0.773 0.586 48.272 0 53.879 36.9 0 0.207
73750 2 10 8 0.069 0.13 0.418 0.773 0.586 45.695 0 58.272 44.127 0 0.367
73750 3 10 8 0.069 0.13 0.418 0.773 0.586 52.627 0 65.809 39.54 0 0.387
73750 4 10 8 0.069 0.13 0.418 0.773 0.586 48.892 0 56.626 26.387 0 0.373
73750 5 10 8 0.069 0.13 0.418 0.773 0.586 54.12 0 70.925 42.227 0 0.36
73750 1 10 8 0.075 0.044 0.298 0.762 0.613 50.757 4 62.04 43.48 0 0.147
73750 2 10 8 0.075 0.044 0.298 0.762 0.613 51.296 0 61.135 27.127 0 0.493
73750 3 10 8 0.075 0.044 0.298 0.762 0.613 60.421 1 66.503 44.227 0 0.36
73750 4 10 8 0.075 0.044 0.298 0.762 0.613 48.138 1 54.961 29.153 0 0.307
73750 5 10 8 0.075 0.044 0.298 0.762 0.613 56.908 0 62.613 35.02 0 0.34
73750 1 10 8 0.036 0.186 0.089 0.903 0.834 32.329 0 60.389 60.02 0 0.173
73750 2 10 8 0.036 0.186 0.089 0.903 0.834 35.16 4 41.684 51.253 0 0.067
73750 3 10 8 0.036 0.186 0.089 0.903 0.834 0 0 0.018 0.367 1 1
73750 4 10 8 0.036 0.186 0.089 0.903 0.834 56.73 0 65.252 35.733 0 0.313
73750 5 10 8 0.036 0.186 0.089 0.903 0.834 37.206 0 49.281 53.013 0 0.187
73750 1 10 8 0.015 0.26 0.015 0.755 0.338 249.476 23888 249.997 25043.06 0 0
73750 2 10 8 0.015 0.26 0.015 0.755 0.338 250 23147 250 25746.513 0 0
73750 3 10 8 0.015 0.26 0.015 0.755 0.338 250 24430 250 27298.573 0 0
73750 4 10 8 0.015 0.26 0.015 0.755 0.338 250 21003 250 23558.02 0 0
73750 5 10 8 0.015 0.26 0.015 0.755 0.338 249.865 22746 249.999 23864.387 0 0
73750 1 10 8 0.046 0.45 0.323 0.817 0.208 248.05 16263 249.777 19381.2 0 0
73750 2 10 8 0.046 0.45 0.323 0.817 0.208 248.778 15449 249.94 20062.153 0 0
73750 3 10 8 0.046 0.45 0.323 0.817 0.208 248.384 16715 249.878 19391.073 0 0
73750 4 10 8 0.046 0.45 0.323 0.817 0.208 249 16632 249.944 20098.713 0 0
73750 5 10 8 0.046 0.45 0.323 0.817 0.208 247.948 15475 249.838 19042.493 0 0
73750 1 10 8 0.008 0.413 0.209 0.843 0.04 249.653 18268 249.998 22578.187 0 0
73750 2 10 8 0.008 0.413 0.209 0.843 0.04 250 22176 250 24582.867 0 0
73750 3 10 8 0.008 0.413 0.209 0.843 0.04 250 25003 250 26820.62 0 0
73750 4 10 8 0.008 0.413 0.209 0.843 0.04 248.476 21755 249.951 24508.953 0 0
73750 5 10 8 0.008 0.413 0.209 0.843 0.04 249.824 23148 249.999 24925.94 0 0
73750 1 10 8 0.03 0.175 0.136 0.979 0.236 249 18392 249.979 22066.547 0 0
73750 2 10 8 0.03 0.175 0.136 0.979 0.236 249 20280 249.971 23142.407 0 0
73750 3 10 8 0.03 0.175 0.136 0.979 0.236 248.43 19615 249.978 22582.353 0 0
73750 4 10 8 0.03 0.175 0.136 0.979 0.236 248.565 18572 249.949 22436.04 0 0
73750 1 10 9 0.005 0.381 0.366 0.755 0.852 54.452 0 61.526 38.24 0 0.313
73750 2 10 9 0.005 0.381 0.366 0.755 0.852 61.226 0 75.016 46.267 0 0.347
73750 3 10 9 0.005 0.381 0.366 0.755 0.852 60.936 0 73.303 37.587 0 0.42
73750 4 10 9 0.005 0.381 0.366 0.755 0.852 60.692 0 68.985 35.32 0 0.38
73750 5 10 9 0.005 0.381 0.366 0.755 0.852 56.914 1 65.156 49.28 0 0.207
73750 1 10 9 0.078 0.289 0.489 0.833 0.344 45.835 6 52.096 134.347 0 0.033
73750 2 10 9 0.078 0.289 0.489 0.833 0.344 21.714 11 60.596 136.42 0 0
73750 3 10 9 0.078 0.289 0.489 0.833 0.344 42.206 1 53.403 116.92 0 0.113
73750 4 10 9 0.078 0.289 0.489 0.833 0.344 36.129 0 51.139 54.627 0 0.167
73750 5 10 9 0.078 0.289 0.489 0.833 0.344 24.834 3 36.842 78.333 0 0.12
73750 1 10 9 0.108 0.132 0.343 0.811 0.474 56.396 1 68.913 38.16 0 0.367
73750 2 10 9 0.108 0.132 0.343 0.811 0.474 49.498 0 60.919 37.147 0 0.24
73750 3 10 9 0.108 0.132 0.343 0.811 0.474 57.318 0 68.408 36.313 0 0.32
73750 4 10 9 0.108 0.132 0.343 0.811 0.474 63.389 0 72.986 35.313 0 0.24
73750 5 10 9 0.108 0.132 0.343 0.811 0.474 59.503 0 76.559 38.947 0 0.227
73750 1 10 9 0.112 0.234 0.476 0.979 0.951 60.612 1 74.542 48.88 0 0.333
73750 2 10 9 0.112 0.234 0.476 0.979 0.951 69.203 2 78.328 38.76 0 0.36
73750 3 10 9 0.112 0.234 0.476 0.979 0.951 67.87 0 75.724 38.907 0 0.327
73750 4 10 9 0.112 0.234 0.476 0.979 0.951 66.329 0 77.784 38.827 0 0.38
73750 5 10 9 0.112 0.234 0.476 0.979 0.951 70.972 0 76.732 36.493 0 0.453
73750 1 10 9 0.013 0.359 0.031 0.759 0.04 250 27541 250 29018.807 0 0
73750 2 10 9 0.013 0.359 0.031 0.759 0.04 250 22105 250 24221.787 0 0
73750 3 10 9 0.013 0.359 0.031 0.759 0.04 249.61 26082 249.997 27226.607 0 0
73750 4 10 9 0.013 0.359 0.031 0.759 0.04 249.739 23022 249.998 27570.44 0 0
73750 5 10 9 0.013 0.359 0.031 0.759 0.04 250 27361 250 28639.307 0 0
73750 1 10 9 0.04 0.048 0.084 0.969 0.608 61.195 0 73.016 25.027 0 0.393
73750 2 10 9 0.04 0.048 0.084 0.969 0.608 54.409 0 64.442 50.533 0 0.16
73750 3 10 9 0.04 0.048 0.084 0.969 0.608 62.767 0 72.557 40.007 0 0.293
73750 4 10 9 0.04 0.048 0.084 0.969 0.608 46.748 1 53.531 41.92 0 0.26
73750 5 10 9 0.04 0.048 0.084 0.969 0.608 57.348 0 67.469 37.34 0 0.36
73750 1 10 9 0.007 0.279 0.327 0.812 0.624 58.62 0 65.224 39.493 0 0.227
73750 2 10 9 0.007 0.279 0.327 0.812 0.624 20.793 0 29.543 19.127 0 0.347
73750 3 10 9 0.007 0.279 0.327 0.812 0.624 0 0 0 0 1 1
73750 4 10 9 0.007 0.279 0.327 0.812 0.624 59.634 0 67.534 44.5 0 0.133
73750 5 10 9 0.007 0.279 0.327 0.812 0.624 44.974 4 51.367 64.713 0 0.1
73750 1 10 9 0.099 0.251 0.092 0.923 0.772 38.021 0 48.887 42.247 0 0.187
73750 2 10 9 0.099 0.251 0.092 0.923 0.772 39.33 0 55.8 45.213 0 0.193
73750 3 10 9 0.099 0.251 0.092 0.923 0.772 46.4 2 55.276 71.587 0 0.187
73750 4 10 9 0.099 0.251 0.092 0.923 0.772 33.982 1 40.397 38.36 0 0.22
73750 5 10 9 0.099 0.251 0.092 0.923 0.772 54.799 0 65.506 45.033 0 0.32
73750 1 10 9 0.116 0.421 0.129 0.78 0.57 242.587 8111 248.561 12079.107 0 0
73750 2 10 9 0.116 0.421 0.129 0.78 0.57 247.343 11335 249.477 15438.833 0 0
73750 3 10 9 0.116 0.421 0.129 0.78 0.57 247.099 13141 249.649 16386.8 0 0
73750 4 10 9 0.116 0.421 0.129 0.78 0.57 247 12302 249.763 15974.873 0 0
73750 5 10 9 0.116 0.421 0.129 0.78 0.57 247.353 12577 249.514 14872.433 0 0
73750 1 10 9 0.111 0.307 0.176 0.754 0.943 68.606 0 77.863 38.327 0 0.353
73750 2 10 9 0.111 0.307 0.176 0.754 0.943 63.677 0 73.671 36.96 0 0.487
73750 3 10 9 0.111 0.307 0.176 0.754 0.943 51.944 0 59.958 17.807 0 0.447
73750 4 10 9 0.111 0.307 0.176 0.754 0.943 58.367 0 73.748 36.867 0 0.307
73750 5 10 9 0.111 0.307 0.176 0.754 0.943 51.137 0 62.895 40.587 0 0.267
73750 1 10 9 0.094 0.283 0.313 0.802 0.06 248.61 21644 249.937 24042.087 0 0
73750 2 10 9 0.094 0.283 0.313 0.802 0.06 245 15443 249.631 19804.64 0 0
73750 3 10 9 0.094 0.283 0.313 0.802 0.06 249.906 19347 249.999 21572.38 0 0
73750 4 10 9 0.094 0.283 0.313 0.802 0.06 248.085 17854 249.938 22638.067 0 0
73750 1 10 9 0.042 0.287 0.374 0.85 0.717 59.544 0 75.115 37.533 0 0.233
73750 2 10 9 0.042 0.287 0.374 0.85 0.717 64.647 0 78.865 40.687 0 0.473
73750 3 10 9 0.042 0.287 0.374 0.85 0.717 57.624 0 71.203 31.893 0 0.487
73750 4 10 9 0.042 0.287 0.374 0.85 0.717 58.948 0 72.03 35.927 0 0.387
73750 5 10 9 0.042 0.287 0.374 0.85 0.717 69.988 0 76.327 36.34 0 0.34
73750 1 10 9 0.05 0.472 0.32 0.97 0.618 27.272 8 32.602 67.74 0 0.007
73750 2 10 9 0.05 0.472 0.32 0.97 0.618 34.448 0 54.022 62.733 0 0.213
73750 3 10 9 0.05 0.472 0.32 0.97 0.618 31.101 1 37.103 44.033 0 0.24
73750 4 10 9 0.05 0.472 0.32 0.97 0.618 29.073 2 35.147 60.007 0 0.107
73750 5 10 9 0.05 0.472 0.32 0.97 0.618 0 0 0 0 1 1
73750 1 10 9 0.036 0.057 0.489 0.915 0.644 54.741 1 63.708 35.667 0 0.347
73750 2 10 9 0.036 0.057 0.489 0.915 0.644 68.811 0 81.435 40.307 0 0.36
73750 3 10 9 0.036 0.057 0.489 0.915 0.644 52.669 0 61.526 35.407 0 0.413
73750 4 10 9 0.036 0.057 0.489 0.915 0.644 65.924 1 75.689 36.973 0 0.353
73750 5 10 9 0.036 0.057 0.489 0.915 0.644 63.498 0 69.138 38.02 0 0.273
73750 1 10 9 0.04 0.281 0.191 0.77 0.289 245.635 16689 249.758 19509.58 0 0
73750 2 10 9 0.04 0.281 0.191 0.77 0.289 249 15624 249.9 19891.647 0 0
73750 3 10 9 0.04 0.281 0.191 0.77 0.289 245.427 13973 249.643 19211.407 0 0
73750 4 10 9 0.04 0.281 0.191 0.77 0.289 247.986 14759 249.823 18628.933 0 0
73750 5 10 9 0.04 0.281 0.191 0.77 0.289 249.244 16811 249.975 20060.807 0 0
73750 1 10 9 0.115 0.407 0.326 0.819 0.764 63.508 0 75.477 36.76 0 0.22
73750 2 10 9 0.115 0.407 0.326 0.819 0.764 52.183 0 58.614 35.533 0 0.213
73750 3 10 9 0.115 0.407 0.326 0.819 0.764 61.11 0 75.605 39.56 0 0.407
73750 4 10 9 0.115 0.407 0.326 0.819 0.764 60.312 0 75.261 37.853 0 0.36
73750 5 10 9 0.115 0.407 0.326 0.819 0.764 69.023 0 77.399 37.693 0 0.273
73750 1 10 9 0.017 0.181 0.385 0.773 0.095 246 11856 248.936 15413.46 0 0
73750 2 10 9 0.017 0.181 0.385 0.773 0.095 246 13538 249.791 17630.287 0 0
73750 3 10 9 0.017 0.181 0.385 0.773 0.095 244.61 12730 249.576 17367.047 0 0
73750 4 10 9 0.017 0.181 0.385 0.773 0.095 245 14045 249.363 18718.987 0 0
73750 5 10 9 0.017 0.181 0.385 0.773 0.095 242.452 11253 249.364 17308.293 0 0
73750 1 10 9 0.114 0.175 0.482 0.826 0.552 57.271 1 69.079 46.12 0 0.2
73750 2 10 9 0.114 0.175 0.482 0.826 0.552 51.095 0 65.533 41.327 0 0.2
73750 3 10 9 0.114 0.175 0.482 0.826 0.552 60.9 0 72.064 37.833 0 0.3
73750 4 10 9 0.114 0.175 0.482 0.826 0.552 48.876 1 62.949 29.887 0 0.407
73750 5 10 9 0.114 0.175 0.482 0.826 0.552 47.539 0 56.005 31.467 0 0.273
73750 1 10 9 0.011 0.068 0.427 0.762 0.165 48.474 0 65.52 71.94 0 0.273
73750 2 10 9 0.011 0.068 0.427 0.762 0.165 43.725 13 57.755 167.647 0 0
73750 3 10 9 0.011 0.068 0.427 0.762 0.165 44.003 8 56.494 152.88 0 0.013
73750 4 10 9 0.011 0.068 0.427 0.762 0.165 50.541 0 60.636 68.88 0 0.08
73750 5 10 9 0.011 0.068 0.427 0.762 0.165 40.016 1 47.495 69.373 0 0.207
73750 1 10 9 0.069 0.189 0.108 0.843 0.23 249 19403 249.987 21716 0 0
73750 2 10 9 0.069 0.189 0.108 0.843 0.23 248.338 22607 249.936 24336.633 0 0
73750 3 10 9 0.069 0.189 0.108 0.843 0.23 249 20807 249.967 23288.247 0 0
73750 4 10 9 0.069 0.189 0.108 0.843 0.23 249 21141 249.985 23129.673 0 0
73750 5 10 9 0.069 0.189 0.108 0.843 0.23 249.291 19849 249.995 22812.62 0 0
73750 1 10 9 0.106 0.167 0.297 0.798 0.239 198.954 478 209.305 2033.073 0 0
73750 2 10 9 0.106 0.167 0.297 0.798 0.239 176.204 779 188.682 1973.947 0 0
73750 3 10 9 0.106 0.167 0.297 0.798 0.239 208.902 1322 215.927 3218.22 0 0
73750 4 10 9 0.106 0.167 0.297 0.798 0.239 168.95 938 175.127 2050.92 0 0
73750 5 10 9 0.106 0.167 0.297 0.798 0.239 169.219 924 182.929 2134.733 0 0
73750 1 10 9 0.109 0.394 0.219 0.846 0.66 48.588 0 58.101 126.36 0 0.06
73750 2 10 9 0.109 0.394 0.219 0.846 0.66 43.339 5 52.281 114.607 0 0.053
73750 3 10 9 0.109 0.394 0.219 0.846 0.66 44.302 6 53.313 110.173 0 0.027
73750 4 10 9 0.109 0.394 0.219 0.846 0.66 60.285 3 71.791 111.38 0 0.073
73750 5 10 9 0.109 0.394 0.219 0.846 0.66 24.307 4 35.522 89.24 0 0.047
73750 1 10 9 0.046 0.375 0.167 0.789 0.756 4.937 0 13.983 16.493 0.06 0.56
73750 2 10 9 0.046 0.375 0.167 0.789 0.756 0 0 0 0 1 1
73750 3 10 9 0.046 0.375 0.167 0.789 0.756 28.301 0 33.945 48.607 0 0.16
73750 4 10 9 0.046 0.375 0.167 0.789 0.756 31.506 1 40.475 47.493 0 0.127
73750 5 10 9 0.046 0.375 0.167 0.789 0.756 22.683 0 31.621 38.8 0 0.2
73750 1 10 9 0.057 0.263 0.023 0.892 0.864 92.992 27 100.815 326.593 0 0
73750 2 10 9 0.057 0.263 0.023 0.892 0.864 93.289 12 109.744 255.047 0 0
73750 3 10 9 0.057 0.263 0.023 0.892 0.864 77.189 29 98.603 245.833 0 0
73750 4 10 9 0.057 0.263 0.023 0.892 0.864 84.039 18 95.684 241.107 0 0
73750 5 10 9 0.057 0.263 0.023 0.892 0.864 85.189 36 95.775 310.633 0 0
73750 1 10 9 0.087 0.249 0.16 0.856 0.326 248.43 16403 249.978 20482.02 0 0
73750 2 10 9 0.087 0.249 0.16 0.856 0.326 249.423 14164 249.99 18324.333 0 0
73750 3 10 9 0.087 0.249 0.16 0.856 0.326 248.913 18714 249.972 20865.38 0 0
73750 4 10 9 0.087 0.249 0.16 0.856 0.326 249.291 15292 249.975 19105.08 0 0
73750 5 10 9 0.087 0.249 0.16 0.856 0.326 248.476 14624 249.847 17814.04 0 0
73750 1 10 9 0.022 0.242 0.271 0.929 0.107 247 14439 249.752 20145.353 0 0
73750 2 10 9 0.022 0.242 0.271 0.929 0.107 247.384 16415 249.776 18437.5 0 0
73750 3 10 9 0.022 0.242 0.271 0.929 0.107 248 18390 249.842 21562.8 0 0
73750 4 10 9 0.022 0.242 0.271 0.929 0.107 248 15787 249.916 20273.167 0 0
73750 5 10 9 0.022 0.242 0.271 0.929 0.107 249 16278 249.972 21357.62 0 0
73750 1 10 9 0.028 0.178 0.235 0.844 0.213 245.338 13894 249.647 17708.827 0 0
73750 2 10 9 0.028 0.178 0.235 0.844 0.213 244.824 13030 249.602 18100.853 0 0
73750 3 10 9 0.028 0.178 0.235 0.844 0.213 245 13822 249.353 16902.453 0 0
73750 4 10 9 0.028 0.178 0.235 0.844 0.213 243 11383 249.125 15726.107 0 0
73750 5 10 9 0.028 0.178 0.235 0.844 0.213 245.443 13587 249.486 18328.06 0 0
73750 1 10 9 0.062 0.017 0.314 0.922 0.664 53.234 0 62.379 35.38 0 0.287
73750 2 10 9 0.062 0.017 0.314 0.922 0.664 65.534 0 74.299 36.767 0 0.333
73750 3 10 9 0.062 0.017 0.314 0.922 0.664 57.988 1 66.421 32.58 0 0.42
73750 4 10 9 0.062 0.017 0.314 0.922 0.664 55.076 0 65.489 32.627 0 0.447
73750 5 10 9 0.062 0.017 0.314 0.922 0.664 66.247 0 82.315 41.933 0 0.413
73750 1 10 9 0.026 0.066 0.46 0.853 0.169 56.777 1 70.342 65.327 0 0.24
73750 2 10 9 0.026 0.066 0.46 0.853 0.169 23.686 7 33.518 64.94 0 0.007
73750 3 10 9 0.026 0.066 0.46 0.853 0.169 43.253 0 62.973 58.473 0 0.16
73750 4 10 9 0.026 0.066 0.46 0.853 0.169 49.118 2 61.351 58.233 0 0.24
73750 5 10 9 0.026 0.066 0.46 0.853 0.169 40.154 1 54.295 44.64 0 0.293
73750 1 10 9 0.008 0.359 0.22 0.789 0.648 0 0 0 0 1 1
73750 2 10 9 0.008 0.359 0.22 0.789 0.648 1.523 1 7.811 16.34 0.28 0.56
73750 3 10 9 0.008 0.359 0.22 0.789 0.648 23.355 1 36.277 45.733 0 0.153
73750 4 10 9 0.008 0.359 0.22 0.789 0.648 0 0 0 0 1 1
73750 5 10 9 0.008 0.359 0.22 0.789 0.648 0 0 0 0 1 1
73750 1 10 9 0.108 0.053 0.281 0.828 0.352 58.552 0 73.882 34.153 0 0.453
73750 2 10 9 0.108 0.053 0.281 0.828 0.352 48.496 0 58.42 32.413 0 0.393
73750 3 10 9 0.108 0.053 0.281 0.828 0.352 59.432 0 72.976 28.947 0 0.493
73750 4 10 9 0.108 0.053 0.281 0.828 0.352 48.363 1 62.096 49.107 0 0.193
73750 5 10 9 0.108 0.053 0.281 0.828 0.352 51.696 0 62.323 40.693 0 0.373
73750 1 10 9 0.083 0.272 0.462 0.842 0.338 35.306 1 46.621 65.76 0 0.087
73750 2 10 9 0.083 0.272 0.462 0.842 0.338 35.663 3 54.66 65.487 0 0.18
73750 3 10 9 0.083 0.272 0.462 0.842 0.338 64.215 11 83.267 297.5 0 0
73750 4 10 9 0.083 0.272 0.462 0.842 0.338 26.406 8 36.014 130.98 0 0.013
73750 5 10 9 0.083 0.272 0.462 0.842 0.338 20.869 2 37.659 74.573 0 0.067
73750 1 10 9 0.035 0.38 0.241 0.889 0.361 246 9721 249.611 17135.487 0 0
73750 2 10 9 0.035 0.38 0.241 0.889 0.361 246 11688 249.395 16471.86 0 0
73750 1 10 9 0.045 0.295 0.294 0.796 0.206 245.384 13703 249.555 18760.113 0 0
73750 2 10 9 0.045 0.295 0.294 0.796 0.206 246.384 11527 249.431 16452.713 0 0
73750 3 10 9 0.045 0.295 0.294 0.796 0.206 247.603 13124 249.728 18487.227 0 0
73750 4 10 9 0.045 0.295 0.294 0.796 0.206 247.504 15243 249.866 18930.627 0 0
73750 5 10 9 0.045 0.295 0.294 0.796 0.206 249 15630 249.896 18989.487 0 0
73750 1 10 9 0.03 0.419 0.054 0.886 0.978 64.837 0 76.182 39.607 0 0.453
73750 2 10 9 0.03 0.419 0.054 0.886 0.978 62.372 0 72.786 35.36 0 0.5
73750 3 10 9 0.03 0.419 0.054 0.886 0.978 64.18 0 71.535 38.787 0 0.233
73750 4 10 9 0.03 0.419 0.054 0.886 0.978 57.263 0 75.787 39.7 0 0.393
73750 5 10 9 0.03 0.419 0.054 0.886 0.978 65.248 0 81.136 36.647 0 0.393
73750 1 10 9 0.074 0.471 0.329 0.806 0.026 249.148 17354 249.934 21116.347 0 0
73750 2 10 9 0.074 0.471 0.329 0.806 0.026 249 21205 249.964 23071.773 0 0
73750 3 10 9 0.074 0.471 0.329 0.806 0.026 249.196 20284 249.985 22822.047 0 0
73750 4 10 9 0.074 0.471 0.329 0.806 0.026 248.865 18454 249.941 21475.78 0 0
73750 5 10 9 0.074 0.471 0.329 0.806 0.026 247.922 19786 249.895 24137.207 0 0
73750 1 10 9 0.074 0.434 0.316 0.979 0.859 70.484 0 77.51 36.653 0 0.333
73750 2 10 9 0.074 0.434 0.316 0.979 0.859 62.814 0 71.852 35.76 0 0.32
73750 3 10 9 0.074 0.434 0.316 0.979 0.859 44.405 0 51.444 29.933 0 0.327
73750 4 10 9 0.074 0.434 0.316 0.979 0.859 65.026 0 78.4 35.467 0 0.527
73750 5 10 9 0.074 0.434 0.316 0.979 0.859 57.051 0 71.434 39.453 0 0.467
73750 1 10 9 0.074 0.187 0.044 0.871 0.736 185.42 937 193.851 2454.6 0 0
73750 2 10 9 0.074 0.187 0.044 0.871 0.736 205.107 763 212.228 2485.147 0 0
73750 3 10 9 0.074 0.187 0.044 0.871 0.736 191.659 1282 199.892 2696.02 0 0
73750 4 10 9 0.074 0.187 0.044 0.871 0.736 185.75 1288 190.781 2184.467 0 0
73750 5 10 9 0.074 0.187 0.044 0.871 0.736 201.156 1497 211.924 3201.46 0 0
73750 1 10 9 0.005 0.011 0.196 0.871 0.341 61.974 0 77.058 36.747 0 0.393
73750 2 10 9 0.005 0.011 0.196 0.871 0.341 57.91 0 73.981 42.98 0 0.313
73750 3 10 9 0.005 0.011 0.196 0.871 0.341 54.093 0 63.229 35.087 0 0.4
73750 4 10 9 0.005 0.011 0.196 0.871 0.341 47.893 0 54.164 34.153 0 0.18
73750 5 10 9 0.005 0.011 0.196 0.871 0.341 61.344 0 72.677 34.74 0 0.407
73750 1 10 9 0.052 0.195 0.195 0.925 0.402 239.43 5056 246.539 9089.307 0 0
73750 2 10 9 0.052 0.195 0.195 0.925 0.402 234.868 4841 244.608 9722.18 0 0
73750 3 10 9 0.052 0.195 0.195 0.925 0.402 222.111 4089 238.359 6922.12 0 0
73750 4 10 9 0.052 0.195 0.195 0.925 0.402 199.719 1709 214.433 4688.513 0 0
73750 5 10 9 0.052 0.195 0.195 0.925 0.402 243.389 4975 248.354 9691.353 0 0
73750 1 10 9 0.101 0.146 0.49 0.88 0.298 57.018 0 64.468 38.313 0 0.26
73750 2 10 9 0.101 0.146 0.49 0.88 0.298 41.186 0 51.513 28.313 0 0.407
73750 3 10 9 0.101 0.146 0.49 0.88 0.298 37.703 1 45.234 38.067 0 0.213
73750 4 10 9 0.101 0.146 0.49 0.88 0.298 60.647 0 77.952 40.467 0 0.44
73750 5 10 9 0.101 0.146 0.49 0.88 0.298 35.446 0 45.879 41.187 0 0.193
73750 1 10 9 0.049 0.102 0.414 0.762 0.67 48.384 0 58.906 25.467 0 0.48
73750 2 10 9 0.049 0.102 0.414 0.762 0.67 66.765 0 77.312 37.44 0 0.413
73750 3 10 9 0.049 0.102 0.414 0.762 0.67 72.494 1 85.122 47.753 0 0.347
73750 4 10 9 0.049 0.102 0.414 0.762 0.67 45.836 1 63.457 48.493 0 0.28
73750 5 10 9 0.049 0.102 0.414 0.762 0.67 53.026 0 61.088 49.18 0 0.213
73750 1 10 9 0.005 0.207 0.181 0.982 0.738 52.258 0 66.27 37.647 0 0.233
73750 2 10 9 0.005 0.207 0.181 0.982 0.738 35.507 0 45.589 29.88 0 0.313
73750 3 10 9 0.005 0.207 0.181 0.982 0.738 43.098 0 58.332 38.533 0 0.393
73750 4 10 9 0.005 0.207 0.181 0.982 0.738 40.005 2 46.768 55.733 0 0.233
73750 5 10 9 0.005 0.207 0.181 0.982 0.738 48.538 2 53.908 44.827 0 0.047
73750 1 10 9 0.023 0.31 0.173 0.835 0.821 50.978 1 57.514 39.927 0 0.287
73750 2 10 9 0.023 0.31 0.173 0.835 0.821 43.749 0 49.117 40.887 0 0.147
73750 3 10 9 0.023 0.31 0.173 0.835 0.821 50.692 0 61.861 35.327 0 0.273
73750 4 10 9 0.023 0.31 0.173 0.835 0.821 45.022 0 54.273 40.407 0 0.267
73750 5 10 9 0.023 0.31 0.173 0.835 0.821 45.192 0 53.469 38.213 0 0.253
73750 1 10 9 0.026 0.371 0.148 0.789 0.928 65.273 0 77.653 40.84 0 0.307
73750 2 10 9 0.026 0.371 0.148 0.789 0.928 68.737 0 77.504 39.473 0 0.28
73750 3 10 9 0.026 0.371 0.148 0.789 0.928 64.103 0 77.896 34.667 0 0.453
73750 4 10 9 0.026 0.371 0.148 0.789 0.928 62.648 0 71.789 30.593 0 0.387
73750 5 10 9 0.026 0.371 0.148 0.789 0.928 52.359 0 56.76 24.887 0 0.407
73750 1 10 9 0.076 0.083 0.022 0.939 0.673 68.216 18 81.228 122.453 0 0
73750 2 10 9 0.076 0.083 0.022 0.939 0.673 53.572 0 64.916 36.933 0 0.293
73750 3 10 9 0.076 0.083 0.022 0.939 0.673 98.167 104 110.083 283.933 0 0
73750 4 10 9 0.076 0.083 0.022 0.939 0.673 42.64 4 58.818 72.267 0 0.08
73750 5 10 9 0.076 0.083 0.022 0.939 0.673 57.865 0 70.143 48.833 0 0.193
73750 1 10 10 0.046 0.465 0.269 0.869 0.648 18.342 0 63.679 72.553 0 0.167
73750 2 10 10 0.046 0.465 0.269 0.869 0.648 28.813 0 36.39 47.807 0 0.18
73750 3 10 10 0.046 0.465 0.269 0.869 0.648 23.461 3 29.975 57.287 0 0.2
73750 4 10 10 0.046 0.465 0.269 0.869 0.648 10.198 17 21.701 74.12 0 0
73750 5 10 10 0.046 0.465 0.269 0.869 0.648 0 0 0 0 1 1
73750 1 10 10 0.11 0.156 0.35 0.844 0.226 138.022 52 149.189 569.087 0 0
73750 2 10 10 0.11 0.156 0.35 0.844 0.226 103.62 420 118.24 727.253 0 0
73750 3 10 10 0.11 0.156 0.35 0.844 0.226 130.645 179 142.084 727.68 0 0
73750 4 10 10 0.11 0.156 0.35 0.844 0.226 132.615 146 140.867 679 0 0
73750 5 10 10 0.11 0.156 0.35 0.844 0.226 113.021 246 123.206 601.913 0 0
73750 1 10 10 0.075 0.206 0.035 0.875 0.973 65.712 0 79.429 38.5 0 0.38
73750 2 10 10 0.075 0.206 0.035 0.875 0.973 60.84 0 69.913 27.88 0 0.393
73750 3 10 10 0.075 0.206 0.035 0.875 0.973 60.813 0 74.904 38.56 0 0.32
73750 4 10 10 0.075 0.206 0.035 0.875 0.973 58.676 0 69.174 36.973 0 0.353
73750 5 10 10 0.075 0.206 0.035 0.875 0.973 57.172 0 69.791 39.367 0 0.24
73750 1 10 10 0.085 0.326 0.204 0.938 0.673 26.947 19 37.318 103.973 0 0
73750 2 10 10 0.085 0.326 0.204 0.938 0.673 0 0 0 0 1 1
73750 3 10 10 0.085 0.326 0.204 0.938 0.673 53.108 0 61.564 65.653 0 0.247
73750 4 10 10 0.085 0.326 0.204 0.938 0.673 43.674 1 50.909 51.64 0 0.193
73750 5 10 10 0.085 0.326 0.204 0.938 0.673 0 0 0 0 1 1
73750 1 10 10 0.048 0.315 0.325 0.972 0.911 69.68 0 85.466 47.973 0 0.333
73750 2 10 10 0.048 0.315 0.325 0.972 0.911 65.299 0 78.538 38.687 0 0.44
73750 3 10 10 0.048 0.315 0.325 0.972 0.911 49.818 0 62.307 37.033 0 0.353
73750 4 10 10 0.048 0.315 0.325 0.972 0.911 76.654 0 85.147 41.433 0 0.34
73750 5 10 10 0.048 0.315 0.325 0.972 0.911 63.586 2 76.128 39.033 0 0.373
73750 1 10 10 0.019 0.141 0.243 0.949 0.765 65.341 0 77.497 38.587 0 0.3
73750 2 10 10 0.019 0.141 0.243 0.949 0.765 57.606 0 77.805 37.953 0 0.433
73750 3 10 10 0.019 0.141 0.243 0.949 0.765 67.981 0 77.709 41.967 0 0.327
73750 4 10 10 0.019 0.141 0.243 0.949 0.765 66.026 0 75.701 37.707 0 0.28
73750 5 10 10 0.019 0.141 0.243 0.949 0.765 52.942 6 61.62 55.96 0 0.04
73750 1 10 10 0.067 0.27 0.168 0.784 0.88 56.273 0 69.964 38.32 0 0.313
73750 2 10 10 0.067 0.27 0.168 0.784 0.88 75.822 0 84.429 40.593 0 0.447
73750 3 10 10 0.067 0.27 0.168 0.784 0.88 65.449 0 77.224 35.353 0 0.54
73750 4 10 10 0.067 0.27 0.168 0.784 0.88 62.513 0 77.079 40.593 0 0.387
73750 5 10 10 0.067 0.27 0.168 0.784 0.88 74.916 0 83.841 43.593 0 0.333
73750 1 10 10 0.034 0.358 0.313 0.901 0.752 68.748 0 77.325 43.567 0 0.34
73750 2 10 10 0.034 0.358 0.313 0.901 0.752 51.343 0 60.727 23.727 0 0.413
73750 3 10 10 0.034 0.358 0.313 0.901 0.752 45.189 0 57.473 38.073 0 0.38
73750 4 10 10 0.034 0.358 0.313 0.901 0.752 70.535 0 82.14 44.04 0 0.253
73750 5 10 10 0.034 0.358 0.313 0.901 0.752 54.08 0 65.291 41.773 0 0.173
73750 1 10 10 0.115 0.211 0.333 0.886 0.341 0 0 2.589 0 1 1
73750 2 10 10 0.115 0.211 0.333 0.886 0.341 100.122 86 113.096 420.847 0 0
73750 3 10 10 0.115 0.211 0.333 0.886 0.341 131.612 235 139.261 636.333 0 0
73750 4 10 10 0.115 0.211 0.333 0.886 0.341 113.136 283 121.114 689.64 0 0
73750 5 10 10 0.115 0.211 0.333 0.886 0.341 34.963 0 42.136 51.96 0 0.293
73750 1 10 10 0.062 0.13 0.3 0.997 0.517 53.947 0 66.342 36.593 0 0.307
73750 2 10 10 0.062 0.13 0.3 0.997 0.517 56.81 0 68.99 35.553 0 0.327
73750 3 10 10 0.062 0.13 0.3 0.997 0.517 57.294 0 66.039 38.58 0 0.367
73750 4 10 10 0.062 0.13 0.3 0.997 0.517 63.65 0 78.337 35.127 0 0.367
73750 5 10 10 0.062 0.13 0.3 0.997 0.517 60.344 0 67.15 31.5 0 0.28
73750 1 10 10 0.005 0.438 0.038 0.758 0.599 249 19539 249.957 22944.2 0 0
73750 2 10 10 0.005 0.438 0.038 0.758 0.599 248.39 18806 249.968 21803.633 0 0
73750 3 10 10 0.005 0.438 0.038 0.758 0.599 247.338 19041 249.853 21137.913 0 0
73750 4 10 10 0.005 0.438 0.038 0.758 0.599 248.951 20203 249.97 22794.393 0 0
73750 5 10 10 0.005 0.438 0.038 0.758 0.599 247 19436 249.803 22816.933 0 0
73750 1 10 10 0.033 0.424 0.446 0.822 0.679 54.913 0 67.047 23.827 0 0.42
73750 2 10 10 0.033 0.424 0.446 0.822 0.679 51.775 0 59.578 38.053 0 0.22
73750 3 10 10 0.033 0.424 0.446 0.822 0.679 54.915 0 70.675 36.72 0 0.313
73750 4 10 10 0.033 0.424 0.446 0.822 0.679 53.271 1 65.183 36.953 0 0.26
73750 5 10 10 0.033 0.424 0.446 0.822 0.679 72.464 0 78.626 41.327 0 0.327
73750 1 10 10 0.061 0.332 0.369 0.92 0.174 246 15240 249.516 18462.513 0 0
73750 2 10 10 0.061 0.332 0.369 0.92 0.174 247.43 13784 249.817 18025.38 0 0
73750 3 10 10 0.061 0.332 0.369 0.92 0.174 246 13021 249.451 18061.06 0 0
73750 4 10 10 0.061 0.332 0.369 0.92 0.174 247.392 13811 249.683 18662.153 0 0
73750 5 10 10 0.061 0.332 0.369 0.92 0.174 248 15521 249.849 19689.88 0 0
73750 1 10 10 0.089 0.219 0.299 0.782 0.833 64.132 0 72.866 36.467 0 0.273
73750 2 10 10 0.089 0.219 0.299 0.782 0.833 53.991 0 72.987 42.327 0 0.38
73750 3 10 10 0.089 0.219 0.299 0.782 0.833 63.429 1 78.436 38.647 0 0.373
73750 4 10 10 0.089 0.219 0.299 0.782 0.833 66.018 0 76.076 40.953 0 0.38
73750 5 10 10 0.089 0.219 0.299 0.782 0.833 62.073 0 74.539 37.607 0 0.333
73750 1 10 10 0.119 0.358 0.121 0.806 0.922 63.474 0 72.021 37.327 0 0.187
73750 2 10 10 0.119 0.358 0.121 0.806 0.922 54.844 0 71.757 47.573 0 0.18
73750 3 10 10 0.119 0.358 0.121 0.806 0.922 56.121 1 66.587 40.433 0 0.26
73750 4 10 10 0.119 0.358 0.121 0.806 0.922 46.855 0 62.091 37.127 0 0.327
73750 5 10 10 0.119 0.358 0.121 0.806 0.922 54.95 0 68.527 20.613 0 0.5
73750 1 10 10 0.086 0.054 0.283 0.996 0.893 53.695 0 63.64 22.7 0 0.447
73750 2 10 10 0.086 0.054 0.283 0.996 0.893 52.023 2 61.923 42.853 0 0.153
73750 3 10 10 0.086 0.054 0.283 0.996 0.893 66.44 1 78.077 39.093 0 0.433
73750 4 10 10 0.086 0.054 0.283 0.996 0.893 53.039 0 61.661 24.073 0 0.547
73750 5 10 10 0.086 0.054 0.283 0.996 0.893 58.187 0 72.781 32.793 0 0.447
73750 1 10 10 0.117 0.154 0.125 0.973 0.116 248 19592 249.867 23005.447 0 0
73750 2 10 10 0.117 0.154 0.125 0.973 0.116 249.739 21754 249.998 23742.767 0 0
73750 3 10 10 0.117 0.154 0.125 0.973 0.116 247.923 15899 249.881 21993.18 0 0
73750 4 10 10 0.117 0.154 0.125 0.973 0.116 246.44 15890 249.752 22594.793 0 0
73750 5 10 10 0.117 0.154 0.125 0.973 0.116 249.565 20491 249.995 22495.187 0 0
73750 1 10 10 0.062 0.069 0.054 0.881 0.374 221.393 6130 231.808 9021.267 0 0
73750 2 10 10 0.062 0.069 0.054 0.881 0.374 209.12 6024 215.526 8142.507 0 0
73750 3 10 10 0.062 0.069 0.054 0.881 0.374 239.943 11912 247.415 13744.48 0 0
73750 4 10 10 0.062 0.069 0.054 0.881 0.374 246.664 12608 249.558 15660.013 0 0
73750 5 10 10 0.062 0.069 0.054 0.881 0.374 197.11 4359 211.127 6723.747 0 0
73750 1 10 10 0.093 0.297 0.152 0.964 0.773 40.892 1 52.152 39.433 0 0.193
73750 2 10 10 0.093 0.297 0.152 0.964 0.773 45.432 0 53.7 39.073 0 0.24
73750 3 10 10 0.093 0.297 0.152 0.964 0.773 49.636 0 55.7 32.973 0 0.34
73750 4 10 10 0.093 0.297 0.152 0.964 0.773 49.755 0 65.127 39.48 0 0.347
73750 5 10 10 0.093 0.297 0.152 0.964 0.773 0 0 0 0 1 1
73750 1 10 10 0.075 0.301 0.11 0.882 0.467 247.634 14499 249.83 19440.053 0 0
73750 2 10 10 0.075 0.301 0.11 0.882 0.467 247.488 11819 249.927 18529.627 0 0
73750 3 10 10 0.075 0.301 0.11 0.882 0.467 249.219 18154 249.979 20941.267 0 0
73750 4 10 10 0.075 0.301 0.11 0.882 0.467 247.397 17465 249.87 20752.327 0 0
73750 5 10 10 0.075 0.301 0.11 0.882 0.467 247 15912 249.776 19088.88 0 0
73750 1 10 10 0.02 0.163 0.323 0.837 0.264 153.932 600 161.508 1720.093 0 0
73750 2 10 10 0.02 0.163 0.323 0.837 0.264 139.856 80 153.237 1261.94 0 0
73750 3 10 10 0.02 0.163 0.323 0.837 0.264 148.509 88 162.722 1090.567 0 0
73750 4 10 10 0.02 0.163 0.323 0.837 0.264 156.359 458 165.647 1099.42 0 0
73750 5 10 10 0.02 0.163 0.323 0.837 0.264 144.159 359 160.755 1145.447 0 0
73750 1 10 10 0.092 0.348 0.236 0.755 0.419 245 9273 248.97 13041.653 0 0
73750 2 10 10 0.092 0.348 0.236 0.755 0.419 235.488 9487 246.999 12109.6 0 0
73750 3 10 10 0.092 0.348 0.236 0.755 0.419 247.821 11253 249.742 14553.313 0 0
73750 4 10 10 0.092 0.348 0.236 0.755 0.419 241.272 6696 248.447 13661.147 0 0
73750 5 10 10 0.092 0.348 0.236 0.755 0.419 232.208 7821 236.579 9690.793 0 0
73750 1 10 10 0.044 0.138 0.392 0.774 0.142 192.459 818 205.81 3394.793 0 0
73750 2 10 10 0.044 0.138 0.392 0.774 0.142 201.721 2625 212.175 4023.733 0 0
73750 3 10 10 0.044 0.138 0.392 0.774 0.142 223.929 1180 237.029 3046.107 0 0
73750 4 10 10 0.044 0.138 0.392 0.774 0.142 223.949 1623 240.233 5373.853 0 0
73750 5 10 10 0.044 0.138 0.392 0.774 0.142 190.85 1115 198.949 2869.073 0 0
73750 1 10 10 0.018 0.424 0.093 0.981 0.874 43.14 0 49.036 35.053 0 0.293
73750 2 10 10 0.018 0.424 0.093 0.981 0.874 48.891 4 54.776 50.487 0 0.08
73750 3 10 10 0.018 0.424 0.093 0.981 0.874 45.854 0 58.426 40.007 0 0.3
73750 4 10 10 0.018 0.424 0.093 0.981 0.874 0 0 0 0 1 1
73750 5 10 10 0.018 0.424 0.093 0.981 0.874 47.706 1 55.105 26.147 0 0.42
73750 1 10 10 0.116 0.087 0.012 0.783 0.701 0 0 0 0 1 1
73750 2 10 10 0.116 0.087 0.012 0.783 0.701 59.82 1 72.369 37.3 0 0.327
73750 3 10 10 0.116 0.087 0.012 0.783 0.701 50.006 0 61.035 44.28 0 0.287
73750 4 10 10 0.116 0.087 0.012 0.783 0.701 63.539 0 74.404 39.84 0 0.26
73750 5 10 10 0.116 0.087 0.012 0.783 0.701 60.272 0 78.02 36.9 0 0.453
73750 1 10 10 0.097 0.178 0.265 0.876 0.659 58.078 0 66.433 37.493 0 0.2
73750 2 10 10 0.097 0.178 0.265 0.876 0.659 61.245 0 68.465 31.267 0 0.427
73750 3 10 10 0.097 0.178 0.265 0.876 0.659 48.696 0 56.093 37.587 0 0.273
73750 4 10 10 0.097 0.178 0.265 0.876 0.659 69.272 0 80.133 40.787 0 0.387
73750 5 10 10 0.097 0.178 0.265 0.876 0.659 66.821 0 79.735 31.893 0 0.427
73750 1 10 10 0.111 0.323 0.395 0.989 0.252 240 7108 247.783 10941.567 0 0
73750 1 10 10 0.104 0.411 0.247 0.884 0.165 249.653 18172 249.998 20617.94 0 0
73750 2 10 10 0.104 0.411 0.247 0.884 0.165 248 16752 249.9 20158.947 0 0
73750 3 10 10 0.104 0.411 0.247 0.884 0.165 247.44 18496 249.799 22856.967 0 0
73750 4 10 10 0.104 0.411 0.247 0.884 0.165 249.906 19771 249.999 22104.567 0 0
73750 5 10 10 0.104 0.411 0.247 0.884 0.165 248 16003 249.856 19841.047 0 0
73750 1 10 10 0.02 0.031 0.052 0.813 0.638 70.951 0 80.965 34.647 0 0.487
73750 2 10 10 0.02 0.031 0.052 0.813 0.638 43.969 0 53.962 43.86 0 0.247
73750 3 10 10 0.02 0.031 0.052 0.813 0.638 63.584 0 75.622 42.933 0 0.273
73750 4 10 10 0.02 0.031 0.052 0.813 0.638 55.113 0 65.063 31.333 0 0.373
73750 5 10 10 0.02 0.031 0.052 0.813 0.638 58.057 0 70.406 39.72 0 0.533
73750 1 10 10 0.109 0.449 0.117 0.957 0.72 183.723 389 196.81 1718.593 0 0
73750 2 10 10 0.109 0.449 0.117 0.957 0.72 205.505 680 212.333 2817.247 0 0
73750 3 10 10 0.109 0.449 0.117 0.957 0.72 194.303 1114 205.863 2634.893 0 0
73750 4 10 10 0.109 0.449 0.117 0.957 0.72 165.223 757 176.648 1987.64 0 0
73750 5 10 10 0.109 0.449 0.117 0.957 0.72 225.871 626 238.908 2126.28 0 0
73750 1 10 10 0.093 0.387 0.279 0.895 0.381 245.338 8305 249.334 15035.327 0 0
73750 2 10 10 0.093 0.387 0.279 0.895 0.381 246.148 9739 249.39 16608.613 0 0
73750 3 10 10 0.093 0.387 0.279 0.895 0.381 243.532 11419 249.136 14939.553 0 0
73750 4 10 10 0.093 0.387 0.279 0.895 0.381 243.556 8328 248.158 12592.167 0 0
73750 5 10 10 0.093 0.387 0.279 0.895 0.381 245.196 9348 248.748 14169.5 0 0
73750 1 10 10 0.029 0.185 0.316 0.823 0.335 93.293 76 115.214 520.66 0 0
73750 2 10 10 0.029 0.185 0.316 0.823 0.335 103.611 70 116.457 569.213 0 0
73750 3 10 10 0.029 0.185 0.316 0.823 0.335 109.479 39 123.23 635.527 0 0
73750 4 10 10 0.029 0.185 0.316 0.823 0.335 91.731 136 102.846 394.14 0 0
73750 5 10 10 0.029 0.185 0.316 0.823 0.335 98.48 69 123.43 620.413 0 0
73750 1 10 10 0.03 0.135 0.104 0.779 0.164 248.39 19933 249.958 22607.847 0 0
73750 2 10 10 0.03 0.135 0.104 0.779 0.164 246.98 18916 249.841 21733.7 0 0
73750 3 10 10 0.03 0.135 0.104 0.779 0.164 249 22575 249.993 25544.013 0 0
73750 4 10 10 0.03 0.135 0.104 0.779 0.164 248.384 18673 249.887 22963.78 0 0
73750 5 10 10 0.03 0.135 0.104 0.779 0.164 249 19900 249.979 21653.493 0 0
73750 1 10 10 0.108 0.218 0.071 0.801 0.972 60.284 0 67.895 36.18 0 0.48
73750 2 10 10 0.108 0.218 0.071 0.801 0.972 53.661 0 62.735 51.52 0 0.207
73750 3 10 10 0.108 0.218 0.071 0.801 0.972 72.507 0 88.034 45.693 0 0.473
73750 4 10 10 0.108 0.218 0.071 0.801 0.972 62.545 0 73.366 36.227 0 0.373
73750 5 10 10 0.108 0.218 0.071 0.801 0.972 53.25 0 66.107 38.093 0 0.28
73750 1 10 10 0.106 0.302 0.131 0.989 0.794 32.921 2 41.799 46.267 0 0.113
73750 2 10 10 0.106 0.302 0.131 0.989 0.794 62.009 0 71.6 36.36 0 0.22
73750 3 10 10 0.106 0.302 0.131 0.989 0.794 44.674 0 51.649 44.187 0 0.26
73750 4 10 10 0.106 0.302 0.131 0.989 0.794 50.984 0 66.488 35.86 0 0.393
73750 5 10 10 0.106 0.302 0.131 0.989 0.794 39.127 0 47.789 41.387 0 0.253
73750 1 10 10 0.107 0.403 0.426 0.834 0.397 96.028 67 106.065 313.813 0 0
73750 2 10 10 0.107 0.403 0.426 0.834 0.397 107.522 119 123.234 535.447 0 0
73750 3 10 10 0.107 0.403 0.426 0.834 0.397 110.224 121 116.439 628.82 0 0
73750 4 10 10 0.107 0.403 0.426 0.834 0.397 95.28 38 104.676 448.213 0 0
73750 5 10 10 0.107 0.403 0.426 0.834 0.397 105.011 203 122.759 631.447 0 0
73750 1 10 10 0.092 0.174 0.328 0.839 0.29 114.26 148 131.203 668.88 0 0
73750 2 10 10 0.092 0.174 0.328 0.839 0.29 116.555 72 127.79 415 0 0
73750 3 10 10 0.092 0.174 0.328 0.839 0.29 116.187 284 123.823 585.213 0 0
73750 4 10 10 0.092 0.174 0.328 0.839 0.29 110.524 117 125.148 304.46 0 0
73750 5 10 10 0.092 0.174 0.328 0.839 0.29 122.428 46 134.008 559.527 0 0
73750 1 10 10 0.032 0.461 0.459 0.902 0.418 0 0 0 0 1 1
73750 2 10 10 0.032 0.461 0.459 0.902 0.418 9.725 2 12.613 22.573 0 0.373
73750 3 10 10 0.032 0.461 0.459 0.902 0.418 0 0 0 0 1 1
73750 4 10 10 0.032 0.461 0.459 0.902 0.418 4.536 2 6.681 19.587 0.04 0.233
73750 5 10 10 0.032 0.461 0.459 0.902 0.418 23.25 2 35.349 66.047 0 0.12
73750 1 10 10 0.099 0.422 0.375 0.892 0.975 56.127 0 64.878 37.74 0 0.453
73750 2 10 10 0.099 0.422 0.375 0.892 0.975 58.935 0 70.923 36.967 0 0.387
73750 3 10 10 0.099 0.422 0.375 0.892 0.975 57.456 0 68.152 35.327 0 0.36
73750 4 10 10 0.099 0.422 0.375 0.892 0.975 58.776 0 71.579 35.407 0 0.347
73750 5 10 10 0.099 0.422 0.375 0.892 0.975 60.213 0 69.654 36.767 0 0.387
73750 1 10 10 0.07 0.089 0.132 0.76 0.546 50.651 1 60.813 38.533 0 0.233
73750 2 10 10 0.07 0.089 0.132 0.76 0.546 58.147 0 71.937 31.553 0 0.527
73750 1 10 10 0.027 0.314 0.494 0.85 0.012 249.384 20017 249.995 22329.88 0 0
73750 2 10 10 0.027 0.314 0.494 0.85 0.012 248 17561 249.892 21326.773 0 0
73750 3 10 10 0.027 0.314 0.494 0.85 0.012 248.338 15490 249.979 19979.713 0 0
73750 4 10 10 0.027 0.314 0.494 0.85 0.012 246.196 17224 249.801 20005.353 0 0
73750 5 10 10 0.027 0.314 0.494 0.85 0.012 249.824 15132 249.999 19275.933 0 0
73750 1 10 10 0.025 0.175 0.177 0.785 0.941 59.09 0 68.426 25.347 0 0.5
73750 2 10 10 0.025 0.175 0.177 0.785 0.941 64.168 0 75.977 33.867 0 0.46
73750 3 10 10 0.025 0.175 0.177 0.785 0.941 60.29 0 77.001 35.88 0 0.507
73750 4 10 10 0.025 0.175 0.177 0.785 0.941 67.854 0 79.491 35.873 0 0.44
73750 5 10 10 0.025 0.175 0.177 0.785 0.941 67.577 0 80.846 41.14 0 0.373
73750 1 10 10 0.026 0.258 0.091 0.95 0.934 66.376 0 78.549 43.147 0 0.427
73750 2 10 10 0.026 0.258 0.091 0.95 0.934 65.544 0 88.276 47.593 0 0.447
73750 3 10 10 0.026 0.258 0.091 0.95 0.934 60.218 0 68.036 36.393 0 0.407
73750 4 10 10 0.026 0.258 0.091 0.95 0.934 64.356 0 72.22 37.513 0 0.253
73750 5 10 10 0.026 0.258 0.091 0.95 0.934 60.662 0 72.525 33.813 0 0.46
73750 1 10 10 0.119 0.143 0.005 0.764 0.147 250 22783 250 23665.173 0 0
73750 2 10 10 0.119 0.143 0.005 0.764 0.147 250 21542 250 22572.833 0 0
73750 3 10 10 0.119 0.143 0.005 0.764 0.147 250 22461 250 24370.907 0 0
73750 4 10 10 0.119 0.143 0.005 0.764 0.147 249.696 20607 249.998 22010.793 0 0
73750 5 10 10 0.119 0.143 0.005 0.764 0.147 250 23665 250 25255.633 0 0
73750 1 10 10 0.103 0.207 0.47 0.842 0.415 55.337 1 62.853 33.867 0 0.367
73750 2 10 10 0.103 0.207 0.47 0.842 0.415 51.786 0 68.197 38.727 0 0.227
73750 3 10 10 0.103 0.207 0.47 0.842 0.415 60.411 0 76.255 38.093 0 0.36
73750 4 10 10 0.103 0.207 0.47 0.842 0.415 47.064 0 60.315 39.927 0 0.427
73750 5 10 10 0.103 0.207 0.47 0.842 0.415 46.093 3 56.868 53.307 0 0.2
73750 1 10 10 0.091 0.483 0.377 0.889 0.344 243.379 7434 248.016 10946.907 0 0
73750 2 10 10 0.091 0.483 0.377 0.889 0.344 242.025 5280 247.751 10174.233 0 0
73750 3 10 10 0.091 0.483 0.377 0.889 0.344 238.638 9076 247.328 10933.527 0 0
73750 4 10 10 0.091 0.483 0.377 0.889 0.344 242.148 4281 247.349 10161.627 0 0
73750 5 10 10 0.091 0.483 0.377 0.889 0.344 238.611 3708 247.732 10223.847 0 0
73750 1 10 10 0.103 0.033 0.151 0.868 0.037 249 20625 249.98 23606.3 0 0
73750 2 10 10 0.103 0.033 0.151 0.868 0.037 249.782 18336 249.998 21042.987 0 0
73750 3 10 10 0.103 0.033 0.151 0.868 0.037 246 17144 249.435 20472.54 0 0
73750 4 10 10 0.103 0.033 0.151 0.868 0.037 247.148 14715 249.818 18927.127 0 0
73750 5 10 10 0.103 0.033 0.151 0.868 0.037 249 18925 249.971 20857.713 0 0
73750 1 10 10 0.103 0.038 0.212 0.995 0.93 63.583 0 76.889 37.513 0 0.32
73750 2 10 10 0.103 0.038 0.212 0.995 0.93 60.177 0 79.123 39.34 0 0.527
73750 3 10 10 0.103 0.038 0.212 0.995 0.93 62.591 1 76.09 41.18 0 0.373
73750 4 10 10 0.103 0.038 0.212 0.995 0.93 54.492 0 60.875 22.587 0 0.407
73750 5 10 10 0.103 0.038 0.212 0.995 0.93 64.587 0 77.61 40.08 0 0.34
73750 1 10 10 0.003 0.008 0.257 0.9 0.015 177.996 2204 191.464 3416.96 0 0
73750 2 10 10 0.003 0.008 0.257 0.9 0.015 211.286 2220 233.413 5093.647 0 0
73750 3 10 10 0.003 0.008 0.257 0.9 0.015 241 3848 246.528 6375.3 0 0
73750 4 10 10 0.003 0.008 0.257 0.9 0.015 194.823 2326 216.595 4783.507 0 0
73750 5 10 10 0.003 0.008 0.257 0.9 0.015 223.367 2232 243.5 5714.72 0 0
73750 1 10 10 0.057 0.049 0.12 0.989 0.76 50.203 0 61.713 26.92 0 0.413
73750 2 10 10 0.057 0.049 0.12 0.989 0.76 58.749 0 65.423 21.72 0 0.413
73750 3 10 10 0.057 0.049 0.12 0.989 0.76 49.738 0 66.305 35.18 0 0.44
73750 4 10 10 0.057 0.049 0.12 0.989 0.76 60.45 0 80.053 44.253 0 0.46
73750 5 10 10 0.057 0.049 0.12 0.989 0.76 63.856 2 71.748 38.293 0 0.307
73750 1 9 3 0.068 0.485 0.497 0.908 0.73 0 0 0 0 1 1
73750 2 9 3 0.068 0.485 0.497 0.908 0.73 16.011 20 21.505 100.92 0 0
73750 3 9 3 0.068 0.485 0.497 0.908 0.73 0 0 0 0 1 1
73750 4 9 3 0.068 0.485 0.497 0.908 0.73 0 0 0 0 1 1
73750 5 9 3 0.068 0.485 0.497 0.908 0.73 16.563 17 25.23 105.327 0 0
73750 1 9 3 0.099 0.047 0.434 0.783 0.385 0 0 0.187 0 1 1
73750 2 9 3 0.099 0.047 0.434 0.783 0.385 9.107 19 17.966 114.24 0 0
73750 3 9 3 0.099 0.047 0.434 0.783 0.385 20.938 9 27.675 118.073 0 0.007
73750 4 9 3 0.099 0.047 0.434 0.783 0.385 0 0 0 0 1 1
73750 5 9 3 0.099 0.047 0.434 0.783 0.385 30.552 21 34.663 95.2 0 0
73750 1 9 3 0.065 0.442 0.263 0.878 0.745 0 0 0 0 1 1
73750 2 9 3 0.065 0.442 0.263 0.878 0.745 26.136 9 29.605 98.953 0 0.007
73750 3 9 3 0.065 0.442 0.263 0.878 0.745 0.1 0 1.549 8.08 1 0.513
73750 4 9 3 0.065 0.442 0.263 0.878 0.745 7.819 22 13.921 95.68 0 0
73750 5 9 3 0.065 0.442 0.263 0.878 0.745 0 0 0 0 1 1
73750 1 9 3 0.076 0.379 0.158 0.823 0.445 249.824 15775 249.998 17784.22 0 0
73750 2 9 3 0.076 0.379 0.158 0.823 0.445 250 16486 250 18007.44 0 0
73750 3 9 3 0.076 0.379 0.158 0.823 0.445 249.148 16061 249.994 19535.767 0 0
73750 4 9 3 0.076 0.379 0.158 0.823 0.445 249.696 15893 249.998 19047.907 0 0
73750 5 9 3 0.076 0.379 0.158 0.823 0.445 250 16540 250 18803.373 0 0
73750 1 9 3 0.114 0.365 0.456 0.829 0.419 92.195 185 99.962 400.547 0 0
73750 2 9 3 0.114 0.365 0.456 0.829 0.419 95.254 180 105.088 510.907 0 0
73750 3 9 3 0.114 0.365 0.456 0.829 0.419 106.757 58 111.967 324.687 0 0
73750 4 9 3 0.114 0.365 0.456 0.829 0.419 79.932 102 90.945 377.62 0 0
73750 5 9 3 0.114 0.365 0.456 0.829 0.419 95.763 92 106.291 435.947 0 0
73750 1 9 3 0.006 0.247 0.401 0.812 0.233 247.215 12130 249.802 15699.713 0 0
73750 2 9 3 0.006 0.247 0.401 0.812 0.233 239.825 9609 248.382 13167.9 0 0
73750 3 9 3 0.006 0.247 0.401 0.812 0.233 245.782 11761 249.563 15717.18 0 0
73750 4 9 3 0.006 0.247 0.401 0.812 0.233 249.099 14206 249.983 16500.44 0 0
73750 5 9 3 0.006 0.247 0.401 0.812 0.233 245.727 8545 249.22 12244.92 0 0
73750 1 9 3 0.114 0.132 0.471 0.997 0.108 213.787 2125 227.696 4915.313 0 0
73750 2 9 3 0.114 0.132 0.471 0.997 0.108 193.118 3183 203.261 5074.353 0 0
73750 3 9 3 0.114 0.132 0.471 0.997 0.108 215.418 2395 240.668 4714.507 0 0
73750 4 9 3 0.114 0.132 0.471 0.997 0.108 221.028 2325 227.818 5574.087 0 0
73750 5 9 3 0.114 0.132 0.471 0.997 0.108 239.845 2618 245.538 5626.087 0 0
73750 1 9 3 0.055 0.059 0.154 0.806 0.682 21.192 14 27.88 124.813 0 0
73750 2 9 3 0.055 0.059 0.154 0.806 0.682 22.018 16 26.717 105.08 0 0
73750 3 9 3 0.055 0.059 0.154 0.806 0.682 23.151 15 29.24 97.233 0 0
73750 4 9 3 0.055 0.059 0.154 0.806 0.682 0 0 0 0 1 1
73750 5 9 3 0.055 0.059 0.154 0.806 0.682 0 0 0 0 1 1
73750 1 9 3 0.032 0.173 0.346 0.947 0.326 150.809 761 168.26 1558.047 0 0
73750 2 9 3 0.032 0.173 0.346 0.947 0.326 141.211 245 150.905 1189.06 0 0
73750 3 9 3 0.032 0.173 0.346 0.947 0.326 147.058 1001 161.461 1756.673 0 0
73750 4 9 3 0.032 0.173 0.346 0.947 0.326 149.686 639 163.408 1565.893 0 0
73750 5 9 3 0.032 0.173 0.346 0.947 0.326 177.153 150 188.88 1478.88 0 0
73750 1 9 3 0.112 0.314 0.491 0.967 0.636 0 0 0 0 1 1
73750 2 9 3 0.112 0.314 0.491 0.967 0.636 0 0 0 0 1 1
73750 3 9 3 0.112 0.314 0.491 0.967 0.636 0 0 0 0 1 1
73750 4 9 3 0.112 0.314 0.491 0.967 0.636 26.543 14 33.098 113.427 0 0
73750 5 9 3 0.112 0.314 0.491 0.967 0.636 24.184 23 31.245 114.78 0 0
73750 1 9 3 0.059 0.169 0.403 0.769 0.244 193.766 392 205.926 1677.033 0 0
73750 2 9 3 0.059 0.169 0.403 0.769 0.244 164.165 756 173.046 1340.74 0 0
73750 3 9 3 0.059 0.169 0.403 0.769 0.244 162.899 942 173.666 2285.86 0 0
73750 4 9 3 0.059 0.169 0.403 0.769 0.244 185.029 728 195.597 1708.84 0 0
73750 5 9 3 0.059 0.169 0.403 0.769 0.244 179.926 749 190.545 1826.753 0 0
73750 1 9 3 0.027 0.475 0.499 0.815 0.692 0 0 0 0 1 1
73750 2 9 3 0.027 0.475 0.499 0.815 0.692 0 0 0 0 1 1
73750 3 9 3 0.027 0.475 0.499 0.815 0.692 23.033 5 28.995 104.08 0 0.033
73750 4 9 3 0.027 0.475 0.499 0.815 0.692 0 0 0.685 0.7 1 1
73750 1 9 3 0.08 0.156 0.399 0.814 0.519 22.62 9 26.841 106.6 0 0.013
73750 2 9 3 0.08 0.156 0.399 0.814 0.519 0 0 0 0 1 1
73750 3 9 3 0.08 0.156 0.399 0.814 0.519 18.756 4 26.614 94.46 0 0.053
73750 4 9 3 0.08 0.156 0.399 0.814 0.519 0 0 0 0 1 1
73750 5 9 3 0.08 0.156 0.399 0.814 0.519 0 0 0 0 1 1
73750 1 9 3 0.045 0.059 0.419 0.802 0.239 23.509 28 29.673 129.56 0 0
73750 2 9 3 0.045 0.059 0.419 0.802 0.239 30.295 17 37.206 127.113 0 0
73750 3 9 3 0.045 0.059 0.419 0.802 0.239 0 0 0 0 1 1
73750 4 9 3 0.045 0.059 0.419 0.802 0.239 0 0 0 0 1 1
73750 5 9 3 0.045 0.059 0.419 0.802 0.239 0 0 0 0 1 1
73750 1 9 3 0.082 0.181 0.082 0.854 0.823 0 0 0 0 1 1
73750 2 9 3 0.082 0.181 0.082 0.854 0.823 29.616 24 38.602 116.86 0 0
73750 3 9 3 0.082 0.181 0.082 0.854 0.823 41.026 18 49.554 167.827 0 0
73750 4 9 3 0.082 0.181 0.082 0.854 0.823 33.095 31 39.13 130.26 0 0
73750 5 9 3 0.082 0.181 0.082 0.854 0.823 44.744 34 51.395 170.493 0 0
73750 1 9 3 0.052 0.262 0.211 0.807 0.585 213.395 497 231.413 1710.393 0 0
73750 2 9 3 0.052 0.262 0.211 0.807 0.585 186.005 1233 195.604 2542.387 0 0
73750 3 9 3 0.052 0.262 0.211 0.807 0.585 192.739 1061 199.876 2578.893 0 0
73750 4 9 3 0.052 0.262 0.211 0.807 0.585 194.811 1318 206.898 2670.9 0 0
73750 5 9 3 0.052 0.262 0.211 0.807 0.585 168.899 396 178.904 1429.027 0 0
73750 1 9 3 0.082 0.447 0.257 0.765 0.714 29.15 11 36.79 124.293 0 0
73750 2 9 3 0.082 0.447 0.257 0.765 0.714 25.167 11 31.869 109.253 0 0
73750 3 9 3 0.082 0.447 0.257 0.765 0.714 30.438 7 39.006 125.853 0 0.02
73750 4 9 3 0.082 0.447 0.257 0.765 0.714 33.307 22 43.536 137.073 0 0
73750 5 9 3 0.082 0.447 0.257 0.765 0.714 35.798 14 42.215 136.82 0 0
73750 1 9 3 0.084 0.292 0.338 0.87 0.627 15.985 8 26.593 68.987 0 0.007
73750 2 9 3 0.084 0.292 0.338 0.87 0.627 18.776 3 26.935 107.64 0 0.033
73750 3 9 3 0.084 0.292 0.338 0.87 0.627 11.19 7 18.123 32.3 0 0.053
73750 4 9 3 0.084 0.292 0.338 0.87 0.627 17.794 17 24.591 108.327 0 0
73750 5 9 3 0.084 0.292 0.338 0.87 0.627 26.74 8 31.782 105.4 0 0.007
73750 1 9 3 0.026 0.459 0.278 0.832 0.84 16.76 12 28.185 116.413 0 0
73750 2 9 3 0.026 0.459 0.278 0.832 0.84 15.344 8 26.846 101.007 0 0.013
73750 3 9 3 0.026 0.459 0.278 0.832 0.84 0 0 0 0 1 1
73750 4 9 3 0.026 0.459 0.278 0.832 0.84 26.834 24 30.066 97.26 0 0
73750 5 9 3 0.026 0.459 0.278 0.832 0.84 27.179 7 33.165 117.56 0 0.033
73750 1 9 3 0.043 0.158 0.162 0.8 0.565 200.066 1422 208.177 3298.387 0 0
73750 2 9 3 0.043 0.158 0.162 0.8 0.565 183.567 1194 193.84 2382.34 0 0
73750 3 9 3 0.043 0.158 0.162 0.8 0.565 162.198 1484 172.109 2270.473 0 0
73750 4 9 3 0.043 0.158 0.162 0.8 0.565 195.496 1890 208.343 3284.707 0 0
73750 5 9 3 0.043 0.158 0.162 0.8 0.565 154.46 690 168.242 1641.213 0 0
73750 1 9 3 0.107 0.238 0.245 0.768 0.876 18.448 6 24.168 81.7 0 0.04
73750 2 9 3 0.107 0.238 0.245 0.768 0.876 0 0 0 0 1 1
73750 3 9 3 0.107 0.238 0.245 0.768 0.876 4.918 3 10.982 65.793 0.007 0.073
73750 4 9 3 0.107 0.238 0.245 0.768 0.876 24.005 12 32.728 120.927 0 0
73750 5 9 3 0.107 0.238 0.245 0.768 0.876 0 0 0 0 1 1
73750 1 9 3 0.081 0.459 0.476 0.763 0.628 16.098 4 24.637 102.707 0 0.033
73750 2 9 3 0.081 0.459 0.476 0.763 0.628 17.785 6 24.888 102.8 0 0.02
73750 3 9 3 0.081 0.459 0.476 0.763 0.628 0 0 0 0 1 1
73750 4 9 3 0.081 0.459 0.476 0.763 0.628 0 0 0 0 1 1
73750 5 9 3 0.081 0.459 0.476 0.763 0.628 29.038 7 35.296 102.493 0 0.027
73750 1 9 3 0.068 0.026 0.094 0.896 0.729 0 0 0 0 1 1
73750 2 9 3 0.068 0.026 0.094 0.896 0.729 17.655 8 25.336 96.887 0 0.02
73750 3 9 3 0.068 0.026 0.094 0.896 0.729 0 0 0 0 1 1
73750 4 9 3 0.068 0.026 0.094 0.896 0.729 0 0 0 0 1 1
73750 5 9 3 0.068 0.026 0.094 0.896 0.729 0 0 0 0 1 1
73750 1 9 3 0.05 0.052 0.265 0.998 0.293 0 0 0 0 1 1
73750 2 9 3 0.05 0.052 0.265 0.998 0.293 44.031 9 49.011 174.34 0 0.013
73750 3 9 3 0.05 0.052 0.265 0.998 0.293 21.212 5 32.733 94.527 0 0.033
73750 4 9 3 0.05 0.052 0.265 0.998 0.293 0 0 0 0 1 1
73750 5 9 3 0.05 0.052 0.265 0.998 0.293 0 0 0 0 1 1
73750 1 9 3 0.053 0.176 0.199 0.795 0.346 247 12618 249.622 15331.667 0 0
73750 2 9 3 0.053 0.176 0.199 0.795 0.346 245.722 12535 249.552 14700.24 0 0
73750 3 9 3 0.053 0.176 0.199 0.795 0.346 247.198 12163 249.721 15914.527 0 0
73750 4 9 3 0.053 0.176 0.199 0.795 0.346 248.831 13997 249.947 15982.3 0 0
73750 5 9 3 0.053 0.176 0.199 0.795 0.346 247.344 14973 249.795 16887.873 0 0
73750 1 9 3 0.079 0.014 0.141 0.817 0.822 10.476 5 19.747 88.067 0 0.053
73750 2 9 3 0.079 0.014 0.141 0.817 0.822 20.885 27 24.159 101.04 0 0
73750 3 9 3 0.079 0.014 0.141 0.817 0.822 19.32 7 26.968 86.607 0 0.013
73750 4 9 3 0.079 0.014 0.141 0.817 0.822 7.235 10 15.351 85.02 0 0
73750 5 9 3 0.079 0.014 0.141 0.817 0.822 0 0 0 0 1 1
73750 1 9 3 0.003 0.324 0.499 0.971 0.915 0 0 0 0 1 1
73750 2 9 3 0.003 0.324 0.499 0.971 0.915 0 0 0 0 1 1
73750 3 9 3 0.003 0.324 0.499 0.971 0.915 16.145 9 22.372 85.313 0 0.013
73750 4 9 3 0.003 0.324 0.499 0.971 0.915 0 0 0 0 1 1
73750 1 9 3 0.114 0.177 0.498 0.993 0.753 17.396 14 24.287 100.373 0 0
73750 2 9 3 0.114 0.177 0.498 0.993 0.753 0 0 0 0 1 1
73750 3 9 3 0.114 0.177 0.498 0.993 0.753 0 0 0 0 1 1
73750 4 9 3 0.114 0.177 0.498 0.993 0.753 1.375 0 9.251 10.247 0.34 0.7
73750 5 9 3 0.114 0.177 0.498 0.993 0.753 23.025 7 28.61 117.3 0 0.033
73750 1 9 3 0.1 0.498 0.323 0.926 0.542 220.469 2023 231.09 4910.793 0 0
73750 2 9 3 0.1 0.498 0.323 0.926 0.542 227.905 2266 234.064 4001.313 0 0
73750 3 9 3 0.1 0.498 0.323 0.926 0.542 231.019 1940 237.558 4191.54 0 0
73750 4 9 3 0.1 0.498 0.323 0.926 0.542 215.878 2539 226.42 4236.28 0 0
73750 5 9 3 0.1 0.498 0.323 0.926 0.542 228.807 1505 240.95 3511.073 0 0
73750 1 9 3 0.011 0.059 0.273 0.886 0.568 12.12 16 18.932 112.153 0 0
73750 2 9 3 0.011 0.059 0.273 0.886 0.568 0 0 0.404 0 1 1
73750 3 9 3 0.011 0.059 0.273 0.886 0.568 23.144 8 29.055 96.207 0 0.007
73750 4 9 3 0.011 0.059 0.273 0.886 0.568 19.807 11 26.451 104.68 0 0
73750 5 9 3 0.011 0.059 0.273 0.886 0.568 6.895 6 14.79 80.733 0 0.04
73750 1 9 3 0.046 0.071 0.099 0.804 0.323 241 10728 248.037 12652.633 0 0
73750 2 9 3 0.046 0.071 0.099 0.804 0.323 245.109 12496 248.772 14454.107 0 0
73750 3 9 3 0.046 0.071 0.099 0.804 0.323 248 11706 249.852 14675.953 0 0
73750 4 9 3 0.046 0.071 0.099 0.804 0.323 247.097 11609 249.553 14167.14 0 0
73750 5 9 3 0.046 0.071 0.099 0.804 0.323 247.91 13386 249.629 15299.66 0 0
73750 1 9 3 0.108 0.136 0.363 0.993 0.299 72.288 138 78.393 360.46 0 0
73750 2 9 3 0.108 0.136 0.363 0.993 0.299 43.139 22 52.648 217.467 0 0
73750 3 9 3 0.108 0.136 0.363 0.993 0.299 71.029 63 84.485 395.013 0 0
73750 4 9 3 0.108 0.136 0.363 0.993 0.299 89.63 50 103.105 321.073 0 0
73750 5 9 3 0.108 0.136 0.363 0.993 0.299 74.375 83 85.32 403.9 0 0
73750 1 9 3 0.005 0.024 0.466 0.922 0.388 8.548 8 18.332 84.093 0 0.02
73750 2 9 3 0.005 0.024 0.466 0.922 0.388 15.98 22 28.447 121.16 0 0
73750 3 9 3 0.005 0.024 0.466 0.922 0.388 0 0 0 0 1 1
73750 4 9 3 0.005 0.024 0.466 0.922 0.388 0 0 0 0 1 1
73750 5 9 3 0.005 0.024 0.466 0.922 0.388 0 0 0 0 1 1
73750 1 9 3 0.059 0.034 0.131 0.975 0.938 21.93 25 26.598 106.927 0 0
73750 2 9 3 0.059 0.034 0.131 0.975 0.938 22.64 7 30.45 90.707 0 0.02
73750 3 9 3 0.059 0.034 0.131 0.975 0.938 0 0 0 0 1 1
73750 4 9 3 0.059 0.034 0.131 0.975 0.938 20.445 8 27.1 102.733 0 0.013
73750 5 9 3 0.059 0.034 0.131 0.975 0.938 20.715 5 27.515 82.773 0 0.053
73750 1 9 3 0.006 0.144 0.186 0.823 0.975 12.384 13 21.517 111.46 0 0
73750 2 9 3 0.006 0.144 0.186 0.823 0.975 0 0 0 0 1 1
73750 3 9 3 0.006 0.144 0.186 0.823 0.975 0 0 0 0 1 1
73750 4 9 3 0.006 0.144 0.186 0.823 0.975 0 0 0 0 1 1
73750 5 9 3 0.006 0.144 0.186 0.823 0.975 0 0 0 0 1 1
73750 1 9 3 0.098 0.224 0.197 0.838 0.994 0 0 0 0 1 1
73750 2 9 3 0.098 0.224 0.197 0.838 0.994 0 0 0 0 1 1
73750 3 9 3 0.098 0.224 0.197 0.838 0.994 30.342 10 39.558 112.447 0 0
73750 4 9 3 0.098 0.224 0.197 0.838 0.994 0 0 0 0 1 1
73750 5 9 3 0.098 0.224 0.197 0.838 0.994 25.307 14 28.916 88.127 0 0
73750 1 9 3 0.009 0.027 0.109 0.758 0.835 0 0 0 0 1 1
73750 2 9 3 0.009 0.027 0.109 0.758 0.835 25.049 2 33.003 80.373 0 0.113
73750 3 9 3 0.009 0.027 0.109 0.758 0.835 0 0 0 0 1 1
73750 4 9 3 0.009 0.027 0.109 0.758 0.835 0 0 0 0 1 1
73750 5 9 3 0.009 0.027 0.109 0.758 0.835 18.848 22 26.782 101.907 0 0
73750 1 9 3 0.1 0.44 0.486 0.864 0.35 221.146 717 237.607 2560.893 0 0
73750 2 9 3 0.1 0.44 0.486 0.864 0.35 211.473 1107 229.972 2681.56 0 0
73750 3 9 3 0.1 0.44 0.486 0.864 0.35 196.236 454 204.005 2362.767 0 0
73750 4 9 3 0.1 0.44 0.486 0.864 0.35 209.823 661 226.272 1872.033 0 0
73750 5 9 3 0.1 0.44 0.486 0.864 0.35 194.641 873 210.82 2280.767 0 0
73750 1 9 3 0.104 0.246 0.119 0.875 0.7 181.561 976 189.309 2078.953 0 0
73750 2 9 3 0.104 0.246 0.119 0.875 0.7 197.963 775 203.161 1257.82 0 0
73750 3 9 3 0.104 0.246 0.119 0.875 0.7 188.579 277 198.86 1147.94 0 0
73750 4 9 3 0.104 0.246 0.119 0.875 0.7 181.206 555 190.508 1575.107 0 0
73750 5 9 3 0.104 0.246 0.119 0.875 0.7 179.832 897 185.532 1867.067 0 0
73750 1 9 3 0.103 0.137 0.396 0.817 0.93 19.866 7 27.04 110.34 0 0.053
73750 2 9 3 0.103 0.137 0.396 0.817 0.93 0 0 0 0 1 1
73750 3 9 3 0.103 0.137 0.396 0.817 0.93 0 0 0 0 1 1
73750 4 9 3 0.103 0.137 0.396 0.817 0.93 0 0 0 0 1 1
73750 5 9 3 0.103 0.137 0.396 0.817 0.93 14.145 17 22.071 96.453 0 0
73750 1 9 3 0.072 0.369 0.159 0.909 0.58 248.05 11381 249.85 14294.293 0 0
73750 2 9 3 0.072 0.369 0.159 0.909 0.58 248.196 12997 249.844 15353.527 0 0
73750 1 9 3 0.082 0.473 0.398 0.99 0.401 243.431 6650 248.167 10752.62 0 0
73750 2 9 3 0.082 0.473 0.398 0.99 0.401 242.166 7093 247.158 10252.76 0 0
73750 3 9 3 0.082 0.473 0.398 0.99 0.401 244.818 9628 249.024 11241.047 0 0
73750 4 9 3 0.082 0.473 0.398 0.99 0.401 245.104 5443 248.315 9241.62 0 0
73750 5 9 3 0.082 0.473 0.398 0.99 0.401 241.868 6382 248.278 9513.56 0 0
73750 1 9 3 0.05 0.359 0.15 0.826 0.728 92.513 21 104.935 312.213 0 0
73750 2 9 3 0.05 0.359 0.15 0.826 0.728 87.013 78 97.272 297.673 0 0
73750 3 9 3 0.05 0.359 0.15 0.826 0.728 106.127 36 114.778 310.207 0 0
73750 4 9 3 0.05 0.359 0.15 0.826 0.728 102.56 18 110.892 386.953 0 0
73750 5 9 3 0.05 0.359 0.15 0.826 0.728 98.432 83 110.268 344.367 0 0
73750 1 9 3 0.044 0.356 0.021 0.976 0.942 29.346 46 36.866 164.067 0 0
73750 2 9 3 0.044 0.356 0.021 0.976 0.942 30.052 27 37.39 155.94 0 0
73750 3 9 3 0.044 0.356 0.021 0.976 0.942 36.432 40 44.747 159.993 0 0
73750 4 9 3 0.044 0.356 0.021 0.976 0.942 29.984 28 37.879 146.74 0 0
73750 5 9 3 0.044 0.356 0.021 0.976 0.942 23.081 10 31.113 117.86 0 0
73750 1 9 3 0.008 0.095 0.416 0.995 0.882 0 0 0.234 0 1 1
73750 2 9 3 0.008 0.095 0.416 0.995 0.882 0 0 0 0 1 1
73750 3 9 3 0.008 0.095 0.416 0.995 0.882 13.369 15 20.741 108.193 0 0
73750 4 9 3 0.008 0.095 0.416 0.995 0.882 9.23 10 19.843 89.293 0 0
73750 5 9 3 0.008 0.095 0.416 0.995 0.882 22.703 20 30.367 105.04 0 0
73750 1 9 3 0.007 0.052 0.245 0.853 0.917 14.434 7 21.611 77.413 0 0.007
73750 2 9 3 0.007 0.052 0.245 0.853 0.917 0 0 0 0 1 1
73750 3 9 3 0.007 0.052 0.245 0.853 0.917 0 0 0 0 1 1
73750 4 9 3 0.007 0.052 0.245 0.853 0.917 25.233 7 33.559 109.507 0 0.013
73750 5 9 3 0.007 0.052 0.245 0.853 0.917 9.161 18 15.668 90.353 0 0
73750 1 9 3 0.003 0.374 0.23 0.942 0.965 0 0 0 0 1 1
73750 2 9 3 0.003 0.374 0.23 0.942 0.965 0 0 0 0 1 1
73750 3 9 3 0.003 0.374 0.23 0.942 0.965 0 0 0 0 1 1
73750 4 9 3 0.003 0.374 0.23 0.942 0.965 0 0 0 0 1 1
73750 5 9 3 0.003 0.374 0.23 0.942 0.965 0 0 0 0 1 1
73750 1 9 3 0.079 0.479 0.323 0.999 0.492 242.513 7844 247.889 10558.707 0 0
73750 2 9 3 0.079 0.479 0.323 0.999 0.492 246.338 8980 249.209 12564.04 0 0
73750 3 9 3 0.079 0.479 0.323 0.999 0.492 244.03 7903 249.101 11699.02 0 0
73750 4 9 3 0.079 0.479 0.323 0.999 0.492 242.827 6922 247.087 9568.587 0 0
73750 5 9 3 0.079 0.479 0.323 0.999 0.492 243.823 7501 248.563 10529.993 0 0
73750 1 9 3 0.106 0.336 0.036 0.774 0.101 250 21616 250 22826.66 0 0
73750 2 9 3 0.106 0.336 0.036 0.774 0.101 250 20028 250 21418.38 0 0
73750 3 9 3 0.106 0.336 0.036 0.774 0.101 250 19825 250 21261.3 0 0
73750 4 9 3 0.106 0.336 0.036 0.774 0.101 250 20188 250 22362.193 0 0
73750 5 9 3 0.106 0.336 0.036 0.774 0.101 250 23127 250 24327.007 0 0
73750 1 9 3 0.107 0.458 0.495 0.857 0.208 249.782 15550 249.998 17402.053 0 0
73750 2 9 3 0.107 0.458 0.495 0.857 0.208 247 12271 249.765 15266.467 0 0
73750 3 9 3 0.107 0.458 0.495 0.857 0.208 249.305 15068 249.981 17387.4 0 0
73750 4 9 3 0.107 0.458 0.495 0.857 0.208 242.928 11299 249.628 14284.393 0 0
73750 5 9 3 0.107 0.458 0.495 0.857 0.208 249 14124 249.912 16728.213 0 0
73750 1 9 3 0.038 0.368 0.261 0.974 0.542 183.958 1473 191.482 2680.06 0 0
73750 2 9 3 0.038 0.368 0.261 0.974 0.542 192.016 667 198.291 2626.06 0 0
73750 3 9 3 0.038 0.368 0.261 0.974 0.542 155.151 516 180.772 1447.007 0 0
73750 4 9 3 0.038 0.368 0.261 0.974 0.542 222.811 1191 233.943 2987.013 0 0
73750 5 9 3 0.038 0.368 0.261 0.974 0.542 176.475 1359 188.789 2437.047 0 0
73750 1 9 3 0.104 0.219 0.471 0.894 0.407 34.237 4 44.059 167.02 0 0.047
73750 2 9 3 0.104 0.219 0.471 0.894 0.407 16.666 9 28.054 89.6 0 0.02
73750 1 9 4 0.027 0.297 0.385 0.96 0.56 0 0 0 0 1 1
73750 2 9 4 0.027 0.297 0.385 0.96 0.56 0 0 0 0 1 1
73750 3 9 4 0.027 0.297 0.385 0.96 0.56 0 0 0 0 1 1
73750 4 9 4 0.027 0.297 0.385 0.96 0.56 0 0 1.26 0.013 1 1
73750 5 9 4 0.027 0.297 0.385 0.96 0.56 0 0 0 0 1 1
73750 1 9 4 0.067 0.221 0.058 0.778 0.511 250 17904 250 18557.233 0 0
73750 2 9 4 0.067 0.221 0.058 0.778 0.511 248.615 16922 249.954 18862.42 0 0
73750 3 9 4 0.067 0.221 0.058 0.778 0.511 250 17178 250 19644.42 0 0
73750 4 9 4 0.067 0.221 0.058 0.778 0.511 248.471 17099 249.965 18855.147 0 0
73750 5 9 4 0.067 0.221 0.058 0.778 0.511 249.987 17609 250 19162.347 0 0
73750 1 9 4 0.044 0.187 0.124 0.917 0.445 249.476 15174 249.997 18610.547 0 0
73750 2 9 4 0.044 0.187 0.124 0.917 0.445 247.12 14838 249.779 18059.62 0 0
73750 3 9 4 0.044 0.187 0.124 0.917 0.445 246.653 12334 249.815 15886.327 0 0
73750 4 9 4 0.044 0.187 0.124 0.917 0.445 248 14336 249.869 17494.78 0 0
73750 5 9 4 0.044 0.187 0.124 0.917 0.445 249.196 15940 249.991 18016.893 0 0
73750 1 9 4 0.05 0.081 0.356 0.991 0.224 0 0 0 0 1 1
73750 2 9 4 0.05 0.081 0.356 0.991 0.224 57.764 19 68.3 246.16 0 0
73750 3 9 4 0.05 0.081 0.356 0.991 0.224 52.022 25 63.878 218.993 0 0
73750 4 9 4 0.05 0.081 0.356 0.991 0.224 0 0 0 0 1 1
73750 5 9 4 0.05 0.081 0.356 0.991 0.224 0 0 0 0 1 1
73750 1 9 4 0.048 0.353 0.15 0.796 0.179 250 18387 250 21275.687 0 0
73750 2 9 4 0.048 0.353 0.15 0.796 0.179 249.384 17705 249.994 20925.38 0 0
73750 3 9 4 0.048 0.353 0.15 0.796 0.179 249.782 19152 249.999 20776.407 0 0
73750 4 9 4 0.048 0.353 0.15 0.796 0.179 250 21554 250 22824.48 0 0
73750 5 9 4 0.048 0.353 0.15 0.796 0.179 250 19405 250 21619.307 0 0
73750 1 9 4 0.094 0.464 0.325 0.768 0.961 0 0 0 0 1 1
73750 2 9 4 0.094 0.464 0.325 0.768 0.961 0 0 0 0 1 1
73750 3 9 4 0.094 0.464 0.325 0.768 0.961 0 0 0 0 1 1
73750 4 9 4 0.094 0.464 0.325 0.768 0.961 0 0 0 0 1 1
73750 5 9 4 0.094 0.464 0.325 0.768 0.961 1.034 0 5.553 1.92 0.533 1
73750 1 9 4 0.1 0.107 0.219 0.834 0.484 0 0 0 0 1 1
73750 2 9 4 0.1 0.107 0.219 0.834 0.484 0 0 0 0 1 1
73750 3 9 4 0.1 0.107 0.219 0.834 0.484 11.226 3 22.095 83.98 0 0.107
73750 4 9 4 0.1 0.107 0.219 0.834 0.484 0 0 0 0 1 1
73750 5 9 4 0.1 0.107 0.219 0.834 0.484 27.655 22 35.011 152.967 0 0
73750 1 9 4 0.059 0.086 0.156 0.797 0.347 169.386 2235 178.921 3316.773 0 0
73750 2 9 4 0.059 0.086 0.156 0.797 0.347 169.716 1046 177.115 2320.473 0 0
73750 3 9 4 0.059 0.086 0.156 0.797 0.347 153.41 1449 168.114 2066.813 0 0
73750 4 9 4 0.059 0.086 0.156 0.797 0.347 166.122 787 172.939 1399.693 0 0
73750 5 9 4 0.059 0.086 0.156 0.797 0.347 160.007 1499 167.829 2316.36 0 0
73750 1 9 4 0.027 0.228 0.214 0.863 0.863 0 0 0 0 1 1
73750 2 9 4 0.027 0.228 0.214 0.863 0.863 0 0 0 0 1 1
73750 3 9 4 0.027 0.228 0.214 0.863 0.863 21.434 2 30.173 93.467 0 0.053
73750 4 9 4 0.027 0.228 0.214 0.863 0.863 0 0 0 0 1 1
73750 5 9 4 0.027 0.228 0.214 0.863 0.863 0 0 0 0 1 1
73750 1 9 4 0.012 0.347 0.117 0.938 0.739 85.93 118 96.406 376.947 0 0
73750 2 9 4 0.012 0.347 0.117 0.938 0.739 0 0 0 0 1 1
73750 3 9 4 0.012 0.347 0.117 0.938 0.739 76.522 41 82.911 397.913 0 0
73750 4 9 4 0.012 0.347 0.117 0.938 0.739 103.061 82 109.2 385.9 0 0
73750 5 9 4 0.012 0.347 0.117 0.938 0.739 87.513 62 98.706 361.207 0 0
73750 1 9 4 0.053 0.116 0.091 0.817 0.919 0 0 0 0 1 1
73750 2 9 4 0.053 0.116 0.091 0.817 0.919 28.442 23 33.692 98.893 0 0
73750 3 9 4 0.053 0.116 0.091 0.817 0.919 0 0 0 0 1 1
73750 4 9 4 0.053 0.116 0.091 0.817 0.919 0 0 0 0 1 1
73750 5 9 4 0.053 0.116 0.091 0.817 0.919 19.519 9 24.594 90.767 0 0.013
73750 1 9 4 0.012 0.408 0.182 0.973 0.075 250 21655 250 22347.927 0 0
73750 2 9 4 0.012 0.408 0.182 0.973 0.075 248.43 17416 249.953 20241.567 0 0
73750 3 9 4 0.012 0.408 0.182 0.973 0.075 250 20480 250 21056.467 0 0
73750 4 9 4 0.012 0.408 0.182 0.973 0.075 250 20696 250 22686.86 0 0
73750 5 9 4 0.012 0.408 0.182 0.973 0.075 249 18225 249.975 20053.333 0 0
73750 1 9 4 0.081 0.048 0.191 0.835 0.318 0 0 0 0 1 1
73750 2 9 4 0.081 0.048 0.191 0.835 0.318 0 0 0 0 1 1
73750 3 9 4 0.081 0.048 0.191 0.835 0.318 0 0 0 0 1 1
73750 4 9 4 0.081 0.048 0.191 0.835 0.318 0 0 0 0 1 1
73750 5 9 4 0.081 0.048 0.191 0.835 0.318 0 0 0 0 1 1
73750 1 9 4 0.017 0.475 0.161 0.882 0.543 248 13269 249.82 16051.693 0 0
73750 2 9 4 0.017 0.475 0.161 0.882 0.543 248.739 15390 249.912 17278.58 0 0
73750 3 9 4 0.017 0.475 0.161 0.882 0.543 247.782 12112 249.816 16383.513 0 0
73750 4 9 4 0.017 0.475 0.161 0.882 0.543 248.116 15397 249.893 17194.893 0 0
73750 5 9 4 0.017 0.475 0.161 0.882 0.543 248 12478 249.888 16133.473 0 0
73750 1 9 4 0.016 0.469 0.435 0.836 0.273 245.392 8671 249.2 12647.18 0 0
73750 2 9 4 0.016 0.469 0.435 0.836 0.273 247 10570 249.572 14087.793 0 0
73750 3 9 4 0.016 0.469 0.435 0.836 0.273 241.824 8302 248.33 11694.54 0 0
73750 4 9 4 0.016 0.469 0.435 0.836 0.273 247.547 9400 249.665 14134.433 0 0
73750 5 9 4 0.016 0.469 0.435 0.836 0.273 244 6616 248.412 11052.78 0 0
73750 1 9 4 0.022 0.264 0.114 0.978 0.241 250 21379 250 22477.907 0 0
73750 2 9 4 0.022 0.264 0.114 0.978 0.241 250 19636 250 21758.307 0 0
73750 3 9 4 0.022 0.264 0.114 0.978 0.241 250 20633 250 21702.887 0 0
73750 4 9 4 0.022 0.264 0.114 0.978 0.241 250 22413 250 23640.4 0 0
73750 5 9 4 0.022 0.264 0.114 0.978 0.241 249.824 17600 249.998 19709.633 0 0
73750 1 9 4 0.028 0.496 0.207 0.987 0.908 25.239 4 32.502 74.513 0 0.093
73750 2 9 4 0.028 0.496 0.207 0.987 0.908 0 0 0 0 1 1
73750 3 9 4 0.028 0.496 0.207 0.987 0.908 0 0 0 0 1 1
73750 4 9 4 0.028 0.496 0.207 0.987 0.908 12.931 0 18.436 9.233 0 0.74
73750 5 9 4 0.028 0.496 0.207 0.987 0.908 0 0 0 0 1 1
73750 1 9 4 0.019 0.448 0.474 0.953 0.476 0 0 0 0 1 1
73750 2 9 4 0.019 0.448 0.474 0.953 0.476 17.057 10 24.332 96.88 0 0
73750 3 9 4 0.019 0.448 0.474 0.953 0.476 0 0 0 0 1 1
73750 4 9 4 0.019 0.448 0.474 0.953 0.476 0 0 0 0 1 1
73750 5 9 4 0.019 0.448 0.474 0.953 0.476 12.024 11 22.619 111.5 0 0
73750 1 9 4 0.021 0.32 0.259 0.754 0.143 250 18524 250 20281.747 0 0
73750 1 9 4 0.105 0.002 0.219 0.872 0.374 0 0 0 0 1 1
73750 2 9 4 0.105 0.002 0.219 0.872 0.374 0 0 0 0 1 1
73750 3 9 4 0.105 0.002 0.219 0.872 0.374 0 0 0 0 1 1
73750 4 9 4 0.105 0.002 0.219 0.872 0.374 0 0 0 0 1 1
73750 5 9 4 0.105 0.002 0.219 0.872 0.374 21.772 18 27.104 108.287 0 0
73750 1 9 4 0.001 0.347 0.283 0.796 0.798 0 0 0 0 1 1
73750 2 9 4 0.001 0.347 0.283 0.796 0.798 0 0 0 0 1 1
73750 3 9 4 0.001 0.347 0.283 0.796 0.798 21.022 8 26.944 91.213 0 0.007
73750 4 9 4 0.001 0.347 0.283 0.796 0.798 0 0 0 0 1 1
73750 5 9 4 0.001 0.347 0.283 0.796 0.798 20.862 13 30.124 102.94 0 0
73750 1 9 4 0.054 0.476 0.467 0.785 0.26 246.676 11331 249.481 14932.653 0 0
73750 2 9 4 0.054 0.476 0.467 0.785 0.26 247 11304 249.775 15345.327 0 0
73750 3 9 4 0.054 0.476 0.467 0.785 0.26 245.582 11315 249.538 14195.473 0 0
73750 4 9 4 0.054 0.476 0.467 0.785 0.26 247.521 13542 249.849 16294.053 0 0
73750 5 9 4 0.054 0.476 0.467 0.785 0.26 246.111 8800 249.473 13844.18 0 0
73750 1 9 4 0.085 0.191 0.181 0.834 0.083 250 22020 250 24051.267 0 0
73750 2 9 4 0.085 0.191 0.181 0.834 0.083 250 20266 250 21660.547 0 0
73750 3 9 4 0.085 0.191 0.181 0.834 0.083 250 21358 250 23020.853 0 0
73750 4 9 4 0.085 0.191 0.181 0.834 0.083 250 17489 250 19797.987 0 0
73750 5 9 4 0.085 0.191 0.181 0.834 0.083 250 18521 250 20439.113 0 0
73750 1 9 4 0.07 0.291 0.314 0.883 0.563 0 0 0 0 1 1
73750 2 9 4 0.07 0.291 0.314 0.883 0.563 45.009 4 56.227 177.953 0 0.053
73750 3 9 4 0.07 0.291 0.314 0.883 0.563 32.615 20 44.375 147.7 0 0
73750 4 9 4 0.07 0.291 0.314 0.883 0.563 30.453 11 40.269 153.38 0 0
73750 5 9 4 0.07 0.291 0.314 0.883 0.563 48.187 15 53.527 228.08 0 0
73750 1 9 4 0.078 0.014 0.001 0.831 0.4 0 0 0 0 1 1
73750 2 9 4 0.078 0.014 0.001 0.831 0.4 12.663 6 24.452 91.84 0 0.047
73750 3 9 4 0.078 0.014 0.001 0.831 0.4 0 0 0 0 1 1
73750 4 9 4 0.078 0.014 0.001 0.831 0.4 26.113 15 30.89 103.887 0 0
73750 5 9 4 0.078 0.014 0.001 0.831 0.4 0 0 0 0 1 1
73750 1 9 4 0.005 0.349 0.496 0.768 0.893 0 0 0 0 1 1
73750 2 9 4 0.005 0.349 0.496 0.768 0.893 0 0 0 0 1 1
73750 3 9 4 0.005 0.349 0.496 0.768 0.893 23.207 10 29.573 82.247 0 0
73750 4 9 4 0.005 0.349 0.496 0.768 0.893 15.671 6 26.682 90.78 0 0.013
73750 5 9 4 0.005 0.349 0.496 0.768 0.893 0 0 0 0 1 1
73750 1 9 4 0.065 0.447 0.1 0.934 0.625 247.901 15765 249.932 18010.953 0 0
73750 2 9 4 0.065 0.447 0.1 0.934 0.625 249 15681 249.897 18468.853 0 0
73750 3 9 4 0.065 0.447 0.1 0.934 0.625 248 14217 249.87 16759.947 0 0
73750 4 9 4 0.065 0.447 0.1 0.934 0.625 248.624 13656 249.95 16587.393 0 0
73750 5 9 4 0.065 0.447 0.1 0.934 0.625 249 15041 249.992 17069.647 0 0
73750 1 9 4 0.093 0.322 0.115 0.949 0.697 234.338 4702 244.615 6719.673 0 0
73750 2 9 4 0.093 0.322 0.115 0.949 0.697 237.035 4925 242.579 6492.72 0 0
73750 3 9 4 0.093 0.322 0.115 0.949 0.697 234.777 4221 242.262 5830.3 0 0
73750 4 9 4 0.093 0.322 0.115 0.949 0.697 240.705 4617 245.833 6577.653 0 0
73750 1 9 4 0.057 0.292 0.104 0.889 0.229 250 17912 250 19016.493 0 0
73750 2 9 4 0.057 0.292 0.104 0.889 0.229 250 20309 250 21505.953 0 0
73750 3 9 4 0.057 0.292 0.104 0.889 0.229 250 21248 250 23072.993 0 0
73750 4 9 4 0.057 0.292 0.104 0.889 0.229 250 18751 250 20297.313 0 0
73750 5 9 4 0.057 0.292 0.104 0.889 0.229 249 17467 249.981 19589.247 0 0
73750 1 9 4 0.013 0.054 0.1 0.787 0.244 246.626 13867 249.52 17671.533 0 0
73750 2 9 4 0.013 0.054 0.1 0.787 0.244 248.824 13119 249.879 17853.687 0 0
73750 3 9 4 0.013 0.054 0.1 0.787 0.244 248.395 14755 249.958 18745.727 0 0
73750 4 9 4 0.013 0.054 0.1 0.787 0.244 249.149 13537 249.974 18682.567 0 0
73750 5 9 4 0.013 0.054 0.1 0.787 0.244 247.136 15238 249.723 17920 0 0
73750 1 9 4 0.113 0.096 0.162 0.846 0.474 4.083 3 13.678 57.24 0.053 0.1
73750 2 9 4 0.113 0.096 0.162 0.846 0.474 11.889 9 25.217 58.133 0 0.033
73750 3 9 4 0.113 0.096 0.162 0.846 0.474 0 0 0 0 1 1
73750 4 9 4 0.113 0.096 0.162 0.846 0.474 35.342 48 43.401 171.727 0 0
73750 5 9 4 0.113 0.096 0.162 0.846 0.474 9.784 10 16.631 81.54 0 0
73750 1 9 4 0.04 0.157 0.186 0.759 0.184 248 20016 249.948 21473.293 0 0
73750 2 9 4 0.04 0.157 0.186 0.759 0.184 250 18386 250 20000.587 0 0
73750 3 9 4 0.04 0.157 0.186 0.759 0.184 248.845 16193 249.946 18659.273 0 0
73750 4 9 4 0.04 0.157 0.186 0.759 0.184 249.61 14317 249.995 18142.58 0 0
73750 5 9 4 0.04 0.157 0.186 0.759 0.184 249.427 15721 249.986 18176.8 0 0
73750 1 9 4 0.061 0.206 0.446 0.89 0.48 0 0 0 0 1 1
73750 2 9 4 0.061 0.206 0.446 0.89 0.48 0 0 0 0 1 1
73750 3 9 4 0.061 0.206 0.446 0.89 0.48 22.949 3 29.369 103.567 0 0.053
73750 4 9 4 0.061 0.206 0.446 0.89 0.48 23.426 12 28.835 105.787 0 0
73750 5 9 4 0.061 0.206 0.446 0.89 0.48 18.962 12 26.155 88.04 0 0
73750 1 9 4 0.091 0.386 0.227 0.861 0.2 250 17388 250 18454.24 0 0
73750 2 9 4 0.091 0.386 0.227 0.861 0.2 250 18052 250 19676.313 0 0
73750 3 9 4 0.091 0.386 0.227 0.861 0.2 250 16626 250 19280.373 0 0
73750 4 9 4 0.091 0.386 0.227 0.861 0.2 250 20062 250 22188.38 0 0
73750 5 9 4 0.091 0.386 0.227 0.861 0.2 250 19371 250 20794.08 0 0
73750 1 9 4 0.062 0.135 0.042 0.861 0.839 37.597 16 42.705 105.7 0 0
73750 2 9 4 0.062 0.135 0.042 0.861 0.839 0 0 0 0 1 1
