43672 1 15 8 0 0.035 0.203 0.309 0.89 0.742 249.75 0 249.998 0 0 1
43672 2 15 8 0 0.035 0.203 0.309 0.89 0.742 250 0 250 0 0 1
43672 3 15 8 0 0.035 0.203 0.309 0.89 0.742 249.56 0 249.997 0 0 1
43672 4 15 8 0 0.035 0.203 0.309 0.89 0.742 250 0 250 0 0 1
43672 5 15 8 0 0.035 0.203 0.309 0.89 0.742 250 0 250 0 0 1
43672 6 15 8 0 0.035 0.203 0.309 0.89 0.742 250 0 250 0 0 1
43672 7 15 8 0 0.035 0.203 0.309 0.89 0.742 250 0 250 0 0 1
43672 8 15 8 0 0.035 0.203 0.309 0.89 0.742 250 0 250 0 0 1
43672 9 15 8 0 0.035 0.203 0.309 0.89 0.742 250 0 250 0 0 1
43672 10 15 8 0 0.035 0.203 0.309 0.89 0.742 250 0 250 0 0 1
43672 1 15 8 0 0.101 0.374 0.455 0.886 0.341 249.974 0 250 0 0 1
43672 2 15 8 0 0.101 0.374 0.455 0.886 0.341 249.949 0 250 0 0 1
43672 3 15 8 0 0.101 0.374 0.455 0.886 0.341 249.775 0 249.999 0 0 1
43672 4 15 8 0 0.101 0.374 0.455 0.886 0.341 250 0 250 0 0 1
43672 1 15 9 1 0.047 0.163 0.476 0.95 0.199 250 0 250 0 0 1
43672 2 15 9 1 0.047 0.163 0.476 0.95 0.199 250 0 250 0 0 1
43672 3 15 9 1 0.047 0.163 0.476 0.95 0.199 250 0 250 0 0 1
43672 4 15 9 1 0.047 0.163 0.476 0.95 0.199 250 0 250 0 0 1
43672 5 15 9 1 0.047 0.163 0.476 0.95 0.199 250 0 250 0 0 1
43672 6 15 9 1 0.047 0.163 0.476 0.95 0.199 250 0 250 0 0 1
43672 7 15 9 1 0.047 0.163 0.476 0.95 0.199 250 0 250 0 0 1
43672 8 15 9 1 0.047 0.163 0.476 0.95 0.199 250 0 250 0 0 1
43672 9 15 9 1 0.047 0.163 0.476 0.95 0.199 250 0 250 0 0 1
43672 10 15 9 1 0.047 0.163 0.476 0.95 0.199 250 0 250 0 0 1
43672 1 15 9 1 0.045 0.37 0.498 0.955 0.56 250 0 250 0 0 1
43672 2 15 9 1 0.045 0.37 0.498 0.955 0.56 250 0 250 0 0 1
43672 3 15 9 1 0.045 0.37 0.498 0.955 0.56 250 0 250 0 0 1
43672 4 15 9 1 0.045 0.37 0.498 0.955 0.56 250 0 250 0 0 1
43672 5 15 9 1 0.045 0.37 0.498 0.955 0.56 250 0 250 0 0 1
43672 6 15 9 1 0.045 0.37 0.498 0.955 0.56 249.753 0 249.998 0 0 1
43672 7 15 9 1 0.045 0.37 0.498 0.955 0.56 250 0 250 0 0 1
43672 8 15 9 1 0.045 0.37 0.498 0.955 0.56 250 0 250 0 0 1
43672 9 15 9 1 0.045 0.37 0.498 0.955 0.56 250 0 250 0 0 1
43672 10 15 9 1 0.045 0.37 0.498 0.955 0.56 250 0 250 0 0 1
43672 1 15 9 1 0.065 0.25 0.013 0.855 0.281 250 0 250 0 0 1
43672 1 15 7 0 0.041 0.329 0.36 0.873 0.567 250 0 250 0 0 1
43672 2 15 7 0 0.041 0.329 0.36 0.873 0.567 250 0 250 0 0 1
43672 3 15 7 0 0.041 0.329 0.36 0.873 0.567 249.822 0 249.997 0 0 1
43672 4 15 7 0 0.041 0.329 0.36 0.873 0.567 249.955 0 250 0 0 1
43672 5 15 7 0 0.041 0.329 0.36 0.873 0.567 249.926 0 250 0 0 1
43672 6 15 7 0 0.041 0.329 0.36 0.873 0.567 250 0 250 0 0 1
43672 7 15 7 0 0.041 0.329 0.36 0.873 0.567 250 0 250 0 0 1
43672 8 15 7 0 0.041 0.329 0.36 0.873 0.567 249.934 0 249.999 0 0 1
43672 9 15 7 0 0.041 0.329 0.36 0.873 0.567 249.914 0 249.999 0 0 1
43672 10 15 7 0 0.041 0.329 0.36 0.873 0.567 249.761 0 249.998 0 0 1
43672 1 15 7 0 0.114 0.132 0.144 0.938 0.01 244.042 1419 248.199 2206.433 0 0
43672 2 15 7 0 0.114 0.132 0.144 0.938 0.01 240.453 1458 247.227 2043.353 0 0
43672 3 15 7 0 0.114 0.132 0.144 0.938 0.01 243.403 1753 248.045 2206.313 0 0
43672 4 15 7 0 0.114 0.132 0.144 0.938 0.01 240.686 1291 247.474 1971.767 0 0
43672 5 15 7 0 0.114 0.132 0.144 0.938 0.01 243.887 1674 247.41 2221.587 0 0
43672 6 15 7 0 0.114 0.132 0.144 0.938 0.01 243.517 1738 247.694 2185.047 0 0
43672 7 15 7 0 0.114 0.132 0.144 0.938 0.01 243.145 1658 247.934 2218.807 0 0
43672 8 15 7 0 0.114 0.132 0.144 0.938 0.01 243.702 1605 248.138 2132.747 0 0
43672 9 15 7 0 0.114 0.132 0.144 0.938 0.01 244.672 1642 247.902 2176.633 0 0
43672 1 15 4 0 0.077 0.451 0.152 0.785 0.217 186.426 0 189.199 0 0 1
43672 2 15 4 0 0.077 0.451 0.152 0.785 0.217 196.328 0 199.023 0 0 1
43672 3 15 4 0 0.077 0.451 0.152 0.785 0.217 186.705 0 189.352 0 0 1
43672 4 15 4 0 0.077 0.451 0.152 0.785 0.217 197.382 0 199.438 0 0 1
43672 5 15 4 0 0.077 0.451 0.152 0.785 0.217 206.556 0 209.183 0 0 1
43672 6 15 4 0 0.077 0.451 0.152 0.785 0.217 196.277 0 198.947 0 0 1
43672 7 15 4 0 0.077 0.451 0.152 0.785 0.217 197.045 0 199.176 0 0 1
43672 8 15 4 0 0.077 0.451 0.152 0.785 0.217 206.74 0 209.3 0 0 1
43672 9 15 4 0 0.077 0.451 0.152 0.785 0.217 196.804 0 199.004 0 0 1
43672 10 15 4 0 0.077 0.451 0.152 0.785 0.217 207.562 0 209.261 0 0 1
43672 1 15 4 0 0.11 0.448 0.214 0.918 0.687 206.967 0 209.28 0 0 1
43672 2 15 4 0 0.11 0.448 0.214 0.918 0.687 187.417 0 189.431 0 0 1
43672 3 15 4 0 0.11 0.448 0.214 0.918 0.687 206.114 0 208.721 0 0 1
43672 4 15 4 0 0.11 0.448 0.214 0.918 0.687 204.333 0 207.985 0 0 1
43672 5 15 4 0 0.11 0.448 0.214 0.918 0.687 206.734 0 209.237 0 0 1
43672 6 15 4 0 0.11 0.448 0.214 0.918 0.687 207.037 0 209.126 0 0 1
43672 7 15 4 0 0.11 0.448 0.214 0.918 0.687 197.006 0 199.402 0 0 1
43672 8 15 4 0 0.11 0.448 0.214 0.918 0.687 197.1 0 199.373 0 0 1
43672 9 15 4 0 0.11 0.448 0.214 0.918 0.687 207.233 0 209.247 0 0 1
43672 10 15 4 0 0.11 0.448 0.214 0.918 0.687 206.663 0 209.006 0 0 1
43672 1 15 4 0 0.015 0.449 0.2 0.913 0.97 207.381 0 209.245 0 0 1
43672 2 15 4 0 0.015 0.449 0.2 0.913 0.97 207.03 0 209.369 0 0 1
43672 1 15 4 1 0.035 0.387 0.206 0.858 0.063 186.866 0 193.059 28.78 0 0.66
43672 2 15 4 1 0.035 0.387 0.206 0.858 0.063 190.243 0 197.704 30.187 0 0.607
43672 3 15 4 1 0.035 0.387 0.206 0.858 0.063 183.217 0 198.398 32.207 0 0.58
43672 4 15 4 1 0.035 0.387 0.206 0.858 0.063 189.576 0 197.145 27.22 0 0.527
43672 5 15 4 1 0.035 0.387 0.206 0.858 0.063 181.901 0 190.364 25.307 0 0.567
43672 6 15 4 1 0.035 0.387 0.206 0.858 0.063 192.052 1 199.862 33.993 0 0.633
43672 7 15 4 1 0.035 0.387 0.206 0.858 0.063 170.353 0 178.901 23.533 0 0.587
43672 8 15 4 1 0.035 0.387 0.206 0.858 0.063 187.482 0 197.162 25.307 0 0.64
43672 9 15 4 1 0.035 0.387 0.206 0.858 0.063 195.311 0 201.913 25.2 0 0.6
43672 10 15 4 1 0.035 0.387 0.206 0.858 0.063 185.724 0 197.223 29.053 0 0.633
43672 1 15 4 1 0.106 0.101 0.108 0.888 0.804 207.746 0 209.329 0 0 1
43672 2 15 4 1 0.106 0.101 0.108 0.888 0.804 207.189 0 209.313 0 0 1
43672 3 15 4 1 0.106 0.101 0.108 0.888 0.804 206.807 0 209.244 0 0 1
43672 4 15 4 1 0.106 0.101 0.108 0.888 0.804 206.52 0 209.271 0 0 1
43672 5 15 4 1 0.106 0.101 0.108 0.888 0.804 207.634 0 209.304 0 0 1
43672 6 15 4 1 0.106 0.101 0.108 0.888 0.804 207.161 0 209.28 0 0 1
43672 7 15 4 1 0.106 0.101 0.108 0.888 0.804 207.382 0 209.338 0 0 1
43672 8 15 4 1 0.106 0.101 0.108 0.888 0.804 206.284 0 209.149 0 0 1
43672 9 15 4 1 0.106 0.101 0.108 0.888 0.804 204.705 0 209.083 0 0 1
43672 10 15 4 1 0.106 0.101 0.108 0.888 0.804 197.286 0 199.239 0 0 1
43672 1 15 6 0 0.118 0.236 0.053 0.773 0.479 249.685 0 249.992 0 0 1
43672 2 15 6 0 0.118 0.236 0.053 0.773 0.479 249.298 0 249.994 0 0 1
43672 3 15 6 0 0.118 0.236 0.053 0.773 0.479 249.747 0 249.995 0 0 1
43672 4 15 6 0 0.118 0.236 0.053 0.773 0.479 249.826 0 249.997 0 0 1
43672 5 15 6 0 0.118 0.236 0.053 0.773 0.479 249.702 0 249.996 0 0 1
43672 6 15 6 0 0.118 0.236 0.053 0.773 0.479 249.866 0 249.998 0 0 1
43672 7 15 6 0 0.118 0.236 0.053 0.773 0.479 249.78 0 249.998 0 0 1
43672 8 15 6 0 0.118 0.236 0.053 0.773 0.479 249.413 0 249.991 0 0 1
43672 9 15 6 0 0.118 0.236 0.053 0.773 0.479 249.636 0 249.994 0 0 1
43672 10 15 6 0 0.118 0.236 0.053 0.773 0.479 249.907 0 249.999 0 0 1
43672 1 15 6 0 0.042 0.259 0.188 0.941 0.435 249.867 0 249.999 0 0 1
43672 2 15 6 0 0.042 0.259 0.188 0.941 0.435 249.73 0 249.998 0 0 1
43672 3 15 6 0 0.042 0.259 0.188 0.941 0.435 249.788 0 249.997 0 0 1
43672 4 15 6 0 0.042 0.259 0.188 0.941 0.435 249.654 0 249.995 0 0 1
43672 5 15 6 0 0.042 0.259 0.188 0.941 0.435 249.905 0 249.999 0 0 1
43672 6 15 6 0 0.042 0.259 0.188 0.941 0.435 249.696 0 249.997 0 0 1
43672 7 15 6 0 0.042 0.259 0.188 0.941 0.435 249.368 0 249.993 0 0 1
43672 8 15 6 0 0.042 0.259 0.188 0.941 0.435 249.735 0 249.994 0 0 1
43672 9 15 6 0 0.042 0.259 0.188 0.941 0.435 249.67 0 249.997 0 0 1
43672 10 15 6 0 0.042 0.259 0.188 0.941 0.435 249.685 0 249.996 0 0 1
43672 1 15 6 0 0.04 0.201 0.093 0.813 0.889 249.856 0 249.999 0 0 1
43672 2 15 6 0 0.04 0.201 0.093 0.813 0.889 249.557 0 249.983 0 0 1
43672 3 15 6 0 0.04 0.201 0.093 0.813 0.889 249.649 0 249.997 0 0 1
43672 1 15 5 1 0.099 0.337 0.046 0.905 0.442 248.691 0 249.884 0 0 1
43672 2 15 5 1 0.099 0.337 0.046 0.905 0.442 249.179 0 249.899 0 0 1
43672 3 15 5 1 0.099 0.337 0.046 0.905 0.442 249.018 0 249.914 0 0 1
43672 4 15 5 1 0.099 0.337 0.046 0.905 0.442 248.903 0 249.892 0 0 1
43672 5 15 5 1 0.099 0.337 0.046 0.905 0.442 249.159 0 249.931 0 0 1
43672 6 15 5 1 0.099 0.337 0.046 0.905 0.442 248.493 0 249.868 0 0 1
43672 7 15 5 1 0.099 0.337 0.046 0.905 0.442 248.925 0 249.846 0 0 1
43672 8 15 5 1 0.099 0.337 0.046 0.905 0.442 249.023 0 249.906 0 0 1
43672 9 15 5 1 0.099 0.337 0.046 0.905 0.442 248.629 0 249.902 0 0 1
43672 10 15 5 1 0.099 0.337 0.046 0.905 0.442 249.031 0 249.906 0 0 1
43672 1 15 5 1 0.105 0.255 0.489 0.888 0.101 249.195 0 249.904 0 0 1
43672 2 15 5 1 0.105 0.255 0.489 0.888 0.101 248.246 0 249.87 0 0 1
43672 3 15 5 1 0.105 0.255 0.489 0.888 0.101 248.766 0 249.888 0 0 1
43672 4 15 5 1 0.105 0.255 0.489 0.888 0.101 248.758 0 249.899 0 0 1
43672 5 15 5 1 0.105 0.255 0.489 0.888 0.101 248.807 0 249.859 0 0 1
43672 6 15 5 1 0.105 0.255 0.489 0.888 0.101 248.66 0 249.854 0 0 1
43672 7 15 5 1 0.105 0.255 0.489 0.888 0.101 247.895 0 249.851 0 0 1
43672 8 15 5 1 0.105 0.255 0.489 0.888 0.101 248.857 0 249.908 0 0 1
43672 9 15 5 1 0.105 0.255 0.489 0.888 0.101 249.023 0 249.896 0 0 1
43672 10 15 5 1 0.105 0.255 0.489 0.888 0.101 248.594 0 249.822 0 0 1
43672 1 15 5 1 0.093 0.334 0.019 0.889 0.626 248.82 0 249.906 0 0 1
43672 1 15 4 1 0.023 0.088 0.233 0.962 0.461 206.754 0 209.353 0 0 1
43672 2 15 4 1 0.023 0.088 0.233 0.962 0.461 206.886 0 209.311 0 0 1
43672 3 15 4 1 0.023 0.088 0.233 0.962 0.461 197.598 0 199.392 0 0 1
43672 4 15 4 1 0.023 0.088 0.233 0.962 0.461 205.968 0 209.243 0 0 1
43672 5 15 4 1 0.023 0.088 0.233 0.962 0.461 187.628 0 189.283 0 0 1
43672 6 15 4 1 0.023 0.088 0.233 0.962 0.461 207.38 0 209.205 0 0 1
43672 7 15 4 1 0.023 0.088 0.233 0.962 0.461 206.729 0 209.027 0 0 1
43672 8 15 4 1 0.023 0.088 0.233 0.962 0.461 206.111 0 209.09 0 0 1
43672 9 15 4 1 0.023 0.088 0.233 0.962 0.461 207.626 0 209.298 0 0 1
43672 10 15 4 1 0.023 0.088 0.233 0.962 0.461 207.675 0 209.417 0 0 1
43672 1 15 4 1 0.015 0.364 0.162 0.952 0.575 208.084 0 209.399 0 0 1
43672 2 15 4 1 0.015 0.364 0.162 0.952 0.575 207.019 0 209.323 0 0 1
43672 3 15 4 1 0.015 0.364 0.162 0.952 0.575 207.752 0 209.349 0 0 1
43672 4 15 4 1 0.015 0.364 0.162 0.952 0.575 207.341 0 209.151 0 0 1
43672 5 15 4 1 0.015 0.364 0.162 0.952 0.575 204.994 0 208.32 0 0 1
43672 6 15 4 1 0.015 0.364 0.162 0.952 0.575 207.178 0 209.328 0 0 1
43672 7 15 4 1 0.015 0.364 0.162 0.952 0.575 206.826 0 208.956 0 0 1
43672 8 15 4 1 0.015 0.364 0.162 0.952 0.575 203.321 0 207.62 0 0 1
43672 9 15 4 1 0.015 0.364 0.162 0.952 0.575 207.138 0 209.216 0 0 1
43672 10 15 4 1 0.015 0.364 0.162 0.952 0.575 206.316 0 209.228 0 0 1
43672 1 15 4 1 0.048 0.19 0.208 0.806 0.282 206.76 0 209.354 0 0 1
43672 1 15 10 0 0.048 0.396 0.063 0.86 0.129 249.836 0 249.999 0 0 1
43672 2 15 10 0 0.048 0.396 0.063 0.86 0.129 250 0 250 0 0 1
43672 3 15 10 0 0.048 0.396 0.063 0.86 0.129 250 0 250 0 0 1
43672 4 15 10 0 0.048 0.396 0.063 0.86 0.129 249.999 0 250 0 0 1
43672 5 15 10 0 0.048 0.396 0.063 0.86 0.129 250 0 250 0 0 1
43672 6 15 10 0 0.048 0.396 0.063 0.86 0.129 250 0 250 0 0 1
43672 7 15 10 0 0.048 0.396 0.063 0.86 0.129 250 0 250 0 0 1
43672 8 15 10 0 0.048 0.396 0.063 0.86 0.129 249.945 0 250 0 0 1
43672 9 15 10 0 0.048 0.396 0.063 0.86 0.129 250 0 250 0 0 1
43672 10 15 10 0 0.048 0.396 0.063 0.86 0.129 249.845 0 249.999 0 0 1
43672 1 15 10 0 0.026 0.361 0.332 0.766 0.391 250 0 250 0 0 1
43672 2 15 10 0 0.026 0.361 0.332 0.766 0.391 250 0 250 0 0 1
43672 3 15 10 0 0.026 0.361 0.332 0.766 0.391 250 0 250 0 0 1
43672 4 15 10 0 0.026 0.361 0.332 0.766 0.391 250 0 250 0 0 1
43672 5 15 10 0 0.026 0.361 0.332 0.766 0.391 250 0 250 0 0 1
43672 6 15 10 0 0.026 0.361 0.332 0.766 0.391 249.999 0 250 0 0 1
43672 7 15 10 0 0.026 0.361 0.332 0.766 0.391 250 0 250 0 0 1
43672 8 15 10 0 0.026 0.361 0.332 0.766 0.391 250 0 250 0 0 1
43672 9 15 10 0 0.026 0.361 0.332 0.766 0.391 250 0 250 0 0 1
43672 10 15 10 0 0.026 0.361 0.332 0.766 0.391 250 0 250 0 0 1
43672 1 15 10 0 0.078 0.108 0.286 0.75 0.82 250 0 250 0 0 1
43672 2 15 10 0 0.078 0.108 0.286 0.75 0.82 250 0 250 0 0 1
43672 1 15 8 1 0.083 0.442 0.378 0.986 0.196 250 0 250 0 0 1
43672 2 15 8 1 0.083 0.442 0.378 0.986 0.196 250 0 250 0 0 1
43672 3 15 8 1 0.083 0.442 0.378 0.986 0.196 250 0 250 0 0 1
43672 4 15 8 1 0.083 0.442 0.378 0.986 0.196 250 0 250 0 0 1
43672 5 15 8 1 0.083 0.442 0.378 0.986 0.196 250 0 250 0 0 1
43672 6 15 8 1 0.083 0.442 0.378 0.986 0.196 250 0 250 0 0 1
43672 7 15 8 1 0.083 0.442 0.378 0.986 0.196 250 0 250 0 0 1
43672 8 15 8 1 0.083 0.442 0.378 0.986 0.196 250 0 250 0 0 1
43672 9 15 8 1 0.083 0.442 0.378 0.986 0.196 250 0 250 0 0 1
43672 10 15 8 1 0.083 0.442 0.378 0.986 0.196 250 0 250 0 0 1
43672 1 15 8 1 0.01 0.354 0.296 0.94 0.999 250 0 250 0 0 1
43672 2 15 8 1 0.01 0.354 0.296 0.94 0.999 250 0 250 0 0 1
43672 3 15 8 1 0.01 0.354 0.296 0.94 0.999 249.946 0 250 0 0 1
43672 4 15 8 1 0.01 0.354 0.296 0.94 0.999 250 0 250 0 0 1
43672 5 15 8 1 0.01 0.354 0.296 0.94 0.999 250 0 250 0 0 1
43672 6 15 8 1 0.01 0.354 0.296 0.94 0.999 250 0 250 0 0 1
43672 7 15 8 1 0.01 0.354 0.296 0.94 0.999 250 0 250 0 0 1
43672 8 15 8 1 0.01 0.354 0.296 0.94 0.999 250 0 250 0 0 1
43672 9 15 8 1 0.01 0.354 0.296 0.94 0.999 250 0 250 0 0 1
43672 10 15 8 1 0.01 0.354 0.296 0.94 0.999 250 0 250 0 0 1
43672 1 15 8 1 0.031 0.365 0.009 0.912 0.407 250 0 250 0 0 1
43672 1 15 4 1 0.116 0.368 0.391 0.766 0.047 190.469 0 200.328 31.907 0 0.627
43672 2 15 4 1 0.116 0.368 0.391 0.766 0.047 182.241 0 196.186 29.407 0 0.647
43672 3 15 4 1 0.116 0.368 0.391 0.766 0.047 180.56 2 192.167 35.033 0 0.613
43672 4 15 4 1 0.116 0.368 0.391 0.766 0.047 182.748 1 193.425 24.087 0 0.653
43672 5 15 4 1 0.116 0.368 0.391 0.766 0.047 185.479 0 195.373 25.893 0 0.64
43672 6 15 4 1 0.116 0.368 0.391 0.766 0.047 195.348 0 202.76 31.613 0 0.527
43672 7 15 4 1 0.116 0.368 0.391 0.766 0.047 184.041 0 192.416 27.587 0 0.62
43672 8 15 4 1 0.116 0.368 0.391 0.766 0.047 196.541 0 201.454 24.313 0 0.607
43672 9 15 4 1 0.116 0.368 0.391 0.766 0.047 187.836 0 197.583 29.52 0 0.62
43672 10 15 4 1 0.116 0.368 0.391 0.766 0.047 180.339 0 198.737 28.84 0 0.627
43672 1 15 4 1 0.067 0.378 0.487 0.769 0.781 197.648 0 199.329 0 0 1
43672 2 15 4 1 0.067 0.378 0.487 0.769 0.781 204.344 0 208.683 0 0 1
43672 3 15 4 1 0.067 0.378 0.487 0.769 0.781 206.874 0 209.174 0 0 1
43672 4 15 4 1 0.067 0.378 0.487 0.769 0.781 207.067 0 209.096 0 0 1
43672 5 15 4 1 0.067 0.378 0.487 0.769 0.781 205.808 0 209.023 0 0 1
43672 6 15 4 1 0.067 0.378 0.487 0.769 0.781 207.473 0 209.253 0 0 1
43672 7 15 4 1 0.067 0.378 0.487 0.769 0.781 207.155 0 209.289 0 0 1
43672 8 15 4 1 0.067 0.378 0.487 0.769 0.781 207.432 0 209.337 0 0 1
43672 9 15 4 1 0.067 0.378 0.487 0.769 0.781 206.89 0 209.293 0 0 1
43672 10 15 4 1 0.067 0.378 0.487 0.769 0.781 197.121 0 199.328 0 0 1
43672 1 15 6 0 0.042 0.345 0.037 0.789 0.037 242.078 1227 246.023 1864.693 0 0
43672 2 15 6 0 0.042 0.345 0.037 0.789 0.037 242.109 1356 246.516 1803.487 0 0
43672 3 15 6 0 0.042 0.345 0.037 0.789 0.037 241.078 1037 246.898 1906.093 0 0
43672 4 15 6 0 0.042 0.345 0.037 0.789 0.037 241.141 1099 246.606 1735.653 0 0
43672 5 15 6 0 0.042 0.345 0.037 0.789 0.037 243.326 1039 246.802 1840.967 0 0
43672 6 15 6 0 0.042 0.345 0.037 0.789 0.037 242.38 1098 246.993 1799.753 0 0
43672 7 15 6 0 0.042 0.345 0.037 0.789 0.037 242.183 1189 246.851 1847.753 0 0
43672 8 15 6 0 0.042 0.345 0.037 0.789 0.037 242.4 1192 246.588 1831.033 0 0
43672 9 15 6 0 0.042 0.345 0.037 0.789 0.037 241.736 899 246.398 1857.84 0 0
43672 10 15 6 0 0.042 0.345 0.037 0.789 0.037 242.991 747 246.688 1720.893 0 0
43672 1 15 6 0 0.115 0.164 0.02 0.815 0.718 249.973 0 250 0 0 1
43672 2 15 6 0 0.115 0.164 0.02 0.815 0.718 249.728 0 249.994 0 0 1
43672 3 15 6 0 0.115 0.164 0.02 0.815 0.718 249.907 0 249.999 0 0 1
43672 4 15 6 0 0.115 0.164 0.02 0.815 0.718 249.857 0 249.997 0 0 1
43672 5 15 6 0 0.115 0.164 0.02 0.815 0.718 249.996 0 250 0 0 1
43672 6 15 6 0 0.115 0.164 0.02 0.815 0.718 249.938 0 249.999 0 0 1
43672 7 15 6 0 0.115 0.164 0.02 0.815 0.718 249.658 0 249.997 0 0 1
43672 8 15 6 0 0.115 0.164 0.02 0.815 0.718 249.67 0 249.997 0 0 1
43672 9 15 6 0 0.115 0.164 0.02 0.815 0.718 249.657 0 249.994 0 0 1
43672 1 15 10 0 0.07 0.144 0.47 0.797 0.558 250 0 250 0 0 1
43672 2 15 10 0 0.07 0.144 0.47 0.797 0.558 250 0 250 0 0 1
43672 3 15 10 0 0.07 0.144 0.47 0.797 0.558 250 0 250 0 0 1
43672 4 15 10 0 0.07 0.144 0.47 0.797 0.558 250 0 250 0 0 1
43672 5 15 10 0 0.07 0.144 0.47 0.797 0.558 250 0 250 0 0 1
43672 6 15 10 0 0.07 0.144 0.47 0.797 0.558 250 0 250 0 0 1
43672 7 15 10 0 0.07 0.144 0.47 0.797 0.558 250 0 250 0 0 1
43672 8 15 10 0 0.07 0.144 0.47 0.797 0.558 250 0 250 0 0 1
43672 9 15 10 0 0.07 0.144 0.47 0.797 0.558 250 0 250 0 0 1
43672 10 15 10 0 0.07 0.144 0.47 0.797 0.558 250 0 250 0 0 1
43672 1 15 10 0 0.006 0.079 0.002 0.836 0.551 250 0 250 0 0 1
43672 2 15 10 0 0.006 0.079 0.002 0.836 0.551 250 0 250 0 0 1
43672 3 15 10 0 0.006 0.079 0.002 0.836 0.551 250 0 250 0 0 1
43672 4 15 10 0 0.006 0.079 0.002 0.836 0.551 250 0 250 0 0 1
43672 5 15 10 0 0.006 0.079 0.002 0.836 0.551 250 0 250 0 0 1
43672 6 15 10 0 0.006 0.079 0.002 0.836 0.551 250 0 250 0 0 1
43672 7 15 10 0 0.006 0.079 0.002 0.836 0.551 250 0 250 0 0 1
43672 8 15 10 0 0.006 0.079 0.002 0.836 0.551 250 0 250 0 0 1
43672 9 15 10 0 0.006 0.079 0.002 0.836 0.551 250 0 250 0 0 1
43672 10 15 10 0 0.006 0.079 0.002 0.836 0.551 250 0 250 0 0 1
43672 1 15 10 0 0.026 0.493 0.19 0.861 0.119 250 0 250 0 0 1
43672 2 15 10 0 0.026 0.493 0.19 0.861 0.119 250 0 250 0 0 1
43672 3 15 10 0 0.026 0.493 0.19 0.861 0.119 250 0 250 0 0 1
43672 1 15 9 1 0.005 0.377 0.427 0.8 0.351 250 0 250 0 0 1
43672 2 15 9 1 0.005 0.377 0.427 0.8 0.351 250 0 250 0 0 1
43672 3 15 9 1 0.005 0.377 0.427 0.8 0.351 250 0 250 0 0 1
43672 4 15 9 1 0.005 0.377 0.427 0.8 0.351 250 0 250 0 0 1
43672 5 15 9 1 0.005 0.377 0.427 0.8 0.351 250 0 250 0 0 1
43672 6 15 9 1 0.005 0.377 0.427 0.8 0.351 250 0 250 0 0 1
43672 7 15 9 1 0.005 0.377 0.427 0.8 0.351 250 0 250 0 0 1
43672 8 15 9 1 0.005 0.377 0.427 0.8 0.351 250 0 250 0 0 1
43672 9 15 9 1 0.005 0.377 0.427 0.8 0.351 250 0 250 0 0 1
43672 10 15 9 1 0.005 0.377 0.427 0.8 0.351 250 0 250 0 0 1
43672 1 15 9 1 0.059 0.175 0.15 0.91 0.408 250 0 250 0 0 1
43672 2 15 9 1 0.059 0.175 0.15 0.91 0.408 250 0 250 0 0 1
43672 3 15 9 1 0.059 0.175 0.15 0.91 0.408 250 0 250 0 0 1
43672 4 15 9 1 0.059 0.175 0.15 0.91 0.408 250 0 250 0 0 1
43672 5 15 9 1 0.059 0.175 0.15 0.91 0.408 250 0 250 0 0 1
43672 6 15 9 1 0.059 0.175 0.15 0.91 0.408 250 0 250 0 0 1
43672 7 15 9 1 0.059 0.175 0.15 0.91 0.408 250 0 250 0 0 1
43672 8 15 9 1 0.059 0.175 0.15 0.91 0.408 249.99 0 250 0 0 1
43672 9 15 9 1 0.059 0.175 0.15 0.91 0.408 250 0 250 0 0 1
43672 10 15 9 1 0.059 0.175 0.15 0.91 0.408 250 0 250 0 0 1
43672 1 15 9 1 0.042 0.015 0.204 0.918 0.618 250 0 250 0 0 1
43672 1 15 6 1 0.034 0.126 0.242 0.822 0.13 249.517 0 249.986 0 0 1
43672 2 15 6 1 0.034 0.126 0.242 0.822 0.13 249.533 0 249.992 0 0 1
43672 3 15 6 1 0.034 0.126 0.242 0.822 0.13 249.876 0 249.998 0 0 1
43672 4 15 6 1 0.034 0.126 0.242 0.822 0.13 249.618 0 249.995 0 0 1
43672 5 15 6 1 0.034 0.126 0.242 0.822 0.13 249.855 0 249.998 0 0 1
43672 6 15 6 1 0.034 0.126 0.242 0.822 0.13 249.638 0 249.995 0 0 1
43672 7 15 6 1 0.034 0.126 0.242 0.822 0.13 249.698 0 249.996 0 0 1
43672 8 15 6 1 0.034 0.126 0.242 0.822 0.13 249.371 0 249.987 0 0 1
43672 9 15 6 1 0.034 0.126 0.242 0.822 0.13 249.698 0 249.996 0 0 1
43672 10 15 6 1 0.034 0.126 0.242 0.822 0.13 249.63 0 249.994 0 0 1
43672 1 15 6 1 0.092 0.25 0.132 0.968 0.323 249.782 0 249.997 0 0 1
43672 2 15 6 1 0.092 0.25 0.132 0.968 0.323 249.313 0 249.985 0 0 1
43672 3 15 6 1 0.092 0.25 0.132 0.968 0.323 249.742 0 249.998 0 0 1
43672 4 15 6 1 0.092 0.25 0.132 0.968 0.323 249.696 0 249.995 0 0 1
43672 5 15 6 1 0.092 0.25 0.132 0.968 0.323 249.772 0 249.996 0 0 1
43672 6 15 6 1 0.092 0.25 0.132 0.968 0.323 249.471 0 249.993 0 0 1
43672 7 15 6 1 0.092 0.25 0.132 0.968 0.323 249.445 0 249.992 0 0 1
43672 8 15 6 1 0.092 0.25 0.132 0.968 0.323 249.778 0 249.996 0 0 1
43672 9 15 6 1 0.092 0.25 0.132 0.968 0.323 249.863 0 249.997 0 0 1
43672 10 15 6 1 0.092 0.25 0.132 0.968 0.323 249.75 0 249.996 0 0 1
43672 1 15 6 1 0.006 0.097 0.439 0.941 0.875 249.705 0 249.994 0 0 1
43672 1 15 7 0 0.07 0.474 0.412 0.862 0.981 249.909 0 249.999 0 0 1
43672 2 15 7 0 0.07 0.474 0.412 0.862 0.981 250 0 250 0 0 1
43672 3 15 7 0 0.07 0.474 0.412 0.862 0.981 249.934 0 250 0 0 1
43672 4 15 7 0 0.07 0.474 0.412 0.862 0.981 249.929 0 249.999 0 0 1
43672 5 15 7 0 0.07 0.474 0.412 0.862 0.981 249.93 0 249.999 0 0 1
43672 6 15 7 0 0.07 0.474 0.412 0.862 0.981 250 0 250 0 0 1
43672 7 15 7 0 0.07 0.474 0.412 0.862 0.981 250 0 250 0 0 1
43672 8 15 7 0 0.07 0.474 0.412 0.862 0.981 250 0 250 0 0 1
43672 9 15 7 0 0.07 0.474 0.412 0.862 0.981 249.92 0 249.999 0 0 1
43672 10 15 7 0 0.07 0.474 0.412 0.862 0.981 249.918 0 249.999 0 0 1
43672 1 15 7 0 0.05 0.358 0.137 0.865 0.01 244.87 1845 248.11 2233.24 0 0
43672 2 15 7 0 0.05 0.358 0.137 0.865 0.01 244.466 1766 248.221 2170.02 0 0
43672 3 15 7 0 0.05 0.358 0.137 0.865 0.01 244.955 1985 247.97 2300.76 0 0
43672 4 15 7 0 0.05 0.358 0.137 0.865 0.01 243.895 1914 247.934 2255.487 0 0
43672 5 15 7 0 0.05 0.358 0.137 0.865 0.01 244 1937 248.023 2375.127 0 0
43672 6 15 7 0 0.05 0.358 0.137 0.865 0.01 245.141 1920 248.405 2272.5 0 0
43672 7 15 7 0 0.05 0.358 0.137 0.865 0.01 244.003 1967 247.643 2332.32 0 0
43672 8 15 7 0 0.05 0.358 0.137 0.865 0.01 243.068 1811 246.932 2277.34 0 0
43672 1 15 8 1 0.104 0.321 0.165 0.833 0.063 248.138 0 249.884 27.273 0 0.687
43672 2 15 8 1 0.104 0.321 0.165 0.833 0.063 246.787 0 249.708 33.013 0 0.647
43672 3 15 8 1 0.104 0.321 0.165 0.833 0.063 247.099 0 249.808 39.593 0 0.66
43672 4 15 8 1 0.104 0.321 0.165 0.833 0.063 247.303 0 249.662 38.207 0 0.693
43672 5 15 8 1 0.104 0.321 0.165 0.833 0.063 247.845 0 249.804 25.513 0 0.713
43672 6 15 8 1 0.104 0.321 0.165 0.833 0.063 247.079 0 249.804 33.247 0 0.707
43672 7 15 8 1 0.104 0.321 0.165 0.833 0.063 248 0 249.784 41.387 0 0.673
43672 8 15 8 1 0.104 0.321 0.165 0.833 0.063 248.248 0 249.833 33.32 0 0.62
43672 9 15 8 1 0.104 0.321 0.165 0.833 0.063 247.459 0 249.848 33.24 0 0.667
43672 10 15 8 1 0.104 0.321 0.165 0.833 0.063 248.765 0 249.877 33.567 0 0.7
43672 1 15 8 1 0.071 0.147 0.149 0.911 0.203 250 0 250 0 0 1
43672 2 15 8 1 0.071 0.147 0.149 0.911 0.203 250 0 250 0 0 1
43672 3 15 8 1 0.071 0.147 0.149 0.911 0.203 250 0 250 0 0 1
43672 4 15 8 1 0.071 0.147 0.149 0.911 0.203 250 0 250 0 0 1
43672 5 15 8 1 0.071 0.147 0.149 0.911 0.203 250 0 250 0 0 1
43672 6 15 8 1 0.071 0.147 0.149 0.911 0.203 249.916 0 249.999 0 0 1
43672 7 15 8 1 0.071 0.147 0.149 0.911 0.203 250 0 250 0 0 1
43672 1 15 9 1 0.077 0.181 0.423 0.955 0.722 250 0 250 0 0 1
43672 2 15 9 1 0.077 0.181 0.423 0.955 0.722 249.606 0 249.997 0 0 1
43672 3 15 9 1 0.077 0.181 0.423 0.955 0.722 250 0 250 0 0 1
43672 4 15 9 1 0.077 0.181 0.423 0.955 0.722 250 0 250 0 0 1
43672 5 15 9 1 0.077 0.181 0.423 0.955 0.722 250 0 250 0 0 1
43672 6 15 9 1 0.077 0.181 0.423 0.955 0.722 250 0 250 0 0 1
43672 7 15 9 1 0.077 0.181 0.423 0.955 0.722 250 0 250 0 0 1
43672 8 15 9 1 0.077 0.181 0.423 0.955 0.722 250 0 250 0 0 1
43672 9 15 9 1 0.077 0.181 0.423 0.955 0.722 250 0 250 0 0 1
43672 10 15 9 1 0.077 0.181 0.423 0.955 0.722 250 0 250 0 0 1
43672 1 15 9 1 0.061 0.437 0.481 0.772 0.95 250 0 250 0 0 1
43672 2 15 9 1 0.061 0.437 0.481 0.772 0.95 250 0 250 0 0 1
43672 3 15 9 1 0.061 0.437 0.481 0.772 0.95 249.825 0 249.999 0 0 1
43672 4 15 9 1 0.061 0.437 0.481 0.772 0.95 250 0 250 0 0 1
43672 5 15 9 1 0.061 0.437 0.481 0.772 0.95 250 0 250 0 0 1
43672 6 15 9 1 0.061 0.437 0.481 0.772 0.95 250 0 250 0 0 1
43672 7 15 9 1 0.061 0.437 0.481 0.772 0.95 250 0 250 0 0 1
43672 8 15 9 1 0.061 0.437 0.481 0.772 0.95 250 0 250 0 0 1
43672 9 15 9 1 0.061 0.437 0.481 0.772 0.95 250 0 250 0 0 1
43672 1 15 3 0 0.048 0.402 0.008 0.912 0.07 0 0 0 0 1 1
43672 2 15 3 0 0.048 0.402 0.008 0.912 0.07 0 0 0 0 1 1
43672 3 15 3 0 0.048 0.402 0.008 0.912 0.07 0 0 0 0 1 1
43672 4 15 3 0 0.048 0.402 0.008 0.912 0.07 0 0 0 0 1 1
43672 5 15 3 0 0.048 0.402 0.008 0.912 0.07 0 0 0 0 1 1
43672 6 15 3 0 0.048 0.402 0.008 0.912 0.07 0 0 0 0 1 1
43672 7 15 3 0 0.048 0.402 0.008 0.912 0.07 0 0 0 0 1 1
43672 8 15 3 0 0.048 0.402 0.008 0.912 0.07 0 0 0 0 1 1
43672 9 15 3 0 0.048 0.402 0.008 0.912 0.07 0 0 0 0 1 1
43672 10 15 3 0 0.048 0.402 0.008 0.912 0.07 0 0 0 0 1 1
43672 1 15 3 0 0.065 0.467 0.353 0.911 0.188 0 0 0 0 1 1
43672 2 15 3 0 0.065 0.467 0.353 0.911 0.188 0 0 0 0 1 1
43672 3 15 3 0 0.065 0.467 0.353 0.911 0.188 0 0 0 0 1 1
43672 4 15 3 0 0.065 0.467 0.353 0.911 0.188 0 0 0 0 1 1
43672 5 15 3 0 0.065 0.467 0.353 0.911 0.188 0 0 0 0 1 1
43672 6 15 3 0 0.065 0.467 0.353 0.911 0.188 0 0 0 0 1 1
43672 7 15 3 0 0.065 0.467 0.353 0.911 0.188 0 0 0 0 1 1
43672 8 15 3 0 0.065 0.467 0.353 0.911 0.188 0 0 0 0 1 1
43672 1 15 3 0 0.051 0.478 0.371 0.896 0.907 0 0 0 0 1 1
43672 2 15 3 0 0.051 0.478 0.371 0.896 0.907 0 0 0 0 1 1
43672 3 15 3 0 0.051 0.478 0.371 0.896 0.907 0 0 0 0 1 1
43672 4 15 3 0 0.051 0.478 0.371 0.896 0.907 0 0 0 0 1 1
43672 5 15 3 0 0.051 0.478 0.371 0.896 0.907 0 0 0 0 1 1
43672 6 15 3 0 0.051 0.478 0.371 0.896 0.907 0 0 0 0 1 1
43672 7 15 3 0 0.051 0.478 0.371 0.896 0.907 0 0 0 0 1 1
43672 8 15 3 0 0.051 0.478 0.371 0.896 0.907 0 0 0 0 1 1
43672 9 15 3 0 0.051 0.478 0.371 0.896 0.907 0 0 0 0 1 1
43672 10 15 3 0 0.051 0.478 0.371 0.896 0.907 0 0 0 0 1 1
43672 1 15 3 0 0.004 0.355 0.366 0.822 0.417 0 0 0 0 1 1
43672 2 15 3 0 0.004 0.355 0.366 0.822 0.417 0 0 0 0 1 1
43672 3 15 3 0 0.004 0.355 0.366 0.822 0.417 0 0 0 0 1 1
43672 4 15 3 0 0.004 0.355 0.366 0.822 0.417 0 0 0 0 1 1
43672 5 15 3 0 0.004 0.355 0.366 0.822 0.417 0 0 0 0 1 1
43672 6 15 3 0 0.004 0.355 0.366 0.822 0.417 0 0 0 0 1 1
43672 7 15 3 0 0.004 0.355 0.366 0.822 0.417 0 0 0 0 1 1
43672 8 15 3 0 0.004 0.355 0.366 0.822 0.417 0 0 0 0 1 1
43672 9 15 3 0 0.004 0.355 0.366 0.822 0.417 0 0 0 0 1 1
43672 10 15 3 0 0.004 0.355 0.366 0.822 0.417 0 0 0 0 1 1
43672 1 15 3 0 0.023 0.188 0.097 0.771 0.08 0 0 0 0 1 1
43672 2 15 3 0 0.023 0.188 0.097 0.771 0.08 0 0 0 0 1 1
43672 3 15 3 0 0.023 0.188 0.097 0.771 0.08 0 0 0 0 1 1
43672 1 15 7 0 0.037 0.167 0.4 0.95 0.598 249.475 0 249.996 0 0 1
43672 2 15 7 0 0.037 0.167 0.4 0.95 0.598 249.996 0 250 0 0 1
43672 3 15 7 0 0.037 0.167 0.4 0.95 0.598 250 0 250 0 0 1
43672 4 15 7 0 0.037 0.167 0.4 0.95 0.598 249.867 0 249.998 0 0 1
43672 5 15 7 0 0.037 0.167 0.4 0.95 0.598 250 0 250 0 0 1
43672 6 15 7 0 0.037 0.167 0.4 0.95 0.598 249.919 0 249.999 0 0 1
43672 7 15 7 0 0.037 0.167 0.4 0.95 0.598 249.97 0 250 0 0 1
43672 8 15 7 0 0.037 0.167 0.4 0.95 0.598 249.916 0 249.999 0 0 1
43672 9 15 7 0 0.037 0.167 0.4 0.95 0.598 249.973 0 250 0 0 1
43672 10 15 7 0 0.037 0.167 0.4 0.95 0.598 249.727 0 249.998 0 0 1
43672 1 15 7 0 0.043 0.306 0.386 0.81 0.339 250 0 250 0 0 1
43672 2 15 7 0 0.043 0.306 0.386 0.81 0.339 249.824 0 249.999 0 0 1
43672 3 15 7 0 0.043 0.306 0.386 0.81 0.339 249.926 0 250 0 0 1
43672 4 15 7 0 0.043 0.306 0.386 0.81 0.339 250 0 250 0 0 1
43672 5 15 7 0 0.043 0.306 0.386 0.81 0.339 250 0 250 0 0 1
43672 6 15 7 0 0.043 0.306 0.386 0.81 0.339 249.934 0 249.999 0 0 1
43672 7 15 7 0 0.043 0.306 0.386 0.81 0.339 249.949 0 250 0 0 1
43672 8 15 7 0 0.043 0.306 0.386 0.81 0.339 249.891 0 249.999 0 0 1
43672 9 15 7 0 0.043 0.306 0.386 0.81 0.339 249.898 0 249.999 0 0 1
43672 10 15 7 0 0.043 0.306 0.386 0.81 0.339 250 0 250 0 0 1
43672 1 15 7 0 0.028 0.401 0.101 0.769 0.568 250 0 250 0 0 1
43672 2 15 7 0 0.028 0.401 0.101 0.769 0.568 250 0 250 0 0 1
43672 3 15 7 0 0.028 0.401 0.101 0.769 0.568 249.669 0 249.997 0 0 1
43672 1 15 3 1 0.118 0.192 0.313 0.814 0.752 0 0 0 0 1 1
43672 2 15 3 1 0.118 0.192 0.313 0.814 0.752 0 0 0 0 1 1
43672 3 15 3 1 0.118 0.192 0.313 0.814 0.752 0 0 0 0 1 1
43672 4 15 3 1 0.118 0.192 0.313 0.814 0.752 0 0 0 0 1 1
43672 5 15 3 1 0.118 0.192 0.313 0.814 0.752 0 0 0 0 1 1
43672 6 15 3 1 0.118 0.192 0.313 0.814 0.752 0 0 0 0 1 1
43672 7 15 3 1 0.118 0.192 0.313 0.814 0.752 0 0 0 0 1 1
43672 8 15 3 1 0.118 0.192 0.313 0.814 0.752 0 0 0 0 1 1
43672 9 15 3 1 0.118 0.192 0.313 0.814 0.752 0 0 0 0 1 1
43672 10 15 3 1 0.118 0.192 0.313 0.814 0.752 0 0 0 0 1 1
43672 1 15 3 1 0.103 0.449 0.095 0.787 0.568 0 0 0 0 1 1
43672 2 15 3 1 0.103 0.449 0.095 0.787 0.568 0 0 0 0 1 1
43672 3 15 3 1 0.103 0.449 0.095 0.787 0.568 0 0 0 0 1 1
43672 4 15 3 1 0.103 0.449 0.095 0.787 0.568 0 0 0 0 1 1
43672 5 15 3 1 0.103 0.449 0.095 0.787 0.568 0 0 0 0 1 1
43672 6 15 3 1 0.103 0.449 0.095 0.787 0.568 0 0 0 0 1 1
43672 7 15 3 1 0.103 0.449 0.095 0.787 0.568 0 0 0 0 1 1
43672 8 15 3 1 0.103 0.449 0.095 0.787 0.568 0 0 0 0 1 1
43672 9 15 3 1 0.103 0.449 0.095 0.787 0.568 0 0 0 0 1 1
43672 10 15 3 1 0.103 0.449 0.095 0.787 0.568 0 0 0 0 1 1
43672 1 15 3 1 0.017 0.15 0.364 0.864 0.16 0 0 0 0 1 1
43672 2 15 3 1 0.017 0.15 0.364 0.864 0.16 0 0 0 0 1 1
43672 1 15 3 0 0.082 0.046 0.433 0.76 0.384 0 0 0 0 1 1
43672 2 15 3 0 0.082 0.046 0.433 0.76 0.384 0 0 0 0 1 1
43672 3 15 3 0 0.082 0.046 0.433 0.76 0.384 0 0 0 0 1 1
43672 4 15 3 0 0.082 0.046 0.433 0.76 0.384 0 0 0 0 1 1
43672 5 15 3 0 0.082 0.046 0.433 0.76 0.384 0 0 0 0 1 1
43672 6 15 3 0 0.082 0.046 0.433 0.76 0.384 0 0 0 0 1 1
43672 7 15 3 0 0.082 0.046 0.433 0.76 0.384 0 0 0 0 1 1
43672 8 15 3 0 0.082 0.046 0.433 0.76 0.384 0 0 0 0 1 1
43672 9 15 3 0 0.082 0.046 0.433 0.76 0.384 0 0 0 0 1 1
43672 10 15 3 0 0.082 0.046 0.433 0.76 0.384 0 0 0 0 1 1
43672 1 15 3 0 0.035 0.452 0.043 0.855 0.056 0 0 0 0 1 1
43672 2 15 3 0 0.035 0.452 0.043 0.855 0.056 0 0 0 0 1 1
43672 3 15 3 0 0.035 0.452 0.043 0.855 0.056 0 0 0 0 1 1
43672 4 15 3 0 0.035 0.452 0.043 0.855 0.056 0 0 0 0 1 1
43672 5 15 3 0 0.035 0.452 0.043 0.855 0.056 0 0 0 0 1 1
43672 6 15 3 0 0.035 0.452 0.043 0.855 0.056 0 0 0 0 1 1
43672 7 15 3 0 0.035 0.452 0.043 0.855 0.056 0 0 0 0 1 1
43672 8 15 3 0 0.035 0.452 0.043 0.855 0.056 0 0 0 0 1 1
43672 9 15 3 0 0.035 0.452 0.043 0.855 0.056 0 0 0 0 1 1
43672 10 15 3 0 0.035 0.452 0.043 0.855 0.056 0 0 0 0 1 1
43672 1 15 3 0 0.076 0.435 0.421 0.779 0.56 0 0 0 0 1 1
43672 2 15 3 0 0.076 0.435 0.421 0.779 0.56 0 0 0 0 1 1
43672 3 15 3 0 0.076 0.435 0.421 0.779 0.56 0 0 0 0 1 1
43672 1 15 8 1 0.007 0.332 0.224 0.984 0.393 250 0 250 0 0 1
43672 2 15 8 1 0.007 0.332 0.224 0.984 0.393 250 0 250 0 0 1
43672 3 15 8 1 0.007 0.332 0.224 0.984 0.393 250 0 250 0 0 1
43672 4 15 8 1 0.007 0.332 0.224 0.984 0.393 250 0 250 0 0 1
43672 5 15 8 1 0.007 0.332 0.224 0.984 0.393 250 0 250 0 0 1
43672 6 15 8 1 0.007 0.332 0.224 0.984 0.393 250 0 250 0 0 1
43672 7 15 8 1 0.007 0.332 0.224 0.984 0.393 250 0 250 0 0 1
43672 8 15 8 1 0.007 0.332 0.224 0.984 0.393 250 0 250 0 0 1
43672 9 15 8 1 0.007 0.332 0.224 0.984 0.393 250 0 250 0 0 1
43672 10 15 8 1 0.007 0.332 0.224 0.984 0.393 250 0 250 0 0 1
43672 1 15 8 1 0.033 0.368 0.468 0.864 0.187 250 0 250 0 0 1
43672 2 15 8 1 0.033 0.368 0.468 0.864 0.187 249.724 0 249.998 0 0 1
43672 3 15 8 1 0.033 0.368 0.468 0.864 0.187 250 0 250 0 0 1
43672 4 15 8 1 0.033 0.368 0.468 0.864 0.187 250 0 250 0 0 1
43672 5 15 8 1 0.033 0.368 0.468 0.864 0.187 250 0 250 0 0 1
43672 6 15 8 1 0.033 0.368 0.468 0.864 0.187 250 0 250 0 0 1
43672 7 15 8 1 0.033 0.368 0.468 0.864 0.187 250 0 250 0 0 1
43672 8 15 8 1 0.033 0.368 0.468 0.864 0.187 250 0 250 0 0 1
43672 9 15 8 1 0.033 0.368 0.468 0.864 0.187 250 0 250 0 0 1
43672 10 15 8 1 0.033 0.368 0.468 0.864 0.187 250 0 250 0 0 1
43672 1 15 8 1 0.09 0.09 0.343 0.768 0.299 250 0 250 0 0 1
43672 2 15 8 1 0.09 0.09 0.343 0.768 0.299 250 0 250 0 0 1
43672 1 15 7 0 0.084 0.291 0.237 0.995 0.185 250 0 250 0 0 1
43672 2 15 7 0 0.084 0.291 0.237 0.995 0.185 250 0 250 0 0 1
43672 3 15 7 0 0.084 0.291 0.237 0.995 0.185 249.806 0 249.999 0 0 1
43672 4 15 7 0 0.084 0.291 0.237 0.995 0.185 249.395 0 249.989 0 0 1
43672 5 15 7 0 0.084 0.291 0.237 0.995 0.185 249.786 0 249.999 0 0 1
43672 6 15 7 0 0.084 0.291 0.237 0.995 0.185 250 0 250 0 0 1
43672 7 15 7 0 0.084 0.291 0.237 0.995 0.185 249.915 0 249.999 0 0 1
43672 8 15 7 0 0.084 0.291 0.237 0.995 0.185 250 0 250 0 0 1
43672 9 15 7 0 0.084 0.291 0.237 0.995 0.185 249.862 0 249.998 0 0 1
43672 10 15 7 0 0.084 0.291 0.237 0.995 0.185 249.755 0 249.998 0 0 1
43672 1 15 7 0 0.051 0.02 0.474 0.948 0.12 250 0 250 0 0 1
43672 2 15 7 0 0.051 0.02 0.474 0.948 0.12 249.934 0 250 0 0 1
43672 3 15 7 0 0.051 0.02 0.474 0.948 0.12 249.853 0 249.998 0 0 1
43672 4 15 7 0 0.051 0.02 0.474 0.948 0.12 250 0 250 0 0 1
43672 5 15 7 0 0.051 0.02 0.474 0.948 0.12 249.845 0 249.999 0 0 1
43672 6 15 7 0 0.051 0.02 0.474 0.948 0.12 249.891 0 249.999 0 0 1
43672 7 15 7 0 0.051 0.02 0.474 0.948 0.12 250 0 250 0 0 1
43672 8 15 7 0 0.051 0.02 0.474 0.948 0.12 249.927 0 249.999 0 0 1
43672 9 15 7 0 0.051 0.02 0.474 0.948 0.12 249.978 0 250 0 0 1
43672 10 15 7 0 0.051 0.02 0.474 0.948 0.12 249.934 0 250 0 0 1
43672 1 15 7 0 0.088 0.126 0.394 0.988 0.631 249.66 0 249.995 0 0 1
43672 2 15 7 0 0.088 0.126 0.394 0.988 0.631 249.925 0 250 0 0 1
43672 1 15 8 1 0.023 0.279 0.115 0.869 0.51 250 0 250 0 0 1
43672 2 15 8 1 0.023 0.279 0.115 0.869 0.51 250 0 250 0 0 1
43672 3 15 8 1 0.023 0.279 0.115 0.869 0.51 250 0 250 0 0 1
43672 4 15 8 1 0.023 0.279 0.115 0.869 0.51 250 0 250 0 0 1
43672 5 15 8 1 0.023 0.279 0.115 0.869 0.51 249.971 0 250 0 0 1
43672 6 15 8 1 0.023 0.279 0.115 0.869 0.51 250 0 250 0 0 1
43672 7 15 8 1 0.023 0.279 0.115 0.869 0.51 249.933 0 250 0 0 1
43672 8 15 8 1 0.023 0.279 0.115 0.869 0.51 250 0 250 0 0 1
43672 9 15 8 1 0.023 0.279 0.115 0.869 0.51 250 0 250 0 0 1
43672 10 15 8 1 0.023 0.279 0.115 0.869 0.51 250 0 250 0 0 1
43672 1 15 8 1 0.019 0.133 0.317 0.848 0.92 249.867 0 249.999 0 0 1
43672 2 15 8 1 0.019 0.133 0.317 0.848 0.92 250 0 250 0 0 1
43672 3 15 8 1 0.019 0.133 0.317 0.848 0.92 249.906 0 249.999 0 0 1
43672 4 15 8 1 0.019 0.133 0.317 0.848 0.92 249.973 0 250 0 0 1
43672 5 15 8 1 0.019 0.133 0.317 0.848 0.92 250 0 250 0 0 1
43672 6 15 8 1 0.019 0.133 0.317 0.848 0.92 249.868 0 249.999 0 0 1
43672 7 15 8 1 0.019 0.133 0.317 0.848 0.92 249.915 0 249.999 0 0 1
43672 8 15 8 1 0.019 0.133 0.317 0.848 0.92 249.867 0 249.999 0 0 1
43672 9 15 8 1 0.019 0.133 0.317 0.848 0.92 250 0 250 0 0 1
43672 10 15 8 1 0.019 0.133 0.317 0.848 0.92 250 0 250 0 0 1
43672 1 15 8 1 0.015 0.242 0.215 0.79 0.272 250 0 250 0 0 1
43672 2 15 8 1 0.015 0.242 0.215 0.79 0.272 250 0 250 0 0 1
43672 1 15 10 0 0.062 0.299 0.196 0.758 0.897 250 0 250 0 0 1
43672 2 15 10 0 0.062 0.299 0.196 0.758 0.897 250 0 250 0 0 1
43672 3 15 10 0 0.062 0.299 0.196 0.758 0.897 250 0 250 0 0 1
43672 4 15 10 0 0.062 0.299 0.196 0.758 0.897 250 0 250 0 0 1
43672 5 15 10 0 0.062 0.299 0.196 0.758 0.897 250 0 250 0 0 1
43672 6 15 10 0 0.062 0.299 0.196 0.758 0.897 250 0 250 0 0 1
43672 7 15 10 0 0.062 0.299 0.196 0.758 0.897 250 0 250 0 0 1
43672 8 15 10 0 0.062 0.299 0.196 0.758 0.897 250 0 250 0 0 1
43672 9 15 10 0 0.062 0.299 0.196 0.758 0.897 250 0 250 0 0 1
43672 10 15 10 0 0.062 0.299 0.196 0.758 0.897 250 0 250 0 0 1
43672 1 15 10 0 0.047 0.31 0.416 0.896 0.696 250 0 250 0 0 1
43672 2 15 10 0 0.047 0.31 0.416 0.896 0.696 249.836 0 249.999 0 0 1
43672 3 15 10 0 0.047 0.31 0.416 0.896 0.696 250 0 250 0 0 1
43672 4 15 10 0 0.047 0.31 0.416 0.896 0.696 250 0 250 0 0 1
43672 5 15 10 0 0.047 0.31 0.416 0.896 0.696 250 0 250 0 0 1
43672 6 15 10 0 0.047 0.31 0.416 0.896 0.696 250 0 250 0 0 1
43672 7 15 10 0 0.047 0.31 0.416 0.896 0.696 250 0 250 0 0 1
43672 8 15 10 0 0.047 0.31 0.416 0.896 0.696 250 0 250 0 0 1
43672 9 15 10 0 0.047 0.31 0.416 0.896 0.696 250 0 250 0 0 1
43672 10 15 10 0 0.047 0.31 0.416 0.896 0.696 250 0 250 0 0 1
43672 1 15 10 0 0.103 0.145 0.358 0.99 0.922 250 0 250 0 0 1
43672 2 15 10 0 0.103 0.145 0.358 0.99 0.922 250 0 250 0 0 1
43672 1 15 7 1 0.071 0.453 0.249 0.838 0.504 250 0 250 0 0 1
43672 2 15 7 1 0.071 0.453 0.249 0.838 0.504 249.914 0 249.999 0 0 1
43672 3 15 7 1 0.071 0.453 0.249 0.838 0.504 249.932 0 249.999 0 0 1
43672 4 15 7 1 0.071 0.453 0.249 0.838 0.504 249.931 0 250 0 0 1
43672 5 15 7 1 0.071 0.453 0.249 0.838 0.504 250 0 250 0 0 1
43672 6 15 7 1 0.071 0.453 0.249 0.838 0.504 249.919 0 249.999 0 0 1
43672 7 15 7 1 0.071 0.453 0.249 0.838 0.504 249.918 0 249.999 0 0 1
43672 8 15 7 1 0.071 0.453 0.249 0.838 0.504 249.962 0 250 0 0 1
43672 9 15 7 1 0.071 0.453 0.249 0.838 0.504 249.921 0 249.999 0 0 1
43672 10 15 7 1 0.071 0.453 0.249 0.838 0.504 250 0 250 0 0 1
43672 1 15 7 1 0.046 0.27 0.369 0.833 0.783 250 0 250 0 0 1
43672 2 15 7 1 0.046 0.27 0.369 0.833 0.783 249.872 0 249.999 0 0 1
43672 3 15 7 1 0.046 0.27 0.369 0.833 0.783 250 0 250 0 0 1
43672 4 15 7 1 0.046 0.27 0.369 0.833 0.783 250 0 250 0 0 1
43672 5 15 7 1 0.046 0.27 0.369 0.833 0.783 250 0 250 0 0 1
43672 6 15 7 1 0.046 0.27 0.369 0.833 0.783 250 0 250 0 0 1
43672 7 15 7 1 0.046 0.27 0.369 0.833 0.783 249.724 0 249.996 0 0 1
43672 8 15 7 1 0.046 0.27 0.369 0.833 0.783 249.876 0 249.998 0 0 1
43672 9 15 7 1 0.046 0.27 0.369 0.833 0.783 249.75 0 249.998 0 0 1
43672 10 15 7 1 0.046 0.27 0.369 0.833 0.783 249.748 0 249.997 0 0 1
43672 1 15 7 1 0.009 0.199 0.303 0.943 0.133 250 0 250 0 0 1
43672 2 15 7 1 0.009 0.199 0.303 0.943 0.133 249.648 0 249.998 0 0 1
43672 1 15 8 1 0.046 0.369 0.411 0.878 0.611 250 0 250 0 0 1
43672 2 15 8 1 0.046 0.369 0.411 0.878 0.611 249.855 0 249.999 0 0 1
43672 3 15 8 1 0.046 0.369 0.411 0.878 0.611 249.868 0 249.999 0 0 1
43672 4 15 8 1 0.046 0.369 0.411 0.878 0.611 250 0 250 0 0 1
43672 5 15 8 1 0.046 0.369 0.411 0.878 0.611 250 0 250 0 0 1
43672 6 15 8 1 0.046 0.369 0.411 0.878 0.611 250 0 250 0 0 1
43672 7 15 8 1 0.046 0.369 0.411 0.878 0.611 250 0 250 0 0 1
43672 8 15 8 1 0.046 0.369 0.411 0.878 0.611 249.987 0 250 0 0 1
43672 9 15 8 1 0.046 0.369 0.411 0.878 0.611 250 0 250 0 0 1
43672 10 15 8 1 0.046 0.369 0.411 0.878 0.611 250 0 250 0 0 1
43672 1 15 8 1 0.047 0.484 0.194 0.867 0.414 249.946 0 250 0 0 1
43672 2 15 8 1 0.047 0.484 0.194 0.867 0.414 250 0 250 0 0 1
43672 3 15 8 1 0.047 0.484 0.194 0.867 0.414 250 0 250 0 0 1
43672 4 15 8 1 0.047 0.484 0.194 0.867 0.414 249.85 0 249.998 0 0 1
43672 5 15 8 1 0.047 0.484 0.194 0.867 0.414 249.767 0 249.998 0 0 1
43672 6 15 8 1 0.047 0.484 0.194 0.867 0.414 250 0 250 0 0 1
43672 7 15 8 1 0.047 0.484 0.194 0.867 0.414 250 0 250 0 0 1
43672 8 15 8 1 0.047 0.484 0.194 0.867 0.414 249.824 0 249.999 0 0 1
43672 9 15 8 1 0.047 0.484 0.194 0.867 0.414 250 0 250 0 0 1
43672 10 15 8 1 0.047 0.484 0.194 0.867 0.414 250 0 250 0 0 1
43672 1 15 8 1 0.119 0.176 0.236 0.993 0.753 250 0 250 0 0 1
43672 2 15 8 1 0.119 0.176 0.236 0.993 0.753 250 0 250 0 0 1
43672 1 15 8 0 0.037 0.057 0.499 0.895 0.262 249.759 0 249.998 0 0 1
43672 2 15 8 0 0.037 0.057 0.499 0.895 0.262 249.868 0 249.999 0 0 1
43672 3 15 8 0 0.037 0.057 0.499 0.895 0.262 249.933 0 250 0 0 1
43672 4 15 8 0 0.037 0.057 0.499 0.895 0.262 249.956 0 250 0 0 1
43672 5 15 8 0 0.037 0.057 0.499 0.895 0.262 250 0 250 0 0 1
43672 6 15 8 0 0.037 0.057 0.499 0.895 0.262 250 0 250 0 0 1
43672 7 15 8 0 0.037 0.057 0.499 0.895 0.262 250 0 250 0 0 1
43672 8 15 8 0 0.037 0.057 0.499 0.895 0.262 250 0 250 0 0 1
43672 9 15 8 0 0.037 0.057 0.499 0.895 0.262 250 0 250 0 0 1
43672 10 15 8 0 0.037 0.057 0.499 0.895 0.262 250 0 250 0 0 1
43672 1 15 8 0 0.104 0.166 0.326 0.948 0.121 250 0 250 0 0 1
43672 2 15 8 0 0.104 0.166 0.326 0.948 0.121 250 0 250 0 0 1
43672 3 15 8 0 0.104 0.166 0.326 0.948 0.121 249.88 0 249.999 0 0 1
43672 4 15 8 0 0.104 0.166 0.326 0.948 0.121 250 0 250 0 0 1
43672 5 15 8 0 0.104 0.166 0.326 0.948 0.121 250 0 250 0 0 1
43672 6 15 8 0 0.104 0.166 0.326 0.948 0.121 250 0 250 0 0 1
43672 7 15 8 0 0.104 0.166 0.326 0.948 0.121 249.92 0 249.999 0 0 1
43672 8 15 8 0 0.104 0.166 0.326 0.948 0.121 249.668 0 249.998 0 0 1
43672 9 15 8 0 0.104 0.166 0.326 0.948 0.121 250 0 250 0 0 1
43672 10 15 8 0 0.104 0.166 0.326 0.948 0.121 250 0 250 0 0 1
43672 1 15 8 0 0.102 0.158 0.043 0.974 0.607 249.856 0 249.999 0 0 1
43672 2 15 8 0 0.102 0.158 0.043 0.974 0.607 250 0 250 0 0 1
43672 3 15 8 0 0.102 0.158 0.043 0.974 0.607 250 0 250 0 0 1
43672 1 15 7 0 0.089 0.192 0.36 0.785 0.61 249.952 0 250 0 0 1
43672 2 15 7 0 0.089 0.192 0.36 0.785 0.61 249.666 0 249.997 0 0 1
43672 3 15 7 0 0.089 0.192 0.36 0.785 0.61 250 0 250 0 0 1
43672 4 15 7 0 0.089 0.192 0.36 0.785 0.61 250 0 250 0 0 1
43672 5 15 7 0 0.089 0.192 0.36 0.785 0.61 249.911 0 249.999 0 0 1
43672 6 15 7 0 0.089 0.192 0.36 0.785 0.61 249.923 0 249.999 0 0 1
43672 7 15 7 0 0.089 0.192 0.36 0.785 0.61 250 0 250 0 0 1
43672 8 15 7 0 0.089 0.192 0.36 0.785 0.61 250 0 250 0 0 1
43672 9 15 7 0 0.089 0.192 0.36 0.785 0.61 250 0 250 0 0 1
43672 10 15 7 0 0.089 0.192 0.36 0.785 0.61 249.778 0 249.999 0 0 1
43672 1 15 7 0 0.108 0.02 0.276 0.762 0.991 249.896 0 249.999 0 0 1
43672 2 15 7 0 0.108 0.02 0.276 0.762 0.991 249.75 0 249.998 0 0 1
43672 3 15 7 0 0.108 0.02 0.276 0.762 0.991 250 0 250 0 0 1
43672 4 15 7 0 0.108 0.02 0.276 0.762 0.991 250 0 250 0 0 1
43672 5 15 7 0 0.108 0.02 0.276 0.762 0.991 249.922 0 249.999 0 0 1
43672 6 15 7 0 0.108 0.02 0.276 0.762 0.991 250 0 250 0 0 1
43672 7 15 7 0 0.108 0.02 0.276 0.762 0.991 250 0 250 0 0 1
43672 8 15 7 0 0.108 0.02 0.276 0.762 0.991 249.934 0 250 0 0 1
43672 9 15 7 0 0.108 0.02 0.276 0.762 0.991 250 0 250 0 0 1
43672 10 15 7 0 0.108 0.02 0.276 0.762 0.991 249.934 0 249.999 0 0 1
43672 1 15 7 0 0.077 0.156 0.159 0.849 0.382 249.911 0 249.999 0 0 1
43672 2 15 7 0 0.077 0.156 0.159 0.849 0.382 249.792 0 249.999 0 0 1
43672 3 15 7 0 0.077 0.156 0.159 0.849 0.382 249.702 0 249.998 0 0 1
43672 1 15 10 1 0.054 0.016 0.177 0.761 0.219 250 0 250 0 0 1
43672 2 15 10 1 0.054 0.016 0.177 0.761 0.219 250 0 250 0 0 1
43672 3 15 10 1 0.054 0.016 0.177 0.761 0.219 250 0 250 0 0 1
43672 4 15 10 1 0.054 0.016 0.177 0.761 0.219 250 0 250 0 0 1
43672 5 15 10 1 0.054 0.016 0.177 0.761 0.219 250 0 250 0 0 1
43672 6 15 10 1 0.054 0.016 0.177 0.761 0.219 250 0 250 0 0 1
43672 7 15 10 1 0.054 0.016 0.177 0.761 0.219 250 0 250 0 0 1
43672 8 15 10 1 0.054 0.016 0.177 0.761 0.219 250 0 250 0 0 1
43672 9 15 10 1 0.054 0.016 0.177 0.761 0.219 250 0 250 0 0 1
43672 10 15 10 1 0.054 0.016 0.177 0.761 0.219 249.836 0 249.999 0 0 1
43672 1 15 10 1 0.055 0.495 0.103 0.941 0.376 250 0 250 0 0 1
43672 2 15 10 1 0.055 0.495 0.103 0.941 0.376 250 0 250 0 0 1
43672 3 15 10 1 0.055 0.495 0.103 0.941 0.376 250 0 250 0 0 1
43672 1 15 8 0 0.065 0.322 0.115 0.786 0.72 250 0 250 0 0 1
43672 2 15 8 0 0.065 0.322 0.115 0.786 0.72 250 0 250 0 0 1
43672 3 15 8 0 0.065 0.322 0.115 0.786 0.72 249.992 0 250 0 0 1
43672 4 15 8 0 0.065 0.322 0.115 0.786 0.72 250 0 250 0 0 1
43672 5 15 8 0 0.065 0.322 0.115 0.786 0.72 249.864 0 249.999 0 0 1
43672 6 15 8 0 0.065 0.322 0.115 0.786 0.72 249.933 0 250 0 0 1
43672 7 15 8 0 0.065 0.322 0.115 0.786 0.72 250 0 250 0 0 1
43672 8 15 8 0 0.065 0.322 0.115 0.786 0.72 250 0 250 0 0 1
43672 9 15 8 0 0.065 0.322 0.115 0.786 0.72 249.726 0 249.998 0 0 1
43672 10 15 8 0 0.065 0.322 0.115 0.786 0.72 250 0 250 0 0 1
43672 1 15 8 0 0.066 0.086 0.246 0.883 0.041 250 0 250 0 0 1
43672 2 15 8 0 0.066 0.086 0.246 0.883 0.041 248.931 0 249.972 0 0 1
43672 3 15 8 0 0.066 0.086 0.246 0.883 0.041 249.964 0 250 0 0 1
43672 4 15 8 0 0.066 0.086 0.246 0.883 0.041 250 0 250 0 0 1
43672 1 15 8 0 0.035 0.477 0.455 0.968 0.406 250 0 250 0 0 1
43672 2 15 8 0 0.035 0.477 0.455 0.968 0.406 250 0 250 0 0 1
43672 3 15 8 0 0.035 0.477 0.455 0.968 0.406 250 0 250 0 0 1
43672 4 15 8 0 0.035 0.477 0.455 0.968 0.406 250 0 250 0 0 1
43672 5 15 8 0 0.035 0.477 0.455 0.968 0.406 249.996 0 250 0 0 1
43672 6 15 8 0 0.035 0.477 0.455 0.968 0.406 250 0 250 0 0 1
43672 7 15 8 0 0.035 0.477 0.455 0.968 0.406 250 0 250 0 0 1
43672 8 15 8 0 0.035 0.477 0.455 0.968 0.406 250 0 250 0 0 1
43672 9 15 8 0 0.035 0.477 0.455 0.968 0.406 249.937 0 250 0 0 1
43672 10 15 8 0 0.035 0.477 0.455 0.968 0.406 250 0 250 0 0 1
43672 1 15 8 0 0.116 0.141 0.064 0.766 0.982 250 0 250 0 0 1
43672 2 15 8 0 0.116 0.141 0.064 0.766 0.982 250 0 250 0 0 1
43672 3 15 8 0 0.116 0.141 0.064 0.766 0.982 250 0 250 0 0 1
43672 4 15 8 0 0.116 0.141 0.064 0.766 0.982 250 0 250 0 0 1
43672 5 15 8 0 0.116 0.141 0.064 0.766 0.982 250 0 250 0 0 1
43672 6 15 8 0 0.116 0.141 0.064 0.766 0.982 249.747 0 249.998 0 0 1
43672 7 15 8 0 0.116 0.141 0.064 0.766 0.982 250 0 250 0 0 1
43672 8 15 8 0 0.116 0.141 0.064 0.766 0.982 250 0 250 0 0 1
43672 9 15 8 0 0.116 0.141 0.064 0.766 0.982 250 0 250 0 0 1
43672 10 15 8 0 0.116 0.141 0.064 0.766 0.982 249.821 0 249.999 0 0 1
43672 1 15 8 0 0.067 0.139 0.232 0.764 0.952 250 0 250 0 0 1
43672 2 15 8 0 0.067 0.139 0.232 0.764 0.952 250 0 250 0 0 1
43672 3 15 8 0 0.067 0.139 0.232 0.764 0.952 250 0 250 0 0 1
43672 4 15 8 0 0.067 0.139 0.232 0.764 0.952 250 0 250 0 0 1
43672 1 15 4 1 0.033 0.067 0.165 0.919 0.169 206.406 0 209.42 0 0 1
43672 2 15 4 1 0.033 0.067 0.165 0.919 0.169 206.893 0 209.336 0 0 1
43672 3 15 4 1 0.033 0.067 0.165 0.919 0.169 206.74 0 209.246 0 0 1
43672 4 15 4 1 0.033 0.067 0.165 0.919 0.169 207.93 0 209.285 0 0 1
43672 5 15 4 1 0.033 0.067 0.165 0.919 0.169 207.612 0 209.249 0 0 1
43672 6 15 4 1 0.033 0.067 0.165 0.919 0.169 205.79 0 209.074 0 0 1
43672 7 15 4 1 0.033 0.067 0.165 0.919 0.169 207.578 0 209.209 0 0 1
43672 8 15 4 1 0.033 0.067 0.165 0.919 0.169 197.534 0 199.271 0 0 1
43672 9 15 4 1 0.033 0.067 0.165 0.919 0.169 205.916 0 208.923 0 0 1
43672 10 15 4 1 0.033 0.067 0.165 0.919 0.169 206.453 0 209.036 0 0 1
43672 1 15 4 1 0.029 0.002 0.408 0.816 0.018 197.376 0 199.374 0 0 1
43672 2 15 4 1 0.029 0.002 0.408 0.816 0.018 207.37 0 209.239 0 0 1
43672 3 15 4 1 0.029 0.002 0.408 0.816 0.018 207.046 0 209.305 0 0 1
43672 1 15 10 1 0.094 0.106 0.122 0.963 0.171 250 0 250 0 0 1
43672 2 15 10 1 0.094 0.106 0.122 0.963 0.171 250 0 250 0 0 1
43672 3 15 10 1 0.094 0.106 0.122 0.963 0.171 250 0 250 0 0 1
43672 4 15 10 1 0.094 0.106 0.122 0.963 0.171 250 0 250 0 0 1
43672 5 15 10 1 0.094 0.106 0.122 0.963 0.171 250 0 250 0 0 1
43672 6 15 10 1 0.094 0.106 0.122 0.963 0.171 250 0 250 0 0 1
43672 7 15 10 1 0.094 0.106 0.122 0.963 0.171 250 0 250 0 0 1
43672 8 15 10 1 0.094 0.106 0.122 0.963 0.171 250 0 250 0 0 1
43672 9 15 10 1 0.094 0.106 0.122 0.963 0.171 250 0 250 0 0 1
43672 10 15 10 1 0.094 0.106 0.122 0.963 0.171 250 0 250 0 0 1
43672 1 15 10 1 0.112 0.489 0.464 0.841 0.074 250 0 250 0 0 1
43672 2 15 10 1 0.112 0.489 0.464 0.841 0.074 250 0 250 0 0 1
43672 3 15 10 1 0.112 0.489 0.464 0.841 0.074 250 0 250 0 0 1
43672 1 15 9 0 0.116 0.305 0.121 0.813 0.194 249.981 0 250 0 0 1
43672 2 15 9 0 0.116 0.305 0.121 0.813 0.194 250 0 250 0 0 1
43672 3 15 9 0 0.116 0.305 0.121 0.813 0.194 250 0 250 0 0 1
43672 4 15 9 0 0.116 0.305 0.121 0.813 0.194 250 0 250 0 0 1
43672 5 15 9 0 0.116 0.305 0.121 0.813 0.194 250 0 250 0 0 1
43672 6 15 9 0 0.116 0.305 0.121 0.813 0.194 250 0 250 0 0 1
43672 7 15 9 0 0.116 0.305 0.121 0.813 0.194 250 0 250 0 0 1
43672 8 15 9 0 0.116 0.305 0.121 0.813 0.194 249.955 0 250 0 0 1
43672 9 15 9 0 0.116 0.305 0.121 0.813 0.194 249.816 0 249.999 0 0 1
43672 10 15 9 0 0.116 0.305 0.121 0.813 0.194 250 0 250 0 0 1
43672 1 15 9 0 0.055 0.068 0.471 0.93 0.708 250 0 250 0 0 1
43672 2 15 9 0 0.055 0.068 0.471 0.93 0.708 250 0 250 0 0 1
43672 3 15 9 0 0.055 0.068 0.471 0.93 0.708 250 0 250 0 0 1
43672 4 15 9 0 0.055 0.068 0.471 0.93 0.708 250 0 250 0 0 1
43672 1 15 4 0 0.041 0.194 0.243 0.999 0.378 207.292 0 209.346 0 0 1
43672 2 15 4 0 0.041 0.194 0.243 0.999 0.378 205.477 0 209.402 0 0 1
43672 3 15 4 0 0.041 0.194 0.243 0.999 0.378 207.097 0 209.097 0 0 1
43672 4 15 4 0 0.041 0.194 0.243 0.999 0.378 207.638 0 209.345 0 0 1
43672 5 15 4 0 0.041 0.194 0.243 0.999 0.378 206.962 0 209.31 0 0 1
43672 6 15 4 0 0.041 0.194 0.243 0.999 0.378 207.398 0 209.344 0 0 1
43672 7 15 4 0 0.041 0.194 0.243 0.999 0.378 207.427 0 209.24 0 0 1
43672 8 15 4 0 0.041 0.194 0.243 0.999 0.378 207.267 0 209.258 0 0 1
43672 9 15 4 0 0.041 0.194 0.243 0.999 0.378 205.275 0 208.353 0 0 1
43672 10 15 4 0 0.041 0.194 0.243 0.999 0.378 197.108 0 199.458 0 0 1
43672 1 15 4 0 0.117 0.119 0.275 0.832 0.146 206.787 0 209.328 0 0 1
43672 2 15 4 0 0.117 0.119 0.275 0.832 0.146 207.675 0 209.313 0 0 1
43672 3 15 4 0 0.117 0.119 0.275 0.832 0.146 187.421 0 189.335 0 0 1
43672 4 15 4 0 0.117 0.119 0.275 0.832 0.146 207.807 0 209.415 0 0 1
43672 1 15 10 1 0.041 0.134 0.021 0.932 0.691 250 0 250 0 0 1
43672 2 15 10 1 0.041 0.134 0.021 0.932 0.691 250 0 250 0 0 1
43672 3 15 10 1 0.041 0.134 0.021 0.932 0.691 250 0 250 0 0 1
43672 4 15 10 1 0.041 0.134 0.021 0.932 0.691 250 0 250 0 0 1
43672 5 15 10 1 0.041 0.134 0.021 0.932 0.691 250 0 250 0 0 1
43672 6 15 10 1 0.041 0.134 0.021 0.932 0.691 250 0 250 0 0 1
43672 7 15 10 1 0.041 0.134 0.021 0.932 0.691 250 0 250 0 0 1
43672 8 15 10 1 0.041 0.134 0.021 0.932 0.691 250 0 250 0 0 1
43672 9 15 10 1 0.041 0.134 0.021 0.932 0.691 250 0 250 0 0 1
43672 10 15 10 1 0.041 0.134 0.021 0.932 0.691 249.999 0 250 0 0 1
43672 1 15 10 1 0.073 0.167 0.305 0.909 0.338 250 0 250 0 0 1
43672 2 15 10 1 0.073 0.167 0.305 0.909 0.338 250 0 250 0 0 1
43672 3 15 10 1 0.073 0.167 0.305 0.909 0.338 250 0 250 0 0 1
43672 1 15 10 1 0.008 0.065 0.212 0.836 0.93 250 0 250 0 0 1
43672 2 15 10 1 0.008 0.065 0.212 0.836 0.93 250 0 250 0 0 1
43672 3 15 10 1 0.008 0.065 0.212 0.836 0.93 250 0 250 0 0 1
43672 4 15 10 1 0.008 0.065 0.212 0.836 0.93 250 0 250 0 0 1
43672 5 15 10 1 0.008 0.065 0.212 0.836 0.93 250 0 250 0 0 1
43672 6 15 10 1 0.008 0.065 0.212 0.836 0.93 250 0 250 0 0 1
43672 7 15 10 1 0.008 0.065 0.212 0.836 0.93 249.968 0 250 0 0 1
43672 8 15 10 1 0.008 0.065 0.212 0.836 0.93 250 0 250 0 0 1
43672 9 15 10 1 0.008 0.065 0.212 0.836 0.93 250 0 250 0 0 1
43672 10 15 10 1 0.008 0.065 0.212 0.836 0.93 250 0 250 0 0 1
43672 1 15 10 1 0.035 0.36 0.357 0.959 0.069 250 0 250 0 0 1
43672 2 15 10 1 0.035 0.36 0.357 0.959 0.069 250 0 250 0 0 1
43672 3 15 10 1 0.035 0.36 0.357 0.959 0.069 250 0 250 0 0 1
43672 1 15 6 0 0.089 0.264 0.473 0.979 0.431 249.673 0 249.992 0 0 1
43672 2 15 6 0 0.089 0.264 0.473 0.979 0.431 249.644 0 249.996 0 0 1
43672 3 15 6 0 0.089 0.264 0.473 0.979 0.431 249.788 0 249.997 0 0 1
43672 4 15 6 0 0.089 0.264 0.473 0.979 0.431 249.895 0 249.999 0 0 1
43672 5 15 6 0 0.089 0.264 0.473 0.979 0.431 249.658 0 249.991 0 0 1
43672 6 15 6 0 0.089 0.264 0.473 0.979 0.431 249.791 0 249.997 0 0 1
43672 7 15 6 0 0.089 0.264 0.473 0.979 0.431 249.877 0 249.998 0 0 1
43672 8 15 6 0 0.089 0.264 0.473 0.979 0.431 249.814 0 249.998 0 0 1
43672 9 15 6 0 0.089 0.264 0.473 0.979 0.431 249.586 0 249.997 0 0 1
43672 10 15 6 0 0.089 0.264 0.473 0.979 0.431 249.799 0 249.997 0 0 1
43672 1 15 6 0 0.063 0.293 0.066 0.767 0.924 249.86 0 249.999 0 0 1
43672 2 15 6 0 0.063 0.293 0.066 0.767 0.924 249.878 0 249.996 0 0 1
43672 3 15 6 0 0.063 0.293 0.066 0.767 0.924 249.485 0 249.993 0 0 1
43672 4 15 6 0 0.063 0.293 0.066 0.767 0.924 249.609 0 249.992 0 0 1
43672 1 15 4 0 0.045 0.271 0.149 0.817 0.636 206.779 0 209.27 0 0 1
43672 2 15 4 0 0.045 0.271 0.149 0.817 0.636 187.385 0 189.324 0 0 1
43672 3 15 4 0 0.045 0.271 0.149 0.817 0.636 206.374 0 209.196 0 0 1
43672 4 15 4 0 0.045 0.271 0.149 0.817 0.636 206.464 0 209.158 0 0 1
43672 5 15 4 0 0.045 0.271 0.149 0.817 0.636 207.071 0 209.275 0 0 1
43672 6 15 4 0 0.045 0.271 0.149 0.817 0.636 207.926 0 209.289 0 0 1
43672 7 15 4 0 0.045 0.271 0.149 0.817 0.636 197.27 0 199.187 0 0 1
43672 8 15 4 0 0.045 0.271 0.149 0.817 0.636 207.33 0 209.281 0 0 1
43672 9 15 4 0 0.045 0.271 0.149 0.817 0.636 205.867 0 209.293 0 0 1
43672 10 15 4 0 0.045 0.271 0.149 0.817 0.636 206.407 0 209.092 0 0 1
43672 1 15 4 0 0.059 0.075 0.271 0.985 0.906 207.519 0 209.357 0 0 1
43672 2 15 4 0 0.059 0.075 0.271 0.985 0.906 196.04 0 199.184 0 0 1
43672 3 15 4 0 0.059 0.075 0.271 0.985 0.906 206.84 0 209.173 0 0 1
43672 4 15 4 0 0.059 0.075 0.271 0.985 0.906 207.303 0 209.428 0 0 1
43672 1 15 10 0 0.114 0.226 0.347 0.858 0.009 236.434 324 242.592 1333.253 0 0
43672 2 15 10 0 0.114 0.226 0.347 0.858 0.009 239.389 836 244.068 1464.153 0 0
43672 3 15 10 0 0.114 0.226 0.347 0.858 0.009 239.243 888 243.91 1580.193 0 0
43672 4 15 10 0 0.114 0.226 0.347 0.858 0.009 236.67 947 244.977 1498.313 0 0
43672 5 15 10 0 0.114 0.226 0.347 0.858 0.009 238.61 1132 244.44 1577.287 0 0
43672 6 15 10 0 0.114 0.226 0.347 0.858 0.009 239.907 990 245.081 1474.733 0 0
43672 7 15 10 0 0.114 0.226 0.347 0.858 0.009 234.889 778 242.043 1510.86 0 0
43672 8 15 10 0 0.114 0.226 0.347 0.858 0.009 235.023 972 242.973 1385.72 0 0
43672 9 15 10 0 0.114 0.226 0.347 0.858 0.009 236.966 990 243.821 1434.507 0 0
43672 10 15 10 0 0.114 0.226 0.347 0.858 0.009 236.409 471 243.198 1377.527 0 0
43672 1 15 10 0 0.098 0.011 0.484 0.819 0.618 249.888 0 249.999 0 0 1
43672 2 15 10 0 0.098 0.011 0.484 0.819 0.618 250 0 250 0 0 1
43672 1 15 8 0 0.098 0.181 0.408 0.846 0.165 249.936 0 250 0 0 1
43672 2 15 8 0 0.098 0.181 0.408 0.846 0.165 250 0 250 0 0 1
43672 3 15 8 0 0.098 0.181 0.408 0.846 0.165 250 0 250 0 0 1
43672 4 15 8 0 0.098 0.181 0.408 0.846 0.165 250 0 250 0 0 1
43672 5 15 8 0 0.098 0.181 0.408 0.846 0.165 250 0 250 0 0 1
43672 6 15 8 0 0.098 0.181 0.408 0.846 0.165 250 0 250 0 0 1
43672 7 15 8 0 0.098 0.181 0.408 0.846 0.165 250 0 250 0 0 1
43672 8 15 8 0 0.098 0.181 0.408 0.846 0.165 250 0 250 0 0 1
43672 9 15 8 0 0.098 0.181 0.408 0.846 0.165 249.599 0 249.997 0 0 1
43672 10 15 8 0 0.098 0.181 0.408 0.846 0.165 250 0 250 0 0 1
43672 1 15 8 0 0.092 0.004 0.332 0.902 0.445 249.508 0 249.997 0 0 1
43672 2 15 8 0 0.092 0.004 0.332 0.902 0.445 250 0 250 0 0 1
43672 3 15 8 0 0.092 0.004 0.332 0.902 0.445 249.776 0 249.999 0 0 1
43672 4 15 8 0 0.092 0.004 0.332 0.902 0.445 250 0 250 0 0 1
43672 1 15 8 0 0.074 0.26 0.01 0.825 0.186 249.828 0 249.999 0 0 1
43672 2 15 8 0 0.074 0.26 0.01 0.825 0.186 250 0 250 0 0 1
43672 3 15 8 0 0.074 0.26 0.01 0.825 0.186 250 0 250 0 0 1
43672 4 15 8 0 0.074 0.26 0.01 0.825 0.186 250 0 250 0 0 1
43672 5 15 8 0 0.074 0.26 0.01 0.825 0.186 249.776 0 249.997 0 0 1
43672 6 15 8 0 0.074 0.26 0.01 0.825 0.186 250 0 250 0 0 1
43672 7 15 8 0 0.074 0.26 0.01 0.825 0.186 249.907 0 249.999 0 0 1
43672 8 15 8 0 0.074 0.26 0.01 0.825 0.186 250 0 250 0 0 1
43672 9 15 8 0 0.074 0.26 0.01 0.825 0.186 250 0 250 0 0 1
43672 10 15 8 0 0.074 0.26 0.01 0.825 0.186 250 0 250 0 0 1
43672 1 15 8 0 0.022 0.152 0.167 0.875 0.892 250 0 250 0 0 1
43672 2 15 8 0 0.022 0.152 0.167 0.875 0.892 250 0 250 0 0 1
43672 3 15 8 0 0.022 0.152 0.167 0.875 0.892 249.757 0 249.998 0 0 1
43672 4 15 8 0 0.022 0.152 0.167 0.875 0.892 249.564 0 249.997 0 0 1
43672 5 15 8 0 0.022 0.152 0.167 0.875 0.892 249.74 0 249.998 0 0 1
43672 6 15 8 0 0.022 0.152 0.167 0.875 0.892 250 0 250 0 0 1
43672 7 15 8 0 0.022 0.152 0.167 0.875 0.892 249.772 0 249.998 0 0 1
43672 8 15 8 0 0.022 0.152 0.167 0.875 0.892 250 0 250 0 0 1
43672 9 15 8 0 0.022 0.152 0.167 0.875 0.892 250 0 250 0 0 1
43672 10 15 8 0 0.022 0.152 0.167 0.875 0.892 250 0 250 0 0 1
43672 1 15 8 0 0.045 0.258 0.003 0.985 0.975 250 0 250 0 0 1
43672 2 15 8 0 0.045 0.258 0.003 0.985 0.975 250 0 250 0 0 1
43672 3 15 8 0 0.045 0.258 0.003 0.985 0.975 250 0 250 0 0 1
43672 1 15 7 0 0.098 0.196 0.102 0.906 0.472 249.962 0 250 0 0 1
43672 2 15 7 0 0.098 0.196 0.102 0.906 0.472 250 0 250 0 0 1
43672 3 15 7 0 0.098 0.196 0.102 0.906 0.472 249.931 0 250 0 0 1
43672 4 15 7 0 0.098 0.196 0.102 0.906 0.472 250 0 250 0 0 1
43672 5 15 7 0 0.098 0.196 0.102 0.906 0.472 249.834 0 249.997 0 0 1
43672 6 15 7 0 0.098 0.196 0.102 0.906 0.472 250 0 250 0 0 1
43672 7 15 7 0 0.098 0.196 0.102 0.906 0.472 249.811 0 249.998 0 0 1
43672 8 15 7 0 0.098 0.196 0.102 0.906 0.472 250 0 250 0 0 1
43672 9 15 7 0 0.098 0.196 0.102 0.906 0.472 249.654 0 249.998 0 0 1
43672 10 15 7 0 0.098 0.196 0.102 0.906 0.472 250 0 250 0 0 1
43672 1 15 7 0 0.082 0.433 0.195 0.847 0.258 249.924 0 249.999 0 0 1
43672 2 15 7 0 0.082 0.433 0.195 0.847 0.258 249.932 0 250 0 0 1
43672 3 15 7 0 0.082 0.433 0.195 0.847 0.258 249.899 0 249.999 0 0 1
43672 4 15 7 0 0.082 0.433 0.195 0.847 0.258 249.926 0 249.999 0 0 1
43672 1 15 9 1 0.098 0.495 0.401 0.78 0.335 249.846 0 249.999 0 0 1
43672 2 15 9 1 0.098 0.495 0.401 0.78 0.335 250 0 250 0 0 1
43672 3 15 9 1 0.098 0.495 0.401 0.78 0.335 250 0 250 0 0 1
43672 4 15 9 1 0.098 0.495 0.401 0.78 0.335 250 0 250 0 0 1
43672 5 15 9 1 0.098 0.495 0.401 0.78 0.335 250 0 250 0 0 1
43672 6 15 9 1 0.098 0.495 0.401 0.78 0.335 250 0 250 0 0 1
43672 7 15 9 1 0.098 0.495 0.401 0.78 0.335 250 0 250 0 0 1
43672 8 15 9 1 0.098 0.495 0.401 0.78 0.335 250 0 250 0 0 1
43672 9 15 9 1 0.098 0.495 0.401 0.78 0.335 250 0 250 0 0 1
43672 10 15 9 1 0.098 0.495 0.401 0.78 0.335 250 0 250 0 0 1
43672 1 15 9 1 0.002 0.125 0.365 0.953 0.027 235.579 0 242.951 66.033 0 0.34
43672 2 15 9 1 0.002 0.125 0.365 0.953 0.027 230.654 0 242.232 83.353 0 0.413
43672 3 15 9 1 0.002 0.125 0.365 0.953 0.027 236.862 0 243.979 79.54 0 0.467
43672 1 15 4 0 0.03 0.424 0.234 0.769 0.581 206.779 0 208.915 0 0 1
43672 2 15 4 0 0.03 0.424 0.234 0.769 0.581 207.02 0 209.214 0 0 1
43672 3 15 4 0 0.03 0.424 0.234 0.769 0.581 207.026 0 209.263 0 0 1
43672 4 15 4 0 0.03 0.424 0.234 0.769 0.581 157.565 0 159.459 0 0 1
43672 5 15 4 0 0.03 0.424 0.234 0.769 0.581 206.272 0 209.239 0 0 1
43672 6 15 4 0 0.03 0.424 0.234 0.769 0.581 207.104 0 209.265 0 0 1
43672 7 15 4 0 0.03 0.424 0.234 0.769 0.581 197.235 0 199.221 0 0 1
43672 8 15 4 0 0.03 0.424 0.234 0.769 0.581 206.803 0 208.991 0 0 1
43672 9 15 4 0 0.03 0.424 0.234 0.769 0.581 207.605 0 209.252 0 0 1
43672 10 15 4 0 0.03 0.424 0.234 0.769 0.581 206.456 0 209.214 0 0 1
43672 1 15 4 0 0.031 0.482 0.154 0.862 0.795 196.52 0 199.036 0 0 1
43672 2 15 4 0 0.031 0.482 0.154 0.862 0.795 206.288 0 209.075 0 0 1
43672 3 15 4 0 0.031 0.482 0.154 0.862 0.795 207.485 0 209.274 0 0 1
43672 4 15 4 0 0.031 0.482 0.154 0.862 0.795 206.564 0 209.221 0 0 1
43672 1 15 4 0 0.055 0.287 0.126 0.784 0.768 206.638 0 209.066 0 0 1
43672 2 15 4 0 0.055 0.287 0.126 0.784 0.768 197.515 0 199.261 0 0 1
43672 3 15 4 0 0.055 0.287 0.126 0.784 0.768 206.621 0 209.287 0 0 1
43672 4 15 4 0 0.055 0.287 0.126 0.784 0.768 205.839 0 208.899 0 0 1
43672 5 15 4 0 0.055 0.287 0.126 0.784 0.768 207.152 0 209.397 0 0 1
43672 6 15 4 0 0.055 0.287 0.126 0.784 0.768 206.604 0 209.277 0 0 1
43672 7 15 4 0 0.055 0.287 0.126 0.784 0.768 207.412 0 209.332 0 0 1
43672 8 15 4 0 0.055 0.287 0.126 0.784 0.768 207.166 0 209.286 0 0 1
43672 9 15 4 0 0.055 0.287 0.126 0.784 0.768 206.911 0 209.284 0 0 1
43672 10 15 4 0 0.055 0.287 0.126 0.784 0.768 207.489 0 209.366 0 0 1
43672 1 15 4 0 0.051 0.342 0.184 0.852 0.482 205.251 0 208.983 0 0 1
43672 2 15 4 0 0.051 0.342 0.184 0.852 0.482 207.052 0 209.217 0 0 1
43672 3 15 4 0 0.051 0.342 0.184 0.852 0.482 196.676 0 199.29 0 0 1
43672 4 15 4 0 0.051 0.342 0.184 0.852 0.482 196.234 0 199.237 0 0 1
43672 5 15 4 0 0.051 0.342 0.184 0.852 0.482 207.255 0 209.402 0 0 1
43672 1 15 5 0 0.026 0.237 0.497 0.772 0.989 249.217 0 249.902 0 0 1
43672 2 15 5 0 0.026 0.237 0.497 0.772 0.989 248.587 0 249.862 0 0 1
43672 3 15 5 0 0.026 0.237 0.497 0.772 0.989 248.811 0 249.923 0 0 1
43672 4 15 5 0 0.026 0.237 0.497 0.772 0.989 248.416 0 249.892 0 0 1
43672 5 15 5 0 0.026 0.237 0.497 0.772 0.989 249.186 0 249.886 0 0 1
43672 6 15 5 0 0.026 0.237 0.497 0.772 0.989 249.062 0 249.927 0 0 1
43672 7 15 5 0 0.026 0.237 0.497 0.772 0.989 248.553 0 249.889 0 0 1
43672 8 15 5 0 0.026 0.237 0.497 0.772 0.989 248.991 0 249.916 0 0 1
43672 9 15 5 0 0.026 0.237 0.497 0.772 0.989 249.006 0 249.915 0 0 1
43672 10 15 5 0 0.026 0.237 0.497 0.772 0.989 248.455 0 249.869 0 0 1
43672 1 15 5 0 0.004 0.094 0.125 0.761 0.572 248.936 0 249.881 0 0 1
43672 2 15 5 0 0.004 0.094 0.125 0.761 0.572 249.02 0 249.891 0 0 1
43672 3 15 5 0 0.004 0.094 0.125 0.761 0.572 249.021 0 249.916 0 0 1
43672 4 15 5 0 0.004 0.094 0.125 0.761 0.572 249.006 0 249.922 0 0 1
43672 5 15 5 0 0.004 0.094 0.125 0.761 0.572 248.771 0 249.879 0 0 1
43672 1 15 7 0 0.079 0.125 0.408 0.806 0.734 249.934 0 250 0 0 1
43672 2 15 7 0 0.079 0.125 0.408 0.806 0.734 249.931 0 249.999 0 0 1
43672 3 15 7 0 0.079 0.125 0.408 0.806 0.734 249.934 0 250 0 0 1
43672 4 15 7 0 0.079 0.125 0.408 0.806 0.734 250 0 250 0 0 1
43672 5 15 7 0 0.079 0.125 0.408 0.806 0.734 249.978 0 250 0 0 1
43672 6 15 7 0 0.079 0.125 0.408 0.806 0.734 250 0 250 0 0 1
43672 7 15 7 0 0.079 0.125 0.408 0.806 0.734 249.933 0 250 0 0 1
43672 8 15 7 0 0.079 0.125 0.408 0.806 0.734 250 0 250 0 0 1
43672 9 15 7 0 0.079 0.125 0.408 0.806 0.734 250 0 250 0 0 1
43672 10 15 7 0 0.079 0.125 0.408 0.806 0.734 250 0 250 0 0 1
43672 1 15 7 0 0.079 0.035 0.122 0.954 0.956 249.934 0 250 0 0 1
43672 2 15 7 0 0.079 0.035 0.122 0.954 0.956 250 0 250 0 0 1
43672 3 15 7 0 0.079 0.035 0.122 0.954 0.956 249.895 0 249.999 0 0 1
43672 4 15 7 0 0.079 0.035 0.122 0.954 0.956 249.732 0 249.998 0 0 1
43672 1 15 8 1 0.044 0.058 0.409 0.927 0.906 250 0 250 0 0 1
43672 2 15 8 1 0.044 0.058 0.409 0.927 0.906 250 0 250 0 0 1
43672 3 15 8 1 0.044 0.058 0.409 0.927 0.906 250 0 250 0 0 1
43672 4 15 8 1 0.044 0.058 0.409 0.927 0.906 250 0 250 0 0 1
43672 5 15 8 1 0.044 0.058 0.409 0.927 0.906 250 0 250 0 0 1
43672 6 15 8 1 0.044 0.058 0.409 0.927 0.906 250 0 250 0 0 1
43672 7 15 8 1 0.044 0.058 0.409 0.927 0.906 250 0 250 0 0 1
43672 8 15 8 1 0.044 0.058 0.409 0.927 0.906 250 0 250 0 0 1
43672 9 15 8 1 0.044 0.058 0.409 0.927 0.906 250 0 250 0 0 1
43672 10 15 8 1 0.044 0.058 0.409 0.927 0.906 250 0 250 0 0 1
43672 1 15 8 1 0.061 0.165 0.383 0.785 0.463 250 0 250 0 0 1
43672 2 15 8 1 0.061 0.165 0.383 0.785 0.463 250 0 250 0 0 1
43672 1 15 3 0 0.033 0.21 0.426 0.756 0.49 0 0 0 0 1 1
43672 2 15 3 0 0.033 0.21 0.426 0.756 0.49 0 0 0 0 1 1
43672 3 15 3 0 0.033 0.21 0.426 0.756 0.49 0 0 0 0 1 1
43672 4 15 3 0 0.033 0.21 0.426 0.756 0.49 0 0 0 0 1 1
43672 5 15 3 0 0.033 0.21 0.426 0.756 0.49 0 0 0 0 1 1
43672 6 15 3 0 0.033 0.21 0.426 0.756 0.49 0 0 0 0 1 1
43672 7 15 3 0 0.033 0.21 0.426 0.756 0.49 0 0 0 0 1 1
43672 8 15 3 0 0.033 0.21 0.426 0.756 0.49 0 0 0 0 1 1
43672 9 15 3 0 0.033 0.21 0.426 0.756 0.49 0 0 0 0 1 1
43672 10 15 3 0 0.033 0.21 0.426 0.756 0.49 0 0 0 0 1 1
43672 1 15 3 0 0.054 0.254 0.315 0.914 0.315 0 0 0 0 1 1
43672 2 15 3 0 0.054 0.254 0.315 0.914 0.315 0 0 0 0 1 1
43672 3 15 3 0 0.054 0.254 0.315 0.914 0.315 0 0 0 0 1 1
43672 1 15 9 1 0.056 0.099 0.274 0.806 0.677 250 0 250 0 0 1
43672 2 15 9 1 0.056 0.099 0.274 0.806 0.677 250 0 250 0 0 1
43672 3 15 9 1 0.056 0.099 0.274 0.806 0.677 250 0 250 0 0 1
43672 4 15 9 1 0.056 0.099 0.274 0.806 0.677 250 0 250 0 0 1
43672 5 15 9 1 0.056 0.099 0.274 0.806 0.677 250 0 250 0 0 1
43672 6 15 9 1 0.056 0.099 0.274 0.806 0.677 250 0 250 0 0 1
43672 7 15 9 1 0.056 0.099 0.274 0.806 0.677 250 0 250 0 0 1
43672 8 15 9 1 0.056 0.099 0.274 0.806 0.677 249.617 0 249.997 0 0 1
43672 9 15 9 1 0.056 0.099 0.274 0.806 0.677 250 0 250 0 0 1
43672 10 15 9 1 0.056 0.099 0.274 0.806 0.677 250 0 250 0 0 1
43672 1 15 9 1 0.047 0.332 0.225 0.977 0.632 250 0 250 0 0 1
43672 2 15 9 1 0.047 0.332 0.225 0.977 0.632 249.825 0 249.999 0 0 1
43672 1 15 9 1 0.1 0.02 0.171 0.944 0.306 250 0 250 0 0 1
43672 2 15 9 1 0.1 0.02 0.171 0.944 0.306 250 0 250 0 0 1
43672 3 15 9 1 0.1 0.02 0.171 0.944 0.306 250 0 250 0 0 1
43672 4 15 9 1 0.1 0.02 0.171 0.944 0.306 249.964 0 250 0 0 1
43672 5 15 9 1 0.1 0.02 0.171 0.944 0.306 250 0 250 0 0 1
43672 6 15 9 1 0.1 0.02 0.171 0.944 0.306 250 0 250 0 0 1
43672 7 15 9 1 0.1 0.02 0.171 0.944 0.306 250 0 250 0 0 1
43672 8 15 9 1 0.1 0.02 0.171 0.944 0.306 249.825 0 249.999 0 0 1
43672 9 15 9 1 0.1 0.02 0.171 0.944 0.306 250 0 250 0 0 1
43672 10 15 9 1 0.1 0.02 0.171 0.944 0.306 250 0 250 0 0 1
43672 1 15 9 1 0.029 0.206 0.264 0.882 0.054 246.645 0 249.521 21.84 0 0.773
43672 2 15 9 1 0.029 0.206 0.264 0.882 0.054 247 0 249.361 22.593 0 0.78
43672 1 15 8 1 0.018 0.472 0.329 0.87 0.85 250 0 250 0 0 1
43672 2 15 8 1 0.018 0.472 0.329 0.87 0.85 250 0 250 0 0 1
43672 3 15 8 1 0.018 0.472 0.329 0.87 0.85 249.875 0 249.999 0 0 1
43672 4 15 8 1 0.018 0.472 0.329 0.87 0.85 250 0 250 0 0 1
43672 5 15 8 1 0.018 0.472 0.329 0.87 0.85 250 0 250 0 0 1
43672 6 15 8 1 0.018 0.472 0.329 0.87 0.85 249.982 0 250 0 0 1
43672 7 15 8 1 0.018 0.472 0.329 0.87 0.85 249.865 0 249.999 0 0 1
43672 8 15 8 1 0.018 0.472 0.329 0.87 0.85 250 0 250 0 0 1
43672 9 15 8 1 0.018 0.472 0.329 0.87 0.85 250 0 250 0 0 1
43672 10 15 8 1 0.018 0.472 0.329 0.87 0.85 250 0 250 0 0 1
43672 1 15 8 1 0.007 0.411 0.148 0.969 0.454 250 0 250 0 0 1
43672 2 15 8 1 0.007 0.411 0.148 0.969 0.454 250 0 250 0 0 1
43672 3 15 8 1 0.007 0.411 0.148 0.969 0.454 250 0 250 0 0 1
43672 4 15 8 1 0.007 0.411 0.148 0.969 0.454 250 0 250 0 0 1
43672 5 15 8 1 0.007 0.411 0.148 0.969 0.454 250 0 250 0 0 1
43672 6 15 8 1 0.007 0.411 0.148 0.969 0.454 250 0 250 0 0 1
43672 7 15 8 1 0.007 0.411 0.148 0.969 0.454 249.868 0 249.999 0 0 1
43672 8 15 8 1 0.007 0.411 0.148 0.969 0.454 250 0 250 0 0 1
43672 9 15 8 1 0.007 0.411 0.148 0.969 0.454 250 0 250 0 0 1
43672 10 15 8 1 0.007 0.411 0.148 0.969 0.454 250 0 250 0 0 1
43672 1 15 8 1 0.023 0.002 0.471 0.958 0.686 250 0 250 0 0 1
43672 1 15 7 0 0.019 0.236 0.379 0.864 0.872 249.45 0 249.993 0 0 1
43672 2 15 7 0 0.019 0.236 0.379 0.864 0.872 249.934 0 249.999 0 0 1
43672 3 15 7 0 0.019 0.236 0.379 0.864 0.872 250 0 250 0 0 1
43672 4 15 7 0 0.019 0.236 0.379 0.864 0.872 249.749 0 249.998 0 0 1
43672 5 15 7 0 0.019 0.236 0.379 0.864 0.872 249.926 0 249.999 0 0 1
43672 6 15 7 0 0.019 0.236 0.379 0.864 0.872 249.896 0 249.999 0 0 1
43672 7 15 7 0 0.019 0.236 0.379 0.864 0.872 249.934 0 249.999 0 0 1
43672 8 15 7 0 0.019 0.236 0.379 0.864 0.872 249.929 0 250 0 0 1
43672 9 15 7 0 0.019 0.236 0.379 0.864 0.872 250 0 250 0 0 1
43672 10 15 7 0 0.019 0.236 0.379 0.864 0.872 250 0 250 0 0 1
43672 1 15 7 0 0.112 0.308 0.29 0.92 0.131 249.913 0 249.999 0 0 1
43672 2 15 7 0 0.112 0.308 0.29 0.92 0.131 250 0 250 0 0 1
43672 3 15 7 0 0.112 0.308 0.29 0.92 0.131 249.904 0 249.999 0 0 1
43672 1 15 10 1 0.02 0.209 0.307 0.828 0.864 250 0 250 0 0 1
43672 2 15 10 1 0.02 0.209 0.307 0.828 0.864 250 0 250 0 0 1
43672 3 15 10 1 0.02 0.209 0.307 0.828 0.864 250 0 250 0 0 1
43672 4 15 10 1 0.02 0.209 0.307 0.828 0.864 250 0 250 0 0 1
43672 5 15 10 1 0.02 0.209 0.307 0.828 0.864 250 0 250 0 0 1
43672 6 15 10 1 0.02 0.209 0.307 0.828 0.864 250 0 250 0 0 1
43672 7 15 10 1 0.02 0.209 0.307 0.828 0.864 250 0 250 0 0 1
43672 8 15 10 1 0.02 0.209 0.307 0.828 0.864 250 0 250 0 0 1
43672 9 15 10 1 0.02 0.209 0.307 0.828 0.864 250 0 250 0 0 1
43672 10 15 10 1 0.02 0.209 0.307 0.828 0.864 250 0 250 0 0 1
43672 1 15 10 1 0.039 0.397 0.108 0.973 0.473 250 0 250 0 0 1
43672 2 15 10 1 0.039 0.397 0.108 0.973 0.473 250 0 250 0 0 1
43672 1 15 8 1 0.108 0.433 0.265 0.915 0.226 250 0 250 0 0 1
43672 2 15 8 1 0.108 0.433 0.265 0.915 0.226 250 0 250 0 0 1
43672 3 15 8 1 0.108 0.433 0.265 0.915 0.226 249.831 0 249.999 0 0 1
43672 4 15 8 1 0.108 0.433 0.265 0.915 0.226 250 0 250 0 0 1
43672 5 15 8 1 0.108 0.433 0.265 0.915 0.226 250 0 250 0 0 1
43672 6 15 8 1 0.108 0.433 0.265 0.915 0.226 250 0 250 0 0 1
43672 7 15 8 1 0.108 0.433 0.265 0.915 0.226 250 0 250 0 0 1
43672 8 15 8 1 0.108 0.433 0.265 0.915 0.226 250 0 250 0 0 1
43672 9 15 8 1 0.108 0.433 0.265 0.915 0.226 249.332 0 249.995 0 0 1
43672 10 15 8 1 0.108 0.433 0.265 0.915 0.226 249.76 0 249.998 0 0 1
43672 1 15 8 1 0.082 0.277 0.389 0.834 0.766 250 0 250 0 0 1
43672 2 15 8 1 0.082 0.277 0.389 0.834 0.766 249.835 0 249.999 0 0 1
43672 3 15 8 1 0.082 0.277 0.389 0.834 0.766 250 0 250 0 0 1
43672 4 15 8 1 0.082 0.277 0.389 0.834 0.766 250 0 250 0 0 1
43672 5 15 8 1 0.082 0.277 0.389 0.834 0.766 250 0 250 0 0 1
43672 6 15 8 1 0.082 0.277 0.389 0.834 0.766 249.776 0 249.996 0 0 1
43672 1 15 5 0 0.059 0.379 0.141 0.847 0.807 249.073 0 249.9 0 0 1
43672 2 15 5 0 0.059 0.379 0.141 0.847 0.807 248.881 0 249.876 0 0 1
43672 3 15 5 0 0.059 0.379 0.141 0.847 0.807 248.837 0 249.871 0 0 1
43672 4 15 5 0 0.059 0.379 0.141 0.847 0.807 248.948 0 249.866 0 0 1
43672 5 15 5 0 0.059 0.379 0.141 0.847 0.807 248.557 0 249.855 0 0 1
43672 6 15 5 0 0.059 0.379 0.141 0.847 0.807 248.352 0 249.87 0 0 1
43672 7 15 5 0 0.059 0.379 0.141 0.847 0.807 248.698 0 249.871 0 0 1
43672 8 15 5 0 0.059 0.379 0.141 0.847 0.807 248.679 0 249.882 0 0 1
43672 9 15 5 0 0.059 0.379 0.141 0.847 0.807 249.202 0 249.905 0 0 1
43672 10 15 5 0 0.059 0.379 0.141 0.847 0.807 248.793 0 249.892 0 0 1
43672 1 15 5 0 0.098 0.225 0.336 0.943 0.996 249.47 0 249.948 0 0 1
43672 2 15 5 0 0.098 0.225 0.336 0.943 0.996 248.802 0 249.897 0 0 1
43672 3 15 5 0 0.098 0.225 0.336 0.943 0.996 249.219 0 249.934 0 0 1
43672 4 15 5 0 0.098 0.225 0.336 0.943 0.996 248.773 0 249.87 0 0 1
43672 5 15 5 0 0.098 0.225 0.336 0.943 0.996 249.201 0 249.912 0 0 1
43672 6 15 5 0 0.098 0.225 0.336 0.943 0.996 248.877 0 249.877 0 0 1
43672 7 15 5 0 0.098 0.225 0.336 0.943 0.996 248.629 0 249.898 0 0 1
43672 1 15 5 1 0.06 0.167 0.411 0.986 0.501 248.532 0 249.864 0 0 1
43672 2 15 5 1 0.06 0.167 0.411 0.986 0.501 248.737 0 249.873 0 0 1
43672 3 15 5 1 0.06 0.167 0.411 0.986 0.501 248.917 0 249.88 0 0 1
43672 4 15 5 1 0.06 0.167 0.411 0.986 0.501 248.964 0 249.906 0 0 1
43672 5 15 5 1 0.06 0.167 0.411 0.986 0.501 248.798 0 249.898 0 0 1
43672 6 15 5 1 0.06 0.167 0.411 0.986 0.501 248.68 0 249.932 0 0 1
43672 7 15 5 1 0.06 0.167 0.411 0.986 0.501 248.521 0 249.862 0 0 1
43672 8 15 5 1 0.06 0.167 0.411 0.986 0.501 248.004 0 249.861 0 0 1
43672 9 15 5 1 0.06 0.167 0.411 0.986 0.501 249.007 0 249.938 0 0 1
43672 10 15 5 1 0.06 0.167 0.411 0.986 0.501 248.956 0 249.905 0 0 1
43672 1 15 5 1 0.053 0.082 0.306 0.879 0.379 249.336 0 249.916 0 0 1
43672 2 15 5 1 0.053 0.082 0.306 0.879 0.379 248.736 0 249.933 0 0 1
43672 3 15 5 1 0.053 0.082 0.306 0.879 0.379 248.78 0 249.876 0 0 1
43672 4 15 5 1 0.053 0.082 0.306 0.879 0.379 248.994 0 249.887 0 0 1
43672 1 15 3 0 0.026 0.386 0.269 0.783 0.106 0 0 0 0 1 1
43672 2 15 3 0 0.026 0.386 0.269 0.783 0.106 0 0 0 0 1 1
43672 3 15 3 0 0.026 0.386 0.269 0.783 0.106 0 0 0 0 1 1
43672 4 15 3 0 0.026 0.386 0.269 0.783 0.106 0 0 0 0 1 1
43672 5 15 3 0 0.026 0.386 0.269 0.783 0.106 0 0 0 0 1 1
43672 6 15 3 0 0.026 0.386 0.269 0.783 0.106 0 0 0 0 1 1
43672 7 15 3 0 0.026 0.386 0.269 0.783 0.106 0 0 0 0 1 1
43672 8 15 3 0 0.026 0.386 0.269 0.783 0.106 0 0 0 0 1 1
43672 9 15 3 0 0.026 0.386 0.269 0.783 0.106 0 0 0 0 1 1
43672 10 15 3 0 0.026 0.386 0.269 0.783 0.106 0 0 0 0 1 1
43672 1 15 3 0 0.086 0.092 0.011 0.759 0.924 0 0 0 0 1 1
43672 2 15 3 0 0.086 0.092 0.011 0.759 0.924 0 0 0 0 1 1
43672 3 15 3 0 0.086 0.092 0.011 0.759 0.924 0 0 0 0 1 1
43672 4 15 3 0 0.086 0.092 0.011 0.759 0.924 0 0 0 0 1 1
43672 5 15 3 0 0.086 0.092 0.011 0.759 0.924 0 0 0 0 1 1
43672 1 15 7 0 0.066 0.279 0.335 0.976 0.53 249.923 0 249.999 0 0 1
43672 2 15 7 0 0.066 0.279 0.335 0.976 0.53 250 0 250 0 0 1
43672 3 15 7 0 0.066 0.279 0.335 0.976 0.53 250 0 250 0 0 1
43672 4 15 7 0 0.066 0.279 0.335 0.976 0.53 249.647 0 249.997 0 0 1
43672 5 15 7 0 0.066 0.279 0.335 0.976 0.53 250 0 250 0 0 1
43672 6 15 7 0 0.066 0.279 0.335 0.976 0.53 250 0 250 0 0 1
43672 7 15 7 0 0.066 0.279 0.335 0.976 0.53 250 0 250 0 0 1
43672 8 15 7 0 0.066 0.279 0.335 0.976 0.53 250 0 250 0 0 1
43672 9 15 7 0 0.066 0.279 0.335 0.976 0.53 250 0 250 0 0 1
43672 10 15 7 0 0.066 0.279 0.335 0.976 0.53 250 0 250 0 0 1
43672 1 15 7 0 0.056 0.296 0.256 0.86 0.568 250 0 250 0 0 1
43672 1 15 5 0 0.053 0.203 0.409 0.909 0.165 248.702 0 249.895 0 0 1
43672 2 15 5 0 0.053 0.203 0.409 0.909 0.165 248.661 0 249.809 0 0 1
43672 3 15 5 0 0.053 0.203 0.409 0.909 0.165 248.562 0 249.832 0 0 1
43672 4 15 5 0 0.053 0.203 0.409 0.909 0.165 248.86 0 249.868 0 0 1
43672 5 15 5 0 0.053 0.203 0.409 0.909 0.165 249.031 0 249.897 0 0 1
43672 6 15 5 0 0.053 0.203 0.409 0.909 0.165 248.886 0 249.907 0 0 1
43672 7 15 5 0 0.053 0.203 0.409 0.909 0.165 249.093 0 249.921 0 0 1
43672 8 15 5 0 0.053 0.203 0.409 0.909 0.165 248.904 0 249.868 0 0 1
43672 9 15 5 0 0.053 0.203 0.409 0.909 0.165 248.183 0 249.847 0 0 1
43672 10 15 5 0 0.053 0.203 0.409 0.909 0.165 249.003 0 249.895 0 0 1
43672 1 15 5 0 0.052 0.482 0.379 0.989 0.1 249.381 0 249.912 0 0 1
43672 1 15 3 1 0.023 0.092 0.316 0.792 0.049 0 0 0 0 1 1
43672 2 15 3 1 0.023 0.092 0.316 0.792 0.049 0 0 0 0 1 1
43672 3 15 3 1 0.023 0.092 0.316 0.792 0.049 0 0 0 0 1 1
43672 4 15 3 1 0.023 0.092 0.316 0.792 0.049 0 0 0 0 1 1
43672 5 15 3 1 0.023 0.092 0.316 0.792 0.049 0 0 0 0 1 1
43672 6 15 3 1 0.023 0.092 0.316 0.792 0.049 0 0 0 0 1 1
43672 7 15 3 1 0.023 0.092 0.316 0.792 0.049 0 0 0 0 1 1
43672 8 15 3 1 0.023 0.092 0.316 0.792 0.049 0 0 0 0 1 1
43672 9 15 3 1 0.023 0.092 0.316 0.792 0.049 0 0 0 0 1 1
43672 10 15 3 1 0.023 0.092 0.316 0.792 0.049 0 0 0 0 1 1
43672 1 15 10 0 0.042 0.337 0.047 0.881 0.376 250 0 250 0 0 1
43672 2 15 10 0 0.042 0.337 0.047 0.881 0.376 250 0 250 0 0 1
43672 3 15 10 0 0.042 0.337 0.047 0.881 0.376 250 0 250 0 0 1
43672 4 15 10 0 0.042 0.337 0.047 0.881 0.376 250 0 250 0 0 1
43672 5 15 10 0 0.042 0.337 0.047 0.881 0.376 250 0 250 0 0 1
43672 6 15 10 0 0.042 0.337 0.047 0.881 0.376 250 0 250 0 0 1
43672 7 15 10 0 0.042 0.337 0.047 0.881 0.376 249.836 0 249.999 0 0 1
43672 8 15 10 0 0.042 0.337 0.047 0.881 0.376 250 0 250 0 0 1
43672 9 15 10 0 0.042 0.337 0.047 0.881 0.376 250 0 250 0 0 1
43672 10 15 10 0 0.042 0.337 0.047 0.881 0.376 250 0 250 0 0 1
43672 1 15 10 0 0.098 0.157 0.04 0.886 0.926 250 0 250 0 0 1
43672 1 15 10 0 0.104 0.385 0.095 0.874 0.405 250 0 250 0 0 1
43672 2 15 10 0 0.104 0.385 0.095 0.874 0.405 250 0 250 0 0 1
43672 3 15 10 0 0.104 0.385 0.095 0.874 0.405 250 0 250 0 0 1
43672 4 15 10 0 0.104 0.385 0.095 0.874 0.405 250 0 250 0 0 1
43672 5 15 10 0 0.104 0.385 0.095 0.874 0.405 250 0 250 0 0 1
43672 6 15 10 0 0.104 0.385 0.095 0.874 0.405 250 0 250 0 0 1
43672 7 15 10 0 0.104 0.385 0.095 0.874 0.405 250 0 250 0 0 1
43672 8 15 10 0 0.104 0.385 0.095 0.874 0.405 249.616 0 249.997 0 0 1
43672 9 15 10 0 0.104 0.385 0.095 0.874 0.405 250 0 250 0 0 1
43672 10 15 10 0 0.104 0.385 0.095 0.874 0.405 250 0 250 0 0 1
43672 1 15 10 0 0.017 0.368 0.225 0.846 0.378 250 0 250 0 0 1
43672 2 15 10 0 0.017 0.368 0.225 0.846 0.378 250 0 250 0 0 1
43672 3 15 10 0 0.017 0.368 0.225 0.846 0.378 250 0 250 0 0 1
43672 4 15 10 0 0.017 0.368 0.225 0.846 0.378 250 0 250 0 0 1
43672 5 15 10 0 0.017 0.368 0.225 0.846 0.378 250 0 250 0 0 1
43672 6 15 10 0 0.017 0.368 0.225 0.846 0.378 250 0 250 0 0 1
43672 7 15 10 0 0.017 0.368 0.225 0.846 0.378 249.836 0 249.999 0 0 1
43672 8 15 10 0 0.017 0.368 0.225 0.846 0.378 250 0 250 0 0 1
43672 9 15 10 0 0.017 0.368 0.225 0.846 0.378 250 0 250 0 0 1
43672 10 15 10 0 0.017 0.368 0.225 0.846 0.378 250 0 250 0 0 1
43672 1 15 10 0 0.095 0.043 0.238 0.78 0.086 250 0 250 0 0 1
43672 2 15 10 0 0.095 0.043 0.238 0.78 0.086 250 0 250 0 0 1
43672 3 15 10 0 0.095 0.043 0.238 0.78 0.086 250 0 250 0 0 1
43672 1 15 4 0 0.069 0.082 0.469 0.833 0.111 207.745 0 209.393 0 0 1
43672 2 15 4 0 0.069 0.082 0.469 0.833 0.111 207.088 0 209.262 0 0 1
43672 3 15 4 0 0.069 0.082 0.469 0.833 0.111 206.633 0 209.269 0 0 1
43672 4 15 4 0 0.069 0.082 0.469 0.833 0.111 207.895 0 209.333 0 0 1
43672 5 15 4 0 0.069 0.082 0.469 0.833 0.111 208.009 0 209.423 0 0 1
43672 6 15 4 0 0.069 0.082 0.469 0.833 0.111 205.428 0 208.614 0 0 1
43672 7 15 4 0 0.069 0.082 0.469 0.833 0.111 207.078 0 209.263 0 0 1
43672 8 15 4 0 0.069 0.082 0.469 0.833 0.111 207.681 0 209.36 0 0 1
43672 9 15 4 0 0.069 0.082 0.469 0.833 0.111 207.622 0 209.362 0 0 1
43672 10 15 4 0 0.069 0.082 0.469 0.833 0.111 206.956 0 209.339 0 0 1
43672 1 15 4 0 0.052 0.338 0.364 0.757 0.081 196.4 0 198.978 0 0 1
43672 1 15 8 1 0.067 0.085 0.324 0.871 0.291 250 0 250 0 0 1
43672 2 15 8 1 0.067 0.085 0.324 0.871 0.291 250 0 250 0 0 1
43672 3 15 8 1 0.067 0.085 0.324 0.871 0.291 250 0 250 0 0 1
43672 4 15 8 1 0.067 0.085 0.324 0.871 0.291 250 0 250 0 0 1
43672 5 15 8 1 0.067 0.085 0.324 0.871 0.291 249.776 0 249.999 0 0 1
43672 6 15 8 1 0.067 0.085 0.324 0.871 0.291 249.489 0 249.997 0 0 1
43672 7 15 8 1 0.067 0.085 0.324 0.871 0.291 250 0 250 0 0 1
43672 8 15 8 1 0.067 0.085 0.324 0.871 0.291 249.97 0 250 0 0 1
43672 9 15 8 1 0.067 0.085 0.324 0.871 0.291 250 0 250 0 0 1
43672 10 15 8 1 0.067 0.085 0.324 0.871 0.291 250 0 250 0 0 1
43672 1 15 8 0 0.052 0.249 0.26 0.932 0.076 250 0 250 0 0 1
43672 2 15 8 0 0.052 0.249 0.26 0.932 0.076 250 0 250 0 0 1
43672 3 15 8 0 0.052 0.249 0.26 0.932 0.076 250 0 250 0 0 1
43672 4 15 8 0 0.052 0.249 0.26 0.932 0.076 250 0 250 0 0 1
43672 5 15 8 0 0.052 0.249 0.26 0.932 0.076 249.786 0 249.999 0 0 1
43672 6 15 8 0 0.052 0.249 0.26 0.932 0.076 250 0 250 0 0 1
43672 7 15 8 0 0.052 0.249 0.26 0.932 0.076 249.776 0 249.999 0 0 1
43672 8 15 8 0 0.052 0.249 0.26 0.932 0.076 250 0 250 0 0 1
43672 9 15 8 0 0.052 0.249 0.26 0.932 0.076 250 0 250 0 0 1
43672 10 15 8 0 0.052 0.249 0.26 0.932 0.076 250 0 250 0 0 1
43672 1 15 8 0 0.005 0.438 0.407 0.844 0.819 250 0 250 0 0 1
43672 1 15 5 1 0.095 0.369 0.146 0.868 0.92 249.055 0 249.893 0 0 1
43672 2 15 5 1 0.095 0.369 0.146 0.868 0.92 249.198 0 249.904 0 0 1
43672 3 15 5 1 0.095 0.369 0.146 0.868 0.92 248.995 0 249.883 0 0 1
43672 4 15 5 1 0.095 0.369 0.146 0.868 0.92 248.799 0 249.922 0 0 1
43672 5 15 5 1 0.095 0.369 0.146 0.868 0.92 249.209 0 249.889 0 0 1
43672 6 15 5 1 0.095 0.369 0.146 0.868 0.92 248.918 0 249.882 0 0 1
43672 7 15 5 1 0.095 0.369 0.146 0.868 0.92 249.204 0 249.923 0 0 1
43672 8 15 5 1 0.095 0.369 0.146 0.868 0.92 248.04 0 249.858 0 0 1
43672 9 15 5 1 0.095 0.369 0.146 0.868 0.92 248.926 0 249.92 0 0 1
43672 10 15 5 1 0.095 0.369 0.146 0.868 0.92 248.956 0 249.914 0 0 1
43672 1 15 7 1 0.063 0.351 0.066 0.977 0.285 250 0 250 0 0 1
43672 2 15 7 1 0.063 0.351 0.066 0.977 0.285 249.968 0 250 0 0 1
43672 3 15 7 1 0.063 0.351 0.066 0.977 0.285 249.923 0 249.999 0 0 1
43672 4 15 7 1 0.063 0.351 0.066 0.977 0.285 249.806 0 249.998 0 0 1
43672 5 15 7 1 0.063 0.351 0.066 0.977 0.285 249.893 0 249.998 0 0 1
43672 6 15 7 1 0.063 0.351 0.066 0.977 0.285 250 0 250 0 0 1
43672 7 15 7 1 0.063 0.351 0.066 0.977 0.285 250 0 250 0 0 1
43672 8 15 7 1 0.063 0.351 0.066 0.977 0.285 249.657 0 249.996 0 0 1
43672 9 15 7 1 0.063 0.351 0.066 0.977 0.285 249.934 0 250 0 0 1
43672 10 15 7 1 0.063 0.351 0.066 0.977 0.285 250 0 250 0 0 1
43672 1 15 6 1 0.072 0.312 0.134 0.957 0.569 249.7 0 249.997 0 0 1
43672 2 15 6 1 0.072 0.312 0.134 0.957 0.569 250 0 250 0 0 1
43672 3 15 6 1 0.072 0.312 0.134 0.957 0.569 249.615 0 249.993 0 0 1
43672 4 15 6 1 0.072 0.312 0.134 0.957 0.569 249.934 0 249.999 0 0 1
43672 5 15 6 1 0.072 0.312 0.134 0.957 0.569 249.991 0 250 0 0 1
43672 6 15 6 1 0.072 0.312 0.134 0.957 0.569 249.625 0 249.996 0 0 1
43672 7 15 6 1 0.072 0.312 0.134 0.957 0.569 249.48 0 249.988 0 0 1
43672 8 15 6 1 0.072 0.312 0.134 0.957 0.569 249.694 0 249.992 0 0 1
43672 9 15 6 1 0.072 0.312 0.134 0.957 0.569 249.885 0 249.997 0 0 1
43672 10 15 6 1 0.072 0.312 0.134 0.957 0.569 249.635 0 249.995 0 0 1
43672 1 15 5 1 0.007 0.476 0.37 0.963 0.073 248.756 0 249.836 0 0 1
43672 2 15 5 1 0.007 0.476 0.37 0.963 0.073 248.792 0 249.904 0 0 1
43672 3 15 5 1 0.007 0.476 0.37 0.963 0.073 248.945 0 249.893 0 0 1
43672 4 15 5 1 0.007 0.476 0.37 0.963 0.073 248.867 0 249.874 0 0 1
43672 5 15 5 1 0.007 0.476 0.37 0.963 0.073 249.004 0 249.887 0 0 1
43672 6 15 5 1 0.007 0.476 0.37 0.963 0.073 248.517 0 249.82 0 0 1
43672 7 15 5 1 0.007 0.476 0.37 0.963 0.073 248.494 0 249.914 0 0 1
43672 8 15 5 1 0.007 0.476 0.37 0.963 0.073 247.466 0 249.832 0 0 1
43672 9 15 5 1 0.007 0.476 0.37 0.963 0.073 249.012 0 249.876 0 0 1
43672 10 15 5 1 0.007 0.476 0.37 0.963 0.073 248.97 0 249.898 0 0 1
43672 1 15 5 1 0.085 0.303 0.415 0.799 0.588 249.012 0 249.894 0 0 1
43672 1 15 10 0 0.004 0.147 0.484 0.827 0.49 250 0 250 0 0 1
43672 2 15 10 0 0.004 0.147 0.484 0.827 0.49 250 0 250 0 0 1
43672 3 15 10 0 0.004 0.147 0.484 0.827 0.49 250 0 250 0 0 1
43672 4 15 10 0 0.004 0.147 0.484 0.827 0.49 249.836 0 249.999 0 0 1
43672 5 15 10 0 0.004 0.147 0.484 0.827 0.49 250 0 250 0 0 1
43672 6 15 10 0 0.004 0.147 0.484 0.827 0.49 250 0 250 0 0 1
43672 7 15 10 0 0.004 0.147 0.484 0.827 0.49 250 0 250 0 0 1
43672 8 15 10 0 0.004 0.147 0.484 0.827 0.49 250 0 250 0 0 1
43672 9 15 10 0 0.004 0.147 0.484 0.827 0.49 250 0 250 0 0 1
43672 10 15 10 0 0.004 0.147 0.484 0.827 0.49 250 0 250 0 0 1
43672 1 15 10 0 0.078 0.229 0.32 0.786 0.29 250 0 250 0 0 1
43672 2 15 10 0 0.078 0.229 0.32 0.786 0.29 250 0 250 0 0 1
43672 3 15 10 0 0.078 0.229 0.32 0.786 0.29 250 0 250 0 0 1
43672 1 15 4 0 0.036 0.269 0.168 0.774 0.612 207.709 0 209.285 0 0 1
43672 2 15 4 0 0.036 0.269 0.168 0.774 0.612 207.303 0 209.313 0 0 1
43672 3 15 4 0 0.036 0.269 0.168 0.774 0.612 206.847 0 209.356 0 0 1
43672 4 15 4 0 0.036 0.269 0.168 0.774 0.612 207.541 0 209.401 0 0 1
43672 5 15 4 0 0.036 0.269 0.168 0.774 0.612 207.915 0 209.403 0 0 1
43672 6 15 4 0 0.036 0.269 0.168 0.774 0.612 205.557 0 209.14 0 0 1
43672 7 15 4 0 0.036 0.269 0.168 0.774 0.612 197.68 0 199.408 0 0 1
43672 8 15 4 0 0.036 0.269 0.168 0.774 0.612 207.501 0 209.31 0 0 1
43672 9 15 4 0 0.036 0.269 0.168 0.774 0.612 187.251 0 189.428 0 0 1
43672 10 15 4 0 0.036 0.269 0.168 0.774 0.612 196.136 0 198.806 0 0 1
43672 1 15 4 0 0.091 0.377 0.159 0.98 0.096 111.71 0 114.667 0 0 1
43672 2 15 4 0 0.091 0.377 0.159 0.98 0.096 107.11 0 109.857 0 0 1
43672 3 15 4 0 0.091 0.377 0.159 0.98 0.096 115.315 0 117.32 0 0 1
43672 1 15 6 1 0.018 0.316 0.2 0.793 0.928 249.628 0 249.995 0 0 1
43672 2 15 6 1 0.018 0.316 0.2 0.793 0.928 249.708 0 249.995 0 0 1
43672 3 15 6 1 0.018 0.316 0.2 0.793 0.928 249.696 0 249.998 0 0 1
43672 4 15 6 1 0.018 0.316 0.2 0.793 0.928 249.705 0 249.995 0 0 1
43672 5 15 6 1 0.018 0.316 0.2 0.793 0.928 249.692 0 249.995 0 0 1
43672 6 15 6 1 0.018 0.316 0.2 0.793 0.928 249.593 0 249.995 0 0 1
43672 7 15 6 1 0.018 0.316 0.2 0.793 0.928 249.494 0 249.995 0 0 1
43672 8 15 6 1 0.018 0.316 0.2 0.793 0.928 249.74 0 249.993 0 0 1
43672 9 15 6 1 0.018 0.316 0.2 0.793 0.928 249.694 0 249.998 0 0 1
43672 10 15 6 1 0.018 0.316 0.2 0.793 0.928 249.857 0 249.998 0 0 1
43672 1 15 6 1 0.051 0.056 0.42 0.999 0.191 249.821 0 249.999 0 0 1
43672 2 15 6 1 0.051 0.056 0.42 0.999 0.191 249.7 0 249.997 0 0 1
43672 1 15 8 0 0.092 0.494 0.467 0.822 0.219 249.999 0 250 0 0 1
43672 2 15 8 0 0.092 0.494 0.467 0.822 0.219 249.907 0 249.999 0 0 1
43672 3 15 8 0 0.092 0.494 0.467 0.822 0.219 250 0 250 0 0 1
43672 4 15 8 0 0.092 0.494 0.467 0.822 0.219 250 0 250 0 0 1
43672 5 15 8 0 0.092 0.494 0.467 0.822 0.219 249.955 0 250 0 0 1
43672 6 15 8 0 0.092 0.494 0.467 0.822 0.219 250 0 250 0 0 1
43672 7 15 8 0 0.092 0.494 0.467 0.822 0.219 250 0 250 0 0 1
43672 8 15 8 0 0.092 0.494 0.467 0.822 0.219 250 0 250 0 0 1
43672 9 15 8 0 0.092 0.494 0.467 0.822 0.219 249.758 0 249.998 0 0 1
43672 10 15 8 0 0.092 0.494 0.467 0.822 0.219 249.774 0 249.998 0 0 1
43672 1 15 8 0 0.052 0.284 0.072 0.951 0.272 249.976 0 250 0 0 1
43672 2 15 8 0 0.052 0.284 0.072 0.951 0.272 249.898 0 249.999 0 0 1
43672 3 15 8 0 0.052 0.284 0.072 0.951 0.272 250 0 250 0 0 1
43672 4 15 8 0 0.052 0.284 0.072 0.951 0.272 250 0 250 0 0 1
43672 5 15 8 0 0.052 0.284 0.072 0.951 0.272 250 0 250 0 0 1
43672 6 15 8 0 0.052 0.284 0.072 0.951 0.272 250 0 250 0 0 1
43672 7 15 8 0 0.052 0.284 0.072 0.951 0.272 250 0 250 0 0 1
43672 8 15 8 0 0.052 0.284 0.072 0.951 0.272 250 0 250 0 0 1
43672 9 15 8 0 0.052 0.284 0.072 0.951 0.272 250 0 250 0 0 1
43672 10 15 8 0 0.052 0.284 0.072 0.951 0.272 249.966 0 250 0 0 1
43672 1 15 8 0 0.017 0.22 0.293 0.914 0.612 250 0 250 0 0 1
43672 2 15 8 0 0.017 0.22 0.293 0.914 0.612 249.776 0 249.999 0 0 1
43672 3 15 8 0 0.017 0.22 0.293 0.914 0.612 250 0 250 0 0 1
43672 1 15 6 0 0.096 0.359 0.262 0.795 0.96 249.677 0 249.995 0 0 1
43672 2 15 6 0 0.096 0.359 0.262 0.795 0.96 249.788 0 249.998 0 0 1
43672 3 15 6 0 0.096 0.359 0.262 0.795 0.96 249.981 0 250 0 0 1
43672 4 15 6 0 0.096 0.359 0.262 0.795 0.96 249.927 0 249.999 0 0 1
43672 5 15 6 0 0.096 0.359 0.262 0.795 0.96 249 0 249.983 0 0 1
43672 6 15 6 0 0.096 0.359 0.262 0.795 0.96 249.861 0 249.998 0 0 1
43672 7 15 6 0 0.096 0.359 0.262 0.795 0.96 249.279 0 249.985 0 0 1
43672 8 15 6 0 0.096 0.359 0.262 0.795 0.96 249.567 0 249.995 0 0 1
43672 9 15 6 0 0.096 0.359 0.262 0.795 0.96 249.659 0 249.991 0 0 1
43672 10 15 6 0 0.096 0.359 0.262 0.795 0.96 249.905 0 249.999 0 0 1
43672 1 15 6 0 0.061 0.26 0.464 0.831 0.685 249.866 0 249.998 0 0 1
43672 2 15 6 0 0.061 0.26 0.464 0.831 0.685 249.696 0 249.992 0 0 1
43672 3 15 6 0 0.061 0.26 0.464 0.831 0.685 249.765 0 249.996 0 0 1
43672 1 15 7 0 0.043 0.105 0.481 0.962 0.914 249.735 0 249.998 0 0 1
43672 2 15 7 0 0.043 0.105 0.481 0.962 0.914 249.716 0 249.998 0 0 1
43672 3 15 7 0 0.043 0.105 0.481 0.962 0.914 250 0 250 0 0 1
43672 4 15 7 0 0.043 0.105 0.481 0.962 0.914 250 0 250 0 0 1
43672 5 15 7 0 0.043 0.105 0.481 0.962 0.914 250 0 250 0 0 1
43672 6 15 7 0 0.043 0.105 0.481 0.962 0.914 249.933 0 249.999 0 0 1
43672 7 15 7 0 0.043 0.105 0.481 0.962 0.914 250 0 250 0 0 1
43672 8 15 7 0 0.043 0.105 0.481 0.962 0.914 250 0 250 0 0 1
43672 9 15 7 0 0.043 0.105 0.481 0.962 0.914 249.914 0 249.999 0 0 1
43672 10 15 7 0 0.043 0.105 0.481 0.962 0.914 249.891 0 249.999 0 0 1
43672 1 15 7 0 0.091 0.03 0.003 0.951 0.462 249.667 0 249.998 0 0 1
43672 2 15 7 0 0.091 0.03 0.003 0.951 0.462 250 0 250 0 0 1
43672 3 15 7 0 0.091 0.03 0.003 0.951 0.462 249.934 0 250 0 0 1
43672 1 15 7 1 0.099 0.416 0.494 0.971 0.267 250 0 250 0 0 1
43672 2 15 7 1 0.099 0.416 0.494 0.971 0.267 250 0 250 0 0 1
43672 3 15 7 1 0.099 0.416 0.494 0.971 0.267 250 0 250 0 0 1
43672 4 15 7 1 0.099 0.416 0.494 0.971 0.267 249.934 0 249.999 0 0 1
43672 5 15 7 1 0.099 0.416 0.494 0.971 0.267 249.798 0 249.997 0 0 1
43672 6 15 7 1 0.099 0.416 0.494 0.971 0.267 249.892 0 249.999 0 0 1
43672 7 15 7 1 0.099 0.416 0.494 0.971 0.267 250 0 250 0 0 1
43672 8 15 7 1 0.099 0.416 0.494 0.971 0.267 249.978 0 250 0 0 1
43672 9 15 7 1 0.099 0.416 0.494 0.971 0.267 249.918 0 249.999 0 0 1
43672 10 15 7 1 0.099 0.416 0.494 0.971 0.267 249.572 0 249.997 0 0 1
43672 1 15 7 1 0.046 0.392 0.431 0.764 0.238 250 0 250 0 0 1
43672 2 15 7 1 0.046 0.392 0.431 0.764 0.238 249.931 0 249.999 0 0 1
43672 1 15 3 0 0.107 0.327 0.472 0.902 0.989 0 0 0 0 1 1
43672 2 15 3 0 0.107 0.327 0.472 0.902 0.989 0 0 0 0 1 1
43672 3 15 3 0 0.107 0.327 0.472 0.902 0.989 0 0 0 0 1 1
43672 4 15 3 0 0.107 0.327 0.472 0.902 0.989 0 0 0 0 1 1
43672 5 15 3 0 0.107 0.327 0.472 0.902 0.989 0 0 0 0 1 1
43672 6 15 3 0 0.107 0.327 0.472 0.902 0.989 0 0 0 0 1 1
43672 7 15 3 0 0.107 0.327 0.472 0.902 0.989 0 0 0 0 1 1
43672 8 15 3 0 0.107 0.327 0.472 0.902 0.989 0 0 0 0 1 1
43672 9 15 3 0 0.107 0.327 0.472 0.902 0.989 0 0 0 0 1 1
43672 10 15 3 0 0.107 0.327 0.472 0.902 0.989 0 0 0 0 1 1
43672 1 15 3 0 0.115 0.284 0.349 0.827 0.515 0 0 0 0 1 1
43672 2 15 3 0 0.115 0.284 0.349 0.827 0.515 0 0 0 0 1 1
43672 1 15 4 0 0.056 0.121 0.479 0.984 0.131 206.961 0 209.212 0 0 1
43672 2 15 4 0 0.056 0.121 0.479 0.984 0.131 207.202 0 209.344 0 0 1
43672 3 15 4 0 0.056 0.121 0.479 0.984 0.131 198.101 0 203.451 0 0 1
43672 4 15 4 0 0.056 0.121 0.479 0.984 0.131 197.364 0 199.33 0 0 1
43672 5 15 4 0 0.056 0.121 0.479 0.984 0.131 197.343 0 199.265 0 0 1
43672 6 15 4 0 0.056 0.121 0.479 0.984 0.131 197.63 0 199.385 0 0 1
43672 7 15 4 0 0.056 0.121 0.479 0.984 0.131 207.9 0 209.442 0 0 1
43672 8 15 4 0 0.056 0.121 0.479 0.984 0.131 207.267 0 209.439 0 0 1
43672 9 15 4 0 0.056 0.121 0.479 0.984 0.131 196.768 0 199.229 0 0 1
43672 10 15 4 0 0.056 0.121 0.479 0.984 0.131 207.979 0 209.453 0 0 1
43672 1 15 4 0 0.079 0.417 0.136 0.838 0.382 207.271 0 209.188 0 0 1
43672 2 15 4 0 0.079 0.417 0.136 0.838 0.382 206.055 0 208.809 0 0 1
43672 1 15 7 0 0.096 0.028 0.206 0.781 0.172 249.934 0 249.999 0 0 1
43672 2 15 7 0 0.096 0.028 0.206 0.781 0.172 249.792 0 249.998 0 0 1
43672 3 15 7 0 0.096 0.028 0.206 0.781 0.172 249.977 0 250 0 0 1
43672 4 15 7 0 0.096 0.028 0.206 0.781 0.172 249.666 0 249.998 0 0 1
43672 5 15 7 0 0.096 0.028 0.206 0.781 0.172 250 0 250 0 0 1
43672 6 15 7 0 0.096 0.028 0.206 0.781 0.172 250 0 250 0 0 1
43672 7 15 7 0 0.096 0.028 0.206 0.781 0.172 249.881 0 249.999 0 0 1
43672 8 15 7 0 0.096 0.028 0.206 0.781 0.172 249.898 0 249.999 0 0 1
43672 9 15 7 0 0.096 0.028 0.206 0.781 0.172 250 0 250 0 0 1
43672 10 15 7 0 0.096 0.028 0.206 0.781 0.172 249.978 0 250 0 0 1
43672 1 15 7 0 0.039 0.153 0.37 0.832 0.214 249.912 0 249.999 0 0 1
43672 2 15 7 0 0.039 0.153 0.37 0.832 0.214 249.591 0 249.996 0 0 1
43672 1 15 9 1 0.112 0.295 0.034 0.986 0.337 249.947 0 250 0 0 1
43672 2 15 9 1 0.112 0.295 0.034 0.986 0.337 250 0 250 0 0 1
43672 3 15 9 1 0.112 0.295 0.034 0.986 0.337 250 0 250 0 0 1
43672 4 15 9 1 0.112 0.295 0.034 0.986 0.337 250 0 250 0 0 1
43672 5 15 9 1 0.112 0.295 0.034 0.986 0.337 250 0 250 0 0 1
43672 6 15 9 1 0.112 0.295 0.034 0.986 0.337 250 0 250 0 0 1
43672 7 15 9 1 0.112 0.295 0.034 0.986 0.337 250 0 250 0 0 1
43672 8 15 9 1 0.112 0.295 0.034 0.986 0.337 249.808 0 249.999 0 0 1
43672 9 15 9 1 0.112 0.295 0.034 0.986 0.337 250 0 250 0 0 1
43672 10 15 9 1 0.112 0.295 0.034 0.986 0.337 250 0 250 0 0 1
43672 1 15 9 1 0.073 0.278 0.479 0.883 0.057 250 0 250 0 0 1
43672 1 15 10 1 0.045 0.093 0.051 0.888 0.075 249.158 0 249.973 10.473 0 0.893
43672 2 15 10 1 0.045 0.093 0.051 0.888 0.075 249.13 0 249.935 10.027 0 0.893
43672 3 15 10 1 0.045 0.093 0.051 0.888 0.075 248 0 249.915 9.247 0 0.887
43672 4 15 10 1 0.045 0.093 0.051 0.888 0.075 249.118 0 249.969 10.92 0 0.887
43672 5 15 10 1 0.045 0.093 0.051 0.888 0.075 249.013 0 249.96 10.793 0 0.9
43672 6 15 10 1 0.045 0.093 0.051 0.888 0.075 248.676 0 249.944 12.567 0 0.88
43672 7 15 10 1 0.045 0.093 0.051 0.888 0.075 249 0 249.96 12.693 0 0.88
43672 8 15 10 1 0.045 0.093 0.051 0.888 0.075 248.347 1 249.878 9.8 0 0.887
43672 9 15 10 1 0.045 0.093 0.051 0.888 0.075 248 0 249.912 12.6 0 0.867
43672 10 15 10 1 0.045 0.093 0.051 0.888 0.075 249.05 0 249.937 8.053 0 0.9
43672 1 15 4 0 0.049 0.377 0.226 0.818 0.697 206.964 0 209.316 0 0 1
43672 2 15 4 0 0.049 0.377 0.226 0.818 0.697 195.813 0 199.115 0 0 1
43672 3 15 4 0 0.049 0.377 0.226 0.818 0.697 207.484 0 209.244 0 0 1
43672 4 15 4 0 0.049 0.377 0.226 0.818 0.697 207.787 0 209.328 0 0 1
43672 5 15 4 0 0.049 0.377 0.226 0.818 0.697 207.391 0 209.257 0 0 1
43672 6 15 4 0 0.049 0.377 0.226 0.818 0.697 197.436 0 199.345 0 0 1
43672 7 15 4 0 0.049 0.377 0.226 0.818 0.697 206.392 0 209.274 0 0 1
43672 8 15 4 0 0.049 0.377 0.226 0.818 0.697 197.319 0 199.372 0 0 1
43672 9 15 4 0 0.049 0.377 0.226 0.818 0.697 206.329 0 209.149 0 0 1
43672 10 15 4 0 0.049 0.377 0.226 0.818 0.697 197.937 0 199.398 0 0 1
43672 1 15 4 0 0.028 0.067 0.125 0.965 0.943 206.896 0 209.298 0 0 1
43672 2 15 4 0 0.028 0.067 0.125 0.965 0.943 206.118 0 209.21 0 0 1
43672 1 15 3 1 0.097 0.452 0.192 0.98 0.222 0 0 0 0 1 1
43672 2 15 3 1 0.097 0.452 0.192 0.98 0.222 0 0 0 0 1 1
43672 3 15 3 1 0.097 0.452 0.192 0.98 0.222 0 0 0 0 1 1
43672 4 15 3 1 0.097 0.452 0.192 0.98 0.222 0 0 0 0 1 1
43672 5 15 3 1 0.097 0.452 0.192 0.98 0.222 0 0 0 0 1 1
43672 6 15 3 1 0.097 0.452 0.192 0.98 0.222 0 0 0 0 1 1
43672 7 15 3 1 0.097 0.452 0.192 0.98 0.222 0 0 0 0 1 1
43672 8 15 3 1 0.097 0.452 0.192 0.98 0.222 0 0 0 0 1 1
43672 9 15 3 1 0.097 0.452 0.192 0.98 0.222 0 0 0 0 1 1
43672 10 15 3 1 0.097 0.452 0.192 0.98 0.222 0 0 0 0 1 1
43672 1 15 3 1 0.1 0.067 0.467 0.9 0.809 0 0 0 0 1 1
43672 1 15 6 1 0.062 0.111 0.356 0.993 0.162 249.354 0 249.989 0 0 1
43672 2 15 6 1 0.062 0.111 0.356 0.993 0.162 249.245 0 249.99 0 0 1
43672 3 15 6 1 0.062 0.111 0.356 0.993 0.162 249.864 0 249.998 0 0 1
43672 4 15 6 1 0.062 0.111 0.356 0.993 0.162 249.532 0 249.991 0 0 1
43672 5 15 6 1 0.062 0.111 0.356 0.993 0.162 249.767 0 249.996 0 0 1
43672 6 15 6 1 0.062 0.111 0.356 0.993 0.162 249.629 0 249.997 0 0 1
43672 7 15 6 1 0.062 0.111 0.356 0.993 0.162 249.907 0 249.999 0 0 1
43672 8 15 6 1 0.062 0.111 0.356 0.993 0.162 249.57 0 249.994 0 0 1
43672 9 15 6 1 0.062 0.111 0.356 0.993 0.162 249.672 0 249.996 0 0 1
43672 10 15 6 1 0.062 0.111 0.356 0.993 0.162 249.518 0 249.993 0 0 1
43672 1 15 6 1 0.08 0.374 0.473 0.911 0.633 249.759 0 249.998 0 0 1
43672 2 15 6 1 0.08 0.374 0.473 0.911 0.633 249.66 0 249.991 0 0 1
43672 3 15 6 1 0.08 0.374 0.473 0.911 0.633 249.764 0 249.998 0 0 1
43672 4 15 6 1 0.08 0.374 0.473 0.911 0.633 249.704 0 249.996 0 0 1
43672 5 15 6 1 0.08 0.374 0.473 0.911 0.633 249.674 0 249.994 0 0 1
43672 6 15 6 1 0.08 0.374 0.473 0.911 0.633 249.836 0 249.999 0 0 1
43672 7 15 6 1 0.08 0.374 0.473 0.911 0.633 249.701 0 249.997 0 0 1
43672 8 15 6 1 0.08 0.374 0.473 0.911 0.633 249.849 0 249.998 0 0 1
43672 9 15 6 1 0.08 0.374 0.473 0.911 0.633 249.657 0 249.996 0 0 1
43672 10 15 6 1 0.08 0.374 0.473 0.911 0.633 249.254 0 249.984 0 0 1
43672 1 15 5 1 0.113 0.324 0.303 0.877 0.012 244.421 1903 247.957 2363.24 0 0
43672 2 15 5 1 0.113 0.324 0.303 0.877 0.012 245.121 1879 248.186 2243.073 0 0
43672 3 15 5 1 0.113 0.324 0.303 0.877 0.012 244.244 1800 247.618 2234.68 0 0
43672 4 15 5 1 0.113 0.324 0.303 0.877 0.012 245.749 1816 248.482 2258.033 0 0
43672 5 15 5 1 0.113 0.324 0.303 0.877 0.012 245.068 1964 248.196 2392.147 0 0
43672 6 15 5 1 0.113 0.324 0.303 0.877 0.012 245.744 1918 248.313 2267.733 0 0
43672 7 15 5 1 0.113 0.324 0.303 0.877 0.012 243.649 1849 247.709 2205.467 0 0
43672 8 15 5 1 0.113 0.324 0.303 0.877 0.012 244.546 1952 248.055 2290.1 0 0
43672 1 15 7 0 0.12 0.179 0.036 0.755 0.688 250 0 250 0 0 1
43672 2 15 7 0 0.12 0.179 0.036 0.755 0.688 249.923 0 249.999 0 0 1
43672 3 15 7 0 0.12 0.179 0.036 0.755 0.688 250 0 250 0 0 1
43672 4 15 7 0 0.12 0.179 0.036 0.755 0.688 250 0 250 0 0 1
43672 5 15 7 0 0.12 0.179 0.036 0.755 0.688 249.972 0 250 0 0 1
43672 6 15 7 0 0.12 0.179 0.036 0.755 0.688 249.75 0 249.998 0 0 1
43672 7 15 7 0 0.12 0.179 0.036 0.755 0.688 249.688 0 249.996 0 0 1
43672 8 15 7 0 0.12 0.179 0.036 0.755 0.688 250 0 250 0 0 1
43672 9 15 7 0 0.12 0.179 0.036 0.755 0.688 250 0 250 0 0 1
43672 10 15 7 0 0.12 0.179 0.036 0.755 0.688 249.934 0 250 0 0 1
43672 1 15 7 0 0.101 0.02 0.326 0.98 0.733 250 0 250 0 0 1
43672 2 15 7 0 0.101 0.02 0.326 0.98 0.733 249.933 0 249.999 0 0 1
43672 1 15 9 0 0.078 0.377 0.064 0.972 0.809 250 0 250 0 0 1
43672 2 15 9 0 0.078 0.377 0.064 0.972 0.809 250 0 250 0 0 1
43672 3 15 9 0 0.078 0.377 0.064 0.972 0.809 250 0 250 0 0 1
43672 4 15 9 0 0.078 0.377 0.064 0.972 0.809 250 0 250 0 0 1
43672 5 15 9 0 0.078 0.377 0.064 0.972 0.809 249.992 0 250 0 0 1
43672 6 15 9 0 0.078 0.377 0.064 0.972 0.809 250 0 250 0 0 1
43672 7 15 9 0 0.078 0.377 0.064 0.972 0.809 250 0 250 0 0 1
43672 8 15 9 0 0.078 0.377 0.064 0.972 0.809 250 0 250 0 0 1
43672 9 15 9 0 0.078 0.377 0.064 0.972 0.809 250 0 250 0 0 1
43672 10 15 9 0 0.078 0.377 0.064 0.972 0.809 250 0 250 0 0 1
43672 1 15 9 0 0.004 0.012 0.363 0.832 0.69 250 0 250 0 0 1
43672 2 15 9 0 0.004 0.012 0.363 0.832 0.69 249.819 0 249.999 0 0 1
43672 1 15 6 1 0.028 0.496 0.152 0.848 0.644 250 0 250 0 0 1
43672 2 15 6 1 0.028 0.496 0.152 0.848 0.644 249.61 0 249.984 0 0 1
43672 3 15 6 1 0.028 0.496 0.152 0.848 0.644 249.687 0 249.993 0 0 1
43672 4 15 6 1 0.028 0.496 0.152 0.848 0.644 249.704 0 249.993 0 0 1
43672 5 15 6 1 0.028 0.496 0.152 0.848 0.644 249.947 0 250 0 0 1
43672 6 15 6 1 0.028 0.496 0.152 0.848 0.644 249.637 0 249.996 0 0 1
43672 7 15 6 1 0.028 0.496 0.152 0.848 0.644 249.789 0 249.997 0 0 1
43672 8 15 6 1 0.028 0.496 0.152 0.848 0.644 249.591 0 249.994 0 0 1
43672 9 15 6 1 0.028 0.496 0.152 0.848 0.644 249.777 0 249.995 0 0 1
43672 10 15 6 1 0.028 0.496 0.152 0.848 0.644 249.671 0 249.984 0 0 1
43672 1 15 6 1 0.097 0.404 0.204 0.82 0.314 249.838 0 249.999 0 0 1
43672 1 15 9 1 0.03 0.182 0.145 0.798 0.352 250 0 250 0 0 1
43672 2 15 9 1 0.03 0.182 0.145 0.798 0.352 250 0 250 0 0 1
43672 3 15 9 1 0.03 0.182 0.145 0.798 0.352 250 0 250 0 0 1
43672 4 15 9 1 0.03 0.182 0.145 0.798 0.352 250 0 250 0 0 1
43672 5 15 9 1 0.03 0.182 0.145 0.798 0.352 250 0 250 0 0 1
43672 6 15 9 1 0.03 0.182 0.145 0.798 0.352 250 0 250 0 0 1
43672 7 15 9 1 0.03 0.182 0.145 0.798 0.352 250 0 250 0 0 1
43672 8 15 9 1 0.03 0.182 0.145 0.798 0.352 250 0 250 0 0 1
43672 9 15 9 1 0.03 0.182 0.145 0.798 0.352 250 0 250 0 0 1
43672 10 15 9 1 0.03 0.182 0.145 0.798 0.352 250 0 250 0 0 1
43672 1 15 9 1 0.083 0.222 0.264 0.957 0.468 249.922 0 249.999 0 0 1
43672 1 15 8 1 0.057 0.039 0.407 0.835 0.518 250 0 250 0 0 1
43672 2 15 8 1 0.057 0.039 0.407 0.835 0.518 250 0 250 0 0 1
43672 3 15 8 1 0.057 0.039 0.407 0.835 0.518 250 0 250 0 0 1
43672 4 15 8 1 0.057 0.039 0.407 0.835 0.518 250 0 250 0 0 1
43672 5 15 8 1 0.057 0.039 0.407 0.835 0.518 250 0 250 0 0 1
43672 6 15 8 1 0.057 0.039 0.407 0.835 0.518 250 0 250 0 0 1
43672 7 15 8 1 0.057 0.039 0.407 0.835 0.518 250 0 250 0 0 1
43672 8 15 8 1 0.057 0.039 0.407 0.835 0.518 250 0 250 0 0 1
43672 9 15 8 1 0.057 0.039 0.407 0.835 0.518 250 0 250 0 0 1
43672 10 15 8 1 0.057 0.039 0.407 0.835 0.518 250 0 250 0 0 1
43672 1 15 8 1 0.065 0.193 0.493 0.913 0.764 250 0 250 0 0 1
43672 1 15 3 0 0.03 0.111 0.349 0.869 0.277 0 0 0 0 1 1
43672 2 15 3 0 0.03 0.111 0.349 0.869 0.277 0 0 0 0 1 1
43672 3 15 3 0 0.03 0.111 0.349 0.869 0.277 0 0 0 0 1 1
43672 4 15 3 0 0.03 0.111 0.349 0.869 0.277 0 0 0 0 1 1
43672 5 15 3 0 0.03 0.111 0.349 0.869 0.277 0 0 0 0 1 1
43672 6 15 3 0 0.03 0.111 0.349 0.869 0.277 0 0 0 0 1 1
43672 7 15 3 0 0.03 0.111 0.349 0.869 0.277 0 0 0 0 1 1
43672 8 15 3 0 0.03 0.111 0.349 0.869 0.277 0 0 0 0 1 1
43672 9 15 3 0 0.03 0.111 0.349 0.869 0.277 0 0 0 0 1 1
43672 10 15 3 0 0.03 0.111 0.349 0.869 0.277 0 0 0 0 1 1
43672 1 15 3 0 0.045 0.035 0.195 0.772 0.542 0 0 0 0 1 1
43672 1 15 6 1 0.11 0.306 0.139 0.804 0.154 249.896 0 249.999 0 0 1
43672 2 15 6 1 0.11 0.306 0.139 0.804 0.154 249.804 0 249.997 0 0 1
43672 3 15 6 1 0.11 0.306 0.139 0.804 0.154 249.361 0 249.993 0 0 1
43672 4 15 6 1 0.11 0.306 0.139 0.804 0.154 249.798 0 249.998 0 0 1
43672 5 15 6 1 0.11 0.306 0.139 0.804 0.154 249.907 0 249.999 0 0 1
43672 6 15 6 1 0.11 0.306 0.139 0.804 0.154 249.889 0 249.998 0 0 1
43672 7 15 6 1 0.11 0.306 0.139 0.804 0.154 249.701 0 249.994 0 0 1
43672 8 15 6 1 0.11 0.306 0.139 0.804 0.154 249.812 0 249.998 0 0 1
43672 9 15 6 1 0.11 0.306 0.139 0.804 0.154 249.795 0 249.998 0 0 1
43672 10 15 6 1 0.11 0.306 0.139 0.804 0.154 249.564 0 249.996 0 0 1
43672 1 15 6 1 0.035 0.35 0.198 0.758 0.49 249.694 0 249.998 0 0 1
43672 1 15 3 1 0.002 0.324 0.379 0.935 0.009 245.718 1925 248.494 2379.087 0 0
43672 2 15 3 1 0.002 0.324 0.379 0.935 0.009 244.156 1753 247.972 2239.367 0 0
43672 3 15 3 1 0.002 0.324 0.379 0.935 0.009 243.497 1894 248.031 2348.56 0 0
43672 4 15 3 1 0.002 0.324 0.379 0.935 0.009 245.343 2008 248.259 2399.167 0 0
43672 5 15 3 1 0.002 0.324 0.379 0.935 0.009 245.274 1926 247.873 2331.58 0 0
43672 6 15 3 1 0.002 0.324 0.379 0.935 0.009 243.946 1760 247.837 2286.94 0 0
43672 7 15 3 1 0.002 0.324 0.379 0.935 0.009 246.087 1850 248.424 2289.447 0 0
43672 8 15 3 1 0.002 0.324 0.379 0.935 0.009 245.005 1885 247.992 2240.48 0 0
43672 9 15 3 1 0.002 0.324 0.379 0.935 0.009 244.434 2011 248.322 2358.827 0 0
43672 1 15 8 0 0.051 0.174 0.132 0.903 0.18 250 0 250 0 0 1
43672 2 15 8 0 0.051 0.174 0.132 0.903 0.18 250 0 250 0 0 1
43672 3 15 8 0 0.051 0.174 0.132 0.903 0.18 250 0 250 0 0 1
43672 4 15 8 0 0.051 0.174 0.132 0.903 0.18 250 0 250 0 0 1
43672 5 15 8 0 0.051 0.174 0.132 0.903 0.18 250 0 250 0 0 1
43672 6 15 8 0 0.051 0.174 0.132 0.903 0.18 250 0 250 0 0 1
43672 7 15 8 0 0.051 0.174 0.132 0.903 0.18 250 0 250 0 0 1
43672 8 15 8 0 0.051 0.174 0.132 0.903 0.18 249.909 0 249.999 0 0 1
43672 9 15 8 0 0.051 0.174 0.132 0.903 0.18 250 0 250 0 0 1
43672 10 15 8 0 0.051 0.174 0.132 0.903 0.18 250 0 250 0 0 1
43672 1 15 8 0 0.048 0.082 0.37 0.799 0.11 250 0 250 0 0 1
43672 2 15 8 0 0.048 0.082 0.37 0.799 0.11 249.796 0 249.998 0 0 1
43672 3 15 8 0 0.048 0.082 0.37 0.799 0.11 250 0 250 0 0 1
43672 4 15 8 0 0.048 0.082 0.37 0.799 0.11 250 0 250 0 0 1
43672 1 15 10 1 0.01 0.131 0.487 0.978 0.32 249.999 0 250 0 0 1
43672 2 15 10 1 0.01 0.131 0.487 0.978 0.32 249.789 0 249.999 0 0 1
43672 3 15 10 1 0.01 0.131 0.487 0.978 0.32 250 0 250 0 0 1
43672 4 15 10 1 0.01 0.131 0.487 0.978 0.32 250 0 250 0 0 1
43672 5 15 10 1 0.01 0.131 0.487 0.978 0.32 249.712 0 249.998 0 0 1
43672 6 15 10 1 0.01 0.131 0.487 0.978 0.32 250 0 250 0 0 1
43672 7 15 10 1 0.01 0.131 0.487 0.978 0.32 250 0 250 0 0 1
43672 8 15 10 1 0.01 0.131 0.487 0.978 0.32 250 0 250 0 0 1
43672 9 15 10 1 0.01 0.131 0.487 0.978 0.32 250 0 250 0 0 1
43672 10 15 10 1 0.01 0.131 0.487 0.978 0.32 250 0 250 0 0 1
43672 1 15 10 1 0.03 0.134 0.126 0.969 0.538 249.836 0 249.999 0 0 1
43672 2 15 10 1 0.03 0.134 0.126 0.969 0.538 250 0 250 0 0 1
43672 3 15 10 1 0.03 0.134 0.126 0.969 0.538 250 0 250 0 0 1
43672 4 15 10 1 0.03 0.134 0.126 0.969 0.538 250 0 250 0 0 1
43672 5 15 10 1 0.03 0.134 0.126 0.969 0.538 249.836 0 249.999 0 0 1
43672 6 15 10 1 0.03 0.134 0.126 0.969 0.538 250 0 250 0 0 1
43672 7 15 10 1 0.03 0.134 0.126 0.969 0.538 250 0 250 0 0 1
43672 8 15 10 1 0.03 0.134 0.126 0.969 0.538 250 0 250 0 0 1
43672 9 15 10 1 0.03 0.134 0.126 0.969 0.538 250 0 250 0 0 1
43672 10 15 10 1 0.03 0.134 0.126 0.969 0.538 250 0 250 0 0 1
43672 1 15 10 1 0.086 0.311 0.084 0.963 0.497 250 0 250 0 0 1
