43670 1 6 3 1 0.02 0.231 0.034 0.82 0.859 195.962 1 218.403 1.5 0 1
43670 2 6 3 1 0.02 0.231 0.034 0.82 0.859 228.922 0 229.898 0 0 1
43670 3 6 3 1 0.02 0.231 0.034 0.82 0.859 0 2 0.013 2.927 1 1
43670 4 6 3 1 0.02 0.231 0.034 0.82 0.859 228.788 0 229.796 0 0 1
43670 5 6 3 1 0.02 0.231 0.034 0.82 0.859 0 7 0.017 7.8 1 1
43670 6 6 3 1 0.02 0.231 0.034 0.82 0.859 249.434 0 249.967 0 0 1
43670 7 6 3 1 0.02 0.231 0.034 0.82 0.859 9.835 4 21.963 6.6 0 0.94
43670 8 6 3 1 0.02 0.231 0.034 0.82 0.859 0 11 0.009 12.487 1 0
43670 9 6 3 1 0.02 0.231 0.034 0.82 0.859 183.337 0 186.79 0.807 0 1
43670 10 6 3 1 0.02 0.231 0.034 0.82 0.859 0 5 0.064 5 1 1
43670 1 6 3 1 0.117 0.264 0.151 0.765 0.533 1.342 103 4.308 120.64 0.687 0
43670 2 6 3 1 0.117 0.264 0.151 0.765 0.533 0.348 111 1.271 118.487 1 0
43670 3 6 3 1 0.117 0.264 0.151 0.765 0.533 1.491 105 2.358 118.747 1 0
43670 4 6 3 1 0.117 0.264 0.151 0.765 0.533 0.299 100 1.4 114.967 1 0
43670 5 6 3 1 0.117 0.264 0.151 0.765 0.533 7.254 105 14.175 122.927 0 0
43670 6 6 3 1 0.117 0.264 0.151 0.765 0.533 0 58 0.152 62 1 0
43670 7 6 3 1 0.117 0.264 0.151 0.765 0.533 2.08 101 8.867 129.587 0.393 0
43670 8 6 3 1 0.117 0.264 0.151 0.765 0.533 0.05 90 1.334 109.167 1 0
43670 9 6 3 1 0.117 0.264 0.151 0.765 0.533 0.696 95 2.001 112.887 1 0
43670 10 6 3 1 0.117 0.264 0.151 0.765 0.533 0.846 112 2.545 136.22 0.92 0
43670 1 6 3 1 0.116 0.443 0.192 0.791 0.48 30.145 227 36.106 300.587 0 0
43670 2 6 3 1 0.116 0.443 0.192 0.791 0.48 40.663 278 45.441 348.78 0 0
43670 3 6 3 1 0.116 0.443 0.192 0.791 0.48 16.996 239 25.133 303.513 0 0
43670 4 6 3 1 0.116 0.443 0.192 0.791 0.48 36.588 215 41.553 304.993 0 0
43670 5 6 3 1 0.116 0.443 0.192 0.791 0.48 24.525 238 29.567 321.353 0 0
43670 6 6 3 1 0.116 0.443 0.192 0.791 0.48 14.684 265 20.358 319.313 0 0
43670 7 6 3 1 0.116 0.443 0.192 0.791 0.48 23.588 207 32.595 268.7 0 0
43670 8 6 3 1 0.116 0.443 0.192 0.791 0.48 28.79 248 36.127 354.32 0 0
43670 9 6 3 1 0.116 0.443 0.192 0.791 0.48 38.938 218 43.935 315.887 0 0
43670 10 6 3 1 0.116 0.443 0.192 0.791 0.48 34.852 270 42.329 345.113 0 0
43670 1 6 3 1 0.003 0.032 0.086 0.776 0.293 72.419 200 78.568 371.72 0 0
43670 2 6 3 1 0.003 0.032 0.086 0.776 0.293 60.601 235 82.293 402.5 0 0
43670 3 6 3 1 0.003 0.032 0.086 0.776 0.293 57.553 88 68.016 278.887 0 0
43670 4 6 3 1 0.003 0.032 0.086 0.776 0.293 59.966 207 63.861 362.233 0 0
43670 5 6 3 1 0.003 0.032 0.086 0.776 0.293 61.706 198 77.943 348.893 0 0
43670 6 6 3 1 0.003 0.032 0.086 0.776 0.293 64.565 227 71.673 352.747 0 0
43670 7 6 3 1 0.003 0.032 0.086 0.776 0.293 77.956 132 86.8 382.56 0 0
43670 8 6 3 1 0.003 0.032 0.086 0.776 0.293 81.92 222 91.132 363.493 0 0
43670 9 6 3 1 0.003 0.032 0.086 0.776 0.293 71.192 199 77.906 320.773 0 0
43670 10 6 3 1 0.003 0.032 0.086 0.776 0.293 55.692 123 61.889 294.153 0 0
43670 1 6 3 1 0.115 0.093 0.327 0.878 0.015 245.658 1791 248.662 2028.513 0 0
43670 2 6 3 1 0.115 0.093 0.327 0.878 0.015 244.948 1667 248.33 1971.02 0 0
43670 3 6 3 1 0.115 0.093 0.327 0.878 0.015 245.49 1611 248.193 1925.94 0 0
43670 4 6 3 1 0.115 0.093 0.327 0.878 0.015 244.272 1694 248.185 1952.807 0 0
43670 5 6 3 1 0.115 0.093 0.327 0.878 0.015 243.166 1625 248.131 1858.44 0 0
43670 6 6 3 1 0.115 0.093 0.327 0.878 0.015 245.309 1687 248.254 1976.873 0 0
43670 7 6 3 1 0.115 0.093 0.327 0.878 0.015 245.225 1611 248.27 2000.633 0 0
43670 8 6 3 1 0.115 0.093 0.327 0.878 0.015 242.966 1515 247.984 1790.34 0 0
43670 9 6 3 1 0.115 0.093 0.327 0.878 0.015 245.001 1769 248.679 2034.42 0 0
43670 10 6 3 1 0.115 0.093 0.327 0.878 0.015 244.75 1776 248.384 1993.447 0 0
43670 1 6 3 1 0.061 0.079 0.189 0.865 0.355 241.096 1 247.657 1.113 0 1
43670 2 6 3 1 0.061 0.079 0.189 0.865 0.355 243.099 2 248.419 2.08 0 1
43670 3 6 3 1 0.061 0.079 0.189 0.865 0.355 214.962 0 241.183 4.887 0 0.873
43670 4 6 3 1 0.061 0.079 0.189 0.865 0.355 241.586 1 248.424 2.667 0 0.92
43670 5 6 3 1 0.061 0.079 0.189 0.865 0.355 248.006 3 249.583 3 0 1
43670 6 6 3 1 0.061 0.079 0.189 0.865 0.355 246.689 0 249.58 0 0 1
43670 7 6 3 1 0.061 0.079 0.189 0.865 0.355 247.611 4 249.783 4.787 0 1
43670 8 6 3 1 0.061 0.079 0.189 0.865 0.355 242.746 1 248.63 1.953 0 1
43670 9 6 3 1 0.061 0.079 0.189 0.865 0.355 231.551 2 241.756 6.16 0 0.773
43670 10 6 3 1 0.061 0.079 0.189 0.865 0.355 241.33 0 249.183 0 0 1
43670 1 6 3 1 0.113 0.394 0.447 0.92 0.275 71.658 201 80.004 339.327 0 0
43670 2 6 3 1 0.113 0.394 0.447 0.92 0.275 67.539 160 82.115 301.28 0 0
43670 3 6 3 1 0.113 0.394 0.447 0.92 0.275 113.062 176 129.508 361.373 0 0
43670 4 6 3 1 0.113 0.394 0.447 0.92 0.275 157.683 187 174.942 386.947 0 0
43670 5 6 3 1 0.113 0.394 0.447 0.92 0.275 113.071 145 143.791 369.48 0 0
43670 6 6 3 1 0.113 0.394 0.447 0.92 0.275 57.989 183 66.504 309.14 0 0
43670 7 6 3 1 0.113 0.394 0.447 0.92 0.275 76.493 178 87.175 301.027 0 0
43670 8 6 3 1 0.113 0.394 0.447 0.92 0.275 102.961 162 124.562 311.42 0 0
43670 9 6 3 1 0.113 0.394 0.447 0.92 0.275 105.983 163 127.676 320.633 0 0
43670 10 6 3 1 0.113 0.394 0.447 0.92 0.275 103.026 133 118.994 328.613 0 0
43670 1 6 3 1 0.016 0.139 0.407 0.856 0.791 204.056 0 208.487 0 0 1
43670 2 6 3 1 0.016 0.139 0.407 0.856 0.791 209 1 209.816 1 0 1
43670 3 6 3 1 0.016 0.139 0.407 0.856 0.791 199.172 2 200.203 2 0 1
43670 4 6 3 1 0.016 0.139 0.407 0.856 0.791 228.356 0 229.83 0 0 1
43670 5 6 3 1 0.016 0.139 0.407 0.856 0.791 198.947 0 199.869 0 0 1
43670 6 6 3 1 0.016 0.139 0.407 0.856 0.791 206.667 1 209.485 1 0 1
43670 7 6 3 1 0.016 0.139 0.407 0.856 0.791 208.585 1 209.898 1 0 1
43670 8 6 3 1 0.016 0.139 0.407 0.856 0.791 207.686 0 209.79 0 0 1
43670 9 6 3 1 0.016 0.139 0.407 0.856 0.791 207.696 2 209.642 2 0 1
43670 10 6 3 1 0.016 0.139 0.407 0.856 0.791 208.543 2 209.824 2 0 1
43670 1 6 3 1 0.024 0.184 0.5 0.926 0.527 198.153 0 199.782 0 0 1
43670 2 6 3 1 0.024 0.184 0.5 0.926 0.527 201.785 1 208.925 1 0 1
43670 3 6 3 1 0.024 0.184 0.5 0.926 0.527 249.245 0 249.945 0 0 1
43670 4 6 3 1 0.024 0.184 0.5 0.926 0.527 228.227 0 229.718 0 0 1
43670 5 6 3 1 0.024 0.184 0.5 0.926 0.527 200.398 0 206.06 0 0 1
43670 6 6 3 1 0.024 0.184 0.5 0.926 0.527 249.48 0 249.965 0.847 0 1
43670 7 6 3 1 0.024 0.184 0.5 0.926 0.527 208.116 0 209.743 0 0 1
43670 8 6 3 1 0.024 0.184 0.5 0.926 0.527 229.319 0 229.947 0 0 1
43670 9 6 3 1 0.024 0.184 0.5 0.926 0.527 205.059 0 208.215 0 0 1
43670 1 6 5 0 0.013 0.07 0.42 0.991 0.496 250 0 250 0 0 1
43670 2 6 5 0 0.013 0.07 0.42 0.991 0.496 250 0 250 0 0 1
43670 3 6 5 0 0.013 0.07 0.42 0.991 0.496 250 0 250 0 0 1
43670 4 6 5 0 0.013 0.07 0.42 0.991 0.496 250 2 250 2 0 1
43670 5 6 5 0 0.013 0.07 0.42 0.991 0.496 250 0 250 0 0 1
43670 6 6 5 0 0.013 0.07 0.42 0.991 0.496 250 0 250 0 0 1
43670 7 6 5 0 0.013 0.07 0.42 0.991 0.496 250 1 250 1 0 1
43670 8 6 5 0 0.013 0.07 0.42 0.991 0.496 250 0 250 0.707 0 1
43670 9 6 5 0 0.013 0.07 0.42 0.991 0.496 250 0 250 0 0 1
43670 10 6 5 0 0.013 0.07 0.42 0.991 0.496 250 0 250 0 0 1
43670 1 6 5 0 0.117 0.279 0.256 0.997 0.298 231.421 50 241.254 232.573 0 0
43670 2 6 5 0 0.117 0.279 0.256 0.997 0.298 231.658 67 243.879 319.807 0 0
43670 3 6 5 0 0.117 0.279 0.256 0.997 0.298 240.127 73 246.546 289.393 0 0
43670 4 6 5 0 0.117 0.279 0.256 0.997 0.298 230.512 52 245.057 252.82 0 0
43670 5 6 5 0 0.117 0.279 0.256 0.997 0.298 236.891 48 245.951 265.193 0 0
43670 6 6 5 0 0.117 0.279 0.256 0.997 0.298 233.623 59 245.26 284.193 0 0
43670 7 6 5 0 0.117 0.279 0.256 0.997 0.298 237.674 57 245.666 265.56 0 0
43670 8 6 5 0 0.117 0.279 0.256 0.997 0.298 233.012 71 244.064 258.42 0 0
43670 9 6 5 0 0.117 0.279 0.256 0.997 0.298 234.513 68 243.016 300.9 0 0
43670 10 6 5 0 0.117 0.279 0.256 0.997 0.298 235.697 71 244.795 251.833 0 0
43670 1 6 5 0 0.089 0.071 0.144 0.779 0.943 250 0 250 0 0 1
43670 2 6 5 0 0.089 0.071 0.144 0.779 0.943 250 0 250 0 0 1
43670 3 6 5 0 0.089 0.071 0.144 0.779 0.943 250 0 250 0 0 1
43670 4 6 5 0 0.089 0.071 0.144 0.779 0.943 250 0 250 0.267 0 1
43670 5 6 5 0 0.089 0.071 0.144 0.779 0.943 250 0 250 0 0 1
43670 6 6 5 0 0.089 0.071 0.144 0.779 0.943 250 0 250 0 0 1
43670 7 6 5 0 0.089 0.071 0.144 0.779 0.943 250 0 250 0 0 1
43670 8 6 5 0 0.089 0.071 0.144 0.779 0.943 250 0 250 0 0 1
43670 9 6 5 0 0.089 0.071 0.144 0.779 0.943 250 0 250 0 0 1
43670 10 6 5 0 0.089 0.071 0.144 0.779 0.943 250 0 250 0 0 1
43670 1 6 5 0 0.12 0.385 0.257 0.787 0.003 247.969 3271 249.634 4092.68 0 0
43670 2 6 5 0 0.12 0.385 0.257 0.787 0.003 248.361 3749 249.81 4565.193 0 0
43670 3 6 5 0 0.12 0.385 0.257 0.787 0.003 248.235 3783 249.713 4305.793 0 0
43670 4 6 5 0 0.12 0.385 0.257 0.787 0.003 248.691 3533 249.8 4577.167 0 0
43670 5 6 5 0 0.12 0.385 0.257 0.787 0.003 247.905 4003 249.74 4461.7 0 0
43670 6 6 5 0 0.12 0.385 0.257 0.787 0.003 247.914 3477 249.7 4091.453 0 0
43670 7 6 5 0 0.12 0.385 0.257 0.787 0.003 248.031 3708 249.717 4316.793 0 0
43670 8 6 5 0 0.12 0.385 0.257 0.787 0.003 247.791 3218 249.595 3839.707 0 0
43670 9 6 5 0 0.12 0.385 0.257 0.787 0.003 248.261 2978 249.639 4088.567 0 0
43670 10 6 5 0 0.12 0.385 0.257 0.787 0.003 248.9 3295 249.711 3976.433 0 0
43670 1 6 5 0 0.107 0.354 0.246 0.99 0.417 226.864 3 243.963 16.4 0 0.693
43670 2 6 5 0 0.107 0.354 0.246 0.99 0.417 234.523 5 244.986 19.607 0 0.58
43670 3 6 5 0 0.107 0.354 0.246 0.99 0.417 236.648 5 246.409 24.78 0 0.54
43670 4 6 5 0 0.107 0.354 0.246 0.99 0.417 239.606 7 246.432 18.3 0 0.727
43670 5 6 5 0 0.107 0.354 0.246 0.99 0.417 237.05 7 246.028 23.707 0 0.527
43670 6 6 5 0 0.107 0.354 0.246 0.99 0.417 234.67 8 245.348 22.707 0 0.127
43670 7 6 5 0 0.107 0.354 0.246 0.99 0.417 238.248 15 247.124 29.073 0 0
43670 8 6 5 0 0.107 0.354 0.246 0.99 0.417 233.494 11 245.995 22.727 0 0
43670 9 6 5 0 0.107 0.354 0.246 0.99 0.417 233.704 10 244.703 29.54 0 0
43670 10 6 5 0 0.107 0.354 0.246 0.99 0.417 237.422 4 245.782 17.56 0 0.64
43670 1 6 5 0 0.043 0.243 0.395 0.842 0.52 250 0 250 0 0 1
43670 2 6 5 0 0.043 0.243 0.395 0.842 0.52 250 0 250 0 0 1
43670 3 6 5 0 0.043 0.243 0.395 0.842 0.52 250 0 250 0 0 1
43670 4 6 5 0 0.043 0.243 0.395 0.842 0.52 250 0 250 0.087 0 1
43670 5 6 5 0 0.043 0.243 0.395 0.842 0.52 250 0 250 0 0 1
43670 6 6 5 0 0.043 0.243 0.395 0.842 0.52 250 0 250 0 0 1
43670 7 6 5 0 0.043 0.243 0.395 0.842 0.52 250 1 250 1 0 1
43670 8 6 5 0 0.043 0.243 0.395 0.842 0.52 250 0 250 0 0 1
43670 9 6 5 0 0.043 0.243 0.395 0.842 0.52 250 0 250 0 0 1
43670 10 6 5 0 0.043 0.243 0.395 0.842 0.52 250 0 250 0 0 1
43670 1 6 5 0 0.057 0.391 0.22 0.847 0.361 237.783 138 245.793 404.187 0 0
43670 2 6 5 0 0.057 0.391 0.22 0.847 0.361 237.093 94 245.846 361 0 0
43670 3 6 5 0 0.057 0.391 0.22 0.847 0.361 231.723 120 246.461 467.493 0 0
43670 4 6 5 0 0.057 0.391 0.22 0.847 0.361 235.478 99 245.849 418.56 0 0
43670 5 6 5 0 0.057 0.391 0.22 0.847 0.361 237.997 105 246.278 389.507 0 0
43670 6 6 5 0 0.057 0.391 0.22 0.847 0.361 235.503 110 245.895 429.773 0 0
43670 7 6 5 0 0.057 0.391 0.22 0.847 0.361 235.717 112 245.068 403.693 0 0
43670 8 6 5 0 0.057 0.391 0.22 0.847 0.361 237.525 116 246.387 479.04 0 0
43670 9 6 5 0 0.057 0.391 0.22 0.847 0.361 237.161 143 246.478 505.893 0 0
43670 10 6 5 0 0.057 0.391 0.22 0.847 0.361 235.757 78 245.603 327.06 0 0
43670 1 6 5 0 0.049 0.025 0.366 0.871 0.944 250 0 250 0 0 1
43670 2 6 5 0 0.049 0.025 0.366 0.871 0.944 250 0 250 0 0 1
43670 3 6 5 0 0.049 0.025 0.366 0.871 0.944 250 0 250 0 0 1
43670 4 6 5 0 0.049 0.025 0.366 0.871 0.944 250 0 250 0 0 1
43670 5 6 5 0 0.049 0.025 0.366 0.871 0.944 250 1 250 1 0 1
43670 6 6 5 0 0.049 0.025 0.366 0.871 0.944 250 0 250 0 0 1
43670 7 6 5 0 0.049 0.025 0.366 0.871 0.944 250 0 250 0 0 1
43670 8 6 5 0 0.049 0.025 0.366 0.871 0.944 250 0 250 0 0 1
43670 9 6 5 0 0.049 0.025 0.366 0.871 0.944 250 0 250 0 0 1
43670 10 6 5 0 0.049 0.025 0.366 0.871 0.944 250 0 250 0 0 1
43670 1 6 5 0 0.097 0.305 0.444 0.929 0.396 250 0 250 0 0 1
43670 2 6 5 0 0.097 0.305 0.444 0.929 0.396 250 0 250 0 0 1
43670 3 6 5 0 0.097 0.305 0.444 0.929 0.396 250 0 250 0 0 1
43670 4 6 5 0 0.097 0.305 0.444 0.929 0.396 250 0 250 0 0 1
43670 5 6 5 0 0.097 0.305 0.444 0.929 0.396 250 0 250 0 0 1
43670 6 6 5 0 0.097 0.305 0.444 0.929 0.396 250 0 250 0 0 1
43670 7 6 5 0 0.097 0.305 0.444 0.929 0.396 250 0 250 0 0 1
43670 1 6 9 0 0.021 0.376 0.179 0.926 0.583 250 0 250 0 0 1
43670 2 6 9 0 0.021 0.376 0.179 0.926 0.583 250 0 250 0 0 1
43670 3 6 9 0 0.021 0.376 0.179 0.926 0.583 250 0 250 0 0 1
43670 4 6 9 0 0.021 0.376 0.179 0.926 0.583 250 0 250 0 0 1
43670 5 6 9 0 0.021 0.376 0.179 0.926 0.583 250 0 250 0 0 1
43670 6 6 9 0 0.021 0.376 0.179 0.926 0.583 250 0 250 0.713 0 1
43670 7 6 9 0 0.021 0.376 0.179 0.926 0.583 250 0 250 0 0 1
43670 8 6 9 0 0.021 0.376 0.179 0.926 0.583 250 0 250 0 0 1
43670 9 6 9 0 0.021 0.376 0.179 0.926 0.583 250 2 250 2 0 1
43670 10 6 9 0 0.021 0.376 0.179 0.926 0.583 250 0 250 0 0 1
43670 1 6 9 0 0.025 0.443 0.074 0.789 0.861 250 0 250 0 0 1
43670 2 6 9 0 0.025 0.443 0.074 0.789 0.861 250 0 250 0 0 1
43670 3 6 9 0 0.025 0.443 0.074 0.789 0.861 250 0 250 0 0 1
43670 4 6 9 0 0.025 0.443 0.074 0.789 0.861 250 0 250 0 0 1
43670 5 6 9 0 0.025 0.443 0.074 0.789 0.861 250 0 250 0 0 1
43670 6 6 9 0 0.025 0.443 0.074 0.789 0.861 250 0 250 0 0 1
43670 7 6 9 0 0.025 0.443 0.074 0.789 0.861 250 0 250 0 0 1
43670 8 6 9 0 0.025 0.443 0.074 0.789 0.861 250 0 250 0.08 0 1
43670 9 6 9 0 0.025 0.443 0.074 0.789 0.861 250 0 250 0 0 1
43670 10 6 9 0 0.025 0.443 0.074 0.789 0.861 250 0 250 0 0 1
43670 1 6 9 0 0.117 0.09 0.319 0.97 0.151 250 0 250 0 0 1
43670 2 6 9 0 0.117 0.09 0.319 0.97 0.151 250 0 250 0 0 1
43670 3 6 9 0 0.117 0.09 0.319 0.97 0.151 250 0 250 0 0 1
43670 4 6 9 0 0.117 0.09 0.319 0.97 0.151 250 0 250 0 0 1
43670 5 6 9 0 0.117 0.09 0.319 0.97 0.151 250 0 250 0 0 1
43670 6 6 9 0 0.117 0.09 0.319 0.97 0.151 250 0 250 0 0 1
43670 7 6 9 0 0.117 0.09 0.319 0.97 0.151 250 0 250 0 0 1
43670 8 6 9 0 0.117 0.09 0.319 0.97 0.151 250 0 250 0 0 1
43670 9 6 9 0 0.117 0.09 0.319 0.97 0.151 250 0 250 0 0 1
43670 10 6 9 0 0.117 0.09 0.319 0.97 0.151 250 1 250 1 0 1
43670 1 6 9 0 0.043 0.088 0.28 0.984 0.562 250 0 250 0 0 1
43670 2 6 9 0 0.043 0.088 0.28 0.984 0.562 250 0 250 0 0 1
43670 3 6 9 0 0.043 0.088 0.28 0.984 0.562 250 0 250 0 0 1
43670 4 6 9 0 0.043 0.088 0.28 0.984 0.562 250 0 250 0 0 1
43670 5 6 9 0 0.043 0.088 0.28 0.984 0.562 250 0 250 0 0 1
43670 6 6 9 0 0.043 0.088 0.28 0.984 0.562 250 0 250 0 0 1
43670 7 6 9 0 0.043 0.088 0.28 0.984 0.562 250 0 250 0 0 1
43670 8 6 9 0 0.043 0.088 0.28 0.984 0.562 250 0 250 0.787 0 1
43670 9 6 9 0 0.043 0.088 0.28 0.984 0.562 250 0 250 0 0 1
43670 10 6 9 0 0.043 0.088 0.28 0.984 0.562 250 0 250 0 0 1
43670 1 6 9 0 0.029 0.181 0.372 0.751 0.215 241.504 17 247.278 121.653 0 0
43670 2 6 9 0 0.029 0.181 0.372 0.751 0.215 234.352 21 245.399 174.833 0 0
43670 3 6 9 0 0.029 0.181 0.372 0.751 0.215 238.463 28 246.594 174.347 0 0
43670 4 6 9 0 0.029 0.181 0.372 0.751 0.215 235.121 28 246.341 190.493 0 0
43670 5 6 9 0 0.029 0.181 0.372 0.751 0.215 239.094 27 247.181 125.18 0 0
43670 6 6 9 0 0.029 0.181 0.372 0.751 0.215 240.796 24 246.926 157.627 0 0
43670 7 6 9 0 0.029 0.181 0.372 0.751 0.215 236.599 30 246.285 150.86 0 0
43670 8 6 9 0 0.029 0.181 0.372 0.751 0.215 241.551 20 246.881 124.087 0 0
43670 9 6 9 0 0.029 0.181 0.372 0.751 0.215 240.764 23 247.565 110.627 0 0
43670 10 6 9 0 0.029 0.181 0.372 0.751 0.215 237.574 28 246.099 152 0 0
43670 1 6 9 0 0.05 0.326 0.118 0.757 0.277 239.965 39 247.363 976.653 0 0
43670 2 6 9 0 0.05 0.326 0.118 0.757 0.277 240.013 45 246.137 773.507 0 0
43670 3 6 9 0 0.05 0.326 0.118 0.757 0.277 240.322 29 246.605 914.94 0 0
43670 4 6 9 0 0.05 0.326 0.118 0.757 0.277 239.048 44 247.124 978.333 0 0
43670 5 6 9 0 0.05 0.326 0.118 0.757 0.277 234.359 39 245.828 799.727 0 0
43670 6 6 9 0 0.05 0.326 0.118 0.757 0.277 233.925 48 245.904 859.127 0 0
43670 7 6 9 0 0.05 0.326 0.118 0.757 0.277 233.381 46 245.543 903.573 0 0
43670 8 6 9 0 0.05 0.326 0.118 0.757 0.277 236.121 78 245.14 858.24 0 0
43670 9 6 9 0 0.05 0.326 0.118 0.757 0.277 235.585 36 244.911 798.733 0 0
43670 10 6 9 0 0.05 0.326 0.118 0.757 0.277 232.424 33 245.275 831.687 0 0
43670 1 6 9 0 0.068 0.319 0.25 0.906 0.851 250 0 250 0 0 1
43670 2 6 9 0 0.068 0.319 0.25 0.906 0.851 250 0 250 0 0 1
43670 3 6 9 0 0.068 0.319 0.25 0.906 0.851 250 0 250 0 0 1
43670 4 6 9 0 0.068 0.319 0.25 0.906 0.851 250 0 250 0 0 1
43670 5 6 9 0 0.068 0.319 0.25 0.906 0.851 250 0 250 0 0 1
43670 6 6 9 0 0.068 0.319 0.25 0.906 0.851 250 0 250 0 0 1
43670 7 6 9 0 0.068 0.319 0.25 0.906 0.851 250 0 250 0 0 1
43670 8 6 9 0 0.068 0.319 0.25 0.906 0.851 250 0 250 0 0 1
43670 9 6 9 0 0.068 0.319 0.25 0.906 0.851 250 0 250 0 0 1
43670 10 6 9 0 0.068 0.319 0.25 0.906 0.851 250 0 250 0 0 1
43670 1 6 9 0 0.117 0.065 0.071 0.898 0.92 250 0 250 0 0 1
43670 2 6 9 0 0.117 0.065 0.071 0.898 0.92 250 0 250 0 0 1
43670 3 6 9 0 0.117 0.065 0.071 0.898 0.92 250 0 250 0 0 1
43670 4 6 9 0 0.117 0.065 0.071 0.898 0.92 250 0 250 0 0 1
43670 5 6 9 0 0.117 0.065 0.071 0.898 0.92 250 0 250 0 0 1
43670 6 6 9 0 0.117 0.065 0.071 0.898 0.92 250 0 250 0 0 1
43670 7 6 9 0 0.117 0.065 0.071 0.898 0.92 250 0 250 0 0 1
43670 8 6 9 0 0.117 0.065 0.071 0.898 0.92 250 0 250 0 0 1
43670 9 6 9 0 0.117 0.065 0.071 0.898 0.92 250 0 250 0 0 1
43670 10 6 9 0 0.117 0.065 0.071 0.898 0.92 250 0 250 0 0 1
43670 1 6 9 0 0.039 0.08 0.046 0.898 0.815 250 0 250 0 0 1
43670 2 6 9 0 0.039 0.08 0.046 0.898 0.815 250 0 250 0 0 1
43670 3 6 9 0 0.039 0.08 0.046 0.898 0.815 250 0 250 0 0 1
43670 4 6 9 0 0.039 0.08 0.046 0.898 0.815 250 0 250 0 0 1
43670 5 6 9 0 0.039 0.08 0.046 0.898 0.815 250 0 250 0 0 1
43670 6 6 9 0 0.039 0.08 0.046 0.898 0.815 250 0 250 0 0 1
43670 7 6 9 0 0.039 0.08 0.046 0.898 0.815 250 0 250 0 0 1
43670 8 6 9 0 0.039 0.08 0.046 0.898 0.815 250 0 250 0 0 1
43670 1 6 4 1 0.057 0.094 0.416 0.967 0.895 250 0 250 0 0 1
43670 2 6 4 1 0.057 0.094 0.416 0.967 0.895 250 0 250 0 0 1
43670 3 6 4 1 0.057 0.094 0.416 0.967 0.895 250 1 250 1 0 1
43670 4 6 4 1 0.057 0.094 0.416 0.967 0.895 250 0 250 0 0 1
43670 5 6 4 1 0.057 0.094 0.416 0.967 0.895 250 0 250 0 0 1
43670 6 6 4 1 0.057 0.094 0.416 0.967 0.895 250 1 250 1 0 1
43670 7 6 4 1 0.057 0.094 0.416 0.967 0.895 250 0 250 0 0 1
43670 8 6 4 1 0.057 0.094 0.416 0.967 0.895 250 0 250 0 0 1
43670 9 6 4 1 0.057 0.094 0.416 0.967 0.895 249.608 0 249.997 0 0 1
43670 10 6 4 1 0.057 0.094 0.416 0.967 0.895 250 0 250 0 0 1
43670 1 6 4 1 0.074 0.21 0.259 0.795 0.337 174.164 137 189.034 260.52 0 0
43670 2 6 4 1 0.074 0.21 0.259 0.795 0.337 125.476 126 143.88 291.72 0 0
43670 3 6 4 1 0.074 0.21 0.259 0.795 0.337 163.858 165 175.89 319.633 0 0
43670 4 6 4 1 0.074 0.21 0.259 0.795 0.337 173.69 164 191.164 347.133 0 0
43670 5 6 4 1 0.074 0.21 0.259 0.795 0.337 190.249 123 203.164 304.527 0 0
43670 6 6 4 1 0.074 0.21 0.259 0.795 0.337 170.623 109 179.376 299.513 0 0
43670 7 6 4 1 0.074 0.21 0.259 0.795 0.337 154.564 146 165.175 308.487 0 0
43670 8 6 4 1 0.074 0.21 0.259 0.795 0.337 195.001 122 209.828 315.653 0 0
43670 9 6 4 1 0.074 0.21 0.259 0.795 0.337 186.733 156 199.888 358.733 0 0
43670 10 6 4 1 0.074 0.21 0.259 0.795 0.337 181.64 145 192.545 313.273 0 0
43670 1 6 4 1 0.006 0.091 0.068 0.981 0.645 249.582 0 249.994 0 0 1
43670 2 6 4 1 0.006 0.091 0.068 0.981 0.645 249.822 1 249.998 1.233 0 1
43670 3 6 4 1 0.006 0.091 0.068 0.981 0.645 249.523 0 249.994 0 0 1
43670 4 6 4 1 0.006 0.091 0.068 0.981 0.645 249.489 0 249.984 0 0 1
43670 5 6 4 1 0.006 0.091 0.068 0.981 0.645 249.863 0 249.998 0 0 1
43670 6 6 4 1 0.006 0.091 0.068 0.981 0.645 249.695 0 249.996 0 0 1
43670 7 6 4 1 0.006 0.091 0.068 0.981 0.645 249.072 0 249.98 0 0 1
43670 8 6 4 1 0.006 0.091 0.068 0.981 0.645 249.237 1 249.991 1 0 1
43670 9 6 4 1 0.006 0.091 0.068 0.981 0.645 250 0 250 0 0 1
43670 10 6 4 1 0.006 0.091 0.068 0.981 0.645 249.63 0 249.993 0 0 1
43670 1 6 4 1 0.095 0.191 0.167 0.903 0.131 243.928 1379 247.27 1667.88 0 0
43670 2 6 4 1 0.095 0.191 0.167 0.903 0.131 244.544 1349 248.057 1659.033 0 0
43670 3 6 4 1 0.095 0.191 0.167 0.903 0.131 243.179 1492 247.742 1752.827 0 0
43670 4 6 4 1 0.095 0.191 0.167 0.903 0.131 243.532 1528 247.688 1712.573 0 0
43670 5 6 4 1 0.095 0.191 0.167 0.903 0.131 244.273 1198 247.713 1650.307 0 0
43670 6 6 4 1 0.095 0.191 0.167 0.903 0.131 244.432 1406 248.116 1668.307 0 0
43670 7 6 4 1 0.095 0.191 0.167 0.903 0.131 241.874 1501 247.549 1735.007 0 0
43670 8 6 4 1 0.095 0.191 0.167 0.903 0.131 242.493 1300 247.513 1689.773 0 0
43670 9 6 4 1 0.095 0.191 0.167 0.903 0.131 243.476 1550 247.494 1732.093 0 0
43670 10 6 4 1 0.095 0.191 0.167 0.903 0.131 244.638 1500 247.908 1777.92 0 0
43670 1 6 4 1 0.038 0.229 0.308 0.99 0.966 250 0 250 0 0 1
43670 2 6 4 1 0.038 0.229 0.308 0.99 0.966 250 0 250 0 0 1
43670 3 6 4 1 0.038 0.229 0.308 0.99 0.966 250 0 250 0 0 1
43670 4 6 4 1 0.038 0.229 0.308 0.99 0.966 250 1 250 1 0 1
43670 5 6 4 1 0.038 0.229 0.308 0.99 0.966 250 0 250 0 0 1
43670 6 6 4 1 0.038 0.229 0.308 0.99 0.966 249.689 0 249.998 0 0 1
43670 7 6 4 1 0.038 0.229 0.308 0.99 0.966 250 0 250 0 0 1
43670 8 6 4 1 0.038 0.229 0.308 0.99 0.966 250 0 250 0.833 0 1
43670 9 6 4 1 0.038 0.229 0.308 0.99 0.966 250 0 250 0.507 0 1
43670 10 6 4 1 0.038 0.229 0.308 0.99 0.966 250 0 250 0 0 1
43670 1 6 4 1 0.003 0.041 0.149 0.894 0.623 250 0 250 0 0 1
43670 2 6 4 1 0.003 0.041 0.149 0.894 0.623 249.991 0 250 0 0 1
43670 3 6 4 1 0.003 0.041 0.149 0.894 0.623 250 0 250 0 0 1
43670 4 6 4 1 0.003 0.041 0.149 0.894 0.623 250 0 250 0 0 1
43670 5 6 4 1 0.003 0.041 0.149 0.894 0.623 250 0 250 0 0 1
43670 6 6 4 1 0.003 0.041 0.149 0.894 0.623 250 0 250 0 0 1
43670 7 6 4 1 0.003 0.041 0.149 0.894 0.623 250 0 250 0 0 1
43670 8 6 4 1 0.003 0.041 0.149 0.894 0.623 250 0 250 0 0 1
43670 9 6 4 1 0.003 0.041 0.149 0.894 0.623 250 0 250 0 0 1
43670 10 6 4 1 0.003 0.041 0.149 0.894 0.623 250 1 250 1 0 1
43670 1 6 4 1 0.107 0.461 0.242 0.843 0.177 245.391 1638 248.661 1950.86 0 0
43670 2 6 4 1 0.107 0.461 0.242 0.843 0.177 245.154 1619 248.348 1941.767 0 0
43670 3 6 4 1 0.107 0.461 0.242 0.843 0.177 246.135 1628 248.579 1950.193 0 0
43670 4 6 4 1 0.107 0.461 0.242 0.843 0.177 246.627 1703 248.668 2001.833 0 0
43670 5 6 4 1 0.107 0.461 0.242 0.843 0.177 244.469 1403 247.932 1717.92 0 0
43670 6 6 4 1 0.107 0.461 0.242 0.843 0.177 244.844 1387 248.2 1773.54 0 0
43670 7 6 4 1 0.107 0.461 0.242 0.843 0.177 243.345 1408 248.122 1828.573 0 0
43670 8 6 4 1 0.107 0.461 0.242 0.843 0.177 243.848 1552 248.593 1943.74 0 0
43670 9 6 4 1 0.107 0.461 0.242 0.843 0.177 245.533 1582 248.443 1929.46 0 0
43670 10 6 4 1 0.107 0.461 0.242 0.843 0.177 244.984 1448 248.4 1873.947 0 0
43670 1 6 4 1 0.047 0.266 0.027 0.883 0.688 0 8 0 8 1 1
43670 2 6 4 1 0.047 0.266 0.027 0.883 0.688 0 11 0.055 11.427 1 0
43670 3 6 4 1 0.047 0.266 0.027 0.883 0.688 246.848 1 249.624 1 0 1
43670 4 6 4 1 0.047 0.266 0.027 0.883 0.688 0 19 0.008 19.333 1 0
43670 5 6 4 1 0.047 0.266 0.027 0.883 0.688 0 15 0.065 17 1 0
43670 6 6 4 1 0.047 0.266 0.027 0.883 0.688 36.888 25 42.712 30.967 0 0
43670 7 6 4 1 0.047 0.266 0.027 0.883 0.688 248.067 0 249.777 0.173 0 1
43670 8 6 4 1 0.047 0.266 0.027 0.883 0.688 0 32 0.083 34.853 1 0
43670 9 6 4 1 0.047 0.266 0.027 0.883 0.688 0 12 0.06 12.853 1 0
43670 10 6 4 1 0.047 0.266 0.027 0.883 0.688 0 18 0.048 21.067 1 0
43670 1 6 4 1 0.086 0.148 0.488 0.761 0.152 225.636 14 234.685 38.873 0 0
43670 2 6 4 1 0.086 0.148 0.488 0.761 0.152 227.42 13 237.349 33.027 0 0
43670 3 6 4 1 0.086 0.148 0.488 0.761 0.152 198.351 12 223.018 31.247 0 0
43670 4 6 4 1 0.086 0.148 0.488 0.761 0.152 221.727 12 233.494 33.98 0 0
43670 1 6 3 1 0.056 0.034 0.033 0.788 0.613 229.464 1 229.967 1 0 1
43670 2 6 3 1 0.056 0.034 0.033 0.788 0.613 198.904 0 200.646 0 0 1
43670 3 6 3 1 0.056 0.034 0.033 0.788 0.613 208.82 0 209.911 0.833 0 1
43670 4 6 3 1 0.056 0.034 0.033 0.788 0.613 229.153 1 229.953 1 0 1
43670 5 6 3 1 0.056 0.034 0.033 0.788 0.613 208.705 0 209.887 0 0 1
43670 6 6 3 1 0.056 0.034 0.033 0.788 0.613 207.735 0 209.334 0 0 1
43670 7 6 3 1 0.056 0.034 0.033 0.788 0.613 207.226 1 209.528 1 0 1
43670 8 6 3 1 0.056 0.034 0.033 0.788 0.613 208 0 209.694 0 0 1
43670 9 6 3 1 0.056 0.034 0.033 0.788 0.613 210.635 0 221.722 0 0 1
43670 10 6 3 1 0.056 0.034 0.033 0.788 0.613 209.063 1 209.909 1 0 1
43670 1 6 3 1 0.098 0.052 0.268 0.912 0.727 229.18 0 229.924 0 0 1
43670 2 6 3 1 0.098 0.052 0.268 0.912 0.727 228.34 2 229.914 2 0 1
43670 3 6 3 1 0.098 0.052 0.268 0.912 0.727 209.295 1 209.955 1 0 1
43670 4 6 3 1 0.098 0.052 0.268 0.912 0.727 228.637 0 229.896 0 0 1
43670 5 6 3 1 0.098 0.052 0.268 0.912 0.727 229.145 1 229.948 1 0 1
43670 6 6 3 1 0.098 0.052 0.268 0.912 0.727 199.034 0 202.619 0 0 1
43670 7 6 3 1 0.098 0.052 0.268 0.912 0.727 207.204 0 209.519 0 0 1
43670 8 6 3 1 0.098 0.052 0.268 0.912 0.727 208.635 0 209.807 0 0 1
43670 9 6 3 1 0.098 0.052 0.268 0.912 0.727 203.349 1 208.563 1 0 1
43670 10 6 3 1 0.098 0.052 0.268 0.912 0.727 228.116 0 229.922 0 0 1
43670 1 6 3 1 0.057 0.445 0.172 0.857 0.798 208.541 0 209.887 0 0 1
43670 2 6 3 1 0.057 0.445 0.172 0.857 0.798 229.103 0 229.86 0 0 1
43670 3 6 3 1 0.057 0.445 0.172 0.857 0.798 208.252 0 209.615 0 0 1
43670 4 6 3 1 0.057 0.445 0.172 0.857 0.798 208.537 0 209.825 0 0 1
43670 5 6 3 1 0.057 0.445 0.172 0.857 0.798 209.148 0 209.93 0 0 1
43670 6 6 3 1 0.057 0.445 0.172 0.857 0.798 208.395 0 209.836 0 0 1
43670 7 6 3 1 0.057 0.445 0.172 0.857 0.798 229.074 0 229.922 0 0 1
43670 8 6 3 1 0.057 0.445 0.172 0.857 0.798 199.636 0 202.349 0 0 1
43670 9 6 3 1 0.057 0.445 0.172 0.857 0.798 208.189 0 209.796 0.387 0 1
43670 10 6 3 1 0.057 0.445 0.172 0.857 0.798 229.452 0 230.032 0 0 1
43670 1 6 3 1 0.073 0.453 0.085 0.902 0.979 208.256 1 209.755 1 0 1
43670 2 6 3 1 0.073 0.453 0.085 0.902 0.979 228.932 0 229.924 0 0 1
43670 3 6 3 1 0.073 0.453 0.085 0.902 0.979 207.069 0 209.685 0 0 1
43670 4 6 3 1 0.073 0.453 0.085 0.902 0.979 189.089 1 189.934 1 0 1
43670 5 6 3 1 0.073 0.453 0.085 0.902 0.979 207.419 1 209.684 1 0 1
43670 6 6 3 1 0.073 0.453 0.085 0.902 0.979 229.316 1 229.971 1.753 0 1
43670 7 6 3 1 0.073 0.453 0.085 0.902 0.979 208.615 0 209.84 0 0 1
43670 8 6 3 1 0.073 0.453 0.085 0.902 0.979 197.622 0 199.476 0 0 1
43670 9 6 3 1 0.073 0.453 0.085 0.902 0.979 189 1 193.178 1 0 1
43670 10 6 3 1 0.073 0.453 0.085 0.902 0.979 239.254 0 247.036 0 0 1
43670 1 6 3 1 0.028 0.328 0.408 0.762 0.371 9.043 12 24.228 19.327 0 0
43670 2 6 3 1 0.028 0.328 0.408 0.762 0.371 0 27 0.163 29.047 1 0
43670 3 6 3 1 0.028 0.328 0.408 0.762 0.371 0.1 37 0.578 41.993 1 0
43670 4 6 3 1 0.028 0.328 0.408 0.762 0.371 0 35 0.898 44.487 1 0
43670 5 6 3 1 0.028 0.328 0.408 0.762 0.371 4.298 21 24.976 27.12 0.013 0
43670 6 6 3 1 0.028 0.328 0.408 0.762 0.371 8.495 38 17.043 51.72 0 0
43670 7 6 3 1 0.028 0.328 0.408 0.762 0.371 0.398 60 1.244 70.233 1 0
43670 8 6 3 1 0.028 0.328 0.408 0.762 0.371 0.05 32 0.279 34.84 1 0
43670 9 6 3 1 0.028 0.328 0.408 0.762 0.371 0 31 0.092 33.74 1 0
43670 10 6 3 1 0.028 0.328 0.408 0.762 0.371 0.398 54 1.347 65.233 1 0
43670 1 6 3 1 0.064 0.246 0.048 0.779 0.032 247.954 3729 249.59 3965.467 0 0
43670 2 6 3 1 0.064 0.246 0.048 0.779 0.032 248.337 3580 249.639 3845.693 0 0
43670 3 6 3 1 0.064 0.246 0.048 0.779 0.032 248.132 3693 249.678 4177.673 0 0
43670 4 6 3 1 0.064 0.246 0.048 0.779 0.032 248.115 3583 249.7 4134.76 0 0
43670 5 6 3 1 0.064 0.246 0.048 0.779 0.032 248.513 3766 249.652 4209.78 0 0
43670 6 6 3 1 0.064 0.246 0.048 0.779 0.032 248.196 3608 249.74 4115.447 0 0
43670 7 6 3 1 0.064 0.246 0.048 0.779 0.032 247.906 3581 249.646 3996.773 0 0
43670 8 6 3 1 0.064 0.246 0.048 0.779 0.032 248.345 3392 249.685 3854.887 0 0
43670 9 6 3 1 0.064 0.246 0.048 0.779 0.032 247.891 3732 249.647 4090.007 0 0
43670 10 6 3 1 0.064 0.246 0.048 0.779 0.032 247.323 3296 249.535 3659.3 0 0
43670 1 6 3 1 0.015 0.022 0.245 0.934 0.783 199.163 0 199.933 0 0 1
43670 2 6 3 1 0.015 0.022 0.245 0.934 0.783 208.242 1 209.818 1 0 1
43670 3 6 3 1 0.015 0.022 0.245 0.934 0.783 249.422 0 249.969 0 0 1
43670 4 6 3 1 0.015 0.022 0.245 0.934 0.783 228.917 0 229.935 0 0 1
43670 5 6 3 1 0.015 0.022 0.245 0.934 0.783 206.128 0 208.54 0 0 1
43670 6 6 3 1 0.015 0.022 0.245 0.934 0.783 208.059 1 209.796 1 0 1
43670 7 6 3 1 0.015 0.022 0.245 0.934 0.783 178.764 1 194.011 1 0 1
43670 8 6 3 1 0.015 0.022 0.245 0.934 0.783 208.838 0 209.873 0 0 1
43670 9 6 3 1 0.015 0.022 0.245 0.934 0.783 249.572 0 249.959 0 0 1
43670 10 6 3 1 0.015 0.022 0.245 0.934 0.783 208.607 0 209.807 0 0 1
43670 1 6 3 1 0.007 0.071 0.303 0.928 0.496 208.395 1 209.799 1 0 1
43670 2 6 3 1 0.007 0.071 0.303 0.928 0.496 228.922 0 229.956 0 0 1
43670 3 6 3 1 0.007 0.071 0.303 0.928 0.496 209.139 0 209.893 0.467 0 1
43670 4 6 3 1 0.007 0.071 0.303 0.928 0.496 208.639 0 209.884 0 0 1
43670 5 6 3 1 0.007 0.071 0.303 0.928 0.496 207.964 0 209.795 0 0 1
43670 6 6 3 1 0.007 0.071 0.303 0.928 0.496 229.225 0 229.97 0 0 1
43670 7 6 3 1 0.007 0.071 0.303 0.928 0.496 208.738 1 209.86 1 0 1
43670 8 6 3 1 0.007 0.071 0.303 0.928 0.496 207.805 0 209.655 0 0 1
43670 9 6 3 1 0.007 0.071 0.303 0.928 0.496 208.424 1 209.81 1 0 1
43670 10 6 3 1 0.007 0.071 0.303 0.928 0.496 189.496 1 190.781 1.947 0 1
43670 1 6 3 1 0.079 0.055 0.055 0.894 0.467 248.792 1 249.897 1 0 1
43670 2 6 3 1 0.079 0.055 0.055 0.894 0.467 241.746 3 248.826 3.787 0 0.98
43670 3 6 3 1 0.079 0.055 0.055 0.894 0.467 246.087 3 249.464 3 0 1
43670 4 6 3 1 0.079 0.055 0.055 0.894 0.467 220.002 3 227.391 3.747 0 0.993
43670 5 6 3 1 0.079 0.055 0.055 0.894 0.467 224.538 1 229.163 1.047 0 1
43670 6 6 3 1 0.079 0.055 0.055 0.894 0.467 180.028 3 192.474 5.647 0 0.9
43670 1 6 8 1 0.095 0.007 0.494 0.937 0.537 250 0 250 0 0 1
43670 2 6 8 1 0.095 0.007 0.494 0.937 0.537 250 0 250 0 0 1
43670 3 6 8 1 0.095 0.007 0.494 0.937 0.537 250 0 250 0 0 1
43670 4 6 8 1 0.095 0.007 0.494 0.937 0.537 250 0 250 0 0 1
43670 5 6 8 1 0.095 0.007 0.494 0.937 0.537 250 0 250 0 0 1
43670 6 6 8 1 0.095 0.007 0.494 0.937 0.537 250 0 250 0 0 1
43670 7 6 8 1 0.095 0.007 0.494 0.937 0.537 250 0 250 0.38 0 1
43670 8 6 8 1 0.095 0.007 0.494 0.937 0.537 250 0 250 0 0 1
43670 9 6 8 1 0.095 0.007 0.494 0.937 0.537 250 0 250 0 0 1
43670 10 6 8 1 0.095 0.007 0.494 0.937 0.537 250 0 250 0 0 1
43670 1 6 8 1 0.037 0.171 0.5 0.969 0.876 250 0 250 0 0 1
43670 2 6 8 1 0.037 0.171 0.5 0.969 0.876 250 0 250 0 0 1
43670 3 6 8 1 0.037 0.171 0.5 0.969 0.876 250 0 250 0 0 1
43670 4 6 8 1 0.037 0.171 0.5 0.969 0.876 250 0 250 0 0 1
43670 5 6 8 1 0.037 0.171 0.5 0.969 0.876 250 0 250 0 0 1
43670 6 6 8 1 0.037 0.171 0.5 0.969 0.876 250 0 250 0 0 1
43670 7 6 8 1 0.037 0.171 0.5 0.969 0.876 250 1 250 1 0 1
43670 8 6 8 1 0.037 0.171 0.5 0.969 0.876 250 0 250 0 0 1
43670 9 6 8 1 0.037 0.171 0.5 0.969 0.876 250 0 250 0 0 1
43670 10 6 8 1 0.037 0.171 0.5 0.969 0.876 250 0 250 0 0 1
43670 1 6 8 1 0.09 0.407 0.081 0.854 0.965 250 0 250 0 0 1
43670 2 6 8 1 0.09 0.407 0.081 0.854 0.965 250 0 250 0 0 1
43670 3 6 8 1 0.09 0.407 0.081 0.854 0.965 250 0 250 0 0 1
43670 4 6 8 1 0.09 0.407 0.081 0.854 0.965 250 0 250 0 0 1
43670 5 6 8 1 0.09 0.407 0.081 0.854 0.965 250 0 250 0 0 1
43670 6 6 8 1 0.09 0.407 0.081 0.854 0.965 250 0 250 0 0 1
43670 7 6 8 1 0.09 0.407 0.081 0.854 0.965 250 0 250 0 0 1
43670 8 6 8 1 0.09 0.407 0.081 0.854 0.965 250 0 250 0 0 1
43670 9 6 8 1 0.09 0.407 0.081 0.854 0.965 250 0 250 0 0 1
43670 10 6 8 1 0.09 0.407 0.081 0.854 0.965 250 0 250 0 0 1
43670 1 6 8 1 0.028 0.4 0.315 0.883 0.854 250 0 250 0 0 1
43670 2 6 8 1 0.028 0.4 0.315 0.883 0.854 250 0 250 0 0 1
43670 3 6 8 1 0.028 0.4 0.315 0.883 0.854 250 0 250 0 0 1
43670 4 6 8 1 0.028 0.4 0.315 0.883 0.854 250 0 250 0 0 1
43670 5 6 8 1 0.028 0.4 0.315 0.883 0.854 250 0 250 0 0 1
43670 6 6 8 1 0.028 0.4 0.315 0.883 0.854 250 0 250 0 0 1
43670 7 6 8 1 0.028 0.4 0.315 0.883 0.854 250 0 250 0 0 1
43670 8 6 8 1 0.028 0.4 0.315 0.883 0.854 250 0 250 0 0 1
43670 9 6 8 1 0.028 0.4 0.315 0.883 0.854 250 0 250 0 0 1
43670 10 6 8 1 0.028 0.4 0.315 0.883 0.854 250 0 250 0 0 1
43670 1 6 8 1 0.103 0.325 0.223 0.96 0.031 247.557 2807 249.361 3091.84 0 0
43670 2 6 8 1 0.103 0.325 0.223 0.96 0.031 247.132 2533 249.393 2911.613 0 0
43670 3 6 8 1 0.103 0.325 0.223 0.96 0.031 247.395 2331 249.277 2717.513 0 0
43670 4 6 8 1 0.103 0.325 0.223 0.96 0.031 247.62 2624 249.435 3168.353 0 0
43670 5 6 8 1 0.103 0.325 0.223 0.96 0.031 247.128 2778 249.484 3249.827 0 0
43670 6 6 8 1 0.103 0.325 0.223 0.96 0.031 247.635 2585 249.31 3160.967 0 0
43670 7 6 8 1 0.103 0.325 0.223 0.96 0.031 245.938 2636 249.303 2929.8 0 0
43670 8 6 8 1 0.103 0.325 0.223 0.96 0.031 247.642 2553 249.41 2926.647 0 0
43670 9 6 8 1 0.103 0.325 0.223 0.96 0.031 247.811 2822 249.497 3286.52 0 0
43670 10 6 8 1 0.103 0.325 0.223 0.96 0.031 247.826 2942 249.547 3231.633 0 0
43670 1 6 8 1 0.096 0.302 0.13 0.858 0.34 238.749 739 245.105 1086.833 0 0
43670 2 6 8 1 0.096 0.302 0.13 0.858 0.34 237.854 575 245.064 994.42 0 0
43670 3 6 8 1 0.096 0.302 0.13 0.858 0.34 238.117 739 244.404 1048.353 0 0
43670 4 6 8 1 0.096 0.302 0.13 0.858 0.34 240.297 637 244.605 1013.3 0 0
43670 5 6 8 1 0.096 0.302 0.13 0.858 0.34 237.247 618 244.036 1015.093 0 0
43670 6 6 8 1 0.096 0.302 0.13 0.858 0.34 238.012 581 244.669 1009.74 0 0
43670 7 6 8 1 0.096 0.302 0.13 0.858 0.34 234.3 593 244.017 972.647 0 0
43670 8 6 8 1 0.096 0.302 0.13 0.858 0.34 237.269 552 243.86 960.067 0 0
43670 9 6 8 1 0.096 0.302 0.13 0.858 0.34 235.335 602 244.691 1042.893 0 0
43670 10 6 8 1 0.096 0.302 0.13 0.858 0.34 238.116 702 244.173 1048.24 0 0
43670 1 6 8 1 0.068 0.411 0.237 0.929 0.858 250 0 250 0 0 1
43670 2 6 8 1 0.068 0.411 0.237 0.929 0.858 250 0 250 0 0 1
43670 3 6 8 1 0.068 0.411 0.237 0.929 0.858 250 0 250 0 0 1
43670 4 6 8 1 0.068 0.411 0.237 0.929 0.858 250 0 250 0.1 0 1
43670 5 6 8 1 0.068 0.411 0.237 0.929 0.858 250 0 250 0 0 1
43670 6 6 8 1 0.068 0.411 0.237 0.929 0.858 250 0 250 0 0 1
43670 7 6 8 1 0.068 0.411 0.237 0.929 0.858 250 1 250 1 0 1
43670 8 6 8 1 0.068 0.411 0.237 0.929 0.858 250 0 250 0 0 1
43670 9 6 8 1 0.068 0.411 0.237 0.929 0.858 250 0 250 0 0 1
43670 10 6 8 1 0.068 0.411 0.237 0.929 0.858 250 0 250 0 0 1
43670 1 6 8 1 0.104 0.451 0.454 0.973 0.766 250 0 250 0 0 1
43670 2 6 8 1 0.104 0.451 0.454 0.973 0.766 250 0 250 0 0 1
43670 3 6 8 1 0.104 0.451 0.454 0.973 0.766 250 0 250 0 0 1
43670 4 6 8 1 0.104 0.451 0.454 0.973 0.766 250 0 250 0 0 1
43670 5 6 8 1 0.104 0.451 0.454 0.973 0.766 250 0 250 0 0 1
43670 6 6 8 1 0.104 0.451 0.454 0.973 0.766 250 0 250 0 0 1
43670 7 6 8 1 0.104 0.451 0.454 0.973 0.766 250 0 250 0 0 1
43670 8 6 8 1 0.104 0.451 0.454 0.973 0.766 250 0 250 0 0 1
43670 9 6 8 1 0.104 0.451 0.454 0.973 0.766 250 0 250 0 0 1
43670 10 6 8 1 0.104 0.451 0.454 0.973 0.766 250 0 250 0 0 1
43670 1 6 8 1 0.063 0.012 0.275 0.836 0.302 250 0 250 0 0 1
43670 1 6 9 0 0.025 0.426 0.094 0.898 0.208 237.676 34 246.661 983.693 0 0
43670 2 6 9 0 0.025 0.426 0.094 0.898 0.208 238.785 47 246.573 1001.92 0 0
43670 3 6 9 0 0.025 0.426 0.094 0.898 0.208 238.678 30 246.035 1182.087 0 0
43670 4 6 9 0 0.025 0.426 0.094 0.898 0.208 232.268 38 245.369 1172.16 0 0
43670 5 6 9 0 0.025 0.426 0.094 0.898 0.208 235.25 33 246.004 1017.927 0 0
43670 6 6 9 0 0.025 0.426 0.094 0.898 0.208 239.539 35 246.309 1122.307 0 0
43670 7 6 9 0 0.025 0.426 0.094 0.898 0.208 239.644 45 247.153 1246.087 0 0
43670 8 6 9 0 0.025 0.426 0.094 0.898 0.208 239.357 38 245.807 967.067 0 0
43670 9 6 9 0 0.025 0.426 0.094 0.898 0.208 233.563 25 246.392 962.58 0 0
43670 10 6 9 0 0.025 0.426 0.094 0.898 0.208 236.43 33 246.975 1142.207 0 0
43670 1 6 9 0 0.101 0.106 0.251 0.945 0.293 250 0 250 0 0 1
43670 2 6 9 0 0.101 0.106 0.251 0.945 0.293 250 0 250 0 0 1
43670 3 6 9 0 0.101 0.106 0.251 0.945 0.293 250 0 250 0 0 1
43670 4 6 9 0 0.101 0.106 0.251 0.945 0.293 250 0 250 0 0 1
43670 5 6 9 0 0.101 0.106 0.251 0.945 0.293 250 0 250 0 0 1
43670 6 6 9 0 0.101 0.106 0.251 0.945 0.293 250 0 250 0 0 1
43670 7 6 9 0 0.101 0.106 0.251 0.945 0.293 250 0 250 0 0 1
43670 8 6 9 0 0.101 0.106 0.251 0.945 0.293 249.858 0 249.999 0 0 1
43670 9 6 9 0 0.101 0.106 0.251 0.945 0.293 250 0 250 0 0 1
43670 10 6 9 0 0.101 0.106 0.251 0.945 0.293 250 0 250 0 0 1
43670 1 6 9 0 0.107 0.418 0.191 0.828 0.236 238.077 35 246.493 1049.013 0 0
43670 2 6 9 0 0.107 0.418 0.191 0.828 0.236 238.406 42 245.64 1151.887 0 0
43670 3 6 9 0 0.107 0.418 0.191 0.828 0.236 236.179 41 245.593 1233.213 0 0
43670 4 6 9 0 0.107 0.418 0.191 0.828 0.236 240.625 54 246.367 1119.873 0 0
43670 5 6 9 0 0.107 0.418 0.191 0.828 0.236 239.744 37 247.548 1066.227 0 0
43670 6 6 9 0 0.107 0.418 0.191 0.828 0.236 230.512 40 244.472 1233.48 0 0
43670 7 6 9 0 0.107 0.418 0.191 0.828 0.236 236.847 39 245.52 1074.453 0 0
43670 8 6 9 0 0.107 0.418 0.191 0.828 0.236 236.5 32 246.061 1032.087 0 0
43670 9 6 9 0 0.107 0.418 0.191 0.828 0.236 238.268 51 246.025 1304.18 0 0
43670 10 6 9 0 0.107 0.418 0.191 0.828 0.236 233.523 36 244.975 1046.333 0 0
43670 1 6 9 0 0.062 0.096 0.174 0.808 0.327 249.026 0 249.988 0 0 1
43670 2 6 9 0 0.062 0.096 0.174 0.808 0.327 248.676 0 249.882 0 0 1
43670 3 6 9 0 0.062 0.096 0.174 0.808 0.327 250 0 250 0 0 1
43670 4 6 9 0 0.062 0.096 0.174 0.808 0.327 246.332 0 249.807 0 0 1
43670 5 6 9 0 0.062 0.096 0.174 0.808 0.327 249.567 0 249.991 0 0 1
43670 6 6 9 0 0.062 0.096 0.174 0.808 0.327 249.283 0 249.976 0 0 1
43670 7 6 9 0 0.062 0.096 0.174 0.808 0.327 249.764 2 249.996 2.793 0 1
43670 8 6 9 0 0.062 0.096 0.174 0.808 0.327 239.775 1 249.223 1.04 0 1
43670 9 6 9 0 0.062 0.096 0.174 0.808 0.327 247.077 1 249.857 1.38 0 0.98
43670 10 6 9 0 0.062 0.096 0.174 0.808 0.327 247 0 249.568 0.893 0 0.973
43670 1 6 9 0 0.084 0.468 0.338 0.832 0.82 250 0 250 0 0 1
43670 2 6 9 0 0.084 0.468 0.338 0.832 0.82 250 0 250 0 0 1
43670 3 6 9 0 0.084 0.468 0.338 0.832 0.82 250 0 250 0 0 1
43670 4 6 9 0 0.084 0.468 0.338 0.832 0.82 250 0 250 0 0 1
43670 5 6 9 0 0.084 0.468 0.338 0.832 0.82 250 0 250 0 0 1
43670 6 6 9 0 0.084 0.468 0.338 0.832 0.82 250 0 250 0 0 1
43670 7 6 9 0 0.084 0.468 0.338 0.832 0.82 250 0 250 0 0 1
43670 8 6 9 0 0.084 0.468 0.338 0.832 0.82 250 0 250 0 0 1
43670 9 6 9 0 0.084 0.468 0.338 0.832 0.82 250 0 250 0 0 1
43670 10 6 9 0 0.084 0.468 0.338 0.832 0.82 250 0 250 0 0 1
43670 1 6 9 0 0.062 0.318 0.301 0.888 0.954 250 0 250 0 0 1
43670 2 6 9 0 0.062 0.318 0.301 0.888 0.954 250 0 250 0 0 1
43670 3 6 9 0 0.062 0.318 0.301 0.888 0.954 250 1 250 1 0 1
43670 4 6 9 0 0.062 0.318 0.301 0.888 0.954 250 0 250 0 0 1
43670 5 6 9 0 0.062 0.318 0.301 0.888 0.954 250 0 250 0 0 1
43670 6 6 9 0 0.062 0.318 0.301 0.888 0.954 250 0 250 0 0 1
43670 7 6 9 0 0.062 0.318 0.301 0.888 0.954 250 0 250 0 0 1
43670 8 6 9 0 0.062 0.318 0.301 0.888 0.954 250 0 250 0 0 1
43670 9 6 9 0 0.062 0.318 0.301 0.888 0.954 250 0 250 0 0 1
43670 10 6 9 0 0.062 0.318 0.301 0.888 0.954 250 0 250 0 0 1
43670 1 6 9 0 0.069 0.337 0.426 0.804 0.897 250 0 250 0 0 1
43670 2 6 9 0 0.069 0.337 0.426 0.804 0.897 250 0 250 0 0 1
43670 3 6 9 0 0.069 0.337 0.426 0.804 0.897 250 0 250 0 0 1
43670 4 6 9 0 0.069 0.337 0.426 0.804 0.897 250 0 250 0 0 1
43670 5 6 9 0 0.069 0.337 0.426 0.804 0.897 250 0 250 0 0 1
43670 6 6 9 0 0.069 0.337 0.426 0.804 0.897 250 0 250 0 0 1
43670 7 6 9 0 0.069 0.337 0.426 0.804 0.897 250 0 250 0 0 1
43670 8 6 9 0 0.069 0.337 0.426 0.804 0.897 250 0 250 0 0 1
43670 9 6 9 0 0.069 0.337 0.426 0.804 0.897 250 1 250 1 0 1
43670 10 6 9 0 0.069 0.337 0.426 0.804 0.897 250 0 250 0 0 1
43670 1 6 9 0 0.104 0.027 0.322 0.828 0.944 250 0 250 0 0 1
43670 2 6 9 0 0.104 0.027 0.322 0.828 0.944 250 0 250 0 0 1
43670 3 6 9 0 0.104 0.027 0.322 0.828 0.944 250 0 250 0 0 1
43670 4 6 9 0 0.104 0.027 0.322 0.828 0.944 250 0 250 0 0 1
43670 5 6 9 0 0.104 0.027 0.322 0.828 0.944 250 0 250 0 0 1
43670 6 6 9 0 0.104 0.027 0.322 0.828 0.944 250 0 250 0 0 1
43670 7 6 9 0 0.104 0.027 0.322 0.828 0.944 250 0 250 0 0 1
43670 8 6 9 0 0.104 0.027 0.322 0.828 0.944 250 0 250 0 0 1
43670 9 6 9 0 0.104 0.027 0.322 0.828 0.944 250 0 250 0 0 1
43670 10 6 9 0 0.104 0.027 0.322 0.828 0.944 250 0 250 0 0 1
43670 1 6 9 0 0.1 0.447 0.03 0.935 0.091 248.696 3564 249.827 5040.44 0 0
43670 2 6 9 0 0.1 0.447 0.03 0.935 0.091 248.844 4218 249.805 5019.553 0 0
43670 3 6 9 0 0.1 0.447 0.03 0.935 0.091 248.43 3775 249.84 5352.387 0 0
43670 4 6 9 0 0.1 0.447 0.03 0.935 0.091 248.767 3593 249.769 4810.38 0 0
43670 5 6 9 0 0.1 0.447 0.03 0.935 0.091 248.819 4378 249.872 5350.94 0 0
43670 6 6 9 0 0.1 0.447 0.03 0.935 0.091 248.906 4149 249.828 4895.333 0 0
43670 7 6 9 0 0.1 0.447 0.03 0.935 0.091 248.903 4461 249.839 5420.653 0 0
43670 8 6 9 0 0.1 0.447 0.03 0.935 0.091 247.247 3397 249.747 4804.287 0 0
43670 9 6 9 0 0.1 0.447 0.03 0.935 0.091 248.991 4570 249.822 5265.68 0 0
43670 1 6 10 1 0.079 0.368 0.258 0.893 0.476 249 0 249.966 0.247 0 0.987
43670 2 6 10 1 0.079 0.368 0.258 0.893 0.476 245.862 1 249.477 1.267 0 0.993
43670 3 6 10 1 0.079 0.368 0.258 0.893 0.476 248 0 249.908 0.447 0 1
43670 4 6 10 1 0.079 0.368 0.258 0.893 0.476 246.879 1 249.55 1.547 0 0.967
43670 5 6 10 1 0.079 0.368 0.258 0.893 0.476 249.003 0 249.974 0 0 1
43670 6 6 10 1 0.079 0.368 0.258 0.893 0.476 249.016 1 249.991 1 0 1
43670 7 6 10 1 0.079 0.368 0.258 0.893 0.476 246 1 249.743 1.533 0 0.993
43670 8 6 10 1 0.079 0.368 0.258 0.893 0.476 248.346 0 249.87 0.773 0 0.973
43670 9 6 10 1 0.079 0.368 0.258 0.893 0.476 248.436 0 249.969 0.293 0 0.987
43670 10 6 10 1 0.079 0.368 0.258 0.893 0.476 249 2 249.925 2.673 0 1
43670 1 6 10 1 0.092 0.156 0.221 0.985 0.861 250 0 250 0 0 1
43670 2 6 10 1 0.092 0.156 0.221 0.985 0.861 250 0 250 0 0 1
43670 3 6 10 1 0.092 0.156 0.221 0.985 0.861 250 0 250 0 0 1
43670 4 6 10 1 0.092 0.156 0.221 0.985 0.861 250 0 250 0 0 1
43670 5 6 10 1 0.092 0.156 0.221 0.985 0.861 250 0 250 0 0 1
43670 6 6 10 1 0.092 0.156 0.221 0.985 0.861 250 0 250 0 0 1
43670 7 6 10 1 0.092 0.156 0.221 0.985 0.861 250 0 250 0 0 1
43670 8 6 10 1 0.092 0.156 0.221 0.985 0.861 250 0 250 0 0 1
43670 9 6 10 1 0.092 0.156 0.221 0.985 0.861 250 0 250 0 0 1
43670 10 6 10 1 0.092 0.156 0.221 0.985 0.861 250 0 250 0 0 1
43670 1 6 10 1 0.119 0.419 0.293 0.793 0.047 246.849 2367 249.203 2671.393 0 0
43670 2 6 10 1 0.119 0.419 0.293 0.793 0.047 247.049 2389 249.299 2777.4 0 0
43670 3 6 10 1 0.119 0.419 0.293 0.793 0.047 247.288 2499 249.301 2900.76 0 0
43670 4 6 10 1 0.119 0.419 0.293 0.793 0.047 247.408 2622 249.415 2880.693 0 0
43670 5 6 10 1 0.119 0.419 0.293 0.793 0.047 247.731 2259 249.248 2640.747 0 0
43670 6 6 10 1 0.119 0.419 0.293 0.793 0.047 246.817 2300 249.26 2653.68 0 0
43670 7 6 10 1 0.119 0.419 0.293 0.793 0.047 246.743 2161 249.205 2607.533 0 0
43670 8 6 10 1 0.119 0.419 0.293 0.793 0.047 246.75 2370 249.302 2662.233 0 0
43670 9 6 10 1 0.119 0.419 0.293 0.793 0.047 246.685 2370 249.307 2800.593 0 0
43670 10 6 10 1 0.119 0.419 0.293 0.793 0.047 246.939 2274 249.208 2657.78 0 0
43670 1 6 10 1 0.055 0.463 0.278 0.751 0.049 246.092 1676 248.684 1902.667 0 0
43670 2 6 10 1 0.055 0.463 0.278 0.751 0.049 246.502 1701 248.697 2062.687 0 0
43670 3 6 10 1 0.055 0.463 0.278 0.751 0.049 244.686 1597 248.27 1822.567 0 0
43670 4 6 10 1 0.055 0.463 0.278 0.751 0.049 244.485 1654 248.566 1971.533 0 0
43670 5 6 10 1 0.055 0.463 0.278 0.751 0.049 244.624 1547 248.46 1886.693 0 0
43670 6 6 10 1 0.055 0.463 0.278 0.751 0.049 245.931 1686 248.748 1934.367 0 0
43670 7 6 10 1 0.055 0.463 0.278 0.751 0.049 244.622 1578 248.721 1879.653 0 0
43670 8 6 10 1 0.055 0.463 0.278 0.751 0.049 243.541 1512 248.224 1767.1 0 0
43670 9 6 10 1 0.055 0.463 0.278 0.751 0.049 245.954 1617 248.837 2012.027 0 0
43670 10 6 10 1 0.055 0.463 0.278 0.751 0.049 246.417 1656 248.97 2023.013 0 0
43670 1 6 10 1 0.113 0.44 0.256 0.836 0.245 240.838 982 247.49 1446.733 0 0
43670 2 6 10 1 0.113 0.44 0.256 0.836 0.245 240.22 1106 247.228 1455.513 0 0
43670 3 6 10 1 0.113 0.44 0.256 0.836 0.245 243.709 1013 247.137 1445.513 0 0
43670 4 6 10 1 0.113 0.44 0.256 0.836 0.245 243.244 1185 247.409 1523.827 0 0
43670 5 6 10 1 0.113 0.44 0.256 0.836 0.245 244.092 1175 247.903 1511.747 0 0
43670 6 6 10 1 0.113 0.44 0.256 0.836 0.245 244.003 1156 248.021 1577.967 0 0
43670 7 6 10 1 0.113 0.44 0.256 0.836 0.245 245.037 1149 248.071 1492.093 0 0
43670 8 6 10 1 0.113 0.44 0.256 0.836 0.245 240.402 1012 247.591 1513.04 0 0
43670 9 6 10 1 0.113 0.44 0.256 0.836 0.245 244.426 1106 247.91 1490.84 0 0
43670 10 6 10 1 0.113 0.44 0.256 0.836 0.245 242.859 1083 247.314 1470.693 0 0
43670 1 6 10 1 0.005 0.139 0.352 0.817 0.184 176.085 68 189.82 394.14 0 0
43670 2 6 10 1 0.005 0.139 0.352 0.817 0.184 166.746 29 179.813 383.62 0 0
43670 3 6 10 1 0.005 0.139 0.352 0.817 0.184 137.756 68 149.712 334.3 0 0
43670 4 6 10 1 0.005 0.139 0.352 0.817 0.184 127.813 49 138.509 352.613 0 0
43670 5 6 10 1 0.005 0.139 0.352 0.817 0.184 102.275 71 115.87 344.92 0 0
43670 6 6 10 1 0.005 0.139 0.352 0.817 0.184 143.871 57 158.469 376.587 0 0
43670 7 6 10 1 0.005 0.139 0.352 0.817 0.184 127.041 85 141.223 382.553 0 0
43670 8 6 10 1 0.005 0.139 0.352 0.817 0.184 108.25 29 125.791 328.627 0 0
43670 9 6 10 1 0.005 0.139 0.352 0.817 0.184 124.889 30 153.818 362.113 0 0
43670 10 6 10 1 0.005 0.139 0.352 0.817 0.184 153.421 51 166.607 370.527 0 0
43670 1 6 10 1 0.04 0.355 0.205 0.953 0.68 250 0 250 0 0 1
43670 2 6 10 1 0.04 0.355 0.205 0.953 0.68 250 0 250 0 0 1
43670 3 6 10 1 0.04 0.355 0.205 0.953 0.68 250 0 250 0 0 1
43670 4 6 10 1 0.04 0.355 0.205 0.953 0.68 250 0 250 0 0 1
43670 5 6 10 1 0.04 0.355 0.205 0.953 0.68 250 0 250 0 0 1
43670 6 6 10 1 0.04 0.355 0.205 0.953 0.68 250 0 250 0 0 1
43670 7 6 10 1 0.04 0.355 0.205 0.953 0.68 250 0 250 0 0 1
43670 8 6 10 1 0.04 0.355 0.205 0.953 0.68 250 0 250 0 0 1
43670 9 6 10 1 0.04 0.355 0.205 0.953 0.68 250 0 250 0 0 1
43670 10 6 10 1 0.04 0.355 0.205 0.953 0.68 250 0 250 0 0 1
43670 1 6 10 1 0.089 0.039 0.331 0.952 0.667 250 0 250 0 0 1
43670 2 6 10 1 0.089 0.039 0.331 0.952 0.667 250 0 250 0 0 1
43670 3 6 10 1 0.089 0.039 0.331 0.952 0.667 250 0 250 0 0 1
43670 4 6 10 1 0.089 0.039 0.331 0.952 0.667 250 0 250 0 0 1
43670 5 6 10 1 0.089 0.039 0.331 0.952 0.667 250 0 250 0 0 1
43670 6 6 10 1 0.089 0.039 0.331 0.952 0.667 250 0 250 0 0 1
43670 7 6 10 1 0.089 0.039 0.331 0.952 0.667 250 0 250 0 0 1
43670 8 6 10 1 0.089 0.039 0.331 0.952 0.667 250 0 250 0 0 1
43670 9 6 10 1 0.089 0.039 0.331 0.952 0.667 250 0 250 0 0 1
43670 10 6 10 1 0.089 0.039 0.331 0.952 0.667 250 0 250 0 0 1
43670 1 6 10 1 0.004 0.02 0.195 0.753 0.518 250 0 250 0 0 1
43670 2 6 10 1 0.004 0.02 0.195 0.753 0.518 250 0 250 0 0 1
43670 3 6 10 1 0.004 0.02 0.195 0.753 0.518 250 0 250 0 0 1
43670 1 6 10 0 0.01 0.296 0.453 0.954 0.489 250 0 250 0 0 1
43670 2 6 10 0 0.01 0.296 0.453 0.954 0.489 250 1 250 1 0 1
43670 3 6 10 0 0.01 0.296 0.453 0.954 0.489 250 0 250 0 0 1
43670 4 6 10 0 0.01 0.296 0.453 0.954 0.489 250 0 250 0 0 1
43670 5 6 10 0 0.01 0.296 0.453 0.954 0.489 250 0 250 0 0 1
43670 6 6 10 0 0.01 0.296 0.453 0.954 0.489 250 0 250 0 0 1
43670 7 6 10 0 0.01 0.296 0.453 0.954 0.489 250 0 250 0 0 1
43670 8 6 10 0 0.01 0.296 0.453 0.954 0.489 250 0 250 0 0 1
43670 9 6 10 0 0.01 0.296 0.453 0.954 0.489 250 0 250 0 0 1
43670 10 6 10 0 0.01 0.296 0.453 0.954 0.489 250 0 250 0 0 1
43670 1 6 10 0 0.093 0.134 0.464 0.972 0.815 250 0 250 0 0 1
43670 2 6 10 0 0.093 0.134 0.464 0.972 0.815 250 0 250 0 0 1
43670 3 6 10 0 0.093 0.134 0.464 0.972 0.815 250 0 250 0 0 1
43670 4 6 10 0 0.093 0.134 0.464 0.972 0.815 250 0 250 0 0 1
43670 5 6 10 0 0.093 0.134 0.464 0.972 0.815 250 0 250 0 0 1
43670 6 6 10 0 0.093 0.134 0.464 0.972 0.815 250 0 250 0 0 1
43670 7 6 10 0 0.093 0.134 0.464 0.972 0.815 250 0 250 0 0 1
43670 8 6 10 0 0.093 0.134 0.464 0.972 0.815 250 0 250 0 0 1
43670 9 6 10 0 0.093 0.134 0.464 0.972 0.815 250 0 250 0 0 1
43670 10 6 10 0 0.093 0.134 0.464 0.972 0.815 250 0 250 0 0 1
43670 1 6 10 0 0.03 0.237 0.339 0.796 0.775 250 1 250 1 0 1
43670 2 6 10 0 0.03 0.237 0.339 0.796 0.775 250 0 250 0 0 1
43670 3 6 10 0 0.03 0.237 0.339 0.796 0.775 250 0 250 0 0 1
43670 4 6 10 0 0.03 0.237 0.339 0.796 0.775 250 0 250 0 0 1
43670 5 6 10 0 0.03 0.237 0.339 0.796 0.775 250 0 250 0 0 1
43670 6 6 10 0 0.03 0.237 0.339 0.796 0.775 250 0 250 0 0 1
43670 7 6 10 0 0.03 0.237 0.339 0.796 0.775 250 0 250 0 0 1
43670 8 6 10 0 0.03 0.237 0.339 0.796 0.775 250 0 250 0 0 1
43670 9 6 10 0 0.03 0.237 0.339 0.796 0.775 250 0 250 0 0 1
43670 10 6 10 0 0.03 0.237 0.339 0.796 0.775 250 0 250 0 0 1
43670 1 6 10 0 0.056 0.224 0.436 0.983 0.172 239.673 35 246.165 276.74 0 0
43670 2 6 10 0 0.056 0.224 0.436 0.983 0.172 233.812 46 245.329 230.773 0 0
43670 3 6 10 0 0.056 0.224 0.436 0.983 0.172 236.703 44 244.181 198.2 0 0
43670 4 6 10 0 0.056 0.224 0.436 0.983 0.172 237.735 34 245.473 204.587 0 0
43670 5 6 10 0 0.056 0.224 0.436 0.983 0.172 233.948 25 245.555 250.867 0 0
43670 6 6 10 0 0.056 0.224 0.436 0.983 0.172 239.007 26 246.136 211.967 0 0
43670 7 6 10 0 0.056 0.224 0.436 0.983 0.172 230.195 37 246.418 310.233 0 0
43670 8 6 10 0 0.056 0.224 0.436 0.983 0.172 241.054 29 247.196 228.587 0 0
43670 9 6 10 0 0.056 0.224 0.436 0.983 0.172 238.048 34 246.378 275.673 0 0
43670 10 6 10 0 0.056 0.224 0.436 0.983 0.172 234.836 28 245.986 234.347 0 0
43670 1 6 10 0 0.109 0.325 0.047 0.782 0.418 238.288 118 246.124 509.58 0 0
43670 2 6 10 0 0.109 0.325 0.047 0.782 0.418 238.096 87 246.538 468.047 0 0
43670 3 6 10 0 0.109 0.325 0.047 0.782 0.418 232.693 99 244.647 425.953 0 0
43670 4 6 10 0 0.109 0.325 0.047 0.782 0.418 236.904 132 245.772 451.72 0 0
43670 5 6 10 0 0.109 0.325 0.047 0.782 0.418 236.889 124 246.284 512.093 0 0
43670 6 6 10 0 0.109 0.325 0.047 0.782 0.418 238.774 101 246.409 439.373 0 0
43670 7 6 10 0 0.109 0.325 0.047 0.782 0.418 235.446 108 245.692 415.007 0 0
43670 8 6 10 0 0.109 0.325 0.047 0.782 0.418 234.413 111 245.916 500.633 0 0
43670 9 6 10 0 0.109 0.325 0.047 0.782 0.418 236.191 81 245.989 379.267 0 0
43670 10 6 10 0 0.109 0.325 0.047 0.782 0.418 238.041 96 245.529 402.167 0 0
43670 1 6 10 0 0.046 0.436 0.04 0.897 0.321 235.118 39 245.517 999.967 0 0
43670 2 6 10 0 0.046 0.436 0.04 0.897 0.321 236.846 37 246.372 979.52 0 0
43670 3 6 10 0 0.046 0.436 0.04 0.897 0.321 236.058 26 245.67 1062.133 0 0
43670 4 6 10 0 0.046 0.436 0.04 0.897 0.321 236.329 23 245.514 1091.74 0 0
43670 5 6 10 0 0.046 0.436 0.04 0.897 0.321 236.064 30 245.773 1226.353 0 0
43670 6 6 10 0 0.046 0.436 0.04 0.897 0.321 233.643 36 246.608 1122.347 0 0
43670 7 6 10 0 0.046 0.436 0.04 0.897 0.321 234.199 36 245.681 1003.427 0 0
43670 8 6 10 0 0.046 0.436 0.04 0.897 0.321 237.685 38 245.763 1131.453 0 0
43670 9 6 10 0 0.046 0.436 0.04 0.897 0.321 229.558 43 245.533 1120.36 0 0
43670 10 6 10 0 0.046 0.436 0.04 0.897 0.321 233.873 33 243.762 1105.813 0 0
43670 1 6 10 0 0.06 0.424 0.4 0.97 0.863 250 0 250 0 0 1
43670 2 6 10 0 0.06 0.424 0.4 0.97 0.863 250 0 250 0 0 1
43670 3 6 10 0 0.06 0.424 0.4 0.97 0.863 250 0 250 0 0 1
43670 4 6 10 0 0.06 0.424 0.4 0.97 0.863 250 0 250 0 0 1
43670 5 6 10 0 0.06 0.424 0.4 0.97 0.863 250 0 250 0 0 1
43670 6 6 10 0 0.06 0.424 0.4 0.97 0.863 250 0 250 0 0 1
43670 7 6 10 0 0.06 0.424 0.4 0.97 0.863 250 0 250 0 0 1
43670 8 6 10 0 0.06 0.424 0.4 0.97 0.863 250 0 250 0 0 1
43670 9 6 10 0 0.06 0.424 0.4 0.97 0.863 250 0 250 0 0 1
43670 10 6 10 0 0.06 0.424 0.4 0.97 0.863 250 0 250 0 0 1
43670 1 6 10 0 0.004 0.31 0.469 0.798 0.9 250 0 250 0 0 1
43670 2 6 10 0 0.004 0.31 0.469 0.798 0.9 250 0 250 0.133 0 1
43670 3 6 10 0 0.004 0.31 0.469 0.798 0.9 250 0 250 0 0 1
43670 4 6 10 0 0.004 0.31 0.469 0.798 0.9 250 0 250 0 0 1
43670 5 6 10 0 0.004 0.31 0.469 0.798 0.9 250 0 250 0 0 1
43670 6 6 10 0 0.004 0.31 0.469 0.798 0.9 250 0 250 0 0 1
43670 7 6 10 0 0.004 0.31 0.469 0.798 0.9 250 0 250 0 0 1
43670 8 6 10 0 0.004 0.31 0.469 0.798 0.9 250 0 250 0 0 1
43670 9 6 10 0 0.004 0.31 0.469 0.798 0.9 250 0 250 0 0 1
43670 10 6 10 0 0.004 0.31 0.469 0.798 0.9 250 0 250 0 0 1
43670 1 6 10 0 0.003 0.091 0.011 0.808 0.605 240.377 4 247.784 18.907 0 0.54
43670 2 6 10 0 0.003 0.091 0.011 0.808 0.605 243 5 247.713 18.227 0 0.6
43670 3 6 10 0 0.003 0.091 0.011 0.808 0.605 238.436 7 247.467 22.153 0 0.433
43670 4 6 10 0 0.003 0.091 0.011 0.808 0.605 238.023 6 247.861 19.74 0 0.6
43670 5 6 10 0 0.003 0.091 0.011 0.808 0.605 239.37 2 247.094 15.053 0 0.627
43670 6 6 10 0 0.003 0.091 0.011 0.808 0.605 234.663 5 247.459 18.387 0 0.66
43670 7 6 10 0 0.003 0.091 0.011 0.808 0.605 241.277 3 247.367 14.513 0 0.633
43670 8 6 10 0 0.003 0.091 0.011 0.808 0.605 237.849 5 247.778 19.76 0 0.42
43670 9 6 10 0 0.003 0.091 0.011 0.808 0.605 239.401 3 247.98 16.013 0 0.687
43670 10 6 10 0 0.003 0.091 0.011 0.808 0.605 239.41 3 247.914 16.647 0 0.707
43670 1 6 10 0 0.084 0.404 0.395 0.936 0.206 232.93 41 246.114 617.727 0 0
43670 1 6 9 0 0.045 0.448 0.358 0.81 0.33 231.754 21 246.481 98.407 0 0
43670 2 6 9 0 0.045 0.448 0.358 0.81 0.33 239.137 13 246.756 81.56 0 0
43670 3 6 9 0 0.045 0.448 0.358 0.81 0.33 232.87 26 246.068 105.66 0 0
43670 4 6 9 0 0.045 0.448 0.358 0.81 0.33 235.889 24 246.086 94.907 0 0
43670 5 6 9 0 0.045 0.448 0.358 0.81 0.33 232.394 19 245.894 79.487 0 0
43670 6 6 9 0 0.045 0.448 0.358 0.81 0.33 236.259 15 246.703 85.307 0 0
43670 7 6 9 0 0.045 0.448 0.358 0.81 0.33 234.801 15 246.163 82.553 0 0
43670 8 6 9 0 0.045 0.448 0.358 0.81 0.33 232.526 24 245.88 87.713 0 0
43670 9 6 9 0 0.045 0.448 0.358 0.81 0.33 236.613 14 246.914 65.767 0 0
43670 10 6 9 0 0.045 0.448 0.358 0.81 0.33 231.943 20 245.606 66.087 0 0
43670 1 6 9 0 0.091 0.489 0.493 0.754 0.44 250 0 250 0 0 1
43670 2 6 9 0 0.091 0.489 0.493 0.754 0.44 250 0 250 0 0 1
43670 3 6 9 0 0.091 0.489 0.493 0.754 0.44 250 0 250 0 0 1
43670 4 6 9 0 0.091 0.489 0.493 0.754 0.44 250 0 250 0 0 1
43670 5 6 9 0 0.091 0.489 0.493 0.754 0.44 250 0 250 0 0 1
43670 6 6 9 0 0.091 0.489 0.493 0.754 0.44 250 0 250 0 0 1
43670 7 6 9 0 0.091 0.489 0.493 0.754 0.44 250 0 250 0 0 1
43670 8 6 9 0 0.091 0.489 0.493 0.754 0.44 250 1 250 1 0 1
43670 9 6 9 0 0.091 0.489 0.493 0.754 0.44 250 0 250 0 0 1
43670 10 6 9 0 0.091 0.489 0.493 0.754 0.44 250 0 250 0 0 1
43670 1 6 9 0 0.064 0.159 0.236 0.983 0.805 250 0 250 0.32 0 1
43670 2 6 9 0 0.064 0.159 0.236 0.983 0.805 250 0 250 0 0 1
43670 3 6 9 0 0.064 0.159 0.236 0.983 0.805 250 0 250 0 0 1
43670 4 6 9 0 0.064 0.159 0.236 0.983 0.805 250 0 250 0.893 0 1
43670 5 6 9 0 0.064 0.159 0.236 0.983 0.805 250 0 250 0 0 1
43670 6 6 9 0 0.064 0.159 0.236 0.983 0.805 250 0 250 0 0 1
43670 7 6 9 0 0.064 0.159 0.236 0.983 0.805 250 0 250 0 0 1
43670 8 6 9 0 0.064 0.159 0.236 0.983 0.805 250 0 250 0 0 1
43670 9 6 9 0 0.064 0.159 0.236 0.983 0.805 250 0 250 0 0 1
43670 10 6 9 0 0.064 0.159 0.236 0.983 0.805 250 0 250 0 0 1
43670 1 6 9 0 0.037 0.17 0.499 0.859 0.153 240.595 4 248.101 29.253 0 0.527
43670 2 6 9 0 0.037 0.17 0.499 0.859 0.153 245.076 12 248.737 55.247 0 0
43670 3 6 9 0 0.037 0.17 0.499 0.859 0.153 244.193 11 248.547 54.333 0 0
43670 4 6 9 0 0.037 0.17 0.499 0.859 0.153 239.764 7 248.082 31.1 0 0.647
43670 5 6 9 0 0.037 0.17 0.499 0.859 0.153 242.177 15 248.282 28.713 0 0
43670 6 6 9 0 0.037 0.17 0.499 0.859 0.153 238.63 8 247.764 38.547 0 0.567
43670 7 6 9 0 0.037 0.17 0.499 0.859 0.153 239.747 14 248.587 57.967 0 0
43670 8 6 9 0 0.037 0.17 0.499 0.859 0.153 242.302 5 248.07 27.713 0 0.707
43670 9 6 9 0 0.037 0.17 0.499 0.859 0.153 242.572 12 247.979 40.767 0 0
43670 10 6 9 0 0.037 0.17 0.499 0.859 0.153 242.656 2 248.918 16.5 0 0.747
43670 1 6 9 0 0.107 0.275 0.482 0.865 0.273 250 0 250 0 0 1
43670 2 6 9 0 0.107 0.275 0.482 0.865 0.273 250 0 250 0 0 1
43670 3 6 9 0 0.107 0.275 0.482 0.865 0.273 249.643 1 249.997 1 0 1
43670 4 6 9 0 0.107 0.275 0.482 0.865 0.273 249.485 1 249.993 1 0 1
43670 5 6 9 0 0.107 0.275 0.482 0.865 0.273 250 1 250 1 0 1
43670 6 6 9 0 0.107 0.275 0.482 0.865 0.273 249.913 0 249.999 0 0 1
43670 7 6 9 0 0.107 0.275 0.482 0.865 0.273 250 0 250 0 0 1
43670 8 6 9 0 0.107 0.275 0.482 0.865 0.273 250 0 250 0 0 1
43670 9 6 9 0 0.107 0.275 0.482 0.865 0.273 250 0 250 0 0 1
43670 10 6 9 0 0.107 0.275 0.482 0.865 0.273 250 0 250 0 0 1
43670 1 6 9 0 0.07 0.302 0.246 0.863 0.725 250 0 250 0 0 1
43670 2 6 9 0 0.07 0.302 0.246 0.863 0.725 250 0 250 0 0 1
43670 3 6 9 0 0.07 0.302 0.246 0.863 0.725 250 0 250 0 0 1
43670 4 6 9 0 0.07 0.302 0.246 0.863 0.725 250 1 250 1 0 1
43670 5 6 9 0 0.07 0.302 0.246 0.863 0.725 250 0 250 0 0 1
43670 6 6 9 0 0.07 0.302 0.246 0.863 0.725 250 0 250 0 0 1
43670 7 6 9 0 0.07 0.302 0.246 0.863 0.725 250 0 250 0 0 1
43670 8 6 9 0 0.07 0.302 0.246 0.863 0.725 250 0 250 0 0 1
43670 9 6 9 0 0.07 0.302 0.246 0.863 0.725 250 0 250 0 0 1
43670 10 6 9 0 0.07 0.302 0.246 0.863 0.725 250 0 250 0 0 1
43670 1 6 9 0 0.014 0.393 0.153 0.84 0.961 250 0 250 0 0 1
43670 2 6 9 0 0.014 0.393 0.153 0.84 0.961 250 0 250 0 0 1
43670 3 6 9 0 0.014 0.393 0.153 0.84 0.961 250 0 250 0 0 1
43670 4 6 9 0 0.014 0.393 0.153 0.84 0.961 250 0 250 0 0 1
43670 5 6 9 0 0.014 0.393 0.153 0.84 0.961 250 0 250 0 0 1
43670 6 6 9 0 0.014 0.393 0.153 0.84 0.961 250 0 250 0 0 1
43670 7 6 9 0 0.014 0.393 0.153 0.84 0.961 250 0 250 0 0 1
43670 8 6 9 0 0.014 0.393 0.153 0.84 0.961 250 0 250 0 0 1
43670 9 6 9 0 0.014 0.393 0.153 0.84 0.961 250 0 250 0 0 1
43670 10 6 9 0 0.014 0.393 0.153 0.84 0.961 250 0 250 0 0 1
43670 1 6 9 0 0.074 0.085 0.191 0.81 0.659 250 0 250 0 0 1
43670 2 6 9 0 0.074 0.085 0.191 0.81 0.659 250 0 250 0 0 1
43670 3 6 9 0 0.074 0.085 0.191 0.81 0.659 250 0 250 0 0 1
43670 4 6 9 0 0.074 0.085 0.191 0.81 0.659 250 0 250 0 0 1
43670 5 6 9 0 0.074 0.085 0.191 0.81 0.659 250 0 250 0 0 1
43670 6 6 9 0 0.074 0.085 0.191 0.81 0.659 250 0 250 0 0 1
43670 7 6 9 0 0.074 0.085 0.191 0.81 0.659 250 0 250 0 0 1
43670 8 6 9 0 0.074 0.085 0.191 0.81 0.659 250 0 250 0.273 0 1
43670 9 6 9 0 0.074 0.085 0.191 0.81 0.659 250 0 250 0 0 1
43670 10 6 9 0 0.074 0.085 0.191 0.81 0.659 250 1 250 1 0 1
43670 1 6 9 0 0.053 0.264 0.343 0.895 0.224 237.42 62 245.876 404.953 0 0
43670 2 6 9 0 0.053 0.264 0.343 0.895 0.224 234.46 51 245.794 375.02 0 0
43670 3 6 9 0 0.053 0.264 0.343 0.895 0.224 231.329 44 245.395 448.953 0 0
43670 4 6 9 0 0.053 0.264 0.343 0.895 0.224 239.831 41 246.144 352.5 0 0
43670 5 6 9 0 0.053 0.264 0.343 0.895 0.224 238.017 43 246.959 372.027 0 0
43670 6 6 9 0 0.053 0.264 0.343 0.895 0.224 238.051 43 246.348 415.147 0 0
43670 7 6 9 0 0.053 0.264 0.343 0.895 0.224 237.468 42 245.7 424.347 0 0
43670 8 6 9 0 0.053 0.264 0.343 0.895 0.224 235.829 58 245.718 383.813 0 0
43670 9 6 9 0 0.053 0.264 0.343 0.895 0.224 229.508 45 244.185 448.847 0 0
43670 10 6 9 0 0.053 0.264 0.343 0.895 0.224 234.484 38 245.845 400.233 0 0
43670 1 6 9 0 0.107 0.015 0.244 0.852 0.215 250 0 250 0 0 1
43670 2 6 9 0 0.107 0.015 0.244 0.852 0.215 250 0 250 0 0 1
43670 1 6 9 1 0.029 0.447 0.184 0.887 0.722 250 0 250 0 0 1
43670 2 6 9 1 0.029 0.447 0.184 0.887 0.722 250 0 250 0 0 1
43670 3 6 9 1 0.029 0.447 0.184 0.887 0.722 250 0 250 0 0 1
43670 4 6 9 1 0.029 0.447 0.184 0.887 0.722 250 0 250 0 0 1
43670 5 6 9 1 0.029 0.447 0.184 0.887 0.722 250 0 250 0.653 0 1
43670 6 6 9 1 0.029 0.447 0.184 0.887 0.722 250 0 250 0 0 1
43670 7 6 9 1 0.029 0.447 0.184 0.887 0.722 250 0 250 0.867 0 1
43670 8 6 9 1 0.029 0.447 0.184 0.887 0.722 250 0 250 0 0 1
43670 9 6 9 1 0.029 0.447 0.184 0.887 0.722 250 0 250 0 0 1
43670 10 6 9 1 0.029 0.447 0.184 0.887 0.722 250 0 250 0 0 1
43670 1 6 9 1 0.02 0.149 0.216 0.753 0.622 250 0 250 0 0 1
43670 2 6 9 1 0.02 0.149 0.216 0.753 0.622 250 0 250 0 0 1
43670 3 6 9 1 0.02 0.149 0.216 0.753 0.622 250 0 250 0 0 1
43670 4 6 9 1 0.02 0.149 0.216 0.753 0.622 250 0 250 0 0 1
43670 5 6 9 1 0.02 0.149 0.216 0.753 0.622 250 0 250 0 0 1
43670 6 6 9 1 0.02 0.149 0.216 0.753 0.622 250 0 250 0 0 1
43670 7 6 9 1 0.02 0.149 0.216 0.753 0.622 250 0 250 0 0 1
43670 8 6 9 1 0.02 0.149 0.216 0.753 0.622 250 0 250 0 0 1
43670 9 6 9 1 0.02 0.149 0.216 0.753 0.622 250 0 250 0 0 1
43670 10 6 9 1 0.02 0.149 0.216 0.753 0.622 250 0 250 0 0 1
43670 1 6 9 1 0.098 0.202 0.083 0.989 0.06 247.873 3308 249.572 3650.547 0 0
43670 2 6 9 1 0.098 0.202 0.083 0.989 0.06 247.762 3805 249.673 4172.367 0 0
43670 3 6 9 1 0.098 0.202 0.083 0.989 0.06 248.015 3428 249.517 3744.04 0 0
43670 4 6 9 1 0.098 0.202 0.083 0.989 0.06 248.144 3355 249.634 3835.993 0 0
43670 5 6 9 1 0.098 0.202 0.083 0.989 0.06 248.077 3370 249.654 3813.18 0 0
43670 6 6 9 1 0.098 0.202 0.083 0.989 0.06 248.472 3646 249.661 3891.727 0 0
43670 7 6 9 1 0.098 0.202 0.083 0.989 0.06 248.169 3415 249.742 4048.407 0 0
43670 8 6 9 1 0.098 0.202 0.083 0.989 0.06 247.975 3560 249.628 3894.56 0 0
43670 9 6 9 1 0.098 0.202 0.083 0.989 0.06 247.567 3216 249.561 3699.3 0 0
43670 10 6 9 1 0.098 0.202 0.083 0.989 0.06 247.38 3224 249.586 3623.42 0 0
43670 1 6 9 1 0.009 0.186 0.193 0.979 0.42 66.887 30 102.658 83.4 0 0
43670 2 6 9 1 0.009 0.186 0.193 0.979 0.42 80.619 41 97.032 97.213 0 0
43670 3 6 9 1 0.009 0.186 0.193 0.979 0.42 21.679 31 39.097 71.253 0 0
43670 4 6 9 1 0.009 0.186 0.193 0.979 0.42 100.992 39 120.199 101.74 0 0
43670 5 6 9 1 0.009 0.186 0.193 0.979 0.42 42.333 28 63.072 82.713 0 0
43670 6 6 9 1 0.009 0.186 0.193 0.979 0.42 29.843 44 49.94 81.447 0 0
43670 7 6 9 1 0.009 0.186 0.193 0.979 0.42 65.45 33 91.644 88.753 0 0
43670 8 6 9 1 0.009 0.186 0.193 0.979 0.42 49.554 42 70.483 95.053 0 0
43670 9 6 9 1 0.009 0.186 0.193 0.979 0.42 45.332 38 69.333 86.453 0 0
43670 10 6 9 1 0.009 0.186 0.193 0.979 0.42 84.615 34 113.873 106.24 0 0
43670 1 6 9 1 0.037 0.433 0.046 0.998 0.484 236.543 219 246.109 507.487 0 0
43670 2 6 9 1 0.037 0.433 0.046 0.998 0.484 236 200 245.551 514.727 0 0
43670 3 6 9 1 0.037 0.433 0.046 0.998 0.484 239.813 183 246.074 501.167 0 0
43670 4 6 9 1 0.037 0.433 0.046 0.998 0.484 238.769 222 246.419 515.58 0 0
43670 5 6 9 1 0.037 0.433 0.046 0.998 0.484 238.025 243 245.954 523.96 0 0
43670 6 6 9 1 0.037 0.433 0.046 0.998 0.484 236.702 218 246.286 494.86 0 0
43670 7 6 9 1 0.037 0.433 0.046 0.998 0.484 238.069 268 245.999 541.673 0 0
43670 8 6 9 1 0.037 0.433 0.046 0.998 0.484 237.983 199 246.771 464.947 0 0
43670 9 6 9 1 0.037 0.433 0.046 0.998 0.484 238.634 234 246.231 526.92 0 0
43670 10 6 9 1 0.037 0.433 0.046 0.998 0.484 239.83 212 246.593 501.46 0 0
43670 1 6 9 1 0.099 0.173 0.061 0.808 0.149 246.998 2627 249.402 3014.8 0 0
43670 2 6 9 1 0.099 0.173 0.061 0.808 0.149 246.585 2646 249.283 2974.033 0 0
43670 3 6 9 1 0.099 0.173 0.061 0.808 0.149 247.114 2418 249.154 2740.753 0 0
43670 4 6 9 1 0.099 0.173 0.061 0.808 0.149 247.161 2514 249.313 2989.8 0 0
43670 5 6 9 1 0.099 0.173 0.061 0.808 0.149 247.256 2493 249.339 2789.28 0 0
43670 6 6 9 1 0.099 0.173 0.061 0.808 0.149 247.442 2657 249.401 3096.26 0 0
43670 7 6 9 1 0.099 0.173 0.061 0.808 0.149 247.436 2720 249.411 3039.94 0 0
43670 8 6 9 1 0.099 0.173 0.061 0.808 0.149 247.429 2765 249.404 3066.913 0 0
43670 9 6 9 1 0.099 0.173 0.061 0.808 0.149 247.317 2520 249.33 2842.24 0 0
43670 10 6 9 1 0.099 0.173 0.061 0.808 0.149 246.921 2694 249.427 3083.147 0 0
43670 1 6 9 1 0.073 0.003 0.489 0.92 0.458 250 0 250 0 0 1
43670 2 6 9 1 0.073 0.003 0.489 0.92 0.458 250 0 250 0 0 1
43670 3 6 9 1 0.073 0.003 0.489 0.92 0.458 250 0 250 0 0 1
43670 4 6 9 1 0.073 0.003 0.489 0.92 0.458 250 1 250 1 0 1
43670 5 6 9 1 0.073 0.003 0.489 0.92 0.458 250 0 250 0 0 1
43670 6 6 9 1 0.073 0.003 0.489 0.92 0.458 250 0 250 0 0 1
43670 7 6 9 1 0.073 0.003 0.489 0.92 0.458 250 1 250 1 0 1
43670 8 6 9 1 0.073 0.003 0.489 0.92 0.458 250 0 250 0 0 1
43670 9 6 9 1 0.073 0.003 0.489 0.92 0.458 250 0 250 0 0 1
43670 10 6 9 1 0.073 0.003 0.489 0.92 0.458 250 0 250 0 0 1
43670 1 6 9 1 0.11 0.407 0.203 0.952 0.005 248.596 3849 249.741 4234.287 0 0
43670 2 6 9 1 0.11 0.407 0.203 0.952 0.005 248.379 3782 249.701 4090.227 0 0
43670 3 6 9 1 0.11 0.407 0.203 0.952 0.005 248.426 3594 249.673 3974.013 0 0
43670 4 6 9 1 0.11 0.407 0.203 0.952 0.005 247.627 4099 249.721 4675.087 0 0
43670 5 6 9 1 0.11 0.407 0.203 0.952 0.005 247.895 3643 249.648 4008.693 0 0
43670 6 6 9 1 0.11 0.407 0.203 0.952 0.005 247.766 3543 249.7 4072.66 0 0
43670 7 6 9 1 0.11 0.407 0.203 0.952 0.005 248.207 3980 249.679 4357.347 0 0
43670 8 6 9 1 0.11 0.407 0.203 0.952 0.005 247.895 3830 249.704 4144.773 0 0
43670 1 6 10 1 0.057 0.033 0.131 0.907 0.334 250 0 250 0 0 1
43670 2 6 10 1 0.057 0.033 0.131 0.907 0.334 250 0 250 0 0 1
43670 3 6 10 1 0.057 0.033 0.131 0.907 0.334 250 0 250 0 0 1
43670 4 6 10 1 0.057 0.033 0.131 0.907 0.334 250 0 250 0 0 1
43670 5 6 10 1 0.057 0.033 0.131 0.907 0.334 250 0 250 0 0 1
43670 6 6 10 1 0.057 0.033 0.131 0.907 0.334 250 0 250 0 0 1
43670 7 6 10 1 0.057 0.033 0.131 0.907 0.334 250 0 250 0 0 1
43670 8 6 10 1 0.057 0.033 0.131 0.907 0.334 250 0 250 0 0 1
43670 9 6 10 1 0.057 0.033 0.131 0.907 0.334 250 0 250 0.753 0 1
43670 10 6 10 1 0.057 0.033 0.131 0.907 0.334 250 0 250 0 0 1
43670 1 6 10 1 0.08 0.295 0.342 0.954 0.791 250 0 250 0 0 1
43670 2 6 10 1 0.08 0.295 0.342 0.954 0.791 250 0 250 0 0 1
43670 3 6 10 1 0.08 0.295 0.342 0.954 0.791 250 0 250 0 0 1
43670 4 6 10 1 0.08 0.295 0.342 0.954 0.791 250 0 250 0 0 1
43670 5 6 10 1 0.08 0.295 0.342 0.954 0.791 250 0 250 0 0 1
43670 6 6 10 1 0.08 0.295 0.342 0.954 0.791 250 0 250 0 0 1
43670 7 6 10 1 0.08 0.295 0.342 0.954 0.791 250 0 250 0 0 1
43670 8 6 10 1 0.08 0.295 0.342 0.954 0.791 250 0 250 0 0 1
43670 9 6 10 1 0.08 0.295 0.342 0.954 0.791 250 0 250 0 0 1
43670 10 6 10 1 0.08 0.295 0.342 0.954 0.791 250 0 250 0 0 1
43670 1 6 10 1 0.012 0.019 0.327 0.989 0.559 250 0 250 0 0 1
43670 2 6 10 1 0.012 0.019 0.327 0.989 0.559 250 1 250 1 0 1
43670 3 6 10 1 0.012 0.019 0.327 0.989 0.559 250 1 250 1 0 1
43670 4 6 10 1 0.012 0.019 0.327 0.989 0.559 250 0 250 0 0 1
43670 5 6 10 1 0.012 0.019 0.327 0.989 0.559 250 0 250 0 0 1
43670 6 6 10 1 0.012 0.019 0.327 0.989 0.559 250 0 250 0 0 1
43670 7 6 10 1 0.012 0.019 0.327 0.989 0.559 250 0 250 0 0 1
43670 8 6 10 1 0.012 0.019 0.327 0.989 0.559 250 0 250 0 0 1
43670 9 6 10 1 0.012 0.019 0.327 0.989 0.559 250 0 250 0 0 1
43670 10 6 10 1 0.012 0.019 0.327 0.989 0.559 250 0 250 0 0 1
43670 1 6 10 1 0.088 0.121 0.055 0.788 0.16 246.687 2359 249.077 2631.96 0 0
43670 2 6 10 1 0.088 0.121 0.055 0.788 0.16 246.477 2276 249.195 2606.38 0 0
43670 3 6 10 1 0.088 0.121 0.055 0.788 0.16 246.96 2187 249.047 2540.38 0 0
43670 4 6 10 1 0.088 0.121 0.055 0.788 0.16 245.219 2005 248.933 2492.6 0 0
43670 5 6 10 1 0.088 0.121 0.055 0.788 0.16 246.955 2420 249.151 2719.087 0 0
43670 6 6 10 1 0.088 0.121 0.055 0.788 0.16 247.392 2314 249.307 2697.053 0 0
43670 7 6 10 1 0.088 0.121 0.055 0.788 0.16 246.185 2188 249.164 2533.62 0 0
43670 8 6 10 1 0.088 0.121 0.055 0.788 0.16 247.411 2148 249.23 2630.22 0 0
43670 9 6 10 1 0.088 0.121 0.055 0.788 0.16 246.591 2139 249.202 2456.64 0 0
43670 10 6 10 1 0.088 0.121 0.055 0.788 0.16 246.604 2301 249.294 2669.533 0 0
43670 1 6 10 1 0.088 0.25 0.371 0.962 0.464 250 0 250 0 0 1
43670 2 6 10 1 0.088 0.25 0.371 0.962 0.464 250 0 250 0 0 1
43670 3 6 10 1 0.088 0.25 0.371 0.962 0.464 250 0 250 0 0 1
43670 4 6 10 1 0.088 0.25 0.371 0.962 0.464 250 0 250 0 0 1
43670 5 6 10 1 0.088 0.25 0.371 0.962 0.464 250 0 250 0 0 1
43670 6 6 10 1 0.088 0.25 0.371 0.962 0.464 250 0 250 0 0 1
43670 7 6 10 1 0.088 0.25 0.371 0.962 0.464 250 0 250 0 0 1
43670 8 6 10 1 0.088 0.25 0.371 0.962 0.464 250 0 250 0 0 1
43670 9 6 10 1 0.088 0.25 0.371 0.962 0.464 250 0 250 0 0 1
43670 10 6 10 1 0.088 0.25 0.371 0.962 0.464 250 0 250 0 0 1
43670 1 6 10 1 0.055 0.469 0.448 0.922 0.639 250 0 250 0 0 1
43670 2 6 10 1 0.055 0.469 0.448 0.922 0.639 250 0 250 0 0 1
43670 3 6 10 1 0.055 0.469 0.448 0.922 0.639 250 0 250 0 0 1
43670 4 6 10 1 0.055 0.469 0.448 0.922 0.639 250 0 250 0 0 1
43670 5 6 10 1 0.055 0.469 0.448 0.922 0.639 250 0 250 0 0 1
43670 6 6 10 1 0.055 0.469 0.448 0.922 0.639 250 0 250 0 0 1
43670 7 6 10 1 0.055 0.469 0.448 0.922 0.639 250 0 250 0 0 1
43670 8 6 10 1 0.055 0.469 0.448 0.922 0.639 250 0 250 0 0 1
43670 9 6 10 1 0.055 0.469 0.448 0.922 0.639 250 0 250 0 0 1
43670 10 6 10 1 0.055 0.469 0.448 0.922 0.639 250 0 250 0 0 1
43670 1 6 10 1 0.042 0.204 0.409 0.975 0.306 237.474 2 243.95 8.94 0 0.8
43670 2 6 10 1 0.042 0.204 0.409 0.975 0.306 237.238 1 243.417 10.82 0 0.66
43670 1 6 9 1 0.08 0.06 0.227 0.785 0.085 227.017 258 236.086 590.4 0 0
43670 2 6 9 1 0.08 0.06 0.227 0.785 0.085 221.903 401 235.089 733.913 0 0
43670 3 6 9 1 0.08 0.06 0.227 0.785 0.085 231.218 290 239.688 680.4 0 0
43670 4 6 9 1 0.08 0.06 0.227 0.785 0.085 233.518 393 241.672 726.367 0 0
43670 5 6 9 1 0.08 0.06 0.227 0.785 0.085 233.089 296 239.5 674.64 0 0
43670 6 6 9 1 0.08 0.06 0.227 0.785 0.085 226.096 300 238.107 710.753 0 0
43670 7 6 9 1 0.08 0.06 0.227 0.785 0.085 221.884 245 233.957 630.687 0 0
43670 8 6 9 1 0.08 0.06 0.227 0.785 0.085 229.958 264 238.311 682.86 0 0
43670 9 6 9 1 0.08 0.06 0.227 0.785 0.085 233.914 454 240.934 735.793 0 0
43670 10 6 9 1 0.08 0.06 0.227 0.785 0.085 222.481 212 234.955 721.287 0 0
43670 1 6 9 1 0.098 0.025 0.164 0.839 0.85 250 0 250 0 0 1
43670 2 6 9 1 0.098 0.025 0.164 0.839 0.85 250 0 250 0 0 1
43670 3 6 9 1 0.098 0.025 0.164 0.839 0.85 250 0 250 0 0 1
43670 4 6 9 1 0.098 0.025 0.164 0.839 0.85 250 0 250 0 0 1
43670 5 6 9 1 0.098 0.025 0.164 0.839 0.85 250 0 250 0 0 1
43670 6 6 9 1 0.098 0.025 0.164 0.839 0.85 250 0 250 0 0 1
43670 7 6 9 1 0.098 0.025 0.164 0.839 0.85 250 0 250 0 0 1
43670 8 6 9 1 0.098 0.025 0.164 0.839 0.85 250 0 250 0 0 1
43670 9 6 9 1 0.098 0.025 0.164 0.839 0.85 250 0 250 0 0 1
43670 10 6 9 1 0.098 0.025 0.164 0.839 0.85 250 0 250 0 0 1
43670 1 6 9 1 0.002 0.085 0.136 0.872 0.428 85.754 28 110.068 78.213 0 0
43670 2 6 9 1 0.002 0.085 0.136 0.872 0.428 21.367 33 57.696 70.08 0 0
43670 3 6 9 1 0.002 0.085 0.136 0.872 0.428 33.526 25 48.884 60.94 0 0
43670 4 6 9 1 0.002 0.085 0.136 0.872 0.428 77.013 21 101.03 67.48 0 0
43670 5 6 9 1 0.002 0.085 0.136 0.872 0.428 43.289 22 67.156 64.173 0 0
43670 6 6 9 1 0.002 0.085 0.136 0.872 0.428 37.933 32 51.964 65.853 0 0
43670 7 6 9 1 0.002 0.085 0.136 0.872 0.428 54.721 15 95.143 63.473 0 0
43670 8 6 9 1 0.002 0.085 0.136 0.872 0.428 82.934 13 106.597 58.633 0 0
43670 9 6 9 1 0.002 0.085 0.136 0.872 0.428 41.599 25 59.519 56.347 0 0
43670 10 6 9 1 0.002 0.085 0.136 0.872 0.428 100.327 18 115.62 63.74 0 0
43670 1 6 9 1 0.057 0.255 0.268 0.873 0.333 142.739 133 153.07 328.127 0 0
43670 2 6 9 1 0.057 0.255 0.268 0.873 0.333 174.152 146 183.571 327.313 0 0
43670 3 6 9 1 0.057 0.255 0.268 0.873 0.333 153.477 77 164.085 299.14 0 0
43670 4 6 9 1 0.057 0.255 0.268 0.873 0.333 141.074 98 148.918 310.087 0 0
43670 5 6 9 1 0.057 0.255 0.268 0.873 0.333 173.099 68 181.859 319.8 0 0
43670 6 6 9 1 0.057 0.255 0.268 0.873 0.333 186.125 108 194.85 329.18 0 0
43670 7 6 9 1 0.057 0.255 0.268 0.873 0.333 160.454 142 185.578 317.733 0 0
43670 8 6 9 1 0.057 0.255 0.268 0.873 0.333 171.362 85 178.382 346.473 0 0
43670 9 6 9 1 0.057 0.255 0.268 0.873 0.333 184.239 101 195.242 326.26 0 0
43670 10 6 9 1 0.057 0.255 0.268 0.873 0.333 141.675 105 162.126 326.487 0 0
43670 1 6 9 1 0.031 0.376 0.156 0.855 0.028 247.293 2376 249.258 2715.88 0 0
43670 2 6 9 1 0.031 0.376 0.156 0.855 0.028 247.658 2394 249.388 2749.76 0 0
43670 3 6 9 1 0.031 0.376 0.156 0.855 0.028 247.248 2432 249.199 2792.347 0 0
43670 4 6 9 1 0.031 0.376 0.156 0.855 0.028 246.969 2345 249.184 2693.267 0 0
43670 5 6 9 1 0.031 0.376 0.156 0.855 0.028 246.695 2339 249.179 2770.847 0 0
43670 6 6 9 1 0.031 0.376 0.156 0.855 0.028 246.989 2370 249.241 2767.473 0 0
43670 7 6 9 1 0.031 0.376 0.156 0.855 0.028 245.628 2185 249.214 2550.647 0 0
43670 8 6 9 1 0.031 0.376 0.156 0.855 0.028 247.032 2374 249.359 2760.62 0 0
43670 9 6 9 1 0.031 0.376 0.156 0.855 0.028 247.902 2569 249.483 2841.98 0 0
43670 10 6 9 1 0.031 0.376 0.156 0.855 0.028 247.711 2457 249.35 2894.713 0 0
43670 1 6 9 1 0.114 0.299 0.181 0.899 0.999 250 0 250 0 0 1
43670 2 6 9 1 0.114 0.299 0.181 0.899 0.999 250 0 250 0 0 1
43670 3 6 9 1 0.114 0.299 0.181 0.899 0.999 250 0 250 0 0 1
43670 4 6 9 1 0.114 0.299 0.181 0.899 0.999 250 0 250 0 0 1
43670 5 6 9 1 0.114 0.299 0.181 0.899 0.999 250 0 250 0 0 1
43670 6 6 9 1 0.114 0.299 0.181 0.899 0.999 250 0 250 0 0 1
43670 7 6 9 1 0.114 0.299 0.181 0.899 0.999 250 0 250 0 0 1
43670 8 6 9 1 0.114 0.299 0.181 0.899 0.999 250 0 250 0 0 1
43670 9 6 9 1 0.114 0.299 0.181 0.899 0.999 250 0 250 0 0 1
43670 10 6 9 1 0.114 0.299 0.181 0.899 0.999 250 0 250 0 0 1
43670 1 6 9 1 0.018 0.244 0.086 0.887 0.962 250 0 250 0 0 1
43670 2 6 9 1 0.018 0.244 0.086 0.887 0.962 250 0 250 0 0 1
43670 3 6 9 1 0.018 0.244 0.086 0.887 0.962 250 1 250 1 0 1
43670 4 6 9 1 0.018 0.244 0.086 0.887 0.962 250 0 250 0 0 1
43670 5 6 9 1 0.018 0.244 0.086 0.887 0.962 250 0 250 0 0 1
43670 6 6 9 1 0.018 0.244 0.086 0.887 0.962 250 1 250 1 0 1
43670 7 6 9 1 0.018 0.244 0.086 0.887 0.962 250 0 250 0 0 1
43670 8 6 9 1 0.018 0.244 0.086 0.887 0.962 250 0 250 0 0 1
43670 9 6 9 1 0.018 0.244 0.086 0.887 0.962 250 0 250 0 0 1
43670 10 6 9 1 0.018 0.244 0.086 0.887 0.962 250 0 250 0 0 1
43670 1 6 9 1 0.056 0.166 0.03 0.78 0.35 243.845 1061 247.229 1458.553 0 0
43670 2 6 9 1 0.056 0.166 0.03 0.78 0.35 242.58 1299 247.878 1544.847 0 0
43670 3 6 9 1 0.056 0.166 0.03 0.78 0.35 244.893 1123 247.978 1563.533 0 0
43670 4 6 9 1 0.056 0.166 0.03 0.78 0.35 243.029 1123 246.961 1553.267 0 0
43670 5 6 9 1 0.056 0.166 0.03 0.78 0.35 241.954 910 246.959 1456.98 0 0
43670 6 6 9 1 0.056 0.166 0.03 0.78 0.35 241.078 1179 247.008 1477.04 0 0
43670 7 6 9 1 0.056 0.166 0.03 0.78 0.35 243.363 1044 247.169 1431.413 0 0
43670 8 6 9 1 0.056 0.166 0.03 0.78 0.35 242.956 1121 247.362 1443.527 0 0
43670 9 6 9 1 0.056 0.166 0.03 0.78 0.35 243.431 1032 247.366 1467.14 0 0
43670 10 6 9 1 0.056 0.166 0.03 0.78 0.35 244.026 931 247.426 1469.813 0 0
43670 1 6 9 1 0.071 0.306 0.377 0.839 0.541 250 0 250 0 0 1
43670 1 6 6 0 0.114 0.161 0.036 0.78 0.773 250 0 250 0 0 1
43670 2 6 6 0 0.114 0.161 0.036 0.78 0.773 250 0 250 0 0 1
43670 3 6 6 0 0.114 0.161 0.036 0.78 0.773 250 0 250 0 0 1
43670 4 6 6 0 0.114 0.161 0.036 0.78 0.773 249.877 0 249.999 0 0 1
43670 5 6 6 0 0.114 0.161 0.036 0.78 0.773 250 0 250 0 0 1
43670 6 6 6 0 0.114 0.161 0.036 0.78 0.773 250 1 250 1.193 0 1
43670 7 6 6 0 0.114 0.161 0.036 0.78 0.773 250 1 250 1 0 1
43670 8 6 6 0 0.114 0.161 0.036 0.78 0.773 250 0 250 0 0 1
43670 9 6 6 0 0.114 0.161 0.036 0.78 0.773 250 0 250 0 0 1
43670 10 6 6 0 0.114 0.161 0.036 0.78 0.773 250 0 250 0 0 1
43670 1 6 6 0 0.09 0.317 0.24 0.974 0.819 250 1 250 1 0 1
43670 2 6 6 0 0.09 0.317 0.24 0.974 0.819 250 0 250 0 0 1
43670 3 6 6 0 0.09 0.317 0.24 0.974 0.819 250 0 250 0 0 1
43670 4 6 6 0 0.09 0.317 0.24 0.974 0.819 250 0 250 0 0 1
43670 5 6 6 0 0.09 0.317 0.24 0.974 0.819 250 0 250 0 0 1
43670 6 6 6 0 0.09 0.317 0.24 0.974 0.819 250 0 250 0 0 1
43670 7 6 6 0 0.09 0.317 0.24 0.974 0.819 250 1 250 1 0 1
43670 8 6 6 0 0.09 0.317 0.24 0.974 0.819 250 0 250 0 0 1
43670 9 6 6 0 0.09 0.317 0.24 0.974 0.819 250 0 250 0 0 1
43670 10 6 6 0 0.09 0.317 0.24 0.974 0.819 250 0 250 0 0 1
43670 1 6 6 0 0.092 0.051 0.21 0.905 0.987 250 0 250 0 0 1
43670 2 6 6 0 0.092 0.051 0.21 0.905 0.987 250 0 250 0 0 1
43670 3 6 6 0 0.092 0.051 0.21 0.905 0.987 250 0 250 0 0 1
43670 4 6 6 0 0.092 0.051 0.21 0.905 0.987 250 0 250 0 0 1
43670 5 6 6 0 0.092 0.051 0.21 0.905 0.987 250 0 250 0 0 1
43670 6 6 6 0 0.092 0.051 0.21 0.905 0.987 250 0 250 0 0 1
43670 7 6 6 0 0.092 0.051 0.21 0.905 0.987 250 0 250 0 0 1
43670 8 6 6 0 0.092 0.051 0.21 0.905 0.987 250 0 250 0 0 1
43670 9 6 6 0 0.092 0.051 0.21 0.905 0.987 250 0 250 0 0 1
43670 10 6 6 0 0.092 0.051 0.21 0.905 0.987 250 0 250 0 0 1
43670 1 6 6 0 0.028 0.205 0.008 0.986 0.007 250 12240 250 14172.593 0 0
43670 2 6 6 0 0.028 0.205 0.008 0.986 0.007 250 12538 250 13277.887 0 0
43670 3 6 6 0 0.028 0.205 0.008 0.986 0.007 249.782 11791 249.996 13109.987 0 0
43670 4 6 6 0 0.028 0.205 0.008 0.986 0.007 249.865 12912 249.999 14796.4 0 0
43670 5 6 6 0 0.028 0.205 0.008 0.986 0.007 250 14150 250 15449.487 0 0
43670 6 6 6 0 0.028 0.205 0.008 0.986 0.007 249.653 12236 249.997 14033.493 0 0
43670 7 6 6 0 0.028 0.205 0.008 0.986 0.007 250 14364 250 18315.72 0 0
43670 8 6 6 0 0.028 0.205 0.008 0.986 0.007 250 13812 250 15268.533 0 0
43670 9 6 6 0 0.028 0.205 0.008 0.986 0.007 249.696 12604 249.998 13790.307 0 0
43670 10 6 6 0 0.028 0.205 0.008 0.986 0.007 250 13161 250 14788.627 0 0
43670 1 6 6 0 0.036 0.357 0.108 0.914 0.083 221.507 45 242.978 1536.5 0 0
43670 2 6 6 0 0.036 0.357 0.108 0.914 0.083 229.363 42 243.26 1617.92 0 0
43670 3 6 6 0 0.036 0.357 0.108 0.914 0.083 234.356 41 245.19 1498.593 0 0
43670 4 6 6 0 0.036 0.357 0.108 0.914 0.083 234.046 51 244.38 1532.573 0 0
43670 5 6 6 0 0.036 0.357 0.108 0.914 0.083 228.594 49 241.428 1474.627 0 0
43670 6 6 6 0 0.036 0.357 0.108 0.914 0.083 222.619 51 240.247 1523.273 0 0
43670 7 6 6 0 0.036 0.357 0.108 0.914 0.083 234.535 42 243.817 1448.06 0 0
43670 8 6 6 0 0.036 0.357 0.108 0.914 0.083 228.852 54 243.962 1544.24 0 0
43670 9 6 6 0 0.036 0.357 0.108 0.914 0.083 231.875 47 244.143 1585.547 0 0
43670 10 6 6 0 0.036 0.357 0.108 0.914 0.083 226.931 209 241.49 1625.153 0 0
43670 1 6 6 0 0.036 0.423 0.328 0.85 0.083 229.864 66 244.326 864.127 0 0
43670 2 6 6 0 0.036 0.423 0.328 0.85 0.083 237.151 54 246.525 911.907 0 0
43670 3 6 6 0 0.036 0.423 0.328 0.85 0.083 238.048 72 245.409 1123.133 0 0
43670 4 6 6 0 0.036 0.423 0.328 0.85 0.083 236.511 55 246 1036.78 0 0
43670 5 6 6 0 0.036 0.423 0.328 0.85 0.083 240.384 50 246.203 848.64 0 0
43670 6 6 6 0 0.036 0.423 0.328 0.85 0.083 238.933 54 246.3 889.76 0 0
43670 7 6 6 0 0.036 0.423 0.328 0.85 0.083 234.216 56 246.558 873.78 0 0
43670 8 6 6 0 0.036 0.423 0.328 0.85 0.083 237.731 55 246.143 947.04 0 0
43670 9 6 6 0 0.036 0.423 0.328 0.85 0.083 233.86 70 246.074 957.887 0 0
43670 10 6 6 0 0.036 0.423 0.328 0.85 0.083 237.882 61 246.098 984.587 0 0
43670 1 6 6 0 0.003 0.195 0.163 0.992 0.946 250 0 250 0 0 1
43670 2 6 6 0 0.003 0.195 0.163 0.992 0.946 250 0 250 0 0 1
43670 3 6 6 0 0.003 0.195 0.163 0.992 0.946 250 0 250 0 0 1
43670 4 6 6 0 0.003 0.195 0.163 0.992 0.946 250 0 250 0 0 1
43670 5 6 6 0 0.003 0.195 0.163 0.992 0.946 250 0 250 0 0 1
43670 6 6 6 0 0.003 0.195 0.163 0.992 0.946 250 0 250 0 0 1
43670 7 6 6 0 0.003 0.195 0.163 0.992 0.946 250 0 250 0 0 1
43670 8 6 6 0 0.003 0.195 0.163 0.992 0.946 250 0 250 0 0 1
43670 9 6 6 0 0.003 0.195 0.163 0.992 0.946 250 0 250 0 0 1
43670 10 6 6 0 0.003 0.195 0.163 0.992 0.946 250 0 250 0 0 1
43670 1 6 6 0 0.077 0.488 0.019 0.769 0.295 231.006 631 245.045 2131.493 0 0
43670 2 6 6 0 0.077 0.488 0.019 0.769 0.295 229.005 119 243.7 1873.733 0 0
43670 3 6 6 0 0.077 0.488 0.019 0.769 0.295 240.303 1498 247.071 2320.593 0 0
43670 4 6 6 0 0.077 0.488 0.019 0.769 0.295 235.49 587 246.249 2162.72 0 0
43670 5 6 6 0 0.077 0.488 0.019 0.769 0.295 236.843 700 245.971 2116.193 0 0
43670 6 6 6 0 0.077 0.488 0.019 0.769 0.295 236.265 270 246.744 2314.48 0 0
43670 7 6 6 0 0.077 0.488 0.019 0.769 0.295 229.316 293 245.495 1917.527 0 0
43670 1 6 6 0 0.097 0.245 0.417 0.877 0.954 250 0 250 0 0 1
43670 2 6 6 0 0.097 0.245 0.417 0.877 0.954 250 1 250 1 0 1
43670 3 6 6 0 0.097 0.245 0.417 0.877 0.954 250 0 250 0 0 1
43670 4 6 6 0 0.097 0.245 0.417 0.877 0.954 250 0 250 0 0 1
43670 5 6 6 0 0.097 0.245 0.417 0.877 0.954 250 0 250 0 0 1
43670 6 6 6 0 0.097 0.245 0.417 0.877 0.954 250 0 250 0 0 1
43670 7 6 6 0 0.097 0.245 0.417 0.877 0.954 250 0 250 0 0 1
43670 8 6 6 0 0.097 0.245 0.417 0.877 0.954 250 0 250 0 0 1
43670 9 6 6 0 0.097 0.245 0.417 0.877 0.954 250 0 250 0 0 1
43670 10 6 6 0 0.097 0.245 0.417 0.877 0.954 250 0 250 0 0 1
43670 1 6 6 0 0.056 0.15 0.164 0.768 0.271 234.73 54 245.565 642.62 0 0
43670 2 6 6 0 0.056 0.15 0.164 0.768 0.271 239.397 55 246.006 561.633 0 0
43670 3 6 6 0 0.056 0.15 0.164 0.768 0.271 233.832 81 246.04 670.047 0 0
43670 4 6 6 0 0.056 0.15 0.164 0.768 0.271 233.107 47 244.813 641.64 0 0
43670 5 6 6 0 0.056 0.15 0.164 0.768 0.271 235.571 48 245.618 578.38 0 0
43670 6 6 6 0 0.056 0.15 0.164 0.768 0.271 235.877 60 244.638 625.213 0 0
43670 7 6 6 0 0.056 0.15 0.164 0.768 0.271 236.673 44 245.764 510.367 0 0
43670 8 6 6 0 0.056 0.15 0.164 0.768 0.271 237.999 63 245.377 663.127 0 0
43670 9 6 6 0 0.056 0.15 0.164 0.768 0.271 241.636 69 246.273 549.64 0 0
43670 10 6 6 0 0.056 0.15 0.164 0.768 0.271 234.944 63 244.036 561.42 0 0
43670 1 6 6 0 0.115 0.496 0.142 0.938 0.936 250 0 250 0 0 1
43670 2 6 6 0 0.115 0.496 0.142 0.938 0.936 250 0 250 0 0 1
43670 3 6 6 0 0.115 0.496 0.142 0.938 0.936 250 0 250 0 0 1
43670 4 6 6 0 0.115 0.496 0.142 0.938 0.936 250 0 250 0 0 1
43670 5 6 6 0 0.115 0.496 0.142 0.938 0.936 250 0 250 0 0 1
43670 6 6 6 0 0.115 0.496 0.142 0.938 0.936 250 0 250 0 0 1
43670 7 6 6 0 0.115 0.496 0.142 0.938 0.936 250 0 250 0 0 1
43670 8 6 6 0 0.115 0.496 0.142 0.938 0.936 250 0 250 0 0 1
43670 9 6 6 0 0.115 0.496 0.142 0.938 0.936 250 0 250 0 0 1
43670 10 6 6 0 0.115 0.496 0.142 0.938 0.936 250 1 250 1 0 1
43670 1 6 6 0 0.057 0.159 0.419 0.757 0.333 250 0 250 0.22 0 1
43670 2 6 6 0 0.057 0.159 0.419 0.757 0.333 250 0 250 0 0 1
43670 3 6 6 0 0.057 0.159 0.419 0.757 0.333 250 0 250 0 0 1
43670 4 6 6 0 0.057 0.159 0.419 0.757 0.333 250 1 250 1 0 1
43670 5 6 6 0 0.057 0.159 0.419 0.757 0.333 250 0 250 0 0 1
43670 6 6 6 0 0.057 0.159 0.419 0.757 0.333 250 0 250 0 0 1
43670 7 6 6 0 0.057 0.159 0.419 0.757 0.333 250 0 250 0 0 1
43670 8 6 6 0 0.057 0.159 0.419 0.757 0.333 250 0 250 0 0 1
43670 9 6 6 0 0.057 0.159 0.419 0.757 0.333 250 0 250 0 0 1
43670 10 6 6 0 0.057 0.159 0.419 0.757 0.333 250 0 250 0 0 1
43670 1 6 6 0 0.053 0.315 0.003 0.943 0.933 250 0 250 0 0 1
43670 2 6 6 0 0.053 0.315 0.003 0.943 0.933 250 0 250 0 0 1
43670 3 6 6 0 0.053 0.315 0.003 0.943 0.933 250 0 250 0 0 1
43670 4 6 6 0 0.053 0.315 0.003 0.943 0.933 250 0 250 0 0 1
43670 5 6 6 0 0.053 0.315 0.003 0.943 0.933 250 0 250 0 0 1
43670 6 6 6 0 0.053 0.315 0.003 0.943 0.933 250 0 250 0 0 1
43670 7 6 6 0 0.053 0.315 0.003 0.943 0.933 250 0 250 0 0 1
43670 8 6 6 0 0.053 0.315 0.003 0.943 0.933 250 1 250 1 0 1
43670 9 6 6 0 0.053 0.315 0.003 0.943 0.933 250 0 250 0 0 1
43670 10 6 6 0 0.053 0.315 0.003 0.943 0.933 250 0 250 0 0 1
43670 1 6 6 0 0.083 0.267 0.493 0.772 0.883 250 0 250 0 0 1
43670 2 6 6 0 0.083 0.267 0.493 0.772 0.883 250 0 250 0 0 1
43670 3 6 6 0 0.083 0.267 0.493 0.772 0.883 250 0 250 0 0 1
43670 4 6 6 0 0.083 0.267 0.493 0.772 0.883 250 0 250 0 0 1
43670 5 6 6 0 0.083 0.267 0.493 0.772 0.883 250 0 250 0 0 1
43670 6 6 6 0 0.083 0.267 0.493 0.772 0.883 250 0 250 0 0 1
43670 7 6 6 0 0.083 0.267 0.493 0.772 0.883 250 0 250 0 0 1
43670 8 6 6 0 0.083 0.267 0.493 0.772 0.883 250 0 250 0 0 1
43670 9 6 6 0 0.083 0.267 0.493 0.772 0.883 250 0 250 0 0 1
43670 10 6 6 0 0.083 0.267 0.493 0.772 0.883 250 0 250 0.1 0 1
43670 1 6 6 0 0.082 0.409 0.203 0.842 0.171 228.957 63 244.42 1144.24 0 0
43670 2 6 6 0 0.082 0.409 0.203 0.842 0.171 233.641 48 245.113 1201.093 0 0
43670 3 6 6 0 0.082 0.409 0.203 0.842 0.171 239.661 57 246.623 1442.72 0 0
43670 4 6 6 0 0.082 0.409 0.203 0.842 0.171 234.828 51 245.464 1129.627 0 0
43670 5 6 6 0 0.082 0.409 0.203 0.842 0.171 231.008 51 244.712 1213.507 0 0
43670 6 6 6 0 0.082 0.409 0.203 0.842 0.171 235.897 64 245.747 1488.28 0 0
43670 7 6 6 0 0.082 0.409 0.203 0.842 0.171 234.929 47 245.928 1350.08 0 0
43670 8 6 6 0 0.082 0.409 0.203 0.842 0.171 234.625 59 246.321 1428.98 0 0
43670 9 6 6 0 0.082 0.409 0.203 0.842 0.171 230.193 44 244.882 1235.14 0 0
43670 10 6 6 0 0.082 0.409 0.203 0.842 0.171 236.722 50 245.627 1192.413 0 0
43670 1 6 6 0 0.076 0.081 0.365 0.921 0.42 250 0 250 0 0 1
43670 2 6 6 0 0.076 0.081 0.365 0.921 0.42 250 0 250 0 0 1
43670 3 6 6 0 0.076 0.081 0.365 0.921 0.42 250 0 250 0 0 1
43670 4 6 6 0 0.076 0.081 0.365 0.921 0.42 250 0 250 0 0 1
43670 5 6 6 0 0.076 0.081 0.365 0.921 0.42 250 0 250 0 0 1
43670 6 6 6 0 0.076 0.081 0.365 0.921 0.42 250 0 250 0 0 1
43670 7 6 6 0 0.076 0.081 0.365 0.921 0.42 250 0 250 0 0 1
43670 8 6 6 0 0.076 0.081 0.365 0.921 0.42 250 0 250 0 0 1
43670 9 6 6 0 0.076 0.081 0.365 0.921 0.42 250 0 250 0 0 1
43670 10 6 6 0 0.076 0.081 0.365 0.921 0.42 250 0 250 0 0 1
43670 1 6 6 0 0.028 0.45 0.219 0.935 0.46 240.429 12 247.732 31.06 0 0
43670 2 6 6 0 0.028 0.45 0.219 0.935 0.46 239.772 4 247.21 19.787 0 0.62
43670 3 6 6 0 0.028 0.45 0.219 0.935 0.46 242.54 11 248.465 29.007 0 0
43670 4 6 6 0 0.028 0.45 0.219 0.935 0.46 243.119 5 248.441 19.887 0 0.66
43670 5 6 6 0 0.028 0.45 0.219 0.935 0.46 242.304 9 248.004 23.86 0 0.08
43670 6 6 6 0 0.028 0.45 0.219 0.935 0.46 234.939 5 247.131 23.673 0 0.687
43670 7 6 6 0 0.028 0.45 0.219 0.935 0.46 240.747 7 247.833 18.247 0 0.58
43670 8 6 6 0 0.028 0.45 0.219 0.935 0.46 241.736 6 248.281 20.32 0 0.613
43670 9 6 6 0 0.028 0.45 0.219 0.935 0.46 241.136 9 248.11 25.527 0 0.1
43670 10 6 6 0 0.028 0.45 0.219 0.935 0.46 237.483 8 246.924 24.467 0 0.607
43670 1 6 6 0 0.101 0.422 0.387 0.974 0.471 250 0 250 0 0 1
43670 1 6 10 1 0.047 0.089 0.143 0.847 0.067 246.566 1767 248.95 2192.22 0 0
43670 2 6 10 1 0.047 0.089 0.143 0.847 0.067 243.348 1761 248.665 2056.173 0 0
43670 3 6 10 1 0.047 0.089 0.143 0.847 0.067 246.985 1869 249.203 2243.38 0 0
43670 4 6 10 1 0.047 0.089 0.143 0.847 0.067 247.544 1830 249.353 2408.467 0 0
43670 5 6 10 1 0.047 0.089 0.143 0.847 0.067 245.044 1523 248.591 2088.853 0 0
43670 6 6 10 1 0.047 0.089 0.143 0.847 0.067 246.359 1708 249.015 2138.007 0 0
43670 7 6 10 1 0.047 0.089 0.143 0.847 0.067 246.713 1797 249.219 2286.413 0 0
43670 8 6 10 1 0.047 0.089 0.143 0.847 0.067 243.792 1632 248.82 2069.953 0 0
43670 9 6 10 1 0.047 0.089 0.143 0.847 0.067 246.073 1697 248.87 2081.267 0 0
43670 10 6 10 1 0.047 0.089 0.143 0.847 0.067 246.962 1880 249.241 2321.513 0 0
43670 1 6 10 1 0.072 0.304 0.49 0.86 0.745 250 0 250 0 0 1
43670 2 6 10 1 0.072 0.304 0.49 0.86 0.745 250 0 250 0 0 1
43670 3 6 10 1 0.072 0.304 0.49 0.86 0.745 250 0 250 0 0 1
43670 4 6 10 1 0.072 0.304 0.49 0.86 0.745 250 0 250 0 0 1
43670 5 6 10 1 0.072 0.304 0.49 0.86 0.745 250 0 250 0 0 1
43670 6 6 10 1 0.072 0.304 0.49 0.86 0.745 250 0 250 0 0 1
43670 7 6 10 1 0.072 0.304 0.49 0.86 0.745 250 0 250 0 0 1
43670 8 6 10 1 0.072 0.304 0.49 0.86 0.745 250 0 250 0 0 1
43670 9 6 10 1 0.072 0.304 0.49 0.86 0.745 250 0 250 0 0 1
43670 10 6 10 1 0.072 0.304 0.49 0.86 0.745 250 0 250 0 0 1
43670 1 6 10 1 0.068 0.187 0.267 0.988 0.682 250 0 250 0 0 1
43670 2 6 10 1 0.068 0.187 0.267 0.988 0.682 250 0 250 0 0 1
43670 3 6 10 1 0.068 0.187 0.267 0.988 0.682 250 0 250 0 0 1
43670 4 6 10 1 0.068 0.187 0.267 0.988 0.682 250 0 250 0 0 1
43670 5 6 10 1 0.068 0.187 0.267 0.988 0.682 250 0 250 0 0 1
43670 6 6 10 1 0.068 0.187 0.267 0.988 0.682 250 0 250 0 0 1
43670 7 6 10 1 0.068 0.187 0.267 0.988 0.682 250 0 250 0 0 1
43670 8 6 10 1 0.068 0.187 0.267 0.988 0.682 250 0 250 0 0 1
43670 9 6 10 1 0.068 0.187 0.267 0.988 0.682 250 0 250 0 0 1
43670 10 6 10 1 0.068 0.187 0.267 0.988 0.682 250 0 250 0 0 1
43670 1 6 10 1 0.024 0.114 0.42 0.85 0.844 250 0 250 0 0 1
43670 2 6 10 1 0.024 0.114 0.42 0.85 0.844 250 0 250 0 0 1
43670 3 6 10 1 0.024 0.114 0.42 0.85 0.844 250 0 250 0 0 1
43670 4 6 10 1 0.024 0.114 0.42 0.85 0.844 250 0 250 0 0 1
43670 5 6 10 1 0.024 0.114 0.42 0.85 0.844 250 0 250 0 0 1
43670 6 6 10 1 0.024 0.114 0.42 0.85 0.844 250 0 250 0 0 1
43670 7 6 10 1 0.024 0.114 0.42 0.85 0.844 250 0 250 0 0 1
43670 8 6 10 1 0.024 0.114 0.42 0.85 0.844 250 0 250 0 0 1
43670 9 6 10 1 0.024 0.114 0.42 0.85 0.844 250 0 250 0 0 1
43670 10 6 10 1 0.024 0.114 0.42 0.85 0.844 250 0 250 0 0 1
43670 1 6 10 1 0.088 0.041 0.006 0.873 0.249 228.761 362 242.365 536.627 0 0
43670 2 6 10 1 0.088 0.041 0.006 0.873 0.249 214.374 295 228.916 425.167 0 0
43670 3 6 10 1 0.088 0.041 0.006 0.873 0.249 237.373 270 242.739 544.153 0 0
43670 4 6 10 1 0.088 0.041 0.006 0.873 0.249 233.642 284 239.961 520.84 0 0
43670 5 6 10 1 0.088 0.041 0.006 0.873 0.249 230.444 363 237.554 589.48 0 0
43670 6 6 10 1 0.088 0.041 0.006 0.873 0.249 208.736 229 222.543 398.92 0 0
43670 7 6 10 1 0.088 0.041 0.006 0.873 0.249 235.77 364 240.402 581.033 0 0
43670 8 6 10 1 0.088 0.041 0.006 0.873 0.249 226.88 295 236.533 468.727 0 0
43670 9 6 10 1 0.088 0.041 0.006 0.873 0.249 228.745 273 236.225 419.313 0 0
43670 10 6 10 1 0.088 0.041 0.006 0.873 0.249 234.478 364 239.907 499.287 0 0
43670 1 6 10 1 0.082 0.212 0.212 0.828 0.808 250 0 250 0 0 1
43670 2 6 10 1 0.082 0.212 0.212 0.828 0.808 250 0 250 0 0 1
43670 3 6 10 1 0.082 0.212 0.212 0.828 0.808 250 0 250 0 0 1
43670 4 6 10 1 0.082 0.212 0.212 0.828 0.808 250 0 250 0 0 1
43670 5 6 10 1 0.082 0.212 0.212 0.828 0.808 250 0 250 0 0 1
43670 6 6 10 1 0.082 0.212 0.212 0.828 0.808 250 0 250 0.433 0 1
43670 7 6 10 1 0.082 0.212 0.212 0.828 0.808 250 0 250 0 0 1
43670 8 6 10 1 0.082 0.212 0.212 0.828 0.808 250 0 250 0 0 1
43670 9 6 10 1 0.082 0.212 0.212 0.828 0.808 250 0 250 0 0 1
43670 10 6 10 1 0.082 0.212 0.212 0.828 0.808 250 0 250 0 0 1
43670 1 6 10 1 0.005 0.013 0.211 0.846 0.116 250 0 250 0 0 1
43670 2 6 10 1 0.005 0.013 0.211 0.846 0.116 250 0 250 0 0 1
43670 3 6 10 1 0.005 0.013 0.211 0.846 0.116 250 0 250 0 0 1
43670 4 6 10 1 0.005 0.013 0.211 0.846 0.116 250 0 250 0 0 1
43670 5 6 10 1 0.005 0.013 0.211 0.846 0.116 250 0 250 0 0 1
43670 6 6 10 1 0.005 0.013 0.211 0.846 0.116 250 0 250 0 0 1
43670 7 6 10 1 0.005 0.013 0.211 0.846 0.116 250 0 250 0 0 1
43670 8 6 10 1 0.005 0.013 0.211 0.846 0.116 250 0 250 0 0 1
43670 9 6 10 1 0.005 0.013 0.211 0.846 0.116 250 0 250 0 0 1
43670 10 6 10 1 0.005 0.013 0.211 0.846 0.116 250 0 250 0 0 1
43670 1 6 10 1 0.029 0.225 0.306 0.93 0.496 250 0 250 0 0 1
43670 2 6 10 1 0.029 0.225 0.306 0.93 0.496 250 0 250 0 0 1
43670 3 6 10 1 0.029 0.225 0.306 0.93 0.496 250 0 250 0 0 1
43670 4 6 10 1 0.029 0.225 0.306 0.93 0.496 250 0 250 0 0 1
43670 5 6 10 1 0.029 0.225 0.306 0.93 0.496 250 0 250 0 0 1
43670 6 6 10 1 0.029 0.225 0.306 0.93 0.496 250 0 250 0 0 1
43670 7 6 10 1 0.029 0.225 0.306 0.93 0.496 250 0 250 0 0 1
43670 8 6 10 1 0.029 0.225 0.306 0.93 0.496 250 0 250 0 0 1
43670 9 6 10 1 0.029 0.225 0.306 0.93 0.496 250 0 250 0 0 1
43670 10 6 10 1 0.029 0.225 0.306 0.93 0.496 250 0 250 0 0 1
43670 1 6 10 1 0.006 0.268 0.39 0.823 0.281 18.276 35 26.66 75.887 0 0
43670 2 6 10 1 0.006 0.268 0.39 0.823 0.281 81.639 17 118.73 87.6 0 0
43670 3 6 10 1 0.006 0.268 0.39 0.823 0.281 41.558 25 58.023 67.233 0 0
43670 1 6 5 0 0.036 0.042 0.471 0.854 0.421 250 0 250 0 0 1
43670 2 6 5 0 0.036 0.042 0.471 0.854 0.421 250 0 250 0 0 1
43670 3 6 5 0 0.036 0.042 0.471 0.854 0.421 250 0 250 0 0 1
43670 4 6 5 0 0.036 0.042 0.471 0.854 0.421 250 0 250 0 0 1
43670 5 6 5 0 0.036 0.042 0.471 0.854 0.421 250 0 250 0 0 1
43670 6 6 5 0 0.036 0.042 0.471 0.854 0.421 250 0 250 0 0 1
43670 7 6 5 0 0.036 0.042 0.471 0.854 0.421 250 0 250 0 0 1
43670 8 6 5 0 0.036 0.042 0.471 0.854 0.421 250 0 250 0 0 1
43670 9 6 5 0 0.036 0.042 0.471 0.854 0.421 250 0 250 0 0 1
43670 10 6 5 0 0.036 0.042 0.471 0.854 0.421 250 0 250 0 0 1
43670 1 6 5 0 0.08 0.382 0.256 0.973 0.438 238.127 3 246.822 12.32 0 0.76
43670 2 6 5 0 0.08 0.382 0.256 0.973 0.438 240.207 8 247.134 18.74 0 0.4
43670 3 6 5 0 0.08 0.382 0.256 0.973 0.438 241.666 6 247.483 16.64 0 0.607
43670 4 6 5 0 0.08 0.382 0.256 0.973 0.438 233.262 11 247.571 23.853 0 0
43670 5 6 5 0 0.08 0.382 0.256 0.973 0.438 243.041 2 248.343 10.673 0 0.833
43670 6 6 5 0 0.08 0.382 0.256 0.973 0.438 237.252 4 246.96 12.353 0 0.72
43670 7 6 5 0 0.08 0.382 0.256 0.973 0.438 236.84 8 246.657 14.487 0 0.773
43670 8 6 5 0 0.08 0.382 0.256 0.973 0.438 236.183 11 246.677 25.94 0 0
43670 9 6 5 0 0.08 0.382 0.256 0.973 0.438 241.102 5 247.462 20.233 0 0.58
43670 10 6 5 0 0.08 0.382 0.256 0.973 0.438 236.321 8 247.078 19.613 0 0.34
43670 1 6 5 0 0.077 0.223 0.376 0.763 0.474 250 0 250 0 0 1
43670 2 6 5 0 0.077 0.223 0.376 0.763 0.474 250 1 250 1 0 1
43670 3 6 5 0 0.077 0.223 0.376 0.763 0.474 250 0 250 0 0 1
43670 4 6 5 0 0.077 0.223 0.376 0.763 0.474 250 1 250 1 0 1
43670 5 6 5 0 0.077 0.223 0.376 0.763 0.474 250 0 250 0 0 1
43670 6 6 5 0 0.077 0.223 0.376 0.763 0.474 249.899 0 249.999 0 0 1
43670 7 6 5 0 0.077 0.223 0.376 0.763 0.474 250 0 250 0.56 0 1
43670 8 6 5 0 0.077 0.223 0.376 0.763 0.474 250 0 250 0 0 1
43670 9 6 5 0 0.077 0.223 0.376 0.763 0.474 250 0 250 0 0 1
43670 10 6 5 0 0.077 0.223 0.376 0.763 0.474 250 0 250 0 0 1
43670 1 6 5 0 0.089 0.092 0.265 0.953 0.046 233.101 54 245.218 1079.707 0 0
43670 2 6 5 0 0.089 0.092 0.265 0.953 0.046 235.848 43 244.737 1194.387 0 0
43670 3 6 5 0 0.089 0.092 0.265 0.953 0.046 228.155 66 242.957 1257.54 0 0
43670 4 6 5 0 0.089 0.092 0.265 0.953 0.046 230.332 60 244.464 1033.867 0 0
43670 5 6 5 0 0.089 0.092 0.265 0.953 0.046 239.279 60 246.091 1170.407 0 0
43670 6 6 5 0 0.089 0.092 0.265 0.953 0.046 231.809 59 244.915 1088.26 0 0
43670 7 6 5 0 0.089 0.092 0.265 0.953 0.046 236.461 55 245.807 1166.907 0 0
43670 8 6 5 0 0.089 0.092 0.265 0.953 0.046 239.516 55 245.969 1090.053 0 0
43670 9 6 5 0 0.089 0.092 0.265 0.953 0.046 232.349 66 244.765 1129.413 0 0
43670 10 6 5 0 0.089 0.092 0.265 0.953 0.046 235.478 66 244.892 1092.393 0 0
43670 1 6 5 0 0.034 0.079 0.218 0.986 0.009 230.174 118 242.539 1637.153 0 0
43670 2 6 5 0 0.034 0.079 0.218 0.986 0.009 237.413 491 243.76 1803.067 0 0
43670 3 6 5 0 0.034 0.079 0.218 0.986 0.009 226.242 64 242.107 1626.72 0 0
43670 4 6 5 0 0.034 0.079 0.218 0.986 0.009 225.701 58 242.718 1497.267 0 0
43670 5 6 5 0 0.034 0.079 0.218 0.986 0.009 233.171 52 244.398 1610.913 0 0
43670 6 6 5 0 0.034 0.079 0.218 0.986 0.009 230.675 59 242.904 1472.533 0 0
43670 7 6 5 0 0.034 0.079 0.218 0.986 0.009 232.935 260 243.235 1640.753 0 0
43670 8 6 5 0 0.034 0.079 0.218 0.986 0.009 229.881 56 244.108 1948.753 0 0
43670 9 6 5 0 0.034 0.079 0.218 0.986 0.009 232.542 60 244.075 1541.127 0 0
43670 10 6 5 0 0.034 0.079 0.218 0.986 0.009 229.171 56 243.664 1754.433 0 0
43670 1 6 5 0 0.024 0.435 0.185 0.841 0.958 250 0 250 0 0 1
43670 2 6 5 0 0.024 0.435 0.185 0.841 0.958 250 1 250 1 0 1
43670 3 6 5 0 0.024 0.435 0.185 0.841 0.958 250 0 250 0 0 1
43670 4 6 5 0 0.024 0.435 0.185 0.841 0.958 250 0 250 0 0 1
43670 5 6 5 0 0.024 0.435 0.185 0.841 0.958 250 0 250 0 0 1
43670 6 6 5 0 0.024 0.435 0.185 0.841 0.958 250 0 250 0 0 1
43670 7 6 5 0 0.024 0.435 0.185 0.841 0.958 250 0 250 0 0 1
43670 8 6 5 0 0.024 0.435 0.185 0.841 0.958 250 0 250 0 0 1
43670 9 6 5 0 0.024 0.435 0.185 0.841 0.958 250 0 250 0 0 1
43670 10 6 5 0 0.024 0.435 0.185 0.841 0.958 250 0 250 0.08 0 1
43670 1 6 5 0 0.032 0.451 0.242 0.973 0.869 250 0 250 0 0 1
43670 2 6 5 0 0.032 0.451 0.242 0.973 0.869 250 0 250 0 0 1
43670 3 6 5 0 0.032 0.451 0.242 0.973 0.869 250 0 250 0 0 1
43670 4 6 5 0 0.032 0.451 0.242 0.973 0.869 250 0 250 0 0 1
43670 5 6 5 0 0.032 0.451 0.242 0.973 0.869 250 0 250 0 0 1
43670 6 6 5 0 0.032 0.451 0.242 0.973 0.869 250 0 250 0 0 1
43670 7 6 5 0 0.032 0.451 0.242 0.973 0.869 250 0 250 0 0 1
43670 8 6 5 0 0.032 0.451 0.242 0.973 0.869 250 0 250 0 0 1
43670 9 6 5 0 0.032 0.451 0.242 0.973 0.869 250 0 250 0 0 1
43670 10 6 5 0 0.032 0.451 0.242 0.973 0.869 250 0 250 0 0 1
43670 1 6 5 0 0.02 0.035 0.491 0.771 0.438 250 0 250 0 0 1
43670 2 6 5 0 0.02 0.035 0.491 0.771 0.438 250 1 250 1 0 1
43670 3 6 5 0 0.02 0.035 0.491 0.771 0.438 250 0 250 0 0 1
43670 4 6 5 0 0.02 0.035 0.491 0.771 0.438 250 0 250 0 0 1
43670 5 6 5 0 0.02 0.035 0.491 0.771 0.438 250 0 250 0 0 1
43670 6 6 5 0 0.02 0.035 0.491 0.771 0.438 250 0 250 0 0 1
43670 7 6 5 0 0.02 0.035 0.491 0.771 0.438 250 0 250 0 0 1
43670 8 6 5 0 0.02 0.035 0.491 0.771 0.438 250 0 250 0 0 1
43670 9 6 5 0 0.02 0.035 0.491 0.771 0.438 250 0 250 0 0 1
43670 10 6 5 0 0.02 0.035 0.491 0.771 0.438 250 0 250 0 0 1
43670 1 6 5 0 0.075 0.452 0.168 0.989 0.57 250 0 250 0 0 1
43670 2 6 5 0 0.075 0.452 0.168 0.989 0.57 250 0 250 0 0 1
43670 3 6 5 0 0.075 0.452 0.168 0.989 0.57 250 0 250 0 0 1
43670 4 6 5 0 0.075 0.452 0.168 0.989 0.57 250 0 250 0 0 1
43670 5 6 5 0 0.075 0.452 0.168 0.989 0.57 250 0 250 0 0 1
43670 6 6 5 0 0.075 0.452 0.168 0.989 0.57 250 0 250 0 0 1
43670 7 6 5 0 0.075 0.452 0.168 0.989 0.57 250 0 250 0 0 1
43670 8 6 5 0 0.075 0.452 0.168 0.989 0.57 250 0 250 0 0 1
43670 1 6 3 0 0.097 0.18 0.418 0.985 0.996 208.538 0 209.904 0 0 1
43670 2 6 3 0 0.097 0.18 0.418 0.985 0.996 206.952 0 209.332 0 0 1
43670 3 6 3 0 0.097 0.18 0.418 0.985 0.996 207.563 1 209.565 1 0 1
43670 4 6 3 0 0.097 0.18 0.418 0.985 0.996 207.938 1 209.471 1 0 1
43670 5 6 3 0 0.097 0.18 0.418 0.985 0.996 208.649 1 209.879 1 0 1
43670 6 6 3 0 0.097 0.18 0.418 0.985 0.996 208.303 0 209.572 0 0 1
43670 7 6 3 0 0.097 0.18 0.418 0.985 0.996 207.247 1 209.58 1 0 1
43670 8 6 3 0 0.097 0.18 0.418 0.985 0.996 228.992 1 229.941 1 0 1
43670 9 6 3 0 0.097 0.18 0.418 0.985 0.996 228.399 1 229.928 1 0 1
43670 10 6 3 0 0.097 0.18 0.418 0.985 0.996 208.384 0 209.825 0 0 1
43670 1 6 3 0 0.039 0.482 0.023 0.847 0.521 234.402 147 246.332 366.047 0 0
43670 2 6 3 0 0.039 0.482 0.023 0.847 0.521 231.65 88 244.574 228.1 0 0
43670 3 6 3 0 0.039 0.482 0.023 0.847 0.521 236.72 146 246.359 376.873 0 0
43670 4 6 3 0 0.039 0.482 0.023 0.847 0.521 237.94 118 246.413 291.553 0 0
43670 5 6 3 0 0.039 0.482 0.023 0.847 0.521 234.194 91 246.3 238.733 0 0
43670 6 6 3 0 0.039 0.482 0.023 0.847 0.521 239.746 74 246.304 231.633 0 0
43670 7 6 3 0 0.039 0.482 0.023 0.847 0.521 238.55 133 246.758 396.287 0 0
43670 8 6 3 0 0.039 0.482 0.023 0.847 0.521 237.161 190 245.093 501.267 0 0
43670 9 6 3 0 0.039 0.482 0.023 0.847 0.521 238.61 96 245.939 290.907 0 0
43670 10 6 3 0 0.039 0.482 0.023 0.847 0.521 231.148 132 244.778 390.227 0 0
43670 1 6 3 0 0.099 0.206 0.241 0.768 0.511 202.607 0 207.929 0 0 1
43670 2 6 3 0 0.099 0.206 0.241 0.768 0.511 209 0 209.86 0 0 1
43670 3 6 3 0 0.099 0.206 0.241 0.768 0.511 198.012 0 199.782 0 0 1
43670 4 6 3 0 0.099 0.206 0.241 0.768 0.511 207.086 1 209.727 1 0 1
43670 5 6 3 0 0.099 0.206 0.241 0.768 0.511 208.521 0 209.922 0 0 1
43670 6 6 3 0 0.099 0.206 0.241 0.768 0.511 208.592 1 209.891 1 0 1
43670 7 6 3 0 0.099 0.206 0.241 0.768 0.511 229.192 4 229.931 4 0 1
43670 8 6 3 0 0.099 0.206 0.241 0.768 0.511 228.887 2 229.936 2 0 1
43670 9 6 3 0 0.099 0.206 0.241 0.768 0.511 208.553 0 209.871 0 0 1
43670 10 6 3 0 0.099 0.206 0.241 0.768 0.511 228.905 1 229.919 1 0 1
43670 1 6 3 0 0.029 0.123 0.132 0.838 0.479 234.407 7 245.834 21.153 0 0.467
43670 2 6 3 0 0.029 0.123 0.132 0.838 0.479 239.855 17 245.979 30.887 0 0
43670 3 6 3 0 0.029 0.123 0.132 0.838 0.479 236.361 9 245.02 31.04 0 0.32
43670 4 6 3 0 0.029 0.123 0.132 0.838 0.479 237.169 13 245.66 28.247 0 0
43670 5 6 3 0 0.029 0.123 0.132 0.838 0.479 236.524 16 246.192 31.967 0 0
43670 6 6 3 0 0.029 0.123 0.132 0.838 0.479 239.694 12 245.806 28.493 0 0
43670 7 6 3 0 0.029 0.123 0.132 0.838 0.479 232.799 12 245.183 32.627 0 0
43670 8 6 3 0 0.029 0.123 0.132 0.838 0.479 237.312 23 245.605 47.74 0 0
43670 9 6 3 0 0.029 0.123 0.132 0.838 0.479 234.649 7 246.101 23.92 0 0.52
43670 10 6 3 0 0.029 0.123 0.132 0.838 0.479 239.51 12 246.373 25.88 0 0
43670 1 6 3 0 0.068 0.106 0.368 0.834 0.637 206.739 0 209.641 0 0 1
43670 2 6 3 0 0.068 0.106 0.368 0.834 0.637 209.021 0 209.914 0 0 1
43670 3 6 3 0 0.068 0.106 0.368 0.834 0.637 206.978 0 209.695 0.36 0 1
43670 4 6 3 0 0.068 0.106 0.368 0.834 0.637 198.189 1 199.742 1 0 1
43670 5 6 3 0 0.068 0.106 0.368 0.834 0.637 229.152 0 229.942 0 0 1
43670 6 6 3 0 0.068 0.106 0.368 0.834 0.637 208.605 0 209.899 0 0 1
43670 7 6 3 0 0.068 0.106 0.368 0.834 0.637 207.691 1 209.52 1 0 1
43670 8 6 3 0 0.068 0.106 0.368 0.834 0.637 209.341 0 210.203 0 0 1
43670 9 6 3 0 0.068 0.106 0.368 0.834 0.637 208.583 0 209.882 0 0 1
43670 10 6 3 0 0.068 0.106 0.368 0.834 0.637 207.314 0 209.319 0 0 1
43670 1 6 3 0 0.053 0.005 0.433 0.847 0.111 229.143 0 229.975 0.393 0 1
43670 2 6 3 0 0.053 0.005 0.433 0.847 0.111 208.325 1 209.73 1 0 1
43670 3 6 3 0 0.053 0.005 0.433 0.847 0.111 228.7 1 229.967 1 0 1
43670 4 6 3 0 0.053 0.005 0.433 0.847 0.111 208.478 0 209.886 0 0 1
43670 5 6 3 0 0.053 0.005 0.433 0.847 0.111 207.642 0 209.669 0 0 1
43670 6 6 3 0 0.053 0.005 0.433 0.847 0.111 228.825 3 229.92 3 0 1
43670 7 6 3 0 0.053 0.005 0.433 0.847 0.111 227.391 1 229.625 1 0 1
43670 8 6 3 0 0.053 0.005 0.433 0.847 0.111 208.406 0 209.671 0 0 1
43670 9 6 3 0 0.053 0.005 0.433 0.847 0.111 208.115 0 209.653 0 0 1
43670 10 6 3 0 0.053 0.005 0.433 0.847 0.111 198.425 3 199.758 3 0 1
43670 1 6 3 0 0.013 0.401 0.143 0.964 0.9 208.342 0 209.693 0 0 1
43670 2 6 3 0 0.013 0.401 0.143 0.964 0.9 197.885 0 199.592 0 0 1
43670 3 6 3 0 0.013 0.401 0.143 0.964 0.9 228.527 0 229.916 0.713 0 1
43670 4 6 3 0 0.013 0.401 0.143 0.964 0.9 208.623 0 209.895 0 0 1
43670 5 6 3 0 0.013 0.401 0.143 0.964 0.9 208.923 1 209.888 1 0 1
43670 6 6 3 0 0.013 0.401 0.143 0.964 0.9 198.398 1 200.087 1 0 1
43670 7 6 3 0 0.013 0.401 0.143 0.964 0.9 229.159 0 229.95 0 0 1
43670 8 6 3 0 0.013 0.401 0.143 0.964 0.9 208.691 2 209.926 2 0 1
43670 9 6 3 0 0.013 0.401 0.143 0.964 0.9 209.132 0 209.942 0 0 1
43670 10 6 3 0 0.013 0.401 0.143 0.964 0.9 209.27 0 209.968 0.1 0 1
43670 1 6 3 0 0.098 0.393 0.105 0.87 0.824 164.767 0 181.349 0 0 1
43670 2 6 3 0 0.098 0.393 0.105 0.87 0.824 208.594 0 209.83 0 0 1
43670 3 6 3 0 0.098 0.393 0.105 0.87 0.824 219.281 0 221.327 0 0 1
43670 4 6 3 0 0.098 0.393 0.105 0.87 0.824 167.786 1 169.528 1 0 1
43670 5 6 3 0 0.098 0.393 0.105 0.87 0.824 168.029 0 169.779 0.613 0 1
43670 6 6 3 0 0.098 0.393 0.105 0.87 0.824 199.104 0 199.905 0 0 1
43670 7 6 3 0 0.098 0.393 0.105 0.87 0.824 208 0 209.678 0 0 1
43670 8 6 3 0 0.098 0.393 0.105 0.87 0.824 199.316 0 204.437 0 0 1
43670 9 6 3 0 0.098 0.393 0.105 0.87 0.824 228.892 0 229.941 0 0 1
43670 10 6 3 0 0.098 0.393 0.105 0.87 0.824 205.872 0 209.273 0 0 1
43670 1 6 3 0 0.114 0.114 0.096 0.941 0.843 208.006 0 209.674 0 0 1
43670 2 6 3 0 0.114 0.114 0.096 0.941 0.843 207.128 0 209.537 0 0 1
43670 3 6 3 0 0.114 0.114 0.096 0.941 0.843 207.534 1 209.61 1 0 1
43670 4 6 3 0 0.114 0.114 0.096 0.941 0.843 229.177 0 229.936 0 0 1
43670 5 6 3 0 0.114 0.114 0.096 0.941 0.843 227.898 0 229.901 0 0 1
43670 6 6 3 0 0.114 0.114 0.096 0.941 0.843 208.049 2 209.62 2.427 0 1
43670 7 6 3 0 0.114 0.114 0.096 0.941 0.843 208.493 0 209.829 0 0 1
43670 8 6 3 0 0.114 0.114 0.096 0.941 0.843 209.16 0 209.886 0 0 1
43670 9 6 3 0 0.114 0.114 0.096 0.941 0.843 229.315 0 229.934 0 0 1
43670 10 6 3 0 0.114 0.114 0.096 0.941 0.843 228.642 0 229.904 0 0 1
43670 1 6 3 0 0.004 0.279 0.204 0.927 0.583 206.822 1 209.475 1 0 1
43670 2 6 3 0 0.004 0.279 0.204 0.927 0.583 229.314 0 229.953 0 0 1
43670 1 6 8 0 0.007 0.013 0.206 0.957 0.212 250 0 250 0 0 1
43670 2 6 8 0 0.007 0.013 0.206 0.957 0.212 250 0 250 0 0 1
43670 3 6 8 0 0.007 0.013 0.206 0.957 0.212 250 1 250 1 0 1
43670 4 6 8 0 0.007 0.013 0.206 0.957 0.212 250 0 250 0 0 1
43670 5 6 8 0 0.007 0.013 0.206 0.957 0.212 250 1 250 1 0 1
43670 6 6 8 0 0.007 0.013 0.206 0.957 0.212 250 1 250 1 0 1
43670 7 6 8 0 0.007 0.013 0.206 0.957 0.212 250 0 250 0 0 1
43670 8 6 8 0 0.007 0.013 0.206 0.957 0.212 250 0 250 0 0 1
43670 9 6 8 0 0.007 0.013 0.206 0.957 0.212 250 0 250 0 0 1
43670 10 6 8 0 0.007 0.013 0.206 0.957 0.212 250 0 250 0 0 1
43670 1 6 8 0 0.055 0.17 0.434 0.93 0.212 248.565 2 249.941 2 0 1
43670 2 6 8 0 0.055 0.17 0.434 0.93 0.212 249 0 249.959 0 0 1
43670 3 6 8 0 0.055 0.17 0.434 0.93 0.212 247.419 2 249.782 2 0 1
43670 4 6 8 0 0.055 0.17 0.434 0.93 0.212 249.412 0 249.993 0 0 1
43670 5 6 8 0 0.055 0.17 0.434 0.93 0.212 248.267 0 249.891 0.107 0 1
43670 6 6 8 0 0.055 0.17 0.434 0.93 0.212 244.133 6 249.507 7.953 0 0.953
43670 7 6 8 0 0.055 0.17 0.434 0.93 0.212 244.449 2 249.507 2.26 0 0.987
43670 8 6 8 0 0.055 0.17 0.434 0.93 0.212 246.674 2 249.746 13.593 0 0.8
43670 9 6 8 0 0.055 0.17 0.434 0.93 0.212 241.881 0 249.003 3.2 0 0.933
43670 10 6 8 0 0.055 0.17 0.434 0.93 0.212 249 0 249.918 1.18 0 0.973
43670 1 6 8 0 0.108 0.435 0.286 0.955 0.138 235.868 51 245.79 1068.687 0 0
43670 2 6 8 0 0.108 0.435 0.286 0.955 0.138 236.238 43 246.519 1257.167 0 0
43670 3 6 8 0 0.108 0.435 0.286 0.955 0.138 234.115 42 245.479 1377.713 0 0
43670 4 6 8 0 0.108 0.435 0.286 0.955 0.138 238.414 41 246.141 1308.727 0 0
43670 5 6 8 0 0.108 0.435 0.286 0.955 0.138 234.196 46 245.505 1200.553 0 0
43670 6 6 8 0 0.108 0.435 0.286 0.955 0.138 234.128 45 245.673 1078.907 0 0
43670 7 6 8 0 0.108 0.435 0.286 0.955 0.138 228.496 46 244.829 1264.34 0 0
43670 8 6 8 0 0.108 0.435 0.286 0.955 0.138 238.912 43 245.957 1167.62 0 0
43670 9 6 8 0 0.108 0.435 0.286 0.955 0.138 237.133 37 245.551 1038.647 0 0
43670 10 6 8 0 0.108 0.435 0.286 0.955 0.138 235.533 34 245.002 1048.167 0 0
43670 1 6 8 0 0.088 0.165 0.313 0.971 0.155 234.986 43 246.474 388.033 0 0
43670 2 6 8 0 0.088 0.165 0.313 0.971 0.155 237.398 42 245.985 380.253 0 0
43670 3 6 8 0 0.088 0.165 0.313 0.971 0.155 238.101 53 245.62 455.627 0 0
43670 4 6 8 0 0.088 0.165 0.313 0.971 0.155 236.896 48 247.068 390.94 0 0
43670 5 6 8 0 0.088 0.165 0.313 0.971 0.155 238.977 52 245.148 497.127 0 0
43670 6 6 8 0 0.088 0.165 0.313 0.971 0.155 235.017 53 245.364 406.307 0 0
43670 7 6 8 0 0.088 0.165 0.313 0.971 0.155 238.817 51 246.561 321.967 0 0
43670 8 6 8 0 0.088 0.165 0.313 0.971 0.155 236.198 31 246.526 334.067 0 0
43670 9 6 8 0 0.088 0.165 0.313 0.971 0.155 236.86 55 246.078 418.447 0 0
43670 10 6 8 0 0.088 0.165 0.313 0.971 0.155 240.556 53 246.687 532.787 0 0
43670 1 6 8 0 0.099 0.455 0.431 0.833 0.256 239.234 63 246.138 286.647 0 0
43670 2 6 8 0 0.099 0.455 0.431 0.833 0.256 235.151 49 246.241 249.613 0 0
43670 3 6 8 0 0.099 0.455 0.431 0.833 0.256 237.187 68 246.231 255.54 0 0
43670 4 6 8 0 0.099 0.455 0.431 0.833 0.256 235.935 36 245.588 213.813 0 0
43670 5 6 8 0 0.099 0.455 0.431 0.833 0.256 235.452 59 245.786 236.033 0 0
43670 6 6 8 0 0.099 0.455 0.431 0.833 0.256 234.535 42 244.637 225.08 0 0
43670 7 6 8 0 0.099 0.455 0.431 0.833 0.256 237.707 42 246.823 281.853 0 0
43670 8 6 8 0 0.099 0.455 0.431 0.833 0.256 240.658 69 246.687 259.753 0 0
43670 9 6 8 0 0.099 0.455 0.431 0.833 0.256 238.159 55 246.513 300.607 0 0
43670 10 6 8 0 0.099 0.455 0.431 0.833 0.256 230.997 47 245.697 244.1 0 0
43670 1 6 8 0 0.057 0.264 0.272 0.77 0.039 232.068 51 246.235 1390.38 0 0
43670 2 6 8 0 0.057 0.264 0.272 0.77 0.039 237.726 36 245.034 1098.733 0 0
43670 3 6 8 0 0.057 0.264 0.272 0.77 0.039 233.59 31 245.833 1152.713 0 0
43670 4 6 8 0 0.057 0.264 0.272 0.77 0.039 239.912 530 245.505 1320.38 0 0
43670 5 6 8 0 0.057 0.264 0.272 0.77 0.039 234.218 43 244.819 1154.473 0 0
43670 6 6 8 0 0.057 0.264 0.272 0.77 0.039 229.593 53 245.043 1092.4 0 0
43670 7 6 8 0 0.057 0.264 0.272 0.77 0.039 233.827 50 244.612 1208.873 0 0
43670 8 6 8 0 0.057 0.264 0.272 0.77 0.039 234.777 46 245.557 1180.593 0 0
43670 9 6 8 0 0.057 0.264 0.272 0.77 0.039 234.034 45 245.494 1013.173 0 0
43670 10 6 8 0 0.057 0.264 0.272 0.77 0.039 234.966 42 245.687 1288.66 0 0
43670 1 6 8 0 0.034 0.168 0.192 0.945 0.735 250 1 250 1 0 1
43670 2 6 8 0 0.034 0.168 0.192 0.945 0.735 250 0 250 0 0 1
43670 3 6 8 0 0.034 0.168 0.192 0.945 0.735 250 0 250 0 0 1
43670 4 6 8 0 0.034 0.168 0.192 0.945 0.735 250 0 250 0 0 1
43670 5 6 8 0 0.034 0.168 0.192 0.945 0.735 250 0 250 0 0 1
43670 6 6 8 0 0.034 0.168 0.192 0.945 0.735 250 0 250 0 0 1
43670 7 6 8 0 0.034 0.168 0.192 0.945 0.735 250 0 250 0 0 1
43670 8 6 8 0 0.034 0.168 0.192 0.945 0.735 250 1 250 1 0 1
43670 9 6 8 0 0.034 0.168 0.192 0.945 0.735 250 1 250 1 0 1
43670 10 6 8 0 0.034 0.168 0.192 0.945 0.735 250 0 250 0 0 1
43670 1 6 8 0 0.051 0.194 0.177 0.888 0.333 238.596 48 245.571 377.72 0 0
43670 2 6 8 0 0.051 0.194 0.177 0.888 0.333 238.75 48 245.318 326.913 0 0
43670 3 6 8 0 0.051 0.194 0.177 0.888 0.333 234.668 45 244.92 367.507 0 0
43670 4 6 8 0 0.051 0.194 0.177 0.888 0.333 234.438 48 245.556 372.393 0 0
43670 5 6 8 0 0.051 0.194 0.177 0.888 0.333 231.116 49 243.892 406.693 0 0
43670 6 6 8 0 0.051 0.194 0.177 0.888 0.333 235.433 40 245.631 331.627 0 0
43670 7 6 8 0 0.051 0.194 0.177 0.888 0.333 232.074 56 245.493 374.14 0 0
43670 8 6 8 0 0.051 0.194 0.177 0.888 0.333 236.224 55 245.604 326.287 0 0
43670 9 6 8 0 0.051 0.194 0.177 0.888 0.333 234.929 44 245.688 366.8 0 0
43670 10 6 8 0 0.051 0.194 0.177 0.888 0.333 238.062 54 245.242 368.54 0 0
43670 1 6 8 0 0.024 0.31 0.15 0.873 0.337 235.189 50 244.287 513.127 0 0
43670 2 6 8 0 0.024 0.31 0.15 0.873 0.337 231.681 45 245.864 485.42 0 0
43670 3 6 8 0 0.024 0.31 0.15 0.873 0.337 240.239 54 247.074 528.38 0 0
43670 4 6 8 0 0.024 0.31 0.15 0.873 0.337 235.792 44 246.224 406.22 0 0
43670 5 6 8 0 0.024 0.31 0.15 0.873 0.337 237.5 34 246.332 420.227 0 0
43670 6 6 8 0 0.024 0.31 0.15 0.873 0.337 239.014 52 246.42 455.78 0 0
43670 7 6 8 0 0.024 0.31 0.15 0.873 0.337 235.66 46 245.381 476.813 0 0
43670 8 6 8 0 0.024 0.31 0.15 0.873 0.337 238.552 48 246.076 435.7 0 0
43670 9 6 8 0 0.024 0.31 0.15 0.873 0.337 235.122 43 245.584 489.887 0 0
43670 10 6 8 0 0.024 0.31 0.15 0.873 0.337 236.404 60 246.464 489.947 0 0
43670 1 6 8 0 0.113 0.435 0.429 0.831 0.108 241.064 57 247.243 1096.6 0 0
43670 2 6 8 0 0.113 0.435 0.429 0.831 0.108 240.521 39 246.556 1070.913 0 0
43670 1 6 6 1 0.037 0.335 0.336 0.834 0.715 250 0 250 0 0 1
43670 2 6 6 1 0.037 0.335 0.336 0.834 0.715 250 1 250 1 0 1
43670 3 6 6 1 0.037 0.335 0.336 0.834 0.715 250 1 250 1 0 1
43670 4 6 6 1 0.037 0.335 0.336 0.834 0.715 250 0 250 0 0 1
43670 5 6 6 1 0.037 0.335 0.336 0.834 0.715 250 0 250 0 0 1
43670 6 6 6 1 0.037 0.335 0.336 0.834 0.715 250 0 250 0 0 1
43670 7 6 6 1 0.037 0.335 0.336 0.834 0.715 250 1 250 1.853 0 1
43670 8 6 6 1 0.037 0.335 0.336 0.834 0.715 250 0 250 0 0 1
43670 9 6 6 1 0.037 0.335 0.336 0.834 0.715 250 0 250 0 0 1
43670 10 6 6 1 0.037 0.335 0.336 0.834 0.715 250 0 250 0 0 1
43670 1 6 6 1 0.031 0.467 0.154 0.885 0.695 250 1 250 1 0 1
43670 2 6 6 1 0.031 0.467 0.154 0.885 0.695 250 0 250 0 0 1
43670 3 6 6 1 0.031 0.467 0.154 0.885 0.695 250 0 250 0 0 1
43670 4 6 6 1 0.031 0.467 0.154 0.885 0.695 250 0 250 0 0 1
43670 5 6 6 1 0.031 0.467 0.154 0.885 0.695 250 0 250 0 0 1
43670 6 6 6 1 0.031 0.467 0.154 0.885 0.695 250 0 250 0 0 1
43670 7 6 6 1 0.031 0.467 0.154 0.885 0.695 250 0 250 0 0 1
43670 8 6 6 1 0.031 0.467 0.154 0.885 0.695 250 0 250 0 0 1
43670 9 6 6 1 0.031 0.467 0.154 0.885 0.695 250 0 250 0 0 1
43670 10 6 6 1 0.031 0.467 0.154 0.885 0.695 250 0 250 0.427 0 1
43670 1 6 6 1 0.048 0.255 0.113 0.871 0.656 250 0 250 0 0 1
43670 2 6 6 1 0.048 0.255 0.113 0.871 0.656 250 0 250 0 0 1
43670 3 6 6 1 0.048 0.255 0.113 0.871 0.656 250 0 250 0 0 1
43670 4 6 6 1 0.048 0.255 0.113 0.871 0.656 250 0 250 0 0 1
43670 5 6 6 1 0.048 0.255 0.113 0.871 0.656 250 0 250 0 0 1
43670 6 6 6 1 0.048 0.255 0.113 0.871 0.656 250 0 250 0 0 1
43670 7 6 6 1 0.048 0.255 0.113 0.871 0.656 250 0 250 0 0 1
43670 8 6 6 1 0.048 0.255 0.113 0.871 0.656 250 0 250 0 0 1
43670 9 6 6 1 0.048 0.255 0.113 0.871 0.656 250 1 250 1 0 1
43670 10 6 6 1 0.048 0.255 0.113 0.871 0.656 250 1 250 1 0 1
43670 1 6 6 1 0.026 0.433 0.223 0.85 0.026 245.071 1642 248.486 1994.573 0 0
43670 2 6 6 1 0.026 0.433 0.223 0.85 0.026 245.686 1538 248.44 1880.953 0 0
43670 3 6 6 1 0.026 0.433 0.223 0.85 0.026 245.98 1628 248.679 1908.207 0 0
43670 4 6 6 1 0.026 0.433 0.223 0.85 0.026 244.129 1808 248.561 2125.313 0 0
43670 5 6 6 1 0.026 0.433 0.223 0.85 0.026 244.885 1629 248.511 1967.987 0 0
43670 6 6 6 1 0.026 0.433 0.223 0.85 0.026 243.941 1766 248.335 2027.707 0 0
43670 7 6 6 1 0.026 0.433 0.223 0.85 0.026 245.431 1533 248.571 1868.76 0 0
43670 8 6 6 1 0.026 0.433 0.223 0.85 0.026 243.705 1479 248.242 1780.573 0 0
43670 9 6 6 1 0.026 0.433 0.223 0.85 0.026 244.133 1423 248.207 1760.46 0 0
43670 10 6 6 1 0.026 0.433 0.223 0.85 0.026 245.593 1681 248.566 1960.967 0 0
43670 1 6 6 1 0.057 0.187 0.17 0.801 0.136 244.92 1601 248.505 1923.92 0 0
43670 2 6 6 1 0.057 0.187 0.17 0.801 0.136 244.731 1584 248.464 1932.467 0 0
43670 3 6 6 1 0.057 0.187 0.17 0.801 0.136 246.878 1669 248.741 2008 0 0
43670 4 6 6 1 0.057 0.187 0.17 0.801 0.136 246.164 1519 248.681 1861.6 0 0
43670 5 6 6 1 0.057 0.187 0.17 0.801 0.136 245.182 1573 248.567 1899.927 0 0
43670 6 6 6 1 0.057 0.187 0.17 0.801 0.136 245.176 1338 248.245 1802.087 0 0
43670 7 6 6 1 0.057 0.187 0.17 0.801 0.136 245.242 1547 248.393 1894.24 0 0
43670 8 6 6 1 0.057 0.187 0.17 0.801 0.136 245.8 1600 248.553 1936.927 0 0
43670 9 6 6 1 0.057 0.187 0.17 0.801 0.136 244.995 1532 248.686 1974.707 0 0
43670 10 6 6 1 0.057 0.187 0.17 0.801 0.136 243.976 1691 248.465 1982.613 0 0
43670 1 6 6 1 0.015 0.019 0.065 0.828 0.108 237.419 588 244.858 1273.36 0 0
43670 2 6 6 1 0.015 0.019 0.065 0.828 0.108 228.795 572 241.499 1093.68 0 0
43670 3 6 6 1 0.015 0.019 0.065 0.828 0.108 231.233 773 241.704 1134.96 0 0
43670 4 6 6 1 0.015 0.019 0.065 0.828 0.108 229.406 668 239.229 1119.427 0 0
43670 5 6 6 1 0.015 0.019 0.065 0.828 0.108 231.434 667 242.421 1211.82 0 0
43670 6 6 6 1 0.015 0.019 0.065 0.828 0.108 234.841 634 243.449 1237.907 0 0
43670 7 6 6 1 0.015 0.019 0.065 0.828 0.108 238.957 866 243.803 1299.88 0 0
43670 8 6 6 1 0.015 0.019 0.065 0.828 0.108 234.469 646 242.275 1028.033 0 0
43670 9 6 6 1 0.015 0.019 0.065 0.828 0.108 229.503 673 242.595 1212.64 0 0
43670 10 6 6 1 0.015 0.019 0.065 0.828 0.108 236.648 685 245.211 1140.38 0 0
43670 1 6 6 1 0.08 0.177 0.198 0.876 0.06 246.502 2000 248.879 2358.627 0 0
43670 2 6 6 1 0.08 0.177 0.198 0.876 0.06 245.386 1803 248.8 2184.08 0 0
43670 3 6 6 1 0.08 0.177 0.198 0.876 0.06 246.135 1833 248.843 2108.7 0 0
43670 4 6 6 1 0.08 0.177 0.198 0.876 0.06 246.418 1850 248.859 2182.9 0 0
43670 5 6 6 1 0.08 0.177 0.198 0.876 0.06 245.941 1767 248.872 2213.927 0 0
43670 6 6 6 1 0.08 0.177 0.198 0.876 0.06 244.445 1992 248.812 2337.367 0 0
43670 7 6 6 1 0.08 0.177 0.198 0.876 0.06 245.436 1780 248.675 2153.127 0 0
43670 8 6 6 1 0.08 0.177 0.198 0.876 0.06 246.793 1918 248.811 2168.1 0 0
43670 9 6 6 1 0.08 0.177 0.198 0.876 0.06 245.477 1999 248.907 2302.22 0 0
43670 10 6 6 1 0.08 0.177 0.198 0.876 0.06 246.408 1883 248.983 2261.02 0 0
43670 1 6 6 1 0.065 0.214 0.335 0.956 0.032 245.139 1844 248.487 2082.327 0 0
43670 2 6 6 1 0.065 0.214 0.335 0.956 0.032 245.117 1595 248.661 1897.707 0 0
43670 3 6 6 1 0.065 0.214 0.335 0.956 0.032 246.865 1690 248.943 2007.22 0 0
43670 4 6 6 1 0.065 0.214 0.335 0.956 0.032 245.363 1562 248.486 1893.993 0 0
43670 5 6 6 1 0.065 0.214 0.335 0.956 0.032 245.945 1633 248.662 2040.54 0 0
43670 6 6 6 1 0.065 0.214 0.335 0.956 0.032 245.293 1690 248.6 1935.547 0 0
43670 7 6 6 1 0.065 0.214 0.335 0.956 0.032 246.548 1701 248.73 2026.987 0 0
43670 8 6 6 1 0.065 0.214 0.335 0.956 0.032 245.902 1638 248.603 2059.793 0 0
43670 1 6 8 1 0.1 0.489 0.289 0.9 0.604 250 1 250 1 0 1
43670 2 6 8 1 0.1 0.489 0.289 0.9 0.604 250 0 250 0 0 1
43670 3 6 8 1 0.1 0.489 0.289 0.9 0.604 250 0 250 0 0 1
43670 4 6 8 1 0.1 0.489 0.289 0.9 0.604 250 0 250 0 0 1
43670 5 6 8 1 0.1 0.489 0.289 0.9 0.604 250 0 250 0 0 1
43670 6 6 8 1 0.1 0.489 0.289 0.9 0.604 250 0 250 0 0 1
43670 7 6 8 1 0.1 0.489 0.289 0.9 0.604 250 0 250 0 0 1
43670 8 6 8 1 0.1 0.489 0.289 0.9 0.604 250 1 250 1 0 1
43670 9 6 8 1 0.1 0.489 0.289 0.9 0.604 250 0 250 0 0 1
43670 10 6 8 1 0.1 0.489 0.289 0.9 0.604 250 0 250 0 0 1
43670 1 6 8 1 0.058 0.166 0.382 0.794 0.71 250 0 250 0 0 1
43670 2 6 8 1 0.058 0.166 0.382 0.794 0.71 250 0 250 0 0 1
43670 3 6 8 1 0.058 0.166 0.382 0.794 0.71 250 0 250 0 0 1
43670 4 6 8 1 0.058 0.166 0.382 0.794 0.71 250 0 250 0 0 1
43670 5 6 8 1 0.058 0.166 0.382 0.794 0.71 250 0 250 0 0 1
43670 6 6 8 1 0.058 0.166 0.382 0.794 0.71 250 0 250 0 0 1
43670 7 6 8 1 0.058 0.166 0.382 0.794 0.71 250 0 250 0 0 1
43670 8 6 8 1 0.058 0.166 0.382 0.794 0.71 250 1 250 1 0 1
43670 9 6 8 1 0.058 0.166 0.382 0.794 0.71 250 0 250 0 0 1
43670 10 6 8 1 0.058 0.166 0.382 0.794 0.71 250 0 250 0 0 1
43670 1 6 8 1 0.109 0.466 0.331 1 0.943 250 0 250 0 0 1
43670 2 6 8 1 0.109 0.466 0.331 1 0.943 250 0 250 0 0 1
43670 3 6 8 1 0.109 0.466 0.331 1 0.943 250 0 250 0 0 1
43670 4 6 8 1 0.109 0.466 0.331 1 0.943 250 0 250 0 0 1
43670 5 6 8 1 0.109 0.466 0.331 1 0.943 250 0 250 0 0 1
43670 6 6 8 1 0.109 0.466 0.331 1 0.943 250 0 250 0 0 1
43670 7 6 8 1 0.109 0.466 0.331 1 0.943 250 0 250 0 0 1
43670 8 6 8 1 0.109 0.466 0.331 1 0.943 250 0 250 0 0 1
43670 9 6 8 1 0.109 0.466 0.331 1 0.943 250 0 250 0 0 1
43670 10 6 8 1 0.109 0.466 0.331 1 0.943 250 0 250 0 0 1
43670 1 6 8 1 0.118 0.354 0.095 0.986 0.358 238.911 517 243.585 944.207 0 0
43670 2 6 8 1 0.118 0.354 0.095 0.986 0.358 238.297 483 243.103 912.78 0 0
43670 3 6 8 1 0.118 0.354 0.095 0.986 0.358 239.041 603 243.879 944.447 0 0
43670 4 6 8 1 0.118 0.354 0.095 0.986 0.358 236.609 491 242.737 946.34 0 0
43670 5 6 8 1 0.118 0.354 0.095 0.986 0.358 236.89 597 243.917 930.56 0 0
43670 6 6 8 1 0.118 0.354 0.095 0.986 0.358 238.745 479 243.933 909.707 0 0
43670 7 6 8 1 0.118 0.354 0.095 0.986 0.358 239.295 578 244.681 942.973 0 0
43670 8 6 8 1 0.118 0.354 0.095 0.986 0.358 239.01 559 244.13 911.64 0 0
43670 9 6 8 1 0.118 0.354 0.095 0.986 0.358 236.649 554 244.298 954.027 0 0
43670 10 6 8 1 0.118 0.354 0.095 0.986 0.358 237.084 640 243.423 965.227 0 0
43670 1 6 8 1 0.091 0.015 0.46 0.954 0.049 250 0 250 0 0 1
43670 2 6 8 1 0.091 0.015 0.46 0.954 0.049 250 0 250 0 0 1
43670 3 6 8 1 0.091 0.015 0.46 0.954 0.049 250 0 250 0 0 1
43670 4 6 8 1 0.091 0.015 0.46 0.954 0.049 250 0 250 0 0 1
43670 5 6 8 1 0.091 0.015 0.46 0.954 0.049 250 0 250 0 0 1
43670 6 6 8 1 0.091 0.015 0.46 0.954 0.049 250 0 250 0 0 1
43670 7 6 8 1 0.091 0.015 0.46 0.954 0.049 250 0 250 0 0 1
43670 8 6 8 1 0.091 0.015 0.46 0.954 0.049 250 0 250 0 0 1
43670 9 6 8 1 0.091 0.015 0.46 0.954 0.049 250 0 250 0 0 1
43670 10 6 8 1 0.091 0.015 0.46 0.954 0.049 250 0 250 0 0 1
43670 1 6 8 1 0.025 0.171 0.478 0.938 0.484 250 0 250 0 0 1
43670 2 6 8 1 0.025 0.171 0.478 0.938 0.484 250 0 250 0 0 1
43670 3 6 8 1 0.025 0.171 0.478 0.938 0.484 250 0 250 0 0 1
43670 4 6 8 1 0.025 0.171 0.478 0.938 0.484 250 0 250 0 0 1
43670 5 6 8 1 0.025 0.171 0.478 0.938 0.484 250 0 250 0 0 1
43670 6 6 8 1 0.025 0.171 0.478 0.938 0.484 250 0 250 0 0 1
43670 7 6 8 1 0.025 0.171 0.478 0.938 0.484 250 0 250 0 0 1
43670 8 6 8 1 0.025 0.171 0.478 0.938 0.484 250 0 250 0 0 1
43670 9 6 8 1 0.025 0.171 0.478 0.938 0.484 250 0 250 0 0 1
43670 10 6 8 1 0.025 0.171 0.478 0.938 0.484 250 0 250 0 0 1
43670 1 6 8 1 0.038 0.329 0.484 0.897 0.57 250 0 250 0 0 1
43670 2 6 8 1 0.038 0.329 0.484 0.897 0.57 250 0 250 0 0 1
43670 3 6 8 1 0.038 0.329 0.484 0.897 0.57 250 0 250 0 0 1
43670 4 6 8 1 0.038 0.329 0.484 0.897 0.57 250 0 250 0 0 1
43670 5 6 8 1 0.038 0.329 0.484 0.897 0.57 250 0 250 0 0 1
43670 6 6 8 1 0.038 0.329 0.484 0.897 0.57 250 0 250 0 0 1
43670 7 6 8 1 0.038 0.329 0.484 0.897 0.57 250 0 250 0 0 1
43670 8 6 8 1 0.038 0.329 0.484 0.897 0.57 250 0 250 0 0 1
43670 9 6 8 1 0.038 0.329 0.484 0.897 0.57 250 0 250 0 0 1
43670 10 6 8 1 0.038 0.329 0.484 0.897 0.57 250 1 250 1 0 1
43670 1 6 8 1 0.032 0.453 0.15 0.903 0.884 250 0 250 0 0 1
43670 2 6 8 1 0.032 0.453 0.15 0.903 0.884 250 0 250 0 0 1
43670 3 6 8 1 0.032 0.453 0.15 0.903 0.884 250 0 250 0 0 1
43670 4 6 8 1 0.032 0.453 0.15 0.903 0.884 250 0 250 0 0 1
43670 5 6 8 1 0.032 0.453 0.15 0.903 0.884 250 0 250 0 0 1
43670 6 6 8 1 0.032 0.453 0.15 0.903 0.884 250 0 250 0 0 1
43670 7 6 8 1 0.032 0.453 0.15 0.903 0.884 250 0 250 0 0 1
43670 8 6 8 1 0.032 0.453 0.15 0.903 0.884 250 0 250 0 0 1
43670 9 6 8 1 0.032 0.453 0.15 0.903 0.884 250 0 250 0 0 1
43670 10 6 8 1 0.032 0.453 0.15 0.903 0.884 250 1 250 1 0 1
43670 1 6 8 1 0.031 0.099 0.18 0.87 0.346 205.463 36 213.544 153.793 0 0
43670 2 6 8 1 0.031 0.099 0.18 0.87 0.346 173.615 66 197.939 166 0 0
43670 3 6 8 1 0.031 0.099 0.18 0.87 0.346 177.896 39 197.732 144.093 0 0
43670 4 6 8 1 0.031 0.099 0.18 0.87 0.346 149.966 30 174.001 133.173 0 0
43670 5 6 8 1 0.031 0.099 0.18 0.87 0.346 118.105 48 130.718 138.667 0 0
43670 1 6 4 0 0.081 0.186 0.094 0.808 0.178 228.659 65 241.952 1082.573 0 0
43670 2 6 4 0 0.081 0.186 0.094 0.808 0.178 226.789 68 241.533 1154.24 0 0
43670 3 6 4 0 0.081 0.186 0.094 0.808 0.178 224.674 74 242.205 1359.12 0 0
43670 4 6 4 0 0.081 0.186 0.094 0.808 0.178 236.11 248 244.044 1430.32 0 0
43670 5 6 4 0 0.081 0.186 0.094 0.808 0.178 229.643 71 241.972 1246.627 0 0
43670 6 6 4 0 0.081 0.186 0.094 0.808 0.178 233.944 67 243.624 1177.693 0 0
43670 7 6 4 0 0.081 0.186 0.094 0.808 0.178 229.78 52 243.093 1225.607 0 0
43670 8 6 4 0 0.081 0.186 0.094 0.808 0.178 229.081 73 243.105 1292.413 0 0
43670 9 6 4 0 0.081 0.186 0.094 0.808 0.178 231.032 66 243.144 1245.453 0 0
43670 10 6 4 0 0.081 0.186 0.094 0.808 0.178 232.709 67 243.332 1298.427 0 0
43670 1 6 4 0 0.037 0.391 0.304 0.948 0.144 237.208 88 246.214 857.667 0 0
43670 2 6 4 0 0.037 0.391 0.304 0.948 0.144 238.273 72 245.049 825.627 0 0
43670 3 6 4 0 0.037 0.391 0.304 0.948 0.144 236.44 68 244.718 949.92 0 0
43670 4 6 4 0 0.037 0.391 0.304 0.948 0.144 233.959 89 245.736 979.253 0 0
43670 5 6 4 0 0.037 0.391 0.304 0.948 0.144 237.734 76 246.007 848.927 0 0
43670 6 6 4 0 0.037 0.391 0.304 0.948 0.144 236.957 76 244.103 876.627 0 0
43670 7 6 4 0 0.037 0.391 0.304 0.948 0.144 236.925 68 245.135 1038.767 0 0
43670 8 6 4 0 0.037 0.391 0.304 0.948 0.144 233.754 60 245.529 954.647 0 0
43670 9 6 4 0 0.037 0.391 0.304 0.948 0.144 234.285 66 244.682 1061.487 0 0
43670 10 6 4 0 0.037 0.391 0.304 0.948 0.144 237.296 62 245.324 840.867 0 0
43670 1 6 4 0 0.043 0.414 0.232 0.887 0.289 234.333 84 245.983 687.053 0 0
43670 2 6 4 0 0.043 0.414 0.232 0.887 0.289 235.782 84 245.664 640.933 0 0
43670 3 6 4 0 0.043 0.414 0.232 0.887 0.289 237.356 73 246.388 635.14 0 0
43670 4 6 4 0 0.043 0.414 0.232 0.887 0.289 239.175 75 246.312 660.56 0 0
43670 5 6 4 0 0.043 0.414 0.232 0.887 0.289 235.805 91 246.064 716.42 0 0
43670 6 6 4 0 0.043 0.414 0.232 0.887 0.289 237.335 86 245.479 696.167 0 0
43670 7 6 4 0 0.043 0.414 0.232 0.887 0.289 231.792 68 245.025 641.68 0 0
43670 8 6 4 0 0.043 0.414 0.232 0.887 0.289 237.274 82 245.961 731.047 0 0
43670 9 6 4 0 0.043 0.414 0.232 0.887 0.289 238.203 89 245.672 705.493 0 0
43670 10 6 4 0 0.043 0.414 0.232 0.887 0.289 234.379 79 245.393 712 0 0
43670 1 6 4 0 0.091 0.373 0.133 0.935 0.848 250 1 250 1 0 1
43670 2 6 4 0 0.091 0.373 0.133 0.935 0.848 250 0 250 0 0 1
43670 3 6 4 0 0.091 0.373 0.133 0.935 0.848 250 0 250 0 0 1
43670 4 6 4 0 0.091 0.373 0.133 0.935 0.848 250 0 250 0 0 1
43670 5 6 4 0 0.091 0.373 0.133 0.935 0.848 250 0 250 0 0 1
43670 6 6 4 0 0.091 0.373 0.133 0.935 0.848 249.991 0 250 0 0 1
43670 7 6 4 0 0.091 0.373 0.133 0.935 0.848 250 0 250 0.753 0 1
43670 8 6 4 0 0.091 0.373 0.133 0.935 0.848 250 0 250 0 0 1
43670 9 6 4 0 0.091 0.373 0.133 0.935 0.848 250 0 250 0 0 1
43670 10 6 4 0 0.091 0.373 0.133 0.935 0.848 250 0 250 0 0 1
43670 1 6 4 0 0.033 0.449 0.214 0.963 0.43 231.545 25 245.669 99.673 0 0
43670 2 6 4 0 0.033 0.449 0.214 0.963 0.43 235.343 32 245.893 96.62 0 0
43670 3 6 4 0 0.033 0.449 0.214 0.963 0.43 231.283 38 245.045 90.253 0 0
43670 4 6 4 0 0.033 0.449 0.214 0.963 0.43 231.042 32 245.261 101.267 0 0
43670 5 6 4 0 0.033 0.449 0.214 0.963 0.43 235.759 54 245.86 132.833 0 0
43670 6 6 4 0 0.033 0.449 0.214 0.963 0.43 233.358 42 245.432 108.927 0 0
43670 7 6 4 0 0.033 0.449 0.214 0.963 0.43 227.005 42 245.959 100.92 0 0
43670 8 6 4 0 0.033 0.449 0.214 0.963 0.43 239.385 19 246.146 77.02 0 0
43670 9 6 4 0 0.033 0.449 0.214 0.963 0.43 234.879 24 245.094 97.173 0 0
43670 10 6 4 0 0.033 0.449 0.214 0.963 0.43 231.705 34 244.3 107.247 0 0
43670 1 6 4 0 0.056 0.34 0.426 0.866 0.899 250 0 250 0 0 1
43670 2 6 4 0 0.056 0.34 0.426 0.866 0.899 250 1 250 1 0 1
43670 3 6 4 0 0.056 0.34 0.426 0.866 0.899 250 0 250 0 0 1
43670 4 6 4 0 0.056 0.34 0.426 0.866 0.899 250 0 250 0 0 1
43670 5 6 4 0 0.056 0.34 0.426 0.866 0.899 250 0 250 0 0 1
43670 6 6 4 0 0.056 0.34 0.426 0.866 0.899 249.986 0 250 0 0 1
43670 7 6 4 0 0.056 0.34 0.426 0.866 0.899 250 1 250 1 0 1
43670 8 6 4 0 0.056 0.34 0.426 0.866 0.899 250 0 250 0 0 1
43670 9 6 4 0 0.056 0.34 0.426 0.866 0.899 250 0 250 0 0 1
43670 10 6 4 0 0.056 0.34 0.426 0.866 0.899 250 0 250 0 0 1
43670 1 6 4 0 0.098 0.025 0.395 0.971 0.569 250 0 250 0 0 1
43670 2 6 4 0 0.098 0.025 0.395 0.971 0.569 250 0 250 0.26 0 1
43670 3 6 4 0 0.098 0.025 0.395 0.971 0.569 250 0 250 0 0 1
43670 4 6 4 0 0.098 0.025 0.395 0.971 0.569 250 0 250 0 0 1
43670 5 6 4 0 0.098 0.025 0.395 0.971 0.569 250 0 250 0 0 1
43670 6 6 4 0 0.098 0.025 0.395 0.971 0.569 250 0 250 0 0 1
43670 7 6 4 0 0.098 0.025 0.395 0.971 0.569 250 1 250 1 0 1
43670 8 6 4 0 0.098 0.025 0.395 0.971 0.569 250 1 250 1 0 1
43670 9 6 4 0 0.098 0.025 0.395 0.971 0.569 250 0 250 0 0 1
43670 10 6 4 0 0.098 0.025 0.395 0.971 0.569 250 1 250 1 0 1
43670 1 6 4 0 0.089 0.494 0.193 0.781 0.834 250 0 250 0 0 1
43670 2 6 4 0 0.089 0.494 0.193 0.781 0.834 250 1 250 1 0 1
43670 3 6 4 0 0.089 0.494 0.193 0.781 0.834 250 0 250 0 0 1
43670 4 6 4 0 0.089 0.494 0.193 0.781 0.834 250 0 250 0 0 1
43670 5 6 4 0 0.089 0.494 0.193 0.781 0.834 250 0 250 0 0 1
43670 6 6 4 0 0.089 0.494 0.193 0.781 0.834 250 0 250 0 0 1
43670 7 6 4 0 0.089 0.494 0.193 0.781 0.834 250 0 250 0.32 0 1
43670 8 6 4 0 0.089 0.494 0.193 0.781 0.834 250 0 250 0 0 1
43670 9 6 4 0 0.089 0.494 0.193 0.781 0.834 250 0 250 0 0 1
43670 10 6 4 0 0.089 0.494 0.193 0.781 0.834 250 0 250 0 0 1
43670 1 6 4 0 0.106 0.169 0.116 0.997 0.188 234.887 67 244.08 919.747 0 0
43670 2 6 4 0 0.106 0.169 0.116 0.997 0.188 229.544 62 240.152 1149.473 0 0
43670 3 6 4 0 0.106 0.169 0.116 0.997 0.188 229.554 65 240.755 1029.307 0 0
43670 4 6 4 0 0.106 0.169 0.116 0.997 0.188 233.659 75 244.139 1342.133 0 0
43670 5 6 4 0 0.106 0.169 0.116 0.997 0.188 224.989 57 240.588 997.1 0 0
43670 6 6 4 0 0.106 0.169 0.116 0.997 0.188 229.836 79 241.955 1161.28 0 0
43670 7 6 4 0 0.106 0.169 0.116 0.997 0.188 226.869 66 240.938 1207.047 0 0
43670 8 6 4 0 0.106 0.169 0.116 0.997 0.188 228.05 65 242.974 1102.993 0 0
43670 9 6 4 0 0.106 0.169 0.116 0.997 0.188 229.721 63 242.944 946.4 0 0
43670 10 6 4 0 0.106 0.169 0.116 0.997 0.188 234.563 97 242.645 1083.84 0 0
43670 1 6 4 0 0.035 0.391 0.46 0.803 0.872 250 0 250 0 0 1
43670 2 6 4 0 0.035 0.391 0.46 0.803 0.872 250 0 250 0 0 1
43670 3 6 4 0 0.035 0.391 0.46 0.803 0.872 250 0 250 0.247 0 1
43670 4 6 4 0 0.035 0.391 0.46 0.803 0.872 250 0 250 0 0 1
43670 5 6 4 0 0.035 0.391 0.46 0.803 0.872 250 0 250 0 0 1
43670 1 6 4 1 0.101 0.482 0.132 0.759 0.527 15.9 112 21.676 165.093 0 0
43670 2 6 4 1 0.101 0.482 0.132 0.759 0.527 82.249 77 104.416 103.633 0 0
43670 3 6 4 1 0.101 0.482 0.132 0.759 0.527 33.954 204 38.855 265.773 0 0
43670 4 6 4 1 0.101 0.482 0.132 0.759 0.527 140.297 67 166.057 107.927 0 0
43670 5 6 4 1 0.101 0.482 0.132 0.759 0.527 51.881 221 63.113 294.367 0 0
43670 6 6 4 1 0.101 0.482 0.132 0.759 0.527 34.236 129 42.317 170.773 0 0
43670 7 6 4 1 0.101 0.482 0.132 0.759 0.527 0.556 121 6.801 143.307 0.327 0
43670 8 6 4 1 0.101 0.482 0.132 0.759 0.527 47.969 188 59.674 241.32 0 0
43670 9 6 4 1 0.101 0.482 0.132 0.759 0.527 46.717 213 52.914 281.553 0 0
43670 10 6 4 1 0.101 0.482 0.132 0.759 0.527 42.058 220 50.932 285.413 0 0
43670 1 6 4 1 0.014 0.26 0.479 0.802 0.603 250 0 250 0 0 1
43670 2 6 4 1 0.014 0.26 0.479 0.802 0.603 250 0 250 0 0 1
43670 3 6 4 1 0.014 0.26 0.479 0.802 0.603 250 0 250 0 0 1
43670 4 6 4 1 0.014 0.26 0.479 0.802 0.603 250 0 250 0.62 0 1
43670 5 6 4 1 0.014 0.26 0.479 0.802 0.603 250 1 250 1 0 1
43670 6 6 4 1 0.014 0.26 0.479 0.802 0.603 249.607 1 249.997 1 0 1
43670 7 6 4 1 0.014 0.26 0.479 0.802 0.603 250 0 250 0 0 1
43670 8 6 4 1 0.014 0.26 0.479 0.802 0.603 250 0 250 0 0 1
43670 9 6 4 1 0.014 0.26 0.479 0.802 0.603 250 0 250 0 0 1
43670 10 6 4 1 0.014 0.26 0.479 0.802 0.603 250 0 250 0 0 1
43670 1 6 4 1 0.027 0.47 0.339 0.978 0.655 250 1 250 1 0 1
43670 2 6 4 1 0.027 0.47 0.339 0.978 0.655 250 0 250 0 0 1
43670 3 6 4 1 0.027 0.47 0.339 0.978 0.655 250 1 250 1 0 1
43670 4 6 4 1 0.027 0.47 0.339 0.978 0.655 250 0 250 0 0 1
43670 5 6 4 1 0.027 0.47 0.339 0.978 0.655 250 1 250 1 0 1
43670 6 6 4 1 0.027 0.47 0.339 0.978 0.655 250 0 250 0.56 0 1
43670 7 6 4 1 0.027 0.47 0.339 0.978 0.655 250 1 250 1 0 1
43670 8 6 4 1 0.027 0.47 0.339 0.978 0.655 250 0 250 0 0 1
43670 9 6 4 1 0.027 0.47 0.339 0.978 0.655 250 0 250 0 0 1
43670 10 6 4 1 0.027 0.47 0.339 0.978 0.655 250 1 250 1 0 1
43670 1 6 4 1 0.023 0.082 0.099 0.859 0.788 250 0 250 0 0 1
43670 2 6 4 1 0.023 0.082 0.099 0.859 0.788 250 1 250 1 0 1
43670 3 6 4 1 0.023 0.082 0.099 0.859 0.788 250 0 250 0 0 1
43670 4 6 4 1 0.023 0.082 0.099 0.859 0.788 250 0 250 0 0 1
43670 5 6 4 1 0.023 0.082 0.099 0.859 0.788 250 0 250 0 0 1
43670 6 6 4 1 0.023 0.082 0.099 0.859 0.788 250 0 250 0 0 1
43670 7 6 4 1 0.023 0.082 0.099 0.859 0.788 250 1 250 1 0 1
43670 8 6 4 1 0.023 0.082 0.099 0.859 0.788 250 0 250 0 0 1
43670 9 6 4 1 0.023 0.082 0.099 0.859 0.788 250 0 250 0 0 1
43670 10 6 4 1 0.023 0.082 0.099 0.859 0.788 250 0 250 0 0 1
43670 1 6 4 1 0.06 0.315 0.173 0.767 0.483 217.46 73 232.464 142.767 0 0
43670 2 6 4 1 0.06 0.315 0.173 0.767 0.483 223.593 74 233.322 155.387 0 0
43670 3 6 4 1 0.06 0.315 0.173 0.767 0.483 180.615 78 206.445 144.7 0 0
43670 4 6 4 1 0.06 0.315 0.173 0.767 0.483 223.013 92 235.86 170.633 0 0
43670 5 6 4 1 0.06 0.315 0.173 0.767 0.483 65.772 127 71.48 180.707 0 0
43670 6 6 4 1 0.06 0.315 0.173 0.767 0.483 192.359 92 211.886 172.36 0 0
43670 7 6 4 1 0.06 0.315 0.173 0.767 0.483 91.885 107 114.793 154.913 0 0
43670 8 6 4 1 0.06 0.315 0.173 0.767 0.483 78.096 135 85.04 207.633 0 0
43670 9 6 4 1 0.06 0.315 0.173 0.767 0.483 45.061 116 55.826 182.947 0 0
43670 10 6 4 1 0.06 0.315 0.173 0.767 0.483 212.058 98 226.818 174.933 0 0
43670 1 6 4 1 0.001 0.388 0.077 0.811 0.044 245.223 1578 248.609 1937.533 0 0
43670 2 6 4 1 0.001 0.388 0.077 0.811 0.044 246.062 1625 248.605 1933.053 0 0
43670 3 6 4 1 0.001 0.388 0.077 0.811 0.044 245.451 1527 248.476 1862.067 0 0
43670 4 6 4 1 0.001 0.388 0.077 0.811 0.044 244.242 1632 248.32 1871.533 0 0
43670 5 6 4 1 0.001 0.388 0.077 0.811 0.044 245.912 1619 248.504 1926.36 0 0
43670 6 6 4 1 0.001 0.388 0.077 0.811 0.044 245.708 1497 248.703 1762.48 0 0
43670 7 6 4 1 0.001 0.388 0.077 0.811 0.044 245.461 1457 248.391 1747.327 0 0
43670 8 6 4 1 0.001 0.388 0.077 0.811 0.044 242.783 1414 248.012 1774.54 0 0
43670 9 6 4 1 0.001 0.388 0.077 0.811 0.044 244.951 1354 248.261 1793.427 0 0
43670 10 6 4 1 0.001 0.388 0.077 0.811 0.044 246.134 1613 248.583 1888.713 0 0
43670 1 6 4 1 0.111 0.132 0.049 0.778 0.77 250 0 250 0.293 0 1
43670 2 6 4 1 0.111 0.132 0.049 0.778 0.77 250 0 250 0 0 1
43670 3 6 4 1 0.111 0.132 0.049 0.778 0.77 250 0 250 0 0 1
43670 4 6 4 1 0.111 0.132 0.049 0.778 0.77 250 0 250 0 0 1
43670 1 6 4 0 0.054 0.089 0.065 0.773 0.44 238.12 34 244.893 95.833 0 0
43670 2 6 4 0 0.054 0.089 0.065 0.773 0.44 233.115 24 243.948 86.64 0 0
43670 3 6 4 0 0.054 0.089 0.065 0.773 0.44 231.895 32 242.723 105.06 0 0
43670 4 6 4 0 0.054 0.089 0.065 0.773 0.44 226.61 26 244.213 96.673 0 0
43670 5 6 4 0 0.054 0.089 0.065 0.773 0.44 231.315 25 244.758 94.527 0 0
43670 6 6 4 0 0.054 0.089 0.065 0.773 0.44 231.667 52 244.432 116.553 0 0
43670 7 6 4 0 0.054 0.089 0.065 0.773 0.44 236.276 30 245.556 99.273 0 0
43670 8 6 4 0 0.054 0.089 0.065 0.773 0.44 238.903 46 245.15 113.253 0 0
43670 9 6 4 0 0.054 0.089 0.065 0.773 0.44 236.166 27 245.504 109.433 0 0
43670 10 6 4 0 0.054 0.089 0.065 0.773 0.44 234.287 32 244.566 74.873 0 0
43670 1 6 4 0 0.039 0.359 0.217 0.77 0.051 225.595 67 242.537 1339.34 0 0
43670 2 6 4 0 0.039 0.359 0.217 0.77 0.051 227.39 49 243.214 1179.313 0 0
43670 3 6 4 0 0.039 0.359 0.217 0.77 0.051 233.34 66 243.462 1427.113 0 0
43670 4 6 4 0 0.039 0.359 0.217 0.77 0.051 234.725 70 244.225 1282.033 0 0
43670 5 6 4 0 0.039 0.359 0.217 0.77 0.051 226.574 61 243.24 1453.313 0 0
43670 6 6 4 0 0.039 0.359 0.217 0.77 0.051 224.168 83 241.328 1257.727 0 0
43670 7 6 4 0 0.039 0.359 0.217 0.77 0.051 231.86 90 243.592 1402.02 0 0
43670 8 6 4 0 0.039 0.359 0.217 0.77 0.051 233.295 77 244.548 1331.793 0 0
43670 9 6 4 0 0.039 0.359 0.217 0.77 0.051 228.323 69 242.812 1230.833 0 0
43670 10 6 4 0 0.039 0.359 0.217 0.77 0.051 229.714 69 244.281 1483 0 0
43670 1 6 4 0 0.072 0.015 0.452 0.757 0.736 250 0 250 0 0 1
43670 2 6 4 0 0.072 0.015 0.452 0.757 0.736 250 0 250 0 0 1
43670 3 6 4 0 0.072 0.015 0.452 0.757 0.736 250 1 250 1 0 1
43670 4 6 4 0 0.072 0.015 0.452 0.757 0.736 250 0 250 0 0 1
43670 5 6 4 0 0.072 0.015 0.452 0.757 0.736 250 0 250 0 0 1
43670 6 6 4 0 0.072 0.015 0.452 0.757 0.736 250 2 250 2 0 1
43670 7 6 4 0 0.072 0.015 0.452 0.757 0.736 250 0 250 0 0 1
43670 8 6 4 0 0.072 0.015 0.452 0.757 0.736 250 0 250 0 0 1
43670 9 6 4 0 0.072 0.015 0.452 0.757 0.736 250 0 250 0 0 1
43670 10 6 4 0 0.072 0.015 0.452 0.757 0.736 250 0 250 0 0 1
43670 1 6 4 0 0.047 0.497 0.409 0.797 0.256 232.751 57 243.035 288.273 0 0
43670 2 6 4 0 0.047 0.497 0.409 0.797 0.256 238.068 65 245.472 365.013 0 0
43670 3 6 4 0 0.047 0.497 0.409 0.797 0.256 236.502 75 244.959 334.727 0 0
43670 4 6 4 0 0.047 0.497 0.409 0.797 0.256 236.516 69 245.309 332.673 0 0
43670 5 6 4 0 0.047 0.497 0.409 0.797 0.256 226.389 76 243.355 345.947 0 0
43670 6 6 4 0 0.047 0.497 0.409 0.797 0.256 235.092 68 244.205 354.213 0 0
43670 7 6 4 0 0.047 0.497 0.409 0.797 0.256 231.588 66 244.493 344.36 0 0
43670 8 6 4 0 0.047 0.497 0.409 0.797 0.256 232.87 72 244.993 374.78 0 0
43670 9 6 4 0 0.047 0.497 0.409 0.797 0.256 231.824 54 244.695 298.82 0 0
43670 10 6 4 0 0.047 0.497 0.409 0.797 0.256 237.806 81 245.369 356.813 0 0
43670 1 6 4 0 0.018 0.499 0.233 0.823 0.689 250 0 250 0 0 1
43670 2 6 4 0 0.018 0.499 0.233 0.823 0.689 250 1 250 1 0 1
43670 3 6 4 0 0.018 0.499 0.233 0.823 0.689 250 0 250 0 0 1
43670 4 6 4 0 0.018 0.499 0.233 0.823 0.689 250 0 250 0 0 1
43670 5 6 4 0 0.018 0.499 0.233 0.823 0.689 250 0 250 0 0 1
43670 6 6 4 0 0.018 0.499 0.233 0.823 0.689 249.93 0 250 0 0 1
43670 7 6 4 0 0.018 0.499 0.233 0.823 0.689 250 1 250 1 0 1
43670 8 6 4 0 0.018 0.499 0.233 0.823 0.689 250 0 250 0 0 1
43670 9 6 4 0 0.018 0.499 0.233 0.823 0.689 250 0 250 0 0 1
43670 10 6 4 0 0.018 0.499 0.233 0.823 0.689 250 0 250 0 0 1
43670 1 6 4 0 0.021 0.4 0.244 0.98 0.59 250 0 250 0 0 1
43670 2 6 4 0 0.021 0.4 0.244 0.98 0.59 250 0 250 0 0 1
43670 3 6 4 0 0.021 0.4 0.244 0.98 0.59 249.655 0 249.998 0 0 1
43670 4 6 4 0 0.021 0.4 0.244 0.98 0.59 250 0 250 0 0 1
43670 5 6 4 0 0.021 0.4 0.244 0.98 0.59 250 0 250 0 0 1
43670 6 6 4 0 0.021 0.4 0.244 0.98 0.59 250 0 250 0 0 1
43670 7 6 4 0 0.021 0.4 0.244 0.98 0.59 249.922 1 249.999 1 0 1
43670 8 6 4 0 0.021 0.4 0.244 0.98 0.59 250 2 250 2 0 1
43670 9 6 4 0 0.021 0.4 0.244 0.98 0.59 250 0 250 0.02 0 1
43670 10 6 4 0 0.021 0.4 0.244 0.98 0.59 250 0 250 0 0 1
43670 1 6 4 0 0.016 0.299 0.114 0.818 0.198 237.181 74 245.058 1072.007 0 0
43670 2 6 4 0 0.016 0.299 0.114 0.818 0.198 233.634 79 244.878 1032.187 0 0
43670 3 6 4 0 0.016 0.299 0.114 0.818 0.198 234.284 78 244.512 1081.087 0 0
43670 4 6 4 0 0.016 0.299 0.114 0.818 0.198 237.278 95 245.039 1018.347 0 0
43670 5 6 4 0 0.016 0.299 0.114 0.818 0.198 234.977 85 245.56 1110.073 0 0
43670 6 6 4 0 0.016 0.299 0.114 0.818 0.198 235.417 96 245.189 975.147 0 0
43670 7 6 4 0 0.016 0.299 0.114 0.818 0.198 233.602 86 244.501 1117.133 0 0
43670 8 6 4 0 0.016 0.299 0.114 0.818 0.198 234.265 73 244.494 1042.233 0 0
43670 9 6 4 0 0.016 0.299 0.114 0.818 0.198 238.856 92 245.59 974.167 0 0
43670 10 6 4 0 0.016 0.299 0.114 0.818 0.198 235.768 68 245.456 885.873 0 0
43670 1 6 4 0 0.025 0.35 0.298 0.824 0.999 250 2 250 2 0 1
43670 2 6 4 0 0.025 0.35 0.298 0.824 0.999 250 1 250 1 0 1
43670 3 6 4 0 0.025 0.35 0.298 0.824 0.999 250 0 250 0 0 1
43670 4 6 4 0 0.025 0.35 0.298 0.824 0.999 249.939 0 250 0 0 1
43670 5 6 4 0 0.025 0.35 0.298 0.824 0.999 250 0 250 0.033 0 1
43670 6 6 4 0 0.025 0.35 0.298 0.824 0.999 250 0 250 0 0 1
43670 7 6 4 0 0.025 0.35 0.298 0.824 0.999 250 0 250 0 0 1
43670 8 6 4 0 0.025 0.35 0.298 0.824 0.999 250 1 250 1 0 1
43670 9 6 4 0 0.025 0.35 0.298 0.824 0.999 250 0 250 0 0 1
43670 10 6 4 0 0.025 0.35 0.298 0.824 0.999 250 1 250 1 0 1
43670 1 6 4 0 0.037 0.138 0.029 0.894 0.053 248.217 3438 249.635 3979.953 0 0
43670 2 6 4 0 0.037 0.138 0.029 0.894 0.053 247.324 2607 249.446 3554.313 0 0
43670 3 6 4 0 0.037 0.138 0.029 0.894 0.053 247.046 3061 249.522 3630.093 0 0
43670 4 6 4 0 0.037 0.138 0.029 0.894 0.053 247.458 2656 249.582 3505.833 0 0
43670 5 6 4 0 0.037 0.138 0.029 0.894 0.053 248.373 3131 249.701 3773.753 0 0
43670 6 6 4 0 0.037 0.138 0.029 0.894 0.053 248.232 3325 249.68 3936.267 0 0
43670 1 6 10 0 0.119 0.312 0.102 0.778 0.845 250 1 250 1 0 1
43670 2 6 10 0 0.119 0.312 0.102 0.778 0.845 250 0 250 0 0 1
43670 3 6 10 0 0.119 0.312 0.102 0.778 0.845 250 0 250 0 0 1
43670 4 6 10 0 0.119 0.312 0.102 0.778 0.845 250 0 250 0 0 1
43670 5 6 10 0 0.119 0.312 0.102 0.778 0.845 250 0 250 0 0 1
43670 6 6 10 0 0.119 0.312 0.102 0.778 0.845 250 0 250 0 0 1
43670 7 6 10 0 0.119 0.312 0.102 0.778 0.845 250 0 250 0 0 1
43670 8 6 10 0 0.119 0.312 0.102 0.778 0.845 250 1 250 1 0 1
43670 9 6 10 0 0.119 0.312 0.102 0.778 0.845 250 0 250 0 0 1
43670 10 6 10 0 0.119 0.312 0.102 0.778 0.845 250 0 250 0 0 1
43670 1 6 10 0 0.01 0.147 0.068 0.776 0.929 250 0 250 0 0 1
43670 2 6 10 0 0.01 0.147 0.068 0.776 0.929 250 0 250 0 0 1
43670 3 6 10 0 0.01 0.147 0.068 0.776 0.929 250 0 250 0 0 1
43670 4 6 10 0 0.01 0.147 0.068 0.776 0.929 250 0 250 0 0 1
43670 5 6 10 0 0.01 0.147 0.068 0.776 0.929 250 0 250 0 0 1
43670 6 6 10 0 0.01 0.147 0.068 0.776 0.929 250 0 250 0 0 1
43670 7 6 10 0 0.01 0.147 0.068 0.776 0.929 250 0 250 0 0 1
43670 8 6 10 0 0.01 0.147 0.068 0.776 0.929 250 0 250 0 0 1
43670 9 6 10 0 0.01 0.147 0.068 0.776 0.929 250 0 250 0 0 1
43670 10 6 10 0 0.01 0.147 0.068 0.776 0.929 250 0 250 0 0 1
43670 1 6 10 0 0.09 0.055 0.233 0.79 0.668 250 0 250 0 0 1
43670 2 6 10 0 0.09 0.055 0.233 0.79 0.668 250 0 250 0 0 1
43670 3 6 10 0 0.09 0.055 0.233 0.79 0.668 250 0 250 0 0 1
43670 4 6 10 0 0.09 0.055 0.233 0.79 0.668 250 0 250 0 0 1
43670 5 6 10 0 0.09 0.055 0.233 0.79 0.668 250 0 250 0 0 1
43670 6 6 10 0 0.09 0.055 0.233 0.79 0.668 250 1 250 1 0 1
43670 7 6 10 0 0.09 0.055 0.233 0.79 0.668 250 0 250 0 0 1
43670 8 6 10 0 0.09 0.055 0.233 0.79 0.668 250 0 250 0 0 1
43670 9 6 10 0 0.09 0.055 0.233 0.79 0.668 250 0 250 0 0 1
43670 10 6 10 0 0.09 0.055 0.233 0.79 0.668 250 0 250 0 0 1
43670 1 6 10 0 0.056 0.355 0.077 0.913 0.097 231.862 90 244.658 1812.867 0 0
43670 2 6 10 0 0.056 0.355 0.077 0.913 0.097 236.445 39 246.535 2050.38 0 0
43670 3 6 10 0 0.056 0.355 0.077 0.913 0.097 234.164 46 244.764 1870.213 0 0
43670 4 6 10 0 0.056 0.355 0.077 0.913 0.097 231.375 39 245.499 1840.307 0 0
43670 5 6 10 0 0.056 0.355 0.077 0.913 0.097 231.324 35 244.732 1827.88 0 0
43670 6 6 10 0 0.056 0.355 0.077 0.913 0.097 228.401 263 245.135 2111.3 0 0
43670 7 6 10 0 0.056 0.355 0.077 0.913 0.097 234.447 66 245.555 1685 0 0
43670 8 6 10 0 0.056 0.355 0.077 0.913 0.097 231.517 40 244.466 1861.533 0 0
43670 9 6 10 0 0.056 0.355 0.077 0.913 0.097 233.783 320 246.456 2249.993 0 0
43670 10 6 10 0 0.056 0.355 0.077 0.913 0.097 234.891 97 245.534 2144.36 0 0
43670 1 6 10 0 0.064 0.367 0.424 0.88 0.623 250 1 250 1 0 1
43670 2 6 10 0 0.064 0.367 0.424 0.88 0.623 250 0 250 0 0 1
43670 3 6 10 0 0.064 0.367 0.424 0.88 0.623 250 0 250 0 0 1
43670 4 6 10 0 0.064 0.367 0.424 0.88 0.623 250 1 250 1 0 1
43670 5 6 10 0 0.064 0.367 0.424 0.88 0.623 250 0 250 0.52 0 1
43670 6 6 10 0 0.064 0.367 0.424 0.88 0.623 250 0 250 0 0 1
43670 7 6 10 0 0.064 0.367 0.424 0.88 0.623 250 0 250 0 0 1
43670 8 6 10 0 0.064 0.367 0.424 0.88 0.623 250 0 250 0 0 1
43670 9 6 10 0 0.064 0.367 0.424 0.88 0.623 250 0 250 0 0 1
43670 10 6 10 0 0.064 0.367 0.424 0.88 0.623 250 0 250 0 0 1
43670 1 6 10 0 0.118 0.081 0.496 0.899 0.844 250 0 250 0 0 1
43670 2 6 10 0 0.118 0.081 0.496 0.899 0.844 250 0 250 0 0 1
43670 3 6 10 0 0.118 0.081 0.496 0.899 0.844 250 0 250 0 0 1
43670 4 6 10 0 0.118 0.081 0.496 0.899 0.844 250 0 250 0 0 1
43670 5 6 10 0 0.118 0.081 0.496 0.899 0.844 250 0 250 0 0 1
43670 6 6 10 0 0.118 0.081 0.496 0.899 0.844 250 0 250 0 0 1
43670 7 6 10 0 0.118 0.081 0.496 0.899 0.844 250 0 250 0 0 1
43670 8 6 10 0 0.118 0.081 0.496 0.899 0.844 250 0 250 0 0 1
43670 9 6 10 0 0.118 0.081 0.496 0.899 0.844 250 0 250 0 0 1
43670 10 6 10 0 0.118 0.081 0.496 0.899 0.844 250 0 250 0 0 1
43670 1 6 10 0 0.033 0.45 0.253 0.839 0.93 250 0 250 0 0 1
43670 2 6 10 0 0.033 0.45 0.253 0.839 0.93 250 0 250 0 0 1
43670 3 6 10 0 0.033 0.45 0.253 0.839 0.93 250 0 250 0 0 1
43670 4 6 10 0 0.033 0.45 0.253 0.839 0.93 250 0 250 0 0 1
43670 5 6 10 0 0.033 0.45 0.253 0.839 0.93 250 0 250 0 0 1
43670 6 6 10 0 0.033 0.45 0.253 0.839 0.93 250 0 250 0 0 1
43670 7 6 10 0 0.033 0.45 0.253 0.839 0.93 250 0 250 0.993 0 1
43670 8 6 10 0 0.033 0.45 0.253 0.839 0.93 250 0 250 0 0 1
43670 9 6 10 0 0.033 0.45 0.253 0.839 0.93 250 0 250 0 0 1
43670 10 6 10 0 0.033 0.45 0.253 0.839 0.93 250 0 250 0 0 1
43670 1 6 10 0 0.114 0.185 0.433 0.818 0.587 250 0 250 0 0 1
43670 2 6 10 0 0.114 0.185 0.433 0.818 0.587 250 0 250 0 0 1
43670 3 6 10 0 0.114 0.185 0.433 0.818 0.587 250 1 250 1 0 1
43670 4 6 10 0 0.114 0.185 0.433 0.818 0.587 250 0 250 0 0 1
43670 5 6 10 0 0.114 0.185 0.433 0.818 0.587 250 0 250 0 0 1
43670 6 6 10 0 0.114 0.185 0.433 0.818 0.587 250 0 250 0 0 1
43670 7 6 10 0 0.114 0.185 0.433 0.818 0.587 250 0 250 0 0 1
43670 8 6 10 0 0.114 0.185 0.433 0.818 0.587 250 0 250 0 0 1
43670 9 6 10 0 0.114 0.185 0.433 0.818 0.587 250 0 250 0 0 1
43670 10 6 10 0 0.114 0.185 0.433 0.818 0.587 250 0 250 0 0 1
43670 1 6 10 0 0.084 0.411 0.497 0.944 0.004 234.028 55 245.772 1958.527 0 0
43670 2 6 10 0 0.084 0.411 0.497 0.944 0.004 233.721 100 244.457 1878.54 0 0
43670 3 6 10 0 0.084 0.411 0.497 0.944 0.004 230.55 45 244.17 1706.107 0 0
43670 4 6 10 0 0.084 0.411 0.497 0.944 0.004 234.815 38 245.143 1707.807 0 0
43670 5 6 10 0 0.084 0.411 0.497 0.944 0.004 230.091 27 244.99 1732.287 0 0
43670 1 6 7 1 0.007 0.057 0.097 0.992 0.752 250 0 250 0 0 1
43670 2 6 7 1 0.007 0.057 0.097 0.992 0.752 250 0 250 0 0 1
43670 3 6 7 1 0.007 0.057 0.097 0.992 0.752 250 0 250 0 0 1
43670 4 6 7 1 0.007 0.057 0.097 0.992 0.752 250 0 250 0 0 1
43670 5 6 7 1 0.007 0.057 0.097 0.992 0.752 250 0 250 0 0 1
43670 6 6 7 1 0.007 0.057 0.097 0.992 0.752 250 0 250 0 0 1
43670 7 6 7 1 0.007 0.057 0.097 0.992 0.752 250 0 250 0 0 1
43670 8 6 7 1 0.007 0.057 0.097 0.992 0.752 250 0 250 0 0 1
43670 9 6 7 1 0.007 0.057 0.097 0.992 0.752 250 0 250 0 0 1
43670 10 6 7 1 0.007 0.057 0.097 0.992 0.752 250 0 250 0 0 1
43670 1 6 7 1 0.104 0.29 0.216 0.967 0.956 250 0 250 0 0 1
43670 2 6 7 1 0.104 0.29 0.216 0.967 0.956 250 0 250 0 0 1
43670 3 6 7 1 0.104 0.29 0.216 0.967 0.956 250 0 250 0 0 1
43670 4 6 7 1 0.104 0.29 0.216 0.967 0.956 250 0 250 0 0 1
43670 5 6 7 1 0.104 0.29 0.216 0.967 0.956 250 0 250 0 0 1
43670 6 6 7 1 0.104 0.29 0.216 0.967 0.956 250 0 250 0 0 1
43670 7 6 7 1 0.104 0.29 0.216 0.967 0.956 250 0 250 0 0 1
43670 8 6 7 1 0.104 0.29 0.216 0.967 0.956 250 0 250 0 0 1
43670 9 6 7 1 0.104 0.29 0.216 0.967 0.956 250 1 250 1 0 1
43670 10 6 7 1 0.104 0.29 0.216 0.967 0.956 250 0 250 0 0 1
43670 1 6 7 1 0.089 0.334 0.244 0.938 0.509 250 0 250 0 0 1
43670 2 6 7 1 0.089 0.334 0.244 0.938 0.509 249.184 0 249.979 0 0 1
43670 3 6 7 1 0.089 0.334 0.244 0.938 0.509 250 0 250 0 0 1
43670 4 6 7 1 0.089 0.334 0.244 0.938 0.509 250 0 250 0 0 1
43670 5 6 7 1 0.089 0.334 0.244 0.938 0.509 250 0 250 0.113 0 1
43670 6 6 7 1 0.089 0.334 0.244 0.938 0.509 250 1 250 1 0 1
43670 7 6 7 1 0.089 0.334 0.244 0.938 0.509 249.185 2 249.99 2.253 0 1
43670 8 6 7 1 0.089 0.334 0.244 0.938 0.509 248.859 0 249.987 0 0 1
43670 9 6 7 1 0.089 0.334 0.244 0.938 0.509 250 0 250 0 0 1
43670 10 6 7 1 0.089 0.334 0.244 0.938 0.509 250 0 250 0.52 0 1
43670 1 6 7 1 0.016 0.04 0.308 0.786 0.986 250 0 250 0 0 1
43670 2 6 7 1 0.016 0.04 0.308 0.786 0.986 250 0 250 0 0 1
43670 3 6 7 1 0.016 0.04 0.308 0.786 0.986 250 0 250 0 0 1
43670 4 6 7 1 0.016 0.04 0.308 0.786 0.986 250 0 250 0 0 1
43670 5 6 7 1 0.016 0.04 0.308 0.786 0.986 250 0 250 0 0 1
43670 6 6 7 1 0.016 0.04 0.308 0.786 0.986 250 0 250 0 0 1
43670 7 6 7 1 0.016 0.04 0.308 0.786 0.986 250 0 250 0 0 1
43670 8 6 7 1 0.016 0.04 0.308 0.786 0.986 250 0 250 0 0 1
43670 9 6 7 1 0.016 0.04 0.308 0.786 0.986 250 0 250 0 0 1
43670 10 6 7 1 0.016 0.04 0.308 0.786 0.986 250 1 250 1 0 1
43670 1 6 7 1 0.014 0.017 0.108 0.795 0.708 250 0 250 0 0 1
43670 2 6 7 1 0.014 0.017 0.108 0.795 0.708 250 0 250 0 0 1
43670 3 6 7 1 0.014 0.017 0.108 0.795 0.708 250 0 250 0 0 1
43670 4 6 7 1 0.014 0.017 0.108 0.795 0.708 250 0 250 0 0 1
43670 5 6 7 1 0.014 0.017 0.108 0.795 0.708 250 0 250 0 0 1
43670 6 6 7 1 0.014 0.017 0.108 0.795 0.708 250 0 250 0 0 1
43670 7 6 7 1 0.014 0.017 0.108 0.795 0.708 250 1 250 1 0 1
43670 8 6 7 1 0.014 0.017 0.108 0.795 0.708 250 0 250 0 0 1
43670 9 6 7 1 0.014 0.017 0.108 0.795 0.708 250 0 250 0 0 1
43670 10 6 7 1 0.014 0.017 0.108 0.795 0.708 250 0 250 0 0 1
43670 1 6 7 1 0.067 0.235 0.299 0.907 0.623 250 0 250 0 0 1
43670 2 6 7 1 0.067 0.235 0.299 0.907 0.623 250 0 250 0 0 1
43670 3 6 7 1 0.067 0.235 0.299 0.907 0.623 250 0 250 0 0 1
43670 4 6 7 1 0.067 0.235 0.299 0.907 0.623 250 1 250 1 0 1
43670 5 6 7 1 0.067 0.235 0.299 0.907 0.623 250 0 250 0 0 1
43670 6 6 7 1 0.067 0.235 0.299 0.907 0.623 250 0 250 0 0 1
43670 7 6 7 1 0.067 0.235 0.299 0.907 0.623 250 0 250 0 0 1
43670 8 6 7 1 0.067 0.235 0.299 0.907 0.623 250 0 250 0 0 1
43670 9 6 7 1 0.067 0.235 0.299 0.907 0.623 250 0 250 0 0 1
43670 10 6 7 1 0.067 0.235 0.299 0.907 0.623 250 0 250 0 0 1
43670 1 6 7 1 0.051 0.171 0.107 0.917 0.26 240.123 1023 246.214 1316.867 0 0
43670 2 6 7 1 0.051 0.171 0.107 0.917 0.26 243.91 1051 247.152 1408.233 0 0
43670 3 6 7 1 0.051 0.171 0.107 0.917 0.26 242.589 1137 247.807 1503.02 0 0
43670 4 6 7 1 0.051 0.171 0.107 0.917 0.26 241.633 926 247.507 1364.513 0 0
43670 5 6 7 1 0.051 0.171 0.107 0.917 0.26 243.82 910 246.757 1286.273 0 0
43670 6 6 7 1 0.051 0.171 0.107 0.917 0.26 240.189 960 246.627 1316.867 0 0
43670 7 6 7 1 0.051 0.171 0.107 0.917 0.26 241.334 836 246.6 1311.42 0 0
43670 8 6 7 1 0.051 0.171 0.107 0.917 0.26 241.751 1117 247.182 1380.467 0 0
43670 9 6 7 1 0.051 0.171 0.107 0.917 0.26 243.274 1009 247.564 1411.707 0 0
43670 10 6 7 1 0.051 0.171 0.107 0.917 0.26 241.993 1003 247.17 1448.44 0 0
43670 1 6 7 1 0.074 0.5 0.393 0.837 0.32 232.616 115 244.251 287.187 0 0
43670 2 6 7 1 0.074 0.5 0.393 0.837 0.32 237.68 117 245.446 288.727 0 0
43670 3 6 7 1 0.074 0.5 0.393 0.837 0.32 234.824 122 243.539 299.567 0 0
43670 4 6 7 1 0.074 0.5 0.393 0.837 0.32 234.83 120 243.257 279.587 0 0
43670 5 6 7 1 0.074 0.5 0.393 0.837 0.32 232.989 95 243.905 241.347 0 0
43670 6 6 7 1 0.074 0.5 0.393 0.837 0.32 238.025 125 244.806 320.133 0 0
43670 7 6 7 1 0.074 0.5 0.393 0.837 0.32 236.897 121 244.1 308.533 0 0
43670 8 6 7 1 0.074 0.5 0.393 0.837 0.32 237.717 146 244.1 329.24 0 0
43670 9 6 7 1 0.074 0.5 0.393 0.837 0.32 234.556 124 243.864 318.773 0 0
43670 10 6 7 1 0.074 0.5 0.393 0.837 0.32 237.029 112 244.883 283.753 0 0
43670 1 6 7 1 0.073 0.398 0.432 0.929 0.54 250 0 250 0 0 1
43670 2 6 7 1 0.073 0.398 0.432 0.929 0.54 250 0 250 0 0 1
43670 1 6 8 1 0.093 0.114 0.497 0.907 0.352 250 1 250 1 0 1
43670 2 6 8 1 0.093 0.114 0.497 0.907 0.352 250 0 250 0 0 1
43670 3 6 8 1 0.093 0.114 0.497 0.907 0.352 250 0 250 0 0 1
43670 4 6 8 1 0.093 0.114 0.497 0.907 0.352 250 0 250 0 0 1
43670 5 6 8 1 0.093 0.114 0.497 0.907 0.352 250 0 250 0 0 1
43670 6 6 8 1 0.093 0.114 0.497 0.907 0.352 250 0 250 0 0 1
43670 7 6 8 1 0.093 0.114 0.497 0.907 0.352 250 0 250 0 0 1
43670 8 6 8 1 0.093 0.114 0.497 0.907 0.352 250 0 250 0.793 0 1
43670 9 6 8 1 0.093 0.114 0.497 0.907 0.352 250 0 250 0 0 1
43670 10 6 8 1 0.093 0.114 0.497 0.907 0.352 250 0 250 0 0 1
43670 1 6 8 1 0.105 0.21 0.3 0.92 0.287 230.137 87 238.163 195.147 0 0
43670 2 6 8 1 0.105 0.21 0.3 0.92 0.287 227.416 68 236.346 183.153 0 0
43670 3 6 8 1 0.105 0.21 0.3 0.92 0.287 213.668 78 229.445 161.107 0 0
43670 4 6 8 1 0.105 0.21 0.3 0.92 0.287 229.162 94 239.829 190.773 0 0
43670 5 6 8 1 0.105 0.21 0.3 0.92 0.287 224.82 90 230.736 178.853 0 0
43670 6 6 8 1 0.105 0.21 0.3 0.92 0.287 221.927 73 231.347 157.413 0 0
43670 7 6 8 1 0.105 0.21 0.3 0.92 0.287 208.004 77 228.102 163.8 0 0
43670 8 6 8 1 0.105 0.21 0.3 0.92 0.287 219.628 80 235.022 174.347 0 0
43670 9 6 8 1 0.105 0.21 0.3 0.92 0.287 217.827 97 231.668 184.86 0 0
43670 10 6 8 1 0.105 0.21 0.3 0.92 0.287 230.083 68 238.279 182.48 0 0
43670 1 6 8 1 0.075 0.324 0.333 0.928 0.313 190.714 117 209.807 312.927 0 0
43670 2 6 8 1 0.075 0.324 0.333 0.928 0.313 190.442 97 204.893 290.62 0 0
43670 3 6 8 1 0.075 0.324 0.333 0.928 0.313 156.656 143 168.699 312.473 0 0
43670 4 6 8 1 0.075 0.324 0.333 0.928 0.313 180.723 131 197.32 359.247 0 0
43670 5 6 8 1 0.075 0.324 0.333 0.928 0.313 195.501 105 202.337 358.047 0 0
43670 6 6 8 1 0.075 0.324 0.333 0.928 0.313 209.218 133 219.205 360.84 0 0
43670 7 6 8 1 0.075 0.324 0.333 0.928 0.313 177.698 76 195.917 318.393 0 0
43670 8 6 8 1 0.075 0.324 0.333 0.928 0.313 194.376 95 209.178 318.953 0 0
43670 9 6 8 1 0.075 0.324 0.333 0.928 0.313 195.396 140 216.751 315.253 0 0
43670 10 6 8 1 0.075 0.324 0.333 0.928 0.313 177.429 143 190.385 312.84 0 0
43670 1 6 8 1 0.037 0.207 0.223 0.964 0.895 250 0 250 0 0 1
43670 2 6 8 1 0.037 0.207 0.223 0.964 0.895 250 0 250 0 0 1
43670 3 6 8 1 0.037 0.207 0.223 0.964 0.895 250 0 250 0 0 1
43670 4 6 8 1 0.037 0.207 0.223 0.964 0.895 250 0 250 0 0 1
43670 5 6 8 1 0.037 0.207 0.223 0.964 0.895 250 0 250 0 0 1
43670 6 6 8 1 0.037 0.207 0.223 0.964 0.895 250 0 250 0 0 1
43670 7 6 8 1 0.037 0.207 0.223 0.964 0.895 250 0 250 0 0 1
43670 8 6 8 1 0.037 0.207 0.223 0.964 0.895 250 0 250 0 0 1
43670 9 6 8 1 0.037 0.207 0.223 0.964 0.895 250 0 250 0 0 1
43670 10 6 8 1 0.037 0.207 0.223 0.964 0.895 250 0 250 0 0 1
43670 1 6 8 1 0.02 0.102 0.226 0.778 0.22 170.146 99 181.297 442.893 0 0
43670 2 6 8 1 0.02 0.102 0.226 0.778 0.22 181.009 171 195.052 513.493 0 0
43670 3 6 8 1 0.02 0.102 0.226 0.778 0.22 198.303 177 208.934 525.107 0 0
43670 4 6 8 1 0.02 0.102 0.226 0.778 0.22 179.128 113 189.655 441.513 0 0
43670 5 6 8 1 0.02 0.102 0.226 0.778 0.22 201.494 121 210.7 489.707 0 0
43670 6 6 8 1 0.02 0.102 0.226 0.778 0.22 183.913 276 196.345 536.527 0 0
43670 7 6 8 1 0.02 0.102 0.226 0.778 0.22 196.568 192 213.499 521.013 0 0
43670 8 6 8 1 0.02 0.102 0.226 0.778 0.22 184.41 178 194.308 477.533 0 0
43670 9 6 8 1 0.02 0.102 0.226 0.778 0.22 189.431 54 196.586 501.747 0 0
43670 10 6 8 1 0.02 0.102 0.226 0.778 0.22 185.941 88 197.044 514.8 0 0
43670 1 6 8 1 0.068 0.222 0.044 0.858 0.98 250 0 250 0 0 1
43670 2 6 8 1 0.068 0.222 0.044 0.858 0.98 250 0 250 0 0 1
43670 3 6 8 1 0.068 0.222 0.044 0.858 0.98 249.98 0 250 0 0 1
43670 4 6 8 1 0.068 0.222 0.044 0.858 0.98 250 0 250 0 0 1
43670 5 6 8 1 0.068 0.222 0.044 0.858 0.98 250 0 250 0 0 1
43670 6 6 8 1 0.068 0.222 0.044 0.858 0.98 250 0 250 0 0 1
43670 7 6 8 1 0.068 0.222 0.044 0.858 0.98 250 0 250 0 0 1
43670 8 6 8 1 0.068 0.222 0.044 0.858 0.98 250 0 250 0 0 1
43670 9 6 8 1 0.068 0.222 0.044 0.858 0.98 250 0 250 0 0 1
43670 10 6 8 1 0.068 0.222 0.044 0.858 0.98 250 0 250 0 0 1
43670 1 6 8 1 0.097 0.192 0.008 0.771 0.279 247.128 2352 249.459 3183.007 0 0
43670 2 6 8 1 0.097 0.192 0.008 0.771 0.279 247.775 3148 249.507 3468.453 0 0
43670 3 6 8 1 0.097 0.192 0.008 0.771 0.279 247.712 2785 249.476 3264.527 0 0
43670 4 6 8 1 0.097 0.192 0.008 0.771 0.279 247.623 2832 249.481 3330.253 0 0
43670 5 6 8 1 0.097 0.192 0.008 0.771 0.279 247.117 2200 249.215 2934.687 0 0
43670 6 6 8 1 0.097 0.192 0.008 0.771 0.279 247.589 2907 249.463 3251.36 0 0
43670 7 6 8 1 0.097 0.192 0.008 0.771 0.279 247.099 2635 249.398 3171.207 0 0
43670 8 6 8 1 0.097 0.192 0.008 0.771 0.279 248.207 2773 249.53 3410.507 0 0
43670 9 6 8 1 0.097 0.192 0.008 0.771 0.279 247.653 2757 249.413 3197.86 0 0
43670 10 6 8 1 0.097 0.192 0.008 0.771 0.279 247.889 2665 249.511 3339.087 0 0
43670 1 6 8 1 0.065 0.4 0.454 0.819 0.881 250 0 250 0 0 1
43670 2 6 8 1 0.065 0.4 0.454 0.819 0.881 250 0 250 0 0 1
43670 3 6 8 1 0.065 0.4 0.454 0.819 0.881 250 0 250 0 0 1
43670 4 6 8 1 0.065 0.4 0.454 0.819 0.881 250 0 250 0 0 1
43670 5 6 8 1 0.065 0.4 0.454 0.819 0.881 250 0 250 0 0 1
43670 6 6 8 1 0.065 0.4 0.454 0.819 0.881 250 0 250 0 0 1
43670 7 6 8 1 0.065 0.4 0.454 0.819 0.881 250 0 250 0 0 1
43670 8 6 8 1 0.065 0.4 0.454 0.819 0.881 250 0 250 0 0 1
43670 9 6 8 1 0.065 0.4 0.454 0.819 0.881 250 0 250 0 0 1
43670 10 6 8 1 0.065 0.4 0.454 0.819 0.881 250 0 250 0 0 1
43670 1 6 5 1 0.064 0.103 0.15 0.839 0.072 244.096 1459 247.986 1719.773 0 0
43670 2 6 5 1 0.064 0.103 0.15 0.839 0.072 243.961 1349 248.012 1741.4 0 0
43670 3 6 5 1 0.064 0.103 0.15 0.839 0.072 245.336 1516 248.769 1754.767 0 0
43670 4 6 5 1 0.064 0.103 0.15 0.839 0.072 245.518 1641 248.256 1976.387 0 0
43670 5 6 5 1 0.064 0.103 0.15 0.839 0.072 244.596 1569 248.295 1842.32 0 0
43670 6 6 5 1 0.064 0.103 0.15 0.839 0.072 245.018 1644 247.988 1879.927 0 0
43670 7 6 5 1 0.064 0.103 0.15 0.839 0.072 244.898 1430 247.938 1690.587 0 0
43670 8 6 5 1 0.064 0.103 0.15 0.839 0.072 244.945 1477 248.243 1772.147 0 0
43670 9 6 5 1 0.064 0.103 0.15 0.839 0.072 245.021 1452 248.231 1767.707 0 0
43670 10 6 5 1 0.064 0.103 0.15 0.839 0.072 242.782 1463 248.231 1943.947 0 0
43670 1 6 5 1 0.027 0.388 0.359 0.776 0.374 174.738 14 194.696 40.487 0 0
43670 2 6 5 1 0.027 0.388 0.359 0.776 0.374 180.346 21 190.558 53.58 0 0
43670 3 6 5 1 0.027 0.388 0.359 0.776 0.374 215.357 23 224.601 52.893 0 0
43670 4 6 5 1 0.027 0.388 0.359 0.776 0.374 152.076 19 177.236 49.253 0 0
43670 5 6 5 1 0.027 0.388 0.359 0.776 0.374 118.522 24 139.295 55.427 0 0
43670 6 6 5 1 0.027 0.388 0.359 0.776 0.374 143.045 11 161.82 43.773 0 0
43670 7 6 5 1 0.027 0.388 0.359 0.776 0.374 91.718 30 111.54 54.307 0 0
43670 8 6 5 1 0.027 0.388 0.359 0.776 0.374 46.116 37 67.915 62.72 0 0
43670 9 6 5 1 0.027 0.388 0.359 0.776 0.374 119.616 33 148.174 63.687 0 0
43670 10 6 5 1 0.027 0.388 0.359 0.776 0.374 208.493 20 227.198 51.1 0 0
43670 1 6 5 1 0.068 0.172 0.02 0.806 0.306 244.875 1561 248.35 1921.333 0 0
43670 2 6 5 1 0.068 0.172 0.02 0.806 0.306 246.225 1965 248.82 2348.38 0 0
43670 3 6 5 1 0.068 0.172 0.02 0.806 0.306 245.68 1712 248.353 2161.993 0 0
43670 4 6 5 1 0.068 0.172 0.02 0.806 0.306 245.486 1889 248.463 2164.593 0 0
43670 5 6 5 1 0.068 0.172 0.02 0.806 0.306 246.729 1993 248.787 2271.407 0 0
43670 6 6 5 1 0.068 0.172 0.02 0.806 0.306 245.137 1921 248.662 2238.233 0 0
43670 7 6 5 1 0.068 0.172 0.02 0.806 0.306 245.165 2046 248.8 2340.027 0 0
43670 8 6 5 1 0.068 0.172 0.02 0.806 0.306 246.359 1876 248.754 2211.113 0 0
43670 9 6 5 1 0.068 0.172 0.02 0.806 0.306 245.334 1734 248.474 2126.427 0 0
43670 10 6 5 1 0.068 0.172 0.02 0.806 0.306 245.324 1990 248.908 2252.507 0 0
43670 1 6 5 1 0.109 0.373 0.448 0.768 0.375 250 0 250 0 0 1
43670 2 6 5 1 0.109 0.373 0.448 0.768 0.375 250 0 250 0.78 0 1
43670 3 6 5 1 0.109 0.373 0.448 0.768 0.375 250 0 250 0 0 1
43670 4 6 5 1 0.109 0.373 0.448 0.768 0.375 250 0 250 0 0 1
43670 5 6 5 1 0.109 0.373 0.448 0.768 0.375 250 0 250 0 0 1
43670 6 6 5 1 0.109 0.373 0.448 0.768 0.375 250 0 250 0 0 1
43670 7 6 5 1 0.109 0.373 0.448 0.768 0.375 250 0 250 0 0 1
43670 8 6 5 1 0.109 0.373 0.448 0.768 0.375 250 1 250 1 0 1
43670 9 6 5 1 0.109 0.373 0.448 0.768 0.375 250 0 250 0.347 0 1
43670 10 6 5 1 0.109 0.373 0.448 0.768 0.375 250 1 250 1 0 1
43670 1 6 5 1 0.106 0.303 0.229 0.95 0.765 250 0 250 0 0 1
43670 2 6 5 1 0.106 0.303 0.229 0.95 0.765 250 0 250 0 0 1
43670 3 6 5 1 0.106 0.303 0.229 0.95 0.765 250 0 250 0 0 1
43670 4 6 5 1 0.106 0.303 0.229 0.95 0.765 250 0 250 0 0 1
43670 5 6 5 1 0.106 0.303 0.229 0.95 0.765 250 0 250 0 0 1
43670 6 6 5 1 0.106 0.303 0.229 0.95 0.765 250 0 250 0.867 0 1
43670 7 6 5 1 0.106 0.303 0.229 0.95 0.765 250 0 250 0.587 0 1
43670 8 6 5 1 0.106 0.303 0.229 0.95 0.765 250 0 250 0 0 1
43670 9 6 5 1 0.106 0.303 0.229 0.95 0.765 250 1 250 1 0 1
43670 10 6 5 1 0.106 0.303 0.229 0.95 0.765 250 0 250 0.46 0 1
43670 1 6 5 1 0.04 0.288 0.023 0.82 0.647 245.999 4 249.375 7.093 0 0.867
43670 2 6 5 1 0.04 0.288 0.023 0.82 0.647 245.647 5 249.267 8.62 0 0.84
43670 3 6 5 1 0.04 0.288 0.023 0.82 0.647 245.158 6 248.744 9.9 0 0.773
43670 4 6 5 1 0.04 0.288 0.023 0.82 0.647 245.615 9 248.563 12.98 0 0.093
43670 5 6 5 1 0.04 0.288 0.023 0.82 0.647 245.894 4 248.969 7.233 0 0.86
43670 6 6 5 1 0.04 0.288 0.023 0.82 0.647 0 42 0.099 45.533 1 0
43670 7 6 5 1 0.04 0.288 0.023 0.82 0.647 245.221 1 247.393 3.307 0 0.907
43670 8 6 5 1 0.04 0.288 0.023 0.82 0.647 247.888 8 249.406 10.78 0 0.307
43670 9 6 5 1 0.04 0.288 0.023 0.82 0.647 244.489 0 248.289 1.167 0 0.967
43670 10 6 5 1 0.04 0.288 0.023 0.82 0.647 244.889 4 248.35 5.127 0 0.947
43670 1 6 5 1 0.021 0.072 0.046 0.843 0.016 247.205 2619 249.323 2901.107 0 0
43670 2 6 5 1 0.021 0.072 0.046 0.843 0.016 247.718 2955 249.518 3388.433 0 0
43670 3 6 5 1 0.021 0.072 0.046 0.843 0.016 247.192 2764 249.4 3232.2 0 0
43670 4 6 5 1 0.021 0.072 0.046 0.843 0.016 246.283 2764 249.465 3080.4 0 0
43670 5 6 5 1 0.021 0.072 0.046 0.843 0.016 247.631 2765 249.339 2979.027 0 0
43670 6 6 5 1 0.021 0.072 0.046 0.843 0.016 246.91 2726 249.312 3010.66 0 0
43670 7 6 5 1 0.021 0.072 0.046 0.843 0.016 247.459 2603 249.322 3056.547 0 0
43670 8 6 5 1 0.021 0.072 0.046 0.843 0.016 247.546 2860 249.272 3128.92 0 0
43670 9 6 5 1 0.021 0.072 0.046 0.843 0.016 247.81 2765 249.307 3034.627 0 0
43670 10 6 5 1 0.021 0.072 0.046 0.843 0.016 245.505 2878 249.314 3218.567 0 0
43670 1 6 5 1 0.065 0.265 0.022 0.812 0.294 245.786 1897 248.828 2292.567 0 0
43670 2 6 5 1 0.065 0.265 0.022 0.812 0.294 246.858 1958 248.924 2274.32 0 0
43670 3 6 5 1 0.065 0.265 0.022 0.812 0.294 244.104 2146 248.839 2441.913 0 0
43670 4 6 5 1 0.065 0.265 0.022 0.812 0.294 247.075 2166 249.24 2473.107 0 0
43670 5 6 5 1 0.065 0.265 0.022 0.812 0.294 245.599 1918 248.456 2231.34 0 0
43670 6 6 5 1 0.065 0.265 0.022 0.812 0.294 244.76 1905 248.474 2229.68 0 0
43670 7 6 5 1 0.065 0.265 0.022 0.812 0.294 247.101 2050 249.143 2417.087 0 0
43670 1 6 7 0 0.03 0.299 0.389 0.969 0.698 250 0 250 0 0 1
43670 2 6 7 0 0.03 0.299 0.389 0.969 0.698 250 0 250 0 0 1
43670 3 6 7 0 0.03 0.299 0.389 0.969 0.698 250 0 250 0 0 1
43670 4 6 7 0 0.03 0.299 0.389 0.969 0.698 250 0 250 0 0 1
43670 5 6 7 0 0.03 0.299 0.389 0.969 0.698 250 0 250 0 0 1
43670 6 6 7 0 0.03 0.299 0.389 0.969 0.698 250 0 250 0 0 1
43670 7 6 7 0 0.03 0.299 0.389 0.969 0.698 250 1 250 1 0 1
43670 8 6 7 0 0.03 0.299 0.389 0.969 0.698 250 0 250 0 0 1
43670 9 6 7 0 0.03 0.299 0.389 0.969 0.698 250 0 250 0 0 1
43670 10 6 7 0 0.03 0.299 0.389 0.969 0.698 250 0 250 0 0 1
43670 1 6 7 0 0.12 0.105 0.117 0.761 0.137 239.018 59 244.716 729.653 0 0
43670 2 6 7 0 0.12 0.105 0.117 0.761 0.137 231.439 57 244.432 795.72 0 0
43670 3 6 7 0 0.12 0.105 0.117 0.761 0.137 234.566 46 244.822 600.28 0 0
43670 4 6 7 0 0.12 0.105 0.117 0.761 0.137 234.745 53 245.116 735.573 0 0
43670 5 6 7 0 0.12 0.105 0.117 0.761 0.137 231.214 66 243.476 688.447 0 0
43670 6 6 7 0 0.12 0.105 0.117 0.761 0.137 233.671 59 244.834 839.66 0 0
43670 7 6 7 0 0.12 0.105 0.117 0.761 0.137 233.206 54 245.163 951.513 0 0
43670 8 6 7 0 0.12 0.105 0.117 0.761 0.137 233.119 40 242.231 790.893 0 0
43670 9 6 7 0 0.12 0.105 0.117 0.761 0.137 228.7 44 244.243 767.573 0 0
43670 10 6 7 0 0.12 0.105 0.117 0.761 0.137 231.139 39 243.652 759.707 0 0
43670 1 6 7 0 0.09 0.11 0.233 0.916 0.809 250 0 250 0 0 1
43670 2 6 7 0 0.09 0.11 0.233 0.916 0.809 250 0 250 0.04 0 1
43670 3 6 7 0 0.09 0.11 0.233 0.916 0.809 250 0 250 0 0 1
43670 4 6 7 0 0.09 0.11 0.233 0.916 0.809 250 0 250 0 0 1
43670 5 6 7 0 0.09 0.11 0.233 0.916 0.809 250 0 250 0 0 1
43670 6 6 7 0 0.09 0.11 0.233 0.916 0.809 250 1 250 1 0 1
43670 7 6 7 0 0.09 0.11 0.233 0.916 0.809 250 0 250 0.84 0 1
43670 8 6 7 0 0.09 0.11 0.233 0.916 0.809 250 0 250 0 0 1
43670 9 6 7 0 0.09 0.11 0.233 0.916 0.809 250 0 250 0 0 1
43670 10 6 7 0 0.09 0.11 0.233 0.916 0.809 250 0 250 0 0 1
43670 1 6 7 0 0.024 0.018 0.184 0.865 0.599 250 0 250 0 0 1
43670 2 6 7 0 0.024 0.018 0.184 0.865 0.599 250 0 250 0 0 1
43670 3 6 7 0 0.024 0.018 0.184 0.865 0.599 250 0 250 0 0 1
43670 4 6 7 0 0.024 0.018 0.184 0.865 0.599 250 0 250 0 0 1
43670 5 6 7 0 0.024 0.018 0.184 0.865 0.599 250 0 250 0 0 1
43670 6 6 7 0 0.024 0.018 0.184 0.865 0.599 250 0 250 0 0 1
43670 7 6 7 0 0.024 0.018 0.184 0.865 0.599 250 0 250 0 0 1
43670 8 6 7 0 0.024 0.018 0.184 0.865 0.599 250 0 250 0 0 1
43670 9 6 7 0 0.024 0.018 0.184 0.865 0.599 250 0 250 0 0 1
43670 10 6 7 0 0.024 0.018 0.184 0.865 0.599 250 0 250 0 0 1
43670 1 6 7 0 0.058 0.165 0.267 0.793 0.751 250 0 250 0 0 1
43670 2 6 7 0 0.058 0.165 0.267 0.793 0.751 250 0 250 0 0 1
43670 3 6 7 0 0.058 0.165 0.267 0.793 0.751 250 1 250 1 0 1
43670 4 6 7 0 0.058 0.165 0.267 0.793 0.751 250 0 250 0 0 1
43670 5 6 7 0 0.058 0.165 0.267 0.793 0.751 250 1 250 1 0 1
43670 6 6 7 0 0.058 0.165 0.267 0.793 0.751 250 0 250 0 0 1
43670 7 6 7 0 0.058 0.165 0.267 0.793 0.751 250 0 250 0 0 1
43670 8 6 7 0 0.058 0.165 0.267 0.793 0.751 250 1 250 1 0 1
43670 9 6 7 0 0.058 0.165 0.267 0.793 0.751 250 0 250 0 0 1
43670 10 6 7 0 0.058 0.165 0.267 0.793 0.751 250 0 250 0 0 1
43670 1 6 7 0 0.013 0.152 0.099 0.994 0.693 250 1 250 1 0 1
43670 2 6 7 0 0.013 0.152 0.099 0.994 0.693 250 0 250 0 0 1
43670 3 6 7 0 0.013 0.152 0.099 0.994 0.693 250 0 250 0 0 1
43670 4 6 7 0 0.013 0.152 0.099 0.994 0.693 250 0 250 0 0 1
43670 5 6 7 0 0.013 0.152 0.099 0.994 0.693 250 0 250 0 0 1
43670 6 6 7 0 0.013 0.152 0.099 0.994 0.693 250 0 250 0 0 1
43670 7 6 7 0 0.013 0.152 0.099 0.994 0.693 250 0 250 0 0 1
43670 8 6 7 0 0.013 0.152 0.099 0.994 0.693 250 0 250 0 0 1
43670 9 6 7 0 0.013 0.152 0.099 0.994 0.693 250 0 250 0 0 1
43670 10 6 7 0 0.013 0.152 0.099 0.994 0.693 250 1 250 1 0 1
43670 1 6 7 0 0.043 0.058 0.248 0.999 0.977 250 0 250 0 0 1
43670 2 6 7 0 0.043 0.058 0.248 0.999 0.977 250 0 250 0 0 1
43670 3 6 7 0 0.043 0.058 0.248 0.999 0.977 250 0 250 0 0 1
43670 4 6 7 0 0.043 0.058 0.248 0.999 0.977 250 1 250 1 0 1
43670 5 6 7 0 0.043 0.058 0.248 0.999 0.977 250 1 250 1 0 1
43670 6 6 7 0 0.043 0.058 0.248 0.999 0.977 250 0 250 0 0 1
43670 7 6 7 0 0.043 0.058 0.248 0.999 0.977 250 1 250 1.08 0 1
43670 8 6 7 0 0.043 0.058 0.248 0.999 0.977 250 0 250 0 0 1
43670 9 6 7 0 0.043 0.058 0.248 0.999 0.977 250 0 250 0 0 1
43670 10 6 7 0 0.043 0.058 0.248 0.999 0.977 250 0 250 0 0 1
43670 1 6 7 0 0.012 0.08 0.373 0.998 0.723 250 0 250 0 0 1
43670 2 6 7 0 0.012 0.08 0.373 0.998 0.723 250 0 250 0 0 1
43670 3 6 7 0 0.012 0.08 0.373 0.998 0.723 250 0 250 0 0 1
43670 4 6 7 0 0.012 0.08 0.373 0.998 0.723 250 0 250 0 0 1
43670 5 6 7 0 0.012 0.08 0.373 0.998 0.723 250 0 250 0 0 1
43670 6 6 7 0 0.012 0.08 0.373 0.998 0.723 250 0 250 0 0 1
43670 7 6 7 0 0.012 0.08 0.373 0.998 0.723 250 0 250 0 0 1
43670 8 6 7 0 0.012 0.08 0.373 0.998 0.723 250 0 250 0 0 1
43670 9 6 7 0 0.012 0.08 0.373 0.998 0.723 250 1 250 1 0 1
43670 10 6 7 0 0.012 0.08 0.373 0.998 0.723 250 0 250 0 0 1
43670 1 6 7 0 0.1 0.106 0.344 0.989 0.844 250 1 250 1 0 1
43670 2 6 7 0 0.1 0.106 0.344 0.989 0.844 250 0 250 0 0 1
43670 3 6 7 0 0.1 0.106 0.344 0.989 0.844 250 0 250 0 0 1
43670 4 6 7 0 0.1 0.106 0.344 0.989 0.844 250 0 250 0 0 1
43670 5 6 7 0 0.1 0.106 0.344 0.989 0.844 250 0 250 0 0 1
43670 6 6 7 0 0.1 0.106 0.344 0.989 0.844 250 0 250 0 0 1
43670 7 6 7 0 0.1 0.106 0.344 0.989 0.844 250 0 250 0 0 1
43670 8 6 7 0 0.1 0.106 0.344 0.989 0.844 250 0 250 0 0 1
43670 9 6 7 0 0.1 0.106 0.344 0.989 0.844 250 0 250 0 0 1
43670 10 6 7 0 0.1 0.106 0.344 0.989 0.844 250 0 250 0 0 1
43670 1 6 7 0 0.041 0.243 0.217 0.94 0.423 238.605 13 247.957 42.447 0 0
43670 2 6 7 0 0.041 0.243 0.217 0.94 0.423 238.181 14 244.965 39.06 0 0
43670 3 6 7 0 0.041 0.243 0.217 0.94 0.423 240.347 13 247.845 38.287 0 0
43670 1 6 8 0 0.032 0.472 0.156 0.999 0.243 235.096 35 245.7 853.273 0 0
43670 2 6 8 0 0.032 0.472 0.156 0.999 0.243 236.644 38 246.241 856.633 0 0
43670 3 6 8 0 0.032 0.472 0.156 0.999 0.243 236.308 55 244.855 839.02 0 0
43670 4 6 8 0 0.032 0.472 0.156 0.999 0.243 234.023 34 246.505 756.16 0 0
43670 5 6 8 0 0.032 0.472 0.156 0.999 0.243 235.549 48 246.32 903.527 0 0
43670 6 6 8 0 0.032 0.472 0.156 0.999 0.243 238.531 41 246.339 842.613 0 0
43670 7 6 8 0 0.032 0.472 0.156 0.999 0.243 239.257 48 245.884 825.107 0 0
43670 8 6 8 0 0.032 0.472 0.156 0.999 0.243 237.448 51 246.807 843.033 0 0
43670 9 6 8 0 0.032 0.472 0.156 0.999 0.243 236.036 44 246.319 806.22 0 0
43670 10 6 8 0 0.032 0.472 0.156 0.999 0.243 239.12 47 246.631 931.613 0 0
43670 1 6 8 0 0.041 0.15 0.208 0.966 0.929 250 0 250 0 0 1
43670 2 6 8 0 0.041 0.15 0.208 0.966 0.929 250 0 250 0 0 1
43670 3 6 8 0 0.041 0.15 0.208 0.966 0.929 250 0 250 0 0 1
43670 4 6 8 0 0.041 0.15 0.208 0.966 0.929 250 1 250 1 0 1
43670 5 6 8 0 0.041 0.15 0.208 0.966 0.929 250 0 250 0 0 1
43670 6 6 8 0 0.041 0.15 0.208 0.966 0.929 250 0 250 0 0 1
43670 7 6 8 0 0.041 0.15 0.208 0.966 0.929 250 0 250 0 0 1
43670 8 6 8 0 0.041 0.15 0.208 0.966 0.929 250 0 250 0 0 1
43670 9 6 8 0 0.041 0.15 0.208 0.966 0.929 250 0 250 0 0 1
43670 10 6 8 0 0.041 0.15 0.208 0.966 0.929 250 0 250 0 0 1
43670 1 6 8 0 0.009 0.236 0.257 0.812 0.656 250 1 250 1 0 1
43670 2 6 8 0 0.009 0.236 0.257 0.812 0.656 250 0 250 0 0 1
43670 3 6 8 0 0.009 0.236 0.257 0.812 0.656 250 0 250 0 0 1
43670 4 6 8 0 0.009 0.236 0.257 0.812 0.656 250 0 250 0 0 1
43670 5 6 8 0 0.009 0.236 0.257 0.812 0.656 250 0 250 0 0 1
43670 6 6 8 0 0.009 0.236 0.257 0.812 0.656 250 0 250 0 0 1
43670 7 6 8 0 0.009 0.236 0.257 0.812 0.656 250 0 250 0 0 1
43670 8 6 8 0 0.009 0.236 0.257 0.812 0.656 250 0 250 0 0 1
43670 9 6 8 0 0.009 0.236 0.257 0.812 0.656 250 0 250 0 0 1
43670 10 6 8 0 0.009 0.236 0.257 0.812 0.656 250 1 250 1 0 1
43670 1 6 8 0 0.057 0.208 0.224 0.975 0.156 237.698 35 246.131 911.767 0 0
43670 2 6 8 0 0.057 0.208 0.224 0.975 0.156 233.849 47 246.106 760.04 0 0
43670 3 6 8 0 0.057 0.208 0.224 0.975 0.156 235.31 45 246.968 892.487 0 0
43670 4 6 8 0 0.057 0.208 0.224 0.975 0.156 239.313 38 246.863 712.793 0 0
43670 5 6 8 0 0.057 0.208 0.224 0.975 0.156 237.307 50 245.965 792.067 0 0
43670 6 6 8 0 0.057 0.208 0.224 0.975 0.156 234.376 51 245.958 783.62 0 0
43670 7 6 8 0 0.057 0.208 0.224 0.975 0.156 236.036 40 246.212 712.527 0 0
43670 8 6 8 0 0.057 0.208 0.224 0.975 0.156 233.25 47 245.252 862.44 0 0
43670 9 6 8 0 0.057 0.208 0.224 0.975 0.156 238.989 35 246.91 799.327 0 0
43670 10 6 8 0 0.057 0.208 0.224 0.975 0.156 236.115 41 245.97 859.92 0 0
43670 1 6 8 0 0.013 0.008 0.396 0.849 0.02 250 0 250 0 0 1
43670 2 6 8 0 0.013 0.008 0.396 0.849 0.02 250 0 250 0 0 1
43670 3 6 8 0 0.013 0.008 0.396 0.849 0.02 250 0 250 0 0 1
43670 4 6 8 0 0.013 0.008 0.396 0.849 0.02 249.682 0 249.997 0 0 1
43670 5 6 8 0 0.013 0.008 0.396 0.849 0.02 250 0 250 0 0 1
43670 6 6 8 0 0.013 0.008 0.396 0.849 0.02 249.85 0 249.999 0 0 1
43670 7 6 8 0 0.013 0.008 0.396 0.849 0.02 250 0 250 0 0 1
43670 8 6 8 0 0.013 0.008 0.396 0.849 0.02 249.748 0 249.998 0 0 1
43670 9 6 8 0 0.013 0.008 0.396 0.849 0.02 250 0 250 0 0 1
43670 10 6 8 0 0.013 0.008 0.396 0.849 0.02 250 0 250 0 0 1
43670 1 6 8 0 0.033 0.267 0.18 0.856 0.938 250 0 250 0 0 1
43670 2 6 8 0 0.033 0.267 0.18 0.856 0.938 250 0 250 0 0 1
43670 3 6 8 0 0.033 0.267 0.18 0.856 0.938 250 0 250 0 0 1
43670 4 6 8 0 0.033 0.267 0.18 0.856 0.938 250 0 250 0 0 1
43670 5 6 8 0 0.033 0.267 0.18 0.856 0.938 250 0 250 0 0 1
43670 6 6 8 0 0.033 0.267 0.18 0.856 0.938 250 0 250 0 0 1
43670 7 6 8 0 0.033 0.267 0.18 0.856 0.938 250 0 250 0 0 1
43670 8 6 8 0 0.033 0.267 0.18 0.856 0.938 250 0 250 0 0 1
43670 9 6 8 0 0.033 0.267 0.18 0.856 0.938 250 0 250 0 0 1
43670 10 6 8 0 0.033 0.267 0.18 0.856 0.938 250 0 250 0 0 1
43670 1 6 8 0 0.056 0.421 0.316 0.865 0.669 250 0 250 0 0 1
43670 2 6 8 0 0.056 0.421 0.316 0.865 0.669 250 0 250 0 0 1
43670 3 6 8 0 0.056 0.421 0.316 0.865 0.669 250 0 250 0.14 0 1
43670 4 6 8 0 0.056 0.421 0.316 0.865 0.669 250 0 250 0 0 1
43670 5 6 8 0 0.056 0.421 0.316 0.865 0.669 250 0 250 0 0 1
43670 6 6 8 0 0.056 0.421 0.316 0.865 0.669 250 0 250 0 0 1
43670 7 6 8 0 0.056 0.421 0.316 0.865 0.669 250 0 250 0 0 1
43670 8 6 8 0 0.056 0.421 0.316 0.865 0.669 250 0 250 0 0 1
43670 9 6 8 0 0.056 0.421 0.316 0.865 0.669 250 0 250 0 0 1
43670 10 6 8 0 0.056 0.421 0.316 0.865 0.669 250 0 250 0 0 1
43670 1 6 8 0 0.054 0.236 0.197 0.934 0.74 250 0 250 0 0 1
43670 2 6 8 0 0.054 0.236 0.197 0.934 0.74 250 0 250 0 0 1
43670 3 6 8 0 0.054 0.236 0.197 0.934 0.74 250 0 250 0 0 1
43670 4 6 8 0 0.054 0.236 0.197 0.934 0.74 250 0 250 0 0 1
43670 5 6 8 0 0.054 0.236 0.197 0.934 0.74 250 0 250 0 0 1
43670 6 6 8 0 0.054 0.236 0.197 0.934 0.74 250 0 250 0 0 1
43670 7 6 8 0 0.054 0.236 0.197 0.934 0.74 250 0 250 0 0 1
43670 8 6 8 0 0.054 0.236 0.197 0.934 0.74 250 0 250 0 0 1
43670 9 6 8 0 0.054 0.236 0.197 0.934 0.74 250 0 250 0 0 1
43670 10 6 8 0 0.054 0.236 0.197 0.934 0.74 250 0 250 0 0 1
43670 1 6 8 0 0.065 0.088 0.24 0.973 0.306 250 0 250 0 0 1
43670 2 6 8 0 0.065 0.088 0.24 0.973 0.306 250 0 250 0 0 1
43670 3 6 8 0 0.065 0.088 0.24 0.973 0.306 250 0 250 0 0 1
43670 4 6 8 0 0.065 0.088 0.24 0.973 0.306 250 0 250 0 0 1
43670 5 6 8 0 0.065 0.088 0.24 0.973 0.306 249.951 0 250 0 0 1
43670 6 6 8 0 0.065 0.088 0.24 0.973 0.306 250 0 250 0 0 1
43670 7 6 8 0 0.065 0.088 0.24 0.973 0.306 250 0 250 0 0 1
43670 8 6 8 0 0.065 0.088 0.24 0.973 0.306 250 0 250 0 0 1
43670 9 6 8 0 0.065 0.088 0.24 0.973 0.306 250 0 250 0.707 0 1
43670 10 6 8 0 0.065 0.088 0.24 0.973 0.306 250 0 250 0 0 1
43670 1 6 8 0 0.09 0.236 0.341 0.782 0.677 250 0 250 0 0 1
43670 2 6 8 0 0.09 0.236 0.341 0.782 0.677 250 0 250 0 0 1
43670 3 6 8 0 0.09 0.236 0.341 0.782 0.677 250 0 250 0 0 1
43670 4 6 8 0 0.09 0.236 0.341 0.782 0.677 250 0 250 0 0 1
43670 5 6 8 0 0.09 0.236 0.341 0.782 0.677 250 0 250 0 0 1
43670 1 6 10 1 0.086 0.47 0.163 0.863 0.854 250 0 250 0 0 1
43670 2 6 10 1 0.086 0.47 0.163 0.863 0.854 250 0 250 0 0 1
43670 3 6 10 1 0.086 0.47 0.163 0.863 0.854 250 0 250 0 0 1
43670 4 6 10 1 0.086 0.47 0.163 0.863 0.854 250 0 250 0 0 1
43670 5 6 10 1 0.086 0.47 0.163 0.863 0.854 250 0 250 0.92 0 1
43670 6 6 10 1 0.086 0.47 0.163 0.863 0.854 250 0 250 0 0 1
43670 7 6 10 1 0.086 0.47 0.163 0.863 0.854 250 0 250 0 0 1
43670 8 6 10 1 0.086 0.47 0.163 0.863 0.854 250 0 250 0 0 1
43670 9 6 10 1 0.086 0.47 0.163 0.863 0.854 250 0 250 0 0 1
43670 10 6 10 1 0.086 0.47 0.163 0.863 0.854 250 0 250 0 0 1
43670 1 6 10 1 0.08 0.336 0.31 0.796 0.133 241.275 1201 247.505 1673.187 0 0
43670 2 6 10 1 0.08 0.336 0.31 0.796 0.133 242.204 1252 247.826 1675.513 0 0
43670 3 6 10 1 0.08 0.336 0.31 0.796 0.133 244.407 1356 247.878 1731.42 0 0
43670 4 6 10 1 0.08 0.336 0.31 0.796 0.133 240.552 1232 247.672 1697.567 0 0
43670 5 6 10 1 0.08 0.336 0.31 0.796 0.133 242.093 1132 247.305 1618.647 0 0
43670 6 6 10 1 0.08 0.336 0.31 0.796 0.133 243.699 1412 248.567 1713.973 0 0
43670 7 6 10 1 0.08 0.336 0.31 0.796 0.133 244.409 1224 247.69 1603.807 0 0
43670 8 6 10 1 0.08 0.336 0.31 0.796 0.133 244.422 1348 247.999 1652.927 0 0
43670 9 6 10 1 0.08 0.336 0.31 0.796 0.133 243.219 1306 247.605 1616.287 0 0
43670 10 6 10 1 0.08 0.336 0.31 0.796 0.133 244.917 1439 248.465 1800.167 0 0
43670 1 6 10 1 0.077 0.107 0.367 0.828 0.717 250 0 250 0 0 1
43670 2 6 10 1 0.077 0.107 0.367 0.828 0.717 250 0 250 0 0 1
43670 3 6 10 1 0.077 0.107 0.367 0.828 0.717 250 0 250 0 0 1
43670 4 6 10 1 0.077 0.107 0.367 0.828 0.717 250 0 250 0 0 1
43670 5 6 10 1 0.077 0.107 0.367 0.828 0.717 250 1 250 1 0 1
43670 6 6 10 1 0.077 0.107 0.367 0.828 0.717 250 0 250 0 0 1
43670 7 6 10 1 0.077 0.107 0.367 0.828 0.717 250 0 250 0 0 1
43670 8 6 10 1 0.077 0.107 0.367 0.828 0.717 250 0 250 0 0 1
43670 9 6 10 1 0.077 0.107 0.367 0.828 0.717 250 0 250 0 0 1
43670 10 6 10 1 0.077 0.107 0.367 0.828 0.717 250 0 250 0 0 1
43670 1 6 10 1 0.063 0.28 0.282 0.826 0.75 250 0 250 0 0 1
43670 2 6 10 1 0.063 0.28 0.282 0.826 0.75 250 0 250 0 0 1
43670 3 6 10 1 0.063 0.28 0.282 0.826 0.75 250 0 250 0 0 1
43670 4 6 10 1 0.063 0.28 0.282 0.826 0.75 250 0 250 0 0 1
43670 5 6 10 1 0.063 0.28 0.282 0.826 0.75 250 0 250 0 0 1
43670 6 6 10 1 0.063 0.28 0.282 0.826 0.75 250 0 250 0 0 1
43670 7 6 10 1 0.063 0.28 0.282 0.826 0.75 250 0 250 0 0 1
43670 8 6 10 1 0.063 0.28 0.282 0.826 0.75 250 0 250 0 0 1
43670 9 6 10 1 0.063 0.28 0.282 0.826 0.75 250 0 250 0 0 1
43670 10 6 10 1 0.063 0.28 0.282 0.826 0.75 250 0 250 0 0 1
43670 1 6 10 1 0.062 0.463 0.021 0.938 0.575 235.103 84 243.466 150.467 0 0
43670 2 6 10 1 0.062 0.463 0.021 0.938 0.575 240.858 73 246.872 139.893 0 0
43670 3 6 10 1 0.062 0.463 0.021 0.938 0.575 240.224 81 246.677 148.88 0 0
43670 4 6 10 1 0.062 0.463 0.021 0.938 0.575 239.136 77 246.62 144.607 0 0
43670 5 6 10 1 0.062 0.463 0.021 0.938 0.575 238.179 69 245.76 128.387 0 0
43670 6 6 10 1 0.062 0.463 0.021 0.938 0.575 237.381 88 245.948 160.347 0 0
43670 7 6 10 1 0.062 0.463 0.021 0.938 0.575 237.537 95 245.701 165.06 0 0
43670 8 6 10 1 0.062 0.463 0.021 0.938 0.575 230.323 76 245.618 143.04 0 0
43670 9 6 10 1 0.062 0.463 0.021 0.938 0.575 235.38 75 246.572 146.24 0 0
43670 10 6 10 1 0.062 0.463 0.021 0.938 0.575 236.11 65 245.831 135.92 0 0
43670 1 6 10 1 0.079 0.378 0.157 0.877 0.547 248.173 0 249.76 0.873 0 0.98
43670 2 6 10 1 0.079 0.378 0.157 0.877 0.547 244.169 2 249.115 3.187 0 0.947
43670 3 6 10 1 0.079 0.378 0.157 0.877 0.547 247.915 0 249.903 0.28 0 0.987
43670 4 6 10 1 0.079 0.378 0.157 0.877 0.547 248.173 1 249.801 1 0 1
43670 5 6 10 1 0.079 0.378 0.157 0.877 0.547 248 0 249.776 0.907 0 0.96
43670 6 6 10 1 0.079 0.378 0.157 0.877 0.547 247.442 1 249.728 3.347 0 0.94
43670 7 6 10 1 0.079 0.378 0.157 0.877 0.547 247.281 2 249.928 3.133 0 1
43670 8 6 10 1 0.079 0.378 0.157 0.877 0.547 245.812 1 249.26 2.307 0 0.953
43670 9 6 10 1 0.079 0.378 0.157 0.877 0.547 248 3 249.817 3.267 0 0.98
43670 10 6 10 1 0.079 0.378 0.157 0.877 0.547 246.484 0 249.523 0.993 0 0.953
43670 1 6 10 1 0.014 0.014 0.22 0.999 0.952 250 0 250 0 0 1
43670 2 6 10 1 0.014 0.014 0.22 0.999 0.952 250 0 250 0 0 1
43670 3 6 10 1 0.014 0.014 0.22 0.999 0.952 250 0 250 0 0 1
43670 4 6 10 1 0.014 0.014 0.22 0.999 0.952 250 0 250 0 0 1
43670 5 6 10 1 0.014 0.014 0.22 0.999 0.952 250 0 250 0 0 1
43670 6 6 10 1 0.014 0.014 0.22 0.999 0.952 250 0 250 0 0 1
43670 7 6 10 1 0.014 0.014 0.22 0.999 0.952 250 0 250 0 0 1
43670 8 6 10 1 0.014 0.014 0.22 0.999 0.952 250 0 250 0 0 1
43670 9 6 10 1 0.014 0.014 0.22 0.999 0.952 250 0 250 0 0 1
43670 10 6 10 1 0.014 0.014 0.22 0.999 0.952 250 0 250 0 0 1
43670 1 6 10 1 0.055 0.425 0.207 0.903 0.277 237.715 875 244.685 1347.687 0 0
43670 2 6 10 1 0.055 0.425 0.207 0.903 0.277 238.962 866 246.206 1364.727 0 0
43670 3 6 10 1 0.055 0.425 0.207 0.903 0.277 238.881 639 245.242 1263.487 0 0
43670 4 6 10 1 0.055 0.425 0.207 0.903 0.277 238.013 915 245.386 1349.273 0 0
43670 5 6 10 1 0.055 0.425 0.207 0.903 0.277 239.125 703 244.425 1283.547 0 0
43670 6 6 10 1 0.055 0.425 0.207 0.903 0.277 236.74 956 243.711 1349.6 0 0
43670 7 6 10 1 0.055 0.425 0.207 0.903 0.277 241.775 1034 247.441 1443.687 0 0
43670 8 6 10 1 0.055 0.425 0.207 0.903 0.277 235.545 847 245.671 1446.34 0 0
43670 9 6 10 1 0.055 0.425 0.207 0.903 0.277 238.41 670 245.122 1323.153 0 0
43670 10 6 10 1 0.055 0.425 0.207 0.903 0.277 238.9 957 245.354 1367.993 0 0
43670 1 6 10 1 0.036 0.312 0.327 0.868 0.888 250 0 250 0 0 1
43670 2 6 10 1 0.036 0.312 0.327 0.868 0.888 250 0 250 0 0 1
43670 3 6 10 1 0.036 0.312 0.327 0.868 0.888 250 0 250 0 0 1
43670 4 6 10 1 0.036 0.312 0.327 0.868 0.888 250 0 250 0 0 1
43670 5 6 10 1 0.036 0.312 0.327 0.868 0.888 250 0 250 0 0 1
43670 6 6 10 1 0.036 0.312 0.327 0.868 0.888 250 0 250 0 0 1
43670 7 6 10 1 0.036 0.312 0.327 0.868 0.888 250 0 250 0 0 1
43670 8 6 10 1 0.036 0.312 0.327 0.868 0.888 250 0 250 0 0 1
43670 1 6 9 1 0.036 0.396 0.446 0.798 0.448 250 0 250 0 0 1
43670 2 6 9 1 0.036 0.396 0.446 0.798 0.448 250 0 250 0 0 1
43670 3 6 9 1 0.036 0.396 0.446 0.798 0.448 250 0 250 0 0 1
43670 4 6 9 1 0.036 0.396 0.446 0.798 0.448 250 0 250 0 0 1
43670 5 6 9 1 0.036 0.396 0.446 0.798 0.448 250 0 250 0 0 1
43670 6 6 9 1 0.036 0.396 0.446 0.798 0.448 250 0 250 0 0 1
43670 7 6 9 1 0.036 0.396 0.446 0.798 0.448 250 0 250 0 0 1
43670 8 6 9 1 0.036 0.396 0.446 0.798 0.448 250 0 250 0 0 1
43670 9 6 9 1 0.036 0.396 0.446 0.798 0.448 250 0 250 0 0 1
43670 10 6 9 1 0.036 0.396 0.446 0.798 0.448 250 0 250 0 0 1
43670 1 6 9 1 0.005 0.149 0.038 0.871 0.889 250 0 250 0 0 1
43670 2 6 9 1 0.005 0.149 0.038 0.871 0.889 250 0 250 0 0 1
43670 3 6 9 1 0.005 0.149 0.038 0.871 0.889 250 0 250 0 0 1
43670 4 6 9 1 0.005 0.149 0.038 0.871 0.889 250 0 250 0 0 1
43670 5 6 9 1 0.005 0.149 0.038 0.871 0.889 250 0 250 0 0 1
43670 6 6 9 1 0.005 0.149 0.038 0.871 0.889 250 0 250 0 0 1
43670 7 6 9 1 0.005 0.149 0.038 0.871 0.889 250 0 250 0 0 1
43670 8 6 9 1 0.005 0.149 0.038 0.871 0.889 250 0 250 0 0 1
43670 9 6 9 1 0.005 0.149 0.038 0.871 0.889 250 0 250 0.387 0 1
43670 10 6 9 1 0.005 0.149 0.038 0.871 0.889 250 0 250 0 0 1
43670 1 6 9 1 0.078 0.316 0.123 0.791 0.931 250 0 250 0 0 1
43670 2 6 9 1 0.078 0.316 0.123 0.791 0.931 250 0 250 0 0 1
43670 3 6 9 1 0.078 0.316 0.123 0.791 0.931 250 0 250 0 0 1
43670 4 6 9 1 0.078 0.316 0.123 0.791 0.931 250 1 250 1 0 1
43670 5 6 9 1 0.078 0.316 0.123 0.791 0.931 250 0 250 0 0 1
43670 6 6 9 1 0.078 0.316 0.123 0.791 0.931 250 0 250 0 0 1
43670 7 6 9 1 0.078 0.316 0.123 0.791 0.931 250 0 250 0 0 1
43670 8 6 9 1 0.078 0.316 0.123 0.791 0.931 250 1 250 1 0 1
43670 9 6 9 1 0.078 0.316 0.123 0.791 0.931 250 0 250 0 0 1
43670 10 6 9 1 0.078 0.316 0.123 0.791 0.931 250 0 250 0 0 1
43670 1 6 9 1 0.025 0.269 0.047 0.776 0.03 247.395 2872 249.443 3318.987 0 0
43670 2 6 9 1 0.025 0.269 0.047 0.776 0.03 247.855 3243 249.481 3548.533 0 0
43670 3 6 9 1 0.025 0.269 0.047 0.776 0.03 248.383 3210 249.638 3644.727 0 0
43670 4 6 9 1 0.025 0.269 0.047 0.776 0.03 248.17 3057 249.579 3463.827 0 0
43670 5 6 9 1 0.025 0.269 0.047 0.776 0.03 248.661 3398 249.687 3835.907 0 0
43670 6 6 9 1 0.025 0.269 0.047 0.776 0.03 248.473 3180 249.638 3714.433 0 0
43670 7 6 9 1 0.025 0.269 0.047 0.776 0.03 247.696 3269 249.6 3642.74 0 0
43670 8 6 9 1 0.025 0.269 0.047 0.776 0.03 248.06 3099 249.621 3618.1 0 0
43670 9 6 9 1 0.025 0.269 0.047 0.776 0.03 248.371 2918 249.566 3537.353 0 0
43670 10 6 9 1 0.025 0.269 0.047 0.776 0.03 247.719 3027 249.348 3339.6 0 0
43670 1 6 9 1 0.038 0.353 0.321 0.883 0.484 250 0 250 0 0 1
43670 2 6 9 1 0.038 0.353 0.321 0.883 0.484 250 0 250 0 0 1
43670 3 6 9 1 0.038 0.353 0.321 0.883 0.484 250 0 250 0 0 1
43670 4 6 9 1 0.038 0.353 0.321 0.883 0.484 250 0 250 0 0 1
43670 5 6 9 1 0.038 0.353 0.321 0.883 0.484 250 0 250 0 0 1
43670 6 6 9 1 0.038 0.353 0.321 0.883 0.484 250 0 250 0 0 1
43670 7 6 9 1 0.038 0.353 0.321 0.883 0.484 250 0 250 0 0 1
43670 8 6 9 1 0.038 0.353 0.321 0.883 0.484 250 0 250 0 0 1
43670 9 6 9 1 0.038 0.353 0.321 0.883 0.484 250 0 250 0 0 1
43670 10 6 9 1 0.038 0.353 0.321 0.883 0.484 250 0 250 0 0 1
43670 1 6 9 1 0.017 0.115 0.025 1 0.521 238.154 233 246.364 412.813 0 0
43670 2 6 9 1 0.017 0.115 0.025 1 0.521 240.544 223 246.038 396.86 0 0
43670 3 6 9 1 0.017 0.115 0.025 1 0.521 238.919 203 246.588 386.8 0 0
43670 4 6 9 1 0.017 0.115 0.025 1 0.521 237.199 195 246.646 394.92 0 0
43670 5 6 9 1 0.017 0.115 0.025 1 0.521 236.855 189 246.513 383.72 0 0
43670 6 6 9 1 0.017 0.115 0.025 1 0.521 239.318 182 246.074 363.46 0 0
43670 7 6 9 1 0.017 0.115 0.025 1 0.521 235.456 207 246.083 407.12 0 0
43670 8 6 9 1 0.017 0.115 0.025 1 0.521 239.1 222 246.536 410.96 0 0
43670 9 6 9 1 0.017 0.115 0.025 1 0.521 239.375 221 246.886 409.973 0 0
43670 10 6 9 1 0.017 0.115 0.025 1 0.521 237.571 205 245.858 422.02 0 0
43670 1 6 9 1 0.085 0.364 0.319 0.784 0.583 250 0 250 0 0 1
43670 2 6 9 1 0.085 0.364 0.319 0.784 0.583 250 0 250 0 0 1
43670 3 6 9 1 0.085 0.364 0.319 0.784 0.583 250 0 250 0 0 1
43670 4 6 9 1 0.085 0.364 0.319 0.784 0.583 250 0 250 0 0 1
43670 5 6 9 1 0.085 0.364 0.319 0.784 0.583 250 0 250 0 0 1
43670 6 6 9 1 0.085 0.364 0.319 0.784 0.583 250 0 250 0 0 1
43670 7 6 9 1 0.085 0.364 0.319 0.784 0.583 250 0 250 0 0 1
43670 8 6 9 1 0.085 0.364 0.319 0.784 0.583 250 0 250 0 0 1
43670 9 6 9 1 0.085 0.364 0.319 0.784 0.583 250 0 250 0 0 1
43670 10 6 9 1 0.085 0.364 0.319 0.784 0.583 250 0 250 0 0 1
43670 1 6 9 1 0.055 0.341 0.46 0.876 0.662 250 0 250 0 0 1
43670 2 6 9 1 0.055 0.341 0.46 0.876 0.662 250 0 250 0 0 1
43670 3 6 9 1 0.055 0.341 0.46 0.876 0.662 250 0 250 0.287 0 1
43670 4 6 9 1 0.055 0.341 0.46 0.876 0.662 250 0 250 0 0 1
43670 5 6 9 1 0.055 0.341 0.46 0.876 0.662 250 0 250 0 0 1
43670 6 6 9 1 0.055 0.341 0.46 0.876 0.662 250 0 250 0 0 1
43670 7 6 9 1 0.055 0.341 0.46 0.876 0.662 250 0 250 0 0 1
43670 8 6 9 1 0.055 0.341 0.46 0.876 0.662 250 0 250 0 0 1
43670 9 6 9 1 0.055 0.341 0.46 0.876 0.662 250 0 250 0 0 1
43670 10 6 9 1 0.055 0.341 0.46 0.876 0.662 250 0 250 0 0 1
43670 1 6 9 1 0.047 0.055 0.053 0.804 0.793 250 0 250 0 0 1
43670 2 6 9 1 0.047 0.055 0.053 0.804 0.793 250 0 250 0 0 1
43670 3 6 9 1 0.047 0.055 0.053 0.804 0.793 250 0 250 0 0 1
43670 4 6 9 1 0.047 0.055 0.053 0.804 0.793 250 0 250 0 0 1
43670 1 6 9 0 0.081 0.28 0.191 0.998 0.193 233.928 40 244.78 886.54 0 0
43670 2 6 9 0 0.081 0.28 0.191 0.998 0.193 229.488 23 245.443 936.827 0 0
43670 3 6 9 0 0.081 0.28 0.191 0.998 0.193 238.192 40 245.88 924.913 0 0
43670 4 6 9 0 0.081 0.28 0.191 0.998 0.193 237.677 42 247.155 951.347 0 0
43670 5 6 9 0 0.081 0.28 0.191 0.998 0.193 230.968 39 245.129 1086.28 0 0
43670 6 6 9 0 0.081 0.28 0.191 0.998 0.193 237.838 37 246.717 1053.667 0 0
43670 7 6 9 0 0.081 0.28 0.191 0.998 0.193 235.463 44 245.817 1028.667 0 0
43670 8 6 9 0 0.081 0.28 0.191 0.998 0.193 234.477 30 246.135 908.593 0 0
43670 9 6 9 0 0.081 0.28 0.191 0.998 0.193 238.589 46 247.039 922.327 0 0
43670 10 6 9 0 0.081 0.28 0.191 0.998 0.193 233.607 44 245.123 915.54 0 0
43670 1 6 9 0 0.017 0.41 0.397 0.854 0.836 250 0 250 0 0 1
43670 2 6 9 0 0.017 0.41 0.397 0.854 0.836 250 0 250 0 0 1
43670 3 6 9 0 0.017 0.41 0.397 0.854 0.836 250 0 250 0 0 1
43670 4 6 9 0 0.017 0.41 0.397 0.854 0.836 250 0 250 0 0 1
43670 5 6 9 0 0.017 0.41 0.397 0.854 0.836 250 0 250 0 0 1
43670 6 6 9 0 0.017 0.41 0.397 0.854 0.836 250 0 250 0 0 1
43670 7 6 9 0 0.017 0.41 0.397 0.854 0.836 250 0 250 0 0 1
43670 8 6 9 0 0.017 0.41 0.397 0.854 0.836 250 0 250 0 0 1
43670 9 6 9 0 0.017 0.41 0.397 0.854 0.836 250 0 250 0 0 1
43670 10 6 9 0 0.017 0.41 0.397 0.854 0.836 250 0 250 0 0 1
43670 1 6 9 0 0.003 0.295 0.454 0.89 0.444 250 0 250 0 0 1
43670 2 6 9 0 0.003 0.295 0.454 0.89 0.444 250 0 250 0 0 1
43670 3 6 9 0 0.003 0.295 0.454 0.89 0.444 250 0 250 0 0 1
43670 4 6 9 0 0.003 0.295 0.454 0.89 0.444 250 0 250 0 0 1
43670 5 6 9 0 0.003 0.295 0.454 0.89 0.444 250 0 250 0 0 1
43670 6 6 9 0 0.003 0.295 0.454 0.89 0.444 250 0 250 0 0 1
43670 7 6 9 0 0.003 0.295 0.454 0.89 0.444 250 0 250 0 0 1
43670 8 6 9 0 0.003 0.295 0.454 0.89 0.444 250 0 250 0 0 1
43670 9 6 9 0 0.003 0.295 0.454 0.89 0.444 250 0 250 0 0 1
43670 10 6 9 0 0.003 0.295 0.454 0.89 0.444 250 0 250 0 0 1
43670 1 6 9 0 0.074 0.006 0.046 0.805 0.463 250 0 250 0 0 1
43670 2 6 9 0 0.074 0.006 0.046 0.805 0.463 250 0 250 0 0 1
43670 3 6 9 0 0.074 0.006 0.046 0.805 0.463 250 0 250 0 0 1
43670 4 6 9 0 0.074 0.006 0.046 0.805 0.463 250 0 250 0 0 1
43670 5 6 9 0 0.074 0.006 0.046 0.805 0.463 250 0 250 0 0 1
43670 6 6 9 0 0.074 0.006 0.046 0.805 0.463 250 0 250 0 0 1
43670 7 6 9 0 0.074 0.006 0.046 0.805 0.463 250 1 250 1 0 1
43670 8 6 9 0 0.074 0.006 0.046 0.805 0.463 250 0 250 0 0 1
43670 9 6 9 0 0.074 0.006 0.046 0.805 0.463 250 0 250 0 0 1
43670 10 6 9 0 0.074 0.006 0.046 0.805 0.463 250 1 250 1 0 1
43670 1 6 9 0 0.007 0.276 0.401 0.75 1 250 0 250 0 0 1
43670 2 6 9 0 0.007 0.276 0.401 0.75 1 250 0 250 0 0 1
43670 3 6 9 0 0.007 0.276 0.401 0.75 1 250 0 250 0 0 1
43670 4 6 9 0 0.007 0.276 0.401 0.75 1 250 0 250 0 0 1
43670 5 6 9 0 0.007 0.276 0.401 0.75 1 250 0 250 0 0 1
43670 6 6 9 0 0.007 0.276 0.401 0.75 1 250 0 250 0 0 1
43670 7 6 9 0 0.007 0.276 0.401 0.75 1 250 0 250 0 0 1
43670 8 6 9 0 0.007 0.276 0.401 0.75 1 250 0 250 0 0 1
43670 9 6 9 0 0.007 0.276 0.401 0.75 1 250 0 250 0 0 1
43670 10 6 9 0 0.007 0.276 0.401 0.75 1 250 0 250 0 0 1
43670 1 6 9 0 0.094 0.029 0.425 0.828 0.07 250 0 250 0 0 1
43670 2 6 9 0 0.094 0.029 0.425 0.828 0.07 250 0 250 0 0 1
43670 3 6 9 0 0.094 0.029 0.425 0.828 0.07 250 0 250 0 0 1
43670 4 6 9 0 0.094 0.029 0.425 0.828 0.07 250 0 250 0 0 1
43670 5 6 9 0 0.094 0.029 0.425 0.828 0.07 250 0 250 0 0 1
43670 6 6 9 0 0.094 0.029 0.425 0.828 0.07 250 0 250 0 0 1
43670 7 6 9 0 0.094 0.029 0.425 0.828 0.07 250 0 250 0 0 1
43670 8 6 9 0 0.094 0.029 0.425 0.828 0.07 250 0 250 0 0 1
43670 9 6 9 0 0.094 0.029 0.425 0.828 0.07 250 0 250 0 0 1
43670 10 6 9 0 0.094 0.029 0.425 0.828 0.07 250 0 250 0 0 1
43670 1 6 9 0 0.103 0.194 0.109 0.798 0.902 250 0 250 0 0 1
43670 2 6 9 0 0.103 0.194 0.109 0.798 0.902 250 0 250 0 0 1
43670 3 6 9 0 0.103 0.194 0.109 0.798 0.902 250 0 250 0 0 1
43670 4 6 9 0 0.103 0.194 0.109 0.798 0.902 250 0 250 0 0 1
43670 5 6 9 0 0.103 0.194 0.109 0.798 0.902 250 0 250 0 0 1
43670 6 6 9 0 0.103 0.194 0.109 0.798 0.902 250 0 250 0 0 1
43670 7 6 9 0 0.103 0.194 0.109 0.798 0.902 250 0 250 0 0 1
43670 8 6 9 0 0.103 0.194 0.109 0.798 0.902 250 0 250 0 0 1
43670 9 6 9 0 0.103 0.194 0.109 0.798 0.902 250 0 250 0 0 1
43670 10 6 9 0 0.103 0.194 0.109 0.798 0.902 250 0 250 0 0 1
43670 1 6 9 0 0.113 0.339 0.104 0.866 0.628 250 0 250 0 0 1
43670 2 6 9 0 0.113 0.339 0.104 0.866 0.628 250 0 250 0 0 1
43670 3 6 9 0 0.113 0.339 0.104 0.866 0.628 250 0 250 0 0 1
43670 4 6 9 0 0.113 0.339 0.104 0.866 0.628 250 0 250 0 0 1
43670 5 6 9 0 0.113 0.339 0.104 0.866 0.628 250 0 250 0.52 0 1
43670 6 6 9 0 0.113 0.339 0.104 0.866 0.628 250 0 250 0 0 1
43670 7 6 9 0 0.113 0.339 0.104 0.866 0.628 250 0 250 0 0 1
43670 8 6 9 0 0.113 0.339 0.104 0.866 0.628 250 0 250 0 0 1
43670 9 6 9 0 0.113 0.339 0.104 0.866 0.628 250 0 250 0 0 1
43670 10 6 9 0 0.113 0.339 0.104 0.866 0.628 250 0 250 0 0 1
43670 1 6 9 0 0.094 0.114 0.252 0.9 0.032 235.977 25 245.998 1492.233 0 0
43670 2 6 9 0 0.094 0.114 0.252 0.9 0.032 227.536 39 243.97 1411.64 0 0
43670 3 6 9 0 0.094 0.114 0.252 0.9 0.032 235.901 26 245.089 1357.693 0 0
43670 4 6 9 0 0.094 0.114 0.252 0.9 0.032 237.661 38 244.614 1252.46 0 0
43670 5 6 9 0 0.094 0.114 0.252 0.9 0.032 235.302 46 245.28 1299.447 0 0
43670 6 6 9 0 0.094 0.114 0.252 0.9 0.032 234.834 37 247.047 1416.207 0 0
43670 7 6 9 0 0.094 0.114 0.252 0.9 0.032 236.843 40 245.034 1364.147 0 0
43670 8 6 9 0 0.094 0.114 0.252 0.9 0.032 235.673 43 246.063 1342.56 0 0
43670 9 6 9 0 0.094 0.114 0.252 0.9 0.032 237.828 33 246.239 1294.9 0 0
43670 10 6 9 0 0.094 0.114 0.252 0.9 0.032 234.955 52 246.17 1391.72 0 0
43670 1 6 9 0 0.027 0.286 0.169 0.989 0.808 250 0 250 0 0 1
43670 2 6 9 0 0.027 0.286 0.169 0.989 0.808 250 1 250 1 0 1
43670 3 6 9 0 0.027 0.286 0.169 0.989 0.808 250 0 250 0 0 1
43670 1 6 6 1 0.039 0.052 0.063 0.762 0.584 250 0 250 0 0 1
43670 2 6 6 1 0.039 0.052 0.063 0.762 0.584 250 0 250 0 0 1
43670 3 6 6 1 0.039 0.052 0.063 0.762 0.584 250 0 250 0 0 1
43670 4 6 6 1 0.039 0.052 0.063 0.762 0.584 250 0 250 0.213 0 1
43670 5 6 6 1 0.039 0.052 0.063 0.762 0.584 245 0 249.476 0 0 1
43670 6 6 6 1 0.039 0.052 0.063 0.762 0.584 249.941 0 250 0 0 1
43670 7 6 6 1 0.039 0.052 0.063 0.762 0.584 249.779 0 249.999 0 0 1
43670 8 6 6 1 0.039 0.052 0.063 0.762 0.584 250 0 250 0 0 1
43670 9 6 6 1 0.039 0.052 0.063 0.762 0.584 250 0 250 0 0 1
43670 10 6 6 1 0.039 0.052 0.063 0.762 0.584 250 1 250 1 0 1
43670 1 6 6 1 0.101 0.418 0.066 0.783 0.359 242.609 1055 246.755 1301.42 0 0
43670 2 6 6 1 0.101 0.418 0.066 0.783 0.359 241.787 848 246.145 1243.16 0 0
43670 3 6 6 1 0.101 0.418 0.066 0.783 0.359 239.925 727 245.551 1282.553 0 0
43670 4 6 6 1 0.101 0.418 0.066 0.783 0.359 242.302 1037 246.207 1270.34 0 0
43670 5 6 6 1 0.101 0.418 0.066 0.783 0.359 241.012 677 245.446 1282.72 0 0
43670 6 6 6 1 0.101 0.418 0.066 0.783 0.359 241.273 951 246.04 1260.227 0 0
43670 7 6 6 1 0.101 0.418 0.066 0.783 0.359 242.768 865 246.18 1259.04 0 0
43670 8 6 6 1 0.101 0.418 0.066 0.783 0.359 242.759 1025 246.76 1290.46 0 0
43670 9 6 6 1 0.101 0.418 0.066 0.783 0.359 241.354 898 245.704 1255.68 0 0
43670 10 6 6 1 0.101 0.418 0.066 0.783 0.359 241.795 1005 246.101 1244.187 0 0
43670 1 6 6 1 0.1 0.061 0.328 0.962 0.224 250 0 250 0 0 1
43670 2 6 6 1 0.1 0.061 0.328 0.962 0.224 250 0 250 0.407 0 1
43670 3 6 6 1 0.1 0.061 0.328 0.962 0.224 250 0 250 0 0 1
43670 4 6 6 1 0.1 0.061 0.328 0.962 0.224 250 0 250 0 0 1
43670 5 6 6 1 0.1 0.061 0.328 0.962 0.224 250 0 250 0 0 1
43670 6 6 6 1 0.1 0.061 0.328 0.962 0.224 250 0 250 0 0 1
43670 7 6 6 1 0.1 0.061 0.328 0.962 0.224 250 0 250 0 0 1
43670 8 6 6 1 0.1 0.061 0.328 0.962 0.224 250 0 250 0 0 1
43670 9 6 6 1 0.1 0.061 0.328 0.962 0.224 250 0 250 0 0 1
43670 10 6 6 1 0.1 0.061 0.328 0.962 0.224 250 0 250 0 0 1
43670 1 6 6 1 0.018 0.432 0.105 0.98 0.326 232.884 759 244.809 1241.633 0 0
43670 2 6 6 1 0.018 0.432 0.105 0.98 0.326 230.653 815 242.854 1194.013 0 0
43670 3 6 6 1 0.018 0.432 0.105 0.98 0.326 236.673 946 244.619 1255.96 0 0
43670 4 6 6 1 0.018 0.432 0.105 0.98 0.326 234.304 591 244.007 1169.88 0 0
43670 5 6 6 1 0.018 0.432 0.105 0.98 0.326 239.64 890 245.767 1359.747 0 0
43670 6 6 6 1 0.018 0.432 0.105 0.98 0.326 235.257 631 244.222 1233.62 0 0
43670 7 6 6 1 0.018 0.432 0.105 0.98 0.326 237.009 740 245.554 1266.48 0 0
43670 8 6 6 1 0.018 0.432 0.105 0.98 0.326 235.616 696 243.913 1241 0 0
43670 9 6 6 1 0.018 0.432 0.105 0.98 0.326 232.517 698 243.55 1163.633 0 0
43670 10 6 6 1 0.018 0.432 0.105 0.98 0.326 233.456 660 243.623 1220.187 0 0
43670 1 6 6 1 0.016 0.391 0.051 0.901 0.17 246.407 1911 248.66 2166.64 0 0
43670 2 6 6 1 0.016 0.391 0.051 0.901 0.17 244.324 1608 248.673 1930.96 0 0
43670 3 6 6 1 0.016 0.391 0.051 0.901 0.17 245.371 1702 248.788 2020.62 0 0
43670 4 6 6 1 0.016 0.391 0.051 0.901 0.17 245.399 1686 248.992 2153.227 0 0
43670 5 6 6 1 0.016 0.391 0.051 0.901 0.17 245.89 1624 248.621 1964.827 0 0
43670 6 6 6 1 0.016 0.391 0.051 0.901 0.17 245.767 1606 248.628 1953.36 0 0
43670 7 6 6 1 0.016 0.391 0.051 0.901 0.17 246.2 1640 249.011 2118.42 0 0
43670 8 6 6 1 0.016 0.391 0.051 0.901 0.17 245.673 1606 248.409 1957.74 0 0
43670 9 6 6 1 0.016 0.391 0.051 0.901 0.17 244.959 1438 248.421 1866.02 0 0
43670 10 6 6 1 0.016 0.391 0.051 0.901 0.17 244.874 1636 248.664 2001.053 0 0
43670 1 6 6 1 0.026 0.416 0.245 0.789 0.328 145.352 197 157.105 435.78 0 0
43670 2 6 6 1 0.026 0.416 0.245 0.789 0.328 161.741 157 177.923 521.48 0 0
43670 3 6 6 1 0.026 0.416 0.245 0.789 0.328 152.362 159 161.708 455.193 0 0
43670 4 6 6 1 0.026 0.416 0.245 0.789 0.328 159.413 109 167.231 458.527 0 0
43670 5 6 6 1 0.026 0.416 0.245 0.789 0.328 186.271 165 199.838 512.86 0 0
43670 6 6 6 1 0.026 0.416 0.245 0.789 0.328 151.558 151 158.014 478.753 0 0
43670 7 6 6 1 0.026 0.416 0.245 0.789 0.328 194.781 256 206.092 506.847 0 0
43670 8 6 6 1 0.026 0.416 0.245 0.789 0.328 177.444 63 185.51 506.687 0 0
43670 9 6 6 1 0.026 0.416 0.245 0.789 0.328 166.664 246 173.441 500.3 0 0
43670 10 6 6 1 0.026 0.416 0.245 0.789 0.328 136.862 93 145.874 464.293 0 0
43670 1 6 6 1 0.058 0.041 0.287 0.992 0.526 250 0 250 0 0 1
43670 2 6 6 1 0.058 0.041 0.287 0.992 0.526 250 0 250 0 0 1
43670 3 6 6 1 0.058 0.041 0.287 0.992 0.526 250 0 250 0 0 1
43670 4 6 6 1 0.058 0.041 0.287 0.992 0.526 250 0 250 0 0 1
43670 5 6 6 1 0.058 0.041 0.287 0.992 0.526 250 1 250 1 0 1
43670 1 6 4 1 0.112 0.069 0.304 0.966 0.805 250 1 250 1 0 1
43670 2 6 4 1 0.112 0.069 0.304 0.966 0.805 250 0 250 0 0 1
43670 3 6 4 1 0.112 0.069 0.304 0.966 0.805 250 0 250 0 0 1
43670 4 6 4 1 0.112 0.069 0.304 0.966 0.805 250 0 250 0 0 1
43670 5 6 4 1 0.112 0.069 0.304 0.966 0.805 250 0 250 0 0 1
43670 6 6 4 1 0.112 0.069 0.304 0.966 0.805 250 1 250 1 0 1
43670 7 6 4 1 0.112 0.069 0.304 0.966 0.805 250 0 250 0 0 1
43670 8 6 4 1 0.112 0.069 0.304 0.966 0.805 250 0 250 0 0 1
43670 9 6 4 1 0.112 0.069 0.304 0.966 0.805 250 0 250 0 0 1
43670 10 6 4 1 0.112 0.069 0.304 0.966 0.805 250 1 250 1 0 1
43670 1 6 4 1 0.076 0.239 0.029 0.792 0.534 231.789 224 239.972 378.593 0 0
43670 2 6 4 1 0.076 0.239 0.029 0.792 0.534 224.387 185 236.364 346.293 0 0
43670 3 6 4 1 0.076 0.239 0.029 0.792 0.534 237.022 219 242.308 396.767 0 0
43670 4 6 4 1 0.076 0.239 0.029 0.792 0.534 216.366 187 225.067 345.72 0 0
43670 5 6 4 1 0.076 0.239 0.029 0.792 0.534 235.118 188 242.11 339.233 0 0
43670 6 6 4 1 0.076 0.239 0.029 0.792 0.534 227.126 194 238.514 314.94 0 0
43670 7 6 4 1 0.076 0.239 0.029 0.792 0.534 231.347 222 238.703 383.267 0 0
43670 8 6 4 1 0.076 0.239 0.029 0.792 0.534 233.324 201 241.567 346.66 0 0
43670 9 6 4 1 0.076 0.239 0.029 0.792 0.534 234.543 208 242.479 356.54 0 0
43670 10 6 4 1 0.076 0.239 0.029 0.792 0.534 225.081 199 237.993 340.973 0 0
43670 1 6 4 1 0.101 0.032 0.061 0.844 0.242 250 1 250 1.147 0 1
43670 2 6 4 1 0.101 0.032 0.061 0.844 0.242 250 1 250 1 0 1
43670 3 6 4 1 0.101 0.032 0.061 0.844 0.242 250 0 250 0 0 1
43670 4 6 4 1 0.101 0.032 0.061 0.844 0.242 250 0 250 0 0 1
43670 5 6 4 1 0.101 0.032 0.061 0.844 0.242 250 0 250 0 0 1
43670 6 6 4 1 0.101 0.032 0.061 0.844 0.242 250 1 250 1 0 1
43670 7 6 4 1 0.101 0.032 0.061 0.844 0.242 250 0 250 0 0 1
43670 8 6 4 1 0.101 0.032 0.061 0.844 0.242 250 0 250 0 0 1
43670 9 6 4 1 0.101 0.032 0.061 0.844 0.242 250 0 250 0 0 1
43670 10 6 4 1 0.101 0.032 0.061 0.844 0.242 250 0 250 0 0 1
43670 1 6 4 1 0.062 0.243 0.335 0.874 0.097 242.902 1137 247.16 1421.807 0 0
43670 2 6 4 1 0.062 0.243 0.335 0.874 0.097 243.279 1121 247.374 1348.987 0 0
43670 3 6 4 1 0.062 0.243 0.335 0.874 0.097 241.435 1018 246.381 1335.993 0 0
43670 4 6 4 1 0.062 0.243 0.335 0.874 0.097 242.689 1079 246.388 1272.153 0 0
43670 5 6 4 1 0.062 0.243 0.335 0.874 0.097 242.7 921 246.677 1340.427 0 0
43670 6 6 4 1 0.062 0.243 0.335 0.874 0.097 242.526 1177 247.482 1386.52 0 0
43670 7 6 4 1 0.062 0.243 0.335 0.874 0.097 242.039 1104 246.312 1343.907 0 0
43670 8 6 4 1 0.062 0.243 0.335 0.874 0.097 242.957 1122 247.246 1387.973 0 0
43670 9 6 4 1 0.062 0.243 0.335 0.874 0.097 243.377 1179 246.909 1385.827 0 0
43670 10 6 4 1 0.062 0.243 0.335 0.874 0.097 242.682 1091 246.65 1352.147 0 0
43670 1 6 4 1 0.103 0.017 0.235 0.956 0.985 250 0 250 0 0 1
43670 2 6 4 1 0.103 0.017 0.235 0.956 0.985 250 0 250 0 0 1
43670 3 6 4 1 0.103 0.017 0.235 0.956 0.985 250 0 250 0 0 1
43670 4 6 4 1 0.103 0.017 0.235 0.956 0.985 249.718 0 249.998 0 0 1
43670 5 6 4 1 0.103 0.017 0.235 0.956 0.985 249.99 1 250 1 0 1
43670 6 6 4 1 0.103 0.017 0.235 0.956 0.985 250 0 250 0 0 1
43670 7 6 4 1 0.103 0.017 0.235 0.956 0.985 250 1 250 1 0 1
43670 8 6 4 1 0.103 0.017 0.235 0.956 0.985 250 0 250 0 0 1
43670 9 6 4 1 0.103 0.017 0.235 0.956 0.985 249.593 0 249.997 0 0 1
43670 10 6 4 1 0.103 0.017 0.235 0.956 0.985 250 0 250 0 0 1
43670 1 6 4 1 0.101 0.328 0.165 0.956 0.578 248.402 1 249.938 1 0 1
43670 2 6 4 1 0.101 0.328 0.165 0.956 0.578 249.252 0 249.923 0 0 1
43670 3 6 4 1 0.101 0.328 0.165 0.956 0.578 248.509 3 249.895 3 0 1
43670 4 6 4 1 0.101 0.328 0.165 0.956 0.578 248.813 1 249.906 1 0 1
43670 5 6 4 1 0.101 0.328 0.165 0.956 0.578 14.348 27 37.411 31.86 0 0
43670 6 6 4 1 0.101 0.328 0.165 0.956 0.578 248.815 1 249.918 1.073 0 1
43670 7 6 4 1 0.101 0.328 0.165 0.956 0.578 247.744 2 249.864 2 0 1
43670 8 6 4 1 0.101 0.328 0.165 0.956 0.578 249.311 1 249.95 1.447 0 1
43670 9 6 4 1 0.101 0.328 0.165 0.956 0.578 248.531 1 249.87 1.153 0 1
43670 10 6 4 1 0.101 0.328 0.165 0.956 0.578 249.049 3 249.871 3.84 0 1
43670 1 6 4 1 0.038 0.462 0.383 0.973 0.87 250 0 250 0 0 1
43670 1 6 6 1 0.019 0.291 0.424 0.976 0.189 145.167 192 176.443 553.54 0 0
43670 2 6 6 1 0.019 0.291 0.424 0.976 0.189 178.063 279 184.673 549.013 0 0
43670 3 6 6 1 0.019 0.291 0.424 0.976 0.189 183.14 256 192.886 570.593 0 0
43670 4 6 6 1 0.019 0.291 0.424 0.976 0.189 177.337 127 188.511 511.58 0 0
43670 5 6 6 1 0.019 0.291 0.424 0.976 0.189 187.105 222 201.671 525.08 0 0
43670 6 6 6 1 0.019 0.291 0.424 0.976 0.189 176.646 172 186.903 521.42 0 0
43670 7 6 6 1 0.019 0.291 0.424 0.976 0.189 147.389 197 159.436 485.927 0 0
43670 8 6 6 1 0.019 0.291 0.424 0.976 0.189 137.849 112 153.286 510.467 0 0
43670 9 6 6 1 0.019 0.291 0.424 0.976 0.189 175.663 180 188.792 566.253 0 0
43670 10 6 6 1 0.019 0.291 0.424 0.976 0.189 170.804 155 179.93 459.96 0 0
43670 1 6 6 1 0.043 0.301 0.32 0.757 0.018 244.554 1469 247.861 1850.02 0 0
43670 2 6 6 1 0.043 0.301 0.32 0.757 0.018 243.723 1547 248.452 1808.36 0 0
43670 3 6 6 1 0.043 0.301 0.32 0.757 0.018 243.734 1639 248.014 1899.067 0 0
43670 4 6 6 1 0.043 0.301 0.32 0.757 0.018 244.449 1538 248.113 1782.173 0 0
43670 5 6 6 1 0.043 0.301 0.32 0.757 0.018 246.361 1487 248.468 1767.867 0 0
43670 6 6 6 1 0.043 0.301 0.32 0.757 0.018 243.644 1570 248.373 1805.113 0 0
43670 7 6 6 1 0.043 0.301 0.32 0.757 0.018 243.783 1455 247.966 1761.187 0 0
43670 8 6 6 1 0.043 0.301 0.32 0.757 0.018 243.965 1496 248.04 1874.52 0 0
43670 9 6 6 1 0.043 0.301 0.32 0.757 0.018 245.626 1454 248.27 1778.453 0 0
43670 10 6 6 1 0.043 0.301 0.32 0.757 0.018 246.279 1584 248.373 1834.073 0 0
43670 1 6 6 1 0.109 0.153 0.092 0.979 0.66 250 1 250 1 0 1
43670 2 6 6 1 0.109 0.153 0.092 0.979 0.66 250 0 250 0 0 1
43670 3 6 6 1 0.109 0.153 0.092 0.979 0.66 250 0 250 0 0 1
43670 4 6 6 1 0.109 0.153 0.092 0.979 0.66 250 0 250 0 0 1
43670 5 6 6 1 0.109 0.153 0.092 0.979 0.66 250 0 250 0 0 1
43670 6 6 6 1 0.109 0.153 0.092 0.979 0.66 250 0 250 0 0 1
43670 7 6 6 1 0.109 0.153 0.092 0.979 0.66 250 0 250 0 0 1
43670 8 6 6 1 0.109 0.153 0.092 0.979 0.66 250 0 250 0 0 1
43670 9 6 6 1 0.109 0.153 0.092 0.979 0.66 250 0 250 0 0 1
43670 10 6 6 1 0.109 0.153 0.092 0.979 0.66 250 0 250 0 0 1
43670 1 6 6 1 0.074 0.162 0.074 0.855 0.07 245.629 2342 249.129 2621.96 0 0
43670 2 6 6 1 0.074 0.162 0.074 0.855 0.07 246.213 2164 249.094 2459.467 0 0
43670 3 6 6 1 0.074 0.162 0.074 0.855 0.07 247.367 2417 249.223 2797.6 0 0
43670 4 6 6 1 0.074 0.162 0.074 0.855 0.07 246.28 2654 249.224 2941.313 0 0
43670 5 6 6 1 0.074 0.162 0.074 0.855 0.07 246.829 2363 249.152 2735.113 0 0
43670 6 6 6 1 0.074 0.162 0.074 0.855 0.07 246.821 2426 249.091 2750.333 0 0
43670 7 6 6 1 0.074 0.162 0.074 0.855 0.07 247.305 2374 249.297 2806.467 0 0
43670 8 6 6 1 0.074 0.162 0.074 0.855 0.07 247.478 2509 249.087 2743.22 0 0
43670 9 6 6 1 0.074 0.162 0.074 0.855 0.07 246.773 2580 249.137 2833.327 0 0
43670 10 6 6 1 0.074 0.162 0.074 0.855 0.07 247.213 2367 249.243 2787.867 0 0
43670 1 6 6 1 0.104 0.041 0.046 0.869 0.992 250 0 250 0 0 1
43670 2 6 6 1 0.104 0.041 0.046 0.869 0.992 250 0 250 0 0 1
43670 3 6 6 1 0.104 0.041 0.046 0.869 0.992 250 0 250 0 0 1
43670 4 6 6 1 0.104 0.041 0.046 0.869 0.992 250 0 250 0 0 1
43670 5 6 6 1 0.104 0.041 0.046 0.869 0.992 250 0 250 0 0 1
43670 6 6 6 1 0.104 0.041 0.046 0.869 0.992 250 0 250 0 0 1
43670 7 6 6 1 0.104 0.041 0.046 0.869 0.992 250 0 250 0 0 1
43670 8 6 6 1 0.104 0.041 0.046 0.869 0.992 250 0 250 0 0 1
43670 9 6 6 1 0.104 0.041 0.046 0.869 0.992 250 0 250 0 0 1
43670 10 6 6 1 0.104 0.041 0.046 0.869 0.992 250 0 250 0 0 1
43670 1 6 6 1 0.004 0.194 0.034 0.756 0.007 247.493 2457 249.267 2774.473 0 0
43670 2 6 6 1 0.004 0.194 0.034 0.756 0.007 247.452 2806 249.425 3042.207 0 0
43670 3 6 6 1 0.004 0.194 0.034 0.756 0.007 247.022 2868 249.359 3299.68 0 0
43670 4 6 6 1 0.004 0.194 0.034 0.756 0.007 247.231 2665 249.403 3083.973 0 0
43670 5 6 6 1 0.004 0.194 0.034 0.756 0.007 247.411 2759 249.289 3139.227 0 0
43670 6 6 6 1 0.004 0.194 0.034 0.756 0.007 248.014 2638 249.343 3028.4 0 0
43670 7 6 6 1 0.004 0.194 0.034 0.756 0.007 246.929 2706 249.302 3055.2 0 0
43670 1 6 6 0 0.064 0.187 0.407 0.89 0.817 250 0 250 0 0 1
43670 2 6 6 0 0.064 0.187 0.407 0.89 0.817 250 0 250 0 0 1
43670 3 6 6 0 0.064 0.187 0.407 0.89 0.817 250 0 250 0 0 1
43670 4 6 6 0 0.064 0.187 0.407 0.89 0.817 250 0 250 0 0 1
43670 5 6 6 0 0.064 0.187 0.407 0.89 0.817 250 0 250 0 0 1
43670 6 6 6 0 0.064 0.187 0.407 0.89 0.817 250 0 250 0 0 1
43670 7 6 6 0 0.064 0.187 0.407 0.89 0.817 250 0 250 0 0 1
43670 8 6 6 0 0.064 0.187 0.407 0.89 0.817 250 0 250 0 0 1
43670 9 6 6 0 0.064 0.187 0.407 0.89 0.817 250 0 250 0 0 1
43670 10 6 6 0 0.064 0.187 0.407 0.89 0.817 250 0 250 0 0 1
43670 1 6 6 0 0.006 0.012 0.169 0.839 0.828 250 1 250 1 0 1
43670 2 6 6 0 0.006 0.012 0.169 0.839 0.828 250 0 250 0 0 1
43670 3 6 6 0 0.006 0.012 0.169 0.839 0.828 250 1 250 1 0 1
43670 4 6 6 0 0.006 0.012 0.169 0.839 0.828 250 0 250 0 0 1
43670 5 6 6 0 0.006 0.012 0.169 0.839 0.828 250 0 250 0 0 1
43670 6 6 6 0 0.006 0.012 0.169 0.839 0.828 250 0 250 0 0 1
43670 7 6 6 0 0.006 0.012 0.169 0.839 0.828 250 0 250 0 0 1
43670 8 6 6 0 0.006 0.012 0.169 0.839 0.828 250 0 250 0 0 1
43670 9 6 6 0 0.006 0.012 0.169 0.839 0.828 250 0 250 0 0 1
43670 10 6 6 0 0.006 0.012 0.169 0.839 0.828 250 0 250 0 0 1
43670 1 6 6 0 0.021 0.063 0.024 0.994 0.835 250 0 250 0.54 0 1
43670 2 6 6 0 0.021 0.063 0.024 0.994 0.835 250 0 250 0 0 1
43670 3 6 6 0 0.021 0.063 0.024 0.994 0.835 250 0 250 0 0 1
43670 4 6 6 0 0.021 0.063 0.024 0.994 0.835 250 0 250 0 0 1
43670 5 6 6 0 0.021 0.063 0.024 0.994 0.835 250 2 250 2.613 0 1
43670 6 6 6 0 0.021 0.063 0.024 0.994 0.835 250 0 250 0 0 1
43670 7 6 6 0 0.021 0.063 0.024 0.994 0.835 250 0 250 0 0 1
43670 8 6 6 0 0.021 0.063 0.024 0.994 0.835 250 0 250 0 0 1
43670 9 6 6 0 0.021 0.063 0.024 0.994 0.835 250 0 250 0 0 1
43670 10 6 6 0 0.021 0.063 0.024 0.994 0.835 250 0 250 0 0 1
43670 1 6 6 0 0.105 0.26 0.082 0.906 0.504 236.727 2 245.619 18.407 0 0.687
43670 2 6 6 0 0.105 0.26 0.082 0.906 0.504 237.871 5 246.219 18.32 0 0.62
43670 3 6 6 0 0.105 0.26 0.082 0.906 0.504 233.883 1 246.139 23.28 0 0.667
43670 4 6 6 0 0.105 0.26 0.082 0.906 0.504 238.847 10 246.115 25 0 0
43670 5 6 6 0 0.105 0.26 0.082 0.906 0.504 237.257 5 244.862 19.933 0 0.513
43670 6 6 6 0 0.105 0.26 0.082 0.906 0.504 234.129 4 244.304 20.34 0 0.553
43670 7 6 6 0 0.105 0.26 0.082 0.906 0.504 236.416 5 246.276 18.2 0 0.6
43670 8 6 6 0 0.105 0.26 0.082 0.906 0.504 235.88 6 246.148 23.767 0 0.507
43670 9 6 6 0 0.105 0.26 0.082 0.906 0.504 237.459 5 246.25 24.38 0 0.513
43670 10 6 6 0 0.105 0.26 0.082 0.906 0.504 233.873 3 245.895 17.893 0 0.673
43670 1 6 6 0 0.03 0.306 0.411 0.759 0.88 250 0 250 0 0 1
43670 2 6 6 0 0.03 0.306 0.411 0.759 0.88 250 0 250 0 0 1
43670 3 6 6 0 0.03 0.306 0.411 0.759 0.88 250 0 250 0.973 0 1
43670 4 6 6 0 0.03 0.306 0.411 0.759 0.88 250 0 250 0 0 1
43670 5 6 6 0 0.03 0.306 0.411 0.759 0.88 250 0 250 0 0 1
43670 6 6 6 0 0.03 0.306 0.411 0.759 0.88 250 0 250 0 0 1
43670 7 6 6 0 0.03 0.306 0.411 0.759 0.88 250 0 250 0 0 1
43670 8 6 6 0 0.03 0.306 0.411 0.759 0.88 250 2 250 2 0 1
43670 9 6 6 0 0.03 0.306 0.411 0.759 0.88 250 0 250 0 0 1
43670 10 6 6 0 0.03 0.306 0.411 0.759 0.88 250 0 250 0 0 1
43670 1 6 6 0 0.005 0.108 0.051 0.791 0.199 236.649 55 246.506 857.04 0 0
43670 2 6 6 0 0.005 0.108 0.051 0.791 0.199 237.482 50 246.862 756.68 0 0
43670 3 6 6 0 0.005 0.108 0.051 0.791 0.199 240.323 62 247.547 841.953 0 0
43670 4 6 6 0 0.005 0.108 0.051 0.791 0.199 236.709 54 246.467 883.387 0 0
43670 5 6 6 0 0.005 0.108 0.051 0.791 0.199 230.881 40 245.709 839.347 0 0
43670 6 6 6 0 0.005 0.108 0.051 0.791 0.199 236.967 54 246.872 882.947 0 0
43670 7 6 6 0 0.005 0.108 0.051 0.791 0.199 237.669 43 246.862 885.467 0 0
43670 8 6 6 0 0.005 0.108 0.051 0.791 0.199 232.537 55 245.865 873.453 0 0
43670 9 6 6 0 0.005 0.108 0.051 0.791 0.199 237.416 54 246.775 927.453 0 0
43670 10 6 6 0 0.005 0.108 0.051 0.791 0.199 236.52 60 245.856 812.253 0 0
43670 1 6 6 0 0.088 0.355 0.272 0.796 0.672 250 0 250 0 0 1
43670 2 6 6 0 0.088 0.355 0.272 0.796 0.672 250 0 250 0 0 1
43670 3 6 6 0 0.088 0.355 0.272 0.796 0.672 250 0 250 0 0 1
43670 4 6 6 0 0.088 0.355 0.272 0.796 0.672 250 0 250 0 0 1
43670 5 6 6 0 0.088 0.355 0.272 0.796 0.672 250 0 250 0 0 1
43670 6 6 6 0 0.088 0.355 0.272 0.796 0.672 250 0 250 0 0 1
43670 1 6 3 0 0.115 0.332 0.17 0.942 0.611 207.827 0 209.735 0 0 1
43670 2 6 3 0 0.115 0.332 0.17 0.942 0.611 169.669 0 178.967 0.873 0 1
43670 3 6 3 0 0.115 0.332 0.17 0.942 0.611 229.385 1 229.96 1 0 1
43670 4 6 3 0 0.115 0.332 0.17 0.942 0.611 228.158 0 229.716 1.38 0 1
43670 5 6 3 0 0.115 0.332 0.17 0.942 0.611 206.901 0 209.281 0 0 1
43670 6 6 3 0 0.115 0.332 0.17 0.942 0.611 192.658 0 199.569 0.573 0 1
43670 7 6 3 0 0.115 0.332 0.17 0.942 0.611 198.981 0 199.869 0.68 0 1
43670 8 6 3 0 0.115 0.332 0.17 0.942 0.611 208.227 1 209.836 1 0 1
43670 9 6 3 0 0.115 0.332 0.17 0.942 0.611 188.91 3 189.915 3 0 1
43670 10 6 3 0 0.115 0.332 0.17 0.942 0.611 229.343 0 229.964 0 0 1
43670 1 6 3 0 0.08 0.414 0.156 0.76 0.311 235.368 204 243.046 921.153 0 0
43670 2 6 3 0 0.08 0.414 0.156 0.76 0.311 234.404 94 242.849 829.587 0 0
43670 3 6 3 0 0.08 0.414 0.156 0.76 0.311 233.548 85 245.022 836.267 0 0
43670 4 6 3 0 0.08 0.414 0.156 0.76 0.311 234.914 79 244.624 974.153 0 0
43670 5 6 3 0 0.08 0.414 0.156 0.76 0.311 236.138 83 245.836 843.967 0 0
43670 6 6 3 0 0.08 0.414 0.156 0.76 0.311 236.354 91 245.865 818.24 0 0
43670 7 6 3 0 0.08 0.414 0.156 0.76 0.311 231.912 88 244.505 971.9 0 0
43670 8 6 3 0 0.08 0.414 0.156 0.76 0.311 232.74 90 243.09 838.547 0 0
43670 9 6 3 0 0.08 0.414 0.156 0.76 0.311 232.335 73 243.59 843.193 0 0
43670 10 6 3 0 0.08 0.414 0.156 0.76 0.311 235.627 86 244.062 833.007 0 0
43670 1 6 3 0 0.096 0.266 0.456 0.802 0.585 207.6 0 209.674 0 0 1
43670 2 6 3 0 0.096 0.266 0.456 0.802 0.585 228.558 0 229.913 0 0 1
43670 3 6 3 0 0.096 0.266 0.456 0.802 0.585 229.184 0 229.959 0.307 0 1
43670 4 6 3 0 0.096 0.266 0.456 0.802 0.585 208.037 1 209.819 1 0 1
43670 5 6 3 0 0.096 0.266 0.456 0.802 0.585 208.585 0 209.906 0 0 1
43670 6 6 3 0 0.096 0.266 0.456 0.802 0.585 207.094 0 209.331 0 0 1
43670 7 6 3 0 0.096 0.266 0.456 0.802 0.585 209.064 0 209.919 0.28 0 1
43670 8 6 3 0 0.096 0.266 0.456 0.802 0.585 207.88 0 209.762 0 0 1
43670 9 6 3 0 0.096 0.266 0.456 0.802 0.585 209.114 1 209.908 1.367 0 1
43670 10 6 3 0 0.096 0.266 0.456 0.802 0.585 229.312 0 229.95 0 0 1
43670 1 6 3 0 0.108 0.262 0.422 0.781 0.512 249.474 0 249.974 0 0 1
43670 2 6 3 0 0.108 0.262 0.422 0.781 0.512 208.87 0 209.965 0 0 1
43670 3 6 3 0 0.108 0.262 0.422 0.781 0.512 228.648 0 229.878 0 0 1
43670 4 6 3 0 0.108 0.262 0.422 0.781 0.512 229.304 1 229.953 1 0 1
43670 5 6 3 0 0.108 0.262 0.422 0.781 0.512 208.543 0 209.83 0 0 1
43670 6 6 3 0 0.108 0.262 0.422 0.781 0.512 228.126 0 229.793 0 0 1
43670 7 6 3 0 0.108 0.262 0.422 0.781 0.512 196.031 1 201.761 1 0 1
43670 8 6 3 0 0.108 0.262 0.422 0.781 0.512 199.078 0 200.365 0 0 1
43670 9 6 3 0 0.108 0.262 0.422 0.781 0.512 229.266 0 229.949 0 0 1
43670 10 6 3 0 0.108 0.262 0.422 0.781 0.512 208.628 0 209.949 0 0 1
43670 1 6 3 0 0.109 0.186 0.103 0.906 0.777 227.936 0 229.813 0.267 0 1
43670 2 6 3 0 0.109 0.186 0.103 0.906 0.777 208.479 0 209.709 0 0 1
43670 3 6 3 0 0.109 0.186 0.103 0.906 0.777 208.138 0 209.766 0 0 1
43670 4 6 3 0 0.109 0.186 0.103 0.906 0.777 229.285 0 229.97 0 0 1
43670 5 6 3 0 0.109 0.186 0.103 0.906 0.777 207.707 0 212.146 0 0 1
43670 6 6 3 0 0.109 0.186 0.103 0.906 0.777 228.841 1 229.95 1 0 1
43670 7 6 3 0 0.109 0.186 0.103 0.906 0.777 228.79 1 229.922 1 0 1
43670 8 6 3 0 0.109 0.186 0.103 0.906 0.777 170 0 178.131 0 0 1
43670 9 6 3 0 0.109 0.186 0.103 0.906 0.777 207.906 0 209.782 0 0 1
43670 10 6 3 0 0.109 0.186 0.103 0.906 0.777 209.221 0 209.951 0 0 1
43670 1 6 3 0 0.049 0.415 0.128 0.983 0.203 225.459 96 241.595 1460.6 0 0
43670 2 6 3 0 0.049 0.415 0.128 0.983 0.203 225.696 84 241.565 1354.78 0 0
43670 3 6 3 0 0.049 0.415 0.128 0.983 0.203 228.492 97 242.475 1499.993 0 0
43670 4 6 3 0 0.049 0.415 0.128 0.983 0.203 221.668 89 238.942 1285.853 0 0
43670 5 6 3 0 0.049 0.415 0.128 0.983 0.203 224.03 88 240.569 1129.833 0 0
43670 6 6 3 0 0.049 0.415 0.128 0.983 0.203 227.98 163 241.449 1292.087 0 0
43670 7 6 3 0 0.049 0.415 0.128 0.983 0.203 223.123 89 241.62 1483.873 0 0
43670 8 6 3 0 0.049 0.415 0.128 0.983 0.203 226.237 74 240.323 1312.86 0 0
43670 9 6 3 0 0.049 0.415 0.128 0.983 0.203 226.714 82 242.356 1514.08 0 0
43670 10 6 3 0 0.049 0.415 0.128 0.983 0.203 228.718 106 240.021 1221.627 0 0
43670 1 6 3 0 0.082 0.066 0.127 0.975 0.975 209.109 0 210.012 0 0 1
43670 2 6 3 0 0.082 0.066 0.127 0.975 0.975 208.433 1 209.799 1 0 1
43670 3 6 3 0 0.082 0.066 0.127 0.975 0.975 209.085 0 209.925 0 0 1
43670 4 6 3 0 0.082 0.066 0.127 0.975 0.975 208.627 0 209.888 0 0 1
43670 5 6 3 0 0.082 0.066 0.127 0.975 0.975 229.239 0 229.909 0 0 1
43670 6 6 3 0 0.082 0.066 0.127 0.975 0.975 228.618 0 229.821 0 0 1
43670 7 6 3 0 0.082 0.066 0.127 0.975 0.975 208.47 0 209.869 0 0 1
43670 8 6 3 0 0.082 0.066 0.127 0.975 0.975 209.127 0 209.873 0 0 1
43670 9 6 3 0 0.082 0.066 0.127 0.975 0.975 203.981 0 209.076 0 0 1
43670 10 6 3 0 0.082 0.066 0.127 0.975 0.975 228.903 0 229.918 0 0 1
43670 1 6 3 0 0.013 0.068 0.475 0.918 0.123 249.258 0 249.966 0 0 1
43670 2 6 3 0 0.013 0.068 0.475 0.918 0.123 248.996 0 249.968 0 0 1
43670 3 6 3 0 0.013 0.068 0.475 0.918 0.123 228.149 1 229.786 2.073 0 1
43670 4 6 3 0 0.013 0.068 0.475 0.918 0.123 228.215 0 229.863 0 0 1
43670 5 6 3 0 0.013 0.068 0.475 0.918 0.123 229.255 0 229.942 0 0 1
43670 6 6 3 0 0.013 0.068 0.475 0.918 0.123 230.154 1 242.483 1 0 1
43670 7 6 3 0 0.013 0.068 0.475 0.918 0.123 228.164 2 229.794 2 0 1
43670 8 6 3 0 0.013 0.068 0.475 0.918 0.123 249.072 3 249.956 3.44 0 1
43670 9 6 3 0 0.013 0.068 0.475 0.918 0.123 249.423 2 249.967 2 0 1
43670 10 6 3 0 0.013 0.068 0.475 0.918 0.123 249.352 0 249.953 0 0 1
43670 1 6 3 0 0.066 0.205 0.057 0.914 0.346 233.425 76 243.554 889.18 0 0
43670 2 6 3 0 0.066 0.205 0.057 0.914 0.346 234.433 72 245.449 990.013 0 0
43670 3 6 3 0 0.066 0.205 0.057 0.914 0.346 237.237 100 243.911 845.067 0 0
43670 4 6 3 0 0.066 0.205 0.057 0.914 0.346 230.572 101 242.598 965.98 0 0
43670 5 6 3 0 0.066 0.205 0.057 0.914 0.346 234.506 78 245.324 843.573 0 0
43670 6 6 3 0 0.066 0.205 0.057 0.914 0.346 235.433 67 244.779 827.6 0 0
43670 7 6 3 0 0.066 0.205 0.057 0.914 0.346 234.279 95 243.342 910.347 0 0
43670 8 6 3 0 0.066 0.205 0.057 0.914 0.346 238.172 77 244.398 933.773 0 0
43670 9 6 3 0 0.066 0.205 0.057 0.914 0.346 237.663 82 245.393 949.133 0 0
43670 10 6 3 0 0.066 0.205 0.057 0.914 0.346 233.826 84 242.924 843.493 0 0
43670 1 6 3 0 0.01 0.209 0.396 0.864 0.303 247.248 2 249.664 2.373 0 0.98
43670 2 6 3 0 0.01 0.209 0.396 0.864 0.303 242.296 4 249.385 5.527 0 0.967
43670 3 6 3 0 0.01 0.209 0.396 0.864 0.303 246.225 3 249.576 3 0 1
43670 4 6 3 0 0.01 0.209 0.396 0.864 0.303 247.506 1 249.738 1 0 1
43670 5 6 3 0 0.01 0.209 0.396 0.864 0.303 242.617 2 248.477 2.24 0 1
43670 6 6 3 0 0.01 0.209 0.396 0.864 0.303 245.398 4 249.438 4 0 1
43670 7 6 3 0 0.01 0.209 0.396 0.864 0.303 242.006 0 248.704 0 0 1
43670 8 6 3 0 0.01 0.209 0.396 0.864 0.303 243.944 3 248.622 8.32 0 0.9
43670 9 6 3 0 0.01 0.209 0.396 0.864 0.303 235.616 2 247.981 2.827 0 1
43670 10 6 3 0 0.01 0.209 0.396 0.864 0.303 248.66 3 249.854 3 0 1
43670 1 6 3 0 0.109 0.307 0.348 0.773 0.678 208.807 0 209.879 0 0 1
43670 2 6 3 0 0.109 0.307 0.348 0.773 0.678 228.801 0 229.948 0 0 1
43670 3 6 3 0 0.109 0.307 0.348 0.773 0.678 208.381 1 209.86 1 0 1
43670 4 6 3 0 0.109 0.307 0.348 0.773 0.678 208.845 0 216.381 0 0 1
43670 5 6 3 0 0.109 0.307 0.348 0.773 0.678 207.196 0 209.648 0 0 1
43670 6 6 3 0 0.109 0.307 0.348 0.773 0.678 208.443 0 209.745 0 0 1
43670 7 6 3 0 0.109 0.307 0.348 0.773 0.678 208.383 0 209.689 0.08 0 1
43670 8 6 3 0 0.109 0.307 0.348 0.773 0.678 208.476 0 209.91 0 0 1
43670 9 6 3 0 0.109 0.307 0.348 0.773 0.678 229.237 1 229.956 1 0 1
43670 10 6 3 0 0.109 0.307 0.348 0.773 0.678 229.082 0 229.939 0 0 1
43670 1 6 3 0 0.038 0.015 0.027 0.908 0.036 242.781 1222 248.573 2446.613 0 0
43670 2 6 3 0 0.038 0.015 0.027 0.908 0.036 241.202 1267 247.743 2166.393 0 0
43670 3 6 3 0 0.038 0.015 0.027 0.908 0.036 238.064 536 247.015 2214.68 0 0
43670 4 6 3 0 0.038 0.015 0.027 0.908 0.036 228.838 613 245.998 2166.127 0 0
43670 5 6 3 0 0.038 0.015 0.027 0.908 0.036 243.656 1558 247.749 2394.113 0 0
43670 6 6 3 0 0.038 0.015 0.027 0.908 0.036 243.318 1819 247.937 2562.313 0 0
43670 7 6 3 0 0.038 0.015 0.027 0.908 0.036 240.233 1348 247.809 2453.533 0 0
43670 8 6 3 0 0.038 0.015 0.027 0.908 0.036 243.175 1688 247.996 2409.847 0 0
43670 9 6 3 0 0.038 0.015 0.027 0.908 0.036 237.335 1140 247.287 2231.54 0 0
43670 10 6 3 0 0.038 0.015 0.027 0.908 0.036 236.359 644 247.118 2376.127 0 0
43670 1 6 3 0 0.067 0.207 0.046 0.799 0.818 188.74 0 189.852 0 0 1
43670 2 6 3 0 0.067 0.207 0.046 0.799 0.818 228.366 1 229.849 1 0 1
43670 3 6 3 0 0.067 0.207 0.046 0.799 0.818 199.139 0 199.948 0 0 1
43670 4 6 3 0 0.067 0.207 0.046 0.799 0.818 198.577 1 199.855 1.213 0 1
43670 5 6 3 0 0.067 0.207 0.046 0.799 0.818 228.72 1 229.926 1 0 1
43670 6 6 3 0 0.067 0.207 0.046 0.799 0.818 208.742 0 209.878 0 0 1
43670 7 6 3 0 0.067 0.207 0.046 0.799 0.818 198.083 0 200.188 0 0 1
43670 8 6 3 0 0.067 0.207 0.046 0.799 0.818 169 0 171.655 0.48 0 1
43670 9 6 3 0 0.067 0.207 0.046 0.799 0.818 207.762 0 209.635 0 0 1
43670 10 6 3 0 0.067 0.207 0.046 0.799 0.818 164.217 0 169.335 0 0 1
43670 1 6 3 0 0.03 0.481 0.082 0.796 0.513 236.88 74 245.641 176.26 0 0
43670 2 6 3 0 0.03 0.481 0.082 0.796 0.513 233.663 57 245.322 136.127 0 0
43670 3 6 3 0 0.03 0.481 0.082 0.796 0.513 231.509 58 245.563 164.787 0 0
43670 4 6 3 0 0.03 0.481 0.082 0.796 0.513 236.413 71 245.88 172.733 0 0
43670 5 6 3 0 0.03 0.481 0.082 0.796 0.513 233.352 69 245.295 169.34 0 0
43670 6 6 3 0 0.03 0.481 0.082 0.796 0.513 236.657 109 246.131 247.62 0 0
43670 7 6 3 0 0.03 0.481 0.082 0.796 0.513 234.003 81 246.096 188.58 0 0
43670 8 6 3 0 0.03 0.481 0.082 0.796 0.513 236.43 69 246.333 177.147 0 0
43670 9 6 3 0 0.03 0.481 0.082 0.796 0.513 232.948 74 244.931 195.227 0 0
43670 10 6 3 0 0.03 0.481 0.082 0.796 0.513 233.449 58 245.964 156.3 0 0
43670 1 6 3 0 0.029 0.399 0.339 0.809 0.865 208.634 2 209.89 2 0 1
43670 2 6 3 0 0.029 0.399 0.339 0.809 0.865 158.622 0 159.896 0 0 1
43670 3 6 3 0 0.029 0.399 0.339 0.809 0.865 208.49 1 209.82 1 0 1
43670 4 6 3 0 0.029 0.399 0.339 0.809 0.865 199.401 0 201.187 0 0 1
43670 5 6 3 0 0.029 0.399 0.339 0.809 0.865 207.922 0 209.686 0 0 1
43670 6 6 3 0 0.029 0.399 0.339 0.809 0.865 209 0 209.884 0.273 0 1
43670 7 6 3 0 0.029 0.399 0.339 0.809 0.865 208.34 2 209.891 2 0 1
43670 8 6 3 0 0.029 0.399 0.339 0.809 0.865 207.924 1 209.794 1 0 1
43670 9 6 3 0 0.029 0.399 0.339 0.809 0.865 208.129 1 209.579 1 0 1
43670 10 6 3 0 0.029 0.399 0.339 0.809 0.865 207.092 1 209.328 1 0 1
43670 1 6 3 0 0.062 0.12 0.377 0.892 0.572 207.481 1 209.629 1.207 0 1
43670 2 6 3 0 0.062 0.12 0.377 0.892 0.572 188.588 0 189.832 0 0 1
43670 3 6 3 0 0.062 0.12 0.377 0.892 0.572 229.272 0 229.946 0 0 1
43670 4 6 3 0 0.062 0.12 0.377 0.892 0.572 208.879 0 209.873 0 0 1
43670 5 6 3 0 0.062 0.12 0.377 0.892 0.572 208.218 0 209.87 0 0 1
43670 6 6 3 0 0.062 0.12 0.377 0.892 0.572 208.63 0 209.734 0 0 1
43670 7 6 3 0 0.062 0.12 0.377 0.892 0.572 207.14 1 209.402 1 0 1
43670 8 6 3 0 0.062 0.12 0.377 0.892 0.572 208.856 0 209.838 0 0 1
43670 9 6 3 0 0.062 0.12 0.377 0.892 0.572 212.4 0 220.479 0 0 1
43670 10 6 3 0 0.062 0.12 0.377 0.892 0.572 229.115 0 229.949 0 0 1
43670 1 6 3 0 0.008 0.265 0.172 0.935 0.737 209.119 0 209.922 0 0 1
43670 2 6 3 0 0.008 0.265 0.172 0.935 0.737 208.657 0 209.846 0 0 1
43670 3 6 3 0 0.008 0.265 0.172 0.935 0.737 228.782 0 229.911 0 0 1
43670 4 6 3 0 0.008 0.265 0.172 0.935 0.737 208.613 2 209.901 2 0 1
43670 5 6 3 0 0.008 0.265 0.172 0.935 0.737 208.921 0 209.871 0 0 1
43670 6 6 3 0 0.008 0.265 0.172 0.935 0.737 205.116 0 209.159 0 0 1
43670 7 6 3 0 0.008 0.265 0.172 0.935 0.737 249.351 0 249.939 0 0 1
43670 8 6 3 0 0.008 0.265 0.172 0.935 0.737 198 0 199.693 0 0 1
43670 9 6 3 0 0.008 0.265 0.172 0.935 0.737 249.311 0 249.961 0 0 1
43670 10 6 3 0 0.008 0.265 0.172 0.935 0.737 206.992 0 209.501 0 0 1
43670 1 6 3 0 0.083 0.348 0.077 0.996 0.07 248.307 3073 249.639 3560.193 0 0
43670 2 6 3 0 0.083 0.348 0.077 0.996 0.07 246.303 1866 249.293 3046.713 0 0
43670 3 6 3 0 0.083 0.348 0.077 0.996 0.07 246.862 2240 249.349 3175.42 0 0
43670 4 6 3 0 0.083 0.348 0.077 0.996 0.07 247.504 2169 249.438 3062.113 0 0
43670 5 6 3 0 0.083 0.348 0.077 0.996 0.07 245.291 1960 249.146 3143.94 0 0
43670 6 6 3 0 0.083 0.348 0.077 0.996 0.07 247.171 2088 249.304 2956.56 0 0
43670 7 6 3 0 0.083 0.348 0.077 0.996 0.07 246.052 2458 249.218 3082.953 0 0
43670 1 6 5 1 0.063 0.338 0.448 0.798 0.926 250 0 250 0 0 1
43670 2 6 5 1 0.063 0.338 0.448 0.798 0.926 250 0 250 0 0 1
43670 3 6 5 1 0.063 0.338 0.448 0.798 0.926 250 0 250 0 0 1
43670 4 6 5 1 0.063 0.338 0.448 0.798 0.926 250 0 250 0 0 1
43670 5 6 5 1 0.063 0.338 0.448 0.798 0.926 250 0 250 0 0 1
43670 6 6 5 1 0.063 0.338 0.448 0.798 0.926 250 1 250 1 0 1
43670 7 6 5 1 0.063 0.338 0.448 0.798 0.926 250 0 250 0 0 1
43670 8 6 5 1 0.063 0.338 0.448 0.798 0.926 250 1 250 1 0 1
43670 9 6 5 1 0.063 0.338 0.448 0.798 0.926 250 0 250 0 0 1
43670 10 6 5 1 0.063 0.338 0.448 0.798 0.926 250 0 250 0 0 1
43670 1 6 5 1 0.077 0.227 0.36 0.896 0.764 250 1 250 1 0 1
43670 2 6 5 1 0.077 0.227 0.36 0.896 0.764 250 0 250 0 0 1
43670 3 6 5 1 0.077 0.227 0.36 0.896 0.764 250 0 250 0 0 1
43670 4 6 5 1 0.077 0.227 0.36 0.896 0.764 250 0 250 0 0 1
43670 5 6 5 1 0.077 0.227 0.36 0.896 0.764 250 0 250 0 0 1
43670 6 6 5 1 0.077 0.227 0.36 0.896 0.764 250 0 250 0 0 1
43670 7 6 5 1 0.077 0.227 0.36 0.896 0.764 250 0 250 0 0 1
43670 8 6 5 1 0.077 0.227 0.36 0.896 0.764 250 0 250 0 0 1
43670 9 6 5 1 0.077 0.227 0.36 0.896 0.764 250 1 250 1 0 1
43670 10 6 5 1 0.077 0.227 0.36 0.896 0.764 250 0 250 0 0 1
43670 1 6 5 1 0.086 0.249 0.172 0.766 0.863 250 0 250 0 0 1
43670 2 6 5 1 0.086 0.249 0.172 0.766 0.863 250 1 250 1 0 1
43670 3 6 5 1 0.086 0.249 0.172 0.766 0.863 250 0 250 0 0 1
43670 4 6 5 1 0.086 0.249 0.172 0.766 0.863 250 0 250 0 0 1
43670 5 6 5 1 0.086 0.249 0.172 0.766 0.863 250 0 250 0.073 0 1
43670 6 6 5 1 0.086 0.249 0.172 0.766 0.863 250 0 250 0 0 1
43670 7 6 5 1 0.086 0.249 0.172 0.766 0.863 250 0 250 0 0 1
43670 8 6 5 1 0.086 0.249 0.172 0.766 0.863 250 0 250 0 0 1
43670 9 6 5 1 0.086 0.249 0.172 0.766 0.863 250 0 250 0 0 1
43670 10 6 5 1 0.086 0.249 0.172 0.766 0.863 250 0 250 0 0 1
43670 1 6 5 1 0.082 0.01 0.046 0.755 0.349 249.956 1 250 1 0 1
43670 2 6 5 1 0.082 0.01 0.046 0.755 0.349 250 0 250 0 0 1
43670 3 6 5 1 0.082 0.01 0.046 0.755 0.349 250 0 250 0 0 1
43670 4 6 5 1 0.082 0.01 0.046 0.755 0.349 250 0 250 0 0 1
43670 5 6 5 1 0.082 0.01 0.046 0.755 0.349 250 1 250 1 0 1
43670 6 6 5 1 0.082 0.01 0.046 0.755 0.349 250 1 250 1 0 1
43670 7 6 5 1 0.082 0.01 0.046 0.755 0.349 250 1 250 1 0 1
43670 8 6 5 1 0.082 0.01 0.046 0.755 0.349 250 0 250 0 0 1
43670 9 6 5 1 0.082 0.01 0.046 0.755 0.349 250 0 250 0 0 1
43670 10 6 5 1 0.082 0.01 0.046 0.755 0.349 250 0 250 0.687 0 1
43670 1 6 5 1 0.006 0.103 0.288 0.907 0.59 250 0 250 0 0 1
43670 2 6 5 1 0.006 0.103 0.288 0.907 0.59 250 0 250 0 0 1
43670 3 6 5 1 0.006 0.103 0.288 0.907 0.59 250 0 250 0 0 1
43670 4 6 5 1 0.006 0.103 0.288 0.907 0.59 250 2 250 2 0 1
43670 5 6 5 1 0.006 0.103 0.288 0.907 0.59 250 0 250 0 0 1
43670 6 6 5 1 0.006 0.103 0.288 0.907 0.59 250 0 250 0 0 1
43670 7 6 5 1 0.006 0.103 0.288 0.907 0.59 250 0 250 0 0 1
43670 8 6 5 1 0.006 0.103 0.288 0.907 0.59 250 0 250 0 0 1
43670 9 6 5 1 0.006 0.103 0.288 0.907 0.59 250 1 250 1 0 1
43670 10 6 5 1 0.006 0.103 0.288 0.907 0.59 250 0 250 0 0 1
43670 1 6 5 1 0.058 0.201 0.06 0.917 0.902 250 0 250 0 0 1
43670 2 6 5 1 0.058 0.201 0.06 0.917 0.902 250 0 250 0 0 1
43670 3 6 5 1 0.058 0.201 0.06 0.917 0.902 250 0 250 0 0 1
43670 4 6 5 1 0.058 0.201 0.06 0.917 0.902 250 0 250 0 0 1
43670 5 6 5 1 0.058 0.201 0.06 0.917 0.902 250 0 250 0 0 1
43670 6 6 5 1 0.058 0.201 0.06 0.917 0.902 250 0 250 0 0 1
43670 7 6 5 1 0.058 0.201 0.06 0.917 0.902 250 0 250 0 0 1
43670 8 6 5 1 0.058 0.201 0.06 0.917 0.902 250 0 250 0 0 1
43670 9 6 5 1 0.058 0.201 0.06 0.917 0.902 250 0 250 0 0 1
43670 10 6 5 1 0.058 0.201 0.06 0.917 0.902 250 0 250 0 0 1
43670 1 6 5 1 0.101 0.316 0.348 0.812 0.932 250 0 250 0 0 1
43670 2 6 5 1 0.101 0.316 0.348 0.812 0.932 250 0 250 0 0 1
43670 3 6 5 1 0.101 0.316 0.348 0.812 0.932 250 0 250 0 0 1
43670 4 6 5 1 0.101 0.316 0.348 0.812 0.932 250 0 250 0.553 0 1
43670 5 6 5 1 0.101 0.316 0.348 0.812 0.932 250 0 250 0 0 1
43670 6 6 5 1 0.101 0.316 0.348 0.812 0.932 250 0 250 0 0 1
43670 7 6 5 1 0.101 0.316 0.348 0.812 0.932 250 1 250 1 0 1
43670 8 6 5 1 0.101 0.316 0.348 0.812 0.932 250 0 250 0 0 1
43670 9 6 5 1 0.101 0.316 0.348 0.812 0.932 250 0 250 0 0 1
43670 10 6 5 1 0.101 0.316 0.348 0.812 0.932 250 0 250 0 0 1
43670 1 6 5 1 0.064 0.166 0.178 0.829 0.795 250 1 250 1 0 1
43670 2 6 5 1 0.064 0.166 0.178 0.829 0.795 250 0 250 0 0 1
43670 3 6 5 1 0.064 0.166 0.178 0.829 0.795 250 0 250 0 0 1
43670 4 6 5 1 0.064 0.166 0.178 0.829 0.795 250 0 250 0 0 1
43670 5 6 5 1 0.064 0.166 0.178 0.829 0.795 250 0 250 0 0 1
43670 6 6 5 1 0.064 0.166 0.178 0.829 0.795 250 0 250 0.173 0 1
43670 7 6 5 1 0.064 0.166 0.178 0.829 0.795 250 0 250 0 0 1
43670 8 6 5 1 0.064 0.166 0.178 0.829 0.795 250 0 250 0 0 1
43670 9 6 5 1 0.064 0.166 0.178 0.829 0.795 250 1 250 1 0 1
43670 10 6 5 1 0.064 0.166 0.178 0.829 0.795 250 1 250 1 0 1
43670 1 6 5 1 0.042 0.382 0.026 0.943 0.609 141.474 26 150.6 39.273 0 0
43670 2 6 5 1 0.042 0.382 0.026 0.943 0.609 110.333 49 132.556 67.447 0 0
43670 1 6 10 0 0.084 0.064 0.115 0.819 0.767 250 0 250 0 0 1
43670 2 6 10 0 0.084 0.064 0.115 0.819 0.767 250 0 250 0 0 1
43670 3 6 10 0 0.084 0.064 0.115 0.819 0.767 250 0 250 0 0 1
43670 4 6 10 0 0.084 0.064 0.115 0.819 0.767 250 0 250 0 0 1
43670 5 6 10 0 0.084 0.064 0.115 0.819 0.767 250 0 250 0 0 1
43670 6 6 10 0 0.084 0.064 0.115 0.819 0.767 250 0 250 0 0 1
43670 7 6 10 0 0.084 0.064 0.115 0.819 0.767 250 0 250 0 0 1
43670 8 6 10 0 0.084 0.064 0.115 0.819 0.767 250 0 250 0 0 1
43670 9 6 10 0 0.084 0.064 0.115 0.819 0.767 250 0 250 0 0 1
43670 10 6 10 0 0.084 0.064 0.115 0.819 0.767 250 0 250 0 0 1
43670 1 6 10 0 0.07 0.048 0.127 0.972 0.829 250 0 250 0 0 1
43670 2 6 10 0 0.07 0.048 0.127 0.972 0.829 250 0 250 0 0 1
43670 3 6 10 0 0.07 0.048 0.127 0.972 0.829 250 0 250 0 0 1
43670 4 6 10 0 0.07 0.048 0.127 0.972 0.829 250 0 250 0 0 1
43670 5 6 10 0 0.07 0.048 0.127 0.972 0.829 250 0 250 0 0 1
43670 6 6 10 0 0.07 0.048 0.127 0.972 0.829 250 0 250 0 0 1
43670 7 6 10 0 0.07 0.048 0.127 0.972 0.829 250 0 250 0 0 1
43670 8 6 10 0 0.07 0.048 0.127 0.972 0.829 250 0 250 0 0 1
43670 9 6 10 0 0.07 0.048 0.127 0.972 0.829 250 0 250 0 0 1
43670 10 6 10 0 0.07 0.048 0.127 0.972 0.829 250 0 250 0 0 1
43670 1 6 10 0 0.096 0.218 0.044 0.755 0.857 250 0 250 0.213 0 1
43670 2 6 10 0 0.096 0.218 0.044 0.755 0.857 250 0 250 0 0 1
43670 3 6 10 0 0.096 0.218 0.044 0.755 0.857 250 0 250 0 0 1
43670 4 6 10 0 0.096 0.218 0.044 0.755 0.857 250 1 250 1 0 1
43670 5 6 10 0 0.096 0.218 0.044 0.755 0.857 250 0 250 0 0 1
43670 6 6 10 0 0.096 0.218 0.044 0.755 0.857 250 0 250 0 0 1
43670 7 6 10 0 0.096 0.218 0.044 0.755 0.857 250 0 250 0 0 1
43670 8 6 10 0 0.096 0.218 0.044 0.755 0.857 250 0 250 0 0 1
43670 9 6 10 0 0.096 0.218 0.044 0.755 0.857 250 0 250 0 0 1
43670 10 6 10 0 0.096 0.218 0.044 0.755 0.857 250 0 250 0 0 1
43670 1 6 10 0 0.028 0.405 0.317 0.986 0.998 250 0 250 0 0 1
43670 2 6 10 0 0.028 0.405 0.317 0.986 0.998 250 0 250 0 0 1
43670 3 6 10 0 0.028 0.405 0.317 0.986 0.998 250 0 250 0 0 1
43670 4 6 10 0 0.028 0.405 0.317 0.986 0.998 250 0 250 0 0 1
43670 5 6 10 0 0.028 0.405 0.317 0.986 0.998 250 0 250 0 0 1
43670 6 6 10 0 0.028 0.405 0.317 0.986 0.998 250 0 250 0 0 1
43670 7 6 10 0 0.028 0.405 0.317 0.986 0.998 250 0 250 0 0 1
43670 8 6 10 0 0.028 0.405 0.317 0.986 0.998 250 0 250 0 0 1
43670 9 6 10 0 0.028 0.405 0.317 0.986 0.998 250 0 250 0 0 1
43670 10 6 10 0 0.028 0.405 0.317 0.986 0.998 250 0 250 0 0 1
43670 1 6 10 0 0.029 0.113 0.088 0.784 0.446 234.822 19 244.968 131.673 0 0
43670 2 6 10 0 0.029 0.113 0.088 0.784 0.446 233.596 37 245.491 145.08 0 0
43670 3 6 10 0 0.029 0.113 0.088 0.784 0.446 234.118 23 245.035 116.973 0 0
43670 4 6 10 0 0.029 0.113 0.088 0.784 0.446 227.775 21 244.687 91.413 0 0
43670 5 6 10 0 0.029 0.113 0.088 0.784 0.446 233.381 28 245.039 137.26 0 0
43670 6 6 10 0 0.029 0.113 0.088 0.784 0.446 233.021 27 244.741 137.567 0 0
43670 7 6 10 0 0.029 0.113 0.088 0.784 0.446 237.506 27 246.591 122.76 0 0
43670 8 6 10 0 0.029 0.113 0.088 0.784 0.446 227.044 23 243.529 147.707 0 0
43670 9 6 10 0 0.029 0.113 0.088 0.784 0.446 236.168 20 245.74 101.273 0 0
43670 10 6 10 0 0.029 0.113 0.088 0.784 0.446 235.596 23 246.687 139 0 0
43670 1 6 10 0 0.005 0.189 0.107 0.825 0.54 245.848 2 249.326 5.073 0 0.94
43670 2 6 10 0 0.005 0.189 0.107 0.825 0.54 244.099 3 249.1 8.473 0 0.887
43670 3 6 10 0 0.005 0.189 0.107 0.825 0.54 245.261 6 249.37 11.893 0 0.86
43670 4 6 10 0 0.005 0.189 0.107 0.825 0.54 243.743 1 249.251 3.727 0 0.907
43670 5 6 10 0 0.005 0.189 0.107 0.825 0.54 246.549 1 249.541 4.68 0 0.92
43670 6 6 10 0 0.005 0.189 0.107 0.825 0.54 245.521 0 249.453 7.427 0 0.88
43670 7 6 10 0 0.005 0.189 0.107 0.825 0.54 244.906 0 249.18 7.567 0 0.833
43670 8 6 10 0 0.005 0.189 0.107 0.825 0.54 241.103 1 248.513 7.293 0 0.873
43670 9 6 10 0 0.005 0.189 0.107 0.825 0.54 242.297 0 249.243 5.673 0 0.853
43670 10 6 10 0 0.005 0.189 0.107 0.825 0.54 246.261 1 249.296 3.88 0 0.913
43670 1 6 10 0 0.092 0.002 0.28 0.759 0.983 250 0 250 0 0 1
43670 2 6 10 0 0.092 0.002 0.28 0.759 0.983 250 0 250 0 0 1
43670 3 6 10 0 0.092 0.002 0.28 0.759 0.983 250 0 250 0 0 1
43670 4 6 10 0 0.092 0.002 0.28 0.759 0.983 250 0 250 0 0 1
43670 5 6 10 0 0.092 0.002 0.28 0.759 0.983 250 0 250 0 0 1
43670 6 6 10 0 0.092 0.002 0.28 0.759 0.983 250 0 250 0 0 1
43670 7 6 10 0 0.092 0.002 0.28 0.759 0.983 250 0 250 0 0 1
43670 8 6 10 0 0.092 0.002 0.28 0.759 0.983 250 0 250 0 0 1
43670 9 6 10 0 0.092 0.002 0.28 0.759 0.983 250 1 250 1 0 1
43670 10 6 10 0 0.092 0.002 0.28 0.759 0.983 250 0 250 0 0 1
43670 1 6 10 0 0.022 0.36 0.168 0.948 0.266 233.878 45 246.457 703.447 0 0
43670 2 6 10 0 0.022 0.36 0.168 0.948 0.266 237.807 38 246.827 664.667 0 0
43670 3 6 10 0 0.022 0.36 0.168 0.948 0.266 237.473 37 246.73 665.507 0 0
43670 4 6 10 0 0.022 0.36 0.168 0.948 0.266 238.981 36 246.987 724.253 0 0
43670 5 6 10 0 0.022 0.36 0.168 0.948 0.266 236.757 34 246.683 754.207 0 0
43670 6 6 10 0 0.022 0.36 0.168 0.948 0.266 235.585 31 246.525 537.213 0 0
43670 7 6 10 0 0.022 0.36 0.168 0.948 0.266 238.576 31 246.747 600.44 0 0
43670 8 6 10 0 0.022 0.36 0.168 0.948 0.266 238.172 34 246.863 699.36 0 0
43670 9 6 10 0 0.022 0.36 0.168 0.948 0.266 240.222 31 247.022 673.573 0 0
43670 10 6 10 0 0.022 0.36 0.168 0.948 0.266 239.918 37 246.759 687.873 0 0
43670 1 6 10 0 0.044 0.381 0.34 0.947 0.071 232.751 32 246.199 823.787 0 0
43670 2 6 10 0 0.044 0.381 0.34 0.947 0.071 239.262 34 247.59 1022.773 0 0
43670 3 6 10 0 0.044 0.381 0.34 0.947 0.071 234.721 51 245.279 1080.72 0 0
43670 4 6 10 0 0.044 0.381 0.34 0.947 0.071 231.223 30 245.992 1099.173 0 0
43670 5 6 10 0 0.044 0.381 0.34 0.947 0.071 239.749 39 246.297 986.913 0 0
43670 6 6 10 0 0.044 0.381 0.34 0.947 0.071 237.626 45 246.305 1125.653 0 0
43670 7 6 10 0 0.044 0.381 0.34 0.947 0.071 238.132 46 245.728 1075.727 0 0
43670 8 6 10 0 0.044 0.381 0.34 0.947 0.071 233.06 31 245.844 960.94 0 0
43670 9 6 10 0 0.044 0.381 0.34 0.947 0.071 235.944 43 246.304 992.293 0 0
43670 10 6 10 0 0.044 0.381 0.34 0.947 0.071 238.393 46 246.126 937.967 0 0
43670 1 6 10 0 0.037 0.376 0.183 0.908 0.891 250 0 250 0 0 1
43670 1 6 3 1 0.073 0.293 0.152 0.93 0.493 56.198 239 63.817 340.793 0 0
43670 2 6 3 1 0.073 0.293 0.152 0.93 0.493 49.147 239 56.062 329.18 0 0
43670 3 6 3 1 0.073 0.293 0.152 0.93 0.493 38.624 239 47.801 335.78 0 0
43670 4 6 3 1 0.073 0.293 0.152 0.93 0.493 46.016 215 51.275 324.893 0 0
43670 5 6 3 1 0.073 0.293 0.152 0.93 0.493 44.196 231 51.206 331.773 0 0
43670 6 6 3 1 0.073 0.293 0.152 0.93 0.493 31.72 257 37.825 344.02 0 0
43670 7 6 3 1 0.073 0.293 0.152 0.93 0.493 37.085 229 46.057 334.967 0 0
43670 8 6 3 1 0.073 0.293 0.152 0.93 0.493 38.711 234 43.65 337.087 0 0
43670 9 6 3 1 0.073 0.293 0.152 0.93 0.493 52.78 240 58.46 349.227 0 0
43670 10 6 3 1 0.073 0.293 0.152 0.93 0.493 47.029 244 52.992 366.273 0 0
43670 1 6 3 1 0.068 0.194 0.129 0.903 0.676 32.439 18 50.234 24.88 0 0
43670 2 6 3 1 0.068 0.194 0.129 0.903 0.676 0.05 25 0.207 30.593 1 0
43670 3 6 3 1 0.068 0.194 0.129 0.903 0.676 245.197 0 248.235 0 0 1
43670 4 6 3 1 0.068 0.194 0.129 0.903 0.676 224.113 2 227.835 2 0 1
43670 5 6 3 1 0.068 0.194 0.129 0.903 0.676 20.36 11 44.605 13.48 0 0
43670 6 6 3 1 0.068 0.194 0.129 0.903 0.676 0 18 0.015 18.16 1 0
43670 7 6 3 1 0.068 0.194 0.129 0.903 0.676 0 18 0 18 1 0
43670 8 6 3 1 0.068 0.194 0.129 0.903 0.676 7.402 20 13.882 23.647 0 0
43670 9 6 3 1 0.068 0.194 0.129 0.903 0.676 0 20 0.173 23.22 1 0
43670 10 6 3 1 0.068 0.194 0.129 0.903 0.676 0 32 0.079 34.747 1 0
43670 1 6 3 1 0.043 0.102 0.166 0.86 0.141 243.991 1080 247.74 1404.02 0 0
43670 2 6 3 1 0.043 0.102 0.166 0.86 0.141 239.427 973 245.97 1311.12 0 0
43670 3 6 3 1 0.043 0.102 0.166 0.86 0.141 241.098 826 245.695 1219.887 0 0
43670 4 6 3 1 0.043 0.102 0.166 0.86 0.141 243.622 891 247.244 1248.553 0 0
43670 5 6 3 1 0.043 0.102 0.166 0.86 0.141 240.947 822 246.262 1296.493 0 0
43670 6 6 3 1 0.043 0.102 0.166 0.86 0.141 242.057 1037 246.606 1268.607 0 0
43670 7 6 3 1 0.043 0.102 0.166 0.86 0.141 242.224 1036 245.973 1306.207 0 0
43670 8 6 3 1 0.043 0.102 0.166 0.86 0.141 242.226 1068 246.571 1331.173 0 0
43670 9 6 3 1 0.043 0.102 0.166 0.86 0.141 243.454 1035 246.938 1365.673 0 0
43670 10 6 3 1 0.043 0.102 0.166 0.86 0.141 240.395 864 245.906 1222.933 0 0
43670 1 6 3 1 0.016 0.082 0.276 0.879 0.489 208.399 0 209.816 0 0 1
43670 2 6 3 1 0.016 0.082 0.276 0.879 0.489 192.596 0 198.733 0 0 1
43670 3 6 3 1 0.016 0.082 0.276 0.879 0.489 198.593 0 199.845 0 0 1
43670 4 6 3 1 0.016 0.082 0.276 0.879 0.489 205.98 0 209.284 0 0 1
43670 5 6 3 1 0.016 0.082 0.276 0.879 0.489 207.535 0 209.686 0 0 1
43670 6 6 3 1 0.016 0.082 0.276 0.879 0.489 207.827 1 209.658 1.893 0 1
43670 7 6 3 1 0.016 0.082 0.276 0.879 0.489 196.588 0 199.133 0.067 0 1
43670 8 6 3 1 0.016 0.082 0.276 0.879 0.489 190.192 0 196.84 0.827 0 1
43670 9 6 3 1 0.016 0.082 0.276 0.879 0.489 229 0 229.902 0 0 1
43670 10 6 3 1 0.016 0.082 0.276 0.879 0.489 229.236 0 229.97 0 0 1
43670 1 6 3 1 0.081 0.491 0.36 0.923 0.075 244.5 1351 248.149 1649.973 0 0
43670 2 6 3 1 0.081 0.491 0.36 0.923 0.075 244.283 1404 247.785 1650.013 0 0
43670 3 6 3 1 0.081 0.491 0.36 0.923 0.075 244.509 1481 247.886 1726.92 0 0
43670 4 6 3 1 0.081 0.491 0.36 0.923 0.075 245.021 1577 248.177 1819.5 0 0
43670 5 6 3 1 0.081 0.491 0.36 0.923 0.075 244.122 1592 248.446 1823.6 0 0
43670 6 6 3 1 0.081 0.491 0.36 0.923 0.075 244.392 1384 248.117 1704.647 0 0
43670 7 6 3 1 0.081 0.491 0.36 0.923 0.075 245.317 1448 248.131 1741.227 0 0
43670 8 6 3 1 0.081 0.491 0.36 0.923 0.075 243.392 1507 247.981 1744.573 0 0
43670 9 6 3 1 0.081 0.491 0.36 0.923 0.075 244.881 1542 248.161 1792.773 0 0
43670 10 6 3 1 0.081 0.491 0.36 0.923 0.075 244.123 1312 247.823 1672.98 0 0
43670 1 6 3 1 0.085 0.352 0.085 0.786 0.424 218.836 278 226.481 723.82 0 0
43670 2 6 3 1 0.085 0.352 0.085 0.786 0.424 221.786 211 229.043 706.12 0 0
43670 3 6 3 1 0.085 0.352 0.085 0.786 0.424 220.798 259 231.064 672.427 0 0
43670 4 6 3 1 0.085 0.352 0.085 0.786 0.424 214.15 306 221.638 753.807 0 0
43670 5 6 3 1 0.085 0.352 0.085 0.786 0.424 213.248 305 227.761 706.94 0 0
43670 6 6 3 1 0.085 0.352 0.085 0.786 0.424 227.211 242 234.212 701.733 0 0
43670 7 6 3 1 0.085 0.352 0.085 0.786 0.424 213.397 248 228.757 769.047 0 0
43670 8 6 3 1 0.085 0.352 0.085 0.786 0.424 209.131 243 219.444 695.78 0 0
43670 9 6 3 1 0.085 0.352 0.085 0.786 0.424 211.872 237 220.558 738.907 0 0
43670 10 6 3 1 0.085 0.352 0.085 0.786 0.424 216.61 291 229.055 719.313 0 0
43670 1 6 3 1 0.098 0.142 0.117 0.878 0.245 236.617 696 243.719 1012.187 0 0
43670 2 6 3 1 0.098 0.142 0.117 0.878 0.245 230.308 687 240.448 1047.113 0 0
43670 3 6 3 1 0.098 0.142 0.117 0.878 0.245 230.262 773 238.826 1080.473 0 0
43670 4 6 3 1 0.098 0.142 0.117 0.878 0.245 236.666 884 245.204 1224.307 0 0
43670 5 6 3 1 0.098 0.142 0.117 0.878 0.245 231.016 763 241.188 1084.587 0 0
43670 6 6 3 1 0.098 0.142 0.117 0.878 0.245 225.865 633 238.08 1037.6 0 0
43670 7 6 3 1 0.098 0.142 0.117 0.878 0.245 234.408 932 245.899 1251.293 0 0
43670 8 6 3 1 0.098 0.142 0.117 0.878 0.245 236.06 814 243.444 1098.74 0 0
43670 9 6 3 1 0.098 0.142 0.117 0.878 0.245 234.738 609 241.301 1094.887 0 0
43670 10 6 3 1 0.098 0.142 0.117 0.878 0.245 223.408 931 229.932 1128.473 0 0
43670 1 6 3 1 0.09 0.313 0.311 0.85 0.191 239.385 838 246.045 1191.747 0 0
43670 2 6 3 1 0.09 0.313 0.311 0.85 0.191 241.621 957 246.439 1253.7 0 0
43670 3 6 3 1 0.09 0.313 0.311 0.85 0.191 241.555 975 247.183 1259.92 0 0
43670 4 6 3 1 0.09 0.313 0.311 0.85 0.191 241.232 870 245.72 1164.253 0 0
43670 5 6 3 1 0.09 0.313 0.311 0.85 0.191 241.193 889 246.493 1231.127 0 0
43670 6 6 3 1 0.09 0.313 0.311 0.85 0.191 239.244 1031 245.429 1275.033 0 0
43670 7 6 3 1 0.09 0.313 0.311 0.85 0.191 243.099 889 246.838 1260.653 0 0
43670 8 6 3 1 0.09 0.313 0.311 0.85 0.191 241.033 797 245.876 1155.3 0 0
43670 9 6 3 1 0.09 0.313 0.311 0.85 0.191 243.092 874 246.651 1164.973 0 0
43670 10 6 3 1 0.09 0.313 0.311 0.85 0.191 242.492 787 246.758 1144.84 0 0
43670 1 6 3 1 0.017 0.263 0.125 0.966 0.375 172.811 397 189.912 648.733 0 0
43670 1 6 3 1 0.014 0.075 0.13 0.999 0.137 243.689 1028 247.606 1465.52 0 0
43670 2 6 3 1 0.014 0.075 0.13 0.999 0.137 243.357 1203 247.426 1422.473 0 0
43670 3 6 3 1 0.014 0.075 0.13 0.999 0.137 243.164 943 247.381 1375.247 0 0
43670 4 6 3 1 0.014 0.075 0.13 0.999 0.137 242.861 1008 247.312 1403.74 0 0
43670 5 6 3 1 0.014 0.075 0.13 0.999 0.137 243.844 1141 247.346 1372.313 0 0
43670 6 6 3 1 0.014 0.075 0.13 0.999 0.137 243.351 927 246.901 1322.113 0 0
43670 7 6 3 1 0.014 0.075 0.13 0.999 0.137 244.152 966 247.933 1393.76 0 0
43670 8 6 3 1 0.014 0.075 0.13 0.999 0.137 242.245 1067 247.19 1391.927 0 0
43670 9 6 3 1 0.014 0.075 0.13 0.999 0.137 242.705 1036 247.117 1420.427 0 0
43670 10 6 3 1 0.014 0.075 0.13 0.999 0.137 241.83 862 247.271 1318.66 0 0
43670 1 6 3 1 0.107 0.25 0.269 0.866 0.092 244.051 1383 247.985 1728.26 0 0
43670 2 6 3 1 0.107 0.25 0.269 0.866 0.092 243.486 1375 247.568 1646.127 0 0
43670 3 6 3 1 0.107 0.25 0.269 0.866 0.092 244.643 1535 248.294 1888.873 0 0
43670 4 6 3 1 0.107 0.25 0.269 0.866 0.092 244.025 1434 248.165 1710.847 0 0
43670 5 6 3 1 0.107 0.25 0.269 0.866 0.092 244.836 1454 247.882 1657.88 0 0
43670 6 6 3 1 0.107 0.25 0.269 0.866 0.092 245.161 1462 248.272 1680.133 0 0
43670 7 6 3 1 0.107 0.25 0.269 0.866 0.092 244.205 1401 248.437 1709.433 0 0
43670 8 6 3 1 0.107 0.25 0.269 0.866 0.092 243.822 1404 247.926 1751.74 0 0
43670 9 6 3 1 0.107 0.25 0.269 0.866 0.092 241.29 1471 247.979 1794.993 0 0
43670 10 6 3 1 0.107 0.25 0.269 0.866 0.092 245.952 1621 248.447 1851.22 0 0
43670 1 6 3 1 0.001 0.199 0.453 0.768 0.982 196.093 0 199.265 0 0 1
43670 2 6 3 1 0.001 0.199 0.453 0.768 0.982 206.845 1 209.394 1 0 1
43670 3 6 3 1 0.001 0.199 0.453 0.768 0.982 209.18 0 209.924 0 0 1
43670 4 6 3 1 0.001 0.199 0.453 0.768 0.982 207.892 1 209.558 1.12 0 1
43670 5 6 3 1 0.001 0.199 0.453 0.768 0.982 249.576 0 249.973 0 0 1
43670 6 6 3 1 0.001 0.199 0.453 0.768 0.982 228.323 0 229.872 0 0 1
43670 7 6 3 1 0.001 0.199 0.453 0.768 0.982 208.606 0 209.877 0 0 1
43670 8 6 3 1 0.001 0.199 0.453 0.768 0.982 208.603 0 209.853 0 0 1
43670 9 6 3 1 0.001 0.199 0.453 0.768 0.982 207.558 2 209.684 2 0 1
43670 10 6 3 1 0.001 0.199 0.453 0.768 0.982 209 1 209.831 1 0 1
43670 1 6 3 1 0.03 0.011 0.209 0.879 0.245 208.109 0 209.809 0 0 1
43670 2 6 3 1 0.03 0.011 0.209 0.879 0.245 206.284 0 209.667 0 0 1
43670 3 6 3 1 0.03 0.011 0.209 0.879 0.245 208.15 0 209.835 0 0 1
43670 4 6 3 1 0.03 0.011 0.209 0.879 0.245 208.747 0 209.918 0 0 1
43670 5 6 3 1 0.03 0.011 0.209 0.879 0.245 205.946 0 208.179 0 0 1
43670 6 6 3 1 0.03 0.011 0.209 0.879 0.245 207.186 0 209.164 0 0 1
43670 7 6 3 1 0.03 0.011 0.209 0.879 0.245 206.796 1 209.334 1 0 1
43670 8 6 3 1 0.03 0.011 0.209 0.879 0.245 228.639 1 229.891 1 0 1
43670 9 6 3 1 0.03 0.011 0.209 0.879 0.245 208.789 0 209.818 0 0 1
43670 10 6 3 1 0.03 0.011 0.209 0.879 0.245 208.038 0 209.86 0 0 1
43670 1 6 3 1 0.085 0.326 0.346 0.783 0.205 239.983 846 245.108 1145.453 0 0
43670 2 6 3 1 0.085 0.326 0.346 0.783 0.205 239.154 519 244.538 1065.347 0 0
43670 3 6 3 1 0.085 0.326 0.346 0.783 0.205 238.117 771 245.906 1153.14 0 0
43670 4 6 3 1 0.085 0.326 0.346 0.783 0.205 239.236 855 244.656 1115.007 0 0
43670 5 6 3 1 0.085 0.326 0.346 0.783 0.205 236.984 794 243.933 1080.6 0 0
43670 6 6 3 1 0.085 0.326 0.346 0.783 0.205 241.032 828 245.794 1160.9 0 0
43670 7 6 3 1 0.085 0.326 0.346 0.783 0.205 232.795 690 243.706 1137.46 0 0
43670 8 6 3 1 0.085 0.326 0.346 0.783 0.205 240.051 972 246.594 1202.32 0 0
43670 9 6 3 1 0.085 0.326 0.346 0.783 0.205 238.386 752 243.512 1098.793 0 0
43670 10 6 3 1 0.085 0.326 0.346 0.783 0.205 237.98 659 245.613 1108.127 0 0
43670 1 6 3 1 0.034 0.111 0.408 0.947 0.878 228.918 0 229.939 0 0 1
43670 2 6 3 1 0.034 0.111 0.408 0.947 0.878 206.323 2 209.65 2.353 0 1
43670 3 6 3 1 0.034 0.111 0.408 0.947 0.878 208.454 0 210.196 0 0 1
43670 4 6 3 1 0.034 0.111 0.408 0.947 0.878 227.57 1 229.92 1 0 1
43670 5 6 3 1 0.034 0.111 0.408 0.947 0.878 208.09 0 209.717 0.033 0 1
43670 6 6 3 1 0.034 0.111 0.408 0.947 0.878 208.607 0 209.889 0 0 1
43670 7 6 3 1 0.034 0.111 0.408 0.947 0.878 229.239 1 229.921 1 0 1
43670 8 6 3 1 0.034 0.111 0.408 0.947 0.878 208.507 0 209.858 0 0 1
43670 9 6 3 1 0.034 0.111 0.408 0.947 0.878 206.383 0 208.728 0 0 1
43670 10 6 3 1 0.034 0.111 0.408 0.947 0.878 198.959 0 199.967 0 0 1
43670 1 6 3 1 0.068 0.015 0.084 0.819 0.131 199.669 0 207.241 0 0 1
43670 2 6 3 1 0.068 0.015 0.084 0.819 0.131 208.942 0 209.915 0.6 0 1
43670 3 6 3 1 0.068 0.015 0.084 0.819 0.131 207.419 2 209.617 2 0 1
43670 4 6 3 1 0.068 0.015 0.084 0.819 0.131 198.901 0 207.8 0 0 1
43670 5 6 3 1 0.068 0.015 0.084 0.819 0.131 228.705 0 229.829 0 0 1
43670 6 6 3 1 0.068 0.015 0.084 0.819 0.131 204.279 1 208.788 1.233 0 1
43670 7 6 3 1 0.068 0.015 0.084 0.819 0.131 229.256 0 229.933 0.207 0 1
43670 8 6 3 1 0.068 0.015 0.084 0.819 0.131 221.384 2 228.665 2.387 0 1
43670 9 6 3 1 0.068 0.015 0.084 0.819 0.131 206.674 1 209.227 1 0 1
43670 10 6 3 1 0.068 0.015 0.084 0.819 0.131 229.587 1 230.349 1 0 1
43670 1 6 3 1 0.044 0.283 0.332 0.819 0.08 238.541 1131 245.717 1369.367 0 0
43670 2 6 3 1 0.044 0.283 0.332 0.819 0.08 241.68 1159 246.401 1383.633 0 0
43670 3 6 3 1 0.044 0.283 0.332 0.819 0.08 239.254 1092 244.177 1290.22 0 0
43670 4 6 3 1 0.044 0.283 0.332 0.819 0.08 242.559 1144 246.974 1399.047 0 0
43670 5 6 3 1 0.044 0.283 0.332 0.819 0.08 244.131 1094 247.478 1356.233 0 0
43670 6 6 3 1 0.044 0.283 0.332 0.819 0.08 242.37 1048 246.453 1299.82 0 0
43670 7 6 3 1 0.044 0.283 0.332 0.819 0.08 241.484 1109 246.012 1324.033 0 0
43670 8 6 3 1 0.044 0.283 0.332 0.819 0.08 242.535 1118 246.534 1389.353 0 0
43670 9 6 3 1 0.044 0.283 0.332 0.819 0.08 242.896 1055 246.851 1313.247 0 0
43670 10 6 3 1 0.044 0.283 0.332 0.819 0.08 243.717 1129 247.049 1412.633 0 0
43670 1 6 3 1 0.095 0.17 0.275 0.979 0.608 208.517 0 209.787 0 0 1
43670 1 6 4 0 0.067 0.099 0.234 0.776 0.069 234.842 86 242.505 950.253 0 0
43670 2 6 4 0 0.067 0.099 0.234 0.776 0.069 235.364 77 243.291 1159.107 0 0
43670 3 6 4 0 0.067 0.099 0.234 0.776 0.069 236.426 60 245.593 871.727 0 0
43670 4 6 4 0 0.067 0.099 0.234 0.776 0.069 234.398 65 244.855 887.32 0 0
43670 5 6 4 0 0.067 0.099 0.234 0.776 0.069 237.961 90 244.534 1082.673 0 0
43670 6 6 4 0 0.067 0.099 0.234 0.776 0.069 229.378 64 243.903 989.673 0 0
43670 7 6 4 0 0.067 0.099 0.234 0.776 0.069 234.992 64 245.623 907.847 0 0
43670 8 6 4 0 0.067 0.099 0.234 0.776 0.069 230.928 72 243.826 1129.813 0 0
43670 9 6 4 0 0.067 0.099 0.234 0.776 0.069 232.011 71 244.061 994.873 0 0
43670 10 6 4 0 0.067 0.099 0.234 0.776 0.069 235.959 68 244.845 977.047 0 0
43670 1 6 4 0 0.059 0.274 0.167 0.978 0.014 237.632 1285 247.158 2549.393 0 0
43670 2 6 4 0 0.059 0.274 0.167 0.978 0.014 232.693 505 247.142 2380.933 0 0
43670 3 6 4 0 0.059 0.274 0.167 0.978 0.014 237.52 703 246.901 2386.447 0 0
43670 4 6 4 0 0.059 0.274 0.167 0.978 0.014 242.042 1088 247.616 2471.007 0 0
43670 5 6 4 0 0.059 0.274 0.167 0.978 0.014 242.039 874 248.121 2493.147 0 0
43670 6 6 4 0 0.059 0.274 0.167 0.978 0.014 238.572 875 247.551 2452.847 0 0
43670 7 6 4 0 0.059 0.274 0.167 0.978 0.014 235.828 703 246.741 2411.387 0 0
43670 8 6 4 0 0.059 0.274 0.167 0.978 0.014 237.952 749 246.9 2317.72 0 0
43670 9 6 4 0 0.059 0.274 0.167 0.978 0.014 241.002 956 247.505 2647.447 0 0
43670 10 6 4 0 0.059 0.274 0.167 0.978 0.014 241.373 990 248.469 2617.827 0 0
43670 1 6 4 0 0.035 0.161 0.145 0.999 0.766 250 0 250 0.48 0 1
43670 2 6 4 0 0.035 0.161 0.145 0.999 0.766 250 0 250 0 0 1
43670 3 6 4 0 0.035 0.161 0.145 0.999 0.766 250 0 250 0 0 1
43670 4 6 4 0 0.035 0.161 0.145 0.999 0.766 250 0 250 0 0 1
43670 5 6 4 0 0.035 0.161 0.145 0.999 0.766 250 0 250 0 0 1
43670 6 6 4 0 0.035 0.161 0.145 0.999 0.766 250 0 250 0 0 1
43670 7 6 4 0 0.035 0.161 0.145 0.999 0.766 250 0 250 0 0 1
43670 8 6 4 0 0.035 0.161 0.145 0.999 0.766 250 0 250 0 0 1
43670 9 6 4 0 0.035 0.161 0.145 0.999 0.766 250 0 250 0 0 1
43670 10 6 4 0 0.035 0.161 0.145 0.999 0.766 250 0 250 0 0 1
43670 1 6 4 0 0.12 0.205 0.462 0.784 0.692 250 0 250 0 0 1
43670 2 6 4 0 0.12 0.205 0.462 0.784 0.692 250 0 250 0 0 1
43670 3 6 4 0 0.12 0.205 0.462 0.784 0.692 250 1 250 1 0 1
43670 4 6 4 0 0.12 0.205 0.462 0.784 0.692 250 0 250 0 0 1
43670 5 6 4 0 0.12 0.205 0.462 0.784 0.692 250 0 250 0 0 1
43670 6 6 4 0 0.12 0.205 0.462 0.784 0.692 250 0 250 0 0 1
43670 7 6 4 0 0.12 0.205 0.462 0.784 0.692 249.918 0 249.999 0 0 1
43670 8 6 4 0 0.12 0.205 0.462 0.784 0.692 250 0 250 0 0 1
43670 9 6 4 0 0.12 0.205 0.462 0.784 0.692 250 0 250 0 0 1
43670 10 6 4 0 0.12 0.205 0.462 0.784 0.692 250 0 250 0.107 0 1
43670 1 6 4 0 0.042 0.112 0.037 0.839 0.127 230.628 66 244.254 1798.453 0 0
43670 2 6 4 0 0.042 0.112 0.037 0.839 0.127 237.674 808 245.434 1839.04 0 0
43670 3 6 4 0 0.042 0.112 0.037 0.839 0.127 232.007 210 244.807 1912.027 0 0
43670 4 6 4 0 0.042 0.112 0.037 0.839 0.127 234.217 405 244.262 1787.293 0 0
43670 5 6 4 0 0.042 0.112 0.037 0.839 0.127 232.82 122 244.716 1947.193 0 0
43670 6 6 4 0 0.042 0.112 0.037 0.839 0.127 230.999 113 243.974 1793.087 0 0
43670 7 6 4 0 0.042 0.112 0.037 0.839 0.127 230.738 282 245.538 1911.233 0 0
43670 8 6 4 0 0.042 0.112 0.037 0.839 0.127 227.748 73 243.269 1871.4 0 0
43670 9 6 4 0 0.042 0.112 0.037 0.839 0.127 227.753 118 244.344 1917.267 0 0
43670 10 6 4 0 0.042 0.112 0.037 0.839 0.127 232.347 202 244.196 1743.9 0 0
43670 1 6 4 0 0.109 0.057 0.255 0.988 0.804 250 0 250 0.42 0 1
43670 2 6 4 0 0.109 0.057 0.255 0.988 0.804 250 0 250 0 0 1
43670 3 6 4 0 0.109 0.057 0.255 0.988 0.804 250 0 250 0 0 1
43670 4 6 4 0 0.109 0.057 0.255 0.988 0.804 250 1 250 1 0 1
43670 5 6 4 0 0.109 0.057 0.255 0.988 0.804 250 0 250 0.687 0 1
43670 6 6 4 0 0.109 0.057 0.255 0.988 0.804 249.659 0 249.998 0 0 1
43670 7 6 4 0 0.109 0.057 0.255 0.988 0.804 250 0 250 0 0 1
43670 8 6 4 0 0.109 0.057 0.255 0.988 0.804 250 0 250 0 0 1
43670 9 6 4 0 0.109 0.057 0.255 0.988 0.804 249.949 1 250 1 0 1
43670 10 6 4 0 0.109 0.057 0.255 0.988 0.804 250 0 250 0 0 1
43670 1 6 4 0 0.119 0.231 0.392 0.997 0.301 250 0 250 0 0 1
43670 2 6 4 0 0.119 0.231 0.392 0.997 0.301 247.968 0 249.888 0.727 0 1
43670 3 6 4 0 0.119 0.231 0.392 0.997 0.301 250 0 250 0 0 1
43670 4 6 4 0 0.119 0.231 0.392 0.997 0.301 249.968 0 250 0.513 0 1
43670 5 6 4 0 0.119 0.231 0.392 0.997 0.301 250 0 250 0 0 1
43670 6 6 4 0 0.119 0.231 0.392 0.997 0.301 250 0 250 0 0 1
43670 7 6 4 0 0.119 0.231 0.392 0.997 0.301 249 1 249.951 1 0 1
43670 8 6 4 0 0.119 0.231 0.392 0.997 0.301 250 0 250 0 0 1
43670 9 6 4 0 0.119 0.231 0.392 0.997 0.301 250 0 250 0 0 1
43670 10 6 4 0 0.119 0.231 0.392 0.997 0.301 249.98 1 250 1 0 1
43670 1 6 4 0 0.101 0.267 0.128 0.823 0.733 250 0 250 0 0 1
43670 2 6 4 0 0.101 0.267 0.128 0.823 0.733 250 0 250 0 0 1
43670 3 6 4 0 0.101 0.267 0.128 0.823 0.733 249.925 1 250 1 0 1
43670 4 6 4 0 0.101 0.267 0.128 0.823 0.733 250 0 250 0 0 1
43670 5 6 4 0 0.101 0.267 0.128 0.823 0.733 250 0 250 0 0 1
43670 6 6 4 0 0.101 0.267 0.128 0.823 0.733 250 1 250 1 0 1
43670 7 6 4 0 0.101 0.267 0.128 0.823 0.733 250 0 250 0 0 1
43670 8 6 4 0 0.101 0.267 0.128 0.823 0.733 250 1 250 1 0 1
43670 9 6 4 0 0.101 0.267 0.128 0.823 0.733 250 0 250 0 0 1
43670 10 6 4 0 0.101 0.267 0.128 0.823 0.733 250 0 250 0 0 1
43670 1 6 4 0 0.082 0.103 0.278 0.949 0.22 247.308 1 249.734 1 0 1
43670 2 6 4 0 0.082 0.103 0.278 0.949 0.22 250 0 250 0 0 1
43670 3 6 4 0 0.082 0.103 0.278 0.949 0.22 249.761 0 249.997 0.28 0 1
43670 4 6 4 0 0.082 0.103 0.278 0.949 0.22 249.36 0 249.993 0.467 0 1
43670 5 6 4 0 0.082 0.103 0.278 0.949 0.22 249.372 0 249.992 0 0 1
43670 6 6 4 0 0.082 0.103 0.278 0.949 0.22 250 0 250 0 0 1
43670 1 6 6 1 0.076 0.113 0.307 0.916 0.169 210.361 100 221.473 214.493 0 0
43670 2 6 6 1 0.076 0.113 0.307 0.916 0.169 188.734 83 199.665 207.773 0 0
43670 3 6 6 1 0.076 0.113 0.307 0.916 0.169 198.753 128 214.309 275.14 0 0
43670 4 6 6 1 0.076 0.113 0.307 0.916 0.169 197.351 94 209.326 242.933 0 0
43670 5 6 6 1 0.076 0.113 0.307 0.916 0.169 194.869 140 208.151 254.453 0 0
43670 6 6 6 1 0.076 0.113 0.307 0.916 0.169 211.647 112 220.045 214.6 0 0
43670 7 6 6 1 0.076 0.113 0.307 0.916 0.169 192.313 108 214.184 215.013 0 0
43670 8 6 6 1 0.076 0.113 0.307 0.916 0.169 212.827 129 225.637 219.107 0 0
43670 9 6 6 1 0.076 0.113 0.307 0.916 0.169 208.452 83 219.593 253.833 0 0
43670 10 6 6 1 0.076 0.113 0.307 0.916 0.169 195.687 117 203.839 245.447 0 0
43670 1 6 6 1 0.11 0.374 0.289 0.769 0.919 250 0 250 0 0 1
43670 2 6 6 1 0.11 0.374 0.289 0.769 0.919 250 0 250 0 0 1
43670 3 6 6 1 0.11 0.374 0.289 0.769 0.919 250 0 250 0 0 1
43670 4 6 6 1 0.11 0.374 0.289 0.769 0.919 250 0 250 0 0 1
43670 5 6 6 1 0.11 0.374 0.289 0.769 0.919 250 0 250 0 0 1
43670 6 6 6 1 0.11 0.374 0.289 0.769 0.919 250 0 250 0 0 1
43670 7 6 6 1 0.11 0.374 0.289 0.769 0.919 250 0 250 0 0 1
43670 8 6 6 1 0.11 0.374 0.289 0.769 0.919 250 0 250 0 0 1
43670 9 6 6 1 0.11 0.374 0.289 0.769 0.919 250 0 250 0 0 1
43670 10 6 6 1 0.11 0.374 0.289 0.769 0.919 250 0 250 0 0 1
43670 1 6 6 1 0.063 0.149 0.417 0.885 0.529 250 0 250 0 0 1
43670 2 6 6 1 0.063 0.149 0.417 0.885 0.529 250 0 250 0 0 1
43670 3 6 6 1 0.063 0.149 0.417 0.885 0.529 250 0 250 0 0 1
43670 4 6 6 1 0.063 0.149 0.417 0.885 0.529 250 0 250 0 0 1
43670 5 6 6 1 0.063 0.149 0.417 0.885 0.529 250 1 250 1 0 1
43670 6 6 6 1 0.063 0.149 0.417 0.885 0.529 250 0 250 0 0 1
43670 7 6 6 1 0.063 0.149 0.417 0.885 0.529 250 0 250 0 0 1
43670 8 6 6 1 0.063 0.149 0.417 0.885 0.529 250 0 250 0 0 1
43670 9 6 6 1 0.063 0.149 0.417 0.885 0.529 250 0 250 0 0 1
43670 10 6 6 1 0.063 0.149 0.417 0.885 0.529 250 0 250 0 0 1
43670 1 6 6 1 0.119 0.452 0.139 0.968 0.329 240.382 864 245.438 1160.82 0 0
43670 2 6 6 1 0.119 0.452 0.139 0.968 0.329 240.552 726 245.427 1164.94 0 0
43670 3 6 6 1 0.119 0.452 0.139 0.968 0.329 239.501 659 245.219 1138.773 0 0
43670 4 6 6 1 0.119 0.452 0.139 0.968 0.329 240.601 756 245.863 1201.453 0 0
43670 5 6 6 1 0.119 0.452 0.139 0.968 0.329 240.146 828 245.395 1191.633 0 0
43670 6 6 6 1 0.119 0.452 0.139 0.968 0.329 240.835 900 245.966 1172.64 0 0
43670 7 6 6 1 0.119 0.452 0.139 0.968 0.329 242.914 980 246.34 1203.847 0 0
43670 8 6 6 1 0.119 0.452 0.139 0.968 0.329 240.028 767 246.085 1206.413 0 0
43670 9 6 6 1 0.119 0.452 0.139 0.968 0.329 241.092 827 245.751 1205.707 0 0
43670 10 6 6 1 0.119 0.452 0.139 0.968 0.329 241.718 799 246.273 1220.567 0 0
43670 1 6 6 1 0.057 0.073 0.041 0.883 0.902 250 0 250 0 0 1
43670 2 6 6 1 0.057 0.073 0.041 0.883 0.902 250 0 250 0 0 1
43670 3 6 6 1 0.057 0.073 0.041 0.883 0.902 250 0 250 0 0 1
43670 4 6 6 1 0.057 0.073 0.041 0.883 0.902 250 0 250 0 0 1
43670 5 6 6 1 0.057 0.073 0.041 0.883 0.902 250 0 250 0 0 1
43670 6 6 6 1 0.057 0.073 0.041 0.883 0.902 250 0 250 0 0 1
43670 7 6 6 1 0.057 0.073 0.041 0.883 0.902 250 0 250 0 0 1
43670 8 6 6 1 0.057 0.073 0.041 0.883 0.902 250 0 250 0 0 1
43670 9 6 6 1 0.057 0.073 0.041 0.883 0.902 250 1 250 1 0 1
43670 10 6 6 1 0.057 0.073 0.041 0.883 0.902 250 0 250 0 0 1
43670 1 6 6 1 0.006 0.222 0.48 0.912 0.728 250 0 250 0 0 1
43670 2 6 6 1 0.006 0.222 0.48 0.912 0.728 250 1 250 1 0 1
43670 3 6 6 1 0.006 0.222 0.48 0.912 0.728 250 0 250 0 0 1
43670 4 6 6 1 0.006 0.222 0.48 0.912 0.728 250 0 250 0 0 1
43670 5 6 6 1 0.006 0.222 0.48 0.912 0.728 250 0 250 0 0 1
43670 6 6 6 1 0.006 0.222 0.48 0.912 0.728 250 0 250 0 0 1
43670 7 6 6 1 0.006 0.222 0.48 0.912 0.728 250 0 250 0.327 0 1
43670 8 6 6 1 0.006 0.222 0.48 0.912 0.728 250 0 250 0 0 1
43670 9 6 6 1 0.006 0.222 0.48 0.912 0.728 250 0 250 0 0 1
43670 10 6 6 1 0.006 0.222 0.48 0.912 0.728 250 0 250 0 0 1
43670 1 6 6 1 0.057 0.019 0.043 0.925 0.891 250 1 250 1 0 1
43670 2 6 6 1 0.057 0.019 0.043 0.925 0.891 250 0 250 0 0 1
43670 1 6 7 0 0.098 0.426 0.237 0.936 0.466 242.663 0 248.728 3.047 0 0.88
43670 2 6 7 0 0.098 0.426 0.237 0.936 0.466 242.965 0 248.888 4.52 0 0.88
43670 3 6 7 0 0.098 0.426 0.237 0.936 0.466 242.455 1 248.701 5.707 0 0.847
43670 4 6 7 0 0.098 0.426 0.237 0.936 0.466 240.003 6 247.967 12.093 0 0.813
43670 5 6 7 0 0.098 0.426 0.237 0.936 0.466 239.524 2 248.399 4.38 0 0.9
43670 6 6 7 0 0.098 0.426 0.237 0.936 0.466 242.095 1 248.494 6.027 0 0.847
43670 7 6 7 0 0.098 0.426 0.237 0.936 0.466 234.442 1 248.378 4.947 0 0.88
43670 8 6 7 0 0.098 0.426 0.237 0.936 0.466 240.3 1 248.376 5.42 0 0.887
43670 9 6 7 0 0.098 0.426 0.237 0.936 0.466 244.04 0 248.906 3.893 0 0.887
43670 10 6 7 0 0.098 0.426 0.237 0.936 0.466 240.05 1 248.73 4.707 0 0.907
43670 1 6 7 0 0.078 0.046 0.164 0.999 0.077 234.091 53 244.379 614.013 0 0
43670 2 6 7 0 0.078 0.046 0.164 0.999 0.077 232.223 69 244.486 525.32 0 0
43670 3 6 7 0 0.078 0.046 0.164 0.999 0.077 229.071 56 243.648 469.707 0 0
43670 4 6 7 0 0.078 0.046 0.164 0.999 0.077 234.676 62 243.45 400.867 0 0
43670 5 6 7 0 0.078 0.046 0.164 0.999 0.077 235.032 55 243.833 523.1 0 0
43670 6 6 7 0 0.078 0.046 0.164 0.999 0.077 232.737 51 244.479 666.96 0 0
43670 7 6 7 0 0.078 0.046 0.164 0.999 0.077 233.01 50 244.713 476.387 0 0
43670 8 6 7 0 0.078 0.046 0.164 0.999 0.077 236.964 68 245.485 599.167 0 0
43670 9 6 7 0 0.078 0.046 0.164 0.999 0.077 236.2 57 244.868 607.627 0 0
43670 10 6 7 0 0.078 0.046 0.164 0.999 0.077 231.565 61 245.085 577.907 0 0
43670 1 6 7 0 0.012 0.335 0.464 0.886 0.901 250 0 250 0 0 1
43670 2 6 7 0 0.012 0.335 0.464 0.886 0.901 250 0 250 0 0 1
43670 3 6 7 0 0.012 0.335 0.464 0.886 0.901 250 0 250 0 0 1
43670 4 6 7 0 0.012 0.335 0.464 0.886 0.901 250 0 250 0 0 1
43670 5 6 7 0 0.012 0.335 0.464 0.886 0.901 250 0 250 0 0 1
43670 6 6 7 0 0.012 0.335 0.464 0.886 0.901 250 0 250 0 0 1
43670 7 6 7 0 0.012 0.335 0.464 0.886 0.901 250 0 250 0 0 1
43670 8 6 7 0 0.012 0.335 0.464 0.886 0.901 250 0 250 0 0 1
43670 9 6 7 0 0.012 0.335 0.464 0.886 0.901 250 0 250 0 0 1
43670 10 6 7 0 0.012 0.335 0.464 0.886 0.901 250 0 250 0 0 1
43670 1 6 7 0 0.107 0.018 0.184 0.98 0.04 243.607 0 249.557 0.373 0 0.987
43670 2 6 7 0 0.107 0.018 0.184 0.98 0.04 245.05 3 249.538 3.327 0 0.98
43670 3 6 7 0 0.107 0.018 0.184 0.98 0.04 242.013 0 248.158 2.887 0 0.913
43670 4 6 7 0 0.107 0.018 0.184 0.98 0.04 241.556 1 248.565 1.187 0 0.987
43670 5 6 7 0 0.107 0.018 0.184 0.98 0.04 246.593 1 249.385 1.86 0 0.993
43670 6 6 7 0 0.107 0.018 0.184 0.98 0.04 242.51 2 248.728 6.213 0 0.88
43670 7 6 7 0 0.107 0.018 0.184 0.98 0.04 248.32 0 249.849 0 0 1
43670 8 6 7 0 0.107 0.018 0.184 0.98 0.04 242.278 2 248.554 2.46 0 0.993
43670 9 6 7 0 0.107 0.018 0.184 0.98 0.04 245.43 0 249.567 0.747 0 1
43670 10 6 7 0 0.107 0.018 0.184 0.98 0.04 248.155 1 249.876 1 0 1
43670 1 6 7 0 0.033 0.369 0.331 0.803 0.738 250 0 250 0 0 1
43670 2 6 7 0 0.033 0.369 0.331 0.803 0.738 250 0 250 0 0 1
43670 3 6 7 0 0.033 0.369 0.331 0.803 0.738 250 0 250 0 0 1
43670 4 6 7 0 0.033 0.369 0.331 0.803 0.738 250 0 250 0 0 1
43670 5 6 7 0 0.033 0.369 0.331 0.803 0.738 250 0 250 0 0 1
43670 6 6 7 0 0.033 0.369 0.331 0.803 0.738 250 0 250 0 0 1
43670 7 6 7 0 0.033 0.369 0.331 0.803 0.738 250 0 250 0 0 1
43670 8 6 7 0 0.033 0.369 0.331 0.803 0.738 250 0 250 0 0 1
43670 9 6 7 0 0.033 0.369 0.331 0.803 0.738 250 0 250 0 0 1
43670 10 6 7 0 0.033 0.369 0.331 0.803 0.738 250 0 250 0 0 1
43670 1 6 7 0 0.116 0.149 0.328 0.821 0.194 248 0 249.869 0 0 1
43670 2 6 7 0 0.116 0.149 0.328 0.821 0.194 243.734 0 249.594 0.033 0 1
43670 3 6 7 0 0.116 0.149 0.328 0.821 0.194 249.4 1 249.988 1 0 1
43670 4 6 7 0 0.116 0.149 0.328 0.821 0.194 243.851 0 248.948 1.193 0 0.953
43670 5 6 7 0 0.116 0.149 0.328 0.821 0.194 249.005 0 249.962 0 0 1
43670 6 6 7 0 0.116 0.149 0.328 0.821 0.194 242.31 0 248.115 0.46 0 0.98
43670 7 6 7 0 0.116 0.149 0.328 0.821 0.194 248.811 0 249.955 0 0 1
43670 8 6 7 0 0.116 0.149 0.328 0.821 0.194 248.805 1 249.947 1 0 1
43670 9 6 7 0 0.116 0.149 0.328 0.821 0.194 249 2 249.974 2.627 0 1
43670 10 6 7 0 0.116 0.149 0.328 0.821 0.194 250 0 250 0 0 1
43670 1 6 7 0 0.003 0.454 0.118 0.89 0.655 250 0 250 0 0 1
43670 2 6 7 0 0.003 0.454 0.118 0.89 0.655 250 0 250 0 0 1
43670 3 6 7 0 0.003 0.454 0.118 0.89 0.655 250 0 250 0 0 1
43670 4 6 7 0 0.003 0.454 0.118 0.89 0.655 249.986 0 250 0 0 1
43670 5 6 7 0 0.003 0.454 0.118 0.89 0.655 249.969 0 250 0 0 1
43670 6 6 7 0 0.003 0.454 0.118 0.89 0.655 250 0 250 0 0 1
43670 7 6 7 0 0.003 0.454 0.118 0.89 0.655 250 0 250 0 0 1
43670 8 6 7 0 0.003 0.454 0.118 0.89 0.655 250 0 250 0 0 1
43670 9 6 7 0 0.003 0.454 0.118 0.89 0.655 250 0 250 0 0 1
43670 10 6 7 0 0.003 0.454 0.118 0.89 0.655 250 0 250 0 0 1
43670 1 6 7 0 0.086 0.4 0.416 0.872 0.049 237.331 40 245.834 1308.047 0 0
43670 2 6 7 0 0.086 0.4 0.416 0.872 0.049 231.811 47 244.48 1091.16 0 0
43670 3 6 7 0 0.086 0.4 0.416 0.872 0.049 235.391 50 245.092 1192.413 0 0
43670 4 6 7 0 0.086 0.4 0.416 0.872 0.049 234.404 41 245.294 1210.033 0 0
43670 5 6 7 0 0.086 0.4 0.416 0.872 0.049 232.239 49 245.936 1383.86 0 0
43670 6 6 7 0 0.086 0.4 0.416 0.872 0.049 236.477 49 246.21 1138.5 0 0
43670 7 6 7 0 0.086 0.4 0.416 0.872 0.049 237.801 50 246.225 1236.107 0 0
43670 8 6 7 0 0.086 0.4 0.416 0.872 0.049 237.254 40 246.391 1223.673 0 0
43670 9 6 7 0 0.086 0.4 0.416 0.872 0.049 234.808 39 245.882 1407.84 0 0
43670 10 6 7 0 0.086 0.4 0.416 0.872 0.049 233.059 51 244.392 1250.733 0 0
43670 1 6 7 0 0.099 0.33 0.096 0.924 0.135 234.1 181 245.147 1968.467 0 0
43670 2 6 7 0 0.099 0.33 0.096 0.924 0.135 234.896 155 245.194 1751.867 0 0
43670 3 6 7 0 0.099 0.33 0.096 0.924 0.135 234.836 53 245.504 1926.273 0 0
43670 4 6 7 0 0.099 0.33 0.096 0.924 0.135 233.338 62 245.04 1802.6 0 0
43670 5 6 7 0 0.099 0.33 0.096 0.924 0.135 232.111 54 243.999 1686.76 0 0
43670 6 6 7 0 0.099 0.33 0.096 0.924 0.135 235.749 70 246.169 1943.247 0 0
43670 1 6 7 1 0.005 0.205 0.039 0.951 0.411 226.238 403 234.958 758.293 0 0
43670 2 6 7 1 0.005 0.205 0.039 0.951 0.411 222.405 343 233.396 730.36 0 0
43670 3 6 7 1 0.005 0.205 0.039 0.951 0.411 224.154 362 231.816 795.893 0 0
43670 4 6 7 1 0.005 0.205 0.039 0.951 0.411 222.027 440 232.491 742.153 0 0
43670 5 6 7 1 0.005 0.205 0.039 0.951 0.411 233.638 381 240.259 736.8 0 0
43670 6 6 7 1 0.005 0.205 0.039 0.951 0.411 230.456 380 237.015 762.333 0 0
43670 7 6 7 1 0.005 0.205 0.039 0.951 0.411 225.397 387 234.306 737.84 0 0
43670 8 6 7 1 0.005 0.205 0.039 0.951 0.411 229.946 327 238.667 731.673 0 0
43670 9 6 7 1 0.005 0.205 0.039 0.951 0.411 230.192 303 238.72 756.727 0 0
43670 10 6 7 1 0.005 0.205 0.039 0.951 0.411 230.669 345 238.067 752.153 0 0
43670 1 6 7 1 0.114 0.153 0.299 0.847 0.272 238.622 3 246.207 5.36 0 0.893
43670 2 6 7 1 0.114 0.153 0.299 0.847 0.272 244.396 0 248.446 1.14 0 0.967
43670 3 6 7 1 0.114 0.153 0.299 0.847 0.272 237.76 0 246.169 2.493 0 0.9
43670 4 6 7 1 0.114 0.153 0.299 0.847 0.272 232.285 5 243.745 18.073 0 0.393
43670 5 6 7 1 0.114 0.153 0.299 0.847 0.272 236.489 0 242.847 3.747 0 0.867
43670 6 6 7 1 0.114 0.153 0.299 0.847 0.272 239.326 3 245.089 10.107 0 0.62
43670 7 6 7 1 0.114 0.153 0.299 0.847 0.272 243.829 3 247.774 6.14 0 0.86
43670 8 6 7 1 0.114 0.153 0.299 0.847 0.272 242.505 1 247.591 2.533 0 0.927
43670 9 6 7 1 0.114 0.153 0.299 0.847 0.272 240.62 3 245.76 9.853 0 0.7
43670 10 6 7 1 0.114 0.153 0.299 0.847 0.272 243.882 2 247.698 3.88 0 0.94
43670 1 6 7 1 0.045 0.168 0.197 0.951 0.53 250 0 250 0 0 1
43670 2 6 7 1 0.045 0.168 0.197 0.951 0.53 250 0 250 0 0 1
43670 3 6 7 1 0.045 0.168 0.197 0.951 0.53 250 1 250 1.487 0 1
43670 4 6 7 1 0.045 0.168 0.197 0.951 0.53 250 0 250 0 0 1
43670 5 6 7 1 0.045 0.168 0.197 0.951 0.53 250 0 250 0 0 1
43670 6 6 7 1 0.045 0.168 0.197 0.951 0.53 250 0 250 0 0 1
43670 7 6 7 1 0.045 0.168 0.197 0.951 0.53 250 0 250 0 0 1
43670 8 6 7 1 0.045 0.168 0.197 0.951 0.53 250 0 250 0 0 1
43670 9 6 7 1 0.045 0.168 0.197 0.951 0.53 250 0 250 0 0 1
43670 10 6 7 1 0.045 0.168 0.197 0.951 0.53 250 0 250 0 0 1
43670 1 6 7 1 0.12 0.246 0.069 0.953 0.144 247.713 2341 249.132 2602.247 0 0
43670 2 6 7 1 0.12 0.246 0.069 0.953 0.144 246.681 2553 249.163 2855.147 0 0
43670 3 6 7 1 0.12 0.246 0.069 0.953 0.144 247.174 2579 249.329 2844.4 0 0
43670 4 6 7 1 0.12 0.246 0.069 0.953 0.144 247.16 2343 249.233 2648.567 0 0
43670 5 6 7 1 0.12 0.246 0.069 0.953 0.144 247.516 2497 249.296 2872.64 0 0
43670 6 6 7 1 0.12 0.246 0.069 0.953 0.144 245.946 2412 249.222 2616.133 0 0
43670 7 6 7 1 0.12 0.246 0.069 0.953 0.144 247.672 2425 249.258 2773.04 0 0
43670 8 6 7 1 0.12 0.246 0.069 0.953 0.144 247.117 2522 249.216 2857.94 0 0
43670 9 6 7 1 0.12 0.246 0.069 0.953 0.144 246.499 2378 249.263 2824.32 0 0
43670 10 6 7 1 0.12 0.246 0.069 0.953 0.144 247.693 2688 249.364 2865.4 0 0
43670 1 6 7 1 0.109 0.46 0.445 0.998 0.387 250 0 250 0 0 1
43670 2 6 7 1 0.109 0.46 0.445 0.998 0.387 250 1 250 1 0 1
43670 3 6 7 1 0.109 0.46 0.445 0.998 0.387 250 0 250 0 0 1
43670 4 6 7 1 0.109 0.46 0.445 0.998 0.387 250 0 250 0 0 1
43670 5 6 7 1 0.109 0.46 0.445 0.998 0.387 250 0 250 0 0 1
43670 6 6 7 1 0.109 0.46 0.445 0.998 0.387 250 0 250 0 0 1
43670 7 6 7 1 0.109 0.46 0.445 0.998 0.387 250 0 250 0.313 0 1
43670 8 6 7 1 0.109 0.46 0.445 0.998 0.387 250 0 250 0 0 1
43670 9 6 7 1 0.109 0.46 0.445 0.998 0.387 250 0 250 0 0 1
43670 10 6 7 1 0.109 0.46 0.445 0.998 0.387 250 0 250 0 0 1
43670 1 6 7 1 0.083 0.407 0.201 0.894 0.383 235.44 198 244.066 593.62 0 0
43670 2 6 7 1 0.083 0.407 0.201 0.894 0.383 237.216 211 243.427 593.373 0 0
43670 3 6 7 1 0.083 0.407 0.201 0.894 0.383 236.804 186 244.92 552.48 0 0
43670 4 6 7 1 0.083 0.407 0.201 0.894 0.383 236.682 150 245.323 549.787 0 0
43670 5 6 7 1 0.083 0.407 0.201 0.894 0.383 238.382 211 245.371 570.427 0 0
43670 6 6 7 1 0.083 0.407 0.201 0.894 0.383 237.55 176 244.39 591.387 0 0
43670 7 6 7 1 0.083 0.407 0.201 0.894 0.383 236.408 209 244.842 590.947 0 0
43670 8 6 7 1 0.083 0.407 0.201 0.894 0.383 237.677 234 244.721 665.753 0 0
43670 9 6 7 1 0.083 0.407 0.201 0.894 0.383 239.13 191 245.071 594.727 0 0
43670 10 6 7 1 0.083 0.407 0.201 0.894 0.383 230.855 183 240.905 540.553 0 0
43670 1 6 7 1 0.075 0.027 0.351 0.843 0.421 250 0 250 0 0 1
43670 2 6 7 1 0.075 0.027 0.351 0.843 0.421 250 0 250 0 0 1
43670 3 6 7 1 0.075 0.027 0.351 0.843 0.421 250 0 250 0.82 0 1
43670 4 6 7 1 0.075 0.027 0.351 0.843 0.421 250 0 250 0.867 0 1
43670 5 6 7 1 0.075 0.027 0.351 0.843 0.421 250 0 250 0 0 1
43670 6 6 7 1 0.075 0.027 0.351 0.843 0.421 250 0 250 0 0 1
43670 7 6 7 1 0.075 0.027 0.351 0.843 0.421 250 0 250 0 0 1
43670 8 6 7 1 0.075 0.027 0.351 0.843 0.421 250 0 250 0 0 1
43670 9 6 7 1 0.075 0.027 0.351 0.843 0.421 250 1 250 1 0 1
43670 10 6 7 1 0.075 0.027 0.351 0.843 0.421 250 0 250 0 0 1
43670 1 6 7 1 0.075 0.333 0.194 0.995 0.405 234.54 221 243.998 506.88 0 0
43670 2 6 7 1 0.075 0.333 0.194 0.995 0.405 239.261 202 246.046 489.8 0 0
43670 3 6 7 1 0.075 0.333 0.194 0.995 0.405 240.336 181 246.519 467.107 0 0
43670 4 6 7 1 0.075 0.333 0.194 0.995 0.405 233.164 214 244.506 510.273 0 0
43670 5 6 7 1 0.075 0.333 0.194 0.995 0.405 240.42 202 246.432 492.34 0 0
43670 6 6 7 1 0.075 0.333 0.194 0.995 0.405 232.158 226 246.18 492.193 0 0
43670 7 6 7 1 0.075 0.333 0.194 0.995 0.405 238.208 198 246.42 485.067 0 0
43670 8 6 7 1 0.075 0.333 0.194 0.995 0.405 237.322 211 245.06 514.1 0 0
43670 9 6 7 1 0.075 0.333 0.194 0.995 0.405 236.648 192 245.891 481.253 0 0
43670 10 6 7 1 0.075 0.333 0.194 0.995 0.405 240.348 215 247.111 528.14 0 0
43670 1 6 6 0 0.09 0.355 0.034 0.902 0.924 250 0 250 0 0 1
43670 2 6 6 0 0.09 0.355 0.034 0.902 0.924 250 0 250 0 0 1
43670 3 6 6 0 0.09 0.355 0.034 0.902 0.924 250 0 250 0 0 1
43670 4 6 6 0 0.09 0.355 0.034 0.902 0.924 250 0 250 0 0 1
43670 5 6 6 0 0.09 0.355 0.034 0.902 0.924 250 1 250 1 0 1
43670 6 6 6 0 0.09 0.355 0.034 0.902 0.924 250 0 250 0 0 1
43670 7 6 6 0 0.09 0.355 0.034 0.902 0.924 250 0 250 0 0 1
43670 8 6 6 0 0.09 0.355 0.034 0.902 0.924 250 0 250 0 0 1
43670 9 6 6 0 0.09 0.355 0.034 0.902 0.924 250 0 250 0 0 1
43670 10 6 6 0 0.09 0.355 0.034 0.902 0.924 250 0 250 0 0 1
43670 1 6 6 0 0.034 0.372 0.295 0.816 0.054 229.734 52 244.883 1342.193 0 0
43670 2 6 6 0 0.034 0.372 0.295 0.816 0.054 235.73 46 244.694 1227.96 0 0
43670 3 6 6 0 0.034 0.372 0.295 0.816 0.054 238.504 57 246.698 1298.153 0 0
43670 4 6 6 0 0.034 0.372 0.295 0.816 0.054 235.995 50 245.262 1102.84 0 0
43670 5 6 6 0 0.034 0.372 0.295 0.816 0.054 234.804 57 245.107 1430.373 0 0
43670 6 6 6 0 0.034 0.372 0.295 0.816 0.054 228.712 42 245.247 1065.267 0 0
43670 7 6 6 0 0.034 0.372 0.295 0.816 0.054 237.214 70 244.994 1278.993 0 0
43670 8 6 6 0 0.034 0.372 0.295 0.816 0.054 231.746 53 245.59 1280.04 0 0
43670 9 6 6 0 0.034 0.372 0.295 0.816 0.054 232.063 48 245.6 1402.9 0 0
43670 10 6 6 0 0.034 0.372 0.295 0.816 0.054 234.162 49 245.528 1311.833 0 0
43670 1 6 6 0 0.095 0.041 0.214 0.779 0.803 250 0 250 0 0 1
43670 2 6 6 0 0.095 0.041 0.214 0.779 0.803 250 0 250 0 0 1
43670 3 6 6 0 0.095 0.041 0.214 0.779 0.803 250 0 250 0 0 1
43670 4 6 6 0 0.095 0.041 0.214 0.779 0.803 250 0 250 0 0 1
43670 5 6 6 0 0.095 0.041 0.214 0.779 0.803 250 0 250 0 0 1
43670 6 6 6 0 0.095 0.041 0.214 0.779 0.803 250 0 250 0 0 1
43670 7 6 6 0 0.095 0.041 0.214 0.779 0.803 250 0 250 0 0 1
43670 8 6 6 0 0.095 0.041 0.214 0.779 0.803 250 0 250 0 0 1
43670 9 6 6 0 0.095 0.041 0.214 0.779 0.803 250 0 250 0 0 1
43670 10 6 6 0 0.095 0.041 0.214 0.779 0.803 250 0 250 0 0 1
43670 1 6 6 0 0.001 0.476 0.439 0.836 0.828 250 0 250 0 0 1
43670 2 6 6 0 0.001 0.476 0.439 0.836 0.828 250 0 250 0 0 1
43670 3 6 6 0 0.001 0.476 0.439 0.836 0.828 250 0 250 0.833 0 1
43670 4 6 6 0 0.001 0.476 0.439 0.836 0.828 250 0 250 0 0 1
43670 5 6 6 0 0.001 0.476 0.439 0.836 0.828 250 0 250 0 0 1
43670 6 6 6 0 0.001 0.476 0.439 0.836 0.828 250 0 250 0 0 1
43670 7 6 6 0 0.001 0.476 0.439 0.836 0.828 250 0 250 0 0 1
43670 8 6 6 0 0.001 0.476 0.439 0.836 0.828 250 0 250 0 0 1
43670 9 6 6 0 0.001 0.476 0.439 0.836 0.828 250 0 250 0 0 1
43670 10 6 6 0 0.001 0.476 0.439 0.836 0.828 250 0 250 0 0 1
43670 1 6 6 0 0.051 0.409 0.497 0.793 0.795 250 0 250 0 0 1
43670 2 6 6 0 0.051 0.409 0.497 0.793 0.795 250 0 250 0 0 1
43670 3 6 6 0 0.051 0.409 0.497 0.793 0.795 250 0 250 0 0 1
43670 4 6 6 0 0.051 0.409 0.497 0.793 0.795 250 0 250 0 0 1
43670 5 6 6 0 0.051 0.409 0.497 0.793 0.795 250 0 250 0 0 1
43670 6 6 6 0 0.051 0.409 0.497 0.793 0.795 250 0 250 0 0 1
43670 7 6 6 0 0.051 0.409 0.497 0.793 0.795 250 0 250 0 0 1
43670 8 6 6 0 0.051 0.409 0.497 0.793 0.795 250 0 250 0 0 1
43670 9 6 6 0 0.051 0.409 0.497 0.793 0.795 250 0 250 0 0 1
43670 10 6 6 0 0.051 0.409 0.497 0.793 0.795 250 0 250 0 0 1
43670 1 6 6 0 0.022 0.127 0.042 0.965 0.857 250 0 250 0 0 1
43670 2 6 6 0 0.022 0.127 0.042 0.965 0.857 250 1 250 1 0 1
43670 3 6 6 0 0.022 0.127 0.042 0.965 0.857 250 0 250 0.04 0 1
43670 4 6 6 0 0.022 0.127 0.042 0.965 0.857 250 0 250 0 0 1
43670 5 6 6 0 0.022 0.127 0.042 0.965 0.857 250 0 250 0 0 1
43670 6 6 6 0 0.022 0.127 0.042 0.965 0.857 250 0 250 0 0 1
43670 7 6 6 0 0.022 0.127 0.042 0.965 0.857 250 0 250 0.667 0 1
43670 8 6 6 0 0.022 0.127 0.042 0.965 0.857 250 0 250 0 0 1
43670 9 6 6 0 0.022 0.127 0.042 0.965 0.857 250 0 250 0 0 1
43670 10 6 6 0 0.022 0.127 0.042 0.965 0.857 250 0 250 0 0 1
43670 1 6 6 0 0.07 0.109 0.249 0.944 0.511 250 0 250 0 0 1
43670 2 6 6 0 0.07 0.109 0.249 0.944 0.511 250 1 250 1 0 1
43670 3 6 6 0 0.07 0.109 0.249 0.944 0.511 250 0 250 0 0 1
43670 4 6 6 0 0.07 0.109 0.249 0.944 0.511 250 0 250 0 0 1
43670 5 6 6 0 0.07 0.109 0.249 0.944 0.511 250 1 250 1 0 1
43670 6 6 6 0 0.07 0.109 0.249 0.944 0.511 250 0 250 0 0 1
43670 7 6 6 0 0.07 0.109 0.249 0.944 0.511 250 0 250 0.133 0 1
43670 8 6 6 0 0.07 0.109 0.249 0.944 0.511 250 0 250 0 0 1
43670 9 6 6 0 0.07 0.109 0.249 0.944 0.511 250 0 250 0 0 1
43670 10 6 6 0 0.07 0.109 0.249 0.944 0.511 250 0 250 0 0 1
43670 1 6 6 0 0.047 0.211 0.151 0.828 0.513 245.513 0 249.189 1.407 0 0.953
43670 2 6 6 0 0.047 0.211 0.151 0.828 0.513 245.127 2 248.92 3.233 0 0.953
43670 3 6 6 0 0.047 0.211 0.151 0.828 0.513 243.25 2 249.361 2.92 0 0.973
43670 4 6 6 0 0.047 0.211 0.151 0.828 0.513 243.192 1 249.142 3.653 0 0.947
43670 5 6 6 0 0.047 0.211 0.151 0.828 0.513 244.318 1 249.398 3.873 0 0.94
43670 6 6 6 0 0.047 0.211 0.151 0.828 0.513 240.225 3 248.438 4.673 0 0.96
43670 7 6 6 0 0.047 0.211 0.151 0.828 0.513 241.817 0 249.022 0.56 0 0.98
43670 8 6 6 0 0.047 0.211 0.151 0.828 0.513 243.149 5 248.761 8.48 0 0.893
43670 9 6 6 0 0.047 0.211 0.151 0.828 0.513 244.063 3 249.207 6.153 0 0.947
43670 10 6 6 0 0.047 0.211 0.151 0.828 0.513 242.086 0 248.438 3.293 0 0.92
43670 1 6 6 0 0.037 0.091 0.458 0.856 0.124 249.271 1 249.99 1.207 0 1
43670 2 6 6 0 0.037 0.091 0.458 0.856 0.124 249.219 2 249.977 2 0 1
43670 3 6 6 0 0.037 0.091 0.458 0.856 0.124 248 0 249.782 0 0 1
43670 4 6 6 0 0.037 0.091 0.458 0.856 0.124 248 0 249.928 0 0 1
43670 5 6 6 0 0.037 0.091 0.458 0.856 0.124 248.358 1 249.986 1.06 0 1
43670 6 6 6 0 0.037 0.091 0.458 0.856 0.124 250 1 250 1 0 1
43670 7 6 6 0 0.037 0.091 0.458 0.856 0.124 249.642 1 249.991 1 0 1
43670 8 6 6 0 0.037 0.091 0.458 0.856 0.124 249.831 0 249.998 0 0 1
43670 1 6 8 1 0.106 0.2 0.074 0.856 0.368 236.901 364 242.717 747.04 0 0
43670 2 6 8 1 0.106 0.2 0.074 0.856 0.368 237.924 458 242.372 750.04 0 0
43670 3 6 8 1 0.106 0.2 0.074 0.856 0.368 226.373 403 235.808 663.893 0 0
43670 4 6 8 1 0.106 0.2 0.074 0.856 0.368 233.755 464 238.36 751.967 0 0
43670 5 6 8 1 0.106 0.2 0.074 0.856 0.368 238.124 373 243.399 755.327 0 0
43670 6 6 8 1 0.106 0.2 0.074 0.856 0.368 234.71 432 240.752 768.187 0 0
43670 7 6 8 1 0.106 0.2 0.074 0.856 0.368 233.643 438 240.691 751.327 0 0
43670 8 6 8 1 0.106 0.2 0.074 0.856 0.368 236.668 444 240.495 749.487 0 0
43670 9 6 8 1 0.106 0.2 0.074 0.856 0.368 236.863 390 242.127 701.047 0 0
43670 10 6 8 1 0.106 0.2 0.074 0.856 0.368 236.363 295 241.52 682.713 0 0
43670 1 6 8 1 0.09 0.498 0.19 0.949 0.543 247.758 2 249.724 2 0 1
43670 2 6 8 1 0.09 0.498 0.19 0.949 0.543 246 0 249.16 0 0 1
43670 3 6 8 1 0.09 0.498 0.19 0.949 0.543 249 0 249.941 0 0 1
43670 4 6 8 1 0.09 0.498 0.19 0.949 0.543 248.741 0 249.934 0 0 1
43670 5 6 8 1 0.09 0.498 0.19 0.949 0.543 248.177 1 249.944 1 0 1
43670 6 6 8 1 0.09 0.498 0.19 0.949 0.543 246 0 249.506 0 0 1
43670 7 6 8 1 0.09 0.498 0.19 0.949 0.543 248.362 0 249.82 0 0 1
43670 8 6 8 1 0.09 0.498 0.19 0.949 0.543 247.858 0 249.823 0 0 1
43670 9 6 8 1 0.09 0.498 0.19 0.949 0.543 248.638 0 249.854 0 0 1
43670 10 6 8 1 0.09 0.498 0.19 0.949 0.543 248.518 0 249.843 0 0 1
43670 1 6 8 1 0.015 0.051 0.343 0.846 0.135 229.668 1 239.583 14.073 0 0.513
43670 2 6 8 1 0.015 0.051 0.343 0.846 0.135 227.957 3 238.751 10.46 0 0.653
43670 3 6 8 1 0.015 0.051 0.343 0.846 0.135 229.726 4 239.826 11.067 0 0.64
43670 4 6 8 1 0.015 0.051 0.343 0.846 0.135 227.14 4 239.602 14.98 0 0.48
43670 5 6 8 1 0.015 0.051 0.343 0.846 0.135 237.912 2 244.374 15.04 0 0.533
43670 6 6 8 1 0.015 0.051 0.343 0.846 0.135 234.566 3 240.756 10.32 0 0.647
43670 7 6 8 1 0.015 0.051 0.343 0.846 0.135 225.771 5 234.073 15.233 0 0.533
43670 8 6 8 1 0.015 0.051 0.343 0.846 0.135 209.072 2 226.496 13.233 0 0.52
43670 9 6 8 1 0.015 0.051 0.343 0.846 0.135 228.355 2 238.297 11.5 0 0.54
43670 10 6 8 1 0.015 0.051 0.343 0.846 0.135 224.993 6 238.176 14.753 0 0.533
43670 1 6 8 1 0.025 0.433 0.454 0.843 0.396 250 1 250 1 0 1
43670 2 6 8 1 0.025 0.433 0.454 0.843 0.396 250 0 250 0 0 1
43670 3 6 8 1 0.025 0.433 0.454 0.843 0.396 250 0 250 0 0 1
43670 4 6 8 1 0.025 0.433 0.454 0.843 0.396 250 0 250 0 0 1
43670 5 6 8 1 0.025 0.433 0.454 0.843 0.396 250 0 250 0 0 1
43670 6 6 8 1 0.025 0.433 0.454 0.843 0.396 250 0 250 0.28 0 1
43670 7 6 8 1 0.025 0.433 0.454 0.843 0.396 250 0 250 0 0 1
43670 8 6 8 1 0.025 0.433 0.454 0.843 0.396 250 0 250 0 0 1
43670 9 6 8 1 0.025 0.433 0.454 0.843 0.396 250 0 250 0 0 1
43670 10 6 8 1 0.025 0.433 0.454 0.843 0.396 250 0 250 0 0 1
43670 1 6 8 1 0.064 0.367 0.245 0.78 0.252 234.926 708 244.797 1286.893 0 0
43670 2 6 8 1 0.064 0.367 0.245 0.78 0.252 237.822 581 245.473 1286.04 0 0
43670 3 6 8 1 0.064 0.367 0.245 0.78 0.252 236.305 855 244.212 1362.693 0 0
43670 4 6 8 1 0.064 0.367 0.245 0.78 0.252 241.07 896 246.177 1435.46 0 0
43670 5 6 8 1 0.064 0.367 0.245 0.78 0.252 231.654 730 243.875 1298.913 0 0
43670 6 6 8 1 0.064 0.367 0.245 0.78 0.252 238.5 782 246.338 1331.007 0 0
43670 7 6 8 1 0.064 0.367 0.245 0.78 0.252 231.669 588 243.647 1219.373 0 0
43670 8 6 8 1 0.064 0.367 0.245 0.78 0.252 236.04 800 245.27 1361.76 0 0
43670 9 6 8 1 0.064 0.367 0.245 0.78 0.252 235.769 925 244.959 1324.207 0 0
43670 10 6 8 1 0.064 0.367 0.245 0.78 0.252 230.074 787 244.618 1321.107 0 0
43670 1 6 8 1 0.11 0.172 0.114 0.825 0.904 250 0 250 0 0 1
43670 2 6 8 1 0.11 0.172 0.114 0.825 0.904 250 0 250 0 0 1
43670 3 6 8 1 0.11 0.172 0.114 0.825 0.904 250 0 250 0 0 1
43670 4 6 8 1 0.11 0.172 0.114 0.825 0.904 250 0 250 0 0 1
43670 5 6 8 1 0.11 0.172 0.114 0.825 0.904 250 0 250 0 0 1
43670 6 6 8 1 0.11 0.172 0.114 0.825 0.904 250 1 250 1 0 1
43670 7 6 8 1 0.11 0.172 0.114 0.825 0.904 250 0 250 0 0 1
43670 8 6 8 1 0.11 0.172 0.114 0.825 0.904 250 0 250 0 0 1
43670 9 6 8 1 0.11 0.172 0.114 0.825 0.904 250 0 250 0 0 1
43670 10 6 8 1 0.11 0.172 0.114 0.825 0.904 250 0 250 0 0 1
43670 1 6 8 1 0.076 0.224 0.358 0.988 0.845 250 0 250 0 0 1
43670 2 6 8 1 0.076 0.224 0.358 0.988 0.845 250 0 250 0 0 1
43670 3 6 8 1 0.076 0.224 0.358 0.988 0.845 250 0 250 0 0 1
43670 4 6 8 1 0.076 0.224 0.358 0.988 0.845 250 1 250 1 0 1
43670 5 6 8 1 0.076 0.224 0.358 0.988 0.845 250 0 250 0 0 1
43670 6 6 8 1 0.076 0.224 0.358 0.988 0.845 250 0 250 0 0 1
43670 7 6 8 1 0.076 0.224 0.358 0.988 0.845 250 0 250 0 0 1
43670 8 6 8 1 0.076 0.224 0.358 0.988 0.845 250 0 250 0 0 1
43670 9 6 8 1 0.076 0.224 0.358 0.988 0.845 250 0 250 0 0 1
43670 10 6 8 1 0.076 0.224 0.358 0.988 0.845 250 0 250 0 0 1
43670 1 6 8 1 0.043 0.057 0.333 0.869 0.858 250 0 250 0 0 1
43670 2 6 8 1 0.043 0.057 0.333 0.869 0.858 250 0 250 0 0 1
43670 3 6 8 1 0.043 0.057 0.333 0.869 0.858 250 0 250 0 0 1
43670 4 6 8 1 0.043 0.057 0.333 0.869 0.858 250 0 250 0 0 1
43670 5 6 8 1 0.043 0.057 0.333 0.869 0.858 250 0 250 0 0 1
43670 6 6 8 1 0.043 0.057 0.333 0.869 0.858 250 0 250 0 0 1
43670 7 6 8 1 0.043 0.057 0.333 0.869 0.858 250 0 250 0 0 1
43670 8 6 8 1 0.043 0.057 0.333 0.869 0.858 250 0 250 0 0 1
43670 9 6 8 1 0.043 0.057 0.333 0.869 0.858 250 0 250 0 0 1
43670 10 6 8 1 0.043 0.057 0.333 0.869 0.858 250 0 250 0 0 1
43670 1 6 8 1 0.055 0.15 0.243 0.849 0.391 211.295 15 234.223 36.167 0 0
43670 2 6 8 1 0.055 0.15 0.243 0.849 0.391 225.97 5 236.029 22.373 0 0.207
43670 3 6 8 1 0.055 0.15 0.243 0.849 0.391 233.829 14 239.315 30.267 0 0
43670 4 6 8 1 0.055 0.15 0.243 0.849 0.391 234.413 12 241.77 30.66 0 0
43670 1 6 4 1 0.063 0.338 0.212 0.88 0.539 248.534 1 249.833 1 0 1
43670 2 6 4 1 0.063 0.338 0.212 0.88 0.539 248.534 0 249.852 0 0 1
43670 3 6 4 1 0.063 0.338 0.212 0.88 0.539 248.303 1 249.868 1 0 1
43670 4 6 4 1 0.063 0.338 0.212 0.88 0.539 249.047 0 249.945 0.367 0 1
43670 5 6 4 1 0.063 0.338 0.212 0.88 0.539 248.803 1 249.888 1 0 1
43670 6 6 4 1 0.063 0.338 0.212 0.88 0.539 248.891 1 249.903 1.073 0 1
43670 7 6 4 1 0.063 0.338 0.212 0.88 0.539 248.781 1 249.897 1 0 1
43670 8 6 4 1 0.063 0.338 0.212 0.88 0.539 248.957 1 249.907 1.98 0 1
43670 9 6 4 1 0.063 0.338 0.212 0.88 0.539 248.841 0 249.927 0 0 1
43670 10 6 4 1 0.063 0.338 0.212 0.88 0.539 248.808 2 249.905 2 0 1
43670 1 6 4 1 0.053 0.087 0.396 0.987 0.084 136.893 335 152.941 497.593 0 0
43670 2 6 4 1 0.053 0.087 0.396 0.987 0.084 138.1 284 150.428 523.82 0 0
43670 3 6 4 1 0.053 0.087 0.396 0.987 0.084 175.242 291 190.892 483.86 0 0
43670 4 6 4 1 0.053 0.087 0.396 0.987 0.084 184.291 273 194.045 438.473 0 0
43670 5 6 4 1 0.053 0.087 0.396 0.987 0.084 184.6 224 197.9 474.333 0 0
43670 6 6 4 1 0.053 0.087 0.396 0.987 0.084 176.368 287 185.849 514.72 0 0
43670 7 6 4 1 0.053 0.087 0.396 0.987 0.084 167.559 244 177.838 503.047 0 0
43670 8 6 4 1 0.053 0.087 0.396 0.987 0.084 159.395 307 173.649 515.673 0 0
43670 9 6 4 1 0.053 0.087 0.396 0.987 0.084 177.724 306 188.711 536.333 0 0
43670 10 6 4 1 0.053 0.087 0.396 0.987 0.084 183.041 307 192.747 509.573 0 0
43670 1 6 4 1 0.062 0.418 0.01 0.955 0.598 117.519 97 122.859 134.88 0 0
43670 2 6 4 1 0.062 0.418 0.01 0.955 0.598 41.996 214 46.278 294.853 0 0
43670 3 6 4 1 0.062 0.418 0.01 0.955 0.598 55.223 177 65.244 229.433 0 0
43670 4 6 4 1 0.062 0.418 0.01 0.955 0.598 50.318 230 54.218 299.333 0 0
43670 5 6 4 1 0.062 0.418 0.01 0.955 0.598 45.325 223 53.492 299.32 0 0
43670 6 6 4 1 0.062 0.418 0.01 0.955 0.598 22.429 51 57.879 77.333 0 0
43670 7 6 4 1 0.062 0.418 0.01 0.955 0.598 99.622 183 106.094 254.333 0 0
43670 8 6 4 1 0.062 0.418 0.01 0.955 0.598 37.075 240 43.323 319.633 0 0
43670 9 6 4 1 0.062 0.418 0.01 0.955 0.598 51.519 164 59.613 221.147 0 0
43670 10 6 4 1 0.062 0.418 0.01 0.955 0.598 48.4 219 54.419 314.54 0 0
43670 1 6 4 1 0.079 0.19 0.315 0.883 0.168 233.285 597 240.732 898.293 0 0
43670 2 6 4 1 0.079 0.19 0.315 0.883 0.168 224.445 614 238.675 1034.067 0 0
43670 3 6 4 1 0.079 0.19 0.315 0.883 0.168 237.777 607 243.127 969.38 0 0
43670 4 6 4 1 0.079 0.19 0.315 0.883 0.168 235.464 532 243.153 986.673 0 0
43670 5 6 4 1 0.079 0.19 0.315 0.883 0.168 232.607 572 240.447 873.367 0 0
43670 6 6 4 1 0.079 0.19 0.315 0.883 0.168 232.96 644 242.267 1044.033 0 0
43670 7 6 4 1 0.079 0.19 0.315 0.883 0.168 223.677 321 240.279 869.4 0 0
43670 8 6 4 1 0.079 0.19 0.315 0.883 0.168 230.931 586 241.841 980.607 0 0
43670 9 6 4 1 0.079 0.19 0.315 0.883 0.168 225.419 439 239.025 974.22 0 0
43670 10 6 4 1 0.079 0.19 0.315 0.883 0.168 238.006 583 242.546 957.793 0 0
43670 1 6 4 1 0.01 0.3 0.242 0.82 0.493 245.923 0 249.458 0 0 1
43670 2 6 4 1 0.01 0.3 0.242 0.82 0.493 246.136 1 248.986 1.793 0 0.973
43670 3 6 4 1 0.01 0.3 0.242 0.82 0.493 245.178 1 249.378 1.627 0 0.98
43670 4 6 4 1 0.01 0.3 0.242 0.82 0.493 245.069 1 249.762 1 0 1
43670 5 6 4 1 0.01 0.3 0.242 0.82 0.493 244.729 0 249.294 0 0 1
43670 6 6 4 1 0.01 0.3 0.242 0.82 0.493 247.291 0 249.777 0.153 0 0.993
43670 7 6 4 1 0.01 0.3 0.242 0.82 0.493 247.491 1 249.714 1 0 1
43670 8 6 4 1 0.01 0.3 0.242 0.82 0.493 246.249 0 249.352 0.307 0 1
43670 9 6 4 1 0.01 0.3 0.242 0.82 0.493 248.804 0 249.96 0.18 0 0.993
43670 10 6 4 1 0.01 0.3 0.242 0.82 0.493 246.609 0 249.796 0.247 0 0.993
43670 1 6 4 1 0.079 0.14 0.18 0.789 0.976 250 0 250 0 0 1
43670 2 6 4 1 0.079 0.14 0.18 0.789 0.976 250 0 250 0 0 1
43670 3 6 4 1 0.079 0.14 0.18 0.789 0.976 250 0 250 0 0 1
43670 4 6 4 1 0.079 0.14 0.18 0.789 0.976 250 0 250 0 0 1
43670 5 6 4 1 0.079 0.14 0.18 0.789 0.976 250 0 250 0 0 1
43670 6 6 4 1 0.079 0.14 0.18 0.789 0.976 250 0 250 0 0 1
43670 7 6 4 1 0.079 0.14 0.18 0.789 0.976 250 1 250 1 0 1
43670 8 6 4 1 0.079 0.14 0.18 0.789 0.976 250 0 250 0 0 1
43670 9 6 4 1 0.079 0.14 0.18 0.789 0.976 250 0 250 0 0 1
43670 10 6 4 1 0.079 0.14 0.18 0.789 0.976 250 0 250 0 0 1
43670 1 6 4 1 0.072 0.181 0.421 0.8 0.453 250 1 250 1 0 1
43670 2 6 4 1 0.072 0.181 0.421 0.8 0.453 250 0 250 0 0 1
43670 3 6 4 1 0.072 0.181 0.421 0.8 0.453 250 0 250 0 0 1
43670 4 6 4 1 0.072 0.181 0.421 0.8 0.453 250 0 250 0 0 1
43670 5 6 4 1 0.072 0.181 0.421 0.8 0.453 250 0 250 0 0 1
43670 6 6 4 1 0.072 0.181 0.421 0.8 0.453 250 1 250 1 0 1
43670 7 6 4 1 0.072 0.181 0.421 0.8 0.453 250 0 250 0 0 1
43670 8 6 4 1 0.072 0.181 0.421 0.8 0.453 250 1 250 1 0 1
43670 9 6 4 1 0.072 0.181 0.421 0.8 0.453 250 0 250 0 0 1
43670 10 6 4 1 0.072 0.181 0.421 0.8 0.453 250 0 250 0 0 1
43670 1 6 4 1 0.063 0.226 0.227 0.763 0.566 250 0 250 0 0 1
43670 2 6 4 1 0.063 0.226 0.227 0.763 0.566 250 0 250 0 0 1
43670 3 6 4 1 0.063 0.226 0.227 0.763 0.566 250 0 250 0 0 1
43670 4 6 4 1 0.063 0.226 0.227 0.763 0.566 250 1 250 1 0 1
43670 5 6 4 1 0.063 0.226 0.227 0.763 0.566 249.992 0 250 0 0 1
43670 6 6 4 1 0.063 0.226 0.227 0.763 0.566 249.16 1 249.991 1 0 1
43670 7 6 4 1 0.063 0.226 0.227 0.763 0.566 249.982 0 250 0 0 1
43670 8 6 4 1 0.063 0.226 0.227 0.763 0.566 249.814 1 249.999 1 0 1
43670 9 6 4 1 0.063 0.226 0.227 0.763 0.566 249.763 0 249.998 0 0 1
43670 10 6 4 1 0.063 0.226 0.227 0.763 0.566 249.77 0 249.998 0 0 1
43670 1 6 4 1 0.022 0.04 0.019 0.797 0.472 218.113 199 230.653 491.667 0 0
43670 2 6 4 1 0.022 0.04 0.019 0.797 0.472 231.106 207 239.007 528.1 0 0
43670 1 6 6 0 0.086 0.421 0.23 0.863 0.47 235.688 1 248.005 5.593 0 0.887
43670 2 6 6 0 0.086 0.421 0.23 0.863 0.47 238.234 0 248.126 5.807 0 0.873
43670 3 6 6 0 0.086 0.421 0.23 0.863 0.47 241.847 4 247.861 8.713 0 0.847
43670 4 6 6 0 0.086 0.421 0.23 0.863 0.47 239.615 2 247.789 7.82 0 0.847
43670 5 6 6 0 0.086 0.421 0.23 0.863 0.47 239.887 2 247.748 11.013 0 0.707
43670 6 6 6 0 0.086 0.421 0.23 0.863 0.47 243.248 2 248.737 5.253 0 0.867
43670 7 6 6 0 0.086 0.421 0.23 0.863 0.47 239.04 0 247.099 8.58 0 0.78
43670 8 6 6 0 0.086 0.421 0.23 0.863 0.47 241.828 3 248.391 9.98 0 0.813
43670 9 6 6 0 0.086 0.421 0.23 0.863 0.47 241.507 1 247.935 6.447 0 0.833
43670 10 6 6 0 0.086 0.421 0.23 0.863 0.47 241.825 2 247.904 5.92 0 0.867
43670 1 6 6 0 0.044 0.155 0.036 0.919 0.987 250 0 250 0 0 1
43670 2 6 6 0 0.044 0.155 0.036 0.919 0.987 250 0 250 0.273 0 1
43670 3 6 6 0 0.044 0.155 0.036 0.919 0.987 250 0 250 0 0 1
43670 4 6 6 0 0.044 0.155 0.036 0.919 0.987 250 0 250 0 0 1
43670 5 6 6 0 0.044 0.155 0.036 0.919 0.987 250 0 250 0 0 1
43670 6 6 6 0 0.044 0.155 0.036 0.919 0.987 250 1 250 1 0 1
43670 7 6 6 0 0.044 0.155 0.036 0.919 0.987 250 0 250 0 0 1
43670 8 6 6 0 0.044 0.155 0.036 0.919 0.987 250 0 250 0 0 1
43670 9 6 6 0 0.044 0.155 0.036 0.919 0.987 250 0 250 0 0 1
43670 10 6 6 0 0.044 0.155 0.036 0.919 0.987 250 0 250 0 0 1
43670 1 6 6 0 0.035 0.212 0.354 0.795 0.296 235.376 15 246.891 46.093 0 0
43670 2 6 6 0 0.035 0.212 0.354 0.795 0.296 244.489 16 248.443 45.413 0 0
43670 3 6 6 0 0.035 0.212 0.354 0.795 0.296 243.007 10 248.138 35.087 0 0
43670 4 6 6 0 0.035 0.212 0.354 0.795 0.296 238.176 13 247.783 28.94 0 0
43670 5 6 6 0 0.035 0.212 0.354 0.795 0.296 237.264 18 246.859 41.947 0 0
43670 6 6 6 0 0.035 0.212 0.354 0.795 0.296 239.591 14 246.999 45.313 0 0
43670 7 6 6 0 0.035 0.212 0.354 0.795 0.296 237.798 7 246.948 30.62 0 0.593
43670 8 6 6 0 0.035 0.212 0.354 0.795 0.296 241.747 20 247.435 40.187 0 0
43670 9 6 6 0 0.035 0.212 0.354 0.795 0.296 239.233 14 247.552 42.433 0 0
43670 10 6 6 0 0.035 0.212 0.354 0.795 0.296 244.426 13 248.126 40.433 0 0
43670 1 6 6 0 0.094 0.386 0.076 0.772 0.799 250 0 250 0 0 1
43670 2 6 6 0 0.094 0.386 0.076 0.772 0.799 250 0 250 0 0 1
43670 3 6 6 0 0.094 0.386 0.076 0.772 0.799 250 0 250 0 0 1
43670 4 6 6 0 0.094 0.386 0.076 0.772 0.799 250 0 250 0 0 1
43670 5 6 6 0 0.094 0.386 0.076 0.772 0.799 250 0 250 0 0 1
43670 6 6 6 0 0.094 0.386 0.076 0.772 0.799 250 0 250 0 0 1
43670 7 6 6 0 0.094 0.386 0.076 0.772 0.799 250 0 250 0 0 1
43670 8 6 6 0 0.094 0.386 0.076 0.772 0.799 250 0 250 0 0 1
43670 9 6 6 0 0.094 0.386 0.076 0.772 0.799 250 0 250 0 0 1
43670 10 6 6 0 0.094 0.386 0.076 0.772 0.799 250 0 250 0 0 1
43670 1 6 6 0 0.096 0.426 0.263 0.931 0.765 250 1 250 1 0 1
43670 2 6 6 0 0.096 0.426 0.263 0.931 0.765 250 0 250 0 0 1
43670 3 6 6 0 0.096 0.426 0.263 0.931 0.765 250 1 250 1 0 1
43670 4 6 6 0 0.096 0.426 0.263 0.931 0.765 250 1 250 1 0 1
43670 5 6 6 0 0.096 0.426 0.263 0.931 0.765 250 1 250 1 0 1
43670 6 6 6 0 0.096 0.426 0.263 0.931 0.765 250 0 250 0 0 1
43670 7 6 6 0 0.096 0.426 0.263 0.931 0.765 250 0 250 0 0 1
43670 8 6 6 0 0.096 0.426 0.263 0.931 0.765 250 1 250 1 0 1
43670 9 6 6 0 0.096 0.426 0.263 0.931 0.765 250 0 250 0 0 1
43670 10 6 6 0 0.096 0.426 0.263 0.931 0.765 250 0 250 0 0 1
43670 1 6 6 0 0.111 0.291 0.491 0.982 0.204 241.1 3 247.893 5.227 0 0.893
43670 2 6 6 0 0.111 0.291 0.491 0.982 0.204 242.756 3 247.738 6.187 0 0.847
43670 3 6 6 0 0.111 0.291 0.491 0.982 0.204 242.702 8 248.271 22.3 0 0.527
43670 4 6 6 0 0.111 0.291 0.491 0.982 0.204 244.05 2 248.892 4.6 0 0.927
43670 5 6 6 0 0.111 0.291 0.491 0.982 0.204 245.885 5 248.642 17.42 0 0.64
43670 6 6 6 0 0.111 0.291 0.491 0.982 0.204 237.501 5 247.544 14.627 0 0.767
43670 7 6 6 0 0.111 0.291 0.491 0.982 0.204 240.019 6 248.212 9.753 0 0.913
43670 8 6 6 0 0.111 0.291 0.491 0.982 0.204 240.096 6 248.577 7.747 0 0.88
43670 9 6 6 0 0.111 0.291 0.491 0.982 0.204 243.097 7 249.17 17.28 0 0.747
43670 10 6 6 0 0.111 0.291 0.491 0.982 0.204 240.215 12 248.542 31.307 0 0
43670 1 6 6 0 0.086 0.294 0.295 0.758 0.017 226.901 97 243.694 1587.48 0 0
43670 2 6 6 0 0.086 0.294 0.295 0.758 0.017 238.562 764 244.699 1912.407 0 0
43670 3 6 6 0 0.086 0.294 0.295 0.758 0.017 231.445 158 243.871 1860.96 0 0
43670 4 6 6 0 0.086 0.294 0.295 0.758 0.017 230.801 54 244.246 1730.827 0 0
43670 5 6 6 0 0.086 0.294 0.295 0.758 0.017 229.078 63 244.36 1788.193 0 0
43670 6 6 6 0 0.086 0.294 0.295 0.758 0.017 234.164 134 244.859 1816.54 0 0
43670 7 6 6 0 0.086 0.294 0.295 0.758 0.017 229.003 98 244.166 2171.38 0 0
43670 8 6 6 0 0.086 0.294 0.295 0.758 0.017 231.547 46 244.421 1618.673 0 0
43670 9 6 6 0 0.086 0.294 0.295 0.758 0.017 227.538 326 242.803 1716.9 0 0
43670 10 6 6 0 0.086 0.294 0.295 0.758 0.017 234.838 57 244.409 1742.993 0 0
43670 1 6 6 0 0.077 0.053 0.019 0.831 0.385 229.932 8 242.29 28.073 0 0.193
43670 2 6 6 0 0.077 0.053 0.019 0.831 0.385 240.303 8 246.215 24.347 0 0.34
43670 3 6 6 0 0.077 0.053 0.019 0.831 0.385 239.042 3 247.982 12.207 0 0.84
43670 4 6 6 0 0.077 0.053 0.019 0.831 0.385 232.517 4 242.546 20.88 0 0.447
43670 5 6 6 0 0.077 0.053 0.019 0.831 0.385 241.35 7 247.986 17.913 0 0.587
43670 6 6 6 0 0.077 0.053 0.019 0.831 0.385 234.708 10 243.459 31.92 0 0
43670 7 6 6 0 0.077 0.053 0.019 0.831 0.385 227.393 4 239.149 18.627 0 0.42
43670 8 6 6 0 0.077 0.053 0.019 0.831 0.385 233.713 8 243.049 24.133 0 0.227
43670 9 6 6 0 0.077 0.053 0.019 0.831 0.385 228.963 2 245.426 4.22 0 0.887
43670 10 6 6 0 0.077 0.053 0.019 0.831 0.385 240.05 7 246.462 18.767 0 0.373
43670 1 6 6 0 0.068 0.026 0.18 0.947 0.933 250 0 250 0 0 1
43670 2 6 6 0 0.068 0.026 0.18 0.947 0.933 250 0 250 0 0 1
43670 3 6 6 0 0.068 0.026 0.18 0.947 0.933 250 0 250 0 0 1
43670 4 6 6 0 0.068 0.026 0.18 0.947 0.933 250 0 250 0 0 1
43670 5 6 6 0 0.068 0.026 0.18 0.947 0.933 250 0 250 0 0 1
43670 6 6 6 0 0.068 0.026 0.18 0.947 0.933 250 0 250 0 0 1
43670 7 6 6 0 0.068 0.026 0.18 0.947 0.933 250 0 250 0 0 1
43670 8 6 6 0 0.068 0.026 0.18 0.947 0.933 250 0 250 0 0 1
43670 9 6 6 0 0.068 0.026 0.18 0.947 0.933 250 0 250 0 0 1
43670 10 6 6 0 0.068 0.026 0.18 0.947 0.933 250 0 250 0 0 1
43670 1 6 8 0 0.032 0.084 0.145 0.965 0.195 239.008 39 246.667 678.007 0 0
43670 2 6 8 0 0.032 0.084 0.145 0.965 0.195 238.904 56 246.781 678.627 0 0
43670 3 6 8 0 0.032 0.084 0.145 0.965 0.195 237.671 52 245.853 597.427 0 0
43670 4 6 8 0 0.032 0.084 0.145 0.965 0.195 239.802 47 246.733 584.893 0 0
43670 5 6 8 0 0.032 0.084 0.145 0.965 0.195 240.684 49 246.797 584.827 0 0
43670 6 6 8 0 0.032 0.084 0.145 0.965 0.195 236.175 46 244.305 459.453 0 0
43670 7 6 8 0 0.032 0.084 0.145 0.965 0.195 238.067 47 246.714 664.52 0 0
43670 8 6 8 0 0.032 0.084 0.145 0.965 0.195 238.236 37 246.252 559.58 0 0
43670 9 6 8 0 0.032 0.084 0.145 0.965 0.195 234.341 53 246.099 580.58 0 0
43670 10 6 8 0 0.032 0.084 0.145 0.965 0.195 234.208 51 244.562 565.76 0 0
43670 1 6 8 0 0.1 0.005 0.234 0.93 0.315 250 0 250 0 0 1
43670 2 6 8 0 0.1 0.005 0.234 0.93 0.315 250 0 250 0 0 1
43670 3 6 8 0 0.1 0.005 0.234 0.93 0.315 250 0 250 0 0 1
43670 4 6 8 0 0.1 0.005 0.234 0.93 0.315 250 0 250 0 0 1
43670 5 6 8 0 0.1 0.005 0.234 0.93 0.315 250 0 250 0 0 1
43670 6 6 8 0 0.1 0.005 0.234 0.93 0.315 250 0 250 0 0 1
43670 7 6 8 0 0.1 0.005 0.234 0.93 0.315 250 0 250 0 0 1
43670 8 6 8 0 0.1 0.005 0.234 0.93 0.315 250 0 250 0 0 1
43670 9 6 8 0 0.1 0.005 0.234 0.93 0.315 250 0 250 0 0 1
43670 10 6 8 0 0.1 0.005 0.234 0.93 0.315 250 0 250 0 0 1
43670 1 6 8 0 0.033 0.163 0.318 0.864 0.129 239.554 64 245.517 676.693 0 0
43670 2 6 8 0 0.033 0.163 0.318 0.864 0.129 235.001 48 246.47 669.9 0 0
43670 3 6 8 0 0.033 0.163 0.318 0.864 0.129 240.045 39 246.339 625.66 0 0
43670 4 6 8 0 0.033 0.163 0.318 0.864 0.129 233.418 39 246.053 750.4 0 0
43670 5 6 8 0 0.033 0.163 0.318 0.864 0.129 239.194 42 245.942 580.627 0 0
43670 6 6 8 0 0.033 0.163 0.318 0.864 0.129 236.044 33 246.314 626.127 0 0
43670 7 6 8 0 0.033 0.163 0.318 0.864 0.129 238.819 54 246.609 691.093 0 0
43670 8 6 8 0 0.033 0.163 0.318 0.864 0.129 234.44 61 246.729 649.707 0 0
43670 9 6 8 0 0.033 0.163 0.318 0.864 0.129 234.875 43 245.901 714.42 0 0
43670 10 6 8 0 0.033 0.163 0.318 0.864 0.129 234.993 41 246.077 648.047 0 0
43670 1 6 8 0 0.064 0.33 0.159 0.751 0.45 232.301 18 246.206 73.927 0 0
43670 2 6 8 0 0.064 0.33 0.159 0.751 0.45 230.793 16 245.634 65.307 0 0
43670 3 6 8 0 0.064 0.33 0.159 0.751 0.45 236.927 20 245.074 69.907 0 0
43670 4 6 8 0 0.064 0.33 0.159 0.751 0.45 235.315 21 247.061 84.96 0 0
43670 5 6 8 0 0.064 0.33 0.159 0.751 0.45 235.311 18 245.981 61.333 0 0
43670 6 6 8 0 0.064 0.33 0.159 0.751 0.45 237.706 12 246.86 58.647 0 0
43670 7 6 8 0 0.064 0.33 0.159 0.751 0.45 234.955 21 244.821 82.04 0 0
43670 8 6 8 0 0.064 0.33 0.159 0.751 0.45 235.164 20 246.275 73.193 0 0
43670 9 6 8 0 0.064 0.33 0.159 0.751 0.45 235.485 17 245.873 70.987 0 0
43670 10 6 8 0 0.064 0.33 0.159 0.751 0.45 234.96 19 245.699 76.113 0 0
43670 1 6 8 0 0.092 0.162 0.361 0.989 0.879 250 0 250 0 0 1
43670 2 6 8 0 0.092 0.162 0.361 0.989 0.879 250 0 250 0 0 1
43670 3 6 8 0 0.092 0.162 0.361 0.989 0.879 250 0 250 0 0 1
43670 4 6 8 0 0.092 0.162 0.361 0.989 0.879 250 0 250 0 0 1
43670 5 6 8 0 0.092 0.162 0.361 0.989 0.879 250 0 250 0 0 1
43670 6 6 8 0 0.092 0.162 0.361 0.989 0.879 250 0 250 0 0 1
43670 7 6 8 0 0.092 0.162 0.361 0.989 0.879 250 0 250 0 0 1
43670 8 6 8 0 0.092 0.162 0.361 0.989 0.879 250 0 250 0 0 1
43670 9 6 8 0 0.092 0.162 0.361 0.989 0.879 250 0 250 0 0 1
43670 10 6 8 0 0.092 0.162 0.361 0.989 0.879 250 0 250 0 0 1
43670 1 6 8 0 0.115 0.456 0.052 0.838 0.193 232.681 41 245.501 2084.06 0 0
43670 2 6 8 0 0.115 0.456 0.052 0.838 0.193 238.155 384 247.411 2526.587 0 0
43670 3 6 8 0 0.115 0.456 0.052 0.838 0.193 234.1 271 246.611 2391.92 0 0
43670 4 6 8 0 0.115 0.456 0.052 0.838 0.193 225.769 91 245.117 2155.68 0 0
43670 5 6 8 0 0.115 0.456 0.052 0.838 0.193 229.943 137 245.924 2479.433 0 0
43670 6 6 8 0 0.115 0.456 0.052 0.838 0.193 236.435 549 246.694 2346.807 0 0
43670 7 6 8 0 0.115 0.456 0.052 0.838 0.193 239.713 572 246.925 2288.673 0 0
43670 8 6 8 0 0.115 0.456 0.052 0.838 0.193 233.781 495 246.838 2523.713 0 0
43670 9 6 8 0 0.115 0.456 0.052 0.838 0.193 233.174 469 245.587 2047.18 0 0
43670 10 6 8 0 0.115 0.456 0.052 0.838 0.193 234.512 1027 246.727 2416.42 0 0
43670 1 6 8 0 0.015 0.288 0.164 0.767 0.811 250 0 250 0 0 1
43670 2 6 8 0 0.015 0.288 0.164 0.767 0.811 250 0 250 0 0 1
43670 3 6 8 0 0.015 0.288 0.164 0.767 0.811 250 1 250 1 0 1
43670 4 6 8 0 0.015 0.288 0.164 0.767 0.811 250 0 250 0 0 1
43670 5 6 8 0 0.015 0.288 0.164 0.767 0.811 250 0 250 0 0 1
43670 6 6 8 0 0.015 0.288 0.164 0.767 0.811 250 0 250 0 0 1
43670 7 6 8 0 0.015 0.288 0.164 0.767 0.811 250 0 250 0 0 1
43670 8 6 8 0 0.015 0.288 0.164 0.767 0.811 250 0 250 0 0 1
43670 9 6 8 0 0.015 0.288 0.164 0.767 0.811 250 0 250 0 0 1
43670 10 6 8 0 0.015 0.288 0.164 0.767 0.811 250 0 250 0 0 1
43670 1 6 8 0 0.108 0.113 0.358 0.966 0.824 250 0 250 0 0 1
43670 2 6 8 0 0.108 0.113 0.358 0.966 0.824 250 0 250 0 0 1
43670 3 6 8 0 0.108 0.113 0.358 0.966 0.824 250 0 250 0 0 1
43670 4 6 8 0 0.108 0.113 0.358 0.966 0.824 250 0 250 0 0 1
43670 5 6 8 0 0.108 0.113 0.358 0.966 0.824 250 0 250 0 0 1
43670 6 6 8 0 0.108 0.113 0.358 0.966 0.824 250 0 250 0 0 1
43670 7 6 8 0 0.108 0.113 0.358 0.966 0.824 250 0 250 0 0 1
43670 8 6 8 0 0.108 0.113 0.358 0.966 0.824 250 0 250 0 0 1
43670 9 6 8 0 0.108 0.113 0.358 0.966 0.824 250 0 250 0 0 1
43670 10 6 8 0 0.108 0.113 0.358 0.966 0.824 250 1 250 1 0 1
43670 1 6 8 0 0.029 0.221 0.056 0.941 0.509 234.685 19 246.32 82.093 0 0
43670 2 6 8 0 0.029 0.221 0.056 0.941 0.509 235.761 19 246.036 79.2 0 0
43670 3 6 8 0 0.029 0.221 0.056 0.941 0.509 226.296 22 245.69 83.347 0 0
43670 4 6 8 0 0.029 0.221 0.056 0.941 0.509 234.642 27 244.682 75.767 0 0
43670 5 6 8 0 0.029 0.221 0.056 0.941 0.509 232.798 30 246.133 90.453 0 0
43670 6 6 8 0 0.029 0.221 0.056 0.941 0.509 233.267 14 245.494 83.487 0 0
43670 7 6 8 0 0.029 0.221 0.056 0.941 0.509 234.191 21 245.086 92.007 0 0
43670 8 6 8 0 0.029 0.221 0.056 0.941 0.509 234.205 18 245.752 87.713 0 0
43670 9 6 8 0 0.029 0.221 0.056 0.941 0.509 228.487 18 244.493 76.393 0 0
43670 10 6 8 0 0.029 0.221 0.056 0.941 0.509 235.655 20 246.725 83.34 0 0
43670 1 6 8 1 0.041 0.357 0.209 0.804 0.799 250 0 250 0 0 1
43670 2 6 8 1 0.041 0.357 0.209 0.804 0.799 250 0 250 0 0 1
43670 3 6 8 1 0.041 0.357 0.209 0.804 0.799 250 0 250 0 0 1
43670 4 6 8 1 0.041 0.357 0.209 0.804 0.799 250 0 250 0 0 1
43670 5 6 8 1 0.041 0.357 0.209 0.804 0.799 250 0 250 0 0 1
43670 6 6 8 1 0.041 0.357 0.209 0.804 0.799 250 0 250 0 0 1
43670 7 6 8 1 0.041 0.357 0.209 0.804 0.799 250 0 250 0 0 1
43670 8 6 8 1 0.041 0.357 0.209 0.804 0.799 250 0 250 0 0 1
43670 9 6 8 1 0.041 0.357 0.209 0.804 0.799 250 0 250 0 0 1
43670 10 6 8 1 0.041 0.357 0.209 0.804 0.799 250 0 250 0 0 1
43670 1 6 8 1 0.119 0.157 0.07 0.837 0.375 236.556 154 243.393 413.48 0 0
43670 2 6 8 1 0.119 0.157 0.07 0.837 0.375 231.723 227 239.594 442.74 0 0
43670 3 6 8 1 0.119 0.157 0.07 0.837 0.375 227.191 228 236.589 446.36 0 0
43670 4 6 8 1 0.119 0.157 0.07 0.837 0.375 229.804 176 239.349 439.32 0 0
43670 5 6 8 1 0.119 0.157 0.07 0.837 0.375 234.117 146 240.133 424.573 0 0
43670 6 6 8 1 0.119 0.157 0.07 0.837 0.375 228.742 217 237.914 415.02 0 0
43670 7 6 8 1 0.119 0.157 0.07 0.837 0.375 224.614 166 237.838 419.387 0 0
43670 8 6 8 1 0.119 0.157 0.07 0.837 0.375 232.54 249 240.796 480.013 0 0
43670 9 6 8 1 0.119 0.157 0.07 0.837 0.375 227.875 165 234.853 467.92 0 0
43670 10 6 8 1 0.119 0.157 0.07 0.837 0.375 222.546 156 236.216 432.527 0 0
43670 1 6 8 1 0.07 0.033 0.199 0.996 0.438 250 0 250 0 0 1
43670 2 6 8 1 0.07 0.033 0.199 0.996 0.438 250 0 250 0 0 1
43670 3 6 8 1 0.07 0.033 0.199 0.996 0.438 250 1 250 1 0 1
43670 4 6 8 1 0.07 0.033 0.199 0.996 0.438 250 0 250 0 0 1
43670 5 6 8 1 0.07 0.033 0.199 0.996 0.438 250 0 250 0 0 1
43670 6 6 8 1 0.07 0.033 0.199 0.996 0.438 250 0 250 0 0 1
43670 7 6 8 1 0.07 0.033 0.199 0.996 0.438 250 0 250 0 0 1
43670 8 6 8 1 0.07 0.033 0.199 0.996 0.438 250 0 250 0 0 1
43670 9 6 8 1 0.07 0.033 0.199 0.996 0.438 250 0 250 0 0 1
43670 10 6 8 1 0.07 0.033 0.199 0.996 0.438 250 0 250 0 0 1
43670 1 6 8 1 0.003 0.184 0.486 0.801 0.013 236.698 1066 246.825 1497.3 0 0
43670 2 6 8 1 0.003 0.184 0.486 0.801 0.013 240.781 945 246.833 1454.333 0 0
43670 3 6 8 1 0.003 0.184 0.486 0.801 0.013 243.184 781 247.292 1480.127 0 0
43670 4 6 8 1 0.003 0.184 0.486 0.801 0.013 240.624 972 245.988 1490.813 0 0
43670 5 6 8 1 0.003 0.184 0.486 0.801 0.013 244.144 1103 247.552 1493.4 0 0
43670 6 6 8 1 0.003 0.184 0.486 0.801 0.013 240.796 1091 246.527 1514.073 0 0
43670 7 6 8 1 0.003 0.184 0.486 0.801 0.013 243.491 1103 247.38 1527.827 0 0
43670 8 6 8 1 0.003 0.184 0.486 0.801 0.013 239.79 922 247.114 1500.76 0 0
43670 9 6 8 1 0.003 0.184 0.486 0.801 0.013 241.584 973 246.32 1452.847 0 0
43670 10 6 8 1 0.003 0.184 0.486 0.801 0.013 239.459 972 245.094 1435.26 0 0
43670 1 6 8 1 0.079 0.387 0.313 0.972 0.163 239.648 920 246.716 1372.233 0 0
43670 2 6 8 1 0.079 0.387 0.313 0.972 0.163 243.491 1046 247.341 1423.853 0 0
43670 3 6 8 1 0.079 0.387 0.313 0.972 0.163 242.27 1058 247.136 1387.34 0 0
43670 4 6 8 1 0.079 0.387 0.313 0.972 0.163 241.886 1064 247.075 1448.92 0 0
43670 5 6 8 1 0.079 0.387 0.313 0.972 0.163 244.133 1261 247.706 1518.167 0 0
43670 6 6 8 1 0.079 0.387 0.313 0.972 0.163 243.366 1138 247.288 1461.567 0 0
43670 7 6 8 1 0.079 0.387 0.313 0.972 0.163 244.194 1069 247.402 1421.62 0 0
43670 8 6 8 1 0.079 0.387 0.313 0.972 0.163 242.448 1017 247.129 1386.86 0 0
43670 9 6 8 1 0.079 0.387 0.313 0.972 0.163 243.182 1098 246.976 1442.113 0 0
43670 10 6 8 1 0.079 0.387 0.313 0.972 0.163 242.932 1128 247.04 1476.807 0 0
43670 1 6 8 1 0.049 0.241 0.159 0.886 0.794 250 0 250 0 0 1
43670 2 6 8 1 0.049 0.241 0.159 0.886 0.794 250 0 250 0 0 1
43670 3 6 8 1 0.049 0.241 0.159 0.886 0.794 250 0 250 0 0 1
43670 4 6 8 1 0.049 0.241 0.159 0.886 0.794 250 0 250 0 0 1
43670 5 6 8 1 0.049 0.241 0.159 0.886 0.794 250 0 250 0 0 1
43670 6 6 8 1 0.049 0.241 0.159 0.886 0.794 250 0 250 0 0 1
43670 7 6 8 1 0.049 0.241 0.159 0.886 0.794 250 0 250 0 0 1
43670 8 6 8 1 0.049 0.241 0.159 0.886 0.794 250 0 250 0 0 1
43670 9 6 8 1 0.049 0.241 0.159 0.886 0.794 250 0 250 0 0 1
43670 10 6 8 1 0.049 0.241 0.159 0.886 0.794 250 0 250 0 0 1
43670 1 6 8 1 0.037 0.401 0.485 0.99 0.266 91.846 32 106.299 82.227 0 0
43670 2 6 8 1 0.037 0.401 0.485 0.99 0.266 157.586 32 178.99 92.66 0 0
43670 3 6 8 1 0.037 0.401 0.485 0.99 0.266 67.701 34 89.717 78.94 0 0
43670 4 6 8 1 0.037 0.401 0.485 0.99 0.266 74.014 31 101.005 84.16 0 0
43670 5 6 8 1 0.037 0.401 0.485 0.99 0.266 130.574 33 148.377 94.253 0 0
43670 6 6 8 1 0.037 0.401 0.485 0.99 0.266 177.693 19 207.16 83.967 0 0
43670 7 6 8 1 0.037 0.401 0.485 0.99 0.266 111.931 31 125.311 87.013 0 0
43670 8 6 8 1 0.037 0.401 0.485 0.99 0.266 79.018 38 116.122 80.427 0 0
43670 9 6 8 1 0.037 0.401 0.485 0.99 0.266 175.685 22 186.811 77.753 0 0
43670 10 6 8 1 0.037 0.401 0.485 0.99 0.266 168.319 21 180.633 80.647 0 0
43670 1 6 8 1 0.093 0.328 0.23 0.984 0.495 250 0 250 0 0 1
43670 2 6 8 1 0.093 0.328 0.23 0.984 0.495 245.204 2 249.773 2.913 0 0.98
43670 3 6 8 1 0.093 0.328 0.23 0.984 0.495 249.819 0 249.99 0 0 1
43670 4 6 8 1 0.093 0.328 0.23 0.984 0.495 250 0 250 0.233 0 0.993
43670 5 6 8 1 0.093 0.328 0.23 0.984 0.495 249.974 0 250 0.033 0 1
43670 6 6 8 1 0.093 0.328 0.23 0.984 0.495 247.221 0 249.778 0.607 0 0.987
43670 7 6 8 1 0.093 0.328 0.23 0.984 0.495 249 0 249.976 0 0 1
43670 8 6 8 1 0.093 0.328 0.23 0.984 0.495 249 0 249.966 0.16 0 1
43670 9 6 8 1 0.093 0.328 0.23 0.984 0.495 249.621 2 249.994 2 0 1
43670 10 6 8 1 0.093 0.328 0.23 0.984 0.495 250 0 250 0.18 0 0.987
43670 1 6 8 1 0.079 0.133 0.414 0.914 0.119 183.197 147 197.761 356.847 0 0
43670 2 6 8 1 0.079 0.133 0.414 0.914 0.119 194.474 177 207.491 378.013 0 0
43670 3 6 8 1 0.079 0.133 0.414 0.914 0.119 208.78 112 217.326 327.987 0 0
43670 1 6 8 0 0.108 0.348 0.02 0.817 0.759 249.967 0 250 0 0 1
43670 2 6 8 0 0.108 0.348 0.02 0.817 0.759 250 0 250 0 0 1
43670 3 6 8 0 0.108 0.348 0.02 0.817 0.759 249.996 0 250 0 0 1
43670 4 6 8 0 0.108 0.348 0.02 0.817 0.759 249.996 0 250 0 0 1
43670 5 6 8 0 0.108 0.348 0.02 0.817 0.759 250 0 250 0 0 1
43670 6 6 8 0 0.108 0.348 0.02 0.817 0.759 250 0 250 0 0 1
43670 7 6 8 0 0.108 0.348 0.02 0.817 0.759 249.653 0 249.998 0 0 1
43670 8 6 8 0 0.108 0.348 0.02 0.817 0.759 250 1 250 1 0 1
43670 9 6 8 0 0.108 0.348 0.02 0.817 0.759 250 0 250 0 0 1
43670 10 6 8 0 0.108 0.348 0.02 0.817 0.759 250 0 250 0 0 1
43670 1 6 8 0 0.038 0.349 0.5 0.907 0.646 250 0 250 0 0 1
43670 2 6 8 0 0.038 0.349 0.5 0.907 0.646 250 0 250 0 0 1
43670 3 6 8 0 0.038 0.349 0.5 0.907 0.646 250 0 250 0 0 1
43670 4 6 8 0 0.038 0.349 0.5 0.907 0.646 250 0 250 0 0 1
43670 5 6 8 0 0.038 0.349 0.5 0.907 0.646 250 0 250 0 0 1
43670 6 6 8 0 0.038 0.349 0.5 0.907 0.646 250 0 250 0 0 1
43670 7 6 8 0 0.038 0.349 0.5 0.907 0.646 250 0 250 0 0 1
43670 8 6 8 0 0.038 0.349 0.5 0.907 0.646 250 0 250 0.093 0 1
43670 9 6 8 0 0.038 0.349 0.5 0.907 0.646 250 0 250 0 0 1
43670 10 6 8 0 0.038 0.349 0.5 0.907 0.646 250 0 250 0 0 1
43670 1 6 8 0 0.106 0.44 0.245 0.815 0.013 237.917 1471 247.47 3159.58 0 0
43670 2 6 8 0 0.106 0.44 0.245 0.815 0.013 241.361 1709 247.544 2918.62 0 0
43670 3 6 8 0 0.106 0.44 0.245 0.815 0.013 234.479 355 247.21 3018.533 0 0
43670 4 6 8 0 0.106 0.44 0.245 0.815 0.013 243.213 1378 248.458 2970.467 0 0
43670 5 6 8 0 0.106 0.44 0.245 0.815 0.013 234.485 115 247.091 2642.987 0 0
43670 6 6 8 0 0.106 0.44 0.245 0.815 0.013 239.594 197 247.651 2827.173 0 0
43670 7 6 8 0 0.106 0.44 0.245 0.815 0.013 240.836 1476 248.11 3305.513 0 0
43670 8 6 8 0 0.106 0.44 0.245 0.815 0.013 243.108 1865 248.003 2976.147 0 0
43670 9 6 8 0 0.106 0.44 0.245 0.815 0.013 237.605 757 248.033 3446.813 0 0
43670 10 6 8 0 0.106 0.44 0.245 0.815 0.013 239.643 581 247.647 2655.22 0 0
43670 1 6 8 0 0.09 0.215 0.113 0.864 0.075 232.207 43 244.903 2139.147 0 0
43670 2 6 8 0 0.09 0.215 0.113 0.864 0.075 238.446 452 246.026 2124.487 0 0
43670 3 6 8 0 0.09 0.215 0.113 0.864 0.075 231.269 39 244.429 1866.84 0 0
43670 4 6 8 0 0.09 0.215 0.113 0.864 0.075 222.545 39 243.647 1908.68 0 0
43670 5 6 8 0 0.09 0.215 0.113 0.864 0.075 229.751 41 244.41 1939.733 0 0
43670 6 6 8 0 0.09 0.215 0.113 0.864 0.075 231.923 58 245.557 2046.913 0 0
43670 7 6 8 0 0.09 0.215 0.113 0.864 0.075 226.608 95 245.227 2228.707 0 0
43670 8 6 8 0 0.09 0.215 0.113 0.864 0.075 231.605 541 245.573 2240.393 0 0
43670 9 6 8 0 0.09 0.215 0.113 0.864 0.075 227.966 28 244.61 1936.84 0 0
43670 10 6 8 0 0.09 0.215 0.113 0.864 0.075 233.008 84 244.982 2237.327 0 0
43670 1 6 8 0 0.034 0.001 0.222 0.896 0.424 250 0 250 0 0 1
43670 2 6 8 0 0.034 0.001 0.222 0.896 0.424 250 0 250 0 0 1
43670 3 6 8 0 0.034 0.001 0.222 0.896 0.424 250 0 250 0 0 1
43670 4 6 8 0 0.034 0.001 0.222 0.896 0.424 250 0 250 0 0 1
43670 5 6 8 0 0.034 0.001 0.222 0.896 0.424 250 0 250 0 0 1
43670 6 6 8 0 0.034 0.001 0.222 0.896 0.424 250 0 250 0 0 1
43670 7 6 8 0 0.034 0.001 0.222 0.896 0.424 250 0 250 0 0 1
43670 8 6 8 0 0.034 0.001 0.222 0.896 0.424 250 0 250 0 0 1
43670 9 6 8 0 0.034 0.001 0.222 0.896 0.424 250 0 250 0 0 1
43670 10 6 8 0 0.034 0.001 0.222 0.896 0.424 250 0 250 0 0 1
43670 1 6 8 0 0.017 0.239 0.313 0.953 0.292 238.523 19 246.431 146.307 0 0
43670 2 6 8 0 0.017 0.239 0.313 0.953 0.292 238.842 21 246.517 170.247 0 0
43670 3 6 8 0 0.017 0.239 0.313 0.953 0.292 236.967 20 245.657 133.953 0 0
43670 4 6 8 0 0.017 0.239 0.313 0.953 0.292 234.511 15 246.706 135.36 0 0
43670 5 6 8 0 0.017 0.239 0.313 0.953 0.292 238.383 20 245.874 143.813 0 0
43670 6 6 8 0 0.017 0.239 0.313 0.953 0.292 232.576 21 245.592 189.58 0 0
43670 7 6 8 0 0.017 0.239 0.313 0.953 0.292 238.894 25 246.553 149.807 0 0
43670 8 6 8 0 0.017 0.239 0.313 0.953 0.292 236.329 25 245.767 145.333 0 0
43670 9 6 8 0 0.017 0.239 0.313 0.953 0.292 238.962 18 246.289 130.76 0 0
43670 10 6 8 0 0.017 0.239 0.313 0.953 0.292 238.882 13 246.805 128.52 0 0
43670 1 6 8 0 0.083 0.456 0.379 0.903 0.336 240.948 8 247.44 35.687 0 0.373
43670 2 6 8 0 0.083 0.456 0.379 0.903 0.336 235.729 8 246.536 42.853 0 0.2
43670 3 6 8 0 0.083 0.456 0.379 0.903 0.336 234.873 15 245.684 48.807 0 0
43670 4 6 8 0 0.083 0.456 0.379 0.903 0.336 235.965 10 246.184 38.02 0 0
43670 5 6 8 0 0.083 0.456 0.379 0.903 0.336 235.691 19 247.328 49.547 0 0
43670 6 6 8 0 0.083 0.456 0.379 0.903 0.336 227.446 10 245.623 51.587 0 0
43670 7 6 8 0 0.083 0.456 0.379 0.903 0.336 232.937 14 245.949 50.18 0 0
43670 8 6 8 0 0.083 0.456 0.379 0.903 0.336 240.644 15 247.258 39.153 0 0
43670 9 6 8 0 0.083 0.456 0.379 0.903 0.336 237.357 17 247.037 50.513 0 0
43670 10 6 8 0 0.083 0.456 0.379 0.903 0.336 236.935 9 245.128 39.46 0 0.04
43670 1 6 8 0 0.006 0.16 0.394 0.813 0.47 250 0 250 0 0 1
43670 2 6 8 0 0.006 0.16 0.394 0.813 0.47 250 0 250 0 0 1
43670 3 6 8 0 0.006 0.16 0.394 0.813 0.47 250 0 250 0 0 1
43670 4 6 8 0 0.006 0.16 0.394 0.813 0.47 250 0 250 0 0 1
43670 5 6 8 0 0.006 0.16 0.394 0.813 0.47 250 0 250 0 0 1
43670 6 6 8 0 0.006 0.16 0.394 0.813 0.47 250 1 250 1 0 1
43670 7 6 8 0 0.006 0.16 0.394 0.813 0.47 250 0 250 0 0 1
43670 8 6 8 0 0.006 0.16 0.394 0.813 0.47 250 0 250 0 0 1
43670 9 6 8 0 0.006 0.16 0.394 0.813 0.47 250 0 250 0 0 1
43670 10 6 8 0 0.006 0.16 0.394 0.813 0.47 250 0 250 0 0 1
43670 1 6 8 0 0.096 0.204 0.044 0.967 0.945 250 0 250 0 0 1
43670 2 6 8 0 0.096 0.204 0.044 0.967 0.945 250 0 250 0 0 1
43670 3 6 8 0 0.096 0.204 0.044 0.967 0.945 250 0 250 0 0 1
43670 4 6 8 0 0.096 0.204 0.044 0.967 0.945 250 0 250 0 0 1
43670 5 6 8 0 0.096 0.204 0.044 0.967 0.945 250 0 250 0 0 1
43670 6 6 8 0 0.096 0.204 0.044 0.967 0.945 250 1 250 1 0 1
43670 7 6 8 0 0.096 0.204 0.044 0.967 0.945 250 0 250 0 0 1
43670 1 6 8 0 0.083 0.146 0.331 0.911 0.619 250 0 250 0 0 1
43670 2 6 8 0 0.083 0.146 0.331 0.911 0.619 250 0 250 0 0 1
43670 3 6 8 0 0.083 0.146 0.331 0.911 0.619 250 0 250 0 0 1
43670 4 6 8 0 0.083 0.146 0.331 0.911 0.619 250 0 250 0 0 1
43670 5 6 8 0 0.083 0.146 0.331 0.911 0.619 250 0 250 0 0 1
43670 6 6 8 0 0.083 0.146 0.331 0.911 0.619 250 1 250 1 0 1
43670 7 6 8 0 0.083 0.146 0.331 0.911 0.619 250 1 250 1 0 1
43670 8 6 8 0 0.083 0.146 0.331 0.911 0.619 250 0 250 0 0 1
43670 9 6 8 0 0.083 0.146 0.331 0.911 0.619 250 0 250 0 0 1
43670 10 6 8 0 0.083 0.146 0.331 0.911 0.619 250 0 250 0 0 1
43670 1 6 8 0 0.057 0.369 0.331 0.973 0.067 235.96 31 246.476 1109.027 0 0
43670 2 6 8 0 0.057 0.369 0.331 0.973 0.067 230.077 24 245.279 1318.933 0 0
43670 3 6 8 0 0.057 0.369 0.331 0.973 0.067 235.415 30 245.711 994.8 0 0
43670 4 6 8 0 0.057 0.369 0.331 0.973 0.067 237.192 41 246.163 1113.26 0 0
43670 5 6 8 0 0.057 0.369 0.331 0.973 0.067 235.936 45 245.619 1071.693 0 0
43670 6 6 8 0 0.057 0.369 0.331 0.973 0.067 227.374 33 245.473 1244.307 0 0
43670 7 6 8 0 0.057 0.369 0.331 0.973 0.067 233.142 37 246.17 1341.26 0 0
43670 8 6 8 0 0.057 0.369 0.331 0.973 0.067 236.929 34 246.56 1016.16 0 0
43670 9 6 8 0 0.057 0.369 0.331 0.973 0.067 229.081 48 245.677 1413.227 0 0
43670 10 6 8 0 0.057 0.369 0.331 0.973 0.067 239.178 29 246.484 1053.54 0 0
43670 1 6 8 0 0.008 0.386 0.006 0.856 0.746 249.996 1 250 1 0 1
43670 2 6 8 0 0.008 0.386 0.006 0.856 0.746 250 0 250 0 0 1
43670 3 6 8 0 0.008 0.386 0.006 0.856 0.746 250 0 250 0 0 1
43670 4 6 8 0 0.008 0.386 0.006 0.856 0.746 250 0 250 0 0 1
43670 5 6 8 0 0.008 0.386 0.006 0.856 0.746 250 0 250 0 0 1
43670 6 6 8 0 0.008 0.386 0.006 0.856 0.746 249.752 0 249.998 0 0 1
43670 7 6 8 0 0.008 0.386 0.006 0.856 0.746 250 2 250 2 0 1
43670 8 6 8 0 0.008 0.386 0.006 0.856 0.746 250 0 250 0 0 1
43670 9 6 8 0 0.008 0.386 0.006 0.856 0.746 250 0 250 0 0 1
43670 10 6 8 0 0.008 0.386 0.006 0.856 0.746 250 0 250 0 0 1
43670 1 6 8 0 0.077 0.115 0.192 0.873 0.27 238.93 8 246.832 23.56 0 0.267
43670 2 6 8 0 0.077 0.115 0.192 0.873 0.27 236.879 9 247.215 24.533 0 0.02
43670 3 6 8 0 0.077 0.115 0.192 0.873 0.27 234.649 13 245.191 30 0 0
43670 4 6 8 0 0.077 0.115 0.192 0.873 0.27 236.457 12 246.12 48.527 0 0
43670 5 6 8 0 0.077 0.115 0.192 0.873 0.27 239.003 5 246.675 23.067 0 0.58
43670 6 6 8 0 0.077 0.115 0.192 0.873 0.27 240.998 14 247.628 29.753 0 0
43670 7 6 8 0 0.077 0.115 0.192 0.873 0.27 243.667 8 248.1 18.9 0 0.313
43670 8 6 8 0 0.077 0.115 0.192 0.873 0.27 244.05 5 248.846 8.92 0 0.86
43670 9 6 8 0 0.077 0.115 0.192 0.873 0.27 234.318 12 245.497 32.873 0 0
43670 10 6 8 0 0.077 0.115 0.192 0.873 0.27 233.075 3 247.367 17.327 0 0.713
43670 1 6 8 0 0.087 0.441 0.008 0.836 0.179 249.099 4396 249.894 5655.187 0 0
43670 2 6 8 0 0.087 0.441 0.008 0.836 0.179 248.914 4848 249.909 5656.127 0 0
43670 3 6 8 0 0.087 0.441 0.008 0.836 0.179 249.05 3244 249.857 4989.427 0 0
43670 4 6 8 0 0.087 0.441 0.008 0.836 0.179 249.252 4686 249.897 5456.133 0 0
43670 5 6 8 0 0.087 0.441 0.008 0.836 0.179 247.958 3834 249.798 5447.087 0 0
43670 6 6 8 0 0.087 0.441 0.008 0.836 0.179 249.384 5069 249.934 5966.8 0 0
43670 7 6 8 0 0.087 0.441 0.008 0.836 0.179 248.914 4484 249.891 5433.8 0 0
43670 8 6 8 0 0.087 0.441 0.008 0.836 0.179 249.303 5268 249.943 6299.387 0 0
43670 9 6 8 0 0.087 0.441 0.008 0.836 0.179 248.719 4176 249.839 5281.853 0 0
43670 10 6 8 0 0.087 0.441 0.008 0.836 0.179 248.359 4379 249.852 5256.073 0 0
43670 1 6 8 0 0.041 0.157 0.258 0.826 0.118 235.799 46 246.169 861.507 0 0
43670 2 6 8 0 0.041 0.157 0.258 0.826 0.118 232.384 59 245.657 707.093 0 0
43670 3 6 8 0 0.041 0.157 0.258 0.826 0.118 240.294 54 246.775 746.273 0 0
43670 4 6 8 0 0.041 0.157 0.258 0.826 0.118 236.456 51 246.037 825.187 0 0
43670 5 6 8 0 0.041 0.157 0.258 0.826 0.118 237.756 48 246.344 910.987 0 0
43670 6 6 8 0 0.041 0.157 0.258 0.826 0.118 238.746 47 246.468 815.073 0 0
43670 7 6 8 0 0.041 0.157 0.258 0.826 0.118 234.902 40 245.966 847.54 0 0
43670 8 6 8 0 0.041 0.157 0.258 0.826 0.118 238.871 29 246.999 761.6 0 0
43670 9 6 8 0 0.041 0.157 0.258 0.826 0.118 236.154 38 246.583 783.567 0 0
43670 10 6 8 0 0.041 0.157 0.258 0.826 0.118 236.335 34 246.509 697.5 0 0
43670 1 6 8 0 0.008 0.094 0.316 0.906 0.556 250 0 250 0 0 1
43670 2 6 8 0 0.008 0.094 0.316 0.906 0.556 250 0 250 0 0 1
43670 3 6 8 0 0.008 0.094 0.316 0.906 0.556 250 0 250 0 0 1
43670 4 6 8 0 0.008 0.094 0.316 0.906 0.556 250 1 250 1 0 1
43670 5 6 8 0 0.008 0.094 0.316 0.906 0.556 250 0 250 0 0 1
43670 6 6 8 0 0.008 0.094 0.316 0.906 0.556 250 0 250 0 0 1
43670 7 6 8 0 0.008 0.094 0.316 0.906 0.556 250 0 250 0 0 1
43670 8 6 8 0 0.008 0.094 0.316 0.906 0.556 250 0 250 0 0 1
43670 9 6 8 0 0.008 0.094 0.316 0.906 0.556 250 0 250 0 0 1
43670 10 6 8 0 0.008 0.094 0.316 0.906 0.556 250 0 250 0 0 1
43670 1 6 8 0 0.069 0.156 0.142 0.926 0.442 237.077 7 245.665 26.233 0 0.507
43670 2 6 8 0 0.069 0.156 0.142 0.926 0.442 234.719 5 247.292 15.54 0 0.793
43670 3 6 8 0 0.069 0.156 0.142 0.926 0.442 241.491 4 247.962 9.873 0 0.78
43670 4 6 8 0 0.069 0.156 0.142 0.926 0.442 238.59 3 247.024 15.373 0 0.727
43670 5 6 8 0 0.069 0.156 0.142 0.926 0.442 244.136 13 248.725 18.673 0 0
43670 6 6 8 0 0.069 0.156 0.142 0.926 0.442 236.649 14 246.423 32.473 0 0
43670 7 6 8 0 0.069 0.156 0.142 0.926 0.442 236.891 6 247.034 18.16 0 0.58
43670 8 6 8 0 0.069 0.156 0.142 0.926 0.442 238.944 2 247.72 9.72 0 0.707
43670 1 6 9 0 0.087 0.279 0.122 0.751 0.742 250 0 250 0 0 1
43670 2 6 9 0 0.087 0.279 0.122 0.751 0.742 250 0 250 0 0 1
43670 3 6 9 0 0.087 0.279 0.122 0.751 0.742 250 0 250 0 0 1
43670 4 6 9 0 0.087 0.279 0.122 0.751 0.742 250 0 250 0 0 1
43670 5 6 9 0 0.087 0.279 0.122 0.751 0.742 250 0 250 0 0 1
43670 6 6 9 0 0.087 0.279 0.122 0.751 0.742 250 0 250 0 0 1
43670 7 6 9 0 0.087 0.279 0.122 0.751 0.742 250 0 250 0 0 1
43670 8 6 9 0 0.087 0.279 0.122 0.751 0.742 250 0 250 0 0 1
43670 9 6 9 0 0.087 0.279 0.122 0.751 0.742 250 0 250 0 0 1
43670 10 6 9 0 0.087 0.279 0.122 0.751 0.742 250 0 250 0 0 1
43670 1 6 9 0 0.037 0.263 0.36 0.982 0.577 250 0 250 0 0 1
43670 2 6 9 0 0.037 0.263 0.36 0.982 0.577 250 0 250 0 0 1
43670 3 6 9 0 0.037 0.263 0.36 0.982 0.577 250 0 250 0 0 1
43670 4 6 9 0 0.037 0.263 0.36 0.982 0.577 250 0 250 0 0 1
43670 5 6 9 0 0.037 0.263 0.36 0.982 0.577 250 0 250 0 0 1
43670 6 6 9 0 0.037 0.263 0.36 0.982 0.577 250 0 250 0 0 1
43670 7 6 9 0 0.037 0.263 0.36 0.982 0.577 250 0 250 0 0 1
43670 8 6 9 0 0.037 0.263 0.36 0.982 0.577 250 0 250 0 0 1
43670 9 6 9 0 0.037 0.263 0.36 0.982 0.577 250 0 250 0 0 1
43670 10 6 9 0 0.037 0.263 0.36 0.982 0.577 250 0 250 0 0 1
43670 1 6 9 0 0.035 0.046 0.308 0.779 0.584 250 0 250 0 0 1
43670 2 6 9 0 0.035 0.046 0.308 0.779 0.584 250 0 250 0 0 1
43670 3 6 9 0 0.035 0.046 0.308 0.779 0.584 250 0 250 0 0 1
43670 4 6 9 0 0.035 0.046 0.308 0.779 0.584 250 0 250 0 0 1
43670 5 6 9 0 0.035 0.046 0.308 0.779 0.584 250 0 250 0 0 1
43670 6 6 9 0 0.035 0.046 0.308 0.779 0.584 250 0 250 0 0 1
43670 7 6 9 0 0.035 0.046 0.308 0.779 0.584 250 0 250 0 0 1
43670 8 6 9 0 0.035 0.046 0.308 0.779 0.584 250 0 250 0 0 1
43670 9 6 9 0 0.035 0.046 0.308 0.779 0.584 250 0 250 0 0 1
43670 10 6 9 0 0.035 0.046 0.308 0.779 0.584 250 0 250 0 0 1
43670 1 6 9 0 0.104 0.219 0.349 0.77 0.837 250 0 250 0 0 1
43670 2 6 9 0 0.104 0.219 0.349 0.77 0.837 250 0 250 0 0 1
43670 3 6 9 0 0.104 0.219 0.349 0.77 0.837 250 0 250 0 0 1
43670 4 6 9 0 0.104 0.219 0.349 0.77 0.837 250 0 250 0 0 1
43670 5 6 9 0 0.104 0.219 0.349 0.77 0.837 250 0 250 0 0 1
43670 6 6 9 0 0.104 0.219 0.349 0.77 0.837 250 0 250 0 0 1
43670 7 6 9 0 0.104 0.219 0.349 0.77 0.837 250 0 250 0 0 1
43670 8 6 9 0 0.104 0.219 0.349 0.77 0.837 250 0 250 0 0 1
43670 9 6 9 0 0.104 0.219 0.349 0.77 0.837 250 0 250 0 0 1
43670 10 6 9 0 0.104 0.219 0.349 0.77 0.837 250 0 250 0 0 1
43670 1 6 9 0 0.12 0.27 0.215 0.994 0.398 236.207 2 245.833 12.733 0 0.707
43670 2 6 9 0 0.12 0.27 0.215 0.994 0.398 238.236 7 247.386 24.667 0 0.287
43670 3 6 9 0 0.12 0.27 0.215 0.994 0.398 239.776 7 247.562 18.833 0 0.64
43670 4 6 9 0 0.12 0.27 0.215 0.994 0.398 241.095 4 248.129 15.68 0 0.673
43670 5 6 9 0 0.12 0.27 0.215 0.994 0.398 239.157 5 246.976 12.18 0 0.74
43670 6 6 9 0 0.12 0.27 0.215 0.994 0.398 242.459 6 247.585 13.907 0 0.813
43670 7 6 9 0 0.12 0.27 0.215 0.994 0.398 241.605 0 247.484 7.787 0 0.813
43670 8 6 9 0 0.12 0.27 0.215 0.994 0.398 241.237 4 247.772 12.533 0 0.793
43670 9 6 9 0 0.12 0.27 0.215 0.994 0.398 240.304 5 246.78 16.847 0 0.64
43670 10 6 9 0 0.12 0.27 0.215 0.994 0.398 240.948 7 247.805 9.68 0 0.82
43670 1 6 9 0 0.048 0.314 0.313 0.943 0.35 240.84 12 247.659 69.02 0 0
43670 2 6 9 0 0.048 0.314 0.313 0.943 0.35 237.68 14 247.082 66.947 0 0
43670 3 6 9 0 0.048 0.314 0.313 0.943 0.35 240.635 10 247.317 58.94 0 0
43670 4 6 9 0 0.048 0.314 0.313 0.943 0.35 241.486 16 246.886 66.133 0 0
43670 5 6 9 0 0.048 0.314 0.313 0.943 0.35 230.805 15 245.811 63.82 0 0
43670 6 6 9 0 0.048 0.314 0.313 0.943 0.35 239.153 13 247.81 65.953 0 0
43670 7 6 9 0 0.048 0.314 0.313 0.943 0.35 236.578 7 246.881 66.2 0 0.213
43670 8 6 9 0 0.048 0.314 0.313 0.943 0.35 240.529 7 247.499 52.613 0 0.413
43670 9 6 9 0 0.048 0.314 0.313 0.943 0.35 240.143 17 247.223 65.72 0 0
43670 10 6 9 0 0.048 0.314 0.313 0.943 0.35 239.997 13 247.637 53.513 0 0
43670 1 6 9 0 0.1 0.349 0.238 0.753 0.895 250 0 250 0 0 1
43670 2 6 9 0 0.1 0.349 0.238 0.753 0.895 250 0 250 0 0 1
43670 3 6 9 0 0.1 0.349 0.238 0.753 0.895 250 0 250 0 0 1
43670 4 6 9 0 0.1 0.349 0.238 0.753 0.895 250 0 250 0.6 0 1
43670 5 6 9 0 0.1 0.349 0.238 0.753 0.895 250 0 250 0 0 1
43670 6 6 9 0 0.1 0.349 0.238 0.753 0.895 250 0 250 0 0 1
43670 7 6 9 0 0.1 0.349 0.238 0.753 0.895 250 1 250 1 0 1
43670 8 6 9 0 0.1 0.349 0.238 0.753 0.895 250 0 250 0 0 1
43670 9 6 9 0 0.1 0.349 0.238 0.753 0.895 250 0 250 0 0 1
43670 1 6 7 1 0.086 0.245 0.453 0.762 0.98 250 0 250 0 0 1
43670 2 6 7 1 0.086 0.245 0.453 0.762 0.98 250 0 250 0 0 1
43670 3 6 7 1 0.086 0.245 0.453 0.762 0.98 250 0 250 0 0 1
43670 4 6 7 1 0.086 0.245 0.453 0.762 0.98 250 0 250 0 0 1
43670 5 6 7 1 0.086 0.245 0.453 0.762 0.98 250 0 250 0 0 1
43670 6 6 7 1 0.086 0.245 0.453 0.762 0.98 250 0 250 0 0 1
43670 7 6 7 1 0.086 0.245 0.453 0.762 0.98 250 0 250 0 0 1
43670 8 6 7 1 0.086 0.245 0.453 0.762 0.98 250 0 250 0 0 1
43670 9 6 7 1 0.086 0.245 0.453 0.762 0.98 250 0 250 0 0 1
43670 10 6 7 1 0.086 0.245 0.453 0.762 0.98 250 0 250 0 0 1
43670 1 6 7 1 0.002 0.256 0.388 0.887 0.875 250 0 250 0 0 1
43670 2 6 7 1 0.002 0.256 0.388 0.887 0.875 250 0 250 0 0 1
43670 3 6 7 1 0.002 0.256 0.388 0.887 0.875 250 0 250 0 0 1
43670 4 6 7 1 0.002 0.256 0.388 0.887 0.875 250 0 250 0 0 1
43670 5 6 7 1 0.002 0.256 0.388 0.887 0.875 250 0 250 0 0 1
43670 6 6 7 1 0.002 0.256 0.388 0.887 0.875 250 0 250 0 0 1
43670 7 6 7 1 0.002 0.256 0.388 0.887 0.875 250 0 250 0 0 1
43670 8 6 7 1 0.002 0.256 0.388 0.887 0.875 250 0 250 0 0 1
43670 9 6 7 1 0.002 0.256 0.388 0.887 0.875 250 0 250 0 0 1
43670 10 6 7 1 0.002 0.256 0.388 0.887 0.875 250 0 250 0 0 1
43670 1 6 7 1 0.046 0.411 0.354 0.893 0.576 250 0 250 0 0 1
43670 2 6 7 1 0.046 0.411 0.354 0.893 0.576 250 0 250 0 0 1
43670 3 6 7 1 0.046 0.411 0.354 0.893 0.576 250 0 250 0 0 1
43670 4 6 7 1 0.046 0.411 0.354 0.893 0.576 250 0 250 0 0 1
43670 5 6 7 1 0.046 0.411 0.354 0.893 0.576 250 0 250 0 0 1
43670 6 6 7 1 0.046 0.411 0.354 0.893 0.576 250 0 250 0 0 1
43670 7 6 7 1 0.046 0.411 0.354 0.893 0.576 250 0 250 0 0 1
43670 8 6 7 1 0.046 0.411 0.354 0.893 0.576 250 0 250 0.653 0 1
43670 9 6 7 1 0.046 0.411 0.354 0.893 0.576 250 1 250 1 0 1
43670 10 6 7 1 0.046 0.411 0.354 0.893 0.576 250 0 250 0 0 1
43670 1 6 7 1 0.117 0.081 0.039 0.77 0.222 237.127 654 245.656 851.68 0 0
43670 2 6 7 1 0.117 0.081 0.039 0.77 0.222 233.89 572 244.373 933.76 0 0
43670 3 6 7 1 0.117 0.081 0.039 0.77 0.222 240.513 580 245.734 927.687 0 0
43670 4 6 7 1 0.117 0.081 0.039 0.77 0.222 238.328 657 243.9 867.767 0 0
43670 5 6 7 1 0.117 0.081 0.039 0.77 0.222 237.73 470 243.535 796.313 0 0
43670 6 6 7 1 0.117 0.081 0.039 0.77 0.222 241.33 580 245.65 925.753 0 0
43670 7 6 7 1 0.117 0.081 0.039 0.77 0.222 240.358 603 244.771 889.347 0 0
43670 8 6 7 1 0.117 0.081 0.039 0.77 0.222 237.822 444 243.98 794.927 0 0
43670 9 6 7 1 0.117 0.081 0.039 0.77 0.222 241.141 670 244.968 925.347 0 0
43670 10 6 7 1 0.117 0.081 0.039 0.77 0.222 236.762 584 243.857 876.967 0 0
43670 1 6 7 1 0.093 0.332 0.165 0.896 0.296 243.022 950 247.206 1308.553 0 0
43670 2 6 7 1 0.093 0.332 0.165 0.896 0.296 242.16 1033 247.015 1374.28 0 0
43670 3 6 7 1 0.093 0.332 0.165 0.896 0.296 244.599 954 247.56 1404.387 0 0
43670 4 6 7 1 0.093 0.332 0.165 0.896 0.296 240.105 909 245.631 1355.56 0 0
43670 5 6 7 1 0.093 0.332 0.165 0.896 0.296 242.33 958 246.799 1242.547 0 0
43670 6 6 7 1 0.093 0.332 0.165 0.896 0.296 242.388 1075 247.386 1498.58 0 0
43670 7 6 7 1 0.093 0.332 0.165 0.896 0.296 242.133 1063 247.176 1361.053 0 0
43670 8 6 7 1 0.093 0.332 0.165 0.896 0.296 244.291 1038 247.481 1398.513 0 0
43670 9 6 7 1 0.093 0.332 0.165 0.896 0.296 242.691 973 246.949 1382.867 0 0
43670 10 6 7 1 0.093 0.332 0.165 0.896 0.296 242.416 989 246.931 1325.653 0 0
43670 1 6 7 1 0.108 0.41 0.398 0.929 0.065 247.163 1706 249.022 2159.133 0 0
43670 2 6 7 1 0.108 0.41 0.398 0.929 0.065 245.013 1652 248.502 2061.867 0 0
43670 3 6 7 1 0.108 0.41 0.398 0.929 0.065 246.381 1796 249.022 2152.033 0 0
43670 4 6 7 1 0.108 0.41 0.398 0.929 0.065 246.836 1786 249.158 2137.433 0 0
43670 5 6 7 1 0.108 0.41 0.398 0.929 0.065 246.114 1830 248.937 2166.32 0 0
43670 6 6 7 1 0.108 0.41 0.398 0.929 0.065 246.702 1701 248.998 2142.02 0 0
43670 7 6 7 1 0.108 0.41 0.398 0.929 0.065 246.227 1597 248.591 1994.473 0 0
43670 8 6 7 1 0.108 0.41 0.398 0.929 0.065 244.692 1642 248.524 1954.667 0 0
43670 9 6 7 1 0.108 0.41 0.398 0.929 0.065 246.41 1669 248.94 2062.12 0 0
43670 10 6 7 1 0.108 0.41 0.398 0.929 0.065 245.397 1448 248.735 2004.067 0 0
43670 1 6 7 1 0.034 0.273 0.006 0.871 0.471 238.058 228 246.072 664.307 0 0
43670 2 6 7 1 0.034 0.273 0.006 0.871 0.471 242.698 245 246.863 661.26 0 0
43670 3 6 7 1 0.034 0.273 0.006 0.871 0.471 237.658 264 246.95 672.72 0 0
43670 4 6 7 1 0.034 0.273 0.006 0.871 0.471 239.449 297 246.308 648.113 0 0
43670 5 6 7 1 0.034 0.273 0.006 0.871 0.471 240.988 327 247.097 679.067 0 0
43670 6 6 7 1 0.034 0.273 0.006 0.871 0.471 237.677 262 245.837 658.907 0 0
43670 7 6 7 1 0.034 0.273 0.006 0.871 0.471 240.818 247 246.429 644.307 0 0
43670 8 6 7 1 0.034 0.273 0.006 0.871 0.471 240.074 280 246.274 653.527 0 0
43670 9 6 7 1 0.034 0.273 0.006 0.871 0.471 236.246 292 246.271 669.72 0 0
43670 10 6 7 1 0.034 0.273 0.006 0.871 0.471 238.892 331 246.097 647.493 0 0
43670 1 6 7 1 0.058 0.347 0.408 0.979 0.578 250 1 250 1 0 1
43670 2 6 7 1 0.058 0.347 0.408 0.979 0.578 250 0 250 0 0 1
43670 3 6 7 1 0.058 0.347 0.408 0.979 0.578 250 0 250 0 0 1
43670 1 6 10 0 0.117 0.121 0.408 0.971 0.343 250 0 250 0 0 1
43670 2 6 10 0 0.117 0.121 0.408 0.971 0.343 250 0 250 0 0 1
43670 3 6 10 0 0.117 0.121 0.408 0.971 0.343 250 0 250 0 0 1
43670 4 6 10 0 0.117 0.121 0.408 0.971 0.343 250 0 250 0 0 1
43670 5 6 10 0 0.117 0.121 0.408 0.971 0.343 250 0 250 0 0 1
43670 6 6 10 0 0.117 0.121 0.408 0.971 0.343 250 0 250 0 0 1
43670 7 6 10 0 0.117 0.121 0.408 0.971 0.343 250 0 250 0 0 1
43670 8 6 10 0 0.117 0.121 0.408 0.971 0.343 250 0 250 0 0 1
43670 9 6 10 0 0.117 0.121 0.408 0.971 0.343 250 0 250 0 0 1
43670 10 6 10 0 0.117 0.121 0.408 0.971 0.343 250 0 250 0 0 1
43670 1 6 10 0 0.064 0.089 0.102 0.819 0.849 250 0 250 0 0 1
43670 2 6 10 0 0.064 0.089 0.102 0.819 0.849 250 0 250 0 0 1
43670 3 6 10 0 0.064 0.089 0.102 0.819 0.849 250 0 250 0 0 1
43670 4 6 10 0 0.064 0.089 0.102 0.819 0.849 250 0 250 0 0 1
43670 5 6 10 0 0.064 0.089 0.102 0.819 0.849 250 0 250 0 0 1
43670 6 6 10 0 0.064 0.089 0.102 0.819 0.849 250 0 250 0 0 1
43670 7 6 10 0 0.064 0.089 0.102 0.819 0.849 250 0 250 0 0 1
43670 8 6 10 0 0.064 0.089 0.102 0.819 0.849 250 0 250 0 0 1
43670 9 6 10 0 0.064 0.089 0.102 0.819 0.849 250 0 250 0 0 1
43670 10 6 10 0 0.064 0.089 0.102 0.819 0.849 250 0 250 0 0 1
43670 1 6 10 0 0.095 0.013 0.238 0.778 0.138 250 0 250 0 0 1
43670 2 6 10 0 0.095 0.013 0.238 0.778 0.138 250 0 250 0 0 1
43670 3 6 10 0 0.095 0.013 0.238 0.778 0.138 250 0 250 0 0 1
43670 4 6 10 0 0.095 0.013 0.238 0.778 0.138 250 0 250 0 0 1
43670 5 6 10 0 0.095 0.013 0.238 0.778 0.138 250 0 250 0 0 1
43670 6 6 10 0 0.095 0.013 0.238 0.778 0.138 250 0 250 0 0 1
43670 7 6 10 0 0.095 0.013 0.238 0.778 0.138 250 0 250 0 0 1
43670 8 6 10 0 0.095 0.013 0.238 0.778 0.138 250 0 250 0 0 1
43670 9 6 10 0 0.095 0.013 0.238 0.778 0.138 250 0 250 0 0 1
43670 10 6 10 0 0.095 0.013 0.238 0.778 0.138 250 0 250 0 0 1
43670 1 6 10 0 0.119 0.435 0.146 0.978 0.095 231.943 43 244.714 1936.613 0 0
43670 2 6 10 0 0.119 0.435 0.146 0.978 0.095 232.906 109 245.391 1941.28 0 0
43670 3 6 10 0 0.119 0.435 0.146 0.978 0.095 235.906 40 246.308 1897.113 0 0
43670 4 6 10 0 0.119 0.435 0.146 0.978 0.095 233.157 35 245.612 1801.573 0 0
43670 5 6 10 0 0.119 0.435 0.146 0.978 0.095 232.466 40 245.729 1950.047 0 0
43670 6 6 10 0 0.119 0.435 0.146 0.978 0.095 230.342 169 244.317 1905.247 0 0
43670 7 6 10 0 0.119 0.435 0.146 0.978 0.095 232.292 404 244.432 2048.113 0 0
43670 8 6 10 0 0.119 0.435 0.146 0.978 0.095 234.616 364 243.321 2124.94 0 0
43670 9 6 10 0 0.119 0.435 0.146 0.978 0.095 230.899 37 245.35 1917.533 0 0
43670 10 6 10 0 0.119 0.435 0.146 0.978 0.095 232.131 86 244.788 2154.92 0 0
43670 1 6 10 0 0.016 0.275 0.318 0.878 0.382 245.48 0 249.592 2.507 0 0.927
43670 2 6 10 0 0.016 0.275 0.318 0.878 0.382 247.809 0 249.827 0.567 0 1
43670 3 6 10 0 0.016 0.275 0.318 0.878 0.382 247 0 249.798 0 0 1
43670 4 6 10 0 0.016 0.275 0.318 0.878 0.382 248 0 249.891 1.507 0 0.967
43670 5 6 10 0 0.016 0.275 0.318 0.878 0.382 245.915 0 249.68 1.813 0 0.973
43670 6 6 10 0 0.016 0.275 0.318 0.878 0.382 249.263 0 249.987 0 0 1
43670 7 6 10 0 0.016 0.275 0.318 0.878 0.382 246.53 0 249.797 0 0 1
43670 8 6 10 0 0.016 0.275 0.318 0.878 0.382 244.848 2 249.467 6.193 0 0.933
43670 9 6 10 0 0.016 0.275 0.318 0.878 0.382 248 0 249.876 1.127 0 0.98
43670 10 6 10 0 0.016 0.275 0.318 0.878 0.382 247.164 0 249.883 0 0 1
43670 1 6 10 0 0.061 0.24 0.34 0.969 0.405 250 0 250 0 0 1
43670 2 6 10 0 0.061 0.24 0.34 0.969 0.405 250 0 250 0 0 1
43670 3 6 10 0 0.061 0.24 0.34 0.969 0.405 250 0 250 0 0 1
43670 4 6 10 0 0.061 0.24 0.34 0.969 0.405 250 0 250 0 0 1
43670 5 6 10 0 0.061 0.24 0.34 0.969 0.405 250 0 250 0 0 1
43670 6 6 10 0 0.061 0.24 0.34 0.969 0.405 250 0 250 0 0 1
43670 7 6 10 0 0.061 0.24 0.34 0.969 0.405 250 0 250 0 0 1
43670 8 6 10 0 0.061 0.24 0.34 0.969 0.405 250 0 250 0 0 1
43670 9 6 10 0 0.061 0.24 0.34 0.969 0.405 250 0 250 0 0 1
43670 10 6 10 0 0.061 0.24 0.34 0.969 0.405 250 0 250 0 0 1
43670 1 6 10 0 0.027 0.084 0.293 0.96 0.256 250 0 250 0 0 1
43670 2 6 10 0 0.027 0.084 0.293 0.96 0.256 250 0 250 0 0 1
43670 3 6 10 0 0.027 0.084 0.293 0.96 0.256 250 0 250 0 0 1
43670 4 6 10 0 0.027 0.084 0.293 0.96 0.256 250 0 250 0 0 1
43670 5 6 10 0 0.027 0.084 0.293 0.96 0.256 249.269 0 249.991 0 0 1
43670 6 6 10 0 0.027 0.084 0.293 0.96 0.256 250 0 250 0 0 1
43670 7 6 10 0 0.027 0.084 0.293 0.96 0.256 249.634 1 249.994 1 0 1
43670 8 6 10 0 0.027 0.084 0.293 0.96 0.256 249.728 0 249.998 0 0 1
43670 9 6 10 0 0.027 0.084 0.293 0.96 0.256 249.903 0 249.999 0 0 1
43670 10 6 10 0 0.027 0.084 0.293 0.96 0.256 250 0 250 0 0 1
43670 1 6 10 0 0.077 0.408 0.13 0.963 0.269 234.827 27 247.318 1001.153 0 0
43670 2 6 10 0 0.077 0.408 0.13 0.963 0.269 234.737 38 246.367 1067.653 0 0
43670 3 6 10 0 0.077 0.408 0.13 0.963 0.269 233.801 35 245.913 1165.907 0 0
43670 4 6 10 0 0.077 0.408 0.13 0.963 0.269 236.802 45 246.472 1280.72 0 0
43670 5 6 10 0 0.077 0.408 0.13 0.963 0.269 236.12 39 247.293 1100.4 0 0
43670 6 6 10 0 0.077 0.408 0.13 0.963 0.269 239.397 40 247.138 1115.96 0 0
43670 7 6 10 0 0.077 0.408 0.13 0.963 0.269 233.787 35 246.365 1102.087 0 0
43670 8 6 10 0 0.077 0.408 0.13 0.963 0.269 238.403 49 245.793 1223.133 0 0
43670 9 6 10 0 0.077 0.408 0.13 0.963 0.269 237.201 31 246.5 1210.28 0 0
43670 10 6 10 0 0.077 0.408 0.13 0.963 0.269 238.718 33 246.556 1053.92 0 0
43670 1 6 10 0 0.063 0.342 0.479 0.784 0.918 250 0 250 0.273 0 1
43670 2 6 10 0 0.063 0.342 0.479 0.784 0.918 250 0 250 0 0 1
43670 3 6 10 0 0.063 0.342 0.479 0.784 0.918 250 0 250 0 0 1
43670 1 6 8 1 0.087 0.347 0.466 0.992 0.286 210.208 28 226.597 75.633 0 0
43670 2 6 8 1 0.087 0.347 0.466 0.992 0.286 220.254 34 232.507 90.74 0 0
43670 3 6 8 1 0.087 0.347 0.466 0.992 0.286 227.533 29 235.918 73.593 0 0
43670 4 6 8 1 0.087 0.347 0.466 0.992 0.286 216.752 27 232.76 78.107 0 0
43670 5 6 8 1 0.087 0.347 0.466 0.992 0.286 218.876 23 228.174 66.167 0 0
43670 6 6 8 1 0.087 0.347 0.466 0.992 0.286 212.504 30 225.457 85.04 0 0
43670 7 6 8 1 0.087 0.347 0.466 0.992 0.286 223.431 27 232.91 71.187 0 0
43670 8 6 8 1 0.087 0.347 0.466 0.992 0.286 206.621 36 224.943 78.94 0 0
43670 9 6 8 1 0.087 0.347 0.466 0.992 0.286 232.685 28 242.244 83.193 0 0
43670 10 6 8 1 0.087 0.347 0.466 0.992 0.286 215.266 28 229.681 76.433 0 0
43670 1 6 8 1 0.108 0.296 0.219 0.88 0.286 233.073 531 241.002 880.593 0 0
43670 2 6 8 1 0.108 0.296 0.219 0.88 0.286 237.039 700 242.318 959.113 0 0
43670 3 6 8 1 0.108 0.296 0.219 0.88 0.286 235.278 502 244.109 928.78 0 0
43670 4 6 8 1 0.108 0.296 0.219 0.88 0.286 236.496 590 242.786 872.26 0 0
43670 5 6 8 1 0.108 0.296 0.219 0.88 0.286 239.343 657 244.32 1053.54 0 0
43670 6 6 8 1 0.108 0.296 0.219 0.88 0.286 240.027 643 245.139 988.16 0 0
43670 7 6 8 1 0.108 0.296 0.219 0.88 0.286 235.591 719 242.453 961.28 0 0
43670 8 6 8 1 0.108 0.296 0.219 0.88 0.286 238.35 701 245.242 982.6 0 0
43670 9 6 8 1 0.108 0.296 0.219 0.88 0.286 239.343 606 244.562 940.54 0 0
43670 10 6 8 1 0.108 0.296 0.219 0.88 0.286 233.322 638 242.859 949.06 0 0
43670 1 6 8 1 0.029 0.422 0.086 0.873 0.914 250 0 250 0 0 1
43670 2 6 8 1 0.029 0.422 0.086 0.873 0.914 250 0 250 0 0 1
43670 3 6 8 1 0.029 0.422 0.086 0.873 0.914 250 0 250 0 0 1
43670 4 6 8 1 0.029 0.422 0.086 0.873 0.914 250 0 250 0 0 1
43670 5 6 8 1 0.029 0.422 0.086 0.873 0.914 250 0 250 0 0 1
43670 6 6 8 1 0.029 0.422 0.086 0.873 0.914 250 1 250 1 0 1
43670 7 6 8 1 0.029 0.422 0.086 0.873 0.914 250 0 250 0 0 1
43670 8 6 8 1 0.029 0.422 0.086 0.873 0.914 250 0 250 0 0 1
43670 9 6 8 1 0.029 0.422 0.086 0.873 0.914 250 0 250 0 0 1
43670 10 6 8 1 0.029 0.422 0.086 0.873 0.914 250 0 250 0.873 0 1
43670 1 6 8 1 0.047 0.425 0.295 0.787 0.596 250 0 250 0 0 1
43670 2 6 8 1 0.047 0.425 0.295 0.787 0.596 250 0 250 0 0 1
43670 3 6 8 1 0.047 0.425 0.295 0.787 0.596 250 1 250 1 0 1
43670 4 6 8 1 0.047 0.425 0.295 0.787 0.596 250 0 250 0 0 1
43670 5 6 8 1 0.047 0.425 0.295 0.787 0.596 250 0 250 0 0 1
43670 6 6 8 1 0.047 0.425 0.295 0.787 0.596 250 0 250 0 0 1
43670 7 6 8 1 0.047 0.425 0.295 0.787 0.596 250 0 250 0 0 1
43670 8 6 8 1 0.047 0.425 0.295 0.787 0.596 250 0 250 0 0 1
43670 9 6 8 1 0.047 0.425 0.295 0.787 0.596 250 0 250 0 0 1
43670 10 6 8 1 0.047 0.425 0.295 0.787 0.596 250 0 250 0 0 1
43670 1 6 8 1 0.017 0.353 0.256 0.916 0.575 250 0 250 0 0 1
43670 2 6 8 1 0.017 0.353 0.256 0.916 0.575 250 0 250 0 0 1
43670 3 6 8 1 0.017 0.353 0.256 0.916 0.575 250 0 250 0 0 1
43670 4 6 8 1 0.017 0.353 0.256 0.916 0.575 250 0 250 0 0 1
43670 5 6 8 1 0.017 0.353 0.256 0.916 0.575 250 1 250 1 0 1
43670 6 6 8 1 0.017 0.353 0.256 0.916 0.575 250 0 250 0 0 1
43670 7 6 8 1 0.017 0.353 0.256 0.916 0.575 250 0 250 0 0 1
43670 8 6 8 1 0.017 0.353 0.256 0.916 0.575 250 0 250 0 0 1
43670 9 6 8 1 0.017 0.353 0.256 0.916 0.575 250 0 250 0 0 1
43670 10 6 8 1 0.017 0.353 0.256 0.916 0.575 250 0 250 0 0 1
43670 1 6 8 1 0.019 0.053 0.069 0.838 0.67 250 0 250 0 0 1
43670 2 6 8 1 0.019 0.053 0.069 0.838 0.67 250 0 250 0 0 1
43670 3 6 8 1 0.019 0.053 0.069 0.838 0.67 250 0 250 0 0 1
43670 4 6 8 1 0.019 0.053 0.069 0.838 0.67 250 0 250 0 0 1
43670 5 6 8 1 0.019 0.053 0.069 0.838 0.67 250 0 250 0 0 1
43670 6 6 8 1 0.019 0.053 0.069 0.838 0.67 250 0 250 0 0 1
43670 7 6 8 1 0.019 0.053 0.069 0.838 0.67 250 1 250 1 0 1
43670 8 6 8 1 0.019 0.053 0.069 0.838 0.67 250 0 250 0 0 1
43670 9 6 8 1 0.019 0.053 0.069 0.838 0.67 250 0 250 0 0 1
43670 10 6 8 1 0.019 0.053 0.069 0.838 0.67 250 0 250 0 0 1
43670 1 6 8 1 0.045 0.376 0.042 0.814 0.435 239.398 246 245.766 734.053 0 0
43670 2 6 8 1 0.045 0.376 0.042 0.814 0.435 240.079 290 246.524 733.493 0 0
43670 3 6 8 1 0.045 0.376 0.042 0.814 0.435 235.956 278 244.457 701.14 0 0
43670 4 6 8 1 0.045 0.376 0.042 0.814 0.435 234.512 228 243.917 710.293 0 0
43670 5 6 8 1 0.045 0.376 0.042 0.814 0.435 238.77 168 245.202 685.573 0 0
43670 6 6 8 1 0.045 0.376 0.042 0.814 0.435 238.583 197 246.613 682.373 0 0
43670 7 6 8 1 0.045 0.376 0.042 0.814 0.435 237.97 197 244.8 672.5 0 0
43670 8 6 8 1 0.045 0.376 0.042 0.814 0.435 237.531 282 245.347 702.613 0 0
43670 9 6 8 1 0.045 0.376 0.042 0.814 0.435 239.03 258 245.679 749.48 0 0
43670 1 6 3 1 0.063 0.188 0.029 0.938 0.545 52.407 267 57.731 404.793 0 0
43670 2 6 3 1 0.063 0.188 0.029 0.938 0.545 52.74 263 57.99 404.627 0 0
43670 3 6 3 1 0.063 0.188 0.029 0.938 0.545 49.686 294 58.113 408.8 0 0
43670 4 6 3 1 0.063 0.188 0.029 0.938 0.545 46.445 267 53.973 405.727 0 0
43670 5 6 3 1 0.063 0.188 0.029 0.938 0.545 42.854 227 50.77 370 0 0
43670 6 6 3 1 0.063 0.188 0.029 0.938 0.545 51.575 213 57.341 359.013 0 0
43670 7 6 3 1 0.063 0.188 0.029 0.938 0.545 42.333 265 51.004 386.753 0 0
43670 8 6 3 1 0.063 0.188 0.029 0.938 0.545 45.913 273 53.082 398.333 0 0
43670 9 6 3 1 0.063 0.188 0.029 0.938 0.545 45.442 263 51.197 384.06 0 0
43670 10 6 3 1 0.063 0.188 0.029 0.938 0.545 56.847 264 62.624 398.267 0 0
43670 1 6 3 1 0.099 0.412 0.242 0.861 0.894 208.871 1 209.853 1 0 1
43670 2 6 3 1 0.099 0.412 0.242 0.861 0.894 229.009 0 229.909 0.26 0 1
43670 3 6 3 1 0.099 0.412 0.242 0.861 0.894 198.948 1 199.943 1 0 1
43670 4 6 3 1 0.099 0.412 0.242 0.861 0.894 229.21 1 229.943 1 0 1
43670 5 6 3 1 0.099 0.412 0.242 0.861 0.894 209.159 0 209.928 0 0 1
43670 6 6 3 1 0.099 0.412 0.242 0.861 0.894 207.706 1 209.58 1.567 0 1
43670 7 6 3 1 0.099 0.412 0.242 0.861 0.894 208.572 0 209.84 0 0 1
43670 8 6 3 1 0.099 0.412 0.242 0.861 0.894 207.719 0 209.579 0 0 1
43670 9 6 3 1 0.099 0.412 0.242 0.861 0.894 229.028 0 229.932 0 0 1
43670 10 6 3 1 0.099 0.412 0.242 0.861 0.894 208.66 1 209.707 1 0 1
43670 1 6 3 1 0.11 0.031 0.438 0.852 0.878 169.011 0 169.846 0.493 0 1
43670 2 6 3 1 0.11 0.031 0.438 0.852 0.878 229.271 1 230.004 1 0 1
43670 3 6 3 1 0.11 0.031 0.438 0.852 0.878 229.733 0 230.347 0.007 0 1
43670 4 6 3 1 0.11 0.031 0.438 0.852 0.878 229.12 0 229.947 0 0 1
43670 5 6 3 1 0.11 0.031 0.438 0.852 0.878 198.041 1 199.719 1 0 1
43670 6 6 3 1 0.11 0.031 0.438 0.852 0.878 190 1 197.907 1 0 1
43670 7 6 3 1 0.11 0.031 0.438 0.852 0.878 208 0 209.625 0 0 1
43670 8 6 3 1 0.11 0.031 0.438 0.852 0.878 202.435 0 205.81 0 0 1
43670 9 6 3 1 0.11 0.031 0.438 0.852 0.878 208.112 0 209.79 0 0 1
43670 10 6 3 1 0.11 0.031 0.438 0.852 0.878 229.407 2 230.121 2.44 0 1
43670 1 6 3 1 0.003 0.455 0.176 0.785 0.561 0.1 45 1.182 54.773 1 0
43670 2 6 3 1 0.003 0.455 0.176 0.785 0.561 0.397 62 1.522 78.52 1 0
43670 3 6 3 1 0.003 0.455 0.176 0.785 0.561 0.398 58 1.553 68.447 1 0
43670 4 6 3 1 0.003 0.455 0.176 0.785 0.561 0 46 0.213 51.533 1 0
43670 5 6 3 1 0.003 0.455 0.176 0.785 0.561 1.441 73 4.126 83.7 0.68 0
43670 6 6 3 1 0.003 0.455 0.176 0.785 0.561 0.696 66 1.596 75.747 1 0
43670 7 6 3 1 0.003 0.455 0.176 0.785 0.561 0.646 46 1.529 58.767 1 0
43670 8 6 3 1 0.003 0.455 0.176 0.785 0.561 0.298 55 0.933 64.733 1 0
43670 9 6 3 1 0.003 0.455 0.176 0.785 0.561 0.796 58 18.951 77.887 0.407 0
43670 10 6 3 1 0.003 0.455 0.176 0.785 0.561 0.149 48 0.755 55.653 1 0
43670 1 6 3 1 0.037 0.158 0.314 0.913 0.048 243.129 1181 247.284 1539.173 0 0
43670 2 6 3 1 0.037 0.158 0.314 0.913 0.048 244.337 1107 247.483 1503.467 0 0
43670 3 6 3 1 0.037 0.158 0.314 0.913 0.048 243.823 1118 247.259 1460.133 0 0
43670 4 6 3 1 0.037 0.158 0.314 0.913 0.048 241.907 993 246.678 1373.32 0 0
43670 5 6 3 1 0.037 0.158 0.314 0.913 0.048 240.727 1166 246.307 1436.367 0 0
43670 6 6 3 1 0.037 0.158 0.314 0.913 0.048 241.898 1123 246.267 1468.893 0 0
43670 7 6 3 1 0.037 0.158 0.314 0.913 0.048 244.19 1129 247.466 1469.04 0 0
43670 8 6 3 1 0.037 0.158 0.314 0.913 0.048 243.321 1105 246.863 1417.34 0 0
43670 9 6 3 1 0.037 0.158 0.314 0.913 0.048 240.528 1138 246.806 1420.093 0 0
43670 10 6 3 1 0.037 0.158 0.314 0.913 0.048 242.721 1062 247.234 1391.753 0 0
43670 1 6 3 1 0.063 0.352 0.075 0.817 0.872 207.269 1 209.422 1 0 1
43670 2 6 3 1 0.063 0.352 0.075 0.817 0.872 249.476 0 249.964 0.287 0 1
43670 3 6 3 1 0.063 0.352 0.075 0.817 0.872 229.044 0 229.926 0 0 1
43670 4 6 3 1 0.063 0.352 0.075 0.817 0.872 0 4 0 4 1 1
43670 5 6 3 1 0.063 0.352 0.075 0.817 0.872 207.872 0 209.861 0 0 1
43670 6 6 3 1 0.063 0.352 0.075 0.817 0.872 209.32 0 209.954 0 0 1
43670 7 6 3 1 0.063 0.352 0.075 0.817 0.872 229.339 0 229.952 0 0 1
43670 8 6 3 1 0.063 0.352 0.075 0.817 0.872 0 3 0 3 1 1
43670 9 6 3 1 0.063 0.352 0.075 0.817 0.872 229.148 0 229.943 0 0 1
43670 10 6 3 1 0.063 0.352 0.075 0.817 0.872 200.628 0 205.286 0.353 0 1
43670 1 6 3 1 0.071 0.054 0.015 0.78 0.266 236.304 989 243.832 1427.14 0 0
43670 2 6 3 1 0.071 0.054 0.015 0.78 0.266 233.308 999 240.263 1293.593 0 0
43670 3 6 3 1 0.071 0.054 0.015 0.78 0.266 222.02 1027 228.172 1307.087 0 0
43670 4 6 3 1 0.071 0.054 0.015 0.78 0.266 226.877 887 237.402 1342.28 0 0
43670 5 6 3 1 0.071 0.054 0.015 0.78 0.266 227.263 922 234.937 1255.787 0 0
43670 6 6 3 1 0.071 0.054 0.015 0.78 0.266 237.643 1044 244.01 1397.547 0 0
43670 7 6 3 1 0.071 0.054 0.015 0.78 0.266 228.228 1010 237.764 1283.327 0 0
43670 8 6 3 1 0.071 0.054 0.015 0.78 0.266 222.094 793 228.017 1224.76 0 0
43670 9 6 3 1 0.071 0.054 0.015 0.78 0.266 214.142 799 219.502 1215.653 0 0
43670 10 6 3 1 0.071 0.054 0.015 0.78 0.266 234.807 920 243.076 1247.713 0 0
43670 1 6 3 1 0.047 0.417 0.36 0.885 0.835 198.991 1 200.208 1 0 1
43670 1 6 3 0 0.083 0.123 0.185 0.89 0.573 229.317 1 229.965 1 0 1
43670 2 6 3 0 0.083 0.123 0.185 0.89 0.573 207.328 1 209.678 1 0 1
43670 3 6 3 0 0.083 0.123 0.185 0.89 0.573 199.093 1 200.037 1 0 1
43670 4 6 3 0 0.083 0.123 0.185 0.89 0.573 168.345 0 169.835 0 0 1
43670 5 6 3 0 0.083 0.123 0.185 0.89 0.573 197.638 0 209.558 0 0 1
43670 6 6 3 0 0.083 0.123 0.185 0.89 0.573 198.58 1 199.817 1 0 1
43670 7 6 3 0 0.083 0.123 0.185 0.89 0.573 228.391 0 229.92 0 0 1
43670 8 6 3 0 0.083 0.123 0.185 0.89 0.573 228.881 1 229.896 1 0 1
43670 9 6 3 0 0.083 0.123 0.185 0.89 0.573 228.306 1 229.913 1 0 1
43670 10 6 3 0 0.083 0.123 0.185 0.89 0.573 229.193 0 229.95 0.06 0 1
43670 1 6 3 0 0.003 0.086 0.111 0.87 0.709 229.01 0 229.94 0 0 1
43670 2 6 3 0 0.003 0.086 0.111 0.87 0.709 195.432 1 199.273 1 0 1
43670 3 6 3 0 0.003 0.086 0.111 0.87 0.709 206.197 0 209.274 0 0 1
43670 4 6 3 0 0.003 0.086 0.111 0.87 0.709 206.508 0 209.79 0 0 1
43670 5 6 3 0 0.003 0.086 0.111 0.87 0.709 207.901 0 209.647 0 0 1
43670 6 6 3 0 0.003 0.086 0.111 0.87 0.709 206.647 1 209.611 1 0 1
43670 7 6 3 0 0.003 0.086 0.111 0.87 0.709 208.844 0 209.928 0 0 1
43670 8 6 3 0 0.003 0.086 0.111 0.87 0.709 229.233 0 229.949 0 0 1
43670 9 6 3 0 0.003 0.086 0.111 0.87 0.709 198.169 0 201.553 0 0 1
43670 10 6 3 0 0.003 0.086 0.111 0.87 0.709 208.719 1 209.803 1 0 1
43670 1 6 3 0 0.087 0.301 0.424 0.864 0.345 248.351 1 249.785 1.387 0 1
43670 2 6 3 0 0.087 0.301 0.424 0.864 0.345 224.067 0 229.518 0.807 0 1
43670 3 6 3 0 0.087 0.301 0.424 0.864 0.345 249.487 0 249.949 0 0 1
43670 4 6 3 0 0.087 0.301 0.424 0.864 0.345 228.104 1 229.655 1 0 1
43670 5 6 3 0 0.087 0.301 0.424 0.864 0.345 249.146 0 249.937 0 0 1
43670 6 6 3 0 0.087 0.301 0.424 0.864 0.345 249.286 0 249.962 0 0 1
43670 7 6 3 0 0.087 0.301 0.424 0.864 0.345 249.343 1 249.947 1 0 1
43670 8 6 3 0 0.087 0.301 0.424 0.864 0.345 228.845 1 229.862 1 0 1
43670 9 6 3 0 0.087 0.301 0.424 0.864 0.345 249.023 0 249.928 0 0 1
43670 10 6 3 0 0.087 0.301 0.424 0.864 0.345 249.314 0 249.932 0 0 1
43670 1 6 3 0 0.014 0.423 0.008 0.82 0.673 228.906 1 229.893 1 0 1
43670 2 6 3 0 0.014 0.423 0.008 0.82 0.673 227.788 3 229.792 3 0 1
43670 3 6 3 0 0.014 0.423 0.008 0.82 0.673 248.811 4 249.917 4 0 1
43670 4 6 3 0 0.014 0.423 0.008 0.82 0.673 196.824 2 199.455 2 0 1
43670 5 6 3 0 0.014 0.423 0.008 0.82 0.673 207.568 0 209.7 0.24 0 1
43670 6 6 3 0 0.014 0.423 0.008 0.82 0.673 219 1 219.921 1 0 1
43670 7 6 3 0 0.014 0.423 0.008 0.82 0.673 229.185 0 229.943 0 0 1
43670 8 6 3 0 0.014 0.423 0.008 0.82 0.673 188.521 0 189.842 0.087 0 1
43670 9 6 3 0 0.014 0.423 0.008 0.82 0.673 177.455 3 179.729 3.513 0 1
43670 10 6 3 0 0.014 0.423 0.008 0.82 0.673 222.226 0 223.736 0 0 1
43670 1 6 3 0 0.093 0.319 0.276 0.844 0.825 206.307 0 209.473 0 0 1
43670 2 6 3 0 0.093 0.319 0.276 0.844 0.825 208.705 1 209.715 1 0 1
43670 3 6 3 0 0.093 0.319 0.276 0.844 0.825 206.961 0 209.367 0 0 1
43670 4 6 3 0 0.093 0.319 0.276 0.844 0.825 207.49 0 209.566 0 0 1
43670 5 6 3 0 0.093 0.319 0.276 0.844 0.825 198.625 1 200.348 1 0 1
43670 6 6 3 0 0.093 0.319 0.276 0.844 0.825 209.132 0 209.925 0 0 1
43670 7 6 3 0 0.093 0.319 0.276 0.844 0.825 208.246 1 209.769 1.8 0 1
43670 8 6 3 0 0.093 0.319 0.276 0.844 0.825 208.978 0 209.95 0 0 1
43670 9 6 3 0 0.093 0.319 0.276 0.844 0.825 206.794 0 209.356 0 0 1
43670 10 6 3 0 0.093 0.319 0.276 0.844 0.825 207.339 0 209.554 0 0 1
43670 1 6 3 0 0.058 0.144 0.186 0.898 0.603 208.969 0 209.88 0 0 1
43670 2 6 3 0 0.058 0.144 0.186 0.898 0.603 207.628 0 209.783 0 0 1
43670 3 6 3 0 0.058 0.144 0.186 0.898 0.603 197.948 1 199.868 1 0 1
43670 4 6 3 0 0.058 0.144 0.186 0.898 0.603 228.878 0 229.934 0 0 1
43670 5 6 3 0 0.058 0.144 0.186 0.898 0.603 198.521 1 199.906 1 0 1
43670 6 6 3 0 0.058 0.144 0.186 0.898 0.603 228.64 2 229.948 2 0 1
43670 7 6 3 0 0.058 0.144 0.186 0.898 0.603 199.065 0 200.473 0 0 1
43670 8 6 3 0 0.058 0.144 0.186 0.898 0.603 228.96 1 229.955 1 0 1
43670 9 6 3 0 0.058 0.144 0.186 0.898 0.603 229.053 0 229.929 0 0 1
43670 10 6 3 0 0.058 0.144 0.186 0.898 0.603 189.621 0 197.143 0 0 1
43670 1 6 3 0 0.017 0.33 0.305 0.957 0.916 197.755 0 199.696 0 0 1
43670 2 6 3 0 0.017 0.33 0.305 0.957 0.916 207.083 0 209.704 0 0 1
43670 3 6 3 0 0.017 0.33 0.305 0.957 0.916 229.253 0 229.932 0 0 1
43670 4 6 3 0 0.017 0.33 0.305 0.957 0.916 229.473 1 229.969 2 0 1
43670 5 6 3 0 0.017 0.33 0.305 0.957 0.916 208.208 0 209.864 0.973 0 1
43670 6 6 3 0 0.017 0.33 0.305 0.957 0.916 208.065 1 209.738 1 0 1
43670 7 6 3 0 0.017 0.33 0.305 0.957 0.916 207.381 0 209.805 0 0 1
43670 8 6 3 0 0.017 0.33 0.305 0.957 0.916 208 0 209.627 0 0 1
43670 9 6 3 0 0.017 0.33 0.305 0.957 0.916 208.212 0 209.877 0 0 1
43670 10 6 3 0 0.017 0.33 0.305 0.957 0.916 207.55 1 209.393 1 0 1
43670 1 6 3 0 0.108 0.419 0.145 0.911 0.287 231.133 91 241.526 1073.947 0 0
43670 2 6 3 0 0.108 0.419 0.145 0.911 0.287 229.469 76 242.653 1183.567 0 0
43670 3 6 3 0 0.108 0.419 0.145 0.911 0.287 229.205 106 241.508 1168.08 0 0
43670 4 6 3 0 0.108 0.419 0.145 0.911 0.287 227.054 79 241.302 1107.913 0 0
43670 5 6 3 0 0.108 0.419 0.145 0.911 0.287 222.297 79 240.427 1095.073 0 0
43670 6 6 3 0 0.108 0.419 0.145 0.911 0.287 231.158 71 244.142 1119.787 0 0
43670 1 6 9 1 0.013 0.437 0.119 0.988 0.895 250 0 250 0 0 1
43670 2 6 9 1 0.013 0.437 0.119 0.988 0.895 250 1 250 1 0 1
43670 3 6 9 1 0.013 0.437 0.119 0.988 0.895 250 0 250 0 0 1
43670 4 6 9 1 0.013 0.437 0.119 0.988 0.895 250 0 250 0 0 1
43670 5 6 9 1 0.013 0.437 0.119 0.988 0.895 250 0 250 0 0 1
43670 6 6 9 1 0.013 0.437 0.119 0.988 0.895 250 0 250 0 0 1
43670 7 6 9 1 0.013 0.437 0.119 0.988 0.895 250 0 250 0 0 1
43670 8 6 9 1 0.013 0.437 0.119 0.988 0.895 250 0 250 0 0 1
43670 9 6 9 1 0.013 0.437 0.119 0.988 0.895 250 0 250 0 0 1
43670 10 6 9 1 0.013 0.437 0.119 0.988 0.895 250 1 250 1 0 1
43670 1 6 9 1 0.061 0.301 0.313 0.851 0.888 250 0 250 0 0 1
43670 2 6 9 1 0.061 0.301 0.313 0.851 0.888 250 0 250 0 0 1
43670 3 6 9 1 0.061 0.301 0.313 0.851 0.888 250 0 250 0 0 1
43670 4 6 9 1 0.061 0.301 0.313 0.851 0.888 250 0 250 0 0 1
43670 5 6 9 1 0.061 0.301 0.313 0.851 0.888 250 0 250 0 0 1
43670 6 6 9 1 0.061 0.301 0.313 0.851 0.888 250 0 250 0 0 1
43670 7 6 9 1 0.061 0.301 0.313 0.851 0.888 250 0 250 0 0 1
43670 8 6 9 1 0.061 0.301 0.313 0.851 0.888 250 0 250 0 0 1
43670 9 6 9 1 0.061 0.301 0.313 0.851 0.888 250 0 250 0 0 1
43670 10 6 9 1 0.061 0.301 0.313 0.851 0.888 250 0 250 0 0 1
43670 1 6 9 1 0.087 0.208 0.12 0.935 0.434 239.816 214 245.556 431.487 0 0
43670 2 6 9 1 0.087 0.208 0.12 0.935 0.434 235.769 173 243.763 374.88 0 0
43670 3 6 9 1 0.087 0.208 0.12 0.935 0.434 238.89 209 245.139 439.287 0 0
43670 4 6 9 1 0.087 0.208 0.12 0.935 0.434 237.652 185 245.248 432.16 0 0
43670 5 6 9 1 0.087 0.208 0.12 0.935 0.434 238.979 145 244.956 334 0 0
43670 6 6 9 1 0.087 0.208 0.12 0.935 0.434 237.086 169 244.577 372.927 0 0
43670 7 6 9 1 0.087 0.208 0.12 0.935 0.434 235.527 210 245.156 425.32 0 0
43670 8 6 9 1 0.087 0.208 0.12 0.935 0.434 235.694 169 245.973 397.567 0 0
43670 9 6 9 1 0.087 0.208 0.12 0.935 0.434 237.864 180 244.888 391.667 0 0
43670 10 6 9 1 0.087 0.208 0.12 0.935 0.434 236.766 194 245.031 417.313 0 0
43670 1 6 9 1 0.108 0.18 0.218 0.863 0.158 239.748 1000 247.097 1360 0 0
43670 2 6 9 1 0.108 0.18 0.218 0.863 0.158 244.197 1204 248.053 1551.5 0 0
43670 3 6 9 1 0.108 0.18 0.218 0.863 0.158 242.081 971 247.526 1497.4 0 0
43670 4 6 9 1 0.108 0.18 0.218 0.863 0.158 242.151 1188 247.58 1583.367 0 0
43670 5 6 9 1 0.108 0.18 0.218 0.863 0.158 243.249 1015 247.016 1357.2 0 0
43670 6 6 9 1 0.108 0.18 0.218 0.863 0.158 243.459 888 247.092 1463.34 0 0
43670 7 6 9 1 0.108 0.18 0.218 0.863 0.158 240.18 1177 247.513 1548.74 0 0
43670 8 6 9 1 0.108 0.18 0.218 0.863 0.158 241.921 1084 247.171 1505.667 0 0
43670 9 6 9 1 0.108 0.18 0.218 0.863 0.158 239.282 902 247.026 1310.553 0 0
43670 10 6 9 1 0.108 0.18 0.218 0.863 0.158 243.44 891 247.712 1466.873 0 0
43670 1 6 9 1 0.075 0.224 0.338 0.912 0.11 238.837 887 246.337 1333.547 0 0
43670 2 6 9 1 0.075 0.224 0.338 0.912 0.11 239.032 1024 246.398 1463.92 0 0
43670 3 6 9 1 0.075 0.224 0.338 0.912 0.11 242.783 982 247.043 1478.6 0 0
43670 4 6 9 1 0.075 0.224 0.338 0.912 0.11 240.455 971 246.294 1416.633 0 0
43670 5 6 9 1 0.075 0.224 0.338 0.912 0.11 243.472 1024 247.198 1492.847 0 0
43670 6 6 9 1 0.075 0.224 0.338 0.912 0.11 243.632 1152 247.676 1537.873 0 0
43670 7 6 9 1 0.075 0.224 0.338 0.912 0.11 241.43 1001 247.149 1408.693 0 0
43670 8 6 9 1 0.075 0.224 0.338 0.912 0.11 241.42 909 246.855 1491.207 0 0
43670 9 6 9 1 0.075 0.224 0.338 0.912 0.11 241.803 1003 246.79 1435.607 0 0
43670 10 6 9 1 0.075 0.224 0.338 0.912 0.11 241.925 982 246.516 1343.653 0 0
43670 1 6 9 1 0.107 0.5 0.402 0.988 0.665 250 0 250 0 0 1
43670 2 6 9 1 0.107 0.5 0.402 0.988 0.665 250 0 250 0 0 1
43670 3 6 9 1 0.107 0.5 0.402 0.988 0.665 250 0 250 0 0 1
43670 4 6 9 1 0.107 0.5 0.402 0.988 0.665 250 0 250 0 0 1
43670 5 6 9 1 0.107 0.5 0.402 0.988 0.665 250 0 250 0 0 1
43670 6 6 9 1 0.107 0.5 0.402 0.988 0.665 250 0 250 0 0 1
43670 7 6 9 1 0.107 0.5 0.402 0.988 0.665 250 0 250 0 0 1
43670 8 6 9 1 0.107 0.5 0.402 0.988 0.665 250 0 250 0 0 1
43670 9 6 9 1 0.107 0.5 0.402 0.988 0.665 250 0 250 0 0 1
43670 10 6 9 1 0.107 0.5 0.402 0.988 0.665 250 0 250 0 0 1
43670 1 6 9 1 0.063 0.301 0.097 0.865 0.769 250 0 250 0 0 1
43670 2 6 9 1 0.063 0.301 0.097 0.865 0.769 250 0 250 0 0 1
43670 3 6 9 1 0.063 0.301 0.097 0.865 0.769 250 0 250 0 0 1
43670 4 6 9 1 0.063 0.301 0.097 0.865 0.769 250 0 250 0 0 1
43670 5 6 9 1 0.063 0.301 0.097 0.865 0.769 250 0 250 0 0 1
43670 6 6 9 1 0.063 0.301 0.097 0.865 0.769 250 0 250 0 0 1
43670 7 6 9 1 0.063 0.301 0.097 0.865 0.769 250 0 250 0 0 1
43670 8 6 9 1 0.063 0.301 0.097 0.865 0.769 250 0 250 0 0 1
43670 9 6 9 1 0.063 0.301 0.097 0.865 0.769 250 0 250 0 0 1
43670 1 6 10 0 0.074 0.388 0.207 0.796 0.994 250 0 250 0.787 0 1
43670 2 6 10 0 0.074 0.388 0.207 0.796 0.994 250 0 250 0 0 1
43670 3 6 10 0 0.074 0.388 0.207 0.796 0.994 250 0 250 0 0 1
43670 4 6 10 0 0.074 0.388 0.207 0.796 0.994 250 0 250 0 0 1
43670 5 6 10 0 0.074 0.388 0.207 0.796 0.994 250 0 250 0 0 1
43670 6 6 10 0 0.074 0.388 0.207 0.796 0.994 250 0 250 0 0 1
43670 7 6 10 0 0.074 0.388 0.207 0.796 0.994 250 0 250 0 0 1
43670 8 6 10 0 0.074 0.388 0.207 0.796 0.994 250 0 250 0 0 1
43670 9 6 10 0 0.074 0.388 0.207 0.796 0.994 250 0 250 0 0 1
43670 10 6 10 0 0.074 0.388 0.207 0.796 0.994 250 0 250 0 0 1
43670 1 6 10 0 0.065 0.256 0.467 0.925 0.674 250 0 250 0 0 1
43670 2 6 10 0 0.065 0.256 0.467 0.925 0.674 250 0 250 0 0 1
43670 3 6 10 0 0.065 0.256 0.467 0.925 0.674 250 0 250 0 0 1
43670 4 6 10 0 0.065 0.256 0.467 0.925 0.674 250 0 250 0 0 1
43670 5 6 10 0 0.065 0.256 0.467 0.925 0.674 250 0 250 0 0 1
43670 6 6 10 0 0.065 0.256 0.467 0.925 0.674 250 0 250 0 0 1
43670 7 6 10 0 0.065 0.256 0.467 0.925 0.674 250 0 250 0 0 1
43670 8 6 10 0 0.065 0.256 0.467 0.925 0.674 250 1 250 1 0 1
43670 9 6 10 0 0.065 0.256 0.467 0.925 0.674 250 0 250 0 0 1
43670 10 6 10 0 0.065 0.256 0.467 0.925 0.674 250 0 250 0 0 1
43670 1 6 10 0 0.089 0.355 0.456 0.933 0.901 250 0 250 0 0 1
43670 2 6 10 0 0.089 0.355 0.456 0.933 0.901 250 0 250 0 0 1
43670 3 6 10 0 0.089 0.355 0.456 0.933 0.901 250 0 250 0 0 1
43670 4 6 10 0 0.089 0.355 0.456 0.933 0.901 250 0 250 0 0 1
43670 5 6 10 0 0.089 0.355 0.456 0.933 0.901 250 0 250 0 0 1
43670 6 6 10 0 0.089 0.355 0.456 0.933 0.901 250 0 250 0 0 1
43670 7 6 10 0 0.089 0.355 0.456 0.933 0.901 250 0 250 0 0 1
43670 8 6 10 0 0.089 0.355 0.456 0.933 0.901 250 0 250 0 0 1
43670 9 6 10 0 0.089 0.355 0.456 0.933 0.901 250 0 250 0 0 1
43670 10 6 10 0 0.089 0.355 0.456 0.933 0.901 250 0 250 0 0 1
43670 1 6 10 0 0.065 0.176 0.184 0.87 0.714 250 0 250 0 0 1
43670 2 6 10 0 0.065 0.176 0.184 0.87 0.714 250 1 250 1 0 1
43670 3 6 10 0 0.065 0.176 0.184 0.87 0.714 250 0 250 0 0 1
43670 4 6 10 0 0.065 0.176 0.184 0.87 0.714 250 0 250 0 0 1
43670 5 6 10 0 0.065 0.176 0.184 0.87 0.714 250 0 250 0 0 1
43670 6 6 10 0 0.065 0.176 0.184 0.87 0.714 250 0 250 0 0 1
43670 7 6 10 0 0.065 0.176 0.184 0.87 0.714 250 0 250 0 0 1
43670 8 6 10 0 0.065 0.176 0.184 0.87 0.714 250 0 250 0 0 1
43670 9 6 10 0 0.065 0.176 0.184 0.87 0.714 250 0 250 0 0 1
43670 10 6 10 0 0.065 0.176 0.184 0.87 0.714 250 0 250 0 0 1
43670 1 6 10 0 0.062 0.094 0.073 0.789 0.282 238.921 43 246.254 462.473 0 0
43670 2 6 10 0 0.062 0.094 0.073 0.789 0.282 236.471 41 245.913 510.807 0 0
43670 3 6 10 0 0.062 0.094 0.073 0.789 0.282 236.523 42 245.114 549.8 0 0
43670 4 6 10 0 0.062 0.094 0.073 0.789 0.282 230.887 40 243.526 518.367 0 0
43670 5 6 10 0 0.062 0.094 0.073 0.789 0.282 240.928 52 246.044 622.753 0 0
43670 6 6 10 0 0.062 0.094 0.073 0.789 0.282 234.632 40 243.691 571.74 0 0
43670 7 6 10 0 0.062 0.094 0.073 0.789 0.282 236.132 33 245.416 467.313 0 0
43670 8 6 10 0 0.062 0.094 0.073 0.789 0.282 237.148 44 245.399 536.893 0 0
43670 9 6 10 0 0.062 0.094 0.073 0.789 0.282 223.827 46 242.117 614.267 0 0
43670 10 6 10 0 0.062 0.094 0.073 0.789 0.282 232.424 39 246.072 559.6 0 0
43670 1 6 10 0 0.078 0.251 0.474 0.788 0.832 250 0 250 0 0 1
43670 2 6 10 0 0.078 0.251 0.474 0.788 0.832 250 0 250 0 0 1
43670 3 6 10 0 0.078 0.251 0.474 0.788 0.832 250 0 250 0 0 1
43670 4 6 10 0 0.078 0.251 0.474 0.788 0.832 250 0 250 0 0 1
43670 5 6 10 0 0.078 0.251 0.474 0.788 0.832 250 0 250 0 0 1
43670 6 6 10 0 0.078 0.251 0.474 0.788 0.832 250 0 250 0 0 1
43670 7 6 10 0 0.078 0.251 0.474 0.788 0.832 250 0 250 0 0 1
43670 8 6 10 0 0.078 0.251 0.474 0.788 0.832 250 0 250 0 0 1
43670 9 6 10 0 0.078 0.251 0.474 0.788 0.832 250 0 250 0 0 1
43670 10 6 10 0 0.078 0.251 0.474 0.788 0.832 250 0 250 0 0 1
43670 1 6 10 0 0.064 0.091 0.179 0.922 0.69 250 0 250 0 0 1
43670 2 6 10 0 0.064 0.091 0.179 0.922 0.69 250 0 250 0 0 1
43670 3 6 10 0 0.064 0.091 0.179 0.922 0.69 250 0 250 0 0 1
43670 4 6 10 0 0.064 0.091 0.179 0.922 0.69 250 0 250 0 0 1
43670 5 6 10 0 0.064 0.091 0.179 0.922 0.69 250 0 250 0 0 1
43670 6 6 10 0 0.064 0.091 0.179 0.922 0.69 250 0 250 0 0 1
43670 7 6 10 0 0.064 0.091 0.179 0.922 0.69 250 0 250 0 0 1
43670 8 6 10 0 0.064 0.091 0.179 0.922 0.69 250 0 250 0 0 1
43670 9 6 10 0 0.064 0.091 0.179 0.922 0.69 250 0 250 0 0 1
43670 10 6 10 0 0.064 0.091 0.179 0.922 0.69 250 0 250 0 0 1
43670 1 6 10 0 0.107 0.048 0.26 0.849 0.032 231.338 39 244.743 899.567 0 0
43670 2 6 10 0 0.107 0.048 0.26 0.849 0.032 239.248 36 246.86 755.533 0 0
43670 3 6 10 0 0.107 0.048 0.26 0.849 0.032 238.485 35 246.693 885.767 0 0
43670 4 6 10 0 0.107 0.048 0.26 0.849 0.032 236.05 42 244.36 789.26 0 0
43670 5 6 10 0 0.107 0.048 0.26 0.849 0.032 240.015 45 247.161 921.627 0 0
43670 1 6 8 0 0.059 0.192 0.094 0.786 0.899 250 0 250 0 0 1
43670 2 6 8 0 0.059 0.192 0.094 0.786 0.899 250 0 250 0 0 1
43670 3 6 8 0 0.059 0.192 0.094 0.786 0.899 250 0 250 0 0 1
43670 4 6 8 0 0.059 0.192 0.094 0.786 0.899 250 0 250 0 0 1
43670 5 6 8 0 0.059 0.192 0.094 0.786 0.899 250 0 250 0.26 0 1
43670 6 6 8 0 0.059 0.192 0.094 0.786 0.899 250 0 250 0 0 1
43670 7 6 8 0 0.059 0.192 0.094 0.786 0.899 250 0 250 0 0 1
43670 8 6 8 0 0.059 0.192 0.094 0.786 0.899 250 0 250 0 0 1
43670 9 6 8 0 0.059 0.192 0.094 0.786 0.899 250 0 250 0 0 1
43670 10 6 8 0 0.059 0.192 0.094 0.786 0.899 250 0 250 0 0 1
43670 1 6 8 0 0.021 0.106 0.026 0.949 0.388 236.768 57 244.909 575.413 0 0
43670 2 6 8 0 0.021 0.106 0.026 0.949 0.388 234.317 55 245.816 622.007 0 0
43670 3 6 8 0 0.021 0.106 0.026 0.949 0.388 235.227 48 244.926 647.76 0 0
43670 4 6 8 0 0.021 0.106 0.026 0.949 0.388 239.27 43 246.539 514.247 0 0
43670 5 6 8 0 0.021 0.106 0.026 0.949 0.388 240.75 77 246.046 593.627 0 0
43670 6 6 8 0 0.021 0.106 0.026 0.949 0.388 234.638 54 244.973 576.56 0 0
43670 7 6 8 0 0.021 0.106 0.026 0.949 0.388 234.671 50 245.571 550.393 0 0
43670 8 6 8 0 0.021 0.106 0.026 0.949 0.388 237.531 46 244.336 628.08 0 0
43670 9 6 8 0 0.021 0.106 0.026 0.949 0.388 231.725 41 244.686 559 0 0
43670 10 6 8 0 0.021 0.106 0.026 0.949 0.388 234.543 45 244.677 527.313 0 0
43670 1 6 8 0 0.097 0.235 0.415 0.768 0.582 250 1 250 1 0 1
43670 2 6 8 0 0.097 0.235 0.415 0.768 0.582 250 0 250 0 0 1
43670 3 6 8 0 0.097 0.235 0.415 0.768 0.582 250 0 250 0 0 1
43670 4 6 8 0 0.097 0.235 0.415 0.768 0.582 250 0 250 0 0 1
43670 5 6 8 0 0.097 0.235 0.415 0.768 0.582 250 0 250 0 0 1
43670 6 6 8 0 0.097 0.235 0.415 0.768 0.582 250 1 250 1 0 1
43670 7 6 8 0 0.097 0.235 0.415 0.768 0.582 250 0 250 0 0 1
43670 8 6 8 0 0.097 0.235 0.415 0.768 0.582 250 1 250 1 0 1
43670 9 6 8 0 0.097 0.235 0.415 0.768 0.582 250 0 250 0 0 1
43670 10 6 8 0 0.097 0.235 0.415 0.768 0.582 250 0 250 0 0 1
43670 1 6 8 0 0.037 0.208 0.038 0.818 0.583 238.61 1 248.075 10.98 0 0.753
43670 2 6 8 0 0.037 0.208 0.038 0.818 0.583 236.614 4 247.141 14.16 0 0.633
43670 3 6 8 0 0.037 0.208 0.038 0.818 0.583 241.794 3 248.243 11.693 0 0.753
43670 4 6 8 0 0.037 0.208 0.038 0.818 0.583 239.155 3 248.049 16.42 0 0.667
43670 5 6 8 0 0.037 0.208 0.038 0.818 0.583 237.618 1 247.663 11.153 0 0.753
43670 6 6 8 0 0.037 0.208 0.038 0.818 0.583 234.1 6 247.246 21.1 0 0.727
43670 7 6 8 0 0.037 0.208 0.038 0.818 0.583 238.942 4 247.951 15.08 0 0.7
43670 8 6 8 0 0.037 0.208 0.038 0.818 0.583 239.739 0 248.318 9.3 0 0.82
43670 9 6 8 0 0.037 0.208 0.038 0.818 0.583 239.229 4 247.933 14.173 0 0.76
43670 10 6 8 0 0.037 0.208 0.038 0.818 0.583 241.166 6 248.358 23.707 0 0.467
43670 1 6 8 0 0.002 0.219 0.368 0.994 0.321 248.947 1 249.976 1 0 1
43670 2 6 8 0 0.002 0.219 0.368 0.994 0.321 249.067 1 249.963 1 0 1
43670 3 6 8 0 0.002 0.219 0.368 0.994 0.321 247.424 1 249.892 3.18 0 0.953
43670 4 6 8 0 0.002 0.219 0.368 0.994 0.321 247.706 0 249.798 0 0 1
43670 5 6 8 0 0.002 0.219 0.368 0.994 0.321 248 0 249.976 0.953 0 0.953
43670 6 6 8 0 0.002 0.219 0.368 0.994 0.321 248.893 1 249.953 1.767 0 1
43670 7 6 8 0 0.002 0.219 0.368 0.994 0.321 248 0 249.914 0.573 0 0.98
43670 8 6 8 0 0.002 0.219 0.368 0.994 0.321 247.459 2 249.75 4.153 0 0.953
43670 9 6 8 0 0.002 0.219 0.368 0.994 0.321 249 0 249.97 0 0 1
43670 10 6 8 0 0.002 0.219 0.368 0.994 0.321 246.778 0 249.677 0 0 1
43670 1 6 8 0 0.111 0.042 0.062 0.755 0.542 250 0 250 0 0 1
43670 2 6 8 0 0.111 0.042 0.062 0.755 0.542 250 0 250 0 0 1
43670 3 6 8 0 0.111 0.042 0.062 0.755 0.542 250 0 250 0 0 1
43670 4 6 8 0 0.111 0.042 0.062 0.755 0.542 250 0 250 0 0 1
43670 5 6 8 0 0.111 0.042 0.062 0.755 0.542 250 0 250 0.46 0 1
43670 6 6 8 0 0.111 0.042 0.062 0.755 0.542 250 0 250 0 0 1
43670 7 6 8 0 0.111 0.042 0.062 0.755 0.542 250 0 250 0 0 1
43670 8 6 8 0 0.111 0.042 0.062 0.755 0.542 250 0 250 0 0 1
43670 9 6 8 0 0.111 0.042 0.062 0.755 0.542 250 0 250 0 0 1
43670 10 6 8 0 0.111 0.042 0.062 0.755 0.542 250 0 250 0 0 1
43670 1 6 8 0 0.107 0.063 0.488 0.923 0.134 250 0 250 0 0 1
43670 2 6 8 0 0.107 0.063 0.488 0.923 0.134 250 0 250 0 0 1
43670 3 6 8 0 0.107 0.063 0.488 0.923 0.134 250 0 250 0 0 1
43670 4 6 8 0 0.107 0.063 0.488 0.923 0.134 250 0 250 0 0 1
43670 5 6 8 0 0.107 0.063 0.488 0.923 0.134 250 0 250 0 0 1
43670 6 6 8 0 0.107 0.063 0.488 0.923 0.134 250 0 250 0 0 1
43670 7 6 8 0 0.107 0.063 0.488 0.923 0.134 250 0 250 0 0 1
43670 8 6 8 0 0.107 0.063 0.488 0.923 0.134 250 1 250 1 0 1
43670 9 6 8 0 0.107 0.063 0.488 0.923 0.134 250 0 250 0 0 1
43670 10 6 8 0 0.107 0.063 0.488 0.923 0.134 250 0 250 0 0 1
43670 1 6 8 0 0.062 0.253 0.362 0.772 0.825 250 0 250 0 0 1
43670 2 6 8 0 0.062 0.253 0.362 0.772 0.825 250 0 250 0 0 1
43670 3 6 8 0 0.062 0.253 0.362 0.772 0.825 250 0 250 0 0 1
43670 4 6 8 0 0.062 0.253 0.362 0.772 0.825 250 0 250 0 0 1
43670 5 6 8 0 0.062 0.253 0.362 0.772 0.825 250 0 250 0 0 1
43670 1 6 3 1 0.029 0.21 0.27 0.863 0.68 229.161 0 229.976 0 0 1
43670 2 6 3 1 0.029 0.21 0.27 0.863 0.68 228.933 0 229.94 0 0 1
43670 3 6 3 1 0.029 0.21 0.27 0.863 0.68 229.009 0 229.902 0.3 0 1
43670 4 6 3 1 0.029 0.21 0.27 0.863 0.68 207.816 1 209.877 1 0 1
43670 5 6 3 1 0.029 0.21 0.27 0.863 0.68 229.633 0 230.015 0 0 1
43670 6 6 3 1 0.029 0.21 0.27 0.863 0.68 199.003 1 201.685 1 0 1
43670 7 6 3 1 0.029 0.21 0.27 0.863 0.68 208.585 0 209.939 0 0 1
43670 8 6 3 1 0.029 0.21 0.27 0.863 0.68 229.215 0 229.942 0 0 1
43670 9 6 3 1 0.029 0.21 0.27 0.863 0.68 207.378 1 209.529 1 0 1
43670 10 6 3 1 0.029 0.21 0.27 0.863 0.68 229.137 0 229.957 0.927 0 1
43670 1 6 3 1 0.072 0.1 0.181 0.83 0.538 249.64 1 249.979 1 0 1
43670 2 6 3 1 0.072 0.1 0.181 0.83 0.538 209.271 0 209.946 0 0 1
43670 3 6 3 1 0.072 0.1 0.181 0.83 0.538 207.547 0 209.734 0.573 0 1
43670 4 6 3 1 0.072 0.1 0.181 0.83 0.538 209.189 1 209.95 1 0 1
43670 5 6 3 1 0.072 0.1 0.181 0.83 0.538 208.266 0 209.703 0 0 1
43670 6 6 3 1 0.072 0.1 0.181 0.83 0.538 231.803 0 239.57 0 0 1
43670 7 6 3 1 0.072 0.1 0.181 0.83 0.538 229.12 0 229.92 0 0 1
43670 8 6 3 1 0.072 0.1 0.181 0.83 0.538 205.002 0 209.435 0 0 1
43670 9 6 3 1 0.072 0.1 0.181 0.83 0.538 196.989 1 204.357 1.633 0 1
43670 10 6 3 1 0.072 0.1 0.181 0.83 0.538 199.006 2 200.14 2 0 1
43670 1 6 3 1 0.111 0.133 0.314 0.775 0.339 206.664 0 209.281 0 0 1
43670 2 6 3 1 0.111 0.133 0.314 0.775 0.339 208.58 1 209.766 1 0 1
43670 3 6 3 1 0.111 0.133 0.314 0.775 0.339 208.888 0 209.89 0 0 1
43670 4 6 3 1 0.111 0.133 0.314 0.775 0.339 209.012 0 209.92 0 0 1
43670 5 6 3 1 0.111 0.133 0.314 0.775 0.339 206.631 1 209.315 1 0 1
43670 6 6 3 1 0.111 0.133 0.314 0.775 0.339 238.677 1 248.546 1 0 1
43670 7 6 3 1 0.111 0.133 0.314 0.775 0.339 208.907 2 209.899 2 0 1
43670 8 6 3 1 0.111 0.133 0.314 0.775 0.339 208.188 0 209.812 0 0 1
43670 9 6 3 1 0.111 0.133 0.314 0.775 0.339 208.472 2 209.855 2 0 1
43670 10 6 3 1 0.111 0.133 0.314 0.775 0.339 229.061 0 229.948 0 0 1
43670 1 6 3 1 0.113 0.148 0.149 0.762 0.455 197.933 12 217.053 20.673 0 0
43670 2 6 3 1 0.113 0.148 0.149 0.762 0.455 173.166 9 187.594 15.18 0 0.033
43670 3 6 3 1 0.113 0.148 0.149 0.762 0.455 147.66 10 164.698 21.56 0 0
43670 4 6 3 1 0.113 0.148 0.149 0.762 0.455 187.081 9 209.346 18.833 0 0.153
43670 5 6 3 1 0.113 0.148 0.149 0.762 0.455 162.634 16 192.079 26.807 0 0
43670 6 6 3 1 0.113 0.148 0.149 0.762 0.455 134.335 8 161.162 14.92 0 0.193
43670 7 6 3 1 0.113 0.148 0.149 0.762 0.455 169.425 13 187.137 24.34 0 0
43670 8 6 3 1 0.113 0.148 0.149 0.762 0.455 215.331 13 231.508 17.073 0 0
43670 9 6 3 1 0.113 0.148 0.149 0.762 0.455 201.571 19 212.065 30.313 0 0
43670 10 6 3 1 0.113 0.148 0.149 0.762 0.455 174.091 19 200.896 23.3 0 0
43670 1 6 3 1 0.102 0.451 0.102 0.892 0.063 246.34 2397 249.211 2783.987 0 0
43670 2 6 3 1 0.102 0.451 0.102 0.892 0.063 246.663 2682 249.348 3008.92 0 0
43670 3 6 3 1 0.102 0.451 0.102 0.892 0.063 247.014 2480 249.369 2924.767 0 0
43670 4 6 3 1 0.102 0.451 0.102 0.892 0.063 245.621 2462 249.18 2772.313 0 0
43670 5 6 3 1 0.102 0.451 0.102 0.892 0.063 246.687 2614 249.139 2832.693 0 0
43670 6 6 3 1 0.102 0.451 0.102 0.892 0.063 247.211 2621 249.177 2920.593 0 0
43670 7 6 3 1 0.102 0.451 0.102 0.892 0.063 247.71 2707 249.415 3175.4 0 0
43670 8 6 3 1 0.102 0.451 0.102 0.892 0.063 246.686 2770 249.324 3039.387 0 0
43670 9 6 3 1 0.102 0.451 0.102 0.892 0.063 247.923 2527 249.401 3022.993 0 0
43670 10 6 3 1 0.102 0.451 0.102 0.892 0.063 247.239 2584 249.327 3015.187 0 0
43670 1 6 3 1 0.018 0.117 0.208 0.981 0.171 231.509 671 242.022 1010.26 0 0
43670 2 6 3 1 0.018 0.117 0.208 0.981 0.171 235.286 878 243.041 1062.133 0 0
43670 3 6 3 1 0.018 0.117 0.208 0.981 0.171 240.129 800 244.952 1060.74 0 0
43670 4 6 3 1 0.018 0.117 0.208 0.981 0.171 235.204 655 244.016 1068.567 0 0
43670 5 6 3 1 0.018 0.117 0.208 0.981 0.171 238.839 776 243.953 1075.973 0 0
43670 6 6 3 1 0.018 0.117 0.208 0.981 0.171 234.17 690 243.993 1105.6 0 0
43670 7 6 3 1 0.018 0.117 0.208 0.981 0.171 229.364 866 242.346 1110.447 0 0
43670 8 6 3 1 0.018 0.117 0.208 0.981 0.171 236.021 805 243.795 1104.407 0 0
43670 9 6 3 1 0.018 0.117 0.208 0.981 0.171 235.665 843 244.971 1098.92 0 0
43670 10 6 3 1 0.018 0.117 0.208 0.981 0.171 241.302 848 245.297 1127.2 0 0
43670 1 6 3 1 0.082 0.097 0.292 0.894 0.111 220.487 542 228.258 729.273 0 0
43670 2 6 3 1 0.082 0.097 0.292 0.894 0.111 208.483 440 226.117 719.887 0 0
43670 3 6 3 1 0.082 0.097 0.292 0.894 0.111 219.985 346 232.172 703.633 0 0
43670 4 6 3 1 0.082 0.097 0.292 0.894 0.111 227.225 501 238.449 739.28 0 0
43670 5 6 3 1 0.082 0.097 0.292 0.894 0.111 226.468 425 235.235 779.553 0 0
43670 6 6 3 1 0.082 0.097 0.292 0.894 0.111 229.167 564 236.502 744.533 0 0
43670 7 6 3 1 0.082 0.097 0.292 0.894 0.111 211.682 545 226.802 754.833 0 0
43670 1 6 10 1 0.032 0.489 0.141 0.944 0.297 238.232 872 245.891 1440.867 0 0
43670 2 6 10 1 0.032 0.489 0.141 0.944 0.297 241.824 1061 246.899 1466.96 0 0
43670 3 6 10 1 0.032 0.489 0.141 0.944 0.297 240.083 767 246.01 1392.32 0 0
43670 4 6 10 1 0.032 0.489 0.141 0.944 0.297 237.934 900 245.445 1398.6 0 0
43670 5 6 10 1 0.032 0.489 0.141 0.944 0.297 238.701 1111 246.884 1421.973 0 0
43670 6 6 10 1 0.032 0.489 0.141 0.944 0.297 237.038 956 245.62 1419.24 0 0
43670 7 6 10 1 0.032 0.489 0.141 0.944 0.297 242.098 998 246.466 1397.5 0 0
43670 8 6 10 1 0.032 0.489 0.141 0.944 0.297 241.503 1137 246.52 1510.793 0 0
43670 9 6 10 1 0.032 0.489 0.141 0.944 0.297 238.34 937 246.761 1414.3 0 0
43670 10 6 10 1 0.032 0.489 0.141 0.944 0.297 241.646 775 246.275 1336.673 0 0
43670 1 6 10 1 0.064 0.29 0.092 0.819 0.728 250 0 250 0 0 1
43670 2 6 10 1 0.064 0.29 0.092 0.819 0.728 250 0 250 0 0 1
43670 3 6 10 1 0.064 0.29 0.092 0.819 0.728 250 0 250 0 0 1
43670 4 6 10 1 0.064 0.29 0.092 0.819 0.728 250 0 250 0 0 1
43670 5 6 10 1 0.064 0.29 0.092 0.819 0.728 250 0 250 0 0 1
43670 6 6 10 1 0.064 0.29 0.092 0.819 0.728 250 1 250 1 0 1
43670 7 6 10 1 0.064 0.29 0.092 0.819 0.728 250 0 250 0 0 1
43670 8 6 10 1 0.064 0.29 0.092 0.819 0.728 250 0 250 0 0 1
43670 9 6 10 1 0.064 0.29 0.092 0.819 0.728 250 0 250 0 0 1
43670 10 6 10 1 0.064 0.29 0.092 0.819 0.728 250 0 250 0 0 1
43670 1 6 10 1 0.111 0.296 0.349 0.915 0.609 250 0 250 0 0 1
43670 2 6 10 1 0.111 0.296 0.349 0.915 0.609 250 0 250 0 0 1
43670 3 6 10 1 0.111 0.296 0.349 0.915 0.609 250 0 250 0.773 0 1
43670 4 6 10 1 0.111 0.296 0.349 0.915 0.609 250 0 250 0 0 1
43670 5 6 10 1 0.111 0.296 0.349 0.915 0.609 250 0 250 0 0 1
43670 6 6 10 1 0.111 0.296 0.349 0.915 0.609 250 0 250 0 0 1
43670 7 6 10 1 0.111 0.296 0.349 0.915 0.609 250 0 250 0 0 1
43670 8 6 10 1 0.111 0.296 0.349 0.915 0.609 250 0 250 0 0 1
43670 9 6 10 1 0.111 0.296 0.349 0.915 0.609 250 0 250 0 0 1
43670 10 6 10 1 0.111 0.296 0.349 0.915 0.609 250 0 250 0 0 1
43670 1 6 10 1 0.119 0.362 0.402 0.851 0.707 250 0 250 0 0 1
43670 2 6 10 1 0.119 0.362 0.402 0.851 0.707 250 0 250 0 0 1
43670 3 6 10 1 0.119 0.362 0.402 0.851 0.707 250 0 250 0 0 1
43670 4 6 10 1 0.119 0.362 0.402 0.851 0.707 250 0 250 0 0 1
43670 5 6 10 1 0.119 0.362 0.402 0.851 0.707 250 0 250 0 0 1
43670 6 6 10 1 0.119 0.362 0.402 0.851 0.707 250 0 250 0 0 1
43670 7 6 10 1 0.119 0.362 0.402 0.851 0.707 250 0 250 0 0 1
43670 8 6 10 1 0.119 0.362 0.402 0.851 0.707 250 0 250 0 0 1
43670 9 6 10 1 0.119 0.362 0.402 0.851 0.707 250 0 250 0 0 1
43670 10 6 10 1 0.119 0.362 0.402 0.851 0.707 250 0 250 0 0 1
43670 1 6 10 1 0.01 0.357 0.138 0.889 0.715 250 0 250 0 0 1
43670 2 6 10 1 0.01 0.357 0.138 0.889 0.715 250 0 250 0 0 1
43670 3 6 10 1 0.01 0.357 0.138 0.889 0.715 250 0 250 0 0 1
43670 4 6 10 1 0.01 0.357 0.138 0.889 0.715 250 0 250 0 0 1
43670 5 6 10 1 0.01 0.357 0.138 0.889 0.715 250 0 250 0 0 1
43670 6 6 10 1 0.01 0.357 0.138 0.889 0.715 250 0 250 0 0 1
43670 7 6 10 1 0.01 0.357 0.138 0.889 0.715 250 0 250 0 0 1
43670 8 6 10 1 0.01 0.357 0.138 0.889 0.715 250 1 250 1 0 1
43670 9 6 10 1 0.01 0.357 0.138 0.889 0.715 250 0 250 0 0 1
43670 10 6 10 1 0.01 0.357 0.138 0.889 0.715 250 0 250 0 0 1
43670 1 6 10 1 0.076 0.282 0.203 0.963 0.557 250 0 250 0 0 1
43670 2 6 10 1 0.076 0.282 0.203 0.963 0.557 250 0 250 0 0 1
43670 3 6 10 1 0.076 0.282 0.203 0.963 0.557 250 0 250 0 0 1
43670 4 6 10 1 0.076 0.282 0.203 0.963 0.557 250 1 250 1 0 1
43670 5 6 10 1 0.076 0.282 0.203 0.963 0.557 250 0 250 0 0 1
43670 6 6 10 1 0.076 0.282 0.203 0.963 0.557 250 0 250 0 0 1
43670 7 6 10 1 0.076 0.282 0.203 0.963 0.557 250 0 250 0 0 1
43670 8 6 10 1 0.076 0.282 0.203 0.963 0.557 250 1 250 1 0 1
43670 9 6 10 1 0.076 0.282 0.203 0.963 0.557 250 0 250 0 0 1
43670 10 6 10 1 0.076 0.282 0.203 0.963 0.557 250 0 250 0 0 1
43670 1 6 10 1 0.11 0.333 0.313 0.981 0.682 250 0 250 0 0 1
43670 2 6 10 1 0.11 0.333 0.313 0.981 0.682 250 0 250 0 0 1
43670 3 6 10 1 0.11 0.333 0.313 0.981 0.682 250 0 250 0 0 1
43670 4 6 10 1 0.11 0.333 0.313 0.981 0.682 250 0 250 0 0 1
43670 5 6 10 1 0.11 0.333 0.313 0.981 0.682 250 0 250 0 0 1
43670 6 6 10 1 0.11 0.333 0.313 0.981 0.682 250 0 250 0 0 1
43670 7 6 10 1 0.11 0.333 0.313 0.981 0.682 250 0 250 0 0 1
43670 8 6 10 1 0.11 0.333 0.313 0.981 0.682 250 0 250 0 0 1
43670 9 6 10 1 0.11 0.333 0.313 0.981 0.682 250 0 250 0 0 1
43670 10 6 10 1 0.11 0.333 0.313 0.981 0.682 250 0 250 0 0 1
43670 1 6 10 1 0.002 0.468 0.102 0.821 0.274 235.466 515 241.937 1113.113 0 0
43670 1 6 4 1 0.106 0.162 0.121 0.899 0.97 250 2 250 2 0 1
43670 2 6 4 1 0.106 0.162 0.121 0.899 0.97 250 0 250 0 0 1
43670 3 6 4 1 0.106 0.162 0.121 0.899 0.97 250 0 250 0 0 1
43670 4 6 4 1 0.106 0.162 0.121 0.899 0.97 250 0 250 0 0 1
43670 5 6 4 1 0.106 0.162 0.121 0.899 0.97 250 0 250 0 0 1
43670 6 6 4 1 0.106 0.162 0.121 0.899 0.97 250 0 250 0 0 1
43670 7 6 4 1 0.106 0.162 0.121 0.899 0.97 250 0 250 0 0 1
43670 8 6 4 1 0.106 0.162 0.121 0.899 0.97 250 0 250 0 0 1
43670 9 6 4 1 0.106 0.162 0.121 0.899 0.97 249.952 0 250 0 0 1
43670 10 6 4 1 0.106 0.162 0.121 0.899 0.97 250 0 250 0 0 1
43670 1 6 4 1 0.115 0.104 0.496 0.792 0.91 250 0 250 0 0 1
43670 2 6 4 1 0.115 0.104 0.496 0.792 0.91 250 0 250 0 0 1
43670 3 6 4 1 0.115 0.104 0.496 0.792 0.91 250 0 250 0 0 1
43670 4 6 4 1 0.115 0.104 0.496 0.792 0.91 250 0 250 0 0 1
43670 5 6 4 1 0.115 0.104 0.496 0.792 0.91 250 0 250 0 0 1
43670 6 6 4 1 0.115 0.104 0.496 0.792 0.91 250 0 250 0 0 1
43670 7 6 4 1 0.115 0.104 0.496 0.792 0.91 250 0 250 0 0 1
43670 8 6 4 1 0.115 0.104 0.496 0.792 0.91 250 0 250 0 0 1
43670 9 6 4 1 0.115 0.104 0.496 0.792 0.91 250 0 250 0 0 1
43670 10 6 4 1 0.115 0.104 0.496 0.792 0.91 250 0 250 0 0 1
43670 1 6 4 1 0.086 0.272 0.008 0.958 0.288 247.137 2966 249.36 3310.333 0 0
43670 2 6 4 1 0.086 0.272 0.008 0.958 0.288 247.804 2856 249.419 3238.54 0 0
43670 3 6 4 1 0.086 0.272 0.008 0.958 0.288 247.782 2782 249.442 3095.9 0 0
43670 4 6 4 1 0.086 0.272 0.008 0.958 0.288 248.071 2986 249.459 3296.14 0 0
43670 5 6 4 1 0.086 0.272 0.008 0.958 0.288 246.796 2839 249.396 3199.4 0 0
43670 6 6 4 1 0.086 0.272 0.008 0.958 0.288 246.367 2658 249.391 3146.613 0 0
43670 7 6 4 1 0.086 0.272 0.008 0.958 0.288 247.335 2883 249.322 3198.093 0 0
43670 8 6 4 1 0.086 0.272 0.008 0.958 0.288 248.043 2874 249.488 3168.507 0 0
43670 9 6 4 1 0.086 0.272 0.008 0.958 0.288 247.885 2992 249.458 3331.987 0 0
43670 10 6 4 1 0.086 0.272 0.008 0.958 0.288 247.238 2718 249.346 3173.267 0 0
43670 1 6 4 1 0.112 0.041 0.482 0.909 0.79 250 0 250 0 0 1
43670 2 6 4 1 0.112 0.041 0.482 0.909 0.79 250 0 250 0 0 1
43670 3 6 4 1 0.112 0.041 0.482 0.909 0.79 250 0 250 0 0 1
43670 4 6 4 1 0.112 0.041 0.482 0.909 0.79 250 0 250 0 0 1
43670 5 6 4 1 0.112 0.041 0.482 0.909 0.79 250 0 250 0 0 1
43670 6 6 4 1 0.112 0.041 0.482 0.909 0.79 250 0 250 0 0 1
43670 7 6 4 1 0.112 0.041 0.482 0.909 0.79 250 0 250 0 0 1
43670 8 6 4 1 0.112 0.041 0.482 0.909 0.79 250 0 250 0 0 1
43670 9 6 4 1 0.112 0.041 0.482 0.909 0.79 250 0 250 0 0 1
43670 10 6 4 1 0.112 0.041 0.482 0.909 0.79 250 0 250 0 0 1
43670 1 6 4 1 0.089 0.142 0.087 0.961 0.752 250 0 250 0 0 1
43670 2 6 4 1 0.089 0.142 0.087 0.961 0.752 250 0 250 0 0 1
43670 3 6 4 1 0.089 0.142 0.087 0.961 0.752 249.631 0 249.995 0 0 1
43670 4 6 4 1 0.089 0.142 0.087 0.961 0.752 249.718 0 249.998 0 0 1
43670 5 6 4 1 0.089 0.142 0.087 0.961 0.752 250 0 250 0 0 1
43670 6 6 4 1 0.089 0.142 0.087 0.961 0.752 250 0 250 0 0 1
43670 7 6 4 1 0.089 0.142 0.087 0.961 0.752 250 0 250 0 0 1
43670 8 6 4 1 0.089 0.142 0.087 0.961 0.752 250 0 250 0 0 1
43670 9 6 4 1 0.089 0.142 0.087 0.961 0.752 250 0 250 0 0 1
43670 10 6 4 1 0.089 0.142 0.087 0.961 0.752 250 0 250 0 0 1
43670 1 6 4 1 0.049 0.418 0.076 0.925 0.348 242.803 1157 247.038 1408.413 0 0
43670 2 6 4 1 0.049 0.418 0.076 0.925 0.348 241.334 1096 245.533 1362.78 0 0
43670 3 6 4 1 0.049 0.418 0.076 0.925 0.348 241.999 1118 246.679 1347.56 0 0
43670 4 6 4 1 0.049 0.418 0.076 0.925 0.348 242.094 1038 247.601 1390.14 0 0
43670 5 6 4 1 0.049 0.418 0.076 0.925 0.348 242.334 1067 247.059 1347.927 0 0
43670 6 6 4 1 0.049 0.418 0.076 0.925 0.348 242.875 1124 246.973 1404.993 0 0
43670 7 6 4 1 0.049 0.418 0.076 0.925 0.348 238.106 924 245.683 1401.56 0 0
43670 8 6 4 1 0.049 0.418 0.076 0.925 0.348 243.042 1228 247.326 1475.167 0 0
43670 9 6 4 1 0.049 0.418 0.076 0.925 0.348 237.533 876 246.33 1317.047 0 0
43670 10 6 4 1 0.049 0.418 0.076 0.925 0.348 242.067 1087 247.11 1375.113 0 0
43670 1 6 4 1 0.055 0.143 0.221 0.936 0.007 246.019 2359 248.979 2654.86 0 0
43670 2 6 4 1 0.055 0.143 0.221 0.936 0.007 246.855 2332 249.135 2683.627 0 0
43670 1 6 4 0 0.014 0.4 0.224 0.764 0.326 237.933 60 246.397 352.147 0 0
43670 2 6 4 0 0.014 0.4 0.224 0.764 0.326 234.033 67 244.258 341.92 0 0
43670 3 6 4 0 0.014 0.4 0.224 0.764 0.326 234.352 89 245.634 422.94 0 0
43670 4 6 4 0 0.014 0.4 0.224 0.764 0.326 239.363 58 246 349.573 0 0
43670 5 6 4 0 0.014 0.4 0.224 0.764 0.326 237.617 48 246.152 342.82 0 0
43670 6 6 4 0 0.014 0.4 0.224 0.764 0.326 236.597 53 245.381 313.32 0 0
43670 7 6 4 0 0.014 0.4 0.224 0.764 0.326 238.572 72 246.364 428.027 0 0
43670 8 6 4 0 0.014 0.4 0.224 0.764 0.326 235.247 60 245.908 375.953 0 0
43670 9 6 4 0 0.014 0.4 0.224 0.764 0.326 237.592 56 245.601 339.993 0 0
43670 10 6 4 0 0.014 0.4 0.224 0.764 0.326 235.928 65 246.145 340.413 0 0
43670 1 6 4 0 0.068 0.48 0.006 0.92 0.288 247.193 2814 249.318 3383.36 0 0
43670 2 6 4 0 0.068 0.48 0.006 0.92 0.288 244.334 2579 249.193 3612.64 0 0
43670 3 6 4 0 0.068 0.48 0.006 0.92 0.288 244.687 1909 249.128 2937.107 0 0
43670 4 6 4 0 0.068 0.48 0.006 0.92 0.288 246.586 1895 248.966 3138.173 0 0
43670 5 6 4 0 0.068 0.48 0.006 0.92 0.288 246.773 2860 249.47 3684.053 0 0
43670 6 6 4 0 0.068 0.48 0.006 0.92 0.288 245.675 2079 249.23 3114.413 0 0
43670 7 6 4 0 0.068 0.48 0.006 0.92 0.288 245.858 2352 249.29 3469.513 0 0
43670 8 6 4 0 0.068 0.48 0.006 0.92 0.288 245.747 2210 249.39 3380.587 0 0
43670 9 6 4 0 0.068 0.48 0.006 0.92 0.288 245.669 2193 249.277 3465.873 0 0
43670 10 6 4 0 0.068 0.48 0.006 0.92 0.288 245.684 2485 249.253 3555.787 0 0
43670 1 6 4 0 0.01 0.36 0.407 0.997 0.629 250 1 250 1 0 1
43670 2 6 4 0 0.01 0.36 0.407 0.997 0.629 249.741 0 249.998 0 0 1
43670 3 6 4 0 0.01 0.36 0.407 0.997 0.629 250 0 250 0 0 1
43670 4 6 4 0 0.01 0.36 0.407 0.997 0.629 250 0 250 0 0 1
43670 5 6 4 0 0.01 0.36 0.407 0.997 0.629 250 0 250 0 0 1
43670 6 6 4 0 0.01 0.36 0.407 0.997 0.629 250 0 250 0 0 1
43670 7 6 4 0 0.01 0.36 0.407 0.997 0.629 250 0 250 0 0 1
43670 8 6 4 0 0.01 0.36 0.407 0.997 0.629 250 0 250 0 0 1
43670 9 6 4 0 0.01 0.36 0.407 0.997 0.629 250 0 250 0 0 1
43670 10 6 4 0 0.01 0.36 0.407 0.997 0.629 250 0 250 0 0 1
43670 1 6 4 0 0.049 0.444 0.491 0.799 0.553 250 0 250 0 0 1
43670 2 6 4 0 0.049 0.444 0.491 0.799 0.553 250 0 250 0 0 1
43670 3 6 4 0 0.049 0.444 0.491 0.799 0.553 250 0 250 0 0 1
43670 4 6 4 0 0.049 0.444 0.491 0.799 0.553 250 0 250 0 0 1
43670 5 6 4 0 0.049 0.444 0.491 0.799 0.553 250 0 250 0 0 1
43670 6 6 4 0 0.049 0.444 0.491 0.799 0.553 250 0 250 0 0 1
43670 7 6 4 0 0.049 0.444 0.491 0.799 0.553 250 2 250 2 0 1
43670 8 6 4 0 0.049 0.444 0.491 0.799 0.553 250 0 250 0 0 1
43670 9 6 4 0 0.049 0.444 0.491 0.799 0.553 249.993 0 250 0 0 1
43670 10 6 4 0 0.049 0.444 0.491 0.799 0.553 250 1 250 1 0 1
43670 1 6 4 0 0.057 0.074 0.346 0.828 0.086 235.876 62 245.347 252.6 0 0
43670 2 6 4 0 0.057 0.074 0.346 0.828 0.086 231.221 73 243.815 305.06 0 0
43670 3 6 4 0 0.057 0.074 0.346 0.828 0.086 232.535 82 243.129 318.053 0 0
43670 4 6 4 0 0.057 0.074 0.346 0.828 0.086 236.557 52 244.674 241.247 0 0
43670 5 6 4 0 0.057 0.074 0.346 0.828 0.086 233.235 75 243.357 349.747 0 0
43670 6 6 4 0 0.057 0.074 0.346 0.828 0.086 234.192 71 243.815 310.66 0 0
43670 7 6 4 0 0.057 0.074 0.346 0.828 0.086 236.745 52 244.55 228.673 0 0
43670 8 6 4 0 0.057 0.074 0.346 0.828 0.086 237.232 83 246.303 343.54 0 0
43670 9 6 4 0 0.057 0.074 0.346 0.828 0.086 234.071 62 245.187 309.953 0 0
43670 10 6 4 0 0.057 0.074 0.346 0.828 0.086 232.673 63 242.463 294.967 0 0
43670 1 6 4 0 0.046 0.191 0.248 0.844 0.587 250 0 250 0 0 1
43670 2 6 4 0 0.046 0.191 0.248 0.844 0.587 250 0 250 0 0 1
43670 3 6 4 0 0.046 0.191 0.248 0.844 0.587 250 0 250 0 0 1
43670 4 6 4 0 0.046 0.191 0.248 0.844 0.587 250 0 250 0 0 1
43670 5 6 4 0 0.046 0.191 0.248 0.844 0.587 250 0 250 0 0 1
43670 6 6 4 0 0.046 0.191 0.248 0.844 0.587 249.739 0 249.998 0 0 1
43670 7 6 4 0 0.046 0.191 0.248 0.844 0.587 250 0 250 0 0 1
43670 8 6 4 0 0.046 0.191 0.248 0.844 0.587 250 0 250 0 0 1
43670 9 6 4 0 0.046 0.191 0.248 0.844 0.587 250 0 250 0 0 1
43670 10 6 4 0 0.046 0.191 0.248 0.844 0.587 250 0 250 0 0 1
43670 1 6 4 0 0.03 0.212 0.256 0.941 0.717 250 1 250 1 0 1
43670 2 6 4 0 0.03 0.212 0.256 0.941 0.717 250 1 250 1 0 1
43670 3 6 4 0 0.03 0.212 0.256 0.941 0.717 250 2 250 2 0 1
43670 4 6 4 0 0.03 0.212 0.256 0.941 0.717 250 0 250 0 0 1
43670 5 6 4 0 0.03 0.212 0.256 0.941 0.717 250 0 250 0 0 1
43670 6 6 4 0 0.03 0.212 0.256 0.941 0.717 250 0 250 0 0 1
43670 7 6 4 0 0.03 0.212 0.256 0.941 0.717 250 0 250 0 0 1
43670 8 6 4 0 0.03 0.212 0.256 0.941 0.717 250 0 250 0 0 1
43670 9 6 4 0 0.03 0.212 0.256 0.941 0.717 249.936 0 250 0 0 1
43670 10 6 4 0 0.03 0.212 0.256 0.941 0.717 250 0 250 0 0 1
43670 1 6 4 0 0.031 0.443 0.137 0.821 0.277 239.42 68 245.881 842.687 0 0
43670 2 6 4 0 0.031 0.443 0.137 0.821 0.277 236.049 87 243.982 901.88 0 0
43670 3 6 4 0 0.031 0.443 0.137 0.821 0.277 237.202 81 246.08 978.293 0 0
43670 1 6 8 0 0.044 0.323 0.254 0.894 0.689 250 0 250 0 0 1
43670 2 6 8 0 0.044 0.323 0.254 0.894 0.689 250 1 250 1 0 1
43670 3 6 8 0 0.044 0.323 0.254 0.894 0.689 250 0 250 0 0 1
43670 4 6 8 0 0.044 0.323 0.254 0.894 0.689 250 0 250 0 0 1
43670 5 6 8 0 0.044 0.323 0.254 0.894 0.689 250 0 250 0 0 1
43670 6 6 8 0 0.044 0.323 0.254 0.894 0.689 250 0 250 0 0 1
43670 7 6 8 0 0.044 0.323 0.254 0.894 0.689 250 1 250 1 0 1
43670 8 6 8 0 0.044 0.323 0.254 0.894 0.689 250 0 250 0 0 1
43670 9 6 8 0 0.044 0.323 0.254 0.894 0.689 250 0 250 0 0 1
43670 10 6 8 0 0.044 0.323 0.254 0.894 0.689 250 0 250 0 0 1
43670 1 6 8 0 0.088 0.001 0.226 0.937 0.51 250 0 250 0 0 1
43670 2 6 8 0 0.088 0.001 0.226 0.937 0.51 250 0 250 0 0 1
43670 3 6 8 0 0.088 0.001 0.226 0.937 0.51 250 0 250 0 0 1
43670 4 6 8 0 0.088 0.001 0.226 0.937 0.51 250 0 250 0 0 1
43670 5 6 8 0 0.088 0.001 0.226 0.937 0.51 250 0 250 0 0 1
43670 6 6 8 0 0.088 0.001 0.226 0.937 0.51 250 0 250 0 0 1
43670 7 6 8 0 0.088 0.001 0.226 0.937 0.51 250 0 250 0 0 1
43670 8 6 8 0 0.088 0.001 0.226 0.937 0.51 250 1 250 1 0 1
43670 9 6 8 0 0.088 0.001 0.226 0.937 0.51 250 0 250 0 0 1
43670 10 6 8 0 0.088 0.001 0.226 0.937 0.51 250 0 250 0 0 1
43670 1 6 8 0 0.049 0.403 0.037 0.852 0.77 249.983 0 250 0 0 1
43670 2 6 8 0 0.049 0.403 0.037 0.852 0.77 250 0 250 0 0 1
43670 3 6 8 0 0.049 0.403 0.037 0.852 0.77 250 0 250 0 0 1
43670 4 6 8 0 0.049 0.403 0.037 0.852 0.77 250 0 250 0 0 1
43670 5 6 8 0 0.049 0.403 0.037 0.852 0.77 250 0 250 0 0 1
43670 6 6 8 0 0.049 0.403 0.037 0.852 0.77 250 0 250 0 0 1
43670 7 6 8 0 0.049 0.403 0.037 0.852 0.77 250 0 250 0 0 1
43670 8 6 8 0 0.049 0.403 0.037 0.852 0.77 250 0 250 0 0 1
43670 9 6 8 0 0.049 0.403 0.037 0.852 0.77 250 0 250 0 0 1
43670 10 6 8 0 0.049 0.403 0.037 0.852 0.77 250 0 250 0 0 1
43670 1 6 8 0 0.028 0.227 0.009 0.986 0.069 248.524 4515 249.842 5420.133 0 0
43670 2 6 8 0 0.028 0.227 0.009 0.986 0.069 249.26 4300 249.897 5288.34 0 0
43670 3 6 8 0 0.028 0.227 0.009 0.986 0.069 249.081 5063 249.914 5968.773 0 0
43670 4 6 8 0 0.028 0.227 0.009 0.986 0.069 248.696 4457 249.874 5961.68 0 0
43670 5 6 8 0 0.028 0.227 0.009 0.986 0.069 248.565 5146 249.916 6680.727 0 0
43670 6 6 8 0 0.028 0.227 0.009 0.986 0.069 249.038 4696 249.864 5566.173 0 0
43670 7 6 8 0 0.028 0.227 0.009 0.986 0.069 248.859 4571 249.881 5674.993 0 0
43670 8 6 8 0 0.028 0.227 0.009 0.986 0.069 249.427 5472 249.931 6243.767 0 0
43670 9 6 8 0 0.028 0.227 0.009 0.986 0.069 249.219 5294 249.912 6165.227 0 0
43670 10 6 8 0 0.028 0.227 0.009 0.986 0.069 249.26 4733 249.902 5380.72 0 0
43670 1 6 8 0 0.076 0.371 0.077 0.972 0.495 228.753 9 245.552 63.007 0 0.013
43670 2 6 8 0 0.076 0.371 0.077 0.972 0.495 231.3 16 244.881 67.04 0 0
43670 3 6 8 0 0.076 0.371 0.077 0.972 0.495 232.785 19 245.664 83.6 0 0
43670 4 6 8 0 0.076 0.371 0.077 0.972 0.495 231.525 27 245.478 83.147 0 0
43670 5 6 8 0 0.076 0.371 0.077 0.972 0.495 234.327 22 245.911 81.193 0 0
43670 6 6 8 0 0.076 0.371 0.077 0.972 0.495 235 17 245.774 88.673 0 0
43670 7 6 8 0 0.076 0.371 0.077 0.972 0.495 235.158 14 246.495 75.093 0 0
43670 8 6 8 0 0.076 0.371 0.077 0.972 0.495 234.582 24 246.403 75.933 0 0
43670 9 6 8 0 0.076 0.371 0.077 0.972 0.495 232.014 24 245.181 71.413 0 0
43670 10 6 8 0 0.076 0.371 0.077 0.972 0.495 234.97 13 245.077 66.147 0 0
43670 1 6 8 0 0.09 0.072 0.405 0.858 0.794 250 0 250 0 0 1
43670 2 6 8 0 0.09 0.072 0.405 0.858 0.794 250 0 250 0 0 1
43670 3 6 8 0 0.09 0.072 0.405 0.858 0.794 250 0 250 0 0 1
43670 4 6 8 0 0.09 0.072 0.405 0.858 0.794 250 0 250 0 0 1
43670 5 6 8 0 0.09 0.072 0.405 0.858 0.794 250 0 250 0 0 1
43670 6 6 8 0 0.09 0.072 0.405 0.858 0.794 250 0 250 0 0 1
43670 7 6 8 0 0.09 0.072 0.405 0.858 0.794 250 0 250 0 0 1
43670 8 6 8 0 0.09 0.072 0.405 0.858 0.794 250 0 250 0 0 1
43670 9 6 8 0 0.09 0.072 0.405 0.858 0.794 250 1 250 1 0 1
43670 10 6 8 0 0.09 0.072 0.405 0.858 0.794 250 0 250 0 0 1
43670 1 6 8 0 0.001 0.057 0.471 0.864 0.964 250 0 250 0 0 1
43670 2 6 8 0 0.001 0.057 0.471 0.864 0.964 250 0 250 0 0 1
43670 3 6 8 0 0.001 0.057 0.471 0.864 0.964 250 0 250 0 0 1
43670 4 6 8 0 0.001 0.057 0.471 0.864 0.964 250 0 250 0 0 1
43670 5 6 8 0 0.001 0.057 0.471 0.864 0.964 250 0 250 0 0 1
43670 6 6 8 0 0.001 0.057 0.471 0.864 0.964 250 0 250 0 0 1
43670 7 6 8 0 0.001 0.057 0.471 0.864 0.964 250 0 250 0 0 1
43670 8 6 8 0 0.001 0.057 0.471 0.864 0.964 250 0 250 0 0 1
43670 9 6 8 0 0.001 0.057 0.471 0.864 0.964 250 0 250 0 0 1
43670 10 6 8 0 0.001 0.057 0.471 0.864 0.964 250 1 250 1 0 1
43670 1 6 8 0 0.069 0.129 0.084 0.78 0.872 250 0 250 0 0 1
43670 2 6 8 0 0.069 0.129 0.084 0.78 0.872 250 0 250 0 0 1
43670 1 6 8 1 0.053 0.253 0.244 0.774 0.256 234.135 529 241.442 950.9 0 0
43670 2 6 8 1 0.053 0.253 0.244 0.774 0.256 227.41 322 239.869 962.353 0 0
43670 3 6 8 1 0.053 0.253 0.244 0.774 0.256 231.254 491 241.271 1020.667 0 0
43670 4 6 8 1 0.053 0.253 0.244 0.774 0.256 233.45 531 240.863 987.773 0 0
43670 5 6 8 1 0.053 0.253 0.244 0.774 0.256 234.907 465 242.905 981.487 0 0
43670 6 6 8 1 0.053 0.253 0.244 0.774 0.256 231.952 478 239.195 973.52 0 0
43670 7 6 8 1 0.053 0.253 0.244 0.774 0.256 232.363 404 240.351 988.587 0 0
43670 8 6 8 1 0.053 0.253 0.244 0.774 0.256 225.558 574 240.352 984.2 0 0
43670 9 6 8 1 0.053 0.253 0.244 0.774 0.256 219.718 285 236.415 897.46 0 0
43670 10 6 8 1 0.053 0.253 0.244 0.774 0.256 238.732 494 244.572 1019.787 0 0
43670 1 6 8 1 0.082 0.237 0.056 0.927 0.887 250 1 250 1 0 1
43670 2 6 8 1 0.082 0.237 0.056 0.927 0.887 250 0 250 0 0 1
43670 3 6 8 1 0.082 0.237 0.056 0.927 0.887 250 0 250 0 0 1
43670 4 6 8 1 0.082 0.237 0.056 0.927 0.887 250 0 250 0 0 1
43670 5 6 8 1 0.082 0.237 0.056 0.927 0.887 250 0 250 0 0 1
43670 6 6 8 1 0.082 0.237 0.056 0.927 0.887 250 0 250 0 0 1
43670 7 6 8 1 0.082 0.237 0.056 0.927 0.887 250 0 250 0 0 1
43670 8 6 8 1 0.082 0.237 0.056 0.927 0.887 250 0 250 0 0 1
43670 9 6 8 1 0.082 0.237 0.056 0.927 0.887 250 0 250 0.547 0 1
43670 10 6 8 1 0.082 0.237 0.056 0.927 0.887 250 0 250 0 0 1
43670 1 6 8 1 0.04 0.321 0.367 0.909 0.865 250 0 250 0 0 1
43670 2 6 8 1 0.04 0.321 0.367 0.909 0.865 250 0 250 0 0 1
43670 3 6 8 1 0.04 0.321 0.367 0.909 0.865 250 0 250 0 0 1
43670 4 6 8 1 0.04 0.321 0.367 0.909 0.865 250 0 250 0 0 1
43670 5 6 8 1 0.04 0.321 0.367 0.909 0.865 250 0 250 0 0 1
43670 6 6 8 1 0.04 0.321 0.367 0.909 0.865 250 0 250 0 0 1
43670 7 6 8 1 0.04 0.321 0.367 0.909 0.865 250 0 250 0 0 1
43670 8 6 8 1 0.04 0.321 0.367 0.909 0.865 250 0 250 0 0 1
43670 9 6 8 1 0.04 0.321 0.367 0.909 0.865 250 0 250 0 0 1
43670 10 6 8 1 0.04 0.321 0.367 0.909 0.865 250 0 250 0 0 1
43670 1 6 8 1 0.072 0.468 0.365 0.91 0.088 245.438 1535 248.578 1934.973 0 0
43670 2 6 8 1 0.072 0.468 0.365 0.91 0.088 245.763 1730 248.796 2158.773 0 0
43670 3 6 8 1 0.072 0.468 0.365 0.91 0.088 246.174 1680 248.823 2057.687 0 0
43670 4 6 8 1 0.072 0.468 0.365 0.91 0.088 244.48 1706 248.844 1977.227 0 0
43670 5 6 8 1 0.072 0.468 0.365 0.91 0.088 245.848 1574 248.822 1999.147 0 0
43670 6 6 8 1 0.072 0.468 0.365 0.91 0.088 247.165 1775 248.946 2165.807 0 0
43670 7 6 8 1 0.072 0.468 0.365 0.91 0.088 244.852 1662 248.499 1984.92 0 0
43670 8 6 8 1 0.072 0.468 0.365 0.91 0.088 245.848 1648 248.863 2052.8 0 0
43670 9 6 8 1 0.072 0.468 0.365 0.91 0.088 245.848 1601 248.948 2039.747 0 0
43670 10 6 8 1 0.072 0.468 0.365 0.91 0.088 244.237 1496 248.869 1941.073 0 0
43670 1 6 8 1 0.073 0.317 0.095 0.753 0.576 246 4 249.59 8.613 0 0.84
43670 2 6 8 1 0.073 0.317 0.095 0.753 0.576 247 1 249.71 5.28 0 0.813
43670 3 6 8 1 0.073 0.317 0.095 0.753 0.576 247.18 5 249.503 9.88 0 0.78
43670 4 6 8 1 0.073 0.317 0.095 0.753 0.576 248.331 1 249.793 5.013 0 0.873
43670 5 6 8 1 0.073 0.317 0.095 0.753 0.576 246.37 5 249.459 9.687 0 0.747
43670 6 6 8 1 0.073 0.317 0.095 0.753 0.576 246.975 4 249.716 8.487 0 0.827
43670 7 6 8 1 0.073 0.317 0.095 0.753 0.576 246.315 7 249.688 10.187 0 0.833
43670 8 6 8 1 0.073 0.317 0.095 0.753 0.576 247.738 1 249.715 5.253 0 0.853
43670 9 6 8 1 0.073 0.317 0.095 0.753 0.576 246.278 5 249.293 12.967 0 0.567
43670 10 6 8 1 0.073 0.317 0.095 0.753 0.576 246.305 3 249.613 7.267 0 0.847
43670 1 6 8 1 0.056 0.402 0.125 0.855 0.578 248 2 249.739 2.667 0 0.967
43670 2 6 8 1 0.056 0.402 0.125 0.855 0.578 246.853 0 249.661 2.893 0 0.98
43670 3 6 8 1 0.056 0.402 0.125 0.855 0.578 248.873 2 249.93 2.92 0 0.987
43670 4 6 8 1 0.056 0.402 0.125 0.855 0.578 248 1 249.839 1 0 1
43670 5 6 8 1 0.056 0.402 0.125 0.855 0.578 248.069 0 249.825 0.593 0 0.987
43670 6 6 8 1 0.056 0.402 0.125 0.855 0.578 245.724 3 249.63 3.533 0 0.967
43670 7 6 8 1 0.056 0.402 0.125 0.855 0.578 247.594 0 249.381 0.447 0 0.987
43670 8 6 8 1 0.056 0.402 0.125 0.855 0.578 248.917 0 249.901 0.04 0 1
43670 9 6 8 1 0.056 0.402 0.125 0.855 0.578 248 1 249.738 2.353 0 0.96
43670 10 6 8 1 0.056 0.402 0.125 0.855 0.578 245.909 1 249.729 2.633 0 0.967
43670 1 6 8 1 0.032 0.012 0.406 0.764 0.477 250 0 250 0 0 1
43670 2 6 8 1 0.032 0.012 0.406 0.764 0.477 250 0 250 0 0 1
43670 3 6 8 1 0.032 0.012 0.406 0.764 0.477 250 0 250 0 0 1
43670 4 6 8 1 0.032 0.012 0.406 0.764 0.477 250 0 250 0 0 1
43670 5 6 8 1 0.032 0.012 0.406 0.764 0.477 250 0 250 0 0 1
43670 6 6 8 1 0.032 0.012 0.406 0.764 0.477 250 0 250 0 0 1
43670 7 6 8 1 0.032 0.012 0.406 0.764 0.477 250 0 250 0 0 1
43670 8 6 8 1 0.032 0.012 0.406 0.764 0.477 250 1 250 1 0 1
43670 9 6 8 1 0.032 0.012 0.406 0.764 0.477 250 0 250 0 0 1
43670 10 6 8 1 0.032 0.012 0.406 0.764 0.477 250 0 250 0 0 1
43670 1 6 8 1 0.077 0.349 0.161 0.939 0.466 239.491 133 246.38 248.747 0 0
43670 1 6 10 1 0.113 0.109 0.425 0.865 0.66 250 0 250 0 0 1
43670 2 6 10 1 0.113 0.109 0.425 0.865 0.66 250 0 250 0 0 1
43670 3 6 10 1 0.113 0.109 0.425 0.865 0.66 250 0 250 0 0 1
43670 4 6 10 1 0.113 0.109 0.425 0.865 0.66 250 0 250 0 0 1
43670 5 6 10 1 0.113 0.109 0.425 0.865 0.66 250 0 250 0 0 1
43670 6 6 10 1 0.113 0.109 0.425 0.865 0.66 250 0 250 0 0 1
43670 7 6 10 1 0.113 0.109 0.425 0.865 0.66 250 0 250 0 0 1
43670 8 6 10 1 0.113 0.109 0.425 0.865 0.66 250 0 250 0 0 1
43670 9 6 10 1 0.113 0.109 0.425 0.865 0.66 250 0 250 0 0 1
43670 10 6 10 1 0.113 0.109 0.425 0.865 0.66 250 0 250 0 0 1
43670 1 6 10 1 0.093 0.286 0.439 0.826 0.766 250 1 250 1 0 1
43670 2 6 10 1 0.093 0.286 0.439 0.826 0.766 250 0 250 0 0 1
43670 3 6 10 1 0.093 0.286 0.439 0.826 0.766 250 0 250 0 0 1
43670 4 6 10 1 0.093 0.286 0.439 0.826 0.766 250 0 250 0 0 1
43670 5 6 10 1 0.093 0.286 0.439 0.826 0.766 250 0 250 0 0 1
43670 6 6 10 1 0.093 0.286 0.439 0.826 0.766 250 0 250 0 0 1
43670 7 6 10 1 0.093 0.286 0.439 0.826 0.766 250 1 250 1 0 1
43670 8 6 10 1 0.093 0.286 0.439 0.826 0.766 250 0 250 0 0 1
43670 9 6 10 1 0.093 0.286 0.439 0.826 0.766 250 0 250 0 0 1
43670 10 6 10 1 0.093 0.286 0.439 0.826 0.766 250 0 250 0 0 1
43670 1 6 10 1 0.059 0.217 0.298 0.834 0.407 238.05 4 246.396 12.853 0 0.553
43670 2 6 10 1 0.059 0.217 0.298 0.834 0.407 233.746 8 245.367 16.447 0 0.293
43670 3 6 10 1 0.059 0.217 0.298 0.834 0.407 237.178 4 244.442 13.333 0 0.507
43670 4 6 10 1 0.059 0.217 0.298 0.834 0.407 236.421 5 245.642 12.487 0 0.607
43670 5 6 10 1 0.059 0.217 0.298 0.834 0.407 232.958 4 243.017 14.607 0 0.48
43670 6 6 10 1 0.059 0.217 0.298 0.834 0.407 233.923 1 244.062 8.273 0 0.693
43670 7 6 10 1 0.059 0.217 0.298 0.834 0.407 236.3 3 245.347 11.233 0 0.613
43670 8 6 10 1 0.059 0.217 0.298 0.834 0.407 233.975 8 243.094 14.92 0 0.38
43670 9 6 10 1 0.059 0.217 0.298 0.834 0.407 239.528 2 245.967 7.813 0 0.68
43670 10 6 10 1 0.059 0.217 0.298 0.834 0.407 240.269 3 245.564 10.647 0 0.68
43670 1 6 10 1 0.008 0.397 0.222 0.77 0.524 249.516 0 249.992 0 0 1
43670 2 6 10 1 0.008 0.397 0.222 0.77 0.524 249.175 0 249.965 0 0 1
43670 3 6 10 1 0.008 0.397 0.222 0.77 0.524 249.413 0 249.994 0 0 1
43670 4 6 10 1 0.008 0.397 0.222 0.77 0.524 249.355 0 249.994 0 0 1
43670 5 6 10 1 0.008 0.397 0.222 0.77 0.524 249.697 0 249.994 0 0 1
43670 6 6 10 1 0.008 0.397 0.222 0.77 0.524 249.903 0 249.998 0 0 1
43670 7 6 10 1 0.008 0.397 0.222 0.77 0.524 249.101 0 249.981 0 0 1
43670 8 6 10 1 0.008 0.397 0.222 0.77 0.524 249.803 0 249.997 0 0 1
43670 9 6 10 1 0.008 0.397 0.222 0.77 0.524 248.912 0 249.975 0 0 1
43670 10 6 10 1 0.008 0.397 0.222 0.77 0.524 249.768 1 249.998 1 0 1
43670 1 6 10 1 0.039 0.489 0.441 0.802 0.761 250 0 250 0 0 1
43670 2 6 10 1 0.039 0.489 0.441 0.802 0.761 250 0 250 0 0 1
43670 3 6 10 1 0.039 0.489 0.441 0.802 0.761 250 0 250 0 0 1
43670 4 6 10 1 0.039 0.489 0.441 0.802 0.761 250 0 250 0 0 1
43670 5 6 10 1 0.039 0.489 0.441 0.802 0.761 250 0 250 0 0 1
43670 6 6 10 1 0.039 0.489 0.441 0.802 0.761 250 0 250 0 0 1
43670 7 6 10 1 0.039 0.489 0.441 0.802 0.761 250 0 250 0 0 1
43670 8 6 10 1 0.039 0.489 0.441 0.802 0.761 250 0 250 0 0 1
43670 9 6 10 1 0.039 0.489 0.441 0.802 0.761 250 0 250 0 0 1
43670 10 6 10 1 0.039 0.489 0.441 0.802 0.761 250 0 250 0 0 1
43670 1 6 10 1 0.102 0.403 0.403 0.957 0.26 214.931 123 222.739 506.607 0 0
43670 2 6 10 1 0.102 0.403 0.403 0.957 0.26 222.271 189 231.325 482.353 0 0
43670 3 6 10 1 0.102 0.403 0.403 0.957 0.26 214.815 124 226.086 463.647 0 0
43670 4 6 10 1 0.102 0.403 0.403 0.957 0.26 220.277 236 233.159 519.68 0 0
43670 5 6 10 1 0.102 0.403 0.403 0.957 0.26 216.406 188 226.555 489.993 0 0
43670 6 6 10 1 0.102 0.403 0.403 0.957 0.26 216.896 236 227.194 497.133 0 0
43670 7 6 10 1 0.102 0.403 0.403 0.957 0.26 223.939 129 231.386 445.213 0 0
43670 8 6 10 1 0.102 0.403 0.403 0.957 0.26 215.245 120 224.564 496.5 0 0
43670 9 6 10 1 0.102 0.403 0.403 0.957 0.26 211.687 145 219.995 466.12 0 0
43670 10 6 10 1 0.102 0.403 0.403 0.957 0.26 206.827 173 215.675 472.78 0 0
43670 1 6 10 1 0.036 0.02 0.41 0.995 0.966 250 0 250 0 0 1
43670 2 6 10 1 0.036 0.02 0.41 0.995 0.966 250 0 250 0 0 1
43670 3 6 10 1 0.036 0.02 0.41 0.995 0.966 250 0 250 0 0 1
43670 4 6 10 1 0.036 0.02 0.41 0.995 0.966 250 0 250 0 0 1
43670 5 6 10 1 0.036 0.02 0.41 0.995 0.966 250 0 250 0 0 1
43670 6 6 10 1 0.036 0.02 0.41 0.995 0.966 250 0 250 0 0 1
43670 7 6 10 1 0.036 0.02 0.41 0.995 0.966 250 0 250 0 0 1
43670 8 6 10 1 0.036 0.02 0.41 0.995 0.966 250 0 250 0 0 1
43670 9 6 10 1 0.036 0.02 0.41 0.995 0.966 250 0 250 0 0 1
43670 1 6 10 0 0.109 0.287 0.38 0.905 0.036 233.319 35 245.195 1317.953 0 0
43670 2 6 10 0 0.109 0.287 0.38 0.905 0.036 235.653 33 244.552 1274.64 0 0
43670 3 6 10 0 0.109 0.287 0.38 0.905 0.036 234.694 34 244.165 1331.947 0 0
43670 4 6 10 0 0.109 0.287 0.38 0.905 0.036 238.139 40 245.327 1271.333 0 0
43670 5 6 10 0 0.109 0.287 0.38 0.905 0.036 238.145 43 246.116 1235.953 0 0
43670 6 6 10 0 0.109 0.287 0.38 0.905 0.036 231.673 40 244.624 1195.733 0 0
43670 7 6 10 0 0.109 0.287 0.38 0.905 0.036 231.837 46 243.779 1361.02 0 0
43670 8 6 10 0 0.109 0.287 0.38 0.905 0.036 235.603 113 245.996 1545.16 0 0
43670 9 6 10 0 0.109 0.287 0.38 0.905 0.036 235.261 35 245.869 1326.667 0 0
43670 10 6 10 0 0.109 0.287 0.38 0.905 0.036 234.51 78 244.302 1225.16 0 0
43670 1 6 10 0 0.12 0.369 0.188 0.933 0.812 250 0 250 0 0 1
43670 2 6 10 0 0.12 0.369 0.188 0.933 0.812 250 0 250 0 0 1
43670 3 6 10 0 0.12 0.369 0.188 0.933 0.812 250 0 250 0 0 1
43670 4 6 10 0 0.12 0.369 0.188 0.933 0.812 250 0 250 0 0 1
43670 5 6 10 0 0.12 0.369 0.188 0.933 0.812 250 0 250 0 0 1
43670 6 6 10 0 0.12 0.369 0.188 0.933 0.812 250 1 250 1 0 1
43670 7 6 10 0 0.12 0.369 0.188 0.933 0.812 250 0 250 0 0 1
43670 8 6 10 0 0.12 0.369 0.188 0.933 0.812 250 0 250 0 0 1
43670 9 6 10 0 0.12 0.369 0.188 0.933 0.812 250 0 250 0 0 1
43670 10 6 10 0 0.12 0.369 0.188 0.933 0.812 250 0 250 0 0 1
43670 1 6 10 0 0.071 0.303 0.271 0.855 0.138 239.45 35 247.058 838.813 0 0
43670 2 6 10 0 0.071 0.303 0.271 0.855 0.138 240.006 45 247.062 788.34 0 0
43670 3 6 10 0 0.071 0.303 0.271 0.855 0.138 237.569 38 246.478 1005.013 0 0
43670 4 6 10 0 0.071 0.303 0.271 0.855 0.138 238.468 49 245.092 948.187 0 0
43670 5 6 10 0 0.071 0.303 0.271 0.855 0.138 238.426 42 246.397 1023.347 0 0
43670 6 6 10 0 0.071 0.303 0.271 0.855 0.138 237.492 38 247.003 882.067 0 0
43670 7 6 10 0 0.071 0.303 0.271 0.855 0.138 235.494 39 245.466 827.213 0 0
43670 8 6 10 0 0.071 0.303 0.271 0.855 0.138 236.227 44 246.182 808.907 0 0
43670 9 6 10 0 0.071 0.303 0.271 0.855 0.138 236.331 31 245.751 876.24 0 0
43670 10 6 10 0 0.071 0.303 0.271 0.855 0.138 237.348 33 246.727 747.767 0 0
43670 1 6 10 0 0.086 0.269 0.37 0.992 0.008 231.509 48 244.85 1652.767 0 0
43670 2 6 10 0 0.086 0.269 0.37 0.992 0.008 238.194 28 246.308 1935.567 0 0
43670 3 6 10 0 0.086 0.269 0.37 0.992 0.008 234.138 33 245.516 1847.42 0 0
43670 4 6 10 0 0.086 0.269 0.37 0.992 0.008 234.245 39 245.533 1551.307 0 0
43670 5 6 10 0 0.086 0.269 0.37 0.992 0.008 230.435 32 243.645 1568.247 0 0
43670 6 6 10 0 0.086 0.269 0.37 0.992 0.008 236.059 50 246.217 1745.8 0 0
43670 7 6 10 0 0.086 0.269 0.37 0.992 0.008 234.479 47 245.146 1703.407 0 0
43670 8 6 10 0 0.086 0.269 0.37 0.992 0.008 234.112 49 244.509 1543.247 0 0
43670 9 6 10 0 0.086 0.269 0.37 0.992 0.008 235.249 33 245.062 1722.72 0 0
43670 10 6 10 0 0.086 0.269 0.37 0.992 0.008 231.225 38 243.926 1471.08 0 0
43670 1 6 10 0 0.045 0.459 0.29 0.89 0.212 232.87 34 246.425 717.22 0 0
43670 2 6 10 0 0.045 0.459 0.29 0.89 0.212 237.185 42 247.086 795.067 0 0
43670 3 6 10 0 0.045 0.459 0.29 0.89 0.212 228.495 29 246.527 741.3 0 0
43670 4 6 10 0 0.045 0.459 0.29 0.89 0.212 238.101 35 246.8 677.873 0 0
43670 5 6 10 0 0.045 0.459 0.29 0.89 0.212 235.593 29 247.151 735.987 0 0
43670 6 6 10 0 0.045 0.459 0.29 0.89 0.212 236.811 38 244.554 778.893 0 0
43670 7 6 10 0 0.045 0.459 0.29 0.89 0.212 238.811 26 247.543 750.22 0 0
43670 8 6 10 0 0.045 0.459 0.29 0.89 0.212 234.887 31 246.303 707.833 0 0
43670 9 6 10 0 0.045 0.459 0.29 0.89 0.212 237.383 37 246.397 708.587 0 0
43670 10 6 10 0 0.045 0.459 0.29 0.89 0.212 229.484 35 245.313 805.473 0 0
43670 1 6 10 0 0.097 0.312 0.438 0.785 0.244 233.704 20 244.718 77.007 0 0
43670 2 6 10 0 0.097 0.312 0.438 0.785 0.244 242.879 13 247.881 68.213 0 0
43670 3 6 10 0 0.097 0.312 0.438 0.785 0.244 240.649 18 246.956 64.613 0 0
43670 4 6 10 0 0.097 0.312 0.438 0.785 0.244 238.4 18 246.711 46.427 0 0
43670 5 6 10 0 0.097 0.312 0.438 0.785 0.244 238.692 23 245.436 66.313 0 0
43670 6 6 10 0 0.097 0.312 0.438 0.785 0.244 235.452 15 247.441 32.04 0 0
43670 7 6 10 0 0.097 0.312 0.438 0.785 0.244 240.056 21 245.43 75.22 0 0
43670 8 6 10 0 0.097 0.312 0.438 0.785 0.244 239.744 8 247.037 49.733 0 0.067
43670 9 6 10 0 0.097 0.312 0.438 0.785 0.244 238.871 18 245.212 49.933 0 0
43670 10 6 10 0 0.097 0.312 0.438 0.785 0.244 241.062 12 247.875 33.247 0 0
43670 1 6 10 0 0.062 0.087 0.414 0.843 0.316 250 0 250 0 0 1
43670 2 6 10 0 0.062 0.087 0.414 0.843 0.316 250 0 250 0 0 1
43670 3 6 10 0 0.062 0.087 0.414 0.843 0.316 250 0 250 0 0 1
43670 4 6 10 0 0.062 0.087 0.414 0.843 0.316 250 0 250 0 0 1
43670 5 6 10 0 0.062 0.087 0.414 0.843 0.316 250 0 250 0 0 1
43670 6 6 10 0 0.062 0.087 0.414 0.843 0.316 250 0 250 0 0 1
43670 7 6 10 0 0.062 0.087 0.414 0.843 0.316 250 0 250 0 0 1
43670 8 6 10 0 0.062 0.087 0.414 0.843 0.316 250 0 250 0 0 1
43670 9 6 10 0 0.062 0.087 0.414 0.843 0.316 250 0 250 0 0 1
43670 10 6 10 0 0.062 0.087 0.414 0.843 0.316 250 0 250 0 0 1
43670 1 6 10 0 0.099 0.072 0.318 0.984 0.598 250 0 250 0 0 1
43670 2 6 10 0 0.099 0.072 0.318 0.984 0.598 250 0 250 0 0 1
43670 3 6 10 0 0.099 0.072 0.318 0.984 0.598 250 0 250 0 0 1
43670 4 6 10 0 0.099 0.072 0.318 0.984 0.598 250 0 250 0 0 1
43670 5 6 10 0 0.099 0.072 0.318 0.984 0.598 250 0 250 0 0 1
43670 6 6 10 0 0.099 0.072 0.318 0.984 0.598 250 0 250 0 0 1
43670 1 6 10 1 0.058 0.343 0.026 0.859 0.304 246.32 2063 249.007 2365.827 0 0
43670 2 6 10 1 0.058 0.343 0.026 0.859 0.304 246.723 2056 248.873 2321.253 0 0
43670 3 6 10 1 0.058 0.343 0.026 0.859 0.304 246.146 1995 248.877 2271.267 0 0
43670 4 6 10 1 0.058 0.343 0.026 0.859 0.304 245.744 2057 248.914 2342.927 0 0
43670 5 6 10 1 0.058 0.343 0.026 0.859 0.304 246.527 2013 248.877 2325.873 0 0
43670 6 6 10 1 0.058 0.343 0.026 0.859 0.304 246.629 1950 248.713 2346.127 0 0
43670 7 6 10 1 0.058 0.343 0.026 0.859 0.304 247.407 2124 249.282 2536.413 0 0
43670 8 6 10 1 0.058 0.343 0.026 0.859 0.304 246.414 1947 248.762 2147.98 0 0
43670 9 6 10 1 0.058 0.343 0.026 0.859 0.304 246.317 1954 248.924 2263.96 0 0
43670 10 6 10 1 0.058 0.343 0.026 0.859 0.304 246.784 1911 248.943 2341.747 0 0
43670 1 6 10 1 0.067 0.044 0.05 0.798 0.343 236.839 4 245.932 16.5 0 0.48
43670 2 6 10 1 0.067 0.044 0.05 0.798 0.343 242.365 4 246.447 17.093 0 0.48
43670 3 6 10 1 0.067 0.044 0.05 0.798 0.343 239.122 5 246.391 10.16 0 0.613
43670 4 6 10 1 0.067 0.044 0.05 0.798 0.343 240.357 1 244.192 8.827 0 0.6
43670 5 6 10 1 0.067 0.044 0.05 0.798 0.343 241.489 2 246.53 2.647 0 0.96
43670 6 6 10 1 0.067 0.044 0.05 0.798 0.343 241.042 6 247.635 8.1 0 0.8
43670 7 6 10 1 0.067 0.044 0.05 0.798 0.343 239.564 5 245.925 6.82 0 0.867
43670 8 6 10 1 0.067 0.044 0.05 0.798 0.343 241.606 3 247.578 4.933 0 0.913
43670 9 6 10 1 0.067 0.044 0.05 0.798 0.343 240.456 2 245.896 9.68 0 0.587
43670 10 6 10 1 0.067 0.044 0.05 0.798 0.343 236.944 6 245.32 15.187 0 0.553
43670 1 6 10 1 0.087 0.449 0.016 0.998 0.771 250 1 250 1 0 1
43670 2 6 10 1 0.087 0.449 0.016 0.998 0.771 250 0 250 0 0 1
43670 3 6 10 1 0.087 0.449 0.016 0.998 0.771 250 0 250 0 0 1
43670 4 6 10 1 0.087 0.449 0.016 0.998 0.771 250 1 250 1 0 1
43670 5 6 10 1 0.087 0.449 0.016 0.998 0.771 250 0 250 0 0 1
43670 6 6 10 1 0.087 0.449 0.016 0.998 0.771 250 0 250 0 0 1
43670 7 6 10 1 0.087 0.449 0.016 0.998 0.771 250 0 250 0 0 1
43670 8 6 10 1 0.087 0.449 0.016 0.998 0.771 249.862 0 249.999 0 0 1
43670 9 6 10 1 0.087 0.449 0.016 0.998 0.771 250 1 250 1 0 1
43670 10 6 10 1 0.087 0.449 0.016 0.998 0.771 250 0 250 0 0 1
43670 1 6 10 1 0.01 0.135 0.122 0.768 0.311 203.929 135 221.638 685.813 0 0
43670 2 6 10 1 0.01 0.135 0.122 0.768 0.311 223.404 326 232.679 704.72 0 0
43670 3 6 10 1 0.01 0.135 0.122 0.768 0.311 209.172 215 219.785 663.147 0 0
43670 4 6 10 1 0.01 0.135 0.122 0.768 0.311 223.085 143 232.508 689.173 0 0
43670 5 6 10 1 0.01 0.135 0.122 0.768 0.311 219.143 226 229.11 666.86 0 0
43670 6 6 10 1 0.01 0.135 0.122 0.768 0.311 226.517 160 238.489 689.167 0 0
43670 7 6 10 1 0.01 0.135 0.122 0.768 0.311 209.298 80 223.376 634.767 0 0
43670 8 6 10 1 0.01 0.135 0.122 0.768 0.311 208.334 318 222.189 680.84 0 0
43670 9 6 10 1 0.01 0.135 0.122 0.768 0.311 224.283 276 232.58 739.693 0 0
43670 10 6 10 1 0.01 0.135 0.122 0.768 0.311 210.661 98 221.529 657.18 0 0
43670 1 6 10 1 0.072 0.313 0.269 0.771 0.677 250 0 250 0 0 1
43670 2 6 10 1 0.072 0.313 0.269 0.771 0.677 250 0 250 0 0 1
43670 3 6 10 1 0.072 0.313 0.269 0.771 0.677 250 0 250 0 0 1
43670 4 6 10 1 0.072 0.313 0.269 0.771 0.677 250 0 250 0 0 1
43670 5 6 10 1 0.072 0.313 0.269 0.771 0.677 250 0 250 0 0 1
43670 6 6 10 1 0.072 0.313 0.269 0.771 0.677 250 0 250 0 0 1
43670 7 6 10 1 0.072 0.313 0.269 0.771 0.677 250 0 250 0 0 1
43670 8 6 10 1 0.072 0.313 0.269 0.771 0.677 250 0 250 0 0 1
43670 9 6 10 1 0.072 0.313 0.269 0.771 0.677 250 0 250 0 0 1
43670 10 6 10 1 0.072 0.313 0.269 0.771 0.677 250 0 250 0 0 1
43670 1 6 10 1 0.045 0.346 0.368 0.962 0.544 250 0 250 0 0 1
43670 2 6 10 1 0.045 0.346 0.368 0.962 0.544 250 0 250 0 0 1
43670 3 6 10 1 0.045 0.346 0.368 0.962 0.544 250 0 250 0 0 1
43670 4 6 10 1 0.045 0.346 0.368 0.962 0.544 250 0 250 0 0 1
43670 5 6 10 1 0.045 0.346 0.368 0.962 0.544 250 0 250 0 0 1
43670 6 6 10 1 0.045 0.346 0.368 0.962 0.544 250 0 250 0 0 1
43670 7 6 10 1 0.045 0.346 0.368 0.962 0.544 250 0 250 0 0 1
43670 8 6 10 1 0.045 0.346 0.368 0.962 0.544 250 1 250 1 0 1
43670 9 6 10 1 0.045 0.346 0.368 0.962 0.544 250 0 250 0 0 1
43670 10 6 10 1 0.045 0.346 0.368 0.962 0.544 250 0 250 0 0 1
43670 1 6 10 1 0.005 0.2 0.336 0.947 0.668 250 0 250 0 0 1
43670 2 6 10 1 0.005 0.2 0.336 0.947 0.668 250 0 250 0 0 1
43670 3 6 10 1 0.005 0.2 0.336 0.947 0.668 250 0 250 0 0 1
43670 4 6 10 1 0.005 0.2 0.336 0.947 0.668 250 0 250 0 0 1
43670 5 6 10 1 0.005 0.2 0.336 0.947 0.668 250 0 250 0 0 1
43670 6 6 10 1 0.005 0.2 0.336 0.947 0.668 250 0 250 0 0 1
43670 7 6 10 1 0.005 0.2 0.336 0.947 0.668 250 0 250 0 0 1
43670 8 6 10 1 0.005 0.2 0.336 0.947 0.668 250 0 250 0 0 1
43670 9 6 10 1 0.005 0.2 0.336 0.947 0.668 250 0 250 0 0 1
43670 1 6 5 0 0.094 0.303 0.056 0.786 0.194 237.656 787 244.668 2031.967 0 0
43670 2 6 5 0 0.094 0.303 0.056 0.786 0.194 233.569 310 243.267 1784.873 0 0
43670 3 6 5 0 0.094 0.303 0.056 0.786 0.194 229.403 77 244.742 1893.073 0 0
43670 4 6 5 0 0.094 0.303 0.056 0.786 0.194 229.116 59 244.66 1962.173 0 0
43670 5 6 5 0 0.094 0.303 0.056 0.786 0.194 226.704 364 243.642 1994.393 0 0
43670 6 6 5 0 0.094 0.303 0.056 0.786 0.194 228.828 107 245.178 1976.613 0 0
43670 7 6 5 0 0.094 0.303 0.056 0.786 0.194 234.642 47 244.021 1938.267 0 0
43670 8 6 5 0 0.094 0.303 0.056 0.786 0.194 234.831 835 245.719 2130.107 0 0
43670 9 6 5 0 0.094 0.303 0.056 0.786 0.194 229.581 367 243.648 1896.4 0 0
43670 10 6 5 0 0.094 0.303 0.056 0.786 0.194 233.878 60 244.036 1897.08 0 0
43670 1 6 5 0 0.104 0.139 0.395 0.768 0.614 250 1 250 1 0 1
43670 2 6 5 0 0.104 0.139 0.395 0.768 0.614 250 0 250 0 0 1
43670 3 6 5 0 0.104 0.139 0.395 0.768 0.614 250 0 250 0 0 1
43670 4 6 5 0 0.104 0.139 0.395 0.768 0.614 250 0 250 0 0 1
43670 5 6 5 0 0.104 0.139 0.395 0.768 0.614 250 0 250 0 0 1
43670 6 6 5 0 0.104 0.139 0.395 0.768 0.614 250 0 250 0 0 1
43670 7 6 5 0 0.104 0.139 0.395 0.768 0.614 250 1 250 1 0 1
43670 8 6 5 0 0.104 0.139 0.395 0.768 0.614 250 0 250 0 0 1
43670 9 6 5 0 0.104 0.139 0.395 0.768 0.614 250 0 250 0 0 1
43670 10 6 5 0 0.104 0.139 0.395 0.768 0.614 250 0 250 0 0 1
43670 1 6 5 0 0.052 0.485 0.2 0.863 0.751 250 0 250 0 0 1
43670 2 6 5 0 0.052 0.485 0.2 0.863 0.751 250 0 250 0 0 1
43670 3 6 5 0 0.052 0.485 0.2 0.863 0.751 250 1 250 1 0 1
43670 4 6 5 0 0.052 0.485 0.2 0.863 0.751 250 0 250 0 0 1
43670 5 6 5 0 0.052 0.485 0.2 0.863 0.751 250 0 250 0 0 1
43670 6 6 5 0 0.052 0.485 0.2 0.863 0.751 250 0 250 0 0 1
43670 7 6 5 0 0.052 0.485 0.2 0.863 0.751 250 0 250 0 0 1
43670 8 6 5 0 0.052 0.485 0.2 0.863 0.751 250 0 250 0 0 1
43670 9 6 5 0 0.052 0.485 0.2 0.863 0.751 250 1 250 1 0 1
43670 10 6 5 0 0.052 0.485 0.2 0.863 0.751 249.956 0 250 0 0 1
43670 1 6 5 0 0.079 0.361 0.258 0.991 0.96 250 0 250 0 0 1
43670 2 6 5 0 0.079 0.361 0.258 0.991 0.96 250 0 250 0 0 1
43670 3 6 5 0 0.079 0.361 0.258 0.991 0.96 250 0 250 0 0 1
43670 4 6 5 0 0.079 0.361 0.258 0.991 0.96 250 0 250 0 0 1
43670 5 6 5 0 0.079 0.361 0.258 0.991 0.96 250 0 250 0 0 1
43670 6 6 5 0 0.079 0.361 0.258 0.991 0.96 250 0 250 0 0 1
43670 7 6 5 0 0.079 0.361 0.258 0.991 0.96 249.897 1 249.999 1 0 1
43670 8 6 5 0 0.079 0.361 0.258 0.991 0.96 250 0 250 0 0 1
43670 9 6 5 0 0.079 0.361 0.258 0.991 0.96 250 0 250 0 0 1
43670 10 6 5 0 0.079 0.361 0.258 0.991 0.96 250 0 250 0 0 1
43670 1 6 5 0 0.004 0.214 0.47 0.85 0.404 250 0 250 0 0 1
43670 2 6 5 0 0.004 0.214 0.47 0.85 0.404 250 1 250 1 0 1
43670 3 6 5 0 0.004 0.214 0.47 0.85 0.404 250 0 250 0 0 1
43670 4 6 5 0 0.004 0.214 0.47 0.85 0.404 250 0 250 0 0 1
43670 5 6 5 0 0.004 0.214 0.47 0.85 0.404 250 0 250 0 0 1
43670 6 6 5 0 0.004 0.214 0.47 0.85 0.404 250 1 250 1 0 1
43670 7 6 5 0 0.004 0.214 0.47 0.85 0.404 250 0 250 0.313 0 1
43670 8 6 5 0 0.004 0.214 0.47 0.85 0.404 250 1 250 1 0 1
43670 9 6 5 0 0.004 0.214 0.47 0.85 0.404 250 0 250 0 0 1
43670 10 6 5 0 0.004 0.214 0.47 0.85 0.404 250 0 250 0 0 1
43670 1 6 5 0 0.074 0.271 0.097 0.797 0.177 227.04 53 242.452 1202.42 0 0
43670 2 6 5 0 0.074 0.271 0.097 0.797 0.177 228.636 52 244.9 1523.687 0 0
43670 3 6 5 0 0.074 0.271 0.097 0.797 0.177 234.323 50 245.259 1452.893 0 0
43670 4 6 5 0 0.074 0.271 0.097 0.797 0.177 230.885 63 244.215 1375.887 0 0
43670 5 6 5 0 0.074 0.271 0.097 0.797 0.177 231.309 70 243.852 1407.327 0 0
43670 6 6 5 0 0.074 0.271 0.097 0.797 0.177 234.954 70 243.948 1305.547 0 0
43670 7 6 5 0 0.074 0.271 0.097 0.797 0.177 239.031 422 245.186 1524.027 0 0
43670 8 6 5 0 0.074 0.271 0.097 0.797 0.177 231.49 50 243.987 1455.107 0 0
43670 9 6 5 0 0.074 0.271 0.097 0.797 0.177 227.312 52 244.867 1457.933 0 0
43670 10 6 5 0 0.074 0.271 0.097 0.797 0.177 229.528 49 242.886 1291.907 0 0
43670 1 6 5 0 0.044 0.077 0.03 0.776 0.25 230.812 73 244.165 1233.887 0 0
43670 2 6 5 0 0.044 0.077 0.03 0.776 0.25 234.745 357 242.647 1226.313 0 0
43670 3 6 5 0 0.044 0.077 0.03 0.776 0.25 236.088 60 244.996 1291.12 0 0
43670 4 6 5 0 0.044 0.077 0.03 0.776 0.25 231.237 65 242.912 1100.1 0 0
43670 5 6 5 0 0.044 0.077 0.03 0.776 0.25 233.697 70 242.654 1144.207 0 0
43670 6 6 5 0 0.044 0.077 0.03 0.776 0.25 230.406 59 242.341 1070.327 0 0
43670 7 6 5 0 0.044 0.077 0.03 0.776 0.25 227.825 58 242.571 919.46 0 0
43670 8 6 5 0 0.044 0.077 0.03 0.776 0.25 236.892 57 244.62 1018.76 0 0
43670 9 6 5 0 0.044 0.077 0.03 0.776 0.25 225.091 65 242.91 1122.633 0 0
43670 10 6 5 0 0.044 0.077 0.03 0.776 0.25 235.591 47 244.93 1200.62 0 0
43670 1 6 5 0 0.016 0.008 0.456 0.943 0.964 250 0 250 0 0 1
43670 2 6 5 0 0.016 0.008 0.456 0.943 0.964 250 0 250 0 0 1
43670 3 6 5 0 0.016 0.008 0.456 0.943 0.964 250 0 250 0 0 1
43670 1 6 5 0 0.091 0.108 0.257 0.919 0.882 250 0 250 0 0 1
43670 2 6 5 0 0.091 0.108 0.257 0.919 0.882 250 0 250 0 0 1
43670 3 6 5 0 0.091 0.108 0.257 0.919 0.882 250 0 250 0 0 1
43670 4 6 5 0 0.091 0.108 0.257 0.919 0.882 250 0 250 0 0 1
43670 5 6 5 0 0.091 0.108 0.257 0.919 0.882 250 1 250 1 0 1
43670 6 6 5 0 0.091 0.108 0.257 0.919 0.882 250 0 250 0.893 0 1
43670 7 6 5 0 0.091 0.108 0.257 0.919 0.882 250 1 250 1 0 1
43670 8 6 5 0 0.091 0.108 0.257 0.919 0.882 250 0 250 0 0 1
43670 9 6 5 0 0.091 0.108 0.257 0.919 0.882 250 0 250 0 0 1
43670 10 6 5 0 0.091 0.108 0.257 0.919 0.882 250 0 250 0 0 1
43670 1 6 5 0 0.064 0.12 0.436 0.778 0.549 250 0 250 0 0 1
43670 2 6 5 0 0.064 0.12 0.436 0.778 0.549 250 0 250 0 0 1
43670 3 6 5 0 0.064 0.12 0.436 0.778 0.549 250 0 250 0 0 1
43670 4 6 5 0 0.064 0.12 0.436 0.778 0.549 250 0 250 0 0 1
43670 5 6 5 0 0.064 0.12 0.436 0.778 0.549 250 0 250 0 0 1
43670 6 6 5 0 0.064 0.12 0.436 0.778 0.549 250 0 250 0 0 1
43670 7 6 5 0 0.064 0.12 0.436 0.778 0.549 250 0 250 0 0 1
43670 8 6 5 0 0.064 0.12 0.436 0.778 0.549 250 0 250 0 0 1
43670 9 6 5 0 0.064 0.12 0.436 0.778 0.549 250 0 250 0 0 1
43670 10 6 5 0 0.064 0.12 0.436 0.778 0.549 250 0 250 0 0 1
43670 1 6 5 0 0.117 0.454 0.002 0.995 0.449 231.017 123 244.983 485.087 0 0
43670 2 6 5 0 0.117 0.454 0.002 0.995 0.449 236.809 124 245.906 468.507 0 0
43670 3 6 5 0 0.117 0.454 0.002 0.995 0.449 235.987 153 246.572 577.613 0 0
43670 4 6 5 0 0.117 0.454 0.002 0.995 0.449 235.83 141 246.459 502.167 0 0
43670 5 6 5 0 0.117 0.454 0.002 0.995 0.449 236.13 144 246.099 550.52 0 0
43670 6 6 5 0 0.117 0.454 0.002 0.995 0.449 235.406 124 246.134 549.76 0 0
43670 7 6 5 0 0.117 0.454 0.002 0.995 0.449 235.891 121 246.101 478.893 0 0
43670 8 6 5 0 0.117 0.454 0.002 0.995 0.449 237.261 129 246.292 544.38 0 0
43670 9 6 5 0 0.117 0.454 0.002 0.995 0.449 229.963 131 245.827 494.413 0 0
43670 10 6 5 0 0.117 0.454 0.002 0.995 0.449 236.997 104 245.518 443.127 0 0
43670 1 6 5 0 0.057 0.464 0.019 0.75 0.664 250 0 250 0 0 1
43670 2 6 5 0 0.057 0.464 0.019 0.75 0.664 249.82 0 249.998 0 0 1
43670 3 6 5 0 0.057 0.464 0.019 0.75 0.664 249.781 0 249.997 0 0 1
43670 4 6 5 0 0.057 0.464 0.019 0.75 0.664 249.307 2 249.994 2 0 1
43670 5 6 5 0 0.057 0.464 0.019 0.75 0.664 250 1 250 1 0 1
43670 6 6 5 0 0.057 0.464 0.019 0.75 0.664 250 0 250 0.567 0 1
43670 7 6 5 0 0.057 0.464 0.019 0.75 0.664 250 0 250 0 0 1
43670 8 6 5 0 0.057 0.464 0.019 0.75 0.664 249.93 0 250 0 0 1
43670 9 6 5 0 0.057 0.464 0.019 0.75 0.664 249.685 0 249.997 0 0 1
43670 10 6 5 0 0.057 0.464 0.019 0.75 0.664 250 1 250 1 0 1
43670 1 6 5 0 0.104 0.374 0.192 0.912 0.818 250 0 250 0 0 1
43670 2 6 5 0 0.104 0.374 0.192 0.912 0.818 250 0 250 0 0 1
43670 3 6 5 0 0.104 0.374 0.192 0.912 0.818 250 0 250 0 0 1
43670 4 6 5 0 0.104 0.374 0.192 0.912 0.818 250 0 250 0.8 0 1
43670 5 6 5 0 0.104 0.374 0.192 0.912 0.818 250 0 250 0 0 1
43670 6 6 5 0 0.104 0.374 0.192 0.912 0.818 250 0 250 0 0 1
43670 7 6 5 0 0.104 0.374 0.192 0.912 0.818 250 0 250 0 0 1
43670 8 6 5 0 0.104 0.374 0.192 0.912 0.818 250 0 250 0.427 0 1
43670 9 6 5 0 0.104 0.374 0.192 0.912 0.818 250 0 250 0 0 1
43670 10 6 5 0 0.104 0.374 0.192 0.912 0.818 250 0 250 0 0 1
43670 1 6 5 0 0.104 0.445 0.131 0.948 0.411 233.61 124 246.26 382.28 0 0
43670 2 6 5 0 0.104 0.445 0.131 0.948 0.411 237.167 134 246.269 477.267 0 0
43670 3 6 5 0 0.104 0.445 0.131 0.948 0.411 231.252 169 245.811 535.687 0 0
43670 4 6 5 0 0.104 0.445 0.131 0.948 0.411 233.439 148 245.357 450.773 0 0
43670 5 6 5 0 0.104 0.445 0.131 0.948 0.411 237.01 140 247.182 443.033 0 0
43670 6 6 5 0 0.104 0.445 0.131 0.948 0.411 235.314 87 244.374 292.893 0 0
43670 7 6 5 0 0.104 0.445 0.131 0.948 0.411 236.864 109 245.925 390.493 0 0
43670 8 6 5 0 0.104 0.445 0.131 0.948 0.411 237.19 136 246.709 421.167 0 0
43670 9 6 5 0 0.104 0.445 0.131 0.948 0.411 233.636 108 245.575 416.567 0 0
43670 10 6 5 0 0.104 0.445 0.131 0.948 0.411 240.691 91 246.723 383.727 0 0
43670 1 6 5 0 0.109 0.007 0.13 0.967 0.744 250 0 250 0 0 1
43670 2 6 5 0 0.109 0.007 0.13 0.967 0.744 250 0 250 0 0 1
43670 3 6 5 0 0.109 0.007 0.13 0.967 0.744 250 0 250 0 0 1
43670 4 6 5 0 0.109 0.007 0.13 0.967 0.744 250 0 250 0 0 1
43670 5 6 5 0 0.109 0.007 0.13 0.967 0.744 250 0 250 0 0 1
43670 6 6 5 0 0.109 0.007 0.13 0.967 0.744 250 0 250 0 0 1
43670 7 6 5 0 0.109 0.007 0.13 0.967 0.744 250 0 250 0 0 1
43670 8 6 5 0 0.109 0.007 0.13 0.967 0.744 250 0 250 0 0 1
43670 9 6 5 0 0.109 0.007 0.13 0.967 0.744 250 1 250 1 0 1
43670 10 6 5 0 0.109 0.007 0.13 0.967 0.744 250 1 250 1 0 1
43670 1 6 5 0 0.081 0.336 0.446 0.824 0.874 250 0 250 0 0 1
43670 2 6 5 0 0.081 0.336 0.446 0.824 0.874 250 0 250 0 0 1
43670 3 6 5 0 0.081 0.336 0.446 0.824 0.874 250 0 250 0 0 1
43670 4 6 5 0 0.081 0.336 0.446 0.824 0.874 250 0 250 0 0 1
43670 5 6 5 0 0.081 0.336 0.446 0.824 0.874 250 0 250 0.427 0 1
43670 6 6 5 0 0.081 0.336 0.446 0.824 0.874 250 0 250 0 0 1
43670 7 6 5 0 0.081 0.336 0.446 0.824 0.874 250 0 250 0 0 1
43670 1 6 10 0 0.112 0.324 0.157 0.972 0.447 238.897 5 246.63 32.507 0 0.447
43670 2 6 10 0 0.112 0.324 0.157 0.972 0.447 237.874 9 247.455 29.18 0 0.087
43670 3 6 10 0 0.112 0.324 0.157 0.972 0.447 238.235 8 246.378 42.567 0 0.14
43670 4 6 10 0 0.112 0.324 0.157 0.972 0.447 235.453 8 246.024 34.367 0 0.113
43670 5 6 10 0 0.112 0.324 0.157 0.972 0.447 239.144 8 246.87 27.827 0 0.153
43670 6 6 10 0 0.112 0.324 0.157 0.972 0.447 226.598 9 244.61 39.513 0 0.087
43670 7 6 10 0 0.112 0.324 0.157 0.972 0.447 237.113 5 245.458 29.24 0 0.46
43670 8 6 10 0 0.112 0.324 0.157 0.972 0.447 237.182 4 246.208 27.767 0 0.493
43670 9 6 10 0 0.112 0.324 0.157 0.972 0.447 235.537 5 246.544 29.187 0 0.467
43670 10 6 10 0 0.112 0.324 0.157 0.972 0.447 234.713 3 244.57 25.32 0 0.607
43670 1 6 10 0 0.062 0.207 0.311 0.779 0.489 250 0 250 0 0 1
43670 2 6 10 0 0.062 0.207 0.311 0.779 0.489 250 0 250 0 0 1
43670 3 6 10 0 0.062 0.207 0.311 0.779 0.489 250 0 250 0 0 1
43670 4 6 10 0 0.062 0.207 0.311 0.779 0.489 250 0 250 0 0 1
43670 5 6 10 0 0.062 0.207 0.311 0.779 0.489 250 0 250 0 0 1
43670 6 6 10 0 0.062 0.207 0.311 0.779 0.489 250 0 250 0 0 1
43670 7 6 10 0 0.062 0.207 0.311 0.779 0.489 250 0 250 0 0 1
43670 8 6 10 0 0.062 0.207 0.311 0.779 0.489 250 0 250 0 0 1
43670 9 6 10 0 0.062 0.207 0.311 0.779 0.489 250 0 250 0 0 1
43670 10 6 10 0 0.062 0.207 0.311 0.779 0.489 250 0 250 0 0 1
43670 1 6 10 0 0.014 0.095 0.418 0.805 0.565 250 0 250 0 0 1
43670 2 6 10 0 0.014 0.095 0.418 0.805 0.565 250 0 250 0 0 1
43670 3 6 10 0 0.014 0.095 0.418 0.805 0.565 250 0 250 0 0 1
43670 4 6 10 0 0.014 0.095 0.418 0.805 0.565 250 0 250 0 0 1
43670 5 6 10 0 0.014 0.095 0.418 0.805 0.565 250 0 250 0 0 1
43670 6 6 10 0 0.014 0.095 0.418 0.805 0.565 250 0 250 0 0 1
43670 7 6 10 0 0.014 0.095 0.418 0.805 0.565 250 0 250 0 0 1
43670 8 6 10 0 0.014 0.095 0.418 0.805 0.565 250 0 250 0 0 1
43670 9 6 10 0 0.014 0.095 0.418 0.805 0.565 250 0 250 0 0 1
43670 10 6 10 0 0.014 0.095 0.418 0.805 0.565 250 0 250 0 0 1
43670 1 6 10 0 0.003 0.148 0.326 0.899 0.721 250 0 250 0 0 1
43670 2 6 10 0 0.003 0.148 0.326 0.899 0.721 250 0 250 0 0 1
43670 3 6 10 0 0.003 0.148 0.326 0.899 0.721 250 0 250 0 0 1
43670 4 6 10 0 0.003 0.148 0.326 0.899 0.721 250 0 250 0 0 1
43670 5 6 10 0 0.003 0.148 0.326 0.899 0.721 250 0 250 0 0 1
43670 6 6 10 0 0.003 0.148 0.326 0.899 0.721 250 0 250 0 0 1
43670 7 6 10 0 0.003 0.148 0.326 0.899 0.721 250 0 250 0 0 1
43670 8 6 10 0 0.003 0.148 0.326 0.899 0.721 250 0 250 0 0 1
43670 9 6 10 0 0.003 0.148 0.326 0.899 0.721 250 0 250 0 0 1
43670 10 6 10 0 0.003 0.148 0.326 0.899 0.721 250 0 250 0 0 1
43670 1 6 10 0 0.026 0.387 0.19 0.984 0.844 250 0 250 0 0 1
43670 2 6 10 0 0.026 0.387 0.19 0.984 0.844 250 0 250 0 0 1
43670 3 6 10 0 0.026 0.387 0.19 0.984 0.844 250 0 250 0 0 1
43670 4 6 10 0 0.026 0.387 0.19 0.984 0.844 250 0 250 0 0 1
43670 5 6 10 0 0.026 0.387 0.19 0.984 0.844 250 0 250 0 0 1
43670 6 6 10 0 0.026 0.387 0.19 0.984 0.844 250 0 250 0 0 1
43670 7 6 10 0 0.026 0.387 0.19 0.984 0.844 250 0 250 0 0 1
43670 8 6 10 0 0.026 0.387 0.19 0.984 0.844 250 0 250 0 0 1
43670 9 6 10 0 0.026 0.387 0.19 0.984 0.844 250 0 250 0 0 1
43670 10 6 10 0 0.026 0.387 0.19 0.984 0.844 250 0 250 0 0 1
43670 1 6 10 0 0.071 0.159 0.025 0.961 0.952 250 0 250 0 0 1
43670 2 6 10 0 0.071 0.159 0.025 0.961 0.952 250 0 250 0 0 1
43670 3 6 10 0 0.071 0.159 0.025 0.961 0.952 250 0 250 0 0 1
43670 4 6 10 0 0.071 0.159 0.025 0.961 0.952 250 0 250 0 0 1
43670 5 6 10 0 0.071 0.159 0.025 0.961 0.952 250 0 250 0 0 1
43670 6 6 10 0 0.071 0.159 0.025 0.961 0.952 250 0 250 0 0 1
43670 7 6 10 0 0.071 0.159 0.025 0.961 0.952 250 0 250 0 0 1
43670 8 6 10 0 0.071 0.159 0.025 0.961 0.952 250 0 250 0 0 1
43670 9 6 10 0 0.071 0.159 0.025 0.961 0.952 250 0 250 0 0 1
43670 10 6 10 0 0.071 0.159 0.025 0.961 0.952 250 0 250 0 0 1
43670 1 6 10 0 0.094 0.406 0.383 0.954 0.046 236.427 36 246.597 1441.333 0 0
43670 2 6 10 0 0.094 0.406 0.383 0.954 0.046 235.288 29 245.464 1082.153 0 0
43670 3 6 10 0 0.094 0.406 0.383 0.954 0.046 232.83 37 245.5 1082.073 0 0
43670 4 6 10 0 0.094 0.406 0.383 0.954 0.046 239.488 28 246.004 1090.08 0 0
43670 5 6 10 0 0.094 0.406 0.383 0.954 0.046 236.902 36 245.892 1406.393 0 0
43670 6 6 10 0 0.094 0.406 0.383 0.954 0.046 236.438 36 246.234 1285.24 0 0
43670 7 6 10 0 0.094 0.406 0.383 0.954 0.046 234.169 48 244.537 1271.88 0 0
43670 8 6 10 0 0.094 0.406 0.383 0.954 0.046 236.417 35 246.801 1255.073 0 0
43670 9 6 10 0 0.094 0.406 0.383 0.954 0.046 232.772 36 244.975 1309.433 0 0
43670 10 6 10 0 0.094 0.406 0.383 0.954 0.046 237.097 21 246.173 1244.047 0 0
43670 1 6 10 0 0.071 0.453 0.186 0.826 0.966 250 0 250 0 0 1
43670 2 6 10 0 0.071 0.453 0.186 0.826 0.966 250 0 250 0 0 1
43670 3 6 10 0 0.071 0.453 0.186 0.826 0.966 250 0 250 0 0 1
43670 4 6 10 0 0.071 0.453 0.186 0.826 0.966 250 0 250 0 0 1
43670 5 6 10 0 0.071 0.453 0.186 0.826 0.966 250 1 250 1 0 1
43670 6 6 10 0 0.071 0.453 0.186 0.826 0.966 250 0 250 0 0 1
43670 7 6 10 0 0.071 0.453 0.186 0.826 0.966 250 0 250 0 0 1
43670 1 6 4 1 0.118 0.213 0.065 0.864 0.576 0 11 3.476 13.793 0.667 0
43670 2 6 4 1 0.118 0.213 0.065 0.864 0.576 155.236 17 169.035 30.5 0 0
43670 3 6 4 1 0.118 0.213 0.065 0.864 0.576 18.202 21 36 27.847 0 0
43670 4 6 4 1 0.118 0.213 0.065 0.864 0.576 26.232 10 56.607 16.267 0 0
43670 5 6 4 1 0.118 0.213 0.065 0.864 0.576 19.889 33 40.593 46.16 0 0
43670 6 6 4 1 0.118 0.213 0.065 0.864 0.576 26.702 28 38.937 37.9 0 0
43670 7 6 4 1 0.118 0.213 0.065 0.864 0.576 2.901 34 29.268 48.96 0.053 0
43670 8 6 4 1 0.118 0.213 0.065 0.864 0.576 23.545 29 44.359 39.86 0 0
43670 9 6 4 1 0.118 0.213 0.065 0.864 0.576 46.073 15 66.193 21.527 0 0
43670 10 6 4 1 0.118 0.213 0.065 0.864 0.576 0 15 0.034 16.807 1 0
43670 1 6 4 1 0.035 0.014 0.263 0.812 0.491 250 1 250 1 0 1
43670 2 6 4 1 0.035 0.014 0.263 0.812 0.491 250 0 250 0 0 1
43670 3 6 4 1 0.035 0.014 0.263 0.812 0.491 250 0 250 0 0 1
43670 4 6 4 1 0.035 0.014 0.263 0.812 0.491 250 0 250 0 0 1
43670 5 6 4 1 0.035 0.014 0.263 0.812 0.491 250 0 250 0.887 0 1
43670 6 6 4 1 0.035 0.014 0.263 0.812 0.491 250 0 250 0 0 1
43670 7 6 4 1 0.035 0.014 0.263 0.812 0.491 250 0 250 0 0 1
43670 8 6 4 1 0.035 0.014 0.263 0.812 0.491 250 0 250 0 0 1
43670 9 6 4 1 0.035 0.014 0.263 0.812 0.491 250 0 250 0 0 1
43670 10 6 4 1 0.035 0.014 0.263 0.812 0.491 250 0 250 0 0 1
43670 1 6 4 1 0.045 0.412 0.487 0.832 0.021 243.904 1545 248.336 1831.327 0 0
43670 2 6 4 1 0.045 0.412 0.487 0.832 0.021 244.02 1536 248.484 1865.027 0 0
43670 3 6 4 1 0.045 0.412 0.487 0.832 0.021 244.954 1508 248.398 1885.947 0 0
43670 4 6 4 1 0.045 0.412 0.487 0.832 0.021 246.177 1725 248.791 1943.3 0 0
43670 5 6 4 1 0.045 0.412 0.487 0.832 0.021 245.771 1352 248.401 1794.433 0 0
43670 6 6 4 1 0.045 0.412 0.487 0.832 0.021 245.491 1326 248.418 1807.34 0 0
43670 7 6 4 1 0.045 0.412 0.487 0.832 0.021 245.829 1570 248.604 1840.093 0 0
43670 8 6 4 1 0.045 0.412 0.487 0.832 0.021 245.887 1562 248.56 1941.807 0 0
43670 9 6 4 1 0.045 0.412 0.487 0.832 0.021 243.985 1577 248.39 1898.667 0 0
43670 10 6 4 1 0.045 0.412 0.487 0.832 0.021 244.77 1480 248.501 1876.833 0 0
43670 1 6 4 1 0.105 0.05 0.452 0.895 0.877 250 0 250 0 0 1
43670 2 6 4 1 0.105 0.05 0.452 0.895 0.877 250 0 250 0 0 1
43670 3 6 4 1 0.105 0.05 0.452 0.895 0.877 250 0 250 0 0 1
43670 4 6 4 1 0.105 0.05 0.452 0.895 0.877 250 0 250 0 0 1
43670 5 6 4 1 0.105 0.05 0.452 0.895 0.877 250 0 250 0 0 1
43670 6 6 4 1 0.105 0.05 0.452 0.895 0.877 250 0 250 0 0 1
43670 7 6 4 1 0.105 0.05 0.452 0.895 0.877 250 0 250 0 0 1
43670 8 6 4 1 0.105 0.05 0.452 0.895 0.877 250 0 250 0 0 1
43670 9 6 4 1 0.105 0.05 0.452 0.895 0.877 250 0 250 0 0 1
43670 10 6 4 1 0.105 0.05 0.452 0.895 0.877 249.974 0 250 0 0 1
43670 1 6 4 1 0.089 0.276 0.242 0.895 0.072 244.504 1569 248.039 1882.133 0 0
43670 2 6 4 1 0.089 0.276 0.242 0.895 0.072 244.279 1523 247.785 1803.027 0 0
43670 3 6 4 1 0.089 0.276 0.242 0.895 0.072 245.826 1576 248.578 1805.56 0 0
43670 4 6 4 1 0.089 0.276 0.242 0.895 0.072 242.653 1404 247.593 1696.547 0 0
43670 5 6 4 1 0.089 0.276 0.242 0.895 0.072 245.352 1431 248.204 1734.86 0 0
43670 6 6 4 1 0.089 0.276 0.242 0.895 0.072 245.757 1379 248.561 1738.233 0 0
43670 7 6 4 1 0.089 0.276 0.242 0.895 0.072 245.571 1433 248.131 1736.973 0 0
43670 8 6 4 1 0.089 0.276 0.242 0.895 0.072 244.716 1509 248.52 1809.6 0 0
43670 9 6 4 1 0.089 0.276 0.242 0.895 0.072 243.7 1442 247.854 1699.593 0 0
43670 10 6 4 1 0.089 0.276 0.242 0.895 0.072 244.348 1460 248.251 1776.667 0 0
43670 1 6 4 1 0.067 0.445 0.097 0.833 0.573 17.046 199 23.491 224.48 0 0
43670 2 6 4 1 0.067 0.445 0.097 0.833 0.573 13.885 193 18.171 232.773 0 0
43670 3 6 4 1 0.067 0.445 0.097 0.833 0.573 5.087 88 8.328 129.34 0 0
43670 4 6 4 1 0.067 0.445 0.097 0.833 0.573 26.185 220 37.601 272.093 0 0
43670 5 6 4 1 0.067 0.445 0.097 0.833 0.573 40.32 204 67.917 266.647 0 0
43670 6 6 4 1 0.067 0.445 0.097 0.833 0.573 13.249 107 18.02 166.253 0 0
43670 7 6 4 1 0.067 0.445 0.097 0.833 0.573 0.1 89 2.821 115.9 0.813 0
43670 8 6 4 1 0.067 0.445 0.097 0.833 0.573 9.868 155 12.324 187.733 0 0
43670 9 6 4 1 0.067 0.445 0.097 0.833 0.573 17.895 191 25.309 238.74 0 0
43670 10 6 4 1 0.067 0.445 0.097 0.833 0.573 57.272 194 62.881 240.907 0 0
43670 1 6 4 1 0.014 0.406 0.42 0.969 0.198 176.78 283 187.228 575.307 0 0
43670 2 6 4 1 0.014 0.406 0.42 0.969 0.198 189.314 219 198.734 553.287 0 0
43670 3 6 4 1 0.014 0.406 0.42 0.969 0.198 189.353 365 202.506 575.1 0 0
43670 4 6 4 1 0.014 0.406 0.42 0.969 0.198 177.747 386 187.982 551.567 0 0
43670 5 6 4 1 0.014 0.406 0.42 0.969 0.198 196.391 364 209.903 602.107 0 0
43670 6 6 4 1 0.014 0.406 0.42 0.969 0.198 195.943 182 203.439 580.513 0 0
43670 7 6 4 1 0.014 0.406 0.42 0.969 0.198 196.622 354 201.14 584.327 0 0
43670 8 6 4 1 0.014 0.406 0.42 0.969 0.198 196.882 373 205.463 608.813 0 0
43670 9 6 4 1 0.014 0.406 0.42 0.969 0.198 191.86 303 205.601 573.42 0 0
43670 1 6 4 1 0.07 0.415 0.153 0.783 0.175 245.593 1455 248.106 1766.087 0 0
43670 2 6 4 1 0.07 0.415 0.153 0.783 0.175 245.198 1427 248.138 1703.733 0 0
43670 3 6 4 1 0.07 0.415 0.153 0.783 0.175 245.796 1506 248.311 1841.387 0 0
43670 4 6 4 1 0.07 0.415 0.153 0.783 0.175 244.662 1659 248.593 1839.233 0 0
43670 5 6 4 1 0.07 0.415 0.153 0.783 0.175 242.493 1506 247.918 1782.233 0 0
43670 6 6 4 1 0.07 0.415 0.153 0.783 0.175 246.4 1519 248.471 1861.207 0 0
43670 7 6 4 1 0.07 0.415 0.153 0.783 0.175 245.95 1460 248.54 1785.787 0 0
43670 8 6 4 1 0.07 0.415 0.153 0.783 0.175 243.504 1583 248.598 1885.613 0 0
43670 9 6 4 1 0.07 0.415 0.153 0.783 0.175 244.988 1520 248.357 1765.8 0 0
43670 10 6 4 1 0.07 0.415 0.153 0.783 0.175 244.428 1508 247.982 1799.12 0 0
43670 1 6 4 1 0.021 0.025 0.473 0.807 0.639 250 1 250 1 0 1
43670 2 6 4 1 0.021 0.025 0.473 0.807 0.639 250 0 250 0 0 1
43670 3 6 4 1 0.021 0.025 0.473 0.807 0.639 250 0 250 0.073 0 1
43670 4 6 4 1 0.021 0.025 0.473 0.807 0.639 250 0 250 0 0 1
43670 5 6 4 1 0.021 0.025 0.473 0.807 0.639 250 1 250 1.233 0 1
43670 6 6 4 1 0.021 0.025 0.473 0.807 0.639 250 0 250 0 0 1
43670 7 6 4 1 0.021 0.025 0.473 0.807 0.639 250 0 250 0 0 1
43670 8 6 4 1 0.021 0.025 0.473 0.807 0.639 250 0 250 0 0 1
43670 9 6 4 1 0.021 0.025 0.473 0.807 0.639 250 0 250 0 0 1
43670 10 6 4 1 0.021 0.025 0.473 0.807 0.639 250 0 250 0 0 1
43670 1 6 4 1 0.059 0.079 0.22 0.973 0.759 249.759 0 249.998 0.02 0 1
43670 2 6 4 1 0.059 0.079 0.22 0.973 0.759 250 0 250 0 0 1
43670 3 6 4 1 0.059 0.079 0.22 0.973 0.759 250 0 250 0 0 1
43670 4 6 4 1 0.059 0.079 0.22 0.973 0.759 250 0 250 0 0 1
43670 5 6 4 1 0.059 0.079 0.22 0.973 0.759 250 0 250 0 0 1
43670 6 6 4 1 0.059 0.079 0.22 0.973 0.759 250 0 250 0 0 1
43670 7 6 4 1 0.059 0.079 0.22 0.973 0.759 250 0 250 0 0 1
43670 8 6 4 1 0.059 0.079 0.22 0.973 0.759 250 0 250 0 0 1
43670 9 6 4 1 0.059 0.079 0.22 0.973 0.759 250 0 250 0 0 1
43670 10 6 4 1 0.059 0.079 0.22 0.973 0.759 250 1 250 1 0 1
43670 1 6 4 1 0.119 0.104 0.497 0.782 0.979 250 1 250 1 0 1
43670 2 6 4 1 0.119 0.104 0.497 0.782 0.979 250 0 250 0 0 1
43670 3 6 4 1 0.119 0.104 0.497 0.782 0.979 250 1 250 1 0 1
43670 4 6 4 1 0.119 0.104 0.497 0.782 0.979 250 0 250 0 0 1
43670 5 6 4 1 0.119 0.104 0.497 0.782 0.979 250 0 250 0 0 1
43670 6 6 4 1 0.119 0.104 0.497 0.782 0.979 250 0 250 0 0 1
43670 7 6 4 1 0.119 0.104 0.497 0.782 0.979 250 0 250 0 0 1
43670 8 6 4 1 0.119 0.104 0.497 0.782 0.979 250 1 250 1 0 1
43670 9 6 4 1 0.119 0.104 0.497 0.782 0.979 250 0 250 0 0 1
43670 10 6 4 1 0.119 0.104 0.497 0.782 0.979 250 0 250 0 0 1
43670 1 6 4 1 0.084 0.293 0.086 0.914 0.524 198.093 101 218.259 185.167 0 0
43670 2 6 4 1 0.084 0.293 0.086 0.914 0.524 126.072 195 131.252 273.72 0 0
43670 3 6 4 1 0.084 0.293 0.086 0.914 0.524 234.301 142 242.732 243.92 0 0
43670 4 6 4 1 0.084 0.293 0.086 0.914 0.524 198.947 129 226.639 229.04 0 0
43670 5 6 4 1 0.084 0.293 0.086 0.914 0.524 216.193 99 226.918 195.627 0 0
43670 6 6 4 1 0.084 0.293 0.086 0.914 0.524 227.653 146 236.693 242.12 0 0
43670 7 6 4 1 0.084 0.293 0.086 0.914 0.524 230.971 118 240.051 218.773 0 0
43670 8 6 4 1 0.084 0.293 0.086 0.914 0.524 228.262 129 237.367 232.787 0 0
43670 9 6 4 1 0.084 0.293 0.086 0.914 0.524 232.801 139 240.971 237.973 0 0
43670 10 6 4 1 0.084 0.293 0.086 0.914 0.524 127.505 143 147.184 207.393 0 0
43670 1 6 4 1 0.072 0.362 0.179 0.821 0.678 249.633 1 249.995 1 0 1
43670 2 6 4 1 0.072 0.362 0.179 0.821 0.678 249.748 0 249.998 0 0 1
43670 3 6 4 1 0.072 0.362 0.179 0.821 0.678 249.154 0 249.973 0 0 1
43670 4 6 4 1 0.072 0.362 0.179 0.821 0.678 249.522 0 249.995 0.947 0 1
43670 5 6 4 1 0.072 0.362 0.179 0.821 0.678 249.736 0 249.997 0 0 1
43670 6 6 4 1 0.072 0.362 0.179 0.821 0.678 250 1 250 1 0 1
43670 7 6 4 1 0.072 0.362 0.179 0.821 0.678 249.698 0 249.994 0 0 1
43670 8 6 4 1 0.072 0.362 0.179 0.821 0.678 249.523 0 249.987 0 0 1
43670 9 6 4 1 0.072 0.362 0.179 0.821 0.678 249.921 0 249.999 0 0 1
43670 10 6 4 1 0.072 0.362 0.179 0.821 0.678 249.448 0 249.988 0 0 1
43670 1 6 4 1 0.038 0.479 0.298 0.974 0.355 62.203 165 67.692 339.707 0 0
43670 2 6 4 1 0.038 0.479 0.298 0.974 0.355 56.004 166 61.687 350.933 0 0
43670 1 6 5 1 0.069 0.401 0.002 0.926 0.175 248.811 6216 249.937 7100.447 0 0
43670 2 6 5 1 0.069 0.401 0.002 0.926 0.175 248.605 4958 249.898 6053.467 0 0
43670 3 6 5 1 0.069 0.401 0.002 0.926 0.175 249.215 5516 249.91 6095.513 0 0
43670 4 6 5 1 0.069 0.401 0.002 0.926 0.175 248.681 5107 249.848 5784.367 0 0
43670 5 6 5 1 0.069 0.401 0.002 0.926 0.175 249.074 4981 249.873 5773.66 0 0
43670 6 6 5 1 0.069 0.401 0.002 0.926 0.175 249.393 5650 249.923 6549.533 0 0
43670 7 6 5 1 0.069 0.401 0.002 0.926 0.175 249.338 5214 249.896 6206.293 0 0
43670 8 6 5 1 0.069 0.401 0.002 0.926 0.175 249.215 5361 249.881 5814.86 0 0
43670 9 6 5 1 0.069 0.401 0.002 0.926 0.175 249.377 5689 249.937 6445.933 0 0
43670 10 6 5 1 0.069 0.401 0.002 0.926 0.175 248.982 4895 249.884 5493.773 0 0
43670 1 6 5 1 0.068 0.49 0.005 0.935 0.855 249.686 1 249.998 1 0 1
43670 2 6 5 1 0.068 0.49 0.005 0.935 0.855 250 1 250 1 0 1
43670 3 6 5 1 0.068 0.49 0.005 0.935 0.855 250 0 250 0 0 1
43670 4 6 5 1 0.068 0.49 0.005 0.935 0.855 250 0 250 0 0 1
43670 5 6 5 1 0.068 0.49 0.005 0.935 0.855 250 2 250 2 0 1
43670 6 6 5 1 0.068 0.49 0.005 0.935 0.855 250 0 250 0.347 0 1
43670 7 6 5 1 0.068 0.49 0.005 0.935 0.855 250 1 250 1 0 1
43670 8 6 5 1 0.068 0.49 0.005 0.935 0.855 250 0 250 0 0 1
43670 9 6 5 1 0.068 0.49 0.005 0.935 0.855 136.623 0 143.318 0 0 1
43670 10 6 5 1 0.068 0.49 0.005 0.935 0.855 249.686 0 249.998 0 0 1
43670 1 6 5 1 0.062 0.222 0.085 0.821 0.19 244.167 1623 247.858 1894.647 0 0
43670 2 6 5 1 0.062 0.222 0.085 0.821 0.19 242.294 1524 248.425 1768.253 0 0
43670 3 6 5 1 0.062 0.222 0.085 0.821 0.19 244.823 1414 248.081 1778.653 0 0
43670 4 6 5 1 0.062 0.222 0.085 0.821 0.19 243.777 1444 247.574 1703.813 0 0
43670 5 6 5 1 0.062 0.222 0.085 0.821 0.19 245.705 1513 248.284 1785.653 0 0
43670 6 6 5 1 0.062 0.222 0.085 0.821 0.19 245.244 1539 248.319 1752.353 0 0
43670 7 6 5 1 0.062 0.222 0.085 0.821 0.19 246.572 1592 248.537 1824.76 0 0
43670 8 6 5 1 0.062 0.222 0.085 0.821 0.19 246.145 1608 248.466 1859.973 0 0
43670 9 6 5 1 0.062 0.222 0.085 0.821 0.19 244.331 1436 247.443 1724.04 0 0
43670 10 6 5 1 0.062 0.222 0.085 0.821 0.19 245.017 1701 248.444 1897.14 0 0
43670 1 6 5 1 0.036 0.29 0.43 0.776 0.877 250 0 250 0 0 1
43670 2 6 5 1 0.036 0.29 0.43 0.776 0.877 250 0 250 0 0 1
43670 3 6 5 1 0.036 0.29 0.43 0.776 0.877 250 1 250 1 0 1
43670 4 6 5 1 0.036 0.29 0.43 0.776 0.877 250 0 250 0 0 1
43670 5 6 5 1 0.036 0.29 0.43 0.776 0.877 250 1 250 1 0 1
43670 6 6 5 1 0.036 0.29 0.43 0.776 0.877 250 0 250 0.127 0 1
43670 7 6 5 1 0.036 0.29 0.43 0.776 0.877 250 1 250 1 0 1
43670 8 6 5 1 0.036 0.29 0.43 0.776 0.877 250 0 250 0 0 1
43670 9 6 5 1 0.036 0.29 0.43 0.776 0.877 250 1 250 1 0 1
43670 10 6 5 1 0.036 0.29 0.43 0.776 0.877 250 1 250 1 0 1
43670 1 6 5 1 0.013 0.456 0.008 0.94 0.02 249.082 5257 249.914 6220.7 0 0
43670 2 6 5 1 0.013 0.456 0.008 0.94 0.02 249.217 5367 249.904 6022.587 0 0
43670 3 6 5 1 0.013 0.456 0.008 0.94 0.02 248.991 5750 249.894 6424.413 0 0
43670 4 6 5 1 0.013 0.456 0.008 0.94 0.02 248.996 5062 249.85 5503.627 0 0
43670 5 6 5 1 0.013 0.456 0.008 0.94 0.02 249.148 4931 249.879 5721.147 0 0
43670 6 6 5 1 0.013 0.456 0.008 0.94 0.02 249.186 5805 249.902 6428.513 0 0
43670 7 6 5 1 0.013 0.456 0.008 0.94 0.02 249.114 5943 249.929 6485.4 0 0
43670 8 6 5 1 0.013 0.456 0.008 0.94 0.02 248.824 5691 249.888 6251.5 0 0
43670 9 6 5 1 0.013 0.456 0.008 0.94 0.02 249.384 5873 249.944 6453.793 0 0
43670 10 6 5 1 0.013 0.456 0.008 0.94 0.02 249.002 5376 249.907 6101.52 0 0
43670 1 6 5 1 0.107 0.435 0.47 0.94 0.52 250 0 250 0 0 1
43670 2 6 5 1 0.107 0.435 0.47 0.94 0.52 250 0 250 0 0 1
43670 3 6 5 1 0.107 0.435 0.47 0.94 0.52 250 0 250 0 0 1
43670 4 6 5 1 0.107 0.435 0.47 0.94 0.52 250 0 250 0 0 1
43670 5 6 5 1 0.107 0.435 0.47 0.94 0.52 250 0 250 0 0 1
43670 6 6 5 1 0.107 0.435 0.47 0.94 0.52 250 0 250 0 0 1
43670 7 6 5 1 0.107 0.435 0.47 0.94 0.52 250 0 250 0 0 1
43670 8 6 5 1 0.107 0.435 0.47 0.94 0.52 250 0 250 0 0 1
43670 9 6 5 1 0.107 0.435 0.47 0.94 0.52 250 0 250 0 0 1
43670 10 6 5 1 0.107 0.435 0.47 0.94 0.52 250 0 250 0 0 1
43670 1 6 5 1 0.112 0.136 0.378 0.986 0.232 249.44 0 249.992 0 0 1
43670 2 6 5 1 0.112 0.136 0.378 0.986 0.232 249.59 1 249.996 1 0 1
43670 1 6 8 1 0.058 0.183 0.469 0.798 0.582 250 0 250 0 0 1
43670 2 6 8 1 0.058 0.183 0.469 0.798 0.582 250 0 250 0 0 1
43670 3 6 8 1 0.058 0.183 0.469 0.798 0.582 250 0 250 0 0 1
43670 4 6 8 1 0.058 0.183 0.469 0.798 0.582 250 0 250 0 0 1
43670 5 6 8 1 0.058 0.183 0.469 0.798 0.582 250 1 250 1 0 1
43670 6 6 8 1 0.058 0.183 0.469 0.798 0.582 250 0 250 0.067 0 1
43670 7 6 8 1 0.058 0.183 0.469 0.798 0.582 250 0 250 0 0 1
43670 8 6 8 1 0.058 0.183 0.469 0.798 0.582 250 0 250 0 0 1
43670 9 6 8 1 0.058 0.183 0.469 0.798 0.582 250 0 250 0 0 1
43670 10 6 8 1 0.058 0.183 0.469 0.798 0.582 250 0 250 0 0 1
43670 1 6 8 1 0.093 0.499 0.38 0.998 0.878 250 0 250 0 0 1
43670 2 6 8 1 0.093 0.499 0.38 0.998 0.878 250 0 250 0 0 1
43670 3 6 8 1 0.093 0.499 0.38 0.998 0.878 250 0 250 0 0 1
43670 4 6 8 1 0.093 0.499 0.38 0.998 0.878 250 0 250 0 0 1
43670 5 6 8 1 0.093 0.499 0.38 0.998 0.878 250 1 250 1 0 1
43670 6 6 8 1 0.093 0.499 0.38 0.998 0.878 250 0 250 0 0 1
43670 7 6 8 1 0.093 0.499 0.38 0.998 0.878 250 0 250 0 0 1
43670 8 6 8 1 0.093 0.499 0.38 0.998 0.878 250 0 250 0 0 1
43670 9 6 8 1 0.093 0.499 0.38 0.998 0.878 250 0 250 0 0 1
43670 10 6 8 1 0.093 0.499 0.38 0.998 0.878 250 1 250 1 0 1
43670 1 6 8 1 0.111 0.224 0.193 0.848 0.597 250 1 250 1 0 1
43670 2 6 8 1 0.111 0.224 0.193 0.848 0.597 250 0 250 0 0 1
43670 3 6 8 1 0.111 0.224 0.193 0.848 0.597 250 0 250 0 0 1
43670 4 6 8 1 0.111 0.224 0.193 0.848 0.597 250 0 250 0 0 1
43670 5 6 8 1 0.111 0.224 0.193 0.848 0.597 250 1 250 1 0 1
43670 6 6 8 1 0.111 0.224 0.193 0.848 0.597 250 0 250 0 0 1
43670 7 6 8 1 0.111 0.224 0.193 0.848 0.597 250 0 250 0 0 1
43670 8 6 8 1 0.111 0.224 0.193 0.848 0.597 250 0 250 0 0 1
43670 9 6 8 1 0.111 0.224 0.193 0.848 0.597 250 0 250 0 0 1
43670 10 6 8 1 0.111 0.224 0.193 0.848 0.597 250 0 250 0 0 1
43670 1 6 8 1 0.079 0.446 0.363 0.884 0.955 250 0 250 0 0 1
43670 2 6 8 1 0.079 0.446 0.363 0.884 0.955 250 0 250 0 0 1
43670 3 6 8 1 0.079 0.446 0.363 0.884 0.955 250 0 250 0 0 1
43670 4 6 8 1 0.079 0.446 0.363 0.884 0.955 250 0 250 0 0 1
43670 5 6 8 1 0.079 0.446 0.363 0.884 0.955 250 0 250 0 0 1
43670 6 6 8 1 0.079 0.446 0.363 0.884 0.955 250 0 250 0 0 1
43670 7 6 8 1 0.079 0.446 0.363 0.884 0.955 250 0 250 0 0 1
43670 8 6 8 1 0.079 0.446 0.363 0.884 0.955 250 0 250 0 0 1
43670 9 6 8 1 0.079 0.446 0.363 0.884 0.955 250 0 250 0 0 1
43670 10 6 8 1 0.079 0.446 0.363 0.884 0.955 250 0 250 0 0 1
43670 1 6 8 1 0.032 0.47 0.259 0.769 0.275 228.673 397 238.809 886.6 0 0
43670 2 6 8 1 0.032 0.47 0.259 0.769 0.275 231.457 403 239.028 860.673 0 0
43670 3 6 8 1 0.032 0.47 0.259 0.769 0.275 233.6 312 241.565 908.94 0 0
43670 4 6 8 1 0.032 0.47 0.259 0.769 0.275 226.559 285 234.236 865.52 0 0
43670 5 6 8 1 0.032 0.47 0.259 0.769 0.275 224.81 420 235.787 835.907 0 0
43670 6 6 8 1 0.032 0.47 0.259 0.769 0.275 228.288 277 237.812 846.793 0 0
43670 7 6 8 1 0.032 0.47 0.259 0.769 0.275 230.633 262 238.558 845.42 0 0
43670 8 6 8 1 0.032 0.47 0.259 0.769 0.275 227.304 368 236.505 863.713 0 0
43670 9 6 8 1 0.032 0.47 0.259 0.769 0.275 225.654 307 237.01 831.853 0 0
43670 10 6 8 1 0.032 0.47 0.259 0.769 0.275 229.925 407 240.928 921.36 0 0
43670 1 6 8 1 0.073 0.332 0.154 0.996 0.473 238.031 80 245.26 175.473 0 0
43670 2 6 8 1 0.073 0.332 0.154 0.996 0.473 239.695 109 245.709 212.893 0 0
43670 3 6 8 1 0.073 0.332 0.154 0.996 0.473 239.072 127 246.347 237.88 0 0
43670 4 6 8 1 0.073 0.332 0.154 0.996 0.473 237.239 81 245.126 182.473 0 0
43670 5 6 8 1 0.073 0.332 0.154 0.996 0.473 238.368 117 245.499 217.827 0 0
43670 6 6 8 1 0.073 0.332 0.154 0.996 0.473 240.091 101 246.889 223.667 0 0
43670 7 6 8 1 0.073 0.332 0.154 0.996 0.473 238.128 100 245.788 200.64 0 0
43670 8 6 8 1 0.073 0.332 0.154 0.996 0.473 240.531 103 246.527 199.84 0 0
43670 9 6 8 1 0.073 0.332 0.154 0.996 0.473 238.918 128 245.41 235.813 0 0
43670 10 6 8 1 0.073 0.332 0.154 0.996 0.473 237.596 114 244.543 208.48 0 0
43670 1 6 8 1 0.105 0.238 0.182 0.754 0.72 250 0 250 0 0 1
43670 2 6 8 1 0.105 0.238 0.182 0.754 0.72 250 0 250 0 0 1
43670 3 6 8 1 0.105 0.238 0.182 0.754 0.72 250 0 250 0 0 1
43670 4 6 8 1 0.105 0.238 0.182 0.754 0.72 250 0 250 0 0 1
43670 5 6 8 1 0.105 0.238 0.182 0.754 0.72 250 0 250 0 0 1
43670 6 6 8 1 0.105 0.238 0.182 0.754 0.72 250 0 250 0 0 1
43670 7 6 8 1 0.105 0.238 0.182 0.754 0.72 250 0 250 0 0 1
43670 8 6 8 1 0.105 0.238 0.182 0.754 0.72 250 0 250 0 0 1
43670 9 6 8 1 0.105 0.238 0.182 0.754 0.72 250 0 250 0 0 1
43670 1 6 5 0 0.061 0.307 0.045 0.763 0.271 226.272 50 243.005 1410.213 0 0
43670 2 6 5 0 0.061 0.307 0.045 0.763 0.271 221.798 59 241.676 1586.227 0 0
43670 3 6 5 0 0.061 0.307 0.045 0.763 0.271 226.852 50 243.163 1287.147 0 0
43670 4 6 5 0 0.061 0.307 0.045 0.763 0.271 230.451 57 245.683 1657.88 0 0
43670 5 6 5 0 0.061 0.307 0.045 0.763 0.271 232.291 60 243.027 1445.253 0 0
43670 6 6 5 0 0.061 0.307 0.045 0.763 0.271 231.7 109 243.401 1442.973 0 0
43670 7 6 5 0 0.061 0.307 0.045 0.763 0.271 227.696 62 243.728 1463.947 0 0
43670 8 6 5 0 0.061 0.307 0.045 0.763 0.271 230.249 50 244.147 1547.707 0 0
43670 9 6 5 0 0.061 0.307 0.045 0.763 0.271 231.298 49 242.816 1346.413 0 0
43670 10 6 5 0 0.061 0.307 0.045 0.763 0.271 233.207 63 243.592 1680.66 0 0
43670 1 6 5 0 0.031 0.32 0.349 0.96 0.67 250 0 250 0 0 1
43670 2 6 5 0 0.031 0.32 0.349 0.96 0.67 250 0 250 0 0 1
43670 3 6 5 0 0.031 0.32 0.349 0.96 0.67 250 0 250 0 0 1
43670 4 6 5 0 0.031 0.32 0.349 0.96 0.67 250 1 250 1 0 1
43670 5 6 5 0 0.031 0.32 0.349 0.96 0.67 250 0 250 0 0 1
43670 6 6 5 0 0.031 0.32 0.349 0.96 0.67 250 0 250 0 0 1
43670 7 6 5 0 0.031 0.32 0.349 0.96 0.67 250 0 250 0 0 1
43670 8 6 5 0 0.031 0.32 0.349 0.96 0.67 250 0 250 0 0 1
43670 9 6 5 0 0.031 0.32 0.349 0.96 0.67 250 0 250 0 0 1
43670 10 6 5 0 0.031 0.32 0.349 0.96 0.67 250 0 250 0 0 1
43670 1 6 5 0 0.114 0.234 0.016 0.824 0.647 250 0 250 0.667 0 1
43670 2 6 5 0 0.114 0.234 0.016 0.824 0.647 250 0 250 0.653 0 1
43670 3 6 5 0 0.114 0.234 0.016 0.824 0.647 250 1 250 1 0 1
43670 4 6 5 0 0.114 0.234 0.016 0.824 0.647 250 0 250 0 0 1
43670 5 6 5 0 0.114 0.234 0.016 0.824 0.647 250 0 250 0 0 1
43670 6 6 5 0 0.114 0.234 0.016 0.824 0.647 250 0 250 0 0 1
43670 7 6 5 0 0.114 0.234 0.016 0.824 0.647 250 0 250 0 0 1
43670 8 6 5 0 0.114 0.234 0.016 0.824 0.647 250 0 250 0 0 1
43670 9 6 5 0 0.114 0.234 0.016 0.824 0.647 250 0 250 0 0 1
43670 10 6 5 0 0.114 0.234 0.016 0.824 0.647 250 0 250 0 0 1
43670 1 6 5 0 0.011 0.159 0.083 0.83 0.223 236.346 68 246.387 968.067 0 0
43670 2 6 5 0 0.011 0.159 0.083 0.83 0.223 236.517 63 246.732 936.54 0 0
43670 3 6 5 0 0.011 0.159 0.083 0.83 0.223 236.804 58 245.601 911.347 0 0
43670 4 6 5 0 0.011 0.159 0.083 0.83 0.223 238.209 55 245.284 901.393 0 0
43670 5 6 5 0 0.011 0.159 0.083 0.83 0.223 233.795 70 246.121 988.9 0 0
43670 6 6 5 0 0.011 0.159 0.083 0.83 0.223 236.43 66 245.911 809.413 0 0
43670 7 6 5 0 0.011 0.159 0.083 0.83 0.223 237.437 68 246.598 927.3 0 0
43670 8 6 5 0 0.011 0.159 0.083 0.83 0.223 236.45 68 245.804 1021.887 0 0
43670 9 6 5 0 0.011 0.159 0.083 0.83 0.223 236.583 53 245.558 801 0 0
43670 10 6 5 0 0.011 0.159 0.083 0.83 0.223 234.439 68 246.062 983.693 0 0
43670 1 6 5 0 0.095 0.337 0.426 0.937 0.996 250 0 250 0 0 1
43670 2 6 5 0 0.095 0.337 0.426 0.937 0.996 250 0 250 0 0 1
43670 3 6 5 0 0.095 0.337 0.426 0.937 0.996 250 1 250 1 0 1
43670 4 6 5 0 0.095 0.337 0.426 0.937 0.996 250 0 250 0 0 1
43670 5 6 5 0 0.095 0.337 0.426 0.937 0.996 250 0 250 0 0 1
43670 6 6 5 0 0.095 0.337 0.426 0.937 0.996 250 0 250 0 0 1
43670 7 6 5 0 0.095 0.337 0.426 0.937 0.996 249.838 0 249.999 0 0 1
43670 8 6 5 0 0.095 0.337 0.426 0.937 0.996 250 0 250 0 0 1
43670 9 6 5 0 0.095 0.337 0.426 0.937 0.996 250 0 250 0 0 1
43670 10 6 5 0 0.095 0.337 0.426 0.937 0.996 250 0 250 0 0 1
43670 1 6 5 0 0.092 0.233 0.449 0.821 0.414 250 0 250 0 0 1
43670 2 6 5 0 0.092 0.233 0.449 0.821 0.414 250 0 250 0 0 1
43670 3 6 5 0 0.092 0.233 0.449 0.821 0.414 250 0 250 0 0 1
43670 4 6 5 0 0.092 0.233 0.449 0.821 0.414 250 0 250 0 0 1
43670 5 6 5 0 0.092 0.233 0.449 0.821 0.414 250 0 250 0 0 1
43670 6 6 5 0 0.092 0.233 0.449 0.821 0.414 250 0 250 0 0 1
43670 7 6 5 0 0.092 0.233 0.449 0.821 0.414 249.956 0 250 0 0 1
43670 8 6 5 0 0.092 0.233 0.449 0.821 0.414 250 1 250 1 0 1
43670 9 6 5 0 0.092 0.233 0.449 0.821 0.414 250 0 250 0 0 1
43670 10 6 5 0 0.092 0.233 0.449 0.821 0.414 250 0 250 0 0 1
43670 1 6 5 0 0.083 0.475 0.308 0.948 0.604 250 0 250 0 0 1
43670 2 6 5 0 0.083 0.475 0.308 0.948 0.604 250 0 250 0 0 1
43670 3 6 5 0 0.083 0.475 0.308 0.948 0.604 250 0 250 0 0 1
43670 4 6 5 0 0.083 0.475 0.308 0.948 0.604 250 0 250 0 0 1
43670 5 6 5 0 0.083 0.475 0.308 0.948 0.604 250 0 250 0 0 1
43670 6 6 5 0 0.083 0.475 0.308 0.948 0.604 250 0 250 0 0 1
43670 7 6 5 0 0.083 0.475 0.308 0.948 0.604 250 0 250 0 0 1
43670 8 6 5 0 0.083 0.475 0.308 0.948 0.604 250 0 250 0 0 1
43670 9 6 5 0 0.083 0.475 0.308 0.948 0.604 250 0 250 0 0 1
43670 10 6 5 0 0.083 0.475 0.308 0.948 0.604 250 0 250 0 0 1
43670 1 6 5 0 0.07 0.252 0.052 0.948 0.907 250 0 250 0 0 1
43670 2 6 5 0 0.07 0.252 0.052 0.948 0.907 250 0 250 0 0 1
43670 3 6 5 0 0.07 0.252 0.052 0.948 0.907 250 0 250 0 0 1
43670 4 6 5 0 0.07 0.252 0.052 0.948 0.907 250 0 250 0 0 1
43670 5 6 5 0 0.07 0.252 0.052 0.948 0.907 250 0 250 0 0 1
43670 6 6 5 0 0.07 0.252 0.052 0.948 0.907 250 1 250 1 0 1
43670 1 6 8 0 0.044 0.036 0.337 0.764 0.42 250 0 250 0 0 1
43670 2 6 8 0 0.044 0.036 0.337 0.764 0.42 250 0 250 0 0 1
43670 3 6 8 0 0.044 0.036 0.337 0.764 0.42 250 0 250 0 0 1
43670 4 6 8 0 0.044 0.036 0.337 0.764 0.42 250 0 250 0 0 1
43670 5 6 8 0 0.044 0.036 0.337 0.764 0.42 250 0 250 0 0 1
43670 6 6 8 0 0.044 0.036 0.337 0.764 0.42 250 0 250 0 0 1
43670 7 6 8 0 0.044 0.036 0.337 0.764 0.42 250 0 250 0 0 1
43670 8 6 8 0 0.044 0.036 0.337 0.764 0.42 250 0 250 0 0 1
43670 9 6 8 0 0.044 0.036 0.337 0.764 0.42 250 0 250 0 0 1
43670 10 6 8 0 0.044 0.036 0.337 0.764 0.42 250 0 250 0 0 1
43670 1 6 8 0 0.026 0.139 0.083 0.832 0.222 237.833 56 245.933 786.067 0 0
43670 2 6 8 0 0.026 0.139 0.083 0.832 0.222 236.709 53 246.984 831.613 0 0
43670 3 6 8 0 0.026 0.139 0.083 0.832 0.222 234.697 50 247.128 824.14 0 0
43670 4 6 8 0 0.026 0.139 0.083 0.832 0.222 236.44 30 246.577 753.513 0 0
43670 5 6 8 0 0.026 0.139 0.083 0.832 0.222 238.863 52 246.91 755.447 0 0
43670 6 6 8 0 0.026 0.139 0.083 0.832 0.222 236.229 51 246.378 720.5 0 0
43670 7 6 8 0 0.026 0.139 0.083 0.832 0.222 237.331 38 246.258 836.8 0 0
43670 8 6 8 0 0.026 0.139 0.083 0.832 0.222 236.016 44 245.791 917.467 0 0
43670 9 6 8 0 0.026 0.139 0.083 0.832 0.222 229.464 37 246.192 761.96 0 0
43670 10 6 8 0 0.026 0.139 0.083 0.832 0.222 236.126 33 245.962 815.427 0 0
43670 1 6 8 0 0.075 0.366 0.433 0.779 0.392 250 0 250 0 0 1
43670 2 6 8 0 0.075 0.366 0.433 0.779 0.392 250 0 250 0 0 1
43670 3 6 8 0 0.075 0.366 0.433 0.779 0.392 250 0 250 0 0 1
43670 4 6 8 0 0.075 0.366 0.433 0.779 0.392 250 0 250 0 0 1
43670 5 6 8 0 0.075 0.366 0.433 0.779 0.392 250 0 250 0 0 1
43670 6 6 8 0 0.075 0.366 0.433 0.779 0.392 250 0 250 0 0 1
43670 7 6 8 0 0.075 0.366 0.433 0.779 0.392 249.996 2 250 2 0 1
43670 8 6 8 0 0.075 0.366 0.433 0.779 0.392 250 0 250 0 0 1
43670 9 6 8 0 0.075 0.366 0.433 0.779 0.392 250 0 250 0 0 1
43670 10 6 8 0 0.075 0.366 0.433 0.779 0.392 250 0 250 0 0 1
43670 1 6 8 0 0.045 0.108 0.207 0.918 0.377 244.312 0 249.313 0 0 1
43670 2 6 8 0 0.045 0.108 0.207 0.918 0.377 249.327 0 249.98 0 0 1
43670 3 6 8 0 0.045 0.108 0.207 0.918 0.377 249.626 0 249.998 0 0 1
43670 4 6 8 0 0.045 0.108 0.207 0.918 0.377 250 0 250 0 0 1
43670 5 6 8 0 0.045 0.108 0.207 0.918 0.377 250 1 250 1 0 1
43670 6 6 8 0 0.045 0.108 0.207 0.918 0.377 249 0 249.969 0 0 1
43670 7 6 8 0 0.045 0.108 0.207 0.918 0.377 248.77 0 249.952 0 0 1
43670 8 6 8 0 0.045 0.108 0.207 0.918 0.377 249 0 249.976 0 0 1
43670 9 6 8 0 0.045 0.108 0.207 0.918 0.377 250 0 250 0 0 1
43670 10 6 8 0 0.045 0.108 0.207 0.918 0.377 249.192 0 249.979 0 0 1
43670 1 6 8 0 0.029 0.341 0.098 0.919 0.555 238.2 3 248.313 9.02 0 0.787
43670 2 6 8 0 0.029 0.341 0.098 0.919 0.555 238.343 5 247.416 15.873 0 0.707
43670 3 6 8 0 0.029 0.341 0.098 0.919 0.555 242.05 2 248.201 12.94 0 0.74
43670 4 6 8 0 0.029 0.341 0.098 0.919 0.555 239.429 0 247.655 7.493 0 0.76
43670 5 6 8 0 0.029 0.341 0.098 0.919 0.555 238.336 4 248.405 13.993 0 0.68
43670 6 6 8 0 0.029 0.341 0.098 0.919 0.555 240.547 4 247.96 14.173 0 0.713
43670 7 6 8 0 0.029 0.341 0.098 0.919 0.555 238.771 4 247.668 13.64 0 0.687
43670 8 6 8 0 0.029 0.341 0.098 0.919 0.555 237.374 2 248.282 11.14 0 0.753
43670 9 6 8 0 0.029 0.341 0.098 0.919 0.555 236.789 4 247.547 16.1 0 0.687
43670 10 6 8 0 0.029 0.341 0.098 0.919 0.555 241.422 0 248.165 6.9 0 0.767
43670 1 6 8 0 0.046 0.384 0.23 0.925 0.496 250 0 250 0 0 1
43670 2 6 8 0 0.046 0.384 0.23 0.925 0.496 250 0 250 0 0 1
43670 3 6 8 0 0.046 0.384 0.23 0.925 0.496 250 0 250 0.76 0 1
43670 4 6 8 0 0.046 0.384 0.23 0.925 0.496 250 0 250 0 0 1
43670 5 6 8 0 0.046 0.384 0.23 0.925 0.496 250 0 250 0 0 1
43670 6 6 8 0 0.046 0.384 0.23 0.925 0.496 250 0 250 0 0 1
43670 7 6 8 0 0.046 0.384 0.23 0.925 0.496 250 0 250 0 0 1
43670 8 6 8 0 0.046 0.384 0.23 0.925 0.496 248.61 0 249.982 0.353 0 1
43670 9 6 8 0 0.046 0.384 0.23 0.925 0.496 249.979 0 250 0 0 1
43670 10 6 8 0 0.046 0.384 0.23 0.925 0.496 249.958 0 250 0 0 1
43670 1 6 8 0 0.002 0.094 0.251 0.938 0.612 250 0 250 0 0 1
43670 2 6 8 0 0.002 0.094 0.251 0.938 0.612 250 0 250 0 0 1
43670 3 6 8 0 0.002 0.094 0.251 0.938 0.612 250 0 250 0 0 1
43670 4 6 8 0 0.002 0.094 0.251 0.938 0.612 250 0 250 0 0 1
43670 5 6 8 0 0.002 0.094 0.251 0.938 0.612 250 0 250 0 0 1
43670 6 6 8 0 0.002 0.094 0.251 0.938 0.612 250 0 250 0 0 1
43670 7 6 8 0 0.002 0.094 0.251 0.938 0.612 250 0 250 0 0 1
43670 8 6 8 0 0.002 0.094 0.251 0.938 0.612 250 0 250 0 0 1
43670 9 6 8 0 0.002 0.094 0.251 0.938 0.612 250 0 250 0 0 1
43670 10 6 8 0 0.002 0.094 0.251 0.938 0.612 250 1 250 1 0 1
43670 1 6 8 0 0.066 0.1 0.191 0.782 0.621 250 0 250 0 0 1
43670 2 6 8 0 0.066 0.1 0.191 0.782 0.621 250 0 250 0 0 1
43670 3 6 8 0 0.066 0.1 0.191 0.782 0.621 250 0 250 0 0 1
43670 4 6 8 0 0.066 0.1 0.191 0.782 0.621 250 0 250 0 0 1
43670 5 6 8 0 0.066 0.1 0.191 0.782 0.621 250 0 250 0 0 1
43670 6 6 8 0 0.066 0.1 0.191 0.782 0.621 250 0 250 0 0 1
43670 7 6 8 0 0.066 0.1 0.191 0.782 0.621 250 0 250 0 0 1
43670 8 6 8 0 0.066 0.1 0.191 0.782 0.621 250 0 250 0 0 1
43670 1 6 5 1 0.025 0.206 0.474 0.769 0.999 250 0 250 0 0 1
43670 2 6 5 1 0.025 0.206 0.474 0.769 0.999 250 1 250 1 0 1
43670 3 6 5 1 0.025 0.206 0.474 0.769 0.999 250 1 250 1 0 1
43670 4 6 5 1 0.025 0.206 0.474 0.769 0.999 250 0 250 0 0 1
43670 5 6 5 1 0.025 0.206 0.474 0.769 0.999 250 0 250 0 0 1
43670 6 6 5 1 0.025 0.206 0.474 0.769 0.999 250 0 250 0 0 1
43670 7 6 5 1 0.025 0.206 0.474 0.769 0.999 250 1 250 1 0 1
43670 8 6 5 1 0.025 0.206 0.474 0.769 0.999 250 0 250 0 0 1
43670 9 6 5 1 0.025 0.206 0.474 0.769 0.999 250 0 250 0 0 1
43670 10 6 5 1 0.025 0.206 0.474 0.769 0.999 250 0 250 0 0 1
43670 1 6 5 1 0.011 0.166 0.094 0.878 0.986 250 0 250 0.487 0 1
43670 2 6 5 1 0.011 0.166 0.094 0.878 0.986 250 0 250 0 0 1
43670 3 6 5 1 0.011 0.166 0.094 0.878 0.986 250 0 250 0 0 1
43670 4 6 5 1 0.011 0.166 0.094 0.878 0.986 250 0 250 0 0 1
43670 5 6 5 1 0.011 0.166 0.094 0.878 0.986 250 0 250 0 0 1
43670 6 6 5 1 0.011 0.166 0.094 0.878 0.986 250 0 250 0 0 1
43670 7 6 5 1 0.011 0.166 0.094 0.878 0.986 250 0 250 0 0 1
43670 8 6 5 1 0.011 0.166 0.094 0.878 0.986 250 0 250 0.927 0 1
43670 9 6 5 1 0.011 0.166 0.094 0.878 0.986 250 0 250 0 0 1
43670 10 6 5 1 0.011 0.166 0.094 0.878 0.986 250 0 250 0 0 1
43670 1 6 5 1 0.091 0.499 0.297 0.864 0.972 250 0 250 0 0 1
43670 2 6 5 1 0.091 0.499 0.297 0.864 0.972 250 0 250 0 0 1
43670 3 6 5 1 0.091 0.499 0.297 0.864 0.972 250 0 250 0 0 1
43670 4 6 5 1 0.091 0.499 0.297 0.864 0.972 250 0 250 0 0 1
43670 5 6 5 1 0.091 0.499 0.297 0.864 0.972 250 0 250 0 0 1
43670 6 6 5 1 0.091 0.499 0.297 0.864 0.972 250 0 250 0 0 1
43670 7 6 5 1 0.091 0.499 0.297 0.864 0.972 250 0 250 0 0 1
43670 8 6 5 1 0.091 0.499 0.297 0.864 0.972 250 0 250 0.393 0 1
43670 9 6 5 1 0.091 0.499 0.297 0.864 0.972 250 0 250 0 0 1
43670 10 6 5 1 0.091 0.499 0.297 0.864 0.972 250 0 250 0 0 1
43670 1 6 5 1 0.04 0.176 0.103 0.964 0.436 226.644 203 236.469 570.067 0 0
43670 2 6 5 1 0.04 0.176 0.103 0.964 0.436 237.066 167 242.421 524.16 0 0
43670 3 6 5 1 0.04 0.176 0.103 0.964 0.436 232.776 189 241.195 526.04 0 0
43670 4 6 5 1 0.04 0.176 0.103 0.964 0.436 236.902 205 243.119 557.14 0 0
43670 5 6 5 1 0.04 0.176 0.103 0.964 0.436 233.459 200 240.853 504.86 0 0
43670 6 6 5 1 0.04 0.176 0.103 0.964 0.436 233.159 184 241.807 507.54 0 0
43670 7 6 5 1 0.04 0.176 0.103 0.964 0.436 234.015 233 241.356 537.54 0 0
43670 8 6 5 1 0.04 0.176 0.103 0.964 0.436 235.932 167 242.44 518.02 0 0
43670 9 6 5 1 0.04 0.176 0.103 0.964 0.436 232.271 198 241.281 595.853 0 0
43670 10 6 5 1 0.04 0.176 0.103 0.964 0.436 232.834 149 240.805 466.887 0 0
43670 1 6 5 1 0.064 0.496 0.496 0.982 0.541 250 0 250 0 0 1
43670 2 6 5 1 0.064 0.496 0.496 0.982 0.541 250 0 250 0 0 1
43670 3 6 5 1 0.064 0.496 0.496 0.982 0.541 250 0 250 0 0 1
43670 4 6 5 1 0.064 0.496 0.496 0.982 0.541 250 0 250 0 0 1
43670 5 6 5 1 0.064 0.496 0.496 0.982 0.541 250 0 250 0 0 1
43670 6 6 5 1 0.064 0.496 0.496 0.982 0.541 250 0 250 0 0 1
43670 7 6 5 1 0.064 0.496 0.496 0.982 0.541 250 0 250 0 0 1
43670 8 6 5 1 0.064 0.496 0.496 0.982 0.541 250 0 250 0 0 1
43670 9 6 5 1 0.064 0.496 0.496 0.982 0.541 250 0 250 0 0 1
43670 10 6 5 1 0.064 0.496 0.496 0.982 0.541 250 0 250 0 0 1
43670 1 6 5 1 0.105 0.383 0.455 0.756 0.504 250 0 250 0 0 1
43670 2 6 5 1 0.105 0.383 0.455 0.756 0.504 250 0 250 0 0 1
43670 3 6 5 1 0.105 0.383 0.455 0.756 0.504 250 0 250 0 0 1
43670 4 6 5 1 0.105 0.383 0.455 0.756 0.504 250 0 250 0 0 1
43670 5 6 5 1 0.105 0.383 0.455 0.756 0.504 250 0 250 0 0 1
43670 6 6 5 1 0.105 0.383 0.455 0.756 0.504 250 0 250 0 0 1
43670 7 6 5 1 0.105 0.383 0.455 0.756 0.504 250 0 250 0 0 1
43670 8 6 5 1 0.105 0.383 0.455 0.756 0.504 250 1 250 1 0 1
43670 9 6 5 1 0.105 0.383 0.455 0.756 0.504 250 0 250 0 0 1
43670 10 6 5 1 0.105 0.383 0.455 0.756 0.504 250 0 250 0 0 1
43670 1 6 5 1 0.065 0.318 0.159 0.939 0.524 233.168 18 243.207 35.047 0 0
43670 2 6 5 1 0.065 0.318 0.159 0.939 0.524 225.634 19 238.845 36.353 0 0
43670 3 6 5 1 0.065 0.318 0.159 0.939 0.524 232.449 15 243.833 31.267 0 0
43670 4 6 5 1 0.065 0.318 0.159 0.939 0.524 232.49 12 243.113 30.353 0 0
43670 5 6 5 1 0.065 0.318 0.159 0.939 0.524 233.916 15 242.952 30.647 0 0
43670 6 6 5 1 0.065 0.318 0.159 0.939 0.524 238.242 19 244.049 37.553 0 0
43670 7 6 5 1 0.065 0.318 0.159 0.939 0.524 237.507 15 244.144 38.793 0 0
43670 8 6 5 1 0.065 0.318 0.159 0.939 0.524 237.351 20 243.566 37.227 0 0
43670 9 6 5 1 0.065 0.318 0.159 0.939 0.524 235.138 28 243.557 44.633 0 0
43670 10 6 5 1 0.065 0.318 0.159 0.939 0.524 232.167 20 242.697 37.093 0 0
43670 1 6 3 0 0.021 0.154 0.475 0.884 0.475 209.097 0 209.895 0.387 0 1
43670 2 6 3 0 0.021 0.154 0.475 0.884 0.475 197.715 0 199.554 0 0 1
43670 3 6 3 0 0.021 0.154 0.475 0.884 0.475 198.561 0 200.071 0 0 1
43670 4 6 3 0 0.021 0.154 0.475 0.884 0.475 229.282 0 232.9 0 0 1
43670 5 6 3 0 0.021 0.154 0.475 0.884 0.475 229.385 1 229.965 1 0 1
43670 6 6 3 0 0.021 0.154 0.475 0.884 0.475 229.003 1 229.914 1 0 1
43670 7 6 3 0 0.021 0.154 0.475 0.884 0.475 209.487 0 211.857 0 0 1
43670 8 6 3 0 0.021 0.154 0.475 0.884 0.475 207.831 0 209.275 0 0 1
43670 9 6 3 0 0.021 0.154 0.475 0.884 0.475 197.806 0 199.716 0 0 1
43670 10 6 3 0 0.021 0.154 0.475 0.884 0.475 195.689 0 198.953 0 0 1
43670 1 6 3 0 0.093 0.4 0.119 0.994 0.168 230.421 75 243.389 1695.253 0 0
43670 2 6 3 0 0.093 0.4 0.119 0.994 0.168 233.327 64 243.23 1644.793 0 0
43670 3 6 3 0 0.093 0.4 0.119 0.994 0.168 228.374 82 243.142 1647.533 0 0
43670 4 6 3 0 0.093 0.4 0.119 0.994 0.168 226.495 80 242.135 1810.26 0 0
43670 5 6 3 0 0.093 0.4 0.119 0.994 0.168 229.42 125 242.955 1539.82 0 0
43670 6 6 3 0 0.093 0.4 0.119 0.994 0.168 226.854 450 242.157 1895.913 0 0
43670 7 6 3 0 0.093 0.4 0.119 0.994 0.168 224.484 73 241.986 1614.36 0 0
43670 8 6 3 0 0.093 0.4 0.119 0.994 0.168 232.597 184 244.524 1730.233 0 0
43670 9 6 3 0 0.093 0.4 0.119 0.994 0.168 228.452 86 242.405 1685.973 0 0
43670 10 6 3 0 0.093 0.4 0.119 0.994 0.168 226.082 88 241.636 1616.92 0 0
43670 1 6 3 0 0.076 0.463 0.405 0.894 0.385 249.197 0 249.943 0.187 0 1
43670 2 6 3 0 0.076 0.463 0.405 0.894 0.385 206.05 0 209.412 0.86 0 1
43670 3 6 3 0 0.076 0.463 0.405 0.894 0.385 227.843 2 229.658 2.533 0 1
43670 4 6 3 0 0.076 0.463 0.405 0.894 0.385 188.173 1 189.654 1 0 1
43670 5 6 3 0 0.076 0.463 0.405 0.894 0.385 226.621 3 229.5 3 0 1
43670 6 6 3 0 0.076 0.463 0.405 0.894 0.385 228.978 2 229.899 2 0 1
43670 7 6 3 0 0.076 0.463 0.405 0.894 0.385 196.086 2 199.112 3.193 0 1
43670 8 6 3 0 0.076 0.463 0.405 0.894 0.385 248.245 1 249.833 1 0 1
43670 9 6 3 0 0.076 0.463 0.405 0.894 0.385 248.716 0 249.92 0.033 0 1
43670 10 6 3 0 0.076 0.463 0.405 0.894 0.385 196.59 1 199.553 1 0 1
43670 1 6 3 0 0.007 0.123 0.374 0.951 0.069 231.735 97 243.39 917.133 0 0
43670 2 6 3 0 0.007 0.123 0.374 0.951 0.069 234.854 92 242.105 777.013 0 0
43670 3 6 3 0 0.007 0.123 0.374 0.951 0.069 233.162 102 242.623 853.32 0 0
43670 4 6 3 0 0.007 0.123 0.374 0.951 0.069 237.421 107 244.826 916.447 0 0
43670 5 6 3 0 0.007 0.123 0.374 0.951 0.069 235.275 93 242.591 775.233 0 0
43670 6 6 3 0 0.007 0.123 0.374 0.951 0.069 232.475 113 244.272 828.18 0 0
43670 7 6 3 0 0.007 0.123 0.374 0.951 0.069 227.368 106 243.308 866.373 0 0
43670 8 6 3 0 0.007 0.123 0.374 0.951 0.069 231.983 113 244.366 1018.893 0 0
43670 9 6 3 0 0.007 0.123 0.374 0.951 0.069 235.873 103 243.62 902.087 0 0
43670 10 6 3 0 0.007 0.123 0.374 0.951 0.069 233.194 88 245.499 822.38 0 0
43670 1 6 3 0 0.055 0.079 0.177 0.887 0.58 206.6 1 209.461 1 0 1
43670 2 6 3 0 0.055 0.079 0.177 0.887 0.58 196.781 1 199.449 1 0 1
43670 3 6 3 0 0.055 0.079 0.177 0.887 0.58 229.077 0 229.948 0 0 1
43670 4 6 3 0 0.055 0.079 0.177 0.887 0.58 198.999 0 199.872 0.987 0 1
43670 5 6 3 0 0.055 0.079 0.177 0.887 0.58 209.259 1 209.966 1 0 1
43670 6 6 3 0 0.055 0.079 0.177 0.887 0.58 200 0 208.624 0 0 1
43670 7 6 3 0 0.055 0.079 0.177 0.887 0.58 228.931 0 229.913 0 0 1
43670 8 6 3 0 0.055 0.079 0.177 0.887 0.58 208.822 0 209.938 0 0 1
43670 9 6 3 0 0.055 0.079 0.177 0.887 0.58 229.261 0 229.948 0 0 1
43670 10 6 3 0 0.055 0.079 0.177 0.887 0.58 208.476 1 209.855 1 0 1
43670 1 6 3 0 0.05 0.037 0.142 0.944 0.054 229.934 90 242.264 936.52 0 0
43670 2 6 3 0 0.05 0.037 0.142 0.944 0.054 234.525 67 243.801 1042.053 0 0
43670 3 6 3 0 0.05 0.037 0.142 0.944 0.054 231.789 107 242.602 1085.073 0 0
43670 4 6 3 0 0.05 0.037 0.142 0.944 0.054 237.961 77 245.049 925.873 0 0
43670 5 6 3 0 0.05 0.037 0.142 0.944 0.054 231.045 101 242.031 878.46 0 0
43670 6 6 3 0 0.05 0.037 0.142 0.944 0.054 228.425 122 243.527 1243.98 0 0
43670 7 6 3 0 0.05 0.037 0.142 0.944 0.054 236.975 106 243.047 1062.04 0 0
43670 8 6 3 0 0.05 0.037 0.142 0.944 0.054 234.744 92 243.682 992.98 0 0
43670 9 6 3 0 0.05 0.037 0.142 0.944 0.054 233.321 94 243.496 1038.127 0 0
43670 10 6 3 0 0.05 0.037 0.142 0.944 0.054 228.044 87 242.125 976.007 0 0
43670 1 6 3 0 0.109 0.227 0.166 0.777 0.044 238.126 675 247.842 2536.027 0 0
43670 2 6 3 0 0.109 0.227 0.166 0.777 0.044 245.127 1779 248.713 2840.527 0 0
43670 3 6 3 0 0.109 0.227 0.166 0.777 0.044 237.237 850 248.268 2741.787 0 0
43670 4 6 3 0 0.109 0.227 0.166 0.777 0.044 237.513 564 246.693 2338.087 0 0
43670 5 6 3 0 0.109 0.227 0.166 0.777 0.044 243.04 1140 248.409 2644.527 0 0
43670 6 6 3 0 0.109 0.227 0.166 0.777 0.044 244.462 1541 248.411 2627.92 0 0
43670 7 6 3 0 0.109 0.227 0.166 0.777 0.044 240.8 1233 247.829 2631.433 0 0
43670 8 6 3 0 0.109 0.227 0.166 0.777 0.044 240.436 797 247.988 2678.36 0 0
43670 9 6 3 0 0.109 0.227 0.166 0.777 0.044 241.563 956 247.684 2538.427 0 0
43670 10 6 3 0 0.109 0.227 0.166 0.777 0.044 241.025 903 248.275 2546.527 0 0
43670 1 6 3 0 0.011 0.306 0.34 0.787 0.122 234.219 103 244.709 995.3 0 0
43670 2 6 3 0 0.011 0.306 0.34 0.787 0.122 223.867 120 243.505 1074.06 0 0
43670 3 6 3 0 0.011 0.306 0.34 0.787 0.122 233.356 104 244.998 1036.433 0 0
43670 4 6 3 0 0.011 0.306 0.34 0.787 0.122 236.743 99 244.089 1061.06 0 0
43670 5 6 3 0 0.011 0.306 0.34 0.787 0.122 227.367 110 241.488 1108.573 0 0
43670 6 6 3 0 0.011 0.306 0.34 0.787 0.122 236.721 119 243.773 1114.16 0 0
43670 7 6 3 0 0.011 0.306 0.34 0.787 0.122 233.397 93 245.617 1018.02 0 0
43670 1 6 10 0 0.067 0.381 0.309 0.764 0.208 233.295 32 246.085 783.36 0 0
43670 2 6 10 0 0.067 0.381 0.309 0.764 0.208 233.318 29 245.309 731.913 0 0
43670 3 6 10 0 0.067 0.381 0.309 0.764 0.208 237.697 33 246.591 745.387 0 0
43670 4 6 10 0 0.067 0.381 0.309 0.764 0.208 233.184 26 246.201 689.853 0 0
43670 5 6 10 0 0.067 0.381 0.309 0.764 0.208 239.058 38 246.964 770.2 0 0
43670 6 6 10 0 0.067 0.381 0.309 0.764 0.208 235.582 53 245.185 727.227 0 0
43670 7 6 10 0 0.067 0.381 0.309 0.764 0.208 234.595 42 246.267 792.473 0 0
43670 8 6 10 0 0.067 0.381 0.309 0.764 0.208 227.934 35 245.525 668.253 0 0
43670 9 6 10 0 0.067 0.381 0.309 0.764 0.208 235.908 35 246.01 759.547 0 0
43670 10 6 10 0 0.067 0.381 0.309 0.764 0.208 239.368 36 245.893 735.94 0 0
43670 1 6 10 0 0.092 0.287 0.393 0.928 0.846 250 0 250 0 0 1
43670 2 6 10 0 0.092 0.287 0.393 0.928 0.846 250 0 250 0 0 1
43670 3 6 10 0 0.092 0.287 0.393 0.928 0.846 250 0 250 0 0 1
43670 4 6 10 0 0.092 0.287 0.393 0.928 0.846 250 0 250 0 0 1
43670 5 6 10 0 0.092 0.287 0.393 0.928 0.846 250 0 250 0 0 1
43670 6 6 10 0 0.092 0.287 0.393 0.928 0.846 250 0 250 0 0 1
43670 7 6 10 0 0.092 0.287 0.393 0.928 0.846 250 0 250 0 0 1
43670 8 6 10 0 0.092 0.287 0.393 0.928 0.846 250 0 250 0 0 1
43670 9 6 10 0 0.092 0.287 0.393 0.928 0.846 250 0 250 0 0 1
43670 10 6 10 0 0.092 0.287 0.393 0.928 0.846 250 0 250 0 0 1
43670 1 6 10 0 0.059 0.303 0.229 0.999 0.308 238.123 38 246.332 469.433 0 0
43670 2 6 10 0 0.059 0.303 0.229 0.999 0.308 237.048 62 245.112 422.973 0 0
43670 3 6 10 0 0.059 0.303 0.229 0.999 0.308 233.18 38 244.996 454.153 0 0
43670 4 6 10 0 0.059 0.303 0.229 0.999 0.308 238.619 48 246.899 460.72 0 0
43670 5 6 10 0 0.059 0.303 0.229 0.999 0.308 233.806 44 244.248 491.987 0 0
43670 6 6 10 0 0.059 0.303 0.229 0.999 0.308 239.487 42 246.694 452.48 0 0
43670 7 6 10 0 0.059 0.303 0.229 0.999 0.308 236.052 60 246.299 477.313 0 0
43670 8 6 10 0 0.059 0.303 0.229 0.999 0.308 238.732 44 245.861 447.867 0 0
43670 9 6 10 0 0.059 0.303 0.229 0.999 0.308 232.662 32 244.696 363.46 0 0
43670 10 6 10 0 0.059 0.303 0.229 0.999 0.308 233.421 40 245.151 510.493 0 0
43670 1 6 10 0 0.009 0.082 0.289 0.753 0.103 240.023 31 246.902 424.607 0 0
43670 2 6 10 0 0.009 0.082 0.289 0.753 0.103 235.962 43 244.708 474.2 0 0
43670 3 6 10 0 0.009 0.082 0.289 0.753 0.103 235.338 35 245.989 464.533 0 0
43670 4 6 10 0 0.009 0.082 0.289 0.753 0.103 233.973 42 245.968 483.08 0 0
43670 5 6 10 0 0.009 0.082 0.289 0.753 0.103 235.522 36 246.461 422.727 0 0
43670 6 6 10 0 0.009 0.082 0.289 0.753 0.103 236.672 41 246.99 420.56 0 0
43670 7 6 10 0 0.009 0.082 0.289 0.753 0.103 239.341 33 246.416 462.113 0 0
43670 8 6 10 0 0.009 0.082 0.289 0.753 0.103 238.236 34 246.853 424.393 0 0
43670 9 6 10 0 0.009 0.082 0.289 0.753 0.103 240.556 32 246.798 416.34 0 0
43670 10 6 10 0 0.009 0.082 0.289 0.753 0.103 236.448 44 246.204 446.627 0 0
43670 1 6 10 0 0.014 0.145 0.03 0.965 0.12 232.628 36 245.242 1469.507 0 0
43670 2 6 10 0 0.014 0.145 0.03 0.965 0.12 233.382 33 245.078 1435.727 0 0
43670 3 6 10 0 0.014 0.145 0.03 0.965 0.12 239.096 37 245.791 1400.5 0 0
43670 4 6 10 0 0.014 0.145 0.03 0.965 0.12 235.432 42 245.303 1275.487 0 0
43670 5 6 10 0 0.014 0.145 0.03 0.965 0.12 235.868 46 244.611 1390.2 0 0
43670 6 6 10 0 0.014 0.145 0.03 0.965 0.12 234.059 55 244.702 1323.333 0 0
43670 7 6 10 0 0.014 0.145 0.03 0.965 0.12 236.015 34 245.002 1478.82 0 0
43670 8 6 10 0 0.014 0.145 0.03 0.965 0.12 233.32 48 243.805 1584.467 0 0
43670 9 6 10 0 0.014 0.145 0.03 0.965 0.12 236.401 48 245.527 1651.713 0 0
43670 10 6 10 0 0.014 0.145 0.03 0.965 0.12 234.364 34 244.289 1590.853 0 0
43670 1 6 10 0 0.118 0.331 0.134 0.895 0.153 233.641 33 244.406 1524.98 0 0
43670 2 6 10 0 0.118 0.331 0.134 0.895 0.153 236.713 35 244.362 1477.44 0 0
43670 3 6 10 0 0.118 0.331 0.134 0.895 0.153 232.685 50 243.165 1704.86 0 0
43670 4 6 10 0 0.118 0.331 0.134 0.895 0.153 237.644 35 246.275 1565.353 0 0
43670 5 6 10 0 0.118 0.331 0.134 0.895 0.153 236.5 34 244.996 1602.507 0 0
43670 6 6 10 0 0.118 0.331 0.134 0.895 0.153 236.288 35 245.614 1762.133 0 0
43670 7 6 10 0 0.118 0.331 0.134 0.895 0.153 237.781 32 245.675 1716.713 0 0
43670 8 6 10 0 0.118 0.331 0.134 0.895 0.153 229.878 27 245.867 1638.927 0 0
43670 9 6 10 0 0.118 0.331 0.134 0.895 0.153 235.957 39 245.935 1534.733 0 0
43670 10 6 10 0 0.118 0.331 0.134 0.895 0.153 238.655 112 245.099 1654.4 0 0
43670 1 6 10 0 0.106 0.195 0.179 0.924 0.164 236.545 31 245.821 868.94 0 0
43670 2 6 10 0 0.106 0.195 0.179 0.924 0.164 236.326 33 246.171 1013.653 0 0
43670 3 6 10 0 0.106 0.195 0.179 0.924 0.164 236.544 60 245.542 1017.16 0 0
43670 4 6 10 0 0.106 0.195 0.179 0.924 0.164 240.025 35 246.55 1190.5 0 0
43670 5 6 10 0 0.106 0.195 0.179 0.924 0.164 234.746 40 246.108 1052.107 0 0
43670 6 6 10 0 0.106 0.195 0.179 0.924 0.164 238.727 47 246.359 1207.573 0 0
43670 7 6 10 0 0.106 0.195 0.179 0.924 0.164 236.621 31 246.853 891.627 0 0
43670 8 6 10 0 0.106 0.195 0.179 0.924 0.164 235.383 48 244.658 947.753 0 0
43670 9 6 10 0 0.106 0.195 0.179 0.924 0.164 234.774 35 245.993 1106.687 0 0
43670 10 6 10 0 0.106 0.195 0.179 0.924 0.164 238.074 50 245.815 1090.987 0 0
43670 1 6 10 0 0.015 0.499 0.317 0.852 0.283 238.21 31 245.103 253.627 0 0
43670 2 6 10 0 0.015 0.499 0.317 0.852 0.283 233.092 30 245.126 278.293 0 0
43670 3 6 10 0 0.015 0.499 0.317 0.852 0.283 235.733 22 245.368 216.6 0 0
43670 4 6 10 0 0.015 0.499 0.317 0.852 0.283 236.669 19 246.153 301.58 0 0
43670 5 6 10 0 0.015 0.499 0.317 0.852 0.283 235.337 24 246.124 297.24 0 0
43670 6 6 10 0 0.015 0.499 0.317 0.852 0.283 239.628 26 247.171 243.2 0 0
43670 7 6 10 0 0.015 0.499 0.317 0.852 0.283 237.648 22 245.623 227.9 0 0
43670 1 6 9 1 0.047 0.192 0.059 0.788 0.919 250 1 250 1 0 1
43670 2 6 9 1 0.047 0.192 0.059 0.788 0.919 250 0 250 0 0 1
43670 3 6 9 1 0.047 0.192 0.059 0.788 0.919 250 0 250 0 0 1
43670 4 6 9 1 0.047 0.192 0.059 0.788 0.919 250 0 250 0 0 1
43670 5 6 9 1 0.047 0.192 0.059 0.788 0.919 250 0 250 0 0 1
43670 6 6 9 1 0.047 0.192 0.059 0.788 0.919 250 0 250 0 0 1
43670 7 6 9 1 0.047 0.192 0.059 0.788 0.919 250 1 250 1 0 1
43670 8 6 9 1 0.047 0.192 0.059 0.788 0.919 250 0 250 0 0 1
43670 9 6 9 1 0.047 0.192 0.059 0.788 0.919 250 0 250 0 0 1
43670 10 6 9 1 0.047 0.192 0.059 0.788 0.919 250 0 250 0 0 1
43670 1 6 9 1 0.053 0.157 0.264 0.943 0.816 250 0 250 0 0 1
43670 2 6 9 1 0.053 0.157 0.264 0.943 0.816 250 0 250 0.293 0 1
43670 3 6 9 1 0.053 0.157 0.264 0.943 0.816 250 0 250 0 0 1
43670 4 6 9 1 0.053 0.157 0.264 0.943 0.816 250 0 250 0 0 1
43670 5 6 9 1 0.053 0.157 0.264 0.943 0.816 250 0 250 0 0 1
43670 6 6 9 1 0.053 0.157 0.264 0.943 0.816 250 0 250 0 0 1
43670 7 6 9 1 0.053 0.157 0.264 0.943 0.816 250 0 250 0 0 1
43670 8 6 9 1 0.053 0.157 0.264 0.943 0.816 250 0 250 0 0 1
43670 9 6 9 1 0.053 0.157 0.264 0.943 0.816 250 0 250 0 0 1
43670 10 6 9 1 0.053 0.157 0.264 0.943 0.816 250 0 250 0 0 1
43670 1 6 9 1 0.032 0.313 0.021 0.905 0.787 250 0 250 0 0 1
43670 2 6 9 1 0.032 0.313 0.021 0.905 0.787 250 0 250 0 0 1
43670 3 6 9 1 0.032 0.313 0.021 0.905 0.787 250 0 250 0 0 1
43670 4 6 9 1 0.032 0.313 0.021 0.905 0.787 250 0 250 0 0 1
43670 5 6 9 1 0.032 0.313 0.021 0.905 0.787 250 0 250 0 0 1
43670 6 6 9 1 0.032 0.313 0.021 0.905 0.787 250 0 250 0 0 1
43670 7 6 9 1 0.032 0.313 0.021 0.905 0.787 250 0 250 0 0 1
43670 8 6 9 1 0.032 0.313 0.021 0.905 0.787 250 0 250 0 0 1
43670 9 6 9 1 0.032 0.313 0.021 0.905 0.787 250 0 250 0 0 1
43670 10 6 9 1 0.032 0.313 0.021 0.905 0.787 250 0 250 0 0 1
43670 1 6 9 1 0.042 0.211 0.161 0.952 0.875 250 0 250 0 0 1
43670 2 6 9 1 0.042 0.211 0.161 0.952 0.875 250 0 250 0 0 1
43670 3 6 9 1 0.042 0.211 0.161 0.952 0.875 250 0 250 0 0 1
43670 4 6 9 1 0.042 0.211 0.161 0.952 0.875 250 0 250 0 0 1
43670 5 6 9 1 0.042 0.211 0.161 0.952 0.875 250 0 250 0 0 1
43670 6 6 9 1 0.042 0.211 0.161 0.952 0.875 250 0 250 0 0 1
43670 7 6 9 1 0.042 0.211 0.161 0.952 0.875 250 0 250 0 0 1
43670 8 6 9 1 0.042 0.211 0.161 0.952 0.875 250 0 250 0 0 1
43670 9 6 9 1 0.042 0.211 0.161 0.952 0.875 250 0 250 0 0 1
43670 10 6 9 1 0.042 0.211 0.161 0.952 0.875 250 0 250 0 0 1
43670 1 6 9 1 0.091 0.266 0.374 0.999 0.105 243.959 1193 247.639 1480.02 0 0
43670 2 6 9 1 0.091 0.266 0.374 0.999 0.105 243.711 1030 247.785 1408.307 0 0
43670 3 6 9 1 0.091 0.266 0.374 0.999 0.105 244.094 1210 247.609 1523.307 0 0
43670 4 6 9 1 0.091 0.266 0.374 0.999 0.105 244.543 914 247.758 1414.9 0 0
43670 5 6 9 1 0.091 0.266 0.374 0.999 0.105 242.732 1027 247.66 1406.553 0 0
43670 6 6 9 1 0.091 0.266 0.374 0.999 0.105 243.836 1048 247.187 1445.96 0 0
43670 7 6 9 1 0.091 0.266 0.374 0.999 0.105 242.975 1044 247.411 1516.5 0 0
43670 8 6 9 1 0.091 0.266 0.374 0.999 0.105 243.361 1124 247.271 1541.807 0 0
43670 9 6 9 1 0.091 0.266 0.374 0.999 0.105 239.691 1031 247.139 1470.56 0 0
43670 10 6 9 1 0.091 0.266 0.374 0.999 0.105 244.33 958 247.71 1544.22 0 0
43670 1 6 9 1 0.043 0.401 0.345 0.878 0.354 223.96 37 235.672 114.387 0 0
43670 2 6 9 1 0.043 0.401 0.345 0.878 0.354 227.784 42 239.166 138.427 0 0
43670 3 6 9 1 0.043 0.401 0.345 0.878 0.354 228.049 37 233.907 108.947 0 0
43670 4 6 9 1 0.043 0.401 0.345 0.878 0.354 226.247 43 238.686 127.733 0 0
43670 5 6 9 1 0.043 0.401 0.345 0.878 0.354 231.244 41 240.387 113.98 0 0
43670 6 6 9 1 0.043 0.401 0.345 0.878 0.354 224.251 40 236.506 120.647 0 0
43670 7 6 9 1 0.043 0.401 0.345 0.878 0.354 221.4 36 233.128 115.16 0 0
43670 8 6 9 1 0.043 0.401 0.345 0.878 0.354 220.889 38 233.61 111.02 0 0
43670 9 6 9 1 0.043 0.401 0.345 0.878 0.354 220.296 46 237.628 119.44 0 0
43670 10 6 9 1 0.043 0.401 0.345 0.878 0.354 221.145 44 231.414 117.34 0 0
43670 1 6 9 1 0.116 0.376 0.312 0.78 0.572 250 0 250 0 0 1
43670 2 6 9 1 0.116 0.376 0.312 0.78 0.572 250 0 250 0 0 1
43670 3 6 9 1 0.116 0.376 0.312 0.78 0.572 250 0 250 0 0 1
43670 4 6 9 1 0.116 0.376 0.312 0.78 0.572 250 0 250 0 0 1
43670 5 6 9 1 0.116 0.376 0.312 0.78 0.572 250 0 250 0 0 1
43670 6 6 9 1 0.116 0.376 0.312 0.78 0.572 250 0 250 0 0 1
43670 7 6 9 1 0.116 0.376 0.312 0.78 0.572 250 0 250 0 0 1
43670 8 6 9 1 0.116 0.376 0.312 0.78 0.572 250 0 250 0 0 1
43670 9 6 9 1 0.116 0.376 0.312 0.78 0.572 250 0 250 0 0 1
43670 10 6 9 1 0.116 0.376 0.312 0.78 0.572 250 0 250 0 0 1
43670 1 6 9 0 0.094 0.186 0.162 0.802 0.8 250 0 250 0 0 1
43670 2 6 9 0 0.094 0.186 0.162 0.802 0.8 250 0 250 0 0 1
43670 3 6 9 0 0.094 0.186 0.162 0.802 0.8 250 0 250 0 0 1
43670 4 6 9 0 0.094 0.186 0.162 0.802 0.8 250 0 250 0 0 1
43670 5 6 9 0 0.094 0.186 0.162 0.802 0.8 250 0 250 0 0 1
43670 6 6 9 0 0.094 0.186 0.162 0.802 0.8 250 0 250 0 0 1
43670 7 6 9 0 0.094 0.186 0.162 0.802 0.8 250 0 250 0 0 1
43670 8 6 9 0 0.094 0.186 0.162 0.802 0.8 250 0 250 0 0 1
43670 9 6 9 0 0.094 0.186 0.162 0.802 0.8 250 0 250 0 0 1
43670 10 6 9 0 0.094 0.186 0.162 0.802 0.8 250 0 250 0 0 1
43670 1 6 9 0 0.098 0.068 0.004 0.974 0.992 250 0 250 0 0 1
43670 2 6 9 0 0.098 0.068 0.004 0.974 0.992 250 0 250 0 0 1
43670 3 6 9 0 0.098 0.068 0.004 0.974 0.992 250 0 250 0 0 1
43670 4 6 9 0 0.098 0.068 0.004 0.974 0.992 250 0 250 0 0 1
43670 5 6 9 0 0.098 0.068 0.004 0.974 0.992 250 0 250 0 0 1
43670 6 6 9 0 0.098 0.068 0.004 0.974 0.992 250 0 250 0.02 0 1
43670 7 6 9 0 0.098 0.068 0.004 0.974 0.992 250 0 250 0 0 1
43670 8 6 9 0 0.098 0.068 0.004 0.974 0.992 250 0 250 0 0 1
43670 9 6 9 0 0.098 0.068 0.004 0.974 0.992 250 0 250 0 0 1
43670 10 6 9 0 0.098 0.068 0.004 0.974 0.992 250 0 250 0 0 1
43670 1 6 9 0 0.075 0.336 0.24 0.79 0.934 250 0 250 0 0 1
43670 2 6 9 0 0.075 0.336 0.24 0.79 0.934 250 0 250 0 0 1
43670 3 6 9 0 0.075 0.336 0.24 0.79 0.934 250 0 250 0 0 1
43670 4 6 9 0 0.075 0.336 0.24 0.79 0.934 250 0 250 0 0 1
43670 5 6 9 0 0.075 0.336 0.24 0.79 0.934 250 0 250 0 0 1
43670 6 6 9 0 0.075 0.336 0.24 0.79 0.934 250 0 250 0 0 1
43670 7 6 9 0 0.075 0.336 0.24 0.79 0.934 250 0 250 0 0 1
43670 8 6 9 0 0.075 0.336 0.24 0.79 0.934 250 0 250 0 0 1
43670 9 6 9 0 0.075 0.336 0.24 0.79 0.934 250 0 250 0 0 1
43670 10 6 9 0 0.075 0.336 0.24 0.79 0.934 250 0 250 0 0 1
43670 1 6 9 0 0.111 0.347 0.279 0.853 0.668 250 0 250 0 0 1
43670 2 6 9 0 0.111 0.347 0.279 0.853 0.668 250 0 250 0 0 1
43670 3 6 9 0 0.111 0.347 0.279 0.853 0.668 250 0 250 0 0 1
43670 4 6 9 0 0.111 0.347 0.279 0.853 0.668 250 0 250 0 0 1
43670 5 6 9 0 0.111 0.347 0.279 0.853 0.668 250 0 250 0 0 1
43670 6 6 9 0 0.111 0.347 0.279 0.853 0.668 250 0 250 0 0 1
43670 7 6 9 0 0.111 0.347 0.279 0.853 0.668 250 0 250 0 0 1
43670 8 6 9 0 0.111 0.347 0.279 0.853 0.668 250 1 250 1 0 1
43670 9 6 9 0 0.111 0.347 0.279 0.853 0.668 250 0 250 0 0 1
43670 10 6 9 0 0.111 0.347 0.279 0.853 0.668 250 0 250 0 0 1
43670 1 6 9 0 0.085 0.455 0.356 0.892 0.897 250 0 250 0 0 1
43670 2 6 9 0 0.085 0.455 0.356 0.892 0.897 250 0 250 0 0 1
43670 3 6 9 0 0.085 0.455 0.356 0.892 0.897 250 0 250 0 0 1
43670 4 6 9 0 0.085 0.455 0.356 0.892 0.897 250 0 250 0 0 1
43670 5 6 9 0 0.085 0.455 0.356 0.892 0.897 250 0 250 0 0 1
43670 6 6 9 0 0.085 0.455 0.356 0.892 0.897 250 0 250 0 0 1
43670 7 6 9 0 0.085 0.455 0.356 0.892 0.897 250 2 250 2 0 1
43670 8 6 9 0 0.085 0.455 0.356 0.892 0.897 250 0 250 0 0 1
43670 9 6 9 0 0.085 0.455 0.356 0.892 0.897 250 0 250 0 0 1
43670 10 6 9 0 0.085 0.455 0.356 0.892 0.897 250 0 250 0 0 1
43670 1 6 9 0 0.109 0.489 0.263 0.906 0.041 231.872 53 245.722 1770.16 0 0
43670 2 6 9 0 0.109 0.489 0.263 0.906 0.041 231.98 40 243.438 1672.6 0 0
43670 3 6 9 0 0.109 0.489 0.263 0.906 0.041 229.197 75 243.477 1630.36 0 0
43670 4 6 9 0 0.109 0.489 0.263 0.906 0.041 236.846 301 244.893 1706.113 0 0
43670 5 6 9 0 0.109 0.489 0.263 0.906 0.041 231.261 200 243.869 1618.247 0 0
43670 6 6 9 0 0.109 0.489 0.263 0.906 0.041 234.009 154 242.939 1651.54 0 0
43670 7 6 9 0 0.109 0.489 0.263 0.906 0.041 233.803 36 245.329 1823.847 0 0
43670 8 6 9 0 0.109 0.489 0.263 0.906 0.041 234.967 36 245.023 1904.187 0 0
43670 9 6 9 0 0.109 0.489 0.263 0.906 0.041 230.229 45 243.843 1570.533 0 0
43670 10 6 9 0 0.109 0.489 0.263 0.906 0.041 238.024 619 246.116 1963.827 0 0
43670 1 6 9 0 0.045 0.25 0.495 0.886 0.934 250 0 250 0 0 1
43670 2 6 9 0 0.045 0.25 0.495 0.886 0.934 250 0 250 0 0 1
43670 3 6 9 0 0.045 0.25 0.495 0.886 0.934 250 0 250 0 0 1
43670 4 6 9 0 0.045 0.25 0.495 0.886 0.934 250 0 250 0 0 1
43670 5 6 9 0 0.045 0.25 0.495 0.886 0.934 250 0 250 0 0 1
43670 6 6 9 0 0.045 0.25 0.495 0.886 0.934 250 0 250 0 0 1
43670 7 6 9 0 0.045 0.25 0.495 0.886 0.934 250 2 250 2 0 1
43670 8 6 9 0 0.045 0.25 0.495 0.886 0.934 250 0 250 0 0 1
43670 9 6 9 0 0.045 0.25 0.495 0.886 0.934 250 0 250 0 0 1
43670 10 6 9 0 0.045 0.25 0.495 0.886 0.934 250 0 250 0 0 1
43670 1 6 9 0 0.062 0.295 0.011 0.945 0.809 250 0 250 0 0 1
43670 2 6 9 0 0.062 0.295 0.011 0.945 0.809 250 0 250 0 0 1
43670 3 6 9 0 0.062 0.295 0.011 0.945 0.809 250 0 250 0 0 1
43670 4 6 9 0 0.062 0.295 0.011 0.945 0.809 250 0 250 0 0 1
43670 5 6 9 0 0.062 0.295 0.011 0.945 0.809 250 0 250 0 0 1
43670 6 6 9 0 0.062 0.295 0.011 0.945 0.809 250 0 250 0 0 1
43670 1 6 6 0 0.029 0.041 0.361 0.84 0.065 244.297 20 247.919 70.693 0 0
43670 2 6 6 0 0.029 0.041 0.361 0.84 0.065 235.962 21 246.049 82.18 0 0
43670 3 6 6 0 0.029 0.041 0.361 0.84 0.065 240.953 19 247.035 56.387 0 0
43670 4 6 6 0 0.029 0.041 0.361 0.84 0.065 241.434 11 247.436 41.073 0 0
43670 5 6 6 0 0.029 0.041 0.361 0.84 0.065 240.552 19 247.523 61.14 0 0
43670 6 6 6 0 0.029 0.041 0.361 0.84 0.065 242.002 17 246.541 81 0 0
43670 7 6 6 0 0.029 0.041 0.361 0.84 0.065 239.875 24 247.96 59.453 0 0
43670 8 6 6 0 0.029 0.041 0.361 0.84 0.065 243.236 16 247.815 58.873 0 0
43670 9 6 6 0 0.029 0.041 0.361 0.84 0.065 232.408 22 244.236 73.333 0 0
43670 10 6 6 0 0.029 0.041 0.361 0.84 0.065 235.745 33 246.49 84.747 0 0
43670 1 6 6 0 0.061 0.068 0.315 0.936 0.701 250 0 250 0 0 1
43670 2 6 6 0 0.061 0.068 0.315 0.936 0.701 250 0 250 0 0 1
43670 3 6 6 0 0.061 0.068 0.315 0.936 0.701 250 0 250 0 0 1
43670 4 6 6 0 0.061 0.068 0.315 0.936 0.701 250 0 250 0 0 1
43670 5 6 6 0 0.061 0.068 0.315 0.936 0.701 250 1 250 1 0 1
43670 6 6 6 0 0.061 0.068 0.315 0.936 0.701 250 0 250 0 0 1
43670 7 6 6 0 0.061 0.068 0.315 0.936 0.701 250 0 250 0 0 1
43670 8 6 6 0 0.061 0.068 0.315 0.936 0.701 250 0 250 0 0 1
43670 9 6 6 0 0.061 0.068 0.315 0.936 0.701 250 0 250 0 0 1
43670 10 6 6 0 0.061 0.068 0.315 0.936 0.701 250 0 250 0 0 1
43670 1 6 6 0 0.01 0.144 0.48 0.948 0.721 250 0 250 0 0 1
43670 2 6 6 0 0.01 0.144 0.48 0.948 0.721 250 0 250 0 0 1
43670 3 6 6 0 0.01 0.144 0.48 0.948 0.721 250 0 250 0 0 1
43670 4 6 6 0 0.01 0.144 0.48 0.948 0.721 250 1 250 1 0 1
43670 5 6 6 0 0.01 0.144 0.48 0.948 0.721 250 0 250 0 0 1
43670 6 6 6 0 0.01 0.144 0.48 0.948 0.721 250 0 250 0 0 1
43670 7 6 6 0 0.01 0.144 0.48 0.948 0.721 250 0 250 0 0 1
43670 8 6 6 0 0.01 0.144 0.48 0.948 0.721 250 0 250 0 0 1
43670 9 6 6 0 0.01 0.144 0.48 0.948 0.721 250 0 250 0 0 1
43670 10 6 6 0 0.01 0.144 0.48 0.948 0.721 250 0 250 0 0 1
43670 1 6 6 0 0.049 0.431 0.226 0.869 0.014 227.165 100 242.848 1776.567 0 0
43670 2 6 6 0 0.049 0.431 0.226 0.869 0.014 233.578 45 244.294 1853.433 0 0
43670 3 6 6 0 0.049 0.431 0.226 0.869 0.014 236.656 1031 245.74 2068.947 0 0
43670 4 6 6 0 0.049 0.431 0.226 0.869 0.014 224.443 54 243.313 1618.573 0 0
43670 5 6 6 0 0.049 0.431 0.226 0.869 0.014 232.558 47 244.449 1932.287 0 0
43670 6 6 6 0 0.049 0.431 0.226 0.869 0.014 235.812 46 245.394 1761.453 0 0
43670 7 6 6 0 0.049 0.431 0.226 0.869 0.014 231.343 66 243.231 1813.047 0 0
43670 8 6 6 0 0.049 0.431 0.226 0.869 0.014 227.282 51 243.626 1966.953 0 0
43670 9 6 6 0 0.049 0.431 0.226 0.869 0.014 227.409 58 243.293 1701.213 0 0
43670 10 6 6 0 0.049 0.431 0.226 0.869 0.014 234.853 46 244.276 2049.767 0 0
43670 1 6 6 0 0.066 0.296 0.002 0.919 0.038 249.987 17022 250 18284.04 0 0
43670 2 6 6 0 0.066 0.296 0.002 0.919 0.038 250 20410 250 26919.107 0 0
43670 3 6 6 0 0.066 0.296 0.002 0.919 0.038 249.906 17859 249.999 18569.66 0 0
43670 4 6 6 0 0.066 0.296 0.002 0.919 0.038 250 19694 250 21443.227 0 0
43670 5 6 6 0 0.066 0.296 0.002 0.919 0.038 250 19405 250 21225.687 0 0
43670 6 6 6 0 0.066 0.296 0.002 0.919 0.038 250 16952 250 20038.093 0 0
43670 7 6 6 0 0.066 0.296 0.002 0.919 0.038 250 22658 250 26169.713 0 0
43670 8 6 6 0 0.066 0.296 0.002 0.919 0.038 250 18262 250 21034.427 0 0
43670 9 6 6 0 0.066 0.296 0.002 0.919 0.038 250 19433 250 23100.507 0 0
43670 10 6 6 0 0.066 0.296 0.002 0.919 0.038 250 15159 250 16135.687 0 0
43670 1 6 6 0 0.038 0.491 0.379 0.761 0.252 239.897 47 246.745 328.673 0 0
43670 2 6 6 0 0.038 0.491 0.379 0.761 0.252 237.003 54 245.111 377.56 0 0
43670 3 6 6 0 0.038 0.491 0.379 0.761 0.252 238.408 49 245.991 389.3 0 0
43670 4 6 6 0 0.038 0.491 0.379 0.761 0.252 238.5 45 245.851 320.947 0 0
43670 5 6 6 0 0.038 0.491 0.379 0.761 0.252 235.344 52 244.939 358.8 0 0
43670 6 6 6 0 0.038 0.491 0.379 0.761 0.252 238.139 55 246.823 372.347 0 0
43670 7 6 6 0 0.038 0.491 0.379 0.761 0.252 231.812 39 246.2 349.827 0 0
43670 8 6 6 0 0.038 0.491 0.379 0.761 0.252 237.283 57 246.648 372.127 0 0
43670 9 6 6 0 0.038 0.491 0.379 0.761 0.252 237.018 43 245.547 366.073 0 0
43670 10 6 6 0 0.038 0.491 0.379 0.761 0.252 236.717 52 245.752 391.113 0 0
43670 1 6 6 0 0.049 0.252 0.219 0.959 0.947 250 0 250 0 0 1
43670 2 6 6 0 0.049 0.252 0.219 0.959 0.947 250 0 250 0 0 1
43670 3 6 6 0 0.049 0.252 0.219 0.959 0.947 250 0 250 0 0 1
43670 1 6 9 0 0.066 0.282 0.136 0.967 0.496 237.199 6 247.208 20.713 0 0.387
43670 2 6 9 0 0.066 0.282 0.136 0.967 0.496 236.787 10 247.043 29.853 0 0
43670 3 6 9 0 0.066 0.282 0.136 0.967 0.496 240.62 2 247.208 16.773 0 0.647
43670 4 6 9 0 0.066 0.282 0.136 0.967 0.496 236.84 4 247.057 17.533 0 0.72
43670 5 6 9 0 0.066 0.282 0.136 0.967 0.496 240.156 6 247.346 26.987 0 0.533
43670 6 6 9 0 0.066 0.282 0.136 0.967 0.496 239.238 5 246.78 24.173 0 0.473
43670 7 6 9 0 0.066 0.282 0.136 0.967 0.496 240.849 4 247.367 17.533 0 0.673
43670 8 6 9 0 0.066 0.282 0.136 0.967 0.496 239.196 3 247.021 20.307 0 0.587
43670 9 6 9 0 0.066 0.282 0.136 0.967 0.496 238.352 5 247.429 17.52 0 0.733
43670 10 6 9 0 0.066 0.282 0.136 0.967 0.496 231.363 7 246.791 19.227 0 0.58
43670 1 6 9 0 0.066 0.064 0.234 0.756 0.023 238.204 41 246.631 1306.787 0 0
43670 2 6 9 0 0.066 0.064 0.234 0.756 0.023 234.103 51 246.122 1278.42 0 0
43670 3 6 9 0 0.066 0.064 0.234 0.756 0.023 238.855 31 246.437 1029.027 0 0
43670 4 6 9 0 0.066 0.064 0.234 0.756 0.023 236.786 33 246.014 1304.493 0 0
43670 5 6 9 0 0.066 0.064 0.234 0.756 0.023 237.04 56 245.775 1286.013 0 0
43670 6 6 9 0 0.066 0.064 0.234 0.756 0.023 234.489 28 246.312 1220.42 0 0
43670 7 6 9 0 0.066 0.064 0.234 0.756 0.023 237.216 33 246.132 1067.907 0 0
43670 8 6 9 0 0.066 0.064 0.234 0.756 0.023 227.766 31 245.843 1321.007 0 0
43670 9 6 9 0 0.066 0.064 0.234 0.756 0.023 236.057 41 245.019 1158.173 0 0
43670 10 6 9 0 0.066 0.064 0.234 0.756 0.023 238.921 37 246.801 1213.34 0 0
43670 1 6 9 0 0.063 0.31 0.097 0.906 0.727 250 0 250 0 0 1
43670 2 6 9 0 0.063 0.31 0.097 0.906 0.727 250 0 250 0 0 1
43670 3 6 9 0 0.063 0.31 0.097 0.906 0.727 250 0 250 0 0 1
43670 4 6 9 0 0.063 0.31 0.097 0.906 0.727 250 0 250 0 0 1
43670 5 6 9 0 0.063 0.31 0.097 0.906 0.727 250 0 250 0 0 1
43670 6 6 9 0 0.063 0.31 0.097 0.906 0.727 250 0 250 0 0 1
43670 7 6 9 0 0.063 0.31 0.097 0.906 0.727 250 0 250 0 0 1
43670 8 6 9 0 0.063 0.31 0.097 0.906 0.727 250 0 250 0 0 1
43670 9 6 9 0 0.063 0.31 0.097 0.906 0.727 250 0 250 0 0 1
43670 10 6 9 0 0.063 0.31 0.097 0.906 0.727 249.714 0 249.998 0 0 1
43670 1 6 9 0 0.033 0.204 0.233 0.992 0.623 250 0 250 0 0 1
43670 2 6 9 0 0.033 0.204 0.233 0.992 0.623 250 0 250 0 0 1
43670 3 6 9 0 0.033 0.204 0.233 0.992 0.623 250 0 250 0 0 1
43670 4 6 9 0 0.033 0.204 0.233 0.992 0.623 250 0 250 0 0 1
43670 5 6 9 0 0.033 0.204 0.233 0.992 0.623 250 0 250 0 0 1
43670 6 6 9 0 0.033 0.204 0.233 0.992 0.623 250 0 250 0 0 1
43670 7 6 9 0 0.033 0.204 0.233 0.992 0.623 250 0 250 0 0 1
43670 8 6 9 0 0.033 0.204 0.233 0.992 0.623 250 0 250 0.673 0 1
43670 9 6 9 0 0.033 0.204 0.233 0.992 0.623 250 0 250 0 0 1
43670 10 6 9 0 0.033 0.204 0.233 0.992 0.623 250 0 250 0 0 1
43670 1 6 9 0 0.041 0.428 0.088 0.849 0.827 250 0 250 0 0 1
43670 2 6 9 0 0.041 0.428 0.088 0.849 0.827 250 0 250 0 0 1
43670 3 6 9 0 0.041 0.428 0.088 0.849 0.827 250 0 250 0 0 1
43670 4 6 9 0 0.041 0.428 0.088 0.849 0.827 250 1 250 1 0 1
43670 5 6 9 0 0.041 0.428 0.088 0.849 0.827 250 0 250 0 0 1
43670 6 6 9 0 0.041 0.428 0.088 0.849 0.827 250 0 250 0 0 1
43670 7 6 9 0 0.041 0.428 0.088 0.849 0.827 250 0 250 0 0 1
43670 8 6 9 0 0.041 0.428 0.088 0.849 0.827 250 0 250 0 0 1
43670 9 6 9 0 0.041 0.428 0.088 0.849 0.827 250 0 250 0 0 1
43670 10 6 9 0 0.041 0.428 0.088 0.849 0.827 250 0 250 0 0 1
43670 1 6 9 0 0.016 0.184 0.451 0.802 0.107 239.021 40 246.869 425.367 0 0
43670 2 6 9 0 0.016 0.184 0.451 0.802 0.107 238.357 54 245.504 395.127 0 0
43670 3 6 9 0 0.016 0.184 0.451 0.802 0.107 240.213 46 247.092 406.467 0 0
43670 4 6 9 0 0.016 0.184 0.451 0.802 0.107 237.072 79 245.6 485.38 0 0
43670 5 6 9 0 0.016 0.184 0.451 0.802 0.107 234.893 45 246.194 425.2 0 0
43670 6 6 9 0 0.016 0.184 0.451 0.802 0.107 239.24 33 246.327 467.613 0 0
43670 7 6 9 0 0.016 0.184 0.451 0.802 0.107 239.554 39 247.066 447.193 0 0
43670 8 6 9 0 0.016 0.184 0.451 0.802 0.107 236.963 47 246.138 422.893 0 0
43670 9 6 9 0 0.016 0.184 0.451 0.802 0.107 238.502 36 246.29 449.92 0 0
43670 10 6 9 0 0.016 0.184 0.451 0.802 0.107 238.5 40 246.806 461.207 0 0
43670 1 6 9 0 0.047 0.438 0.434 0.953 0.259 236.297 33 245.546 179.36 0 0
43670 2 6 9 0 0.047 0.438 0.434 0.953 0.259 234.539 28 245.151 162.6 0 0
43670 3 6 9 0 0.047 0.438 0.434 0.953 0.259 235.374 20 246.398 144.853 0 0
43670 4 6 9 0 0.047 0.438 0.434 0.953 0.259 233.079 27 244.956 174.867 0 0
43670 5 6 9 0 0.047 0.438 0.434 0.953 0.259 231.381 27 245.417 165.393 0 0
43670 6 6 9 0 0.047 0.438 0.434 0.953 0.259 235.575 37 245.683 172.88 0 0
43670 7 6 9 0 0.047 0.438 0.434 0.953 0.259 239.838 24 246.337 161.627 0 0
43670 8 6 9 0 0.047 0.438 0.434 0.953 0.259 228.128 32 243.502 176.96 0 0
43670 9 6 9 0 0.047 0.438 0.434 0.953 0.259 233.813 22 245.419 165.747 0 0
43670 10 6 9 0 0.047 0.438 0.434 0.953 0.259 237.788 18 246.414 120.827 0 0
43670 1 6 6 1 0.049 0.475 0.284 0.994 0.156 244.426 930 247.542 1383.24 0 0
43670 2 6 6 1 0.049 0.475 0.284 0.994 0.156 242.995 1115 247.757 1393.147 0 0
43670 3 6 6 1 0.049 0.475 0.284 0.994 0.156 243.767 1229 247.58 1472.327 0 0
43670 4 6 6 1 0.049 0.475 0.284 0.994 0.156 241.334 1099 247.036 1342.24 0 0
43670 5 6 6 1 0.049 0.475 0.284 0.994 0.156 243.386 1067 247.522 1432.82 0 0
43670 6 6 6 1 0.049 0.475 0.284 0.994 0.156 241.523 994 247.164 1492.3 0 0
43670 7 6 6 1 0.049 0.475 0.284 0.994 0.156 243.464 1185 247.37 1528.42 0 0
43670 8 6 6 1 0.049 0.475 0.284 0.994 0.156 241.173 1175 247.351 1437.993 0 0
43670 9 6 6 1 0.049 0.475 0.284 0.994 0.156 242.721 1207 247.727 1507.847 0 0
43670 10 6 6 1 0.049 0.475 0.284 0.994 0.156 241.929 1024 246.906 1411.173 0 0
43670 1 6 6 1 0.07 0.475 0.152 0.915 0.315 243.026 1090 247.268 1388.607 0 0
43670 2 6 6 1 0.07 0.475 0.152 0.915 0.315 241.692 939 246.851 1348.987 0 0
43670 3 6 6 1 0.07 0.475 0.152 0.915 0.315 243.024 997 247.298 1342.467 0 0
43670 4 6 6 1 0.07 0.475 0.152 0.915 0.315 242.326 1077 246.907 1390.087 0 0
43670 5 6 6 1 0.07 0.475 0.152 0.915 0.315 243.516 1123 247.817 1428.007 0 0
43670 6 6 6 1 0.07 0.475 0.152 0.915 0.315 243.227 1018 247.54 1424.293 0 0
43670 7 6 6 1 0.07 0.475 0.152 0.915 0.315 243.382 1144 247.463 1413.487 0 0
43670 8 6 6 1 0.07 0.475 0.152 0.915 0.315 244.573 1024 247.855 1448.667 0 0
43670 9 6 6 1 0.07 0.475 0.152 0.915 0.315 241.578 1116 247.435 1389.353 0 0
43670 10 6 6 1 0.07 0.475 0.152 0.915 0.315 240.525 1061 246.573 1352.08 0 0
43670 1 6 6 1 0.107 0.056 0.174 0.953 0.562 250 0 250 0 0 1
43670 2 6 6 1 0.107 0.056 0.174 0.953 0.562 250 0 250 0 0 1
43670 3 6 6 1 0.107 0.056 0.174 0.953 0.562 250 0 250 0 0 1
43670 4 6 6 1 0.107 0.056 0.174 0.953 0.562 250 0 250 0 0 1
43670 5 6 6 1 0.107 0.056 0.174 0.953 0.562 250 0 250 0 0 1
43670 6 6 6 1 0.107 0.056 0.174 0.953 0.562 250 0 250 0 0 1
43670 7 6 6 1 0.107 0.056 0.174 0.953 0.562 250 0 250 0 0 1
43670 8 6 6 1 0.107 0.056 0.174 0.953 0.562 250 0 250 0 0 1
43670 9 6 6 1 0.107 0.056 0.174 0.953 0.562 250 0 250 0 0 1
43670 10 6 6 1 0.107 0.056 0.174 0.953 0.562 250 0 250 0 0 1
43670 1 6 6 1 0.004 0.422 0.489 0.755 0.283 207.832 2 222.632 14.773 0 0.533
43670 2 6 6 1 0.004 0.422 0.489 0.755 0.283 200.307 0 215.985 13.793 0 0.527
43670 3 6 6 1 0.004 0.422 0.489 0.755 0.283 220.944 2 230.437 11.92 0 0.58
43670 4 6 6 1 0.004 0.422 0.489 0.755 0.283 214.242 3 226.124 13.547 0 0.567
43670 5 6 6 1 0.004 0.422 0.489 0.755 0.283 211.558 4 223.48 15.753 0 0.487
43670 6 6 6 1 0.004 0.422 0.489 0.755 0.283 202.696 4 220.836 14.16 0 0.48
43670 7 6 6 1 0.004 0.422 0.489 0.755 0.283 212.173 0 226.214 7.46 0 0.713
43670 8 6 6 1 0.004 0.422 0.489 0.755 0.283 218.44 6 234.326 19.267 0 0.467
43670 9 6 6 1 0.004 0.422 0.489 0.755 0.283 215.658 3 227.836 14.12 0 0.52
43670 10 6 6 1 0.004 0.422 0.489 0.755 0.283 215.317 6 223.478 14.84 0 0.547
43670 1 6 6 1 0.058 0.086 0.209 0.805 0.022 245.921 1912 248.578 2153.74 0 0
43670 2 6 6 1 0.058 0.086 0.209 0.805 0.022 245.969 1928 248.797 2281.32 0 0
43670 3 6 6 1 0.058 0.086 0.209 0.805 0.022 246.081 1762 248.519 1985.713 0 0
43670 4 6 6 1 0.058 0.086 0.209 0.805 0.022 246.746 1854 249.094 2180.933 0 0
43670 5 6 6 1 0.058 0.086 0.209 0.805 0.022 245.36 1945 248.865 2175.887 0 0
43670 6 6 6 1 0.058 0.086 0.209 0.805 0.022 245.067 1756 248.809 2046.213 0 0
43670 7 6 6 1 0.058 0.086 0.209 0.805 0.022 245.643 1871 248.88 2180.233 0 0
43670 8 6 6 1 0.058 0.086 0.209 0.805 0.022 246.461 1732 248.751 2018.627 0 0
43670 9 6 6 1 0.058 0.086 0.209 0.805 0.022 245.934 1717 248.653 2064.147 0 0
43670 10 6 6 1 0.058 0.086 0.209 0.805 0.022 245.443 1690 248.594 2109.94 0 0
43670 1 6 6 1 0.072 0.442 0.1 0.96 0.136 246.835 2123 249.175 2447.033 0 0
43670 2 6 6 1 0.072 0.442 0.1 0.96 0.136 247.39 2274 249.205 2643.4 0 0
43670 3 6 6 1 0.072 0.442 0.1 0.96 0.136 246.246 1985 249.104 2520.06 0 0
43670 4 6 6 1 0.072 0.442 0.1 0.96 0.136 246.048 2180 249.256 2466 0 0
43670 5 6 6 1 0.072 0.442 0.1 0.96 0.136 245.849 2005 248.879 2420.913 0 0
43670 6 6 6 1 0.072 0.442 0.1 0.96 0.136 247.181 2078 249.095 2585.78 0 0
43670 7 6 6 1 0.072 0.442 0.1 0.96 0.136 246.744 2138 248.984 2464.26 0 0
43670 8 6 6 1 0.072 0.442 0.1 0.96 0.136 246.858 2090 248.99 2425.553 0 0
43670 9 6 6 1 0.072 0.442 0.1 0.96 0.136 246.295 2333 249.177 2602.553 0 0
43670 10 6 6 1 0.072 0.442 0.1 0.96 0.136 246.896 2007 249.018 2471.02 0 0
43670 1 6 6 1 0.072 0.066 0.065 0.822 0.952 250 0 250 0 0 1
43670 2 6 6 1 0.072 0.066 0.065 0.822 0.952 250 0 250 0.627 0 1
43670 3 6 6 1 0.072 0.066 0.065 0.822 0.952 250 0 250 0 0 1
43670 4 6 6 1 0.072 0.066 0.065 0.822 0.952 250 0 250 0 0 1
43670 5 6 6 1 0.072 0.066 0.065 0.822 0.952 250 0 250 0 0 1
43670 6 6 6 1 0.072 0.066 0.065 0.822 0.952 250 0 250 0 0 1
43670 1 6 5 0 0.008 0.294 0.316 0.771 0.576 250 1 250 1 0 1
43670 2 6 5 0 0.008 0.294 0.316 0.771 0.576 250 0 250 0 0 1
43670 3 6 5 0 0.008 0.294 0.316 0.771 0.576 250 0 250 0 0 1
43670 4 6 5 0 0.008 0.294 0.316 0.771 0.576 250 0 250 0 0 1
43670 5 6 5 0 0.008 0.294 0.316 0.771 0.576 250 0 250 0 0 1
43670 6 6 5 0 0.008 0.294 0.316 0.771 0.576 250 0 250 0 0 1
43670 7 6 5 0 0.008 0.294 0.316 0.771 0.576 250 0 250 0 0 1
43670 8 6 5 0 0.008 0.294 0.316 0.771 0.576 250 0 250 0 0 1
43670 9 6 5 0 0.008 0.294 0.316 0.771 0.576 250 0 250 0.327 0 1
43670 10 6 5 0 0.008 0.294 0.316 0.771 0.576 250 0 250 0 0 1
43670 1 6 5 0 0.1 0.492 0.04 0.918 0.308 224.387 55 242.866 1447.167 0 0
43670 2 6 5 0 0.1 0.492 0.04 0.918 0.308 227.032 249 242.542 1630.173 0 0
43670 3 6 5 0 0.1 0.492 0.04 0.918 0.308 232.763 60 243.654 1498.173 0 0
43670 4 6 5 0 0.1 0.492 0.04 0.918 0.308 233.734 56 244.329 1453.72 0 0
43670 5 6 5 0 0.1 0.492 0.04 0.918 0.308 231.999 55 243.994 1525.253 0 0
43670 6 6 5 0 0.1 0.492 0.04 0.918 0.308 235.087 42 244.478 1393.073 0 0
43670 7 6 5 0 0.1 0.492 0.04 0.918 0.308 237.082 55 244.344 1579.873 0 0
43670 8 6 5 0 0.1 0.492 0.04 0.918 0.308 224.929 114 242.365 1465.693 0 0
43670 9 6 5 0 0.1 0.492 0.04 0.918 0.308 230.268 58 243.59 1453.08 0 0
43670 10 6 5 0 0.1 0.492 0.04 0.918 0.308 229.273 268 243.395 1572.147 0 0
43670 1 6 5 0 0.115 0.221 0.417 0.992 0.582 250 0 250 0 0 1
43670 2 6 5 0 0.115 0.221 0.417 0.992 0.582 250 1 250 1 0 1
43670 3 6 5 0 0.115 0.221 0.417 0.992 0.582 250 0 250 0 0 1
43670 4 6 5 0 0.115 0.221 0.417 0.992 0.582 250 0 250 0 0 1
43670 5 6 5 0 0.115 0.221 0.417 0.992 0.582 250 0 250 0 0 1
43670 6 6 5 0 0.115 0.221 0.417 0.992 0.582 250 0 250 0 0 1
43670 7 6 5 0 0.115 0.221 0.417 0.992 0.582 250 0 250 0.233 0 1
43670 8 6 5 0 0.115 0.221 0.417 0.992 0.582 250 0 250 0 0 1
43670 9 6 5 0 0.115 0.221 0.417 0.992 0.582 250 0 250 0 0 1
43670 10 6 5 0 0.115 0.221 0.417 0.992 0.582 250 0 250 0 0 1
43670 1 6 5 0 0.103 0.087 0.473 0.907 0.809 250 0 250 0 0 1
43670 2 6 5 0 0.103 0.087 0.473 0.907 0.809 250 0 250 0 0 1
43670 3 6 5 0 0.103 0.087 0.473 0.907 0.809 250 0 250 0 0 1
43670 4 6 5 0 0.103 0.087 0.473 0.907 0.809 250 0 250 0 0 1
43670 5 6 5 0 0.103 0.087 0.473 0.907 0.809 250 1 250 1 0 1
43670 6 6 5 0 0.103 0.087 0.473 0.907 0.809 250 0 250 0 0 1
43670 7 6 5 0 0.103 0.087 0.473 0.907 0.809 250 0 250 0 0 1
43670 8 6 5 0 0.103 0.087 0.473 0.907 0.809 250 0 250 0 0 1
43670 9 6 5 0 0.103 0.087 0.473 0.907 0.809 250 0 250 0 0 1
43670 10 6 5 0 0.103 0.087 0.473 0.907 0.809 250 0 250 0.233 0 1
43670 1 6 5 0 0.021 0.185 0.5 0.968 0.492 250 0 250 0 0 1
43670 2 6 5 0 0.021 0.185 0.5 0.968 0.492 250 0 250 0 0 1
43670 3 6 5 0 0.021 0.185 0.5 0.968 0.492 250 1 250 1 0 1
43670 4 6 5 0 0.021 0.185 0.5 0.968 0.492 250 0 250 0 0 1
43670 5 6 5 0 0.021 0.185 0.5 0.968 0.492 250 0 250 0 0 1
43670 6 6 5 0 0.021 0.185 0.5 0.968 0.492 250 0 250 0 0 1
43670 7 6 5 0 0.021 0.185 0.5 0.968 0.492 250 0 250 0 0 1
43670 8 6 5 0 0.021 0.185 0.5 0.968 0.492 250 0 250 0 0 1
43670 9 6 5 0 0.021 0.185 0.5 0.968 0.492 250 0 250 0.847 0 1
43670 10 6 5 0 0.021 0.185 0.5 0.968 0.492 250 0 250 0 0 1
43670 1 6 5 0 0.014 0.439 0.471 0.752 0.587 250 0 250 0 0 1
43670 2 6 5 0 0.014 0.439 0.471 0.752 0.587 250 0 250 0 0 1
43670 3 6 5 0 0.014 0.439 0.471 0.752 0.587 250 0 250 0.16 0 1
43670 4 6 5 0 0.014 0.439 0.471 0.752 0.587 250 1 250 1 0 1
43670 5 6 5 0 0.014 0.439 0.471 0.752 0.587 250 0 250 0.807 0 1
43670 6 6 5 0 0.014 0.439 0.471 0.752 0.587 250 0 250 0 0 1
43670 7 6 5 0 0.014 0.439 0.471 0.752 0.587 250 0 250 0 0 1
43670 8 6 5 0 0.014 0.439 0.471 0.752 0.587 250 0 250 0 0 1
43670 9 6 5 0 0.014 0.439 0.471 0.752 0.587 250 0 250 0 0 1
43670 10 6 5 0 0.014 0.439 0.471 0.752 0.587 250 0 250 0 0 1
43670 1 6 5 0 0.097 0.258 0.08 0.762 0.765 249.831 0 249.999 0 0 1
43670 2 6 5 0 0.097 0.258 0.08 0.762 0.765 250 0 250 0 0 1
43670 3 6 5 0 0.097 0.258 0.08 0.762 0.765 250 1 250 1 0 1
43670 4 6 5 0 0.097 0.258 0.08 0.762 0.765 250 0 250 0 0 1
43670 5 6 5 0 0.097 0.258 0.08 0.762 0.765 249.901 0 249.999 0 0 1
43670 6 6 5 0 0.097 0.258 0.08 0.762 0.765 249.923 0 249.999 0 0 1
43670 7 6 5 0 0.097 0.258 0.08 0.762 0.765 250 0 250 0 0 1
43670 8 6 5 0 0.097 0.258 0.08 0.762 0.765 250 0 250 0 0 1
43670 9 6 5 0 0.097 0.258 0.08 0.762 0.765 250 0 250 0 0 1
43670 10 6 5 0 0.097 0.258 0.08 0.762 0.765 249.909 0 249.999 0 0 1
43670 1 6 5 0 0.08 0.007 0.367 0.787 0.239 250 0 250 0 0 1
43670 2 6 5 0 0.08 0.007 0.367 0.787 0.239 250 1 250 1.587 0 1
43670 3 6 5 0 0.08 0.007 0.367 0.787 0.239 250 0 250 0 0 1
43670 4 6 5 0 0.08 0.007 0.367 0.787 0.239 250 0 250 0 0 1
43670 5 6 5 0 0.08 0.007 0.367 0.787 0.239 250 0 250 0 0 1
43670 1 6 10 0 0.108 0.062 0.038 0.947 0.054 246.282 2744 249.502 4057.173 0 0
43670 2 6 10 0 0.108 0.062 0.038 0.947 0.054 242.024 2519 248.969 3907.047 0 0
43670 3 6 10 0 0.108 0.062 0.038 0.947 0.054 245.422 2007 249.403 4428.427 0 0
43670 4 6 10 0 0.108 0.062 0.038 0.947 0.054 244.23 2993 249.203 3954.673 0 0
43670 5 6 10 0 0.108 0.062 0.038 0.947 0.054 246.83 3262 249.498 4325.04 0 0
43670 6 6 10 0 0.108 0.062 0.038 0.947 0.054 244.289 2520 249.004 4101.86 0 0
43670 7 6 10 0 0.108 0.062 0.038 0.947 0.054 245.424 2662 249.224 4139.293 0 0
43670 8 6 10 0 0.108 0.062 0.038 0.947 0.054 244.916 2473 249.142 4302.613 0 0
43670 9 6 10 0 0.108 0.062 0.038 0.947 0.054 244.183 2148 249.298 4175.513 0 0
43670 10 6 10 0 0.108 0.062 0.038 0.947 0.054 248.125 2903 249.691 4408.72 0 0
43670 1 6 10 0 0.063 0.049 0.168 0.913 0.793 250 0 250 0 0 1
43670 2 6 10 0 0.063 0.049 0.168 0.913 0.793 250 0 250 0 0 1
43670 3 6 10 0 0.063 0.049 0.168 0.913 0.793 250 0 250 0 0 1
43670 4 6 10 0 0.063 0.049 0.168 0.913 0.793 250 0 250 0 0 1
43670 5 6 10 0 0.063 0.049 0.168 0.913 0.793 250 0 250 0 0 1
43670 6 6 10 0 0.063 0.049 0.168 0.913 0.793 250 0 250 0 0 1
43670 7 6 10 0 0.063 0.049 0.168 0.913 0.793 250 0 250 0 0 1
43670 8 6 10 0 0.063 0.049 0.168 0.913 0.793 250 0 250 0 0 1
43670 9 6 10 0 0.063 0.049 0.168 0.913 0.793 250 0 250 0 0 1
43670 10 6 10 0 0.063 0.049 0.168 0.913 0.793 250 0 250 0 0 1
43670 1 6 10 0 0.029 0.215 0.107 0.811 0.923 250 0 250 0 0 1
43670 2 6 10 0 0.029 0.215 0.107 0.811 0.923 250 0 250 0 0 1
43670 3 6 10 0 0.029 0.215 0.107 0.811 0.923 250 0 250 0 0 1
43670 4 6 10 0 0.029 0.215 0.107 0.811 0.923 250 0 250 0 0 1
43670 5 6 10 0 0.029 0.215 0.107 0.811 0.923 250 0 250 0 0 1
43670 6 6 10 0 0.029 0.215 0.107 0.811 0.923 250 0 250 0 0 1
43670 7 6 10 0 0.029 0.215 0.107 0.811 0.923 250 0 250 0 0 1
43670 8 6 10 0 0.029 0.215 0.107 0.811 0.923 250 0 250 0 0 1
43670 9 6 10 0 0.029 0.215 0.107 0.811 0.923 250 0 250 0 0 1
43670 10 6 10 0 0.029 0.215 0.107 0.811 0.923 250 0 250 0 0 1
43670 1 6 10 0 0.036 0.327 0.293 0.907 0.1 237.936 43 245.233 887.707 0 0
43670 2 6 10 0 0.036 0.327 0.293 0.907 0.1 237.606 27 246.976 913.927 0 0
43670 3 6 10 0 0.036 0.327 0.293 0.907 0.1 239.862 37 246.13 872.753 0 0
43670 4 6 10 0 0.036 0.327 0.293 0.907 0.1 238.655 41 247 891.033 0 0
43670 5 6 10 0 0.036 0.327 0.293 0.907 0.1 236.236 33 246.181 831.187 0 0
43670 6 6 10 0 0.036 0.327 0.293 0.907 0.1 235.546 34 245.955 770.6 0 0
43670 7 6 10 0 0.036 0.327 0.293 0.907 0.1 239.643 43 246.748 809.4 0 0
43670 8 6 10 0 0.036 0.327 0.293 0.907 0.1 229.573 35 246.283 752.933 0 0
43670 9 6 10 0 0.036 0.327 0.293 0.907 0.1 236.702 26 247.282 864.167 0 0
43670 10 6 10 0 0.036 0.327 0.293 0.907 0.1 238.318 45 246.71 869.3 0 0
43670 1 6 10 0 0.078 0.36 0.496 0.801 0.596 250 0 250 0 0 1
43670 2 6 10 0 0.078 0.36 0.496 0.801 0.596 250 0 250 0 0 1
43670 3 6 10 0 0.078 0.36 0.496 0.801 0.596 250 0 250 0 0 1
43670 4 6 10 0 0.078 0.36 0.496 0.801 0.596 250 0 250 0 0 1
43670 5 6 10 0 0.078 0.36 0.496 0.801 0.596 250 0 250 0 0 1
43670 6 6 10 0 0.078 0.36 0.496 0.801 0.596 250 0 250 0 0 1
43670 7 6 10 0 0.078 0.36 0.496 0.801 0.596 250 0 250 0 0 1
43670 8 6 10 0 0.078 0.36 0.496 0.801 0.596 250 0 250 0 0 1
43670 9 6 10 0 0.078 0.36 0.496 0.801 0.596 250 0 250 0 0 1
43670 10 6 10 0 0.078 0.36 0.496 0.801 0.596 250 0 250 0 0 1
43670 1 6 10 0 0.117 0.327 0.319 0.894 0.858 250 0 250 0 0 1
43670 2 6 10 0 0.117 0.327 0.319 0.894 0.858 250 0 250 0 0 1
43670 3 6 10 0 0.117 0.327 0.319 0.894 0.858 250 0 250 0 0 1
43670 4 6 10 0 0.117 0.327 0.319 0.894 0.858 250 0 250 0 0 1
43670 5 6 10 0 0.117 0.327 0.319 0.894 0.858 250 0 250 0 0 1
43670 6 6 10 0 0.117 0.327 0.319 0.894 0.858 250 0 250 0 0 1
43670 7 6 10 0 0.117 0.327 0.319 0.894 0.858 250 0 250 0 0 1
43670 8 6 10 0 0.117 0.327 0.319 0.894 0.858 250 0 250 0 0 1
43670 9 6 10 0 0.117 0.327 0.319 0.894 0.858 250 0 250 0 0 1
43670 10 6 10 0 0.117 0.327 0.319 0.894 0.858 250 0 250 0 0 1
43670 1 6 10 0 0.019 0.345 0.333 0.953 0.186 238.669 47 246.579 561.973 0 0
43670 2 6 10 0 0.019 0.345 0.333 0.953 0.186 236.032 41 246.437 568.76 0 0
43670 3 6 10 0 0.019 0.345 0.333 0.953 0.186 238.699 46 246.557 553.953 0 0
43670 4 6 10 0 0.019 0.345 0.333 0.953 0.186 237.785 34 246.705 554.373 0 0
43670 5 6 10 0 0.019 0.345 0.333 0.953 0.186 237.528 43 245.515 527.927 0 0
43670 6 6 10 0 0.019 0.345 0.333 0.953 0.186 236.158 41 246.595 549.833 0 0
43670 7 6 10 0 0.019 0.345 0.333 0.953 0.186 235.077 47 245.938 565.8 0 0
43670 8 6 10 0 0.019 0.345 0.333 0.953 0.186 237.419 51 246.494 557.733 0 0
43670 9 6 10 0 0.019 0.345 0.333 0.953 0.186 239.65 37 245.902 515.1 0 0
43670 10 6 10 0 0.019 0.345 0.333 0.953 0.186 237.073 35 246.322 512.433 0 0
43670 1 6 10 0 0.049 0.117 0.058 0.777 0.499 234.762 6 244.378 36.287 0 0.353
43670 2 6 10 0 0.049 0.117 0.058 0.777 0.499 241.103 5 246.874 24.807 0 0.607
43670 3 6 10 0 0.049 0.117 0.058 0.777 0.499 228.351 7 245.501 33.913 0 0.293
43670 1 6 7 0 0.043 0.283 0.175 0.907 0.483 238.88 4 248.347 16.853 0 0.72
43670 2 6 7 0 0.043 0.283 0.175 0.907 0.483 236.375 6 247.813 15.533 0 0.76
43670 3 6 7 0 0.043 0.283 0.175 0.907 0.483 239.41 5 247.807 22.453 0 0.607
43670 4 6 7 0 0.043 0.283 0.175 0.907 0.483 237.391 8 247.609 19.353 0 0.533
43670 5 6 7 0 0.043 0.283 0.175 0.907 0.483 236.479 3 247.233 18.7 0 0.687
43670 6 6 7 0 0.043 0.283 0.175 0.907 0.483 240.287 3 248.119 14.293 0 0.727
43670 7 6 7 0 0.043 0.283 0.175 0.907 0.483 238.396 3 247.488 15.307 0 0.787
43670 8 6 7 0 0.043 0.283 0.175 0.907 0.483 239.679 8 247.725 27.813 0 0.12
43670 9 6 7 0 0.043 0.283 0.175 0.907 0.483 240.551 3 247.619 16.947 0 0.773
43670 10 6 7 0 0.043 0.283 0.175 0.907 0.483 240.15 6 248.839 15.4 0 0.807
43670 1 6 7 0 0.069 0.301 0.047 0.947 0.66 250 0 250 0 0 1
43670 2 6 7 0 0.069 0.301 0.047 0.947 0.66 250 0 250 0.187 0 1
43670 3 6 7 0 0.069 0.301 0.047 0.947 0.66 250 0 250 0 0 1
43670 4 6 7 0 0.069 0.301 0.047 0.947 0.66 249.934 1 249.999 1.82 0 1
43670 5 6 7 0 0.069 0.301 0.047 0.947 0.66 250 1 250 1 0 1
43670 6 6 7 0 0.069 0.301 0.047 0.947 0.66 250 0 250 0 0 1
43670 7 6 7 0 0.069 0.301 0.047 0.947 0.66 250 0 250 0 0 1
43670 8 6 7 0 0.069 0.301 0.047 0.947 0.66 250 1 250 1 0 1
43670 9 6 7 0 0.069 0.301 0.047 0.947 0.66 250 0 250 0 0 1
43670 10 6 7 0 0.069 0.301 0.047 0.947 0.66 250 0 250 0 0 1
43670 1 6 7 0 0.094 0.189 0.352 0.884 0.672 250 0 250 0 0 1
43670 2 6 7 0 0.094 0.189 0.352 0.884 0.672 250 0 250 0 0 1
43670 3 6 7 0 0.094 0.189 0.352 0.884 0.672 250 0 250 0 0 1
43670 4 6 7 0 0.094 0.189 0.352 0.884 0.672 250 1 250 1 0 1
43670 5 6 7 0 0.094 0.189 0.352 0.884 0.672 250 0 250 0 0 1
43670 6 6 7 0 0.094 0.189 0.352 0.884 0.672 250 0 250 0 0 1
43670 7 6 7 0 0.094 0.189 0.352 0.884 0.672 250 0 250 0 0 1
43670 8 6 7 0 0.094 0.189 0.352 0.884 0.672 250 0 250 0 0 1
43670 9 6 7 0 0.094 0.189 0.352 0.884 0.672 250 0 250 0 0 1
43670 10 6 7 0 0.094 0.189 0.352 0.884 0.672 250 0 250 0 0 1
43670 1 6 7 0 0.01 0.356 0.082 0.885 0.357 235.659 49 246.44 553.913 0 0
43670 2 6 7 0 0.01 0.356 0.082 0.885 0.357 238.177 50 245.773 555.933 0 0
43670 3 6 7 0 0.01 0.356 0.082 0.885 0.357 235.471 37 245.997 580.56 0 0
43670 4 6 7 0 0.01 0.356 0.082 0.885 0.357 236.012 36 246.946 519.733 0 0
43670 5 6 7 0 0.01 0.356 0.082 0.885 0.357 236.37 49 246.069 587.433 0 0
43670 6 6 7 0 0.01 0.356 0.082 0.885 0.357 232.892 53 245.534 626.167 0 0
43670 7 6 7 0 0.01 0.356 0.082 0.885 0.357 237.146 41 245.467 550.493 0 0
43670 8 6 7 0 0.01 0.356 0.082 0.885 0.357 235.004 37 245.886 624.107 0 0
43670 9 6 7 0 0.01 0.356 0.082 0.885 0.357 238.339 42 246.981 502.973 0 0
43670 10 6 7 0 0.01 0.356 0.082 0.885 0.357 233.241 58 245.701 610.7 0 0
43670 1 6 7 0 0.094 0.096 0.036 0.803 0.889 250 0 250 0 0 1
43670 2 6 7 0 0.094 0.096 0.036 0.803 0.889 250 1 250 1 0 1
43670 3 6 7 0 0.094 0.096 0.036 0.803 0.889 250 0 250 0 0 1
43670 4 6 7 0 0.094 0.096 0.036 0.803 0.889 250 0 250 0 0 1
43670 5 6 7 0 0.094 0.096 0.036 0.803 0.889 250 0 250 0 0 1
43670 6 6 7 0 0.094 0.096 0.036 0.803 0.889 250 0 250 0 0 1
43670 7 6 7 0 0.094 0.096 0.036 0.803 0.889 250 1 250 1 0 1
43670 8 6 7 0 0.094 0.096 0.036 0.803 0.889 250 0 250 0 0 1
43670 9 6 7 0 0.094 0.096 0.036 0.803 0.889 250 0 250 0 0 1
43670 10 6 7 0 0.094 0.096 0.036 0.803 0.889 250 0 250 0 0 1
43670 1 6 7 0 0.064 0.476 0.239 0.874 0.049 234.557 42 244.733 1754.313 0 0
43670 2 6 7 0 0.064 0.476 0.239 0.874 0.049 230.319 45 244.59 1762.28 0 0
43670 3 6 7 0 0.064 0.476 0.239 0.874 0.049 232.349 36 245.548 1876.647 0 0
43670 4 6 7 0 0.064 0.476 0.239 0.874 0.049 232.239 46 244.807 1506.407 0 0
43670 5 6 7 0 0.064 0.476 0.239 0.874 0.049 236.731 43 246.629 1815.5 0 0
43670 6 6 7 0 0.064 0.476 0.239 0.874 0.049 229.72 44 244.412 1736.373 0 0
43670 7 6 7 0 0.064 0.476 0.239 0.874 0.049 222.012 46 243.624 1844.153 0 0
43670 8 6 7 0 0.064 0.476 0.239 0.874 0.049 231.32 60 244.531 1761.833 0 0
43670 9 6 7 0 0.064 0.476 0.239 0.874 0.049 230.23 41 244.37 1540.367 0 0
43670 10 6 7 0 0.064 0.476 0.239 0.874 0.049 233.01 40 244.569 1524.84 0 0
43670 1 6 7 0 0.014 0.337 0.255 0.928 0.313 233.054 24 245.51 239.447 0 0
43670 2 6 7 0 0.014 0.337 0.255 0.928 0.313 233.887 24 245.548 232.707 0 0
43670 3 6 7 0 0.014 0.337 0.255 0.928 0.313 235.653 29 245.582 250.047 0 0
43670 4 6 7 0 0.014 0.337 0.255 0.928 0.313 233.81 28 246.482 249.34 0 0
43670 5 6 7 0 0.014 0.337 0.255 0.928 0.313 236.351 44 245.668 271.66 0 0
43670 6 6 7 0 0.014 0.337 0.255 0.928 0.313 235.099 34 244.754 249.993 0 0
43670 7 6 7 0 0.014 0.337 0.255 0.928 0.313 235.724 28 246.288 249.807 0 0
43670 8 6 7 0 0.014 0.337 0.255 0.928 0.313 238.432 47 245.591 275.38 0 0
43670 9 6 7 0 0.014 0.337 0.255 0.928 0.313 234.473 33 245.599 306.647 0 0
43670 10 6 7 0 0.014 0.337 0.255 0.928 0.313 228.546 36 245.033 257.107 0 0
43670 1 6 7 0 0.109 0.4 0.05 0.82 0.169 232.572 571 245.022 2460.707 0 0
43670 2 6 7 0 0.109 0.4 0.05 0.82 0.169 234.051 1021 246.425 2481.553 0 0
43670 3 6 7 0 0.109 0.4 0.05 0.82 0.169 244.206 2003 248.399 3101.06 0 0
43670 4 6 7 0 0.109 0.4 0.05 0.82 0.169 244.311 1556 247.857 2683.913 0 0
43670 1 6 4 1 0.025 0.396 0.299 0.809 0.685 250 1 250 1 0 1
43670 2 6 4 1 0.025 0.396 0.299 0.809 0.685 250 1 250 1 0 1
43670 3 6 4 1 0.025 0.396 0.299 0.809 0.685 250 1 250 1 0 1
43670 4 6 4 1 0.025 0.396 0.299 0.809 0.685 250 1 250 1 0 1
43670 5 6 4 1 0.025 0.396 0.299 0.809 0.685 250 1 250 1 0 1
43670 6 6 4 1 0.025 0.396 0.299 0.809 0.685 250 0 250 0 0 1
43670 7 6 4 1 0.025 0.396 0.299 0.809 0.685 250 0 250 0.527 0 1
43670 8 6 4 1 0.025 0.396 0.299 0.809 0.685 250 0 250 0 0 1
43670 9 6 4 1 0.025 0.396 0.299 0.809 0.685 250 0 250 0.713 0 1
43670 10 6 4 1 0.025 0.396 0.299 0.809 0.685 250 0 250 0 0 1
43670 1 6 4 1 0.101 0.068 0.42 0.76 0.142 250 0 250 0 0 1
43670 2 6 4 1 0.101 0.068 0.42 0.76 0.142 250 0 250 0 0 1
43670 3 6 4 1 0.101 0.068 0.42 0.76 0.142 250 0 250 0 0 1
43670 4 6 4 1 0.101 0.068 0.42 0.76 0.142 250 1 250 1 0 1
43670 5 6 4 1 0.101 0.068 0.42 0.76 0.142 250 0 250 0 0 1
43670 6 6 4 1 0.101 0.068 0.42 0.76 0.142 250 0 250 0.973 0 1
43670 7 6 4 1 0.101 0.068 0.42 0.76 0.142 250 0 250 0 0 1
43670 8 6 4 1 0.101 0.068 0.42 0.76 0.142 250 0 250 0 0 1
43670 9 6 4 1 0.101 0.068 0.42 0.76 0.142 250 3 250 3 0 1
43670 10 6 4 1 0.101 0.068 0.42 0.76 0.142 250 0 250 0 0 1
43670 1 6 4 1 0.067 0.002 0.006 0.951 0.812 250 1 250 1 0 1
43670 2 6 4 1 0.067 0.002 0.006 0.951 0.812 250 1 250 1 0 1
43670 3 6 4 1 0.067 0.002 0.006 0.951 0.812 250 0 250 0 0 1
43670 4 6 4 1 0.067 0.002 0.006 0.951 0.812 250 1 250 1 0 1
43670 5 6 4 1 0.067 0.002 0.006 0.951 0.812 250 0 250 0.227 0 1
43670 6 6 4 1 0.067 0.002 0.006 0.951 0.812 250 0 250 0 0 1
43670 7 6 4 1 0.067 0.002 0.006 0.951 0.812 250 0 250 0 0 1
43670 8 6 4 1 0.067 0.002 0.006 0.951 0.812 250 0 250 0 0 1
43670 9 6 4 1 0.067 0.002 0.006 0.951 0.812 250 0 250 0 0 1
43670 10 6 4 1 0.067 0.002 0.006 0.951 0.812 250 1 250 1 0 1
43670 1 6 4 1 0.055 0.074 0.119 0.873 0.806 250 0 250 0 0 1
43670 2 6 4 1 0.055 0.074 0.119 0.873 0.806 250 0 250 0 0 1
43670 3 6 4 1 0.055 0.074 0.119 0.873 0.806 250 0 250 0 0 1
43670 4 6 4 1 0.055 0.074 0.119 0.873 0.806 250 0 250 0 0 1
43670 5 6 4 1 0.055 0.074 0.119 0.873 0.806 250 0 250 0 0 1
43670 6 6 4 1 0.055 0.074 0.119 0.873 0.806 250 0 250 0 0 1
43670 7 6 4 1 0.055 0.074 0.119 0.873 0.806 250 0 250 0 0 1
43670 8 6 4 1 0.055 0.074 0.119 0.873 0.806 250 0 250 0 0 1
43670 9 6 4 1 0.055 0.074 0.119 0.873 0.806 250 0 250 0 0 1
43670 10 6 4 1 0.055 0.074 0.119 0.873 0.806 250 0 250 0 0 1
43670 1 6 4 1 0.09 0.003 0.212 0.798 0.026 249.718 0 249.998 0 0 1
43670 2 6 4 1 0.09 0.003 0.212 0.798 0.026 250 0 250 0 0 1
43670 3 6 4 1 0.09 0.003 0.212 0.798 0.026 250 0 250 0 0 1
43670 4 6 4 1 0.09 0.003 0.212 0.798 0.026 250 0 250 0 0 1
43670 5 6 4 1 0.09 0.003 0.212 0.798 0.026 250 0 250 0 0 1
43670 6 6 4 1 0.09 0.003 0.212 0.798 0.026 250 0 250 0 0 1
43670 7 6 4 1 0.09 0.003 0.212 0.798 0.026 250 0 250 0 0 1
43670 8 6 4 1 0.09 0.003 0.212 0.798 0.026 250 0 250 0 0 1
43670 9 6 4 1 0.09 0.003 0.212 0.798 0.026 250 0 250 0 0 1
43670 10 6 4 1 0.09 0.003 0.212 0.798 0.026 250 0 250 0 0 1
43670 1 6 4 1 0.088 0.016 0.215 0.961 0.988 250 1 250 1 0 1
43670 2 6 4 1 0.088 0.016 0.215 0.961 0.988 250 0 250 0 0 1
43670 3 6 4 1 0.088 0.016 0.215 0.961 0.988 249.729 1 249.998 1 0 1
43670 4 6 4 1 0.088 0.016 0.215 0.961 0.988 250 0 250 0 0 1
43670 5 6 4 1 0.088 0.016 0.215 0.961 0.988 250 0 250 0 0 1
43670 6 6 4 1 0.088 0.016 0.215 0.961 0.988 250 1 250 1 0 1
43670 7 6 4 1 0.088 0.016 0.215 0.961 0.988 250 0 250 0 0 1
43670 1 6 9 1 0.117 0.167 0.169 0.985 0.617 250 1 250 1 0 1
43670 2 6 9 1 0.117 0.167 0.169 0.985 0.617 250 0 250 0 0 1
43670 3 6 9 1 0.117 0.167 0.169 0.985 0.617 250 0 250 0 0 1
43670 4 6 9 1 0.117 0.167 0.169 0.985 0.617 250 0 250 0 0 1
43670 5 6 9 1 0.117 0.167 0.169 0.985 0.617 250 0 250 0 0 1
43670 6 6 9 1 0.117 0.167 0.169 0.985 0.617 250 0 250 0 0 1
43670 7 6 9 1 0.117 0.167 0.169 0.985 0.617 250 0 250 0 0 1
43670 8 6 9 1 0.117 0.167 0.169 0.985 0.617 250 0 250 0 0 1
43670 9 6 9 1 0.117 0.167 0.169 0.985 0.617 250 0 250 0 0 1
43670 10 6 9 1 0.117 0.167 0.169 0.985 0.617 250 0 250 0 0 1
43670 1 6 9 1 0.051 0.057 0.452 0.81 0.221 250 0 250 0 0 1
43670 2 6 9 1 0.051 0.057 0.452 0.81 0.221 250 0 250 0 0 1
43670 3 6 9 1 0.051 0.057 0.452 0.81 0.221 250 0 250 0 0 1
43670 4 6 9 1 0.051 0.057 0.452 0.81 0.221 250 0 250 0 0 1
43670 5 6 9 1 0.051 0.057 0.452 0.81 0.221 250 0 250 0 0 1
43670 6 6 9 1 0.051 0.057 0.452 0.81 0.221 250 0 250 0 0 1
43670 7 6 9 1 0.051 0.057 0.452 0.81 0.221 250 0 250 0 0 1
43670 8 6 9 1 0.051 0.057 0.452 0.81 0.221 250 0 250 0 0 1
43670 9 6 9 1 0.051 0.057 0.452 0.81 0.221 250 0 250 0 0 1
43670 10 6 9 1 0.051 0.057 0.452 0.81 0.221 250 0 250 0 0 1
43670 1 6 9 1 0.1 0.413 0.241 0.875 0.825 250 0 250 0 0 1
43670 2 6 9 1 0.1 0.413 0.241 0.875 0.825 250 0 250 0 0 1
43670 3 6 9 1 0.1 0.413 0.241 0.875 0.825 250 0 250 0 0 1
43670 4 6 9 1 0.1 0.413 0.241 0.875 0.825 250 0 250 0 0 1
43670 5 6 9 1 0.1 0.413 0.241 0.875 0.825 250 0 250 0 0 1
43670 6 6 9 1 0.1 0.413 0.241 0.875 0.825 250 0 250 0 0 1
43670 7 6 9 1 0.1 0.413 0.241 0.875 0.825 250 0 250 0 0 1
43670 8 6 9 1 0.1 0.413 0.241 0.875 0.825 250 1 250 1 0 1
43670 9 6 9 1 0.1 0.413 0.241 0.875 0.825 250 0 250 0 0 1
43670 10 6 9 1 0.1 0.413 0.241 0.875 0.825 250 0 250 0 0 1
43670 1 6 9 1 0.097 0.209 0.316 0.939 0.431 249.541 0 249.994 0 0 1
43670 2 6 9 1 0.097 0.209 0.316 0.939 0.431 249.257 0 249.994 0 0 1
43670 3 6 9 1 0.097 0.209 0.316 0.939 0.431 249.208 0 249.992 0 0 1
43670 4 6 9 1 0.097 0.209 0.316 0.939 0.431 249.483 1 249.994 1 0 1
43670 5 6 9 1 0.097 0.209 0.316 0.939 0.431 247.874 0 249.842 0.04 0 1
43670 6 6 9 1 0.097 0.209 0.316 0.939 0.431 247.874 0 249.98 0 0 1
43670 7 6 9 1 0.097 0.209 0.316 0.939 0.431 248.133 0 249.967 0 0 1
43670 8 6 9 1 0.097 0.209 0.316 0.939 0.431 249.965 0 250 0.02 0 1
43670 9 6 9 1 0.097 0.209 0.316 0.939 0.431 249.357 0 249.995 0 0 1
43670 10 6 9 1 0.097 0.209 0.316 0.939 0.431 250 0 250 0 0 1
43670 1 6 9 1 0.068 0.085 0.446 0.886 0.791 250 0 250 0 0 1
43670 2 6 9 1 0.068 0.085 0.446 0.886 0.791 250 1 250 1 0 1
43670 3 6 9 1 0.068 0.085 0.446 0.886 0.791 250 0 250 0 0 1
43670 4 6 9 1 0.068 0.085 0.446 0.886 0.791 250 0 250 0 0 1
43670 5 6 9 1 0.068 0.085 0.446 0.886 0.791 250 1 250 1 0 1
43670 6 6 9 1 0.068 0.085 0.446 0.886 0.791 250 0 250 0 0 1
43670 7 6 9 1 0.068 0.085 0.446 0.886 0.791 250 0 250 0 0 1
43670 8 6 9 1 0.068 0.085 0.446 0.886 0.791 250 0 250 0 0 1
43670 9 6 9 1 0.068 0.085 0.446 0.886 0.791 250 0 250 0 0 1
43670 10 6 9 1 0.068 0.085 0.446 0.886 0.791 250 0 250 0 0 1
43670 1 6 9 1 0.051 0.491 0.065 0.799 0.258 245.255 1448 248.31 1833.607 0 0
43670 2 6 9 1 0.051 0.491 0.065 0.799 0.258 246.715 1566 248.823 1980.453 0 0
43670 3 6 9 1 0.051 0.491 0.065 0.799 0.258 245.581 1533 248.34 1930.267 0 0
43670 4 6 9 1 0.051 0.491 0.065 0.799 0.258 246.563 1664 248.739 1891.76 0 0
43670 5 6 9 1 0.051 0.491 0.065 0.799 0.258 245.957 1642 248.49 1918.707 0 0
43670 6 6 9 1 0.051 0.491 0.065 0.799 0.258 245.444 1531 248.358 1909.827 0 0
43670 7 6 9 1 0.051 0.491 0.065 0.799 0.258 245.563 1692 248.312 1961.467 0 0
43670 8 6 9 1 0.051 0.491 0.065 0.799 0.258 246.285 1579 248.79 1928.22 0 0
43670 9 6 9 1 0.051 0.491 0.065 0.799 0.258 246.034 1634 248.553 1933.56 0 0
43670 10 6 9 1 0.051 0.491 0.065 0.799 0.258 245.12 1652 248.294 1927.727 0 0
43670 1 6 9 1 0.077 0.412 0.184 0.79 0.143 244.752 1592 248.449 1875.367 0 0
43670 2 6 9 1 0.077 0.412 0.184 0.79 0.143 246.112 1820 248.889 2046.727 0 0
43670 3 6 9 1 0.077 0.412 0.184 0.79 0.143 244.777 1700 248.605 2017.673 0 0
43670 4 6 9 1 0.077 0.412 0.184 0.79 0.143 245.008 1550 248.595 2052.207 0 0
43670 5 6 9 1 0.077 0.412 0.184 0.79 0.143 246.318 1813 248.69 2085.093 0 0
43670 6 6 9 1 0.077 0.412 0.184 0.79 0.143 245.565 1587 248.759 1913.6 0 0
43670 7 6 9 1 0.077 0.412 0.184 0.79 0.143 244.327 1703 248.101 1894.333 0 0
43670 8 6 9 1 0.077 0.412 0.184 0.79 0.143 245.683 1568 248.654 1982.653 0 0
43670 9 6 9 1 0.077 0.412 0.184 0.79 0.143 244.742 1561 248.337 2025.747 0 0
43670 10 6 9 1 0.077 0.412 0.184 0.79 0.143 245.84 1619 248.721 2020.047 0 0
43670 1 6 9 1 0.028 0.19 0.476 0.862 0.678 250 0 250 0 0 1
43670 2 6 9 1 0.028 0.19 0.476 0.862 0.678 250 0 250 0 0 1
43670 3 6 9 1 0.028 0.19 0.476 0.862 0.678 250 0 250 0 0 1
43670 4 6 9 1 0.028 0.19 0.476 0.862 0.678 250 0 250 0 0 1
43670 5 6 9 1 0.028 0.19 0.476 0.862 0.678 250 0 250 0 0 1
43670 6 6 9 1 0.028 0.19 0.476 0.862 0.678 250 0 250 0 0 1
43670 1 6 7 1 0.055 0.143 0.234 0.875 0.508 250 0 250 0 0 1
43670 2 6 7 1 0.055 0.143 0.234 0.875 0.508 250 0 250 0 0 1
43670 3 6 7 1 0.055 0.143 0.234 0.875 0.508 250 0 250 0 0 1
43670 4 6 7 1 0.055 0.143 0.234 0.875 0.508 250 0 250 0 0 1
43670 5 6 7 1 0.055 0.143 0.234 0.875 0.508 250 0 250 0 0 1
43670 6 6 7 1 0.055 0.143 0.234 0.875 0.508 250 0 250 0 0 1
43670 7 6 7 1 0.055 0.143 0.234 0.875 0.508 250 0 250 0 0 1
43670 8 6 7 1 0.055 0.143 0.234 0.875 0.508 250 0 250 0.04 0 1
43670 9 6 7 1 0.055 0.143 0.234 0.875 0.508 250 0 250 0 0 1
43670 10 6 7 1 0.055 0.143 0.234 0.875 0.508 250 1 250 1 0 1
43670 1 6 7 1 0.044 0.439 0.223 0.915 0.174 239.49 885 246.269 1313.213 0 0
43670 2 6 7 1 0.044 0.439 0.223 0.915 0.174 242.417 1195 246.954 1503.947 0 0
43670 3 6 7 1 0.044 0.439 0.223 0.915 0.174 238.472 1096 246.964 1485.507 0 0
43670 4 6 7 1 0.044 0.439 0.223 0.915 0.174 244.898 1169 247.839 1496.807 0 0
43670 5 6 7 1 0.044 0.439 0.223 0.915 0.174 239.505 1019 246.836 1387.907 0 0
43670 6 6 7 1 0.044 0.439 0.223 0.915 0.174 242.57 1250 246.9 1504.44 0 0
43670 7 6 7 1 0.044 0.439 0.223 0.915 0.174 243.23 1063 247.232 1497.9 0 0
43670 8 6 7 1 0.044 0.439 0.223 0.915 0.174 241.21 1069 247.251 1401.333 0 0
43670 9 6 7 1 0.044 0.439 0.223 0.915 0.174 244.949 1253 247.849 1491.693 0 0
43670 10 6 7 1 0.044 0.439 0.223 0.915 0.174 243.698 1134 247.672 1490.14 0 0
43670 1 6 7 1 0.11 0.427 0.247 0.886 0.314 224.312 322 234.264 707.747 0 0
43670 2 6 7 1 0.11 0.427 0.247 0.886 0.314 234.099 388 240.086 820.06 0 0
43670 3 6 7 1 0.11 0.427 0.247 0.886 0.314 229.467 285 237.767 698.833 0 0
43670 4 6 7 1 0.11 0.427 0.247 0.886 0.314 235.05 402 239.924 764.387 0 0
43670 5 6 7 1 0.11 0.427 0.247 0.886 0.314 238.541 410 242.512 791.02 0 0
43670 6 6 7 1 0.11 0.427 0.247 0.886 0.314 235.83 539 239.865 792.027 0 0
43670 7 6 7 1 0.11 0.427 0.247 0.886 0.314 233.162 415 241.195 780.393 0 0
43670 8 6 7 1 0.11 0.427 0.247 0.886 0.314 235.566 353 242.147 806.213 0 0
43670 9 6 7 1 0.11 0.427 0.247 0.886 0.314 223.859 375 235.789 776.88 0 0
43670 10 6 7 1 0.11 0.427 0.247 0.886 0.314 234.869 444 241.422 747.573 0 0
43670 1 6 7 1 0.107 0.363 0.388 0.777 0.173 241.041 709 245.428 1209.98 0 0
43670 2 6 7 1 0.107 0.363 0.388 0.777 0.173 236.999 698 244.624 1171.207 0 0
43670 3 6 7 1 0.107 0.363 0.388 0.777 0.173 240.326 783 246.302 1163.4 0 0
43670 4 6 7 1 0.107 0.363 0.388 0.777 0.173 239.75 836 245.803 1199.887 0 0
43670 5 6 7 1 0.107 0.363 0.388 0.777 0.173 239.551 551 245.374 1073.813 0 0
43670 6 6 7 1 0.107 0.363 0.388 0.777 0.173 241.783 773 246.1 1168.413 0 0
43670 7 6 7 1 0.107 0.363 0.388 0.777 0.173 237.155 628 245.282 1222.06 0 0
43670 8 6 7 1 0.107 0.363 0.388 0.777 0.173 239.119 757 245.246 1191.52 0 0
43670 9 6 7 1 0.107 0.363 0.388 0.777 0.173 239.97 873 245.66 1225.88 0 0
43670 10 6 7 1 0.107 0.363 0.388 0.777 0.173 235.681 766 244.525 1240.127 0 0
43670 1 6 7 1 0.037 0.339 0.434 0.981 0.421 250 0 250 0 0 1
43670 2 6 7 1 0.037 0.339 0.434 0.981 0.421 250 0 250 0 0 1
43670 3 6 7 1 0.037 0.339 0.434 0.981 0.421 250 0 250 0 0 1
43670 4 6 7 1 0.037 0.339 0.434 0.981 0.421 250 0 250 0 0 1
43670 5 6 7 1 0.037 0.339 0.434 0.981 0.421 250 1 250 1 0 1
43670 6 6 7 1 0.037 0.339 0.434 0.981 0.421 250 0 250 0 0 1
43670 7 6 7 1 0.037 0.339 0.434 0.981 0.421 250 0 250 0 0 1
43670 8 6 7 1 0.037 0.339 0.434 0.981 0.421 250 0 250 0 0 1
43670 9 6 7 1 0.037 0.339 0.434 0.981 0.421 250 0 250 0 0 1
43670 10 6 7 1 0.037 0.339 0.434 0.981 0.421 250 0 250 0 0 1
43670 1 6 7 1 0.007 0.165 0.324 0.802 0.984 250 0 250 0 0 1
43670 2 6 7 1 0.007 0.165 0.324 0.802 0.984 250 0 250 0 0 1
43670 3 6 7 1 0.007 0.165 0.324 0.802 0.984 250 0 250 0 0 1
43670 4 6 7 1 0.007 0.165 0.324 0.802 0.984 250 0 250 0 0 1
43670 5 6 7 1 0.007 0.165 0.324 0.802 0.984 250 0 250 0 0 1
43670 6 6 7 1 0.007 0.165 0.324 0.802 0.984 250 0 250 0 0 1
43670 7 6 7 1 0.007 0.165 0.324 0.802 0.984 249.969 2 250 2 0 1
43670 8 6 7 1 0.007 0.165 0.324 0.802 0.984 250 0 250 0 0 1
43670 9 6 7 1 0.007 0.165 0.324 0.802 0.984 250 0 250 0 0 1
43670 10 6 7 1 0.007 0.165 0.324 0.802 0.984 250 0 250 0 0 1
43670 1 6 7 1 0.104 0.366 0.475 0.979 0.497 250 0 250 0 0 1
43670 2 6 7 1 0.104 0.366 0.475 0.979 0.497 250 0 250 0 0 1
43670 3 6 7 1 0.104 0.366 0.475 0.979 0.497 250 0 250 0 0 1
43670 4 6 7 1 0.104 0.366 0.475 0.979 0.497 250 1 250 1 0 1
43670 5 6 7 1 0.104 0.366 0.475 0.979 0.497 250 0 250 0 0 1
43670 6 6 7 1 0.104 0.366 0.475 0.979 0.497 250 0 250 0 0 1
43670 7 6 7 1 0.104 0.366 0.475 0.979 0.497 250 1 250 1 0 1
43670 8 6 7 1 0.104 0.366 0.475 0.979 0.497 250 0 250 0 0 1
43670 9 6 7 1 0.104 0.366 0.475 0.979 0.497 250 0 250 0 0 1
43670 10 6 7 1 0.104 0.366 0.475 0.979 0.497 250 0 250 0 0 1
43670 1 6 7 1 0.08 0.293 0.129 0.777 0.346 237.003 624 244.855 1000.74 0 0
43670 2 6 7 1 0.08 0.293 0.129 0.777 0.346 237.149 620 243.761 1034.18 0 0
43670 3 6 7 1 0.08 0.293 0.129 0.777 0.346 234.472 644 242.749 996.24 0 0
43670 4 6 7 1 0.08 0.293 0.129 0.777 0.346 239.757 706 244.192 1035.727 0 0
43670 5 6 7 1 0.08 0.293 0.129 0.777 0.346 240.11 469 244.618 1019.887 0 0
43670 6 6 7 1 0.08 0.293 0.129 0.777 0.346 237.456 604 243.706 1015.827 0 0
43670 7 6 7 1 0.08 0.293 0.129 0.777 0.346 236.711 674 243.407 1004.72 0 0
43670 8 6 7 1 0.08 0.293 0.129 0.777 0.346 235.476 549 243.941 1011.467 0 0
43670 1 6 9 0 0.114 0.156 0.167 0.84 0.399 249.069 0 249.984 0 0 1
43670 2 6 9 0 0.114 0.156 0.167 0.84 0.399 248.673 1 249.969 1 0 1
43670 3 6 9 0 0.114 0.156 0.167 0.84 0.399 250 0 250 0 0 1
43670 4 6 9 0 0.114 0.156 0.167 0.84 0.399 249.373 0 249.995 0 0 1
43670 5 6 9 0 0.114 0.156 0.167 0.84 0.399 248.357 1 249.961 1 0 1
43670 6 6 9 0 0.114 0.156 0.167 0.84 0.399 249.509 0 249.995 0 0 1
43670 7 6 9 0 0.114 0.156 0.167 0.84 0.399 248.509 0 249.977 0 0 1
43670 8 6 9 0 0.114 0.156 0.167 0.84 0.399 246.909 0 249.906 0 0 1
43670 9 6 9 0 0.114 0.156 0.167 0.84 0.399 250 0 250 0 0 1
43670 10 6 9 0 0.114 0.156 0.167 0.84 0.399 250 0 250 0 0 1
43670 1 6 9 0 0.037 0.44 0.181 0.88 0.626 249.921 0 249.999 0 0 1
43670 2 6 9 0 0.037 0.44 0.181 0.88 0.626 250 0 250 0 0 1
43670 3 6 9 0 0.037 0.44 0.181 0.88 0.626 250 0 250 0 0 1
43670 4 6 9 0 0.037 0.44 0.181 0.88 0.626 250 1 250 1 0 1
43670 5 6 9 0 0.037 0.44 0.181 0.88 0.626 250 0 250 0 0 1
43670 6 6 9 0 0.037 0.44 0.181 0.88 0.626 250 0 250 0 0 1
43670 7 6 9 0 0.037 0.44 0.181 0.88 0.626 250 0 250 0 0 1
43670 8 6 9 0 0.037 0.44 0.181 0.88 0.626 250 0 250 0 0 1
43670 9 6 9 0 0.037 0.44 0.181 0.88 0.626 250 0 250 0 0 1
43670 10 6 9 0 0.037 0.44 0.181 0.88 0.626 250 0 250 0 0 1
43670 1 6 9 0 0.059 0.402 0.069 0.9 0.399 237.59 120 246.556 676.6 0 0
43670 2 6 9 0 0.059 0.402 0.069 0.9 0.399 238.278 154 246.525 693.62 0 0
43670 3 6 9 0 0.059 0.402 0.069 0.9 0.399 237.447 86 246.413 544.527 0 0
43670 4 6 9 0 0.059 0.402 0.069 0.9 0.399 240.613 119 248.197 611.02 0 0
43670 5 6 9 0 0.059 0.402 0.069 0.9 0.399 237.997 128 247.028 593.847 0 0
43670 6 6 9 0 0.059 0.402 0.069 0.9 0.399 237.12 118 246.579 590.393 0 0
43670 7 6 9 0 0.059 0.402 0.069 0.9 0.399 236.501 123 247.404 611.007 0 0
43670 8 6 9 0 0.059 0.402 0.069 0.9 0.399 237.399 124 247.156 695.5 0 0
43670 9 6 9 0 0.059 0.402 0.069 0.9 0.399 234.596 144 247.007 665.187 0 0
43670 10 6 9 0 0.059 0.402 0.069 0.9 0.399 236.428 140 245.928 638.327 0 0
43670 1 6 9 0 0.056 0.196 0.239 0.879 0.104 234.192 38 245.042 972.913 0 0
43670 2 6 9 0 0.056 0.196 0.239 0.879 0.104 236.213 37 246.176 1049.707 0 0
43670 3 6 9 0 0.056 0.196 0.239 0.879 0.104 234.82 37 245.927 1010.98 0 0
43670 4 6 9 0 0.056 0.196 0.239 0.879 0.104 229.053 45 245.116 1068.593 0 0
43670 5 6 9 0 0.056 0.196 0.239 0.879 0.104 236.976 45 245.78 1059.82 0 0
43670 6 6 9 0 0.056 0.196 0.239 0.879 0.104 237.526 42 247.28 889.5 0 0
43670 7 6 9 0 0.056 0.196 0.239 0.879 0.104 237.825 52 246.265 1102.413 0 0
43670 8 6 9 0 0.056 0.196 0.239 0.879 0.104 234.087 46 245.327 939.593 0 0
43670 9 6 9 0 0.056 0.196 0.239 0.879 0.104 235.428 44 245.809 1080.52 0 0
43670 10 6 9 0 0.056 0.196 0.239 0.879 0.104 238.94 50 245.828 1057.46 0 0
43670 1 6 9 0 0.051 0.273 0.052 0.78 0.83 250 0 250 0 0 1
43670 2 6 9 0 0.051 0.273 0.052 0.78 0.83 250 0 250 0 0 1
43670 3 6 9 0 0.051 0.273 0.052 0.78 0.83 250 0 250 0 0 1
43670 4 6 9 0 0.051 0.273 0.052 0.78 0.83 249.71 0 249.998 0 0 1
43670 5 6 9 0 0.051 0.273 0.052 0.78 0.83 250 0 250 0 0 1
43670 6 6 9 0 0.051 0.273 0.052 0.78 0.83 250 0 250 0 0 1
43670 7 6 9 0 0.051 0.273 0.052 0.78 0.83 250 0 250 0 0 1
43670 8 6 9 0 0.051 0.273 0.052 0.78 0.83 250 0 250 0 0 1
43670 9 6 9 0 0.051 0.273 0.052 0.78 0.83 250 0 250 0 0 1
43670 10 6 9 0 0.051 0.273 0.052 0.78 0.83 250 0 250 0 0 1
43670 1 6 9 0 0.032 0.458 0.05 0.832 0.111 229.389 77 243.862 1494.18 0 0
43670 2 6 9 0 0.032 0.458 0.05 0.832 0.111 235.781 41 244.749 1560.92 0 0
43670 3 6 9 0 0.032 0.458 0.05 0.832 0.111 235.77 61 245.422 1786.687 0 0
43670 4 6 9 0 0.032 0.458 0.05 0.832 0.111 230.548 43 243.055 1606.887 0 0
43670 5 6 9 0 0.032 0.458 0.05 0.832 0.111 225.634 116 242.796 1716.073 0 0
43670 6 6 9 0 0.032 0.458 0.05 0.832 0.111 234.433 72 244.402 1667.567 0 0
43670 7 6 9 0 0.032 0.458 0.05 0.832 0.111 235.042 37 245.773 1652.187 0 0
43670 8 6 9 0 0.032 0.458 0.05 0.832 0.111 235.193 40 246.081 1666.92 0 0
43670 9 6 9 0 0.032 0.458 0.05 0.832 0.111 236.531 41 245.734 1638.72 0 0
43670 10 6 9 0 0.032 0.458 0.05 0.832 0.111 233.974 54 244.671 1672.96 0 0
43670 1 6 9 0 0.099 0.298 0.289 0.914 0.889 250 0 250 0 0 1
43670 2 6 9 0 0.099 0.298 0.289 0.914 0.889 250 0 250 0 0 1
43670 3 6 9 0 0.099 0.298 0.289 0.914 0.889 250 0 250 0 0 1
43670 4 6 9 0 0.099 0.298 0.289 0.914 0.889 250 0 250 0 0 1
43670 5 6 9 0 0.099 0.298 0.289 0.914 0.889 250 0 250 0 0 1
43670 6 6 9 0 0.099 0.298 0.289 0.914 0.889 250 0 250 0 0 1
43670 7 6 9 0 0.099 0.298 0.289 0.914 0.889 250 0 250 0 0 1
43670 8 6 9 0 0.099 0.298 0.289 0.914 0.889 250 0 250 0 0 1
43670 9 6 9 0 0.099 0.298 0.289 0.914 0.889 250 0 250 0 0 1
43670 10 6 9 0 0.099 0.298 0.289 0.914 0.889 250 0 250 0 0 1
43670 1 6 9 0 0.115 0.495 0.44 0.926 0.973 250 0 250 0 0 1
43670 2 6 9 0 0.115 0.495 0.44 0.926 0.973 250 1 250 1 0 1
43670 3 6 9 0 0.115 0.495 0.44 0.926 0.973 250 0 250 0 0 1
43670 4 6 9 0 0.115 0.495 0.44 0.926 0.973 250 0 250 0 0 1
43670 5 6 9 0 0.115 0.495 0.44 0.926 0.973 250 0 250 0 0 1
43670 6 6 9 0 0.115 0.495 0.44 0.926 0.973 250 0 250 0 0 1
43670 7 6 9 0 0.115 0.495 0.44 0.926 0.973 250 1 250 1 0 1
43670 8 6 9 0 0.115 0.495 0.44 0.926 0.973 250 0 250 0 0 1
43670 9 6 9 0 0.115 0.495 0.44 0.926 0.973 250 0 250 0 0 1
43670 10 6 9 0 0.115 0.495 0.44 0.926 0.973 250 0 250 0 0 1
43670 1 6 9 0 0.012 0.318 0.297 0.779 0.009 235.858 32 246.104 1163.053 0 0
43670 2 6 9 0 0.012 0.318 0.297 0.779 0.009 231.759 47 245.531 1355.313 0 0
43670 3 6 9 0 0.012 0.318 0.297 0.779 0.009 236.401 38 246.034 1127.38 0 0
43670 4 6 9 0 0.012 0.318 0.297 0.779 0.009 238.312 37 246.529 1360.773 0 0
43670 5 6 9 0 0.012 0.318 0.297 0.779 0.009 233.957 42 245.922 1374.113 0 0
43670 1 6 9 0 0.106 0.183 0.302 0.825 0.563 250 1 250 1 0 1
43670 2 6 9 0 0.106 0.183 0.302 0.825 0.563 250 0 250 0 0 1
43670 3 6 9 0 0.106 0.183 0.302 0.825 0.563 250 0 250 0 0 1
43670 4 6 9 0 0.106 0.183 0.302 0.825 0.563 250 0 250 0 0 1
43670 5 6 9 0 0.106 0.183 0.302 0.825 0.563 250 0 250 0 0 1
43670 6 6 9 0 0.106 0.183 0.302 0.825 0.563 250 0 250 0 0 1
43670 7 6 9 0 0.106 0.183 0.302 0.825 0.563 250 0 250 0 0 1
43670 8 6 9 0 0.106 0.183 0.302 0.825 0.563 250 0 250 0 0 1
43670 9 6 9 0 0.106 0.183 0.302 0.825 0.563 250 0 250 0 0 1
43670 10 6 9 0 0.106 0.183 0.302 0.825 0.563 250 0 250 0 0 1
43670 1 6 9 0 0.005 0.19 0.336 0.872 0.883 250 0 250 0 0 1
43670 2 6 9 0 0.005 0.19 0.336 0.872 0.883 250 0 250 0 0 1
43670 3 6 9 0 0.005 0.19 0.336 0.872 0.883 250 0 250 0 0 1
43670 4 6 9 0 0.005 0.19 0.336 0.872 0.883 250 0 250 0 0 1
43670 5 6 9 0 0.005 0.19 0.336 0.872 0.883 250 0 250 0 0 1
43670 6 6 9 0 0.005 0.19 0.336 0.872 0.883 250 0 250 0 0 1
43670 7 6 9 0 0.005 0.19 0.336 0.872 0.883 250 0 250 0 0 1
43670 8 6 9 0 0.005 0.19 0.336 0.872 0.883 250 0 250 0 0 1
43670 9 6 9 0 0.005 0.19 0.336 0.872 0.883 250 0 250 0 0 1
43670 10 6 9 0 0.005 0.19 0.336 0.872 0.883 250 0 250 0 0 1
43670 1 6 9 0 0.015 0.34 0.221 0.869 0.069 238.427 43 246.203 1112.673 0 0
43670 2 6 9 0 0.015 0.34 0.221 0.869 0.069 235.862 36 245.76 978.267 0 0
43670 3 6 9 0 0.015 0.34 0.221 0.869 0.069 235.304 28 246.407 870.953 0 0
43670 4 6 9 0 0.015 0.34 0.221 0.869 0.069 234.56 49 246.878 965.793 0 0
43670 5 6 9 0 0.015 0.34 0.221 0.869 0.069 236.916 48 246.064 993.507 0 0
43670 6 6 9 0 0.015 0.34 0.221 0.869 0.069 236.339 51 245.303 986.533 0 0
43670 7 6 9 0 0.015 0.34 0.221 0.869 0.069 235.556 40 245.11 816.713 0 0
43670 8 6 9 0 0.015 0.34 0.221 0.869 0.069 235.49 43 246.134 895.907 0 0
43670 9 6 9 0 0.015 0.34 0.221 0.869 0.069 232.546 35 244.806 983.267 0 0
43670 10 6 9 0 0.015 0.34 0.221 0.869 0.069 236.044 45 245.402 1009.273 0 0
43670 1 6 9 0 0.079 0.197 0.159 0.84 0.629 250 0 250 0 0 1
43670 2 6 9 0 0.079 0.197 0.159 0.84 0.629 250 1 250 1 0 1
43670 3 6 9 0 0.079 0.197 0.159 0.84 0.629 250 0 250 0 0 1
43670 4 6 9 0 0.079 0.197 0.159 0.84 0.629 250 0 250 0 0 1
43670 5 6 9 0 0.079 0.197 0.159 0.84 0.629 250 0 250 0 0 1
43670 6 6 9 0 0.079 0.197 0.159 0.84 0.629 250 0 250 0 0 1
43670 7 6 9 0 0.079 0.197 0.159 0.84 0.629 250 0 250 0 0 1
43670 8 6 9 0 0.079 0.197 0.159 0.84 0.629 250 0 250 0 0 1
43670 9 6 9 0 0.079 0.197 0.159 0.84 0.629 250 0 250 0 0 1
43670 10 6 9 0 0.079 0.197 0.159 0.84 0.629 250 0 250 0 0 1
43670 1 6 9 0 0.116 0.06 0.49 0.822 0.765 250 0 250 0 0 1
43670 2 6 9 0 0.116 0.06 0.49 0.822 0.765 250 0 250 0 0 1
43670 3 6 9 0 0.116 0.06 0.49 0.822 0.765 250 0 250 0 0 1
43670 4 6 9 0 0.116 0.06 0.49 0.822 0.765 250 0 250 0 0 1
43670 5 6 9 0 0.116 0.06 0.49 0.822 0.765 250 1 250 1 0 1
43670 6 6 9 0 0.116 0.06 0.49 0.822 0.765 250 0 250 0 0 1
43670 7 6 9 0 0.116 0.06 0.49 0.822 0.765 250 0 250 0 0 1
43670 8 6 9 0 0.116 0.06 0.49 0.822 0.765 250 0 250 0 0 1
43670 9 6 9 0 0.116 0.06 0.49 0.822 0.765 250 0 250 0 0 1
43670 10 6 9 0 0.116 0.06 0.49 0.822 0.765 250 1 250 1 0 1
43670 1 6 9 0 0.112 0.194 0.331 0.94 0.764 250 0 250 0 0 1
43670 2 6 9 0 0.112 0.194 0.331 0.94 0.764 250 0 250 0 0 1
43670 3 6 9 0 0.112 0.194 0.331 0.94 0.764 250 1 250 1 0 1
43670 4 6 9 0 0.112 0.194 0.331 0.94 0.764 250 0 250 0 0 1
43670 5 6 9 0 0.112 0.194 0.331 0.94 0.764 250 0 250 0 0 1
43670 6 6 9 0 0.112 0.194 0.331 0.94 0.764 250 0 250 0 0 1
43670 7 6 9 0 0.112 0.194 0.331 0.94 0.764 250 0 250 0 0 1
43670 8 6 9 0 0.112 0.194 0.331 0.94 0.764 250 1 250 1 0 1
43670 9 6 9 0 0.112 0.194 0.331 0.94 0.764 250 0 250 0 0 1
43670 10 6 9 0 0.112 0.194 0.331 0.94 0.764 250 0 250 0 0 1
43670 1 6 9 0 0.087 0.219 0.42 0.776 0.065 236.421 44 246.841 787.427 0 0
43670 2 6 9 0 0.087 0.219 0.42 0.776 0.065 235.517 63 244.927 918.607 0 0
43670 3 6 9 0 0.087 0.219 0.42 0.776 0.065 234.11 49 244.338 935.413 0 0
43670 4 6 9 0 0.087 0.219 0.42 0.776 0.065 240.136 39 246.452 979.953 0 0
43670 5 6 9 0 0.087 0.219 0.42 0.776 0.065 237.09 42 245.486 987.193 0 0
43670 6 6 9 0 0.087 0.219 0.42 0.776 0.065 236.914 42 245.32 796.013 0 0
43670 7 6 9 0 0.087 0.219 0.42 0.776 0.065 237.856 94 244.041 844.1 0 0
43670 8 6 9 0 0.087 0.219 0.42 0.776 0.065 234.987 44 246.368 993.46 0 0
43670 9 6 9 0 0.087 0.219 0.42 0.776 0.065 234.926 38 245.766 890.64 0 0
43670 10 6 9 0 0.087 0.219 0.42 0.776 0.065 237.244 50 245.955 919.853 0 0
43670 1 6 9 0 0.119 0.043 0.306 0.869 0.461 250 0 250 0 0 1
43670 2 6 9 0 0.119 0.043 0.306 0.869 0.461 250 0 250 0 0 1
43670 3 6 9 0 0.119 0.043 0.306 0.869 0.461 250 0 250 0 0 1
43670 4 6 9 0 0.119 0.043 0.306 0.869 0.461 250 0 250 0 0 1
43670 5 6 9 0 0.119 0.043 0.306 0.869 0.461 250 0 250 0 0 1
43670 6 6 9 0 0.119 0.043 0.306 0.869 0.461 250 0 250 0 0 1
43670 7 6 9 0 0.119 0.043 0.306 0.869 0.461 250 0 250 0 0 1
43670 8 6 9 0 0.119 0.043 0.306 0.869 0.461 250 0 250 0 0 1
43670 9 6 9 0 0.119 0.043 0.306 0.869 0.461 250 0 250 0 0 1
43670 10 6 9 0 0.119 0.043 0.306 0.869 0.461 250 0 250 0 0 1
43670 1 6 9 0 0.034 0.443 0.191 0.954 0.947 250 0 250 0 0 1
43670 2 6 9 0 0.034 0.443 0.191 0.954 0.947 250 0 250 0 0 1
43670 3 6 9 0 0.034 0.443 0.191 0.954 0.947 250 0 250 0 0 1
43670 4 6 9 0 0.034 0.443 0.191 0.954 0.947 250 0 250 0 0 1
43670 5 6 9 0 0.034 0.443 0.191 0.954 0.947 250 0 250 0 0 1
43670 6 6 9 0 0.034 0.443 0.191 0.954 0.947 250 0 250 0 0 1
43670 1 6 4 0 0.021 0.183 0.285 0.98 0.271 233.9 35 243.858 217.807 0 0
43670 2 6 4 0 0.021 0.183 0.285 0.98 0.271 235.179 52 246.138 273.9 0 0
43670 3 6 4 0 0.021 0.183 0.285 0.98 0.271 233.217 52 243.571 288.793 0 0
43670 4 6 4 0 0.021 0.183 0.285 0.98 0.271 235.63 39 245.324 297.107 0 0
43670 5 6 4 0 0.021 0.183 0.285 0.98 0.271 233.44 61 244.389 278.36 0 0
43670 6 6 4 0 0.021 0.183 0.285 0.98 0.271 234.037 45 244.28 302.753 0 0
43670 7 6 4 0 0.021 0.183 0.285 0.98 0.271 232.29 36 244.322 172.72 0 0
43670 8 6 4 0 0.021 0.183 0.285 0.98 0.271 235.038 60 245.174 282.853 0 0
43670 9 6 4 0 0.021 0.183 0.285 0.98 0.271 234.246 58 244.972 295.293 0 0
43670 10 6 4 0 0.021 0.183 0.285 0.98 0.271 239.54 51 246.946 311.927 0 0
43670 1 6 4 0 0.038 0.332 0.234 0.891 0.567 249.936 0 249.999 0.86 0 1
43670 2 6 4 0 0.038 0.332 0.234 0.891 0.567 249.845 1 249.997 1 0 1
43670 3 6 4 0 0.038 0.332 0.234 0.891 0.567 250 0 250 0 0 1
43670 4 6 4 0 0.038 0.332 0.234 0.891 0.567 250 0 250 0 0 1
43670 5 6 4 0 0.038 0.332 0.234 0.891 0.567 250 0 250 0 0 1
43670 6 6 4 0 0.038 0.332 0.234 0.891 0.567 250 1 250 1 0 1
43670 7 6 4 0 0.038 0.332 0.234 0.891 0.567 249.982 1 250 1 0 1
43670 8 6 4 0 0.038 0.332 0.234 0.891 0.567 250 1 250 1 0 1
43670 9 6 4 0 0.038 0.332 0.234 0.891 0.567 250 1 250 1 0 1
43670 10 6 4 0 0.038 0.332 0.234 0.891 0.567 250 0 250 0 0 1
43670 1 6 4 0 0.071 0.473 0.072 0.933 0.699 249.62 0 249.997 0 0 1
43670 2 6 4 0 0.071 0.473 0.072 0.933 0.699 249.985 0 250 0 0 1
43670 3 6 4 0 0.071 0.473 0.072 0.933 0.699 249.9 0 249.998 0 0 1
43670 4 6 4 0 0.071 0.473 0.072 0.933 0.699 250 0 250 0 0 1
43670 5 6 4 0 0.071 0.473 0.072 0.933 0.699 249.464 0 249.995 0 0 1
43670 6 6 4 0 0.071 0.473 0.072 0.933 0.699 250 1 250 1 0 1
43670 7 6 4 0 0.071 0.473 0.072 0.933 0.699 249.847 1 249.999 1 0 1
43670 8 6 4 0 0.071 0.473 0.072 0.933 0.699 249.722 1 249.998 1 0 1
43670 9 6 4 0 0.071 0.473 0.072 0.933 0.699 249.837 1 249.998 1.147 0 1
43670 10 6 4 0 0.071 0.473 0.072 0.933 0.699 249.605 0 249.997 0 0 1
43670 1 6 4 0 0.037 0.305 0.432 0.905 0.85 250 0 250 0 0 1
43670 2 6 4 0 0.037 0.305 0.432 0.905 0.85 250 1 250 1 0 1
43670 3 6 4 0 0.037 0.305 0.432 0.905 0.85 249.681 1 249.998 1 0 1
43670 4 6 4 0 0.037 0.305 0.432 0.905 0.85 250 0 250 0 0 1
43670 5 6 4 0 0.037 0.305 0.432 0.905 0.85 250 0 250 0 0 1
43670 6 6 4 0 0.037 0.305 0.432 0.905 0.85 250 0 250 0 0 1
43670 7 6 4 0 0.037 0.305 0.432 0.905 0.85 250 0 250 0 0 1
43670 8 6 4 0 0.037 0.305 0.432 0.905 0.85 249.674 0 249.996 0 0 1
43670 9 6 4 0 0.037 0.305 0.432 0.905 0.85 250 0 250 0 0 1
43670 10 6 4 0 0.037 0.305 0.432 0.905 0.85 250 0 250 0 0 1
43670 1 6 4 0 0.054 0.099 0.484 0.779 0.27 250 1 250 1 0 1
43670 2 6 4 0 0.054 0.099 0.484 0.779 0.27 250 0 250 0 0 1
43670 3 6 4 0 0.054 0.099 0.484 0.779 0.27 250 0 250 0 0 1
43670 4 6 4 0 0.054 0.099 0.484 0.779 0.27 249.925 0 250 0 0 1
43670 5 6 4 0 0.054 0.099 0.484 0.779 0.27 250 1 250 1 0 1
43670 6 6 4 0 0.054 0.099 0.484 0.779 0.27 250 0 250 0 0 1
43670 7 6 4 0 0.054 0.099 0.484 0.779 0.27 250 0 250 0 0 1
43670 8 6 4 0 0.054 0.099 0.484 0.779 0.27 250 0 250 0 0 1
43670 9 6 4 0 0.054 0.099 0.484 0.779 0.27 250 0 250 0.893 0 1
43670 10 6 4 0 0.054 0.099 0.484 0.779 0.27 250 0 250 0 0 1
43670 1 6 4 0 0.081 0.118 0.481 0.906 0.333 250 0 250 0 0 1
43670 2 6 4 0 0.081 0.118 0.481 0.906 0.333 250 0 250 0 0 1
43670 3 6 4 0 0.081 0.118 0.481 0.906 0.333 250 0 250 0 0 1
43670 4 6 4 0 0.081 0.118 0.481 0.906 0.333 250 0 250 0 0 1
43670 5 6 4 0 0.081 0.118 0.481 0.906 0.333 250 1 250 1.32 0 1
43670 6 6 4 0 0.081 0.118 0.481 0.906 0.333 250 0 250 0 0 1
43670 7 6 4 0 0.081 0.118 0.481 0.906 0.333 250 0 250 0.88 0 1
43670 8 6 4 0 0.081 0.118 0.481 0.906 0.333 250 0 250 0 0 1
43670 9 6 4 0 0.081 0.118 0.481 0.906 0.333 250 0 250 0 0 1
43670 10 6 4 0 0.081 0.118 0.481 0.906 0.333 250 0 250 0 0 1
43670 1 6 4 0 0.021 0.178 0.371 0.836 0.698 250 0 250 0 0 1
43670 2 6 4 0 0.021 0.178 0.371 0.836 0.698 250 0 250 0 0 1
43670 3 6 4 0 0.021 0.178 0.371 0.836 0.698 250 1 250 1 0 1
43670 4 6 4 0 0.021 0.178 0.371 0.836 0.698 250 0 250 0 0 1
43670 5 6 4 0 0.021 0.178 0.371 0.836 0.698 250 0 250 0 0 1
43670 6 6 4 0 0.021 0.178 0.371 0.836 0.698 250 0 250 0 0 1
43670 7 6 4 0 0.021 0.178 0.371 0.836 0.698 250 0 250 0 0 1
43670 8 6 4 0 0.021 0.178 0.371 0.836 0.698 250 0 250 0 0 1
43670 9 6 4 0 0.021 0.178 0.371 0.836 0.698 250 0 250 0 0 1
43670 10 6 4 0 0.021 0.178 0.371 0.836 0.698 250 0 250 0 0 1
43670 1 6 4 0 0.118 0.165 0.358 0.813 0.847 250 0 250 0 0 1
43670 2 6 4 0 0.118 0.165 0.358 0.813 0.847 250 0 250 0 0 1
43670 3 6 4 0 0.118 0.165 0.358 0.813 0.847 250 0 250 0 0 1
43670 4 6 4 0 0.118 0.165 0.358 0.813 0.847 250 0 250 0 0 1
43670 5 6 4 0 0.118 0.165 0.358 0.813 0.847 250 0 250 0 0 1
43670 6 6 4 0 0.118 0.165 0.358 0.813 0.847 250 0 250 0 0 1
43670 7 6 4 0 0.118 0.165 0.358 0.813 0.847 250 0 250 0 0 1
43670 8 6 4 0 0.118 0.165 0.358 0.813 0.847 250 1 250 1.353 0 1
43670 9 6 4 0 0.118 0.165 0.358 0.813 0.847 250 0 250 0 0 1
43670 10 6 4 0 0.118 0.165 0.358 0.813 0.847 250 1 250 1 0 1
43670 1 6 4 0 0.061 0.095 0.133 0.818 0.184 231.053 73 240.239 699.147 0 0
43670 2 6 4 0 0.061 0.095 0.133 0.818 0.184 236.246 78 243.577 785.953 0 0
43670 3 6 4 0 0.061 0.095 0.133 0.818 0.184 234.668 64 244.309 730.54 0 0
43670 4 6 4 0 0.061 0.095 0.133 0.818 0.184 234.554 80 245.162 697.227 0 0
43670 5 6 4 0 0.061 0.095 0.133 0.818 0.184 233.413 80 243.727 696.26 0 0
43670 6 6 4 0 0.061 0.095 0.133 0.818 0.184 230.461 77 245.037 755.487 0 0
43670 7 6 4 0 0.061 0.095 0.133 0.818 0.184 235.339 91 245.374 771.333 0 0
43670 1 6 3 0 0.016 0.499 0.158 0.839 0.755 208.015 1 209.74 1 0 1
43670 2 6 3 0 0.016 0.499 0.158 0.839 0.755 208.646 0 209.821 0 0 1
43670 3 6 3 0 0.016 0.499 0.158 0.839 0.755 208.691 0 209.705 0 0 1
43670 4 6 3 0 0.016 0.499 0.158 0.839 0.755 229.064 2 229.911 2.693 0 1
43670 5 6 3 0 0.016 0.499 0.158 0.839 0.755 207.106 0 209.981 0 0 1
43670 6 6 3 0 0.016 0.499 0.158 0.839 0.755 207.459 0 210.862 0.693 0 1
43670 7 6 3 0 0.016 0.499 0.158 0.839 0.755 229.143 1 229.954 1 0 1
43670 8 6 3 0 0.016 0.499 0.158 0.839 0.755 209 0 209.927 0 0 1
43670 9 6 3 0 0.016 0.499 0.158 0.839 0.755 209.056 1 209.91 1 0 1
43670 10 6 3 0 0.016 0.499 0.158 0.839 0.755 208.119 1 209.606 1 0 1
43670 1 6 3 0 0.076 0.221 0.284 0.99 0.004 242.719 1400 248.617 2399.753 0 0
43670 2 6 3 0 0.076 0.221 0.284 0.99 0.004 240.653 982 248.041 2558.767 0 0
43670 3 6 3 0 0.076 0.221 0.284 0.99 0.004 244.58 1627 248.448 2610.813 0 0
43670 4 6 3 0 0.076 0.221 0.284 0.99 0.004 242.089 1253 248.707 2672.247 0 0
43670 5 6 3 0 0.076 0.221 0.284 0.99 0.004 241.144 1522 248.21 2662.76 0 0
43670 6 6 3 0 0.076 0.221 0.284 0.99 0.004 242.388 1744 248.535 2721.673 0 0
43670 7 6 3 0 0.076 0.221 0.284 0.99 0.004 244.023 1796 248.455 2543.78 0 0
43670 8 6 3 0 0.076 0.221 0.284 0.99 0.004 242.899 1329 248.076 2583.52 0 0
43670 9 6 3 0 0.076 0.221 0.284 0.99 0.004 239.758 669 247.615 2334.433 0 0
43670 10 6 3 0 0.076 0.221 0.284 0.99 0.004 243.878 1732 248.803 2578.227 0 0
43670 1 6 3 0 0.104 0.176 0.341 0.968 0.604 209.708 0 211.319 0 0 1
43670 2 6 3 0 0.104 0.176 0.341 0.968 0.604 207.735 0 209.673 0 0 1
43670 3 6 3 0 0.104 0.176 0.341 0.968 0.604 227.948 0 229.781 0 0 1
43670 4 6 3 0 0.104 0.176 0.341 0.968 0.604 208.383 0 209.758 0 0 1
43670 5 6 3 0 0.104 0.176 0.341 0.968 0.604 229.229 0 229.922 0 0 1
43670 6 6 3 0 0.104 0.176 0.341 0.968 0.604 196.033 0 199.421 0 0 1
43670 7 6 3 0 0.104 0.176 0.341 0.968 0.604 207.007 0 209.463 0 0 1
43670 8 6 3 0 0.104 0.176 0.341 0.968 0.604 208 0 209.672 0 0 1
43670 9 6 3 0 0.104 0.176 0.341 0.968 0.604 205.559 0 209.592 0 0 1
43670 10 6 3 0 0.104 0.176 0.341 0.968 0.604 202.314 0 208.63 0 0 1
43670 1 6 3 0 0.119 0.283 0.14 0.908 0.938 211.087 0 213.99 0 0 1
43670 2 6 3 0 0.119 0.283 0.14 0.908 0.938 208.801 0 209.733 0 0 1
43670 3 6 3 0 0.119 0.283 0.14 0.908 0.938 208.99 0 209.888 0 0 1
43670 4 6 3 0 0.119 0.283 0.14 0.908 0.938 228.226 0 229.855 0.947 0 1
43670 5 6 3 0 0.119 0.283 0.14 0.908 0.938 229.066 1 229.905 1.9 0 1
43670 6 6 3 0 0.119 0.283 0.14 0.908 0.938 208.687 1 210.394 1 0 1
43670 7 6 3 0 0.119 0.283 0.14 0.908 0.938 206.498 1 209.243 1 0 1
43670 8 6 3 0 0.119 0.283 0.14 0.908 0.938 208.959 0 209.899 0 0 1
43670 9 6 3 0 0.119 0.283 0.14 0.908 0.938 229.329 0 229.966 0.147 0 1
43670 10 6 3 0 0.119 0.283 0.14 0.908 0.938 249.32 1 249.955 1 0 1
43670 1 6 3 0 0.103 0.263 0.092 0.888 0.909 207.778 0 209.713 0 0 1
43670 2 6 3 0 0.103 0.263 0.092 0.888 0.909 249.324 1 249.963 1 0 1
43670 3 6 3 0 0.103 0.263 0.092 0.888 0.909 208.344 0 209.838 0.46 0 1
43670 4 6 3 0 0.103 0.263 0.092 0.888 0.909 208.971 1 209.924 1 0 1
43670 5 6 3 0 0.103 0.263 0.092 0.888 0.909 249.472 0 249.959 0 0 1
43670 6 6 3 0 0.103 0.263 0.092 0.888 0.909 202.145 0 207.342 0 0 1
43670 7 6 3 0 0.103 0.263 0.092 0.888 0.909 249.657 1 249.969 1 0 1
43670 8 6 3 0 0.103 0.263 0.092 0.888 0.909 229.086 0 229.898 0 0 1
43670 9 6 3 0 0.103 0.263 0.092 0.888 0.909 198.16 0 199.879 0 0 1
43670 10 6 3 0 0.103 0.263 0.092 0.888 0.909 204.313 0 209.319 0 0 1
43670 1 6 3 0 0.096 0.275 0.177 0.77 0.017 246.005 2123 249.357 3453.027 0 0
43670 2 6 3 0 0.096 0.275 0.177 0.77 0.017 247.833 2848 249.475 3479.787 0 0
43670 3 6 3 0 0.096 0.275 0.177 0.77 0.017 247.389 2598 249.521 3143.547 0 0
43670 4 6 3 0 0.096 0.275 0.177 0.77 0.017 246.536 2259 249.413 3239.6 0 0
43670 5 6 3 0 0.096 0.275 0.177 0.77 0.017 247.265 2613 249.395 3402.573 0 0
43670 6 6 3 0 0.096 0.275 0.177 0.77 0.017 247.534 2585 249.546 3549.34 0 0
43670 7 6 3 0 0.096 0.275 0.177 0.77 0.017 246.71 2370 249.314 3166.94 0 0
43670 8 6 3 0 0.096 0.275 0.177 0.77 0.017 247.503 2340 249.45 3085.36 0 0
43670 9 6 3 0 0.096 0.275 0.177 0.77 0.017 245.452 1891 248.954 2929.327 0 0
43670 10 6 3 0 0.096 0.275 0.177 0.77 0.017 246.716 2829 249.491 3586.62 0 0
43670 1 6 3 0 0.008 0.471 0.239 0.906 0.897 208.168 0 209.63 0 0 1
43670 2 6 3 0 0.008 0.471 0.239 0.906 0.897 209.139 0 209.926 0 0 1
43670 3 6 3 0 0.008 0.471 0.239 0.906 0.897 206.298 1 209.467 1 0 1
43670 4 6 3 0 0.008 0.471 0.239 0.906 0.897 209.525 0 212.093 0 0 1
43670 5 6 3 0 0.008 0.471 0.239 0.906 0.897 198.073 0 199.786 0 0 1
43670 6 6 3 0 0.008 0.471 0.239 0.906 0.897 208.274 0 209.855 0 0 1
43670 7 6 3 0 0.008 0.471 0.239 0.906 0.897 209.007 0 209.882 0 0 1
43670 8 6 3 0 0.008 0.471 0.239 0.906 0.897 208.042 0 209.781 0.413 0 1
