60800 10 3 0.025 0.02 0.434 0.773 0.935 31 1 47.62 10.34 0 0.82
60800 10 3 0.066 0.129 0.174 0.767 0.215 25 4 39.62 142.84 0 0.36
60800 10 3 0.08 0.459 0.242 0.854 0.059 25 506 27.4 893.92 0 0
60800 10 3 0.015 0.317 0.199 0.879 0.741 40 0 48.2 10.18 0 0.78
60800 10 3 0.107 0.19 0.027 0.855 0.647 55 1 69.6 23.06 0 0.48
60800 10 3 0.111 0.204 0.404 0.929 0.994 32 0 43.68 7.94 0 0.8
60800 10 3 0.097 0.45 0.221 0.754 0.286 25 5 35.98 235.18 0 0.12
60800 10 3 0.035 0.225 0.114 0.804 0.289 25 21 30.9 315.92 0 0
60800 10 3 0.013 0.045 0.047 0.98 0.054 25 630 29.54 891.68 0 0
60800 10 3 0.03 0.443 0.498 0.767 0.271 52 2 63.22 28.24 0 0.36
60800 10 3 0.102 0.495 0.415 0.77 0.851 29 0 39.12 10.52 0 0.76
60800 10 3 0.107 0.245 0.029 0.841 0.386 25 410 32.28 634.08 0 0
60800 10 3 0.012 0.186 0.064 0.882 0.796 58 1 72.16 16.94 0 0.64
60800 10 3 0.055 0.397 0.014 0.992 0.608 32 5 46.8 97.88 0 0.2
60800 10 3 0.025 0.397 0.369 0.751 0.877 48 0 67.46 8.7 0 0.76
60800 10 3 0.118 0.173 0.263 0.8 0.368 53 0 71.7 12.1 0 0.62
60800 10 3 0.101 0.188 0.034 0.877 0.515 28 10 39.5 125.66 0 0
60800 10 3 0.041 0.29 0.389 0.789 0.72 26 1 40.58 11.52 0 0.74
60800 10 3 0.029 0.41 0.442 0.947 0.671 54 0 60.92 9.72 0 0.78
60800 10 3 0.022 0.139 0.355 0.952 0.18 55 1 77.78 32.66 0 0.28
60800 10 3 0.091 0.318 0.304 0.81 0.746 52 0 62.9 10.9 0 0.74
60800 10 3 0.088 0.336 0.116 0.768 0.703 37 0 56.48 18 0 0.66
60800 10 3 0.119 0.336 0.463 0.87 0.162 33 2 54.98 65.1 0 0.48
60800 10 3 0.02 0.054 0.021 0.796 0.228 25 776 26.88 1037.36 0 0
60800 10 3 0.074 0.006 0.309 0.819 0.404 31 0 47.26 10.98 0 0.8
60800 10 3 0.105 0.402 0.353 0.947 0.368 39 0 59.06 13.78 0 0.62
60800 10 3 0.006 0.211 0.317 0.869 0.877 63 1 71.52 8.12 0 0.78
60800 10 3 0.001 0.21 0.257 0.83 0.015 25 303 31 402.3 0 0
60800 10 3 0.095 0.488 0.14 0.764 0.879 53 0 59.5 8.94 0 0.66
60800 10 3 0.066 0.324 0.388 0.922 0.729 65 0 79.96 7.66 0 0.62
60800 10 3 0.071 0.042 0.289 0.832 0.335 54 0 64.36 5.22 0 0.78
60800 10 3 0.047 0.406 0.342 0.997 0.495 73 0 81.64 13.58 0 0.54
60800 10 3 0.002 0.058 0.101 0.937 0.364 32 1 51.18 23.76 0 0.74
60800 10 3 0.013 0.181 0.435 0.942 0.361 54 0 66.92 8.8 0 0.78
60800 10 3 0.067 0.447 0.275 0.977 0.338 56 3 70.04 57.16 0 0.3
60800 10 3 0.085 0.084 0.254 0.786 0.04 25 35 31.74 350.6 0 0
60800 10 3 0.11 0.038 0.289 0.869 0.842 27 1 43.9 5.54 0 0.92
60800 10 3 0.044 0.099 0.086 0.786 0.669 60 1 74.7 18.88 0 0.48
60800 10 3 0.048 0.394 0.233 0.985 0.535 65 1 79.74 15.02 0 0.34
60800 10 3 0.063 0.327 0.075 0.767 0.955 29 1 43.04 11.3 0 0.66
60800 10 3 0.01 0.122 0.312 0.759 0.809 57 1 69.16 9.26 0 0.62
60800 10 3 0.066 0.255 0.409 0.872 0.815 28 1 42.74 11.18 0 0.78
60800 10 3 0.054 0.072 0.371 0.881 0.328 31 0 43.02 7.2 0 0.84
60800 10 3 0.049 0.013 0.413 0.834 0.454 54 1 61.94 8.96 0 0.68
60800 10 3 0.015 0.468 0.267 0.792 0.696 78 0 90.48 11.14 0 0.72
60800 10 3 0.068 0.32 0.132 0.855 0.488 39 44 47.98 99.76 0 0
60800 10 3 0.063 0.314 0.034 0.796 0.824 35 3 57.42 16.74 0 0.66
60800 10 3 0.028 0.486 0.009 0.963 0.425 25 953 26.3 1034.6 0 0
60800 10 3 0.021 0.009 0.421 0.766 0.889 36 0 49.98 9 0 0.76
60800 10 3 0.081 0.004 0.086 0.886 0.557 31 0 45.7 10.58 0 0.74
60800 10 3 0.089 0.107 0.23 0.954 0.343 49 0 62.82 12.58 0 0.68
60800 10 3 0.049 0.023 0.163 0.849 0.234 30 0 48.26 10.96 0 0.74
60800 10 3 0.072 0.165 0.277 0.974 0.694 66 0 73.26 8.3 0 0.72
60800 10 3 0.102 0.086 0.003 0.848 0.382 28 61 39.62 155.56 0 0
60800 10 3 0.041 0.283 0.206 0.854 0.693 27 0 47.14 13.7 0 0.68
60800 10 3 0.101 0.273 0.013 0.814 0.886 61 2 76.06 12.78 0 0.58
60800 10 3 0.04 0.441 0.435 0.792 0.417 61 1 68.74 18.12 0 0.52
60800 10 3 0.021 0.128 0.237 0.811 0.873 38 1 51.6 7.18 0 0.78
60800 10 3 0.116 0.439 0.185 0.893 0.247 25 398 30.2 533.14 0 0
60800 10 3 0.117 0.179 0.037 0.771 0.585 35 1 52.22 29.88 0 0.64
60800 10 3 0.015 0.047 0.1 0.799 0.869 47 0 55.58 8.62 0 0.7
60800 10 3 0.081 0.305 0.048 0.768 0.268 25 932 26.26 1081.52 0 0
60800 10 3 0.011 0.446 0.221 0.967 0.313 38 5 53.48 41.52 0 0.58
60800 10 3 0.115 0.201 0.164 0.788 0.72 33 0 49.4 11.44 0 0.72
60800 10 3 0.033 0.081 0.07 0.92 0.73 84 0 90.14 9.72 0 0.54
60800 10 3 0.084 0.476 0.046 0.829 0.323 25 748 28.26 915.28 0 0
60800 10 3 0.021 0.209 0.139 0.793 0.322 37 7 54.72 66.52 0 0.16
60800 10 3 0.07 0.342 0.214 0.804 0.447 40 3 51.8 69.1 0 0.18
60800 10 3 0.061 0.33 0.055 0.794 0.771 55 1 66.02 17.82 0 0.58
60800 10 3 0.074 0.152 0.263 0.754 0.373 56 2 69 16.86 0 0.72
60800 10 3 0.059 0.388 0.457 0.997 0.76 62 2 68.96 7.28 0 0.82
60800 10 3 0.015 0.412 0.098 0.821 0.965 33 0 46.1 13.1 0 0.8
60800 10 3 0.032 0.456 0.233 0.911 0.959 54 0 63.98 9.08 0 0.7
60800 10 3 0.07 0.067 0.287 0.997 0.36 43 0 57.54 7 0 0.68
60800 10 3 0.061 0.469 0.484 0.96 0.208 49 0 74.42 28.58 0 0.54
60800 10 3 0.082 0.447 0.187 0.912 0.012 25 989 26.2 1036.12 0 0
60800 10 3 0.104 0.358 0.468 0.783 0.558 52 1 61.04 5.82 0 0.82
60800 10 3 0.107 0.091 0.371 0.868 0.872 55 0 64 9.9 0 0.72
60800 10 3 0.019 0.376 0.024 0.842 0.614 34 2 51.52 58.08 0 0.34
60800 10 3 0.035 0.468 0.455 0.867 0.54 51 0 60.96 10.68 0 0.64
60800 10 3 0.043 0.349 0.282 0.947 0.913 35 0 46.64 9.94 0 0.7
60800 10 3 0.061 0.127 0.491 0.979 0.173 30 2 42.46 12.24 0 0.8
60800 10 3 0.05 0.299 0.467 0.794 0.929 28 0 41.08 10.2 0 0.76
60800 10 3 0.089 0.098 0.463 0.869 0.469 58 0 70.72 7.94 0 0.74
60800 10 3 0.104 0.025 0.04 0.92 0.267 45 0 52.46 8.42 0 0.72
60800 10 3 0.006 0.286 0.473 0.926 0.294 43 0 76.22 20.76 0 0.46
60800 10 3 0.016 0.112 0.056 0.796 0.448 34 54 40.48 123.06 0 0
60800 10 3 0.015 0.194 0.208 0.879 0.689 51 1 58.92 11.18 0 0.6
60800 10 3 0.026 0.228 0.091 0.931 0.917 34 0 54.2 11.78 0 0.76
60800 10 3 0.043 0.03 0.392 0.785 0.593 30 1 45 12.9 0 0.78
60800 10 3 0.017 0.013 0.361 0.93 0.336 30 0 43.68 9.34 0 0.7
60800 10 3 0.06 0.469 0.437 0.944 0.931 26 0 36.98 5.18 0 0.84
60800 10 3 0.076 0.081 0.109 0.807 0.71 71 2 83.62 13.04 0 0.38
60800 10 3 0.075 0.318 0.09 0.965 0.301 25 593 26.5 1029.68 0 0
60800 10 3 0.095 0.191 0.161 0.856 0.072 25 398 27.58 774.44 0 0
60800 10 3 0.027 0.081 0.416 0.761 0.518 31 0 40.56 10.38 0 0.74
60800 10 3 0.088 0.125 0.134 0.99 0.584 87 0 92.4 9.18 0 0.62
60800 10 3 0.081 0.462 0.452 0.953 0.978 32 1 45.98 10.42 0 0.7
60800 10 3 0.088 0.137 0.263 0.954 0.453 76 1 81.68 8.6 0 0.6
60800 10 3 0.035 0.012 0.419 0.752 0.765 37 0 48.56 9.6 0 0.74
60800 10 3 0.07 0.371 0.01 0.908 0.781 67 1 81.44 11.22 0 0.56
60800 10 3 0.088 0.309 0.363 0.949 0.744 57 0 71.86 7.16 0 0.74
60800 10 3 0.086 0.423 0.32 0.777 0.262 30 4 43.1 116.5 0 0.3
60800 10 3 0.052 0.42 0.312 0.797 0.285 28 1 56.16 30.96 0 0.64
60800 10 3 0.058 0.059 0.081 0.816 0.854 69 1 76.64 7.02 0 0.74
60800 10 3 0.055 0.284 0.346 0.802 0.54 50 0 59.12 6.42 0 0.78
60800 10 3 0.081 0.057 0.048 0.89 0.771 35 0 47.82 9.96 0 0.76
60800 10 3 0.048 0.377 0.265 0.871 0.242 28 6 40 135.76 0 0.04
60800 10 3 0.058 0.091 0.481 0.877 0.341 29 0 45.48 12.64 0 0.7
60800 10 3 0.085 0.255 0.318 0.79 0.122 29 5 46.54 117.18 0 0.12
60800 10 3 0.093 0.364 0.462 0.937 0.597 58 0 66.92 7.46 0 0.72
60800 10 3 0.024 0.248 0.394 0.983 0.755 40 0 47.04 8.82 0 0.72
60800 10 3 0.066 0.489 0.48 0.861 0.247 53 5 62.6 44.54 0 0.04
60800 10 3 0.048 0.262 0.451 0.809 0.4 28 2 73.1 18.74 0 0.7
60800 10 3 0.112 0.067 0.224 0.908 0.571 44 0 55.16 11.22 0 0.68
60800 10 3 0.002 0.417 0.054 0.982 0.275 25 381 27.46 730.1 0 0
60800 10 3 0.101 0.393 0.31 0.971 0.416 38 3 47.64 39.58 0 0.3
60800 10 3 0.107 0.069 0.031 0.94 0.299 34 48 47.92 112.86 0 0
60800 10 3 0.087 0.146 0.245 0.804 0.395 77 1 83.8 10.32 0 0.58
60800 10 3 0.02 0.413 0.231 0.961 0.46 63 9 72.7 30.26 0 0.06
60800 10 3 0.036 0.038 0.389 0.919 0.556 51 1 62.54 12.66 0 0.72
60800 10 3 0.016 0.098 0.473 0.902 0.623 29 0 46.12 11.8 0 0.78
60800 10 3 0.117 0.193 0.235 0.985 0.748 55 0 67.8 8.58 0 0.72
60800 10 3 0.113 0.464 0.338 0.778 0.501 61 1 73.38 10.16 0 0.62
60800 10 3 0.098 0.232 0.203 0.858 0.929 32 0 44.78 11.42 0 0.72
60800 10 3 0.009 0.167 0.163 0.853 0.525 32 1 52.18 30.14 0 0.56
60800 10 3 0.053 0.418 0.368 0.76 0.075 25 57 32.56 266.98 0 0
60800 10 3 0.087 0.297 0.263 0.918 0.161 25 76 42.82 236.24 0 0
60800 10 3 0.039 0.341 0.314 0.871 0.101 25 51 31.46 294.92 0 0
60800 10 3 0.017 0.152 0.428 0.918 0.449 29 0 53.06 9.58 0 0.76
60800 10 3 0.083 0.155 0.332 0.879 0.391 69 0 81.72 12.82 0 0.6
60800 10 3 0.059 0.414 0.196 0.813 0.1 25 860 26.38 1027.86 0 0
60800 10 3 0.116 0.245 0.176 0.983 0.253 25 141 37.06 239.14 0 0
60800 10 3 0.059 0.095 0.382 0.834 0.095 62 11 72.86 46.06 0 0
60800 10 3 0.015 0.485 0.471 0.874 0.42 55 0 67.94 13.52 0 0.62
60800 10 3 0.026 0.236 0.43 0.779 0.499 29 1 43.34 5.72 0 0.86
60800 10 3 0.029 0.025 0.165 0.932 0.338 34 0 48.84 10.96 0 0.8
60800 10 3 0.053 0.268 0.26 0.869 0.546 49 0 62.18 7.64 0 0.76
60800 10 3 0.071 0.477 0.053 0.952 0.361 25 348 28.24 809.58 0 0
60800 10 3 0.031 0.074 0.108 0.89 0.845 32 0 46.82 9.66 0 0.76
60800 10 3 0.022 0.281 0.444 0.991 0.998 27 0 40.74 8.92 0 0.74
60800 10 3 0.054 0.391 0.482 0.767 0.206 30 0 56.7 45 0 0.5
60800 10 3 0.007 0.203 0.026 0.776 0.695 29 0 41.5 11.76 0 0.78
60800 10 3 0.097 0.069 0.272 0.84 0.551 27 0 42.96 10 0 0.74
60800 10 3 0.01 0.155 0.062 0.868 0.975 45 0 59.76 7.02 0 0.78
60800 10 3 0.043 0.264 0.483 0.758 0.718 34 0 47.02 8.12 0 0.8
60800 10 3 0.08 0.25 0.082 0.904 0.936 29 0 43.64 6.5 0 0.8
60800 10 3 0.107 0.121 0.475 0.998 0.084 57 1 67.66 30.14 0 0.32
60800 10 3 0.115 0.262 0.466 0.983 0.786 35 0 50.6 7.02 0 0.76
60800 10 3 0.038 0.127 0.402 0.847 0.406 32 0 48.74 9.38 0 0.76
60800 10 3 0.029 0.138 0.317 0.964 0.345 43 2 69.74 21.12 0 0.62
60800 10 3 0.098 0.134 0.257 0.902 0.633 34 0 48.04 9.36 0 0.74
60800 10 3 0.039 0.054 0.282 0.836 0.199 73 0 86.84 10.72 0 0.54
60800 10 3 0.087 0.115 0.299 0.976 0.164 37 2 59.7 24.06 0 0.6
60800 10 3 0.008 0.058 0.172 0.852 0.297 37 0 47.62 23.8 0 0.74
60800 10 3 0.057 0.221 0.391 0.769 0.222 61 4 69.36 17 0 0.48
60800 10 3 0.042 0.173 0.382 0.787 0.53 30 0 43.12 11.6 0 0.8
60800 10 3 0.091 0.114 0.434 0.76 0.291 90 0 95.36 9.64 0 0.58
60800 10 3 0.081 0.097 0.087 0.78 0.524 64 0 87.48 12.84 0 0.58
60800 10 3 0.039 0.031 0.023 0.81 0.226 32 200 40.22 327.04 0 0
60800 10 3 0.002 0.443 0.311 0.796 0.119 25 5 53.9 165.46 0 0.18
60800 10 3 0.033 0.23 0.025 0.992 0.091 25 800 27.44 961 0 0
60800 10 3 0.009 0.324 0.207 0.891 0.54 61 0 69.2 20.4 0 0.42
60800 10 3 0.023 0.303 0.473 0.971 0.603 30 0 42.74 9.04 0 0.74
60800 10 3 0.083 0.026 0.406 0.752 0.033 58 0 67.36 11.98 0 0.56
60800 10 3 0.044 0.451 0.388 0.981 0.526 48 0 56.26 3.7 0 0.84
60800 10 3 0.076 0.392 0.18 0.762 0.737 33 0 52.54 15.88 0 0.74
60800 10 3 0.016 0.135 0.422 0.781 0.765 62 1 71.18 5.12 0 0.84
60800 10 3 0.062 0.118 0.485 0.957 0.233 72 2 83.98 8.24 0 0.76
60800 10 3 0.033 0.251 0.091 0.851 0.292 25 62 40.72 232.1 0 0
60800 10 3 0.105 0.056 0.099 0.946 0.152 28 42 36.68 143.98 0 0
60800 10 3 0.078 0.217 0.176 0.838 0.777 64 0 75.9 9.44 0 0.66
60800 10 3 0.118 0.49 0.013 0.834 0.112 25 731 26.9 944.06 0 0
60800 10 3 0.041 0.255 0.131 0.963 0.737 67 1 74.72 12.28 0 0.52
60800 10 3 0.103 0.305 0.473 0.803 0.005 25 1035 26.18 1060.34 0 0
60800 10 3 0.073 0.034 0.192 0.754 0.21 32 0 46.2 6.94 0 0.8
60800 10 3 0.04 0.169 0.217 0.987 0.221 54 1 65.26 68.74 0 0.26
60800 10 3 0.035 0.486 0.464 0.81 0.112 25 0 42.84 113.52 0 0.34
60800 10 3 0.09 0.327 0.219 0.925 0.221 27 65 37.96 175.12 0 0
60800 10 3 0.104 0.024 0.36 0.821 0.974 28 0 43.24 10.78 0 0.8
60800 10 3 0.016 0.263 0.445 0.83 0.363 68 0 74.74 11.96 0 0.56
60800 10 3 0.085 0.048 0.328 0.966 0.482 28 0 42 12.2 0 0.78
60800 10 3 0.077 0.374 0.388 0.756 0.582 38 0 50.7 11.82 0 0.74
60800 10 3 0.023 0.199 0.477 0.889 0.986 35 0 47.68 10.94 0 0.78
60800 10 3 0.008 0.051 0.008 0.911 0.208 25 1077 26.16 1149.84 0 0
60800 10 3 0.041 0.227 0.073 0.787 0.142 25 716 27.54 913.44 0 0
60800 10 3 0.1 0.465 0.445 0.795 0.467 37 1 57.02 15.1 0 0.74
60800 10 3 0.105 0.395 0.228 0.795 0.307 42 23 52.4 120.56 0 0
60800 10 3 0.101 0.365 0.004 0.881 0.1 25 753 27.46 1021.04 0 0
60800 10 3 0.012 0.42 0.458 0.956 0.424 41 0 60.5 15.14 0 0.62
60800 10 3 0.044 0.482 0.286 0.837 0.786 54 0 63.44 10.96 0 0.78
60800 10 3 0.104 0.443 0.301 0.895 0.94 48 0 59.74 10.72 0 0.76
60800 10 3 0.016 0.395 0.1 0.874 0.283 25 88 32.34 261.18 0 0
60800 10 3 0.1 0.423 0.297 0.895 0.28 36 23 43.74 105.72 0 0
60800 10 3 0.114 0.173 0.191 0.934 0.664 25 0 40.46 11.74 0 0.76
60800 10 3 0.031 0.279 0.396 0.972 0.327 41 1 57.44 11.66 0 0.72
60800 10 3 0.061 0.153 0.24 0.794 0.681 28 0 42.58 8.84 0 0.76
60800 10 3 0.088 0.045 0.28 0.827 0.251 29 0 47.24 11.58 0 0.76
60800 10 3 0.087 0.344 0.217 0.982 0.293 26 8 53.46 144.8 0 0.06
60800 10 3 0.06 0.307 0.382 0.878 0.771 53 1 63.3 8.18 0 0.72
60800 10 3 0.109 0.474 0.368 0.856 0.434 70 1 83.78 21.16 0 0.18
60800 10 3 0.014 0.487 0.228 0.951 0.869 47 0 57.42 10.18 0 0.66
60800 10 3 0.034 0.15 0.061 0.972 0.885 26 0 42.42 11.26 0 0.72
60800 10 3 0.117 0.264 0.238 0.84 0.777 53 0 67.18 11.22 0 0.68
60800 10 3 0.064 0.125 0.269 0.931 0.416 63 0 74.34 5.06 0 0.8
60800 10 3 0.1 0.273 0.211 0.841 0.421 45 2 64.96 50.96 0 0.14
60800 10 3 0.027 0.463 0.091 0.805 0.148 25 172 39.12 479.96 0 0
60800 10 3 0.038 0.194 0.312 0.836 0.932 33 0 53.58 11.74 0 0.76
60800 10 3 0.079 0.376 0.263 0.979 0.758 58 0 62.28 5.1 0 0.76
60800 10 3 0.056 0.44 0.182 0.899 0.211 25 78 40.08 278.58 0 0
60800 10 3 0.088 0.401 0.318 0.915 0.811 31 0 51.22 10.32 0 0.8
60800 10 3 0.048 0.106 0.216 0.75 0.215 30 3 49.44 42.76 0 0.46
60800 10 3 0.009 0.404 0.146 0.944 0.527 55 1 70.76 38.54 0 0.14
60800 10 3 0.057 0.089 0.063 0.834 0.568 42 1 56.06 12.42 0 0.66
60800 10 3 0.099 0.229 0.161 0.926 0.583 90 1 93.4 9.24 0 0.64
60800 10 3 0.054 0.378 0.335 0.898 0.22 30 1 57.24 56.02 0 0.54
60800 10 3 0.037 0.256 0.43 0.864 0.628 40 0 57.68 11.78 0 0.7
60800 10 3 0.089 0.115 0.047 0.754 0.011 25 1133 26.42 1189.78 0 0
60800 10 3 0.103 0.467 0.127 0.975 0.435 30 63 42.46 220.86 0 0
60800 10 3 0.051 0.047 0.2 0.981 0.208 36 0 53.76 10.92 0 0.64
60800 10 3 0.077 0.288 0.162 0.79 0.709 37 0 47.68 12.86 0 0.72
60800 10 3 0.112 0.269 0.392 0.784 0.138 36 2 48.66 75.7 0 0.12
60800 10 3 0.015 0.285 0.285 0.761 0.652 27 0 41.28 13.34 0 0.72
60800 10 3 0.063 0.45 0.475 0.996 0.058 30 33 34.48 207.66 0 0
60800 10 3 0.1 0.185 0.403 0.913 0.393 74 0 77.8 9.02 0 0.58
60800 10 3 0.061 0.302 0.256 0.789 0.434 49 1 63.74 12.12 0 0.62
60800 10 3 0.064 0.09 0.421 0.962 0.837 27 0 43.08 8.12 0 0.84
60800 10 3 0.063 0.253 0.28 0.806 0.77 33 0 52.32 10.12 0 0.72
60800 10 3 0.085 0.385 0.243 0.897 0.356 28 1 41.4 159.68 0 0.3
60800 10 3 0.048 0.49 0.074 0.88 0.608 33 5 51.48 28.32 0 0.5
60800 10 3 0.064 0.084 0.131 0.821 0.445 81 1 90.4 6.82 0 0.72
60800 10 3 0.003 0.334 0.455 0.793 0.073 27 0 42.86 142.86 0 0.18
60800 10 3 0.066 0.39 0.299 0.944 0.481 45 2 56.88 24.4 0 0.62
60800 10 3 0.1 0.185 0.143 0.936 0.97 27 1 42.16 12.72 0 0.76
60800 10 3 0.113 0.237 0.171 0.982 0.77 28 0 44.52 10.28 0 0.8
60800 10 3 0.093 0.45 0.336 0.85 0.244 30 26 45.06 140.32 0 0
60800 10 3 0.092 0.445 0.36 0.811 0.566 80 0 88.68 9.92 0 0.5
60800 10 3 0.036 0.199 0.379 0.774 0.497 58 1 65.56 10.04 0 0.6
60800 10 3 0.046 0.23 0.026 0.791 0.796 74 2 85.52 17.02 0 0.42
60800 10 3 0.008 0.224 0.382 0.939 0.046 25 5 38.72 178.18 0 0.12
60800 10 3 0.105 0.457 0.462 0.868 0.507 41 1 52.6 10.28 0 0.72
60800 10 3 0.079 0.27 0.234 0.862 0.829 73 1 80.84 7.38 0 0.76
60800 10 3 0.018 0.153 0.018 0.768 0.535 25 498 29.42 678.88 0 0
60800 10 3 0.044 0.416 0.334 0.938 0.989 69 0 78.2 6.16 0 0.82
60800 10 3 0.006 0.022 0.119 0.802 0.509 34 1 50.32 12.4 0 0.72
60800 10 3 0.079 0.435 0.341 0.925 0.455 56 1 65.96 17.54 0 0.36
60800 10 3 0.017 0.219 0.269 0.889 0.025 25 134 29.6 526.44 0 0
60800 10 3 0.092 0.382 0.329 0.946 0.554 43 0 66.78 16.1 0 0.48
60800 10 3 0.091 0.264 0.481 0.955 0.431 32 0 47.06 12.36 0 0.76
60800 10 3 0.005 0.203 0.079 0.933 0.494 27 1 55.5 87.62 0 0.44
60800 10 3 0.053 0.003 0.049 0.854 0.846 50 0 62.38 8.12 0 0.68
60800 10 3 0.106 0.247 0.202 0.844 0.101 25 60 31.68 575.36 0 0
60800 10 3 0.11 0.272 0.087 0.919 0.334 25 523 32.62 613.72 0 0
60800 10 3 0.114 0.386 0.44 0.879 0.919 27 0 40.32 9.26 0 0.78
60800 10 3 0.107 0.403 0.155 0.994 0.673 58 1 64.78 17.24 0 0.54
60800 10 3 0.046 0.221 0.081 0.929 0.428 35 16 41.64 116.38 0 0
60800 10 3 0.007 0.304 0.357 0.924 0.202 31 4 57.06 34.2 0 0.68
60800 10 3 0.098 0.122 0.215 0.989 0.497 34 0 48.46 2.7 0 0.94
60800 10 3 0.074 0.212 0.101 0.806 0.113 25 737 26.64 1050.3 0 0
60800 10 3 0.084 0.419 0.496 0.912 0.828 57 0 74.56 10.3 0 0.7
60800 10 3 0.071 0.012 0.277 0.777 0.125 28 1 43.46 9.46 0 0.8
60800 10 3 0.044 0.167 0.127 0.865 0.929 31 0 45.86 12.66 0 0.76
60800 10 3 0.07 0.167 0.472 0.808 0.837 35 0 48.3 8.32 0 0.78
60800 10 3 0.034 0.427 0.356 0.79 0.049 25 250 27.92 619.78 0 0
60800 10 3 0.042 0.317 0.265 0.858 0.282 51 3 65.9 52.26 0 0.22
60800 10 3 0.012 0.044 0.046 0.905 0.4 38 12 51.42 66.52 0 0
60800 10 3 0.068 0.26 0.084 0.94 0.448 34 14 44.32 100.16 0 0
60800 10 3 0.039 0.006 0.158 0.927 0.662 32 0 46.32 9.86 0 0.72
60800 10 3 0.07 0.388 0.011 0.816 0.336 25 621 27.92 889.24 0 0
60800 10 3 0.027 0.358 0.448 0.835 0.37 57 0 64.3 14.8 0 0.66
60800 10 3 0.069 0.253 0.121 0.864 0.272 25 519 28.92 589.68 0 0
60800 10 3 0.059 0.006 0.052 0.845 0.884 45 0 57.32 8.82 0 0.72
60800 10 3 0.071 0.244 0.311 0.828 0.637 89 1 94.18 6.22 0 0.82
60800 10 3 0.065 0.062 0.473 0.894 0.155 47 0 56.78 11.34 0 0.72
60800 10 3 0.019 0.182 0.276 0.88 0.343 46 2 64.26 24.48 0 0.28
60800 10 3 0.097 0.261 0.396 0.848 0.428 54 1 68.58 14.82 0 0.6
60800 10 3 0.09 0.482 0.004 0.787 0.074 25 1098 26.42 1121.42 0 0
60800 10 3 0.085 0.237 0.128 0.779 0.832 44 0 53.84 7.9 0 0.82
60800 10 3 0.036 0.111 0.442 0.984 0.433 28 0 44.34 11.48 0 0.72
60800 10 3 0.11 0.142 0.179 0.955 0.587 33 1 48.66 11.9 0 0.64
60800 10 3 0.065 0.084 0.398 0.803 0.828 67 1 71.78 8.62 0 0.78
60800 10 3 0.086 0.337 0.21 0.757 0.26 25 4 39.64 149.76 0 0.36
60800 10 3 0.033 0.414 0.202 0.837 0.751 54 0 59.92 7.58 0 0.76
60800 10 3 0.095 0.062 0.255 0.976 0.398 40 0 52.68 10.28 0 0.82
60800 10 3 0.093 0.106 0.278 0.9 0.962 34 0 45.74 10.86 0 0.78
60800 10 3 0.049 0.12 0.357 0.888 0.094 36 2 57.42 66.66 0 0.12
60800 10 3 0.12 0.184 0.478 0.936 0.06 33 11 40.78 126.08 0 0
60800 10 3 0.069 0.479 0.285 0.87 0.793 25 0 34.84 11.72 0 0.76
60800 10 3 0.045 0.255 0.487 0.977 0.682 35 0 44.8 10.4 0 0.78
60800 10 3 0.075 0.499 0.392 0.828 0.118 25 10 36.84 205.06 0 0
60800 10 3 0.052 0.466 0.087 0.887 0.673 66 0 81.42 20.8 0 0.52
60800 10 3 0.013 0.477 0.267 0.812 0.135 26 28 35.48 152.12 0 0
60800 10 3 0.084 0.31 0.303 0.918 0.275 33 1 47.8 67.56 0 0.48
60800 10 3 0.082 0.441 0.09 0.759 0.706 81 3 88.34 21.14 0 0.22
60800 10 3 0.044 0.013 0.136 0.964 0.85 31 1 45.76 12.66 0 0.76
60800 10 3 0.091 0.405 0.43 0.822 0.008 25 783 26.02 1034 0 0
60800 10 3 0.007 0.409 0.387 0.844 0.255 33 0 64.88 63.66 0 0.38
60800 10 3 0.049 0.274 0.272 0.869 0.946 30 1 45.22 11.4 0 0.72
60800 10 3 0.116 0.394 0.223 0.938 0.933 36 1 53.74 11.72 0 0.68
60800 10 3 0.116 0.192 0.111 0.956 0.006 25 901 26.2 1121.38 0 0
60800 10 3 0.116 0.197 0.233 0.879 0.114 25 330 30.5 510.04 0 0
60800 10 3 0.042 0.18 0.235 0.798 0.268 33 0 49.72 58.44 0 0.34
60800 10 3 0.055 0.312 0.346 0.761 0.181 25 4 40.68 107.58 0 0.32
60800 10 3 0.024 0.137 0.026 0.933 0.562 30 4 43.76 113.64 0 0.16
60800 10 3 0.012 0.314 0.268 0.794 0.094 28 23 48.96 123.76 0 0
60800 10 3 0.113 0.172 0.065 0.775 0.617 70 0 76.66 12.5 0 0.42
60800 10 3 0.013 0.056 0.111 0.994 0.785 68 0 77.76 4.64 0 0.84
60800 10 3 0.038 0.39 0.379 0.895 0.158 27 1 43.8 105.66 0 0.38
60800 10 3 0.037 0.324 0.43 0.878 0.379 55 0 71.58 14.56 0 0.58
60800 10 3 0.063 0.302 0.07 0.992 0.39 25 304 30.4 522.02 0 0
60800 10 3 0.117 0.378 0.357 0.885 0.514 47 0 55.3 11.42 0 0.84
60800 10 3 0.087 0.129 0.445 0.933 0.925 82 0 88.34 6.36 0 0.76
60800 10 3 0.077 0.355 0.254 0.779 0.109 25 815 26.66 969.26 0 0
60800 10 3 0.008 0.128 0.026 0.787 0.4 29 146 36.88 305.7 0 0
60800 10 3 0.012 0.291 0.262 0.842 0.051 36 70 44.96 179.56 0 0
60800 10 3 0.075 0.034 0.289 0.8 0.81 52 0 62.36 7.14 0 0.8
60800 10 3 0.062 0.499 0.331 0.986 0.857 62 0 73.74 6.76 0 0.76
60800 10 3 0.107 0.421 0.237 0.918 0.234 26 34 37.72 249.52 0 0
60800 10 3 0.004 0.426 0.251 0.966 0.132 31 3 49.64 133.68 0 0.34
60800 10 3 0.017 0.266 0.087 0.959 0.789 30 1 47.9 14.72 0 0.7
60800 10 3 0.099 0.477 0.446 0.853 0.544 26 2 40.62 11.44 0 0.7
60800 10 3 0.043 0.453 0.06 0.955 0.88 69 1 74.96 9.26 0 0.72
60800 10 3 0.091 0.484 0.038 0.809 0.621 38 1 56.86 37.96 0 0.58
60800 10 3 0.075 0.497 0.497 0.934 0.981 30 0 37.6 11.08 0 0.78
60800 10 3 0.063 0.402 0.402 0.938 0.739 31 0 41.04 12.08 0 0.8
60800 10 3 0.031 0.132 0.21 0.891 0.968 74 1 83.42 9.98 0 0.7
60800 10 3 0.074 0.035 0.328 0.826 0.508 25 1 40.32 11.9 0 0.78
60800 10 3 0.119 0.194 0.364 0.753 0.77 29 0 38.46 5.2 0 0.82
60800 10 3 0.054 0.423 0.159 0.823 0.315 26 32 39.34 165.02 0 0
60800 10 3 0.01 0.187 0.258 0.941 0.525 30 2 47.18 22.92 0 0.68
60800 10 3 0.057 0.486 0.277 0.979 0.371 49 3 57 42.28 0 0.38
60800 10 3 0.09 0.04 0.474 0.939 0.577 53 0 64.74 5.46 0 0.82
60800 10 3 0.09 0.47 0.473 0.909 0.104 25 6 37.68 209.46 0 0.12
60800 10 3 0.004 0.34 0.489 0.93 0.484 30 0 45 10.54 0 0.8
60800 10 3 0.099 0.116 0.255 0.889 0.359 63 0 73.76 4.84 0 0.76
60800 10 3 0.099 0.442 0.419 0.816 0.446 78 0 90.8 10.74 0 0.5
60800 10 3 0.009 0.169 0.001 0.857 0.843 79 0 96.42 14 0.22 0.56
60800 10 3 0.029 0.337 0.474 0.889 0.266 62 4 73.14 20.78 0 0.18
60800 10 3 0.024 0.008 0.213 0.813 0.95 50 1 61.92 9.98 0 0.68
60800 10 3 0.063 0.314 0.412 0.908 0.944 51 0 67.84 8 0 0.78
60800 10 3 0.084 0.125 0.38 0.961 0.759 30 0 44.54 9.04 0 0.78
60800 10 3 0.022 0.369 0.005 0.904 0.976 71 0 82.22 5.7 0 0.7
60800 10 3 0.098 0.17 0.423 0.976 0.531 39 1 52.16 12.06 0 0.72
60800 10 3 0.091 0.113 0.23 0.962 0.24 43 0 56.82 15.38 0 0.46
60800 10 3 0.085 0.254 0.249 0.904 0.836 51 0 64.2 8.42 0 0.64
60800 10 3 0.103 0.268 0.13 0.865 0.687 69 1 78.36 10.14 0 0.64
60800 10 3 0.062 0.118 0.243 0.792 0.561 28 0 43.94 11.76 0 0.76
60800 10 3 0.093 0.171 0.236 0.917 0.673 38 0 50.22 7.36 0 0.8
60800 10 3 0.103 0.434 0.031 0.959 0.924 50 0 59.44 7.82 0 0.66
60800 10 3 0.069 0.42 0.362 0.972 0.663 59 1 75.32 10.16 0 0.6
60800 10 3 0.039 0.168 0.32 0.833 0.955 62 0 74.22 5.26 0 0.76
60800 10 3 0.114 0.383 0.409 0.836 0.787 59 1 69.14 7.78 0 0.76
60800 10 3 0.02 0.076 0.184 0.905 0.126 32 3 56.3 88.94 0 0.28
60800 10 3 0.104 0.127 0.35 0.944 0.504 29 0 42.46 10.04 0 0.76
60800 10 3 0.016 0.327 0.36 0.839 0.117 25 2 41.94 117.38 0 0.3
60800 10 3 0.006 0.22 0.413 0.787 0.876 25 1 36.64 12.1 0 0.76
60800 10 3 0.054 0.294 0.308 0.852 0.445 71 0 85.54 22.54 0 0.44
60800 10 3 0.109 0.493 0.094 0.862 0.208 25 798 27.24 941.38 0 0
60800 10 3 0.033 0.491 0.228 0.776 0.769 28 0 50.86 11.46 0 0.74
60800 10 3 0.103 0.068 0.256 0.927 0.581 50 0 59.98 9.42 0 0.68
60800 10 3 0.041 0.102 0.481 0.791 0.928 26 1 42.18 11.92 0 0.76
60800 10 3 0.038 0.441 0.055 0.91 0.293 25 318 32.36 692.16 0 0
60800 10 3 0.017 0.255 0.159 0.886 0.59 36 0 46.96 7.64 0 0.8
60800 10 1 0.029 0.043 0.138 0.758 0.258 59 2 81.68 13.86 0 0.58
60800 10 1 0.104 0.343 0.32 0.911 0.218 27 4 45.02 88.76 0 0.28
60800 10 1 0.08 0.479 0.109 0.914 0.795 78 2 97.02 16.84 0 0.56
60800 10 1 0.035 0.084 0.118 0.836 0.043 25 894 26.34 1070.82 0 0
60800 10 1 0.051 0.049 0.303 0.867 0.929 100 0 115.82 11.1 0.68 0.5
60800 10 1 0.015 0.179 0.444 0.847 0.476 77 1 94.94 8.26 0 0.74
60800 10 1 0.097 0.357 0.346 0.769 0.718 81 2 96.4 12.84 0 0.62
60800 10 1 0.014 0.493 0.1 0.823 0.627 56 3 84.7 32.44 0.14 0.32
60800 10 1 0.044 0.142 0.015 0.868 0.186 25 1163 26.14 1204.04 0 0
60800 10 1 0.104 0.238 0.121 0.881 0.482 26 3 43.1 89.2 0 0.32
60800 10 1 0.032 0.181 0.123 0.853 0.299 25 2 39.34 164.04 0 0.28
60800 10 1 0.068 0.177 0.215 0.931 0.73 94 1 104.48 10.86 0.28 0.5
60800 10 1 0.066 0.253 0.286 0.892 0.265 35 16 42.66 75.68 0 0
60800 10 1 0.038 0.419 0.48 0.893 0.022 25 464 27.06 580.08 0 0
60800 10 1 0.075 0.018 0.115 0.959 0.363 97 2 111.24 12.4 0.5 0.6
60800 10 1 0.073 0.29 0.214 0.818 0.611 84 2 94.98 17.92 0 0.42
60800 10 1 0.023 0.18 0.33 0.874 0.676 98 0 108.78 9.36 0.36 0.56
60800 10 1 0.038 0.408 0.321 0.915 0.918 89 1 103.88 11.66 0.3 0.74
60800 10 1 0.008 0.316 0.386 0.764 0.376 71 1 87.38 17.64 0 0.54
60800 10 1 0.037 0.265 0.16 0.833 0.694 91 0 98.56 13.96 0 0.26
60800 10 1 0.083 0.377 0.399 0.851 0.343 52 1 72.66 35.28 0 0.34
60800 10 1 0.12 0.446 0.388 0.902 0.455 73 1 91.12 16.44 0 0.46
60800 10 1 0.059 0.207 0.056 0.885 0.54 28 12 40.72 118.16 0 0
60800 10 1 0.114 0.079 0.473 0.899 0.301 96 0 102.42 9.98 0.08 0.6
60800 10 1 0.071 0.16 0.316 0.81 0.868 77 0 94.36 12.2 0 0.62
60800 10 1 0.051 0.291 0.109 0.872 0.964 82 1 104.26 13.5 0.32 0.68
60800 10 1 0.029 0.291 0.059 0.862 0.125 25 87 29.9 758.76 0 0
60800 10 1 0.116 0.185 0.304 0.986 0.089 25 50 30.1 368.72 0 0
60800 10 1 0.035 0.008 0.091 0.984 0.028 28 38 38.68 154.06 0 0
60800 10 1 0.026 0.341 0.203 0.841 0.325 36 19 49.16 79.5 0 0
60800 10 1 0.081 0.337 0.318 0.815 0.734 94 0 105.7 14.06 0.24 0.56
60800 10 1 0.091 0.468 0.042 0.923 0.775 82 1 93.54 16.24 0 0.52
60800 10 1 0.119 0.291 0.089 0.94 0.235 25 594 28.12 781.24 0 0
60800 10 1 0.115 0.379 0.491 0.858 0.415 86 0 95.3 8.32 0 0.6
60800 10 1 0.081 0.078 0.074 0.791 0.509 85 2 101.12 18.1 0 0.26
60800 10 1 0.11 0.489 0.495 0.926 0.155 43 50 48.8 124.26 0 0
60800 10 3 0.113 0.17 0.049 0.771 0.803 75 0 84.84 10.26 0 0.5
60800 10 3 0.095 0.169 0.013 0.937 0.562 30 26 44.2 88.54 0 0
60800 10 3 0.016 0.034 0.004 0.87 0.568 30 7 43.36 98.14 0 0.24
60800 10 3 0.102 0.254 0.349 0.9 0.86 32 0 46.26 9.46 0 0.72
60800 10 3 0.026 0.419 0.211 0.886 0.03 25 656 27.64 933.7 0 0
60800 10 3 0.111 0.282 0.039 0.976 0.92 49 0 60.72 3.1 0 0.9
60800 10 3 0.12 0.387 0.012 0.79 0.395 25 795 27.64 995.54 0 0
60800 10 3 0.036 0.01 0.397 0.813 0.714 55 0 65.1 5.84 0 0.76
60800 10 3 0.037 0.238 0.153 0.84 0.212 35 28 48.18 105.1 0 0
60800 10 3 0.085 0.275 0.417 0.977 0.448 41 0 55.2 8.58 0 0.78
60800 10 3 0.095 0.06 0.381 0.812 0.894 46 0 59.94 11.24 0 0.7
60800 10 3 0.01 0.322 0.456 0.941 0.393 72 0 83 13.32 0 0.54
60800 10 3 0.048 0.44 0.166 0.809 0.489 47 1 57.66 40.06 0 0.3
60800 10 3 0.043 0.251 0.265 0.878 0.14 25 5 38.58 127.52 0 0.32
60800 10 3 0.104 0.073 0.06 0.977 0.731 58 0 67.7 9.26 0 0.66
60800 10 3 0.073 0.43 0.222 0.928 0.089 25 177 28 818.88 0 0
60800 10 3 0.029 0.304 0.408 0.97 0.385 82 3 88.56 16.68 0 0.18
60800 10 3 0.112 0.315 0.323 0.889 0.496 76 1 98.14 15.96 0.26 0.46
60800 10 3 0.094 0.05 0.474 0.942 0.218 57 0 67.96 4.3 0 0.86
60800 10 3 0.053 0.272 0.355 0.948 0.382 58 2 79.66 21.18 0 0.56
60800 10 3 0.005 0.382 0.04 0.757 0.359 25 162 31.36 410.82 0 0
60800 10 3 0.007 0.247 0.057 0.898 0.324 25 12 44.98 120.2 0 0
60800 10 3 0.027 0.476 0.243 0.755 0.297 36 6 56.08 72.08 0 0.1
60800 10 3 0.085 0.009 0.495 0.84 0.874 33 0 49.08 11.08 0 0.76
60800 10 3 0.059 0.448 0.312 0.767 0.231 26 5 46.22 62.54 0 0.08
60800 10 3 0.045 0.33 0.008 0.931 0.613 38 5 47.72 65.4 0 0.06
60800 10 3 0.015 0.261 0.24 0.782 0.773 31 0 46.96 10.78 0 0.72
60800 10 3 0.054 0.197 0.098 0.973 0.427 27 3 40.38 120.38 0 0.14
60800 10 3 0.112 0.487 0.015 0.769 0.168 25 789 27.74 940.44 0 0
60800 10 3 0.074 0.15 0.219 0.993 0.427 55 0 71.72 8.38 0 0.64
60800 10 3 0.024 0.44 0.243 0.918 0.429 29 1 59.1 46.24 0 0.36
60800 10 3 0.086 0.175 0.019 0.772 0.007 25 1018 26.44 1074.98 0 0
60800 10 3 0.108 0.044 0.145 0.82 0.99 57 0 69.16 7.14 0 0.74
60800 10 3 0.095 0.403 0.33 0.988 0.403 42 3 56.86 51.36 0 0.32
60800 10 3 0.116 0.085 0.328 0.882 0.651 72 0 79.64 6.96 0 0.7
60800 10 3 0.093 0.018 0.404 0.84 0.319 60 2 70.82 13 0 0.64
60800 10 3 0.023 0.143 0.24 0.75 0.627 79 0 84.64 7.78 0 0.58
60800 10 3 0.078 0.053 0.399 0.864 0.813 44 0 57.96 9.34 0 0.66
60800 10 3 0.108 0.45 0.223 0.947 0.752 52 0 59.94 11.8 0 0.68
60800 10 3 0.028 0.382 0.485 0.943 0.269 45 4 54.1 34.34 0 0.12
60800 10 3 0.075 0.346 0.187 0.896 0.638 86 0 94.92 11.58 0 0.44
60800 10 3 0.028 0.096 0.142 0.772 0.896 37 0 45.84 9.98 0 0.84
60800 10 3 0.097 0.119 0.378 0.85 0.828 31 0 45.32 9.7 0 0.76
60800 10 3 0.089 0.297 0.456 0.981 0.724 25 0 39.9 13.52 0 0.76
60800 10 3 0.032 0.276 0.168 0.93 0.17 25 7 32.96 244.42 0 0.04
60800 10 3 0.071 0.224 0.452 0.984 0.377 40 0 52.22 12 0 0.74
60800 10 3 0.069 0.22 0.394 0.985 0.672 61 0 70.96 9.98 0 0.68
60800 10 3 0.059 0.267 0.243 0.848 0.754 53 1 64.56 9.54 0 0.7
60800 10 3 0.046 0.409 0.448 0.942 0.049 25 14 32.14 379.8 0 0
60800 10 3 0.047 0.035 0.383 0.828 0.454 30 0 43.36 10.38 0 0.8
60800 10 3 0.057 0.041 0.318 0.795 0.674 50 0 61.64 8.4 0 0.72
60800 10 3 0.048 0.46 0.422 0.776 0.705 35 0 55.82 9.94 0 0.74
60800 10 3 0.088 0.318 0.075 0.994 0.807 44 1 64.1 13.44 0 0.74
60800 10 3 0.102 0.072 0.078 0.763 0.549 46 0 73.16 12.4 0 0.64
60800 10 3 0.058 0.199 0.458 0.82 0.888 69 0 73.36 7.16 0 0.72
60800 10 3 0.089 0.156 0.223 0.987 0.779 42 0 55.84 11.68 0 0.66
60800 10 3 0.019 0.498 0.39 0.928 0.21 30 1 47.8 85.76 0 0.3
60800 10 3 0.062 0.089 0.233 0.763 0.816 36 0 56.06 11.56 0 0.74
60800 10 3 0.076 0.227 0.158 0.832 0.728 61 1 81.88 14.38 0 0.54
60800 10 3 0.075 0.085 0.073 0.804 0.055 25 970 26.36 1029.02 0 0
60800 10 3 0.096 0.477 0.433 0.759 0.101 25 6 40.38 267.14 0 0.04
60800 10 3 0.039 0.087 0.438 0.896 0.733 30 0 42.16 5.8 0 0.82
60800 10 3 0.087 0.33 0.117 0.797 0.77 68 1 75.62 8.92 0 0.68
60800 10 3 0.032 0.126 0.1 0.923 0.466 46 4 59.88 33.18 0 0.28
60800 10 3 0.078 0.227 0.403 0.798 0.492 64 0 67.62 7.94 0 0.62
60800 10 3 0.115 0.078 0.091 0.87 0.855 31 0 45.14 11.62 0 0.76
60800 10 3 0.083 0.108 0.401 0.869 0.052 32 4 44.1 81.98 0 0.2
60800 10 3 0.016 0.348 0.376 0.937 0.052 25 23 35.32 216.1 0 0
60800 10 3 0.062 0.49 0.132 0.882 0.709 53 1 65.2 12.14 0 0.56
60800 10 3 0.064 0.081 0.148 0.824 0.02 25 1035 26.28 1090.46 0 0
60800 10 3 0.089 0.077 0.274 0.893 0.019 25 75 30.8 534.44 0 0
60800 10 3 0.042 0.382 0.078 0.977 0.693 47 1 56.86 20.2 0 0.54
60800 10 3 0.069 0.01 0.299 0.757 0.275 27 0 40.18 11.88 0 0.72
60800 10 3 0.089 0.263 0.227 0.896 0.881 46 0 58.38 10.48 0 0.68
60800 10 3 0.092 0.086 0.157 0.886 0.613 73 0 82.9 10.26 0 0.66
60800 10 3 0.008 0.204 0.176 0.828 0.978 31 0 41.76 9.32 0 0.78
60800 10 3 0.118 0.13 0.165 0.982 0.42 62 0 70.56 9.84 0 0.62
60800 10 3 0.005 0.244 0.447 0.93 0.991 48 0 59.52 9.4 0 0.72
60800 10 3 0.034 0.248 0.499 0.771 0.054 26 4 48.58 141 0 0.18
60800 10 3 0.042 0.18 0.27 0.806 0.749 27 1 36.54 6.86 0 0.88
60800 10 3 0.057 0.441 0.208 0.94 0.801 33 1 58.46 9.72 0 0.72
60800 10 3 0.09 0.074 0.109 0.98 0.251 33 1 48.72 43.18 0 0.5
60800 10 3 0.05 0.134 0.014 0.93 0.769 61 1 84.02 16.42 0 0.6
60800 10 3 0.052 0.13 0.395 0.848 0.355 31 0 47.42 11.1 0 0.78
60800 10 3 0.018 0.351 0.132 0.957 0.983 33 0 47.26 10.82 0 0.72
60800 10 3 0.078 0.018 0.118 0.808 0.292 32 1 46.42 12.86 0 0.82
60800 10 3 0.114 0.156 0.453 0.945 0.435 40 1 58.28 9.78 0 0.64
60800 10 3 0.108 0.396 0.401 0.976 0.701 37 0 50.68 8.44 0 0.7
60800 10 3 0.108 0.349 0.331 0.788 0.725 29 1 45.92 11.44 0 0.8
60800 10 3 0.039 0.139 0.458 0.889 0.921 66 0 77.9 11.86 0 0.7
60800 10 3 0.061 0.456 0.149 0.932 0.278 28 218 36.06 311.12 0 0
60800 10 3 0.09 0.202 0.035 0.887 0.103 25 856 26.28 1126.34 0 0
60800 10 3 0.085 0.313 0.256 0.981 0.912 75 0 83.22 6.12 0 0.72
60800 10 3 0.002 0.112 0.405 0.945 0.6 65 0 72.44 7.42 0 0.74
60800 10 3 0.062 0.068 0.187 0.969 0.291 31 0 42.28 16.48 0 0.74
60800 10 3 0.11 0.393 0.043 0.888 0.948 27 0 43.4 9.76 0 0.72
60800 10 3 0.035 0.327 0.25 0.992 0.584 33 0 49.56 16.58 0 0.68
60800 10 3 0.092 0.338 0.237 0.763 0.908 68 0 88.9 6.74 0 0.74
60800 10 3 0.119 0.337 0.474 0.904 0.346 72 2 83.36 16.38 0 0.36
60800 10 3 0.048 0.219 0.073 0.998 0.103 25 857 26.28 1065.84 0 0
60800 10 3 0.027 0.417 0.471 0.839 0.81 45 0 57.58 10.32 0 0.72
60800 10 3 0.048 0.011 0.408 0.766 0.09 59 0 74.7 8.88 0 0.66
60800 10 3 0.071 0.178 0.315 0.774 0.957 38 1 55.74 14.06 0 0.64
60800 10 3 0.075 0.482 0.015 0.961 0.834 51 0 64.38 15.5 0 0.6
60800 10 3 0.119 0.055 0.497 0.959 0.333 58 0 68.68 9.42 0 0.76
60800 10 3 0.032 0.054 0.211 0.781 0.629 43 0 58.4 10.32 0 0.7
60800 10 3 0.059 0.231 0.231 0.876 0.801 31 0 46.2 10.3 0 0.76
60800 10 3 0.046 0.301 0.007 0.848 0.491 25 591 27.32 962.78 0 0
60800 10 3 0.055 0.216 0.271 0.871 0.981 47 0 65.16 11.08 0 0.66
60800 10 3 0.02 0.34 0.221 0.946 0.021 26 23 42.52 252.82 0 0
60800 10 3 0.03 0.308 0.22 0.859 0.061 25 164 32.42 415.42 0 0
60800 10 3 0.092 0.375 0.212 0.86 0.477 33 1 53.76 49.6 0 0.36
60800 10 3 0.056 0.324 0.495 0.926 0.13 58 2 72.86 20.42 0 0.56
60800 10 3 0.079 0.09 0.214 0.857 0.673 36 0 47.78 11.86 0 0.76
60800 10 3 0.056 0.168 0.261 0.77 0.78 34 0 46.22 11.42 0 0.76
60800 10 3 0.093 0.229 0.153 0.94 0.201 28 84 36.04 266.84 0 0
60800 10 3 0.035 0.476 0.29 0.855 0.47 48 2 58.96 21.14 0 0.62
60800 10 3 0.108 0.105 0.083 0.894 0.074 25 897 26.38 1077 0 0
60800 10 3 0.069 0.229 0.209 0.93 0.786 27 1 43.54 4.32 0 0.82
60800 10 3 0.043 0.029 0.495 0.942 0.999 52 0 64.04 9.18 0 0.76
60800 10 3 0.041 0.036 0.422 0.824 0.12 54 0 63.18 6 0 0.7
60800 10 3 0.005 0.395 0.203 0.868 0.132 25 7 42.6 227.82 0 0.22
60800 10 3 0.043 0.476 0.321 0.789 0.494 39 0 51.64 11.3 0 0.68
60800 10 3 0.027 0.081 0.356 0.985 0.425 51 1 63.64 7.1 0 0.72
60800 10 3 0.057 0.22 0.019 0.869 0.755 73 0 86.9 16.2 0 0.48
60800 10 3 0.077 0.198 0.486 0.941 0.031 25 60 41.54 242.6 0 0
60800 10 3 0.016 0.293 0.123 0.752 0.106 25 782 26.32 933.98 0 0
60800 10 3 0.109 0.175 0.326 0.786 0.429 80 0 88.16 5.92 0 0.66
60800 10 3 0.102 0.071 0.106 0.91 0.469 53 1 64.48 6.84 0 0.76
60800 10 3 0.095 0.011 0.06 0.833 0.77 38 0 52.3 9.9 0 0.74
60800 10 3 0.092 0.1 0.307 0.881 0.486 35 0 48.88 9.58 0 0.62
60800 10 3 0.04 0.278 0.334 0.785 0.612 71 0 79.22 10.74 0 0.56
60800 10 3 0.07 0.047 0.225 0.972 0.079 30 3 58.74 83.3 0 0.24
60800 10 3 0.021 0.493 0.086 0.82 0.296 25 452 29.54 628.58 0 0
60800 10 3 0.116 0.126 0.111 0.893 0.843 34 1 49.02 11.64 0 0.8
60800 10 3 0.115 0.471 0.245 0.992 0.45 29 5 50.24 62.86 0 0.24
60800 10 3 0.038 0.26 0.037 0.832 0.277 28 546 34.02 629.08 0 0
60800 10 3 0.082 0.164 0.295 0.84 0.841 32 0 49.26 10.2 0 0.72
60800 10 3 0.012 0.405 0.486 0.868 0.608 67 0 77.8 7.64 0 0.66
60800 10 3 0.011 0.065 0.121 0.875 0.239 28 2 44.4 34.98 0 0.5
60800 10 3 0.022 0.3 0.1 0.823 0.87 31 0 50.74 11.2 0 0.64
60800 10 3 0.058 0.338 0.069 0.782 0.282 25 549 28.02 802.76 0 0
60800 10 3 0.099 0.354 0.466 0.945 0.25 46 14 58.76 43.74 0 0
60800 10 3 0.021 0.472 0.007 0.965 0.035 25 1169 26.02 1231.12 0 0
60800 10 3 0.034 0.292 0.14 0.842 0.049 25 454 28.62 738.94 0 0
60800 10 3 0.021 0.432 0.132 0.768 0.025 25 762 27.58 872.7 0 0
60800 10 3 0.047 0.472 0.182 0.795 0.4 28 1 44.42 170.42 0 0.16
60800 10 3 0.098 0.196 0.466 0.788 0.478 32 0 46.76 11.84 0 0.78
60800 10 3 0.092 0.132 0.414 0.986 0.352 35 0 50 9.46 0 0.8
60800 10 3 0.051 0.002 0.336 0.83 0.785 33 0 46.88 10.76 0 0.78
60800 10 3 0.106 0.016 0.006 0.944 0.121 73 3 88.28 23.98 0 0.18
60800 10 3 0.06 0.032 0.189 0.996 0.879 29 0 43.72 13.62 0 0.8
60800 10 3 0.014 0.004 0.138 0.828 0.313 35 0 46.78 4.42 0 0.84
60800 10 3 0.032 0.278 0.497 0.926 0.809 32 0 42.58 9.86 0 0.72
60800 10 3 0.04 0.187 0.456 0.9 0.466 67 0 79.6 10.84 0 0.58
60800 10 3 0.059 0.034 0.339 0.904 0.191 28 1 40.3 11.76 0 0.84
60800 10 3 0.094 0.147 0.213 0.974 0.786 30 0 40.86 9.62 0 0.74
60800 10 3 0.086 0.398 0.372 0.971 0.221 27 5 45.38 153.54 0 0.06
60800 10 3 0.083 0.235 0.331 0.864 0.222 33 3 53.62 64.22 0 0.38
60800 10 3 0.075 0.448 0.014 0.848 0.787 56 0 78.7 10.46 0 0.64
60800 10 3 0.022 0.039 0.396 0.791 0.839 30 0 43.8 9.66 0 0.74
60800 10 3 0.005 0.311 0.021 0.777 0.652 27 1 38.88 30.5 0 0.66
60800 10 3 0.06 0.42 0.261 0.802 0.215 30 25 36.94 154.66 0 0
60800 10 3 0.036 0.031 0.401 0.871 0.101 55 0 66.38 5.28 0 0.86
60800 10 3 0.12 0.134 0.224 0.873 0.809 27 1 42.4 6.86 0 0.88
60800 10 3 0.029 0.004 0.014 0.857 0.404 50 0 71.28 7.46 0 0.66
60800 10 3 0.037 0.262 0.323 0.799 0.914 54 0 65.26 10.5 0 0.7
60800 10 3 0.039 0.09 0.461 0.915 0.463 28 0 44.58 11.04 0 0.76
60800 10 3 0.034 0.333 0.032 0.849 0.303 25 1115 26.56 1199.84 0 0
60800 10 3 0.063 0.167 0.499 0.828 0.044 32 3 51.8 82.62 0 0.44
60800 10 3 0.051 0.197 0.456 0.897 0.077 29 6 50.62 70.78 0 0.4
60800 10 3 0.011 0.445 0.301 0.758 0.223 38 1 58.6 31.46 0 0.5
60800 10 3 0.023 0.318 0.193 0.893 0.203 25 3 40.78 210.88 0 0.36
60800 10 3 0.071 0.299 0.139 0.974 0.545 43 4 62.34 31.38 0 0.62
60800 10 3 0.108 0.016 0.275 0.774 0.636 29 0 45.32 12.04 0 0.78
60800 10 3 0.039 0.231 0.094 0.806 0.788 28 2 44 14.34 0 0.66
60800 10 3 0.068 0.219 0.238 0.9 0.069 25 493 26.16 946.86 0 0
60800 10 3 0.098 0.484 0.209 0.967 0.123 25 568 30.68 694.92 0 0
60800 10 3 0.092 0.361 0.056 0.835 0.265 25 1083 26.38 1151.92 0 0
60800 10 3 0.001 0.1 0.439 0.924 0.549 31 0 42.26 10.64 0 0.78
60800 10 3 0.107 0.097 0.038 0.979 0.487 39 0 71.56 29.52 0 0.34
60800 10 3 0.036 0.068 0.437 0.962 0.446 74 1 80.34 7.3 0 0.66
60800 10 3 0.109 0.182 0.02 0.905 0.102 25 631 29.12 901.74 0 0
60800 10 3 0.08 0.228 0.099 0.82 0.834 44 1 57.08 10.9 0 0.82
60800 10 3 0.052 0.213 0.203 0.844 0.877 28 1 42.8 12.02 0 0.78
60800 10 3 0.038 0.079 0.241 0.758 0.259 59 0 71.98 9.66 0 0.68
60800 10 3 0.043 0.468 0.158 0.902 0.233 25 23 37.22 316.98 0 0
60800 10 3 0.104 0.111 0.287 0.838 0.522 35 0 56.96 8.92 0 0.76
60800 10 3 0.059 0.374 0.038 0.982 0.623 32 4 50.74 50.26 0 0.26
60800 10 3 0.038 0.244 0.017 0.766 0.056 25 775 27.54 974.38 0 0
60800 10 3 0.1 0.161 0.306 0.84 0.813 27 1 33.98 12.98 0 0.76
60800 10 3 0.037 0.313 0.233 0.996 0.378 40 3 50.66 70.94 0 0.2
60800 10 3 0.097 0.106 0.236 0.791 0.112 47 21 55.74 75.72 0 0
60800 10 3 0.052 0.246 0.467 0.823 0.507 27 0 49.94 11.02 0 0.74
60800 10 3 0.014 0.003 0.08 0.927 0.092 41 0 52.34 4.4 0 0.82
60800 10 3 0.114 0.451 0.094 0.885 0.589 54 1 69.26 21.16 0 0.52
60800 10 3 0.021 0.209 0.042 0.964 0.842 74 0 88.52 6.58 0 0.64
60800 10 3 0.055 0.338 0.468 0.83 0.987 81 1 94.18 7.74 0 0.7
60800 10 3 0.008 0.266 0.259 0.85 0.783 54 0 62.96 6.42 0 0.78
60800 10 3 0.008 0.427 0.18 0.899 0.932 27 0 40.42 11.9 0 0.76
60800 10 3 0.089 0.36 0.054 0.805 0.462 25 587 28.68 735.64 0 0
60800 10 3 0.009 0.095 0.413 0.974 0.433 45 0 59.06 10.14 0 0.62
60800 10 3 0.077 0.084 0.208 0.926 0.291 43 1 56.4 6.3 0 0.8
60800 10 3 0.053 0.23 0.22 0.82 0.557 64 0 77.8 14.72 0 0.34
60800 10 3 0.081 0.001 0.031 0.98 0.264 60 0 72.3 8.96 0 0.68
60800 10 3 0.048 0.036 0.128 0.871 0.53 56 0 62.78 8.98 0 0.56
60800 10 3 0.094 0.351 0.277 0.913 0.335 30 2 44.8 77.56 0 0.32
60800 10 3 0.114 0.201 0.337 0.994 0.371 52 0 64.3 11.18 0 0.72
60800 10 3 0.023 0.386 0.233 0.904 0.145 27 9 44.54 120.42 0 0.04
60800 10 3 0.007 0.035 0.119 0.965 0.252 36 1 63.86 23.82 0 0.54
60800 10 3 0.097 0.368 0.115 0.995 0.215 25 1009 26.32 1063.88 0 0
60800 10 3 0.078 0.286 0.377 0.936 0.621 49 1 63.04 6.82 0 0.74
60800 10 3 0.101 0.194 0.301 0.993 0.893 55 0 65.04 9.7 0 0.7
60800 10 3 0.01 0.455 0.214 0.77 0.171 25 6 50.2 115.06 0 0.34
60800 10 3 0.105 0.026 0.176 0.819 0.76 56 1 71.62 12.52 0 0.74
60800 10 3 0.072 0.243 0.111 0.908 0.223 25 731 26.24 926.7 0 0
60800 10 3 0.105 0.142 0.344 0.956 0.262 60 3 72 14.4 0 0.48
60800 10 3 0.053 0.005 0.472 0.827 0.876 30 0 40.86 10.22 0 0.82
60800 10 3 0.02 0.3 0.074 0.815 0.798 57 0 66.14 13.54 0 0.56
60800 10 3 0.05 0.366 0.255 0.786 0.489 58 1 70.34 21.56 0 0.4
60800 10 3 0.003 0.397 0.107 0.835 0.32 42 4 51.6 65.78 0 0.1
60800 10 3 0.067 0.345 0.142 0.905 0.275 27 347 35.78 458.92 0 0
60800 10 3 0.041 0.093 0.213 0.933 0.496 63 1 79.24 7.64 0 0.8
60800 10 3 0.118 0.128 0.154 0.985 0.519 52 0 65.36 10 0 0.76
60800 10 3 0.06 0.32 0.259 0.967 0.942 39 1 49.64 10.56 0 0.72
60800 10 3 0.01 0.028 0.41 0.962 0.557 29 0 44.66 10.58 0 0.74
60800 10 3 0.08 0.13 0.101 0.877 0.307 27 5 42.72 130.54 0 0.26
60800 10 3 0.018 0.223 0.05 0.936 0.335 25 410 29.88 541.38 0 0
60800 10 3 0.037 0.15 0.469 0.754 0.271 51 0 61.92 7.48 0 0.7
60800 10 3 0.083 0.426 0.16 0.996 0.889 32 0 42.22 10.42 0 0.74
60800 10 3 0.023 0.459 0.444 0.772 0.112 28 7 39.76 117.32 0 0.06
60800 10 3 0.08 0.3 0.343 0.805 0.214 28 3 51.6 38.14 0 0.48
60800 10 3 0.02 0.278 0.071 0.766 0.205 25 622 30.86 787.24 0 0
60800 10 3 0.107 0.208 0.016 0.812 0.862 62 1 74.86 6.42 0 0.72
60800 10 3 0.047 0.496 0.321 0.949 0.507 80 0 92.7 15.92 0 0.34
60800 10 3 0.008 0.177 0.09 0.981 0.512 32 4 50.82 56.44 0 0.36
60800 10 3 0.034 0.297 0.494 0.832 0.955 25 0 40.88 11.94 0 0.76
60800 10 3 0.018 0.406 0.318 0.875 0.685 62 1 69.72 7.26 0 0.74
60800 10 3 0.113 0.435 0.123 0.912 0.213 25 502 28.56 691.94 0 0
60800 10 3 0.03 0.109 0.146 0.896 0.533 49 1 61.96 19.32 0 0.58
60800 10 3 0.093 0.414 0.252 0.963 0.837 26 0 46.44 11.08 0 0.74
60800 10 3 0.053 0.15 0.174 0.944 0.099 25 415 28.88 575.7 0 0
60800 10 3 0.07 0.112 0.186 0.915 0.129 26 45 39.96 186.84 0 0
60800 10 3 0.089 0.308 0.431 0.88 0.499 81 0 88.54 7.92 0 0.62
60800 10 3 0.018 0.375 0.464 0.994 0.547 37 0 45.56 10.74 0 0.7
60800 10 3 0.075 0.495 0.275 0.921 0.988 29 0 42.58 10.92 0 0.8
60800 10 3 0.114 0.054 0.403 0.792 0.092 72 0 82.08 9.92 0 0.62
60800 10 3 0.025 0.082 0.014 0.879 0.483 25 196 27.4 534.06 0 0
60800 10 3 0.085 0.132 0.394 0.944 0.789 37 0 50.78 10.8 0 0.74
60800 10 3 0.039 0.025 0.439 0.93 0.436 57 0 62.1 7.68 0 0.74
60800 10 3 0.059 0.361 0.464 0.827 0.158 38 0 59.3 58.68 0 0.28
60800 10 3 0.059 0.138 0.462 0.849 0.652 72 0 79.08 9.52 0 0.7
60800 10 3 0.012 0.373 0.091 0.855 0.095 25 995 26.26 1052.26 0 0
60800 10 3 0.019 0.136 0.36 0.83 0.555 31 0 43.44 7.76 0 0.8
60800 10 3 0.073 0.109 0.458 0.966 0.476 45 0 53.98 12.2 0 0.72
60800 10 3 0.015 0.184 0.042 0.969 0.484 25 7 36.28 224.26 0 0.26
60800 10 3 0.091 0.385 0.118 0.889 0.074 25 821 27.88 928.82 0 0
60800 10 3 0.057 0.284 0.004 0.791 0.798 52 0 72.66 16.22 0 0.56
60800 10 3 0.048 0.375 0.182 0.911 0.574 71 0 86.52 21.04 0 0.44
60800 10 3 0.088 0.437 0.322 0.795 0.781 67 0 75.84 7.66 0 0.68
60800 10 3 0.11 0.307 0.388 0.898 0.237 40 3 58.54 14.06 0 0.68
60800 10 3 0.019 0.077 0.22 0.89 0.104 25 2 46.12 73.74 0 0.4
60800 10 3 0.062 0.49 0.312 0.868 0.226 33 65 49.16 125.02 0 0
60800 10 3 0.111 0.114 0.293 0.971 0.466 28 1 42.6 10.82 0 0.76
60800 10 3 0.031 0.138 0.387 0.759 0.738 63 0 74.98 9 0 0.66
60800 10 3 0.048 0.015 0.185 0.912 0.878 67 0 74.54 6.72 0 0.78
60800 10 3 0.074 0.29 0.336 0.775 0.91 26 1 39.36 8.2 0 0.78
60800 10 3 0.083 0.005 0.167 0.888 0.013 41 3 59.48 35.94 0 0.5
60800 10 3 0.115 0.152 0.376 0.861 0.805 56 0 66.4 7.38 0 0.68
60800 10 3 0.058 0.255 0.218 0.942 0.123 25 279 30.54 445.74 0 0
60800 10 3 0.038 0.02 0.263 0.929 0.831 38 1 44.66 8.88 0 0.74
60800 10 3 0.067 0.126 0.023 0.984 0.413 25 304 32.78 448.32 0 0
60800 10 3 0.068 0.049 0.433 0.836 0.262 35 0 48.86 10.6 0 0.8
60800 10 3 0.035 0.349 0.145 0.774 0.261 25 2 38.54 184.14 0 0.2
60800 10 3 0.068 0.489 0.392 0.979 0.765 29 0 44.72 10.1 0 0.7
60800 10 3 0.076 0.099 0.033 0.849 0.286 25 674 29.44 770.02 0 0
60800 10 3 0.115 0.198 0.279 0.901 0.177 38 59 45.32 123.4 0 0
60800 10 3 0.075 0.073 0.241 0.76 0.322 28 0 42.7 4.84 0 0.82
60800 10 3 0.038 0.302 0.233 0.989 0.364 34 0 55.84 17.28 0 0.64
60800 10 3 0.001 0.386 0.272 0.788 0.247 43 22 52.48 90.68 0 0
60800 10 3 0.011 0.289 0.019 0.759 0.516 25 392 30.24 647.56 0 0
60800 10 3 0.105 0.494 0.075 0.812 0.137 25 932 26.24 1113.46 0 0
60800 10 3 0.106 0.347 0.156 0.99 0.605 75 1 84.2 16.24 0 0.26
60800 10 3 0.103 0.068 0.076 0.873 0.643 27 0 40.06 10.4 0 0.82
60800 10 3 0.001 0.111 0.474 0.784 0.599 40 0 55.64 10.76 0 0.66
60800 10 3 0.039 0.353 0.328 0.771 0.174 27 2 52.4 98.1 0 0.44
60800 10 3 0.118 0.469 0.098 0.919 0.243 25 697 30.68 898.1 0 0
60800 10 3 0.081 0.486 0.057 0.76 0.599 28 2 51.32 62.68 0 0.46
60800 10 3 0.071 0.098 0.342 0.78 0.31 37 1 48.64 10.84 0 0.74
60800 10 3 0.074 0.378 0.096 0.858 0.957 28 1 41.9 9.06 0 0.86
60800 10 3 0.115 0.403 0.271 0.929 0.759 31 1 42.54 6.98 0 0.88
60800 10 3 0.118 0.192 0.141 0.799 0.882 64 0 77.66 7.84 0 0.72
60800 10 3 0.067 0.442 0.464 0.855 0.341 60 0 69.4 18.14 0 0.56
60800 10 3 0.115 0.09 0.003 0.976 0.083 25 816 26.46 1078.22 0 0
60800 10 3 0.016 0.234 0.312 0.79 0.356 72 1 81.38 19.72 0 0.2
60800 10 3 0.025 0.41 0.369 0.835 0.008 25 959 26.38 1087.98 0 0
60800 10 3 0.078 0.094 0.316 0.961 0.602 37 1 56.84 11 0 0.76
60800 10 3 0.093 0.475 0.189 0.813 0.9 77 0 81.56 6.36 0 0.72
60800 10 3 0.103 0.318 0.029 0.807 0.843 72 1 89.74 13.52 0 0.56
60800 10 3 0.095 0.492 0.297 0.898 0.197 25 34 39.6 242.16 0 0
60800 10 3 0.096 0.258 0.137 0.92 0.694 57 0 64.48 15.28 0 0.58
60800 10 3 0.092 0.011 0.037 0.765 0.291 32 0 50.58 9.26 0 0.74
60800 10 3 0.097 0.424 0.214 1 0.729 33 0 48.9 8.44 0 0.8
60800 10 3 0.061 0.434 0.356 0.936 0.701 30 0 46.9 9.56 0 0.72
60800 10 3 0.109 0.384 0.477 0.878 0.105 26 5 42.38 101.12 0 0.36
60800 10 3 0.061 0.111 0.192 0.891 0.862 27 1 40.08 12.88 0 0.76
60800 10 3 0.099 0.464 0.202 0.774 0.582 55 2 65.28 18.02 0 0.62
60800 10 3 0.114 0.021 0.074 0.836 0.972 50 0 64.94 8.24 0 0.62
60800 10 3 0.079 0.143 0.318 0.975 0.057 25 35 40.22 202.1 0 0
60800 10 3 0.007 0.241 0.375 0.759 0.909 41 0 51.06 7.3 0 0.78
60800 10 3 0.086 0.469 0.048 0.793 0.197 25 1149 26.12 1197.44 0 0
60800 10 3 0.073 0.433 0.251 0.826 0.552 62 1 71.88 17.72 0 0.3
60800 10 3 0.078 0.203 0.399 0.819 0.748 78 0 88.4 8.56 0 0.74
60800 10 3 0.058 0.213 0.463 0.938 0.693 55 0 66.7 9.98 0 0.66
60800 10 3 0.117 0.157 0.028 0.9 0.933 67 0 74.64 8.26 0 0.72
60800 10 3 0.108 0.333 0.068 0.772 0.772 60 1 75.26 9.92 0 0.54
60800 10 3 0.021 0.115 0.114 0.877 0.741 62 0 69.1 9.26 0 0.7
60800 10 3 0.017 0.069 0.364 0.769 0.939 51 0 62.22 9.7 0 0.76
60800 10 3 0.064 0.073 0.456 0.962 0.188 29 0 56.6 10.9 0 0.76
60800 10 3 0.067 0.028 0.118 0.859 0.653 55 0 64.82 11.78 0 0.68
60800 10 3 0.014 0.335 0.265 0.933 0.211 25 1 44.18 74.64 0 0.74
60800 10 3 0.115 0.139 0.486 0.969 0.82 39 1 50.88 11.52 0 0.76
60800 10 3 0.024 0.497 0.121 0.856 0.403 35 5 48 154.84 0 0.1
60800 10 3 0.104 0.392 0.144 0.797 0.199 25 290 31.56 615.74 0 0
60800 10 3 0.115 0.389 0.282 0.794 0.972 54 0 67.52 9.12 0 0.74
60800 10 3 0.067 0.472 0.316 0.946 0.206 38 55 45.6 164.02 0 0
60800 10 3 0.057 0.119 0.39 0.762 0.58 45 2 54.88 12.98 0 0.76
60800 10 3 0.047 0.403 0.187 0.925 0.955 29 0 44.36 11.16 0 0.82
60800 10 3 0.006 0.292 0.446 0.794 0.131 33 1 47.26 59.36 0 0.24
60800 10 3 0.039 0.058 0.101 0.851 0.118 31 14 41.94 189.08 0 0
60800 10 3 0.087 0.497 0.336 0.84 0.245 34 67 41.28 146.96 0 0
60800 10 3 0.009 0.251 0.052 0.899 0.79 32 0 48.88 17.04 0 0.66
60800 10 3 0.076 0.496 0.108 0.853 0.441 27 126 35.68 282.56 0 0
60800 10 3 0.026 0.007 0.229 0.812 0.799 34 0 45.46 11.14 0 0.76
60800 10 3 0.009 0.094 0.45 0.912 0.03 29 1 59.3 103.98 0 0.28
60800 10 3 0.096 0.219 0.392 0.896 0.798 55 1 64.7 9.1 0 0.78
60800 10 3 0.014 0.055 0.129 0.967 0.944 38 1 55.62 9.7 0 0.74
60800 10 3 0.112 0.263 0.203 0.795 0.91 28 0 38.44 11.26 0 0.78
60800 10 3 0.005 0.05 0.453 0.941 0.919 31 1 48.02 11.6 0 0.8
60800 10 3 0.032 0.075 0.037 0.991 0.587 38 1 48.58 30.66 0 0.42
60800 10 3 0.092 0.029 0.147 0.795 0.249 41 0 50.74 8.12 0 0.8
60800 10 3 0.115 0.321 0.142 0.827 0.29 29 257 36.04 457.02 0 0
60800 10 3 0.099 0.41 0.165 0.985 0.8 32 1 44.02 6.42 0 0.78
60800 10 3 0.021 0.194 0.06 0.799 0.98 45 1 56.78 11.64 0 0.7
60800 10 3 0.024 0.446 0.244 0.796 0.217 25 4 41.32 177.58 0 0.46
60800 10 3 0.002 0.073 0.256 0.84 0.239 69 0 72.88 16.12 0 0.54
60800 10 3 0.085 0.426 0.168 0.887 0.949 58 1 65.92 9.92 0 0.76
60800 10 3 0.092 0.214 0.405 0.769 0.224 73 0 87.5 19.1 0 0.44
60800 10 3 0.007 0.379 0.107 0.817 0.041 25 832 26.42 1087.68 0 0
60800 10 3 0.114 0.296 0.119 0.93 0.081 25 993 26.3 1055.52 0 0
60800 10 3 0.032 0.31 0.411 0.778 0.354 32 2 52.84 24.9 0 0.6
60800 10 3 0.052 0.171 0.46 0.845 0.303 41 0 57.14 10.14 0 0.62
60800 10 3 0.098 0.004 0.294 0.85 0.927 27 0 38.78 9.8 0 0.8
60800 10 3 0.026 0.255 0.272 0.941 0.555 75 1 81.62 12.28 0 0.46
60800 10 3 0.079 0.35 0.452 0.988 0.795 54 2 69.02 11.12 0 0.64
60800 10 3 0.045 0.146 0.058 0.985 0.284 25 490 28.28 680.12 0 0
60800 10 3 0.057 0.161 0.229 0.966 0.956 66 1 74.92 7.36 0 0.72
60800 10 3 0.104 0.203 0.362 0.956 0.187 47 4 53.06 41.4 0 0.22
60800 10 3 0.062 0.027 0.16 0.879 0.681 49 0 63.94 9.44 0 0.68
60800 10 3 0.006 0.063 0.136 0.903 0.144 30 4 51.52 83.84 0 0.38
60800 10 3 0.087 0.103 0.06 0.949 0.71 61 0 66 9.04 0 0.66
60800 10 3 0.049 0.069 0.318 0.785 0.524 35 0 50.46 10.52 0 0.7
60800 10 3 0.058 0.343 0.251 0.945 0.351 34 4 44.44 69.94 0 0.14
60800 10 3 0.066 0.226 0.276 0.975 0.049 25 685 27.7 969.86 0 0
60800 10 3 0.091 0.41 0.242 0.928 0.423 58 5 66.36 38.58 0 0.14
60800 10 3 0.085 0.355 0.272 0.789 0.453 59 1 73.44 35.34 0 0.36
60800 10 3 0.112 0.261 0.341 0.842 0.946 33 0 43.16 8.16 0 0.9
60800 10 3 0.047 0.356 0.223 0.826 0.449 41 4 58.32 40.72 0 0.48
60800 10 3 0.073 0.101 0.026 0.935 0.652 74 0 85.44 12.52 0 0.5
60800 10 3 0.057 0.424 0.241 0.823 0.891 29 0 39.36 10.64 0 0.74
60800 10 3 0.059 0.491 0.047 0.867 0.677 48 2 75.92 27.72 0 0.46
60800 10 3 0.049 0.049 0.375 0.782 0.943 56 0 65.72 9.96 0 0.82
60800 10 1 0.116 0.028 0.117 0.849 0.105 57 2 75.56 30.42 0 0.42
60800 10 1 0.059 0.117 0.437 0.789 0.632 97 1 112.74 9.22 0.56 0.56
60800 10 1 0.079 0.051 0.098 0.782 0.223 59 4 72.46 44.92 0 0.3
60800 10 1 0.022 0.416 0.406 0.864 0.171 25 3 50.56 112.46 0 0.4
60800 10 1 0.064 0.406 0.478 0.881 0.047 25 27 30.2 318.44 0 0
60800 10 1 0.115 0.326 0.28 0.894 0.587 86 1 101.24 12.82 0.16 0.76
60800 10 1 0.081 0.297 0.411 0.807 0.475 77 1 95.3 13.48 0 0.64
60800 10 1 0.015 0.059 0.025 0.825 0.256 25 844 26.18 945.28 0 0
60800 10 1 0.088 0.346 0.061 0.98 0.528 28 130 35.18 280.36 0 0
60800 10 1 0.05 0.338 0.337 0.885 0.847 92 0 102.06 9.42 0 0.54
60800 10 1 0.101 0.335 0.336 0.956 0.585 86 1 101.34 9.96 0.1 0.74
60800 10 1 0.076 0.136 0.152 0.797 0.098 25 878 26.1 978.66 0 0
60800 10 1 0.05 0.097 0.259 0.834 0.2 40 1 58.26 44.8 0 0.28
60800 10 1 0.062 0.311 0.416 0.981 0.02 25 637 26.7 913.48 0 0
60800 10 1 0.003 0.281 0.378 0.947 0.258 44 2 59.4 32.92 0 0.48
60800 10 1 0.084 0.144 0.41 0.766 0.999 103 0 112.78 4.26 0.58 0.84
60800 10 1 0.065 0.323 0.219 0.809 0.355 30 4 47.04 87.4 0 0.02
60800 10 1 0.041 0.068 0.206 0.822 0.785 90 2 102.92 12.24 0.14 0.62
60800 10 1 0.099 0.219 0.291 0.898 0.215 34 3 46.96 142.48 0 0.06
60800 10 1 0.055 0.303 0.15 0.898 0.113 25 426 28.76 667.26 0 0
60800 10 1 0.106 0.289 0.144 0.919 0.193 25 656 26.72 831.84 0 0
60800 10 1 0.108 0.266 0.363 0.979 0.391 84 2 91.56 15.6 0 0.46
60800 10 1 0.043 0.446 0.142 0.787 0.709 86 3 97.66 17.02 0 0.3
60800 10 1 0.007 0.197 0.369 0.9 0.645 99 2 106.76 11.9 0.26 0.44
60800 10 1 0.053 0.154 0.233 0.826 0.497 95 0 101.6 12.52 0 0.46
60800 10 1 0.021 0.347 0.408 0.968 0.055 26 193 31.42 267.72 0 0
60800 10 1 0.054 0.033 0.151 0.873 0.251 95 0 106.12 10.84 0.24 0.48
60800 10 1 0.059 0.417 0.275 0.848 0.435 50 4 58.8 40.54 0 0.12
60800 10 1 0.065 0.427 0.457 0.982 0.593 106 0 113.16 8.8 0.74 0.52
60800 10 1 0.052 0.121 0.367 0.796 0.392 66 1 83.18 12.62 0 0.78
60800 10 1 0.048 0.237 0.435 0.892 0.805 108 2 114.22 10.96 0.66 0.52
60800 10 1 0.056 0.004 0.092 0.853 0.402 98 0 110.5 9.52 0.44 0.56
60800 10 1 0.038 0.268 0.484 0.838 0.802 88 2 102.22 13.18 0 0.44
60800 10 1 0.017 0.448 0.442 0.874 0.365 62 1 79.74 18.3 0 0.58
60800 10 1 0.06 0.013 0.471 0.771 0.559 102 1 112.64 11.08 0.64 0.44
60800 10 3 0.052 0.412 0.145 0.799 0.505 33 2 43.12 75.38 0 0.14
60800 10 3 0.031 0.467 0.309 0.754 0.781 42 0 52.82 10.92 0 0.78
60800 10 3 0.002 0.294 0.03 0.788 0.635 31 2 58.38 48.4 0 0.52
60800 10 3 0.033 0.474 0.091 0.892 0.792 62 0 71.78 14.28 0 0.52
60800 10 3 0.056 0.116 0.222 0.975 0.822 70 0 77.86 3.92 0 0.8
60800 10 3 0.005 0.185 0.037 0.768 0.466 32 5 41.52 86.78 0 0.1
60800 10 3 0.105 0.277 0.031 0.993 0.842 90 0 95.5 8.72 0 0.7
60800 10 3 0.018 0.328 0.153 0.894 0.968 32 0 44.12 9.44 0 0.76
60800 10 3 0.08 0.083 0.106 0.922 0.269 30 32 44.88 94.12 0 0
60800 10 3 0.1 0.314 0.31 0.911 0.727 60 0 67.6 7.22 0 0.72
60800 10 3 0.009 0.225 0.117 0.914 0.197 26 2 44.58 161.72 0 0.22
60800 10 3 0.062 0.305 0.461 0.756 0.856 34 0 46.16 8.1 0 0.76
60800 10 3 0.071 0.414 0.219 0.894 0.332 25 2 37.78 154.88 0 0.24
60800 10 3 0.017 0.198 0.312 0.98 0.171 33 2 56 41.66 0 0.58
60800 10 3 0.111 0.208 0.125 0.916 0.142 25 624 27.8 803.84 0 0
60800 10 3 0.053 0.317 0.477 0.755 0.92 47 2 55.7 11.96 0 0.76
60800 10 3 0.08 0.298 0.074 0.879 0.702 75 1 85.72 19.64 0 0.46
60800 10 3 0.014 0.498 0.156 0.995 0.5 32 4 51.76 38.02 0 0.4
60800 10 3 0.022 0.274 0.221 0.787 0.942 55 1 65.06 9.52 0 0.72
60800 10 3 0.075 0.123 0.121 0.845 0.725 80 0 88.16 8.44 0 0.58
60800 10 3 0.067 0.392 0.306 0.835 0.278 32 2 47.92 72.82 0 0.26
60800 10 3 0.037 0.236 0.454 0.974 0.474 32 0 48.7 9.46 0 0.76
60800 10 3 0.074 0.274 0.183 0.973 0.749 67 1 73.88 11.16 0 0.5
60800 10 3 0.035 0.151 0.208 0.946 0.119 30 24 43 205.98 0 0
60800 10 3 0.096 0.028 0.313 0.751 0.45 77 1 83.96 7.66 0 0.8
60800 10 3 0.056 0.1 0.184 0.83 0.373 39 2 58.7 17.08 0 0.64
60800 10 3 0.081 0.44 0.083 0.961 0.446 28 108 33.08 294.24 0 0
60800 10 3 0.101 0.299 0.235 0.941 0.807 49 0 60.04 9 0 0.72
60800 10 3 0.066 0.271 0.416 0.932 0.018 25 827 26.34 945.78 0 0
60800 10 3 0.016 0.115 0.081 0.912 0.834 56 0 75.82 9.1 0 0.6
60800 10 3 0.103 0.141 0.198 0.975 0.054 25 978 26.32 1016.1 0 0
60800 10 3 0.065 0.168 0.275 0.938 0.88 45 1 57.04 7.76 0 0.74
60800 10 3 0.079 0.155 0.445 0.864 0.406 28 0 42.26 10.78 0 0.82
60800 10 3 0.024 0.058 0.037 0.752 0.005 25 740 29.14 931.7 0 0
60800 10 3 0.02 0.236 0.403 0.98 0.059 25 2 38.04 118.44 0 0.28
60800 10 3 0.029 0.233 0.095 0.852 0.939 41 2 54.14 9.14 0 0.7
60800 10 4 0.02 0.3 0.46 0.952 0.684 25 0 37.42 5.52 0 0.86
60800 10 4 0.086 0.032 0.419 0.842 0.074 26 1 42.62 9.12 0 0.68
60800 10 4 0.068 0.011 0.297 0.86 0.106 26 0 38.18 9.22 0 0.74
60800 10 4 0.086 0.04 0.049 0.869 0.912 26 0 44.9 7.92 0 0.76
60800 10 4 0.052 0.305 0.393 0.957 0.104 29 73 39.16 149.82 0 0
60800 10 4 0.062 0.432 0.212 0.769 0.773 28 0 46.32 9.46 0 0.72
60800 10 4 0.052 0.314 0.296 0.974 0.414 41 1 54.08 43.18 0 0.18
60800 10 4 0.07 0.342 0.339 0.875 0.406 66 0 77.08 16.3 0 0.34
60800 10 4 0.045 0.385 0.456 0.925 0.788 28 0 41.38 9.62 0 0.66
60800 10 4 0.027 0.236 0.354 0.957 0.972 27 1 37.82 9.88 0 0.76
60800 10 4 0.056 0.082 0.404 0.941 0.394 25 0 36.46 5.98 0 0.78
60800 10 4 0.069 0.146 0.295 0.858 0.253 49 3 60.12 22.96 0 0.58
60800 10 4 0.095 0.389 0.096 0.917 0.541 27 4 46.58 90.42 0 0.14
60800 10 4 0.099 0.251 0.354 0.835 0.983 27 0 36.38 10.28 0 0.7
60800 10 4 0.072 0.132 0.39 0.891 0.789 25 0 36.08 7.1 0 0.82
60800 10 4 0.108 0.359 0.232 0.848 0.418 42 8 54.34 72.06 0 0.04
60800 10 4 0.106 0.322 0.5 0.851 0.708 25 0 37.06 12.42 0 0.8
60800 10 4 0.045 0.096 0.373 0.959 0.146 40 1 52.28 11.32 0 0.6
60800 10 4 0.022 0.388 0.097 0.903 0.75 26 0 40.68 16.12 0 0.7
60800 10 4 0.05 0.212 0.178 0.76 0.471 55 0 66.18 25.98 0 0.38
60800 10 4 0.082 0.07 0.434 0.82 0.199 26 0 39.2 6.72 0 0.82
60800 10 4 0.1 0.327 0.33 0.75 0.794 50 0 57.92 7.1 0 0.76
60800 10 4 0.037 0.482 0.176 0.786 0.778 34 0 49.94 10.08 0 0.64
60800 10 4 0.083 0.105 0.48 0.795 0.965 29 0 41.4 5.5 0 0.8
60800 10 4 0.014 0.34 0.294 0.925 0.453 55 1 64.92 23.84 0 0.34
60800 10 4 0.017 0.144 0.192 0.786 0.4 49 2 58.7 21.62 0 0.44
60800 10 4 0.097 0.401 0.494 0.854 0.384 65 1 70.9 15.08 0 0.38
60800 10 4 0.006 0.205 0.405 0.934 0.043 35 5 47.22 122.34 0 0.16
60800 10 4 0.032 0.436 0.055 0.852 0.106 25 760 26.78 977.22 0 0
60800 10 4 0.092 0.193 0.389 0.943 0.856 25 0 36.18 10.04 0 0.74
60800 10 4 0.026 0.106 0.101 0.872 0.175 25 9 41.66 177.94 0 0.02
60800 10 4 0.079 0.466 0.476 0.889 0.781 25 0 36.56 9.22 0 0.74
60800 10 4 0.088 0.329 0.277 0.979 0.136 25 14 33.62 252.1 0 0
60800 10 4 0.029 0.438 0.137 0.796 0.366 32 12 43.06 127.98 0 0
60800 10 4 0.03 0.037 0.417 0.984 0.714 54 0 68.38 8.02 0 0.74
60800 10 4 0.075 0.472 0.229 0.785 0.714 25 0 35.82 11.54 0 0.72
60800 10 4 0.059 0.248 0.46 0.848 0.97 25 0 45.4 9.96 0 0.7
60800 10 4 0.098 0.297 0.187 0.843 0.243 27 25 34.24 230.02 0 0
60800 10 4 0.056 0.376 0.285 0.901 0.199 26 42 38.12 128.68 0 0
60800 10 4 0.072 0.201 0.436 0.904 0.816 27 0 40.12 5.68 0 0.84
60800 10 4 0.073 0.244 0.355 0.756 0.242 37 0 51.44 45.12 0 0.32
60800 10 4 0.077 0.323 0.396 0.832 0.276 48 1 55.92 25.66 0 0.24
60800 10 4 0.076 0.207 0.103 0.778 0.539 55 3 67.98 23.04 0 0.3
60800 10 4 0.018 0.2 0.396 0.909 0.216 33 0 43.3 29.7 0 0.5
60800 10 4 0.046 0.405 0.456 0.926 0.201 32 2 52.28 67.26 0 0.56
60800 10 4 0.041 0.436 0.362 0.889 0.135 25 37 40.8 211.24 0 0
60800 10 4 0.086 0.04 0.023 0.926 0.668 37 0 46.56 8.54 0 0.78
60800 10 4 0.088 0.178 0.121 0.804 0.838 62 0 68.26 7.64 0 0.74
60800 10 4 0.013 0.166 0.306 0.769 0.092 26 5 43.72 99.76 0 0.4
60800 10 4 0.1 0.315 0.126 0.939 0.893 49 0 54.26 6.96 0 0.76
60800 10 4 0.06 0.376 0.125 0.768 0.738 40 0 50.78 9.98 0 0.66
60800 10 4 0.109 0.35 0.055 0.95 0.611 43 3 51.08 29.92 0 0.32
60800 10 4 0.078 0.475 0.169 0.878 0.579 70 4 76.16 22 0 0.16
60800 10 4 0.029 0.418 0.102 0.98 0.697 36 0 47.92 19.3 0 0.74
60800 10 4 0.07 0.22 0.396 0.988 0.121 26 2 40.88 122.08 0 0.56
60800 10 4 0.086 0.06 0.343 0.878 0.633 25 1 39.86 12.94 0 0.74
60800 10 4 0.003 0.234 0.325 0.895 0.549 41 0 52.52 9.8 0 0.54
60800 10 4 0.035 0.049 0.473 0.754 0.494 51 0 57.74 9.28 0 0.68
60800 10 4 0.021 0.492 0.239 0.994 0.732 25 0 44.88 9.38 0 0.72
60800 10 4 0.007 0.212 0.375 0.899 0.804 29 0 45.34 8.78 0 0.66
60800 10 4 0.109 0.305 0.141 0.815 0.807 28 0 45.52 9.84 0 0.72
60800 10 4 0.097 0.109 0.2 0.793 0.503 40 0 51.9 7.36 0 0.72
60800 10 4 0.014 0.18 0.098 0.857 0.541 41 3 52.7 31.22 0 0.36
60800 10 4 0.074 0.249 0.384 0.914 0.218 49 3 61.86 34.76 0 0.36
60800 10 4 0.069 0.177 0.193 0.83 0.351 50 1 65.62 14.88 0 0.62
60800 10 4 0.035 0.447 0.126 0.833 0.323 25 103 31.1 231.5 0 0
60800 10 4 0.045 0.317 0.012 0.785 0.771 56 1 59.34 16.2 0 0.5
60800 10 4 0.031 0.321 0.157 0.776 0.456 30 0 47.66 68.82 0 0.22
60800 10 4 0.073 0.167 0.129 0.772 0.706 41 1 51.04 10.94 0 0.58
60800 10 4 0.016 0.09 0.483 0.961 0.23 25 0 37.3 11.28 0 0.76
60800 10 4 0.079 0.105 0.143 0.883 0.911 30 0 43.72 11.8 0 0.68
60800 10 4 0.007 0.302 0.033 0.999 0.784 25 1 37.18 8.14 0 0.78
60800 10 4 0.01 0.097 0.113 0.926 0.648 49 1 58.26 15.88 0 0.46
60800 10 4 0.079 0.436 0.127 0.964 0.435 25 2 42 171.62 0 0.22
60800 10 4 0.098 0.184 0.242 0.857 0.261 47 1 63.64 36.94 0 0.48
60800 10 4 0.007 0.468 0.274 0.939 0.297 27 5 43.7 82.4 0 0.22
60800 10 4 0.074 0.291 0.074 0.933 0.691 53 0 64.48 15.08 0 0.52
60800 10 4 0.029 0.45 0.422 0.962 0.383 55 1 63.26 20.08 0 0.42
60800 10 4 0.033 0.386 0.288 0.865 0.443 37 1 48.44 19.9 0 0.66
60800 10 4 0.064 0.368 0.045 0.851 0.545 26 225 29.8 304.02 0 0
60800 10 4 0.028 0.017 0.043 0.859 0.562 26 1 39.04 10.86 0 0.72
60800 10 4 0.088 0.081 0.176 0.924 0.45 52 0 62.4 7.92 0 0.68
60800 10 4 0.027 0.268 0.499 0.99 0.27 25 0 36.42 20.96 0 0.74
60800 10 4 0.111 0.064 0.448 0.9 0.904 25 1 35.4 10.86 0 0.76
60800 10 4 0.078 0.461 0.124 0.986 0.351 25 400 28.88 641.04 0 0
60800 10 4 0.103 0.461 0.265 0.931 0.028 25 1062 26.14 1095.64 0 0
60800 10 4 0.098 0.16 0.316 0.873 0.108 26 2 40.86 101 0 0.42
60800 10 4 0.02 0.294 0.079 0.917 0.94 25 0 39.62 11.6 0 0.7
60800 10 4 0.077 0.223 0.37 0.991 0.685 49 0 56.8 5.62 0 0.78
60800 10 4 0.047 0.015 0.23 0.97 0.718 45 0 56.82 8.2 0 0.72
60800 10 4 0.082 0.134 0.222 0.79 0.684 25 0 34.38 10.88 0 0.76
60800 10 4 0.112 0.122 0.318 0.78 0.836 25 0 36.96 9.94 0 0.8
60800 10 4 0.102 0.207 0.477 0.789 0.292 50 0 64.56 9.04 0 0.64
60800 10 4 0.015 0.239 0.133 0.85 0.713 46 1 56.48 16.82 0 0.56
60800 10 4 0.033 0.158 0.176 0.77 0.252 29 2 47.7 48.76 0 0.38
60800 10 4 0.029 0.369 0.252 0.924 0.07 25 293 30.24 420.7 0 0
60800 10 4 0.107 0.109 0.448 0.908 0.15 66 1 74.88 8.66 0 0.58
60800 10 4 0.089 0.123 0.453 0.979 0.393 25 0 33.6 7.3 0 0.78
60800 10 4 0.115 0.355 0.077 0.986 0.031 25 1091 25.94 1207.2 0 0
60800 10 4 0.025 0.127 0.403 0.881 0.221 63 0 75.7 13.82 0 0.38
60800 10 4 0.091 0.083 0.307 0.757 0.532 28 0 40.76 8.84 0 0.72
60800 10 4 0.065 0.347 0.35 0.762 0.106 25 15 35.18 230.94 0 0
60800 10 4 0.082 0.403 0.192 0.927 0.197 25 331 35.72 418.98 0 0
60800 10 4 0.116 0.293 0.397 0.791 0.551 25 0 37.74 11.8 0 0.74
60800 10 4 0.02 0.397 0.241 0.818 0.474 46 0 59.74 26.28 0 0.44
60800 10 4 0.097 0.231 0.138 0.921 0.448 32 9 49.9 71.78 0 0.02
60800 10 4 0.103 0.308 0.472 0.905 0.404 47 0 55.58 12.98 0 0.64
60800 10 4 0.082 0.161 0.303 0.759 0.978 55 2 63.92 9.66 0 0.7
60800 10 4 0.017 0.487 0.432 0.794 0.82 25 0 40.8 10.76 0 0.74
60800 10 4 0.06 0.396 0.246 0.848 0.543 55 0 64.86 16.72 0 0.52
60800 10 4 0.08 0.181 0.463 0.949 0.38 25 1 37.82 12.64 0 0.74
60800 10 4 0.104 0.401 0.304 0.773 0.763 31 0 42.82 6.84 0 0.78
60800 10 4 0.04 0.456 0.02 0.799 0.627 37 1 57.36 49.22 0 0.4
60800 10 4 0.002 0.154 0.13 0.812 0.253 33 2 51.92 59.52 0 0.44
60800 10 4 0.092 0.389 0.036 0.983 0.502 27 294 31.76 412.18 0 0
60800 10 4 0.033 0.16 0.344 0.887 0.054 26 19 36.44 186.08 0 0
60800 10 4 0.057 0.125 0.211 0.959 0.943 25 0 37.18 10.78 0 0.72
60800 10 4 0.054 0.365 0.312 0.999 0.502 67 1 77.44 11.56 0 0.52
60800 10 4 0.072 0.087 0.037 0.997 0.607 34 1 54 21.46 0 0.66
60800 10 4 0.044 0.423 0.378 0.886 0.347 40 1 54.24 31.34 0 0.58
60800 10 4 0.119 0.054 0.384 0.844 0.894 25 0 41.26 8.94 0 0.72
60800 10 4 0.119 0.31 0.106 0.909 0.314 25 239 36.52 476.98 0 0
60800 10 4 0.04 0.321 0.087 0.755 0.723 40 0 48.64 18.38 0 0.58
60800 10 4 0.04 0.322 0.216 0.927 0.118 26 7 46.74 116.66 0 0.36
60800 10 4 0.119 0.038 0.007 0.825 0.844 25 0 35.62 6.66 0 0.8
60800 10 4 0.025 0.009 0.476 0.991 0.326 27 0 38.24 7 0 0.78
60800 10 4 0.035 0.124 0.427 0.971 0.009 25 299 36.44 427.32 0 0
60800 10 4 0.081 0.049 0.493 0.842 0.969 54 0 60.8 8.16 0 0.68
60800 10 4 0.052 0.226 0.217 0.951 0.356 34 1 59.84 54.94 0 0.48
60800 10 4 0.114 0.022 0.255 0.872 0.299 25 1 33.68 7.5 0 0.76
60800 10 4 0.084 0.076 0.318 0.983 0.617 25 0 39.7 10.7 0 0.76
60800 10 4 0.085 0.429 0.319 0.806 0.788 25 0 36.36 11.62 0 0.74
60800 10 4 0.031 0.422 0.375 0.964 0.048 25 5 42.76 233 0 0.32
60800 10 4 0.056 0.303 0.098 0.801 0.446 26 2 41.2 117.74 0 0.22
60800 10 4 0.071 0.304 0.031 0.805 0.5 25 165 33.34 455.62 0 0
60800 10 4 0.078 0.234 0.387 0.974 0.501 26 0 39.66 8.32 0 0.74
60800 10 4 0.11 0.328 0.257 0.791 0.568 41 3 59.52 15.52 0 0.68
60800 10 4 0.08 0.332 0.197 0.881 0.573 56 1 62.1 18.86 0 0.46
60800 10 4 0.033 0.431 0.308 0.872 0.862 25 1 37.1 7.36 0 0.8
60800 10 4 0.113 0.294 0.49 0.972 0.739 25 0 37.5 9.92 0 0.7
60800 10 4 0.077 0.104 0.283 0.85 0.381 42 0 49.14 7.94 0 0.8
60800 10 4 0.019 0.176 0.447 0.946 0.609 25 1 39.36 8.04 0 0.74
60800 10 4 0.08 0.256 0.474 0.814 0.18 59 1 69.82 21.76 0 0.36
60800 10 4 0.052 0.081 0.46 0.821 0.315 29 1 41.22 10.96 0 0.7
60800 10 4 0.02 0.362 0.231 0.903 0.633 55 1 60.48 11.72 0 0.66
60800 10 4 0.117 0.143 0.348 0.868 0.611 25 0 34.98 7.94 0 0.72
60800 10 4 0.11 0.072 0.122 0.867 0.457 25 0 35.06 10.42 0 0.76
60800 10 4 0.025 0.424 0.274 0.823 0.094 25 7 51.5 112.28 0 0.2
60800 10 4 0.003 0.438 0.347 0.829 0.952 47 0 58.18 10.42 0 0.72
60800 10 4 0.072 0.125 0.422 0.89 0.186 48 0 63.94 15.22 0 0.56
60800 10 4 0.062 0.489 0.346 0.9 0.972 25 0 43.3 9.74 0 0.72
60800 10 4 0.027 0.243 0.478 0.855 0.651 30 0 47.54 5.82 0 0.76
60800 10 4 0.023 0.29 0.471 0.933 0.826 25 0 36.12 7.18 0 0.74
60800 10 4 0.047 0.269 0.465 0.946 0.374 63 0 73.4 9.94 0 0.56
60800 10 4 0.047 0.312 0.421 0.767 0.853 27 1 41.36 5.86 0 0.86
60800 10 4 0.093 0.251 0.151 0.783 0.565 53 2 73.12 22.18 0 0.38
60800 10 4 0.041 0.199 0.142 0.918 0.33 27 2 44.84 123.06 0 0.52
60800 10 4 0.055 0.458 0.003 0.964 0.093 25 1182 26.36 1248.38 0 0
60800 10 4 0.011 0.29 0.056 0.8 0.467 30 109 37.28 193.46 0 0
60800 10 4 0.023 0.177 0.014 0.817 0.555 25 374 29.52 465.1 0 0
60800 10 4 0.01 0.221 0.497 0.98 0.57 50 0 56.08 8.66 0 0.68
60800 10 4 0.05 0.079 0.319 0.813 0.383 27 0 43.64 10.2 0 0.7
60800 10 4 0.061 0.25 0.3 0.853 0.789 25 0 38.24 9.96 0 0.72
60800 10 4 0.031 0.396 0.488 0.945 0.799 52 0 59.16 7.76 0 0.72
60800 10 4 0.009 0.345 0.184 0.955 0.889 26 1 38.48 11.72 0 0.72
60800 10 4 0.097 0.498 0.388 0.777 0.409 49 1 63.52 18.24 0 0.48
60800 10 4 0.025 0.312 0.123 0.948 0.806 48 1 56.36 11.7 0 0.56
60800 10 4 0.017 0.47 0.147 0.818 0.134 25 462 26.84 769.94 0 0
60800 10 4 0.109 0.472 0.346 0.972 0.177 25 6 38.76 247.54 0 0.16
60800 10 4 0.069 0.095 0.339 0.937 0.908 25 1 38.82 10.26 0 0.74
60800 10 4 0.013 0.478 0.36 0.899 0.256 27 1 35.32 61.2 0 0.58
60800 10 4 0.079 0.442 0.043 0.798 0.604 35 3 49.22 68.9 0 0.44
60800 10 4 0.072 0.424 0.407 0.86 0.388 39 0 50.64 16.8 0 0.64
60800 10 4 0.09 0.445 0.169 0.776 0.365 25 12 35.54 231.8 0 0
60800 10 4 0.081 0.199 0.328 0.82 0.309 36 0 55.82 19.24 0 0.42
60800 10 4 0.058 0.193 0.148 0.997 0.052 25 859 26.38 1158.04 0 0
60800 10 4 0.04 0.41 0.132 0.988 0.614 51 1 66.66 16.62 0 0.66
60800 10 4 0.096 0.022 0.149 0.758 0.088 50 0 60.38 7.24 0 0.86
60800 10 4 0.055 0.149 0.281 0.762 0.292 57 0 65.92 6.1 0 0.74
60800 10 4 0.053 0.031 0.222 0.952 0.6 50 1 62.1 5.66 0 0.76
60800 10 4 0.107 0.025 0.482 0.983 0.21 28 0 38.02 4.56 0 0.86
60800 10 4 0.075 0.115 0.015 0.763 0.942 25 0 38.02 6.1 0 0.86
60800 10 4 0.099 0.059 0.442 0.755 0.2 26 0 39.04 5.34 0 0.8
60800 10 4 0.027 0.441 0.216 0.88 0.979 25 0 35.46 7.82 0 0.78
60800 10 4 0.047 0.352 0.352 0.938 0.287 33 5 49.28 64.6 0 0.08
60800 10 4 0.019 0.199 0.093 0.979 0.245 26 9 47.98 117 0 0.02
60800 10 4 0.018 0.279 0.004 0.841 0.487 25 742 27.78 921.74 0 0
60800 10 4 0.076 0.473 0.233 0.97 0.212 25 80 28.78 423.1 0 0
60800 10 4 0.11 0.421 0.289 0.961 0.321 33 2 49.22 78.14 0 0.14
60800 10 4 0.043 0.222 0.4 0.947 0.532 29 0 57.24 10.24 0 0.66
60800 10 4 0.057 0.407 0.003 0.996 0.439 25 844 26.58 925.44 0 0
60800 10 4 0.109 0.428 0.327 0.876 0.327 34 17 47.14 109.88 0 0
60800 10 4 0.033 0.423 0.175 0.989 0.472 28 1 36.58 73.28 0 0.6
60800 10 4 0.076 0.133 0.367 0.928 0.232 55 2 60.86 18.02 0 0.44
60800 10 4 0.1 0.482 0.21 0.975 0.606 67 1 76.18 12.5 0 0.6
60800 10 4 0.008 0.399 0.457 0.799 0.193 40 3 51.14 31.96 0 0.48
60800 10 4 0.011 0.108 0.428 0.976 0.118 40 2 51.34 13.52 0 0.52
60800 10 4 0.03 0.143 0.136 0.809 0.724 29 0 48.02 10.08 0 0.54
60800 10 4 0.076 0.231 0.018 0.858 0.748 54 0 85.12 15.7 0 0.68
60800 10 4 0.088 0.321 0.156 0.982 0.429 52 3 63.26 64.88 0 0.1
60800 10 4 0.059 0.488 0.125 0.776 0.299 25 81 41.14 303.52 0 0
60800 10 4 0.088 0.259 0.251 0.854 0.08 25 650 26.76 856.88 0 0
60800 10 4 0.008 0.376 0.051 0.887 0.65 37 1 47.08 22.2 0 0.68
60800 10 4 0.069 0.289 0.133 0.759 0.669 54 0 69.6 15.14 0 0.6
60800 10 4 0.021 0.223 0.134 0.972 0.887 34 1 48.88 10.76 0 0.68
60800 10 4 0.063 0.238 0.039 0.947 0.808 49 0 77.04 13.76 0 0.66
60800 10 4 0.021 0.207 0.474 0.991 0.356 32 0 43.8 5.62 0 0.78
60800 10 4 0.092 0.205 0.26 0.8 0.914 26 0 46.26 10.9 0 0.68
60800 10 4 0.03 0.356 0.308 0.973 0.591 25 0 40.88 10.68 0 0.68
60800 10 4 0.008 0.489 0.157 0.839 0.578 25 0 34.24 28.9 0 0.62
60800 10 4 0.017 0.38 0.468 0.974 0.624 25 0 38.52 7.74 0 0.74
60800 10 4 0.05 0.398 0.468 0.843 0.175 32 0 64.14 51.52 0 0.5
60800 10 4 0.017 0.202 0.002 0.799 0.549 25 944 26.3 1017.64 0 0
60800 10 4 0.023 0.228 0.459 0.959 0.412 37 0 52.1 12.52 0 0.72
60800 10 4 0.027 0.284 0.325 0.849 0.542 70 0 76.88 8.92 0 0.7
60800 10 4 0.11 0.265 0.148 0.789 0.975 25 0 38.48 8.04 0 0.86
60800 10 4 0.096 0.062 0.047 0.814 0.941 26 1 38.62 10.04 0 0.62
60800 10 4 0.067 0.051 0.33 0.782 0.519 25 1 45.28 12.44 0 0.7
60800 10 4 0.077 0.193 0.207 0.946 0.062 25 243 36.86 500.6 0 0
60800 10 4 0.003 0.229 0.154 0.765 0.867 25 1 38.52 11.16 0 0.74
60800 10 4 0.086 0.457 0.381 0.956 0.477 39 1 63.86 8.3 0 0.66
60800 10 4 0.04 0.473 0.331 0.829 0.083 27 7 45.86 123.18 0 0.12
60800 10 4 0.02 0.343 0.095 0.776 0.061 25 797 28.9 973.34 0 0
60800 10 4 0.114 0.224 0.004 0.892 0.522 31 8 47.24 100.96 0 0.06
60800 10 4 0.11 0.354 0.469 0.924 0.26 35 4 54.64 28.06 0 0.56
60800 10 4 0.051 0.023 0.426 0.855 0.044 25 0 38.98 8.62 0 0.74
60800 10 4 0.032 0.312 0.085 0.795 0.275 25 384 34.64 444 0 0
60800 10 4 0.017 0.111 0.024 0.961 0.209 25 330 33.34 567.7 0 0
60800 10 4 0.082 0.058 0.068 0.948 0.77 53 0 58.64 6.9 0 0.7
60800 10 4 0.02 0.347 0.059 0.927 0.113 25 832 29.64 919.96 0 0
60800 10 4 0.022 0.141 0.234 0.91 0.715 26 0 35.66 8.38 0 0.84
60800 10 4 0.077 0.288 0.115 0.808 0.854 25 0 44.16 11.8 0 0.72
60800 10 4 0.093 0.454 0.39 0.845 0.71 25 0 42.16 9.9 0 0.68
60800 10 4 0.034 0.35 0.131 0.825 0.826 44 1 59.88 11.32 0 0.66
60800 10 4 0.027 0.316 0.267 0.788 0.299 38 1 47.14 56.5 0 0.28
60800 10 4 0.009 0.148 0.468 0.94 0.015 25 3 41.96 151.4 0 0.3
60800 10 4 0.065 0.342 0.427 0.955 0.139 25 1 45.62 135.86 0 0.36
60800 10 4 0.054 0.007 0.139 0.975 0.507 26 0 40.24 9.66 0 0.7
60800 10 4 0.069 0.427 0.05 0.962 0.981 25 0 38.64 6.94 0 0.84
60800 10 4 0.073 0.158 0.5 0.987 0.576 42 0 59.98 10.18 0 0.6
60800 10 4 0.082 0.233 0.436 0.936 0.747 25 2 39.78 12.1 0 0.74
60800 10 4 0.028 0.271 0.411 0.848 0.283 63 2 69.98 14.64 0 0.58
60800 10 4 0.093 0.086 0.062 0.956 0.111 25 600 31.82 725.82 0 0
60800 10 4 0.108 0.002 0.418 0.761 0.937 25 0 37.34 7.36 0 0.68
60800 10 4 0.081 0.071 0.279 0.847 0.675 34 0 45 9.94 0 0.7
60800 10 4 0.045 0.045 0.018 0.932 0.483 38 5 49.58 41.38 0 0.38
60800 10 4 0.102 0.363 0.29 0.933 0.802 25 0 32.18 7.4 0 0.8
60800 10 4 0.011 0.488 0.18 0.927 0.731 25 0 41.52 13.16 0 0.7
60800 10 4 0.031 0.071 0.283 0.984 0.972 67 0 72.8 5.14 0 0.82
60800 10 4 0.085 0.254 0.016 0.998 0.079 25 975 26.36 1002.72 0 0
60800 10 4 0.104 0.405 0.456 0.991 0.638 52 0 59.88 7.3 0 0.7
60800 10 4 0.028 0.052 0.292 0.819 0.248 31 1 41.16 8.68 0 0.78
60800 10 4 0.109 0.4 0.021 0.85 0.321 25 1140 26.16 1193.58 0 0
60800 10 4 0.064 0.481 0.355 0.898 0.624 42 1 52.86 7.84 0 0.76
60800 10 4 0.027 0.376 0.383 0.899 0.105 29 4 45.44 120.42 0 0.42
60800 10 4 0.005 0.497 0.21 0.963 0.129 26 48 34.88 226.66 0 0
60800 10 4 0.04 0.449 0.349 0.787 0.067 25 208 31.64 344.74 0 0
60800 10 4 0.008 0.363 0.277 0.846 0.574 25 2 42.04 20.28 0 0.64
60800 10 4 0.075 0.495 0.345 0.956 0.346 47 2 53.7 52.12 0 0.12
60800 10 4 0.05 0.381 0.079 0.926 0.437 25 48 36.66 235.4 0 0
60800 10 4 0.015 0.37 0.259 0.763 0.959 31 0 45.4 5.66 0 0.76
60800 10 4 0.041 0.334 0.359 0.926 0.535 51 1 59.82 8.82 0 0.72
60800 10 4 0.056 0.484 0.043 0.927 0.272 25 440 32.42 669.46 0 0
60800 10 4 0.047 0.208 0.031 0.921 0.959 51 0 61.04 6.24 0 0.74
60800 10 4 0.059 0.49 0.312 0.823 0.176 26 33 38.94 163.04 0 0
60800 10 4 0.041 0.143 0.459 0.752 0.686 26 0 37.6 9.36 0 0.7
60800 10 4 0.06 0.448 0.139 0.968 0.401 25 8 34.54 227.52 0 0.1
60800 10 4 0.107 0.119 0.415 0.867 0.064 34 3 58.34 78.88 0 0.36
60800 10 4 0.022 0.203 0.077 0.96 0.502 41 5 58.08 61.02 0 0.06
60800 10 4 0.023 0.233 0.46 0.81 0.528 28 0 38.68 10.12 0 0.7
60800 10 4 0.05 0.36 0.355 0.947 0.502 42 2 52.06 11.46 0 0.7
60800 10 4 0.101 0.03 0.375 0.814 0.926 41 0 50.24 6.74 0 0.78
60800 10 4 0.114 0.32 0.335 0.977 0.833 50 1 59.2 9 0 0.7
60800 10 4 0.099 0.125 0.286 0.752 0.542 27 0 44.64 11.08 0 0.64
60800 10 4 0.047 0.031 0.214 0.785 0.839 38 0 44.58 8.68 0 0.72
60800 10 4 0.101 0.047 0.248 0.795 0.947 35 0 49.64 6.66 0 0.7
60800 10 4 0.118 0.087 0.016 0.999 0.792 41 0 56.74 7.3 0 0.68
60800 10 4 0.095 0.201 0.202 0.965 0.112 25 472 30.24 531.4 0 0
60800 10 4 0.078 0.208 0.147 0.759 0.814 52 0 58.8 5.56 0 0.8
60800 10 4 0.035 0.177 0.409 0.945 0.553 25 0 36.78 5.84 0 0.88
60800 10 4 0.074 0.112 0.144 0.802 0.732 48 1 62 9.22 0 0.82
60800 10 4 0.083 0.41 0.293 0.957 0.503 30 0 50.82 27.5 0 0.66
60800 10 4 0.09 0.206 0.436 0.875 0.914 25 0 36.9 10.46 0 0.74
60800 10 4 0.049 0.35 0.45 0.847 0.55 55 0 63.1 7.04 0 0.76
60800 10 4 0.083 0.003 0.183 0.94 0.876 25 0 39.86 9.36 0 0.78
60800 10 4 0.035 0.135 0.055 0.89 0.041 25 671 27.28 921.26 0 0
60800 10 4 0.019 0.432 0.007 0.828 0.114 25 682 30.04 913.82 0 0
60800 10 4 0.033 0.264 0.388 0.767 0.576 25 0 38.98 11.6 0 0.72
60800 10 4 0.053 0.328 0.228 0.964 0.374 50 2 61.26 54.5 0 0.22
60800 10 4 0.021 0.199 0.411 0.767 0.91 33 1 48.1 7.02 0 0.76
60800 10 4 0.114 0.014 0.273 0.807 0.243 25 1 39 11.8 0 0.74
60800 10 4 0.006 0.099 0.173 0.866 0.783 36 0 47.26 5.24 0 0.8
60800 10 4 0.089 0.167 0.388 0.906 0.254 67 0 72.12 12.92 0 0.4
60800 10 4 0.099 0.122 0.033 0.829 0.773 49 1 62.42 8.4 0 0.62
60800 10 4 0.079 0.094 0.239 0.993 0.901 25 0 39.28 9.42 0 0.7
60800 10 4 0.085 0.303 0.405 0.754 0.174 26 3 44.46 122.1 0 0.34
60800 10 4 0.066 0.356 0.481 0.833 0.892 25 1 37.44 9.94 0 0.74
60800 10 4 0.032 0.248 0.193 0.964 0.252 27 10 34.5 179.96 0 0
60800 10 4 0.005 0.343 0.004 0.913 0.488 25 1046 26 1160.02 0 0
60800 10 4 0.022 0.076 0.142 0.934 0.004 25 639 29.14 799.74 0 0
60800 10 4 0.077 0.03 0.185 0.838 0.892 25 0 36.48 5.62 0 0.82
60800 10 4 0.056 0.172 0.499 0.775 0.38 25 1 38.04 6.96 0 0.82
60800 10 4 0.011 0.168 0.123 0.801 0.888 26 0 41.5 11.54 0 0.72
60800 10 4 0.021 0.037 0.002 0.939 0.049 25 1112 26.32 1157.76 0 0
60800 10 4 0.101 0.372 0.246 0.845 0.238 25 6 42.26 193.1 0 0.32
60800 10 4 0.052 0.064 0.067 0.931 0.341 39 3 48.14 37.58 0 0.32
60800 10 4 0.103 0.202 0.497 0.851 0.426 30 0 41.78 8.44 0 0.84
60800 10 4 0.066 0.208 0.419 0.949 0.262 58 1 69.84 17.96 0 0.48
60800 10 4 0.046 0.192 0.41 0.825 0.348 47 0 60.66 13.08 0 0.56
60800 10 4 0.031 0.028 0.487 0.924 0.73 26 0 39.62 8.78 0 0.74
60800 10 4 0.041 0.166 0.245 0.954 0.833 48 0 56.64 7.24 0 0.68
60800 10 4 0.011 0.01 0.406 0.809 0.507 25 0 39.54 9.38 0 0.72
60800 10 4 0.033 0.496 0.303 0.807 0.842 40 0 51.9 10.08 0 0.68
60800 10 4 0.087 0.469 0.5 0.86 0.355 39 1 52.42 16.32 0 0.64
60800 10 4 0.006 0.035 0.008 0.827 0.957 57 0 66.46 7.14 0 0.72
60800 10 4 0.052 0.414 0.103 0.821 0.313 25 22 43.18 338.16 0 0
60800 10 4 0.055 0.345 0.392 0.776 0.01 25 1044 26.32 1096.24 0 0
60800 10 4 0.083 0.376 0.204 0.966 0.228 25 199 28.74 479.68 0 0
60800 10 4 0.081 0.428 0.42 0.769 0.079 26 11 44.68 185.48 0 0
60800 10 4 0.11 0.237 0.196 0.754 0.33 34 17 41.7 93.38 0 0
60800 10 4 0.026 0.155 0.216 0.843 0.297 39 2 53 41.36 0 0.58
60800 10 4 0.083 0.474 0.385 0.941 0.488 32 0 49.24 15.74 0 0.56
60800 10 4 0.096 0.346 0.249 0.946 0.813 32 0 40.94 9.58 0 0.76
60800 10 4 0.049 0.027 0.028 0.926 0.038 25 803 26.22 1029.16 0 0
60800 10 4 0.055 0.479 0.332 0.994 0.644 25 0 38.84 9.8 0 0.72
60800 10 4 0.027 0.179 0.483 0.947 0.092 38 0 59.98 53.32 0 0.38
60800 10 4 0.006 0.022 0.252 0.754 0.833 25 0 31.54 5.78 0 0.84
60800 10 4 0.006 0.21 0.319 0.768 0.591 42 0 53.32 9.68 0 0.66
60800 10 4 0.118 0.134 0.032 0.779 0.27 25 399 31.68 556.44 0 0
60800 10 4 0.004 0.45 0.127 0.986 0.92 26 0 39.9 6.72 0 0.74
60800 10 4 0.116 0.499 0.097 0.817 0.388 26 315 30.08 469.52 0 0
60800 10 4 0.033 0.303 0.353 0.966 0.517 25 0 38.74 17.7 0 0.68
60800 10 4 0.028 0.248 0.098 0.833 0.323 35 18 47.66 182.38 0 0
60800 10 4 0.053 0.35 0.113 0.842 0.792 38 1 58.38 15.58 0 0.66
60800 10 4 0.029 0.031 0.368 0.935 0.778 32 0 43.48 8.64 0 0.74
60800 10 4 0.091 0.074 0.402 0.794 0.753 25 0 39.64 8.32 0 0.72
60800 10 4 0.018 0.234 0.212 0.756 0.354 29 1 45.18 34.92 0 0.58
60800 10 4 0.029 0.289 0.281 0.802 0.875 25 0 34.74 10.12 0 0.74
60800 10 4 0.095 0.159 0.201 0.771 0.687 25 1 38.9 12.26 0 0.72
60800 10 1 0.029 0.164 0.441 0.945 0.707 90 0 106.62 9.88 0.3 0.56
60800 10 1 0.085 0.067 0.327 0.791 0.251 93 0 109.18 5.82 0.42 0.72
60800 10 1 0.101 0.017 0.228 0.858 0.313 87 0 98.46 13.62 0 0.44
60800 10 1 0.035 0.256 0.383 0.941 0.071 25 31 35.32 239.3 0 0
60800 10 1 0.03 0.232 0.371 0.767 0.624 88 0 106.06 14.56 0.36 0.58
60800 10 1 0.03 0.452 0.376 0.769 0.161 26 4 40 147.12 0 0.34
60800 10 1 0.011 0.077 0.162 0.782 0.338 55 3 64.8 41.16 0 0.22
60800 10 1 0.073 0.136 0.02 0.935 0.146 25 966 26.3 1034.36 0 0
60800 10 1 0.078 0.476 0.178 0.805 0.577 44 3 68.08 30.06 0 0.4
60800 10 1 0.047 0.337 0.322 0.882 0.17 38 18 49.32 115.58 0 0
60800 10 1 0.057 0.151 0.37 0.922 0.409 84 5 103.46 17.72 0.12 0.44
60800 10 1 0.102 0.079 0.124 0.754 0.408 93 4 99.7 16.9 0 0.32
60800 10 1 0.042 0.363 0.077 0.869 0.21 25 738 27.1 938.3 0 0
60800 10 1 0.04 0.353 0.41 0.952 0.349 64 2 75.96 21.84 0 0.44
60800 10 1 0.118 0.085 0.3 0.816 0.281 84 1 103.68 18.32 0.36 0.52
60800 10 1 0.093 0.24 0.408 0.834 0.254 60 1 77.84 23.9 0 0.28
60800 10 1 0.113 0.166 0.13 0.86 0.724 88 0 100.78 13.7 0.12 0.5
60800 10 1 0.104 0.113 0.291 0.871 0.361 106 4 114.06 16.12 0.6 0.12
60800 10 1 0.011 0.181 0.254 0.951 0.832 102 0 112.44 6.02 0.56 0.76
60800 10 1 0.045 0.259 0.261 0.974 0.736 94 0 102.68 11.68 0.12 0.48
60800 10 1 0.032 0.221 0.234 0.828 0.541 70 0 94.06 16.72 0.14 0.6
60800 10 1 0.117 0.052 0.346 0.87 0.056 44 2 56.82 57.26 0 0.26
60800 10 1 0.069 0.152 0.052 0.881 0.943 107 1 118.12 10.44 0.76 0.64
60800 10 1 0.108 0.275 0.062 0.807 0.636 63 4 75.12 27.36 0 0.22
60800 10 1 0.119 0.068 0.429 0.844 0.911 87 1 100.46 13.16 0 0.62
60800 10 1 0.119 0.131 0.425 0.882 0.185 79 4 96.84 14.74 0.06 0.48
60800 10 1 0.072 0.394 0.135 0.916 0.29 25 492 27.92 571.78 0 0
60800 10 1 0.12 0.19 0.068 0.953 0.124 25 959 26 1074.6 0 0
60800 10 1 0.116 0.255 0.073 0.917 0.173 25 1093 26.1 1131.3 0 0
60800 10 1 0.02 0.372 0.044 0.876 0.215 25 1144 26.24 1173.94 0 0
60800 10 1 0.107 0.002 0.045 0.864 0.104 97 0 107.48 9.04 0.28 0.68
60800 10 1 0.095 0.036 0.013 0.887 0.015 25 998 26.14 1069.82 0 0
60800 10 1 0.014 0.415 0.005 0.946 0.018 25 1140 26.44 1162.22 0 0
60800 10 1 0.096 0.285 0.481 0.82 0.819 88 2 109.1 15.54 0.42 0.6
60800 10 1 0.037 0.006 0.348 0.973 0.762 89 1 101.56 11.18 0.14 0.44
60800 10 1 0.067 0.143 0.092 0.964 0.773 85 2 115.56 16.08 0.66 0.44
60800 10 1 0.073 0.262 0.034 0.942 0.432 25 683 26.74 883.12 0 0
60800 10 1 0.011 0.324 0.254 0.849 0.561 64 1 82.36 16.68 0 0.58
60800 10 1 0.112 0.15 0.311 0.985 0.499 93 1 105.44 14.6 0.26 0.5
60800 10 4 0.03 0.334 0.323 0.769 0.555 55 2 66.76 14.96 0 0.6
60800 10 4 0.019 0.207 0.217 0.99 0.665 77 0 84.46 6.96 0 0.7
60800 10 4 0.076 0.115 0.146 0.988 0.878 25 0 34.96 4.76 0 0.88
60800 10 4 0.037 0.229 0.369 0.876 0.599 53 0 65.74 8.06 0 0.66
60800 10 4 0.107 0.143 0.403 0.991 0.774 25 0 40.68 6.44 0 0.72
60800 10 4 0.044 0.271 0.054 0.77 0.587 42 2 56.22 45.56 0 0.1
60800 10 4 0.075 0.002 0.308 0.884 0.22 56 2 65.5 9.04 0 0.64
60800 10 4 0.078 0.338 0.265 0.961 0.197 25 5 42.08 225.16 0 0.1
60800 10 4 0.009 0.236 0.019 0.879 0.489 25 249 36.06 457.74 0 0
60800 10 4 0.072 0.192 0.364 0.872 0.648 25 1 40.6 10.96 0 0.66
60800 10 4 0.045 0.17 0.004 0.864 0.791 63 0 72.7 12.5 0 0.5
60800 10 4 0.046 0.488 0.236 0.824 0.602 72 1 84.76 18.5 0 0.28
60800 10 4 0.039 0.271 0.29 0.874 0.303 32 1 51.3 48.5 0 0.44
60800 10 4 0.018 0.022 0.154 0.803 0.407 25 1 35.46 8.24 0 0.82
60800 10 4 0.034 0.44 0.38 0.837 0.25 39 2 60.36 56.44 0 0.26
60800 10 4 0.066 0.349 0.102 0.841 0.092 25 1106 26.34 1150.58 0 0
60800 10 4 0.053 0.223 0.005 0.759 0.703 55 3 66.92 25.22 0 0.18
60800 10 4 0.055 0.204 0.377 0.951 0.052 30 6 49.62 121.94 0 0.24
60800 10 4 0.04 0.156 0.299 0.945 0.67 44 0 54.94 7.12 0 0.72
60800 10 4 0.115 0.118 0.261 0.968 0.74 25 0 37.32 12.36 0 0.76
60800 10 4 0.103 0.085 0.154 0.839 0.111 26 111 37.16 244.94 0 0
60800 10 4 0.093 0.44 0.198 0.852 0.76 36 0 43.86 9.3 0 0.62
60800 10 4 0.012 0.065 0.091 0.987 0.313 38 5 54.14 50.8 0 0.22
60800 10 4 0.106 0.355 0.171 0.785 0.318 34 6 42.54 120.42 0 0.12
60800 10 4 0.067 0.002 0.166 0.811 0.628 26 1 39.64 11.48 0 0.7
60800 10 4 0.057 0.03 0.221 0.769 0.004 25 831 27.24 1068.78 0 0
60800 10 4 0.106 0.039 0.356 0.994 0.943 58 1 70.5 8.6 0 0.74
60800 10 4 0.075 0.366 0.138 0.905 0.38 27 63 35.7 137.66 0 0
60800 10 4 0.112 0.016 0.246 0.968 0.084 26 0 38.84 4.94 0 0.8
60800 10 4 0.086 0.244 0.017 0.835 0.094 25 629 28.76 933.78 0 0
60800 10 4 0.001 0.176 0.489 0.807 0.476 25 0 38.02 10.84 0 0.72
60800 10 4 0.113 0.281 0.226 0.993 0.671 31 0 44.98 8.62 0 0.78
60800 10 4 0.067 0.059 0.388 0.827 0.49 25 0 36.92 5.18 0 0.82
60800 10 4 0.119 0.346 0.267 0.844 0.189 25 3 42.1 129.28 0 0.14
60800 10 4 0.02 0.171 0.404 0.972 0.96 42 0 51.66 6.28 0 0.78
60800 10 4 0.03 0.371 0.135 0.788 0.063 26 516 34.78 649.74 0 0
60800 10 4 0.107 0.182 0.322 0.888 0.978 25 0 33.72 9.22 0 0.8
60800 10 4 0.025 0.186 0.021 0.785 0.622 39 1 52.2 46.62 0 0.26
60800 10 4 0.017 0.379 0.219 0.801 0.446 29 1 43.64 53.8 0 0.52
60800 10 4 0.1 0.054 0.44 0.878 0.265 25 0 34.04 9.12 0 0.66
60800 10 4 0.109 0.036 0.472 0.995 0.135 25 0 35.6 12.44 0 0.78
60800 10 4 0.053 0.329 0.447 0.955 0.938 25 0 37.46 8.34 0 0.76
60800 10 4 0.109 0.094 0.341 0.828 0.629 31 0 41.76 8.04 0 0.76
60800 10 4 0.072 0.325 0.273 0.922 0.427 36 0 47.14 28.82 0 0.6
60800 10 4 0.058 0.009 0.402 0.827 0.6 25 0 36.7 6.94 0 0.86
60800 10 4 0.097 0.199 0.167 0.924 0.875 25 0 37.64 10.26 0 0.76
60800 10 4 0.049 0.148 0.089 0.796 0.905 25 0 37.5 11.74 0 0.7
60800 10 4 0.033 0.332 0.426 0.803 0.541 32 0 44.48 6.22 0 0.76
60800 10 4 0.119 0.094 0.271 0.772 0.406 47 1 55.46 8.52 0 0.76
60800 10 4 0.025 0.263 0.05 0.823 0.144 25 839 26.32 1177.38 0 0
60800 10 4 0.114 0.072 0.294 0.861 0.643 48 0 58.08 6.26 0 0.74
60800 10 4 0.068 0.055 0.192 0.97 0.542 33 0 45.7 8.52 0 0.64
60800 10 4 0.062 0.297 0.246 0.812 0.572 63 0 68.38 7.72 0 0.68
60800 10 4 0.057 0.166 0.047 0.964 0.211 25 679 27.36 837.88 0 0
60800 10 4 0.12 0.411 0.216 0.905 0.546 64 3 71.52 22.38 0 0.44
60800 10 4 0.105 0.023 0.209 0.9 0.349 44 0 51.52 5.6 0 0.74
60800 10 4 0.114 0.154 0.228 0.754 0.413 47 1 59.14 10.44 0 0.64
60800 10 4 0.077 0.261 0.039 0.884 0.738 54 2 62.04 16.16 0 0.42
60800 10 4 0.073 0.33 0.485 0.818 0.71 25 0 39.58 8.42 0 0.68
60800 10 4 0.077 0.059 0.131 0.777 0.833 26 0 46.06 10.4 0 0.72
60800 10 4 0.001 0.362 0.156 0.835 0.957 26 0 40.86 9.22 0 0.72
60800 10 4 0.014 0.083 0.25 0.94 0.506 46 0 61.12 9.7 0 0.7
60800 10 4 0.089 0.213 0.389 0.903 0.227 60 2 75.34 11.28 0 0.6
60800 10 4 0.015 0.392 0.113 0.814 0.995 25 1 35.22 13.48 0 0.74
60800 10 4 0.016 0.431 0.042 0.858 0.876 34 0 49.86 11.06 0 0.7
60800 10 4 0.028 0.383 0.288 0.917 0.264 30 2 59.2 64.42 0 0.56
60800 10 4 0.112 0.151 0.005 0.941 0.027 25 1028 26.44 1067.76 0 0
60800 10 4 0.048 0.351 0.157 0.87 0.072 25 377 30.68 747.28 0 0
60800 10 4 0.005 0.12 0.197 0.761 0.717 31 0 39.58 7.76 0 0.76
60800 10 4 0.096 0.266 0.491 0.897 0.757 25 0 34.06 9.94 0 0.8
60800 10 4 0.029 0.369 0.386 0.809 0.797 25 0 40.54 11.26 0 0.74
60800 10 4 0.062 0.498 0.261 0.975 0.019 25 586 27.28 888.58 0 0
60800 10 4 0.044 0.065 0.173 0.846 0.816 28 1 44.72 12.02 0 0.66
60800 10 4 0.065 0.287 0.082 0.921 0.434 26 6 46.14 166.06 0 0.14
60800 10 4 0.068 0.341 0.229 0.975 0.146 28 233 37.98 340.86 0 0
60800 10 4 0.099 0.449 0.319 0.91 0.492 56 1 63.68 10.52 0 0.58
60800 10 4 0.109 0.248 0.447 0.83 0.488 25 0 36.98 9.7 0 0.72
60800 10 4 0.114 0.371 0.178 0.863 0.334 29 3 33.96 178.8 0 0.28
60800 10 4 0.029 0.129 0.312 0.758 0.436 28 0 48.54 14.16 0 0.72
60800 10 4 0.073 0.019 0.442 0.887 0.698 25 0 38.32 11.58 0 0.72
60800 10 4 0.093 0.015 0.371 0.934 0.594 25 0 42.26 13.02 0 0.76
60800 10 4 0.061 0.358 0.014 0.888 0.76 33 0 46.88 18.78 0 0.54
60800 10 4 0.042 0.13 0.432 0.941 0.239 39 1 52.22 4.94 0 0.84
60800 10 4 0.03 0.115 0.068 0.905 0.97 36 0 52.08 8.32 0 0.7
60800 10 4 0.031 0.231 0.227 0.953 0.801 25 0 38.6 10.94 0 0.74
60800 10 4 0.113 0.159 0.125 0.856 0.417 31 2 45.46 45.38 0 0.24
60800 10 4 0.067 0.485 0.174 0.8 0.979 26 0 42.9 7.64 0 0.7
60800 10 4 0.089 0.368 0.258 0.774 0.379 58 2 71.48 36.26 0 0.26
60800 10 4 0.016 0.346 0.076 0.978 0.266 27 121 42.86 255.12 0 0
60800 10 4 0.11 0.348 0.117 0.946 0.689 37 1 49.58 17.46 0 0.6
60800 10 4 0.088 0.051 0.316 0.963 0.241 51 0 60 8.56 0 0.74
60800 10 4 0.086 0.178 0.018 0.988 0.824 25 0 34.08 7.36 0 0.82
60800 10 4 0.016 0.196 0.08 0.771 0.087 25 579 27.08 848.5 0 0
60800 10 4 0.023 0.322 0.113 0.993 0.358 25 4 39.74 187.14 0 0.22
60800 10 4 0.088 0.487 0.44 0.918 0.413 56 0 69.62 14.54 0 0.4
60800 10 4 0.042 0.185 0.495 0.788 0.554 25 0 37.08 9.92 0 0.72
60800 10 4 0.079 0.242 0.401 0.751 0.052 35 4 54.02 111 0 0.32
60800 10 4 0.023 0.335 0.092 0.902 0.219 26 257 32.42 375.28 0 0
60800 10 4 0.107 0.026 0.215 0.851 0.535 44 0 55.32 8.92 0 0.68
60800 10 4 0.056 0.095 0.101 0.775 0.026 25 766 26.52 991.58 0 0
60800 10 4 0.079 0.173 0.393 0.858 0.994 25 0 34.78 11.6 0 0.74
60800 10 4 0.005 0.238 0.028 0.986 0.041 25 824 27.14 1085.08 0 0
60800 10 4 0.036 0.35 0.175 0.812 0.968 25 1 37.22 10.32 0 0.7
60800 10 4 0.075 0.129 0.434 0.85 0.672 25 0 35.56 9.64 0 0.76
60800 10 4 0.011 0.351 0.324 0.867 0.555 26 0 44.66 10.82 0 0.64
60800 10 4 0.046 0.43 0.064 0.872 0.5 25 115 29.46 341.94 0 0
60800 10 4 0.051 0.305 0.026 0.861 0.134 25 1075 26 1118.1 0 0
60800 10 4 0.041 0.156 0.456 0.852 0.997 52 1 65.08 9 0 0.6
60800 10 4 0.116 0.314 0.125 0.825 0.913 26 0 37.72 6.14 0 0.8
60800 10 4 0.016 0.307 0.002 0.785 0.76 54 1 61.4 19 0 0.44
60800 10 4 0.045 0.074 0.493 0.986 0.569 51 0 61.28 7.26 0 0.68
60800 10 4 0.023 0.385 0.418 0.899 0.562 25 0 35.12 6.04 0 0.84
60800 10 4 0.014 0.384 0.143 0.973 0.276 25 3 39.8 217.74 0 0.18
60800 10 4 0.079 0.492 0.208 0.785 0.847 31 0 40.44 10.32 0 0.68
60800 10 4 0.046 0.487 0.488 0.966 0.341 59 0 67.12 20.12 0 0.36
60800 10 4 0.009 0.092 0.493 0.968 0.316 25 0 40.64 10.16 0 0.74
60800 10 4 0.003 0.265 0.459 0.806 0.191 45 2 53.94 31.98 0 0.22
60800 10 4 0.116 0.324 0.444 0.877 0.694 32 0 47.2 7.92 0 0.7
60800 10 4 0.047 0.273 0.174 0.753 0.749 67 0 75.8 9.64 0 0.68
60800 10 4 0.032 0.228 0.095 0.911 0.461 25 1 52.36 167.6 0 0.22
60800 10 4 0.049 0.209 0.438 0.958 0.441 37 0 50.98 4.86 0 0.82
60800 10 4 0.114 0.292 0.159 0.773 0.829 28 1 39.48 11.02 0 0.74
60800 10 4 0.047 0.329 0.029 0.779 0.994 25 1 37.22 9.98 0 0.76
60800 10 4 0.107 0.298 0.212 0.803 0.123 25 472 34.48 569.76 0 0
60800 10 4 0.078 0.175 0.162 0.795 0.074 25 459 36.54 633.84 0 0
60800 10 4 0.003 0.086 0.042 0.883 0.627 32 0 46.04 32.84 0 0.58
60800 10 4 0.102 0.144 0.361 0.867 0.4 62 0 66.18 7.46 0 0.74
60800 10 4 0.114 0.49 0.317 0.99 0.505 64 0 74.58 17.64 0 0.72
60800 10 4 0.044 0.171 0.464 0.95 0.32 34 0 52.66 10.48 0 0.66
60800 10 4 0.102 0.17 0.02 0.858 0.436 26 221 31.12 366.1 0 0
60800 10 4 0.067 0.449 0.014 0.804 0.483 25 679 28.3 809.5 0 0
60800 10 4 0.037 0.416 0.173 0.855 0.063 25 577 27.48 995.42 0 0
60800 10 4 0.076 0.457 0.202 0.752 0.967 40 0 50.22 9.08 0 0.74
60800 10 4 0.06 0.076 0.026 0.775 0.428 26 10 39.46 153.32 0 0
60800 10 4 0.108 0.474 0.467 0.771 0.954 53 1 58.74 8.34 0 0.68
60800 10 4 0.082 0.307 0.313 0.949 0.779 25 0 38.98 10.24 0 0.74
60800 10 4 0.116 0.04 0.24 0.906 0.204 25 0 35.56 10.8 0 0.82
60800 10 4 0.1 0.307 0.481 0.765 0.863 28 0 40.18 9.2 0 0.76
60800 10 4 0.067 0.096 0.029 0.896 0.124 25 648 29.84 929.48 0 0
60800 10 4 0.007 0.143 0.278 0.847 0.732 25 1 39.66 11.3 0 0.68
60800 10 4 0.119 0.281 0.458 0.783 0.198 41 2 53.8 23.94 0 0.6
60800 10 4 0.027 0.482 0.046 0.779 0.916 25 0 40.88 10.92 0 0.78
60800 10 4 0.103 0.413 0.11 0.837 0.47 26 4 48.22 236.58 0 0.18
60800 10 4 0.072 0.48 0.379 0.852 0.953 26 0 37.48 8.84 0 0.76
60800 10 4 0.035 0.21 0.451 0.809 0.439 46 0 54.52 10.4 0 0.56
60800 10 4 0.083 0.353 0.158 0.823 0.329 35 107 39.88 176.82 0 0
60800 10 4 0.119 0.357 0.093 0.923 0.708 36 1 50.62 15.92 0 0.62
60800 10 4 0.093 0.487 0.201 0.881 0.565 63 2 74.24 19.76 0 0.4
60800 10 4 0.064 0.02 0.064 0.951 0.336 25 0 37.78 9.62 0 0.74
60800 10 4 0.022 0.364 0.299 0.808 0.263 34 3 49.64 57 0 0.34
60800 10 4 0.099 0.115 0.164 0.963 0.409 28 0 45 16.12 0 0.6
60800 10 4 0.083 0.349 0.211 0.753 0.8 25 1 37.94 12.54 0 0.76
60800 10 4 0.002 0.314 0.265 0.868 0.044 26 99 36.42 309.22 0 0
60800 10 4 0.102 0.403 0.494 0.88 0.195 30 3 44.1 55.52 0 0.22
60800 10 4 0.115 0.057 0.202 0.78 0.468 25 1 37.74 7.02 0 0.82
60800 10 4 0.029 0.154 0.261 0.851 0.944 44 0 53.02 6.42 0 0.72
60800 10 4 0.058 0.392 0.259 0.773 0.963 25 0 35.16 13.54 0 0.74
60800 10 4 0.039 0.075 0.146 0.921 0.654 26 0 42.8 10.46 0 0.7
60800 10 4 0.023 0.295 0.495 0.764 0.758 31 0 48.12 8.66 0 0.76
60800 10 4 0.02 0.271 0.163 0.93 0.1 25 671 26.28 867.68 0 0
60800 10 4 0.078 0.441 0.426 0.84 0.339 43 0 56.6 26.4 0 0.5
60800 10 4 0.048 0.324 0.429 0.825 0.748 32 0 43.22 4.94 0 0.8
60800 10 4 0.022 0.031 0.474 0.98 0.023 33 1 51.12 52.96 0 0.38
60800 10 4 0.014 0.066 0.053 0.973 0.183 25 37 28.5 511.2 0 0
60800 10 4 0.061 0.129 0.271 0.826 0.654 25 0 37.98 9.52 0 0.8
60800 10 4 0.106 0.037 0.232 0.758 0.997 25 1 32.46 12.22 0 0.74
60800 10 4 0.091 0.105 0.231 0.924 0.503 25 0 35.28 8.22 0 0.8
60800 10 4 0.095 0.458 0.049 0.913 0.412 25 448 29.4 756.44 0 0
60800 10 4 0.118 0.002 0.054 0.835 0.917 25 0 35.38 6.06 0 0.84
60800 10 4 0.101 0.365 0.092 0.912 0.617 30 1 46.22 27.06 0 0.48
60800 10 4 0.118 0.174 0.315 0.76 0.749 56 1 61.54 9.92 0 0.7
60800 10 4 0.028 0.4 0.123 0.78 0.843 76 0 81.84 7.38 0 0.58
60800 10 4 0.112 0.369 0.448 0.971 0.322 29 0 45.38 18.44 0 0.66
60800 10 4 0.09 0.469 0.217 0.863 0.55 29 0 47.62 19.02 0 0.64
60800 10 4 0.087 0.196 0.014 0.97 0.779 44 1 57.46 13.62 0 0.56
60800 10 4 0.008 0.446 0.461 0.952 0.554 25 0 41.5 12.42 0 0.72
60800 10 4 0.069 0.045 0.292 0.998 0.827 25 0 36.52 12.38 0 0.76
60800 10 4 0.056 0.47 0.035 0.934 0.862 34 1 47.82 13.98 0 0.7
60800 10 4 0.091 0.144 0.235 0.985 0.217 28 2 45.68 39.58 0 0.32
60800 10 4 0.044 0.131 0.235 0.972 0.637 25 1 36.2 11.68 0 0.74
60800 10 4 0.031 0.387 0.468 0.807 0.773 25 0 37.96 9.84 0 0.76
60800 10 4 0.093 0.284 0.361 0.957 0.373 52 1 67.1 21.34 0 0.46
60800 10 4 0.021 0.234 0.407 0.914 0.64 37 0 50.3 12 0 0.68
60800 10 4 0.024 0.147 0.147 0.776 0.635 66 0 76.6 9.48 0 0.72
60800 10 4 0.089 0.374 0.044 0.926 0.296 25 657 29.86 825.96 0 0
60800 10 4 0.091 0.145 0.2 0.903 0.823 48 0 54.22 6.78 0 0.72
60800 10 4 0.11 0.046 0.354 0.936 0.646 30 0 41.44 6.72 0 0.78
60800 10 4 0.019 0.077 0.463 0.751 0.981 25 0 35.7 3.6 0 0.86
60800 10 4 0.108 0.23 0.231 0.971 0.087 25 497 27.3 682.9 0 0
60800 10 4 0.106 0.161 0.122 0.981 0.264 25 9 42.82 146.62 0 0.02
60800 10 4 0.091 0.485 0.381 0.756 0.536 40 0 57.1 13.84 0 0.64
60800 10 4 0.088 0.222 0.154 0.874 0.045 25 814 29.44 901.88 0 0
60800 10 4 0.029 0.362 0.29 0.981 0.985 25 1 39.64 11.38 0 0.8
60800 10 4 0.037 0.296 0.157 0.832 0.367 42 9 56.92 75.86 0 0.04
60800 10 4 0.113 0.452 0.24 0.804 0.338 28 3 48.56 123.52 0 0.3
60800 10 4 0.109 0.289 0.321 0.891 0.546 25 0 38.72 10.8 0 0.74
60800 10 4 0.005 0.038 0.068 0.819 0.448 45 0 52.3 26.16 0 0.52
60800 10 4 0.074 0.365 0.174 0.984 0.1 25 1086 26.4 1141.42 0 0
60800 10 4 0.071 0.273 0.232 0.966 0.822 25 0 36.94 7.9 0 0.78
60800 10 4 0.011 0.356 0.084 0.92 0.088 25 347 29.62 736.06 0 0
60800 10 4 0.099 0.097 0.474 0.877 0.857 25 0 36.44 6.24 0 0.8
60800 10 4 0.075 0.355 0.279 1 0.949 46 0 57.84 10.26 0 0.66
60800 10 4 0.004 0.334 0.44 0.853 0.079 28 3 40.02 139.92 0 0.38
60800 10 4 0.037 0.194 0.175 0.906 0.203 25 3 38.94 129.64 0 0.34
60800 10 4 0.064 0.076 0.108 0.955 0.516 41 0 48.02 7.08 0 0.68
60800 10 4 0.05 0.488 0.47 0.979 0.458 25 0 37.36 11.56 0 0.7
60800 10 4 0.016 0.29 0.442 0.758 0.504 25 0 40.16 11.1 0 0.82
60800 10 4 0.068 0.357 0.014 0.8 0.929 58 1 63.54 9.16 0 0.64
60800 10 4 0.007 0.199 0.065 0.971 0.907 29 2 44.4 11.84 0 0.72
60800 10 4 0.046 0.185 0.058 0.831 0.205 25 729 27 932.82 0 0
60800 10 4 0.099 0.435 0.212 0.968 0.768 29 0 43.08 9.62 0 0.72
60800 10 4 0.009 0.249 0.208 0.918 0.565 33 2 39.98 24.62 0 0.6
60800 10 4 0.011 0.384 0.122 0.898 0.307 27 26 37.62 157 0 0
60800 10 4 0.077 0.203 0.414 0.913 0.086 26 18 34.52 153.64 0 0
60800 10 4 0.037 0.238 0.246 0.986 0.09 25 7 48.26 187.32 0 0.18
60800 10 4 0.055 0.101 0.414 0.958 0.446 25 0 39.1 8.96 0 0.68
60800 10 4 0.003 0.355 0.202 0.763 0.99 25 0 37.32 5.06 0 0.8
60800 10 4 0.007 0.279 0.236 0.942 0.631 31 0 48.08 9.58 0 0.66
60800 10 4 0.036 0.267 0.359 0.966 0.255 44 0 56.8 31.9 0 0.38
60800 10 4 0.05 0.433 0.127 0.769 0.672 59 0 65.32 15.76 0 0.54
60800 10 4 0.004 0.266 0.438 0.926 0.715 43 1 49.14 9.96 0 0.66
60800 10 4 0.035 0.492 0.036 0.75 0.325 25 954 26.66 989.6 0 0
60800 10 4 0.052 0.107 0.269 0.884 0.388 46 0 56.12 12.34 0 0.68
60800 10 4 0.058 0.083 0.298 0.931 0.229 58 0 71.18 12.22 0 0.46
60800 10 4 0.018 0.442 0.019 0.96 0.327 25 648 31.38 849.48 0 0
60800 10 4 0.104 0.385 0.038 0.958 0.289 25 872 26.1 946.8 0 0
60800 10 4 0.014 0.024 0.263 0.91 0.355 26 0 36.7 10.6 0 0.82
60800 10 4 0.04 0.107 0.41 0.988 0.346 25 0 45.04 9.56 0 0.7
60800 10 4 0.042 0.287 0.107 0.908 0.415 27 62 37.08 186.82 0 0
60800 10 4 0.019 0.263 0.426 0.817 0.755 44 0 57.02 8.1 0 0.76
60800 10 4 0.02 0.122 0.269 0.917 0.705 53 0 62.84 8.42 0 0.62
60800 10 4 0.103 0.046 0.006 0.913 0.735 48 0 72.78 11.02 0 0.64
60800 10 4 0.07 0.097 0.288 0.85 0.138 28 3 46.46 62.76 0 0.38
60800 10 4 0.102 0.293 0.099 0.968 0.259 25 121 37.74 343.96 0 0
60800 10 4 0.07 0.118 0.001 0.931 0.232 25 585 28.14 848.64 0 0
60800 10 4 0.009 0.206 0.471 0.754 0.471 25 0 35.9 5.42 0 0.78
60800 10 4 0.101 0.467 0.226 0.758 0.975 25 0 34.4 7.12 0 0.8
60800 10 4 0.026 0.343 0.055 0.908 0.425 25 332 30.74 552.02 0 0
60800 10 4 0.092 0.34 0.206 0.857 0.991 41 1 50.04 9.1 0 0.66
60800 10 4 0.059 0.101 0.141 0.992 0.702 32 0 47.34 8.7 0 0.76
60800 10 4 0.1 0.407 0.499 0.929 0.156 28 2 47.64 87.12 0 0.4
60800 10 4 0.049 0.322 0.014 0.989 0.768 65 0 73.58 14.14 0 0.36
60800 10 4 0.047 0.116 0.439 0.962 0.353 50 0 58 4.48 0 0.84
60800 10 4 0.072 0.086 0.328 0.836 0.314 42 0 53.32 8.5 0 0.66
60800 10 4 0.053 0.089 0.169 0.806 0.062 25 486 30.2 637.02 0 0
60800 10 4 0.104 0.261 0.269 0.868 0.403 33 1 47.92 25.38 0 0.44
60800 10 4 0.024 0.475 0.341 0.858 0.562 51 0 61.38 9.74 0 0.7
60800 10 4 0.068 0.177 0.153 0.96 0.65 39 0 54.72 12.96 0 0.62
60800 10 4 0.02 0.363 0.145 0.993 0.97 25 0 40.72 9.9 0 0.78
60800 10 4 0.102 0.256 0.169 0.911 0.891 57 0 70.14 8.1 0 0.74
60800 10 4 0.095 0.456 0.349 0.922 0.9 26 0 44.44 10.06 0 0.72
60800 10 4 0.015 0.204 0.476 0.752 0.266 28 1 47.66 21.02 0 0.76
60800 10 4 0.049 0.14 0.474 0.755 0.522 27 0 41.18 6.16 0 0.78
60800 10 4 0.099 0.356 0.143 0.817 0.537 43 1 57.48 27.58 0 0.38
60800 10 4 0.032 0.064 0.178 0.792 0.167 57 2 72.64 41.82 0 0.3
60800 10 4 0.059 0.172 0.244 0.89 0.236 36 2 48.48 55.04 0 0.4
60800 10 4 0.017 0.204 0.304 0.869 0.387 29 0 40.12 28.6 0 0.5
60800 10 4 0.052 0.149 0.437 0.887 0.58 56 1 66.86 7.22 0 0.74
60800 10 4 0.017 0.15 0.242 0.904 0.986 34 1 45.7 5.3 0 0.86
60800 10 4 0.01 0.084 0.267 0.982 0.561 60 2 65.86 9.86 0 0.56
60800 10 4 0.014 0.036 0.388 0.948 0.803 26 0 38.14 10.14 0 0.7
60800 10 4 0.043 0.29 0.492 0.858 0.181 38 4 41.76 55.62 0 0.06
60800 10 4 0.112 0.208 0.491 0.755 0.705 58 2 69.88 10.78 0 0.56
60800 10 4 0.05 0.093 0.431 0.979 0.537 25 1 44.34 12.22 0 0.64
60800 10 4 0.089 0.351 0.057 0.772 0.969 25 1 39.46 14 0 0.72
60800 10 4 0.024 0.073 0.281 0.954 0.736 26 0 37.9 5.62 0 0.74
60800 10 4 0.102 0.075 0.136 0.913 0.148 31 3 43.62 137.52 0 0.06
60800 10 4 0.042 0.206 0.083 0.78 0.343 26 54 44.44 207.26 0 0
60800 10 4 0.079 0.065 0.425 0.929 0.256 47 0 56.58 6 0 0.76
60800 10 4 0.074 0.117 0.412 0.76 0.111 36 3 53.2 26 0 0.42
60800 10 4 0.043 0.337 0.496 0.843 0.93 54 0 64.66 5.88 0 0.74
60800 10 4 0.079 0.432 0.032 0.999 0.78 32 0 41.8 15.36 0 0.6
60800 10 4 0.026 0.231 0.033 0.879 0.403 25 455 28.86 590.66 0 0
60800 10 4 0.06 0.036 0.393 0.885 0.451 60 0 64.48 8.34 0 0.7
60800 10 4 0.054 0.048 0.321 0.949 0.699 26 1 36.38 5.78 0 0.8
60800 10 4 0.073 0.026 0.434 0.982 0.572 61 1 69.2 7.2 0 0.76
60800 10 4 0.108 0.456 0.158 0.752 0.83 25 0 45.22 7.48 0 0.76
60800 10 4 0.005 0.124 0.35 0.82 0.842 44 0 55.66 8.12 0 0.66
60800 10 4 0.008 0.304 0.463 0.869 0.626 53 0 61.18 5.5 0 0.76
60800 10 4 0.027 0.424 0.177 0.986 0.585 41 0 56.06 21.68 0 0.56
60800 10 4 0.097 0.112 0.398 0.964 0.16 47 0 54.72 14.14 0 0.56
60800 10 4 0.088 0.196 0.37 0.978 0.32 26 1 38.12 9.04 0 0.68
60800 10 4 0.032 0.043 0.032 0.763 0.831 25 1 37.52 12.9 0 0.74
60800 10 4 0.008 0.2 0.254 0.892 0.795 25 0 41.1 11 0 0.74
60800 10 4 0.109 0.139 0.049 0.839 0.096 25 601 27.56 1015.32 0 0
60800 10 4 0.092 0.45 0.198 0.887 0.882 50 1 64.94 9.56 0 0.72
60800 10 4 0.063 0.16 0.243 0.83 0.389 65 0 76.86 17.14 0 0.54
60800 10 4 0.012 0.234 0.352 0.841 0.188 27 0 50.94 83.58 0 0.32
60800 10 4 0.035 0.205 0.246 0.77 0.711 26 0 39.56 6.92 0 0.78
60800 10 4 0.086 0.045 0.036 0.909 0.833 25 1 40.64 11.48 0 0.72
60800 10 4 0.092 0.462 0.168 0.918 0.824 26 1 36.68 8.84 0 0.78
60800 10 4 0.044 0.144 0.48 0.929 0.251 52 0 61.48 8.98 0 0.66
60800 10 4 0.03 0.197 0.188 0.837 0.003 25 663 28.1 847.6 0 0
60800 10 4 0.077 0.2 0.348 0.752 0.923 45 0 54.26 8.3 0 0.74
60800 10 4 0.095 0.177 0.438 0.946 0.454 26 0 38.6 11.14 0 0.8
60800 10 4 0.112 0.381 0.116 0.775 0.758 60 1 79.04 13.7 0 0.42
60800 10 4 0.029 0.236 0.22 0.933 0.848 57 0 62.1 7.84 0 0.72
60800 10 4 0.011 0.395 0.344 0.792 0.782 26 1 37.34 11.52 0 0.72
60800 10 4 0.028 0.152 0.062 0.971 0.111 25 650 30.22 874.2 0 0
60800 10 4 0.044 0.276 0.374 0.814 0.221 29 4 48.26 51.4 0 0.34
60800 10 4 0.026 0.296 0.33 0.847 0.529 58 0 65.22 10.82 0 0.58
60800 10 4 0.018 0.161 0.401 0.901 0.388 37 0 49.14 6.08 0 0.78
60800 10 4 0.024 0.315 0.122 0.857 0.237 26 168 33.04 348.42 0 0
60800 10 4 0.108 0.24 0.006 0.762 0.731 77 0 85.96 8.74 0 0.52
60800 10 4 0.004 0.44 0.273 0.89 0.47 27 1 35.7 21.16 0 0.74
60800 10 4 0.117 0.216 0.298 0.994 0.659 26 0 38.3 9.1 0 0.68
60800 10 4 0.027 0.307 0.164 0.859 0.278 33 5 41.7 119.6 0 0.1
60800 10 4 0.097 0.419 0.072 0.893 0.394 25 514 30.88 705.76 0 0
60800 10 4 0.116 0.335 0.336 0.99 0.384 47 0 69.22 23.8 0 0.38
60800 10 4 0.061 0.193 0.04 0.957 0.399 25 407 29 630.86 0 0
60800 10 4 0.057 0.214 0.171 0.77 0.134 25 434 29.6 696.64 0 0
60800 10 4 0.052 0.077 0.49 0.89 0.718 25 0 34.22 7.56 0 0.72
60800 10 4 0.011 0.448 0.019 0.785 0.522 25 611 29.44 731.12 0 0
60800 10 4 0.08 0.451 0.301 0.785 0.73 42 0 56.46 9.18 0 0.68
60800 10 4 0.001 0.022 0.192 0.781 0.483 25 0 39.94 12.86 0 0.76
60800 10 4 0.096 0.239 0.403 0.925 0.392 25 0 40.14 16.82 0 0.64
60800 10 4 0.055 0.123 0.286 0.814 0.073 27 7 42.4 139.14 0 0.02
60800 10 4 0.042 0.279 0.383 0.787 0.436 27 2 36.36 14.92 0 0.78
60800 10 4 0.059 0.443 0.24 0.998 0.764 25 1 37.3 7.54 0 0.86
60800 10 4 0.049 0.474 0.471 0.98 0.077 25 6 32.46 262.28 0 0.18
60800 10 4 0.028 0.087 0.453 0.882 0.836 26 0 40.02 7.46 0 0.8
60800 10 4 0.071 0.067 0.423 0.75 0.765 37 0 47.94 9.66 0 0.7
60800 10 4 0.07 0.131 0.022 0.941 0.529 36 5 47.86 69.72 0 0.26
60800 10 4 0.061 0.359 0.486 0.89 0.529 25 0 37.66 11.36 0 0.76
60800 10 4 0.117 0.438 0.102 0.804 0.064 25 756 29.84 902.42 0 0
60800 10 4 0.02 0.237 0.352 0.773 0.378 30 0 40.68 7.86 0 0.76
60800 10 4 0.092 0.07 0.056 0.809 0.584 75 0 84.2 8.06 0 0.68
60800 10 4 0.045 0.144 0.021 0.891 0.022 25 1064 26.38 1144.74 0 0
60800 10 4 0.015 0.22 0.177 0.923 0.04 25 811 26.2 939.76 0 0
60800 10 4 0.082 0.244 0.005 0.795 0.928 32 0 45.26 11.26 0 0.58
60800 10 4 0.088 0.47 0.348 0.988 0.487 43 1 56.1 8.7 0 0.8
60800 10 4 0.062 0.006 0.289 0.772 0.338 26 0 42.34 11.38 0 0.7
60800 10 4 0.004 0.441 0.255 0.917 0.38 29 1 42.56 57.36 0 0.34
60800 10 4 0.095 0.182 0.276 0.756 0.749 25 0 35.02 10.04 0 0.64
60800 10 4 0.047 0.455 0.405 0.863 0.787 41 0 51.5 5.72 0 0.78
60800 10 4 0.087 0.04 0.112 0.944 0.531 34 0 47.5 8.64 0 0.72
60800 10 4 0.025 0.223 0.297 0.972 0.762 25 0 37.08 9.64 0 0.76
60800 10 4 0.018 0.273 0.317 0.864 0.574 58 1 67.74 9.68 0 0.58
60800 10 4 0.072 0.212 0.159 0.869 0.241 25 32 33.64 197.16 0 0
60800 10 4 0.037 0.166 0.064 0.849 0.734 44 1 56.74 16.46 0 0.56
60800 10 4 0.008 0.147 0.325 0.937 0.953 50 0 62.02 8.48 0 0.64
60800 10 4 0.002 0.036 0.164 0.973 0.258 26 0 43.44 10.52 0 0.68
60800 10 4 0.094 0.215 0.485 0.758 0.636 49 0 60.5 7.14 0 0.7
60800 10 4 0.059 0.361 0.223 0.94 0.64 56 1 61.24 12.18 0 0.62
60800 10 4 0.09 0.162 0.176 0.892 0.172 30 155 36.86 276.94 0 0
60800 10 4 0.095 0.061 0.482 0.864 0.096 47 0 58.72 9.74 0 0.68
60800 10 4 0.083 0.187 0.373 0.832 0.328 46 1 71.44 17.44 0 0.5
60800 10 4 0.039 0.485 0.29 0.957 0.312 32 1 47.88 74.82 0 0.46
60800 10 4 0.057 0.378 0.074 0.883 0.963 32 0 51.86 7.36 0 0.68
60800 10 4 0.06 0.472 0.253 0.845 0.805 25 0 37.18 10.06 0 0.82
60800 10 4 0.031 0.107 0.345 0.849 0.628 51 0 60.98 6.4 0 0.78
60800 10 4 0.051 0.362 0.374 0.755 0.538 26 0 35.3 8.28 0 0.8
60800 10 4 0.025 0.291 0.297 0.963 0.075 25 14 43.72 170.76 0 0
60800 10 4 0.063 0.263 0.069 0.973 0.292 25 8 39.18 392.44 0 0.16
60800 10 4 0.017 0.27 0.212 0.97 0.544 25 1 48.54 26.4 0 0.5
60800 10 4 0.011 0.202 0.059 0.976 0.382 33 14 49.06 121.28 0 0
60800 10 4 0.077 0.042 0.455 0.776 0.371 72 0 78.06 6.98 0 0.66
60800 10 4 0.031 0.407 0.394 0.773 0.551 26 0 42.66 11.34 0 0.66
60800 10 4 0.103 0.451 0.106 0.905 0.373 25 465 32.6 634.54 0 0
60800 10 4 0.089 0.088 0.172 0.856 0.45 25 0 36.92 11.36 0 0.76
60800 10 4 0.003 0.32 0.252 0.947 0.462 26 1 42.44 26.24 0 0.46
60800 10 4 0.088 0.191 0.459 0.811 0.049 26 10 45.54 110.96 0 0
60800 10 4 0.094 0.393 0.099 0.901 0.38 25 297 28.42 575.56 0 0
60800 10 4 0.075 0.216 0.131 0.923 0.366 28 37 40.06 126.98 0 0
60800 10 4 0.005 0.169 0.384 0.802 0.204 44 2 61.64 36.2 0 0.38
60800 10 4 0.091 0.482 0.037 0.911 0.688 60 3 69.84 21.28 0 0.38
60800 10 4 0.118 0.35 0.182 0.791 0.456 33 2 57.1 23.38 0 0.38
60800 10 4 0.095 0.209 0.133 0.853 0.499 36 0 60.9 20.76 0 0.52
60800 10 4 0.006 0.439 0.255 1 0.351 68 2 79.06 47.94 0 0.1
60800 10 4 0.116 0.004 0.053 0.945 0.689 25 0 43.52 11.36 0 0.78
60800 10 4 0.114 0.437 0.069 0.782 0.206 25 526 30.58 928.02 0 0
60800 10 4 0.109 0.462 0.272 0.836 0.555 37 0 46.92 16.78 0 0.64
60800 10 4 0.094 0.067 0.4 0.978 0.193 26 0 38.7 8.32 0 0.7
60800 10 1 0.099 0.266 0.267 0.922 0.379 46 3 63.22 44.68 0 0.4
60800 10 1 0.026 0.086 0.298 0.92 0.589 89 0 104.94 8.68 0.34 0.52
60800 10 1 0.023 0.153 0.479 0.984 0.819 100 0 108.58 8.22 0.28 0.56
60800 10 1 0.011 0.392 0.457 0.785 0.273 58 1 67.6 29.82 0 0.36
60800 10 1 0.044 0.434 0.193 0.91 0.518 40 1 52.78 34.3 0 0.36
60800 10 1 0.07 0.05 0.464 0.769 0.123 92 0 102.24 9 0.04 0.68
60800 10 1 0.008 0.266 0.284 0.978 0.798 103 1 118.7 11.88 0.9 0.36
60800 10 1 0.066 0.079 0.5 0.939 0.415 91 2 103.48 11.36 0.1 0.5
60800 10 1 0.028 0.432 0.295 0.944 0.897 86 0 103.04 12.34 0.24 0.46
60800 10 1 0.098 0.406 0.015 0.944 0.057 25 1171 26.3 1242.62 0 0
60800 10 1 0.081 0.145 0.293 0.809 0.472 104 5 109.6 13 0.18 0.28
60800 10 1 0.047 0.063 0.466 0.895 0.804 83 1 98.08 11.6 0 0.56
60800 10 1 0.054 0.104 0.293 0.898 0.223 77 1 94.72 17.6 0 0.64
60800 10 1 0.093 0.011 0.045 0.938 0.122 87 1 99.12 13.82 0 0.6
60800 10 1 0.041 0.272 0.111 0.963 0.067 25 783 26.1 1053.18 0 0
60800 10 1 0.005 0.22 0.253 0.963 0.227 32 6 45.98 80.62 0 0.28
60800 10 1 0.042 0.381 0.027 0.978 0.001 25 1173 25.98 1208.74 0 0
60800 10 1 0.089 0.04 0.013 0.878 0.588 150 0 150 0 1 1
60800 10 1 0.046 0.443 0.052 0.925 0.427 25 402 30.2 624.94 0 0
60800 10 1 0.119 0.438 0.338 0.767 0.96 71 2 89.48 10.94 0 0.76
60800 10 1 0.015 0.001 0.219 0.991 0.541 84 0 103.24 13.52 0.2 0.58
60800 10 1 0.057 0.429 0.428 0.955 0.454 64 0 82.1 14.46 0 0.62
60800 10 1 0.067 0.244 0.496 0.75 0.964 92 2 108.12 7.58 0.36 0.6
60800 10 1 0.047 0.082 0.399 0.911 0.984 99 0 108.5 12.38 0.14 0.46
60800 10 1 0.035 0.16 0.142 0.923 0.284 27 4 56.94 46.92 0 0.5
60800 10 1 0.004 0.004 0.34 0.772 0.395 83 1 97.42 13.04 0 0.58
60800 10 1 0.113 0.466 0.122 0.978 0.832 76 1 92.22 11.3 0 0.66
60800 10 1 0.008 0.239 0.007 0.766 0.873 89 2 108.8 18.8 0.56 0.44
60800 10 1 0.023 0.379 0.411 0.791 0.997 90 2 102.96 10.84 0 0.58
60800 10 1 0.022 0.132 0.348 0.974 0.466 85 1 101.46 10.36 0.26 0.72
60800 10 1 0.089 0.436 0.329 0.798 0.225 36 39 42.38 129.24 0 0
60800 10 1 0.097 0.386 0.351 0.763 0.465 68 2 91.72 22.9 0 0.4
60800 10 1 0.098 0.478 0.108 0.796 0.152 25 944 26.34 1047.84 0 0
60800 10 1 0.084 0.168 0.112 0.99 0.807 78 0 96.22 7.04 0 0.66
60800 10 1 0.025 0.054 0.413 0.999 0.383 102 1 109.4 13.7 0.16 0.32
60800 10 1 0.098 0.401 0.174 0.988 0.889 99 1 105.34 12 0 0.48
60800 10 1 0.101 0.129 0.131 0.792 0.762 75 1 94.24 12.6 0 0.66
60800 10 1 0.077 0.3 0.15 0.949 0.049 25 853 26.44 977.12 0 0
60800 10 1 0.098 0.381 0.412 0.821 0.25 51 2 58.24 58.92 0 0.24
60800 10 1 0.046 0.164 0.395 0.872 0.029 25 129 34.3 289.6 0 0
60800 10 4 0.091 0.482 0.251 0.856 0.822 25 1 45.02 9.98 0 0.72
60800 10 4 0.099 0.013 0.188 0.811 0.15 41 0 49.58 5.22 0 0.84
60800 10 4 0.024 0.28 0.304 0.881 0.548 33 0 47.86 13.82 0 0.56
60800 10 4 0.024 0.122 0.293 0.9 0.241 66 0 95 21.6 0 0.54
60800 10 4 0.005 0.037 0.32 0.974 0.823 50 0 56.04 8.76 0 0.6
60800 10 4 0.106 0.395 0.341 0.874 0.362 33 2 51.78 16.66 0 0.66
60800 10 4 0.043 0.104 0.044 0.994 0.432 27 30 34.24 116.58 0 0
60800 10 4 0.011 0.157 0.263 0.915 0.893 25 1 39 11.32 0 0.74
60800 10 4 0.02 0.229 0.193 0.782 0.546 26 0 43.8 26.9 0 0.64
60800 10 4 0.102 0.446 0.387 0.78 0.915 42 0 49.9 7.26 0 0.74
60800 10 4 0.011 0.255 0.161 0.806 0.608 54 0 72.42 16.18 0 0.46
60800 10 4 0.042 0.465 0.498 0.922 0.323 39 1 48.22 23.38 0 0.34
60800 10 4 0.065 0.435 0.188 0.841 0.589 26 0 40.7 22.64 0 0.7
60800 10 4 0.038 0.372 0.086 0.983 0.543 28 4 46.04 106.02 0 0.26
60800 10 4 0.067 0.039 0.155 0.892 0.273 25 0 37.5 7.16 0 0.76
60800 10 4 0.116 0.266 0.252 0.942 0.573 65 2 71.6 15.48 0 0.42
60800 10 4 0.082 0.476 0.277 0.857 0.57 45 0 53.46 18.22 0 0.66
60800 10 4 0.081 0.317 0.222 0.923 0.266 27 58 37.44 177.98 0 0
60800 10 4 0.041 0.081 0.25 0.932 0.464 25 0 35.6 9.16 0 0.84
60800 10 4 0.029 0.346 0.415 0.796 0.087 25 3 41 110.62 0 0.52
60800 10 4 0.068 0.403 0.021 0.971 0.723 38 2 55.3 22.62 0 0.52
60800 10 4 0.032 0.356 0.277 0.879 0.807 38 1 51.88 11.86 0 0.68
60800 10 4 0.094 0.2 0.335 0.987 0.801 50 0 64.08 7.26 0 0.68
60800 10 4 0.025 0.051 0.249 0.913 0.588 26 0 41.54 9.98 0 0.72
60800 10 4 0.116 0.056 0.355 0.834 0.086 25 0 36.2 16.48 0 0.64
60800 10 4 0.037 0.318 0.446 0.97 0.317 70 0 74.82 18.74 0 0.28
60800 10 4 0.085 0.011 0.019 0.942 0.337 32 0 48.34 9.62 0 0.7
60800 10 4 0.008 0.351 0.469 0.939 0.923 25 0 38.22 14.7 0 0.72
60800 10 4 0.055 0.194 0.154 0.988 0.727 30 0 47.68 13.66 0 0.66
60800 10 4 0.021 0.393 0.398 0.985 0.91 25 1 35.58 5.5 0 0.82
60800 10 4 0.116 0.138 0.057 0.762 0.231 25 645 29.16 734.94 0 0
60800 10 4 0.073 0.123 0.194 0.956 0.441 42 1 53.58 6.3 0 0.76
60800 10 4 0.074 0.149 0.428 0.914 0.258 48 0 57.76 3.6 0 0.86
60800 10 4 0.083 0.29 0.078 0.799 0.583 66 3 72.16 20.86 0 0.24
60800 10 4 0.016 0.079 0.374 0.871 0.6 48 0 60.52 6.12 0 0.74
60800 10 4 0.038 0.087 0.15 0.853 0.567 62 3 70.84 10.04 0 0.68
60800 10 4 0.114 0.206 0.483 0.878 0.253 25 0 43.08 9.82 0 0.68
60800 10 4 0.063 0.052 0.068 0.938 0.224 28 39 39.82 142.66 0 0
60800 10 4 0.072 0.467 0.131 0.993 0.293 25 441 29.66 612.02 0 0
60800 10 4 0.089 0.083 0.311 0.953 0.241 25 0 39.16 9.98 0 0.7
60800 10 4 0.117 0.011 0.487 0.81 0.37 25 0 39.12 9.32 0 0.76
60800 10 4 0.086 0.018 0.097 0.773 0.716 28 1 39.54 6.92 0 0.78
60800 10 4 0.05 0.152 0.077 0.954 0.954 52 0 60.78 4.58 0 0.82
60800 10 4 0.075 0.212 0.45 0.946 0.795 25 1 35.24 11.64 0 0.76
60800 10 4 0.051 0.334 0.057 0.888 0.057 25 1111 26.34 1149.4 0 0
60800 10 4 0.089 0.272 0.053 0.919 0.659 59 1 66.24 16.94 0 0.42
60800 10 4 0.068 0.024 0.27 0.964 0.657 25 1 36.52 8.94 0 0.76
60800 10 4 0.083 0.125 0.164 0.917 0.712 55 0 63.02 7.02 0 0.72
60800 10 4 0.116 0.096 0.253 0.887 0.407 26 0 40.68 9.22 0 0.72
60800 10 4 0.098 0.161 0.239 0.866 0.417 73 1 76.2 8.04 0 0.66
60800 10 4 0.047 0.213 0.329 0.835 0.35 47 2 58.48 36.58 0 0.24
60800 10 4 0.019 0.421 0.052 0.827 0.551 29 9 45.64 133.76 0 0.32
60800 10 4 0.027 0.423 0.151 0.965 0.803 52 0 63.44 8.04 0 0.68
60800 10 4 0.049 0.467 0.128 0.895 0.478 25 5 38.42 186.88 0 0.3
60800 10 4 0.098 0.363 0.059 0.906 0.954 25 0 34.64 10.24 0 0.8
60800 10 4 0.046 0.264 0.342 0.847 0.403 25 0 32.8 18.38 0 0.64
60800 10 4 0.047 0.428 0.052 0.921 0.595 37 1 45.34 41.68 0 0.48
60800 10 4 0.015 0.478 0.156 0.9 0.688 47 0 65.52 14.12 0 0.6
60800 10 4 0.069 0.408 0.158 0.751 0.354 25 4 48.76 168.34 0 0.3
60800 10 4 0.04 0.327 0.317 0.819 0.129 25 2 50.84 188.16 0 0.34
60800 10 4 0.067 0.31 0.005 0.911 0.143 25 1074 26.28 1141.14 0 0
60800 10 4 0.116 0.41 0.498 0.771 0.554 25 0 33.98 10.12 0 0.84
60800 10 4 0.056 0.059 0.225 0.848 0.744 34 1 44.4 10.3 0 0.78
60800 10 4 0.025 0.215 0.398 0.97 0.834 27 1 40.3 12.54 0 0.66
60800 10 4 0.068 0.127 0.308 0.881 0.011 25 799 26.28 986.9 0 0
60800 10 4 0.011 0.086 0.119 0.804 0.409 45 0 58.74 13.22 0 0.54
60800 10 4 0.111 0.113 0.258 0.979 0.632 26 1 40.58 12.5 0 0.76
60800 10 4 0.087 0.481 0.484 0.834 0.178 46 6 53.66 54.96 0 0.06
60800 10 4 0.107 0.385 0.468 0.8 0.591 28 0 40.92 10.5 0 0.7
60800 10 4 0.037 0.488 0.477 0.96 0.161 26 3 37.36 69.56 0 0.68
60800 10 4 0.085 0.047 0.412 0.953 0.307 28 0 39.02 8.24 0 0.66
60800 10 4 0.056 0.291 0.319 0.937 0.913 38 1 44.32 8.98 0 0.74
60800 10 4 0.115 0.319 0.179 0.773 0.168 25 1076 26.28 1136.4 0 0
60800 10 4 0.022 0.093 0.427 0.832 0.729 25 0 38.34 7.68 0 0.78
60800 10 4 0.057 0.173 0.441 0.915 0.567 25 0 39.96 10.02 0 0.76
60800 10 4 0.047 0.372 0.258 0.852 0.4 34 1 45.12 43.14 0 0.52
60800 10 4 0.036 0.301 0.154 0.936 0.001 25 1040 26.46 1101.44 0 0
60800 10 4 0.1 0.235 0.051 0.914 0.663 58 0 66 10.94 0 0.62
60800 10 4 0.111 0.447 0.186 0.944 0.761 65 0 75.62 8 0 0.66
60800 10 4 0.025 0.408 0.431 0.974 0.162 33 1 47.02 46.1 0 0.3
60800 10 4 0.071 0.357 0.015 0.94 0.638 35 3 48.06 38.74 0 0.44
60800 10 4 0.076 0.352 0.181 0.99 0.363 33 7 42.54 121.1 0 0.04
60800 10 4 0.013 0.318 0.336 0.8 0.421 26 0 40.96 29.42 0 0.72
60800 10 4 0.02 0.012 0.099 0.988 0.386 34 0 45.14 6.62 0 0.78
60800 10 4 0.099 0.301 0.49 0.841 0.833 25 0 36.38 10.98 0 0.7
60800 10 4 0.039 0.43 0.291 0.937 0.601 32 1 50.36 14.04 0 0.52
60800 10 4 0.05 0.237 0.321 0.989 0.955 25 0 35.14 9.64 0 0.76
60800 10 4 0.051 0.143 0.026 0.952 0.808 57 0 69.86 11.06 0 0.64
60800 10 4 0.058 0.266 0.315 0.828 0.82 26 0 37.52 10.88 0 0.68
60800 10 4 0.078 0.122 0.486 0.913 0.821 25 0 35.12 6.22 0 0.82
60800 10 4 0.068 0.459 0.202 0.876 0.998 25 0 38.74 11.8 0 0.74
60800 10 4 0.017 0.029 0.229 0.865 0.164 25 0 47.18 6.54 0 0.74
60800 10 4 0.048 0.076 0.082 0.82 0.311 34 4 44.24 58.08 0 0.34
60800 10 4 0.074 0.086 0.123 0.842 0.985 25 0 37.62 10.1 0 0.74
60800 10 4 0.005 0.291 0.085 0.803 0.418 26 2 43.74 64.68 0 0.42
60800 10 4 0.076 0.094 0.172 0.763 0.983 26 2 39.62 7.88 0 0.82
60800 10 4 0.043 0.113 0.151 0.804 0.2 26 4 39.26 165.24 0 0.3
60800 10 4 0.011 0.136 0.247 0.913 0.395 69 1 77.5 17.04 0 0.42
60800 10 4 0.005 0.038 0.219 0.799 0.604 25 0 42.16 9.72 0 0.74
60800 10 4 0.044 0.062 0.247 0.964 0.356 46 0 56.48 8.5 0 0.62
60800 10 4 0.114 0.226 0.422 0.813 0.675 25 1 38.42 10.58 0 0.76
60800 10 4 0.03 0.438 0.325 0.836 0.155 29 23 36.7 150.06 0 0
60800 10 4 0.015 0.048 0.294 0.978 0.872 49 0 59.1 7.84 0 0.74
60800 10 4 0.051 0.216 0.255 0.985 0.676 25 1 39.4 10.54 0 0.7
60800 10 4 0.043 0.409 0.102 0.837 0.033 25 1012 26.34 1119.76 0 0
60800 10 4 0.073 0.05 0.35 0.947 0.111 70 0 79.34 9.54 0 0.64
60800 10 4 0.108 0.402 0.017 0.854 0.755 83 0 91.78 13.1 0 0.48
60800 10 4 0.08 0.183 0.416 0.811 0.844 25 0 36.7 6.16 0 0.8
60800 10 4 0.112 0.282 0.424 0.886 0.223 71 1 81.82 22.92 0 0.32
60800 10 4 0.022 0.035 0.32 0.928 0.974 28 0 39.64 6.34 0 0.8
60800 10 4 0.062 0.048 0.246 0.898 0.848 25 0 34.72 6.8 0 0.82
60800 10 4 0.119 0.414 0.171 0.889 0.29 25 7 41.28 236.02 0 0.12
60800 10 4 0.056 0.106 0.499 0.923 0.515 45 1 54.28 9.96 0 0.74
60800 10 4 0.022 0.446 0.155 0.952 0.322 25 10 46.74 156.52 0 0
60800 10 4 0.019 0.025 0.281 0.983 0.676 46 0 57.34 7.46 0 0.7
60800 10 4 0.09 0.312 0.433 0.774 0.658 25 0 40.22 10.9 0 0.72
60800 10 4 0.048 0.303 0.34 0.768 0.994 64 0 73.12 7.46 0 0.68
60800 10 4 0.046 0.471 0.119 0.863 0.34 33 131 41.98 220.48 0 0
60800 10 4 0.104 0.043 0.077 0.756 0.865 26 0 43.66 6.82 0 0.68
60800 10 4 0.113 0.317 0.118 0.942 0.879 26 0 42.12 10.78 0 0.68
60800 10 4 0.027 0.266 0.288 0.986 0.476 52 4 56.72 16.38 0 0.66
60800 10 4 0.118 0.055 0.139 0.937 0.086 28 146 33 198.54 0 0
60800 10 4 0.102 0.178 0.024 0.775 0.746 68 2 79.58 11.06 0 0.64
60800 10 4 0.025 0.358 0.467 0.879 0.684 27 0 38.08 9.54 0 0.7
60800 10 4 0.019 0.438 0.268 0.895 0.899 25 1 33.98 11.68 0 0.8
60800 10 4 0.11 0.241 0.222 0.998 0.453 57 2 72.58 14.94 0 0.5
60800 10 4 0.018 0.08 0.251 0.864 0.057 26 3 46.8 90.58 0 0.3
60800 10 4 0.105 0.225 0.228 0.998 0.806 47 1 55.74 8.6 0 0.72
60800 10 4 0.12 0.405 0.263 0.932 0.837 27 0 36.2 10.3 0 0.76
60800 10 4 0.065 0.439 0.45 0.944 0.546 25 0 39.78 10.3 0 0.78
60800 10 4 0.072 0.228 0.14 0.978 0.006 25 783 28.76 900.78 0 0
60800 10 4 0.105 0.148 0.358 0.855 0.391 45 0 55.14 7.34 0 0.74
60800 10 4 0.08 0.23 0.449 0.98 0.441 43 1 55.56 7.28 0 0.72
60800 10 4 0.101 0.445 0.108 0.987 0.232 25 133 35.52 434.68 0 0
60800 10 4 0.036 0.356 0.076 0.773 0.315 25 271 33.84 511.08 0 0
60800 10 4 0.104 0.324 0.361 0.852 0.389 48 0 68.9 21.84 0 0.5
60800 10 4 0.042 0.412 0.233 0.801 0.933 27 0 41.04 8.34 0 0.78
60800 10 4 0.074 0.203 0.006 0.959 0.642 41 1 57.92 29.24 0 0.42
60800 10 4 0.093 0.189 0.319 0.767 0.79 25 0 38.22 8.48 0 0.82
60800 10 4 0.055 0.182 0.222 0.952 0.308 28 1 45.42 35.02 0 0.66
60800 10 4 0.074 0.395 0.032 0.956 0.189 25 979 26.24 1027.22 0 0
60800 10 4 0.051 0.099 0.3 0.844 0.096 43 4 54.02 100.48 0 0.12
60800 10 4 0.056 0.172 0.12 0.902 0.081 25 775 26.06 990.56 0 0
60800 10 4 0.101 0.035 0.133 0.97 0.189 47 0 67.16 7.56 0 0.7
60800 10 4 0.1 0.021 0.395 0.905 0.084 26 0 38.82 8.04 0 0.76
60800 10 4 0.011 0.065 0.271 0.826 0.099 35 4 48.76 63.38 0 0.1
60800 10 4 0.001 0.438 0.015 0.879 0.278 25 803 26.66 1044.16 0 0
60800 10 4 0.083 0.359 0.335 0.961 0.172 25 5 38.64 194.34 0 0.28
60800 10 4 0.07 0.312 0.029 0.767 0.953 28 0 37.52 9.42 0 0.7
60800 10 4 0.051 0.393 0.268 0.989 0.796 82 1 89.66 8.76 0 0.6
60800 10 4 0.029 0.29 0.04 0.947 0.293 25 598 27.3 879.44 0 0
60800 10 4 0.053 0.366 0.228 0.992 0.561 47 1 59.58 12.98 0 0.66
60800 10 4 0.035 0.371 0.064 0.976 0.042 25 999 26.4 1038.42 0 0
60800 10 4 0.104 0.086 0.023 0.906 0.348 31 72 42.14 148.68 0 0
60800 10 4 0.115 0.365 0.273 0.996 0.126 25 364 30.84 597.72 0 0
60800 10 4 0.062 0.3 0.194 0.863 0.136 25 583 28.18 659.64 0 0
60800 10 4 0.045 0.091 0.167 0.965 0.511 44 1 52.02 7.74 0 0.76
60800 10 4 0.075 0.268 0.007 0.893 0.083 25 1172 26.26 1213.8 0 0
60800 10 4 0.042 0.388 0.194 0.869 0.075 25 913 26.34 988.1 0 0
60800 10 4 0.051 0.106 0.405 0.846 0.679 25 1 39.32 11.78 0 0.74
60800 10 4 0.072 0.363 0.457 0.993 0.075 27 50 35.8 171.34 0 0
60800 10 4 0.072 0.431 0.342 0.888 0.491 27 2 52.36 22.36 0 0.6
60800 10 4 0.111 0.375 0.46 0.815 0.217 37 1 51.96 48.46 0 0.58
60800 10 4 0.111 0.195 0.477 0.937 0.412 25 0 35.28 11.26 0 0.8
60800 10 4 0.043 0.369 0.25 0.864 0.885 43 1 56.8 9.46 0 0.64
60800 10 4 0.075 0.376 0.498 0.964 0.744 25 0 35.74 7.08 0 0.84
60800 10 4 0.04 0.115 0.168 0.918 0.183 25 8 38.58 145.72 0 0.02
60800 10 4 0.09 0.07 0.475 0.831 0.175 39 0 49.68 8.2 0 0.76
60800 10 4 0.11 0.242 0.383 0.755 0.759 26 1 36.56 9.96 0 0.76
60800 10 4 0.014 0.078 0.297 0.929 0.453 42 0 55.14 8.64 0 0.68
60800 10 4 0.06 0.073 0.166 0.773 0.645 25 0 42.36 11.44 0 0.74
60800 10 4 0.013 0.124 0.377 0.795 0.728 27 0 39.12 6.44 0 0.82
60800 10 4 0.094 0.154 0.228 0.899 0.708 26 1 39.6 12.72 0 0.8
60800 10 4 0.015 0.307 0.438 0.845 0.746 26 0 38.98 5.94 0 0.82
60800 10 4 0.085 0.247 0.079 0.8 0.365 26 308 33.68 427.88 0 0
60800 10 4 0.095 0.292 0.174 0.928 0.326 26 12 42.28 182.94 0 0
60800 10 4 0.02 0.45 0.205 0.764 0.301 31 34 40.84 123.32 0 0
60800 10 4 0.084 0.186 0.097 0.888 0.385 31 98 39.6 142.32 0 0
60800 10 4 0.108 0.088 0.277 0.951 0.18 49 0 67.22 10.18 0 0.6
60800 10 4 0.117 0.026 0.246 0.863 0.749 25 1 34.14 7.7 0 0.78
60800 10 4 0.079 0.189 0.202 0.788 0.705 44 1 57.32 9.92 0 0.72
60800 10 4 0.105 0.142 0.126 0.794 0.175 25 237 31.34 421.72 0 0
60800 10 4 0.102 0.312 0.436 0.764 0.696 42 0 53.36 9.22 0 0.76
60800 10 4 0.069 0.261 0.039 0.765 0.47 27 240 33.94 383.92 0 0
60800 10 4 0.002 0.387 0.164 0.947 0.262 30 3 46.26 148.88 0 0.06
60800 10 4 0.012 0.031 0.324 0.888 0.436 55 0 66.52 7.16 0 0.66
60800 10 4 0.003 0.166 0.438 0.893 0.703 26 0 46.08 10.16 0 0.64
60800 10 4 0.111 0.255 0.115 0.789 0.858 25 0 39.26 9.66 0 0.74
60800 10 4 0.033 0.415 0.125 0.941 0.528 32 3 40.96 69.12 0 0.08
60800 10 4 0.072 0.053 0.009 0.853 0.145 25 1003 26.2 1059.92 0 0
60800 10 4 0.108 0.304 0.43 0.928 0.307 61 2 67 24.74 0 0.18
60800 10 4 0.093 0.363 0.029 0.822 0.765 32 0 43.52 17.88 0 0.64
60800 10 4 0.113 0.444 0.27 0.967 0.58 55 2 64.28 13.24 0 0.58
60800 10 4 0.114 0.492 0.148 0.951 0.294 25 660 27.76 863.4 0 0
60800 10 4 0.043 0.191 0.013 0.912 0.741 62 0 72.24 17.7 0 0.42
60800 10 4 0.025 0.221 0.409 0.824 0.391 62 0 67.88 10.02 0 0.66
60800 10 4 0.058 0.389 0.051 0.801 0.679 35 2 50.7 14.02 0 0.62
60800 10 4 0.118 0.243 0.211 0.99 0.267 32 3 49.3 51.8 0 0.32
60800 10 4 0.051 0.052 0.042 0.877 0.712 50 1 61.06 9 0 0.66
60800 10 4 0.019 0.271 0.44 0.958 0.297 43 0 63.62 19.02 0 0.44
60800 10 4 0.064 0.216 0.03 0.893 0.779 31 1 41.5 14.74 0 0.66
60800 10 4 0.051 0.283 0.418 0.796 0.95 56 1 61 8.82 0 0.66
60800 10 4 0.031 0.449 0.034 0.965 0.025 25 1205 26.4 1237.66 0 0
60800 10 4 0.12 0.116 0.07 0.883 0.928 55 1 62.36 9.56 0 0.72
60800 10 4 0.109 0.023 0.176 0.942 0.092 53 1 61.2 11.26 0 0.54
60800 10 4 0.06 0.035 0.318 0.902 0.23 26 0 37.04 9 0 0.74
60800 10 4 0.02 0.43 0.216 0.898 0.143 25 5 39.5 241.1 0 0.14
60800 10 4 0.093 0.435 0.352 0.79 0.333 35 12 45.2 62.68 0 0
60800 10 4 0.101 0.341 0.346 0.879 0.299 39 4 62.52 28.24 0 0.54
60800 10 4 0.011 0.073 0.087 0.76 0.506 62 1 73.64 26.82 0 0.34
60800 10 4 0.016 0.144 0.175 0.911 0.124 25 1 38.72 187.9 0 0.52
60800 10 4 0.011 0.296 0.395 0.882 0.362 65 0 74.72 13.42 0 0.48
60800 10 4 0.092 0.209 0.198 1 0.901 27 2 43.08 12.8 0 0.7
60800 10 4 0.04 0.084 0.26 0.876 0.302 25 0 35.9 10.22 0 0.78
60800 10 4 0.004 0.034 0.156 0.842 0.529 25 1 37 7.1 0 0.84
60800 10 4 0.094 0.268 0.297 0.845 0.034 25 435 26.82 856.48 0 0
60800 10 4 0.075 0.362 0.221 0.994 0.672 40 0 49.74 13.06 0 0.56
60800 10 4 0.049 0.336 0.406 0.788 0.819 25 0 37.7 10.42 0 0.72
60800 10 4 0.064 0.112 0.054 0.868 0.933 25 0 41.16 10.68 0 0.66
60800 10 4 0.079 0.498 0.49 0.892 0.956 34 0 43.28 12 0 0.74
60800 10 4 0.087 0.285 0.253 0.949 0.8 25 0 37.5 10.2 0 0.7
60800 10 4 0.094 0.111 0.299 0.904 0.639 51 0 60.68 6.9 0 0.78
60800 10 4 0.059 0.073 0.015 0.948 0.954 38 0 46.7 7.78 0 0.7
60800 10 4 0.051 0.104 0.33 0.985 0.531 54 1 65.68 8.76 0 0.7
60800 10 4 0.052 0.055 0.301 0.923 0.305 25 1 32.78 7.5 0 0.86
60800 10 4 0.085 0.295 0.162 0.753 0.854 26 0 36.54 4.28 0 0.84
60800 10 4 0.103 0.308 0.296 0.886 0.977 30 1 42.94 11.24 0 0.72
60800 10 4 0.011 0.264 0.116 0.796 0.022 25 700 29.36 944.02 0 0
60800 10 4 0.06 0.442 0.334 0.892 0.733 25 0 44.84 10.86 0 0.8
60800 10 4 0.056 0.166 0.376 0.898 0.124 49 4 58.74 78.82 0 0.04
60800 10 4 0.088 0.158 0.172 0.968 0.274 32 21 41.58 102.58 0 0
60800 10 4 0.091 0.283 0.242 0.856 0.765 29 0 41.34 9.58 0 0.72
60800 10 4 0.022 0.075 0.016 0.79 0.876 63 1 71.62 7.14 0 0.7
60800 10 4 0.098 0.395 0.106 0.86 0.59 43 3 57.44 31.18 0 0.46
60800 10 4 0.068 0.244 0.144 0.845 0.225 28 99 36.52 323.74 0 0
60800 10 4 0.111 0.295 0.494 0.867 0.113 28 6 47.52 63.4 0 0.42
60800 10 4 0.094 0.245 0.477 0.968 0.085 26 10 39.08 135.66 0 0
60800 10 4 0.109 0.188 0.408 0.756 0.775 60 0 64.68 6.06 0 0.78
60800 10 4 0.003 0.122 0.431 0.907 0.239 36 1 47.78 5.82 0 0.78
60800 10 4 0.074 0.088 0.442 0.924 0.858 26 0 36.66 10.3 0 0.84
60800 10 4 0.047 0.286 0.421 0.912 0.182 42 3 52.12 33.3 0 0.34
60800 10 4 0.059 0.011 0.387 0.792 0.4 26 1 39.06 10.02 0 0.66
60800 10 4 0.011 0.049 0.392 0.97 0.303 25 1 42.34 8.82 0 0.76
60800 10 4 0.07 0.063 0.264 0.785 0.401 46 0 53.24 7.84 0 0.76
60800 10 4 0.038 0.087 0.493 0.942 0.374 34 0 44.12 5.64 0 0.8
60800 10 4 0.082 0.351 0.22 0.834 0.046 25 866 26.16 1067.3 0 0
60800 10 4 0.041 0.429 0.109 0.896 0.847 41 0 54.14 9.54 0 0.64
60800 10 4 0.028 0.452 0.445 0.759 0.127 25 2 45.88 65.32 0 0.7
60800 10 4 0.049 0.475 0.266 0.933 0.381 37 4 46.86 63.9 0 0.2
60800 10 4 0.052 0.151 0.234 0.934 0.756 37 0 47.06 8.2 0 0.68
60800 10 4 0.02 0.225 0.132 0.823 0.924 25 1 39.64 11.32 0 0.7
60800 10 4 0.091 0.464 0.461 0.971 0.002 25 649 28.3 923.18 0 0
60800 10 4 0.096 0.051 0.108 0.806 0.627 38 1 51.04 8.02 0 0.7
60800 10 4 0.079 0.12 0.382 0.891 0.059 26 4 41.76 139.14 0 0.2
60800 10 4 0.094 0.448 0.347 0.886 0.702 45 2 55.5 12.68 0 0.66
60800 10 4 0.029 0.268 0.305 0.802 0.397 61 4 76.4 17.96 0 0.42
60800 10 4 0.114 0.171 0.258 0.996 0.872 26 0 39.3 9.22 0 0.76
60800 10 4 0.029 0.218 0.497 0.928 0.175 38 1 50.94 13.74 0 0.7
60800 10 4 0.082 0.446 0.268 0.768 0.295 25 4 36.94 181.18 0 0.28
60800 10 4 0.004 0.472 0.35 0.917 0.504 40 1 52.16 12.96 0 0.66
60800 10 4 0.114 0.064 0.235 0.86 0.661 60 0 68.2 8.58 0 0.66
60800 10 4 0.039 0.316 0.384 0.8 0.485 59 0 64.86 9.1 0 0.52
60800 10 4 0.047 0.151 0.067 0.833 0.303 27 193 35.94 302 0 0
60800 10 4 0.098 0.074 0.333 0.767 0.217 28 0 46.28 9.02 0 0.74
60800 10 4 0.113 0.323 0.25 0.914 0.704 43 0 52.8 8.56 0 0.68
60800 10 4 0.06 0.443 0.248 0.79 0.096 25 171 36.26 451.98 0 0
60800 10 4 0.024 0.232 0.328 0.883 0.916 40 0 52.2 8.02 0 0.74
60800 10 4 0.088 0.431 0.167 0.811 0.66 54 0 62.44 14.92 0 0.58
60800 10 4 0.006 0.335 0.373 0.841 0.188 36 1 56.78 30.38 0 0.44
60800 10 4 0.029 0.195 0.231 0.906 0.662 25 0 39.9 7.56 0 0.78
60800 10 4 0.102 0.129 0.486 0.765 0.854 40 0 47.44 8.98 0 0.76
60800 10 4 0.087 0.177 0.27 0.87 0.797 25 2 37.4 10.6 0 0.76
60800 10 4 0.019 0.035 0.252 0.828 0.19 25 1 38.8 11.22 0 0.76
60800 10 4 0.064 0.169 0.418 0.955 0.913 53 1 59.72 7.22 0 0.72
60800 10 4 0.033 0.296 0.204 0.898 0.787 53 1 63.4 7.88 0 0.8
60800 10 4 0.063 0.133 0.078 0.767 0.555 40 0 51.84 22.92 0 0.48
60800 10 4 0.055 0.221 0.151 0.91 0.935 25 1 35.68 5.62 0 0.84
60800 10 4 0.106 0.012 0.416 0.823 0.93 25 0 35.48 9.86 0 0.74
60800 10 4 0.002 0.285 0.25 0.825 0.305 44 2 58.82 52.58 0 0.24
60800 10 4 0.102 0.131 0.33 0.912 0.989 26 0 39.68 8.7 0 0.76
60800 10 4 0.006 0.399 0.308 0.777 0.731 51 0 62.84 7.64 0 0.64
60800 10 4 0.071 0.073 0.152 0.807 0.405 27 0 40.78 9.72 0 0.66
60800 10 4 0.062 0.277 0.091 0.764 0.725 68 2 77.36 12.76 0 0.44
60800 10 4 0.008 0.23 0.448 0.916 0.527 25 1 40.14 11.52 0 0.76
60800 10 4 0.084 0.159 0.26 0.85 0.043 25 531 28.08 756 0 0
60800 10 4 0.083 0.357 0.07 0.856 0.843 40 0 51.84 7.68 0 0.7
60800 10 4 0.045 0.29 0.239 0.867 0.721 45 0 51.06 7.98 0 0.78
60800 10 4 0.083 0.256 0.404 0.816 0.846 25 0 36.8 8.1 0 0.8
60800 10 4 0.054 0.254 0.486 0.783 0.062 25 18 36.54 202.66 0 0
60800 10 4 0.104 0.406 0.32 0.751 0.261 32 3 44.28 77.84 0 0.34
60800 10 4 0.014 0.125 0.474 0.942 0.787 25 0 32.16 8.94 0 0.78
60800 10 4 0.057 0.223 0.047 0.98 0.434 28 254 32.78 362.58 0 0
60800 10 4 0.075 0.273 0.155 0.853 0.438 28 4 39.12 132.48 0 0.18
60800 10 4 0.083 0.292 0.28 0.794 0.979 27 0 41.98 8.16 0 0.76
60800 10 4 0.082 0.199 0.365 0.771 0.136 28 3 45.04 108.8 0 0.4
60800 10 4 0.074 0.032 0.062 0.985 0.364 50 0 61.74 9.48 0 0.72
60800 10 4 0.019 0.346 0.168 0.913 0.031 25 529 30.78 602.48 0 0
60800 10 4 0.052 0.348 0.494 0.772 0.869 27 1 38.84 9.94 0 0.84
60800 10 4 0.032 0.07 0.286 0.904 0.644 55 1 66.06 6.04 0 0.78
60800 10 4 0.102 0.238 0.107 0.769 0.231 25 617 30.42 725.02 0 0
60800 10 4 0.056 0.394 0.118 0.808 0.055 25 1050 26.08 1072.12 0 0
60800 10 4 0.099 0.32 0.087 0.846 0.316 25 248 31.46 467.92 0 0
60800 10 4 0.044 0.418 0.113 0.854 0.898 45 0 54.82 8.24 0 0.7
60800 10 4 0.071 0.405 0.006 0.875 0.013 25 1069 26.2 1128.78 0 0
60800 10 4 0.038 0.114 0.259 0.871 0.034 25 385 28.36 538.34 0 0
60800 10 4 0.002 0.366 0.32 0.955 0.355 32 0 50.44 25.02 0 0.6
60800 10 4 0.025 0.025 0.391 0.941 0.636 25 0 40.46 10.48 0 0.74
60800 10 4 0.036 0.465 0.247 0.955 0.466 37 3 53.76 22.28 0 0.38
60800 10 4 0.035 0.336 0.265 0.883 0.202 25 72 38.68 162 0 0
60800 10 4 0.041 0.34 0.078 0.938 0.508 26 6 38.64 176.6 0 0.2
60800 10 4 0.035 0.088 0.476 0.894 0.962 25 0 35.54 8.22 0 0.78
60800 10 4 0.061 0.261 0.295 0.96 0.283 35 0 50.02 62.68 0 0.34
60800 10 4 0.064 0.28 0.498 0.973 0.139 28 2 39.74 27.7 0 0.5
60800 10 4 0.038 0.027 0.089 0.876 0.359 25 1 40.78 12.62 0 0.76
60800 10 4 0.006 0.329 0.226 0.944 0.6 52 0 64.72 8.68 0 0.64
60800 10 4 0.007 0.12 0.497 0.844 0.035 30 3 44.8 105.1 0 0.12
60800 10 4 0.005 0.317 0.455 0.815 0.298 56 0 66.48 18.6 0 0.32
60800 10 4 0.076 0.23 0.453 0.802 0.659 43 0 52.62 4.24 0 0.78
60800 10 4 0.023 0.491 0.254 0.818 0.607 55 0 68.52 13.04 0 0.56
60800 10 4 0.118 0.085 0.419 0.83 0.815 56 1 62.36 10.5 0 0.76
60800 10 4 0.002 0.344 0.363 0.79 0.017 25 10 35 297.4 0 0
60800 10 4 0.004 0.129 0.322 0.933 0.032 25 3 40.56 169.82 0 0.18
60800 10 4 0.037 0.084 0.308 0.869 0.349 40 1 57.72 10.82 0 0.7
60800 10 4 0.083 0.28 0.333 0.923 0.3 56 3 69.66 42.56 0 0.04
60800 10 4 0.118 0.443 0.074 0.787 0.336 25 387 33.26 546.96 0 0
60800 10 4 0.118 0.206 0.261 0.882 0.035 25 1010 26.58 1079.04 0 0
60800 10 4 0.014 0.096 0.308 0.89 0.865 25 0 39.96 10.66 0 0.72
60800 10 4 0.054 0.229 0.385 0.782 0.969 25 0 34.86 10.72 0 0.78
60800 10 4 0.022 0.258 0.493 0.816 0.581 58 0 63.42 5.92 0 0.8
60800 10 4 0.025 0.338 0.408 0.989 0.987 25 0 36.66 8.62 0 0.82
60800 10 4 0.039 0.48 0.215 0.897 0.248 25 2 38.74 159.6 0 0.18
60800 10 4 0.074 0.479 0.15 0.967 0.687 60 0 64.44 10.42 0 0.5
60800 10 4 0.11 0.464 0.067 0.81 0.04 25 664 28.38 850.96 0 0
60800 10 4 0.016 0.104 0.374 0.76 0.506 52 0 56.02 8.08 0 0.7
60800 10 4 0.084 0.348 0.014 0.913 0.229 25 593 28.34 891.42 0 0
60800 10 4 0.025 0.424 0.383 0.854 0.143 36 19 47.3 148.02 0 0
60800 10 4 0.008 0.318 0.17 0.913 0.104 25 4 34.78 297.08 0 0.16
60800 10 4 0.031 0.157 0.254 0.964 0.232 32 0 47.44 33.92 0 0.36
60800 10 4 0.118 0.105 0.203 0.779 0.69 28 3 45.88 13.36 0 0.72
60800 10 4 0.09 0.389 0.083 0.845 0.082 25 994 26.5 1085.3 0 0
60800 10 4 0.017 0.117 0.03 0.923 0.796 46 0 61.1 15.58 0 0.58
60800 10 4 0.018 0.297 0.025 0.865 0.535 25 407 28.18 611.48 0 0
60800 10 4 0.101 0.023 0.155 0.825 0.215 25 0 34.28 6.18 0 0.82
60800 10 4 0.112 0.263 0.069 0.997 0.407 25 152 30.82 450.48 0 0
60800 10 4 0.02 0.093 0.373 0.948 0.256 58 2 64.64 13.4 0 0.6
60800 10 4 0.027 0.24 0.383 0.854 0.967 42 1 52.6 6.06 0 0.86
60800 10 4 0.105 0.36 0.5 0.876 0.328 53 2 65.34 7.54 0 0.76
60800 10 4 0.092 0.125 0.353 0.872 0.245 51 1 58.98 13.78 0 0.58
60800 10 4 0.003 0.363 0.416 0.922 0.677 25 1 33.34 12.22 0 0.74
60800 10 4 0.066 0.184 0.205 0.824 0.082 25 452 35.28 618.38 0 0
60800 10 4 0.064 0.438 0.335 0.827 0.076 26 34 37.26 251.16 0 0
60800 10 4 0.036 0.293 0.452 0.967 0.186 42 3 51.52 52.16 0 0.02
60800 10 4 0.021 0.043 0.256 0.855 0.759 64 0 70.44 3.48 0 0.88
60800 10 4 0.094 0.238 0.167 0.83 0.785 25 0 38.74 5.62 0 0.84
60800 10 4 0.033 0.071 0.402 0.997 0.133 25 0 42.32 14.2 0 0.68
60800 10 4 0.086 0.403 0.13 0.882 0.323 25 106 33.36 415.38 0 0
60800 10 4 0.095 0.203 0.283 0.767 0.382 52 2 64.98 13.96 0 0.58
60800 10 4 0.097 0.274 0.418 0.961 0.742 33 0 47.46 6.8 0 0.74
60800 10 4 0.1 0.411 0.158 0.909 0.237 25 145 32.58 647.76 0 0
60800 10 4 0.062 0.216 0.184 0.965 0.867 31 0 45.28 8.74 0 0.66
60800 10 4 0.043 0.444 0.107 0.883 0.108 25 1036 26.2 1093.36 0 0
60800 10 4 0.066 0.32 0.351 0.859 0.296 35 2 47.7 72.28 0 0.14
60800 10 4 0.094 0.272 0.281 0.851 0.48 65 0 77.32 17.26 0 0.4
60800 10 4 0.059 0.159 0.489 0.804 0.341 46 0 61.98 10.68 0 0.7
60800 10 1 0.043 0.351 0.087 0.929 0.592 32 3 48 42.6 0 0.54
60800 10 1 0.098 0.471 0.396 0.784 0.026 25 960 26.34 1093.72 0 0
60800 10 1 0.017 0.421 0.208 0.899 0.696 74 0 92.3 14.44 0 0.48
60800 10 1 0.033 0.46 0.342 0.911 0.471 72 0 87.04 17.14 0 0.52
60800 10 1 0.035 0.49 0.446 0.878 0.078 25 16 34.3 211.16 0 0
60800 10 1 0.118 0.009 0.459 0.803 0.145 99 2 110.24 10.62 0.4 0.54
60800 10 1 0.081 0.363 0.007 0.799 0.967 121 2 127.06 8.16 1 0.58
60800 10 1 0.058 0.093 0.37 0.98 0.262 86 2 100.98 14.52 0 0.44
60800 10 1 0.055 0.467 0.346 0.937 0.376 49 4 66.86 43.02 0 0.08
60800 10 1 0.078 0.336 0.171 0.852 0.262 25 60 35.88 267.04 0 0
60800 10 1 0.098 0.168 0.334 0.842 0.712 73 1 95.78 15.24 0 0.66
60800 10 1 0.046 0.059 0.413 0.759 0.584 92 0 105.14 12.18 0.3 0.58
60800 10 1 0.055 0.269 0.433 0.767 0.331 66 1 81.3 15.28 0 0.58
60800 10 1 0.08 0.484 0.023 0.824 0.257 25 858 26.54 1085.98 0 0
60800 10 1 0.106 0.059 0.443 0.958 0.227 83 2 106.16 16.92 0.36 0.38
60800 10 1 0.02 0.499 0.208 0.861 0.475 40 2 56.38 62.92 0 0.32
60800 10 1 0.064 0.225 0.021 0.844 0.85 110 0 124.7 7.76 0.98 0.6
60800 10 1 0.082 0.345 0.339 0.89 0.992 97 1 110.48 12.06 0.5 0.6
60800 10 1 0.101 0.203 0.22 0.828 0.986 104 2 119.5 8.8 0.78 0.68
60800 10 1 0.044 0.366 0.433 0.906 0.786 98 1 107.26 13.62 0.3 0.4
60800 10 1 0.103 0.413 0.019 0.797 0.15 25 967 26.54 1098.4 0 0
60800 10 1 0.079 0.231 0.322 0.818 0.834 90 0 107.58 16.5 0.4 0.38
60800 10 1 0.03 0.056 0.17 0.932 0.206 72 1 83.22 18.5 0 0.38
60800 10 1 0.017 0.107 0.152 0.773 0.642 115 0 121.62 8.7 1 0.66
60800 10 1 0.067 0.369 0.214 0.896 0.694 71 2 87.84 14.36 0 0.6
60800 10 1 0.057 0.045 0.483 0.94 0.012 25 43 40.42 156.02 0 0
60800 10 1 0.022 0.416 0.07 0.958 0.52 29 39 38.52 151.12 0 0
60800 10 1 0.048 0.39 0.176 0.801 0.866 97 2 104.18 12.8 0.04 0.44
60800 10 1 0.061 0.109 0.083 0.988 0.064 25 768 27.24 931.14 0 0
60800 10 1 0.114 0.109 0.469 0.984 0.117 81 2 92.1 12.62 0 0.52
60800 10 1 0.103 0.469 0.444 0.982 0.722 90 0 103.28 11.02 0.06 0.58
60800 10 1 0.084 0.127 0.302 0.805 0.848 95 1 113.2 11.28 0.6 0.6
60800 10 1 0.047 0.421 0.456 0.811 0.179 35 7 41.94 65.02 0 0.14
60800 10 1 0.003 0.371 0.04 0.894 0.082 25 923 26.44 1046.1 0 0
60800 10 1 0.084 0.253 0.487 0.803 0.822 99 4 110.48 11.78 0.36 0.32
60800 10 1 0.096 0.042 0.19 0.869 0.676 91 1 112.64 8.86 0.56 0.74
60800 10 1 0.1 0.43 0.352 0.843 0.048 25 609 29.14 799.28 0 0
60800 10 1 0.08 0.353 0.309 0.862 0.415 38 3 59.94 29.46 0 0.48
60800 10 1 0.003 0.134 0.17 0.919 0.131 29 9 49.86 102.62 0 0.1
60800 10 4 0.099 0.31 0.065 0.909 0.03 25 1244 26.02 1300.68 0 0
60800 10 4 0.019 0.445 0.495 0.984 0.391 41 0 50.58 9.78 0 0.66
60800 10 4 0.11 0.036 0.234 0.956 0.869 72 0 76.54 4.24 0 0.8
60800 10 4 0.099 0.378 0.017 0.778 0.283 25 962 26.4 1025.74 0 0
60800 10 4 0.093 0.374 0.49 0.804 0.53 27 1 39.66 9.94 0 0.74
60800 10 4 0.013 0.486 0.171 0.989 0.335 26 0 49.02 86.1 0 0.32
60800 10 4 0.024 0.353 0.247 0.846 0.212 27 6 50.6 80.86 0 0.26
60800 10 4 0.102 0.344 0.152 0.901 0.271 34 246 38.72 316.58 0 0
60800 10 4 0.019 0.487 0.395 0.982 0.441 68 2 73.62 16.94 0 0.36
60800 10 4 0.035 0.205 0.377 0.927 0.286 35 1 54.86 25.12 0 0.38
60800 10 4 0.108 0.435 0.095 0.949 0.085 25 1177 26.28 1236.28 0 0
60800 10 4 0.094 0.196 0.207 0.828 0.347 43 3 56.58 11.7 0 0.8
60800 10 4 0.02 0.186 0.182 0.912 0.137 25 4 50.08 205.96 0 0.22
60800 10 4 0.101 0.051 0.38 0.822 0.66 38 0 50.82 6.2 0 0.76
60800 10 4 0.086 0.442 0.061 0.841 0.119 25 942 27 1088.36 0 0
60800 10 4 0.098 0.002 0.023 0.911 0.845 25 0 40.22 10.18 0 0.76
60800 10 4 0.039 0.114 0.421 0.965 0.445 25 0 36.58 7.84 0 0.78
60800 10 4 0.015 0.376 0.225 0.797 0.862 25 0 34.92 9.4 0 0.72
60800 10 4 0.119 0.228 0.105 0.878 0.343 26 168 35.38 296.4 0 0
60800 10 4 0.076 0.17 0.048 0.989 0.885 52 0 59.1 7.64 0 0.66
60800 10 4 0.081 0.215 0.223 0.824 0.485 52 0 71.48 20.14 0 0.3
60800 10 4 0.023 0.034 0.239 0.921 0.842 28 0 42.94 4.28 0 0.86
60800 10 4 0.034 0.253 0.446 0.988 0.574 56 0 62.76 5.34 0 0.74
60800 10 4 0.026 0.361 0.072 0.969 0.562 29 3 58.6 73 0 0.42
60800 10 4 0.044 0.44 0.182 0.863 0.671 59 0 68.34 13.68 0 0.5
60800 10 4 0.061 0.313 0.117 0.992 0.827 27 0 38.98 8.92 0 0.66
60800 10 4 0.011 0.243 0.095 0.972 1 25 0 39.58 6.14 0 0.82
60800 10 4 0.03 0.025 0.198 0.84 0.891 39 1 54.12 9.86 0 0.68
60800 10 4 0.009 0.476 0.427 0.901 0.759 25 0 35.2 6.42 0 0.8
60800 10 4 0.059 0.354 0.432 0.998 0.312 36 0 51.38 32.92 0 0.62
60800 10 4 0.04 0.15 0.447 0.798 0.891 25 1 39.42 13.16 0 0.72
60800 10 4 0.058 0.294 0.123 0.978 0.286 26 103 35.32 303.14 0 0
60800 10 4 0.001 0.403 0.346 0.822 0.624 26 1 44.08 7.04 0 0.84
60800 10 4 0.011 0.09 0.118 0.81 0.492 51 3 63.26 21.88 0 0.42
60800 10 4 0.004 0.142 0.323 0.928 0.638 42 0 53.58 5.72 0 0.78
60800 10 4 0.04 0.162 0.214 0.809 0.019 25 767 26.1 998.1 0 0
60800 10 4 0.014 0.377 0.233 0.997 0.733 51 0 63.42 8.68 0 0.6
60800 10 4 0.103 0.338 0.29 0.89 0.833 25 1 37.44 9.72 0 0.74
60800 10 4 0.101 0.291 0.308 0.818 0.203 28 3 40.28 168.38 0 0.14
60800 10 4 0.104 0.051 0.195 0.99 0.543 27 0 38.74 6.9 0 0.76
60800 10 4 0.114 0.461 0.352 0.817 0.48 62 2 71.3 20.24 0 0.44
60800 10 4 0.049 0.467 0.473 0.958 0.353 32 1 41.28 10.24 0 0.84
60800 10 4 0.018 0.402 0.272 0.878 0.715 26 0 39.22 9.36 0 0.66
60800 10 4 0.076 0.084 0.083 0.971 0.515 30 1 43.04 16.58 0 0.7
60800 10 4 0.037 0.018 0.177 0.814 0.045 35 2 48.82 45.9 0 0.6
60800 10 4 0.018 0.07 0.174 0.831 0.461 39 0 46.86 11.14 0 0.7
60800 10 4 0.11 0.01 0.309 0.851 0.589 33 0 47.86 9.7 0 0.72
60800 10 4 0.025 0.377 0.016 0.938 0.425 25 663 27.26 921.46 0 0
60800 10 4 0.004 0.081 0.135 0.806 0.787 37 0 49.86 11.1 0 0.68
60800 10 4 0.033 0.314 0.416 0.808 0.532 25 0 35.36 7.26 0 0.84
60800 10 4 0.073 0.034 0.431 0.887 0.624 27 0 39.5 7.84 0 0.78
60800 10 4 0.102 0.016 0.226 0.919 0.96 25 0 36.38 10.06 0 0.72
60800 10 4 0.088 0.364 0.237 0.882 0.878 25 0 38.76 5.42 0 0.82
60800 10 4 0.068 0.123 0.079 0.771 0.292 29 150 36.38 278.08 0 0
60800 10 4 0.007 0.299 0.449 0.781 0.213 44 1 53.26 30.02 0 0.48
60800 10 4 0.051 0.483 0.134 0.814 0.643 42 0 53.9 18.82 0 0.6
60800 10 4 0.074 0.395 0.101 0.826 0.404 27 85 35.78 234.72 0 0
60800 10 4 0.063 0.064 0.473 0.954 0.505 25 0 41.66 8.32 0 0.7
60800 10 4 0.084 0.278 0.303 0.917 0.419 26 0 41.72 25.74 0 0.62
60800 10 4 0.091 0.268 0.194 0.967 0.064 25 513 31.46 727.3 0 0
60800 10 4 0.086 0.48 0.122 0.939 0.326 25 265 30.04 614.18 0 0
60800 10 4 0.081 0.147 0.406 0.79 0.909 52 0 67.12 6.88 0 0.7
60800 10 4 0.092 0.413 0.179 0.922 0.722 63 1 71.02 12.16 0 0.46
60800 10 4 0.014 0.121 0.213 0.965 0.172 33 2 56.66 31.9 0 0.44
60800 10 4 0.1 0.05 0.187 0.825 0.974 25 0 42.8 9.24 0 0.72
60800 10 4 0.102 0.375 0.122 0.833 0.934 55 0 60.2 5.94 0 0.76
60800 10 4 0.065 0.248 0.26 0.957 0.705 44 0 49.9 7.2 0 0.72
60800 10 4 0.029 0.305 0.1 0.933 0.546 29 1 41.46 66.4 0 0.48
60800 10 4 0.07 0.226 0.421 0.939 0.773 50 0 59.58 6.82 0 0.86
60800 10 4 0.029 0.169 0.472 0.941 0.595 25 0 35.96 5.46 0 0.84
60800 10 4 0.092 0.418 0.19 0.935 0.117 25 266 32.92 488.7 0 0
60800 10 4 0.072 0.46 0.227 0.967 0.213 26 10 44.98 115.58 0 0
60800 10 4 0.061 0.229 0.275 0.952 0.972 25 1 34.64 11.7 0 0.7
60800 10 4 0.083 0.476 0.232 0.934 0.65 46 1 58.7 10.7 0 0.68
60800 10 4 0.004 0.074 0.162 0.869 0.424 36 0 45.62 18.1 0 0.66
60800 10 4 0.074 0.258 0.362 0.803 0.915 64 0 71.42 7.7 0 0.68
60800 10 4 0.043 0.285 0.213 0.801 0.777 28 0 40.84 6.1 0 0.78
60800 10 4 0.109 0.209 0.268 0.782 0.531 45 0 50.94 5.62 0 0.74
60800 10 4 0.069 0.196 0.319 0.814 0.642 29 0 39.12 7.66 0 0.8
60800 10 4 0.104 0.169 0.008 0.929 0.98 36 1 46.28 10.92 0 0.7
60800 10 4 0.001 0.158 0.225 0.873 0.401 51 0 59.58 22.66 0 0.48
60800 10 4 0.06 0.038 0.009 0.987 0.538 45 1 62.98 15.56 0 0.5
60800 10 4 0.117 0.372 0.404 0.852 0.693 44 0 60.7 6.18 0 0.78
60800 10 4 0.105 0.096 0.294 0.946 0.2 53 1 62.46 13.56 0 0.56
60800 10 4 0.033 0.231 0.079 0.863 0.867 25 1 34.74 11.44 0 0.7
60800 10 4 0.084 0.074 0.138 0.837 0.866 25 0 43.86 11.64 0 0.72
60800 10 4 0.052 0.328 0.26 0.754 0.406 51 1 59.74 25.16 0 0.36
60800 10 4 0.085 0.212 0.117 0.822 0.533 37 1 48.4 29.76 0 0.46
60800 10 4 0.079 0.077 0.102 0.839 0.593 67 0 74.76 6.46 0 0.66
60800 10 4 0.05 0.172 0.073 0.954 0.558 35 3 49.72 34.42 0 0.52
60800 10 4 0.068 0.495 0.277 0.813 0.784 25 0 41.62 9.86 0 0.82
60800 10 4 0.003 0.444 0.47 0.977 0.477 48 0 62.44 9.4 0 0.7
60800 10 4 0.016 0.022 0.226 0.9 0.619 26 0 44.06 10.86 0 0.66
60800 10 4 0.063 0.16 0.05 0.789 0.661 57 3 76.3 21.44 0 0.6
60800 10 4 0.028 0.396 0.279 0.97 0.855 40 0 52.18 8.16 0 0.7
60800 10 4 0.078 0.036 0.441 0.769 0.888 43 0 52.12 7.56 0 0.72
60800 10 4 0.048 0.487 0.101 0.846 0.327 25 322 29.32 478.36 0 0
60800 10 4 0.102 0.093 0.451 0.778 0.305 25 0 39.82 9.16 0 0.72
60800 10 4 0.104 0.334 0.299 0.821 0.363 56 7 66.4 61.18 0 0.08
60800 10 4 0.035 0.107 0.098 0.949 0.595 35 0 45.36 21.7 0 0.38
60800 10 4 0.062 0.259 0.36 0.82 0.418 47 1 60.26 7 0 0.7
60800 10 4 0.089 0.198 0.144 0.972 0.153 26 317 33.6 467.18 0 0
60800 10 4 0.101 0.117 0.229 0.868 0.323 44 0 65.7 13.84 0 0.6
60800 10 4 0.029 0.356 0.202 0.982 0.003 25 1118 26.26 1149.98 0 0
60800 10 4 0.092 0.343 0.294 0.934 0.553 55 0 64.8 13.46 0 0.54
60800 10 4 0.043 0.381 0.049 0.801 0.057 25 1121 26.34 1151.86 0 0
60800 10 4 0.006 0.105 0.342 0.926 0.058 31 1 52.38 60.18 0 0.26
60800 10 4 0.015 0.012 0.202 0.865 0.546 25 0 44.66 10.82 0 0.66
60800 10 4 0.092 0.359 0.201 0.87 0.313 25 2 41.08 118.86 0 0.56
60800 10 4 0.075 0.418 0.241 0.775 0.589 42 1 54.84 18.02 0 0.56
60800 10 4 0.098 0.061 0.198 0.769 0.606 36 0 46.56 5.78 0 0.78
60800 10 4 0.017 0.222 0.149 0.78 0.142 26 3 45.3 227.22 0 0.2
60800 10 4 0.05 0.26 0.267 0.874 0.464 44 2 55.28 18.94 0 0.54
60800 10 4 0.047 0.474 0.44 0.881 0.414 26 1 41.46 11.12 0 0.72
60800 10 4 0.074 0.341 0.475 0.794 0.83 51 0 58.28 9.56 0 0.74
60800 10 4 0.05 0.266 0.193 0.812 0.638 51 0 62.64 7.8 0 0.72
60800 10 4 0.117 0.47 0.326 0.849 0.183 27 1 48.72 106.86 0 0.24
60800 10 4 0.066 0.495 0.199 0.885 0.16 25 781 26.22 936.86 0 0
60800 10 4 0.02 0.45 0.232 0.837 0.574 30 0 46.74 13.12 0 0.64
60800 10 4 0.032 0.224 0.113 0.986 0.558 47 3 56.84 29.96 0 0.4
60800 10 4 0.054 0.298 0.488 0.838 0.363 46 0 58.2 12.16 0 0.48
60800 10 4 0.066 0.389 0.372 0.807 0.052 26 65 38.12 327.6 0 0
60800 10 4 0.098 0.433 0.106 0.796 0.537 37 10 50.66 57.22 0 0
60800 10 4 0.026 0.088 0.07 0.752 0.066 25 585 29.34 823.82 0 0
60800 10 4 0.073 0.182 0.169 0.884 0.064 25 898 26.22 961.16 0 0
60800 10 4 0.071 0.327 0.054 0.979 0.933 41 0 59.12 10.94 0 0.64
60800 10 4 0.068 0.032 0.379 0.842 0.118 25 0 42.54 8.82 0 0.76
60800 10 4 0.116 0.124 0.443 0.819 0.035 25 21 35.4 224.1 0 0
60800 10 4 0.084 0.404 0.2 0.769 0.38 38 3 51.84 77.8 0 0.3
60800 10 4 0.042 0.269 0.401 0.942 0.574 30 1 44.14 6.66 0 0.72
60800 10 4 0.109 0.157 0.009 0.897 0.841 27 0 42.54 6.68 0 0.78
60800 10 4 0.03 0.242 0.161 0.997 0.252 30 5 46.16 119.12 0 0.1
60800 10 4 0.106 0.351 0.18 0.855 0.775 51 0 64.84 5.26 0 0.66
60800 10 4 0.029 0.218 0.387 0.912 0.385 26 1 48.96 17.9 0 0.58
60800 10 4 0.093 0.342 0.486 0.819 0.84 36 0 48.06 7.9 0 0.78
60800 10 4 0.002 0.145 0.347 0.982 0.726 25 0 40.34 10.08 0 0.74
60800 10 4 0.113 0.166 0.461 0.761 0.707 27 1 38.9 9.6 0 0.76
60800 10 4 0.039 0.027 0.424 0.891 0.399 52 2 62.62 9 0 0.84
60800 10 4 0.042 0.352 0.25 0.771 0.202 25 6 37.78 140.66 0 0.14
60800 10 4 0.078 0.182 0.371 0.892 0.333 31 1 49.24 10.58 0 0.64
60800 10 4 0.059 0.227 0.099 0.867 0.09 25 952 26.26 1072.22 0 0
60800 10 4 0.003 0.205 0.365 0.968 0.653 25 1 35.34 7.54 0 0.84
60800 10 4 0.105 0.208 0.017 0.813 0.418 25 365 31.6 483.2 0 0
60800 10 4 0.068 0.296 0.03 0.987 0.995 25 1 38.94 12.72 0 0.78
60800 10 4 0.09 0.409 0.134 0.867 0.15 25 1015 26.12 1103.86 0 0
60800 10 4 0.087 0.232 0.433 0.804 0.825 25 0 36.44 6.72 0 0.8
60800 10 4 0.063 0.478 0.193 0.834 0.871 27 0 39.44 9.52 0 0.76
60800 10 4 0.033 0.028 0.328 0.815 0.695 26 1 43.32 9.56 0 0.72
60800 10 4 0.098 0.314 0.232 0.872 0.133 26 392 31.24 502.26 0 0
60800 10 4 0.032 0.149 0.49 0.816 0.824 26 0 41.3 11.02 0 0.68
60800 10 4 0.113 0.128 0.218 0.936 0.79 25 0 34.52 9.58 0 0.72
60800 10 4 0.086 0.089 0.333 0.989 0.419 30 0 37.68 9.72 0 0.78
60800 10 4 0.081 0.201 0.358 0.779 0.196 54 1 61.2 53.04 0 0.1
60800 10 4 0.104 0.238 0.017 0.97 0.186 25 469 30.04 829.28 0 0
60800 10 4 0.078 0.066 0.356 0.971 0.908 25 0 37.3 7.08 0 0.8
60800 10 4 0.005 0.299 0.242 0.786 0.77 25 0 41.88 10.36 0 0.74
60800 10 4 0.073 0.122 0.125 0.882 0.642 42 0 58.94 8.58 0 0.68
60800 10 4 0.037 0.218 0.339 0.8 0.292 44 3 58.9 23.54 0 0.48
60800 10 4 0.056 0.475 0.068 0.861 0.083 25 1116 26.26 1171.92 0 0
60800 10 4 0.047 0.071 0.041 0.856 0.102 25 794 27.08 967.62 0 0
60800 10 4 0.067 0.14 0.435 0.774 0.812 37 0 51.8 8.48 0 0.68
60800 10 4 0.041 0.22 0.176 0.94 0.416 34 1 59.5 61.2 0 0.28
60800 10 4 0.081 0.156 0.017 0.811 0.951 40 0 53.36 9.7 0 0.64
60800 10 4 0.033 0.002 0.124 0.924 0.381 25 1 41.78 11.64 0 0.72
60800 10 4 0.109 0.277 0.151 0.837 0.218 27 139 39.2 285.28 0 0
60800 10 4 0.108 0.131 0.172 0.985 0.251 41 2 52.08 34.92 0 0.34
60800 10 4 0.094 0.48 0.273 0.779 0.053 25 942 26.28 1087.94 0 0
60800 10 4 0.1 0.3 0.098 0.808 0.765 44 0 53 9.18 0 0.7
60800 10 4 0.024 0.024 0.36 0.912 0.523 26 0 39.16 9.48 0 0.78
60800 10 4 0.034 0.413 0.078 0.762 0.962 26 0 39.8 5.38 0 0.84
60800 10 4 0.048 0.116 0.11 0.854 0.491 54 0 67.16 25.58 0 0.28
60800 10 4 0.103 0.383 0.004 0.798 0.963 49 0 57.68 6.72 0 0.66
60800 10 4 0.029 0.276 0.195 0.764 0.133 25 105 32.06 251.14 0 0
60800 10 4 0.009 0.186 0.14 0.921 0.164 29 13 38.14 161.4 0 0
60800 10 4 0.043 0.489 0.398 0.961 0.348 44 2 53.18 23.72 0 0.56
60800 10 4 0.117 0.427 0.05 0.849 0.096 25 1177 26.34 1205.44 0 0
60800 10 4 0.031 0.287 0.157 0.759 0.151 25 330 32.48 436.16 0 0
60800 10 4 0.038 0.199 0.308 0.786 0.458 25 1 42.8 10.96 0 0.66
60800 10 4 0.045 0.065 0.079 0.872 0.561 36 0 47.38 16.26 0 0.56
60800 10 4 0.062 0.412 0.181 0.785 0.625 46 1 56.3 16.36 0 0.5
60800 10 4 0.101 0.325 0.499 0.879 0.627 25 0 37.74 10.4 0 0.72
60800 10 4 0.045 0.468 0.144 0.843 0.524 33 2 57.26 68.92 0 0.22
60800 10 4 0.042 0.183 0.013 0.761 0.481 25 774 27.24 919.14 0 0
60800 10 4 0.086 0.334 0.17 0.908 0.313 34 103 40.52 196.2 0 0
60800 10 4 0.007 0.449 0.011 0.778 0.085 25 847 29.32 995.64 0 0
60800 10 4 0.075 0.356 0.293 0.99 0.365 40 1 57.28 29.78 0 0.56
60800 10 4 0.014 0.401 0.054 0.858 0.681 26 5 37.82 33.36 0 0.62
60800 10 4 0.031 0.19 0.06 0.769 0.885 49 0 55.76 8.46 0 0.6
60800 10 4 0.088 0.214 0.071 0.93 0.114 25 1052 26.2 1100.18 0 0
60800 10 4 0.011 0.187 0.277 0.858 0.249 33 0 45.82 53.2 0 0.42
60800 10 4 0.05 0.342 0.205 0.894 0.525 37 1 55.08 12.8 0 0.76
60800 10 4 0.075 0.374 0.167 0.755 0.88 60 1 65.7 8.8 0 0.72
60800 10 4 0.029 0.279 0.316 0.811 0.759 27 0 45.68 7.38 0 0.7
60800 10 4 0.06 0.339 0.264 0.775 0.234 40 5 54.78 98.2 0 0.14
60800 10 4 0.033 0.218 0.34 0.771 0.734 39 0 49.72 10.9 0 0.66
60800 10 4 0.033 0.467 0.384 0.866 0.706 28 0 43.34 11.02 0 0.66
60800 10 4 0.075 0.159 0.463 0.886 0.929 50 0 61.12 8.88 0 0.68
60800 10 4 0.039 0.374 0.444 0.887 0.975 25 0 35.04 9.78 0 0.76
60800 10 4 0.086 0.175 0.14 0.933 0.598 36 0 58.12 7.66 0 0.72
60800 10 4 0.016 0.433 0.02 0.985 0.302 27 113 41.42 357.04 0 0
60800 10 4 0.005 0.498 0.481 0.89 0.15 33 3 44.8 62.12 0 0.24
60800 10 4 0.009 0.232 0.259 0.815 0.095 25 3 50.98 108.44 0 0.36
60800 10 4 0.096 0.463 0.046 0.912 0.604 32 3 49.42 58.2 0 0.12
60800 10 4 0.063 0.227 0.306 0.984 0.425 52 0 63.4 11.66 0 0.52
60800 10 4 0.046 0.044 0.381 0.823 0.004 25 574 26.44 701.9 0 0
60800 10 4 0.034 0.139 0.072 0.953 0.381 26 1 48.86 114.8 0 0.38
60800 10 4 0.088 0.423 0.023 0.964 0.204 25 655 27.72 949.96 0 0
60800 10 4 0.083 0.325 0.077 0.772 0.463 25 16 36.58 203.36 0 0
60800 10 4 0.055 0.454 0.098 0.939 0.496 27 7 34.4 192.12 0 0.16
60800 10 4 0.02 0.314 0.478 0.948 0.787 26 0 36.66 10.34 0 0.72
60800 10 4 0.066 0.328 0.171 0.823 0.672 55 1 67.08 16 0 0.54
60800 10 4 0.087 0.118 0.289 0.78 0.267 42 1 79.26 21.64 0 0.4
60800 10 4 0.078 0.445 0.165 0.952 0.104 25 480 29.04 874.48 0 0
60800 10 4 0.02 0.112 0.375 0.885 0.705 25 0 40.36 9.04 0 0.8
60800 10 4 0.055 0.441 0.104 0.963 0.344 25 282 28.6 461.76 0 0
60800 10 4 0.029 0.071 0.004 0.954 0.347 25 636 29.86 854.64 0 0
60800 10 4 0.052 0.079 0.493 0.97 0.47 25 1 39.32 7.8 0 0.82
60800 10 4 0.069 0.24 0.388 0.764 0.491 58 1 65.74 8.46 0 0.64
60800 10 4 0.013 0.106 0.211 0.875 0.151 37 3 51.72 78.94 0 0.46
60800 10 4 0.044 0.195 0.039 0.874 0.855 48 2 60.2 12.66 0 0.74
60800 10 4 0.076 0.066 0.361 0.976 0.658 57 0 61.92 4.4 0 0.82
60800 10 4 0.042 0.342 0.259 0.845 0.39 44 3 62.14 58.18 0 0.38
60800 10 4 0.017 0.331 0.073 0.981 0.759 25 1 39.54 21.26 0 0.66
60800 10 4 0.083 0.193 0.171 0.901 0.544 41 1 53.76 16.36 0 0.56
60800 10 4 0.1 0.22 0.285 0.762 0.552 25 0 43.44 12.72 0 0.74
60800 10 4 0.071 0.287 0.482 0.924 0.406 44 0 57.14 9.08 0 0.64
60800 10 4 0.043 0.125 0.328 0.833 0.344 27 0 41.62 8.78 0 0.74
60800 10 4 0.028 0.128 0.284 0.898 0.744 54 0 60.78 6.26 0 0.7
60800 10 4 0.039 0.492 0.471 0.834 0.899 25 0 36.74 5.78 0 0.8
60800 10 4 0.025 0.499 0.016 0.949 0.605 25 3 44.14 91.7 0 0.12
60800 10 4 0.025 0.378 0.206 0.802 0.971 25 0 36.8 8.62 0 0.66
60800 10 4 0.089 0.163 0.093 0.892 0.428 29 2 42.62 109.48 0 0.26
60800 10 4 0.113 0.337 0.384 0.844 0.499 53 0 64.16 10.6 0 0.5
60800 10 4 0.026 0.398 0.397 0.793 0.96 27 0 38.78 5.32 0 0.78
60800 10 4 0.092 0.123 0.457 0.848 0.815 31 0 46.22 9.04 0 0.7
60800 10 4 0.01 0.233 0.116 0.779 0.275 33 43 39.68 124.96 0 0
60800 10 4 0.017 0.336 0.031 0.901 0.437 25 135 35.58 509.16 0 0
60800 10 4 0.003 0.455 0.078 0.768 0.561 36 9 46.78 60.72 0 0.06
60800 10 4 0.02 0.261 0.448 0.864 0.8 25 0 36.88 10.92 0 0.78
60800 10 4 0.09 0.02 0.06 0.819 0.514 46 0 53.84 8.32 0 0.66
60800 10 4 0.004 0.057 0.4 0.801 0.436 57 0 63.78 7.48 0 0.74
60800 10 4 0.11 0.242 0.412 0.96 0.644 36 0 45.52 9.72 0 0.76
60800 10 4 0.084 0.268 0.041 0.949 0.571 32 1 53.34 54.24 0 0.46
60800 10 4 0.033 0.141 0.227 0.952 0.25 51 1 61.96 34.54 0 0.28
60800 10 4 0.022 0.022 0.008 0.845 0.1 25 764 28.78 990.12 0 0
60800 10 4 0.011 0.414 0.321 0.958 0.046 25 12 37.5 217.58 0 0
60800 10 4 0.042 0.087 0.455 0.932 0.575 25 1 35.88 12.96 0 0.82
60800 10 4 0.108 0.104 0.062 0.924 0.291 28 137 38.36 270.78 0 0
60800 10 4 0.023 0.172 0.012 0.904 0.133 25 1078 26.3 1134.24 0 0
60800 10 4 0.114 0.131 0.409 0.967 0.064 38 33 47.56 97.16 0 0
60800 10 4 0.068 0.435 0.02 0.811 0.371 25 850 27.2 983.44 0 0
60800 10 4 0.11 0.018 0.42 0.986 0.578 25 0 40.04 9.96 0 0.76
60800 10 4 0.035 0.268 0.212 0.8 0.317 35 0 52.62 28.88 0 0.62
60800 10 4 0.094 0.439 0.379 0.884 0.365 28 0 45.2 36.02 0 0.48
60800 10 4 0.073 0.229 0.035 0.849 0.566 26 5 45.24 118.34 0 0.08
60800 10 4 0.051 0.078 0.45 0.855 0.292 37 0 48.48 7.58 0 0.72
60800 10 4 0.093 0.499 0.459 0.913 0.506 48 0 61.28 8.3 0 0.64
60800 10 4 0.114 0.316 0.385 0.851 0.165 39 54 44.68 133.84 0 0
60800 10 4 0.116 0.254 0.384 0.92 0.933 25 0 35.96 10.52 0 0.76
60800 10 4 0.059 0.497 0.386 0.796 0.749 25 0 36.92 6.52 0 0.8
60800 10 4 0.063 0.311 0.171 0.973 0.851 43 0 53.14 9.04 0 0.72
60800 10 4 0.02 0.388 0.352 0.952 0.633 29 1 44.82 12.6 0 0.76
60800 10 4 0.027 0.369 0.422 0.885 0.543 26 1 43.46 11.2 0 0.68
60800 10 4 0.09 0.487 0.498 0.982 0.768 27 0 45.76 8.62 0 0.68
60800 10 4 0.006 0.254 0.093 0.832 0.66 32 0 46.92 11.12 0 0.76
60800 10 4 0.116 0.139 0.074 0.829 0.517 67 1 71.74 22.74 0 0.32
60800 10 4 0.003 0.48 0.221 0.792 0.885 25 0 36.74 9.2 0 0.72
60800 10 4 0.108 0.073 0.01 0.994 0.382 30 17 42.84 56.84 0 0
60800 10 4 0.038 0.114 0.42 0.965 0.124 53 3 61.7 16.5 0 0.18
60800 10 4 0.002 0.141 0.089 0.757 0.77 25 0 42.18 13.66 0 0.7
60800 10 4 0.119 0.303 0.446 0.781 0.228 31 3 46.46 18.62 0 0.6
60800 10 4 0.05 0.24 0.339 0.792 0.341 59 0 67.28 20.76 0 0.38
60800 10 4 0.078 0.006 0.111 0.996 0.008 32 219 40.28 300.24 0 0
60800 10 4 0.04 0.216 0.259 0.843 0.861 28 1 41.32 12.54 0 0.76
60800 10 4 0.063 0.158 0.24 0.945 0.436 40 0 58.44 20.84 0 0.4
60800 10 4 0.026 0.043 0.378 0.985 0.978 25 0 36.98 9.02 0 0.76
60800 10 4 0.102 0.489 0.465 0.858 0.263 47 4 61.68 57.62 0 0.24
60800 10 4 0.115 0.331 0.034 0.898 0.927 25 0 43.02 8.64 0 0.76
60800 10 4 0.037 0.481 0.099 0.794 0.916 29 0 44.28 8.22 0 0.74
60800 10 4 0.012 0.221 0.09 0.881 0.304 25 7 45.94 112.18 0 0.34
60800 10 4 0.002 0.268 0.278 0.97 0.4 49 1 62.2 19.26 0 0.62
60800 10 4 0.058 0.081 0.479 0.829 0.167 28 0 42.02 9.18 0 0.72
60800 10 4 0.086 0.317 0.006 0.967 0.327 25 684 28.78 828.8 0 0
60800 10 4 0.052 0.008 0.253 0.812 0.776 29 1 39.9 13.34 0 0.72
60800 10 4 0.001 0.172 0.227 0.822 0.533 42 2 57.98 18.64 0 0.48
60800 10 4 0.033 0.034 0.006 0.892 0.612 72 2 78.98 16.04 0 0.54
60800 10 4 0.022 0.366 0.355 0.93 0.405 47 1 68.16 24.66 0 0.52
60800 10 4 0.014 0.018 0.019 0.87 0.834 39 0 50.56 9.42 0 0.76
60800 10 4 0.034 0.36 0.437 0.98 0.114 33 0 45.66 88.24 0 0.28
60800 10 4 0.062 0.475 0.497 0.839 0.837 25 0 40.92 11.48 0 0.72
60800 10 4 0.075 0.144 0.318 0.927 0.516 26 0 37.88 9.38 0 0.76
60800 10 4 0.013 0.186 0.124 0.876 0.292 29 0 44.6 104.94 0 0.48
60800 10 4 0.115 0.113 0.002 0.973 0.382 30 84 35.54 141.24 0 0
60800 10 4 0.009 0.102 0.49 0.812 0.123 39 0 48.4 10.78 0 0.52
60800 10 4 0.079 0.374 0.046 0.822 0.614 32 3 50.62 34.28 0 0.62
60800 10 4 0.037 0.405 0.112 0.872 0.331 25 7 45 146.18 0 0.42
60800 10 4 0.062 0.05 0.057 0.824 0.807 26 0 42.44 7.58 0 0.8
60800 10 4 0.049 0.152 0.22 0.793 0.037 25 529 28.08 932.44 0 0
60800 10 4 0.03 0.177 0.47 0.963 0.631 47 0 59.9 7.94 0 0.76
60800 10 4 0.1 0.081 0.443 0.855 0.397 39 1 51.88 7.36 0 0.8
60800 10 4 0.1 0.391 0.387 0.778 0.989 54 0 65.92 6.74 0 0.62
60800 10 4 0.034 0.343 0.462 0.843 0.937 29 0 44.06 10.04 0 0.76
60800 10 4 0.07 0.03 0.367 0.767 0.459 25 1 36.52 10.72 0 0.74
60800 10 4 0.016 0.266 0.35 0.77 0.183 44 1 59.14 30.98 0 0.46
60800 10 4 0.063 0.166 0.019 0.779 0.099 25 994 26.3 1116.5 0 0
60800 10 4 0.067 0.03 0.301 0.812 0.624 25 0 41.58 6.74 0 0.78
60800 10 4 0.044 0.499 0.093 0.802 0.578 32 0 44.66 48.46 0 0.2
60800 10 4 0.06 0.059 0.411 0.974 0.909 25 1 36.86 10 0 0.84
60800 10 4 0.032 0.482 0.052 0.815 0.267 25 516 31.56 791.88 0 0
60800 10 4 0.055 0.031 0.079 0.922 0.44 41 0 55.34 6.32 0 0.76
60800 10 4 0.056 0.043 0.103 0.868 0.523 28 1 42.18 9.38 0 0.74
60800 10 4 0.111 0.017 0.059 0.783 0.035 26 201 31.6 529.58 0 0
60800 10 4 0.068 0.16 0.271 0.868 0.747 25 0 38 8.38 0 0.7
60800 10 4 0.09 0.202 0.091 0.806 0.728 27 0 42.16 13.9 0 0.7
60800 10 4 0.113 0.036 0.23 0.944 0.583 25 0 33.64 11.5 0 0.76
60800 10 4 0.033 0.265 0.34 0.986 0.617 38 0 52.04 7.4 0 0.8
60800 10 4 0.04 0.189 0.37 0.959 0.074 31 43 41.32 152.7 0 0
60800 10 4 0.075 0.472 0.39 0.982 0.826 41 0 53.7 7.36 0 0.68
60800 10 4 0.075 0.051 0.085 0.945 0.93 26 0 36.9 10.48 0 0.66
60800 10 4 0.078 0.191 0.175 0.788 0.885 25 1 39.2 11.12 0 0.74
60800 10 4 0.109 0.406 0.178 0.803 0.723 43 0 54.36 9.06 0 0.68
60800 10 4 0.075 0.416 0.025 0.995 0.482 25 441 28.58 753.56 0 0
60800 10 4 0.01 0.025 0.299 0.852 0.72 25 0 39.58 10.68 0 0.7
60800 10 4 0.076 0.48 0.23 0.876 0.608 60 0 67.34 9.22 0 0.66
60800 10 4 0.066 0.162 0.073 0.823 0.688 46 0 69.26 14.42 0 0.48
60800 10 4 0.022 0.079 0.282 0.817 0.919 26 0 42.36 8.98 0 0.68
60800 10 4 0.101 0.099 0.27 0.902 0.19 40 2 59.86 24.56 0 0.36
60800 10 4 0.002 0.427 0.215 0.884 0.323 26 0 42.06 71.56 0 0.5
60800 10 4 0.058 0.147 0.28 0.862 0.865 25 1 39.44 9.66 0 0.74
60800 10 4 0.03 0.421 0.36 0.957 0.061 25 159 31.02 420.1 0 0
60800 10 4 0.105 0.018 0.162 0.766 0.225 25 1 34.08 7.94 0 0.82
60800 10 4 0.045 0.435 0.052 0.995 0.906 49 0 61.72 9.48 0 0.58
60800 10 4 0.038 0.444 0.064 0.869 0.996 25 0 37.5 5.94 0 0.78
60800 10 4 0.059 0.228 0.245 0.971 0.863 25 0 40.44 10.72 0 0.74
60800 10 4 0.108 0.06 0.002 0.757 0.383 51 21 56.82 52.36 0 0
60800 10 4 0.006 0.423 0.413 0.923 0.826 48 1 58 9.02 0 0.68
60800 10 4 0.03 0.14 0.453 0.991 0.681 45 1 54.7 7.76 0 0.74
60800 10 4 0.091 0.129 0.358 0.974 0.75 25 2 40.48 13.14 0 0.68
60800 10 4 0.094 0.112 0.046 0.868 0.371 29 70 40.54 174.46 0 0
60800 10 4 0.074 0.318 0.265 0.932 0.622 25 0 42.36 12.6 0 0.66
60800 10 4 0.019 0.354 0.294 0.897 0.691 25 0 40.42 11.8 0 0.72
60800 10 4 0.016 0.049 0.061 0.868 0.971 25 0 35.88 7.74 0 0.84
60800 10 4 0.077 0.229 0.205 0.856 0.63 50 1 58.78 14.32 0 0.58
60800 10 4 0.035 0.289 0.364 0.932 0.702 25 0 37.18 6.32 0 0.84
60800 10 4 0.037 0.055 0.149 0.907 0.873 25 0 36.4 7.12 0 0.8
60800 10 4 0.081 0.121 0.051 0.881 0.283 26 202 34.6 358.52 0 0
60800 10 4 0.065 0.28 0.277 0.768 0.803 27 1 41.7 7.88 0 0.8
60800 10 4 0.078 0.217 0.045 0.897 0.73 47 0 59.12 14.1 0 0.52
60800 10 4 0.019 0.253 0.19 0.776 0.842 25 0 39.98 8.92 0 0.78
60800 10 4 0.04 0.142 0.08 0.837 0.995 32 0 42.46 8.14 0 0.78
60800 10 4 0.061 0.052 0.144 0.777 0.791 25 0 42.4 12.22 0 0.74
60800 10 4 0.037 0.297 0.143 0.959 0.148 26 18 38.98 291.44 0 0
60800 10 4 0.111 0.043 0.063 0.988 0.7 25 2 36.84 8.12 0 0.8
60800 10 4 0.052 0.218 0.088 0.797 0.128 25 229 37.6 605.6 0 0
60800 10 4 0.109 0.075 0.45 0.967 0.743 27 0 41.44 9.38 0 0.72
60800 10 4 0.085 0.065 0.4 0.926 0.081 26 0 61.36 14.44 0 0.62
60800 10 4 0.07 0.097 0.404 0.799 0.437 25 1 34.5 6.74 0 0.8
60800 10 4 0.077 0.252 0.298 0.939 0.864 25 0 35.1 9.84 0 0.76
60800 10 4 0.047 0.472 0.447 0.948 0.69 25 2 44.6 11.54 0 0.72
60800 10 4 0.058 0.252 0.105 0.896 0.964 28 0 49.92 9.76 0 0.7
60800 10 4 0.081 0.018 0.272 0.979 0.32 25 0 42.16 7.64 0 0.8
60800 10 4 0.108 0.491 0.309 0.828 0.321 33 1 52.1 52.14 0 0.28
60800 10 4 0.029 0.128 0.325 0.929 0.011 25 382 27.98 695.28 0 0
60800 10 4 0.045 0.323 0.006 0.793 0.704 35 0 46.2 26.94 0 0.5
60800 10 4 0.069 0.311 0.212 0.827 0.966 26 0 37.1 7.08 0 0.8
60800 10 4 0.101 0.119 0.308 0.868 0.101 25 5 49.26 78.16 0 0.3
60800 10 4 0.062 0.235 0.165 0.824 0.714 40 1 49.4 8.76 0 0.7
60800 10 4 0.079 0.079 0.1 0.813 0.091 25 222 29.74 555.98 0 0
60800 10 4 0.061 0.348 0.38 0.969 0.72 51 0 59.2 6.96 0 0.76
60800 10 4 0.021 0.151 0.162 0.841 0.943 57 0 64.66 7.18 0 0.74
60800 10 4 0.042 0.201 0.393 0.912 0.909 50 0 56.82 3.88 0 0.84
60800 10 4 0.01 0.304 0.162 0.985 0.202 30 9 43.04 115.96 0 0.02
60800 10 4 0.033 0.25 0.298 0.813 0.197 26 2 43.36 105.66 0 0.22
60800 10 4 0.079 0.438 0.441 0.832 0.465 45 1 53.64 11.9 0 0.6
60800 10 1 0.093 0.149 0.272 0.839 0.352 74 0 95.66 7.48 0 0.72
60800 10 1 0.072 0.347 0.112 0.787 0.423 26 58 33.76 247.2 0 0
60800 10 1 0.07 0.321 0.239 0.953 0.368 27 18 39.18 100.34 0 0
60800 10 1 0.032 0.077 0.499 0.923 0.689 110 0 115.98 11.18 0.64 0.48
60800 10 1 0.099 0.302 0.263 0.968 0.066 25 389 28.76 611.68 0 0
60800 10 1 0.093 0.26 0.343 0.864 0.372 67 3 82.92 24.22 0 0.24
60800 10 1 0.089 0.388 0.359 0.853 0.03 25 681 27.94 858 0 0
60800 10 1 0.032 0.001 0.116 0.989 0.36 89 0 101.06 11.04 0 0.52
60800 10 1 0.015 0.44 0.121 0.848 0.306 25 5 47.46 125.5 0 0.38
60800 10 1 0.09 0.417 0.039 0.899 0.199 25 1104 26.28 1162.5 0 0
60800 10 1 0.058 0.472 0.008 0.949 0.125 25 1232 26.44 1267.8 0 0
60800 10 1 0.043 0.495 0.198 0.997 0.763 90 1 102.96 15.12 0.06 0.44
60800 10 1 0.096 0.455 0.045 0.944 0.441 25 736 28.02 874.9 0 0
60800 10 1 0.082 0.489 0.063 0.772 0.812 89 2 98.76 11.54 0 0.32
60800 10 1 0.029 0.218 0.211 0.997 0.685 84 2 97.8 18.2 0 0.52
60800 10 1 0.063 0.261 0.191 0.764 0.187 25 138 32.52 364.04 0 0
60800 10 1 0.117 0.125 0.313 0.781 0.611 88 0 102.02 12.32 0.26 0.56
60800 10 1 0.092 0.466 0.089 0.952 0.01 25 1086 26.24 1114.32 0 0
60800 10 1 0.087 0.333 0.295 0.851 0.036 25 548 29.14 786.02 0 0
60800 10 1 0.075 0.046 0.066 0.943 0.58 93 2 104.86 14.82 0.26 0.44
60800 10 1 0.044 0.041 0.127 0.794 0.33 81 1 98.26 14.06 0 0.58
60800 10 1 0.083 0.142 0.351 0.781 0.86 86 2 100.84 8.98 0 0.64
60800 10 1 0.047 0.056 0.141 0.856 0.262 69 1 86.28 16.08 0 0.52
60800 10 1 0.107 0.458 0.19 0.917 0.837 82 1 103.88 14.64 0.4 0.62
60800 10 1 0.081 0.039 0.366 0.978 0.676 73 2 95.94 14.2 0.12 0.72
60800 10 1 0.093 0.359 0.201 0.798 0.51 64 2 74.36 28.3 0 0.2
60800 10 1 0.051 0.328 0.152 0.88 0.318 32 2 39.14 104.14 0 0.16
60800 10 1 0.063 0.414 0.013 0.841 0.306 25 798 26.5 1094.62 0 0
60800 10 1 0.01 0.46 0.194 0.97 0.889 92 0 101.88 11.68 0.06 0.38
60800 10 1 0.02 0.295 0.204 0.79 0.814 112 1 116.94 8.54 0.88 0.62
60800 10 1 0.1 0.283 0.437 0.858 0.49 66 2 94.6 16.14 0 0.6
60800 10 1 0.069 0.114 0.191 0.973 0.693 97 2 111.22 11.26 0.48 0.56
60800 10 1 0.024 0.063 0.171 0.889 0.454 66 3 93.7 16.6 0 0.7
60800 10 1 0.01 0.351 0.319 0.837 0.734 89 1 101.22 12.94 0 0.54
60800 10 1 0.019 0.012 0.451 0.8 0.687 101 1 107.24 9.98 0.02 0.56
60800 10 1 0.089 0.044 0.322 0.889 0.677 78 0 99.28 12.28 0.22 0.62
60800 10 1 0.073 0.43 0.237 0.802 0.819 116 1 123.98 10.4 1 0.44
60800 10 1 0.096 0.414 0.191 0.843 0.972 100 2 113.8 11.98 0.56 0.58
60800 10 1 0.001 0.16 0.423 0.79 0.168 65 3 73.7 32 0 0.14
60800 10 1 0.064 0.114 0.387 0.962 0.683 100 0 112.18 13.86 0.6 0.36
60800 10 4 0.002 0.32 0.329 0.817 0.245 33 1 56.1 46.38 0 0.5
60800 10 4 0.071 0.445 0.22 0.789 0.758 25 0 33.04 11 0 0.78
60800 10 4 0.08 0.155 0.492 0.81 0.07 29 2 45.5 50.32 0 0.52
60800 10 4 0.02 0.366 0.189 0.973 0.053 25 801 26.36 889.02 0 0
60800 10 4 0.018 0.17 0.414 0.828 0.715 25 1 43.62 10.62 0 0.74
60800 10 4 0.035 0.005 0.007 0.765 0.392 25 0 40.08 11.5 0 0.74
60800 10 4 0.071 0.376 0.002 0.954 0.105 25 1072 26.28 1124 0 0
60800 10 4 0.08 0.282 0.43 0.813 0.709 25 0 38.42 11.58 0 0.78
60800 10 4 0.034 0.484 0.443 0.771 0.778 49 1 55.08 9.92 0 0.68
60800 10 4 0.066 0.017 0.002 0.904 0.467 38 0 48.16 8.1 0 0.7
60800 10 4 0.083 0.084 0.331 0.788 0.936 43 0 51.32 9.66 0 0.72
60800 10 4 0.054 0.066 0.394 0.794 0.352 43 1 60.36 12.48 0 0.6
60800 10 4 0.015 0.046 0.494 0.792 0.05 58 0 63.7 27.96 0 0.34
60800 10 4 0.092 0.063 0.005 0.796 0.188 25 480 28.08 640.18 0 0
60800 10 4 0.028 0.127 0.048 0.954 0.444 26 39 40.64 113.04 0 0
60800 10 4 0.071 0.437 0.093 0.88 0.91 36 0 49.2 9.18 0 0.74
60800 10 4 0.024 0.113 0.072 0.888 0.732 44 0 55.12 12.54 0 0.6
60800 10 4 0.008 0.474 0.349 0.766 0.141 25 2 45.62 78.16 0 0.38
60800 10 4 0.005 0.26 0.333 0.824 0.036 29 104 39.1 185.96 0 0
60800 10 4 0.112 0.03 0.19 0.932 0.831 25 0 35.78 9.86 0 0.76
60800 10 4 0.027 0.454 0.198 0.767 0.559 50 1 59.22 19.86 0 0.48
60800 10 4 0.064 0.175 0.46 0.788 0.285 25 0 44.86 13.98 0 0.72
60800 10 4 0.106 0.465 0.097 0.866 0.154 25 523 27.96 944.56 0 0
60800 10 4 0.006 0.389 0.43 0.803 0.943 26 0 43.62 10.46 0 0.72
60800 10 4 0.063 0.175 0.059 0.887 0.271 25 396 27.18 779.48 0 0
60800 10 4 0.045 0.125 0.074 0.787 0.888 25 0 37.94 10.94 0 0.74
60800 10 4 0.087 0.347 0.204 0.777 0.17 25 163 35.26 465.54 0 0
60800 10 4 0.005 0.142 0.427 0.786 0.996 25 0 36.16 5.8 0 0.82
60800 10 4 0.054 0.106 0.244 0.878 0.127 26 2 49.24 153.9 0 0.24
60800 10 4 0.007 0.051 0.419 0.867 0.64 45 0 52.62 7.8 0 0.82
60800 10 4 0.011 0.287 0.394 0.975 0.519 49 0 60.74 9.14 0 0.64
60800 10 4 0.028 0.096 0.232 0.812 0.256 40 0 55.82 16.48 0 0.48
60800 10 4 0.115 0.439 0.462 0.905 0.129 28 22 45.08 133.14 0 0
60800 10 4 0.057 0.442 0.141 0.964 0.327 25 38 35.82 294.24 0 0
60800 10 4 0.038 0.166 0.465 0.914 0.38 25 0 34.94 9.94 0 0.78
60800 10 4 0.092 0.393 0.11 0.945 0.094 25 179 37.74 461.3 0 0
60800 10 5 0.031 0.496 0.353 0.971 0.506 42 0 53.16 14.94 0 0.54
60800 10 5 0.097 0.191 0.418 0.764 0.641 31 0 39.26 8.84 0 0.72
60800 10 5 0.012 0.367 0.496 0.823 0.645 26 0 35.8 6.86 0 0.8
60800 10 5 0.112 0.091 0.073 0.843 0.301 35 16 45.5 81.42 0 0
60800 10 5 0.015 0.106 0.247 0.868 0.891 28 0 40.7 7.7 0 0.84
60800 10 5 0.036 0.32 0.34 0.931 0.337 34 1 51.82 24.52 0 0.6
60800 10 5 0.078 0.192 0.122 0.994 0.015 25 789 29.22 928.66 0 0
60800 10 5 0.119 0.045 0.315 0.764 0.664 25 0 35 11.6 0 0.74
60800 10 5 0.05 0.041 0.354 0.907 0.466 25 0 39.12 9.34 0 0.76
60800 10 5 0.084 0.375 0.384 0.83 0.657 25 0 33.66 10.26 0 0.82
60800 10 5 0.037 0.334 0.015 0.846 0.007 25 1119 26.42 1159.16 0 0
60800 10 5 0.08 0.268 0.488 0.997 0.47 36 0 44.72 8.38 0 0.66
60800 10 5 0.09 0.355 0.489 0.896 0.739 48 0 59.16 8.72 0 0.58
60800 10 5 0.092 0.378 0.332 0.922 0.687 26 0 35.94 4.76 0 0.84
60800 10 5 0.016 0.322 0.159 0.879 0.405 29 0 52.22 83.4 0 0.24
60800 10 5 0.092 0.246 0.404 0.85 0.24 39 1 53.66 30.6 0 0.38
60800 10 5 0.046 0.228 0.471 0.974 0.083 32 3 57.22 91.88 0 0.32
60800 10 5 0.087 0.084 0.013 0.878 0.585 62 0 72.44 11.28 0 0.6
60800 10 5 0.107 0.098 0.22 0.846 0.707 25 0 35.88 10.82 0 0.78
60800 10 5 0.059 0.054 0.294 0.829 0.065 31 1 52.18 27.64 0 0.44
60800 10 5 0.057 0.303 0.478 0.893 0.807 35 0 41.82 7.72 0 0.74
60800 10 5 0.017 0.121 0.193 0.786 0.926 25 0 34.62 7.28 0 0.82
60800 10 5 0.075 0.029 0.243 0.874 0.042 38 1 48.32 31.92 0 0.44
60800 10 5 0.02 0.179 0.283 0.863 0.27 28 0 34.58 37.38 0 0.64
60800 10 5 0.118 0.15 0.419 0.918 0.663 25 0 36.3 7.8 0 0.8
60800 10 5 0.051 0.464 0.305 0.916 0.229 33 2 46.92 90.68 0 0.3
60800 10 5 0.087 0.161 0.35 0.795 0.468 25 1 40.62 9.58 0 0.74
60800 10 5 0.097 0.237 0.023 0.96 0.855 49 0 56.26 10.06 0 0.64
60800 10 5 0.063 0.236 0.444 0.902 0.445 25 0 40.34 8.46 0 0.74
60800 10 5 0.004 0.138 0.084 0.815 0.344 33 5 42.42 97.88 0 0.1
60800 10 5 0.04 0.051 0.297 0.816 0.884 25 0 33.94 6.26 0 0.82
60800 10 5 0.038 0.2 0.246 0.84 0.87 25 0 37.02 9.06 0 0.76
60800 10 5 0.049 0.399 0.41 0.787 0.152 25 4 39.7 148.84 0 0.28
60800 10 5 0.089 0.362 0.278 0.902 0.179 26 12 38.46 248.8 0 0
60800 10 5 0.087 0.087 0.169 0.859 0.288 40 0 46.58 9.52 0 0.76
60800 10 5 0.06 0.394 0.039 0.757 0.688 44 0 54.06 17.16 0 0.46
60800 10 5 0.057 0.031 0.107 0.999 0.445 41 0 49.68 4.34 0 0.88
60800 10 5 0.048 0.018 0.404 0.86 0.178 25 0 33.9 5.16 0 0.9
60800 10 5 0.001 0.456 0.298 0.878 0.636 48 0 57.12 9.9 0 0.62
60800 10 5 0.027 0.232 0.003 0.908 0.106 25 1148 26 1185.18 0 0
60800 10 5 0.106 0.311 0.115 1 0.401 27 10 43.16 120.38 0 0
60800 10 5 0.042 0.385 0.406 0.903 0.595 31 0 40.98 9.16 0 0.8
60800 10 5 0.032 0.183 0.094 0.917 0.401 32 4 37.4 124.42 0 0.12
60800 10 5 0.017 0.1 0.056 0.942 0.755 35 1 45.5 13.86 0 0.7
60800 10 5 0.006 0.448 0.391 0.792 0.202 32 0 58.92 40.26 0 0.52
60800 10 5 0.019 0.194 0.429 0.818 0.251 31 1 41.74 19.24 0 0.58
60800 10 5 0.075 0.309 0.23 0.99 0.769 48 0 56.12 5.54 0 0.82
60800 10 5 0.005 0.005 0.081 0.996 0.731 57 2 64.58 7.68 0 0.74
60800 10 5 0.093 0.412 0.213 0.948 0.35 32 10 43.8 107.48 0 0
60800 10 5 0.048 0.22 0.308 0.908 0.203 26 4 41.56 66.5 0 0.5
60800 10 5 0.056 0.001 0.46 0.813 0.224 25 0 35.08 8.14 0 0.86
60800 10 5 0.023 0.354 0.449 0.949 0.787 25 0 37.12 8.54 0 0.78
60800 10 5 0.017 0.229 0.09 0.943 0.444 29 1 39.18 46.92 0 0.62
60800 10 5 0.015 0.417 0.199 0.933 0.229 29 2 42.04 101.16 0 0.32
60800 10 5 0.082 0.092 0.131 0.921 0.711 25 0 37.26 7.98 0 0.72
60800 10 5 0.096 0.265 0.352 0.909 0.307 54 1 65.86 26.52 0 0.34
60800 10 5 0.026 0.462 0.195 0.947 0.28 33 5 47.88 85.66 0 0.06
60800 10 5 0.027 0.02 0.003 0.958 0.231 25 736 26.7 918.24 0 0
60800 10 5 0.05 0.243 0.225 0.765 0.158 25 2 34.66 196.22 0 0.04
60800 10 5 0.059 0.494 0.198 0.862 0.289 27 66 39.26 219.04 0 0
60800 10 5 0.032 0.25 0.014 0.782 0.27 25 742 27.36 985.86 0 0
60800 10 5 0.057 0.136 0.149 0.765 0.185 25 9 40.4 202.64 0 0.02
60800 10 5 0.07 0.244 0.351 0.831 0.134 53 2 64.3 36.76 0 0.36
60800 10 5 0.11 0.293 0.312 0.791 0.961 34 0 43.78 7.8 0 0.76
60800 10 5 0.094 0.017 0.01 0.985 0.766 25 0 35.34 11.96 0 0.74
60800 10 5 0.059 0.185 0.029 0.934 0.917 48 1 62.7 9.38 0 0.64
60800 10 5 0.02 0.108 0.352 0.884 0.867 38 0 46.36 7.44 0 0.74
60800 10 5 0.078 0.051 0.097 0.977 0.906 58 0 66.52 6.88 0 0.74
60800 10 5 0.047 0.052 0.089 0.993 0.669 25 0 35.08 10.16 0 0.76
60800 10 5 0.089 0.201 0.029 0.766 0.608 37 4 51.52 40.26 0 0.38
60800 10 5 0.119 0.469 0.348 0.941 0.028 25 31 39.86 279.42 0 0
60800 10 5 0.041 0.124 0.217 0.964 0.27 41 0 52.82 23.76 0 0.36
60800 10 5 0.057 0.007 0.427 0.991 0.759 29 0 41.66 7.58 0 0.74
60800 10 5 0.065 0.22 0.076 0.83 0.945 25 0 38.28 9.54 0 0.72
60800 10 5 0.014 0.445 0.397 0.891 0.443 25 1 31.74 7.48 0 0.76
60800 10 5 0.092 0.256 0.261 0.794 0.083 25 494 26.34 775.26 0 0
60800 10 5 0.015 0.49 0.409 0.904 0.792 45 0 56.26 6.3 0 0.86
60800 10 5 0.019 0.144 0.352 0.771 0.542 25 1 39.64 10.68 0 0.7
60800 10 5 0.023 0.331 0.473 0.971 0.6 25 0 35.78 7.46 0 0.8
60800 10 5 0.1 0.431 0.052 0.775 0.623 69 1 77.04 22.46 0 0.24
60800 10 5 0.115 0.386 0.275 0.785 0.248 30 91 37.72 150.1 0 0
60800 10 5 0.006 0.486 0.322 0.974 0.816 37 1 44.04 8.3 0 0.82
60800 10 5 0.043 0.138 0.131 0.897 0.311 31 4 49.68 101.5 0 0.3
60800 10 5 0.087 0.308 0.198 0.983 0.21 26 254 34.16 342.16 0 0
60800 10 5 0.058 0.278 0.271 0.782 0.8 58 1 62.5 6.56 0 0.66
60800 10 5 0.081 0.406 0.443 0.869 0.812 52 1 57.62 8.5 0 0.72
60800 10 5 0.102 0.133 0.154 0.96 0.332 33 1 51.96 26.36 0 0.52
60800 10 5 0.039 0.4 0.027 0.985 0.385 25 869 26.5 1035.2 0 0
60800 10 5 0.042 0.457 0.357 0.75 0.985 55 0 66.4 6.58 0 0.74
60800 10 5 0.075 0.142 0.322 0.982 0.95 27 0 41.38 10.16 0 0.7
60800 10 5 0.024 0.215 0.447 0.895 0.898 25 1 38.38 10.16 0 0.74
60800 10 5 0.029 0.313 0.344 0.752 0.408 55 0 60.18 15.16 0 0.54
60800 10 5 0.036 0.122 0.406 0.875 0.86 25 0 37.46 4.4 0 0.84
60800 10 5 0.029 0.311 0.166 0.758 0.644 26 0 42.86 18.5 0 0.66
60800 10 5 0.031 0.364 0.224 0.879 0.154 25 3 41.6 218.62 0 0.08
60800 10 5 0.104 0.406 0.45 0.818 0.438 25 1 41.14 4.46 0 0.82
60800 10 5 0.112 0.256 0.306 0.766 0.442 40 0 64.12 17.78 0 0.46
60800 10 5 0.063 0.276 0.028 0.815 0.435 25 648 27.62 772.74 0 0
60800 10 5 0.072 0.43 0.205 0.761 0.373 27 6 40.1 151.62 0 0.06
60800 10 5 0.087 0.45 0.268 0.995 0.575 25 1 50.1 18.74 0 0.64
60800 10 5 0.058 0.138 0.105 0.985 0.242 26 47 35.2 174.5 0 0
60800 10 5 0.012 0.307 0.331 0.923 0.343 54 2 69.72 20.56 0 0.72
60800 10 5 0.071 0.318 0.443 0.953 0.715 25 0 34.04 11.08 0 0.8
60800 10 5 0.076 0.331 0.193 0.991 0.625 25 0 40.76 20.78 0 0.64
60800 10 5 0.047 0.36 0.314 0.782 0.201 29 30 42.82 148.16 0 0
60800 10 5 0.095 0.206 0.237 0.861 0.642 25 0 42.32 11.34 0 0.6
60800 10 5 0.062 0.212 0.023 0.974 0.868 55 0 60.74 10.42 0 0.62
60800 10 5 0.033 0.023 0.482 0.956 0.289 25 0 35.58 10.36 0 0.74
60800 10 5 0.077 0.023 0.142 0.815 0.812 25 1 35.7 8.02 0 0.86
60800 10 5 0.027 0.223 0.119 0.947 0.45 27 4 42.3 76.22 0 0.46
60800 10 5 0.112 0.174 0.263 0.958 0.842 25 0 40.7 9.12 0 0.74
60800 10 5 0.118 0.455 0.131 0.794 0.983 31 0 43.36 8.64 0 0.7
60800 10 5 0.078 0.012 0.462 0.98 0.087 25 0 39.08 10.3 0 0.74
60800 10 5 0.103 0.372 0.497 0.952 0.809 25 1 35.9 10.68 0 0.74
60800 10 5 0.074 0.352 0.026 0.853 0.623 29 3 46.5 60.74 0 0.3
60800 10 5 0.024 0.446 0.102 0.94 0.905 25 0 36.6 8.84 0 0.78
60800 10 5 0.093 0.492 0.364 0.939 0.237 30 3 48.7 80.42 0 0.38
60800 10 5 0.028 0.113 0.495 0.823 0.941 25 0 35.68 4.46 0 0.86
60800 10 5 0.054 0.125 0.384 0.836 0.764 26 1 35.62 7.76 0 0.8
60800 10 5 0.033 0.245 0.256 0.846 0.589 54 0 68.88 13.3 0 0.62
60800 10 5 0.091 0.279 0.254 0.996 0.894 25 0 39.72 10.48 0 0.72
60800 10 5 0.005 0.41 0.384 0.942 0.66 36 0 46.02 6.94 0 0.74
60800 10 5 0.004 0.425 0.218 0.953 0.868 25 0 35.94 10.24 0 0.72
60800 10 5 0.02 0.471 0.252 0.862 0.916 25 0 36.3 7.4 0 0.82
60800 10 5 0.053 0.112 0.054 0.877 0.87 53 0 62.08 9.5 0 0.66
60800 10 5 0.055 0.168 0.293 0.957 0.579 25 1 36.72 12.06 0 0.68
60800 10 5 0.021 0.3 0.048 0.953 0.127 27 208 33.04 501.42 0 0
60800 10 5 0.035 0.271 0.281 0.951 0.371 37 1 46.8 26.4 0 0.7
60800 10 5 0.025 0.467 0.09 0.788 0.025 25 831 29.04 974.34 0 0
60800 10 5 0.039 0.354 0.197 0.779 0.26 25 3 44.78 128.62 0 0.32
60800 10 5 0.12 0.197 0.389 0.762 0.246 44 0 52.16 17.36 0 0.52
60800 10 5 0.019 0.443 0.379 0.778 0.699 25 0 34.22 5.82 0 0.78
60800 10 5 0.064 0.492 0.3 0.856 0.837 31 0 41.28 6.84 0 0.8
60800 10 5 0.031 0.033 0.188 0.93 0.67 25 0 37.3 10.86 0 0.76
60800 10 5 0.088 0.431 0.183 0.825 0.813 25 0 35.24 9.24 0 0.7
60800 10 5 0.106 0.085 0.154 0.919 0.98 25 0 35.08 10.78 0 0.74
60800 10 5 0.022 0.447 0.358 0.975 0.121 25 2 53.26 50.14 0 0.54
60800 10 5 0.005 0.476 0.438 0.865 0.745 25 0 33.8 9.82 0 0.8
60800 10 5 0.114 0.308 0.335 0.79 0.438 33 0 44.88 16.92 0 0.62
60800 10 5 0.052 0.263 0.123 0.878 0.421 29 13 42.44 95.44 0 0
60800 10 5 0.071 0.475 0.163 0.992 0.938 25 0 38.5 8.7 0 0.68
60800 10 5 0.017 0.031 0.178 0.789 0.341 25 0 32.48 6.1 0 0.78
60800 10 5 0.113 0.185 0.298 0.861 0.378 50 0 55.66 13.44 0 0.46
60800 10 5 0.082 0.447 0.046 0.78 0.405 25 1074 26.58 1125.94 0 0
60800 10 5 0.054 0.475 0.12 0.861 0.811 25 0 33.74 6.76 0 0.82
60800 10 5 0.006 0.405 0.367 0.962 0.938 26 1 41.58 12.4 0 0.7
60800 10 5 0.02 0.164 0.282 0.914 0.47 44 1 57.32 11.74 0 0.54
60800 10 5 0.104 0.181 0.379 0.945 0.52 26 1 45.94 7.38 0 0.8
60800 10 5 0.014 0.026 0.494 0.971 0.038 59 0 76.1 18.48 0 0.4
60800 10 5 0.113 0.184 0.141 0.879 0.513 35 2 54.66 19.48 0 0.44
60800 10 5 0.05 0.423 0.088 0.821 0.994 25 0 36.16 3.8 0 0.9
60800 10 5 0.014 0.312 0.312 0.837 0.661 55 1 62.8 8.12 0 0.68
60800 10 5 0.11 0.332 0.334 0.919 0.033 25 450 26 1018.74 0 0
60800 10 5 0.077 0.134 0.181 0.785 0.56 42 0 51.8 10.18 0 0.58
60800 10 5 0.052 0.332 0.177 0.834 0.564 45 0 56.68 11.74 0 0.68
60800 10 5 0.072 0.441 0.321 0.841 0.798 25 0 35.16 6.52 0 0.82
60800 10 5 0.077 0.295 0.371 0.992 0.693 49 0 53.86 7.54 0 0.76
60800 10 5 0.004 0.28 0.361 0.831 0.906 27 0 39.18 10.1 0 0.64
60800 10 5 0.031 0.228 0.293 0.942 0.558 38 0 49.6 6.58 0 0.68
60800 10 5 0.117 0.216 0.116 0.935 0.261 28 203 37.76 375.36 0 0
60800 10 5 0.118 0.096 0.144 0.825 0.19 29 14 45.14 83.38 0 0
60800 10 5 0.087 0.227 0.369 0.91 0.393 30 1 47.74 13.64 0 0.58
60800 10 5 0.053 0.227 0.408 0.953 0.545 35 0 49.4 9.76 0 0.72
60800 10 5 0.058 0.231 0.021 0.968 0.518 26 392 33.54 489.36 0 0
60800 10 5 0.064 0.077 0.329 0.861 0.455 50 0 58.66 5.94 0 0.74
60800 10 5 0.029 0.405 0.001 0.931 0.824 38 0 48.86 12.02 0 0.74
60800 10 5 0.112 0.192 0.407 0.894 0.993 25 0 36.58 9.52 0 0.78
60800 10 5 0.025 0.024 0.164 0.917 0.626 49 0 55.34 5.54 0 0.76
60800 10 5 0.023 0.446 0.107 0.915 0.947 25 0 40.82 10.72 0 0.76
60800 10 5 0.021 0.176 0.472 0.987 0.61 28 0 44.4 7.56 0 0.76
60800 10 5 0.083 0.369 0.401 0.926 0.458 35 0 47.62 12.86 0 0.7
60800 10 5 0.033 0.333 0.286 0.821 0.561 31 0 40.38 14.76 0 0.5
60800 10 5 0.108 0.217 0.446 0.799 0.389 26 0 38.8 11.2 0 0.76
60800 10 5 0.059 0.343 0.046 0.759 0.591 37 12 50.28 74.38 0 0
60800 10 5 0.094 0.085 0.122 0.791 0.274 30 1 44.32 36.84 0 0.22
60800 10 5 0.013 0.311 0.026 0.952 0.668 29 2 38.24 33.14 0 0.62
60800 10 5 0.055 0.163 0.256 0.898 0.601 25 0 40.02 12.14 0 0.74
60800 10 5 0.12 0.205 0.128 0.781 0.255 30 14 42.56 126.44 0 0
60800 10 5 0.022 0.036 0.331 0.846 0.37 57 0 61.46 3.54 0 0.88
60800 10 5 0.112 0.352 0.436 0.783 0.631 25 0 36.04 7.38 0 0.76
60800 10 5 0.105 0.176 0.449 0.927 0.031 25 42 45.18 280.32 0 0
60800 10 5 0.107 0.176 0.465 0.983 0.037 25 3 37.6 190.76 0 0.14
60800 10 5 0.103 0.209 0.315 0.776 0.217 32 2 46.8 18.82 0 0.64
60800 10 5 0.044 0.248 0.027 0.914 0.118 25 1116 26.14 1226.82 0 0
60800 10 5 0.056 0.15 0.342 0.863 0.115 36 2 42.36 89.38 0 0.12
60800 10 5 0.092 0.453 0.393 0.887 0.996 25 0 35.84 6 0 0.82
60800 10 5 0.076 0.425 0.189 0.785 0.195 25 202 28.98 493.9 0 0
60800 10 5 0.101 0.159 0.471 0.964 0.34 25 0 36.66 11.04 0 0.76
60800 10 5 0.028 0.453 0.331 0.927 0.939 45 1 56.12 8.7 0 0.7
60800 10 5 0.046 0.022 0.108 0.922 0.846 25 0 34.42 5.84 0 0.84
60800 10 5 0.099 0.345 0.268 0.944 0.689 25 0 43.24 9.7 0 0.7
60800 10 5 0.035 0.405 0.273 0.981 0.453 36 0 44.86 25.98 0 0.58
60800 10 5 0.043 0.195 0.485 0.998 0.274 48 0 60 5.6 0 0.76
60800 10 5 0.087 0.239 0.297 0.911 0.62 28 0 43.12 5.08 0 0.8
60800 10 5 0.114 0.413 0.45 0.943 0.895 57 0 65.1 7.92 0 0.7
60800 10 5 0.024 0.143 0.173 0.819 0.638 55 0 63.48 7.16 0 0.7
60800 10 5 0.107 0.285 0.341 0.752 0.336 35 6 51.48 52.3 0 0.04
60800 10 5 0.109 0.337 0.063 0.842 0.435 26 146 33.88 369.66 0 0
60800 10 5 0.068 0.283 0.396 0.846 0.307 34 0 48.06 18.48 0 0.56
60800 10 5 0.075 0.43 0.027 0.983 0.579 26 49 35.06 249.2 0 0
60800 10 5 0.017 0.399 0.433 0.832 0.722 48 0 58.9 7.7 0 0.72
60800 10 5 0.057 0.014 0.372 0.943 0.227 30 1 43.54 3.56 0 0.9
60800 10 5 0.046 0.401 0.255 0.869 0.98 25 0 36.96 7.84 0 0.82
60800 10 5 0.119 0.097 0.342 0.792 0.721 25 0 38.96 9.8 0 0.68
60800 10 5 0.052 0.402 0.238 0.898 0.873 25 0 39.44 5.96 0 0.8
60800 10 5 0.093 0.354 0.391 0.888 0.467 47 1 58 13.8 0 0.56
60800 10 5 0.034 0.354 0.103 0.993 0.973 25 0 41.04 12.42 0 0.74
60800 10 5 0.022 0.097 0.2 0.839 0.922 25 0 31.9 5.06 0 0.86
60800 10 5 0.041 0.307 0.125 0.966 0.874 43 0 58 6.76 0 0.74
60800 10 5 0.087 0.164 0.093 0.929 0.408 26 7 48.54 150.6 0 0.08
60800 10 5 0.086 0.312 0.391 0.833 0.742 25 0 34.84 7.52 0 0.82
60800 10 5 0.077 0.449 0.405 0.928 0.803 25 0 37.24 12.36 0 0.72
60800 10 5 0.117 0.169 0.32 0.78 0.565 25 0 36.54 9.18 0 0.84
60800 10 5 0.073 0.082 0.087 0.905 0.309 28 9 40.08 97.8 0 0.3
60800 10 5 0.113 0.4 0.491 0.94 0.413 44 0 53.34 7.96 0 0.74
60800 10 5 0.055 0.209 0.486 0.94 0.34 26 0 40.38 10.54 0 0.66
60800 10 5 0.09 0.045 0.214 0.903 0.198 25 0 38.72 10.42 0 0.7
60800 10 5 0.025 0.477 0.47 0.891 0.885 27 0 38.02 6.14 0 0.74
60800 10 5 0.082 0.045 0.036 0.902 0.205 32 152 37.94 201.68 0 0
60800 10 5 0.014 0.289 0.175 0.882 0.926 25 0 37.12 10 0 0.66
60800 10 5 0.119 0.407 0.404 0.978 0.997 25 0 35.02 5 0 0.84
60800 10 5 0.07 0.497 0.435 0.952 0.667 30 1 44.7 8.9 0 0.78
60800 10 5 0.086 0.055 0.2 0.817 0.719 39 0 50.34 5.1 0 0.8
60800 10 5 0.102 0.035 0.404 0.994 0.896 26 0 36.7 4.66 0 0.78
60800 10 5 0.103 0.201 0.188 0.835 0.619 43 0 53.82 12.5 0 0.62
60800 10 5 0.052 0.233 0.028 0.914 0.884 25 0 37.7 8.34 0 0.76
60800 10 5 0.114 0.179 0.087 0.876 0.73 77 1 82.6 10.14 0 0.56
60800 10 5 0.017 0.043 0.424 0.844 0.543 42 0 54.7 6.56 0 0.72
60800 10 5 0.117 0.301 0.217 0.876 0.975 26 0 41.48 5.12 0 0.84
60800 10 5 0.03 0.41 0.362 0.916 0.443 67 1 72.2 9.76 0 0.56
60800 10 5 0.089 0.464 0.132 0.773 0.872 26 1 38.92 12.08 0 0.72
60800 10 5 0.031 0.088 0.069 0.874 0.132 28 201 33.46 376.14 0 0
60800 10 5 0.057 0.093 0.079 0.979 0.425 40 3 53.82 22.66 0 0.52
60800 10 5 0.001 0.147 0.07 0.782 0.285 30 75 43.78 122 0 0
60800 10 5 0.056 0.321 0.387 0.895 0.934 25 0 36.42 7.64 0 0.82
60800 10 5 0.114 0.025 0.259 0.898 0.627 25 0 33.2 5.76 0 0.86
60800 10 5 0.063 0.214 0.354 0.808 0.359 25 0 36.46 18.38 0 0.54
60800 10 5 0.048 0.322 0.238 0.854 0.625 44 0 54.84 11.48 0 0.68
60800 10 5 0.051 0.213 0.31 0.961 0.184 38 3 44.28 86.6 0 0.06
60800 10 5 0.08 0.029 0.213 0.86 0.134 26 0 36.66 5.16 0 0.84
60800 10 5 0.085 0.39 0.111 0.925 0.804 73 1 78.78 8.68 0 0.5
60800 10 5 0.069 0.205 0.304 0.793 0.181 33 6 54.44 84.38 0 0.14
60800 10 5 0.112 0.422 0.199 0.998 0.276 34 83 43.76 261.64 0 0
60800 10 5 0.095 0.153 0.315 0.887 0.672 25 0 35.78 6.2 0 0.84
60800 10 5 0.071 0.062 0.173 0.779 0.172 26 2 36.02 39.22 0 0.68
60800 10 5 0.063 0.47 0.202 0.924 0.065 25 710 28.26 972.06 0 0
60800 10 5 0.012 0.154 0.29 0.901 0.673 39 0 46.72 5.22 0 0.82
60800 10 5 0.042 0.216 0.297 0.816 0.648 25 1 39.78 6.7 0 0.78
60800 10 5 0.061 0.325 0.128 0.959 0.554 45 1 53.9 38.68 0 0.18
60800 10 5 0.1 0.197 0.275 0.911 0.522 28 0 35.54 5.04 0 0.82
60800 10 5 0.029 0.075 0.159 0.884 0.761 25 0 36.16 5.38 0 0.82
60800 10 5 0.004 0.339 0.19 0.925 0.992 25 0 34 6.88 0 0.78
60800 10 5 0.114 0.097 0.08 0.929 0.857 25 1 36.52 8.12 0 0.78
60800 10 5 0.074 0.338 0.158 0.904 0.623 71 0 81.1 15.1 0 0.5
60800 10 5 0.104 0.194 0.188 0.894 0.218 28 8 55.72 135.26 0 0.16
60800 10 5 0.029 0.143 0.079 0.867 0.317 29 80 42.54 169.68 0 0
60800 10 5 0.1 0.456 0.003 0.754 0.983 30 0 39.7 7.76 0 0.72
60800 10 5 0.048 0.303 0.414 0.884 0.142 33 1 47.68 35.68 0 0.36
60800 10 5 0.068 0.403 0.328 0.95 0.607 30 1 38.5 12.94 0 0.76
60800 10 5 0.09 0.383 0.091 0.791 0.127 25 600 30.74 729.96 0 0
60800 10 5 0.034 0.147 0.22 0.834 0.033 25 599 29.34 706.2 0 0
60800 10 5 0.057 0.409 0.291 0.779 0.511 45 0 60.04 7.7 0 0.78
60800 10 5 0.016 0.118 0.459 0.923 0.88 25 0 31.62 7.64 0 0.78
60800 10 5 0.113 0.086 0.148 0.804 0.548 25 0 35.74 9.5 0 0.72
60800 10 5 0.044 0.331 0.178 0.799 0.227 25 9 34.56 242.1 0 0.08
60800 10 5 0.095 0.192 0.186 0.929 0.355 34 1 48.84 41.78 0 0.36
60800 10 5 0.031 0.449 0.227 0.944 0.369 30 1 48.12 43.74 0 0.64
60800 10 5 0.064 0.178 0.401 0.821 0.78 25 0 37.48 8.36 0 0.76
60800 10 5 0.094 0.027 0.373 0.914 0.782 30 0 42.34 4.6 0 0.82
60800 10 5 0.024 0.168 0.417 0.898 0.942 46 0 53.06 4.98 0 0.82
60800 10 5 0.005 0.141 0.476 0.933 0.811 26 0 35.4 9.32 0 0.7
60800 10 5 0.116 0.051 0.411 0.937 0.166 25 0 40.16 10.4 0 0.66
60800 10 5 0.1 0.424 0.498 0.975 0.983 25 0 35.94 12.88 0 0.76
60800 10 5 0.026 0.277 0.167 0.772 0.83 56 1 61.6 7.78 0 0.72
60800 10 5 0.003 0.141 0.019 0.9 0.879 25 0 39.66 15.38 0 0.74
60800 10 5 0.06 0.05 0.338 0.971 0.898 28 0 41.16 10.38 0 0.66
60800 10 5 0.003 0.492 0.229 0.807 0.516 25 0 39.58 33.78 0 0.66
60800 10 5 0.016 0.467 0.191 0.851 0.551 26 2 45.4 20.64 0 0.6
60800 10 5 0.059 0.19 0.341 0.755 0.948 25 0 38.3 8.12 0 0.76
60800 10 5 0.04 0.292 0.026 0.935 0.124 25 759 28.94 910.64 0 0
60800 10 5 0.02 0.405 0.054 0.9 0.043 25 851 29.26 1088.58 0 0
60800 10 5 0.065 0.315 0.214 0.875 0.183 28 10 45.28 147.9 0 0
60800 10 5 0.108 0.321 0.27 0.79 0.436 33 2 40.74 15.42 0 0.66
60800 10 5 0.005 0.059 0.058 0.855 0.157 26 5 51.3 67.06 0 0.36
60800 10 5 0.074 0.366 0.46 0.895 0.605 36 0 56.74 8.34 0 0.6
60800 10 5 0.098 0.086 0.314 0.834 0.239 62 0 66.54 5.92 0 0.7
60800 10 5 0.115 0.333 0.323 0.991 0.749 25 0 36.22 6.4 0 0.84
60800 10 5 0.116 0.474 0.235 0.919 0.06 25 280 28.48 705.96 0 0
60800 10 5 0.06 0.324 0.337 0.855 0.521 30 1 45.82 14.26 0 0.54
60800 10 5 0.017 0.287 0.41 0.98 0.691 25 0 39.72 9.02 0 0.74
60800 10 5 0.044 0.138 0.231 0.872 0.663 41 0 53.46 7.5 0 0.68
60800 10 5 0.04 0.153 0.007 0.771 0.071 25 598 27.24 998.16 0 0
60800 10 5 0.056 0.117 0.289 0.901 0.988 25 0 38.68 10.54 0 0.74
60800 10 5 0.004 0.325 0.38 0.872 0.081 30 85 37.36 162.9 0 0
60800 10 5 0.046 0.234 0.303 0.911 0.179 33 1 50.14 41.38 0 0.56
60800 10 5 0.092 0.222 0.41 0.864 0.358 28 0 44.44 8.94 0 0.7
60800 10 5 0.079 0.119 0.335 0.883 0.431 34 0 44.34 5.8 0 0.82
60800 10 5 0.103 0.239 0.1 0.768 0.715 55 0 60.22 9.4 0 0.6
60800 10 5 0.086 0.248 0.48 0.827 0.771 32 0 38.96 9.6 0 0.66
60800 10 5 0.007 0.44 0.408 0.845 0.762 46 0 51.98 4.12 0 0.82
60800 10 5 0.044 0.04 0.5 0.788 0.645 25 1 43.34 11.84 0 0.7
60800 10 5 0.044 0.43 0.243 0.88 0.762 25 0 36.32 5.6 0 0.86
60800 10 5 0.118 0.338 0.486 0.965 0.773 26 0 42.72 10.04 0 0.7
60800 10 5 0.022 0.002 0.333 0.948 0.341 26 0 40.84 6.84 0 0.84
60800 10 5 0.061 0.457 0.254 0.957 0.44 41 3 51.12 51.16 0 0.06
60800 10 5 0.053 0.264 0.351 0.963 0.734 25 0 34.3 3.5 0 0.88
60800 10 5 0.038 0.045 0.009 0.95 0.088 25 848 26.62 1031.04 0 0
60800 10 5 0.06 0.198 0.093 0.844 0.966 47 0 55.22 6 0 0.72
60800 10 5 0.103 0.444 0.241 0.758 0.526 40 0 50.42 25.46 0 0.5
60800 10 5 0.009 0.252 0.114 0.961 0.32 25 2 54.52 89.38 0 0.6
60800 10 5 0.024 0.256 0.051 0.965 0.275 25 551 27.88 802.32 0 0
60800 10 5 0.014 0.171 0.366 0.858 0.814 25 0 40.08 9.42 0 0.74
60800 10 5 0.028 0.304 0.188 0.821 0.837 33 0 44.76 6.32 0 0.74
60800 10 5 0.005 0.051 0.35 0.786 0.274 31 0 41.64 8.76 0 0.74
60800 10 5 0.088 0.041 0.038 0.84 0.543 26 0 43.98 8.94 0 0.7
60800 10 5 0.011 0.369 0.037 0.875 0.44 25 338 31.82 564.78 0 0
60800 10 5 0.119 0.368 0.348 0.751 0.435 34 0 44.12 14.98 0 0.66
60800 10 5 0.11 0.205 0.009 0.986 0.192 25 872 26.24 1016.78 0 0
60800 10 5 0.08 0.403 0.137 0.984 0.333 44 21 52.64 127.88 0 0
60800 10 5 0.101 0.453 0.103 0.957 0.803 49 0 60.22 8.34 0 0.74
60800 10 5 0.039 0.346 0.006 0.75 0.32 25 1142 26.2 1191.66 0 0
60800 10 5 0.011 0.439 0.32 0.991 0.709 25 0 36.5 4.6 0 0.84
60800 10 5 0.073 0.458 0.353 0.833 0.649 25 0 35.34 11.04 0 0.8
60800 10 5 0.04 0.358 0.156 0.81 0.963 25 1 35.26 9.38 0 0.8
60800 10 5 0.015 0.184 0.46 0.828 0.688 25 0 36.4 6.78 0 0.8
60800 10 5 0.079 0.262 0.487 0.758 0.317 26 0 40.6 11.86 0 0.64
60800 10 5 0.115 0.19 0.345 1 0.106 25 51 36.08 156.86 0 0
60800 10 5 0.067 0.287 0.385 0.863 0.17 34 4 49.42 48.68 0 0.4
60800 10 5 0.083 0.029 0.003 0.845 0.089 25 1120 26.2 1195.76 0 0
60800 10 1 0.093 0.218 0.051 0.972 0.935 99 1 105.8 7.82 0 0.7
60800 10 1 0.011 0.483 0.154 0.962 0.109 25 142 28.82 503.48 0 0
60800 10 1 0.04 0.257 0.24 0.998 0.196 25 4 35.2 162.1 0 0.16
60800 10 1 0.115 0.104 0.232 0.975 0.234 57 1 84.64 20.1 0 0.58
60800 10 1 0.018 0.073 0.198 0.995 0.098 27 5 38.04 127.1 0 0.02
60800 10 1 0.096 0.347 0.085 0.769 0.009 25 1134 26.1 1170.9 0 0
60800 10 1 0.101 0.2 0.085 0.837 0.668 82 4 94.44 22.42 0 0.26
60800 10 1 0.072 0.257 0.093 0.876 0.37 25 101 37.66 284.38 0 0
60800 10 1 0.045 0.283 0.464 0.882 0.061 27 7 35.36 184.42 0 0.1
60800 10 1 0.077 0.195 0.058 0.897 0.219 25 1090 26.04 1118.62 0 0
60800 10 1 0.075 0.067 0.411 0.848 0.002 25 1096 26.14 1141.6 0 0
60800 10 1 0.046 0.069 0.137 0.978 0.232 48 3 67.32 55.98 0 0.32
60800 10 1 0.102 0.21 0.152 0.965 0.452 34 2 51.58 60.7 0 0.3
60800 10 1 0.078 0.089 0.357 0.869 0.159 78 3 93.74 15.58 0 0.62
60800 10 1 0.105 0.181 0.368 0.868 0.468 94 1 108.06 13.38 0.5 0.46
60800 10 1 0.069 0.103 0.492 0.817 0.591 96 0 106.8 10.32 0.12 0.6
60800 10 1 0.075 0.169 0.356 0.941 0.859 88 1 104.54 17.66 0.28 0.56
60800 10 1 0.066 0.471 0.037 0.968 0.258 25 995 26.38 1141.68 0 0
60800 10 1 0.115 0.248 0.255 0.756 0.954 91 0 100.88 11.04 0 0.52
60800 10 1 0.098 0.428 0.017 0.811 0.076 25 1104 26.38 1154.78 0 0
60800 10 1 0.02 0.313 0.028 0.843 0.107 25 976 26.26 1032.6 0 0
60800 10 1 0.069 0.286 0.265 0.88 0.727 85 0 97.72 11.32 0 0.5
60800 10 1 0.078 0.052 0.302 0.849 0.54 85 2 99.6 11.74 0 0.58
60800 10 1 0.099 0.259 0.479 0.928 0.856 108 0 114.24 8.22 0.68 0.7
60800 10 1 0.112 0.055 0.428 0.929 0.487 85 1 98.74 10.8 0 0.64
60800 10 1 0.007 0.414 0.331 0.967 0.229 28 2 45.1 86.48 0 0.46
60800 10 1 0.008 0.384 0.152 0.961 0.238 26 45 41.66 192.4 0 0
60800 10 1 0.065 0.326 0.152 0.818 0.808 91 2 103.02 13.9 0 0.42
60800 10 1 0.013 0.468 0.428 0.914 0.845 96 2 105.92 14.94 0.28 0.3
60800 10 1 0.042 0.423 0.306 0.957 0.35 33 2 49.9 61.9 0 0.28
60800 10 1 0.015 0.405 0.364 0.858 0.212 34 19 42 81.76 0 0
60800 10 1 0.021 0.037 0.156 0.982 0.694 82 0 105.06 12.8 0.38 0.48
60800 10 1 0.076 0.145 0.348 0.98 0.598 103 0 114.68 11.84 0.72 0.42
60800 10 1 0.015 0.266 0.242 0.963 0.527 90 1 99.6 20.28 0 0.16
60800 10 1 0.091 0.461 0.384 0.898 0.266 35 40 47.6 81.42 0 0
60800 10 1 0.026 0.349 0.484 0.779 0.676 92 0 102.54 11.5 0.1 0.6
60800 10 1 0.038 0.139 0.227 0.819 0.069 25 169 28.34 451.94 0 0
60800 10 1 0.093 0.448 0.311 0.951 0.184 25 57 32.06 240.28 0 0
60800 10 1 0.011 0.403 0.192 0.968 0.387 35 1 51.98 51.18 0 0.34
60800 10 5 0.058 0.466 0.038 0.786 0.578 27 8 48.5 126.2 0 0.3
60800 10 5 0.056 0.42 0.103 0.779 0.435 35 37 45.02 106.58 0 0
60800 10 5 0.086 0.439 0.451 0.85 0.072 26 18 37.24 176.76 0 0
60800 10 5 0.054 0.359 0.098 0.86 0.682 48 0 56.06 9.48 0 0.58
60800 10 5 0.07 0.449 0.074 0.943 0.677 32 2 40.28 30.16 0 0.54
60800 10 5 0.017 0.479 0.276 0.843 0.375 39 0 48.32 39.24 0 0.5
60800 10 5 0.009 0.084 0.184 0.958 0.298 46 6 55.16 32.86 0 0.1
60800 10 5 0.099 0.427 0.319 0.832 0.928 25 1 38.58 8.28 0 0.8
60800 10 5 0.04 0.203 0.068 0.751 0.191 25 1028 26.28 1084.36 0 0
60800 10 5 0.007 0.233 0.403 0.983 0.645 27 2 37.16 9.42 0 0.78
60800 10 5 0.115 0.225 0.371 0.888 0.022 25 293 32.94 660.68 0 0
60800 10 5 0.048 0.408 0.071 0.832 0.925 26 2 39.12 10.22 0 0.66
60800 10 5 0.072 0.301 0.217 0.767 0.957 26 0 38.28 8.14 0 0.8
60800 10 5 0.099 0.143 0.154 0.831 0.131 25 450 32.3 551.88 0 0
60800 10 5 0.047 0.208 0.177 0.782 0.005 25 1154 26.4 1192 0 0
60800 10 5 0.103 0.204 0.136 0.853 0.337 31 40 42.8 128.2 0 0
60800 10 5 0.092 0.289 0.396 0.955 0.875 25 0 37.36 7.08 0 0.78
60800 10 5 0.039 0.319 0.263 0.861 0.104 25 63 36.7 242.3 0 0
60800 10 5 0.106 0.286 0.361 0.831 0.626 25 0 38.12 9.04 0 0.78
60800 10 5 0.045 0.193 0.456 0.832 0.951 25 0 41.08 8.38 0 0.76
60800 10 5 0.023 0.379 0.324 0.968 0.685 25 0 40.06 11.1 0 0.76
60800 10 5 0.101 0.313 0.109 0.821 0.575 26 1 35.92 24.34 0 0.6
60800 10 5 0.092 0.217 0.426 0.82 0.019 25 402 28.16 681.32 0 0
60800 10 5 0.106 0.432 0.016 0.906 0.235 25 760 26.04 965.64 0 0
60800 10 5 0.077 0.243 0.084 0.867 0.872 46 0 54.72 8.18 0 0.7
60800 10 5 0.003 0.404 0.448 0.932 0.508 34 0 46.34 10.58 0 0.68
60800 10 5 0.054 0.151 0.125 0.932 0.719 25 0 39.02 11.02 0 0.68
60800 10 5 0.101 0.256 0.413 0.978 0.136 30 6 42.5 76.32 0 0.14
60800 10 5 0.003 0.249 0.19 0.893 0.443 31 4 43.62 42.84 0 0.36
60800 10 5 0.052 0.234 0.369 0.815 0.64 27 0 41.22 6.22 0 0.8
60800 10 5 0.041 0.491 0.242 0.808 0.303 29 10 39.44 169.1 0 0
60800 10 5 0.117 0.494 0.036 0.976 0.385 25 934 26.28 1061.82 0 0
60800 10 5 0.017 0.406 0.009 0.875 0.932 53 0 64.8 6.98 0 0.76
60800 10 5 0.03 0.203 0.464 0.926 0.758 25 0 36.38 9.96 0 0.78
60800 10 5 0.02 0.081 0.49 0.859 0.433 25 1 33.38 11.54 0 0.76
60800 10 5 0.075 0.436 0.31 0.911 0.461 35 0 43.02 8.14 0 0.72
60800 10 5 0.035 0.011 0.456 0.94 0.077 25 0 36.98 6.02 0 0.82
60800 10 5 0.056 0.263 0.346 0.899 0.285 38 0 56.52 22.98 0 0.62
60800 10 5 0.116 0.269 0.21 0.77 0.032 25 910 26.14 1047.68 0 0
60800 10 5 0.107 0.19 0.034 0.896 0.268 25 831 26.16 918.6 0 0
60800 10 5 0.061 0.387 0.288 0.777 0.779 43 0 50.66 4.8 0 0.82
60800 10 5 0.088 0.044 0.191 0.895 0.271 25 0 36.48 9.72 0 0.74
60800 10 5 0.027 0.166 0.027 0.845 0.111 25 746 26.28 1044.76 0 0
60800 10 5 0.045 0.038 0.464 0.93 0.458 43 0 50.54 7.6 0 0.78
60800 10 5 0.049 0.399 0.099 0.998 0.678 51 1 61.82 22.8 0 0.58
60800 10 5 0.039 0.008 0.247 0.794 0.73 25 0 34.48 7.36 0 0.74
60800 10 5 0.083 0.148 0.498 0.919 0.198 31 0 44.68 10.26 0 0.68
60800 10 5 0.108 0.067 0.489 0.902 0.087 45 0 60.84 6.4 0 0.7
60800 10 5 0.112 0.155 0.012 0.754 0.256 25 850 26.72 954.5 0 0
60800 10 5 0.023 0.138 0.186 0.761 0.961 40 0 52.18 5.26 0 0.78
60800 10 5 0.009 0.429 0.224 0.881 0.982 38 0 58.78 9.88 0 0.68
60800 10 5 0.064 0.186 0.148 0.962 0.892 25 0 33.54 3.76 0 0.9
60800 10 5 0.106 0.022 0.252 0.756 0.407 32 0 45.16 7.8 0 0.7
60800 10 5 0.016 0.012 0.075 0.954 0.369 25 0 45.64 9.78 0 0.68
60800 10 5 0.093 0.16 0.117 0.982 0.928 25 0 34.64 5.54 0 0.86
60800 10 5 0.031 0.135 0.162 0.97 0.268 40 2 55.98 48.66 0 0.32
60800 10 5 0.088 0.28 0.432 0.822 0.61 61 0 64.52 6.5 0 0.68
60800 10 5 0.101 0.306 0.141 0.82 0.391 25 8 41.22 195.48 0 0.12
60800 10 5 0.066 0.145 0.342 0.885 0.66 31 0 40 9.52 0 0.7
60800 10 5 0.074 0.411 0.153 0.986 0.838 25 0 44.24 11.58 0 0.7
60800 10 5 0.025 0.488 0.363 0.918 0.281 32 1 47.7 68.46 0 0.42
60800 10 5 0.045 0.143 0.332 0.948 0.469 25 0 37.76 9.26 0 0.68
60800 10 5 0.035 0.365 0.149 1 0.939 25 0 39.72 9.8 0 0.74
60800 10 5 0.002 0.105 0.326 0.994 0.222 50 1 59.36 15.94 0 0.56
60800 10 5 0.031 0.127 0.142 0.833 0.42 29 1 51.78 60.48 0 0.54
60800 10 5 0.077 0.14 0.257 0.902 0.168 32 26 40.6 82.12 0 0
60800 10 5 0.072 0.037 0.357 0.913 0.793 31 0 40.92 8.04 0 0.74
60800 10 5 0.067 0.433 0.329 0.952 0.005 25 536 31.06 810.7 0 0
60800 10 5 0.095 0.11 0.406 0.888 0.06 26 3 38.4 132.3 0 0.34
60800 10 5 0.086 0.281 0.435 0.789 0.465 33 0 42.42 8 0 0.8
60800 10 5 0.116 0.096 0.281 0.962 0.267 44 0 51.26 8.54 0 0.72
60800 10 5 0.029 0.251 0.013 0.971 0.649 39 0 49.72 36.9 0 0.38
60800 10 5 0.075 0.169 0.367 0.859 0.265 35 1 43.84 18.9 0 0.5
60800 10 5 0.061 0.408 0.23 0.879 0.574 40 0 50.72 17.88 0 0.62
60800 10 5 0.073 0.118 0.376 0.958 0.028 26 136 32.68 346.74 0 0
60800 10 5 0.092 0.391 0.003 0.987 0.405 25 961 26.52 1019.18 0 0
60800 10 5 0.112 0.458 0.064 0.798 0.082 25 915 26.12 964.5 0 0
60800 10 5 0.063 0.058 0.117 0.803 0.945 42 1 53.22 7.46 0 0.64
60800 10 5 0.036 0.302 0.237 0.972 0.797 25 0 36.72 8.86 0 0.72
60800 10 5 0.054 0.493 0.091 0.752 0.989 25 1 34.18 5.52 0 0.9
60800 10 5 0.013 0.109 0.052 0.781 0.943 26 0 37.16 7.98 0 0.74
60800 10 5 0.004 0.228 0.335 0.779 0.62 25 0 34.62 6.62 0 0.86
60800 10 5 0.084 0.285 0.034 0.992 0.514 25 219 30.6 353.28 0 0
60800 10 5 0.021 0.198 0.127 0.954 0.207 29 3 44.38 98.48 0 0.42
60800 10 5 0.105 0.068 0.112 0.906 0.952 25 0 40.24 9.66 0 0.74
60800 10 5 0.009 0.05 0.349 0.977 0.311 25 0 33.54 6.42 0 0.78
60800 10 5 0.116 0.367 0.263 0.838 0.122 25 185 33.08 414.28 0 0
60800 10 5 0.106 0.393 0.35 0.93 0.929 50 0 55.58 7.64 0 0.74
60800 10 5 0.043 0.21 0.006 0.904 0.6 32 6 44.76 70.54 0 0.28
60800 10 5 0.103 0.472 0.281 0.778 0.745 25 0 37.24 11.22 0 0.78
60800 10 5 0.095 0.123 0.161 0.945 0.668 25 0 37.76 5.48 0 0.78
60800 10 5 0.027 0.238 0.465 0.829 0.509 25 0 36.02 11 0 0.74
60800 10 5 0.005 0.314 0.133 0.96 0.399 31 1 39.46 81.72 0 0.3
60800 10 5 0.04 0.37 0.083 0.771 0.613 34 5 44.6 32.22 0 0.46
60800 10 5 0.068 0.128 0.415 0.89 0.891 26 1 36.78 7.08 0 0.82
60800 10 5 0.031 0.064 0.201 0.828 0.692 25 0 35.72 9.78 0 0.8
60800 10 5 0.02 0.097 0.205 0.768 0.039 25 31 41.54 241.5 0 0
60800 10 5 0.083 0.242 0.359 0.947 0.963 25 0 40.16 9.22 0 0.68
60800 10 5 0.105 0.237 0.374 0.962 0.833 36 0 46.96 5.96 0 0.84
60800 10 5 0.045 0.103 0.214 0.978 0.548 40 0 46.98 10.2 0 0.64
60800 10 5 0.038 0.32 0.058 0.996 0.878 54 0 60.44 7.08 0 0.78
60800 10 5 0.1 0.13 0.064 0.988 0.197 25 147 36.46 427.82 0 0
60800 10 5 0.046 0.23 0.127 0.786 0.421 25 3 45.3 115.6 0 0.32
60800 10 5 0.043 0.292 0.15 0.794 0.742 25 0 36.56 14.9 0 0.66
60800 10 5 0.096 0.262 0.01 0.824 0.859 41 1 55.36 7.56 0 0.7
60800 10 5 0.119 0.373 0.288 0.791 0.008 25 1091 26.22 1175.28 0 0
60800 10 5 0.066 0.058 0.235 0.911 0.89 36 0 49.4 6.5 0 0.74
60800 10 5 0.092 0.131 0.411 0.911 0.753 33 0 43.1 8.36 0 0.68
60800 10 5 0.056 0.464 0.089 0.829 0.707 35 0 42.26 8.72 0 0.74
60800 10 5 0.02 0.372 0.319 0.832 0.151 39 1 48.7 39.74 0 0.38
60800 10 5 0.078 0.302 0.014 0.919 0.313 25 806 26.18 1031.56 0 0
60800 10 5 0.093 0.408 0.156 0.871 0.048 25 1048 26.14 1086.46 0 0
60800 10 5 0.099 0.156 0.13 0.82 0.195 26 225 32.92 403.48 0 0
60800 10 5 0.119 0.208 0.497 0.915 0.214 25 0 35.78 11.34 0 0.72
60800 10 5 0.109 0.06 0.319 0.828 0.447 25 1 40.66 8.16 0 0.8
60800 10 5 0.006 0.223 0.184 0.97 0.792 25 0 38.16 5.42 0 0.86
60800 10 5 0.013 0.36 0.112 0.959 0.273 26 1 45.62 115.76 0 0.28
60800 10 5 0.056 0.115 0.298 0.751 0.082 32 62 41.28 138.96 0 0
60800 10 5 0.053 0.397 0.183 0.769 0.942 25 1 35.64 9.1 0 0.82
60800 10 5 0.036 0.36 0.18 0.754 0.49 43 2 61.5 21.22 0 0.44
60800 10 5 0.077 0.154 0.318 0.924 0.567 50 1 58.72 8.4 0 0.8
60800 10 5 0.015 0.22 0.031 0.89 0.027 25 1140 26.34 1229.22 0 0
60800 10 5 0.088 0.246 0.102 0.934 0.807 41 0 53.34 8.02 0 0.72
60800 10 5 0.06 0.249 0.457 0.772 0.132 37 1 49.78 76.2 0 0.26
60800 10 5 0.029 0.295 0.128 0.784 0.789 35 1 44 10 0 0.74
60800 10 5 0.061 0.163 0.027 0.827 0.105 25 920 26.46 1098.4 0 0
60800 10 5 0.081 0.427 0.275 0.839 0.285 29 5 43.24 128.04 0 0.3
60800 10 5 0.079 0.328 0.214 0.912 0.506 48 2 63.46 23.92 0 0.28
60800 10 5 0.06 0.325 0.106 0.863 0.425 26 4 40.42 189.38 0 0.02
60800 10 5 0.048 0.042 0.499 0.906 0.053 25 0 48.86 21.06 0 0.72
60800 10 5 0.068 0.491 0.057 0.953 0.526 26 128 35.58 336.08 0 0
60800 10 5 0.085 0.109 0.17 0.966 0.253 27 3 44.88 27.22 0 0.62
60800 10 5 0.056 0.421 0.241 0.782 0.831 25 0 35.18 9.66 0 0.76
60800 10 5 0.003 0.008 0.302 0.871 0.784 32 0 42.18 5.8 0 0.78
60800 10 5 0.031 0.445 0.483 0.76 0.298 48 0 54.46 10.04 0 0.52
60800 10 5 0.093 0.325 0.231 0.803 0.647 50 0 62.22 8.94 0 0.58
60800 10 5 0.104 0.214 0.413 0.937 0.135 41 2 53.14 46.16 0 0.24
60800 10 5 0.03 0.133 0.089 0.958 0.235 27 40 35.96 146.46 0 0
60800 10 5 0.045 0.319 0.295 0.775 0.646 33 0 41.36 10.74 0 0.74
60800 10 5 0.063 0.425 0.455 0.983 0.138 44 6 53.76 77.84 0 0.12
60800 10 5 0.057 0.236 0.46 0.763 0.391 26 0 37.24 8.1 0 0.8
60800 10 5 0.019 0.457 0.472 0.876 0.243 43 0 56.22 34.26 0 0.26
60800 10 5 0.043 0.101 0.415 0.883 0.341 25 0 33.06 9.12 0 0.8
60800 10 5 0.101 0.039 0.149 0.844 0.679 25 1 35.22 6.04 0 0.82
60800 10 5 0.063 0.183 0.25 0.992 0.203 27 2 51.78 101.62 0 0.5
60800 10 5 0.016 0.037 0.371 0.996 0.711 25 0 39.36 6.26 0 0.8
60800 10 5 0.034 0.029 0.452 0.769 0.527 25 0 33.78 5.64 0 0.84
60800 10 5 0.069 0.016 0.278 0.995 0.959 34 0 42.84 7.06 0 0.78
60800 10 5 0.032 0.388 0.217 0.799 0.292 31 7 46.18 106.88 0 0.04
60800 10 5 0.076 0.33 0.239 0.848 0.525 25 2 46.2 23.04 0 0.62
60800 10 5 0.099 0.254 0.068 0.836 0.511 29 2 51.38 45.74 0 0.44
60800 10 5 0.039 0.225 0.475 0.878 0.489 25 0 34.72 5.08 0 0.86
60800 10 5 0.08 0.342 0.447 0.988 0.357 31 2 46.06 13.84 0 0.6
60800 10 5 0.001 0.454 0.363 0.808 0.789 47 0 59.84 9.26 0 0.72
60800 10 5 0.081 0.417 0.148 0.831 0.746 25 0 38.86 10.2 0 0.72
60800 10 5 0.04 0.081 0.062 0.973 0.584 39 0 60.5 21.44 0 0.3
60800 10 5 0.007 0.232 0.021 0.841 0.098 25 1107 26.22 1169.62 0 0
60800 10 5 0.118 0.425 0.072 0.776 0.598 43 1 53.48 42.18 0 0.24
60800 10 5 0.041 0.099 0.291 0.845 0.44 25 0 35.9 10.02 0 0.72
60800 10 5 0.029 0.23 0.206 0.848 0.245 25 7 46.84 126.26 0 0.22
60800 10 5 0.11 0.338 0.25 0.812 0.458 45 1 58.6 20.94 0 0.46
60800 10 5 0.048 0.036 0.094 0.807 0.837 26 0 37.88 8.72 0 0.68
60800 10 5 0.004 0.319 0.314 0.9 0.32 36 1 46.54 46.54 0 0.26
60800 10 5 0.031 0.342 0.307 0.99 0.668 26 0 39.84 8.6 0 0.72
60800 10 5 0.092 0.244 0.468 0.795 0.971 28 0 41.08 5.38 0 0.78
60800 10 5 0.095 0.126 0.254 0.903 0.429 64 0 70.94 10.4 0 0.62
60800 10 5 0.113 0.092 0.084 0.854 0.324 30 1 46.34 11.72 0 0.66
60800 10 5 0.051 0.469 0.133 0.846 0.097 25 824 26.36 1012.9 0 0
60800 10 5 0.048 0.458 0.19 0.987 0.805 25 0 37.86 9.66 0 0.72
60800 10 5 0.078 0.448 0.293 0.896 0.433 37 3 52.92 43.22 0 0.34
60800 10 5 0.082 0.385 0.486 0.792 0.505 25 0 34.98 10.68 0 0.78
60800 10 5 0.013 0.494 0.274 0.772 0.059 25 3 40 195.22 0 0.34
60800 10 5 0.064 0.257 0.386 0.875 0.104 25 3 39.66 116.38 0 0.22
60800 10 5 0.023 0.014 0.052 0.982 0.063 35 137 42.98 259.12 0 0
60800 10 5 0.076 0.125 0.057 0.973 0.338 28 140 37.92 347.08 0 0
60800 10 5 0.02 0.386 0.44 0.913 0.807 26 0 47.98 10.12 0 0.72
60800 10 5 0.06 0.417 0.263 0.922 0.101 25 365 26.84 699.02 0 0
60800 10 5 0.023 0.26 0.402 0.951 0.184 33 0 56.8 34.32 0 0.68
60800 10 5 0.054 0.064 0.401 0.85 0.599 25 0 35.2 10.1 0 0.74
60800 10 5 0.113 0.04 0.336 0.8 0.833 26 0 37.64 6.9 0 0.72
60800 10 5 0.025 0.037 0.124 0.812 0.108 32 0 48 103.72 0 0.08
60800 10 5 0.009 0.316 0.12 0.954 0.671 27 0 39.44 15.04 0 0.66
60800 10 5 0.045 0.299 0.215 0.996 0.683 50 0 57.36 9.9 0 0.66
60800 10 5 0.095 0.072 0.251 0.878 0.928 25 0 37.68 10.5 0 0.74
60800 10 5 0.03 0.435 0.046 0.811 0.152 25 1157 26.1 1200.14 0 0
60800 10 5 0.049 0.132 0.123 0.947 0.607 35 1 46 10.62 0 0.58
60800 10 5 0.111 0.346 0.491 0.846 0.971 25 1 34.78 7.14 0 0.82
60800 10 5 0.068 0.177 0.195 0.782 0.425 35 1 47.7 9.18 0 0.74
60800 10 5 0.103 0.498 0.413 0.783 0.223 28 5 39.56 159.96 0 0.2
60800 10 5 0.018 0.21 0.436 0.794 0.89 25 0 45.94 9.28 0 0.72
60800 10 5 0.002 0.484 0.064 0.907 0.697 25 1 40.16 21.22 0 0.7
60800 10 5 0.079 0.434 0.48 0.762 0.314 27 1 47.42 29.58 0 0.4
60800 10 5 0.052 0.171 0.029 0.943 0.722 26 0 55.56 19.96 0 0.6
60800 10 5 0.051 0.256 0.155 0.799 0.967 33 0 43.9 7.88 0 0.68
60800 10 5 0.021 0.18 0.388 0.91 0.846 27 0 43.14 6.44 0 0.8
60800 10 5 0.033 0.183 0.063 0.834 0.701 55 2 63.52 13.76 0 0.68
60800 10 5 0.072 0.415 0.206 0.827 0.885 44 0 53.52 8.58 0 0.78
60800 10 5 0.034 0.158 0.11 0.975 0.728 72 0 75.14 8.66 0 0.58
60800 10 5 0.003 0.31 0.071 0.854 0.841 26 0 41.34 6.66 0 0.76
60800 10 5 0.041 0.31 0.463 0.993 0.121 52 17 58.5 79.36 0 0
60800 10 5 0.059 0.417 0.371 0.777 0.788 25 0 35.16 5.46 0 0.82
60800 10 5 0.09 0.463 0.12 0.759 0.142 25 959 26.38 995.2 0 0
60800 10 5 0.045 0.253 0.021 0.994 0.803 40 1 49 10.72 0 0.7
60800 10 5 0.059 0.021 0.006 0.891 0.332 55 0 66.16 14.26 0 0.46
60800 10 5 0.022 0.177 0.484 0.845 0.79 25 0 35.76 9.58 0 0.84
60800 10 5 0.002 0.183 0.177 0.962 0.545 57 0 59.82 10.8 0 0.66
60800 10 5 0.036 0.055 0.369 0.764 0.731 25 0 38.66 9.18 0 0.72
60800 10 5 0.008 0.317 0.2 0.799 0.717 41 0 46.88 10.12 0 0.64
60800 10 5 0.09 0.495 0.222 0.853 0.246 26 13 38.92 180.76 0 0
60800 10 5 0.079 0.364 0.222 0.934 0.973 43 1 52.1 7.14 0 0.74
60800 10 5 0.081 0.064 0.209 0.756 0.52 25 0 37.38 4.7 0 0.8
60800 10 5 0.034 0.337 0.122 0.874 0.785 45 0 58.1 10.32 0 0.62
60800 10 5 0.091 0.106 0.442 0.904 0.844 27 0 37.3 8.3 0 0.8
60800 10 5 0.063 0.318 0.252 0.786 0.237 25 0 47.04 168.06 0 0.34
60800 10 5 0.069 0.14 0.397 0.947 0.487 25 0 38.8 7.1 0 0.8
60800 10 5 0.063 0.319 0.331 0.775 0.865 25 0 42.5 9.3 0 0.72
60800 10 5 0.117 0.469 0.082 0.829 0.251 25 544 27.74 857.46 0 0
60800 10 5 0.043 0.011 0.096 0.892 0.375 25 0 38.78 9.22 0 0.76
60800 10 5 0.079 0.273 0.348 0.882 0.5 30 0 48.98 17.28 0 0.62
60800 10 5 0.057 0.275 0.113 0.978 0.154 25 436 29.18 713.44 0 0
60800 10 5 0.086 0.401 0.156 0.778 0.499 29 2 42.96 38.86 0 0.48
60800 10 5 0.105 0.177 0.136 0.873 0.819 47 0 53.12 5.88 0 0.72
60800 10 5 0.071 0.491 0.479 0.845 0.069 26 3 49.76 183.72 0 0.2
60800 10 5 0.03 0.337 0.079 0.792 0.212 25 534 29.22 683.16 0 0
60800 10 5 0.062 0.475 0.259 0.892 0.09 25 633 32.96 828.66 0 0
60800 10 5 0.039 0.439 0.185 0.995 0.127 25 322 32.42 600.44 0 0
60800 10 5 0.09 0.476 0.353 0.843 0.352 32 1 47.44 40.88 0 0.4
60800 10 5 0.027 0.329 0.499 0.829 0.562 26 2 36.22 8.02 0 0.82
60800 10 5 0.034 0.312 0.296 0.903 0.13 25 3 36.98 193.84 0 0.24
60800 10 5 0.024 0.133 0.484 0.95 0.263 31 0 41.22 8.78 0 0.8
60800 10 5 0.115 0.399 0.49 0.983 0.546 25 1 36.76 6.38 0 0.74
60800 10 5 0.095 0.222 0.075 0.756 0.994 25 0 34.16 6.7 0 0.82
60800 10 5 0.097 0.022 0.167 0.754 0.841 39 0 51.42 6.74 0 0.84
60800 10 5 0.079 0.432 0.322 0.785 0.176 26 44 40.8 195.48 0 0
60800 10 5 0.028 0.078 0.065 0.814 0.706 54 2 59.9 13.26 0 0.46
60800 10 5 0.034 0.254 0.148 0.846 0.087 25 614 29.62 753.54 0 0
60800 10 5 0.094 0.026 0.477 0.958 0.436 26 1 38.4 10.56 0 0.7
60800 10 5 0.071 0.405 0.134 0.95 0.061 25 717 28.36 833.8 0 0
60800 10 5 0.102 0.459 0.243 0.922 0.773 25 0 35.32 6.04 0 0.84
60800 10 5 0.021 0.493 0.168 0.911 0.681 26 1 40.32 21.02 0 0.62
60800 10 5 0.076 0.11 0.222 0.928 0.776 28 0 44.56 8.28 0 0.68
60800 10 5 0.021 0.481 0.033 0.79 0.403 25 731 26.78 893.04 0 0
60800 10 5 0.026 0.334 0.439 0.778 0.895 25 1 37.78 11.4 0 0.74
60800 10 5 0.068 0.001 0.413 0.791 0.687 26 0 39.88 4.82 0 0.84
60800 10 5 0.077 0.05 0.408 0.926 0.385 41 0 56.38 7.68 0 0.72
60800 10 5 0.034 0.242 0.266 0.81 0.662 58 0 61.32 9.52 0 0.68
60800 10 5 0.055 0.292 0.05 0.932 0.171 25 662 30.34 763.24 0 0
60800 10 5 0.109 0.448 0.264 0.793 0.701 25 0 40.18 10.62 0 0.74
60800 10 5 0.06 0.258 0.324 0.826 0.794 25 0 35.1 9.26 0 0.72
60800 10 5 0.075 0.005 0.261 0.854 0.045 25 0 38.6 7.26 0 0.78
60800 10 5 0.095 0.448 0.018 0.789 0.538 25 161 33.18 364.76 0 0
60800 10 5 0.06 0.08 0.381 0.94 0.352 25 0 32.38 8.94 0 0.78
60800 10 5 0.029 0.458 0.038 0.956 0.049 25 997 26.06 1070.12 0 0
60800 10 5 0.065 0.025 0.432 0.863 0.634 25 1 34.7 11.4 0 0.76
60800 10 5 0.12 0.472 0.049 0.844 0.875 48 0 60.24 7.06 0 0.72
60800 10 5 0.111 0.342 0.463 0.776 0.171 37 2 46.68 46.2 0 0.44
60800 10 5 0.117 0.06 0.159 0.803 0.441 31 0 45.72 8 0 0.74
60800 10 5 0.094 0.25 0.444 0.753 0.304 42 0 49.62 9.98 0 0.72
60800 10 5 0.048 0.343 0.387 0.751 0.258 38 2 51.24 32.26 0 0.28
60800 10 5 0.106 0.367 0.315 0.974 0.088 25 320 27.46 664.38 0 0
60800 10 5 0.071 0.022 0.17 0.974 0.984 26 0 41.62 6.42 0 0.72
60800 10 5 0.097 0.412 0.261 0.888 0.105 25 22 33.38 522.98 0 0
60800 10 5 0.109 0.332 0.481 0.846 0.215 38 0 47.92 21.48 0 0.68
60800 10 5 0.064 0.38 0.456 0.835 0.578 33 0 45.28 10.58 0 0.72
60800 10 5 0.116 0.079 0.204 0.783 0.948 25 0 35.76 5.08 0 0.84
60800 10 5 0.078 0.359 0.199 0.903 0.339 31 2 49.4 91.44 0 0.2
60800 10 5 0.076 0.106 0.479 0.913 0.472 25 1 37.26 3.96 0 0.9
60800 10 5 0.021 0.096 0.364 0.869 0.082 42 2 50.04 37.96 0 0.1
60800 10 5 0.077 0.21 0.339 0.76 0.026 26 486 33.9 637.82 0 0
60800 10 5 0.076 0.071 0.209 0.936 0.679 25 1 39.14 8.06 0 0.8
60800 10 5 0.056 0.236 0.316 0.862 0.537 48 0 60.74 10.68 0 0.62
60800 10 5 0.027 0.297 0.401 0.949 0.212 29 1 51.32 49.68 0 0.4
60800 10 5 0.035 0.409 0.35 0.851 0.471 67 0 76.92 13.88 0 0.28
60800 10 5 0.08 0.455 0.056 0.928 0.928 25 0 40.3 7.94 0 0.68
60800 10 5 0.08 0.44 0.196 0.842 0.194 25 498 30.9 690.1 0 0
60800 10 5 0.007 0.451 0.266 0.962 0.992 25 0 34.94 7.2 0 0.76
60800 10 5 0.077 0.492 0.115 0.76 0.243 25 520 29.72 718.74 0 0
60800 10 5 0.089 0.101 0.224 0.776 0.027 25 842 26.14 968.6 0 0
60800 10 5 0.044 0.398 0.097 0.816 0.414 25 4 44.5 192.62 0 0.24
60800 10 5 0.01 0.315 0.244 0.971 0.066 25 9 31.66 250.88 0 0.16
60800 10 5 0.066 0.436 0.468 0.799 0.555 25 0 39.64 9.78 0 0.76
60800 10 5 0.106 0.324 0.039 0.984 0.331 25 521 30.24 748.58 0 0
60800 10 5 0.08 0.398 0.474 0.982 0.907 28 0 42.18 6.6 0 0.74
60800 10 5 0.097 0.389 0.397 0.911 0.064 25 197 35.62 403.04 0 0
60800 10 5 0.066 0.085 0.365 0.757 0.874 25 0 36.48 5.42 0 0.82
60800 10 5 0.015 0.456 0.07 0.86 0.807 26 0 37.78 15.1 0 0.64
60800 10 5 0.021 0.359 0.001 0.885 0.678 46 1 55.42 16.56 0 0.68
60800 10 5 0.074 0.11 0.061 0.891 0.671 38 1 46.74 14.86 0 0.58
60800 10 5 0.072 0.12 0.058 0.951 0.493 40 27 47.36 86.68 0 0
60800 10 5 0.042 0.035 0.454 0.947 0.573 25 1 32.92 9.4 0 0.84
60800 10 5 0.08 0.287 0.17 0.948 0.785 25 0 41.36 5.2 0 0.8
60800 10 5 0.012 0.444 0.063 0.81 0.548 26 1 37.56 126.8 0 0.34
60800 10 5 0.082 0.405 0.499 0.93 0.511 25 0 34.78 10.6 0 0.76
60800 10 5 0.042 0.493 0.091 0.759 0.203 25 245 34.1 467.02 0 0
60800 10 5 0.065 0.205 0.207 0.991 0.455 29 2 41.08 31 0 0.58
60800 10 5 0.065 0.113 0.279 0.955 0.818 25 0 35.52 10.76 0 0.8
60800 10 5 0.094 0.168 0.322 0.993 0.077 31 77 38.08 169.26 0 0
60800 10 5 0.033 0.121 0.172 0.937 0.999 25 0 37.64 10.22 0 0.78
60800 10 5 0.001 0.351 0.459 0.839 0.54 47 0 54.02 6.72 0 0.8
60800 10 5 0.053 0.402 0.181 0.949 0.914 25 0 36.46 12.34 0 0.74
60800 10 5 0.04 0.179 0.086 0.825 0.705 36 1 47.68 10.32 0 0.68
60800 10 5 0.107 0.041 0.471 0.793 0.608 25 0 35.02 5.52 0 0.8
60800 10 5 0.059 0.09 0.255 0.805 0.522 27 0 39.14 9.36 0 0.76
60800 10 5 0.001 0.125 0.292 0.935 0.414 28 1 43.02 11.62 0 0.8
60800 10 5 0.026 0.344 0.044 0.791 0.487 25 6 41.14 173 0 0.22
60800 10 5 0.036 0.189 0.235 0.928 0.77 25 0 38.44 5.08 0 0.82
60800 10 5 0.054 0.161 0.353 0.757 0.588 43 0 50.84 7.72 0 0.74
60800 10 5 0.089 0.057 0.438 0.959 0.245 60 0 66.16 5.58 0 0.78
60800 10 5 0.104 0.046 0.103 0.852 0.841 25 0 40.86 11.14 0 0.76
60800 10 5 0.098 0.074 0.171 0.953 0.502 42 0 50.62 7.04 0 0.76
60800 10 5 0.037 0.427 0.357 0.992 0.929 32 1 45.92 6.86 0 0.82
60800 10 5 0.002 0.078 0.05 0.996 0.273 30 15 48.68 122.28 0 0
60800 10 5 0.039 0.12 0.339 0.867 0.315 56 1 63.36 12.84 0 0.52
60800 10 5 0.068 0.364 0.129 0.81 0.029 25 654 29.18 874.72 0 0
60800 10 5 0.109 0.397 0.262 0.849 0.943 25 0 35.68 5.18 0 0.84
60800 10 5 0.027 0.271 0.414 0.967 0.471 29 0 37.18 8.9 0 0.78
60800 10 5 0.056 0.126 0.456 0.942 0.164 45 1 54.26 7.88 0 0.68
60800 10 5 0.094 0.36 0.237 0.917 0.014 25 944 26.52 1211.48 0 0
60800 10 5 0.092 0.202 0.478 0.851 0.425 25 0 36.34 5.3 0 0.88
60800 10 5 0.093 0.225 0.406 0.839 0.749 25 0 38.82 9.78 0 0.74
60800 10 5 0.025 0.153 0.158 0.787 0.445 26 1 41.78 48.2 0 0.46
60800 10 5 0.03 0.203 0.423 0.897 0.778 29 0 43.56 7.4 0 0.7
60800 10 5 0.032 0.016 0.053 0.993 0.57 48 0 57.74 8.28 0 0.68
60800 10 5 0.106 0.219 0.399 0.835 0.969 25 0 35.16 10.72 0 0.76
60800 10 5 0.066 0.261 0.444 0.896 0.669 25 0 35.92 9.48 0 0.74
60800 10 5 0.094 0.153 0.252 0.989 0.26 40 2 59.62 47.96 0 0.44
60800 10 5 0.101 0.274 0.286 0.841 0.552 39 0 46.16 12.86 0 0.68
60800 10 5 0.005 0.261 0.469 0.902 0.991 25 0 38.6 7.68 0 0.76
60800 10 5 0.081 0.472 0.193 0.797 0.785 27 1 45.04 7.18 0 0.8
60800 10 5 0.114 0.172 0.318 0.816 0.656 25 0 32.72 6.52 0 0.86
60800 10 5 0.077 0.277 0.127 0.85 0.664 52 1 61.1 11.52 0 0.54
60800 10 5 0.026 0.379 0.382 0.755 0.845 34 0 45.14 8.06 0 0.74
60800 10 5 0.008 0.261 0.216 0.909 0.159 31 3 60.62 73.94 0 0.48
60800 10 5 0.012 0.422 0.324 0.827 0.882 25 0 38.16 7.9 0 0.8
60800 10 5 0.025 0.176 0.009 0.946 0.086 25 949 26.02 1104.18 0 0
60800 10 5 0.084 0.092 0.237 0.81 0.553 26 0 35.1 8.24 0 0.72
60800 10 5 0.119 0.225 0.027 0.92 0.558 45 3 62.74 51.4 0 0.18
60800 10 5 0.099 0.251 0.087 0.765 0.94 25 0 40.76 8.48 0 0.76
60800 10 5 0.047 0.236 0.452 0.998 0.91 25 0 40.7 10.96 0 0.7
60800 10 5 0.07 0.353 0.269 0.853 0.599 41 1 55.6 8.06 0 0.76
60800 10 5 0.011 0.483 0.264 0.951 0.41 41 2 57.68 51.08 0 0.36
60800 10 5 0.096 0.239 0.313 0.782 0.721 25 0 37.72 9.5 0 0.82
60800 10 5 0.116 0.196 0.485 0.997 0.566 26 0 36.22 8.8 0 0.76
60800 10 5 0.073 0.392 0.345 0.861 0.023 25 197 32.72 453.06 0 0
60800 10 5 0.08 0.43 0.133 0.947 0.6 43 0 52.48 28.64 0 0.48
60800 10 5 0.06 0.346 0.333 0.959 0.67 25 0 38.84 11.54 0 0.8
60800 10 5 0.006 0.244 0.038 0.817 0.952 25 0 35.86 8.32 0 0.8
60800 10 5 0.064 0.202 0.115 0.824 0.731 51 1 61.16 11.26 0 0.56
60800 10 5 0.063 0.044 0.185 0.859 0.922 25 0 40.88 11.16 0 0.76
60800 10 5 0.105 0.41 0.278 0.84 0.547 50 1 62.36 12.72 0 0.5
60800 10 5 0.08 0.39 0.16 0.859 0.809 25 0 40.96 10.08 0 0.68
60800 10 5 0.063 0.291 0.098 0.771 0.113 25 635 28.56 759.62 0 0
60800 10 5 0.114 0.36 0.402 0.956 0.596 25 1 34.52 11.3 0 0.8
60800 10 5 0.052 0.485 0.126 0.947 0.212 29 35 39.16 251.22 0 0
60800 10 5 0.094 0.395 0.442 0.906 0.06 25 0 42.56 178.16 0 0.5
60800 10 5 0.084 0.487 0.448 0.811 0.773 25 1 38.1 11.82 0 0.72
60800 10 5 0.114 0.28 0.067 0.92 0.448 35 157 43.4 233.74 0 0
60800 10 1 0.062 0.078 0.245 0.932 0.301 83 0 103.1 15.92 0.12 0.42
60800 10 1 0.072 0.106 0.028 0.946 0.315 25 655 26.32 892.36 0 0
60800 10 1 0.099 0.083 0.319 0.77 0.756 86 0 101.04 5.06 0 0.82
60800 10 1 0.009 0.187 0.036 0.984 0.864 85 0 98.96 13.08 0 0.52
60800 10 1 0.068 0.126 0.159 0.943 0.303 33 4 46.78 52.48 0 0.34
60800 10 1 0.118 0.103 0.212 0.866 0.389 78 4 93.58 17.8 0 0.46
60800 10 1 0.108 0.244 0.223 0.849 0.61 84 1 98.86 14.94 0.16 0.48
60800 10 1 0.036 0.033 0.322 0.98 0.885 87 1 106.12 12.78 0.44 0.58
60800 10 1 0.116 0.029 0.182 0.998 0.045 36 64 45.26 141.38 0 0
60800 10 1 0.049 0.119 0.1 0.81 0.043 25 1105 26.08 1150.1 0 0
60800 10 1 0.076 0.153 0.272 0.927 0.484 88 2 98.58 15.22 0 0.48
60800 10 1 0.049 0.231 0.065 0.916 0.4 25 225 32.36 331.7 0 0
60800 10 1 0.034 0.286 0.096 0.993 0.4 25 5 35.78 187.48 0 0.08
60800 10 1 0.112 0.365 0.446 0.924 0.388 68 1 90.96 20.82 0 0.42
60800 10 1 0.089 0.091 0.364 0.898 0.616 78 2 98 14.7 0.04 0.66
60800 10 1 0.04 0.338 0.46 0.89 0.875 102 0 117.9 9.18 0.78 0.56
60800 10 1 0.092 0.416 0.203 0.872 0.048 25 918 26.12 981.88 0 0
60800 10 1 0.012 0.386 0.164 0.96 0.726 88 1 98.84 14.8 0 0.4
60800 10 1 0.091 0.434 0.359 0.757 0.073 25 450 28.86 784.38 0 0
60800 10 1 0.076 0.058 0.232 0.821 0.274 95 3 107.26 13.66 0.24 0.44
60800 10 1 0.04 0.287 0.009 0.843 0.17 25 1068 26.2 1129.54 0 0
60800 10 1 0.12 0.405 0.47 0.844 0.134 25 3 46.46 180 0 0.3
60800 10 1 0.004 0.071 0.196 0.961 0.468 91 0 105.24 13.58 0.22 0.54
60800 10 1 0.07 0.452 0.487 0.947 0.694 100 2 107.3 12.98 0 0.46
60800 10 1 0.112 0.495 0.082 0.857 0.006 25 1127 26.02 1181.72 0 0
60800 10 1 0.032 0.389 0.081 0.93 0.243 25 586 27.64 898.62 0 0
60800 10 1 0.012 0.107 0.375 0.824 0.404 101 1 108.24 10.66 0.2 0.52
60800 10 1 0.048 0.054 0.352 0.905 0.667 86 1 98.9 10.12 0 0.68
60800 10 1 0.039 0.105 0.496 0.951 0.136 60 1 90.7 23.7 0.28 0.5
60800 10 1 0.094 0.06 0.474 0.857 0.521 91 0 107.44 10.1 0.4 0.6
60800 10 1 0.068 0.443 0.115 0.898 0.863 91 0 110.62 8.64 0.48 0.6
60800 10 1 0.059 0.447 0.281 0.984 0.208 25 5 44.76 201.4 0 0.16
60800 10 1 0.071 0.299 0.331 0.768 0.02 25 727 27.46 1006.28 0 0
60800 10 1 0.099 0.474 0.306 0.883 0.728 98 0 105.58 11.3 0.04 0.4
60800 10 1 0.103 0.03 0.331 0.891 0.774 95 1 103.26 11.98 0 0.44
60800 10 1 0.024 0.21 0.222 0.94 0.871 86 2 100.02 17.28 0.12 0.48
60800 10 1 0.066 0.297 0.002 0.773 0.345 25 731 26.84 837.38 0 0
60800 10 1 0.096 0.487 0.472 0.801 0.124 26 6 38.26 166.02 0 0.14
60800 10 1 0.074 0.03 0.312 0.776 0.365 97 0 104.52 9.72 0 0.7
60800 10 5 0.022 0.068 0.352 0.97 0.21 25 0 37.84 6.32 0 0.8
60800 10 5 0.047 0.38 0.037 0.941 0.82 52 0 63.24 11.66 0 0.5
60800 10 5 0.107 0.093 0.483 0.802 0.979 53 0 60.6 7.48 0 0.68
60800 10 5 0.036 0.102 0.354 0.783 0.397 27 0 41.06 10.1 0 0.74
60800 10 5 0.108 0.413 0.104 0.859 0.512 31 75 39.68 147.18 0 0
60800 10 5 0.09 0.338 0.158 0.936 0.907 25 1 33.02 8.7 0 0.82
60800 10 5 0.008 0.487 0.226 0.859 0.738 25 0 32.84 9.62 0 0.66
60800 10 5 0.068 0.351 0.037 0.975 0.377 25 675 27.64 857.36 0 0
60800 10 5 0.018 0.031 0.461 0.89 0.307 30 0 45.9 7.72 0 0.66
60800 10 5 0.088 0.255 0.163 0.851 0.233 25 13 38.5 228.78 0 0
60800 10 5 0.038 0.414 0.496 0.835 0.725 26 0 37.26 7.54 0 0.86
60800 10 5 0.029 0.013 0.286 0.84 0.205 25 0 37.12 9.74 0 0.64
60800 10 5 0.093 0.49 0.467 0.933 0.949 25 0 34.46 8.7 0 0.82
60800 10 5 0.117 0.064 0.389 0.822 0.747 25 0 35.84 8.56 0 0.76
60800 10 5 0.101 0.248 0.402 0.895 0.624 25 0 37.96 8.84 0 0.72
60800 10 5 0.028 0.409 0.306 0.88 0.694 25 0 39.22 8.76 0 0.78
60800 10 5 0.062 0.412 0.331 0.774 0.822 26 0 37.14 7.58 0 0.8
60800 10 5 0.065 0.476 0.101 0.796 0.253 25 687 26.52 1043.62 0 0
60800 10 5 0.104 0.293 0.42 0.934 0.92 31 0 43.42 7.38 0 0.7
60800 10 5 0.104 0.207 0.125 0.844 0.599 58 3 69.74 19.86 0 0.36
60800 10 5 0.087 0.48 0.16 0.845 0.842 48 0 60.46 8.74 0 0.68
60800 10 5 0.106 0.07 0.11 0.993 0.538 25 0 37.46 7.48 0 0.74
60800 10 5 0.104 0.139 0.351 0.915 0.425 25 0 33.76 11.78 0 0.8
60800 10 5 0.061 0.228 0.346 0.904 0.266 55 0 66.18 30.72 0 0.3
60800 10 5 0.002 0.029 0.394 0.804 0.303 25 0 34.66 6.54 0 0.76
60800 10 5 0.072 0.478 0.483 0.875 0.191 38 2 68.02 20.62 0 0.66
60800 10 5 0.113 0.342 0.301 0.834 0.22 31 4 49.72 97.66 0 0.18
60800 10 5 0.055 0.127 0.441 0.868 0.271 42 0 56.08 9.64 0 0.76
60800 10 5 0.107 0.145 0.125 0.905 0.387 47 10 59.92 42.84 0 0
60800 10 5 0.1 0.372 0.163 0.852 0.531 57 1 63.46 25.88 0 0.38
60800 10 5 0.027 0.408 0.364 0.947 0.505 45 1 55.12 7.98 0 0.8
60800 10 5 0.023 0.051 0.019 0.977 0.995 28 1 38.82 4.5 0 0.78
60800 10 5 0.058 0.407 0.077 0.762 0.76 34 0 44.28 15.7 0 0.64
60800 10 5 0.081 0.014 0.098 0.862 0.205 25 0 39.48 10.68 0 0.78
60800 10 5 0.081 0.206 0.406 0.8 0.006 25 1021 26.16 1054.36 0 0
60800 10 5 0.055 0.121 0.065 0.978 0.04 25 745 27.5 960.22 0 0
60800 10 5 0.069 0.083 0.206 0.931 0.086 29 2 37.44 137.76 0 0.08
60800 10 5 0.004 0.123 0.344 0.794 0.645 25 1 37.4 5.8 0 0.82
60800 10 5 0.068 0.4 0.329 0.767 0.8 25 0 37.86 5.34 0 0.84
60800 10 5 0.012 0.295 0.224 0.801 0.474 46 0 57.8 31.12 0 0.3
60800 10 5 0.071 0.017 0.324 0.973 0.369 27 0 37.78 6.46 0 0.78
60800 10 5 0.046 0.401 0.049 0.827 0.468 25 93 32.52 349.7 0 0
60800 10 5 0.023 0.433 0.204 0.758 0.771 25 0 33.16 9.82 0 0.74
60800 10 5 0.059 0.408 0.056 0.797 0.647 26 0 41.58 32.14 0 0.6
60800 10 5 0.087 0.46 0.215 0.755 0.581 44 0 55 17.78 0 0.6
60800 10 5 0.047 0.04 0.343 0.783 0.74 25 0 38.62 8.66 0 0.72
60800 10 5 0.019 0.264 0.348 0.802 0.385 29 0 41.44 10.6 0 0.7
60800 10 5 0.047 0.441 0.142 0.908 0.357 26 7 37.9 203.1 0 0.06
60800 10 5 0.067 0.056 0.155 0.974 0.792 56 0 60.64 6.14 0 0.76
60800 10 5 0.035 0.281 0.205 0.907 0.214 26 2 43.38 106.62 0 0.52
60800 10 5 0.053 0.292 0.207 0.814 0.748 25 0 37.76 13.04 0 0.8
60800 10 5 0.012 0.016 0.046 0.969 0.507 25 1 36 9.22 0 0.86
60800 10 5 0.111 0.162 0.178 0.769 0.857 26 0 34.98 6.1 0 0.82
60800 10 5 0.048 0.206 0.255 0.82 0.175 25 4 46.42 123.42 0 0.32
60800 10 5 0.047 0.341 0.397 0.771 0.633 26 0 38.16 6.44 0 0.84
60800 10 5 0.002 0.218 0.182 0.988 0.992 42 0 58.8 9.82 0 0.58
60800 10 5 0.076 0.459 0.337 0.808 0.619 33 0 49.28 11.68 0 0.64
60800 10 5 0.055 0.01 0.076 0.964 0.224 25 0 38.94 9.42 0 0.72
60800 10 5 0.027 0.375 0.348 0.867 0.419 60 1 66.1 20.94 0 0.32
60800 10 5 0.065 0.427 0.082 0.785 0.379 25 569 30.58 720.74 0 0
60800 10 5 0.118 0.084 0.377 0.981 0.216 25 0 40.74 4.82 0 0.84
60800 10 5 0.07 0.035 0.223 0.775 0.248 25 0 38.72 8.92 0 0.74
60800 10 5 0.015 0.386 0.338 0.831 0.143 33 9 45.92 79.18 0 0.02
60800 10 5 0.034 0.38 0.425 0.987 0.535 25 0 39.5 8.08 0 0.72
60800 10 5 0.038 0.286 0.03 0.76 0.285 25 243 32.42 506.64 0 0
60800 10 5 0.069 0.204 0.16 0.935 0.733 41 1 49 11.1 0 0.72
60800 10 5 0.061 0.147 0.337 0.77 0.775 25 0 34.66 10.76 0 0.74
60800 10 5 0.004 0.439 0.217 0.888 0.14 25 4 33.14 228.72 0 0.14
60800 10 5 0.034 0.347 0.152 0.798 0.62 27 1 37.42 27.46 0 0.54
60800 10 5 0.115 0.069 0.444 0.856 0.916 26 0 42.64 4.4 0 0.86
60800 10 5 0.064 0.366 0.039 0.969 0.378 29 522 32 654.84 0 0
60800 10 5 0.097 0.023 0.104 0.842 0.665 25 0 37.46 7.78 0 0.78
60800 10 5 0.092 0.435 0.44 0.951 0.86 46 0 57.06 5.46 0 0.74
60800 10 5 0.094 0.491 0.067 0.841 0.474 26 400 30.8 542.22 0 0
60800 10 5 0.108 0.361 0.381 0.801 0.404 51 1 63.18 18.8 0 0.56
60800 10 5 0.046 0.373 0.407 0.947 0.151 29 4 56.02 86.54 0 0.18
60800 10 5 0.003 0.031 0.309 0.761 0.685 25 0 36.18 10.06 0 0.7
60800 10 5 0.086 0.022 0.047 0.89 0.815 25 0 41.38 8.18 0 0.76
60800 10 5 0.103 0.07 0.268 0.898 0.476 25 0 33.22 7.7 0 0.9
60800 10 5 0.079 0.163 0.166 0.857 0.141 25 234 31.52 476.28 0 0
60800 10 5 0.026 0.097 0.02 0.912 0.205 25 415 31.24 579.04 0 0
60800 10 5 0.076 0.453 0.355 0.983 0.928 52 0 61.54 7.7 0 0.68
60800 10 5 0.113 0.066 0.366 0.752 0.613 41 0 50.38 5 0 0.84
60800 10 5 0.09 0.235 0.457 0.803 0.38 56 0 64.42 6.06 0 0.74
60800 10 5 0.115 0.222 0.041 0.831 0.991 25 0 34.8 9.2 0 0.78
60800 10 5 0.089 0.441 0.445 0.876 0.929 25 0 35.2 8 0 0.84
60800 10 5 0.113 0.497 0.314 0.808 0.981 25 0 37.98 5.54 0 0.8
60800 10 5 0.006 0.211 0.056 0.926 0.877 26 0 42.92 9.36 0 0.82
60800 10 5 0.085 0.492 0.272 0.995 0.118 25 341 34.14 529.4 0 0
60800 10 5 0.037 0.083 0.342 0.786 0.789 25 0 34.1 9.18 0 0.72
60800 10 5 0.036 0.252 0.134 0.996 0.713 25 1 42.26 19.72 0 0.72
60800 10 5 0.014 0.038 0.477 0.962 0.109 29 0 44.36 6.08 0 0.76
60800 10 5 0.075 0.39 0.442 0.894 0.654 45 0 49.76 8.66 0 0.72
60800 10 5 0.114 0.383 0.307 0.821 0.156 28 156 37.16 308.72 0 0
60800 10 5 0.114 0.215 0.1 0.971 0.424 41 15 48.3 92.82 0 0
60800 10 5 0.064 0.259 0.123 0.92 0.009 25 1115 26.2 1178.6 0 0
60800 10 5 0.088 0.391 0.281 0.855 0.857 25 0 48.28 9.12 0 0.68
60800 10 5 0.011 0.07 0.094 0.869 0.892 25 0 44.12 11.78 0 0.64
60800 10 5 0.053 0.45 0.111 0.9 0.344 25 92 41.96 320.94 0 0
60800 10 5 0.111 0.46 0.122 0.906 0.784 37 0 52.54 11.46 0 0.66
60800 10 5 0.087 0.212 0.292 0.814 0.561 48 0 56.66 8.9 0 0.68
60800 10 5 0.059 0.226 0.116 0.824 0.671 25 0 40.22 22.82 0 0.62
60800 10 5 0.1 0.148 0.051 0.948 0.618 70 2 79.2 12.48 0 0.58
60800 10 5 0.11 0.156 0.219 0.855 0.964 25 0 35.44 9.44 0 0.74
60800 10 5 0.074 0.094 0.463 0.986 0.274 26 0 38.06 8.9 0 0.72
60800 10 5 0.03 0.278 0.109 0.787 0.496 37 3 56.06 56.7 0 0.16
60800 10 5 0.088 0.372 0.496 0.812 0.239 50 0 69 50.5 0 0.16
60800 10 5 0.052 0.216 0.069 0.85 0.927 25 0 37.58 9.82 0 0.72
60800 10 5 0.111 0.439 0.269 0.968 0.812 32 0 40.56 7.56 0 0.72
60800 10 5 0.082 0.248 0.07 0.967 0.841 37 0 49.3 7.42 0 0.74
60800 10 5 0.079 0.061 0.297 0.953 0.532 25 0 36.24 5.84 0 0.84
60800 10 5 0.017 0.194 0.075 0.881 0.916 25 0 37.7 8.9 0 0.74
60800 10 5 0.091 0.329 0.427 0.827 0.947 25 0 36.18 5.32 0 0.86
60800 10 5 0.076 0.014 0.486 0.77 0.721 40 0 47.32 6.94 0 0.74
60800 10 5 0.034 0.448 0.039 0.791 0.275 25 87 34.42 584.58 0 0
60800 10 5 0.012 0.179 0.008 0.806 0.383 25 671 29.04 895.16 0 0
60800 10 5 0.092 0.417 0.232 0.917 0.923 26 0 37.54 6.8 0 0.82
60800 10 5 0.116 0.428 0.258 0.998 0.642 43 0 51.22 11.26 0 0.66
60800 10 5 0.036 0.061 0.042 0.842 0.578 58 2 85.94 27.42 0 0.4
60800 10 5 0.114 0.471 0.499 0.897 0.258 38 1 49.06 29.34 0 0.46
60800 10 5 0.007 0.483 0.018 0.925 0.294 25 671 27.74 927.74 0 0
60800 10 5 0.052 0.069 0.344 0.914 0.745 25 0 37.84 9.32 0 0.66
60800 10 5 0.028 0.385 0.122 0.993 0.479 29 5 45.86 110.82 0 0.34
60800 10 5 0.081 0.004 0.347 0.978 0.017 35 0 49.4 7.3 0 0.76
60800 10 5 0.067 0.175 0.384 0.793 0.277 35 0 51 14.5 0 0.62
60800 10 5 0.021 0.385 0.011 0.907 0.721 38 1 50.96 19.54 0 0.66
60800 10 5 0.109 0.14 0.39 0.93 0.726 26 0 34.24 12.18 0 0.72
60800 10 5 0.108 0.339 0.28 0.922 0.974 25 1 37.42 10.52 0 0.72
60800 10 5 0.027 0.104 0.189 0.94 0.275 44 0 55.62 36.56 0 0.4
60800 10 5 0.013 0.378 0.228 0.977 0.509 30 1 43.32 18.06 0 0.66
60800 10 5 0.096 0.017 0.426 0.907 0.133 25 0 35.8 9.04 0 0.78
60800 10 5 0.026 0.147 0.477 0.973 0.742 29 2 38.82 9.16 0 0.78
60800 10 5 0.066 0.22 0.029 0.862 0.4 25 618 29.6 734.78 0 0
60800 10 5 0.114 0.14 0.274 0.889 0.913 30 0 42.06 8.56 0 0.72
60800 10 5 0.011 0.191 0.256 0.984 0.758 25 0 37.98 5.86 0 0.78
60800 10 5 0.018 0.037 0.271 0.906 0.341 25 1 33.78 7.56 0 0.84
60800 10 5 0.059 0.384 0.385 0.996 0.555 54 0 68.36 10.62 0 0.6
60800 10 5 0.058 0.049 0.18 0.975 0.977 25 0 34.06 7.78 0 0.82
60800 10 5 0.116 0.072 0.201 0.786 0.045 25 529 26.44 666.02 0 0
60800 10 5 0.055 0.437 0.019 0.986 0.077 25 873 30.28 1023.2 0 0
60800 10 5 0.113 0.275 0.334 0.96 0.303 51 1 65.84 20.86 0 0.26
60800 10 5 0.107 0.159 0.096 0.905 0.76 25 0 38.64 9.02 0 0.7
60800 10 5 0.043 0.285 0.41 0.755 0.905 25 0 34.72 7.2 0 0.72
60800 10 5 0.056 0.082 0.182 0.98 0.991 25 0 36.14 6.84 0 0.8
60800 10 5 0.119 0.007 0.48 0.79 0.993 57 0 66.3 5.94 0 0.7
60800 10 5 0.042 0.183 0.261 0.82 0.135 25 9 47.2 208.46 0 0.14
60800 10 5 0.101 0.437 0.351 0.808 0.587 26 0 47.7 10.8 0 0.74
60800 10 5 0.005 0.062 0.467 0.942 0.268 25 0 34.94 6.28 0 0.8
60800 10 5 0.075 0.008 0.341 0.907 0.588 27 1 39.7 11.26 0 0.68
60800 10 5 0.046 0.334 0.453 0.801 0.381 42 0 52.38 7.58 0 0.7
60800 10 5 0.032 0.497 0.386 0.821 0.093 25 6 46.6 225.6 0 0.12
60800 10 5 0.106 0.235 0.067 0.9 0.552 53 4 61.84 29.08 0 0.3
60800 10 5 0.109 0.278 0.109 0.807 0.713 50 0 57.92 10.04 0 0.58
60800 10 5 0.075 0.412 0.312 0.945 0.094 28 138 36 256.44 0 0
60800 10 5 0.075 0.383 0.117 0.784 0.47 25 9 38.32 178 0 0.02
60800 10 5 0.047 0.092 0.363 0.814 0.433 50 0 56.46 3.58 0 0.82
60800 10 5 0.091 0.352 0.392 0.759 0.362 36 3 55.5 13.74 0 0.78
60800 10 5 0.098 0.465 0.055 0.816 0.493 25 287 30.48 532.68 0 0
60800 10 5 0.07 0.328 0.194 0.909 0.263 27 10 41.26 162.38 0 0
60800 10 5 0.05 0.077 0.337 0.8 0.555 25 0 38.12 9.38 0 0.78
60800 10 5 0.026 0.377 0.21 0.883 0.137 27 7 41.28 188 0 0.06
60800 10 5 0.093 0.275 0.455 0.902 0.832 30 0 39.32 9.36 0 0.72
60800 10 5 0.052 0.465 0.089 0.899 0.732 53 0 66.98 16.08 0 0.46
60800 10 5 0.112 0.38 0.202 0.972 0.179 25 193 39.66 329.78 0 0
60800 10 5 0.103 0.117 0.486 0.967 0.636 25 0 36.04 5.82 0 0.84
60800 10 5 0.028 0.143 0.142 0.826 0.528 55 1 78.76 14.56 0 0.4
60800 10 5 0.021 0.347 0.261 0.953 0.28 42 17 53.96 82.42 0 0
60800 10 5 0.118 0.459 0.019 0.867 0.117 25 1155 25.94 1203.98 0 0
60800 10 5 0.069 0.214 0.355 0.902 0.737 28 0 40.38 7.7 0 0.74
60800 10 5 0.038 0.18 0.371 0.992 0.148 50 14 62.9 42.98 0 0
60800 10 5 0.105 0.037 0.5 0.822 0.155 25 0 38.3 6.8 0 0.74
60800 10 5 0.034 0.194 0.051 0.891 0.802 36 0 47.24 11.08 0 0.7
60800 10 5 0.039 0.2 0.034 0.827 0.62 53 2 66.64 37.04 0 0.16
60800 10 5 0.118 0.302 0.356 0.917 0.714 25 0 35.64 8.34 0 0.84
60800 10 5 0.093 0.47 0.413 0.963 0.738 30 1 45.66 10.56 0 0.68
60800 10 5 0.004 0.313 0.222 0.859 0.201 25 22 47.14 130.02 0 0
60800 10 5 0.027 0.272 0.029 0.857 0.526 25 384 31.98 556.7 0 0
60800 10 5 0.015 0.013 0.307 0.75 0.83 41 0 48.42 5.28 0 0.78
60800 10 5 0.05 0.354 0.159 0.972 0.81 25 0 33.76 10.54 0 0.8
60800 10 5 0.11 0.31 0.03 0.809 0.402 25 297 27.88 694.5 0 0
60800 10 5 0.078 0.497 0.102 0.8 0.133 25 307 37.06 631.42 0 0
60800 10 5 0.041 0.071 0.02 0.857 0.786 26 0 37.64 12.72 0 0.64
60800 10 5 0.053 0.43 0.002 0.922 0.877 59 0 66.18 8.7 0 0.54
60800 10 5 0.076 0.332 0.124 0.884 0.467 29 25 40.66 117.32 0 0
60800 10 5 0.062 0.122 0.469 0.853 0.156 54 0 62.3 17.94 0 0.48
60800 10 5 0.036 0.196 0.284 0.868 0.204 32 3 43.6 47.56 0 0.62
60800 10 5 0.094 0.491 0.228 0.933 0.257 29 5 40.92 144.9 0 0.12
60800 10 5 0.057 0.087 0.302 0.796 0.587 25 0 36.7 9.6 0 0.72
60800 10 5 0.112 0.497 0.122 0.817 0.788 52 1 57.4 9.76 0 0.6
60800 10 5 0.097 0.413 0.406 0.815 0.717 25 0 36.24 9.88 0 0.64
60800 10 5 0.027 0.035 0.152 0.889 0.006 25 728 28.24 958.84 0 0
60800 10 5 0.039 0.361 0.338 0.955 0.448 30 0 45.6 17.54 0 0.52
60800 10 5 0.084 0.051 0.479 0.916 0.299 25 0 38.68 8.66 0 0.76
60800 10 5 0.059 0.429 0.441 0.927 0.549 26 1 37.34 7.2 0 0.82
60800 10 5 0.076 0.192 0.008 0.907 0.915 28 0 38.7 10.26 0 0.68
60800 10 5 0.104 0.227 0.138 0.779 0.039 25 222 35.66 480.72 0 0
60800 10 5 0.072 0.176 0.162 0.945 0.162 26 174 33.22 316.38 0 0
60800 10 5 0.003 0.107 0.03 0.867 0.355 31 8 44.04 174.82 0 0.06
60800 10 5 0.085 0.338 0.439 0.907 0.08 26 8 43.98 142.44 0 0.04
60800 10 5 0.009 0.414 0.47 1 0.452 45 1 61.12 11.8 0 0.62
60800 10 5 0.105 0.198 0.471 0.771 0.058 25 3 44 181.06 0 0.04
60800 10 5 0.005 0.015 0.169 0.751 0.112 43 0 55.18 15.8 0 0.7
60800 10 5 0.101 0.225 0.029 0.895 0.883 64 2 76.76 8.54 0 0.62
60800 10 5 0.007 0.377 0.087 0.841 0.682 26 1 39.58 22.92 0 0.64
60800 10 5 0.034 0.21 0.291 0.944 0.221 30 1 48.4 49 0 0.52
60800 10 5 0.117 0.467 0.397 0.99 0.593 25 0 35.74 11.52 0 0.74
60800 10 5 0.027 0.465 0.461 0.809 0.287 35 1 44.42 30.44 0 0.52
60800 10 5 0.088 0.188 0.156 0.794 0.83 25 0 36.94 8.06 0 0.78
60800 10 5 0.109 0.46 0.274 0.756 0.441 41 2 48.02 41.16 0 0.16
60800 10 5 0.1 0.235 0.091 0.904 0.193 25 791 26.12 934.38 0 0
60800 10 5 0.087 0.039 0.362 0.942 0.169 54 0 59.74 4.88 0 0.8
60800 10 5 0.012 0.369 0.443 0.889 0.871 25 1 35.46 12.52 0 0.8
60800 10 5 0.069 0.472 0.493 0.824 0.376 55 0 64.9 13.26 0 0.5
60800 10 5 0.075 0.299 0.185 0.972 0.22 29 13 42.92 153.78 0 0
60800 10 5 0.082 0.011 0.208 0.834 0.278 25 0 34.92 10.72 0 0.78
60800 10 5 0.031 0.344 0.081 0.918 0.605 29 1 41.74 41.72 0 0.52
60800 10 5 0.012 0.333 0.406 0.923 0.157 39 2 47.68 60.56 0 0.24
60800 10 5 0.035 0.379 0.104 0.997 0.709 25 2 42.24 22.88 0 0.66
60800 10 5 0.075 0.248 0.096 0.751 0.844 51 1 58.32 10.26 0 0.72
60800 10 5 0.053 0.476 0.24 0.877 0.553 30 0 43.68 24.38 0 0.58
60800 10 5 0.092 0.453 0.348 0.958 0.914 26 0 34.84 7.82 0 0.78
60800 10 5 0.038 0.139 0.157 0.853 0.256 37 2 46.02 77.2 0 0.28
60800 10 5 0.011 0.326 0.249 0.787 0.536 57 0 62.44 8.98 0 0.62
60800 10 5 0.101 0.388 0.402 0.887 0.019 25 17 29.26 671.26 0 0
60800 10 5 0.059 0.424 0.127 0.909 0.223 25 437 28.14 795.04 0 0
60800 10 5 0.099 0.038 0.065 0.925 0.655 25 1 35.88 12.82 0 0.78
60800 10 5 0.053 0.209 0.478 0.783 0.223 50 0 61.06 19.7 0 0.42
60800 10 5 0.044 0.046 0.146 0.845 0.791 26 0 38.08 5.42 0 0.84
60800 10 5 0.109 0.141 0.195 0.781 0.401 63 0 71.68 11.42 0 0.58
60800 10 5 0.062 0.436 0.389 0.793 0.016 25 523 29.54 727.1 0 0
60800 10 5 0.076 0.135 0.264 0.767 0.769 25 0 34.84 4.52 0 0.86
60800 10 5 0.082 0.404 0.027 0.893 0.756 44 1 53.12 8.48 0 0.68
60800 10 5 0.082 0.418 0.174 0.91 0.855 25 0 35.54 5 0 0.82
60800 10 5 0.048 0.484 0.333 0.774 0.464 31 1 64.38 22.68 0 0.5
60800 10 5 0.021 0.129 0.183 0.994 0.553 40 0 52.1 15.02 0 0.66
60800 10 5 0.119 0.093 0.229 0.761 0.217 39 1 73.34 22.24 0 0.46
60800 10 5 0.05 0.188 0.283 0.916 0.909 25 0 32.96 9.94 0 0.72
60800 10 5 0.004 0.055 0.279 0.996 0.027 27 5 46.3 101.74 0 0.1
60800 10 5 0.111 0.333 0.482 0.761 0.512 25 1 37.64 11.3 0 0.72
60800 10 5 0.089 0.498 0.498 0.935 0.304 52 0 57.6 29.08 0 0.26
60800 10 5 0.007 0.149 0.156 0.914 0.115 29 16 46.86 209.7 0 0
60800 10 5 0.018 0.038 0.421 0.873 0.963 25 0 35.52 10.56 0 0.7
60800 10 5 0.092 0.463 0.431 0.932 0.732 33 0 44.32 5.48 0 0.82
60800 10 5 0.05 0.355 0.498 0.891 0.333 29 0 39.28 18.58 0 0.68
60800 10 5 0.014 0.326 0.461 0.809 0.261 25 1 32.88 17.98 0 0.76
60800 10 5 0.101 0.322 0.051 0.77 0.399 27 272 40.52 391.66 0 0
60800 10 5 0.063 0.314 0.081 0.987 0.811 37 1 48.46 13.7 0 0.7
60800 10 5 0.092 0.371 0.325 0.983 0.535 54 1 62.82 10.82 0 0.58
60800 10 5 0.114 0.445 0.314 0.839 0.451 40 0 47.62 16.58 0 0.42
60800 10 5 0.084 0.037 0.251 0.913 0.199 37 0 46.34 7.36 0 0.7
60800 10 5 0.009 0.018 0.394 0.84 0.224 45 0 50.66 3.36 0 0.84
60800 10 5 0.062 0.223 0.217 0.851 0.526 39 1 52.66 20.38 0 0.54
60800 10 5 0.01 0.01 0.164 0.84 0.132 48 1 58.14 9.52 0 0.58
60800 10 5 0.1 0.488 0.447 0.972 0.552 25 0 33.16 5.28 0 0.88
60800 10 5 0.004 0.08 0.297 0.82 0.452 25 0 34.32 10.68 0 0.72
60800 10 5 0.055 0.465 0.308 0.79 0.839 25 0 38.3 8.2 0 0.78
60800 10 5 0.096 0.056 0.228 0.956 0.395 25 0 32.76 5.56 0 0.84
60800 10 5 0.012 0.306 0.469 0.979 0.227 33 0 44.26 16.02 0 0.66
60800 10 5 0.039 0.168 0.155 0.813 0.124 26 179 37.16 373.22 0 0
60800 10 5 0.109 0.433 0.067 0.999 0.689 61 2 73.3 15.64 0 0.46
60800 10 5 0.083 0.12 0.246 0.973 0.207 44 0 56.82 30.68 0 0.58
60800 10 5 0.057 0.454 0.232 0.846 0.844 25 0 37.46 7.46 0 0.74
60800 10 5 0.027 0.386 0.083 0.856 0.879 25 0 34.14 10.5 0 0.76
60800 10 5 0.087 0.044 0.127 0.866 0.256 25 0 39.9 6.42 0 0.84
60800 10 5 0.109 0.485 0.396 0.845 0.616 32 0 45.1 7.84 0 0.7
60800 10 5 0.049 0.065 0.24 0.997 0.559 25 0 35.38 9.88 0 0.78
60800 10 5 0.04 0.328 0.041 0.975 0.115 25 1002 26.16 1120 0 0
60800 10 5 0.099 0.324 0.077 0.949 0.117 25 870 26.5 1066.58 0 0
60800 10 5 0.003 0.297 0.407 0.793 0.499 51 0 56.04 5.64 0 0.78
60800 10 5 0.067 0.338 0.216 0.913 0.473 36 1 50.06 41.36 0 0.38
60800 10 5 0.02 0.282 0.025 0.888 0.684 27 0 42.72 29.92 0 0.6
60800 10 5 0.097 0.154 0.065 0.883 0.044 25 1015 26.44 1084.6 0 0
60800 10 5 0.011 0.472 0.123 0.753 0.617 28 0 41.2 28.34 0 0.54
60800 10 5 0.108 0.161 0.118 0.874 0.236 27 190 36.68 315.94 0 0
60800 10 5 0.038 0.377 0.116 0.912 0.211 25 831 26.1 891.54 0 0
60800 10 5 0.051 0.456 0.011 0.883 0.999 25 0 35.52 10.44 0 0.76
60800 10 5 0.021 0.209 0.401 0.855 0.775 25 1 38.78 8.16 0 0.72
60800 10 5 0.046 0.486 0.22 0.933 0.456 43 2 52.18 46.62 0 0.12
60800 10 5 0.108 0.498 0.33 0.864 0.587 44 0 62.52 10.02 0 0.6
60800 10 5 0.077 0.301 0.202 0.997 0.108 25 314 32.48 481.32 0 0
60800 10 5 0.047 0.09 0.357 0.825 0.849 26 0 42.3 8.68 0 0.72
60800 10 5 0.008 0.302 0.431 0.759 0.36 34 0 47.84 7.72 0 0.7
60800 10 5 0.1 0.415 0.459 0.765 0.04 25 95 33.1 598.44 0 0
60800 10 5 0.084 0.317 0.01 0.779 0.896 53 0 59.64 8.28 0 0.64
60800 10 5 0.118 0.095 0.103 0.89 0.222 36 76 41.6 142.12 0 0
60800 10 5 0.104 0.341 0.27 0.847 0.873 25 0 36.4 10.12 0 0.76
60800 10 5 0.046 0.108 0.055 0.858 0.848 25 1 36.2 7.18 0 0.86
60800 10 5 0.081 0.1 0.137 0.912 0.022 25 811 29.88 952.02 0 0
60800 10 5 0.116 0.077 0.023 0.946 0.665 49 0 60.64 8.02 0 0.76
60800 10 5 0.112 0.278 0.021 0.833 0.184 25 725 26.32 909.42 0 0
60800 10 5 0.114 0.397 0.042 0.776 0.548 30 17 38.92 124.76 0 0
60800 10 5 0.011 0.442 0.233 0.969 0.004 25 1028 26.12 1086.22 0 0
60800 10 5 0.047 0.39 0.094 0.969 0.966 25 0 35.5 9.1 0 0.8
60800 10 5 0.112 0.221 0.41 0.819 0.104 25 1 45.54 109.44 0 0.52
60800 10 5 0.002 0.316 0.195 0.781 0.125 25 41 43.98 228.3 0 0
60800 10 5 0.086 0.315 0.291 0.956 0.25 29 9 39.32 180.16 0 0.02
60800 10 5 0.032 0.494 0.083 0.954 0.261 27 302 33.78 486.82 0 0
60800 10 5 0.039 0.077 0.153 0.895 0.886 25 0 39.98 6.58 0 0.8
60800 10 5 0.118 0.008 0.243 0.868 0.912 25 0 41.62 7 0 0.8
60800 10 5 0.057 0.129 0.418 0.841 0.44 25 0 35.6 7.4 0 0.8
60800 10 5 0.11 0.219 0.499 0.884 0.305 41 0 51.98 9.62 0 0.66
60800 10 5 0.042 0.27 0.348 0.771 0.726 25 0 37.02 8.2 0 0.82
60800 10 5 0.103 0.056 0.319 0.759 0.09 42 0 56.06 16.16 0 0.62
60800 10 5 0.02 0.412 0.268 0.892 0.863 38 0 56.38 7.78 0 0.74
60800 10 5 0.024 0.075 0.165 0.916 0.719 34 1 43.98 11.38 0 0.7
60800 10 5 0.073 0.13 0.187 0.982 0.179 30 9 50.98 111.32 0 0.02
60800 10 5 0.084 0.445 0.092 0.851 0.552 26 8 40.16 108.22 0 0.02
60800 10 5 0.042 0.157 0.396 0.962 0.596 25 0 33.46 10.06 0 0.8
60800 10 5 0.014 0.186 0.195 0.845 0.866 25 0 34.58 8.06 0 0.82
60800 10 5 0.007 0.412 0.318 0.872 0.031 25 58 34.58 369.12 0 0
60800 10 5 0.088 0.046 0.306 0.81 0.465 54 0 60.72 6.82 0 0.7
60800 10 5 0.09 0.297 0.498 0.957 0.388 46 0 55.66 8.28 0 0.66
60800 10 5 0.032 0.26 0.256 0.831 0.992 25 1 35.06 11.82 0 0.78
60800 10 5 0.051 0.135 0.362 0.785 0.87 25 0 35.74 9.84 0 0.74
60800 10 5 0.104 0.349 0.479 0.836 0.159 31 2 42.68 59.68 0 0.3
60800 10 5 0.11 0.151 0.232 0.825 0.236 33 9 43.22 60.82 0 0.02
60800 10 5 0.059 0.286 0.488 0.825 0.477 26 0 38.54 4.7 0 0.84
60800 10 5 0.07 0.486 0.077 0.877 0.221 25 641 26.36 920.84 0 0
60800 10 5 0.1 0.17 0.413 0.765 0.286 50 0 59.22 10.28 0 0.64
60800 10 5 0.059 0.331 0.293 0.83 0.581 32 0 40.98 11.34 0 0.62
60800 10 5 0.019 0.317 0.418 0.921 0.494 27 1 43.06 9.64 0 0.68
60800 10 5 0.055 0.224 0.265 0.914 0.566 45 0 55.66 10.04 0 0.6
60800 10 5 0.032 0.233 0.024 0.769 0.139 25 722 29.2 875.86 0 0
60800 10 5 0.08 0.199 0.02 0.771 0.274 25 1029 26.22 1124.1 0 0
60800 10 5 0.038 0.342 0.156 0.898 0.199 25 342 28.7 460.98 0 0
60800 10 5 0.07 0.441 0.417 0.905 0.803 25 0 36.24 7.74 0 0.78
60800 10 5 0.076 0.093 0.391 0.894 0.232 25 0 34.76 6.04 0 0.78
60800 10 5 0.026 0.007 0.49 0.77 0.313 30 0 48.22 9.02 0 0.72
60800 10 5 0.042 0.149 0.186 0.929 0.974 26 0 40.94 5.66 0 0.82
60800 10 5 0.077 0.138 0.051 0.887 0.888 26 0 36.98 4.58 0 0.8
60800 10 5 0.044 0.376 0.354 0.976 0.168 31 5 42.58 130.8 0 0.08
60800 10 5 0.019 0.488 0.114 0.964 0.987 25 0 36 5.92 0 0.84
60800 10 5 0.076 0.344 0.392 0.87 0.828 25 1 34.32 12.32 0 0.78
60800 10 5 0.069 0.096 0.411 0.826 0.485 25 0 38.6 12.92 0 0.78
60800 10 5 0.105 0.251 0.039 0.856 0.153 25 1007 26.48 1053.08 0 0
60800 10 5 0.102 0.372 0.205 0.807 0.275 26 4 36.94 140.1 0 0.18
60800 10 5 0.029 0.125 0.281 0.976 0.636 25 0 36.1 9.4 0 0.78
60800 10 5 0.032 0.332 0.188 0.974 0.724 44 1 52.28 13.66 0 0.6
60800 10 5 0.098 0.338 0.011 0.986 0.865 54 0 64.36 11.04 0 0.56
60800 10 5 0.059 0.425 0.161 0.995 0.736 45 1 54.22 12.98 0 0.62
60800 10 5 0.112 0.346 0.221 0.953 0.579 65 1 71.34 12.44 0 0.54
60800 10 5 0.066 0.277 0.109 0.77 0.397 27 12 35.08 152.76 0 0
60800 10 5 0.105 0.182 0.407 0.935 0.278 39 0 45.1 6.98 0 0.72
60800 10 5 0.078 0.023 0.163 0.849 0.417 25 0 39.52 10.22 0 0.76
60800 10 5 0.058 0.341 0.268 0.783 0.808 25 1 37 14.38 0 0.72
60800 10 5 0.042 0.258 0.14 0.785 0.421 36 5 41.2 151.44 0 0.02
60800 10 5 0.086 0.445 0.099 0.887 0.516 26 6 35.14 213.78 0 0.02
60800 10 5 0.06 0.181 0.449 0.881 0.223 28 0 51.16 22.16 0 0.64
60800 10 5 0.058 0.06 0.256 0.847 0.129 50 0 56.28 14.42 0 0.72
60800 10 5 0.096 0.019 0.288 0.882 0.497 25 0 36.18 5.28 0 0.82
60800 10 5 0.033 0.287 0.459 0.957 0.498 33 0 45.32 7.6 0 0.72
60800 10 5 0.083 0.379 0.121 0.92 0.328 25 74 29.86 501.98 0 0
60800 10 5 0.018 0.263 0.359 0.758 0.835 25 0 40.02 5.32 0 0.84
60800 10 5 0.011 0.426 0.102 0.969 0.564 28 1 41.64 52.8 0 0.48
60800 10 5 0.107 0.266 0.191 0.85 0.603 35 4 46.74 12.46 0 0.66
60800 10 5 0.088 0.155 0.321 0.913 0.805 30 0 46.92 5.92 0 0.76
60800 10 5 0.007 0.114 0.496 0.94 0.005 25 7 35.9 206.86 0 0.06
60800 10 1 0.041 0.277 0.222 0.775 0.345 36 3 47.2 57.86 0 0.4
60800 10 1 0.101 0.312 0.122 0.983 0.468 39 24 50.74 126.26 0 0
60800 10 1 0.021 0.062 0.222 0.926 0.079 30 4 50.84 97.58 0 0.12
60800 10 1 0.031 0.111 0.095 0.809 0.148 25 357 29.8 519.92 0 0
60800 10 1 0.053 0.291 0.009 0.869 0.256 25 1079 26.08 1105.02 0 0
60800 10 1 0.039 0.276 0.33 0.923 0.991 73 1 97 15.16 0.22 0.72
60800 10 1 0.04 0.424 0.035 0.978 0.219 25 1067 26.14 1215.56 0 0
60800 10 1 0.017 0.133 0.244 0.813 0.874 90 0 103.48 10.62 0.16 0.54
60800 10 1 0.077 0.409 0.247 0.947 0.437 31 4 52.5 53.86 0 0.3
60800 10 1 0.051 0.496 0.273 1 0.349 27 4 42.9 113.26 0 0.28
60800 10 1 0.006 0.209 0.034 0.897 0.422 25 225 29.7 423.94 0 0
60800 10 1 0.064 0.092 0.137 0.946 0.566 70 1 91.8 15.76 0 0.64
60800 10 1 0.09 0.118 0.436 0.764 0.229 98 1 105.98 15.72 0.08 0.24
60800 10 1 0.05 0.343 0.384 0.804 0.654 96 1 107.62 14.82 0.38 0.4
60800 10 1 0.062 0.004 0.433 0.91 0.403 93 2 112.92 15.54 0.54 0.58
60800 10 1 0.06 0.01 0.121 0.846 0.619 88 1 103.46 12.92 0.16 0.48
60800 10 1 0.005 0.377 0.18 0.974 0.667 81 2 98.02 15.1 0 0.4
60800 10 1 0.011 0.066 0.406 0.809 0.547 100 0 105.8 8.16 0.08 0.64
60800 10 1 0.073 0.498 0.258 0.949 0.117 25 549 26.5 775.76 0 0
60800 10 1 0.059 0.231 0.279 0.815 0.9 80 0 97.84 10.72 0.16 0.68
60800 10 1 0.081 0.355 0.172 0.838 0.992 111 2 122.14 8.72 0.96 0.72
60800 10 1 0.03 0.207 0.138 0.848 0.503 33 2 54.52 39.92 0 0.34
60800 10 1 0.03 0.329 0.41 0.991 0.13 31 2 53.86 51.28 0 0.46
60800 10 1 0.094 0.011 0.293 0.807 0.674 81 0 96.76 13.34 0.08 0.58
60800 10 1 0.003 0.085 0.293 0.87 0.375 69 0 87.04 14.76 0 0.5
60800 10 1 0.004 0.277 0.369 0.841 0.576 97 0 111.24 9.28 0.46 0.6
60800 10 1 0.004 0.353 0.254 0.861 0.6 85 2 98.92 13 0 0.54
60800 10 1 0.065 0.47 0.019 0.826 0.571 25 414 30.22 564.38 0 0
60800 10 1 0.108 0.095 0.154 0.994 0.385 88 1 96.74 11.34 0 0.54
60800 10 1 0.095 0.278 0.108 0.797 0.578 45 3 55.72 33.84 0 0.32
60800 10 1 0.041 0.476 0.13 0.918 0.102 25 743 27.06 868.46 0 0
60800 10 1 0.078 0.013 0.071 0.756 0.106 72 1 89.76 18.16 0 0.66
60800 10 1 0.103 0.425 0.407 0.931 0.232 30 9 38.64 138.22 0 0.02
60800 10 1 0.016 0.423 0.192 0.973 0.06 25 291 28.6 675.22 0 0
60800 10 1 0.008 0.08 0.479 0.98 0.004 25 128 32.34 277.48 0 0
60800 10 1 0.06 0.003 0.341 0.865 0.051 109 1 115.08 11.12 0.72 0.38
60800 10 1 0.096 0.42 0.441 0.755 0.413 58 2 79.9 9.2 0 0.72
60800 10 5 0.113 0.137 0.22 0.776 0.894 39 0 49.98 3.12 0 0.86
60800 10 5 0.015 0.432 0.273 0.768 0.698 25 1 39.52 5.94 0 0.76
60800 10 5 0.072 0.139 0.019 0.952 0.429 27 106 40.26 278.92 0 0
60800 10 5 0.049 0.086 0.336 0.952 0.743 25 1 36.06 6.6 0 0.84
60800 10 5 0.07 0.323 0.262 0.937 0.436 53 2 66.2 12.78 0 0.58
60800 10 5 0.031 0.458 0.404 0.796 0.212 38 2 52.74 43.86 0 0.28
60800 10 5 0.028 0.347 0.115 0.919 0.549 25 3 36.8 73.66 0 0.54
60800 10 5 0.068 0.478 0.289 0.755 0.153 25 1 39.46 93.94 0 0.36
60800 10 5 0.096 0.136 0.171 0.883 0.955 47 0 60.38 11.08 0 0.7
60800 10 5 0.1 0.35 0.115 0.759 0.21 29 300 37.36 388.9 0 0
60800 10 5 0.02 0.334 0.308 0.994 0.41 47 0 55.52 35.36 0 0.18
60800 10 5 0.087 0.131 0.076 0.884 0.904 25 0 36.54 5.86 0 0.8
60800 10 5 0.067 0.378 0.13 0.992 0.186 25 920 26.16 1040.48 0 0
60800 10 5 0.095 0.056 0.04 0.965 0.56 25 0 36.62 12.42 0 0.58
60800 10 5 0.045 0.202 0.249 0.839 0.435 35 1 47.32 23.74 0 0.4
60800 10 5 0.104 0.039 0.372 0.899 0.009 27 160 36.2 403.08 0 0
60800 10 5 0.015 0.241 0.328 0.772 0.832 25 0 34.86 9.98 0 0.78
60800 10 5 0.007 0.274 0.436 0.77 0.525 25 0 38.64 10.52 0 0.72
60800 10 5 0.075 0.111 0.159 0.996 0.028 25 621 31.3 782.28 0 0
60800 10 5 0.006 0.483 0.069 0.804 0.805 25 1 37.8 15.2 0 0.68
60800 10 5 0.102 0.227 0.061 0.904 0.37 25 168 29.32 499.12 0 0
60800 10 5 0.011 0.232 0.433 0.918 0.317 33 0 45.98 14.08 0 0.68
60800 10 5 0.034 0.443 0.237 0.877 0.743 25 0 31.76 11.34 0 0.7
60800 10 5 0.074 0.099 0.253 0.915 0.106 32 3 53.22 89.1 0 0.32
60800 10 5 0.068 0.148 0.046 0.997 0.519 33 47 40.86 119.96 0 0
60800 10 5 0.044 0.118 0.238 0.79 0.197 34 2 44.14 50.1 0 0.4
60800 10 5 0.093 0.237 0.121 0.855 0.873 56 0 65.28 4.58 0 0.82
60800 10 5 0.067 0.19 0.171 0.926 0.415 42 3 53.8 20.6 0 0.44
60800 10 5 0.078 0.007 0.482 0.963 0.358 25 0 36.08 5.58 0 0.86
60800 10 5 0.061 0.117 0.122 0.844 0.838 45 0 50.98 8.76 0 0.76
60800 10 5 0.112 0.149 0.34 0.847 0.131 25 5 47.08 38.76 0 0.6
60800 10 5 0.044 0.465 0.285 0.759 0.673 40 0 49.36 8.4 0 0.66
60800 10 5 0.112 0.349 0.445 0.993 0.373 42 0 53.22 11.78 0 0.8
60800 10 5 0.06 0.012 0.091 0.917 0.182 25 0 33.16 7.58 0 0.78
60800 10 5 0.112 0.118 0.367 0.873 0.485 39 0 51.1 6.4 0 0.72
60800 10 5 0.069 0.106 0.37 0.955 0.962 25 0 40.26 7.54 0 0.76
60800 10 5 0.093 0.346 0.074 0.782 0.321 25 323 34.22 669.28 0 0
60800 10 5 0.082 0.223 0.113 0.821 0.164 25 264 33.46 683.68 0 0
60800 10 5 0.063 0.194 0.474 0.972 0.875 25 0 35.16 5.04 0 0.84
60800 10 5 0.048 0.072 0.167 0.775 0.55 25 0 36.94 7.62 0 0.8
60800 10 5 0.02 0.325 0.452 0.782 0.166 40 2 49.2 44.26 0 0.42
60800 10 5 0.065 0.231 0.351 0.836 0.64 25 0 37.42 9.62 0 0.76
60800 10 5 0.033 0.154 0.292 0.956 0.761 42 0 49.6 5.76 0 0.78
60800 10 5 0.034 0.376 0.426 0.932 0.783 25 0 43.26 10.06 0 0.68
60800 10 5 0.074 0.212 0.282 0.971 0.578 39 1 53.32 12.82 0 0.6
60800 10 5 0.1 0.487 0.295 0.78 0.598 25 0 34.74 9.38 0 0.8
60800 10 5 0.059 0.39 0.139 0.912 0.234 25 475 27.04 714.46 0 0
60800 10 5 0.081 0.148 0.341 0.83 0.466 30 0 41.28 5.32 0 0.78
60800 10 5 0.118 0.102 0.38 0.912 0.367 25 0 41.48 10.16 0 0.74
60800 10 5 0.067 0.262 0.352 0.767 0.259 34 2 54.92 24.4 0 0.66
60800 10 5 0.11 0.228 0.439 0.892 0.571 25 0 33.72 3.52 0 0.86
60800 10 5 0.052 0.171 0.368 0.984 0.736 47 0 57.32 7.12 0 0.72
60800 10 5 0.096 0.337 0.31 0.755 0.61 25 0 36.88 10.06 0 0.72
60800 10 5 0.051 0.036 0.296 0.967 0.657 25 1 40.14 6.46 0 0.84
60800 10 5 0.064 0.093 0.268 0.891 0.117 48 3 59.06 49.2 0 0.12
60800 10 5 0.041 0.148 0.01 0.932 0.924 37 0 46.5 9.16 0 0.7
60800 10 5 0.055 0.268 0.314 0.764 0.213 30 3 41.02 72.94 0 0.18
60800 10 5 0.05 0.235 0.435 0.954 0.332 25 0 31.86 6.78 0 0.84
60800 10 5 0.032 0.309 0.12 0.874 0.468 27 6 39.1 98.54 0 0.36
60800 10 5 0.026 0.076 0.084 0.828 0.108 25 405 30.04 654.34 0 0
60800 10 5 0.086 0.189 0.303 0.886 0.833 25 0 41.86 11.12 0 0.64
60800 10 5 0.086 0.382 0.385 0.997 0.895 25 0 36.2 9.92 0 0.78
60800 10 5 0.081 0.165 0.297 0.82 0.67 47 0 57.78 7.9 0 0.68
60800 10 5 0.032 0.023 0.492 0.859 0.564 32 0 46.74 8.96 0 0.72
60800 10 5 0.015 0.262 0.237 0.775 0.301 25 3 38.52 88.94 0 0.44
60800 10 5 0.071 0.476 0.207 0.92 0.182 25 6 40.02 180.34 0 0.32
60800 10 5 0.016 0.197 0.285 0.94 0.953 25 0 33.5 11.8 0 0.74
60800 10 5 0.001 0.254 0.39 0.936 0.302 30 0 43.82 25.56 0 0.6
60800 10 5 0.085 0.412 0.225 0.901 0.86 25 0 37.1 8.62 0 0.72
60800 10 5 0.044 0.211 0.413 0.793 0.96 25 1 33.92 6.1 0 0.84
60800 10 5 0.029 0.041 0.102 0.891 0.485 40 0 50.44 6.56 0 0.76
60800 10 5 0.114 0.121 0.262 0.892 0.513 25 0 35.18 10.72 0 0.76
60800 10 5 0.042 0.217 0.264 0.994 0.452 42 0 63.28 21.9 0 0.74
60800 10 5 0.116 0.298 0.149 0.817 0.536 39 1 50.78 28.06 0 0.48
60800 10 5 0.067 0.202 0.079 0.879 0.489 33 1 49.54 83.42 0 0.28
60800 10 5 0.106 0.395 0.307 0.877 0.901 38 0 43.18 10.4 0 0.74
60800 10 5 0.091 0.228 0.222 0.904 0.078 25 277 29.56 678.9 0 0
60800 10 5 0.117 0.326 0.464 0.958 0.55 25 0 37.64 8.6 0 0.76
60800 10 5 0.119 0.353 0.454 0.836 0.028 25 527 34.94 647.72 0 0
60800 10 5 0.076 0.392 0.274 0.972 0.099 25 512 28.38 774.64 0 0
60800 10 5 0.072 0.082 0.425 0.974 0.268 25 0 39.4 6 0 0.74
60800 10 5 0.019 0.372 0.27 0.761 0.354 38 1 49.2 24.96 0 0.56
60800 10 5 0.019 0.386 0.029 0.961 0.521 26 316 32.54 514.86 0 0
60800 10 5 0.071 0.493 0.036 0.97 0.048 25 770 29.32 890.98 0 0
60800 10 5 0.104 0.014 0.044 0.851 0.11 26 0 39.28 7.76 0 0.74
60800 10 5 0.095 0.431 0.436 0.96 0.458 48 0 58.54 7.12 0 0.7
60800 10 5 0.036 0.214 0.343 0.866 0.922 25 0 38.84 8.8 0 0.72
60800 10 5 0.062 0.326 0.487 0.791 0.39 25 1 50.24 15.48 0 0.64
60800 10 5 0.077 0.035 0.209 0.766 0.17 32 0 39.2 10.08 0 0.72
60800 10 5 0.055 0.055 0.116 0.926 0.77 25 0 37.54 10.86 0 0.74
60800 10 5 0.111 0.029 0.114 0.998 0.216 25 0 38.86 8.92 0 0.7
60800 10 5 0.064 0.307 0.213 0.91 0.358 29 0 54.98 46.4 0 0.5
60800 10 5 0.093 0.261 0.148 0.942 0.073 31 442 34.78 605.98 0 0
60800 10 5 0.115 0.151 0.146 0.829 0.566 25 0 39.04 8.06 0 0.76
60800 10 5 0.049 0.443 0.074 0.915 0.743 31 2 40.28 11.12 0 0.78
60800 10 5 0.064 0.343 0.243 0.992 0.434 35 0 46.66 28.46 0 0.52
60800 10 5 0.029 0.149 0.06 0.865 0.653 40 0 54.3 16.66 0 0.64
60800 10 5 0.007 0.011 0.265 0.872 0.105 28 0 39.92 6.56 0 0.8
60800 10 5 0.019 0.256 0.474 0.801 0.413 25 2 37.6 16.32 0 0.72
60800 10 5 0.074 0.011 0.28 0.987 0.086 25 1 33.34 9.54 0 0.8
60800 10 5 0.105 0.349 0.015 0.902 0.81 79 0 87.02 9.44 0 0.6
60800 10 5 0.112 0.357 0.482 0.909 0.792 25 0 42.9 11.64 0 0.66
60800 10 5 0.015 0.462 0.32 0.781 0.539 25 1 41.56 15.78 0 0.7
60800 10 5 0.09 0.125 0.129 0.999 0.029 25 773 28.42 915.24 0 0
60800 10 5 0.106 0.367 0.091 0.755 0.635 53 1 60.2 19.02 0 0.4
60800 10 5 0.075 0.474 0.414 0.957 0.853 25 0 35.14 10.88 0 0.78
60800 10 5 0.061 0.289 0.459 0.855 0.983 25 0 37.3 8.1 0 0.76
60800 10 5 0.106 0.352 0.018 0.962 0.239 25 553 29.4 814.64 0 0
60800 10 5 0.009 0.116 0.374 0.782 0.931 29 1 42.1 7.86 0 0.72
60800 10 5 0.093 0.443 0.322 0.815 0.051 25 828 26.42 960.18 0 0
60800 10 5 0.023 0.277 0.116 0.997 0.72 25 1 33.78 10.38 0 0.76
60800 10 5 0.065 0.207 0.038 0.84 0.465 27 176 35.66 310.04 0 0
60800 10 5 0.035 0.195 0.261 0.78 0.539 25 0 39.4 4.44 0 0.82
60800 10 5 0.096 0.241 0.065 0.871 0.018 25 1189 26.14 1231.12 0 0
60800 10 5 0.092 0.491 0.39 0.786 0.112 25 186 34.34 354.74 0 0
60800 10 5 0.049 0.471 0.311 0.753 0.334 26 1 38.72 16.24 0 0.76
60800 10 5 0.108 0.433 0.082 0.795 0.477 27 98 35.72 287.92 0 0
60800 10 5 0.015 0.289 0.127 0.862 0.954 53 0 62 4.66 0 0.76
60800 10 5 0.014 0.358 0.255 0.916 0.347 45 14 55.8 50.62 0 0
60800 10 5 0.115 0.463 0.204 0.847 0.97 25 0 38.26 6.58 0 0.84
60800 10 5 0.081 0.237 0.358 0.792 0.428 35 1 52.82 15.26 0 0.5
60800 10 5 0.099 0.317 0.447 0.984 0.576 25 0 41.64 10.36 0 0.72
60800 10 5 0.016 0.211 0.396 0.842 0.751 25 0 36.44 8.86 0 0.74
60800 10 5 0.039 0.474 0.421 0.886 0.36 51 0 66.82 20.44 0 0.32
60800 10 5 0.074 0.479 0.243 0.827 0.891 25 1 35.54 9.16 0 0.78
60800 10 5 0.068 0.352 0.132 0.863 0.947 30 0 46.34 7.1 0 0.74
60800 10 5 0.059 0.029 0.338 0.93 0.507 25 0 33.78 6.94 0 0.78
60800 10 5 0.023 0.43 0.452 0.893 0.479 46 0 53.12 9.62 0 0.64
60800 10 5 0.023 0.494 0.015 0.928 0.819 45 1 63.72 11.4 0 0.52
60800 10 5 0.041 0.177 0.166 0.768 0.598 25 0 47.94 15.58 0 0.5
60800 10 5 0.002 0.481 0.357 0.829 0.543 45 1 52.26 10.72 0 0.52
60800 10 5 0.027 0.425 0.142 0.944 0.952 25 0 36.78 11.52 0 0.74
60800 10 5 0.097 0.442 0.233 0.911 0.074 25 960 26.52 1011.84 0 0
60800 10 5 0.027 0.114 0.031 0.76 0.082 25 511 29.08 931.54 0 0
60800 10 5 0.012 0.048 0.47 0.943 0.355 25 0 38.66 10.22 0 0.78
60800 10 5 0.094 0.071 0.278 0.952 0.371 48 0 54.92 6.08 0 0.72
60800 10 5 0.006 0.347 0.19 0.818 0.144 33 48 39.46 166.74 0 0
60800 10 5 0.014 0.033 0.141 0.863 0.474 53 1 59.94 8.4 0 0.66
60800 10 5 0.107 0.06 0.031 0.971 0.359 45 1 60.92 18.98 0 0.3
60800 10 5 0.086 0.365 0.496 0.841 0.448 27 1 47.06 8.66 0 0.6
60800 10 5 0.072 0.375 0.296 0.79 0.653 45 0 53.94 5.1 0 0.74
60800 10 5 0.068 0.035 0.429 0.853 0.027 27 3 40.6 57.6 0 0.54
60800 10 5 0.108 0.304 0.421 0.874 0.6 25 0 35.02 10.26 0 0.78
60800 10 5 0.012 0.014 0.283 0.881 0.679 25 0 38.64 7.64 0 0.78
60800 10 5 0.05 0.022 0.291 0.783 0.054 25 0 43.82 16.24 0 0.7
60800 10 5 0.011 0.378 0.046 0.759 0.607 31 4 49.42 64.7 0 0.42
60800 10 5 0.047 0.142 0.008 0.965 0.332 25 385 27.7 891.3 0 0
60800 10 5 0.097 0.108 0.216 0.882 0.077 25 244 30.48 537.94 0 0
60800 10 5 0.021 0.149 0.013 0.863 0.089 25 841 26.42 1130.1 0 0
60800 10 5 0.069 0.5 0.446 0.771 0.12 30 5 47.7 96.68 0 0.38
60800 10 5 0.049 0.3 0.052 0.793 0.208 25 1040 26.12 1079.24 0 0
60800 10 5 0.046 0.39 0.261 0.807 0.999 27 0 37 10.46 0 0.72
60800 10 5 0.1 0.133 0.241 0.845 0.085 25 397 33.78 506.18 0 0
60800 10 5 0.104 0.267 0.268 0.778 0.135 25 354 31.6 482.74 0 0
60800 10 5 0.033 0.126 0.168 0.806 0.638 61 1 69.06 10.9 0 0.52
60800 10 5 0.113 0.084 0.018 0.84 0.194 25 568 28.26 784.9 0 0
60800 10 5 0.054 0.495 0.212 0.846 0.929 25 0 38.94 9.52 0 0.74
60800 10 5 0.054 0.121 0.154 0.886 0.326 36 1 52.48 17.68 0 0.6
60800 10 5 0.064 0.278 0.288 0.789 0.919 29 1 40.9 8.74 0 0.68
60800 10 5 0.038 0.427 0.072 0.892 0.932 25 0 37.18 7.98 0 0.8
60800 10 5 0.059 0.195 0.367 0.98 0.635 25 0 36.24 9.64 0 0.74
60800 10 5 0.013 0.347 0.34 0.832 0.437 45 0 59.64 14.18 0 0.5
60800 10 5 0.016 0.33 0.341 0.853 0.885 26 1 40.74 9.6 0 0.72
60800 10 5 0.057 0.408 0.48 0.885 0.654 25 1 33.68 8.92 0 0.86
60800 10 5 0.008 0.242 0.215 0.787 0.093 25 6 56.16 131.4 0 0.4
60800 10 5 0.061 0.266 0.443 0.901 0.709 26 0 35.78 11.22 0 0.7
60800 10 5 0.117 0.407 0.434 0.97 0.227 35 6 54.38 81.78 0 0.14
60800 10 5 0.013 0.367 0.4 0.942 0.926 25 0 32.64 5.02 0 0.82
60800 10 5 0.03 0.151 0.115 0.977 0.229 25 5 40.56 134.74 0 0.44
60800 10 5 0.103 0.239 0.148 0.76 0.77 25 0 35.54 11.7 0 0.68
60800 10 5 0.11 0.03 0.374 0.929 0.775 25 0 33.42 5.7 0 0.86
60800 10 5 0.102 0.492 0.21 0.856 0.016 25 754 28.28 994.36 0 0
60800 10 5 0.065 0.013 0.204 0.906 0.244 25 0 39.84 12.32 0 0.8
60800 10 5 0.085 0.358 0.372 0.834 0.296 36 2 52.82 48.14 0 0.3
60800 10 5 0.019 0.479 0.334 0.909 0.83 25 0 34.14 12.1 0 0.82
60800 10 5 0.007 0.497 0.041 0.906 0.446 26 93 32.84 370.34 0 0
60800 10 5 0.107 0.19 0.006 0.755 0.996 25 0 34.98 9.18 0 0.76
60800 10 5 0.11 0.355 0.156 0.958 0.912 25 0 37.36 12.12 0 0.8
60800 10 5 0.008 0.036 0.314 0.859 0.092 26 2 41.58 18.6 0 0.58
60800 10 5 0.039 0.176 0.215 0.956 0.595 51 0 60.7 13.68 0 0.7
60800 10 5 0.012 0.303 0.212 0.972 0.711 27 0 42.96 11.96 0 0.66
60800 10 5 0.108 0.136 0.271 0.88 0.976 26 1 38.18 5.36 0 0.78
60800 10 5 0.094 0.097 0.311 0.797 0.099 43 1 68.86 61.52 0 0.54
60800 10 5 0.054 0.443 0.34 0.814 0.469 26 0 39.58 12.02 0 0.72
60800 10 5 0.076 0.136 0.175 0.811 0.735 58 0 65.28 9 0 0.72
60800 10 5 0.105 0.454 0.395 0.967 0.11 25 33 41.96 285.4 0 0
60800 10 5 0.109 0.213 0.423 0.767 0.998 25 0 39.26 9.24 0 0.74
60800 10 5 0.017 0.263 0.048 0.881 0.681 28 1 40.7 28.96 0 0.6
60800 10 5 0.024 0.492 0.404 0.985 0.316 55 1 71.6 17.82 0 0.54
60800 10 5 0.108 0.403 0.357 0.925 0.762 48 0 53.78 6 0 0.76
60800 10 5 0.053 0.433 0.428 0.994 0.881 26 0 36.14 4.94 0 0.88
60800 10 5 0.082 0.038 0.359 0.759 0.714 25 0 35.4 5.82 0 0.78
60800 10 5 0.095 0.315 0.339 0.905 0.063 25 355 28.72 466.26 0 0
60800 10 5 0.047 0.167 0.426 0.845 0.886 25 0 40.16 9.74 0 0.72
60800 10 5 0.074 0.356 0.311 0.911 0.171 31 2 39.18 138.8 0 0.18
60800 10 5 0.068 0.097 0.289 0.988 0.215 45 0 53.14 9.24 0 0.68
60800 10 5 0.045 0.278 0.051 0.988 0.607 31 2 40.18 55.02 0 0.48
60800 10 5 0.084 0.17 0.321 0.924 0.92 25 0 39.7 8.52 0 0.76
60800 10 5 0.076 0.282 0.433 0.815 0.444 51 0 57.64 6.12 0 0.68
60800 10 5 0.107 0.057 0.272 0.929 0.864 25 0 36.98 8.12 0 0.74
60800 10 5 0.016 0.309 0.341 0.784 0.192 34 1 44.14 72.18 0 0.28
60800 10 5 0.015 0.302 0.332 0.973 0.272 37 1 51.66 36.94 0 0.24
60800 10 5 0.112 0.181 0.259 0.752 0.463 38 0 57.74 12.68 0 0.56
60800 10 5 0.087 0.186 0.283 0.768 0.254 40 0 55.96 21.52 0 0.6
60800 10 5 0.078 0.265 0.422 0.779 0.109 30 2 42.84 132.12 0 0.16
60800 10 5 0.113 0.114 0.236 0.826 0.132 29 2 44.86 109.02 0 0.12
60800 10 5 0.075 0.437 0.096 0.874 0.485 37 130 42.8 208.36 0 0
60800 10 5 0.02 0.387 0.4 0.755 0.476 26 0 37.04 6.8 0 0.8
60800 10 5 0.047 0.183 0.387 0.759 0.689 32 0 46.74 7.78 0 0.66
60800 10 5 0.087 0.13 0.114 0.799 0.17 25 535 25.98 727.2 0 0
60800 10 5 0.103 0.306 0.06 0.794 0.181 25 293 38.02 578.02 0 0
60800 10 5 0.095 0.234 0.322 0.934 0.908 56 0 61.44 6.02 0 0.78
60800 10 5 0.043 0.445 0.269 0.799 0.524 33 2 57.74 25.16 0 0.62
60800 10 5 0.054 0.2 0.187 0.823 0.793 25 0 36.4 8.68 0 0.76
60800 10 5 0.063 0.171 0.496 0.832 0.385 25 0 38.92 9.36 0 0.74
60800 10 5 0.072 0.083 0.309 0.992 0.111 32 1 40.16 49.8 0 0.38
60800 10 5 0.115 0.064 0.004 0.818 0.245 28 55 41.18 159.68 0 0
60800 10 5 0.105 0.268 0.213 0.776 0.403 40 27 50 85.54 0 0
60800 10 5 0.007 0.222 0.293 0.753 0.959 25 1 36 11.68 0 0.76
60800 10 5 0.081 0.441 0.396 0.799 0.006 25 972 26.14 1011.62 0 0
60800 10 5 0.096 0.171 0.141 0.813 0.754 44 0 53.3 6.48 0 0.76
60800 10 5 0.099 0.475 0.498 0.777 0.389 47 0 66.22 15.28 0 0.5
60800 10 5 0.065 0.145 0.008 0.856 0.112 25 1250 26.2 1288.44 0 0
60800 10 5 0.107 0.065 0.425 0.86 0.748 25 1 41.46 6.18 0 0.84
60800 10 5 0.032 0.212 0.42 0.786 0.759 25 0 34.82 8.98 0 0.74
60800 10 5 0.012 0.369 0.451 0.856 0.249 27 1 50.74 45.94 0 0.6
60800 10 5 0.004 0.304 0.304 0.861 0.955 32 0 42.92 4.68 0 0.82
60800 10 5 0.018 0.312 0.118 0.853 0.792 36 0 50.68 9.72 0 0.66
60800 10 5 0.004 0.073 0.346 0.817 0.641 25 0 34.52 9.06 0 0.74
60800 10 5 0.06 0.114 0.26 0.968 0.158 34 11 43.36 81.46 0 0
60800 10 5 0.029 0.464 0.382 0.916 0.941 25 0 41.34 5.88 0 0.82
60800 10 5 0.061 0.257 0.25 0.98 0.011 25 959 26.16 1011.9 0 0
60800 10 5 0.043 0.055 0.035 0.791 0.698 34 1 45.56 11.1 0 0.7
60800 10 5 0.038 0.245 0.394 0.94 0.006 25 647 28.04 782.8 0 0
60800 10 5 0.033 0.091 0.354 0.822 0.429 50 0 60.76 6.42 0 0.76
60800 10 5 0.098 0.303 0.421 0.874 0.98 25 0 37.34 9.36 0 0.74
60800 10 5 0.044 0.281 0.453 0.933 0.813 27 0 38.08 9.1 0 0.72
60800 10 5 0.004 0.031 0.34 0.776 0.849 25 0 37.84 9.98 0 0.76
60800 10 5 0.114 0.211 0.194 0.89 0.909 25 1 34.66 5.44 0 0.88
60800 10 5 0.012 0.196 0.347 0.987 0.808 25 0 34.56 6.6 0 0.82
60800 10 5 0.107 0.402 0.284 0.895 0.116 25 629 26.16 837.78 0 0
60800 10 5 0.107 0.306 0.214 0.936 0.799 25 0 35.2 5.92 0 0.84
60800 10 5 0.094 0.454 0.098 0.931 0.752 25 1 36.62 8.36 0 0.8
60800 10 5 0.024 0.351 0.035 0.753 0.635 38 2 51.1 34.28 0 0.46
60800 10 5 0.039 0.236 0.331 0.837 0.115 28 3 50.68 95.14 0 0.42
60800 10 5 0.034 0.277 0.474 0.841 0.517 26 0 40.2 9.82 0 0.74
60800 10 5 0.068 0.135 0.403 0.905 0.866 43 1 54.74 9.58 0 0.66
60800 10 5 0.083 0.287 0.358 0.985 0.812 25 0 32 10.32 0 0.74
60800 10 5 0.045 0.455 0.152 0.895 0.269 26 55 46.22 181.9 0 0
60800 10 5 0.037 0.011 0.483 0.771 0.631 26 1 39 6.18 0 0.86
60800 10 5 0.056 0.362 0.138 0.806 0.436 25 5 46.12 99.44 0 0.14
60800 10 5 0.052 0.303 0.216 0.766 0.979 38 0 49.26 6.44 0 0.68
60800 10 5 0.049 0.043 0.32 0.969 0.042 28 0 47.94 26.5 0 0.66
60800 10 5 0.031 0.058 0.258 0.95 0.853 25 0 33.48 6.26 0 0.82
60800 10 5 0.066 0.131 0.391 0.813 0.528 26 0 37.28 5.14 0 0.82
60800 10 5 0.063 0.414 0.348 0.887 0.021 25 778 26.82 920 0 0
60800 10 5 0.102 0.305 0.017 0.9 0.138 25 1038 26.38 1085.16 0 0
60800 10 5 0.027 0.143 0.137 0.808 0.561 25 0 35.5 24.22 0 0.68
60800 10 5 0.078 0.449 0.223 0.905 0.257 25 10 41.9 310.12 0 0
60800 10 5 0.029 0.344 0.442 0.762 0.929 25 1 38.3 8.86 0 0.8
60800 10 5 0.009 0.054 0.077 0.939 0.943 28 1 39.02 5.66 0 0.84
60800 10 5 0.093 0.389 0.088 0.939 0.567 38 3 56.06 52.28 0 0.38
60800 10 5 0.045 0.169 0.258 0.987 0.759 28 0 41.54 7.6 0 0.7
60800 10 5 0.08 0.173 0.271 0.791 0.06 25 649 26.34 887.58 0 0
60800 10 5 0.049 0.074 0.165 0.994 0.536 25 0 37.82 11.64 0 0.7
60800 10 5 0.081 0.019 0.1 0.886 0.499 25 1 37.1 7.78 0 0.74
60800 10 5 0.052 0.35 0.142 0.762 0.365 30 0 47.02 82.36 0 0.22
60800 10 5 0.097 0.17 0.338 0.832 0.244 25 0 43.16 11.38 0 0.7
60800 10 5 0.042 0.046 0.282 0.912 0.997 25 0 34.2 10.74 0 0.78
60800 10 5 0.053 0.169 0.194 0.801 0.841 30 1 37.76 6.6 0 0.78
60800 10 5 0.085 0.047 0.411 0.858 0.437 25 0 37.06 9.68 0 0.72
60800 10 5 0.069 0.162 0.293 0.871 0.296 34 2 46.56 29.32 0 0.5
60800 10 5 0.048 0.493 0.208 0.969 0.661 51 0 58.78 14.24 0 0.58
60800 10 5 0.06 0.022 0.281 1 0.934 25 0 38.42 3.8 0 0.82
60800 10 5 0.106 0.38 0.397 0.841 0.623 49 0 61.5 8.6 0 0.7
60800 10 5 0.112 0.495 0.023 0.767 0.759 54 1 63 17.4 0 0.56
60800 10 5 0.082 0.27 0.334 0.997 0.678 25 2 38.26 11.56 0 0.74
60800 10 5 0.042 0.363 0.034 0.765 0.861 43 1 62.92 13.46 0 0.48
60800 10 5 0.077 0.357 0.112 0.983 0.067 25 935 26.42 1050.24 0 0
60800 10 5 0.031 0.278 0.109 0.959 0.637 27 2 37.1 21.44 0 0.58
60800 10 5 0.006 0.472 0.138 0.973 0.046 25 774 26.42 853.38 0 0
60800 10 5 0.109 0.127 0.167 0.752 0.667 25 0 32.12 5.9 0 0.8
60800 10 5 0.1 0.007 0.182 0.765 0.252 46 0 56.26 8.18 0 0.7
60800 10 5 0.111 0.391 0.385 0.786 0.239 32 2 40.8 65.86 0 0.36
60800 10 5 0.033 0.122 0.498 0.787 0.67 25 1 34.28 4.48 0 0.9
60800 10 5 0.083 0.025 0.254 0.784 0.304 25 0 35.94 5.12 0 0.84
60800 10 5 0.009 0.474 0.235 0.788 0.794 25 0 36.02 9 0 0.74
60800 10 5 0.06 0.181 0.297 0.879 0.597 25 1 35 12.52 0 0.74
60800 10 5 0.022 0.124 0.037 0.867 0.335 25 153 34.68 365.98 0 0
60800 10 5 0.066 0.349 0.449 0.989 0.84 25 0 40.38 10.92 0 0.76
60800 10 5 0.037 0.066 0.308 0.966 0.454 25 0 36.92 6.92 0 0.82
60800 10 5 0.012 0.012 0.058 0.774 0.183 35 1 47.22 5.9 0 0.8
60800 10 5 0.009 0.407 0.345 0.798 0.606 26 0 39.22 13 0 0.74
60800 10 5 0.11 0.465 0.311 0.874 0.406 38 16 44.24 60.38 0 0
60800 10 5 0.054 0.412 0.356 0.781 0.684 25 0 35.86 5.52 0 0.84
60800 10 5 0.043 0.483 0.263 0.869 0.801 25 0 40.8 8.92 0 0.64
60800 10 5 0.115 0.001 0.155 0.866 0.36 26 0 37.36 8.14 0 0.74
60800 10 5 0.006 0.059 0.038 0.751 0.613 33 1 44.18 24.68 0 0.68
60800 10 5 0.069 0.164 0.275 0.84 0.556 27 0 43.78 6.94 0 0.82
60800 10 5 0.031 0.159 0.139 0.833 0.967 27 1 40.78 8.16 0 0.76
60800 10 5 0.059 0.28 0.255 0.908 0.991 25 0 34.88 9.44 0 0.72
60800 10 5 0.07 0.491 0.1 0.791 0.827 64 1 69.5 8.46 0 0.64
60800 10 5 0.038 0.384 0.381 0.846 0.52 26 1 37.96 11.68 0 0.72
60800 10 5 0.028 0.145 0.373 0.869 0.783 34 2 43.84 8.46 0 0.76
60800 10 5 0.08 0.136 0.327 0.981 0.238 41 1 58.54 9.12 0 0.74
60800 10 5 0.105 0.204 0.256 0.765 0.577 26 0 39.52 9.08 0 0.66
60800 10 5 0.052 0.493 0.044 0.836 0.343 25 394 31.12 572.76 0 0
60800 10 5 0.038 0.156 0.454 0.793 0.957 26 0 45.86 9.52 0 0.72
60800 10 5 0.035 0.397 0.207 0.772 0.097 25 428 34.96 486.34 0 0
60800 10 5 0.064 0.397 0.296 0.975 0.023 25 570 30.4 760.98 0 0
60800 10 5 0.033 0.174 0.1 0.997 0.557 26 4 42.92 17.48 0 0.72
60800 10 5 0.034 0.247 0.314 0.985 0.264 42 8 62.22 59.38 0 0.02
60800 10 5 0.11 0.271 0.299 0.98 0.596 39 0 51.22 7.28 0 0.66
60800 10 5 0.101 0.324 0.44 0.916 0.461 40 0 64.56 10.68 0 0.54
60800 10 5 0.017 0.415 0.279 0.876 0.566 41 0 54.76 13.46 0 0.58
60800 10 5 0.055 0.295 0.163 0.919 0.767 42 0 53.56 8.74 0 0.7
60800 10 5 0.039 0.172 0.137 0.913 0.183 25 4 50.02 158.64 0 0.48
60800 10 5 0.073 0.18 0.234 0.833 0.249 27 5 40.62 72.02 0 0.34
60800 10 5 0.062 0.029 0.342 0.845 0.724 25 0 34.82 8.76 0 0.84
60800 10 5 0.118 0.45 0.024 0.863 0.38 25 616 33.52 733.78 0 0
60800 10 5 0.033 0.13 0.046 0.97 0.399 28 37 36.32 180.74 0 0
60800 10 5 0.048 0.377 0.177 0.992 0.391 30 4 41.08 113.38 0 0.16
60800 10 5 0.04 0.305 0.191 0.877 0.633 43 1 52 10.06 0 0.62
60800 10 5 0.092 0.152 0.132 0.758 0.277 26 14 39.04 104.44 0 0
60800 10 5 0.061 0.305 0.405 0.808 0.989 25 0 34.12 6.66 0 0.78
60800 10 5 0.055 0.032 0.44 0.768 0.98 25 0 38.56 10.56 0 0.74
60800 10 5 0.072 0.183 0.022 0.937 0.595 44 6 55.26 43.7 0 0.02
60800 10 5 0.088 0.28 0.195 0.858 0.025 28 446 35.42 546.32 0 0
60800 10 5 0.099 0.022 0.351 0.866 0.28 25 2 34.16 10.12 0 0.72
60800 10 5 0.044 0.452 0.374 0.947 0.204 35 0 57.46 36.92 0 0.52
60800 10 5 0.042 0.457 0.085 0.825 0.784 29 0 41.42 15.76 0 0.62
60800 10 5 0.073 0.124 0.08 0.881 0.219 25 201 32.78 575.7 0 0
60800 10 5 0.107 0.168 0.084 0.934 0.986 25 1 35.86 6.04 0 0.86
60800 10 5 0.116 0.31 0.321 0.776 0.451 51 0 65.62 6.26 0 0.78
60800 10 5 0.019 0.443 0.442 0.898 0.628 43 0 53 5.02 0 0.82
60800 10 5 0.017 0.156 0.227 0.999 0.961 26 1 33.32 8.04 0 0.82
60800 10 5 0.059 0.287 0.448 0.775 0.103 28 1 39.06 160.58 0 0.14
60800 10 5 0.019 0.35 0.263 0.819 0.727 26 0 38.46 9.84 0 0.76
60800 10 5 0.113 0.282 0.012 0.98 0.866 29 0 43.6 9.44 0 0.58
60800 10 5 0.047 0.141 0.082 0.852 0.707 42 0 49.06 11.7 0 0.66
60800 10 5 0.033 0.291 0.464 0.976 0.726 25 0 38.04 10.56 0 0.72
60800 10 5 0.064 0.243 0.142 0.761 0.55 33 2 46.54 34 0 0.64
60800 10 5 0.027 0.148 0.186 0.899 0.075 25 3 45.16 150.88 0 0.3
60800 10 5 0.061 0.137 0.162 0.98 0.551 54 1 65.96 12.8 0 0.44
60800 10 5 0.113 0.07 0.482 0.779 0.244 42 0 55.04 7.94 0 0.68
60800 10 5 0.056 0.053 0.442 0.987 0.309 25 0 38.5 5.26 0 0.8
60800 10 5 0.035 0.102 0.365 0.983 0.724 26 0 36.2 9.24 0 0.68
60800 10 5 0.041 0.048 0.002 0.767 0.389 25 266 34.84 403.28 0 0
60800 10 5 0.095 0.054 0.053 0.917 0.318 33 0 47.34 15.5 0 0.56
60800 10 5 0.038 0.21 0.162 0.974 0.614 34 0 44.26 17.64 0 0.62
60800 10 5 0.071 0.366 0.103 0.982 0.736 44 0 53.88 10.36 0 0.54
60800 10 5 0.082 0.013 0.407 0.899 0.123 25 1 33.46 10.18 0 0.74
60800 10 5 0.023 0.003 0.367 0.755 0.932 26 0 37.64 7.2 0 0.84
60800 10 5 0.053 0.381 0.491 0.772 0.18 30 1 46.78 40.78 0 0.26
60800 10 5 0.026 0.442 0.282 0.756 0.882 49 0 53.96 5.3 0 0.82
60800 10 5 0.097 0.034 0.255 0.944 0.489 26 0 43.26 5 0 0.82
60800 10 5 0.049 0.075 0.01 0.958 0.047 25 776 29.62 963.5 0 0
60800 10 5 0.032 0.036 0.345 0.854 0.133 25 0 46.64 12.44 0 0.66
60800 10 5 0.03 0.169 0.39 0.754 0.097 25 2 43.32 91.2 0 0.4
60800 10 5 0.037 0.404 0.222 0.793 0.671 48 0 55.02 8.6 0 0.68
60800 10 5 0.078 0.368 0.105 0.979 0.507 31 3 46.24 83.72 0 0.38
60800 10 5 0.029 0.401 0.01 0.839 0.12 25 1148 26.28 1174.56 0 0
60800 10 5 0.099 0.466 0.038 0.8 0.772 33 0 55.48 19.56 0 0.48
60800 10 5 0.068 0.482 0.267 0.996 0.229 25 5 39.2 215.96 0 0.18
60800 10 5 0.069 0.352 0.266 0.981 0.657 47 0 54.94 9.68 0 0.62
60800 10 5 0.01 0.038 0.449 0.843 0.685 27 0 40.26 4.98 0 0.82
60800 10 5 0.066 0.063 0.175 0.76 0.631 26 0 40.22 7.78 0 0.76
60800 10 5 0.093 0.38 0.48 0.944 0.799 43 0 49.58 7.78 0 0.7
60800 10 5 0.102 0.041 0.194 0.866 0.777 25 1 37.42 7.62 0 0.84
60800 10 5 0.042 0.288 0.395 0.797 0.689 25 0 36.86 8.52 0 0.8
60800 10 5 0.082 0.211 0.417 0.793 0.966 26 0 36.02 9 0 0.74
60800 10 5 0.079 0.346 0.289 0.979 0.899 25 0 32.84 7.98 0 0.86
60800 10 5 0.05 0.442 0.176 0.951 0.435 32 4 51.68 76.48 0 0.18
60800 10 5 0.089 0.216 0.178 0.816 0.713 66 1 73.46 8.08 0 0.68
60800 10 5 0.034 0.428 0.063 0.939 0.868 39 1 54.16 13.06 0 0.7
60800 10 5 0.064 0.058 0.203 0.77 0.654 46 1 56.88 8.34 0 0.7
60800 10 5 0.092 0.147 0.318 0.88 0.186 58 0 65.6 29.84 0 0.36
60800 10 5 0.094 0.011 0.234 0.887 0.703 50 0 65.96 9.12 0 0.64
60800 10 5 0.002 0.285 0.477 0.93 0.085 33 3 43.4 88.82 0 0.22
60800 10 5 0.033 0.426 0.348 0.944 0.244 42 31 50.02 78.8 0 0
60800 10 5 0.043 0.079 0.245 0.925 0.796 25 0 38.14 4.4 0 0.82
60800 10 5 0.12 0.358 0.421 0.825 0.364 30 1 42.36 9.96 0 0.8
60800 10 5 0.022 0.322 0.359 0.922 0.092 27 2 43.68 172.06 0 0.12
60800 10 5 0.009 0.471 0.069 0.99 0.536 27 3 37.96 136.84 0 0.48
60800 10 5 0.063 0.046 0.337 0.904 0.196 25 0 38.16 6.1 0 0.8
60800 10 1 0.111 0.157 0.201 0.779 0.993 89 0 104.18 12.96 0.2 0.52
60800 10 1 0.1 0.014 0.003 0.911 0.071 32 65 39.74 118.54 0 0
60800 10 1 0.019 0.489 0.328 0.931 0.68 96 0 108.18 6.72 0.4 0.64
60800 10 1 0.044 0.327 0.483 0.754 0.443 80 0 100.84 15.32 0.34 0.62
60800 10 1 0.1 0.31 0.092 0.979 0.03 25 1001 26.18 1036.12 0 0
60800 10 1 0.115 0.116 0.113 0.994 0.44 53 0 73.54 17.52 0 0.56
60800 10 1 0.079 0.206 0.012 0.967 0.352 25 826 27.14 963.08 0 0
60800 10 1 0.055 0.475 0.218 0.85 0.045 25 793 26.96 923.46 0 0
60800 10 1 0.083 0.198 0.459 0.811 0.431 99 0 109.64 9.46 0.38 0.58
60800 10 1 0.069 0.47 0.302 0.785 0.966 94 1 105.5 13 0.32 0.58
60800 10 1 0.106 0.196 0.473 0.822 0.902 77 1 98.26 15.2 0.2 0.68
60800 10 1 0.034 0.368 0.466 0.819 0.449 84 0 94.82 9.58 0 0.64
60800 10 1 0.111 0.035 0.121 0.885 0.613 79 1 95.74 13.84 0 0.66
60800 10 1 0.112 0.013 0.222 0.8 0.294 103 1 109.48 10.94 0.24 0.46
60800 10 1 0.104 0.029 0.108 0.844 0.618 84 1 98.38 11.42 0 0.62
60800 10 1 0.075 0.349 0.17 0.904 0.96 114 1 120.96 6.18 1 0.74
60800 10 1 0.12 0.157 0.031 0.813 0.281 26 620 29.26 747.82 0 0
60800 10 1 0.084 0.294 0.009 0.908 0.929 90 0 102.28 9.62 0 0.62
60800 10 1 0.041 0.442 0.159 0.952 0.335 25 36 36.54 228.66 0 0
60800 10 1 0.058 0.377 0.367 0.833 0.223 28 5 47.7 73.64 0 0.24
60800 10 1 0.076 0.125 0.405 0.875 0.842 97 1 110.48 11.62 0.48 0.56
60800 10 1 0.106 0.486 0.265 0.797 0.531 76 1 86.42 22.26 0 0.34
60800 10 1 0.068 0.131 0.209 0.921 0.169 31 4 38.06 118.54 0 0.1
60800 10 1 0.027 0.212 0.235 0.855 0.061 25 376 28.66 469.88 0 0
60800 10 1 0.093 0.124 0.009 0.87 0.644 77 1 85.98 17.02 0 0.38
60800 10 1 0.001 0.107 0.381 0.962 0.517 103 1 109.78 9.52 0.34 0.54
60800 10 1 0.079 0.094 0.113 0.77 0.834 85 1 102.38 11.68 0.28 0.64
60800 10 1 0.008 0.062 0.299 0.78 0.529 79 1 93.02 11.8 0 0.64
60800 10 1 0.101 0.262 0.338 0.996 0.497 64 2 91.78 9.64 0 0.64
60800 10 1 0.034 0.313 0.454 0.908 0.749 91 0 103.36 9.42 0.22 0.64
60800 10 1 0.119 0.488 0.475 0.821 0.523 85 1 96.48 11.42 0 0.56
60800 10 1 0.115 0.448 0.19 0.904 0.503 32 7 42.86 74.58 0 0.08
60800 10 1 0.091 0.363 0.426 0.843 0.601 88 2 105.62 14.44 0.36 0.52
60800 10 1 0.078 0.033 0.264 0.969 0.827 99 1 104.24 14.06 0 0.3
60800 10 1 0.115 0.259 0.305 0.993 0.162 25 10 36.66 149.76 0 0
60800 10 1 0.039 0.328 0.162 0.863 0.696 70 0 88.36 14.76 0 0.62
60800 10 1 0.022 0.027 0.492 0.97 0.952 101 1 113.24 11.34 0.6 0.38
60800 10 1 0.084 0.315 0.193 0.986 0.141 25 680 26.68 912.22 0 0
60800 10 1 0.053 0.111 0.446 0.908 0.677 93 0 105.36 12.48 0.3 0.58
60800 10 1 0.016 0.018 0.112 0.992 0.971 93 1 108.5 15.12 0.44 0.42
60800 10 1 0.119 0.021 0.276 0.991 0.823 92 0 106.1 12.26 0.28 0.4
60800 10 1 0.081 0.413 0.349 0.856 0.418 42 1 72.06 24.94 0 0.64
60800 10 1 0.028 0.056 0.496 0.878 0.765 90 0 105.36 8.36 0.42 0.54
60800 10 1 0.021 0.477 0.492 0.906 0.312 90 4 100.44 19.24 0 0.2
60800 10 1 0.119 0.302 0.379 0.775 0.852 87 0 113.82 14.34 0.62 0.66
60800 10 1 0.021 0.44 0.372 0.856 0.415 53 1 75.98 22.12 0 0.52
60800 10 1 0.086 0.147 0.237 0.819 0.117 26 105 35.26 196.7 0 0
60800 10 1 0.054 0.475 0.152 0.795 0.788 109 1 114.16 12.64 0.54 0.3
60800 10 1 0.022 0.048 0.485 0.898 0.507 82 1 96.02 10.34 0 0.6
60800 10 1 0.047 0.402 0.219 0.962 0.281 27 3 38.74 155.38 0 0.14
60800 10 1 0.076 0.119 0.34 0.981 0.936 92 0 104.88 10.64 0.14 0.54
60800 10 1 0.07 0.467 0.422 0.758 0.175 33 12 45.66 110.88 0 0
60800 10 1 0.009 0.467 0.054 0.776 0.642 50 5 61.86 41.64 0 0.34
60800 10 1 0.025 0.155 0.014 0.843 0.981 73 0 95.36 13.08 0 0.7
60800 10 1 0.093 0.364 0.463 0.927 0.558 102 1 111.02 9.84 0.4 0.58
60800 10 1 0.032 0.165 0.381 0.939 0.012 25 554 30.82 745.62 0 0
60800 10 1 0.115 0.397 0.179 0.926 0.17 25 523 27.38 872.58 0 0
60800 10 1 0.079 0.274 0.309 0.768 0.939 90 1 107.26 16.36 0.36 0.48
60800 10 1 0.035 0.469 0.102 0.832 0.043 25 1091 26.2 1155.46 0 0
60800 10 1 0.021 0.117 0.258 0.892 0.9 87 1 108.48 13.44 0.48 0.5
60800 10 1 0.009 0.375 0.036 0.818 0.276 25 1069 26.24 1205.64 0 0
60800 10 1 0.079 0.229 0.181 0.979 0.322 26 3 42.66 114.48 0 0.22
60800 10 1 0.029 0.402 0.097 0.753 0.106 25 575 27.5 940.52 0 0
60800 10 1 0.023 0.062 0.378 0.91 0.579 80 0 99.08 10.02 0 0.6
60800 10 1 0.119 0.076 0.127 0.769 0.316 89 0 99.96 11.06 0 0.54
60800 10 1 0.052 0.248 0.364 0.929 0.916 104 0 112.7 9.96 0.5 0.42
60800 10 1 0.049 0.104 0.461 0.834 0.685 88 0 99.58 11.62 0.06 0.58
60800 10 1 0.087 0.179 0.2 0.966 0.47 59 1 71.46 24.38 0 0.56
60800 10 1 0.101 0.438 0.244 0.858 0.059 25 1064 26.22 1103.28 0 0
60800 10 1 0.044 0.35 0.172 0.887 0.534 57 1 66.26 31.36 0 0.18
60800 10 1 0.025 0.384 0.484 0.876 0.644 69 2 92.22 12.96 0 0.7
60800 10 1 0.012 0.259 0.248 0.84 0.955 78 2 94.26 10.96 0 0.7
60800 10 1 0.089 0.379 0.228 0.929 0.696 92 1 102.54 10.02 0 0.54
60800 10 1 0.078 0.395 0.012 0.858 0.443 25 771 28.94 932.42 0 0
60800 10 1 0.043 0.214 0.336 0.854 0.391 68 1 86.04 20.16 0 0.54
60800 10 1 0.077 0.182 0.007 0.976 0.455 26 406 29.02 557.44 0 0
60800 10 1 0.021 0.484 0.409 0.958 0.658 97 0 108.16 12.48 0.3 0.5
60800 10 1 0.03 0.454 0.291 0.931 0.667 82 1 93.78 15.02 0.02 0.54
60800 10 1 0.023 0.285 0.015 0.83 0.639 31 10 47.7 66.08 0 0
60800 10 1 0.027 0.255 0.061 0.798 0.078 25 1056 26.04 1156.7 0 0
60800 10 5 0.004 0.292 0.414 0.761 0.871 26 1 40.06 8.06 0 0.78
60800 10 5 0.087 0.245 0.327 0.928 0.339 46 0 60.12 12.32 0 0.54
60800 10 5 0.062 0.425 0.034 0.755 0.507 27 186 33.66 421.58 0 0
60800 10 5 0.112 0.453 0.331 0.822 0.023 25 716 32.72 795.44 0 0
60800 10 5 0.055 0.042 0.289 0.819 0.234 25 0 35.36 6.94 0 0.8
60800 10 5 0.113 0.255 0.278 0.998 0.733 25 0 39.12 8.68 0 0.72
60800 10 5 0.043 0.43 0.445 0.844 0.624 27 0 37.4 6.58 0 0.7
60800 10 5 0.098 0.492 0.216 0.86 0.359 25 4 37.22 175 0 0.1
60800 10 5 0.067 0.17 0.224 0.819 0.236 32 3 49.92 82.04 0 0.18
60800 10 5 0.054 0.207 0.053 0.856 0.077 25 1098 26.3 1155.68 0 0
60800 10 5 0.091 0.077 0.258 0.771 0.584 25 0 38.38 8.62 0 0.68
60800 10 5 0.049 0.228 0.475 0.825 0.505 36 0 42.52 4.36 0 0.82
60800 10 5 0.096 0.452 0.387 0.812 0.338 39 1 56.14 38.46 0 0.42
60800 10 5 0.007 0.447 0.208 0.828 0.184 26 3 39.72 164.48 0 0.16
60800 10 5 0.062 0.486 0.352 0.845 0.984 25 0 39.96 8.84 0 0.68
60800 10 5 0.108 0.379 0.439 0.801 0.826 25 0 33 5.7 0 0.86
60800 10 5 0.086 0.418 0.488 0.809 0.371 51 0 57.56 12.52 0 0.6
60800 10 5 0.08 0.057 0.288 0.979 0.85 25 1 39.64 9.12 0 0.68
60800 10 5 0.013 0.029 0.051 0.792 0.166 25 8 38.2 199.36 0 0.04
60800 10 5 0.085 0.347 0.318 0.779 0.404 45 1 56.52 26.04 0 0.46
60800 10 5 0.022 0.224 0.122 0.909 0.196 30 112 43.08 250.68 0 0
60800 10 5 0.011 0.346 0.116 0.94 0.137 26 345 32.72 467.28 0 0
60800 10 5 0.099 0.102 0.409 0.77 0.224 39 0 46.62 8.46 0 0.72
60800 10 5 0.01 0.328 0.047 0.911 0.098 25 250 30.02 789.9 0 0
60800 10 5 0.089 0.217 0.389 0.913 0.529 25 1 37.94 10.66 0 0.7
60800 10 5 0.086 0.309 0.425 0.944 0.159 45 1 61.24 52.22 0 0.26
60800 10 5 0.117 0.003 0.373 0.813 0.328 26 0 37.68 9.16 0 0.78
60800 10 5 0.103 0.368 0.352 0.854 0.252 29 25 39.4 136.36 0 0
60800 10 5 0.004 0.11 0.028 0.832 0.598 28 4 40.82 73.26 0 0.32
60800 10 5 0.015 0.453 0.244 0.969 0.483 27 1 37.02 8.04 0 0.86
60800 10 5 0.058 0.319 0.365 0.945 0.62 25 0 38.76 10.66 0 0.76
60800 10 5 0.077 0.008 0.175 0.933 0.872 25 0 35.9 9.9 0 0.76
60800 10 5 0.108 0.197 0.274 0.753 0.16 28 4 39.48 129.38 0 0.18
60800 10 5 0.043 0.189 0.463 0.896 0.633 26 0 37.8 7.84 0 0.76
60800 10 5 0.112 0.189 0.011 0.896 0.946 25 0 33.58 5.44 0 0.82
60800 10 5 0.059 0.08 0.442 0.816 0.909 25 0 33.04 6.46 0 0.82
60800 10 5 0.056 0.472 0.32 0.798 0.663 25 0 36.68 9.94 0 0.66
60800 10 5 0.112 0.35 0.094 0.893 0.476 26 44 37.68 157.14 0 0
60800 10 6 0.038 0.287 0.444 0.825 0.839 26 0 36.58 4.84 0 0.88
60800 10 6 0.052 0.214 0.439 0.965 0.368 46 0 59.4 14.14 0 0.64
60800 10 6 0.014 0.045 0.361 0.962 0.658 25 0 37.78 9.02 0 0.72
60800 10 6 0.093 0.227 0.422 0.917 0.612 25 1 40.04 7.98 0 0.78
60800 10 6 0.043 0.029 0.194 0.799 0.221 41 1 49.32 8.52 0 0.78
60800 10 6 0.011 0.259 0.096 0.903 0.761 26 1 39.26 9.6 0 0.76
60800 10 6 0.084 0.076 0.463 0.856 0.052 58 0 67.56 19.02 0 0.26
60800 10 6 0.074 0.47 0.28 0.884 0.239 31 2 52.1 83.02 0 0.38
60800 10 6 0.102 0.406 0.199 0.863 0.981 25 0 35.8 8.56 0 0.78
60800 10 6 0.116 0.229 0.271 0.852 0.149 25 64 43.7 196.46 0 0
60800 10 6 0.088 0.087 0.069 0.944 0.83 25 1 32.72 6.52 0 0.82
60800 10 6 0.055 0.119 0.026 0.988 0.243 25 540 28 704.86 0 0
60800 10 6 0.094 0.123 0.363 0.893 0.274 25 0 36.74 7.26 0 0.82
60800 10 6 0.049 0.149 0.028 0.934 0.058 25 803 28.96 1010 0 0
60800 10 6 0.065 0.3 0.311 0.988 0.044 25 752 26.08 861.38 0 0
60800 10 6 0.023 0.488 0.46 0.819 0.746 51 0 56.26 7.96 0 0.7
60800 10 6 0.103 0.242 0.344 0.997 0.049 25 16 46.8 185.72 0 0
60800 10 6 0.025 0.476 0.32 0.823 0.402 32 1 47.72 25.58 0 0.5
60800 10 6 0.004 0.066 0.288 0.99 0.933 46 1 55.58 6.38 0 0.74
60800 10 6 0.019 0.439 0.409 0.904 0.99 43 0 53.08 7.14 0 0.68
60800 10 6 0.032 0.281 0.135 0.933 0.276 25 1 42.32 229.4 0 0.24
60800 10 6 0.036 0.327 0.098 0.831 0.705 48 0 54.4 12.02 0 0.72
60800 10 6 0.113 0.205 0.362 0.769 0.225 38 0 51.24 30.78 0 0.4
60800 10 6 0.036 0.239 0.073 0.996 0.978 25 0 40.9 8.96 0 0.76
60800 10 6 0.051 0.062 0.093 0.92 0.189 27 17 43.94 97 0 0
60800 10 6 0.095 0.307 0.236 0.946 0.619 46 0 54.58 12.94 0 0.64
60800 10 6 0.117 0.316 0.407 0.814 0.608 47 0 50.54 5.34 0 0.82
60800 10 6 0.018 0.202 0.3 0.895 0.103 34 3 48.84 51.8 0 0.5
60800 10 6 0.041 0.305 0.158 0.778 0.391 32 4 50.1 66.12 0 0.2
60800 10 6 0.017 0.236 0.257 0.894 0.592 45 0 57.36 10.18 0 0.6
60800 10 6 0.062 0.096 0.175 0.952 0.169 38 1 54.4 12.42 0 0.7
60800 10 6 0.067 0.339 0.021 0.895 0.795 26 1 37.88 18.26 0 0.62
60800 10 6 0.077 0.013 0.016 0.76 0.577 28 0 46.24 5.78 0 0.78
60800 10 6 0.059 0.272 0.018 0.912 0.785 31 0 51.2 17.54 0 0.62
60800 10 6 0.031 0.149 0.156 0.864 0.613 42 0 47.92 4.72 0 0.86
60800 10 6 0.063 0.358 0.153 0.993 0.419 27 5 43.26 135.44 0 0.12
60800 10 6 0.035 0.217 0.438 0.895 0.023 26 17 36.7 248.44 0 0
60800 10 6 0.118 0.187 0.392 0.762 0.072 27 8 38.16 162.46 0 0.12
60800 10 6 0.076 0.129 0.273 0.992 0.885 25 0 35.86 9.48 0 0.74
60800 10 6 0.031 0.4 0.146 0.947 0.136 25 317 34.32 482.24 0 0
60800 10 6 0.019 0.217 0.406 0.787 0.869 25 0 37.72 9.98 0 0.74
60800 10 6 0.109 0.201 0.158 0.953 0.442 31 6 41.38 64.42 0 0.02
60800 10 6 0.079 0.205 0.119 0.901 0.955 25 0 37.08 10.5 0 0.74
60800 10 6 0.067 0.47 0.486 0.816 0.449 29 0 44.22 7.32 0 0.8
60800 10 6 0.036 0.062 0.473 0.908 0.014 29 4 38.48 146.62 0 0.22
60800 10 6 0.119 0.421 0.466 0.983 0.087 31 176 38.6 230.3 0 0
60800 10 6 0.1 0.086 0.041 0.802 0.317 32 51 44.32 120.68 0 0
60800 10 6 0.091 0.365 0.158 0.797 0.465 30 32 36.9 123.8 0 0
60800 10 6 0.064 0.374 0.116 0.814 0.534 31 1 46.82 37.12 0 0.64
60800 10 6 0.038 0.352 0.028 0.927 0.719 26 1 34 27.62 0 0.6
60800 10 6 0.095 0.117 0.426 0.968 0.446 25 0 36.4 7.7 0 0.78
60800 10 6 0.023 0.288 0.437 0.991 0.283 46 2 62.9 28.32 0 0.2
60800 10 6 0.116 0.133 0.237 0.94 0.509 25 0 35.5 10.74 0 0.72
60800 10 6 0.117 0.161 0.094 0.763 0.6 75 0 80.76 11.66 0 0.52
60800 10 6 0.044 0.01 0.006 0.845 0.628 25 0 37.68 11.32 0 0.74
60800 10 6 0.101 0.481 0.235 0.868 0.885 25 0 36.32 5.82 0 0.84
60800 10 6 0.023 0.071 0.249 0.891 0.973 25 0 36.16 9.42 0 0.74
60800 10 6 0.049 0.371 0.221 0.945 0.604 26 2 38.48 19.48 0 0.64
60800 10 6 0.001 0.436 0.426 0.796 0.854 25 0 35.34 9.4 0 0.7
60800 10 6 0.072 0.318 0.219 0.827 0.578 47 0 57.26 18.5 0 0.58
60800 10 6 0.023 0.001 0.427 0.896 0.65 25 0 35.26 8.42 0 0.76
60800 10 6 0.014 0.115 0.422 0.94 0.717 31 0 46.34 10.48 0 0.66
60800 10 6 0.064 0.35 0.411 0.854 0.394 27 0 43.02 22.74 0 0.64
60800 10 6 0.004 0.483 0.466 0.979 0.039 32 38 49.26 143.04 0 0
60800 10 6 0.117 0.197 0.033 0.815 0.826 30 0 48.2 9.14 0 0.66
60800 10 6 0.008 0.153 0.096 0.869 0.39 28 0 37.98 127.38 0 0.3
60800 10 6 0.018 0.462 0.497 0.934 0.906 26 0 36.18 8.72 0 0.72
60800 10 6 0.015 0.093 0.265 0.876 0.57 31 0 41.82 9 0 0.72
60800 10 6 0.11 0.482 0.495 0.954 0.713 25 0 35.96 5.88 0 0.86
60800 10 6 0.067 0.341 0.139 0.77 0.733 34 0 39.78 12.74 0 0.66
60800 10 6 0.019 0.007 0.384 0.803 0.191 25 0 36.84 8.7 0 0.76
60800 10 6 0.024 0.484 0.333 0.843 0.455 53 0 58.5 19.42 0 0.38
60800 10 6 0.017 0.184 0.033 0.92 0.373 32 65 39.4 268.74 0 0
60800 10 6 0.017 0.399 0.406 0.935 0.946 25 0 36.76 9.9 0 0.78
60800 10 6 0.016 0.072 0.165 0.763 0.189 35 1 51.02 47.04 0 0.4
60800 10 6 0.056 0.174 0.066 0.985 0.362 25 9 40.9 215.5 0 0.12
60800 10 6 0.1 0.435 0.19 0.784 0.89 25 1 33.56 9.84 0 0.78
60800 10 6 0.035 0.396 0.021 0.764 0.663 26 0 35.82 38 0 0.54
60800 10 6 0.065 0.095 0.084 0.854 0.629 62 0 67.7 12.62 0 0.58
60800 10 6 0.007 0.094 0.162 0.831 0.882 25 0 35.66 7.74 0 0.8
60800 10 6 0.112 0.318 0.154 0.935 0.516 49 0 57.1 32.44 0 0.26
60800 10 6 0.076 0.163 0.049 0.947 0.247 25 589 28.56 892.46 0 0
60800 10 6 0.088 0.015 0.374 0.91 0.41 27 0 38.62 6.48 0 0.82
60800 10 6 0.056 0.215 0.248 0.988 0.949 25 0 36.2 11.82 0 0.72
60800 10 6 0.012 0.043 0.059 0.843 0.117 25 50 41.02 246.76 0 0
60800 10 6 0.002 0.219 0.299 0.928 0.327 28 0 46 6.7 0 0.74
60800 10 6 0.034 0.305 0.151 0.834 0.834 25 0 34.92 5.96 0 0.82
60800 10 6 0.071 0.122 0.086 0.887 0.91 26 0 37.98 6.4 0 0.8
60800 10 6 0.073 0.191 0.221 0.97 0.681 25 0 38.64 10.14 0 0.74
60800 10 6 0.02 0.096 0.069 0.908 0.7 28 0 41.48 10.16 0 0.66
60800 10 6 0.038 0.482 0.025 0.813 0.486 25 417 27.48 752.76 0 0
60800 10 6 0.067 0.266 0.17 0.928 0.129 25 281 30.4 630.52 0 0
60800 10 6 0.011 0.003 0.019 0.777 0.746 25 0 39.42 9.12 0 0.74
60800 10 6 0.074 0.175 0.327 0.791 0.278 60 1 71.02 12.52 0 0.42
60800 10 6 0.021 0.444 0.056 0.988 0.923 27 1 43.12 6.9 0 0.8
60800 10 6 0.108 0.204 0.118 0.923 0.103 25 772 26.84 935.28 0 0
60800 10 6 0.055 0.401 0.35 0.831 0.41 25 1 45.1 38.24 0 0.56
60800 10 6 0.101 0.174 0.103 0.783 0.796 27 0 43.38 11.34 0 0.72
60800 10 6 0.115 0.011 0.489 0.952 0.35 25 0 35.28 9.86 0 0.74
60800 10 6 0.045 0.198 0.288 0.951 0.841 25 0 33.8 5.94 0 0.82
60800 10 6 0.065 0.213 0.254 0.996 0.975 44 0 54.88 7.78 0 0.82
60800 10 6 0.026 0.26 0.084 0.966 0.97 25 0 38.46 9.72 0 0.74
60800 10 6 0.119 0.07 0.22 0.92 0.889 25 0 38.28 9.68 0 0.8
60800 10 6 0.093 0.121 0.38 0.766 0.108 31 4 46.1 70.84 0 0.28
60800 10 6 0.049 0.321 0.062 0.928 0.115 25 980 26.22 1164.72 0 0
60800 10 6 0.061 0.17 0.254 0.772 0.468 37 0 50.54 21.8 0 0.52
60800 10 6 0.115 0.051 0.324 0.955 0.494 28 0 42.74 8 0 0.8
60800 10 6 0.091 0.346 0.247 0.934 0.46 55 1 65.42 29.84 0 0.2
60800 10 6 0.039 0.345 0.373 0.872 0.726 25 0 36.12 9.62 0 0.74
60800 10 6 0.084 0.063 0.13 0.886 0.618 25 0 37.24 5.22 0 0.82
60800 10 6 0.072 0.188 0.436 0.808 0.911 34 0 41.28 5.28 0 0.74
60800 10 6 0.017 0.466 0.029 0.926 0.259 25 512 32.54 751.96 0 0
60800 10 6 0.041 0.472 0.475 0.963 0.51 26 0 38.22 5.76 0 0.84
60800 10 6 0.064 0.152 0.285 0.801 0.77 25 0 37.58 7.6 0 0.82
60800 10 6 0.021 0.324 0.03 0.775 0.746 26 0 35.56 10.48 0 0.78
60800 10 6 0.012 0.363 0.302 0.764 0.669 27 0 37.58 10.66 0 0.74
60800 10 6 0.012 0.195 0.076 0.752 0.92 25 0 35.94 10.7 0 0.76
60800 10 6 0.102 0.097 0.196 0.901 0.593 25 0 35.26 6.98 0 0.78
60800 10 6 0.098 0.009 0.048 0.917 0.141 25 0 35.54 11.54 0 0.74
60800 10 6 0.114 0.478 0.198 0.939 0.875 25 0 35.7 7.24 0 0.84
60800 10 6 0.016 0.33 0.122 0.927 0.545 28 0 36.16 19.22 0 0.84
60800 10 6 0.066 0.47 0.196 0.831 0.059 25 1124 26.08 1161.54 0 0
60800 10 6 0.036 0.245 0.43 0.971 0.582 25 0 39.22 9.1 0 0.8
60800 10 6 0.044 0.445 0.332 0.757 0.992 28 0 49.9 9.52 0 0.66
60800 10 6 0.082 0.327 0.339 0.773 0.74 25 1 37 9.44 0 0.74
60800 10 6 0.024 0.21 0.476 0.96 0.197 27 0 37.54 26.14 0 0.64
60800 10 6 0.052 0.444 0.427 0.962 0.854 25 0 36.68 12.08 0 0.78
60800 10 6 0.049 0.112 0.454 0.947 0.961 25 0 36.58 9.74 0 0.7
60800 10 6 0.044 0.03 0.094 0.971 0.236 48 0 56.74 11.96 0 0.46
60800 10 6 0.078 0.316 0.281 0.903 0.403 27 0 44.24 10.32 0 0.78
60800 10 6 0.108 0.27 0.051 0.875 0.35 25 459 27.08 847.16 0 0
60800 10 6 0.023 0.263 0.055 0.842 0.747 25 1 41.3 20.92 0 0.64
60800 10 6 0.036 0.417 0.019 0.783 0.924 25 0 39.38 9.5 0 0.7
60800 10 6 0.085 0.052 0.072 0.784 0.308 42 2 58.22 20 0 0.42
60800 10 6 0.054 0.47 0.253 0.907 0.728 25 0 34.02 10.86 0 0.74
60800 10 6 0.036 0.345 0.374 0.926 0.224 37 4 55.94 37.24 0 0.38
60800 10 6 0.036 0.181 0.377 0.937 0.111 46 4 58.02 95.64 0 0.08
60800 10 6 0.045 0.436 0.461 0.897 0.662 25 0 39.54 10.7 0 0.78
60800 10 6 0.096 0.247 0.086 0.982 0.443 26 20 44.82 193.08 0 0
60800 10 6 0.031 0.031 0.355 0.849 0.43 25 1 36.44 6.54 0 0.86
60800 10 6 0.026 0.203 0.205 0.771 0.659 25 1 39.78 10.74 0 0.76
60800 10 6 0.038 0.121 0.357 0.886 0.348 25 0 39.92 9.88 0 0.7
60800 10 6 0.087 0.358 0.294 0.862 0.703 25 0 35.6 9.18 0 0.68
60800 10 6 0.004 0.045 0.343 0.816 0.684 25 0 38.1 5.88 0 0.76
60800 10 6 0.068 0.434 0.495 0.958 0.794 31 0 44.28 4.7 0 0.8
60800 10 6 0.003 0.3 0.056 0.869 0.612 33 2 54.4 31.98 0 0.64
60800 10 6 0.038 0.374 0.115 0.81 0.151 25 656 27.16 811.94 0 0
60800 10 6 0.104 0.495 0.105 0.815 0.834 27 0 35.98 8.9 0 0.72
60800 10 6 0.065 0.319 0.112 0.783 0.973 30 0 43.96 9.52 0 0.68
60800 10 6 0.074 0.327 0.04 0.999 0.545 29 70 39.42 201.82 0 0
60800 10 6 0.11 0.247 0.185 0.842 0.677 43 0 49.16 9.32 0 0.76
60800 10 6 0.081 0.162 0.078 0.854 0.627 31 1 47.14 19.08 0 0.68
60800 10 6 0.077 0.33 0.179 0.806 0.629 49 1 73.22 14.7 0 0.52
60800 10 6 0.037 0.355 0.035 0.879 0.819 31 0 44.52 14.96 0 0.6
60800 10 6 0.11 0.36 0.238 0.871 0.624 30 0 41.66 13.48 0 0.58
60800 10 6 0.027 0.053 0.343 0.874 0.31 25 0 37.72 7.56 0 0.76
60800 10 6 0.069 0.224 0.103 0.835 0.139 25 169 30.4 732.9 0 0
60800 10 6 0.07 0.339 0.066 0.752 0.359 25 616 26.66 906.68 0 0
60800 10 6 0.03 0.118 0.244 0.885 0.404 37 1 49.56 11.48 0 0.62
60800 10 6 0.115 0.464 0.128 0.915 0.088 25 662 30.4 844.86 0 0
60800 10 6 0.032 0.233 0.329 0.928 0.233 33 2 46.12 50.76 0 0.2
60800 10 6 0.079 0.204 0.15 0.876 0.67 45 0 60.02 8.64 0 0.68
60800 10 6 0.068 0.372 0.458 0.897 0.014 25 691 26.18 859.64 0 0
60800 10 6 0.116 0.081 0.343 0.807 0.393 25 0 38 6.46 0 0.78
60800 10 6 0.065 0.367 0.419 0.812 0.2 31 2 50.48 73.94 0 0.34
60800 10 6 0.017 0.479 0.447 0.908 0.695 27 0 36.52 5.86 0 0.8
60800 10 6 0.067 0.453 0.265 0.844 0.411 33 5 42.24 89.78 0 0.12
60800 10 6 0.106 0.171 0.354 0.814 0.952 25 0 38.98 8.78 0 0.72
60800 10 6 0.031 0.067 0.104 0.751 0.584 44 1 62.74 18.48 0 0.52
60800 10 6 0.071 0.309 0.361 0.784 0.092 25 89 39.22 231.3 0 0
60800 10 6 0.105 0.062 0.192 0.783 0.486 42 0 48.06 6.02 0 0.72
60800 10 6 0.093 0.024 0.268 0.825 0.041 36 2 51.44 26.92 0 0.62
60800 10 6 0.009 0.47 0.067 0.98 0.437 26 6 45.34 124.76 0 0.32
60800 10 6 0.104 0.441 0.476 0.861 0.15 35 22 56.38 88.16 0 0
60800 10 6 0.032 0.236 0.494 0.984 0.429 25 0 35.68 9.58 0 0.78
60800 10 6 0.005 0.115 0.304 0.936 0.398 25 0 44.08 15.4 0 0.64
60800 10 6 0.1 0.124 0.298 0.838 0.287 25 1 34.22 14.54 0 0.7
60800 10 6 0.112 0.208 0.457 0.907 0.841 25 1 35.02 11.22 0 0.76
60800 10 6 0.092 0.086 0.203 0.777 0.878 25 0 35.86 6.76 0 0.78
60800 10 6 0.088 0.092 0.168 0.977 0.986 25 0 37.94 6.74 0 0.78
60800 10 6 0.024 0.04 0.277 0.99 0.914 46 1 53.1 9.14 0 0.68
60800 10 6 0.09 0.187 0.401 0.951 0.599 25 0 34.06 7.42 0 0.82
60800 10 6 0.115 0.432 0.267 0.939 0.69 25 0 39.6 10.74 0 0.72
60800 10 6 0.098 0.01 0.467 0.862 0.223 25 0 32.36 9.84 0 0.74
60800 10 6 0.004 0.309 0.279 0.83 0.537 26 0 39.88 13.72 0 0.64
60800 10 6 0.103 0.241 0.234 0.81 0.133 25 444 27.74 695.84 0 0
60800 10 6 0.077 0.451 0.211 0.751 0.942 27 1 35.38 8.24 0 0.78
60800 10 6 0.095 0.061 0.303 0.871 0.957 25 0 37.5 10.16 0 0.76
60800 10 6 0.055 0.172 0.102 0.765 0.073 25 742 29.22 939.58 0 0
60800 10 6 0.065 0.076 0.317 0.972 0.722 25 0 38.7 9.58 0 0.76
60800 10 6 0.01 0.096 0.068 0.759 0.296 25 4 40.68 184.1 0 0.2
60800 10 6 0.011 0.297 0.116 0.982 0.708 32 0 40.32 14.42 0 0.62
60800 10 6 0.022 0.398 0.386 0.926 0.598 26 1 39.56 8.32 0 0.82
60800 10 6 0.028 0.495 0.35 0.938 0.986 25 0 36.08 6.62 0 0.8
60800 10 6 0.055 0.215 0.147 0.814 0.844 25 0 35.1 6.92 0 0.78
60800 10 6 0.041 0.192 0.378 0.871 0.883 25 0 38.94 8.46 0 0.74
60800 10 6 0.058 0.051 0.102 0.76 0.351 51 0 58.44 10.5 0 0.58
60800 10 6 0.06 0.47 0.123 0.836 0.254 26 433 32.4 502.08 0 0
60800 10 6 0.082 0.169 0.321 0.83 0.576 25 0 37.94 11.08 0 0.78
60800 10 6 0.056 0.074 0.259 0.791 0.202 40 1 49.46 9.42 0 0.76
60800 10 6 0.029 0.338 0.084 0.912 0.393 31 31 41.38 106.14 0 0
60800 10 6 0.078 0.434 0.376 0.903 0.051 25 301 29.64 619.6 0 0
60800 10 6 0.048 0.148 0.405 0.947 0.173 31 0 39.88 8.66 0 0.7
60800 10 6 0.049 0.465 0.121 0.969 0.894 26 0 36.14 3.24 0 0.88
60800 10 6 0.078 0.368 0.275 0.834 0.76 25 1 40.62 10.86 0 0.78
60800 10 6 0.01 0.344 0.258 0.826 0.749 28 0 47.98 8.84 0 0.64
60800 10 6 0.104 0.11 0.414 0.958 0.806 25 1 36.84 9.84 0 0.76
60800 10 6 0.018 0.459 0.434 0.84 0.726 25 0 38.1 6.42 0 0.72
60800 10 6 0.013 0.402 0.365 0.765 0.163 46 2 66.02 90.82 0 0.12
60800 10 6 0.081 0.178 0.022 0.791 0.93 25 1 38.42 7.46 0 0.76
60800 10 6 0.018 0.007 0.49 0.834 0.16 26 0 44.62 9.94 0 0.74
60800 10 6 0.105 0.367 0.441 0.892 0.18 48 6 54.58 71.04 0 0.04
60800 10 6 0.014 0.102 0.404 0.822 0.067 28 0 45.74 97.16 0 0.36
60800 10 6 0.012 0.388 0.098 0.804 0.726 26 0 38.32 19.14 0 0.64
60800 10 6 0.064 0.027 0.418 0.835 0.292 25 1 36.22 11.56 0 0.78
60800 10 6 0.024 0.238 0.464 0.849 0.598 25 0 38.58 9.78 0 0.74
60800 10 6 0.024 0.458 0.02 0.914 0.951 25 1 37.88 10.74 0 0.7
60800 10 6 0.098 0.15 0.21 0.974 0.756 25 0 32.6 11.16 0 0.8
60800 10 6 0.09 0.122 0.327 0.986 0.579 25 0 38.5 9.14 0 0.7
60800 10 6 0.066 0.169 0.16 0.968 0.349 26 1 46.58 98.88 0 0.44
60800 10 6 0.009 0.244 0.426 0.798 0.724 30 0 44.58 7.04 0 0.68
60800 10 6 0.021 0.289 0.13 0.944 0.476 34 0 45.88 34.14 0 0.46
60800 10 6 0.014 0.234 0.305 0.962 0.276 27 0 44.1 59.58 0 0.52
60800 10 6 0.095 0.451 0.06 0.834 0.873 25 0 42.78 11.5 0 0.7
60800 10 6 0.026 0.368 0.471 0.769 0.029 25 33 35.88 267.36 0 0
60800 10 6 0.095 0.187 0.407 0.97 0.575 32 0 44.66 7.08 0 0.76
60800 10 6 0.094 0.149 0.249 0.883 0.014 25 1028 26.32 1077.12 0 0
60800 10 6 0.083 0.388 0.076 0.951 0.216 25 837 26.36 1067.46 0 0
60800 10 6 0.096 0.097 0.158 0.98 0.711 32 0 45.6 12.7 0 0.7
60800 10 6 0.105 0.439 0.236 0.991 0.751 26 0 39.76 12.72 0 0.74
60800 10 6 0.075 0.231 0.043 0.891 0.305 25 983 26.32 1058.7 0 0
60800 10 6 0.038 0.102 0.392 0.768 0.643 25 0 35.18 10.62 0 0.74
60800 10 6 0.02 0.175 0.082 0.907 0.459 39 4 44.06 65.12 0 0.02
60800 10 6 0.022 0.07 0.443 0.883 0.975 25 1 33.88 6.76 0 0.84
60800 10 6 0.046 0.273 0.334 0.91 0.051 25 264 30.04 376.44 0 0
60800 10 6 0.107 0.346 0.359 0.962 0.215 28 4 39.52 90.2 0 0.28
60800 10 6 0.059 0.069 0.049 0.821 0.158 25 615 26.78 801.94 0 0
60800 10 6 0.053 0.464 0.016 0.76 0.637 43 2 52.72 53.38 0 0.22
60800 10 6 0.101 0.411 0.067 0.799 0.915 25 1 43.34 11.06 0 0.7
60800 10 6 0.057 0.031 0.332 0.803 0.547 25 0 36.54 10.98 0 0.72
60800 10 6 0.003 0.051 0.33 0.905 0.287 25 0 35.24 5.76 0 0.8
60800 10 6 0.045 0.226 0.005 0.905 0.484 25 560 30.86 731.5 0 0
60800 10 6 0.076 0.373 0.215 0.837 0.354 32 20 48.72 126.24 0 0
60800 10 6 0.057 0.179 0.348 0.992 0.191 39 2 47.9 20.36 0 0.72
60800 10 6 0.048 0.249 0.303 0.822 0.794 25 1 37.76 9.32 0 0.74
60800 10 6 0.044 0.363 0.445 0.799 0.745 25 0 34.68 8.04 0 0.8
60800 10 6 0.03 0.309 0.402 0.963 0.625 25 0 37.84 8.98 0 0.76
60800 10 6 0.082 0.378 0.371 0.853 0.853 30 1 39.68 7.26 0 0.76
60800 10 6 0.081 0.464 0.385 0.978 0.284 28 1 44.56 42 0 0.62
60800 10 6 0.011 0.047 0.186 0.881 0.96 25 0 38.1 8.54 0 0.74
60800 10 6 0.114 0.354 0.228 0.76 0.636 53 0 64.36 11.42 0 0.6
60800 10 6 0.105 0.012 0.066 0.751 0.668 27 0 44.06 6.08 0 0.84
60800 10 6 0.086 0.174 0.437 0.854 0.773 25 0 37.96 10.1 0 0.74
60800 10 6 0.063 0.264 0.329 0.914 0.336 34 0 43.32 33.98 0 0.38
60800 10 6 0.102 0.322 0.437 0.935 0.937 25 0 35.76 5.54 0 0.86
60800 10 6 0.095 0.478 0.076 0.922 0.813 56 1 63.52 8.88 0 0.62
60800 10 6 0.035 0.098 0.491 0.968 0.61 25 0 34.78 13.18 0 0.76
60800 10 6 0.054 0.133 0.336 0.926 0.073 29 3 39.44 123.4 0 0.18
60800 10 6 0.114 0.352 0.121 0.906 0.896 25 0 32.2 4.82 0 0.84
60800 10 6 0.097 0.379 0.446 0.961 0.787 47 0 53.32 7.64 0 0.74
60800 10 6 0.118 0.355 0.244 0.945 0.039 25 151 33.16 558.46 0 0
60800 10 6 0.084 0.45 0.059 0.954 0.107 25 557 31.82 782.66 0 0
60800 10 6 0.035 0.057 0.196 0.824 0.653 39 0 51.2 6.14 0 0.84
60800 10 6 0.026 0.439 0.015 0.924 0.966 38 0 47.98 7.2 0 0.78
60800 10 6 0.015 0.365 0.274 0.81 0.821 25 2 32.22 9.1 0 0.88
60800 10 6 0.018 0.354 0.292 0.932 0.351 31 1 44.32 24.18 0 0.4
60800 10 6 0.118 0.151 0.393 0.838 0.822 37 0 46.94 5.46 0 0.74
60800 10 6 0.062 0.095 0.139 0.793 0.259 37 16 43.72 85.88 0 0
60800 10 6 0.03 0.293 0.176 0.964 0.512 48 2 64.76 12.9 0 0.72
60800 10 6 0.109 0.361 0.095 0.941 0.586 54 4 66.54 27.82 0 0.14
60800 10 6 0.001 0.074 0.187 0.752 0.018 25 128 38.88 262.78 0 0
60800 10 6 0.008 0.428 0.493 0.886 0.911 25 0 36 8.7 0 0.78
60800 10 6 0.067 0.348 0.231 0.889 0.463 31 1 48.04 38.2 0 0.44
60800 10 6 0.12 0.221 0.399 0.979 0.484 36 0 49.12 5.64 0 0.7
60800 10 6 0.106 0.105 0.278 0.926 0.902 25 1 34.38 7.5 0 0.82
60800 10 6 0.049 0.023 0.474 0.771 0.876 25 1 41.68 9.38 0 0.64
60800 10 6 0.118 0.23 0.314 0.975 0.357 37 0 45.7 15.06 0 0.72
60800 10 6 0.044 0.036 0.483 0.929 0.364 25 0 39.12 10.3 0 0.76
60800 10 6 0.079 0.283 0.132 0.952 0.655 41 0 48.02 12.48 0 0.6
60800 10 6 0.003 0.296 0.263 0.878 0.935 25 0 34.3 8.06 0 0.76
60800 10 6 0.05 0.181 0.008 0.818 0.712 39 1 45.86 22.7 0 0.52
60800 10 6 0.117 0.278 0.133 0.845 0.639 39 0 50.16 13.7 0 0.64
60800 10 6 0.06 0.239 0.025 0.844 0.603 31 2 51.16 24.82 0 0.46
60800 10 6 0.079 0.178 0.013 0.897 0.519 26 106 32.32 235.7 0 0
60800 10 6 0.062 0.014 0.189 0.772 0.83 34 0 42.76 7.14 0 0.68
60800 10 6 0.098 0.243 0.064 0.845 0.675 67 1 75.14 11.8 0 0.56
60800 10 6 0.002 0.096 0.247 0.842 0.167 31 0 39.32 41.08 0 0.62
60800 10 6 0.051 0.271 0.016 0.864 0.327 25 456 28.9 811.68 0 0
60800 10 6 0.018 0.008 0.256 0.817 0.331 25 0 39.52 10.7 0 0.74
60800 10 6 0.011 0.498 0.053 0.931 0.287 25 901 26.36 986.2 0 0
60800 10 6 0.082 0.411 0.205 0.901 0.363 26 7 49.86 98.4 0 0.08
60800 10 6 0.027 0.401 0.003 0.994 0.242 25 999 26.28 1038.1 0 0
60800 10 6 0.078 0.394 0.298 0.934 0.811 29 0 40.84 5.6 0 0.84
60800 10 6 0.025 0.134 0.457 0.99 0.53 34 0 43.84 7.1 0 0.76
60800 10 6 0.023 0.141 0.357 0.922 0.475 25 0 36.16 10.04 0 0.76
60800 10 6 0.027 0.366 0.284 0.783 0.321 34 0 51.1 34.56 0 0.62
60800 10 6 0.074 0.306 0.347 0.972 0.125 27 4 43.48 115.38 0 0.22
60800 10 6 0.005 0.382 0.495 0.794 0.784 25 1 34.06 11 0 0.74
60800 10 6 0.094 0.253 0.389 0.768 0.832 26 0 34.26 9.36 0 0.7
60800 10 6 0.054 0.304 0.269 0.949 0.172 36 32 50.48 139.04 0 0
60800 10 6 0.03 0.224 0.19 0.984 0.282 27 3 37.94 103.52 0 0.46
60800 10 6 0.068 0.136 0.401 0.784 0.281 48 0 53.14 4.64 0 0.78
60800 10 6 0.046 0.286 0.044 0.877 0.954 25 1 41.86 12.08 0 0.8
60800 10 6 0.038 0.494 0.298 0.937 0.074 26 108 36.08 256.96 0 0
60800 10 6 0.016 0.37 0.082 0.942 0.043 25 458 27.38 840.38 0 0
60800 10 6 0.092 0.008 0.48 0.983 0.841 29 0 43.6 8.68 0 0.74
60800 10 6 0.024 0.489 0.368 0.996 0.494 55 1 60.46 13.34 0 0.38
60800 10 6 0.08 0.311 0.334 0.979 0.799 26 0 39.7 7.84 0 0.7
60800 10 6 0.064 0.268 0.412 0.842 0.952 25 0 33.24 5.82 0 0.84
60800 10 6 0.044 0.041 0.472 0.768 0.431 25 0 33.48 9.94 0 0.74
60800 10 6 0.068 0.077 0.149 0.755 0.292 39 0 47.62 12.72 0 0.68
60800 10 6 0.065 0.409 0.29 0.84 0.794 25 0 35.4 6.36 0 0.84
60800 10 6 0.012 0.05 0.229 0.809 0.914 25 0 35.62 5.7 0 0.8
60800 10 6 0.074 0.208 0.425 0.813 0.821 25 0 35.84 10.66 0 0.8
60800 10 6 0.11 0.388 0.301 0.786 0.067 25 189 32.04 435.66 0 0
60800 10 6 0.054 0.027 0.348 0.882 0.001 25 744 27.6 874.78 0 0
60800 10 6 0.106 0.45 0.178 0.769 0.492 39 20 48.74 70.72 0 0
60800 10 6 0.087 0.216 0.143 0.962 0.369 46 3 56.28 47.12 0 0.2
60800 10 6 0.116 0.259 0.164 0.912 0.903 26 0 40.86 8.44 0 0.74
60800 10 6 0.013 0.235 0.026 0.893 0.391 25 830 26.28 1037.34 0 0
60800 10 6 0.057 0.406 0.061 0.956 0.649 27 1 37.52 21.6 0 0.66
60800 10 6 0.058 0.474 0.032 0.87 0.97 25 0 35.84 5.52 0 0.84
60800 10 6 0.092 0.009 0.395 0.758 0.346 25 0 36.76 6.08 0 0.8
60800 10 6 0.068 0.115 0.091 0.791 0.961 26 0 39.28 6.02 0 0.82
60800 10 6 0.106 0.006 0.398 0.766 0.926 25 0 35.86 10.56 0 0.74
60800 10 1 0.06 0.023 0.069 0.751 0.641 98 2 106.06 9.36 0.02 0.6
60800 10 1 0.011 0.441 0.351 0.766 0.943 78 0 98.86 11.34 0.18 0.7
60800 10 1 0.013 0.226 0.271 0.936 0.907 78 2 97.4 13.52 0 0.68
60800 10 1 0.015 0.348 0.309 0.809 0.889 81 0 102.1 14.28 0.18 0.74
60800 10 1 0.044 0.115 0.385 0.974 0.015 26 279 31.36 373.64 0 0
60800 10 1 0.01 0.015 0.371 0.819 0.652 95 1 107.4 10.6 0.12 0.58
60800 10 1 0.103 0.296 0.308 0.854 0.434 64 0 79.18 20.16 0 0.48
60800 10 1 0.099 0.137 0.301 0.879 0.074 28 26 40.46 165.56 0 0
60800 10 1 0.05 0.206 0.009 0.952 0.854 82 0 102.32 7.5 0.34 0.76
60800 10 1 0.047 0.106 0.368 0.805 0.99 96 1 105.36 9.68 0.1 0.68
60800 10 1 0.027 0.074 0.306 0.844 0.391 81 2 95.78 14.4 0 0.46
60800 10 1 0.07 0.343 0.193 0.999 0.265 25 56 36.02 218.44 0 0
60800 10 1 0.086 0.148 0.207 0.814 0.539 68 0 90.32 16.02 0.1 0.66
60800 10 1 0.019 0.096 0.093 0.958 0.28 26 5 37.1 118.36 0 0.3
60800 10 1 0.018 0.191 0.122 0.834 0.773 95 2 102.64 15.78 0 0.32
60800 10 1 0.114 0.315 0.481 1 0.964 84 0 105.94 13.2 0.16 0.36
60800 10 1 0.11 0.24 0.059 0.767 0.322 25 746 26.86 978.16 0 0
60800 10 1 0.049 0.142 0.457 0.955 0.798 90 2 104.68 11.02 0.22 0.54
60800 10 1 0.029 0.335 0.49 0.797 0.628 99 1 108.12 9.78 0.3 0.54
60800 10 1 0.081 0.21 0.273 0.941 0.116 29 9 43.54 144.46 0 0.02
60800 10 1 0.053 0.173 0.183 0.927 0.769 93 2 104.1 10.64 0.18 0.44
60800 10 1 0.012 0.414 0.495 0.99 0.398 81 3 99.62 16.72 0 0.38
60800 10 1 0.07 0.413 0.063 0.766 0.694 77 2 87.6 22.76 0 0.32
60800 10 1 0.067 0.41 0.138 0.977 0.644 65 3 84.18 18.74 0 0.66
60800 10 1 0.017 0.425 0.371 0.797 0.181 39 7 57.96 68.08 0 0.02
60800 10 1 0.036 0.041 0.033 0.966 0.834 97 0 107.16 9.94 0.22 0.62
60800 10 1 0.022 0.004 0.228 0.866 0.425 83 0 102.32 6.14 0.26 0.74
60800 10 1 0.051 0.169 0.422 0.773 0.308 73 1 89.04 15.54 0 0.56
60800 10 1 0.044 0.335 0.038 0.76 0.895 87 0 96.1 13.1 0 0.52
60800 10 1 0.007 0.281 0.458 0.835 0.004 25 209 27.28 818.94 0 0
60800 10 1 0.077 0.031 0.056 0.975 0.101 25 304 30.84 529.18 0 0
60800 10 1 0.017 0.281 0.469 0.81 0.859 97 0 107.94 7.74 0.36 0.7
60800 10 1 0.056 0.249 0.361 0.752 0.035 25 240 35.26 463.62 0 0
60800 10 1 0.087 0.109 0.332 0.823 0.711 93 0 105.82 6.84 0.2 0.68
60800 10 1 0.103 0.48 0.141 0.956 0.195 25 946 26.22 1089.92 0 0
60800 10 1 0.115 0.201 0.023 0.951 0.99 100 1 107.2 8.84 0.1 0.56
60800 10 6 0.058 0.469 0.327 0.916 0.247 27 2 43.46 58.84 0 0.54
60800 10 6 0.117 0.331 0.22 0.987 0.622 25 1 38.26 18.08 0 0.74
60800 10 6 0.083 0.127 0.424 0.843 0.534 26 0 38.48 8.14 0 0.74
60800 10 6 0.061 0.489 0.499 0.817 0.696 25 0 35.6 9.06 0 0.74
60800 10 6 0.111 0.438 0.189 0.991 0.521 52 0 66.52 23.78 0 0.42
60800 10 6 0.07 0.163 0.154 0.937 0.61 42 1 52.36 9.3 0 0.76
60800 10 6 0.017 0.005 0.173 0.814 0.175 25 0 37.86 8.7 0 0.76
60800 10 6 0.081 0.337 0.052 0.784 0.132 25 764 30.56 870.12 0 0
60800 10 6 0.11 0.304 0.388 0.868 0.358 31 0 49.1 16.96 0 0.58
60800 10 6 0.069 0.178 0.058 0.789 0.402 27 114 35.4 250.22 0 0
60800 10 6 0.114 0.459 0.022 0.865 0.451 25 441 29.16 595.08 0 0
60800 10 6 0.022 0.493 0.273 0.855 0.521 27 0 53.66 22.22 0 0.68
60800 10 6 0.081 0.457 0.465 0.998 0.281 43 2 49.26 31.26 0 0.36
60800 10 6 0.078 0.229 0.127 0.928 0.483 37 4 71.04 62.68 0 0.4
60800 10 6 0.04 0.097 0.399 0.797 0.497 25 0 40.28 9.68 0 0.68
60800 10 6 0.027 0.475 0.082 0.756 0.604 26 1 37.4 46.68 0 0.54
60800 10 6 0.091 0.171 0.129 0.92 0.768 25 0 39.46 11.26 0 0.8
60800 10 6 0.017 0.348 0.393 0.882 0.13 33 3 47.62 75.88 0 0.46
60800 10 6 0.042 0.162 0.425 0.769 0.908 25 0 34.96 6.78 0 0.8
60800 10 6 0.057 0.15 0.073 0.813 0.932 25 0 34.76 4.5 0 0.86
60800 10 6 0.007 0.057 0.121 0.91 0.274 38 1 49.16 39.06 0 0.34
60800 10 6 0.11 0.271 0.248 0.863 0.806 25 0 33.42 7.48 0 0.8
60800 10 6 0.09 0.325 0.363 0.992 0.841 25 0 37.9 4.92 0 0.84
60800 10 6 0.035 0.015 0.059 0.841 0.543 25 1 42.92 11.92 0 0.7
60800 10 6 0.04 0.159 0.182 0.941 0.942 25 0 37.9 11.14 0 0.74
60800 10 6 0.02 0.05 0.065 0.994 0.9 25 0 39.74 8.94 0 0.72
60800 10 6 0.062 0.414 0.201 0.967 0.932 25 1 38.04 12.36 0 0.74
60800 10 6 0.016 0.025 0.386 0.996 0.446 25 0 34.58 7.24 0 0.8
60800 10 6 0.117 0.031 0.487 0.909 0.667 25 0 39.58 8.18 0 0.74
60800 10 6 0.083 0.077 0.413 0.755 0.964 43 1 53.94 6.86 0 0.7
60800 10 6 0.07 0.117 0.265 0.89 0.844 25 0 42.04 10.3 0 0.72
60800 10 6 0.063 0.281 0.204 0.925 0.988 25 0 35 4.74 0 0.8
60800 10 6 0.104 0.062 0.172 0.88 0.271 30 0 43.56 6.74 0 0.66
60800 10 6 0.032 0.357 0.396 0.879 0.757 25 0 33.96 10.28 0 0.8
60800 10 6 0.068 0.152 0.391 0.89 0.535 29 1 38.38 8.18 0 0.74
60800 10 6 0.006 0.271 0.138 0.955 0.71 25 0 41.38 17.54 0 0.72
60800 10 6 0.063 0.298 0.492 0.854 0.367 27 0 40.08 11.04 0 0.7
60800 10 6 0.011 0.324 0.293 0.872 0.138 40 9 48.78 99.68 0 0.02
60800 10 6 0.095 0.061 0.127 0.963 0.735 25 0 34.82 5.42 0 0.8
60800 10 6 0.087 0.317 0.321 0.929 0.059 25 133 33.34 641.46 0 0
60800 10 6 0.117 0.284 0.293 0.962 0.538 52 0 59.28 8.98 0 0.6
60800 10 6 0.05 0.12 0.269 0.835 0.902 25 0 37.64 8.54 0 0.74
60800 10 6 0.003 0.2 0.163 0.923 0.459 29 1 42.36 11.22 0 0.68
60800 10 6 0.072 0.269 0.283 0.881 0.775 46 0 54.9 5.54 0 0.72
60800 10 6 0.04 0.206 0.465 0.795 0.533 25 0 46.28 11.96 0 0.66
60800 10 6 0.118 0.125 0.202 0.831 0.201 36 3 43.76 35.9 0 0.26
60800 10 6 0.037 0.303 0.335 0.964 0.357 51 0 68.42 19.92 0 0.54
60800 10 6 0.074 0.359 0.168 0.844 0.142 25 294 31.68 590.4 0 0
60800 10 6 0.074 0.053 0.262 0.779 0.146 29 2 45.92 14.06 0 0.62
60800 10 6 0.065 0.092 0.16 0.839 0.817 40 2 46.72 8.74 0 0.7
60800 10 6 0.028 0.307 0.438 0.797 0.087 31 34 44.22 106.02 0 0
60800 10 6 0.009 0.019 0.162 0.859 0.111 44 0 54.44 6.32 0 0.7
60800 10 6 0.063 0.037 0.462 0.753 0.269 25 1 33.5 10.44 0 0.7
60800 10 6 0.045 0.18 0.42 0.939 0.352 25 0 37.26 11.86 0 0.76
60800 10 6 0.07 0.06 0.351 0.896 0.18 25 0 36.4 10.26 0 0.76
60800 10 6 0.015 0.431 0.366 0.989 0.824 25 0 34.54 8.26 0 0.72
60800 10 6 0.119 0.117 0.07 0.898 0.322 30 26 41.46 98.1 0 0
60800 10 6 0.093 0.209 0.185 0.886 0.199 26 125 35.9 262.6 0 0
60800 10 6 0.061 0.489 0.167 0.81 0.595 28 2 37.64 23.3 0 0.7
60800 10 6 0.063 0.027 0.428 0.946 0.247 25 0 39.08 8.16 0 0.7
60800 10 6 0.002 0.391 0.394 0.943 0.098 27 1 49.52 51.66 0 0.54
60800 10 6 0.054 0.13 0.048 0.993 0.022 25 736 30.42 864.1 0 0
60800 10 6 0.038 0.36 0.405 0.761 0.142 36 3 60.86 55.72 0 0.52
60800 10 6 0.033 0.31 0.074 0.97 0.606 29 2 42.6 42.68 0 0.5
60800 10 6 0.053 0.115 0.337 0.853 0.232 42 0 61.32 22.02 0 0.58
60800 10 6 0.037 0.086 0.177 0.878 0.767 29 0 36.26 8.68 0 0.68
60800 10 6 0.075 0.191 0.274 0.806 0.733 25 0 33.02 9.34 0 0.86
60800 10 6 0.092 0.482 0.449 0.997 0.623 41 0 49.94 6.42 0 0.78
60800 10 6 0.029 0.029 0.059 0.865 0.007 30 539 36.26 676.52 0 0
60800 10 6 0.026 0.219 0.241 0.782 0.9 25 0 39.66 10.32 0 0.74
60800 10 6 0.024 0.312 0.224 0.808 0.154 26 5 40.56 191.72 0 0.28
60800 10 6 0.065 0.291 0.358 0.95 0.99 25 0 33.16 6.08 0 0.82
60800 10 6 0.067 0.099 0.118 0.922 0.135 25 140 30.8 498.38 0 0
60800 10 6 0.005 0.163 0.19 0.917 0.563 34 1 41.04 14.16 0 0.62
60800 10 6 0.056 0.2 0.098 0.787 0.347 26 5 47.62 120.8 0 0.52
60800 10 6 0.025 0.146 0.411 0.965 0.056 27 2 49.46 30.96 0 0.5
60800 10 6 0.014 0.19 0.04 0.961 0.931 37 1 50.56 11.5 0 0.68
60800 10 6 0.108 0.412 0.35 0.881 0.089 25 505 26.98 660.64 0 0
60800 10 6 0.1 0.037 0.384 0.997 0.257 48 0 54.66 7.14 0 0.76
60800 10 6 0.066 0.086 0.317 0.894 0.004 25 1062 26.44 1105 0 0
60800 10 6 0.092 0.054 0.331 0.85 0.947 25 0 33.82 8.9 0 0.68
60800 10 6 0.017 0.415 0.299 0.989 0.3 32 2 40 60.28 0 0.16
60800 10 6 0.012 0.089 0.223 0.954 0.366 39 0 50.86 8 0 0.56
60800 10 6 0.063 0.316 0.415 0.872 0.789 25 0 43.92 7.22 0 0.74
60800 10 6 0.091 0.323 0.075 0.921 0.814 32 0 44.02 6.82 0 0.76
60800 10 6 0.025 0.086 0.413 0.915 0.782 25 0 36.44 6.62 0 0.82
60800 10 6 0.065 0.222 0.427 0.988 0.834 25 0 35.92 8.6 0 0.74
60800 10 6 0.113 0.407 0.48 0.823 0.491 25 0 37.02 10.78 0 0.7
60800 10 6 0.004 0.287 0.067 0.909 0.46 25 5 41.9 204.08 0 0.06
60800 10 6 0.024 0.352 0.458 0.78 0.769 26 0 33.36 6.08 0 0.82
60800 10 6 0.059 0.49 0.11 0.882 0.167 25 401 31 686.68 0 0
60800 10 6 0.098 0.137 0.146 0.776 0.366 41 2 49.72 29.16 0 0.34
60800 10 6 0.093 0.103 0.209 0.809 0.603 44 0 52.82 7.46 0 0.72
60800 10 6 0.11 0.302 0.354 0.927 0.327 30 1 45 23.88 0 0.5
60800 10 6 0.014 0.061 0.013 0.871 0.058 25 1025 26.3 1047.16 0 0
60800 10 6 0.087 0.186 0.441 0.779 0.529 25 0 34.54 5.66 0 0.86
60800 10 6 0.072 0.072 0.495 0.89 0.465 25 0 34.12 8.66 0 0.8
60800 10 6 0.042 0.234 0.303 1 0.147 28 10 42.18 110.12 0 0
60800 10 6 0.064 0.099 0.271 0.826 0.497 25 0 38.6 6.92 0 0.8
60800 10 6 0.037 0.125 0.417 0.888 0.72 25 0 37.26 9.62 0 0.76
60800 10 6 0.006 0.313 0.126 0.944 0.312 26 2 35.1 155.9 0 0.22
60800 10 6 0.026 0.318 0.124 0.923 0.503 42 0 48.32 81.74 0 0.14
60800 10 6 0.1 0.331 0.308 0.823 0.147 30 116 39.8 229.42 0 0
60800 10 6 0.067 0.406 0.239 0.822 0.325 46 2 59.18 54 0 0.24
60800 10 6 0.059 0.468 0.378 0.995 0.938 27 0 35.86 8.06 0 0.74
60800 10 6 0.119 0.012 0.333 0.988 0.912 25 0 34.56 8.2 0 0.78
60800 10 6 0.083 0.429 0.107 0.892 0.556 33 0 48.52 70.32 0 0.26
60800 10 6 0.043 0.104 0.322 0.938 0.205 32 0 38.9 25.3 0 0.54
60800 10 6 0.112 0.299 0.043 0.867 0.626 36 2 63.52 26.26 0 0.44
60800 10 6 0.086 0.413 0.379 1 0.521 25 0 35.56 5.62 0 0.88
60800 10 6 0.06 0.183 0.298 0.855 0.656 25 0 39.54 3.6 0 0.88
60800 10 6 0.014 0.374 0.493 0.935 0.553 25 1 37.38 12.02 0 0.7
60800 10 6 0.09 0.465 0.12 0.77 0.054 25 744 28.04 1071.64 0 0
60800 10 6 0.087 0.346 0.317 0.875 0.175 36 63 43.68 152.96 0 0
60800 10 6 0.038 0.5 0.018 0.863 0.665 30 1 42.42 39.76 0 0.54
60800 10 6 0.107 0.224 0.418 0.821 0.483 25 0 36.44 8.86 0 0.74
60800 10 6 0.005 0.066 0.449 0.867 0.552 25 0 37.7 11.12 0 0.76
60800 10 6 0.042 0.256 0.421 0.801 0.174 49 0 60.18 39.96 0 0.04
60800 10 6 0.043 0.461 0.328 0.98 0.636 25 0 34.84 10.14 0 0.66
60800 10 6 0.005 0.181 0.013 0.794 0.221 25 569 28.72 839.24 0 0
60800 10 6 0.081 0.32 0.206 0.891 0.347 34 3 54.74 88.34 0 0.18
60800 10 6 0.079 0.036 0.26 0.886 0.942 25 0 38.78 11.64 0 0.7
60800 10 6 0.073 0.445 0.376 0.834 0.96 33 0 41.36 7.32 0 0.68
60800 10 6 0.043 0.279 0.088 0.866 0.759 25 1 35.5 18.58 0 0.66
60800 10 6 0.071 0.232 0.009 0.794 0.897 33 0 45.2 6.78 0 0.66
60800 10 6 0.099 0.156 0.258 0.843 0.184 34 2 44.96 68.02 0 0.28
60800 10 6 0.111 0.142 0.47 0.994 0.743 28 0 39.88 7.28 0 0.8
60800 10 6 0.057 0.241 0.083 0.779 0.933 25 0 35.88 7.68 0 0.78
60800 10 6 0.085 0.45 0.111 0.916 0.734 25 0 39.12 13.36 0 0.7
60800 10 6 0.041 0.023 0.225 0.861 0.544 25 0 35.58 10.28 0 0.78
60800 10 6 0.037 0.385 0.224 0.919 0.561 60 0 66.3 15.76 0 0.38
60800 10 6 0.109 0.445 0.215 0.845 0.607 59 0 65.14 9.72 0 0.48
60800 10 6 0.04 0.01 0.247 0.995 0.063 25 0 33.92 9.24 0 0.68
60800 10 6 0.058 0.344 0.465 0.881 0.309 45 0 53.38 12.72 0 0.54
60800 10 6 0.031 0.034 0.338 0.805 0.16 25 0 35.7 9.62 0 0.74
60800 10 6 0.103 0.067 0.126 0.933 0.109 26 10 41.42 290.12 0 0
60800 10 6 0.098 0.07 0.063 0.907 0.834 25 0 34.18 4.4 0 0.84
60800 10 6 0.107 0.107 0.238 0.778 0.596 25 0 38.8 9.5 0 0.62
60800 10 6 0.069 0.113 0.09 0.83 0.813 25 0 41.44 9.32 0 0.7
60800 10 6 0.011 0.408 0.159 0.808 0.775 25 0 36.44 12.5 0 0.62
60800 10 6 0.027 0.451 0.399 0.817 0.725 25 2 34.2 12.78 0 0.7
60800 10 6 0.028 0.217 0.254 0.855 0.356 34 2 45.56 33.4 0 0.54
60800 10 6 0.013 0.154 0.454 0.945 0.881 25 0 35.08 10.22 0 0.76
60800 10 6 0.109 0.207 0.202 0.914 0.84 25 1 34.68 11.28 0 0.72
60800 10 6 0.079 0.25 0.038 0.888 0.838 52 0 65.3 9.24 0 0.52
60800 10 6 0.03 0.313 0.188 0.826 0.031 25 887 26.02 998.64 0 0
60800 10 6 0.086 0.214 0.171 0.959 0.186 25 401 31.46 571.82 0 0
60800 10 6 0.104 0.225 0.09 0.932 0.262 25 170 34.6 492.26 0 0
60800 10 6 0.008 0.261 0.155 0.879 0.126 27 6 46.88 163.44 0 0.04
60800 10 6 0.009 0.164 0.052 0.766 0.729 34 1 49.8 10.82 0 0.5
60800 10 6 0.105 0.032 0.336 0.857 0.199 28 0 37.72 7.2 0 0.8
60800 10 6 0.038 0.395 0.445 0.97 0.649 25 0 35.08 8.62 0 0.88
60800 10 6 0.108 0.369 0.36 0.758 0.816 25 0 37.04 8.98 0 0.7
60800 10 6 0.02 0.253 0.3 0.86 0.042 25 99 47.3 273.72 0 0
60800 10 6 0.004 0.342 0.28 0.976 0.818 25 0 38.3 8.62 0 0.66
60800 10 6 0.071 0.357 0.489 0.853 0.991 25 1 35.72 7.56 0 0.8
60800 10 6 0.022 0.258 0.009 0.964 0.638 40 4 46.34 46.68 0 0.3
60800 10 6 0.014 0.055 0.073 0.836 0.436 42 0 55.64 19.92 0 0.5
60800 10 6 0.109 0.194 0.167 0.866 0.112 28 242 37.1 354.24 0 0
60800 10 6 0.007 0.315 0.358 0.888 0.029 25 36 35.04 257.62 0 0
60800 10 6 0.029 0.405 0.033 0.956 0.893 25 0 47.52 11.16 0 0.66
60800 10 6 0.001 0.209 0.392 0.95 0.838 25 0 33.56 3.28 0 0.88
60800 10 6 0.06 0.093 0.093 0.796 0.358 32 2 39.06 86.16 0 0.12
60800 10 6 0.094 0.055 0.363 0.806 0.294 25 0 34.48 10.16 0 0.76
60800 10 6 0.038 0.459 0.204 0.841 0.243 27 12 40.98 207 0 0
60800 10 6 0.062 0.323 0.253 0.916 0.365 31 2 43.62 45.04 0 0.44
60800 10 6 0.093 0.299 0.071 0.977 0.836 40 0 52.74 10.58 0 0.62
60800 10 6 0.034 0.073 0.447 0.762 0.379 56 0 62.96 5.88 0 0.78
60800 10 6 0.089 0.198 0.112 0.891 0.229 25 519 30.7 664.68 0 0
60800 10 6 0.027 0.207 0.173 0.795 0.342 26 2 42.52 89.86 0 0.26
60800 10 6 0.083 0.116 0.423 0.804 0.131 48 2 58.82 25.32 0 0.38
60800 10 6 0.075 0.176 0.288 0.983 0.763 25 0 37.52 8.72 0 0.78
60800 10 6 0.046 0.024 0.104 0.856 0.631 33 0 41.94 6.24 0 0.76
60800 10 6 0.055 0.032 0.041 0.943 0.689 25 0 36.5 13.54 0 0.78
60800 10 6 0.02 0.033 0.017 0.88 0.643 54 0 60.8 15.6 0 0.5
60800 10 6 0.076 0.4 0.102 0.77 0.106 25 734 29.54 933.32 0 0
60800 10 6 0.011 0.07 0.455 0.865 0.481 25 0 36.46 7.32 0 0.84
60800 10 6 0.006 0.319 0.101 0.929 0.517 44 0 53.4 30.28 0 0.46
60800 10 6 0.069 0.448 0.277 0.897 0.434 40 0 52.94 36.82 0 0.36
60800 10 6 0.006 0.003 0.39 0.933 0.456 25 1 36.68 10.64 0 0.76
60800 10 6 0.098 0.153 0.405 0.809 0.487 25 0 39.32 9.94 0 0.72
60800 10 6 0.006 0.235 0.192 0.905 0.765 25 1 37.76 6.54 0 0.8
60800 10 6 0.047 0.21 0.243 0.911 0.446 36 0 55.96 15.44 0 0.5
60800 10 6 0.089 0.116 0.414 0.813 0.389 26 0 39.16 7.54 0 0.76
60800 10 6 0.119 0.116 0.026 0.846 0.66 41 3 50.28 14.62 0 0.64
60800 10 6 0.055 0.068 0.378 0.804 0.414 25 0 32.88 4.3 0 0.88
60800 10 6 0.032 0.419 0.131 0.955 0.24 25 5 34.82 251.68 0 0.06
60800 10 6 0.112 0.109 0.007 0.976 0.098 25 1086 26.2 1137.52 0 0
60800 10 6 0.105 0.012 0.138 0.754 0.121 26 0 37.44 9.28 0 0.74
60800 10 6 0.068 0.415 0.161 0.839 0.5 27 1 40.54 81.04 0 0.3
60800 10 6 0.109 0.284 0.005 0.809 0.811 72 1 76.28 13.72 0 0.44
60800 10 6 0.005 0.315 0.275 0.995 0.699 25 0 34.92 5.66 0 0.88
60800 10 6 0.04 0.15 0.496 0.87 0.491 25 0 34.2 5.58 0 0.8
60800 10 6 0.066 0.074 0.223 0.895 0.749 25 0 33.56 6.36 0 0.82
60800 10 6 0.055 0.182 0.324 0.853 0.907 47 0 55.64 5.74 0 0.76
60800 10 6 0.003 0.071 0.149 0.823 0.873 44 1 50.8 7.92 0 0.66
60800 10 6 0.02 0.262 0.412 0.995 0.793 26 0 38.14 6.32 0 0.8
60800 10 6 0.076 0.091 0.399 0.787 0.395 25 1 36.14 11.6 0 0.74
60800 10 6 0.08 0.427 0.014 0.899 0.603 30 3 43.2 79.42 0 0.36
60800 10 6 0.009 0.474 0.457 0.869 0.622 25 0 33.88 6.06 0 0.86
60800 10 6 0.106 0.331 0.384 0.94 0.389 42 0 51.02 15.1 0 0.56
60800 10 6 0.031 0.244 0.157 0.754 0.952 25 0 34.72 8.28 0 0.86
60800 10 6 0.11 0.121 0.121 0.808 0.757 50 2 57.66 9.18 0 0.66
60800 10 6 0.021 0.467 0.394 0.941 0.811 25 0 37.42 11.62 0 0.74
60800 10 6 0.012 0.336 0.108 0.832 0.347 36 24 43.54 91.96 0 0
60800 10 6 0.055 0.065 0.109 0.928 0.986 25 0 37.5 5.52 0 0.86
60800 10 6 0.023 0.1 0.023 0.924 0.028 25 1258 26.22 1284.44 0 0
60800 10 6 0.081 0.173 0.108 0.868 0.136 26 391 37.22 527.64 0 0
60800 10 6 0.054 0.19 0.114 0.799 0.872 44 0 53.82 9.06 0 0.7
60800 10 6 0.09 0.05 0.183 0.944 0.097 28 0 56.14 70.8 0 0.2
60800 10 6 0.036 0.456 0.378 0.855 0.489 42 1 51.7 16.12 0 0.52
60800 10 6 0.066 0.283 0.477 0.904 0.203 46 2 58.38 23.96 0 0.44
60800 10 6 0.096 0.263 0.309 0.884 0.451 26 0 39.32 5.54 0 0.78
60800 10 6 0.052 0.318 0.322 0.887 0.807 25 0 37.22 6.78 0 0.84
60800 10 6 0.105 0.077 0.314 0.901 0.996 25 0 31.12 5.16 0 0.8
60800 10 6 0.083 0.095 0.35 0.927 0.291 25 0 37.1 12.68 0 0.8
60800 10 6 0.024 0.445 0.097 0.945 0.242 25 59 31.3 414.3 0 0
60800 10 6 0.06 0.209 0.406 0.763 0.476 33 0 40.58 8.18 0 0.68
60800 10 6 0.014 0.253 0.201 0.9 0.374 45 2 52.64 47.16 0 0.42
60800 10 6 0.075 0.043 0.172 0.886 0.012 25 525 27.68 957.28 0 0
60800 10 6 0.052 0.492 0.352 0.891 0.414 40 0 54.98 23.18 0 0.42
60800 10 6 0.019 0.343 0.45 0.97 0.894 25 0 34.28 7.1 0 0.86
60800 10 6 0.034 0.074 0.417 0.976 0.946 31 0 47.8 8.62 0 0.6
60800 10 6 0.063 0.236 0.018 0.933 0.227 25 892 26.5 1047.04 0 0
60800 10 6 0.094 0.12 0.15 0.757 0.067 25 381 36.88 515.82 0 0
60800 10 6 0.026 0.398 0.158 0.763 0.376 28 7 44.12 96.66 0 0.3
60800 10 6 0.08 0.34 0.478 0.867 0.869 25 0 38.82 7.96 0 0.78
60800 10 6 0.05 0.376 0.317 0.908 0.377 34 1 45.32 35.78 0 0.4
60800 10 6 0.005 0.31 0.438 0.793 0.504 41 0 55.32 9.52 0 0.66
60800 10 6 0.053 0.23 0.271 0.902 0.961 25 0 34.92 9.76 0 0.72
60800 10 6 0.097 0.429 0.436 0.967 0.295 50 1 72.04 26.22 0 0.24
60800 10 6 0.076 0.457 0.437 0.883 0.7 25 1 35.52 12.8 0 0.78
60800 10 6 0.108 0.059 0.05 0.94 0.636 25 0 33.82 10.76 0 0.74
60800 10 6 0.049 0.344 0.365 0.947 0.54 26 0 39.38 16.24 0 0.76
60800 10 6 0.022 0.029 0.451 0.853 0.693 25 0 36.38 8.06 0 0.76
60800 10 6 0.102 0.159 0.079 0.757 0.301 25 168 30.94 328.68 0 0
60800 10 6 0.102 0.212 0.384 0.828 0.138 29 1 41.54 74.34 0 0.48
60800 10 6 0.086 0.484 0.447 0.784 0.223 28 2 41.22 35.48 0 0.74
60800 10 6 0.086 0.238 0.431 0.915 0.144 34 2 48.26 42.98 0 0.42
60800 10 6 0.094 0.481 0.011 0.809 0.006 25 1104 26.06 1149 0 0
60800 10 6 0.035 0.338 0.42 0.917 0.128 25 2 47.58 171.34 0 0.16
60800 10 6 0.036 0.456 0.005 0.923 0.119 25 1103 25.86 1149.66 0 0
60800 10 6 0.069 0.211 0.387 0.851 0.772 25 0 36.48 5.12 0 0.86
60800 10 6 0.044 0.09 0.123 0.861 0.178 27 1 50.58 89.24 0 0.5
60800 10 6 0.012 0.042 0.037 0.87 0.19 25 7 34.18 344.64 0 0.04
60800 10 6 0.113 0.499 0.472 0.757 0.888 25 0 34.44 5.7 0 0.82
60800 10 6 0.072 0.09 0.117 0.789 0.306 30 4 38.46 53.92 0 0.06
60800 10 6 0.096 0.47 0.32 0.906 0.693 28 0 37.74 6.56 0 0.72
60800 10 6 0.116 0.165 0.159 0.893 0.792 25 0 36.72 8.36 0 0.78
60800 10 6 0.051 0.379 0.128 0.823 0.801 25 1 36.5 13.64 0 0.74
60800 10 6 0.101 0.363 0.119 0.897 0.684 48 0 56.24 15.64 0 0.52
60800 10 6 0.011 0.098 0.499 0.93 0.458 25 0 32.8 10.12 0 0.76
60800 10 6 0.089 0.152 0.496 0.774 0.296 25 0 35.44 9.32 0 0.8
60800 10 6 0.049 0.115 0.333 0.909 0.901 25 0 35.32 11.44 0 0.72
60800 10 6 0.092 0.34 0.403 0.875 0.915 25 0 36.16 6.48 0 0.82
60800 10 6 0.061 0.302 0.432 0.813 0.04 25 20 36.36 300.02 0 0
60800 10 6 0.116 0.016 0.106 0.916 0.599 25 0 36.16 8.32 0 0.8
60800 10 6 0.07 0.014 0.158 0.808 0.601 28 0 38.02 8.14 0 0.7
60800 10 6 0.006 0.373 0.11 0.835 0.333 25 22 32.84 198.9 0 0
60800 10 6 0.009 0.393 0.115 0.786 0.585 27 2 35.38 25.12 0 0.74
60800 10 6 0.093 0.157 0.119 0.916 0.59 25 0 38.64 7.9 0 0.74
60800 10 6 0.116 0.342 0.254 0.899 0.967 25 0 34.92 9.4 0 0.76
60800 10 6 0.106 0.336 0.176 0.867 0.521 51 0 58.7 17.18 0 0.5
60800 10 6 0.053 0.428 0.371 0.799 0.085 32 6 52.6 83.18 0 0.34
60800 10 6 0.057 0.097 0.195 0.756 0.797 25 0 36.52 10.56 0 0.76
60800 10 6 0.108 0.435 0.336 0.802 0.877 25 1 37.7 9.78 0 0.7
60800 10 6 0.046 0.487 0.242 0.976 0.655 25 1 37.76 12.84 0 0.68
60800 10 6 0.073 0.488 0.207 0.761 0.068 28 387 35.14 538.88 0 0
60800 10 6 0.046 0.253 0.3 0.843 0.147 26 3 44.62 134.88 0 0.32
60800 10 6 0.102 0.19 0.055 0.819 0.472 27 189 33.14 272.1 0 0
60800 10 6 0.112 0.057 0.043 0.812 0.486 25 1 34.38 10.38 0 0.78
60800 10 6 0.038 0.283 0.183 0.96 0.053 25 418 26.78 898.08 0 0
60800 10 6 0.009 0.082 0.449 0.808 0.532 25 0 39.76 8.72 0 0.7
60800 10 6 0.081 0.139 0.007 0.76 0.431 26 122 34.5 266.06 0 0
60800 10 6 0.046 0.139 0.07 0.906 0.587 44 1 56.42 24.1 0 0.5
60800 10 6 0.003 0.213 0.118 0.947 0.601 29 1 39.3 15.36 0 0.48
60800 10 6 0.107 0.184 0.196 0.833 0.894 25 0 34.74 8.54 0 0.84
60800 10 6 0.118 0.067 0.416 0.884 0.236 25 1 33.6 9.58 0 0.72
60800 10 6 0.007 0.447 0.481 0.823 0.162 32 1 46 33 0 0.48
60800 10 6 0.106 0.011 0.074 0.801 0.449 25 2 34.98 8.02 0 0.8
60800 10 6 0.045 0.388 0.376 0.873 0.199 27 2 50.96 47.76 0 0.62
60800 10 6 0.079 0.315 0.073 0.964 0.346 25 463 29.02 699 0 0
60800 10 6 0.033 0.412 0.053 0.783 0.315 25 707 29.26 780.92 0 0
60800 10 6 0.101 0.215 0.397 0.8 0.656 25 0 36.76 9.72 0 0.72
60800 10 6 0.045 0.291 0.273 0.894 0.161 32 46 41.4 177.96 0 0
60800 10 6 0.093 0.443 0.278 0.781 0.759 26 0 37.44 4.28 0 0.84
60800 10 6 0.054 0.28 0.042 0.989 0.81 26 0 41.36 15.02 0 0.6
60800 10 6 0.098 0.21 0.484 0.824 0.666 53 0 60.46 6.9 0 0.7
60800 10 6 0.016 0.156 0.354 0.811 0.932 25 0 36.06 10.76 0 0.78
60800 10 6 0.004 0.414 0.026 0.933 0.584 27 22 39.58 136.36 0 0
60800 10 6 0.075 0.403 0.367 0.989 0.168 26 7 42.4 119.14 0 0.24
60800 10 6 0.002 0.163 0.434 0.908 0.187 33 1 49.16 22.96 0 0.58
60800 10 6 0.051 0.257 0.096 0.907 0.134 25 374 27.26 826.2 0 0
60800 10 6 0.108 0.347 0.341 0.934 0.482 31 0 44.88 15.24 0 0.7
60800 10 6 0.103 0.024 0.491 0.892 0.169 25 0 33.08 6.22 0 0.86
60800 10 6 0.062 0.095 0.38 0.794 0.337 44 0 49.2 8.48 0 0.56
60800 10 6 0.074 0.319 0.266 0.946 0.999 25 1 35.4 11.32 0 0.76
60800 10 6 0.037 0.195 0.245 0.974 0.39 49 0 64.62 24.56 0 0.44
60800 10 6 0.093 0.167 0.032 0.855 0.895 25 0 41.06 10.7 0 0.64
60800 10 6 0.011 0.269 0.403 0.77 0.396 48 0 58.26 6.52 0 0.76
60800 10 6 0.052 0.061 0.296 0.87 0.545 25 0 32.88 10.3 0 0.74
60800 10 6 0.041 0.271 0.405 0.894 0.397 36 0 42.8 13.92 0 0.52
60800 10 6 0.016 0.192 0.078 0.942 0.947 35 0 50.62 10.52 0 0.76
60800 10 6 0.116 0.446 0.352 0.785 0.574 27 0 39.4 12.12 0 0.62
60800 10 6 0.07 0.369 0.065 0.882 0.405 29 285 34.2 442.2 0 0
60800 10 6 0.063 0.079 0.141 0.922 0.864 25 0 38.64 9.92 0 0.8
60800 10 6 0.032 0.19 0.037 0.991 0.5 28 4 37.12 146.42 0 0.12
60800 10 6 0.107 0.347 0.078 0.829 0.288 25 984 26.5 1074.54 0 0
60800 10 6 0.091 0.165 0.436 0.896 0.142 37 1 46.84 13.06 0 0.6
60800 10 6 0.114 0.237 0.252 0.789 0.384 28 0 48.1 25.72 0 0.62
60800 10 6 0.063 0.322 0.461 0.991 0.573 26 1 42.02 11.58 0 0.62
60800 10 6 0.067 0.057 0.321 0.937 0.357 44 0 52.4 6 0 0.78
60800 10 6 0.048 0.378 0.313 0.821 0.358 43 0 55.16 24.62 0 0.46
60800 10 6 0.101 0.345 0.211 0.908 0.709 25 0 36.04 6.1 0 0.82
60800 10 6 0.025 0.137 0.452 0.948 0.585 32 1 41.3 7.92 0 0.78
60800 10 6 0.079 0.075 0.029 0.889 0.47 31 2 44.54 37.86 0 0.32
60800 10 6 0.064 0.365 0.447 0.902 0.034 31 220 37.6 366.42 0 0
60800 10 6 0.114 0.086 0.389 0.904 0.882 25 0 38.64 9.7 0 0.74
60800 10 6 0.107 0.029 0.024 0.895 0.794 25 0 31.78 9.78 0 0.64
60800 10 6 0.042 0.264 0.08 0.858 0.175 25 909 26.1 969.56 0 0
60800 10 6 0.097 0.159 0.282 0.859 0.808 25 0 35.72 10.66 0 0.72
60800 10 6 0.01 0.289 0.065 0.823 0.151 25 922 26.24 996.54 0 0
60800 10 6 0.032 0.413 0.479 0.802 0.486 25 0 41.36 8.64 0 0.78
60800 10 6 0.044 0.108 0.493 0.89 0.133 43 0 54.8 8.26 0 0.6
60800 10 6 0.069 0.39 0.311 0.851 0.164 26 6 44.92 136.98 0 0.54
60800 10 6 0.024 0.167 0.454 0.985 0.938 25 0 35.58 8.9 0 0.8
60800 10 6 0.087 0.076 0.223 0.904 0.968 44 0 51.66 6.96 0 0.7
60800 10 6 0.097 0.231 0.165 0.849 0.465 52 0 62.08 19.54 0 0.3
60800 10 6 0.072 0.271 0.286 0.855 0.852 25 0 35.92 6.4 0 0.82
60800 10 6 0.092 0.115 0.094 0.854 0.522 48 1 61.28 17.22 0 0.36
60800 10 6 0.075 0.229 0.452 0.934 0.521 25 0 34.24 10.2 0 0.74
60800 10 6 0.078 0.059 0.065 0.997 0.425 53 0 68.2 6.94 0 0.7
60800 10 6 0.074 0.222 0.082 0.947 0.215 25 893 26.2 1035.44 0 0
60800 10 6 0.088 0.225 0.259 0.95 0.052 25 817 26.34 894.24 0 0
60800 10 6 0.058 0.235 0.211 0.977 0.748 39 0 52.42 9.32 0 0.58
60800 10 6 0.028 0.359 0.49 0.975 0.846 25 0 34.98 7.92 0 0.74
60800 10 6 0.027 0.161 0.086 0.881 0.882 25 0 36.2 11.78 0 0.76
60800 10 6 0.103 0.252 0.159 0.876 0.794 26 0 35.3 8.68 0 0.62
60800 10 6 0.117 0.018 0.388 0.784 0.011 47 4 60.02 30.42 0 0.1
60800 10 6 0.082 0.175 0.468 0.758 0.875 25 0 39.68 6.12 0 0.74
60800 10 6 0.004 0.116 0.321 0.789 0.077 35 1 52.04 47.5 0 0.42
60800 10 6 0.065 0.101 0.041 0.875 0.185 25 348 29.8 681.02 0 0
60800 10 6 0.119 0.387 0.362 0.752 0.132 25 9 33.58 289.1 0 0.08
60800 10 6 0.038 0.119 0.472 0.811 0.356 27 0 38.22 5.66 0 0.82
60800 10 6 0.113 0.164 0.138 0.977 0.23 27 117 34.2 244.88 0 0
60800 10 6 0.084 0.27 0.333 0.943 0.578 25 1 35 11.28 0 0.68
60800 10 6 0.026 0.016 0.327 0.964 0.843 25 1 38.16 8.74 0 0.8
60800 10 6 0.056 0.012 0.221 0.849 0.225 33 0 44.9 8.7 0 0.7
60800 10 6 0.103 0.187 0.146 0.87 0.626 38 0 47.78 5.9 0 0.74
60800 10 6 0.05 0.257 0.458 0.938 0.908 25 0 37.52 8.86 0 0.66
60800 10 6 0.039 0.148 0.11 0.834 0.073 25 140 32.62 548.42 0 0
60800 10 6 0.064 0.376 0.442 0.816 0.088 26 3 39.26 148.82 0 0.16
60800 10 6 0.052 0.05 0.095 0.829 0.128 26 4 39.04 152.38 0 0.28
60800 10 6 0.072 0.186 0.419 0.858 0.91 43 0 51.32 5.74 0 0.8
60800 10 6 0.028 0.055 0.482 0.897 0.235 25 0 38.9 10.3 0 0.78
60800 10 6 0.12 0.35 0.5 0.818 0.233 33 1 49.4 19.26 0 0.62
60800 10 6 0.105 0.042 0.423 0.795 0.111 25 0 35.84 4.18 0 0.9
60800 10 6 0.073 0.176 0.384 0.835 0.279 44 0 59.14 7.48 0 0.72
60800 10 6 0.024 0.213 0.061 0.855 0.993 25 0 35.24 7.88 0 0.74
60800 10 6 0.073 0.345 0.131 0.817 0.473 28 11 41.54 141.98 0 0
60800 10 1 0.014 0.384 0.102 0.946 0.944 84 1 104.96 9.64 0.34 0.76
60800 10 1 0.119 0.466 0.33 0.854 0.947 98 0 109.28 10.24 0.36 0.56
60800 10 1 0.003 0.417 0.475 0.896 0.584 81 0 99.26 15.68 0.18 0.64
60800 10 1 0.094 0.445 0.192 0.79 0.077 25 957 26.24 1011 0 0
60800 10 1 0.039 0.313 0.124 0.927 0.809 87 0 100.54 10.16 0 0.58
60800 10 1 0.016 0.119 0.025 0.83 0.882 89 0 102.88 16.02 0.1 0.42
60800 10 1 0.09 0.266 0.489 0.989 0.691 92 1 108.9 13.2 0.44 0.52
60800 10 1 0.034 0.153 0.173 0.844 0.286 30 5 41.56 103 0 0.18
60800 10 1 0.067 0.032 0.266 0.791 0.831 99 0 113.22 12.48 0.62 0.4
60800 10 1 0.094 0.059 0.484 0.907 0.192 81 0 101 12.64 0.3 0.58
60800 10 1 0.047 0.414 0.491 0.864 0.821 81 0 99.42 11.74 0.2 0.62
60800 10 1 0.055 0.159 0.446 0.852 0.921 80 2 101.36 15.76 0.22 0.56
60800 10 1 0.002 0.436 0.232 0.811 0.47 69 1 78.16 18.74 0 0.52
60800 10 1 0.088 0.31 0.389 0.985 0.685 73 1 94.74 14.4 0 0.68
60800 10 1 0.005 0.43 0.263 0.989 0.442 67 0 81.64 19.44 0 0.32
60800 10 1 0.068 0.05 0.099 0.929 0.257 53 1 66.5 24.88 0 0.38
60800 10 1 0.117 0.34 0.489 0.916 0.113 34 15 47.8 83.88 0 0
60800 10 1 0.034 0.028 0.217 0.865 0.586 75 2 93.18 14.48 0 0.64
60800 10 1 0.043 0.139 0.23 0.844 0.807 92 0 104.86 10.54 0.2 0.74
60800 10 1 0.032 0.031 0.152 0.925 0.456 98 0 110 6.72 0.3 0.64
60800 10 1 0.016 0.338 0.45 0.87 0.021 26 45 34.58 263.4 0 0
60800 10 1 0.047 0.334 0.262 0.767 0.184 25 9 40.38 155.96 0 0.02
60800 10 1 0.03 0.059 0.464 0.939 0.039 48 2 64.22 28.34 0 0.42
60800 10 1 0.018 0.477 0.387 0.769 0.934 77 0 92.96 13.5 0 0.68
60800 10 1 0.034 0.408 0.139 0.964 0.614 68 1 82.72 23.26 0 0.6
60800 10 1 0.053 0.108 0.202 0.975 0.82 77 0 95.26 8.74 0 0.7
60800 10 1 0.022 0.247 0.499 0.872 0.656 79 1 98.72 15.18 0.12 0.68
60800 10 1 0.117 0.038 0.303 0.892 0.157 90 0 105.26 12.48 0.2 0.6
60800 10 1 0.079 0.097 0.476 0.929 0.272 77 1 102.76 9.6 0.12 0.78
60800 10 1 0.075 0.444 0.216 0.924 0.592 53 0 75.28 15.68 0 0.66
60800 10 1 0.025 0.266 0.093 0.855 0.633 69 1 84.08 22.14 0 0.4
60800 10 1 0.057 0.313 0.262 0.932 0.695 84 2 94.36 12.52 0 0.62
60800 10 1 0.011 0.298 0.488 0.892 0.932 81 1 96.68 13.56 0.02 0.6
60800 10 1 0.008 0.449 0.063 0.901 0.742 72 2 88.9 19.86 0 0.52
60800 10 1 0.076 0.036 0.171 0.805 0.84 108 3 114.34 11.66 0.66 0.26
60800 10 1 0.031 0.209 0.262 0.931 0.231 26 0 45.68 78.66 0 0.3
60800 10 1 0.036 0.072 0.082 0.882 0.073 25 607 29.12 776.32 0 0
60800 10 6 0.112 0.063 0.317 0.934 0.017 25 166 35.18 483.5 0 0
60800 10 6 0.101 0.239 0.471 0.966 0.914 25 1 35.12 10.34 0 0.76
60800 10 6 0.06 0.352 0.048 0.875 0.218 25 1143 26.34 1174.22 0 0
60800 10 6 0.105 0.488 0.207 0.855 0.363 25 2 36.44 176.2 0 0.28
60800 10 6 0.038 0.051 0.086 0.871 0.772 25 0 36.34 4.02 0 0.9
60800 10 6 0.006 0.243 0.019 0.85 0.37 25 1008 26.06 1042.46 0 0
60800 10 6 0.093 0.434 0.107 0.846 0.13 25 111 28.7 771.64 0 0
60800 10 6 0.102 0.424 0.41 0.855 0.493 25 0 35.84 14.98 0 0.72
60800 10 6 0.065 0.272 0.452 0.946 0.182 56 2 64.36 23.4 0 0.38
60800 10 6 0.086 0.271 0.057 0.944 0.202 25 652 28.64 759.46 0 0
60800 10 6 0.037 0.017 0.176 0.997 0.768 25 0 34.72 5.84 0 0.84
60800 10 6 0.098 0.005 0.278 0.865 0.873 25 0 37.86 11.38 0 0.78
60800 10 6 0.078 0.297 0.469 0.963 0.38 27 0 36.68 14.52 0 0.72
60800 10 6 0.041 0.13 0.253 0.847 0.373 60 0 65.4 13.74 0 0.6
60800 10 6 0.103 0.368 0.316 0.875 0.4 34 0 45.86 21.64 0 0.64
60800 10 6 0.098 0.319 0.433 0.916 0.518 38 1 48.42 7.32 0 0.68
60800 10 6 0.106 0.283 0.215 0.797 0.104 25 389 31.84 637.08 0 0
60800 10 6 0.086 0.474 0.032 0.967 0.179 25 997 26.46 1055.04 0 0
60800 10 6 0.096 0.153 0.393 0.968 0.744 29 0 36.78 9.3 0 0.72
60800 10 6 0.004 0.285 0.418 0.784 0.933 25 0 36.56 9.36 0 0.72
60800 10 6 0.04 0.425 0.217 0.844 0.312 29 6 50.14 82.8 0 0.28
60800 10 6 0.119 0.312 0.122 0.957 0.72 57 0 63.6 12.1 0 0.64
60800 10 6 0.037 0.461 0.125 0.997 0.22 25 20 36.24 304.42 0 0
60800 10 6 0.061 0.116 0.041 0.981 0.443 29 18 38.86 185.78 0 0
60800 10 6 0.065 0.398 0.418 0.784 0.972 25 0 35.58 6.76 0 0.84
60800 10 6 0.025 0.278 0.193 0.871 0.111 25 233 31.7 430.2 0 0
60800 10 6 0.025 0.089 0.405 0.874 0.165 46 0 55.64 12.1 0 0.66
60800 10 6 0.036 0.33 0.059 0.778 0.435 25 99 34.4 330.9 0 0
60800 10 6 0.093 0.256 0.045 0.773 0.421 27 235 35.86 394.9 0 0
60800 10 6 0.12 0.284 0.316 0.875 0.377 34 0 42.8 13.08 0 0.78
60800 10 6 0.096 0.031 0.157 0.945 0.766 25 1 32.08 9.06 0 0.82
60800 10 6 0.074 0.449 0.019 0.819 0.137 25 655 30.4 822.98 0 0
60800 10 6 0.103 0.293 0.179 0.825 0.353 27 9 37.5 100.92 0 0.02
60800 10 6 0.094 0.444 0.267 0.785 0.607 53 1 59.4 12.46 0 0.58
60800 10 6 0.104 0.071 0.245 0.885 0.828 25 0 36.16 5.28 0 0.82
60800 10 6 0.06 0.213 0.172 0.843 0.251 29 7 40.16 131.42 0 0.02
60800 10 6 0.089 0.145 0.093 0.841 0.848 25 0 41.04 5.58 0 0.8
60800 10 6 0.072 0.163 0.086 0.893 0.7 25 0 38.62 11.36 0 0.7
60800 10 6 0.061 0.495 0.389 0.86 0.953 26 0 40.52 7.24 0 0.84
60800 10 6 0.08 0.081 0.047 0.851 0.512 31 0 41.88 24.9 0 0.52
60800 10 6 0.02 0.377 0.163 0.949 0.971 41 0 52.34 8.92 0 0.7
60800 10 6 0.083 0.067 0.409 0.962 0.778 42 1 49.96 5.66 0 0.78
60800 10 6 0.074 0.354 0.108 0.775 0.761 51 0 56.66 15.78 0 0.56
60800 10 6 0.071 0.23 0.156 0.905 0.926 51 0 55.32 8.56 0 0.66
60800 10 6 0.025 0.478 0.049 0.994 0.634 25 1 42.38 41.96 0 0.52
60800 10 6 0.053 0.285 0.433 0.79 0.376 74 0 82.78 10.92 0 0.46
60800 10 6 0.01 0.303 0.3 0.875 0.066 25 81 35.8 253.6 0 0
60800 10 6 0.035 0.249 0.088 0.935 0.228 25 547 27 809.46 0 0
60800 10 6 0.03 0.26 0.388 0.751 0.553 25 0 48.1 12.5 0 0.74
60800 10 6 0.083 0.233 0.433 0.934 0.237 30 1 40.9 15.26 0 0.8
60800 10 6 0.026 0.141 0.236 0.976 0.475 26 0 50.56 15.24 0 0.5
60800 10 6 0.027 0.413 0.103 0.768 0.996 25 0 40.4 5.38 0 0.84
60800 10 6 0.075 0.176 0.178 0.847 0.782 26 0 38.68 8.34 0 0.68
60800 10 6 0.028 0.482 0.062 0.904 0.008 25 1000 26.26 1062.74 0 0
60800 10 6 0.076 0.129 0.059 0.861 0.951 25 1 36.84 6.14 0 0.74
60800 10 6 0.108 0.188 0.119 0.866 0.279 25 85 33.88 432.7 0 0
60800 10 6 0.051 0.222 0.483 0.762 0.081 29 1 43.76 95.14 0 0.46
60800 10 6 0.018 0.419 0.469 0.892 0.833 25 0 36 6.92 0 0.82
60800 10 6 0.063 0.2 0.351 0.8 0.611 25 0 40.96 10.26 0 0.72
60800 10 6 0.022 0.482 0.363 0.752 0.406 37 0 56.88 17.48 0 0.48
60800 10 6 0.106 0.196 0.413 0.862 0.918 35 0 45.44 4.76 0 0.76
60800 10 6 0.089 0.009 0.454 0.847 0.875 36 0 54.36 7.88 0 0.66
60800 10 6 0.104 0.062 0.347 0.967 0.742 25 0 38.78 10.1 0 0.8
60800 10 6 0.102 0.377 0.249 0.806 0.426 28 0 42.94 66.32 0 0.26
60800 10 6 0.013 0.428 0.232 0.831 0.011 25 989 26.14 1038.92 0 0
60800 10 6 0.018 0.002 0.429 0.783 0.301 25 0 34.04 5.34 0 0.86
60800 10 6 0.07 0.166 0.072 0.798 0.038 25 474 29.38 881.66 0 0
60800 10 6 0.059 0.301 0.12 0.909 0.442 33 7 45.64 104.52 0 0.02
60800 10 6 0.118 0.28 0.292 0.786 0.393 37 1 48.9 11.16 0 0.84
60800 10 6 0.023 0.002 0.243 0.864 0.424 25 0 36.34 5.24 0 0.84
60800 10 6 0.03 0.065 0.13 0.887 0.876 25 0 35.98 11.38 0 0.78
60800 10 6 0.068 0.264 0.2 0.935 0.455 33 1 47.98 24.5 0 0.6
60800 10 6 0.035 0.307 0.249 0.904 0.057 25 321 33.48 546.76 0 0
60800 10 6 0.061 0.225 0.323 0.771 0.99 25 0 34.7 10.78 0 0.66
60800 10 6 0.031 0.346 0.052 0.904 0.159 25 1125 26.18 1177.7 0 0
60800 10 6 0.079 0.037 0.138 0.946 0.1 41 20 53.64 73.12 0 0
60800 10 6 0.066 0.487 0.222 0.822 0.289 27 3 47.8 87.84 0 0.54
60800 10 6 0.044 0.197 0.206 0.846 0.078 25 271 29.02 512.56 0 0
60800 10 6 0.102 0.477 0.384 0.973 0.11 25 4 45.94 183.5 0 0.28
60800 10 6 0.003 0.13 0.497 0.854 0.284 28 0 40.22 7.68 0 0.74
60800 10 6 0.006 0.237 0.385 0.988 0.443 44 1 57.68 9.6 0 0.64
60800 10 6 0.105 0.271 0.381 0.862 0.328 54 0 61.48 21.56 0 0.54
60800 10 6 0.073 0.156 0.324 0.764 0.389 60 0 71.48 8.54 0 0.68
60800 10 6 0.028 0.196 0.189 0.867 0.369 36 4 46.26 64.94 0 0.42
60800 10 6 0.1 0.2 0.097 0.805 0.807 25 0 38.14 4.88 0 0.84
60800 10 6 0.052 0.143 0.254 0.775 0.557 27 0 38.46 6.34 0 0.76
60800 10 6 0.083 0.115 0.393 0.941 0.803 25 0 36.8 9.14 0 0.76
60800 10 6 0.095 0.279 0.154 0.757 0.091 25 1000 26.12 1067.88 0 0
60800 10 6 0.037 0.1 0.047 0.776 0.039 25 972 26.5 1142.44 0 0
60800 10 6 0.023 0.131 0.361 0.88 0.933 25 1 37.22 10.5 0 0.72
60800 10 6 0.031 0.478 0.143 0.882 0.646 27 2 36.1 14.04 0 0.74
60800 10 6 0.07 0.073 0.173 0.799 0.335 27 0 43.88 10 0 0.66
60800 10 6 0.064 0.354 0.176 0.753 0.922 25 0 37.02 6.12 0 0.76
60800 10 6 0.077 0.105 0.317 0.794 0.301 25 0 37.66 6.92 0 0.74
60800 10 6 0.05 0.215 0.047 0.781 0.588 29 2 50.96 41.36 0 0.68
60800 10 6 0.072 0.039 0.235 0.76 0.981 25 0 37.04 10.72 0 0.72
60800 10 6 0.081 0.227 0.213 0.782 0.315 25 3 44.58 152.16 0 0.1
60800 10 6 0.023 0.405 0.025 0.764 0.054 25 1153 26 1191.58 0 0
60800 10 6 0.099 0.018 0.282 0.964 0.339 27 1 39.44 9.28 0 0.7
60800 10 6 0.106 0.07 0.004 0.863 0.477 37 10 53.42 45.7 0 0
60800 10 6 0.04 0.116 0.016 0.949 0.826 66 2 76.76 11.44 0 0.48
60800 10 6 0.032 0.326 0.418 0.929 0.242 25 2 39 50.1 0 0.54
60800 10 6 0.017 0.371 0.089 0.93 0.919 38 0 44.6 8.02 0 0.72
60800 10 6 0.049 0.349 0.289 0.881 0.186 36 2 45.72 62.44 0 0.34
60800 10 6 0.028 0.182 0.225 0.963 0.819 25 0 37.92 5.84 0 0.82
60800 10 6 0.102 0.067 0.23 0.783 0.921 25 0 36.48 6.94 0 0.84
60800 10 6 0.026 0.304 0.034 0.769 0.728 33 0 42.22 21.76 0 0.54
60800 10 6 0.112 0.265 0.026 0.892 0.676 43 0 54.7 19.22 0 0.6
60800 10 6 0.039 0.371 0.068 0.961 0.028 25 718 34.78 836.34 0 0
60800 10 6 0.011 0.495 0.345 0.983 0.971 26 0 35.68 7.66 0 0.8
60800 10 6 0.12 0.457 0.015 0.829 0.207 25 1028 26.62 1076.46 0 0
60800 10 6 0.057 0.113 0.394 0.856 0.021 25 34 30.46 348.78 0 0
60800 10 6 0.039 0.273 0.068 0.83 0.562 28 3 42.64 92.1 0 0.2
60800 10 6 0.095 0.157 0.121 0.806 0.016 25 887 26.44 1106.54 0 0
60800 10 6 0.015 0.376 0.028 0.878 0.4 25 501 33.42 631.98 0 0
60800 10 6 0.103 0.112 0.36 0.938 0.605 25 0 38.98 6.78 0 0.78
60800 10 6 0.118 0.454 0.244 0.886 0.756 25 0 34.7 9.8 0 0.74
60800 10 6 0.106 0.281 0.438 0.999 0.976 25 1 34.42 8.66 0 0.82
60800 10 6 0.115 0.064 0.363 0.891 0.868 25 1 35.54 7.58 0 0.78
60800 10 6 0.005 0.474 0.049 0.98 0.085 25 226 36.72 591.14 0 0
60800 10 6 0.104 0.065 0.025 0.992 0.871 25 2 38.38 10.14 0 0.76
60800 10 6 0.025 0.294 0.353 0.767 0.572 25 0 37.82 10.96 0 0.74
60800 10 6 0.113 0.479 0.426 0.989 0.123 29 78 40.42 182.94 0 0
60800 10 6 0.1 0.38 0.189 0.997 0.301 31 42 41.2 160.58 0 0
60800 10 6 0.06 0.043 0.375 0.793 0.172 25 0 32.16 5.72 0 0.86
60800 10 6 0.024 0.446 0.06 0.798 0.792 25 1 37.02 11.9 0 0.7
60800 10 6 0.12 0.178 0.357 0.821 0.903 60 0 67.84 9.42 0 0.76
60800 10 6 0.063 0.432 0.098 0.793 0.427 25 6 45.5 112.28 0 0.32
60800 10 6 0.098 0.344 0.161 0.958 0.282 25 66 27.62 544.04 0 0
60800 10 6 0.098 0.016 0.067 0.775 0.849 25 0 37.84 4.88 0 0.82
60800 10 6 0.021 0.452 0.239 0.963 0.296 29 3 42.52 73.6 0 0.42
60800 10 6 0.017 0.415 0.445 0.931 0.225 33 1 55.34 43.18 0 0.4
60800 10 6 0.041 0.054 0.014 0.878 0.092 25 712 31.2 865.62 0 0
60800 10 6 0.108 0.257 0.324 0.909 0.884 26 0 39.92 7.94 0 0.72
60800 10 6 0.05 0.097 0.226 0.859 0.914 25 0 36.12 8.88 0 0.8
60800 10 6 0.083 0.09 0.415 0.853 0.153 50 1 58.46 7.48 0 0.72
60800 10 6 0.05 0.375 0.289 0.89 0.917 25 0 34.9 9.98 0 0.78
60800 10 6 0.061 0.465 0.18 0.977 0.832 25 0 35.2 10.9 0 0.78
60800 10 6 0.086 0.039 0.233 0.785 0.64 25 0 36.52 7.44 0 0.82
60800 10 6 0.066 0.319 0.096 0.78 0.347 28 80 37.04 231.4 0 0
60800 10 6 0.038 0.068 0.29 0.878 0.685 25 0 40.02 8.34 0 0.74
60800 10 6 0.012 0.415 0.201 0.825 0.094 25 141 33.04 348.6 0 0
60800 10 6 0.015 0.108 0.106 0.967 0.908 25 0 33.48 9.32 0 0.8
60800 10 6 0.042 0.254 0.272 0.809 0.969 25 0 36.1 10.6 0 0.7
60800 10 6 0.103 0.482 0.435 0.851 0.111 25 1 42.16 186.1 0 0.34
60800 10 6 0.083 0.071 0.187 0.84 0.903 25 0 44.5 11.94 0 0.74
60800 10 6 0.079 0.191 0.457 0.895 0.295 25 0 41.34 10.02 0 0.72
60800 10 6 0.049 0.336 0.155 0.812 0.353 34 3 54.86 71.5 0 0.16
60800 10 6 0.005 0.123 0.353 0.789 0.75 25 0 35.68 8.44 0 0.78
60800 10 6 0.01 0.339 0.33 0.891 0.057 28 7 37.36 190.54 0 0.02
60800 10 6 0.081 0.474 0.167 0.908 0.932 25 1 32.32 7.08 0 0.84
60800 10 6 0.064 0.291 0.341 0.861 0.113 28 4 43.26 123.3 0 0.06
60800 10 6 0.094 0.016 0.063 0.774 0.447 25 1 33.16 9.74 0 0.76
60800 10 6 0.088 0.26 0.461 0.916 0.335 56 0 67.34 12.62 0 0.56
60800 10 6 0.036 0.431 0.022 0.84 0.247 25 955 26.14 1009.9 0 0
60800 10 6 0.035 0.204 0.092 0.868 0.473 29 15 41 105.56 0 0
60800 10 6 0.079 0.273 0.199 0.867 0.958 25 0 36.3 9.3 0 0.76
60800 10 6 0.078 0.04 0.457 0.963 0.355 25 0 38.28 7.12 0 0.82
60800 10 6 0.022 0.127 0.422 0.931 0.403 25 0 36 7.7 0 0.78
60800 10 6 0.041 0.217 0.378 0.751 0.874 25 0 33.74 9.22 0 0.82
60800 10 6 0.023 0.368 0.121 0.988 0.694 25 1 41.22 25.44 0 0.56
60800 10 6 0.061 0.201 0.382 0.908 0.566 25 0 37.56 9.64 0 0.66
60800 10 6 0.114 0.215 0.483 0.786 0.09 25 2 45.26 120.64 0 0.12
60800 10 6 0.064 0.394 0.335 0.953 0.596 25 0 34.44 9.54 0 0.76
60800 10 6 0.119 0.042 0.002 0.829 0.455 27 0 40.24 8.14 0 0.74
60800 10 6 0.043 0.044 0.27 0.986 0.544 25 1 32.2 7.5 0 0.84
60800 10 6 0.044 0.312 0.105 0.753 0.461 30 17 44.08 105.5 0 0
60800 10 6 0.011 0.262 0.362 0.968 0.649 25 0 33.14 7.36 0 0.84
60800 10 6 0.007 0.2 0.439 0.921 0.783 26 0 41.58 6.76 0 0.78
60800 10 6 0.095 0.055 0.314 0.805 0.197 25 0 39.76 8.04 0 0.74
60800 10 6 0.002 0.035 0.127 0.795 0.834 25 0 36.92 9.36 0 0.72
60800 10 6 0.036 0.034 0.007 0.902 0.397 34 78 40.14 118.16 0 0
60800 10 6 0.064 0.095 0.348 0.832 0.802 25 2 34.98 8.92 0 0.78
60800 10 6 0.11 0.172 0.007 0.961 0.371 25 173 38.68 320.24 0 0
60800 10 6 0.108 0.211 0.355 0.879 0.992 25 0 35.86 9.74 0 0.76
60800 10 6 0.006 0.051 0.303 0.861 0.652 25 0 42.32 9.28 0 0.66
60800 10 6 0.088 0.157 0.333 0.752 0.23 41 0 48.56 20.32 0 0.66
60800 10 6 0.061 0.33 0.468 0.927 0.228 31 0 56.04 42.06 0 0.34
60800 10 6 0.096 0.159 0.459 0.904 0.135 35 0 55.12 31.26 0 0.6
60800 10 6 0.117 0.11 0.273 0.928 0.33 35 0 47.2 8.76 0 0.72
60800 10 6 0.02 0.378 0.313 0.781 0.807 25 0 39.46 9.54 0 0.68
60800 10 6 0.041 0.264 0.302 0.823 0.27 30 1 43.36 71.98 0 0.42
60800 10 6 0.037 0.468 0.3 0.775 0.214 37 23 44.6 119.4 0 0
60800 10 6 0.027 0.299 0.292 0.948 0.158 30 46 42.6 161.28 0 0
60800 10 6 0.044 0.498 0.151 0.954 0.358 26 8 45.86 158.4 0 0.02
60800 10 6 0.013 0.067 0.345 0.773 0.778 25 0 32.74 4.48 0 0.84
60800 10 6 0.041 0.496 0.398 0.925 0.065 25 94 36.84 253.46 0 0
60800 10 6 0.087 0.427 0.345 0.948 0.419 26 0 33.52 19.68 0 0.7
60800 10 6 0.045 0.284 0.338 0.884 0.836 25 0 35.92 9.5 0 0.76
60800 10 6 0.053 0.116 0.287 0.933 0.66 25 1 36.14 6.9 0 0.78
60800 10 6 0.076 0.205 0.105 0.895 0.844 25 0 37.5 10.32 0 0.74
60800 10 6 0.017 0.412 0.362 0.887 0.004 25 382 30.52 665 0 0
60800 10 6 0.072 0.149 0.134 0.785 0.247 27 5 41.18 80.92 0 0.3
60800 10 6 0.064 0.078 0.026 0.874 0.366 25 65 35.58 203.12 0 0
60800 10 6 0.069 0.031 0.159 0.771 0.595 25 0 37.1 8.3 0 0.76
60800 10 6 0.117 0.435 0.07 0.944 0.344 25 839 26.24 964.52 0 0
60800 10 6 0.106 0.035 0.375 0.899 0.532 26 0 37 7.96 0 0.76
60800 10 6 0.068 0.412 0.081 0.767 0.615 40 2 51.34 35.3 0 0.46
60800 10 6 0.036 0.391 0.301 0.85 0.558 33 2 41.52 15.68 0 0.68
60800 10 6 0.069 0.493 0.172 0.952 0.416 31 6 51.92 123.94 0 0.24
60800 10 6 0.087 0.016 0.217 0.754 0.395 25 0 35.3 6.3 0 0.86
60800 10 6 0.014 0.08 0.09 0.898 0.688 36 1 49.18 15.08 0 0.6
60800 10 6 0.005 0.278 0.092 0.832 0.845 54 1 58.22 8.42 0 0.68
60800 10 6 0.066 0.402 0.119 0.869 0.752 31 0 43.58 8.76 0 0.72
60800 10 6 0.071 0.015 0.166 0.989 0.226 25 0 36.24 11.58 0 0.76
60800 10 6 0.018 0.085 0.365 0.858 0.898 44 1 70.66 9.26 0 0.66
60800 10 6 0.117 0.314 0.05 0.767 0.687 48 0 60.18 11.86 0 0.5
60800 10 6 0.063 0.155 0.306 0.904 0.744 25 1 36.88 11.96 0 0.68
60800 10 6 0.117 0.222 0.015 0.931 0.759 30 1 51.66 14.16 0 0.4
60800 10 6 0.058 0.412 0.083 0.897 0.604 57 5 70.04 26.06 0 0.08
60800 10 6 0.074 0.118 0.015 0.871 0.298 25 384 31.34 614.96 0 0
60800 10 6 0.026 0.373 0.105 0.772 0.534 48 2 57.84 30.72 0 0.48
60800 10 6 0.119 0.439 0.492 0.934 0.335 45 1 54.94 13.8 0 0.5
60800 10 6 0.007 0.344 0.094 0.815 0.112 25 871 26.18 998.72 0 0
60800 10 6 0.043 0.094 0.401 0.756 0.227 56 1 62.64 8.68 0 0.76
60800 10 6 0.079 0.005 0.328 0.816 0.763 26 0 39.16 10.48 0 0.74
60800 10 6 0.007 0.339 0.235 0.93 0.649 31 0 45.14 14.54 0 0.7
60800 10 6 0.058 0.147 0.448 0.877 0.076 39 5 53.72 74.36 0 0.16
60800 10 6 0.093 0.077 0.348 0.897 0.474 25 0 35.92 3.96 0 0.86
60800 10 6 0.114 0.447 0.482 0.799 0.101 25 35 38.96 188.54 0 0
60800 10 6 0.107 0.433 0.002 0.772 0.059 25 698 30.12 846.4 0 0
60800 10 6 0.062 0.064 0.044 0.999 0.985 25 0 34.06 5.54 0 0.86
60800 10 6 0.056 0.252 0.1 0.863 0.116 25 895 26.32 975.24 0 0
60800 10 6 0.067 0.204 0.121 0.855 0.668 50 0 57.04 11.7 0 0.54
60800 10 6 0.056 0.383 0.176 0.813 0.518 37 0 48.12 24.6 0 0.44
60800 10 6 0.078 0.351 0.457 0.974 0.503 25 0 35.92 9.5 0 0.74
60800 10 6 0.052 0.461 0.346 0.842 0.688 25 0 37.88 5.36 0 0.82
60800 10 6 0.105 0.108 0.078 0.973 0.62 41 0 60.9 13.22 0 0.56
60800 10 6 0.005 0.027 0.108 0.777 0.4 25 0 37.18 13.08 0 0.68
60800 10 6 0.064 0.384 0.402 0.866 0.645 26 0 52.04 7.66 0 0.7
60800 10 6 0.029 0.107 0.344 0.758 0.02 25 4 46.38 177.9 0 0.14
60800 10 6 0.113 0.289 0.295 0.924 0.018 25 487 27.68 855.36 0 0
60800 10 6 0.033 0.301 0.382 0.765 0.676 25 0 34.16 6.34 0 0.86
60800 10 6 0.098 0.003 0.283 0.97 0.446 25 0 36.64 11.7 0 0.68
60800 10 6 0.004 0.443 0.124 0.887 0.154 25 23 38.54 305.56 0 0
60800 10 6 0.045 0.438 0.212 0.849 0.724 25 0 42.22 11.4 0 0.72
60800 10 6 0.031 0.174 0.017 0.899 0.144 25 670 27.4 1013.58 0 0
60800 10 6 0.003 0.127 0.263 0.807 0.113 31 1 44.62 72.52 0 0.28
60800 10 6 0.101 0.309 0.301 0.988 0.723 25 1 36.06 9.18 0 0.82
60800 10 6 0.073 0.032 0.279 0.82 0.081 31 1 48.22 10.46 0 0.64
60800 10 6 0.003 0.152 0.447 0.95 0.243 49 1 58.74 7.28 0 0.74
60800 10 6 0.009 0.121 0.31 0.926 0.528 25 0 36.36 9.28 0 0.74
60800 10 6 0.104 0.083 0.081 0.792 0.337 36 2 61.96 22.12 0 0.46
60800 10 6 0.046 0.098 0.254 0.9 0.264 53 1 64.58 18.56 0 0.4
60800 10 6 0.063 0.449 0.187 0.818 0.696 25 0 36.16 16.48 0 0.74
60800 10 6 0.018 0.141 0.423 0.83 0.527 25 0 38.5 6.1 0 0.82
60800 10 6 0.064 0.092 0.045 0.871 0.696 57 0 69.28 6.62 0 0.68
60800 10 6 0.098 0.428 0.48 0.855 0.77 25 0 34.98 4.8 0 0.82
60800 10 6 0.113 0.058 0.089 0.899 0.341 25 0 37.52 9.78 0 0.7
60800 10 6 0.11 0.148 0.476 0.974 0.561 25 0 36.38 10.72 0 0.78
60800 10 6 0.072 0.327 0.372 0.977 0.249 27 1 40.32 36.28 0 0.58
60800 10 6 0.039 0.23 0.477 0.835 0.511 26 1 39.68 10.88 0 0.7
60800 10 6 0.046 0.49 0.062 0.784 0.385 25 655 26.62 901.48 0 0
60800 10 6 0.024 0.364 0.036 0.967 0.166 25 537 32.64 807.46 0 0
60800 10 6 0.02 0.014 0.404 0.952 0.787 25 0 35.56 6.46 0 0.82
60800 10 6 0.109 0.027 0.218 0.941 0.292 44 0 51.68 7.02 0 0.74
60800 10 6 0.053 0.18 0.242 0.865 0.931 25 1 38.1 11.14 0 0.66
60800 10 6 0.072 0.465 0.025 0.793 0.459 25 747 26.46 1006.1 0 0
60800 10 6 0.052 0.404 0.248 0.997 0.056 25 225 39.34 412.7 0 0
60800 10 6 0.073 0.23 0.013 0.923 0.639 35 1 47.68 36.28 0 0.36
60800 10 6 0.033 0.26 0.311 0.785 0.611 51 0 61.82 6.1 0 0.78
60800 10 6 0.072 0.437 0.063 0.803 0.628 68 2 76.8 26.88 0 0.28
60800 10 6 0.051 0.014 0.455 1 0.351 25 0 36.22 9.64 0 0.8
60800 10 6 0.004 0.273 0.096 0.997 0.463 28 2 40.24 68.22 0 0.62
60800 10 6 0.059 0.315 0.266 0.852 0.407 33 0 44.44 20.26 0 0.68
60800 10 6 0.019 0.442 0.202 0.78 0.013 25 552 29.74 743.78 0 0
60800 10 6 0.045 0.381 0.041 0.853 0.983 28 0 38.86 7.68 0 0.76
60800 10 6 0.065 0.06 0.365 0.833 0.403 26 0 39.2 9.58 0 0.72
60800 10 6 0.001 0.136 0.286 0.766 0.39 25 0 34.82 16.46 0 0.74
60800 10 6 0.045 0.23 0.172 0.789 0.232 26 6 35.68 175.32 0 0.38
60800 10 6 0.119 0.169 0.115 0.989 0.643 38 2 51.9 8 0 0.7
60800 10 6 0.063 0.444 0.174 0.976 0.034 25 197 37.66 567.62 0 0
60800 10 6 0.06 0.381 0.159 0.927 0.024 25 1037 26.34 1087 0 0
60800 10 6 0.117 0.101 0.391 0.781 0.674 25 0 37.32 5.94 0 0.84
60800 10 6 0.054 0.382 0.253 0.934 0.789 25 1 40.98 6.56 0 0.8
60800 10 6 0.086 0.372 0.171 0.809 0.163 25 134 44.12 353.68 0 0
60800 10 6 0.101 0.137 0.208 0.935 0.276 31 0 45.34 28.96 0 0.48
60800 10 6 0.12 0.336 0.117 0.926 0.157 25 522 28.8 828.46 0 0
60800 10 6 0.103 0.155 0.078 0.856 0.007 25 1087 26.2 1155.2 0 0
60800 10 6 0.106 0.147 0.026 0.862 0.973 25 1 35.52 10.74 0 0.74
60800 10 6 0.069 0.229 0.095 0.852 0.576 51 2 56.96 32.4 0 0.2
60800 10 6 0.093 0.261 0.138 0.846 0.512 30 1 47.68 44.02 0 0.44
60800 10 6 0.065 0.078 0.014 0.923 0.41 29 89 39.06 189.1 0 0
60800 10 6 0.083 0.083 0.352 0.839 0.786 25 0 35.96 6.64 0 0.8
60800 10 6 0.022 0.409 0.49 0.955 0.065 40 5 46.06 85.02 0 0.06
60800 10 6 0.108 0.397 0.159 0.807 0.843 25 0 37.7 7.8 0 0.72
60800 10 6 0.093 0.058 0.136 0.785 0.612 28 0 39.1 5.98 0 0.78
60800 10 6 0.044 0.159 0.207 0.808 0.518 30 0 52.7 18.84 0 0.58
60800 10 6 0.044 0.321 0.222 0.993 0.045 26 28 36.54 376.3 0 0
60800 10 6 0.031 0.219 0.355 0.788 0.109 29 33 39.68 121.28 0 0
60800 10 6 0.013 0.111 0.379 0.804 0.141 33 2 41.82 34.46 0 0.56
60800 10 6 0.072 0.451 0.181 0.937 0.357 33 3 57.28 53.76 0 0.54
60800 10 6 0.038 0.057 0.145 0.868 0.278 46 0 72.86 10.66 0 0.64
60800 10 6 0.033 0.299 0.223 0.841 0.011 25 1097 26.22 1147.04 0 0
60800 10 6 0.072 0.115 0.307 0.956 0.086 31 0 53.26 85.48 0 0.32
60800 10 6 0.117 0.345 0.183 0.835 0.249 26 278 33.22 384.92 0 0
60800 10 6 0.034 0.151 0.336 0.941 0.967 36 0 47.6 7.4 0 0.74
60800 10 6 0.042 0.22 0.07 0.868 0.624 47 1 54.76 25.52 0 0.48
60800 10 6 0.02 0.01 0.046 0.863 0.421 25 0 36.04 9.62 0 0.76
60800 10 6 0.011 0.491 0.022 0.764 0.763 40 0 52.92 18.3 0 0.42
60800 10 6 0.054 0.183 0.019 0.958 0.659 30 2 60.36 30.86 0 0.46
60800 10 6 0.11 0.481 0.238 0.975 0.666 38 0 53.14 8.88 0 0.72
60800 10 6 0.107 0.102 0.1 0.834 0.538 53 0 68.26 5.92 0 0.76
60800 10 6 0.115 0.136 0.274 0.902 0.736 25 1 34.3 9.4 0 0.78
60800 10 6 0.079 0.33 0.027 0.915 0.693 60 0 65.6 17.34 0 0.42
60800 10 6 0.028 0.357 0.084 0.993 0.052 25 1000 26.22 1089.78 0 0
60800 10 6 0.098 0.072 0.266 0.89 0.988 25 0 34.96 12.68 0 0.76
60800 10 6 0.107 0.058 0.058 0.995 0.429 25 0 36.94 4 0 0.86
60800 10 6 0.089 0.271 0.171 0.789 0.265 35 122 42.72 174.42 0 0
60800 10 6 0.017 0.226 0.265 0.889 0.591 25 1 37.72 16.66 0 0.62
60800 10 6 0.033 0.145 0.464 0.945 0.301 25 0 39.94 12.08 0 0.78
60800 10 6 0.044 0.157 0.031 0.958 0.436 25 227 32.2 485.36 0 0
60800 10 6 0.063 0.013 0.287 0.942 0.555 25 0 36.02 8.06 0 0.78
60800 10 6 0.106 0.314 0.06 0.948 0.209 25 974 26.44 1031.58 0 0
60800 10 6 0.053 0.086 0.131 0.844 0.429 30 1 38.92 19.2 0 0.58
60800 10 6 0.05 0.458 0.205 0.928 0.431 27 1 37.4 92.96 0 0.22
60800 10 6 0.116 0.262 0.49 0.943 0.836 26 1 39.22 10.72 0 0.64
60800 10 6 0.012 0.003 0.087 0.9 0.276 25 0 34.6 8.22 0 0.78
60800 10 6 0.054 0.462 0.136 0.815 0.881 25 0 33.3 9 0 0.82
60800 10 6 0.095 0.307 0.193 0.876 0.213 27 5 41.18 109.1 0 0.22
60800 10 6 0.057 0.318 0.15 0.997 0.032 25 623 29.92 892.46 0 0
60800 10 6 0.044 0.021 0.426 0.891 0.165 25 0 35.46 5.3 0 0.88
60800 10 6 0.051 0.032 0.08 0.768 0.857 26 1 38.34 7.42 0 0.82
60800 10 6 0.004 0.034 0.123 0.788 0.42 43 0 54.5 7.08 0 0.68
60800 10 6 0.08 0.298 0.225 0.762 0.321 25 0 33.6 108.9 0 0.56
60800 10 6 0.075 0.106 0.067 0.972 0.009 25 744 30.64 825.5 0 0
60800 10 6 0.067 0.326 0.407 0.805 0.117 25 3 48.5 68.12 0 0.42
60800 10 6 0.078 0.442 0.153 0.848 0.939 25 0 34.42 10.28 0 0.76
60800 10 6 0.091 0.138 0.116 0.936 0.094 25 702 27.04 967.2 0 0
60800 10 6 0.017 0.129 0.405 0.847 0.484 25 0 32.78 6.62 0 0.86
60800 10 6 0.045 0.156 0.46 0.944 0.499 25 0 37.46 5.58 0 0.82
60800 10 6 0.117 0.364 0.112 0.755 0.665 47 0 59.98 9.52 0 0.68
60800 10 6 0.038 0.265 0.103 0.795 0.667 37 0 50.94 15.7 0 0.48
60800 10 6 0.071 0.487 0.464 0.915 0.395 29 0 38.48 8.42 0 0.76
60800 10 6 0.114 0.293 0.408 0.762 0.92 25 0 34.32 12.04 0 0.74
60800 10 6 0.062 0.308 0.095 0.813 0.066 25 775 26.5 1056.16 0 0
60800 10 6 0.085 0.426 0.076 0.896 0.644 38 2 47.82 14.76 0 0.68
60800 10 6 0.058 0.004 0.075 0.906 0.975 25 0 37.4 9.58 0 0.7
60800 10 6 0.04 0.066 0.2 0.756 0.482 25 0 32.72 5.72 0 0.84
60800 10 6 0.056 0.212 0.43 0.868 0.749 25 0 39.1 10.5 0 0.74
60800 10 6 0.007 0.296 0.352 0.845 0.409 36 0 46.84 16.62 0 0.54
60800 10 6 0.066 0.047 0.156 0.896 0.124 43 0 62.86 24.16 0 0.44
60800 10 6 0.089 0.422 0.157 0.782 0.773 29 0 44.8 6.78 0 0.84
60800 10 6 0.052 0.398 0.353 0.961 0.431 25 2 50.58 31.12 0 0.66
60800 10 6 0.083 0.279 0.167 0.848 0.714 30 0 56.3 11.86 0 0.5
60800 10 6 0.035 0.242 0.376 0.897 0.747 25 0 35.38 12.3 0 0.8
60800 10 6 0.036 0.268 0.083 0.85 0.351 25 12 38.7 301.16 0 0
60800 10 6 0.009 0.105 0.148 0.895 0.793 25 1 37.74 6.2 0 0.86
60800 10 6 0.009 0.019 0.418 0.912 0.648 26 0 39.44 4.74 0 0.82
60800 10 6 0.081 0.185 0.12 0.888 0.401 30 3 43.44 87.48 0 0.16
60800 10 6 0.116 0.053 0.053 0.838 0.799 26 0 42.64 7.92 0 0.72
60800 10 6 0.09 0.2 0.234 0.815 0.436 45 0 64 19.3 0 0.52
60800 10 6 0.12 0.364 0.449 0.823 0.342 26 0 42.24 22.84 0 0.68
60800 10 6 0.008 0.041 0.473 0.956 0.126 25 0 37.24 8.88 0 0.74
60800 10 6 0.022 0.031 0.394 0.829 0.137 48 0 60.58 9.18 0 0.68
60800 10 6 0.023 0.195 0.098 0.967 0.436 43 2 48.44 63.08 0 0.26
60800 10 6 0.042 0.276 0.231 0.871 0.465 42 0 47.1 20.94 0 0.4
60800 10 6 0.009 0.333 0.339 0.8 0.117 26 4 57.44 118.32 0 0.5
60800 10 6 0.016 0.481 0.125 0.94 0.214 25 115 45.88 212.66 0 0
60800 10 6 0.106 0.418 0.052 0.819 0.636 37 1 59.26 32.84 0 0.52
60800 10 6 0.002 0.44 0.259 0.979 0.268 28 3 45.58 29.8 0 0.72
60800 10 6 0.082 0.139 0.122 0.94 0.462 45 4 62.54 31.12 0 0.38
60800 10 6 0.042 0.344 0.205 0.808 0.753 25 0 36.46 10.44 0 0.72
60800 10 6 0.056 0.063 0.208 0.982 0.598 41 0 47.54 8.04 0 0.66
60800 10 6 0.119 0.193 0.115 0.985 0.49 32 1 46 42.24 0 0.5
60800 10 6 0.041 0.269 0.345 0.99 0.443 33 0 43.8 3.52 0 0.88
60800 10 1 0.028 0.333 0.335 0.771 0.447 70 3 85.3 21.18 0 0.44
60800 10 1 0.041 0.119 0.461 0.928 0.487 93 0 105.74 12.32 0.16 0.46
60800 10 1 0.077 0.259 0.038 0.831 0.391 25 966 26.04 1028.98 0 0
60800 10 1 0.023 0.441 0.164 0.876 0.123 25 570 27.64 820.6 0 0
60800 10 1 0.099 0.127 0.202 0.877 0.901 103 4 110.24 12.6 0.4 0.34
60800 10 1 0.085 0.072 0.32 0.958 0.926 81 1 97.62 12.96 0.1 0.58
60800 10 1 0.042 0.169 0.259 0.883 0.349 52 1 67.38 27.02 0 0.5
60800 10 1 0.01 0.306 0.133 0.818 0.276 25 4 44.72 202.6 0 0.3
60800 10 1 0.111 0.443 0.283 0.927 0.363 32 7 44.92 68.9 0 0.44
60800 10 1 0.096 0.044 0.115 0.848 0.186 61 3 77.6 25.08 0 0.4
60800 10 1 0.076 0.034 0.218 0.967 0.352 98 0 109.56 9.84 0.36 0.68
60800 10 1 0.065 0.102 0.4 0.805 0.292 87 1 102.36 14.74 0.1 0.6
60800 10 1 0.061 0.288 0.444 0.787 0.299 58 1 85.06 22.04 0 0.52
60800 10 1 0.012 0.468 0.453 0.782 0.926 91 1 110.42 12.88 0.4 0.5
60800 10 1 0.028 0.273 0.245 0.964 0.075 25 330 29.82 455.78 0 0
60800 10 1 0.086 0.147 0.252 0.815 0.01 25 1008 26.18 1075.52 0 0
60800 10 1 0.02 0.262 0.074 0.894 0.742 74 1 87.5 13.98 0 0.6
60800 10 1 0.104 0.083 0.08 0.918 0.804 79 0 97.04 7.46 0 0.66
60800 10 1 0.107 0.404 0.334 0.925 0.498 77 1 98.08 19.86 0.2 0.42
60800 10 1 0.069 0.162 0.128 0.99 0.366 31 39 39.06 115.82 0 0
60800 10 1 0.04 0.143 0.465 0.808 0.334 82 1 99.22 14.22 0.08 0.56
60800 10 1 0.084 0.184 0.381 0.812 0.89 87 1 102.06 11.62 0.06 0.6
60800 10 1 0.081 0.421 0.112 0.782 0.82 96 1 104.64 13.92 0.12 0.38
60800 10 1 0.086 0.192 0.365 0.862 0.742 89 0 99.98 11.3 0 0.58
60800 10 1 0.069 0.265 0.21 0.946 0.767 104 1 113.26 10.82 0.52 0.52
60800 10 1 0.035 0.474 0.479 0.839 0.852 109 1 112.92 7.8 0.64 0.66
60800 10 1 0.046 0.33 0.257 0.944 0.181 26 8 40.22 177.32 0 0.02
60800 10 1 0.082 0.463 0.329 0.947 0.306 26 5 50.64 97.24 0 0.22
60800 10 1 0.008 0.137 0.462 0.808 0.64 82 1 112.48 16.7 0.66 0.42
60800 10 1 0.099 0.426 0.377 0.96 0.746 88 1 101.14 11.56 0.12 0.66
60800 10 1 0.012 0.066 0.042 0.808 0.325 25 5 40.18 129.84 0 0.24
60800 10 1 0.044 0.462 0.481 0.826 0.186 55 3 69.48 33.1 0 0.2
60800 10 1 0.062 0.035 0.128 0.752 0.09 42 6 51 109.16 0 0.12
60800 10 1 0.073 0.092 0.298 0.948 0.804 69 1 97.08 14.38 0.14 0.64
60800 10 1 0.05 0.261 0.165 0.819 0.393 25 3 56.04 56.72 0 0.6
60800 10 1 0.098 0.406 0.035 0.948 0.01 25 1153 26.3 1208.38 0 0
60800 10 1 0.002 0.4 0.136 0.79 0.743 76 1 97.22 11.04 0.18 0.68
60800 10 6 0.105 0.29 0.104 0.855 0.226 25 536 29.24 678.62 0 0
60800 10 6 0.038 0.24 0.426 0.892 0.554 25 0 35.96 3.52 0 0.88
60800 10 6 0.063 0.434 0.091 0.921 0.913 48 0 53.86 7.38 0 0.74
60800 10 6 0.107 0.458 0.164 0.847 0.834 25 0 34.88 6.62 0 0.82
60800 10 6 0.035 0.276 0.243 0.925 0.247 29 3 54.86 62.9 0 0.4
60800 10 6 0.105 0.08 0.009 0.878 0.691 48 1 61.78 10.96 0 0.52
60800 10 6 0.071 0.226 0.431 0.942 0.916 25 0 35.26 6.52 0 0.86
60800 10 6 0.11 0.122 0.398 0.992 0.309 44 0 55.72 6.46 0 0.72
60800 10 6 0.003 0.262 0.147 0.978 0.413 26 2 42.64 30.96 0 0.58
60800 10 6 0.081 0.451 0.257 0.886 0.04 25 890 26.18 1054.12 0 0
60800 10 6 0.096 0.267 0.496 0.906 0.316 48 2 54.84 13.52 0 0.48
60800 10 6 0.024 0.006 0.345 0.819 0.973 25 0 33.54 7 0 0.86
60800 10 6 0.068 0.242 0.233 0.94 0.129 25 12 33.76 364.24 0 0
60800 10 6 0.095 0.304 0.305 0.893 0.228 47 30 58.88 80.94 0 0
60800 10 6 0.078 0.158 0.483 0.94 0.431 25 0 37.14 6.2 0 0.82
60800 10 6 0.104 0.106 0.442 0.978 0.236 25 1 32.86 9.62 0 0.84
60800 10 6 0.107 0.032 0.236 0.987 0.082 68 1 74.82 9.28 0 0.62
60800 10 6 0.091 0.414 0.475 0.868 0.316 31 0 34.52 7.6 0 0.78
60800 10 6 0.035 0.288 0.313 0.914 0.627 25 0 36.4 12.2 0 0.68
60800 10 6 0.047 0.014 0.022 0.935 0.089 26 188 32.46 298.42 0 0
60800 10 6 0.08 0.292 0.309 0.95 0.077 25 336 29.7 530.08 0 0
60800 10 6 0.09 0.438 0.18 0.91 0.827 33 0 44.08 6.96 0 0.8
60800 10 6 0.012 0.046 0.286 0.764 0.013 26 4 45.76 146.94 0 0.16
60800 10 6 0.107 0.362 0.032 0.969 0.996 41 0 52.5 3.78 0 0.88
60800 10 6 0.076 0.41 0.493 0.843 0.946 32 0 41.68 6.56 0 0.76
60800 10 6 0.025 0.113 0.491 0.752 0.504 25 0 32.9 8.24 0 0.74
60800 10 6 0.065 0.032 0.364 0.854 0.38 25 0 38.74 8.54 0 0.76
60800 10 6 0.009 0.059 0.267 0.802 0.692 25 0 36.5 8.66 0 0.82
60800 10 6 0.052 0.136 0.037 0.972 0.024 25 649 30.18 968.36 0 0
60800 10 6 0.047 0.014 0.392 0.755 0.96 25 0 31.62 4.7 0 0.86
60800 10 6 0.076 0.342 0.47 0.884 0.555 25 0 35.4 7.82 0 0.78
60800 10 6 0.034 0.037 0.29 0.868 0.422 25 0 32.92 6.38 0 0.88
60800 10 6 0.014 0.136 0.082 0.848 0.605 44 1 52.86 24.48 0 0.52
60800 10 6 0.116 0.317 0.409 0.847 0.233 36 1 45.38 66.22 0 0.18
60800 10 6 0.06 0.164 0.448 0.874 0.62 25 0 38.38 10.04 0 0.72
60800 10 6 0.014 0.422 0.465 0.871 0.154 36 1 54.24 49.54 0 0.54
60800 10 6 0.029 0.247 0.136 0.786 0.91 33 0 43.7 8.46 0 0.78
60800 10 6 0.03 0.108 0.248 0.915 0.535 25 1 37.6 6.28 0 0.72
60800 10 6 0.104 0.32 0.267 0.855 0.05 25 937 26.3 1024.26 0 0
60800 10 6 0.004 0.102 0.224 0.941 0.519 44 0 60.4 6.4 0 0.74
60800 10 6 0.02 0.078 0.155 0.766 0.747 44 0 57.32 7.14 0 0.74
60800 10 6 0.008 0.259 0.13 0.859 0.263 25 1 42.4 171.16 0 0.12
60800 10 6 0.092 0.425 0.074 0.945 0.434 25 270 28.6 533.9 0 0
60800 10 6 0.082 0.188 0.154 0.784 0.474 33 0 49.48 25.4 0 0.38
60800 10 6 0.006 0.328 0.411 0.992 0.779 25 0 35.4 8.44 0 0.82
60800 10 6 0.062 0.03 0.326 0.931 0.199 25 0 33.46 5.66 0 0.82
60800 10 6 0.05 0.262 0.017 0.994 0.982 25 0 35.56 8.26 0 0.78
60800 10 6 0.094 0.289 0.451 0.762 0.036 25 475 28.22 640.1 0 0
60800 10 6 0.013 0.084 0.004 0.779 0.339 25 1083 26.38 1148.26 0 0
60800 10 6 0.099 0.051 0.213 0.879 0.277 27 0 40.96 5.7 0 0.8
60800 10 6 0.098 0.072 0.395 0.953 0.822 25 0 36.92 10.68 0 0.78
60800 10 6 0.024 0.223 0.072 0.907 0.268 25 52 35.6 389.7 0 0
60800 10 6 0.031 0.199 0.448 0.819 0.848 27 0 37.52 10.34 0 0.76
60800 10 6 0.044 0.282 0.264 0.89 0.735 51 0 59.96 6.64 0 0.66
60800 10 6 0.042 0.272 0.246 0.906 0.182 34 5 50.54 55.78 0 0.16
60800 10 6 0.065 0.029 0.257 0.962 0.389 26 0 37.64 5 0 0.82
60800 10 6 0.027 0.218 0.318 0.927 0.789 25 1 36.82 8.54 0 0.84
60800 10 6 0.039 0.179 0.148 0.965 0.887 25 0 33.88 5.5 0 0.84
60800 10 6 0.105 0.117 0.482 0.989 0.693 25 0 40.96 5.1 0 0.84
60800 10 6 0.07 0.261 0.054 0.862 0.941 25 1 33.66 13.26 0 0.74
60800 10 6 0.011 0.492 0.225 0.773 0.328 27 0 46.34 48.56 0 0.52
60800 10 6 0.092 0.119 0.052 0.831 0.459 27 41 39.78 135.68 0 0
60800 10 6 0.047 0.211 0.343 0.861 0.277 44 0 56.82 18.18 0 0.44
60800 10 6 0.067 0.348 0.331 0.97 0.875 25 0 37.38 9.34 0 0.74
60800 10 6 0.07 0.366 0.061 0.966 0.123 25 1068 26.1 1120.46 0 0
60800 10 6 0.01 0.317 0.313 0.891 0.193 26 1 46.3 15.96 0 0.78
60800 10 6 0.108 0.136 0.466 0.944 0.174 50 0 61.32 6.5 0 0.72
60800 10 6 0.006 0.389 0.331 0.914 0.126 26 11 49 124.2 0 0
60800 10 6 0.066 0.137 0.055 0.928 0.15 25 773 27.38 1079.48 0 0
60800 10 6 0.048 0.343 0.054 0.864 0.754 57 1 61.56 17.24 0 0.52
60800 10 6 0.045 0.468 0.125 0.798 0.164 26 515 33.9 616.64 0 0
60800 10 6 0.003 0.496 0.221 0.835 0.841 26 0 34.72 9.66 0 0.74
60800 10 6 0.033 0.374 0.075 0.98 0.282 25 315 28.04 788.42 0 0
60800 10 6 0.076 0.401 0.498 0.767 0.638 25 0 37.72 7 0 0.82
60800 10 6 0.106 0.23 0.481 0.992 0.11 31 2 45.08 45.28 0 0.58
60800 10 6 0.015 0.366 0.114 0.888 0.553 27 1 43.26 48.22 0 0.4
60800 10 6 0.016 0.257 0.467 0.771 0.171 33 0 54.06 33.8 0 0.56
60800 10 6 0.041 0.45 0.268 0.995 0.245 27 4 43.96 93.36 0 0.34
60800 10 6 0.019 0.089 0.002 0.916 0.791 25 0 37.68 15.82 0 0.7
60800 10 6 0.098 0.202 0.17 0.826 0.281 29 10 44.24 140.96 0 0
60800 10 6 0.052 0.328 0.147 0.77 0.57 29 1 39.44 14.7 0 0.76
60800 10 6 0.104 0.035 0.025 0.923 0.915 25 0 33.34 4.42 0 0.9
60800 10 6 0.013 0.433 0.355 0.905 0.589 25 0 35.5 9.94 0 0.74
60800 10 6 0.059 0.095 0.139 0.759 0.204 27 2 53.46 61.42 0 0.48
60800 10 6 0.098 0.488 0.205 0.757 0.988 26 0 41.7 11.58 0 0.68
60800 10 6 0.023 0.082 0.175 0.986 0.498 52 0 64.78 14.66 0 0.58
60800 10 6 0.039 0.154 0.176 0.911 0.241 35 9 48.84 100.26 0 0.02
60800 10 6 0.088 0.054 0.398 0.903 0.613 25 0 39.32 6.5 0 0.82
60800 10 6 0.095 0.074 0.39 0.901 0.509 25 0 38.66 9.36 0 0.74
60800 10 6 0.02 0.317 0.345 0.956 0.673 25 0 35.96 10.9 0 0.8
60800 10 6 0.039 0.317 0.383 0.936 0.759 25 0 38.64 11.02 0 0.74
60800 10 6 0.04 0.226 0.118 0.957 0.92 26 0 37.58 10.66 0 0.74
60800 10 6 0.089 0.122 0.15 0.993 0.399 47 0 55.54 14.74 0 0.52
60800 10 6 0.024 0.148 0.189 0.769 0.21 35 3 44.08 80.98 0 0.2
60800 10 6 0.052 0.083 0.026 0.928 0.503 31 56 40.8 118.22 0 0
60800 10 6 0.105 0.326 0.065 0.752 0.166 25 1030 26.26 1072.92 0 0
60800 10 6 0.118 0.05 0.317 0.795 0.335 27 0 40.66 5.8 0 0.82
60800 10 6 0.056 0.486 0.104 0.833 0.625 28 1 54.84 36.3 0 0.46
60800 10 6 0.083 0.21 0.493 0.854 0.568 26 0 44.86 8.26 0 0.7
60800 10 6 0.054 0.465 0.034 0.936 0.417 25 816 26.2 1005.72 0 0
60800 10 6 0.009 0.103 0.463 0.954 0.98 34 0 46.5 8.7 0 0.76
60800 10 6 0.014 0.411 0.201 0.88 0.189 35 1 51.86 93.92 0 0.34
60800 10 6 0.064 0.455 0.076 0.8 0.521 27 3 43.78 189.32 0 0.16
60800 10 6 0.025 0.06 0.379 0.901 0.651 25 1 34.64 10.24 0 0.76
60800 10 6 0.039 0.48 0.017 0.899 0.039 25 1165 26.26 1209.32 0 0
60800 10 6 0.018 0.329 0.057 0.978 0.781 37 0 50.86 14.82 0 0.64
60800 10 6 0.028 0.454 0.016 0.933 0.649 32 6 51.76 43.4 0 0.54
60800 10 6 0.026 0.214 0.261 0.795 0.36 28 0 42.28 43.02 0 0.42
60800 10 6 0.025 0.327 0.056 0.759 0.466 32 72 42 177.58 0 0
60800 10 6 0.016 0.406 0.457 0.842 0.209 28 5 45.72 65.3 0 0.28
60800 10 6 0.063 0.147 0.23 0.921 0.309 45 1 50.86 19.4 0 0.56
60800 10 6 0.11 0.061 0.005 0.887 0.765 25 0 37.08 6.46 0 0.78
60800 10 6 0.081 0.193 0.02 0.812 0.882 40 1 52.12 10.4 0 0.58
60800 10 6 0.115 0.026 0.419 0.912 0.338 38 0 46.74 8.4 0 0.74
60800 10 6 0.098 0.067 0.094 0.962 0.621 25 0 36.32 10.42 0 0.74
60800 10 6 0.004 0.262 0.039 0.931 0.104 30 94 38.6 346.56 0 0
60800 10 6 0.037 0.163 0.178 0.834 0.605 34 0 50.26 7.5 0 0.66
60800 10 6 0.118 0.111 0.213 0.884 0.422 31 0 43.08 5.8 0 0.76
60800 10 6 0.043 0.348 0.37 0.845 0.66 31 0 40.48 7.5 0 0.68
60800 10 6 0.093 0.278 0.214 0.984 0.423 38 2 43.9 39.18 0 0.52
60800 10 6 0.097 0.493 0.177 0.84 0.184 25 467 28.36 784.32 0 0
60800 10 6 0.112 0.344 0.052 0.771 0.366 25 513 30.8 629.78 0 0
60800 10 6 0.041 0.158 0.249 0.88 0.145 27 4 38.6 115.86 0 0.34
60800 10 6 0.03 0.021 0.317 0.813 0.263 25 0 38.98 10.88 0 0.8
60800 10 6 0.061 0.032 0.455 0.864 0.123 25 0 35.28 9.78 0 0.8
60800 10 6 0.111 0.039 0.209 0.93 0.542 25 0 32.94 5.98 0 0.8
60800 10 6 0.107 0.122 0.328 0.938 0.05 27 0 48.82 69.26 0 0.44
60800 10 6 0.077 0.413 0.439 0.953 0.905 25 0 33.94 6.56 0 0.8
60800 10 6 0.065 0.49 0.165 0.809 0.76 42 0 56.12 10.62 0 0.58
60800 10 6 0.034 0.305 0.236 0.973 0.002 25 771 28 1008.62 0 0
60800 10 6 0.098 0.314 0.295 0.954 0.219 37 32 46.98 115.8 0 0
60800 10 6 0.016 0.118 0.408 0.839 0.279 34 0 44.26 7.94 0 0.7
60800 10 6 0.102 0.122 0.444 0.982 0.688 25 0 34.5 5.72 0 0.82
60800 10 6 0.089 0.366 0.408 0.833 0.606 25 1 33.8 11.5 0 0.76
60800 10 6 0.03 0.249 0.267 0.847 0.21 29 2 50.48 93.7 0 0.22
60800 10 6 0.083 0.064 0.42 0.968 0.341 39 0 48.52 7.8 0 0.78
60800 10 6 0.066 0.272 0.259 0.969 0.844 25 1 35.5 5.6 0 0.86
60800 10 6 0.06 0.005 0.124 0.953 0.703 36 1 52.22 9.02 0 0.76
60800 10 6 0.073 0.494 0.196 0.874 0.82 25 0 37.24 10.22 0 0.8
60800 10 6 0.018 0.112 0.422 0.808 0.576 36 0 45.4 6.26 0 0.78
60800 10 6 0.073 0.286 0.068 0.903 0.846 46 0 73.22 9.04 0 0.54
60800 10 6 0.083 0.346 0.261 0.89 0.726 25 0 35.2 11.38 0 0.76
60800 10 6 0.033 0.186 0.419 0.772 0.877 25 1 38.8 11.6 0 0.72
60800 10 6 0.024 0.426 0.104 0.927 0.062 25 710 26.22 897.16 0 0
60800 10 6 0.067 0.157 0.344 0.792 0.117 58 3 67.46 26.96 0 0.32
60800 10 6 0.074 0.201 0.007 0.752 0.671 27 0 41.86 19.98 0 0.68
60800 10 6 0.049 0.138 0.43 0.844 0.364 26 0 39.6 9.7 0 0.62
60800 10 6 0.011 0.061 0.021 0.868 0.083 25 687 27.64 1028.98 0 0
60800 10 6 0.062 0.284 0.052 0.905 0.014 25 1052 26.3 1106.78 0 0
60800 10 6 0.074 0.435 0.395 0.766 0.08 25 99 33.6 408.34 0 0
60800 10 6 0.117 0.011 0.018 0.886 0.063 25 23 39.9 64.92 0 0
60800 10 6 0.049 0.236 0.169 0.971 0.112 25 657 26.3 878.28 0 0
60800 10 6 0.089 0.45 0.253 0.813 0.72 40 1 51.3 7.38 0 0.8
60800 10 6 0.072 0.302 0.223 0.819 0.557 46 0 57.98 7.7 0 0.78
60800 10 6 0.112 0.118 0.304 0.857 0.569 26 0 37.12 7.34 0 0.72
60800 10 6 0.024 0.294 0.384 0.827 0.301 42 1 58 19.68 0 0.64
60800 10 6 0.111 0.043 0.031 0.799 0.872 25 1 34.06 10.42 0 0.76
60800 10 6 0.11 0.423 0.032 0.969 0.492 25 141 32.06 472.5 0 0
60800 10 6 0.089 0.288 0.32 0.998 0.424 47 1 57.6 12.9 0 0.6
60800 10 6 0.003 0.028 0.219 0.919 0.14 45 0 53.08 7.68 0 0.78
60800 10 6 0.047 0.488 0.176 0.764 0.718 25 1 34.3 6.04 0 0.86
60800 10 6 0.118 0.128 0.188 0.921 0.666 25 0 39.58 7.58 0 0.76
60800 10 6 0.035 0.471 0.355 0.873 0.235 25 2 54.32 93.06 0 0.2
60800 10 6 0.097 0.154 0.339 0.998 0.282 29 0 45.4 10.54 0 0.66
60800 10 6 0.118 0.487 0.128 0.93 0.744 25 1 37.24 17.18 0 0.74
60800 10 6 0.098 0.201 0.204 0.994 0.508 33 0 45.64 12.36 0 0.68
60800 10 6 0.015 0.359 0.047 0.895 0.867 27 0 39.5 11.16 0 0.66
60800 10 6 0.029 0.009 0.339 0.812 0.237 25 1 35.44 11.48 0 0.76
60800 10 6 0.08 0.373 0.218 0.817 0.883 25 0 37.44 7.4 0 0.8
60800 10 6 0.06 0.496 0.175 0.996 0.537 29 0 41.68 45.5 0 0.56
60800 10 6 0.026 0.477 0.106 0.842 0.818 25 0 38.94 13.56 0 0.68
60800 10 6 0.107 0.018 0.477 0.897 0.857 25 0 35.22 6.64 0 0.74
60800 10 6 0.058 0.371 0.106 0.905 0.162 25 414 29.32 585.14 0 0
60800 10 6 0.096 0.108 0.426 0.896 0.446 25 0 32.62 8.06 0 0.9
60800 10 6 0.094 0.359 0.296 0.881 0.711 25 0 37.42 11.7 0 0.72
60800 10 6 0.07 0.117 0.48 0.801 0.54 25 1 38.08 9.72 0 0.72
60800 10 6 0.073 0.226 0.02 0.847 0.404 25 491 29.12 737.34 0 0
60800 10 6 0.002 0.355 0.153 0.813 0.317 28 5 43.28 105.94 0 0.28
60800 10 6 0.114 0.321 0.386 0.949 0.036 25 815 26.06 1004.32 0 0
60800 10 6 0.096 0.352 0.363 0.911 0.964 54 0 60.22 5.04 0 0.76
60800 10 6 0.042 0.139 0.201 0.918 0.006 25 800 27.42 943.66 0 0
60800 10 6 0.004 0.259 0.18 0.987 0.917 25 0 40.62 12.14 0 0.7
60800 10 6 0.007 0.217 0.122 0.785 0.384 29 1 45.84 41.38 0 0.38
60800 10 6 0.036 0.269 0.295 0.999 0.395 50 1 56.22 17.24 0 0.46
60800 10 6 0.011 0.235 0.022 0.998 0.885 25 0 40.68 11.6 0 0.64
60800 10 6 0.105 0.363 0.107 0.931 0.447 33 104 41.52 187.18 0 0
60800 10 6 0.01 0.497 0.117 0.817 0.604 25 2 39.74 36.54 0 0.52
60800 10 6 0.015 0.207 0.355 0.926 0.659 25 2 36.26 8.9 0 0.72
60800 10 6 0.026 0.239 0.353 0.852 0.928 25 0 35.76 5.54 0 0.86
60800 10 6 0.114 0.03 0.091 0.984 0.916 25 1 35.9 6.04 0 0.78
60800 10 6 0.08 0.203 0.177 0.797 0.206 25 23 47.92 294.86 0 0
60800 10 6 0.071 0.334 0.473 0.888 0.192 42 1 52.06 44.8 0 0.28
60800 10 6 0.092 0.013 0.466 0.952 0.034 25 0 33.1 10.42 0 0.72
60800 10 6 0.012 0.412 0.253 0.99 0.918 25 0 35.22 9.16 0 0.72
60800 10 6 0.058 0.488 0.021 0.887 0.292 25 744 27.9 800.48 0 0
60800 10 6 0.109 0.439 0.366 0.857 0.41 30 0 42.86 17.92 0 0.44
60800 10 6 0.09 0.094 0.116 0.881 0.984 29 0 42.22 8 0 0.72
60800 10 6 0.111 0.009 0.277 0.967 0.573 25 0 35.96 7.32 0 0.82
60800 10 6 0.017 0.359 0.336 0.99 0.936 47 0 53.6 6.9 0 0.66
60800 10 6 0.062 0.226 0.096 0.865 0.556 31 0 47.94 50.14 0 0.4
60800 10 6 0.061 0.152 0.058 0.821 0.251 25 273 29.86 646.86 0 0
60800 10 6 0.026 0.124 0.468 0.947 0.416 26 0 35.26 3.26 0 0.84
60800 10 6 0.093 0.497 0.143 0.97 0.166 25 872 26.48 1053.36 0 0
60800 10 6 0.096 0.446 0.081 0.845 0.038 25 964 26.48 1014.26 0 0
60800 10 6 0.027 0.218 0.326 0.937 0.099 25 9 39.52 183.78 0 0.02
60800 10 6 0.023 0.268 0.398 0.974 0.584 26 0 37.14 9.18 0 0.74
60800 10 6 0.093 0.183 0.262 0.989 0.357 27 2 40.76 27.78 0 0.58
60800 10 6 0.003 0.374 0.044 0.847 0.2 25 454 27.7 620.22 0 0
60800 10 6 0.011 0.074 0.093 0.905 0.363 28 1 47.08 63.14 0 0.28
60800 10 6 0.071 0.044 0.444 0.925 0.892 25 0 42.3 11 0 0.76
60800 10 6 0.106 0.212 0.227 0.917 0.875 25 0 37.42 9.12 0 0.76
60800 10 6 0.043 0.146 0.165 0.91 0.732 26 0 40.74 13.66 0 0.7
60800 10 6 0.086 0.353 0.16 0.975 0.064 25 853 26.12 947.62 0 0
60800 10 6 0.008 0.414 0.166 0.912 0.661 26 0 36.1 14.52 0 0.7
60800 10 6 0.06 0.24 0.142 0.812 0.045 25 363 30.64 611.56 0 0
60800 10 6 0.026 0.162 0.235 0.963 0.071 27 185 35.82 273.42 0 0
60800 10 6 0.097 0.112 0.158 0.907 0.646 25 0 36.36 10.94 0 0.68
60800 10 6 0.119 0.101 0.01 0.771 0.333 26 57 37.44 143 0 0
60800 10 6 0.052 0.219 0.285 0.78 0.941 38 0 49.78 7.46 0 0.78
60800 10 6 0.034 0.322 0.193 0.836 0.593 47 1 61.16 16.52 0 0.4
60800 10 6 0.035 0.378 0.14 0.831 0.366 29 9 43.58 68.9 0 0.04
60800 10 6 0.055 0.327 0.401 0.851 0.376 44 0 55.52 21.08 0 0.42
60800 10 6 0.117 0.143 0.093 0.825 0.721 52 1 63.66 8.3 0 0.66
60800 10 6 0.045 0.396 0.475 0.987 0.65 27 0 42.84 7.64 0 0.72
60800 10 6 0.051 0.117 0.28 0.878 0.165 37 2 43.6 43.5 0 0.56
60800 10 6 0.074 0.173 0.075 0.986 0.061 25 920 26.24 1025.16 0 0
60800 10 6 0.05 0.122 0.024 0.909 0.208 25 503 28.12 800.26 0 0
60800 10 6 0.113 0.321 0.244 0.881 0.124 25 613 26.06 808.46 0 0
60800 10 6 0.045 0.216 0.154 0.887 0.006 25 827 26.62 1024.98 0 0
60800 10 6 0.047 0.108 0.393 0.903 0.045 28 15 43.16 154.68 0 0
60800 10 6 0.056 0.18 0.213 0.999 0.717 25 0 38.8 6.92 0 0.8
60800 10 6 0.054 0.373 0.089 0.814 0.915 25 0 34.84 5.98 0 0.8
60800 10 6 0.037 0.31 0.439 0.949 0.97 25 0 34.58 10.36 0 0.74
60800 10 6 0.061 0.407 0.229 0.993 0.922 29 0 39.62 8.3 0 0.72
60800 10 6 0.086 0.162 0.058 0.92 0.475 28 135 34.78 201.38 0 0
60800 10 6 0.09 0.288 0.428 0.994 0.944 25 1 42.52 11.26 0 0.76
60800 10 6 0.118 0.275 0.123 0.929 0.046 25 1016 26.24 1072.9 0 0
60800 10 6 0.068 0.484 0.364 0.876 0.287 26 1 40.3 80.14 0 0.54
60800 10 6 0.014 0.161 0.43 0.89 0.724 25 2 35.2 8.38 0 0.86
60800 10 6 0.05 0.061 0.099 0.879 0.498 49 0 62.72 11.76 0 0.58
60800 10 6 0.03 0.259 0.119 0.814 0.085 25 555 28.5 695.12 0 0
60800 10 6 0.113 0.285 0.013 0.832 0.701 32 1 41.6 16.84 0 0.46
60800 10 6 0.051 0.02 0.315 0.801 0.423 25 0 37.58 5.56 0 0.76
60800 10 6 0.06 0.091 0.088 0.846 0.37 39 3 46.64 72.82 0 0.14
60800 10 6 0.051 0.472 0.344 0.823 0.846 29 1 41.38 7.02 0 0.76
60800 10 6 0.014 0.128 0.06 0.993 0.495 46 4 57.22 69.02 0 0.24
60800 10 6 0.083 0.15 0.308 0.779 0.199 54 3 65.36 30.74 0 0.2
60800 10 6 0.069 0.409 0.273 0.752 0.695 25 0 40.16 8.3 0 0.68
60800 10 6 0.114 0.353 0.469 0.938 0.116 25 7 52.28 130.1 0 0.36
60800 10 6 0.099 0.16 0.408 0.824 0.673 25 0 36.28 9.32 0 0.76
60800 10 6 0.064 0.099 0.36 0.997 0.975 25 0 33.62 9.58 0 0.82
60800 10 6 0.064 0.33 0.11 0.817 0.863 25 0 37.66 6.54 0 0.78
60800 10 6 0.111 0.278 0.15 0.838 0.33 25 42 34.04 224.44 0 0
60800 10 6 0.065 0.464 0.369 0.917 0.442 26 0 40.7 31.1 0 0.62
60800 10 6 0.073 0.025 0.399 0.936 0.8 25 0 34.66 6.52 0 0.84
60800 10 6 0.096 0.33 0.358 0.966 0.822 27 0 37.82 6.12 0 0.8
60800 10 6 0.033 0.297 0.131 0.942 0.671 25 1 39.3 24.5 0 0.58
60800 10 6 0.023 0.495 0.16 0.842 0.433 30 1 44.6 40.28 0 0.6
60800 10 6 0.075 0.007 0.263 0.901 0.892 25 0 39.06 9.14 0 0.74
60800 10 6 0.091 0.422 0.433 0.906 0.504 26 0 39.38 12.18 0 0.66
60800 10 6 0.083 0.477 0.432 0.943 0.571 25 0 34.82 6.28 0 0.82
60800 10 6 0.106 0.179 0.213 0.918 0.826 25 0 37.22 9.46 0 0.72
60800 10 6 0.007 0.391 0.342 0.852 0.353 32 0 38.82 33.68 0 0.56
60800 10 6 0.037 0.445 0.061 0.839 0.892 28 1 38.26 8.04 0 0.74
60800 10 6 0.083 0.242 0.272 0.97 0.045 25 300 30.36 606.68 0 0
60800 10 6 0.063 0.232 0.159 0.787 0.259 32 108 39.68 148.12 0 0
60800 10 6 0.076 0.095 0.175 0.846 0.238 50 1 62.42 20.62 0 0.4
60800 10 6 0.063 0.246 0.469 0.794 0.86 42 0 48 5.9 0 0.72
60800 10 6 0.02 0.261 0.09 0.75 0.561 26 1 35.46 63 0 0.48
60800 10 6 0.06 0.219 0.353 0.789 0.244 27 2 35.2 54.62 0 0.7
60800 10 6 0.086 0.312 0.188 0.935 0.338 32 3 48.72 51.44 0 0.56
60800 10 6 0.075 0.478 0.074 0.926 0.524 28 7 39.08 186.36 0 0.04
60800 10 6 0.06 0.335 0.466 0.896 0.529 25 0 33.9 6.18 0 0.82
60800 10 6 0.017 0.068 0.3 0.964 0.754 25 0 40.24 9.82 0 0.8
60800 10 6 0.089 0.374 0.375 0.797 0.541 37 0 47.06 4.38 0 0.8
60800 10 6 0.109 0.119 0.034 0.806 0.777 25 0 36.12 4.52 0 0.88
60800 10 6 0.03 0.445 0.346 0.89 0.744 41 0 55.14 9.72 0 0.76
60800 10 6 0.009 0.38 0.094 0.841 0.804 25 0 35.48 13.58 0 0.74
60800 10 6 0.115 0.316 0.407 0.967 0.26 39 2 49.5 13.48 0 0.62
60800 10 6 0.049 0.166 0.233 0.775 0.819 25 0 36.44 9.08 0 0.74
60800 10 6 0.036 0.077 0.234 0.896 0.137 32 3 41.32 58 0 0.22
60800 10 6 0.007 0.317 0.156 0.967 0.925 26 2 40.04 7.52 0 0.8
60800 10 6 0.052 0.127 0.471 0.953 0.593 25 0 35.16 5.82 0 0.82
60800 10 6 0.073 0.406 0.227 0.833 0.948 26 0 36.78 5.3 0 0.82
60800 10 6 0.028 0.305 0.474 0.862 0.592 25 0 35.34 4.94 0 0.84
60800 10 6 0.025 0.299 0.447 0.783 0.355 29 1 49.8 21.08 0 0.46
60800 10 6 0.017 0.008 0.212 0.866 0.345 25 1 32.84 11.14 0 0.74
60800 10 6 0.105 0.11 0.4 0.942 0.777 25 0 37.44 13.46 0 0.76
60800 10 6 0.101 0.448 0.043 0.978 0.585 29 3 40.06 83.58 0 0.4
60800 10 6 0.049 0.242 0.407 0.874 0.315 32 0 48.48 17.38 0 0.64
60800 10 6 0.01 0.227 0.223 0.962 0.382 26 1 42.14 36.28 0 0.46
60800 10 6 0.031 0.209 0.13 0.958 0.853 38 0 48.52 9.5 0 0.68
60800 10 6 0.075 0.444 0.133 0.875 0.86 29 1 41.2 9.72 0 0.72
60800 10 6 0.069 0.15 0.234 0.95 0.94 46 0 55 5.86 0 0.74
60800 10 6 0.066 0.323 0.184 0.774 0.081 25 337 34.52 494.92 0 0
60800 10 6 0.081 0.012 0.402 0.838 0.154 25 1 33.98 5.42 0 0.84
60800 10 6 0.098 0.234 0.487 0.983 0.659 25 0 43.08 10.66 0 0.7
60800 10 6 0.084 0.128 0.243 0.85 0.136 30 47 40.82 138.02 0 0
60800 10 6 0.039 0.401 0.114 0.924 0.328 25 4 45.78 179.34 0 0.34
60800 10 6 0.016 0.332 0.145 0.933 0.632 28 0 35.9 19.02 0 0.66
60800 10 6 0.072 0.225 0.264 0.865 0.543 42 0 49.76 9.12 0 0.68
60800 10 6 0.052 0.349 0.369 0.925 0.343 40 0 54.78 21.22 0 0.52
60800 10 6 0.111 0.415 0.109 0.788 0.028 25 1100 26.12 1159.76 0 0
60800 10 6 0.042 0.467 0.301 0.856 0.944 27 1 37.34 8.5 0 0.78
60800 10 6 0.088 0.035 0.294 0.906 0.799 25 0 35.96 8.16 0 0.72
60800 10 6 0.064 0.422 0.035 0.989 0.905 25 0 38 13.48 0 0.74
60800 10 6 0.104 0.32 0.291 0.947 0.795 25 0 37.92 7.6 0 0.7
60800 10 6 0.116 0.072 0.383 0.865 0.649 25 0 31.4 7.38 0 0.82
60800 10 6 0.065 0.084 0.181 0.898 0.905 25 0 40.1 11.76 0 0.82
60800 10 6 0.101 0.473 0.466 0.787 0.757 25 0 36.78 5.28 0 0.8
60800 10 6 0.068 0.48 0.183 0.936 0.342 25 6 35.54 173.52 0 0.06
60800 10 6 0.079 0.051 0.393 0.882 0.465 25 0 36.38 8.42 0 0.72
60800 10 6 0.075 0.039 0.401 0.942 0.749 27 0 39.52 6.6 0 0.74
60800 10 6 0.114 0.094 0.383 0.933 0.245 46 0 55.62 9.12 0 0.68
60800 10 6 0.035 0.233 0.159 0.813 0.895 28 0 38.32 6.98 0 0.7
60800 10 6 0.082 0.399 0.051 0.883 0.855 47 0 56.4 8.34 0 0.62
60800 10 6 0.093 0.386 0.442 0.984 0.493 25 0 32.96 12.32 0 0.76
60800 10 6 0.063 0.412 0.368 0.959 0.308 37 2 50.18 43.88 0 0.4
60800 10 6 0.065 0.377 0.424 0.876 0.806 25 1 38.4 9.02 0 0.7
60800 10 6 0.036 0.125 0.465 0.925 0.397 25 0 41.06 11.22 0 0.7
60800 10 6 0.09 0.465 0.06 0.978 0.967 39 0 47.68 9.54 0 0.66
60800 10 6 0.114 0.381 0.154 0.911 0.6 43 0 55.14 24.68 0 0.48
60800 10 6 0.022 0.182 0.494 0.835 0.184 60 0 66.1 19.7 0 0.32
60800 10 6 0.083 0.068 0.346 0.979 0.745 25 0 35.5 10.76 0 0.74
60800 10 6 0.02 0.066 0.022 0.757 0.889 26 0 39.02 12.6 0 0.72
60800 10 6 0.026 0.123 0.483 0.942 0.814 25 0 39.78 8.32 0 0.74
60800 10 6 0.07 0.322 0.249 0.788 0.53 46 0 53.94 13.02 0 0.54
60800 10 6 0.113 0.164 0.064 0.977 0.853 42 0 50.74 7.84 0 0.76
60800 10 6 0.046 0.236 0.346 0.828 0.907 25 1 40.94 10.46 0 0.68
60800 10 6 0.014 0.226 0.043 0.794 0.468 26 97 38.22 226.94 0 0
60800 10 6 0.082 0.066 0.292 0.91 0.641 25 1 36.28 10.98 0 0.8
60800 10 6 0.046 0.277 0.073 0.78 0.872 31 0 48.08 10.68 0 0.68
60800 10 6 0.101 0.293 0.268 0.87 0.517 25 0 34.08 20.46 0 0.62
60800 10 6 0.014 0.214 0.373 0.802 0.96 25 0 33.32 5.12 0 0.8
60800 10 6 0.042 0.16 0.299 0.786 0.503 25 0 34.7 8.46 0 0.66
60800 10 6 0.058 0.09 0.383 0.901 0.789 25 0 34.12 8.78 0 0.8
60800 10 6 0.042 0.18 0.334 0.764 0.843 25 0 33.12 5.44 0 0.86
60800 10 6 0.036 0.103 0.026 0.936 0.154 27 356 35.58 559.52 0 0
60800 10 6 0.1 0.144 0.044 0.982 0.967 25 0 45.62 9.7 0 0.7
60800 10 6 0.078 0.056 0.203 0.769 0.823 25 0 38.12 10.08 0 0.8
60800 10 6 0.118 0.036 0.07 0.842 0.62 25 1 36.82 11.54 0 0.74
60800 10 6 0.108 0.322 0.439 0.846 0.895 25 0 33.12 7.44 0 0.86
60800 10 6 0.063 0.304 0.36 0.975 0.226 34 1 45.82 38.64 0 0.5
60800 10 6 0.042 0.317 0.129 0.97 0.948 25 0 34.04 10.3 0 0.78
60800 10 6 0.076 0.036 0.406 0.991 0.656 25 1 36.04 9.72 0 0.76
60800 10 6 0.062 0.014 0.285 0.842 0.999 25 0 34 4.98 0 0.8
60800 10 6 0.035 0.318 0.241 0.883 0.83 26 0 37.36 8.28 0 0.76
60800 10 6 0.033 0.324 0.247 0.788 0.911 27 0 41.08 11 0 0.7
60800 10 6 0.011 0.403 0.022 0.924 0.413 25 490 30.38 660.52 0 0
60800 10 6 0.037 0.336 0.498 0.875 0.407 25 0 32.96 5.62 0 0.86
60800 10 6 0.085 0.067 0.469 0.878 0.408 25 0 36.48 10.48 0 0.76
60800 10 6 0.042 0.185 0.358 0.782 0.012 25 180 30.64 687.52 0 0
60800 10 6 0.1 0.347 0.368 0.979 0.858 25 0 37.1 10.86 0 0.78
60800 10 6 0.062 0.347 0.167 0.929 0.252 26 48 51.52 259.26 0 0
60800 10 6 0.011 0.297 0.348 0.818 0.791 25 1 39.76 7.46 0 0.72
60800 10 6 0.013 0.356 0.472 0.864 0.121 29 1 36.82 68.88 0 0.6
60800 10 6 0.08 0.365 0.412 0.96 0.974 25 0 37.32 9.7 0 0.76
60800 10 6 0.055 0.493 0.483 0.891 0.085 25 28 36.52 190 0 0
60800 10 6 0.049 0.123 0.317 0.843 0.237 40 1 46.44 19.7 0 0.58
60800 10 6 0.028 0.233 0.034 0.808 0.933 26 0 38.92 8.74 0 0.72
60800 10 6 0.094 0.082 0.03 0.93 0.18 25 252 33.6 585.72 0 0
60800 10 6 0.038 0.226 0.296 0.876 0.366 36 0 41.24 29.88 0 0.6
60800 10 6 0.109 0.006 0.06 0.844 0.143 25 0 38.56 10.38 0 0.74
60800 10 6 0.045 0.463 0.193 0.902 0.312 28 9 50.4 131.52 0 0.18
60800 10 6 0.12 0.259 0.226 0.908 0.752 25 0 36.82 7.28 0 0.76
60800 10 6 0.036 0.323 0.461 0.879 0.332 25 0 42.02 19.3 0 0.7
60800 10 6 0.092 0.453 0.042 0.985 0.824 33 0 40.86 13.58 0 0.68
60800 10 6 0.081 0.016 0.215 0.993 0.559 25 0 35.44 7.24 0 0.86
60800 10 6 0.117 0.253 0.096 1 0.503 34 0 48.38 49.18 0 0.44
60800 10 6 0.014 0.217 0.055 0.894 0.175 28 270 38.22 402.58 0 0
60800 10 6 0.05 0.023 0.202 0.786 0.633 25 0 45.2 13.64 0 0.78
60800 10 6 0.022 0.384 0.477 0.812 0.533 25 1 36.42 9.16 0 0.7
60800 10 1 0.052 0.176 0.411 0.819 0.747 134 0 139.56 2.04 1 1
60800 10 1 0.006 0.293 0.181 0.891 0.964 89 0 105.92 10.84 0.28 0.48
60800 10 1 0.002 0.483 0.22 0.817 0.99 86 0 105.28 11.12 0.26 0.66
60800 10 1 0.085 0.106 0.034 0.837 0.27 25 697 28.56 765.82 0 0
60800 10 1 0.01 0.155 0.499 0.774 0.322 86 0 105.02 7.72 0.32 0.8
60800 10 1 0.035 0.047 0.258 0.933 0.026 25 14 38.3 165.46 0 0
60800 10 1 0.096 0.014 0.144 0.762 0.942 99 0 110.6 7.48 0.38 0.72
60800 10 1 0.022 0.242 0.469 0.98 0.072 33 4 42.86 88.12 0 0.22
60800 10 1 0.044 0.427 0.023 0.856 0.305 25 759 27.5 1004.16 0 0
60800 10 1 0.059 0.414 0.188 0.779 0.124 25 969 26.28 1037.48 0 0
60800 10 1 0.004 0.116 0.386 0.919 0.972 86 1 103.04 11.52 0.24 0.62
60800 10 1 0.018 0.269 0.489 0.773 0.315 68 2 83.28 15.92 0 0.5
60800 10 1 0.052 0.45 0.451 0.75 0.101 28 0 41.64 100.86 0 0.36
60800 10 1 0.089 0.178 0.327 0.751 0.1 25 7 40.76 170.32 0 0.14
60800 10 1 0.014 0.159 0.387 0.82 0.748 77 0 91.66 11.44 0 0.7
60800 10 1 0.052 0.153 0.402 0.83 0.206 83 2 90.96 18 0 0.28
60800 10 1 0.043 0.052 0.124 0.979 0.565 88 0 100.6 13.3 0 0.46
60800 10 1 0.041 0.036 0.111 0.849 0.447 79 0 99.14 13.52 0.2 0.6
60800 10 1 0.097 0.35 0.394 0.842 0.129 25 5 40.76 209.78 0 0.06
60800 10 1 0.023 0.02 0.27 0.755 0.123 66 0 89.12 15.64 0.12 0.68
60800 10 1 0.007 0.07 0.267 0.879 0.376 83 2 97.18 12.54 0 0.52
60800 10 1 0.117 0.063 0.247 0.841 0.205 84 0 103.48 15.2 0.34 0.5
60800 10 1 0.094 0.405 0.025 0.804 0.822 77 2 95.04 18.74 0.04 0.5
60800 10 1 0.012 0.5 0.335 0.77 0.185 31 8 41.68 131.08 0 0.02
60800 10 1 0.049 0.015 0.32 0.751 0.455 93 0 102.84 10.18 0.14 0.6
60800 10 1 0.004 0.427 0.132 0.765 0.832 89 1 106.92 15.72 0.38 0.56
60800 10 1 0.112 0.222 0.347 0.9 0.886 98 1 108.94 10.1 0.22 0.44
60800 10 1 0.056 0.201 0.028 0.863 0.586 29 16 36.82 79.44 0 0
60800 10 1 0.029 0.419 0.345 0.85 0.336 45 3 61.92 28.64 0 0.36
60800 10 1 0.01 0.41 0.474 0.877 0.09 28 9 36.3 136.62 0 0.06
60800 10 1 0.1 0.399 0.146 0.854 0.697 65 1 80.82 14.14 0 0.54
60800 10 1 0.006 0.227 0.067 0.95 0.261 25 234 28.74 468.02 0 0
60800 10 1 0.093 0.076 0.36 0.934 0.312 79 1 105.72 16.02 0.48 0.52
60800 10 1 0.114 0.272 0.36 0.83 0.869 103 0 116.9 3.86 0.72 0.86
60800 10 1 0.009 0.354 0.469 0.89 0.042 25 51 40.38 214.7 0 0
60800 10 1 0.115 0.183 0.011 0.928 0.892 83 1 103.22 7.94 0.04 0.62
60800 10 6 0.03 0.369 0.416 0.804 0.379 65 3 76.06 15.36 0 0.48
60800 10 6 0.103 0.155 0.434 0.951 0.895 31 0 44.56 6.78 0 0.74
60800 10 6 0.026 0.214 0.075 0.984 0.296 26 61 33.14 384.82 0 0
60800 10 6 0.055 0.408 0.165 0.848 0.979 25 1 35.26 10.42 0 0.76
60800 10 6 0.044 0.184 0.224 0.891 0.475 37 1 68.06 18.84 0 0.52
60800 10 6 0.036 0.227 0.09 0.873 0.52 48 1 55.34 32.16 0 0.36
60800 10 6 0.011 0.425 0.202 0.765 0.317 33 2 47.76 33.42 0 0.66
60800 10 6 0.103 0.39 0.127 0.855 0.394 28 4 39.24 182.86 0 0.18
60800 10 6 0.099 0.311 0.183 0.88 0.509 36 2 47.48 28.22 0 0.36
60800 10 6 0.034 0.382 0.067 0.83 0.887 29 1 40.9 9.46 0 0.76
60800 10 6 0.051 0.453 0.312 0.869 0.857 25 0 38.52 5.9 0 0.86
60800 10 6 0.03 0.16 0.002 0.785 0.885 60 0 65.96 4.38 0 0.76
60800 10 6 0.003 0.246 0.279 0.782 0.487 26 1 41.6 21.06 0 0.62
60800 10 6 0.11 0.121 0.463 0.831 0.424 25 0 37.34 11.48 0 0.74
60800 10 6 0.018 0.399 0.216 0.832 0.532 49 0 56.82 20.48 0 0.46
60800 10 6 0.005 0.149 0.259 0.964 0.39 43 0 50.44 19.04 0 0.44
60800 10 6 0.037 0.403 0.429 0.769 0.958 25 0 35.14 10.22 0 0.74
60800 10 6 0.089 0.453 0.414 0.819 0.247 29 3 54.28 90.52 0 0.4
60800 10 6 0.039 0.412 0.422 0.984 0.544 32 0 52.04 10.22 0 0.62
60800 10 6 0.074 0.322 0.438 0.807 0.992 43 1 52.92 8.02 0 0.7
60800 10 6 0.042 0.148 0.263 0.913 0.101 25 2 55.14 140.76 0 0.32
60800 10 6 0.106 0.115 0.398 0.868 0.283 25 0 41.12 9.66 0 0.72
60800 10 6 0.108 0.232 0.445 0.947 0.496 25 0 35.98 11.38 0 0.78
60800 10 6 0.057 0.18 0.111 0.903 0.985 25 0 37 8.18 0 0.76
60800 10 6 0.06 0.265 0.309 0.942 0.435 36 0 50.18 21.78 0 0.54
60800 10 6 0.066 0.313 0.268 0.931 0.173 25 3 41.48 252.3 0 0.02
60800 10 6 0.037 0.24 0.069 0.931 0.167 25 1108 26.44 1140.08 0 0
60800 10 6 0.054 0.494 0.323 0.91 0.5 28 0 42.12 16.72 0 0.64
60800 10 6 0.076 0.103 0.197 0.822 0.384 59 0 65.88 8.38 0 0.68
60800 10 6 0.014 0.211 0.274 0.933 0.395 30 1 44.04 15.26 0 0.48
60800 10 6 0.017 0.48 0.354 0.855 0.306 40 0 52.34 49.7 0 0.4
60800 10 6 0.09 0.447 0.041 0.898 0.09 25 888 26.48 1003.76 0 0
60800 10 6 0.107 0.289 0.115 0.931 0.659 42 1 57.16 11.22 0 0.46
60800 10 6 0.035 0.074 0.359 0.763 0.871 25 1 37.14 12.5 0 0.74
60800 10 6 0.107 0.04 0.218 0.955 0.916 26 0 42.78 8.8 0 0.74
60800 10 6 0.103 0.193 0.437 0.889 0.883 25 1 36.06 8.84 0 0.8
60800 10 6 0.06 0.401 0.467 0.846 0.613 25 0 37.1 6.04 0 0.82
60800 10 7 0.017 0.288 0.236 0.835 0.38 34 2 42.68 35.54 0 0.42
60800 10 7 0.072 0.175 0.217 0.969 0.487 43 0 59.48 17.02 0 0.46
60800 10 7 0.104 0.287 0.417 0.888 0.923 35 0 44.42 7.44 0 0.66
60800 10 7 0.112 0.105 0.283 0.871 0.068 30 82 40.24 176.72 0 0
60800 10 7 0.032 0.225 0.46 0.932 0.965 25 1 38.08 6.32 0 0.82
60800 10 7 0.053 0.389 0.014 0.789 0.751 34 1 45.56 20.14 0 0.66
60800 10 7 0.099 0.406 0.176 0.831 0.134 25 100 32.68 521.26 0 0
60800 10 7 0.117 0.086 0.483 0.915 0.843 25 0 44.92 11.56 0 0.76
60800 10 7 0.03 0.023 0.129 0.832 0.656 25 0 38.86 10.32 0 0.7
60800 10 7 0.103 0.178 0.267 0.966 0.679 25 0 33.12 3.5 0 0.84
60800 10 7 0.111 0.248 0.246 0.913 0.064 25 120 37.34 460.98 0 0
60800 10 7 0.119 0.371 0.008 0.903 0.39 25 543 26.58 816.88 0 0
60800 10 7 0.027 0.226 0.255 0.828 0.625 37 0 48.24 8.78 0 0.72
60800 10 7 0.041 0.489 0.22 0.751 0.741 47 0 56.4 10.06 0 0.6
60800 10 7 0.053 0.329 0.413 0.846 0.427 28 1 39.02 18.24 0 0.6
60800 10 7 0.023 0.026 0.349 0.993 0.071 37 0 49.94 9.1 0 0.66
60800 10 7 0.095 0.458 0.328 0.789 0.151 25 69 37.92 185.64 0 0
60800 10 7 0.083 0.132 0.421 0.923 0.946 26 0 37.38 8.26 0 0.78
60800 10 7 0.067 0.245 0.039 0.926 0.626 36 2 50.52 24.26 0 0.58
60800 10 7 0.033 0.468 0.205 0.949 0.006 25 397 31.62 654.76 0 0
60800 10 7 0.092 0.139 0.496 0.881 0.343 46 0 53.34 7.84 0 0.66
60800 10 7 0.094 0.128 0.44 0.917 0.832 27 0 40.14 9.96 0 0.66
60800 10 7 0.092 0.436 0.368 0.923 0.7 47 0 53.2 7.96 0 0.72
60800 10 7 0.077 0.308 0.333 0.793 0.653 25 1 33.48 10.86 0 0.76
60800 10 7 0.037 0.202 0.426 0.811 0.86 25 0 34.02 6.04 0 0.84
60800 10 7 0.095 0.179 0.362 0.791 0.034 25 644 26.36 816.32 0 0
60800 10 7 0.059 0.239 0.451 0.997 0.138 30 2 41.14 32.52 0 0.5
60800 10 7 0.04 0.064 0.426 0.755 0.473 27 0 38.74 7.56 0 0.76
60800 10 7 0.115 0.429 0.079 0.773 0.354 25 578 30.16 646.86 0 0
60800 10 7 0.077 0.238 0.15 0.898 0.072 25 1014 26.38 1064.72 0 0
60800 10 7 0.11 0.111 0.185 0.837 0.496 25 0 39.16 9.82 0 0.76
60800 10 7 0.034 0.293 0.293 0.767 0.027 25 256 34.56 497.44 0 0
60800 10 7 0.04 0.09 0.1 0.817 0.274 33 1 45.48 46.72 0 0.46
60800 10 7 0.018 0.137 0.002 0.898 0.784 25 0 36.36 18.3 0 0.7
60800 10 7 0.106 0.215 0.369 0.882 0.814 25 0 38.16 9.38 0 0.68
60800 10 7 0.088 0.186 0.462 0.95 0.624 34 0 45.98 6.96 0 0.7
60800 10 7 0.004 0.319 0.416 0.845 0.945 25 0 35.74 9.02 0 0.74
60800 10 7 0.007 0.218 0.434 0.798 0.27 25 1 35.72 24.72 0 0.52
60800 10 7 0.067 0.5 0.009 0.894 0.254 25 503 31.16 646.18 0 0
60800 10 7 0.114 0.241 0.399 0.765 0.441 25 1 37.32 13.14 0 0.72
60800 10 7 0.02 0.084 0.084 0.785 0.957 25 0 40.72 11.82 0 0.74
60800 10 7 0.031 0.195 0.185 0.799 0.227 32 1 63.76 85.1 0 0.3
60800 10 7 0.109 0.024 0.122 0.788 0.99 42 0 54.06 6.34 0 0.7
60800 10 7 0.038 0.22 0.023 0.794 0.383 25 627 27.28 789.5 0 0
60800 10 7 0.102 0.267 0.166 0.868 0.12 25 458 29.3 820.16 0 0
60800 10 7 0.072 0.036 0.212 0.978 0.974 25 0 35.3 8.9 0 0.76
60800 10 7 0.087 0.413 0.082 0.906 0.291 25 100 30.08 601.66 0 0
60800 10 7 0.032 0.442 0.175 0.832 0.26 25 4 51.84 167.58 0 0.4
60800 10 7 0.051 0.321 0.126 0.907 0.078 25 673 28.28 1014.38 0 0
60800 10 7 0.119 0.397 0.147 0.889 0.93 44 0 60.22 10.38 0 0.64
60800 10 7 0.117 0.107 0.498 0.885 0.627 25 0 35.18 10.14 0 0.68
60800 10 7 0.034 0.141 0.476 0.925 0.478 25 1 38.26 6.66 0 0.76
60800 10 7 0.064 0.12 0.327 0.859 0.574 25 0 34.12 4.68 0 0.82
60800 10 7 0.073 0.008 0.313 0.801 0.164 45 1 50.92 9.22 0 0.62
60800 10 7 0.08 0.451 0.245 0.784 0.508 58 1 70.88 17.92 0 0.36
60800 10 7 0.105 0.426 0.317 0.871 0.955 25 0 39.04 5.92 0 0.82
60800 10 7 0.079 0.027 0.386 0.898 0.394 25 0 37.48 12.38 0 0.74
60800 10 7 0.045 0.305 0.089 0.985 0.254 26 380 35.34 476.12 0 0
60800 10 7 0.09 0.094 0.339 0.836 0.222 25 1 36.52 11.06 0 0.66
60800 10 7 0.054 0.043 0.187 0.798 0.594 25 0 33.66 11.28 0 0.8
60800 10 7 0.002 0.145 0.256 0.886 0.706 25 0 35.64 8.4 0 0.86
60800 10 7 0.085 0.107 0.457 0.954 0.136 25 0 33.64 9.82 0 0.7
60800 10 7 0.105 0.109 0.425 0.98 0.305 25 1 36.28 10.8 0 0.74
60800 10 7 0.08 0.072 0.27 0.797 0.365 41 0 49.58 7.34 0 0.72
60800 10 7 0.078 0.362 0.405 0.775 0.287 27 1 37.34 25.18 0 0.52
60800 10 7 0.063 0.077 0.16 0.875 0.906 26 0 37.46 8.12 0 0.82
60800 10 7 0.061 0.313 0.436 0.834 0.193 30 5 53.9 57.86 0 0.08
60800 10 7 0.051 0.452 0.197 0.788 0.127 26 270 33.02 482.26 0 0
60800 10 7 0.07 0.482 0.1 0.803 0.949 25 0 34.9 10.64 0 0.74
60800 10 7 0.062 0.418 0.451 0.961 0.44 45 0 54.48 9.04 0 0.56
60800 10 7 0.062 0.443 0.206 0.844 0.013 25 1137 26.42 1193.38 0 0
60800 10 7 0.069 0.329 0.078 0.973 0.302 25 271 34.72 464.52 0 0
60800 10 7 0.055 0.14 0.003 0.892 0.63 31 2 47.6 37.26 0 0.56
60800 10 7 0.076 0.327 0.423 0.783 0.707 25 0 34.34 11.56 0 0.78
60800 10 7 0.018 0.455 0.085 0.853 0.664 25 0 35.98 31.78 0 0.66
60800 10 7 0.044 0.406 0.141 0.838 0.904 25 0 34.32 11.38 0 0.76
60800 10 7 0.108 0.294 0.465 0.822 0.863 26 0 40.26 9.28 0 0.72
60800 10 7 0.115 0.123 0.161 0.938 0.394 30 0 37.54 10.62 0 0.7
60800 10 7 0.047 0.192 0.159 0.996 0.979 25 0 36.68 9.86 0 0.76
60800 10 7 0.077 0.222 0.307 0.932 0.879 25 0 37.94 9.58 0 0.76
60800 10 7 0.103 0.038 0.2 0.874 0.283 25 1 36.52 9.2 0 0.72
60800 10 7 0.073 0.489 0.29 0.821 0.991 25 0 35.06 7.08 0 0.8
60800 10 7 0.013 0.45 0.492 0.764 0.346 30 2 42.96 4.72 0 0.84
60800 10 7 0.017 0.425 0.272 0.821 0.031 26 160 31.72 324.54 0 0
60800 10 7 0.071 0.022 0.491 0.825 0.073 37 0 46.7 7.8 0 0.74
60800 10 7 0.052 0.386 0.066 0.989 0.272 25 847 26.16 996.62 0 0
60800 10 7 0.09 0.272 0.288 0.958 0.491 41 2 48.48 15.38 0 0.62
60800 10 7 0.073 0.326 0.11 0.879 1 25 1 38.64 8.28 0 0.76
60800 10 7 0.085 0.479 0.132 0.894 0.69 27 2 36.16 20.92 0 0.64
60800 10 7 0.006 0.295 0.396 0.801 0.093 33 2 46.52 41.04 0 0.66
60800 10 7 0.086 0.14 0.247 0.823 0.801 25 0 36.52 9.28 0 0.76
60800 10 7 0.097 0.305 0.099 0.892 0.211 25 407 28.42 879.44 0 0
60800 10 7 0.11 0.139 0.492 0.965 0.852 26 1 37.82 8.16 0 0.8
60800 10 7 0.011 0.157 0.115 0.95 0.305 34 18 46.1 80.94 0 0
60800 10 7 0.034 0.25 0.067 0.899 0.006 25 875 26.62 1043.4 0 0
60800 10 7 0.065 0.455 0.39 0.936 0.722 39 0 51.26 7.82 0 0.72
60800 10 7 0.023 0.013 0.251 0.894 0.917 25 0 40.04 9.56 0 0.72
60800 10 7 0.055 0.449 0.257 0.931 0.267 25 4 38.52 122.72 0 0.06
60800 10 7 0.103 0.278 0.305 0.766 0.673 25 0 36.6 5.02 0 0.78
60800 10 7 0.027 0.102 0.239 0.808 0.843 25 1 38.56 10.98 0 0.7
60800 10 7 0.003 0.206 0.023 0.884 0.127 25 1086 26.44 1117.22 0 0
60800 10 7 0.055 0.026 0.366 0.88 0.002 25 924 26.54 1007.44 0 0
60800 10 7 0.093 0.274 0.14 0.781 0.956 25 0 36.3 9.66 0 0.72
60800 10 7 0.047 0.299 0.309 0.888 0.714 27 0 39.66 5.46 0 0.78
60800 10 7 0.03 0.117 0.425 0.943 0.24 44 0 50.66 14.36 0 0.66
60800 10 7 0.034 0.24 0.181 0.863 0.497 32 2 44.62 41.28 0 0.34
60800 10 7 0.107 0.296 0.422 0.963 0.162 25 1 43.98 120.28 0 0.26
60800 10 7 0.095 0.298 0.432 0.941 0.334 47 0 58.72 13.92 0 0.54
60800 10 7 0.113 0.441 0.023 0.845 0.985 25 0 34 7.82 0 0.78
60800 10 7 0.079 0.368 0.266 0.929 0.074 25 1031 26.3 1087.76 0 0
60800 10 7 0.014 0.44 0.395 0.928 0.363 47 1 58.4 22.86 0 0.3
60800 10 7 0.016 0.176 0.103 0.965 0.523 31 0 40.04 41.58 0 0.38
60800 10 7 0.02 0.459 0.463 0.874 0.604 25 0 37.16 8.68 0 0.82
60800 10 7 0.113 0.197 0.251 0.969 0.453 46 0 64.24 10.18 0 0.56
60800 10 7 0.035 0.254 0.105 0.938 0.468 28 1 42.5 63.98 0 0.42
60800 10 7 0.054 0.153 0.422 0.909 0.694 25 0 34.36 5.74 0 0.84
60800 10 7 0.094 0.114 0.113 0.79 0.131 27 46 47.66 245.72 0 0
60800 10 7 0.053 0.174 0.238 0.999 0.401 27 0 34.24 9.4 0 0.78
60800 10 7 0.013 0.22 0.119 0.893 0.376 29 1 49.5 79.98 0 0.3
60800 10 7 0.006 0.14 0.095 0.791 0.41 37 1 54.82 45.44 0 0.2
60800 10 7 0.065 0.348 0.381 0.775 0.027 25 830 26.5 983.82 0 0
60800 10 7 0.056 0.352 0.144 0.768 0.007 25 990 26.32 1085.06 0 0
60800 10 7 0.1 0.071 0.376 0.932 0.885 25 0 40.9 9.16 0 0.76
60800 10 7 0.002 0.335 0.106 0.969 0.414 34 1 54.84 29.62 0 0.58
60800 10 7 0.081 0.41 0.45 0.857 0.541 25 0 37.08 4.72 0 0.82
60800 10 7 0.006 0.407 0.346 0.977 0.311 40 2 49.5 12.02 0 0.72
60800 10 7 0.025 0.193 0.395 0.917 0.213 49 0 61.14 6.66 0 0.76
60800 10 7 0.081 0.006 0.403 0.84 0.792 25 1 37.84 9.4 0 0.72
60800 10 7 0.011 0.143 0.131 0.812 0.82 39 0 48.28 9.52 0 0.7
60800 10 7 0.036 0.117 0.195 0.893 0.816 25 0 40.42 8.26 0 0.82
60800 10 7 0.081 0.186 0.276 0.883 0.27 36 0 50.12 25.98 0 0.42
60800 10 7 0.004 0.145 0.17 0.995 0.058 25 46 34.74 191.46 0 0
60800 10 7 0.061 0.388 0.176 0.794 0.307 27 11 40.42 192.06 0 0
60800 10 7 0.05 0.072 0.428 0.784 0.216 25 0 33.14 8.8 0 0.76
60800 10 7 0.035 0.186 0.497 0.913 0.862 48 0 61.24 7.82 0 0.7
60800 10 7 0.105 0.443 0.284 0.764 0.302 25 2 43.7 170.36 0 0.1
60800 10 7 0.115 0.285 0.386 0.978 0.365 39 0 46.72 9.54 0 0.58
60800 10 7 0.031 0.288 0.261 0.999 0.68 51 0 56.68 8.62 0 0.7
60800 10 7 0.009 0.273 0.341 0.764 0.187 27 2 43.22 75.26 0 0.3
60800 10 7 0.103 0.487 0.136 0.785 0.472 31 4 41.42 110.06 0 0.16
60800 10 7 0.078 0.168 0.291 0.977 0.694 25 0 37.16 10.36 0 0.7
60800 10 7 0.016 0.289 0.056 0.785 0.831 53 1 59.98 7.7 0 0.64
60800 10 7 0.114 0.478 0.012 0.751 0.436 25 620 27.08 840.42 0 0
60800 10 7 0.048 0.314 0.026 0.968 0.307 25 151 31.78 713.7 0 0
60800 10 7 0.057 0.219 0.344 0.981 0.479 40 0 48.14 9.5 0 0.62
60800 10 7 0.04 0.069 0.188 0.891 0.064 27 1 40.32 72.72 0 0.42
60800 10 7 0.081 0.143 0.15 0.8 0.301 26 1 42.28 118.26 0 0.14
60800 10 7 0.03 0.339 0.062 0.89 0.185 25 449 34.42 636.3 0 0
60800 10 7 0.091 0.118 0.426 0.97 0.715 25 1 37.62 7.12 0 0.82
60800 10 7 0.043 0.014 0.33 0.883 0.836 26 0 35.12 10.7 0 0.8
60800 10 7 0.051 0.341 0.049 0.846 0.254 25 643 28.64 745.74 0 0
60800 10 7 0.017 0.498 0.262 0.919 0.419 40 2 54.06 19.2 0 0.68
60800 10 7 0.051 0.03 0.135 0.787 0.126 27 1 52.24 28.88 0 0.58
60800 10 7 0.116 0.15 0.042 0.898 0.494 30 3 41.1 29.3 0 0.66
60800 10 7 0.082 0.316 0.081 0.832 0.413 31 207 37.4 285.36 0 0
60800 10 7 0.078 0.241 0.059 0.763 0.025 25 662 28.64 907.4 0 0
60800 10 7 0.053 0.498 0.415 0.871 0.394 41 1 47.84 18.1 0 0.56
60800 10 7 0.088 0.321 0.345 0.902 0.305 34 2 52.78 38.6 0 0.4
60800 10 7 0.116 0.252 0.252 0.835 0.998 25 0 33.7 11.56 0 0.76
60800 10 7 0.106 0.358 0.306 0.827 0.23 26 1 40.84 161.9 0 0.18
60800 10 7 0.095 0.313 0.166 0.89 0.6 47 0 51.76 15.44 0 0.48
60800 10 7 0.081 0.437 0.461 0.996 0.343 37 1 49.92 15.18 0 0.74
60800 10 7 0.026 0.062 0.412 0.789 0.069 38 0 56.06 30.64 0 0.5
60800 10 7 0.01 0.293 0.225 0.809 0.086 31 63 40.68 170.98 0 0
60800 10 7 0.041 0.284 0.093 0.822 0.53 37 0 55.58 75.5 0 0.22
60800 10 7 0.067 0.078 0.039 0.84 0.498 37 3 60.46 20.32 0 0.42
60800 10 7 0.065 0.409 0.239 0.988 0.043 25 322 27.4 736.36 0 0
60800 10 7 0.032 0.359 0.456 0.84 0.403 26 0 38.76 15.72 0 0.64
60800 10 7 0.001 0.448 0.063 0.764 0.154 25 852 26.32 1021.66 0 0
60800 10 7 0.071 0.18 0.351 0.886 0.482 25 0 32.84 7.26 0 0.84
60800 10 7 0.081 0.186 0.468 0.809 0.165 38 1 51.14 22.1 0 0.46
60800 10 7 0.043 0.282 0.201 0.93 0.979 25 0 34.68 11.28 0 0.76
60800 10 7 0.073 0.195 0.394 0.928 0.476 45 0 49.32 7.4 0 0.74
60800 10 7 0.114 0.285 0.124 0.983 0.325 25 23 38.36 351.92 0 0
60800 10 7 0.021 0.387 0.446 0.979 0.393 28 0 45.34 13.9 0 0.64
60800 10 7 0.007 0.281 0.273 0.947 0.744 25 0 35.24 9.44 0 0.76
60800 10 7 0.075 0.118 0.481 0.948 0.382 25 0 35.18 11.48 0 0.72
60800 10 7 0.072 0.328 0.004 0.948 0.215 25 404 31.32 593.84 0 0
60800 10 7 0.092 0.33 0.012 0.923 0.367 25 361 35.3 521.72 0 0
60800 10 7 0.093 0.46 0.06 0.871 0.209 25 773 27.04 953.08 0 0
60800 10 7 0.103 0.482 0.461 0.948 0.038 25 211 37.48 493.26 0 0
60800 10 7 0.051 0.192 0.371 0.805 0.729 25 1 35.72 6.14 0 0.78
60800 10 7 0.084 0.012 0.198 0.825 0.764 25 0 36.48 6.54 0 0.82
60800 10 7 0.023 0.458 0.081 0.954 0.941 28 1 40.12 7.02 0 0.82
60800 10 7 0.098 0.166 0.085 0.861 0.854 49 0 57.64 8.66 0 0.72
60800 10 7 0.03 0.168 0.343 0.753 0.771 25 0 38.32 10.4 0 0.74
60800 10 7 0.107 0.449 0.478 0.99 0.023 25 676 31.44 797.18 0 0
60800 10 7 0.061 0.103 0.388 0.922 0.978 25 0 36.52 9 0 0.72
60800 10 7 0.043 0.084 0.469 0.774 0.774 33 0 40.04 6.82 0 0.76
60800 10 7 0.028 0.076 0.426 0.955 0.182 27 0 37.82 6.76 0 0.7
60800 10 7 0.117 0.083 0.37 0.782 0.85 25 0 38.4 9.78 0 0.76
60800 10 7 0.011 0.235 0.122 0.852 0.75 30 0 40.64 11.98 0 0.66
60800 10 7 0.011 0.365 0.222 0.983 0.684 25 0 41.44 12.04 0 0.68
60800 10 7 0.016 0.46 0.257 0.879 0.985 25 0 39.1 11.5 0 0.74
60800 10 7 0.118 0.074 0.353 0.837 0.274 25 0 36.3 9.14 0 0.74
60800 10 7 0.106 0.314 0.111 0.838 0.119 25 977 26.12 1105.98 0 0
60800 10 7 0.118 0.021 0.46 0.871 0.719 33 0 47.34 7.18 0 0.78
60800 10 7 0.013 0.125 0.006 0.771 0.077 25 826 26.54 1055.54 0 0
60800 10 7 0.104 0.177 0.128 0.768 0.236 26 252 30.94 410.04 0 0
60800 10 7 0.086 0.316 0.208 0.78 0.898 25 0 37.08 10.28 0 0.74
60800 10 7 0.034 0.153 0.012 0.97 0.143 25 807 27.64 1047.84 0 0
60800 10 7 0.089 0.062 0.436 0.981 0.073 27 0 38.74 7.08 0 0.76
60800 10 7 0.079 0.319 0.021 0.767 0.567 31 56 42.9 266.32 0 0
60800 10 7 0.004 0.44 0.488 0.888 0.148 29 1 44.48 49.34 0 0.3
60800 10 7 0.01 0.482 0.129 0.772 0.416 31 1 42.48 122.1 0 0.28
60800 10 7 0.095 0.375 0.422 0.881 0.874 25 0 35.2 11.6 0 0.76
60800 10 7 0.076 0.271 0.435 0.961 0.628 25 0 35.52 9 0 0.78
60800 10 7 0.061 0.404 0.328 0.902 0.188 29 78 38.14 185 0 0
60800 10 7 0.018 0.472 0.408 0.971 0.199 27 1 39.88 63.96 0 0.3
60800 10 7 0.072 0.352 0.458 0.845 0.998 25 0 41.42 6.36 0 0.72
60800 10 7 0.07 0.073 0.137 0.924 0.383 25 0 41.94 3.6 0 0.82
60800 10 7 0.03 0.361 0.184 0.981 0.151 29 2 50.44 112.86 0 0.32
60800 10 7 0.058 0.198 0.22 0.85 0.284 27 2 44.18 94.22 0 0.2
60800 10 7 0.085 0.335 0.036 0.778 0.847 33 0 47.38 11.02 0 0.58
60800 10 7 0.087 0.327 0.397 0.948 0.961 25 0 36.72 6.56 0 0.8
60800 10 7 0.067 0.19 0.36 0.843 0.897 48 0 55.98 7.38 0 0.7
60800 10 7 0.005 0.109 0.059 0.887 0.38 33 15 39.62 140.28 0 0
60800 10 7 0.075 0.321 0.438 0.953 0.907 25 0 39.18 9.74 0 0.72
60800 10 7 0.055 0.223 0.445 0.894 0.158 44 0 56.36 23.1 0 0.24
60800 10 7 0.065 0.013 0.058 0.917 0.248 28 0 41.76 9.8 0 0.64
60800 10 7 0.024 0.448 0.358 0.973 0.59 39 0 48.54 9.9 0 0.64
60800 10 7 0.054 0.288 0.333 0.783 0.193 26 1 45.28 88.72 0 0.52
60800 10 7 0.006 0.487 0.316 0.82 0.042 27 226 38.92 302.92 0 0
60800 10 7 0.02 0.023 0.466 0.86 0.831 25 0 41.88 10.4 0 0.66
60800 10 7 0.099 0.062 0.24 0.868 0.53 25 1 36.22 6.66 0 0.76
60800 10 7 0.055 0.119 0.049 0.807 0.516 34 35 43.72 111.92 0 0
60800 10 7 0.107 0.434 0.152 0.946 0.442 25 2 46.8 147.56 0 0.18
60800 10 7 0.032 0.338 0.434 0.808 0.438 27 0 43.1 12 0 0.66
60800 10 7 0.078 0.043 0.2 0.792 0.354 25 0 37.82 10.32 0 0.76
60800 10 7 0.051 0.017 0.327 0.983 0.089 25 0 40.26 10.72 0 0.66
60800 10 7 0.106 0.499 0.04 0.841 0.9 25 0 36.06 9.7 0 0.68
60800 10 7 0.11 0.355 0.106 0.812 0.516 37 14 45.96 98.36 0 0
60800 10 7 0.049 0.181 0.291 0.957 0.235 49 5 57.76 35.64 0 0.34
60800 10 7 0.039 0.318 0.138 0.863 0.197 26 122 37.38 300.06 0 0
60800 10 7 0.093 0.249 0.334 0.962 0.585 26 0 39.22 8.62 0 0.74
60800 10 7 0.05 0.369 0.03 0.805 0.094 25 1069 26.38 1116.68 0 0
60800 10 7 0.1 0.044 0.323 0.8 0.507 26 0 39.36 8.28 0 0.68
60800 10 7 0.012 0.198 0.292 0.894 0.048 29 24 38.58 190.92 0 0
60800 10 7 0.038 0.439 0.161 0.818 0.195 25 158 30.76 379.4 0 0
60800 10 7 0.016 0.491 0.215 0.845 0.233 27 5 46.22 127.64 0 0.24
60800 10 7 0.089 0.044 0.451 0.886 0.415 25 0 32.62 9.88 0 0.78
60800 10 7 0.001 0.493 0.013 0.757 0.726 26 0 40.84 23.94 0 0.56
60800 10 7 0.084 0.324 0.402 0.893 0.342 33 0 44 12.3 0 0.88
60800 10 7 0.084 0.462 0.293 0.825 0.918 25 0 34.44 10.74 0 0.74
60800 10 7 0.056 0.144 0.167 0.898 0.672 25 0 39.22 9.12 0 0.78
60800 10 7 0.024 0.115 0.015 0.921 0.481 25 438 30.4 613.1 0 0
60800 10 7 0.062 0.12 0.147 0.972 0.931 25 0 35.8 6.96 0 0.84
60800 10 7 0.006 0.214 0.333 0.966 0.995 47 0 58.66 7.14 0 0.68
60800 10 7 0.08 0.331 0.084 0.79 0.739 40 0 47.16 11.7 0 0.62
60800 10 7 0.038 0.36 0.364 0.922 0.505 52 0 60.1 5 0 0.76
60800 10 7 0.049 0.013 0.04 0.786 0.883 31 0 46.46 9.82 0 0.72
60800 10 7 0.044 0.274 0.238 0.881 0.731 48 0 57.1 9.9 0 0.64
60800 10 7 0.112 0.404 0.005 0.783 0.218 25 585 36.64 686.5 0 0
60800 10 7 0.068 0.013 0.489 0.828 0.366 25 0 40.96 6.52 0 0.78
60800 10 7 0.062 0.122 0.144 0.803 0.559 68 0 78.18 9.06 0 0.68
60800 10 7 0.09 0.196 0.167 0.96 0.835 25 1 37.2 5.66 0 0.86
60800 10 7 0.098 0.29 0.132 0.844 0.934 25 0 37.08 9.9 0 0.7
60800 10 7 0.09 0.144 0.377 0.807 0.63 25 0 37.96 6.82 0 0.74
60800 10 7 0.017 0.322 0.407 0.968 0.902 25 0 34.7 9.36 0 0.76
60800 10 7 0.046 0.438 0.48 0.858 0.989 25 0 38 9.54 0 0.76
60800 10 7 0.068 0.224 0.399 0.998 0.734 25 0 34.98 10.08 0 0.72
60800 10 7 0.011 0.226 0.319 0.998 0.033 25 2 53.6 126.84 0 0.26
60800 10 7 0.004 0.141 0.489 0.965 0.623 25 0 34.26 10.18 0 0.74
60800 10 7 0.048 0.218 0.249 0.755 0.25 35 3 54.04 32.56 0 0.64
60800 10 7 0.036 0.453 0.112 0.956 0.574 33 1 49.94 35.3 0 0.42
60800 10 7 0.099 0.469 0.196 0.937 0.815 25 0 35.42 6.82 0 0.78
60800 10 7 0.042 0.217 0.443 0.974 0.356 26 1 39.36 12.58 0 0.68
60800 10 7 0.008 0.465 0.382 0.873 0.012 26 127 38.12 413.04 0 0
60800 10 7 0.004 0.038 0.317 0.837 0.068 32 0 45.36 13.4 0 0.74
60800 10 7 0.116 0.311 0.237 0.995 0.313 30 3 40.56 89.88 0 0.16
60800 10 7 0.092 0.056 0.385 0.818 0.568 25 0 34.76 5.86 0 0.88
60800 10 7 0.033 0.032 0.396 0.9 0.388 25 1 37.08 5.18 0 0.84
60800 10 7 0.049 0.015 0.189 0.757 0.104 25 0 33.4 11.14 0 0.86
60800 10 7 0.073 0.455 0.002 0.83 0.995 41 0 50.78 5.82 0 0.82
60800 10 7 0.059 0.166 0.154 0.999 0.686 46 0 58.26 12.3 0 0.68
60800 10 7 0.098 0.08 0.357 0.925 0.883 25 0 35.4 6.16 0 0.84
60800 10 7 0.045 0.201 0.318 0.853 0.019 25 611 26.5 919.5 0 0
60800 10 7 0.01 0.009 0.388 0.796 0.717 38 0 53.38 6.14 0 0.76
60800 10 7 0.098 0.219 0.004 0.957 0.617 30 3 42.02 31.92 0 0.46
60800 10 7 0.098 0.386 0.105 0.933 0.585 49 2 56.24 29.52 0 0.36
60800 10 7 0.027 0.396 0.011 0.849 0.824 39 0 48.26 13.12 0 0.58
60800 10 7 0.059 0.455 0.307 0.832 0.044 25 579 30.72 731.02 0 0
60800 10 7 0.008 0.159 0.005 0.855 0.58 25 763 26.46 869.6 0 0
60800 10 7 0.002 0.333 0.263 0.939 0.35 53 0 61.56 29.4 0 0.24
60800 10 7 0.047 0.403 0.038 0.904 0.83 42 0 53.26 7.62 0 0.68
60800 10 7 0.091 0.316 0.23 0.943 0.245 28 4 52.6 65.8 0 0.48
60800 10 7 0.058 0.331 0.466 0.868 0.733 25 0 36.28 10.46 0 0.76
60800 10 7 0.016 0.031 0.354 0.839 0.379 25 0 39.18 9.9 0 0.78
60800 10 7 0.043 0.388 0.466 0.859 0.347 51 1 59 21.5 0 0.36
60800 10 7 0.102 0.344 0.492 0.825 0.628 25 0 34.46 7.34 0 0.84
60800 10 7 0.102 0.168 0.105 0.99 0.022 25 930 26.16 1021.76 0 0
60800 10 7 0.024 0.479 0.464 0.847 0.565 25 0 36.44 6.42 0 0.8
60800 10 7 0.034 0.19 0.069 0.953 0.47 32 7 41.72 130.9 0 0.02
60800 10 7 0.081 0.002 0.287 0.901 0.448 25 1 34.74 8.9 0 0.8
60800 10 7 0.069 0.442 0.09 0.785 0.268 25 768 26.48 1005.52 0 0
60800 10 7 0.052 0.215 0.092 0.93 0.29 25 6 34.68 362.62 0 0.06
60800 10 7 0.108 0.105 0.031 0.915 0.741 43 1 49.18 6.54 0 0.74
60800 10 7 0.025 0.133 0.166 0.785 0.677 26 1 35.16 7.96 0 0.74
60800 10 7 0.071 0.489 0.42 0.983 0.77 25 1 33.54 8.2 0 0.78
60800 10 7 0.097 0.426 0.359 0.97 0.736 25 0 31.58 9.3 0 0.82
60800 10 7 0.018 0.295 0.146 0.985 0.081 25 626 31.04 744.12 0 0
60800 10 7 0.092 0.452 0.16 0.995 0.967 30 1 43.02 6.2 0 0.82
60800 10 7 0.062 0.264 0.101 0.914 0.247 25 165 29.32 584.94 0 0
60800 10 7 0.058 0.244 0.469 0.9 0.431 26 1 33.98 11.34 0 0.74
60800 10 7 0.008 0.075 0.161 0.778 0.676 26 0 43.98 8.52 0 0.76
60800 10 7 0.041 0.296 0.369 0.98 0.999 25 0 32.16 4.52 0 0.88
60800 10 7 0.084 0.311 0.19 0.852 0.893 57 0 62.26 7.5 0 0.76
60800 10 7 0.05 0.268 0.363 0.844 0.525 25 0 36.58 12.06 0 0.68
60800 10 7 0.043 0.09 0.448 0.88 0.243 28 0 44.38 8.72 0 0.7
60800 10 7 0.028 0.222 0.051 0.946 0.59 26 2 35.84 68.32 0 0.56
60800 10 7 0.059 0.065 0.467 0.952 0.695 33 0 44 9.66 0 0.72
60800 10 7 0.014 0.18 0.035 0.763 0.015 25 1153 26.38 1209.34 0 0
60800 10 7 0.046 0.204 0.406 0.773 0.907 46 0 54.76 8.14 0 0.68
60800 10 7 0.023 0.049 0.146 0.954 0.314 42 0 51 13.62 0 0.58
60800 10 7 0.101 0.281 0.134 0.898 0.141 25 850 26.26 886.34 0 0
60800 10 7 0.018 0.068 0.154 0.782 0.156 29 1 41.26 120.9 0 0.32
60800 10 7 0.114 0.171 0.313 0.985 0.476 25 0 33.98 4.94 0 0.82
60800 10 7 0.05 0.423 0.059 0.999 0.197 25 928 26.22 980.34 0 0
60800 10 7 0.058 0.3 0.101 0.776 0.628 30 0 42.24 31.96 0 0.6
60800 10 7 0.042 0.148 0.403 0.913 0.758 27 0 38.68 8.4 0 0.68
60800 10 7 0.077 0.16 0.242 0.815 0.47 44 0 56 10.78 0 0.6
60800 10 7 0.096 0.381 0.315 0.826 0.348 35 0 54.56 27.98 0 0.54
60800 10 7 0.105 0.108 0.427 0.963 0.268 25 1 32.5 10.98 0 0.7
60800 10 7 0.008 0.059 0.276 0.751 0.816 25 0 34.64 7.84 0 0.74
60800 10 7 0.031 0.465 0.047 0.761 0.892 33 0 49.44 9.9 0 0.66
60800 10 7 0.008 0.297 0.392 0.953 0.221 33 2 44.92 11.12 0 0.54
60800 10 7 0.059 0.31 0.463 0.849 0.39 27 1 40.78 10.04 0 0.6
60800 10 7 0.006 0.488 0.499 0.917 0.975 25 0 34.94 9.8 0 0.7
60800 10 7 0.12 0.017 0.479 0.784 0.104 25 0 39.78 9.96 0 0.74
60800 10 7 0.094 0.258 0.049 0.949 0.858 32 0 46.32 10.88 0 0.62
60800 10 7 0.091 0.2 0.465 0.854 0.589 25 0 35.94 4.88 0 0.84
60800 10 7 0.036 0.289 0.038 0.998 0.195 25 416 26.98 979.46 0 0
60800 10 7 0.016 0.226 0.281 0.846 0.55 55 0 62 9.84 0 0.62
60800 10 7 0.108 0.232 0.208 0.849 0.699 26 0 40.82 8.5 0 0.7
60800 10 7 0.034 0.113 0.025 0.886 0.174 25 404 32.76 587.94 0 0
60800 10 7 0.056 0.346 0.415 0.984 0.411 33 0 45.8 15.36 0 0.56
60800 10 1 0.009 0.382 0.428 0.978 0.909 97 2 113.1 8.68 0.56 0.62
60800 10 1 0.074 0.389 0.445 0.938 0.618 94 3 103.8 13.24 0.06 0.58
60800 10 1 0.055 0.489 0.074 0.907 0.365 25 701 29.3 810.9 0 0
60800 10 1 0.089 0.29 0.044 0.888 0.869 89 1 100.26 14.22 0 0.52
60800 10 1 0.044 0.041 0.092 0.801 0.174 39 3 48.82 37.38 0 0.18
60800 10 1 0.12 0.122 0.052 0.827 0.041 25 783 28.04 955.26 0 0
60800 10 1 0.067 0.469 0.322 0.844 0.521 83 2 92.84 17.56 0 0.38
60800 10 1 0.052 0.452 0.151 0.971 0.585 40 2 58.66 32.56 0 0.5
60800 10 1 0.012 0.192 0.177 0.903 0.276 26 3 47.12 89.28 0 0.16
60800 10 1 0.019 0.178 0.381 0.974 0.557 77 2 101.5 18 0.34 0.52
60800 10 1 0.062 0.394 0.306 0.809 0.887 89 0 105.22 10.5 0.28 0.56
60800 10 1 0.057 0.064 0.45 0.755 0.742 95 0 108.4 9.74 0.3 0.62
60800 10 1 0.037 0.196 0.029 0.89 0.261 25 798 27.54 979.82 0 0
60800 10 1 0.035 0.046 0.484 0.923 0.925 87 1 98.68 12.96 0 0.54
60800 10 1 0.044 0.44 0.404 0.788 0.267 34 6 45.78 78.18 0 0.24
60800 10 1 0.105 0.006 0.317 0.961 0.485 81 0 97.54 9.1 0 0.64
60800 10 1 0.021 0.108 0.369 0.852 0.335 91 0 99.78 11.48 0 0.46
60800 10 1 0.102 0.022 0.386 0.865 0.328 88 1 104.08 7.5 0.26 0.66
60800 10 1 0.111 0.271 0.245 0.993 0.541 83 1 93.74 17.7 0 0.38
60800 10 1 0.11 0.438 0.197 0.771 0.211 25 550 29.7 729.66 0 0
60800 10 1 0.038 0.064 0.185 0.841 0.384 76 1 94.12 8.82 0 0.66
60800 10 1 0.018 0.456 0.314 0.917 0.177 27 2 45.04 142.66 0 0.28
60800 10 1 0.075 0.253 0.36 0.906 0.396 70 1 93.92 16.7 0 0.62
60800 10 1 0.1 0.391 0.482 0.893 0.818 107 0 112.32 11.32 0.36 0.52
60800 10 1 0.043 0.024 0.1 0.776 0.766 106 0 113.84 9.26 0.62 0.64
60800 10 1 0.114 0.179 0.437 0.768 0.881 83 2 106.5 12.88 0.36 0.64
60800 10 1 0.068 0.095 0.473 0.876 0.478 101 1 105.74 9.12 0.04 0.56
60800 10 1 0.064 0.309 0.272 0.841 0.959 84 1 96 12.48 0 0.58
60800 10 1 0.048 0.382 0.383 0.757 0.219 28 4 50.14 40.64 0 0.46
60800 10 1 0.014 0.386 0.005 0.763 0.288 25 936 26.82 1039.44 0 0
60800 10 1 0.085 0.35 0.314 0.807 0.742 87 0 104.04 5.74 0.36 0.74
60800 10 1 0.052 0.275 0.161 0.876 0.919 69 2 88.74 14.72 0 0.68
60800 10 1 0.096 0.295 0.457 0.856 0.915 99 1 112.82 10.42 0.58 0.58
60800 10 1 0.099 0.245 0.129 0.777 0.971 90 0 106.06 10.62 0.46 0.46
60800 10 1 0.076 0.084 0.377 0.867 0.082 53 14 65.48 55.2 0 0
60800 10 1 0.02 0.313 0.493 0.97 0.175 54 3 64.04 46.52 0 0.24
60800 10 7 0.113 0.293 0.329 0.828 0.918 25 0 36.8 7.6 0 0.76
60800 10 7 0.017 0.451 0.001 0.964 0.515 25 680 28.22 816.24 0 0
60800 10 7 0.014 0.072 0.065 0.943 0.429 39 0 55.14 43.98 0 0.36
60800 10 7 0.108 0.173 0.234 0.881 0.386 41 0 49.16 15 0 0.52
60800 10 7 0.019 0.139 0.269 0.9 0.777 25 0 40.5 9.64 0 0.68
60800 10 7 0.116 0.05 0.359 0.775 0.944 26 0 38.46 8.8 0 0.76
60800 10 7 0.022 0.18 0.06 0.942 0.996 25 0 42.66 9.12 0 0.74
60800 10 7 0.068 0.403 0.059 0.77 0.345 25 442 26.8 964.32 0 0
60800 10 7 0.029 0.473 0.477 0.859 0.29 34 1 50.12 25.32 0 0.52
60800 10 7 0.115 0.46 0.363 0.92 0.217 28 13 45.46 105.88 0 0
60800 10 7 0.079 0.341 0.059 0.815 0.402 25 326 29.8 642.7 0 0
60800 10 7 0.068 0.044 0.496 0.768 0.603 25 0 33.6 4.24 0 0.88
60800 10 7 0.053 0.027 0.109 0.89 0.709 25 0 37.74 9.86 0 0.66
60800 10 7 0.082 0.045 0.419 0.891 0.716 26 0 38.3 6.86 0 0.72
60800 10 7 0.045 0.052 0.484 0.874 0.466 25 0 34.34 5.08 0 0.76
60800 10 7 0.066 0.447 0.345 0.889 0.128 29 9 41.08 150.96 0 0.08
60800 10 7 0.039 0.4 0.199 0.921 0.746 25 0 38.26 12.06 0 0.62
60800 10 7 0.085 0.322 0.318 0.816 0.695 25 0 37.1 7.62 0 0.74
60800 10 7 0.087 0.351 0.236 0.845 0.478 32 2 44.74 28.16 0 0.38
60800 10 7 0.072 0.251 0.46 0.807 0.053 34 3 60.5 65.2 0 0.54
60800 10 7 0.029 0.305 0.325 0.778 0.708 25 1 34.82 12.26 0 0.74
60800 10 7 0.019 0.488 0.252 0.857 0.33 28 4 43.62 47.4 0 0.4
60800 10 7 0.017 0.498 0.342 0.929 0.21 30 2 46.24 40.42 0 0.7
60800 10 7 0.008 0.038 0.093 0.889 0.019 25 689 27.72 923.42 0 0
60800 10 7 0.069 0.474 0.357 0.95 0.908 25 0 33.48 9.42 0 0.7
60800 10 7 0.021 0.122 0.157 0.817 0.526 28 1 41.74 19.86 0 0.66
60800 10 7 0.066 0.225 0.002 0.887 0.981 25 0 36.42 6.66 0 0.76
60800 10 7 0.106 0.197 0.276 0.899 0.108 28 9 35.58 233.1 0 0.06
60800 10 7 0.108 0.412 0.489 0.797 0.881 25 1 34.2 10.64 0 0.7
60800 10 7 0.092 0.281 0.391 0.979 0.693 26 0 43.14 10.48 0 0.7
60800 10 7 0.072 0.051 0.151 0.988 0.98 26 0 40.38 3.98 0 0.84
60800 10 7 0.002 0.04 0.072 0.824 0.651 25 1 33.36 13.06 0 0.72
60800 10 7 0.088 0.474 0.452 0.94 0.183 33 27 43.56 107.84 0 0
60800 10 7 0.039 0.391 0.414 0.899 0.991 25 0 37.96 8.46 0 0.7
60800 10 7 0.08 0.05 0.246 0.886 0.467 25 0 36.02 8.64 0 0.78
60800 10 7 0.116 0.286 0.008 0.848 0.549 26 80 34.34 140.28 0 0
60800 10 7 0.037 0.382 0.28 0.831 0.843 25 0 35.24 11.44 0 0.74
60800 10 7 0.059 0.12 0.289 0.851 0.897 25 0 34.92 7.94 0 0.86
60800 10 7 0.081 0.131 0.065 0.98 0.789 25 0 33.72 7.58 0 0.72
60800 10 7 0.037 0.335 0.014 0.885 0.581 26 169 31.76 389.7 0 0
60800 10 7 0.077 0.393 0.038 0.908 0.67 36 1 43.8 28.36 0 0.38
60800 10 7 0.042 0.415 0.251 0.913 0.554 39 0 46.5 11.6 0 0.68
60800 10 7 0.039 0.44 0.157 0.752 0.146 25 274 37.64 460.32 0 0
60800 10 7 0.041 0.097 0.289 0.845 0.574 25 0 37.52 6.38 0 0.76
60800 10 7 0.04 0.059 0.386 0.762 0.982 25 0 35.34 8.1 0 0.78
60800 10 7 0.027 0.111 0.254 0.803 0.186 31 4 39.3 40.34 0 0.64
60800 10 7 0.034 0.091 0.439 0.789 0.83 25 0 37.06 9.48 0 0.72
60800 10 7 0.007 0.223 0.206 0.878 0.756 26 0 39.56 10.8 0 0.68
60800 10 7 0.071 0.29 0.353 0.82 0.981 25 0 37.46 6 0 0.8
60800 10 7 0.006 0.146 0.171 0.934 0.752 52 0 55.44 7.84 0 0.72
60800 10 7 0.098 0.301 0.005 0.993 0.818 29 0 40.04 12.96 0 0.7
60800 10 7 0.087 0.386 0.351 0.873 0.02 25 258 30.12 500.24 0 0
60800 10 7 0.093 0.2 0.272 0.923 0.173 31 7 50.7 67.66 0 0.36
60800 10 7 0.091 0.041 0.218 0.854 0.94 25 0 33.76 6.24 0 0.84
60800 10 7 0.008 0.328 0.42 0.75 0.174 34 4 50.04 10.08 0 0.7
60800 10 7 0.089 0.005 0.093 0.952 0.762 25 0 41.9 10.18 0 0.74
60800 10 7 0.075 0.449 0.483 0.921 0.586 25 0 33.26 11.92 0 0.74
60800 10 7 0.083 0.418 0.194 0.78 0.506 29 1 38.46 36.34 0 0.62
60800 10 7 0.102 0.268 0.092 0.783 0.309 25 423 31.32 638.6 0 0
60800 10 7 0.038 0.109 0.452 0.831 0.432 25 0 35.28 11.24 0 0.74
60800 10 7 0.097 0.026 0.316 0.782 0.591 25 0 37.04 9.78 0 0.7
60800 10 7 0.06 0.394 0.131 0.804 0.835 25 1 35.42 5.82 0 0.86
60800 10 7 0.006 0.08 0.065 0.871 0.815 25 0 35.6 8.38 0 0.82
60800 10 7 0.059 0.149 0.124 0.788 0.003 25 1067 26.2 1116.06 0 0
60800 10 7 0.054 0.139 0.02 0.975 0.18 25 507 27.38 972.34 0 0
60800 10 7 0.107 0.432 0.463 0.809 0.428 47 0 55.56 11.26 0 0.66
60800 10 7 0.041 0.04 0.253 0.876 0.725 25 1 35.98 9.9 0 0.78
60800 10 7 0.104 0.188 0.205 0.822 0.954 25 0 34.56 8.34 0 0.72
60800 10 7 0.068 0.012 0.152 0.907 0.846 25 0 36.08 9.64 0 0.74
60800 10 7 0.035 0.145 0.059 0.839 0.697 25 1 32.64 21.76 0 0.74
60800 10 7 0.058 0.462 0.173 0.792 0.235 26 129 35.06 319.48 0 0
60800 10 7 0.055 0.077 0.488 0.888 0.206 25 0 34.38 6.52 0 0.84
60800 10 7 0.097 0.346 0.184 0.936 0.5 58 0 67.32 22.58 0 0.48
60800 10 7 0.042 0.28 0.267 0.809 0.608 33 0 42.26 7.56 0 0.8
60800 10 7 0.024 0.393 0.194 0.95 0.281 31 4 46.26 76.78 0 0.38
60800 10 7 0.053 0.431 0.499 0.897 0.658 25 0 37 8.5 0 0.78
60800 10 7 0.087 0.121 0.303 0.965 0.341 25 0 44.94 11.4 0 0.72
60800 10 7 0.048 0.367 0.044 0.834 0.917 25 0 33.34 3.58 0 0.9
60800 10 7 0.083 0.211 0.31 0.92 0.564 35 0 48.4 9.06 0 0.74
60800 10 7 0.018 0.395 0.476 0.985 0.136 27 1 43.2 44.64 0 0.7
60800 10 7 0.117 0.379 0.433 0.9 0.54 25 0 33.34 9.7 0 0.8
60800 10 7 0.115 0.092 0.23 0.923 0.408 25 1 36.54 10.94 0 0.7
60800 10 7 0.091 0.162 0.293 0.921 0.621 25 0 39.92 7.96 0 0.74
60800 10 7 0.033 0.217 0.435 0.764 0.321 35 1 49.22 10.6 0 0.64
60800 10 7 0.072 0.055 0.212 0.845 0.874 25 0 36.3 9.7 0 0.74
60800 10 7 0.008 0.087 0.493 0.786 0.449 37 0 47.26 7.4 0 0.76
60800 10 7 0.008 0.465 0.08 0.929 0.222 26 184 34.6 378.68 0 0
60800 10 7 0.104 0.141 0.123 0.924 0.795 25 0 35.02 11.14 0 0.76
60800 10 7 0.098 0.057 0.222 0.837 0.474 46 0 55.82 7.24 0 0.7
60800 10 7 0.089 0.214 0.074 0.815 0.821 48 1 59.2 10.24 0 0.64
60800 10 7 0.067 0.169 0.41 0.825 0.804 25 0 35.36 11.16 0 0.8
60800 10 7 0.105 0.111 0.08 0.751 0.551 65 1 70.76 11.18 0 0.58
60800 10 7 0.074 0.246 0.348 0.796 0.255 33 0 54.56 61.5 0 0.24
60800 10 7 0.037 0.299 0.339 0.874 0.988 25 0 39.72 5.8 0 0.8
60800 10 7 0.096 0.095 0.173 0.881 0.885 26 1 36.02 7.4 0 0.82
60800 10 7 0.019 0.444 0.358 0.938 0.571 35 0 58 11.48 0 0.7
60800 10 7 0.101 0.297 0.083 0.819 0.734 53 0 61.96 13.9 0 0.5
60800 10 7 0.026 0.206 0.245 0.8 0.363 41 2 55.3 29.9 0 0.38
60800 10 7 0.016 0.089 0.194 0.783 0.251 28 0 38.72 42.34 0 0.54
60800 10 7 0.098 0.155 0.29 0.774 0.951 25 0 39.08 10.08 0 0.66
60800 10 7 0.082 0.027 0.46 0.889 0.24 26 0 39.08 5.52 0 0.8
60800 10 7 0.02 0.471 0.371 0.813 0.944 25 0 33.66 11.48 0 0.82
60800 10 7 0.018 0.17 0.155 0.855 0.846 25 0 36.6 8.84 0 0.68
60800 10 7 0.025 0.365 0.43 0.925 0.154 26 0 53.3 58.76 0 0.58
60800 10 7 0.007 0.236 0.218 0.86 0.329 39 1 54.82 20.14 0 0.52
60800 10 7 0.029 0.426 0.161 0.864 0.53 27 0 39.72 35.88 0 0.42
60800 10 7 0.075 0.482 0.054 0.938 0.057 25 824 26.32 1070.62 0 0
60800 10 7 0.052 0.287 0.203 0.975 0.946 25 0 32.8 7.82 0 0.76
60800 10 7 0.006 0.461 0.411 0.871 0.921 25 0 39.26 8.58 0 0.74
60800 10 7 0.021 0.036 0.232 0.865 0.889 25 0 34.9 6.18 0 0.84
60800 10 7 0.022 0.104 0.487 0.914 0.522 25 1 36.92 6.5 0 0.8
60800 10 7 0.033 0.472 0.463 0.897 0.031 29 169 40.52 251.78 0 0
60800 10 7 0.093 0.299 0.002 0.778 0.747 48 1 57.92 14 0 0.44
60800 10 7 0.028 0.027 0.279 0.896 0.742 26 0 43.3 10.42 0 0.7
60800 10 7 0.011 0.14 0.235 0.843 0.914 25 1 38.44 11.36 0 0.74
60800 10 7 0.064 0.233 0.087 0.981 0.746 35 0 51.9 10.88 0 0.58
60800 10 7 0.004 0.253 0.337 0.95 0.032 25 32 31.08 240.7 0 0
60800 10 7 0.085 0.329 0.194 0.957 0.704 25 0 37.18 7.88 0 0.76
60800 10 7 0.019 0.144 0.338 0.964 0.925 25 0 33.48 7.88 0 0.76
60800 10 7 0.114 0.399 0.49 0.991 0.154 29 1 48.72 41.94 0 0.42
60800 10 7 0.07 0.428 0.18 0.852 0.432 28 3 39.52 128.86 0 0.24
60800 10 7 0.045 0.248 0.085 0.768 0.013 25 1043 26.38 1113.76 0 0
60800 10 7 0.04 0.334 0.036 0.889 0.753 54 0 66.04 12.24 0 0.58
60800 10 7 0.115 0.351 0.409 0.877 0.268 37 1 59.98 24.5 0 0.64
60800 10 7 0.032 0.11 0.394 0.95 0.157 37 2 46.6 7.98 0 0.74
60800 10 7 0.116 0.145 0.053 0.913 0.537 37 1 59.8 34.2 0 0.22
60800 10 7 0.108 0.069 0.2 0.92 0.125 30 3 41.8 38.16 0 0.42
60800 10 7 0.094 0.385 0.452 0.887 0.781 25 0 39.5 9.74 0 0.72
60800 10 7 0.09 0.347 0.01 0.96 0.458 25 443 32.14 600.4 0 0
60800 10 7 0.024 0.121 0.192 0.762 0.353 32 3 42.3 23.58 0 0.66
60800 10 7 0.033 0.045 0.225 0.766 0.018 25 32 43.26 226.42 0 0
60800 10 7 0.112 0.268 0.074 0.973 0.437 27 55 37.32 183.12 0 0
60800 10 7 0.082 0.484 0.268 0.756 0.407 39 8 51.72 45.66 0 0.04
60800 10 7 0.105 0.268 0.31 0.968 0.047 25 40 39.62 525 0 0
60800 10 7 0.101 0.245 0.431 0.864 0.617 33 0 41.22 7.32 0 0.66
60800 10 7 0.05 0.49 0.138 0.993 0.443 26 5 36.24 117 0 0.28
60800 10 7 0.069 0.385 0.079 0.773 0.964 25 0 41.52 8.52 0 0.72
60800 10 7 0.105 0.462 0.087 0.753 0.096 25 225 32.08 751.36 0 0
60800 10 7 0.092 0.35 0.496 0.901 0.627 25 0 34.56 9.5 0 0.78
60800 10 7 0.106 0.14 0.044 0.9 0.037 25 835 26.12 1118.68 0 0
60800 10 7 0.041 0.1 0.483 0.946 0.142 37 1 46.44 9.28 0 0.6
60800 10 7 0.047 0.497 0.113 0.975 0.801 25 0 38.32 9.98 0 0.7
60800 10 7 0.031 0.123 0.399 0.792 0.732 25 0 34.62 9.16 0 0.74
60800 10 7 0.117 0.223 0.052 0.818 0.935 25 0 41.54 9.42 0 0.72
60800 10 7 0.111 0.273 0.034 0.837 0.497 28 238 35.36 304.66 0 0
60800 10 7 0.068 0.185 0.254 0.925 0.911 25 0 35.86 9.2 0 0.72
60800 10 7 0.113 0.4 0.473 0.848 0.833 25 0 32.46 10.16 0 0.76
60800 10 7 0.117 0.008 0.212 0.979 0.38 26 0 41.62 8.98 0 0.78
60800 10 7 0.111 0.131 0.015 0.908 0.464 32 89 41.1 136.32 0 0
60800 10 7 0.037 0.024 0.337 0.954 0.521 34 0 45.16 5.72 0 0.72
60800 10 7 0.007 0.243 0.312 0.96 0.792 25 0 36.84 5.98 0 0.84
60800 10 7 0.112 0.469 0.282 0.881 0.244 26 12 43.48 129.04 0 0
60800 10 7 0.106 0.377 0.255 0.946 0.473 28 0 41.82 24.02 0 0.58
60800 10 7 0.011 0.087 0.172 0.973 0.156 31 2 45.2 46.88 0 0.46
60800 10 7 0.033 0.129 0.326 0.946 0.004 25 751 26 1015.08 0 0
60800 10 7 0.03 0.469 0.068 0.956 0.242 25 618 29.62 812.88 0 0
60800 10 7 0.102 0.182 0.22 0.802 0.093 25 267 29.82 603.74 0 0
60800 10 7 0.055 0.138 0.242 0.851 0.712 26 0 35.08 10.2 0 0.76
60800 10 7 0.036 0.075 0.463 0.997 0.161 63 0 70.56 6.98 0 0.68
60800 10 7 0.028 0.481 0.403 0.805 0.656 52 0 63.14 7.36 0 0.62
60800 10 7 0.015 0.081 0.027 0.83 0.072 25 895 26.3 1247.12 0 0
60800 10 7 0.04 0.334 0.392 0.752 0.203 25 0 40 78.96 0 0.4
60800 10 7 0.107 0.346 0.287 0.901 0.791 25 0 37.26 9.06 0 0.7
60800 10 7 0.037 0.172 0.129 0.838 0.855 25 0 38.32 8.06 0 0.72
60800 10 7 0.005 0.308 0.095 0.907 0.708 25 0 40.96 20.46 0 0.58
60800 10 7 0.071 0.034 0.349 0.971 0.901 27 0 47.14 5.86 0 0.74
60800 10 7 0.015 0.243 0.47 0.902 0.752 25 0 35.72 11.6 0 0.72
60800 10 7 0.107 0.318 0.379 0.894 0.513 25 0 35.22 11.92 0 0.74
60800 10 7 0.018 0.13 0.099 0.804 0.982 25 0 36.8 10.16 0 0.74
60800 10 7 0.05 0.183 0.337 0.895 0.109 31 11 44 140.08 0 0
60800 10 7 0.036 0.134 0.381 0.885 0.819 30 0 41.14 6.9 0 0.66
60800 10 7 0.08 0.193 0.402 0.766 0.403 25 0 36.78 5.92 0 0.72
60800 10 7 0.058 0.331 0.354 0.949 0.826 25 1 34.78 7.5 0 0.82
60800 10 7 0.011 0.189 0.106 0.897 0.664 52 0 64.12 19.44 0 0.52
60800 10 7 0.051 0.337 0.217 0.898 0.248 30 48 41.2 172.44 0 0
60800 10 7 0.073 0.032 0.331 0.869 0.116 25 0 36.08 10.08 0 0.72
60800 10 7 0.074 0.296 0.379 0.755 0.981 25 0 37.2 9.76 0 0.76
60800 10 7 0.116 0.345 0.409 0.774 0.557 25 0 36.16 11.16 0 0.76
60800 10 7 0.036 0.031 0.291 0.787 0.609 25 0 35.74 6.2 0 0.84
60800 10 7 0.105 0.43 0.17 0.854 0.969 26 0 43.4 9.54 0 0.72
60800 10 7 0.039 0.369 0.016 0.774 0.213 25 1181 26.32 1225.2 0 0
60800 10 7 0.053 0.423 0.188 0.983 0.853 25 0 34.52 7.72 0 0.76
60800 10 7 0.082 0.187 0.114 0.768 0.243 25 221 37.22 345.66 0 0
60800 10 7 0.119 0.296 0.173 0.92 0.726 25 0 40.36 10.52 0 0.76
60800 10 7 0.108 0.014 0.419 0.868 0.938 25 1 37.5 6.62 0 0.8
60800 10 7 0.025 0.438 0.391 0.866 0.584 26 0 39.06 8.48 0 0.74
60800 10 7 0.091 0.021 0.275 0.834 0.739 26 0 35.94 7.08 0 0.74
60800 10 7 0.096 0.359 0.476 0.998 0.185 47 3 52.5 47.78 0 0.24
60800 10 7 0.018 0.352 0.312 0.805 0.627 25 0 35.94 5.72 0 0.82
60800 10 7 0.078 0.241 0.011 0.893 0.698 60 1 72.4 15.38 0 0.38
60800 10 7 0.081 0.295 0.419 0.875 0.504 25 0 38.74 11.08 0 0.76
60800 10 7 0.077 0.02 0.06 0.969 0.538 25 0 37.82 8.64 0 0.78
60800 10 7 0.041 0.45 0.285 0.891 0.29 35 3 49.42 63.54 0 0.34
60800 10 7 0.101 0.205 0.131 0.873 0.773 25 0 35.28 11.28 0 0.8
60800 10 7 0.078 0.142 0.142 0.939 0.636 25 0 36.06 14.78 0 0.66
60800 10 7 0.012 0.37 0.336 0.832 0.793 25 0 41.58 9.3 0 0.76
60800 10 7 0.039 0.464 0.239 0.988 0.544 25 1 40.34 33.64 0 0.58
60800 10 7 0.049 0.019 0.011 0.81 0.376 45 0 55.7 8.28 0 0.68
60800 10 7 0.07 0.443 0.135 0.85 0.197 25 958 26.5 1086.22 0 0
60800 10 7 0.032 0.287 0.431 0.947 0.823 25 0 34.2 5.72 0 0.84
60800 10 7 0.111 0.426 0.416 0.912 0.366 47 0 59.9 9.78 0 0.62
60800 10 7 0.068 0.035 0.345 0.956 0.573 25 0 36.78 6.5 0 0.86
60800 10 7 0.074 0.296 0.039 0.836 0.083 25 904 26.2 1052.64 0 0
60800 10 7 0.007 0.379 0.045 0.821 0.14 25 618 27.62 998.4 0 0
60800 10 7 0.096 0.107 0.272 0.819 0.882 25 0 43.9 9.42 0 0.7
60800 10 7 0.113 0.114 0.227 0.882 0.494 25 0 35.28 9.12 0 0.72
60800 10 7 0.072 0.24 0.406 0.936 0.305 36 0 46.5 14.38 0 0.64
60800 10 7 0.077 0.07 0.118 0.974 0.258 44 1 54.36 13.42 0 0.7
60800 10 7 0.061 0.402 0.308 0.784 0.422 37 1 45.8 32.72 0 0.38
60800 10 7 0.073 0.432 0.236 0.786 0.415 41 1 52.14 44.94 0 0.36
60800 10 7 0.072 0.254 0.29 0.905 0.848 25 0 35.5 8.68 0 0.68
60800 10 7 0.073 0.068 0.374 0.977 0.823 25 0 34.78 12.72 0 0.78
60800 10 7 0.019 0.13 0.2 0.921 0.172 26 2 42.3 47.96 0 0.5
60800 10 7 0.068 0.163 0.144 0.907 0.916 26 1 34.72 7.84 0 0.78
60800 10 7 0.059 0.44 0.064 0.891 0.303 26 643 29.1 734.04 0 0
60800 10 7 0.051 0.465 0.038 0.785 0.756 31 0 42.48 13.3 0 0.68
60800 10 7 0.111 0.354 0.222 0.941 0.352 27 8 46.08 96.24 0 0.08
60800 10 7 0.007 0.142 0.381 0.782 0.981 25 0 33.66 12.04 0 0.76
60800 10 7 0.035 0.248 0.427 0.858 0.426 25 0 40.88 11.48 0 0.68
60800 10 7 0.033 0.492 0.248 0.909 0.503 34 0 44.08 18.5 0 0.6
60800 10 7 0.092 0.112 0.486 0.854 0.202 25 0 36.34 6.2 0 0.88
60800 10 7 0.047 0.077 0.469 0.883 0.669 25 0 36.06 9.02 0 0.78
60800 10 7 0.112 0.443 0.382 0.814 0.632 25 0 37.38 9.56 0 0.7
60800 10 7 0.08 0.253 0.492 0.75 0.008 25 118 33.48 625.68 0 0
60800 10 7 0.002 0.316 0.14 0.891 0.081 25 80 41.94 253.72 0 0
60800 10 7 0.084 0.109 0.325 0.931 0.101 41 2 61.26 55.72 0 0.28
60800 10 7 0.046 0.327 0.259 0.835 0.56 45 0 54.48 9.38 0 0.68
60800 10 7 0.058 0.217 0.196 0.875 0.729 25 0 34.16 12.28 0 0.78
60800 10 7 0.019 0.289 0.261 0.814 0.403 29 1 40.28 10.48 0 0.66
60800 10 7 0.109 0.1 0.03 0.835 0.974 38 0 50.14 7.86 0 0.74
60800 10 7 0.055 0.432 0.291 0.839 0.636 25 0 39.12 11.84 0 0.7
60800 10 7 0.016 0.042 0.378 0.921 0.205 25 0 42.3 11.22 0 0.74
60800 10 7 0.099 0.016 0.321 0.813 0.165 25 0 38.52 9.46 0 0.72
60800 10 7 0.067 0.389 0.164 0.752 0.75 29 0 40.98 7.88 0 0.68
60800 10 7 0.081 0.243 0.151 0.862 0.418 25 4 34.6 127.5 0 0.38
60800 10 7 0.014 0.108 0.419 0.97 0.55 47 0 53.98 9.66 0 0.66
60800 10 7 0.064 0.302 0.371 0.763 0.932 26 0 36.5 7.9 0 0.7
60800 10 7 0.047 0.186 0.344 0.853 0.206 30 0 49.44 54.38 0 0.24
60800 10 7 0.022 0.497 0.188 0.967 0.74 25 0 37.74 10.8 0 0.78
60800 10 7 0.099 0.407 0.082 0.978 0.655 52 0 61.42 20.36 0 0.6
60800 10 7 0.047 0.434 0.338 0.795 0.103 25 9 37.18 195.3 0 0.12
60800 10 7 0.041 0.067 0.345 0.81 0.911 25 0 33.24 6.48 0 0.82
60800 10 7 0.039 0.241 0.039 0.986 0.014 25 809 28.08 913.04 0 0
60800 10 7 0.107 0.2 0.309 0.874 0.974 25 0 38.16 6.14 0 0.8
60800 10 7 0.119 0.119 0.32 0.929 0.149 37 0 52.6 23.86 0 0.34
60800 10 7 0.05 0.225 0.443 0.756 0.643 25 0 34.74 6.2 0 0.86
60800 10 7 0.037 0.097 0.19 0.877 0.524 26 0 37.6 11.38 0 0.74
60800 10 7 0.073 0.058 0.423 0.869 0.863 42 0 51.16 5.42 0 0.74
60800 10 7 0.015 0.169 0.268 0.789 0.195 37 1 51.88 43.48 0 0.56
60800 10 7 0.074 0.026 0.075 0.854 0.013 25 147 32.4 519.48 0 0
60800 10 7 0.062 0.228 0.257 0.805 0.684 26 0 37.32 8.46 0 0.76
60800 10 7 0.004 0.276 0.118 0.884 0.825 38 0 51.92 9.86 0 0.6
60800 10 7 0.046 0.187 0.375 0.901 0.795 25 0 34.4 9.88 0 0.72
60800 10 7 0.074 0.205 0.48 0.872 0.989 25 0 39.66 9.28 0 0.74
60800 10 7 0.035 0.191 0.136 0.861 0.797 25 0 46.76 10.1 0 0.68
60800 10 7 0.088 0.167 0.15 0.863 0.244 25 1 42.2 155.52 0 0.34
60800 10 7 0.05 0.33 0.035 0.969 0.718 40 0 51.76 21.08 0 0.3
60800 10 7 0.12 0.17 0.141 0.773 0.216 25 169 36.44 366.1 0 0
60800 10 7 0.081 0.01 0.181 0.889 0.63 26 0 36.44 6.22 0 0.78
60800 10 7 0.067 0.154 0.034 0.996 0.362 25 138 36 352.82 0 0
60800 10 7 0.055 0.087 0.171 0.98 0.226 31 0 58.28 29.92 0 0.52
60800 10 7 0.005 0.015 0.253 0.781 0.858 25 0 36.5 10.32 0 0.74
60800 10 7 0.066 0.303 0.118 0.934 0.4 28 6 46.82 141.82 0 0.28
60800 10 7 0.02 0.336 0.264 0.975 0.455 34 0 50.9 18.54 0 0.58
60800 10 7 0.016 0.202 0.224 0.923 0.024 29 307 33.36 496.64 0 0
60800 10 7 0.042 0.329 0.452 0.772 0.934 26 0 38.52 4.98 0 0.76
60800 10 7 0.111 0.455 0.109 0.785 0.313 25 441 29.24 750.16 0 0
60800 10 7 0.105 0.05 0.153 0.841 0.489 25 0 32.64 12.88 0 0.74
60800 10 7 0.021 0.118 0.374 0.932 0.717 26 0 38.96 6.92 0 0.74
60800 10 7 0.022 0.419 0.288 0.932 0.829 25 0 33.78 11.24 0 0.76
60800 10 7 0.061 0.271 0.164 0.883 0.504 37 2 55.9 27 0 0.3
60800 10 7 0.075 0.461 0.232 0.801 0.381 28 3 39.3 77 0 0.32
60800 10 7 0.033 0.399 0.031 0.917 0.96 25 1 37.88 10.18 0 0.72
60800 10 7 0.074 0.195 0.164 0.903 0.876 49 1 55.96 10.32 0 0.72
60800 10 7 0.018 0.423 0.214 0.819 0.619 28 0 39.58 18.6 0 0.66
60800 10 7 0.113 0.243 0.226 0.991 0.284 30 3 42 107.42 0 0.38
60800 10 7 0.028 0.196 0.279 0.916 0.056 26 13 37.48 186.68 0 0
60800 10 7 0.083 0.292 0.266 0.915 0.056 25 938 26.54 965.1 0 0
60800 10 7 0.046 0.389 0.131 0.918 0.158 25 232 34.76 646.82 0 0
60800 10 7 0.102 0.187 0.239 0.864 0.498 25 0 39.6 12.86 0 0.62
60800 10 7 0.093 0.246 0.268 0.928 0.654 40 0 47.26 9.76 0 0.62
60800 10 7 0.032 0.291 0.133 0.891 0.474 26 3 45.36 63.48 0 0.46
60800 10 7 0.024 0.423 0.1 0.782 0.207 25 400 31.56 556.16 0 0
60800 10 7 0.116 0.365 0.071 0.924 0.699 64 0 80.54 18.46 0 0.36
60800 10 7 0.007 0.322 0.201 0.942 0.079 25 270 31.66 395.68 0 0
60800 10 7 0.017 0.058 0.163 0.799 0.487 28 0 45.04 7.78 0 0.7
60800 10 7 0.108 0.403 0.49 0.869 0.768 25 0 35.34 5.28 0 0.84
60800 10 7 0.026 0.411 0.334 0.812 0.902 25 0 41.06 8.62 0 0.74
60800 10 7 0.097 0.221 0.302 0.851 0.964 25 0 33.94 7.7 0 0.86
60800 10 7 0.019 0.224 0.145 0.816 0.968 25 0 33.58 5.16 0 0.86
60800 10 7 0.048 0.457 0.36 0.929 0.883 25 0 41.08 9.96 0 0.72
60800 10 7 0.094 0.195 0.062 0.966 0.584 40 0 44.96 28.96 0 0.32
60800 10 7 0.011 0.352 0.054 0.784 0.674 25 2 38.04 34.1 0 0.6
60800 10 7 0.033 0.099 0.106 0.88 0.976 25 0 34.4 11.26 0 0.76
60800 10 7 0.062 0.095 0.05 0.994 0.44 31 8 55.26 110.42 0 0.02
60800 10 7 0.043 0.193 0.298 0.87 0.972 25 1 37.78 11.34 0 0.72
60800 10 7 0.103 0.246 0.363 0.884 0.709 25 0 39.26 5.06 0 0.84
60800 10 7 0.022 0.141 0.214 0.928 0.403 29 0 41.04 24.76 0 0.6
60800 10 7 0.083 0.265 0.175 0.914 0.685 41 0 59.94 11.88 0 0.58
60800 10 7 0.021 0.325 0.344 0.866 0.249 34 1 44.88 43.5 0 0.24
60800 10 7 0.082 0.249 0.25 0.857 0.274 36 0 62.4 39.4 0 0.24
60800 10 7 0.016 0.406 0.267 0.911 0.214 25 1 43.62 112.76 0 0.44
60800 10 7 0.01 0.166 0.041 0.945 0.061 25 1046 26.24 1110.12 0 0
60800 10 7 0.038 0.256 0.28 0.871 0.801 25 0 36.24 12.38 0 0.76
60800 10 7 0.04 0.189 0.43 0.914 0.211 26 1 44.26 16.36 0 0.6
60800 10 7 0.035 0.391 0.106 0.852 0.808 25 0 36.82 13.36 0 0.7
60800 10 7 0.066 0.036 0.316 0.954 0.523 25 0 33.62 5.74 0 0.88
60800 10 7 0.096 0.077 0.043 0.996 0.059 25 927 26.16 1000.62 0 0
60800 10 7 0.036 0.169 0.253 0.785 0.28 36 1 50.7 40.1 0 0.32
60800 10 7 0.016 0.146 0.329 0.922 0.212 44 1 55.74 32.26 0 0.38
60800 10 7 0.047 0.492 0.027 0.827 0.678 45 1 63.94 33.78 0 0.22
60800 10 7 0.08 0.455 0.096 0.863 0.392 25 263 28.6 571.2 0 0
60800 10 7 0.02 0.28 0.125 0.822 0.447 27 3 36.9 23.94 0 0.64
60800 10 7 0.015 0.201 0.214 0.974 0.301 27 1 38.02 80.46 0 0.48
60800 10 7 0.011 0.374 0.496 0.826 0.183 31 1 43.64 47.8 0 0.52
60800 10 7 0.054 0.476 0.05 0.828 0.854 25 0 36.44 13.88 0 0.72
60800 10 7 0.054 0.391 0.41 0.989 0.919 25 0 37.24 9.36 0 0.74
60800 10 7 0.115 0.066 0.163 0.828 0.378 25 0 40.9 11.04 0 0.7
60800 10 7 0.002 0.234 0.312 0.832 0.072 25 6 45.7 136.7 0 0.4
60800 10 7 0.04 0.091 0.083 0.849 0.199 29 86 40.14 195.34 0 0
60800 10 7 0.078 0.3 0.443 0.867 0.088 26 2 52.1 95.48 0 0.58
60800 10 7 0.096 0.371 0.15 0.751 0.1 25 945 26.12 1039.14 0 0
60800 10 7 0.087 0.183 0.334 0.947 0.906 46 0 51.68 8.42 0 0.7
60800 10 7 0.056 0.496 0.176 0.762 0.7 27 0 39.66 15.36 0 0.66
60800 10 7 0.043 0.274 0.206 0.802 0.825 25 0 33.18 9.5 0 0.72
60800 10 7 0.114 0.48 0.182 0.966 0.619 35 0 41.02 15.32 0 0.62
60800 10 7 0.051 0.487 0.261 0.804 0.812 25 0 36.04 8.26 0 0.82
60800 10 7 0.063 0.078 0.424 0.859 0.988 25 0 35.32 7.3 0 0.88
60800 10 7 0.027 0.111 0.102 0.934 0.207 27 60 35.12 185.26 0 0
60800 10 7 0.109 0.433 0.058 0.772 0.443 25 464 31.96 559.36 0 0
60800 10 7 0.096 0.08 0.372 0.923 0.978 25 0 35.42 9.74 0 0.72
60800 10 7 0.037 0.16 0.248 0.993 0.185 35 4 52.36 64.6 0 0.28
60800 10 7 0.083 0.234 0.416 0.947 0.068 25 44 38.74 264.04 0 0
60800 10 7 0.104 0.14 0.345 0.755 0.75 25 0 36.18 10.34 0 0.72
60800 10 7 0.002 0.419 0.456 0.835 0.459 45 0 52.22 8 0 0.68
60800 10 7 0.041 0.021 0.266 0.884 0.294 25 0 34.2 9.4 0 0.8
60800 10 7 0.053 0.112 0.198 0.88 0.538 26 0 39.02 10.84 0 0.74
60800 10 7 0.105 0.101 0.261 0.858 0.352 45 0 54.48 8.06 0 0.72
60800 10 7 0.01 0.193 0.062 0.983 0.423 25 3 40 181.12 0 0.12
60800 10 7 0.072 0.361 0.492 0.964 0.078 25 3 42.82 144.52 0 0.46
60800 10 7 0.074 0.125 0.371 0.907 0.333 26 0 41.24 8.54 0 0.68
60800 10 7 0.091 0.324 0.336 0.89 0.734 25 0 38.5 9.8 0 0.68
60800 10 7 0.058 0.437 0.33 0.901 0.712 25 0 34.78 11.78 0 0.74
60800 10 7 0.048 0.355 0.13 0.965 0.512 33 4 40.7 92.06 0 0.12
60800 10 7 0.041 0.224 0.033 0.929 0.61 34 5 43.44 30.5 0 0.32
60800 10 7 0.035 0.22 0.136 0.854 0.559 34 1 47.9 35.84 0 0.44
60800 10 7 0.094 0.098 0.121 0.955 0.995 25 0 39.58 9.1 0 0.7
60800 10 7 0.086 0.103 0.429 0.952 0.746 25 0 37.28 6.22 0 0.78
60800 10 7 0.027 0.16 0.049 0.912 0.512 34 7 45.96 111.08 0 0.02
60800 10 7 0.046 0.216 0.199 0.896 0.266 35 4 46.4 80.98 0 0.12
60800 10 7 0.02 0.036 0.072 0.791 0.102 31 23 44.38 160.86 0 0
60800 10 7 0.002 0.45 0.083 0.796 0.422 32 3 47.66 137.12 0 0.08
60800 10 7 0.07 0.027 0.066 0.993 0.423 25 1 40.42 10.98 0 0.62
60800 10 7 0.028 0.064 0.013 0.948 0.675 30 0 41.84 15.3 0 0.54
60800 10 7 0.001 0.307 0.243 0.789 0.209 29 23 42.64 131.5 0 0
60800 10 7 0.066 0.123 0.147 0.91 0.203 29 4 48.68 119.26 0 0.28
60800 10 7 0.067 0.058 0.342 0.781 0.615 26 0 37.5 8.16 0 0.76
60800 10 7 0.105 0.042 0.328 0.817 0.888 25 1 33.9 11.42 0 0.76
60800 10 7 0.116 0.275 0.182 0.831 0.751 25 0 44.76 9.2 0 0.76
60800 10 7 0.078 0.136 0.039 0.769 0.556 32 0 46.14 24.92 0 0.46
60800 10 1 0.113 0.399 0.086 0.922 0.615 52 1 70.64 20.82 0 0.36
60800 10 1 0.105 0.306 0.319 0.874 0.261 32 1 48.92 69.7 0 0.18
60800 10 1 0.078 0.336 0.367 0.921 0.197 26 5 39.84 121.32 0 0.26
60800 10 1 0.039 0.071 0.223 0.777 0.703 100 1 106.52 11.12 0 0.58
60800 10 1 0.105 0.185 0.324 0.842 0.845 95 2 101.56 11.62 0 0.52
60800 10 1 0.094 0.194 0.224 0.95 0.083 25 610 28.48 760.68 0 0
60800 10 1 0.092 0.481 0.231 0.902 0.459 28 3 42.82 79.04 0 0.34
60800 10 1 0.057 0.377 0.36 0.884 0.258 34 4 47.62 72.82 0 0.28
60800 10 1 0.075 0.057 0.389 0.86 0.121 96 2 102.3 15.44 0 0.34
60800 10 1 0.038 0.042 0.076 0.972 0.388 60 0 75.96 17.28 0 0.46
60800 10 1 0.091 0.199 0.133 0.996 0.984 84 0 104.4 10.84 0.18 0.5
60800 10 1 0.065 0.498 0.44 0.819 0.178 34 8 50.78 62.4 0 0.06
60800 10 1 0.026 0.103 0.185 0.922 0.498 72 4 86.68 21.92 0 0.5
60800 10 1 0.042 0.402 0.406 0.854 0.439 76 0 88.5 11.08 0 0.56
60800 10 1 0.069 0.108 0.469 0.959 0.021 25 6 35.42 193.66 0 0.12
60800 10 1 0.057 0.138 0.063 0.76 0.853 87 0 99.26 10.12 0.06 0.54
60800 10 1 0.063 0.492 0.081 0.843 0.169 25 1029 26.3 1097 0 0
60800 10 1 0.067 0.022 0.238 0.866 0.39 69 0 91.5 12.2 0.3 0.68
60800 10 1 0.085 0.061 0.18 0.757 0.853 104 2 112.56 13.1 0.4 0.5
60800 10 1 0.07 0.414 0.088 0.794 0.275 25 907 26.34 939.76 0 0
60800 10 1 0.031 0.208 0.455 0.759 0.097 26 3 45.9 101.08 0 0.34
60800 10 1 0.018 0.092 0.478 0.863 0.639 88 0 107.3 11.26 0.34 0.58
60800 10 1 0.048 0.279 0.242 0.993 0.727 91 0 100.62 12.86 0 0.62
60800 10 1 0.07 0.416 0.128 0.774 0.184 25 333 30.4 624.36 0 0
60800 10 1 0.038 0.014 0.036 0.792 0.587 79 1 94.68 8.94 0 0.8
60800 10 1 0.018 0.001 0.246 0.805 0.785 109 2 114.56 12.4 0.84 0.4
60800 10 1 0.112 0.091 0.392 0.866 0.397 88 1 105.18 13.52 0.38 0.48
60800 10 1 0.113 0.232 0.341 0.89 0.226 39 1 54.7 15.94 0 0.38
60800 10 1 0.039 0.273 0.381 0.927 0.672 90 1 101.6 9.56 0 0.68
60800 10 1 0.088 0.36 0.394 0.951 0.608 96 2 103.66 10.58 0 0.54
60800 10 1 0.115 0.384 0.46 0.985 0.976 87 0 102.84 12.84 0.16 0.58
60800 10 1 0.096 0.225 0.326 0.966 0.988 98 0 108.6 8.42 0 0.52
60800 10 1 0.032 0.423 0.406 0.752 0.467 86 1 98.98 14.94 0 0.36
60800 10 1 0.118 0.323 0.295 0.913 0.119 25 282 27.74 734.06 0 0
60800 10 1 0.012 0.464 0.325 0.784 0.781 94 0 103.28 11.74 0 0.54
60800 10 1 0.018 0.295 0.354 0.891 0.395 79 3 92.34 19.3 0 0.3
60800 10 7 0.001 0.25 0.268 0.939 0.662 25 0 39.7 8.86 0 0.7
60800 10 7 0.112 0.149 0.14 0.93 0.337 38 3 45.86 43.36 0 0.2
60800 10 7 0.033 0.341 0.391 0.78 0.633 25 0 37.34 9.98 0 0.7
60800 10 7 0.028 0.276 0.281 0.768 0.362 35 0 47.36 13.7 0 0.64
60800 10 7 0.08 0.406 0.055 0.756 0.484 25 145 29.96 483.38 0 0
60800 10 7 0.113 0.411 0.459 0.827 0.161 33 3 41.7 86.08 0 0.3
60800 10 7 0.063 0.365 0.351 0.771 0.985 25 0 34.84 9.8 0 0.76
60800 10 7 0.094 0.247 0.477 0.998 0.952 25 0 36.9 9.34 0 0.76
60800 10 7 0.052 0.36 0.352 0.969 0.038 25 403 29.02 682.84 0 0
60800 10 7 0.027 0.005 0.275 0.883 0.937 25 0 39.88 8.42 0 0.74
60800 10 7 0.004 0.246 0.292 0.952 0.064 25 2 40.84 135.48 0 0.42
60800 10 7 0.114 0.283 0.256 0.882 0.532 37 0 47.06 14.9 0 0.62
60800 10 7 0.013 0.324 0.321 0.999 0.581 50 0 56.86 8.86 0 0.66
60800 10 7 0.07 0.013 0.097 0.921 0.679 25 0 36.32 7.86 0 0.82
60800 10 7 0.032 0.383 0.168 0.924 0.142 29 244 36.2 305.6 0 0
60800 10 7 0.071 0.163 0.442 0.94 0.54 25 1 36.64 7.4 0 0.78
60800 10 7 0.027 0.317 0.435 0.999 0.297 60 0 69.88 18.84 0 0.5
60800 10 7 0.114 0.307 0.103 0.825 0.321 30 317 36.76 458.34 0 0
60800 10 7 0.06 0.206 0.306 0.909 0.745 25 0 38.38 8.24 0 0.84
60800 10 7 0.011 0.316 0.164 0.772 0.641 25 1 37.34 12.88 0 0.72
60800 10 7 0.007 0.31 0.345 0.79 0.585 34 0 45.52 6.98 0 0.66
60800 10 7 0.09 0.092 0.211 0.892 0.704 25 0 35.92 9.8 0 0.72
60800 10 7 0.043 0.185 0.195 0.987 0.049 25 745 26.32 932.4 0 0
60800 10 7 0.008 0.009 0.277 0.859 0.85 25 0 33.88 7.88 0 0.82
60800 10 7 0.073 0.074 0.278 0.867 0.82 43 0 49.24 6.22 0 0.78
60800 10 7 0.114 0.37 0.429 0.887 0.176 28 3 41.72 119.96 0 0.26
60800 10 7 0.064 0.205 0.131 0.85 0.781 41 0 46.1 7.98 0 0.7
60800 10 7 0.06 0.429 0.487 0.779 0.382 48 0 57.2 8.84 0 0.7
60800 10 7 0.074 0.306 0.197 0.843 0.585 50 0 59.34 12.48 0 0.62
60800 10 7 0.044 0.245 0.209 0.975 0.721 32 0 42.5 10.7 0 0.68
60800 10 7 0.081 0.153 0.058 0.891 0.825 32 0 40.46 10.04 0 0.68
60800 10 7 0.118 0.268 0.056 0.977 0.767 56 0 65.12 11.98 0 0.62
60800 10 7 0.072 0.094 0.244 0.971 0.654 25 0 38.58 9.28 0 0.74
60800 10 7 0.094 0.292 0.387 0.962 0.858 25 0 36.08 9.68 0 0.76
60800 10 7 0.112 0.188 0.209 0.864 0.851 25 0 32.32 9.02 0 0.78
60800 10 7 0.078 0.227 0.303 0.972 0.712 25 0 34.56 10.34 0 0.76
60800 10 7 0.058 0.21 0.09 0.873 0.972 46 0 55.24 9.54 0 0.7
60800 10 7 0.039 0.188 0.059 0.879 0.304 25 614 27.32 792.42 0 0
60800 10 7 0.093 0.093 0.062 0.788 0.808 26 0 43.06 10.92 0 0.68
60800 10 7 0.077 0.467 0.023 0.852 0.261 25 1031 26.32 1103.64 0 0
60800 10 7 0.01 0.235 0.082 0.894 0.815 25 0 40.14 14.08 0 0.74
60800 10 7 0.083 0.019 0.161 0.766 0.82 49 0 57.14 9.44 0 0.64
60800 10 7 0.089 0.257 0.195 0.944 0.424 32 2 51.18 27.14 0 0.46
60800 10 7 0.079 0.195 0.024 0.911 0.605 47 0 74.36 35.8 0 0.2
60800 10 7 0.109 0.126 0.014 0.892 0.334 25 239 33.8 459.06 0 0
60800 10 7 0.011 0.347 0.258 0.818 0.492 26 0 51.5 24.2 0 0.52
60800 10 7 0.063 0.275 0.093 0.864 0.067 25 273 30.82 799.46 0 0
60800 10 7 0.076 0.089 0.132 0.939 0.254 42 1 55.62 23.78 0 0.42
60800 10 7 0.064 0.49 0.257 0.875 0.069 25 507 32.48 638.94 0 0
60800 10 7 0.017 0.346 0.236 0.849 0.229 47 3 55.5 59.4 0 0.52
60800 10 7 0.034 0.013 0.227 0.782 0.992 49 0 54.2 4.94 0 0.8
60800 10 7 0.115 0.008 0.387 0.864 0.668 25 1 34.78 7.16 0 0.88
60800 10 7 0.042 0.137 0.045 0.899 0.491 32 2 46.82 62.32 0 0.32
60800 10 7 0.109 0.306 0.39 0.927 0.76 34 0 42.28 4.52 0 0.92
60800 10 7 0.043 0.135 0.418 0.788 0.313 36 1 46.58 12.6 0 0.48
60800 10 7 0.095 0.15 0.334 0.927 0.52 25 0 40.86 8.86 0 0.58
60800 10 7 0.096 0.073 0.004 0.759 0.393 27 40 35.24 110.98 0 0
60800 10 7 0.118 0.464 0.171 0.877 0.112 25 869 26.4 930.92 0 0
60800 10 7 0.08 0.314 0.206 0.956 0.476 31 1 46.7 38.26 0 0.34
60800 10 7 0.056 0.01 0.326 0.762 0.021 35 0 50.74 11.32 0 0.58
60800 10 7 0.076 0.186 0.294 0.769 0.862 25 0 36.92 6.36 0 0.8
60800 10 7 0.041 0.442 0.105 0.899 0.323 25 12 35.14 221.66 0 0
60800 10 7 0.105 0.425 0.465 0.752 0.671 25 0 33.9 8.68 0 0.72
60800 10 7 0.038 0.143 0.405 0.798 0.716 25 0 38.92 10.68 0 0.76
60800 10 7 0.048 0.287 0.081 0.995 0.895 25 0 32.7 5.88 0 0.84
60800 10 7 0.018 0.323 0.05 0.816 0.019 25 1080 26.34 1118.9 0 0
60800 10 7 0.093 0.177 0.086 0.752 0.561 60 4 65.54 22.9 0 0.2
60800 10 7 0.046 0.095 0.454 0.764 0.58 25 0 38.34 6.04 0 0.86
60800 10 7 0.039 0.388 0.258 0.916 0.524 25 0 38.08 27.36 0 0.48
60800 10 7 0.055 0.228 0.224 0.874 0.566 25 1 52.04 22.2 0 0.68
60800 10 7 0.096 0.38 0.3 0.791 0.999 25 0 38.84 5.86 0 0.84
60800 10 7 0.104 0.006 0.194 0.978 0.287 25 0 40.4 10.88 0 0.7
60800 10 7 0.071 0.152 0.074 0.969 0.521 27 2 46.82 65 0 0.48
60800 10 7 0.007 0.077 0.35 0.909 0.685 25 0 32.7 5.88 0 0.82
60800 10 7 0.017 0.152 0.249 0.8 0.334 27 0 37.46 35.34 0 0.6
60800 10 7 0.03 0.461 0.372 0.762 0.629 25 1 34.26 6.36 0 0.86
60800 10 7 0.052 0.288 0.479 0.769 0.86 25 0 34.28 6.84 0 0.82
60800 10 7 0.063 0.247 0.429 0.938 0.571 25 0 34.4 9.26 0 0.8
60800 10 7 0.112 0.469 0.153 0.911 0.345 25 225 34.42 319.26 0 0
60800 10 7 0.075 0.031 0.395 0.877 0.827 25 0 35.94 6.48 0 0.78
60800 10 7 0.062 0.494 0.43 0.913 0.843 41 0 48.84 7.36 0 0.84
60800 10 7 0.085 0.026 0.087 0.844 0.484 25 0 38.24 8.64 0 0.76
60800 10 7 0.059 0.14 0.435 0.891 0.192 29 1 48.42 10.36 0 0.7
60800 10 7 0.108 0.416 0.041 0.911 0.469 25 451 32.08 563.86 0 0
60800 10 7 0.102 0.481 0.006 0.999 0.815 67 3 74.18 13.7 0 0.32
60800 10 7 0.106 0.122 0.05 0.811 0.53 42 0 48.48 10.74 0 0.72
60800 10 7 0.105 0.052 0.324 0.754 0.651 25 0 37 8.28 0 0.74
60800 10 7 0.01 0.124 0.295 0.857 0.958 25 1 35.86 6.12 0 0.86
60800 10 7 0.032 0.189 0.267 0.811 0.02 25 974 26.26 1020.54 0 0
60800 10 7 0.064 0.235 0.054 0.904 0.279 25 338 27.62 717.64 0 0
60800 10 7 0.051 0.352 0.326 0.835 0.969 26 0 39.56 8.82 0 0.68
60800 10 7 0.019 0.246 0.108 0.757 0.545 34 1 49.58 46.58 0 0.54
60800 10 7 0.031 0.225 0.132 0.814 0.337 25 2 36.24 124.14 0 0.34
60800 10 7 0.013 0.204 0.387 0.947 0.767 35 0 46.54 7.8 0 0.74
60800 10 7 0.029 0.495 0.437 0.764 0.288 60 7 73.18 23.96 0 0.02
60800 10 7 0.07 0.189 0.338 0.88 0.288 27 0 43.26 18.36 0 0.58
60800 10 7 0.1 0.314 0.296 0.878 0.164 28 100 38.72 201.84 0 0
60800 10 7 0.059 0.486 0.149 0.929 0.507 25 1 45.12 94.84 0 0.3
60800 10 7 0.044 0.001 0.235 0.841 0.6 25 0 36.84 10.62 0 0.72
60800 10 7 0.051 0.327 0.224 0.959 0.657 25 0 36.04 17.24 0 0.64
60800 10 7 0.103 0.358 0.267 0.914 0.361 37 58 46.36 89.88 0 0
60800 10 7 0.007 0.495 0.452 0.766 0.432 26 0 39.64 8.52 0 0.72
60800 10 7 0.057 0.239 0.321 0.771 0.501 34 0 49.62 6.14 0 0.78
60800 10 7 0.064 0.011 0.316 0.783 0.974 25 1 33.46 12.12 0 0.74
60800 10 7 0.028 0.14 0.232 0.84 0.809 25 0 38.94 8.24 0 0.66
60800 10 7 0.113 0.424 0.087 0.945 0.704 31 0 46.6 16.96 0 0.6
60800 10 7 0.077 0.159 0.4 0.846 0.549 26 0 39.34 10.22 0 0.66
60800 10 7 0.05 0.496 0.48 0.893 0.925 25 0 36.84 9.24 0 0.72
60800 10 7 0.049 0.488 0.049 0.758 0.007 25 1111 26.56 1217.74 0 0
60800 10 7 0.009 0.141 0.312 0.774 0.865 25 0 34.1 9.6 0 0.74
60800 10 7 0.017 0.417 0.49 1 0.538 25 0 35 10.18 0 0.76
60800 10 7 0.074 0.186 0.438 0.874 0.784 25 0 42.02 9.1 0 0.76
60800 10 7 0.05 0.389 0.427 0.787 0.666 25 0 40.62 9.26 0 0.72
60800 10 7 0.015 0.101 0.335 0.752 0.636 25 0 32.74 5.1 0 0.84
60800 10 7 0.006 0.414 0.085 0.764 0.884 25 0 37.6 10.18 0 0.7
60800 10 7 0.074 0.203 0.104 0.965 0.588 46 0 50.74 17.52 0 0.46
60800 10 7 0.018 0.106 0.192 0.754 0.323 42 2 52.68 31.4 0 0.4
60800 10 7 0.032 0.06 0.273 0.787 0.676 25 0 35.32 9.72 0 0.76
60800 10 7 0.049 0.373 0.476 0.837 0.92 25 0 34 5.22 0 0.86
60800 10 7 0.035 0.141 0.078 0.829 0.437 36 33 43.42 124.16 0 0
60800 10 7 0.078 0.148 0.361 0.98 0.635 25 0 36.26 8.76 0 0.66
60800 10 7 0.116 0.094 0.331 0.883 0.219 26 0 42.74 8.1 0 0.68
60800 10 7 0.058 0.206 0.174 0.876 0.699 42 1 51.38 6.98 0 0.7
60800 10 7 0.016 0.027 0.19 0.798 0.47 25 1 38.4 6.76 0 0.8
60800 10 7 0.078 0.073 0.345 0.97 0.133 46 0 52.52 13.4 0 0.54
60800 10 7 0.103 0.311 0.046 0.983 0.162 25 569 26.82 952.98 0 0
60800 10 7 0.064 0.04 0.128 0.863 0.32 25 1 35.66 11.8 0 0.74
60800 10 7 0.056 0.484 0.126 0.829 0.234 25 905 26.54 981.94 0 0
60800 10 7 0.066 0.422 0.145 0.858 0.792 25 0 38.86 10.9 0 0.72
60800 10 7 0.065 0.205 0.461 0.942 0.308 46 0 53.98 9.42 0 0.78
60800 10 7 0.061 0.054 0.327 0.83 0.208 44 0 50.8 9.08 0 0.64
60800 10 7 0.011 0.06 0.381 0.767 0.195 25 0 37.02 11.12 0 0.7
60800 10 7 0.019 0.438 0.334 0.96 0.005 25 637 30.26 854.26 0 0
60800 10 7 0.022 0.079 0.115 0.949 0.142 28 6 45.42 160.12 0 0.02
60800 10 7 0.056 0.356 0.3 0.871 0.044 25 631 30.36 746.26 0 0
60800 10 7 0.067 0.033 0.494 0.829 0.896 25 0 37.98 9.2 0 0.74
60800 10 7 0.03 0.454 0.379 0.765 0.198 29 5 39.34 91.42 0 0.08
60800 10 7 0.042 0.004 0.182 0.893 0.601 25 0 36.82 11.86 0 0.76
60800 10 7 0.108 0.044 0.221 0.797 0.699 37 0 45.02 8.78 0 0.72
60800 10 7 0.014 0.374 0.01 0.925 0.188 25 612 30 990.54 0 0
60800 10 7 0.054 0.438 0.295 0.861 0.347 32 1 45.04 37.4 0 0.38
60800 10 7 0.05 0.264 0.27 0.988 0.121 27 2 37.62 151.54 0 0.14
60800 10 7 0.078 0.333 0.126 0.831 0.382 30 5 52.68 73.54 0 0.4
60800 10 7 0.007 0.22 0.303 0.941 0.103 36 3 51.92 81.6 0 0.32
60800 10 7 0.053 0.227 0.301 0.785 0.774 45 0 52.34 6.2 0 0.72
60800 10 7 0.1 0.342 0.205 0.965 0.296 26 2 42.9 142.52 0 0.14
60800 10 7 0.038 0.316 0.102 0.853 0.612 27 4 43.28 36.94 0 0.58
60800 10 7 0.098 0.2 0.484 0.972 0.109 44 1 56.08 28.54 0 0.3
60800 10 7 0.028 0.119 0.088 0.96 0.58 36 1 46.74 28.12 0 0.54
60800 10 7 0.114 0.053 0.172 0.92 0.057 34 128 39.94 220.48 0 0
60800 10 7 0.05 0.237 0.079 0.991 0.498 26 6 41.2 93.12 0 0.2
60800 10 7 0.112 0.102 0.007 0.866 0.058 25 663 28.04 839.94 0 0
60800 10 7 0.038 0.15 0.482 0.938 0.391 31 0 42.46 7.86 0 0.72
60800 10 7 0.081 0.432 0.258 0.826 0.583 30 0 42.44 16.86 0 0.6
60800 10 7 0.1 0.468 0.14 0.873 0.019 25 1239 26.22 1270.16 0 0
60800 10 7 0.03 0.104 0.172 0.948 0.274 40 1 54.96 17.3 0 0.56
60800 10 7 0.036 0.059 0.432 0.885 0.418 25 0 38.1 11.16 0 0.64
60800 10 7 0.068 0.085 0.01 0.79 0.315 26 261 32.86 406.4 0 0
60800 10 7 0.089 0.275 0.258 0.97 0.189 30 4 51.6 64.16 0 0.22
60800 10 7 0.05 0.221 0.032 0.884 0.66 32 0 41.52 35.1 0 0.54
60800 10 7 0.078 0.257 0.055 0.85 0.324 26 22 40.9 238.98 0 0
60800 10 7 0.101 0.427 0.247 0.913 0.013 25 52 34.9 622.26 0 0
60800 10 7 0.077 0.445 0.138 0.818 0.104 25 743 29.2 919.8 0 0
60800 10 7 0.076 0.311 0.325 0.855 0.289 48 0 55.7 31.18 0 0.32
60800 10 7 0.11 0.316 0.481 0.812 0.482 25 0 34.4 4.84 0 0.88
60800 10 7 0.078 0.182 0.402 0.94 0.669 25 1 38.06 8.78 0 0.7
60800 10 7 0.079 0.159 0.036 0.815 0.822 44 0 60.1 10.34 0 0.6
60800 10 7 0.017 0.158 0.298 0.957 0.84 45 0 50.02 8.16 0 0.76
60800 10 7 0.028 0.377 0.235 0.915 0.868 25 0 35.92 7.4 0 0.76
60800 10 7 0.039 0.403 0.411 0.949 0.635 25 0 36.62 10.14 0 0.72
60800 10 7 0.036 0.101 0.361 0.776 0.873 26 1 37.72 11.8 0 0.7
60800 10 7 0.011 0.464 0.063 0.88 0.755 25 1 35.12 23.98 0 0.68
60800 10 7 0.013 0.234 0.284 0.894 0.107 35 34 46.2 149.64 0 0
60800 10 7 0.055 0.43 0.399 0.788 0.306 37 0 51.82 54.7 0 0.24
60800 10 7 0.095 0.074 0.367 1 0.784 25 0 38.6 7.5 0 0.7
60800 10 7 0.101 0.038 0.458 0.778 0.155 25 0 36.08 9.12 0 0.78
60800 10 7 0.085 0.255 0.15 0.859 0.888 25 0 40.48 10.32 0 0.66
60800 10 7 0.101 0.109 0.037 0.876 0.174 25 625 31.1 766.8 0 0
60800 10 7 0.053 0.48 0.182 0.765 0.749 25 0 35.18 13.44 0 0.66
60800 10 7 0.11 0.058 0.007 0.768 0.575 41 0 46.18 11.34 0 0.6
60800 10 7 0.119 0.373 0.084 0.849 0.145 25 674 27.54 972.1 0 0
60800 10 7 0.016 0.254 0.39 0.909 0.697 28 0 40.72 8.84 0 0.72
60800 10 7 0.006 0.43 0.381 0.812 0.862 25 1 37.94 7.58 0 0.76
60800 10 7 0.052 0.301 0.1 0.8 0.352 36 34 44.22 130.74 0 0
60800 10 7 0.015 0.149 0.084 0.821 0.493 29 2 38.94 17.5 0 0.68
60800 10 7 0.01 0.405 0.162 0.858 0.069 32 70 43.52 265.2 0 0
60800 10 7 0.058 0.039 0.477 0.979 0.614 25 0 34.32 4.58 0 0.86
60800 10 7 0.027 0.439 0.111 0.87 0.065 25 147 32.96 698.18 0 0
60800 10 7 0.088 0.353 0.421 0.957 0.99 26 0 36.3 8.56 0 0.8
60800 10 7 0.033 0.167 0.076 0.984 0.088 25 431 33.12 785 0 0
60800 10 7 0.015 0.078 0.157 0.778 0.283 45 0 54 27.4 0 0.36
60800 10 7 0.118 0.446 0.236 0.879 0.463 41 1 51.62 28.42 0 0.42
60800 10 7 0.056 0.254 0.411 0.772 0.863 25 0 32.82 6.3 0 0.82
60800 10 7 0.069 0.05 0.064 0.947 0.719 27 0 41.18 6.2 0 0.74
60800 10 7 0.034 0.011 0.246 0.796 0.111 27 0 45.86 7.64 0 0.72
60800 10 7 0.051 0.111 0.367 0.898 0.529 25 1 36.3 7.66 0 0.82
60800 10 7 0.028 0.461 0.079 0.962 0.876 25 1 36.52 9.92 0 0.84
60800 10 7 0.079 0.289 0.09 0.827 0.03 25 662 30.7 902.06 0 0
60800 10 7 0.1 0.486 0.436 0.981 0.251 29 4 41.56 13.82 0 0.64
60800 10 7 0.031 0.028 0.212 0.854 0.119 39 1 52.88 17.66 0 0.58
60800 10 7 0.022 0.111 0.393 0.857 0.421 25 0 36.14 5.22 0 0.86
60800 10 7 0.081 0.398 0.272 0.817 0.437 50 1 61.04 34.4 0 0.28
60800 10 7 0.037 0.139 0.297 0.97 0.167 29 1 40.04 57.92 0 0.54
60800 10 7 0.099 0.285 0.38 0.987 0.267 41 2 48.28 25.14 0 0.36
60800 10 7 0.081 0.403 0.184 0.791 0.058 25 554 27.36 908.94 0 0
60800 10 7 0.007 0.333 0.485 0.783 0.598 48 0 55.48 7.96 0 0.76
60800 10 7 0.082 0.302 0.138 0.839 0.352 25 3 35.16 187.62 0 0.46
60800 10 7 0.069 0.387 0.494 0.975 0.907 27 0 36.14 8.94 0 0.7
60800 10 7 0.029 0.327 0.498 0.956 0.705 25 0 35.6 8.08 0 0.74
60800 10 7 0.028 0.216 0.46 0.971 0.668 25 0 40.08 8.48 0 0.7
60800 10 7 0.047 0.303 0.244 0.952 0.692 35 0 48.2 9.04 0 0.6
60800 10 7 0.039 0.42 0.33 0.789 0.284 30 3 42.68 56.8 0 0.38
60800 10 7 0.107 0.191 0.089 0.95 0.003 25 1147 26.18 1215.14 0 0
60800 10 7 0.055 0.388 0.354 0.858 0.375 58 0 64.18 25 0 0.36
60800 10 7 0.088 0.183 0.421 0.871 0.01 25 1009 26.06 1073.86 0 0
60800 10 7 0.071 0.247 0.225 0.828 0.639 30 1 45.04 11.12 0 0.7
60800 10 7 0.005 0.449 0.302 0.914 0.95 25 1 37.62 9.44 0 0.74
60800 10 7 0.083 0.183 0.455 0.842 0.423 26 0 41.38 10.32 0 0.72
60800 10 7 0.097 0.428 0.314 0.853 0.77 26 0 43.54 9.52 0 0.68
60800 10 7 0.002 0.244 0.234 0.766 0.285 34 2 46.26 71.62 0 0.1
60800 10 7 0.028 0.199 0.378 0.932 0.813 25 0 37.08 9.1 0 0.76
60800 10 7 0.014 0.222 0.305 0.943 0.489 25 0 42.46 18.92 0 0.72
60800 10 7 0.085 0.376 0.401 0.77 0.078 25 89 31.14 337.88 0 0
60800 10 7 0.045 0.309 0.077 0.843 0.609 27 3 35.7 30.36 0 0.76
60800 10 7 0.118 0.053 0.179 0.764 0.882 25 1 35.2 9.7 0 0.74
60800 10 7 0.02 0.489 0.462 0.988 0.398 32 0 41.02 13.22 0 0.66
60800 10 7 0.049 0.288 0.263 0.986 0.263 25 2 41.42 87.52 0 0.26
60800 10 7 0.038 0.029 0.419 0.776 0.231 25 0 36.46 8.68 0 0.76
60800 10 7 0.098 0.451 0.148 0.899 0.387 28 4 49.42 86.76 0 0.4
60800 10 7 0.049 0.377 0.023 0.946 0.448 25 340 28.4 779.1 0 0
60800 10 7 0.05 0.07 0.156 0.93 0.833 25 0 33.82 9.62 0 0.72
60800 10 7 0.113 0.465 0.02 0.774 0.364 25 773 28.9 918.62 0 0
60800 10 7 0.008 0.295 0.037 0.997 0.985 25 0 35.18 7.1 0 0.84
60800 10 7 0.005 0.151 0.065 0.775 0.798 25 0 32.22 7.4 0 0.8
60800 10 7 0.014 0.113 0.359 0.906 0.002 25 695 28.02 834.7 0 0
60800 10 7 0.043 0.416 0.031 0.887 0.951 25 0 39.7 11.08 0 0.7
60800 10 7 0.099 0.403 0.082 0.872 0.522 26 4 40.48 143.52 0 0.32
60800 10 7 0.097 0.459 0.485 0.821 0.927 25 1 38.46 9.48 0 0.7
60800 10 7 0.062 0.271 0.394 0.773 0.445 50 0 60.24 6.34 0 0.68
60800 10 7 0.009 0.137 0.227 0.81 0.144 41 1 59.78 59.88 0 0.4
60800 10 7 0.01 0.18 0.094 0.895 0.675 26 0 35.66 23.24 0 0.66
60800 10 7 0.005 0.198 0.169 0.9 0.053 26 94 40.14 251.02 0 0
60800 10 7 0.037 0.06 0.361 0.763 0.749 27 0 34.64 6.9 0 0.78
60800 10 7 0.067 0.365 0.361 0.849 0.705 38 0 46.86 3.58 0 0.86
60800 10 7 0.027 0.485 0.024 0.762 0.615 29 2 41.1 64.76 0 0.16
60800 10 7 0.026 0.427 0.463 0.795 0.724 25 1 39.52 8.7 0 0.74
60800 10 7 0.058 0.168 0.309 0.943 0.572 25 0 36.68 11.96 0 0.76
60800 10 7 0.045 0.467 0.203 0.97 0.688 25 1 43.98 14.86 0 0.6
60800 10 7 0.117 0.284 0.168 0.835 0.53 66 1 74.82 19.24 0 0.52
60800 10 7 0.077 0.153 0.046 0.898 0.435 25 110 34.7 295.8 0 0
60800 10 7 0.114 0.009 0.003 0.889 0.699 25 0 35.1 4.52 0 0.88
60800 10 7 0.047 0.328 0.444 0.931 0.299 43 0 58.46 12.72 0 0.62
60800 10 7 0.055 0.097 0.1 0.915 0.06 25 950 26.18 1028.46 0 0
60800 10 7 0.101 0.161 0.196 0.831 0.555 27 0 41.64 12.04 0 0.62
60800 10 7 0.088 0.45 0.49 0.956 0.778 25 0 35.18 7.38 0 0.76
60800 10 7 0.007 0.399 0.104 0.873 0.331 26 4 39.28 189.86 0 0.14
60800 10 7 0.105 0.464 0.09 0.885 0.543 34 2 46.3 70.28 0 0.28
60800 10 7 0.018 0.021 0.161 0.789 0.641 25 0 35.4 8.92 0 0.8
60800 10 7 0.002 0.349 0.452 0.805 0.841 27 1 39.44 9.6 0 0.72
60800 10 7 0.11 0.18 0.497 0.949 0.682 25 0 34.7 10.66 0 0.76
60800 10 7 0.022 0.15 0.417 0.916 0.868 25 0 38.3 9 0 0.74
60800 10 7 0.078 0.332 0.145 0.976 0.881 28 0 35.64 7.74 0 0.76
60800 10 7 0.005 0.486 0.03 0.967 0.815 25 0 37.04 16.92 0 0.74
60800 10 7 0.003 0.065 0.219 0.877 0.474 26 0 34.94 8.7 0 0.7
60800 10 7 0.044 0.083 0.477 0.989 0.049 34 0 44.48 53.1 0 0.48
60800 10 7 0.026 0.476 0.24 0.865 0.9 25 0 37.26 4.34 0 0.88
60800 10 7 0.103 0.176 0.042 0.957 0.047 25 948 26.16 1135.84 0 0
60800 10 7 0.06 0.39 0.056 0.87 0.098 25 942 26.12 1036.14 0 0
60800 10 7 0.061 0.489 0.01 0.921 0.481 25 628 29.16 676.66 0 0
60800 10 7 0.018 0.281 0.201 0.954 0.908 25 0 38.54 8.3 0 0.78
60800 10 7 0.069 0.145 0.236 0.75 0.793 25 1 35.5 12.94 0 0.72
60800 10 7 0.007 0.081 0.122 0.974 0.603 25 0 39.76 20.48 0 0.64
60800 10 7 0.108 0.311 0.403 0.806 0.368 30 0 42.8 20.9 0 0.46
60800 10 7 0.09 0.439 0.216 0.855 0.686 52 0 62.66 8.22 0 0.62
60800 10 7 0.06 0.064 0.09 0.818 0.974 25 0 36.86 9.96 0 0.74
60800 10 7 0.002 0.213 0.151 0.801 0.248 27 2 42.66 122.54 0 0.22
60800 10 7 0.008 0.03 0.311 0.766 0.259 26 0 35.32 7.74 0 0.82
60800 10 7 0.12 0.382 0.242 0.764 0.078 25 851 26.3 1026.16 0 0
60800 10 7 0.025 0.17 0.479 0.812 0.019 29 92 37.22 174.6 0 0
60800 10 7 0.066 0.434 0.495 0.795 0.908 25 0 37.66 5 0 0.9
60800 10 7 0.024 0.099 0.198 0.864 0.034 25 501 28.42 732.28 0 0
60800 10 7 0.001 0.485 0.313 0.971 0.698 25 0 32.98 10.46 0 0.76
60800 10 7 0.116 0.051 0.116 0.912 0.719 25 0 38.78 8.08 0 0.76
60800 10 7 0.061 0.492 0.266 0.998 0.558 25 0 34.98 18.1 0 0.82
60800 10 7 0.027 0.322 0.229 0.779 0.97 25 0 35.22 12.06 0 0.74
60800 10 7 0.056 0.29 0.363 0.958 0.438 35 0 46.92 12.8 0 0.6
60800 10 7 0.11 0.256 0.139 0.915 0.086 25 352 30.18 710.34 0 0
60800 10 7 0.032 0.466 0.098 0.769 0.438 25 6 36.04 167.72 0 0.1
60800 10 7 0.019 0.131 0.285 0.972 0.595 25 0 33.7 4.8 0 0.82
60800 10 7 0.065 0.323 0.129 0.954 0.651 42 0 49.92 20.24 0 0.54
60800 10 7 0.018 0.154 0.097 0.754 0.127 25 567 28.7 795.4 0 0
60800 10 7 0.026 0.184 0.273 0.816 0.089 25 0 39.12 147.36 0 0.48
60800 10 7 0.006 0.334 0.269 0.772 0.93 27 0 38.68 8.82 0 0.72
60800 10 7 0.119 0.2 0.301 0.831 0.036 25 572 29.46 803.42 0 0
60800 10 7 0.015 0.056 0.35 0.907 0.698 27 0 42.34 7.96 0 0.74
60800 10 7 0.104 0.168 0.009 0.894 0.127 25 1016 26.16 1199.08 0 0
60800 10 7 0.029 0.395 0.454 0.902 0.489 43 1 50.38 7.66 0 0.7
60800 10 7 0.062 0.348 0.467 0.779 0.566 25 0 31.9 8.52 0 0.78
60800 10 7 0.053 0.465 0.06 0.784 0.803 25 0 40 11.68 0 0.6
60800 10 7 0.099 0.343 0.49 0.976 0.844 25 0 40.04 8.14 0 0.74
60800 10 7 0.091 0.017 0.274 0.912 0.283 34 0 39.74 5.36 0 0.8
60800 10 7 0.027 0.046 0.3 0.883 0.245 25 0 36.54 9.74 0 0.78
60800 10 7 0.048 0.032 0.29 0.946 0.561 25 0 33.84 11.36 0 0.78
60800 10 7 0.045 0.018 0.027 0.924 0.979 26 0 36.42 5.9 0 0.84
60800 10 7 0.005 0.418 0.451 0.976 0.977 25 0 35.3 11.32 0 0.68
60800 10 7 0.086 0.422 0.046 0.861 0.288 26 352 36.4 511.7 0 0
60800 10 7 0.011 0.494 0.369 0.96 0.007 25 494 31.04 683.36 0 0
60800 10 7 0.05 0.186 0.449 0.972 0.21 41 0 49.5 22.58 0 0.5
60800 10 7 0.107 0.196 0.225 0.968 0.446 26 0 44.18 7.82 0 0.74
60800 10 7 0.003 0.418 0.401 0.893 0.303 26 1 47.14 30.88 0 0.46
60800 10 7 0.081 0.324 0.494 0.904 0.68 39 0 47.72 4.2 0 0.84
60800 10 7 0.103 0.067 0.222 0.864 0.553 25 0 35.72 8.96 0 0.76
60800 10 7 0.065 0.129 0.148 0.993 0.466 33 2 44.66 23.54 0 0.42
60800 10 7 0.09 0.294 0.161 0.98 0.445 25 3 38.48 99.38 0 0.42
60800 10 7 0.05 0.212 0.452 0.943 0.535 34 0 40.98 7.44 0 0.68
60800 10 7 0.051 0.054 0.356 0.913 0.454 26 0 32.74 5.8 0 0.84
60800 10 7 0.096 0.056 0.062 0.878 0.599 41 0 52.52 8 0 0.7
60800 10 7 0.033 0.075 0.127 0.905 0.155 26 5 45.88 56.6 0 0.38
60800 10 7 0.082 0.481 0.225 0.756 0.704 39 0 63 12.18 0 0.54
60800 10 7 0.068 0.028 0.015 0.933 0.241 32 52 43 92.72 0 0
60800 10 7 0.022 0.311 0.179 0.913 0.49 25 0 32.56 17.38 0 0.78
60800 10 7 0.016 0.41 0.048 0.867 0.782 26 2 37.38 14.34 0 0.7
60800 10 7 0.077 0.433 0.18 0.879 0.688 55 0 60.12 7.68 0 0.62
60800 10 7 0.119 0.327 0.436 0.886 0.016 25 375 31.54 541.24 0 0
60800 10 7 0.061 0.403 0.036 0.848 0.807 36 1 46.84 7.6 0 0.76
60800 10 7 0.075 0.306 0.404 0.974 0.445 48 0 57.46 5.72 0 0.7
60800 10 7 0.072 0.13 0.007 0.949 0.053 25 1158 26.38 1211.34 0 0
60800 10 7 0.102 0.064 0.418 0.973 0.27 25 0 33.86 7.7 0 0.82
60800 10 7 0.071 0.355 0.118 0.812 0.118 25 912 26.16 964.34 0 0
60800 10 7 0.035 0.364 0.184 0.92 0.317 28 4 50.14 148.96 0 0.08
60800 10 7 0.119 0.499 0.135 0.786 0.136 25 615 27.06 817.66 0 0
60800 10 7 0.076 0.176 0.277 0.936 0.48 26 0 38.28 10.86 0 0.62
60800 10 7 0.075 0.378 0.288 0.901 0.801 25 0 33.98 9.38 0 0.78
60800 10 7 0.074 0.364 0.465 0.85 0.438 25 0 35.62 11.86 0 0.76
60800 10 7 0.055 0.44 0.47 0.808 0.012 25 238 32.12 449.46 0 0
60800 10 7 0.008 0.46 0.462 0.901 0.505 25 0 39.66 9.9 0 0.7
60800 10 7 0.015 0.03 0.32 0.888 0.297 25 0 37.56 8.06 0 0.72
60800 10 7 0.049 0.089 0.111 0.861 0.858 26 0 38.36 8.48 0 0.68
60800 10 7 0.058 0.066 0.124 0.751 0.029 25 867 26.62 1040.7 0 0
60800 10 7 0.111 0.391 0.492 0.775 0.546 25 1 35.92 8.28 0 0.7
60800 10 7 0.042 0.456 0.31 0.884 0.34 41 0 58.2 62.64 0 0.14
60800 10 7 0.042 0.073 0.456 0.927 0.882 25 0 34.52 10.56 0 0.72
60800 10 7 0.007 0.248 0.145 0.933 0.974 26 0 53.4 9.78 0 0.66
60800 10 7 0.075 0.464 0.409 0.795 0.123 27 3 47.6 173.94 0 0.1
60800 10 7 0.087 0.33 0.399 0.98 0.066 25 13 27.94 503.64 0 0
60800 10 7 0.061 0.101 0.076 0.827 0.074 25 28 39.64 359.02 0 0
60800 10 7 0.001 0.378 0.466 0.984 0.741 25 0 33.98 7.92 0 0.78
60800 10 7 0.089 0.192 0.243 0.845 0.479 35 0 47.3 7.26 0 0.72
60800 10 7 0.061 0.462 0.118 0.784 0.446 31 7 50.38 106.68 0 0.18
60800 10 7 0.04 0.207 0.414 0.952 0.673 25 0 36.92 8.96 0 0.88
60800 10 1 0.073 0.136 0.207 0.975 0.598 81 1 97.18 12.82 0 0.54
60800 10 1 0.111 0.329 0.435 0.921 0.011 25 866 27.5 1021.5 0 0
60800 10 1 0.061 0.31 0.046 0.983 0.472 25 378 29.12 657.84 0 0
60800 10 1 0.005 0.361 0.318 0.975 0.065 27 140 35.6 237.92 0 0
60800 10 1 0.037 0.102 0.344 0.82 0.602 94 0 104.16 10.44 0.08 0.54
60800 10 1 0.035 0.058 0.295 0.79 0.758 101 0 109.26 11.52 0.28 0.5
60800 10 1 0.025 0.239 0.498 0.785 0.862 86 1 102.76 12.36 0 0.58
60800 10 1 0.071 0.323 0.338 0.938 0.718 75 1 92.78 9.52 0 0.8
60800 10 1 0.071 0.049 0.232 0.767 0.129 56 1 76.48 21.06 0 0.54
60800 10 1 0.027 0.394 0.497 0.949 0.107 25 4 49.46 110.24 0 0.32
60800 10 1 0.019 0.397 0.234 0.879 0.469 40 1 67.8 29.8 0 0.54
60800 10 1 0.075 0.044 0.169 0.845 0.889 100 1 111.8 13.96 0.5 0.28
60800 10 1 0.006 0.267 0.214 0.964 0.644 70 0 90.22 16.36 0 0.7
60800 10 1 0.105 0.376 0.227 0.921 0.656 93 1 101.4 11.66 0 0.44
60800 10 1 0.006 0.125 0.109 0.765 0.212 28 81 33.6 182.22 0 0
60800 10 1 0.1 0.198 0.111 0.964 0.733 67 2 89.88 12.98 0 0.76
60800 10 1 0.099 0.477 0.255 0.829 0.454 30 1 53.34 63.28 0 0.42
60800 10 1 0.043 0.39 0.374 0.808 0.702 89 1 109.48 10.44 0.46 0.58
60800 10 1 0.119 0.414 0.299 0.814 0.545 88 1 99.1 14.12 0 0.46
60800 10 1 0.067 0.288 0.367 0.896 0.441 84 3 96.04 15.04 0 0.44
60800 10 1 0.047 0.118 0.247 0.789 0.045 25 215 28.9 692.66 0 0
60800 10 1 0.077 0.376 0.25 0.933 0.614 82 1 95.6 14.16 0 0.54
60800 10 1 0.074 0.141 0.247 0.758 0.499 86 2 100.24 16.72 0 0.42
60800 10 1 0.019 0.101 0.032 0.989 0.994 97 0 109.08 5.28 0.3 0.78
60800 10 1 0.011 0.377 0.495 0.756 0.05 25 12 38.56 198.84 0 0
60800 10 1 0.046 0.452 0.112 0.946 0.43 27 102 34.88 243.04 0 0
60800 10 1 0.09 0.478 0.336 0.891 0.914 106 3 114.36 14.06 0.7 0.32
60800 10 1 0.081 0.177 0.054 0.873 0.368 25 590 28.18 684.84 0 0
60800 10 1 0.093 0.48 0.124 0.981 0.895 100 0 115.12 9.2 0.64 0.64
60800 10 1 0.01 0.346 0.126 0.958 0.205 25 25 29.04 344.2 0 0
60800 10 1 0.092 0.456 0.42 0.785 0.864 112 2 123 8.36 0.96 0.66
60800 10 1 0.069 0.15 0.028 0.777 0.171 25 1117 26.06 1155.52 0 0
60800 10 1 0.057 0.409 0.129 0.787 0.405 25 10 39.3 199 0 0
60800 10 1 0.019 0.067 0.178 0.843 0.626 76 1 91.94 10.74 0 0.78
60800 10 1 0.025 0.323 0.075 0.959 0.579 33 1 50.04 68.2 0 0.1
60800 10 1 0.064 0.259 0.177 0.927 0.065 25 502 28.32 802.94 0 0
60800 10 7 0.059 0.451 0.16 0.91 0.641 25 0 41.74 20.6 0 0.62
60800 10 7 0.044 0.018 0.291 0.762 0.437 25 0 36.3 8.14 0 0.7
60800 10 7 0.11 0.27 0.04 0.91 0.399 35 58 43 195.2 0 0
60800 10 7 0.007 0.417 0.171 0.83 0.867 25 0 34.74 9.56 0 0.72
60800 10 7 0.023 0.321 0.396 0.817 0.111 32 4 39.64 87.3 0 0.06
60800 10 7 0.005 0.062 0.102 0.774 0.293 38 2 49.22 26.34 0 0.3
60800 10 7 0.018 0.211 0.048 0.85 0.338 26 28 41.28 281.48 0 0
60800 10 7 0.117 0.015 0.041 0.812 0.23 38 0 48.08 7.64 0 0.82
60800 10 7 0.11 0.095 0.031 0.989 0.418 28 4 44.78 65 0 0.1
60800 10 7 0.026 0.42 0.296 0.843 0.18 31 7 63.2 134.9 0 0.06
60800 10 7 0.063 0.307 0.306 0.978 0.812 25 0 31.34 3.4 0 0.86
60800 10 7 0.031 0.18 0.007 0.882 0.402 25 623 28.36 733.32 0 0
60800 10 7 0.042 0.367 0.472 0.881 0.844 25 1 35.62 11.56 0 0.78
60800 10 7 0.118 0.304 0.283 0.925 0.085 25 227 35.34 380.2 0 0
60800 10 7 0.014 0.483 0.251 0.84 0.219 26 2 50.66 94.82 0 0.46
60800 10 7 0.089 0.359 0.202 0.814 0.996 25 1 35.16 10.86 0 0.8
60800 10 7 0.049 0.05 0.072 0.978 0.78 25 1 33.34 12.36 0 0.78
60800 10 7 0.055 0.186 0.141 0.858 0.014 25 968 26.28 1104.36 0 0
60800 10 7 0.113 0.415 0.244 0.932 0.492 27 1 53.7 39.3 0 0.48
60800 10 7 0.087 0.074 0.399 0.868 0.336 25 0 34.6 11.36 0 0.78
60800 10 7 0.027 0.055 0.245 0.84 0.826 25 0 36.12 5.54 0 0.82
60800 10 7 0.029 0.093 0.014 0.851 0.451 25 378 28.02 762.12 0 0
60800 10 7 0.043 0.299 0.389 0.871 0.889 25 0 43.94 8.48 0 0.72
60800 10 7 0.098 0.154 0.305 0.766 0.245 27 2 49.5 33.48 0 0.42
60800 10 7 0.094 0.083 0.284 0.875 0.832 33 0 43.18 7.28 0 0.74
60800 10 7 0.043 0.247 0.245 0.823 0.28 27 3 37.36 92.94 0 0.36
60800 10 7 0.006 0.479 0.049 0.823 0.427 25 4 38.68 175.4 0 0.3
60800 10 7 0.106 0.261 0.021 0.751 0.693 46 0 54.84 22.3 0 0.38
60800 10 7 0.035 0.191 0.17 0.976 0.348 28 6 39.22 129.12 0 0.26
60800 10 7 0.009 0.244 0.106 0.789 0.077 25 955 26.36 1026.44 0 0
60800 10 7 0.077 0.343 0.069 0.866 0.779 27 0 45.84 14.44 0 0.64
60800 10 7 0.038 0.243 0.436 0.961 0.614 25 0 34.8 10.08 0 0.78
60800 10 7 0.086 0.276 0.178 0.811 0.862 51 0 56.04 5.94 0 0.82
60800 10 7 0.054 0.365 0.287 0.86 0.358 26 1 35.98 45.4 0 0.46
60800 10 7 0.052 0.161 0.433 0.899 0.997 25 0 34.46 5.64 0 0.88
60800 10 7 0.036 0.482 0.336 0.789 0.094 25 11 40.26 159.28 0 0
60800 10 7 0.052 0.099 0.172 0.839 0.811 25 0 40.18 8.42 0 0.76
60800 10 7 0.106 0.148 0.067 0.975 0.754 26 0 40.66 9.56 0 0.68
60800 10 7 0.045 0.375 0.275 0.79 0.548 27 1 40.46 17.34 0 0.66
60800 10 7 0.035 0.129 0.337 0.773 0.536 25 0 40.3 7.64 0 0.74
60800 10 7 0.035 0.167 0.081 0.761 0.248 25 10 35.8 283.72 0 0
60800 10 7 0.101 0.279 0.417 0.921 0.195 41 1 56.28 28.56 0 0.54
60800 10 7 0.016 0.241 0.139 0.856 0.297 25 6 43.48 169.58 0 0.26
60800 10 7 0.096 0.203 0.255 0.969 0.293 39 2 45.26 34.68 0 0.28
60800 10 7 0.05 0.191 0.458 0.867 0.412 25 0 32.1 9.7 0 0.76
60800 10 7 0.094 0.135 0.201 0.833 0.965 25 0 38.68 11.22 0 0.78
60800 10 7 0.108 0.121 0.26 0.913 0.369 33 0 43.24 9.52 0 0.7
60800 10 7 0.022 0.232 0.312 0.821 0.376 26 1 40.66 15.3 0 0.74
60800 10 7 0.033 0.282 0.118 0.958 0.801 41 0 50.42 9.16 0 0.62
60800 10 7 0.041 0.408 0.4 0.851 0.716 25 0 35.54 10.14 0 0.78
60800 10 7 0.088 0.224 0.456 0.869 0.185 31 1 43.48 24.96 0 0.66
60800 10 7 0.033 0.252 0.409 0.996 0.971 25 0 32.94 5.76 0 0.86
60800 10 7 0.119 0.197 0.359 0.818 0.373 25 0 37.9 6.96 0 0.8
60800 10 7 0.119 0.153 0.058 0.98 0.393 25 166 31.98 292.42 0 0
60800 10 7 0.013 0.231 0.254 0.864 0.847 25 0 34.36 11.98 0 0.74
60800 10 7 0.083 0.102 0.205 0.795 0.302 35 2 47.86 19.3 0 0.62
60800 10 7 0.084 0.333 0.22 0.967 0.935 26 0 37.14 7.42 0 0.76
60800 10 7 0.057 0.418 0.087 0.895 0.498 28 3 38.82 174.72 0 0.18
60800 10 7 0.074 0.273 0.412 0.829 0.981 25 0 36.72 10.38 0 0.74
60800 10 7 0.012 0.15 0.02 0.834 0.074 25 793 28.82 933.8 0 0
60800 10 7 0.008 0.456 0.307 0.854 0.955 25 0 36.98 7.58 0 0.8
60800 10 7 0.035 0.348 0.058 0.957 0.125 25 802 31.86 920 0 0
60800 10 7 0.113 0.393 0.155 0.779 0.191 25 522 29.78 692.26 0 0
60800 10 7 0.088 0.245 0.115 0.905 0.666 37 0 58.46 18.76 0 0.52
60800 10 7 0.058 0.24 0.096 0.778 0.572 38 0 51.34 18.44 0 0.5
60800 10 7 0.069 0.2 0.473 0.874 0.138 32 0 44.16 9.44 0 0.8
60800 10 7 0.015 0.02 0.397 0.956 0.868 25 0 38.22 9.3 0 0.7
60800 10 7 0.08 0.127 0.459 0.861 0.637 25 0 41.1 9.76 0 0.68
60800 10 7 0.105 0.367 0.195 0.768 0.611 26 2 42.08 10.86 0 0.74
60800 10 7 0.12 0.14 0.171 0.785 0.332 33 2 47.58 14.82 0 0.66
60800 10 7 0.047 0.097 0.095 0.77 0.115 25 527 29 627.58 0 0
60800 10 7 0.047 0.25 0.474 0.935 0.972 25 1 38.06 11.22 0 0.64
60800 10 7 0.012 0.067 0.003 0.787 0.4 25 246 32.8 535.88 0 0
60800 10 7 0.084 0.017 0.131 0.977 0.405 25 0 35.82 9.18 0 0.74
60800 10 7 0.051 0.081 0.036 0.889 0.9 25 0 36.56 6.44 0 0.84
60800 10 7 0.039 0.481 0.334 0.866 0.063 25 7 43.14 253.78 0 0.04
60800 10 7 0.031 0.056 0.127 0.89 0.764 25 1 37.14 10.44 0 0.74
60800 10 7 0.041 0.42 0.175 0.964 0.625 34 1 43.28 22.82 0 0.6
60800 10 7 0.004 0.091 0.163 0.964 0.347 62 2 69.66 25.5 0 0.3
60800 10 7 0.078 0.335 0.428 0.905 0.29 27 1 36.04 33.4 0 0.56
60800 10 7 0.087 0.349 0.167 0.961 0.99 25 0 38.94 10.52 0 0.68
60800 10 7 0.064 0.033 0.157 0.914 0.083 29 5 39.06 35.22 0 0.64
60800 10 7 0.05 0.474 0.297 0.93 0.706 25 0 34 10.86 0 0.72
60800 10 7 0.07 0.266 0.253 0.791 0.379 39 4 49.7 32.76 0 0.16
60800 10 7 0.043 0.027 0.008 0.862 0.166 25 436 27.52 775.22 0 0
60800 10 7 0.069 0.081 0.07 0.815 0.626 43 0 50.74 4.54 0 0.82
60800 10 7 0.018 0.294 0.488 0.851 0.733 37 0 48.24 6.8 0 0.74
60800 10 7 0.059 0.102 0.227 0.817 0.933 25 1 35.22 11.04 0 0.8
60800 10 7 0.105 0.148 0.481 0.968 0.26 25 0 35.72 10.58 0 0.7
60800 10 7 0.055 0.269 0.471 0.774 0.398 34 0 48.34 11.66 0 0.66
60800 10 7 0.1 0.179 0.145 0.784 0.917 25 1 33.94 12.96 0 0.76
60800 10 7 0.092 0.006 0.479 0.969 0.393 25 0 33.88 9.5 0 0.78
60800 10 7 0.058 0.111 0.329 0.793 0.18 37 1 43.96 30.4 0 0.5
60800 10 7 0.024 0.34 0.038 0.903 0.099 25 753 28.1 895.66 0 0
60800 10 7 0.075 0.179 0.311 0.937 0.3 28 1 48.2 27.78 0 0.4
60800 10 7 0.055 0.048 0.063 0.906 0.798 38 0 42.64 7.44 0 0.72
60800 10 7 0.044 0.207 0.071 0.922 0.439 27 18 36.84 184.06 0 0
60800 10 7 0.018 0.432 0.415 0.911 0.311 64 1 78.7 8.72 0 0.72
60800 10 7 0.063 0.372 0.28 0.925 0.912 25 0 33.82 8.84 0 0.8
60800 10 7 0.085 0.362 0.38 0.958 0.683 25 0 37.6 9.06 0 0.72
60800 10 7 0.104 0.287 0.35 0.87 0.009 25 969 26.44 1021.68 0 0
60800 10 7 0.052 0.03 0.102 0.848 0.045 25 519 28.22 760.16 0 0
60800 10 7 0.036 0.233 0.442 0.869 0.589 31 0 41.42 5.24 0 0.74
60800 10 7 0.094 0.5 0.239 0.774 0.477 32 1 41.68 24.52 0 0.54
60800 10 7 0.073 0.469 0.368 0.804 0.473 27 1 44.5 12.1 0 0.58
60800 10 7 0.016 0.233 0.354 0.977 0.9 25 0 35.9 6.52 0 0.86
60800 10 7 0.115 0.25 0.057 0.885 0.013 25 786 26.66 1047.98 0 0
60800 10 7 0.053 0.12 0.115 0.879 0.799 26 0 36.1 7.8 0 0.68
60800 10 7 0.077 0.169 0.02 0.803 0.14 25 622 28.44 833.22 0 0
60800 10 7 0.008 0.473 0.263 0.825 0.364 27 1 37.02 63.36 0 0.54
60800 10 7 0.082 0.383 0.089 0.804 0.736 35 0 49.28 13.2 0 0.58
60800 10 7 0.04 0.011 0.317 0.979 0.947 26 0 40.22 6.48 0 0.72
60800 10 7 0.028 0.409 0.02 0.992 0.563 25 119 30.32 486.98 0 0
60800 10 7 0.056 0.28 0.106 0.846 0.257 25 466 31.5 579.04 0 0
60800 10 7 0.063 0.152 0.255 0.957 0.649 25 1 36.18 8.26 0 0.8
60800 10 7 0.027 0.224 0.375 0.884 0.879 27 1 38.58 8.64 0 0.72
60800 10 7 0.077 0.189 0.478 0.895 0.715 25 0 36.6 9.28 0 0.74
60800 10 7 0.109 0.101 0.107 0.911 0.171 27 186 35.54 324.98 0 0
60800 10 7 0.116 0.345 0.184 0.936 0.428 25 1 41.02 94.26 0 0.36
60800 10 7 0.022 0.114 0.185 0.928 0.228 40 1 50.42 60.32 0 0.2
60800 10 7 0.008 0.215 0.23 0.819 0.672 33 0 44.3 9.28 0 0.74
60800 10 7 0.116 0.027 0.399 0.93 0.216 25 0 34.6 9.06 0 0.74
60800 10 7 0.024 0.071 0.095 0.982 0.53 42 2 55.62 24.48 0 0.28
60800 10 7 0.054 0.418 0.066 0.919 0.821 28 0 40.16 14.32 0 0.58
60800 10 7 0.09 0.433 0.003 0.905 0.437 25 609 28.88 740.8 0 0
60800 10 7 0.014 0.045 0.383 0.911 0.236 25 0 39.04 11.34 0 0.76
60800 10 7 0.086 0.49 0.214 0.901 0.121 25 538 31.78 716.96 0 0
60800 10 7 0.118 0.003 0.358 0.889 0.134 25 0 31.7 10.6 0 0.76
60800 10 7 0.116 0.044 0.231 0.799 0.174 25 0 38.78 11.2 0 0.74
60800 10 7 0.1 0.485 0.159 0.872 0.661 25 0 39.58 19.54 0 0.6
60800 10 7 0.05 0.107 0.295 0.924 0.762 35 0 47.64 5.7 0 0.8
60800 10 7 0.015 0.228 0.348 0.764 0.538 25 0 34.94 13.32 0 0.66
60800 10 7 0.033 0.112 0.112 0.983 0.457 34 0 50.4 49.7 0 0.34
60800 10 7 0.051 0.157 0.444 0.978 0.55 25 0 33.82 9.78 0 0.78
60800 10 7 0.022 0.481 0.385 0.963 0.82 25 0 37.72 12.08 0 0.78
60800 10 7 0.096 0.196 0.062 0.892 0.247 25 382 27.44 883.16 0 0
60800 10 7 0.113 0.127 0.07 0.959 0.221 29 95 34.58 255.18 0 0
60800 10 7 0.052 0.155 0.235 0.879 0.48 31 1 40.2 11.04 0 0.62
60800 10 7 0.118 0.398 0.397 0.993 0.548 26 0 37.72 10.12 0 0.74
60800 10 7 0.052 0.35 0.28 0.893 0.061 25 344 31.18 677 0 0
60800 10 7 0.014 0.163 0.391 0.962 0.704 25 0 34.16 8.84 0 0.76
60800 10 7 0.056 0.092 0.244 0.795 0.74 25 0 34.66 9.26 0 0.78
60800 10 7 0.003 0.096 0.228 0.859 0.362 46 0 53.24 19.42 0 0.6
60800 10 7 0.063 0.423 0.464 0.859 0.742 45 1 50.92 7.7 0 0.7
60800 10 7 0.007 0.355 0.239 0.993 0.083 25 6 42.86 220.06 0 0.04
60800 10 7 0.118 0.462 0.37 0.886 0.724 40 0 50.04 5.78 0 0.82
60800 10 7 0.074 0.373 0.203 0.876 0.219 28 16 38.06 173.88 0 0
60800 10 7 0.04 0.122 0.442 0.809 0.691 25 0 36.06 7.72 0 0.88
60800 10 7 0.043 0.471 0.239 0.767 0.902 25 1 38.2 7.58 0 0.82
60800 10 7 0.085 0.399 0.194 0.905 0.238 25 100 34.26 214.96 0 0
60800 10 7 0.038 0.488 0.391 0.822 0.526 50 1 60.86 9.28 0 0.68
60800 10 7 0.072 0.418 0.35 0.824 0.153 27 1 44.12 106.64 0 0.46
60800 10 7 0.104 0.376 0.346 0.954 0.333 48 1 59.06 15.14 0 0.36
60800 10 7 0.111 0.18 0.145 0.992 0.229 26 149 35.68 350.64 0 0
60800 10 7 0.085 0.105 0.353 0.92 0.085 28 3 41.12 91.58 0 0.1
60800 10 7 0.113 0.278 0.147 0.866 0.264 25 335 27.58 593.22 0 0
60800 10 7 0.049 0.12 0.165 0.935 0.072 25 26 41.96 206.54 0 0
60800 10 7 0.086 0.235 0.118 0.766 0.666 31 0 41.1 10.28 0 0.64
60800 10 7 0.077 0.05 0.398 0.951 0.792 26 0 43.32 7.84 0 0.66
60800 10 7 0.084 0.114 0.041 0.992 0.221 25 519 29.76 622 0 0
60800 10 7 0.092 0.09 0.179 0.875 0.742 25 0 32.16 6.26 0 0.86
60800 10 7 0.117 0.053 0.325 0.925 0.823 25 0 34.18 5.74 0 0.84
60800 10 7 0.099 0.046 0.273 0.93 0.853 25 0 34.6 9.8 0 0.8
60800 10 7 0.119 0.451 0.152 0.841 0.84 30 0 41.12 8.64 0 0.7
60800 10 7 0.09 0.164 0.459 0.753 0.643 25 1 39.76 10.74 0 0.7
60800 10 7 0.057 0.192 0.479 0.793 0.917 27 0 38.1 7.86 0 0.76
60800 10 7 0.089 0.056 0.408 0.823 0.924 25 0 39.58 11.3 0 0.74
60800 10 7 0.055 0.028 0.143 0.879 0.96 25 0 36.1 9.8 0 0.74
60800 10 7 0.065 0.07 0.301 0.826 0.183 45 0 57.24 8.54 0 0.64
60800 10 7 0.023 0.221 0.072 0.849 0.689 40 0 49.3 17.32 0 0.58
60800 10 7 0.017 0.39 0.309 0.965 0.113 25 5 43.9 147.62 0 0.2
60800 10 7 0.003 0.083 0.105 0.978 0.895 25 0 34.76 5.46 0 0.86
60800 10 7 0.116 0.153 0.133 0.845 0.554 49 0 58.1 9.52 0 0.64
60800 10 7 0.033 0.053 0.498 0.784 0.503 25 0 36.86 10.56 0 0.8
60800 10 7 0.006 0.132 0.237 0.758 0.632 39 0 47.72 9.46 0 0.72
60800 10 7 0.094 0.387 0.41 0.911 0.436 31 1 48.34 14.74 0 0.6
60800 10 7 0.066 0.255 0.192 0.991 0.059 25 514 29.44 801.64 0 0
60800 10 7 0.103 0.308 0.137 0.813 0.244 25 650 27.94 772.76 0 0
60800 10 7 0.043 0.438 0.49 0.814 0.916 25 0 37.08 5.32 0 0.84
60800 10 7 0.114 0.344 0.446 0.946 0.472 30 0 37.22 9.32 0 0.66
60800 10 7 0.043 0.256 0.482 0.985 0.249 25 0 32.8 8.92 0 0.78
60800 10 7 0.054 0.338 0.101 0.935 0.5 28 4 48.6 95.56 0 0.32
60800 10 7 0.092 0.453 0.025 0.817 0.241 25 717 27.84 955.5 0 0
60800 10 7 0.094 0.229 0.274 0.761 0.19 31 44 42.54 108.28 0 0
60800 10 7 0.063 0.425 0.002 0.872 0.878 72 0 76.14 8.82 0 0.62
60800 10 7 0.024 0.293 0.326 0.871 0.188 45 0 58.9 31.88 0 0.42
60800 10 7 0.033 0.495 0.283 0.915 0.615 25 1 37.48 12.5 0 0.72
60800 10 7 0.081 0.345 0.155 0.884 0.69 25 2 41.92 13.28 0 0.6
60800 10 7 0.104 0.044 0.171 0.756 0.742 25 0 42 10.44 0 0.66
60800 10 7 0.119 0.484 0.218 0.921 0.706 35 0 45.22 8.54 0 0.62
60800 10 7 0.112 0.065 0.077 0.879 0.531 25 0 31.86 10.3 0 0.76
60800 10 7 0.018 0.132 0.403 0.997 0.491 25 0 35.32 9.3 0 0.74
60800 10 7 0.051 0.486 0.327 0.936 0.382 29 0 38.72 54.92 0 0.42
60800 10 7 0.014 0.035 0.3 0.818 0.459 25 0 33.74 8.36 0 0.74
60800 10 7 0.024 0.316 0.12 0.929 0.611 48 3 53.2 22.08 0 0.5
60800 10 7 0.104 0.408 0.367 0.763 0.387 28 1 41.12 14.98 0 0.8
60800 10 7 0.048 0.439 0.485 0.945 0.3 61 2 75.42 15.76 0 0.46
60800 10 7 0.001 0.265 0.209 0.972 0.388 50 1 59.52 35.32 0 0.28
60800 10 7 0.115 0.363 0.283 0.806 0.742 28 0 40.12 5.5 0 0.76
60800 10 7 0.048 0.051 0.035 0.932 0.817 25 0 34.42 10.12 0 0.74
60800 10 7 0.103 0.427 0.445 0.776 0.612 25 0 35.48 5.4 0 0.84
60800 10 7 0.017 0.119 0.401 0.753 0.273 25 0 38.88 12.88 0 0.7
60800 10 7 0.035 0.418 0.241 0.798 0.167 25 6 36.44 247.46 0 0.1
60800 10 7 0.056 0.319 0.43 0.816 0.546 25 0 35.3 8.14 0 0.8
60800 10 7 0.115 0.468 0.305 0.822 0.191 26 18 38.12 305.86 0 0
60800 10 7 0.094 0.255 0.101 0.777 0.771 25 1 36.66 7.2 0 0.84
60800 10 7 0.041 0.192 0.171 0.76 0.267 29 3 46.52 123.72 0 0.28
60800 10 7 0.103 0.394 0.364 0.995 0.443 30 0 45.48 20.12 0 0.56
60800 10 7 0.043 0.483 0.008 0.99 0.985 26 0 35.36 9.76 0 0.76
60800 10 7 0.033 0.25 0.053 0.774 0.879 46 0 52.44 6.76 0 0.74
60800 10 7 0.004 0.218 0.185 0.802 0.122 25 1 35.66 192.42 0 0.34
60800 10 7 0.002 0.164 0.313 0.865 0.091 25 4 41.74 73.26 0 0.6
60800 10 7 0.088 0.24 0.115 0.907 0.909 25 1 39.62 12.02 0 0.68
60800 10 7 0.098 0.479 0.29 0.867 0.904 25 0 38.32 5.7 0 0.84
60800 10 7 0.098 0.277 0.216 0.954 0.854 26 0 36.86 10 0 0.68
60800 10 7 0.112 0.305 0.361 0.898 0.113 29 13 45.6 199.74 0 0
60800 10 7 0.113 0.061 0.029 0.789 0.824 25 1 37.42 10.22 0 0.74
60800 10 7 0.085 0.145 0.191 0.77 0.716 26 0 41.22 8.92 0 0.74
60800 10 7 0.044 0.355 0.39 0.83 0.229 32 1 38.46 38.54 0 0.58
60800 10 7 0.11 0.127 0.059 0.869 0.251 28 253 33.22 391.88 0 0
60800 10 7 0.028 0.007 0.449 0.891 0.529 26 1 37.82 12.16 0 0.74
60800 10 7 0.059 0.054 0.454 0.916 0.569 49 0 55.42 7.06 0 0.78
60800 10 7 0.024 0.309 0.346 0.793 0.076 25 55 39.38 231.82 0 0
60800 10 7 0.042 0.258 0.262 0.962 0.21 31 3 49.76 147.24 0 0.1
60800 10 7 0.03 0.188 0.38 0.848 0.882 47 0 53.9 7.26 0 0.7
60800 10 7 0.029 0.283 0.065 0.851 0.218 25 520 32.6 625.72 0 0
60800 10 7 0.044 0.09 0.348 0.82 0.105 55 1 60.34 32.3 0 0.18
60800 10 7 0.055 0.069 0.193 0.816 0.952 25 0 31.74 8.96 0 0.74
60800 10 7 0.066 0.336 0.398 0.824 0.589 25 0 32.64 4.76 0 0.88
60800 10 7 0.009 0.341 0.403 0.823 0.866 25 0 33.02 5.4 0 0.84
60800 10 7 0.102 0.237 0.078 0.935 0.385 28 78 38.26 260.7 0 0
60800 10 7 0.118 0.096 0.104 0.898 0.015 25 660 27.06 879.76 0 0
60800 10 7 0.09 0.388 0.196 0.901 0.958 25 0 38.36 6.4 0 0.82
60800 10 7 0.079 0.292 0.34 0.855 0.267 47 2 58.64 27.84 0 0.42
60800 10 7 0.096 0.413 0.142 0.818 0.596 30 1 37.9 12.08 0 0.66
60800 10 7 0.016 0.149 0.493 0.947 0.534 25 0 36.68 10.76 0 0.74
60800 10 7 0.07 0.06 0.228 0.897 0.175 61 0 76.86 14.82 0 0.52
60800 10 7 0.037 0.056 0.321 0.778 0.669 27 0 42.14 6.52 0 0.74
60800 10 7 0.012 0.347 0.483 0.879 0.284 39 1 50.62 16.92 0 0.58
60800 10 7 0.103 0.065 0.3 0.985 0.531 25 1 35.6 6.82 0 0.88
60800 10 7 0.008 0.331 0.319 0.917 0.977 25 0 38.06 10.72 0 0.74
60800 10 7 0.003 0.044 0.405 0.942 0.506 31 1 44.9 6.44 0 0.8
60800 10 7 0.101 0.2 0.102 0.862 0.114 25 429 27.16 1004.26 0 0
60800 10 7 0.092 0.013 0.398 0.912 0.112 25 0 34.3 11.56 0 0.74
60800 10 7 0.089 0.082 0.32 0.822 0.263 27 0 42.68 7.36 0 0.72
60800 10 7 0.1 0.167 0.354 0.89 0.476 25 0 32.88 4.46 0 0.88
60800 10 7 0.001 0.367 0.379 0.884 0.272 26 1 37.04 38.58 0 0.6
60800 10 7 0.054 0.251 0.393 0.89 0.224 45 1 54.78 30.94 0 0.18
60800 10 7 0.038 0.032 0.431 0.944 0.465 25 0 35.98 6.68 0 0.8
60800 10 7 0.011 0.496 0.173 0.794 0.759 26 1 33.56 12.74 0 0.7
60800 10 7 0.007 0.124 0.167 0.942 0.097 26 6 41.44 169.8 0 0.18
60800 10 7 0.006 0.107 0.283 0.779 0.808 31 0 46.74 4.9 0 0.82
60800 10 7 0.094 0.064 0.432 0.962 0.177 32 0 40.64 7.74 0 0.7
60800 10 7 0.078 0.173 0.199 0.975 0.996 25 0 35.24 5.34 0 0.82
60800 10 7 0.019 0.485 0.348 0.791 0.525 25 1 41.28 12.48 0 0.66
60800 10 7 0.07 0.099 0.381 0.837 0.028 26 40 45.58 92.02 0 0
60800 10 7 0.038 0.212 0.375 0.975 0.521 47 0 53.44 7.06 0 0.7
60800 10 7 0.096 0.12 0.03 0.843 0.128 25 838 27.78 975.2 0 0
60800 10 7 0.116 0.305 0.333 0.955 0.44 36 1 48.08 24.54 0 0.56
60800 10 7 0.098 0.37 0.294 0.853 0.774 25 1 38.1 9.68 0 0.66
60800 10 7 0.085 0.007 0.069 0.808 0.324 25 0 38.64 13.26 0 0.76
60800 10 7 0.057 0.434 0.077 0.839 0.653 26 1 51.24 29.68 0 0.58
60800 10 7 0.067 0.019 0.426 0.939 0.469 32 0 46.2 7.66 0 0.7
60800 10 7 0.089 0.452 0.205 0.935 0.015 25 957 26.38 1022.72 0 0
60800 10 7 0.07 0.322 0.053 0.813 0.823 25 1 41.56 10.9 0 0.76
60800 10 7 0.009 0.142 0.264 0.949 0.47 46 0 53.98 13.98 0 0.72
60800 10 7 0.031 0.298 0.499 0.897 0.657 25 1 37.42 7.54 0 0.76
60800 10 7 0.052 0.43 0.397 0.993 0.513 27 1 41.24 9.66 0 0.68
60800 10 7 0.035 0.275 0.127 0.911 0.309 25 4 37.6 187.12 0 0.24
60800 10 7 0.03 0.247 0.314 0.759 0.266 36 2 43.68 54.18 0 0.2
60800 10 7 0.113 0.002 0.229 0.812 0.204 25 0 39.68 10.8 0 0.74
60800 10 7 0.09 0.197 0.149 0.933 0.988 25 1 36.7 11.42 0 0.72
60800 10 7 0.039 0.449 0.386 0.971 0.282 49 2 64.72 27.98 0 0.42
60800 10 7 0.027 0.444 0.315 0.886 0.932 25 0 39.34 10.34 0 0.7
60800 10 7 0.06 0.158 0.011 0.758 0.958 40 0 46.94 4.58 0 0.78
60800 10 7 0.067 0.055 0.272 0.789 0.749 25 0 38.54 11.1 0 0.78
60800 10 7 0.074 0.139 0.465 0.954 0.011 25 250 37.16 371.88 0 0
60800 10 7 0.006 0.02 0.252 0.764 0.898 26 0 37.14 4.36 0 0.84
60800 10 7 0.088 0.209 0.138 0.769 0.477 49 2 60.16 18 0 0.44
60800 10 7 0.008 0.219 0.462 0.801 0.459 25 0 35.6 9.26 0 0.76
60800 10 7 0.095 0.333 0.108 0.862 0.22 25 164 30.52 691.2 0 0
60800 10 7 0.007 0.287 0.302 0.896 0.453 25 0 41.3 8.58 0 0.72
60800 10 7 0.012 0.111 0.297 0.972 0.129 39 2 50.32 46.4 0 0.34
60800 10 7 0.022 0.137 0.448 0.919 0.27 31 0 38.78 8.54 0 0.72
60800 10 7 0.091 0.298 0.298 0.767 0.037 25 458 27.32 949.94 0 0
60800 10 7 0.077 0.099 0.269 0.986 0.685 25 0 34.54 6.68 0 0.82
60800 10 7 0.073 0.243 0.364 0.773 0.045 25 567 26.32 729.32 0 0
60800 10 7 0.112 0.043 0.456 0.795 0.185 25 0 34.5 10.76 0 0.76
60800 10 7 0.113 0.04 0.336 0.8 0.833 25 0 35.74 6.8 0 0.84
60800 10 7 0.109 0.36 0.349 0.76 0.278 26 1 38.42 30.4 0 0.72
60800 10 7 0.046 0.308 0.446 0.884 0.391 26 0 39.64 11.82 0 0.7
60800 10 7 0.009 0.434 0.216 0.899 0.524 25 0 33.08 10.5 0 0.76
60800 10 7 0.061 0.237 0.316 0.906 0.524 50 0 59.06 7.08 0 0.8
60800 10 7 0.056 0.481 0.097 0.986 0.097 25 650 30.52 856.82 0 0
60800 10 7 0.036 0.005 0.441 0.944 0.905 25 0 33.64 9.6 0 0.76
60800 10 7 0.01 0.42 0.042 0.941 0.678 30 0 40.42 32.36 0 0.58
60800 10 7 0.061 0.072 0.059 0.777 0.593 34 1 47.7 13 0 0.6
60800 10 7 0.042 0.076 0.189 0.91 0.565 25 0 33.22 8.7 0 0.66
60800 10 7 0.046 0.492 0.166 0.969 0.899 39 0 50.48 10 0 0.64
60800 10 7 0.012 0.071 0.177 0.763 0.629 25 1 36.1 9.6 0 0.66
60800 10 7 0.01 0.135 0.243 0.976 0.235 55 1 66.36 17.48 0 0.48
60800 10 7 0.028 0.303 0.226 0.922 0.068 25 563 26.84 745.9 0 0
60800 10 7 0.021 0.246 0.267 0.886 0.731 25 0 36.32 8.34 0 0.74
60800 10 7 0.104 0.21 0.476 0.914 0.524 26 0 37.82 6.7 0 0.76
60800 10 7 0.066 0.383 0.455 0.915 0.3 27 1 39.84 12.74 0 0.66
60800 10 7 0.108 0.395 0.213 0.935 0.554 29 1 53.16 29.74 0 0.28
60800 10 7 0.04 0.151 0.154 0.923 0.977 25 0 35.92 4.14 0 0.86
60800 10 7 0.066 0.106 0.357 0.996 0.311 25 0 39.2 10.76 0 0.74
60800 10 7 0.1 0.414 0.468 0.774 0.532 39 1 48.8 8.12 0 0.74
60800 10 7 0.074 0.008 0.257 0.888 0.883 25 0 34.88 7.82 0 0.78
60800 10 7 0.066 0.125 0.064 0.928 0.083 25 692 27.52 919.96 0 0
60800 10 7 0.012 0.179 0.256 0.877 0.189 27 0 35.84 33.4 0 0.76
60800 10 7 0.008 0.169 0.337 0.996 0.321 25 0 37.7 14.78 0 0.76
60800 10 7 0.041 0.456 0.027 0.794 0.201 25 768 29.92 876.04 0 0
60800 10 7 0.041 0.232 0.052 0.857 0.387 25 216 30.14 516.88 0 0
60800 10 7 0.028 0.435 0.409 0.841 0.782 26 0 44.16 7.92 0 0.72
60800 10 7 0.086 0.366 0.391 0.81 0.919 25 1 36.74 8.12 0 0.72
60800 10 7 0.008 0.286 0.186 0.805 0.804 25 0 35.38 10.12 0 0.74
60800 10 7 0.072 0.484 0.093 0.959 0.928 25 0 34.9 11.74 0 0.72
60800 10 7 0.01 0.366 0.11 0.808 0.136 25 107 31.58 319.12 0 0
60800 10 7 0.02 0.112 0.192 0.926 0.291 27 5 52.12 44.8 0 0.08
60800 10 7 0.07 0.432 0.057 0.989 0.843 28 0 42.16 11.88 0 0.62
60800 10 7 0.062 0.243 0.046 0.765 0.882 57 0 63.24 7.24 0 0.74
60800 10 7 0.056 0.148 0.032 0.931 0.66 30 2 40.14 19.98 0 0.7
60800 10 7 0.078 0.303 0.022 0.85 0.985 25 0 36.34 8.84 0 0.78
60800 10 7 0.054 0.177 0.047 0.75 0.478 27 18 36.06 216.52 0 0
60800 10 7 0.008 0.343 0.174 0.904 0.454 29 1 38.76 53.98 0 0.36
60800 10 7 0.1 0.245 0.308 0.9 0.242 34 2 53.22 61.62 0 0.2
60800 10 7 0.115 0.052 0.491 0.834 0.429 25 0 36.3 8.32 0 0.78
60800 10 7 0.025 0.206 0.222 0.826 0.782 25 0 36.18 8.94 0 0.74
60800 10 7 0.089 0.407 0.137 0.874 0.867 25 0 34.7 5.96 0 0.84
60800 10 7 0.094 0.489 0.337 0.83 0.015 25 1003 26.22 1057.16 0 0
60800 10 7 0.074 0.087 0.246 0.833 0.892 25 0 34.98 9.46 0 0.74
60800 10 7 0.042 0.217 0.17 0.842 0.607 30 0 40.38 12.14 0 0.66
60800 10 7 0.073 0.261 0.243 0.865 0.914 27 0 39.58 6.58 0 0.82
60800 10 7 0.005 0.076 0.108 0.989 0.459 42 1 49.36 24.08 0 0.48
60800 10 7 0.091 0.459 0.427 0.925 0.584 25 0 35.02 10.72 0 0.72
60800 10 7 0.096 0.098 0.357 0.93 0.473 28 0 38.6 8.18 0 0.8
60800 10 7 0.042 0.46 0.458 0.906 0.022 25 492 28.02 724.18 0 0
60800 10 7 0.096 0.271 0.292 0.843 0.869 52 0 62.02 4.62 0 0.76
60800 10 7 0.072 0.129 0.103 0.91 0.033 25 847 27.94 1046.88 0 0
60800 10 7 0.073 0.333 0.334 0.767 0.808 25 0 39.88 10.14 0 0.7
60800 10 7 0.045 0.415 0.28 0.845 0.735 25 0 40.46 10.26 0 0.72
60800 10 7 0.023 0.276 0.214 0.995 0.636 25 0 38.3 17.64 0 0.58
60800 10 7 0.043 0.347 0.31 0.848 0.618 25 1 36.74 6.38 0 0.8
60800 10 7 0.071 0.308 0.379 0.8 0.844 25 0 38.18 5 0 0.86
60800 10 7 0.114 0.17 0.191 0.854 0.978 25 0 37.16 8.54 0 0.76
60800 10 7 0.063 0.37 0.468 0.784 0.995 25 1 36.2 7.98 0 0.78
60800 10 7 0.042 0.344 0.446 0.806 0.128 33 3 47.6 67.84 0 0.24
60800 10 7 0.096 0.163 0.387 0.76 0.271 47 0 56.74 11.2 0 0.62
60800 10 7 0.012 0.263 0.135 0.791 0.894 25 0 36.18 5.82 0 0.84
60800 10 7 0.025 0.154 0.129 0.988 0.627 51 0 56.9 15.26 0 0.54
60800 10 7 0.033 0.092 0.305 0.865 0.024 25 1 35.8 244.18 0 0.18
60800 10 7 0.116 0.366 0.116 0.807 0.789 51 1 56.92 12.34 0 0.54
60800 10 7 0.024 0.496 0.23 0.945 0.288 36 1 44.62 60.46 0 0.18
60800 10 7 0.045 0.354 0.291 0.969 0.157 28 5 37.3 154.12 0 0.04
60800 10 7 0.055 0.161 0.168 0.836 0.002 25 1025 26.44 1098.86 0 0
60800 10 7 0.016 0.296 0.453 0.996 0.96 29 0 38.94 7.86 0 0.74
60800 10 7 0.067 0.289 0.207 0.874 0.033 25 1049 26.26 1078.88 0 0
60800 10 7 0.103 0.151 0.097 0.953 0.948 26 0 34.04 8.5 0 0.84
60800 10 1 0.061 0.121 0.089 0.963 0.318 29 21 37.74 162.34 0 0
60800 10 1 0.008 0.144 0.311 0.808 0.988 93 0 110.66 11.52 0.44 0.68
60800 10 1 0.053 0.472 0.424 0.918 0.767 81 1 97.64 11.64 0.1 0.68
60800 10 1 0.02 0.199 0.295 0.973 0.625 74 1 93.36 10.28 0 0.76
60800 10 1 0.057 0.094 0.433 0.87 0.359 74 0 91.02 10.44 0 0.68
60800 10 1 0.029 0.185 0.171 0.774 0.33 26 3 42.9 80.34 0 0.52
60800 10 1 0.076 0.443 0.061 0.86 0.07 25 1052 26.28 1117.4 0 0
60800 10 1 0.018 0.319 0.242 0.941 0.658 79 2 97.96 21.26 0 0.28
60800 10 1 0.037 0.144 0.353 0.936 0.901 92 0 119.82 5.16 0.7 0.78
60800 10 1 0.048 0.094 0.195 0.832 0.216 45 1 65.64 33.78 0 0.58
60800 10 1 0.063 0.09 0.375 0.883 0.349 87 0 100.88 12.24 0.14 0.7
60800 10 1 0.044 0.146 0.231 0.89 0.136 26 4 40.06 159.18 0 0.1
60800 10 1 0.053 0.305 0.077 0.926 0.411 25 53 32.48 269.74 0 0
60800 10 1 0.118 0.468 0.342 0.95 0.082 25 625 27.22 828.12 0 0
60800 10 1 0.026 0.492 0.007 0.788 0.744 70 2 95.2 13.68 0 0.66
60800 10 1 0.082 0.348 0.467 0.798 0.849 150 0 150 0 1 1
60800 10 1 0.119 0.305 0.263 0.998 0.398 35 2 55.88 45.68 0 0.3
60800 10 1 0.049 0.445 0.423 0.915 0.914 113 1 128.86 9.58 1 0.58
60800 10 1 0.098 0.344 0.156 0.973 0.927 87 0 99.5 9.12 0 0.62
60800 10 1 0.093 0.48 0.088 0.993 0.566 27 4 45.32 69.92 0 0.28
60800 10 1 0.05 0.32 0.033 0.888 0.492 25 597 28.66 743.34 0 0
60800 10 1 0.061 0.075 0.219 0.869 0.443 99 3 108.52 15.32 0.32 0.34
60800 10 1 0.104 0.249 0.057 0.922 0.777 86 3 95.82 14.28 0 0.5
60800 10 1 0.003 0.116 0.394 0.811 0.478 98 0 103.64 8.86 0 0.66
60800 10 1 0.015 0.469 0.037 0.802 0.418 25 542 26.52 937.86 0 0
60800 10 1 0.03 0.345 0.436 0.882 0.204 43 4 60.2 43.88 0 0.34
60800 10 1 0.009 0.05 0.058 0.952 0.426 43 5 56.3 55.06 0 0.08
60800 10 1 0.105 0.154 0.025 0.768 0.281 25 882 26.34 992.4 0 0
60800 10 1 0.015 0.225 0.178 0.976 0.565 69 2 91.66 25.42 0 0.38
60800 10 1 0.05 0.183 0.299 0.756 0.924 115 2 127.76 8.88 1 0.68
60800 10 1 0.105 0.361 0.287 0.81 0.078 25 977 26.04 1067.16 0 0
60800 10 1 0.079 0.062 0.176 0.795 0.49 84 4 99.8 13.26 0.1 0.56
60800 10 1 0.11 0.482 0.223 0.787 0.409 29 5 41.54 102.34 0 0.06
60800 10 1 0.056 0.227 0.372 0.895 0.556 90 0 106.8 12.04 0.42 0.68
60800 10 1 0.052 0.042 0.28 0.945 0.746 90 0 99.44 11.6 0 0.42
60800 10 1 0.102 0.403 0.107 0.812 0.217 25 877 26.1 1058.52 0 0
60800 10 1 0.086 0.3 0.493 0.98 0.916 80 0 101.86 12.52 0.22 0.62
60800 10 7 0.059 0.399 0.193 0.811 0.852 25 0 37.52 8.48 0 0.74
60800 10 7 0.053 0.374 0.131 0.789 0.453 25 4 36.76 125.86 0 0.44
60800 10 7 0.019 0.316 0.196 0.997 0.484 37 2 46.42 29.56 0 0.5
60800 10 7 0.004 0.132 0.22 0.967 0.516 26 0 43.3 9.2 0 0.66
60800 10 7 0.099 0.127 0.107 0.876 0.007 25 1065 26.4 1092.02 0 0
60800 10 7 0.119 0.223 0.221 0.756 0.238 51 24 57.3 67.98 0 0
60800 10 7 0.005 0.291 0.164 0.957 0.162 27 55 36.7 207.54 0 0
60800 10 7 0.116 0.308 0.444 0.949 0.753 25 1 37.62 9.86 0 0.72
60800 10 7 0.076 0.438 0.394 0.938 0.124 25 5 41.78 122.4 0 0.32
60800 10 7 0.039 0.262 0.231 0.92 0.852 25 0 30.78 5.38 0 0.86
60800 10 7 0.118 0.304 0.465 0.806 0.448 27 0 40.4 10.04 0 0.7
60800 10 7 0.053 0.094 0.09 0.773 0.341 32 14 47.16 76.32 0 0
60800 10 7 0.066 0.145 0.478 0.995 0.625 25 0 35.78 9.8 0 0.78
60800 10 7 0.001 0.417 0.328 0.887 0.953 28 0 43.78 7.28 0 0.68
60800 10 7 0.055 0.017 0.377 0.774 0.542 25 0 34.4 7.26 0 0.82
60800 10 7 0.02 0.03 0.469 0.909 0.02 28 1 40.94 15.98 0 0.54
60800 10 7 0.048 0.156 0.126 0.927 0.063 25 231 28.56 788.08 0 0
60800 10 7 0.073 0.387 0.127 0.95 0.37 25 6 45.72 120.92 0 0.18
60800 10 7 0.072 0.031 0.324 0.883 0.543 49 0 55.9 8.88 0 0.64
60800 10 7 0.077 0.141 0.436 0.773 0.626 27 0 34.32 7.62 0 0.7
60800 10 7 0.05 0.169 0.079 0.899 0.037 25 436 34.92 587.22 0 0
60800 10 7 0.003 0.071 0.158 0.775 0.789 26 0 39.82 10.36 0 0.72
60800 10 7 0.109 0.107 0.144 0.845 0.446 43 1 51.72 8.64 0 0.72
60800 10 7 0.072 0.383 0.394 0.965 0.807 25 0 37.08 9.34 0 0.74
60800 10 7 0.012 0.225 0.336 0.919 0.57 46 0 53.42 8.42 0 0.76
60800 10 7 0.054 0.31 0.397 0.788 0.262 28 0 37.46 58.58 0 0.44
60800 10 7 0.115 0.337 0.136 0.97 0.42 28 11 36.76 144.04 0 0
60800 10 7 0.09 0.183 0.022 0.967 0.89 31 0 46.26 6.46 0 0.78
60800 10 7 0.083 0.364 0.07 0.869 0.103 25 904 26.44 1087.9 0 0
60800 10 7 0.075 0.167 0.047 0.789 0.193 25 728 29.38 888.04 0 0
60800 10 7 0.114 0.02 0.087 0.759 0.635 38 0 50.06 7.22 0 0.74
60800 10 7 0.089 0.14 0.267 0.894 0.912 25 0 33.92 9.36 0 0.62
60800 10 7 0.102 0.068 0.025 0.879 0.947 25 0 35.28 10.94 0 0.82
60800 10 7 0.051 0.269 0.44 0.948 0.923 49 0 56.9 6.84 0 0.66
60800 10 7 0.008 0.122 0.042 0.935 0.965 25 0 35.9 4.92 0 0.86
60800 10 7 0.086 0.366 0.358 0.876 0.955 27 0 36.22 6.92 0 0.74
60800 10 8 0.069 0.056 0.278 0.764 0.592 25 0 39.44 6.54 0 0.78
60800 10 8 0.105 0.28 0.286 0.968 0.815 25 0 38.22 4.16 0 0.86
60800 10 8 0.117 0.209 0.224 0.965 0.123 26 30 34.36 416 0 0
60800 10 8 0.066 0.022 0.5 0.818 0.988 27 0 40.18 7.78 0 0.74
60800 10 8 0.107 0.324 0.198 0.785 0.309 39 6 53.7 68.58 0 0.12
60800 10 8 0.006 0.348 0.314 0.821 0.837 25 0 32.74 10.46 0 0.76
60800 10 8 0.011 0.332 0.273 0.875 0.154 29 7 41.86 75 0 0.36
60800 10 8 0.099 0.33 0.355 0.935 0.844 25 0 37.3 9.72 0 0.78
60800 10 8 0.114 0.003 0.06 0.848 0.91 25 0 34.38 10.2 0 0.74
60800 10 8 0.019 0.265 0.328 0.838 0.921 25 0 34.18 5.76 0 0.82
60800 10 8 0.097 0.103 0.48 0.997 0.472 25 0 38.54 8.66 0 0.74
60800 10 8 0.013 0.443 0.088 0.754 0.407 25 4 33.8 209.16 0 0.32
60800 10 8 0.04 0.386 0.033 0.827 0.022 25 1203 26.54 1256.72 0 0
60800 10 8 0.002 0.491 0.248 0.803 0.702 50 0 56.24 7.24 0 0.7
60800 10 8 0.046 0.298 0.098 0.937 0.893 25 0 34.04 7.2 0 0.86
60800 10 8 0.006 0.483 0.43 0.755 0.6 26 1 38.58 8.28 0 0.76
60800 10 8 0.022 0.375 0.07 0.76 0.104 25 588 32.52 658.36 0 0
60800 10 8 0.056 0.197 0.194 0.782 0.33 29 1 45.26 33.12 0 0.42
60800 10 8 0.108 0.43 0.216 0.855 0.634 43 0 50.1 12.38 0 0.58
60800 10 8 0.02 0.058 0.217 0.898 0.526 28 0 39.88 8.64 0 0.74
60800 10 8 0.031 0.171 0.485 0.897 0.851 25 1 34.74 6.84 0 0.82
60800 10 8 0.107 0.395 0.384 0.795 0.164 34 80 47.84 157.14 0 0
60800 10 8 0.003 0.199 0.362 0.771 0.566 31 0 38.22 9.9 0 0.7
60800 10 8 0.101 0.19 0.311 0.842 0.068 27 246 35.78 308.94 0 0
60800 10 8 0.076 0.405 0.493 0.778 0.071 35 73 42.72 161.58 0 0
60800 10 8 0.027 0.219 0.096 0.859 0.029 25 968 26.36 1119.16 0 0
60800 10 8 0.1 0.47 0.495 0.997 0.223 27 1 44.52 87.7 0 0.36
60800 10 8 0.069 0.121 0.316 0.85 0.91 26 0 39.62 6.5 0 0.76
60800 10 8 0.105 0.159 0.07 0.826 0.179 25 30 40.82 235.76 0 0
60800 10 8 0.068 0.134 0.091 0.943 0.426 36 1 49.3 42.26 0 0.44
60800 10 8 0.064 0.337 0.26 0.763 0.688 26 1 41.02 12.32 0 0.7
60800 10 8 0.039 0.383 0.399 0.845 0.013 25 489 35.5 586.36 0 0
60800 10 8 0.099 0.236 0.093 0.808 0.46 28 51 40.34 130.94 0 0
60800 10 8 0.065 0.323 0.191 0.991 0.624 26 0 42 11.7 0 0.68
60800 10 8 0.041 0.12 0.492 0.887 0.924 25 1 36.18 10.32 0 0.62
60800 10 8 0.063 0.038 0.372 0.88 0.028 25 2 41.22 47.38 0 0.54
60800 10 8 0.041 0.356 0.334 0.889 0.314 47 0 53.3 44.76 0 0.14
60800 10 8 0.068 0.26 0.488 0.918 0.031 25 5 44.22 217.96 0 0.12
60800 10 8 0.093 0.309 0.329 0.913 0.695 25 0 34.68 9.58 0 0.76
60800 10 8 0.037 0.401 0.239 0.903 0.52 44 1 52.98 12.96 0 0.56
60800 10 8 0.077 0.107 0.012 0.77 0.665 40 0 53.4 6.88 0 0.7
60800 10 8 0.047 0.476 0.005 0.879 0.244 25 1111 26.4 1162.3 0 0
60800 10 8 0.065 0.109 0.227 0.81 0.776 49 0 59.22 5.92 0 0.78
60800 10 8 0.087 0.039 0.028 0.763 0.512 25 0 35.6 9.04 0 0.76
60800 10 8 0.119 0.153 0.411 0.897 0.925 25 0 35.1 5.64 0 0.8
60800 10 8 0.106 0.39 0.474 0.926 0.547 25 0 37.78 5.06 0 0.86
60800 10 8 0.074 0.065 0.416 0.915 0.521 25 0 34.36 7.62 0 0.78
60800 10 8 0.067 0.32 0.197 0.792 0.662 45 1 54.8 6.38 0 0.78
60800 10 8 0.113 0.469 0.436 0.89 0.019 25 271 32.22 730.98 0 0
60800 10 8 0.035 0.324 0.464 0.856 0.29 54 0 65.68 20.3 0 0.26
60800 10 8 0.06 0.395 0.32 0.844 0.672 25 1 34.38 9.98 0 0.7
60800 10 8 0.092 0.314 0.406 0.798 0.124 28 2 44.14 133.52 0 0.1
60800 10 8 0.093 0.285 0.431 0.922 0.815 25 0 37.5 7.78 0 0.8
60800 10 8 0.095 0.036 0.178 0.935 0.296 25 0 34.8 10.36 0 0.82
60800 10 8 0.076 0.488 0.309 0.983 0.831 34 0 43.9 5.82 0 0.8
60800 10 8 0.104 0.356 0.357 0.884 0.348 28 0 43.1 28.18 0 0.52
60800 10 8 0.027 0.097 0.289 0.773 0.601 25 0 34.36 6.64 0 0.74
60800 10 8 0.095 0.043 0.36 0.989 0.649 25 0 37.52 9.44 0 0.74
60800 10 8 0.074 0.439 0.334 0.786 0.37 28 0 40.06 55.22 0 0.28
60800 10 8 0.075 0.462 0.221 0.953 0.671 51 0 56.32 10.7 0 0.66
60800 10 8 0.106 0.184 0.151 0.864 0.892 25 0 35.32 9.18 0 0.74
60800 10 8 0.018 0.328 0.408 0.805 0.708 25 0 34.4 9.5 0 0.7
60800 10 8 0.091 0.085 0.081 0.78 0.241 29 78 37.38 126.9 0 0
60800 10 8 0.093 0.37 0.151 0.916 0.607 43 2 51.14 24.62 0 0.48
60800 10 8 0.05 0.277 0.383 0.813 0.729 45 0 51.66 7.2 0 0.72
60800 10 8 0.089 0.183 0.158 0.916 0.74 27 0 39.54 11.08 0 0.76
60800 10 8 0.042 0.49 0.224 0.994 0.734 39 0 48.64 6.96 0 0.8
60800 10 8 0.105 0.294 0.384 0.8 0.145 35 2 52.02 44.24 0 0.2
60800 10 8 0.046 0.116 0.342 0.765 0.823 25 1 38.1 9.6 0 0.72
60800 10 8 0.033 0.166 0.246 0.82 0.858 25 0 37.12 10.06 0 0.74
60800 10 8 0.072 0.068 0.239 0.976 0.778 25 0 37.52 9.86 0 0.7
60800 10 8 0.022 0.089 0.177 0.887 0.404 31 1 41.96 20.7 0 0.64
60800 10 8 0.038 0.167 0.002 0.876 0.989 25 0 35.9 9.12 0 0.82
60800 10 8 0.103 0.182 0.061 0.854 0.881 25 0 35.08 5.04 0 0.84
60800 10 8 0.014 0.225 0.036 0.81 0.397 25 434 29.18 614 0 0
60800 10 8 0.061 0.202 0.389 0.927 0.187 40 20 55.2 53.62 0 0
60800 10 8 0.017 0.141 0.389 0.808 0.095 43 3 51.9 52.92 0 0.32
60800 10 8 0.02 0.009 0.126 0.837 0.987 26 0 42 8.28 0 0.66
60800 10 8 0.01 0.291 0.255 0.867 0.691 25 0 39.1 11.12 0 0.64
60800 10 8 0.044 0.244 0.463 0.972 0.454 25 0 38.56 10.08 0 0.72
60800 10 8 0.082 0.127 0.146 0.798 0.713 25 1 36.24 8.08 0 0.88
60800 10 8 0.002 0.383 0.447 0.914 0.147 29 1 46.82 60.42 0 0.56
60800 10 8 0.097 0.088 0.474 0.853 0.676 25 0 36.36 7.38 0 0.8
60800 10 8 0.107 0.373 0.477 0.862 0.789 25 1 37.02 9.72 0 0.72
60800 10 8 0.102 0.013 0.381 0.924 0.177 25 0 34.18 7.94 0 0.74
60800 10 8 0.09 0.494 0.475 0.908 0.787 25 0 38.18 9.64 0 0.72
60800 10 8 0.094 0.112 0.094 0.795 0.128 25 70 40.1 463.4 0 0
60800 10 8 0.025 0.173 0.453 0.807 0.586 25 0 36.02 9.54 0 0.76
60800 10 8 0.032 0.154 0.212 0.972 0.494 48 1 52.82 14.14 0 0.5
60800 10 8 0.084 0.476 0.015 0.838 0.907 29 1 38.76 9.96 0 0.66
60800 10 8 0.045 0.26 0.239 0.785 0.098 31 36 46.04 167.38 0 0
60800 10 8 0.039 0.214 0.347 0.984 0.881 26 0 41.92 8.54 0 0.72
60800 10 8 0.083 0.444 0.361 0.859 0.558 26 1 38.18 9.8 0 0.72
60800 10 8 0.021 0.022 0.192 0.806 0.846 25 0 38.6 9.28 0 0.7
60800 10 8 0.035 0.077 0.488 0.908 0.786 25 0 35.94 7.06 0 0.76
60800 10 8 0.089 0.418 0.057 0.952 0.691 25 2 40.44 26.2 0 0.62
60800 10 8 0.05 0.288 0.494 0.975 0.84 25 0 36.82 6.04 0 0.8
60800 10 8 0.076 0.095 0.19 0.849 0.752 25 0 35.22 7.8 0 0.8
60800 10 8 0.004 0.106 0.157 0.889 0.21 27 1 42.76 71.46 0 0.42
60800 10 8 0.046 0.3 0.316 0.923 0.269 27 1 41.94 50.56 0 0.62
60800 10 8 0.073 0.456 0.373 0.922 0.766 25 0 35.62 8.84 0 0.72
60800 10 8 0.048 0.388 0.198 0.899 0.443 25 2 40.52 70.84 0 0.66
60800 10 8 0.102 0.434 0.129 0.942 0.834 27 0 40.68 2.48 0 0.88
60800 10 8 0.091 0.455 0.103 0.757 0.819 35 0 53.5 11 0 0.66
60800 10 8 0.08 0.396 0.383 0.994 0.654 25 0 35.02 7.74 0 0.8
60800 10 8 0.081 0.069 0.037 0.9 0.525 39 1 46.44 11.32 0 0.58
60800 10 8 0.065 0.202 0.499 0.883 0.675 25 2 37.58 12.26 0 0.72
60800 10 8 0.079 0.162 0.296 0.955 0.524 25 1 35.78 9.86 0 0.78
60800 10 8 0.036 0.271 0.294 0.769 0.15 26 4 41.88 187.88 0 0.04
60800 10 8 0.028 0.147 0.15 0.902 0.477 33 0 43.48 18.96 0 0.5
60800 10 8 0.01 0.285 0.177 0.981 0.182 25 3 41.28 170.3 0 0.08
60800 10 8 0.065 0.107 0.329 0.884 0.784 25 1 38.08 11.56 0 0.74
60800 10 8 0.095 0.158 0.288 0.984 0.709 25 0 40.76 10.16 0 0.66
60800 10 8 0.054 0.049 0.189 0.812 0.606 26 0 37.34 7 0 0.82
60800 10 8 0.108 0.245 0.413 0.893 0.507 25 0 39.66 10.88 0 0.74
60800 10 8 0.043 0.404 0.299 0.966 0.734 25 0 35.98 8.98 0 0.72
60800 10 8 0.097 0.357 0.382 0.839 0.258 31 2 47.7 44.24 0 0.46
60800 10 8 0.08 0.411 0.408 0.912 0.143 25 2 40.78 111.06 0 0.44
60800 10 8 0.066 0.491 0.051 0.84 0.611 27 2 36.96 50.44 0 0.5
60800 10 8 0.083 0.248 0.245 0.876 0.642 31 0 46.58 5.42 0 0.76
60800 10 8 0.107 0.465 0.372 0.994 0.396 25 2 41.96 34.58 0 0.52
60800 10 8 0.03 0.239 0.107 0.991 0.915 25 0 31.7 9.56 0 0.78
60800 10 8 0.023 0.123 0.395 0.865 0.282 25 0 38.16 10.98 0 0.64
60800 10 8 0.091 0.386 0.334 0.933 0.503 30 1 39.76 20.12 0 0.64
60800 10 8 0.05 0.369 0.225 0.951 0.724 25 0 38.92 10.82 0 0.72
60800 10 8 0.094 0.499 0.173 0.936 0.38 25 18 39.72 230.56 0 0
60800 10 8 0.048 0.468 0.196 0.772 0.906 25 0 36.84 4.56 0 0.88
60800 10 8 0.069 0.12 0.495 0.916 0.62 26 0 36.28 9.38 0 0.7
60800 10 8 0.112 0.488 0.014 0.842 0.611 30 5 51.42 74.78 0 0.24
60800 10 8 0.037 0.456 0.493 0.759 0.949 25 0 32.66 11.28 0 0.74
60800 10 8 0.009 0.258 0.286 0.822 0.975 25 0 36.68 9.42 0 0.74
60800 10 8 0.009 0.379 0.411 0.996 0.94 25 0 34.42 9.74 0 0.74
60800 10 8 0.006 0.283 0.259 0.804 0.288 48 1 62.76 38.08 0 0.28
60800 10 8 0.04 0.284 0.155 0.776 0.687 25 0 36.4 17.1 0 0.64
60800 10 8 0.043 0.484 0.033 0.992 0.935 25 1 36.02 12.56 0 0.68
60800 10 8 0.08 0.371 0.328 0.76 0.709 25 0 37.1 9.1 0 0.74
60800 10 8 0.074 0.285 0.49 0.941 0.754 25 0 35.64 10.68 0 0.76
60800 10 8 0.097 0.399 0.173 0.963 0.984 25 0 35.94 9.94 0 0.76
60800 10 8 0.005 0.189 0.474 0.858 0.949 25 1 35.76 6.64 0 0.84
60800 10 8 0.11 0.282 0.185 0.954 0.19 25 324 31.94 531.92 0 0
60800 10 8 0.079 0.38 0.383 0.943 0.031 30 60 38.64 253.04 0 0
60800 10 8 0.098 0.111 0.385 0.771 0.084 41 2 54.02 58.96 0 0.32
60800 10 8 0.031 0.296 0.21 0.882 0.06 25 546 27.78 800.2 0 0
60800 10 8 0.019 0.022 0.425 0.927 0.918 25 0 35.42 10.82 0 0.76
60800 10 8 0.067 0.46 0.237 0.798 0.239 31 50 42.58 145.76 0 0
60800 10 8 0.002 0.065 0.347 0.953 0.409 25 0 35.76 10.6 0 0.7
60800 10 8 0.011 0.17 0.451 0.887 0.758 25 0 34.24 8.76 0 0.78
60800 10 8 0.014 0.249 0.186 0.866 0.871 48 0 56.16 7.1 0 0.78
60800 10 8 0.101 0.41 0.457 0.911 0.914 25 0 35.88 7.06 0 0.8
60800 10 8 0.094 0.124 0.324 0.826 0.258 36 0 49.86 11.84 0 0.62
60800 10 8 0.051 0.442 0.394 0.872 0.215 26 0 37.72 71.86 0 0.48
60800 10 8 0.051 0.02 0.255 0.924 0.723 25 0 33.1 6.54 0 0.9
60800 10 8 0.07 0.091 0.135 0.759 0.554 26 1 36.92 13.98 0 0.72
60800 10 8 0.061 0.322 0.328 0.936 0.764 38 0 47.5 7.78 0 0.66
60800 10 8 0.082 0.36 0.467 0.84 0.26 28 1 38.28 24.9 0 0.46
60800 10 8 0.054 0.302 0.062 0.855 0.936 44 0 51.84 5.76 0 0.74
60800 10 8 0.067 0.397 0.128 0.913 0.84 25 0 39.7 8.14 0 0.74
60800 10 8 0.072 0.438 0.212 0.789 0.471 31 0 52.84 47.56 0 0.22
60800 10 8 0.012 0.245 0.432 0.759 0.434 26 0 40.7 9.42 0 0.72
60800 10 8 0.108 0.024 0.055 0.973 0.988 25 1 35.88 8.98 0 0.8
60800 10 8 0.07 0.094 0.106 0.881 0.804 25 0 35.28 5.28 0 0.84
60800 10 8 0.115 0.266 0.007 0.929 0.836 54 1 64.5 12.44 0 0.56
60800 10 8 0.079 0.465 0.43 0.815 0.086 33 9 42.96 196.24 0 0.04
60800 10 8 0.009 0.216 0.058 0.809 0.296 25 206 30.4 443.4 0 0
60800 10 8 0.081 0.366 0.301 0.801 0.206 29 25 47.04 105.38 0 0
60800 10 8 0.032 0.411 0.108 0.785 0.932 25 0 35.24 10.5 0 0.76
60800 10 8 0.036 0.405 0.31 0.874 0.623 28 0 59.54 9.9 0 0.64
60800 10 8 0.084 0.098 0.175 0.961 0.382 32 0 36.76 3.18 0 0.88
60800 10 8 0.069 0.284 0.378 0.764 0.677 25 0 41.32 10.52 0 0.72
60800 10 8 0.068 0.112 0.401 0.757 0.1 37 1 49.1 40.82 0 0.48
60800 10 8 0.089 0.196 0.151 0.945 0.16 25 441 29.02 513.82 0 0
60800 10 8 0.04 0.411 0.021 0.927 0.604 30 6 55.42 72.46 0 0.38
60800 10 8 0.086 0.356 0.344 0.83 0.053 28 20 39.76 237.8 0 0
60800 10 8 0.029 0.135 0.459 0.788 0.164 36 0 48.5 18.08 0 0.7
60800 10 8 0.014 0.289 0.388 0.799 0.22 34 1 47.62 39.24 0 0.52
60800 10 8 0.055 0.283 0.475 0.92 0.789 25 0 34.2 9.6 0 0.74
60800 10 8 0.081 0.171 0.306 0.848 0.051 25 369 33.74 488.48 0 0
60800 10 8 0.015 0.465 0.17 0.912 0.852 25 1 38.46 10.42 0 0.68
60800 10 8 0.016 0.094 0.318 0.802 0.635 25 0 32.3 9.38 0 0.68
60800 10 8 0.003 0.181 0.384 0.864 0.766 25 0 36.48 7.2 0 0.72
60800 10 8 0.027 0.002 0.08 0.821 0.051 25 0 34.98 5.3 0 0.86
60800 10 8 0.119 0.093 0.285 0.948 0.407 25 0 35.2 8.64 0 0.74
60800 10 8 0.108 0.026 0.385 0.96 0.413 25 1 38.9 13.1 0 0.7
60800 10 8 0.088 0.275 0.214 0.796 0.903 25 0 34.4 10.4 0 0.7
60800 10 8 0.091 0.464 0.412 0.927 0.908 25 0 35.68 8.7 0 0.84
60800 10 8 0.12 0.121 0.378 0.982 0.848 25 0 36.38 9.74 0 0.8
60800 10 8 0.005 0.27 0.109 0.788 0.037 25 484 28.68 702.66 0 0
60800 10 8 0.059 0.383 0.229 0.843 0.326 35 4 48.46 94.06 0 0.1
60800 10 8 0.013 0.282 0.3 0.778 0.809 25 0 34.74 10.92 0 0.72
60800 10 8 0.112 0.093 0.233 0.8 0.946 26 0 36.18 6.06 0 0.82
60800 10 8 0.004 0.213 0.266 0.835 0.593 25 0 36.6 13.6 0 0.82
60800 10 8 0.084 0.44 0.025 0.785 0.225 25 693 30.5 840.1 0 0
60800 10 8 0.001 0.308 0.331 0.994 0.284 29 0 40.26 46.4 0 0.44
60800 10 8 0.064 0.434 0.163 0.964 0.078 25 631 26.44 927.48 0 0
60800 10 8 0.098 0.163 0.302 0.928 0.144 28 0 44.84 51.72 0 0.46
60800 10 8 0.027 0.426 0.228 0.896 0.824 26 0 36.38 9.26 0 0.68
60800 10 8 0.01 0.161 0.322 0.851 0.108 27 0 40.22 65.28 0 0.32
60800 10 8 0.056 0.348 0.342 0.841 0.336 26 1 38.32 29.16 0 0.48
60800 10 8 0.052 0.208 0.2 0.978 0.041 25 129 30.94 420.66 0 0
60800 10 8 0.007 0.184 0.386 0.966 0.946 25 0 36.8 7.4 0 0.78
60800 10 8 0.023 0.267 0.442 0.99 0.105 28 1 64.84 66.8 0 0.52
60800 10 8 0.095 0.063 0.206 0.913 0.558 25 0 36.38 6.74 0 0.86
60800 10 8 0.047 0.099 0.061 0.799 0.117 25 614 30.96 730.18 0 0
60800 10 8 0.099 0.161 0.303 0.894 0.471 26 0 36.3 9.28 0 0.7
60800 10 8 0.033 0.006 0.219 0.885 0.465 25 0 34.78 9.7 0 0.7
60800 10 8 0.025 0.004 0.398 0.885 0.426 25 0 38.24 5.78 0 0.86
60800 10 8 0.11 0.275 0.231 0.831 0.353 32 4 45.58 27.42 0 0.42
60800 10 8 0.09 0.249 0.108 0.901 0.496 38 20 52.44 100.98 0 0
60800 10 8 0.103 0.348 0.495 0.824 0.149 34 15 42.36 84.54 0 0
60800 10 8 0.073 0.304 0.163 0.937 0.939 25 0 34.48 7.96 0 0.82
60800 10 8 0.046 0.097 0.5 0.9 0.4 52 0 61.26 7.8 0 0.76
60800 10 8 0.111 0.235 0.341 0.931 0.972 37 0 50.02 9.12 0 0.66
60800 10 8 0.007 0.446 0.328 0.823 0.979 26 1 40.38 8.84 0 0.72
60800 10 8 0.042 0.384 0.13 0.962 0.755 25 1 33.48 15.52 0 0.72
60800 10 8 0.018 0.117 0.396 0.952 0.968 25 0 37 10.36 0 0.74
60800 10 8 0.056 0.494 0.113 0.753 0.138 25 1060 26.58 1126.42 0 0
60800 10 8 0.051 0.207 0.16 0.776 0.614 35 3 47.02 20.14 0 0.5
60800 10 8 0.119 0.344 0.019 0.872 0.341 25 457 29.42 761.72 0 0
60800 10 8 0.003 0.412 0.281 0.951 0.629 25 0 37.96 13.48 0 0.68
60800 10 8 0.078 0.131 0.376 0.895 0.618 25 0 37.5 8.3 0 0.78
60800 10 8 0.036 0.382 0.304 0.969 0.658 26 0 37.58 9.2 0 0.66
60800 10 8 0.075 0.347 0.023 0.863 0.456 28 80 40.66 255.86 0 0
60800 10 8 0.022 0.486 0.276 0.959 0.959 26 0 40.7 7.8 0 0.72
60800 10 8 0.004 0.381 0.474 0.826 0.302 43 2 53.36 24.64 0 0.62
60800 10 8 0.025 0.075 0.032 0.945 0.982 25 0 39.78 5.2 0 0.84
60800 10 8 0.009 0.134 0.382 0.78 0.777 25 0 41.08 8.72 0 0.72
60800 10 8 0.042 0.059 0.232 0.915 0.107 25 4 40.04 81.08 0 0.2
60800 10 8 0.043 0.37 0.489 0.853 0.642 25 0 38.94 11.2 0 0.66
60800 10 8 0.045 0.255 0.194 0.814 0.676 25 0 36.36 2.6 0 0.88
60800 10 8 0.027 0.133 0.353 0.925 0.742 25 0 34.2 6.68 0 0.8
60800 10 8 0.073 0.275 0.234 0.786 0.577 39 0 48.76 13.9 0 0.64
60800 10 8 0.024 0.017 0.012 0.814 0.494 25 0 41.5 14.5 0 0.62
60800 10 8 0.099 0.148 0.474 0.883 0.526 25 0 37.12 5.54 0 0.82
60800 10 8 0.014 0.457 0.114 0.908 0.44 25 1 35.56 209.24 0 0.12
60800 10 8 0.088 0.194 0.153 0.859 0.223 25 253 35.2 406.5 0 0
60800 10 8 0.064 0.368 0.157 0.944 0.621 38 1 51.04 16.34 0 0.6
60800 10 8 0.099 0.184 0.391 0.879 0.597 25 0 35.14 9.04 0 0.74
60800 10 8 0.068 0.437 0.115 0.92 0.316 25 376 32.44 488.8 0 0
60800 10 8 0.103 0.141 0.255 0.832 0.594 29 0 43.4 6.38 0 0.78
60800 10 8 0.05 0.103 0.12 0.809 0.489 28 0 37.88 19.88 0 0.72
60800 10 8 0.097 0.093 0.47 0.862 0.843 25 0 37.02 6.6 0 0.72
60800 10 8 0.106 0.402 0.036 0.958 0.11 25 719 29.36 903.7 0 0
60800 10 8 0.003 0.293 0.367 0.768 0.582 26 0 38.54 7.28 0 0.78
60800 10 8 0.035 0.46 0.445 0.909 0.614 25 0 36.12 9.84 0 0.8
60800 10 8 0.022 0.265 0.302 0.887 0.056 25 5 35.76 251.2 0 0.34
60800 10 8 0.038 0.162 0.311 0.936 0.623 25 0 34.28 11.56 0 0.76
60800 10 8 0.009 0.262 0.105 0.96 0.399 34 4 52.84 62.62 0 0.3
60800 10 8 0.084 0.297 0.468 0.765 0.608 25 1 39.58 7.24 0 0.74
60800 10 8 0.117 0.328 0.476 0.84 0.4 27 0 39.78 8.86 0 0.62
60800 10 8 0.045 0.146 0.38 0.951 0.435 25 0 35.2 9.4 0 0.74
60800 10 8 0.028 0.321 0.478 0.887 0.783 26 0 37.9 4.96 0 0.72
60800 10 8 0.054 0.077 0.489 0.959 0.491 25 0 35.38 8.78 0 0.74
60800 10 8 0.022 0.282 0.269 0.877 0.668 25 0 40.18 7.86 0 0.68
60800 10 8 0.008 0.396 0.073 0.785 0.101 25 423 27.36 875.48 0 0
60800 10 8 0.074 0.165 0.2 0.828 0.869 26 0 41.4 11.06 0 0.7
60800 10 8 0.077 0.358 0.486 0.979 0.882 25 0 38.74 10.6 0 0.74
60800 10 8 0.091 0.46 0.246 0.936 0.217 33 15 43.42 134.2 0 0
60800 10 8 0.006 0.4 0.133 0.847 0.427 37 2 46.8 43.88 0 0.56
60800 10 8 0.097 0.27 0.381 0.805 0.157 34 2 42.76 80.32 0 0.38
60800 10 8 0.01 0.276 0.16 0.825 0.069 25 218 37.88 500.34 0 0
60800 10 8 0.077 0.347 0.375 0.843 0.358 35 0 44.94 34.24 0 0.44
60800 10 8 0.116 0.235 0.4 0.778 0.984 46 0 59.16 9.2 0 0.68
60800 10 8 0.07 0.119 0.243 0.827 0.227 31 0 45.66 36.18 0 0.32
60800 10 8 0.056 0.363 0.032 0.847 0.833 27 2 41.16 15.56 0 0.68
60800 10 8 0.102 0.017 0.104 0.777 0.345 25 0 34.66 10.64 0 0.74
60800 10 8 0.08 0.324 0.369 0.808 0.293 35 2 47.64 21.92 0 0.58
60800 10 8 0.119 0.4 0.339 0.891 0.199 36 5 51.22 95.4 0 0.26
60800 10 8 0.11 0.146 0.262 0.861 0.217 48 17 56.5 58.08 0 0
60800 10 8 0.046 0.157 0.266 0.886 0.28 37 0 50.44 18.04 0 0.7
60800 10 8 0.074 0.468 0.087 0.943 0.965 26 0 39.58 5.82 0 0.82
60800 10 8 0.01 0.422 0.299 0.787 0.307 33 3 42.64 31.9 0 0.46
60800 10 8 0.055 0.132 0.03 0.91 0.087 25 686 30.02 814.44 0 0
60800 10 8 0.085 0.224 0.461 0.808 0.479 25 1 32.08 5.16 0 0.88
60800 10 8 0.116 0.122 0.091 0.811 0.306 32 76 40.8 133.64 0 0
60800 10 8 0.051 0.488 0.323 0.753 0.884 25 0 37.28 8.12 0 0.74
60800 10 8 0.041 0.216 0.498 0.768 0.721 25 0 35.08 2.94 0 0.9
60800 10 8 0.109 0.214 0.006 0.814 0.702 83 0 93.06 10.04 0 0.5
60800 10 8 0.112 0.479 0.025 0.763 0.367 25 188 33.06 388.48 0 0
60800 10 8 0.004 0.349 0.482 0.842 0.836 25 0 36.14 7 0 0.88
60800 10 8 0.101 0.165 0.074 0.918 0.394 25 7 35.9 197.76 0 0.2
60800 10 8 0.044 0.148 0.464 0.79 0.36 26 0 33.36 8.2 0 0.78
60800 10 8 0.082 0.007 0.129 0.783 0.023 38 0 56.6 43.5 0 0.18
60800 10 8 0.073 0.371 0.453 0.984 0.38 36 0 51.94 15 0 0.62
60800 10 8 0.09 0.455 0.148 0.871 0.635 27 0 38 7.94 0 0.8
60800 10 8 0.028 0.225 0.244 0.882 0.934 25 0 35.44 10.8 0 0.72
60800 10 8 0.015 0.294 0.067 0.899 0.048 25 503 29.5 714.24 0 0
60800 10 8 0.053 0.43 0.116 0.915 0.687 26 0 37.82 9 0 0.78
60800 10 8 0.113 0.499 0.438 0.83 0.499 25 0 37.94 10.4 0 0.72
60800 10 8 0.066 0.491 0.039 0.841 0.997 25 0 38.96 11.14 0 0.74
60800 10 8 0.061 0.144 0.051 0.939 0.269 26 355 33.68 638.04 0 0
60800 10 8 0.109 0.353 0.462 0.83 0.653 25 1 32.04 8.32 0 0.86
60800 10 8 0.039 0.011 0.355 0.804 0.92 25 0 37.8 8.88 0 0.74
60800 10 8 0.104 0.441 0.364 0.998 0.698 25 0 35.44 10.1 0 0.66
60800 10 8 0.026 0.081 0.176 0.909 0.574 41 0 46.7 7.24 0 0.7
60800 10 8 0.115 0.137 0.208 0.831 0.876 25 0 36.78 6.12 0 0.8
60800 10 8 0.094 0.29 0.486 0.906 0.23 31 0 39.28 9 0 0.68
60800 10 8 0.046 0.146 0.065 0.784 0.245 25 664 26.22 780.8 0 0
60800 10 8 0.103 0.147 0.273 1 0.11 33 2 44.32 141.98 0 0.24
60800 10 8 0.06 0.204 0.483 1 0.336 26 0 40.88 7.78 0 0.66
60800 10 8 0.028 0.102 0.081 0.996 0.57 33 1 38.6 32.14 0 0.5
60800 10 8 0.09 0.33 0.499 0.951 0.667 25 0 35.3 8.98 0 0.82
60800 10 8 0.064 0.077 0.304 0.931 0.636 25 0 37.2 6.2 0 0.8
60800 10 8 0.042 0.471 0.364 0.858 0.332 45 2 52.82 44.46 0 0.28
60800 10 8 0.071 0.026 0.455 0.781 0.746 25 0 35.26 10.4 0 0.72
60800 10 8 0.046 0.469 0.307 0.814 0.055 25 518 26.62 739.78 0 0
60800 10 8 0.035 0.227 0.21 0.896 0.193 25 3 48.6 107.84 0 0.58
60800 10 8 0.029 0.355 0.298 0.799 0.635 38 0 48.5 8.48 0 0.66
60800 10 8 0.056 0.054 0.293 0.819 0.068 39 2 50.32 54.9 0 0.24
60800 10 8 0.062 0.49 0.131 0.83 0.946 25 0 32.5 5.28 0 0.84
60800 10 8 0.096 0.336 0.159 0.809 0.664 54 1 61.74 13.56 0 0.58
60800 10 8 0.079 0.447 0.144 0.843 0.686 26 0 46.6 13.42 0 0.56
60800 10 8 0.051 0.268 0.238 0.995 0.27 48 3 60.52 75.82 0 0.32
60800 10 8 0.096 0.478 0.42 0.864 0.491 43 0 55.3 9.92 0 0.68
60800 10 8 0.058 0.262 0.44 0.795 0.135 41 5 47.4 90.72 0 0.08
60800 10 8 0.043 0.418 0.165 0.963 0.68 27 3 40.12 17.28 0 0.68
60800 10 8 0.07 0.074 0.25 0.76 0.719 25 0 32.26 6.36 0 0.88
60800 10 8 0.025 0.457 0.121 0.919 0.494 28 5 43.22 75.2 0 0.46
60800 10 8 0.099 0.192 0.264 0.762 0.365 45 9 59.1 33.9 0 0.02
60800 10 8 0.029 0.087 0.426 0.825 0.183 39 0 53.36 9.48 0 0.7
60800 10 8 0.031 0.07 0.094 0.967 0.134 25 3 44.48 183.34 0 0.4
60800 10 8 0.023 0.499 0.298 0.856 0.201 27 4 54.4 32.88 0 0.48
60800 10 8 0.087 0.446 0.231 0.907 0.477 33 3 45.92 41.88 0 0.44
60800 10 8 0.009 0.469 0.039 0.785 0.724 27 1 36.06 17.6 0 0.6
60800 10 8 0.011 0.061 0.172 0.985 0.154 26 2 45.26 77.04 0 0.4
60800 10 8 0.065 0.192 0.491 0.818 0.172 43 1 55.32 16.14 0 0.48
60800 10 8 0.029 0.186 0.342 0.847 0.196 31 0 40.56 41.34 0 0.64
60800 10 8 0.015 0.292 0.465 0.991 0.405 25 0 34.32 11.88 0 0.6
60800 10 8 0.005 0.013 0.475 0.838 0.094 27 0 38.42 7.16 0 0.8
60800 10 8 0.052 0.378 0.214 0.809 0.601 41 2 53.2 18.04 0 0.62
60800 10 8 0.042 0.148 0.357 0.933 0.776 42 0 52.48 9.78 0 0.66
60800 10 8 0.115 0.319 0.224 0.95 0.035 25 653 27.26 927.08 0 0
60800 10 8 0.118 0.243 0.469 0.752 0.263 37 1 43.52 9.02 0 0.66
60800 10 8 0.083 0.292 0.272 0.917 0.969 25 0 38.54 10.4 0 0.78
60800 10 8 0.075 0.322 0.362 0.923 0.142 26 3 52.44 125.56 0 0.38
60800 10 8 0.113 0.022 0.446 0.95 0.879 25 0 35.22 9.36 0 0.72
60800 10 8 0.027 0.469 0.414 0.775 0.841 25 0 34.4 6.44 0 0.8
60800 10 8 0.08 0.284 0.416 0.784 0.982 25 0 34.5 11.62 0 0.78
60800 10 8 0.049 0.014 0.301 0.903 0.229 51 2 59.84 7 0 0.8
60800 10 8 0.119 0.177 0.34 0.851 0.004 25 756 26.3 977.52 0 0
60800 10 8 0.038 0.306 0.155 0.751 0.831 33 1 43.3 5.68 0 0.76
60800 10 8 0.032 0.327 0.016 0.866 0.796 25 0 51.86 15.76 0 0.6
60800 10 8 0.001 0.401 0.025 0.808 0.908 25 0 39.8 11.2 0 0.68
60800 10 8 0.033 0.339 0.347 0.888 0.259 38 2 55.3 35.28 0 0.42
60800 10 1 0.097 0.019 0.008 0.788 0.427 89 1 102.56 11.88 0.2 0.5
60800 10 1 0.041 0.11 0.145 0.815 0.342 40 1 55.94 45.42 0 0.38
60800 10 1 0.006 0.021 0.372 0.961 0.712 89 0 104.32 8.46 0.04 0.58
60800 10 1 0.085 0.33 0.241 0.841 0.115 26 432 31.32 532.46 0 0
60800 10 1 0.086 0.027 0.063 0.987 0.158 79 0 87.98 17.66 0 0.38
60800 10 1 0.034 0.372 0.363 0.866 0.984 104 1 109.5 9.82 0.26 0.52
60800 10 1 0.052 0.248 0.026 0.891 0.959 97 1 108.46 12.48 0.38 0.5
60800 10 1 0.064 0.143 0.495 0.943 0.165 69 0 90.1 22.8 0 0.54
60800 10 1 0.023 0.365 0.116 0.846 0.092 25 546 26.96 762.48 0 0
60800 10 1 0.105 0.203 0.443 0.808 0.2 65 0 80.64 20.76 0 0.32
60800 10 1 0.012 0.007 0.364 0.981 0.437 92 1 115.86 13.24 0.74 0.48
60800 10 1 0.007 0.344 0.25 0.843 0.627 87 1 97.88 10.7 0 0.64
60800 10 1 0.023 0.465 0.345 0.829 0.714 108 2 114.28 9.1 0.74 0.56
60800 10 1 0.069 0.093 0.473 0.781 0.338 90 1 104.46 11.46 0.32 0.52
60800 10 1 0.09 0.07 0.253 0.846 0.287 83 0 95.54 14.32 0.04 0.48
60800 10 1 0.079 0.294 0.266 0.753 0.861 99 0 108.04 11.56 0.28 0.56
60800 10 1 0.082 0.217 0.493 0.987 0.881 69 1 89.24 18.2 0.12 0.66
60800 10 1 0.043 0.197 0.177 0.754 0.356 33 4 48.44 69.8 0 0.32
60800 10 1 0.019 0.409 0.273 0.947 0.243 26 8 49.74 80.66 0 0.1
60800 10 1 0.063 0.307 0.431 0.994 0.599 82 0 103.8 13.5 0.34 0.68
60800 10 1 0.09 0.147 0.397 0.884 0.849 89 0 98.74 9.56 0 0.62
60800 10 1 0.115 0.078 0.285 0.871 0.436 85 0 101.9 6.94 0.24 0.76
60800 10 1 0.017 0.378 0.171 0.979 0.463 31 1 55.84 43.38 0 0.38
60800 10 1 0.075 0.385 0.363 0.802 0.503 82 0 93.1 14.18 0 0.52
60800 10 1 0.048 0.333 0.359 0.875 0.274 41 4 52.8 52.96 0 0.36
60800 10 1 0.119 0.209 0.144 0.832 0.952 93 0 108.16 13.12 0.34 0.48
60800 10 1 0.094 0.492 0.06 0.859 0.608 51 5 58.18 56.38 0 0.14
60800 10 1 0.009 0.168 0.092 0.794 0.713 95 1 101.54 13.24 0 0.38
60800 10 1 0.036 0.372 0.048 0.779 0.118 25 1014 26.06 1041.8 0 0
60800 10 1 0.065 0.175 0.017 0.825 0.505 25 259 30.88 453.94 0 0
60800 10 1 0.054 0.494 0.124 0.941 0.717 88 2 97.52 17.28 0 0.42
60800 10 1 0.011 0.477 0.13 0.828 0.915 91 1 101 11.98 0 0.26
60800 10 1 0.066 0.06 0.448 0.92 0.291 107 2 117.22 10.68 0.76 0.42
60800 10 1 0.084 0.064 0.053 0.788 0.397 52 2 77.26 25.84 0 0.5
60800 10 1 0.103 0.35 0.318 0.763 0.193 26 44 39.56 144.96 0 0
60800 10 1 0.017 0.427 0.42 0.814 0.207 44 2 65.78 55.62 0 0.16
60800 10 1 0.09 0.376 0.181 0.758 0.516 34 4 49.5 50.8 0 0.32
60800 10 8 0.032 0.215 0.091 0.821 0.728 46 0 56.06 16.44 0 0.48
60800 10 8 0.054 0.483 0.073 0.834 0.247 25 304 28.46 911.9 0 0
60800 10 8 0.024 0.038 0.256 0.818 0.942 25 0 40.68 11.66 0 0.74
60800 10 8 0.046 0.135 0.074 0.832 0.558 73 1 81.6 31.52 0 0.12
60800 10 8 0.093 0.298 0.037 0.983 0.079 25 764 27.3 1056.96 0 0
60800 10 8 0.115 0.26 0.304 0.784 0.923 25 0 37.34 9.34 0 0.7
60800 10 8 0.096 0.258 0.256 0.829 0.094 26 276 32.7 455.14 0 0
60800 10 8 0.063 0.131 0.333 0.895 0.938 25 0 34.24 6.68 0 0.88
60800 10 8 0.067 0.071 0.098 0.951 0.101 26 8 45.58 118.42 0 0.12
60800 10 8 0.066 0.262 0.115 0.857 0.421 26 3 40.04 100.66 0 0.28
60800 10 8 0.052 0.491 0.257 0.88 0.325 26 35 40.78 121.38 0 0
60800 10 8 0.049 0.326 0.497 0.933 0.126 25 4 44.64 85.74 0 0.24
60800 10 8 0.074 0.366 0.45 0.895 0.463 28 0 38.62 11.76 0 0.72
60800 10 8 0.113 0.087 0.08 0.909 0.747 25 0 35.6 8.64 0 0.66
60800 10 8 0.017 0.426 0.44 0.846 0.771 25 1 36.56 10.48 0 0.8
60800 10 8 0.051 0.417 0.235 0.799 0.905 25 0 36.9 10.54 0 0.76
60800 10 8 0.033 0.203 0.006 0.949 0.455 25 222 36.36 579.72 0 0
60800 10 8 0.033 0.208 0.174 0.765 0.608 44 1 47.98 12.4 0 0.66
60800 10 8 0.083 0.391 0.126 0.788 0.688 41 0 51.84 10.9 0 0.66
60800 10 8 0.113 0.139 0.429 0.801 0.521 32 0 43.92 7.66 0 0.66
60800 10 8 0.045 0.01 0.314 0.84 0.826 25 0 37.08 10.12 0 0.76
60800 10 8 0.083 0.083 0.454 0.94 0.227 25 0 37.16 10.62 0 0.72
60800 10 8 0.025 0.462 0.449 0.958 0.736 25 0 33.26 9.18 0 0.72
60800 10 8 0.095 0.071 0.044 0.894 0.331 30 1 42.24 17.68 0 0.56
60800 10 8 0.052 0.38 0.396 0.777 0.598 25 0 31.84 4.54 0 0.86
60800 10 8 0.044 0.202 0.133 0.785 0.879 26 0 35.62 8.96 0 0.76
60800 10 8 0.016 0.265 0.113 0.766 0.655 25 0 37.44 28.22 0 0.64
60800 10 8 0.094 0.398 0.214 0.84 0.923 25 0 35.12 8.66 0 0.7
60800 10 8 0.004 0.46 0.098 0.801 0.575 45 3 52.26 37.12 0 0.26
60800 10 8 0.002 0.066 0.064 0.777 0.153 32 4 54.52 113.36 0 0.18
60800 10 8 0.029 0.401 0.055 0.794 0.819 25 0 37 12.7 0 0.66
60800 10 8 0.07 0.137 0.246 0.965 0.344 37 0 48.34 11.82 0 0.7
60800 10 8 0.093 0.048 0.017 0.939 0.579 25 0 36.9 15.04 0 0.68
60800 10 8 0.107 0.421 0.159 0.856 0.878 25 0 34.32 8.2 0 0.74
60800 10 8 0.019 0.175 0.378 0.833 0.457 26 0 40.32 8.86 0 0.66
60800 10 8 0.097 0.395 0.184 0.992 0.129 25 636 26.22 716.86 0 0
60800 10 8 0.049 0.243 0.078 0.755 0.478 25 3 45.34 163.52 0 0.24
60800 10 8 0.022 0.039 0.312 0.987 0.101 25 1 36.98 13.84 0 0.78
60800 10 8 0.106 0.391 0.329 0.82 0.737 25 0 37.34 9.52 0 0.7
60800 10 8 0.077 0.193 0.319 0.768 0.091 26 28 40.54 210.46 0 0
60800 10 8 0.117 0.286 0.151 0.841 0.846 25 0 34.84 8.2 0 0.78
60800 10 8 0.025 0.167 0.397 0.979 0.302 36 0 44.96 5.62 0 0.78
60800 10 8 0.116 0.47 0.262 0.882 0.786 25 0 33.08 10.52 0 0.7
60800 10 8 0.037 0.163 0.326 0.842 0.093 26 4 49.46 119.84 0 0.3
60800 10 8 0.104 0.119 0.48 0.824 0.987 25 0 40.08 9.9 0 0.72
60800 10 8 0.041 0.133 0.143 0.982 0.611 59 0 64.14 8.84 0 0.64
60800 10 8 0.033 0.362 0.321 0.97 0.457 50 0 58.48 18.34 0 0.52
60800 10 8 0.066 0.04 0.019 0.914 0.715 26 0 38.46 7.44 0 0.76
60800 10 8 0.056 0.445 0.062 0.923 0.426 29 131 35.24 490.56 0 0
60800 10 8 0.097 0.184 0.117 0.949 0.485 31 2 62.68 61.62 0 0.16
60800 10 8 0.033 0.149 0.436 0.961 0.367 27 0 38.74 9.16 0 0.74
60800 10 8 0.028 0.252 0.31 0.908 0.999 25 0 37.94 11.08 0 0.74
60800 10 8 0.041 0.462 0.385 0.791 0.504 38 0 46.2 10.82 0 0.62
60800 10 8 0.087 0.406 0.098 0.959 0.512 35 2 47.22 56.44 0 0.42
60800 10 8 0.089 0.039 0.408 0.851 0.672 25 0 34.68 9.96 0 0.78
60800 10 8 0.09 0.263 0.442 0.998 0.409 25 0 39.18 8.92 0 0.74
60800 10 8 0.034 0.1 0.405 0.81 0.136 27 0 35.98 25.64 0 0.64
60800 10 8 0.011 0.435 0.133 0.856 0.355 26 1 43.52 148.58 0 0.26
60800 10 8 0.102 0.218 0.128 0.984 0.045 25 174 29.1 732.86 0 0
60800 10 8 0.005 0.342 0.192 0.916 0.428 40 2 52.54 32.6 0 0.28
60800 10 8 0.003 0.474 0.327 0.888 0.323 27 0 36.68 32.08 0 0.68
60800 10 8 0.08 0.363 0.064 0.88 0.3 25 126 32.74 691.44 0 0
60800 10 8 0.013 0.044 0.143 0.836 0.102 41 0 49.62 45.72 0 0.24
60800 10 8 0.106 0.267 0.482 0.958 0.979 25 0 33.96 10.02 0 0.76
60800 10 8 0.073 0.17 0.01 0.856 0.513 26 166 33.3 255.56 0 0
60800 10 8 0.012 0.436 0.254 0.957 0.295 45 2 57.18 51.62 0 0.4
60800 10 8 0.042 0.482 0.091 0.845 0.705 25 0 33.6 24.16 0 0.64
60800 10 8 0.073 0.38 0.211 0.986 0.164 38 9 49.92 210.94 0 0.12
60800 10 8 0.029 0.291 0.116 0.9 0.137 25 862 26.78 904.12 0 0
60800 10 8 0.004 0.084 0.27 0.81 0.566 25 0 34.9 11.14 0 0.72
60800 10 8 0.024 0.422 0.49 0.904 0.889 25 0 35.78 9.9 0 0.76
60800 10 8 0.083 0.337 0.305 0.753 0.767 25 0 40.28 8.54 0 0.66
60800 10 8 0.058 0.285 0.002 0.814 0.194 25 557 29.36 875.64 0 0
60800 10 8 0.107 0.401 0.447 0.866 0.498 25 0 31.18 7.6 0 0.84
60800 10 8 0.095 0.179 0.316 0.908 0.364 26 1 40.66 11.52 0 0.58
60800 10 8 0.02 0.003 0.366 0.952 0.8 25 1 37.58 7.76 0 0.74
60800 10 8 0.113 0.157 0.096 0.886 0.572 58 0 63.94 12.92 0 0.46
60800 10 8 0.015 0.002 0.291 0.917 0.223 25 0 36.1 1.86 0 0.94
60800 10 8 0.018 0.033 0.185 0.918 0.927 29 0 41.54 6.2 0 0.76
60800 10 8 0.002 0.214 0.386 0.922 0.07 25 1 42.66 115.6 0 0.5
60800 10 8 0.008 0.058 0.071 0.879 0.122 31 25 41.06 143.38 0 0
60800 10 8 0.048 0.439 0.173 0.862 0.354 26 16 46.52 90.1 0 0
60800 10 8 0.066 0.243 0.255 0.758 0.916 25 0 35.7 7.12 0 0.8
60800 10 8 0.048 0.269 0.212 0.999 0.875 25 0 37.28 9 0 0.74
60800 10 8 0.079 0.045 0.32 0.987 0.603 25 0 40.08 8.62 0 0.74
60800 10 8 0.117 0.403 0.437 0.877 0.735 25 1 32.74 10.74 0 0.78
60800 10 8 0.05 0.417 0.209 0.886 0.381 34 1 54.86 65 0 0.4
60800 10 8 0.098 0.255 0.233 0.844 0.722 25 0 39.88 6.02 0 0.82
60800 10 8 0.069 0.13 0.272 0.822 0.069 25 8 39.32 159.82 0 0.06
60800 10 8 0.104 0.198 0.348 0.859 0.433 27 0 35.82 8.36 0 0.72
60800 10 8 0.107 0.156 0.18 0.814 0.115 29 135 39.06 262.3 0 0
60800 10 8 0.043 0.42 0.024 0.879 0.716 27 1 40.7 30 0 0.58
60800 10 8 0.022 0.285 0.157 0.861 0.872 25 0 33.72 10.68 0 0.72
60800 10 8 0.107 0.271 0.227 0.86 0.147 25 505 32.38 595.04 0 0
60800 10 8 0.096 0.017 0.229 0.751 0.753 25 0 33.2 4.4 0 0.86
60800 10 8 0.047 0.137 0.065 0.779 0.697 30 0 48.32 15.9 0 0.6
60800 10 8 0.052 0.192 0.102 0.937 0.233 25 41 43.94 176.18 0 0
60800 10 8 0.08 0.343 0.063 0.772 0.487 31 115 41.8 223.14 0 0
60800 10 8 0.02 0.398 0.242 0.754 0.136 27 5 45.4 59.32 0 0.12
60800 10 8 0.117 0.218 0.311 0.988 0.562 29 0 45.02 6.8 0 0.78
60800 10 8 0.056 0.163 0.137 0.847 0.169 25 15 28 442.56 0 0
60800 10 8 0.099 0.401 0.272 0.817 0.118 29 34 35.08 243.78 0 0
60800 10 8 0.104 0.002 0.348 0.766 0.284 25 0 35.02 11.38 0 0.76
60800 10 8 0.072 0.055 0.039 0.965 0.505 26 0 39.28 9.44 0 0.76
60800 10 8 0.113 0.255 0.207 0.947 0.762 25 0 34.06 5.92 0 0.78
60800 10 8 0.003 0.123 0.084 0.755 0.125 25 2 45.66 141.84 0 0.34
60800 10 8 0.11 0.334 0.467 0.861 0.666 25 0 38.18 8.12 0 0.74
60800 10 8 0.008 0.369 0.079 0.754 0.057 25 597 31.28 767.34 0 0
60800 10 8 0.094 0.133 0.01 0.987 0.92 25 0 36.3 9.9 0 0.72
60800 10 8 0.03 0.437 0.495 0.808 0.276 34 1 40.94 6.74 0 0.72
60800 10 8 0.068 0.162 0.195 0.774 0.506 38 0 50.46 18.52 0 0.46
60800 10 8 0.025 0.114 0.305 0.986 0.7 25 0 37.12 7.94 0 0.76
60800 10 8 0.024 0.407 0.194 0.757 0.058 25 378 30.24 577.86 0 0
60800 10 8 0.001 0.304 0.383 0.752 0.336 25 0 39.26 27.04 0 0.64
60800 10 8 0.016 0.371 0.299 0.751 0.705 25 0 45.3 9.28 0 0.74
60800 10 8 0.053 0.475 0.255 0.993 0.495 42 2 48 21.16 0 0.5
60800 10 8 0.092 0.248 0.169 0.814 0.084 25 651 26.56 867.46 0 0
60800 10 8 0.006 0.339 0.424 0.974 0.839 38 0 46.74 6.62 0 0.66
60800 10 8 0.019 0.004 0.217 0.773 0.962 25 0 34.7 10.22 0 0.78
60800 10 8 0.019 0.404 0.028 0.77 0.928 25 0 35.9 9.14 0 0.72
60800 10 8 0.05 0.364 0.176 0.882 0.455 26 1 35.24 64.7 0 0.54
60800 10 8 0.085 0.368 0.27 0.77 0.476 34 1 58 35.72 0 0.26
60800 10 8 0.095 0.375 0.017 0.772 0.563 31 106 36.58 178.92 0 0
60800 10 8 0.065 0.2 0.28 0.967 0.623 45 0 55.74 8.14 0 0.74
60800 10 8 0.019 0.009 0.137 0.989 0.511 25 0 37.62 10.3 0 0.76
60800 10 8 0.023 0.409 0.088 0.923 0.717 27 1 37.38 23.6 0 0.6
60800 10 8 0.062 0.193 0.051 0.759 0.269 25 923 26.18 977.08 0 0
60800 10 8 0.095 0.234 0.236 0.99 0.095 25 606 27.66 688.02 0 0
60800 10 8 0.081 0.399 0.39 0.787 0.795 25 1 33.02 7.28 0 0.82
60800 10 8 0.12 0.278 0.169 0.944 0.963 26 1 38.9 10 0 0.7
60800 10 8 0.055 0.287 0.043 0.976 0.073 25 1167 26.44 1223.74 0 0
60800 10 8 0.096 0.153 0.047 0.805 0.869 25 1 35.04 10.72 0 0.72
60800 10 8 0.096 0.039 0.478 0.99 0.104 25 0 40.16 8.92 0 0.74
60800 10 8 0.075 0.293 0.013 0.922 0.814 26 0 39.52 14.66 0 0.62
60800 10 8 0.016 0.392 0.191 0.947 0.519 50 2 56.6 23.76 0 0.42
60800 10 8 0.047 0.215 0.471 0.862 0.176 40 1 49.32 26.28 0 0.2
60800 10 8 0.043 0.346 0.029 0.881 0.302 25 59 41.98 269.1 0 0
60800 10 8 0.029 0.343 0.045 0.761 0.14 25 953 26.52 1197.84 0 0
60800 10 8 0.093 0.217 0.084 0.997 0.745 26 1 40.02 11.22 0 0.76
60800 10 8 0.073 0.466 0.379 0.991 0.584 25 1 36.48 12.72 0 0.68
60800 10 8 0.09 0.294 0.192 0.989 0.877 25 0 40.2 11.7 0 0.7
60800 10 8 0.018 0.397 0.461 0.837 0.934 25 1 36.26 9.2 0 0.7
60800 10 8 0.021 0.317 0.296 0.884 0.993 26 0 40.34 7.44 0 0.7
60800 10 8 0.062 0.307 0.141 0.89 0.454 30 25 40.02 97.46 0 0
60800 10 8 0.094 0.067 0.323 0.787 0.387 25 0 37.22 10.32 0 0.72
60800 10 8 0.006 0.494 0.386 0.857 0.728 25 1 35.66 11.06 0 0.72
60800 10 8 0.083 0.159 0.328 0.883 0.398 25 1 37.42 11.04 0 0.7
60800 10 8 0.001 0.233 0.056 0.972 0.843 47 0 61.16 10.3 0 0.7
60800 10 8 0.014 0.142 0.388 0.814 0.698 25 0 40.06 9.12 0 0.76
60800 10 8 0.082 0.341 0.25 0.933 0.14 25 12 42.82 207.04 0 0
60800 10 8 0.092 0.428 0.204 0.896 0.343 27 5 40.04 174.14 0 0.18
60800 10 8 0.037 0.492 0.475 0.787 0.46 25 0 33.14 5.14 0 0.84
60800 10 8 0.085 0.349 0.355 0.79 0.571 28 0 43.84 10.08 0 0.7
60800 10 8 0.082 0.065 0.293 0.879 0.288 25 0 32.86 5.96 0 0.86
60800 10 8 0.041 0.166 0.114 0.956 0.024 25 806 26.1 901.02 0 0
60800 10 8 0.02 0.284 0.048 0.924 0.142 25 568 27.24 867.36 0 0
60800 10 8 0.117 0.042 0.074 0.786 0.124 32 45 37.96 125.1 0 0
60800 10 8 0.037 0.429 0.068 0.809 0.937 25 0 38.1 4.56 0 0.84
60800 10 8 0.112 0.428 0.419 0.834 0.616 25 0 36.68 9.3 0 0.72
60800 10 8 0.089 0.186 0.391 0.831 0.206 25 1 42 20.16 0 0.76
60800 10 8 0.116 0.434 0.495 0.866 0.745 25 0 34.26 7.72 0 0.84
60800 10 8 0.043 0.42 0.452 0.91 0.91 25 0 41.44 10.5 0 0.7
60800 10 8 0.068 0.191 0.312 0.788 0.867 25 0 36.52 10.62 0 0.7
60800 10 8 0.103 0.329 0.055 0.828 0.302 26 463 32.02 578.92 0 0
60800 10 8 0.071 0.01 0.076 0.918 0.875 25 0 36.48 4.94 0 0.86
60800 10 8 0.066 0.118 0.176 0.764 0.744 25 0 33.12 4.9 0 0.88
60800 10 8 0.072 0.288 0.37 0.804 0.499 27 1 52.54 14.94 0 0.5
60800 10 8 0.094 0.116 0.228 0.862 0.092 26 12 37.6 196.48 0 0
60800 10 8 0.099 0.096 0.087 0.958 0.199 25 87 38.06 248.64 0 0
60800 10 8 0.061 0.412 0.058 0.78 0.452 25 514 31.8 591.4 0 0
60800 10 8 0.056 0.22 0.024 0.797 0.854 25 1 44.38 11.34 0 0.68
60800 10 8 0.023 0.16 0.452 0.976 0.159 27 0 38.38 7.62 0 0.8
60800 10 8 0.049 0.438 0.106 0.895 0.248 25 331 28 830.42 0 0
60800 10 8 0.083 0.182 0.005 0.948 0.692 43 1 59.94 9.78 0 0.62
60800 10 8 0.114 0.488 0.029 0.845 0.676 51 2 63.28 23.7 0 0.44
60800 10 8 0.041 0.035 0.175 0.896 0.975 25 1 36.72 10.76 0 0.74
60800 10 8 0.097 0.342 0.238 0.921 0.808 25 0 36.18 8.4 0 0.78
60800 10 8 0.026 0.005 0.274 0.939 0.799 25 0 37.6 10.88 0 0.76
60800 10 8 0.05 0.23 0.347 0.764 0.414 38 2 51.62 17.54 0 0.48
60800 10 8 0.013 0.42 0.371 0.838 0.196 41 1 51.26 64.5 0 0.14
60800 10 8 0.043 0.239 0.1 0.869 0.438 28 5 50.72 72.5 0 0.22
60800 10 8 0.078 0.07 0.063 0.992 0.755 25 0 38.18 10.08 0 0.64
60800 10 8 0.075 0.241 0.497 0.861 0.175 28 0 45.04 21.5 0 0.62
60800 10 8 0.029 0.092 0.008 0.76 0.144 25 1088 26.32 1121.74 0 0
60800 10 8 0.046 0.273 0.384 0.758 0.364 28 0 42.14 17.54 0 0.64
60800 10 8 0.099 0.181 0.17 0.808 0.254 25 2 44.68 109.4 0 0.62
60800 10 8 0.071 0.358 0.366 0.866 0.856 25 0 35.78 11.98 0 0.76
60800 10 8 0.116 0.129 0.412 0.83 0.202 36 0 57.88 12.3 0 0.6
60800 10 8 0.056 0.066 0.108 0.866 0.804 25 0 36.54 8.08 0 0.76
60800 10 8 0.114 0.223 0.307 0.823 0.318 46 0 58.12 14.28 0 0.44
60800 10 8 0.004 0.155 0.074 0.978 0.543 28 1 48.8 54.88 0 0.4
60800 10 8 0.087 0.08 0.117 0.934 0.55 25 0 38.12 9.82 0 0.74
60800 10 8 0.017 0.245 0.096 0.867 0.995 25 0 38.5 7.42 0 0.78
60800 10 8 0.054 0.362 0.126 0.893 0.899 25 1 36.92 12.56 0 0.7
60800 10 8 0.042 0.098 0.361 0.873 0.494 25 0 37.94 11.52 0 0.68
60800 10 8 0.001 0.071 0.035 0.814 0.988 25 0 34.74 10.54 0 0.7
60800 10 8 0.003 0.284 0.038 0.78 0.113 25 923 26.32 1107.76 0 0
60800 10 8 0.082 0.474 0.266 0.886 0.706 25 0 33.58 8.6 0 0.76
60800 10 8 0.05 0.027 0.292 0.848 0.818 25 1 33.8 9.76 0 0.74
60800 10 8 0.109 0.41 0.183 0.981 0.418 26 2 45.76 93.82 0 0.44
60800 10 8 0.031 0.175 0.211 0.983 0.377 30 1 52.6 12.98 0 0.64
60800 10 8 0.107 0.145 0.156 0.873 0.056 25 363 29.06 722.4 0 0
60800 10 8 0.024 0.47 0.177 0.778 0.783 27 0 40.74 8.5 0 0.7
60800 10 8 0.071 0.365 0.393 0.828 0.801 25 0 33.96 6.58 0 0.72
60800 10 8 0.11 0.092 0.183 0.999 0.316 31 0 42.54 8.9 0 0.68
60800 10 8 0.025 0.222 0.321 0.981 0.88 25 0 33.76 8.88 0 0.8
60800 10 8 0.055 0.373 0.431 0.94 0.518 27 0 42.24 8.96 0 0.66
60800 10 8 0.069 0.435 0.198 0.822 0.265 25 4 36.16 235.98 0 0.04
60800 10 8 0.067 0.22 0.046 0.876 0.571 26 3 36.3 57.4 0 0.6
60800 10 8 0.086 0.421 0.196 0.886 0.954 25 0 37.8 11.46 0 0.8
60800 10 8 0.097 0.498 0.367 0.783 0.018 25 968 26.42 1039.14 0 0
60800 10 8 0.044 0.24 0.294 0.754 0.647 44 0 56.48 6.86 0 0.72
60800 10 8 0.053 0.223 0.406 0.873 0.197 49 2 63.22 48.08 0 0.32
60800 10 8 0.094 0.17 0.13 0.835 0.464 25 0 40 51.84 0 0.34
60800 10 8 0.002 0.031 0.095 0.885 0.209 31 0 47.14 32.64 0 0.54
60800 10 8 0.05 0.264 0.27 0.988 0.121 26 8 41.74 150.36 0 0.28
60800 10 8 0.062 0.359 0.212 0.954 0.058 25 850 26.1 937.56 0 0
60800 10 8 0.09 0.399 0.119 0.949 0.771 45 1 52 11.88 0 0.62
60800 10 8 0.019 0.379 0.412 0.971 0.564 27 0 43.54 9.94 0 0.66
60800 10 8 0.11 0.108 0.153 0.78 0.762 25 0 34.76 11.1 0 0.74
60800 10 8 0.049 0.39 0.451 0.888 0.353 44 1 53.7 13.5 0 0.58
60800 10 8 0.054 0.272 0.164 0.763 0.458 27 1 38.38 56.2 0 0.4
60800 10 8 0.09 0.056 0.478 0.9 0.14 32 0 44.94 8.04 0 0.74
60800 10 8 0.056 0.174 0.465 0.844 0.849 25 0 39.14 9.98 0 0.7
60800 10 8 0.007 0.351 0.174 0.922 0.433 47 2 54.3 43.12 0 0.24
60800 10 8 0.021 0.218 0.339 0.785 0.901 25 0 31.48 6.82 0 0.88
60800 10 8 0.074 0.143 0.147 0.895 0.902 46 0 51.48 5.84 0 0.78
60800 10 8 0.045 0.15 0.013 0.883 0.994 25 0 35.52 11.74 0 0.78
60800 10 8 0.038 0.068 0.432 0.906 0.966 25 1 35.68 9.36 0 0.68
60800 10 8 0.023 0.258 0.063 0.993 0.352 25 322 29.32 457.82 0 0
60800 10 8 0.066 0.084 0.458 0.921 0.545 25 0 36.12 11.92 0 0.74
60800 10 8 0.003 0.225 0.021 0.768 0.717 25 0 33.78 24.84 0 0.74
60800 10 8 0.022 0.087 0.451 0.834 0.818 25 0 34.26 9.68 0 0.72
60800 10 8 0.032 0.09 0.398 0.992 0.226 25 0 39.42 11.48 0 0.68
60800 10 8 0.101 0.412 0.297 0.923 0.483 37 0 49.96 17.28 0 0.62
60800 10 8 0.037 0.471 0.457 0.825 0.675 25 0 41.04 7.66 0 0.76
60800 10 8 0.101 0.268 0.427 0.932 0.473 26 0 39.44 10.46 0 0.7
60800 10 8 0.014 0.448 0.31 0.963 0.343 34 1 42.9 19.18 0 0.56
60800 10 8 0.097 0.021 0.193 0.88 0.523 25 0 33.14 9.38 0 0.82
60800 10 8 0.073 0.137 0.42 0.827 0.982 25 0 34.1 8.52 0 0.72
60800 10 8 0.064 0.417 0.005 0.938 0.207 25 590 30.48 791.3 0 0
60800 10 8 0.059 0.169 0.289 0.987 0.385 53 1 58.48 21.34 0 0.18
60800 10 8 0.004 0.199 0.147 0.86 0.407 51 6 64.04 46.68 0 0.02
60800 10 8 0.103 0.261 0.079 0.945 0.022 25 1060 26.28 1136.62 0 0
60800 10 8 0.098 0.34 0.334 0.846 0.065 25 12 37.64 307.86 0 0
60800 10 8 0.061 0.325 0.316 0.84 0.836 25 0 34.48 9.44 0 0.82
60800 10 8 0.072 0.361 0.131 0.945 0.493 38 1 53.26 29 0 0.54
60800 10 8 0.06 0.056 0.24 0.755 0.26 37 0 44.98 8.28 0 0.82
60800 10 8 0.045 0.34 0.213 0.766 0.931 25 0 39.82 5.2 0 0.8
60800 10 8 0.103 0.476 0.447 0.913 0.638 25 1 39.14 10.34 0 0.7
60800 10 8 0.114 0.386 0.478 0.879 0.376 26 0 40.58 14.1 0 0.7
60800 10 8 0.099 0.482 0.206 0.89 0.529 47 3 66.24 31.64 0 0.26
60800 10 8 0.108 0.379 0.042 0.831 0.066 25 293 34.42 584.02 0 0
60800 10 8 0.018 0.196 0.391 0.852 0.387 25 0 35.74 14.34 0 0.72
60800 10 8 0.041 0.329 0.128 0.921 0.042 25 1016 26.26 1100.84 0 0
60800 10 8 0.112 0.395 0.32 0.872 0.466 27 0 34.7 23.6 0 0.64
60800 10 8 0.057 0.366 0.005 0.821 0.014 25 1111 26.24 1162.94 0 0
60800 10 8 0.019 0.169 0.212 0.927 0.776 25 0 33.18 6.1 0 0.86
60800 10 8 0.073 0.401 0.031 0.994 0.118 25 383 36.1 568.54 0 0
60800 10 8 0.031 0.103 0.416 0.97 0.073 38 17 49.48 59.24 0 0
60800 10 8 0.074 0.091 0.259 0.916 0.226 25 0 40.04 4.7 0 0.84
60800 10 8 0.098 0.481 0.005 0.882 0.344 25 681 28.5 911.32 0 0
60800 10 8 0.085 0.409 0.266 0.8 0.637 26 0 36.42 12.16 0 0.74
60800 10 8 0.047 0.341 0.043 0.782 0.221 25 1027 26.38 1089.64 0 0
60800 10 8 0.07 0.046 0.168 0.856 0.751 25 0 34.2 4.48 0 0.86
60800 10 8 0.102 0.302 0.024 0.864 0.579 35 4 55.76 53.3 0 0.54
60800 10 8 0.008 0.004 0.122 0.93 0.813 25 0 38.8 9.98 0 0.68
60800 10 8 0.023 0.037 0.25 0.823 0.17 25 0 38.46 7.56 0 0.82
60800 10 8 0.052 0.064 0.212 0.929 0.382 27 0 40.04 8.34 0 0.7
60800 10 8 0.112 0.418 0.121 0.852 0.899 25 0 33.06 9.82 0 0.74
60800 10 8 0.031 0.138 0.321 0.816 0.259 34 1 41.88 18.96 0 0.4
60800 10 8 0.074 0.383 0.112 0.872 0.969 25 0 41.86 9.22 0 0.7
60800 10 8 0.016 0.35 0.396 0.797 0.597 25 0 34.86 7.52 0 0.8
60800 10 8 0.105 0.323 0.412 0.896 0.772 25 0 36.26 7.94 0 0.78
60800 10 8 0.03 0.116 0.149 0.853 0.064 25 506 26.32 808.64 0 0
60800 10 8 0.055 0.29 0.011 0.782 0.948 25 0 38.5 10.94 0 0.7
60800 10 8 0.043 0.234 0.223 0.886 0.342 27 0 39.78 30.86 0 0.7
60800 10 8 0.108 0.371 0.436 0.928 0.51 38 0 46.1 7.2 0 0.68
60800 10 8 0.011 0.351 0.224 0.753 0.038 25 380 26.62 759.3 0 0
60800 10 8 0.1 0.486 0.26 0.774 0.814 51 1 55.28 8.76 0 0.76
60800 10 8 0.006 0.214 0.057 0.808 0.196 27 255 33.7 419.74 0 0
60800 10 8 0.092 0.202 0.279 0.823 0.96 25 0 35.46 5.9 0 0.84
60800 10 8 0.057 0.491 0.395 0.929 0.948 25 0 36.12 9.88 0 0.74
60800 10 8 0.091 0.282 0.283 0.897 0.573 43 1 64.02 11.48 0 0.68
60800 10 8 0.089 0.386 0.199 0.987 0.943 25 0 35.62 4.08 0 0.88
60800 10 8 0.049 0.243 0.113 0.952 0.972 26 1 36.86 6.56 0 0.82
60800 10 8 0.014 0.045 0.083 0.799 0.54 48 1 60.66 14.56 0 0.6
60800 10 8 0.03 0.376 0.127 0.888 0.203 25 563 26.8 779.7 0 0
60800 10 8 0.03 0.339 0.449 0.9 0.396 26 0 36.16 13.04 0 0.68
60800 10 8 0.087 0.486 0.182 0.859 0.207 25 535 30.42 642.1 0 0
60800 10 8 0.028 0.467 0.236 0.947 0.74 25 1 34.6 9 0 0.8
60800 10 8 0.12 0.044 0.454 0.824 0.128 25 0 32.4 4.72 0 0.9
60800 10 8 0.098 0.221 0.084 0.879 0.403 26 66 33.52 262.12 0 0
60800 10 8 0.041 0.379 0.165 0.892 0.997 25 0 32.82 6.92 0 0.8
60800 10 8 0.116 0.487 0.227 0.849 0.678 73 0 83.34 7.42 0 0.66
60800 10 8 0.076 0.237 0.17 0.999 0.671 43 0 52.72 10.02 0 0.62
60800 10 8 0.052 0.485 0.041 0.892 0.117 25 707 26.66 957.78 0 0
60800 10 8 0.1 0.215 0.401 0.937 0.902 25 0 33.86 9.38 0 0.74
60800 10 8 0.094 0.004 0.384 0.889 0.321 25 0 36.16 7.66 0 0.84
60800 10 8 0.086 0.028 0.054 0.89 0.954 25 0 37.4 11.12 0 0.76
60800 10 8 0.112 0.223 0.059 0.982 0.204 25 715 26.44 959.2 0 0
60800 10 8 0.048 0.398 0.194 0.861 0.911 25 0 36.46 8.16 0 0.72
60800 10 8 0.045 0.407 0.036 0.888 0.407 25 940 26.18 1044.52 0 0
60800 10 8 0.003 0.374 0.051 0.754 0.616 30 3 38 21.9 0 0.6
60800 10 8 0.061 0.487 0.053 0.808 0.25 25 304 31.28 674.32 0 0
60800 10 8 0.002 0.246 0.08 0.971 0.269 25 3 42.28 209.16 0 0.08
60800 10 8 0.089 0.495 0.341 0.966 0.614 42 0 56.18 8.44 0 0.58
60800 10 8 0.098 0.382 0.114 0.943 0.026 25 1117 26.08 1171.92 0 0
60800 10 8 0.099 0.071 0.014 0.974 0.573 39 0 54.52 17.06 0 0.54
60800 10 8 0.008 0.03 0.435 0.882 0.478 25 1 36.2 7.72 0 0.8
60800 10 8 0.041 0.235 0.321 0.827 0.563 32 0 45.64 8.56 0 0.74
60800 10 8 0.1 0.396 0.435 0.846 0.558 25 0 31.84 7.4 0 0.78
60800 10 8 0.053 0.107 0.119 0.975 0.478 38 0 46.3 16.26 0 0.56
60800 10 8 0.039 0.196 0.189 0.909 0.401 27 1 41.6 17.36 0 0.64
60800 10 8 0.083 0.033 0.316 0.84 0.56 25 0 37.88 6.14 0 0.76
60800 10 8 0.023 0.479 0.288 0.754 0.609 25 0 34.48 3.22 0 0.9
60800 10 8 0.116 0.15 0.227 0.954 0.912 25 0 33.68 10.7 0 0.72
60800 10 8 0.023 0.063 0.039 0.838 0.834 27 0 39.64 7.02 0 0.72
60800 10 8 0.002 0.215 0.494 0.956 0.826 25 0 34.76 4.58 0 0.84
60800 10 8 0.009 0.147 0.404 0.859 0.359 25 0 37.08 10.24 0 0.7
60800 10 8 0.008 0.187 0.463 0.977 0.188 34 0 42.12 16.76 0 0.6
60800 10 8 0.054 0.169 0.039 0.775 0.074 25 1021 26.26 1136.08 0 0
60800 10 8 0.004 0.229 0.079 0.935 0.266 26 4 43.84 142.5 0 0.56
60800 10 8 0.029 0.225 0.233 0.83 0.695 27 0 39.58 10.4 0 0.72
60800 10 8 0.015 0.341 0.067 0.876 0.407 31 5 49.52 74.72 0 0.2
60800 10 8 0.111 0.325 0.443 0.819 0.508 25 0 36.38 10.16 0 0.78
60800 10 8 0.113 0.174 0.18 0.883 0.309 30 1 45.74 49.98 0 0.48
60800 10 8 0.033 0.249 0.025 0.754 0.385 25 589 26.64 839.88 0 0
60800 10 8 0.091 0.332 0.298 0.906 0.249 29 7 48.28 77.76 0 0.4
60800 10 8 0.019 0.222 0.022 0.814 0.963 25 2 36.2 8.04 0 0.76
60800 10 8 0.117 0.289 0.3 0.935 0.108 25 83 37.02 246.78 0 0
60800 10 8 0.094 0.347 0.403 0.835 0.548 25 0 36.76 7.78 0 0.72
60800 10 8 0.106 0.247 0.216 0.805 0.199 27 121 36.08 230.68 0 0
60800 10 8 0.014 0.066 0.078 0.879 0.815 27 0 39.54 9.62 0 0.66
60800 10 8 0.085 0.485 0.152 0.929 0.283 39 116 46.54 216.26 0 0
60800 10 8 0.08 0.087 0.319 0.794 0.605 25 0 36.34 9.24 0 0.78
60800 10 8 0.071 0.42 0.123 0.989 0.382 25 2 45.4 135.78 0 0.3
60800 10 8 0.108 0.326 0.266 0.949 0.205 26 6 40.94 186.1 0 0.3
60800 10 8 0.112 0.494 0.29 0.79 0.347 25 2 38.2 110.94 0 0.6
60800 10 8 0.117 0.495 0.026 0.832 0.038 25 721 26.62 954.22 0 0
60800 10 8 0.066 0.376 0.083 0.901 0.867 26 0 41.4 10.08 0 0.72
60800 10 8 0.079 0.074 0.492 0.944 0.755 45 1 50.8 8.22 0 0.72
60800 10 8 0.038 0.334 0.151 0.785 0.535 25 0 37.36 10.92 0 0.8
60800 10 8 0.047 0.237 0.143 0.828 0.448 53 4 57.86 51.4 0 0.04
60800 10 8 0.035 0.37 0.45 0.813 0.665 30 0 39.64 6.78 0 0.74
60800 10 8 0.072 0.004 0.019 0.981 0.877 25 0 38.64 9.06 0 0.74
60800 10 8 0.114 0.201 0.467 0.759 0.164 42 0 51.9 18.78 0 0.24
60800 10 8 0.078 0.156 0.264 0.877 0.662 25 1 36.76 12.64 0 0.8
60800 10 8 0.067 0.075 0.106 0.872 0.284 29 0 41.5 18.1 0 0.72
60800 10 8 0.102 0.35 0.359 0.919 0.44 43 2 53.22 13.06 0 0.46
60800 10 8 0.04 0.192 0.302 0.945 0.219 29 1 39.72 59.26 0 0.5
60800 10 8 0.091 0.278 0.494 0.873 0.182 26 1 43.04 18.02 0 0.78
60800 10 8 0.108 0.301 0.182 0.863 0.374 33 5 50.48 76.26 0 0.34
60800 10 8 0.049 0.466 0.043 0.782 0.897 25 0 33.94 11.42 0 0.72
60800 10 8 0.099 0.177 0.066 0.995 0.253 26 368 38.46 500.74 0 0
60800 10 8 0.116 0.337 0.147 0.776 0.566 61 2 71.4 20.9 0 0.16
60800 10 8 0.054 0.097 0.067 0.794 0.36 26 0 41.48 81.2 0 0.24
60800 10 8 0.118 0.02 0.352 0.821 0.782 30 0 42.98 5.3 0 0.78
60800 10 1 0.105 0.46 0.148 0.754 0.067 25 947 25.92 986.88 0 0
60800 10 1 0.054 0.355 0.265 0.856 0.966 76 1 93.78 16.44 0.2 0.56
60800 10 1 0.091 0.438 0.403 0.946 0.916 100 0 113.8 8.86 0.64 0.62
60800 10 1 0.034 0.184 0.06 0.974 0.175 25 1017 26.4 1123.18 0 0
60800 10 1 0.042 0.041 0.316 0.972 0.621 91 0 105.26 10.34 0.2 0.62
60800 10 1 0.05 0.234 0.166 0.832 0.779 90 2 102.3 11.76 0 0.5
60800 10 1 0.069 0.457 0.264 0.754 0.743 92 0 106.46 15.08 0.34 0.44
60800 10 1 0.019 0.499 0.339 0.802 0.997 93 0 108.18 15.38 0.58 0.46
60800 10 1 0.057 0.076 0.278 0.831 0.262 87 1 93.24 10.42 0 0.52
60800 10 1 0.017 0.363 0.45 0.816 0.248 36 1 61.64 39.12 0 0.62
60800 10 1 0.049 0.293 0.394 0.955 0.638 91 0 102.48 10.3 0.06 0.64
60800 10 1 0.027 0.226 0.413 0.893 0.699 150 0 150 0 1 1
60800 10 1 0.011 0.365 0.024 0.899 0.13 25 997 26.2 1038.5 0 0
60800 10 1 0.105 0.081 0.339 0.949 0.396 72 1 91.76 14.46 0 0.66
60800 10 1 0.067 0.01 0.357 0.929 0.564 78 2 95.98 13 0.14 0.64
60800 10 1 0.03 0.255 0.151 0.765 0.242 25 8 35.54 214.96 0 0.06
60800 10 1 0.004 0.372 0.459 0.958 0.03 27 17 47.42 119.44 0 0
60800 10 1 0.024 0.468 0.034 0.757 0.323 25 490 31.64 861.62 0 0
60800 10 1 0.037 0.184 0.155 0.86 0.741 86 2 97.58 16.96 0 0.22
60800 10 1 0.059 0.136 0.349 0.836 0.534 103 1 110.1 6.92 0.26 0.64
60800 10 1 0.041 0.143 0.279 0.792 0.566 82 0 97.58 14.94 0 0.54
60800 10 1 0.102 0.147 0.359 0.798 0.494 90 1 104.12 8.34 0.16 0.68
60800 10 1 0.081 0.024 0.055 0.804 0.538 99 1 106.98 11.62 0.18 0.46
60800 10 1 0.096 0.099 0.166 0.824 0.106 25 151 30.66 502.18 0 0
60800 10 1 0.114 0.209 0.18 0.85 0.198 26 59 34.8 318.82 0 0
60800 10 1 0.001 0.419 0.137 0.977 0.186 25 90 31.68 221.8 0 0
60800 10 1 0.116 0.005 0.032 0.787 0.821 100 0 109.86 10.54 0.44 0.48
60800 10 1 0.046 0.177 0.4 0.884 0.597 87 2 101.6 13.54 0.28 0.68
60800 10 1 0.049 0.382 0.427 0.995 0.684 87 0 100.7 11.6 0.04 0.54
60800 10 1 0.094 0.482 0.254 0.868 0.799 94 1 103.6 7.46 0 0.7
60800 10 1 0.028 0.004 0.386 0.978 0.805 104 0 110.1 9.08 0.24 0.46
60800 10 1 0.002 0.162 0.073 0.817 0.276 26 97 34.22 215.72 0 0
60800 10 1 0.027 0.068 0.054 0.875 0.272 26 9 32.22 212.36 0 0.06
60800 10 1 0.002 0.085 0.222 0.966 0.164 33 5 46.2 64.82 0 0.08
60800 10 1 0.028 0.377 0.229 0.884 0.782 88 0 103.44 12 0.08 0.6
60800 10 1 0.013 0.39 0.312 0.991 0.063 25 5 31.82 229.96 0 0.16
60800 10 1 0.054 0.407 0.468 0.931 0.748 86 2 100.16 13.06 0 0.4
60800 10 1 0.021 0.087 0.476 0.941 0.604 140 0 143.3 1.3 1 1
60800 10 1 0.027 0.331 0.362 0.814 0.438 72 0 88.06 17.64 0 0.48
60800 10 1 0.053 0.338 0.088 0.952 0.234 25 129 33.06 428.06 0 0
60800 10 1 0.067 0.08 0.415 0.802 0.09 72 4 81.52 20.94 0 0.46
60800 10 1 0.108 0.41 0.278 0.835 0.265 29 94 33.96 170.46 0 0
60800 10 1 0.002 0.315 0.392 0.893 0.903 85 1 103.46 11.02 0.26 0.66
60800 10 1 0.075 0.5 0.007 0.936 0.363 25 348 33.26 599.06 0 0
60800 10 1 0.046 0.015 0.114 0.852 0.613 93 0 103.94 7.42 0.06 0.76
60800 10 1 0.103 0.086 0.337 0.823 0.545 81 1 101.04 15.04 0.24 0.68
60800 10 1 0.052 0.284 0.412 0.977 0.628 92 2 100.12 12.44 0 0.54
60800 10 1 0.093 0.154 0.222 0.79 0.376 77 1 84.46 17.64 0 0.42
60800 10 1 0.076 0.065 0.392 0.819 0.176 84 0 98 14.06 0.06 0.54
60800 10 1 0.073 0.465 0.426 0.984 0.824 99 1 111.48 10.1 0.44 0.58
60800 10 1 0.02 0.266 0.288 0.768 0.816 150 0 150 0 1 1
60800 10 1 0.022 0.208 0.021 0.889 0.633 34 5 55.84 46.38 0 0.32
60800 10 1 0.093 0.008 0.344 0.862 0.941 87 2 106.58 16.94 0.24 0.44
60800 10 1 0.042 0.126 0.037 0.759 0.364 25 486 27.8 694.88 0 0
60800 10 1 0.034 0.401 0.493 0.88 0.654 101 0 106.84 11.28 0.08 0.54
60800 10 1 0.111 0.339 0.217 0.997 0.57 75 0 92.36 13.96 0 0.54
60800 10 1 0.069 0.159 0.213 0.968 0.78 96 0 108.82 9.28 0.26 0.62
60800 10 1 0.074 0.41 0.059 0.928 0.427 25 441 27.5 691.54 0 0
60800 10 1 0.047 0.499 0.07 0.921 0.978 95 1 106.98 12.92 0.4 0.32
60800 10 1 0.092 0.187 0.248 0.944 0.01 25 737 26.1 1000.1 0 0
60800 10 1 0.033 0.323 0.134 0.82 0.824 93 1 104.36 12.64 0 0.5
60800 10 1 0.09 0.368 0.297 0.94 0.7 90 0 103.44 12.24 0.3 0.6
60800 10 1 0.086 0.491 0.118 0.837 0.592 57 5 67.68 41.96 0 0.18
60800 10 1 0.066 0.031 0.207 0.765 0.802 85 2 107.46 19.36 0.52 0.54
60800 10 1 0.054 0.043 0.284 0.834 0.987 81 0 98.08 8.24 0 0.68
60800 10 1 0.066 0.281 0.038 0.807 0.6 31 3 50.12 64.04 0 0.32
60800 10 1 0.057 0.47 0.048 0.831 0.379 25 848 26.24 991.96 0 0
60800 10 1 0.112 0.277 0.113 0.972 0.409 32 128 39.68 219.56 0 0
60800 10 1 0.107 0.478 0.267 0.921 0.469 50 0 66.84 22.56 0 0.38
60800 10 1 0.017 0.422 0.145 0.934 0.476 34 3 49.38 68 0 0.2
60800 10 1 0.039 0.179 0.27 0.929 0.663 99 0 109.42 10.42 0.32 0.5
60800 10 1 0.106 0.373 0.236 0.878 0.155 25 274 28.92 726.12 0 0
60800 10 1 0.084 0.143 0.078 0.899 0.535 76 3 86.5 24.04 0 0.2
60800 10 1 0.04 0.302 0.486 0.853 0.599 75 1 94.7 14.6 0 0.58
60800 10 1 0.038 0.451 0.105 0.803 0.063 25 755 28.7 911.84 0 0
60800 10 8 0.013 0.229 0.019 0.944 0.704 25 0 41.88 27.24 0 0.52
60800 10 8 0.014 0.302 0.413 0.918 0.967 25 0 37.18 8.88 0 0.76
60800 10 8 0.063 0.087 0.06 0.927 0.466 36 5 57.56 33.86 0 0.64
60800 10 8 0.1 0.448 0.015 0.781 0.636 27 2 40.1 60.06 0 0.4
60800 10 8 0.11 0.149 0.477 0.954 0.515 25 0 35.3 9.46 0 0.76
60800 10 8 0.072 0.085 0.143 0.818 0.187 27 3 38.7 123.1 0 0.12
60800 10 8 0.088 0.144 0.074 0.892 0.125 27 355 36.68 585.38 0 0
60800 10 8 0.091 0.194 0.157 0.901 0.703 25 0 42.34 8.02 0 0.68
60800 10 8 0.088 0.103 0.334 0.896 0.029 25 29 37.38 348.24 0 0
60800 10 8 0.119 0.317 0.146 0.931 0.319 45 40 51.48 143.06 0 0
60800 10 8 0.101 0.405 0.47 0.753 0.126 26 4 41.54 170.9 0 0.28
60800 10 8 0.082 0.201 0.27 0.912 0.873 25 0 35.84 9.64 0 0.74
60800 10 8 0.052 0.119 0.099 0.774 0.26 27 7 47.62 82.56 0 0.32
60800 10 8 0.086 0.45 0.195 0.797 0.079 25 14 34 355.9 0 0
60800 10 8 0.085 0.133 0.478 0.855 0.241 26 0 38.7 9.58 0 0.72
60800 10 8 0.042 0.002 0.392 0.781 0.162 25 0 36.56 10.06 0 0.74
60800 10 8 0.058 0.23 0.109 0.755 0.51 31 10 45.7 107.48 0 0
60800 10 8 0.092 0.384 0.412 0.898 0.133 28 2 46.58 84.7 0 0.26
60800 10 8 0.111 0.019 0.496 1 0.074 25 0 35.28 9.12 0 0.78
60800 10 8 0.075 0.243 0.314 0.756 0.753 25 0 33.4 7.32 0 0.78
60800 10 8 0.071 0.335 0.239 0.795 0.453 26 3 46.8 44.24 0 0.42
60800 10 8 0.081 0.286 0.257 0.845 0.054 25 642 26.96 857.72 0 0
60800 10 8 0.075 0.294 0.463 0.897 0.659 25 0 36.82 4.88 0 0.86
60800 10 8 0.017 0.143 0.097 0.83 0.024 25 259 39.08 394.26 0 0
60800 10 8 0.003 0.445 0.256 0.767 0.375 33 2 45.08 42.22 0 0.48
60800 10 8 0.087 0.258 0.069 0.925 0.584 53 6 58.46 38.88 0 0.08
60800 10 8 0.042 0.12 0.092 0.834 0.729 31 0 54.82 13.28 0 0.52
60800 10 8 0.091 0.011 0.012 0.821 0.166 25 0 40.72 6.48 0 0.72
60800 10 8 0.109 0.262 0.481 0.831 0.701 25 0 34.72 11.46 0 0.74
60800 10 8 0.119 0.268 0.499 0.77 0.753 25 0 33.72 6.94 0 0.8
60800 10 8 0.117 0.44 0.22 0.848 0.841 25 1 35.24 9.42 0 0.74
60800 10 8 0.083 0.219 0.483 0.939 0.18 30 0 41.14 15.68 0 0.52
60800 10 8 0.06 0.128 0.206 0.895 0.32 36 2 64.78 33.72 0 0.58
60800 10 8 0.091 0.461 0.346 0.796 0.293 33 2 47.62 55.28 0 0.34
60800 10 8 0.107 0.1 0.469 0.916 0.624 25 0 35.3 5.06 0 0.88
60800 10 8 0.083 0.109 0.283 0.98 0.268 53 0 57.34 5.96 0 0.74
60800 10 8 0.032 0.217 0.471 0.813 0.001 25 943 26.18 1003.28 0 0
60800 10 8 0.031 0.116 0.147 0.9 0.752 32 0 44.18 6.28 0 0.68
60800 10 8 0.075 0.381 0.139 0.936 0.549 47 4 59.08 32.36 0 0.24
60800 10 8 0.027 0.276 0.179 0.797 0.886 25 1 38.62 10.64 0 0.76
60800 10 8 0.117 0.429 0.328 0.899 0.503 27 0 36.7 11.5 0 0.68
60800 10 8 0.018 0.113 0.161 0.779 0.092 25 6 35.42 278.36 0 0.26
60800 10 8 0.014 0.272 0.205 0.861 0.097 26 3 38.82 236.22 0 0.28
60800 10 8 0.09 0.278 0.046 0.996 0.757 47 0 56 9.66 0 0.7
60800 10 8 0.025 0.019 0.047 0.776 0.997 25 0 35.68 8.4 0 0.72
60800 10 8 0.059 0.215 0.409 0.875 0.504 26 0 35.66 6.1 0 0.8
60800 10 8 0.111 0.082 0.431 0.765 0.149 25 0 39.52 10.18 0 0.72
60800 10 8 0.066 0.478 0.23 0.848 0.059 25 805 26.3 874.96 0 0
60800 10 8 0.094 0.03 0.148 0.867 0.362 25 2 34.12 12.06 0 0.76
60800 10 8 0.064 0.089 0.269 0.763 0.989 25 0 37.16 9.32 0 0.72
60800 10 8 0.036 0.152 0.103 0.934 0.276 32 5 46.52 112.48 0 0.14
60800 10 8 0.111 0.089 0.026 0.806 0.728 25 1 38.02 8.98 0 0.72
60800 10 8 0.059 0.391 0.186 0.757 0.208 28 3 40.28 105.38 0 0.36
60800 10 8 0.072 0.401 0.414 0.846 0.787 25 0 36.74 3.34 0 0.84
60800 10 8 0.022 0.383 0.262 0.777 0.631 25 0 41.1 12.36 0 0.74
60800 10 8 0.033 0.465 0.323 0.916 0.597 25 0 38.42 11.98 0 0.68
60800 10 8 0.031 0.393 0.202 0.858 0.46 48 3 53.9 42.9 0 0.22
60800 10 8 0.093 0.336 0.228 0.765 0.825 46 0 52.92 7.74 0 0.66
60800 10 8 0.034 0.467 0.253 0.825 0.29 27 1 47.48 73.68 0 0.56
60800 10 8 0.1 0.096 0.09 0.936 0.63 25 1 38.96 10.3 0 0.7
60800 10 8 0.081 0.073 0.19 0.874 0.719 27 0 41.22 8.66 0 0.64
60800 10 8 0.026 0.048 0.213 0.951 0.906 26 0 40.64 6.38 0 0.84
60800 10 8 0.109 0.498 0.14 0.86 0.328 25 392 30.44 642.32 0 0
60800 10 8 0.038 0.168 0.011 0.989 0.871 53 0 60.82 10.38 0 0.56
60800 10 8 0.04 0.144 0.058 0.917 0.666 25 0 35.62 24.4 0 0.68
60800 10 8 0.074 0.181 0.444 0.933 0.344 32 0 40.42 4.5 0 0.76
60800 10 8 0.009 0.477 0.295 0.869 0.125 32 8 45.08 106 0 0.1
60800 10 8 0.113 0.219 0.202 0.776 0.007 25 648 31.12 820.26 0 0
60800 10 8 0.103 0.215 0.469 0.847 0.485 25 0 33.86 10.56 0 0.74
60800 10 8 0.066 0.475 0.351 0.757 0.903 27 0 38.98 6.56 0 0.8
60800 10 8 0.013 0.22 0.16 0.96 0.2 29 1 46.9 81.42 0 0.2
60800 10 8 0.003 0.437 0.413 0.88 0.494 40 0 54.14 13.82 0 0.56
60800 10 8 0.093 0.281 0.497 0.862 0.696 25 0 35.72 8.54 0 0.78
60800 10 8 0.08 0.101 0.377 0.956 0.372 25 0 38.24 10.64 0 0.7
60800 10 8 0.004 0.19 0.458 0.797 0.796 25 0 35.22 5.36 0 0.88
60800 10 8 0.035 0.173 0.034 0.882 0.511 25 4 40.86 216.7 0 0.34
60800 10 8 0.117 0.093 0.257 0.898 0.804 25 0 38.78 8.24 0 0.7
60800 10 8 0.064 0.107 0.24 0.788 0.747 26 0 38.8 8.54 0 0.82
60800 10 8 0.05 0.042 0.067 0.757 0.512 25 0 36.14 9.8 0 0.74
60800 10 8 0.025 0.175 0.264 0.862 0.928 25 0 35.36 10.18 0 0.74
60800 10 8 0.065 0.033 0.499 0.971 0.019 37 9 43.72 64.04 0 0.02
60800 10 8 0.062 0.381 0.126 0.917 0.177 25 789 26.34 945.62 0 0
60800 10 8 0.003 0.473 0.165 0.917 0.776 25 0 43.12 10.58 0 0.7
60800 10 8 0.033 0.025 0.019 0.899 0.032 25 1072 26.36 1112.58 0 0
60800 10 8 0.053 0.436 0.196 0.824 0.083 25 471 32.06 627.8 0 0
60800 10 8 0.038 0.093 0.311 0.845 0.299 25 0 39.68 14.44 0 0.74
60800 10 8 0.028 0.493 0.253 0.838 0.306 30 16 45.82 107.22 0 0
60800 10 8 0.114 0.329 0.299 0.878 0.537 26 1 39.66 6.78 0 0.76
60800 10 8 0.08 0.072 0.488 0.806 0.896 25 0 33.1 10.98 0 0.8
60800 10 8 0.085 0.283 0.067 0.781 0.01 25 1129 26.36 1190.48 0 0
60800 10 8 0.036 0.438 0.075 0.889 0.595 26 2 44.72 48.7 0 0.48
60800 10 8 0.043 0.115 0.355 0.864 0.547 26 1 36.28 7.58 0 0.84
60800 10 8 0.088 0.369 0.162 0.994 0.655 49 0 54.96 14.54 0 0.7
60800 10 8 0.074 0.347 0.214 0.978 0.062 26 191 34.28 354.8 0 0
60800 10 8 0.087 0.308 0.314 0.908 0.178 26 2 51.26 141.44 0 0.42
60800 10 8 0.04 0.303 0.215 0.932 0.167 25 5 40.2 160.64 0 0.12
60800 10 8 0.016 0.296 0.173 0.938 0.561 39 0 53.32 22.96 0 0.54
60800 10 8 0.049 0.019 0.451 0.794 0.915 25 0 34.72 5.58 0 0.82
60800 10 8 0.097 0.012 0.433 0.815 0.747 25 0 40 11.06 0 0.78
60800 10 8 0.096 0.176 0.004 0.815 0.641 60 3 68.7 22.86 0 0.24
60800 10 8 0.077 0.389 0.278 0.996 0.502 61 0 71.66 17.32 0 0.44
60800 10 8 0.005 0.158 0.441 0.792 0.141 45 1 56.64 29.32 0 0.5
60800 10 8 0.111 0.364 0.181 0.924 0.64 44 2 55.22 12.24 0 0.56
60800 10 8 0.096 0.24 0.293 0.877 0.16 25 2 43.04 187.86 0 0.24
60800 10 8 0.038 0.4 0.037 0.767 0.884 25 0 39.16 8.78 0 0.7
60800 10 8 0.086 0.174 0.116 0.915 0.385 26 9 39.26 97.54 0 0.02
60800 10 8 0.01 0.259 0.032 0.757 0.553 29 27 51.18 165.62 0 0
60800 10 8 0.09 0.036 0.143 0.849 0.323 25 0 36.78 10.32 0 0.72
60800 10 8 0.035 0.452 0.211 0.815 0.08 25 450 35.22 653.1 0 0
60800 10 8 0.083 0.499 0.234 0.84 0.616 25 0 34.92 18.44 0 0.68
60800 10 8 0.072 0.497 0.26 0.777 0.748 25 0 36.3 9.54 0 0.74
60800 10 8 0.02 0.368 0.236 0.93 0.524 42 0 53.02 7.56 0 0.74
60800 10 8 0.082 0.02 0.447 0.964 0.735 27 1 38.28 8.18 0 0.84
60800 10 8 0.005 0.311 0.083 0.987 0.366 25 27 42.18 142.48 0 0
60800 10 8 0.028 0.404 0.449 0.966 0.302 34 2 49.68 26.68 0 0.46
60800 10 8 0.077 0.431 0.365 0.804 0.459 45 0 55.5 14.62 0 0.46
60800 10 8 0.052 0.039 0.16 0.929 0.425 25 1 34 9.08 0 0.8
60800 10 8 0.056 0.481 0.015 0.85 0.782 27 0 41.42 11.48 0 0.62
60800 10 8 0.034 0.135 0.315 0.877 0.484 25 0 38.08 10.86 0 0.72
60800 10 8 0.093 0.161 0.124 0.803 0.705 25 0 38.14 6.82 0 0.8
60800 10 8 0.105 0.137 0.18 0.926 0.683 25 0 40.66 9.76 0 0.7
60800 10 8 0.088 0.254 0.232 0.91 0.531 25 1 41.96 16.66 0 0.76
60800 10 8 0.098 0.318 0.039 0.924 0.033 25 1127 26.46 1156.42 0 0
60800 10 8 0.012 0.44 0.293 0.929 0.84 25 0 38.08 10.84 0 0.74
60800 10 8 0.116 0.454 0.032 0.938 0.487 27 281 35.98 360.94 0 0
60800 10 8 0.051 0.192 0.283 0.798 0.816 25 1 34.84 5.48 0 0.86
60800 10 8 0.067 0.449 0.416 0.784 0.68 25 0 35.04 5.16 0 0.84
60800 10 8 0.035 0.216 0.179 0.819 0.683 25 0 43.98 14.12 0 0.72
60800 10 8 0.056 0.469 0.181 0.775 0.488 29 4 42.68 69.48 0 0.34
60800 10 8 0.06 0.28 0.388 0.97 0.587 25 0 35.76 6.92 0 0.82
60800 10 8 0.07 0.092 0.188 0.972 0.226 27 1 39.74 34.74 0 0.62
60800 10 8 0.056 0.434 0.012 0.791 0.506 25 336 34.2 596.86 0 0
60800 10 8 0.111 0.464 0.422 0.774 0.982 25 0 35.62 9.36 0 0.72
60800 10 8 0.058 0.256 0.203 0.966 0.029 25 868 26.34 1111.62 0 0
60800 10 8 0.03 0.173 0.325 0.829 0.177 36 4 49.28 72.58 0 0.06
60800 10 8 0.08 0.41 0.227 0.87 0.084 25 454 28.86 856.04 0 0
60800 10 8 0.098 0.274 0.456 0.864 0.992 25 0 34.92 7.24 0 0.86
60800 10 8 0.043 0.255 0.436 0.991 0.147 29 2 51.5 18.24 0 0.7
60800 10 8 0.02 0.474 0.473 0.979 0.907 25 0 36.66 7.3 0 0.78
60800 10 8 0.114 0.126 0.495 0.986 0.777 36 0 46.32 7.14 0 0.7
60800 10 8 0.079 0.378 0.375 0.97 0.163 25 1 40.64 151.88 0 0.44
60800 10 8 0.046 0.146 0.127 0.976 0.797 25 0 34 8.08 0 0.76
60800 10 8 0.024 0.402 0.326 0.994 0.666 25 0 36.4 10.84 0 0.7
60800 10 8 0.007 0.416 0.163 0.885 0.748 25 0 47.7 11.74 0 0.64
60800 10 8 0.032 0.437 0.12 0.899 0.881 25 0 38 10.96 0 0.76
60800 10 8 0.01 0.004 0.052 0.777 0.661 25 0 36.96 7.38 0 0.74
60800 10 8 0.007 0.327 0.462 0.976 0.773 25 0 40.22 5.58 0 0.84
60800 10 8 0.072 0.191 0.014 0.849 0.521 34 98 42.74 171.14 0 0
60800 10 8 0.055 0.206 0.487 0.908 0.991 25 0 34.76 10.98 0 0.76
60800 10 8 0.098 0.472 0.238 0.755 0.136 25 457 27.86 950.46 0 0
60800 10 8 0.092 0.474 0.1 0.827 0.771 26 0 50.66 13.78 0 0.54
60800 10 8 0.053 0.415 0.209 0.967 0.306 25 4 52.22 130.7 0 0.44
60800 10 8 0.018 0.33 0.06 0.987 0.827 25 0 36.1 12.88 0 0.78
60800 10 8 0.096 0.011 0.38 0.953 0.936 25 1 34.72 9.58 0 0.78
60800 10 8 0.024 0.464 0.412 0.893 0.677 25 0 36.98 9.76 0 0.72
60800 10 8 0.047 0.232 0.455 0.994 0.321 25 0 36.26 14.76 0 0.64
60800 10 8 0.061 0.092 0.441 0.872 0.482 25 0 35.22 10.56 0 0.74
60800 10 8 0.042 0.349 0.253 0.969 0.647 43 1 51.5 10.16 0 0.64
60800 10 8 0.083 0.153 0.389 0.967 0.396 25 0 34.92 5.48 0 0.86
60800 10 8 0.043 0.061 0.378 0.917 0.286 25 0 35.16 5.66 0 0.84
60800 10 8 0.085 0.1 0.1 0.846 0.822 25 0 32.02 8.2 0 0.8
60800 10 8 0.097 0.133 0.326 0.961 0.752 25 0 35.56 5.96 0 0.8
60800 10 8 0.06 0.181 0.151 0.999 0.481 29 0 41.18 43.64 0 0.42
60800 10 8 0.097 0.316 0.082 0.807 0.684 51 1 57.56 16.7 0 0.42
60800 10 8 0.085 0.099 0.085 0.799 0.735 25 0 36.16 9.12 0 0.7
60800 10 8 0.008 0.272 0.383 0.896 0.344 37 0 48.92 23.76 0 0.6
60800 10 8 0.068 0.375 0.333 0.93 0.059 25 75 35.58 298.04 0 0
60800 10 8 0.089 0.064 0.149 0.856 0.56 52 0 55.82 5.74 0 0.8
60800 10 8 0.026 0.352 0.035 0.811 0.058 25 1181 26.36 1249.56 0 0
60800 10 8 0.011 0.418 0.317 0.834 0.536 35 0 42.84 11.46 0 0.58
60800 10 8 0.041 0.128 0.099 0.781 0.615 39 0 49.34 27.38 0 0.54
60800 10 8 0.081 0.479 0.477 0.825 0.345 33 1 41.9 22.82 0 0.46
60800 10 8 0.085 0.035 0.371 0.986 0.229 25 0 35.84 6.34 0 0.84
60800 10 8 0.041 0.061 0.116 0.967 0.911 25 0 32.88 4.04 0 0.84
60800 10 8 0.086 0.289 0.479 0.777 0.42 52 1 67.56 7.94 0 0.76
60800 10 8 0.068 0.372 0.3 0.933 0.602 52 1 61.46 9.72 0 0.7
60800 10 8 0.065 0.036 0.263 0.983 0.236 25 1 35.26 10 0 0.74
60800 10 8 0.076 0.248 0.421 0.915 0.296 29 0 45.26 8.76 0 0.62
60800 10 8 0.041 0.013 0.283 0.755 0.881 25 0 35.48 12.72 0 0.78
60800 10 8 0.027 0.041 0.353 0.902 0.086 42 0 51.88 12.72 0 0.66
60800 10 8 0.004 0.186 0.441 0.931 0.579 25 0 37.02 10.88 0 0.76
60800 10 8 0.113 0.315 0.445 0.866 0.556 25 0 36.76 10.88 0 0.74
60800 10 8 0.047 0.348 0.499 0.87 0.025 25 5 31.68 335.26 0 0.06
60800 10 8 0.07 0.492 0.32 0.82 0.994 33 0 42.32 9.8 0 0.72
60800 10 8 0.067 0.442 0.078 0.786 0.645 45 2 60.3 24.18 0 0.52
60800 10 8 0.024 0.16 0.039 0.872 0.879 26 1 38.9 12.36 0 0.76
60800 10 8 0.088 0.361 0.38 0.883 0.534 25 0 32.86 7.1 0 0.8
60800 10 8 0.037 0.335 0.1 0.933 0.022 25 1130 26.36 1185.18 0 0
60800 10 8 0.037 0.452 0.322 0.82 0.147 25 5 35.22 176.8 0 0.24
60800 10 8 0.015 0.175 0.395 0.98 0.273 45 0 54.32 15.44 0 0.3
60800 10 8 0.008 0.259 0.359 0.984 0.073 27 28 39.32 142.78 0 0
60800 10 8 0.075 0.052 0.079 0.821 0.193 25 1 32.76 134.82 0 0.32
60800 10 8 0.048 0.394 0.036 0.944 0.01 25 818 28.32 972.88 0 0
60800 10 8 0.014 0.024 0.246 0.827 0.993 47 0 54.56 5.42 0 0.78
60800 10 8 0.086 0.241 0.471 0.851 0.634 46 0 55.12 9.08 0 0.68
60800 10 8 0.058 0.188 0.177 0.797 0.841 25 0 34.84 10.28 0 0.74
60800 10 8 0.042 0.201 0.2 0.904 0.255 34 62 40.04 97.84 0 0
60800 10 8 0.018 0.47 0.123 0.793 0.674 36 2 44.78 14.56 0 0.58
60800 10 8 0.109 0.476 0.478 0.943 0.429 25 0 40.3 17.44 0 0.72
60800 10 8 0.007 0.15 0.433 0.772 0.68 27 0 39.76 5.2 0 0.78
60800 10 8 0.061 0.035 0.068 0.945 0.374 26 0 38.22 6.28 0 0.82
60800 10 8 0.056 0.442 0.433 0.805 0.37 43 0 48.3 17.28 0 0.56
60800 10 8 0.024 0.288 0.237 0.83 0.55 38 0 47 9.78 0 0.7
60800 10 8 0.118 0.285 0.048 0.891 0.087 25 641 28.66 901.98 0 0
60800 10 8 0.023 0.066 0.462 0.891 0.116 25 0 36.28 11.54 0 0.7
60800 10 8 0.1 0.242 0.186 0.876 0.299 28 6 38.28 152.68 0 0.16
60800 10 8 0.101 0.457 0.424 0.959 0.082 27 186 35.84 285.88 0 0
60800 10 8 0.113 0.306 0.435 0.779 0.9 25 0 34.8 10.68 0 0.78
60800 10 8 0.088 0.384 0.29 0.865 0.979 25 0 36.1 9.62 0 0.76
60800 10 8 0.022 0.392 0.446 0.884 0.619 25 0 33 6.82 0 0.84
60800 10 8 0.016 0.347 0.307 0.985 0.579 40 0 52.36 10.56 0 0.66
60800 10 8 0.014 0.03 0.237 0.842 0.87 25 0 35.24 9.52 0 0.74
60800 10 8 0.03 0.196 0.084 0.839 0.577 34 3 52.62 38.24 0 0.44
60800 10 8 0.095 0.45 0.1 0.954 0.216 25 752 26.24 1004.76 0 0
60800 10 8 0.108 0.415 0.331 0.818 0.63 25 0 35.1 6.34 0 0.84
60800 10 8 0.114 0.227 0.113 0.873 0.756 25 0 40.28 9.26 0 0.66
60800 10 8 0.081 0.456 0.138 0.761 0.815 33 0 43.86 5.38 0 0.76
60800 10 8 0.085 0.312 0.412 0.894 0.577 39 0 51.26 8.36 0 0.76
60800 10 8 0.055 0.372 0.185 0.939 0.806 25 0 37.06 9.04 0 0.74
60800 10 8 0.013 0.081 0.465 0.862 0.55 25 1 34.42 10.34 0 0.7
60800 10 8 0.096 0.041 0.21 0.89 0.633 25 0 37.2 9.72 0 0.7
60800 10 8 0.069 0.126 0.48 0.918 0.192 34 0 44.84 7.02 0 0.74
60800 10 8 0.069 0.413 0.447 0.807 0.529 25 0 37.86 10.34 0 0.7
60800 10 8 0.059 0.286 0.314 0.784 0.505 39 0 48.56 19.16 0 0.46
60800 10 8 0.065 0.227 0.416 0.888 0.269 53 0 63.84 12.32 0 0.58
60800 10 8 0.111 0.126 0.169 0.89 0.566 26 1 40.56 11.26 0 0.7
60800 10 8 0.056 0.312 0.299 0.939 0.3 35 4 48.08 53.46 0 0.2
60800 10 8 0.082 0.051 0.091 0.967 0.915 25 1 37.72 9.22 0 0.7
60800 10 8 0.109 0.452 0.197 0.934 0.36 30 66 43.98 158.48 0 0
60800 10 8 0.053 0.483 0.123 0.978 0.391 32 58 49.22 143.64 0 0
60800 10 8 0.008 0.321 0.016 0.846 0.851 25 1 35.8 7.14 0 0.8
60800 10 8 0.048 0.149 0.407 0.933 0.864 25 0 38.38 8.44 0 0.74
60800 10 8 0.03 0.321 0.082 0.951 0.881 25 0 36.84 9.2 0 0.74
60800 10 8 0.104 0.357 0.392 0.905 0.922 25 0 37.84 5.58 0 0.84
60800 10 8 0.116 0.3 0.426 0.841 0.091 26 5 35.68 166.84 0 0.24
60800 10 8 0.101 0.045 0.297 0.8 0.509 25 1 34.14 9.88 0 0.76
60800 10 8 0.05 0.281 0.149 0.868 0.111 26 497 30.62 639.22 0 0
60800 10 8 0.045 0.111 0.42 0.815 0.993 25 0 34.72 9.64 0 0.76
60800 10 8 0.09 0.276 0.226 0.963 0.764 25 0 36.18 7.8 0 0.8
60800 10 8 0.007 0.408 0.3 0.935 0.714 25 0 37 9.28 0 0.7
60800 10 8 0.047 0.006 0.067 0.984 0.074 55 0 60.46 8.96 0 0.68
60800 10 8 0.041 0.312 0.307 0.754 0.131 26 2 34.62 116.12 0 0.32
60800 10 8 0.061 0.016 0.306 0.915 0.003 25 519 28.7 812.5 0 0
60800 10 8 0.047 0.358 0.058 0.845 0.33 25 298 30.38 663.02 0 0
60800 10 8 0.032 0.19 0.446 0.956 0.47 25 0 34.1 8.54 0 0.68
60800 10 8 0.05 0.13 0.357 0.808 0.825 50 0 54.18 6.7 0 0.76
60800 10 8 0.028 0.26 0.414 0.78 0.269 27 0 36.4 35.3 0 0.54
60800 10 8 0.01 0.169 0.119 0.891 0.514 56 0 63.92 31.72 0 0.36
60800 10 8 0.008 0.005 0.072 0.89 0.877 25 1 37.4 5.74 0 0.78
60800 10 8 0.014 0.381 0.424 0.849 0.212 25 1 33.84 52.28 0 0.64
60800 10 8 0.115 0.477 0.035 0.959 0.73 50 0 60.16 16.42 0 0.48
60800 10 8 0.002 0.052 0.132 0.804 0.114 25 4 38.28 98 0 0.52
60800 10 8 0.063 0.411 0.423 0.889 0.944 25 0 34.32 6.44 0 0.82
60800 10 8 0.077 0.161 0.328 0.956 0.106 30 12 48.78 95.64 0 0
60800 10 8 0.073 0.196 0.27 0.839 0.32 30 3 49.14 39.38 0 0.56
60800 10 8 0.12 0.151 0.041 0.801 0.129 25 755 27.42 1088.6 0 0
60800 10 8 0.025 0.018 0.379 0.808 0.415 25 0 34.16 10.18 0 0.74
60800 10 8 0.096 0.033 0.479 0.831 0.673 25 1 34.22 10.72 0 0.76
60800 10 8 0.029 0.207 0.087 0.838 0.635 26 1 35.28 32.62 0 0.54
60800 10 8 0.106 0.159 0.183 0.757 0.48 43 0 59.9 12.2 0 0.68
60800 10 8 0.071 0.17 0.263 0.853 0.834 26 0 39.18 6.68 0 0.78
60800 10 8 0.019 0.186 0.473 0.83 0.676 25 0 36.1 10.32 0 0.76
60800 10 8 0.092 0.022 0.091 0.777 0.556 25 0 34.18 9.52 0 0.78
60800 10 8 0.041 0.38 0.491 0.954 0.086 37 0 53.78 65.52 0 0.22
60800 10 8 0.066 0.405 0.487 0.791 0.656 25 2 36.86 12.34 0 0.74
60800 10 8 0.072 0.151 0.141 0.899 0.493 35 0 49.32 14.8 0 0.62
60800 10 8 0.041 0.318 0.144 0.76 0.588 26 0 40.88 32.1 0 0.64
60800 10 8 0.095 0.287 0.23 0.951 0.015 25 1024 26.44 1135 0 0
60800 10 8 0.073 0.466 0.202 0.971 0.703 25 1 36.04 9.9 0 0.74
60800 10 8 0.1 0.338 0.412 0.999 0.61 25 0 34.92 8.84 0 0.82
60800 10 8 0.042 0.057 0.14 0.776 0.433 25 0 36.46 6.48 0 0.8
60800 10 8 0.035 0.328 0.009 0.782 0.978 25 0 37.96 9.66 0 0.72
60800 10 8 0.054 0.238 0.248 0.909 0.644 26 0 38.34 11.76 0 0.66
60800 10 8 0.002 0.172 0.483 0.843 0.87 25 0 33.7 10.42 0 0.76
60800 10 8 0.009 0.305 0.266 0.843 0.779 25 0 36.8 9.16 0 0.76
60800 10 8 0.041 0.008 0.474 0.991 0.622 38 1 47.86 8.88 0 0.72
60800 10 8 0.114 0.101 0.271 0.977 0.545 25 0 41.38 4.94 0 0.86
60800 10 8 0.029 0.219 0.361 0.996 0.486 25 0 35.62 7.14 0 0.86
60800 10 8 0.074 0.373 0.116 0.794 0.441 43 7 49.94 129.08 0 0.04
60800 10 8 0.019 0.433 0.274 0.8 0.528 26 0 41.74 21.6 0 0.56
60800 10 8 0.116 0.391 0.173 0.829 0.891 25 0 38.96 8.98 0 0.76
60800 10 8 0.021 0.342 0.401 0.823 0.999 25 0 35.24 8.08 0 0.74
60800 10 8 0.072 0.263 0.105 0.768 0.816 29 0 39.66 8.4 0 0.8
60800 10 8 0.049 0.176 0.238 0.793 0.87 25 0 38.68 7.02 0 0.76
60800 10 8 0.022 0.37 0.171 0.86 0.084 25 95 29.26 718.28 0 0
60800 10 8 0.058 0.367 0.471 0.86 0.953 25 0 34.74 5 0 0.82
60800 10 8 0.011 0.244 0.219 0.812 0.113 25 3 52.6 148.76 0 0.26
60800 10 8 0.027 0.242 0.367 0.911 0.077 26 3 45.48 147.78 0 0.24
60800 10 8 0.024 0.403 0.293 0.809 0.863 26 0 39.52 8.14 0 0.78
60800 10 8 0.069 0.378 0.029 0.755 0.086 25 901 26.62 1071.06 0 0
60800 10 8 0.02 0.205 0.388 0.927 0.321 28 0 39.62 19.6 0 0.54
60800 10 8 0.1 0.169 0.293 0.813 0.77 25 0 40 10.56 0 0.72
60800 10 8 0.006 0.363 0.066 0.936 0.065 25 445 29.22 870.86 0 0
60800 10 8 0.086 0.281 0.016 0.964 0.695 52 2 59.8 24.44 0 0.24
60800 10 8 0.075 0.006 0.103 0.833 0.588 25 0 39.28 7.68 0 0.74
60800 10 8 0.013 0.495 0.44 0.991 0.201 26 1 45.04 71.96 0 0.36
60800 10 8 0.1 0.292 0.476 0.926 0.195 38 1 45.34 40 0 0.32
60800 10 8 0.119 0.116 0.453 0.978 0.736 45 1 54.28 9.82 0 0.68
60800 10 8 0.076 0.01 0.114 0.846 0.911 25 0 35.94 3.92 0 0.9
60800 10 8 0.094 0.327 0.125 0.769 0.927 25 0 34.76 5.28 0 0.82
60800 10 8 0.11 0.308 0.437 0.912 0.82 25 0 33.66 11.4 0 0.72
60800 10 8 0.07 0.214 0.176 0.901 0.048 25 163 31.06 593.78 0 0
60800 10 8 0.037 0.226 0.184 0.904 0.77 25 0 37.16 11 0 0.72
60800 10 8 0.006 0.338 0.352 0.864 0.251 44 0 49.08 33.64 0 0.38
60800 10 8 0.089 0.049 0.479 0.81 0.489 25 0 36.84 11.08 0 0.76
60800 10 8 0.091 0.154 0.035 0.801 0.691 35 0 45.72 15.7 0 0.44
60800 10 8 0.031 0.021 0.07 0.934 0.26 25 1 42.94 12.64 0 0.74
60800 10 8 0.095 0.401 0.116 0.99 0.551 29 1 43.76 24.8 0 0.7
60800 10 8 0.022 0.177 0.224 0.751 0.002 25 624 29.26 853.14 0 0
60800 10 8 0.016 0.071 0.345 0.784 0.964 25 0 35.8 6.14 0 0.84
60800 10 8 0.117 0.195 0.246 0.922 0.891 25 0 36.76 9.64 0 0.7
60800 10 8 0.111 0.379 0.227 0.84 0.516 46 2 57.2 20.98 0 0.58
60800 10 8 0.013 0.322 0.088 0.769 0.299 25 22 28.02 426.12 0 0
60800 10 8 0.016 0.362 0.299 0.876 0.268 40 2 48.2 60.56 0 0.28
60800 10 8 0.041 0.337 0.148 0.976 0.205 25 43 39.54 211.7 0 0
60800 10 8 0.029 0.175 0.4 0.891 0.327 30 0 41.36 17.3 0 0.66
60800 10 8 0.053 0.044 0.318 0.797 0.044 38 0 50.96 46.06 0 0.3
60800 10 8 0.053 0.156 0.396 0.956 0.225 40 0 47 10.66 0 0.64
60800 10 8 0.077 0.066 0.218 0.896 0.077 33 6 45.98 110.18 0 0.02
60800 10 8 0.065 0.191 0.346 0.866 0.54 25 0 37.7 5.98 0 0.8
60800 10 8 0.002 0.473 0.384 0.993 0.901 25 0 38.58 11.32 0 0.68
60800 10 8 0.04 0.446 0.188 0.786 0.859 25 0 34.04 6.68 0 0.82
60800 10 8 0.067 0.222 0.247 0.754 0.397 26 0 42.48 33.9 0 0.52
60800 10 8 0.109 0.358 0.473 0.901 0.02 25 389 27.28 732.48 0 0
60800 10 8 0.015 0.314 0.386 0.878 0.292 32 0 46.72 30.02 0 0.48
60800 10 8 0.028 0.489 0.263 0.846 0.909 25 0 32.18 4.76 0 0.88
60800 10 8 0.094 0.233 0.071 0.75 0.422 25 94 32.54 259.4 0 0
60800 10 8 0.099 0.422 0.003 0.751 0.673 47 1 56.76 21.7 0 0.52
60800 10 8 0.083 0.268 0.438 0.789 0.992 25 0 34.56 5.92 0 0.8
60800 10 8 0.082 0.434 0.493 0.776 0.936 26 0 42.94 8.04 0 0.7
60800 10 8 0.003 0.001 0.029 0.999 0.175 25 0 38.38 9.52 0 0.72
60800 10 8 0.037 0.025 0.451 0.794 0.707 27 0 38.24 9.74 0 0.7
60800 10 8 0.089 0.39 0.222 0.959 0.199 25 64 33.32 496.64 0 0
60800 10 8 0.002 0.499 0.003 0.922 0.745 27 0 42.8 21.92 0 0.58
60800 10 8 0.113 0.212 0.174 0.869 0.642 34 1 42.76 9.04 0 0.66
60800 10 8 0.06 0.211 0.185 0.888 0.324 29 2 39.26 79.62 0 0.1
60800 10 8 0.045 0.064 0.367 0.757 0.696 25 1 37.52 11.32 0 0.74
60800 10 8 0.026 0.244 0.48 0.852 0.381 31 0 45.84 6.32 0 0.8
60800 10 8 0.022 0.148 0.389 0.804 0.734 25 0 37.96 3.34 0 0.88
60800 10 8 0.062 0.432 0.484 0.998 0.649 26 0 37.98 5.34 0 0.86
60800 10 8 0.059 0.449 0.338 0.888 0.733 26 0 38.92 6.52 0 0.8
60800 10 8 0.028 0.157 0.136 0.967 0.66 25 0 37.98 20.06 0 0.74
60800 10 8 0.105 0.157 0.406 0.833 0.083 26 40 46.74 149.64 0 0
60800 10 8 0.04 0.207 0.09 0.983 0.748 52 0 59.24 11.14 0 0.56
60800 10 8 0.041 0.272 0.121 0.918 0.717 48 0 54.78 10.26 0 0.58
60800 10 8 0.061 0.463 0.383 0.962 0.731 25 0 34.12 8.24 0 0.84
60800 10 8 0.028 0.015 0.397 0.798 0.486 26 0 40.66 10.82 0 0.74
60800 10 8 0.105 0.266 0.201 0.766 0.467 26 0 38.68 11.78 0 0.76
60800 10 8 0.02 0.401 0.122 0.983 0.003 25 1162 26.34 1214.04 0 0
60800 10 8 0.103 0.464 0.039 0.91 0.952 25 0 35.56 8.06 0 0.8
60800 10 8 0.043 0.246 0.492 0.966 0.893 25 0 33.16 9.52 0 0.78
60800 10 8 0.082 0.311 0.109 0.778 0.202 25 695 30.6 819.16 0 0
60800 10 8 0.029 0.193 0.16 0.818 0.134 28 115 40.74 188.02 0 0
60800 10 8 0.002 0.31 0.051 0.751 0.339 25 66 49.22 212.14 0 0
60800 10 8 0.034 0.044 0.477 0.904 0.818 25 0 35.52 11 0 0.7
60800 10 8 0.099 0.479 0.329 0.805 0.347 41 8 54.26 45.58 0 0.06
60800 10 8 0.073 0.455 0.285 0.958 0.244 33 3 45.4 73.7 0 0.28
60800 10 8 0.068 0.277 0.023 0.836 0.345 25 183 34.88 565.36 0 0
60800 10 8 0.028 0.135 0.082 0.817 0.053 25 502 26.6 917.54 0 0
60800 10 8 0.097 0.236 0.224 0.855 0.684 26 1 41.48 11.12 0 0.64
60800 10 8 0.083 0.061 0.399 0.924 0.891 25 0 34.38 8.52 0 0.78
60800 10 8 0.048 0.319 0.361 0.951 0.389 25 0 39.76 9.66 0 0.68
60800 10 8 0.007 0.113 0.367 0.996 0.265 32 0 39.74 10 0 0.74
60800 10 8 0.02 0.472 0.37 0.917 0.371 25 1 38.2 12.6 0 0.72
60800 10 8 0.12 0.456 0.017 0.865 0.226 25 700 26.86 949.4 0 0
60800 10 8 0.109 0.261 0.405 0.935 0.08 31 34 43.68 177.16 0 0
60800 10 8 0.015 0.314 0.002 0.963 0.758 26 1 40.96 22.08 0 0.6
60800 10 8 0.009 0.174 0.487 0.768 0.192 40 1 51.5 15.04 0 0.66
60800 10 8 0.034 0.238 0.158 0.945 0.404 32 1 43.44 21.56 0 0.44
60800 10 8 0.045 0.28 0.013 0.784 0.39 25 750 27.5 1043.56 0 0
60800 10 1 0.059 0.038 0.49 0.905 0.5 91 1 101.78 10.38 0.02 0.54
60800 10 1 0.081 0.321 0.435 0.79 0.97 80 0 97.66 10.74 0 0.62
60800 10 1 0.074 0.32 0.109 0.767 0.894 90 2 118.08 16.86 0.84 0.34
60800 10 1 0.108 0.274 0.372 0.867 0.344 64 1 76.6 20.16 0 0.58
60800 10 1 0.059 0.061 0.253 0.844 0.508 92 2 100.74 10.58 0 0.44
60800 10 1 0.07 0.166 0.147 0.851 0.298 30 69 37.1 185.02 0 0
60800 10 1 0.09 0.17 0.207 0.767 0.364 44 1 56.02 33.76 0 0.34
60800 10 1 0.089 0.337 0.47 0.977 0.528 96 0 105.6 8.06 0 0.62
60800 10 1 0.045 0.423 0.099 0.914 0.961 82 2 103.2 17.9 0.22 0.42
60800 10 1 0.035 0.076 0.113 0.918 0.686 80 2 97.58 9.12 0.02 0.74
60800 10 1 0.041 0.099 0.322 0.85 0.729 83 1 100.46 12.18 0.08 0.7
60800 10 1 0.038 0.069 0.28 0.816 0.778 85 2 100.08 17.28 0.04 0.54
60800 10 1 0.064 0.185 0.055 0.795 0.725 86 0 103.1 16.9 0.22 0.34
60800 10 1 0.085 0.291 0.003 0.979 0.942 89 2 103.08 15.16 0 0.4
60800 10 1 0.055 0.346 0.19 0.949 0.627 80 2 87.86 18.32 0 0.3
60800 10 1 0.031 0.444 0.411 0.951 0.646 89 1 105.08 15.66 0.3 0.46
60800 10 1 0.053 0.233 0.349 0.857 0.602 100 1 107.7 9.34 0.16 0.56
60800 10 1 0.045 0.168 0.254 0.986 0.186 27 7 46.18 90.42 0 0.22
60800 10 1 0.022 0.384 0.309 0.761 0.076 25 104 29.76 334.56 0 0
60800 10 1 0.055 0.363 0.259 0.769 0.524 53 0 73.98 13.38 0 0.66
60800 10 1 0.047 0.296 0.096 0.861 0.151 25 711 26.7 1057.26 0 0
60800 10 1 0.031 0.303 0.267 0.848 0.552 69 0 88.3 17.54 0 0.36
60800 10 1 0.072 0.153 0.337 0.966 0.577 91 0 105.36 8.04 0.22 0.72
60800 10 1 0.02 0.373 0.05 0.87 0.063 25 908 26.64 1082.96 0 0
60800 10 1 0.077 0.371 0.41 0.778 0.264 33 3 63.88 30.82 0 0.58
60800 10 1 0.1 0.308 0.481 0.781 0.293 78 2 87.24 21.06 0 0.12
60800 10 1 0.009 0.119 0.482 0.979 0.131 64 1 81.16 13.86 0 0.72
60800 10 1 0.068 0.107 0.233 0.818 0.079 25 25 40.94 180.06 0 0
60800 10 1 0.04 0.451 0.184 0.924 0.668 74 1 91.72 21.76 0.04 0.46
60800 10 1 0.081 0.022 0.151 0.826 0.144 82 0 104.42 12.68 0.48 0.6
60800 10 1 0.08 0.464 0.036 0.964 0.267 25 798 26.34 1037.42 0 0
60800 10 1 0.1 0.076 0.137 0.993 0.043 25 822 26.14 916.62 0 0
60800 10 1 0.028 0.351 0.007 0.812 0.842 86 3 107.3 13.46 0.58 0.58
60800 10 1 0.005 0.315 0.006 0.912 0.928 93 1 112.58 14.06 0.54 0.34
60800 10 1 0.037 0.001 0.364 0.868 0.094 97 1 103.82 7.5 0 0.7
60800 10 1 0.085 0.304 0.185 0.933 0.974 96 1 113.64 11.06 0.58 0.64
60800 10 1 0.055 0.131 0.462 0.815 0.172 73 2 91.88 20.76 0 0.32
60800 10 8 0.018 0.29 0.24 0.991 0.671 26 0 40.76 5.06 0 0.78
60800 10 8 0.008 0.196 0.128 0.918 0.015 25 1053 26.24 1105.26 0 0
60800 10 8 0.015 0.075 0.37 0.952 0.58 25 0 38.94 9.72 0 0.7
60800 10 8 0.043 0.168 0.306 0.921 0.83 25 0 34.66 11.06 0 0.78
60800 10 8 0.118 0.45 0.318 0.97 0.385 40 0 53.24 55.8 0 0.22
60800 10 8 0.109 0.316 0.027 0.875 0.181 25 682 29.86 938 0 0
60800 10 8 0.027 0.223 0.223 0.817 0.647 38 0 58.42 11.46 0 0.56
60800 10 8 0.005 0.227 0.269 0.974 0.963 25 0 34.54 10.18 0 0.74
60800 10 8 0.077 0.36 0.349 0.753 0.799 25 0 35.94 9.16 0 0.72
60800 10 8 0.082 0.057 0.221 0.797 0.449 25 0 38.4 10.5 0 0.76
60800 10 8 0.092 0.077 0.153 0.793 0.818 25 0 34.2 5.38 0 0.88
60800 10 8 0.083 0.431 0.313 0.856 0.243 26 1 44.96 134.06 0 0.32
60800 10 8 0.061 0.454 0.26 0.821 0.574 51 0 56.38 15.88 0 0.54
60800 10 8 0.034 0.296 0.16 0.937 0.771 25 1 34.62 7 0 0.78
60800 10 8 0.098 0.477 0.189 0.814 0.466 35 1 49.86 74.22 0 0.4
60800 10 8 0.061 0.412 0.061 0.858 0.212 25 442 27.82 940.7 0 0
60800 10 8 0.03 0.073 0.329 0.916 0.641 25 0 39.12 9.94 0 0.72
60800 10 8 0.068 0.014 0.138 0.758 0.615 25 0 32.04 11.58 0 0.78
60800 10 8 0.022 0.446 0.04 0.848 0.691 31 3 42.26 25.9 0 0.48
60800 10 8 0.045 0.221 0.119 1 0.074 25 885 26.26 966.92 0 0
60800 10 8 0.104 0.201 0.191 0.787 0.503 28 0 50.56 24.16 0 0.66
60800 10 8 0.045 0.304 0.42 0.919 0.737 25 0 33.44 13.04 0 0.78
60800 10 8 0.023 0.301 0.159 0.915 0.28 25 0 37.98 143.76 0 0.32
60800 10 8 0.07 0.2 0.191 0.859 0.631 28 0 38.9 9.02 0 0.74
60800 10 8 0.103 0.313 0.065 0.967 0.65 27 0 37.14 24.74 0 0.72
60800 10 8 0.03 0.27 0.177 0.887 0.435 36 3 44.94 24.84 0 0.52
60800 10 8 0.085 0.119 0.433 0.952 0.947 25 0 33.96 6.88 0 0.86
60800 10 8 0.01 0.163 0.451 0.969 0.746 27 0 37.02 5.12 0 0.8
60800 10 8 0.119 0.479 0.203 0.864 0.009 25 1040 26.58 1126.7 0 0
60800 10 8 0.119 0.039 0.174 0.773 0.174 34 0 45.18 8 0 0.66
60800 10 8 0.082 0.457 0.331 0.878 0.886 25 0 37.6 10.38 0 0.76
60800 10 8 0.077 0.269 0.405 0.784 0.313 27 0 40.1 24.2 0 0.46
60800 10 8 0.081 0.221 0.099 0.947 0.371 32 146 40.54 201.8 0 0
60800 10 8 0.095 0.023 0.227 0.873 0.394 25 0 35.74 6.8 0 0.8
60800 10 8 0.072 0.117 0.003 0.797 0.532 28 4 38.88 80.04 0 0.08
60800 10 8 0.072 0.456 0.301 0.93 0.581 25 0 36.24 7.82 0 0.86
60800 10 8 0.024 0.08 0.197 0.823 0.438 28 1 52.28 15.72 0 0.68
60800 10 8 0.046 0.403 0.461 0.784 0.957 25 0 36.86 10.3 0 0.76
60800 10 8 0.014 0.194 0.221 0.842 0.666 31 0 44.98 9.46 0 0.66
60800 10 8 0.006 0.199 0.296 0.86 0.23 32 1 43.46 30.76 0 0.6
60800 10 8 0.092 0.411 0.061 0.774 0.263 25 983 26.24 1039.82 0 0
60800 10 8 0.045 0.44 0.259 0.963 0.449 33 2 44.3 34.72 0 0.46
60800 10 8 0.097 0.156 0.133 0.912 0.67 25 0 32.9 6.68 0 0.84
60800 10 8 0.043 0.057 0.342 0.82 0.921 25 0 37.96 11.38 0 0.72
60800 10 8 0.09 0.411 0.32 0.935 0.126 25 49 42.28 148.82 0 0
60800 10 8 0.112 0.177 0.318 0.994 0.435 25 0 38.22 11.28 0 0.68
60800 10 8 0.015 0.023 0.391 0.789 0.994 25 0 38.76 10.76 0 0.72
60800 10 8 0.029 0.091 0.083 0.794 0.261 29 1 45.42 139.92 0 0.2
60800 10 8 0.115 0.381 0.099 0.844 0.155 25 378 33.84 606.56 0 0
60800 10 8 0.073 0.465 0.432 0.987 0.041 25 321 30.56 445.88 0 0
60800 10 8 0.075 0.445 0.42 0.862 0.429 27 0 47.5 19.5 0 0.44
60800 10 8 0.088 0.137 0.006 0.752 0.077 25 984 26.4 1025.96 0 0
60800 10 8 0.112 0.37 0.125 0.837 0.898 25 0 36.96 11.38 0 0.78
60800 10 8 0.002 0.372 0.243 0.953 0.971 25 0 34.08 11.16 0 0.72
60800 10 8 0.044 0.035 0.402 0.803 0.395 31 0 38.96 3.94 0 0.86
60800 10 8 0.097 0.487 0.294 0.775 0.536 25 0 32.58 25.22 0 0.64
60800 10 8 0.083 0.139 0.077 0.864 0.653 32 0 45.86 12.14 0 0.56
60800 10 8 0.115 0.122 0.006 0.871 0.029 25 1073 26.12 1107.96 0 0
60800 10 8 0.054 0.225 0.067 0.796 0.328 25 118 29 421.72 0 0
60800 10 8 0.059 0.296 0.352 0.869 0.236 44 18 54.08 64.42 0 0
60800 10 8 0.011 0.486 0.19 0.903 0.161 25 6 34.4 292.06 0 0.12
60800 10 8 0.007 0.364 0.331 0.883 0.416 25 0 33.7 22.6 0 0.72
60800 10 8 0.005 0.476 0.196 0.816 0.738 25 0 38.08 9.98 0 0.7
60800 10 8 0.049 0.045 0.382 0.77 0.484 25 1 37.92 10.64 0 0.7
60800 10 8 0.044 0.382 0.314 0.868 0.583 25 0 39.8 11 0 0.64
60800 10 8 0.026 0.369 0.035 0.895 0.206 25 571 32.7 692.96 0 0
60800 10 8 0.118 0.273 0.382 0.938 0.461 42 0 52.64 6.7 0 0.78
60800 10 8 0.102 0.292 0.46 0.799 0.656 26 0 35.78 5.78 0 0.84
60800 10 8 0.113 0.168 0.012 0.998 0.335 25 254 32.78 435.4 0 0
60800 10 8 0.038 0.254 0.051 0.846 0.578 28 3 51.74 43.7 0 0.6
60800 10 8 0.098 0.035 0.039 0.763 0.366 25 0 36.88 6.66 0 0.8
60800 10 8 0.099 0.455 0.102 0.766 0.837 48 0 57.12 10.74 0 0.66
60800 10 8 0.054 0.421 0.029 0.941 0.946 25 0 39.5 7.6 0 0.76
60800 10 8 0.004 0.394 0.234 0.814 0.4 25 0 36.76 44.98 0 0.58
60800 10 8 0.082 0.396 0.244 0.855 0.427 40 2 51.1 60.8 0 0.1
60800 10 8 0.031 0.432 0.23 0.983 0.63 41 0 55.92 16.36 0 0.64
60800 10 8 0.021 0.412 0.472 0.871 0.373 28 0 41.38 19.48 0 0.58
60800 10 8 0.115 0.406 0.348 0.926 0.31 33 2 51.86 71.34 0 0.32
60800 10 8 0.044 0.332 0.01 0.993 0.094 25 399 31.5 792.52 0 0
60800 10 8 0.085 0.208 0.254 0.893 0.568 28 0 52.16 10.42 0 0.64
60800 10 8 0.098 0.487 0.313 0.857 0.205 37 47 48.72 110.88 0 0
60800 10 8 0.041 0.035 0.458 0.966 0.084 25 0 35.22 10.44 0 0.76
60800 10 8 0.015 0.007 0.148 0.92 0.17 25 0 35.18 10.4 0 0.78
60800 10 8 0.103 0.382 0.462 0.816 0.497 25 0 41.66 10.14 0 0.66
60800 10 8 0.025 0.475 0.248 0.892 0.918 25 1 36.3 13.2 0 0.74
60800 10 8 0.042 0.115 0.184 0.789 0.261 32 3 39.74 60.16 0 0.4
60800 10 8 0.042 0.053 0.02 0.849 0.797 32 0 46.18 9.8 0 0.64
60800 10 8 0.064 0.058 0.362 0.837 0.276 25 1 35.7 8.88 0 0.74
60800 10 8 0.057 0.088 0.008 0.78 0.532 30 8 35.16 108.74 0 0.14
60800 10 8 0.1 0.027 0.136 0.788 0.083 34 2 45.06 15.12 0 0.68
60800 10 8 0.068 0.01 0.028 0.751 0.472 25 0 36.38 8.76 0 0.62
60800 10 8 0.086 0.44 0.293 0.922 0.224 36 0 45.84 48.36 0 0.28
60800 10 8 0.006 0.195 0.216 0.822 0.369 25 0 44.48 44.98 0 0.52
60800 10 8 0.107 0.347 0.22 0.899 0.796 25 0 34.74 5.48 0 0.84
60800 10 8 0.085 0.493 0.302 0.825 0.729 25 0 37.58 9.3 0 0.76
60800 10 8 0.114 0.29 0.351 0.858 0.754 25 1 36.12 10.42 0 0.76
60800 10 8 0.078 0.098 0.177 0.929 0.284 65 0 72.46 12.64 0 0.54
60800 10 8 0.036 0.216 0.036 0.791 0.674 37 3 49.4 32.18 0 0.62
60800 10 8 0.108 0.248 0.112 0.784 0.991 25 0 36.52 7.3 0 0.82
60800 10 8 0.098 0.102 0.474 0.939 0.657 26 0 37.08 8.42 0 0.72
60800 10 8 0.119 0.129 0.498 0.972 0.915 25 0 36.76 9.5 0 0.76
60800 10 8 0.059 0.119 0.321 0.803 0.701 26 0 42.02 9.36 0 0.74
60800 10 8 0.086 0.176 0.263 0.786 0.602 25 0 35.36 10.12 0 0.68
60800 10 8 0.03 0.293 0.452 0.984 0.311 54 1 59 9.56 0 0.6
60800 10 8 0.036 0.16 0.175 0.949 0.164 28 53 40.88 209.46 0 0
60800 10 8 0.113 0.06 0.446 0.976 0.854 25 0 39.14 9.76 0 0.72
60800 10 8 0.02 0.129 0.024 0.876 0.555 28 3 43.58 94.52 0 0.3
60800 10 8 0.057 0.043 0.038 0.961 0.802 27 0 42.74 5.38 0 0.82
60800 10 8 0.086 0.476 0.459 0.758 0.715 25 0 37.34 5.76 0 0.84
60800 10 8 0.089 0.287 0.381 0.892 0.477 34 0 45.08 7.34 0 0.68
60800 10 8 0.029 0.414 0.193 1 0.609 25 1 37.76 23.32 0 0.64
60800 10 8 0.049 0.325 0.426 0.796 0.584 25 1 34.12 6.66 0 0.82
60800 10 8 0.04 0.065 0.258 0.893 0.442 25 1 37.28 10.94 0 0.7
60800 10 8 0.071 0.236 0.251 0.821 0.314 28 0 44.98 61.74 0 0.16
60800 10 8 0.026 0.236 0.068 0.912 0.312 25 52 33.34 371.68 0 0
60800 10 8 0.005 0.19 0.429 0.911 0.844 25 0 32.7 7.42 0 0.84
60800 10 8 0.045 0.112 0.011 0.789 0.348 25 389 30.4 763.84 0 0
60800 10 8 0.098 0.472 0.255 0.838 0.486 26 0 35.28 31.14 0 0.68
60800 10 8 0.107 0.343 0.053 0.814 0.503 32 141 35.38 206.32 0 0
60800 10 8 0.116 0.415 0.19 0.972 0.508 33 3 55.92 45.84 0 0.32
60800 10 8 0.112 0.449 0.351 0.974 0.628 25 0 39.48 9.2 0 0.74
60800 10 8 0.087 0.303 0.277 0.826 0.84 25 0 33.54 9.1 0 0.7
60800 10 8 0.033 0.106 0.271 0.988 0.531 25 0 35.52 9.18 0 0.78
60800 10 8 0.11 0.227 0.232 0.781 0.323 28 1 41.5 60.68 0 0.46
60800 10 8 0.076 0.223 0.435 0.914 0.386 25 0 37.6 9.6 0 0.68
60800 10 8 0.051 0.046 0.271 0.918 0.331 25 0 36.2 8.58 0 0.8
60800 10 8 0.08 0.45 0.442 0.965 0.074 25 2 36.88 240.92 0 0.34
60800 10 8 0.06 0.453 0.003 0.756 0.255 25 1175 26.28 1220.7 0 0
60800 10 8 0.069 0.009 0.491 0.792 0.639 25 2 36.8 7.56 0 0.84
60800 10 8 0.069 0.411 0.47 0.907 0.189 34 1 41.04 42.8 0 0.58
60800 10 8 0.08 0.296 0.232 0.853 0.964 33 0 46.62 7.16 0 0.72
60800 10 8 0.096 0.325 0.454 0.957 0.098 31 3 51.68 78.08 0 0.38
60800 10 8 0.008 0.016 0.142 0.937 0.069 26 2 37.4 47.3 0 0.58
60800 10 8 0.004 0.05 0.048 0.845 0.317 25 2 46.4 142.98 0 0.38
60800 10 8 0.055 0.048 0.044 0.847 0.624 43 0 52.82 3.76 0 0.82
60800 10 8 0.077 0.066 0.304 0.964 0.256 25 0 36.42 5.24 0 0.8
60800 10 8 0.033 0.065 0.124 0.964 0.768 25 1 35.16 6.98 0 0.84
60800 10 8 0.025 0.039 0.127 0.925 0.706 25 1 34.56 6.9 0 0.82
60800 10 8 0.064 0.122 0.055 0.904 0.008 25 1012 26.28 1104.44 0 0
60800 10 8 0.007 0.268 0.084 0.94 0.143 25 57 36.3 474.76 0 0
60800 10 8 0.025 0.21 0.206 0.755 0.421 49 1 59.04 39.08 0 0.42
60800 10 8 0.027 0.358 0.06 0.895 0.351 25 541 27.08 751.26 0 0
60800 10 8 0.097 0.071 0.187 0.791 0.316 26 2 45.54 13.84 0 0.66
60800 10 8 0.021 0.254 0.028 0.964 0.092 25 1169 26.08 1214.72 0 0
60800 10 8 0.009 0.169 0.07 0.875 0.827 25 0 35.32 10.08 0 0.7
60800 10 8 0.078 0.163 0.261 0.88 0.218 36 2 47.28 27.6 0 0.5
60800 10 8 0.118 0.063 0.139 0.76 0.417 25 0 37.06 11.16 0 0.76
60800 10 8 0.019 0.435 0.448 0.927 0.108 28 1 50.08 84.34 0 0.38
60800 10 8 0.005 0.457 0.461 0.992 0.433 45 0 51.68 6.6 0 0.78
60800 10 8 0.026 0.361 0.172 0.862 0.158 25 3 36.76 327.84 0 0.06
60800 10 8 0.087 0.18 0.174 0.858 0.61 43 0 51.36 10.04 0 0.62
60800 10 8 0.082 0.035 0.23 0.752 0.157 26 0 43.42 12.44 0 0.68
60800 10 8 0.096 0.054 0.459 0.92 0.992 25 0 35.64 8.06 0 0.7
60800 10 8 0.101 0.236 0.292 0.913 0.385 35 0 46.76 13.4 0 0.78
60800 10 8 0.09 0.178 0.374 0.911 0.605 28 0 37.66 5.44 0 0.82
60800 10 8 0.041 0.464 0.068 0.816 0.22 25 677 26.78 1018.3 0 0
60800 10 8 0.087 0.124 0.222 0.917 0.092 31 8 45.42 87.9 0 0.02
60800 10 8 0.009 0.167 0.264 0.798 0.148 37 25 51.96 93.9 0 0
60800 10 8 0.107 0.399 0.367 0.921 0.415 43 1 60.34 16.38 0 0.56
60800 10 8 0.049 0.479 0.183 0.754 0.134 25 77 31.52 700.78 0 0
60800 10 8 0.078 0.457 0.341 0.771 0.721 26 0 38.12 7.34 0 0.74
60800 10 8 0.072 0.19 0.117 0.893 0.334 25 4 36.06 129.68 0 0.38
60800 10 8 0.006 0.224 0.268 0.895 0.559 31 0 54.7 18.32 0 0.62
60800 10 8 0.016 0.269 0.13 0.886 0.345 28 8 48.06 93.76 0 0.22
60800 10 8 0.111 0.083 0.133 0.964 0.885 25 0 34.56 4.18 0 0.92
60800 10 8 0.032 0.175 0.268 0.798 0.553 25 1 38.8 10.02 0 0.68
60800 10 8 0.008 0.283 0.458 0.849 0.534 25 0 39.74 9.54 0 0.72
60800 10 8 0.021 0.1 0.12 0.817 0.052 25 257 34.12 590.68 0 0
60800 10 8 0.017 0.053 0.06 0.814 0.94 25 0 30.66 8.56 0 0.84
60800 10 8 0.114 0.475 0.097 0.923 0.534 25 51 37.04 164.04 0 0
60800 10 8 0.075 0.096 0.472 0.872 0.732 25 0 36.58 11.26 0 0.76
60800 10 8 0.016 0.416 0.019 0.993 0.802 25 1 39.74 19.62 0 0.66
60800 10 8 0.022 0.149 0.025 0.901 0.412 25 743 26.3 890.54 0 0
60800 10 8 0.025 0.042 0.305 0.803 0.832 25 0 33.5 5.8 0 0.84
60800 10 8 0.101 0.367 0.063 0.764 0.551 28 29 40.52 160.68 0 0
60800 10 8 0.03 0.104 0.448 0.816 0.531 25 0 41.44 8.6 0 0.72
60800 10 8 0.075 0.101 0.044 0.94 0.412 28 57 38.26 124.98 0 0
60800 10 8 0.012 0.171 0.434 0.941 0.111 46 0 55.86 38.86 0 0.3
60800 10 8 0.086 0.359 0.203 0.93 0.014 25 798 26.18 1079.34 0 0
60800 10 8 0.077 0.44 0.446 0.944 0.584 30 0 41.1 8.18 0 0.76
60800 10 8 0.117 0.2 0.186 0.899 0.783 34 0 43 5.6 0 0.76
60800 10 8 0.1 0.297 0.152 0.77 0.617 30 1 41.34 21.08 0 0.5
60800 10 8 0.041 0.29 0.128 0.767 0.161 25 439 26.92 795.24 0 0
60800 10 8 0.113 0.474 0.412 0.873 0.824 25 0 37.78 5.38 0 0.84
60800 10 8 0.112 0.175 0.074 0.871 0.63 37 1 60.38 18.48 0 0.58
60800 10 8 0.101 0.29 0.098 0.788 0.466 28 0 37.98 136.46 0 0.24
60800 10 8 0.004 0.015 0.03 0.75 0.012 25 700 29.04 992.36 0 0
60800 10 8 0.086 0.193 0.175 0.989 0.308 41 3 55.16 41.56 0 0.22
60800 10 8 0.039 0.014 0.484 0.844 0.906 25 0 37.8 10.12 0 0.72
60800 10 8 0.095 0.199 0.39 0.875 0.924 25 0 36.28 9.14 0 0.74
60800 10 8 0.051 0.085 0.007 0.891 0.794 27 1 42.1 11.32 0 0.66
60800 10 8 0.044 0.171 0.176 0.867 0.361 28 1 43.02 57.78 0 0.38
60800 10 8 0.066 0.343 0.448 0.847 0.69 25 0 38.4 9.5 0 0.72
60800 10 8 0.005 0.445 0.288 0.916 0.713 26 1 38.34 9.86 0 0.64
60800 10 8 0.029 0.074 0.272 0.752 0.647 25 0 35.1 10.58 0 0.74
60800 10 8 0.075 0.137 0.172 0.967 0.518 33 0 42.02 9.12 0 0.66
60800 10 8 0.114 0.489 0.415 0.955 0.497 32 1 47.92 11.9 0 0.64
60800 10 8 0.081 0.497 0.036 0.908 0.54 25 259 30.12 492.4 0 0
60800 10 8 0.017 0.499 0.008 0.865 0.51 25 532 27.52 930.2 0 0
60800 10 8 0.036 0.034 0.417 0.943 0.831 26 0 32.94 10.26 0 0.74
60800 10 8 0.108 0.34 0.368 0.937 0.622 25 0 38.6 8.8 0 0.72
60800 10 8 0.079 0.462 0.159 0.941 0.724 47 1 56.12 9.8 0 0.64
60800 10 8 0.007 0.054 0.029 0.945 0.146 25 59 32.32 495.72 0 0
60800 10 8 0.032 0.138 0.438 0.787 0.456 25 0 38.2 4.24 0 0.82
60800 10 8 0.007 0.273 0.474 0.892 0.336 30 0 44.6 13.46 0 0.6
60800 10 8 0.082 0.418 0.222 0.83 0.504 40 0 48.58 41.34 0 0.5
60800 10 8 0.017 0.226 0.209 0.842 0.646 49 0 61.34 12.76 0 0.56
60800 10 8 0.08 0.035 0.407 0.846 0.002 28 26 42.5 236.3 0 0
60800 10 8 0.098 0.452 0.236 0.791 0.613 40 0 49.56 8.36 0 0.66
60800 10 8 0.063 0.261 0.498 0.823 0.836 25 0 32.54 11.24 0 0.78
60800 10 8 0.085 0.172 0.386 0.984 0.522 25 0 36.38 10.84 0 0.76
60800 10 8 0.081 0.042 0.37 0.79 0.74 25 0 34.1 8.18 0 0.76
60800 10 8 0.054 0.133 0.264 0.846 0.32 28 1 45.7 12.62 0 0.6
60800 10 8 0.117 0.318 0.299 0.836 0.259 33 3 39.02 66.4 0 0.2
60800 10 8 0.014 0.228 0.321 0.857 0.75 25 1 34.24 12.7 0 0.76
60800 10 8 0.003 0.228 0.279 0.93 0.078 27 4 50.68 42.12 0 0.64
60800 10 8 0.08 0.312 0.049 0.849 0.088 25 763 26.48 1063.3 0 0
60800 10 8 0.053 0.39 0.344 0.804 0.985 25 0 36.28 8.86 0 0.76
60800 10 8 0.101 0.418 0.131 0.771 0.711 29 0 43.36 14.4 0 0.6
60800 10 8 0.064 0.373 0.452 0.978 0.085 25 0 42.6 178.9 0 0.26
60800 10 8 0.023 0.08 0.084 0.875 0.88 25 0 39.66 10.64 0 0.8
60800 10 8 0.091 0.153 0.37 0.86 0.333 25 0 36.12 8.1 0 0.72
60800 10 8 0.001 0.027 0.213 0.947 0.61 25 0 37.26 9.54 0 0.76
60800 10 8 0.007 0.14 0.418 0.994 0.312 27 1 35.66 9.48 0 0.7
60800 10 8 0.09 0.404 0.179 0.782 0.694 41 0 52.64 10.54 0 0.52
60800 10 8 0.017 0.067 0.41 0.874 0.643 26 0 38.78 6.72 0 0.74
60800 10 8 0.109 0.017 0.018 0.995 0.951 25 0 37.32 7.06 0 0.76
60800 10 8 0.056 0.018 0.146 0.84 0.549 25 0 33.56 7.28 0 0.76
60800 10 8 0.114 0.399 0.221 0.976 0.954 25 0 37.62 11.56 0 0.76
60800 10 8 0.077 0.483 0.465 0.897 0.99 25 0 37.54 11.1 0 0.74
60800 10 8 0.016 0.128 0.134 0.882 0.049 25 860 26.34 902.18 0 0
60800 10 8 0.055 0.498 0.337 0.929 0.948 25 0 36.94 9.26 0 0.72
60800 10 8 0.063 0.053 0.041 0.832 0.28 37 95 41 160.32 0 0
60800 10 8 0.065 0.142 0.329 0.781 0.921 25 0 35.86 8.38 0 0.82
60800 10 8 0.008 0.484 0.047 0.952 0.828 25 0 38.96 8.08 0 0.78
60800 10 8 0.068 0.339 0.31 0.783 0.869 29 0 42.36 7.02 0 0.7
60800 10 8 0.033 0.27 0.216 0.771 0.428 28 0 36.48 32.4 0 0.64
60800 10 8 0.033 0.297 0.047 0.815 0.89 25 0 34.52 11.72 0 0.72
60800 10 8 0.043 0.425 0.249 0.877 0.046 25 817 26.2 927.82 0 0
60800 10 8 0.105 0.446 0.472 0.895 0.622 25 0 39.2 8.56 0 0.7
60800 10 8 0.045 0.184 0.089 0.979 0.836 30 0 44.16 8.4 0 0.68
60800 10 8 0.026 0.212 0.039 0.856 0.879 26 0 35.8 10.26 0 0.72
60800 10 8 0.083 0.073 0.407 0.889 0.612 25 0 35.58 8.88 0 0.78
60800 10 8 0.062 0.343 0.096 0.91 0.872 25 0 39.66 11.1 0 0.74
60800 10 8 0.017 0.049 0.45 0.906 0.238 47 0 52.6 7.44 0 0.72
60800 10 8 0.087 0.255 0.242 0.753 0.836 25 0 34.26 10.36 0 0.78
60800 10 8 0.036 0.136 0.195 0.751 0.426 30 0 48.66 13.84 0 0.56
60800 10 8 0.085 0.124 0.356 0.973 0.665 25 0 33.72 10.38 0 0.76
60800 10 8 0.008 0.198 0.231 0.98 0.191 31 1 47.12 74.7 0 0.46
60800 10 8 0.067 0.427 0.249 0.942 0.099 25 340 29.02 603.28 0 0
60800 10 8 0.011 0.494 0.416 0.853 0.428 34 0 41.9 13.72 0 0.66
60800 10 8 0.058 0.168 0.133 0.959 0.528 50 2 55.5 17.06 0 0.5
60800 10 8 0.081 0.121 0.425 0.886 0.343 25 1 38.04 12.92 0 0.74
60800 10 8 0.036 0.49 0.175 0.95 0.934 25 0 36.12 8.28 0 0.76
60800 10 8 0.001 0.421 0.394 0.921 0.405 45 0 55.1 21.6 0 0.44
60800 10 8 0.103 0.408 0.453 0.883 0.804 31 0 39.08 9.82 0 0.76
60800 10 8 0.016 0.206 0.414 0.761 0.416 66 1 79.28 12.48 0 0.52
60800 10 8 0.099 0.233 0.125 0.845 0.42 27 2 48.9 65.74 0 0.46
60800 10 8 0.101 0.097 0.391 0.96 0.479 26 0 37.76 7.26 0 0.78
60800 10 8 0.018 0.382 0.017 0.853 0.453 25 599 28.6 925.8 0 0
60800 10 8 0.067 0.007 0.207 0.995 0.297 25 0 33.52 11.44 0 0.74
60800 10 8 0.069 0.436 0.406 0.875 0.289 34 1 46.4 32.62 0 0.42
60800 10 8 0.107 0.345 0.415 0.786 0.096 25 106 36.76 324.54 0 0
60800 10 8 0.012 0.377 0.291 0.786 0.359 25 1 28.22 39.74 0 0.74
60800 10 8 0.005 0.297 0.343 0.977 0.256 45 11 60.26 38.42 0 0
60800 10 8 0.101 0.334 0.086 0.975 0.091 25 182 33.1 803.62 0 0
60800 10 8 0.037 0.133 0.145 0.973 0.968 25 0 34.7 10.12 0 0.74
60800 10 8 0.06 0.113 0.224 0.767 0.901 25 0 33.26 9.46 0 0.76
60800 10 8 0.002 0.089 0.008 0.959 0.346 25 268 34.5 508.68 0 0
60800 10 8 0.047 0.353 0.069 0.871 0.28 25 674 26.26 817.62 0 0
60800 10 8 0.113 0.144 0.107 0.873 0.454 50 1 63.18 26.5 0 0.38
60800 10 8 0.074 0.18 0.343 0.823 0.326 39 1 52.1 11.48 0 0.56
60800 10 8 0.037 0.016 0.42 0.777 0.118 25 0 30.94 11.9 0 0.8
60800 10 8 0.004 0.44 0.391 0.9 0.528 25 0 39.76 9.92 0 0.68
60800 10 8 0.029 0.379 0.481 0.911 0.558 25 1 37.46 9.52 0 0.7
60800 10 8 0.03 0.455 0.225 0.911 0.399 25 3 42.04 66.34 0 0.34
60800 10 8 0.113 0.023 0.221 0.809 0.627 25 0 38.06 10.94 0 0.68
60800 10 8 0.081 0.416 0.05 0.904 0.873 25 0 38.4 6.4 0 0.84
60800 10 8 0.012 0.277 0.409 0.845 0.952 25 0 35.54 9.2 0 0.78
60800 10 8 0.043 0.173 0.248 0.866 0.962 25 1 36.46 11.24 0 0.76
60800 10 8 0.084 0.043 0.434 0.943 0.643 25 0 38.9 9.62 0 0.74
60800 10 8 0.094 0.106 0.222 0.925 0.974 29 0 42.7 3.9 0 0.82
60800 10 8 0.003 0.487 0.147 0.967 0.386 30 7 39.58 91.82 0 0.06
60800 10 8 0.026 0.332 0.398 0.911 0.744 25 0 38.26 11.24 0 0.74
60800 10 8 0.065 0.194 0.134 0.822 0.815 25 0 36.2 6 0 0.82
60800 10 8 0.03 0.492 0.04 0.837 0.164 25 672 30.26 885.4 0 0
60800 10 8 0.005 0.107 0.04 0.81 0.129 25 962 26.24 1049 0 0
60800 10 8 0.039 0.223 0.268 0.999 0.202 26 0 42.82 137.04 0 0.28
60800 10 8 0.117 0.406 0.418 0.868 0.442 31 0 49.72 8.86 0 0.6
60800 10 8 0.007 0.444 0.147 0.987 0.578 29 0 43.52 34.76 0 0.44
60800 10 8 0.025 0.353 0.464 0.934 0.287 39 1 50.98 14.44 0 0.42
60800 10 8 0.002 0.251 0.433 0.966 0.494 25 0 32.2 10.04 0 0.7
60800 10 8 0.071 0.431 0.134 0.959 0.138 25 704 26.92 800.2 0 0
60800 10 8 0.049 0.115 0.11 0.967 0.645 30 0 44.06 8.68 0 0.64
60800 10 8 0.072 0.365 0.077 0.957 0.311 28 489 34.3 564.94 0 0
60800 10 8 0.083 0.017 0.428 0.935 0.056 25 0 36.68 9.48 0 0.7
60800 10 8 0.017 0.189 0.243 0.762 0.067 26 129 31.84 286.16 0 0
60800 10 8 0.055 0.093 0.098 0.905 0.265 28 0 41.76 40.54 0 0.46
60800 10 8 0.004 0.442 0.005 0.875 0.361 27 35 44.18 228.94 0 0
60800 10 8 0.115 0.378 0.34 0.836 0.13 29 11 43.5 147.98 0 0
60800 10 8 0.015 0.103 0.312 0.782 0.197 35 0 48.46 32 0 0.16
60800 10 8 0.025 0.06 0.41 0.922 0.835 25 0 37.86 8.42 0 0.78
60800 10 8 0.09 0.36 0.246 0.867 0.995 25 0 36.84 8.52 0 0.7
60800 10 8 0.024 0.302 0.453 0.92 0.863 25 0 33.94 5.04 0 0.9
60800 10 8 0.001 0.348 0.215 0.894 0.699 25 0 33.96 6.16 0 0.76
60800 10 8 0.013 0.299 0.409 0.765 0.698 25 0 36.3 6.1 0 0.84
60800 10 8 0.085 0.369 0.395 0.799 0.177 27 5 49.78 113.58 0 0.24
60800 10 8 0.039 0.379 0.098 0.943 0.076 25 770 27.12 970.68 0 0
60800 10 8 0.073 0.411 0.392 0.823 0.591 25 0 40.48 10.68 0 0.76
60800 10 8 0.075 0.495 0.43 0.919 0.414 34 0 44.72 15.54 0 0.6
60800 10 8 0.051 0.352 0.48 0.993 0.451 49 0 53.76 4.62 0 0.82
60800 10 8 0.044 0.202 0.062 0.892 0.22 25 745 30.12 834.18 0 0
60800 10 8 0.012 0.223 0.106 0.965 0.022 25 488 27.58 880.7 0 0
60800 10 8 0.069 0.332 0.312 0.797 0.922 25 0 35.96 8.28 0 0.74
60800 10 8 0.044 0.355 0.021 0.91 0.113 25 1036 26.26 1100.2 0 0
60800 10 8 0.03 0.474 0.098 0.904 0.093 25 652 26.92 870.52 0 0
60800 10 8 0.021 0.137 0.331 0.988 0.874 25 0 35.06 6.3 0 0.84
60800 10 8 0.049 0.492 0.019 0.907 0.736 25 2 40.34 23.24 0 0.56
60800 10 8 0.113 0.143 0.251 0.826 0.258 37 2 52 30.92 0 0.36
60800 10 8 0.046 0.336 0.23 0.758 0.048 25 761 26.42 1133.58 0 0
60800 10 8 0.061 0.087 0.194 0.972 0.757 25 0 33.02 8.8 0 0.76
60800 10 8 0.043 0.373 0.349 0.993 0.912 25 0 41.56 7.48 0 0.72
60800 10 8 0.041 0.315 0.024 0.952 0.552 26 44 39.72 157.68 0 0
60800 10 8 0.011 0.299 0.381 0.801 0.352 41 3 47.96 16.32 0 0.62
60800 10 8 0.114 0.119 0.482 0.982 0.774 25 0 34.06 7.48 0 0.82
60800 10 8 0.027 0.163 0.379 0.928 0.481 25 0 37.48 9.42 0 0.74
60800 10 8 0.007 0.059 0.462 0.876 0.067 37 1 50.28 25 0 0.54
60800 10 8 0.054 0.233 0.449 0.76 0.406 25 1 41.78 11.96 0 0.68
60800 10 8 0.02 0.18 0.477 0.912 0.567 25 0 34.9 9.34 0 0.82
60800 10 8 0.032 0.27 0.007 0.87 0.236 25 1006 26.26 1051.62 0 0
60800 10 8 0.098 0.393 0.355 0.944 0.08 25 329 32.28 488.7 0 0
60800 10 8 0.041 0.276 0.361 0.925 0.638 25 0 39.96 7.62 0 0.74
60800 10 8 0.043 0.469 0.082 0.868 0.049 25 1049 26.4 1097.14 0 0
60800 10 8 0.107 0.04 0.464 0.894 0.162 25 0 36.46 9.9 0 0.72
60800 10 8 0.074 0.109 0.135 0.811 0.731 25 0 36.42 7.98 0 0.76
60800 10 8 0.02 0.478 0.063 0.983 0.48 42 14 47.2 126.74 0 0
60800 10 8 0.034 0.296 0.113 0.902 0.303 31 38 40.84 166.02 0 0
60800 10 8 0.019 0.272 0.295 0.979 0.054 27 10 46.64 226.4 0 0
60800 10 8 0.075 0.291 0.406 0.987 0.841 25 0 35.16 9.36 0 0.72
60800 10 8 0.099 0.231 0.429 0.861 0.333 27 0 38.98 10.8 0 0.64
60800 10 8 0.084 0.201 0.198 0.828 0.834 25 0 40.8 9.94 0 0.74
60800 10 8 0.049 0.153 0.098 0.79 0.813 44 1 50.5 8.44 0 0.76
60800 10 8 0.095 0.173 0.13 0.895 0.372 25 3 38.06 110.28 0 0.42
60800 10 8 0.034 0.435 0.479 0.856 0.984 25 0 34.66 10.2 0 0.7
60800 10 8 0.111 0.059 0.172 0.839 0.565 25 0 40.6 7.16 0 0.72
60800 10 8 0.06 0.029 0.241 0.929 0.337 25 0 33.18 7.4 0 0.88
60800 10 8 0.036 0.093 0.408 0.875 0.314 25 0 39.22 8.46 0 0.78
60800 10 8 0.074 0.352 0.333 0.946 0.616 31 0 44.84 9.5 0 0.74
60800 10 8 0.049 0.092 0.472 0.773 0.629 25 0 36.08 8.88 0 0.76
60800 10 8 0.031 0.375 0.239 0.785 0.207 25 56 33.42 235.86 0 0
60800 10 8 0.08 0.087 0.385 0.782 0.452 25 0 34 6.48 0 0.84
60800 10 8 0.052 0.082 0.304 0.795 0.188 35 0 44.68 9.16 0 0.62
60800 10 8 0.033 0.408 0.452 0.973 0.705 25 0 35.96 2.6 0 0.9
60800 10 8 0.09 0.398 0.003 0.779 0.662 36 4 46.22 44.58 0 0.26
60800 10 8 0.101 0.464 0.38 0.996 0.764 25 0 37.18 10.4 0 0.76
60800 10 8 0.025 0.044 0.482 0.935 0.615 25 0 34.5 7.68 0 0.74
60800 10 8 0.001 0.078 0.405 0.999 0.737 25 0 35.14 9.98 0 0.74
60800 10 8 0.117 0.005 0.382 0.786 0.261 25 0 33.78 7.52 0 0.84
60800 10 8 0.093 0.486 0.05 0.802 0.423 25 336 34.96 511.16 0 0
60800 10 8 0.028 0.302 0.435 0.977 0.285 35 1 43.84 21.02 0 0.62
60800 10 8 0.09 0.461 0.474 0.88 0.58 25 0 34.28 10.44 0 0.74
60800 10 8 0.075 0.287 0.086 0.925 0.8 25 0 35 10.68 0 0.8
60800 10 8 0.098 0.112 0.454 0.78 0.769 25 0 35.98 4.7 0 0.86
60800 10 8 0.105 0.035 0.498 0.968 0.314 25 0 36.4 9.68 0 0.76
60800 10 1 0.08 0.139 0.172 0.998 0.761 81 1 96.76 13.14 0 0.58
60800 10 1 0.067 0.177 0.271 0.891 0.033 25 569 27.92 667.92 0 0
60800 10 1 0.003 0.242 0.032 0.883 0.794 88 1 99.86 17.02 0 0.34
60800 10 1 0.083 0.352 0.5 0.859 0.133 29 14 42.5 106.28 0 0
60800 10 1 0.056 0.277 0.454 0.973 0.917 81 3 97.42 13.44 0 0.54
60800 10 1 0.11 0.275 0.111 0.842 0.562 46 4 53.44 35.76 0 0.14
60800 10 1 0.052 0.09 0.177 0.812 0.634 82 0 96.54 11.4 0 0.64
60800 10 1 0.12 0.273 0.085 0.837 0.284 25 485 26.68 974.3 0 0
60800 10 1 0.103 0.416 0.46 0.953 0.683 102 0 109.4 9.26 0.18 0.56
60800 10 1 0.1 0.078 0.419 0.828 0.803 110 0 117.94 6.98 0.64 0.66
60800 10 1 0.115 0.066 0.35 0.823 0.283 81 0 100.18 11.76 0.12 0.72
60800 10 1 0.023 0.055 0.413 0.778 0.622 81 0 95.92 10.04 0.04 0.72
60800 10 1 0.078 0.21 0.138 0.871 0.781 77 1 101.54 11.12 0.18 0.72
60800 10 1 0.072 0.279 0.158 0.793 0.665 71 0 92.86 16 0 0.66
60800 10 1 0.08 0.297 0.24 0.862 0.419 34 5 48.08 44.34 0 0.46
60800 10 1 0.046 0.489 0.23 0.79 0.265 25 6 33.54 224.36 0 0.06
60800 10 1 0.055 0.215 0.145 0.938 0.854 101 1 109.76 10.7 0.32 0.58
60800 10 1 0.085 0.332 0.075 0.886 0.662 73 3 79.9 24.42 0 0.2
60800 10 1 0.006 0.254 0.247 0.8 0.267 28 3 45.12 60.94 0 0.6
60800 10 1 0.008 0.5 0.44 0.931 0.809 88 0 106.2 16.72 0.44 0.46
60800 10 1 0.112 0.007 0.084 0.803 0.968 96 1 111.36 17.92 0.52 0.52
60800 10 1 0.052 0.436 0.15 0.884 0.987 84 2 97.06 12.64 0 0.68
60800 10 1 0.044 0.243 0.125 0.93 0.496 35 1 49.9 61.36 0 0.32
60800 10 1 0.091 0.234 0.151 0.783 0.547 54 2 67.94 29.82 0 0.48
60800 10 1 0.051 0.042 0.142 0.758 0.815 71 0 93.32 8.32 0.14 0.78
60800 10 1 0.067 0.12 0.091 0.841 0.234 25 248 29.32 509.46 0 0
60800 10 1 0.11 0.006 0.229 0.764 0.659 109 1 114.5 6.64 0.6 0.74
60800 10 1 0.099 0.007 0.25 0.837 0.086 73 0 92.36 11.9 0 0.72
60800 10 1 0.024 0.112 0.366 0.793 0.336 71 1 92.34 16.78 0.04 0.7
60800 10 1 0.082 0.016 0.444 0.831 0.036 106 0 112.54 10.1 0.5 0.52
60800 10 1 0.108 0.469 0.103 0.859 0.435 26 220 33.42 364.88 0 0
60800 10 1 0.064 0.019 0.163 0.959 0.888 100 3 107.4 8.2 0.24 0.66
60800 10 1 0.036 0.293 0.378 0.852 0.99 102 1 113.24 10.42 0.66 0.64
60800 10 1 0.067 0.339 0.358 0.832 0.21 28 10 42.42 136.34 0 0
60800 10 1 0.035 0.234 0.313 0.758 0.9 79 0 92.92 11.32 0 0.56
60800 10 1 0.033 0.255 0.377 0.84 0.121 25 2 44.9 135.92 0 0.42
60800 10 1 0.055 0.014 0.352 0.883 0.723 101 1 107.12 10 0.04 0.48
60800 10 1 0.053 0.038 0.083 0.971 0.701 118 0 122.18 5.72 1 0.8
60800 10 8 0.053 0.352 0.416 0.809 0.991 27 0 43.58 8.38 0 0.66
60800 10 8 0.047 0.231 0.338 0.802 0.994 25 1 34.92 8.32 0 0.88
60800 10 8 0.117 0.034 0.387 0.821 0.374 28 0 35.68 3.28 0 0.88
60800 10 8 0.075 0.415 0.279 0.994 0.717 25 0 38.04 11 0 0.68
60800 10 8 0.032 0.37 0.316 0.981 0.143 25 40 37.44 156.54 0 0
60800 10 8 0.034 0.113 0.185 0.845 0.248 31 0 41.58 55.62 0 0.38
60800 10 8 0.003 0.045 0.459 0.758 0.885 25 0 39.9 8.62 0 0.72
60800 10 8 0.117 0.375 0.383 0.766 0.502 36 0 47.56 10.34 0 0.64
60800 10 8 0.04 0.245 0.071 0.962 0.955 25 0 42.8 11.28 0 0.78
60800 10 8 0.068 0.5 0.145 0.905 0.008 25 752 31.62 906.68 0 0
60800 10 8 0.111 0.054 0.126 0.775 0.065 25 374 30.04 660.26 0 0
60800 10 8 0.103 0.085 0.459 0.993 0.371 25 0 35.18 4.86 0 0.86
60800 10 8 0.08 0.386 0.484 0.817 0.324 37 0 47.06 13.14 0 0.6
60800 10 8 0.086 0.181 0.417 0.909 0.946 25 0 36.76 10.88 0 0.7
60800 10 8 0.037 0.063 0.222 0.832 0.772 25 0 35.5 7.54 0 0.78
60800 10 8 0.081 0.31 0.278 0.766 0.068 25 985 26.2 1049.52 0 0
60800 10 8 0.107 0.289 0.259 0.76 0.119 25 17 38.02 451.62 0 0
60800 10 8 0.072 0.259 0.023 0.855 0.308 25 829 26.26 1021.72 0 0
60800 10 8 0.02 0.409 0.486 0.99 0.838 25 0 35.32 10.02 0 0.74
60800 10 8 0.116 0.189 0.226 0.849 0.853 25 0 37.6 7.34 0 0.84
60800 10 8 0.11 0.136 0.228 0.836 0.351 29 0 39.4 9.58 0 0.58
60800 10 8 0.108 0.111 0.029 0.893 0.487 48 0 53.82 29.82 0 0.3
60800 10 8 0.012 0.051 0.254 0.937 0.952 31 0 41.08 7.44 0 0.76
60800 10 8 0.059 0.217 0.061 0.785 0.633 57 1 63.82 19.88 0 0.26
60800 10 8 0.041 0.42 0.153 0.951 0.556 25 0 42.7 25.82 0 0.52
60800 10 8 0.059 0.22 0.383 0.89 0.717 25 0 40 10.98 0 0.8
60800 10 8 0.012 0.192 0.101 0.882 0.256 25 8 38.44 202.84 0 0.1
60800 10 8 0.091 0.143 0.186 0.952 0.769 25 0 38.08 10.84 0 0.74
60800 10 8 0.042 0.104 0.487 0.792 0.925 25 0 35.88 10.2 0 0.74
60800 10 8 0.061 0.464 0.337 0.989 0.54 35 0 48.2 14.12 0 0.68
60800 10 8 0.073 0.466 0.379 0.956 0.949 25 0 42.22 11.48 0 0.72
60800 10 8 0.101 0.344 0.253 0.962 0.038 25 250 31.6 677.58 0 0
60800 10 8 0.11 0.264 0.012 0.815 0.192 25 935 26.44 999.72 0 0
60800 10 8 0.002 0.146 0.098 0.992 0.4 33 1 44.76 42.26 0 0.62
60800 10 8 0.031 0.077 0.385 0.832 0.549 25 0 33.76 6.52 0 0.8
60800 10 8 0.099 0.052 0.158 0.891 0.267 25 0 39.32 7.98 0 0.74
60800 10 9 0.079 0.42 0.167 0.814 0.708 27 0 39.86 12.86 0 0.74
60800 10 9 0.084 0.023 0.211 0.806 0.872 25 0 32.96 10.7 0 0.78
60800 10 9 0.002 0.202 0.259 0.858 0.745 25 0 32.3 7.42 0 0.8
60800 10 9 0.076 0.448 0.213 0.866 0.32 29 4 49.42 96.08 0 0.32
60800 10 9 0.036 0.345 0.147 0.82 0.031 25 975 26.5 1111.76 0 0
60800 10 9 0.114 0.386 0.272 0.767 0.856 25 0 32.62 6.22 0 0.8
60800 10 9 0.08 0.191 0.058 0.866 0.603 30 1 43.08 38.18 0 0.58
60800 10 9 0.064 0.405 0.211 0.913 0.824 26 0 36.84 8.06 0 0.7
60800 10 9 0.021 0.295 0.328 0.926 0.355 46 0 53.66 22.62 0 0.42
60800 10 9 0.113 0.487 0.33 0.963 0.588 32 0 56.28 12.62 0 0.64
60800 10 9 0.048 0.177 0.037 0.96 0.933 27 0 36.62 4.62 0 0.82
60800 10 9 0.063 0.198 0.183 0.917 0.774 25 0 35.66 5.1 0 0.84
60800 10 9 0.11 0.056 0.009 0.903 0.439 34 0 43.44 16.64 0 0.66
60800 10 9 0.117 0.295 0.075 0.786 0.112 25 512 34.02 680.08 0 0
60800 10 9 0.008 0.349 0.361 0.756 0.253 30 0 37.9 39.7 0 0.62
60800 10 9 0.104 0.046 0.418 0.949 0.056 25 0 36.42 20.62 0 0.72
60800 10 9 0.035 0.294 0.315 0.972 0.011 25 582 27.02 856.48 0 0
60800 10 9 0.021 0.222 0.371 0.886 0.352 37 0 55.36 14 0 0.54
60800 10 9 0.042 0.438 0.035 0.908 0.969 25 0 38.64 9.88 0 0.76
60800 10 9 0.065 0.397 0.177 0.85 0.423 27 1 44.42 103.96 0 0.32
60800 10 9 0.047 0.395 0.38 0.772 0.29 26 0 35.8 17.24 0 0.8
60800 10 9 0.007 0.065 0.314 0.974 0.989 25 0 37.46 8.74 0 0.8
60800 10 9 0.015 0.499 0.293 0.967 0.201 26 3 37.16 112.54 0 0.16
60800 10 9 0.003 0.106 0.346 0.855 0.456 25 0 33.46 5.42 0 0.86
60800 10 9 0.091 0.469 0.494 0.832 0.266 37 0 51.9 31.54 0 0.52
60800 10 9 0.02 0.044 0.269 0.774 0.524 25 0 36.42 10.68 0 0.82
60800 10 9 0.05 0.031 0.239 0.884 0.845 25 0 35.78 9.54 0 0.74
60800 10 9 0.034 0.344 0.306 0.807 0.843 25 0 34.36 9.96 0 0.74
60800 10 9 0.101 0.158 0.329 0.783 0.764 25 0 35.6 10.44 0 0.72
60800 10 9 0.052 0.298 0.212 0.754 0.418 34 2 41.56 37.2 0 0.32
60800 10 9 0.106 0.441 0.481 0.965 0.642 25 0 33.78 6.96 0 0.86
60800 10 9 0.037 0.219 0.07 0.978 0.959 25 0 34.38 8.92 0 0.82
60800 10 9 0.029 0.023 0.311 0.925 0.452 30 0 41.28 7.2 0 0.68
60800 10 9 0.021 0.282 0.496 0.873 1 25 0 42.92 9.04 0 0.7
60800 10 9 0.033 0.153 0.253 0.754 0.257 31 0 38.06 40.16 0 0.6
60800 10 9 0.085 0.119 0.378 0.979 0.905 25 0 36.9 7.48 0 0.82
60800 10 9 0.066 0.345 0.259 0.763 0.861 25 0 35.72 10.98 0 0.76
60800 10 9 0.054 0.104 0.35 0.871 0.341 25 0 36.86 8.04 0 0.76
60800 10 9 0.018 0.038 0.126 0.914 0.033 25 16 40.28 352.98 0 0
60800 10 9 0.043 0.231 0.162 0.988 0.198 25 2 46.4 218.62 0 0.24
60800 10 9 0.094 0.31 0.045 0.83 0.4 25 217 33.5 560.12 0 0
60800 10 9 0.045 0.415 0.086 0.79 0.111 25 487 34.82 637.9 0 0
60800 10 9 0.046 0.151 0.454 0.925 0.578 25 0 34.24 7.62 0 0.82
60800 10 9 0.024 0.217 0.427 0.882 0.981 25 0 35.52 11 0 0.72
60800 10 9 0.11 0.412 0.021 0.942 0.358 25 696 27.18 849.44 0 0
60800 10 9 0.039 0.107 0.434 0.917 0.954 25 0 30.44 5.46 0 0.84
60800 10 9 0.04 0.02 0.323 0.92 0.384 25 0 31.96 5.32 0 0.84
60800 10 9 0.056 0.186 0.427 0.826 0.899 25 0 36.42 9.94 0 0.64
60800 10 9 0.047 0.125 0.186 0.946 0.65 25 0 37.2 12.12 0 0.72
60800 10 9 0.105 0.187 0.146 0.817 0.489 28 1 40.72 24.64 0 0.54
60800 10 9 0.021 0.3 0.198 0.828 0.336 27 4 44.76 65.28 0 0.66
60800 10 9 0.01 0.3 0.234 0.911 0.864 25 0 34.88 9.24 0 0.72
60800 10 9 0.049 0.421 0.122 0.949 0.533 26 0 37.18 71.02 0 0.36
60800 10 9 0.114 0.119 0.013 0.782 0.157 25 358 28.94 857.58 0 0
60800 10 9 0.02 0.063 0.126 0.831 0.539 46 0 55.1 8.94 0 0.74
60800 10 9 0.082 0.479 0.049 0.991 0.977 25 0 35.64 6.68 0 0.82
60800 10 9 0.032 0.012 0.03 0.823 0.746 25 0 38.02 8.1 0 0.72
60800 10 9 0.074 0.206 0.007 0.855 0.357 25 976 26.1 1021.5 0 0
60800 10 9 0.07 0.472 0.114 0.772 0.428 34 4 43.48 115.14 0 0.14
60800 10 9 0.019 0.209 0.441 0.852 0.041 25 4 41.68 61.94 0 0.64
60800 10 9 0.049 0.412 0.075 0.996 0.14 25 1079 26.38 1153 0 0
60800 10 9 0.092 0.192 0.364 0.959 0.478 25 0 41.04 12.08 0 0.76
60800 10 9 0.097 0.251 0.484 0.86 0.735 25 0 36 9.66 0 0.68
60800 10 9 0.108 0.136 0.103 0.931 0.099 25 718 26.28 1054.94 0 0
60800 10 9 0.026 0.475 0.084 0.875 0.301 26 286 32.98 410.04 0 0
60800 10 9 0.087 0.132 0.117 0.893 0.059 25 500 30.46 636.06 0 0
60800 10 9 0.109 0.498 0.013 0.935 0.177 25 662 29.82 868.88 0 0
60800 10 9 0.082 0.36 0.475 0.932 0.777 25 0 38.22 9.72 0 0.72
60800 10 9 0.014 0.154 0.245 0.923 0.637 25 0 33.88 5.6 0 0.86
60800 10 9 0.008 0.346 0.418 0.95 0.626 25 0 37.8 8.72 0 0.74
60800 10 9 0.023 0.274 0.069 0.903 0.818 25 0 34.04 9.68 0 0.74
60800 10 9 0.001 0.413 0.276 0.905 0.794 25 0 33.46 5.52 0 0.8
60800 10 9 0.042 0.058 0.06 0.828 0.683 29 0 49.54 8.68 0 0.7
60800 10 9 0.033 0.095 0.063 0.959 0.935 25 1 34.78 8.64 0 0.82
60800 10 9 0.054 0.111 0.021 0.87 0.051 25 871 30.34 1000.14 0 0
60800 10 9 0.107 0.16 0.476 0.908 0.489 25 0 35.3 8.24 0 0.74
60800 10 9 0.033 0.288 0.225 0.9 0.67 45 0 56.6 10.84 0 0.52
60800 10 9 0.011 0.052 0.181 0.873 0.709 25 0 40.92 10.54 0 0.74
60800 10 9 0.08 0.042 0.127 0.808 0.705 25 0 36.92 6.14 0 0.74
60800 10 9 0.004 0.03 0.04 0.987 0.052 26 172 39.58 304.02 0 0
60800 10 9 0.005 0.289 0.437 0.924 0.16 35 1 47.7 31.72 0 0.38
60800 10 9 0.067 0.256 0.407 0.894 0.932 25 0 33.58 8.62 0 0.82
60800 10 9 0.055 0.143 0.493 0.982 0.698 26 1 37.84 8.48 0 0.72
60800 10 9 0.111 0.148 0.185 0.904 0.744 25 0 38.08 10 0 0.72
60800 10 9 0.085 0.343 0.453 0.767 0.002 25 599 26.66 1029.48 0 0
60800 10 9 0.05 0.325 0.378 0.836 0.675 25 0 36.48 7.72 0 0.8
60800 10 9 0.105 0.15 0.091 0.862 0.606 48 0 54.18 7.22 0 0.8
60800 10 9 0.119 0.061 0.379 0.928 0.028 27 2 40.24 120.88 0 0.2
60800 10 9 0.104 0.34 0.26 0.965 0.295 36 3 48.74 49.36 0 0.44
60800 10 9 0.085 0.215 0.159 0.978 0.328 33 21 45.88 67.1 0 0
60800 10 9 0.086 0.092 0.48 0.891 0.243 25 0 36.62 11.06 0 0.72
60800 10 9 0.081 0.348 0.466 0.766 0.67 25 0 34.36 7.94 0 0.72
60800 10 9 0.053 0.185 0.109 0.877 0.58 45 1 53.52 15.3 0 0.56
60800 10 9 0.079 0.178 0.043 0.967 0.748 44 1 49.86 9.48 0 0.62
60800 10 9 0.045 0.146 0.496 0.775 0.064 44 0 55.16 39.56 0 0.42
60800 10 9 0.044 0.332 0.153 0.82 0.98 25 0 33.22 7.92 0 0.82
60800 10 9 0.085 0.174 0.265 0.959 0.567 30 0 40.96 5.58 0 0.76
60800 10 9 0.007 0.468 0.331 0.791 0.457 26 0 39.62 23.68 0 0.66
60800 10 9 0.081 0.358 0.258 0.915 0.441 33 1 48.34 25.76 0 0.6
60800 10 9 0.106 0.025 0.06 0.869 0.407 25 0 37.8 12.14 0 0.72
60800 10 9 0.105 0.489 0.239 0.894 0.117 25 928 26.54 999.34 0 0
60800 10 9 0.046 0.191 0.251 0.815 0.773 25 2 33.78 11.64 0 0.72
60800 10 9 0.076 0.272 0.292 0.904 0.783 25 0 34.24 9.1 0 0.76
60800 10 9 0.081 0.455 0.008 0.995 0.547 25 464 29.36 598.46 0 0
60800 10 9 0.023 0.072 0.232 0.831 0.748 25 0 35.58 7.04 0 0.84
60800 10 9 0.086 0.161 0.199 0.807 0.734 25 1 38.9 9.68 0 0.68
60800 10 9 0.115 0.457 0.148 0.96 0.115 25 390 31.2 521.5 0 0
60800 10 9 0.027 0.14 0.008 0.916 0.827 26 0 42.06 13.32 0 0.74
60800 10 9 0.054 0.003 0.272 0.778 0.665 25 0 36.48 11.82 0 0.76
60800 10 9 0.084 0.088 0.199 0.979 0.411 25 0 37.84 12.38 0 0.74
60800 10 9 0.018 0.151 0.196 0.904 0.433 37 0 43.14 11.38 0 0.58
60800 10 9 0.015 0.096 0.097 0.993 0.734 44 0 51.68 10.22 0 0.64
60800 10 9 0.07 0.475 0.419 0.884 0.542 26 0 33.6 9.4 0 0.68
60800 10 9 0.032 0.239 0.462 0.988 0.389 35 0 45.1 10.34 0 0.72
60800 10 9 0.08 0.274 0.301 0.813 0.787 25 1 32.74 10.16 0 0.74
60800 10 9 0.094 0.333 0.334 0.881 0.589 45 0 51.32 7.9 0 0.64
60800 10 9 0.024 0.108 0.211 0.851 0.964 25 0 32.78 10 0 0.78
60800 10 9 0.015 0.406 0.273 0.943 0.477 42 0 53 25.7 0 0.5
60800 10 9 0.056 0.232 0.377 0.761 0.423 58 1 65.5 12.6 0 0.4
60800 10 9 0.019 0.328 0.068 0.904 0.175 29 355 37.56 562.12 0 0
60800 10 9 0.099 0.451 0.405 0.908 0.728 25 0 38.82 9.58 0 0.76
60800 10 9 0.07 0.487 0.278 0.968 0.522 26 1 35.2 12.24 0 0.88
60800 10 9 0.053 0.184 0.093 0.909 0.01 25 1036 26.12 1086.62 0 0
60800 10 9 0.016 0.119 0.325 0.998 0.072 28 2 50.54 112.5 0 0.16
60800 10 9 0.079 0.306 0.173 0.75 0.88 25 0 33.2 5.9 0 0.86
60800 10 9 0.065 0.146 0.057 0.918 0.339 26 13 40.62 239.32 0 0
60800 10 9 0.036 0.45 0.16 0.816 0.702 28 0 39.92 7.58 0 0.8
60800 10 9 0.066 0.116 0.213 0.825 0.02 25 548 26.8 878.36 0 0
60800 10 9 0.034 0.302 0.24 0.929 0.814 25 0 37.92 9.5 0 0.74
60800 10 9 0.037 0.161 0.273 0.973 0.001 25 996 26.64 1057.76 0 0
60800 10 9 0.065 0.131 0.284 0.843 0.779 26 0 34.26 10.9 0 0.76
60800 10 9 0.089 0.388 0.348 0.905 0.029 25 913 26.48 967.7 0 0
60800 10 9 0.052 0.347 0.109 0.75 0.837 25 0 38.94 11.58 0 0.74
60800 10 9 0.098 0.383 0.462 0.872 0.494 25 0 38.7 10.7 0 0.68
60800 10 9 0.096 0.1 0.484 0.806 0.021 29 39 44.94 175.88 0 0
60800 10 9 0.111 0.114 0.231 0.809 0.132 29 0 51.12 61.04 0 0.6
60800 10 9 0.059 0.273 0.441 0.836 0.146 28 1 42.7 86.3 0 0.04
60800 10 9 0.018 0.055 0.139 0.89 0.365 40 0 55.38 8.48 0 0.6
60800 10 9 0.101 0.498 0.098 0.983 0.444 25 124 30.88 402.06 0 0
60800 10 9 0.111 0.42 0.445 0.975 0.5 25 0 38.2 9.2 0 0.7
60800 10 9 0.009 0.243 0.152 0.903 0.148 26 35 35.78 207.28 0 0
60800 10 9 0.057 0.344 0.13 0.995 0.641 25 2 36.94 26.7 0 0.54
60800 10 9 0.093 0.448 0.109 0.769 0.058 25 915 25.94 1047.58 0 0
60800 10 9 0.064 0.248 0.488 0.917 0.209 52 1 59 25.9 0 0.22
60800 10 9 0.101 0.493 0.477 0.959 0.18 25 2 36.84 59.46 0 0.74
60800 10 9 0.006 0.185 0.433 0.94 0.988 25 0 34.46 5.4 0 0.84
60800 10 9 0.079 0.28 0.202 0.853 0.345 25 2 38.7 88.74 0 0.36
60800 10 9 0.027 0.007 0.218 0.794 0.905 25 0 35.78 7.44 0 0.8
60800 10 9 0.042 0.099 0.493 0.913 0.039 36 0 49.12 43.36 0 0.3
60800 10 9 0.06 0.092 0.437 0.864 0.928 25 0 39.4 9.6 0 0.74
60800 10 9 0.073 0.006 0.298 0.847 0.683 25 0 35.3 6.46 0 0.82
60800 10 9 0.096 0.282 0.073 0.984 0.663 26 1 41.28 20.94 0 0.68
60800 10 9 0.078 0.027 0.03 0.818 0.581 25 1 33.98 8.92 0 0.76
60800 10 9 0.101 0.429 0.401 0.762 0.532 25 1 36.22 11.26 0 0.7
60800 10 9 0.008 0.182 0.437 0.77 0.75 40 0 50.92 9.22 0 0.72
60800 10 9 0.003 0.286 0.436 0.781 0.528 25 0 34.18 9.8 0 0.76
60800 10 9 0.016 0.148 0.311 0.994 0.27 27 2 44.06 45.18 0 0.64
60800 10 9 0.026 0.41 0.388 0.959 0.805 25 1 38.32 12.1 0 0.76
60800 10 9 0.061 0.103 0.397 0.848 0.556 25 0 34.52 9.62 0 0.78
60800 10 9 0.028 0.132 0.429 0.953 0.786 25 0 32.58 8.8 0 0.76
60800 10 9 0.043 0.399 0.054 0.758 0.125 25 505 32.22 629.1 0 0
60800 10 9 0.005 0.466 0.244 0.822 0.716 28 0 38.62 6.78 0 0.72
60800 10 9 0.034 0.255 0.152 0.932 0.774 41 0 57.32 8.96 0 0.62
60800 10 9 0.046 0.162 0.398 0.829 0.636 25 0 36.7 5.6 0 0.82
60800 10 9 0.045 0.343 0.008 0.978 0.369 25 793 26.46 1080.22 0 0
60800 10 9 0.12 0.198 0.242 0.886 0.037 25 417 29.9 624.78 0 0
60800 10 9 0.05 0.396 0.228 0.874 0.499 26 0 37.96 32 0 0.62
60800 10 9 0.043 0.005 0.135 0.832 0.434 30 0 36.92 6.3 0 0.8
60800 10 9 0.068 0.017 0.467 0.966 0.388 25 0 35.66 3.6 0 0.88
60800 10 9 0.03 0.454 0.187 0.797 0.594 25 0 39.3 17.42 0 0.6
60800 10 9 0.074 0.062 0.259 0.846 0.418 25 1 36.2 11.04 0 0.76
60800 10 9 0.079 0.146 0.022 0.769 0.889 25 0 35.42 10.32 0 0.68
60800 10 9 0.047 0.354 0.284 0.885 0.439 34 0 50.8 28.78 0 0.36
60800 10 9 0.017 0.376 0.042 0.908 0.643 32 0 40.38 37.78 0 0.36
60800 10 9 0.035 0.148 0.053 0.921 0.535 27 27 38.28 95.98 0 0
60800 10 9 0.108 0.149 0.345 0.769 0.373 25 0 33.66 5.54 0 0.84
60800 10 9 0.064 0.498 0.416 0.964 0.263 35 2 50.16 18.8 0 0.46
60800 10 9 0.039 0.48 0.206 0.854 0.149 25 163 37.6 355.22 0 0
60800 10 9 0.014 0.392 0.485 0.917 0.019 25 2 45.54 202.1 0 0.18
60800 10 9 0.089 0.163 0.11 0.819 0.33 28 28 40.38 96.48 0 0
60800 10 9 0.07 0.33 0.285 0.944 0.402 27 2 37.06 8.74 0 0.78
60800 10 9 0.096 0.212 0.109 0.875 0.443 32 7 47.24 79.52 0 0.12
60800 10 9 0.101 0.282 0.037 0.938 0.691 49 1 61.28 13.9 0 0.54
60800 10 9 0.071 0.037 0.19 0.909 0.735 25 0 37.32 8.54 0 0.8
60800 10 9 0.112 0.359 0.084 0.929 0.386 25 108 33.8 322.24 0 0
60800 10 9 0.115 0.364 0.446 0.804 0.593 25 1 37.7 7.56 0 0.76
60800 10 9 0.073 0.207 0.149 0.863 0.557 27 0 46.98 21.32 0 0.62
60800 10 9 0.081 0.11 0.448 0.803 0.812 25 0 40.44 10.34 0 0.76
60800 10 9 0.081 0.278 0.053 0.909 0.519 29 37 39.4 108.28 0 0
60800 10 9 0.049 0.031 0.358 0.753 0.798 25 0 35.04 10.76 0 0.76
60800 10 9 0.046 0.456 0.497 0.943 0.11 35 15 52.2 89.92 0 0
60800 10 9 0.077 0.016 0.185 0.861 0.643 25 0 35.18 8.98 0 0.78
60800 10 9 0.096 0.459 0.446 0.856 0.954 25 0 34.16 7.02 0 0.82
60800 10 9 0.023 0.278 0.044 0.958 0.779 27 0 46.06 15.94 0 0.6
60800 10 9 0.005 0.408 0.485 0.884 0.049 26 16 41.5 131.84 0 0
60800 10 9 0.079 0.094 0.467 0.862 0.818 25 0 35.94 8.44 0 0.72
60800 10 9 0.095 0.184 0.228 0.887 0.209 41 64 45.84 145.78 0 0
60800 10 9 0.041 0.492 0.109 0.873 0.049 25 590 32.44 740.5 0 0
60800 10 9 0.089 0.065 0.255 0.898 0.324 26 0 35.06 6.82 0 0.84
60800 10 9 0.1 0.114 0.449 0.822 0.774 25 1 35.24 8.4 0 0.78
60800 10 9 0.018 0.38 0.465 0.838 0.186 33 1 54.02 57.58 0 0.42
60800 10 9 0.06 0.228 0.131 0.913 0.971 26 0 40.64 7.6 0 0.74
60800 10 9 0.102 0.459 0.064 0.853 0.462 25 186 33.36 465.48 0 0
60800 10 9 0.01 0.431 0.23 0.831 0.987 25 1 38.86 11.26 0 0.72
60800 10 9 0.034 0.147 0.325 0.801 0.22 27 0 38.5 36.28 0 0.32
60800 10 9 0.106 0.2 0.344 0.794 0.834 25 0 34.56 6.6 0 0.84
60800 10 9 0.115 0.226 0.125 0.842 0.117 25 660 27.8 748.06 0 0
60800 10 9 0.033 0.419 0.272 0.93 0.097 25 197 30.24 401.66 0 0
60800 10 9 0.057 0.321 0.116 0.861 0.855 25 0 34.26 8.1 0 0.76
60800 10 9 0.039 0.191 0.189 0.827 0.48 29 1 48.3 22 0 0.34
60800 10 9 0.08 0.2 0.388 0.86 0.014 25 594 27.26 861.38 0 0
60800 10 9 0.055 0.328 0.005 0.869 0.603 25 3 36.56 116.1 0 0.38
60800 10 9 0.08 0.313 0.24 0.87 0.608 25 0 39.24 12.4 0 0.62
60800 10 9 0.09 0.12 0.033 0.826 0.076 25 1093 26.26 1135.8 0 0
60800 10 9 0.088 0.317 0.213 0.898 0.728 25 0 40.36 9.9 0 0.7
60800 10 9 0.063 0.388 0.001 0.831 0.188 25 907 26.64 1135.64 0 0
60800 10 9 0.016 0.404 0.138 0.836 0.489 28 3 42.78 41.5 0 0.38
60800 10 9 0.068 0.027 0.146 0.84 0.191 27 0 37.88 5.06 0 0.84
60800 10 9 0.118 0.048 0.458 0.975 0.99 25 0 33.26 9.72 0 0.76
60800 10 9 0.034 0.234 0.092 0.869 0.455 33 1 52.36 31.98 0 0.56
60800 10 9 0.07 0.493 0.433 0.957 0.542 25 0 37.52 9.62 0 0.76
60800 10 9 0.074 0.044 0.345 0.758 0.473 25 0 33.84 9.2 0 0.8
60800 10 9 0.048 0.446 0.123 0.804 0.448 26 2 45.94 94.28 0 0.5
60800 10 9 0.061 0.363 0.289 0.846 0.06 25 736 26.48 905.36 0 0
60800 10 9 0.023 0.1 0.324 0.806 0.221 40 0 49.94 10.72 0 0.56
60800 10 9 0.043 0.376 0.114 0.978 0.295 40 28 49.8 147.24 0 0
60800 10 9 0.065 0.242 0.02 0.806 0.115 25 670 28.78 851.82 0 0
60800 10 9 0.11 0.347 0.194 0.768 0.53 29 0 39.4 14.12 0 0.76
60800 10 9 0.047 0.307 0.471 0.974 0.62 25 0 34.3 10.14 0 0.72
60800 10 9 0.109 0.451 0.065 0.988 0.881 25 1 37.96 9.5 0 0.76
60800 10 9 0.044 0.239 0.065 0.829 0.626 39 0 44.88 28.02 0 0.48
60800 10 9 0.083 0.149 0.448 0.98 0.89 25 1 34.58 6.6 0 0.84
60800 10 9 0.071 0.082 0.073 0.968 0.542 29 0 41.36 9.38 0 0.7
60800 10 9 0.061 0.342 0.087 0.836 0.107 28 134 38.2 356.62 0 0
60800 10 9 0.09 0.163 0.493 0.775 0.562 25 1 33.64 8.08 0 0.86
60800 10 9 0.003 0.489 0.353 0.752 0.232 30 3 43.32 53.2 0 0.54
60800 10 9 0.084 0.206 0.092 0.842 0.843 25 0 37.02 9.44 0 0.7
60800 10 9 0.058 0.005 0.101 0.912 0.672 25 0 32.76 9.62 0 0.78
60800 10 9 0.048 0.168 0.017 0.921 0.763 25 1 34.36 9.44 0 0.74
60800 10 9 0.118 0.145 0.124 0.88 0.048 25 1014 26.48 1099.88 0 0
60800 10 9 0.081 0.321 0.342 0.85 0.909 25 0 34.32 10.86 0 0.74
60800 10 9 0.028 0.273 0.241 0.919 0.665 27 1 35.44 12.7 0 0.64
60800 10 9 0.092 0.487 0.172 0.902 0.801 26 0 35.82 6.18 0 0.76
60800 10 9 0.027 0.415 0.486 0.88 0.448 26 0 40.58 12.74 0 0.7
60800 10 9 0.013 0.371 0.358 0.939 0.638 25 0 34.78 4.94 0 0.88
60800 10 9 0.023 0.133 0.4 0.915 0.622 25 0 43.22 10.84 0 0.76
60800 10 9 0.06 0.304 0.236 0.843 0.724 25 0 35.2 10.9 0 0.8
60800 10 9 0.085 0.337 0.297 0.947 0.89 25 1 40.96 11.86 0 0.76
60800 10 9 0.002 0.397 0.179 0.898 0.913 46 0 55.8 7.1 0 0.76
60800 10 9 0.113 0.151 0.308 0.912 0.663 25 0 33.4 8.62 0 0.82
60800 10 9 0.038 0.333 0.37 0.947 0.509 53 1 59.8 8.12 0 0.7
60800 10 9 0.119 0.27 0.383 0.865 0.01 25 947 26.7 1012.7 0 0
60800 10 9 0.024 0.118 0.24 0.887 0.086 31 2 42.22 92.14 0 0.26
60800 10 9 0.093 0.348 0.187 0.941 0.318 29 24 45.44 141.38 0 0
60800 10 9 0.111 0.106 0.098 0.77 0.716 29 0 44.9 8.68 0 0.72
60800 10 9 0.099 0.129 0.031 0.797 0.598 40 0 48.34 14.78 0 0.4
60800 10 9 0.096 0.245 0.001 0.8 0.558 25 128 36.64 256.24 0 0
60800 10 9 0.039 0.094 0.358 0.895 0.005 25 533 30.14 743.38 0 0
60800 10 9 0.068 0.046 0.08 0.941 0.004 25 1128 26.3 1151.48 0 0
60800 10 9 0.11 0.469 0.279 0.831 0.568 26 0 45.38 12.62 0 0.74
60800 10 9 0.08 0.248 0.392 0.952 0.56 25 0 33.3 6.74 0 0.8
60800 10 9 0.1 0.159 0.323 0.904 0.202 29 1 41.62 9.32 0 0.74
60800 10 9 0.118 0.29 0.173 0.886 0.398 38 4 60.46 25.38 0 0.48
60800 10 9 0.103 0.087 0.413 0.915 0.476 48 0 55.9 6.14 0 0.8
60800 10 9 0.084 0.411 0.197 0.936 0.689 26 0 36.6 14.72 0 0.66
60800 10 9 0.059 0.349 0.192 0.976 0.736 48 0 57.48 9.86 0 0.68
60800 10 9 0.039 0.163 0.332 0.972 0.091 30 3 40.44 46.84 0 0.58
60800 10 9 0.025 0.294 0.107 0.988 0.003 25 1110 26.58 1157.96 0 0
60800 10 9 0.045 0.299 0.12 0.917 0.245 26 331 31.52 423.6 0 0
60800 10 9 0.005 0.43 0.36 0.764 0.987 25 0 38.5 10.16 0 0.72
60800 10 9 0.002 0.471 0.349 0.913 0.754 25 0 32.66 9.96 0 0.78
60800 10 9 0.079 0.116 0.428 0.823 0.732 25 0 36.16 9.74 0 0.78
60800 10 9 0.116 0.015 0.347 0.898 0.663 26 0 35.3 7.98 0 0.76
60800 10 9 0.102 0.256 0.388 0.843 0.815 46 0 53.68 7.32 0 0.72
60800 10 9 0.026 0.154 0.221 0.759 0.208 25 2 33.44 46.4 0 0.64
60800 10 9 0.084 0.034 0.455 0.939 0.908 43 0 51.98 7.26 0 0.72
60800 10 9 0.065 0.465 0.381 0.864 0.228 33 2 47.08 75.36 0 0.38
60800 10 9 0.114 0.154 0.417 0.889 0.767 25 0 35.2 5 0 0.86
60800 10 9 0.06 0.043 0.338 0.853 0.316 32 0 43.46 6.3 0 0.72
60800 10 9 0.002 0.477 0.255 0.881 0.303 34 2 45.12 74.26 0 0.3
60800 10 9 0.113 0.268 0.198 0.792 0.734 25 0 34.36 11.78 0 0.7
60800 10 9 0.068 0.043 0.133 0.798 0.102 33 2 55.32 105.72 0 0.26
60800 10 9 0.047 0.322 0.128 0.995 0.49 30 2 43.78 68.96 0 0.38
60800 10 9 0.018 0.293 0.44 0.826 0.57 25 0 38.12 8.08 0 0.74
60800 10 9 0.083 0.381 0.244 0.988 0.047 25 730 26.32 967.46 0 0
60800 10 9 0.011 0.066 0.271 0.921 0.928 25 0 34.74 9.1 0 0.74
60800 10 9 0.016 0.271 0.256 0.848 0.659 29 0 40.5 6.04 0 0.76
60800 10 9 0.109 0.306 0.299 0.908 0.012 25 222 36.46 633.3 0 0
60800 10 9 0.059 0.37 0.483 0.845 0.776 25 0 33.78 10.72 0 0.74
60800 10 9 0.107 0.077 0.273 0.967 0.712 25 0 36.14 6.98 0 0.8
60800 10 9 0.078 0.122 0.419 0.75 0.331 25 0 37.66 7.84 0 0.84
60800 10 9 0.045 0.191 0.496 0.954 0.74 25 0 34.18 11.18 0 0.74
60800 10 9 0.03 0.167 0.057 0.839 0.647 25 1 34.8 19.76 0 0.78
60800 10 9 0.032 0.285 0.115 0.945 0.301 25 3 46.08 151.66 0 0.26
60800 10 9 0.004 0.068 0.379 0.961 0.881 32 0 41.74 8.18 0 0.7
60800 10 9 0.004 0.377 0.328 0.828 0.038 25 32 35.16 324.42 0 0
60800 10 9 0.045 0.181 0.097 0.772 0.475 33 3 43.96 63.74 0 0.2
60800 10 9 0.104 0.216 0.246 0.884 0.49 27 1 45.3 16.68 0 0.62
60800 10 9 0.088 0.06 0.296 0.771 0.608 25 0 35.72 7.06 0 0.8
60800 10 9 0.023 0.292 0.355 0.841 0.214 28 3 38.96 81.28 0 0.24
60800 10 9 0.078 0.123 0.406 0.871 0.233 45 1 62.7 9.6 0 0.68
60800 10 9 0.026 0.143 0.305 0.824 0.677 25 0 33.5 4.5 0 0.8
60800 10 9 0.005 0.368 0.371 0.911 0.779 25 0 34.38 10.52 0 0.74
60800 10 9 0.068 0.347 0.368 0.869 0.083 26 11 45.98 106.72 0 0
60800 10 9 0.007 0.045 0.267 0.779 0.454 25 0 34.12 9.52 0 0.76
60800 10 9 0.074 0.389 0.279 0.828 0.479 29 2 39.88 20.06 0 0.6
60800 10 9 0.078 0.042 0.404 0.81 0.628 26 0 39.8 8.14 0 0.78
60800 10 9 0.015 0.228 0.487 0.818 0.472 25 0 38.1 9.04 0 0.72
60800 10 9 0.039 0.447 0.162 0.809 0.18 25 556 26.96 714.98 0 0
60800 10 9 0.091 0.16 0.287 0.783 0.576 25 0 34.7 9.68 0 0.78
60800 10 9 0.097 0.495 0.083 0.812 0.912 25 0 37.62 9.94 0 0.68
60800 10 9 0.052 0.077 0.006 0.997 0.755 25 1 55.16 17.2 0 0.74
60800 10 9 0.043 0.424 0.124 0.912 0.958 25 0 35.28 4.26 0 0.84
60800 10 9 0.033 0.008 0.414 0.829 0.324 25 0 41.96 6.92 0 0.82
60800 10 9 0.091 0.287 0.172 0.895 0.105 25 452 36.96 665.6 0 0
60800 10 9 0.118 0.465 0.155 0.841 0.941 34 0 42.56 8.36 0 0.78
60800 10 9 0.07 0.348 0.355 0.877 0.695 25 0 35.04 11.8 0 0.82
60800 10 9 0.021 0.241 0.099 0.937 0.839 25 0 36.08 11.36 0 0.66
60800 10 9 0.079 0.096 0.298 0.976 0.433 25 0 35.12 4.56 0 0.86
60800 10 9 0.115 0.367 0.353 0.878 0.653 25 0 32.46 9.78 0 0.7
60800 10 9 0.049 0.279 0.223 0.831 0.503 40 2 53.42 21.3 0 0.44
60800 10 9 0.077 0.334 0.036 0.906 0.287 25 732 28.06 848.54 0 0
60800 10 9 0.006 0.413 0.233 0.971 0.103 25 5 45.3 233.18 0 0.26
60800 10 9 0.036 0.257 0.489 0.804 0.298 43 0 55.32 13.56 0 0.64
60800 10 9 0.102 0.438 0.487 0.994 0.831 25 0 37.76 8.26 0 0.7
60800 10 9 0.117 0.278 0.031 0.932 0.6 31 3 44.6 36.82 0 0.5
60800 10 1 0.073 0.343 0.134 0.879 0.694 88 3 94.4 16.32 0 0.22
60800 10 1 0.093 0.319 0.458 0.888 0.643 102 1 116.08 6.64 0.62 0.66
60800 10 1 0.099 0.087 0.495 0.761 0.404 92 0 111.6 8.3 0.46 0.64
60800 10 1 0.076 0.399 0.336 0.995 0.866 90 1 103.14 8.82 0.02 0.58
60800 10 1 0.089 0.352 0.253 0.905 0.258 25 8 36.96 154.88 0 0.06
60800 10 1 0.013 0.383 0.252 0.787 0.67 74 1 101.48 15.36 0.32 0.56
60800 10 1 0.02 0.042 0.276 0.852 0.699 99 1 109.3 12.26 0.18 0.46
60800 10 1 0.022 0.092 0.173 0.979 0.821 87 2 102.06 15.28 0.08 0.4
60800 10 1 0.085 0.01 0.08 0.888 0.5 89 0 104.66 11.5 0.22 0.7
60800 10 1 0.022 0.305 0.245 0.882 0.726 80 2 104.42 6.98 0 0.72
60800 10 1 0.019 0.489 0.422 0.789 0.215 29 2 52.68 66.12 0 0.48
60800 10 1 0.036 0.253 0.477 0.871 0.268 64 0 84.62 10.5 0 0.74
60800 10 1 0.007 0.318 0.377 0.982 0.868 91 1 110.56 12.18 0.52 0.62
60800 10 1 0.017 0.226 0.206 0.791 0.038 25 851 26.4 989.5 0 0
60800 10 1 0.098 0.49 0.184 0.963 0.473 30 2 43.42 95.1 0 0.44
60800 10 1 0.01 0.385 0.314 0.859 0.263 45 4 62.66 34.4 0 0.22
60800 10 1 0.038 0.439 0.346 0.876 0.782 79 0 104.2 12.52 0.28 0.66
60800 10 1 0.011 0.485 0.106 0.902 0.354 27 15 35 191.94 0 0
60800 10 1 0.037 0.054 0.444 0.907 0.423 95 0 105.3 9.82 0.28 0.56
60800 10 1 0.066 0.367 0.176 0.839 0.807 79 0 98.52 13.16 0.02 0.62
60800 10 1 0.068 0.452 0.318 0.987 0.873 85 0 99.58 11.54 0 0.66
60800 10 1 0.062 0.433 0.115 0.885 0.36 27 192 31.18 296.68 0 0
60800 10 1 0.012 0.149 0.058 0.829 0.928 87 0 106.88 7.44 0.36 0.8
60800 10 1 0.04 0.201 0.19 0.911 0.234 27 2 40.54 146.44 0 0.3
60800 10 1 0.087 0.334 0.13 0.834 0.558 46 10 60.26 44.34 0 0
60800 10 1 0.112 0.09 0.298 0.774 0.654 80 0 101.28 12.76 0.36 0.66
60800 10 1 0.016 0.147 0.246 0.871 0.129 25 9 44.24 167.66 0 0.02
60800 10 1 0.063 0.128 0.235 0.864 0.89 113 1 117.8 10.66 1 0.5
60800 10 1 0.057 0.336 0.012 0.972 0.8 97 4 104.48 16.6 0 0.22
60800 10 1 0.015 0.139 0.161 0.899 0.783 150 0 150 0 1 1
60800 10 1 0.039 0.235 0.29 0.799 0.841 100 1 117.42 11.98 0.68 0.48
60800 10 1 0.078 0.308 0.286 0.936 0.906 105 3 113.8 14.18 0.58 0.32
60800 10 1 0.037 0.07 0.043 0.944 0.588 60 5 67.04 29.78 0 0.06
60800 10 1 0.111 0.412 0.405 0.806 0.475 74 1 85.76 15.16 0 0.52
60800 10 1 0.089 0.431 0.449 0.856 0.103 25 61 32.06 250.72 0 0
60800 10 1 0.059 0.177 0.464 0.819 0.801 88 1 96.96 11.14 0 0.62
60800 10 1 0.028 0.08 0.497 0.83 0.216 109 1 114.84 9.26 0.8 0.48
60800 10 1 0.088 0.153 0.207 0.917 0.476 67 0 91.84 20.86 0 0.58
60800 10 9 0.088 0.372 0.089 0.887 0.466 25 0 34.88 221.54 0 0.26
60800 10 9 0.047 0.036 0.368 0.968 0.53 25 0 39.26 9.96 0 0.72
60800 10 9 0.076 0.401 0.405 0.82 0.677 26 0 36.48 9.56 0 0.72
60800 10 9 0.067 0.492 0.295 0.775 0.02 25 969 26.2 1051.8 0 0
60800 10 9 0.053 0.168 0.315 0.96 0.358 38 1 53.52 18.36 0 0.5
60800 10 9 0.02 0.354 0.086 0.98 0.649 25 1 34.64 33.12 0 0.64
60800 10 9 0.041 0.325 0.005 0.865 0.249 25 806 26.36 1019.56 0 0
60800 10 9 0.083 0.249 0.084 0.871 0.521 31 2 41.88 54.38 0 0.3
60800 10 9 0.076 0.152 0.432 0.774 0.12 38 1 48.8 18.26 0 0.58
60800 10 9 0.008 0.266 0.235 0.796 0.211 32 0 41.38 67.78 0 0.18
60800 10 9 0.085 0.402 0.015 0.791 0.495 25 481 29.66 678.26 0 0
60800 10 9 0.047 0.019 0.083 0.753 0.655 25 0 32.58 8.22 0 0.74
60800 10 9 0.01 0.239 0.295 0.925 0.977 26 0 36.58 7.64 0 0.76
60800 10 9 0.091 0.206 0.033 0.973 0.058 25 620 27.16 993.22 0 0
60800 10 9 0.083 0.357 0.175 0.813 0.165 25 193 34.44 376.72 0 0
60800 10 9 0.042 0.278 0.385 0.882 0.911 25 0 37.02 9.82 0 0.78
60800 10 9 0.072 0.218 0.062 0.905 0.773 30 1 44.48 13.26 0 0.52
60800 10 9 0.035 0.211 0.376 0.828 0.42 36 0 48.34 11.52 0 0.64
60800 10 9 0.084 0.375 0.176 0.757 0.553 35 0 43.28 27.3 0 0.5
60800 10 9 0.092 0.256 0.307 0.913 0.892 25 0 37.14 10.22 0 0.76
60800 10 9 0.036 0.234 0.266 0.878 0.609 31 1 39.54 8.28 0 0.84
60800 10 9 0.114 0.15 0.242 0.751 0.718 26 0 35.9 6.58 0 0.8
60800 10 9 0.104 0.239 0.255 0.992 0.018 25 963 26.18 1034.12 0 0
60800 10 9 0.012 0.111 0.012 0.944 0.28 25 522 32.5 690.32 0 0
60800 10 9 0.099 0.16 0.26 0.825 0.545 46 0 52.82 7.14 0 0.74
60800 10 9 0.021 0.257 0.247 0.816 0.444 51 1 60.5 24.8 0 0.28
60800 10 9 0.039 0.41 0.46 0.982 0.859 25 0 35.98 9.28 0 0.78
60800 10 9 0.064 0.388 0.049 0.883 0.034 25 1069 26.38 1104.76 0 0
60800 10 9 0.013 0.043 0.327 0.944 0.357 25 0 37.2 8.34 0 0.74
60800 10 9 0.021 0.411 0.127 0.881 0.374 26 0 47.98 112.7 0 0.38
60800 10 9 0.112 0.317 0.116 0.983 0.041 25 563 26.66 828.98 0 0
60800 10 9 0.06 0.268 0.156 0.91 0.734 25 1 36.16 10.94 0 0.7
60800 10 9 0.051 0.357 0.341 0.966 0.888 25 0 36.6 11.12 0 0.78
60800 10 9 0.092 0.408 0.186 0.855 0.924 25 0 36.18 9.32 0 0.76
60800 10 9 0.06 0.267 0.116 0.935 0.16 25 872 26 949.46 0 0
60800 10 9 0.036 0.196 0.312 0.899 0.388 47 0 53.46 17.6 0 0.42
60800 10 9 0.018 0.239 0.243 0.89 0.46 42 1 66.04 21.94 0 0.32
60800 10 9 0.118 0.184 0.232 0.972 0.822 25 0 39.22 5.88 0 0.8
60800 10 9 0.108 0.04 0.26 0.876 0.74 25 0 40.56 10.98 0 0.78
60800 10 9 0.111 0.27 0.384 0.983 0.114 39 1 54.08 70.36 0 0.3
60800 10 9 0.035 0.428 0.359 0.883 0.844 25 1 38 8.14 0 0.78
60800 10 9 0.063 0.286 0.489 0.872 0.33 42 0 47.42 13.04 0 0.74
60800 10 9 0.023 0.133 0.215 0.876 0.027 26 358 34.54 461.16 0 0
60800 10 9 0.065 0.418 0.059 0.79 0.785 48 1 56.32 11.14 0 0.62
60800 10 9 0.006 0.139 0.335 0.781 0.588 25 1 36.72 8.36 0 0.78
60800 10 9 0.059 0.081 0.074 0.862 0.55 55 2 57.72 15.4 0 0.54
60800 10 9 0.042 0.433 0.339 0.909 0.74 25 1 34.74 10.74 0 0.68
60800 10 9 0.021 0.139 0.083 0.755 0.659 30 1 43.28 26.54 0 0.56
60800 10 9 0.085 0.151 0.489 0.861 0.973 25 0 35.14 9.36 0 0.78
60800 10 9 0.004 0.32 0.37 0.795 0.847 25 0 37.2 9.32 0 0.78
60800 10 9 0.04 0.454 0.403 0.932 0.762 25 0 33.44 8.06 0 0.82
60800 10 9 0.098 0.43 0.337 0.852 0.038 25 683 34.24 742.44 0 0
60800 10 9 0.026 0.165 0.499 0.939 0.303 25 0 36.76 11.82 0 0.7
60800 10 9 0.111 0.076 0.104 0.934 0.104 28 30 44.4 204.52 0 0
60800 10 9 0.077 0.365 0.046 0.878 0.386 25 24 36.7 503.58 0 0
60800 10 9 0.051 0.449 0.293 0.845 0.291 28 4 43.56 122.18 0 0.18
60800 10 9 0.118 0.267 0.275 0.84 0.363 25 1 40.64 47.36 0 0.5
60800 10 9 0.1 0.307 0.083 0.996 0.514 31 52 37.88 144.14 0 0
60800 10 9 0.05 0.077 0.46 0.774 0.991 25 0 40.18 11.42 0 0.74
60800 10 9 0.01 0.199 0.189 0.951 0.511 39 0 58.58 18.12 0 0.58
60800 10 9 0.015 0.205 0.025 0.969 0.206 25 873 26.28 1043.16 0 0
60800 10 9 0.076 0.056 0.358 0.986 0.233 25 0 33.62 5.64 0 0.86
60800 10 9 0.008 0.496 0.402 0.943 0.065 27 168 35.34 280.4 0 0
60800 10 9 0.058 0.287 0.471 0.761 0.098 28 2 43.92 91.9 0 0.46
60800 10 9 0.047 0.005 0.045 0.894 0.679 25 0 38.5 6.72 0 0.76
60800 10 9 0.027 0.301 0.207 0.994 0.931 25 0 37.94 9.88 0 0.72
60800 10 9 0.036 0.311 0.047 0.947 0.718 42 1 57.42 26.44 0 0.34
60800 10 9 0.03 0.058 0.191 0.765 0.151 43 1 54.42 12.58 0 0.76
60800 10 9 0.033 0.045 0.36 0.822 0.105 44 0 51.92 10.6 0 0.58
60800 10 9 0.044 0.123 0.19 0.753 0.037 25 447 30.86 760.72 0 0
60800 10 9 0.08 0.347 0.27 0.868 0.289 33 3 59.3 33.4 0 0.4
60800 10 9 0.098 0.474 0.24 0.985 0.08 25 493 27.88 866.86 0 0
60800 10 9 0.058 0.107 0.032 0.902 0.023 25 1050 26.26 1092.7 0 0
60800 10 9 0.104 0.03 0.098 0.927 0.646 25 0 35.12 9.58 0 0.8
60800 10 9 0.013 0.011 0.397 0.752 0.916 25 0 33.04 9.64 0 0.76
60800 10 9 0.075 0.295 0.465 0.921 0.253 41 1 56.36 9.58 0 0.64
60800 10 9 0.097 0.059 0.17 0.823 0.396 25 0 35.76 8.74 0 0.76
60800 10 9 0.056 0.238 0.452 0.827 0.322 25 0 33.78 3.16 0 0.88
60800 10 9 0.043 0.405 0.355 0.853 0.247 33 1 38.02 66.1 0 0.24
60800 10 9 0.011 0.485 0.064 0.838 0.793 25 1 34.56 16.94 0 0.7
60800 10 9 0.115 0.285 0.367 0.902 0.622 25 0 34.44 6.74 0 0.88
60800 10 9 0.068 0.432 0.295 0.98 0.827 25 0 36.3 11.18 0 0.76
60800 10 9 0.039 0.16 0.286 0.856 0.198 27 3 35.98 36.76 0 0.64
60800 10 9 0.116 0.149 0.124 0.766 0.666 26 0 42.5 7.58 0 0.72
60800 10 9 0.114 0.312 0.268 0.837 0.88 25 0 40 10.66 0 0.78
60800 10 9 0.025 0.286 0.412 0.954 0.516 49 0 55.58 8.86 0 0.72
60800 10 9 0.039 0.039 0.084 0.917 0.042 25 366 28.62 670.48 0 0
60800 10 9 0.015 0.3 0.108 0.86 0.624 26 0 35.24 15.94 0 0.68
60800 10 9 0.082 0.314 0.008 0.945 0.699 29 1 36.76 25.34 0 0.42
60800 10 9 0.114 0.032 0.273 0.824 0.058 37 0 47.72 16.72 0 0.56
60800 10 9 0.003 0.276 0.161 0.759 0.824 25 0 32.58 9.26 0 0.68
60800 10 9 0.032 0.212 0.176 0.979 0.725 25 0 39.88 10.9 0 0.64
60800 10 9 0.017 0.459 0.36 0.878 0.857 25 0 35.02 8.94 0 0.76
60800 10 9 0.107 0.283 0.271 0.92 0.587 37 0 50.58 5.08 0 0.74
60800 10 9 0.106 0.435 0.354 0.968 0.652 25 1 30.76 11.82 0 0.8
60800 10 9 0.02 0.434 0.068 0.953 0.897 25 0 33.64 6.78 0 0.82
60800 10 9 0.09 0.436 0.188 0.901 0.653 25 0 36.92 17.24 0 0.64
60800 10 9 0.007 0.384 0.332 0.82 0.552 25 0 38.54 14.02 0 0.6
60800 10 9 0.052 0.119 0.09 0.87 0.801 25 0 38.62 8.6 0 0.72
60800 10 9 0.117 0.245 0.244 0.78 0.657 25 0 34.8 7.38 0 0.8
60800 10 9 0.041 0.291 0.248 0.97 0.794 25 2 35.9 10.4 0 0.72
60800 10 9 0.018 0.266 0.159 0.963 0.029 25 399 30.7 775.42 0 0
60800 10 9 0.096 0.275 0.243 0.787 0.999 25 0 34.16 5.3 0 0.86
60800 10 9 0.093 0.383 0.293 0.759 0.459 25 0 32.98 30.16 0 0.72
60800 10 9 0.113 0.349 0.039 0.91 0.868 43 0 59.04 11.56 0 0.74
60800 10 9 0.083 0.483 0.299 0.866 0.989 25 0 39.38 8.46 0 0.76
60800 10 9 0.105 0.218 0.045 0.917 0.613 33 1 50.88 34.02 0 0.6
60800 10 9 0.03 0.399 0.176 0.82 0.773 25 0 36.56 5.1 0 0.82
60800 10 9 0.106 0.253 0.399 0.842 0.83 25 0 37.14 5.52 0 0.86
60800 10 9 0.116 0.428 0.44 0.894 0.271 36 1 61.86 24.1 0 0.46
60800 10 9 0.09 0.294 0.192 0.911 0.424 27 1 38.94 98.8 0 0.06
60800 10 9 0.07 0.06 0.442 0.857 0.813 25 0 33.76 10.06 0 0.74
60800 10 9 0.06 0.396 0.356 0.973 0.462 27 1 45.52 18.28 0 0.5
60800 10 9 0.024 0.019 0.248 0.854 0.166 25 0 34.66 10.28 0 0.76
60800 10 9 0.083 0.405 0.304 0.769 0.898 25 1 35.62 10.64 0 0.78
60800 10 9 0.052 0.222 0.358 0.977 0.433 26 0 41.3 2.64 0 0.9
60800 10 9 0.079 0.329 0.291 0.783 0.281 34 3 44.14 78.7 0 0.2
60800 10 9 0.022 0.266 0.244 0.97 0.03 25 699 26.44 854.64 0 0
60800 10 9 0.108 0.123 0.409 0.902 0.722 25 0 35.02 6.14 0 0.86
60800 10 9 0.097 0.097 0.275 0.922 0.053 26 2 51.08 158.52 0 0.24
60800 10 9 0.053 0.004 0.232 0.905 0.901 25 1 34.46 5.84 0 0.86
60800 10 9 0.099 0.023 0.359 0.991 0.904 25 0 35.76 8.54 0 0.72
60800 10 9 0.08 0.17 0.404 0.985 0.532 25 0 40.54 10.98 0 0.66
60800 10 9 0.109 0.37 0.002 0.867 0.318 25 596 30.26 857.98 0 0
60800 10 9 0.084 0.232 0.302 0.898 0.758 25 0 34.38 6.8 0 0.86
60800 10 9 0.094 0.375 0.185 0.92 0.397 33 4 58.08 46.94 0 0.64
60800 10 9 0.046 0.208 0.291 0.843 0.257 25 0 42.5 31.36 0 0.5
60800 10 9 0.119 0.471 0.303 0.793 0.854 25 0 36.04 7.82 0 0.74
60800 10 9 0.009 0.395 0.213 0.801 0.47 43 2 52.52 20.4 0 0.62
60800 10 9 0.035 0.284 0.211 0.793 0.3 28 1 52.84 63.72 0 0.48
60800 10 9 0.027 0.3 0.196 0.774 0.996 26 0 36.96 4.36 0 0.9
60800 10 9 0.048 0.301 0.054 0.893 0.073 25 949 26.54 984.84 0 0
60800 10 9 0.086 0.429 0.304 0.921 0.179 25 4 43.64 91.86 0 0.56
60800 10 9 0.106 0.44 0.069 0.772 0.564 27 27 35.62 102.4 0 0
60800 10 9 0.063 0.417 0.261 0.904 0.325 29 1 42.48 130.5 0 0.26
60800 10 9 0.037 0.051 0.224 0.988 0.304 25 0 39.38 5.52 0 0.86
60800 10 9 0.087 0.324 0.174 0.978 0.51 28 0 39.1 25.5 0 0.64
60800 10 9 0.078 0.407 0.115 0.919 0.189 25 409 31.76 652.02 0 0
60800 10 9 0.094 0.49 0.376 0.917 0.322 26 0 36.64 45.3 0 0.54
60800 10 9 0.08 0.101 0.118 0.814 0.007 25 899 26.14 1140.8 0 0
60800 10 9 0.091 0.129 0.251 0.767 0.373 33 0 44.06 7.42 0 0.76
60800 10 9 0.012 0.373 0.039 0.822 0.892 25 1 39.24 9.86 0 0.7
60800 10 9 0.107 0.089 0.379 0.984 0.083 28 2 38.78 33.22 0 0.56
60800 10 9 0.102 0.31 0.319 0.807 0.353 28 0 39.94 39.44 0 0.46
60800 10 9 0.02 0.185 0.025 0.871 0.119 25 472 33.64 668.5 0 0
60800 10 9 0.083 0.347 0.084 0.851 0.7 41 1 51.58 16.88 0 0.54
60800 10 9 0.092 0.404 0.231 0.802 0.298 30 43 38.6 173.56 0 0
60800 10 9 0.021 0.416 0.253 0.886 0.027 25 683 26.6 849 0 0
60800 10 9 0.102 0.318 0.233 0.923 0.19 25 49 31.08 314.26 0 0
60800 10 9 0.042 0.163 0.464 0.823 0.226 25 0 30.1 5.9 0 0.8
60800 10 9 0.05 0.283 0.473 0.801 0.746 37 1 41.66 6.28 0 0.84
60800 10 9 0.11 0.325 0.392 0.884 0.52 27 1 39.1 11.28 0 0.68
60800 10 9 0.034 0.43 0.241 0.787 0.587 34 0 44.22 12.24 0 0.7
60800 10 9 0.041 0.061 0.382 0.989 0.702 25 0 32.6 5.78 0 0.88
60800 10 9 0.009 0.447 0.231 0.85 0.479 44 0 56.96 23.56 0 0.38
60800 10 9 0.078 0.406 0.258 0.989 0.367 25 2 41.96 126.34 0 0.06
60800 10 9 0.025 0.463 0.496 0.832 0.55 25 0 36.7 9.42 0 0.7
60800 10 9 0.034 0.324 0.219 0.866 0.435 49 1 64.84 39.92 0 0.26
60800 10 9 0.015 0.128 0.382 0.814 0.505 25 0 38.32 11.14 0 0.74
60800 10 9 0.054 0.111 0.102 0.893 0.28 29 29 41.04 125.22 0 0
60800 10 9 0.057 0.047 0.368 0.971 0.759 25 0 35.16 11.6 0 0.72
60800 10 9 0.036 0.145 0.036 0.981 0.105 25 401 32.98 554.42 0 0
60800 10 9 0.046 0.313 0.158 0.791 0.341 26 3 40.96 167.46 0 0.12
60800 10 9 0.12 0.237 0.276 0.912 0.874 25 0 36.72 8.6 0 0.74
60800 10 9 0.059 0.091 0.071 0.984 0.512 43 0 50.7 5.62 0 0.8
60800 10 9 0.057 0.439 0.141 0.945 0.162 25 937 26.66 992.4 0 0
60800 10 9 0.103 0.492 0.428 0.902 0.381 29 0 48.06 19.76 0 0.58
60800 10 9 0.116 0.214 0.345 0.823 0.669 28 0 37.14 3.54 0 0.86
60800 10 9 0.054 0.448 0.206 0.818 0.375 34 1 44.62 62.3 0 0.18
60800 10 9 0.007 0.462 0.354 0.987 0.24 43 1 56.54 68.26 0 0.26
60800 10 9 0.023 0.483 0.41 0.973 0.852 25 0 34.9 11.02 0 0.72
60800 10 9 0.079 0.188 0.221 0.997 0.135 27 62 34.76 201.22 0 0
60800 10 9 0.053 0.377 0.297 0.934 0.797 25 0 38.42 8.68 0 0.64
60800 10 9 0.061 0.341 0.132 0.999 0.877 25 0 35.44 9.86 0 0.72
60800 10 9 0.068 0.243 0.463 0.863 0.519 25 0 33.2 7.32 0 0.82
60800 10 9 0.016 0.393 0.183 0.993 0.108 26 166 33.18 330.26 0 0
60800 10 9 0.025 0.292 0.164 0.856 0.664 25 1 37.1 12.56 0 0.68
60800 10 9 0.042 0.174 0.326 0.994 0.177 27 0 45.4 62.28 0 0.42
60800 10 9 0.077 0.491 0.035 0.858 0.08 25 962 26.3 1010.44 0 0
60800 10 9 0.103 0.285 0.253 0.86 0.386 33 1 44.24 38.94 0 0.5
60800 10 9 0.087 0.303 0.295 0.817 0.274 25 5 55.18 116.22 0 0.08
60800 10 9 0.042 0.35 0.435 0.847 0.783 26 0 50.42 7.8 0 0.7
60800 10 9 0.073 0.321 0.193 0.877 0.894 25 0 35.76 9.84 0 0.8
60800 10 9 0.033 0.011 0.26 0.967 0.21 43 1 47.4 9.6 0 0.68
60800 10 9 0.062 0.058 0.292 0.778 0.917 25 0 35.24 7.2 0 0.84
60800 10 9 0.008 0.137 0.121 0.89 0.728 25 1 41.3 16.3 0 0.7
60800 10 9 0.096 0.173 0.177 0.925 0.319 34 2 45.86 54.02 0 0.4
60800 10 9 0.054 0.214 0.429 0.794 0.936 25 0 40.84 4.66 0 0.84
60800 10 9 0.109 0.24 0.198 0.756 0.631 38 0 49.72 7.58 0 0.66
60800 10 9 0.031 0.236 0.443 0.766 0.984 26 0 36.24 6.36 0 0.82
60800 10 9 0.084 0.326 0.177 0.75 0.722 39 1 49.56 11.58 0 0.62
60800 10 9 0.009 0.261 0.361 0.878 0.952 25 0 34.74 11.96 0 0.68
60800 10 9 0.002 0.469 0.321 0.854 0.765 25 0 35.72 10.36 0 0.76
60800 10 9 0.04 0.048 0.146 0.85 0.516 25 2 35.86 11.9 0 0.78
60800 10 9 0.092 0.342 0.087 0.778 0.263 25 636 26.28 889.42 0 0
60800 10 9 0.057 0.141 0.094 0.796 0.035 25 996 26.34 1072.88 0 0
60800 10 9 0.054 0.267 0.227 0.805 0.061 25 646 26.7 812.96 0 0
60800 10 9 0.07 0.12 0.24 0.819 0.073 34 9 54.12 109.94 0 0.08
60800 10 9 0.048 0.033 0.466 0.933 0.428 45 0 51.18 6.58 0 0.78
60800 10 9 0.092 0.111 0.023 0.756 0.6 54 0 63.64 15.44 0 0.52
60800 10 9 0.118 0.202 0.147 0.755 0.435 29 3 41.2 42.02 0 0.56
60800 10 9 0.049 0.033 0.366 0.882 0.672 25 1 34.4 10.48 0 0.74
60800 10 9 0.035 0.09 0.212 0.781 0.184 31 0 52.44 71.18 0 0.34
60800 10 9 0.052 0.293 0.031 0.862 0.507 25 469 28.48 674.64 0 0
60800 10 9 0.033 0.253 0.162 0.877 0.123 25 429 27.64 701.56 0 0
60800 10 9 0.068 0.227 0.127 0.915 0.492 28 4 46.14 51.52 0 0.5
60800 10 9 0.057 0.103 0.498 0.99 0.644 25 0 33.68 9.02 0 0.82
60800 10 9 0.036 0.336 0.129 0.877 0.062 25 981 26.38 1011.08 0 0
60800 10 9 0.061 0.166 0.209 0.954 0.375 48 2 53.62 34.68 0 0.26
60800 10 9 0.04 0.159 0.085 0.951 0.11 25 919 26.18 1026.36 0 0
60800 10 9 0.026 0.168 0.271 0.777 0.116 34 17 44.98 139.36 0 0
60800 10 9 0.079 0.078 0.11 0.822 0.15 25 85 35.56 264.16 0 0
60800 10 9 0.11 0.431 0.412 0.87 0.819 25 0 33.08 11.72 0 0.76
60800 10 9 0.058 0.192 0.119 0.752 0.56 39 0 54.02 32.92 0 0.38
60800 10 9 0.027 0.135 0.395 0.761 0.246 56 0 70.42 12.3 0 0.34
60800 10 9 0.034 0.232 0.255 0.966 0.998 25 0 34.7 10.82 0 0.8
60800 10 9 0.099 0.178 0.007 0.834 0.172 25 1074 26.32 1107.04 0 0
60800 10 9 0.088 0.493 0.073 0.769 0.375 25 370 28.22 787.9 0 0
60800 10 9 0.1 0.385 0.214 0.876 0.895 25 0 36.74 9.02 0 0.72
60800 10 9 0.046 0.262 0.362 0.813 0.338 32 1 43.12 12.34 0 0.74
60800 10 9 0.096 0.49 0.369 0.802 0.593 25 0 41.22 11.3 0 0.72
60800 10 9 0.007 0.134 0.192 0.764 0.375 34 2 45.74 22.06 0 0.42
60800 10 9 0.062 0.138 0.393 0.826 0.695 25 1 34.12 11.78 0 0.74
60800 10 9 0.076 0.216 0.306 0.765 0.45 46 0 55.48 12.6 0 0.44
60800 10 9 0.083 0.125 0.45 0.838 0.19 26 1 40.38 8.08 0 0.68
60800 10 9 0.034 0.372 0.16 0.939 0.771 32 0 39.8 8.08 0 0.74
60800 10 9 0.111 0.404 0.237 0.846 0.554 39 1 50.66 14.44 0 0.7
60800 10 9 0.117 0.192 0.425 0.827 0.502 25 0 39.36 8.4 0 0.74
60800 10 9 0.108 0.359 0.185 0.81 0.816 25 0 35.06 8.5 0 0.72
60800 10 9 0.059 0.487 0.054 0.915 0.807 49 1 59.24 12.74 0 0.48
60800 10 9 0.084 0.095 0.432 0.79 0.959 25 0 35.44 4.24 0 0.86
60800 10 9 0.037 0.296 0.199 0.963 0.95 25 0 34.44 10.06 0 0.8
60800 10 9 0.044 0.109 0.299 0.844 0.274 48 0 55.1 18.18 0 0.5
60800 10 9 0.058 0.123 0.13 0.791 0.043 25 1109 26.18 1152.02 0 0
60800 10 9 0.066 0.042 0.475 0.939 0.993 25 0 33.42 8.7 0 0.76
60800 10 9 0.016 0.284 0.106 0.859 0.065 25 609 28.82 859.12 0 0
60800 10 9 0.017 0.339 0.088 0.865 0.282 25 183 33.68 260.26 0 0
60800 10 9 0.011 0.094 0.139 0.849 0.908 25 0 35.66 6.14 0 0.8
60800 10 9 0.117 0.191 0.241 0.913 0.172 32 68 42.98 152.04 0 0
60800 10 9 0.009 0.443 0.251 0.805 0.814 25 0 34.58 11.22 0 0.76
60800 10 9 0.12 0.218 0.051 0.88 0.07 25 527 28.44 809.16 0 0
60800 10 9 0.079 0.486 0.153 0.885 0.478 25 1 45.48 61.14 0 0.22
60800 10 9 0.115 0.089 0.42 0.814 0.637 25 0 32.26 5.46 0 0.84
60800 10 9 0.078 0.469 0.462 0.889 0.985 25 0 34.58 8.34 0 0.84
60800 10 9 0.014 0.054 0.352 0.891 0.395 25 0 35.3 6.9 0 0.8
60800 10 9 0.115 0.378 0.187 0.805 0.263 25 14 44.44 163.64 0 0
60800 10 9 0.034 0.444 0.297 0.795 0.217 40 25 59.36 78.18 0 0
60800 10 9 0.107 0.365 0.436 0.934 0.444 41 0 50.06 10.04 0 0.62
60800 10 9 0.068 0.269 0.434 0.932 0.924 25 0 35.6 4.74 0 0.8
60800 10 9 0.064 0.108 0.191 0.867 0.748 25 0 36.36 10.44 0 0.72
60800 10 9 0.093 0.162 0.065 0.983 0.994 25 0 39.68 8.2 0 0.74
60800 10 9 0.033 0.217 0.227 0.795 0.511 41 3 47.32 27.36 0 0.46
60800 10 9 0.118 0.169 0.21 0.936 0.735 25 0 33.18 5.52 0 0.84
60800 10 9 0.113 0.361 0.482 0.967 0.175 50 5 60.4 39.76 0 0.26
60800 10 9 0.06 0.158 0.248 0.761 0.389 41 1 50.56 21.38 0 0.42
60800 10 9 0.102 0.466 0.415 0.838 0.685 25 0 38.1 8.42 0 0.72
60800 10 9 0.115 0.132 0.091 0.845 0.959 33 0 42.44 5.84 0 0.8
60800 10 9 0.073 0.305 0.239 0.771 0.022 25 1061 26.4 1105.28 0 0
60800 10 9 0.01 0.124 0.468 0.96 0.553 29 0 39.04 8.56 0 0.74
60800 10 9 0.07 0.051 0.468 0.892 0.986 25 0 34.54 5.54 0 0.82
60800 10 9 0.08 0.011 0.41 0.969 0.528 25 0 41.54 7.7 0 0.74
60800 10 9 0.066 0.46 0.055 0.762 0.956 25 0 34.58 11.38 0 0.72
60800 10 9 0.04 0.408 0.225 0.763 0.246 25 10 51.5 194.46 0 0
60800 10 9 0.065 0.163 0.263 0.808 0.566 41 0 51.1 8.78 0 0.66
60800 10 9 0.017 0.275 0.335 0.965 0.328 33 0 41.76 12.16 0 0.56
60800 10 9 0.04 0.142 0.085 0.999 0.579 33 1 41.58 32.22 0 0.48
60800 10 9 0.034 0.123 0.298 0.759 0.088 26 22 46 151.84 0 0
60800 10 9 0.063 0.479 0.288 0.957 0.241 25 9 35.22 172.9 0 0.04
60800 10 9 0.069 0.099 0.033 0.832 0.322 26 390 30.36 597.26 0 0
60800 10 9 0.099 0.243 0.295 0.929 0.544 25 0 36.82 9.36 0 0.68
60800 10 9 0.086 0.169 0.346 0.951 0.713 25 0 38.28 8.72 0 0.76
60800 10 9 0.114 0.31 0.133 0.792 0.821 25 0 36.14 12.3 0 0.68
60800 10 9 0.023 0.405 0.236 0.827 0.265 25 0 49.46 168.48 0 0.16
60800 10 9 0.008 0.494 0.291 0.883 0.239 34 20 49.68 85.06 0 0
60800 10 9 0.049 0.456 0.348 0.826 0.439 36 0 46.24 24.3 0 0.46
60800 10 9 0.105 0.48 0.103 0.769 0.133 25 471 30.38 711.22 0 0
60800 10 9 0.092 0.118 0.157 0.931 0.411 49 0 56.36 14.48 0 0.52
60800 10 9 0.026 0.314 0.371 0.841 0.887 35 0 45.56 10.26 0 0.74
60800 10 9 0.087 0.083 0.348 0.814 0.508 25 0 33.72 9.98 0 0.76
60800 10 9 0.089 0.303 0.37 0.892 0.826 25 0 38.98 10.36 0 0.76
60800 10 9 0.116 0.494 0.394 0.991 0.193 26 2 45.72 137.42 0 0.34
60800 10 9 0.029 0.372 0.281 0.876 0.564 47 1 53.28 12.2 0 0.64
60800 10 9 0.078 0.355 0.157 0.938 0.916 37 0 44.74 9.8 0 0.68
60800 10 9 0.082 0.398 0.412 0.868 0.445 49 0 55.12 5.82 0 0.82
60800 10 9 0.014 0.349 0.12 0.957 0.641 39 1 44.62 19.94 0 0.54
60800 10 9 0.076 0.325 0.217 0.788 0.278 29 4 48.8 102.9 0 0.14
60800 10 9 0.105 0.11 0.149 0.762 0.59 25 0 34.44 9.28 0 0.78
60800 10 9 0.079 0.037 0.227 0.913 0.3 25 0 37.32 10.36 0 0.78
60800 10 9 0.008 0.016 0.453 0.956 0.274 25 0 38.22 10.72 0 0.68
60800 10 9 0.118 0.261 0.029 0.967 0.658 73 0 84.08 16.72 0 0.32
60800 10 9 0.046 0.2 0.334 0.863 0.865 25 0 34.6 12.12 0 0.76
60800 10 9 0.104 0.329 0.193 0.793 0.697 47 0 59.98 7.64 0 0.62
60800 10 9 0.022 0.167 0.423 0.878 0.461 49 0 53.26 8.58 0 0.78
60800 10 9 0.031 0.265 0.148 0.787 0.082 25 386 37.74 504.6 0 0
60800 10 9 0.091 0.479 0.268 0.904 0.076 25 296 28.3 787.14 0 0
60800 10 9 0.017 0.252 0.061 0.804 0.405 27 1 46.22 104.16 0 0.42
60800 10 9 0.115 0.103 0.089 0.824 0.223 32 69 36.9 167.82 0 0
60800 10 9 0.073 0.075 0.219 0.994 0.615 25 0 37.74 10.06 0 0.74
60800 10 9 0.078 0.309 0.021 0.941 0.451 25 294 34.38 414.74 0 0
60800 10 9 0.079 0.361 0.291 0.832 0.929 25 0 30.06 9.56 0 0.76
60800 10 9 0.04 0.049 0.385 0.769 0.725 26 0 35.4 6.92 0 0.76
60800 10 9 0.05 0.3 0.004 0.945 0.654 30 3 42.3 30.84 0 0.54
60800 10 9 0.035 0.101 0.436 0.856 0.051 30 1 44.54 46.46 0 0.42
60800 10 9 0.11 0.158 0.44 0.988 0.863 25 0 33.4 6.2 0 0.82
60800 10 9 0.019 0.416 0.03 0.874 0.294 25 403 26.56 996.78 0 0
60800 10 9 0.065 0.129 0.16 0.895 0.859 25 0 33.2 9.1 0 0.8
60800 10 9 0.119 0.022 0.247 0.894 0.441 25 0 39.4 9.22 0 0.74
60800 10 9 0.098 0.241 0.451 0.779 0.55 29 0 47.16 7.32 0 0.72
60800 10 9 0.071 0.409 0.462 0.778 0.192 26 1 39.52 93.22 0 0.42
60800 10 9 0.008 0.266 0.393 0.916 0.034 31 10 43.3 157.66 0 0
60800 10 9 0.081 0.09 0.473 0.949 0.156 25 0 36.44 9.48 0 0.74
60800 10 9 0.06 0.329 0.322 0.781 0.368 38 0 46.98 46.18 0 0.3
60800 10 9 0.08 0.044 0.197 0.936 0.965 25 0 34.14 8.44 0 0.7
60800 10 9 0.075 0.351 0.462 0.806 0.867 25 0 39.74 8.06 0 0.72
60800 10 9 0.042 0.359 0.222 0.83 0.502 28 0 45.74 33.6 0 0.48
60800 10 9 0.033 0.413 0.385 0.994 0.263 43 3 53.1 25.5 0 0.44
60800 10 9 0.015 0.202 0.078 0.954 0.664 36 1 49.04 29.36 0 0.32
60800 10 9 0.094 0.176 0.137 0.925 0.429 31 1 42.26 28.86 0 0.64
60800 10 9 0.045 0.255 0.072 0.901 0.997 25 0 39.26 10.04 0 0.68
60800 10 9 0.103 0.156 0.172 0.817 0.559 55 0 64.46 8.94 0 0.58
60800 10 9 0.079 0.054 0.117 0.907 0.344 47 0 52.78 5.44 0 0.72
60800 10 9 0.038 0.344 0.077 0.807 0.215 25 28 37.04 200.98 0 0
60800 10 9 0.043 0.452 0.375 0.785 0.289 30 2 37.86 57.14 0 0.14
60800 10 9 0.114 0.408 0.255 0.831 0.865 25 0 34.24 7.46 0 0.8
60800 10 9 0.072 0.034 0.435 0.802 0.913 25 0 36.84 8.78 0 0.76
60800 10 9 0.117 0.244 0.301 0.808 0.646 25 0 34.54 9.2 0 0.76
60800 10 9 0.042 0.354 0.371 0.927 0.794 25 0 36.68 10.64 0 0.74
60800 10 9 0.021 0.359 0.071 0.77 0.75 25 0 40.76 16.1 0 0.64
60800 10 9 0.099 0.475 0.087 0.986 0.734 45 0 55.98 15.5 0 0.54
60800 10 9 0.068 0.356 0.327 0.979 0.221 30 2 42.96 81.8 0 0.42
60800 10 9 0.002 0.174 0.37 0.803 0.533 26 0 35.8 8.76 0 0.74
60800 10 9 0.103 0.498 0.454 0.774 0.55 25 0 32.68 5.92 0 0.82
60800 10 9 0.084 0.235 0.229 0.829 0.754 25 0 36.8 10.36 0 0.74
60800 10 9 0.062 0.485 0.174 0.885 0.477 25 2 32.74 103.52 0 0.38
60800 10 9 0.098 0.002 0.288 0.924 0.334 25 0 35.28 8.38 0 0.84
60800 10 9 0.072 0.277 0.214 0.843 0.784 25 0 38.28 9 0 0.76
60800 10 9 0.064 0.377 0.333 0.954 0.947 25 0 37.12 4.78 0 0.78
60800 10 9 0.058 0.441 0.388 0.864 0.417 29 1 45.06 19.28 0 0.52
60800 10 9 0.09 0.298 0.23 0.76 0.404 26 0 43.86 45.76 0 0.56
60800 10 9 0.085 0.046 0.381 0.966 0.319 30 0 40.74 6.68 0 0.78
60800 10 9 0.018 0.24 0.383 0.98 0.756 27 0 34.54 7.08 0 0.8
60800 10 9 0.019 0.09 0.416 0.829 0.828 25 0 36.5 6.3 0 0.86
60800 10 9 0.083 0.37 0.024 0.89 0.099 25 939 28 1047.04 0 0
60800 10 9 0.044 0.026 0.362 0.963 0.541 25 0 38.08 8.2 0 0.7
60800 10 9 0.054 0.083 0.072 0.956 0.645 36 0 51.64 12.72 0 0.56
60800 10 9 0.029 0.462 0.495 0.773 0.51 25 0 36.78 8.74 0 0.78
60800 10 9 0.098 0.446 0.429 0.763 0.404 33 0 50.36 21.48 0 0.56
60800 10 9 0.074 0.304 0.341 0.966 0.563 36 0 47.6 11.1 0 0.76
60800 10 9 0.022 0.15 0.167 0.94 0.782 25 0 37.04 7.64 0 0.74
60800 10 9 0.078 0.095 0.358 0.889 0.076 33 3 47.28 59.02 0 0.4
60800 10 9 0.109 0.384 0.253 0.925 0.715 25 0 38.18 9.42 0 0.72
60800 10 9 0.095 0.029 0.493 0.764 0.537 25 0 37.88 9.74 0 0.74
60800 10 9 0.069 0.06 0.075 0.944 0.058 25 304 35.78 539.4 0 0
60800 10 9 0.069 0.391 0.038 0.992 0.637 27 3 36.96 27.36 0 0.66
60800 10 9 0.077 0.492 0.362 0.93 0.304 26 0 40.94 72.04 0 0.58
60800 10 9 0.028 0.133 0.033 0.993 0.514 33 3 48.22 95.9 0 0.2
60800 10 9 0.044 0.167 0.389 0.787 0.469 25 0 38.44 10 0 0.8
60800 10 9 0.041 0.39 0.485 0.901 0.37 26 0 36.98 9.46 0 0.74
60800 10 9 0.088 0.424 0.293 0.947 0.092 25 549 33.74 645.88 0 0
60800 10 9 0.052 0.279 0.495 0.901 0.066 31 1 44.64 86.22 0 0.5
60800 10 9 0.053 0.275 0.477 0.914 0.084 25 3 47.42 147.66 0 0.16
60800 10 9 0.021 0.087 0.131 0.75 0.39 38 1 48.68 10.92 0 0.56
60800 10 9 0.017 0.008 0.304 0.929 0.683 25 1 35.62 6.96 0 0.78
60800 10 9 0.113 0.324 0.357 0.89 0.925 25 0 35.3 8.54 0 0.86
60800 10 9 0.027 0.495 0.478 0.92 0.561 25 0 34.9 9.68 0 0.78
60800 10 9 0.106 0.332 0.129 0.987 0.081 25 524 30.44 725.4 0 0
60800 10 9 0.073 0.121 0.493 0.821 0.741 25 0 35.32 10.7 0 0.76
60800 10 9 0.087 0.008 0.111 0.84 0.338 25 1 33.52 11.4 0 0.78
60800 10 9 0.116 0.165 0.042 0.921 0.15 25 624 27.34 762.4 0 0
60800 10 9 0.044 0.344 0.386 0.982 0.265 39 1 49.22 38.6 0 0.4
60800 10 9 0.056 0.222 0.08 0.802 0.92 25 0 36.46 8.94 0 0.74
60800 10 9 0.003 0.338 0.433 0.893 0.627 25 0 35.58 10.04 0 0.74
60800 10 9 0.058 0.413 0.061 0.858 0.659 50 0 60.38 8.12 0 0.58
60800 10 9 0.032 0.309 0.191 0.991 0.11 25 259 29.48 582.58 0 0
60800 10 9 0.024 0.153 0.406 0.907 0.153 37 0 47.3 33.2 0 0.48
60800 10 9 0.047 0.347 0.096 0.944 0.853 25 0 32.38 7.2 0 0.78
60800 10 1 0.015 0.15 0.288 0.791 0.691 80 0 97.72 10.82 0 0.66
60800 10 1 0.085 0.305 0.153 0.964 0.838 82 2 105.9 13.34 0.38 0.6
60800 10 1 0.099 0.186 0.075 0.907 0.744 92 1 100.26 17.46 0 0.26
60800 10 1 0.031 0.432 0.198 0.905 0.018 25 841 26.92 1059.28 0 0
60800 10 1 0.046 0.465 0.105 0.823 0.49 25 70 31.34 240.76 0 0
60800 10 1 0.018 0.354 0.334 0.885 0.465 74 1 84.22 18.48 0 0.46
60800 10 1 0.118 0.462 0.409 0.816 0.502 78 0 98.88 15.12 0 0.5
60800 10 1 0.115 0.386 0.471 0.923 0.436 84 1 93.52 14.24 0 0.58
60800 10 1 0.113 0.368 0.318 0.94 0.729 90 1 98.3 11.86 0 0.54
60800 10 1 0.02 0.218 0.369 0.855 0.029 26 29 43.62 237.8 0 0
60800 10 1 0.016 0.461 0.159 0.766 0.362 25 4 38.08 130.62 0 0.12
60800 10 1 0.009 0.143 0.464 0.913 0.214 58 0 79.6 19.36 0 0.5
60800 10 1 0.109 0.061 0.068 0.912 0.254 45 3 59.2 61.5 0 0.1
60800 10 1 0.04 0.291 0.365 0.834 0.614 86 1 95.28 11.84 0 0.54
60800 10 1 0.07 0.087 0.049 0.776 0.266 25 508 27.98 647.8 0 0
60800 10 1 0.105 0.204 0.109 0.945 0.709 82 1 95.14 14.58 0 0.52
60800 10 1 0.046 0.432 0.365 0.931 0.966 97 2 110.54 10.58 0.36 0.56
60800 10 1 0.062 0.029 0.376 0.943 0.225 91 1 103.92 10.84 0.16 0.62
60800 10 1 0.084 0.345 0.263 0.884 0.433 49 1 67.38 27 0 0.64
60800 10 1 0.078 0.209 0.033 0.903 0.744 76 1 94.8 17.56 0 0.62
60800 10 1 0.101 0.49 0.397 0.856 0.584 98 0 115.8 5.42 0.78 0.84
60800 10 1 0.012 0.331 0.5 0.856 0.899 72 3 92.22 11.02 0 0.64
60800 10 1 0.104 0.3 0.007 0.862 0.636 37 6 44.26 57.02 0 0.04
60800 10 1 0.041 0.295 0.124 0.782 0.003 25 952 26.54 1118.2 0 0
60800 10 1 0.082 0.025 0.104 0.907 0.436 77 1 98 10.58 0 0.64
60800 10 1 0.003 0.162 0.328 0.958 0.06 27 3 37.52 137.34 0 0.16
60800 10 1 0.086 0.463 0.309 0.84 0.475 50 0 69.14 26.72 0 0.44
60800 10 1 0.093 0.223 0.346 0.791 0.177 28 4 40.92 129.52 0 0.1
60800 10 1 0.09 0.458 0.024 0.959 0.912 150 0 150 0 1 1
60800 10 1 0.081 0.164 0.409 0.946 0.567 71 0 92.86 13.42 0 0.8
60800 10 1 0.112 0.38 0.447 0.809 0.4 88 0 99.64 13.44 0 0.52
60800 10 1 0.023 0.166 0.014 0.786 0.489 25 520 28.7 839.04 0 0
60800 10 1 0.002 0.356 0.215 0.877 0.799 82 1 103.64 8.02 0.28 0.76
60800 10 1 0.087 0.168 0.077 0.972 0.448 29 9 37.48 148.84 0 0.12
60800 10 1 0.088 0.389 0.328 0.851 0.496 81 1 88.8 15.04 0 0.4
60800 10 1 0.12 0.354 0.177 0.905 0.894 71 4 98.42 15.18 0.02 0.58
60800 10 1 0.119 0.32 0.177 0.823 0.201 25 487 26.72 787.84 0 0
60800 10 1 0.09 0.314 0.007 0.888 0.678 56 1 74.06 24.5 0 0.36
60800 10 1 0.007 0.181 0.466 0.861 0.825 84 2 106.7 16.14 0.46 0.64
60800 10 9 0.057 0.077 0.302 0.926 0.578 25 0 35.18 8.94 0 0.78
60800 10 9 0.045 0.368 0.171 0.775 0.759 25 0 36.48 11.96 0 0.72
60800 10 9 0.098 0.486 0.38 0.868 0.536 43 0 47.34 11.44 0 0.64
60800 10 9 0.115 0.329 0.349 0.984 0.122 28 79 39.64 219.5 0 0
60800 10 9 0.045 0.013 0.221 0.874 0.157 25 0 37.2 7.96 0 0.74
60800 10 9 0.013 0.417 0.428 0.995 0.51 25 0 35.7 10.84 0 0.68
60800 10 9 0.05 0.104 0.474 0.794 0.059 38 0 46.94 43.66 0 0.36
60800 10 9 0.017 0.466 0.071 0.813 0.165 25 970 26.3 1017.9 0 0
60800 10 9 0.118 0.443 0.382 0.979 0.24 28 3 43.38 38.4 0 0.56
60800 10 9 0.106 0.05 0.363 0.923 0.422 25 0 34.48 8.64 0 0.8
60800 10 9 0.081 0.206 0.15 0.949 0.53 35 2 41.82 19.5 0 0.46
60800 10 9 0.003 0.062 0.249 0.79 0.555 25 0 37.98 8.04 0 0.78
60800 10 9 0.03 0.02 0.239 0.92 0.98 25 0 36.54 11.36 0 0.8
60800 10 9 0.022 0.431 0.481 0.854 0.27 26 1 33.36 18.6 0 0.78
60800 10 9 0.105 0.215 0.21 0.884 0.874 25 0 38.26 9.72 0 0.74
60800 10 9 0.115 0.161 0.499 0.804 0.857 25 0 33.18 7.42 0 0.72
60800 10 9 0.095 0.14 0.152 0.93 0.734 25 0 40.64 9.48 0 0.7
60800 10 9 0.094 0.045 0.276 0.996 0.541 25 1 35 10.36 0 0.72
60800 10 9 0.097 0.479 0.314 0.819 0.916 25 0 39.66 9.42 0 0.7
60800 10 9 0.09 0.192 0.11 0.981 0.674 55 0 60.86 10.36 0 0.62
60800 10 9 0.077 0.055 0.237 0.827 0.792 25 0 34.52 10.24 0 0.78
60800 10 9 0.073 0.275 0.029 0.94 0.919 27 1 41.3 9.32 0 0.64
60800 10 9 0.029 0.36 0.2 0.761 0.109 30 2 48.66 85.04 0 0.24
60800 10 9 0.052 0.352 0.127 0.856 0.672 30 1 39.94 12.7 0 0.72
60800 10 9 0.023 0.11 0.398 0.857 0.982 25 1 36.36 11.1 0 0.74
60800 10 9 0.008 0.309 0.448 0.95 0.47 25 0 36.3 11.9 0 0.72
60800 10 9 0.101 0.394 0.263 0.945 0.242 27 3 38.8 178.34 0 0.2
60800 10 9 0.084 0.163 0.057 0.911 0.88 25 0 35.06 9.76 0 0.76
60800 10 9 0.055 0.453 0.131 0.79 0.084 25 900 26.28 956.68 0 0
60800 10 9 0.034 0.273 0.444 0.782 0.524 25 0 33.06 10.76 0 0.78
60800 10 9 0.039 0.354 0.371 0.816 0.181 27 1 55.46 72.2 0 0.58
60800 10 9 0.009 0.481 0.24 0.805 0.466 56 1 64.38 32.34 0 0.24
60800 10 9 0.029 0.119 0.183 0.843 0.409 28 0 38.76 19.18 0 0.76
60800 10 9 0.073 0.498 0.249 0.874 0.025 25 422 27.66 864.86 0 0
60800 10 9 0.037 0.442 0.025 0.78 0.382 25 256 33.58 545.7 0 0
60800 10 9 0.067 0.428 0.477 0.977 0.973 25 0 34.12 10.08 0 0.8
60800 10 9 0.075 0.119 0.422 0.854 0.075 30 1 42.62 49.22 0 0.4
60800 10 9 0.118 0.294 0.188 0.963 0.248 29 78 37.92 252.64 0 0
60800 10 9 0.092 0.159 0.489 0.864 0.834 25 0 35.04 5.24 0 0.8
60800 10 9 0.096 0.009 0.031 0.902 0.16 25 1 34.96 10.76 0 0.72
60800 10 9 0.023 0.243 0.067 0.832 0.479 26 14 39.36 185.1 0 0
60800 10 9 0.063 0.178 0.042 0.846 0.539 28 20 36.84 94.74 0 0
60800 10 9 0.059 0.154 0.238 0.991 0.133 44 16 57.62 96.68 0 0
60800 10 9 0.085 0.021 0.39 0.784 0.218 25 0 33.8 10.14 0 0.78
60800 10 9 0.043 0.246 0.214 0.844 0.528 51 0 61.46 12.24 0 0.52
60800 10 9 0.106 0.397 0.462 0.893 0.009 25 132 38.76 365.38 0 0
60800 10 9 0.116 0.43 0.499 0.973 0.862 25 1 34.58 9.28 0 0.76
60800 10 9 0.077 0.181 0.033 0.816 0.981 25 0 35.5 9.06 0 0.76
60800 10 9 0.081 0.046 0.283 0.874 0.573 25 1 36.22 4.66 0 0.88
60800 10 9 0.086 0.069 0.376 0.811 0.638 25 0 37.14 9.18 0 0.72
60800 10 9 0.013 0.047 0.162 0.942 0.125 41 3 48.72 53.46 0 0.3
60800 10 9 0.11 0.318 0.217 0.83 0.062 25 792 26.16 1016 0 0
60800 10 9 0.073 0.26 0.167 0.995 0.282 30 3 49.4 138.6 0 0.14
60800 10 9 0.06 0.328 0.048 0.796 0.045 25 860 26.28 1048.74 0 0
60800 10 9 0.062 0.059 0.031 0.754 0.097 25 1010 26.26 1053.86 0 0
60800 10 9 0.026 0.263 0.096 0.998 0.822 27 0 40.06 11.34 0 0.7
60800 10 9 0.043 0.279 0.384 0.988 0.465 32 0 41.76 6.22 0 0.84
60800 10 9 0.041 0.19 0.203 0.805 0.769 25 0 35.62 9.26 0 0.74
60800 10 9 0.114 0.357 0.36 0.921 0.432 25 1 39.7 18.74 0 0.8
60800 10 9 0.014 0.103 0.465 0.908 0.826 36 0 43.88 6.86 0 0.74
60800 10 9 0.044 0.473 0.304 0.989 0.818 43 0 50.4 7.6 0 0.72
60800 10 9 0.052 0.079 0.368 0.878 0.231 25 0 35.42 8.28 0 0.76
60800 10 9 0.016 0.176 0.189 0.935 0.732 25 0 41.38 12.7 0 0.72
60800 10 9 0.102 0.395 0.113 0.886 0.62 27 3 43.3 29.38 0 0.48
60800 10 9 0.109 0.42 0.039 0.943 0.998 25 0 35.8 11.58 0 0.74
60800 10 9 0.043 0.166 0.111 0.989 0.961 25 0 33.74 9.96 0 0.7
60800 10 9 0.08 0.255 0.249 0.752 0.83 25 0 33.22 3.64 0 0.9
60800 10 9 0.003 0.386 0.412 0.794 0.492 25 0 38.28 13.16 0 0.66
60800 10 9 0.051 0.29 0.286 0.968 0.245 27 1 43.38 101.24 0 0.18
60800 10 9 0.029 0.111 0.227 0.918 0.007 25 817 26.46 963.68 0 0
60800 10 9 0.042 0.004 0.414 0.994 0.01 25 0 39.34 5.88 0 0.8
60800 10 9 0.011 0.446 0.265 0.852 0.268 34 5 42.96 79.28 0 0.06
60800 10 9 0.112 0.439 0.114 0.803 0.318 25 166 28.8 701.34 0 0
60800 10 9 0.109 0.215 0.102 0.886 0.769 25 0 37.82 12.2 0 0.72
60800 10 9 0.102 0.038 0.353 0.909 0.152 25 0 37.22 4.7 0 0.82
60800 10 9 0.063 0.425 0.418 0.835 0.493 27 0 36.82 10.48 0 0.8
60800 10 9 0.054 0.062 0.457 0.909 0.338 27 1 35.16 7.54 0 0.78
60800 10 9 0.074 0.035 0.178 0.932 0.187 25 0 35.3 10.46 0 0.66
60800 10 9 0.107 0.29 0.085 0.992 0.647 28 0 38.68 7.88 0 0.7
60800 10 9 0.09 0.487 0.358 0.923 0.313 29 4 50.8 74.92 0 0.28
60800 10 9 0.018 0.168 0.289 0.925 0.225 30 0 39.86 28.34 0 0.7
60800 10 9 0.115 0.297 0.133 0.83 0.057 25 208 37.38 516.84 0 0
60800 10 9 0.081 0.261 0.141 0.984 0.215 25 41 37.62 370.3 0 0
60800 10 9 0.017 0.146 0.399 0.768 0.606 25 0 35.32 9.6 0 0.7
60800 10 9 0.076 0.458 0.382 0.938 0.225 37 3 47.68 67.14 0 0.28
60800 10 9 0.111 0.432 0.007 0.989 0.929 25 0 36.96 10.08 0 0.7
60800 10 9 0.109 0.363 0.025 0.875 0.979 25 0 35.04 8.14 0 0.72
60800 10 9 0.048 0.06 0.012 0.774 0.256 27 281 45.82 403.46 0 0
60800 10 9 0.018 0.111 0.068 0.859 0.06 25 768 26.86 960.42 0 0
60800 10 9 0.028 0.461 0.169 0.926 0.543 25 1 35.64 12.96 0 0.78
60800 10 9 0.024 0.066 0.201 0.93 0.647 41 0 50.92 7.66 0 0.7
60800 10 9 0.07 0.377 0.251 0.898 0.787 55 1 59.52 10 0 0.72
60800 10 9 0.036 0.121 0.01 0.837 0.463 25 442 28.22 717.24 0 0
60800 10 9 0.06 0.398 0.247 0.907 0.03 25 918 26.34 962.92 0 0
60800 10 9 0.083 0.389 0.064 0.939 0.318 25 747 32.26 867.56 0 0
60800 10 9 0.023 0.369 0.333 0.889 0.239 26 2 47.94 84.9 0 0.54
60800 10 9 0.097 0.062 0.336 0.807 0.34 25 0 36.34 9.98 0 0.74
60800 10 9 0.023 0.448 0.359 0.993 0.501 28 0 37.66 14.5 0 0.6
60800 10 9 0.113 0.011 0.272 0.812 0.328 25 0 35.6 4.46 0 0.88
60800 10 9 0.023 0.317 0.179 0.79 0.273 28 3 50.32 78.94 0 0.16
60800 10 9 0.095 0.309 0.039 0.83 0.539 25 20 41.88 135.08 0 0
60800 10 9 0.095 0.174 0.241 0.984 0.691 25 0 33.38 8.14 0 0.78
60800 10 9 0.1 0.006 0.027 0.807 0.672 25 0 40.74 8.1 0 0.76
60800 10 9 0.009 0.286 0.21 0.99 0.982 29 0 36.86 6.86 0 0.74
60800 10 9 0.09 0.214 0.257 0.869 0.771 25 0 35.66 6.5 0 0.76
60800 10 9 0.039 0.113 0.052 0.858 0.567 30 1 46 45.04 0 0.4
60800 10 9 0.036 0.373 0.45 0.796 0.24 49 1 61.16 29.22 0 0.16
60800 10 9 0.067 0.483 0.34 0.793 0.097 26 272 34.62 430.62 0 0
60800 10 9 0.076 0.232 0.451 0.934 0.66 25 0 34.86 6.76 0 0.86
60800 10 9 0.108 0.442 0.034 0.973 0.009 25 1041 26.1 1136.74 0 0
60800 10 9 0.018 0.336 0.214 0.807 0.898 25 0 33.02 8.38 0 0.68
60800 10 9 0.1 0.257 0.203 0.828 0.421 42 0 50.88 30.6 0 0.46
60800 10 9 0.02 0.144 0.365 0.757 0.716 25 0 36.26 8.52 0 0.72
60800 10 9 0.048 0.286 0.096 0.789 0.539 32 1 59.46 40.64 0 0.58
60800 10 9 0.062 0.063 0.215 0.96 0.116 28 2 40.82 67.92 0 0.18
60800 10 9 0.004 0.215 0.154 0.905 0.595 49 1 57.56 15.12 0 0.54
60800 10 9 0.028 0.342 0.049 0.813 0.287 25 228 29.04 690.44 0 0
60800 10 9 0.106 0.12 0.114 0.784 0.785 25 0 37.1 6.74 0 0.8
60800 10 9 0.038 0.157 0.272 0.831 0.182 26 0 39.64 20.7 0 0.62
60800 10 9 0.035 0.381 0.247 0.994 0.146 35 40 44 137.48 0 0
60800 10 9 0.108 0.156 0.497 0.936 0.484 25 0 37.92 10.92 0 0.78
60800 10 9 0.052 0.219 0.488 0.908 0.628 25 0 33.86 9.28 0 0.76
60800 10 9 0.052 0.207 0.31 0.869 0.599 25 0 35.04 11.22 0 0.76
60800 10 9 0.025 0.372 0.476 0.835 0.766 25 1 34.72 10.72 0 0.76
60800 10 9 0.007 0.133 0.354 0.924 0.921 25 0 33.68 8.96 0 0.8
60800 10 9 0.018 0.153 0.039 0.852 0.373 25 171 32.54 283.76 0 0
60800 10 9 0.029 0.24 0.463 0.892 0.261 25 0 36.32 21.46 0 0.76
60800 10 9 0.086 0.481 0.417 0.788 0.579 37 0 42.76 6.66 0 0.8
60800 10 9 0.114 0.386 0.385 0.833 0.168 46 9 57.38 119.12 0 0.02
60800 10 9 0.01 0.129 0.215 0.752 0.148 26 2 46.44 106.26 0 0.4
60800 10 9 0.048 0.21 0.307 0.897 0.545 29 0 45.8 5.86 0 0.74
60800 10 9 0.092 0.202 0.391 0.876 0.577 25 0 36 8.28 0 0.74
60800 10 9 0.079 0.117 0.005 0.869 0.327 25 607 32.1 743.76 0 0
60800 10 9 0.003 0.319 0.476 0.977 0.147 32 1 45.56 56.4 0 0.54
60800 10 9 0.09 0.322 0.381 0.988 0.176 27 21 41.58 119.32 0 0
60800 10 9 0.044 0.119 0.273 0.844 0.747 25 0 35.14 9.8 0 0.72
60800 10 9 0.02 0.078 0.47 0.977 0.787 25 0 37.24 8.44 0 0.8
60800 10 9 0.021 0.196 0.079 0.869 0.784 25 2 38.32 15.72 0 0.68
60800 10 9 0.103 0.472 0.434 0.825 0.247 48 1 62 36.6 0 0.3
60800 10 9 0.101 0.361 0.332 0.907 0.635 29 0 44.9 7.84 0 0.68
60800 10 9 0.019 0.07 0.194 0.807 0.329 25 0 35.82 20.38 0 0.56
60800 10 9 0.081 0.068 0.447 0.911 0.926 25 0 35.3 8.14 0 0.84
60800 10 9 0.011 0.355 0.026 0.768 0.503 25 5 51.68 187.24 0 0.42
60800 10 9 0.035 0.059 0.218 0.815 0.299 25 0 35.52 4.5 0 0.86
60800 10 9 0.114 0.224 0.253 0.996 0.963 26 0 35.82 4.96 0 0.84
60800 10 9 0.104 0.351 0.486 0.764 0.851 25 0 38.36 9.78 0 0.64
60800 10 9 0.049 0.048 0.48 0.854 0.321 25 0 34.06 9.56 0 0.82
60800 10 9 0.038 0.118 0.324 0.877 0.423 25 0 34.82 8.82 0 0.68
60800 10 9 0.061 0.154 0.361 0.757 0.093 31 9 38.3 125 0 0.04
60800 10 9 0.074 0.434 0.283 0.934 0.107 25 166 33 422.96 0 0
60800 10 9 0.102 0.375 0.424 0.981 0.458 32 0 43.52 10.94 0 0.66
60800 10 9 0.016 0.458 0.042 0.987 0.466 25 260 27.94 547.72 0 0
60800 10 9 0.05 0.419 0.436 0.814 0.368 51 0 60.64 9.98 0 0.52
60800 10 9 0.091 0.124 0.457 0.873 0.954 25 0 34.74 7.68 0 0.76
60800 10 9 0.098 0.484 0.437 0.797 0.012 25 918 26.2 985.4 0 0
60800 10 9 0.018 0.479 0.271 0.776 0.017 25 418 30.5 676.64 0 0
60800 10 9 0.036 0.314 0.388 0.878 0.334 40 1 47.32 19.68 0 0.6
60800 10 9 0.09 0.31 0.376 0.941 0.209 30 4 45.18 90.28 0 0.24
60800 10 9 0.096 0.413 0.397 0.886 0.97 25 1 33.72 6.52 0 0.88
60800 10 9 0.066 0.004 0.477 0.809 0.736 25 0 33.82 8.54 0 0.72
60800 10 9 0.078 0.388 0.249 0.774 0.793 25 0 37.44 8.64 0 0.74
60800 10 9 0.023 0.413 0.068 0.912 0.713 28 0 36.62 8.98 0 0.76
60800 10 9 0.065 0.439 0.122 0.96 0.934 54 0 60.36 5.7 0 0.78
60800 10 9 0.016 0.236 0.202 0.766 0.327 26 2 36.98 77.38 0 0.64
60800 10 9 0.081 0.067 0.281 0.979 0.548 25 0 34.98 8.86 0 0.74
60800 10 9 0.077 0.071 0.457 0.94 0.13 25 0 34.54 5.04 0 0.86
60800 10 9 0.027 0.45 0.021 0.799 0.58 34 25 51.4 143.04 0 0
60800 10 9 0.016 0.344 0.289 0.98 0.243 37 26 46.06 84.2 0 0
60800 10 9 0.063 0.227 0.199 0.915 0.43 26 0 39.88 24.1 0 0.66
60800 10 9 0.08 0.118 0.346 0.942 0.61 25 0 34.94 8.98 0 0.76
60800 10 9 0.002 0.11 0.151 0.869 0.229 39 8 50.88 62.88 0 0.02
60800 10 9 0.025 0.02 0.478 0.828 0.451 25 0 37.94 6.44 0 0.82
60800 10 9 0.018 0.35 0.389 0.934 0.643 25 1 37.82 12.44 0 0.72
60800 10 9 0.033 0.494 0.473 0.847 0.81 25 0 37.82 4.78 0 0.86
60800 10 9 0.086 0.217 0.23 0.83 0.006 25 653 27.22 950.04 0 0
60800 10 9 0.078 0.369 0.212 0.884 0.36 47 4 58.58 104.66 0 0.28
60800 10 9 0.034 0.046 0.092 0.891 0.612 25 0 36.9 10.04 0 0.76
60800 10 9 0.09 0.086 0.21 0.942 0.928 25 0 32.56 9.36 0 0.72
60800 10 9 0.041 0.126 0.083 0.768 0.572 29 0 41.64 28.18 0 0.54
60800 10 9 0.071 0.147 0.045 0.786 0.483 26 2 37.08 113.2 0 0.4
60800 10 9 0.093 0.456 0.442 0.966 0.405 25 0 38 16.62 0 0.52
60800 10 9 0.11 0.084 0.267 0.853 0.57 25 1 32.06 12.14 0 0.76
60800 10 9 0.023 0.146 0.282 0.966 0.947 28 0 40.98 5.68 0 0.74
60800 10 9 0.067 0.194 0.09 0.795 0.034 26 31 50.94 260.84 0 0
60800 10 9 0.017 0.391 0.06 0.96 0.984 26 0 34.54 8.94 0 0.84
60800 10 9 0.018 0.331 0.087 0.822 0.17 27 70 41.18 344.44 0 0
60800 10 9 0.107 0.447 0.176 0.908 0.782 25 0 36.76 8.42 0 0.7
60800 10 9 0.099 0.313 0.491 0.854 0.8 25 0 40.34 6.54 0 0.76
60800 10 9 0.119 0.399 0.11 0.997 0.822 25 1 47.46 9.4 0 0.62
60800 10 9 0.039 0.35 0.138 0.772 0.107 25 318 37.52 524.68 0 0
60800 10 9 0.07 0.124 0.194 0.834 0.732 25 0 32.72 7.52 0 0.84
60800 10 9 0.005 0.424 0.27 0.962 0.938 25 0 36.06 10.18 0 0.72
60800 10 9 0.019 0.287 0.418 0.897 0.074 25 2 37.62 143.02 0 0.34
60800 10 9 0.035 0.153 0.111 0.853 0.617 29 0 39.4 23.08 0 0.56
60800 10 9 0.101 0.047 0.258 0.93 0.585 25 0 35.1 7.6 0 0.84
60800 10 9 0.077 0.056 0.263 0.855 0.981 25 1 36.38 11.12 0 0.72
60800 10 9 0.02 0.403 0.422 0.865 0.872 25 0 40.68 9.54 0 0.74
60800 10 9 0.022 0.143 0.457 0.999 0.765 25 1 36.16 7.4 0 0.82
60800 10 9 0.086 0.443 0.091 0.925 0.485 25 111 36.52 233.42 0 0
60800 10 9 0.044 0.205 0.275 0.826 0.86 32 0 40.84 6.72 0 0.76
60800 10 9 0.039 0.132 0.211 0.803 0.801 25 0 35.9 6.1 0 0.78
60800 10 9 0.059 0.229 0.47 0.975 0.473 25 0 33.18 9.62 0 0.76
60800 10 9 0.084 0.315 0.491 0.877 0.872 25 0 39.58 7.02 0 0.76
60800 10 9 0.039 0.192 0.286 0.906 0.094 25 4 40.62 118.52 0 0.58
60800 10 9 0.076 0.253 0.114 0.964 0.859 25 0 38.34 9.58 0 0.76
60800 10 9 0.086 0.183 0.035 0.968 0.49 25 182 31.3 311.54 0 0
60800 10 9 0.052 0.195 0.334 0.971 0.965 25 0 33.08 9.68 0 0.72
60800 10 9 0.097 0.344 0.278 0.901 0.044 25 482 28.64 802.88 0 0
60800 10 9 0.085 0.008 0.479 0.877 0.719 25 0 33.14 7.28 0 0.78
60800 10 9 0.015 0.077 0.136 0.805 0.572 25 0 34.88 8.94 0 0.72
60800 10 9 0.087 0.213 0.237 0.828 0.87 25 1 36.38 11.88 0 0.7
60800 10 9 0.021 0.365 0.079 0.887 0.202 25 406 28.22 642.58 0 0
60800 10 9 0.099 0.194 0.084 0.926 0.858 25 0 37.54 8.36 0 0.68
60800 10 9 0.084 0.128 0.092 0.768 0.733 25 0 38.6 9.7 0 0.68
60800 10 9 0.081 0.406 0.014 0.848 0.182 25 649 32.3 749.74 0 0
60800 10 9 0.112 0.086 0.419 0.846 0.259 25 0 33.34 5.24 0 0.84
60800 10 9 0.061 0.067 0.271 0.861 0.587 25 1 37.06 10.7 0 0.76
60800 10 9 0.05 0.226 0.499 0.757 0.211 28 2 48.54 27.76 0 0.58
60800 10 9 0.052 0.351 0.485 0.879 0.444 48 0 55.26 5.84 0 0.74
60800 10 9 0.044 0.373 0.248 0.828 0.679 32 1 46.62 8.88 0 0.72
60800 10 9 0.06 0.268 0.224 0.818 0.94 25 0 36.88 7.66 0 0.76
60800 10 9 0.082 0.415 0.337 0.881 0.199 29 3 42.48 160.98 0 0.18
60800 10 9 0.083 0.423 0.319 0.894 0.774 28 0 39.54 6.66 0 0.74
60800 10 9 0.048 0.203 0.126 0.845 0.504 26 1 43.14 20.82 0 0.62
60800 10 9 0.039 0.079 0.41 0.986 0.181 25 0 33.2 6.02 0 0.78
60800 10 9 0.075 0.402 0.466 0.996 0.103 25 17 37.32 225.88 0 0
60800 10 9 0.021 0.381 0.07 0.914 0.074 25 1021 26.18 1102.94 0 0
60800 10 9 0.007 0.133 0.172 0.913 0.63 25 0 38.06 14.84 0 0.66
60800 10 9 0.025 0.459 0.145 0.915 0.685 25 0 37.24 17.88 0 0.68
60800 10 9 0.036 0.143 0.035 0.818 0.477 27 18 44.56 107.42 0 0
60800 10 9 0.026 0.336 0.205 0.962 0.024 29 31 41.42 321.04 0 0
60800 10 9 0.007 0.485 0.413 0.973 0.468 31 0 41.92 11.06 0 0.64
60800 10 9 0.076 0.38 0.097 0.953 0.651 30 0 37.04 13.54 0 0.76
60800 10 9 0.043 0.336 0.116 0.797 0.651 26 0 42.08 28.04 0 0.6
60800 10 9 0.054 0.484 0.456 0.825 0.78 31 0 48.14 5.56 0 0.8
60800 10 9 0.02 0.18 0.191 0.78 0.171 29 4 43.84 128.58 0 0.26
60800 10 9 0.107 0.096 0.424 0.84 0.727 25 0 37.22 7.9 0 0.74
60800 10 9 0.037 0.119 0.294 0.843 0.263 39 0 45.52 20.48 0 0.72
60800 10 9 0.062 0.275 0.365 0.851 0.041 25 15 30.66 468.56 0 0
60800 10 9 0.021 0.191 0.49 0.944 0.575 26 0 41.04 8.28 0 0.72
60800 10 9 0.045 0.173 0.214 0.904 0.575 27 0 43.7 6.62 0 0.86
60800 10 9 0.098 0.034 0.129 0.911 0.67 25 0 34.86 6.86 0 0.82
60800 10 9 0.061 0.279 0.28 0.776 0.912 25 0 38.02 9.26 0 0.78
60800 10 9 0.061 0.236 0.283 0.906 0.326 32 1 53.54 21.14 0 0.4
60800 10 9 0.097 0.041 0.433 0.879 0.879 25 0 35 5.04 0 0.88
60800 10 9 0.106 0.271 0.02 0.806 0.413 25 620 30.2 680.54 0 0
60800 10 9 0.023 0.032 0.077 0.899 0.253 31 0 43.64 31.2 0 0.36
60800 10 9 0.05 0.115 0.267 0.846 0.584 25 0 34.64 9.84 0 0.76
60800 10 9 0.023 0.394 0.372 0.752 0.861 25 0 35.74 9.84 0 0.7
60800 10 9 0.056 0.326 0.37 0.918 0.815 25 0 34.72 10.28 0 0.78
60800 10 9 0.106 0.049 0.197 0.761 0.888 26 0 33.78 6.76 0 0.72
60800 10 9 0.008 0.073 0.219 0.864 0.427 25 1 36.94 11.08 0 0.74
60800 10 9 0.081 0.442 0.437 0.933 0.377 25 0 39.06 8.48 0 0.68
60800 10 9 0.016 0.158 0.067 0.92 0.682 39 1 52.98 23.78 0 0.48
60800 10 9 0.023 0.158 0.182 0.779 0.326 32 1 42.78 55.94 0 0.1
60800 10 9 0.081 0.228 0.321 0.944 0.615 25 0 37.68 8.88 0 0.74
60800 10 9 0.044 0.212 0.383 0.908 0.772 26 0 37.82 6.46 0 0.84
60800 10 9 0.022 0.456 0.285 0.776 0.838 25 0 37.26 11.12 0 0.74
60800 10 9 0.013 0.394 0.079 0.823 0.174 25 988 26.46 1021.9 0 0
60800 10 9 0.105 0.368 0.021 0.881 0.821 35 0 46.54 9.6 0 0.58
60800 10 9 0.093 0.209 0.405 0.792 0.531 28 0 38.38 6.94 0 0.72
60800 10 9 0.099 0.244 0.241 0.765 0.752 25 0 35.48 5.86 0 0.82
60800 10 9 0.067 0.285 0.377 0.856 0.945 25 0 36.74 5.2 0 0.82
60800 10 9 0.022 0.177 0.002 0.809 0.078 25 1071 26.48 1162.66 0 0
60800 10 9 0.082 0.382 0.451 0.921 0.151 26 1 40.06 109.58 0 0.24
60800 10 9 0.079 0.062 0.377 0.812 0.546 25 0 36.72 9.54 0 0.8
60800 10 9 0.06 0.349 0.058 0.758 0.413 25 291 28.7 615.8 0 0
60800 10 9 0.013 0.241 0.028 0.929 0.062 25 1009 26.16 1060.52 0 0
60800 10 9 0.11 0.056 0.099 0.971 0.485 35 1 42.62 7.78 0 0.66
60800 10 9 0.057 0.407 0.187 0.878 0.041 25 580 26.38 850.08 0 0
60800 10 9 0.108 0.004 0.479 0.932 0.027 25 0 35.56 5.3 0 0.8
60800 10 9 0.013 0.106 0.424 0.753 0.161 39 0 47.48 8.44 0 0.68
60800 10 9 0.068 0.283 0.057 0.892 0.163 25 654 28.68 784.38 0 0
60800 10 9 0.053 0.322 0.294 0.802 0.004 25 1015 26.26 1074.98 0 0
60800 10 9 0.02 0.302 0.074 0.891 0.339 32 19 44 187.26 0 0
60800 10 9 0.006 0.428 0.13 0.945 0.588 27 2 47.58 33.78 0 0.6
60800 10 9 0.095 0.417 0.218 0.8 0.179 25 46 32.36 442.2 0 0
60800 10 9 0.033 0.491 0.416 0.878 0.673 25 0 33.54 8.1 0 0.74
60800 10 9 0.05 0.146 0.232 0.928 0.552 47 0 51.2 8.64 0 0.64
60800 10 9 0.034 0.238 0.414 0.784 0.789 27 0 38.68 8.28 0 0.74
60800 10 9 0.027 0.491 0.305 0.753 0.513 39 0 48.62 14.3 0 0.58
60800 10 9 0.032 0.364 0.37 0.754 0.032 25 9 43.5 174.6 0 0.06
60800 10 9 0.057 0.014 0.128 0.753 0.417 25 0 36.8 8.64 0 0.74
60800 10 9 0.113 0.028 0.066 0.787 0.351 25 0 34.22 9.94 0 0.78
60800 10 9 0.087 0.217 0.266 0.931 0.364 35 0 54.04 14.88 0 0.58
60800 10 9 0.089 0.379 0.218 0.786 0.434 27 1 41.1 47.78 0 0.5
60800 10 9 0.04 0.447 0.388 0.959 0.323 28 1 40.56 25.32 0 0.64
60800 10 9 0.092 0.045 0.339 0.806 0.495 25 0 33.92 5.72 0 0.86
60800 10 9 0.053 0.498 0.482 0.784 0.987 34 0 47.44 6.34 0 0.74
60800 10 9 0.002 0.405 0.04 0.759 0.649 27 1 39.14 38.58 0 0.52
60800 10 9 0.077 0.067 0.3 0.868 0.201 25 1 38.88 10.5 0 0.74
60800 10 9 0.101 0.04 0.06 0.998 0.998 25 0 34.62 8.62 0 0.78
60800 10 9 0.093 0.388 0.139 0.949 0.016 25 915 26.62 1110.42 0 0
60800 10 9 0.085 0.369 0.284 0.909 0.501 43 0 52.06 15.22 0 0.56
60800 10 9 0.052 0.454 0.485 0.959 0.963 25 0 38.6 5.68 0 0.82
60800 10 9 0.026 0.279 0.479 0.929 0.467 25 0 38.84 9.12 0 0.7
60800 10 9 0.027 0.13 0.257 0.797 0.811 25 0 33.08 11.48 0 0.76
60800 10 9 0.05 0.432 0.417 0.752 0.055 25 6 45.58 144.58 0 0.22
60800 10 9 0.078 0.012 0.191 0.796 0.402 25 0 34.5 10.6 0 0.72
60800 10 9 0.041 0.19 0.4 0.938 0.545 26 0 35.8 8.36 0 0.76
60800 10 9 0.033 0.349 0.29 0.98 0.919 25 0 34.84 10.48 0 0.76
60800 10 9 0.033 0.07 0.078 0.819 0.183 27 44 40.42 200.76 0 0
60800 10 9 0.023 0.441 0.472 0.901 0.608 25 0 33.4 5.62 0 0.84
60800 10 9 0.104 0.169 0.037 0.841 0.235 25 575 31.66 706.38 0 0
60800 10 9 0.004 0.366 0.081 0.945 0.994 25 0 36.02 8.56 0 0.76
60800 10 9 0.04 0.276 0.034 0.937 0.629 33 2 42.86 48.76 0 0.52
60800 10 9 0.014 0.331 0.363 0.912 0.44 35 1 54.9 21.96 0 0.6
60800 10 9 0.056 0.262 0.47 0.936 0.751 25 0 33.88 9 0 0.76
60800 10 9 0.052 0.131 0.39 0.92 0.841 25 0 38.2 9.38 0 0.74
60800 10 9 0.037 0.098 0.194 0.981 0.103 29 2 42.56 74.68 0 0.26
60800 10 9 0.081 0.045 0.295 0.794 0.277 33 1 42.64 7.62 0 0.7
60800 10 9 0.041 0.143 0.453 0.75 0.837 25 1 35.68 8.12 0 0.74
60800 10 9 0.042 0.322 0.085 0.91 0.213 25 496 30.08 885.8 0 0
60800 10 9 0.077 0.05 0.451 0.938 0.492 25 0 35.58 5.58 0 0.84
60800 10 9 0.057 0.111 0.269 0.941 0.44 25 0 40.94 7.98 0 0.74
60800 10 9 0.083 0.221 0.177 0.972 0.308 29 71 35.3 150.92 0 0
60800 10 9 0.109 0.294 0.158 0.962 0.875 25 0 33.76 6.7 0 0.82
60800 10 9 0.019 0.126 0.443 0.932 0.944 25 0 31.92 7.5 0 0.86
60800 10 9 0.042 0.359 0.405 0.94 0.381 39 0 47.7 3.48 0 0.84
60800 10 9 0.115 0.161 0.021 0.798 0.396 25 220 31.12 444.58 0 0
60800 10 9 0.066 0.442 0.358 0.969 0.378 28 1 50.1 27.7 0 0.34
60800 10 9 0.057 0.194 0.177 0.981 0.542 26 0 44.08 17.78 0 0.54
60800 10 9 0.043 0.101 0.233 0.919 0.911 25 0 35.28 7.02 0 0.78
60800 10 9 0.104 0.466 0.271 0.823 0.743 25 0 34.12 10.24 0 0.74
60800 10 9 0.061 0.336 0.019 0.885 0.004 25 798 30.46 953.44 0 0
60800 10 9 0.002 0.176 0.423 0.958 0.674 25 0 45.04 11.34 0 0.78
60800 10 9 0.113 0.024 0.297 0.989 0.649 30 0 42.76 6.1 0 0.72
60800 10 9 0.031 0.042 0.166 0.878 0.97 25 0 34.32 10.96 0 0.74
60800 10 9 0.118 0.086 0.228 0.859 0.848 25 0 31.8 8.74 0 0.74
60800 10 9 0.006 0.411 0.026 0.776 0.071 25 1068 26.36 1109.66 0 0
60800 10 9 0.069 0.261 0.41 0.836 0.041 25 19 32.86 264.28 0 0
60800 10 9 0.051 0.487 0.459 0.994 0.299 42 0 52.5 33.22 0 0.36
60800 10 9 0.086 0.399 0.01 0.931 0.452 25 479 27.72 824.94 0 0
60800 10 9 0.014 0.232 0.337 0.924 0.122 33 2 47.48 66.72 0 0.2
60800 10 9 0.108 0.446 0.345 0.965 0.552 25 0 39.08 10.82 0 0.66
60800 10 9 0.019 0.383 0.367 0.833 0.51 26 0 41.38 12.82 0 0.58
60800 10 9 0.07 0.361 0.196 0.954 0.982 25 0 34.56 4.88 0 0.86
60800 10 9 0.077 0.255 0.376 0.901 0.636 25 0 34.82 5.62 0 0.86
60800 10 9 0.017 0.225 0.365 0.879 0.295 32 0 40.7 14.72 0 0.56
60800 10 9 0.085 0.003 0.036 0.836 0.127 25 0 34.62 8.66 0 0.74
60800 10 9 0.012 0.356 0.311 0.903 0.25 31 0 46.66 62.3 0 0.42
60800 10 9 0.003 0.471 0.324 0.787 0.867 25 0 34.14 8.82 0 0.76
60800 10 9 0.099 0.313 0.263 0.91 0.627 25 0 40.4 6.46 0 0.78
60800 10 9 0.046 0.222 0.269 0.927 0.445 32 0 52.78 16.56 0 0.54
60800 10 9 0.051 0.447 0.467 0.935 0.717 25 0 33.44 5.94 0 0.84
60800 10 9 0.075 0.424 0.103 0.898 0.553 27 4 45.1 52.2 0 0.4
60800 10 9 0.065 0.179 0.238 0.881 0.558 36 0 43.8 8.64 0 0.76
60800 10 9 0.096 0.483 0.117 0.816 0.726 28 0 44.9 14.88 0 0.64
60800 10 9 0.018 0.136 0.07 0.881 0.929 25 0 32.24 10.14 0 0.76
60800 10 9 0.088 0.133 0.474 0.755 0.252 25 0 39.88 10.06 0 0.7
60800 10 9 0.019 0.072 0.467 0.899 0.822 25 0 40.84 8.64 0 0.72
60800 10 9 0.113 0.482 0.107 0.838 0.725 25 2 37.06 21 0 0.66
60800 10 9 0.116 0.467 0.041 0.905 0.077 25 1106 26.54 1142.3 0 0
60800 10 9 0.087 0.114 0.4 0.853 0.678 25 1 34.84 9.48 0 0.72
60800 10 9 0.022 0.49 0.37 0.798 0.826 25 0 36 10.08 0 0.7
60800 10 9 0.003 0.078 0.228 0.832 0.367 35 0 44.62 11.7 0 0.64
60800 10 9 0.079 0.059 0.173 0.892 0.124 41 10 45.16 43.86 0 0
60800 10 9 0.101 0.042 0.247 0.992 0.713 28 0 42.18 8.4 0 0.7
60800 10 9 0.082 0.387 0.136 0.802 0.255 25 123 40.44 359.24 0 0
60800 10 9 0.089 0.173 0.313 0.977 0.973 25 0 35.52 7.06 0 0.8
60800 10 9 0.081 0.298 0.146 0.866 0.179 25 173 30.22 688.58 0 0
60800 10 9 0.037 0.025 0.342 0.818 0.959 25 0 34.46 9.58 0 0.68
60800 10 9 0.08 0.398 0.481 0.984 0.398 26 1 38.06 12.94 0 0.6
60800 10 9 0.039 0.182 0.264 0.928 0.551 35 0 55.64 12.98 0 0.56
60800 10 9 0.109 0.118 0.106 0.895 0.858 25 0 33.84 3.7 0 0.88
60800 10 9 0.075 0.277 0.334 0.882 0.955 47 1 53.02 6.72 0 0.76
60800 10 9 0.111 0.398 0.276 0.9 0.235 27 85 41.86 209.16 0 0
60800 10 9 0.083 0.017 0.158 0.754 0.127 25 0 38.8 9.6 0 0.68
60800 10 9 0.009 0.033 0.132 0.984 0.393 25 0 34.76 10.12 0 0.66
60800 10 9 0.101 0.137 0.263 0.999 0.167 28 1 46.08 30.8 0 0.24
60800 10 9 0.073 0.065 0.074 0.889 0.679 32 0 39.96 8.42 0 0.78
60800 10 9 0.061 0.307 0.398 0.923 0.162 28 1 40.86 74.38 0 0.46
60800 10 9 0.105 0.261 0.079 0.914 0.804 25 0 34.3 10.8 0 0.76
60800 10 9 0.057 0.115 0.012 0.75 0.372 25 571 27.5 817.86 0 0
60800 10 9 0.099 0.299 0.435 0.981 0.557 25 0 41.22 10.24 0 0.74
60800 10 9 0.112 0.374 0.045 0.828 0.318 28 403 35.58 550.34 0 0
60800 10 9 0.057 0.391 0.342 0.832 0.756 25 0 34.9 9.08 0 0.76
60800 10 9 0.108 0.229 0.081 0.946 0.299 26 113 39.28 268.68 0 0
60800 10 9 0.112 0.318 0.04 0.797 0.339 25 138 39.34 442.18 0 0
60800 10 9 0.002 0.093 0.371 0.873 0.52 25 0 35.28 10.44 0 0.78
60800 10 9 0.081 0.343 0.082 0.808 0.667 30 1 44.76 16.8 0 0.52
60800 10 9 0.062 0.08 0.116 0.961 0.49 28 0 44.44 12.48 0 0.54
60800 10 9 0.034 0.274 0.302 0.971 0.153 29 2 45.1 88.38 0 0.14
60800 10 9 0.077 0.015 0.34 0.882 0.219 25 0 35.04 10.36 0 0.76
60800 10 9 0.006 0.404 0.467 0.996 0.713 25 0 33.34 7.24 0 0.86
60800 10 9 0.108 0.103 0.406 0.913 0.587 25 0 34.38 5.5 0 0.86
60800 10 9 0.07 0.425 0.269 0.781 0.88 25 0 37.42 4.64 0 0.84
60800 10 9 0.063 0.432 0.046 0.821 0.849 28 0 39.86 7.68 0 0.74
60800 10 9 0.115 0.091 0.483 0.766 0.153 25 0 33.96 8.08 0 0.78
60800 10 1 0.087 0.121 0.244 0.805 0.313 82 0 101.9 16.72 0.02 0.52
60800 10 1 0.014 0.27 0.464 0.951 0.823 96 2 114.3 13.54 0.62 0.48
60800 10 1 0.087 0.103 0.173 0.797 0.581 79 0 95.56 11.28 0 0.48
60800 10 1 0.047 0.005 0.316 0.94 0.006 57 5 66.96 43.08 0 0.2
60800 10 1 0.022 0.145 0.374 0.844 0.541 97 0 109.02 11.6 0.38 0.5
60800 10 1 0.005 0.101 0.197 0.823 0.814 100 1 116.04 8.92 0.68 0.66
60800 10 1 0.032 0.061 0.257 0.989 0.522 81 0 97.72 14.54 0.12 0.58
60800 10 1 0.068 0.022 0.179 0.779 0.943 96 0 109.46 8.92 0.32 0.48
60800 10 1 0.047 0.31 0.162 0.884 0.178 25 184 29.3 552.5 0 0
60800 10 1 0.031 0.332 0.016 0.952 0.4 25 968 26.1 1012.5 0 0
60800 10 1 0.026 0.147 0.253 0.981 0.206 31 2 53.5 35.18 0 0.64
60800 10 1 0.078 0.446 0.098 0.853 0.848 94 2 108.5 16.54 0.5 0.32
60800 10 1 0.079 0.264 0.169 0.93 0.851 104 4 117.8 10.96 0.72 0.58
60800 10 1 0.066 0.141 0.032 0.9 0.494 25 348 29.14 403.94 0 0
60800 10 1 0.094 0.469 0.172 0.923 0.041 25 1153 26.26 1220.52 0 0
60800 10 1 0.058 0.16 0.449 0.959 0.556 104 2 109.32 13.1 0.22 0.34
60800 10 1 0.103 0.061 0.159 0.793 0.14 44 3 53.44 69.18 0 0.14
60800 10 1 0.037 0.036 0.191 0.832 0.476 80 2 104.62 15.96 0.38 0.64
60800 10 1 0.095 0.014 0.128 0.936 0.254 98 1 113.78 10.76 0.6 0.68
60800 10 1 0.014 0.333 0.106 0.905 0.878 93 0 108.26 9.98 0.36 0.54
60800 10 1 0.022 0.205 0.226 0.787 0.164 33 98 44.02 150.16 0 0
60800 10 1 0.013 0.19 0.389 0.912 0.837 91 0 101.28 8.58 0 0.54
60800 10 1 0.101 0.185 0.414 0.792 0.403 76 0 96.16 15.84 0.18 0.58
60800 10 1 0.074 0.351 0.325 0.836 0.961 90 0 100.48 11.06 0 0.52
60800 10 1 0.049 0.449 0.337 0.942 0.664 96 0 106.98 14.08 0.28 0.26
60800 10 1 0.105 0.425 0.493 0.833 0.404 90 2 101.44 16.76 0.02 0.34
60800 10 1 0.024 0.33 0.487 0.814 0.065 25 6 37.64 153.94 0 0.06
60800 10 1 0.05 0.45 0.141 0.984 0.996 86 2 104.32 13.7 0.36 0.62
60800 10 1 0.035 0.18 0.119 0.954 0.415 37 6 47.42 61.06 0 0.1
60800 10 1 0.029 0.342 0.023 0.979 0.259 25 384 28.88 857.28 0 0
60800 10 1 0.036 0.077 0.446 0.896 0.433 85 1 102.44 9.86 0 0.48
60800 10 1 0.053 0.105 0.265 0.842 0.535 88 0 107.96 13.28 0.5 0.56
60800 10 1 0.099 0.187 0.336 0.899 0.183 41 4 52.26 54.88 0 0.06
60800 10 1 0.013 0.416 0.375 0.883 0.925 88 1 104.18 6.64 0.16 0.7
60800 10 1 0.066 0.489 0.421 0.842 0.421 68 0 86.2 17.94 0 0.48
60800 10 1 0.069 0.359 0.36 0.952 0.257 25 2 40 89.24 0 0.44
60800 10 1 0.05 0.386 0.23 0.918 0.71 89 0 102.48 11.82 0.08 0.6
60800 10 1 0.109 0.355 0.226 0.945 0.812 95 1 107.74 11.1 0.28 0.6
60800 10 1 0.097 0.124 0.367 0.769 0.414 103 1 109.2 10.08 0.3 0.56
60800 10 9 0.083 0.164 0.142 0.987 0.561 28 0 40.32 12.3 0 0.68
60800 10 9 0.077 0.387 0.093 0.983 0.377 30 63 39 237.2 0 0
60800 10 9 0.03 0.09 0.427 0.845 0.233 25 1 38.34 10.42 0 0.74
60800 10 9 0.097 0.401 0.08 0.956 0.847 41 0 53.16 8.3 0 0.64
60800 10 9 0.11 0.159 0.042 0.824 0.645 47 2 53.1 15.06 0 0.64
60800 10 9 0.028 0.027 0.314 0.952 0.58 26 0 35.36 8.16 0 0.76
60800 10 9 0.006 0.167 0.049 0.869 0.482 30 5 45.02 123 0 0.26
60800 10 9 0.107 0.299 0.043 0.84 0.57 34 5 48.38 61.44 0 0.08
60800 10 9 0.057 0.46 0.341 0.83 0.56 29 0 47.42 13.22 0 0.64
60800 10 9 0.006 0.246 0.259 0.773 0.748 25 0 35.3 8.16 0 0.76
60800 10 9 0.052 0.109 0.059 0.939 0.826 26 0 37.2 10.52 0 0.76
60800 10 9 0.024 0.329 0.232 0.846 0.205 29 1 50.52 107.22 0 0.4
60800 10 9 0.06 0.304 0.283 0.817 0.384 33 2 47.04 32.42 0 0.42
60800 10 9 0.106 0.348 0.391 0.951 0.684 25 0 34.86 9.06 0 0.68
60800 10 9 0.07 0.105 0.4 0.785 0.017 27 131 38.3 309.02 0 0
60800 10 9 0.012 0.38 0.02 0.776 0.546 25 151 39 327.54 0 0
60800 10 9 0.076 0.123 0.058 0.928 0.873 25 1 33.16 12.8 0 0.78
60800 10 9 0.094 0.315 0.428 0.997 0.639 25 0 33.3 5.22 0 0.82
60800 10 9 0.069 0.338 0.038 0.916 0.78 27 1 43.34 17.18 0 0.48
60800 10 9 0.115 0.483 0.332 0.835 0.45 57 2 62.38 12.84 0 0.56
60800 10 9 0.036 0.176 0.248 0.908 0.45 26 0 37.98 15.14 0 0.66
60800 10 9 0.113 0.246 0.201 0.816 0.162 25 516 29.96 606.08 0 0
60800 10 9 0.1 0.202 0.038 0.999 0.463 26 88 39.64 208.46 0 0
60800 10 9 0.042 0.057 0.237 0.988 0.118 54 1 61.26 13.78 0 0.5
60800 10 9 0.115 0.369 0.464 0.814 0.538 25 0 36.94 9.64 0 0.68
60800 10 9 0.065 0.043 0.192 0.764 0.132 26 1 37.04 32.72 0 0.46
60800 10 9 0.018 0.366 0.07 0.83 0.794 25 0 40.48 16.32 0 0.62
60800 10 9 0.039 0.024 0.386 0.795 0.59 25 0 35.58 5.44 0 0.86
60800 10 9 0.078 0.016 0.004 0.984 0.368 25 0 35.06 3.78 0 0.88
60800 10 9 0.06 0.181 0.477 0.819 0.121 35 2 43.98 35.5 0 0.16
60800 10 9 0.029 0.089 0.005 0.974 0.545 25 10 40.88 173.5 0 0
60800 10 9 0.031 0.415 0.343 0.982 0.253 30 1 39.18 64.96 0 0.52
60800 10 9 0.12 0.199 0.423 0.955 0.844 25 0 37.18 8.46 0 0.68
60800 10 9 0.026 0.333 0.326 0.861 0.725 25 0 34.02 10.96 0 0.74
60800 10 9 0.064 0.273 0.432 0.8 0.543 25 0 39.16 7.52 0 0.76
60800 10 9 0.102 0.25 0.348 0.764 0.375 31 1 45.88 11.5 0 0.66
60800 10 9 0.054 0.227 0.277 0.816 0.303 34 1 44.34 44.6 0 0.44
60800 10 9 0.116 0.41 0.237 0.865 0.068 25 894 26.18 951.94 0 0
60800 10 9 0.079 0.285 0.36 0.982 0.14 27 5 38.92 61.58 0 0.4
60800 10 9 0.05 0.294 0.314 0.803 0.794 26 0 35 7.48 0 0.8
60800 10 9 0.097 0.351 0.454 0.965 0.34 43 1 52.36 11.18 0 0.6
60800 10 9 0.068 0.383 0.148 0.909 0.913 25 0 36.04 10.48 0 0.76
60800 10 9 0.052 0.015 0.015 0.852 0.919 25 0 37.64 11 0 0.8
60800 10 9 0.07 0.166 0.425 0.852 0.837 25 0 33.74 10.2 0 0.68
60800 10 9 0.066 0.295 0.221 0.903 0.162 27 5 46.12 210.48 0 0.12
60800 10 9 0.1 0.488 0.142 0.995 0.041 25 938 26.1 1141.96 0 0
60800 10 9 0.075 0.348 0.382 0.787 0.308 45 2 50.4 20.4 0 0.52
60800 10 9 0.048 0.442 0.456 0.819 0.651 25 0 42.76 10.14 0 0.64
60800 10 9 0.073 0.222 0.323 0.882 0.998 25 0 34.3 11.02 0 0.7
60800 10 9 0.011 0.259 0.341 0.98 0.326 37 1 42.8 22.56 0 0.44
60800 10 9 0.016 0.066 0.41 0.903 0.817 25 0 39.14 12.56 0 0.68
60800 10 9 0.018 0.239 0.439 0.8 0.506 25 1 35.84 5.66 0 0.88
60800 10 9 0.065 0.087 0.126 0.775 0.613 26 0 38.32 4.72 0 0.86
60800 10 9 0.03 0.333 0.317 0.908 0.25 26 2 44.3 74.74 0 0.12
60800 10 9 0.066 0.39 0.433 0.768 0.591 25 0 43.6 8.64 0 0.72
60800 10 9 0.052 0.334 0.322 0.819 0.688 25 0 33.98 7.54 0 0.86
60800 10 9 0.089 0.143 0.173 0.958 0.007 25 723 26.8 992.4 0 0
60800 10 9 0.113 0.096 0.379 0.849 0.247 25 0 41.74 7.96 0 0.76
60800 10 9 0.009 0.332 0.128 0.839 0.434 30 0 41.8 83.58 0 0.26
60800 10 9 0.046 0.303 0.497 0.854 0.957 25 1 34 11.28 0 0.76
60800 10 9 0.081 0.227 0.226 0.831 0.821 25 0 36.08 9.58 0 0.76
60800 10 9 0.026 0.074 0.48 0.822 0.642 25 0 36.28 8.8 0 0.76
60800 10 9 0.075 0.49 0.051 0.903 0.36 25 706 26.9 911.54 0 0
60800 10 9 0.097 0.401 0.098 0.864 0.263 25 659 26.62 930 0 0
60800 10 9 0.017 0.005 0.328 0.842 0.698 25 0 38.96 9.54 0 0.76
60800 10 9 0.113 0.473 0.374 0.877 0.991 25 0 32.38 7.62 0 0.78
60800 10 9 0.071 0.182 0.496 0.808 0.895 25 0 31.78 10.64 0 0.76
60800 10 9 0.066 0.206 0.111 0.802 0.646 28 0 56.56 16.36 0 0.62
60800 10 9 0.066 0.229 0.253 0.753 0.711 26 0 40.66 10.94 0 0.7
60800 10 9 0.017 0.334 0.38 0.755 0.082 28 2 51.26 109.7 0 0.22
60800 10 9 0.056 0.181 0.089 0.79 0.541 32 5 41.7 69.78 0 0.22
60800 10 9 0.058 0.325 0.114 0.764 0.844 25 0 36.78 9.44 0 0.72
60800 10 9 0.116 0.214 0.176 0.798 0.976 25 0 36.62 6.74 0 0.8
60800 10 9 0.086 0.184 0.474 0.958 0.624 25 1 37.72 9.12 0 0.78
60800 10 9 0.026 0.291 0.141 0.869 0.455 29 1 47.48 46.5 0 0.38
60800 10 9 0.046 0.375 0.11 0.971 0.787 30 1 41.46 10.86 0 0.7
60800 10 9 0.014 0.311 0.466 0.781 0.565 25 0 36.3 6.84 0 0.84
60800 10 9 0.106 0.428 0.026 0.876 0.781 29 2 38.98 15.36 0 0.62
60800 10 9 0.091 0.032 0.129 0.968 0.079 29 47 38.26 96.36 0 0
60800 10 9 0.068 0.029 0.326 0.894 0.226 31 0 40.96 6.86 0 0.82
60800 10 9 0.028 0.12 0.484 0.83 0.764 25 0 37.84 8.64 0 0.74
60800 10 9 0.067 0.209 0.335 0.865 0.514 25 0 36.42 11.88 0 0.78
60800 10 9 0.071 0.029 0.354 0.888 0.252 25 0 34.56 4.58 0 0.84
60800 10 9 0.052 0.397 0.401 0.872 0.626 25 0 35.36 9.08 0 0.78
60800 10 9 0.089 0.329 0.181 0.825 0.176 25 369 28.28 833.08 0 0
60800 10 9 0.015 0.301 0.308 0.801 0.433 35 0 45.82 16.2 0 0.66
60800 10 9 0.061 0.119 0.344 0.829 0.279 25 0 33.76 13.1 0 0.78
60800 10 9 0.044 0.256 0.26 0.956 0.244 25 0 42.58 44.82 0 0.42
60800 10 9 0.021 0.354 0.418 0.944 0.685 25 0 33.58 5.52 0 0.84
60800 10 9 0.02 0.099 0.312 0.923 0.736 25 0 38.02 9.36 0 0.78
60800 10 9 0.118 0.215 0.217 0.939 0.832 25 0 37.2 7.42 0 0.78
60800 10 9 0.021 0.417 0.361 0.753 0.586 44 0 55.14 9.42 0 0.72
60800 10 9 0.102 0.05 0.152 0.879 0.124 41 1 50.48 25.84 0 0.32
60800 10 9 0.028 0.27 0.352 0.988 0.069 25 3 44.2 126.62 0 0.2
60800 10 9 0.001 0.218 0.317 0.819 0.763 25 1 37.96 9.8 0 0.74
60800 10 9 0.052 0.089 0.061 0.791 0.103 25 832 26.24 1028.96 0 0
60800 10 9 0.043 0.01 0.183 0.873 0.7 25 0 38.4 8.72 0 0.76
60800 10 9 0.036 0.188 0.21 0.919 0.306 36 3 51.06 37.74 0 0.3
60800 10 9 0.026 0.048 0.394 0.896 0.941 25 0 35.84 10.76 0 0.8
60800 10 9 0.014 0.472 0.149 0.819 0.643 34 0 50.68 15.44 0 0.6
60800 10 9 0.007 0.086 0.138 0.798 0.105 42 1 55.24 66.78 0 0.22
60800 10 9 0.091 0.127 0.34 0.95 0.878 25 1 34.62 11.14 0 0.78
60800 10 9 0.115 0.054 0.164 0.801 0.6 25 0 35.22 9.48 0 0.74
60800 10 9 0.004 0.494 0.037 0.889 0.188 25 593 31.52 726.66 0 0
60800 10 9 0.02 0.439 0.321 0.759 0.855 25 0 33.26 10.36 0 0.78
60800 10 9 0.03 0.113 0.399 0.758 0.515 25 0 36.52 8.22 0 0.74
60800 10 9 0.03 0.23 0.01 0.824 0.422 25 388 32.32 581.56 0 0
60800 10 9 0.018 0.277 0.317 0.889 0.668 25 0 35.8 10.14 0 0.74
60800 10 9 0.079 0.386 0.08 0.816 0.674 44 1 60.7 22.74 0 0.4
60800 10 9 0.098 0.062 0.214 0.98 0.471 25 0 37.16 9.34 0 0.74
60800 10 9 0.098 0.076 0.179 0.954 0.127 30 4 37.24 133.8 0 0.04
60800 10 9 0.004 0.119 0.122 0.951 0.525 32 1 44.38 15.68 0 0.6
60800 10 9 0.016 0.198 0.162 0.869 0.998 25 1 38.4 9.74 0 0.7
60800 10 9 0.064 0.353 0.451 0.884 0.311 31 0 44.52 15.56 0 0.66
60800 10 9 0.066 0.465 0.389 0.839 0.384 27 1 37.82 33.16 0 0.66
60800 10 9 0.088 0.327 0.432 0.822 0.562 25 0 34.98 8.42 0 0.76
60800 10 9 0.006 0.433 0.393 0.839 0.821 25 0 36.46 3.98 0 0.84
60800 10 9 0.047 0.086 0.368 0.863 0.129 26 0 48.06 23.9 0 0.48
60800 10 9 0.118 0.168 0.004 0.818 0.09 25 1075 26.2 1131.46 0 0
60800 10 9 0.067 0.347 0.435 0.98 0.102 27 1 46.14 63.64 0 0.52
60800 10 9 0.034 0.257 0.221 0.814 0.639 29 1 47.64 14.76 0 0.64
60800 10 9 0.099 0.322 0.129 0.792 0.55 29 0 39.62 28.28 0 0.62
60800 10 9 0.064 0.476 0.16 0.8 0.258 25 32 33.3 372.94 0 0
60800 10 9 0.058 0.249 0.131 0.928 0.581 33 1 45.56 24.9 0 0.5
60800 10 9 0.091 0.468 0.319 0.887 0.241 27 4 44.88 174.52 0 0.22
60800 10 9 0.065 0.22 0.075 0.929 0.784 25 0 36.64 14.64 0 0.7
60800 10 9 0.093 0.472 0.423 0.823 0.794 25 0 34.64 5.62 0 0.9
60800 10 9 0.058 0.051 0.091 0.973 0.983 25 0 37.36 10.48 0 0.68
60800 10 9 0.031 0.127 0.311 0.779 0.574 25 0 33 9.32 0 0.74
60800 10 9 0.054 0.421 0.17 0.791 0.189 32 60 40.82 221.52 0 0
60800 10 9 0.078 0.129 0.329 0.833 0.377 25 0 40.16 10.54 0 0.72
60800 10 9 0.098 0.238 0.243 0.953 0.244 30 5 46.18 135.86 0 0.02
60800 10 9 0.013 0.411 0.341 0.852 0.621 45 0 58.08 7.14 0 0.74
60800 10 9 0.112 0.406 0.063 0.755 0.788 25 0 41.36 16.54 0 0.66
60800 10 9 0.034 0.498 0.014 0.963 0.657 37 0 61.26 31.74 0 0.62
60800 10 9 0.019 0.373 0.457 0.789 0.746 25 0 32.68 4.36 0 0.86
60800 10 9 0.012 0.127 0.252 0.752 0.674 25 0 36.92 9.62 0 0.76
60800 10 9 0.118 0.492 0.205 0.808 0.053 25 934 26.04 1005.96 0 0
60800 10 9 0.111 0.213 0.411 0.886 0.237 27 0 38.92 18.16 0 0.58
60800 10 9 0.003 0.451 0.19 0.851 0.033 25 297 32.62 392.64 0 0
60800 10 9 0.034 0.457 0.082 0.76 0.398 25 12 39.7 207.22 0 0
60800 10 9 0.084 0.422 0.228 0.782 0.234 25 4 47 168.98 0 0.46
60800 10 9 0.037 0.239 0.179 0.922 0.177 30 1 45.22 83 0 0.42
60800 10 9 0.033 0.004 0.276 0.916 0.023 25 0 35.26 10.7 0 0.74
60800 10 9 0.098 0.134 0.38 0.755 0.99 31 0 48.44 7.82 0 0.7
60800 10 9 0.039 0.232 0.435 0.973 0.993 26 0 41.06 9.26 0 0.76
60800 10 9 0.022 0.39 0.397 0.783 0.607 25 0 35.22 8.74 0 0.74
60800 10 9 0.042 0.42 0.348 0.867 0.101 25 5 32.76 260.54 0 0.14
60800 10 9 0.068 0.43 0.267 0.866 0.798 25 0 36.72 11.5 0 0.76
60800 10 9 0.089 0.44 0.209 0.909 0.996 25 0 36.44 10.68 0 0.78
60800 10 9 0.11 0.416 0.358 0.837 0.417 32 1 43.78 23.8 0 0.56
60800 10 9 0.078 0.468 0.149 0.942 0.214 25 42 30.76 677.2 0 0
60800 10 9 0.008 0.487 0.332 0.912 0.145 25 24 47.74 172.14 0 0
60800 10 9 0.028 0.475 0.496 0.947 0.734 25 0 37.24 10.32 0 0.7
60800 10 9 0.015 0.136 0.481 0.851 0.705 25 0 33.96 7.64 0 0.84
60800 10 9 0.106 0.312 0.206 0.845 0.597 43 0 53.42 12.72 0 0.48
60800 10 9 0.049 0.204 0.371 0.839 0.683 25 0 32.58 4.94 0 0.86
60800 10 9 0.062 0.444 0.333 0.754 0.212 30 20 42.52 110.54 0 0
60800 10 9 0.068 0.495 0.34 0.851 0.331 51 1 56.5 46.6 0 0.24
60800 10 9 0.1 0.02 0.191 0.94 0.676 25 0 36.64 7.92 0 0.72
60800 10 9 0.033 0.133 0.396 0.957 0.502 25 0 37.16 9.34 0 0.74
60800 10 9 0.019 0.173 0.46 0.769 0.643 25 0 34.94 4.74 0 0.84
60800 10 9 0.075 0.158 0.198 0.833 0.389 27 0 36.04 9.02 0 0.7
60800 10 9 0.041 0.429 0.461 0.983 0.355 25 0 37.96 26.38 0 0.46
60800 10 9 0.078 0.058 0.276 0.958 0.58 25 1 38.28 10.86 0 0.76
60800 10 9 0.116 0.011 0.246 0.882 0.408 25 1 36.1 5.98 0 0.82
60800 10 9 0.115 0.349 0.018 0.962 0.917 44 0 57.44 8.26 0 0.6
60800 10 9 0.041 0.481 0.083 0.877 0.105 25 534 30.24 819.9 0 0
60800 10 9 0.049 0.045 0.233 0.888 0.863 25 0 38.48 9.16 0 0.72
60800 10 9 0.093 0.428 0.167 0.952 0.987 26 0 34.96 7.5 0 0.7
60800 10 9 0.097 0.268 0.036 0.978 0.437 25 132 32.48 430.52 0 0
60800 10 9 0.026 0.362 0.109 0.979 0.194 25 401 29.44 663.34 0 0
60800 10 9 0.028 0.045 0.26 0.819 0.73 25 0 36.48 6.42 0 0.78
60800 10 9 0.039 0.251 0.038 0.834 0.987 32 0 42.4 6.6 0 0.74
60800 10 9 0.043 0.128 0.263 0.965 0.405 47 0 52.86 11.22 0 0.74
60800 10 9 0.032 0.477 0.333 0.915 0.387 26 0 46.62 47.92 0 0.42
60800 10 9 0.104 0.446 0.159 0.898 0.693 41 0 52.04 14.7 0 0.52
60800 10 9 0.083 0.329 0.133 0.902 0.066 25 917 26.26 1101.52 0 0
60800 10 9 0.102 0.201 0.421 0.877 0.019 25 479 26.56 834.9 0 0
60800 10 9 0.033 0.086 0.448 0.887 0.764 25 0 35.62 8.1 0 0.8
60800 10 9 0.03 0.003 0.236 0.988 0.758 25 0 37.74 9 0 0.72
60800 10 9 0.014 0.243 0.493 0.806 0.542 25 0 35 5.16 0 0.84
60800 10 9 0.102 0.094 0.349 0.968 0.503 25 1 40.42 9.14 0 0.7
60800 10 9 0.077 0.058 0.393 0.909 0.62 26 0 38.38 7.74 0 0.78
60800 10 9 0.02 0.219 0.125 0.944 0.478 37 3 57.84 55.24 0 0.4
60800 10 9 0.108 0.001 0.302 0.825 0.748 25 0 32.62 10.88 0 0.76
60800 10 9 0.004 0.275 0.206 0.968 0.567 43 0 51.52 16.9 0 0.58
60800 10 9 0.109 0.123 0.324 0.76 0.983 26 0 37.52 8.56 0 0.68
60800 10 9 0.055 0.274 0.265 0.901 0.364 29 0 41.38 55.82 0 0.6
60800 10 9 0.002 0.142 0.131 0.999 0.095 25 5 38.12 220.14 0 0.36
60800 10 9 0.06 0.292 0.223 0.969 0.469 28 1 41.52 42.68 0 0.5
60800 10 9 0.015 0.418 0.21 0.927 0.855 47 0 54 6.88 0 0.82
60800 10 9 0.093 0.328 0.066 0.952 0.474 25 207 32.62 378.64 0 0
60800 10 9 0.02 0.175 0.411 0.97 0.866 25 0 32.94 10.74 0 0.8
60800 10 9 0.063 0.153 0.003 0.781 0.683 35 0 48.86 24.1 0 0.56
60800 10 9 0.019 0.255 0.263 0.838 0.089 25 2 36.66 195.52 0 0.38
60800 10 9 0.114 0.154 0.399 0.761 0.67 25 0 37.08 8.84 0 0.74
60800 10 9 0.042 0.439 0.252 0.753 0.642 27 0 37.26 9.24 0 0.72
60800 10 9 0.098 0.404 0.103 0.839 0.453 29 14 44.02 151.9 0 0
60800 10 9 0.02 0.06 0.137 0.82 0.793 25 1 39.3 7.16 0 0.76
60800 10 9 0.058 0.221 0.114 0.798 0.09 25 847 26.02 1097.04 0 0
60800 10 9 0.057 0.077 0.254 0.884 0.158 26 1 35.5 16.74 0 0.7
60800 10 9 0.115 0.073 0.487 0.931 0.048 30 1 41.44 20.88 0 0.58
60800 10 9 0.067 0.349 0.158 0.987 0.299 26 73 45.14 202.68 0 0
60800 10 9 0.112 0.05 0.472 0.919 0.455 26 0 36.7 8.56 0 0.82
60800 10 9 0.005 0.063 0.264 0.777 0.742 25 0 32.78 3.92 0 0.84
60800 10 9 0.018 0.279 0.09 0.866 0.247 25 360 26.34 646.12 0 0
60800 10 9 0.028 0.219 0.033 0.949 0.996 25 0 35.62 10.84 0 0.78
60800 10 9 0.088 0.332 0.246 0.753 0.712 25 1 37.96 7.9 0 0.74
60800 10 9 0.04 0.278 0.042 0.982 0.959 25 0 38.22 9.42 0 0.72
60800 10 9 0.07 0.492 0.436 0.975 0.709 25 0 37.52 9.24 0 0.76
60800 10 9 0.064 0.098 0.074 0.958 0.805 25 1 32.9 14.16 0 0.76
60800 10 9 0.045 0.336 0.14 0.922 0.583 29 0 42.04 27.98 0 0.46
60800 10 9 0.062 0.064 0.324 0.865 0.754 25 1 32.14 10.26 0 0.76
60800 10 9 0.098 0.455 0.126 0.896 0.892 25 0 32.8 4.94 0 0.88
60800 10 9 0.079 0.164 0.17 0.772 0.406 31 3 50.64 40.96 0 0.44
60800 10 9 0.025 0.499 0.246 0.821 0.894 25 0 37.18 6.36 0 0.8
60800 10 9 0.083 0.276 0.46 0.957 0.343 35 1 47.78 12.3 0 0.56
60800 10 9 0.052 0.398 0.152 0.966 0.752 27 1 43.24 13.84 0 0.68
60800 10 9 0.091 0.372 0.317 0.839 0.255 27 3 50.82 146.96 0 0.18
60800 10 9 0.073 0.279 0.338 0.827 0.144 25 6 41.18 143.88 0 0.3
60800 10 9 0.103 0.222 0.049 0.751 0.53 32 2 53.62 81.84 0 0.24
60800 10 9 0.008 0.214 0.16 0.827 0.27 36 3 48.9 75.32 0 0.1
60800 10 9 0.105 0.02 0.243 0.809 0.524 25 0 36.9 9.62 0 0.8
60800 10 9 0.027 0.276 0.221 0.845 0.297 27 0 44.64 92.44 0 0.46
60800 10 9 0.076 0.224 0.475 0.986 0.608 25 0 34.2 9.5 0 0.76
60800 10 9 0.089 0.426 0.093 0.944 0.382 25 19 41.4 353.94 0 0
60800 10 9 0.078 0.389 0.026 0.977 0.149 25 690 29.4 1031.52 0 0
60800 10 9 0.053 0.414 0.037 0.8 0.869 27 0 37.6 11.18 0 0.68
60800 10 9 0.116 0.207 0.054 0.996 0.277 25 72 35.7 468.88 0 0
60800 10 9 0.026 0.126 0.318 0.836 0.476 25 0 35.78 6.06 0 0.8
60800 10 9 0.045 0.275 0.208 0.962 0.833 26 0 39.62 6.6 0 0.8
60800 10 9 0.046 0.167 0.395 0.974 0.957 25 1 39.34 10.96 0 0.7
60800 10 9 0.115 0.188 0.05 0.958 0.301 25 181 28.66 411.26 0 0
60800 10 9 0.046 0.436 0.437 0.814 0.855 25 0 35.16 9.3 0 0.76
60800 10 9 0.07 0.425 0.008 0.891 0.662 43 3 49.04 31.38 0 0.16
60800 10 9 0.074 0.254 0.264 0.941 0.179 25 3 45.12 181.3 0 0.2
60800 10 9 0.113 0.446 0.37 0.988 0.444 34 0 44.96 10.16 0 0.74
60800 10 9 0.01 0.13 0.119 0.927 0.185 28 6 37.46 153.22 0 0.1
60800 10 9 0.041 0.034 0.109 0.932 0.998 25 0 33.22 11.1 0 0.8
60800 10 9 0.034 0.324 0.298 0.798 0.881 26 0 37.04 7.8 0 0.74
60800 10 9 0.118 0.366 0.321 0.965 0.06 25 600 28.12 871.12 0 0
60800 10 9 0.107 0.454 0.443 0.884 0.596 25 0 35.6 4.96 0 0.84
60800 10 9 0.086 0.275 0.267 0.875 0.13 25 253 33.42 384.6 0 0
60800 10 9 0.118 0.252 0.419 0.78 0.82 42 0 51.54 6.6 0 0.74
60800 10 9 0.08 0.039 0.033 0.972 0.271 29 0 43.02 21.9 0 0.56
60800 10 9 0.064 0.147 0.268 0.901 0.017 25 458 27.16 831.08 0 0
60800 10 9 0.039 0.2 0.492 0.905 0.437 25 1 35.66 9.18 0 0.84
60800 10 9 0.026 0.142 0.247 0.984 0.526 49 0 59.62 12.02 0 0.66
60800 10 9 0.003 0.107 0.111 0.966 0.643 56 1 67.6 7.48 0 0.72
60800 10 9 0.008 0.481 0.465 0.827 0.414 33 0 47.8 12.48 0 0.66
60800 10 9 0.035 0.1 0.258 0.949 0.201 51 0 56.62 36.78 0 0.22
60800 10 9 0.059 0.174 0.415 0.841 0.785 29 0 39.58 9.08 0 0.68
60800 10 9 0.057 0.127 0.121 0.997 0.253 32 9 46.64 104.12 0 0.02
60800 10 9 0.115 0.113 0.485 0.891 0.472 42 0 54.72 9.52 0 0.66
60800 10 9 0.082 0.273 0.484 0.839 0.097 25 2 42.94 146.14 0 0.26
60800 10 9 0.118 0.235 0.026 0.826 0.668 40 2 56.06 24.7 0 0.56
60800 10 9 0.111 0.309 0.052 0.946 0.586 25 2 38.6 47.22 0 0.58
60800 10 9 0.088 0.289 0.028 0.975 0.557 26 1 47.54 107.44 0 0.36
60800 10 9 0.094 0.207 0.19 0.897 0.527 25 0 51.4 19.48 0 0.52
60800 10 9 0.03 0.342 0.234 0.874 0.666 26 0 44.94 10.82 0 0.7
60800 10 9 0.02 0.252 0.472 0.961 0.689 25 1 33.68 10.12 0 0.72
60800 10 9 0.074 0.197 0.467 0.836 0.052 27 3 43.46 166.3 0 0.12
60800 10 9 0.013 0.197 0.014 0.815 0.402 25 358 29.22 861.9 0 0
60800 10 9 0.052 0.092 0.217 0.984 0.928 25 0 34.7 10.4 0 0.78
60800 10 9 0.082 0.419 0.192 0.964 0.584 30 0 41.76 19.94 0 0.6
60800 10 9 0.096 0.268 0.185 0.94 0.705 38 0 45.26 6.46 0 0.82
60800 10 9 0.084 0.144 0.204 0.919 0.53 25 1 41.9 11.52 0 0.64
60800 10 9 0.047 0.189 0.37 0.813 0.969 26 0 38 5.38 0 0.84
60800 10 9 0.015 0.164 0.158 0.771 0.82 25 0 34.62 5.86 0 0.82
60800 10 9 0.092 0.25 0.463 0.862 0.988 25 0 36.34 8.08 0 0.78
60800 10 9 0.082 0.306 0.03 0.961 0.814 51 2 57.5 8.8 0 0.64
60800 10 9 0.083 0.481 0.015 0.978 0.489 26 459 30.4 565.6 0 0
60800 10 9 0.097 0.247 0.337 0.827 0.142 28 73 39.26 150.16 0 0
60800 10 9 0.09 0.344 0.379 0.825 0.92 25 0 32 8.02 0 0.82
60800 10 9 0.12 0.214 0.395 0.97 0.32 25 0 37.94 11.78 0 0.7
60800 10 9 0.056 0.283 0.083 0.763 0.153 25 537 27.38 823.82 0 0
60800 10 9 0.06 0.409 0.332 0.762 0.976 25 0 38.54 10.46 0 0.64
60800 10 9 0.024 0.36 0.243 0.869 0.532 35 0 50.82 18.12 0 0.5
60800 10 9 0.092 0.074 0.424 0.812 0.167 25 0 36.7 9.8 0 0.76
60800 10 9 0.017 0.334 0.208 0.783 0.037 25 97 35.14 546.88 0 0
60800 10 9 0.06 0.398 0.464 0.759 0.771 25 0 32.66 6.02 0 0.84
60800 10 9 0.093 0.398 0.151 0.901 0.427 25 2 39.14 84.72 0 0.56
60800 10 9 0.002 0.161 0.327 0.881 0.638 25 0 39.92 8.22 0 0.74
60800 10 9 0.051 0.048 0.079 0.928 0.393 28 1 35.6 13.78 0 0.66
60800 10 9 0.088 0.389 0.18 0.949 0.589 47 0 56.84 11.16 0 0.76
60800 10 9 0.054 0.338 0.137 0.815 0.515 27 1 41.28 45.38 0 0.52
60800 10 9 0.106 0.058 0.157 0.813 0.4 25 0 34.86 10.7 0 0.74
60800 10 9 0.087 0.023 0.302 0.86 0.409 25 0 40 8.5 0 0.74
60800 10 9 0.088 0.287 0.338 0.841 0.868 25 0 31.76 9.88 0 0.76
60800 10 9 0.073 0.495 0.082 0.918 0.347 25 347 30 755.38 0 0
60800 10 9 0.11 0.3 0.437 0.914 0.234 38 1 55.14 25.8 0 0.26
60800 10 9 0.009 0.38 0.112 0.92 0.782 25 0 36.4 15.56 0 0.72
60800 10 9 0.03 0.204 0.031 0.89 0.552 26 2 39.22 106.92 0 0.38
60800 10 9 0.07 0.243 0.059 0.844 0.068 25 347 30.18 814.44 0 0
60800 10 9 0.085 0.492 0.081 0.76 0.789 42 0 49.5 9.88 0 0.74
60800 10 9 0.037 0.313 0.158 0.871 0.984 25 0 35.16 7.72 0 0.78
60800 10 9 0.08 0.037 0.152 0.814 0.303 25 0 35.44 8.98 0 0.7
60800 10 9 0.088 0.231 0.417 0.96 0.883 25 1 36.6 7.7 0 0.82
60800 10 9 0.064 0.41 0.409 0.854 0.965 25 0 37.46 11.9 0 0.74
60800 10 9 0.024 0.26 0.499 0.768 0.24 27 0 40.4 21.64 0 0.56
60800 10 9 0.102 0.29 0.216 0.849 0.276 29 8 50.52 93.38 0 0.04
60800 10 9 0.053 0.213 0.005 0.812 0.866 25 1 36.68 12.58 0 0.66
60800 10 9 0.083 0.315 0.158 0.9 0.867 25 0 36.48 6.78 0 0.84
60800 10 9 0.029 0.145 0.373 0.926 0.331 27 0 41.28 9.42 0 0.7
60800 10 9 0.046 0.07 0.395 0.824 0.599 25 0 34.8 10.06 0 0.74
60800 10 9 0.013 0.187 0.106 0.922 0.486 41 0 47.08 38.32 0 0.4
60800 10 9 0.012 0.016 0.258 0.845 0.876 25 0 36.62 9.04 0 0.74
60800 10 9 0.01 0.005 0.11 0.778 0.183 25 0 35.24 4.18 0 0.84
60800 10 9 0.016 0.042 0.452 0.848 0.813 25 0 34.82 10.88 0 0.74
60800 10 9 0.094 0.04 0.333 0.947 0.737 25 1 42.08 7.94 0 0.66
60800 10 9 0.105 0.057 0.385 0.824 0.838 25 0 38.32 9.22 0 0.72
60800 10 9 0.111 0.444 0.321 0.938 0.905 25 0 37.04 3.78 0 0.86
60800 10 9 0.035 0.3 0.317 0.845 0.418 34 1 48.92 21.2 0 0.64
60800 10 9 0.108 0.322 0.488 0.819 0.774 29 0 38.62 6.76 0 0.68
60800 10 9 0.017 0.191 0.112 0.955 0.186 25 166 34.8 312.8 0 0
60800 10 9 0.017 0.339 0.219 0.803 0.642 26 0 48.06 13.5 0 0.68
60800 10 9 0.059 0.169 0.248 0.772 0.188 31 4 47.92 55.42 0 0.08
60800 10 9 0.009 0.272 0.434 0.841 0.907 25 0 35.92 7.68 0 0.82
60800 10 9 0.108 0.15 0.068 0.94 0.992 25 0 37.3 7.94 0 0.7
60800 10 9 0.036 0.449 0.085 0.872 0.923 25 0 35.66 8.98 0 0.72
60800 10 9 0.002 0.341 0.058 0.778 0.839 34 1 44.36 7.52 0 0.8
60800 10 9 0.042 0.084 0.333 0.906 0.942 25 0 33.9 10.9 0 0.74
60800 10 9 0.116 0.357 0.08 0.874 0.537 43 3 54.82 46.3 0 0.1
60800 10 9 0.062 0.354 0.497 0.905 0.685 26 0 38.84 7.9 0 0.78
60800 10 9 0.021 0.11 0.098 0.756 0.896 25 0 33.94 7.84 0 0.84
60800 10 9 0.021 0.125 0.23 0.964 0.709 25 0 33.18 9.22 0 0.76
60800 10 9 0.077 0.321 0.5 0.775 0.536 25 0 37.12 9.7 0 0.72
60800 10 9 0.118 0.396 0.254 0.791 0.455 47 1 56.56 31.64 0 0.36
60800 10 9 0.083 0.36 0.065 0.754 0.893 33 0 47.34 8.2 0 0.68
60800 10 9 0.111 0.249 0.175 0.951 0.996 25 0 38.86 4.5 0 0.84
60800 10 9 0.091 0.314 0.472 0.922 0.051 25 4 45.88 102.04 0 0.36
60800 10 9 0.084 0.038 0.375 0.993 0.043 40 2 52.3 10.92 0 0.7
60800 10 9 0.045 0.051 0.32 0.967 0.416 25 0 37.52 9.24 0 0.72
60800 10 9 0.014 0.497 0.364 0.871 0.014 25 444 32.28 574.82 0 0
60800 10 9 0.084 0.317 0.482 0.965 0.481 27 0 42.72 6.96 0 0.76
60800 10 9 0.045 0.248 0.295 0.874 0.383 26 2 36.86 32 0 0.66
60800 10 9 0.013 0.367 0.027 0.825 0.764 25 0 37.84 21.36 0 0.68
60800 10 9 0.002 0.354 0.145 0.908 0.273 33 1 57.26 43.56 0 0.58
60800 10 9 0.107 0.387 0.251 0.788 0.944 25 0 37.92 11.14 0 0.72
60800 10 9 0.082 0.387 0.074 0.928 0.033 25 1154 26.34 1228.46 0 0
60800 10 9 0.098 0.148 0.101 0.794 0.197 25 270 36.32 564.58 0 0
60800 10 9 0.022 0.299 0.174 0.851 0.774 27 1 40.06 11.24 0 0.7
60800 10 9 0.114 0.099 0.041 0.777 0.518 37 0 47.48 12.6 0 0.52
60800 10 9 0.013 0.371 0.423 0.871 0.931 28 0 40.78 6.04 0 0.82
60800 10 9 0.034 0.408 0.336 0.908 0.617 25 0 34.64 6.26 0 0.8
60800 10 9 0.065 0.334 0.098 0.759 0.448 26 89 35.58 205.58 0 0
60800 10 9 0.041 0.468 0.116 0.759 0.951 25 0 41.48 10.44 0 0.72
60800 10 9 0.045 0.032 0.055 0.918 0.525 25 0 32.42 8.1 0 0.82
60800 10 9 0.058 0.044 0.318 0.852 0.366 25 0 33.14 7.42 0 0.74
60800 10 9 0.035 0.445 0.024 0.783 0.294 25 646 29.98 810.92 0 0
60800 10 9 0.098 0.265 0.132 0.912 0.981 25 0 34.92 9.78 0 0.78
60800 10 9 0.108 0.313 0.144 0.905 0.869 25 1 37 8.26 0 0.74
60800 10 9 0.075 0.393 0.032 0.922 0.437 25 394 30.94 697.42 0 0
60800 10 9 0.076 0.118 0.262 0.865 0.407 25 0 34.1 10.48 0 0.8
60800 10 9 0.079 0.012 0.03 0.909 0.587 26 0 37.12 5.38 0 0.86
60800 10 9 0.007 0.32 0.486 0.837 0.282 28 0 40.98 21.38 0 0.7
60800 10 9 0.101 0.372 0.454 0.922 0.778 25 0 36.14 8.92 0 0.74
60800 10 9 0.064 0.117 0.129 0.75 0.839 25 0 33.5 10.66 0 0.78
60800 10 9 0.106 0.254 0.264 0.897 0.617 25 0 36.2 10.22 0 0.68
60800 10 9 0.09 0.081 0.356 0.998 0.462 26 0 42.96 8.66 0 0.68
60800 10 9 0.091 0.277 0.368 0.899 0.957 25 1 39.06 9.1 0 0.7
60800 10 9 0.033 0.068 0.006 0.932 0.029 25 1079 26.22 1149.22 0 0
60800 10 9 0.019 0.422 0.337 0.864 0.725 25 0 37.56 11.38 0 0.7
60800 10 9 0.038 0.493 0.024 1 0.663 26 1 37.04 27.64 0 0.68
60800 10 9 0.002 0.013 0.426 0.86 0.744 25 0 33.48 4.12 0 0.88
60800 10 9 0.083 0.408 0.127 0.995 0.85 49 0 53.46 5.4 0 0.72
60800 10 9 0.01 0.221 0.316 0.814 0.118 30 6 40.98 145.7 0 0.08
60800 10 9 0.088 0.031 0.02 0.87 0.016 25 772 26.64 1016.12 0 0
60800 10 1 0.029 0.358 0.001 0.765 0.832 85 2 95.66 16.08 0 0.3
60800 10 1 0.025 0.437 0.443 0.971 0.179 31 5 53.58 71.14 0 0.16
60800 10 1 0.077 0.223 0.156 0.952 0.443 28 0 50.24 90.66 0 0.3
60800 10 1 0.054 0.041 0.473 0.844 0.533 81 2 100.66 15.2 0.02 0.64
60800 10 1 0.017 0.196 0.285 0.961 0.694 95 0 109.56 8.08 0.44 0.6
60800 10 1 0.068 0.038 0.292 0.985 0.874 74 1 100.68 14.86 0.36 0.64
60800 10 1 0.109 0.275 0.455 0.812 0.876 100 2 106.28 11.6 0 0.5
60800 10 1 0.012 0.178 0.399 0.866 0.662 86 0 101.74 10.74 0 0.54
60800 10 1 0.072 0.154 0.334 0.831 0.29 83 5 93.42 27.06 0 0.08
60800 10 1 0.005 0.353 0.36 0.971 0.467 74 1 101 18.16 0.04 0.62
60800 10 1 0.05 0.386 0.298 0.888 0.363 29 0 62.98 64.8 0 0.3
60800 10 1 0.042 0.235 0.156 0.905 0.841 69 0 85.7 10.78 0 0.8
60800 10 1 0.073 0.464 0.34 0.941 0.392 58 4 70.6 34.12 0 0.44
60800 10 1 0.053 0.394 0.427 0.754 0.011 25 1005 26.22 1094.7 0 0
60800 10 1 0.084 0.447 0.177 0.951 0.003 25 1023 26.98 1203.3 0 0
60800 10 1 0.019 0.165 0.41 0.786 0.327 65 1 87.72 17.78 0 0.68
60800 10 1 0.046 0.003 0.378 0.81 0.075 109 2 116.1 10.92 0.72 0.44
60800 10 1 0.054 0.213 0.143 0.921 0.919 92 1 103.62 11.8 0.06 0.56
60800 10 1 0.102 0.171 0.387 0.896 0.309 76 0 95.22 17.32 0 0.5
60800 10 1 0.088 0.419 0.473 0.983 0.418 91 4 104.5 15.84 0 0.3
60800 10 1 0.094 0.21 0.074 0.91 0.35 25 370 32.46 541.82 0 0
60800 10 1 0.017 0.324 0.347 0.824 0.246 31 3 51.1 68.4 0 0.44
60800 10 1 0.038 0.051 0.184 0.829 0.726 87 0 97.06 12.26 0 0.5
60800 10 1 0.07 0.065 0.409 0.864 0.471 83 0 92.9 13.84 0 0.52
60800 10 1 0.076 0.409 0.064 0.99 0.58 38 13 50.98 80.14 0 0
60800 10 1 0.066 0.42 0.382 0.867 0.306 42 6 56.46 71.32 0 0.24
60800 10 1 0.046 0.339 0.013 0.927 0.086 25 1095 26.5 1125.64 0 0
60800 10 1 0.06 0.437 0.203 0.995 0.05 25 649 29.72 825.62 0 0
60800 10 1 0.056 0.065 0.14 0.908 0.47 91 1 106.92 11.66 0.46 0.6
60800 10 1 0.111 0.071 0.304 0.921 0.179 92 0 102.52 11.76 0 0.44
60800 10 1 0.042 0.128 0.403 0.987 0.408 87 0 102.36 12.86 0.36 0.38
60800 10 1 0.072 0.462 0.196 0.842 0.327 25 3 39.1 160.3 0 0.24
60800 10 1 0.02 0.384 0.324 0.862 0.271 29 5 56.46 35.14 0 0.62
60800 10 1 0.074 0.12 0.149 0.85 0.898 91 0 99.3 10.66 0 0.62
60800 10 1 0.084 0.09 0.305 0.801 0.992 78 0 94.54 10.82 0.04 0.74
60800 10 1 0.059 0.203 0.455 0.951 0.282 77 2 90.22 16.48 0 0.44
60800 10 1 0.081 0.137 0.242 0.988 0.849 88 0 104.38 14.34 0.34 0.6
60800 10 1 0.039 0.126 0.203 0.864 0.903 88 1 100.96 10.14 0 0.6
60800 10 1 0.028 0.328 0.479 0.891 0.986 93 0 100.92 12.84 0 0.42
60800 10 1 0.013 0.134 0.263 0.987 0.525 71 0 92.5 8.18 0 0.76
60800 10 9 0.12 0.054 0.475 0.83 0.174 25 0 33.26 12.28 0 0.76
60800 10 9 0.058 0.141 0.176 0.863 0.383 29 3 41.7 33.74 0 0.32
60800 10 9 0.117 0.307 0.053 0.87 0.066 25 582 32.68 791.94 0 0
60800 10 9 0.056 0.446 0.071 0.757 0.042 25 1255 26.32 1306.22 0 0
60800 10 9 0.003 0.281 0.19 0.888 0.773 25 0 33.28 5.66 0 0.78
60800 10 9 0.085 0.385 0.263 0.846 0.345 26 4 41 121.1 0 0.28
60800 10 9 0.069 0.316 0.007 0.964 0.405 32 124 41.86 291.86 0 0
60800 10 9 0.116 0.051 0.156 0.96 0.221 37 0 50.7 7.6 0 0.74
60800 10 9 0.04 0.173 0.15 0.92 0.118 25 311 38.34 440.26 0 0
60800 10 9 0.032 0.065 0.387 0.906 0.045 25 2 37.62 85.84 0 0.38
60800 10 9 0.001 0.164 0.052 0.814 0.337 25 1 37.7 119.82 0 0.36
60800 10 9 0.09 0.185 0.171 0.766 0.606 29 0 37.34 11.64 0 0.58
60800 10 9 0.032 0.33 0.145 0.928 0.51 27 2 38.98 60.6 0 0.56
60800 10 9 0.055 0.452 0.154 0.893 0.814 25 0 33.18 7.36 0 0.82
60800 10 9 0.086 0.462 0.182 0.816 0.284 25 23 33.8 367.96 0 0
60800 10 9 0.042 0.467 0.327 0.99 0.169 29 4 48.48 66.56 0 0.6
60800 10 9 0.077 0.335 0.473 0.863 0.673 25 0 39.5 9.7 0 0.72
60800 10 9 0.045 0.083 0.02 0.806 0.054 25 850 26.46 1116.24 0 0
60800 10 9 0.074 0.029 0.131 0.997 0.024 25 401 32.34 499.46 0 0
60800 10 9 0.118 0.05 0.043 0.787 0.229 37 2 45.74 22.82 0 0.54
60800 10 9 0.059 0.429 0.402 0.934 0.209 31 9 50.5 88.96 0 0.02
60800 10 9 0.063 0.241 0.132 0.811 0.307 25 4 37.54 248.28 0 0.1
60800 10 9 0.045 0.118 0.375 0.757 0.183 43 0 48.92 15.5 0 0.64
60800 10 9 0.046 0.366 0.267 0.933 0.926 25 0 36.74 9.32 0 0.74
60800 10 9 0.04 0.349 0.128 0.869 0.725 25 0 40.7 18.64 0 0.7
60800 10 9 0.009 0.46 0.001 0.84 0.037 25 1174 26.18 1264.36 0 0
60800 10 9 0.08 0.051 0.438 0.851 0.675 25 0 40.72 12.06 0 0.72
60800 10 9 0.073 0.256 0.428 0.843 0.305 39 0 47.12 10.24 0 0.6
60800 10 9 0.028 0.406 0.101 0.791 0.429 31 5 51.2 95.46 0 0.26
60800 10 9 0.027 0.166 0.39 0.815 0.347 51 0 64.84 11.98 0 0.44
60800 10 9 0.104 0.135 0.219 0.858 0.544 42 0 51.68 6.98 0 0.72
60800 10 9 0.053 0.135 0.216 0.977 0.703 25 0 36.16 7.86 0 0.8
60800 10 9 0.056 0.047 0.139 0.93 0.694 25 0 34.46 6.22 0 0.84
60800 10 9 0.019 0.44 0.364 0.868 0.433 25 1 30.96 13.98 0 0.78
60800 10 9 0.033 0.199 0.459 0.946 0.716 25 0 34.24 10.18 0 0.74
60800 10 9 0.076 0.076 0.241 0.966 0.173 35 1 43.1 24.94 0 0.52
60800 10 9 0.068 0.091 0.314 0.846 0.26 25 0 33.44 11.26 0 0.7
60800 10 9 0.076 0.216 0.231 0.752 0.927 25 0 31.84 10.52 0 0.82
60800 10 9 0.043 0.08 0.41 0.969 0.764 25 0 35.78 6.98 0 0.76
60800 10 10 0.051 0.463 0.266 0.965 0.623 25 0 37.32 15.78 0 0.66
60800 10 10 0.015 0.474 0.21 0.93 0.556 44 0 60.6 14.14 0 0.48
60800 10 10 0.082 0.234 0.256 0.767 0.679 26 0 33.78 7.96 0 0.8
60800 10 10 0.048 0.09 0.118 0.854 0.43 28 0 40.02 9.42 0 0.68
60800 10 10 0.043 0.393 0.353 0.854 0.668 30 0 38.1 6.52 0 0.72
60800 10 10 0.047 0.21 0.102 0.857 0.655 35 2 46.36 25.34 0 0.56
60800 10 10 0.012 0.198 0.245 0.809 0.254 26 1 41.28 25.12 0 0.5
60800 10 10 0.036 0.168 0.142 0.995 0.049 25 581 29.8 756.7 0 0
60800 10 10 0.028 0.083 0.489 0.79 0.963 25 0 35.82 8.86 0 0.78
60800 10 10 0.005 0.175 0.111 0.88 0.188 25 3 33.48 286.58 0 0.12
60800 10 10 0.085 0.222 0.47 0.817 0.203 44 1 53.62 20.94 0 0.42
60800 10 10 0.03 0.24 0.192 0.974 0.079 25 231 36.1 415.26 0 0
60800 10 10 0.057 0.249 0.082 0.933 0.347 37 19 42.86 135.36 0 0
60800 10 10 0.092 0.326 0.053 0.95 0.33 25 506 29.16 700.48 0 0
60800 10 10 0.106 0.12 0.135 0.963 0.602 27 0 42.8 8.1 0 0.7
60800 10 10 0.056 0.434 0.098 0.878 0.198 25 708 29.1 824.76 0 0
60800 10 10 0.108 0.325 0.326 0.957 0.358 27 1 39.24 38.66 0 0.48
60800 10 10 0.089 0.241 0.174 0.834 0.789 25 0 39.14 10.48 0 0.72
60800 10 10 0.092 0.073 0.402 0.92 0.588 25 0 35.54 9.44 0 0.8
60800 10 10 0.051 0.428 0.275 0.895 0.907 25 0 37.92 8.58 0 0.76
60800 10 10 0.099 0.401 0.244 0.936 0.056 25 550 30.9 673.58 0 0
60800 10 10 0.035 0.002 0.342 0.88 0.996 25 0 35.8 10.3 0 0.74
60800 10 10 0.107 0.374 0.269 1 0.239 25 0 44.88 154.92 0 0.34
60800 10 10 0.059 0.296 0.351 0.854 0.775 25 0 40.6 8 0 0.74
60800 10 10 0.074 0.14 0.075 0.984 0.491 31 10 42.94 73.7 0 0
60800 10 10 0.015 0.28 0.296 0.919 0.833 29 0 35.54 6.28 0 0.8
60800 10 10 0.047 0.37 0.351 0.829 0.927 25 1 34.32 9.98 0 0.76
60800 10 10 0.018 0.355 0.105 0.943 0.261 27 215 38.38 302.58 0 0
60800 10 10 0.045 0.095 0.094 0.766 0.094 25 595 26.44 914.46 0 0
60800 10 10 0.103 0.326 0.265 0.863 0.967 25 0 35.8 9.44 0 0.74
60800 10 10 0.096 0.4 0.452 0.841 0.274 28 0 38.36 33.74 0 0.46
60800 10 10 0.074 0.394 0.107 0.929 0.385 29 106 40.08 259.78 0 0
60800 10 10 0.083 0.146 0.017 0.752 0.464 25 103 31.76 285.42 0 0
60800 10 10 0.032 0.301 0.453 0.846 0.236 25 1 35.92 34.32 0 0.58
60800 10 10 0.116 0.34 0.204 0.968 0.682 33 0 49.92 10.34 0 0.68
60800 10 10 0.118 0.356 0.474 0.95 0.86 25 0 34.6 7.72 0 0.76
60800 10 10 0.112 0.411 0.32 0.802 0.922 25 0 35.92 11.82 0 0.74
60800 10 10 0.056 0.3 0.033 0.96 0.438 31 111 45.46 212.92 0 0
60800 10 10 0.009 0.155 0.349 0.916 0.471 26 0 41.06 11.58 0 0.62
60800 10 10 0.094 0.333 0.115 0.927 0.095 25 884 26.26 1040.54 0 0
60800 10 10 0.096 0.446 0.028 0.948 0.16 25 715 29.14 958.5 0 0
60800 10 10 0.011 0.413 0.167 0.939 0.36 34 1 47.62 84.3 0 0.16
60800 10 10 0.025 0.334 0.417 0.843 0.293 44 0 55.48 26.52 0 0.46
60800 10 10 0.081 0.121 0.06 0.755 0.073 25 1010 26.22 1098.9 0 0
60800 10 10 0.014 0.363 0.181 0.978 0.339 45 13 50.68 63.6 0 0
60800 10 10 0.091 0.029 0.068 0.956 0.049 27 124 34.56 270.5 0 0
60800 10 10 0.016 0.242 0.028 0.994 0.533 27 8 39.48 188.52 0 0.1
60800 10 10 0.01 0.363 0.477 0.855 0.76 25 0 37.26 10.4 0 0.68
60800 10 10 0.109 0.426 0.399 0.959 0.127 26 5 45.2 95.22 0 0.18
60800 10 10 0.026 0.181 0.141 0.933 0.161 30 50 37.06 210.72 0 0
60800 10 10 0.048 0.067 0.009 0.827 0.663 70 0 80.3 13.82 0 0.46
60800 10 10 0.076 0.05 0.46 0.75 0.472 25 0 39.28 11 0 0.76
60800 10 10 0.074 0.075 0.223 0.786 0.644 48 0 56.66 7.12 0 0.7
60800 10 10 0.04 0.213 0.385 0.935 0.397 25 0 36.54 6.58 0 0.76
60800 10 10 0.029 0.047 0.354 0.877 0.43 25 0 33.52 9.32 0 0.78
60800 10 10 0.075 0.012 0.19 0.877 0.242 25 1 32.26 11.96 0 0.76
60800 10 10 0.057 0.466 0.261 0.943 0.452 28 0 44.34 29.58 0 0.56
60800 10 10 0.072 0.137 0.315 0.827 0.877 25 1 34.04 10.08 0 0.7
60800 10 10 0.006 0.137 0.499 0.95 0.733 25 0 35.94 8.34 0 0.8
60800 10 10 0.033 0.213 0.099 0.921 0.247 29 137 38.98 278.38 0 0
60800 10 10 0.077 0.225 0.372 0.872 0.629 25 0 39.9 9.84 0 0.76
60800 10 10 0.029 0.277 0.276 0.928 0.482 39 0 60.88 16.34 0 0.5
60800 10 10 0.075 0.108 0.332 0.795 0.799 25 1 35.58 9 0 0.76
60800 10 10 0.106 0.244 0.23 0.896 0.556 31 0 50.66 13.12 0 0.5
60800 10 10 0.045 0.139 0.228 0.789 0.902 25 0 36.82 5.88 0 0.82
60800 10 10 0.032 0.013 0.088 0.784 0.538 25 0 36.18 6.62 0 0.8
60800 10 10 0.096 0.355 0.095 0.913 0.521 38 5 48.6 75.2 0 0.14
60800 10 10 0.063 0.238 0.095 0.933 0.474 30 2 50.98 107.48 0 0.34
60800 10 10 0.105 0.136 0.402 0.796 0.813 25 0 36.78 6.18 0 0.82
60800 10 10 0.095 0.163 0.031 0.789 0.241 25 615 29.62 768.76 0 0
60800 10 10 0.024 0.151 0.06 0.939 0.396 35 39 43.28 109.66 0 0
60800 10 10 0.071 0.204 0.163 0.796 0.299 30 20 43 109.64 0 0
60800 10 10 0.108 0.305 0.48 0.977 0.668 25 0 38.6 7.42 0 0.64
60800 10 10 0.011 0.18 0.192 0.935 0.505 31 0 38.7 11 0 0.54
60800 10 10 0.008 0.359 0.054 0.78 0.456 25 2 48.96 210.9 0 0.32
60800 10 10 0.072 0.052 0.499 0.859 0.19 25 0 35.02 6.62 0 0.82
60800 10 10 0.073 0.448 0.212 0.892 0.746 25 0 33.44 11.16 0 0.72
60800 10 10 0.101 0.23 0.093 0.906 0.326 26 146 33.92 321.92 0 0
60800 10 10 0.033 0.285 0.372 0.983 0.175 31 2 45.6 88.8 0 0.14
60800 10 10 0.105 0.301 0.154 0.916 0.33 26 3 44.84 87.36 0 0.18
60800 10 10 0.064 0.329 0.428 0.827 0.263 44 5 55.94 31.7 0 0.08
60800 10 10 0.026 0.357 0.486 0.864 0.725 25 0 34.96 7.6 0 0.72
60800 10 10 0.083 0.282 0.181 0.897 0.343 29 5 48.16 105.14 0 0.18
60800 10 10 0.092 0.22 0.134 0.861 0.453 30 2 40.6 75 0 0.22
60800 10 10 0.044 0.309 0.327 0.763 0.237 39 0 49.56 56.84 0 0.2
60800 10 10 0.116 0.247 0.471 0.831 0.687 25 1 33.94 7.1 0 0.82
60800 10 10 0.107 0.024 0.334 0.786 0.168 25 0 36.16 8.36 0 0.74
60800 10 10 0.048 0.111 0.041 0.836 0.099 27 437 36.26 590.62 0 0
60800 10 10 0.048 0.205 0.319 0.866 0.209 26 1 43.58 9.44 0 0.76
60800 10 10 0.068 0.029 0.226 0.81 0.08 28 1 36.78 15.52 0 0.54
60800 10 10 0.078 0.322 0.085 0.877 0.182 25 952 26.72 1005.28 0 0
60800 10 10 0.039 0.109 0.346 0.861 0.536 25 0 36.38 3.48 0 0.88
60800 10 10 0.087 0.024 0.35 0.785 0.166 25 0 34.8 7.96 0 0.78
60800 10 10 0.063 0.032 0.296 0.876 0.78 25 0 34.36 7.14 0 0.82
60800 10 10 0.017 0.217 0.39 0.913 0.871 25 0 34.22 5.18 0 0.84
60800 10 10 0.03 0.302 0.179 0.936 0.2 25 4 37.18 194.5 0 0.3
60800 10 10 0.102 0.151 0.155 0.935 0.583 28 1 38.9 9.7 0 0.82
60800 10 10 0.106 0.02 0.335 0.941 0.41 25 0 33.66 10.9 0 0.7
60800 10 10 0.027 0.106 0.004 0.784 0.051 25 1210 26.36 1284.1 0 0
60800 10 10 0.112 0.127 0.179 0.829 0.24 46 4 52.66 56.24 0 0.1
60800 10 10 0.12 0.145 0.047 0.841 0.322 35 114 40.44 221.66 0 0
60800 10 10 0.046 0.103 0.302 0.775 0.891 25 0 34.1 7.56 0 0.8
60800 10 10 0.007 0.443 0.293 0.835 0.961 25 0 33.82 5.5 0 0.86
60800 10 10 0.074 0.378 0.298 0.817 0.154 27 1 48.56 43.64 0 0.64
60800 10 10 0.003 0.227 0.119 0.8 0.851 25 0 33.44 11.12 0 0.68
60800 10 10 0.055 0.336 0.242 0.978 0.601 51 0 61.36 11.22 0 0.5
60800 10 10 0.049 0.07 0.326 0.845 0.422 25 0 35.56 5.08 0 0.86
60800 10 10 0.009 0.151 0.224 0.952 0.368 25 0 48.56 26.28 0 0.56
60800 10 10 0.08 0.103 0.252 0.884 0.057 26 27 38.94 148.86 0 0
60800 10 10 0.098 0.172 0.137 0.75 0.632 51 0 62.2 13.3 0 0.54
60800 10 10 0.088 0.02 0.283 0.85 0.474 25 0 34.94 11.26 0 0.72
60800 10 10 0.016 0.055 0.465 0.79 0.583 26 0 41.78 9.28 0 0.76
60800 10 10 0.075 0.046 0.131 0.856 0.063 31 6 47.36 153.58 0 0.22
60800 10 10 0.111 0.109 0.414 0.858 0.814 25 0 38.74 8.58 0 0.74
60800 10 10 0.044 0.01 0.085 0.852 0.378 25 2 33.5 11.98 0 0.76
60800 10 10 0.066 0.113 0.069 0.819 0.305 26 168 32.4 284.2 0 0
60800 10 10 0.117 0.412 0.104 0.918 0.697 29 2 41.66 18.52 0 0.52
60800 10 10 0.022 0.363 0.226 0.867 0.863 25 0 37.16 9.34 0 0.76
60800 10 10 0.021 0.111 0.234 0.809 0.714 25 0 36.42 8.94 0 0.78
60800 10 10 0.097 0.05 0.135 0.783 0.424 25 1 34.48 10.2 0 0.78
60800 10 10 0.096 0.008 0.267 0.814 0.236 25 0 34.32 10.24 0 0.76
60800 10 10 0.07 0.21 0.111 0.854 0.326 25 20 42.78 209.5 0 0
60800 10 10 0.116 0.219 0.454 0.77 0.083 25 7 45.06 180.32 0 0.2
60800 10 10 0.012 0.059 0.247 0.84 0.039 25 0 49.92 129.42 0 0.46
60800 10 10 0.025 0.228 0.128 0.774 0.09 25 89 31.26 654.18 0 0
60800 10 10 0.072 0.247 0.095 0.933 0.897 25 0 33.8 5.6 0 0.82
60800 10 10 0.034 0.093 0.159 0.781 0.894 25 0 37.82 9.16 0 0.74
60800 10 10 0.113 0.22 0.056 0.815 0.068 25 1206 26 1279.3 0 0
60800 10 10 0.038 0.431 0.264 0.812 0.797 25 0 38.22 9.14 0 0.68
60800 10 10 0.082 0.3 0.35 0.757 0.169 32 15 47.86 143.64 0 0
60800 10 10 0.11 0.079 0.071 0.78 0.116 25 621 26.92 898.12 0 0
60800 10 10 0.102 0.422 0.378 0.845 0.647 25 1 35.02 9.46 0 0.76
60800 10 10 0.031 0.454 0.464 0.831 0.32 35 1 41.78 14.8 0 0.68
60800 10 10 0.076 0.007 0.316 0.872 0.944 25 0 37.3 5.46 0 0.76
60800 10 10 0.014 0.036 0.427 0.927 0.501 25 0 39.74 9.76 0 0.68
60800 10 10 0.008 0.213 0.232 0.896 0.742 25 0 32.12 10.2 0 0.74
60800 10 10 0.021 0.285 0.362 0.986 0.747 25 0 33.34 10.78 0 0.7
60800 10 10 0.079 0.157 0.062 0.807 0.981 25 0 36.54 8.92 0 0.78
60800 10 10 0.117 0.395 0.006 0.978 0.556 28 4 42.64 82.66 0 0.38
60800 10 10 0.066 0.495 0.148 0.928 0.478 27 0 47.86 77.16 0 0.34
60800 10 10 0.048 0.054 0.351 0.831 0.815 25 0 33.2 9.16 0 0.7
60800 10 10 0.091 0.465 0.017 0.769 0.491 25 877 26.02 931.68 0 0
60800 10 10 0.056 0.431 0.496 0.865 0.79 25 1 36.72 11.92 0 0.76
60800 10 10 0.106 0.196 0.232 0.815 0.802 25 0 33.18 8.54 0 0.76
60800 10 10 0.085 0.42 0.384 0.934 0.841 25 1 33.3 6.48 0 0.82
60800 10 10 0.026 0.068 0.119 0.864 0.919 25 0 35.22 8.12 0 0.7
60800 10 10 0.021 0.497 0.028 0.783 0.092 25 1102 26.44 1146.88 0 0
60800 10 10 0.03 0.164 0.275 0.769 0.968 25 0 36.96 8.54 0 0.7
60800 10 10 0.073 0.395 0.421 0.924 0.15 28 2 40.54 137.24 0 0.1
60800 10 10 0.059 0.362 0.303 0.921 0.646 25 0 34.2 8.82 0 0.72
60800 10 10 0.089 0.337 0.081 0.931 0.736 27 0 40.72 16.72 0 0.62
60800 10 10 0.108 0.257 0.369 0.925 0.349 39 0 45.84 12.36 0 0.68
60800 10 10 0.117 0.074 0.02 0.854 0.867 25 1 36.76 5.94 0 0.86
60800 10 10 0.099 0.362 0.089 0.969 0.754 46 1 52.8 9.12 0 0.64
60800 10 10 0.075 0.409 0.031 0.913 0.534 29 318 33.48 434.42 0 0
60800 10 10 0.023 0.144 0.388 0.789 0.294 41 0 46.06 10.98 0 0.62
60800 10 10 0.111 0.166 0.173 0.994 0.203 28 113 36.16 177.7 0 0
60800 10 10 0.103 0.055 0.286 0.911 0.273 25 0 39.14 8.08 0 0.72
60800 10 10 0.006 0.311 0.31 0.862 0.714 25 0 33.18 5.52 0 0.84
60800 10 10 0.11 0.047 0.074 0.927 0.717 25 0 36.8 6.04 0 0.86
60800 10 10 0.094 0.088 0.051 0.815 0.533 33 3 46.96 18.78 0 0.32
60800 10 10 0.092 0.135 0.493 0.96 0.475 25 0 36.28 9.86 0 0.74
60800 10 10 0.007 0.416 0.356 0.999 0.426 53 1 58.88 10.6 0 0.66
60800 10 10 0.119 0.257 0.335 0.891 0.296 25 0 45.02 24.24 0 0.66
60800 10 10 0.069 0.063 0.416 0.931 0.479 25 0 35.46 5.68 0 0.8
60800 10 10 0.022 0.246 0.461 0.932 0.647 25 0 37.84 8.3 0 0.84
60800 10 10 0.01 0.102 0.329 0.829 0.057 25 1 38.02 84.32 0 0.5
60800 10 10 0.036 0.073 0.499 0.955 0.07 41 2 49.48 20.84 0 0.28
60800 10 10 0.051 0.173 0.434 0.899 0.512 25 0 37.98 6.18 0 0.86
60800 10 10 0.011 0.431 0.312 0.842 0.291 29 0 37.7 37.74 0 0.78
60800 10 10 0.052 0.376 0.248 0.885 0.947 25 0 33.16 7.94 0 0.8
60800 10 10 0.115 0.327 0.381 0.851 0.188 33 2 47.48 80.58 0 0.28
60800 10 10 0.071 0.093 0.384 0.769 0.151 51 0 61.8 5.64 0 0.68
60800 10 10 0.017 0.203 0.058 0.751 0.445 28 35 37.2 153.1 0 0
60800 10 10 0.086 0.052 0.236 0.819 0.09 33 2 49.78 8.42 0 0.7
60800 10 10 0.045 0.458 0.076 0.938 0.445 25 56 32.5 242.1 0 0
60800 10 10 0.101 0.481 0.106 0.905 0.754 27 0 40.76 15.5 0 0.64
60800 10 10 0.068 0.211 0.481 0.902 0.338 25 0 42.18 10.14 0 0.78
60800 10 10 0.051 0.173 0.095 0.764 0.094 25 967 26.06 1069.34 0 0
60800 10 10 0.028 0.322 0.445 0.953 0.518 25 0 36.66 8.58 0 0.68
60800 10 10 0.078 0.141 0.35 0.941 0.099 33 0 48.5 101.8 0 0.12
60800 10 10 0.036 0.385 0.337 0.923 0.55 30 0 37.2 7.6 0 0.76
60800 10 10 0.087 0.042 0.459 0.762 0.218 25 0 42.72 4.92 0 0.82
60800 10 10 0.054 0.397 0.076 0.874 0.132 25 1094 26.08 1145.06 0 0
60800 10 10 0.06 0.456 0.301 0.854 0.686 25 0 39.3 11.04 0 0.74
60800 10 10 0.018 0.069 0.045 0.947 0.745 36 0 46.66 5.34 0 0.76
60800 10 10 0.039 0.234 0.119 0.971 0.549 30 2 41.4 27.06 0 0.62
60800 10 10 0.115 0.242 0.253 0.785 0.127 25 309 28.48 693.3 0 0
60800 10 10 0.055 0.215 0.158 0.925 0.518 29 2 43.74 23.94 0 0.58
60800 10 10 0.057 0.467 0.423 0.952 0.827 25 0 40.34 8.44 0 0.74
60800 10 10 0.101 0.327 0.134 0.876 0.303 25 146 36.14 304.38 0 0
60800 10 10 0.032 0.239 0.131 0.942 0.959 25 1 36.5 10 0 0.72
60800 10 10 0.033 0.134 0.493 0.852 0.736 25 0 39.14 8.94 0 0.72
60800 10 10 0.013 0.443 0.068 0.775 0.48 25 3 39.9 120.98 0 0.58
60800 10 10 0.087 0.025 0.219 0.953 0.788 25 0 34.9 8.74 0 0.78
60800 10 10 0.07 0.102 0.121 0.751 0.766 25 0 37.26 8.82 0 0.72
60800 10 10 0.118 0.181 0.195 0.759 0.18 26 125 36.42 226.22 0 0
60800 10 10 0.071 0.439 0.275 0.958 0.081 25 638 26.58 822.44 0 0
60800 10 10 0.073 0.481 0.209 0.803 0.78 26 0 37.96 8.42 0 0.72
60800 10 10 0.114 0.095 0.241 0.957 0.291 25 0 39.66 9.06 0 0.74
60800 10 10 0.013 0.032 0.111 0.948 0.31 25 0 53.7 13.6 0 0.66
60800 10 10 0.091 0.184 0.335 0.878 0.284 41 0 52.76 18.82 0 0.56
60800 10 10 0.005 0.496 0.158 0.817 0.145 28 3 42.2 200.42 0 0.26
60800 10 10 0.073 0.094 0.066 0.779 0.288 25 30 40.14 202.5 0 0
60800 10 10 0.105 0.268 0.356 0.843 0.482 26 0 40.02 9.22 0 0.76
60800 10 10 0.074 0.371 0.343 0.889 0.806 25 1 33.68 9.16 0 0.78
60800 10 10 0.044 0.117 0.365 0.805 0.887 25 0 32.46 9.54 0 0.76
60800 10 10 0.023 0.109 0.167 0.924 0.895 25 0 36.84 8.36 0 0.74
60800 10 10 0.042 0.377 0.201 0.886 0.846 25 1 35.14 8.4 0 0.78
60800 10 10 0.089 0.144 0.046 0.833 0.15 25 990 26.12 1044.82 0 0
60800 10 10 0.108 0.076 0.434 0.88 0.722 25 0 34.58 10.4 0 0.8
60800 10 10 0.021 0.039 0.287 0.882 0.474 25 0 34.4 8.8 0 0.78
60800 10 10 0.057 0.385 0.082 0.897 0.68 30 1 46.88 25.52 0 0.68
60800 10 10 0.036 0.48 0.38 0.836 0.45 50 0 56.5 14.94 0 0.44
60800 10 10 0.073 0.34 0.128 0.811 0.307 31 22 37.9 190.34 0 0
60800 10 10 0.021 0.44 0.133 0.942 0.914 25 0 35.8 9.4 0 0.72
60800 10 10 0.058 0.244 0.185 0.793 0.256 25 5 40.42 173.3 0 0.22
60800 10 10 0.006 0.442 0.008 0.985 0.807 25 0 35.88 12.52 0 0.78
60800 10 10 0.086 0.249 0.039 0.883 0.058 25 748 27.82 1041.94 0 0
60800 10 10 0.019 0.166 0.248 0.925 0.337 31 0 42.92 19.46 0 0.46
60800 10 10 0.051 0.034 0.318 0.989 0.87 25 0 37.7 6.2 0 0.76
60800 10 10 0.058 0.267 0.175 0.997 0.801 25 0 35.48 11.38 0 0.76
60800 10 10 0.054 0.302 0.495 0.802 0.437 26 0 42.62 9.2 0 0.76
60800 10 10 0.06 0.159 0.359 0.889 0.593 25 0 32.64 7.08 0 0.76
60800 10 10 0.094 0.459 0.051 0.784 0.634 30 0 42.28 34.4 0 0.52
60800 10 10 0.03 0.277 0.01 0.793 0.924 32 0 45.92 8.7 0 0.62
60800 10 10 0.049 0.222 0.458 0.898 0.374 28 1 37.64 12.86 0 0.66
60800 10 10 0.015 0.27 0.257 0.796 0.708 28 0 36.12 7.24 0 0.72
60800 10 10 0.037 0.052 0.007 0.757 0.958 25 1 37.16 6.1 0 0.84
60800 10 10 0.049 0.404 0.106 0.925 0.84 25 0 33.3 5.24 0 0.84
60800 10 10 0.109 0.424 0.161 0.835 0.306 28 79 38.16 199.92 0 0
60800 10 10 0.051 0.394 0.351 0.814 0.392 27 1 34.44 21.04 0 0.64
60800 10 10 0.054 0.032 0.048 0.857 0.65 25 0 32.64 6 0 0.76
60800 10 10 0.056 0.107 0.034 0.8 0.117 25 1098 26.16 1172.4 0 0
60800 10 10 0.07 0.098 0.406 0.979 0.898 33 0 42.52 7.62 0 0.7
60800 10 10 0.101 0.302 0.152 0.89 0.004 25 958 26.2 1019.9 0 0
60800 10 10 0.033 0.143 0.34 0.884 0.646 26 0 35.38 7.56 0 0.8
60800 10 10 0.103 0.122 0.446 0.961 0.618 44 0 52.62 8.34 0 0.7
60800 10 10 0.12 0.13 0.244 0.931 0.108 29 5 47 49.44 0 0.44
60800 10 10 0.056 0.158 0.387 0.778 0.42 25 0 38.84 8.86 0 0.74
60800 10 10 0.107 0.282 0.43 0.779 0.191 30 4 44.38 53.56 0 0.36
60800 10 10 0.019 0.068 0.149 0.932 0.935 25 0 36.22 6.82 0 0.8
60800 10 10 0.009 0.492 0.454 0.89 0.415 43 0 49.38 8.82 0 0.76
60800 10 10 0.068 0.082 0.108 0.908 0.475 45 0 51.98 12.56 0 0.58
60800 10 10 0.11 0.077 0.245 0.84 0.469 25 0 31.94 7.2 0 0.84
60800 10 10 0.12 0.202 0.283 0.961 0.673 53 0 60.4 6.54 0 0.78
60800 10 10 0.036 0.482 0.406 0.852 0.762 26 0 37.18 7.7 0 0.76
60800 10 10 0.052 0.081 0.066 0.97 0.99 55 1 61.84 9.86 0 0.74
60800 10 10 0.111 0.408 0.065 0.956 0.353 25 44 37.62 350.06 0 0
60800 10 10 0.111 0.065 0.41 0.77 0.548 25 0 33.46 10.88 0 0.78
60800 10 10 0.019 0.069 0.245 0.971 0.581 25 0 35.54 9.6 0 0.76
60800 10 10 0.111 0.064 0.416 0.935 0.54 25 1 34.94 8.58 0 0.72
60800 10 10 0.078 0.403 0.26 0.926 0.006 25 1061 26.32 1102.28 0 0
60800 10 10 0.011 0.15 0.172 0.819 0.049 28 159 36.9 363.08 0 0
60800 10 10 0.095 0.491 0.337 0.94 0.709 25 0 33.66 9.16 0 0.82
60800 10 10 0.062 0.064 0.237 0.926 0.594 25 0 33.28 9.18 0 0.84
60800 10 10 0.013 0.301 0.254 0.951 0.989 25 0 35.62 6.44 0 0.86
60800 10 10 0.044 0.426 0.283 0.79 0.241 27 2 42.78 79.98 0 0.36
60800 10 10 0.112 0.026 0.056 0.914 0.069 25 129 32.78 254.44 0 0
60800 10 10 0.016 0.25 0.406 0.955 0.808 25 0 34.84 8.8 0 0.7
60800 10 10 0.083 0.09 0.036 0.849 0.16 25 617 31.08 774.44 0 0
60800 10 10 0.119 0.197 0.393 0.844 0.491 25 0 36.36 6.06 0 0.84
60800 10 10 0.005 0.482 0.433 0.999 0.839 26 0 38.02 6.54 0 0.76
60800 10 10 0.06 0.436 0.105 0.954 0.391 25 17 48.96 141.56 0 0
60800 10 10 0.034 0.297 0.486 0.921 0.017 25 30 29.08 441.02 0 0
60800 10 10 0.116 0.292 0.079 0.91 0.364 26 310 31.54 457.08 0 0
60800 10 10 0.109 0.099 0.311 0.955 0.093 32 4 49.44 29.1 0 0.48
60800 10 10 0.101 0.338 0.305 0.906 0.912 25 0 33.88 11.12 0 0.72
60800 10 10 0.067 0.324 0.446 0.894 0.867 25 0 36.74 6.06 0 0.86
60800 10 10 0.075 0.036 0.258 0.862 0.298 25 0 32.56 6.4 0 0.82
60800 10 10 0.027 0.046 0.251 0.964 0.252 25 1 35.12 9.66 0 0.7
60800 10 10 0.116 0.055 0.073 0.766 0.342 38 1 49.02 9.68 0 0.64
60800 10 10 0.029 0.48 0.42 0.973 0.622 32 0 44.86 7.34 0 0.74
60800 10 10 0.058 0.432 0.181 0.998 0.489 32 3 45.9 40.54 0 0.52
60800 10 10 0.008 0.203 0.041 0.872 0.177 25 564 31.6 691.5 0 0
60800 10 10 0.027 0.224 0.309 0.905 0.399 31 0 41.54 22.02 0 0.46
60800 10 10 0.027 0.276 0.04 0.844 0.765 25 0 38.38 13.8 0 0.7
60800 10 10 0.045 0.277 0.479 0.778 0.214 39 0 47.86 21.82 0 0.52
60800 10 10 0.048 0.323 0.106 0.803 0.701 64 0 70.4 9.2 0 0.66
60800 10 10 0.047 0.144 0.072 0.899 0.519 44 2 62.04 26.12 0 0.48
60800 10 10 0.102 0.381 0.393 0.796 0.96 25 0 37.6 9.84 0 0.78
60800 10 10 0.086 0.189 0.295 0.888 0.038 25 30 28.54 685.32 0 0
60800 10 10 0.039 0.003 0.271 0.995 0.844 25 0 33.86 10.42 0 0.78
60800 10 10 0.113 0.114 0.071 0.838 0.474 38 1 46.12 11.28 0 0.64
60800 10 10 0.071 0.312 0.045 0.86 0.877 25 0 35.22 10.26 0 0.66
60800 10 10 0.063 0.045 0.248 0.853 0.391 25 0 36.74 6.68 0 0.86
60800 10 10 0.024 0.037 0.397 0.793 0.571 25 0 35.6 10.46 0 0.8
60800 10 10 0.09 0.217 0.051 0.871 0.491 27 141 34.7 247.44 0 0
60800 10 10 0.053 0.074 0.422 0.803 0.548 31 0 40.62 5.46 0 0.78
60800 10 10 0.045 0.395 0.385 0.99 0.61 25 1 35.02 10.68 0 0.7
60800 10 10 0.066 0.143 0.278 0.756 0.685 25 0 35.34 10.1 0 0.74
60800 10 10 0.013 0.295 0.321 0.994 0.186 31 2 42.98 61 0 0.62
60800 10 10 0.027 0.433 0.287 0.931 0.356 34 1 43.48 50.02 0 0.48
60800 10 10 0.065 0.135 0.397 0.816 0.77 25 0 35.18 5.94 0 0.86
60800 10 10 0.025 0.247 0.439 0.754 0.675 25 0 36.44 10.42 0 0.76
60800 10 10 0.029 0.282 0.291 0.797 0.488 46 1 59.78 12.6 0 0.48
60800 10 10 0.117 0.096 0.407 0.957 0.171 25 0 34.8 8.22 0 0.86
60800 10 10 0.112 0.167 0.383 0.782 0.97 25 1 32.14 8.5 0 0.82
60800 10 10 0.041 0.232 0.123 0.966 0.888 25 0 35.16 9.48 0 0.76
60800 10 10 0.01 0.147 0.435 0.758 0.743 48 0 53.86 5.18 0 0.82
60800 10 10 0.111 0.077 0.497 0.871 0.05 50 0 55.58 39.08 0 0.46
60800 10 10 0.004 0.219 0.251 0.752 0.674 31 0 43.22 8.64 0 0.68
60800 10 10 0.041 0.365 0.145 0.898 0.68 36 0 50.5 13.78 0 0.64
60800 10 10 0.048 0.323 0.212 0.807 0.955 25 0 37.28 9.7 0 0.76
60800 10 10 0.045 0.463 0.175 0.913 0.478 46 1 55.64 38.36 0 0.4
60800 10 10 0.062 0.16 0.486 0.821 0.197 34 0 47.22 16.6 0 0.58
60800 10 10 0.045 0.398 0.184 0.978 0.781 27 1 38.52 8.86 0 0.8
60800 10 10 0.108 0.369 0.287 0.923 0.813 25 0 38.08 9.88 0 0.74
60800 10 10 0.108 0.297 0.426 0.903 0.267 32 0 47.16 42.1 0 0.34
60800 10 10 0.07 0.306 0.148 0.782 0.367 42 8 51.76 93.48 0 0.04
60800 10 10 0.045 0.196 0.042 0.788 0.785 41 0 53.52 10.92 0 0.6
60800 10 10 0.05 0.483 0.386 0.91 0.146 25 2 42.46 165.56 0 0.32
60800 10 10 0.032 0.227 0.222 0.755 0.346 28 1 38.62 26.92 0 0.68
60800 10 10 0.077 0.019 0.328 0.92 0.828 25 0 37.26 8.7 0 0.68
60800 10 10 0.067 0.107 0.464 0.782 0.254 25 0 35.7 9.98 0 0.76
60800 10 10 0.029 0.242 0.18 0.802 0.249 25 3 39.64 185.22 0 0.08
60800 10 10 0.108 0.188 0.043 0.802 0.441 26 121 36.72 228.88 0 0
60800 10 10 0.011 0.118 0.024 0.987 0.022 25 1026 26.16 1083.18 0 0
60800 10 10 0.107 0.109 0.425 0.949 0.917 25 0 36.74 10.42 0 0.68
60800 10 10 0.079 0.01 0.282 0.777 0.033 25 0 42.68 8.5 0 0.74
60800 10 10 0.023 0.271 0.147 0.947 0.794 30 0 40.82 8.44 0 0.72
60800 10 10 0.077 0.256 0.362 0.935 0.888 25 0 36.02 9.92 0 0.72
60800 10 10 0.115 0.256 0.368 0.884 0.074 25 65 34.88 273.42 0 0
60800 10 10 0.006 0.392 0.25 0.757 0.912 25 0 34.84 10.04 0 0.8
60800 10 10 0.033 0.148 0.083 0.977 0.428 28 2 52.16 81.34 0 0.28
60800 10 10 0.072 0.173 0.173 0.758 0.636 31 0 39.92 8.22 0 0.72
60800 10 10 0.077 0.02 0.233 0.791 0.114 26 0 39.52 7.18 0 0.78
60800 10 10 0.058 0.169 0.049 0.764 0.408 25 125 31.94 305.34 0 0
60800 10 10 0.059 0.408 0.023 0.933 0.379 25 224 31.96 593.48 0 0
60800 10 10 0.049 0.002 0.241 0.824 0.495 25 0 38.14 9.42 0 0.7
60800 10 10 0.088 0.308 0.218 0.994 0.482 26 1 34.64 40.74 0 0.74
60800 10 10 0.052 0.212 0.384 0.82 0.02 37 123 43.7 193.56 0 0
60800 10 10 0.093 0.12 0.448 0.872 0.479 25 0 38.1 12.98 0 0.74
60800 10 10 0.073 0.301 0.401 0.849 0.283 30 2 42.72 44.38 0 0.48
60800 10 10 0.101 0.341 0.129 0.836 0.434 25 2 37.68 104.16 0 0.62
60800 10 10 0.05 0.08 0.478 0.974 0.967 25 0 37.66 6.22 0 0.78
60800 10 10 0.061 0.442 0.081 0.786 0.492 25 32 36.36 235.72 0 0
60800 10 10 0.099 0.368 0.498 0.822 0.023 25 810 26.18 878.88 0 0
60800 10 10 0.112 0.489 0.083 0.797 0.957 25 0 33.72 9.62 0 0.74
60800 10 10 0.018 0.126 0.08 0.758 0.014 25 1061 26.12 1107.32 0 0
60800 10 10 0.086 0.083 0.482 0.825 0.246 25 0 36.06 7.68 0 0.78
60800 10 10 0.011 0.478 0.212 0.866 0.545 26 0 39.7 17.14 0 0.6
60800 10 10 0.061 0.084 0.123 0.795 0.658 30 1 43.28 10.5 0 0.72
60800 10 10 0.049 0.3 0.003 0.916 0.677 35 3 43.96 25.2 0 0.7
60800 10 10 0.088 0.195 0.166 0.778 0.149 25 252 42.68 376.1 0 0
60800 10 10 0.067 0.106 0.428 0.774 0.947 25 0 38.48 11.78 0 0.74
60800 10 10 0.032 0.145 0.324 0.776 0.921 25 0 37.24 10.14 0 0.72
60800 10 10 0.008 0.385 0.209 0.831 0.177 25 2 48.28 152.56 0 0.2
60800 10 1 0.054 0.43 0.236 0.856 0.768 99 4 109.46 13.6 0.34 0.38
60800 10 1 0.002 0.443 0.262 0.935 0.334 30 2 51.98 83.94 0 0.36
60800 10 1 0.108 0.328 0.247 0.965 0.765 92 1 103.22 15.98 0.12 0.4
60800 10 1 0.037 0.499 0.392 0.995 0.393 66 0 84.7 14.84 0 0.64
60800 10 1 0.109 0.265 0.179 0.931 0.071 25 782 28.16 876.36 0 0
60800 10 1 0.098 0.26 0.107 0.784 0.449 26 33 34.5 151.58 0 0
60800 10 1 0.059 0.316 0.422 0.831 0.922 89 1 104.64 11.26 0.34 0.52
60800 10 1 0.025 0.271 0.331 0.917 0.899 85 0 101.9 14.04 0.2 0.54
60800 10 1 0.035 0.313 0.034 0.928 0.444 25 103 39.2 497.7 0 0
60800 10 1 0.018 0.328 0.101 0.861 0.462 41 67 48.96 130.7 0 0
60800 10 1 0.043 0.473 0.377 0.784 0.519 69 0 92.72 8.9 0 0.7
60800 10 1 0.089 0.057 0.017 0.965 0.958 97 0 109.36 9.7 0.42 0.62
60800 10 1 0.012 0.46 0.218 0.757 0.594 80 1 96.3 15.94 0 0.48
60800 10 1 0.091 0.055 0.481 0.911 0.831 84 3 96.48 12.18 0 0.6
60800 10 1 0.098 0.345 0.378 0.871 0.135 25 41 36.38 180.64 0 0
60800 10 1 0.009 0.359 0.061 0.998 0.108 25 571 26.74 900.84 0 0
60800 10 1 0.089 0.307 0.035 0.87 0.667 68 5 82.86 32.06 0 0.06
60800 10 1 0.09 0.251 0.301 0.818 0.947 78 1 97.02 12.38 0.22 0.6
60800 10 1 0.07 0.312 0.355 0.823 0.614 79 0 92.52 7.86 0 0.7
60800 10 1 0.064 0.324 0.294 0.841 0.848 84 1 105.78 7.64 0.4 0.7
60800 10 1 0.086 0.446 0.034 0.775 0.09 25 745 28.62 897.88 0 0
60800 10 1 0.038 0.345 0.165 0.889 0.25 25 39 32.62 226.94 0 0
60800 10 1 0.081 0.163 0.013 0.815 0.13 25 885 26.62 1085.82 0 0
60800 10 1 0.113 0.032 0.187 0.921 0.609 94 1 104.66 10.56 0.18 0.56
60800 10 1 0.02 0.343 0.117 0.828 0.949 105 0 111.28 9.62 0.42 0.52
60800 10 1 0.021 0.189 0.169 0.824 0.49 63 5 73.26 27.46 0 0.2
60800 10 1 0.113 0.26 0.126 0.774 0.584 61 3 75.14 22.4 0 0.24
60800 10 1 0.041 0.005 0.079 0.876 0.097 64 0 93.86 15 0.26 0.72
60800 10 1 0.114 0.411 0.009 0.986 0.759 88 2 98.34 15.92 0.02 0.28
60800 10 1 0.111 0.065 0.466 0.82 0.534 86 0 98.92 7.16 0 0.68
60800 10 1 0.002 0.002 0.169 0.878 0.997 86 0 103.56 11.24 0.26 0.74
60800 10 1 0.021 0.129 0.4 0.835 0.556 92 2 106.92 17 0.22 0.38
60800 10 1 0.113 0.45 0.195 0.899 0.196 25 544 27.94 791.76 0 0
60800 10 1 0.094 0.216 0.252 0.876 0.299 36 0 54.72 43.16 0 0.38
60800 10 1 0.081 0.233 0.495 0.888 0.755 89 0 104.04 12.38 0.28 0.54
60800 10 1 0.097 0.47 0.25 0.814 0.089 25 876 26.12 1115.66 0 0
60800 10 1 0.03 0.437 0.351 0.784 0.412 62 4 82.44 29.08 0 0.3
60800 10 1 0.04 0.256 0.013 0.754 0.764 80 2 97.62 20.48 0 0.22
60800 10 1 0.092 0.496 0.484 0.8 0.759 93 0 104.84 7.98 0.32 0.6
60800 10 10 0.004 0.05 0.47 0.75 0.667 31 0 39.74 6.4 0 0.78
60800 10 10 0.11 0.384 0.127 0.888 0.705 28 0 40.16 14.12 0 0.64
60800 10 10 0.013 0.166 0.054 0.787 0.549 26 6 48.22 125.38 0 0.2
60800 10 10 0.041 0.377 0.349 0.8 0.76 25 0 40.64 4.82 0 0.86
60800 10 10 0.077 0.338 0.227 0.913 0.19 25 11 41.98 215.06 0 0
60800 10 10 0.05 0.295 0.499 0.753 0.86 25 1 35.98 6.96 0 0.8
60800 10 10 0.094 0.074 0.066 0.943 0.945 25 0 36.14 8.02 0 0.78
60800 10 10 0.089 0.277 0.358 0.917 0.022 25 678 27.14 838.32 0 0
60800 10 10 0.055 0.069 0.131 0.789 0.843 25 0 32.56 9.06 0 0.84
60800 10 10 0.036 0.384 0.5 0.821 0.654 27 1 42.92 5.16 0 0.86
60800 10 10 0.05 0.346 0.148 0.852 0.881 25 1 35.4 9.42 0 0.74
60800 10 10 0.08 0.461 0.356 0.992 0.226 36 58 46.26 96.46 0 0
60800 10 10 0.075 0.351 0.022 0.893 0.837 25 0 45.12 13.66 0 0.66
60800 10 10 0.065 0.359 0.472 0.827 0.202 36 2 46.62 35.16 0 0.14
60800 10 10 0.087 0.467 0.059 0.913 0.48 25 201 33.08 354.76 0 0
60800 10 10 0.029 0.307 0.314 0.819 0.388 36 0 54.26 18.74 0 0.52
60800 10 10 0.084 0.443 0.052 0.963 0.412 25 228 31.92 509.94 0 0
60800 10 10 0.099 0.247 0.197 0.894 0.139 25 554 27.04 822.52 0 0
60800 10 10 0.111 0.258 0.347 0.765 0.224 27 1 40.92 90.04 0 0.36
60800 10 10 0.026 0.257 0.383 0.814 0.931 26 0 38.66 9.46 0 0.76
60800 10 10 0.013 0.254 0.232 0.95 0.49 29 0 38.46 15.06 0 0.58
60800 10 10 0.112 0.088 0.299 0.785 0.61 25 0 37.66 5.54 0 0.8
60800 10 10 0.029 0.169 0.05 0.777 0.683 30 0 49.48 27.16 0 0.46
60800 10 10 0.115 0.228 0.342 0.945 0.258 34 0 46.08 24.26 0 0.46
60800 10 10 0.011 0.196 0.178 0.903 0.513 48 1 54.74 18.24 0 0.5
60800 10 10 0.047 0.032 0.087 0.905 0.851 25 1 32.46 6.98 0 0.84
60800 10 10 0.001 0.319 0.097 0.992 0.408 27 3 38.24 105.64 0 0.32
60800 10 10 0.113 0.354 0.224 0.945 0.306 28 7 40.28 131.06 0 0.04
60800 10 10 0.034 0.263 0.456 0.8 0.368 47 0 58.66 6.62 0 0.66
60800 10 10 0.007 0.035 0.245 0.871 0.848 25 0 39.1 9.98 0 0.7
60800 10 10 0.111 0.159 0.194 0.898 0.228 27 1 42.7 94.12 0 0.32
60800 10 10 0.002 0.382 0.337 0.96 0.237 28 3 52.18 60.82 0 0.52
60800 10 10 0.029 0.336 0.111 0.953 0.558 32 2 49.36 27.74 0 0.42
60800 10 10 0.072 0.071 0.448 0.841 0.388 25 0 33.26 9.64 0 0.72
60800 10 10 0.018 0.213 0.24 0.898 0.016 25 626 27.12 868.28 0 0
60800 10 10 0.096 0.092 0.086 0.769 0.557 37 0 46.32 7.64 0 0.64
60800 10 10 0.097 0.16 0.145 0.967 0.94 25 0 32.26 10.9 0 0.76
60800 10 10 0.079 0.236 0.241 0.809 0.478 42 0 50.22 18.24 0 0.48
60800 10 10 0.035 0.093 0.253 0.798 0.837 25 0 35.72 6.64 0 0.8
60800 10 10 0.065 0.101 0.03 0.837 0.439 28 139 33.8 325.98 0 0
60800 10 10 0.047 0.038 0.449 0.878 0.373 25 0 38.16 7.84 0 0.74
60800 10 10 0.023 0.407 0.313 0.824 0.722 25 0 33.52 6.48 0 0.84
60800 10 10 0.034 0.034 0.193 0.929 0.061 27 2 34.86 95.34 0 0.26
60800 10 10 0.079 0.487 0.372 0.91 0.656 25 1 33.94 10.82 0 0.76
60800 10 10 0.005 0.006 0.307 0.927 0.211 25 0 33.02 9.52 0 0.72
60800 10 10 0.029 0.467 0.114 0.863 0.48 30 11 46.12 72.56 0 0
60800 10 10 0.015 0.301 0.053 0.991 0.932 26 0 38.1 7.94 0 0.7
60800 10 10 0.097 0.386 0.492 0.837 0.453 25 0 33.68 10.4 0 0.74
60800 10 10 0.116 0.184 0.474 0.865 0.171 42 0 51.18 3.28 0 0.86
60800 10 10 0.054 0.03 0.015 0.798 0.347 27 0 38.4 48.28 0 0.3
60800 10 10 0.064 0.1 0.248 0.831 0.292 51 0 62.02 10.28 0 0.66
60800 10 10 0.068 0.439 0.322 0.962 0.748 25 0 37.86 8.72 0 0.76
60800 10 10 0.117 0.402 0.083 0.756 0.824 53 0 62.38 7.62 0 0.68
60800 10 10 0.1 0.216 0.051 0.977 0.461 25 58 38.58 200.82 0 0
60800 10 10 0.096 0.314 0.132 0.891 0.063 25 968 26.3 1028.62 0 0
60800 10 10 0.037 0.499 0.498 0.887 0.006 25 521 26.98 890 0 0
60800 10 10 0.05 0.495 0.286 0.882 0.037 25 875 26.32 919.92 0 0
60800 10 10 0.022 0.193 0.368 0.764 0.324 52 0 66.54 16.4 0 0.6
60800 10 10 0.057 0.473 0.362 0.754 0.78 25 0 36.56 10.04 0 0.74
60800 10 10 0.077 0.149 0.393 0.796 0.648 25 0 37.86 7.38 0 0.78
60800 10 10 0.045 0.362 0.237 0.841 0.961 25 0 36.74 5.98 0 0.84
60800 10 10 0.043 0.41 0.323 0.784 0.904 25 0 32 9.22 0 0.78
60800 10 10 0.005 0.483 0.313 0.875 0.669 25 0 37.32 7.62 0 0.74
60800 10 10 0.028 0.229 0.235 0.989 0.861 25 0 31.24 10.54 0 0.76
60800 10 10 0.109 0.409 0.411 0.958 0.972 25 0 34.98 4.76 0 0.88
60800 10 10 0.035 0.469 0.267 0.889 0.731 25 0 37.98 9.4 0 0.78
60800 10 10 0.118 0.249 0.489 0.959 0.962 25 1 31.94 6.18 0 0.9
60800 10 10 0.042 0.472 0.454 0.784 0.198 31 0 50.14 28.66 0 0.48
60800 10 10 0.04 0.496 0.057 0.789 0.871 25 0 39.54 8.84 0 0.6
60800 10 10 0.02 0.412 0.368 0.936 0.203 45 3 56.7 40.02 0 0.34
60800 10 10 0.081 0.482 0.161 0.866 0.013 25 1088 26.38 1140.12 0 0
60800 10 10 0.08 0.012 0.495 0.883 0.381 25 0 35.68 6.54 0 0.8
60800 10 10 0.101 0.254 0.355 0.843 0.423 26 0 38.04 10.04 0 0.68
60800 10 10 0.058 0.16 0.469 0.851 0.289 25 0 40.04 10.74 0 0.78
60800 10 10 0.016 0.278 0.082 0.774 0.047 25 1096 26.08 1131.28 0 0
60800 10 10 0.1 0.053 0.5 0.842 0.604 48 0 55.28 5.02 0 0.8
60800 10 10 0.001 0.103 0.141 0.782 0.252 28 0 52.94 34.86 0 0.36
60800 10 10 0.04 0.438 0.411 0.786 0.213 32 2 50.98 71.1 0 0.5
60800 10 10 0.096 0.115 0.451 0.918 0.782 25 0 36.66 8.12 0 0.76
60800 10 10 0.069 0.497 0.422 0.988 0.376 32 0 39.44 22.52 0 0.5
60800 10 10 0.104 0.376 0.492 0.994 0.324 25 1 33.16 13.2 0 0.82
60800 10 10 0.029 0.121 0.172 0.759 0.072 25 120 33.62 502.68 0 0
60800 10 10 0.103 0.125 0.12 0.899 0.926 25 0 34.16 8.38 0 0.82
60800 10 10 0.01 0.121 0.291 0.803 0.355 41 0 53.72 5.38 0 0.74
60800 10 10 0.051 0.386 0.116 0.878 0.981 26 0 36.84 5.04 0 0.82
60800 10 10 0.063 0.181 0.112 0.759 0.151 25 627 26.56 886.82 0 0
60800 10 10 0.06 0.388 0.173 0.929 0.895 25 0 42.92 10.4 0 0.76
60800 10 10 0.017 0.256 0.451 0.779 0.912 25 0 36.54 4.66 0 0.8
60800 10 10 0.113 0.407 0.05 0.764 0.553 29 19 46.32 179.5 0 0
60800 10 10 0.053 0.468 0.27 0.939 0.728 25 0 38.5 8.74 0 0.74
60800 10 10 0.028 0.355 0.128 0.754 0.977 25 0 35.8 3.96 0 0.82
60800 10 10 0.051 0.346 0.339 0.83 0.633 25 0 36.62 11.28 0 0.78
60800 10 10 0.015 0.291 0.182 0.907 0.333 29 3 40.72 89.84 0 0.16
60800 10 10 0.08 0.409 0.453 0.768 0.039 28 114 40.58 240.98 0 0
60800 10 10 0.032 0.148 0.08 0.937 0.393 32 4 42.82 75.18 0 0.08
60800 10 10 0.094 0.025 0.102 0.933 0.593 25 0 34.24 3.04 0 0.9
60800 10 10 0.076 0.425 0.412 0.822 0.967 25 0 33.48 6.16 0 0.86
60800 10 10 0.006 0.166 0.318 0.875 0.61 25 0 36.36 8.7 0 0.78
60800 10 10 0.08 0.35 0.375 0.785 0.953 26 0 36.22 7.76 0 0.7
60800 10 10 0.033 0.49 0.086 0.877 0.399 25 257 31.6 331.08 0 0
60800 10 10 0.092 0.214 0.278 0.878 0.336 28 3 41.4 20.54 0 0.56
60800 10 10 0.059 0.257 0.011 0.995 0.262 25 1215 26.34 1249.92 0 0
60800 10 10 0.077 0.012 0.275 0.879 0.282 26 0 36.68 11.46 0 0.78
60800 10 10 0.026 0.077 0.032 0.775 0.731 48 0 58.78 11.24 0 0.48
60800 10 10 0.065 0.11 0.154 0.827 0.375 48 2 60.48 18.92 0 0.26
60800 10 10 0.02 0.361 0.325 0.845 0.885 25 0 38.42 9.92 0 0.72
60800 10 10 0.064 0.214 0.182 0.925 0.333 35 0 52.22 46.4 0 0.2
60800 10 10 0.089 0.086 0.136 0.952 0.282 41 0 55.94 16.64 0 0.46
60800 10 10 0.104 0.492 0.158 0.758 0.115 25 598 29.82 744.26 0 0
60800 10 10 0.037 0.272 0.406 0.972 0.607 25 0 34.6 10.86 0 0.74
60800 10 10 0.059 0.081 0.161 0.94 0.286 31 0 43.82 14.82 0 0.68
60800 10 10 0.041 0.186 0.268 0.841 0.437 41 0 48.86 17.12 0 0.58
60800 10 10 0.021 0.416 0.026 0.852 0.42 25 963 26.5 1039.66 0 0
60800 10 10 0.063 0.269 0.035 0.777 0.58 27 10 43.46 95.98 0 0
60800 10 10 0.061 0.222 0.396 0.771 0.536 25 0 36.28 6.38 0 0.8
60800 10 10 0.077 0.305 0.421 0.805 0.044 25 142 33.58 545.26 0 0
60800 10 10 0.03 0.036 0.294 0.866 0.642 25 0 34.96 10.44 0 0.74
60800 10 10 0.094 0.321 0.481 0.906 0.031 25 410 30.66 479.76 0 0
60800 10 10 0.062 0.174 0.322 0.848 0.479 25 0 33.56 5.62 0 0.74
60800 10 10 0.014 0.499 0.029 0.772 0.452 25 472 29.74 711.58 0 0
60800 10 10 0.022 0.269 0.077 0.994 0.395 31 34 40.5 109.98 0 0
60800 10 10 0.108 0.078 0.377 0.751 0.85 25 0 33.54 5.18 0 0.84
60800 10 10 0.107 0.483 0.483 0.947 0.414 29 1 43.18 13.16 0 0.52
60800 10 10 0.035 0.329 0.378 0.763 0.502 27 1 43.18 11.54 0 0.6
60800 10 10 0.077 0.337 0.257 0.831 0.026 25 625 29.94 798.36 0 0
60800 10 10 0.027 0.263 0.202 0.903 0.41 44 1 55.34 30.94 0 0.42
60800 10 10 0.074 0.091 0.424 0.981 0.435 25 0 36.18 10.6 0 0.74
60800 10 10 0.04 0.289 0.051 0.831 0.19 25 538 28.52 795.88 0 0
60800 10 10 0.096 0.287 0.278 0.984 0.561 44 0 60.76 10.06 0 0.6
60800 10 10 0.018 0.427 0.008 0.876 0.809 26 0 38.8 10.34 0 0.74
60800 10 10 0.079 0.372 0.478 0.835 0.956 25 0 40.1 8.4 0 0.72
60800 10 10 0.04 0.236 0.151 0.845 0.198 26 2 43.44 227.12 0 0.12
60800 10 10 0.055 0.22 0.117 0.935 0.289 26 5 46.56 113.36 0 0.22
60800 10 10 0.066 0.07 0.221 0.837 0.26 37 0 45.8 11.26 0 0.72
60800 10 10 0.084 0.489 0.034 0.768 0.222 25 713 28.92 933.66 0 0
60800 10 10 0.108 0.298 0.071 0.952 0.793 27 1 43.76 12.88 0 0.64
60800 10 10 0.073 0.318 0.133 0.798 0.651 50 0 70.7 16.14 0 0.52
60800 10 10 0.012 0.404 0.449 0.766 0.77 25 0 33.98 9.8 0 0.72
60800 10 10 0.089 0.268 0.421 0.907 0.822 26 0 41.36 7.92 0 0.64
60800 10 10 0.117 0.437 0.217 0.808 0.149 25 162 31.48 475.36 0 0
60800 10 10 0.078 0.244 0.141 0.818 0.47 45 3 51.56 34.06 0 0.24
60800 10 10 0.068 0.118 0.102 0.933 0.9 25 1 35.22 6.1 0 0.86
60800 10 10 0.044 0.445 0.172 0.757 0.186 25 91 36.24 424.76 0 0
60800 10 10 0.033 0.069 0.456 0.819 0.876 25 0 36.36 11.2 0 0.7
60800 10 10 0.106 0.462 0.163 0.921 0.909 25 0 36.3 4.6 0 0.84
60800 10 10 0.064 0.287 0.297 0.958 0.029 25 885 26.14 921.06 0 0
60800 10 10 0.04 0.29 0.066 0.906 0.221 25 74 27.88 840.52 0 0
60800 10 10 0.076 0.455 0.233 0.948 0.147 25 407 27.96 673.3 0 0
60800 10 10 0.051 0.5 0.186 0.765 0.137 25 421 27.58 686.86 0 0
60800 10 10 0.093 0.284 0.252 0.906 0.942 25 0 34.64 5.78 0 0.84
60800 10 10 0.049 0.158 0.003 0.781 0.403 25 573 32.76 714.44 0 0
60800 10 10 0.033 0.383 0.456 0.994 0.68 25 0 32.08 7.84 0 0.78
60800 10 10 0.035 0.324 0.395 0.764 0.146 30 2 51.16 52.34 0 0.28
60800 10 10 0.087 0.204 0.174 0.988 0.771 25 0 32.8 5.96 0 0.86
60800 10 10 0.032 0.263 0.202 0.88 0.479 48 2 55.7 28.48 0 0.46
60800 10 10 0.063 0.142 0.306 0.989 0.789 31 0 42.32 7.68 0 0.76
60800 10 10 0.071 0.212 0.137 0.921 0.348 33 1 42.34 66.96 0 0.14
60800 10 10 0.074 0.085 0.412 0.984 0.164 25 0 33 12.28 0 0.7
60800 10 10 0.118 0.344 0.316 0.973 0.732 25 0 34.62 8.88 0 0.74
60800 10 10 0.046 0.103 0.461 0.841 0.47 25 0 33.9 11.56 0 0.74
60800 10 10 0.072 0.475 0.257 0.817 0.946 25 0 34.56 9.54 0 0.74
60800 10 10 0.119 0.476 0.344 0.951 0.22 34 3 51.86 53.44 0 0.26
60800 10 10 0.032 0.3 0.386 0.866 0.536 25 0 38.52 8.1 0 0.7
60800 10 10 0.017 0.326 0.229 0.856 0.298 34 3 47.1 61.62 0 0.38
60800 10 10 0.085 0.028 0.37 0.88 0.664 25 0 35 6.46 0 0.8
60800 10 10 0.05 0.419 0.495 0.853 0.262 37 0 59 18.54 0 0.5
60800 10 10 0.102 0.337 0.439 0.813 0.551 25 0 35.38 9.58 0 0.7
60800 10 10 0.007 0.35 0.097 0.876 0.006 25 811 27.18 1022.8 0 0
60800 10 10 0.045 0.499 0.418 0.903 0.571 25 0 34.98 7.36 0 0.82
60800 10 10 0.078 0.15 0.146 0.829 0.835 25 0 38.42 8.6 0 0.74
60800 10 10 0.074 0.253 0.071 0.797 0.786 32 0 46.9 10.52 0 0.68
60800 10 10 0.057 0.395 0.255 0.878 0.609 25 0 46.64 14.22 0 0.76
60800 10 10 0.049 0.374 0.174 0.996 0.289 29 0 47.38 73.06 0 0.48
60800 10 10 0.015 0.245 0.373 0.78 0.187 28 3 39.38 62.58 0 0.56
60800 10 10 0.028 0.462 0.481 0.798 0.667 25 0 32.28 8.62 0 0.84
60800 10 10 0.094 0.383 0.143 0.952 0.396 25 28 43.9 150.14 0 0
60800 10 10 0.11 0.161 0.369 0.849 0.927 25 0 33.18 8.22 0 0.74
60800 10 10 0.096 0.069 0.168 0.768 0.614 25 0 35.6 12.4 0 0.74
60800 10 10 0.003 0.415 0.347 0.998 0.131 29 4 46.72 132.62 0 0.06
60800 10 10 0.042 0.235 0.49 0.779 0.79 25 0 36.9 9.34 0 0.74
60800 10 10 0.108 0.246 0.1 0.816 0.982 25 0 33.24 10.44 0 0.82
60800 10 10 0.025 0.213 0.077 0.831 0.047 25 1168 25.98 1220.22 0 0
60800 10 10 0.028 0.408 0.144 0.827 0.515 28 2 38.16 54.6 0 0.44
60800 10 10 0.034 0.09 0.051 0.886 0.015 25 1071 26.24 1120.7 0 0
60800 10 10 0.064 0.325 0.231 0.907 0.318 31 3 39.86 120.06 0 0.26
60800 10 10 0.016 0.469 0.412 0.939 0.528 25 0 33.3 5.58 0 0.82
60800 10 10 0.061 0.004 0.378 0.782 0.854 25 0 34 7.74 0 0.82
60800 10 10 0.094 0.467 0.031 0.935 0.982 25 0 35.96 8.42 0 0.72
60800 10 10 0.065 0.43 0.479 0.776 0.376 43 0 53.52 8.5 0 0.6
60800 10 10 0.023 0.166 0.415 0.843 0.819 25 0 39.86 4.52 0 0.84
60800 10 10 0.102 0.463 0.458 0.955 0.925 27 0 39.16 6.92 0 0.76
60800 10 10 0.014 0.302 0.405 0.963 0.103 25 3 43.58 132.64 0 0.32
60800 10 10 0.013 0.068 0.191 0.796 0.119 26 1 39.88 68.54 0 0.52
60800 10 10 0.106 0.023 0.397 0.781 0.362 25 0 39.44 8 0 0.78
60800 10 10 0.055 0.237 0.423 0.918 0.01 25 452 31.5 539.46 0 0
60800 10 10 0.076 0.351 0.217 0.991 0.544 40 0 45.14 23.94 0 0.46
60800 10 10 0.011 0.256 0.12 0.799 0.699 51 0 62.6 14.36 0 0.56
60800 10 10 0.107 0.213 0.078 0.923 0.318 34 111 39.18 226.78 0 0
60800 10 10 0.052 0.418 0.316 0.845 0.009 25 966 26.36 1048.46 0 0
60800 10 10 0.048 0.189 0.018 0.783 0.762 29 2 42.02 16.88 0 0.64
60800 10 10 0.111 0.241 0.4 0.79 0.014 25 21 44.82 250.8 0 0
60800 10 10 0.085 0.21 0.319 0.949 0.744 26 1 39.48 9.42 0 0.72
60800 10 10 0.085 0.396 0.362 0.811 0.156 34 7 44.06 155.08 0 0.12
60800 10 10 0.065 0.031 0.047 0.982 0.543 25 1 33.86 6.52 0 0.86
60800 10 10 0.062 0.014 0.302 0.911 0.708 25 0 36.48 5.7 0 0.82
60800 10 10 0.02 0.412 0.002 0.843 0.581 25 141 28.1 694.44 0 0
60800 10 10 0.043 0.42 0.343 0.927 0.791 25 0 33.74 4.2 0 0.88
60800 10 10 0.015 0.307 0.098 0.858 0.787 25 0 38.56 7.3 0 0.78
60800 10 10 0.049 0.41 0.251 0.808 0.033 25 511 31.3 758.84 0 0
60800 10 10 0.097 0.448 0.224 0.962 0.017 25 193 39.28 424.72 0 0
60800 10 10 0.096 0.093 0.477 0.877 0.091 40 1 49.08 18.96 0 0.42
60800 10 10 0.01 0.491 0.02 0.942 0.684 25 0 36.02 32.66 0 0.62
60800 10 10 0.033 0.263 0.406 0.774 0.616 25 0 35.52 10.06 0 0.82
60800 10 10 0.037 0.377 0.048 0.922 0.403 41 12 47.52 192.3 0 0
60800 10 10 0.086 0.5 0.124 0.859 0.374 26 244 30.72 362.56 0 0
60800 10 10 0.015 0.084 0.124 0.808 0.033 27 17 39.72 253.08 0 0
60800 10 10 0.101 0.317 0.245 0.933 0.697 25 1 39.44 13.94 0 0.72
60800 10 10 0.1 0.136 0.493 0.92 0.81 25 0 34.06 8.72 0 0.76
60800 10 10 0.042 0.055 0.418 0.924 0.233 25 1 33.68 6.78 0 0.84
60800 10 10 0.031 0.372 0.342 0.841 0.552 25 0 37.7 12.1 0 0.76
60800 10 10 0.016 0.046 0.136 0.921 0.159 35 1 41.14 52.04 0 0.36
60800 10 10 0.038 0.472 0.366 0.917 0.864 25 0 34.78 11.62 0 0.76
60800 10 10 0.103 0.387 0.207 0.843 0.946 25 0 33.82 8.72 0 0.76
60800 10 10 0.015 0.285 0.371 0.91 0.853 25 0 36.2 8.68 0 0.74
60800 10 10 0.016 0.424 0.011 0.987 0.938 25 1 35.46 10.58 0 0.64
60800 10 10 0.077 0.478 0.004 0.94 0.459 25 634 27.14 870.7 0 0
60800 10 10 0.076 0.175 0.369 0.908 0.857 25 0 33.96 11.66 0 0.8
60800 10 10 0.103 0.231 0.18 0.883 0.02 25 1014 25.96 1059.76 0 0
60800 10 10 0.029 0.418 0.354 0.785 0.723 25 0 35.52 8.78 0 0.8
60800 10 10 0.02 0.005 0.409 0.905 0.458 25 1 32.9 11.76 0 0.76
60800 10 10 0.11 0.055 0.324 0.798 0.31 25 1 32.38 8.78 0 0.76
60800 10 10 0.03 0.355 0.304 0.923 0.356 31 1 43.9 50.28 0 0.22
60800 10 10 0.067 0.477 0.387 0.795 0.802 25 0 32.26 6.32 0 0.86
60800 10 10 0.098 0.096 0.034 0.818 0.068 25 304 27.62 1002.2 0 0
60800 10 10 0.057 0.304 0.03 0.964 0.267 25 762 26.54 1027.32 0 0
60800 10 10 0.117 0.042 0.074 0.896 0.026 25 575 29.46 720.8 0 0
60800 10 10 0.014 0.03 0.088 0.875 0.793 25 0 37.84 6.22 0 0.82
60800 10 10 0.088 0.148 0.151 1 0.059 25 569 29.62 840.22 0 0
60800 10 10 0.058 0.052 0.433 0.856 0.947 25 0 37.48 11.18 0 0.7
60800 10 10 0.012 0.003 0.376 0.853 0.496 25 0 35 5.06 0 0.84
60800 10 10 0.096 0.284 0.205 0.855 0.733 25 0 36.66 10.62 0 0.76
60800 10 10 0.087 0.155 0.453 0.789 0.669 25 0 31.48 5.12 0 0.88
60800 10 10 0.065 0.315 0.09 0.926 0.859 25 0 38.88 4.54 0 0.78
60800 10 10 0.059 0.352 0.161 0.806 0.59 30 1 41.44 15.9 0 0.6
60800 10 10 0.053 0.172 0.026 0.947 0.87 38 1 49.14 12.38 0 0.6
60800 10 10 0.118 0.161 0.089 0.761 0.356 35 50 40.62 132.34 0 0
60800 10 10 0.038 0.259 0.348 0.999 0.806 25 0 36.48 9.6 0 0.76
60800 10 10 0.093 0.335 0.327 0.775 0.392 39 1 47.18 32.36 0 0.28
60800 10 10 0.104 0.25 0.155 0.852 0.263 26 78 32.58 230.8 0 0
60800 10 10 0.091 0.213 0.287 0.871 0.199 25 0 38.02 84.7 0 0.32
60800 10 10 0.045 0.5 0.063 0.91 0.874 26 0 39.12 9.86 0 0.66
60800 10 10 0.103 0.072 0.334 0.844 0.788 25 0 34.52 6.56 0 0.8
60800 10 10 0.026 0.49 0.09 0.926 0.995 25 0 34.3 5.9 0 0.78
60800 10 10 0.007 0.17 0.191 0.914 0.943 25 0 35.76 9.82 0 0.8
60800 10 10 0.056 0.083 0.356 0.875 0.877 25 0 36.48 9.52 0 0.76
60800 10 10 0.069 0.399 0.207 0.883 0.654 32 0 41.68 10.88 0 0.66
60800 10 10 0.091 0.5 0.482 0.789 0.634 51 0 57.2 7.52 0 0.74
60800 10 10 0.077 0.432 0.235 0.809 0.576 46 1 51.5 8.32 0 0.72
60800 10 10 0.002 0.274 0.144 0.836 0.451 26 0 38.92 21.9 0 0.52
60800 10 10 0.004 0.249 0.269 0.91 0.711 25 0 34.14 9.98 0 0.78
60800 10 10 0.038 0.49 0.226 0.941 0.616 34 0 43.28 7.76 0 0.74
60800 10 10 0.079 0.107 0.037 0.813 0.599 38 1 50.4 16.56 0 0.56
60800 10 10 0.04 0.154 0.33 0.958 0.781 25 1 35.72 10.04 0 0.8
60800 10 10 0.098 0.211 0.415 0.917 0.882 25 0 35.6 3.74 0 0.88
60800 10 10 0.093 0.028 0.337 0.99 0.261 25 0 33.42 11.06 0 0.76
60800 10 10 0.106 0.381 0.5 0.967 0.948 25 0 35.94 5.58 0 0.8
60800 10 10 0.107 0.1 0.308 0.836 0.322 25 0 33 6.74 0 0.88
60800 10 10 0.057 0.413 0.409 0.792 0.238 38 0 46.96 55.4 0 0.3
60800 10 10 0.024 0.026 0.053 0.953 0.79 25 0 39.08 9.22 0 0.72
60800 10 10 0.059 0.327 0.435 0.827 0.858 36 0 42.92 6.46 0 0.74
60800 10 10 0.036 0.052 0.4 0.787 0.169 25 0 32.42 4.8 0 0.88
60800 10 10 0.115 0.246 0.421 0.864 0.893 25 0 37.58 8.66 0 0.72
60800 10 10 0.085 0.144 0.276 0.83 0.134 28 1 43.34 84.74 0 0.48
60800 10 10 0.004 0.092 0.036 0.972 0.189 25 222 33.06 584.06 0 0
60800 10 10 0.05 0.102 0.062 0.87 0.147 25 567 31.08 742.84 0 0
60800 10 10 0.114 0.141 0.411 0.834 0.456 25 0 36.54 7.16 0 0.78
60800 10 10 0.022 0.264 0.117 0.998 0.298 27 33 38.36 216.92 0 0
60800 10 10 0.042 0.267 0.059 1 0.4 27 124 40.22 263.92 0 0
60800 10 10 0.056 0.093 0.13 0.917 0.586 25 1 36.3 14.04 0 0.7
60800 10 10 0.112 0.148 0.024 0.804 0.803 51 0 61.16 10.32 0 0.54
60800 10 10 0.056 0.318 0.343 0.909 0.078 29 92 36.96 207.7 0 0
60800 10 10 0.053 0.062 0.107 0.921 0.927 25 0 35.44 6.72 0 0.78
60800 10 10 0.012 0.483 0.278 0.99 0.422 38 0 49.18 6.76 0 0.78
60800 10 10 0.036 0.25 0.41 0.768 0.674 25 0 34.1 10.48 0 0.86
60800 10 10 0.003 0.291 0.305 0.784 0.096 30 26 42.48 110.32 0 0
60800 10 10 0.105 0.488 0.283 0.865 0.79 25 0 34.14 8.7 0 0.72
60800 10 10 0.106 0.016 0.326 0.892 0.78 25 0 35.1 8.04 0 0.76
60800 10 10 0.028 0.215 0.338 0.949 0.386 30 0 42.7 6.08 0 0.84
60800 10 10 0.084 0.397 0.474 0.807 0.869 25 0 37.18 11.96 0 0.74
60800 10 10 0.079 0.338 0.487 0.835 0.696 25 0 34.56 6.38 0 0.78
60800 10 10 0.003 0.019 0.49 0.99 0.114 30 1 40.22 9.2 0 0.7
60800 10 10 0.082 0.204 0.403 0.962 0.564 25 0 36.9 4.84 0 0.84
60800 10 10 0.036 0.497 0.101 0.896 0.18 25 75 39.88 407.74 0 0
60800 10 10 0.027 0.432 0.106 0.953 0.972 25 0 34.8 10.54 0 0.76
60800 10 10 0.052 0.066 0.1 0.982 0.98 25 0 35.36 11.02 0 0.76
60800 10 10 0.032 0.037 0.19 0.99 0.195 29 1 41.16 6.28 0 0.78
60800 10 10 0.09 0.185 0.099 0.78 0.005 25 1128 26.28 1157.72 0 0
60800 10 10 0.047 0.093 0.075 0.947 0.301 39 16 51.68 60.16 0 0
60800 10 10 0.09 0.199 0.399 0.977 0.744 25 0 33.14 4.22 0 0.86
60800 10 10 0.012 0.175 0.312 0.945 0.515 32 0 47.84 8.72 0 0.78
60800 10 10 0.021 0.171 0.156 0.925 0.88 25 0 32.86 9.24 0 0.76
60800 10 10 0.117 0.423 0.264 0.998 0.388 30 3 42.88 103.54 0 0.32
60800 10 10 0.118 0.208 0.275 0.932 0.825 25 0 32.88 9.46 0 0.82
60800 10 10 0.104 0.423 0.184 0.776 0.599 25 0 37.54 23.08 0 0.6
60800 10 10 0.043 0.166 0.259 0.976 0.49 25 0 39.34 8.8 0 0.78
60800 10 10 0.112 0.072 0.054 0.887 0.733 38 0 49.38 7.18 0 0.76
60800 10 10 0.071 0.375 0.222 0.912 0.297 25 4 52.44 136.38 0 0.16
60800 10 10 0.002 0.085 0.126 0.916 0.059 27 7 37 161.96 0 0.06
60800 10 10 0.103 0.02 0.037 0.88 0.486 25 0 35.14 9.82 0 0.74
60800 10 10 0.036 0.109 0.009 0.876 0.88 25 0 36.28 9.36 0 0.7
60800 10 10 0.026 0.347 0.31 0.76 0.574 39 0 49.66 9.94 0 0.62
60800 10 10 0.015 0.108 0.372 0.889 0.196 39 0 46.06 7.88 0 0.7
60800 10 10 0.074 0.437 0.346 0.984 0.278 25 2 45.82 97.68 0 0.4
60800 10 10 0.067 0.206 0.401 0.869 0.11 28 4 48.76 75.94 0 0.46
60800 10 10 0.062 0.022 0.042 0.962 0.303 25 1 37.46 7.48 0 0.82
60800 10 10 0.094 0.071 0.462 0.8 0.947 25 0 34.96 10.88 0 0.7
60800 10 10 0.032 0.273 0.215 0.916 0.343 45 5 54.32 52.34 0 0.06
60800 10 10 0.039 0.408 0.204 0.924 0.668 45 0 54.22 6.68 0 0.74
60800 10 10 0.005 0.254 0.482 0.986 0.774 25 0 36.8 4.76 0 0.86
60800 10 10 0.086 0.025 0.315 0.961 0.056 25 1 33.32 13.28 0 0.7
60800 10 10 0.103 0.481 0.26 0.931 0.826 25 0 34.44 4.36 0 0.86
60800 10 10 0.09 0.35 0.003 0.887 0.682 41 1 55.62 17.62 0 0.62
60800 10 10 0.015 0.03 0.207 0.769 0.992 27 1 38.8 8.42 0 0.68
60800 10 10 0.065 0.451 0.324 0.873 0.285 26 3 35.42 75.38 0 0.56
60800 10 10 0.101 0.227 0.391 0.89 0.899 25 0 36.96 10.5 0 0.76
60800 10 10 0.021 0.228 0.316 0.942 0.181 36 0 46.96 45.76 0 0.24
60800 10 10 0.103 0.164 0.125 0.85 0.027 25 716 26.6 1042.6 0 0
60800 10 10 0.003 0.485 0.412 0.765 0.455 51 0 55.54 6.44 0 0.8
60800 10 10 0.043 0.5 0.138 0.798 0.282 25 75 33.36 300.32 0 0
60800 10 10 0.036 0.374 0.254 0.833 0.541 33 0 39.7 19.16 0 0.56
60800 10 10 0.031 0.441 0.451 0.885 0.267 30 1 41.62 46.78 0 0.62
60800 10 10 0.01 0.107 0.319 0.919 0.109 30 1 49.44 16.76 0 0.66
60800 10 10 0.071 0.097 0.301 0.973 0.514 25 0 33.36 9.5 0 0.76
60800 10 10 0.095 0.084 0.109 0.953 0.796 25 0 33.28 10.5 0 0.8
60800 10 10 0.011 0.374 0.351 0.833 0.344 40 1 46.02 23.6 0 0.52
60800 10 10 0.101 0.108 0.098 0.855 0.532 32 1 43.46 11.28 0 0.78
60800 10 10 0.023 0.127 0.017 0.974 0.617 29 2 39.56 32.6 0 0.62
60800 10 10 0.041 0.491 0.134 0.854 0.249 25 185 38.34 310.46 0 0
60800 10 10 0.083 0.045 0.15 0.872 0.985 42 0 50.74 7.26 0 0.74
60800 10 10 0.001 0.434 0.036 0.887 0.754 25 0 40.34 21.08 0 0.68
60800 10 10 0.098 0.192 0.458 0.948 0.892 25 0 39.82 6.64 0 0.82
60800 10 10 0.073 0.269 0.431 0.787 0.761 25 0 31.22 10.42 0 0.76
60800 10 10 0.104 0.333 0.083 0.996 0.272 25 559 27.66 824.8 0 0
60800 10 10 0.077 0.378 0.321 0.975 0.909 25 0 35.44 5.6 0 0.86
60800 10 10 0.036 0.349 0.476 0.947 0.668 25 1 41 8.06 0 0.8
60800 10 10 0.076 0.363 0.206 0.929 0.35 26 3 43.74 122.44 0 0.28
60800 10 10 0.093 0.025 0.259 0.972 0.454 25 0 34.24 9.86 0 0.8
60800 10 10 0.029 0.003 0.21 0.941 0.657 25 0 34.08 7.68 0 0.86
60800 10 10 0.039 0.483 0.489 0.821 0.665 25 1 37.02 6.62 0 0.86
60800 10 10 0.084 0.388 0.384 0.983 0.324 31 0 46.34 31.9 0 0.5
60800 10 10 0.016 0.161 0.204 0.788 0.231 43 2 58.38 13.92 0 0.72
60800 10 10 0.056 0.053 0.325 0.913 0.425 25 0 34.92 11.46 0 0.78
60800 10 10 0.045 0.032 0.412 0.868 0.578 25 0 36.28 7.98 0 0.78
60800 10 10 0.103 0.261 0.438 0.959 0.702 33 1 45.3 9.7 0 0.72
60800 10 10 0.016 0.276 0.145 0.814 0.091 28 71 43.06 238.74 0 0
60800 10 10 0.01 0.262 0.332 0.916 0.342 48 1 60.48 14.7 0 0.42
60800 10 10 0.019 0.277 0.106 0.785 0.945 25 0 34.24 4.6 0 0.9
60800 10 10 0.016 0.246 0.174 0.776 0.78 30 2 39.66 9.76 0 0.7
60800 10 10 0.094 0.279 0.409 0.857 0.174 29 0 43.3 37.82 0 0.42
60800 10 10 0.034 0.006 0.298 0.873 0.414 25 0 33.46 10.04 0 0.82
60800 10 10 0.076 0.077 0.488 0.757 0.711 25 0 38.26 11.08 0 0.72
60800 10 10 0.073 0.289 0.497 0.766 0.687 54 0 60.64 3.94 0 0.82
60800 10 10 0.073 0.479 0.356 0.764 0.528 36 0 48.64 13.06 0 0.6
60800 10 10 0.057 0.376 0.423 0.768 0.855 25 1 31.66 7.76 0 0.82
60800 10 10 0.12 0.391 0.02 0.858 0.732 39 1 56.4 16.06 0 0.52
60800 10 10 0.013 0.173 0.405 0.932 0.131 28 2 41.06 16.6 0 0.7
60800 10 10 0.104 0.176 0.314 0.934 0.688 25 0 38.36 8.9 0 0.76
60800 10 10 0.064 0.271 0.367 0.972 0.171 31 5 39.62 97.64 0 0.1
60800 10 10 0.066 0.336 0.391 0.788 0.74 25 0 42.34 10 0 0.74
60800 10 10 0.023 0.407 0.152 0.871 0.72 26 0 40.26 14.38 0 0.66
60800 10 10 0.026 0.441 0.078 0.89 0.073 25 951 26.32 1011.94 0 0
60800 10 10 0.013 0.465 0.413 0.998 0.745 25 0 38.28 9.08 0 0.72
60800 10 10 0.096 0.383 0.221 0.917 0.646 42 0 53.86 9.34 0 0.7
60800 10 10 0.007 0.419 0.389 0.969 0.507 25 0 37.78 14.22 0 0.68
60800 10 10 0.11 0.014 0.095 0.864 0.697 25 0 33.44 5.58 0 0.84
60800 10 10 0.022 0.434 0.437 0.999 0.847 25 0 47.46 8.74 0 0.72
60800 10 10 0.107 0.042 0.014 0.76 0.582 31 0 37.94 5.7 0 0.78
60800 10 10 0.118 0.095 0.474 0.877 0.007 25 181 39.94 397.52 0 0
60800 10 10 0.09 0.444 0.14 0.852 0.917 25 0 37.52 8 0 0.76
60800 10 10 0.042 0.103 0.301 0.894 0.131 32 2 44.54 49.78 0 0.44
60800 10 10 0.006 0.496 0.471 0.961 0.453 38 0 46.6 8.8 0 0.72
60800 10 10 0.032 0.375 0.057 0.789 0.779 25 0 39.96 18.26 0 0.72
60800 10 10 0.089 0.458 0.423 0.925 0.472 58 0 66.26 11.4 0 0.48
60800 10 10 0.112 0.467 0.262 0.873 0.308 26 0 48.38 53.46 0 0.4
60800 10 10 0.051 0.104 0.177 0.9 0.12 26 2 35.84 96.02 0 0.6
60800 10 10 0.017 0.385 0.078 0.799 0.636 25 0 39.86 28.62 0 0.68
60800 10 10 0.065 0.189 0.251 0.89 0.576 35 1 45.4 9.16 0 0.68
60800 10 10 0.081 0.166 0.083 0.912 0.188 25 614 27.94 842.96 0 0
60800 10 10 0.116 0.011 0.038 0.787 0.361 25 0 37.38 5.8 0 0.78
60800 10 10 0.106 0.168 0.208 0.796 0.598 35 1 44.54 9.42 0 0.7
60800 10 10 0.063 0.124 0.382 0.806 0.959 25 0 38 9.28 0 0.72
60800 10 10 0.028 0.158 0.046 0.892 0.597 30 1 44.84 55.36 0 0.42
60800 10 10 0.087 0.259 0.228 0.775 0.973 25 0 32.26 7.08 0 0.84
60800 10 10 0.027 0.285 0.286 0.92 0.009 25 690 26.18 987.72 0 0
60800 10 10 0.066 0.254 0.185 0.778 0.956 25 0 35.26 8.96 0 0.76
60800 10 1 0.036 0.491 0.282 0.842 0.417 35 3 55.86 35.54 0 0.6
60800 10 1 0.047 0.353 0.118 0.972 0.176 25 755 26.24 976.82 0 0
60800 10 1 0.047 0.258 0.131 0.987 0.359 25 18 31.5 214.3 0 0
60800 10 1 0.006 0.304 0.094 0.923 0.808 77 2 93.08 15.92 0 0.44
60800 10 1 0.066 0.085 0.195 0.924 0.4 78 1 91.34 14.4 0 0.64
60800 10 1 0.051 0.459 0.155 0.866 0.555 38 1 53.68 34.16 0 0.44
60800 10 1 0.057 0.056 0.483 0.873 0.549 92 1 105.02 12.98 0.26 0.42
60800 10 1 0.118 0.021 0.459 0.994 0.071 80 1 102.28 13.34 0.28 0.64
60800 10 1 0.069 0.123 0.419 0.79 0.857 75 0 95.38 10.06 0 0.72
60800 10 1 0.072 0.039 0.135 0.751 0.31 99 2 106.56 11.56 0.14 0.52
60800 10 1 0.019 0.373 0.427 0.814 0.971 88 2 104.52 13.64 0.14 0.52
60800 10 1 0.049 0.21 0.061 0.881 0.92 96 3 106.04 14.5 0.34 0.58
60800 10 1 0.108 0.233 0.198 0.937 0.364 31 3 49.02 84.42 0 0.26
60800 10 1 0.065 0.035 0.479 0.843 0.245 88 1 104.32 12.04 0.28 0.7
60800 10 1 0.087 0.306 0.458 0.926 0.879 94 2 102.98 12.48 0 0.42
60800 10 1 0.098 0.262 0.166 0.918 0.974 85 1 98.98 11.8 0 0.54
60800 10 1 0.081 0.289 0.432 0.951 0.322 75 2 87.94 23.92 0 0.38
60800 10 1 0.068 0.404 0.351 0.9 0.04 25 476 28.44 768.12 0 0
60800 10 1 0.088 0.159 0.183 0.836 0.223 26 24 35.84 198.46 0 0
60800 10 1 0.114 0.189 0.233 0.823 0.817 101 2 110.6 10.56 0.34 0.44
60800 10 1 0.055 0.255 0.322 0.866 0.234 28 3 48.58 75.52 0 0.44
60800 10 1 0.033 0.259 0.426 0.847 0.248 35 1 55.9 16.52 0 0.54
60800 10 1 0.057 0.466 0.096 0.99 0.281 25 554 28.02 822.94 0 0
60800 10 1 0.002 0.342 0.068 0.774 0.392 27 29 40.84 154.72 0 0
60800 10 1 0.101 0.474 0.222 0.934 0.386 30 34 37.64 141.48 0 0
60800 10 1 0.035 0.226 0.109 0.824 0.317 25 1 40.66 146.06 0 0.44
60800 10 1 0.04 0.364 0.208 0.856 0.504 49 2 70.58 43 0 0.42
60800 10 1 0.079 0.266 0.092 0.942 0.567 35 2 58.68 53.94 0 0.32
60800 10 1 0.034 0.464 0.143 0.84 0.942 72 0 90 7.56 0 0.66
60800 10 1 0.071 0.397 0.148 0.889 0.962 85 0 105.26 10.1 0.32 0.74
60800 10 1 0.049 0.496 0.261 0.801 0.039 25 863 27.7 940.14 0 0
60800 10 1 0.119 0.359 0.286 0.765 0.559 73 0 90.74 11.7 0 0.62
60800 10 1 0.105 0.114 0.36 0.833 0.998 132 0 137.94 0.78 1 1
60800 10 1 0.072 0.116 0.499 0.787 0.52 101 2 112.44 14.58 0.5 0.38
60800 10 1 0.06 0.071 0.347 0.887 0.373 94 1 105.78 10.28 0.12 0.6
60800 10 1 0.032 0.381 0.209 0.802 0.819 101 2 111.02 12.54 0.44 0.58
60800 10 1 0.118 0.071 0.169 0.764 0.443 93 1 107.62 12.92 0.36 0.44
60800 10 1 0.076 0.271 0.265 0.892 0.151 25 44 33.84 226.1 0 0
60800 10 1 0.082 0.096 0.194 0.933 0.25 57 1 66.46 25.9 0 0.3
60800 10 10 0.066 0.036 0.098 0.818 0.712 25 0 42.6 10.28 0 0.7
60800 10 10 0.09 0.341 0.144 0.953 0.486 27 4 39.28 70.5 0 0.3
60800 10 10 0.113 0.482 0.113 0.785 0.011 25 1058 26.3 1116.82 0 0
60800 10 10 0.009 0.249 0.28 0.879 0.678 25 0 34.54 4.84 0 0.8
60800 10 10 0.021 0.483 0.068 0.758 0.82 25 1 36.64 12.46 0 0.7
60800 10 10 0.042 0.193 0.337 0.975 0.161 34 0 50.6 75.86 0 0.24
60800 10 10 0.073 0.352 0.125 0.955 0.418 29 3 57.04 48.74 0 0.5
60800 10 10 0.03 0.304 0.206 0.902 0.414 32 0 53.36 36.56 0 0.42
60800 10 10 0.029 0.369 0.267 0.918 0.134 27 4 47.02 80.02 0 0.56
60800 10 10 0.119 0.467 0.396 0.94 0.697 25 0 37.44 6.16 0 0.76
60800 10 10 0.046 0.308 0.406 0.86 0.275 26 0 35.3 16 0 0.72
60800 10 10 0.027 0.469 0.187 0.883 0.554 45 0 54.38 23.18 0 0.54
60800 10 10 0.067 0.011 0.39 0.885 0.896 25 0 35.1 8.76 0 0.8
60800 10 10 0.009 0.242 0.083 0.978 0.922 25 0 35.36 7.02 0 0.84
60800 10 10 0.001 0.071 0.244 0.909 0.356 34 0 44.9 7.18 0 0.78
60800 10 10 0.106 0.198 0.473 0.997 0.607 25 1 38.72 5.86 0 0.82
60800 10 10 0.07 0.274 0.337 0.992 0.825 26 0 41.1 8.62 0 0.62
60800 10 10 0.055 0.126 0.024 0.865 0.336 25 680 27.04 857.76 0 0
60800 10 10 0.053 0.134 0.487 0.981 0.372 25 0 37.02 8.16 0 0.76
60800 10 10 0.005 0.301 0.064 0.772 0.301 27 28 43.38 248.5 0 0
60800 10 10 0.054 0.187 0.046 0.831 0.811 27 0 40.36 10.22 0 0.6
60800 10 10 0.004 0.358 0.211 0.844 0.291 38 1 46.78 42.6 0 0.38
60800 10 10 0.111 0.296 0.125 0.916 0.558 41 3 66.46 27.2 0 0.1
60800 10 10 0.051 0.005 0.234 0.895 0.269 25 0 36.14 3.94 0 0.84
60800 10 10 0.054 0.398 0.374 0.989 0.079 25 69 43.98 284.3 0 0
60800 10 10 0.102 0.127 0.084 0.99 0.341 26 42 38.32 101.48 0 0
60800 10 10 0.084 0.304 0.012 0.842 0.107 25 1071 26.46 1147.94 0 0
60800 10 10 0.11 0.287 0.032 0.949 0.455 27 43 34.66 273.6 0 0
60800 10 10 0.031 0.205 0.201 0.989 0.998 25 0 34.92 10.72 0 0.78
60800 10 10 0.037 0.41 0.128 0.936 0.889 25 0 35.08 4.64 0 0.84
60800 10 10 0.052 0.342 0.472 0.793 0.104 27 3 45.56 100.66 0 0.28
60800 10 10 0.045 0.454 0.476 0.832 0.832 25 0 33.9 11.42 0 0.7
60800 10 10 0.04 0.446 0.166 0.91 0.783 25 0 34.68 7.42 0 0.8
60800 10 10 0.046 0.252 0.338 0.978 0.228 27 3 41.54 72.94 0 0.44
60800 10 10 0.005 0.249 0.406 0.858 0.972 25 0 36.38 8.76 0 0.76
60800 10 10 0.085 0.21 0.112 0.841 0.89 27 0 38.56 8.26 0 0.72
60800 10 10 0.03 0.032 0.143 0.928 0.277 26 0 35.6 10.02 0 0.76
60800 10 10 0.064 0.432 0.069 0.977 0.986 25 1 38.36 11.06 0 0.76
60800 10 10 0.08 0.339 0.425 0.94 0.237 34 2 40.88 74.24 0 0.38
60800 10 10 0.091 0.12 0.114 0.841 0.83 25 0 36.12 10.34 0 0.78
60800 10 10 0.057 0.135 0.17 0.917 0.029 25 541 27.52 681.64 0 0
60800 10 10 0.088 0.046 0.023 0.961 0.707 25 0 38.12 9.1 0 0.72
60800 10 10 0.073 0.24 0.165 0.918 0.173 25 32 32.08 394.76 0 0
60800 10 10 0.007 0.13 0.315 0.822 0.296 46 0 52.02 23.38 0 0.6
60800 10 10 0.046 0.436 0.243 0.865 0.184 25 25 34.68 174.76 0 0
60800 10 10 0.031 0.437 0.265 0.788 0.967 25 0 33.78 10.02 0 0.76
60800 10 10 0.112 0.425 0.499 0.776 0.862 25 0 37.5 8.54 0 0.74
60800 10 10 0.053 0.332 0.014 0.797 0.717 28 1 38.94 27.1 0 0.62
60800 10 10 0.107 0.065 0.393 0.938 0.989 26 0 38.7 10.04 0 0.7
60800 10 10 0.011 0.077 0.32 0.826 0.452 25 0 36.32 10 0 0.74
60800 10 10 0.109 0.295 0.206 0.916 0.852 25 0 34.34 3.38 0 0.88
60800 10 10 0.065 0.3 0.032 0.785 0.989 25 0 33.18 5.46 0 0.82
60800 10 10 0.097 0.115 0.155 0.804 0.826 29 0 39.22 5.72 0 0.8
60800 10 10 0.044 0.203 0.442 0.843 0.704 25 0 36.12 7.62 0 0.8
60800 10 10 0.03 0.076 0.266 0.946 0.632 25 1 39.28 11.86 0 0.74
60800 10 10 0.091 0.157 0.472 0.948 0.544 25 0 33.46 9.9 0 0.78
60800 10 10 0.015 0.184 0.035 0.832 0.961 25 0 40.18 9.88 0 0.72
60800 10 10 0.094 0.046 0.228 0.908 0.073 43 1 60.02 28.96 0 0.56
60800 10 10 0.007 0.082 0.326 0.932 0.022 25 3 40.42 87.86 0 0.52
60800 10 10 0.064 0.026 0.375 0.949 0.849 25 0 33.46 8.12 0 0.8
60800 10 10 0.056 0.041 0.409 0.783 0.351 25 0 34.46 7.64 0 0.74
60800 10 10 0.064 0.088 0.261 0.8 0.28 29 0 37.6 5.92 0 0.8
60800 10 10 0.084 0.384 0.276 0.756 0.923 25 0 36.52 10.58 0 0.76
60800 10 10 0.043 0.261 0.312 0.759 0.111 41 21 46.84 111.16 0 0
60800 10 10 0.022 0.365 0.033 0.847 0.96 33 0 42.02 6.92 0 0.7
60800 10 10 0.059 0.275 0.067 0.909 0.96 25 0 33.04 7.84 0 0.8
60800 10 10 0.11 0.003 0.166 0.974 0.496 45 0 50.12 6.14 0 0.78
60800 10 10 0.103 0.372 0.428 0.823 0.972 25 0 35.2 9.72 0 0.74
60800 10 10 0.117 0.27 0.474 0.851 0.527 25 0 32.98 5.8 0 0.86
60800 10 10 0.004 0.486 0.237 0.792 0.86 26 0 38.36 10.14 0 0.72
60800 10 10 0.078 0.196 0.278 0.894 0.658 34 0 45.18 7.42 0 0.68
60800 10 10 0.118 0.384 0.122 0.98 0.074 25 1079 26.32 1177.1 0 0
60800 10 10 0.064 0.121 0.452 0.979 0.398 25 0 36.34 4.96 0 0.86
60800 10 10 0.036 0.206 0.393 0.868 0.083 27 0 40.92 113.48 0 0.32
60800 10 10 0.008 0.371 0.3 0.974 0.973 25 1 32.92 5.78 0 0.84
60800 10 10 0.046 0.191 0.168 0.883 0.756 25 0 36.78 8.28 0 0.68
60800 10 10 0.105 0.176 0.307 0.768 0.852 25 0 33.98 6.1 0 0.86
60800 10 10 0.051 0.144 0.172 0.991 0.192 33 8 42.22 133.42 0 0.02
60800 10 10 0.04 0.37 0.019 0.756 0.274 25 1000 26.32 1082.22 0 0
60800 10 10 0.065 0.19 0.241 0.946 0.995 25 0 33.48 8.02 0 0.76
60800 10 10 0.03 0.343 0.142 0.769 0.16 25 304 35.84 472.7 0 0
60800 10 10 0.116 0.283 0.362 0.771 0.337 48 4 71.02 25.36 0 0.2
60800 10 10 0.006 0.205 0.224 0.914 0.884 25 0 34.86 9.36 0 0.68
60800 10 10 0.079 0.223 0.463 0.755 0.98 25 0 35.22 7.98 0 0.86
60800 10 10 0.049 0.491 0.233 0.989 0.789 25 0 34.92 5.1 0 0.88
60800 10 10 0.066 0.406 0.315 0.751 0.735 25 0 34.84 10.06 0 0.76
60800 10 10 0.119 0.128 0.496 0.765 0.136 28 0 43.12 5.6 0 0.8
60800 10 10 0.07 0.43 0.1 0.89 0.701 36 2 47.98 17.32 0 0.46
60800 10 10 0.079 0.424 0.042 0.797 0.509 25 313 28.84 414.56 0 0
60800 10 10 0.001 0.441 0.458 0.846 0.782 25 0 35.82 6.42 0 0.78
60800 10 10 0.003 0.146 0.008 0.761 0.072 25 1137 26.12 1198.98 0 0
60800 10 10 0.043 0.24 0.147 0.881 0.637 39 0 49.02 17.06 0 0.54
60800 10 10 0.079 0.097 0.275 0.799 0.761 25 0 35.98 10.52 0 0.76
60800 10 10 0.002 0.199 0.296 0.854 0.127 25 2 49.72 63.9 0 0.64
60800 10 10 0.075 0.045 0.215 0.883 0.652 39 0 49.8 7.68 0 0.66
60800 10 10 0.011 0.034 0.248 0.921 0.544 25 0 37.5 5.8 0 0.82
60800 10 10 0.101 0.385 0.011 0.787 0.096 25 1068 26.4 1186.8 0 0
60800 10 10 0.069 0.134 0.297 0.794 0.347 32 0 48.58 10.56 0 0.6
60800 10 10 0.108 0.439 0.108 0.851 0.357 25 520 26.6 703.94 0 0
60800 10 10 0.012 0.29 0.437 0.941 0.634 25 1 38.02 10.24 0 0.76
60800 10 10 0.087 0.031 0.09 0.844 0.125 54 0 60.4 19.8 0 0.54
60800 10 10 0.078 0.043 0.379 0.94 0.961 25 0 34.7 7.96 0 0.76
60800 10 10 0.046 0.397 0.244 0.939 0.186 27 4 40.36 194.24 0 0.04
60800 10 10 0.065 0.137 0.321 0.981 0.989 46 1 51.9 8.72 0 0.72
60800 10 10 0.072 0.018 0.346 0.995 0.498 25 0 40.48 8.88 0 0.74
60800 10 10 0.058 0.053 0.076 0.831 0.546 25 0 40.58 6.08 0 0.76
60800 10 10 0.05 0.388 0.146 0.825 0.727 38 0 52.12 14.48 0 0.54
60800 10 10 0.07 0.331 0.417 0.784 0.38 39 0 47.66 4.92 0 0.82
60800 10 10 0.029 0.335 0.444 0.827 0.013 25 231 32.08 379.66 0 0
60800 10 10 0.118 0.451 0.224 0.93 0.646 48 0 55.18 9.76 0 0.58
60800 10 10 0.006 0.155 0.47 0.996 0.738 25 0 41.68 10.26 0 0.66
60800 10 10 0.075 0.006 0.43 0.931 0.815 25 0 43.18 7.12 0 0.78
60800 10 10 0.083 0.24 0.101 0.849 0.736 31 1 43.16 11.06 0 0.68
60800 10 10 0.054 0.423 0.493 0.916 0.314 53 0 66.02 14.98 0 0.5
60800 10 10 0.051 0.052 0.275 0.92 0.513 25 0 33.28 8.32 0 0.78
60800 10 10 0.056 0.239 0.368 0.952 0.633 25 0 34.42 6.36 0 0.8
60800 10 10 0.053 0.025 0.358 0.951 0.064 43 0 51.98 7.26 0 0.8
60800 10 10 0.072 0.228 0.419 0.952 0.848 25 0 35.34 8.04 0 0.84
60800 10 10 0.11 0.393 0.485 0.773 0.7 25 0 35.64 9.9 0 0.8
60800 10 10 0.118 0.139 0.07 0.924 0.092 25 1043 26.14 1070.52 0 0
60800 10 10 0.079 0.245 0.231 0.839 0.613 45 1 54.88 5.6 0 0.8
60800 10 10 0.079 0.199 0.114 0.84 0.949 25 0 38.26 10.7 0 0.8
60800 10 10 0.018 0.135 0.224 0.943 0.672 33 0 40.46 5.06 0 0.82
60800 10 10 0.046 0.472 0.184 0.78 0.534 26 0 42.5 38.68 0 0.46
60800 10 10 0.021 0.339 0.29 0.921 0.982 26 0 37.06 6.2 0 0.74
60800 10 10 0.063 0.058 0.357 0.814 0.144 25 0 33.42 5.48 0 0.84
60800 10 10 0.098 0.303 0.455 0.842 0.148 28 4 42.02 132.36 0 0.04
60800 10 10 0.112 0.315 0.292 0.969 0.36 27 1 41.04 37.66 0 0.46
60800 10 10 0.114 0.307 0.202 0.777 0.407 35 3 53.08 43.52 0 0.4
60800 10 10 0.027 0.078 0.026 0.821 0.108 25 1078 26.26 1107.24 0 0
60800 10 10 0.092 0.075 0.269 0.91 0.867 25 0 37.28 9.88 0 0.74
60800 10 10 0.02 0.037 0.101 0.854 0.537 25 1 34.16 12.26 0 0.78
60800 10 10 0.118 0.109 0.372 0.969 0.172 34 0 42.12 4.1 0 0.84
60800 10 10 0.042 0.481 0.228 0.948 0.118 25 264 34.88 437.46 0 0
60800 10 10 0.027 0.218 0.105 0.988 0.108 25 275 32.54 735.16 0 0
60800 10 10 0.007 0.299 0.086 0.817 0.081 25 603 29.66 820.76 0 0
60800 10 10 0.119 0.004 0.433 0.802 0.274 25 0 40.14 9.5 0 0.74
60800 10 10 0.059 0.081 0.448 0.834 0.119 43 0 51.86 14.6 0 0.52
60800 10 10 0.037 0.074 0.013 0.823 0.766 25 1 40.42 14.5 0 0.62
60800 10 10 0.015 0.359 0.039 0.957 0.158 25 1021 26.46 1049.18 0 0
60800 10 10 0.075 0.464 0.322 0.988 0.216 27 2 38.48 126.6 0 0.36
60800 10 10 0.119 0.42 0.191 0.758 0.916 25 0 33.16 4.94 0 0.84
60800 10 10 0.102 0.157 0.086 0.813 0.393 25 20 41.62 132.04 0 0
60800 10 10 0.104 0.332 0.287 0.923 0.246 25 4 45.46 114.32 0 0.36
60800 10 10 0.042 0.348 0.381 0.879 0.723 25 0 33.54 10.42 0 0.78
60800 10 10 0.09 0.415 0.084 0.988 0.503 27 81 33.82 204 0 0
60800 10 10 0.063 0.141 0.067 0.974 0.736 32 1 44.16 10.82 0 0.62
60800 10 10 0.054 0.088 0.347 0.753 0.738 25 0 34.98 11.18 0 0.8
60800 10 10 0.068 0.217 0.428 0.828 0.571 25 0 36.36 9.64 0 0.72
60800 10 10 0.009 0.216 0.091 0.89 0.276 32 57 40.7 194.4 0 0
60800 10 10 0.062 0.156 0.017 0.981 0.832 32 1 46.32 11.58 0 0.64
60800 10 10 0.117 0.087 0.348 0.882 0.641 25 0 33.48 10.12 0 0.76
60800 10 10 0.039 0.412 0.226 0.77 0.971 25 0 36.64 8.92 0 0.8
60800 10 10 0.108 0.306 0.092 0.953 0.649 59 1 69.68 22.56 0 0.44
60800 10 10 0.055 0.353 0.293 0.92 0.921 25 1 36.14 10.52 0 0.74
60800 10 10 0.116 0.195 0.016 0.861 0.881 25 0 38.28 9.24 0 0.74
60800 10 10 0.086 0.324 0.041 0.982 0.348 25 92 34.6 661.3 0 0
60800 10 10 0.002 0.158 0.44 0.875 0.455 25 0 35.58 6.4 0 0.86
60800 10 10 0.064 0.321 0.054 0.92 0.817 25 0 38.04 6.62 0 0.8
60800 10 10 0.104 0.36 0.288 0.884 0.286 27 7 41.14 81.22 0 0.04
60800 10 10 0.097 0.442 0.236 0.879 0.94 26 0 37.04 9.54 0 0.72
60800 10 10 0.006 0.358 0.213 0.955 0.307 27 3 38.74 34.72 0 0.74
60800 10 10 0.02 0.05 0.351 0.884 0.696 25 0 33.38 7.86 0 0.78
60800 10 10 0.101 0.33 0.318 0.839 0.153 25 5 37.34 202.64 0 0.06
60800 10 10 0.12 0.324 0.357 0.815 0.196 25 4 42.46 143.08 0 0.32
60800 10 10 0.052 0.159 0.434 0.93 0.304 59 0 66.68 9.2 0 0.64
60800 10 10 0.042 0.249 0.342 0.923 0.684 25 1 33.98 9.16 0 0.84
60800 10 10 0.029 0.123 0.497 0.762 0.194 25 0 38.46 13.6 0 0.72
60800 10 10 0.013 0.353 0.081 0.89 0.144 25 420 29.08 607.48 0 0
60800 10 10 0.119 0.272 0.44 0.851 0.154 36 6 48.9 36.6 0 0.44
60800 10 10 0.115 0.319 0.033 0.914 0.618 36 2 49.08 30.02 0 0.42
60800 10 10 0.019 0.269 0.108 0.909 0.558 25 0 38.06 45.8 0 0.38
60800 10 10 0.049 0.438 0.397 0.867 0.948 25 0 32.04 8.46 0 0.8
60800 10 10 0.037 0.369 0.292 0.984 0.927 27 0 41.46 7.06 0 0.74
60800 10 10 0.101 0.456 0.18 0.904 0.252 25 379 27.62 633.38 0 0
60800 10 10 0.068 0.398 0.394 0.818 0.692 25 0 35.06 10.46 0 0.76
60800 10 10 0.057 0.222 0.199 0.952 0.68 45 0 51.82 8.32 0 0.66
60800 10 10 0.119 0.282 0.183 0.9 0.935 26 0 39.82 9.62 0 0.68
60800 10 10 0.003 0.433 0.266 0.943 0.069 25 160 31.8 299.9 0 0
60800 10 10 0.003 0.494 0.425 0.879 0.246 39 2 45.08 31.66 0 0.46
60800 10 10 0.045 0.024 0.074 0.884 0.653 25 0 34.36 9.82 0 0.72
60800 10 10 0.024 0.143 0.036 0.757 0.459 25 54 33.36 250.58 0 0
60800 10 10 0.048 0.364 0.316 0.863 0.578 31 0 41.68 4.34 0 0.8
60800 10 10 0.015 0.385 0.252 0.914 0.016 25 629 28.36 758.48 0 0
60800 10 10 0.007 0.427 0.032 0.905 0.87 29 0 39.72 13.58 0 0.72
60800 10 10 0.112 0.462 0.183 0.883 0.686 26 0 36 5.32 0 0.8
60800 10 10 0.01 0.139 0.39 0.801 0.246 34 0 46.96 11.84 0 0.64
60800 10 10 0.067 0.229 0.187 0.975 0.077 25 28 40.92 210.32 0 0
60800 10 10 0.011 0.282 0.003 0.883 0.129 25 1123 26.14 1150.7 0 0
60800 10 10 0.101 0.252 0.376 0.947 0.796 25 0 36.32 10.48 0 0.76
60800 10 10 0.116 0.086 0.301 0.906 0.319 25 0 35.14 5.6 0 0.84
60800 10 10 0.01 0.294 0.452 0.889 0.722 25 0 33.7 9.6 0 0.76
60800 10 10 0.022 0.439 0.439 0.822 0.936 25 0 40.16 11.62 0 0.74
60800 10 10 0.057 0.163 0.206 0.783 0.225 30 0 48.16 45.56 0 0.54
60800 10 10 0.047 0.299 0.096 0.864 0.654 25 0 35.94 17.4 0 0.74
60800 10 10 0.028 0.045 0.265 0.896 0.341 25 0 36.78 10.02 0 0.74
60800 10 10 0.055 0.052 0.36 0.902 0.827 25 0 32.82 8.24 0 0.78
60800 10 10 0.026 0.313 0.072 0.834 0.094 25 380 27.98 918.62 0 0
60800 10 10 0.106 0.139 0.244 0.805 0.912 25 0 38.08 8.8 0 0.72
60800 10 10 0.065 0.4 0.209 0.925 0.692 27 0 37.78 13.14 0 0.58
60800 10 10 0.044 0.214 0.107 0.94 0.041 25 660 26.72 938.34 0 0
60800 10 10 0.1 0.327 0.345 0.961 0.689 25 0 35.64 5.4 0 0.84
60800 10 10 0.057 0.186 0.387 0.938 0.124 27 1 36.52 57.64 0 0.3
60800 10 10 0.107 0.182 0.28 0.891 0.72 25 0 35.54 7.72 0 0.78
60800 10 10 0.006 0.105 0.154 0.933 0.798 25 0 38.22 7.44 0 0.72
60800 10 10 0.024 0.24 0.081 0.855 0.412 36 12 45.58 122.94 0 0
60800 10 10 0.032 0.298 0.215 0.844 0.64 26 0 36.02 16.8 0 0.7
60800 10 10 0.025 0.434 0.483 0.996 0.037 31 39 42.44 165.3 0 0
60800 10 10 0.052 0.167 0.451 0.872 0.4 25 1 34.48 6.8 0 0.84
60800 10 10 0.086 0.385 0.184 0.835 0.027 25 607 29.56 861.04 0 0
60800 10 10 0.086 0.073 0.011 0.938 0.027 25 1000 26.3 1133.8 0 0
60800 10 10 0.081 0.299 0.186 0.782 0.564 37 1 46.72 13.24 0 0.6
60800 10 10 0.049 0.031 0.249 0.778 0.977 25 0 38.66 6 0 0.82
60800 10 10 0.113 0.189 0.408 0.89 0.207 25 0 37.1 12.2 0 0.8
60800 10 10 0.029 0.053 0.494 0.921 0.895 25 0 36.88 9.76 0 0.72
60800 10 10 0.083 0.212 0.486 0.857 0.204 47 0 55 13 0 0.52
60800 10 10 0.016 0.317 0.294 0.917 0.082 27 5 45.92 112.8 0 0.2
60800 10 10 0.067 0.422 0.395 0.888 0.937 25 0 38.96 7.92 0 0.78
60800 10 10 0.065 0.35 0.31 0.981 0.441 42 0 48.74 21.3 0 0.52
60800 10 10 0.01 0.322 0.035 0.801 0.174 25 914 25.82 1040.28 0 0
60800 10 10 0.117 0.481 0.121 0.932 0.915 25 0 30.42 3.2 0 0.88
60800 10 10 0.092 0.102 0.46 0.961 0.714 27 0 42 6.06 0 0.76
60800 10 10 0.054 0.114 0.41 0.963 0.103 25 1 38.74 30 0 0.6
60800 10 10 0.004 0.344 0.323 0.996 0.281 53 9 58.22 44.14 0 0.02
60800 10 10 0.018 0.184 0.462 0.987 0.525 25 0 33.82 9.26 0 0.72
60800 10 10 0.073 0.406 0.004 0.775 0.523 25 639 26.68 809.6 0 0
60800 10 10 0.07 0.379 0.393 0.912 0.921 25 0 36.38 4.94 0 0.8
60800 10 10 0.1 0.223 0.393 0.932 0.857 25 0 34.56 10.04 0 0.86
60800 10 10 0.111 0.118 0.052 0.941 0.43 26 18 36.96 95.74 0 0
60800 10 10 0.106 0.074 0.222 0.977 0.368 25 0 37.46 5.62 0 0.84
60800 10 10 0.116 0.096 0.446 0.947 0.237 25 0 36.32 10.18 0 0.76
60800 10 10 0.006 0.369 0.4 0.795 0.627 25 0 34.62 12.26 0 0.78
60800 10 10 0.015 0.258 0.274 0.998 0.085 27 4 51.72 81.1 0 0.36
60800 10 10 0.105 0.337 0.33 0.994 0.789 25 0 36.94 8.02 0 0.76
60800 10 10 0.074 0.492 0.275 0.842 0.542 35 0 43.58 19.82 0 0.64
60800 10 10 0.06 0.361 0.365 0.997 0.169 26 3 45.3 143.86 0 0.1
60800 10 10 0.09 0.476 0.09 0.998 0.316 25 619 28.18 874.82 0 0
60800 10 10 0.057 0.21 0.309 0.788 0.593 25 0 34.38 10 0 0.74
60800 10 10 0.003 0.253 0.238 0.934 0.057 31 5 51.92 140.54 0 0.1
60800 10 10 0.095 0.21 0.112 0.769 0.476 32 1 47.04 20.36 0 0.6
60800 10 10 0.093 0.069 0.144 0.792 0.018 25 780 26.64 927.2 0 0
60800 10 10 0.098 0.107 0.424 0.954 0.788 25 0 41.3 8.58 0 0.72
60800 10 10 0.119 0.46 0.116 0.906 0.191 25 610 29.6 740.02 0 0
60800 10 10 0.074 0.316 0.083 0.88 0.762 25 0 37.96 13.04 0 0.72
60800 10 10 0.051 0.498 0.079 0.92 0.609 30 1 39.96 42.94 0 0.54
60800 10 10 0.047 0.195 0.385 0.886 0.791 25 0 36.04 9.02 0 0.78
60800 10 10 0.028 0.362 0.316 0.892 0.183 25 2 39.58 158.24 0 0.26
60800 10 10 0.062 0.431 0.167 0.808 0.105 25 354 34.52 710.14 0 0
60800 10 10 0.022 0.354 0.115 0.912 0.705 45 0 54.42 16.46 0 0.54
60800 10 10 0.056 0.195 0.057 0.848 0.267 25 252 33.54 513.34 0 0
60800 10 10 0.01 0.226 0.176 0.787 0.789 25 0 34.54 3.74 0 0.86
60800 10 10 0.068 0.322 0.45 0.896 0.419 29 0 46.72 8.5 0 0.62
60800 10 10 0.118 0.193 0.246 0.88 0.863 25 0 37.56 8.52 0 0.76
60800 10 10 0.096 0.181 0.475 0.964 0.918 25 0 37.36 8.2 0 0.74
60800 10 10 0.068 0.178 0.427 0.991 0.082 27 3 39.5 124.44 0 0.22
60800 10 10 0.058 0.138 0.167 0.877 0.461 52 1 62.62 25.68 0 0.26
60800 10 10 0.013 0.103 0.263 0.873 0.662 25 0 36.68 8.82 0 0.76
60800 10 10 0.079 0.491 0.499 0.835 0.498 25 0 33.24 9.94 0 0.74
60800 10 10 0.029 0.184 0.381 0.962 0.38 27 0 38.64 13.56 0 0.72
60800 10 10 0.069 0.255 0.07 0.792 0.452 26 60 38.4 193.92 0 0
60800 10 10 0.071 0.038 0.443 0.979 0.245 25 0 34.84 9.12 0 0.78
60800 10 10 0.072 0.138 0.304 0.77 0.694 25 0 34.8 9.88 0 0.76
60800 10 10 0.026 0.026 0.23 0.92 0.106 27 0 37.86 7.7 0 0.84
60800 10 10 0.028 0.037 0.204 0.824 0.846 25 0 40.68 8.9 0 0.74
60800 10 10 0.025 0.006 0.036 0.852 0.515 25 0 34.14 4.88 0 0.86
60800 10 10 0.094 0.349 0.399 0.907 0.666 28 1 38.96 9.62 0 0.68
60800 10 10 0.101 0.318 0.367 0.78 0.292 34 0 47.64 40.68 0 0.74
60800 10 10 0.018 0.118 0.456 0.893 0.523 25 1 33.72 11.36 0 0.8
60800 10 10 0.015 0.323 0.46 0.755 0.998 25 0 32.6 5.1 0 0.86
60800 10 10 0.097 0.499 0.118 0.84 0.169 25 102 31.54 640.1 0 0
60800 10 10 0.087 0.277 0.307 0.755 0.749 25 0 38.08 9.46 0 0.74
60800 10 10 0.074 0.153 0.491 0.777 0.327 25 0 35.72 9.58 0 0.66
60800 10 10 0.055 0.188 0.22 0.752 0.512 36 0 47.8 7.9 0 0.64
60800 10 10 0.118 0.051 0.407 0.971 0.154 39 0 44.76 8.12 0 0.7
60800 10 10 0.007 0.148 0.273 0.778 0.153 26 0 39.02 45.9 0 0.46
60800 10 10 0.095 0.486 0.432 0.782 0.942 25 1 32.98 10.14 0 0.76
60800 10 10 0.06 0.171 0.451 0.877 0.098 28 1 38.4 42.36 0 0.26
60800 10 10 0.087 0.461 0.138 0.857 0.498 37 6 45.68 93.9 0 0.04
60800 10 10 0.058 0.341 0.087 0.996 0.781 27 0 44.02 12.76 0 0.66
60800 10 10 0.053 0.302 0.179 0.927 0.007 25 535 31.96 773.16 0 0
60800 10 10 0.054 0.327 0.182 0.91 0.54 33 2 41.52 29.44 0 0.48
60800 10 10 0.106 0.381 0.447 0.907 0.438 25 0 43.02 10.88 0 0.7
60800 10 10 0.102 0.065 0.326 0.892 0.258 25 0 44.48 10.2 0 0.7
60800 10 10 0.097 0.375 0.471 0.892 0.685 25 0 35.44 5.72 0 0.84
60800 10 10 0.059 0.223 0.214 0.856 0.437 33 1 57.74 29.1 0 0.48
60800 10 10 0.058 0.332 0.09 0.982 0.734 52 1 58.36 12.52 0 0.54
60800 10 10 0.098 0.008 0.071 0.872 0.911 25 0 35.36 4.78 0 0.86
60800 10 10 0.009 0.308 0.339 0.961 0.114 28 6 42.92 141.12 0 0.06
60800 10 10 0.098 0.466 0.449 0.822 0.57 25 0 36.34 8.4 0 0.8
60800 10 10 0.115 0.359 0.252 0.784 0.689 29 0 41.48 11.28 0 0.72
60800 10 10 0.087 0.457 0.282 0.923 0.949 25 0 37.64 9.26 0 0.72
60800 10 10 0.106 0.101 0.287 0.824 0.185 35 0 52.08 17.38 0 0.38
60800 10 10 0.097 0.151 0.482 0.914 0.293 26 0 36.64 6.36 0 0.72
60800 10 10 0.064 0.372 0.166 0.816 0.951 25 0 34.52 6.7 0 0.74
60800 10 10 0.088 0.386 0.027 0.917 0.751 26 1 40.44 19.9 0 0.64
60800 10 10 0.025 0.028 0.425 0.876 0.311 25 0 38.18 8.62 0 0.78
60800 10 10 0.039 0.125 0.453 0.877 0.171 25 0 34.44 12.14 0 0.72
60800 10 10 0.032 0.005 0.138 0.936 0.414 25 0 36.24 4.56 0 0.84
60800 10 10 0.068 0.144 0.293 0.989 0.607 25 0 34.4 10.62 0 0.78
60800 10 10 0.007 0.029 0.018 0.756 0.594 31 3 42.2 51.44 0 0.46
60800 10 10 0.055 0.163 0.223 0.863 0.869 25 0 37.8 10.18 0 0.72
60800 10 10 0.072 0.103 0.214 0.774 0.431 25 0 37.06 6.9 0 0.84
60800 10 10 0.079 0.499 0.485 0.875 0.334 32 2 46.04 17.66 0 0.56
60800 10 10 0.067 0.091 0.456 0.79 0.734 25 0 36.1 9.9 0 0.8
60800 10 10 0.036 0.458 0.335 0.817 0.051 25 789 26.38 897.66 0 0
60800 10 10 0.012 0.421 0.216 0.898 0.02 25 529 30.1 643.68 0 0
60800 10 10 0.059 0.448 0.336 0.771 0.859 25 0 32.96 8.4 0 0.82
60800 10 10 0.057 0.063 0.493 0.967 0.222 25 0 37.46 8.8 0 0.78
60800 10 10 0.086 0.407 0.022 0.877 0.172 25 722 27.36 987.14 0 0
60800 10 10 0.081 0.189 0.016 0.757 0.93 25 0 38.84 10.06 0 0.74
60800 10 10 0.098 0.179 0.354 0.794 0.663 25 0 32.96 4.44 0 0.88
60800 10 10 0.048 0.398 0.09 0.846 0.394 27 6 39.08 205.2 0 0.1
60800 10 10 0.08 0.129 0.04 0.865 0.444 25 115 35.22 233.82 0 0
60800 10 10 0.072 0.125 0.007 0.905 0.135 25 1072 26.12 1127.6 0 0
60800 10 10 0.003 0.481 0.262 0.987 0.204 25 1 36.74 126.24 0 0.4
60800 10 10 0.026 0.063 0.229 0.846 0.965 25 0 37.96 9.12 0 0.72
60800 10 10 0.097 0.238 0.282 0.892 0.195 26 54 35.88 136.6 0 0
60800 10 10 0.061 0.06 0.413 0.957 0.015 25 3 43.2 67.32 0 0.46
60800 10 10 0.004 0.444 0.433 0.895 0.072 35 5 43.9 99.94 0 0.3
60800 10 10 0.112 0.019 0.443 0.89 0.25 25 0 32.9 5.38 0 0.88
60800 10 10 0.01 0.259 0.329 0.823 0.808 25 0 35.24 9.6 0 0.76
60800 10 10 0.118 0.357 0.446 0.858 0.073 25 1 47.72 133.68 0 0.44
60800 10 10 0.058 0.115 0.023 0.846 0.898 25 0 33.32 6.6 0 0.86
60800 10 10 0.044 0.115 0.295 0.846 0.094 34 5 52.32 94.64 0 0.2
60800 10 10 0.11 0.359 0.027 0.878 0.398 25 485 30.4 746.7 0 0
60800 10 10 0.037 0.322 0.265 0.867 0.107 26 37 46.96 157.38 0 0
60800 10 10 0.053 0.5 0.037 0.965 0.666 25 1 38.38 34.44 0 0.54
60800 10 10 0.015 0.316 0.228 0.756 0.533 27 1 35.86 22.8 0 0.56
60800 10 10 0.097 0.326 0.198 0.898 0.068 25 968 26.46 1061.22 0 0
60800 10 10 0.045 0.455 0.102 0.779 0.624 25 1 35.36 36.02 0 0.62
60800 10 10 0.108 0.05 0.397 0.954 0.535 25 1 34.54 8.04 0 0.84
60800 10 10 0.1 0.294 0.312 0.92 0.855 25 0 37.04 10.46 0 0.78
60800 10 10 0.057 0.423 0.15 0.853 0.372 25 4 41.12 108.76 0 0.34
60800 10 10 0.078 0.253 0.471 0.934 0.881 26 0 32.54 5.26 0 0.88
60800 10 10 0.079 0.447 0.067 0.96 0.297 25 600 27.96 730.76 0 0
60800 10 10 0.017 0.076 0.089 0.766 0.762 28 0 36.14 7.36 0 0.8
60800 10 10 0.099 0.237 0.483 0.801 0.806 25 1 38.62 11.86 0 0.76
60800 10 10 0.034 0.144 0.489 0.756 0.103 26 2 33.28 37.08 0 0.68
60800 10 10 0.004 0.364 0.188 0.893 0.627 32 0 46.34 12.2 0 0.6
60800 10 10 0.074 0.007 0.319 0.926 0.328 25 0 33.8 9.86 0 0.76
60800 10 10 0.12 0.1 0.407 0.914 0.454 25 1 36.84 6.76 0 0.82
60800 10 10 0.066 0.26 0.102 0.958 0.375 26 5 37.96 148.46 0 0.22
60800 10 10 0.007 0.384 0.373 0.819 0.672 25 1 32.6 10.2 0 0.76
60800 10 10 0.114 0.365 0.484 0.992 0.068 28 0 39.96 126.68 0 0.26
60800 10 10 0.034 0.359 0.078 0.825 0.452 25 3 34.04 264.02 0 0.1
60800 10 10 0.092 0.355 0.217 0.763 0.358 30 6 41.92 81.16 0 0.36
60800 10 10 0.043 0.077 0.19 0.915 0.188 30 0 38.16 40.88 0 0.54
60800 10 10 0.038 0.077 0.087 0.971 0.577 30 0 48.58 11.74 0 0.54
60800 10 10 0.089 0.487 0.277 0.915 0.435 36 0 47.16 36.76 0 0.58
60800 10 10 0.102 0.464 0.162 0.917 0.357 25 3 36.66 210.44 0 0.2
60800 10 10 0.015 0.369 0.297 0.771 0.423 25 1 34.52 23 0 0.68
60800 10 10 0.03 0.338 0.327 0.999 0.177 29 1 45.04 79.44 0 0.48
60800 10 10 0.046 0.418 0.193 0.915 0.519 28 0 41.76 31.94 0 0.54
60800 10 10 0.035 0.068 0.011 0.796 0.24 25 568 26.14 1025.52 0 0
60800 10 10 0.019 0.123 0.044 0.809 0.285 25 282 29.04 537.9 0 0
60800 10 10 0.013 0.39 0.33 0.91 0.493 25 0 33.46 13.72 0 0.62
60800 10 10 0.081 0.056 0.148 0.858 0.902 25 0 37.98 5.22 0 0.82
60800 10 10 0.073 0.342 0.069 0.925 0.092 25 358 29.64 637.04 0 0
60800 10 10 0.023 0.01 0.238 0.812 0.824 25 0 32.82 7.62 0 0.84
60800 10 10 0.106 0.479 0.38 0.99 0.903 26 1 33.98 8.98 0 0.74
60800 10 10 0.065 0.314 0.179 0.816 0.213 26 5 39.56 111.42 0 0.4
60800 10 10 0.032 0.327 0.226 0.847 0.107 43 41 57.5 144.78 0 0
60800 10 10 0.052 0.101 0.336 0.901 0.576 25 0 34.68 9.24 0 0.76
60800 10 10 0.02 0.371 0.273 0.773 0.456 49 1 57.14 22.98 0 0.36
60800 10 10 0.041 0.018 0.311 0.899 0.773 25 0 33.7 10.14 0 0.78
60800 10 10 0.007 0.039 0.063 0.796 0.466 42 1 58.92 37.56 0 0.24
60800 10 10 0.024 0.435 0.202 0.773 0.188 26 4 53 162.52 0 0.36
60800 10 10 0.054 0.417 0.296 0.876 0.78 25 0 35.28 6.54 0 0.84
60800 10 10 0.063 0.023 0.473 0.822 0.611 25 0 34.76 5.08 0 0.86
60800 10 10 0.011 0.061 0.391 0.765 0.715 25 0 31.36 12 0 0.76
60800 10 10 0.061 0.341 0.183 0.894 0.1 27 245 35.02 415.08 0 0
60800 10 10 0.087 0.35 0.3 0.813 0.229 26 33 43.6 185.84 0 0
60800 10 10 0.072 0.053 0.187 0.968 0.86 25 0 36.76 10.14 0 0.76
60800 10 10 0.005 0.06 0.439 0.804 0.958 51 1 56.7 7.38 0 0.72
60800 10 10 0.083 0.249 0.342 0.855 0.772 25 0 34.02 10.5 0 0.76
60800 10 10 0.06 0.157 0.354 0.908 0.616 25 0 33.16 6.38 0 0.84
60800 10 10 0.095 0.091 0.172 0.795 0.677 25 0 35.88 6.28 0 0.86
60800 10 10 0.104 0.094 0.211 0.99 0.612 25 1 34.38 13.2 0 0.74
60800 10 10 0.115 0.141 0.489 0.819 0.379 25 0 34.2 10.72 0 0.74
60800 10 10 0.115 0.199 0.434 0.868 0.339 25 0 37.94 8.06 0 0.72
60800 10 10 0.088 0.34 0.099 0.985 0.028 25 1157 26.56 1188.04 0 0
60800 10 10 0.09 0.018 0.265 0.904 0.301 25 0 37.68 9.94 0 0.72
60800 10 10 0.085 0.128 0.046 0.8 0.246 25 486 28.8 670.14 0 0
60800 10 10 0.101 0.042 0.014 0.896 0.339 46 0 55.74 16.56 0 0.48
60800 10 10 0.061 0.488 0.475 0.761 0.512 25 0 36.16 7.34 0 0.76
60800 10 10 0.068 0.335 0.06 0.937 0.43 30 279 38.04 358.62 0 0
60800 10 10 0.082 0.051 0.017 0.934 0.153 25 557 33.78 660.04 0 0
60800 10 10 0.008 0.483 0.021 0.787 0.728 25 0 44.26 23.82 0 0.64
60800 10 10 0.053 0.206 0.497 0.755 0.546 25 0 35.48 6.48 0 0.84
60800 10 10 0.001 0.05 0.456 0.927 0.741 25 0 35.28 9.66 0 0.74
60800 10 10 0.053 0.01 0.259 0.778 0.595 25 1 37.52 10.26 0 0.72
60800 10 10 0.04 0.228 0.418 0.926 0.715 25 0 35.6 11.08 0 0.74
60800 10 10 0.06 0.447 0.425 0.801 0.659 44 0 52.8 7.64 0 0.68
60800 10 10 0.042 0.442 0.305 0.879 0.279 30 1 46.4 83.4 0 0.22
60800 10 10 0.03 0.127 0.057 0.925 0.774 34 1 43.26 7 0 0.78
60800 10 10 0.081 0.29 0.158 0.806 0.031 31 441 38.3 553.5 0 0
60800 10 10 0.074 0.224 0.359 0.989 0.693 25 0 35.08 10.2 0 0.74
60800 10 10 0.033 0.315 0.103 0.823 0.023 25 1086 26.1 1236.58 0 0
60800 10 10 0.08 0.427 0.435 0.821 0.636 25 0 35.6 8.5 0 0.74
60800 10 10 0.07 0.367 0.036 0.805 0.301 25 445 29.4 840.6 0 0
60800 10 10 0.119 0.275 0.048 0.956 0.961 25 0 34.58 9.34 0 0.78
60800 10 10 0.048 0.346 0.055 0.917 0.839 31 0 41.36 7.54 0 0.74
60800 10 10 0.015 0.48 0.286 0.996 0.179 26 1 39.62 148.52 0 0.36
60800 10 10 0.106 0.105 0.151 0.804 0.751 25 0 34.32 8.06 0 0.8
60800 10 10 0.019 0.122 0.169 0.944 0.34 30 1 44.82 34.76 0 0.58
60800 10 1 0.101 0.105 0.108 0.977 0.399 56 8 68.88 36.1 0 0.02
60800 10 1 0.056 0.37 0.329 0.813 0.407 51 3 64.38 27.58 0 0.54
60800 10 1 0.067 0.484 0.036 0.929 0.424 25 128 35.28 446.06 0 0
60800 10 1 0.006 0.015 0.275 0.75 0.579 92 2 101.32 16.14 0 0.48
60800 10 1 0.039 0.5 0.304 0.908 0.602 88 0 97.88 14.2 0 0.4
60800 10 1 0.105 0.153 0.115 0.81 0.7 82 2 97.28 13.66 0 0.52
60800 10 1 0.04 0.496 0.177 0.762 0.581 76 1 91.86 15.58 0 0.58
60800 10 1 0.056 0.378 0.208 0.806 0.503 33 2 51.44 37.72 0 0.42
60800 10 1 0.063 0.032 0.37 0.95 0.905 82 0 98.46 10.18 0 0.64
60800 10 1 0.054 0.479 0.433 0.869 0.934 100 1 112.86 7.26 0.54 0.62
60800 10 1 0.106 0.131 0.326 0.961 0.822 100 0 104.8 9.16 0 0.5
60800 10 1 0.005 0.351 0.007 0.923 0.966 86 2 103.74 7.1 0.26 0.68
60800 10 1 0.107 0.37 0.111 0.999 0.669 68 1 79.78 15.16 0 0.62
60800 10 1 0.088 0.05 0.181 0.992 0.226 82 0 103.46 8.08 0.28 0.7
60800 10 1 0.097 0.184 0.162 0.938 0.752 81 1 98.12 10.86 0 0.62
60800 10 1 0.084 0.031 0.262 0.82 0.249 88 2 98.9 13.96 0 0.48
60800 10 1 0.092 0.48 0.055 0.832 0.637 45 5 67.08 36.6 0 0.18
60800 10 1 0.003 0.308 0.443 0.799 0.26 56 1 75.14 30.18 0 0.3
60800 10 1 0.017 0.074 0.013 0.979 0.542 25 147 32.74 340.66 0 0
60800 10 1 0.113 0.396 0.08 0.904 0.111 25 735 26.66 1063.54 0 0
60800 10 1 0.09 0.321 0.215 0.886 0.766 99 0 108.32 10.32 0.26 0.48
60800 10 1 0.055 0.189 0.298 0.831 0.945 88 1 110.86 12.32 0.62 0.64
60800 10 1 0.002 0.419 0.227 0.802 0.286 28 6 47.48 61.42 0 0.22
60800 10 1 0.002 0.272 0.099 0.877 0.437 25 5 48.6 104.88 0 0.4
60800 10 1 0.111 0.225 0.124 0.912 0.501 26 4 47.22 45.5 0 0.48
60800 10 1 0.007 0.292 0.265 0.894 0.741 65 0 91.12 15.56 0.22 0.62
60800 10 1 0.091 0.139 0.191 0.875 0.553 95 3 108.14 9.82 0.44 0.52
60800 10 1 0.09 0.073 0.3 0.914 0.319 86 3 101.82 10.28 0 0.62
60800 10 1 0.106 0.268 0.199 0.978 0.748 86 0 100.54 12.24 0.26 0.66
60800 10 1 0.047 0.01 0.215 0.762 0.095 94 0 107.68 11.54 0.28 0.56
60800 10 1 0.086 0.353 0.381 0.914 0.62 82 0 96.44 9.42 0.12 0.72
60800 10 1 0.034 0.357 0.096 0.926 0.613 54 0 76.68 24.18 0 0.6
60800 10 1 0.022 0.074 0.19 0.809 0.235 42 1 62.9 50.66 0 0.38
60800 10 1 0.032 0.022 0.172 0.809 0.99 94 0 107.48 11.92 0.3 0.52
60800 10 1 0.1 0.409 0.184 0.904 0.349 25 49 37.12 222.28 0 0
60800 10 1 0.017 0.48 0.389 0.951 0.225 34 1 46.88 58.38 0 0.44
60800 10 1 0.04 0.017 0.015 0.751 0.182 32 272 38.36 367.22 0 0
60800 10 1 0.024 0.01 0.47 0.903 0.464 150 0 150 0 1 1
60800 10 1 0.029 0.281 0.293 0.779 0.883 99 1 113.36 11.08 0.56 0.52
60800 10 1 0.079 0.39 0.469 0.858 0.847 88 1 103.84 11.4 0.2 0.72
60800 10 10 0.09 0.182 0.134 0.911 0.722 25 0 37.72 8.24 0 0.72
60800 10 10 0.051 0.222 0.093 0.955 0.508 29 3 33.26 114.82 0 0.06
60800 10 10 0.019 0.147 0.234 0.87 0.503 25 1 40.08 17.32 0 0.66
60800 10 10 0.023 0.249 0.268 0.775 0.696 25 1 40.22 10.68 0 0.76
60800 10 10 0.016 0.363 0.413 0.989 0.562 25 0 34.68 5.56 0 0.82
60800 10 10 0.008 0.306 0.04 0.779 0.878 26 0 41.74 7.74 0 0.76
60800 10 10 0.031 0.266 0.426 0.992 0.184 31 1 46.56 49.9 0 0.34
60800 10 10 0.1 0.187 0.472 0.983 0.824 25 0 36.26 5.34 0 0.82
60800 10 10 0.015 0.168 0.295 0.913 0.847 25 0 34.24 8.82 0 0.76
60800 10 10 0.038 0.285 0.28 0.888 0.048 25 664 26.56 738.08 0 0
60800 10 10 0.084 0.132 0.237 0.878 0.776 25 0 37.28 9.08 0 0.72
60800 10 10 0.108 0.272 0.313 0.87 0.69 25 0 38.14 10.1 0 0.76
60800 10 10 0.015 0.158 0.398 0.908 0.097 29 2 43.14 39.84 0 0.36
60800 10 10 0.032 0.084 0.041 0.831 0.734 40 1 47.26 11.4 0 0.62
60800 10 10 0.016 0.239 0.348 0.826 0.859 26 0 38.42 7.76 0 0.78
60800 10 10 0.073 0.429 0.474 0.86 0.901 25 1 38.9 9.78 0 0.74
60800 10 10 0.074 0.022 0.15 0.839 0.281 25 0 34.26 10.24 0 0.72
60800 10 10 0.117 0.167 0.048 0.866 0.223 25 593 29.54 734.64 0 0
60800 10 10 0.093 0.072 0.4 0.898 0.597 25 0 34.58 10.12 0 0.78
60800 10 10 0.048 0.154 0.221 0.862 0.872 25 0 37.18 10.64 0 0.7
60800 10 10 0.08 0.391 0.141 0.969 0.478 28 2 37.34 73.48 0 0.16
60800 10 10 0.112 0.117 0.462 0.795 0.301 25 0 36.44 5.18 0 0.76
60800 10 10 0.037 0.134 0.369 0.778 0.915 25 0 37.04 5.6 0 0.88
60800 10 10 0.102 0.432 0.454 0.87 0.653 28 0 36.28 6.16 0 0.78
60800 10 10 0.066 0.135 0.329 0.989 0.857 25 1 36.24 9.14 0 0.7
60800 10 10 0.069 0.395 0.128 0.794 0.609 38 2 47.84 28.28 0 0.48
60800 10 10 0.071 0.403 0.116 0.913 0.481 26 4 44.22 77.88 0 0.4
60800 10 10 0.045 0.027 0.149 0.772 0.932 25 0 37.72 8.92 0 0.76
60800 10 10 0.029 0.02 0.002 0.848 0.055 25 774 30.62 906.98 0 0
60800 10 10 0.086 0.174 0.024 0.838 0.509 27 2 37.28 145.36 0 0.04
60800 10 10 0.035 0.369 0.213 0.852 0.516 47 2 55.9 22.92 0 0.28
60800 10 10 0.067 0.057 0.081 0.834 0.509 51 0 59.3 4.48 0 0.76
60800 10 10 0.099 0.122 0.336 0.95 0.144 35 2 52.38 26.2 0 0.46
60800 10 10 0.114 0.298 0.487 0.801 0.464 25 0 35.2 10.74 0 0.72
60800 10 10 0.055 0.048 0.198 0.755 0.107 35 1 42.12 37 0 0.42
60800 10 10 0.022 0.105 0.101 0.919 0.67 28 0 40.5 16.66 0 0.64
60800 10 10 0.106 0.206 0.077 0.826 0.184 25 553 27.7 819.28 0 0
60800 10 10 0.031 0.408 0.115 0.979 0.162 25 436 29.02 583.38 0 0
60800 10 10 0.01 0.181 0.278 0.998 0.801 25 0 34.9 9.48 0 0.74
60800 10 10 0.062 0.233 0.377 0.904 0.358 55 1 71.24 16.82 0 0.6
60800 10 10 0.036 0.191 0.255 0.975 0.845 25 1 32.82 5.8 0 0.92
60800 10 10 0.002 0.41 0.1 0.877 0.961 25 0 34.66 11.18 0 0.74
60800 10 10 0.028 0.215 0.072 0.897 0.436 35 8 46 101.34 0 0.02
60800 10 10 0.032 0.382 0.375 0.917 0.364 39 0 52.12 21.02 0 0.34
60800 10 10 0.081 0.397 0.042 0.836 0.853 25 1 35.6 8.78 0 0.76
60800 10 10 0.108 0.458 0.184 0.99 0.833 25 0 34.4 2.92 0 0.9
60800 10 10 0.035 0.47 0.279 0.822 0.053 25 403 28.74 766 0 0
60800 10 10 0.09 0.297 0.47 0.958 0.242 45 0 55.52 12.94 0 0.52
60800 10 10 0.086 0.457 0.221 0.902 0.889 25 0 37.7 6.28 0 0.86
60800 10 10 0.066 0.344 0.442 0.856 0.621 25 0 33.96 6.3 0 0.82
60800 10 10 0.055 0.098 0.02 0.992 0.81 48 0 57.76 8.04 0 0.62
60800 10 10 0.11 0.498 0.491 0.913 0.524 25 0 34.4 11.16 0 0.76
60800 10 10 0.045 0.345 0.182 0.849 0.482 33 2 45.76 36.52 0 0.42
60800 10 10 0.11 0.093 0.004 0.859 0.792 49 0 52.3 6.2 0 0.74
60800 10 10 0.036 0.196 0.011 0.857 0.59 40 28 49.82 84.7 0 0
60800 10 10 0.004 0.19 0.044 0.82 0.278 25 336 29.46 543 0 0
60800 10 10 0.077 0.056 0.087 0.87 0.872 25 0 34.9 9.24 0 0.76
60800 10 10 0.072 0.344 0.174 0.83 0.666 26 1 36.02 13.2 0 0.7
60800 10 10 0.081 0.144 0.328 0.998 0.839 25 0 35.22 7.24 0 0.82
60800 10 10 0.06 0.275 0.194 0.917 0.093 25 465 31.66 569.32 0 0
60800 10 10 0.114 0.363 0.466 0.755 0.028 25 522 27.48 856.3 0 0
60800 10 10 0.007 0.394 0.454 0.785 0.52 25 0 39.24 10.54 0 0.76
60800 10 10 0.002 0.446 0.253 0.906 0.346 27 0 33.9 47.2 0 0.74
60800 10 10 0.08 0.204 0.405 0.972 0.347 25 0 39.62 6.44 0 0.78
60800 10 10 0.113 0.048 0.139 0.974 0.211 25 0 38.06 5 0 0.8
60800 10 10 0.096 0.149 0.122 0.823 0.778 25 0 36.2 10.74 0 0.74
60800 10 10 0.019 0.496 0.255 0.972 0.503 33 1 49.7 25.88 0 0.44
60800 10 10 0.046 0.227 0.419 0.756 0.178 25 4 36.82 58.84 0 0.6
60800 10 10 0.074 0.105 0.07 0.811 0.88 25 1 37.3 6.42 0 0.82
60800 10 10 0.077 0.482 0.279 0.881 0.542 40 0 52.12 18.56 0 0.64
60800 10 10 0.065 0.331 0.129 0.844 0.551 42 3 48.86 36.32 0 0.14
60800 10 10 0.084 0.284 0.12 0.961 0.725 53 0 64.46 11.28 0 0.48
60800 10 10 0.084 0.233 0.391 0.999 0.327 35 0 47.38 17.86 0 0.58
60800 10 10 0.089 0.381 0.205 0.963 0.771 25 0 35.5 10.6 0 0.76
60800 10 10 0.094 0.081 0.423 0.888 0.307 26 0 36.98 9.82 0 0.68
60800 10 10 0.024 0.226 0.096 0.787 0.036 25 547 34.64 653.34 0 0
60800 10 10 0.037 0.012 0.077 0.905 0.472 25 1 32.74 10.24 0 0.78
60800 10 10 0.022 0.297 0.04 0.905 0.651 25 2 34.74 37.26 0 0.52
60800 10 10 0.109 0.138 0.135 0.916 0.362 34 0 47.28 18.66 0 0.3
60800 10 10 0.098 0.287 0.411 0.882 0.989 25 1 34.06 7.14 0 0.78
60800 10 10 0.039 0.386 0.051 0.962 0.525 25 4 39.32 169.54 0 0.24
60800 10 10 0.067 0.262 0.207 0.921 0.893 25 0 34.5 9.94 0 0.78
60800 10 10 0.065 0.131 0.497 0.909 0.984 25 0 38.02 6.28 0 0.84
60800 10 10 0.005 0.054 0.078 0.905 0.11 26 136 38.42 260.06 0 0
60800 10 10 0.064 0.09 0.122 0.913 0.47 32 0 42.64 9.56 0 0.64
60800 10 10 0.034 0.242 0.47 0.935 0.095 30 11 38.88 79.56 0 0
60800 10 10 0.086 0.422 0.252 0.903 0.611 32 0 45.9 13.14 0 0.62
60800 10 10 0.065 0.463 0.368 0.946 0.854 25 0 35 5.22 0 0.86
60800 10 10 0.083 0.288 0.384 0.751 0.253 45 4 53.34 39.02 0 0.32
60800 10 10 0.035 0.335 0.302 0.988 0.34 54 0 64.26 21.38 0 0.34
60800 10 10 0.012 0.389 0.48 0.753 0.733 35 0 45.24 7.96 0 0.72
60800 10 10 0.058 0.04 0.34 0.877 0.249 25 0 32.26 10.2 0 0.82
60800 10 10 0.074 0.251 0.231 0.764 0.961 25 0 35.78 9.78 0 0.74
60800 10 10 0.024 0.377 0.03 0.887 0.754 25 0 34.26 13.94 0 0.76
60800 10 10 0.031 0.048 0.379 0.934 0.581 25 0 35.88 9.38 0 0.76
60800 10 10 0.097 0.373 0.205 0.834 0.266 25 2 41.74 200.12 0 0.2
60800 10 10 0.046 0.283 0.104 0.97 0.686 44 0 54.18 13.02 0 0.62
60800 10 10 0.038 0.054 0.097 0.974 0.954 25 0 35.34 10.26 0 0.74
60800 10 10 0.024 0.409 0.281 0.814 0.544 30 0 43.9 12.06 0 0.56
60800 10 10 0.111 0.11 0.204 0.842 0.176 52 3 64 24.94 0 0.36
60800 10 10 0.096 0.038 0.183 0.942 0.839 53 0 58.58 7.74 0 0.72
60800 10 10 0.039 0.494 0.246 0.954 0.886 25 1 37.76 9.96 0 0.78
60800 10 10 0.092 0.175 0.023 0.777 0.692 40 1 46.36 6.2 0 0.72
60800 10 10 0.036 0.032 0.078 0.891 0.388 26 0 39.72 10.04 0 0.66
60800 10 10 0.018 0.452 0.328 0.851 0.462 27 1 37.12 17.16 0 0.66
60800 10 10 0.017 0.293 0.479 0.865 0.087 27 2 46.52 36.82 0 0.64
60800 10 10 0.056 0.277 0.071 0.783 0.914 25 1 41.94 9.78 0 0.72
60800 10 10 0.015 0.189 0.181 0.942 0.31 36 1 46.98 21.26 0 0.68
60800 10 10 0.017 0.453 0.443 0.916 0.424 28 0 44.94 9.02 0 0.68
60800 10 10 0.041 0.27 0.284 0.795 0.348 30 0 43.94 46.04 0 0.4
60800 10 10 0.092 0.28 0.336 0.841 0.836 25 0 38.54 8.34 0 0.76
60800 10 10 0.06 0.287 0.377 0.765 0.565 48 0 54.84 5.38 0 0.8
60800 10 10 0.106 0.04 0.403 0.892 0.091 25 0 38.32 4.5 0 0.84
60800 10 10 0.06 0.468 0.162 0.845 0.974 25 0 35.5 8.12 0 0.78
60800 10 10 0.119 0.063 0.047 0.985 0.255 30 2 43.58 16.88 0 0.54
60800 10 10 0.072 0.412 0.208 0.864 0.533 26 1 37.36 24.52 0 0.58
60800 10 10 0.047 0.466 0.083 0.895 0.81 25 0 37.82 11.06 0 0.68
60800 10 10 0.042 0.071 0.35 0.8 0.969 25 0 38 10.34 0 0.72
60800 10 10 0.032 0.463 0.469 0.864 0.352 44 2 53.92 18.06 0 0.4
60800 10 10 0.035 0.008 0.204 0.922 0.603 25 0 45.7 9.66 0 0.76
60800 10 10 0.074 0.07 0.339 0.766 0.824 25 0 35.64 4.64 0 0.82
60800 10 10 0.069 0.347 0.204 0.988 0.228 25 5 43.44 240.16 0 0.24
60800 10 10 0.019 0.285 0.24 0.889 0.544 29 2 40.6 13.72 0 0.48
60800 10 10 0.106 0.343 0.336 0.882 0.361 47 2 58.62 19.62 0 0.44
60800 10 10 0.043 0.023 0.096 0.978 0.489 34 0 47.9 6 0 0.76
60800 10 10 0.114 0.312 0.313 0.801 0.89 25 0 31.92 8.58 0 0.76
60800 10 10 0.015 0.205 0.367 0.884 0.414 50 0 58.32 8.52 0 0.62
60800 10 10 0.035 0.046 0.289 0.996 0.121 27 0 43.24 16.38 0 0.54
60800 10 10 0.03 0.314 0.478 0.944 0.175 29 1 45.22 58.24 0 0.52
60800 10 10 0.061 0.417 0.221 0.958 0.047 25 251 37.7 414.78 0 0
60800 10 10 0.074 0.009 0.007 0.801 0.791 25 0 34.52 9.36 0 0.78
60800 10 10 0.104 0.216 0.021 0.956 0.957 25 0 35.22 4.38 0 0.86
60800 10 10 0.092 0.483 0.213 0.908 0.501 28 2 39 47.34 0 0.52
60800 10 10 0.115 0.08 0.485 0.901 0.171 25 0 36.18 8.38 0 0.8
60800 10 10 0.022 0.152 0.316 0.977 0.143 28 0 48.12 89.66 0 0.06
60800 10 10 0.115 0.396 0.112 0.765 0.133 25 532 31.08 835.94 0 0
60800 10 10 0.102 0.086 0.11 0.768 0.974 25 0 36.96 4.7 0 0.84
60800 10 10 0.056 0.234 0.156 0.79 0.549 35 0 58.8 22.42 0 0.44
60800 10 10 0.002 0.495 0.276 0.77 0.238 32 6 46.18 57.24 0 0.36
60800 10 10 0.06 0.053 0.295 0.96 0.36 43 0 52.02 5.42 0 0.78
60800 10 10 0.026 0.416 0.405 0.754 0.752 25 0 35.06 9.26 0 0.74
60800 10 10 0.102 0.2 0.286 0.898 0.76 25 0 34.3 9.68 0 0.8
60800 10 10 0.035 0.102 0.088 0.784 0.031 25 992 26.14 1045.16 0 0
60800 10 10 0.09 0.262 0.353 0.915 0.276 27 1 46.46 52.58 0 0.4
60800 10 10 0.083 0.446 0.284 0.95 0.289 25 4 37.58 194.44 0 0.14
60800 10 10 0.023 0.321 0.047 0.771 0.79 33 0 44.44 10.48 0 0.62
60800 10 10 0.1 0.055 0.339 0.889 0.056 31 1 42.24 48.62 0 0.52
60800 10 10 0.002 0.397 0.451 0.797 0.465 25 0 36.72 5.98 0 0.82
60800 10 10 0.095 0.019 0.048 0.924 0.865 25 0 35.5 5.74 0 0.84
60800 10 10 0.038 0.429 0.159 0.989 0.151 25 210 37.7 365.82 0 0
60800 10 10 0.114 0.288 0.176 0.969 0.919 25 0 36.68 5.7 0 0.88
60800 10 10 0.066 0.343 0.138 0.807 0.074 25 20 32.9 604.88 0 0
60800 10 10 0.083 0.331 0.024 0.94 0.882 41 0 48.96 9 0 0.64
60800 10 10 0.11 0.453 0.088 0.781 0.107 25 1031 26.38 1130.58 0 0
60800 10 10 0.021 0.192 0.231 0.908 0.568 36 0 46.08 12.74 0 0.64
60800 10 10 0.002 0.362 0.173 0.767 0.318 26 1 47.7 101.96 0 0.16
60800 10 10 0.099 0.34 0.372 0.825 0.163 25 21 44.18 197.64 0 0
60800 10 10 0.098 0.173 0.247 0.779 0.053 25 320 32.56 614.82 0 0
60800 10 10 0.11 0.186 0.002 0.87 0.761 52 1 58.32 7.2 0 0.72
60800 10 10 0.043 0.438 0.45 0.774 0.33 30 1 43.22 22.48 0 0.44
60800 10 10 0.025 0.22 0.397 0.784 0.308 28 0 48.44 16.06 0 0.66
60800 10 10 0.119 0.001 0.427 0.812 0.134 25 0 34.74 8.98 0 0.78
60800 10 10 0.04 0.307 0.174 0.852 0.134 25 11 42.94 176.72 0 0
60800 10 10 0.08 0.266 0.045 0.8 0.568 35 6 45.28 52.42 0 0.24
60800 10 10 0.053 0.099 0.042 0.922 0.296 25 26 30.68 471.48 0 0
60800 10 10 0.08 0.354 0.309 0.949 0.662 28 1 39.66 8.12 0 0.76
60800 10 10 0.103 0.277 0.141 0.752 0.576 37 0 43.14 12.12 0 0.6
60800 10 10 0.033 0.183 0.199 0.916 0.301 31 0 44.24 74.14 0 0.32
60800 10 10 0.048 0.178 0.43 0.903 0.688 25 0 34.66 9.76 0 0.74
60800 10 10 0.06 0.31 0.457 0.94 0.985 25 0 33.52 4.04 0 0.88
60800 10 10 0.057 0.382 0.272 0.873 0.547 31 0 39.28 12.28 0 0.6
60800 10 10 0.058 0.111 0.201 0.87 0.306 42 1 47.08 16.8 0 0.38
60800 10 10 0.04 0.458 0.104 0.902 0.212 25 484 29.02 681.84 0 0
60800 10 10 0.036 0.207 0.353 0.756 0.655 25 0 34.74 7.94 0 0.76
60800 10 10 0.11 0.111 0.152 0.828 0.182 25 0 41.06 118.62 0 0.48
60800 10 10 0.108 0.017 0.16 0.957 0.728 25 0 37.54 6.84 0 0.76
60800 10 10 0.064 0.126 0.281 0.881 0.862 25 0 34.28 7.52 0 0.78
60800 10 10 0.004 0.305 0.254 0.767 0.269 29 1 41.16 81.44 0 0.4
60800 10 10 0.065 0.291 0.08 0.804 0.405 26 60 39.18 195.76 0 0
60800 10 10 0.106 0.17 0.31 0.815 0.885 25 0 32.36 5.9 0 0.84
60800 10 10 0.108 0.025 0.028 0.888 0.913 36 0 41.64 6.62 0 0.68
60800 10 10 0.033 0.466 0.411 0.809 0.103 28 26 41.46 122.04 0 0
60800 10 10 0.099 0.317 0.284 0.925 0.694 25 0 37 10.4 0 0.74
60800 10 10 0.047 0.192 0.249 0.822 0.533 34 1 41.36 10.06 0 0.62
60800 10 10 0.104 0.401 0.367 0.994 0.466 42 1 49.7 11.48 0 0.76
60800 10 10 0.091 0.454 0.396 0.847 0.814 25 0 33.48 10.14 0 0.74
60800 10 10 0.087 0.437 0.347 0.938 0.094 25 42 31.2 385.36 0 0
60800 10 10 0.022 0.047 0.12 0.753 0.376 26 0 56.58 16 0 0.62
60800 10 10 0.099 0.419 0.097 0.854 0.223 25 648 29.84 900.66 0 0
60800 10 10 0.064 0.397 0.04 0.941 0.03 25 1273 26.28 1324.52 0 0
60800 10 10 0.107 0.12 0.471 0.932 0.087 42 2 52.28 24.04 0 0.42
60800 10 10 0.01 0.041 0.284 0.963 0.489 26 1 37.18 9.1 0 0.74
60800 10 10 0.108 0.385 0.398 0.932 0.606 25 0 36.06 9.72 0 0.76
60800 10 10 0.1 0.363 0.088 0.826 0.842 33 0 45.68 8.48 0 0.7
60800 10 10 0.085 0.098 0.248 0.895 0.194 27 0 43.66 19.34 0 0.48
60800 10 10 0.112 0.331 0.294 0.796 0.986 25 0 36.24 9.78 0 0.72
60800 10 10 0.083 0.204 0.47 0.967 0.076 31 37 44.56 73.2 0 0
60800 10 10 0.077 0.496 0.098 0.779 0.959 25 1 34.1 9.62 0 0.72
60800 10 10 0.09 0.474 0.167 0.799 0.727 44 0 49.98 9.3 0 0.7
60800 10 10 0.081 0.418 0.21 0.768 0.401 36 6 48.88 69.36 0 0.26
60800 10 10 0.108 0.076 0.004 0.953 0.155 25 845 26 1009.52 0 0
60800 10 10 0.007 0.448 0.392 0.982 0.401 33 0 43.78 13.04 0 0.68
60800 10 10 0.032 0.166 0.005 0.885 0.668 34 3 47.18 40.2 0 0.32
60800 10 10 0.002 0.363 0.332 0.79 0.229 27 1 39.74 25.48 0 0.68
60800 10 10 0.002 0.156 0.33 0.92 0.535 30 0 42.62 7.3 0 0.72
60800 10 10 0.107 0.346 0.451 0.835 0.212 38 3 46.46 7.5 0 0.78
60800 10 10 0.01 0.284 0.325 0.976 0.423 41 2 60.66 22.16 0 0.32
60800 10 10 0.039 0.334 0.183 0.904 0.402 38 2 55.84 33.44 0 0.26
60800 10 10 0.056 0.144 0.139 0.925 0.33 33 3 41.86 77.44 0 0.04
60800 10 10 0.111 0.31 0.188 0.762 0.214 25 107 35.26 401.78 0 0
60800 10 10 0.082 0.068 0.488 0.944 0.154 25 0 34.92 5 0 0.84
60800 10 10 0.086 0.378 0.189 0.754 0.105 25 642 26.4 887.72 0 0
60800 10 10 0.1 0.455 0.168 0.959 0.436 26 21 42.82 132.18 0 0
60800 10 10 0.076 0.317 0.143 0.809 0.324 29 126 36.4 164.6 0 0
60800 10 10 0.115 0.059 0.266 0.843 0.637 25 0 34.58 10.14 0 0.76
60800 10 10 0.093 0.065 0.261 0.939 0.088 35 1 53.26 29.54 0 0.46
60800 10 10 0.025 0.126 0.207 0.826 0.031 25 755 26.1 823 0 0
60800 10 10 0.118 0.336 0.266 0.988 0.234 30 21 49.18 145.66 0 0
60800 10 10 0.071 0.046 0.36 0.803 0.445 25 0 36.46 11.4 0 0.76
60800 10 10 0.075 0.442 0.025 0.779 0.803 30 0 46.22 11.34 0 0.6
60800 10 10 0.006 0.338 0.276 0.938 0.747 25 0 33.58 5.6 0 0.86
60800 10 10 0.059 0.221 0.073 0.941 0.549 37 3 48.42 24.7 0 0.48
60800 10 10 0.096 0.269 0.355 0.823 0.894 25 0 33.02 10.44 0 0.72
60800 10 10 0.077 0.218 0.056 0.891 0.737 33 0 56.98 13.96 0 0.4
60800 10 10 0.066 0.307 0.272 0.787 0.387 49 0 67.14 45.84 0 0.2
60800 10 10 0.108 0.305 0.038 0.974 0.403 25 555 30.5 702.98 0 0
60800 10 10 0.054 0.094 0.253 0.813 0.229 33 1 52.12 16.68 0 0.42
60800 10 10 0.031 0.471 0.135 0.895 0.829 25 0 35.52 5.22 0 0.8
60800 10 10 0.042 0.092 0.385 0.757 0.442 25 0 37.28 8.9 0 0.72
60800 10 10 0.043 0.21 0.378 0.881 0.141 35 2 46.52 53.18 0 0.32
60800 10 10 0.071 0.43 0.228 0.875 0.585 47 0 58.94 14.18 0 0.66
60800 10 10 0.072 0.411 0.342 0.977 0.908 25 0 36.12 9.7 0 0.76
60800 10 10 0.023 0.053 0.397 0.985 0.183 25 0 36.26 8.78 0 0.74
60800 10 10 0.012 0.006 0.278 0.965 0.747 25 1 36.06 10.94 0 0.72
60800 10 10 0.081 0.108 0.421 0.831 0.586 25 1 36.72 6.46 0 0.82
60800 10 10 0.011 0.491 0.034 0.754 0.335 25 976 26.16 1061.68 0 0
60800 10 10 0.059 0.411 0.015 0.942 0.259 25 1076 26 1138.2 0 0
60800 10 10 0.108 0.274 0.058 0.949 0.358 25 258 34.08 469.48 0 0
60800 10 10 0.078 0.166 0.493 0.874 0.828 25 0 36.2 8.24 0 0.7
60800 10 10 0.054 0.206 0.152 0.933 0.811 25 0 36.74 8.88 0 0.66
60800 10 10 0.009 0.286 0.055 0.9 0.554 28 4 42.8 122.22 0 0.2
60800 10 10 0.035 0.104 0.03 0.94 0.379 26 261 30.88 434.06 0 0
60800 10 10 0.023 0.057 0.056 0.866 0.153 26 248 31.96 447.12 0 0
60800 10 10 0.075 0.457 0.168 0.866 0.103 25 704 26.3 971.74 0 0
60800 10 10 0.04 0.403 0.196 0.955 0.22 28 3 41.74 148.9 0 0.3
60800 10 10 0.054 0.104 0.426 0.904 0.169 25 0 35.3 12.12 0 0.72
60800 10 10 0.096 0.285 0.087 0.794 0.394 25 231 33.46 350.58 0 0
60800 10 10 0.049 0.295 0.241 0.785 0.033 25 604 32.02 742.9 0 0
60800 10 10 0.024 0.369 0.317 0.998 0.658 25 0 32.92 6.56 0 0.8
60800 10 10 0.099 0.421 0.155 0.774 0.411 30 8 41.98 77.72 0 0.18
60800 10 10 0.048 0.357 0.496 0.922 0.646 25 1 38.08 11.56 0 0.76
60800 10 10 0.095 0.341 0.057 0.793 0.104 25 1057 26.22 1103.9 0 0
60800 10 10 0.045 0.123 0.378 0.924 0.051 30 2 46.44 55.78 0 0.48
60800 10 10 0.048 0.108 0.223 0.835 0.447 25 0 33.24 13.84 0 0.72
60800 10 10 0.084 0.417 0.011 0.834 0.307 25 957 26.24 997.96 0 0
60800 10 10 0.103 0.435 0.146 0.928 0.807 25 0 32.9 10.94 0 0.76
60800 10 10 0.054 0.045 0.103 0.946 0.291 56 0 60.48 9.58 0 0.64
60800 10 10 0.043 0.481 0.189 0.908 0.15 25 344 30.92 661.32 0 0
60800 10 10 0.023 0.396 0.21 0.79 0.998 25 0 33.74 5.32 0 0.86
60800 10 10 0.026 0.064 0.079 0.809 0.518 42 1 52.54 14.3 0 0.54
60800 10 10 0.038 0.396 0.473 0.982 0.526 25 0 36.52 9.24 0 0.74
60800 10 10 0.099 0.204 0.365 0.873 0.78 25 0 36.1 10.64 0 0.78
60800 10 10 0.054 0.402 0.279 0.862 0.538 34 0 45.62 15.6 0 0.62
60800 10 10 0.102 0.282 0.353 0.843 0.008 25 564 29.48 752.16 0 0
60800 10 10 0.021 0.239 0.408 0.889 0.939 25 0 39.42 10.08 0 0.78
60800 10 10 0.001 0.13 0.497 0.772 0.162 46 0 55.12 12.48 0 0.66
60800 10 10 0.038 0.163 0.19 0.996 0.391 29 2 42.46 42.46 0 0.36
60800 10 10 0.119 0.051 0.378 0.932 0.614 25 1 36.54 10.42 0 0.8
60800 10 10 0.062 0.486 0.232 0.93 0.658 52 0 64.56 12.5 0 0.6
60800 10 10 0.052 0.22 0.414 0.876 0.457 25 0 33.4 8.62 0 0.68
60800 10 10 0.067 0.422 0.138 0.95 0.326 25 3 38.48 177.94 0 0.26
60800 10 10 0.088 0.428 0.271 0.927 0.1 25 601 26.5 864.72 0 0
60800 10 10 0.107 0.337 0.422 0.902 0.519 35 0 46.6 8.08 0 0.76
60800 10 10 0.104 0.06 0.28 0.957 0.953 25 0 33.3 8.42 0 0.84
60800 10 10 0.063 0.166 0.446 0.836 0.261 37 0 49.5 10.84 0 0.64
60800 10 10 0.043 0.349 0.197 0.762 0.717 25 0 36.76 13.24 0 0.78
60800 10 10 0.101 0.166 0.439 0.784 0.112 44 1 53.5 49.1 0 0.06
60800 10 10 0.107 0.288 0.498 0.853 0.737 25 0 35.04 7.36 0 0.78
60800 10 10 0.03 0.074 0.245 0.778 0.237 25 0 37.74 18.7 0 0.74
60800 10 10 0.03 0.056 0.337 0.99 0.743 26 0 38.5 8.62 0 0.7
60800 10 10 0.113 0.141 0.08 0.958 0.145 25 441 29.74 828.2 0 0
60800 10 10 0.034 0.302 0.028 0.915 0.938 25 0 34.38 7.24 0 0.76
60800 10 10 0.018 0.433 0.403 0.809 0.962 25 0 33.5 4.76 0 0.9
60800 10 10 0.052 0.071 0.164 0.886 0.334 34 0 47.54 18.94 0 0.42
60800 10 10 0.094 0.138 0.057 0.996 0.252 25 248 31.92 485.9 0 0
60800 10 10 0.025 0.47 0.364 0.851 0.885 25 0 34.76 5.36 0 0.82
60800 10 10 0.068 0.479 0.33 0.763 0.235 26 3 43.74 152.12 0 0.36
60800 10 10 0.056 0.103 0.069 0.937 0.434 25 42 34.94 100.86 0 0
60800 10 10 0.089 0.46 0.028 0.866 0.353 25 913 26.18 984.82 0 0
60800 10 10 0.076 0.326 0.05 0.817 0.904 25 0 35.74 8.88 0 0.72
60800 10 10 0.093 0.1 0.096 0.918 0.748 25 0 35.16 10.66 0 0.76
60800 10 10 0.083 0.162 0.284 0.895 0.311 34 1 54.26 28.12 0 0.3
60800 10 10 0.023 0.299 0.048 0.823 0.223 25 539 34.74 740.18 0 0
60800 10 10 0.014 0.456 0.285 0.975 0.207 26 1 44.48 139.7 0 0.32
60800 10 10 0.022 0.331 0.063 0.867 0.262 25 459 30.08 665.52 0 0
60800 10 10 0.118 0.48 0.186 0.818 0.593 40 3 57.32 27.1 0 0.56
60800 10 10 0.086 0.104 0.292 0.925 0.465 38 0 45.18 9.16 0 0.78
60800 10 10 0.115 0.474 0.275 0.95 0.968 42 0 46.34 5.9 0 0.78
60800 10 10 0.058 0.352 0.374 0.884 0.146 41 2 49.74 85.04 0 0.18
60800 10 10 0.107 0.384 0.403 0.884 0.459 65 2 71.8 12.18 0 0.4
60800 10 10 0.094 0.448 0.412 0.762 0.507 26 0 35.28 5.46 0 0.76
60800 10 10 0.084 0.403 0.259 0.896 0.989 25 0 34.46 11.08 0 0.76
60800 10 10 0.066 0.165 0.485 0.919 0.48 25 0 34.88 8.3 0 0.76
60800 10 10 0.113 0.48 0.115 0.798 0.204 25 641 27.3 877.48 0 0
60800 10 10 0.015 0.074 0.116 0.808 0.077 29 1 55.3 71.04 0 0.54
60800 10 10 0.081 0.053 0.032 0.805 0.311 28 2 39.98 36.26 0 0.56
60800 10 10 0.108 0.485 0.271 0.984 0.348 31 2 46.88 56.04 0 0.24
60800 10 10 0.072 0.186 0.228 0.968 0.696 25 0 34.64 7.56 0 0.78
60800 10 10 0.081 0.218 0.398 0.767 0.851 25 0 37.32 9.54 0 0.76
60800 10 10 0.072 0.129 0.415 0.817 0.68 25 0 37.36 10.58 0 0.68
60800 10 10 0.092 0.21 0.383 0.763 0.701 28 0 40.84 6.6 0 0.76
60800 10 10 0.066 0.346 0.439 0.901 0.753 25 0 36.82 8.76 0 0.74
60800 10 10 0.039 0.45 0.293 0.837 0.104 25 197 29.14 523.22 0 0
60800 10 10 0.088 0.279 0.372 0.999 0.939 25 0 37.36 6.58 0 0.82
60800 10 10 0.033 0.372 0.121 0.817 0.898 25 0 38.12 9.82 0 0.72
60800 10 10 0.08 0.397 0.217 0.906 0.149 40 6 52.64 111.56 0 0.12
60800 10 10 0.038 0.39 0.342 0.982 0.321 41 2 52.74 20.72 0 0.58
60800 10 10 0.035 0.105 0.011 0.801 0.121 25 633 30.32 922 0 0
60800 10 10 0.106 0.245 0.163 0.92 0.873 25 0 34.06 7.7 0 0.8
60800 10 10 0.078 0.497 0.349 0.82 0.912 25 0 33.68 4.04 0 0.9
60800 10 10 0.048 0.391 0.428 0.882 0.89 41 0 52.8 7.22 0 0.74
60800 10 10 0.037 0.367 0.456 0.754 0.685 25 0 33.04 5.44 0 0.76
60800 10 10 0.095 0.038 0.248 0.859 0.843 25 0 33.4 10.52 0 0.72
60800 10 10 0.017 0.345 0.331 0.849 0.061 25 4 38.38 212.74 0 0.32
60800 10 10 0.075 0.283 0.356 0.895 0.233 38 1 54.38 44.76 0 0.36
60800 10 10 0.01 0.332 0.111 0.926 0.537 27 0 40.52 54.7 0 0.36
60800 10 10 0.065 0.124 0.34 0.778 0.172 38 2 48.48 25.92 0 0.5
60800 10 10 0.099 0.093 0.252 0.921 0.348 25 0 38.08 9.98 0 0.76
60800 10 10 0.076 0.416 0.458 0.772 0.949 25 1 40.16 9.24 0 0.76
60800 10 10 0.016 0.4 0.148 0.901 0.911 25 1 36.14 11.42 0 0.76
60800 10 10 0.09 0.373 0.173 0.929 0.187 25 510 29.52 668.48 0 0
60800 10 10 0.106 0.308 0.008 0.995 0.815 25 1 38.36 13.92 0 0.66
60800 10 10 0.093 0.041 0.203 0.955 0.782 25 0 34.36 9.74 0 0.74
60800 10 10 0.084 0.129 0.104 0.866 0.136 25 130 34.52 602.84 0 0
60800 10 10 0.016 0.414 0.435 0.823 0.503 25 0 37.48 11.2 0 0.72
60800 10 10 0.109 0.195 0.089 0.89 0.843 25 0 33.66 7.1 0 0.82
60800 10 10 0.051 0.315 0.112 0.784 0.012 25 1158 26.22 1205.62 0 0
60800 10 10 0.109 0.05 0.309 0.772 0.155 25 0 33.94 8.9 0 0.78
60800 10 10 0.093 0.401 0.123 0.776 0.607 33 0 46.2 26.4 0 0.64
60800 10 10 0.017 0.448 0.474 0.884 0.208 27 0 38.94 20.38 0 0.66
60800 10 10 0.062 0.054 0.456 0.959 0.083 32 0 43.42 4.28 0 0.82
60800 10 10 0.002 0.033 0.286 0.945 0.524 25 0 34.12 4.28 0 0.84
60800 10 10 0.067 0.031 0.404 0.963 0.57 25 0 36.68 9.76 0 0.74
60800 10 10 0.073 0.483 0.338 0.844 0.711 25 0 30.5 4.56 0 0.82
60800 10 10 0.091 0.303 0.494 0.778 0.741 25 0 35.16 10 0 0.82
60800 10 10 0.057 0.213 0.192 0.867 0.883 34 0 41.7 6.12 0 0.76
60800 10 10 0.09 0.241 0.085 0.868 0.799 25 0 38.7 10.4 0 0.68
60800 10 10 0.099 0.417 0.403 0.751 0.222 51 2 65.82 45.54 0 0.26
60800 10 10 0.08 0.277 0.041 0.833 0.806 25 0 42.34 9.5 0 0.7
60800 10 10 0.093 0.326 0.472 0.842 0.018 25 23 34.9 335.72 0 0
60800 10 10 0.035 0.427 0.312 0.828 0.215 27 4 47.72 64.52 0 0.44
60800 10 10 0.028 0.442 0.179 0.878 0.682 25 2 39.22 17.8 0 0.62
60800 10 10 0.109 0.117 0.171 0.96 0.821 25 0 34.32 5.2 0 0.86
60800 10 10 0.094 0.456 0.322 0.997 0.754 25 1 32.3 8.7 0 0.82
60800 10 10 0.051 0.115 0.043 0.9 0.024 25 1039 26.04 1087 0 0
60800 10 10 0.047 0.409 0.309 0.907 0.045 25 87 37.76 312.48 0 0
60800 10 10 0.037 0.347 0.471 0.914 0.68 25 0 34.76 8.08 0 0.78
60800 10 10 0.03 0.039 0.1 0.922 0.13 34 2 52.42 50.48 0 0.3
60800 10 10 0.047 0.491 0.078 0.751 0.839 43 0 56.82 8.84 0 0.64
60800 10 10 0.03 0.245 0.06 0.987 0.114 25 549 33.08 691.92 0 0
60800 10 10 0.048 0.465 0.173 0.822 0.025 25 976 26.54 1071.3 0 0
60800 10 10 0.076 0.483 0.489 0.792 0.366 30 0 37.96 11.58 0 0.66
60800 10 10 0.08 0.249 0.411 0.898 0.728 25 1 35.38 11.4 0 0.78
60800 10 10 0.12 0.35 0.114 0.786 0.079 25 986 26.12 1015.72 0 0
60800 10 10 0.018 0.244 0.392 0.763 0.32 46 0 56.44 8 0 0.7
60800 10 10 0.062 0.385 0.494 0.828 0.599 25 0 36.18 7.86 0 0.74
60800 10 10 0.031 0.046 0.099 0.837 0.036 25 318 31.12 630.56 0 0
60800 10 10 0.119 0.348 0.067 0.856 0.394 28 102 32.14 404.42 0 0
60800 10 10 0.066 0.238 0.134 0.758 0.904 25 0 33.2 9.78 0 0.86
60800 10 10 0.005 0.275 0.42 0.922 0.363 31 0 44.6 15.74 0 0.72
60800 10 10 0.069 0.004 0.238 0.833 0.849 25 0 32.56 9.84 0 0.74
60800 10 10 0.041 0.268 0.098 0.919 0.067 25 965 26.44 1018.32 0 0
60800 10 10 0.027 0.319 0.397 0.912 0.406 25 1 37.48 17.56 0 0.66
60800 10 10 0.083 0.446 0.343 0.919 0.66 25 0 35.94 4.96 0 0.88
60800 10 10 0.034 0.026 0.228 0.898 0.791 25 0 34.48 11.18 0 0.78
60800 10 10 0.102 0.108 0.451 0.787 0.275 28 0 38.14 3.98 0 0.84
60800 10 10 0.054 0.071 0.166 0.773 0.698 25 0 38.28 9.86 0 0.7
60800 10 10 0.013 0.325 0.323 0.932 0.674 25 0 34.8 6 0 0.84
60800 10 10 0.085 0.112 0.373 0.891 0.486 25 0 35.06 9.1 0 0.82
60800 10 10 0.117 0.359 0.385 0.96 0.598 25 0 33.58 7.08 0 0.82
60800 10 10 0.029 0.179 0.363 0.819 0.485 25 0 33.88 6.48 0 0.82
60800 10 10 0.073 0.38 0.022 0.773 0.383 25 285 33.06 528.18 0 0
60800 10 10 0.003 0.192 0.025 0.824 0.053 25 790 27.02 1043.18 0 0
60800 10 10 0.02 0.436 0.091 0.853 0.192 25 163 33.14 458.34 0 0
60800 10 10 0.062 0.036 0.339 0.875 0.566 25 0 34.42 10.86 0 0.78
60800 10 10 0.094 0.198 0.388 0.95 0.436 25 0 35.26 8.22 0 0.76
60800 10 10 0.088 0.024 0.076 0.896 0.046 26 144 32.34 330.2 0 0
60800 10 10 0.049 0.316 0.255 0.858 0.947 25 1 33.68 6.92 0 0.82
60800 10 10 0.119 0.46 0.15 0.875 0.545 31 1 43.52 15.68 0 0.54
60800 10 10 0.029 0.153 0.39 0.92 0.221 33 0 53.78 26.16 0 0.56
60800 10 10 0.113 0.27 0.467 0.79 0.434 25 0 36.26 8.72 0 0.74
60800 10 10 0.086 0.257 0.449 0.997 0.178 37 3 51.98 20.34 0 0.52
60800 10 1 0.052 0.07 0.113 0.76 0.46 61 0 79.96 12.56 0 0.64
60800 10 1 0.065 0.311 0.259 0.753 0.743 76 1 97.96 15.58 0.16 0.62
60800 10 1 0.099 0.136 0.395 0.772 0.371 92 5 112.02 15.76 0.7 0.18
60800 10 1 0.062 0.262 0.223 0.999 0.826 91 1 105.9 11.86 0.24 0.54
60800 10 1 0.094 0.095 0.021 0.939 0.01 25 1037 26.2 1084.8 0 0
60800 10 1 0.112 0.158 0.326 0.932 0.025 25 677 26.32 922.52 0 0
60800 10 1 0.113 0.361 0.424 0.948 0.276 71 1 78.88 23.18 0 0.38
60800 10 1 0.06 0.076 0.13 0.985 0.65 87 0 99.88 13.9 0 0.4
60800 10 1 0.057 0.247 0.279 0.915 0.658 72 0 94.26 7.08 0.06 0.8
60800 10 1 0.079 0.218 0.233 0.768 0.484 52 1 71.42 24.38 0 0.62
60800 10 1 0.028 0.108 0.395 0.936 0.846 99 2 104.88 11.52 0 0.48
60800 10 1 0.09 0.329 0.371 0.852 0.025 25 840 26.34 973.2 0 0
60800 10 1 0.068 0.371 0.492 0.851 0.827 101 0 110.72 8.8 0.24 0.54
60800 10 1 0.022 0.444 0.465 0.787 0.903 102 1 110.78 8.22 0.38 0.52
60800 10 1 0.049 0.158 0.425 0.789 0.258 69 1 89.18 14 0 0.66
60800 10 1 0.108 0.492 0.197 0.984 0.207 25 445 27.7 872.38 0 0
60800 10 1 0.072 0.049 0.212 0.97 0.96 93 0 107.48 8.08 0.36 0.62
60800 10 1 0.012 0.039 0.102 0.861 0.859 109 0 114.04 9 0.66 0.58
60800 10 1 0.034 0.335 0.203 0.937 0.838 102 2 108.72 11.94 0.1 0.38
60800 10 1 0.047 0.354 0.309 0.85 0.524 70 1 89.36 15.32 0 0.64
60800 10 1 0.079 0.421 0.498 0.776 0.682 88 1 104.72 12.68 0.24 0.58
60800 10 1 0.107 0.11 0.109 0.919 0.278 26 60 35.12 202.1 0 0
60800 10 1 0.051 0.327 0.331 0.921 0.741 97 1 113.68 6.76 0.54 0.72
60800 10 1 0.027 0.363 0.4 0.792 0.778 106 1 112.26 8.1 0.44 0.62
60800 10 1 0.034 0.26 0.276 0.897 0.938 92 2 103.74 10.4 0 0.64
60800 10 1 0.037 0.46 0.162 0.783 0.616 56 0 69.06 23.42 0 0.62
60800 10 1 0.04 0.071 0.434 0.791 0.226 83 2 99.5 13.86 0 0.6
60800 10 1 0.037 0.17 0.343 0.813 0.143 39 2 52 60.36 0 0.28
60800 10 1 0.032 0.213 0.33 0.773 0.161 28 6 49.2 68.46 0 0.02
60800 10 1 0.095 0.105 0.016 0.979 0.42 26 157 33.84 237.98 0 0
60800 10 1 0.097 0.219 0.305 0.938 0.42 77 0 88.54 12.86 0 0.38
60800 10 1 0.111 0.208 0.041 0.862 0.641 69 5 83.1 32.48 0 0.3
60800 10 1 0.003 0.486 0.394 0.764 0.111 25 13 38.84 93.06 0 0
60800 10 1 0.109 0.475 0.113 0.857 0.937 90 1 100.7 11.1 0.12 0.62
60800 10 1 0.044 0.219 0.056 0.844 0.985 88 0 109.04 12.9 0.46 0.4
60800 10 1 0.006 0.344 0.45 0.809 0.466 86 1 104.64 13.52 0.24 0.52
60800 10 1 0.111 0.277 0.258 0.907 0.688 97 2 103.58 11.66 0 0.46
60800 10 1 0.053 0.272 0.369 0.836 0.612 91 1 105.06 12.66 0.24 0.64
60800 10 1 0.062 0.128 0.433 0.847 0.959 98 0 107.04 10.2 0.06 0.52
60800 10 1 0.102 0.01 0.163 0.974 0.688 83 0 99.64 14.9 0 0.56
60800 10 1 0.022 0.297 0.015 0.783 0.563 25 469 28.1 733.34 0 0
60800 10 1 0.031 0.414 0.163 0.942 0.337 25 11 41.08 194.72 0 0
60800 10 1 0.109 0.131 0.496 0.998 0.697 96 2 109.86 8.66 0.44 0.64
60800 10 1 0.048 0.298 0.104 0.847 0.979 83 2 105.34 14.1 0.4 0.68
60800 10 1 0.061 0.009 0.33 0.812 0.824 96 2 109.58 13.88 0.48 0.54
60800 10 1 0.107 0.335 0.281 0.853 1 103 0 114.14 9.92 0.56 0.46
60800 10 1 0.105 0.252 0.261 0.938 0.429 60 0 79.28 22.42 0 0.54
60800 10 1 0.083 0.309 0.186 0.988 0.977 95 1 106.56 10.78 0.18 0.6
60800 10 1 0.09 0.048 0.061 0.893 0.584 94 1 107.48 12.78 0.28 0.32
60800 10 1 0.046 0.402 0.418 0.851 0.137 25 5 47.72 111.66 0 0.42
60800 10 1 0.02 0.182 0.27 0.935 0.908 106 3 115.86 16.62 0.6 0.4
60800 10 1 0.118 0.337 0.037 0.82 0.981 90 3 105.68 16.2 0.3 0.6
60800 10 1 0.094 0.285 0.419 0.993 0.471 90 0 102.42 11.84 0 0.46
60800 10 1 0.077 0.072 0.402 0.876 0.759 94 0 105.02 8.08 0 0.56
60800 10 1 0.028 0.308 0.257 0.759 0.609 84 0 92.96 15.08 0 0.42
60800 10 1 0.036 0.198 0.231 0.885 0.792 97 1 106.5 13.06 0.2 0.5
60800 10 1 0.016 0.44 0.237 0.845 0.799 98 1 104.12 10.84 0 0.48
60800 10 1 0.077 0.064 0.369 0.79 0.295 96 0 107.04 10.16 0.38 0.44
60800 10 1 0.08 0.497 0.02 0.959 0.158 25 1027 26.34 1081.02 0 0
60800 10 1 0.068 0.247 0.189 0.789 0.586 69 2 83.96 15.24 0 0.52
60800 10 1 0.111 0.331 0.215 0.845 0.801 71 4 89.98 14.2 0 0.7
60800 10 1 0.079 0.044 0.015 0.796 0.474 79 3 89.26 21.2 0 0.18
60800 10 1 0.099 0.034 0.207 0.802 0.281 90 0 101.74 10.62 0 0.56
60800 10 1 0.091 0.384 0.218 0.989 0.876 88 0 107.1 10.98 0.36 0.64
60800 10 1 0.02 0.235 0.142 0.998 0.629 63 0 82.34 19.1 0 0.54
60800 10 1 0.076 0.11 0.169 0.957 0.108 25 490 26.24 826.42 0 0
60800 10 1 0.075 0.224 0.442 0.762 0.376 84 0 105.26 15.7 0.16 0.64
60800 10 1 0.025 0.386 0.288 0.811 0.573 78 1 101.74 14.16 0.32 0.58
60800 10 1 0.055 0.238 0.39 0.955 0.396 75 0 93.14 15.88 0 0.52
60800 10 1 0.077 0.02 0.288 0.792 0.43 77 0 95.14 9.54 0 0.7
60800 10 1 0.06 0.473 0.278 0.759 0.366 32 10 39.28 90.36 0 0
60800 10 1 0.01 0.336 0.244 0.92 0.571 77 1 87.82 20.38 0 0.44
60800 10 1 0.03 0.111 0.13 0.809 0.668 73 1 86.78 14.9 0 0.46
60800 10 1 0.118 0.486 0.256 0.926 0.178 25 543 28.06 614.58 0 0
60800 10 1 0.021 0.394 0.342 0.875 0.636 80 0 93.98 8.82 0 0.6
60800 10 1 0.041 0.394 0.171 0.99 0.585 60 1 72.34 18 0 0.42
60800 10 10 0.062 0.326 0.454 0.958 0.087 30 18 43.86 140.58 0 0
60800 10 10 0.097 0.155 0.357 0.952 0.221 35 0 39.86 16.08 0 0.5
60800 10 10 0.02 0.481 0.137 0.966 0.735 25 0 35.92 11.48 0 0.72
60800 10 10 0.035 0.411 0.345 0.904 0.843 25 0 33.92 5.34 0 0.82
60800 10 10 0.057 0.058 0.16 0.921 0.031 25 540 27.1 858.58 0 0
60800 10 10 0.044 0.197 0.096 0.78 0.469 36 59 45.86 107.26 0 0
60800 10 10 0.083 0.323 0.433 0.912 0.329 25 0 37.48 34.46 0 0.58
60800 10 10 0.116 0.15 0.202 0.972 0.944 25 0 35.18 8.62 0 0.82
60800 10 10 0.083 0.012 0.485 0.947 0.967 25 0 32.12 8.78 0 0.76
60800 10 10 0.112 0.482 0.303 0.884 0.158 25 144 32.62 372.42 0 0
60800 10 10 0.098 0.393 0.272 0.974 0.155 37 13 57.32 164.86 0 0
60800 10 10 0.014 0.464 0.259 0.853 0.906 25 1 36.88 10.56 0 0.76
60800 10 10 0.069 0.398 0.234 0.886 0.751 25 0 35.32 10.98 0 0.72
60800 10 10 0.094 0.266 0.198 0.891 0.114 26 116 41.96 344.72 0 0
60800 10 10 0.077 0.301 0.426 0.781 0.122 29 4 43.82 68.26 0 0.42
60800 10 10 0.004 0.332 0.018 0.877 0.317 25 720 28.46 872.8 0 0
60800 10 10 0.023 0.211 0.175 0.864 0.239 25 2 37.62 114.1 0 0.52
60800 10 10 0.011 0.491 0.33 0.86 0.049 25 39 34.54 257.7 0 0
60800 10 10 0.019 0.016 0.312 0.986 0.929 26 0 37.88 6.14 0 0.82
60800 10 10 0.048 0.335 0.198 0.855 0.078 25 17 49.64 154.28 0 0
60800 10 10 0.079 0.332 0.378 0.933 0.849 25 0 35.3 10.42 0 0.72
60800 10 10 0.019 0.247 0.217 0.995 0.949 25 0 35.32 10.3 0 0.8
60800 10 10 0.105 0.167 0.171 0.933 0.452 27 0 41.64 17.62 0 0.58
60800 10 10 0.105 0.187 0.157 0.885 0.922 25 0 37.48 11.12 0 0.7
60800 10 10 0.101 0.346 0.084 0.787 0.313 25 332 33.92 587.9 0 0
60800 10 10 0.021 0.307 0.234 0.911 0.52 25 0 36.8 30.8 0 0.68
60800 10 10 0.092 0.109 0.036 0.8 0.229 25 445 29.8 618.22 0 0
60800 10 10 0.015 0.018 0.036 0.844 0.298 29 1 42.76 15.82 0 0.7
60800 10 10 0.013 0.462 0.4 0.988 0.562 25 0 39.88 9.36 0 0.78
60800 10 10 0.071 0.214 0.385 0.826 0.478 34 0 51.7 9.76 0 0.66
60800 10 10 0.052 0.4 0.275 0.998 0.032 31 226 40.02 383.34 0 0
60800 10 10 0.066 0.355 0.401 0.839 0.955 25 0 36.12 9.4 0 0.72
60800 10 10 0.105 0.465 0.147 0.913 0.59 25 0 37.96 34.22 0 0.52
60800 10 10 0.034 0.328 0.477 0.886 0.319 32 1 41.72 25.42 0 0.66
60800 10 10 0.075 0.218 0.07 0.75 0.962 25 0 36.98 10.38 0 0.78
60800 10 10 0.079 0.267 0.159 0.799 0.913 25 0 34.8 8.34 0 0.8
60800 10 10 0.069 0.239 0.028 0.794 0.319 25 971 26.08 1152.22 0 0
60800 10 10 0.069 0.186 0.068 0.946 0.796 31 0 43.72 5.22 0 0.8
60800 10 10 0.018 0.123 0.032 0.936 0.316 25 422 26.82 775.76 0 0
60800 10 10 0.037 0.33 0.161 0.887 0.665 28 0 41.38 8 0 0.68
60800 10 1 0.1 0.012 0.148 0.96 0.785 86 0 106.4 7.66 0.34 0.74
60800 10 1 0.034 0.189 0.372 0.994 0.395 79 2 93.52 12.56 0 0.58
60800 10 1 0.065 0.137 0.405 0.942 0.332 87 1 101.6 9.64 0.24 0.5
60800 10 1 0.017 0.31 0.134 0.8 0.144 25 531 26.42 661.3 0 0
60800 10 1 0.013 0.283 0.282 0.797 0.308 54 9 64.76 51.92 0 0.02
60800 10 1 0.097 0.461 0.45 0.978 0.104 26 5 47.86 159.54 0 0.28
60800 10 1 0.004 0.01 0.402 0.892 0.927 94 1 103.34 9.04 0 0.68
60800 10 1 0.073 0.081 0.164 0.783 0.812 109 0 114.42 9.28 0.66 0.56
60800 10 1 0.048 0.32 0.419 0.781 0.45 73 2 86.6 12.9 0 0.5
60800 10 1 0.009 0.407 0.271 0.982 0.311 35 20 45.08 65.26 0 0
60800 10 1 0.042 0.364 0.476 0.993 0.523 92 0 106.46 10.22 0.28 0.68
60800 10 1 0.034 0.078 0.49 0.815 0.873 92 1 96.5 8 0 0.66
60800 10 1 0.109 0.244 0.427 0.771 0.654 105 1 118.9 9.76 0.88 0.62
60800 10 1 0.004 0.276 0.288 0.987 0.712 101 0 105.62 9.22 0 0.58
60800 10 1 0.045 0.289 0.273 0.928 0.348 35 2 57.68 46.24 0 0.4
60800 10 1 0.033 0.418 0.281 0.779 0.07 25 625 26.3 876.06 0 0
60800 10 1 0.063 0.316 0.169 0.895 0.966 93 1 108.4 10.32 0.42 0.68
60800 10 1 0.01 0.207 0.023 0.864 0.671 44 5 60.9 32.56 0 0.56
60800 10 1 0.042 0.022 0.07 0.789 0.261 74 0 92.82 14.72 0.02 0.6
60800 10 1 0.028 0.476 0.395 0.825 0.296 49 3 55.66 55.28 0 0.1
60800 10 1 0.055 0.087 0.072 0.792 0.282 25 7 50.18 139.26 0 0.14
60800 10 1 0.095 0.265 0.128 0.809 0.944 76 2 97.6 13.92 0.02 0.52
60800 10 1 0.061 0.233 0.34 0.929 0.128 26 2 39.06 136.06 0 0.2
60800 10 1 0.042 0.237 0.411 0.839 0.421 80 0 92.46 11.72 0 0.38
60800 10 1 0.077 0.203 0.31 0.855 0.452 74 1 91.26 16.8 0 0.66
60800 10 1 0.074 0.002 0.332 0.859 0.779 71 1 91.9 12.44 0 0.68
60800 10 1 0.021 0.374 0.421 0.982 0.322 76 2 85.54 17.98 0 0.36
60800 10 1 0.075 0.43 0.117 0.998 0.904 78 0 98.54 9.18 0 0.52
60800 10 1 0.009 0.087 0.238 0.969 0.591 106 0 115.24 8.64 0.76 0.58
60800 10 1 0.038 0.424 0.206 0.858 0.88 98 0 113.44 8.28 0.7 0.64
60800 10 1 0.084 0.258 0.389 0.94 0.607 90 1 107.12 5.76 0.4 0.78
60800 10 1 0.066 0.065 0.414 0.804 0.479 150 0 150 0 1 1
60800 10 1 0.119 0.226 0.262 0.846 0.909 91 1 103.92 9.84 0.22 0.66
60800 10 1 0.033 0.421 0.277 0.96 0.703 96 1 108.3 10.78 0.28 0.52
60800 10 1 0.016 0.067 0.446 0.97 0.039 33 1 51.16 35.96 0 0.6
60800 10 1 0.088 0.259 0.248 0.788 0.703 95 0 107.42 12.38 0.28 0.38
60800 10 1 0.068 0.111 0.424 0.983 0.47 98 1 109.7 13.22 0.32 0.36
60800 10 1 0.007 0.097 0.345 0.914 0.215 71 2 98.34 9.96 0.1 0.6
60800 10 2 0.015 0.102 0.151 0.831 0.535 66 1 87.8 10.14 0.06 0.72
60800 10 2 0.055 0.334 0.173 0.761 0.843 108 0 121.6 3.9 0.88 0.94
60800 10 2 0.008 0.313 0.306 0.945 0.816 130 0 134.12 2.3 1 1
60800 10 2 0.085 0.009 0.099 0.849 0.015 25 320 30 573.7 0 0
60800 10 2 0.034 0.02 0.354 0.754 0.366 88 1 104.38 13.06 0.26 0.6
60800 10 2 0.076 0.028 0.282 0.769 0.549 112 4 115.8 10.62 0.92 0.42
60800 10 2 0.054 0.234 0.396 0.92 0.874 79 1 115.26 14.68 0.66 0.5
60800 10 2 0.107 0.019 0.179 0.937 0.717 106 0 112.04 8.16 0.38 0.78
60800 10 2 0.032 0.448 0.358 0.858 0.516 64 0 86.18 10.72 0 0.66
60800 10 2 0.11 0.375 0.082 0.916 0.308 25 51 32.86 579.44 0 0
60800 10 2 0.055 0.403 0.389 0.896 0.345 47 0 63.24 26.24 0 0.64
60800 10 2 0.054 0.164 0.449 0.882 0.89 107 2 114.66 9 0.64 0.62
60800 10 2 0.027 0.326 0.023 0.759 0.881 82 1 100.08 16 0.08 0.56
60800 10 2 0.108 0.306 0.144 0.866 0.736 84 0 108.04 1.86 0.44 0.92
60800 10 2 0.071 0.017 0.146 0.759 0.236 86 1 101.46 11.7 0.16 0.64
60800 10 2 0.073 0.015 0.254 0.885 0.927 79 0 107.6 12.28 0.6 0.6
60800 10 2 0.091 0.025 0.278 0.889 0.787 97 0 116.02 4.9 0.68 0.76
60800 10 2 0.092 0.123 0.275 0.861 0.123 25 9 38.5 143.1 0 0.06
60800 10 2 0.011 0.072 0.493 0.923 0.501 100 1 109.82 8.54 0.36 0.66
60800 10 2 0.04 0.281 0.409 0.814 0.742 97 0 113.22 6.88 0.48 0.7
60800 10 2 0.034 0.446 0.241 0.939 0.724 92 1 112.98 11.96 0.6 0.52
60800 10 2 0.075 0.317 0.104 0.902 0.184 25 396 31.56 715.48 0 0
60800 10 2 0.002 0.356 0.254 0.85 0.617 101 0 108.7 11.24 0.2 0.6
60800 10 2 0.007 0.022 0.084 0.81 0.106 25 2 40.94 92.7 0 0.38
60800 10 2 0.107 0.003 0.4 0.875 0.232 95 0 112.34 7.48 0.58 0.62
60800 10 2 0.058 0.164 0.24 0.98 0.261 38 2 60.56 61.98 0 0.5
60800 10 2 0.062 0.361 0.326 0.821 0.829 83 1 101.72 9.68 0.2 0.78
60800 10 2 0.054 0.203 0.075 0.751 0.725 63 0 85.56 15.28 0 0.72
60800 10 2 0.014 0.304 0.284 0.849 0.244 31 0 54.22 55.88 0 0.46
60800 10 2 0.013 0.262 0.035 0.834 0.88 91 0 108.1 11.68 0.36 0.6
60800 10 2 0.037 0.314 0.294 0.754 0.326 28 4 51.92 71.58 0 0.48
60800 10 2 0.102 0.149 0.464 0.813 0.602 104 0 110.42 8.96 0.28 0.52
60800 10 2 0.047 0.499 0.425 0.973 0.419 85 1 98.36 16.82 0 0.36
60800 10 2 0.053 0.379 0.034 0.849 0.964 97 1 112.92 6.1 0.56 0.76
60800 10 2 0.105 0.469 0.448 0.843 0.561 83 0 99.78 11.6 0 0.64
60800 10 2 0.006 0.174 0.082 0.865 0.56 34 1 57.96 38.76 0 0.36
60800 10 2 0.049 0.215 0.465 0.896 0.98 90 1 101.68 11.34 0 0.56
60800 10 2 0.02 0.298 0.32 0.767 0.26 33 1 54.8 54.84 0 0.52
60800 10 2 0.061 0.016 0.205 0.948 0.514 95 1 113.3 8.58 0.56 0.64
60800 10 2 0.097 0.154 0.428 0.97 0.281 100 3 109.9 12 0.3 0.48
60800 10 2 0.114 0.207 0.317 0.863 0.515 89 2 104.3 11.68 0.2 0.7
60800 10 2 0.107 0.138 0.309 0.766 0.302 80 0 89.42 11.98 0 0.52
60800 10 2 0.069 0.397 0.369 0.855 0.758 109 0 118.46 6.9 0.9 0.64
60800 10 2 0.112 0.368 0.135 0.827 0.341 28 210 32.86 385.18 0 0
60800 10 2 0.112 0.157 0.477 0.847 0.534 104 1 109.08 11.08 0.12 0.4
60800 10 2 0.056 0.207 0.281 0.905 0.117 26 2 47.3 99.56 0 0.46
60800 10 2 0.079 0.174 0.352 0.944 0.81 103 0 113.7 9.66 0.76 0.46
60800 10 2 0.047 0.282 0.317 0.772 0.297 28 3 49.94 36.54 0 0.62
60800 10 2 0.079 0.473 0.242 0.915 0.026 25 726 26.74 867.68 0 0
60800 10 2 0.062 0.133 0.302 0.807 0.357 75 1 96.24 17.84 0 0.38
60800 10 2 0.061 0.226 0.432 0.825 0.043 26 20 33.54 208.5 0 0
60800 10 2 0.11 0.272 0.306 0.923 0.691 150 0 150 0 1 1
60800 10 2 0.057 0.42 0.309 0.804 0.901 102 2 109 10.68 0.28 0.46
60800 10 2 0.017 0.178 0.048 0.853 0.157 25 565 29.52 718.02 0 0
60800 10 2 0.033 0.241 0.495 0.872 0.936 104 0 111.94 9.94 0.48 0.52
60800 10 2 0.108 0.157 0.318 0.776 0.354 81 0 101.14 14.64 0.3 0.54
60800 10 2 0.061 0.366 0.053 0.755 0.113 25 822 27.52 1051.88 0 0
60800 10 2 0.039 0.437 0.462 0.892 0.01 25 696 28.08 882.86 0 0
60800 10 2 0.015 0.403 0.063 0.959 0.747 62 2 84.42 20.44 0 0.6
60800 10 2 0.103 0.097 0.112 0.788 0.529 86 0 95.22 10.34 0 0.48
60800 10 2 0.018 0.067 0.006 0.773 0.115 25 405 29.86 775.54 0 0
60800 10 2 0.075 0.39 0.038 0.939 0.026 25 1019 26.36 1060.94 0 0
60800 10 2 0.046 0.014 0.224 0.813 0.359 150 0 150 0 1 1
60800 10 2 0.031 0.434 0.429 0.772 0.898 99 0 110.86 6.7 0.42 0.74
60800 10 2 0.105 0.487 0.102 0.941 0.601 55 1 68.3 27.72 0 0.22
60800 10 2 0.081 0.48 0.117 0.781 0.552 33 6 50.12 61.52 0 0.28
60800 10 2 0.037 0.406 0.249 0.917 0.405 52 3 67.5 44.58 0 0.12
60800 10 2 0.046 0.194 0.34 0.76 0.987 111 0 121.06 8.48 0.96 0.66
60800 10 2 0.032 0.139 0.305 0.83 0.849 98 1 119.02 4.18 0.68 0.84
60800 10 2 0.064 0.221 0.486 0.799 0.64 84 1 98.3 10.96 0.04 0.64
60800 10 2 0.055 0.158 0.487 0.929 0.139 80 0 96.82 21.96 0 0.24
60800 10 2 0.019 0.221 0.246 0.763 0.807 121 2 125.98 7.74 1 0.74
60800 10 2 0.002 0.474 0.125 0.9 0.764 81 1 94.52 12.36 0 0.68
60800 10 2 0.079 0.254 0.003 0.951 0.98 99 0 110.18 10.1 0.42 0.64
60800 10 2 0.117 0.013 0.046 0.949 0.154 82 0 107.36 13.36 0.62 0.44
60800 10 2 0.095 0.193 0.125 0.781 0.01 25 1035 26.32 1072.9 0 0
60800 10 2 0.055 0.044 0.225 0.863 0.251 105 0 113.98 7.78 0.64 0.6
60800 10 2 0.108 0.49 0.239 0.768 0.279 25 4 39.72 170.12 0 0.1
60800 10 2 0.05 0.246 0.237 0.992 0.647 81 0 95.84 9.7 0 0.72
60800 10 2 0.029 0.316 0.048 0.981 0.547 25 21 38.44 282.58 0 0
60800 10 2 0.07 0.143 0.438 0.954 0.768 121 3 127.78 8.66 1 0.62
60800 10 2 0.017 0.34 0.251 0.781 0.774 107 2 115.18 8.52 0.68 0.72
60800 10 2 0.051 0.169 0.153 0.8 0.712 97 2 108.62 9.8 0.3 0.6
60800 10 2 0.057 0.042 0.138 0.964 0.94 150 0 150 0 1 1
60800 10 2 0.006 0.419 0.252 0.832 0.308 33 28 40.18 88.82 0 0
60800 10 2 0.076 0.341 0.032 0.765 0.195 25 694 29.46 849.62 0 0
60800 10 2 0.028 0.132 0.281 0.966 0.362 75 0 95.5 14.44 0 0.46
60800 10 2 0.054 0.101 0.21 0.81 0.829 111 0 116.48 7.9 0.9 0.54
60800 10 2 0.059 0.233 0.111 0.943 0.46 39 3 47.24 74.56 0 0.16
60800 10 2 0.064 0.481 0.104 0.859 0.56 29 5 50.42 54.54 0 0.62
60800 10 2 0.045 0.453 0.484 0.798 0.58 107 1 112.6 7.86 0.42 0.62
60800 10 2 0.096 0.213 0.307 0.911 0.07 25 356 28.26 500.36 0 0
60800 10 2 0.084 0.117 0.097 0.923 0.336 40 8 59.9 94.34 0 0.04
60800 10 2 0.029 0.06 0.34 0.961 0.865 90 0 103.42 5.96 0.22 0.72
60800 10 2 0.086 0.283 0.35 0.861 0.758 104 3 114.72 6.88 0.7 0.8
60800 10 2 0.056 0.284 0.392 0.835 0.851 93 0 111.44 12.76 0.52 0.56
60800 10 2 0.116 0.265 0.135 0.917 0.105 25 445 29.38 656.94 0 0
60800 10 2 0.106 0.272 0.35 0.813 0.283 50 16 67.92 49.66 0 0
60800 10 2 0.018 0.348 0.224 0.897 0.835 91 1 105.28 12.02 0.26 0.56
60800 10 2 0.006 0.402 0.302 0.821 0.626 112 3 120.68 11.82 0.98 0.3
60800 10 2 0.058 0.477 0.319 0.794 0.976 119 1 123.86 8.52 1 0.66
60800 10 2 0.095 0.244 0.212 0.816 0.745 98 0 110.32 8.82 0.56 0.72
60800 10 2 0.102 0.388 0.02 0.953 0.971 109 0 118.24 7.12 0.86 0.7
60800 10 2 0.061 0.151 0.477 0.966 0.794 89 0 109.9 11.94 0.5 0.62
60800 10 2 0.025 0.19 0.047 0.76 0.98 79 1 100.74 13.38 0.02 0.66
60800 10 2 0.11 0.39 0.342 0.972 0.529 95 0 102.34 13 0 0.46
60800 10 2 0.026 0.297 0.108 0.847 0.637 39 0 70.28 22.04 0 0.62
60800 10 2 0.1 0.168 0.012 0.843 0.203 25 1176 26 1218.3 0 0
60800 10 2 0.067 0.267 0.473 0.851 0.902 80 0 94.2 9.46 0.04 0.56
60800 10 2 0.116 0.023 0.22 0.958 0.29 90 1 110 13.8 0.42 0.48
60800 10 2 0.114 0.293 0.382 0.808 0.965 112 0 118.56 6.3 0.96 0.88
60800 10 2 0.005 0.448 0.096 0.871 0.226 25 140 28 396.88 0 0
60800 10 2 0.102 0.19 0.335 0.981 0.04 25 281 31.54 540.9 0 0
60800 10 2 0.115 0.435 0.112 0.754 0.332 25 223 37.62 494 0 0
60800 10 2 0.09 0.46 0.11 0.993 0.393 26 62 37.36 275.54 0 0
60800 10 2 0.028 0.252 0.008 0.762 0.103 25 785 27.78 1049.76 0 0
60800 10 2 0.086 0.296 0.033 0.956 0.403 25 732 26.54 947.34 0 0
60800 10 2 0.118 0.176 0.339 0.758 0.862 93 0 107.58 11 0.26 0.46
60800 10 2 0.055 0.39 0.186 0.884 0.654 90 0 100.24 11.72 0 0.4
60800 10 2 0.107 0.248 0.372 0.85 0.977 150 0 150 0 1 1
60800 10 2 0.064 0.488 0.399 0.909 0.14 25 6 40.06 141.58 0 0.12
60800 10 2 0.086 0.388 0.41 0.922 0.478 80 1 96.4 11.6 0 0.64
60800 10 2 0.101 0.461 0.243 0.995 0.57 61 1 87.4 21.68 0 0.46
60800 10 2 0.023 0.158 0.116 0.866 0.867 100 0 110.36 10.56 0.44 0.66
60800 10 2 0.007 0.21 0.28 0.898 0.71 83 1 102.88 9.92 0.12 0.54
60800 10 2 0.105 0.468 0.155 0.992 0.975 107 0 116.64 11.34 0.6 0.48
60800 10 2 0.1 0.147 0.3 0.81 0.308 80 0 95.38 11.86 0 0.6
60800 10 2 0.099 0.217 0.137 0.833 0.331 29 10 39.76 148.14 0 0
60800 10 2 0.094 0.068 0.385 0.884 0.613 108 3 117.8 8.82 0.74 0.78
60800 10 2 0.024 0.496 0.268 0.88 0.73 103 1 116.02 12.56 0.58 0.48
60800 10 2 0.037 0.226 0.121 0.918 0.204 25 277 30.68 473.42 0 0
60800 10 2 0.055 0.002 0.207 0.982 0.192 108 0 112.96 8.96 0.5 0.68
60800 10 2 0.005 0.392 0.277 0.9 0.013 25 708 26.22 811.7 0 0
60800 10 2 0.115 0.102 0.408 0.873 0.951 94 0 107.68 6.84 0.32 0.84
60800 10 2 0.041 0.045 0.396 0.799 0.295 109 0 121.28 6.86 0.84 0.68
60800 10 2 0.059 0.113 0.269 0.848 0.7 150 0 150 0 1 1
60800 10 2 0.086 0.443 0.373 0.995 0.039 25 375 34.82 652.34 0 0
60800 10 2 0.047 0.232 0.432 0.779 0.198 43 1 60.9 11.52 0 0.7
60800 10 2 0.005 0.133 0.015 0.76 0.02 25 1164 26.14 1216.2 0 0
60800 10 2 0.009 0.16 0.389 0.828 0.616 86 0 103.72 12.62 0.26 0.5
60800 10 2 0.084 0.255 0.389 0.756 0.417 87 2 99.56 13.86 0 0.46
60800 10 2 0.044 0.066 0.112 0.925 0.838 79 0 101.46 13.3 0.14 0.6
60800 10 2 0.025 0.234 0.144 0.787 0.4 34 4 56.72 57.28 0 0.18
60800 10 2 0.025 0.449 0.127 0.927 0.505 29 10 48.54 93.68 0 0
60800 10 2 0.008 0.466 0.059 0.961 0.188 25 418 30.94 761.84 0 0
60800 10 2 0.079 0.349 0.138 0.884 0.846 91 0 106.12 10.1 0.32 0.66
60800 10 2 0.004 0.49 0.464 0.971 0.665 87 1 100.86 7.08 0.24 0.8
60800 10 2 0.049 0.314 0.295 0.766 0.858 97 0 107.34 8.42 0.06 0.64
60800 10 2 0.087 0.129 0.071 0.764 0.617 67 1 87.64 7.58 0 0.82
60800 10 2 0.047 0.397 0.206 0.84 0.065 25 742 26.44 932.22 0 0
60800 10 2 0.117 0.264 0.102 0.961 0.678 69 0 91.44 8.68 0 0.7
60800 10 2 0.001 0.434 0.466 0.785 0.089 33 4 56.7 71.7 0 0.32
60800 10 2 0.034 0.001 0.35 0.999 0.121 79 1 97.6 14.22 0.2 0.56
60800 10 2 0.006 0.209 0.369 0.976 0.654 100 1 111.48 9.08 0.48 0.7
60800 10 2 0.068 0.119 0.359 0.953 0.528 96 0 107.26 9.12 0.14 0.62
60800 10 2 0.074 0.308 0.158 0.96 0.335 25 8 37.24 205.04 0 0.08
60800 10 2 0.01 0.49 0.423 0.855 0.287 47 1 76.82 35.36 0 0.36
60800 10 2 0.04 0.035 0.294 0.778 0.435 87 2 105.96 14.2 0.38 0.6
60800 10 2 0.119 0.406 0.048 0.995 0.318 25 861 26.28 963.32 0 0
60800 10 2 0.096 0.492 0.456 0.919 0.378 64 0 78.3 21.06 0 0.48
60800 10 2 0.041 0.006 0.201 0.94 0.621 89 0 103.88 12.44 0.14 0.54
60800 10 2 0.066 0.497 0.327 0.996 0.252 28 8 45.86 94.76 0 0.42
60800 10 2 0.003 0.141 0.183 0.927 0.724 81 1 100.48 14.88 0.26 0.52
60800 10 2 0.054 0.117 0.031 0.81 0.482 26 159 31.62 311.74 0 0
60800 10 2 0.111 0.079 0.403 0.926 0.611 85 1 101.8 12.7 0.16 0.52
60800 10 2 0.013 0.112 0.294 0.942 0.404 85 2 113.14 15.66 0.58 0.62
60800 10 2 0.021 0.042 0.055 0.801 0.691 89 1 108.48 6.16 0.4 0.84
60800 10 2 0.056 0.467 0.297 0.923 0.316 30 0 48.94 68.52 0 0.48
60800 10 2 0.106 0.18 0.156 0.934 0.295 37 26 49.66 86.1 0 0
60800 10 2 0.031 0.223 0.092 0.87 0.898 89 2 106.5 13.62 0.3 0.3
60800 10 2 0.106 0.32 0.063 0.915 0.32 25 898 26.58 973.24 0 0
60800 10 2 0.011 0.42 0.322 0.783 0.914 150 0 150 0 1 1
60800 10 2 0.02 0.212 0.147 0.86 0.01 25 1130 26.42 1184.96 0 0
60800 10 2 0.119 0.486 0.308 0.791 0.97 100 0 108.02 10.22 0 0.46
60800 10 2 0.023 0.398 0.433 0.942 0.073 25 2 42.46 131.1 0 0.18
60800 10 2 0.031 0.35 0.335 0.988 0.914 100 0 109.06 9.06 0.32 0.64
60800 10 2 0.032 0.084 0.398 0.934 0.473 92 0 105.52 9.34 0 0.66
60800 10 2 0.085 0.452 0.318 0.791 0.415 60 3 72.06 35.26 0 0.24
60800 10 2 0.044 0.158 0.412 0.786 0.895 69 0 100 13.66 0.16 0.68
60800 10 2 0.023 0.097 0.085 0.945 0.079 25 413 29.12 822.18 0 0
60800 10 2 0.109 0.117 0.021 0.89 0.251 25 367 28.78 541.94 0 0
60800 10 2 0.102 0.413 0.461 0.75 0.636 74 0 87.86 10 0 0.68
60800 10 2 0.097 0.258 0.34 0.916 0.209 43 5 52.42 68.02 0 0.02
60800 10 2 0.052 0.306 0.415 0.938 0.118 30 4 45.96 119.3 0 0.16
60800 10 2 0.088 0.386 0.445 0.816 0.619 103 0 117.96 8.74 0.8 0.62
60800 10 2 0.111 0.376 0.429 0.944 0.783 102 0 112.22 8.08 0.52 0.62
60800 10 2 0.07 0.236 0.15 0.784 0.567 63 1 82.46 12.34 0 0.76
60800 10 2 0.023 0.22 0.36 0.905 0.63 150 0 150 0 1 1
60800 10 2 0.083 0.089 0.246 0.972 0.576 95 0 107.56 13.02 0.26 0.44
60800 10 2 0.089 0.105 0.222 0.847 0.246 81 3 89.7 21.52 0 0.2
60800 10 2 0.099 0.176 0.455 0.857 0.536 100 0 114.28 6.28 0.6 0.78
60800 10 2 0.054 0.289 0.257 0.862 0.512 47 1 69.24 23.42 0 0.6
60800 10 2 0.02 0.447 0.225 0.883 0.817 78 0 101.42 12.84 0.16 0.72
60800 10 2 0.029 0.367 0.434 0.879 0.633 121 0 126.64 5.92 1 0.86
60800 10 2 0.095 0.275 0.047 0.767 0.786 92 1 99.96 11.4 0 0.42
60800 10 2 0.078 0.139 0.064 0.838 0.668 75 0 93.86 17.02 0 0.44
60800 10 2 0.073 0.193 0.381 0.757 0.535 107 0 122.14 5.18 0.84 0.84
60800 10 2 0.041 0.427 0.088 0.814 0.241 25 1043 26.22 1078.56 0 0
60800 10 2 0.096 0.316 0.398 0.999 0.006 25 977 26.16 1062.98 0 0
60800 10 2 0.043 0.496 0.335 0.949 0.937 88 0 109.68 3.44 0.56 0.86
60800 10 2 0.059 0.259 0.459 0.757 0.694 87 2 98.88 11.74 0 0.58
60800 10 2 0.078 0.411 0.008 0.841 0.072 25 1207 26.48 1238.96 0 0
60800 10 2 0.011 0.37 0.187 0.808 0.06 25 323 34.48 478.16 0 0
60800 10 2 0.015 0.302 0.15 0.859 0.805 86 1 107.08 11.1 0.28 0.52
60800 10 2 0.016 0.278 0.295 0.985 0.154 25 2 39.4 182.46 0 0.4
60800 10 2 0.066 0.147 0.183 0.866 0.709 89 1 106.88 11.88 0.18 0.58
60800 10 2 0.063 0.445 0.481 0.94 0.786 102 0 113.9 9.74 0.76 0.56
60800 10 2 0.049 0.231 0.156 0.75 0.521 34 2 53.54 50.02 0 0.42
60800 10 2 0.017 0.414 0.282 0.872 0.712 101 0 108.84 7.26 0.04 0.7
60800 10 2 0.039 0.364 0.496 0.812 0.226 62 1 77.84 27.42 0 0.32
60800 10 2 0.116 0.133 0.172 0.854 0.943 115 0 124.04 11.16 1 0.36
60800 10 2 0.029 0.285 0.274 0.963 0.139 28 81 34.1 185.82 0 0
60800 10 2 0.085 0.017 0.036 0.775 0.076 30 88 39.24 187.44 0 0
60800 10 2 0.087 0.004 0.483 0.776 0.044 99 0 113.36 9 0.46 0.6
60800 10 2 0.113 0.444 0.111 0.937 0.488 29 4 44.18 74.18 0 0.14
60800 10 2 0.035 0.276 0.103 0.768 0.684 75 0 91.24 15.36 0 0.48
60800 10 2 0.111 0.362 0.171 0.878 0.99 106 0 115.78 7.74 0.64 0.62
60800 10 2 0.074 0.156 0.447 0.945 0.155 74 3 86.26 29.08 0 0.2
60800 10 2 0.032 0.088 0.11 0.825 0.736 87 1 106.54 12.3 0.36 0.54
60800 10 2 0.017 0.174 0.206 0.811 0.493 58 0 89.02 21.84 0 0.52
60800 10 2 0.003 0.231 0.149 0.793 0.328 28 5 46.16 59 0 0.42
60800 10 2 0.117 0.408 0.329 0.787 0.831 97 0 109.4 9.36 0.42 0.62
60800 10 2 0.041 0.007 0.167 0.911 0.138 91 1 105.06 16.52 0.36 0.4
60800 10 2 0.101 0.158 0.399 0.995 0.138 43 6 73.78 64.24 0 0.08
60800 10 2 0.007 0.054 0.419 0.944 0.363 89 0 111.16 5.84 0.56 0.76
60800 10 2 0.118 0.394 0.405 0.766 0.171 25 9 42.24 145.82 0 0.02
60800 10 2 0.021 0.022 0.34 0.833 0.982 94 0 104.28 13.66 0 0.56
60800 10 2 0.095 0.364 0.089 0.807 0.262 25 147 33.48 489.78 0 0
60800 10 2 0.078 0.375 0.38 0.773 0.997 103 0 109.78 5.24 0.2 0.8
60800 10 2 0.012 0.004 0.051 0.786 0.622 110 0 115.48 7.2 0.9 0.62
60800 10 2 0.039 0.051 0.129 0.9 0.97 95 1 106.04 9.58 0.34 0.66
60800 10 2 0.11 0.249 0.058 0.867 0.081 25 787 26.46 1122.32 0 0
60800 10 2 0.108 0.182 0.112 0.844 0.826 98 0 108.92 14.56 0.4 0.5
60800 10 2 0.1 0.041 0.4 0.804 0.868 150 0 150 0 1 1
60800 10 2 0.015 0.037 0.378 0.9 0.264 100 1 112.44 11.62 0.42 0.54
60800 10 2 0.034 0.382 0.165 0.787 0.466 32 1 58.7 45.96 0 0.6
60800 10 2 0.1 0.291 0.355 0.976 0.84 98 0 112.7 10.98 0.5 0.42
60800 10 2 0.117 0.392 0.422 0.929 0.724 109 0 117.3 7.46 0.66 0.66
60800 10 2 0.059 0.153 0.493 0.84 0.902 103 0 112.5 8 0.56 0.58
60800 10 2 0.061 0.385 0.25 0.809 0.326 29 5 48.02 80.36 0 0.22
60800 10 2 0.057 0.372 0.206 0.905 0.043 25 20 36.04 365.9 0 0
60800 10 2 0.068 0.374 0.303 0.931 0.269 34 28 48.74 97.66 0 0
60800 10 2 0.057 0.122 0.438 0.756 0.66 84 0 101.88 9.18 0 0.68
60800 10 2 0.035 0.31 0.186 0.895 0.233 26 7 49.2 129.26 0 0.28
60800 10 2 0.023 0.155 0.342 0.802 0.71 92 2 108.58 12.3 0.38 0.58
60800 10 2 0.012 0.486 0.484 0.856 0.227 65 4 77.28 38.22 0 0.22
60800 10 2 0.04 0.406 0.157 0.862 0.245 25 3 34.1 285.78 0 0.16
60800 10 2 0.088 0.009 0.15 0.771 0.336 81 0 96.38 11.2 0 0.68
60800 10 2 0.088 0.466 0.447 0.91 0.999 101 0 110.18 12.44 0.32 0.44
60800 10 2 0.039 0.168 0.213 0.896 0.31 37 3 57.3 41.04 0 0.6
60800 10 2 0.119 0.433 0.385 0.91 0.58 110 3 122.06 8.38 0.86 0.7
60800 10 2 0.003 0.241 0.195 0.779 0.892 101 1 111.76 11.22 0.5 0.56
60800 10 2 0.111 0.044 0.349 0.798 0.865 83 0 114.12 12.62 0.7 0.56
60800 10 2 0.114 0.082 0.348 0.982 0.036 25 11 36.56 233.08 0 0
60800 10 2 0.069 0.492 0.304 0.809 0.31 28 5 40.76 134.56 0 0.2
60800 10 2 0.035 0.291 0.235 0.798 0.177 25 6 36.94 151 0 0.16
60800 10 2 0.11 0.154 0.204 0.818 0.052 25 832 25.94 1032.48 0 0
60800 10 2 0.019 0.237 0.221 0.964 0.55 51 0 71.3 18.22 0 0.6
60800 10 2 0.103 0.465 0.128 0.783 0.244 25 395 37.88 542.04 0 0
60800 10 2 0.032 0.147 0.346 0.946 0.274 63 2 82.4 15.62 0 0.68
60800 10 2 0.017 0.31 0.041 0.976 0.636 36 4 51.42 37.46 0 0.44
60800 10 2 0.025 0.146 0.353 0.899 0.804 89 0 106.16 6.9 0.32 0.8
60800 10 2 0.101 0.027 0.487 0.815 0.139 93 1 111.76 6.42 0.58 0.8
60800 10 2 0.085 0.333 0.468 0.966 0.505 82 2 104.32 13.84 0.3 0.62
60800 10 2 0.035 0.385 0.187 0.977 0.645 88 0 106.56 7.88 0.4 0.68
60800 10 2 0.028 0.288 0.469 0.756 0.058 25 15 39.3 206.16 0 0
60800 10 2 0.064 0.261 0.442 0.781 0.205 57 4 76.28 50.94 0 0.08
60800 10 2 0.111 0.379 0.125 0.877 0.232 25 703 26.72 859.34 0 0
60800 10 2 0.035 0.44 0.189 0.992 0.618 77 2 106.56 21.08 0.5 0.28
60800 10 2 0.059 0.48 0.412 0.866 0.685 105 0 116.6 8.66 0.58 0.54
60800 10 2 0.035 0.314 0.21 0.927 0.929 88 0 109.6 13.14 0.54 0.42
60800 10 2 0.087 0.209 0.043 0.908 0.537 26 12 46.6 85.78 0 0
60800 10 2 0.073 0.336 0.395 0.755 0.082 29 147 35.2 243.54 0 0
60800 10 2 0.073 0.19 0.204 0.979 0.979 108 0 112.36 6.82 0.4 0.72
60800 10 2 0.101 0.334 0.424 0.821 0.076 32 163 40.14 234.8 0 0
60800 10 2 0.023 0.013 0.232 0.826 0.512 93 2 114.08 12.22 0.62 0.6
60800 10 2 0.028 0.178 0.142 0.853 0.435 40 2 53.98 68.12 0 0.18
60800 10 2 0.075 0.15 0.175 0.875 0.588 71 1 86.54 12.52 0 0.62
60800 10 2 0.119 0.493 0.019 0.983 0.208 25 681 28.82 870.8 0 0
60800 10 2 0.071 0.215 0.126 0.838 0.898 103 1 112.02 8.46 0.44 0.66
60800 10 2 0.088 0.156 0.279 0.763 0.283 59 3 77.86 26.4 0 0.46
60800 10 2 0.09 0.476 0.145 0.977 0.196 25 505 26.74 941.84 0 0
60800 10 2 0.07 0.401 0.451 0.756 0.753 99 1 109.16 12.92 0.3 0.4
60800 10 2 0.002 0.016 0.226 0.894 0.855 107 1 114.98 8.38 0.54 0.7
60800 10 2 0.065 0.244 0.463 0.761 0.393 82 2 98.9 14.14 0.04 0.62
60800 10 2 0.03 0.45 0.062 0.851 0.67 57 3 86.8 33.66 0 0.26
60800 10 2 0.019 0.112 0.167 0.849 0.178 42 21 50.96 94.98 0 0
60800 10 2 0.026 0.071 0.266 0.944 0.561 88 0 106.1 3.42 0.32 0.84
60800 10 2 0.094 0.117 0.02 0.758 0.893 96 0 102.52 10.42 0 0.52
60800 10 2 0.001 0.253 0.27 0.974 0.268 35 4 53.94 29.74 0 0.34
60800 10 2 0.105 0.301 0.374 0.805 0.027 25 513 28.36 728.08 0 0
60800 10 2 0.06 0.318 0.42 0.997 0.009 25 463 27.96 620.08 0 0
60800 10 2 0.11 0.111 0.165 0.866 0.551 100 0 113.48 11.08 0.54 0.62
60800 10 2 0.107 0.037 0.189 0.97 0.831 99 0 112.14 9.34 0.52 0.52
60800 10 2 0.099 0.178 0.019 0.868 0.37 25 635 30 738.28 0 0
60800 10 2 0.051 0.152 0.118 0.79 0.243 31 62 37.5 132.46 0 0
60800 10 2 0.005 0.17 0.271 0.846 0.947 114 1 117.14 9.46 1 0.48
60800 10 2 0.003 0.004 0.442 0.892 0.813 97 1 111.82 10.5 0.5 0.7
60800 10 2 0.08 0.118 0.429 0.881 0.103 43 2 64.72 39.1 0 0.38
60800 10 2 0.029 0.461 0.056 0.919 0.66 62 2 73.94 28.72 0 0.36
60800 10 2 0.033 0.07 0.372 0.867 0.896 105 1 113.04 9 0.36 0.5
60800 10 2 0.033 0.126 0.236 0.869 0.45 91 2 101.22 14.94 0.02 0.58
60800 10 2 0.046 0.075 0.042 0.829 0.876 93 0 104.6 7.8 0.16 0.76
60800 10 2 0.068 0.007 0.297 0.955 0.528 92 1 101.58 7.96 0.06 0.68
60800 10 2 0.099 0.139 0.081 0.829 0.744 102 1 106.84 11.72 0.02 0.48
60800 10 2 0.041 0.109 0.161 0.779 0.469 66 0 94.44 10.76 0.06 0.72
60800 10 2 0.112 0.253 0.124 0.842 0.129 25 175 37.98 493.74 0 0
60800 10 2 0.048 0.289 0.112 0.836 0.624 72 5 85.4 24.86 0 0.32
60800 10 2 0.094 0.293 0.197 0.919 0.305 26 1 53.94 125.8 0 0.46
60800 10 2 0.107 0.451 0.001 0.845 0.019 25 1044 26.44 1089.86 0 0
60800 10 2 0.009 0.45 0.366 0.852 0.001 25 348 27.62 979.82 0 0
60800 10 2 0.018 0.39 0.155 0.828 0.654 75 0 87.36 13.76 0 0.6
60800 10 2 0.027 0.105 0.498 0.906 0.225 89 0 117.58 14.98 0.76 0.5
60800 10 2 0.051 0.342 0.241 0.911 0.937 97 0 112.2 9.88 0.62 0.56
60800 10 2 0.058 0.496 0.126 0.785 0.757 72 1 96.58 20.12 0.22 0.6
60800 10 2 0.067 0.344 0.28 0.789 0.214 25 31 37.78 201.92 0 0
60800 10 2 0.044 0.102 0.134 0.88 0.014 25 1032 26.18 1152.66 0 0
60800 10 2 0.06 0.008 0.317 0.824 0.559 83 0 101.84 9.18 0.3 0.76
60800 10 2 0.05 0.409 0.474 0.902 0.742 80 0 102.62 11.8 0.26 0.58
60800 10 2 0.006 0.13 0.482 0.894 0.51 80 0 95.56 11.64 0.02 0.6
60800 10 2 0.047 0.211 0.191 0.758 0.325 45 1 57.22 83.62 0 0.24
60800 10 2 0.066 0.427 0.433 0.922 0.375 83 3 92.98 18.46 0 0.22
60800 10 2 0.013 0.326 0.492 0.962 0.786 96 1 110.9 7.9 0.46 0.7
60800 10 2 0.051 0.194 0.325 0.983 0.23 48 6 67.58 54.86 0 0.06
60800 10 2 0.116 0.481 0.374 0.966 0.968 96 1 113.38 10.92 0.62 0.66
60800 10 2 0.061 0.486 0.264 0.896 0.243 26 3 40.9 168.46 0 0.14
60800 10 2 0.045 0.005 0.272 0.825 0.083 150 0 150 0 1 1
60800 10 2 0.052 0.136 0.193 0.786 0.939 101 0 122.92 11.02 0.78 0.54
60800 10 2 0.047 0.071 0.429 0.84 0.462 103 1 112.36 12.18 0.48 0.52
60800 10 2 0.066 0.289 0.406 0.774 0.017 26 374 35.32 469.4 0 0
60800 10 2 0.106 0.41 0.011 0.854 0.28 25 918 26.2 963.7 0 0
60800 10 1 0.025 0.282 0.295 0.867 0.639 84 1 97.84 8.26 0 0.7
60800 10 1 0.107 0.426 0.488 0.929 0.058 25 488 26.92 610.52 0 0
60800 10 1 0.105 0.002 0.455 0.964 0.795 99 0 115.94 10.5 0.72 0.52
60800 10 1 0.1 0.301 0.353 0.83 0.148 27 39 35.8 201.92 0 0
60800 10 1 0.043 0.281 0.455 0.888 0.373 79 2 98.12 19.28 0.12 0.34
60800 10 1 0.099 0.417 0.303 0.981 0.374 37 4 50.84 58.56 0 0.22
60800 10 1 0.052 0.489 0.262 0.756 0.701 75 2 93.74 7.76 0 0.72
60800 10 1 0.048 0.282 0.336 0.793 0.26 36 1 50 62.66 0 0.32
60800 10 1 0.017 0.229 0.428 0.809 0.034 27 16 34.68 218 0 0
60800 10 1 0.02 0.339 0.098 0.865 0.006 25 1104 26.48 1167.48 0 0
60800 10 1 0.08 0.031 0.046 0.826 0.372 92 1 100.82 10.76 0 0.58
60800 10 1 0.086 0.128 0.088 0.947 0.331 32 9 43.56 99.9 0 0.06
60800 10 1 0.052 0.348 0.372 0.789 0.961 88 0 97.12 10.08 0 0.62
60800 10 1 0.117 0.088 0.144 0.841 0.28 59 1 74.9 12.16 0 0.72
60800 10 1 0.049 0.38 0.245 0.774 0.698 100 0 112.8 10.56 0.54 0.48
60800 10 1 0.032 0.042 0.357 0.854 0.937 69 1 86.32 14.8 0 0.62
60800 10 1 0.062 0.458 0.277 0.992 0.222 29 127 34.04 196.66 0 0
60800 10 1 0.089 0.072 0.421 0.753 0.054 32 3 59.72 70.4 0 0.42
60800 10 1 0.084 0.322 0.201 0.842 0.815 77 0 104.74 12.98 0.42 0.64
60800 10 1 0.032 0.247 0.116 0.902 0.575 41 1 62.42 34.1 0 0.4
60800 10 1 0.102 0.044 0.367 0.836 0.377 118 0 122.04 5.1 1 0.88
60800 10 1 0.116 0.006 0.033 0.904 0.245 80 0 98.92 9 0 0.7
60800 10 1 0.067 0.462 0.23 0.907 0.277 27 119 37.88 183.02 0 0
60800 10 1 0.037 0.191 0.194 0.938 0.185 25 11 31.56 184.76 0 0
60800 10 1 0.081 0.49 0.43 0.907 0.785 92 1 103.88 13.08 0.2 0.52
60800 10 1 0.08 0.461 0.034 0.959 0.336 25 813 26.24 996.42 0 0
60800 10 1 0.115 0.176 0.394 0.769 0.831 91 1 100.74 10.98 0 0.58
60800 10 1 0.119 0.359 0.08 0.987 0.965 101 0 112.5 5.18 0.58 0.76
60800 10 1 0.119 0.268 0.061 0.959 0.564 39 3 56.42 49.92 0 0.32
60800 10 1 0.075 0.226 0.382 0.886 0.356 79 2 93.5 15.3 0 0.44
60800 10 1 0.067 0.219 0.214 0.87 0.975 88 0 101.28 13.2 0.2 0.46
60800 10 1 0.004 0.467 0.123 0.794 0.524 43 4 60.04 46.02 0 0.24
60800 10 1 0.033 0.313 0.163 0.841 0.374 25 6 40.64 133.34 0 0.16
60800 10 1 0.05 0.405 0.15 0.762 0.867 99 1 107.3 12.16 0.26 0.42
60800 10 1 0.092 0.427 0.478 0.922 0.96 81 0 97.22 12.72 0.16 0.6
60800 10 1 0.042 0.223 0.292 0.877 0.301 35 2 49.96 48.56 0 0.26
60800 10 1 0.04 0.339 0.134 0.912 0.443 25 4 43.78 96.28 0 0.18
60800 10 2 0.103 0.103 0.129 0.987 0.031 25 865 26.14 922.96 0 0
60800 10 2 0.068 0.484 0.311 0.937 0.397 35 0 50.7 34.1 0 0.52
60800 10 2 0.113 0.01 0.128 0.814 0.149 90 0 105.16 12.14 0.26 0.54
60800 10 2 0.074 0.201 0.228 0.89 0.083 25 380 32.84 576.24 0 0
60800 10 2 0.045 0.321 0.185 0.811 0.565 75 4 89.54 19.78 0 0.28
60800 10 2 0.104 0.485 0.423 0.935 0.347 48 2 62.52 34.72 0 0.4
60800 10 2 0.042 0.277 0.228 0.811 0.318 35 20 60.56 79.36 0 0
60800 10 2 0.076 0.294 0.151 0.822 0.119 26 460 31.36 625.3 0 0
60800 10 2 0.05 0.124 0.448 0.837 0.551 88 0 105.72 5.54 0.38 0.82
60800 10 2 0.073 0.034 0.402 0.766 0.331 104 0 119.8 4.24 0.82 0.86
60800 10 2 0.044 0.416 0.025 0.768 0.512 25 503 29.66 648.14 0 0
60800 10 2 0.097 0.363 0.363 0.973 0.91 106 1 116.14 10.92 0.66 0.4
60800 10 2 0.056 0.416 0.08 0.846 0.39 25 523 29.1 754.52 0 0
60800 10 2 0.026 0.056 0.384 0.926 0.241 105 1 111.9 7.14 0.46 0.7
60800 10 2 0.032 0.425 0.082 0.993 0.506 25 16 35.54 200.28 0 0
60800 10 2 0.007 0.472 0.441 0.943 0.129 27 4 46.98 117.32 0 0.2
60800 10 2 0.002 0.323 0.264 0.882 0.531 63 0 83 11.98 0 0.66
60800 10 2 0.023 0.242 0.081 0.812 0.209 25 254 35.42 515.2 0 0
60800 10 2 0.065 0.096 0.062 0.834 0.995 92 2 100.94 13.72 0 0.44
60800 10 2 0.031 0.197 0.03 0.883 0.916 94 1 110.08 10.86 0.54 0.52
60800 10 2 0.037 0.127 0.446 0.877 0.582 108 1 116.8 8.42 0.88 0.6
60800 10 2 0.017 0.177 0.16 0.958 0.374 33 4 43.52 54.94 0 0.36
60800 10 2 0.105 0.252 0.2 0.987 0.894 106 1 115.76 10.84 0.5 0.46
60800 10 2 0.012 0.396 0.392 0.872 0.303 42 2 64.3 23.12 0 0.6
60800 10 2 0.025 0.054 0.186 0.807 0.664 89 1 118.26 14.8 0.68 0.56
60800 10 2 0.033 0.316 0.056 0.922 0.039 25 1151 26.36 1226.68 0 0
60800 10 2 0.041 0.237 0.118 0.947 0.079 25 1060 26.34 1090.64 0 0
60800 10 2 0.072 0.149 0.087 0.965 0.792 82 0 104.84 15.6 0.52 0.5
60800 10 2 0.113 0.238 0.158 0.819 0.453 36 6 65.52 42.8 0 0.58
60800 10 2 0.076 0.472 0.375 0.814 0.597 87 0 99.56 11.06 0 0.64
60800 10 2 0.071 0.318 0.221 0.765 0.799 107 2 115.4 10.72 0.68 0.54
60800 10 2 0.036 0.34 0.155 0.965 0.681 78 1 95.5 16.12 0 0.5
60800 10 2 0.054 0.276 0.363 0.812 0.675 110 0 114.9 7.2 0.84 0.66
60800 10 2 0.059 0.243 0.38 0.886 0.139 34 3 42.08 109.8 0 0.14
60800 10 2 0.03 0.218 0.347 0.767 0.545 99 0 119.8 4.5 0.8 0.8
60800 10 2 0.059 0.405 0.399 0.81 0.504 109 2 116.88 10 0.86 0.64
60800 10 2 0.089 0.003 0.206 0.887 0.98 112 0 119.6 7.58 0.98 0.68
60800 10 2 0.106 0.269 0.37 0.812 0.954 85 0 106.6 6.18 0.4 0.84
60800 10 2 0.098 0.259 0.463 0.849 0.482 87 0 102.18 6.22 0 0.74
60800 10 2 0.072 0.22 0.442 0.846 0.269 73 1 91.02 21.6 0 0.28
60800 10 2 0.002 0.154 0.343 0.911 0.485 99 1 110.2 15.18 0.36 0.36
60800 10 2 0.092 0.294 0.289 0.785 0.642 100 0 116.72 5.12 0.72 0.8
60800 10 2 0.005 0.105 0.078 0.971 0.654 81 1 88.2 11.4 0 0.5
60800 10 2 0.104 0.365 0.342 0.861 0.207 25 5 38.48 178.34 0 0.24
60800 10 2 0.08 0.272 0.193 0.765 0.317 40 10 46.48 78.64 0 0
60800 10 2 0.009 0.182 0.379 0.875 0.047 28 8 50.16 84.84 0 0.26
60800 10 2 0.097 0.022 0.037 0.816 0.534 86 0 100.68 8.92 0.18 0.68
60800 10 2 0.027 0.146 0.102 0.886 0.839 101 3 114.36 12.92 0.62 0.56
60800 10 2 0.073 0.112 0.202 0.915 0.786 91 2 103.32 14.68 0.14 0.64
60800 10 2 0.03 0.301 0.211 0.92 0.354 53 0 63.46 48.18 0 0.1
60800 10 2 0.105 0.342 0.205 0.884 0.051 25 643 28.78 830.66 0 0
60800 10 2 0.049 0.17 0.062 0.853 0.631 65 3 73.78 19.44 0 0.24
60800 10 2 0.079 0.198 0.333 0.917 0.203 30 0 48.04 23.02 0 0.66
60800 10 2 0.022 0.033 0.021 0.758 0.922 103 0 109.46 8.52 0.18 0.6
60800 10 2 0.042 0.196 0.475 0.92 0.317 87 2 101 14.84 0.16 0.32
60800 10 2 0.04 0.054 0.401 0.965 0.556 77 0 102.2 13.44 0.34 0.66
60800 10 2 0.021 0.276 0.017 0.942 0.113 25 1073 26.22 1139.82 0 0
60800 10 2 0.091 0.109 0.229 0.892 0.76 108 0 114 7.42 0.52 0.68
60800 10 2 0.057 0.338 0.492 0.844 0.115 43 37 51.14 102.5 0 0
60800 10 2 0.007 0.335 0.294 0.983 0.573 83 0 103.94 14.24 0.46 0.4
60800 10 2 0.001 0.254 0.244 0.816 0.291 36 2 52.6 43.4 0 0.32
60800 10 2 0.011 0.367 0.496 0.84 0.791 108 3 117.84 11.7 0.74 0.38
60800 10 2 0.116 0.421 0.032 0.752 0.703 66 2 86.64 20.96 0 0.34
60800 10 2 0.077 0.188 0.183 0.85 0.969 90 2 105.06 12.8 0.3 0.5
60800 10 2 0.072 0.106 0.119 0.818 0.926 100 2 108.92 11.66 0.4 0.5
60800 10 2 0.087 0.253 0.139 0.892 0.607 76 2 87.3 17.42 0 0.5
60800 10 2 0.036 0.312 0.412 0.891 0.602 85 0 101.8 8.96 0.22 0.76
60800 10 2 0.102 0.346 0.26 0.955 0.32 33 1 57.12 44.14 0 0.3
60800 10 2 0.019 0.135 0.371 0.848 0.453 93 1 107.62 15.86 0.3 0.46
60800 10 2 0.097 0.337 0.35 0.911 0.142 25 8 36.5 205.22 0 0.16
60800 10 2 0.026 0.234 0.07 0.956 0.692 85 0 97.84 19.18 0 0.36
60800 10 2 0.024 0.399 0.128 0.791 0.599 47 1 68.18 19.16 0 0.72
60800 10 2 0.014 0.036 0.491 0.924 0.446 97 1 120.84 12.2 0.8 0.5
60800 10 2 0.066 0.495 0.372 0.787 0.492 87 2 101.32 17.44 0.04 0.5
60800 10 2 0.009 0.008 0.148 0.817 0.436 101 0 113.9 9.88 0.56 0.58
60800 10 2 0.034 0.009 0.252 0.9 0.728 84 1 113.42 14.02 0.64 0.56
60800 10 2 0.065 0.448 0.011 0.784 0.542 25 426 30.82 593.62 0 0
60800 10 2 0.118 0.086 0.384 0.768 0.863 89 0 105.48 5 0.32 0.8
60800 10 2 0.072 0.492 0.077 0.792 0.221 25 632 27.14 930.56 0 0
60800 10 2 0.106 0.165 0.055 0.921 0.601 61 1 82.9 22.4 0 0.42
60800 10 2 0.109 0.193 0.04 0.972 0.275 25 38 38.08 444.26 0 0
60800 10 2 0.11 0.495 0.212 0.91 0.285 25 93 31.66 267.86 0 0
60800 10 2 0.049 0.425 0.304 0.943 0.612 95 2 103.02 13.18 0.02 0.24
60800 10 2 0.071 0.076 0.265 0.995 0.985 114 2 119.36 9.58 1 0.66
60800 10 2 0.036 0.017 0.354 0.937 0.296 86 1 103.42 13.32 0.04 0.68
60800 10 2 0.015 0.024 0.263 0.857 0.154 99 2 118.28 12.72 0.82 0.34
60800 10 2 0.017 0.264 0.139 0.805 0.809 87 0 115.98 10.2 0.68 0.68
60800 10 2 0.044 0.206 0.309 0.977 0.845 95 0 105.8 6.78 0.22 0.68
60800 10 2 0.093 0.179 0.391 0.956 0.098 25 4 42.78 159.64 0 0.12
60800 10 2 0.018 0.112 0.249 0.974 0.815 74 0 103.36 15.88 0.38 0.54
60800 10 2 0.024 0.496 0.007 0.995 0.083 25 1102 26.64 1167.74 0 0
60800 10 2 0.07 0.069 0.249 0.931 0.156 67 3 73.46 22.8 0 0.34
60800 10 2 0.037 0.295 0.211 0.968 0.089 25 285 39.02 462.68 0 0
60800 10 2 0.091 0.323 0.48 0.766 0.419 75 0 102.88 15.48 0.48 0.6
60800 10 2 0.014 0.409 0.45 0.991 0.952 106 1 115.1 11.62 0.74 0.5
60800 10 2 0.114 0.058 0.456 0.903 0.274 82 1 98.54 6.1 0 0.72
60800 10 2 0.057 0.473 0.5 0.78 0.029 25 329 31.08 496.04 0 0
60800 10 2 0.067 0.422 0.11 0.959 0.847 100 1 109.46 9 0.36 0.66
60800 10 2 0.06 0.067 0.283 0.776 0.746 87 1 103.5 6.7 0.28 0.82
60800 10 2 0.012 0.219 0.312 0.849 0.655 91 0 111.78 12.92 0.6 0.48
60800 10 2 0.082 0.367 0.142 0.893 0.315 28 7 39.8 153.06 0 0.06
60800 10 2 0.028 0.14 0.163 0.775 0.274 42 1 56.04 65.72 0 0.22
60800 10 2 0.025 0.476 0.09 0.761 0.795 89 0 103.86 13.2 0.16 0.68
60800 10 2 0.089 0.023 0.459 0.866 0.4 97 0 109.02 9.42 0.44 0.7
60800 10 2 0.047 0.132 0.467 0.998 0.365 95 1 108.46 10.72 0.3 0.6
60800 10 2 0.108 0.489 0.483 0.762 0.116 25 4 34.96 140.42 0 0.2
60800 10 2 0.071 0.126 0.32 0.921 0.087 27 5 47.54 132.46 0 0.14
60800 10 2 0.035 0.12 0.351 0.774 0.085 27 1 51.16 95.72 0 0.26
60800 10 2 0.009 0.18 0.205 0.887 0.119 25 4 34.72 115.24 0 0.36
60800 10 2 0.047 0.12 0.397 0.951 0.045 26 1 38.5 143.64 0 0.26
60800 10 2 0.051 0.047 0.306 0.841 0.819 82 0 101.46 13.62 0.22 0.64
60800 10 2 0.042 0.191 0.353 0.872 0.839 86 2 104.74 10.46 0.14 0.62
60800 10 2 0.027 0.036 0.232 0.815 0.187 94 0 104.72 10.06 0.12 0.54
60800 10 2 0.095 0.424 0.495 0.987 0.054 32 19 50.8 135.7 0 0
60800 10 2 0.015 0.346 0.107 0.787 0.842 83 0 98.64 10.86 0 0.6
60800 10 2 0.089 0.251 0.396 0.781 0.417 72 0 96.34 17.76 0 0.58
60800 10 2 0.074 0.281 0.046 0.795 0.371 25 364 28.46 819.68 0 0
60800 10 2 0.024 0.382 0.167 0.962 0.038 25 428 27.36 721.86 0 0
60800 10 2 0.115 0.371 0.323 0.968 0.192 27 28 41.04 187.48 0 0
60800 10 2 0.011 0.305 0.377 0.797 0.907 150 0 150 0 1 1
60800 10 2 0.034 0.143 0.378 0.764 0.874 96 0 106.24 11.18 0.28 0.5
60800 10 2 0.065 0.192 0.054 0.885 0.721 68 0 86.82 16.32 0 0.7
60800 10 2 0.004 0.028 0.461 0.765 0.697 94 0 104.38 8.56 0 0.5
60800 10 2 0.006 0.175 0.492 0.899 0.616 117 1 126.34 6.76 1 0.76
60800 10 2 0.044 0.391 0.336 0.989 0.671 77 0 94.98 11.78 0.06 0.72
60800 10 2 0.011 0.357 0.39 0.912 0.768 150 0 150 0 1 1
60800 10 2 0.033 0.386 0.249 0.893 0.386 30 4 49.48 65.58 0 0.56
60800 10 2 0.07 0.045 0.207 0.78 0.814 96 2 109.86 7.04 0.4 0.72
60800 10 2 0.048 0.011 0.394 0.949 0.961 87 0 103.1 6.38 0.26 0.84
60800 10 2 0.091 0.455 0.49 0.84 0.166 26 2 43.06 93 0 0.24
60800 10 2 0.068 0.172 0.485 0.897 0.128 69 2 81.76 29.94 0 0.16
60800 10 2 0.015 0.424 0.358 0.924 0.926 105 1 111.7 11.18 0.42 0.5
60800 10 2 0.088 0.231 0.261 0.914 0.572 95 0 103.4 12.16 0 0.54
60800 10 2 0.023 0.094 0.466 0.883 0.805 113 0 117.86 7.3 1 0.66
60800 10 2 0.108 0.127 0.062 0.923 0.389 32 105 37.96 146.9 0 0
60800 10 2 0.081 0.044 0.429 0.847 0.502 89 4 106.5 7.32 0.2 0.78
60800 10 2 0.003 0.389 0.377 0.828 0.194 31 2 49.42 64.84 0 0.36
60800 10 2 0.08 0.065 0.141 0.938 0.948 122 1 129.36 6.5 1 0.86
60800 10 2 0.072 0.066 0.344 0.834 0.737 99 0 113.84 11.26 0.66 0.42
60800 10 2 0.007 0.286 0.123 0.804 0.765 98 0 106.94 8.48 0.12 0.56
60800 10 2 0.093 0.154 0.341 0.974 0.93 150 0 150 0 1 1
60800 10 2 0.1 0.309 0.046 0.948 0.575 28 11 43.94 77.12 0 0
60800 10 2 0.066 0.304 0.145 0.871 0.584 55 3 67.56 26.18 0 0.46
60800 10 2 0.096 0.462 0.049 0.993 0.274 25 594 28.7 730.24 0 0
60800 10 2 0.035 0.216 0.486 0.867 0.751 101 1 112.94 11.24 0.7 0.56
60800 10 2 0.054 0.423 0.265 0.762 0.142 25 13 37 315.38 0 0
60800 10 2 0.115 0.073 0.243 0.83 0.762 101 1 120.5 5.34 0.8 0.84
60800 10 2 0.008 0.146 0.425 0.888 0.325 64 0 84.1 4.46 0 0.84
60800 10 2 0.093 0.276 0.276 0.905 0.628 100 0 107.44 8.82 0.2 0.56
60800 10 2 0.039 0.256 0.399 0.765 0.31 72 0 91.08 19.84 0 0.38
60800 10 2 0.068 0.152 0.048 0.908 0.856 94 1 100.26 18.2 0 0.5
60800 10 2 0.001 0.003 0.441 0.978 0.609 111 0 113.32 7.78 0.68 0.64
60800 10 2 0.108 0.293 0.4 0.85 0.127 25 8 35.64 146.88 0 0.08
60800 10 2 0.068 0.307 0.331 0.966 0.793 100 0 108.44 8.28 0.26 0.7
60800 10 2 0.107 0.409 0.479 0.829 0.93 113 1 119.48 9.84 1 0.46
60800 10 2 0.016 0.222 0.031 0.841 0.145 25 761 26.1 1019.3 0 0
60800 10 2 0.003 0.489 0.316 0.95 0.809 90 0 106.18 12.68 0.38 0.48
60800 10 2 0.003 0.142 0.493 0.869 0.42 99 0 109.34 7.72 0.18 0.78
60800 10 2 0.054 0.137 0.308 0.801 0.405 70 1 99.72 15.38 0.4 0.6
60800 10 2 0.063 0.127 0.318 0.912 0.079 32 58 41.72 142.14 0 0
60800 10 2 0.087 0.048 0.184 0.946 0.118 59 0 75.84 9 0 0.58
60800 10 2 0.021 0.314 0.478 0.764 0.294 86 1 93.78 21.44 0 0.18
60800 10 2 0.051 0.139 0.187 0.981 0.119 26 5 45.18 134.58 0 0.28
60800 10 2 0.058 0.178 0.302 0.945 0.806 92 1 103.62 7.5 0.18 0.74
60800 10 2 0.079 0.193 0.121 0.936 0.801 87 1 101.94 13.64 0.18 0.56
60800 10 2 0.049 0.169 0.173 0.816 0.734 88 2 105.44 7.68 0.22 0.68
60800 10 2 0.114 0.133 0.042 0.995 0.007 25 838 26.52 1139.2 0 0
60800 10 2 0.12 0.074 0.379 0.96 0.739 150 0 150 0 1 1
60800 10 2 0.104 0.27 0.484 0.758 0.546 96 1 105.86 8.9 0.18 0.56
60800 10 2 0.108 0.128 0.056 0.891 0.6 88 1 98.3 13.84 0 0.34
60800 10 2 0.046 0.215 0.443 0.844 0.144 30 0 49.32 41.42 0 0.54
60800 10 2 0.028 0.191 0.265 0.924 0.799 150 0 150 0 1 1
60800 10 2 0.045 0.309 0.172 0.96 0.973 101 0 109.32 7.5 0.3 0.6
60800 10 2 0.016 0.439 0.033 0.968 0.448 25 531 28.48 699.06 0 0
60800 10 2 0.083 0.097 0.293 0.99 0.644 95 0 106.4 10.84 0 0.6
60800 10 2 0.063 0.306 0.339 0.999 0.209 25 4 50.4 92.02 0 0.38
60800 10 2 0.013 0.373 0.403 0.963 0.705 95 1 105.24 10.26 0.2 0.56
60800 10 2 0.084 0.177 0.408 0.989 0.528 97 1 110.9 6.98 0.46 0.7
60800 10 2 0.109 0.441 0.348 0.788 0.382 38 2 68.34 20.28 0 0.48
60800 10 2 0.041 0.413 0.265 0.935 0.402 40 3 50.56 45.06 0 0.28
60800 10 2 0.095 0.314 0.157 0.904 0.036 25 1009 26.24 1042.82 0 0
60800 10 2 0.044 0.086 0.203 0.757 0.066 27 167 35.04 248.6 0 0
60800 10 2 0.09 0.456 0.221 0.944 0.952 107 1 119.22 8.32 0.8 0.64
60800 10 2 0.031 0.49 0.161 0.839 0.517 56 6 67.72 47.54 0 0.1
60800 10 2 0.026 0.102 0.132 0.871 0.684 85 0 106.62 5.04 0.36 0.76
60800 10 2 0.059 0.122 0.147 0.765 0.655 77 0 100.04 14.14 0.04 0.62
60800 10 2 0.028 0.059 0.127 0.853 0.395 84 1 105.74 19.84 0.32 0.48
60800 10 2 0.011 0.092 0.2 0.819 0.427 68 0 93.2 15.96 0.06 0.64
60800 10 2 0.097 0.127 0.224 0.9 0.032 25 620 27.46 840.1 0 0
60800 10 2 0.072 0.405 0.327 0.789 0.253 33 8 44.72 89.88 0 0.02
60800 10 2 0.082 0.291 0.215 0.886 0.778 105 0 115.38 10.96 0.64 0.36
60800 10 2 0.006 0.203 0.331 0.91 0.15 26 1 47.2 76.94 0 0.5
60800 10 2 0.093 0.002 0.055 0.93 0.167 99 1 111.52 6.56 0.46 0.72
60800 10 2 0.074 0.432 0.028 1 0.046 25 978 26.16 1016.34 0 0
60800 10 2 0.103 0.438 0.368 0.862 0.678 106 1 117.48 4.8 0.7 0.9
60800 10 2 0.1 0.227 0.273 0.905 0.859 102 2 108.14 10.7 0.22 0.58
60800 10 2 0.039 0.224 0.241 0.807 0.727 89 0 103.3 6.48 0.28 0.74
60800 10 2 0.09 0.054 0.161 0.994 0.493 111 0 118.72 7.68 0.94 0.6
60800 10 2 0.059 0.282 0.154 0.802 0.453 43 11 54.98 49.24 0 0
60800 10 2 0.083 0.49 0.459 0.854 0.673 99 0 110.42 4.02 0.48 0.8
60800 10 2 0.095 0.199 0.327 0.922 0.543 99 2 105.92 9.72 0.04 0.54
60800 10 2 0.045 0.403 0.024 0.754 0.675 65 0 80.5 25.5 0 0.52
60800 10 2 0.113 0.195 0.135 0.908 0.719 93 0 106.28 11.52 0.34 0.48
60800 10 2 0.008 0.263 0.02 0.955 0.448 25 643 29.34 916.52 0 0
60800 10 2 0.006 0.024 0.179 0.916 0.985 87 0 101.38 10.14 0.14 0.54
60800 10 2 0.06 0.463 0.261 0.858 0.575 74 0 91.6 14.16 0 0.68
60800 10 2 0.03 0.44 0.42 0.864 0.134 26 14 39.1 179.12 0 0
60800 10 2 0.035 0.215 0.11 0.934 0.405 28 26 43.46 156.12 0 0
60800 10 2 0.021 0.301 0.217 0.783 0.286 26 2 48.18 61.7 0 0.42
60800 10 2 0.051 0.314 0.378 0.955 0.154 26 16 46.1 145.54 0 0
60800 10 2 0.078 0.368 0.408 0.884 0.157 29 9 45.94 98.16 0 0.1
60800 10 2 0.075 0.092 0.499 0.974 0.714 82 1 102.22 12.62 0.4 0.6
60800 10 2 0.017 0.477 0.402 0.956 0.293 37 2 61.12 28.48 0 0.56
60800 10 2 0.007 0.019 0.191 0.856 0.158 81 0 110.66 12.34 0.56 0.64
60800 10 2 0.077 0.2 0.071 0.864 0.017 25 929 26.06 1053.36 0 0
60800 10 2 0.032 0.207 0.394 0.96 0.85 99 0 115.02 10.22 0.54 0.64
60800 10 2 0.002 0.305 0.075 0.853 0.012 25 1034 26.26 1102.92 0 0
60800 10 2 0.024 0.008 0.259 0.764 0.384 97 0 110.94 10.82 0.4 0.62
60800 10 2 0.102 0.386 0.158 0.977 0.246 25 389 33.18 632.72 0 0
60800 10 2 0.042 0.025 0.414 0.965 0.247 107 0 113.38 7.2 0.46 0.64
60800 10 2 0.035 0.413 0.481 0.965 0.748 90 1 103.68 10.74 0.16 0.5
60800 10 2 0.026 0.178 0.046 0.897 0.896 150 0 150 0 1 1
60800 10 2 0.023 0.378 0.22 0.875 0.864 96 1 118.2 4.3 0.66 0.92
60800 10 2 0.101 0.386 0.346 0.928 0.314 31 6 55.16 40.5 0 0.5
60800 10 2 0.031 0.385 0.222 0.988 0.265 30 6 53.16 72.06 0 0.14
60800 10 2 0.113 0.288 0.071 0.865 0.35 25 340 30.9 505.12 0 0
60800 10 2 0.059 0.334 0.077 0.91 0.592 43 1 61.48 34.18 0 0.52
60800 10 2 0.106 0.11 0.42 0.927 0.744 80 0 100.08 8.32 0.18 0.78
60800 10 2 0.086 0.336 0.188 0.814 0.803 118 1 123.26 7.26 1 0.78
60800 10 2 0.071 0.445 0.07 0.807 0.496 25 65 32.02 353.42 0 0
60800 10 2 0.028 0.157 0.125 0.854 0.317 29 8 45.18 106.34 0 0.04
60800 10 2 0.071 0.055 0.438 0.986 0.852 106 1 119.02 8.2 0.84 0.56
60800 10 2 0.03 0.062 0.413 0.819 0.951 89 0 106.74 13.7 0.46 0.56
60800 10 2 0.028 0.423 0.323 0.815 0.218 28 1 47.06 77.62 0 0.52
60800 10 2 0.023 0.419 0.054 0.862 0.468 25 140 35.8 347.44 0 0
60800 10 2 0.026 0.487 0.115 0.791 0.133 25 484 26.56 822.96 0 0
60800 10 2 0.03 0.282 0.285 0.98 0.145 27 103 39.3 202.68 0 0
60800 10 2 0.054 0.065 0.358 0.913 0.953 84 0 98.86 11.34 0 0.62
60800 10 2 0.069 0.204 0.175 0.994 0.915 108 1 116.1 8.36 0.7 0.54
60800 10 2 0.061 0.162 0.49 0.882 0.616 93 2 103.54 5.96 0.18 0.78
60800 10 2 0.039 0.15 0.484 0.768 0.561 76 2 107.78 17.06 0.48 0.6
60800 10 2 0.029 0.162 0.192 0.851 0.236 48 5 65.52 39.2 0 0.3
60800 10 2 0.055 0.254 0.149 0.979 0.075 25 430 28.08 716.6 0 0
60800 10 2 0.07 0.074 0.089 0.763 0.837 95 0 105.2 9.7 0.02 0.6
60800 10 2 0.011 0.027 0.09 0.967 0.661 106 0 110.4 8.48 0.26 0.66
60800 10 2 0.077 0.386 0.462 0.959 0.032 25 231 27.76 768.92 0 0
60800 10 2 0.08 0.116 0.065 0.753 0.308 25 239 30.04 439.16 0 0
60800 10 2 0.049 0.376 0.397 0.949 0.589 99 0 109.14 8.38 0.32 0.68
60800 10 2 0.017 0.321 0.454 0.851 0.805 102 0 111.78 5.78 0.62 0.66
60800 10 2 0.072 0.07 0.409 0.766 0.266 108 0 115.7 9.06 0.78 0.56
60800 10 2 0.034 0.44 0.065 0.971 0.684 81 7 92.22 23.56 0 0.06
60800 10 2 0.043 0.222 0.124 0.84 0.178 25 916 26.14 991.26 0 0
60800 10 2 0.068 0.172 0.16 0.885 0.416 48 1 64.32 35.36 0 0.14
60800 10 2 0.111 0.332 0.443 0.821 0.666 100 1 110.22 10.54 0.38 0.48
60800 10 2 0.01 0.035 0.342 0.906 0.406 90 0 100.62 10.9 0.04 0.6
60800 10 2 0.035 0.124 0.398 0.999 0.12 46 10 60.36 61.98 0 0
60800 10 2 0.081 0.091 0.412 0.929 0.25 98 0 109.26 10.26 0.44 0.54
60800 10 2 0.089 0.296 0.241 0.887 0.068 25 734 26.24 945.76 0 0
60800 10 2 0.072 0.012 0.27 0.908 0.725 85 3 100.02 8.78 0.12 0.76
60800 10 2 0.036 0.418 0.221 0.849 0.563 73 1 92.86 27.12 0 0.3
60800 10 2 0.096 0.453 0.223 0.93 0.495 49 1 69.64 20.2 0 0.44
60800 10 2 0.001 0.288 0.042 0.771 0.608 33 1 55.9 34.26 0 0.62
60800 10 2 0.112 0.3 0.101 0.894 0.794 87 0 99.96 8.34 0.1 0.64
60800 10 2 0.09 0.491 0.25 0.786 0.983 96 0 106.44 13.06 0.32 0.52
60800 10 2 0.068 0.33 0.193 0.832 0.266 25 2 36.42 158.24 0 0.28
60800 10 2 0.07 0.453 0.017 0.966 0.689 60 4 86.74 30.76 0 0.44
60800 10 2 0.108 0.253 0.348 0.922 0.408 75 1 87 15.12 0 0.5
60800 10 2 0.044 0.148 0.014 0.82 0.717 65 1 81.02 21.94 0 0.34
60800 10 2 0.066 0.496 0.386 0.926 0.239 30 3 47.12 111.2 0 0.08
60800 10 2 0.052 0.449 0.431 0.936 0.088 25 5 41.22 219.84 0 0.2
60800 10 2 0.023 0.057 0.367 0.774 0.062 44 0 63.38 39.08 0 0.58
60800 10 2 0.09 0.052 0.357 1 0.857 86 0 99.48 6.38 0.12 0.74
60800 10 2 0.093 0.358 0.441 0.755 0.789 114 0 120.22 7.44 1 0.76
60800 10 2 0.066 0.09 0.421 0.901 0.35 105 0 112 9.06 0.5 0.52
60800 10 2 0.055 0.383 0.195 0.9 0.366 29 2 49.9 47.1 0 0.44
60800 10 2 0.038 0.489 0.496 0.852 0.77 108 2 118.86 11.36 0.76 0.54
60800 10 2 0.025 0.23 0.115 0.864 0.178 25 321 31.54 386.6 0 0
60800 10 2 0.118 0.334 0.338 0.864 0.779 82 0 101.6 12.54 0.24 0.62
60800 10 2 0.094 0.25 0.142 0.777 0.7 83 1 100.68 7.5 0 0.6
60800 10 2 0.118 0.398 0.429 0.95 0.482 85 0 95.54 12.24 0 0.6
60800 10 2 0.078 0.334 0.354 0.892 0.52 80 0 94.54 13.92 0 0.52
60800 10 2 0.041 0.349 0.078 0.938 0.31 25 631 26.5 845 0 0
60800 10 2 0.053 0.118 0.359 0.912 0.325 68 0 91.44 5.92 0 0.78
60800 10 2 0.024 0.375 0.087 0.961 0.033 25 867 26.5 1190.12 0 0
60800 10 2 0.007 0.201 0.327 0.938 0.53 88 0 104.64 14.88 0.22 0.48
60800 10 2 0.094 0.248 0.108 0.86 0.916 150 0 150 0 1 1
60800 10 2 0.055 0.325 0.351 0.988 0.518 84 1 101.28 12.14 0.1 0.58
60800 10 2 0.093 0.492 0.323 0.834 0.542 72 1 95.64 10.66 0.06 0.66
60800 10 2 0.059 0.434 0.066 0.832 0.604 28 2 48.1 45.34 0 0.4
60800 10 2 0.03 0.27 0.346 0.84 0.087 25 3 37.8 187.84 0 0.36
60800 10 2 0.078 0.496 0.096 0.92 0.674 75 1 89.9 20.64 0.04 0.36
60800 10 2 0.089 0.306 0.066 0.767 0.495 28 166 33.88 307.64 0 0
60800 10 2 0.119 0.402 0.241 0.833 0.246 25 214 28.22 360.52 0 0
60800 10 2 0.051 0.42 0.383 0.933 0.409 68 1 81.94 17.5 0 0.2
60800 10 2 0.043 0.348 0.126 0.955 0.421 35 84 41.78 138.04 0 0
60800 10 2 0.065 0.338 0.474 0.925 0.904 100 0 110.04 7.66 0.58 0.64
60800 10 2 0.08 0.023 0.345 0.773 0.228 110 3 123.38 10.86 0.88 0.52
60800 10 2 0.103 0.22 0.121 0.832 0.312 26 58 39.66 254.86 0 0
60800 10 2 0.033 0.387 0.072 0.769 0.792 72 0 91.28 16.04 0.08 0.56
60800 10 2 0.041 0.036 0.171 0.763 0.467 95 0 105.04 7.66 0.22 0.62
60800 10 2 0.003 0.134 0.244 0.872 0.193 28 1 51.08 65.08 0 0.58
60800 10 2 0.032 0.026 0.027 0.751 0.311 29 3 42.56 33.38 0 0.44
60800 10 2 0.034 0.392 0.452 0.99 0.522 114 1 123.62 11.24 1 0.36
60800 10 2 0.117 0.38 0.259 0.777 0.493 65 2 79.76 23.66 0 0.34
60800 10 2 0.114 0.317 0.157 0.95 0.894 102 0 114.2 6.18 0.68 0.74
60800 10 2 0.07 0.463 0.353 0.928 0.244 25 3 38.44 98.78 0 0.26
60800 10 2 0.05 0.324 0.334 0.874 0.604 114 0 121.6 7.2 1 0.72
60800 10 2 0.094 0.404 0.017 0.985 0.903 105 0 112.62 9.42 0.42 0.7
60800 10 2 0.104 0.455 0.36 0.756 0.805 110 0 114 6.3 0.7 0.74
60800 10 2 0.087 0.396 0.024 0.828 0.284 25 521 26.54 1011.06 0 0
60800 10 2 0.066 0.448 0.201 0.858 0.329 25 4 36.16 183.6 0 0.36
60800 10 2 0.112 0.119 0.363 0.857 0.843 109 0 115.38 6.32 0.84 0.82
60800 10 2 0.058 0.164 0.17 0.885 0.974 101 1 112.34 10.32 0.54 0.58
60800 10 2 0.119 0.039 0.327 0.991 0.395 99 0 111.56 9.52 0.5 0.66
60800 10 2 0.09 0.451 0.199 0.857 0.545 36 0 65.98 18.68 0 0.66
60800 10 2 0.036 0.164 0.374 0.786 0.953 93 1 107.72 7.56 0.32 0.7
60800 10 2 0.035 0.082 0.138 0.992 0.445 93 0 105.22 16.06 0 0.26
60800 10 2 0.082 0.302 0.414 0.758 0.284 64 0 74.02 17.2 0 0.34
60800 10 2 0.105 0.265 0.474 0.751 0.592 87 0 108.18 13.44 0.42 0.62
60800 10 2 0.021 0.423 0.298 0.855 0.331 47 4 61.18 39.42 0 0.36
60800 10 2 0.004 0.403 0.387 0.839 0.379 54 1 86.3 21.9 0 0.66
60800 10 2 0.071 0.387 0.451 0.852 0.882 92 1 99.8 10.04 0 0.48
60800 10 2 0.102 0.18 0.193 0.944 0.736 83 0 105.46 13.8 0.36 0.58
60800 10 2 0.087 0.275 0.081 0.949 0.753 78 1 94.54 12.64 0 0.58
60800 10 2 0.036 0.471 0.257 0.836 0.797 100 1 110.08 8.14 0.34 0.6
60800 10 2 0.009 0.436 0.295 0.927 0.437 62 0 77.64 24.18 0 0.24
60800 10 2 0.073 0.324 0.128 0.889 0.799 88 1 107.68 9.1 0.38 0.76
60800 10 2 0.053 0.487 0.42 0.875 0.288 42 3 52.14 49.52 0 0.4
60800 10 2 0.081 0.243 0.221 0.806 0.656 80 0 101.18 15.8 0.22 0.62
60800 10 2 0.04 0.017 0.147 0.888 0.659 99 1 110.32 13.24 0.3 0.48
60800 10 2 0.1 0.467 0.239 0.914 0.222 27 166 34.1 329.04 0 0
60800 10 2 0.025 0.448 0.289 0.752 0.033 25 411 29.62 664.3 0 0
60800 10 2 0.049 0.307 0.357 0.92 0.94 108 1 119.14 9.74 0.8 0.72
60800 10 2 0.058 0.5 0.164 0.908 0.766 91 1 103.2 13.3 0.02 0.62
60800 10 2 0.106 0.17 0.013 0.8 0.587 52 7 68.2 33.16 0 0.02
60800 10 2 0.045 0.361 0.461 0.818 0.07 25 6 40.66 181.82 0 0.06
60800 10 2 0.043 0.06 0.22 0.811 0.37 78 0 102.48 14.64 0.4 0.54
60800 10 2 0.09 0.024 0.404 0.894 0.93 88 1 108.14 3.76 0.48 0.88
60800 10 2 0.116 0.025 0.437 0.817 0.737 112 2 116.96 13.82 0.92 0.2
60800 10 2 0.021 0.122 0.091 0.964 0.127 25 563 26.06 895.1 0 0
60800 10 2 0.056 0.285 0.403 0.921 0.924 95 0 110.02 9.64 0.48 0.7
60800 10 2 0.095 0.187 0.341 0.793 0.523 91 0 101.7 11.82 0.2 0.52
60800 10 2 0.053 0.192 0.393 0.962 0.759 89 0 106.4 9.3 0.4 0.68
60800 10 2 0.093 0.028 0.242 0.763 0.346 84 1 102.28 14.2 0.34 0.6
60800 10 2 0.102 0.119 0.052 0.904 0.246 25 484 29.62 665.64 0 0
60800 10 2 0.107 0.105 0.281 0.954 0.616 109 1 119.72 5.9 0.8 0.7
60800 10 2 0.094 0.277 0.49 0.94 0.204 56 1 74.18 25.64 0 0.46
60800 10 2 0.048 0.354 0.014 0.853 0.39 25 681 31.12 814.7 0 0
60800 10 2 0.049 0.407 0.415 0.77 0.909 102 1 113.12 12.3 0.42 0.48
60800 10 2 0.069 0.425 0.148 0.891 0.854 88 0 103.72 7.72 0.28 0.72
60800 10 2 0.024 0.353 0.315 0.93 0.267 43 6 57.04 42.48 0 0.28
60800 10 2 0.018 0.059 0.474 0.81 0.693 85 0 105.08 5.28 0.4 0.8
60800 10 2 0.099 0.349 0.055 0.974 0.505 27 161 33.2 297.38 0 0
60800 10 2 0.061 0.389 0.19 0.845 0.877 94 0 107.64 10.3 0.32 0.7
60800 10 2 0.056 0.369 0.079 0.81 0.267 25 523 31.8 766.12 0 0
60800 10 2 0.043 0.241 0.16 0.816 0.173 25 21 33.34 270.5 0 0
60800 10 2 0.067 0.045 0.162 0.909 0.17 72 1 89.48 19.88 0 0.58
60800 10 2 0.1 0.458 0.266 0.858 0.978 86 0 103.24 9.98 0.24 0.76
60800 10 2 0.089 0.262 0.387 0.793 0.585 87 0 106.18 7.7 0.44 0.6
60800 10 2 0.009 0.384 0.109 0.772 0.84 87 0 103.7 10.78 0.06 0.66
60800 10 2 0.08 0.217 0.26 0.871 0.433 74 7 86.6 27.8 0 0.06
60800 10 2 0.063 0.348 0.312 0.978 0.565 91 0 101.04 11.66 0 0.52
60800 10 2 0.038 0.194 0.432 0.839 0.381 92 1 101.46 12.08 0 0.54
60800 10 2 0.017 0.002 0.207 0.789 0.963 105 0 111.68 10.14 0.42 0.48
60800 10 2 0.086 0.169 0.336 0.773 0.641 93 1 108.06 15.24 0.38 0.54
60800 10 2 0.076 0.331 0.113 0.793 0.69 64 0 92.1 19.8 0 0.48
60800 10 2 0.055 0.31 0.177 0.933 0.287 28 3 36.2 184.52 0 0.04
60800 10 2 0.019 0.124 0.027 0.98 0.304 25 658 27.92 872.46 0 0
60800 10 2 0.06 0.441 0.199 0.928 0.019 25 1113 26.54 1152.02 0 0
60800 10 2 0.012 0.284 0.115 0.886 0.384 31 3 45.3 81.96 0 0.3
60800 10 2 0.045 0.086 0.409 0.824 0.479 69 2 103.3 16.96 0.38 0.64
60800 10 2 0.042 0.281 0.186 0.819 0.756 92 0 109.04 7.42 0.36 0.8
60800 10 2 0.034 0.334 0.159 0.936 0.059 25 592 26.3 847.58 0 0
60800 10 2 0.011 0.113 0.41 0.82 0.487 110 0 116.88 11.4 0.84 0.4
60800 10 2 0.092 0.437 0.015 0.82 0.336 25 576 31.48 779.48 0 0
60800 10 2 0.003 0.093 0.376 0.855 0.142 51 2 72.88 27.08 0 0.48
60800 10 2 0.115 0.028 0.093 0.93 0.174 104 0 113.44 11.66 0.6 0.5
60800 10 2 0.06 0.024 0.127 0.988 0.312 74 0 99.34 13.44 0.34 0.68
60800 10 2 0.067 0.256 0.193 0.884 0.2 25 4 41.68 176.4 0 0.16
60800 10 2 0.104 0.484 0.11 0.764 0.681 70 1 98.6 8.14 0.28 0.68
60800 10 2 0.034 0.129 0.338 0.866 0.741 109 1 124.86 6.06 0.88 0.8
60800 10 2 0.107 0.045 0.051 0.908 0.676 100 1 109.24 9.26 0.32 0.58
60800 10 2 0.055 0.395 0.16 0.751 0.939 110 0 118.1 4.84 0.82 0.86
60800 10 2 0.111 0.093 0.153 0.862 0.664 73 0 104.38 17.1 0.46 0.6
60800 10 2 0.025 0.378 0.085 0.803 0.819 88 0 100.84 12.18 0.1 0.52
60800 10 2 0.029 0.443 0.228 0.964 0.761 83 0 108.78 13.78 0.48 0.64
60800 10 2 0.003 0.476 0.358 0.884 0.442 67 0 94.08 20.8 0 0.5
60800 10 2 0.089 0.441 0.259 0.797 0.682 91 1 104.24 13.42 0.26 0.66
60800 10 1 0.072 0.107 0.183 0.997 0.14 26 42 34.84 237.36 0 0
60800 10 1 0.117 0.427 0.421 0.968 0.102 25 117 33.5 363.92 0 0
60800 10 1 0.112 0.355 0.207 0.927 0.477 43 5 60.52 32.68 0 0.24
60800 10 1 0.092 0.441 0.131 0.959 0.882 97 2 105.62 14.9 0.12 0.46
60800 10 1 0.079 0.206 0.458 0.939 0.232 65 2 82.92 16.16 0 0.62
60800 10 1 0.067 0.279 0.484 0.872 0.241 63 2 75.28 20.62 0 0.56
60800 10 1 0.095 0.428 0.292 0.946 0.153 25 285 27.54 473.36 0 0
60800 10 1 0.036 0.302 0.176 0.854 0.29 25 5 41.1 174.94 0 0.1
60800 10 1 0.082 0.088 0.394 0.907 0.658 89 1 107.7 11.52 0.38 0.54
60800 10 1 0.067 0.345 0.182 0.754 0.344 25 8 41.38 180.52 0 0.32
60800 10 1 0.096 0.13 0.18 0.953 0.1 25 390 27.38 718.34 0 0
60800 10 1 0.047 0.034 0.033 0.783 0.987 95 0 111.28 4.5 0.5 0.82
60800 10 1 0.024 0.218 0.297 0.764 0.393 78 2 86.86 25.84 0 0.12
60800 10 1 0.092 0.468 0.392 0.982 0.47 66 2 91 9.12 0 0.7
60800 10 1 0.001 0.029 0.131 0.758 0.88 100 3 106.6 17.54 0 0.34
60800 10 1 0.095 0.071 0.29 0.936 0.829 83 0 99.94 10.84 0.02 0.72
60800 10 1 0.086 0.407 0.173 0.849 0.597 72 2 79.38 23.72 0 0.2
60800 10 1 0.103 0.154 0.142 0.998 0.088 25 713 26.54 966.94 0 0
60800 10 1 0.036 0.362 0.426 0.821 0.177 31 4 46.42 41.22 0 0.28
60800 10 1 0.088 0.003 0.092 0.893 0.523 81 2 105.3 8.58 0.44 0.74
60800 10 1 0.009 0.195 0.298 0.783 0.973 90 1 99.44 12.52 0 0.5
60800 10 1 0.074 0.212 0.068 0.864 0.731 86 5 98.4 19.7 0 0.28
60800 10 1 0.006 0.281 0.06 0.773 0.922 70 1 96.44 16.38 0.18 0.68
60800 10 1 0.025 0.396 0.328 0.889 0.634 80 0 95.46 11.58 0.16 0.5
60800 10 1 0.044 0.435 0.298 0.896 0.791 104 3 113.02 14.02 0.46 0.5
60800 10 1 0.006 0.453 0.175 0.926 0.025 25 652 26.74 895.36 0 0
60800 10 1 0.119 0.422 0.205 0.947 0.117 25 686 27.9 816.12 0 0
60800 10 1 0.029 0.113 0.423 0.791 0.033 25 6 36.48 181.4 0 0.28
60800 10 1 0.027 0.291 0.112 0.85 0.683 63 2 78.36 18.46 0 0.56
60800 10 1 0.085 0.442 0.428 0.774 0.503 92 0 101.56 12.4 0 0.5
60800 10 1 0.024 0.449 0.065 0.909 0.578 38 26 44.7 95.38 0 0
60800 10 1 0.084 0.094 0.474 0.875 0.066 52 1 69.16 43.84 0 0.46
60800 10 1 0.086 0.159 0.187 0.878 0.18 29 41 35 134.92 0 0
60800 10 1 0.011 0.39 0.282 0.808 0.44 50 1 75.6 27.82 0 0.6
60800 10 1 0.115 0.486 0.497 0.966 0.024 25 168 35.24 564.96 0 0
60800 10 1 0.078 0.015 0.146 0.865 0.992 96 1 106.4 10.18 0.12 0.62
60800 10 2 0.035 0.456 0.161 0.899 0.655 81 1 94.02 17.6 0.1 0.48
60800 10 2 0.015 0.499 0.461 0.895 0.029 28 204 32.24 270.88 0 0
60800 10 2 0.043 0.069 0.274 0.908 0.736 77 2 97.04 14.76 0 0.6
60800 10 2 0.119 0.214 0.301 0.828 0.337 81 1 101.26 17.42 0.12 0.4
60800 10 2 0.045 0.085 0.124 0.941 0.333 53 3 60.48 39.14 0 0.16
60800 10 2 0.064 0.225 0.237 0.82 0.197 28 48 37.46 176.3 0 0
60800 10 2 0.004 0.319 0.06 0.946 0.984 89 0 104.48 13.28 0.24 0.56
60800 10 2 0.007 0.262 0.433 0.758 0.423 80 1 98.74 11.46 0.08 0.7
60800 10 2 0.063 0.121 0.287 0.798 0.36 82 3 96.08 17.46 0.06 0.36
60800 10 2 0.106 0.404 0.013 0.836 0.733 81 4 95.06 24.44 0 0.3
60800 10 2 0.021 0.112 0.418 0.944 0.71 99 0 109.3 10.2 0.3 0.54
60800 10 2 0.097 0.434 0.23 0.932 0.224 25 60 30.74 314.36 0 0
60800 10 2 0.06 0.04 0.221 0.788 0.495 105 1 117.24 6.66 0.68 0.66
60800 10 2 0.094 0.306 0.033 0.899 0.489 25 374 29.14 574.22 0 0
60800 10 2 0.049 0.47 0.222 0.941 0.789 92 0 106.54 7.6 0.32 0.76
60800 10 2 0.067 0.085 0.158 0.842 0.945 96 3 115.68 14.54 0.52 0.28
60800 10 2 0.06 0.195 0.241 0.758 0.792 101 0 110.06 9.12 0.28 0.5
60800 10 2 0.105 0.138 0.459 0.764 0.287 110 1 115.96 6.92 0.68 0.78
60800 10 2 0.055 0.437 0.34 0.894 0.338 43 1 63.44 52.02 0 0.38
60800 10 2 0.077 0.261 0.085 0.75 0.307 25 516 30.12 651.32 0 0
60800 10 2 0.072 0.017 0.331 0.8 0.509 100 1 108.08 9.82 0.14 0.62
60800 10 2 0.119 0.229 0.173 0.845 0.125 25 575 29.02 742.28 0 0
60800 10 2 0.105 0.11 0.422 0.948 0.551 86 1 103.14 14.88 0.36 0.56
60800 10 2 0.064 0.182 0.137 0.797 0.054 25 775 27.34 852.62 0 0
60800 10 2 0.069 0.316 0.194 0.824 0.243 27 41 42.4 189.54 0 0
60800 10 2 0.051 0.216 0.197 0.921 0.037 25 1040 26.26 1078.52 0 0
60800 10 2 0.07 0.438 0.081 0.89 0.387 25 600 29.62 660.4 0 0
60800 10 2 0.034 0.239 0.234 0.801 0.357 53 1 69.92 44.5 0 0.18
60800 10 2 0.018 0.459 0.294 0.785 0.701 101 0 116.58 10.34 0.56 0.54
60800 10 2 0.085 0.295 0.236 0.99 0.286 28 3 53.98 58.92 0 0.62
60800 10 2 0.003 0.457 0.297 0.864 0.907 101 0 115.62 5.42 0.62 0.7
60800 10 2 0.077 0.081 0.302 0.991 0.913 73 1 93.3 12.88 0 0.68
60800 10 2 0.075 0.401 0.15 0.908 0.01 25 777 28.12 1006.08 0 0
60800 10 2 0.096 0.046 0.01 0.834 0.76 82 2 98.44 11.64 0.02 0.78
60800 10 2 0.09 0.25 0.097 0.83 0.023 25 808 26.92 987.1 0 0
60800 10 2 0.119 0.056 0.071 0.914 0.929 150 0 150 0 1 1
60800 10 2 0.021 0.047 0.406 0.801 0.064 61 0 73.8 11.18 0 0.72
60800 10 2 0.065 0.36 0.057 0.781 0.538 32 63 38.18 212.6 0 0
60800 10 2 0.082 0.206 0.136 0.938 0.985 94 0 110.06 5.26 0.48 0.8
60800 10 2 0.071 0.264 0.293 0.868 0.894 103 2 113.08 8.72 0.64 0.54
60800 10 2 0.003 0.317 0.108 0.909 0.739 98 5 102.7 15.92 0 0.26
60800 10 2 0.015 0.115 0.422 0.801 0.752 93 0 110.52 15.04 0.4 0.52
60800 10 2 0.015 0.096 0.45 0.876 0.586 150 0 150 0 1 1
60800 10 2 0.057 0.159 0.434 0.781 0.369 90 2 99.82 11.98 0 0.5
60800 10 2 0.012 0.472 0.372 0.993 0.262 27 3 47.96 37.7 0 0.22
60800 10 2 0.095 0.072 0.051 0.757 0.546 92 0 102.38 16.46 0 0.3
60800 10 2 0.001 0.318 0.145 0.989 0.182 35 44 47.14 140.92 0 0
60800 10 2 0.065 0.021 0.195 0.754 0.161 100 1 107.04 8.66 0.22 0.64
60800 10 2 0.059 0.429 0.492 0.972 0.725 97 2 112.94 10.08 0.62 0.62
60800 10 2 0.06 0.039 0.195 0.796 0.038 25 7 42.02 195.18 0 0.22
60800 10 2 0.11 0.176 0.088 0.861 0.132 25 510 28.84 847.98 0 0
60800 10 2 0.096 0.294 0.079 0.986 0.348 25 229 30.64 715.5 0 0
60800 10 2 0.108 0.387 0.11 0.901 0.471 30 16 42.72 138.42 0 0
60800 10 2 0.088 0.193 0.079 0.871 0.183 25 422 30.18 758.06 0 0
60800 10 2 0.116 0.11 0.156 0.998 0.788 77 0 100.86 13.9 0.28 0.64
60800 10 2 0.028 0.463 0.02 0.991 0.486 25 832 26.66 981.18 0 0
60800 10 2 0.076 0.33 0.03 0.886 0.045 25 1200 26.22 1282.78 0 0
60800 10 2 0.117 0.131 0.205 0.904 0.26 40 20 54.8 52.02 0 0
60800 10 2 0.053 0.134 0.4 0.95 0.247 64 0 96.84 21.24 0.44 0.58
60800 10 2 0.087 0.318 0.131 0.955 0.29 25 492 28.34 781.18 0 0
60800 10 2 0.114 0.365 0.431 0.979 0.529 101 0 112.92 6.88 0.6 0.68
60800 10 2 0.056 0.196 0.362 0.772 0.442 89 3 97.86 15.6 0 0.36
60800 10 2 0.034 0.133 0.234 0.993 0.284 39 2 61.66 23.98 0 0.5
60800 10 2 0.04 0.049 0.095 0.791 0.604 94 1 112 14.4 0.48 0.4
60800 10 2 0.085 0.058 0.357 0.893 0.57 103 2 116.4 10.18 0.74 0.5
60800 10 2 0.07 0.119 0.001 0.851 0.05 25 1065 26.1 1102.08 0 0
60800 10 2 0.089 0.037 0.073 0.936 0.441 133 0 137.78 1.88 1 1
60800 10 2 0.048 0.483 0.281 0.963 0.828 109 1 116.74 12.2 0.68 0.54
60800 10 2 0.049 0.088 0.078 0.768 0.376 28 1 44.14 114.16 0 0.32
60800 10 2 0.092 0.32 0.328 0.908 0.474 62 0 85.04 6.1 0 0.84
60800 10 2 0.039 0.084 0.09 0.978 0.474 65 3 84.88 23.84 0 0.48
60800 10 2 0.019 0.332 0.461 0.948 0.446 92 1 99.94 10.84 0 0.5
60800 10 2 0.076 0.327 0.468 0.968 0.914 98 0 111.82 9.96 0.5 0.66
60800 10 2 0.092 0.413 0.301 0.971 0.04 25 941 26.36 1097.06 0 0
60800 10 2 0.005 0.466 0.083 0.937 0.769 74 0 98.52 16.84 0.08 0.48
60800 10 2 0.029 0.419 0.264 0.958 0.599 71 1 92.56 16.26 0 0.5
60800 10 2 0.044 0.02 0.162 0.871 0.021 25 17 36.74 141.56 0 0
60800 10 2 0.01 0.027 0.119 0.85 0.792 93 1 103.4 12 0.14 0.54
60800 10 2 0.05 0.354 0.033 0.88 0.321 25 123 29.22 825.14 0 0
60800 10 2 0.036 0.133 0.474 0.797 0.253 101 1 113.06 7.62 0.54 0.64
60800 10 2 0.104 0.425 0.062 0.794 0.641 54 3 75.12 26.04 0 0.56
60800 10 2 0.042 0.064 0.131 0.822 0.831 100 1 110.66 11.74 0.5 0.54
60800 10 2 0.006 0.117 0.309 0.868 0.31 69 1 91.96 14 0 0.66
60800 10 2 0.061 0.4 0.205 0.843 0.319 27 12 41.68 122.28 0 0
60800 10 2 0.083 0.131 0.065 0.784 0.735 95 1 102.08 11.84 0.12 0.46
60800 10 2 0.017 0.298 0.274 0.99 0.68 119 2 125.88 8.74 1 0.64
60800 10 2 0.105 0.403 0.187 0.763 0.069 25 952 26.32 1039.92 0 0
60800 10 2 0.045 0.186 0.432 0.937 0.14 34 2 52.9 58.14 0 0.24
60800 10 2 0.112 0.343 0.254 0.886 0.434 53 7 65.26 35.36 0 0.28
60800 10 2 0.086 0.409 0.02 0.788 0.398 25 550 31.52 906.26 0 0
60800 10 2 0.093 0.27 0.002 0.977 0.222 25 1005 26.14 1043.42 0 0
60800 10 2 0.055 0.146 0.004 0.939 0.466 25 606 27.94 751.68 0 0
60800 10 2 0.025 0.344 0.33 0.807 0.216 26 4 49.7 107.04 0 0.38
60800 10 2 0.08 0.239 0.068 0.988 0.721 64 1 82.96 14.18 0 0.56
60800 10 2 0.113 0.459 0.333 0.815 0.245 25 4 39.6 204.12 0 0.06
60800 10 2 0.103 0.163 0.118 0.777 0.452 50 1 62.02 38.34 0 0.36
60800 10 2 0.107 0.044 0.221 0.788 0.477 108 0 115.96 10.76 0.68 0.52
60800 10 2 0.047 0.305 0.33 0.97 0.079 25 51 37.86 343.06 0 0
60800 10 2 0.046 0.284 0.495 0.862 0.188 65 6 76.82 29.06 0 0.32
60800 10 2 0.054 0.003 0.108 0.845 0.211 91 0 108.92 10.5 0.44 0.58
60800 10 2 0.034 0.078 0.466 0.841 0.614 102 0 114.5 4.98 0.68 0.86
60800 10 2 0.013 0.108 0.44 0.982 0.726 94 0 116.68 9.94 0.6 0.56
60800 10 2 0.077 0.087 0.433 0.916 0.988 103 0 111.66 8.66 0.52 0.5
60800 10 2 0.085 0.058 0.445 0.774 0.451 115 0 123.1 6.14 1 0.82
60800 10 2 0.088 0.012 0.464 0.94 0.805 109 4 117.26 13.92 0.84 0.34
60800 10 2 0.075 0.28 0.487 0.88 0.497 78 0 96.64 12.62 0 0.66
60800 10 2 0.097 0.296 0.14 0.91 0.256 28 430 31.9 522.66 0 0
60800 10 2 0.071 0.271 0.107 0.952 0.681 72 1 88.46 18.2 0 0.64
60800 10 2 0.074 0.052 0.072 0.962 0.141 26 168 33.38 318.32 0 0
60800 10 2 0.081 0.373 0.158 0.795 0.586 62 5 75.7 26.06 0 0.38
60800 10 2 0.04 0.282 0.083 0.763 0.728 73 1 92.76 7.26 0 0.72
60800 10 2 0.114 0.233 0.11 0.879 0.439 29 2 42.18 62.04 0 0.12
60800 10 2 0.017 0.26 0.154 0.841 0.907 108 1 117.04 12.18 0.76 0.4
60800 10 2 0.076 0.189 0.376 0.909 0.133 31 2 50.3 84.36 0 0.34
60800 10 2 0.016 0.103 0.196 0.934 0.475 80 1 90.34 15.54 0 0.4
60800 10 2 0.045 0.448 0.253 0.985 0.49 52 1 74.48 18.7 0 0.76
60800 10 2 0.063 0.265 0.053 0.849 0.393 25 473 34.8 614.78 0 0
60800 10 2 0.07 0.015 0.432 0.998 0.514 104 1 111.58 7.18 0.34 0.66
60800 10 2 0.016 0.119 0.367 0.795 0.057 27 6 44.92 156.54 0 0.14
60800 10 2 0.076 0.05 0.001 0.97 0.623 92 4 105.34 12.56 0.14 0.54
60800 10 2 0.075 0.416 0.014 0.916 0.867 89 0 101.52 10.48 0 0.56
60800 10 2 0.045 0.376 0.5 0.877 0.69 102 0 107.94 6.94 0.14 0.76
60800 10 2 0.115 0.16 0.039 0.804 0.734 85 0 99.36 11.66 0 0.54
60800 10 2 0.061 0.078 0.45 0.967 0.47 101 1 110.84 10.32 0.36 0.4
60800 10 2 0.03 0.068 0.059 0.795 0.039 25 1124 26.32 1155.46 0 0
60800 10 2 0.089 0.417 0.114 0.881 0.032 25 690 27.66 892.28 0 0
60800 10 2 0.058 0.351 0.396 0.865 0.724 103 1 112.44 9.44 0.52 0.48
60800 10 2 0.027 0.429 0.277 0.819 0.458 70 0 80.7 19.36 0 0.46
60800 10 2 0.059 0.378 0.455 0.981 0.325 79 2 90.36 21 0 0.22
60800 10 2 0.017 0.122 0.472 0.914 0.848 150 0 150 0 1 1
60800 10 2 0.035 0.196 0.033 0.978 0.357 25 948 26.02 1002.58 0 0
60800 10 2 0.094 0.301 0.374 0.755 0.455 76 0 94.94 14.18 0.14 0.56
60800 10 2 0.112 0.292 0.5 0.769 0.192 56 3 67.12 35.38 0 0.42
60800 10 2 0.053 0.461 0.08 0.758 0.184 25 806 26.6 1037.7 0 0
60800 10 2 0.003 0.38 0.278 0.93 0.449 55 2 78.18 32.52 0 0.56
60800 10 2 0.041 0.465 0.016 0.835 0.002 25 1214 26.46 1269.1 0 0
60800 10 2 0.08 0.27 0.406 0.772 0.357 74 1 95.5 17.6 0.2 0.54
60800 10 2 0.06 0.321 0.193 0.777 0.526 51 3 70.16 28.9 0 0.58
60800 10 2 0.019 0.174 0.133 0.783 0.845 90 1 104.98 6.96 0.36 0.74
60800 10 2 0.11 0.077 0.35 0.853 0.535 87 0 101.7 9.64 0.08 0.6
60800 10 2 0.113 0.352 0.015 0.781 0.95 112 3 122.44 9.56 0.98 0.46
60800 10 2 0.009 0.318 0.457 0.991 0.438 98 0 109.36 10.1 0.38 0.54
60800 10 2 0.089 0.347 0.474 0.808 0.594 74 0 104 14.48 0.54 0.7
60800 10 2 0.04 0.301 0.373 0.953 0.101 26 2 42.14 155.8 0 0.16
60800 10 2 0.075 0.175 0.318 0.933 0.98 150 0 150 0 1 1
60800 10 2 0.117 0.431 0.121 0.8 0.711 76 0 89.62 11.76 0 0.52
60800 10 2 0.036 0.186 0.342 0.823 0.329 58 2 85.66 24.34 0 0.36
60800 10 2 0.087 0.407 0.122 0.784 0.585 50 4 67.94 26.98 0 0.48
60800 10 2 0.08 0.251 0.26 0.807 0.97 98 0 106.74 5.04 0.08 0.8
60800 10 2 0.052 0.335 0.277 0.836 0.259 38 3 47.88 112.8 0 0.1
60800 10 2 0.07 0.087 0.038 0.836 0.888 150 0 150 0 1 1
60800 10 2 0.108 0.271 0.046 0.756 0.684 80 2 96.44 13.12 0 0.54
60800 10 2 0.032 0.306 0.114 0.82 0.592 37 1 58.26 36.06 0 0.56
60800 10 2 0.036 0.061 0.46 0.815 0.587 92 0 106.5 7.34 0.24 0.68
60800 10 2 0.025 0.171 0.387 0.778 0.19 41 2 64.1 23.04 0 0.58
60800 10 2 0.063 0.315 0.125 0.916 0.048 25 1132 26.16 1180.32 0 0
60800 10 2 0.109 0.061 0.172 0.845 0.754 96 0 107.9 6.36 0.3 0.74
60800 10 2 0.011 0.155 0.325 0.995 0.37 69 0 105 20.26 0.06 0.56
60800 10 2 0.082 0.288 0.258 0.828 0.956 99 2 110.22 8.72 0.38 0.56
60800 10 2 0.015 0.345 0.469 0.79 0.162 34 1 52.06 69.98 0 0.44
60800 10 2 0.115 0.119 0.284 0.952 0.782 123 2 126.88 8.92 1 0.58
60800 10 2 0.05 0.189 0.123 0.956 0.99 121 3 124.06 8.76 1 0.64
60800 10 2 0.091 0.105 0.291 0.924 0.201 65 1 78.68 13.54 0 0.62
60800 10 2 0.058 0.115 0.496 0.77 0.465 86 0 99.78 6.9 0.2 0.72
60800 10 2 0.099 0.407 0.421 0.928 0.571 92 1 105.7 11.88 0.34 0.52
60800 10 2 0.044 0.247 0.26 0.761 0.099 28 8 42.66 134.26 0 0.02
60800 10 2 0.013 0.183 0.323 0.989 0.674 87 2 99.62 12.14 0.06 0.56
60800 10 2 0.117 0.423 0.036 0.877 0.345 25 957 26.04 991.06 0 0
60800 10 2 0.012 0.432 0.217 0.845 0.318 31 0 47.42 82.9 0 0.16
60800 10 2 0.028 0.434 0.029 0.829 0.191 25 1113 26.4 1179.26 0 0
60800 10 2 0.019 0.398 0.01 0.872 0.996 91 2 109.24 12.66 0.64 0.5
60800 10 2 0.013 0.229 0.449 0.851 0.095 25 1 51.86 35.56 0 0.6
60800 10 2 0.029 0.499 0.279 0.75 0.382 35 0 57.38 27.24 0 0.5
60800 10 2 0.077 0.306 0.342 0.94 0.487 72 1 89.52 13.98 0 0.68
60800 10 2 0.104 0.131 0.348 0.942 0.479 121 1 125.3 6.42 1 0.78
60800 10 2 0.09 0.153 0.006 0.973 0.908 100 0 116.2 5.06 0.58 0.82
60800 10 2 0.111 0.356 0.266 0.814 0.431 48 3 65.52 43.6 0 0.18
60800 10 2 0.019 0.325 0.078 0.863 0.674 72 1 97.74 18.34 0.24 0.64
60800 10 2 0.006 0.156 0.047 0.858 0.199 25 427 27.04 849.82 0 0
60800 10 2 0.063 0.272 0.312 0.931 0.131 26 1 38.58 129.22 0 0.3
60800 10 2 0.103 0.419 0.429 0.897 0.894 88 2 114.6 6.44 0.66 0.76
60800 10 2 0.031 0.231 0.384 0.818 0.903 100 0 117.48 12.52 0.8 0.52
60800 10 2 0.059 0.261 0.407 0.824 0.346 71 1 88.56 11.08 0 0.56
60800 10 2 0.033 0.04 0.488 0.794 0.136 79 0 96.4 6.62 0 0.8
60800 10 2 0.103 0.238 0.194 0.967 0.482 51 0 73.62 26.32 0 0.54
60800 10 2 0.022 0.489 0.3 0.863 0.183 25 4 40.66 107.44 0 0.32
60800 10 2 0.095 0.441 0.016 0.83 0.698 55 2 71.3 23.62 0 0.54
60800 10 2 0.043 0.174 0.191 0.858 0.768 82 0 104.66 14.56 0.46 0.56
60800 10 2 0.048 0.208 0.027 0.791 0.73 83 1 95.4 16.64 0 0.38
60800 10 2 0.093 0.008 0.253 0.844 0.566 88 0 102.84 9.12 0.16 0.7
60800 10 2 0.096 0.07 0.454 0.758 0.83 83 0 104.44 5.36 0.36 0.76
60800 10 2 0.029 0.327 0.126 0.849 0.55 40 0 58.5 37.4 0 0.44
60800 10 2 0.049 0.412 0.212 0.867 0.595 92 0 100.88 12.76 0.08 0.36
60800 10 2 0.106 0.078 0.479 0.935 0.745 88 0 103.9 12.5 0.2 0.58
60800 10 2 0.014 0.038 0.18 0.952 0.526 102 2 107.12 10.76 0 0.48
60800 10 2 0.116 0.119 0.153 0.797 0.785 107 1 113.76 6.52 0.5 0.8
60800 10 2 0.026 0.41 0.491 0.813 0.706 150 0 150 0 1 1
60800 10 2 0.106 0.146 0.152 0.752 0.619 81 1 105.62 14.88 0.3 0.66
60800 10 2 0.061 0.313 0.455 0.935 0.141 27 3 44.66 77.2 0 0.42
60800 10 2 0.006 0.271 0.244 0.993 0.692 83 0 105.22 4.52 0.38 0.8
60800 10 2 0.029 0.119 0.392 0.759 0.668 150 0 150 0 1 1
60800 10 2 0.113 0.165 0.435 0.99 0.624 105 1 111.52 10.44 0.22 0.64
60800 10 2 0.1 0.434 0.494 0.949 0.515 109 0 121.3 11.56 0.74 0.46
60800 10 2 0.112 0.019 0.143 0.992 0.526 96 0 112.02 13.76 0.52 0.32
60800 10 2 0.059 0.092 0.425 0.795 0.153 74 0 95 13.92 0.04 0.56
60800 10 2 0.077 0.279 0.411 0.935 0.506 91 0 102.48 9.76 0 0.68
60800 10 2 0.056 0.498 0.364 0.847 0.948 122 2 129.78 7.46 1 0.72
60800 10 2 0.113 0.001 0.086 0.797 0.905 87 0 102.22 12.94 0.06 0.54
60800 10 2 0.011 0.031 0.082 0.776 0.754 105 1 113.18 12.96 0.64 0.34
60800 10 2 0.111 0.414 0.238 0.873 0.046 25 701 32.36 814.36 0 0
60800 10 2 0.11 0.213 0.176 0.856 0.078 25 885 26.3 1014.1 0 0
60800 10 2 0.022 0.382 0.279 0.764 0.694 101 0 110.06 8.72 0.34 0.62
60800 10 2 0.119 0.081 0.136 0.873 0.667 90 1 105.04 10.6 0.24 0.66
60800 10 2 0.058 0.395 0.12 0.888 0.691 64 0 86.56 19.54 0 0.52
60800 10 2 0.051 0.45 0.174 0.9 0.365 32 2 45.7 84.14 0 0.18
60800 10 2 0.02 0.162 0.006 0.984 0.991 90 0 108.64 12 0.34 0.58
60800 10 2 0.034 0.253 0.091 0.796 0.033 25 807 28.4 906.88 0 0
60800 10 2 0.1 0.026 0.446 0.872 0.92 94 1 113.66 5.46 0.64 0.76
60800 10 2 0.055 0.341 0.107 0.773 0.843 89 1 103.5 12.66 0 0.58
60800 10 2 0.091 0.5 0.491 0.879 0.519 95 0 124.86 15.16 0.88 0.32
60800 10 2 0.115 0.341 0.184 0.924 0.93 90 2 105.38 7.9 0 0.64
60800 10 2 0.083 0.347 0.219 0.795 0.768 80 0 101.64 6.22 0.3 0.78
60800 10 2 0.117 0.166 0.201 0.767 0.475 92 2 102.24 15.74 0.12 0.4
60800 10 2 0.052 0.2 0.443 0.77 0.337 85 0 100.2 12.08 0.06 0.56
60800 10 2 0.067 0.459 0.24 0.889 0.449 38 2 50.1 47.84 0 0.4
60800 10 2 0.117 0.288 0.142 0.81 0.451 31 34 42.94 111.02 0 0
60800 10 2 0.091 0.319 0.447 0.932 0.237 47 0 69.54 26.92 0 0.46
60800 10 2 0.017 0.05 0.295 0.805 0.284 90 2 103.18 13.02 0.24 0.64
60800 10 2 0.097 0.406 0.489 0.884 0.77 150 0 150 0 1 1
60800 10 2 0.067 0.209 0.116 0.999 0.818 105 1 121.12 9.76 0.68 0.6
60800 10 2 0.103 0.211 0.336 0.847 0.673 95 1 101.12 6.96 0 0.74
60800 10 2 0.095 0.365 0.098 0.884 0.022 25 1120 26.44 1188.56 0 0
60800 10 2 0.027 0.231 0.03 0.877 0.163 25 760 27.56 1001.44 0 0
60800 10 2 0.032 0.47 0.005 0.931 0.912 150 0 150 0 1 1
60800 10 2 0.09 0.335 0.089 0.891 0.814 90 0 101.96 9.68 0.14 0.52
60800 10 2 0.028 0.324 0.313 0.832 0.717 96 0 106.86 10.16 0.16 0.66
60800 10 2 0.028 0.121 0.438 0.83 0.976 102 0 122.72 1.2 0.78 0.98
60800 10 2 0.022 0.303 0.389 0.847 0.683 89 0 104.64 10.74 0.24 0.54
60800 10 2 0.035 0.327 0.255 0.805 0.676 85 0 100.84 14.94 0.3 0.58
60800 10 2 0.079 0.349 0.191 0.797 0.261 27 67 38.84 209.28 0 0
60800 10 2 0.08 0.343 0.254 0.807 0.839 106 2 113.72 11.74 0.54 0.52
60800 10 2 0.101 0.007 0.131 0.947 0.581 102 2 111.6 9.68 0.42 0.66
60800 10 2 0.029 0.004 0.214 0.999 0.647 96 1 112.06 10.22 0.58 0.64
60800 10 2 0.045 0.22 0.159 0.871 0.096 25 343 33.16 532.7 0 0
60800 10 2 0.053 0.019 0.196 0.772 0.432 97 2 110.3 13.08 0.48 0.38
60800 10 2 0.07 0.317 0.109 0.945 0.836 112 3 118.82 10.02 0.92 0.62
60800 10 2 0.09 0.153 0.072 0.761 0.282 25 650 27.58 788.42 0 0
60800 10 2 0.095 0.445 0.456 0.946 0.569 100 2 109.18 11.54 0.3 0.54
60800 10 2 0.04 0.051 0.155 0.841 0.119 31 1 49.44 74.36 0 0.3
60800 10 2 0.048 0.199 0.347 0.826 0.451 80 1 99.52 16.02 0.18 0.52
60800 10 2 0.004 0.021 0.144 0.906 0.539 104 0 118.46 7.42 0.62 0.64
60800 10 2 0.12 0.462 0.178 0.922 0.512 30 3 53.28 32.76 0 0.52
60800 10 2 0.1 0.17 0.117 0.763 0.3 30 40 40.96 108.34 0 0
60800 10 2 0.097 0.076 0.081 0.908 0.394 76 0 97.74 11.5 0 0.64
60800 10 2 0.079 0.096 0.494 0.895 0.756 107 1 123.02 11.58 0.88 0.58
60800 10 2 0.081 0.491 0.418 0.8 0.121 25 5 38.36 176.92 0 0.12
60800 10 2 0.016 0.34 0.083 0.87 0.417 25 19 35.76 161.32 0 0
60800 10 2 0.106 0.182 0.444 0.774 0.63 110 0 118.3 6.96 0.88 0.7
60800 10 2 0.063 0.269 0.439 0.945 0.151 37 3 66.08 44.04 0 0.62
60800 10 2 0.113 0.365 0.18 0.996 0.86 114 1 124.22 6.52 1 0.74
60800 10 2 0.064 0.019 0.071 0.905 0.371 120 2 126.96 7.82 1 0.7
60800 10 2 0.045 0.358 0.239 0.799 0.658 97 1 104.62 13.58 0 0.4
60800 10 2 0.051 0.398 0.403 0.793 0.91 104 1 114.4 5.94 0.52 0.82
60800 10 2 0.064 0.339 0.191 0.848 0.675 72 0 89.06 7.18 0 0.74
60800 10 2 0.047 0.198 0.495 0.768 0.159 46 2 67.22 37.38 0 0.48
60800 10 2 0.092 0.07 0.287 0.781 0.67 108 3 115.46 7.92 0.56 0.74
60800 10 2 0.041 0.398 0.39 0.839 0.964 87 0 105.46 11.92 0.44 0.62
60800 10 2 0.048 0.378 0.054 0.964 0.258 25 493 28.1 691.62 0 0
60800 10 2 0.118 0.236 0.017 0.962 0.697 83 2 90.24 15.02 0 0.36
60800 10 2 0.008 0.24 0.206 0.989 0.246 25 2 44.68 113.68 0 0.32
60800 10 2 0.027 0.229 0.385 0.889 0.306 39 1 72.24 25.86 0 0.64
60800 10 2 0.045 0.118 0.072 0.797 0.444 28 3 41.52 122.92 0 0.12
60800 10 2 0.061 0.377 0.028 0.98 0.852 81 0 97.82 15.96 0.16 0.5
60800 10 2 0.014 0.255 0.44 0.792 0.83 150 0 150 0 1 1
60800 10 2 0.057 0.332 0.279 0.801 0.086 25 121 29.86 417.62 0 0
60800 10 2 0.019 0.191 0.152 0.99 0.971 99 1 107.3 10.22 0.1 0.6
60800 10 2 0.106 0.123 0.406 0.862 0.994 81 0 97.24 11.68 0.1 0.66
60800 10 2 0.117 0.374 0.121 0.805 0.089 25 949 26.56 1015.02 0 0
60800 10 2 0.086 0.225 0.391 0.779 0.804 107 0 118.06 10.22 0.74 0.58
60800 10 2 0.06 0.353 0.262 0.964 0.031 25 735 27.5 964.26 0 0
60800 10 2 0.099 0.088 0.051 0.945 0.003 25 1159 26.36 1212.92 0 0
60800 10 2 0.112 0.304 0.148 0.871 0.475 36 10 45.7 73.76 0 0
60800 10 2 0.074 0.046 0.002 0.998 0.853 150 0 150 0 1 1
60800 10 2 0.113 0.297 0.076 0.93 0.695 85 2 94.86 19.92 0 0.42
60800 10 2 0.077 0.454 0.034 0.943 0.866 98 1 109.7 12.84 0.3 0.58
60800 10 2 0.04 0.224 0.438 0.784 0.074 30 8 44.34 90.86 0 0.06
60800 10 2 0.053 0.018 0.257 0.914 0.008 26 48 34.98 262.1 0 0
60800 10 2 0.022 0.068 0.311 0.766 0.363 91 1 109.28 3.54 0.4 0.86
60800 10 2 0.114 0.359 0.131 0.974 0.217 25 451 30.16 805.42 0 0
60800 10 2 0.032 0.075 0.095 0.819 0.928 91 0 101.9 12.24 0 0.56
60800 10 2 0.085 0.353 0.447 0.927 0.845 150 0 150 0 1 1
60800 10 2 0.013 0.241 0.146 0.855 0.99 104 0 115.5 13 0.46 0.5
60800 10 2 0.033 0.321 0.033 0.956 0.935 79 0 98.56 12.42 0.1 0.56
60800 10 2 0.056 0.023 0.26 0.788 0.844 93 0 112.48 11.1 0.54 0.56
60800 10 2 0.021 0.334 0.196 0.806 0.347 36 4 48.04 66.64 0 0.06
60800 10 2 0.045 0.473 0.313 0.772 0.042 25 296 31.28 601.38 0 0
60800 10 2 0.097 0.434 0.165 0.865 0.459 37 4 49.5 69.66 0 0.26
60800 10 2 0.055 0.212 0.409 0.857 0.693 87 0 100.6 8.4 0 0.7
60800 10 2 0.09 0.082 0.113 0.794 0.492 82 0 96.46 11.94 0.02 0.7
60800 10 2 0.094 0.184 0.33 0.797 0.747 97 2 116.44 15.32 0.66 0.5
60800 10 2 0.099 0.015 0.052 0.956 0.32 91 2 108.24 15.02 0.3 0.48
60800 10 2 0.027 0.087 0.428 0.962 0.484 102 0 109.96 10.2 0.24 0.54
60800 10 2 0.03 0.365 0.028 0.879 0.792 88 1 99.82 16.34 0.02 0.46
60800 10 2 0.057 0.359 0.106 0.805 0.707 86 1 104.04 17.42 0.4 0.54
60800 10 2 0.04 0.036 0.093 0.852 0.798 103 0 116.14 10.96 0.64 0.62
60800 10 2 0.11 0.384 0.426 0.835 0.801 83 0 100.9 12.4 0.12 0.64
60800 10 2 0.038 0.412 0.487 0.891 0.796 88 1 105.7 8.88 0.22 0.7
60800 10 2 0.024 0.396 0.432 0.874 0.974 89 1 108.06 11.5 0.4 0.52
60800 10 2 0.044 0.006 0.083 0.853 0.302 92 0 106.66 5.16 0.36 0.82
60800 10 2 0.016 0.369 0.135 0.946 0.344 25 28 40.84 153.42 0 0
60800 10 2 0.05 0.179 0.188 0.789 0.772 82 0 99.6 11.1 0.18 0.6
60800 10 2 0.08 0.296 0.18 0.965 0.27 32 101 42.16 144.78 0 0
60800 10 2 0.06 0.289 0.271 0.781 0.215 28 4 47.44 84.18 0 0.34
60800 10 2 0.056 0.307 0.441 0.821 0.232 49 3 69.88 44.92 0 0.36
60800 10 2 0.094 0.182 0.416 0.855 0.553 149 0 149.78 0 1 1
60800 10 2 0.039 0.472 0.386 0.853 0.261 31 1 58.6 77.04 0 0.26
60800 10 2 0.031 0.034 0.285 0.786 0.809 150 0 150 0 1 1
60800 10 2 0.045 0.326 0.017 0.857 0.284 25 774 27.94 937.14 0 0
60800 10 2 0.083 0.497 0.406 0.895 0.773 150 0 150 0 1 1
60800 10 2 0.083 0.309 0.387 0.865 0.302 58 0 76.84 23.22 0 0.54
60800 10 2 0.118 0.273 0.032 0.767 0.335 25 605 29 858.96 0 0
60800 10 2 0.045 0.177 0.024 0.951 0.368 25 247 28.96 614.46 0 0
60800 10 2 0.029 0.371 0.419 0.961 0.201 47 1 58.22 30.94 0 0.28
60800 10 2 0.026 0.015 0.467 0.899 0.209 122 2 129.02 8.46 1 0.6
60800 10 2 0.052 0.005 0.432 0.93 0.814 100 1 117.46 10.92 0.76 0.6
60800 10 2 0.084 0.137 0.101 0.781 0.449 42 6 59.16 52.46 0 0.18
60800 10 2 0.008 0.043 0.428 0.807 0.1 71 2 91.18 15.38 0.04 0.72
60800 10 2 0.08 0.319 0.464 0.877 0.856 82 1 98.54 8.18 0 0.64
60800 10 2 0.01 0.32 0.211 0.764 0.566 97 1 107.98 18.7 0.12 0.24
60800 10 2 0.05 0.137 0.072 0.831 0.791 79 2 102.76 18.66 0.38 0.54
60800 10 2 0.076 0.443 0.439 0.855 0.244 28 3 57.66 29.08 0 0.7
60800 10 2 0.108 0.188 0.488 0.948 0.757 101 0 106.7 9.84 0.06 0.54
60800 10 2 0.09 0.444 0.198 0.838 0.628 90 1 99.3 10.86 0 0.58
60800 10 2 0.052 0.387 0.218 0.818 0.893 98 1 111.86 11.72 0.42 0.56
60800 10 2 0.073 0.379 0.214 0.828 0.136 25 805 26.24 938.78 0 0
60800 10 2 0.047 0.172 0.264 0.864 0.619 99 0 104.64 9.1 0 0.58
60800 10 2 0.024 0.166 0.231 0.839 0.708 102 1 110 8.16 0.26 0.64
60800 10 2 0.094 0.386 0.485 0.863 0.646 102 2 114.36 12.28 0.68 0.5
60800 10 2 0.03 0.004 0.415 0.855 0.97 86 1 101.18 14.08 0 0.62
60800 10 2 0.081 0.35 0.22 0.837 0.752 88 1 104.34 12.74 0.24 0.62
60800 10 2 0.039 0.11 0.021 0.804 0.515 25 227 36.78 329.82 0 0
60800 10 2 0.111 0.422 0.335 0.8 0.415 59 4 68.7 28.5 0 0.22
60800 10 2 0.014 0.496 0.199 0.769 0.985 111 1 119.46 10.3 0.94 0.46
60800 10 2 0.086 0.443 0.418 0.959 0.978 150 0 150 0 1 1
60800 10 2 0.025 0.062 0.424 0.842 0.931 73 2 107.96 14.18 0.48 0.66
60800 10 2 0.054 0.445 0.201 0.925 0.201 30 7 43.2 242.18 0 0.08
60800 10 2 0.084 0.345 0.108 0.839 0.952 83 0 103.4 10.84 0.26 0.72
60800 10 2 0.066 0.476 0.186 0.854 0.68 71 0 96.74 5.86 0.1 0.78
60800 10 2 0.094 0.307 0.079 0.751 0.211 25 990 26.14 1029.38 0 0
60800 10 2 0.111 0.117 0.086 0.827 0.894 109 0 113.58 10 0.6 0.5
60800 10 2 0.058 0.483 0.482 0.762 0.059 26 7 47.84 137.4 0 0.18
60800 10 2 0.081 0.419 0.095 0.866 0.293 25 512 29.6 655.98 0 0
60800 10 2 0.103 0.183 0.011 0.788 0.995 150 0 150 0 1 1
60800 10 2 0.093 0.268 0.484 0.976 0.073 25 8 33.88 195.22 0 0.24
60800 10 2 0.104 0.271 0.421 0.857 0.127 33 27 38.54 111.66 0 0
60800 10 2 0.06 0.264 0.191 0.752 0.582 62 0 82.96 10.76 0 0.68
60800 10 2 0.055 0.455 0.029 0.991 0.798 76 0 96.28 10.92 0 0.7
60800 10 2 0.109 0.43 0.278 0.989 0.007 25 961 26.12 1029.28 0 0
60800 10 2 0.036 0.262 0.145 0.832 0.165 25 196 34 377.9 0 0
60800 10 2 0.098 0.307 0.101 0.983 0.746 90 1 101.46 13.64 0 0.44
60800 10 2 0.092 0.18 0.027 0.889 0.7 83 2 95.66 13.4 0 0.56
60800 10 2 0.068 0.499 0.449 0.767 0.097 25 3 38.32 181.64 0 0.2
60800 10 2 0.09 0.093 0.483 0.903 0.938 97 2 106.82 12.22 0.28 0.56
60800 10 2 0.035 0.077 0.142 0.956 0.59 86 2 103.28 15.32 0.24 0.52
60800 10 2 0.056 0.177 0.348 0.789 0.701 95 0 113.36 5.88 0.58 0.74
60800 10 2 0.041 0.135 0.49 0.776 0.467 94 1 106.8 12.16 0.26 0.48
60800 10 2 0.111 0.397 0.409 0.966 0.863 86 0 106.64 11.36 0.5 0.52
60800 10 2 0.02 0.071 0.017 0.871 0.056 25 1086 26.42 1125.36 0 0
60800 10 2 0.053 0.483 0.144 0.87 0.815 79 0 98.02 6.94 0.14 0.82
60800 10 2 0.116 0.287 0.242 0.99 0.069 25 23 36.3 375.8 0 0
60800 10 2 0.051 0.101 0.016 0.774 0.019 25 1103 26.38 1163.98 0 0
60800 10 2 0.012 0.454 0.382 0.978 0.746 80 0 98.8 14.1 0.18 0.64
60800 10 2 0.116 0.377 0.445 0.868 0.253 39 1 66.18 45.86 0 0.32
60800 10 2 0.103 0.344 0.172 0.928 0.857 98 1 116.44 11.82 0.72 0.62
60800 10 2 0.02 0.491 0.413 0.858 0.25 34 5 56.06 59.68 0 0.2
60800 10 2 0.048 0.271 0.487 0.766 0.401 101 1 110.22 11.04 0.34 0.48
60800 10 2 0.047 0.453 0.065 0.908 0.092 25 489 31.98 710.64 0 0
60800 10 1 0.035 0.101 0.179 0.976 0.749 97 2 110.72 6.76 0.44 0.68
60800 10 1 0.033 0.036 0.411 0.804 0.071 85 2 101.14 13.06 0.02 0.44
60800 10 1 0.107 0.003 0.252 0.916 0.99 88 0 105.4 12.72 0.32 0.48
60800 10 1 0.063 0.234 0.028 0.971 0.797 77 1 98.72 11.4 0 0.7
60800 10 1 0.009 0.451 0.34 0.873 0.123 31 5 41.86 113.16 0 0.26
60800 10 1 0.027 0.194 0.439 0.844 0.61 94 1 108.4 13.62 0.42 0.64
60800 10 1 0.097 0.435 0.013 0.787 0.727 76 4 89.44 20.5 0 0.22
60800 10 1 0.115 0.012 0.276 0.786 0.937 80 2 96.42 12.68 0.06 0.64
60800 10 1 0.083 0.462 0.147 0.762 0.51 28 5 37.52 81.6 0 0.14
60800 10 1 0.049 0.265 0.215 0.913 0.456 47 5 69.26 37.52 0 0.34
60800 10 1 0.085 0.353 0.429 0.825 0.168 26 3 48.86 84.88 0 0.24
60800 10 1 0.06 0.313 0.473 0.872 0.341 75 0 97.76 19.9 0 0.48
60800 10 1 0.087 0.166 0.146 0.976 0.523 62 5 78.06 24.66 0 0.14
60800 10 1 0.035 0.35 0.481 0.82 0.175 29 4 51.28 56.38 0 0.42
60800 10 1 0.099 0.076 0.399 0.916 0.45 89 0 102.28 9.94 0 0.66
60800 10 1 0.065 0.159 0.484 0.958 0.027 25 6 36.76 208.34 0 0.18
60800 10 1 0.085 0.373 0.307 0.965 0.928 82 1 99.94 12.82 0 0.56
60800 10 1 0.088 0.267 0.397 0.807 0.948 87 0 99.36 10 0 0.62
60800 10 1 0.094 0.082 0.463 0.788 0.856 96 1 109.1 13.22 0.34 0.44
60800 10 1 0.049 0.127 0.425 0.878 0.268 88 1 102.38 10.5 0.08 0.68
60800 10 1 0.016 0.411 0.398 0.954 0.843 73 1 92.56 13.52 0 0.64
60800 10 1 0.01 0.416 0.186 0.867 0.06 25 545 27.96 691.82 0 0
60800 10 1 0.018 0.261 0.151 0.851 0.529 61 2 78.66 19.5 0 0.46
60800 10 1 0.015 0.112 0.064 0.769 0.144 25 834 26.54 940.44 0 0
60800 10 1 0.088 0.059 0.444 0.902 0.693 102 0 108.5 11.2 0.16 0.54
60800 10 1 0.109 0.234 0.419 0.777 0.543 81 1 101 14.56 0.4 0.6
60800 10 1 0.068 0.103 0.475 0.869 0.986 77 1 92.6 13.2 0.04 0.62
60800 10 1 0.063 0.402 0.101 0.883 0.522 27 47 42.16 133 0 0
60800 10 1 0.005 0.443 0.16 0.924 0.605 68 0 86.26 14.14 0 0.48
60800 10 1 0.077 0.426 0.4 0.889 0.932 70 1 87.92 6.72 0 0.76
60800 10 1 0.116 0.341 0.091 0.774 0.334 25 523 26.76 758.88 0 0
60800 10 1 0.043 0.203 0.201 0.809 0.072 25 276 29.4 637.78 0 0
60800 10 1 0.116 0.325 0.212 0.988 0.539 79 1 92.72 17.44 0 0.36
60800 10 1 0.094 0.061 0.486 0.828 0.882 101 1 111.84 10.18 0.54 0.42
60800 10 1 0.031 0.053 0.165 0.973 0.569 102 0 107.98 10.44 0.04 0.48
60800 10 1 0.042 0.348 0.348 0.933 0.615 94 1 106.58 13.74 0.3 0.56
60800 10 1 0.12 0.304 0.121 0.837 0.681 90 3 101.58 17.58 0 0.26
60800 10 1 0.031 0.403 0.479 0.89 0.699 91 0 106.6 8.6 0.42 0.64
60800 10 1 0.079 0.141 0.497 0.884 0.067 38 3 46.34 67.32 0 0.08
60800 10 1 0.061 0.191 0.365 0.838 0.473 88 2 100.26 10.76 0 0.56
60800 10 2 0.098 0.104 0.142 0.931 0.152 25 89 35.72 233.98 0 0
60800 10 2 0.115 0.443 0.002 0.881 0.284 25 530 26.76 880.54 0 0
60800 10 2 0.004 0.171 0.01 0.909 0.512 25 1072 26.06 1128.14 0 0
60800 10 2 0.004 0.273 0.489 0.929 0.389 86 0 106.66 15.14 0.4 0.62
60800 10 2 0.11 0.456 0.455 0.825 0.651 79 1 97.74 12.68 0.16 0.66
60800 10 2 0.007 0.097 0.36 0.894 0.534 87 0 105.88 11.84 0.34 0.62
60800 10 2 0.051 0.146 0.139 0.798 0.317 27 0 45.5 82.88 0 0.44
60800 10 2 0.097 0.048 0.401 0.786 0.188 84 0 104.68 5.04 0.32 0.82
60800 10 2 0.061 0.335 0.395 0.889 0.149 34 2 51.36 109.36 0 0.16
60800 10 2 0.088 0.335 0.073 0.77 0.111 25 836 28.42 980.66 0 0
60800 10 2 0.089 0.303 0.306 0.839 0.023 25 1034 26.48 1075.42 0 0
60800 10 2 0.058 0.016 0.27 0.815 0.078 150 0 150 0 1 1
60800 10 2 0.005 0.35 0.214 0.966 0.893 105 3 112.72 10.14 0.4 0.58
60800 10 2 0.005 0.477 0.338 0.882 0.44 80 4 87.2 20.44 0 0.2
60800 10 2 0.118 0.27 0.132 0.814 0.995 97 0 107.74 9.16 0.22 0.56
60800 10 2 0.043 0.361 0.113 0.928 0.128 25 691 30.18 823.58 0 0
60800 10 2 0.071 0.007 0.175 0.869 0.747 102 0 111.62 7.58 0.4 0.7
60800 10 2 0.009 0.306 0.346 0.939 0.905 96 1 107.48 10.62 0.2 0.52
60800 10 2 0.035 0.473 0.4 0.966 0.745 95 0 105.16 10.38 0.24 0.56
60800 10 2 0.088 0.4 0.341 0.936 0.898 73 1 100.6 16.14 0.34 0.72
60800 10 2 0.097 0.373 0.045 0.871 0.41 25 899 26.82 1070.14 0 0
60800 10 2 0.03 0.278 0.368 0.964 0.825 101 1 113.12 8.06 0.54 0.64
60800 10 2 0.049 0.234 0.1 0.873 0.067 25 737 28.26 861.92 0 0
60800 10 2 0.109 0.337 0.289 0.843 0.859 99 1 109.42 10.8 0.38 0.56
60800 10 2 0.017 0.392 0.298 0.753 0.548 108 1 116.7 11.28 0.68 0.58
60800 10 2 0.01 0.114 0.488 0.832 0.441 102 4 112.54 14.9 0.52 0.46
60800 10 2 0.11 0.157 0.095 0.835 0.307 25 214 30.8 352.66 0 0
60800 10 2 0.019 0.076 0.108 0.754 0.351 52 2 62.2 41.94 0 0.32
60800 10 2 0.091 0.162 0.429 0.939 0.869 150 0 150 0 1 1
60800 10 2 0.082 0.338 0.274 0.997 0.522 62 1 84.18 9.12 0 0.76
60800 10 2 0.004 0.497 0.407 0.833 0.011 26 125 33.84 316.16 0 0
60800 10 2 0.025 0.098 0.347 0.836 0.436 83 0 107.8 14.34 0.46 0.56
60800 10 2 0.051 0.433 0.241 0.952 0.597 78 2 91.24 16.1 0 0.48
60800 10 2 0.05 0.371 0.103 0.87 0.588 37 1 55.62 30.2 0 0.46
60800 10 2 0.017 0.478 0.425 0.92 0.428 69 0 92.64 5.08 0 0.82
60800 10 2 0.117 0.207 0.345 0.93 0.425 83 3 96.3 14.34 0.08 0.62
60800 10 2 0.018 0.272 0.033 0.765 0.671 59 1 71.48 26.9 0 0.22
60800 10 2 0.007 0.212 0.338 0.966 0.954 150 0 150 0 1 1
60800 10 2 0.037 0.248 0.083 0.918 0.55 25 3 39.92 67.96 0 0.54
60800 10 2 0.097 0.276 0.278 0.989 0.262 27 3 41.08 61.48 0 0.44
60800 10 2 0.037 0.155 0.376 0.78 0.507 114 4 124.34 10.68 1 0.56
60800 10 2 0.036 0.117 0.129 0.835 0.754 96 1 107.16 11.22 0.28 0.58
60800 10 2 0.089 0.232 0.308 0.862 0.305 38 3 57.14 35.74 0 0.34
60800 10 2 0.093 0.408 0.485 0.753 0.039 25 425 27.52 731.88 0 0
60800 10 2 0.03 0.499 0.308 0.8 0.519 64 0 96.2 6.64 0.22 0.78
60800 10 2 0.078 0.059 0.191 0.762 0.075 34 16 42.36 118.7 0 0
60800 10 2 0.102 0.324 0.261 0.876 0.772 78 0 98.46 14.8 0 0.62
60800 10 2 0.004 0.332 0.235 0.819 0.999 96 0 112.48 3.86 0.5 0.8
60800 10 2 0.045 0.316 0.477 0.924 0.024 25 33 31.36 310.44 0 0
60800 10 2 0.039 0.258 0.126 0.958 0.962 84 1 99.52 12.44 0 0.6
60800 10 2 0.068 0.413 0.212 0.801 0.554 59 1 70.12 21.12 0 0.44
60800 10 2 0.05 0.198 0.309 0.892 0.431 80 1 95.42 12.8 0 0.52
60800 10 2 0.014 0.196 0.353 0.763 0.413 89 1 98.26 14.18 0 0.42
60800 10 2 0.035 0.194 0.004 0.953 0.682 58 4 76.52 32.78 0 0.3
60800 10 2 0.075 0.202 0.349 0.982 0.013 25 848 26.42 929.78 0 0
60800 10 2 0.006 0.091 0.012 0.956 0.513 25 357 29.48 532.92 0 0
60800 10 2 0.067 0.491 0.344 0.841 0.642 101 3 111.74 13.6 0.46 0.4
60800 10 2 0.091 0.464 0.012 0.932 0.928 106 1 112.06 11.22 0.38 0.56
60800 10 2 0.026 0.335 0.359 0.857 0.275 49 2 58.18 33.6 0 0.26
60800 10 2 0.101 0.085 0.32 0.886 0.985 139 0 141.02 1.18 1 1
60800 10 2 0.014 0.264 0.167 0.763 0.672 81 1 101.6 10.28 0.22 0.68
60800 10 2 0.1 0.433 0.397 0.902 0.507 77 0 93.32 14.44 0 0.6
60800 10 2 0.092 0.048 0.433 0.984 0.366 89 1 106.58 13.3 0.36 0.6
60800 10 2 0.031 0.045 0.339 0.959 0.891 94 2 103.2 13.88 0.1 0.44
60800 10 2 0.01 0.231 0.217 0.901 0.979 82 0 97.12 14.48 0.14 0.66
60800 10 2 0.057 0.437 0.176 0.853 0.723 94 2 104.28 15.3 0.16 0.4
60800 10 2 0.038 0.113 0.211 0.924 0.322 59 1 74.62 24.82 0 0.42
60800 10 2 0.045 0.019 0.241 0.931 0.898 115 1 120.42 7.1 1 0.74
60800 10 2 0.033 0.459 0.353 0.791 0.913 92 1 109.58 11.68 0.58 0.56
60800 10 2 0.046 0.133 0.2 0.762 0.945 100 1 108.42 12.28 0.2 0.56
60800 10 2 0.046 0.049 0.377 0.936 0.46 95 0 103.78 9.5 0 0.52
60800 10 2 0.025 0.413 0.311 0.918 0.972 109 1 115.6 10.16 0.64 0.5
60800 10 2 0.02 0.381 0.048 0.83 0.592 30 9 42.8 84.74 0 0.1
60800 10 2 0.114 0.222 0.251 0.815 0.632 88 0 102.16 13.18 0.2 0.48
60800 10 2 0.117 0.471 0.233 0.911 0.304 25 11 37.6 172.3 0 0
60800 10 2 0.08 0.306 0.101 0.952 0.384 27 6 35.46 267.54 0 0.02
60800 10 2 0.079 0.103 0.469 0.864 0.617 77 0 90.14 10.56 0 0.72
60800 10 2 0.029 0.017 0.433 0.761 0.16 84 1 103.16 13.3 0.2 0.78
60800 10 2 0.003 0.328 0.441 0.798 0.751 105 0 113.98 10.64 0.56 0.44
60800 10 2 0.07 0.426 0.406 0.872 0.023 25 330 28.08 898.82 0 0
60800 10 2 0.083 0.159 0.064 0.776 0.641 78 2 92.48 18.74 0 0.34
60800 10 2 0.08 0.227 0.326 0.768 0.951 91 0 112.4 17.88 0.6 0.36
60800 10 2 0.061 0.361 0.159 0.895 0.956 93 1 108.7 9.34 0.42 0.7
60800 10 2 0.034 0.109 0.226 0.875 0.899 89 0 102.68 12.54 0.12 0.5
60800 10 2 0.099 0.142 0.492 0.883 0.474 150 0 150 0 1 1
60800 10 2 0.024 0.422 0.333 0.792 0.175 30 6 41.1 103.1 0 0.1
60800 10 2 0.056 0.002 0.478 0.809 0.341 72 2 84.94 7.72 0 0.74
60800 10 2 0.112 0.29 0.078 0.912 0.181 25 327 33.68 614.84 0 0
60800 10 2 0.091 0.358 0.289 0.814 0.402 30 4 56.4 40 0 0.7
60800 10 2 0.116 0.45 0.12 0.982 0.708 91 1 99.6 17.06 0 0.48
60800 10 2 0.043 0.199 0.412 0.878 0.148 32 2 55.06 72.4 0 0.52
60800 10 2 0.037 0.146 0.125 0.812 0.866 107 1 112.48 12.2 0.54 0.28
60800 10 2 0.09 0.404 0.197 0.771 0.149 25 190 34.98 404.06 0 0
60800 10 2 0.084 0.088 0.409 0.973 0.328 104 3 111.96 10.92 0.62 0.58
60800 10 2 0.083 0.021 0.377 0.82 0.882 88 0 99.48 11.84 0 0.7
60800 10 2 0.097 0.476 0.163 0.933 0.826 78 1 99.64 13.68 0.26 0.64
60800 10 2 0.089 0.133 0.458 0.768 0.381 115 1 121.04 8.36 1 0.68
60800 10 2 0.057 0.212 0.101 0.778 0.732 102 0 114.24 6.98 0.66 0.8
60800 10 2 0.103 0.3 0.08 0.808 0.033 25 463 30.82 845.54 0 0
60800 10 2 0.054 0.248 0.271 0.994 0.26 33 15 42.02 95.26 0 0
60800 10 2 0.077 0.078 0.318 0.796 0.74 94 0 112.16 6.16 0.54 0.74
60800 10 2 0.052 0.107 0.352 0.87 0.888 94 1 110.7 10.22 0.48 0.68
60800 10 2 0.111 0.421 0.44 0.842 0.713 98 0 107.14 12.76 0.28 0.56
60800 10 2 0.068 0.347 0.073 0.961 0.365 25 246 30.08 547.4 0 0
60800 10 2 0.093 0.179 0.036 0.957 0.169 25 707 28.06 916.3 0 0
60800 10 2 0.086 0.039 0.272 0.869 0.432 84 0 108.14 4.94 0.46 0.8
60800 10 2 0.025 0.497 0.184 0.949 0.496 35 1 48.9 38.64 0 0.58
60800 10 2 0.1 0.36 0.48 0.999 0.996 93 0 108.12 11.08 0.46 0.52
60800 10 2 0.094 0.19 0.344 0.918 0.316 71 0 85.46 20.28 0 0.44
60800 10 2 0.049 0.104 0.339 0.991 0.385 93 1 105.66 15.34 0.28 0.46
60800 10 2 0.062 0.371 0.466 0.961 0.401 82 1 98.04 15.18 0.02 0.52
60800 10 2 0.113 0.325 0.239 0.926 0.321 37 17 45 74.24 0 0
60800 10 2 0.079 0.496 0.381 0.825 0.394 61 1 80.22 30.56 0 0.36
60800 10 2 0.1 0.466 0.14 0.916 0.821 78 0 104.04 13.8 0.42 0.58
60800 10 2 0.001 0.196 0.175 0.96 0.212 27 3 49.98 107.9 0 0.48
60800 10 2 0.071 0.014 0.185 0.774 0.922 79 0 101.28 13.72 0.16 0.68
60800 10 2 0.005 0.209 0.08 0.918 0.607 65 2 80.84 22.12 0 0.7
60800 10 2 0.072 0.236 0.028 0.963 0.523 25 327 30.84 448.02 0 0
60800 10 2 0.03 0.416 0.475 0.864 0.304 69 1 89.88 22.28 0 0.54
60800 10 2 0.118 0.201 0.318 0.88 0.402 87 2 104.8 14.52 0.3 0.62
60800 10 2 0.011 0.371 0.143 0.833 0.335 30 4 48.84 151.9 0 0.1
60800 10 2 0.09 0.369 0.473 0.813 0.558 84 0 99.04 12.98 0.14 0.66
60800 10 2 0.063 0.379 0.155 0.94 0.429 28 98 37.46 154.3 0 0
60800 10 2 0.064 0.202 0.4 0.9 0.337 79 1 99.04 18.78 0.26 0.42
60800 10 2 0.066 0.093 0.261 0.842 0.639 89 0 100.9 8.8 0.06 0.58
60800 10 2 0.084 0.014 0.268 0.889 0.73 150 0 150 0 1 1
60800 10 2 0.061 0.426 0.071 0.984 0.156 25 1003 26.46 1068.8 0 0
60800 10 2 0.063 0.387 0.352 0.909 0.615 110 2 115.28 11.52 0.88 0.42
60800 10 2 0.089 0.132 0.002 0.935 0.403 25 223 31.22 344.78 0 0
60800 10 2 0.066 0.428 0.301 0.842 0.064 25 283 29.92 819.14 0 0
60800 10 2 0.068 0.146 0.39 0.992 0.357 98 2 106.76 13.12 0.06 0.36
60800 10 2 0.024 0.078 0.133 0.92 0.226 47 5 55.44 58.16 0 0.16
60800 10 2 0.014 0.14 0.404 0.981 0.913 96 1 105.76 11.2 0.24 0.6
60800 10 2 0.115 0.318 0.258 0.952 0.879 107 1 115.14 11.06 0.76 0.54
60800 10 2 0.015 0.455 0.105 0.775 0.457 29 45 42.82 135.2 0 0
60800 10 2 0.076 0.277 0.314 0.934 0.742 96 1 107.16 11.32 0.14 0.52
60800 10 2 0.045 0.242 0.461 0.997 0.483 86 0 101.68 4.3 0.26 0.82
60800 10 2 0.071 0.458 0.006 0.851 0.634 30 1 53.38 47.4 0 0.4
60800 10 2 0.018 0.161 0.329 0.981 0.739 95 0 111.26 10.36 0.42 0.58
60800 10 2 0.065 0.147 0.141 0.976 0.677 88 1 109.42 6.44 0.54 0.78
60800 10 2 0.069 0.221 0.392 0.957 0.265 54 2 76.28 22.6 0 0.62
60800 10 2 0.045 0.144 0.152 0.97 0.276 45 3 56.52 43.74 0 0.1
60800 10 2 0.004 0.363 0.032 0.991 0.791 86 7 102 18.94 0 0.16
60800 10 2 0.025 0.314 0.418 0.973 0.781 98 0 106.4 9.98 0.12 0.54
60800 10 2 0.083 0.114 0.402 0.82 0.394 87 1 111.9 15.34 0.62 0.52
60800 10 2 0.042 0.193 0.236 0.832 0.871 109 0 115.64 7.52 0.76 0.7
60800 10 2 0.083 0.137 0.318 0.875 0.682 107 1 117.06 11.52 0.54 0.48
60800 10 2 0.082 0.439 0.167 0.914 0.387 25 25 36.94 133.88 0 0
60800 10 2 0.015 0.118 0.087 0.952 0.387 33 5 46.34 71.72 0 0.26
60800 10 2 0.096 0.416 0.128 0.822 0.528 25 4 53.06 59.68 0 0.54
60800 10 2 0.051 0.225 0.379 0.765 0.984 107 1 115.52 9.88 0.58 0.58
60800 10 2 0.057 0.184 0.42 0.768 0.843 94 1 100.26 8.58 0 0.7
60800 10 2 0.058 0.051 0.067 0.794 0.582 95 2 106.66 14.2 0.34 0.32
60800 10 2 0.092 0.213 0.245 0.831 0.935 90 1 106.72 6.74 0.22 0.68
60800 10 2 0.058 0.285 0.216 0.757 0.35 31 4 60.94 74.86 0 0.24
60800 10 2 0.051 0.42 0.151 0.827 0.686 96 0 105.46 11.46 0 0.48
60800 10 2 0.114 0.252 0.442 0.86 0.434 97 0 107.92 5.82 0.4 0.7
60800 10 2 0.08 0.116 0.44 0.92 0.682 150 0 150 0 1 1
60800 10 2 0.03 0.158 0.024 0.87 0.223 25 943 26.5 1006.36 0 0
60800 10 2 0.001 0.233 0.278 0.914 0.838 103 0 109.66 10.46 0.34 0.48
60800 10 2 0.08 0.278 0.013 0.756 0.13 25 737 27.34 945.74 0 0
60800 10 2 0.071 0.343 0.348 0.962 0.08 25 193 29.26 394.54 0 0
60800 10 2 0.014 0.301 0.2 0.873 0.807 92 2 107.92 13.48 0.34 0.44
60800 10 2 0.096 0.264 0.102 0.902 0.508 32 4 48.34 97.4 0 0.06
60800 10 2 0.103 0.105 0.387 0.916 0.528 77 1 97.2 13.74 0.22 0.62
60800 10 2 0.105 0.358 0.435 0.965 0.339 68 0 83.92 18.44 0 0.42
60800 10 2 0.017 0.083 0.055 0.823 0.64 50 2 62.7 28.1 0 0.46
60800 10 2 0.1 0.431 0.054 0.82 0.422 25 379 33.36 556.74 0 0
60800 10 2 0.119 0.434 0.093 0.878 0.327 25 274 27.24 893.4 0 0
60800 10 2 0.075 0.491 0.207 0.939 0.191 25 524 31.76 619.46 0 0
60800 10 2 0.08 0.494 0.004 0.835 0.87 90 1 102.68 18.06 0.28 0.24
60800 10 2 0.069 0.089 0.351 0.983 0.963 90 1 103.88 6.76 0.12 0.8
60800 10 2 0.1 0.333 0.459 0.772 0.473 82 1 104.96 5.56 0.38 0.84
60800 10 2 0.019 0.276 0.33 0.888 0.024 25 108 30.9 429 0 0
60800 10 2 0.064 0.203 0.151 0.865 0.015 25 1182 26.34 1250.36 0 0
60800 10 2 0.07 0.423 0.222 0.969 0.099 25 324 33.2 489.98 0 0
60800 10 2 0.013 0.42 0.394 0.926 0.471 79 0 94.22 13.7 0.04 0.7
60800 10 2 0.07 0.261 0.104 0.865 0.472 33 88 43.34 170.06 0 0
60800 10 2 0.032 0.047 0.1 0.807 0.298 43 1 62.5 34.6 0 0.34
60800 10 2 0.026 0.454 0.251 0.956 0.076 25 246 33.24 431.18 0 0
60800 10 2 0.003 0.461 0.149 0.825 0.905 114 0 121.52 7.66 1 0.7
60800 10 2 0.059 0.369 0.065 0.899 0.666 77 3 92.04 18.48 0 0.44
60800 10 2 0.1 0.165 0.344 0.873 0.246 79 1 87.84 25.48 0 0.16
60800 10 2 0.036 0.487 0.15 0.804 0.159 25 612 26.54 732.18 0 0
60800 10 2 0.056 0.353 0.458 0.751 0.521 100 1 110.24 7.88 0.5 0.7
60800 10 2 0.077 0.119 0.114 0.935 0.029 25 1045 26.4 1117 0 0
60800 10 2 0.023 0.008 0.317 0.92 0.051 100 0 111.26 7.02 0.44 0.62
60800 10 2 0.063 0.264 0.141 0.876 0.475 43 4 52.06 62.58 0 0.28
60800 10 2 0.047 0.382 0.264 0.915 0.759 106 1 116.28 11.54 0.7 0.42
60800 10 2 0.052 0.236 0.101 0.814 0.114 25 652 28.18 806.84 0 0
60800 10 2 0.006 0.374 0.487 0.825 0.767 92 0 116.62 13.22 0.74 0.68
60800 10 2 0.084 0.13 0.021 0.942 0.263 25 1124 26.4 1179.36 0 0
60800 10 2 0.092 0.278 0.477 0.867 0.178 43 3 65.5 40 0 0.44
60800 10 2 0.067 0.266 0.41 0.96 0.688 104 0 114.5 10.76 0.58 0.58
60800 10 2 0.113 0.206 0.124 0.947 0.284 27 248 34.04 387.16 0 0
60800 10 2 0.018 0.273 0.143 0.83 0.052 25 931 26.32 1018.34 0 0
60800 10 2 0.105 0.254 0.066 0.968 0.364 25 545 29.98 637.94 0 0
60800 10 2 0.074 0.454 0.144 0.918 0.505 32 9 42.84 85.52 0 0.08
60800 10 2 0.116 0.394 0.386 0.901 0.492 87 0 97.18 7.24 0 0.62
60800 10 2 0.013 0.169 0.117 0.869 0.606 70 1 90.08 14.76 0 0.68
60800 10 2 0.015 0.213 0.121 0.97 0.25 26 28 34.52 168.7 0 0
60800 10 2 0.019 0.48 0.402 0.846 0.669 98 0 112.08 5.78 0.46 0.76
60800 10 2 0.063 0.472 0.151 0.896 0.091 25 1041 25.94 1082.18 0 0
60800 10 2 0.025 0.304 0.291 0.79 0.466 61 4 80.34 23.92 0 0.42
60800 10 2 0.054 0.496 0.355 0.934 0.424 49 2 68.96 26.08 0 0.7
60800 10 2 0.083 0.307 0.276 0.957 0.441 50 1 69.12 12.88 0 0.56
60800 10 2 0.027 0.387 0.141 0.774 0.59 55 0 69.4 25.24 0 0.42
60800 10 2 0.09 0.418 0.14 0.993 0.154 25 1002 26.6 1048.38 0 0
60800 10 2 0.04 0.34 0.257 0.927 0.563 67 1 85.58 18.42 0 0.46
60800 10 2 0.075 0.106 0.313 0.793 0.045 25 6 49.38 97.14 0 0.08
60800 10 2 0.051 0.16 0.021 0.863 0.781 86 0 101.12 14.88 0 0.44
60800 10 2 0.101 0.067 0.079 0.835 0.291 75 1 86.88 17.62 0 0.46
60800 10 2 0.009 0.177 0.041 0.76 0.953 114 1 118.84 7.68 1 0.72
60800 10 2 0.087 0.441 0.258 0.853 0.083 25 688 26.58 816.08 0 0
60800 10 2 0.063 0.196 0.372 0.845 0.224 58 1 71.18 33.28 0 0.38
60800 10 2 0.04 0.327 0.388 0.853 0.711 90 1 106.84 12.22 0.46 0.54
60800 10 2 0.041 0.096 0.17 0.789 0.853 75 2 95.08 15.82 0.06 0.6
60800 10 2 0.035 0.288 0.331 0.809 0.284 32 0 54.64 49.22 0 0.7
60800 10 2 0.012 0.295 0.42 0.843 0.656 105 0 116.04 7.38 0.76 0.66
60800 10 2 0.017 0.336 0.01 0.813 0.592 25 239 30.4 476.14 0 0
60800 10 2 0.028 0.205 0.175 0.926 0.179 27 3 46.02 97.96 0 0.32
60800 10 2 0.006 0.361 0.284 0.769 0.578 90 0 99.72 9.9 0.04 0.66
60800 10 2 0.012 0.089 0.294 0.884 0.305 89 1 98.2 17.94 0 0.22
60800 10 2 0.049 0.203 0.079 0.923 0.873 98 0 105.22 4.78 0 0.74
60800 10 2 0.013 0.175 0.16 0.793 0.255 30 0 53.32 89.16 0 0.24
60800 10 2 0.058 0.197 0.224 0.751 0.733 101 2 108.58 11.52 0.32 0.38
60800 10 2 0.109 0.421 0.283 0.777 0.176 25 34 32.32 351.78 0 0
60800 10 2 0.048 0.296 0.143 0.75 0.002 25 1014 26.24 1072.28 0 0
60800 10 2 0.015 0.188 0.302 0.843 0.551 91 1 112.8 14.44 0.66 0.46
60800 10 2 0.093 0.376 0.234 0.93 0.899 86 1 109.14 13.12 0.6 0.62
60800 10 2 0.1 0.192 0.434 0.903 0.252 80 1 95.8 11.36 0 0.7
60800 10 2 0.038 0.057 0.391 0.813 0.446 87 0 97.28 10.6 0 0.68
60800 10 2 0.023 0.297 0.221 0.821 0.51 55 2 78.3 15.94 0 0.74
60800 10 2 0.111 0.143 0.472 0.905 0.951 79 0 100.52 13.9 0.18 0.6
60800 10 2 0.083 0.094 0.441 0.859 0.253 89 0 110.52 11.92 0.48 0.6
60800 10 2 0.041 0.393 0.3 0.797 0.726 108 1 113.7 7.66 0.6 0.76
60800 10 2 0.083 0.295 0.446 0.822 0.457 118 4 130.56 10.52 1 0.7
60800 10 2 0.11 0.128 0.309 0.902 0.188 55 1 71.26 21.96 0 0.28
60800 10 2 0.107 0.482 0.294 0.919 0.649 94 2 115.36 12.32 0.64 0.68
60800 10 2 0.093 0.454 0.215 0.941 0.642 62 0 78.62 11.64 0 0.7
60800 10 2 0.104 0.365 0.392 0.97 0.274 47 2 63.42 36.26 0 0.28
60800 10 2 0.027 0.458 0.495 0.974 0.442 98 1 109.62 12.48 0.42 0.36
60800 10 2 0.017 0.343 0.173 0.913 0.47 33 5 55.4 65.06 0 0.3
60800 10 2 0.023 0.018 0.228 0.899 0.584 107 0 119.14 8.14 0.76 0.72
60800 10 2 0.005 0.038 0.153 0.788 0.402 77 0 98.7 5.3 0.2 0.8
60800 10 2 0.118 0.113 0.211 0.917 0.119 26 6 44.3 126.54 0 0.3
60800 10 2 0.006 0.282 0.458 0.828 0.497 82 0 95.52 10.98 0.06 0.74
60800 10 2 0.027 0.122 0.343 0.902 0.125 34 0 59.58 60.2 0 0.38
60800 10 2 0.054 0.308 0.34 0.778 0.333 42 1 60.72 26.56 0 0.44
60800 10 2 0.118 0.401 0.344 0.986 0.608 94 1 104.76 11.84 0.06 0.48
60800 10 2 0.098 0.26 0.01 0.994 0.074 25 1151 26.18 1205.94 0 0
60800 10 2 0.101 0.422 0.335 0.836 0.885 97 0 109.26 9.06 0.3 0.62
60800 10 2 0.038 0.099 0.376 0.989 0.012 25 418 27.3 628.78 0 0
60800 10 2 0.058 0.444 0.047 0.855 0.673 63 1 84.06 24.54 0 0.38
60800 10 2 0.07 0.389 0.209 0.875 0.011 25 1096 26.5 1173.42 0 0
60800 10 2 0.035 0.495 0.176 0.876 0.057 25 743 26.42 971.06 0 0
60800 10 2 0.017 0.016 0.415 0.881 0.575 98 0 111.9 11.82 0.52 0.46
60800 10 2 0.004 0.015 0.468 0.826 0.881 89 1 110.84 12.04 0.6 0.5
60800 10 2 0.099 0.32 0.138 0.914 0.603 60 2 72.28 24.16 0 0.38
60800 10 2 0.026 0.366 0.371 0.882 0.702 80 0 98.22 6.3 0.18 0.76
60800 10 2 0.031 0.319 0.159 0.97 0.365 30 0 46.38 127.56 0 0.18
60800 10 2 0.063 0.399 0.463 0.82 0.68 103 1 110.92 10.82 0.3 0.42
60800 10 2 0.013 0.037 0.036 0.951 0.331 26 63 35.48 200.14 0 0
60800 10 2 0.037 0.268 0.349 0.979 0.274 51 0 66.68 34.56 0 0.48
60800 10 2 0.06 0.142 0.29 0.898 0.867 102 0 110.18 11.28 0.4 0.4
60800 10 2 0.06 0.142 0.189 0.885 0.851 89 2 105.82 8.18 0.18 0.74
60800 10 2 0.075 0.307 0.457 0.793 0.945 106 0 114.1 9.3 0.74 0.58
60800 10 2 0.085 0.18 0.081 0.859 0.713 68 2 102.14 4.7 0.38 0.92
60800 10 2 0.09 0.386 0.105 0.816 0.831 79 1 103.52 12.62 0.2 0.62
60800 10 2 0.067 0.247 0.438 0.979 0.278 69 2 95.44 22.64 0 0.46
60800 10 2 0.113 0.387 0.306 0.885 0.549 92 1 102 14.66 0.04 0.3
60800 10 2 0.066 0.43 0.211 0.988 0.317 25 3 39.22 135.86 0 0.32
60800 10 2 0.008 0.038 0.013 0.858 0.564 32 19 46.74 79.26 0 0
60800 10 2 0.046 0.003 0.422 0.772 0.438 121 2 130.52 8.28 1 0.64
60800 10 2 0.031 0.354 0.176 0.943 0.905 103 1 114.16 8.26 0.56 0.58
60800 10 2 0.051 0.058 0.467 0.928 0.09 90 1 101.7 12.74 0.1 0.5
60800 10 2 0.055 0.322 0.349 0.787 0.787 97 1 104.04 9.02 0 0.64
60800 10 2 0.035 0.356 0.136 0.863 0.91 102 0 116.92 3.9 0.78 0.94
60800 10 2 0.005 0.498 0.457 0.948 0.128 30 3 49.92 102.22 0 0.32
60800 10 2 0.052 0.462 0.494 0.753 0.92 75 0 106.04 14.52 0.52 0.5
60800 10 2 0.023 0.045 0.493 0.98 0.587 86 0 101.18 14.84 0.18 0.58
60800 10 2 0.055 0.069 0.495 0.951 0.083 88 0 101.6 9.18 0.2 0.56
60800 10 2 0.079 0.106 0.263 0.843 0.8 102 0 116.9 15.26 0.64 0.14
60800 10 2 0.102 0.215 0.161 0.819 0.401 26 5 48.86 50.76 0 0.56
60800 10 2 0.012 0.136 0.401 0.975 0.601 88 0 104.48 9.58 0.32 0.64
60800 10 2 0.119 0.423 0.225 0.974 0.119 25 618 29.08 848.68 0 0
60800 10 2 0.036 0.08 0.387 0.831 0.884 82 2 105.9 15.86 0.4 0.56
60800 10 2 0.081 0.248 0.341 0.811 0.735 78 1 107.9 3.64 0.46 0.88
60800 10 2 0.028 0.306 0.059 0.922 0.929 101 1 112.46 7.68 0.48 0.74
60800 10 2 0.101 0.07 0.118 0.817 0.204 38 3 55.54 72.66 0 0.14
60800 10 2 0.113 0.332 0.087 0.899 0.84 83 0 100.58 12.12 0.04 0.62
60800 10 2 0.018 0.245 0.166 0.953 0.276 26 8 38.66 102.3 0 0.32
60800 10 2 0.038 0.169 0.327 0.804 0.859 122 0 131.28 6.96 1 0.7
60800 10 2 0.021 0.393 0.079 0.798 0.62 41 2 57.48 36.08 0 0.44
60800 10 2 0.016 0.152 0.49 0.929 0.686 97 0 106.44 11.3 0.14 0.44
60800 10 2 0.023 0.135 0.421 0.969 0.428 89 0 103.22 13.24 0.08 0.6
60800 10 2 0.023 0.167 0.235 0.994 0.654 92 0 110.14 8.32 0.44 0.74
60800 10 2 0.025 0.066 0.089 0.895 0.946 102 0 113.5 10.08 0.56 0.7
60800 10 2 0.077 0.363 0.144 0.803 0.698 77 0 88.94 11.72 0 0.54
60800 10 2 0.048 0.229 0.406 0.889 0.383 67 0 87.34 7.94 0 0.8
60800 10 2 0.062 0.09 0.117 0.81 0.012 25 732 28 1061.96 0 0
60800 10 2 0.049 0.091 0.314 0.797 0.395 75 1 104.32 14.46 0.56 0.62
60800 10 2 0.059 0.015 0.437 0.782 0.377 105 1 118 5.64 0.66 0.8
60800 10 2 0.1 0.352 0.047 0.808 0.915 112 3 126.08 12.3 0.98 0.56
60800 10 2 0.106 0.344 0.478 0.8 0.678 96 1 109.1 9.9 0.46 0.58
60800 10 2 0.028 0.413 0.231 0.932 0.703 94 5 105.66 17.6 0.18 0.42
60800 10 2 0.035 0.229 0.045 0.796 0.806 76 2 96.88 15.68 0.3 0.36
60800 10 2 0.007 0.477 0.008 0.986 0.939 100 0 109.32 12.78 0.38 0.52
60800 10 2 0.025 0.287 0.408 0.813 0.289 74 1 96.22 10.72 0.12 0.66
60800 10 2 0.114 0.39 0.131 0.93 0.873 90 0 106.02 13.08 0.3 0.5
60800 10 2 0.115 0.261 0.39 0.801 0.497 99 3 106.74 14.42 0.22 0.26
60800 10 2 0.08 0.311 0.047 0.966 0.731 72 0 91.4 9.52 0 0.56
60800 10 2 0.036 0.16 0.111 0.805 0.756 103 0 112.94 10.2 0.54 0.58
60800 10 2 0.061 0.34 0.49 0.863 0.807 109 0 121.14 8.14 0.9 0.74
60800 10 2 0.071 0.146 0.478 0.985 0.681 90 0 105.38 11.42 0.32 0.6
60800 10 2 0.031 0.361 0.175 0.979 0.428 41 8 53.72 58.82 0 0.02
60800 10 2 0.058 0.203 0.252 0.758 0.558 81 0 101.34 15.78 0.02 0.5
60800 10 2 0.096 0.302 0.419 0.876 0.123 25 20 33.78 210.56 0 0
60800 10 2 0.056 0.31 0.462 0.94 0.203 39 1 59.68 41.02 0 0.4
60800 10 2 0.038 0.064 0.144 0.841 0.644 93 0 113.46 15.6 0.64 0.46
60800 10 2 0.039 0.07 0.349 0.787 0.499 105 1 115.18 8.84 0.66 0.58
60800 10 2 0.022 0.186 0.453 0.873 0.859 113 0 122.7 10.4 1 0.52
60800 10 2 0.014 0.002 0.004 0.885 0.693 116 1 121.32 9.58 1 0.44
60800 10 2 0.075 0.35 0.209 0.867 0.145 25 530 29.24 753.14 0 0
60800 10 2 0.012 0.12 0.386 0.846 0.651 150 0 150 0 1 1
60800 10 2 0.09 0.024 0.402 0.917 0.767 104 0 115.9 8.26 0.78 0.6
60800 10 2 0.007 0.281 0.205 0.794 0.446 65 2 74.92 20.22 0 0.4
60800 10 2 0.014 0.251 0.275 0.995 0.458 57 3 84.72 27.14 0 0.62
60800 10 2 0.075 0.435 0.28 0.82 0.586 78 0 102.52 14.36 0.18 0.56
60800 10 2 0.096 0.438 0.088 0.824 0.767 79 0 95.08 15.52 0.16 0.42
60800 10 2 0.088 0.454 0.493 0.763 0.672 95 1 109.28 6.88 0.56 0.74
60800 10 2 0.1 0.332 0.132 0.78 0.899 104 2 112.86 8.28 0.56 0.66
60800 10 2 0.013 0.4 0.359 0.92 0.178 39 3 54.92 80.58 0 0.04
60800 10 2 0.01 0.312 0.41 0.973 0.537 87 1 105.9 13.68 0.4 0.6
60800 10 2 0.055 0.332 0.039 0.907 0.632 37 6 56.94 39.4 0 0.2
60800 10 2 0.074 0.225 0.05 0.921 0.303 25 698 27.84 946.94 0 0
60800 10 2 0.094 0.075 0.169 1 0.533 95 0 112.52 7.7 0.66 0.64
60800 10 2 0.087 0.051 0.35 0.936 0.356 88 1 107.76 10.5 0.32 0.62
60800 10 2 0.049 0.101 0.168 0.77 0.206 37 4 52.06 69.16 0 0.36
60800 10 2 0.018 0.441 0.2 0.795 0.086 25 116 29.8 555.88 0 0
60800 10 2 0.019 0.111 0.086 0.965 0.443 38 51 45.34 99.42 0 0
60800 10 2 0.029 0.065 0.152 0.898 0.93 97 0 106.54 11.1 0.04 0.54
60800 10 2 0.036 0.232 0.053 0.86 0.303 25 171 33.02 415.86 0 0
60800 10 2 0.087 0.038 0.035 0.95 0.123 25 305 29.26 516.44 0 0
60800 10 2 0.059 0.358 0.397 0.867 0.574 150 0 150 0 1 1
60800 10 2 0.01 0.158 0.185 0.777 0.109 25 3 38.78 207.3 0 0.24
60800 10 2 0.027 0.015 0.047 0.926 0.59 105 3 122.72 13.22 0.68 0.34
60800 10 2 0.061 0.008 0.097 0.865 0.327 103 1 112.96 10.54 0.38 0.52
60800 10 2 0.108 0.412 0.224 0.964 0.784 113 0 119.88 8.96 1 0.58
60800 10 2 0.059 0.136 0.28 0.907 0.695 89 0 114.46 11.28 0.66 0.62
60800 10 2 0.022 0.376 0.287 0.957 0.978 95 1 114.6 8.54 0.64 0.76
60800 10 2 0.101 0.47 0.267 0.818 0.679 99 1 106.12 10.48 0.22 0.5
60800 10 2 0.022 0.166 0.078 0.787 0.354 30 11 40.76 137.7 0 0
60800 10 2 0.032 0.182 0.284 0.958 0.648 97 1 114.14 11.96 0.62 0.66
60800 10 2 0.056 0.057 0.017 0.844 0.976 112 0 117.88 11.7 0.92 0.38
60800 10 2 0.12 0.265 0.348 0.902 0.248 41 2 56.56 50.88 0 0.42
60800 10 2 0.043 0.135 0.008 0.992 0.756 82 1 94.88 15.68 0 0.58
60800 10 2 0.002 0.101 0.273 0.966 0.646 98 0 108.82 6.66 0.26 0.62
60800 10 2 0.095 0.236 0.305 0.897 0.054 25 620 26.9 778.72 0 0
60800 10 2 0.063 0.131 0.084 0.912 0.477 32 11 49.5 64.52 0 0
60800 10 2 0.018 0.463 0.368 0.898 0.392 58 1 77.48 24.76 0 0.44
60800 10 2 0.007 0.411 0.197 0.801 0.855 95 1 111.96 15.26 0.46 0.46
60800 10 2 0.042 0.274 0.486 0.782 0.37 90 1 98.94 12.58 0 0.36
60800 10 2 0.107 0.457 0.03 0.938 0.299 25 749 27.34 858.18 0 0
60800 10 2 0.083 0.189 0.351 0.952 0.979 81 1 106 12.34 0.4 0.68
60800 10 2 0.076 0.435 0.266 0.85 0.749 93 1 115.2 10.16 0.6 0.72
60800 10 2 0.024 0.387 0.489 0.957 0.112 30 7 46.18 76.18 0 0.02
60800 10 2 0.006 0.42 0.299 0.915 0.036 25 56 41 236.58 0 0
60800 10 2 0.037 0.313 0.172 0.852 0.88 87 0 102.9 11.16 0.18 0.62
60800 10 2 0.042 0.066 0.043 0.919 0.063 25 767 27.04 1042.24 0 0
60800 10 2 0.076 0.415 0.062 0.962 0.355 25 630 27.36 877.3 0 0
60800 10 2 0.09 0.319 0.467 0.972 0.458 72 0 97.88 4.22 0.28 0.84
60800 10 2 0.1 0.038 0.368 0.81 0.684 80 0 102.3 11.86 0.38 0.66
60800 10 2 0.116 0.094 0.267 0.781 0.159 62 2 74.04 20.16 0 0.54
60800 10 2 0.044 0.331 0.395 0.886 0.36 79 1 93.76 18.24 0 0.5
60800 10 2 0.023 0.134 0.416 0.991 0.714 93 1 106.74 8.94 0.38 0.76
60800 10 2 0.073 0.295 0.472 0.854 0.842 105 1 113.54 7.38 0.72 0.72
60800 10 2 0.048 0.302 0.056 0.904 0.762 76 4 105.6 21.86 0.42 0.52
60800 10 2 0.104 0.032 0.298 0.872 0.197 105 1 116.34 8.86 0.7 0.5
60800 10 2 0.107 0.096 0.29 0.794 0.972 94 1 107.16 10.7 0.28 0.56
60800 10 2 0.02 0.451 0.171 0.922 0.72 87 0 101.26 10.98 0.06 0.6
60800 10 2 0.032 0.228 0.35 0.849 0.023 25 335 28.3 735.68 0 0
60800 10 2 0.096 0.219 0.153 0.95 0.722 105 2 112.74 10.66 0.46 0.5
60800 10 1 0.021 0.057 0.41 0.925 0.735 95 1 109.62 9.92 0.42 0.52
60800 10 1 0.038 0.478 0.249 0.824 0.34 25 4 45.06 110.8 0 0.3
60800 10 1 0.056 0.399 0.348 0.761 0.523 68 1 85.64 10.34 0 0.62
60800 10 1 0.055 0.424 0.157 0.755 0.695 83 1 100.72 12.24 0.04 0.7
60800 10 1 0.103 0.306 0.18 0.996 0.127 25 397 33.7 555.98 0 0
60800 10 1 0.071 0.244 0.059 0.888 0.889 87 0 106.26 13.6 0.4 0.58
60800 10 1 0.045 0.357 0.365 0.98 0.659 101 0 112.2 10.16 0.52 0.66
60800 10 1 0.095 0.381 0.173 0.788 0.946 100 1 111.5 7.62 0.44 0.74
60800 10 1 0.003 0.038 0.05 0.806 0.341 38 5 46.7 45.9 0 0.22
60800 10 1 0.054 0.443 0.308 0.863 0.569 77 0 90.72 13.18 0 0.6
60800 10 1 0.03 0.456 0.219 0.756 0.937 97 0 108.76 11.48 0.34 0.56
60800 10 1 0.111 0.236 0.437 0.882 0.153 35 22 46.8 64.3 0 0
60800 10 1 0.039 0.098 0.42 0.792 0.886 68 2 89.78 14.14 0 0.76
60800 10 1 0.055 0.332 0.442 0.826 0.054 25 10 36.32 197.34 0 0
60800 10 1 0.034 0.433 0.155 0.958 0.224 25 19 29.68 328.24 0 0
60800 10 1 0.058 0.237 0.107 0.869 0.34 26 107 30.28 224.26 0 0
60800 10 1 0.062 0.05 0.338 0.954 0.489 88 0 101.64 12.78 0.04 0.62
60800 10 1 0.05 0.095 0.311 0.997 0.149 62 2 74.32 22.88 0 0.34
60800 10 1 0.115 0.333 0.132 0.914 0.81 89 1 97.26 14.98 0 0.44
60800 10 1 0.067 0.212 0.435 0.838 0.615 83 0 101.34 6.84 0.26 0.72
60800 10 1 0.046 0.105 0.281 0.815 0.134 35 2 59.44 33.46 0 0.46
60800 10 1 0.104 0.116 0.285 0.832 0.315 81 1 92.94 15.2 0 0.66
60800 10 1 0.077 0.47 0.115 0.777 0.372 25 70 29.26 565.5 0 0
60800 10 1 0.02 0.425 0.495 0.858 0.04 25 12 33.6 214.3 0 0
60800 10 1 0.002 0.132 0.293 0.785 0.909 103 0 113.04 8.12 0.48 0.64
60800 10 1 0.034 0.472 0.278 0.873 0.614 79 1 99.28 13.28 0 0.54
60800 10 1 0.012 0.355 0.16 0.776 0.132 25 73 34.62 322.66 0 0
60800 10 1 0.092 0.336 0.161 0.8 0.164 25 747 26.28 899.22 0 0
60800 10 1 0.086 0.04 0.276 0.836 0.3 91 0 110.46 13.32 0.52 0.6
60800 10 1 0.036 0.017 0.315 0.931 0.63 100 1 111.8 10.48 0.56 0.68
60800 10 1 0.09 0.211 0.306 0.963 0.927 77 2 93.94 14.84 0 0.6
60800 10 1 0.017 0.241 0.166 0.802 0.978 90 1 105.1 13.26 0.22 0.54
60800 10 1 0.026 0.247 0.34 0.784 0.526 85 0 98.92 14.58 0.04 0.42
60800 10 1 0.1 0.353 0.314 0.809 0.589 69 1 90.66 12.64 0 0.68
60800 10 1 0.096 0.318 0.063 0.819 0.873 93 2 103.66 13.18 0.04 0.36
60800 10 1 0.068 0.023 0.196 0.831 0.431 92 1 98.84 13.12 0 0.54
60800 10 1 0.047 0.357 0.067 0.754 0.045 25 707 27.44 910.38 0 0
60800 10 1 0.103 0.249 0.067 0.843 0.798 98 3 110.8 14.02 0.54 0.6
60800 10 1 0.079 0.224 0.297 0.855 0.196 26 1 38.2 126.04 0 0.3
60800 10 2 0.018 0.374 0.233 0.767 0.385 36 2 53.26 51.74 0 0.22
60800 10 2 0.066 0.075 0.239 0.774 0.771 71 0 86.82 12.06 0.06 0.74
60800 10 2 0.081 0.464 0.177 0.762 0.494 48 2 67.14 26.18 0 0.64
60800 10 2 0.113 0.153 0.123 0.752 0.488 63 1 79.04 8.58 0 0.72
60800 10 2 0.032 0.149 0.187 0.814 0.787 96 2 110.44 11.68 0.54 0.48
60800 10 2 0.116 0.195 0.153 0.991 0.325 37 90 56.5 131.86 0 0
60800 10 2 0.086 0.486 0.424 0.764 0.256 28 3 52.42 84.8 0 0.36
60800 10 2 0.116 0.208 0.36 0.946 0.21 43 3 56.3 36.84 0 0.32
60800 10 2 0.039 0.144 0.354 0.766 0.932 100 0 110.04 9.92 0.36 0.54
60800 10 2 0.097 0.444 0.282 0.945 0.114 25 217 29.34 611.44 0 0
60800 10 2 0.042 0.261 0.375 0.769 0.916 99 1 117.2 12.04 0.84 0.64
60800 10 2 0.068 0.484 0.447 0.849 0.777 108 0 112.52 7.46 0.52 0.72
60800 10 2 0.08 0.171 0.29 0.826 0.728 95 0 103.96 8.32 0.02 0.6
60800 10 2 0.074 0.106 0.145 0.872 0.277 45 7 57.58 46.36 0 0.02
60800 10 2 0.074 0.169 0.367 0.956 0.843 92 0 110.84 11.46 0.52 0.62
60800 10 2 0.111 0.408 0.043 0.872 0.453 25 23 33.5 422.3 0 0
60800 10 2 0.117 0.277 0.162 0.991 0.64 89 0 98.2 11.06 0 0.62
60800 10 2 0.091 0.486 0.495 0.879 0.453 108 0 113.04 10.04 0.58 0.6
60800 10 2 0.097 0.218 0.036 0.869 0.162 25 1003 26.36 1164.26 0 0
60800 10 2 0.027 0.063 0.363 0.984 0.076 46 6 63.44 38.9 0 0.26
60800 10 2 0.058 0.284 0.234 0.917 0.703 82 1 98.76 13.12 0 0.58
60800 10 2 0.062 0.059 0.42 0.809 0.177 101 1 117.48 6.72 0.76 0.74
60800 10 2 0.035 0.232 0.188 0.873 0.725 82 1 95.2 14.06 0.02 0.6
60800 10 2 0.065 0.386 0.104 0.769 0.692 63 2 85.22 15.4 0.06 0.66
60800 10 2 0.036 0.174 0.033 0.85 0.087 25 880 26.66 1040.44 0 0
60800 10 2 0.036 0.363 0.296 0.795 0.322 45 12 51.96 55.58 0 0
60800 10 2 0.109 0.472 0.09 0.79 0.695 57 0 91.62 20.74 0.04 0.52
60800 10 2 0.031 0.138 0.333 0.969 0.29 70 1 91.14 18.36 0 0.5
60800 10 2 0.117 0.292 0.146 0.863 0.403 27 17 36.72 122.98 0 0
60800 10 2 0.039 0.221 0.085 0.896 0.165 25 705 28.34 934.1 0 0
60800 10 2 0.065 0.456 0.328 0.894 0.991 99 1 116.88 14.4 0.7 0.38
60800 10 2 0.114 0.119 0.047 0.972 0.731 99 0 108.8 11.78 0.3 0.46
60800 10 2 0.056 0.162 0.007 0.903 0.124 25 1158 26.18 1235.76 0 0
60800 10 3 0.045 0.493 0.185 0.814 0.092 25 438 28.06 859.46 0 0
60800 10 3 0.103 0.041 0.101 0.863 0.672 26 0 40.42 10.66 0 0.76
60800 10 3 0.066 0.284 0.055 0.988 0.818 71 2 77.72 11.08 0 0.64
60800 10 3 0.086 0.09 0.448 0.914 0.419 60 0 66.38 8.3 0 0.76
60800 10 3 0.072 0.298 0.389 0.762 0.675 29 2 43.46 6.92 0 0.88
60800 10 3 0.062 0.027 0.065 0.756 0.186 37 1 50.44 14.48 0 0.64
60800 10 3 0.086 0.344 0.032 0.776 0.832 33 1 48.76 8.88 0 0.72
60800 10 3 0.076 0.262 0.18 0.828 0.448 50 2 65.12 40.04 0 0.4
60800 10 3 0.013 0.385 0.416 0.975 0.534 34 0 47.36 10.58 0 0.66
60800 10 3 0.009 0.405 0.433 0.876 0.61 61 0 71.52 8.14 0 0.76
60800 10 3 0.031 0.461 0.285 0.833 0.677 31 0 48.34 11 0 0.76
60800 10 3 0.021 0.305 0.062 0.785 0.065 25 746 28.38 944.08 0 0
60800 10 3 0.116 0.05 0.051 0.81 0.679 32 0 61.24 9.38 0 0.7
60800 10 3 0.005 0.471 0.402 0.837 0.386 61 1 70.18 18.62 0 0.56
60800 10 3 0.006 0.195 0.309 0.962 0.487 84 1 91.02 12.72 0 0.48
60800 10 3 0.102 0.088 0.462 0.824 0.17 31 0 41.42 13.12 0 0.78
60800 10 3 0.108 0.455 0.409 0.904 0.243 33 3 52.28 60.74 0 0.4
60800 10 3 0.043 0.431 0.48 0.808 0.386 51 0 59.44 13.4 0 0.62
60800 10 3 0.014 0.08 0.213 0.907 0.546 67 1 73.14 10.88 0 0.7
60800 10 3 0.018 0.446 0.328 0.779 0.155 26 3 42.7 133.94 0 0.34
60800 10 3 0.082 0.334 0.326 0.93 0.395 36 0 49 31.42 0 0.66
60800 10 3 0.017 0.037 0.364 0.95 0.429 65 0 71.56 7.32 0 0.68
60800 10 3 0.019 0.208 0.289 0.83 0.933 32 1 44.18 7.46 0 0.84
60800 10 3 0.021 0.074 0.391 0.766 0.42 76 0 88.66 6.64 0 0.76
60800 10 3 0.033 0.34 0.417 0.841 0.025 25 309 30.04 450.58 0 0
60800 10 3 0.114 0.104 0.353 0.979 0.279 33 1 50.24 10.94 0 0.76
60800 10 3 0.011 0.326 0.414 0.961 0.535 33 2 45.58 12.32 0 0.76
60800 10 3 0.085 0.065 0.465 0.755 0.6 42 0 60.62 10.68 0 0.72
60800 10 3 0.108 0.087 0.18 0.908 0.434 27 0 40.92 11.1 0 0.72
60800 10 3 0.027 0.343 0.267 0.931 0.743 29 1 43.56 12.56 0 0.8
60800 10 3 0.103 0.467 0.386 0.896 0.459 89 0 97.26 11.68 0 0.48
60800 10 3 0.015 0.199 0.317 0.773 0.446 77 0 88.7 16 0 0.34
60800 10 3 0.081 0.287 0.109 0.754 0.017 25 492 34.02 702.56 0 0
60800 10 3 0.067 0.241 0.123 0.77 0.201 25 781 26.12 884.74 0 0
60800 10 3 0.02 0.205 0.254 0.759 0.146 34 1 52.6 63.92 0 0.5
60800 10 3 0.025 0.092 0.49 0.825 0.104 74 3 80.96 16.86 0 0.44
60800 10 3 0.072 0.132 0.276 0.877 0.122 25 3 42 116.74 0 0.52
60800 10 3 0.038 0.324 0.213 0.873 0.254 32 4 48.1 130.94 0 0.18
60800 10 3 0.001 0.353 0.237 0.808 0.24 34 3 53.26 89.64 0 0.1
60800 10 3 0.107 0.41 0.374 0.971 0.859 55 1 64.02 11.06 0 0.7
60800 10 3 0.067 0.083 0.494 0.772 0.753 27 0 44.74 12.58 0 0.8
60800 10 3 0.019 0.229 0.121 0.796 0.396 25 1 55.84 112.7 0 0.44
60800 10 3 0.023 0.164 0.367 0.762 0.787 32 0 46.76 9.64 0 0.82
60800 10 3 0.015 0.19 0.065 0.831 0.676 52 0 68.06 19.6 0 0.58
60800 10 3 0.036 0.247 0.063 0.988 0.321 25 277 31.42 575.76 0 0
60800 10 3 0.041 0.049 0.097 0.904 0.212 43 0 67.6 65.94 0 0.14
60800 10 3 0.119 0.306 0.375 0.935 0.108 27 3 47.2 61.04 0 0.64
60800 10 3 0.068 0.394 0.344 0.966 0.068 26 411 30.68 540 0 0
60800 10 3 0.115 0.324 0.389 0.874 0.222 33 5 51.3 91.78 0 0.28
60800 10 3 0.035 0.39 0.169 0.829 0.818 58 0 69.94 10.26 0 0.68
60800 10 3 0.049 0.447 0.057 0.759 0.28 25 993 26 1035.6 0 0
60800 10 3 0.069 0.336 0.326 0.927 0.3 37 0 56.02 25.38 0 0.42
60800 10 3 0.067 0.062 0.087 0.932 0.608 53 0 73.92 10.1 0 0.54
60800 10 3 0.064 0.096 0.43 0.833 0.798 50 0 64.24 10.02 0 0.74
60800 10 3 0.033 0.236 0.455 0.867 0.987 75 1 79.8 7.88 0 0.68
60800 10 3 0.051 0.273 0.317 0.798 0.904 58 1 68.66 8.94 0 0.74
60800 10 3 0.012 0.298 0.196 0.815 0.492 46 1 61.58 13.98 0 0.54
60800 10 3 0.028 0.033 0.119 0.911 0.796 29 0 42.2 11.42 0 0.82
60800 10 3 0.072 0.088 0.34 0.91 0.383 30 1 44.68 10.62 0 0.74
60800 10 3 0.108 0.329 0.277 0.873 0.832 33 0 43.72 9.72 0 0.68
60800 10 3 0.1 0.131 0.079 0.842 0.727 26 0 40.66 12.66 0 0.66
60800 10 3 0.039 0.386 0.052 0.811 0.43 25 101 32.48 334.98 0 0
60800 10 3 0.119 0.414 0.295 0.907 0.563 56 0 71.2 15.6 0 0.56
60800 10 3 0.096 0.37 0.285 0.884 0.952 43 1 49.48 9.2 0 0.74
60800 10 3 0.065 0.382 0.413 0.82 0.233 49 8 58.3 63.72 0 0.08
60800 10 3 0.064 0.106 0.48 0.815 0.119 48 1 61.42 13.84 0 0.66
60800 10 3 0.058 0.34 0.444 0.941 0.768 29 0 45.08 10.96 0 0.78
60800 10 3 0.004 0.367 0.462 0.923 0.337 59 0 73.18 10.06 0 0.74
60800 10 3 0.069 0.206 0.091 0.88 0.743 68 0 76.86 8.4 0 0.62
60800 10 3 0.033 0.321 0.325 0.83 0.639 44 2 55.62 10.52 0 0.66
60800 10 3 0.117 0.079 0.054 0.965 0.62 50 1 66.5 10.1 0 0.68
60800 10 3 0.085 0.082 0.302 0.798 0.796 78 0 85.02 4.78 0 0.78
60800 10 3 0.11 0.415 0.113 0.79 0.876 31 1 43.32 8.24 0 0.84
60800 10 3 0.047 0.216 0.349 0.901 0.753 28 0 40.9 9.36 0 0.74
60800 10 3 0.05 0.144 0.24 0.989 0.841 25 0 38.04 10.22 0 0.8
60800 10 3 0.103 0.341 0.237 0.919 0.195 28 9 45.52 140.74 0 0.02
60800 10 3 0.009 0.011 0.451 0.924 0.328 77 1 83.76 7.34 0 0.74
60800 10 3 0.106 0.437 0.351 0.997 0.883 29 0 41.96 10.44 0 0.68
60800 10 3 0.089 0.469 0.08 0.816 0.121 25 958 26.24 1013.2 0 0
60800 10 3 0.022 0.012 0.316 0.997 0.453 27 0 40.64 11.04 0 0.82
60800 10 3 0.116 0.237 0.434 0.843 0.37 44 0 53.78 12.56 0 0.68
60800 10 3 0.104 0.307 0.106 0.919 0.452 26 19 41.94 123.54 0 0
60800 10 3 0.078 0.491 0.04 0.85 0.42 25 461 26.68 892.5 0 0
60800 10 3 0.034 0.049 0.372 0.934 0.63 51 0 58.16 10.86 0 0.74
60800 10 3 0.061 0.279 0.225 0.753 0.86 64 0 73.68 6.76 0 0.74
60800 10 3 0.056 0.056 0.337 0.834 0.032 25 3 40.2 101.64 0 0.28
60800 10 3 0.091 0.099 0.363 0.842 0.345 30 0 47.56 8.84 0 0.74
60800 10 3 0.101 0.476 0.399 0.894 0.677 34 1 46.28 11.1 0 0.76
60800 10 3 0.029 0.078 0.131 0.945 0.519 65 0 74.32 12.4 0 0.62
60800 10 3 0.044 0.258 0.274 0.813 0.026 25 177 30.94 625.36 0 0
60800 10 3 0.084 0.073 0.048 0.885 0.628 60 0 72.72 8.42 0 0.66
60800 10 3 0.064 0.175 0.453 0.915 0.495 29 1 52.56 14.4 0 0.74
60800 10 3 0.082 0.492 0.308 0.919 0.468 31 1 57.52 33.38 0 0.66
60800 10 3 0.047 0.324 0.459 0.956 0.093 32 6 47.58 105.62 0 0.14
60800 10 3 0.044 0.479 0.261 0.846 0.833 77 0 86.6 7.8 0 0.68
60800 10 3 0.103 0.074 0.107 0.873 0.403 32 1 49 9.94 0 0.68
60800 10 3 0.062 0.263 0.394 0.831 0.625 30 0 39.94 10.74 0 0.84
60800 10 3 0.063 0.22 0.143 0.792 0.187 25 239 28.36 699.16 0 0
60800 10 3 0.031 0.334 0.265 0.785 0.601 56 0 64.08 13.54 0 0.58
60800 10 3 0.027 0.476 0.35 0.83 0.92 29 0 42.44 12.52 0 0.76
60800 10 3 0.028 0.102 0.077 0.75 0.717 47 1 54.02 11.12 0 0.78
60800 10 3 0.041 0.413 0.237 0.943 0.707 67 0 76.54 9.46 0 0.66
60800 10 3 0.075 0.194 0.185 0.872 0.436 43 0 61.74 31.6 0 0.36
60800 10 3 0.102 0.121 0.011 0.843 0.528 36 6 50.12 48.68 0 0.3
60800 10 3 0.098 0.109 0.259 0.909 0.962 30 0 43.78 10.64 0 0.82
60800 10 3 0.043 0.056 0.213 0.864 0.856 53 0 71 10.38 0 0.74
60800 10 3 0.065 0.381 0.17 0.793 0.109 25 972 26.28 1065.96 0 0
60800 10 3 0.007 0.459 0.396 0.892 0.603 37 0 58.18 11.1 0 0.78
60800 10 3 0.034 0.151 0.232 0.754 0.622 82 1 101.9 10.56 0.26 0.56
60800 10 3 0.03 0.192 0.072 0.906 0.458 29 2 44.28 125.54 0 0.08
60800 10 3 0.093 0.304 0.456 0.92 0.394 34 0 47.12 7.56 0 0.84
60800 10 3 0.102 0.108 0.343 0.832 0.323 32 0 44.88 10.66 0 0.78
60800 10 3 0.062 0.424 0.26 0.767 0.117 25 405 27.14 666.72 0 0
60800 10 3 0.006 0.154 0.148 0.866 0.926 50 0 59.5 8.82 0 0.74
60800 10 3 0.044 0.359 0.002 0.879 0.307 25 588 30.4 717.36 0 0
60800 10 3 0.075 0.293 0.279 0.994 0.941 53 3 68.26 7.28 0 0.82
60800 10 3 0.116 0.264 0.222 0.889 0.787 44 0 56.22 8.84 0 0.68
60800 10 3 0.115 0.082 0.031 0.955 0.578 79 1 86.96 7.82 0 0.66
60800 10 3 0.094 0.299 0.208 0.785 0.85 33 0 53.64 10.1 0 0.78
60800 10 3 0.079 0.023 0.226 0.961 0.561 29 2 44.08 12.36 0 0.78
60800 10 3 0.011 0.12 0.387 0.939 0.342 50 0 77.3 10.7 0 0.64
60800 10 3 0.005 0.09 0.319 0.902 0.66 29 0 40.26 11.22 0 0.78
60800 10 3 0.059 0.106 0.438 0.981 0.588 55 0 64.92 10.14 0 0.6
60800 10 3 0.1 0.297 0.192 0.772 0.172 25 250 35.52 480.32 0 0
60800 10 3 0.119 0.321 0.022 0.971 0.033 25 1083 26.2 1122.08 0 0
60800 10 3 0.118 0.431 0.256 0.909 0.01 25 995 26.44 1151.26 0 0
60800 10 3 0.096 0.452 0.063 0.845 0.633 40 1 59.14 30.38 0 0.52
60800 10 3 0.034 0.109 0.153 0.889 0.446 85 5 94.64 16.92 0 0.18
60800 10 3 0.031 0.387 0.105 0.965 0.881 31 0 44.12 10.64 0 0.7
60800 10 3 0.029 0.424 0.496 0.95 0.855 28 0 39.08 9.5 0 0.78
60800 10 3 0.11 0.321 0.463 0.952 0.198 50 1 61.98 23 0 0.42
60800 10 3 0.096 0.193 0.048 0.977 0.303 25 431 31.58 749.66 0 0
60800 10 3 0.05 0.102 0.491 0.977 0.495 60 1 72.44 9.44 0 0.68
60800 10 3 0.027 0.063 0.441 0.971 0.125 47 0 56.36 9.18 0 0.74
60800 10 3 0.054 0.194 0.339 0.8 0.079 25 7 44.02 242.52 0 0.02
60800 10 3 0.038 0.115 0.147 0.82 0.455 31 0 47.52 5.8 0 0.84
60800 10 3 0.119 0.198 0.352 0.852 0.476 55 0 64.34 7.26 0 0.76
60800 10 3 0.013 0.499 0.235 0.892 0.463 47 2 61.5 9.24 0 0.68
60800 10 3 0.012 0.329 0.091 0.914 0.544 33 8 49.98 61.88 0 0.02
60800 10 3 0.075 0.012 0.028 0.923 0.857 31 0 46.42 8.44 0 0.86
60800 10 3 0.035 0.252 0.447 0.856 0.734 30 0 43.38 10.82 0 0.76
60800 10 3 0.075 0.012 0.225 0.794 0.887 35 0 52.26 10.82 0 0.74
60800 10 3 0.079 0.093 0.01 0.846 0.756 75 2 80.68 13.2 0 0.6
60800 10 3 0.014 0.382 0.292 0.869 0.033 26 326 31.18 462.94 0 0
60800 10 3 0.046 0.354 0.492 0.804 0.444 60 3 68.28 9.82 0 0.72
60800 10 3 0.032 0.398 0.31 0.954 0.627 45 0 60.48 12.22 0 0.72
60800 10 3 0.021 0.479 0.046 0.897 0.68 34 0 53.14 11.04 0 0.76
60800 10 3 0.091 0.333 0.11 0.801 0.674 61 0 71.62 17.32 0 0.58
60800 10 3 0.016 0.11 0.485 0.772 0.732 28 0 41.88 12.76 0 0.78
60800 10 3 0.117 0.11 0.219 0.85 0.006 25 1065 26.18 1122.3 0 0
60800 10 3 0.02 0.312 0.185 0.944 0.575 50 1 60.58 23.1 0 0.54
60800 10 3 0.11 0.057 0.138 0.822 0.444 41 0 52.94 8.88 0 0.76
60800 10 3 0.005 0.357 0.247 0.779 0.277 33 0 58.16 44.02 0 0.48
60800 10 3 0.017 0.196 0.285 0.809 0.851 29 1 39.44 6 0 0.86
60800 10 3 0.076 0.222 0.376 0.892 0.064 25 4 50.8 97.48 0 0.38
60800 10 3 0.085 0.375 0.246 0.863 0.107 25 251 35.7 566 0 0
60800 10 3 0.097 0.096 0.284 0.825 0.158 54 0 66.04 24.12 0 0.52
60800 10 3 0.041 0.259 0.099 0.998 0.809 38 0 53.62 13.6 0 0.74
60800 10 3 0.067 0.067 0.296 0.758 0.887 69 1 76.7 9.22 0 0.66
60800 10 3 0.01 0.475 0.243 0.987 0.261 35 52 47.38 114.02 0 0
60800 10 3 0.087 0.211 0.098 0.783 0.48 37 36 42.64 101.84 0 0
60800 10 3 0.113 0.477 0.216 0.955 0.972 33 1 56.14 14.7 0 0.74
60800 10 3 0.054 0.358 0.15 0.833 0.592 49 1 62.5 23.12 0 0.56
60800 10 3 0.015 0.429 0.137 0.752 0.084 25 912 26.18 959.46 0 0
60800 10 3 0.075 0.316 0.17 0.918 0.548 50 1 59.62 28.9 0 0.26
60800 10 3 0.091 0.183 0.265 0.927 0.404 66 0 74.46 17.18 0 0.64
60800 10 3 0.063 0.362 0.167 0.778 0.956 47 0 61.92 10.08 0 0.76
60800 10 3 0.089 0.192 0.413 0.985 0.859 46 0 54.08 9.44 0 0.8
60800 10 3 0.079 0.397 0.312 0.988 0.663 28 1 38.16 11.8 0 0.76
60800 10 3 0.107 0.278 0.439 0.849 0.239 67 0 74.46 16.22 0 0.5
60800 10 3 0.005 0.042 0.083 0.947 0.28 28 0 45.84 55.46 0 0.5
60800 10 3 0.115 0.09 0.264 0.978 0.742 68 0 82 7.74 0 0.7
60800 10 3 0.031 0.455 0.08 0.867 0.989 64 0 73.68 7.92 0 0.7
60800 10 3 0.046 0.013 0.365 0.831 0.677 32 1 44 11.14 0 0.68
60800 10 3 0.019 0.024 0.351 0.866 0.985 58 1 66.46 10.58 0 0.7
60800 10 3 0.1 0.463 0.264 0.802 0.668 38 1 53.38 7.22 0 0.82
60800 10 3 0.108 0.246 0.053 0.982 0.798 29 0 71.12 15.64 0 0.58
60800 10 3 0.036 0.029 0.18 0.91 0.034 27 3 46.8 114.52 0 0.32
60800 10 3 0.003 0.155 0.46 0.795 0.899 41 0 50.86 9.48 0 0.8
60800 10 3 0.034 0.093 0.023 0.911 0.722 63 2 70.58 16.5 0 0.54
60800 10 3 0.04 0.295 0.397 0.999 0.182 27 1 45.46 80.22 0 0.46
60800 10 3 0.039 0.399 0.12 0.795 0.37 28 34 40.82 192.98 0 0
60800 10 3 0.05 0.305 0.419 0.754 0.331 43 0 51.38 18.14 0 0.34
60800 10 3 0.102 0.023 0.431 0.953 0.398 32 0 46.76 9.24 0 0.82
60800 10 3 0.077 0.361 0.442 0.779 0.428 54 0 65.78 13.7 0 0.58
60800 10 3 0.106 0.22 0.03 0.755 0.691 76 1 85.62 12.8 0 0.48
60800 10 3 0.031 0.306 0.33 0.936 0.612 77 1 89.14 10.48 0 0.52
60800 10 3 0.117 0.078 0.132 0.95 0.893 35 0 50.2 9.36 0 0.76
60800 10 3 0.042 0.099 0.142 0.944 0.083 25 744 26.32 856.9 0 0
60800 10 3 0.09 0.355 0.054 0.983 0.428 25 419 31.72 723.36 0 0
60800 10 3 0.095 0.141 0.133 0.907 0.867 27 0 46.92 9.26 0 0.74
60800 10 3 0.104 0.417 0.125 0.88 0.27 25 394 30.52 621.88 0 0
60800 10 3 0.087 0.032 0.145 0.8 0.517 31 0 45 10.74 0 0.76
60800 10 3 0.062 0.235 0.058 0.922 0.75 74 0 84.36 12.98 0 0.52
60800 10 3 0.062 0.316 0.166 0.978 0.864 60 1 66.94 9.5 0 0.62
60800 10 3 0.008 0.335 0.352 0.988 0.91 67 0 76.26 6.78 0 0.74
60800 10 3 0.045 0.461 0.415 0.914 0.056 28 97 32.04 183.24 0 0
60800 10 3 0.057 0.187 0.272 0.783 0.319 54 2 68.06 29 0 0.42
60800 10 3 0.012 0.367 0.025 0.825 0.221 25 854 26.56 1179.26 0 0
60800 10 3 0.058 0.482 0.342 0.76 0.997 26 0 43.54 11.28 0 0.78
60800 10 3 0.042 0.196 0.397 0.885 0.794 32 0 40.78 10.2 0 0.72
60800 10 3 0.014 0.124 0.375 0.971 0.135 59 2 66.28 38.78 0 0.14
60800 10 3 0.071 0.244 0.032 0.938 0.169 25 1064 26 1218.8 0 0
60800 10 3 0.084 0.478 0.152 0.807 0.451 29 4 52.78 99.64 0 0.3
60800 10 3 0.064 0.355 0.427 0.755 0.711 40 1 46.84 11.8 0 0.76
60800 10 3 0.061 0.146 0.038 0.802 0.783 95 0 101.12 14.94 0 0.38
60800 10 3 0.027 0.491 0.137 0.778 0.111 25 377 31.36 712.84 0 0
60800 10 3 0.086 0.442 0.377 0.95 0.718 28 0 42.24 9.54 0 0.78
60800 10 3 0.029 0.18 0.439 0.968 0.86 56 1 66.98 6.4 0 0.86
60800 10 3 0.011 0.264 0.022 0.829 0.708 50 1 58.14 26.16 0 0.46
60800 10 3 0.075 0.074 0.244 0.893 0.93 35 0 47 10.46 0 0.74
60800 10 3 0.028 0.373 0.025 0.935 0.846 90 0 95.06 9.04 0 0.46
60800 10 3 0.083 0.219 0.284 0.888 0.303 40 5 56.98 51.64 0 0.48
60800 10 3 0.064 0.269 0.227 0.791 0.342 34 1 59.7 37.2 0 0.36
60800 10 3 0.116 0.33 0.22 0.86 0.453 48 4 61.24 45.54 0 0.14
60800 10 3 0.041 0.065 0.27 0.982 0.82 59 0 69.28 6.26 0 0.76
60800 10 3 0.082 0.362 0.231 0.784 0.117 25 208 34.54 452.6 0 0
60800 10 3 0.081 0.161 0.381 0.83 0.945 25 0 38.78 9.44 0 0.7
60800 10 3 0.067 0.217 0.178 0.881 0.388 57 3 78.74 16.56 0 0.58
60800 10 3 0.076 0.383 0.291 0.799 0.691 36 0 49.34 11.3 0 0.8
60800 10 3 0.007 0.444 0.385 0.981 0.607 32 0 50.56 9.3 0 0.74
60800 10 3 0.05 0.119 0.113 0.998 0.605 58 1 78.1 19.84 0 0.54
60800 10 3 0.05 0.319 0.115 0.835 0.33 25 3 41.88 215.82 0 0.32
60800 10 3 0.061 0.362 0.242 0.98 0.08 25 684 29.7 769.46 0 0
60800 10 3 0.032 0.076 0.38 0.922 0.433 27 0 42.4 11.94 0 0.78
60800 10 3 0.065 0.11 0.07 0.858 0.925 29 0 43.54 9.7 0 0.8
60800 10 3 0.015 0.403 0.094 0.923 0.738 61 5 69.56 17.7 0 0.68
60800 10 3 0.074 0.281 0.025 0.805 0.039 25 789 26.76 927.16 0 0
60800 10 3 0.047 0.015 0.488 0.93 0.363 33 0 49.06 10.1 0 0.76
60800 10 3 0.107 0.253 0.3 0.922 0.096 25 196 32.14 459.54 0 0
60800 10 3 0.104 0.39 0.36 0.932 0.72 27 1 45.96 12.34 0 0.8
60800 10 3 0.063 0.284 0.369 0.835 0.026 25 374 33.5 580.14 0 0
60800 10 3 0.049 0.243 0.263 0.869 0.065 25 80 34.12 353.3 0 0
60800 10 3 0.004 0.162 0.135 0.829 0.233 26 7 47.16 71.44 0 0.08
60800 10 3 0.06 0.437 0.124 0.913 0.745 85 1 93.06 10.8 0 0.64
60800 10 3 0.067 0.497 0.438 0.927 0.579 31 0 46.26 10.62 0 0.76
60800 10 3 0.067 0.288 0.484 0.801 0.065 25 43 38.72 175.12 0 0
60800 10 3 0.049 0.397 0.364 0.763 0.104 25 4 39.92 188.08 0 0.44
60800 10 3 0.026 0.453 0.485 0.861 0.629 25 0 41.1 10.58 0 0.7
60800 10 3 0.037 0.076 0.357 0.856 0.244 28 0 47.62 11.58 0 0.68
60800 10 3 0.065 0.192 0.15 0.771 0.321 53 2 64.52 52.14 0 0.56
60800 10 3 0.034 0.376 0.434 0.956 0.1 27 1 54.96 147.28 0 0.36
60800 10 3 0.071 0.008 0.232 0.764 0.717 28 1 38.14 12.86 0 0.88
60800 10 3 0.055 0.374 0.24 0.993 0.701 36 0 60.74 11.86 0 0.74
60800 10 3 0.073 0.179 0.314 0.859 0.677 38 0 47.74 8.72 0 0.76
60800 10 3 0.108 0.114 0.436 0.792 0.876 31 0 43.44 5.3 0 0.86
60800 10 3 0.058 0.158 0.165 0.903 0.746 34 1 40.64 9.82 0 0.72
60800 10 3 0.041 0.488 0.028 0.912 0.404 25 267 29.32 709.28 0 0
60800 10 3 0.009 0.492 0.008 0.826 0.495 25 1006 26.22 1059 0 0
60800 10 3 0.093 0.378 0.467 0.969 0.717 62 0 78.04 7.82 0 0.76
60800 10 3 0.007 0.376 0.029 0.855 0.375 25 30 33.18 537.08 0 0
60800 10 3 0.057 0.187 0.339 0.914 0.595 30 0 36.62 10.76 0 0.74
60800 10 3 0.073 0.36 0.391 0.97 0.178 27 6 46.48 124.1 0 0.2
60800 10 3 0.066 0.069 0.263 0.809 0.306 29 0 41.96 11.44 0 0.68
60800 10 3 0.023 0.401 0.276 0.962 0.411 38 0 52.6 31.72 0 0.34
60800 10 3 0.022 0.254 0.26 0.842 0.51 69 1 82.22 15.12 0 0.62
60800 10 3 0.069 0.454 0.472 0.823 0.333 42 1 55.12 19.42 0 0.48
60800 10 3 0.032 0.227 0.372 0.8 0.401 37 0 51.42 7 0 0.76
60800 10 3 0.113 0.309 0.122 0.982 0.362 27 211 38.3 313.54 0 0
60800 10 3 0.027 0.27 0.355 0.791 0.308 34 2 45.76 27.98 0 0.52
60800 10 3 0.012 0.485 0.042 0.954 0.484 26 68 34.46 230.18 0 0
60800 10 3 0.021 0.223 0.075 0.77 0.427 29 3 41.56 151.98 0 0.16
60800 10 3 0.097 0.371 0.417 0.955 0.512 76 0 85.82 9.02 0 0.74
60800 10 3 0.073 0.384 0.292 0.9 0.665 56 2 64.9 12.82 0 0.68
60800 10 3 0.118 0.351 0.1 0.985 0.895 34 1 52.96 12.32 0 0.78
60800 10 3 0.076 0.285 0.2 0.809 0.384 29 3 52.16 102.28 0 0.28
60800 10 3 0.012 0.49 0.443 0.978 0.251 32 0 44.22 20.32 0 0.7
60800 10 3 0.119 0.337 0.338 0.791 0.286 39 12 62.86 62 0 0
60800 10 3 0.087 0.468 0.292 0.85 0.336 40 4 47.8 57.58 0 0.2
60800 10 3 0.119 0.256 0.028 0.758 0.654 55 1 64.42 21.26 0 0.44
60800 10 3 0.095 0.068 0.42 0.832 0.052 39 1 54.42 38.52 0 0.46
60800 10 3 0.078 0.276 0.245 0.917 0.022 25 1135 26.2 1159.68 0 0
60800 10 3 0.09 0.05 0.04 0.888 0.295 58 4 67.12 43.56 0 0.1
60800 10 3 0.015 0.316 0.27 0.929 0.441 65 0 72.2 24.22 0 0.26
60800 10 3 0.007 0.102 0.309 0.934 0.786 80 1 88.58 7.88 0 0.74
60800 10 3 0.033 0.44 0.449 0.954 0.151 29 1 45.58 72.06 0 0.34
60800 10 3 0.118 0.459 0.083 0.916 0.726 53 3 62.32 17.32 0 0.66
60800 10 3 0.02 0.442 0.223 0.925 0.698 29 0 44.96 11.74 0 0.6
60800 10 3 0.002 0.215 0.211 0.824 0.151 30 2 42.66 118.08 0 0.26
60800 10 3 0.024 0.183 0.411 0.805 0.107 55 4 70.62 46.44 0 0.24
60800 10 3 0.037 0.347 0.112 0.956 0.581 30 2 51.26 41.52 0 0.56
60800 10 3 0.091 0.485 0.333 0.842 0.103 26 140 35.78 428.08 0 0
60800 10 3 0.093 0.355 0.198 0.934 0.31 35 30 41.78 135.72 0 0
60800 10 3 0.005 0.447 0.266 0.855 0.368 33 0 49.4 53.32 0 0.28
60800 10 3 0.089 0.412 0.489 0.948 0.2 35 1 58.96 66.24 0 0.16
60800 10 3 0.04 0.126 0.448 0.958 0.53 30 0 39.46 12.02 0 0.78
60800 10 3 0.021 0.319 0.043 0.803 0.604 42 5 54.72 56.56 0 0.04
60800 10 3 0.101 0.199 0.482 0.816 0.799 25 1 41.4 12.66 0 0.74
60800 10 3 0.105 0.162 0.193 0.955 0.071 25 773 26.64 946.98 0 0
60800 10 3 0.038 0.14 0.186 0.911 0.296 34 3 50.52 25.98 0 0.62
60800 10 3 0.081 0.093 0.298 0.973 0.041 25 24 35.44 222.7 0 0
60800 10 3 0.116 0.224 0.058 0.896 0.377 26 184 35.52 357.32 0 0
60800 10 3 0.079 0.064 0.112 0.963 0.048 25 283 27.2 846.68 0 0
60800 10 3 0.01 0.283 0.04 0.948 0.87 33 0 47.22 14.54 0 0.74
60800 10 3 0.057 0.05 0.039 0.819 0.457 47 1 67.88 29.64 0 0.12
60800 10 3 0.056 0.084 0.295 0.869 0.859 61 1 69.66 7.94 0 0.8
60800 10 3 0.024 0.491 0.07 0.989 0.929 38 0 47.18 9.54 0 0.74
60800 10 3 0.091 0.119 0.3 0.947 0.459 26 1 41.6 5.22 0 0.86
60800 10 3 0.034 0.253 0.484 0.886 0.169 33 0 43.18 36.9 0 0.72
60800 10 3 0.032 0.153 0.05 0.827 0.456 25 18 33.94 179.28 0 0
60800 10 3 0.095 0.02 0.414 0.957 0.178 28 0 41.6 11.54 0 0.74
60800 10 3 0.095 0.215 0.122 0.771 0.877 37 0 57.1 10.22 0 0.68
60800 10 3 0.038 0.255 0.029 0.994 0.844 32 0 42.98 7.8 0 0.78
60800 10 3 0.012 0.27 0.049 0.855 0.624 36 1 56.58 39.68 0 0.58
60800 10 3 0.115 0.421 0.062 0.817 0.89 73 1 81.86 10.06 0 0.6
60800 10 3 0.107 0.233 0.497 0.804 0.104 38 0 55.76 28.1 0 0.64
60800 10 3 0.069 0.206 0.492 0.867 0.537 29 0 42.86 8.9 0 0.72
60800 10 3 0.022 0.325 0.133 0.82 0.069 25 509 33.9 619.42 0 0
60800 10 1 0.076 0.044 0.124 0.855 0.214 73 0 87.24 12.76 0 0.48
60800 10 1 0.016 0.254 0.5 0.826 0.42 99 2 106.14 10.96 0.12 0.46
60800 10 1 0.096 0.44 0.215 0.829 0.918 84 0 102.56 10.84 0.3 0.68
60800 10 1 0.117 0.311 0.481 0.799 0.357 74 0 88.14 14.12 0 0.58
60800 10 1 0.091 0.313 0.251 0.765 0.427 54 1 67.04 43.58 0 0.4
60800 10 1 0.098 0.238 0.01 0.906 0.763 88 3 102.66 15.56 0.04 0.58
60800 10 1 0.025 0.297 0.014 0.842 0.102 25 1098 26.4 1175.48 0 0
60800 10 1 0.102 0.299 0.187 0.895 0.647 81 2 94.12 13.84 0.04 0.54
60800 10 1 0.086 0.344 0.376 0.768 0.856 104 0 113.88 9.66 0.76 0.52
60800 10 1 0.025 0.19 0.024 0.772 0.625 45 4 56.26 46.24 0 0.24
60800 10 1 0.107 0.457 0.008 0.771 0.588 25 107 30.46 251.5 0 0
60800 10 1 0.077 0.103 0.175 0.859 0.139 26 72 36.98 153.24 0 0
60800 10 1 0.064 0.185 0.006 0.765 0.846 73 2 96.16 18.7 0 0.52
60800 10 1 0.113 0.165 0.374 0.75 0.242 76 2 93.4 19.56 0.04 0.3
60800 10 1 0.019 0.3 0.261 0.87 0.234 34 7 49.74 50.8 0 0.04
60800 10 1 0.083 0.162 0.023 0.888 0.662 60 1 80.26 22.2 0 0.34
60800 10 1 0.029 0.271 0.242 0.966 0.12 25 86 39.56 224.3 0 0
60800 10 1 0.025 0.411 0.437 0.785 0.102 29 68 40.5 191.58 0 0
60800 10 1 0.086 0.206 0.429 0.843 0.451 89 0 96.66 12.44 0 0.36
60800 10 1 0.103 0.205 0.384 0.868 0.628 112 1 118.22 12.34 0.92 0.46
60800 10 1 0.111 0.464 0.317 0.975 0.76 109 0 114.08 7.42 0.68 0.7
60800 10 1 0.006 0.457 0.007 0.897 0.482 25 871 26.32 1019.32 0 0
60800 10 1 0.079 0.215 0.101 0.898 0.88 106 0 116.34 12.32 0.48 0.46
60800 10 1 0.057 0.458 0.484 0.799 0.063 26 28 39.88 219.5 0 0
60800 10 1 0.06 0.253 0.364 0.908 0.811 98 0 110.72 7.74 0.42 0.62
60800 10 1 0.099 0.417 0.066 0.871 0.764 80 1 95.8 16.18 0 0.44
60800 10 1 0.089 0.426 0.253 0.808 0.283 25 4 39.04 155.76 0 0.1
60800 10 1 0.061 0.14 0.218 0.893 0.017 25 360 37.7 647.02 0 0
60800 10 1 0.049 0.097 0.36 0.976 0.908 89 1 102 12.42 0.08 0.34
60800 10 1 0.048 0.247 0.208 0.948 0.452 50 3 62.72 47.02 0 0.1
60800 10 1 0.081 0.028 0.199 0.769 0.451 101 0 108.06 10.3 0.14 0.46
60800 10 1 0.069 0.322 0.018 0.888 0.712 62 2 79.62 26.22 0 0.54
60800 10 1 0.084 0.139 0.28 0.774 0.05 25 481 28.06 648.92 0 0
60800 10 1 0.114 0.169 0.131 0.841 0.591 82 1 93.6 16.42 0 0.5
60800 10 1 0.091 0.06 0.486 0.793 0.671 99 1 109.1 8.32 0.18 0.62
60800 10 1 0.068 0.207 0.272 0.861 0.044 25 642 28.9 813.1 0 0
60800 10 1 0.065 0.322 0.269 0.897 0.045 25 528 26.96 857.8 0 0
60800 10 1 0.087 0.012 0.363 0.928 0.3 84 3 105.24 8.82 0.38 0.68
60800 10 1 0.043 0.072 0.361 0.993 0.359 94 1 104.4 10.34 0.12 0.54
60800 10 3 0.005 0.43 0.295 0.976 0.99 37 1 49.1 6.14 0 0.8
60800 10 3 0.082 0.235 0.042 0.755 0.138 25 1013 26.28 1081.74 0 0
60800 10 3 0.084 0.008 0.315 0.942 0.017 74 0 86.34 12.06 0 0.44
60800 10 3 0.103 0.325 0.25 0.889 0.371 33 3 47.74 71.22 0 0.2
60800 10 3 0.074 0.025 0.34 0.911 0.356 57 0 68.18 11.4 0 0.7
60800 10 3 0.069 0.283 0.248 0.937 0.175 25 5 36 181.6 0 0.04
60800 10 3 0.098 0.254 0.004 0.905 0.732 66 1 82.94 20.44 0 0.3
60800 10 3 0.027 0.213 0.265 0.78 0.829 36 0 45.48 10.98 0 0.86
60800 10 3 0.062 0.228 0.384 0.946 0.417 59 0 70.54 9.84 0 0.7
60800 10 3 0.048 0.165 0.145 0.918 0.401 32 1 51.14 61.72 0 0.28
60800 10 3 0.119 0.006 0.103 0.763 0.836 34 1 52.08 12.28 0 0.82
60800 10 3 0.087 0.272 0.216 0.82 0.53 72 1 81.74 19.8 0 0.38
60800 10 3 0.032 0.182 0.199 0.961 0.95 73 1 80.44 6.84 0 0.74
60800 10 3 0.071 0.167 0.097 0.849 0.416 31 8 45.86 101.24 0 0.24
60800 10 3 0.058 0.161 0.026 0.996 0.302 26 598 30.32 716.72 0 0
60800 10 3 0.022 0.282 0.235 0.871 0.808 32 0 43.16 11.6 0 0.7
60800 10 3 0.095 0.37 0.479 0.753 0.152 30 5 40.8 77.22 0 0.58
60800 10 3 0.075 0.195 0.207 0.762 0.679 56 1 64.72 11.44 0 0.68
60800 10 3 0.084 0.085 0.081 0.924 0.38 80 2 93.68 23.3 0 0.48
60800 10 3 0.09 0.377 0.027 0.767 0.803 58 4 67.92 16.64 0 0.64
60800 10 3 0.095 0.343 0.098 0.794 0.827 31 0 45.2 13.54 0 0.7
60800 10 3 0.017 0.138 0.304 0.892 0.377 50 0 65.46 13.18 0 0.74
60800 10 3 0.093 0.452 0.033 0.927 0.434 25 514 27.38 868.52 0 0
60800 10 3 0.097 0.05 0.122 0.912 0.171 52 0 70.62 13.18 0 0.64
60800 10 3 0.116 0.43 0.272 0.839 0.52 42 0 57.64 17.16 0 0.58
60800 10 3 0.094 0.442 0.22 0.945 0.263 28 22 38.06 177.98 0 0
60800 10 3 0.06 0.491 0.365 0.809 0.585 53 0 63.76 7.5 0 0.82
60800 10 3 0.038 0.109 0.471 0.815 0.672 26 1 41.98 9.5 0 0.76
60800 10 3 0.065 0.438 0.497 0.775 0.797 30 1 42.54 8.78 0 0.78
60800 10 3 0.066 0.317 0.029 0.921 0.773 75 1 86.78 14.32 0 0.34
60800 10 3 0.096 0.14 0.161 0.854 0.046 25 1000 26.24 1071 0 0
60800 10 3 0.058 0.216 0.289 0.943 0.774 27 2 38.5 13.74 0 0.72
60800 10 3 0.088 0.378 0.251 0.869 0.254 25 3 36.44 223.62 0 0.3
60800 10 3 0.08 0.375 0.102 0.942 0.991 28 1 42.3 11.18 0 0.74
60800 10 3 0.099 0.308 0.282 0.953 0.536 61 3 72.24 15.98 0 0.72
60800 10 3 0.106 0.492 0.116 0.767 0.672 72 1 83.6 13.7 0 0.52
60800 10 3 0.022 0.116 0.38 0.997 0.064 45 4 64.88 64.66 0 0.12
60800 10 3 0.05 0.216 0.34 0.892 0.153 26 2 52.48 121.1 0 0.3
60800 10 3 0.099 0.302 0.149 0.97 0.45 30 7 50.38 79.62 0 0.3
60800 10 3 0.089 0.354 0.246 0.984 0.825 65 0 72.06 7.88 0 0.76
60800 10 3 0.102 0.014 0.48 0.922 0.43 54 1 63.86 8.36 0 0.76
60800 10 3 0.039 0.138 0.172 0.778 0.471 30 5 44.6 28.6 0 0.72
60800 10 3 0.052 0.219 0.499 0.868 0.542 33 0 46.5 10.04 0 0.78
60800 10 3 0.005 0.352 0.423 0.962 0.534 28 0 58.12 14.34 0 0.66
60800 10 3 0.039 0.057 0.035 0.809 0.207 25 830 26.42 1113.22 0 0
60800 10 3 0.05 0.291 0.326 0.982 0.929 45 0 53.42 8.6 0 0.74
60800 10 3 0.048 0.187 0.388 0.889 0.337 79 1 85.8 9.66 0 0.72
60800 10 3 0.107 0.046 0.053 0.79 0.46 45 0 58.74 8.5 0 0.74
60800 10 3 0.052 0.403 0.495 0.947 0.827 69 0 76.88 7.22 0 0.68
60800 10 3 0.05 0.048 0.343 0.797 0.216 34 0 52.72 10.38 0 0.74
60800 10 3 0.089 0.243 0.053 0.817 0.236 25 885 26.36 999.08 0 0
60800 10 3 0.029 0.015 0.056 0.752 0.336 64 0 74.46 8.78 0 0.7
60800 10 3 0.012 0.07 0.089 0.89 0.703 65 3 78.18 17.9 0 0.5
60800 10 3 0.066 0.029 0.432 0.819 0.811 65 1 72.76 3.76 0 0.86
60800 10 3 0.049 0.449 0.164 0.967 0.049 25 1009 26.24 1046.44 0 0
60800 10 3 0.085 0.486 0.219 0.841 0.263 26 76 34.74 221.06 0 0
60800 10 3 0.067 0.268 0.36 0.93 0.153 26 1 38.54 94.12 0 0.34
60800 10 3 0.105 0.213 0.124 0.784 0.044 25 1048 26.16 1166.02 0 0
60800 10 3 0.081 0.263 0.062 0.945 0.329 26 157 32.48 544.52 0 0
60800 10 3 0.035 0.289 0.051 0.902 0.842 27 0 48.36 13.64 0 0.76
60800 10 3 0.108 0.247 0.387 0.778 0.926 27 3 52.46 13.98 0 0.72
60800 10 3 0.029 0.446 0.405 0.853 0.745 59 0 68.94 9.62 0 0.72
60800 10 3 0.091 0.182 0.122 0.938 0.743 80 0 91.62 9.22 0 0.66
60800 10 3 0.016 0.304 0.19 0.985 0.458 57 1 68.22 22.64 0 0.4
60800 10 3 0.028 0.173 0.198 0.902 0.718 34 0 53.26 9.96 0 0.64
60800 10 3 0.033 0.098 0.239 0.968 0.746 49 0 60.82 9.88 0 0.7
60800 10 3 0.039 0.352 0.35 0.875 0.321 55 1 61.52 25.14 0 0.32
60800 10 3 0.042 0.174 0.475 0.869 0.496 32 2 45.58 10.66 0 0.74
60800 10 3 0.072 0.123 0.323 0.868 0.129 40 1 57.9 56.2 0 0.24
60800 10 3 0.019 0.161 0.114 0.823 0.254 27 3 54.02 92.84 0 0.46
60800 10 3 0.058 0.069 0.225 0.994 0.889 54 0 70.08 6.56 0 0.76
60800 10 3 0.059 0.483 0.44 0.929 0.494 36 0 54.18 10.4 0 0.72
60800 10 3 0.059 0.01 0.177 0.898 0.254 27 1 42.26 5.6 0 0.8
60800 10 3 0.002 0.254 0.192 0.905 0.831 26 0 47.7 10.88 0 0.76
60800 10 3 0.042 0.396 0.097 0.909 0.555 37 4 47.1 43.12 0 0.48
60800 10 3 0.01 0.463 0.499 0.77 0.692 42 0 56.42 9.26 0 0.76
60800 10 3 0.107 0.3 0.485 0.797 0.372 64 0 73.14 9.66 0 0.66
60800 10 3 0.006 0.158 0.044 0.851 0.882 46 0 55.14 12.96 0 0.74
60800 10 3 0.034 0.011 0.396 0.904 0.035 45 0 65.16 10.66 0 0.72
60800 10 3 0.071 0.211 0.362 0.853 0.922 37 0 58.08 9.96 0 0.74
60800 10 3 0.05 0.369 0.242 0.818 0.943 67 0 76.72 6.9 0 0.64
60800 10 3 0.059 0.174 0.172 0.917 0.196 29 6 37.34 194.38 0 0.06
60800 10 3 0.086 0.375 0.322 0.782 0.91 52 0 63.42 10.86 0 0.68
60800 10 3 0.009 0.258 0.263 0.979 0.618 43 0 52.3 13.06 0 0.66
60800 10 3 0.006 0.424 0.334 0.896 0.577 77 1 88.14 10.9 0 0.5
60800 10 3 0.004 0.272 0.385 0.858 0.159 28 1 47.08 61.08 0 0.58
60800 10 3 0.068 0.475 0.47 0.971 0.975 50 1 56.54 9.24 0 0.76
60800 10 3 0.07 0.417 0.199 0.76 0.197 25 83 28.14 540.16 0 0
60800 10 3 0.034 0.11 0.473 0.796 0.984 34 1 50.02 11.1 0 0.8
60800 10 3 0.088 0.359 0.056 0.926 0.265 25 347 30.56 748.38 0 0
60800 10 3 0.11 0.339 0.442 0.783 0.66 46 0 55.66 6.26 0 0.82
60800 10 3 0.067 0.129 0.196 0.824 0.693 27 0 39.72 12.36 0 0.7
60800 10 3 0.091 0.239 0.248 0.798 0.336 31 41 50.9 104.32 0 0
60800 10 3 0.106 0.436 0.434 0.815 0.556 46 1 60.32 9.06 0 0.78
60800 10 3 0.076 0.463 0.49 0.818 0.05 28 120 40.36 245.5 0 0
60800 10 3 0.081 0.493 0.115 0.987 0.533 33 3 44.76 68.14 0 0.2
60800 10 3 0.047 0.259 0.444 0.917 0.658 34 1 48.42 9.84 0 0.78
60800 10 3 0.012 0.034 0.127 0.86 0.197 45 1 53.9 25.94 0 0.48
60800 10 3 0.086 0.25 0.347 0.772 0.491 32 0 46.26 5.54 0 0.82
60800 10 3 0.074 0.477 0.084 0.775 0.89 37 0 44.26 8.42 0 0.76
60800 10 3 0.002 0.392 0.268 0.753 0.788 27 0 56.56 11.7 0 0.7
60800 10 3 0.028 0.028 0.372 0.814 0.311 64 1 74.2 6.72 0 0.7
60800 10 3 0.03 0.445 0.4 0.949 0.57 74 0 86.64 10.72 0 0.5
60800 10 3 0.085 0.078 0.421 0.962 0.724 54 1 66.42 9.58 0 0.72
60800 10 3 0.024 0.236 0.324 0.795 0.894 34 0 56.32 10.34 0 0.72
60800 10 3 0.014 0.088 0.474 0.896 0.712 58 0 70.4 5.74 0 0.8
60800 10 3 0.006 0.29 0.002 0.774 0.907 116 2 119.74 10.1 1 0.54
60800 10 3 0.085 0.269 0.213 0.808 0.076 25 1043 26.38 1081 0 0
60800 10 3 0.104 0.287 0.465 0.77 0.819 36 0 45.86 11.06 0 0.82
60800 10 3 0.027 0.255 0.317 0.878 0.121 25 20 42.7 149.26 0 0
60800 10 3 0.028 0.33 0.296 0.859 0.537 45 1 55.72 21.16 0 0.56
60800 10 3 0.062 0.473 0.439 0.837 0.799 52 1 62.5 8.54 0 0.62
60800 10 3 0.011 0.446 0.387 0.797 0.37 59 1 70.06 28.06 0 0.26
60800 10 3 0.042 0.367 0.047 0.927 0.005 25 828 27.26 951.8 0 0
60800 10 3 0.085 0.018 0.1 0.828 0.608 69 0 78.34 6.76 0 0.74
60800 10 3 0.061 0.486 0.359 0.999 0.663 30 0 40.54 10.54 0 0.78
60800 10 3 0.08 0.038 0.404 0.869 0.202 30 1 45.42 12.52 0 0.78
60800 10 3 0.074 0.4 0.418 0.995 0.724 27 0 46.24 10.12 0 0.76
60800 10 3 0.104 0.254 0.177 0.834 0.682 81 1 90.38 10.24 0 0.48
60800 10 3 0.039 0.244 0.342 0.997 0.379 56 2 65.34 18.46 0 0.68
60800 10 3 0.105 0.154 0.12 0.911 0.931 65 0 77.56 7.54 0 0.64
60800 10 3 0.056 0.474 0.311 0.972 0.443 40 1 55.96 36.16 0 0.52
60800 10 3 0.038 0.065 0.01 0.899 0.188 25 1002 26.36 1110.74 0 0
60800 10 3 0.013 0.243 0.031 0.988 0.593 33 12 52.74 100.36 0 0
60800 10 3 0.082 0.202 0.317 0.799 0.309 57 1 68.66 10.94 0 0.74
60800 10 3 0.021 0.023 0.499 0.97 0.562 33 0 52.06 10.06 0 0.76
60800 10 3 0.042 0.052 0.409 0.919 0.404 58 0 76.94 11.7 0 0.58
60800 10 3 0.079 0.124 0.425 0.938 0.111 61 2 73.08 23.78 0 0.36
60800 10 3 0.063 0.269 0.292 0.928 0.417 72 0 83.4 11.5 0 0.56
60800 10 3 0.047 0.405 0.059 0.866 0.126 25 958 26.42 1011.8 0 0
60800 10 3 0.077 0.46 0.194 0.841 0.297 25 7 40.88 142.18 0 0.18
60800 10 3 0.046 0.147 0.113 0.98 0.957 28 0 46.72 9.18 0 0.76
60800 10 3 0.081 0.085 0.24 0.799 0.781 29 1 40.08 8.84 0 0.84
60800 10 3 0.008 0.476 0.492 0.888 0.967 80 0 86.66 5.26 0 0.74
60800 10 3 0.007 0.178 0.331 0.967 0.805 38 1 48.7 11.88 0 0.72
60800 10 3 0.002 0.262 0.009 0.867 0.275 25 1196 26.18 1244.66 0 0
60800 10 3 0.083 0.11 0.416 0.835 0.939 45 0 57.42 9.4 0 0.72
60800 10 3 0.102 0.422 0.355 0.921 0.23 37 40 45.94 127.82 0 0
60800 10 3 0.12 0.421 0.069 0.904 0.621 41 2 62.52 30.72 0 0.48
60800 10 3 0.049 0.415 0.23 0.766 0.716 50 1 60.38 6.68 0 0.74
60800 10 3 0.035 0.398 0.224 0.959 0.51 58 0 76.24 16.7 0 0.48
60800 10 3 0.108 0.237 0.088 0.815 0.095 25 957 26.54 1010.04 0 0
60800 10 3 0.095 0.075 0.15 0.953 0.055 25 829 26.22 902.2 0 0
60800 10 3 0.094 0.242 0.024 0.871 0.402 25 269 30.68 482.78 0 0
60800 10 3 0.071 0.087 0.065 0.978 0.872 59 1 72.78 11.52 0 0.68
60800 10 3 0.086 0.199 0.104 0.754 0.256 25 587 29.12 715.28 0 0
60800 10 3 0.011 0.007 0.121 0.85 0.249 28 0 45.54 11.56 0 0.8
60800 10 3 0.047 0.228 0.213 0.988 0.333 54 2 61.78 56.02 0 0.16
60800 10 3 0.085 0.411 0.495 0.888 0.581 49 1 58.26 10.74 0 0.74
60800 10 3 0.008 0.439 0.277 0.765 0.006 25 936 26.14 1003.48 0 0
60800 10 3 0.088 0.006 0.148 0.818 0.036 28 0 39.18 10.9 0 0.74
60800 10 3 0.078 0.034 0.396 0.775 0.696 37 1 49.82 10.8 0 0.72
60800 10 3 0.018 0.171 0.017 0.835 0.01 25 1195 26.54 1254.28 0 0
60800 10 3 0.041 0.096 0.38 0.903 0.261 46 0 56.18 2.92 0 0.86
60800 10 3 0.006 0.025 0.246 0.799 0.2 31 0 40.9 8.52 0 0.74
60800 10 3 0.109 0.16 0.175 0.851 0.718 30 0 44.42 8.16 0 0.78
60800 10 3 0.059 0.14 0.389 0.75 0.315 64 1 80.82 13.9 0 0.46
60800 10 3 0.08 0.106 0.333 0.853 0.109 35 16 52.12 78.18 0 0
60800 10 3 0.103 0.042 0.31 0.834 0.988 29 3 42.36 7.78 0 0.84
60800 10 3 0.061 0.368 0.054 0.8 0.906 87 1 99.38 5.56 0 0.8
60800 10 3 0.12 0.118 0.328 0.778 0.541 42 0 62.9 9.8 0 0.66
60800 10 3 0.021 0.336 0.42 0.912 0.715 29 0 42.7 11.68 0 0.8
60800 10 3 0.066 0.352 0.418 0.922 0.336 74 3 82.02 20.34 0 0.16
60800 10 3 0.022 0.449 0.325 0.812 0.308 39 3 55.32 26.8 0 0.38
60800 10 3 0.087 0.018 0.164 0.893 0.929 65 0 74.98 8.92 0 0.74
60800 10 3 0.058 0.424 0.482 0.963 0.471 29 1 46.86 13.26 0 0.8
60800 10 3 0.052 0.106 0.146 0.976 0.514 46 0 59.4 10.14 0 0.66
60800 10 3 0.035 0.322 0.401 0.782 0.088 26 4 49.18 118.24 0 0.54
60800 10 3 0.064 0.261 0.17 0.889 0.822 71 0 76.18 7.74 0 0.72
60800 10 3 0.08 0.05 0.087 0.827 0.217 60 5 69.2 35.5 0 0.02
60800 10 3 0.002 0.116 0.305 0.822 0.791 28 0 46.14 9.96 0 0.8
60800 10 3 0.034 0.012 0.053 0.99 0.227 64 1 73.74 8.66 0 0.58
60800 10 3 0.039 0.48 0.048 0.953 0.027 25 65 29.1 852.24 0 0
60800 10 3 0.102 0.264 0.142 0.902 0.273 25 72 36.58 320.98 0 0
60800 10 3 0.09 0.348 0.159 0.995 0.382 48 4 61.6 83.78 0 0.34
60800 10 3 0.08 0.004 0.11 0.768 0.592 35 1 48.24 12.08 0 0.74
60800 10 3 0.089 0.248 0.343 0.955 0.364 62 3 70.48 22.52 0 0.42
60800 10 3 0.094 0.249 0.27 0.977 0.286 27 3 46.76 25.38 0 0.52
60800 10 3 0.056 0.274 0.09 0.931 0.112 25 637 28.58 923.68 0 0
60800 10 3 0.036 0.144 0.056 0.924 0.24 25 428 31.46 654.86 0 0
60800 10 3 0.106 0.439 0.236 0.814 0.94 51 0 62.22 7.98 0 0.72
60800 10 3 0.109 0.15 0.24 0.755 0.9 32 1 44.04 10.06 0 0.72
60800 10 3 0.109 0.18 0.393 0.984 0.16 48 11 65.16 41.36 0 0
60800 10 3 0.022 0.391 0.299 0.976 0.689 28 0 43.62 11.64 0 0.8
60800 10 3 0.003 0.182 0.293 0.928 0.496 33 0 45.78 8.92 0 0.74
60800 10 3 0.052 0.428 0.207 0.863 0.992 68 0 83.24 7.52 0 0.7
60800 10 3 0.063 0.371 0.046 0.964 0.632 37 2 49.36 41.84 0 0.28
60800 10 3 0.007 0.156 0.192 0.93 0.797 33 0 45.28 11.04 0 0.76
60800 10 3 0.078 0.384 0.303 0.999 0.563 42 1 51.78 16.38 0 0.64
60800 10 3 0.084 0.301 0.1 0.941 0.363 26 408 32.56 540.84 0 0
60800 10 3 0.107 0.018 0.388 0.889 0.253 31 1 45.1 12.02 0 0.8
60800 10 3 0.031 0.419 0.373 0.887 0.566 32 0 46.18 10.08 0 0.8
60800 10 3 0.08 0.283 0.399 0.883 0.915 35 1 46.24 9.9 0 0.72
60800 10 3 0.031 0.492 0.326 0.968 0.981 27 0 45.78 10.92 0 0.74
60800 10 3 0.044 0.022 0.373 0.909 0.122 33 0 47.9 11.1 0 0.74
60800 10 3 0.104 0.416 0.053 0.842 0.75 78 2 87.06 11.32 0 0.46
60800 10 3 0.085 0.069 0.367 0.805 0.811 29 1 37.62 10.86 0 0.76
60800 10 3 0.002 0.074 0.474 0.872 0.495 29 0 39.82 3.36 0 0.84
60800 10 3 0.02 0.06 0.383 0.905 0.966 30 0 50 8.84 0 0.72
60800 10 3 0.066 0.38 0.373 0.757 0.542 85 0 90.9 13.4 0 0.5
60800 10 3 0.012 0.112 0.379 0.917 0.028 27 5 53.02 82.32 0 0.34
60800 10 3 0.051 0.131 0.024 0.779 0.148 25 1112 26.3 1173.3 0 0
60800 10 3 0.032 0.125 0.073 0.919 0.925 49 0 61.56 4.08 0 0.82
60800 10 3 0.113 0.293 0.363 0.88 0.374 55 3 87.12 19.14 0 0.5
60800 10 3 0.096 0.243 0.136 0.969 0.729 68 0 86.62 11.98 0 0.58
60800 10 3 0.008 0.006 0.24 0.922 0.839 28 0 39.3 11.04 0 0.84
60800 10 3 0.035 0.48 0.099 0.844 0.524 29 4 41.12 102.56 0 0.12
60800 10 3 0.086 0.263 0.003 0.853 0.221 25 700 26.96 1054.26 0 0
60800 10 3 0.117 0.271 0.088 0.86 0.942 29 0 40.94 11.14 0 0.78
60800 10 3 0.031 0.322 0.412 0.799 0.516 28 1 46.22 12.28 0 0.7
60800 10 3 0.003 0.207 0.26 0.981 0.515 42 1 74.92 19.98 0 0.52
60800 10 3 0.009 0.071 0.172 0.789 0.734 35 0 50.04 11.58 0 0.7
60800 10 3 0.082 0.348 0.407 0.825 0.021 25 411 29.1 795.84 0 0
60800 10 3 0.031 0.074 0.099 0.995 0.149 25 26 33.64 235.88 0 0
60800 10 3 0.108 0.466 0.447 0.87 0.614 69 0 76.18 8.52 0 0.66
60800 10 3 0.048 0.418 0.288 0.868 0.981 30 0 41.38 10.04 0 0.88
60800 10 3 0.024 0.01 0.289 0.936 0.645 48 0 57.04 8.76 0 0.78
60800 10 3 0.028 0.391 0.012 0.803 0.844 91 3 109.24 12.76 0.44 0.52
60800 10 3 0.074 0.167 0.024 0.772 0.665 61 2 75.26 19.24 0 0.58
60800 10 3 0.032 0.084 0.305 0.963 0.261 60 0 71.16 9.64 0 0.74
60800 10 3 0.064 0.222 0.21 0.967 0.13 25 246 29.3 494.62 0 0
60800 10 3 0.063 0.096 0.372 0.787 0.815 34 0 44.5 9.7 0 0.78
60800 10 3 0.016 0.119 0.417 0.818 0.939 34 0 46.6 11.9 0 0.74
60800 10 3 0.014 0.379 0.169 0.951 0.503 42 1 54.76 35.96 0 0.36
60800 10 3 0.004 0.427 0.217 0.985 0.467 39 3 56.18 32.64 0 0.5
60800 10 3 0.043 0.473 0.079 0.914 0.238 25 903 26.08 949.64 0 0
60800 10 3 0.084 0.315 0.273 0.846 0.385 56 1 77.74 35.96 0 0.18
60800 10 3 0.013 0.253 0.027 0.825 0.309 25 1090 26.22 1126.92 0 0
60800 10 3 0.051 0.244 0.34 0.807 0.15 40 8 49.08 97.82 0 0.02
60800 10 3 0.108 0.119 0.099 0.826 0.171 25 195 38.68 397.44 0 0
60800 10 3 0.064 0.337 0.162 0.934 0.502 34 2 59.54 65.18 0 0.18
60800 10 3 0.114 0.449 0.344 0.998 0.51 59 0 71.62 15.76 0 0.52
60800 10 3 0.03 0.164 0.109 0.944 0.415 32 9 43.5 94.3 0 0.06
60800 10 3 0.08 0.209 0.124 0.949 0.192 25 172 27.54 793.4 0 0
60800 10 3 0.109 0.317 0.383 0.863 0.476 68 3 74.78 14.62 0 0.34
60800 10 3 0.007 0.38 0.243 0.935 0.684 59 0 67.52 8.02 0 0.7
60800 10 3 0.087 0.401 0.131 0.856 0.18 25 112 31.56 573.46 0 0
60800 10 3 0.119 0.158 0.242 0.762 0.383 60 0 71.54 12 0 0.68
60800 10 3 0.06 0.057 0.371 0.892 0.95 30 0 43.08 8.72 0 0.78
60800 10 3 0.075 0.494 0.239 0.787 0.558 61 2 74.78 23.14 0 0.52
60800 10 3 0.118 0.107 0.436 0.865 0.092 49 2 65.96 11.28 0 0.68
60800 10 3 0.079 0.456 0.296 0.922 0.575 86 0 97.4 12.96 0 0.48
60800 10 3 0.083 0.431 0.468 0.828 0.601 41 0 53.12 9.84 0 0.82
60800 10 3 0.054 0.338 0.044 0.874 0.289 25 961 26.22 1214.02 0 0
60800 10 3 0.08 0.442 0.455 0.854 0.426 47 1 62.92 12.78 0 0.6
60800 10 3 0.011 0.308 0.449 0.817 0.538 52 0 66.86 10.16 0 0.7
60800 10 3 0.026 0.499 0.24 0.89 0.411 35 2 50.16 54.98 0 0.26
60800 10 3 0.112 0.091 0.485 0.9 0.563 37 0 48.6 9.48 0 0.74
60800 10 3 0.036 0.313 0.091 0.818 0.953 26 0 40.64 11.08 0 0.8
60800 10 3 0.037 0.104 0.497 0.805 0.358 54 0 67.8 10.74 0 0.62
60800 10 3 0.092 0.123 0.189 0.95 0.701 31 0 45.58 9.02 0 0.86
60800 10 3 0.062 0.289 0.356 0.988 0.043 25 49 30.62 510.14 0 0
60800 10 3 0.012 0.11 0.394 0.803 0.666 71 0 84.58 5.26 0 0.8
60800 10 3 0.115 0.13 0.088 0.769 0.782 31 0 45.9 10.82 0 0.74
60800 10 3 0.047 0.467 0.411 0.887 0.867 26 0 44.4 11.3 0 0.82
60800 10 3 0.027 0.489 0.188 0.857 0.197 27 170 38.88 324.34 0 0
60800 10 3 0.103 0.26 0.067 0.931 0.73 83 0 92.92 8.48 0 0.5
60800 10 3 0.108 0.062 0.046 0.813 0.481 60 0 69.92 10.96 0 0.54
60800 10 3 0.081 0.395 0.461 0.987 0.858 28 0 42.6 10.34 0 0.7
60800 10 3 0.085 0.19 0.11 0.868 0.209 25 400 28.96 598.28 0 0
60800 10 3 0.078 0.088 0.119 0.821 0.455 48 0 64.32 15.48 0 0.68
60800 10 3 0.092 0.308 0.2 0.811 0.937 71 1 75.78 9.54 0 0.7
60800 10 3 0.098 0.11 0.298 0.954 0.957 27 1 42.52 13.74 0 0.76
60800 10 3 0.034 0.19 0.306 0.869 0.773 30 0 46.04 9.7 0 0.7
60800 10 3 0.058 0.235 0.427 0.862 0.92 36 0 49.34 3.98 0 0.88
60800 10 3 0.081 0.441 0.465 0.99 0.636 49 1 58.48 8.64 0 0.64
60800 10 3 0.006 0.275 0.297 0.763 0.55 27 2 41.28 6.34 0 0.86
60800 10 3 0.109 0.44 0.016 0.989 0.747 67 2 75.64 18.5 0 0.46
60800 10 3 0.107 0.459 0.47 0.828 0.557 51 0 60.56 9.36 0 0.62
60800 10 3 0.098 0.306 0.303 0.778 0.06 25 760 26.64 1005.74 0 0
60800 10 3 0.046 0.057 0.394 0.979 0.277 55 1 68 9.08 0 0.68
60800 10 3 0.095 0.122 0.384 0.962 0.298 33 0 50.28 11.16 0 0.8
60800 10 3 0.104 0.143 0.016 0.787 0.03 25 1098 26.2 1172.98 0 0
60800 10 3 0.049 0.149 0.293 0.924 0.81 33 0 45.94 8.78 0 0.74
60800 10 3 0.011 0.407 0.26 0.951 0.609 80 0 85.84 10.84 0 0.56
60800 10 3 0.098 0.167 0.406 0.981 0.756 49 0 64.7 10.44 0 0.74
60800 10 3 0.048 0.105 0.243 0.827 0.92 30 0 40.86 12.28 0 0.72
60800 10 3 0.003 0.194 0.037 0.911 0.243 27 180 39 315.02 0 0
60800 10 3 0.109 0.352 0.343 0.767 0.44 59 0 73.88 7.74 0 0.76
60800 10 3 0.047 0.128 0.035 0.836 0.107 25 1070 26.24 1098.34 0 0
60800 10 3 0.068 0.171 0.286 0.968 0.205 32 1 42.52 66.38 0 0.5
60800 10 3 0.111 0.39 0.474 0.995 0.247 53 0 69.5 15.44 0 0.56
60800 10 3 0.054 0.362 0.023 0.808 0.499 25 408 32.1 652.68 0 0
60800 10 3 0.078 0.275 0.152 0.958 0.197 25 330 37.36 456.42 0 0
60800 10 3 0.053 0.041 0.384 0.955 0.613 28 0 38.84 9.46 0 0.74
60800 10 3 0.089 0.299 0.421 0.861 0.645 73 0 83.16 8.5 0 0.56
60800 10 3 0.053 0.49 0.057 0.757 0.114 25 157 32.76 534.88 0 0
60800 10 3 0.075 0.105 0.285 0.87 0.585 41 0 54.4 11.1 0 0.68
60800 10 3 0.112 0.043 0.191 0.782 0.065 36 3 45.7 118.78 0 0.08
60800 10 3 0.065 0.148 0.059 0.961 0.589 40 1 52.18 28.5 0 0.58
60800 10 3 0.114 0.098 0.234 0.764 0.053 26 234 33.22 494.34 0 0
60800 10 3 0.104 0.411 0.193 0.967 0.134 25 157 33.24 470.22 0 0
60800 10 3 0.029 0.404 0.162 0.792 0.577 63 5 71 25.46 0 0.4
60800 10 3 0.048 0.453 0.273 0.98 0.721 29 0 43.14 10.12 0 0.72
60800 10 3 0.052 0.417 0.049 0.982 0.321 25 932 26.26 971 0 0
60800 10 3 0.102 0.439 0.1 0.971 0.174 25 667 26.24 994.12 0 0
60800 10 3 0.106 0.026 0.216 0.841 0.353 42 0 49.6 8.28 0 0.78
60800 10 3 0.057 0.364 0.191 0.773 0.217 25 6 29.72 360.16 0 0.1
60800 10 3 0.004 0.336 0.473 0.851 0.924 29 0 43.22 11.98 0 0.74
60800 10 3 0.042 0.11 0.34 0.816 0.355 63 0 70 6.54 0 0.72
60800 10 3 0.06 0.354 0.471 0.812 0.356 66 0 74.62 11.48 0 0.56
60800 10 3 0.083 0.012 0.091 0.764 0.017 25 435 26.52 882.1 0 0
60800 10 3 0.112 0.144 0.485 0.993 0.856 30 0 41.62 2.76 0 0.9
60800 10 3 0.037 0.256 0.347 0.766 0.398 87 1 92.52 11.86 0 0.38
60800 10 3 0.086 0.157 0.052 0.781 0.445 27 93 37.52 227.9 0 0
60800 10 3 0.009 0.365 0.087 0.983 0.998 29 0 48.32 9.96 0 0.76
60800 10 3 0.034 0.41 0.109 0.918 0.492 39 13 50.32 76.26 0 0
60800 10 3 0.008 0.36 0.489 0.796 0.834 43 1 52.94 8.5 0 0.72
60800 10 3 0.047 0.337 0.361 0.817 0.426 42 0 49.26 16.96 0 0.66
60800 10 3 0.029 0.298 0.426 0.968 0.642 28 1 46.92 11.04 0 0.82
60800 10 3 0.087 0.354 0.324 0.767 0.621 40 0 52.6 9.06 0 0.7
60800 10 3 0.066 0.335 0.102 0.789 0.199 25 432 33.38 611.46 0 0
60800 10 3 0.047 0.475 0.031 0.965 0.602 35 1 48.86 58.14 0 0.5
60800 10 3 0.055 0.314 0.29 0.954 0.661 46 1 57.1 6.52 0 0.8
60800 10 3 0.112 0.431 0.361 0.815 0.76 57 0 69.56 10.04 0 0.58
60800 10 3 0.018 0.046 0.315 0.848 0.607 47 0 57.68 11.02 0 0.68
60800 10 3 0.093 0.354 0.229 0.785 0.769 29 1 42.4 11.48 0 0.66
60800 10 3 0.079 0.398 0.082 0.905 0.926 35 0 51.7 10.5 0 0.74
60800 10 3 0.105 0.362 0.454 0.928 0.472 60 0 69.56 11.02 0 0.66
60800 10 3 0.044 0.044 0.391 0.983 0.65 72 0 82.46 4.58 0 0.8
60800 10 3 0.098 0.178 0.162 0.832 0.262 29 12 42.5 105.24 0 0
60800 10 3 0.093 0.366 0.288 0.863 0.701 33 0 56.54 9.36 0 0.76
60800 10 3 0.065 0.424 0.205 0.864 0.933 31 0 43.02 9.9 0 0.72
60800 10 3 0.081 0.307 0.159 0.852 0.86 31 0 46.66 10.88 0 0.84
60800 10 3 0.056 0.374 0.166 0.808 0.1 25 572 27.34 906.7 0 0
60800 10 3 0.081 0.343 0.136 0.99 0.384 33 13 43.04 147.34 0 0
60800 10 3 0.111 0.17 0.488 0.871 0.027 27 113 34.38 352.92 0 0
60800 10 3 0.039 0.309 0.481 0.825 0.475 28 1 39.68 10.74 0 0.78
60800 10 3 0.102 0.321 0.055 0.972 0.838 33 2 45.72 14.36 0 0.68
60800 10 3 0.057 0.311 0.048 0.857 0.926 33 0 46.64 11.22 0 0.68
60800 10 3 0.077 0.119 0.114 0.889 0.114 25 446 35.4 695.38 0 0
60800 10 3 0.044 0.452 0.239 0.887 0.734 62 0 71.82 8.36 0 0.64
60800 10 3 0.019 0.425 0.175 0.788 0.24 25 39 38.48 167.1 0 0
60800 10 3 0.082 0.332 0.322 0.844 0.162 25 5 36.86 228.84 0 0.1
60800 10 3 0.092 0.476 0.191 0.961 0.953 64 0 76.7 5.46 0 0.8
60800 10 3 0.041 0.093 0.405 0.984 0.916 26 1 42.06 11.1 0 0.78
60800 10 3 0.011 0.475 0.072 0.862 0.874 27 1 44.56 12.54 0 0.7
60800 10 3 0.003 0.266 0.228 0.809 0.81 70 0 77.42 7.4 0 0.72
60800 10 3 0.036 0.393 0.412 0.968 0.637 26 0 41 11.46 0 0.74
60800 10 3 0.055 0.21 0.152 0.815 0.148 25 460 30.84 674.28 0 0
60800 10 3 0.094 0.433 0.382 0.758 0.301 30 1 50.44 63.76 0 0.52
60800 10 3 0.015 0.343 0.498 0.819 0.242 53 1 65.94 20.44 0 0.58
60800 10 3 0.007 0.037 0.332 0.773 0.81 64 0 75.74 7.66 0 0.76
60800 10 3 0.115 0.081 0.077 0.853 0.204 35 5 47.32 57.5 0 0.14
60800 10 3 0.019 0.442 0.146 0.854 0.272 30 2 43.24 94.7 0 0.22
60800 10 3 0.113 0.097 0.266 0.768 0.583 74 0 78.6 5.96 0 0.78
60800 10 3 0.028 0.14 0.373 0.884 0.052 42 27 52.52 104.48 0 0
60800 10 3 0.039 0.257 0.365 0.982 0.803 31 0 46.7 8.62 0 0.78
60800 10 3 0.068 0.037 0.175 0.788 0.1 37 2 52.02 28.32 0 0.54
60800 10 3 0.097 0.2 0.337 0.912 0.614 51 0 65.54 6.88 0 0.72
60800 10 3 0.029 0.364 0.122 0.842 0.368 25 9 39.8 215.3 0 0.02
60800 10 3 0.04 0.383 0.347 0.753 0.78 28 0 42.4 10.28 0 0.74
60800 10 3 0.029 0.025 0.162 0.918 0.383 30 0 46.74 9.7 0 0.68
60800 10 3 0.082 0.467 0.286 0.806 0.09 25 211 38.26 429.26 0 0
60800 10 3 0.012 0.206 0.408 0.921 0.999 52 1 62.04 6.38 0 0.82
60800 10 3 0.079 0.384 0.238 0.963 0.192 27 88 36.96 237.44 0 0
60800 10 3 0.015 0.013 0.431 0.977 0.974 66 1 74.12 9.94 0 0.7
60800 10 3 0.039 0.298 0.216 0.997 0.915 30 0 46.72 8.04 0 0.82
60800 10 3 0.004 0.485 0.283 0.95 0.582 80 1 91.24 8.1 0 0.62
60800 10 3 0.046 0.345 0.055 0.89 0.66 72 1 80.98 16.38 0 0.52
60800 10 3 0.013 0.086 0.168 0.893 0.366 52 1 58.2 19.48 0 0.4
60800 10 3 0.096 0.014 0.112 0.935 0.907 32 0 49.18 9.7 0 0.78
60800 10 3 0.033 0.144 0.399 0.849 0.644 85 0 96.94 6.9 0 0.68
60800 10 3 0.11 0.494 0.173 0.974 0.322 25 29 34.88 208.88 0 0
60800 10 3 0.091 0.018 0.434 0.921 0.076 28 0 45.2 12.04 0 0.82
60800 10 3 0.115 0.04 0.348 0.971 0.567 59 0 76.86 10.8 0 0.68
60800 10 3 0.013 0.231 0.142 0.925 0.038 25 596 26.48 891.98 0 0
60800 10 3 0.016 0.099 0.384 0.909 0.913 29 0 39.46 5.26 0 0.86
60800 10 3 0.023 0.097 0.499 0.939 0.771 29 0 43.46 10.26 0 0.76
60800 10 3 0.092 0.273 0.129 0.935 0.035 25 993 26.42 1058.3 0 0
60800 10 3 0.026 0.441 0.314 0.866 0.039 25 340 30.42 506.78 0 0
60800 10 3 0.041 0.27 0.139 0.767 0.431 40 6 49.3 53.52 0 0.26
60800 10 1 0.085 0.201 0.009 0.92 0.794 93 1 107.64 12.7 0.42 0.42
60800 10 1 0.037 0.216 0.266 0.869 0.115 25 1 37.66 202.96 0 0.16
60800 10 1 0.068 0.345 0.085 0.841 0.814 76 0 95.18 13.86 0 0.58
60800 10 1 0.042 0.451 0.035 0.927 0.517 25 556 27.16 687.7 0 0
60800 10 1 0.101 0.169 0.133 0.949 0.827 81 2 105.32 19.2 0.52 0.66
60800 10 1 0.052 0.498 0.469 0.864 0.339 75 2 85.28 23.76 0 0.28
60800 10 1 0.062 0.035 0.104 0.976 0.785 150 0 150 0 1 1
60800 10 1 0.107 0.062 0.485 0.988 0.289 98 1 110.94 9.48 0.62 0.5
60800 10 1 0.102 0.315 0.142 0.809 0.181 25 803 26.76 941.26 0 0
60800 10 1 0.065 0.27 0.268 0.894 0.314 36 1 46.46 72.2 0 0.2
60800 10 1 0.036 0.107 0.205 0.871 0.392 63 2 79.92 22.68 0 0.48
60800 10 1 0.007 0.133 0.177 0.993 0.882 89 1 103.74 12.78 0.3 0.54
60800 10 1 0.081 0.272 0.118 0.879 0.687 81 1 93.62 18.62 0 0.46
60800 10 1 0.071 0.24 0.175 0.862 0.837 91 0 101.66 8.5 0 0.58
60800 10 1 0.099 0.095 0.291 0.944 0.357 102 1 108.28 12.3 0.14 0.44
60800 10 1 0.11 0.466 0.39 0.823 0.132 25 81 32.92 224.1 0 0
60800 10 1 0.038 0.47 0.372 0.977 0.987 90 1 102.54 11.38 0 0.58
60800 10 1 0.07 0.018 0.056 0.79 0.226 70 1 91.88 14.4 0 0.64
60800 10 1 0.006 0.355 0.338 0.783 0.5 94 3 106.02 16.02 0 0.36
60800 10 1 0.106 0.33 0.423 0.99 0.259 46 5 59.4 48.24 0 0.18
60800 10 1 0.003 0.111 0.199 0.778 0.065 25 7 32.28 226.64 0 0.06
60800 10 1 0.097 0.347 0.048 0.992 0.507 26 433 30.44 532.12 0 0
60800 10 1 0.101 0.476 0.4 0.867 0.572 98 0 107.66 11.28 0.28 0.42
60800 10 1 0.061 0.484 0.233 0.948 0.02 25 656 26.58 962.26 0 0
60800 10 1 0.075 0.409 0.024 0.802 0.04 25 863 26.38 1062.04 0 0
60800 10 1 0.004 0.006 0.424 0.899 0.214 99 2 107.44 12.98 0 0.52
60800 10 1 0.023 0.427 0.48 0.904 0.482 89 1 99.62 14.16 0 0.54
60800 10 1 0.102 0.088 0.45 0.925 0.398 77 0 96.6 13.2 0 0.48
60800 10 1 0.007 0.05 0.395 0.885 0.603 75 0 108.88 13.98 0.5 0.66
60800 10 1 0.07 0.19 0.033 0.925 0.403 26 247 30.8 439.1 0 0
60800 10 1 0.048 0.07 0.238 0.94 0.802 79 0 94.76 12.02 0.08 0.6
60800 10 1 0.116 0.452 0.479 0.87 0.194 34 16 42.04 114.18 0 0
60800 10 1 0.073 0.46 0.34 0.789 0.722 81 2 94.52 8.38 0 0.64
60800 10 1 0.005 0.166 0.338 0.906 0.769 79 0 94.64 10.86 0.04 0.66
60800 10 1 0.068 0.183 0.348 0.866 0.188 57 2 69.86 20.48 0 0.36
60800 10 1 0.06 0.148 0.369 0.935 0.704 103 2 109.36 13.98 0.32 0.36
