43596 1 7 4 0 0.066 0.012 0.129 0.765 0.029 0 3 0.019 3 1 1
43596 2 7 4 0 0.066 0.012 0.129 0.765 0.029 0 2 0.041 2 1 1
43596 3 7 4 0 0.066 0.012 0.129 0.765 0.029 0 5 0 5 1 1
43596 4 7 4 0 0.066 0.012 0.129 0.765 0.029 0 6 0.023 6 1 1
43596 5 7 4 0 0.066 0.012 0.129 0.765 0.029 0 13 0.015 13.273 1 0
43596 6 7 4 0 0.066 0.012 0.129 0.765 0.029 0 4 0.039 4.593 1 1
43596 7 7 4 0 0.066 0.012 0.129 0.765 0.029 0 4 0.139 4 1 1
43596 8 7 4 0 0.066 0.012 0.129 0.765 0.029 0 5 0.637 11 1 0.687
43596 9 7 4 0 0.066 0.012 0.129 0.765 0.029 0 5 0.089 5 1 1
43596 10 7 4 0 0.066 0.012 0.129 0.765 0.029 0 9 0 9 1 1
43596 1 7 4 0 0.003 0.104 0.401 0.995 0.165 0 21 0.097 21 1 0
43596 2 7 4 0 0.003 0.104 0.401 0.995 0.165 0.845 23 1.801 36.04 1 0
43596 3 7 4 0 0.003 0.104 0.401 0.995 0.165 0.447 24 1.557 37.267 1 0
43596 4 7 4 0 0.003 0.104 0.401 0.995 0.165 0 6 0.109 6 1 1
43596 5 7 4 0 0.003 0.104 0.401 0.995 0.165 0.597 18 1.188 33.233 1 0
43596 6 7 4 0 0.003 0.104 0.401 0.995 0.165 0.249 12 0.726 21.04 1 0
43596 7 7 4 0 0.003 0.104 0.401 0.995 0.165 0 17 0.058 17 1 0
43596 8 7 4 0 0.003 0.104 0.401 0.995 0.165 0.348 18 0.815 24.573 1 0
43596 9 7 4 0 0.003 0.104 0.401 0.995 0.165 0 10 0.219 12.88 1 0
43596 10 7 4 0 0.003 0.104 0.401 0.995 0.165 0.646 20 1.464 28.58 1 0
43596 1 7 4 0 0.061 0.204 0.398 0.926 0.603 0.05 15 0.459 22.787 1 0
43596 2 7 4 0 0.061 0.204 0.398 0.926 0.603 0.199 17 1.279 29.28 1 0
43596 3 7 4 0 0.061 0.204 0.398 0.926 0.603 0.597 17 1.266 28.487 1 0
43596 4 7 4 0 0.061 0.204 0.398 0.926 0.603 0.597 17 1.509 29.313 1 0
43596 5 7 4 0 0.061 0.204 0.398 0.926 0.603 0.448 21 0.939 32.04 1 0
43596 6 7 4 0 0.061 0.204 0.398 0.926 0.603 0.597 20 1.232 31.6 1 0
43596 7 7 4 0 0.061 0.204 0.398 0.926 0.603 0 19 1.333 29.187 1 0
43596 8 7 4 0 0.061 0.204 0.398 0.926 0.603 0.398 14 1.411 26.147 1 0
43596 9 7 4 0 0.061 0.204 0.398 0.926 0.603 0.697 20 1.524 31.747 1 0
43596 10 7 4 0 0.061 0.204 0.398 0.926 0.603 0.248 20 1.043 32.2 1 0
43596 1 7 4 0 0.052 0.298 0.324 0.985 0.826 1.243 15 1.972 31.18 1 0
43596 2 7 4 0 0.052 0.298 0.324 0.985 0.826 0.348 17 1.528 27 1 0
43596 3 7 4 0 0.052 0.298 0.324 0.985 0.826 1.294 17 2.048 29.833 1 0
43596 4 7 4 0 0.052 0.298 0.324 0.985 0.826 0.398 21 1.133 31.86 1 0
43596 5 7 4 0 0.052 0.298 0.324 0.985 0.826 0.647 18 1.626 35.84 1 0
43596 6 7 4 0 0.052 0.298 0.324 0.985 0.826 0.498 18 1.434 29.367 1 0
43596 7 7 4 0 0.052 0.298 0.324 0.985 0.826 0.448 22 1.173 31.04 1 0
43596 8 7 4 0 0.052 0.298 0.324 0.985 0.826 0.497 19 1.371 30.453 1 0
43596 9 7 4 0 0.052 0.298 0.324 0.985 0.826 0.896 17 1.563 30 1 0
43596 1 10 8 1 0.107 0.479 0.299 0.807 0.905 189.368 0 190.002 0 0 1
43596 2 10 8 1 0.107 0.479 0.299 0.807 0.905 178.906 0 180.05 0 0 1
43596 3 10 8 1 0.107 0.479 0.299 0.807 0.905 248.501 0 249.938 0 0 1
43596 4 10 8 1 0.107 0.479 0.299 0.807 0.905 210.244 0 216.747 0 0 1
43596 5 10 8 1 0.107 0.479 0.299 0.807 0.905 189.349 0 190.343 0 0 1
43596 6 10 8 1 0.107 0.479 0.299 0.807 0.905 198.895 0 199.998 0 0 1
43596 7 10 8 1 0.107 0.479 0.299 0.807 0.905 209.414 0 210.366 0 0 1
43596 8 10 8 1 0.107 0.479 0.299 0.807 0.905 171.42 0 180.092 0 0 1
43596 9 10 8 1 0.107 0.479 0.299 0.807 0.905 188.241 0 190.18 0 0 1
43596 10 10 8 1 0.107 0.479 0.299 0.807 0.905 209.205 0 210.225 0 0 1
43596 1 10 8 1 0.002 0.066 0.133 0.984 0.854 209.406 0 210.091 0 0 1
43596 2 10 8 1 0.002 0.066 0.133 0.984 0.854 229.528 0 230.083 0 0 1
43596 3 10 8 1 0.002 0.066 0.133 0.984 0.854 189 0 189.933 0 0 1
43596 4 10 8 1 0.002 0.066 0.133 0.984 0.854 249.028 0 249.936 0 0 1
43596 5 10 8 1 0.002 0.066 0.133 0.984 0.854 208.769 0 209.914 0 0 1
43596 6 10 8 1 0.002 0.066 0.133 0.984 0.854 189.491 0 190.413 0.2 0 1
43596 7 10 8 1 0.002 0.066 0.133 0.984 0.854 209.399 0 211.433 0 0 1
43596 8 10 8 1 0.002 0.066 0.133 0.984 0.854 159 0 160.068 0 0 1
43596 9 10 8 1 0.002 0.066 0.133 0.984 0.854 198.349 0 199.858 0 0 1
43596 10 10 8 1 0.002 0.066 0.133 0.984 0.854 229.419 0 230.288 0 0 1
43596 1 10 8 1 0.042 0.353 0.215 0.885 0.54 0 3 0.061 4.013 1 1
43596 2 10 8 1 0.042 0.353 0.215 0.885 0.54 199.384 0 200.365 0 0 1
43596 3 10 8 1 0.042 0.353 0.215 0.885 0.54 209.581 0 210.233 0 0 1
43596 4 10 8 1 0.042 0.353 0.215 0.885 0.54 229.048 0 229.971 0 0 1
43596 5 10 8 1 0.042 0.353 0.215 0.885 0.54 209.397 0 210.418 0 0 1
43596 6 10 8 1 0.042 0.353 0.215 0.885 0.54 199.87 0 207.336 0 0 1
43596 7 10 8 1 0.042 0.353 0.215 0.885 0.54 208.486 0 210.117 0 0 1
43596 8 10 8 1 0.042 0.353 0.215 0.885 0.54 0 12 0.529 16.967 1 0
43596 9 10 8 1 0.042 0.353 0.215 0.885 0.54 209.343 0 210.698 0 0 1
43596 10 10 8 1 0.042 0.353 0.215 0.885 0.54 0 9 0.146 9 1 1
43596 1 10 8 1 0.06 0.281 0.438 0.763 0.932 199.234 0 200.523 0 0 1
43596 2 10 8 1 0.06 0.281 0.438 0.763 0.932 189.01 0 190.024 0 0 1
43596 1 10 3 0 0.075 0.309 0.038 0.798 0.737 0 5 0.118 6.427 1 0.94
43596 2 10 3 0 0.075 0.309 0.038 0.798 0.737 0 2 0.012 2 1 1
43596 3 10 3 0 0.075 0.309 0.038 0.798 0.737 0 3 0.019 3 1 1
43596 4 10 3 0 0.075 0.309 0.038 0.798 0.737 0 2 0 2 1 1
43596 5 10 3 0 0.075 0.309 0.038 0.798 0.737 0 4 0.308 6.76 1 0.833
43596 6 10 3 0 0.075 0.309 0.038 0.798 0.737 0 7 0.055 7 1 1
43596 7 10 3 0 0.075 0.309 0.038 0.798 0.737 0 4 0.062 4 1 1
43596 8 10 3 0 0.075 0.309 0.038 0.798 0.737 0 3 0 3 1 1
43596 9 10 3 0 0.075 0.309 0.038 0.798 0.737 0 2 0 2 1 1
43596 10 10 3 0 0.075 0.309 0.038 0.798 0.737 0 2 0 2 1 1
43596 1 10 3 0 0.073 0.232 0.366 0.793 0.438 0.995 16 1.423 29.393 1 0
43596 2 10 3 0 0.073 0.232 0.366 0.793 0.438 0 8 0.049 8 1 1
43596 3 10 3 0 0.073 0.232 0.366 0.793 0.438 0.199 19 0.871 28.127 1 0
43596 4 10 3 0 0.073 0.232 0.366 0.793 0.438 0.596 14 1.25 24.26 1 0
43596 5 10 3 0 0.073 0.232 0.366 0.793 0.438 0.398 15 1.042 25.767 1 0
43596 6 10 3 0 0.073 0.232 0.366 0.793 0.438 0.1 16 0.682 23.227 1 0
43596 7 10 3 0 0.073 0.232 0.366 0.793 0.438 0.299 23 1.109 33.78 1 0
43596 8 10 3 0 0.073 0.232 0.366 0.793 0.438 0.398 15 1.105 23.86 1 0
43596 9 10 3 0 0.073 0.232 0.366 0.793 0.438 0.696 19 1.287 28.893 1 0
43596 10 10 3 0 0.073 0.232 0.366 0.793 0.438 0.547 15 1.31 26.2 1 0
43596 1 10 3 0 0.084 0.445 0.384 0.826 0.183 0 5 0.047 5 1 1
43596 2 10 3 0 0.084 0.445 0.384 0.826 0.183 0 3 0.128 3.187 1 0.993
43596 3 10 3 0 0.084 0.445 0.384 0.826 0.183 0 7 0.049 7 1 1
43596 4 10 3 0 0.084 0.445 0.384 0.826 0.183 0 5 0 5 1 1
43596 5 10 3 0 0.084 0.445 0.384 0.826 0.183 0 5 0.039 5 1 1
43596 6 10 3 0 0.084 0.445 0.384 0.826 0.183 0 3 0.011 3 1 1
43596 7 10 3 0 0.084 0.445 0.384 0.826 0.183 0 5 0 5 1 1
43596 8 10 3 0 0.084 0.445 0.384 0.826 0.183 0 2 0.006 2 1 1
43596 9 10 3 0 0.084 0.445 0.384 0.826 0.183 0 2 0.004 2 1 1
43596 10 10 3 0 0.084 0.445 0.384 0.826 0.183 0 5 0.049 5 1 1
43596 1 10 3 0 0.03 0.256 0.093 0.895 0.063 238.732 981 242.778 1333.847 0 0
43596 2 10 3 0 0.03 0.256 0.093 0.895 0.063 240.638 1187 245.573 1540.587 0 0
43596 3 10 3 0 0.03 0.256 0.093 0.895 0.063 236.573 1044 242.967 1375.927 0 0
43596 4 10 3 0 0.03 0.256 0.093 0.895 0.063 242.601 1168 246.403 1531.713 0 0
43596 5 10 3 0 0.03 0.256 0.093 0.895 0.063 241.509 1189 246.011 1601.76 0 0
43596 6 10 3 0 0.03 0.256 0.093 0.895 0.063 242.348 1203 246.256 1499.913 0 0
43596 7 10 3 0 0.03 0.256 0.093 0.895 0.063 238.215 1308 245.583 1641.96 0 0
43596 8 10 3 0 0.03 0.256 0.093 0.895 0.063 238.686 1139 243.783 1500.3 0 0
43596 1 9 3 1 0.031 0.104 0.219 0.753 0.548 0.895 17 1.355 26.607 1 0
43596 2 9 3 1 0.031 0.104 0.219 0.753 0.548 0.299 26 0.986 34.14 1 0
43596 3 9 3 1 0.031 0.104 0.219 0.753 0.548 0.646 27 1.41 36.967 1 0
43596 4 9 3 1 0.031 0.104 0.219 0.753 0.548 0.845 24 1.886 35.647 1 0
43596 5 9 3 1 0.031 0.104 0.219 0.753 0.548 0.249 14 1.521 26.893 1 0
43596 6 9 3 1 0.031 0.104 0.219 0.753 0.548 0.945 26 1.804 35.153 1 0
43596 7 9 3 1 0.031 0.104 0.219 0.753 0.548 0.547 30 1.464 38.893 1 0
43596 8 9 3 1 0.031 0.104 0.219 0.753 0.548 0.696 15 1.356 26.287 1 0
43596 9 9 3 1 0.031 0.104 0.219 0.753 0.548 0.547 20 1.62 33.307 1 0
43596 10 9 3 1 0.031 0.104 0.219 0.753 0.548 0.249 17 1.265 24.973 1 0
43596 1 9 3 1 0.01 0.096 0.154 0.75 0.544 0 12 0.036 12 1 0
43596 2 9 3 1 0.01 0.096 0.154 0.75 0.544 0 9 0.099 9 1 1
43596 3 9 3 1 0.01 0.096 0.154 0.75 0.544 0.746 23 1.536 33.113 1 0
43596 4 9 3 1 0.01 0.096 0.154 0.75 0.544 0.199 13 0.816 23.047 1 0
43596 5 9 3 1 0.01 0.096 0.154 0.75 0.544 0.398 16 1.377 32.933 1 0
43596 6 9 3 1 0.01 0.096 0.154 0.75 0.544 0.597 17 1.255 31.133 1 0
43596 7 9 3 1 0.01 0.096 0.154 0.75 0.544 0.249 23 1.218 32.36 1 0
43596 8 9 3 1 0.01 0.096 0.154 0.75 0.544 0.149 17 0.675 23.38 1 0
43596 9 9 3 1 0.01 0.096 0.154 0.75 0.544 0.547 22 1.805 31.787 1 0
43596 10 9 3 1 0.01 0.096 0.154 0.75 0.544 0.498 16 1.332 26.953 1 0
43596 1 9 3 1 0.046 0.057 0.377 0.8 0.466 0.646 21 1.69 32.667 1 0
43596 2 9 3 1 0.046 0.057 0.377 0.8 0.466 0.398 13 1.273 25.52 1 0
43596 3 9 3 1 0.046 0.057 0.377 0.8 0.466 0.448 21 1.351 33.127 1 0
43596 4 9 3 1 0.046 0.057 0.377 0.8 0.466 0.846 25 1.945 39.227 1 0
43596 5 9 3 1 0.046 0.057 0.377 0.8 0.466 0.795 24 1.403 37.273 1 0
43596 6 9 3 1 0.046 0.057 0.377 0.8 0.466 0.846 21 1.701 33.78 1 0
43596 7 9 3 1 0.046 0.057 0.377 0.8 0.466 0.697 23 1.289 34.147 1 0
43596 8 9 3 1 0.046 0.057 0.377 0.8 0.466 0.846 20 2.146 34.933 1 0
43596 9 9 3 1 0.046 0.057 0.377 0.8 0.466 0.497 18 1.771 32.207 1 0
43596 10 9 3 1 0.046 0.057 0.377 0.8 0.466 0.647 13 1.68 27.787 1 0
43596 1 9 3 1 0.043 0.318 0.248 0.976 0.311 0 7 0.016 7 1 1
43596 2 9 3 1 0.043 0.318 0.248 0.976 0.311 0 5 0.178 6.18 1 0.933
43596 3 9 3 1 0.043 0.318 0.248 0.976 0.311 0 7 0.111 7.14 1 0.993
43596 4 9 3 1 0.043 0.318 0.248 0.976 0.311 0 8 2.666 34.487 0.707 0.287
43596 5 9 3 1 0.043 0.318 0.248 0.976 0.311 0 4 0 4 1 1
43596 6 9 3 1 0.043 0.318 0.248 0.976 0.311 0 7 0.011 7 1 1
43596 1 8 6 1 0.005 0.284 0.317 0.873 0.978 161.279 5 169.398 6.4 0 0.953
43596 2 8 6 1 0.005 0.284 0.317 0.873 0.978 118.99 0 119.866 0 0 1
43596 3 8 6 1 0.005 0.284 0.317 0.873 0.978 166.227 1 168.844 1 0 1
43596 4 8 6 1 0.005 0.284 0.317 0.873 0.978 177.833 1 179.806 1 0 1
43596 5 8 6 1 0.005 0.284 0.317 0.873 0.978 108.469 1 109.924 1 0 1
43596 6 8 6 1 0.005 0.284 0.317 0.873 0.978 159.039 0 159.94 0 0 1
43596 7 8 6 1 0.005 0.284 0.317 0.873 0.978 129.085 1 130.17 1 0 1
43596 8 8 6 1 0.005 0.284 0.317 0.873 0.978 138.51 0 139.835 0 0 1
43596 9 8 6 1 0.005 0.284 0.317 0.873 0.978 138.345 1 139.712 1 0 1
43596 10 8 6 1 0.005 0.284 0.317 0.873 0.978 129.08 0 130.072 0 0 1
43596 1 8 6 1 0.083 0.189 0.232 0.793 0.269 0 9 0.031 9 1 1
43596 2 8 6 1 0.083 0.189 0.232 0.793 0.269 0 7 0.044 7 1 1
43596 3 8 6 1 0.083 0.189 0.232 0.793 0.269 0 11 0.098 11 1 0
43596 4 8 6 1 0.083 0.189 0.232 0.793 0.269 0 8 0.02 8 1 1
43596 5 8 6 1 0.083 0.189 0.232 0.793 0.269 0 9 0.265 10.7 1 0.38
43596 6 8 6 1 0.083 0.189 0.232 0.793 0.269 0 7 0.061 7.567 1 1
43596 7 8 6 1 0.083 0.189 0.232 0.793 0.269 0 10 0.157 10.553 1 0
43596 8 8 6 1 0.083 0.189 0.232 0.793 0.269 0 6 0.029 6 1 1
43596 9 8 6 1 0.083 0.189 0.232 0.793 0.269 0.945 15 2.869 37.293 0.98 0
43596 10 8 6 1 0.083 0.189 0.232 0.793 0.269 0 7 0.003 7 1 1
43596 1 8 6 1 0.105 0.399 0.026 0.839 0.858 0 3 0 3 1 1
43596 2 8 6 1 0.105 0.399 0.026 0.839 0.858 0 2 0.147 2.873 1 1
43596 3 8 6 1 0.105 0.399 0.026 0.839 0.858 0 4 0.105 4 1 1
43596 4 8 6 1 0.105 0.399 0.026 0.839 0.858 0 1 0 1 1 1
43596 5 8 6 1 0.105 0.399 0.026 0.839 0.858 0.05 11 0.206 11 1 0
43596 6 8 6 1 0.105 0.399 0.026 0.839 0.858 0 4 0.093 5.573 1 1
43596 7 8 6 1 0.105 0.399 0.026 0.839 0.858 0 4 0 4 1 1
43596 8 8 6 1 0.105 0.399 0.026 0.839 0.858 0 5 0.005 5 1 1
43596 9 8 6 1 0.105 0.399 0.026 0.839 0.858 0 1 0 1 1 1
43596 10 8 6 1 0.105 0.399 0.026 0.839 0.858 0 4 0.085 4.227 1 1
43596 1 8 6 1 0.091 0.027 0.384 0.757 0.666 119.983 4 121.477 9.207 0 0.593
43596 2 8 6 1 0.091 0.027 0.384 0.757 0.666 138.616 0 139.81 0 0 1
43596 3 8 6 1 0.091 0.027 0.384 0.757 0.666 117.668 0 119.888 0.587 0 1
43596 4 8 6 1 0.091 0.027 0.384 0.757 0.666 158.554 1 159.851 1 0 1
43596 5 8 6 1 0.091 0.027 0.384 0.757 0.666 128.961 0 130.075 0 0 1
43596 6 8 6 1 0.091 0.027 0.384 0.757 0.666 138.553 1 139.785 1 0 1
43596 7 8 6 1 0.091 0.027 0.384 0.757 0.666 128.679 0 129.817 0 0 1
43596 1 10 10 0 0.115 0.267 0.417 0.77 0.585 249.44 0 249.974 0 0 1
43596 2 10 10 0 0.115 0.267 0.417 0.77 0.585 249.472 0 249.986 0 0 1
43596 3 10 10 0 0.115 0.267 0.417 0.77 0.585 249.324 0 249.969 0 0 1
43596 4 10 10 0 0.115 0.267 0.417 0.77 0.585 249.554 0 249.995 0 0 1
43596 5 10 10 0 0.115 0.267 0.417 0.77 0.585 249.412 0 249.981 0 0 1
43596 6 10 10 0 0.115 0.267 0.417 0.77 0.585 249.582 0 249.994 0 0 1
43596 7 10 10 0 0.115 0.267 0.417 0.77 0.585 249.575 0 249.989 0 0 1
43596 8 10 10 0 0.115 0.267 0.417 0.77 0.585 249.474 0 249.989 0 0 1
43596 9 10 10 0 0.115 0.267 0.417 0.77 0.585 249.524 0 249.985 0 0 1
43596 10 10 10 0 0.115 0.267 0.417 0.77 0.585 249.575 0 249.979 0 0 1
43596 1 10 10 0 0.014 0.402 0.284 0.89 0.804 249.308 0 249.973 0 0 1
43596 2 10 10 0 0.014 0.402 0.284 0.89 0.804 249.386 0 249.98 0 0 1
43596 3 10 10 0 0.014 0.402 0.284 0.89 0.804 249.418 0 249.984 0 0 1
43596 4 10 10 0 0.014 0.402 0.284 0.89 0.804 249.533 0 249.983 0 0 1
43596 5 10 10 0 0.014 0.402 0.284 0.89 0.804 249.367 0 249.989 0 0 1
43596 6 10 10 0 0.014 0.402 0.284 0.89 0.804 229.273 0 230.183 0 0 1
43596 7 10 10 0 0.014 0.402 0.284 0.89 0.804 249.336 0 249.978 0 0 1
43596 8 10 10 0 0.014 0.402 0.284 0.89 0.804 249.436 0 249.982 0 0 1
43596 9 10 10 0 0.014 0.402 0.284 0.89 0.804 249.356 0 249.983 0 0 1
43596 10 10 10 0 0.014 0.402 0.284 0.89 0.804 249.296 0 249.99 0 0 1
43596 1 10 10 0 0.035 0.135 0.106 0.859 0.586 249.208 0 249.974 0 0 1
43596 2 10 10 0 0.035 0.135 0.106 0.859 0.586 249.541 0 249.984 0 0 1
43596 3 10 10 0 0.035 0.135 0.106 0.859 0.586 249.252 0 249.979 0 0 1
43596 4 10 10 0 0.035 0.135 0.106 0.859 0.586 249.476 0 249.98 0 0 1
43596 5 10 10 0 0.035 0.135 0.106 0.859 0.586 248.669 0 249.939 0 0 1
43596 6 10 10 0 0.035 0.135 0.106 0.859 0.586 249.423 0 249.985 0 0 1
43596 7 10 10 0 0.035 0.135 0.106 0.859 0.586 249.159 0 249.979 0 0 1
43596 8 10 10 0 0.035 0.135 0.106 0.859 0.586 248.994 0 249.982 0 0 1
43596 9 10 10 0 0.035 0.135 0.106 0.859 0.586 249.553 0 249.99 0 0 1
43596 10 10 10 0 0.035 0.135 0.106 0.859 0.586 249.429 0 249.967 0 0 1
43596 1 10 10 0 0.018 0.483 0.449 0.821 0.78 249.052 0 249.969 0 0 1
43596 2 10 10 0 0.018 0.483 0.449 0.821 0.78 249.472 0 249.98 0 0 1
43596 3 10 10 0 0.018 0.483 0.449 0.821 0.78 249.486 0 249.986 0 0 1
43596 4 10 10 0 0.018 0.483 0.449 0.821 0.78 229.029 0 230.019 0 0 1
43596 5 10 10 0 0.018 0.483 0.449 0.821 0.78 249.448 0 249.987 0 0 1
43596 1 7 9 1 0.029 0.415 0.146 0.795 0.014 239.152 1109 245.796 1427.273 0 0
43596 2 7 9 1 0.029 0.415 0.146 0.795 0.014 242.144 1157 245.868 1425.267 0 0
43596 3 7 9 1 0.029 0.415 0.146 0.795 0.014 242.923 1135 247.274 1563.52 0 0
43596 4 7 9 1 0.029 0.415 0.146 0.795 0.014 241.128 1228 246.807 1459.353 0 0
43596 5 7 9 1 0.029 0.415 0.146 0.795 0.014 240.082 1025 245.423 1455.687 0 0
43596 6 7 9 1 0.029 0.415 0.146 0.795 0.014 241.137 1054 246.477 1387.94 0 0
43596 7 7 9 1 0.029 0.415 0.146 0.795 0.014 239.355 1071 245.283 1379.887 0 0
43596 8 7 9 1 0.029 0.415 0.146 0.795 0.014 242.827 1311 247.283 1577.06 0 0
43596 9 7 9 1 0.029 0.415 0.146 0.795 0.014 239.907 1031 244.933 1394.82 0 0
43596 10 7 9 1 0.029 0.415 0.146 0.795 0.014 238.19 953 244.167 1224.487 0 0
43596 1 7 9 1 0.042 0.054 0.203 0.776 0.541 249.252 0 249.959 0 0 1
43596 2 7 9 1 0.042 0.054 0.203 0.776 0.541 199.604 0 208.47 0 0 1
43596 3 7 9 1 0.042 0.054 0.203 0.776 0.541 249.511 0 249.984 0 0 1
43596 4 7 9 1 0.042 0.054 0.203 0.776 0.541 233.98 0 246.305 0 0 1
43596 5 7 9 1 0.042 0.054 0.203 0.776 0.541 249.142 0 249.968 0 0 1
43596 6 7 9 1 0.042 0.054 0.203 0.776 0.541 199.456 0 200.365 0 0 1
43596 7 7 9 1 0.042 0.054 0.203 0.776 0.541 229.067 0 230.175 0 0 1
43596 8 7 9 1 0.042 0.054 0.203 0.776 0.541 199.409 0 200.248 0 0 1
43596 9 7 9 1 0.042 0.054 0.203 0.776 0.541 249.172 0 249.968 0 0 1
43596 10 7 9 1 0.042 0.054 0.203 0.776 0.541 249.318 0 249.954 0 0 1
43596 1 7 9 1 0.106 0.261 0.135 0.942 0.991 210.007 0 211.14 0 0 1
43596 2 7 9 1 0.106 0.261 0.135 0.942 0.991 229.536 0 230.169 0 0 1
43596 3 7 9 1 0.106 0.261 0.135 0.942 0.991 219.409 0 220.121 0 0 1
43596 1 8 4 0 0.096 0.239 0.059 0.925 0.037 240.943 1577 247.535 1963.26 0 0
43596 2 8 4 0 0.096 0.239 0.059 0.925 0.037 245.008 1762 248.21 2129.233 0 0
43596 3 8 4 0 0.096 0.239 0.059 0.925 0.037 246.075 1902 248.617 2268.76 0 0
43596 4 8 4 0 0.096 0.239 0.059 0.925 0.037 243.87 1771 248.117 2171.253 0 0
43596 5 8 4 0 0.096 0.239 0.059 0.925 0.037 245.33 1730 248.098 2064.913 0 0
43596 6 8 4 0 0.096 0.239 0.059 0.925 0.037 245.753 1700 248.462 2142.147 0 0
43596 7 8 4 0 0.096 0.239 0.059 0.925 0.037 244.85 1730 248.184 2123.86 0 0
43596 8 8 4 0 0.096 0.239 0.059 0.925 0.037 244.635 1599 248.428 2075.927 0 0
43596 9 8 4 0 0.096 0.239 0.059 0.925 0.037 244.533 1750 248.036 2086.493 0 0
43596 10 8 4 0 0.096 0.239 0.059 0.925 0.037 243.287 1490 247.663 1910.493 0 0
43596 1 8 4 0 0.073 0.114 0.074 0.947 0.847 0.199 14 1.645 26.593 1 0
43596 2 8 4 0 0.073 0.114 0.074 0.947 0.847 0.348 11 1.544 23.14 1 0
43596 3 8 4 0 0.073 0.114 0.074 0.947 0.847 0.647 22 1.169 32.293 1 0
43596 4 8 4 0 0.073 0.114 0.074 0.947 0.847 0.646 15 1.219 25.567 1 0
43596 5 8 4 0 0.073 0.114 0.074 0.947 0.847 0.646 21 1.47 31.34 1 0
43596 6 8 4 0 0.073 0.114 0.074 0.947 0.847 0.398 19 1.265 28.113 1 0
43596 7 8 4 0 0.073 0.114 0.074 0.947 0.847 0.398 14 1.306 28.32 1 0
43596 8 8 4 0 0.073 0.114 0.074 0.947 0.847 0.299 19 0.89 29.34 1 0
43596 9 8 4 0 0.073 0.114 0.074 0.947 0.847 0.796 9 1.559 25.62 1 0.007
43596 10 8 4 0 0.073 0.114 0.074 0.947 0.847 0.348 18 1.068 27.793 1 0
43596 1 8 4 0 0.1 0.303 0.229 0.754 0.05 238.439 988 244.041 1246.607 0 0
43596 2 8 4 0 0.1 0.303 0.229 0.754 0.05 235.75 851 242.639 1118.887 0 0
43596 3 8 4 0 0.1 0.303 0.229 0.754 0.05 235.465 859 242.238 1135.233 0 0
43596 4 8 4 0 0.1 0.303 0.229 0.754 0.05 232.825 631 239.413 1064.107 0 0
43596 5 8 4 0 0.1 0.303 0.229 0.754 0.05 241.491 911 244.901 1170.48 0 0
43596 6 8 4 0 0.1 0.303 0.229 0.754 0.05 236.821 868 242.207 1151.18 0 0
43596 7 8 4 0 0.1 0.303 0.229 0.754 0.05 230.245 935 235.998 1189.573 0 0
43596 8 8 4 0 0.1 0.303 0.229 0.754 0.05 235.685 880 242.921 1153.547 0 0
43596 9 8 4 0 0.1 0.303 0.229 0.754 0.05 235.992 913 241.353 1200.107 0 0
43596 10 8 4 0 0.1 0.303 0.229 0.754 0.05 233.468 912 240.035 1168.787 0 0
43596 1 8 4 0 0.072 0.124 0.184 0.776 0.674 0.746 18 1.569 28.36 1 0
43596 2 8 4 0 0.072 0.124 0.184 0.776 0.674 0.796 13 1.496 27.167 1 0
43596 3 8 4 0 0.072 0.124 0.184 0.776 0.674 0 11 0.08 11.04 1 0
43596 4 8 4 0 0.072 0.124 0.184 0.776 0.674 0.05 15 0.264 18.42 1 0
43596 1 8 8 0 0.025 0.492 0.255 0.885 0.824 188.653 0 190.026 0 0 1
43596 2 8 8 0 0.025 0.492 0.255 0.885 0.824 179.122 0 180.047 0 0 1
43596 3 8 8 0 0.025 0.492 0.255 0.885 0.824 178.296 0 179.984 0 0 1
43596 4 8 8 0 0.025 0.492 0.255 0.885 0.824 190.398 0 197.552 0 0 1
43596 5 8 8 0 0.025 0.492 0.255 0.885 0.824 199.139 0 200.05 0 0 1
43596 6 8 8 0 0.025 0.492 0.255 0.885 0.824 158.241 0 160.023 0 0 1
43596 7 8 8 0 0.025 0.492 0.255 0.885 0.824 189.456 0 190.249 0 0 1
43596 8 8 8 0 0.025 0.492 0.255 0.885 0.824 169.498 0 170.559 0 0 1
43596 9 8 8 0 0.025 0.492 0.255 0.885 0.824 228.628 0 230.01 0 0 1
43596 10 8 8 0 0.025 0.492 0.255 0.885 0.824 209.465 0 210.204 0 0 1
43596 1 8 8 0 0.066 0.388 0.244 0.826 0.271 236.868 1 245.245 45.873 0 0.4
43596 2 8 8 0 0.066 0.388 0.244 0.826 0.271 231.979 0 244.593 43.927 0 0.5
43596 3 8 8 0 0.066 0.388 0.244 0.826 0.271 236.098 0 244.39 50.713 0 0.42
43596 4 8 8 0 0.066 0.388 0.244 0.826 0.271 236.655 0 245.57 50.247 0 0.4
43596 5 8 8 0 0.066 0.388 0.244 0.826 0.271 237.11 1 244.702 46.853 0 0.413
43596 6 8 8 0 0.066 0.388 0.244 0.826 0.271 238.017 0 245.848 43.813 0 0.493
43596 7 8 8 0 0.066 0.388 0.244 0.826 0.271 0.05 6 1.463 14.493 0.913 0.587
43596 8 8 8 0 0.066 0.388 0.244 0.826 0.271 232.721 0 245.353 42.887 0 0.487
43596 9 8 8 0 0.066 0.388 0.244 0.826 0.271 236.233 2 244.417 41.313 0 0.513
43596 10 8 8 0 0.066 0.388 0.244 0.826 0.271 232.241 1 244.777 42.28 0 0.493
43596 1 7 4 1 0.023 0.056 0.29 0.787 0.516 0.199 19 0.734 25.487 1 0
43596 2 7 4 1 0.023 0.056 0.29 0.787 0.516 0.995 16 1.859 29.053 1 0
43596 3 7 4 1 0.023 0.056 0.29 0.787 0.516 0.547 19 1.247 29.173 1 0
43596 4 7 4 1 0.023 0.056 0.29 0.787 0.516 0.696 25 1.623 36.033 1 0
43596 5 7 4 1 0.023 0.056 0.29 0.787 0.516 0.547 15 1.316 24.933 1 0
43596 6 7 4 1 0.023 0.056 0.29 0.787 0.516 0.746 21 1.258 31.8 1 0
43596 7 7 4 1 0.023 0.056 0.29 0.787 0.516 0.248 20 0.869 27.407 1 0
43596 8 7 4 1 0.023 0.056 0.29 0.787 0.516 0.199 25 0.921 32.4 1 0
43596 9 7 4 1 0.023 0.056 0.29 0.787 0.516 0.398 14 1.404 25.993 1 0
43596 10 7 4 1 0.023 0.056 0.29 0.787 0.516 0.547 28 1.345 40.233 1 0
43596 1 7 4 1 0.056 0.371 0.298 0.889 0.309 0 9 0.086 9 1 1
43596 2 7 4 1 0.056 0.371 0.298 0.889 0.309 0.299 12 1.03 23.727 1 0
43596 3 7 4 1 0.056 0.371 0.298 0.889 0.309 0 9 0.581 12.94 1 0.433
43596 4 7 4 1 0.056 0.371 0.298 0.889 0.309 0 2 0 2 1 1
43596 5 7 4 1 0.056 0.371 0.298 0.889 0.309 0 8 0.141 10.373 1 0.207
43596 6 7 4 1 0.056 0.371 0.298 0.889 0.309 0 7 0.079 7 1 1
43596 7 7 4 1 0.056 0.371 0.298 0.889 0.309 0 16 0.037 16.6 1 0
43596 8 7 4 1 0.056 0.371 0.298 0.889 0.309 0 8 0.071 8 1 1
43596 9 7 4 1 0.056 0.371 0.298 0.889 0.309 0 13 0.081 13 1 0
43596 10 7 4 1 0.056 0.371 0.298 0.889 0.309 0.1 20 1.354 27.813 1 0
43596 1 7 4 1 0.08 0.462 0.076 0.827 0.8 0.05 6 0.104 6 1 1
43596 2 7 4 1 0.08 0.462 0.076 0.827 0.8 0 6 0.016 6 1 1
43596 3 7 4 1 0.08 0.462 0.076 0.827 0.8 0 1 0 1 1 1
43596 4 7 4 1 0.08 0.462 0.076 0.827 0.8 0 5 0.008 5 1 1
43596 5 7 4 1 0.08 0.462 0.076 0.827 0.8 0 8 0.024 8 1 1
43596 6 7 4 1 0.08 0.462 0.076 0.827 0.8 0 4 0.097 4.26 1 1
43596 7 7 4 1 0.08 0.462 0.076 0.827 0.8 0 7 0.477 10.627 1 0.587
43596 8 7 4 1 0.08 0.462 0.076 0.827 0.8 0 1 0 1 1 1
43596 9 7 4 1 0.08 0.462 0.076 0.827 0.8 0 4 0 4 1 1
43596 1 8 7 1 0.094 0.413 0.458 0.795 0.598 199.037 0 199.866 0 0 1
43596 2 8 7 1 0.094 0.413 0.458 0.795 0.598 149.284 0 151.152 0 0 1
43596 3 8 7 1 0.094 0.413 0.458 0.795 0.598 208.716 1 209.987 1 0 1
43596 4 8 7 1 0.094 0.413 0.458 0.795 0.598 167.967 0 169.865 0 0 1
43596 5 8 7 1 0.094 0.413 0.458 0.795 0.598 169.062 0 169.985 0 0 1
43596 6 8 7 1 0.094 0.413 0.458 0.795 0.598 179.381 0 180.524 0 0 1
43596 7 8 7 1 0.094 0.413 0.458 0.795 0.598 168.984 0 170.014 0 0 1
43596 8 8 7 1 0.094 0.413 0.458 0.795 0.598 179.665 0 180.533 0.307 0 1
43596 9 8 7 1 0.094 0.413 0.458 0.795 0.598 148.041 0 149.706 0 0 1
43596 10 8 7 1 0.094 0.413 0.458 0.795 0.598 158.582 0 159.877 0 0 1
43596 1 8 7 1 0.037 0.041 0.066 0.786 0.123 0 5 0.025 6.687 1 1
43596 2 8 7 1 0.037 0.041 0.066 0.786 0.123 0 3 0 3 1 1
43596 3 8 7 1 0.037 0.041 0.066 0.786 0.123 0 4 0.039 4 1 1
43596 4 8 7 1 0.037 0.041 0.066 0.786 0.123 0 3 0.012 3.04 1 1
43596 5 8 7 1 0.037 0.041 0.066 0.786 0.123 0 4 0 4 1 1
43596 6 8 7 1 0.037 0.041 0.066 0.786 0.123 0 2 0 2 1 1
43596 7 8 7 1 0.037 0.041 0.066 0.786 0.123 0 0 0 0 1 1
43596 8 8 7 1 0.037 0.041 0.066 0.786 0.123 0 1 0.189 3.893 1 0.96
43596 9 8 7 1 0.037 0.041 0.066 0.786 0.123 0 4 0.035 4 1 1
43596 10 8 7 1 0.037 0.041 0.066 0.786 0.123 0 0 0.348 2.047 1 0.98
43596 1 8 7 1 0.037 0.403 0.391 0.985 0.051 136.915 423 150.003 564.827 0 0
43596 2 8 7 1 0.037 0.403 0.391 0.985 0.051 0 3 0.045 3 1 1
43596 3 8 7 1 0.037 0.403 0.391 0.985 0.051 0 8 0.155 8 1 1
43596 4 8 7 1 0.037 0.403 0.391 0.985 0.051 100.497 365 109.478 507.14 0 0
43596 5 8 7 1 0.037 0.403 0.391 0.985 0.051 0 14 2.452 24.66 0.847 0
43596 6 8 7 1 0.037 0.403 0.391 0.985 0.051 0 8 0.014 8 1 1
43596 7 8 7 1 0.037 0.403 0.391 0.985 0.051 148.887 428 170.436 603.74 0 0
43596 8 8 7 1 0.037 0.403 0.391 0.985 0.051 134.037 453 150.065 611.453 0 0
43596 9 8 7 1 0.037 0.403 0.391 0.985 0.051 111.422 292 119.936 478.687 0 0
43596 10 8 7 1 0.037 0.403 0.391 0.985 0.051 0 5 0.043 5 1 1
43596 1 8 7 1 0.029 0.303 0.251 0.932 0.914 219 0 219.928 0 0 1
43596 1 7 8 0 0.088 0.278 0.114 0.997 0.14 197.924 543 212.185 783.747 0 0
43596 2 7 8 0 0.088 0.278 0.114 0.997 0.14 210.669 441 216.326 713.867 0 0
43596 3 7 8 0 0.088 0.278 0.114 0.997 0.14 198.437 459 209.496 719.447 0 0
43596 4 7 8 0 0.088 0.278 0.114 0.997 0.14 187.584 461 207.781 706.82 0 0
43596 5 7 8 0 0.088 0.278 0.114 0.997 0.14 205.929 532 221.931 789.007 0 0
43596 6 7 8 0 0.088 0.278 0.114 0.997 0.14 200.378 437 222.948 722.167 0 0
43596 7 7 8 0 0.088 0.278 0.114 0.997 0.14 162.154 293 192.797 545.64 0 0
43596 8 7 8 0 0.088 0.278 0.114 0.997 0.14 172.319 505 197.853 767.12 0 0
43596 9 7 8 0 0.088 0.278 0.114 0.997 0.14 0 0 0 0 1 1
43596 10 7 8 0 0.088 0.278 0.114 0.997 0.14 231.458 697 239.181 969.487 0 0
43596 1 7 8 0 0.028 0.338 0.16 0.823 0.913 189.035 0 190.134 0 0 1
43596 2 7 8 0 0.028 0.338 0.16 0.823 0.913 180.472 0 187.494 0.02 0 1
43596 3 7 8 0 0.028 0.338 0.16 0.823 0.913 249.49 0 249.957 0 0 1
43596 4 7 8 0 0.028 0.338 0.16 0.823 0.913 178.636 0 179.949 0 0 1
43596 5 7 8 0 0.028 0.338 0.16 0.823 0.913 179.221 0 180.081 0 0 1
43596 6 7 8 0 0.028 0.338 0.16 0.823 0.913 192.64 0 198.867 0 0 1
43596 7 7 8 0 0.028 0.338 0.16 0.823 0.913 138.819 0 139.973 0 0 1
43596 8 7 8 0 0.028 0.338 0.16 0.823 0.913 209.349 0 210.084 0 0 1
43596 9 7 8 0 0.028 0.338 0.16 0.823 0.913 169.82 0 172.029 0 0 1
43596 10 7 8 0 0.028 0.338 0.16 0.823 0.913 208.659 0 210.236 0 0 1
43596 1 7 8 0 0.087 0.445 0.154 0.787 0.151 188.224 412 205.426 696.633 0 0
43596 2 7 8 0 0.087 0.445 0.154 0.787 0.151 222.718 574 234.191 914.92 0 0
43596 3 7 8 0 0.087 0.445 0.154 0.787 0.151 202.266 488 214.499 842.167 0 0
43596 4 7 8 0 0.087 0.445 0.154 0.787 0.151 154.477 320 175.187 568.147 0 0
43596 5 7 8 0 0.087 0.445 0.154 0.787 0.151 162.249 367 169.569 635.08 0 0
43596 6 7 8 0 0.087 0.445 0.154 0.787 0.151 0 7 0.167 9.333 1 0.76
43596 7 7 8 0 0.087 0.445 0.154 0.787 0.151 216.72 503 225.894 806.507 0 0
43596 8 7 8 0 0.087 0.445 0.154 0.787 0.151 193.063 429 205.93 680.327 0 0
43596 9 7 8 0 0.087 0.445 0.154 0.787 0.151 216.215 643 224.472 832.073 0 0
43596 10 7 8 0 0.087 0.445 0.154 0.787 0.151 202.58 476 213.418 865.733 0 0
43596 1 7 8 0 0.115 0.044 0.278 0.996 0.844 169.372 0 170.171 0 0 1
43596 2 7 8 0 0.115 0.044 0.278 0.996 0.844 209.396 0 210.149 0 0 1
43596 1 10 10 0 0.071 0.092 0.394 0.813 0.435 249.334 0 249.978 0 0 1
43596 2 10 10 0 0.071 0.092 0.394 0.813 0.435 229.427 0 230.401 0 0 1
43596 3 10 10 0 0.071 0.092 0.394 0.813 0.435 229.311 0 230.242 0 0 1
43596 4 10 10 0 0.071 0.092 0.394 0.813 0.435 249.336 0 249.984 0 0 1
43596 5 10 10 0 0.071 0.092 0.394 0.813 0.435 249.632 0 249.993 0 0 1
43596 6 10 10 0 0.071 0.092 0.394 0.813 0.435 249.582 0 249.991 0 0 1
43596 7 10 10 0 0.071 0.092 0.394 0.813 0.435 249.452 0 249.991 0 0 1
43596 8 10 10 0 0.071 0.092 0.394 0.813 0.435 249.441 0 249.99 0 0 1
43596 9 10 10 0 0.071 0.092 0.394 0.813 0.435 249.252 0 249.975 0 0 1
43596 10 10 10 0 0.071 0.092 0.394 0.813 0.435 249.31 0 249.977 0 0 1
43596 1 10 10 0 0.006 0.042 0.384 0.969 0.878 249.581 0 249.979 0 0 1
43596 2 10 10 0 0.006 0.042 0.384 0.969 0.878 248.757 0 249.957 0 0 1
43596 3 10 10 0 0.006 0.042 0.384 0.969 0.878 249.262 0 249.984 0 0 1
43596 4 10 10 0 0.006 0.042 0.384 0.969 0.878 249.407 0 249.977 0 0 1
43596 1 7 9 1 0.001 0.033 0.064 0.89 0.848 249.183 1 249.952 1 0 1
43596 2 7 9 1 0.001 0.033 0.064 0.89 0.848 249.365 0 249.965 0 0 1
43596 3 7 9 1 0.001 0.033 0.064 0.89 0.848 229.634 0 230.113 0 0 1
43596 4 7 9 1 0.001 0.033 0.064 0.89 0.848 229.295 0 230.028 0 0 1
43596 5 7 9 1 0.001 0.033 0.064 0.89 0.848 199.223 0 200.589 0 0 1
43596 6 7 9 1 0.001 0.033 0.064 0.89 0.848 209.514 0 210.19 0 0 1
43596 7 7 9 1 0.001 0.033 0.064 0.89 0.848 209.736 0 213.635 0 0 1
43596 8 7 9 1 0.001 0.033 0.064 0.89 0.848 229.185 0 233.493 0 0 1
43596 9 7 9 1 0.001 0.033 0.064 0.89 0.848 168.424 0 170.021 0 0 1
43596 10 7 9 1 0.001 0.033 0.064 0.89 0.848 189.244 0 190.337 0 0 1
43596 1 7 9 1 0.056 0.23 0.186 0.932 0.314 0 1 0 1 1 1
43596 2 7 9 1 0.056 0.23 0.186 0.932 0.314 0 5 0.061 5 1 1
43596 3 7 9 1 0.056 0.23 0.186 0.932 0.314 0 3 0 3 1 1
43596 4 7 9 1 0.056 0.23 0.186 0.932 0.314 0 9 0.027 9 1 1
43596 5 7 9 1 0.056 0.23 0.186 0.932 0.314 0 5 0.038 5 1 1
43596 6 7 9 1 0.056 0.23 0.186 0.932 0.314 0 3 0.075 3 1 1
43596 7 7 9 1 0.056 0.23 0.186 0.932 0.314 0 13 0.135 13 1 0
43596 8 7 9 1 0.056 0.23 0.186 0.932 0.314 0 4 0.062 4 1 1
43596 9 7 9 1 0.056 0.23 0.186 0.932 0.314 0 2 0 2 1 1
43596 10 7 9 1 0.056 0.23 0.186 0.932 0.314 0 5 0.234 7.227 1 0.907
43596 1 8 3 1 0.006 0.007 0.43 0.861 0.62 0.696 17 1.458 30.04 1 0
43596 2 8 3 1 0.006 0.007 0.43 0.861 0.62 0.448 17 1.396 30.853 1 0
43596 3 8 3 1 0.006 0.007 0.43 0.861 0.62 0.895 16 1.591 34.04 1 0
43596 4 8 3 1 0.006 0.007 0.43 0.861 0.62 0.199 16 1.375 27.08 1 0
43596 5 8 3 1 0.006 0.007 0.43 0.861 0.62 0.398 16 1.18 27 1 0
43596 6 8 3 1 0.006 0.007 0.43 0.861 0.62 0.597 11 1.475 24.62 1 0
43596 7 8 3 1 0.006 0.007 0.43 0.861 0.62 1.094 23 1.934 35.213 1 0
43596 8 8 3 1 0.006 0.007 0.43 0.861 0.62 0.199 20 0.997 26.093 1 0
43596 9 8 3 1 0.006 0.007 0.43 0.861 0.62 1.094 14 1.844 30.64 1 0
43596 10 8 3 1 0.006 0.007 0.43 0.861 0.62 0.895 20 1.876 33.833 1 0
43596 1 8 3 1 0.111 0.279 0.191 0.952 0.6 0 13 0.699 18.293 1 0
43596 2 8 3 1 0.111 0.279 0.191 0.952 0.6 0 14 0.613 16.793 1 0
43596 3 8 3 1 0.111 0.279 0.191 0.952 0.6 0.348 16 1.347 27.487 1 0
43596 4 8 3 1 0.111 0.279 0.191 0.952 0.6 0.05 14 0.71 22.26 1 0
43596 5 8 3 1 0.111 0.279 0.191 0.952 0.6 0 10 0.042 10 1 0
43596 6 8 3 1 0.111 0.279 0.191 0.952 0.6 0 14 0.214 14 1 0
43596 7 8 3 1 0.111 0.279 0.191 0.952 0.6 0.199 19 0.926 27.873 1 0
43596 8 8 3 1 0.111 0.279 0.191 0.952 0.6 0 6 0.472 12.393 1 0.073
43596 9 8 3 1 0.111 0.279 0.191 0.952 0.6 0 8 0.048 8 1 1
43596 10 8 3 1 0.111 0.279 0.191 0.952 0.6 0 4 0 4 1 1
43596 1 8 3 1 0.064 0.28 0.372 0.92 0.803 0.149 20 1.587 32.273 1 0
43596 1 9 5 1 0.01 0.077 0.098 0.951 0.846 0.547 15 1.432 27.173 1 0
43596 2 9 5 1 0.01 0.077 0.098 0.951 0.846 0.746 14 1.951 28.693 1 0
43596 3 9 5 1 0.01 0.077 0.098 0.951 0.846 0.299 19 1.027 30.067 1 0
43596 4 9 5 1 0.01 0.077 0.098 0.951 0.846 0.348 17 1.001 29.52 1 0
43596 5 9 5 1 0.01 0.077 0.098 0.951 0.846 0.647 16 1.896 29.713 1 0
43596 6 9 5 1 0.01 0.077 0.098 0.951 0.846 68.327 6 70.554 11.467 0 0.42
43596 7 9 5 1 0.01 0.077 0.098 0.951 0.846 0.497 15 1.568 25.853 1 0
43596 8 9 5 1 0.01 0.077 0.098 0.951 0.846 0.696 12 1.528 21.853 1 0
43596 9 9 5 1 0.01 0.077 0.098 0.951 0.846 0.1 13 2.796 29.44 0.993 0
43596 10 9 5 1 0.01 0.077 0.098 0.951 0.846 4.606 6 9.775 23.933 0.013 0.247
43596 1 9 5 1 0.026 0.377 0.492 0.811 0.157 0 3 0 3 1 1
43596 2 9 5 1 0.026 0.377 0.492 0.811 0.157 2.857 28 6.472 61.24 0.18 0
43596 3 9 5 1 0.026 0.377 0.492 0.811 0.157 0 4 0 4 1 1
43596 4 9 5 1 0.026 0.377 0.492 0.811 0.157 1.043 27 5.096 48.433 0.62 0
43596 5 9 5 1 0.026 0.377 0.492 0.811 0.157 0 2 0.026 2 1 1
43596 6 9 5 1 0.026 0.377 0.492 0.811 0.157 0.348 11 2.296 34.993 1 0
43596 7 9 5 1 0.026 0.377 0.492 0.811 0.157 0 12 1.09 25.38 1 0
43596 8 9 5 1 0.026 0.377 0.492 0.811 0.157 0 7 0.127 7.553 1 0.92
43596 9 9 5 1 0.026 0.377 0.492 0.811 0.157 0.647 13 1.618 31.08 1 0
43596 10 9 5 1 0.026 0.377 0.492 0.811 0.157 0 9 0.07 10.767 1 0.12
43596 1 9 5 1 0.087 0.345 0.356 0.905 0.07 0 4 0.148 4 1 1
43596 2 9 5 1 0.087 0.345 0.356 0.905 0.07 202.099 592 210.854 801.853 0 0
43596 1 8 6 1 0.068 0.184 0.076 0.977 0.559 0 9 0.082 9 1 1
43596 2 8 6 1 0.068 0.184 0.076 0.977 0.559 0 5 0 5 1 1
43596 3 8 6 1 0.068 0.184 0.076 0.977 0.559 0 10 0.002 10 1 0
43596 4 8 6 1 0.068 0.184 0.076 0.977 0.559 0 10 0.023 10 1 0
43596 5 8 6 1 0.068 0.184 0.076 0.977 0.559 0 7 0.115 7.093 1 1
43596 6 8 6 1 0.068 0.184 0.076 0.977 0.559 0 3 0.121 4.547 1 0.94
43596 7 8 6 1 0.068 0.184 0.076 0.977 0.559 0 5 0 5 1 1
43596 8 8 6 1 0.068 0.184 0.076 0.977 0.559 0 6 0.046 6 1 1
43596 9 8 6 1 0.068 0.184 0.076 0.977 0.559 0 7 0.148 10.26 1 0.187
43596 10 8 6 1 0.068 0.184 0.076 0.977 0.559 0 4 0.052 4 1 1
43596 1 8 6 1 0.115 0.44 0.187 0.923 0.571 0 7 0.027 7 1 1
43596 2 8 6 1 0.115 0.44 0.187 0.923 0.571 0 11 0.137 11 1 0
43596 3 8 6 1 0.115 0.44 0.187 0.923 0.571 0 11 0.042 11 1 0
43596 4 8 6 1 0.115 0.44 0.187 0.923 0.571 0 3 0 3 1 1
43596 5 8 6 1 0.115 0.44 0.187 0.923 0.571 0 6 0.049 6 1 1
43596 6 8 6 1 0.115 0.44 0.187 0.923 0.571 0 2 0 2 1 1
43596 7 8 6 1 0.115 0.44 0.187 0.923 0.571 0 6 0.899 11.067 1 0.6
43596 8 8 6 1 0.115 0.44 0.187 0.923 0.571 0 4 0.083 4 1 1
43596 9 8 6 1 0.115 0.44 0.187 0.923 0.571 0 10 0.151 12.167 1 0
43596 10 8 6 1 0.115 0.44 0.187 0.923 0.571 0 6 0.062 6 1 1
43596 1 8 6 1 0.054 0.186 0.014 0.805 0.946 98.489 0 99.85 0 0 1
43596 2 8 6 1 0.054 0.186 0.014 0.805 0.946 0 14 0.263 17.9 1 0
43596 3 8 6 1 0.054 0.186 0.014 0.805 0.946 0.447 23 1.071 31.627 1 0
43596 4 8 6 1 0.054 0.186 0.014 0.805 0.946 0 12 0.2 12.1 1 0
43596 5 8 6 1 0.054 0.186 0.014 0.805 0.946 0 16 0.053 16 1 0
43596 6 8 6 1 0.054 0.186 0.014 0.805 0.946 0.149 12 0.84 19.66 1 0
43596 7 8 6 1 0.054 0.186 0.014 0.805 0.946 0.796 23 1.602 33.653 1 0
43596 8 8 6 1 0.054 0.186 0.014 0.805 0.946 0.348 22 1.349 32.86 1 0
43596 9 8 6 1 0.054 0.186 0.014 0.805 0.946 0.149 17 0.432 22.62 1 0
43596 1 9 6 0 0.051 0.363 0.288 0.871 0.821 137.862 0 139.565 0 0 1
43596 2 9 6 0 0.051 0.363 0.288 0.871 0.821 117.453 0 120.586 0 0 1
43596 3 9 6 0 0.051 0.363 0.288 0.871 0.821 148.279 0 149.846 0 0 1
43596 4 9 6 0 0.051 0.363 0.288 0.871 0.821 108.703 0 110.626 0.713 0 1
43596 5 9 6 0 0.051 0.363 0.288 0.871 0.821 147.713 0 149.785 0 0 1
43596 6 9 6 0 0.051 0.363 0.288 0.871 0.821 158.249 2 159.996 2 0 1
43596 7 9 6 0 0.051 0.363 0.288 0.871 0.821 119.322 0 122.947 0.593 0 1
43596 8 9 6 0 0.051 0.363 0.288 0.871 0.821 178.984 1 179.797 1 0 1
43596 9 9 6 0 0.051 0.363 0.288 0.871 0.821 87.592 0 89.848 0 0 1
43596 10 9 6 0 0.051 0.363 0.288 0.871 0.821 109.394 0 115.786 0 0 1
43596 1 9 6 0 0.04 0.45 0.144 0.757 0.778 109.259 1 114.487 1 0 1
43596 2 9 6 0 0.04 0.45 0.144 0.757 0.778 148.426 0 149.888 0 0 1
43596 3 9 6 0 0.04 0.45 0.144 0.757 0.778 168.323 0 169.821 0 0 1
43596 4 9 6 0 0.04 0.45 0.144 0.757 0.778 136.818 0 139.654 0 0 1
43596 5 9 6 0 0.04 0.45 0.144 0.757 0.778 136.789 0 139.757 0 0 1
43596 1 10 10 0 0.001 0.163 0.282 0.984 0.196 237.21 0 245.394 47.927 0 0.453
43596 2 10 10 0 0.001 0.163 0.282 0.984 0.196 236.955 0 244.81 44.6 0 0.587
43596 3 10 10 0 0.001 0.163 0.282 0.984 0.196 240.059 0 246.029 46.147 0 0.493
43596 4 10 10 0 0.001 0.163 0.282 0.984 0.196 231.939 0 245.069 50.033 0 0.553
43596 5 10 10 0 0.001 0.163 0.282 0.984 0.196 236.238 0 245.736 44.993 0 0.493
43596 6 10 10 0 0.001 0.163 0.282 0.984 0.196 239.977 0 246.161 42.633 0 0.46
43596 7 10 10 0 0.001 0.163 0.282 0.984 0.196 236.813 0 245.175 41.947 0 0.54
43596 8 10 10 0 0.001 0.163 0.282 0.984 0.196 234.428 0 245.725 44.64 0 0.513
43596 9 10 10 0 0.001 0.163 0.282 0.984 0.196 239.574 0 245.814 41.133 0 0.493
43596 10 10 10 0 0.001 0.163 0.282 0.984 0.196 238.479 0 246.227 46.947 0 0.46
43596 1 10 10 0 0.013 0.384 0.463 0.761 0.545 229.335 0 231.055 0 0 1
43596 2 10 10 0 0.013 0.384 0.463 0.761 0.545 249.438 0 249.99 0 0 1
43596 3 10 10 0 0.013 0.384 0.463 0.761 0.545 249.235 0 249.981 0 0 1
43596 4 10 10 0 0.013 0.384 0.463 0.761 0.545 249.489 0 249.985 0 0 1
43596 5 10 10 0 0.013 0.384 0.463 0.761 0.545 249.445 0 249.988 0 0 1
43596 6 10 10 0 0.013 0.384 0.463 0.761 0.545 249.855 0 249.998 0 0 1
43596 1 10 9 1 0.074 0.437 0.094 0.882 0.846 248.768 0 249.962 0 0 1
43596 2 10 9 1 0.074 0.437 0.094 0.882 0.846 189.013 0 190.062 0 0 1
43596 3 10 9 1 0.074 0.437 0.094 0.882 0.846 228.311 0 230.8 0 0 1
43596 4 10 9 1 0.074 0.437 0.094 0.882 0.846 199.231 0 200.065 0 0 1
43596 5 10 9 1 0.074 0.437 0.094 0.882 0.846 198.79 0 200.281 0 0 1
43596 6 10 9 1 0.074 0.437 0.094 0.882 0.846 229.513 0 237.33 0 0 1
43596 7 10 9 1 0.074 0.437 0.094 0.882 0.846 249.062 0 249.952 0 0 1
43596 8 10 9 1 0.074 0.437 0.094 0.882 0.846 248.949 0 249.947 0 0 1
43596 9 10 9 1 0.074 0.437 0.094 0.882 0.846 229.537 0 236.06 0.033 0 1
43596 10 10 9 1 0.074 0.437 0.094 0.882 0.846 249.75 0 249.982 0 0 1
43596 1 10 9 1 0.011 0.215 0.106 0.969 0.841 229.528 0 230.116 0 0 1
43596 2 10 9 1 0.011 0.215 0.106 0.969 0.841 229.546 0 233.729 0 0 1
43596 3 10 9 1 0.011 0.215 0.106 0.969 0.841 249.275 0 249.956 0 0 1
43596 1 10 8 1 0.085 0.096 0.212 0.819 0.536 209.57 0 210.533 0 0 1
43596 2 10 8 1 0.085 0.096 0.212 0.819 0.536 158.792 0 160.052 0 0 1
43596 3 10 8 1 0.085 0.096 0.212 0.819 0.536 199.35 0 200.197 0 0 1
43596 4 10 8 1 0.085 0.096 0.212 0.819 0.536 169.236 0 170.451 0 0 1
43596 5 10 8 1 0.085 0.096 0.212 0.819 0.536 209.567 0 210.204 0 0 1
43596 6 10 8 1 0.085 0.096 0.212 0.819 0.536 249.227 0 249.944 0 0 1
43596 7 10 8 1 0.085 0.096 0.212 0.819 0.536 188.737 0 189.967 0 0 1
43596 8 10 8 1 0.085 0.096 0.212 0.819 0.536 189.268 0 190.147 0 0 1
43596 9 10 8 1 0.085 0.096 0.212 0.819 0.536 196.511 1 199.931 1 0 1
43596 10 10 8 1 0.085 0.096 0.212 0.819 0.536 198.947 0 200.025 0 0 1
43596 1 10 8 1 0.068 0.334 0.302 0.855 0.712 219.397 0 220.928 0 0 1
43596 2 10 8 1 0.068 0.334 0.302 0.855 0.712 189.134 0 190.458 0 0 1
43596 3 10 8 1 0.068 0.334 0.302 0.855 0.712 208.406 0 209.865 0 0 1
43596 4 10 8 1 0.068 0.334 0.302 0.855 0.712 179.202 0 180.191 0 0 1
43596 5 10 8 1 0.068 0.334 0.302 0.855 0.712 178.431 0 179.903 0 0 1
43596 6 10 8 1 0.068 0.334 0.302 0.855 0.712 199.212 0 200.008 0 0 1
43596 7 10 8 1 0.068 0.334 0.302 0.855 0.712 199.08 0 200.127 0 0 1
43596 1 8 8 1 0.005 0.206 0.098 0.803 0.121 209.504 635 219.986 806.753 0 0
43596 2 8 8 1 0.005 0.206 0.098 0.803 0.121 190.37 515 198.224 700.833 0 0
43596 3 8 8 1 0.005 0.206 0.098 0.803 0.121 163.059 465 168.926 640.413 0 0
43596 4 8 8 1 0.005 0.206 0.098 0.803 0.121 195.438 486 200.768 743.8 0 0
43596 5 8 8 1 0.005 0.206 0.098 0.803 0.121 162.042 419 177.759 657.3 0 0
43596 6 8 8 1 0.005 0.206 0.098 0.803 0.121 174.916 503 182.887 665.52 0 0
43596 7 8 8 1 0.005 0.206 0.098 0.803 0.121 205.85 637 221.088 827.667 0 0
43596 8 8 8 1 0.005 0.206 0.098 0.803 0.121 129.441 368 155.278 533.58 0 0
43596 9 8 8 1 0.005 0.206 0.098 0.803 0.121 179.187 535 188.995 696.927 0 0
43596 10 8 8 1 0.005 0.206 0.098 0.803 0.121 177.262 576 192.603 733.853 0 0
43596 1 8 8 1 0.012 0.415 0.07 0.796 0.113 229.205 820 236.067 1015.993 0 0
43596 2 8 8 1 0.012 0.415 0.07 0.796 0.113 228.963 796 235.537 1003.467 0 0
43596 3 8 8 1 0.012 0.415 0.07 0.796 0.113 237.148 843 242.956 1105.773 0 0
43596 4 8 8 1 0.012 0.415 0.07 0.796 0.113 232.005 799 236.92 1063.273 0 0
43596 1 8 5 0 0.033 0.11 0.242 0.987 0.922 59.074 10 61.063 19.133 0 0
43596 2 8 5 0 0.033 0.11 0.242 0.987 0.922 69.011 10 71.04 20.847 0 0
43596 3 8 5 0 0.033 0.11 0.242 0.987 0.922 48.759 8 50.696 14.18 0 0.14
43596 4 8 5 0 0.033 0.11 0.242 0.987 0.922 39.77 8 46.24 17.36 0 0.013
43596 5 8 5 0 0.033 0.11 0.242 0.987 0.922 68.422 1 69.973 1 0 1
43596 6 8 5 0 0.033 0.11 0.242 0.987 0.922 58.635 4 59.855 4 0 1
43596 7 8 5 0 0.033 0.11 0.242 0.987 0.922 78.342 10 80.25 17.2 0 0
43596 8 8 5 0 0.033 0.11 0.242 0.987 0.922 58.947 12 60.286 17.093 0 0
43596 9 8 5 0 0.033 0.11 0.242 0.987 0.922 58.396 6 60.048 12.653 0 0.113
43596 10 8 5 0 0.033 0.11 0.242 0.987 0.922 78.353 5 81.454 17.7 0 0.1
43596 1 8 5 0 0.069 0.329 0.175 0.91 0.126 0 6 0 7.053 1 1
43596 2 8 5 0 0.069 0.329 0.175 0.91 0.126 204.307 541 213.453 816.987 0 0
43596 3 8 5 0 0.069 0.329 0.175 0.91 0.126 210.558 595 216.973 830.707 0 0
43596 4 8 5 0 0.069 0.329 0.175 0.91 0.126 171.921 432 190.191 665.86 0 0
43596 5 8 5 0 0.069 0.329 0.175 0.91 0.126 185.606 492 201.119 782.453 0 0
43596 1 10 8 1 0.027 0.126 0.334 0.893 0.724 208.943 0 210.243 0 0 1
43596 2 10 8 1 0.027 0.126 0.334 0.893 0.724 208.901 0 209.966 0 0 1
43596 3 10 8 1 0.027 0.126 0.334 0.893 0.724 178.918 0 180.017 0 0 1
43596 4 10 8 1 0.027 0.126 0.334 0.893 0.724 188.921 0 195.525 0 0 1
43596 5 10 8 1 0.027 0.126 0.334 0.893 0.724 248.813 1 249.951 1 0 1
43596 6 10 8 1 0.027 0.126 0.334 0.893 0.724 209.086 0 210.14 0 0 1
43596 7 10 8 1 0.027 0.126 0.334 0.893 0.724 208.646 0 220.046 0 0 1
43596 8 10 8 1 0.027 0.126 0.334 0.893 0.724 208.867 0 210.015 0 0 1
43596 9 10 8 1 0.027 0.126 0.334 0.893 0.724 199.355 0 200.072 0 0 1
43596 10 10 8 1 0.027 0.126 0.334 0.893 0.724 199.53 0 200.289 0 0 1
43596 1 10 8 1 0.113 0.136 0.296 0.924 0.01 241.177 1041 245.393 1566.013 0 0
43596 2 10 8 1 0.113 0.136 0.296 0.924 0.01 238.434 1115 243.481 1427.387 0 0
43596 3 10 8 1 0.113 0.136 0.296 0.924 0.01 235.215 1212 244.866 1614.68 0 0
43596 4 10 8 1 0.113 0.136 0.296 0.924 0.01 238.424 1093 243.431 1455.507 0 0
43596 1 7 3 0 0.014 0.257 0.338 0.966 0.036 0 6 0.045 6 1 1
43596 2 7 3 0 0.014 0.257 0.338 0.966 0.036 128.629 356 136.666 539.893 0 0
43596 3 7 3 0 0.014 0.257 0.338 0.966 0.036 82.405 205 98.452 377.68 0 0
43596 4 7 3 0 0.014 0.257 0.338 0.966 0.036 89.566 210 98.548 329.36 0 0
43596 5 7 3 0 0.014 0.257 0.338 0.966 0.036 0.199 8 5.88 90.413 0.66 0.26
43596 6 7 3 0 0.014 0.257 0.338 0.966 0.036 67.561 158 79.981 374.64 0 0
43596 7 7 3 0 0.014 0.257 0.338 0.966 0.036 141.294 386 148.68 549.673 0 0
43596 8 7 3 0 0.014 0.257 0.338 0.966 0.036 121.637 392 146.064 607.52 0 0
43596 9 7 3 0 0.014 0.257 0.338 0.966 0.036 0 8 0.189 12.08 1 0.107
43596 10 7 3 0 0.014 0.257 0.338 0.966 0.036 0 6 0.073 6 1 1
43596 1 7 3 0 0.036 0.146 0.007 0.762 0.042 246.477 2128 249.007 2681.08 0 0
43596 2 7 3 0 0.036 0.146 0.007 0.762 0.042 246.169 2428 248.934 2742.033 0 0
43596 3 7 3 0 0.036 0.146 0.007 0.762 0.042 245.114 1985 248.231 2331.893 0 0
43596 4 7 3 0 0.036 0.146 0.007 0.762 0.042 246.694 2392 249.255 2870.7 0 0
43596 5 7 3 0 0.036 0.146 0.007 0.762 0.042 244.054 1918 248.421 2363.08 0 0
43596 1 8 10 1 0.014 0.244 0.131 0.905 0.608 249.323 0 249.99 0 0 1
43596 2 8 10 1 0.014 0.244 0.131 0.905 0.608 249.256 0 249.982 0 0 1
43596 3 8 10 1 0.014 0.244 0.131 0.905 0.608 249.428 0 249.985 0 0 1
43596 4 8 10 1 0.014 0.244 0.131 0.905 0.608 249.057 0 249.98 0 0 1
43596 5 8 10 1 0.014 0.244 0.131 0.905 0.608 249.444 0 249.986 0 0 1
43596 6 8 10 1 0.014 0.244 0.131 0.905 0.608 249.582 0 249.989 0 0 1
43596 7 8 10 1 0.014 0.244 0.131 0.905 0.608 249.412 0 249.975 0 0 1
43596 8 8 10 1 0.014 0.244 0.131 0.905 0.608 249.292 0 249.978 0 0 1
43596 9 8 10 1 0.014 0.244 0.131 0.905 0.608 249.474 0 249.989 0 0 1
43596 10 8 10 1 0.014 0.244 0.131 0.905 0.608 249.474 0 249.987 0 0 1
43596 1 8 10 1 0.03 0.391 0.415 0.867 0.934 249.437 0 249.992 0 0 1
43596 2 8 10 1 0.03 0.391 0.415 0.867 0.934 249.472 0 249.981 0 0 1
43596 3 8 10 1 0.03 0.391 0.415 0.867 0.934 249.575 0 249.995 0 0 1
43596 4 8 10 1 0.03 0.391 0.415 0.867 0.934 249.559 0 249.99 0 0 1
43596 5 8 10 1 0.03 0.391 0.415 0.867 0.934 249.428 0 249.969 0 0 1
43596 6 8 10 1 0.03 0.391 0.415 0.867 0.934 249.85 0 249.994 0 0 1
43596 7 8 10 1 0.03 0.391 0.415 0.867 0.934 249.718 0 249.994 0 0 1
43596 8 8 10 1 0.03 0.391 0.415 0.867 0.934 249.474 0 249.984 0 0 1
43596 9 8 10 1 0.03 0.391 0.415 0.867 0.934 249.386 0 249.963 0 0 1
43596 10 8 10 1 0.03 0.391 0.415 0.867 0.934 249.322 0 249.985 0 0 1
43596 1 8 10 1 0.038 0.04 0.456 0.779 0.305 229.121 0 230.096 0 0 1
43596 2 8 10 1 0.038 0.04 0.456 0.779 0.305 249.222 0 249.983 0 0 1
43596 3 8 10 1 0.038 0.04 0.456 0.779 0.305 249.474 0 249.984 0 0 1
43596 4 8 10 1 0.038 0.04 0.456 0.779 0.305 249.415 0 249.987 0 0 1
43596 5 8 10 1 0.038 0.04 0.456 0.779 0.305 249.441 0 249.985 0 0 1
43596 6 8 10 1 0.038 0.04 0.456 0.779 0.305 249.215 0 249.972 0 0 1
43596 7 8 10 1 0.038 0.04 0.456 0.779 0.305 249.311 0 249.978 0 0 1
43596 1 10 3 0 0.002 0.226 0.031 0.774 0.538 0 5 0.033 5 1 1
43596 2 10 3 0 0.002 0.226 0.031 0.774 0.538 0 9 0.017 9 1 1
43596 3 10 3 0 0.002 0.226 0.031 0.774 0.538 0 2 0.565 7.787 1 0.68
43596 4 10 3 0 0.002 0.226 0.031 0.774 0.538 0 0 0 0 1 1
43596 5 10 3 0 0.002 0.226 0.031 0.774 0.538 0 5 0.002 5 1 1
43596 6 10 3 0 0.002 0.226 0.031 0.774 0.538 0 4 0.037 4 1 1
43596 7 10 3 0 0.002 0.226 0.031 0.774 0.538 0 2 0 2.4 1 1
43596 8 10 3 0 0.002 0.226 0.031 0.774 0.538 0 7 0.104 7 1 1
43596 9 10 3 0 0.002 0.226 0.031 0.774 0.538 0 1 0.013 1 1 1
43596 10 10 3 0 0.002 0.226 0.031 0.774 0.538 0 0 0 0 1 1
43596 1 10 3 0 0.08 0.211 0.162 0.838 0.932 0.846 16 1.719 30.147 1 0
43596 2 10 3 0 0.08 0.211 0.162 0.838 0.932 0.796 17 1.6 30.54 1 0
43596 3 10 3 0 0.08 0.211 0.162 0.838 0.932 0.249 22 1.231 33.487 1 0
43596 4 10 3 0 0.08 0.211 0.162 0.838 0.932 0.796 17 1.74 29.5 1 0
43596 5 10 3 0 0.08 0.211 0.162 0.838 0.932 0.796 22 1.559 35.853 1 0
43596 6 10 3 0 0.08 0.211 0.162 0.838 0.932 0.646 20 1.853 34.107 1 0
43596 7 10 3 0 0.08 0.211 0.162 0.838 0.932 0.796 22 1.754 37.993 1 0
43596 8 10 3 0 0.08 0.211 0.162 0.838 0.932 0.448 10 1.362 23.48 1 0
43596 1 8 9 0 0.114 0.237 0.399 0.873 0.817 249.226 0 249.974 0 0 1
43596 2 8 9 0 0.114 0.237 0.399 0.873 0.817 195.647 0 200.55 0 0 1
43596 3 8 9 0 0.114 0.237 0.399 0.873 0.817 219.071 0 219.973 0 0 1
43596 4 8 9 0 0.114 0.237 0.399 0.873 0.817 229.15 0 229.981 0 0 1
43596 5 8 9 0 0.114 0.237 0.399 0.873 0.817 208.968 0 210.116 0 0 1
43596 6 8 9 0 0.114 0.237 0.399 0.873 0.817 214.167 0 227.658 0 0 1
43596 7 8 9 0 0.114 0.237 0.399 0.873 0.817 249.404 0 249.977 0 0 1
43596 8 8 9 0 0.114 0.237 0.399 0.873 0.817 249.371 0 249.965 0 0 1
43596 9 8 9 0 0.114 0.237 0.399 0.873 0.817 217.634 0 228.343 0 0 1
43596 10 8 9 0 0.114 0.237 0.399 0.873 0.817 229.353 0 230.149 0 0 1
43596 1 8 9 0 0.012 0.156 0.204 0.799 0.509 229.267 0 230.009 0 0 1
43596 2 8 9 0 0.012 0.156 0.204 0.799 0.509 229.108 0 230.117 0 0 1
43596 3 8 9 0 0.012 0.156 0.204 0.799 0.509 198.538 0 200.238 0 0 1
43596 4 8 9 0 0.012 0.156 0.204 0.799 0.509 188.317 0 189.929 0 0 1
43596 5 8 9 0 0.012 0.156 0.204 0.799 0.509 249.236 0 249.965 0 0 1
43596 6 8 9 0 0.012 0.156 0.204 0.799 0.509 229.164 0 230.371 0 0 1
43596 1 8 3 1 0.117 0.226 0.072 0.842 0.785 0.448 18 1.525 30.827 1 0
43596 2 8 3 1 0.117 0.226 0.072 0.842 0.785 0 9 0.35 10.887 1 0.633
43596 3 8 3 1 0.117 0.226 0.072 0.842 0.785 0.647 15 1.542 25.44 1 0
43596 4 8 3 1 0.117 0.226 0.072 0.842 0.785 0 22 0.304 23.56 1 0
43596 5 8 3 1 0.117 0.226 0.072 0.842 0.785 0.995 21 1.431 30.7 1 0
43596 6 8 3 1 0.117 0.226 0.072 0.842 0.785 0.149 14 0.405 15.967 1 0
43596 7 8 3 1 0.117 0.226 0.072 0.842 0.785 0.597 20 1.421 33.313 1 0
43596 8 8 3 1 0.117 0.226 0.072 0.842 0.785 0.05 7 0.187 7.187 1 0.967
43596 9 8 3 1 0.117 0.226 0.072 0.842 0.785 0.1 15 0.425 17.927 1 0
43596 10 8 3 1 0.117 0.226 0.072 0.842 0.785 0 11 0.073 11.387 1 0
43596 1 8 3 1 0.11 0.085 0.458 0.889 0.106 0.745 25 1.409 36.253 1 0
43596 2 8 3 1 0.11 0.085 0.458 0.889 0.106 0 10 0.688 14.62 1 0
43596 3 8 3 1 0.11 0.085 0.458 0.889 0.106 0.945 22 1.558 32.167 1 0
43596 4 8 3 1 0.11 0.085 0.458 0.889 0.106 0.597 23 1.688 40.133 1 0
43596 5 8 3 1 0.11 0.085 0.458 0.889 0.106 0.1 24 1.203 38.747 1 0
43596 6 8 3 1 0.11 0.085 0.458 0.889 0.106 0.895 26 1.863 39.273 1 0
43596 7 8 3 1 0.11 0.085 0.458 0.889 0.106 0.647 15 1.433 29.1 1 0
43596 1 8 4 0 0.074 0.096 0.139 0.754 0.526 0.05 14 0.435 17.213 1 0
43596 2 8 4 0 0.074 0.096 0.139 0.754 0.526 0 9 0.055 9 1 1
43596 3 8 4 0 0.074 0.096 0.139 0.754 0.526 0.249 24 1.438 34.473 1 0
43596 4 8 4 0 0.074 0.096 0.139 0.754 0.526 0 11 0.022 11 1 0
43596 5 8 4 0 0.074 0.096 0.139 0.754 0.526 0 14 0.141 18.053 1 0
43596 6 8 4 0 0.074 0.096 0.139 0.754 0.526 0.547 17 1.311 28.693 1 0
43596 7 8 4 0 0.074 0.096 0.139 0.754 0.526 0.746 18 1.495 28.42 1 0
43596 8 8 4 0 0.074 0.096 0.139 0.754 0.526 0.1 9 0.476 13.56 1 0.027
43596 9 8 4 0 0.074 0.096 0.139 0.754 0.526 0.149 13 0.836 23.86 1 0
43596 10 8 4 0 0.074 0.096 0.139 0.754 0.526 0.597 20 1.573 31.153 1 0
43596 1 8 4 0 0.05 0.228 0.425 0.779 0.932 0.498 22 1.034 27.633 1 0
43596 2 8 4 0 0.05 0.228 0.425 0.779 0.932 0.199 13 1.124 22.987 1 0
43596 3 8 4 0 0.05 0.228 0.425 0.779 0.932 1.542 20 2.221 32.587 1 0
43596 4 8 4 0 0.05 0.228 0.425 0.779 0.932 0.597 13 1.244 20.753 1 0
43596 5 8 4 0 0.05 0.228 0.425 0.779 0.932 0.1 16 1.279 27.42 1 0
43596 6 8 4 0 0.05 0.228 0.425 0.779 0.932 0.348 13 1.097 25.247 1 0
43596 7 8 4 0 0.05 0.228 0.425 0.779 0.932 0.646 19 1.518 32.293 1 0
43596 1 10 5 1 0.009 0.418 0.024 0.873 0.419 0 3 0 3 1 1
43596 2 10 5 1 0.009 0.418 0.024 0.873 0.419 0 0 0 0 1 1
43596 3 10 5 1 0.009 0.418 0.024 0.873 0.419 0 3 0.042 3 1 1
43596 4 10 5 1 0.009 0.418 0.024 0.873 0.419 0 0 0 0 1 1
43596 5 10 5 1 0.009 0.418 0.024 0.873 0.419 0 2 0.035 2 1 1
43596 6 10 5 1 0.009 0.418 0.024 0.873 0.419 0 3 0 3 1 1
43596 7 10 5 1 0.009 0.418 0.024 0.873 0.419 0 4 0.07 4 1 1
43596 8 10 5 1 0.009 0.418 0.024 0.873 0.419 0 1 0.051 1 1 1
43596 9 10 5 1 0.009 0.418 0.024 0.873 0.419 0 1 0 1 1 1
43596 10 10 5 1 0.009 0.418 0.024 0.873 0.419 0 0 0 0 1 1
43596 1 10 5 1 0.008 0.013 0.064 0.825 0.578 68.684 7 70.472 16.747 0 0.087
43596 2 10 5 1 0.008 0.013 0.064 0.825 0.578 130.751 2 133.474 2 0 1
43596 3 10 5 1 0.008 0.013 0.064 0.825 0.578 89.13 4 91.781 10.307 0 0.56
43596 4 10 5 1 0.008 0.013 0.064 0.825 0.578 67.891 6 69.738 6.46 0 1
43596 5 10 5 1 0.008 0.013 0.064 0.825 0.578 129.312 1 135.252 1 0 1
43596 6 10 5 1 0.008 0.013 0.064 0.825 0.578 0.696 8 2.36 22.507 0.92 0.04
43596 7 10 5 1 0.008 0.013 0.064 0.825 0.578 0.356 13 1.871 25.36 1 0
43596 1 7 4 1 0.064 0.38 0.457 0.835 0.075 0 5 0.045 5 1 1
43596 2 7 4 1 0.064 0.38 0.457 0.835 0.075 0 3 0.003 3.64 1 1
43596 3 7 4 1 0.064 0.38 0.457 0.835 0.075 0 3 0.04 3 1 1
43596 4 7 4 1 0.064 0.38 0.457 0.835 0.075 2.435 16 20.087 116.827 0.087 0
43596 5 7 4 1 0.064 0.38 0.457 0.835 0.075 1.987 26 3.895 51.587 0.873 0
43596 6 7 4 1 0.064 0.38 0.457 0.835 0.075 0 5 0 5 1 1
43596 7 7 4 1 0.064 0.38 0.457 0.835 0.075 0 5 0.009 5 1 1
43596 8 7 4 1 0.064 0.38 0.457 0.835 0.075 0 9 0.506 10.173 1 0.42
43596 9 7 4 1 0.064 0.38 0.457 0.835 0.075 0 3 0 3 1 1
43596 10 7 4 1 0.064 0.38 0.457 0.835 0.075 0 4 0.012 4 1 1
43596 1 7 4 1 0.009 0.062 0.185 0.978 0.048 0 6 0.017 6 1 1
43596 2 7 4 1 0.009 0.062 0.185 0.978 0.048 0 10 0.123 10.807 1 0
43596 3 7 4 1 0.009 0.062 0.185 0.978 0.048 0 3 0.049 3 1 1
43596 4 7 4 1 0.009 0.062 0.185 0.978 0.048 0 11 0.128 11.78 1 0
43596 5 7 4 1 0.009 0.062 0.185 0.978 0.048 0 6 0.032 7.487 1 1
43596 6 7 4 1 0.009 0.062 0.185 0.978 0.048 0 7 0.096 7 1 1
43596 7 7 4 1 0.009 0.062 0.185 0.978 0.048 39.034 73 52.39 162.04 0 0
43596 8 7 4 1 0.009 0.062 0.185 0.978 0.048 6.504 33 16.238 103.92 0 0
43596 9 7 4 1 0.009 0.062 0.185 0.978 0.048 0 8 0.045 8 1 1
43596 10 7 4 1 0.009 0.062 0.185 0.978 0.048 0 6 0 6 1 1
43596 1 7 4 1 0.1 0.333 0.336 0.966 0.588 0 14 1.032 23.58 1 0
43596 2 7 4 1 0.1 0.333 0.336 0.966 0.588 0.945 20 1.655 30.127 1 0
43596 3 7 4 1 0.1 0.333 0.336 0.966 0.588 0.796 25 1.556 36.7 1 0
43596 4 7 4 1 0.1 0.333 0.336 0.966 0.588 0.348 16 1.628 29.447 1 0
43596 5 7 4 1 0.1 0.333 0.336 0.966 0.588 0.696 19 1.475 30.227 1 0
43596 6 7 4 1 0.1 0.333 0.336 0.966 0.588 0.547 24 1.453 35.34 1 0
43596 7 7 4 1 0.1 0.333 0.336 0.966 0.588 0.299 19 1.125 31.287 1 0
43596 8 7 4 1 0.1 0.333 0.336 0.966 0.588 0.299 5 1.134 21.133 1 0.113
43596 9 7 4 1 0.1 0.333 0.336 0.966 0.588 0.547 31 1.818 39.133 1 0
43596 10 7 4 1 0.1 0.333 0.336 0.966 0.588 0 16 0.044 16 1 0
43596 1 7 4 1 0.114 0.363 0.356 0.941 0.002 243.547 1286 247.006 1591.133 0 0
43596 1 7 7 0 0.069 0.174 0.328 0.983 0.279 209.201 1 210.316 1 0 1
43596 2 7 7 0 0.069 0.174 0.328 0.983 0.279 178.759 0 180.233 0 0 1
43596 3 7 7 0 0.069 0.174 0.328 0.983 0.279 199.286 0 200.514 0 0 1
43596 4 7 7 0 0.069 0.174 0.328 0.983 0.279 200 0 200.562 0 0 1
43596 5 7 7 0 0.069 0.174 0.328 0.983 0.279 198.599 1 199.952 1 0 1
43596 6 7 7 0 0.069 0.174 0.328 0.983 0.279 228.162 0 229.854 0 0 1
43596 7 7 7 0 0.069 0.174 0.328 0.983 0.279 187.51 0 189.689 0 0 1
43596 8 7 7 0 0.069 0.174 0.328 0.983 0.279 188.573 0 190.12 0 0 1
43596 9 7 7 0 0.069 0.174 0.328 0.983 0.279 209.122 0 209.96 0 0 1
43596 10 7 7 0 0.069 0.174 0.328 0.983 0.279 199.325 0 200.288 0 0 1
43596 1 7 7 0 0.052 0.381 0.294 0.843 0.031 233.788 841 239.347 1030.64 0 0
43596 2 7 7 0 0.052 0.381 0.294 0.843 0.031 230.7 743 236.513 954.167 0 0
43596 3 7 7 0 0.052 0.381 0.294 0.843 0.031 227.581 720 235.698 969.033 0 0
43596 4 7 7 0 0.052 0.381 0.294 0.843 0.031 228.721 737 236.959 985.973 0 0
43596 5 7 7 0 0.052 0.381 0.294 0.843 0.031 236.645 794 241.476 1054.213 0 0
43596 6 7 7 0 0.052 0.381 0.294 0.843 0.031 229.005 811 238.206 1033.433 0 0
43596 1 8 3 1 0.056 0.199 0.097 0.944 0.262 0 6 0 6.767 1 1
43596 2 8 3 1 0.056 0.199 0.097 0.944 0.262 0 3 0.026 3 1 1
43596 3 8 3 1 0.056 0.199 0.097 0.944 0.262 0 3 0 3 1 1
43596 4 8 3 1 0.056 0.199 0.097 0.944 0.262 0 2 0.003 2 1 1
43596 5 8 3 1 0.056 0.199 0.097 0.944 0.262 0 5 0.085 5 1 1
43596 6 8 3 1 0.056 0.199 0.097 0.944 0.262 0 5 0 5 1 1
43596 7 8 3 1 0.056 0.199 0.097 0.944 0.262 0 3 0.053 3 1 1
43596 8 8 3 1 0.056 0.199 0.097 0.944 0.262 0 2 0 2 1 1
43596 9 8 3 1 0.056 0.199 0.097 0.944 0.262 0 0 0 0 1 1
43596 10 8 3 1 0.056 0.199 0.097 0.944 0.262 0 5 0.078 5 1 1
43596 1 8 3 1 0.053 0.349 0.022 0.926 0.086 243.823 1576 247.595 1928.007 0 0
43596 2 8 3 1 0.053 0.349 0.022 0.926 0.086 243.335 1527 247.711 1840.56 0 0
43596 3 8 3 1 0.053 0.349 0.022 0.926 0.086 244.803 1605 248.303 1995.68 0 0
43596 4 8 3 1 0.053 0.349 0.022 0.926 0.086 241.297 1169 246.484 1578.113 0 0
43596 1 8 7 0 0.053 0.269 0.161 0.812 0.472 181.13 0 188.503 0 0 1
43596 2 8 7 0 0.053 0.269 0.161 0.812 0.472 155.347 0 159.292 0 0 1
43596 3 8 7 0 0.053 0.269 0.161 0.812 0.472 98.973 0 109.101 0 0 1
43596 4 8 7 0 0.053 0.269 0.161 0.812 0.472 147.485 0 149.835 0 0 1
43596 5 8 7 0 0.053 0.269 0.161 0.812 0.472 107.169 0 109.047 0 0 1
43596 6 8 7 0 0.053 0.269 0.161 0.812 0.472 117.657 0 119.756 0 0 1
43596 7 8 7 0 0.053 0.269 0.161 0.812 0.472 159 0 159.866 0 0 1
43596 8 8 7 0 0.053 0.269 0.161 0.812 0.472 83.769 0 86.111 0 0 1
43596 9 8 7 0 0.053 0.269 0.161 0.812 0.472 88.765 1 90.335 1 0 1
43596 10 8 7 0 0.053 0.269 0.161 0.812 0.472 107.063 0 109.596 0 0 1
43596 1 8 7 0 0.021 0.042 0.246 0.815 0.779 188.831 0 190.016 0 0 1
43596 2 8 7 0 0.021 0.042 0.246 0.815 0.779 148.787 0 150.412 0 0 1
43596 3 8 7 0 0.021 0.042 0.246 0.815 0.779 158.226 0 159.693 0 0 1
43596 4 8 7 0 0.021 0.042 0.246 0.815 0.779 138.982 0 140.12 0 0 1
43596 5 8 7 0 0.021 0.042 0.246 0.815 0.779 178.884 0 179.854 0 0 1
43596 6 8 7 0 0.021 0.042 0.246 0.815 0.779 119.434 0 120.479 0.653 0 1
43596 7 8 7 0 0.021 0.042 0.246 0.815 0.779 199.186 0 200.002 0 0 1
43596 1 8 9 0 0.02 0.478 0.443 0.83 0.62 229.805 0 230.442 0 0 1
43596 2 8 9 0 0.02 0.478 0.443 0.83 0.62 228.923 0 229.987 0 0 1
43596 3 8 9 0 0.02 0.478 0.443 0.83 0.62 229.733 1 237.392 1 0 1
43596 4 8 9 0 0.02 0.478 0.443 0.83 0.62 178.709 0 180.88 0 0 1
43596 5 8 9 0 0.02 0.478 0.443 0.83 0.62 229.982 0 230.833 0 0 1
43596 6 8 9 0 0.02 0.478 0.443 0.83 0.62 179.553 0 181.909 0 0 1
43596 7 8 9 0 0.02 0.478 0.443 0.83 0.62 249.298 0 249.969 0 0 1
43596 8 8 9 0 0.02 0.478 0.443 0.83 0.62 233.065 0 247.096 0 0 1
43596 9 8 9 0 0.02 0.478 0.443 0.83 0.62 249.37 0 249.965 0 0 1
43596 10 8 9 0 0.02 0.478 0.443 0.83 0.62 248.775 0 249.944 0 0 1
43596 1 8 9 0 0.065 0.477 0.333 0.991 0.938 249.509 0 249.974 0 0 1
43596 2 8 9 0 0.065 0.477 0.333 0.991 0.938 219.147 0 223.14 0 0 1
43596 3 8 9 0 0.065 0.477 0.333 0.991 0.938 228.032 0 230.118 0 0 1
43596 4 8 9 0 0.065 0.477 0.333 0.991 0.938 248.938 0 249.963 0 0 1
43596 5 8 9 0 0.065 0.477 0.333 0.991 0.938 199.396 0 205.216 0 0 1
43596 6 8 9 0 0.065 0.477 0.333 0.991 0.938 229.412 0 230.098 0 0 1
43596 7 8 9 0 0.065 0.477 0.333 0.991 0.938 228.872 0 230.063 0 0 1
43596 1 9 3 1 0.053 0.194 0.067 0.959 0.344 0 3 0.039 3 1 1
43596 2 9 3 1 0.053 0.194 0.067 0.959 0.344 0 3 0.004 3 1 1
43596 3 9 3 1 0.053 0.194 0.067 0.959 0.344 0 2 0 2.013 1 1
43596 4 9 3 1 0.053 0.194 0.067 0.959 0.344 0 1 0 1 1 1
43596 5 9 3 1 0.053 0.194 0.067 0.959 0.344 0 1 0 1 1 1
43596 6 9 3 1 0.053 0.194 0.067 0.959 0.344 0 4 0.02 4 1 1
43596 7 9 3 1 0.053 0.194 0.067 0.959 0.344 0 1 0 1 1 1
43596 8 9 3 1 0.053 0.194 0.067 0.959 0.344 0 6 0.031 6 1 1
43596 9 9 3 1 0.053 0.194 0.067 0.959 0.344 0 0 0 0 1 1
43596 10 9 3 1 0.053 0.194 0.067 0.959 0.344 0 6 1.43 6.727 0.92 0.967
43596 1 9 3 1 0.039 0.143 0.086 0.786 0.079 234.668 925 242.166 1190.493 0 0
43596 2 9 3 1 0.039 0.143 0.086 0.786 0.079 235.891 1026 242.909 1253.74 0 0
43596 3 9 3 1 0.039 0.143 0.086 0.786 0.079 239.293 1024 243.918 1323.587 0 0
43596 4 9 3 1 0.039 0.143 0.086 0.786 0.079 236.847 945 243.256 1226.633 0 0
43596 5 9 3 1 0.039 0.143 0.086 0.786 0.079 234.95 978 242.87 1272.347 0 0
43596 6 9 3 1 0.039 0.143 0.086 0.786 0.079 231.337 876 238.755 1138.253 0 0
43596 7 9 3 1 0.039 0.143 0.086 0.786 0.079 237.615 892 242.205 1233.393 0 0
43596 1 9 5 0 0.055 0.009 0.038 0.83 0.062 0 7 0.533 9.067 1 0.68
43596 2 9 5 0 0.055 0.009 0.038 0.83 0.062 0 8 0 8 1 1
43596 3 9 5 0 0.055 0.009 0.038 0.83 0.062 0 3 0.256 4.113 1 0.987
43596 4 9 5 0 0.055 0.009 0.038 0.83 0.062 0.199 6 1.424 23.767 0.993 0.28
43596 5 9 5 0 0.055 0.009 0.038 0.83 0.062 0 4 0.039 4 1 1
43596 6 9 5 0 0.055 0.009 0.038 0.83 0.062 0 5 0 5 1 1
43596 7 9 5 0 0.055 0.009 0.038 0.83 0.062 0 0 0 0 1 1
43596 8 9 5 0 0.055 0.009 0.038 0.83 0.062 0 1 0 1 1 1
43596 9 9 5 0 0.055 0.009 0.038 0.83 0.062 0 2 0 2 1 1
43596 10 9 5 0 0.055 0.009 0.038 0.83 0.062 0 9 0.084 9 1 1
43596 1 9 5 0 0.119 0.117 0.198 0.927 0.024 236.204 1088 244.51 1451.707 0 0
43596 2 9 5 0 0.119 0.117 0.198 0.927 0.024 237.346 967 244.155 1392.033 0 0
43596 3 9 5 0 0.119 0.117 0.198 0.927 0.024 233.204 849 241.051 1192.853 0 0
43596 4 9 5 0 0.119 0.117 0.198 0.927 0.024 239.95 879 244.326 1270.92 0 0
43596 5 9 5 0 0.119 0.117 0.198 0.927 0.024 237.572 996 243.605 1344.773 0 0
43596 1 8 3 0 0.119 0.182 0.323 0.84 0.757 0.796 21 1.621 34.553 1 0
43596 2 8 3 0 0.119 0.182 0.323 0.84 0.757 0.348 21 1.028 30.04 1 0
43596 3 8 3 0 0.119 0.182 0.323 0.84 0.757 0.746 17 1.566 31.48 1 0
43596 4 8 3 0 0.119 0.182 0.323 0.84 0.757 0.249 17 1.366 29.067 1 0
43596 5 8 3 0 0.119 0.182 0.323 0.84 0.757 0.498 25 1.394 36.247 1 0
43596 6 8 3 0 0.119 0.182 0.323 0.84 0.757 0.299 16 1.531 30.153 1 0
43596 7 8 3 0 0.119 0.182 0.323 0.84 0.757 0.498 17 1.388 29.873 1 0
43596 8 8 3 0 0.119 0.182 0.323 0.84 0.757 1.044 17 2.105 31.94 1 0
43596 9 8 3 0 0.119 0.182 0.323 0.84 0.757 0.746 21 1.54 33.487 1 0
43596 10 8 3 0 0.119 0.182 0.323 0.84 0.757 0.1 10 1.485 22.233 1 0
43596 1 8 3 0 0.08 0.189 0.058 0.897 0.068 243.566 1333 247.031 1632.92 0 0
43596 2 8 3 0 0.08 0.189 0.058 0.897 0.068 241.931 1363 246.632 1705.76 0 0
43596 3 8 3 0 0.08 0.189 0.058 0.897 0.068 242.137 1177 246.771 1564.48 0 0
43596 4 8 3 0 0.08 0.189 0.058 0.897 0.068 240.164 1102 245.139 1435.7 0 0
43596 5 8 3 0 0.08 0.189 0.058 0.897 0.068 240.802 1228 246.489 1521.133 0 0
43596 6 8 3 0 0.08 0.189 0.058 0.897 0.068 239.202 1108 245.915 1407.893 0 0
43596 7 8 3 0 0.08 0.189 0.058 0.897 0.068 241.259 1298 246.376 1652.993 0 0
43596 1 10 10 0 0.012 0.253 0.427 0.949 0.135 235.027 0 243.266 84.433 0 0.393
43596 2 10 10 0 0.012 0.253 0.427 0.949 0.135 236.373 0 245.06 67.187 0 0.38
43596 3 10 10 0 0.012 0.253 0.427 0.949 0.135 235.023 0 243.54 85.733 0 0.373
43596 4 10 10 0 0.012 0.253 0.427 0.949 0.135 234.562 0 242.734 70.147 0 0.333
43596 5 10 10 0 0.012 0.253 0.427 0.949 0.135 234.066 0 242.953 75.7 0 0.4
43596 6 10 10 0 0.012 0.253 0.427 0.949 0.135 232.405 2 242.839 80.027 0 0.313
43596 7 10 10 0 0.012 0.253 0.427 0.949 0.135 235.906 0 243.166 78.153 0 0.44
43596 8 10 10 0 0.012 0.253 0.427 0.949 0.135 232.032 1 243.901 80.02 0 0.353
43596 9 10 10 0 0.012 0.253 0.427 0.949 0.135 231.977 0 243.368 76.593 0 0.313
43596 10 10 10 0 0.012 0.253 0.427 0.949 0.135 236.488 2 243.968 79.733 0 0.353
43596 1 10 10 0 0.068 0.497 0.096 0.92 0.187 208.226 413 216.783 887.44 0 0
43596 2 10 10 0 0.068 0.497 0.096 0.92 0.187 224.679 479 234.224 988.933 0 0
43596 3 10 10 0 0.068 0.497 0.096 0.92 0.187 223.864 563 233.056 1011.86 0 0
43596 4 10 10 0 0.068 0.497 0.096 0.92 0.187 226.314 556 230.874 1057.527 0 0
43596 5 10 10 0 0.068 0.497 0.096 0.92 0.187 154.899 406 177.109 777.447 0 0
43596 6 10 10 0 0.068 0.497 0.096 0.92 0.187 200.412 615 211.95 979.553 0 0
43596 1 9 9 1 0.103 0.426 0.109 0.873 0.247 0 0 0 0 1 1
43596 2 9 9 1 0.103 0.426 0.109 0.873 0.247 0 1 0 1 1 1
43596 3 9 9 1 0.103 0.426 0.109 0.873 0.247 0 0 0 0 1 1
43596 4 9 9 1 0.103 0.426 0.109 0.873 0.247 0 1 0 1 1 1
43596 5 9 9 1 0.103 0.426 0.109 0.873 0.247 0 0 0 0 1 1
43596 6 9 9 1 0.103 0.426 0.109 0.873 0.247 0 0 0 0 1 1
43596 7 9 9 1 0.103 0.426 0.109 0.873 0.247 0 0 0 0 1 1
43596 8 9 9 1 0.103 0.426 0.109 0.873 0.247 0 1 0 1 1 1
43596 9 9 9 1 0.103 0.426 0.109 0.873 0.247 0 3 0 3 1 1
43596 10 9 9 1 0.103 0.426 0.109 0.873 0.247 0 3 0.071 3 1 1
43596 1 9 9 1 0.101 0.234 0.064 0.868 0.681 249.452 0 249.985 0 0 1
43596 2 9 9 1 0.101 0.234 0.064 0.868 0.681 249 0 249.948 0 0 1
43596 3 9 9 1 0.101 0.234 0.064 0.868 0.681 249.224 0 249.968 0 0 1
43596 4 9 9 1 0.101 0.234 0.064 0.868 0.681 209.658 0 210.72 0 0 1
43596 5 9 9 1 0.101 0.234 0.064 0.868 0.681 229.441 0 230.08 0 0 1
43596 6 9 9 1 0.101 0.234 0.064 0.868 0.681 249.409 0 249.966 0 0 1
43596 7 9 9 1 0.101 0.234 0.064 0.868 0.681 249.293 0 249.971 0 0 1
43596 1 7 8 0 0.09 0.214 0.452 0.788 0.652 190.813 0 197.776 0 0 1
43596 2 7 8 0 0.09 0.214 0.452 0.788 0.652 209.214 0 211.088 0 0 1
43596 3 7 8 0 0.09 0.214 0.452 0.788 0.652 179.325 0 188.078 0 0 1
43596 4 7 8 0 0.09 0.214 0.452 0.788 0.652 199.021 0 199.956 0 0 1
43596 5 7 8 0 0.09 0.214 0.452 0.788 0.652 209.359 0 210.169 0 0 1
43596 6 7 8 0 0.09 0.214 0.452 0.788 0.652 229.215 0 233.098 0 0 1
43596 7 7 8 0 0.09 0.214 0.452 0.788 0.652 189.07 0 189.957 0 0 1
43596 8 7 8 0 0.09 0.214 0.452 0.788 0.652 209.463 0 211.249 0 0 1
43596 9 7 8 0 0.09 0.214 0.452 0.788 0.652 169.397 0 170.181 0 0 1
43596 10 7 8 0 0.09 0.214 0.452 0.788 0.652 179.109 0 179.969 0 0 1
43596 1 7 8 0 0.066 0.496 0.374 0.759 0.832 229.023 0 229.987 0 0 1
43596 2 7 8 0 0.066 0.496 0.374 0.759 0.832 188.809 0 190.092 0 0 1
43596 3 7 8 0 0.066 0.496 0.374 0.759 0.832 220 0 227.48 0 0 1
43596 4 7 8 0 0.066 0.496 0.374 0.759 0.832 179.113 0 180.001 0 0 1
43596 5 7 8 0 0.066 0.496 0.374 0.759 0.832 209.128 0 210.153 0 0 1
43596 6 7 8 0 0.066 0.496 0.374 0.759 0.832 178.825 0 179.979 0 0 1
43596 1 7 7 1 0.118 0.348 0.048 0.926 0.573 0 4 0 4 1 1
43596 2 7 7 1 0.118 0.348 0.048 0.926 0.573 0 2 0 2 1 1
43596 3 7 7 1 0.118 0.348 0.048 0.926 0.573 0 2 0 2 1 1
43596 4 7 7 1 0.118 0.348 0.048 0.926 0.573 0 0 0 0 1 1
43596 5 7 7 1 0.118 0.348 0.048 0.926 0.573 0 0 0 0 1 1
43596 6 7 7 1 0.118 0.348 0.048 0.926 0.573 0 2 0 2 1 1
43596 7 7 7 1 0.118 0.348 0.048 0.926 0.573 0 0 0 0 1 1
43596 8 7 7 1 0.118 0.348 0.048 0.926 0.573 0 1 0.059 1 1 1
43596 9 7 7 1 0.118 0.348 0.048 0.926 0.573 0 3 0.023 3.587 1 1
43596 10 7 7 1 0.118 0.348 0.048 0.926 0.573 0 5 0.131 5 1 1
43596 1 7 7 1 0.019 0.49 0.038 0.972 0.217 210.284 497 222.438 746.94 0 0
43596 2 7 7 1 0.019 0.49 0.038 0.972 0.217 217.104 531 226.256 763.42 0 0
43596 3 7 7 1 0.019 0.49 0.038 0.972 0.217 0 1 0 1 1 1
43596 4 7 7 1 0.019 0.49 0.038 0.972 0.217 109.787 313 120.564 426.5 0 0
43596 5 7 7 1 0.019 0.49 0.038 0.972 0.217 0 2 0 2 1 1
43596 1 10 7 1 0.035 0.33 0.064 0.779 0.757 0.05 4 0.216 6.327 1 0.893
43596 2 10 7 1 0.035 0.33 0.064 0.779 0.757 0 4 0.059 4 1 1
43596 3 10 7 1 0.035 0.33 0.064 0.779 0.757 0 3 0.085 3 1 1
43596 4 10 7 1 0.035 0.33 0.064 0.779 0.757 0 5 0 5 1 1
43596 5 10 7 1 0.035 0.33 0.064 0.779 0.757 138.948 0 139.839 0 0 1
43596 6 10 7 1 0.035 0.33 0.064 0.779 0.757 0 0 0 0 1 1
43596 7 10 7 1 0.035 0.33 0.064 0.779 0.757 0 3 0.11 4.227 1 0.947
43596 8 10 7 1 0.035 0.33 0.064 0.779 0.757 45.451 0 48.558 0 0 1
43596 9 10 7 1 0.035 0.33 0.064 0.779 0.757 159.018 0 159.973 0 0 1
43596 10 10 7 1 0.035 0.33 0.064 0.779 0.757 0 5 0.09 5 1 1
43596 1 10 7 1 0.037 0.289 0.492 0.752 0.62 198.846 0 200.293 0 0 1
43596 2 10 7 1 0.037 0.289 0.492 0.752 0.62 199.057 0 200.093 0 0 1
43596 3 10 7 1 0.037 0.289 0.492 0.752 0.62 139.282 0 140.238 0 0 1
43596 4 10 7 1 0.037 0.289 0.492 0.752 0.62 199.328 1 200.077 1 0 1
43596 5 10 7 1 0.037 0.289 0.492 0.752 0.62 188.152 0 189.741 0 0 1
43596 6 10 7 1 0.037 0.289 0.492 0.752 0.62 187.89 0 189.764 0 0 1
43596 7 10 7 1 0.037 0.289 0.492 0.752 0.62 187.659 0 189.746 0 0 1
43596 8 10 7 1 0.037 0.289 0.492 0.752 0.62 138.987 0 139.929 0 0 1
43596 9 10 7 1 0.037 0.289 0.492 0.752 0.62 148.787 0 149.948 0 0 1
43596 10 10 7 1 0.037 0.289 0.492 0.752 0.62 138.614 0 139.919 0 0 1
43596 1 10 7 1 0.112 0.485 0.046 0.855 0.742 0.05 6 0.276 8.327 1 0.787
43596 2 10 7 1 0.112 0.485 0.046 0.855 0.742 0 1 0.014 1 1 1
43596 3 10 7 1 0.112 0.485 0.046 0.855 0.742 0 3 0.023 3 1 1
43596 4 10 7 1 0.112 0.485 0.046 0.855 0.742 0 1 0 1 1 1
43596 5 10 7 1 0.112 0.485 0.046 0.855 0.742 0 0 0 0 1 1
43596 6 10 7 1 0.112 0.485 0.046 0.855 0.742 0 1 0 1 1 1
43596 7 10 7 1 0.112 0.485 0.046 0.855 0.742 0 4 0 4 1 1
43596 8 10 7 1 0.112 0.485 0.046 0.855 0.742 0 1 0 1 1 1
43596 9 10 7 1 0.112 0.485 0.046 0.855 0.742 56.924 0 76.886 0.373 0 1
43596 10 10 7 1 0.112 0.485 0.046 0.855 0.742 0 2 0.026 2 1 1
43596 1 10 7 1 0.106 0.147 0.177 0.861 0.641 199.204 0 200.001 0 0 1
43596 1 7 4 0 0.01 0.032 0.27 0.934 0.533 0.348 16 1.391 30.393 1 0
43596 2 7 4 0 0.01 0.032 0.27 0.934 0.533 0.448 20 1.038 32.88 1 0
43596 3 7 4 0 0.01 0.032 0.27 0.934 0.533 0.796 18 1.461 29.18 1 0
43596 4 7 4 0 0.01 0.032 0.27 0.934 0.533 0.547 15 1.528 29.34 1 0
43596 5 7 4 0 0.01 0.032 0.27 0.934 0.533 0.647 13 1.412 31.693 1 0
43596 6 7 4 0 0.01 0.032 0.27 0.934 0.533 0.448 17 1.136 25.407 1 0
43596 7 7 4 0 0.01 0.032 0.27 0.934 0.533 0.597 23 1.265 34.753 1 0
43596 8 7 4 0 0.01 0.032 0.27 0.934 0.533 0.299 14 1.075 24.167 1 0
43596 9 7 4 0 0.01 0.032 0.27 0.934 0.533 0.448 20 1.303 31.533 1 0
43596 10 7 4 0 0.01 0.032 0.27 0.934 0.533 0.299 12 1.307 21.947 1 0
43596 1 7 4 0 0.084 0.284 0.014 0.796 0.774 0 5 0.041 5 1 1
43596 2 7 4 0 0.084 0.284 0.014 0.796 0.774 0 4 0.275 5.193 1 0.98
43596 3 7 4 0 0.084 0.284 0.014 0.796 0.774 0 3 0.114 3.487 1 1
43596 4 7 4 0 0.084 0.284 0.014 0.796 0.774 0 2 0.032 2 1 1
43596 5 7 4 0 0.084 0.284 0.014 0.796 0.774 0 4 0 4 1 1
43596 6 7 4 0 0.084 0.284 0.014 0.796 0.774 0 4 0.004 4 1 1
43596 7 7 4 0 0.084 0.284 0.014 0.796 0.774 0 2 0.108 2 1 1
43596 8 7 4 0 0.084 0.284 0.014 0.796 0.774 0 1 0 1 1 1
43596 9 7 4 0 0.084 0.284 0.014 0.796 0.774 0 5 0.099 5 1 1
43596 10 7 4 0 0.084 0.284 0.014 0.796 0.774 0 4 0 4 1 1
43596 1 7 4 0 0.02 0.35 0.399 0.788 0.069 0 6 0.1 6 1 1
43596 2 7 4 0 0.02 0.35 0.399 0.788 0.069 0 8 0.011 8 1 1
43596 3 7 4 0 0.02 0.35 0.399 0.788 0.069 0.1 7 0.221 8.52 1 0.82
43596 4 7 4 0 0.02 0.35 0.399 0.788 0.069 0 4 0.027 4 1 1
43596 5 7 4 0 0.02 0.35 0.399 0.788 0.069 0 6 0.038 6 1 1
43596 6 7 4 0 0.02 0.35 0.399 0.788 0.069 0 7 0.078 7 1 1
43596 7 7 4 0 0.02 0.35 0.399 0.788 0.069 0.746 26 3.78 74.807 0.813 0
43596 8 7 4 0 0.02 0.35 0.399 0.788 0.069 0 2 0.088 3.647 1 1
43596 9 7 4 0 0.02 0.35 0.399 0.788 0.069 0 5 0.032 5 1 1
43596 10 7 4 0 0.02 0.35 0.399 0.788 0.069 0 3 0.009 3 1 1
43596 1 7 4 0 0.046 0.099 0.044 0.907 0.954 0.796 27 1.545 39 1 0
43596 2 7 4 0 0.046 0.099 0.044 0.907 0.954 0.249 19 0.964 28.947 1 0
43596 1 7 9 1 0.031 0.158 0.217 0.751 0.353 248.611 0 249.851 0.6 0 0.987
43596 2 7 9 1 0.031 0.158 0.217 0.751 0.353 0 3 0 3 1 1
43596 3 7 9 1 0.031 0.158 0.217 0.751 0.353 0 12 0.037 12 1 0
43596 4 7 9 1 0.031 0.158 0.217 0.751 0.353 249 1 249.911 1.22 0 0.993
43596 5 7 9 1 0.031 0.158 0.217 0.751 0.353 0 7 0.126 7 1 1
43596 6 7 9 1 0.031 0.158 0.217 0.751 0.353 0.249 17 1.718 30.867 1 0
43596 7 7 9 1 0.031 0.158 0.217 0.751 0.353 0.348 8 1.59 23.54 1 0.007
43596 8 7 9 1 0.031 0.158 0.217 0.751 0.353 249.294 0 249.961 0 0 1
43596 9 7 9 1 0.031 0.158 0.217 0.751 0.353 248.192 0 249.902 1.46 0 0.96
43596 10 7 9 1 0.031 0.158 0.217 0.751 0.353 0 7 0.039 7 1 1
43596 1 7 9 1 0.024 0.299 0.212 0.776 0.394 244.664 0 248.375 1.7 0 0.947
43596 2 7 9 1 0.024 0.299 0.212 0.776 0.394 0 9 0.084 9 1 1
43596 3 7 9 1 0.024 0.299 0.212 0.776 0.394 0 8 0.066 8 1 1
43596 4 7 9 1 0.024 0.299 0.212 0.776 0.394 0.845 21 1.806 33.34 1 0
43596 5 7 9 1 0.024 0.299 0.212 0.776 0.394 0 5 0.031 5 1 1
43596 6 7 9 1 0.024 0.299 0.212 0.776 0.394 0 9 0.128 9.947 1 0.513
43596 7 7 9 1 0.024 0.299 0.212 0.776 0.394 247.459 0 249.529 1.54 0 0.94
43596 8 7 9 1 0.024 0.299 0.212 0.776 0.394 0 6 0 6 1 1
43596 9 7 9 1 0.024 0.299 0.212 0.776 0.394 0 5 0.234 5.96 1 0.893
43596 1 10 3 0 0.015 0.433 0.066 0.806 0.003 246.217 2451 249.046 3076.1 0 0
43596 2 10 3 0 0.015 0.433 0.066 0.806 0.003 246.833 2353 249.11 3056.953 0 0
43596 3 10 3 0 0.015 0.433 0.066 0.806 0.003 244.784 2030 248.053 2558.96 0 0
43596 4 10 3 0 0.015 0.433 0.066 0.806 0.003 245.905 2434 248.972 3091.533 0 0
43596 5 10 3 0 0.015 0.433 0.066 0.806 0.003 246.456 2256 248.905 2719.04 0 0
43596 6 10 3 0 0.015 0.433 0.066 0.806 0.003 246.081 2335 249.056 2962.173 0 0
43596 7 10 3 0 0.015 0.433 0.066 0.806 0.003 245.183 2421 249.043 2789.153 0 0
43596 8 10 3 0 0.015 0.433 0.066 0.806 0.003 246.111 2187 248.755 2682.433 0 0
43596 9 10 3 0 0.015 0.433 0.066 0.806 0.003 246.959 2780 249.214 3242 0 0
43596 10 10 3 0 0.015 0.433 0.066 0.806 0.003 246.366 2081 248.82 2597.547 0 0
43596 1 10 3 0 0.095 0.225 0.007 0.916 0.019 248.257 6071 249.876 7065.593 0 0
43596 2 10 3 0 0.095 0.225 0.007 0.916 0.019 249.306 6358 249.931 7605.467 0 0
43596 1 7 6 1 0.065 0.424 0.187 0.967 0.841 106.179 0 109.974 0.867 0 1
43596 2 7 6 1 0.065 0.424 0.187 0.967 0.841 118.257 1 119.848 1 0 1
43596 3 7 6 1 0.065 0.424 0.187 0.967 0.841 188.354 1 189.743 1 0 1
43596 4 7 6 1 0.065 0.424 0.187 0.967 0.841 128.577 1 129.87 1 0 1
43596 5 7 6 1 0.065 0.424 0.187 0.967 0.841 158.36 2 159.793 2 0 1
43596 6 7 6 1 0.065 0.424 0.187 0.967 0.841 97.914 0 99.758 0 0 1
43596 7 7 6 1 0.065 0.424 0.187 0.967 0.841 108.449 2 109.945 2 0 1
43596 8 7 6 1 0.065 0.424 0.187 0.967 0.841 118.975 0 120.276 0 0 1
43596 9 7 6 1 0.065 0.424 0.187 0.967 0.841 118.612 1 120.005 1 0 1
43596 10 7 6 1 0.065 0.424 0.187 0.967 0.841 129.121 3 129.981 3 0 1
43596 1 7 6 1 0.08 0.038 0.42 0.873 0.048 0.647 19 2.103 41.44 1 0
43596 2 7 6 1 0.08 0.038 0.42 0.873 0.048 0 8 0.014 8 1 1
43596 3 7 6 1 0.08 0.038 0.42 0.873 0.048 0.994 18 1.532 25.573 1 0
43596 4 7 6 1 0.08 0.038 0.42 0.873 0.048 0.697 18 1.524 30.513 1 0
43596 5 7 6 1 0.08 0.038 0.42 0.873 0.048 0.348 14 1.416 26.74 1 0
43596 6 7 6 1 0.08 0.038 0.42 0.873 0.048 0 8 0.097 8 1 1
43596 7 7 6 1 0.08 0.038 0.42 0.873 0.048 0.1 17 1.241 28.093 1 0
43596 8 7 6 1 0.08 0.038 0.42 0.873 0.048 0.1 14 1.389 23.373 1 0
43596 9 7 6 1 0.08 0.038 0.42 0.873 0.048 0 5 0 5 1 1
43596 10 7 6 1 0.08 0.038 0.42 0.873 0.048 0.497 16 1.327 27.627 1 0
43596 1 10 10 0 0.043 0.198 0.064 0.966 0.825 249.439 0 249.983 0 0 1
43596 2 10 10 0 0.043 0.198 0.064 0.966 0.825 230.881 0 240.15 0 0 1
43596 3 10 10 0 0.043 0.198 0.064 0.966 0.825 201.896 0 215.572 0 0 1
43596 4 10 10 0 0.043 0.198 0.064 0.966 0.825 249.575 0 249.986 0 0 1
43596 5 10 10 0 0.043 0.198 0.064 0.966 0.825 249.38 0 249.983 0 0 1
43596 6 10 10 0 0.043 0.198 0.064 0.966 0.825 249.581 0 249.988 0 0 1
43596 7 10 10 0 0.043 0.198 0.064 0.966 0.825 249.438 0 249.977 0 0 1
43596 8 10 10 0 0.043 0.198 0.064 0.966 0.825 249.55 0 249.984 0 0 1
43596 9 10 10 0 0.043 0.198 0.064 0.966 0.825 249.575 0 249.986 0 0 1
43596 10 10 10 0 0.043 0.198 0.064 0.966 0.825 249.422 0 249.975 0 0 1
43596 1 10 10 0 0.009 0.062 0.494 0.889 0.115 228.94 0 230.038 0 0 1
43596 2 10 10 0 0.009 0.062 0.494 0.889 0.115 249.439 0 249.986 0 0 1
43596 3 10 10 0 0.009 0.062 0.494 0.889 0.115 249.554 0 249.99 0 0 1
43596 4 10 10 0 0.009 0.062 0.494 0.889 0.115 229.306 0 230.72 0 0 1
43596 1 7 9 1 0.031 0.46 0.391 0.968 0.693 189.119 0 189.971 0 0 1
43596 2 7 9 1 0.031 0.46 0.391 0.968 0.693 199.024 0 200.151 0 0 1
43596 3 7 9 1 0.031 0.46 0.391 0.968 0.693 225.547 0 244.596 0 0 1
43596 4 7 9 1 0.031 0.46 0.391 0.968 0.693 209.565 0 210.957 0 0 1
43596 5 7 9 1 0.031 0.46 0.391 0.968 0.693 210.085 0 216.6 0 0 1
43596 6 7 9 1 0.031 0.46 0.391 0.968 0.693 229.104 0 230.054 0 0 1
43596 7 7 9 1 0.031 0.46 0.391 0.968 0.693 208.579 0 210.144 0 0 1
43596 8 7 9 1 0.031 0.46 0.391 0.968 0.693 249.16 0 249.963 0 0 1
43596 9 7 9 1 0.031 0.46 0.391 0.968 0.693 229.586 0 230.645 0 0 1
43596 10 7 9 1 0.031 0.46 0.391 0.968 0.693 209.006 0 210.134 0 0 1
43596 1 7 9 1 0.023 0.015 0.229 0.838 0.692 249.037 0 249.946 0 0 1
43596 2 7 9 1 0.023 0.015 0.229 0.838 0.692 224.779 0 230.149 0 0 1
43596 3 7 9 1 0.023 0.015 0.229 0.838 0.692 229.165 0 230.111 0 0 1
43596 1 9 8 1 0.102 0.123 0.468 0.981 0.518 208.899 0 210.119 0 0 1
43596 2 9 8 1 0.102 0.123 0.468 0.981 0.518 188.779 0 190.128 0 0 1
43596 3 9 8 1 0.102 0.123 0.468 0.981 0.518 249.353 0 249.96 0 0 1
43596 4 9 8 1 0.102 0.123 0.468 0.981 0.518 159.197 0 160.207 0 0 1
43596 5 9 8 1 0.102 0.123 0.468 0.981 0.518 138.625 0 139.998 0 0 1
43596 6 9 8 1 0.102 0.123 0.468 0.981 0.518 198.783 0 200.146 0 0 1
43596 7 9 8 1 0.102 0.123 0.468 0.981 0.518 209.075 0 210.022 0 0 1
43596 8 9 8 1 0.102 0.123 0.468 0.981 0.518 158.477 0 159.868 0 0 1
43596 9 9 8 1 0.102 0.123 0.468 0.981 0.518 198.784 0 200.084 0 0 1
43596 10 9 8 1 0.102 0.123 0.468 0.981 0.518 159.091 0 160.085 0 0 1
43596 1 9 8 1 0.05 0.233 0.498 0.968 0.867 188.688 0 190.145 0 0 1
43596 2 9 8 1 0.05 0.233 0.498 0.968 0.867 211.225 0 223.602 0 0 1
43596 3 9 8 1 0.05 0.233 0.498 0.968 0.867 189.239 0 189.978 0 0 1
43596 4 9 8 1 0.05 0.233 0.498 0.968 0.867 209.143 0 210.648 0 0 1
43596 5 9 8 1 0.05 0.233 0.498 0.968 0.867 208.012 0 209.908 0 0 1
43596 6 9 8 1 0.05 0.233 0.498 0.968 0.867 198.945 0 200.023 0 0 1
43596 7 9 8 1 0.05 0.233 0.498 0.968 0.867 188.927 0 189.958 0 0 1
43596 8 9 8 1 0.05 0.233 0.498 0.968 0.867 188.692 0 190.231 0 0 1
43596 1 10 5 0 0.021 0.263 0.327 0.76 0.422 0 8 0.094 10.513 1 0.16
43596 2 10 5 0 0.021 0.263 0.327 0.76 0.422 0 13 0.903 23.113 1 0
43596 3 10 5 0 0.021 0.263 0.327 0.76 0.422 48.099 6 50.209 11.173 0 0.447
43596 4 10 5 0 0.021 0.263 0.327 0.76 0.422 0.299 15 0.881 22.153 1 0
43596 5 10 5 0 0.021 0.263 0.327 0.76 0.422 0.531 9 10.695 20.927 0.26 0.02
43596 6 10 5 0 0.021 0.263 0.327 0.76 0.422 0.498 14 1.382 25.027 1 0
43596 7 10 5 0 0.021 0.263 0.327 0.76 0.422 0.895 16 2.241 30.353 1 0
43596 8 10 5 0 0.021 0.263 0.327 0.76 0.422 0 12 0.123 12 1 0
43596 9 10 5 0 0.021 0.263 0.327 0.76 0.422 0.299 22 1.312 33.373 1 0
43596 10 10 5 0 0.021 0.263 0.327 0.76 0.422 0.248 15 1.56 26.653 1 0
43596 1 10 5 0 0.115 0.144 0.212 0.915 0.65 68.422 9 70.377 14.007 0 0.42
43596 2 10 5 0 0.115 0.144 0.212 0.915 0.65 68.244 2 69.811 3.493 0 1
43596 3 10 5 0 0.115 0.144 0.212 0.915 0.65 78.469 12 81.518 21.727 0 0
43596 4 10 5 0 0.115 0.144 0.212 0.915 0.65 83.146 6 85.302 27.373 0 0.06
43596 5 10 5 0 0.115 0.144 0.212 0.915 0.65 87.083 0 89.414 0.04 0 1
43596 6 10 5 0 0.115 0.144 0.212 0.915 0.65 58.788 8 60.967 19.533 0 0.1
43596 7 10 5 0 0.115 0.144 0.212 0.915 0.65 86.569 9 89.71 18.447 0 0.033
43596 8 10 5 0 0.115 0.144 0.212 0.915 0.65 49.658 10 53.25 29.16 0 0
43596 9 10 5 0 0.115 0.144 0.212 0.915 0.65 81.946 2 87.319 5.373 0 0.927
43596 10 10 5 0 0.115 0.144 0.212 0.915 0.65 77.148 0 79.496 0 0 1
43596 1 10 5 0 0.019 0.25 0.308 0.766 0.258 0 2 0 2 1 1
43596 2 10 5 0 0.019 0.25 0.308 0.766 0.258 0 12 0.006 12 1 0
43596 1 8 8 0 0.072 0.174 0.202 0.961 0.687 229 0 230.068 0 0 1
43596 2 8 8 0 0.072 0.174 0.202 0.961 0.687 229.232 0 230.112 0 0 1
43596 3 8 8 0 0.072 0.174 0.202 0.961 0.687 178.99 0 180.043 0 0 1
43596 4 8 8 0 0.072 0.174 0.202 0.961 0.687 209.27 0 210.62 0 0 1
43596 5 8 8 0 0.072 0.174 0.202 0.961 0.687 199.358 0 202.565 0 0 1
43596 6 8 8 0 0.072 0.174 0.202 0.961 0.687 188.651 0 189.954 0 0 1
43596 7 8 8 0 0.072 0.174 0.202 0.961 0.687 209.036 0 210.071 0 0 1
43596 8 8 8 0 0.072 0.174 0.202 0.961 0.687 209.576 0 210.359 0 0 1
43596 9 8 8 0 0.072 0.174 0.202 0.961 0.687 208.659 0 209.999 0 0 1
43596 10 8 8 0 0.072 0.174 0.202 0.961 0.687 158.775 1 160.235 1 0 1
43596 1 8 8 0 0.046 0.469 0.149 0.896 0.485 168.675 0 170.033 0.467 0 1
43596 2 8 8 0 0.046 0.469 0.149 0.896 0.485 117.711 0 119.574 0 0 1
43596 3 8 8 0 0.046 0.469 0.149 0.896 0.485 138 1 139.924 1 0 1
43596 4 8 8 0 0.046 0.469 0.149 0.896 0.485 148.392 0 149.8 0 0 1
43596 5 8 8 0 0.046 0.469 0.149 0.896 0.485 96.226 0 99.292 0 0 1
43596 1 10 3 0 0.1 0.088 0.073 0.967 0.769 0.795 16 1.608 32.933 1 0
43596 2 10 3 0 0.1 0.088 0.073 0.967 0.769 0.597 13 1.263 27.953 1 0
43596 3 10 3 0 0.1 0.088 0.073 0.967 0.769 0.697 18 1.527 32.693 1 0
43596 4 10 3 0 0.1 0.088 0.073 0.967 0.769 0.845 21 1.783 38.58 1 0
43596 5 10 3 0 0.1 0.088 0.073 0.967 0.769 0.498 18 1.43 31.353 1 0
43596 6 10 3 0 0.1 0.088 0.073 0.967 0.769 0.447 17 1.436 30.813 1 0
43596 7 10 3 0 0.1 0.088 0.073 0.967 0.769 0.299 15 1.169 27.993 1 0
43596 8 10 3 0 0.1 0.088 0.073 0.967 0.769 0.199 21 1.568 33.84 1 0
43596 9 10 3 0 0.1 0.088 0.073 0.967 0.769 0.995 11 1.804 25.353 1 0
43596 10 10 3 0 0.1 0.088 0.073 0.967 0.769 0 6 0.003 6 1 1
43596 1 10 3 0 0.078 0.131 0.278 0.815 0.76 0.646 16 1.555 29.873 1 0
43596 2 10 3 0 0.078 0.131 0.278 0.815 0.76 0.985 19 2.264 31.773 1 0
43596 3 10 3 0 0.078 0.131 0.278 0.815 0.76 0.597 14 1.37 25.7 1 0
43596 4 10 3 0 0.078 0.131 0.278 0.815 0.76 0.746 19 1.52 33.493 1 0
43596 5 10 3 0 0.078 0.131 0.278 0.815 0.76 1.293 18 1.793 36.427 1 0
43596 6 10 3 0 0.078 0.131 0.278 0.815 0.76 0.994 16 1.939 30.633 1 0
43596 7 10 3 0 0.078 0.131 0.278 0.815 0.76 0.547 15 1.644 28.767 1 0
43596 8 10 3 0 0.078 0.131 0.278 0.815 0.76 0.398 17 0.88 26.627 1 0
43596 1 8 7 0 0.08 0.18 0.484 0.88 0.847 159.084 0 159.92 0 0 1
43596 2 8 7 0 0.08 0.18 0.484 0.88 0.847 179.135 0 180.051 0 0 1
43596 3 8 7 0 0.08 0.18 0.484 0.88 0.847 198.915 0 199.885 0 0 1
43596 4 8 7 0 0.08 0.18 0.484 0.88 0.847 208.394 0 209.901 0 0 1
43596 5 8 7 0 0.08 0.18 0.484 0.88 0.847 119.387 0 120.063 0 0 1
43596 6 8 7 0 0.08 0.18 0.484 0.88 0.847 199.182 0 200.043 0 0 1
43596 7 8 7 0 0.08 0.18 0.484 0.88 0.847 158.249 0 160.072 0 0 1
43596 8 8 7 0 0.08 0.18 0.484 0.88 0.847 139.252 0 140.255 0 0 1
43596 9 8 7 0 0.08 0.18 0.484 0.88 0.847 188.763 0 190.105 0 0 1
43596 10 8 7 0 0.08 0.18 0.484 0.88 0.847 188.573 0 189.96 0 0 1
43596 1 8 7 0 0.114 0.068 0.297 0.977 0.572 199.257 0 200.278 0 0 1
43596 2 8 7 0 0.114 0.068 0.297 0.977 0.572 158.747 0 159.959 0 0 1
43596 3 8 7 0 0.114 0.068 0.297 0.977 0.572 168.757 1 170.21 1 0 1
43596 4 8 7 0 0.114 0.068 0.297 0.977 0.572 148.601 0 149.907 0 0 1
43596 5 8 7 0 0.114 0.068 0.297 0.977 0.572 178.226 0 179.849 0 0 1
43596 6 8 7 0 0.114 0.068 0.297 0.977 0.572 139.369 1 141.435 1 0 1
43596 1 8 9 0 0.022 0.184 0.438 0.816 0.561 229.695 0 230.44 0 0 1
43596 2 8 9 0 0.022 0.184 0.438 0.816 0.561 249.178 0 249.963 0 0 1
43596 3 8 9 0 0.022 0.184 0.438 0.816 0.561 189.362 0 190.163 0 0 1
43596 4 8 9 0 0.022 0.184 0.438 0.816 0.561 209.296 0 213.217 0 0 1
43596 5 8 9 0 0.022 0.184 0.438 0.816 0.561 249.4 0 249.99 0 0 1
43596 6 8 9 0 0.022 0.184 0.438 0.816 0.561 249.135 0 249.967 0 0 1
43596 7 8 9 0 0.022 0.184 0.438 0.816 0.561 229.346 0 230.343 0 0 1
43596 8 8 9 0 0.022 0.184 0.438 0.816 0.561 249.455 0 249.977 0 0 1
43596 9 8 9 0 0.022 0.184 0.438 0.816 0.561 249.046 0 249.967 0 0 1
43596 10 8 9 0 0.022 0.184 0.438 0.816 0.561 208.931 0 210.168 0 0 1
43596 1 8 9 0 0.102 0.412 0.027 0.836 0.259 0 0 0 0 1 1
43596 2 8 9 0 0.102 0.412 0.027 0.836 0.259 0 0 0 0 1 1
43596 3 8 9 0 0.102 0.412 0.027 0.836 0.259 0 0 0 0 1 1
43596 4 8 9 0 0.102 0.412 0.027 0.836 0.259 0 0 0 0 1 1
43596 1 7 7 1 0.106 0.386 0.212 0.893 0.244 0.05 6 2.501 27.44 0.76 0.327
43596 2 7 7 1 0.106 0.386 0.212 0.893 0.244 0 11 0.02 11 1 0
43596 3 7 7 1 0.106 0.386 0.212 0.893 0.244 0.149 8 0.946 16.247 1 0.093
43596 4 7 7 1 0.106 0.386 0.212 0.893 0.244 0 8 0 8 1 1
43596 5 7 7 1 0.106 0.386 0.212 0.893 0.244 0 4 0.06 4 1 1
43596 6 7 7 1 0.106 0.386 0.212 0.893 0.244 0 3 0.033 3 1 1
43596 7 7 7 1 0.106 0.386 0.212 0.893 0.244 0 6 0.009 6 1 1
43596 8 7 7 1 0.106 0.386 0.212 0.893 0.244 0 8 0.041 9.013 1 0.647
43596 9 7 7 1 0.106 0.386 0.212 0.893 0.244 0 3 0.067 3 1 1
43596 10 7 7 1 0.106 0.386 0.212 0.893 0.244 0 2 0 2 1 1
43596 1 7 7 1 0.07 0.009 0.154 0.752 0.701 189.3 0 189.989 0 0 1
43596 2 7 7 1 0.07 0.009 0.154 0.752 0.701 208.689 0 209.911 0 0 1
43596 3 7 7 1 0.07 0.009 0.154 0.752 0.701 198.556 0 199.93 0 0 1
43596 4 7 7 1 0.07 0.009 0.154 0.752 0.701 169.041 0 169.95 0 0 1
43596 5 7 7 1 0.07 0.009 0.154 0.752 0.701 188.393 0 189.9 0 0 1
43596 6 7 7 1 0.07 0.009 0.154 0.752 0.701 177.362 0 179.606 0 0 1
43596 7 7 7 1 0.07 0.009 0.154 0.752 0.701 209.242 0 209.948 0 0 1
43596 8 7 7 1 0.07 0.009 0.154 0.752 0.701 209.145 0 209.922 0 0 1
43596 1 9 5 0 0.011 0.434 0.248 0.999 0.236 0 7 0.029 7 1 1
43596 2 9 5 0 0.011 0.434 0.248 0.999 0.236 0 3 0.079 3 1 1
43596 3 9 5 0 0.011 0.434 0.248 0.999 0.236 0.199 7 1.601 19.807 0.98 0.153
43596 4 9 5 0 0.011 0.434 0.248 0.999 0.236 0 2 0.057 2 1 1
43596 5 9 5 0 0.011 0.434 0.248 0.999 0.236 0 9 0.099 10.847 1 0.073
43596 6 9 5 0 0.011 0.434 0.248 0.999 0.236 0 3 0 3 1 1
43596 7 9 5 0 0.011 0.434 0.248 0.999 0.236 0 9 0.05 9.147 1 0.927
43596 8 9 5 0 0.011 0.434 0.248 0.999 0.236 0 5 0.004 5 1 1
43596 9 9 5 0 0.011 0.434 0.248 0.999 0.236 0 2 0.037 2 1 1
43596 10 9 5 0 0.011 0.434 0.248 0.999 0.236 0 2 0.021 2 1 1
43596 1 9 5 0 0.049 0.474 0.191 0.816 0.056 233.952 1009 241.338 1231.953 0 0
43596 2 9 5 0 0.049 0.474 0.191 0.816 0.056 230.549 993 242.045 1383.413 0 0
43596 3 9 5 0 0.049 0.474 0.191 0.816 0.056 240.648 941 244.682 1301.86 0 0
43596 4 9 5 0 0.049 0.474 0.191 0.816 0.056 238.093 874 243.383 1247.893 0 0
43596 5 9 5 0 0.049 0.474 0.191 0.816 0.056 236.964 886 243.246 1261.22 0 0
43596 6 9 5 0 0.049 0.474 0.191 0.816 0.056 231.52 902 239.057 1205.82 0 0
43596 7 9 5 0 0.049 0.474 0.191 0.816 0.056 234.433 855 241.44 1172.387 0 0
43596 8 9 5 0 0.049 0.474 0.191 0.816 0.056 240.155 958 245.037 1272.42 0 0
43596 1 9 5 1 0.007 0.339 0.056 0.798 0.639 0 5 0.082 5 1 1
43596 2 9 5 1 0.007 0.339 0.056 0.798 0.639 0 7 0.033 7 1 1
43596 3 9 5 1 0.007 0.339 0.056 0.798 0.639 0 11 0.132 11.267 1 0
43596 4 9 5 1 0.007 0.339 0.056 0.798 0.639 0 6 0.183 8.7 1 0.76
43596 5 9 5 1 0.007 0.339 0.056 0.798 0.639 0 5 0.016 5 1 1
43596 6 9 5 1 0.007 0.339 0.056 0.798 0.639 0 3 0.02 3 1 1
43596 7 9 5 1 0.007 0.339 0.056 0.798 0.639 0 4 0.057 4 1 1
43596 8 9 5 1 0.007 0.339 0.056 0.798 0.639 0 6 0.008 6.553 1 1
43596 9 9 5 1 0.007 0.339 0.056 0.798 0.639 0 1 0 1 1 1
43596 10 9 5 1 0.007 0.339 0.056 0.798 0.639 0 6 0 6 1 1
43596 1 9 5 1 0.004 0.139 0.377 0.814 0.547 2.589 12 5.093 27.633 0.553 0
43596 2 9 5 1 0.004 0.139 0.377 0.814 0.547 0.392 11 1.413 20.527 1 0
43596 3 9 5 1 0.004 0.139 0.377 0.814 0.547 0.448 14 1.582 26.547 1 0
43596 4 9 5 1 0.004 0.139 0.377 0.814 0.547 0.299 13 0.959 22.053 1 0
43596 5 9 5 1 0.004 0.139 0.377 0.814 0.547 42.702 9 95.935 17.333 0 0.02
43596 6 9 5 1 0.004 0.139 0.377 0.814 0.547 0.498 12 1.238 24.427 1 0
43596 7 9 5 1 0.004 0.139 0.377 0.814 0.547 3.99 7 29.658 35.56 0.08 0.18
43596 8 9 5 1 0.004 0.139 0.377 0.814 0.547 0 12 0.031 12 1 0
43596 9 9 5 1 0.004 0.139 0.377 0.814 0.547 0.348 21 0.968 29.6 1 0
43596 1 9 6 1 0.087 0.124 0.335 0.964 0.632 147.468 0 149.509 0 0 1
43596 2 9 6 1 0.087 0.124 0.335 0.964 0.632 126.664 0 129.592 0 0 1
43596 3 9 6 1 0.087 0.124 0.335 0.964 0.632 111.54 0 117.551 0 0 1
43596 4 9 6 1 0.087 0.124 0.335 0.964 0.632 77.52 0 79.61 0 0 1
43596 5 9 6 1 0.087 0.124 0.335 0.964 0.632 108.8 2 110.027 2 0 1
43596 6 9 6 1 0.087 0.124 0.335 0.964 0.632 109.009 0 110 0 0 1
43596 7 9 6 1 0.087 0.124 0.335 0.964 0.632 148.052 0 149.87 0.94 0 1
43596 8 9 6 1 0.087 0.124 0.335 0.964 0.632 118.963 2 120.166 2.793 0 1
43596 9 9 6 1 0.087 0.124 0.335 0.964 0.632 178.119 0 179.608 0 0 1
43596 10 9 6 1 0.087 0.124 0.335 0.964 0.632 118.565 0 119.93 0 0 1
43596 1 9 6 1 0.088 0.451 0.373 0.994 0.546 0 14 0.144 14.207 1 0
43596 2 9 6 1 0.088 0.451 0.373 0.994 0.546 0.1 20 0.92 30.287 1 0
43596 3 9 6 1 0.088 0.451 0.373 0.994 0.546 0.697 11 1.397 26.653 1 0
43596 4 9 6 1 0.088 0.451 0.373 0.994 0.546 0.547 18 1.379 28.78 1 0
43596 5 9 6 1 0.088 0.451 0.373 0.994 0.546 0 11 0.478 18.147 1 0
43596 6 9 6 1 0.088 0.451 0.373 0.994 0.546 0.448 21 1.083 28.527 1 0
43596 7 9 6 1 0.088 0.451 0.373 0.994 0.546 0 12 0.179 13.46 1 0
43596 1 10 5 1 0.045 0.18 0.079 0.958 0.197 0 3 0.102 5.187 1 0.987
43596 2 10 5 1 0.045 0.18 0.079 0.958 0.197 0 0 0 0 1 1
43596 3 10 5 1 0.045 0.18 0.079 0.958 0.197 0 2 0.013 2 1 1
43596 4 10 5 1 0.045 0.18 0.079 0.958 0.197 0 7 0.022 7 1 1
43596 5 10 5 1 0.045 0.18 0.079 0.958 0.197 0 2 0 2 1 1
43596 6 10 5 1 0.045 0.18 0.079 0.958 0.197 0 4 0.052 4 1 1
43596 7 10 5 1 0.045 0.18 0.079 0.958 0.197 0 4 0.008 4 1 1
43596 8 10 5 1 0.045 0.18 0.079 0.958 0.197 0 2 0 2 1 1
43596 9 10 5 1 0.045 0.18 0.079 0.958 0.197 0 0 0 0 1 1
43596 10 10 5 1 0.045 0.18 0.079 0.958 0.197 0 4 0 4 1 1
43596 1 10 5 1 0.058 0.364 0.111 0.773 0.392 0.05 5 3.123 31.327 0.713 0.5
43596 2 10 5 1 0.058 0.364 0.111 0.773 0.392 0 3 0 3 1 1
43596 3 10 5 1 0.058 0.364 0.111 0.773 0.392 0 5 0.04 5 1 1
43596 4 10 5 1 0.058 0.364 0.111 0.773 0.392 0 1 0 1 1 1
43596 5 10 5 1 0.058 0.364 0.111 0.773 0.392 0 6 0.028 6 1 1
43596 6 10 5 1 0.058 0.364 0.111 0.773 0.392 0 1 0.016 1 1 1
43596 7 10 5 1 0.058 0.364 0.111 0.773 0.392 0 1 0 1 1 1
43596 8 10 5 1 0.058 0.364 0.111 0.773 0.392 0 2 0.036 2 1 1
43596 9 10 5 1 0.058 0.364 0.111 0.773 0.392 0 3 0 3 1 1
43596 10 10 5 1 0.058 0.364 0.111 0.773 0.392 0 3 0 3 1 1
43596 1 10 7 1 0.035 0.47 0.474 0.787 0.214 0 21 0.196 23.173 1 0
43596 2 10 7 1 0.035 0.47 0.474 0.787 0.214 0 11 0.03 11 1 0
43596 3 10 7 1 0.035 0.47 0.474 0.787 0.214 0 11 0.295 12.82 1 0
43596 4 10 7 1 0.035 0.47 0.474 0.787 0.214 0 12 0.187 15.707 1 0
43596 5 10 7 1 0.035 0.47 0.474 0.787 0.214 0 4 0 4 1 1
43596 6 10 7 1 0.035 0.47 0.474 0.787 0.214 0 5 1.101 14.193 0.98 0.773
43596 7 10 7 1 0.035 0.47 0.474 0.787 0.214 0.597 13 3.537 48.88 0.753 0
43596 8 10 7 1 0.035 0.47 0.474 0.787 0.214 1.983 28 3.783 48.84 0.847 0
43596 9 10 7 1 0.035 0.47 0.474 0.787 0.214 0 11 0.192 12.207 1 0
43596 10 10 7 1 0.035 0.47 0.474 0.787 0.214 0 10 0.017 10 1 0
43596 1 10 7 1 0.024 0.143 0.005 0.951 0.329 0 0 0 0 1 1
43596 2 10 7 1 0.024 0.143 0.005 0.951 0.329 0 1 0 1 1 1
43596 3 10 7 1 0.024 0.143 0.005 0.951 0.329 0 0 0 0 1 1
43596 4 10 7 1 0.024 0.143 0.005 0.951 0.329 0 0 0 0 1 1
43596 5 10 7 1 0.024 0.143 0.005 0.951 0.329 0 0 0 0 1 1
43596 6 10 7 1 0.024 0.143 0.005 0.951 0.329 0 0 0 0 1 1
43596 7 10 7 1 0.024 0.143 0.005 0.951 0.329 0 0 0 0 1 1
43596 8 10 7 1 0.024 0.143 0.005 0.951 0.329 0 0 0 0 1 1
43596 9 10 7 1 0.024 0.143 0.005 0.951 0.329 0 0 0 0 1 1
43596 10 10 7 1 0.024 0.143 0.005 0.951 0.329 0 0 0 0 1 1
43596 1 10 7 1 0.014 0.244 0.372 0.924 0.727 178.607 0 179.941 0 0 1
43596 2 10 7 1 0.014 0.244 0.372 0.924 0.727 188.704 0 189.898 0 0 1
43596 3 10 7 1 0.014 0.244 0.372 0.924 0.727 189.198 0 190.264 0 0 1
43596 4 10 7 1 0.014 0.244 0.372 0.924 0.727 149 0 149.959 0 0 1
43596 5 10 7 1 0.014 0.244 0.372 0.924 0.727 159.326 0 159.995 0 0 1
43596 6 10 7 1 0.014 0.244 0.372 0.924 0.727 208.312 0 209.916 0 0 1
43596 7 10 7 1 0.014 0.244 0.372 0.924 0.727 198.706 0 199.863 0 0 1
43596 8 10 7 1 0.014 0.244 0.372 0.924 0.727 187.168 0 189.863 0 0 1
43596 9 10 7 1 0.014 0.244 0.372 0.924 0.727 199.554 0 200.025 0 0 1
43596 10 10 7 1 0.014 0.244 0.372 0.924 0.727 168.677 0 170.124 0 0 1
43596 1 10 7 1 0.072 0.375 0.247 0.837 0.688 199.068 0 199.936 0 0 1
43596 1 10 7 1 0.094 0.313 0.042 0.988 0.805 0 5 0.001 5 1 1
43596 2 10 7 1 0.094 0.313 0.042 0.988 0.805 0 4 0.046 4 1 1
43596 3 10 7 1 0.094 0.313 0.042 0.988 0.805 189.176 0 193.758 0 0 1
43596 4 10 7 1 0.094 0.313 0.042 0.988 0.805 0 7 0.163 8.36 1 0.813
43596 5 10 7 1 0.094 0.313 0.042 0.988 0.805 0 8 0.037 8 1 1
43596 6 10 7 1 0.094 0.313 0.042 0.988 0.805 0 5 0.042 5 1 1
43596 7 10 7 1 0.094 0.313 0.042 0.988 0.805 0.199 7 0.871 14.653 1 0.32
43596 8 10 7 1 0.094 0.313 0.042 0.988 0.805 0 8 0.161 8 1 1
43596 9 10 7 1 0.094 0.313 0.042 0.988 0.805 172.583 0 178.541 0 0 1
43596 10 10 7 1 0.094 0.313 0.042 0.988 0.805 0 3 0.001 3 1 1
43596 1 10 7 1 0.075 0.168 0.345 0.855 0.54 188.571 0 189.908 0 0 1
43596 2 10 7 1 0.075 0.168 0.345 0.855 0.54 178.901 0 179.992 0 0 1
43596 3 10 7 1 0.075 0.168 0.345 0.855 0.54 168.933 0 169.935 0 0 1
43596 4 10 7 1 0.075 0.168 0.345 0.855 0.54 188.444 0 190.18 0 0 1
43596 5 10 7 1 0.075 0.168 0.345 0.855 0.54 138.356 0 139.914 0 0 1
43596 6 10 7 1 0.075 0.168 0.345 0.855 0.54 137.683 0 139.662 0 0 1
43596 7 10 7 1 0.075 0.168 0.345 0.855 0.54 178.932 0 179.895 0 0 1
43596 1 8 10 0 0.114 0.439 0.236 0.82 0.996 249.582 0 249.992 0 0 1
43596 2 8 10 0 0.114 0.439 0.236 0.82 0.996 249.442 0 249.988 0 0 1
43596 3 8 10 0 0.114 0.439 0.236 0.82 0.996 249.58 0 249.989 0 0 1
43596 4 8 10 0 0.114 0.439 0.236 0.82 0.996 249.212 0 249.979 0 0 1
43596 5 8 10 0 0.114 0.439 0.236 0.82 0.996 249.575 0 249.989 0 0 1
43596 6 8 10 0 0.114 0.439 0.236 0.82 0.996 249.537 0 249.988 0 0 1
43596 7 8 10 0 0.114 0.439 0.236 0.82 0.996 249.418 0 249.982 0 0 1
43596 8 8 10 0 0.114 0.439 0.236 0.82 0.996 249.582 0 249.992 0 0 1
43596 9 8 10 0 0.114 0.439 0.236 0.82 0.996 249.581 0 249.991 0 0 1
43596 10 8 10 0 0.114 0.439 0.236 0.82 0.996 229.42 0 230.352 0 0 1
43596 1 8 10 0 0.027 0.167 0.482 0.877 0.853 249.451 0 249.987 0 0 1
43596 2 8 10 0 0.027 0.167 0.482 0.877 0.853 249.522 0 249.985 0 0 1
43596 3 8 10 0 0.027 0.167 0.482 0.877 0.853 249.438 0 249.988 0 0 1
43596 4 8 10 0 0.027 0.167 0.482 0.877 0.853 249.582 0 249.992 0 0 1
43596 5 8 10 0 0.027 0.167 0.482 0.877 0.853 249.479 0 249.982 0 0 1
43596 1 8 6 0 0.118 0.274 0.481 0.823 0.772 128.302 0 129.806 0 0 1
43596 2 8 6 0 0.118 0.274 0.481 0.823 0.772 99.43 0 101.558 0 0 1
43596 3 8 6 0 0.118 0.274 0.481 0.823 0.772 89.858 0 96.6 0 0 1
43596 4 8 6 0 0.118 0.274 0.481 0.823 0.772 138.667 1 139.879 1 0 1
43596 5 8 6 0 0.118 0.274 0.481 0.823 0.772 128.21 0 129.934 0 0 1
43596 6 8 6 0 0.118 0.274 0.481 0.823 0.772 129.05 1 129.918 1.293 0 1
43596 7 8 6 0 0.118 0.274 0.481 0.823 0.772 159 0 159.818 0 0 1
43596 8 8 6 0 0.118 0.274 0.481 0.823 0.772 119.241 0 119.905 0.18 0 1
43596 9 8 6 0 0.118 0.274 0.481 0.823 0.772 118.921 1 119.916 1.673 0 1
43596 10 8 6 0 0.118 0.274 0.481 0.823 0.772 146.642 0 149.555 0 0 1
43596 1 8 6 0 0.071 0.261 0.359 0.97 0.915 99.197 0 100.407 0 0 1
43596 2 8 6 0 0.071 0.261 0.359 0.97 0.915 168.764 0 169.831 0 0 1
43596 3 8 6 0 0.071 0.261 0.359 0.97 0.915 98.178 0 99.864 0 0 1
43596 4 8 6 0 0.071 0.261 0.359 0.97 0.915 128.66 1 130.127 1 0 1
43596 5 8 6 0 0.071 0.261 0.359 0.97 0.915 147.615 2 149.667 2.107 0 1
43596 6 8 6 0 0.071 0.261 0.359 0.97 0.915 178.235 0 179.744 0 0 1
43596 1 9 3 1 0.047 0.277 0.062 0.903 0.771 0 9 0.041 9 1 1
43596 2 9 3 1 0.047 0.277 0.062 0.903 0.771 0 4 0.063 4 1 1
43596 3 9 3 1 0.047 0.277 0.062 0.903 0.771 0 7 0.015 7 1 1
43596 4 9 3 1 0.047 0.277 0.062 0.903 0.771 0 11 0.264 12.88 1 0
43596 5 9 3 1 0.047 0.277 0.062 0.903 0.771 0 7 0 7 1 1
43596 6 9 3 1 0.047 0.277 0.062 0.903 0.771 0 8 0 8 1 1
43596 7 9 3 1 0.047 0.277 0.062 0.903 0.771 0.498 12 0.874 20.68 1 0
43596 8 9 3 1 0.047 0.277 0.062 0.903 0.771 0 5 0.091 5.067 1 1
43596 9 9 3 1 0.047 0.277 0.062 0.903 0.771 0 4 0.007 4 1 1
43596 10 9 3 1 0.047 0.277 0.062 0.903 0.771 0 4 0.034 4 1 1
43596 1 9 3 1 0.06 0.089 0.072 0.781 0.067 230.511 893 238.669 1191.367 0 0
43596 2 9 3 1 0.06 0.089 0.072 0.781 0.067 233.254 951 240.252 1235.147 0 0
43596 3 9 3 1 0.06 0.089 0.072 0.781 0.067 240.068 1066 244.931 1440.733 0 0
43596 4 9 3 1 0.06 0.089 0.072 0.781 0.067 235.764 918 242.941 1265.793 0 0
43596 5 9 3 1 0.06 0.089 0.072 0.781 0.067 241.403 1009 245.383 1379.087 0 0
43596 6 9 3 1 0.06 0.089 0.072 0.781 0.067 230.937 809 238.196 1042.393 0 0
43596 1 7 7 1 0.037 0.27 0.037 0.979 0.289 0 2 0.06 2 1 1
43596 2 7 7 1 0.037 0.27 0.037 0.979 0.289 0 4 0.06 4 1 1
43596 3 7 7 1 0.037 0.27 0.037 0.979 0.289 0 2 0 2 1 1
43596 4 7 7 1 0.037 0.27 0.037 0.979 0.289 0 0 0 0 1 1
43596 5 7 7 1 0.037 0.27 0.037 0.979 0.289 0 3 0.003 3 1 1
43596 6 7 7 1 0.037 0.27 0.037 0.979 0.289 0 3 0 3 1 1
43596 7 7 7 1 0.037 0.27 0.037 0.979 0.289 0 1 0 1 1 1
43596 8 7 7 1 0.037 0.27 0.037 0.979 0.289 0 8 0.111 8 1 1
43596 9 7 7 1 0.037 0.27 0.037 0.979 0.289 0 0 0 0 1 1
43596 10 7 7 1 0.037 0.27 0.037 0.979 0.289 0 1 0.017 1 1 1
43596 1 7 7 1 0.094 0.096 0.064 0.827 0.032 242.315 1226 247.198 1596.393 0 0
43596 2 7 7 1 0.094 0.096 0.064 0.827 0.032 243.122 1313 247.277 1625.107 0 0
43596 3 7 7 1 0.094 0.096 0.064 0.827 0.032 243.875 1275 247.682 1597.327 0 0
43596 4 7 7 1 0.094 0.096 0.064 0.827 0.032 241.452 1135 245.889 1454.987 0 0
43596 5 7 7 1 0.094 0.096 0.064 0.827 0.032 241.464 1190 246.795 1534.613 0 0
43596 6 7 7 1 0.094 0.096 0.064 0.827 0.032 243.498 1212 246.858 1555.187 0 0
43596 7 7 7 1 0.094 0.096 0.064 0.827 0.032 245.963 1551 248.226 1820.387 0 0
43596 8 7 7 1 0.094 0.096 0.064 0.827 0.032 241.472 1077 245.788 1452.207 0 0
43596 9 7 7 1 0.094 0.096 0.064 0.827 0.032 239.219 1063 245.72 1380.073 0 0
43596 10 7 7 1 0.094 0.096 0.064 0.827 0.032 240.969 1221 245.744 1560.54 0 0
43596 1 7 7 1 0.111 0.421 0.18 0.773 0.448 0 7 0 7 1 1
43596 2 7 7 1 0.111 0.421 0.18 0.773 0.448 0 10 0.064 10 1 0
43596 3 7 7 1 0.111 0.421 0.18 0.773 0.448 0 2 0 2 1 1
43596 4 7 7 1 0.111 0.421 0.18 0.773 0.448 0 6 0.186 7.153 1 0.96
43596 5 7 7 1 0.111 0.421 0.18 0.773 0.448 0 2 0 2 1 1
43596 6 7 7 1 0.111 0.421 0.18 0.773 0.448 0 2 0 2 1 1
43596 7 7 7 1 0.111 0.421 0.18 0.773 0.448 0 2 0.007 2 1 1
43596 8 7 7 1 0.111 0.421 0.18 0.773 0.448 0 0 0 0 1 1
43596 9 7 7 1 0.111 0.421 0.18 0.773 0.448 0 1 0 1 1 1
43596 10 7 7 1 0.111 0.421 0.18 0.773 0.448 0 8 0.176 8.647 1 0.887
43596 1 7 7 1 0.032 0.195 0.103 0.908 0.046 225.192 798 234.232 1008.327 0 0
43596 1 10 10 1 0.014 0.178 0.39 0.845 0.874 249.581 0 249.99 0 0 1
43596 2 10 10 1 0.014 0.178 0.39 0.845 0.874 249.447 0 249.987 0 0 1
43596 3 10 10 1 0.014 0.178 0.39 0.845 0.874 249.442 0 249.971 0 0 1
43596 4 10 10 1 0.014 0.178 0.39 0.845 0.874 249.48 0 249.977 0 0 1
43596 5 10 10 1 0.014 0.178 0.39 0.845 0.874 249.555 0 249.984 0 0 1
43596 6 10 10 1 0.014 0.178 0.39 0.845 0.874 199.183 0 200.408 0 0 1
43596 7 10 10 1 0.014 0.178 0.39 0.845 0.874 249.147 0 249.962 0 0 1
43596 8 10 10 1 0.014 0.178 0.39 0.845 0.874 249.582 0 249.989 0 0 1
43596 9 10 10 1 0.014 0.178 0.39 0.845 0.874 249.467 0 249.995 0 0 1
43596 10 10 10 1 0.014 0.178 0.39 0.845 0.874 249.575 0 249.985 0 0 1
43596 1 10 10 1 0.018 0.196 0.266 0.932 0.144 0 4 0.034 4 1 1
43596 2 10 10 1 0.018 0.196 0.266 0.932 0.144 0 3 0.051 3 1 1
43596 3 10 10 1 0.018 0.196 0.266 0.932 0.144 0 2 0.001 2 1 1
43596 4 10 10 1 0.018 0.196 0.266 0.932 0.144 24.455 55 53.459 164.24 0 0
43596 1 7 10 0 0.066 0.006 0.431 0.995 0.434 229.795 0 243.275 0 0 1
43596 2 7 10 0 0.066 0.006 0.431 0.995 0.434 229.533 0 230.172 0 0 1
43596 3 7 10 0 0.066 0.006 0.431 0.995 0.434 229.479 0 230.624 0 0 1
43596 4 7 10 0 0.066 0.006 0.431 0.995 0.434 249.159 0 249.974 0 0 1
43596 5 7 10 0 0.066 0.006 0.431 0.995 0.434 249.492 0 249.987 0 0 1
43596 6 7 10 0 0.066 0.006 0.431 0.995 0.434 249.401 0 249.989 0 0 1
43596 7 7 10 0 0.066 0.006 0.431 0.995 0.434 230.546 0 243.932 0 0 1
43596 8 7 10 0 0.066 0.006 0.431 0.995 0.434 229.577 0 230.547 0 0 1
43596 9 7 10 0 0.066 0.006 0.431 0.995 0.434 210.05 0 212.246 0 0 1
43596 10 7 10 0 0.066 0.006 0.431 0.995 0.434 249.553 0 249.984 0 0 1
43596 1 7 10 0 0.09 0.487 0.21 0.859 0.604 249.523 0 249.984 0 0 1
43596 2 7 10 0 0.09 0.487 0.21 0.859 0.604 249.471 0 249.984 0 0 1
43596 3 7 10 0 0.09 0.487 0.21 0.859 0.604 248.935 0 249.965 0 0 1
43596 4 7 10 0 0.09 0.487 0.21 0.859 0.604 249.441 1 249.981 1 0 1
43596 5 7 10 0 0.09 0.487 0.21 0.859 0.604 249.269 0 249.973 0 0 1
43596 1 8 10 1 0.091 0.311 0.358 0.976 0.844 249.473 0 249.985 0 0 1
43596 2 8 10 1 0.091 0.311 0.358 0.976 0.844 249.498 0 249.988 0 0 1
43596 3 8 10 1 0.091 0.311 0.358 0.976 0.844 249.579 1 249.988 1 0 1
43596 4 8 10 1 0.091 0.311 0.358 0.976 0.844 249.403 0 249.984 0 0 1
43596 5 8 10 1 0.091 0.311 0.358 0.976 0.844 229.371 0 230.247 0 0 1
43596 6 8 10 1 0.091 0.311 0.358 0.976 0.844 229.768 0 230.681 0 0 1
43596 7 8 10 1 0.091 0.311 0.358 0.976 0.844 225.121 0 230.338 0 0 1
43596 8 8 10 1 0.091 0.311 0.358 0.976 0.844 249.441 0 249.982 0 0 1
43596 9 8 10 1 0.091 0.311 0.358 0.976 0.844 249.439 0 249.985 0 0 1
43596 10 8 10 1 0.091 0.311 0.358 0.976 0.844 249.582 0 249.994 0 0 1
43596 1 8 10 1 0.109 0.472 0.037 0.873 0.649 164.49 0 171.257 0.14 0 1
43596 2 8 10 1 0.109 0.472 0.037 0.873 0.649 176.17 0 179.024 0 0 1
43596 3 8 10 1 0.109 0.472 0.037 0.873 0.649 122.306 0 134.468 0 0 1
43596 4 8 10 1 0.109 0.472 0.037 0.873 0.649 0 0 0.535 0 1 1
43596 5 8 10 1 0.109 0.472 0.037 0.873 0.649 100.041 3 154.917 14.08 0 0.547
43596 1 9 9 0 0.066 0.233 0.174 0.767 0.099 233.905 655 239.436 1038.873 0 0
43596 2 9 9 0 0.066 0.233 0.174 0.767 0.099 218.661 582 231.183 1033.2 0 0
43596 3 9 9 0 0.066 0.233 0.174 0.767 0.099 217.624 549 228.098 921.693 0 0
43596 4 9 9 0 0.066 0.233 0.174 0.767 0.099 221.678 451 228.004 896.373 0 0
43596 5 9 9 0 0.066 0.233 0.174 0.767 0.099 158.432 436 179.624 707.247 0 0
43596 6 9 9 0 0.066 0.233 0.174 0.767 0.099 217.647 620 226.921 949.347 0 0
43596 7 9 9 0 0.066 0.233 0.174 0.767 0.099 182.879 370 208.999 788.393 0 0
43596 8 9 9 0 0.066 0.233 0.174 0.767 0.099 223.039 545 230.383 890.56 0 0
43596 9 9 9 0 0.066 0.233 0.174 0.767 0.099 220.983 614 228.038 880.933 0 0
43596 10 9 9 0 0.066 0.233 0.174 0.767 0.099 211.964 658 225.284 973.807 0 0
43596 1 9 9 0 0.009 0.274 0.403 0.949 0.283 192.826 0 199.202 0 0 1
43596 2 9 9 0 0.009 0.274 0.403 0.949 0.283 229.044 0 229.98 0 0 1
43596 3 9 9 0 0.009 0.274 0.403 0.949 0.283 208.812 0 209.928 0 0 1
43596 4 9 9 0 0.009 0.274 0.403 0.949 0.283 209.551 0 213.184 0.04 0 1
43596 5 9 9 0 0.009 0.274 0.403 0.949 0.283 249.207 0 249.956 0 0 1
43596 6 9 9 0 0.009 0.274 0.403 0.949 0.283 209.038 0 209.942 0 0 1
43596 1 8 6 1 0.106 0.295 0.133 0.818 0.505 0 6 0.01 6 1 1
43596 2 8 6 1 0.106 0.295 0.133 0.818 0.505 0 3 0.088 3 1 1
43596 3 8 6 1 0.106 0.295 0.133 0.818 0.505 0.05 5 0.144 5 1 1
43596 4 8 6 1 0.106 0.295 0.133 0.818 0.505 0 2 0 2 1 1
43596 5 8 6 1 0.106 0.295 0.133 0.818 0.505 0 5 0.327 6.76 1 0.86
43596 6 8 6 1 0.106 0.295 0.133 0.818 0.505 0 8 0.076 8 1 1
43596 7 8 6 1 0.106 0.295 0.133 0.818 0.505 0 3 0.007 3 1 1
43596 8 8 6 1 0.106 0.295 0.133 0.818 0.505 0 2 0 2 1 1
43596 9 8 6 1 0.106 0.295 0.133 0.818 0.505 0 1 0 1.553 1 1
43596 10 8 6 1 0.106 0.295 0.133 0.818 0.505 0 4 0.055 4.32 1 0.973
43596 1 8 6 1 0.085 0.195 0.162 0.888 0.158 0 3 0.013 3 1 1
43596 2 8 6 1 0.085 0.195 0.162 0.888 0.158 0 5 0.184 6.7 1 0.893
43596 3 8 6 1 0.085 0.195 0.162 0.888 0.158 0 8 3.27 65.327 0.827 0.413
43596 4 8 6 1 0.085 0.195 0.162 0.888 0.158 0 2 0 2 1 1
43596 5 8 6 1 0.085 0.195 0.162 0.888 0.158 0 1 0 1 1 1
43596 6 8 6 1 0.085 0.195 0.162 0.888 0.158 0 6 0.181 6.207 1 0.967
43596 7 8 6 1 0.085 0.195 0.162 0.888 0.158 0 1 0 1 1 1
43596 8 8 6 1 0.085 0.195 0.162 0.888 0.158 0 6 0.002 6.7 1 1
43596 9 8 6 1 0.085 0.195 0.162 0.888 0.158 0 2 0.044 2 1 1
43596 10 8 6 1 0.085 0.195 0.162 0.888 0.158 0 2 0.036 2 1 1
43596 1 8 6 1 0.097 0.376 0.053 0.887 0.016 245.778 2449 249.029 3014.52 0 0
43596 1 10 9 1 0.066 0.41 0.301 0.784 0.001 245.292 2057 248.362 2471.067 0 0
43596 2 10 9 1 0.066 0.41 0.301 0.784 0.001 245.335 1985 248.574 2448.74 0 0
43596 3 10 9 1 0.066 0.41 0.301 0.784 0.001 244.583 1959 248.519 2467.98 0 0
43596 4 10 9 1 0.066 0.41 0.301 0.784 0.001 245.058 2355 248.838 2822.42 0 0
43596 5 10 9 1 0.066 0.41 0.301 0.784 0.001 245.409 2002 248.46 2574.233 0 0
43596 6 10 9 1 0.066 0.41 0.301 0.784 0.001 243.058 2133 247.841 2613.707 0 0
43596 7 10 9 1 0.066 0.41 0.301 0.784 0.001 245.647 2072 248.621 2610.02 0 0
43596 8 10 9 1 0.066 0.41 0.301 0.784 0.001 245.23 1853 248.373 2353.4 0 0
43596 9 10 9 1 0.066 0.41 0.301 0.784 0.001 246.74 2380 249.152 2955.78 0 0
43596 10 10 9 1 0.066 0.41 0.301 0.784 0.001 244.608 1976 248.111 2251.793 0 0
43596 1 10 9 1 0.008 0.436 0.306 0.9 0.662 248.89 0 249.956 0 0 1
43596 2 10 9 1 0.008 0.436 0.306 0.9 0.662 228.928 0 230.004 0 0 1
43596 1 10 6 1 0.063 0.446 0.24 0.938 0.902 108.217 0 111.812 0.427 0 1
43596 2 10 6 1 0.063 0.446 0.24 0.938 0.902 148.947 0 149.877 0 0 1
43596 3 10 6 1 0.063 0.446 0.24 0.938 0.902 148.859 0 149.807 0 0 1
43596 4 10 6 1 0.063 0.446 0.24 0.938 0.902 175.642 0 178.623 0 0 1
43596 5 10 6 1 0.063 0.446 0.24 0.938 0.902 158.054 0 159.717 0 0 1
43596 6 10 6 1 0.063 0.446 0.24 0.938 0.902 138.786 1 139.945 1 0 1
43596 7 10 6 1 0.063 0.446 0.24 0.938 0.902 98.184 0 99.788 0 0 1
43596 8 10 6 1 0.063 0.446 0.24 0.938 0.902 138.77 0 139.885 0 0 1
43596 9 10 6 1 0.063 0.446 0.24 0.938 0.902 127.511 0 129.682 0 0 1
43596 10 10 6 1 0.063 0.446 0.24 0.938 0.902 168.358 0 169.795 0 0 1
43596 1 10 6 1 0.057 0.412 0.429 0.845 0.673 139.059 1 140.263 1 0 1
43596 2 10 6 1 0.057 0.412 0.429 0.845 0.673 116.664 0 119.7 0 0 1
43596 1 8 5 1 0.08 0.341 0.063 0.863 0.87 0 8 0.081 8 1 1
43596 2 8 5 1 0.08 0.341 0.063 0.863 0.87 0.249 14 0.757 20.26 1 0
43596 3 8 5 1 0.08 0.341 0.063 0.863 0.87 0.249 18 0.881 26.113 1 0
43596 4 8 5 1 0.08 0.341 0.063 0.863 0.87 0.05 9 0.23 9.927 1 0.707
43596 5 8 5 1 0.08 0.341 0.063 0.863 0.87 0.05 8 0.187 9.16 1 0.947
43596 6 8 5 1 0.08 0.341 0.063 0.863 0.87 0.299 10 0.859 16.753 1 0
43596 7 8 5 1 0.08 0.341 0.063 0.863 0.87 0 14 0.078 14 1 0
43596 8 8 5 1 0.08 0.341 0.063 0.863 0.87 0 7 0.166 7.7 1 0.893
43596 9 8 5 1 0.08 0.341 0.063 0.863 0.87 0 12 0.942 20.12 1 0
43596 10 8 5 1 0.08 0.341 0.063 0.863 0.87 0 12 0.266 13.18 1 0
43596 1 8 5 1 0.068 0.472 0.341 0.776 0.681 59.439 8 60.921 16.607 0 0.113
43596 2 8 5 1 0.068 0.472 0.341 0.776 0.681 59.032 4 60.957 13.607 0 0.22
43596 3 8 5 1 0.068 0.472 0.341 0.776 0.681 87.581 1 91.298 1 0 1
43596 4 8 5 1 0.068 0.472 0.341 0.776 0.681 49.495 12 51.166 22.28 0 0
43596 5 8 5 1 0.068 0.472 0.341 0.776 0.681 49.467 9 51.082 22.793 0 0.007
43596 1 10 9 0 0.086 0.307 0.361 0.785 0.583 169.88 0 170.627 0 0 1
43596 2 10 9 0 0.086 0.307 0.361 0.785 0.583 249.48 0 249.968 0 0 1
43596 3 10 9 0 0.086 0.307 0.361 0.785 0.583 249 0 249.955 0 0 1
43596 4 10 9 0 0.086 0.307 0.361 0.785 0.583 179.577 0 183.306 0 0 1
43596 5 10 9 0 0.086 0.307 0.361 0.785 0.583 229.383 0 230.175 0 0 1
43596 6 10 9 0 0.086 0.307 0.361 0.785 0.583 249.284 0 249.969 0 0 1
43596 7 10 9 0 0.086 0.307 0.361 0.785 0.583 248.939 0 249.948 0 0 1
43596 8 10 9 0 0.086 0.307 0.361 0.785 0.583 209.258 0 210.1 0 0 1
43596 9 10 9 0 0.086 0.307 0.361 0.785 0.583 199.363 0 200.313 0 0 1
43596 10 10 9 0 0.086 0.307 0.361 0.785 0.583 189.097 0 190.218 0 0 1
43596 1 10 9 0 0.105 0.292 0.137 0.831 0.478 209.065 0 209.956 0 0 1
43596 2 10 9 0 0.105 0.292 0.137 0.831 0.478 185.819 0 189.533 0 0 1
43596 3 10 9 0 0.105 0.292 0.137 0.831 0.478 189.353 0 197.405 0 0 1
43596 4 10 9 0 0.105 0.292 0.137 0.831 0.478 198.31 0 199.789 0 0 1
43596 5 10 9 0 0.105 0.292 0.137 0.831 0.478 208.441 0 209.962 0 0 1
43596 6 10 9 0 0.105 0.292 0.137 0.831 0.478 209.199 0 210.059 0 0 1
43596 1 10 10 1 0.081 0.38 0.458 0.89 0.265 249.38 0 249.955 0 0 1
43596 2 10 10 1 0.081 0.38 0.458 0.89 0.265 249.552 0 249.99 0 0 1
43596 3 10 10 1 0.081 0.38 0.458 0.89 0.265 249.474 0 249.977 0 0 1
43596 4 10 10 1 0.081 0.38 0.458 0.89 0.265 248.225 0 249.894 0 0 1
43596 5 10 10 1 0.081 0.38 0.458 0.89 0.265 249 0 249.972 0 0 1
43596 6 10 10 1 0.081 0.38 0.458 0.89 0.265 0 10 0.024 10 1 0
43596 7 10 10 1 0.081 0.38 0.458 0.89 0.265 249.575 0 249.987 0 0 1
43596 8 10 10 1 0.081 0.38 0.458 0.89 0.265 247.765 0 249.879 0.587 0 0.987
43596 9 10 10 1 0.081 0.38 0.458 0.89 0.265 248.103 0 249.879 0 0 1
43596 10 10 10 1 0.081 0.38 0.458 0.89 0.265 249.461 0 249.987 0 0 1
43596 1 10 10 1 0.066 0.144 0.002 0.761 0.82 249.459 0 249.989 0 0 1
43596 2 10 10 1 0.066 0.144 0.002 0.761 0.82 249.554 0 249.975 0 0 1
43596 1 8 5 0 0.062 0.118 0.369 0.933 0.044 0 6 0.017 6 1 1
43596 2 8 5 0 0.062 0.118 0.369 0.933 0.044 0 7 0.097 9.187 1 0.593
43596 3 8 5 0 0.062 0.118 0.369 0.933 0.044 0 12 0.075 12 1 0
43596 4 8 5 0 0.062 0.118 0.369 0.933 0.044 0 7 0 7.053 1 1
43596 5 8 5 0 0.062 0.118 0.369 0.933 0.044 2.833 28 8.045 75.187 0.26 0
43596 6 8 5 0 0.062 0.118 0.369 0.933 0.044 0 6 1.518 14.553 0.967 0.587
43596 7 8 5 0 0.062 0.118 0.369 0.933 0.044 0 15 3.661 22.313 0.693 0
43596 8 8 5 0 0.062 0.118 0.369 0.933 0.044 0 4 0.06 4 1 1
43596 9 8 5 0 0.062 0.118 0.369 0.933 0.044 0 8 0.14 8 1 1
43596 10 8 5 0 0.062 0.118 0.369 0.933 0.044 0.497 9 3.999 51.62 0.64 0.007
43596 1 8 5 0 0.091 0.239 0.299 0.914 0.081 28.994 41 62.898 179.873 0 0
43596 2 8 5 0 0.091 0.239 0.299 0.914 0.081 0 8 0.032 8 1 1
43596 3 8 5 0 0.091 0.239 0.299 0.914 0.081 0 2 0 2.34 1 1
43596 4 8 5 0 0.091 0.239 0.299 0.914 0.081 0 4 0 4.047 1 1
43596 5 8 5 0 0.091 0.239 0.299 0.914 0.081 0 8 0 8 1 1
43596 6 8 5 0 0.091 0.239 0.299 0.914 0.081 0 2 0.064 2 1 1
43596 7 8 5 0 0.091 0.239 0.299 0.914 0.081 0 2 0 2 1 1
43596 1 8 4 1 0.027 0.075 0.183 0.845 0.8 0.498 24 1.801 40.567 1 0
43596 2 8 4 1 0.027 0.075 0.183 0.845 0.8 0.646 17 1.608 30.12 1 0
43596 3 8 4 1 0.027 0.075 0.183 0.845 0.8 0.597 11 1.313 23.52 1 0
43596 4 8 4 1 0.027 0.075 0.183 0.845 0.8 0.05 11 0.226 12.82 1 0
43596 5 8 4 1 0.027 0.075 0.183 0.845 0.8 0.696 10 1.562 26.067 1 0
43596 6 8 4 1 0.027 0.075 0.183 0.845 0.8 0.547 13 1.412 28.033 1 0
43596 7 8 4 1 0.027 0.075 0.183 0.845 0.8 0.745 24 1.276 35.547 1 0
43596 8 8 4 1 0.027 0.075 0.183 0.845 0.8 0.448 12 1.487 22.773 1 0
43596 9 8 4 1 0.027 0.075 0.183 0.845 0.8 0.597 16 0.956 25.387 1 0
43596 10 8 4 1 0.027 0.075 0.183 0.845 0.8 0.845 19 1.383 29.693 1 0
43596 1 8 4 1 0.029 0.034 0.325 0.887 0.38 0.348 14 1.409 26.067 1 0
43596 2 8 4 1 0.029 0.034 0.325 0.887 0.38 0.299 15 1.066 29.193 1 0
43596 3 8 4 1 0.029 0.034 0.325 0.887 0.38 1.044 15 2.027 29.733 1 0
43596 4 8 4 1 0.029 0.034 0.325 0.887 0.38 0.597 11 1.197 21.333 1 0
43596 5 8 4 1 0.029 0.034 0.325 0.887 0.38 0.697 11 1.458 26.62 1 0
43596 1 7 4 0 0.068 0.225 0.211 0.789 0.887 0.497 17 1.341 28.66 1 0
43596 2 7 4 0 0.068 0.225 0.211 0.789 0.887 0.795 16 1.469 26.32 1 0
43596 3 7 4 0 0.068 0.225 0.211 0.789 0.887 0.846 21 1.49 30.213 1 0
43596 4 7 4 0 0.068 0.225 0.211 0.789 0.887 0.299 11 1.288 25.46 1 0
43596 5 7 4 0 0.068 0.225 0.211 0.789 0.887 0.846 15 1.506 31.087 1 0
43596 6 7 4 0 0.068 0.225 0.211 0.789 0.887 0.647 21 1.399 33.333 1 0
43596 7 7 4 0 0.068 0.225 0.211 0.789 0.887 0.697 12 1.603 24.58 1 0
43596 8 7 4 0 0.068 0.225 0.211 0.789 0.887 0.398 12 1.413 26.04 1 0
43596 9 7 4 0 0.068 0.225 0.211 0.789 0.887 0 11 0.158 11.42 1 0
43596 10 7 4 0 0.068 0.225 0.211 0.789 0.887 0.149 15 1.545 26.873 1 0
43596 1 7 4 0 0.057 0.44 0.096 0.98 0.402 0 4 0.014 4 1 1
43596 2 7 4 0 0.057 0.44 0.096 0.98 0.402 0 2 0 2 1 1
43596 3 7 4 0 0.057 0.44 0.096 0.98 0.402 0 6 0.112 6 1 1
43596 4 7 4 0 0.057 0.44 0.096 0.98 0.402 0 5 0.01 5 1 1
43596 5 7 4 0 0.057 0.44 0.096 0.98 0.402 0 4 0.044 4 1 1
43596 6 7 4 0 0.057 0.44 0.096 0.98 0.402 0 5 0.122 5 1 1
43596 7 7 4 0 0.057 0.44 0.096 0.98 0.402 0 5 0.073 5 1 1
43596 8 7 4 0 0.057 0.44 0.096 0.98 0.402 0 4 0.083 4 1 1
43596 9 7 4 0 0.057 0.44 0.096 0.98 0.402 0 2 0 2 1 1
43596 10 7 4 0 0.057 0.44 0.096 0.98 0.402 0 1 0 1 1 1
43596 1 7 4 0 0.108 0.334 0.316 0.96 0.5 0.796 26 1.34 34.647 1 0
43596 2 7 4 0 0.108 0.334 0.316 0.96 0.5 0.1 9 0.917 18.367 1 0.287
43596 3 7 4 0 0.108 0.334 0.316 0.96 0.5 0 12 0.698 19.3 1 0
43596 4 7 4 0 0.108 0.334 0.316 0.96 0.5 0 9 0.08 9.12 1 0.88
43596 5 7 4 0 0.108 0.334 0.316 0.96 0.5 0.597 9 1.33 19.933 1 0.007
43596 6 7 4 0 0.108 0.334 0.316 0.96 0.5 0.05 15 1.249 25.013 1 0
43596 7 7 4 0 0.108 0.334 0.316 0.96 0.5 0 11 0.08 11.167 1 0
43596 8 7 4 0 0.108 0.334 0.316 0.96 0.5 0 9 0.258 10.993 1 0.393
43596 9 7 4 0 0.108 0.334 0.316 0.96 0.5 0 21 0.306 23.193 1 0
43596 10 7 4 0 0.108 0.334 0.316 0.96 0.5 0 17 0.264 20.093 1 0
43596 1 7 4 0 0.053 0.427 0.098 0.869 0.005 246.604 1966 248.856 2361.32 0 0
43596 2 7 4 0 0.053 0.427 0.098 0.869 0.005 245.509 2155 248.585 2678.927 0 0
43596 3 7 4 0 0.053 0.427 0.098 0.869 0.005 245.427 1945 248.657 2658.393 0 0
43596 4 7 4 0 0.053 0.427 0.098 0.869 0.005 246.018 2044 248.792 2457.007 0 0
43596 1 7 9 1 0.031 0.039 0.027 0.811 0.597 248.631 0 249.946 0 0 1
43596 2 7 9 1 0.031 0.039 0.027 0.811 0.597 227.752 0 229.96 0 0 1
43596 3 7 9 1 0.031 0.039 0.027 0.811 0.597 230.932 0 245.709 0 0 1
43596 4 7 9 1 0.031 0.039 0.027 0.811 0.597 249.301 0 249.977 0 0 1
43596 5 7 9 1 0.031 0.039 0.027 0.811 0.597 229.067 0 230.066 0 0 1
43596 6 7 9 1 0.031 0.039 0.027 0.811 0.597 208.987 0 210.108 0 0 1
43596 7 7 9 1 0.031 0.039 0.027 0.811 0.597 189.337 0 190.298 0 0 1
43596 8 7 9 1 0.031 0.039 0.027 0.811 0.597 229.028 0 230.117 0 0 1
43596 9 7 9 1 0.031 0.039 0.027 0.811 0.597 249.155 0 249.967 0 0 1
43596 10 7 9 1 0.031 0.039 0.027 0.811 0.597 249.275 0 249.965 0 0 1
43596 1 7 9 1 0.112 0.426 0.319 0.756 0.346 0.1 11 0.556 16.507 1 0
43596 2 7 9 1 0.112 0.426 0.319 0.756 0.346 0 13 0.043 13 1 0
43596 3 7 9 1 0.112 0.426 0.319 0.756 0.346 248.397 0 249.844 0 0 1
43596 4 7 9 1 0.112 0.426 0.319 0.756 0.346 244.591 0 249.158 0.873 0 0.98
43596 5 7 9 1 0.112 0.426 0.319 0.756 0.346 0 5 0.062 5 1 1
43596 1 8 5 1 0.078 0.065 0.186 0.901 0.34 0.398 16 1.533 28.307 1 0
43596 2 8 5 1 0.078 0.065 0.186 0.901 0.34 0.199 12 1.008 22.273 1 0
43596 3 8 5 1 0.078 0.065 0.186 0.901 0.34 0.647 14 1.446 23.213 1 0
43596 4 8 5 1 0.078 0.065 0.186 0.901 0.34 0.857 17 1.834 30.673 1 0
43596 5 8 5 1 0.078 0.065 0.186 0.901 0.34 1.047 15 1.8 28.847 1 0
43596 6 8 5 1 0.078 0.065 0.186 0.901 0.34 0 11 0.53 15.78 1 0
43596 7 8 5 1 0.078 0.065 0.186 0.901 0.34 0.249 17 0.993 31.227 1 0
43596 8 8 5 1 0.078 0.065 0.186 0.901 0.34 0.845 16 1.553 30.553 1 0
43596 9 8 5 1 0.078 0.065 0.186 0.901 0.34 0.597 22 1.415 37.48 1 0
43596 10 8 5 1 0.078 0.065 0.186 0.901 0.34 0 14 0.065 14 1 0
43596 1 8 5 1 0.015 0.18 0.362 0.84 0.362 0.547 18 1.229 26.527 1 0
43596 2 8 5 1 0.015 0.18 0.362 0.84 0.362 0.448 24 1.101 31.4 1 0
43596 3 8 5 1 0.015 0.18 0.362 0.84 0.362 0.448 14 1.123 25.713 1 0
43596 4 8 5 1 0.015 0.18 0.362 0.84 0.362 0.646 16 1.527 25.127 1 0
43596 1 8 3 0 0.103 0.402 0.43 0.95 0.398 0 9 0.29 14.533 1 0.027
43596 2 8 3 0 0.103 0.402 0.43 0.95 0.398 0.945 18 2.058 32.54 1 0
43596 3 8 3 0 0.103 0.402 0.43 0.95 0.398 0 11 0.133 11.773 1 0
43596 4 8 3 0 0.103 0.402 0.43 0.95 0.398 0.348 14 0.759 20.507 1 0
43596 5 8 3 0 0.103 0.402 0.43 0.95 0.398 0.647 15 1.671 26.693 1 0
43596 6 8 3 0 0.103 0.402 0.43 0.95 0.398 0.199 9 0.806 14.493 1 0.047
43596 7 8 3 0 0.103 0.402 0.43 0.95 0.398 0 9 0.052 9 1 1
43596 8 8 3 0 0.103 0.402 0.43 0.95 0.398 0.697 18 1.719 30.84 1 0
43596 9 8 3 0 0.103 0.402 0.43 0.95 0.398 1.144 23 2.205 38.88 1 0
43596 10 8 3 0 0.103 0.402 0.43 0.95 0.398 0 11 0.101 11.26 1 0
43596 1 8 3 0 0.074 0.423 0.173 0.757 0.387 0 5 0.034 5 1 1
43596 2 8 3 0 0.074 0.423 0.173 0.757 0.387 0.249 8 1.601 20.833 1 0.093
43596 3 8 3 0 0.074 0.423 0.173 0.757 0.387 0 2 0.031 2 1 1
43596 4 8 3 0 0.074 0.423 0.173 0.757 0.387 0 1 0 1.027 1 1
43596 5 8 3 0 0.074 0.423 0.173 0.757 0.387 0 7 0.015 7 1 1
43596 6 8 3 0 0.074 0.423 0.173 0.757 0.387 0 2 0.018 2 1 1
43596 7 8 3 0 0.074 0.423 0.173 0.757 0.387 0 4 0 4 1 1
43596 8 8 3 0 0.074 0.423 0.173 0.757 0.387 0 4 0.008 4 1 1
43596 9 8 3 0 0.074 0.423 0.173 0.757 0.387 0 8 0.077 8 1 1
43596 10 8 3 0 0.074 0.423 0.173 0.757 0.387 0 9 0.025 9 1 1
43596 1 8 3 0 0.102 0.321 0.264 0.781 0.245 0 5 0.015 6.66 1 0.913
43596 2 8 3 0 0.102 0.321 0.264 0.781 0.245 0 1 0 1 1 1
43596 3 8 3 0 0.102 0.321 0.264 0.781 0.245 0 1 0 1 1 1
43596 4 8 3 0 0.102 0.321 0.264 0.781 0.245 22.358 52 32.9 191.793 0 0
43596 5 8 3 0 0.102 0.321 0.264 0.781 0.245 0 4 0.002 4 1 1
43596 6 8 3 0 0.102 0.321 0.264 0.781 0.245 0 5 0.021 5 1 1
43596 7 8 3 0 0.102 0.321 0.264 0.781 0.245 0 2 0.011 2.707 1 1
43596 8 8 3 0 0.102 0.321 0.264 0.781 0.245 0 8 0 8 1 1
43596 9 8 3 0 0.102 0.321 0.264 0.781 0.245 0.149 8 3.675 39.547 0.707 0.013
43596 10 8 3 0 0.102 0.321 0.264 0.781 0.245 0 4 0.019 4 1 1
43596 1 8 3 0 0.03 0.081 0.208 0.751 0.664 0.845 23 1.646 32.107 1 0
43596 2 8 3 0 0.03 0.081 0.208 0.751 0.664 0.299 20 2.165 35.72 1 0
43596 3 8 3 0 0.03 0.081 0.208 0.751 0.664 0.895 21 1.661 33.32 1 0
43596 4 8 3 0 0.03 0.081 0.208 0.751 0.664 0 12 0.755 19.5 1 0
43596 5 8 3 0 0.03 0.081 0.208 0.751 0.664 1.393 25 2.358 38.607 1 0
43596 1 7 4 1 0.05 0.385 0.06 0.867 0.741 0 3 0.084 3 1 1
43596 2 7 4 1 0.05 0.385 0.06 0.867 0.741 0 4 0.052 4 1 1
43596 3 7 4 1 0.05 0.385 0.06 0.867 0.741 0 2 0.06 2 1 1
43596 4 7 4 1 0.05 0.385 0.06 0.867 0.741 0 6 0.122 6.227 1 0.973
43596 5 7 4 1 0.05 0.385 0.06 0.867 0.741 0 3 0.046 3 1 1
43596 6 7 4 1 0.05 0.385 0.06 0.867 0.741 0.1 9 0.479 13.313 1 0.427
43596 7 7 4 1 0.05 0.385 0.06 0.867 0.741 0 2 0 2 1 1
43596 8 7 4 1 0.05 0.385 0.06 0.867 0.741 0 8 0.129 8 1 1
43596 9 7 4 1 0.05 0.385 0.06 0.867 0.741 0 6 0.061 6 1 1
43596 10 7 4 1 0.05 0.385 0.06 0.867 0.741 0 9 0.062 9 1 1
43596 1 7 4 1 0.088 0.45 0.451 0.984 0.78 0.448 22 1.239 33.467 1 0
43596 2 7 4 1 0.088 0.45 0.451 0.984 0.78 0.796 13 1.889 31.153 1 0
43596 3 7 4 1 0.088 0.45 0.451 0.984 0.78 0.647 15 1.842 28.473 1 0
43596 4 7 4 1 0.088 0.45 0.451 0.984 0.78 0.348 18 1.176 29.54 1 0
43596 5 7 4 1 0.088 0.45 0.451 0.984 0.78 0.647 16 1.612 30.933 1 0
43596 6 7 4 1 0.088 0.45 0.451 0.984 0.78 0.1 11 0.916 20.84 1 0
43596 7 7 4 1 0.088 0.45 0.451 0.984 0.78 0.398 10 1.05 21 1 0
43596 8 7 4 1 0.088 0.45 0.451 0.984 0.78 0.348 10 0.96 26.073 1 0
43596 1 7 9 0 0.041 0.344 0.056 0.957 0.152 232.364 830 237.792 1056.24 0 0
43596 2 7 9 0 0.041 0.344 0.056 0.957 0.152 225.827 722 237.176 977.9 0 0
43596 3 7 9 0 0.041 0.344 0.056 0.957 0.152 232.787 770 240.492 1057.973 0 0
43596 4 7 9 0 0.041 0.344 0.056 0.957 0.152 234.652 799 240.011 1088.093 0 0
43596 5 7 9 0 0.041 0.344 0.056 0.957 0.152 235.199 882 242.617 1090.52 0 0
43596 6 7 9 0 0.041 0.344 0.056 0.957 0.152 237.314 798 243.488 1055.36 0 0
43596 7 7 9 0 0.041 0.344 0.056 0.957 0.152 227.47 833 239.01 1093.48 0 0
43596 8 7 9 0 0.041 0.344 0.056 0.957 0.152 229.527 751 236.59 1004.273 0 0
43596 9 7 9 0 0.041 0.344 0.056 0.957 0.152 235.872 721 241.115 1008.633 0 0
43596 10 7 9 0 0.041 0.344 0.056 0.957 0.152 234.387 771 240.236 1059.613 0 0
43596 1 7 9 0 0.012 0.336 0.203 0.977 0.296 240.081 0 245.7 30.22 0 0.467
43596 2 7 9 0 0.012 0.336 0.203 0.977 0.296 235.256 0 245.343 34.487 0 0.487
43596 3 7 9 0 0.012 0.336 0.203 0.977 0.296 239.397 0 245.339 30.953 0 0.48
43596 4 7 9 0 0.012 0.336 0.203 0.977 0.296 236.885 0 245.903 32.987 0 0.547
43596 5 7 9 0 0.012 0.336 0.203 0.977 0.296 235.312 1 245.314 29.24 0 0.453
43596 6 7 9 0 0.012 0.336 0.203 0.977 0.296 237.458 0 245.586 32.453 0 0.473
43596 1 9 6 0 0.025 0.123 0.238 0.837 0.297 124.581 8 136.811 19.053 0 0.447
43596 2 9 6 0 0.025 0.123 0.238 0.837 0.297 197.419 0 199.439 0.547 0 0.987
43596 3 9 6 0 0.025 0.123 0.238 0.837 0.297 186.559 1 189.737 2.353 0 0.987
43596 4 9 6 0 0.025 0.123 0.238 0.837 0.297 194.44 1 198.539 1.767 0 0.98
43596 5 9 6 0 0.025 0.123 0.238 0.837 0.297 185.546 0 188.743 0 0 1
43596 6 9 6 0 0.025 0.123 0.238 0.837 0.297 0.547 13 1.977 22.16 1 0
43596 7 9 6 0 0.025 0.123 0.238 0.837 0.297 183.344 0 189.048 1.987 0 0.967
43596 8 9 6 0 0.025 0.123 0.238 0.837 0.297 184.441 0 188.434 1.08 0 0.973
43596 9 9 6 0 0.025 0.123 0.238 0.837 0.297 185.707 0 189.489 0.42 0 0.98
43596 10 9 6 0 0.025 0.123 0.238 0.837 0.297 0 1 0.079 1 1 1
43596 1 9 6 0 0.029 0.028 0.103 0.758 0.391 147.979 0 149.627 0 0 1
43596 2 9 6 0 0.029 0.028 0.103 0.758 0.391 138.723 0 139.984 0 0 1
43596 3 9 6 0 0.029 0.028 0.103 0.758 0.391 178.21 0 179.799 0 0 1
43596 4 9 6 0 0.029 0.028 0.103 0.758 0.391 129.022 1 129.942 1 0 1
43596 5 9 6 0 0.029 0.028 0.103 0.758 0.391 178.392 0 179.687 0 0 1
43596 6 9 6 0 0.029 0.028 0.103 0.758 0.391 208.749 1 209.821 1 0 1
43596 1 9 10 0 0.022 0.097 0.445 0.894 0.79 249.525 0 249.993 0 0 1
43596 2 9 10 0 0.022 0.097 0.445 0.894 0.79 248.589 0 249.946 0 0 1
43596 3 9 10 0 0.022 0.097 0.445 0.894 0.79 249.582 0 249.992 0 0 1
43596 4 9 10 0 0.022 0.097 0.445 0.894 0.79 249.582 0 249.993 0 0 1
43596 5 9 10 0 0.022 0.097 0.445 0.894 0.79 249.842 0 249.996 0 0 1
43596 6 9 10 0 0.022 0.097 0.445 0.894 0.79 249.046 0 249.975 0 0 1
43596 7 9 10 0 0.022 0.097 0.445 0.894 0.79 249.582 0 249.987 0 0 1
43596 8 9 10 0 0.022 0.097 0.445 0.894 0.79 249.48 0 249.982 0 0 1
43596 9 9 10 0 0.022 0.097 0.445 0.894 0.79 249.294 0 249.979 0 0 1
43596 10 9 10 0 0.022 0.097 0.445 0.894 0.79 249.575 0 249.994 0 0 1
43596 1 9 10 0 0.045 0.49 0.168 0.763 0.313 243.795 0 247.671 51.5 0 0.393
43596 2 9 10 0 0.045 0.49 0.168 0.763 0.313 240.502 0 247.014 42.947 0 0.473
43596 3 9 10 0 0.045 0.49 0.168 0.763 0.313 234.894 1 245.954 50.567 0 0.467
43596 4 9 10 0 0.045 0.49 0.168 0.763 0.313 239.255 2 246.517 46.527 0 0.507
43596 5 9 10 0 0.045 0.49 0.168 0.763 0.313 238.051 0 246.666 41.933 0 0.493
43596 6 9 10 0 0.045 0.49 0.168 0.763 0.313 238.8 0 247.047 47.2 0 0.547
43596 1 10 5 0 0.1 0.374 0.005 0.893 0.537 0 0 0 0 1 1
43596 2 10 5 0 0.1 0.374 0.005 0.893 0.537 0 0 0 0 1 1
43596 3 10 5 0 0.1 0.374 0.005 0.893 0.537 0 0 0 0 1 1
43596 4 10 5 0 0.1 0.374 0.005 0.893 0.537 0 1 0.004 1 1 1
43596 5 10 5 0 0.1 0.374 0.005 0.893 0.537 0 0 0 0 1 1
43596 6 10 5 0 0.1 0.374 0.005 0.893 0.537 0 0 0 0 1 1
43596 7 10 5 0 0.1 0.374 0.005 0.893 0.537 0 0 0 0 1 1
43596 8 10 5 0 0.1 0.374 0.005 0.893 0.537 0 0 0 0 1 1
43596 9 10 5 0 0.1 0.374 0.005 0.893 0.537 0 0 0 0 1 1
43596 10 10 5 0 0.1 0.374 0.005 0.893 0.537 0 0 0 0 1 1
43596 1 10 5 0 0.009 0.293 0.075 0.923 0.976 97.862 1 102.029 1 0 1
43596 2 10 5 0 0.009 0.293 0.075 0.923 0.976 48.512 2 49.858 2 0 1
43596 3 10 5 0 0.009 0.293 0.075 0.923 0.976 78.637 10 80.35 18.733 0 0
43596 4 10 5 0 0.009 0.293 0.075 0.923 0.976 58.786 0 59.922 0 0 1
43596 5 10 5 0 0.009 0.293 0.075 0.923 0.976 68.597 7 71.023 19.16 0 0.067
43596 6 10 5 0 0.009 0.293 0.075 0.923 0.976 59.356 6 60.737 17.56 0 0.087
43596 1 10 8 1 0.033 0.389 0.116 0.87 0.406 0 3 0.031 3 1 1
43596 2 10 8 1 0.033 0.389 0.116 0.87 0.406 0 5 0.001 5 1 1
43596 3 10 8 1 0.033 0.389 0.116 0.87 0.406 0 0 0 0 1 1
43596 4 10 8 1 0.033 0.389 0.116 0.87 0.406 0 14 2.837 45.16 0.66 0
43596 5 10 8 1 0.033 0.389 0.116 0.87 0.406 0 2 0 3.947 1 1
43596 6 10 8 1 0.033 0.389 0.116 0.87 0.406 0 5 0.056 5 1 1
43596 7 10 8 1 0.033 0.389 0.116 0.87 0.406 0 3 0.092 3 1 1
43596 8 10 8 1 0.033 0.389 0.116 0.87 0.406 0 3 0.009 3 1 1
43596 9 10 8 1 0.033 0.389 0.116 0.87 0.406 0 2 0 2 1 1
43596 10 10 8 1 0.033 0.389 0.116 0.87 0.406 0 0 0 0 1 1
43596 1 10 8 1 0.039 0.031 0.292 0.911 0.795 212.381 0 224.591 0 0 1
43596 2 10 8 1 0.039 0.031 0.292 0.911 0.795 199.028 0 200.239 0 0 1
43596 3 10 8 1 0.039 0.031 0.292 0.911 0.795 231.182 0 242.581 0 0 1
43596 4 10 8 1 0.039 0.031 0.292 0.911 0.795 198.831 0 199.923 0 0 1
43596 5 10 8 1 0.039 0.031 0.292 0.911 0.795 223.174 0 229.302 0 0 1
43596 6 10 8 1 0.039 0.031 0.292 0.911 0.795 229.253 0 230.091 0 0 1
43596 1 8 5 0 0.101 0.267 0.363 0.939 0.834 57.998 2 59.767 2.253 0 1
43596 2 8 5 0 0.101 0.267 0.363 0.939 0.834 48.906 1 50.063 1 0 1
43596 3 8 5 0 0.101 0.267 0.363 0.939 0.834 48.777 8 50.445 12.453 0 0.227
43596 4 8 5 0 0.101 0.267 0.363 0.939 0.834 58.423 7 64.921 18.553 0 0.04
43596 5 8 5 0 0.101 0.267 0.363 0.939 0.834 49.624 8 51.544 12.98 0 0.18
43596 6 8 5 0 0.101 0.267 0.363 0.939 0.834 59.67 8 62.022 18.36 0 0.047
43596 7 8 5 0 0.101 0.267 0.363 0.939 0.834 29.174 13 30.903 21.947 0 0
43596 8 8 5 0 0.101 0.267 0.363 0.939 0.834 49.637 13 50.932 21.307 0 0
43596 9 8 5 0 0.101 0.267 0.363 0.939 0.834 97.629 4 99.275 6.527 0 0.873
43596 10 8 5 0 0.101 0.267 0.363 0.939 0.834 67.632 1 69.854 1 0 1
43596 1 8 5 0 0.104 0.064 0.072 0.929 0.808 58.793 8 60.504 12.96 0 0.067
43596 2 8 5 0 0.104 0.064 0.072 0.929 0.808 59.133 4 60.051 4.293 0 1
43596 3 8 5 0 0.104 0.064 0.072 0.929 0.808 58.163 3 59.66 3.627 0 1
43596 4 8 5 0 0.104 0.064 0.072 0.929 0.808 49.061 15 50.756 24.28 0 0
43596 5 8 5 0 0.104 0.064 0.072 0.929 0.808 88.362 1 90.379 9.6 0 0.573
43596 6 8 5 0 0.104 0.064 0.072 0.929 0.808 77.295 1 79.468 1 0 1
43596 7 8 5 0 0.104 0.064 0.072 0.929 0.808 69.4 3 70.548 8.393 0 0.687
43596 8 8 5 0 0.104 0.064 0.072 0.929 0.808 69.341 5 70.31 13.047 0 0.253
43596 1 10 5 0 0.049 0.418 0.461 0.88 0.978 59.311 10 63.826 30.44 0 0
43596 2 10 5 0 0.049 0.418 0.461 0.88 0.978 57.891 3 59.752 3 0 1
43596 3 10 5 0 0.049 0.418 0.461 0.88 0.978 63.097 5 70.449 15.74 0 0.107
43596 4 10 5 0 0.049 0.418 0.461 0.88 0.978 78.246 7 80.546 11.447 0 0.54
43596 5 10 5 0 0.049 0.418 0.461 0.88 0.978 78.457 9 80.261 15.287 0 0.053
43596 6 10 5 0 0.049 0.418 0.461 0.88 0.978 60.876 4 67.287 20.96 0 0.433
43596 7 10 5 0 0.049 0.418 0.461 0.88 0.978 97.447 0 99.505 0.42 0 1
43596 8 10 5 0 0.049 0.418 0.461 0.88 0.978 68.459 8 70.451 19.733 0 0.007
43596 9 10 5 0 0.049 0.418 0.461 0.88 0.978 49.721 11 50.838 17.32 0 0
43596 10 10 5 0 0.049 0.418 0.461 0.88 0.978 78.448 2 80.44 9.493 0 0.5
43596 1 10 5 0 0.039 0.199 0.296 0.809 0.341 0 7 0.124 7.26 1 1
43596 2 10 5 0 0.039 0.199 0.296 0.809 0.341 0.249 15 1.108 27.853 1 0
43596 3 10 5 0 0.039 0.199 0.296 0.809 0.341 1.178 14 2.598 31.46 1 0
43596 4 10 5 0 0.039 0.199 0.296 0.809 0.341 0.547 15 1.016 24.747 1 0
43596 5 10 5 0 0.039 0.199 0.296 0.809 0.341 0.547 12 1.549 25.88 1 0
43596 6 10 5 0 0.039 0.199 0.296 0.809 0.341 0.348 13 1.576 25.513 0.96 0
43596 7 10 5 0 0.039 0.199 0.296 0.809 0.341 0.199 13 0.851 22.233 1 0
43596 1 7 7 0 0.012 0.397 0.239 0.914 0.793 209.017 0 210.028 0 0 1
43596 2 7 7 0 0.012 0.397 0.239 0.914 0.793 178.798 0 179.816 0 0 1
43596 3 7 7 0 0.012 0.397 0.239 0.914 0.793 139.106 1 140.16 1 0 1
43596 4 7 7 0 0.012 0.397 0.239 0.914 0.793 182.537 0 189.343 0 0 1
43596 5 7 7 0 0.012 0.397 0.239 0.914 0.793 178.059 0 179.751 0 0 1
43596 6 7 7 0 0.012 0.397 0.239 0.914 0.793 149.324 0 150.204 0 0 1
43596 7 7 7 0 0.012 0.397 0.239 0.914 0.793 198.096 0 199.729 0 0 1
43596 8 7 7 0 0.012 0.397 0.239 0.914 0.793 209.202 1 209.941 1 0 1
43596 9 7 7 0 0.012 0.397 0.239 0.914 0.793 197.884 0 199.83 0 0 1
43596 10 7 7 0 0.012 0.397 0.239 0.914 0.793 188.961 0 189.97 0 0 1
43596 1 7 7 0 0.07 0.347 0.074 0.788 0.549 88.45 0 89.948 0 0 1
43596 2 7 7 0 0.07 0.347 0.074 0.788 0.549 86.976 0 89.598 0 0 1
43596 3 7 7 0 0.07 0.347 0.074 0.788 0.549 78.561 0 79.901 0 0 1
43596 4 7 7 0 0.07 0.347 0.074 0.788 0.549 151.152 0 152.6 0 0 1
43596 5 7 7 0 0.07 0.347 0.074 0.788 0.549 78.597 0 80.737 0 0 1
43596 6 7 7 0 0.07 0.347 0.074 0.788 0.549 0 3 0.092 3 1 1
43596 1 9 5 0 0.014 0.379 0.197 0.808 0.388 0 11 0.369 14.567 1 0
43596 2 9 5 0 0.014 0.379 0.197 0.808 0.388 0 7 0.409 11.053 1 0.573
43596 3 9 5 0 0.014 0.379 0.197 0.808 0.388 0 4 0 4 1 1
43596 4 9 5 0 0.014 0.379 0.197 0.808 0.388 0 6 0.07 6 1 1
43596 5 9 5 0 0.014 0.379 0.197 0.808 0.388 0.696 23 1.764 37.373 1 0
43596 6 9 5 0 0.014 0.379 0.197 0.808 0.388 0 11 0.215 12.32 1 0
43596 7 9 5 0 0.014 0.379 0.197 0.808 0.388 0 3 0.021 3 1 1
43596 8 9 5 0 0.014 0.379 0.197 0.808 0.388 0 8 0.034 8 1 1
43596 9 9 5 0 0.014 0.379 0.197 0.808 0.388 0 8 0.055 8 1 1
43596 10 9 5 0 0.014 0.379 0.197 0.808 0.388 0 1 0.004 1.133 1 1
43596 1 9 5 0 0.074 0.159 0.409 0.988 0.757 60.812 8 62.772 11.953 0 0.48
43596 2 9 5 0 0.074 0.159 0.409 0.988 0.757 58.305 6 61.426 18.633 0 0.273
43596 3 9 5 0 0.074 0.159 0.409 0.988 0.757 78.253 6 79.817 10.74 0 0.48
43596 4 9 5 0 0.074 0.159 0.409 0.988 0.757 59.171 6 61.299 14.16 0 0.22
43596 5 9 5 0 0.074 0.159 0.409 0.988 0.757 49.868 7 51.295 13.793 0 0.167
43596 6 9 5 0 0.074 0.159 0.409 0.988 0.757 77.157 0 79.612 0.713 0 1
43596 7 9 5 0 0.074 0.159 0.409 0.988 0.757 78.614 4 80.207 9.107 0 0.613
43596 8 9 5 0 0.074 0.159 0.409 0.988 0.757 79.327 4 80.577 14.227 0 0.253
43596 1 10 7 0 0.011 0.202 0.044 0.929 0.692 158.764 0 159.869 0 0 1
43596 2 10 7 0 0.011 0.202 0.044 0.929 0.692 117.693 0 119.434 0 0 1
43596 3 10 7 0 0.011 0.202 0.044 0.929 0.692 197.747 0 199.642 0 0 1
43596 4 10 7 0 0.011 0.202 0.044 0.929 0.692 138.074 0 140.474 0 0 1
43596 5 10 7 0 0.011 0.202 0.044 0.929 0.692 199.166 0 199.992 0 0 1
43596 6 10 7 0 0.011 0.202 0.044 0.929 0.692 146.273 0 149.405 0 0 1
43596 7 10 7 0 0.011 0.202 0.044 0.929 0.692 168.824 0 169.952 0 0 1
43596 8 10 7 0 0.011 0.202 0.044 0.929 0.692 179.444 0 180.04 0 0 1
43596 9 10 7 0 0.011 0.202 0.044 0.929 0.692 119.224 0 121.429 0 0 1
43596 10 10 7 0 0.011 0.202 0.044 0.929 0.692 148.275 0 149.708 0.833 0 1
43596 1 10 7 0 0.032 0.221 0.083 0.799 0.021 243.619 1515 247.022 1885.48 0 0
43596 2 10 7 0 0.032 0.221 0.083 0.799 0.021 240.594 1615 247.574 2028.307 0 0
43596 3 10 7 0 0.032 0.221 0.083 0.799 0.021 243.47 1535 247.192 1931.46 0 0
43596 4 10 7 0 0.032 0.221 0.083 0.799 0.021 243.056 1546 246.906 2013.533 0 0
43596 5 10 7 0 0.032 0.221 0.083 0.799 0.021 243.832 1714 248.352 2163.793 0 0
43596 1 7 7 1 0.009 0.085 0.113 0.882 0.588 0.1 15 0.931 22.207 1 0
43596 2 7 7 1 0.009 0.085 0.113 0.882 0.588 0 18 0.131 18 1 0
43596 3 7 7 1 0.009 0.085 0.113 0.882 0.588 0.299 9 2.142 19.807 1 0.007
43596 4 7 7 1 0.009 0.085 0.113 0.882 0.588 1.477 17 4.53 32.947 0.66 0
43596 5 7 7 1 0.009 0.085 0.113 0.882 0.588 0.348 18 1.075 29.233 1 0
43596 6 7 7 1 0.009 0.085 0.113 0.882 0.588 0.796 22 2.205 31.9 0.887 0
43596 7 7 7 1 0.009 0.085 0.113 0.882 0.588 1.144 17 2.151 27.76 1 0
43596 8 7 7 1 0.009 0.085 0.113 0.882 0.588 0 10 0 10.62 1 0
43596 9 7 7 1 0.009 0.085 0.113 0.882 0.588 0.945 10 2.021 31.34 1 0
43596 10 7 7 1 0.009 0.085 0.113 0.882 0.588 0 13 0.228 13.673 1 0
43596 1 7 7 1 0.091 0.099 0.204 0.952 0.986 188.72 0 189.867 0 0 1
43596 2 7 7 1 0.091 0.099 0.204 0.952 0.986 187.65 0 189.895 0 0 1
43596 3 7 7 1 0.091 0.099 0.204 0.952 0.986 178.451 0 179.878 0 0 1
43596 4 7 7 1 0.091 0.099 0.204 0.952 0.986 179.165 0 180.032 0 0 1
43596 5 7 7 1 0.091 0.099 0.204 0.952 0.986 147.893 0 149.866 0 0 1
43596 6 7 7 1 0.091 0.099 0.204 0.952 0.986 178.955 0 180.289 0 0 1
43596 7 7 7 1 0.091 0.099 0.204 0.952 0.986 188.75 0 189.995 0 0 1
43596 1 7 5 1 0.093 0.438 0.5 0.87 0.049 0 4 0 4 1 1
43596 2 7 5 1 0.093 0.438 0.5 0.87 0.049 0 4 0.043 4 1 1
43596 3 7 5 1 0.093 0.438 0.5 0.87 0.049 0 3 0.024 3 1 1
43596 4 7 5 1 0.093 0.438 0.5 0.87 0.049 16.698 38 35.751 106.853 0 0
43596 5 7 5 1 0.093 0.438 0.5 0.87 0.049 0 6 0.02 6 1 1
43596 6 7 5 1 0.093 0.438 0.5 0.87 0.049 0 4 0.162 8.067 1 0.72
43596 7 7 5 1 0.093 0.438 0.5 0.87 0.049 0 12 0.029 12 1 0
43596 8 7 5 1 0.093 0.438 0.5 0.87 0.049 0 4 0 4 1 1
43596 9 7 5 1 0.093 0.438 0.5 0.87 0.049 0 3 0.02 3 1 1
43596 10 7 5 1 0.093 0.438 0.5 0.87 0.049 0 8 0.308 10.573 1 0.753
43596 1 7 5 1 0.058 0.489 0.049 0.922 0.024 243.745 1497 247.742 1986.653 0 0
43596 2 7 5 1 0.058 0.489 0.049 0.922 0.024 244.394 1759 247.674 2056.547 0 0
43596 3 7 5 1 0.058 0.489 0.049 0.922 0.024 244.792 1909 248.366 2375.527 0 0
43596 4 7 5 1 0.058 0.489 0.049 0.922 0.024 244.502 1872 248.259 2209.727 0 0
43596 5 7 5 1 0.058 0.489 0.049 0.922 0.024 246.102 1857 248.595 2211.747 0 0
43596 6 7 5 1 0.058 0.489 0.049 0.922 0.024 245.835 1908 248.523 2293.547 0 0
43596 1 7 7 0 0.053 0.299 0.173 0.922 0.09 218.623 542 228.517 866.113 0 0
43596 2 7 7 0 0.053 0.299 0.173 0.922 0.09 206.775 516 215.745 768.14 0 0
43596 3 7 7 0 0.053 0.299 0.173 0.922 0.09 226.201 637 233.818 899.04 0 0
43596 4 7 7 0 0.053 0.299 0.173 0.922 0.09 224.866 619 231.064 798.74 0 0
43596 5 7 7 0 0.053 0.299 0.173 0.922 0.09 229.453 627 237.027 915.487 0 0
43596 6 7 7 0 0.053 0.299 0.173 0.922 0.09 227.433 644 233.241 928.007 0 0
43596 7 7 7 0 0.053 0.299 0.173 0.922 0.09 223.234 641 232.665 885.92 0 0
43596 8 7 7 0 0.053 0.299 0.173 0.922 0.09 228.685 666 236.3 902.933 0 0
43596 9 7 7 0 0.053 0.299 0.173 0.922 0.09 214.558 581 224.214 852.1 0 0
43596 10 7 7 0 0.053 0.299 0.173 0.922 0.09 217.253 598 228.508 896.447 0 0
43596 1 7 7 0 0.024 0.255 0.476 0.871 0.394 137.215 0 139.44 0 0 1
43596 2 7 7 0 0.024 0.255 0.476 0.871 0.394 178.012 0 180.105 0 0 1
43596 3 7 7 0 0.024 0.255 0.476 0.871 0.394 158.893 1 159.96 1 0 1
43596 4 7 7 0 0.024 0.255 0.476 0.871 0.394 109.636 1 113.184 1 0 1
43596 5 7 7 0 0.024 0.255 0.476 0.871 0.394 179.301 1 179.968 1 0 1
43596 6 7 7 0 0.024 0.255 0.476 0.871 0.394 128.725 0 129.971 0.667 0 1
43596 7 7 7 0 0.024 0.255 0.476 0.871 0.394 198.693 0 199.864 0 0 1
43596 1 8 7 0 0.059 0.147 0.268 0.917 0.846 119.276 0 120.188 0 0 1
43596 2 8 7 0 0.059 0.147 0.268 0.917 0.846 128.894 0 129.969 0 0 1
43596 3 8 7 0 0.059 0.147 0.268 0.917 0.846 209.326 0 210.348 0 0 1
43596 4 8 7 0 0.059 0.147 0.268 0.917 0.846 208.879 0 209.821 0 0 1
43596 5 8 7 0 0.059 0.147 0.268 0.917 0.846 158.705 0 159.831 0 0 1
43596 6 8 7 0 0.059 0.147 0.268 0.917 0.846 158.706 0 159.836 0 0 1
43596 7 8 7 0 0.059 0.147 0.268 0.917 0.846 209.184 0 210.089 0 0 1
43596 8 8 7 0 0.059 0.147 0.268 0.917 0.846 208.944 0 209.939 0 0 1
43596 9 8 7 0 0.059 0.147 0.268 0.917 0.846 208.544 0 209.909 0 0 1
43596 10 8 7 0 0.059 0.147 0.268 0.917 0.846 167.334 0 169.539 0 0 1
43596 1 8 7 0 0.02 0.069 0.499 0.833 0.38 208.91 0 209.926 0.833 0 1
43596 2 8 7 0 0.02 0.069 0.499 0.833 0.38 136.917 0 140.572 0 0 1
43596 3 8 7 0 0.02 0.069 0.499 0.833 0.38 169.195 0 169.977 0 0 1
43596 4 8 7 0 0.02 0.069 0.499 0.833 0.38 187.592 0 189.657 0 0 1
43596 5 8 7 0 0.02 0.069 0.499 0.833 0.38 198.27 0 199.892 0 0 1
43596 6 8 7 0 0.02 0.069 0.499 0.833 0.38 199.122 0 200.09 0 0 1
43596 7 8 7 0 0.02 0.069 0.499 0.833 0.38 148.967 0 149.96 0 0 1
43596 1 9 3 1 0.039 0.157 0.074 0.858 0.289 0 5 0.017 5 1 1
43596 2 9 3 1 0.039 0.157 0.074 0.858 0.289 0 2 0 2 1 1
43596 3 9 3 1 0.039 0.157 0.074 0.858 0.289 0 0 0.201 3.293 1 0.913
43596 4 9 3 1 0.039 0.157 0.074 0.858 0.289 0 3 0.04 3 1 1
43596 5 9 3 1 0.039 0.157 0.074 0.858 0.289 0 8 0.031 8 1 1
43596 6 9 3 1 0.039 0.157 0.074 0.858 0.289 0 3 0 3 1 1
43596 7 9 3 1 0.039 0.157 0.074 0.858 0.289 0 3 0.113 3 1 1
43596 8 9 3 1 0.039 0.157 0.074 0.858 0.289 0 5 0.014 5 1 1
43596 9 9 3 1 0.039 0.157 0.074 0.858 0.289 0 5 0.163 5.48 1 0.98
43596 10 9 3 1 0.039 0.157 0.074 0.858 0.289 0 1 0 1 1 1
43596 1 9 3 1 0.043 0.175 0.439 0.939 0.993 1.143 21 2.059 35.74 1 0
43596 2 9 3 1 0.043 0.175 0.439 0.939 0.993 0.348 22 1.344 34.647 1 0
43596 3 9 3 1 0.043 0.175 0.439 0.939 0.993 0.945 25 1.561 33.887 1 0
43596 4 9 3 1 0.043 0.175 0.439 0.939 0.993 1.043 20 1.879 31.727 1 0
43596 5 9 3 1 0.043 0.175 0.439 0.939 0.993 1.094 21 1.958 38.347 1 0
43596 6 9 3 1 0.043 0.175 0.439 0.939 0.993 0.646 29 1.655 40.62 1 0
43596 7 9 3 1 0.043 0.175 0.439 0.939 0.993 0.944 17 2.421 34.3 1 0
43596 8 9 3 1 0.043 0.175 0.439 0.939 0.993 1.094 14 1.969 29.96 1 0
43596 9 9 3 1 0.043 0.175 0.439 0.939 0.993 0.795 17 1.81 31.707 1 0
43596 1 10 10 1 0.118 0.141 0.251 0.821 0.453 249.579 0 249.992 0 0 1
43596 2 10 10 1 0.118 0.141 0.251 0.821 0.453 249.579 0 249.992 0 0 1
43596 3 10 10 1 0.118 0.141 0.251 0.821 0.453 249.546 0 249.982 0 0 1
43596 4 10 10 1 0.118 0.141 0.251 0.821 0.453 249.553 0 249.992 0 0 1
43596 5 10 10 1 0.118 0.141 0.251 0.821 0.453 249.11 0 249.981 0 0 1
43596 6 10 10 1 0.118 0.141 0.251 0.821 0.453 249.387 0 249.982 0 0 1
43596 7 10 10 1 0.118 0.141 0.251 0.821 0.453 249.394 0 249.982 0 0 1
43596 8 10 10 1 0.118 0.141 0.251 0.821 0.453 249.554 0 249.986 0 0 1
43596 9 10 10 1 0.118 0.141 0.251 0.821 0.453 249.58 0 249.987 0 0 1
43596 10 10 10 1 0.118 0.141 0.251 0.821 0.453 249.45 0 249.984 0 0 1
43596 1 10 10 1 0.049 0.179 0.306 0.866 0.396 249.554 0 249.98 0 0 1
43596 2 10 10 1 0.049 0.179 0.306 0.866 0.396 249.573 0 249.987 0 0 1
43596 3 10 10 1 0.049 0.179 0.306 0.866 0.396 249.55 0 249.979 0 0 1
43596 4 10 10 1 0.049 0.179 0.306 0.866 0.396 249.859 0 249.996 0 0 1
43596 5 10 10 1 0.049 0.179 0.306 0.866 0.396 249.42 0 249.987 0 0 1
43596 1 9 8 0 0.013 0.263 0.402 0.879 0.478 179.23 0 180.05 0 0 1
43596 2 9 8 0 0.013 0.263 0.402 0.879 0.478 228.872 0 230.027 0 0 1
43596 3 9 8 0 0.013 0.263 0.402 0.879 0.478 208.806 0 209.975 0 0 1
43596 4 9 8 0 0.013 0.263 0.402 0.879 0.478 199.499 0 200.659 0 0 1
43596 5 9 8 0 0.013 0.263 0.402 0.879 0.478 199.983 0 207.444 0 0 1
43596 6 9 8 0 0.013 0.263 0.402 0.879 0.478 229.561 0 230.079 0 0 1
43596 7 9 8 0 0.013 0.263 0.402 0.879 0.478 159.265 0 160.036 0 0 1
43596 8 9 8 0 0.013 0.263 0.402 0.879 0.478 149.114 0 150.084 0 0 1
43596 9 9 8 0 0.013 0.263 0.402 0.879 0.478 149.009 0 150.084 0 0 1
43596 10 9 8 0 0.013 0.263 0.402 0.879 0.478 188.639 0 190.001 0 0 1
43596 1 9 8 0 0.093 0.22 0.049 0.869 0.263 0 0 0 0 1 1
43596 2 9 8 0 0.093 0.22 0.049 0.869 0.263 0 0 0 0 1 1
43596 3 9 8 0 0.093 0.22 0.049 0.869 0.263 0 0 0 0 1 1
43596 4 9 8 0 0.093 0.22 0.049 0.869 0.263 0 0 0 0 1 1
43596 5 9 8 0 0.093 0.22 0.049 0.869 0.263 0 0 0 0 1 1
43596 1 9 6 1 0.025 0.124 0.257 0.901 0.925 108.167 0 109.98 0 0 1
43596 2 9 6 1 0.025 0.124 0.257 0.901 0.925 98.775 0 99.939 0.233 0 1
43596 3 9 6 1 0.025 0.124 0.257 0.901 0.925 129.097 1 130.643 1 0 1
43596 4 9 6 1 0.025 0.124 0.257 0.901 0.925 99.294 0 100.18 0 0 1
43596 5 9 6 1 0.025 0.124 0.257 0.901 0.925 128.915 0 129.974 0 0 1
43596 6 9 6 1 0.025 0.124 0.257 0.901 0.925 186.612 0 189.348 0 0 1
43596 7 9 6 1 0.025 0.124 0.257 0.901 0.925 118.434 0 119.854 0 0 1
43596 8 9 6 1 0.025 0.124 0.257 0.901 0.925 98.988 0 100.619 0 0 1
43596 9 9 6 1 0.025 0.124 0.257 0.901 0.925 127.624 0 129.439 0 0 1
43596 10 9 6 1 0.025 0.124 0.257 0.901 0.925 98.844 0 99.845 0 0 1
43596 1 9 6 1 0.092 0.183 0.328 0.768 0.01 238.8 1044 242.466 1454.687 0 0
43596 2 9 6 1 0.092 0.183 0.328 0.768 0.01 235.202 931 242.408 1286.787 0 0
43596 3 9 6 1 0.092 0.183 0.328 0.768 0.01 241.381 1035 245.477 1429.067 0 0
43596 4 9 6 1 0.092 0.183 0.328 0.768 0.01 236.025 1082 243.415 1369.133 0 0
43596 5 9 6 1 0.092 0.183 0.328 0.768 0.01 238.298 1144 244.976 1466.78 0 0
43596 6 9 6 1 0.092 0.183 0.328 0.768 0.01 241.684 1136 245.809 1454.733 0 0
43596 7 9 6 1 0.092 0.183 0.328 0.768 0.01 240.825 1169 245.858 1527.973 0 0
43596 8 9 6 1 0.092 0.183 0.328 0.768 0.01 240.8 1206 245.058 1448.413 0 0
43596 9 9 6 1 0.092 0.183 0.328 0.768 0.01 235.797 960 242.148 1201.573 0 0
43596 10 9 6 1 0.092 0.183 0.328 0.768 0.01 241.291 1172 245.428 1464.36 0 0
43596 1 9 6 1 0.031 0.39 0.454 0.938 0.246 0 10 0.088 11.307 1 0
43596 2 9 6 1 0.031 0.39 0.454 0.938 0.246 0.05 11 0.908 19.04 1 0
43596 3 9 6 1 0.031 0.39 0.454 0.938 0.246 0 21 1.021 27.247 1 0
43596 4 9 6 1 0.031 0.39 0.454 0.938 0.246 0 14 0.324 17.593 1 0
43596 5 9 6 1 0.031 0.39 0.454 0.938 0.246 0 14 0.195 14.86 1 0
43596 6 9 6 1 0.031 0.39 0.454 0.938 0.246 0.498 13 1.953 28.8 1 0
43596 7 9 6 1 0.031 0.39 0.454 0.938 0.246 0 15 2.066 32.913 0.913 0
43596 8 9 6 1 0.031 0.39 0.454 0.938 0.246 0.05 18 1.079 27.387 1 0
43596 9 9 6 1 0.031 0.39 0.454 0.938 0.246 0 10 0.07 10 1 0
43596 1 8 6 1 0.108 0.059 0.434 0.913 0.782 88.256 0 89.991 0 0 1
43596 2 8 6 1 0.108 0.059 0.434 0.913 0.782 129.212 0 129.971 0 0 1
43596 3 8 6 1 0.108 0.059 0.434 0.913 0.782 148.644 1 149.87 1.96 0 1
43596 4 8 6 1 0.108 0.059 0.434 0.913 0.782 128.743 2 129.914 2 0 1
43596 5 8 6 1 0.108 0.059 0.434 0.913 0.782 130.843 2 138.22 6.46 0 0.793
43596 6 8 6 1 0.108 0.059 0.434 0.913 0.782 99.426 0 106.512 4.82 0 0.867
43596 7 8 6 1 0.108 0.059 0.434 0.913 0.782 166.206 0 169.213 0 0 1
43596 8 8 6 1 0.108 0.059 0.434 0.913 0.782 118.799 0 120.286 0 0 1
43596 9 8 6 1 0.108 0.059 0.434 0.913 0.782 158.394 0 159.792 0 0 1
43596 10 8 6 1 0.108 0.059 0.434 0.913 0.782 178.611 0 179.817 0 0 1
43596 1 8 6 1 0.022 0.294 0.057 0.777 0.809 0 11 0.029 11 1 0
43596 2 8 6 1 0.022 0.294 0.057 0.777 0.809 0 2 0 2 1 1
43596 3 8 6 1 0.022 0.294 0.057 0.777 0.809 0 11 0.152 12.547 1 0
43596 4 8 6 1 0.022 0.294 0.057 0.777 0.809 0 9 0.061 9 1 1
43596 5 8 6 1 0.022 0.294 0.057 0.777 0.809 0 9 0.046 9 1 1
43596 1 8 5 1 0.006 0.191 0.309 0.964 0.381 0.597 19 1.53 33.147 1 0
43596 2 8 5 1 0.006 0.191 0.309 0.964 0.381 0.448 19 1.284 28.52 1 0
43596 3 8 5 1 0.006 0.191 0.309 0.964 0.381 0 13 1.31 24.2 1 0
43596 4 8 5 1 0.006 0.191 0.309 0.964 0.381 0 12 0.349 14.893 1 0
43596 5 8 5 1 0.006 0.191 0.309 0.964 0.381 0 10 0.033 11.127 1 0
43596 6 8 5 1 0.006 0.191 0.309 0.964 0.381 0.348 15 1.071 24.393 1 0
43596 7 8 5 1 0.006 0.191 0.309 0.964 0.381 0.595 9 1.229 17.32 1 0.033
43596 8 8 5 1 0.006 0.191 0.309 0.964 0.381 0.348 11 1.249 24 1 0
43596 9 8 5 1 0.006 0.191 0.309 0.964 0.381 0.448 16 1.574 27.44 1 0
43596 10 8 5 1 0.006 0.191 0.309 0.964 0.381 0.249 22 1.581 36.513 1 0
43596 1 8 5 1 0.027 0.126 0.198 0.881 0.989 68.557 1 70.099 1 0 1
43596 2 8 5 1 0.027 0.126 0.198 0.881 0.989 38.777 18 40.371 28.687 0 0
43596 3 8 5 1 0.027 0.126 0.198 0.881 0.989 49.014 8 50.297 14.76 0 0.013
43596 4 8 5 1 0.027 0.126 0.198 0.881 0.989 58.8 12 60.216 17.347 0 0
43596 5 8 5 1 0.027 0.126 0.198 0.881 0.989 77.832 1 79.785 3.633 0 1
43596 6 8 5 1 0.027 0.126 0.198 0.881 0.989 0 4 0.014 4 1 1
43596 1 9 3 1 0.107 0.347 0.356 0.788 0.478 0.398 24 1.545 34.587 1 0
43596 2 9 3 1 0.107 0.347 0.356 0.788 0.478 0 17 0.221 18.033 1 0
43596 3 9 3 1 0.107 0.347 0.356 0.788 0.478 0.149 20 0.887 27.44 1 0
43596 4 9 3 1 0.107 0.347 0.356 0.788 0.478 0.846 18 1.482 27.913 1 0
43596 5 9 3 1 0.107 0.347 0.356 0.788 0.478 0.05 18 0.434 23.653 1 0
43596 6 9 3 1 0.107 0.347 0.356 0.788 0.478 0.149 9 1.461 25.887 1 0.013
43596 7 9 3 1 0.107 0.347 0.356 0.788 0.478 0.696 28 1.719 36.213 1 0
43596 8 9 3 1 0.107 0.347 0.356 0.788 0.478 0.398 24 1.271 33.273 1 0
43596 9 9 3 1 0.107 0.347 0.356 0.788 0.478 0 13 0.294 15.633 1 0
43596 10 9 3 1 0.107 0.347 0.356 0.788 0.478 0.597 19 1.322 31.753 1 0
43596 1 9 3 1 0.052 0.276 0.321 1 0.455 0.498 20 1.304 30.04 1 0
43596 2 9 3 1 0.052 0.276 0.321 1 0.455 0 19 0.131 19.793 1 0
43596 3 9 3 1 0.052 0.276 0.321 1 0.455 0.299 14 0.838 24.48 1 0
43596 4 9 3 1 0.052 0.276 0.321 1 0.455 0 4 0.031 4 1 1
43596 5 9 3 1 0.052 0.276 0.321 1 0.455 0.448 17 0.935 25.767 1 0
43596 6 9 3 1 0.052 0.276 0.321 1 0.455 0.398 18 1.159 28.053 1 0
43596 1 10 7 0 0.109 0.216 0.105 0.91 0.608 186.14 0 189.748 0 0 1
43596 2 10 7 0 0.109 0.216 0.105 0.91 0.608 208.653 0 209.935 0 0 1
43596 3 10 7 0 0.109 0.216 0.105 0.91 0.608 83.28 0 98.425 0 0 1
43596 4 10 7 0 0.109 0.216 0.105 0.91 0.608 166.982 0 169.579 0 0 1
43596 5 10 7 0 0.109 0.216 0.105 0.91 0.608 178.144 0 179.948 0 0 1
43596 6 10 7 0 0.109 0.216 0.105 0.91 0.608 129.179 0 131.49 0 0 1
43596 7 10 7 0 0.109 0.216 0.105 0.91 0.608 178.616 0 180.568 0 0 1
43596 8 10 7 0 0.109 0.216 0.105 0.91 0.608 189.023 0 189.879 0 0 1
43596 9 10 7 0 0.109 0.216 0.105 0.91 0.608 209.19 0 210.03 0 0 1
43596 10 10 7 0 0.109 0.216 0.105 0.91 0.608 188.26 0 189.852 0 0 1
43596 1 10 7 0 0.112 0.144 0.013 0.874 0.183 0 0 0 0 1 1
43596 2 10 7 0 0.112 0.144 0.013 0.874 0.183 0 0 0 0 1 1
43596 3 10 7 0 0.112 0.144 0.013 0.874 0.183 0 0 0 0 1 1
43596 4 10 7 0 0.112 0.144 0.013 0.874 0.183 0 0 0 0 1 1
43596 5 10 7 0 0.112 0.144 0.013 0.874 0.183 0 0 0 0 1 1
43596 6 10 7 0 0.112 0.144 0.013 0.874 0.183 0 0 0 0 1 1
43596 7 10 7 0 0.112 0.144 0.013 0.874 0.183 0 0 0 0 1 1
43596 1 10 3 0 0.056 0.153 0.074 0.826 0.728 0.597 17 1.225 28.893 1 0
43596 2 10 3 0 0.056 0.153 0.074 0.826 0.728 0 9 0.135 9.533 1 0.467
43596 3 10 3 0 0.056 0.153 0.074 0.826 0.728 0 4 0.068 4 1 1
43596 4 10 3 0 0.056 0.153 0.074 0.826 0.728 0 14 0.163 14.28 1 0
43596 5 10 3 0 0.056 0.153 0.074 0.826 0.728 0 6 0.022 6 1 1
43596 6 10 3 0 0.056 0.153 0.074 0.826 0.728 0 10 0.756 19.34 1 0
43596 7 10 3 0 0.056 0.153 0.074 0.826 0.728 0.348 13 1.116 22.553 1 0
43596 8 10 3 0 0.056 0.153 0.074 0.826 0.728 0 9 0.06 9.02 1 0.987
43596 9 10 3 0 0.056 0.153 0.074 0.826 0.728 0 13 0.06 14.38 1 0
43596 10 10 3 0 0.056 0.153 0.074 0.826 0.728 0 7 0.11 7.073 1 0.993
43596 1 10 3 0 0.079 0.297 0.286 0.894 0.473 0 3 0.056 3 1 1
43596 2 10 3 0 0.079 0.297 0.286 0.894 0.473 0.299 5 1.033 13.573 1 0.373
43596 3 10 3 0 0.079 0.297 0.286 0.894 0.473 0 6 0.011 6 1 1
43596 4 10 3 0 0.079 0.297 0.286 0.894 0.473 0 12 0.124 12.607 1 0
43596 5 10 3 0 0.079 0.297 0.286 0.894 0.473 0 10 0 10 1 0
43596 6 10 3 0 0.079 0.297 0.286 0.894 0.473 0.1 9 0.965 18.033 1 0.067
43596 7 10 3 0 0.079 0.297 0.286 0.894 0.473 0 15 0.531 17.3 1 0
43596 8 10 3 0 0.079 0.297 0.286 0.894 0.473 0 8 0.071 8 1 1
43596 9 10 3 0 0.079 0.297 0.286 0.894 0.473 0 7 0.384 9.107 1 0.713
43596 1 9 10 0 0.071 0.102 0.353 0.781 0.508 249.579 0 249.982 0 0 1
43596 2 9 10 0 0.071 0.102 0.353 0.781 0.508 249.362 0 249.981 0 0 1
43596 3 9 10 0 0.071 0.102 0.353 0.781 0.508 249.338 0 249.985 0 0 1
43596 4 9 10 0 0.071 0.102 0.353 0.781 0.508 249.128 0 249.977 0 0 1
43596 5 9 10 0 0.071 0.102 0.353 0.781 0.508 249.445 0 249.988 0 0 1
43596 6 9 10 0 0.071 0.102 0.353 0.781 0.508 241.202 0 249.409 0 0 1
43596 7 9 10 0 0.071 0.102 0.353 0.781 0.508 249.582 0 249.989 0 0 1
43596 8 9 10 0 0.071 0.102 0.353 0.781 0.508 249.472 0 249.988 0 0 1
43596 9 9 10 0 0.071 0.102 0.353 0.781 0.508 249.473 0 249.991 0 0 1
43596 10 9 10 0 0.071 0.102 0.353 0.781 0.508 249.402 0 249.976 0 0 1
43596 1 9 10 0 0.071 0.243 0.228 0.929 0.268 236.487 0 245.901 29.04 0 0.62
43596 2 9 10 0 0.071 0.243 0.228 0.929 0.268 237.578 2 247.187 28.1 0 0.587
43596 3 9 10 0 0.071 0.243 0.228 0.929 0.268 240.736 0 247.082 26.333 0 0.64
43596 1 8 7 0 0.077 0.417 0.237 0.875 0.738 177.534 0 179.815 0 0 1
43596 2 8 7 0 0.077 0.417 0.237 0.875 0.738 166.91 0 169.56 0 0 1
43596 3 8 7 0 0.077 0.417 0.237 0.875 0.738 209.177 0 209.961 0 0 1
43596 4 8 7 0 0.077 0.417 0.237 0.875 0.738 198.709 0 199.897 0 0 1
43596 5 8 7 0 0.077 0.417 0.237 0.875 0.738 189.089 1 189.943 1 0 1
43596 6 8 7 0 0.077 0.417 0.237 0.875 0.738 169.112 0 170.094 0 0 1
43596 7 8 7 0 0.077 0.417 0.237 0.875 0.738 188.226 0 189.954 0 0 1
43596 8 8 7 0 0.077 0.417 0.237 0.875 0.738 198.783 1 199.937 1 0 1
43596 9 8 7 0 0.077 0.417 0.237 0.875 0.738 199.13 0 199.991 0 0 1
43596 10 8 7 0 0.077 0.417 0.237 0.875 0.738 168.55 0 169.891 0 0 1
43596 1 8 7 0 0.039 0.457 0.042 0.918 0.37 232.863 0 244.206 43.233 0 0.413
43596 2 8 7 0 0.039 0.457 0.042 0.918 0.37 230.214 0 243.394 42.507 0 0.48
43596 3 8 7 0 0.039 0.457 0.042 0.918 0.37 234.464 1 244.407 49.367 0 0.4
43596 4 8 7 0 0.039 0.457 0.042 0.918 0.37 231.931 0 241.838 47.287 0 0.367
43596 5 8 7 0 0.039 0.457 0.042 0.918 0.37 232.292 1 243.248 51.127 0 0.333
43596 6 8 7 0 0.039 0.457 0.042 0.918 0.37 234.41 0 243.782 45.54 0 0.38
43596 7 8 7 0 0.039 0.457 0.042 0.918 0.37 229.242 2 241.876 46.593 0 0.32
43596 1 9 5 1 0.061 0.48 0.482 0.799 0.473 0.398 22 1.339 32.513 1 0
43596 2 9 5 1 0.061 0.48 0.482 0.799 0.473 0.597 20 1.285 33.387 1 0
43596 3 9 5 1 0.061 0.48 0.482 0.799 0.473 0.945 17 1.506 29.647 1 0
43596 4 9 5 1 0.061 0.48 0.482 0.799 0.473 0.796 20 1.636 27.773 1 0
43596 5 9 5 1 0.061 0.48 0.482 0.799 0.473 0.647 18 1.586 29.48 1 0
43596 6 9 5 1 0.061 0.48 0.482 0.799 0.473 0 15 0.23 16.287 1 0
43596 7 9 5 1 0.061 0.48 0.482 0.799 0.473 0.846 16 1.89 30.267 1 0
43596 8 9 5 1 0.061 0.48 0.482 0.799 0.473 67.478 3 71.599 6.867 0 0.8
43596 9 9 5 1 0.061 0.48 0.482 0.799 0.473 0.647 18 1.628 28.533 1 0
43596 10 9 5 1 0.061 0.48 0.482 0.799 0.473 0.498 13 1.998 31.213 1 0
43596 1 9 5 1 0.09 0.269 0.174 0.931 0.462 0 5 0.338 6.953 1 0.82
43596 2 9 5 1 0.09 0.269 0.174 0.931 0.462 0.199 12 1.852 31.58 1 0
43596 3 9 5 1 0.09 0.269 0.174 0.931 0.462 0 5 0.548 9.127 1 0.7
43596 4 9 5 1 0.09 0.269 0.174 0.931 0.462 0 5 0.059 5 1 1
43596 5 9 5 1 0.09 0.269 0.174 0.931 0.462 0 4 0.076 4 1 1
43596 6 9 5 1 0.09 0.269 0.174 0.931 0.462 0 5 0.015 5 1 1
43596 7 9 5 1 0.09 0.269 0.174 0.931 0.462 0.1 8 1.117 18.273 1 0.227
43596 8 9 5 1 0.09 0.269 0.174 0.931 0.462 0 7 0.094 7 1 1
43596 1 8 4 1 0.097 0.103 0.237 0.922 0.802 0.697 21 1.599 32.18 1 0
43596 2 8 4 1 0.097 0.103 0.237 0.922 0.802 0.547 20 1.455 32.953 1 0
43596 3 8 4 1 0.097 0.103 0.237 0.922 0.802 0.547 13 1.288 25.827 1 0
43596 4 8 4 1 0.097 0.103 0.237 0.922 0.802 0.646 10 1.619 23.92 1 0
43596 5 8 4 1 0.097 0.103 0.237 0.922 0.802 0.249 13 1.595 27.9 1 0
43596 6 8 4 1 0.097 0.103 0.237 0.922 0.802 0.448 12 1.007 23.567 1 0
43596 7 8 4 1 0.097 0.103 0.237 0.922 0.802 0.597 18 2.066 32.393 1 0
43596 8 8 4 1 0.097 0.103 0.237 0.922 0.802 0.298 19 1.611 34.207 1 0
43596 9 8 4 1 0.097 0.103 0.237 0.922 0.802 0.796 13 1.614 26.053 1 0
43596 10 8 4 1 0.097 0.103 0.237 0.922 0.802 0.448 20 1.352 30.793 1 0
43596 1 8 4 1 0.099 0.431 0.364 0.916 0.674 0.696 19 1.67 30.373 1 0
43596 2 8 4 1 0.099 0.431 0.364 0.916 0.674 0.597 18 1.475 30.707 1 0
43596 3 8 4 1 0.099 0.431 0.364 0.916 0.674 0.299 15 1.09 26.86 1 0
43596 4 8 4 1 0.099 0.431 0.364 0.916 0.674 0.597 19 1.602 33.88 1 0
43596 5 8 4 1 0.099 0.431 0.364 0.916 0.674 0.448 19 1.253 30.34 1 0
43596 6 8 4 1 0.099 0.431 0.364 0.916 0.674 0.697 19 1.524 32.693 1 0
43596 7 8 4 1 0.099 0.431 0.364 0.916 0.674 0 9 0.022 9 1 1
43596 8 8 4 1 0.099 0.431 0.364 0.916 0.674 0.498 14 1.375 25.32 1 0
43596 9 8 4 1 0.099 0.431 0.364 0.916 0.674 0.696 21 1.429 34.9 1 0
43596 1 8 4 1 0.094 0.211 0.389 0.968 0.84 0.696 14 1.69 25.86 1 0
43596 2 8 4 1 0.094 0.211 0.389 0.968 0.84 0.448 20 1.344 29.867 1 0
43596 3 8 4 1 0.094 0.211 0.389 0.968 0.84 1.093 17 1.804 28.98 1 0
43596 4 8 4 1 0.094 0.211 0.389 0.968 0.84 0.597 19 1.463 33.54 1 0
43596 5 8 4 1 0.094 0.211 0.389 0.968 0.84 0.497 25 1.206 35.887 1 0
43596 6 8 4 1 0.094 0.211 0.389 0.968 0.84 0.249 19 1.154 28.993 1 0
43596 7 8 4 1 0.094 0.211 0.389 0.968 0.84 0.398 17 1.152 28.153 1 0
43596 8 8 4 1 0.094 0.211 0.389 0.968 0.84 0.05 14 1.096 23.08 1 0
43596 9 8 4 1 0.094 0.211 0.389 0.968 0.84 0.597 23 1.324 33.747 1 0
43596 10 8 4 1 0.094 0.211 0.389 0.968 0.84 0 10 0.016 10 1 0
43596 1 8 4 1 0.038 0.342 0.291 0.931 0.488 0 8 0.03 8 1 1
43596 2 8 4 1 0.038 0.342 0.291 0.931 0.488 0 17 0.575 23.447 1 0
43596 3 8 4 1 0.038 0.342 0.291 0.931 0.488 0.1 18 1.147 28.593 1 0
43596 4 8 4 1 0.038 0.342 0.291 0.931 0.488 0 3 0.011 3 1 1
43596 5 8 4 1 0.038 0.342 0.291 0.931 0.488 0.348 12 1.216 24.087 1 0
43596 6 8 4 1 0.038 0.342 0.291 0.931 0.488 0 11 0.063 11 1 0
43596 7 8 4 1 0.038 0.342 0.291 0.931 0.488 0 12 0.505 16.013 1 0
43596 8 8 4 1 0.038 0.342 0.291 0.931 0.488 0 13 0.306 16.373 1 0
43596 9 8 4 1 0.038 0.342 0.291 0.931 0.488 0.149 18 1.424 27.413 1 0
43596 1 8 4 0 0.019 0.252 0.269 0.828 0.584 0.05 15 0.24 17.287 1 0
43596 2 8 4 0 0.019 0.252 0.269 0.828 0.584 0.546 9 1.283 24.373 1 0.02
43596 3 8 4 0 0.019 0.252 0.269 0.828 0.584 0.746 17 1.56 29.76 1 0
43596 4 8 4 0 0.019 0.252 0.269 0.828 0.584 0 15 0.152 15.767 1 0
43596 5 8 4 0 0.019 0.252 0.269 0.828 0.584 0 9 0.038 9 1 1
43596 6 8 4 0 0.019 0.252 0.269 0.828 0.584 0.448 14 1.224 24.913 1 0
43596 7 8 4 0 0.019 0.252 0.269 0.828 0.584 0.746 19 1.325 28.147 1 0
43596 8 8 4 0 0.019 0.252 0.269 0.828 0.584 0.299 16 1.016 24.607 1 0
43596 9 8 4 0 0.019 0.252 0.269 0.828 0.584 0.299 8 0.745 17.46 1 0.067
43596 10 8 4 0 0.019 0.252 0.269 0.828 0.584 0 15 0.828 24.66 1 0
43596 1 8 4 0 0.097 0.265 0.259 0.869 0.325 1.045 28 2.749 42.793 1 0
43596 2 8 4 0 0.097 0.265 0.259 0.869 0.325 0.05 10 0.424 13.167 1 0
43596 3 8 4 0 0.097 0.265 0.259 0.869 0.325 0 9 0.025 9 1 1
43596 4 8 4 0 0.097 0.265 0.259 0.869 0.325 0 3 0.04 3 1 1
43596 5 8 4 0 0.097 0.265 0.259 0.869 0.325 0 10 0.023 10.367 1 0
43596 6 8 4 0 0.097 0.265 0.259 0.869 0.325 1.393 21 2.825 43.927 0.92 0
43596 7 8 4 0 0.097 0.265 0.259 0.869 0.325 0 8 0.097 8 1 1
43596 8 8 4 0 0.097 0.265 0.259 0.869 0.325 0 4 0.162 6.893 1 0.907
43596 9 8 4 0 0.097 0.265 0.259 0.869 0.325 0 10 0.093 11.527 1 0
43596 1 10 7 1 0.112 0.098 0.308 0.766 0.994 208.932 0 209.919 0 0 1
43596 2 10 7 1 0.112 0.098 0.308 0.766 0.994 108.447 0 110.055 0 0 1
43596 3 10 7 1 0.112 0.098 0.308 0.766 0.994 169.006 0 169.967 0 0 1
43596 4 10 7 1 0.112 0.098 0.308 0.766 0.994 178.727 0 179.999 0 0 1
43596 5 10 7 1 0.112 0.098 0.308 0.766 0.994 189.059 0 190.14 0 0 1
43596 6 10 7 1 0.112 0.098 0.308 0.766 0.994 218.793 0 219.948 0 0 1
43596 7 10 7 1 0.112 0.098 0.308 0.766 0.994 189.109 1 190.233 1 0 1
43596 8 10 7 1 0.112 0.098 0.308 0.766 0.994 168.8 0 171.774 0 0 1
43596 9 10 7 1 0.112 0.098 0.308 0.766 0.994 149.447 0 150.258 0 0 1
43596 10 10 7 1 0.112 0.098 0.308 0.766 0.994 208.99 0 209.907 0 0 1
43596 1 10 7 1 0.12 0.149 0.178 0.9 0.302 0.597 11 1.762 27.72 1 0
43596 2 10 7 1 0.12 0.149 0.178 0.9 0.302 0 1 0.149 2.22 1 0.973
43596 3 10 7 1 0.12 0.149 0.178 0.9 0.302 0 4 0.012 4 1 1
43596 4 10 7 1 0.12 0.149 0.178 0.9 0.302 0 1 0 1 1 1
43596 5 10 7 1 0.12 0.149 0.178 0.9 0.302 0 8 0.06 8 1 1
43596 6 10 7 1 0.12 0.149 0.178 0.9 0.302 0 7 0.042 7 1 1
43596 1 9 9 0 0.049 0.052 0.336 0.794 0.448 229.514 0 233.83 0 0 1
43596 2 9 9 0 0.049 0.052 0.336 0.794 0.448 249.45 0 249.979 0 0 1
43596 3 9 9 0 0.049 0.052 0.336 0.794 0.448 240.255 0 248.811 0 0 1
43596 4 9 9 0 0.049 0.052 0.336 0.794 0.448 209.197 0 210.454 0 0 1
43596 5 9 9 0 0.049 0.052 0.336 0.794 0.448 219.155 0 220.13 0 0 1
43596 6 9 9 0 0.049 0.052 0.336 0.794 0.448 249.37 0 249.978 0 0 1
43596 7 9 9 0 0.049 0.052 0.336 0.794 0.448 249.392 0 249.974 0 0 1
43596 8 9 9 0 0.049 0.052 0.336 0.794 0.448 178.862 0 180.012 0 0 1
43596 9 9 9 0 0.049 0.052 0.336 0.794 0.448 229.473 0 230.246 0 0 1
43596 10 9 9 0 0.049 0.052 0.336 0.794 0.448 209.177 0 210.012 0 0 1
43596 1 9 9 0 0.02 0.262 0.106 0.912 0.015 243.266 1388 246.909 1783.013 0 0
43596 2 9 9 0 0.02 0.262 0.106 0.912 0.015 242.228 1487 246.948 1778.913 0 0
43596 3 9 9 0 0.02 0.262 0.106 0.912 0.015 243.319 1519 247.444 1865.413 0 0
43596 4 9 9 0 0.02 0.262 0.106 0.912 0.015 241.509 1473 247.08 1856.3 0 0
43596 5 9 9 0 0.02 0.262 0.106 0.912 0.015 244.911 1524 248.231 1989.653 0 0
43596 6 9 9 0 0.02 0.262 0.106 0.912 0.015 241.199 1358 247.367 1765.787 0 0
43596 1 8 3 0 0.105 0.174 0.382 0.908 0.175 0 9 0.105 9.08 1 0.953
43596 2 8 3 0 0.105 0.174 0.382 0.908 0.175 0 14 0.247 17.02 1 0
43596 3 8 3 0 0.105 0.174 0.382 0.908 0.175 0 11 0.1 11.093 1 0
43596 4 8 3 0 0.105 0.174 0.382 0.908 0.175 0 9 0.067 9 1 1
43596 5 8 3 0 0.105 0.174 0.382 0.908 0.175 0.1 12 1.226 22.74 1 0
43596 6 8 3 0 0.105 0.174 0.382 0.908 0.175 0 6 1.979 28.293 1 0.113
43596 7 8 3 0 0.105 0.174 0.382 0.908 0.175 0 4 0.076 4 1 1
43596 8 8 3 0 0.105 0.174 0.382 0.908 0.175 0 9 0.088 9 1 1
43596 9 8 3 0 0.105 0.174 0.382 0.908 0.175 0.547 17 1.95 37 1 0
43596 10 8 3 0 0.105 0.174 0.382 0.908 0.175 0 3 0.176 5.24 1 0.973
43596 1 8 3 0 0.025 0.455 0.321 0.865 0.189 0 3 0.048 3 1 1
43596 2 8 3 0 0.025 0.455 0.321 0.865 0.189 0 4 0.036 4 1 1
43596 3 8 3 0 0.025 0.455 0.321 0.865 0.189 0 5 0.027 5 1 1
43596 4 8 3 0 0.025 0.455 0.321 0.865 0.189 0 4 0.243 5.4 1 0.92
43596 5 8 3 0 0.025 0.455 0.321 0.865 0.189 0 2 0.008 2 1 1
43596 6 8 3 0 0.025 0.455 0.321 0.865 0.189 0 5 0 5 1 1
43596 7 8 3 0 0.025 0.455 0.321 0.865 0.189 0 8 0.08 8.08 1 0.973
43596 8 8 3 0 0.025 0.455 0.321 0.865 0.189 0 9 0.072 9 1 1
43596 9 8 3 0 0.025 0.455 0.321 0.865 0.189 0 10 0.009 10.947 1 0
43596 10 8 3 0 0.025 0.455 0.321 0.865 0.189 0 3 0.101 3 1 1
43596 1 10 7 0 0.082 0.414 0.375 0.906 0.161 0 3 0.042 3 1 1
43596 2 10 7 0 0.082 0.414 0.375 0.906 0.161 0 9 0.052 9 1 1
43596 3 10 7 0 0.082 0.414 0.375 0.906 0.161 5.485 42 9.065 88.1 0 0
43596 4 10 7 0 0.082 0.414 0.375 0.906 0.161 3.231 22 17.653 91.527 0.093 0
43596 5 10 7 0 0.082 0.414 0.375 0.906 0.161 2.007 13 8.186 81.1 0.24 0
43596 6 10 7 0 0.082 0.414 0.375 0.906 0.161 0 4 0 4 1 1
43596 7 10 7 0 0.082 0.414 0.375 0.906 0.161 161.461 12 179.051 190.707 0 0
43596 8 10 7 0 0.082 0.414 0.375 0.906 0.161 0 3 0 3 1 1
43596 9 10 7 0 0.082 0.414 0.375 0.906 0.161 16.291 23 42.903 119.007 0 0
43596 10 10 7 0 0.082 0.414 0.375 0.906 0.161 4.22 24 35.783 123.647 0.04 0
43596 1 10 7 0 0.069 0.339 0.204 0.794 0.499 119.805 0 123.37 0.633 0 1
43596 2 10 7 0 0.069 0.339 0.204 0.794 0.499 88.663 0 90.071 0 0 1
43596 3 10 7 0 0.069 0.339 0.204 0.794 0.499 109.06 0 110.769 0 0 1
43596 4 10 7 0 0.069 0.339 0.204 0.794 0.499 188.344 0 189.898 0 0 1
43596 5 10 7 0 0.069 0.339 0.204 0.794 0.499 187.851 0 189.832 0 0 1
43596 6 10 7 0 0.069 0.339 0.204 0.794 0.499 149.659 0 150.258 0.693 0 1
43596 7 10 7 0 0.069 0.339 0.204 0.794 0.499 179.092 0 180.018 0 0 1
43596 8 10 7 0 0.069 0.339 0.204 0.794 0.499 189.062 0 189.938 0 0 1
43596 9 10 7 0 0.069 0.339 0.204 0.794 0.499 96.948 0 100.058 0 0 1
43596 10 10 7 0 0.069 0.339 0.204 0.794 0.499 157.074 0 159.556 0 0 1
43596 1 10 7 0 0.008 0.198 0.053 0.958 0.308 227.203 1 241.422 91.54 0 0.267
43596 2 10 7 0 0.008 0.198 0.053 0.958 0.308 228.031 2 241.435 89.973 0 0.347
43596 3 10 7 0 0.008 0.198 0.053 0.958 0.308 231.184 0 242.377 94.993 0 0.333
43596 4 10 7 0 0.008 0.198 0.053 0.958 0.308 227.664 5 239.318 95.513 0 0.32
43596 5 10 7 0 0.008 0.198 0.053 0.958 0.308 233.54 1 242.657 101.507 0 0.293
43596 6 10 7 0 0.008 0.198 0.053 0.958 0.308 226.947 2 235.774 90.187 0 0.2
43596 7 10 7 0 0.008 0.198 0.053 0.958 0.308 236.055 2 243.567 91.62 0 0.267
43596 8 10 7 0 0.008 0.198 0.053 0.958 0.308 230.342 2 241.028 91.633 0 0.34
43596 9 10 7 0 0.008 0.198 0.053 0.958 0.308 231.597 1 243.162 99.467 0 0.247
43596 10 10 7 0 0.008 0.198 0.053 0.958 0.308 232.675 2 242.586 94.873 0 0.233
43596 1 10 7 0 0.055 0.176 0.154 0.964 0.72 128.581 0 129.911 0 0 1
43596 2 10 7 0 0.055 0.176 0.154 0.964 0.72 149.23 0 149.986 0 0 1
43596 1 9 4 1 0.01 0.497 0.246 0.866 0.123 0 6 0.024 6 1 1
43596 2 9 4 1 0.01 0.497 0.246 0.866 0.123 0 3 0.004 3 1 1
43596 3 9 4 1 0.01 0.497 0.246 0.866 0.123 0.447 14 2.988 26.887 0.88 0
43596 4 9 4 1 0.01 0.497 0.246 0.866 0.123 0 3 0.037 3 1 1
43596 5 9 4 1 0.01 0.497 0.246 0.866 0.123 11.085 18 25.214 62.607 0 0
43596 6 9 4 1 0.01 0.497 0.246 0.866 0.123 0 6 0.063 6.22 1 1
43596 7 9 4 1 0.01 0.497 0.246 0.866 0.123 0 7 0.038 7.347 1 1
43596 8 9 4 1 0.01 0.497 0.246 0.866 0.123 0 3 0.044 3 1 1
43596 9 9 4 1 0.01 0.497 0.246 0.866 0.123 0 5 0.057 5 1 1
43596 10 9 4 1 0.01 0.497 0.246 0.866 0.123 0 5 0.039 5 1 1
43596 1 9 4 1 0.015 0.232 0.444 0.817 0.493 0.547 13 1.276 23.913 1 0
43596 2 9 4 1 0.015 0.232 0.444 0.817 0.493 0.498 14 1.257 27.4 1 0
43596 1 8 5 1 0.098 0.046 0.011 0.903 0.467 0 7 0.059 11.673 1 0.073
43596 2 8 5 1 0.098 0.046 0.011 0.903 0.467 0.1 8 0.906 14.34 1 0.36
43596 3 8 5 1 0.098 0.046 0.011 0.903 0.467 0 9 0.108 9 1 1
43596 4 8 5 1 0.098 0.046 0.011 0.903 0.467 0 10 0.223 13.027 1 0
43596 5 8 5 1 0.098 0.046 0.011 0.903 0.467 0.348 7 0.997 14.48 1 0.167
43596 6 8 5 1 0.098 0.046 0.011 0.903 0.467 0 7 0.08 7 1 1
43596 7 8 5 1 0.098 0.046 0.011 0.903 0.467 0 2 0 2 1 1
43596 8 8 5 1 0.098 0.046 0.011 0.903 0.467 0 7 0.268 10.593 1 0.36
43596 9 8 5 1 0.098 0.046 0.011 0.903 0.467 0 5 0.21 6.36 1 0.9
43596 10 8 5 1 0.098 0.046 0.011 0.903 0.467 0.299 20 1.176 28.073 1 0
43596 1 8 5 1 0.089 0.381 0.186 0.836 0.752 0 13 0.425 16.913 1 0
43596 2 8 5 1 0.089 0.381 0.186 0.836 0.752 0 6 0.031 6 1 1
43596 3 8 5 1 0.089 0.381 0.186 0.836 0.752 0.398 22 1.212 31.467 1 0
43596 4 8 5 1 0.089 0.381 0.186 0.836 0.752 0.448 17 1.543 28.013 1 0
43596 5 8 5 1 0.089 0.381 0.186 0.836 0.752 1 0 5.939 1.173 0.6 1
43596 1 7 6 0 0.111 0.042 0.403 0.831 0.508 139.236 0 139.979 0 0 1
43596 2 7 6 0 0.111 0.042 0.403 0.831 0.508 148.461 3 149.807 3 0 1
43596 3 7 6 0 0.111 0.042 0.403 0.831 0.508 129.237 0 135.005 0 0 1
43596 4 7 6 0 0.111 0.042 0.403 0.831 0.508 118.956 0 119.966 0 0 1
43596 5 7 6 0 0.111 0.042 0.403 0.831 0.508 109.099 1 109.909 1 0 1
43596 6 7 6 0 0.111 0.042 0.403 0.831 0.508 78.553 0 79.95 0 0 1
43596 7 7 6 0 0.111 0.042 0.403 0.831 0.508 159.063 1 159.899 1 0 1
43596 8 7 6 0 0.111 0.042 0.403 0.831 0.508 119.281 0 120.046 0 0 1
43596 9 7 6 0 0.111 0.042 0.403 0.831 0.508 118.899 1 119.988 1 0 1
43596 10 7 6 0 0.111 0.042 0.403 0.831 0.508 159.028 0 159.976 0 0 1
43596 1 7 6 0 0.087 0.282 0.419 0.91 0.52 159.328 4 168.738 10.24 0 0.493
43596 2 7 6 0 0.087 0.282 0.419 0.91 0.52 178.476 0 179.784 0.987 0 1
43596 3 7 6 0 0.087 0.282 0.419 0.91 0.52 99.822 3 101.686 3 0 1
43596 4 7 6 0 0.087 0.282 0.419 0.91 0.52 119.314 0 124.831 0 0 1
43596 5 7 6 0 0.087 0.282 0.419 0.91 0.52 158.707 1 159.843 1.847 0 1
43596 6 7 6 0 0.087 0.282 0.419 0.91 0.52 128.753 3 129.963 3 0 1
43596 7 7 6 0 0.087 0.282 0.419 0.91 0.52 119.116 1 120.054 1 0 1
43596 8 7 6 0 0.087 0.282 0.419 0.91 0.52 149.301 2 150.024 2 0 1
43596 9 7 6 0 0.087 0.282 0.419 0.91 0.52 139.068 1 139.907 1 0 1
43596 10 7 6 0 0.087 0.282 0.419 0.91 0.52 109.044 0 110.451 0 0 1
43596 1 7 6 0 0.066 0.386 0.042 0.848 0.335 0 1 0 1 1 1
43596 2 7 6 0 0.066 0.386 0.042 0.848 0.335 0 0 0 0 1 1
43596 3 7 6 0 0.066 0.386 0.042 0.848 0.335 182.242 2 193.897 41.413 0 0.507
43596 4 7 6 0 0.066 0.386 0.042 0.848 0.335 182.261 0 196.724 39.62 0 0.513
43596 5 7 6 0 0.066 0.386 0.042 0.848 0.335 0 1 0.041 1 1 1
43596 6 7 6 0 0.066 0.386 0.042 0.848 0.335 132.286 5 147.466 31.187 0 0.22
43596 7 7 6 0 0.066 0.386 0.042 0.848 0.335 173.404 3 184.407 35.187 0 0.42
43596 8 7 6 0 0.066 0.386 0.042 0.848 0.335 0 0 0 0 1 1
43596 9 7 6 0 0.066 0.386 0.042 0.848 0.335 179.131 2 190.199 35.18 0 0.487
43596 10 7 6 0 0.066 0.386 0.042 0.848 0.335 0 0 0 0 1 1
43596 1 7 6 0 0.026 0.137 0.239 0.897 0.656 68.95 0 69.918 0 0 1
43596 1 10 10 0 0.104 0.408 0.235 0.893 0.061 240.729 1041 245.718 1511.52 0 0
43596 2 10 10 0 0.104 0.408 0.235 0.893 0.061 238.386 1124 245.602 1534.96 0 0
43596 3 10 10 0 0.104 0.408 0.235 0.893 0.061 237.367 1077 243.118 1514.68 0 0
43596 4 10 10 0 0.104 0.408 0.235 0.893 0.061 240.503 1273 245.017 1531.407 0 0
43596 5 10 10 0 0.104 0.408 0.235 0.893 0.061 237.436 794 243.518 1392.493 0 0
43596 6 10 10 0 0.104 0.408 0.235 0.893 0.061 239.859 1253 245.807 1538.753 0 0
43596 7 10 10 0 0.104 0.408 0.235 0.893 0.061 238.649 1042 244.577 1445.387 0 0
43596 8 10 10 0 0.104 0.408 0.235 0.893 0.061 240.613 1183 245.224 1585.96 0 0
43596 9 10 10 0 0.104 0.408 0.235 0.893 0.061 240.722 1132 246.422 1685.493 0 0
43596 10 10 10 0 0.104 0.408 0.235 0.893 0.061 236.782 1227 244.301 1643 0 0
43596 1 10 10 0 0.021 0.25 0.372 0.848 0.424 249.334 0 249.974 0 0 1
43596 2 10 10 0 0.021 0.25 0.372 0.848 0.424 248.953 0 249.969 0 0 1
43596 3 10 10 0 0.021 0.25 0.372 0.848 0.424 249.264 0 249.984 0 0 1
43596 4 10 10 0 0.021 0.25 0.372 0.848 0.424 249.582 0 249.982 0 0 1
43596 5 10 10 0 0.021 0.25 0.372 0.848 0.424 249.048 0 249.959 0 0 1
43596 6 10 10 0 0.021 0.25 0.372 0.848 0.424 249.524 0 249.987 0 0 1
43596 1 8 5 0 0.029 0.01 0.198 0.871 0.496 68.937 9 70.372 14.54 0 0.12
43596 2 8 5 0 0.029 0.01 0.198 0.871 0.496 68.654 8 70.47 15.62 0 0.013
43596 3 8 5 0 0.029 0.01 0.198 0.871 0.496 48.486 6 51.08 12.313 0 0.18
43596 4 8 5 0 0.029 0.01 0.198 0.871 0.496 87.355 0 89.332 0.04 0 1
43596 5 8 5 0 0.029 0.01 0.198 0.871 0.496 59.763 5 61.672 14.373 0 0.1
43596 6 8 5 0 0.029 0.01 0.198 0.871 0.496 76.5 0 79.581 0.853 0 1
43596 7 8 5 0 0.029 0.01 0.198 0.871 0.496 49.579 4 51.301 8.3 0 0.633
43596 8 8 5 0 0.029 0.01 0.198 0.871 0.496 59.279 10 60.259 15.833 0 0
43596 9 8 5 0 0.029 0.01 0.198 0.871 0.496 88.779 7 90.532 16.567 0 0.027
43596 10 8 5 0 0.029 0.01 0.198 0.871 0.496 78.081 2 79.693 2.993 0 1
43596 1 8 5 0 0.088 0.057 0.358 0.803 0.75 59.725 13 62.512 22.953 0 0
43596 2 8 5 0 0.088 0.057 0.358 0.803 0.75 59.032 9 60.176 13.56 0 0.06
43596 3 8 5 0 0.088 0.057 0.358 0.803 0.75 54.332 9 59.643 17.233 0 0.06
43596 4 8 5 0 0.088 0.057 0.358 0.803 0.75 68.726 0 69.873 0.887 0 1
43596 5 8 5 0 0.088 0.057 0.358 0.803 0.75 38.796 11 40.848 19.467 0 0
43596 6 8 5 0 0.088 0.057 0.358 0.803 0.75 88.124 2 89.555 2.007 0 1
43596 7 8 5 0 0.088 0.057 0.358 0.803 0.75 49.203 5 50.741 15.433 0 0.153
43596 8 8 5 0 0.088 0.057 0.358 0.803 0.75 30.417 18 34.695 25.287 0 0
43596 1 8 6 1 0.035 0.302 0.373 0.851 0.633 138.978 1 139.899 1 0 1
43596 2 8 6 1 0.035 0.302 0.373 0.851 0.633 148.302 0 149.808 0 0 1
43596 3 8 6 1 0.035 0.302 0.373 0.851 0.633 119.132 0 119.99 0.5 0 1
43596 4 8 6 1 0.035 0.302 0.373 0.851 0.633 167.57 0 169.731 0 0 1
43596 5 8 6 1 0.035 0.302 0.373 0.851 0.633 177.593 0 179.65 0 0 1
43596 6 8 6 1 0.035 0.302 0.373 0.851 0.633 128.297 3 129.917 3 0 1
43596 7 8 6 1 0.035 0.302 0.373 0.851 0.633 129.127 0 130.03 0 0 1
43596 8 8 6 1 0.035 0.302 0.373 0.851 0.633 109.19 0 110.093 0 0 1
43596 9 8 6 1 0.035 0.302 0.373 0.851 0.633 128.283 0 129.67 0 0 1
43596 10 8 6 1 0.035 0.302 0.373 0.851 0.633 158.633 0 159.844 0 0 1
43596 1 8 6 1 0.031 0.253 0.135 0.884 0.607 0 10 0.075 10 1 0
43596 2 8 6 1 0.031 0.253 0.135 0.884 0.607 0.398 10 0.942 17.3 1 0
43596 3 8 6 1 0.031 0.253 0.135 0.884 0.607 0 6 0.037 6 1 1
43596 4 8 6 1 0.031 0.253 0.135 0.884 0.607 0 10 0.051 10 1 0
43596 1 8 5 0 0.053 0.35 0.286 0.808 0.32 0.149 10 0.425 13.747 1 0
43596 2 8 5 0 0.053 0.35 0.286 0.808 0.32 0 5 0.003 5 1 1
43596 3 8 5 0 0.053 0.35 0.286 0.808 0.32 0 7 0.085 7 1 1
43596 4 8 5 0 0.053 0.35 0.286 0.808 0.32 0 7 0 7 1 1
43596 5 8 5 0 0.053 0.35 0.286 0.808 0.32 0 15 0.032 15 1 0
43596 6 8 5 0 0.053 0.35 0.286 0.808 0.32 0 7 0.122 8.307 1 0.86
43596 7 8 5 0 0.053 0.35 0.286 0.808 0.32 0 4 0.03 4 1 1
43596 8 8 5 0 0.053 0.35 0.286 0.808 0.32 0 16 1.918 32.353 1 0
43596 9 8 5 0 0.053 0.35 0.286 0.808 0.32 0 11 0.439 14.407 1 0
43596 10 8 5 0 0.053 0.35 0.286 0.808 0.32 0 9 1.23 18.513 0.98 0.32
43596 1 8 5 0 0.05 0.033 0.266 0.905 0.666 59.408 4 60.547 10.08 0 0.44
43596 2 8 5 0 0.05 0.033 0.266 0.905 0.666 78.513 0 79.757 0 0 1
43596 3 8 5 0 0.05 0.033 0.266 0.905 0.666 77.139 6 80.269 13.793 0 0.207
43596 4 8 5 0 0.05 0.033 0.266 0.905 0.666 58.979 4 60.658 11.093 0 0.34
43596 5 8 5 0 0.05 0.033 0.266 0.905 0.666 58.592 9 60.534 12.62 0 0.053
43596 1 9 9 0 0.023 0.286 0.434 0.991 0.367 249.565 0 249.98 0 0 1
43596 2 9 9 0 0.023 0.286 0.434 0.991 0.367 188.586 0 190.131 0 0 1
43596 3 9 9 0 0.023 0.286 0.434 0.991 0.367 229.324 0 233.266 0 0 1
43596 4 9 9 0 0.023 0.286 0.434 0.991 0.367 249.164 0 249.959 0 0 1
43596 5 9 9 0 0.023 0.286 0.434 0.991 0.367 228.94 0 230.243 0 0 1
43596 6 9 9 0 0.023 0.286 0.434 0.991 0.367 209.739 0 223.397 0 0 1
43596 7 9 9 0 0.023 0.286 0.434 0.991 0.367 249.036 1 249.976 1 0 1
43596 8 9 9 0 0.023 0.286 0.434 0.991 0.367 199.708 0 200.392 0 0 1
43596 9 9 9 0 0.023 0.286 0.434 0.991 0.367 209.703 0 210.561 0 0 1
43596 10 9 9 0 0.023 0.286 0.434 0.991 0.367 230 0 241.097 0 0 1
43596 1 9 9 0 0.029 0.128 0.432 0.816 0.163 249.133 0 249.922 0 0 1
43596 2 9 9 0 0.029 0.128 0.432 0.816 0.163 226.448 0 229.993 0 0 1
43596 3 9 9 0 0.029 0.128 0.432 0.816 0.163 208.112 0 210.712 0 0 1
43596 4 9 9 0 0.029 0.128 0.432 0.816 0.163 249.099 0 249.961 0 0 1
43596 5 9 9 0 0.029 0.128 0.432 0.816 0.163 229.828 0 240.696 0 0 1
43596 6 9 9 0 0.029 0.128 0.432 0.816 0.163 228.879 0 230.305 0 0 1
43596 7 9 9 0 0.029 0.128 0.432 0.816 0.163 249.51 0 249.99 0 0 1
43596 1 8 9 1 0.055 0.355 0.204 0.832 0.853 249.043 0 249.97 0 0 1
43596 2 8 9 1 0.055 0.355 0.204 0.832 0.853 209.07 0 210.161 0 0 1
43596 3 8 9 1 0.055 0.355 0.204 0.832 0.853 201.197 0 208.695 0 0 1
43596 4 8 9 1 0.055 0.355 0.204 0.832 0.853 249.231 0 249.972 0 0 1
43596 5 8 9 1 0.055 0.355 0.204 0.832 0.853 211.893 0 222.581 0 0 1
43596 6 8 9 1 0.055 0.355 0.204 0.832 0.853 249.325 0 249.973 0 0 1
43596 7 8 9 1 0.055 0.355 0.204 0.832 0.853 198.362 0 200.142 0 0 1
43596 8 8 9 1 0.055 0.355 0.204 0.832 0.853 234.451 0 246.003 0 0 1
43596 9 8 9 1 0.055 0.355 0.204 0.832 0.853 209.483 0 210.758 0 0 1
43596 10 8 9 1 0.055 0.355 0.204 0.832 0.853 249.157 0 249.962 0 0 1
43596 1 8 9 1 0.044 0.14 0.386 0.827 0.736 249.427 0 249.973 0 0 1
43596 2 8 9 1 0.044 0.14 0.386 0.827 0.736 229.405 0 230.069 0 0 1
43596 3 8 9 1 0.044 0.14 0.386 0.827 0.736 220 0 228.32 0 0 1
43596 4 8 9 1 0.044 0.14 0.386 0.827 0.736 209.447 0 219.843 0 0 1
43596 5 8 9 1 0.044 0.14 0.386 0.827 0.736 249.406 0 249.977 0 0 1
43596 6 8 9 1 0.044 0.14 0.386 0.827 0.736 249.452 0 249.97 0 0 1
43596 1 9 9 1 0.015 0.472 0.464 0.774 0.706 249.509 0 249.976 0 0 1
43596 2 9 9 1 0.015 0.472 0.464 0.774 0.706 209.071 0 210.184 0 0 1
43596 3 9 9 1 0.015 0.472 0.464 0.774 0.706 229.4 0 230.039 0 0 1
43596 4 9 9 1 0.015 0.472 0.464 0.774 0.706 229.198 0 230.272 0 0 1
43596 5 9 9 1 0.015 0.472 0.464 0.774 0.706 249.346 0 249.974 0.32 0 1
43596 6 9 9 1 0.015 0.472 0.464 0.774 0.706 249.48 0 249.974 0 0 1
43596 7 9 9 1 0.015 0.472 0.464 0.774 0.706 249.162 0 249.972 0 0 1
43596 8 9 9 1 0.015 0.472 0.464 0.774 0.706 229.126 0 230.047 0 0 1
43596 9 9 9 1 0.015 0.472 0.464 0.774 0.706 249.076 0 249.969 0 0 1
43596 10 9 9 1 0.015 0.472 0.464 0.774 0.706 249.285 0 249.965 0 0 1
43596 1 9 9 1 0.109 0.262 0.202 0.752 0.405 249.438 0 249.98 0 0 1
43596 2 9 9 1 0.109 0.262 0.202 0.752 0.405 247.039 0 249.795 0 0 1
43596 3 9 9 1 0.109 0.262 0.202 0.752 0.405 248.174 0 249.904 0 0 1
43596 4 9 9 1 0.109 0.262 0.202 0.752 0.405 0 3 0.033 3 1 1
43596 5 9 9 1 0.109 0.262 0.202 0.752 0.405 249.098 0 249.975 0 0 1
43596 6 9 9 1 0.109 0.262 0.202 0.752 0.405 249.254 1 249.971 1 0 1
43596 7 9 9 1 0.109 0.262 0.202 0.752 0.405 0 9 0.107 9 1 1
43596 1 9 7 0 0.057 0.205 0.39 0.819 0.224 207.261 0 210.132 1.413 0 0.967
43596 2 9 7 0 0.057 0.205 0.39 0.819 0.224 224.96 0 228.734 0.747 0 0.98
43596 3 9 7 0 0.057 0.205 0.39 0.819 0.224 204.38 0 209.266 0 0 1
43596 4 9 7 0 0.057 0.205 0.39 0.819 0.224 216.26 0 219.219 0.313 0 0.987
43596 5 9 7 0 0.057 0.205 0.39 0.819 0.224 205.809 0 208.797 0 0 1
43596 6 9 7 0 0.057 0.205 0.39 0.819 0.224 198.044 0 208.891 0.06 0 1
43596 7 9 7 0 0.057 0.205 0.39 0.819 0.224 206.836 0 209.433 0 0 1
43596 8 9 7 0 0.057 0.205 0.39 0.819 0.224 222.608 0 228.204 0 0 1
43596 9 9 7 0 0.057 0.205 0.39 0.819 0.224 246.314 0 249.749 0 0 1
43596 10 9 7 0 0.057 0.205 0.39 0.819 0.224 206.722 0 209.605 0.16 0 0.993
43596 1 9 7 0 0.061 0.087 0.128 0.912 0.364 188.625 0 190.027 0 0 1
43596 2 9 7 0 0.061 0.087 0.128 0.912 0.364 189.281 0 190.491 0 0 1
43596 1 9 6 1 0.087 0.387 0.442 0.821 0.226 0.149 9 1.021 17.333 1 0.313
43596 2 9 6 1 0.087 0.387 0.442 0.821 0.226 0.647 26 2.539 44.32 0.947 0
43596 3 9 6 1 0.087 0.387 0.442 0.821 0.226 0.498 12 2.203 31.8 0.8 0
43596 4 9 6 1 0.087 0.387 0.442 0.821 0.226 0 9 0.026 9 1 1
43596 5 9 6 1 0.087 0.387 0.442 0.821 0.226 0 6 0.093 8.607 1 0.727
43596 6 9 6 1 0.087 0.387 0.442 0.821 0.226 1.141 33 2.6 48.093 1 0
43596 7 9 6 1 0.087 0.387 0.442 0.821 0.226 0 7 0.084 7 1 1
43596 8 9 6 1 0.087 0.387 0.442 0.821 0.226 0 20 0.58 23.18 1 0
43596 9 9 6 1 0.087 0.387 0.442 0.821 0.226 0 10 0.387 14.587 1 0
43596 10 9 6 1 0.087 0.387 0.442 0.821 0.226 0.447 14 1.76 26.613 1 0
43596 1 9 6 1 0.061 0.223 0.128 0.831 0.039 242.915 1260 246.718 1675.407 0 0
43596 2 9 6 1 0.061 0.223 0.128 0.831 0.039 241.069 1272 245.786 1601.453 0 0
43596 3 9 6 1 0.061 0.223 0.128 0.831 0.039 239.647 1160 245.332 1451.727 0 0
43596 1 9 3 0 0.063 0.06 0.305 0.875 0.919 0.447 21 1.359 30.18 1 0
43596 2 9 3 0 0.063 0.06 0.305 0.875 0.919 0.796 25 1.772 35.747 1 0
43596 3 9 3 0 0.063 0.06 0.305 0.875 0.919 0.547 21 1.493 32.38 1 0
43596 4 9 3 0 0.063 0.06 0.305 0.875 0.919 0 11 0.579 19.893 1 0
43596 5 9 3 0 0.063 0.06 0.305 0.875 0.919 0.398 19 1.255 29.62 1 0
43596 6 9 3 0 0.063 0.06 0.305 0.875 0.919 0.696 15 1.456 31.187 1 0
43596 7 9 3 0 0.063 0.06 0.305 0.875 0.919 0.498 13 1.247 25.087 1 0
43596 8 9 3 0 0.063 0.06 0.305 0.875 0.919 0.597 18 1.59 31.353 1 0
43596 9 9 3 0 0.063 0.06 0.305 0.875 0.919 0.647 21 1.75 34.727 1 0
43596 10 9 3 0 0.063 0.06 0.305 0.875 0.919 0.745 20 1.938 34.087 1 0
43596 1 9 3 0 0.051 0.034 0.084 0.793 0.292 0.547 22 1.279 32.74 1 0
43596 2 9 3 0 0.051 0.034 0.084 0.793 0.292 0.348 19 2.279 41.327 1 0
43596 3 9 3 0 0.051 0.034 0.084 0.793 0.292 0.498 19 1.275 32.247 1 0
43596 4 9 3 0 0.051 0.034 0.084 0.793 0.292 0.149 13 0.89 20.073 1 0
43596 1 10 3 0 0.084 0.33 0.122 0.796 0.733 0 8 0.089 8 1 1
43596 2 10 3 0 0.084 0.33 0.122 0.796 0.733 0.447 14 1.588 24.653 1 0
43596 3 10 3 0 0.084 0.33 0.122 0.796 0.733 0 6 0.047 6 1 1
43596 4 10 3 0 0.084 0.33 0.122 0.796 0.733 0.05 8 0.569 14.593 1 0.147
43596 5 10 3 0 0.084 0.33 0.122 0.796 0.733 0.1 5 0.275 6.48 1 0.907
43596 6 10 3 0 0.084 0.33 0.122 0.796 0.733 0 12 0.16 14.4 1 0
43596 7 10 3 0 0.084 0.33 0.122 0.796 0.733 0 10 0.15 10.187 1 0
43596 8 10 3 0 0.084 0.33 0.122 0.796 0.733 0 5 0 5 1 1
43596 9 10 3 0 0.084 0.33 0.122 0.796 0.733 0 12 0.098 12 1 0
43596 10 10 3 0 0.084 0.33 0.122 0.796 0.733 0 0 0 0 1 1
43596 1 10 3 0 0.042 0.061 0.335 0.988 0.019 6.817 23 16.634 67.153 0 0
43596 2 10 3 0 0.042 0.061 0.335 0.988 0.019 166.425 509 176.359 721.127 0 0
43596 3 10 3 0 0.042 0.061 0.335 0.988 0.019 0 4 0.375 8.653 1 0.627
43596 4 10 3 0 0.042 0.061 0.335 0.988 0.019 0 4 0 4 1 1
43596 5 10 3 0 0.042 0.061 0.335 0.988 0.019 0 6 0.036 6 1 1
43596 6 10 3 0 0.042 0.061 0.335 0.988 0.019 120.227 266 138.583 519.54 0 0
43596 7 10 3 0 0.042 0.061 0.335 0.988 0.019 0 6 0.029 6 1 1
43596 8 10 3 0 0.042 0.061 0.335 0.988 0.019 1.243 30 77.147 541.293 0.1 0
43596 9 10 3 0 0.042 0.061 0.335 0.988 0.019 1.738 60 30.55 185.847 0.073 0
43596 10 10 3 0 0.042 0.061 0.335 0.988 0.019 0 8 0 8 1 1
43596 1 10 3 0 0.022 0.438 0.16 0.782 0.399 0 2 0.032 2 1 1
43596 2 10 3 0 0.022 0.438 0.16 0.782 0.399 0 6 0.009 6 1 1
43596 1 9 5 1 0.087 0.438 0.369 0.805 0.164 0.05 11 9.064 60.22 0.273 0
43596 2 9 5 1 0.087 0.438 0.369 0.805 0.164 0 8 0.035 8 1 1
43596 3 9 5 1 0.087 0.438 0.369 0.805 0.164 0 5 0.091 6.707 1 0.987
43596 4 9 5 1 0.087 0.438 0.369 0.805 0.164 0 3 0.005 3 1 1
43596 5 9 5 1 0.087 0.438 0.369 0.805 0.164 0 2 0.013 2 1 1
43596 6 9 5 1 0.087 0.438 0.369 0.805 0.164 0.1 4 0.12 4 1 1
43596 7 9 5 1 0.087 0.438 0.369 0.805 0.164 0.498 14 24.843 179.233 0.313 0
43596 8 9 5 1 0.087 0.438 0.369 0.805 0.164 0 7 0.014 7.06 1 1
43596 9 9 5 1 0.087 0.438 0.369 0.805 0.164 0 5 0.012 5.713 1 1
43596 10 9 5 1 0.087 0.438 0.369 0.805 0.164 0 9 0.076 9 1 1
43596 1 9 5 1 0.1 0.117 0.13 0.761 0.229 0 4 0.78 9.847 1 0.513
43596 2 9 5 1 0.1 0.117 0.13 0.761 0.229 0 4 0 4 1 1
43596 3 9 5 1 0.1 0.117 0.13 0.761 0.229 0 4 0.042 4 1 1
43596 1 10 8 0 0.112 0.034 0.236 0.788 0.486 199.596 0 203.197 0 0 1
43596 2 10 8 0 0.112 0.034 0.236 0.788 0.486 178.767 0 180.027 0 0 1
43596 3 10 8 0 0.112 0.034 0.236 0.788 0.486 229.291 0 230.531 0 0 1
43596 4 10 8 0 0.112 0.034 0.236 0.788 0.486 208.466 0 210.321 0 0 1
43596 5 10 8 0 0.112 0.034 0.236 0.788 0.486 179.257 0 180.044 0 0 1
43596 6 10 8 0 0.112 0.034 0.236 0.788 0.486 208.683 0 209.967 0 0 1
43596 7 10 8 0 0.112 0.034 0.236 0.788 0.486 188.688 0 189.987 0 0 1
43596 8 10 8 0 0.112 0.034 0.236 0.788 0.486 249.172 0 249.925 0 0 1
43596 9 10 8 0 0.112 0.034 0.236 0.788 0.486 208.726 0 210.156 0 0 1
43596 10 10 8 0 0.112 0.034 0.236 0.788 0.486 198.763 0 199.973 0 0 1
43596 1 10 8 0 0.051 0.042 0.433 0.907 0.236 199.403 0 200.233 0 0 1
43596 2 10 8 0 0.051 0.042 0.433 0.907 0.236 209.488 0 210.561 0 0 1
43596 1 9 3 1 0.062 0.006 0.177 0.893 0.581 0.696 19 1.68 28.36 1 0
43596 2 9 3 1 0.062 0.006 0.177 0.893 0.581 0.597 16 1.334 30.34 1 0
43596 3 9 3 1 0.062 0.006 0.177 0.893 0.581 0.199 21 1.546 33.973 1 0
43596 4 9 3 1 0.062 0.006 0.177 0.893 0.581 0.299 18 1.761 32.92 1 0
43596 5 9 3 1 0.062 0.006 0.177 0.893 0.581 0.795 23 1.26 35.973 1 0
43596 6 9 3 1 0.062 0.006 0.177 0.893 0.581 0.745 11 1.974 31.947 1 0
43596 7 9 3 1 0.062 0.006 0.177 0.893 0.581 0.945 24 1.936 36.013 1 0
43596 8 9 3 1 0.062 0.006 0.177 0.893 0.581 0.846 17 1.674 32.247 1 0
43596 9 9 3 1 0.062 0.006 0.177 0.893 0.581 1.193 15 1.948 29.767 1 0
43596 10 9 3 1 0.062 0.006 0.177 0.893 0.581 0.546 21 1.221 32.813 1 0
43596 1 9 3 1 0.082 0.028 0.13 0.922 0.916 0.896 31 1.735 43.98 1 0
43596 2 9 3 1 0.082 0.028 0.13 0.922 0.916 0.896 20 1.607 33.253 1 0
43596 3 9 3 1 0.082 0.028 0.13 0.922 0.916 0 14 0.87 19.767 1 0
43596 1 8 3 1 0.045 0.145 0.042 0.875 0.104 234.662 859 241.233 1150.553 0 0
43596 2 8 3 1 0.045 0.145 0.042 0.875 0.104 237.796 953 244.751 1220.987 0 0
43596 3 8 3 1 0.045 0.145 0.042 0.875 0.104 238.913 911 243.669 1276.247 0 0
43596 4 8 3 1 0.045 0.145 0.042 0.875 0.104 238.591 949 243.575 1372.353 0 0
43596 5 8 3 1 0.045 0.145 0.042 0.875 0.104 234.783 1007 239.965 1252.28 0 0
43596 6 8 3 1 0.045 0.145 0.042 0.875 0.104 219.576 847 233.489 1053.593 0 0
43596 7 8 3 1 0.045 0.145 0.042 0.875 0.104 226.534 875 234.598 1094.127 0 0
43596 8 8 3 1 0.045 0.145 0.042 0.875 0.104 236.449 976 242.874 1268.94 0 0
43596 9 8 3 1 0.045 0.145 0.042 0.875 0.104 238.148 987 244.625 1246.133 0 0
43596 10 8 3 1 0.045 0.145 0.042 0.875 0.104 238.837 942 243.497 1216.893 0 0
43596 1 8 3 1 0.114 0.02 0.099 0.962 0.131 0.498 24 1.296 35.713 1 0
43596 2 8 3 1 0.114 0.02 0.099 0.962 0.131 0 14 0.211 18.327 1 0
43596 1 9 8 1 0.101 0.353 0.45 0.912 0.987 189.028 0 190 0 0 1
43596 2 9 8 1 0.101 0.353 0.45 0.912 0.987 228.881 0 230.035 0 0 1
43596 3 9 8 1 0.101 0.353 0.45 0.912 0.987 200.076 1 205.497 1 0 1
43596 4 9 8 1 0.101 0.353 0.45 0.912 0.987 167.721 0 170.264 0 0 1
43596 5 9 8 1 0.101 0.353 0.45 0.912 0.987 209.386 0 210.724 0 0 1
43596 6 9 8 1 0.101 0.353 0.45 0.912 0.987 208.685 0 209.959 0 0 1
43596 7 9 8 1 0.101 0.353 0.45 0.912 0.987 229.469 0 230.03 0 0 1
43596 8 9 8 1 0.101 0.353 0.45 0.912 0.987 202.941 0 208.775 0 0 1
43596 9 9 8 1 0.101 0.353 0.45 0.912 0.987 209.146 0 210.142 0 0 1
43596 10 9 8 1 0.101 0.353 0.45 0.912 0.987 178.863 0 179.994 0 0 1
43596 1 9 8 1 0.004 0.076 0.319 0.937 0.061 1.293 25 3.294 46.047 0.787 0
43596 2 9 8 1 0.004 0.076 0.319 0.937 0.061 0 9 0.147 10.633 1 0.013
43596 3 9 8 1 0.004 0.076 0.319 0.937 0.061 0 3 0.042 3 1 1
43596 4 9 8 1 0.004 0.076 0.319 0.937 0.061 0 7 0.057 7 1 1
43596 5 9 8 1 0.004 0.076 0.319 0.937 0.061 2.232 26 5.065 60.067 0.54 0
43596 6 9 8 1 0.004 0.076 0.319 0.937 0.061 0 9 0.065 9 1 1
43596 7 9 8 1 0.004 0.076 0.319 0.937 0.061 0 5 0.152 5 1 1
43596 8 9 8 1 0.004 0.076 0.319 0.937 0.061 1.187 18 3.951 53.447 0.76 0
43596 9 9 8 1 0.004 0.076 0.319 0.937 0.061 0 9 0.492 13.013 1 0.147
43596 10 9 8 1 0.004 0.076 0.319 0.937 0.061 0 13 0.007 13 1 0
43596 1 9 8 1 0.106 0.243 0.162 0.969 0.288 0 3 0 3 1 1
43596 2 9 8 1 0.106 0.243 0.162 0.969 0.288 0 0 0 0 1 1
43596 3 9 8 1 0.106 0.243 0.162 0.969 0.288 0 6 0 6 1 1
43596 4 9 8 1 0.106 0.243 0.162 0.969 0.288 0 4 0 4 1 1
43596 5 9 8 1 0.106 0.243 0.162 0.969 0.288 0 5 0.019 5 1 1
43596 6 9 8 1 0.106 0.243 0.162 0.969 0.288 0 1 0 1 1 1
43596 7 9 8 1 0.106 0.243 0.162 0.969 0.288 0 1 0.018 1 1 1
43596 1 8 5 1 0.001 0.207 0.44 0.884 0.383 1.045 19 1.875 31.727 1 0
43596 2 8 5 1 0.001 0.207 0.44 0.884 0.383 0.796 17 1.622 30.727 1 0
43596 3 8 5 1 0.001 0.207 0.44 0.884 0.383 0.05 20 0.897 24.287 1 0
43596 4 8 5 1 0.001 0.207 0.44 0.884 0.383 0.696 14 1.328 28.36 1 0
43596 5 8 5 1 0.001 0.207 0.44 0.884 0.383 0 9 0.566 15.133 1 0.313
43596 6 8 5 1 0.001 0.207 0.44 0.884 0.383 0.348 16 1.274 24.24 1 0
43596 7 8 5 1 0.001 0.207 0.44 0.884 0.383 0.597 22 1.135 32.087 1 0
43596 8 8 5 1 0.001 0.207 0.44 0.884 0.383 0.745 9 1.483 22.8 1 0.013
43596 1 9 4 0 0.115 0.426 0.071 0.952 0.341 0 1 0 1 1 1
43596 2 9 4 0 0.115 0.426 0.071 0.952 0.341 0 0 0 0 1 1
43596 3 9 4 0 0.115 0.426 0.071 0.952 0.341 0 2 0.079 2 1 1
43596 4 9 4 0 0.115 0.426 0.071 0.952 0.341 0 0 0 0 1 1
43596 5 9 4 0 0.115 0.426 0.071 0.952 0.341 0 1 0 1 1 1
43596 6 9 4 0 0.115 0.426 0.071 0.952 0.341 0 1 0 1 1 1
43596 7 9 4 0 0.115 0.426 0.071 0.952 0.341 0 3 0 3 1 1
43596 8 9 4 0 0.115 0.426 0.071 0.952 0.341 0 0 0 0 1 1
43596 9 9 4 0 0.115 0.426 0.071 0.952 0.341 0 0 0 0 1 1
43596 10 9 4 0 0.115 0.426 0.071 0.952 0.341 0 2 0 2 1 1
43596 1 9 4 0 0.063 0.349 0.297 0.942 0.746 0.796 15 1.751 27.033 1 0
43596 2 9 4 0 0.063 0.349 0.297 0.942 0.746 0.447 18 1.128 30.753 1 0
43596 3 9 4 0 0.063 0.349 0.297 0.942 0.746 0.931 17 2.91 31.54 1 0
43596 4 9 4 0 0.063 0.349 0.297 0.942 0.746 0.597 14 1.269 24.753 1 0
43596 1 9 8 0 0.108 0.056 0.114 0.957 0.911 198.721 0 199.951 0 0 1
43596 2 9 8 0 0.108 0.056 0.114 0.957 0.911 208.621 0 210.013 0 0 1
43596 3 9 8 0 0.108 0.056 0.114 0.957 0.911 209.097 1 209.966 1 0 1
43596 4 9 8 0 0.108 0.056 0.114 0.957 0.911 178.273 0 179.862 0 0 1
43596 5 9 8 0 0.108 0.056 0.114 0.957 0.911 209.149 0 210.033 0 0 1
43596 6 9 8 0 0.108 0.056 0.114 0.957 0.911 209.294 0 210.04 0 0 1
43596 7 9 8 0 0.108 0.056 0.114 0.957 0.911 249.082 0 249.954 0 0 1
43596 8 9 8 0 0.108 0.056 0.114 0.957 0.911 199.35 0 205.449 0 0 1
43596 9 9 8 0 0.108 0.056 0.114 0.957 0.911 199.395 0 200.602 0 0 1
43596 10 9 8 0 0.108 0.056 0.114 0.957 0.911 198.708 0 199.966 0 0 1
43596 1 9 8 0 0.118 0.379 0.045 0.859 0.595 169 0 169.96 0 0 1
43596 1 9 4 1 0.016 0.388 0.009 0.809 0.607 0 0 0 0 1 1
43596 2 9 4 1 0.016 0.388 0.009 0.809 0.607 0 1 0 1 1 1
43596 3 9 4 1 0.016 0.388 0.009 0.809 0.607 0 3 0 3 1 1
43596 4 9 4 1 0.016 0.388 0.009 0.809 0.607 0 1 0 1 1 1
43596 5 9 4 1 0.016 0.388 0.009 0.809 0.607 0 1 0.004 1 1 1
43596 6 9 4 1 0.016 0.388 0.009 0.809 0.607 0 1 0.027 1 1 1
43596 7 9 4 1 0.016 0.388 0.009 0.809 0.607 0 2 0 2 1 1
43596 8 9 4 1 0.016 0.388 0.009 0.809 0.607 0 1 0 1 1 1
43596 9 9 4 1 0.016 0.388 0.009 0.809 0.607 0 1 0 1 1 1
43596 10 9 4 1 0.016 0.388 0.009 0.809 0.607 0 0 0 0 1 1
43596 1 9 4 1 0.053 0.142 0.131 0.918 0.92 0.647 14 1.56 28.18 1 0
43596 2 9 4 1 0.053 0.142 0.131 0.918 0.92 0.497 14 1.426 28.733 1 0
43596 3 9 4 1 0.053 0.142 0.131 0.918 0.92 0.547 19 1.497 31.247 1 0
43596 4 9 4 1 0.053 0.142 0.131 0.918 0.92 0.796 18 1.81 29.687 1 0
43596 1 7 9 1 0.08 0.236 0.051 0.949 0.67 0 2 0.055 2 1 1
43596 2 7 9 1 0.08 0.236 0.051 0.949 0.67 0 4 0.023 4 1 1
43596 3 7 9 1 0.08 0.236 0.051 0.949 0.67 229.782 0 230.868 0 0 1
43596 4 7 9 1 0.08 0.236 0.051 0.949 0.67 249.326 0 249.963 0 0 1
43596 5 7 9 1 0.08 0.236 0.051 0.949 0.67 249.013 0 249.964 0 0 1
43596 6 7 9 1 0.08 0.236 0.051 0.949 0.67 209.477 0 211.149 0 0 1
43596 7 7 9 1 0.08 0.236 0.051 0.949 0.67 249.513 0 249.98 0 0 1
43596 8 7 9 1 0.08 0.236 0.051 0.949 0.67 249.21 0 249.966 0 0 1
43596 9 7 9 1 0.08 0.236 0.051 0.949 0.67 249.337 0 249.969 0 0 1
43596 10 7 9 1 0.08 0.236 0.051 0.949 0.67 0 2 0.019 2 1 1
43596 1 7 9 1 0.007 0.294 0.469 0.954 0.5 228.546 0 230.382 0 0 1
43596 2 7 9 1 0.007 0.294 0.469 0.954 0.5 209.275 0 210.29 0 0 1
43596 3 7 9 1 0.007 0.294 0.469 0.954 0.5 203.71 0 209.35 0 0 1
43596 4 7 9 1 0.007 0.294 0.469 0.954 0.5 212.524 0 225.051 0 0 1
43596 5 7 9 1 0.007 0.294 0.469 0.954 0.5 199.301 0 200.134 0 0 1
43596 6 7 9 1 0.007 0.294 0.469 0.954 0.5 209.114 0 210.109 0 0 1
43596 7 7 9 1 0.007 0.294 0.469 0.954 0.5 209.688 0 210.529 0 0 1
43596 8 7 9 1 0.007 0.294 0.469 0.954 0.5 189.348 0 190.094 0 0 1
43596 9 7 9 1 0.007 0.294 0.469 0.954 0.5 229.441 0 232.711 0 0 1
43596 10 7 9 1 0.007 0.294 0.469 0.954 0.5 199.378 0 200.455 0 0 1
43596 1 7 9 1 0.02 0.275 0.403 0.836 0.121 0 6 1.531 24.96 0.92 0.307
43596 2 7 9 1 0.02 0.275 0.403 0.836 0.121 0 7 0.246 10.94 1 0.02
43596 3 7 9 1 0.02 0.275 0.403 0.836 0.121 0 5 0 5 1 1
43596 4 7 9 1 0.02 0.275 0.403 0.836 0.121 0 6 0.183 6 1 1
43596 5 7 9 1 0.02 0.275 0.403 0.836 0.121 0 4 0.161 5.173 1 0.927
43596 6 7 9 1 0.02 0.275 0.403 0.836 0.121 0 4 0.033 4 1 1
43596 7 7 9 1 0.02 0.275 0.403 0.836 0.121 0 4 0.013 4 1 1
43596 1 8 8 1 0.045 0.45 0.318 0.866 0.68 188.625 0 189.988 0 0 1
43596 2 8 8 1 0.045 0.45 0.318 0.866 0.68 179 0 180.095 0 0 1
43596 3 8 8 1 0.045 0.45 0.318 0.866 0.68 167.805 0 170.124 0 0 1
43596 4 8 8 1 0.045 0.45 0.318 0.866 0.68 227.528 1 229.98 1 0 1
43596 5 8 8 1 0.045 0.45 0.318 0.866 0.68 219.318 0 226.302 0 0 1
43596 6 8 8 1 0.045 0.45 0.318 0.866 0.68 208.585 0 210.015 0 0 1
43596 7 8 8 1 0.045 0.45 0.318 0.866 0.68 207.724 0 210.371 0 0 1
43596 8 8 8 1 0.045 0.45 0.318 0.866 0.68 159.08 0 160.167 0 0 1
43596 9 8 8 1 0.045 0.45 0.318 0.866 0.68 208.96 0 210.106 0 0 1
43596 10 8 8 1 0.045 0.45 0.318 0.866 0.68 208.374 0 209.893 0 0 1
43596 1 8 8 1 0.116 0.425 0.443 0.819 0.938 179.338 0 180.174 0 0 1
43596 2 8 8 1 0.116 0.425 0.443 0.819 0.938 229.246 0 230.18 0 0 1
43596 1 9 10 1 0.02 0.225 0.286 0.762 0.901 249.339 0 249.974 0 0 1
43596 2 9 10 1 0.02 0.225 0.286 0.762 0.901 249.369 0 249.986 0 0 1
43596 3 9 10 1 0.02 0.225 0.286 0.762 0.901 249.479 0 249.991 0 0 1
43596 4 9 10 1 0.02 0.225 0.286 0.762 0.901 249.42 0 249.982 0 0 1
43596 5 9 10 1 0.02 0.225 0.286 0.762 0.901 249.582 0 249.983 0 0 1
43596 6 9 10 1 0.02 0.225 0.286 0.762 0.901 249.567 0 249.988 0 0 1
43596 7 9 10 1 0.02 0.225 0.286 0.762 0.901 249.48 0 249.971 0 0 1
43596 8 9 10 1 0.02 0.225 0.286 0.762 0.901 249.386 0 249.978 0 0 1
43596 9 9 10 1 0.02 0.225 0.286 0.762 0.901 249.819 0 249.994 0 0 1
43596 10 9 10 1 0.02 0.225 0.286 0.762 0.901 249.536 0 249.995 0 0 1
43596 1 7 5 1 0.075 0.338 0.472 0.752 0.248 0.448 18 1.477 28.573 1 0
43596 2 7 5 1 0.075 0.338 0.472 0.752 0.248 0.547 19 1.719 31.813 1 0
43596 3 7 5 1 0.075 0.338 0.472 0.752 0.248 0 9 0.081 9 1 1
43596 4 7 5 1 0.075 0.338 0.472 0.752 0.248 0.845 28 1.868 41.1 1 0
43596 5 7 5 1 0.075 0.338 0.472 0.752 0.248 0 10 0.147 11.873 1 0
43596 6 7 5 1 0.075 0.338 0.472 0.752 0.248 0 8 0.142 8 1 1
43596 7 7 5 1 0.075 0.338 0.472 0.752 0.248 0 12 0.183 12.547 1 0
43596 8 7 5 1 0.075 0.338 0.472 0.752 0.248 0 14 0.101 14 1 0
43596 9 7 5 1 0.075 0.338 0.472 0.752 0.248 0.995 18 1.88 29.553 1 0
43596 10 7 5 1 0.075 0.338 0.472 0.752 0.248 0 5 0.684 10.873 1 0.553
43596 1 7 5 1 0.056 0.146 0.248 0.96 0.617 0.945 19 1.531 30.3 1 0
43596 2 7 5 1 0.056 0.146 0.248 0.96 0.617 0.795 18 1.737 32.04 1 0
43596 3 7 5 1 0.056 0.146 0.248 0.96 0.617 0.597 14 1.184 25.847 1 0
43596 4 7 5 1 0.056 0.146 0.248 0.96 0.617 0.348 12 1.145 23.187 1 0
43596 1 7 8 0 0.011 0.019 0.281 0.825 0.682 248.894 0 249.945 0 0 1
43596 2 7 8 0 0.011 0.019 0.281 0.825 0.682 189.184 0 190.046 0 0 1
43596 3 7 8 0 0.011 0.019 0.281 0.825 0.682 189.026 0 190.069 0 0 1
43596 4 7 8 0 0.011 0.019 0.281 0.825 0.682 199.014 0 200.088 0 0 1
43596 5 7 8 0 0.011 0.019 0.281 0.825 0.682 178.52 0 180.077 0 0 1
43596 6 7 8 0 0.011 0.019 0.281 0.825 0.682 199.439 0 200.285 0.413 0 1
43596 7 7 8 0 0.011 0.019 0.281 0.825 0.682 189.37 0 190.412 0 0 1
43596 8 7 8 0 0.011 0.019 0.281 0.825 0.682 209.355 0 210.449 0 0 1
43596 9 7 8 0 0.011 0.019 0.281 0.825 0.682 189.371 0 190.056 0 0 1
43596 10 7 8 0 0.011 0.019 0.281 0.825 0.682 199.436 0 200.211 0 0 1
43596 1 7 8 0 0.103 0.168 0.123 0.879 0.966 159.018 0 159.972 0 0 1
43596 2 7 8 0 0.103 0.168 0.123 0.879 0.966 199.365 0 200.077 0 0 1
43596 3 7 8 0 0.103 0.168 0.123 0.879 0.966 169.405 0 170.116 0 0 1
43596 4 7 8 0 0.103 0.168 0.123 0.879 0.966 181.034 0 188.507 0 0 1
43596 1 9 5 0 0.089 0.186 0.026 0.834 0.649 0 6 0.058 6 1 1
43596 2 9 5 0 0.089 0.186 0.026 0.834 0.649 0 6 0.002 6 1 1
43596 3 9 5 0 0.089 0.186 0.026 0.834 0.649 0 3 0.029 3 1 1
43596 4 9 5 0 0.089 0.186 0.026 0.834 0.649 0 3 0 3 1 1
43596 5 9 5 0 0.089 0.186 0.026 0.834 0.649 0 4 0.069 4 1 1
43596 6 9 5 0 0.089 0.186 0.026 0.834 0.649 0 1 0 1 1 1
43596 7 9 5 0 0.089 0.186 0.026 0.834 0.649 0 4 0.03 4 1 1
43596 8 9 5 0 0.089 0.186 0.026 0.834 0.649 0 5 0.124 5.293 1 1
43596 9 9 5 0 0.089 0.186 0.026 0.834 0.649 0 1 0 1 1 1
43596 10 9 5 0 0.089 0.186 0.026 0.834 0.649 0 1 0 1 1 1
43596 1 9 5 0 0.038 0.08 0.198 0.908 0.827 49.001 6 50.894 14.627 0 0.233
43596 1 8 4 0 0.106 0.147 0.415 0.766 0.353 0.348 9 1.21 21.913 1 0.007
43596 2 8 4 0 0.106 0.147 0.415 0.766 0.353 0.597 17 1.311 28.453 1 0
43596 3 8 4 0 0.106 0.147 0.415 0.766 0.353 0.398 14 1.418 25.773 1 0
43596 4 8 4 0 0.106 0.147 0.415 0.766 0.353 0.746 22 1.458 31.5 1 0
43596 5 8 4 0 0.106 0.147 0.415 0.766 0.353 0.796 12 1.735 28.153 1 0
43596 6 8 4 0 0.106 0.147 0.415 0.766 0.353 0.149 17 0.96 28.32 1 0
43596 7 8 4 0 0.106 0.147 0.415 0.766 0.353 0.796 11 1.23 21.607 1 0
43596 8 8 4 0 0.106 0.147 0.415 0.766 0.353 0.498 11 1.543 25.187 1 0
43596 9 8 4 0 0.106 0.147 0.415 0.766 0.353 0.547 16 1.894 32.933 1 0
43596 10 8 4 0 0.106 0.147 0.415 0.766 0.353 0.646 18 1.401 31.333 1 0
43596 1 8 4 0 0.073 0.047 0.024 0.99 0.83 0.149 22 0.992 31.2 1 0
43596 2 8 4 0 0.073 0.047 0.024 0.99 0.83 0.498 22 1.418 32.24 1 0
43596 3 8 4 0 0.073 0.047 0.024 0.99 0.83 0.547 20 1.385 30.333 1 0
43596 4 8 4 0 0.073 0.047 0.024 0.99 0.83 0 10 0.238 11.847 1 0
43596 5 8 4 0 0.073 0.047 0.024 0.99 0.83 0.547 17 1.509 30.147 1 0
43596 6 8 4 0 0.073 0.047 0.024 0.99 0.83 0.448 12 1.401 26.607 1 0
43596 7 8 4 0 0.073 0.047 0.024 0.99 0.83 0.796 20 1.747 34.887 1 0
43596 8 8 4 0 0.073 0.047 0.024 0.99 0.83 0.05 13 1.044 22.787 1 0
43596 9 8 4 0 0.073 0.047 0.024 0.99 0.83 0 7 0.018 7 1 1
43596 10 8 4 0 0.073 0.047 0.024 0.99 0.83 0.398 14 1.209 28.347 1 0
43596 1 8 4 0 0.025 0.401 0.359 0.828 0.658 0.647 21 1.678 32.633 1 0
43596 2 8 4 0 0.025 0.401 0.359 0.828 0.658 0.597 13 1.423 26.513 1 0
43596 3 8 4 0 0.025 0.401 0.359 0.828 0.658 0.448 20 1.211 30.527 1 0
43596 4 8 4 0 0.025 0.401 0.359 0.828 0.658 0.249 24 1.123 32.66 1 0
43596 5 8 4 0 0.025 0.401 0.359 0.828 0.658 0.547 30 1.267 42.16 1 0
43596 6 8 4 0 0.025 0.401 0.359 0.828 0.658 0.448 18 1.444 35.027 1 0
43596 7 8 4 0 0.025 0.401 0.359 0.828 0.658 0.547 18 1.47 30.92 1 0
43596 8 8 4 0 0.025 0.401 0.359 0.828 0.658 0.795 19 1.519 36.347 1 0
43596 9 8 4 0 0.025 0.401 0.359 0.828 0.658 0.597 14 1.856 31.107 1 0
43596 10 8 4 0 0.025 0.401 0.359 0.828 0.658 0.697 19 1.472 29.053 1 0
43596 1 8 4 0 0.119 0.033 0.398 0.875 0.768 0 21 0.935 28.553 1 0
43596 1 8 7 0 0.092 0.3 0.058 0.929 0.387 234.892 1 245.564 19.92 0 0.653
43596 2 8 7 0 0.092 0.3 0.058 0.929 0.387 236.473 1 244.432 27.573 0 0.587
43596 3 8 7 0 0.092 0.3 0.058 0.929 0.387 231.406 0 243.963 21.4 0 0.64
43596 4 8 7 0 0.092 0.3 0.058 0.929 0.387 0 1 0 1 1 1
43596 5 8 7 0 0.092 0.3 0.058 0.929 0.387 0 1 0 1 1 1
43596 6 8 7 0 0.092 0.3 0.058 0.929 0.387 236.165 0 243.223 20.693 0 0.6
43596 7 8 7 0 0.092 0.3 0.058 0.929 0.387 235.645 0 244.689 27.313 0 0.54
43596 8 8 7 0 0.092 0.3 0.058 0.929 0.387 235.928 2 243.363 29.64 0 0.533
43596 9 8 7 0 0.092 0.3 0.058 0.929 0.387 0 0 0 0 1 1
43596 10 8 7 0 0.092 0.3 0.058 0.929 0.387 237.887 1 244.445 27.26 0 0.58
43596 1 8 7 0 0.008 0.276 0.061 0.88 0.768 198.51 0 199.924 0 0 1
43596 1 9 3 1 0.054 0.449 0.227 0.942 0.843 1.293 17 2.023 33.68 1 0
43596 2 9 3 1 0.054 0.449 0.227 0.942 0.843 0.199 14 1.3 24.493 1 0
43596 3 9 3 1 0.054 0.449 0.227 0.942 0.843 0.547 10 1.472 25.84 1 0
43596 4 9 3 1 0.054 0.449 0.227 0.942 0.843 0.995 20 1.981 31.747 1 0
43596 5 9 3 1 0.054 0.449 0.227 0.942 0.843 1.243 16 2.301 31.827 1 0
43596 6 9 3 1 0.054 0.449 0.227 0.942 0.843 1.24 14 1.99 28.827 1 0
43596 7 9 3 1 0.054 0.449 0.227 0.942 0.843 1.244 20 2.199 34.773 1 0
43596 8 9 3 1 0.054 0.449 0.227 0.942 0.843 1.044 13 1.796 27.693 1 0
43596 9 9 3 1 0.054 0.449 0.227 0.942 0.843 0.846 19 1.652 34.087 1 0
43596 10 9 3 1 0.054 0.449 0.227 0.942 0.843 1.043 15 2.28 32.18 1 0
43596 1 9 3 1 0.004 0.249 0.423 0.86 0.645 0.547 18 1.348 29.66 1 0
43596 2 9 3 1 0.004 0.249 0.423 0.86 0.645 0.845 25 1.754 36.58 1 0
43596 1 10 4 0 0.029 0.327 0.455 0.803 0.471 0.448 7 1.16 18.44 1 0.053
43596 2 10 4 0 0.029 0.327 0.455 0.803 0.471 0.448 17 1.428 26.733 1 0
43596 3 10 4 0 0.029 0.327 0.455 0.803 0.471 0.647 14 1.377 25.233 1 0
43596 4 10 4 0 0.029 0.327 0.455 0.803 0.471 1.242 18 2.301 30.36 1 0
43596 5 10 4 0 0.029 0.327 0.455 0.803 0.471 0.646 17 1.549 33.247 1 0
43596 6 10 4 0 0.029 0.327 0.455 0.803 0.471 0.448 17 1.538 29.507 1 0
43596 7 10 4 0 0.029 0.327 0.455 0.803 0.471 0.547 11 1.372 26.053 1 0
43596 8 10 4 0 0.029 0.327 0.455 0.803 0.471 0.597 14 1.341 24.307 1 0
43596 9 10 4 0 0.029 0.327 0.455 0.803 0.471 0.547 17 1.403 29.373 1 0
43596 1 9 5 0 0.089 0.31 0.19 0.9 0.409 0 7 0.037 7 1 1
43596 2 9 5 0 0.089 0.31 0.19 0.9 0.409 0 8 0.548 12.273 1 0.527
43596 3 9 5 0 0.089 0.31 0.19 0.9 0.409 0 7 0.08 7 1 1
43596 4 9 5 0 0.089 0.31 0.19 0.9 0.409 0 5 0.112 5 1 1
43596 5 9 5 0 0.089 0.31 0.19 0.9 0.409 0 7 0.021 7 1 1
43596 6 9 5 0 0.089 0.31 0.19 0.9 0.409 0 5 0.017 5 1 1
43596 7 9 5 0 0.089 0.31 0.19 0.9 0.409 0 4 0.041 4.167 1 1
43596 8 9 5 0 0.089 0.31 0.19 0.9 0.409 0 5 0.161 5.7 1 0.987
43596 9 9 5 0 0.089 0.31 0.19 0.9 0.409 0 10 0.038 10 1 0
43596 10 9 5 0 0.089 0.31 0.19 0.9 0.409 0 5 0.045 5 1 1
43596 1 9 5 0 0.077 0.354 0.432 0.847 0.809 78.529 0 79.763 0 0 1
43596 2 9 5 0 0.077 0.354 0.432 0.847 0.809 59.393 11 61.615 20.353 0 0
43596 3 9 5 0 0.077 0.354 0.432 0.847 0.809 78.041 5 80.127 9.02 0 0.6
43596 4 9 5 0 0.077 0.354 0.432 0.847 0.809 49.368 5 50.781 11.933 0 0.293
43596 5 9 5 0 0.077 0.354 0.432 0.847 0.809 69.33 13 71.377 40.08 0 0
43596 6 9 5 0 0.077 0.354 0.432 0.847 0.809 48.531 1 49.99 1.133 0 1
43596 7 9 5 0 0.077 0.354 0.432 0.847 0.809 68.025 5 69.724 5 0 1
43596 8 9 5 0 0.077 0.354 0.432 0.847 0.809 69.688 4 73.88 9.127 0 0.7
43596 1 9 3 1 0.005 0.376 0.327 0.985 0.355 0 15 0.213 17.473 1 0
43596 2 9 3 1 0.005 0.376 0.327 0.985 0.355 0 9 0.318 11.26 1 0.507
43596 3 9 3 1 0.005 0.376 0.327 0.985 0.355 0.05 16 0.38 19.227 1 0
43596 4 9 3 1 0.005 0.376 0.327 0.985 0.355 0 5 0.007 6 1 1
43596 5 9 3 1 0.005 0.376 0.327 0.985 0.355 0 8 0.034 8 1 1
43596 6 9 3 1 0.005 0.376 0.327 0.985 0.355 0 8 0.03 8 1 1
43596 7 9 3 1 0.005 0.376 0.327 0.985 0.355 0 9 0.09 9.207 1 0.933
43596 8 9 3 1 0.005 0.376 0.327 0.985 0.355 0.249 24 1.565 36.493 1 0
43596 9 9 3 1 0.005 0.376 0.327 0.985 0.355 0 5 0 5 1 1
43596 10 9 3 1 0.005 0.376 0.327 0.985 0.355 0.05 19 1.34 28.533 1 0
43596 1 9 3 1 0.049 0.397 0.078 0.849 0.495 0 5 0 5 1 1
43596 2 9 3 1 0.049 0.397 0.078 0.849 0.495 0 4 0.008 4 1 1
43596 3 9 3 1 0.049 0.397 0.078 0.849 0.495 0 2 0 2 1 1
43596 4 9 3 1 0.049 0.397 0.078 0.849 0.495 0 2 0.011 2 1 1
43596 5 9 3 1 0.049 0.397 0.078 0.849 0.495 0 4 0 4 1 1
43596 6 9 3 1 0.049 0.397 0.078 0.849 0.495 0 3 0.573 8.82 1 0.58
43596 7 9 3 1 0.049 0.397 0.078 0.849 0.495 0 2 0.004 2 1 1
43596 8 9 3 1 0.049 0.397 0.078 0.849 0.495 0 3 0.07 3 1 1
43596 1 7 5 0 0.111 0.389 0.498 0.912 0.541 58.832 7 60.851 14.467 0 0.107
43596 2 7 5 0 0.111 0.389 0.498 0.912 0.541 39.106 8 40.403 14.573 0 0.033
43596 3 7 5 0 0.111 0.389 0.498 0.912 0.541 0 9 0.058 9 1 1
43596 4 7 5 0 0.111 0.389 0.498 0.912 0.541 9.895 17 36.78 24.48 0 0
43596 5 7 5 0 0.111 0.389 0.498 0.912 0.541 1.062 15 2.435 26.98 0.987 0
43596 6 7 5 0 0.111 0.389 0.498 0.912 0.541 98.102 5 100.047 11.627 0 0.32
43596 7 7 5 0 0.111 0.389 0.498 0.912 0.541 69.421 10 70.985 19.38 0 0
43596 8 7 5 0 0.111 0.389 0.498 0.912 0.541 48.919 2 49.956 2 0 1
43596 9 7 5 0 0.111 0.389 0.498 0.912 0.541 49.56 11 50.799 16.027 0 0
43596 10 7 5 0 0.111 0.389 0.498 0.912 0.541 58.781 2 61.535 2.593 0 1
43596 1 7 5 0 0.037 0.365 0.003 0.888 0.703 0 1 0 1 1 1
43596 2 7 5 0 0.037 0.365 0.003 0.888 0.703 0 0 0 0 1 1
43596 3 7 5 0 0.037 0.365 0.003 0.888 0.703 0 1 0.026 1 1 1
43596 4 7 5 0 0.037 0.365 0.003 0.888 0.703 0 0 0 0 1 1
43596 5 7 5 0 0.037 0.365 0.003 0.888 0.703 0 1 0 1 1 1
43596 1 8 8 1 0.083 0.297 0.344 0.992 0.886 208.831 0 209.954 0 0 1
43596 2 8 8 1 0.083 0.297 0.344 0.992 0.886 189.412 0 190.5 0 0 1
43596 3 8 8 1 0.083 0.297 0.344 0.992 0.886 178.45 0 179.866 0 0 1
43596 4 8 8 1 0.083 0.297 0.344 0.992 0.886 208.16 0 209.869 0 0 1
43596 5 8 8 1 0.083 0.297 0.344 0.992 0.886 189.71 0 190.277 0 0 1
43596 6 8 8 1 0.083 0.297 0.344 0.992 0.886 179.246 0 180.07 0 0 1
43596 7 8 8 1 0.083 0.297 0.344 0.992 0.886 209.391 0 210.305 0 0 1
43596 8 8 8 1 0.083 0.297 0.344 0.992 0.886 189.146 0 190.063 0 0 1
43596 9 8 8 1 0.083 0.297 0.344 0.992 0.886 179.663 1 182.913 1 0 1
43596 10 8 8 1 0.083 0.297 0.344 0.992 0.886 169.191 0 170.118 0 0 1
43596 1 8 8 1 0.083 0.337 0.055 0.768 0.301 0 0 0 0.367 1 1
43596 1 9 7 1 0.026 0.056 0.297 0.929 0.9 168.516 0 169.996 0 0 1
43596 2 9 7 1 0.026 0.056 0.297 0.929 0.9 178.691 0 179.851 0 0 1
43596 3 9 7 1 0.026 0.056 0.297 0.929 0.9 189.449 0 191.047 0 0 1
43596 4 9 7 1 0.026 0.056 0.297 0.929 0.9 178.377 0 179.886 0 0 1
43596 5 9 7 1 0.026 0.056 0.297 0.929 0.9 208.344 0 209.891 0 0 1
43596 6 9 7 1 0.026 0.056 0.297 0.929 0.9 189.253 0 190.192 0 0 1
43596 7 9 7 1 0.026 0.056 0.297 0.929 0.9 178.967 1 179.934 1 0 1
43596 8 9 7 1 0.026 0.056 0.297 0.929 0.9 198.86 0 199.891 0 0 1
43596 9 9 7 1 0.026 0.056 0.297 0.929 0.9 198.826 0 199.963 0 0 1
43596 10 9 7 1 0.026 0.056 0.297 0.929 0.9 159.198 0 160.354 0 0 1
43596 1 9 7 1 0.014 0.447 0.268 0.973 0.611 159.011 0 160.131 0 0 1
43596 1 7 9 0 0.044 0.401 0.379 0.804 0.713 229.594 0 230.655 0 0 1
43596 2 7 9 0 0.044 0.401 0.379 0.804 0.713 229.303 0 230.292 0 0 1
43596 3 7 9 0 0.044 0.401 0.379 0.804 0.713 209.457 0 211.825 0 0 1
43596 4 7 9 0 0.044 0.401 0.379 0.804 0.713 200.316 0 211.573 0 0 1
43596 5 7 9 0 0.044 0.401 0.379 0.804 0.713 236.619 0 248.573 0 0 1
43596 6 7 9 0 0.044 0.401 0.379 0.804 0.713 199.586 0 201.696 0 0 1
43596 7 7 9 0 0.044 0.401 0.379 0.804 0.713 210.729 0 220.821 0 0 1
43596 8 7 9 0 0.044 0.401 0.379 0.804 0.713 249.375 0 249.97 0 0 1
43596 9 7 9 0 0.044 0.401 0.379 0.804 0.713 249.136 0 249.96 0 0 1
43596 10 7 9 0 0.044 0.401 0.379 0.804 0.713 249.3 0 249.971 0 0 1
43596 1 7 9 0 0.049 0.023 0.371 0.965 0.621 208.328 0 210.06 0 0 1
43596 2 7 9 0 0.049 0.023 0.371 0.965 0.621 229.132 0 230.005 0 0 1
43596 1 9 5 1 0.046 0.332 0.461 0.871 0.03 181.293 603 193.419 824.88 0 0
43596 2 9 5 1 0.046 0.332 0.461 0.871 0.03 180.515 557 189.082 787.327 0 0
43596 3 9 5 1 0.046 0.332 0.461 0.871 0.03 192.337 550 198.154 778.647 0 0
43596 4 9 5 1 0.046 0.332 0.461 0.871 0.03 189.5 428 205.361 766.693 0 0
43596 5 9 5 1 0.046 0.332 0.461 0.871 0.03 198.783 619 208.824 849.093 0 0
43596 6 9 5 1 0.046 0.332 0.461 0.871 0.03 107.552 336 122.712 470.027 0 0
43596 7 9 5 1 0.046 0.332 0.461 0.871 0.03 163.285 517 177.764 747.44 0 0
43596 8 9 5 1 0.046 0.332 0.461 0.871 0.03 205.488 534 212.732 856.48 0 0
43596 9 9 5 1 0.046 0.332 0.461 0.871 0.03 195.617 553 206.286 813.553 0 0
43596 1 8 5 0 0.009 0.22 0.007 0.772 0.507 0 3 0.05 3 1 1
43596 2 8 5 0 0.009 0.22 0.007 0.772 0.507 0 4 0 4 1 1
43596 3 8 5 0 0.009 0.22 0.007 0.772 0.507 0 3 0.05 3 1 1
43596 4 8 5 0 0.009 0.22 0.007 0.772 0.507 0 1 0.007 1 1 1
43596 5 8 5 0 0.009 0.22 0.007 0.772 0.507 0 0 0 0 1 1
43596 6 8 5 0 0.009 0.22 0.007 0.772 0.507 0 0 0 0 1 1
43596 7 8 5 0 0.009 0.22 0.007 0.772 0.507 0 2 0 2 1 1
43596 8 8 5 0 0.009 0.22 0.007 0.772 0.507 0 3 0.051 3 1 1
43596 9 8 5 0 0.009 0.22 0.007 0.772 0.507 0 0 0 0 1 1
43596 10 8 5 0 0.009 0.22 0.007 0.772 0.507 0 0 0 0 1 1
43596 1 8 5 0 0.031 0.471 0.458 0.823 0.679 87.554 4 96.4 9.933 0 0.573
43596 2 8 5 0 0.031 0.471 0.458 0.823 0.679 50.035 10 53.958 16.66 0 0
43596 3 8 5 0 0.031 0.471 0.458 0.823 0.679 64.518 5 69.84 15.347 0 0.093
43596 1 8 6 0 0.003 0.101 0.344 0.929 0.373 176.96 0 179.638 0 0 1
43596 2 8 6 0 0.003 0.101 0.344 0.929 0.373 158.921 4 159.947 4.72 0 1
43596 3 8 6 0 0.003 0.101 0.344 0.929 0.373 128.895 1 130.016 1.333 0 1
43596 4 8 6 0 0.003 0.101 0.344 0.929 0.373 89.193 1 90.06 1 0 1
43596 5 8 6 0 0.003 0.101 0.344 0.929 0.373 97.857 0 99.552 0 0 1
43596 6 8 6 0 0.003 0.101 0.344 0.929 0.373 88.25 0 89.751 0 0 1
43596 7 8 6 0 0.003 0.101 0.344 0.929 0.373 178.684 2 179.882 2.267 0 1
43596 8 8 6 0 0.003 0.101 0.344 0.929 0.373 129.162 1 130.021 1 0 1
43596 9 8 6 0 0.003 0.101 0.344 0.929 0.373 118.684 0 120.046 0 0 1
43596 10 8 6 0 0.003 0.101 0.344 0.929 0.373 156.571 0 159.591 0 0 1
43596 1 8 6 0 0.065 0.022 0.1 0.927 0.708 168.652 0 169.85 0 0 1
43596 2 8 6 0 0.065 0.022 0.1 0.927 0.708 187.797 1 189.632 1.78 0 1
43596 1 7 7 1 0.114 0.322 0.041 0.833 0.225 0 0 0 0 1 1
43596 2 7 7 1 0.114 0.322 0.041 0.833 0.225 0 0 0 0 1 1
43596 3 7 7 1 0.114 0.322 0.041 0.833 0.225 0 0 0 0 1 1
43596 4 7 7 1 0.114 0.322 0.041 0.833 0.225 0 0 0 0 1 1
43596 5 7 7 1 0.114 0.322 0.041 0.833 0.225 0 0 0 0 1 1
43596 6 7 7 1 0.114 0.322 0.041 0.833 0.225 0 0 0 0 1 1
43596 7 7 7 1 0.114 0.322 0.041 0.833 0.225 0 0 0 0 1 1
43596 8 7 7 1 0.114 0.322 0.041 0.833 0.225 0 0 0 0 1 1
43596 9 7 7 1 0.114 0.322 0.041 0.833 0.225 0 1 0 1 1 1
43596 10 7 7 1 0.114 0.322 0.041 0.833 0.225 0 0 0 0 1 1
43596 1 8 6 0 0.036 0.194 0.308 0.996 0.101 0 9 0.037 9 1 1
43596 2 8 6 0 0.036 0.194 0.308 0.996 0.101 0 3 0 3 1 1
43596 3 8 6 0 0.036 0.194 0.308 0.996 0.101 1.165 15 8.094 72.653 0.347 0
43596 4 8 6 0 0.036 0.194 0.308 0.996 0.101 0 12 0.76 19.587 1 0
43596 5 8 6 0 0.036 0.194 0.308 0.996 0.101 0 13 0.016 13 1 0
43596 6 8 6 0 0.036 0.194 0.308 0.996 0.101 0 15 0.06 15.26 1 0
43596 7 8 6 0 0.036 0.194 0.308 0.996 0.101 0 7 0.037 7 1 1
43596 8 8 6 0 0.036 0.194 0.308 0.996 0.101 0 2 0.007 2 1 1
43596 9 8 6 0 0.036 0.194 0.308 0.996 0.101 0 11 1.805 27.053 0.967 0
43596 10 8 6 0 0.036 0.194 0.308 0.996 0.101 0 10 1.073 16.667 1 0
43596 1 8 6 0 0.066 0.234 0.412 0.822 0.367 148.72 1 152.059 4.747 0 0.92
43596 1 7 3 0 0.102 0.239 0.488 0.912 0.776 0.894 18 1.531 27.9 1 0
43596 2 7 3 0 0.102 0.239 0.488 0.912 0.776 0.845 18 1.842 30.34 1 0
43596 3 7 3 0 0.102 0.239 0.488 0.912 0.776 0.298 16 1.416 29.2 1 0
43596 4 7 3 0 0.102 0.239 0.488 0.912 0.776 1.193 21 1.932 32.22 1 0
43596 5 7 3 0 0.102 0.239 0.488 0.912 0.776 0.249 16 1.503 31.547 1 0
43596 6 7 3 0 0.102 0.239 0.488 0.912 0.776 0.945 14 1.739 33.067 1 0
43596 7 7 3 0 0.102 0.239 0.488 0.912 0.776 0.794 20 1.372 33.48 1 0
43596 8 7 3 0 0.102 0.239 0.488 0.912 0.776 0.547 21 1.57 34.393 1 0
43596 9 7 3 0 0.102 0.239 0.488 0.912 0.776 0.696 22 1.647 37.927 1 0
43596 10 7 3 0 0.102 0.239 0.488 0.912 0.776 0.895 15 1.784 33.293 1 0
43596 1 7 8 1 0.112 0.181 0.169 0.882 0.615 229.205 0 229.996 0 0 1
43596 2 7 8 1 0.112 0.181 0.169 0.882 0.615 249 0 249.896 0 0 1
43596 3 7 8 1 0.112 0.181 0.169 0.882 0.615 229.542 0 230.099 0 0 1
43596 4 7 8 1 0.112 0.181 0.169 0.882 0.615 199.065 0 200.519 0 0 1
43596 5 7 8 1 0.112 0.181 0.169 0.882 0.615 209.267 0 210.347 0 0 1
43596 6 7 8 1 0.112 0.181 0.169 0.882 0.615 249.274 0 249.965 0 0 1
43596 7 7 8 1 0.112 0.181 0.169 0.882 0.615 178.658 0 180.002 0 0 1
43596 8 7 8 1 0.112 0.181 0.169 0.882 0.615 169.858 0 174.465 0 0 1
43596 1 9 4 0 0.046 0.095 0.313 0.934 0.276 0 11 0.359 13.387 1 0
43596 2 9 4 0 0.046 0.095 0.313 0.934 0.276 0.448 12 0.904 20.147 1 0
43596 3 9 4 0 0.046 0.095 0.313 0.934 0.276 0.64 18 2.405 33.48 1 0
43596 4 9 4 0 0.046 0.095 0.313 0.934 0.276 0.199 8 0.67 18.74 1 0.033
43596 5 9 4 0 0.046 0.095 0.313 0.934 0.276 0.149 19 0.789 24.42 1 0
43596 6 9 4 0 0.046 0.095 0.313 0.934 0.276 0 11 0.779 19.607 1 0
43596 7 9 4 0 0.046 0.095 0.313 0.934 0.276 0.646 15 1.244 26.553 1 0
43596 8 9 4 0 0.046 0.095 0.313 0.934 0.276 0.448 18 1.249 30.32 1 0
43596 9 9 4 0 0.046 0.095 0.313 0.934 0.276 0.448 17 1.129 29.12 1 0
43596 1 10 9 0 0.069 0.101 0.467 0.872 0.482 219.389 0 220.474 0 0 1
43596 2 10 9 0 0.069 0.101 0.467 0.872 0.482 249.473 0 249.98 0 0 1
43596 3 10 9 0 0.069 0.101 0.467 0.872 0.482 209.416 0 210.106 0 0 1
43596 4 10 9 0 0.069 0.101 0.467 0.872 0.482 209.001 0 210.004 0 0 1
43596 5 10 9 0 0.069 0.101 0.467 0.872 0.482 199.652 0 200.207 0 0 1
43596 6 10 9 0 0.069 0.101 0.467 0.872 0.482 236.852 0 247.636 0 0 1
43596 7 10 9 0 0.069 0.101 0.467 0.872 0.482 249.512 0 249.975 0 0 1
43596 8 10 9 0 0.069 0.101 0.467 0.872 0.482 249.388 0 249.966 0 0 1
43596 9 10 9 0 0.069 0.101 0.467 0.872 0.482 210.024 0 219.281 0 0 1
43596 10 10 9 0 0.069 0.101 0.467 0.872 0.482 249.145 0 249.972 0 0 1
43596 1 7 7 0 0.058 0.181 0.476 0.981 0.416 158.932 0 159.977 0 0 1
43596 2 7 7 0 0.058 0.181 0.476 0.981 0.416 189.115 0 189.985 0 0 1
43596 3 7 7 0 0.058 0.181 0.476 0.981 0.416 149 0 149.892 0 0 1
43596 4 7 7 0 0.058 0.181 0.476 0.981 0.416 189.116 0 190.078 0 0 1
43596 5 7 7 0 0.058 0.181 0.476 0.981 0.416 158.467 0 159.825 0 0 1
43596 6 7 7 0 0.058 0.181 0.476 0.981 0.416 169.391 0 176.924 0 0 1
43596 7 7 7 0 0.058 0.181 0.476 0.981 0.416 148.856 0 150.002 0 0 1
43596 1 9 7 1 0.07 0.242 0.311 0.898 0.121 6.382 15 18.216 57.82 0 0
43596 2 9 7 1 0.07 0.242 0.311 0.898 0.121 0 7 0 7.447 1 1
43596 3 9 7 1 0.07 0.242 0.311 0.898 0.121 0 15 0.051 15 1 0
43596 4 9 7 1 0.07 0.242 0.311 0.898 0.121 0 6 0.123 6 1 1
43596 5 9 7 1 0.07 0.242 0.311 0.898 0.121 1.392 18 4.144 28.84 0.613 0
43596 6 9 7 1 0.07 0.242 0.311 0.898 0.121 0 4 0.065 4 1 1
43596 7 9 7 1 0.07 0.242 0.311 0.898 0.121 0 8 0.085 8 1 1
43596 8 9 7 1 0.07 0.242 0.311 0.898 0.121 0 3 0.363 3.487 1 1
43596 9 9 7 1 0.07 0.242 0.311 0.898 0.121 0 9 0.043 9.22 1 0.78
43596 1 7 6 0 0.095 0.107 0.142 0.771 0.549 129.201 1 130.405 4.527 0 0.82
43596 2 7 6 0 0.095 0.107 0.142 0.771 0.549 108.763 1 110.192 1 0 1
43596 3 7 6 0 0.095 0.107 0.142 0.771 0.549 178.495 0 179.791 0 0 1
43596 4 7 6 0 0.095 0.107 0.142 0.771 0.549 148.717 1 149.852 1 0 1
43596 5 7 6 0 0.095 0.107 0.142 0.771 0.549 178.452 0 179.893 0.56 0 1
43596 6 7 6 0 0.095 0.107 0.142 0.771 0.549 137.798 2 139.909 2 0 1
43596 7 7 6 0 0.095 0.107 0.142 0.771 0.549 128.147 2 129.858 2.113 0 1
43596 8 7 6 0 0.095 0.107 0.142 0.771 0.549 108.726 0 110.069 0 0 1
43596 1 7 7 1 0.049 0.133 0.478 0.957 0.302 189.182 0 189.99 0.093 0 1
43596 2 7 7 1 0.049 0.133 0.478 0.957 0.302 208.861 0 209.983 0 0 1
43596 3 7 7 1 0.049 0.133 0.478 0.957 0.302 158.121 0 159.691 0 0 1
43596 4 7 7 1 0.049 0.133 0.478 0.957 0.302 198.866 0 200.386 0.38 0 1
43596 5 7 7 1 0.049 0.133 0.478 0.957 0.302 208.783 0 209.944 0 0 1
43596 6 7 7 1 0.049 0.133 0.478 0.957 0.302 228.492 0 229.856 0 0 1
43596 7 7 7 1 0.049 0.133 0.478 0.957 0.302 188.55 0 190.007 0 0 1
43596 1 10 7 1 0.107 0.33 0.241 0.765 0.757 146.924 0 149.827 0 0 1
43596 2 10 7 1 0.107 0.33 0.241 0.765 0.757 168.813 0 169.977 0 0 1
43596 3 10 7 1 0.107 0.33 0.241 0.765 0.757 178.529 0 179.867 0 0 1
43596 4 10 7 1 0.107 0.33 0.241 0.765 0.757 167.515 0 169.709 0 0 1
43596 5 10 7 1 0.107 0.33 0.241 0.765 0.757 148.469 0 149.898 0 0 1
43596 6 10 7 1 0.107 0.33 0.241 0.765 0.757 189.134 0 190.027 0 0 1
43596 7 10 7 1 0.107 0.33 0.241 0.765 0.757 157.878 0 159.602 0 0 1
43596 1 7 6 1 0.056 0.102 0.309 0.835 0.403 189 0 189.812 0 0 1
43596 2 7 6 1 0.056 0.102 0.309 0.835 0.403 198.324 0 199.691 0.713 0 1
43596 3 7 6 1 0.056 0.102 0.309 0.835 0.403 178.889 3 179.897 3 0 1
43596 4 7 6 1 0.056 0.102 0.309 0.835 0.403 188.811 0 189.823 0 0 1
43596 5 7 6 1 0.056 0.102 0.309 0.835 0.403 138.208 5 139.839 5.073 0 1
43596 6 7 6 1 0.056 0.102 0.309 0.835 0.403 198.799 0 199.722 0.167 0 1
43596 1 10 9 1 0.099 0.487 0.341 0.807 0.795 249.452 0 249.977 0 0 1
43596 2 10 9 1 0.099 0.487 0.341 0.807 0.795 249.513 0 249.986 0 0 1
43596 3 10 9 1 0.099 0.487 0.341 0.807 0.795 228.911 0 230.038 0 0 1
43596 4 10 9 1 0.099 0.487 0.341 0.807 0.795 229.595 0 230.185 0 0 1
43596 5 10 9 1 0.099 0.487 0.341 0.807 0.795 230.171 0 238.772 0 0 1
43596 6 10 9 1 0.099 0.487 0.341 0.807 0.795 209.385 0 210.036 0 0 1
43596 7 10 9 1 0.099 0.487 0.341 0.807 0.795 249.392 0 249.978 0 0 1
43596 8 10 9 1 0.099 0.487 0.341 0.807 0.795 249.335 0 249.975 0 0 1
43596 9 10 9 1 0.099 0.487 0.341 0.807 0.795 249.057 0 249.971 0 0 1
43596 10 10 9 1 0.099 0.487 0.341 0.807 0.795 249.407 0 249.977 0 0 1
43596 1 10 9 1 0.115 0.389 0.226 0.916 0.658 249.405 0 249.976 0 0 1
43596 2 10 9 1 0.115 0.389 0.226 0.916 0.658 249.291 0 249.98 0 0 1
43596 3 10 9 1 0.115 0.389 0.226 0.916 0.658 249.513 0 249.983 0 0 1
43596 4 10 9 1 0.115 0.389 0.226 0.916 0.658 249.366 0 249.982 0 0 1
43596 5 10 9 1 0.115 0.389 0.226 0.916 0.658 249.323 0 249.977 0 0 1
43596 6 10 9 1 0.115 0.389 0.226 0.916 0.658 228.873 0 229.995 0 0 1
43596 7 10 9 1 0.115 0.389 0.226 0.916 0.658 249.052 0 249.959 0 0 1
43596 8 10 9 1 0.115 0.389 0.226 0.916 0.658 228.614 0 230.017 0 0 1
43596 9 10 9 1 0.115 0.389 0.226 0.916 0.658 230.131 0 242.071 0 0 1
43596 10 10 9 1 0.115 0.389 0.226 0.916 0.658 220.532 0 229.573 0 0 1
43596 1 10 9 1 0.078 0.044 0.355 0.949 0.672 249.405 1 249.957 1 0 1
43596 1 8 6 0 0.046 0.15 0.213 0.886 0.007 238.609 1129 244.66 1445.72 0 0
43596 2 8 6 0 0.046 0.15 0.213 0.886 0.007 242.305 1294 245.981 1547.127 0 0
43596 3 8 6 0 0.046 0.15 0.213 0.886 0.007 239.452 1087 244.937 1435.027 0 0
43596 4 8 6 0 0.046 0.15 0.213 0.886 0.007 242.654 1209 246.139 1527.673 0 0
43596 5 8 6 0 0.046 0.15 0.213 0.886 0.007 238.25 1058 244.748 1312.467 0 0
43596 6 8 6 0 0.046 0.15 0.213 0.886 0.007 242.471 1192 246.174 1476.74 0 0
43596 7 8 6 0 0.046 0.15 0.213 0.886 0.007 241.234 1206 246.422 1481.56 0 0
43596 8 8 6 0 0.046 0.15 0.213 0.886 0.007 240.756 1200 246.093 1535.267 0 0
43596 9 8 6 0 0.046 0.15 0.213 0.886 0.007 241.496 1266 246.376 1536.36 0 0
43596 10 8 6 0 0.046 0.15 0.213 0.886 0.007 242.473 1150 246.362 1495.507 0 0
43596 1 8 6 0 0.103 0.297 0.142 0.862 0.909 158.361 0 159.8 0 0 1
43596 2 8 6 0 0.103 0.297 0.142 0.862 0.909 138.17 3 139.879 3 0 1
43596 3 8 6 0 0.103 0.297 0.142 0.862 0.909 117.826 0 119.741 0 0 1
43596 4 8 6 0 0.103 0.297 0.142 0.862 0.909 129.359 3 130.131 3 0 1
43596 5 8 6 0 0.103 0.297 0.142 0.862 0.909 118.85 1 120.092 1 0 1
43596 6 8 6 0 0.103 0.297 0.142 0.862 0.909 188.684 0 189.755 0 0 1
43596 7 8 6 0 0.103 0.297 0.142 0.862 0.909 117.151 0 119.824 0 0 1
43596 8 8 6 0 0.103 0.297 0.142 0.862 0.909 168.489 0 169.877 0 0 1
43596 9 8 6 0 0.103 0.297 0.142 0.862 0.909 148.996 0 149.887 0 0 1
43596 10 8 6 0 0.103 0.297 0.142 0.862 0.909 108.691 0 110.059 0 0 1
43596 1 8 6 0 0.117 0.092 0.375 0.954 0.395 118.193 1 119.896 1 0 1
43596 2 8 6 0 0.117 0.092 0.375 0.954 0.395 186.23 2 189.526 2 0 1
43596 3 8 6 0 0.117 0.092 0.375 0.954 0.395 148.956 0 150.376 4.7 0 0.84
43596 4 8 6 0 0.117 0.092 0.375 0.954 0.395 109.254 0 110.412 0 0 1
43596 5 8 6 0 0.117 0.092 0.375 0.954 0.395 98.846 0 99.83 0 0 1
43596 6 8 6 0 0.117 0.092 0.375 0.954 0.395 128.906 1 129.907 1.787 0 1
43596 7 8 6 0 0.117 0.092 0.375 0.954 0.395 197.384 0 199.552 0 0 1
43596 8 8 6 0 0.117 0.092 0.375 0.954 0.395 168.77 1 169.834 1 0 1
43596 9 8 6 0 0.117 0.092 0.375 0.954 0.395 169.03 0 169.863 1.967 0 1
43596 10 8 6 0 0.117 0.092 0.375 0.954 0.395 128.63 0 130.062 0 0 1
43596 1 8 6 1 0.073 0.419 0.154 0.807 0.811 178.487 1 179.847 1.12 0 0.993
43596 2 8 6 1 0.073 0.419 0.154 0.807 0.811 0.249 22 0.997 30.773 1 0
43596 3 8 6 1 0.073 0.419 0.154 0.807 0.811 0.199 23 0.789 31.713 1 0
43596 4 8 6 1 0.073 0.419 0.154 0.807 0.811 0.299 19 1.003 30.907 1 0
43596 5 8 6 1 0.073 0.419 0.154 0.807 0.811 0.597 21 1.357 32.913 1 0
43596 6 8 6 1 0.073 0.419 0.154 0.807 0.811 0.697 25 1.625 36.32 1 0
43596 7 8 6 1 0.073 0.419 0.154 0.807 0.811 0.1 16 0.864 24.573 1 0
43596 8 8 6 1 0.073 0.419 0.154 0.807 0.811 0.398 21 1.159 33.347 1 0
43596 9 8 6 1 0.073 0.419 0.154 0.807 0.811 0.746 23 1.526 32.633 1 0
43596 10 8 6 1 0.073 0.419 0.154 0.807 0.811 0.547 21 1.46 32.453 1 0
43596 1 8 6 1 0.006 0.426 0.455 0.931 0.364 0.895 16 1.873 29.453 1 0
43596 2 8 6 1 0.006 0.426 0.455 0.931 0.364 0.05 8 0.945 15.98 1 0.207
43596 3 8 6 1 0.006 0.426 0.455 0.931 0.364 0.199 19 1.056 27.58 1 0
43596 4 8 6 1 0.006 0.426 0.455 0.931 0.364 0 19 1.013 27.18 1 0
43596 5 8 6 1 0.006 0.426 0.455 0.931 0.364 0.348 15 1.019 24.48 1 0
43596 6 8 6 1 0.006 0.426 0.455 0.931 0.364 0.498 17 1.245 30.5 1 0
43596 7 8 6 1 0.006 0.426 0.455 0.931 0.364 0.746 17 1.278 24.673 1 0
43596 8 8 6 1 0.006 0.426 0.455 0.931 0.364 0.646 16 1.401 26.007 1 0
43596 9 8 6 1 0.006 0.426 0.455 0.931 0.364 0.05 12 0.872 21.393 1 0
43596 10 8 6 1 0.006 0.426 0.455 0.931 0.364 0.1 12 1.128 19.433 1 0
43596 1 8 6 1 0.047 0.33 0.397 1 0.366 0.796 19 1.651 33.573 1 0
43596 2 8 6 1 0.047 0.33 0.397 1 0.366 0 6 0.076 6 1 1
43596 3 8 6 1 0.047 0.33 0.397 1 0.366 0 7 0.103 8.973 1 0.84
43596 4 8 6 1 0.047 0.33 0.397 1 0.366 0 7 0 7.04 1 0.993
43596 5 8 6 1 0.047 0.33 0.397 1 0.366 0.746 15 1.362 25.553 1 0
43596 6 8 6 1 0.047 0.33 0.397 1 0.366 0.498 15 1.264 26.12 1 0
43596 7 8 6 1 0.047 0.33 0.397 1 0.366 0 6 0.072 6 1 1
43596 8 8 6 1 0.047 0.33 0.397 1 0.366 0 10 0.025 10 1 0
43596 9 8 6 1 0.047 0.33 0.397 1 0.366 0.647 15 1.586 27.993 1 0
43596 10 8 6 1 0.047 0.33 0.397 1 0.366 0.547 23 1.537 37.833 1 0
43596 1 8 6 1 0.084 0.126 0.016 0.963 0.713 0 2 0.059 2 1 1
43596 1 10 7 0 0.104 0.307 0.042 0.856 0.113 238.744 1169 245.685 1611.613 0 0
43596 2 10 7 0 0.104 0.307 0.042 0.856 0.113 240.383 1394 245.979 1762.787 0 0
43596 3 10 7 0 0.104 0.307 0.042 0.856 0.113 243.526 1455 247.675 1982.807 0 0
43596 4 10 7 0 0.104 0.307 0.042 0.856 0.113 240.66 1130 245.062 1457.367 0 0
43596 5 10 7 0 0.104 0.307 0.042 0.856 0.113 235.856 1039 244.356 1453.52 0 0
43596 6 10 7 0 0.104 0.307 0.042 0.856 0.113 242.379 1330 246.591 1745.273 0 0
43596 7 10 7 0 0.104 0.307 0.042 0.856 0.113 240.402 1216 245.799 1639.64 0 0
43596 8 10 7 0 0.104 0.307 0.042 0.856 0.113 243.624 1532 247.248 1895.493 0 0
43596 9 10 7 0 0.104 0.307 0.042 0.856 0.113 239.22 1378 244.769 1670.567 0 0
43596 10 10 7 0 0.104 0.307 0.042 0.856 0.113 240.917 1199 245.398 1636.947 0 0
43596 1 10 7 0 0.065 0.073 0.197 0.898 0.799 178.158 0 179.83 0 0 1
43596 2 10 7 0 0.065 0.073 0.197 0.898 0.799 209.159 0 209.973 0 0 1
43596 3 10 7 0 0.065 0.073 0.197 0.898 0.799 158.916 1 160.03 1 0 1
43596 4 10 7 0 0.065 0.073 0.197 0.898 0.799 177.859 0 179.762 0 0 1
43596 5 10 7 0 0.065 0.073 0.197 0.898 0.799 168.36 0 170.092 0 0 1
43596 6 10 7 0 0.065 0.073 0.197 0.898 0.799 168.508 0 169.849 0 0 1
43596 7 10 7 0 0.065 0.073 0.197 0.898 0.799 168.118 0 169.782 0 0 1
43596 8 10 7 0 0.065 0.073 0.197 0.898 0.799 139.186 0 139.944 0 0 1
43596 9 10 7 0 0.065 0.073 0.197 0.898 0.799 139.517 0 140.817 0 0 1
43596 10 10 7 0 0.065 0.073 0.197 0.898 0.799 148.986 0 149.953 0 0 1
43596 1 10 7 0 0.106 0.459 0.365 0.863 0.79 198.65 0 199.829 0 0 1
43596 2 10 7 0 0.106 0.459 0.365 0.863 0.79 149.288 0 150.839 0 0 1
43596 3 10 7 0 0.106 0.459 0.365 0.863 0.79 187.445 0 189.892 0 0 1
43596 4 10 7 0 0.106 0.459 0.365 0.863 0.79 189.258 0 190.021 0 0 1
43596 5 10 7 0 0.106 0.459 0.365 0.863 0.79 189 0 189.995 0 0 1
43596 6 10 7 0 0.106 0.459 0.365 0.863 0.79 168.464 0 169.933 0 0 1
43596 7 10 7 0 0.106 0.459 0.365 0.863 0.79 168.787 0 169.875 0 0 1
43596 8 10 7 0 0.106 0.459 0.365 0.863 0.79 168.353 0 169.939 0 0 1
43596 1 9 9 0 0.108 0.382 0.053 0.915 0.786 248.854 0 249.947 0 0 1
43596 2 9 9 0 0.108 0.382 0.053 0.915 0.786 178.865 0 180.269 0 0 1
43596 3 9 9 0 0.108 0.382 0.053 0.915 0.786 229.538 0 231.765 0 0 1
43596 4 9 9 0 0.108 0.382 0.053 0.915 0.786 231.503 0 244.108 0 0 1
43596 5 9 9 0 0.108 0.382 0.053 0.915 0.786 229.607 0 230.173 0 0 1
43596 6 9 9 0 0.108 0.382 0.053 0.915 0.786 249.312 0 249.954 0 0 1
43596 7 9 9 0 0.108 0.382 0.053 0.915 0.786 208.792 0 210.226 0 0 1
43596 8 9 9 0 0.108 0.382 0.053 0.915 0.786 209.461 0 210.194 0 0 1
43596 9 9 9 0 0.108 0.382 0.053 0.915 0.786 210.987 0 218.922 0 0 1
43596 10 9 9 0 0.108 0.382 0.053 0.915 0.786 209.237 0 210.505 0 0 1
43596 1 9 9 0 0.013 0.215 0.288 0.789 0.531 248.856 0 249.924 0 0 1
43596 2 9 9 0 0.013 0.215 0.288 0.789 0.531 231.448 0 243.678 0 0 1
43596 3 9 9 0 0.013 0.215 0.288 0.789 0.531 189.081 0 190.326 0 0 1
43596 4 9 9 0 0.013 0.215 0.288 0.789 0.531 248.985 0 249.956 0 0 1
43596 5 9 9 0 0.013 0.215 0.288 0.789 0.531 209.472 0 210.796 0 0 1
43596 6 9 9 0 0.013 0.215 0.288 0.789 0.531 229.492 0 236.74 0 0 1
43596 7 9 9 0 0.013 0.215 0.288 0.789 0.531 209.306 0 213.788 0 0 1
43596 8 9 9 0 0.013 0.215 0.288 0.789 0.531 209.462 0 210.298 0 0 1
43596 9 9 9 0 0.013 0.215 0.288 0.789 0.531 229 0 230.01 0 0 1
43596 10 9 9 0 0.013 0.215 0.288 0.789 0.531 229.483 0 230.075 0 0 1
43596 1 9 9 0 0.078 0.215 0.331 0.874 0.941 209.159 0 210.486 0 0 1
43596 2 9 9 0 0.078 0.215 0.331 0.874 0.941 229.095 0 229.975 0 0 1
43596 3 9 9 0 0.078 0.215 0.331 0.874 0.941 248.915 0 249.965 0 0 1
43596 4 9 9 0 0.078 0.215 0.331 0.874 0.941 198.822 0 200.142 0 0 1
43596 5 9 9 0 0.078 0.215 0.331 0.874 0.941 209.865 0 210.653 0 0 1
43596 6 9 9 0 0.078 0.215 0.331 0.874 0.941 240.37 0 249.564 0 0 1
43596 7 9 9 0 0.078 0.215 0.331 0.874 0.941 229.301 0 231.219 0 0 1
43596 8 9 9 0 0.078 0.215 0.331 0.874 0.941 248.911 0 249.965 0 0 1
43596 1 9 9 1 0.035 0.378 0.137 0.812 0.203 0 6 0.11 6 1 1
43596 2 9 9 1 0.035 0.378 0.137 0.812 0.203 42.193 281 97.809 477.507 0 0
43596 3 9 9 1 0.035 0.378 0.137 0.812 0.203 0 1 0 1.133 1 1
43596 4 9 9 1 0.035 0.378 0.137 0.812 0.203 0 6 0.215 8.66 1 0.76
43596 5 9 9 1 0.035 0.378 0.137 0.812 0.203 0 1 0 1 1 1
43596 6 9 9 1 0.035 0.378 0.137 0.812 0.203 0 0 0 0 1 1
43596 7 9 9 1 0.035 0.378 0.137 0.812 0.203 0 1 0.035 1 1 1
43596 8 9 9 1 0.035 0.378 0.137 0.812 0.203 0 4 0 4 1 1
43596 9 9 9 1 0.035 0.378 0.137 0.812 0.203 0 6 0 6 1 1
43596 10 9 9 1 0.035 0.378 0.137 0.812 0.203 0 5 0.001 5 1 1
43596 1 9 9 1 0.062 0.325 0.332 0.818 0.645 249.437 0 249.965 0 0 1
43596 2 9 9 1 0.062 0.325 0.332 0.818 0.645 209.747 0 210.499 0 0 1
43596 3 9 9 1 0.062 0.325 0.332 0.818 0.645 208.07 0 210.114 0 0 1
43596 4 9 9 1 0.062 0.325 0.332 0.818 0.645 249.192 0 249.952 0 0 1
43596 5 9 9 1 0.062 0.325 0.332 0.818 0.645 209.04 0 210.112 0 0 1
43596 6 9 9 1 0.062 0.325 0.332 0.818 0.645 219.406 0 220.095 0 0 1
43596 7 9 9 1 0.062 0.325 0.332 0.818 0.645 229.309 0 230.082 0 0 1
43596 8 9 9 1 0.062 0.325 0.332 0.818 0.645 209.529 0 210.346 0 0 1
43596 9 9 9 1 0.062 0.325 0.332 0.818 0.645 219.214 0 220.072 0 0 1
43596 10 9 9 1 0.062 0.325 0.332 0.818 0.645 249.506 0 249.985 0 0 1
43596 1 9 9 1 0.084 0.489 0.216 0.947 0.776 248.68 0 249.959 0 0 1
43596 2 9 9 1 0.084 0.489 0.216 0.947 0.776 189.286 0 190.237 0 0 1
43596 3 9 9 1 0.084 0.489 0.216 0.947 0.776 249.391 0 249.968 0 0 1
43596 4 9 9 1 0.084 0.489 0.216 0.947 0.776 181.961 0 186.064 0 0 1
43596 5 9 9 1 0.084 0.489 0.216 0.947 0.776 249.486 0 249.981 0 0 1
43596 6 9 9 1 0.084 0.489 0.216 0.947 0.776 209.022 0 217.793 0 0 1
43596 7 9 9 1 0.084 0.489 0.216 0.947 0.776 208.609 0 211.116 0 0 1
43596 1 7 9 0 0.076 0.335 0.171 0.847 0.462 198.016 1 200.209 1 0 1
43596 2 7 9 0 0.076 0.335 0.171 0.847 0.462 197.363 0 199.771 0 0 1
43596 3 7 9 0 0.076 0.335 0.171 0.847 0.462 199.233 0 200.108 0 0 1
43596 4 7 9 0 0.076 0.335 0.171 0.847 0.462 249.363 0 249.95 0 0 1
43596 5 7 9 0 0.076 0.335 0.171 0.847 0.462 198.559 0 200.472 0 0 1
43596 6 7 9 0 0.076 0.335 0.171 0.847 0.462 209.283 0 212.553 0.033 0 1
43596 7 7 9 0 0.076 0.335 0.171 0.847 0.462 189 0 189.969 0.007 0 1
43596 8 7 9 0 0.076 0.335 0.171 0.847 0.462 249.282 0 249.962 0 0 1
43596 9 7 9 0 0.076 0.335 0.171 0.847 0.462 228.657 0 229.986 0 0 1
43596 10 7 9 0 0.076 0.335 0.171 0.847 0.462 249.034 0 249.939 0 0 1
43596 1 7 9 0 0.072 0.142 0.34 0.979 0.566 189.601 0 198.193 0 0 1
43596 2 7 9 0 0.072 0.142 0.34 0.979 0.566 249.256 0 249.963 0 0 1
43596 3 7 9 0 0.072 0.142 0.34 0.979 0.566 229.597 0 230.296 0 0 1
43596 4 7 9 0 0.072 0.142 0.34 0.979 0.566 194.554 0 202.853 0 0 1
43596 5 7 9 0 0.072 0.142 0.34 0.979 0.566 239.156 0 249.113 0 0 1
43596 6 7 9 0 0.072 0.142 0.34 0.979 0.566 229.599 0 230.164 0 0 1
43596 7 7 9 0 0.072 0.142 0.34 0.979 0.566 229.451 0 230.061 0 0 1
43596 8 7 9 0 0.072 0.142 0.34 0.979 0.566 209.324 0 210.466 0 0 1
43596 9 7 9 0 0.072 0.142 0.34 0.979 0.566 229.343 0 230.117 0 0 1
43596 10 7 9 0 0.072 0.142 0.34 0.979 0.566 179.077 0 180.026 0 0 1
43596 1 7 9 0 0.011 0.077 0.322 0.899 0.493 249.426 0 249.967 0 0 1
43596 2 7 9 0 0.011 0.077 0.322 0.899 0.493 229.481 0 230.033 0 0 1
43596 3 7 9 0 0.011 0.077 0.322 0.899 0.493 229.215 0 230.174 0 0 1
43596 4 7 9 0 0.011 0.077 0.322 0.899 0.493 209.095 0 210.419 0 0 1
43596 5 7 9 0 0.011 0.077 0.322 0.899 0.493 231.642 0 244.202 0 0 1
43596 6 7 9 0 0.011 0.077 0.322 0.899 0.493 229.513 0 230.279 0 0 1
43596 7 7 9 0 0.011 0.077 0.322 0.899 0.493 249.007 0 249.957 0.967 0 1
43596 8 7 9 0 0.011 0.077 0.322 0.899 0.493 249.359 0 249.969 0 0 1
43596 9 7 9 0 0.011 0.077 0.322 0.899 0.493 196.791 1 200.361 1 0 1
43596 10 7 9 0 0.011 0.077 0.322 0.899 0.493 249.334 0 249.97 0 0 1
43596 1 7 9 0 0.096 0.434 0.367 0.996 0.324 229.089 0 230.179 0 0 1
43596 1 10 8 1 0.026 0.344 0.351 0.784 0.18 0 10 1.583 29.16 0.847 0
43596 2 10 8 1 0.026 0.344 0.351 0.784 0.18 0 8 0.371 10.447 1 0.487
43596 3 10 8 1 0.026 0.344 0.351 0.784 0.18 0 4 0.121 5.193 1 1
43596 4 10 8 1 0.026 0.344 0.351 0.784 0.18 0 8 0.099 8.133 1 0.96
43596 5 10 8 1 0.026 0.344 0.351 0.784 0.18 0 6 0.003 6.293 1 1
43596 6 10 8 1 0.026 0.344 0.351 0.784 0.18 0 10 0 10 1 0
43596 7 10 8 1 0.026 0.344 0.351 0.784 0.18 0 3 0.004 3 1 1
43596 8 10 8 1 0.026 0.344 0.351 0.784 0.18 0 4 0 4 1 1
43596 9 10 8 1 0.026 0.344 0.351 0.784 0.18 0 9 0.444 12.313 1 0.053
43596 10 10 8 1 0.026 0.344 0.351 0.784 0.18 0 5 0.061 5.333 1 0.98
43596 1 10 8 1 0.061 0.411 0.447 0.767 0.507 199.378 0 200.343 0 0 1
43596 2 10 8 1 0.061 0.411 0.447 0.767 0.507 198.318 0 199.973 0 0 1
43596 3 10 8 1 0.061 0.411 0.447 0.767 0.507 248.976 0 249.913 0 0 1
43596 4 10 8 1 0.061 0.411 0.447 0.767 0.507 199.458 0 200.114 0 0 1
43596 5 10 8 1 0.061 0.411 0.447 0.767 0.507 169.645 0 170.358 0 0 1
43596 6 10 8 1 0.061 0.411 0.447 0.767 0.507 247.907 0 249.922 0 0 1
43596 7 10 8 1 0.061 0.411 0.447 0.767 0.507 209.512 0 210.422 0 0 1
43596 8 10 8 1 0.061 0.411 0.447 0.767 0.507 208.837 0 210.241 0.413 0 1
43596 9 10 8 1 0.061 0.411 0.447 0.767 0.507 209.586 0 210.732 0 0 1
43596 10 10 8 1 0.061 0.411 0.447 0.767 0.507 199.176 0 200.551 0 0 1
43596 1 10 8 1 0.021 0.062 0.392 0.912 0.828 198.774 0 200.143 0 0 1
43596 2 10 8 1 0.021 0.062 0.392 0.912 0.828 229.186 0 230.078 0 0 1
43596 3 10 8 1 0.021 0.062 0.392 0.912 0.828 159.14 0 160.149 0 0 1
43596 4 10 8 1 0.021 0.062 0.392 0.912 0.828 229.149 0 229.987 0.013 0 1
43596 5 10 8 1 0.021 0.062 0.392 0.912 0.828 208.214 0 210.023 0 0 1
43596 6 10 8 1 0.021 0.062 0.392 0.912 0.828 229.421 0 230.048 0 0 1
43596 7 10 8 1 0.021 0.062 0.392 0.912 0.828 188.692 0 190.062 0 0 1
43596 8 10 8 1 0.021 0.062 0.392 0.912 0.828 209.161 0 210.124 0 0 1
43596 9 10 8 1 0.021 0.062 0.392 0.912 0.828 248.88 0 249.936 0 0 1
43596 10 10 8 1 0.021 0.062 0.392 0.912 0.828 229.282 0 234.898 0 0 1
43596 1 8 6 0 0.05 0.175 0.418 0.964 0.876 139.099 0 139.912 0 0 1
43596 2 8 6 0 0.05 0.175 0.418 0.964 0.876 98.213 1 99.912 1 0 1
43596 3 8 6 0 0.05 0.175 0.418 0.964 0.876 158.771 0 160.098 0 0 1
43596 4 8 6 0 0.05 0.175 0.418 0.964 0.876 148.875 0 149.826 0 0 1
43596 5 8 6 0 0.05 0.175 0.418 0.964 0.876 108.372 1 110.423 1 0 1
43596 1 9 4 0 0.064 0.023 0.142 0.796 0.352 0.448 17 1.212 27.607 1 0
43596 2 9 4 0 0.064 0.023 0.142 0.796 0.352 0.945 19 1.985 33.2 1 0
43596 3 9 4 0 0.064 0.023 0.142 0.796 0.352 0.846 12 1.494 22.253 1 0
43596 4 9 4 0 0.064 0.023 0.142 0.796 0.352 0.647 11 1.519 23.413 1 0
43596 5 9 4 0 0.064 0.023 0.142 0.796 0.352 0.547 17 1.309 29.393 1 0
43596 6 9 4 0 0.064 0.023 0.142 0.796 0.352 0.795 11 1.552 25.067 1 0
43596 7 9 4 0 0.064 0.023 0.142 0.796 0.352 0.199 12 0.957 22.76 1 0
43596 1 10 6 0 0.009 0.4 0.11 0.799 0.767 148.361 0 149.922 0 0 1
43596 2 10 6 0 0.009 0.4 0.11 0.799 0.767 167.818 0 169.686 0 0 1
43596 3 10 6 0 0.009 0.4 0.11 0.799 0.767 69.625 1 76.852 1 0 1
43596 4 10 6 0 0.009 0.4 0.11 0.799 0.767 167.234 0 169.576 0 0 1
43596 5 10 6 0 0.009 0.4 0.11 0.799 0.767 129.191 0 129.956 0 0 1
43596 1 9 8 1 0.114 0.159 0.391 0.822 0.378 209.388 0 210.069 0 0 1
43596 2 9 8 1 0.114 0.159 0.391 0.822 0.378 199.201 0 200.209 0 0 1
43596 3 9 8 1 0.114 0.159 0.391 0.822 0.378 188.488 0 189.983 0 0 1
43596 4 9 8 1 0.114 0.159 0.391 0.822 0.378 158.478 0 160.2 0 0 1
43596 5 9 8 1 0.114 0.159 0.391 0.822 0.378 208.496 0 210.291 0 0 1
43596 6 9 8 1 0.114 0.159 0.391 0.822 0.378 205.563 0 209.836 0 0 1
43596 1 7 9 0 0.001 0.264 0.498 0.803 0.445 249.115 0 249.951 0 0 1
43596 2 7 9 0 0.001 0.264 0.498 0.803 0.445 249.125 0 249.97 0 0 1
43596 3 7 9 0 0.001 0.264 0.498 0.803 0.445 249.363 0 249.972 0 0 1
43596 4 7 9 0 0.001 0.264 0.498 0.803 0.445 229.374 0 230.02 0 0 1
43596 1 9 3 0 0.014 0.031 0.448 0.874 0.27 0.844 20 1.639 34.107 1 0
43596 2 9 3 0 0.014 0.031 0.448 0.874 0.27 0.547 19 1.627 29.847 1 0
43596 3 9 3 0 0.014 0.031 0.448 0.874 0.27 0.547 13 1.539 26.54 1 0
43596 4 9 3 0 0.014 0.031 0.448 0.874 0.27 0.397 17 1.318 28.207 1 0
43596 5 9 3 0 0.014 0.031 0.448 0.874 0.27 0.696 16 1.443 27.24 1 0
43596 1 8 7 1 0.109 0.338 0.181 0.768 0.802 199.227 0 200.087 0 0 1
43596 2 8 7 1 0.109 0.338 0.181 0.768 0.802 159.354 0 160.03 0 0 1
43596 3 8 7 1 0.109 0.338 0.181 0.768 0.802 178.979 2 180.124 2 0 1
43596 4 8 7 1 0.109 0.338 0.181 0.768 0.802 189.326 1 190.649 1 0 1
43596 5 8 7 1 0.109 0.338 0.181 0.768 0.802 158.689 0 159.988 0 0 1
43596 6 8 7 1 0.109 0.338 0.181 0.768 0.802 139 0 139.975 0 0 1
43596 7 8 7 1 0.109 0.338 0.181 0.768 0.802 187.817 0 189.944 0 0 1
43596 8 8 7 1 0.109 0.338 0.181 0.768 0.802 189.092 0 189.942 0 0 1
43596 9 8 7 1 0.109 0.338 0.181 0.768 0.802 208.722 0 209.91 0 0 1
43596 10 8 7 1 0.109 0.338 0.181 0.768 0.802 169.371 0 169.998 0 0 1
43596 1 8 7 1 0.02 0.371 0.123 0.954 0.098 228.593 708 237.412 965.013 0 0
43596 2 8 7 1 0.02 0.371 0.123 0.954 0.098 232.158 673 239.049 999.627 0 0
43596 3 8 7 1 0.02 0.371 0.123 0.954 0.098 223.699 741 232.346 931.72 0 0
43596 4 8 7 1 0.02 0.371 0.123 0.954 0.098 228.079 654 238.316 976.507 0 0
43596 5 8 7 1 0.02 0.371 0.123 0.954 0.098 219.99 699 231.206 967.9 0 0
43596 6 8 7 1 0.02 0.371 0.123 0.954 0.098 235.707 750 240.835 992.487 0 0
43596 7 8 7 1 0.02 0.371 0.123 0.954 0.098 219.131 696 228.261 897.06 0 0
43596 8 8 7 1 0.02 0.371 0.123 0.954 0.098 214.338 649 221.045 869.533 0 0
43596 9 8 7 1 0.02 0.371 0.123 0.954 0.098 213.178 641 229.933 941.62 0 0
43596 10 8 7 1 0.02 0.371 0.123 0.954 0.098 227.758 680 235.579 928.72 0 0
43596 1 8 7 1 0.018 0.355 0.04 0.847 0.323 0 0 0 0 1 1
43596 1 8 9 0 0.06 0.351 0.064 0.953 0.803 229.15 0 230.09 0 0 1
43596 2 8 9 0 0.06 0.351 0.064 0.953 0.803 249.249 0 249.945 0 0 1
43596 3 8 9 0 0.06 0.351 0.064 0.953 0.803 229.327 0 232.012 0 0 1
43596 1 8 3 0 0.028 0.067 0.224 0.777 0.229 0 12 0.078 12 1 0
43596 2 8 3 0 0.028 0.067 0.224 0.777 0.229 0 17 0.625 24.687 1 0
43596 3 8 3 0 0.028 0.067 0.224 0.777 0.229 0.498 18 1.337 27.84 1 0
43596 1 9 8 1 0.031 0.156 0.06 0.905 0.183 0 6 0 6 1 1
43596 1 7 8 1 0.082 0.196 0.311 0.761 0.588 198.63 0 199.979 0 0 1
43596 2 7 8 1 0.082 0.196 0.311 0.761 0.588 198.033 0 200.1 0 0 1
43596 3 7 8 1 0.082 0.196 0.311 0.761 0.588 179.463 0 180.083 0 0 1
43596 4 7 8 1 0.082 0.196 0.311 0.761 0.588 169.076 0 170.169 0 0 1
43596 5 7 8 1 0.082 0.196 0.311 0.761 0.588 249.137 0 249.937 0 0 1
43596 6 7 8 1 0.082 0.196 0.311 0.761 0.588 209.351 1 210.051 1 0 1
43596 7 7 8 1 0.082 0.196 0.311 0.761 0.588 208.889 0 210.046 0 0 1
43596 8 7 8 1 0.082 0.196 0.311 0.761 0.588 179.154 0 180.221 0 0 1
43596 9 7 8 1 0.082 0.196 0.311 0.761 0.588 229.214 0 229.978 0 0 1
43596 10 7 8 1 0.082 0.196 0.311 0.761 0.588 168.715 0 170.096 0 0 1
43596 1 7 8 1 0.094 0.262 0.268 0.783 0.35 0 9 0.937 17.587 1 0.38
43596 2 7 8 1 0.094 0.262 0.268 0.783 0.35 0.498 13 1.52 24.98 1 0
43596 3 7 8 1 0.094 0.262 0.268 0.783 0.35 0.597 7 2.662 17.587 1 0.073
43596 4 7 8 1 0.094 0.262 0.268 0.783 0.35 0 14 0.104 14 1 0
43596 5 7 8 1 0.094 0.262 0.268 0.783 0.35 0 7 0.077 7 1 1
43596 6 7 8 1 0.094 0.262 0.268 0.783 0.35 0 5 0 5 1 1
43596 7 7 8 1 0.094 0.262 0.268 0.783 0.35 0 5 0.035 5 1 1
43596 8 7 8 1 0.094 0.262 0.268 0.783 0.35 0 5 0.07 5 1 1
43596 9 7 8 1 0.094 0.262 0.268 0.783 0.35 0.05 7 0.49 12.06 1 0.307
43596 10 7 8 1 0.094 0.262 0.268 0.783 0.35 0 4 0.061 4 1 1
43596 1 7 8 1 0.104 0.067 0.093 0.86 0.991 198.806 0 200.637 0 0 1
43596 2 7 8 1 0.104 0.067 0.093 0.86 0.991 209.113 0 210.115 0 0 1
43596 3 7 8 1 0.104 0.067 0.093 0.86 0.991 197.283 0 199.961 0 0 1
43596 4 7 8 1 0.104 0.067 0.093 0.86 0.991 189.061 0 190.345 0 0 1
43596 5 7 8 1 0.104 0.067 0.093 0.86 0.991 189.039 0 190.074 0 0 1
43596 6 7 8 1 0.104 0.067 0.093 0.86 0.991 199.52 0 203.571 0 0 1
43596 7 7 8 1 0.104 0.067 0.093 0.86 0.991 159.328 0 160.004 0 0 1
43596 8 7 8 1 0.104 0.067 0.093 0.86 0.991 199.168 0 200.184 0 0 1
43596 9 7 8 1 0.104 0.067 0.093 0.86 0.991 229.152 0 230.195 0 0 1
43596 10 7 8 1 0.104 0.067 0.093 0.86 0.991 209.253 0 210.045 0 0 1
43596 1 7 8 1 0.1 0.413 0.125 0.795 0.116 216.801 734 233.881 1020.127 0 0
43596 2 7 8 1 0.1 0.413 0.125 0.795 0.116 225.959 674 233.516 908.2 0 0
