92000 1 10 7 1 0.002 0.217 0.023 0.936 0.987 22.308 2 26.071 70.86 0 0.087
92000 2 10 7 1 0.002 0.217 0.023 0.936 0.987 10.987 1 15.27 61.6 0 0.187
92000 3 10 7 1 0.002 0.217 0.023 0.936 0.987 18.515 4 23.717 66.547 0 0.14
92000 4 10 7 1 0.002 0.217 0.023 0.936 0.987 18.871 6 21.105 49.64 0 0.12
92000 5 10 7 1 0.002 0.217 0.023 0.936 0.987 10.091 1 14.016 55 0 0.247
92000 1 10 7 1 0.067 0.36 0.216 0.894 0.817 9.56 6 13.616 53.273 0 0.1
92000 2 10 7 1 0.067 0.36 0.216 0.894 0.817 17.719 5 21.814 74.08 0 0.02
92000 3 10 7 1 0.067 0.36 0.216 0.894 0.817 16.189 1 22.016 67.407 0 0.247
92000 4 10 7 1 0.067 0.36 0.216 0.894 0.817 21.243 2 24.655 68.253 0 0.14
92000 5 10 7 1 0.067 0.36 0.216 0.894 0.817 0 0 0 0 1 1
92000 1 10 7 1 0.12 0.355 0.231 0.825 0.411 221.362 377 237.332 1114.113 0 0
92000 2 10 7 1 0.12 0.355 0.231 0.825 0.411 222.124 257 233.688 935.187 0 0
92000 3 10 7 1 0.12 0.355 0.231 0.825 0.411 227.602 494 237.617 1195.84 0 0
92000 4 10 7 1 0.12 0.355 0.231 0.825 0.411 230.808 284 240.181 1120.393 0 0
92000 5 10 7 1 0.12 0.355 0.231 0.825 0.411 231.254 353 239.079 1174.627 0 0
92000 1 10 7 1 0.001 0.102 0.145 0.86 0.83 18.46 1 23.624 69.467 0 0.133
92000 2 10 7 1 0.001 0.102 0.145 0.86 0.83 14.012 1 18.233 61.487 0 0.053
92000 3 10 7 1 0.001 0.102 0.145 0.86 0.83 19.982 1 23.569 78.973 0 0.113
92000 4 10 7 1 0.001 0.102 0.145 0.86 0.83 23.272 4 28.625 80.327 0 0.087
92000 5 10 7 1 0.001 0.102 0.145 0.86 0.83 23.845 1 28.635 64.24 0 0.153
92000 1 10 7 1 0.114 0.201 0.372 0.94 0.269 64.088 7 73.498 320.113 0 0.013
92000 2 10 7 1 0.114 0.201 0.372 0.94 0.269 73.686 111 80.617 373.787 0 0
92000 3 10 7 1 0.114 0.201 0.372 0.94 0.269 60.131 6 66.611 242.847 0 0.013
92000 4 10 7 1 0.114 0.201 0.372 0.94 0.269 95.174 8 106.055 362.74 0 0.04
92000 5 10 7 1 0.114 0.201 0.372 0.94 0.269 94.331 66 101.553 408.267 0 0
92000 1 10 7 1 0.017 0.495 0.235 0.997 0.049 246.357 2172 249.185 2948.52 0 0
92000 2 10 7 1 0.017 0.495 0.235 0.997 0.049 246.422 2372 249.031 3134.993 0 0
92000 3 10 7 1 0.017 0.495 0.235 0.997 0.049 246.344 2221 249.024 3025.78 0 0
92000 4 10 7 1 0.017 0.495 0.235 0.997 0.049 246.502 2647 249.411 3497.26 0 0
92000 5 10 7 1 0.017 0.495 0.235 0.997 0.049 242.397 2544 248.964 3362.187 0 0
92000 1 10 7 1 0.035 0.08 0.438 0.845 0.241 37.49 6 42.839 121.433 0 0.08
92000 2 10 7 1 0.035 0.08 0.438 0.845 0.241 32.463 6 38.385 110.007 0 0.033
92000 3 10 7 1 0.035 0.08 0.438 0.845 0.241 26.008 3 32.615 104.567 0 0.073
92000 4 10 7 1 0.035 0.08 0.438 0.845 0.241 29.727 4 37.183 117.287 0 0.047
92000 5 10 7 1 0.035 0.08 0.438 0.845 0.241 34.523 4 40.069 121.153 0 0.027
92000 1 10 7 1 0.006 0.284 0.194 0.867 0.846 12.56 2 15.76 64.487 0 0.18
92000 2 10 7 1 0.006 0.284 0.194 0.867 0.846 14.808 5 20.062 70.74 0 0.153
92000 3 10 7 1 0.006 0.284 0.194 0.867 0.846 4.435 3 6.51 45.893 0.18 0.067
92000 4 10 7 1 0.006 0.284 0.194 0.867 0.846 0 0 0 0 1 1
92000 5 10 7 1 0.006 0.284 0.194 0.867 0.846 19.706 1 26.656 72.6 0 0.22
92000 1 10 7 1 0.005 0.198 0.219 0.9 0.455 35.856 9 40.913 134.407 0 0.02
92000 2 10 7 1 0.005 0.198 0.219 0.9 0.455 43.116 5 49.738 153.873 0 0.02
92000 3 10 7 1 0.005 0.198 0.219 0.9 0.455 36.562 2 40.815 121.793 0 0.06
92000 4 10 7 1 0.005 0.198 0.219 0.9 0.455 36.394 1 42.288 144.973 0 0.193
92000 5 10 7 1 0.005 0.198 0.219 0.9 0.455 27.522 0 34.015 137.607 0 0.107
92000 1 10 7 1 0.005 0.223 0.174 0.928 0.976 13.083 3 15.542 49.327 0 0.267
92000 2 10 7 1 0.005 0.223 0.174 0.928 0.976 16.365 2 21.253 62.453 0 0.18
92000 3 10 7 1 0.005 0.223 0.174 0.928 0.976 8.264 4 12.454 59.827 0 0.133
92000 4 10 7 1 0.005 0.223 0.174 0.928 0.976 0 0 2.076 15.953 0.933 0.607
92000 5 10 7 1 0.005 0.223 0.174 0.928 0.976 8.567 2 14.323 68.373 0 0.14
92000 1 10 7 1 0.065 0.253 0.269 0.992 0.66 18.505 5 25.824 92.08 0 0.027
92000 2 10 7 1 0.065 0.253 0.269 0.992 0.66 30.841 4 34.981 91.253 0 0.093
92000 3 10 7 1 0.065 0.253 0.269 0.992 0.66 14.086 6 21.677 88.173 0 0.08
92000 4 10 7 1 0.065 0.253 0.269 0.992 0.66 11.185 2 15.016 66.493 0 0.067
92000 5 10 7 1 0.065 0.253 0.269 0.992 0.66 21.978 11 29.563 87.66 0 0
92000 1 10 7 1 0.049 0.25 0.422 0.816 0.081 236.448 1093 245.541 1862.9 0 0
92000 2 10 7 1 0.049 0.25 0.422 0.816 0.081 239.572 1224 245.039 1849.533 0 0
92000 3 10 7 1 0.049 0.25 0.422 0.816 0.081 238.473 1274 245.198 1870.067 0 0
92000 4 10 7 1 0.049 0.25 0.422 0.816 0.081 239.746 1243 245.498 1908 0 0
92000 5 10 7 1 0.049 0.25 0.422 0.816 0.081 236.946 886 244.94 1807.513 0 0
92000 1 10 7 1 0.116 0.032 0.068 0.984 0.037 248.994 5690 249.931 6305.96 0 0
92000 2 10 7 1 0.116 0.032 0.068 0.984 0.037 249.299 5356 249.953 7015.7 0 0
92000 3 10 7 1 0.116 0.032 0.068 0.984 0.037 249.257 5707 249.921 6540.167 0 0
92000 4 10 7 1 0.116 0.032 0.068 0.984 0.037 249.384 5732 249.951 7098.62 0 0
92000 5 10 7 1 0.116 0.032 0.068 0.984 0.037 248.581 5816 249.887 6634.727 0 0
92000 1 10 7 1 0.109 0.328 0.41 0.864 0.134 243.197 1792 248.148 2622.427 0 0
92000 2 10 7 1 0.109 0.328 0.41 0.864 0.134 242.031 1579 248.261 2643.647 0 0
92000 3 10 7 1 0.109 0.328 0.41 0.864 0.134 241.226 1496 247.496 2613.233 0 0
92000 4 10 7 1 0.109 0.328 0.41 0.864 0.134 245.545 1783 248.8 2789.24 0 0
92000 5 10 7 1 0.109 0.328 0.41 0.864 0.134 242.228 1656 248.581 2765.393 0 0
92000 1 10 7 1 0.038 0.124 0.341 0.816 0.825 17.679 6 22.405 80.18 0 0.127
92000 2 10 7 1 0.038 0.124 0.341 0.816 0.825 10.262 3 16.987 60.027 0 0.213
92000 3 10 7 1 0.038 0.124 0.341 0.816 0.825 11.463 1 15.157 53.56 0 0.267
92000 4 10 7 1 0.038 0.124 0.341 0.816 0.825 19.705 3 24.838 66.167 0 0.1
92000 5 10 7 1 0.038 0.124 0.341 0.816 0.825 18.117 3 22.57 79.167 0 0.093
92000 1 10 7 1 0.071 0.371 0.448 0.945 0.669 6.829 3 13.139 40.86 0 0.213
92000 2 10 7 1 0.071 0.371 0.448 0.945 0.669 2.067 7 4.787 44.94 0.607 0.107
92000 3 10 7 1 0.071 0.371 0.448 0.945 0.669 14.337 3 17.788 60.213 0 0.093
92000 4 10 7 1 0.071 0.371 0.448 0.945 0.669 18.866 1 24.173 67.447 0 0.213
92000 5 10 7 1 0.071 0.371 0.448 0.945 0.669 17.498 4 21.324 69.767 0 0.113
92000 1 10 7 1 0.109 0.33 0.289 0.989 0.154 247.424 2316 249.463 3381.193 0 0
92000 2 10 7 1 0.109 0.33 0.289 0.989 0.154 246.346 2501 249.222 3349.167 0 0
92000 3 10 7 1 0.109 0.33 0.289 0.989 0.154 243.199 2512 248.962 3222.907 0 0
92000 4 10 7 1 0.109 0.33 0.289 0.989 0.154 247.124 2637 249.255 3120.34 0 0
92000 5 10 7 1 0.109 0.33 0.289 0.989 0.154 245.914 2302 249.128 3002.653 0 0
92000 1 10 7 1 0.025 0.276 0.113 1 0.758 25.969 17 31.465 104.527 0 0
92000 2 10 7 1 0.025 0.276 0.113 1 0.758 24.786 20 28.078 117.227 0 0
92000 3 10 7 1 0.025 0.276 0.113 1 0.758 21.278 18 26.235 104.393 0 0
92000 4 10 7 1 0.025 0.276 0.113 1 0.758 29.273 4 36.28 126.453 0 0.067
92000 5 10 7 1 0.025 0.276 0.113 1 0.758 26.342 14 31.172 113.04 0 0
92000 1 10 7 1 0.103 0.373 0.139 0.91 0.43 242.739 1976 248.749 3148.7 0 0
92000 2 10 7 1 0.103 0.373 0.139 0.91 0.43 245.293 1456 248.765 2600.793 0 0
92000 3 10 7 1 0.103 0.373 0.139 0.91 0.43 240.072 1840 247.72 2521.24 0 0
92000 4 10 7 1 0.103 0.373 0.139 0.91 0.43 242.796 1674 248.58 2747.707 0 0
92000 5 10 7 1 0.103 0.373 0.139 0.91 0.43 243.599 1551 248.643 2626.72 0 0
92000 1 10 7 1 0.014 0.21 0.251 0.93 0.043 242.479 2511 248.855 3258.627 0 0
92000 2 10 7 1 0.014 0.21 0.251 0.93 0.043 244.408 2029 249.152 3116.873 0 0
92000 3 10 7 1 0.014 0.21 0.251 0.93 0.043 246.388 2514 249.416 3367.873 0 0
92000 1 9 6 0 0.008 0.208 0.286 0.978 0.485 30.477 2 36.394 98.8 0 0.067
92000 2 9 6 0 0.008 0.208 0.286 0.978 0.485 29.383 0 39.882 111.213 0 0.26
92000 3 9 6 0 0.008 0.208 0.286 0.978 0.485 25.683 7 31.558 93.733 0 0.06
92000 4 9 6 0 0.008 0.208 0.286 0.978 0.485 31.588 2 35.98 109.527 0 0.127
92000 5 9 6 0 0.008 0.208 0.286 0.978 0.485 29.252 3 36.604 101.773 0 0.187
92000 1 9 6 0 0.1 0.029 0.348 0.792 0.565 15.396 2 18.393 69.213 0 0.067
92000 2 9 6 0 0.1 0.029 0.348 0.792 0.565 5.63 6 12.88 55.533 0 0.027
92000 3 9 6 0 0.1 0.029 0.348 0.792 0.565 0 0 0 0 1 1
92000 4 9 6 0 0.1 0.029 0.348 0.792 0.565 18.869 4 24.545 78.667 0 0.113
92000 5 9 6 0 0.1 0.029 0.348 0.792 0.565 17.134 3 21.517 65.88 0 0.08
92000 1 9 6 0 0.092 0.332 0.014 0.856 0.075 250 21906 250 27168.253 0 0
92000 2 9 6 0 0.092 0.332 0.014 0.856 0.075 246.722 20079 249.765 25750.2 0 0
92000 3 9 6 0 0.092 0.332 0.014 0.856 0.075 246.43 24328 249.847 28094.513 0 0
92000 4 9 6 0 0.092 0.332 0.014 0.856 0.075 250 22184 250 24386.833 0 0
92000 5 9 6 0 0.092 0.332 0.014 0.856 0.075 249 23835 249.962 27888.607 0 0
92000 1 9 6 0 0.035 0.33 0.089 0.786 0.043 238.616 413 248.25 4401.627 0 0
92000 2 9 6 0 0.035 0.33 0.089 0.786 0.043 245.38 2820 249.086 5031.34 0 0
92000 3 9 6 0 0.035 0.33 0.089 0.786 0.043 244.703 2797 249.155 4847.193 0 0
92000 4 9 6 0 0.035 0.33 0.089 0.786 0.043 238.898 1483 248.788 4442.787 0 0
92000 5 9 6 0 0.035 0.33 0.089 0.786 0.043 236.173 823 247.459 4246.127 0 0
92000 1 9 6 0 0.07 0.119 0.383 0.948 0.421 25.073 2 29.894 84 0 0.26
92000 2 9 6 0 0.07 0.119 0.383 0.948 0.421 14.44 3 18.424 68.26 0 0.2
92000 3 9 6 0 0.07 0.119 0.383 0.948 0.421 11.514 3 16.167 61.18 0 0.113
92000 4 9 6 0 0.07 0.119 0.383 0.948 0.421 23.077 1 28.897 98.013 0 0.227
92000 5 9 6 0 0.07 0.119 0.383 0.948 0.421 23.627 2 27.534 100.787 0 0.193
92000 1 9 6 0 0.041 0.338 0.15 0.991 0.276 220.374 3 239.066 1457.487 0 0.253
92000 2 9 6 0 0.041 0.338 0.15 0.991 0.276 227.651 6 239.295 1289.673 0 0.033
92000 3 9 6 0 0.041 0.338 0.15 0.991 0.276 223.309 0 239.113 1539.673 0 0.28
92000 4 9 6 0 0.041 0.338 0.15 0.991 0.276 221.702 5 239.243 1557.047 0 0.053
92000 5 9 6 0 0.041 0.338 0.15 0.991 0.276 223.434 7 239.936 1463.227 0 0.1
92000 1 9 6 0 0.061 0.178 0.4 0.757 0.705 9.827 6 13.619 61.92 0 0.093
92000 2 9 6 0 0.061 0.178 0.4 0.757 0.705 20.695 3 26.49 72.113 0 0.067
92000 3 9 6 0 0.061 0.178 0.4 0.757 0.705 22.451 2 27.006 69.913 0 0.167
92000 4 9 6 0 0.061 0.178 0.4 0.757 0.705 0 0 0.286 1.42 1 1
92000 5 9 6 0 0.061 0.178 0.4 0.757 0.705 17.576 3 20.454 70.72 0 0.073
92000 1 9 6 0 0.101 0.356 0.448 0.808 0.589 0 1 2.26 10.047 0.88 0.6
92000 2 9 6 0 0.101 0.356 0.448 0.808 0.589 12.84 2 18.112 64.453 0 0.253
92000 3 9 6 0 0.101 0.356 0.448 0.808 0.589 16.882 4 21.965 76.66 0 0.113
92000 4 9 6 0 0.101 0.356 0.448 0.808 0.589 0 0 0 0 1 1
92000 5 9 6 0 0.101 0.356 0.448 0.808 0.589 23.119 2 29.508 65.153 0 0.173
92000 1 9 6 0 0.068 0.103 0.212 0.804 0.776 0 0 0 0 1 1
92000 2 9 6 0 0.068 0.103 0.212 0.804 0.776 0 1 1.486 11.32 0.907 0.707
92000 3 9 6 0 0.068 0.103 0.212 0.804 0.776 15.274 3 23.315 71.22 0 0.193
92000 4 9 6 0 0.068 0.103 0.212 0.804 0.776 1.52 1 5.541 26.887 0.38 0.227
92000 5 9 6 0 0.068 0.103 0.212 0.804 0.776 17.25 2 22.773 56.533 0 0.26
92000 1 9 6 0 0.105 0.223 0.041 0.883 0.766 26.336 4 31.273 86.66 0 0.167
92000 2 9 6 0 0.105 0.223 0.041 0.883 0.766 19.236 7 22.864 82.28 0 0.033
92000 3 9 6 0 0.105 0.223 0.041 0.883 0.766 23.443 6 31.619 110 0 0.04
92000 4 9 6 0 0.105 0.223 0.041 0.883 0.766 17.86 4 27.116 102.593 0 0.027
92000 5 9 6 0 0.105 0.223 0.041 0.883 0.766 19.177 5 25.504 99.567 0 0.047
92000 1 9 6 0 0.027 0.237 0.154 0.755 0.387 155.699 2 172.754 425.193 0 0.34
92000 2 9 6 0 0.027 0.237 0.154 0.755 0.387 110.622 5 133.895 396.467 0 0.24
92000 3 9 6 0 0.027 0.237 0.154 0.755 0.387 110.784 2 132.386 352.367 0 0.393
92000 4 9 6 0 0.027 0.237 0.154 0.755 0.387 148.198 5 157.444 420.947 0 0.08
92000 5 9 6 0 0.027 0.237 0.154 0.755 0.387 167.892 4 183.118 464.54 0 0.367
92000 1 9 6 0 0.072 0.43 0.177 0.852 0.082 229.809 9 244.18 2542.373 0 0.033
92000 2 9 6 0 0.072 0.43 0.177 0.852 0.082 224.694 4 243.636 2816.48 0 0.04
92000 3 9 6 0 0.072 0.43 0.177 0.852 0.082 233.994 273 245.568 2861.107 0 0
92000 4 9 6 0 0.072 0.43 0.177 0.852 0.082 235.179 410 245.997 3120.18 0 0
92000 5 9 6 0 0.072 0.43 0.177 0.852 0.082 229.458 8 245.338 2917.127 0 0.007
92000 1 9 6 0 0.047 0.165 0.077 0.842 0.308 222.77 4 241.043 1748.827 0 0.18
92000 2 9 6 0 0.047 0.165 0.077 0.842 0.308 224.748 4 239.976 1576.633 0 0.133
92000 3 9 6 0 0.047 0.165 0.077 0.842 0.308 223.552 7 239.267 1486.247 0 0.14
92000 4 9 6 0 0.047 0.165 0.077 0.842 0.308 220.333 8 239.178 1641.047 0 0.073
92000 5 9 6 0 0.047 0.165 0.077 0.842 0.308 224.764 5 240.519 1576.7 0 0.173
92000 1 9 6 0 0.106 0.04 0.342 0.789 0.997 6.88 2 14.4 61.353 0 0.2
92000 2 9 6 0 0.106 0.04 0.342 0.789 0.997 3.168 3 7.598 48.153 0.167 0.087
92000 3 9 6 0 0.106 0.04 0.342 0.789 0.997 3.977 3 6.468 47.947 0.427 0.067
92000 4 9 6 0 0.106 0.04 0.342 0.789 0.997 18.576 2 24.974 71.847 0 0.18
92000 5 9 6 0 0.106 0.04 0.342 0.789 0.997 0 0 0 0 1 1
92000 1 9 6 0 0.077 0.195 0.056 0.934 0.412 218.724 2 239.779 1454.753 0 0.187
92000 2 9 6 0 0.077 0.195 0.056 0.934 0.412 220.919 5 238.146 1616 0 0.153
92000 3 9 6 0 0.077 0.195 0.056 0.934 0.412 222.279 5 239.421 1562.493 0 0.2
92000 4 9 6 0 0.077 0.195 0.056 0.934 0.412 225.049 11 240.029 1390.333 0 0
92000 5 9 6 0 0.077 0.195 0.056 0.934 0.412 218.038 5 240.394 1504.22 0 0.22
92000 1 9 6 0 0.013 0.217 0.115 0.887 0.162 222.534 3 240.445 1482.513 0 0.22
92000 2 9 6 0 0.013 0.217 0.115 0.887 0.162 226.613 8 239.48 1536.08 0 0.013
92000 3 9 6 0 0.013 0.217 0.115 0.887 0.162 220.191 8 239.637 1647.74 0 0.08
92000 4 9 6 0 0.013 0.217 0.115 0.887 0.162 225.722 6 241.115 1737.6 0 0.04
92000 5 9 6 0 0.013 0.217 0.115 0.887 0.162 222.686 6 239.585 1486.833 0 0.107
92000 1 9 6 0 0.087 0.492 0.005 0.88 0.176 248 17669 249.96 21974.24 0 0
92000 2 9 6 0 0.087 0.492 0.005 0.88 0.176 243.633 17175 249.368 23462.067 0 0
92000 3 9 6 0 0.087 0.492 0.005 0.88 0.176 249 18159 249.971 23774.313 0 0
92000 4 9 6 0 0.087 0.492 0.005 0.88 0.176 249.532 16991 249.997 22460.9 0 0
92000 5 9 6 0 0.087 0.492 0.005 0.88 0.176 246 19131 249.749 24296.347 0 0
92000 1 9 6 0 0.09 0.293 0.279 0.774 0.994 5.097 1 9.47 60.82 0 0.3
92000 2 9 6 0 0.09 0.293 0.279 0.774 0.994 21.535 2 27.394 69 0 0.06
92000 3 9 6 0 0.09 0.293 0.279 0.774 0.994 0 0 0 0 1 1
92000 4 9 6 0 0.09 0.293 0.279 0.774 0.994 21.271 5 25.845 79.373 0 0.207
92000 5 9 6 0 0.09 0.293 0.279 0.774 0.994 12.688 0 16.265 62.78 0 0.187
92000 1 9 6 0 0.031 0.142 0.249 0.92 0.536 26.22 3 30.997 91.327 0 0.18
92000 2 9 6 0 0.031 0.142 0.249 0.92 0.536 26.029 8 32.488 96.56 0 0.013
92000 3 9 6 0 0.031 0.142 0.249 0.92 0.536 31.794 2 37.583 97.38 0 0.287
92000 1 10 9 0 0.098 0.275 0.313 0.797 0.29 201.782 3 229.071 605.56 0 0.38
92000 2 10 9 0 0.098 0.275 0.313 0.797 0.29 207.753 2 221.322 635.093 0 0.22
92000 3 10 9 0 0.098 0.275 0.313 0.797 0.29 187.204 6 206.757 546.313 0 0.2
92000 4 10 9 0 0.098 0.275 0.313 0.797 0.29 208.698 3 223.63 642.8 0 0.34
92000 5 10 9 0 0.098 0.275 0.313 0.797 0.29 212.154 3 225.115 583.787 0 0.247
92000 1 10 9 0 0.047 0.167 0.148 0.753 0.752 103.213 0 117.582 104.613 0 0.347
92000 2 10 9 0 0.047 0.167 0.148 0.753 0.752 70.745 3 85.174 84.907 0 0.213
92000 3 10 9 0 0.047 0.167 0.148 0.753 0.752 180.048 0 194.093 122.253 0 0.587
92000 4 10 9 0 0.047 0.167 0.148 0.753 0.752 180.713 2 193.49 109.333 0 0.547
92000 5 10 9 0 0.047 0.167 0.148 0.753 0.752 178.962 3 189.409 114.933 0 0.487
92000 1 10 9 0 0.016 0.476 0.065 0.825 0.003 246.476 13186 249.771 22731.02 0 0
92000 2 10 9 0 0.016 0.476 0.065 0.825 0.003 250 14223 250 22422.573 0 0
92000 3 10 9 0 0.016 0.476 0.065 0.825 0.003 246.653 17933 249.844 25324.607 0 0
92000 4 10 9 0 0.016 0.476 0.065 0.825 0.003 247.672 11622 249.927 21833.78 0 0
92000 5 10 9 0 0.016 0.476 0.065 0.825 0.003 249 21400 249.98 25989.3 0 0
92000 1 10 9 0 0.033 0.236 0.415 0.767 0.191 192.945 5 204.748 413.227 0 0.187
92000 2 10 9 0 0.033 0.236 0.415 0.767 0.191 150.553 1 166.11 373.853 0 0.273
92000 3 10 9 0 0.033 0.236 0.415 0.767 0.191 187.726 1 206.913 445.167 0 0.32
92000 4 10 9 0 0.033 0.236 0.415 0.767 0.191 186.233 3 205.26 357.54 0 0.467
92000 5 10 9 0 0.033 0.236 0.415 0.767 0.191 185.896 6 205.894 465.167 0 0.1
92000 1 10 9 0 0.033 0.475 0.318 0.76 0.07 224.802 5 242.589 1674.553 0 0.333
92000 2 10 9 0 0.033 0.475 0.318 0.76 0.07 219.631 5 240.1 1601.98 0 0.24
92000 3 10 9 0 0.033 0.475 0.318 0.76 0.07 221.215 8 241.293 1675.653 0 0.06
92000 4 10 9 0 0.033 0.475 0.318 0.76 0.07 224.713 0 240.118 1561.48 0 0.32
92000 5 10 9 0 0.033 0.475 0.318 0.76 0.07 222.777 3 241.005 1740.853 0 0.327
92000 1 10 9 0 0.085 0.205 0.123 0.922 0.796 85.287 0 93.696 53.46 0 0.353
92000 2 10 9 0 0.085 0.205 0.123 0.922 0.796 133.369 2 141.024 84.36 0 0.573
92000 3 10 9 0 0.085 0.205 0.123 0.922 0.796 119.119 1 127.682 70.58 0 0.593
92000 4 10 9 0 0.085 0.205 0.123 0.922 0.796 77.448 1 85.79 76.62 0 0.387
92000 5 10 9 0 0.085 0.205 0.123 0.922 0.796 35.056 3 39.18 67.5 0 0.247
92000 1 10 9 0 0.051 0.415 0.499 0.836 0.793 129.433 0 139.821 93.96 0 0.633
92000 2 10 9 0 0.051 0.415 0.499 0.836 0.793 55.33 0 60.775 62.993 0 0.24
92000 3 10 9 0 0.051 0.415 0.499 0.836 0.793 69.342 2 102.164 81.06 0 0.547
92000 4 10 9 0 0.051 0.415 0.499 0.836 0.793 37.672 1 42.891 50.593 0 0.307
92000 5 10 9 0 0.051 0.415 0.499 0.836 0.793 22.271 1 27.519 34.853 0 0.4
92000 1 10 9 0 0.099 0.425 0.029 0.871 0.293 245.783 3868 249.284 5922.64 0 0
92000 2 10 9 0 0.099 0.425 0.029 0.871 0.293 243.594 1290 249.276 6395.273 0 0
92000 3 10 9 0 0.099 0.425 0.029 0.871 0.293 246 4305 249.686 6673.2 0 0
92000 4 10 9 0 0.099 0.425 0.029 0.871 0.293 245.538 4493 249.225 6902.62 0 0
92000 5 10 9 0 0.099 0.425 0.029 0.871 0.293 245.349 5235 249.635 7079.48 0 0
92000 1 10 9 0 0.091 0.414 0.016 0.968 0.67 62.707 12 73.17 240.813 0 0
92000 2 10 9 0 0.091 0.414 0.016 0.968 0.67 86.305 3 95.283 249.66 0 0.173
92000 3 10 9 0 0.091 0.414 0.016 0.968 0.67 60.736 7 69.774 192.227 0 0.06
92000 4 10 9 0 0.091 0.414 0.016 0.968 0.67 58.546 1 68.471 212.927 0 0.18
92000 5 10 9 0 0.091 0.414 0.016 0.968 0.67 51.711 10 59.698 197.58 0 0
92000 1 10 9 0 0.076 0.334 0.094 0.957 0.911 69.753 1 86.962 62.893 0 0.473
92000 2 10 9 0 0.076 0.334 0.094 0.957 0.911 27.394 1 35.497 47.58 0 0.407
92000 3 10 9 0 0.076 0.334 0.094 0.957 0.911 36.357 0 39.742 43.173 0 0.26
92000 4 10 9 0 0.076 0.334 0.094 0.957 0.911 99.408 0 119.761 77.88 0 0.58
92000 5 10 9 0 0.076 0.334 0.094 0.957 0.911 107.549 3 115.155 89.867 0 0.427
92000 1 10 9 0 0.006 0.094 0.031 0.849 0.79 202.448 2 213.917 169.82 0 0.5
92000 2 10 9 0 0.006 0.094 0.031 0.849 0.79 191.634 2 204.332 166.667 0 0.493
92000 3 10 9 0 0.006 0.094 0.031 0.849 0.79 182.006 1 199.281 164.867 0 0.513
92000 4 10 9 0 0.006 0.094 0.031 0.849 0.79 186.913 1 199.003 156.373 0 0.46
92000 5 10 9 0 0.006 0.094 0.031 0.849 0.79 195.072 3 205.411 171.713 0 0.493
92000 1 10 9 0 0.1 0.2 0.18 0.934 0.682 124.063 2 135.932 107.853 0 0.44
92000 2 10 9 0 0.1 0.2 0.18 0.934 0.682 48.091 4 54.968 68.547 0 0.18
92000 3 10 9 0 0.1 0.2 0.18 0.934 0.682 120.657 4 134.711 109.56 0 0.327
92000 4 10 9 0 0.1 0.2 0.18 0.934 0.682 115.591 2 130.686 87.953 0 0.373
92000 5 10 9 0 0.1 0.2 0.18 0.934 0.682 41.834 1 48.771 69.6 0 0.313
92000 1 10 9 0 0.079 0.095 0.402 0.869 0.924 56.591 1 61.154 49.66 0 0.453
92000 2 10 9 0 0.079 0.095 0.402 0.869 0.924 19.884 0 27.773 22.253 0 0.507
92000 3 10 9 0 0.079 0.095 0.402 0.869 0.924 25.369 2 29.289 47.84 0 0.08
92000 4 10 9 0 0.079 0.095 0.402 0.869 0.924 47.094 1 69.057 62.147 0 0.573
92000 5 10 9 0 0.079 0.095 0.402 0.869 0.924 62.447 1 67.278 53.647 0 0.367
92000 1 10 9 0 0.048 0.253 0.027 0.796 0.958 0 0 0 0 1 1
92000 2 10 9 0 0.048 0.253 0.027 0.796 0.958 14.433 0 18.61 46.8 0 0.307
92000 3 10 9 0 0.048 0.253 0.027 0.796 0.958 7.558 0 11.932 40.613 0 0.347
92000 4 10 9 0 0.048 0.253 0.027 0.796 0.958 16.493 4 22.719 54.093 0 0.08
92000 5 10 9 0 0.048 0.253 0.027 0.796 0.958 28.657 0 39.823 32.32 0 0.433
92000 1 10 9 0 0.006 0.31 0.098 0.84 0.085 226.053 5 241.991 1725.653 0 0.28
92000 2 10 9 0 0.006 0.31 0.098 0.84 0.085 221.246 4 237.511 1839.5 0 0.147
92000 3 10 9 0 0.006 0.31 0.098 0.84 0.085 223 8 241.268 1899.467 0 0.093
92000 4 10 9 0 0.006 0.31 0.098 0.84 0.085 214.53 5 237.29 1715.293 0 0.14
92000 5 10 9 0 0.006 0.31 0.098 0.84 0.085 221.993 4 240.022 1714.18 0 0.273
92000 1 10 9 0 0.108 0.241 0.327 0.834 0.684 90.011 0 95.667 58.093 0 0.547
92000 2 10 9 0 0.108 0.241 0.327 0.834 0.684 74.833 1 81.125 61.993 0 0.307
92000 3 10 9 0 0.108 0.241 0.327 0.834 0.684 48.652 0 53.242 55.58 0 0.227
92000 4 10 9 0 0.108 0.241 0.327 0.834 0.684 50.069 0 71.262 63.98 0 0.493
92000 5 10 9 0 0.108 0.241 0.327 0.834 0.684 23.655 2 27.897 35.547 0 0.247
92000 1 10 9 0 0.109 0.404 0.057 0.939 0.945 56.915 2 64.532 62.933 0 0.38
92000 2 10 9 0 0.109 0.404 0.057 0.939 0.945 40.503 2 45.126 52.233 0 0.287
92000 3 10 9 0 0.109 0.404 0.057 0.939 0.945 124.846 0 132.603 82.9 0 0.587
92000 4 10 9 0 0.109 0.404 0.057 0.939 0.945 111.491 2 119.758 103.387 0 0.387
92000 5 10 9 0 0.109 0.404 0.057 0.939 0.945 26.802 3 32.034 38.527 0 0.267
92000 1 10 9 0 0.08 0.463 0.352 0.854 0.089 221.532 4 241.07 1891.82 0 0.213
92000 2 10 9 0 0.08 0.463 0.352 0.854 0.089 226.795 9 240.076 1852.12 0 0.04
92000 3 10 9 0 0.08 0.463 0.352 0.854 0.089 221.88 2 239.755 1649.467 0 0.287
92000 4 10 9 0 0.08 0.463 0.352 0.854 0.089 228.843 6 242.389 1985.087 0 0.2
92000 5 10 9 0 0.08 0.463 0.352 0.854 0.089 219.838 5 239.948 1723.127 0 0.193
92000 1 10 9 0 0.027 0.416 0.257 0.935 0.813 111.736 0 124.553 74.227 0 0.58
92000 2 10 9 0 0.027 0.416 0.257 0.935 0.813 97.538 1 104.743 71.173 0 0.493
92000 3 10 9 0 0.027 0.416 0.257 0.935 0.813 0 0 0 0 1 1
92000 4 10 9 0 0.027 0.416 0.257 0.935 0.813 147.548 0 155.374 114.247 0 0.58
92000 5 10 9 0 0.027 0.416 0.257 0.935 0.813 119.667 0 125.266 81.873 0 0.573
92000 1 10 9 0 0.034 0.29 0.307 0.854 0.319 133.842 1 154.342 272.673 0 0.4
92000 2 10 9 0 0.034 0.29 0.307 0.854 0.319 117.751 1 128.904 247.96 0 0.467
92000 3 10 9 0 0.034 0.29 0.307 0.854 0.319 156.421 0 173.14 301.32 0 0.42
92000 4 10 9 0 0.034 0.29 0.307 0.854 0.319 125.708 2 139.723 276.373 0 0.427
92000 5 10 9 0 0.034 0.29 0.307 0.854 0.319 145.428 0 162.408 339.367 0 0.393
92000 1 10 9 0 0.038 0.445 0.433 0.805 0.227 177.283 3 190.688 459.553 0 0.18
92000 2 10 9 0 0.038 0.445 0.433 0.805 0.227 194.778 1 212.771 436.46 0 0.32
92000 3 10 9 0 0.038 0.445 0.433 0.805 0.227 193.311 4 205.604 454.933 0 0.28
92000 4 10 9 0 0.038 0.445 0.433 0.805 0.227 180.124 0 200.809 392.753 0 0.453
92000 5 10 9 0 0.038 0.445 0.433 0.805 0.227 198.707 5 217.782 562.4 0 0.193
92000 1 10 9 0 0.103 0.317 0.365 0.811 0.035 230.244 7 244.081 3037.133 0 0.027
92000 2 10 9 0 0.103 0.317 0.365 0.811 0.035 233.971 11 244.463 2780.773 0 0
92000 1 10 5 1 0.108 0.268 0.125 0.795 0.696 25.648 26 31.53 127.567 0 0
92000 2 10 5 1 0.108 0.268 0.125 0.795 0.696 36.646 30 41.786 132.593 0 0
92000 3 10 5 1 0.108 0.268 0.125 0.795 0.696 33.043 29 38.207 121.093 0 0
92000 4 10 5 1 0.108 0.268 0.125 0.795 0.696 32.633 37 37.188 140.22 0 0
92000 5 10 5 1 0.108 0.268 0.125 0.795 0.696 36.457 17 42.08 129.673 0 0
92000 1 10 5 1 0.057 0.128 0.397 0.98 0.294 37.678 6 42.594 143.433 0 0.033
92000 2 10 5 1 0.057 0.128 0.397 0.98 0.294 29.311 2 36.151 133.667 0 0.073
92000 3 10 5 1 0.057 0.128 0.397 0.98 0.294 33.075 5 41.977 157 0 0.093
92000 4 10 5 1 0.057 0.128 0.397 0.98 0.294 34.673 4 40.371 134.973 0 0.04
92000 5 10 5 1 0.057 0.128 0.397 0.98 0.294 27.78 1 36.016 141.42 0 0.08
92000 1 10 5 1 0.027 0.496 0.36 0.806 0.296 51.293 48 61.114 317.02 0 0
92000 2 10 5 1 0.027 0.496 0.36 0.806 0.296 63.146 124 73.929 403.287 0 0
92000 3 10 5 1 0.027 0.496 0.36 0.806 0.296 72.298 158 81.329 389.873 0 0
92000 4 10 5 1 0.027 0.496 0.36 0.806 0.296 69.934 144 76.906 377.913 0 0
92000 5 10 5 1 0.027 0.496 0.36 0.806 0.296 70.506 129 77.231 391.227 0 0
92000 1 10 5 1 0.09 0.373 0.271 0.847 0.325 229.956 922 242.733 1492.973 0 0
92000 2 10 5 1 0.09 0.373 0.271 0.847 0.325 237.128 1037 243.471 1747.627 0 0
92000 3 10 5 1 0.09 0.373 0.271 0.847 0.325 235.829 710 244.353 1641.86 0 0
92000 4 10 5 1 0.09 0.373 0.271 0.847 0.325 236.536 702 242.399 1488.22 0 0
92000 5 10 5 1 0.09 0.373 0.271 0.847 0.325 237.442 981 244.727 1666.56 0 0
92000 1 10 5 1 0.019 0.112 0.045 0.905 0.57 54.491 27 64.248 330.86 0 0
92000 2 10 5 1 0.019 0.112 0.045 0.905 0.57 52.412 70 56.944 313.707 0 0
92000 3 10 5 1 0.019 0.112 0.045 0.905 0.57 39.992 26 47.072 244.993 0 0
92000 4 10 5 1 0.019 0.112 0.045 0.905 0.57 49.406 116 58.091 294.88 0 0
92000 5 10 5 1 0.019 0.112 0.045 0.905 0.57 57.649 93 63.024 284.72 0 0
92000 1 10 5 1 0.004 0.405 0.202 0.89 0.747 22.788 5 29.165 83.007 0 0.113
92000 2 10 5 1 0.004 0.405 0.202 0.89 0.747 24.971 8 29.575 92.393 0 0.04
92000 3 10 5 1 0.004 0.405 0.202 0.89 0.747 19.948 8 24.927 92.807 0 0.027
92000 4 10 5 1 0.004 0.405 0.202 0.89 0.747 22.376 9 26.886 85.88 0 0.007
92000 5 10 5 1 0.004 0.405 0.202 0.89 0.747 24.697 8 28.527 90.913 0 0.02
92000 1 10 5 1 0.03 0.193 0.478 0.924 0.693 15.589 1 21.828 66.84 0 0.127
92000 2 10 5 1 0.03 0.193 0.478 0.924 0.693 5.322 2 8.22 44.173 0 0.08
92000 3 10 5 1 0.03 0.193 0.478 0.924 0.693 14.807 3 23.579 64.34 0 0.167
92000 4 10 5 1 0.03 0.193 0.478 0.924 0.693 21.08 4 24.884 81.18 0 0.14
92000 5 10 5 1 0.03 0.193 0.478 0.924 0.693 21.568 5 25.68 84.287 0 0.047
92000 1 10 5 1 0.027 0.034 0.018 0.921 0.513 226.85 320 234.839 921.593 0 0
92000 2 10 5 1 0.027 0.034 0.018 0.921 0.513 165.411 273 172.037 685.127 0 0
92000 3 10 5 1 0.027 0.034 0.018 0.921 0.513 218.65 298 229.121 957.527 0 0
92000 4 10 5 1 0.027 0.034 0.018 0.921 0.513 195.417 473 201.412 894.76 0 0
92000 5 10 5 1 0.027 0.034 0.018 0.921 0.513 225.715 475 233.522 1011.767 0 0
92000 1 10 5 1 0.036 0.351 0.356 0.924 0.862 28.929 3 32.68 75.553 0 0.08
92000 2 10 5 1 0.036 0.351 0.356 0.924 0.862 26.473 0 33.408 68.473 0 0.207
92000 3 10 5 1 0.036 0.351 0.356 0.924 0.862 21.144 2 25.959 67.187 0 0.213
92000 4 10 5 1 0.036 0.351 0.356 0.924 0.862 15.526 2 24.291 74.747 0 0.14
92000 5 10 5 1 0.036 0.351 0.356 0.924 0.862 20.554 3 26.238 79.773 0 0.2
92000 1 10 5 1 0.093 0.407 0.417 0.824 0.027 248.68 3804 249.767 4568.893 0 0
92000 2 10 5 1 0.093 0.407 0.417 0.824 0.027 248.626 3923 249.718 4465.107 0 0
92000 3 10 5 1 0.093 0.407 0.417 0.824 0.027 248.16 4603 249.815 5241.393 0 0
92000 4 10 5 1 0.093 0.407 0.417 0.824 0.027 248.553 3758 249.649 4409.107 0 0
92000 5 10 5 1 0.093 0.407 0.417 0.824 0.027 248.437 3250 249.71 4291.26 0 0
92000 1 10 5 1 0.105 0.031 0.35 0.901 0.076 39.841 53 50.082 220.82 0 0
92000 2 10 5 1 0.105 0.031 0.35 0.901 0.076 50.147 60 54.062 225.7 0 0
92000 3 10 5 1 0.105 0.031 0.35 0.901 0.076 47.893 62 56.023 236.627 0 0
92000 4 10 5 1 0.105 0.031 0.35 0.901 0.076 43.023 66 49.501 220.82 0 0
92000 5 10 5 1 0.105 0.031 0.35 0.901 0.076 45.174 31 53.336 228.013 0 0
92000 1 10 5 1 0.067 0.364 0.01 0.814 0.92 25.351 41 29.315 118.98 0 0
92000 2 10 5 1 0.067 0.364 0.01 0.814 0.92 25.888 34 30.851 126.213 0 0
92000 3 10 5 1 0.067 0.364 0.01 0.814 0.92 18.687 36 26.292 128.487 0 0
92000 4 10 5 1 0.067 0.364 0.01 0.814 0.92 27.88 56 30.999 132.56 0 0
92000 5 10 5 1 0.067 0.364 0.01 0.814 0.92 21.573 31 25.576 121.007 0 0
92000 1 10 5 1 0.012 0.028 0.003 0.999 0.231 249.476 6174 249.969 7340.84 0 0
92000 2 10 5 1 0.012 0.028 0.003 0.999 0.231 249.338 6601 249.945 7848.133 0 0
92000 3 10 5 1 0.012 0.028 0.003 0.999 0.231 249.086 5420 249.906 6522.7 0 0
92000 4 10 5 1 0.012 0.028 0.003 0.999 0.231 249.148 5851 249.934 7137.567 0 0
92000 5 10 5 1 0.012 0.028 0.003 0.999 0.231 248.578 5687 249.869 6485.027 0 0
92000 1 10 5 1 0.03 0.451 0.498 0.902 0.159 231.583 403 238.292 1226.787 0 0
92000 2 10 5 1 0.03 0.451 0.498 0.902 0.159 224.554 429 235.085 1236.087 0 0
92000 3 10 5 1 0.03 0.451 0.498 0.902 0.159 227.184 336 238.16 1156.747 0 0
92000 4 10 5 1 0.03 0.451 0.498 0.902 0.159 222.804 423 235.082 1258.747 0 0
92000 5 10 5 1 0.03 0.451 0.498 0.902 0.159 215.728 173 230.339 1131.387 0 0
92000 1 10 5 1 0.054 0.19 0.168 0.911 0.611 38.686 20 43.582 134.893 0 0
92000 2 10 5 1 0.054 0.19 0.168 0.911 0.611 33.193 4 39.346 117.693 0 0.073
92000 3 10 5 1 0.054 0.19 0.168 0.911 0.611 37.939 4 42.516 136.493 0 0.027
92000 4 10 5 1 0.054 0.19 0.168 0.911 0.611 32.205 2 36.372 103.1 0 0.087
92000 5 10 5 1 0.054 0.19 0.168 0.911 0.611 32.164 8 36.546 131.293 0 0.027
92000 1 10 5 1 0.014 0.082 0.371 0.892 0.834 22.221 1 27.15 55.38 0 0.227
92000 2 10 5 1 0.014 0.082 0.371 0.892 0.834 26.967 4 33.67 79 0 0.093
92000 3 10 5 1 0.014 0.082 0.371 0.892 0.834 17.23 2 23.754 84.947 0 0.24
92000 4 10 5 1 0.014 0.082 0.371 0.892 0.834 18.458 6 21.72 78.98 0 0.033
92000 5 10 5 1 0.014 0.082 0.371 0.892 0.834 19.002 2 26.991 74.86 0 0.233
92000 1 10 5 1 0.107 0.036 0.062 0.792 0.811 22.968 5 26.224 74.527 0 0.047
92000 2 10 5 1 0.107 0.036 0.062 0.792 0.811 18.129 2 24.06 59.42 0 0.207
92000 3 10 5 1 0.107 0.036 0.062 0.792 0.811 18.244 0 25.804 79.5 0 0.253
92000 4 10 5 1 0.107 0.036 0.062 0.792 0.811 19.459 4 28.152 93.66 0 0.14
92000 5 10 5 1 0.107 0.036 0.062 0.792 0.811 18.816 5 25.706 90.34 0 0.1
92000 1 10 5 1 0.036 0.439 0.304 0.843 0.974 19.277 3 25.819 59.84 0 0.14
92000 2 10 5 1 0.036 0.439 0.304 0.843 0.974 11.687 2 21 83.34 0 0.153
92000 3 10 5 1 0.036 0.439 0.304 0.843 0.974 13.648 5 19.151 67.327 0 0.04
92000 4 10 5 1 0.036 0.439 0.304 0.843 0.974 0 0 0 0 1 1
92000 5 10 5 1 0.036 0.439 0.304 0.843 0.974 17.583 3 22.915 75.527 0 0.1
92000 1 10 5 1 0.049 0.022 0.328 0.948 0.119 32.317 5 38.184 121.813 0 0.113
92000 1 10 9 1 0.051 0.465 0.296 0.885 0.613 24.775 7 30.967 111.32 0 0.007
92000 2 10 9 1 0.051 0.465 0.296 0.885 0.613 30.181 12 34.798 109.333 0 0
92000 3 10 9 1 0.051 0.465 0.296 0.885 0.613 26.239 11 31.765 103.773 0 0
92000 4 10 9 1 0.051 0.465 0.296 0.885 0.613 21.45 8 26.414 92 0 0.007
92000 5 10 9 1 0.051 0.465 0.296 0.885 0.613 22.805 15 27.788 125.153 0 0
92000 1 10 9 1 0.111 0.498 0.189 0.999 0.333 243.404 2476 248.845 3143.693 0 0
92000 2 10 9 1 0.111 0.498 0.189 0.999 0.333 243.134 1868 248.022 2832.34 0 0
92000 3 10 9 1 0.111 0.498 0.189 0.999 0.333 242.893 2121 248.837 3183.127 0 0
92000 4 10 9 1 0.111 0.498 0.189 0.999 0.333 245.247 2649 248.991 3363.587 0 0
92000 5 10 9 1 0.111 0.498 0.189 0.999 0.333 240.462 2124 248.604 3398.08 0 0
92000 1 10 9 1 0.114 0.151 0.405 0.856 0.385 123.564 3 130.592 96.747 0 0.2
92000 2 10 9 1 0.114 0.151 0.405 0.856 0.385 36.196 3 43.461 122.307 0 0.22
92000 3 10 9 1 0.114 0.151 0.405 0.856 0.385 36.384 3 54.868 111.953 0 0.187
92000 4 10 9 1 0.114 0.151 0.405 0.856 0.385 29.159 4 35.334 95.967 0 0.073
92000 5 10 9 1 0.114 0.151 0.405 0.856 0.385 54.487 1 64.732 102.427 0 0.32
92000 1 10 9 1 0.12 0.465 0.479 0.776 0.859 62.149 0 74.206 74.293 0 0.34
92000 2 10 9 1 0.12 0.465 0.479 0.776 0.859 95.828 0 102.192 66.067 0 0.527
92000 3 10 9 1 0.12 0.465 0.479 0.776 0.859 0 0 0 0 1 1
92000 4 10 9 1 0.12 0.465 0.479 0.776 0.859 30.74 0 35.824 43 0 0.467
92000 5 10 9 1 0.12 0.465 0.479 0.776 0.859 17.274 3 22.347 56.427 0 0.227
92000 1 10 9 1 0.111 0.011 0.204 0.802 0.486 34.324 0 42.955 49.913 0 0.4
92000 2 10 9 1 0.111 0.011 0.204 0.802 0.486 135.274 0 146.877 102.327 0 0.553
92000 3 10 9 1 0.111 0.011 0.204 0.802 0.486 133.28 1 139.798 90.707 0 0.473
92000 4 10 9 1 0.111 0.011 0.204 0.802 0.486 133.919 0 148.373 94.213 0 0.56
92000 5 10 9 1 0.111 0.011 0.204 0.802 0.486 114.104 0 122.58 73.073 0 0.6
92000 1 10 9 1 0.05 0.414 0.094 0.888 0.915 95.188 1 103.923 81.08 0 0.413
92000 2 10 9 1 0.05 0.414 0.094 0.888 0.915 109.916 0 119.288 82.727 0 0.613
92000 3 10 9 1 0.05 0.414 0.094 0.888 0.915 38.474 1 44.163 49.487 0 0.473
92000 4 10 9 1 0.05 0.414 0.094 0.888 0.915 24.135 1 31.171 58.787 0 0.24
92000 5 10 9 1 0.05 0.414 0.094 0.888 0.915 64.84 0 72.257 63.333 0 0.347
92000 1 10 9 1 0.024 0.039 0.165 0.804 0.88 53.787 1 57.838 40.407 0 0.393
92000 2 10 9 1 0.024 0.039 0.165 0.804 0.88 36.388 0 39.296 31.407 0 0.427
92000 3 10 9 1 0.024 0.039 0.165 0.804 0.88 133.776 0 139.368 93.773 0 0.493
92000 4 10 9 1 0.024 0.039 0.165 0.804 0.88 117.229 3 124.708 88.927 0 0.46
92000 5 10 9 1 0.024 0.039 0.165 0.804 0.88 51.897 0 59.063 59.98 0 0.44
92000 1 10 9 1 0.081 0.238 0.294 0.967 0.064 247.192 2867 249.586 3658.887 0 0
92000 2 10 9 1 0.081 0.238 0.294 0.967 0.064 245.434 2785 249.418 3713.64 0 0
92000 3 10 9 1 0.081 0.238 0.294 0.967 0.064 245.877 2709 249.354 3564.953 0 0
92000 4 10 9 1 0.081 0.238 0.294 0.967 0.064 248.034 2725 249.527 3660.013 0 0
92000 5 10 9 1 0.081 0.238 0.294 0.967 0.064 246.484 2693 249.282 3419.807 0 0
92000 1 10 9 1 0.03 0.226 0.073 0.791 0.299 242.64 1652 248.153 2948.153 0 0
92000 2 10 9 1 0.03 0.226 0.073 0.791 0.299 245.105 1890 249.02 3244.413 0 0
92000 3 10 9 1 0.03 0.226 0.073 0.791 0.299 241.886 2098 248.714 3000.42 0 0
92000 4 10 9 1 0.03 0.226 0.073 0.791 0.299 245.392 2006 248.928 3032.62 0 0
92000 5 10 9 1 0.03 0.226 0.073 0.791 0.299 238.048 1728 247.443 2957.14 0 0
92000 1 10 9 1 0.095 0.399 0.12 0.889 0.974 117.569 0 127.018 86.82 0 0.62
92000 2 10 9 1 0.095 0.399 0.12 0.889 0.974 0 0 0 0 1 1
92000 3 10 9 1 0.095 0.399 0.12 0.889 0.974 29.432 2 35.915 49.047 0 0.187
92000 4 10 9 1 0.095 0.399 0.12 0.889 0.974 113.908 1 119.696 74.993 0 0.52
92000 5 10 9 1 0.095 0.399 0.12 0.889 0.974 61.234 0 65.489 59.36 0 0.293
92000 1 10 9 1 0.026 0.028 0.284 0.901 0.209 29.054 2 34.629 79.867 0 0.047
92000 2 10 9 1 0.026 0.028 0.284 0.901 0.209 26.696 3 37.729 112.033 0 0.153
92000 3 10 9 1 0.026 0.028 0.284 0.901 0.209 25.088 4 31.177 111.353 0 0.1
92000 4 10 9 1 0.026 0.028 0.284 0.901 0.209 72.24 2 85.769 82.633 0 0.46
92000 5 10 9 1 0.026 0.028 0.284 0.901 0.209 28.588 1 36.271 104.473 0 0.247
92000 1 10 9 1 0.013 0.462 0.417 0.9 0.995 117.377 1 126.313 86.727 0 0.633
92000 2 10 9 1 0.013 0.462 0.417 0.9 0.995 73.121 2 81.586 61.92 0 0.407
92000 3 10 9 1 0.013 0.462 0.417 0.9 0.995 26.021 0 30.422 55.533 0 0.22
92000 4 10 9 1 0.013 0.462 0.417 0.9 0.995 28.77 1 36.508 47.42 0 0.32
92000 5 10 9 1 0.013 0.462 0.417 0.9 0.995 133.253 1 145.774 105.507 0 0.327
92000 1 10 9 1 0.089 0.221 0.417 0.781 0.869 137.586 2 145.719 104.52 0 0.427
92000 2 10 9 1 0.089 0.221 0.417 0.781 0.869 114.684 0 122.56 80.613 0 0.58
92000 3 10 9 1 0.089 0.221 0.417 0.781 0.869 101.145 0 109.728 61.953 0 0.707
92000 4 10 9 1 0.089 0.221 0.417 0.781 0.869 105.334 0 115.582 82.633 0 0.673
92000 5 10 9 1 0.089 0.221 0.417 0.781 0.869 211.502 2 221.938 142.7 0 0.633
92000 1 10 9 1 0.086 0.271 0.146 0.886 0.327 239.196 1744 248.234 2942.66 0 0
92000 2 10 9 1 0.086 0.271 0.146 0.886 0.327 239.234 1859 247.991 2933.387 0 0
92000 3 10 9 1 0.086 0.271 0.146 0.886 0.327 244.275 2328 248.805 3175.547 0 0
92000 4 10 9 1 0.086 0.271 0.146 0.886 0.327 242.677 2507 248.766 3412.547 0 0
92000 5 10 9 1 0.086 0.271 0.146 0.886 0.327 245.725 2348 248.959 3188.187 0 0
92000 1 10 9 1 0.034 0.012 0.418 0.851 0.212 49.284 1 56.35 58.033 0 0.367
92000 2 10 9 1 0.034 0.012 0.418 0.851 0.212 61.503 0 66.897 49.133 0 0.487
92000 3 10 9 1 0.034 0.012 0.418 0.851 0.212 25.211 0 42.112 49.22 0 0.48
92000 4 10 9 1 0.034 0.012 0.418 0.851 0.212 45.556 3 55.591 47.373 0 0.3
92000 5 10 9 1 0.034 0.012 0.418 0.851 0.212 119.09 0 129.29 83.613 0 0.513
92000 1 10 9 1 0.009 0.367 0.4 0.912 0.379 37.576 6 41.783 127.333 0 0.06
92000 2 10 9 1 0.009 0.367 0.4 0.912 0.379 32.763 3 38.977 123.733 0 0.1
92000 3 10 9 1 0.009 0.367 0.4 0.912 0.379 39.441 1 43.668 134.54 0 0.18
92000 4 10 9 1 0.009 0.367 0.4 0.912 0.379 32.413 6 42.92 120.22 0 0.027
92000 5 10 9 1 0.009 0.367 0.4 0.912 0.379 37.77 2 42.446 126.62 0 0.093
92000 1 10 9 1 0.09 0.434 0.211 0.963 0.226 246.164 2598 249.222 3526.353 0 0
92000 2 10 9 1 0.09 0.434 0.211 0.963 0.226 242.685 2444 248.795 3393.153 0 0
92000 3 10 9 1 0.09 0.434 0.211 0.963 0.226 245.115 2442 249.142 3261.273 0 0
92000 4 10 9 1 0.09 0.434 0.211 0.963 0.226 243.982 1843 248.206 2978.62 0 0
92000 5 10 9 1 0.09 0.434 0.211 0.963 0.226 245.49 2653 249.092 3388.04 0 0
92000 1 10 9 1 0.026 0.147 0.027 0.804 0.667 50.343 60 58.507 238.813 0 0
92000 2 10 9 1 0.026 0.147 0.027 0.804 0.667 40.201 28 48.495 211.887 0 0
92000 3 10 9 1 0.026 0.147 0.027 0.804 0.667 47.585 8 54.073 236.573 0 0.007
92000 4 10 9 1 0.026 0.147 0.027 0.804 0.667 47.211 70 52.615 234.68 0 0
92000 5 10 9 1 0.026 0.147 0.027 0.804 0.667 43.206 26 48.529 229.013 0 0
92000 1 10 9 1 0.054 0.401 0.206 0.804 0.052 249.196 4739 249.889 5371.707 0 0
92000 2 10 9 1 0.054 0.401 0.206 0.804 0.052 248.595 4270 249.829 4944.987 0 0
92000 3 10 9 1 0.054 0.401 0.206 0.804 0.052 247.937 3670 249.708 4546.733 0 0
92000 1 10 8 1 0.106 0.11 0.377 0.774 0.1 182.81 173 198.923 855.533 0 0
92000 2 10 8 1 0.106 0.11 0.377 0.774 0.1 196.3 129 209.303 795.887 0 0
92000 3 10 8 1 0.106 0.11 0.377 0.774 0.1 181.963 62 190.444 709.873 0 0
92000 4 10 8 1 0.106 0.11 0.377 0.774 0.1 187.622 64 202.334 757.807 0 0
92000 5 10 8 1 0.106 0.11 0.377 0.774 0.1 210.292 241 226.352 876.347 0 0
92000 1 10 8 1 0.02 0.004 0.32 0.803 0.679 8.274 2 15.126 63.533 0 0.113
92000 2 10 8 1 0.02 0.004 0.32 0.803 0.679 13.27 2 16.161 55.753 0 0.187
92000 3 10 8 1 0.02 0.004 0.32 0.803 0.679 11.674 3 18.441 66.4 0 0.187
92000 4 10 8 1 0.02 0.004 0.32 0.803 0.679 51.257 0 56.752 62.833 0 0.42
92000 5 10 8 1 0.02 0.004 0.32 0.803 0.679 18.002 1 23.382 59.873 0 0.133
92000 1 10 8 1 0.035 0.366 0.442 0.795 0.898 39.472 3 46.027 64.047 0 0.233
92000 2 10 8 1 0.035 0.366 0.442 0.795 0.898 33.628 1 41.747 61.053 0 0.287
92000 3 10 8 1 0.035 0.366 0.442 0.795 0.898 35.468 1 39.402 53.18 0 0.147
92000 4 10 8 1 0.035 0.366 0.442 0.795 0.898 9.856 2 14.412 60.433 0 0.253
92000 5 10 8 1 0.035 0.366 0.442 0.795 0.898 17.509 3 20.948 71.16 0 0.06
92000 1 10 8 1 0.101 0.159 0.425 0.994 0.011 248.415 3997 249.77 4815.347 0 0
92000 2 10 8 1 0.101 0.159 0.425 0.994 0.011 248.586 3686 249.819 4472.82 0 0
92000 3 10 8 1 0.101 0.159 0.425 0.994 0.011 248.948 4228 249.846 4890.693 0 0
92000 4 10 8 1 0.101 0.159 0.425 0.994 0.011 248.198 3985 249.836 5270.88 0 0
92000 5 10 8 1 0.101 0.159 0.425 0.994 0.011 248.645 3814 249.782 4572.02 0 0
92000 1 10 8 1 0.026 0.006 0.18 0.992 0.998 15.283 2 21.3 60.26 0 0.107
92000 2 10 8 1 0.026 0.006 0.18 0.992 0.998 21.254 1 25.74 63.213 0 0.353
92000 3 10 8 1 0.026 0.006 0.18 0.992 0.998 0 0 0 0 1 1
92000 4 10 8 1 0.026 0.006 0.18 0.992 0.998 13.523 4 17.461 54.867 0 0.167
92000 5 10 8 1 0.026 0.006 0.18 0.992 0.998 0 0 0 0 1 1
92000 1 10 8 1 0.005 0.375 0.303 0.839 0.425 30.245 3 38.114 130.02 0 0.113
92000 2 10 8 1 0.005 0.375 0.303 0.839 0.425 36.765 3 42.861 141.967 0 0.02
92000 3 10 8 1 0.005 0.375 0.303 0.839 0.425 39.152 3 44.609 138.927 0 0.24
92000 4 10 8 1 0.005 0.375 0.303 0.839 0.425 37.595 3 41.812 130.3 0 0.04
92000 5 10 8 1 0.005 0.375 0.303 0.839 0.425 34.625 2 43.946 150.467 0 0.167
92000 1 10 8 1 0.038 0.111 0.339 0.915 0.178 94.469 126 103.121 415.3 0 0
92000 2 10 8 1 0.038 0.111 0.339 0.915 0.178 84.701 26 97.617 383.98 0 0
92000 3 10 8 1 0.038 0.111 0.339 0.915 0.178 77.012 42 88.124 352.433 0 0
92000 4 10 8 1 0.038 0.111 0.339 0.915 0.178 87.249 5 99.621 355.107 0 0.033
92000 5 10 8 1 0.038 0.111 0.339 0.915 0.178 62.489 30 77.265 382.28 0 0
92000 1 10 8 1 0.003 0.393 0.378 0.877 0.169 212.733 1 233.716 1200.48 0 0.013
92000 2 10 8 1 0.003 0.393 0.378 0.877 0.169 230.41 194 239.765 1254.167 0 0
92000 3 10 8 1 0.003 0.393 0.378 0.877 0.169 224.413 173 236.501 1160.347 0 0
92000 4 10 8 1 0.003 0.393 0.378 0.877 0.169 221.741 103 234.113 1231.6 0 0
92000 5 10 8 1 0.003 0.393 0.378 0.877 0.169 222.886 108 237.584 1235.127 0 0
92000 1 10 8 1 0.092 0.306 0.18 0.76 0.42 231.976 362 241.485 1408.76 0 0
92000 2 10 8 1 0.092 0.306 0.18 0.76 0.42 234.367 289 242.423 1321.627 0 0
92000 3 10 8 1 0.092 0.306 0.18 0.76 0.42 230.332 448 241.983 1401.127 0 0
92000 4 10 8 1 0.092 0.306 0.18 0.76 0.42 232.498 727 242.224 1575.52 0 0
92000 5 10 8 1 0.092 0.306 0.18 0.76 0.42 235.922 768 243.734 1444.447 0 0
92000 1 10 8 1 0.021 0.052 0.122 0.797 0.262 146.602 74 154.057 577.5 0 0
92000 2 10 8 1 0.021 0.052 0.122 0.797 0.262 109.243 61 116.422 464.52 0 0
92000 3 10 8 1 0.021 0.052 0.122 0.797 0.262 120.098 101 127.052 548.9 0 0
92000 4 10 8 1 0.021 0.052 0.122 0.797 0.262 104.194 6 112.997 556.613 0 0.007
92000 5 10 8 1 0.021 0.052 0.122 0.797 0.262 112.186 71 119.497 422.66 0 0
92000 1 10 8 1 0.027 0.491 0.124 0.786 0.542 48.433 30 58.849 268.34 0 0
92000 2 10 8 1 0.027 0.491 0.124 0.786 0.542 53.96 6 72.004 303.46 0 0.013
92000 3 10 8 1 0.027 0.491 0.124 0.786 0.542 56.143 111 61.436 327.04 0 0
92000 4 10 8 1 0.027 0.491 0.124 0.786 0.542 50.833 17 57.487 296.56 0 0
92000 5 10 8 1 0.027 0.491 0.124 0.786 0.542 59.934 7 64.346 288.607 0 0.007
92000 1 10 8 1 0.02 0.113 0.411 0.964 0.631 19.677 2 31.666 53.107 0 0.307
92000 2 10 8 1 0.02 0.113 0.411 0.964 0.631 26.15 3 33.272 77.4 0 0.113
92000 3 10 8 1 0.02 0.113 0.411 0.964 0.631 0 0 0 0 1 1
92000 4 10 8 1 0.02 0.113 0.411 0.964 0.631 1.941 3 5.791 46.887 0.407 0.08
92000 5 10 8 1 0.02 0.113 0.411 0.964 0.631 58.371 0 67.621 53.967 0 0.373
92000 1 10 8 1 0.096 0.191 0.362 0.988 0.923 13.016 0 18.856 53.28 0 0.153
92000 2 10 8 1 0.096 0.191 0.362 0.988 0.923 6.44 1 15.574 42.467 0 0.227
92000 3 10 8 1 0.096 0.191 0.362 0.988 0.923 24.019 3 27.839 71.533 0 0.113
92000 4 10 8 1 0.096 0.191 0.362 0.988 0.923 7.156 2 12.731 49.4 0 0.167
92000 5 10 8 1 0.096 0.191 0.362 0.988 0.923 53.302 2 59.616 49.693 0 0.36
92000 1 10 8 1 0.073 0.215 0.24 0.807 0.291 219.66 71 235.497 1087.907 0 0
92000 2 10 8 1 0.073 0.215 0.24 0.807 0.291 220.131 525 234.592 1320.74 0 0
92000 3 10 8 1 0.073 0.215 0.24 0.807 0.291 223.612 269 237.462 1152.267 0 0
92000 4 10 8 1 0.073 0.215 0.24 0.807 0.291 231.376 244 239.699 1208.447 0 0
92000 5 10 8 1 0.073 0.215 0.24 0.807 0.291 222.715 389 239.335 1185.413 0 0
92000 1 10 8 1 0.054 0.193 0.315 0.876 0.949 0 0 0 0 1 1
92000 2 10 8 1 0.054 0.193 0.315 0.876 0.949 18.568 1 23.141 61.953 0 0.247
92000 3 10 8 1 0.054 0.193 0.315 0.876 0.949 13.212 1 16.63 61.013 0 0.193
92000 4 10 8 1 0.054 0.193 0.315 0.876 0.949 20.105 1 24.301 55.533 0 0.193
92000 5 10 8 1 0.054 0.193 0.315 0.876 0.949 16.698 1 22.014 45.513 0 0.173
92000 1 10 8 1 0.013 0.117 0.144 0.79 0.546 38.642 2 43.057 134.893 0 0.06
92000 2 10 8 1 0.013 0.117 0.144 0.79 0.546 38.775 1 45.964 139.293 0 0.073
92000 3 10 8 1 0.013 0.117 0.144 0.79 0.546 32.073 4 36.104 123.287 0 0.027
92000 4 10 8 1 0.013 0.117 0.144 0.79 0.546 31.543 0 36.819 124.84 0 0.107
92000 5 10 8 1 0.013 0.117 0.144 0.79 0.546 27.109 2 33.989 116.267 0 0.093
92000 1 10 8 1 0.09 0.085 0.276 0.767 0.598 13.969 1 19.428 65.547 0 0.193
92000 2 10 8 1 0.09 0.085 0.276 0.767 0.598 23.125 3 31.661 71.233 0 0.08
92000 3 10 8 1 0.09 0.085 0.276 0.767 0.598 10.566 2 15.509 67.373 0 0.047
92000 4 10 8 1 0.09 0.085 0.276 0.767 0.598 11.078 3 16.836 76.007 0 0.22
92000 5 10 8 1 0.09 0.085 0.276 0.767 0.598 19.864 1 24.717 74.707 0 0.16
92000 1 10 8 1 0.01 0.33 0.162 0.924 0.797 14.457 2 19.046 74.193 0 0.053
92000 2 10 8 1 0.01 0.33 0.162 0.924 0.797 19.711 3 25.049 87.22 0 0.1
92000 3 10 8 1 0.01 0.33 0.162 0.924 0.797 15.056 1 24.971 75.24 0 0.233
92000 4 10 8 1 0.01 0.33 0.162 0.924 0.797 18.178 4 25.191 81.973 0 0.133
92000 5 10 8 1 0.01 0.33 0.162 0.924 0.797 23.999 3 27.351 76.553 0 0.047
92000 1 10 8 1 0.101 0.087 0.252 0.926 0.755 10.623 3 14.855 59.753 0 0.247
92000 2 10 8 1 0.101 0.087 0.252 0.926 0.755 97.924 0 108.568 81.893 0 0.427
92000 3 10 8 1 0.101 0.087 0.252 0.926 0.755 26.273 1 30.771 61.64 0 0.22
92000 4 10 8 1 0.101 0.087 0.252 0.926 0.755 5.692 0 9.209 48.773 0 0.233
92000 5 10 8 1 0.101 0.087 0.252 0.926 0.755 8.381 2 13.293 47.927 0 0.127
92000 1 10 8 1 0.018 0.266 0.19 0.927 0.437 34.907 1 44.236 166.213 0 0.067
92000 2 10 8 1 0.018 0.266 0.19 0.927 0.437 41.954 45 47.46 241.473 0 0
92000 3 10 8 1 0.018 0.266 0.19 0.927 0.437 42.042 44 45.243 205.92 0 0
92000 4 10 8 1 0.018 0.266 0.19 0.927 0.437 35.737 29 44.14 226.6 0 0
92000 5 10 8 1 0.018 0.266 0.19 0.927 0.437 38.943 9 43.576 214.18 0 0.02
92000 1 10 8 1 0.046 0.059 0.201 0.934 0.165 103.133 4 113.489 446.487 0 0.033
92000 2 10 8 1 0.046 0.059 0.201 0.934 0.165 87.318 5 102.175 389.467 0 0.013
92000 3 10 8 1 0.046 0.059 0.201 0.934 0.165 103.82 37 112.233 438.007 0 0
92000 4 10 8 1 0.046 0.059 0.201 0.934 0.165 128.278 6 139.067 519.247 0 0.007
92000 5 10 8 1 0.046 0.059 0.201 0.934 0.165 109.047 119 119.434 486.607 0 0
92000 1 10 8 1 0.11 0.031 0.488 0.892 0.685 0.776 3 4.013 34.587 0.667 0.293
92000 2 10 8 1 0.11 0.031 0.488 0.892 0.685 2.708 2 6.458 42.673 0.28 0.227
92000 1 9 9 0 0.064 0.191 0.05 0.871 0.084 246.338 4428 249.615 6870.86 0 0
92000 2 9 9 0 0.064 0.191 0.05 0.871 0.084 245.295 3477 249.766 6720.54 0 0
92000 3 9 9 0 0.064 0.191 0.05 0.871 0.084 246.44 4198 249.789 7377.66 0 0
92000 4 9 9 0 0.064 0.191 0.05 0.871 0.084 244.384 3281 249.648 6581.22 0 0
92000 5 9 9 0 0.064 0.191 0.05 0.871 0.084 246.046 3949 249.601 6475.487 0 0
92000 1 9 9 0 0.107 0.075 0.475 0.751 0.392 152.317 0 159.419 108 0 0.527
92000 2 9 9 0 0.107 0.075 0.475 0.751 0.392 26.501 2 30.438 43.627 0 0.233
92000 3 9 9 0 0.107 0.075 0.475 0.751 0.392 115.299 1 125.007 90.067 0 0.467
92000 4 9 9 0 0.107 0.075 0.475 0.751 0.392 104.608 0 113.467 72.753 0 0.633
92000 5 9 9 0 0.107 0.075 0.475 0.751 0.392 62.264 1 67.684 73.627 0 0.173
92000 1 9 9 0 0.05 0.392 0.277 0.919 0.541 168.776 1 184.074 153.96 0 0.367
92000 2 9 9 0 0.05 0.392 0.277 0.919 0.541 123.99 3 131.458 156.853 0 0.187
92000 3 9 9 0 0.05 0.392 0.277 0.919 0.541 123.119 1 135.08 143.013 0 0.233
92000 4 9 9 0 0.05 0.392 0.277 0.919 0.541 92.783 5 102.233 122.593 0 0.32
92000 5 9 9 0 0.05 0.392 0.277 0.919 0.541 146.331 1 158.894 169.107 0 0.26
92000 1 9 9 0 0.049 0.033 0.006 0.817 0.86 59.837 0 69.66 46.753 0 0.24
92000 2 9 9 0 0.049 0.033 0.006 0.817 0.86 42.642 1 51.454 34.52 0 0.253
92000 3 9 9 0 0.049 0.033 0.006 0.817 0.86 53.786 1 67.772 51.553 0 0.373
92000 4 9 9 0 0.049 0.033 0.006 0.817 0.86 5.071 5 9.443 53.527 0 0.073
92000 5 9 9 0 0.049 0.033 0.006 0.817 0.86 58.729 1 70.799 50.053 0 0.273
92000 1 9 9 0 0.059 0.031 0.413 0.796 0.806 7.515 1 14.04 47.407 0 0.113
92000 2 9 9 0 0.059 0.031 0.413 0.796 0.806 105.759 1 115.772 70.887 0 0.5
92000 3 9 9 0 0.059 0.031 0.413 0.796 0.806 20.68 0 28.052 45.453 0 0.313
92000 4 9 9 0 0.059 0.031 0.413 0.796 0.806 59.642 0 68.725 52.947 0 0.46
92000 5 9 9 0 0.059 0.031 0.413 0.796 0.806 39.438 1 47.225 55.34 0 0.32
92000 1 9 9 0 0.082 0.489 0.438 0.852 0.508 24.853 1 32.563 42.487 0 0.3
92000 2 9 9 0 0.082 0.489 0.438 0.852 0.508 41.764 1 49.969 57.593 0 0.287
92000 3 9 9 0 0.082 0.489 0.438 0.852 0.508 73.712 2 84.821 65.36 0 0.52
92000 4 9 9 0 0.082 0.489 0.438 0.852 0.508 20.455 1 25.55 38.273 0 0.347
92000 5 9 9 0 0.082 0.489 0.438 0.852 0.508 57.962 0 69.479 44.573 0 0.367
92000 1 9 9 0 0.12 0.495 0.196 0.901 0.317 213.43 2 236.542 1505.62 0 0.3
92000 2 9 9 0 0.12 0.495 0.196 0.901 0.317 224.05 4 240.28 1561.127 0 0.267
92000 3 9 9 0 0.12 0.495 0.196 0.901 0.317 222.527 3 238.802 1467.427 0 0.32
92000 4 9 9 0 0.12 0.495 0.196 0.901 0.317 219.312 4 238.962 1555.773 0 0.273
92000 5 9 9 0 0.12 0.495 0.196 0.901 0.317 225.534 2 240.422 1555.76 0 0.173
92000 1 9 9 0 0.068 0.037 0.06 0.985 0.642 111.841 0 117.5 81.253 0 0.567
92000 2 9 9 0 0.068 0.037 0.06 0.985 0.642 40.814 0 46.436 52.76 0 0.313
92000 3 9 9 0 0.068 0.037 0.06 0.985 0.642 57.834 0 64.097 55.187 0 0.347
92000 4 9 9 0 0.068 0.037 0.06 0.985 0.642 120.737 0 131.103 94.047 0 0.44
92000 5 9 9 0 0.068 0.037 0.06 0.985 0.642 124.941 1 134.623 97.84 0 0.527
92000 1 9 9 0 0.063 0.096 0.336 0.771 0.805 0 0 0 0 1 1
92000 2 9 9 0 0.063 0.096 0.336 0.771 0.805 33.921 2 38.295 58.933 0 0.293
92000 3 9 9 0 0.063 0.096 0.336 0.771 0.805 13.905 1 17.029 40.393 0 0.2
92000 4 9 9 0 0.063 0.096 0.336 0.771 0.805 32.865 1 37.915 41.467 0 0.44
92000 5 9 9 0 0.063 0.096 0.336 0.771 0.805 0 0 0 0 1 1
92000 1 9 9 0 0.117 0.408 0.184 0.88 0.421 227.158 7 237.773 1060.793 0 0.127
92000 2 9 9 0 0.117 0.408 0.184 0.88 0.421 220.794 7 237.398 883.767 0 0.087
92000 3 9 9 0 0.117 0.408 0.184 0.88 0.421 213.468 6 231.107 1026.633 0 0.153
92000 4 9 9 0 0.117 0.408 0.184 0.88 0.421 216.132 8 239.448 1023.233 0 0.093
92000 5 9 9 0 0.117 0.408 0.184 0.88 0.421 220.351 6 235.812 996.587 0 0.073
92000 1 9 9 0 0.015 0.294 0.444 0.817 0.633 21.794 2 27.347 45.247 0 0.287
92000 2 9 9 0 0.015 0.294 0.444 0.817 0.633 73.957 0 79.011 52.687 0 0.407
92000 3 9 9 0 0.015 0.294 0.444 0.817 0.633 22.613 2 27.54 36.64 0 0.273
92000 4 9 9 0 0.015 0.294 0.444 0.817 0.633 27.684 1 32.337 25.04 0 0.413
92000 5 9 9 0 0.015 0.294 0.444 0.817 0.633 16.606 2 19.834 42.907 0 0.187
92000 1 9 9 0 0.097 0.345 0.295 0.96 0.526 94.431 1 110.726 141.187 0 0.307
92000 2 9 9 0 0.097 0.345 0.295 0.96 0.526 81.857 5 95.081 135.96 0 0.173
92000 3 9 9 0 0.097 0.345 0.295 0.96 0.526 82.01 1 93.714 111.953 0 0.327
92000 4 9 9 0 0.097 0.345 0.295 0.96 0.526 80.835 0 95.135 114.307 0 0.447
92000 5 9 9 0 0.097 0.345 0.295 0.96 0.526 83.294 2 97.662 126.607 0 0.38
92000 1 9 9 0 0.057 0.47 0.21 0.887 0.562 147.133 4 160.364 207.193 0 0.333
92000 2 9 9 0 0.057 0.47 0.21 0.887 0.562 122.995 5 138.849 196.567 0 0.253
92000 3 9 9 0 0.057 0.47 0.21 0.887 0.562 102.123 1 119.891 156.4 0 0.433
92000 4 9 9 0 0.057 0.47 0.21 0.887 0.562 161.068 2 177.175 232.96 0 0.347
92000 5 9 9 0 0.057 0.47 0.21 0.887 0.562 170.625 5 184.608 193.88 0 0.493
92000 1 9 9 0 0.041 0.153 0.063 0.757 0.596 129.01 5 151.651 246.347 0 0.173
92000 2 9 9 0 0.041 0.153 0.063 0.757 0.596 101.265 3 116.791 214.727 0 0.233
92000 3 9 9 0 0.041 0.153 0.063 0.757 0.596 125.922 3 134.292 217.5 0 0.407
92000 4 9 9 0 0.041 0.153 0.063 0.757 0.596 136.427 3 147.907 256.2 0 0.353
92000 5 9 9 0 0.041 0.153 0.063 0.757 0.596 122.637 3 134.292 240.82 0 0.247
92000 1 9 9 0 0.085 0.058 0.128 0.775 0.762 108.229 1 116.483 80.88 0 0.36
92000 2 9 9 0 0.085 0.058 0.128 0.775 0.762 72.915 0 77.844 46.433 0 0.473
92000 3 9 9 0 0.085 0.058 0.128 0.775 0.762 104.735 1 132.258 105.533 0 0.533
92000 4 9 9 0 0.085 0.058 0.128 0.775 0.762 0 0 0 0 1 1
92000 5 9 9 0 0.085 0.058 0.128 0.775 0.762 62.464 1 79.641 67.68 0 0.407
92000 1 9 9 0 0.035 0.107 0.222 0.791 0.435 126.311 1 142.442 142.28 0 0.287
92000 2 9 9 0 0.035 0.107 0.222 0.791 0.435 129.651 0 143.889 129.38 0 0.447
92000 3 9 9 0 0.035 0.107 0.222 0.791 0.435 95.431 1 108.815 120.92 0 0.28
92000 4 9 9 0 0.035 0.107 0.222 0.791 0.435 111.377 3 129.239 142.993 0 0.367
92000 5 9 9 0 0.035 0.107 0.222 0.791 0.435 35.672 0 57.666 109.48 0 0.54
92000 1 9 9 0 0.024 0.163 0.472 0.755 0.879 25.927 0 30.98 50.047 0 0.18
92000 2 9 9 0 0.024 0.163 0.472 0.755 0.879 26.428 0 31.182 56.433 0 0.187
92000 3 9 9 0 0.024 0.163 0.472 0.755 0.879 12.253 3 15.05 56.02 0 0.107
92000 4 9 9 0 0.024 0.163 0.472 0.755 0.879 15.694 1 19.997 57.627 0 0.22
92000 5 9 9 0 0.024 0.163 0.472 0.755 0.879 19.177 5 27.729 56.02 0 0.107
92000 1 9 9 0 0.012 0.477 0.388 0.819 0.816 17.966 2 23.007 30.327 0 0.433
92000 2 9 9 0 0.012 0.477 0.388 0.819 0.816 83.314 1 91.412 76.767 0 0.367
92000 3 9 9 0 0.012 0.477 0.388 0.819 0.816 133.326 1 143.516 99.58 0 0.46
92000 4 9 9 0 0.012 0.477 0.388 0.819 0.816 77.572 1 83.179 48.953 0 0.493
92000 5 9 9 0 0.012 0.477 0.388 0.819 0.816 47.186 0 59.752 56.92 0 0.367
92000 1 9 9 0 0.053 0.143 0.098 0.842 0.463 180.893 1 192.66 453.94 0 0.093
92000 2 9 9 0 0.053 0.143 0.098 0.842 0.463 181.43 3 202.163 448.56 0 0.22
92000 3 9 9 0 0.053 0.143 0.098 0.842 0.463 210.552 3 224.403 452.267 0 0.32
92000 4 9 9 0 0.053 0.143 0.098 0.842 0.463 183.788 6 204.632 507.94 0 0.087
92000 5 9 9 0 0.053 0.143 0.098 0.842 0.463 194.922 4 212.32 498.533 0 0.24
92000 1 9 9 0 0.089 0.005 0.108 0.763 0.571 14.548 2 20.528 32.853 0 0.187
92000 2 9 9 0 0.089 0.005 0.108 0.763 0.571 109.974 1 122.98 83.927 0 0.373
92000 3 9 9 0 0.089 0.005 0.108 0.763 0.571 118.325 0 128.645 79.493 0 0.713
92000 4 9 9 0 0.089 0.005 0.108 0.763 0.571 0 0 0 0 1 1
92000 5 9 9 0 0.089 0.005 0.108 0.763 0.571 19.026 2 23.923 55.253 0 0.207
92000 1 9 9 0 0.092 0.179 0.222 0.756 0.255 178.448 4 207.421 655.34 0 0.347
92000 2 9 9 0 0.092 0.179 0.222 0.756 0.255 219.414 5 233.415 855.313 0 0.093
92000 3 9 9 0 0.092 0.179 0.222 0.756 0.255 217.761 3 233.9 730.48 0 0.127
92000 1 10 6 0 0.014 0.228 0.408 0.846 0.877 20.005 5 26.755 70.22 0 0.073
92000 2 10 6 0 0.014 0.228 0.408 0.846 0.877 22.16 4 27.284 68.32 0 0.153
92000 3 10 6 0 0.014 0.228 0.408 0.846 0.877 5.049 0 8.654 11.54 0 0.533
92000 4 10 6 0 0.014 0.228 0.408 0.846 0.877 13.007 1 17.244 63.36 0 0.267
92000 5 10 6 0 0.014 0.228 0.408 0.846 0.877 23.107 2 27.712 84.08 0 0.153
92000 1 10 6 0 0.003 0.113 0.442 0.76 0.827 19.134 4 23.333 65.953 0 0.107
92000 2 10 6 0 0.003 0.113 0.442 0.76 0.827 12.697 2 19.384 62.947 0 0.1
92000 3 10 6 0 0.003 0.113 0.442 0.76 0.827 21.011 0 24.488 64.513 0 0.173
92000 4 10 6 0 0.003 0.113 0.442 0.76 0.827 24.942 3 29.742 73.113 0 0.2
92000 5 10 6 0 0.003 0.113 0.442 0.76 0.827 22.48 2 28.045 57.68 0 0.127
92000 1 10 6 0 0.034 0.261 0.176 0.868 0.607 24.353 4 32.533 94.86 0 0.08
92000 2 10 6 0 0.034 0.261 0.176 0.868 0.607 31.125 3 35.605 103.767 0 0.073
92000 3 10 6 0 0.034 0.261 0.176 0.868 0.607 29.139 2 37.3 97.007 0 0.227
92000 4 10 6 0 0.034 0.261 0.176 0.868 0.607 31.793 2 37.624 106.54 0 0.18
92000 5 10 6 0 0.034 0.261 0.176 0.868 0.607 26.389 2 34.313 92.207 0 0.153
92000 1 10 6 0 0.018 0.272 0.463 0.753 0.791 10.356 6 14.794 67.733 0 0.067
92000 2 10 6 0 0.018 0.272 0.463 0.753 0.791 22.59 4 25.476 63.887 0 0.02
92000 3 10 6 0 0.018 0.272 0.463 0.753 0.791 17.448 4 21.804 69.153 0 0.28
92000 4 10 6 0 0.018 0.272 0.463 0.753 0.791 11.986 3 17.143 65.093 0 0.12
92000 5 10 6 0 0.018 0.272 0.463 0.753 0.791 3.452 5 7.467 57.22 0.08 0.127
92000 1 10 6 0 0.054 0.409 0.031 0.99 0.775 31.202 4 36.238 102.727 0 0.113
92000 2 10 6 0 0.054 0.409 0.031 0.99 0.775 24.012 2 28.415 98.34 0 0.153
92000 3 10 6 0 0.054 0.409 0.031 0.99 0.775 22.604 7 28.018 102.433 0 0.06
92000 4 10 6 0 0.054 0.409 0.031 0.99 0.775 30.982 2 36.251 106.3 0 0.087
92000 5 10 6 0 0.054 0.409 0.031 0.99 0.775 33.4 5 38.091 95.567 0 0.107
92000 1 10 6 0 0.018 0.44 0.305 0.996 0.987 12.293 1 17.662 65.847 0 0.12
92000 2 10 6 0 0.018 0.44 0.305 0.996 0.987 15.683 0 22.695 79.493 0 0.22
92000 3 10 6 0 0.018 0.44 0.305 0.996 0.987 11.484 1 17.231 47.807 0 0.127
92000 4 10 6 0 0.018 0.44 0.305 0.996 0.987 22.813 2 27.371 76.16 0 0.087
92000 5 10 6 0 0.018 0.44 0.305 0.996 0.987 19.612 5 22.836 72.48 0 0.133
92000 1 10 6 0 0.112 0.466 0.059 0.827 0.314 239.722 377 247.268 3685.34 0 0
92000 2 10 6 0 0.112 0.466 0.059 0.827 0.314 230.049 674 245.677 3688.933 0 0
92000 3 10 6 0 0.112 0.466 0.059 0.827 0.314 236.1 7 246.22 3279.36 0 0.027
92000 4 10 6 0 0.112 0.466 0.059 0.827 0.314 240.923 9 248.056 4268.287 0 0.013
92000 5 10 6 0 0.112 0.466 0.059 0.827 0.314 235.086 11 245.599 3314.113 0 0
92000 1 10 6 0 0.005 0.267 0.054 0.777 0.092 222.172 6 240.493 2083.36 0 0.067
92000 2 10 6 0 0.005 0.267 0.054 0.777 0.092 222.446 6 239.688 1699.773 0 0.16
92000 3 10 6 0 0.005 0.267 0.054 0.777 0.092 229.309 10 240.056 1682.453 0 0
92000 4 10 6 0 0.005 0.267 0.054 0.777 0.092 218.775 4 241.032 2078.647 0 0.153
92000 5 10 6 0 0.005 0.267 0.054 0.777 0.092 225.295 12 241.869 2151.787 0 0
92000 1 10 6 0 0.115 0.346 0.111 0.765 0.531 195.08 9 215.79 571.987 0 0.02
92000 2 10 6 0 0.115 0.346 0.111 0.765 0.531 202.74 5 221.411 617.1 0 0.14
92000 3 10 6 0 0.115 0.346 0.111 0.765 0.531 208.726 10 224.794 586.753 0 0
92000 4 10 6 0 0.115 0.346 0.111 0.765 0.531 214.37 3 229.179 574.887 0 0.04
92000 5 10 6 0 0.115 0.346 0.111 0.765 0.531 196.393 3 213.182 584.307 0 0.087
92000 1 10 6 0 0.015 0.232 0.494 0.884 0.341 29.554 2 36.313 91.787 0 0.32
92000 2 10 6 0 0.015 0.232 0.494 0.884 0.341 34.179 3 39.608 111.633 0 0.18
92000 3 10 6 0 0.015 0.232 0.494 0.884 0.341 19.415 1 26.577 94.153 0 0.273
92000 4 10 6 0 0.015 0.232 0.494 0.884 0.341 30.488 2 35.453 95.333 0 0.133
92000 5 10 6 0 0.015 0.232 0.494 0.884 0.341 29.877 5 35.79 109.087 0 0.14
92000 1 10 6 0 0.08 0.256 0.239 0.912 0.77 17.175 5 23.826 71.653 0 0.127
92000 2 10 6 0 0.08 0.256 0.239 0.912 0.77 16.335 3 20.188 84.467 0 0.167
92000 3 10 6 0 0.08 0.256 0.239 0.912 0.77 18.082 5 27.44 81.453 0 0.14
92000 4 10 6 0 0.08 0.256 0.239 0.912 0.77 11.241 2 15.972 73.893 0 0.133
92000 5 10 6 0 0.08 0.256 0.239 0.912 0.77 17.052 1 24.493 69.347 0 0.227
92000 1 10 6 0 0.027 0.44 0.057 0.976 0.401 227.184 6 240.515 1658.087 0 0.04
92000 2 10 6 0 0.027 0.44 0.057 0.976 0.401 221.83 1 239.298 1663.753 0 0.193
92000 3 10 6 0 0.027 0.44 0.057 0.976 0.401 218.247 7 239.938 1686.507 0 0.267
92000 4 10 6 0 0.027 0.44 0.057 0.976 0.401 218.631 4 240.059 1779.26 0 0.173
92000 5 10 6 0 0.027 0.44 0.057 0.976 0.401 222.826 4 240.082 1725.74 0 0.26
92000 1 10 6 0 0.073 0.269 0.281 0.859 0.87 0 0 0 0 1 1
92000 2 10 6 0 0.073 0.269 0.281 0.859 0.87 17.65 5 21.73 58.573 0 0.087
92000 3 10 6 0 0.073 0.269 0.281 0.859 0.87 0 0 0 0 1 1
92000 4 10 6 0 0.073 0.269 0.281 0.859 0.87 19.127 2 22.884 50.053 0 0.227
92000 5 10 6 0 0.073 0.269 0.281 0.859 0.87 18.359 5 22.928 64.627 0 0.053
92000 1 10 6 0 0.077 0.032 0.278 0.839 0.905 10.958 3 15.299 53.713 0 0.147
92000 2 10 6 0 0.077 0.032 0.278 0.839 0.905 25.22 5 28.711 65.38 0 0.093
92000 3 10 6 0 0.077 0.032 0.278 0.839 0.905 23.102 3 27.426 65.873 0 0.24
92000 4 10 6 0 0.077 0.032 0.278 0.839 0.905 20.534 3 26.203 72.86 0 0.147
92000 5 10 6 0 0.077 0.032 0.278 0.839 0.905 11.283 3 18.025 70.813 0 0.093
92000 1 10 6 0 0.044 0.141 0.03 0.775 0.675 37.423 4 43.543 136.12 0 0.133
92000 2 10 6 0 0.044 0.141 0.03 0.775 0.675 32.027 4 39.441 122.507 0 0.153
92000 3 10 6 0 0.044 0.141 0.03 0.775 0.675 36.722 3 43.086 138 0 0.167
92000 4 10 6 0 0.044 0.141 0.03 0.775 0.675 33.262 2 42.311 142.353 0 0.133
92000 5 10 6 0 0.044 0.141 0.03 0.775 0.675 35.042 10 41.509 161.827 0 0
92000 1 10 6 0 0.102 0.309 0.186 0.847 0.829 18.585 1 23.939 69.547 0 0.08
92000 2 10 6 0 0.102 0.309 0.186 0.847 0.829 16.29 6 21.705 61 0 0.067
92000 3 10 6 0 0.102 0.309 0.186 0.847 0.829 18.83 2 22.544 67.773 0 0.253
92000 4 10 6 0 0.102 0.309 0.186 0.847 0.829 22.373 2 26.425 77.867 0 0.127
92000 5 10 6 0 0.102 0.309 0.186 0.847 0.829 9.147 1 12.693 47.973 0 0.253
92000 1 10 6 0 0.054 0.299 0.166 0.854 0.61 27.595 2 37.211 97.353 0 0.1
92000 2 10 6 0 0.054 0.299 0.166 0.854 0.61 29.767 1 38.72 113.427 0 0.307
92000 3 10 6 0 0.054 0.299 0.166 0.854 0.61 19.971 5 27.485 106.76 0 0.087
92000 4 10 6 0 0.054 0.299 0.166 0.854 0.61 31.256 2 37.069 97.147 0 0.147
92000 5 10 6 0 0.054 0.299 0.166 0.854 0.61 27.529 5 33.67 99.58 0 0.08
92000 1 10 6 0 0.104 0.391 0.245 0.795 0.753 11.104 4 14.134 61.427 0 0.107
92000 2 10 6 0 0.104 0.391 0.245 0.795 0.753 15.841 2 19.959 57.053 0 0.147
92000 3 10 6 0 0.104 0.391 0.245 0.795 0.753 1.779 0 5.121 42.933 0.547 0.1
92000 4 10 6 0 0.104 0.391 0.245 0.795 0.753 7.994 2 11.316 58.227 0 0.107
92000 5 10 6 0 0.104 0.391 0.245 0.795 0.753 16.35 1 20.823 48.84 0 0.187
92000 1 10 6 0 0.039 0.281 0.296 0.999 0.796 12.958 4 23.026 72.547 0 0.107
92000 2 10 6 0 0.039 0.281 0.296 0.999 0.796 22.676 3 28.656 70.573 0 0.093
92000 3 10 6 0 0.039 0.281 0.296 0.999 0.796 21.695 0 25.576 78.313 0 0.16
92000 4 10 6 0 0.039 0.281 0.296 0.999 0.796 19.34 2 25.807 75.567 0 0.127
92000 5 10 6 0 0.039 0.281 0.296 0.999 0.796 21.995 5 27.634 81.34 0 0.08
92000 1 10 6 0 0.075 0.088 0.04 0.76 0.581 52.583 4 59.061 205.733 0 0.187
92000 2 10 6 0 0.075 0.088 0.04 0.76 0.581 42.233 6 50.157 200.807 0 0.067
92000 3 10 6 0 0.075 0.088 0.04 0.76 0.581 38.681 5 42.293 158.987 0 0.013
92000 4 10 6 0 0.075 0.088 0.04 0.76 0.581 48.383 3 54.844 220.673 0 0.16
92000 5 10 6 0 0.075 0.088 0.04 0.76 0.581 44.691 7 51.898 173.073 0 0.107
92000 1 10 6 0 0.115 0.169 0.427 0.876 0.954 24.486 1 29.358 73.24 0 0.18
92000 2 10 6 0 0.115 0.169 0.427 0.876 0.954 10.278 1 13.775 36.947 0 0.227
92000 3 10 6 0 0.115 0.169 0.427 0.876 0.954 18.999 3 24.602 62.34 0 0.24
92000 4 10 6 0 0.115 0.169 0.427 0.876 0.954 20.825 2 26.041 86.473 0 0.227
92000 5 10 6 0 0.115 0.169 0.427 0.876 0.954 12.613 1 15.892 57.707 0 0.22
92000 1 10 6 0 0.088 0.14 0.397 0.797 0.479 20.573 2 26.837 89.06 0 0.2
92000 1 9 8 1 0.062 0.272 0.447 0.814 0.125 225.084 155 238.489 1155.153 0 0
92000 2 9 8 1 0.062 0.272 0.447 0.814 0.125 232.224 46 241.235 1329.48 0 0
92000 3 9 8 1 0.062 0.272 0.447 0.814 0.125 228.705 123 240.127 1196.713 0 0
92000 4 9 8 1 0.062 0.272 0.447 0.814 0.125 229.911 365 239.392 1368.473 0 0
92000 5 9 8 1 0.062 0.272 0.447 0.814 0.125 229.832 91 240.375 1218.633 0 0
92000 1 9 8 1 0.119 0.018 0.018 0.76 0.622 11.726 1 24.823 63.187 0 0.467
92000 2 9 8 1 0.119 0.018 0.018 0.76 0.622 13.434 2 16.869 52.867 0 0.227
92000 3 9 8 1 0.119 0.018 0.018 0.76 0.622 2.129 4 5.427 57.193 0.453 0.087
92000 4 9 8 1 0.119 0.018 0.018 0.76 0.622 8.676 2 11.922 55.547 0 0.107
92000 5 9 8 1 0.119 0.018 0.018 0.76 0.622 3.363 0 8.358 47.993 0.167 0.173
92000 1 9 8 1 0.06 0.464 0.458 0.887 0.335 33.322 2 44.018 157.12 0 0.06
92000 2 9 8 1 0.06 0.464 0.458 0.887 0.335 36.261 28 41.273 161.08 0 0
92000 3 9 8 1 0.06 0.464 0.458 0.887 0.335 36.44 3 42.6 149.833 0 0.047
92000 4 9 8 1 0.06 0.464 0.458 0.887 0.335 39.333 29 42.641 146.013 0 0
92000 5 9 8 1 0.06 0.464 0.458 0.887 0.335 37.745 24 40.997 161.18 0 0
92000 1 9 8 1 0.112 0.341 0.385 0.976 0.884 9.906 5 14.729 65.093 0 0.073
92000 2 9 8 1 0.112 0.341 0.385 0.976 0.884 13.623 2 17.761 65.587 0 0.107
92000 3 9 8 1 0.112 0.341 0.385 0.976 0.884 9.803 4 14.416 41.68 0 0.067
92000 4 9 8 1 0.112 0.341 0.385 0.976 0.884 8.145 4 14.293 66.88 0 0.153
92000 5 9 8 1 0.112 0.341 0.385 0.976 0.884 17.189 1 21.81 68.773 0 0.127
92000 1 9 8 1 0.013 0.371 0.364 0.905 0.231 62.186 104 70.361 376.08 0 0
92000 2 9 8 1 0.013 0.371 0.364 0.905 0.231 58.04 43 68.21 368.333 0 0
92000 3 9 8 1 0.013 0.371 0.364 0.905 0.231 60.409 82 71.135 361.6 0 0
92000 4 9 8 1 0.013 0.371 0.364 0.905 0.231 122.405 5 131.39 477.407 0 0.04
92000 5 9 8 1 0.013 0.371 0.364 0.905 0.231 79.484 82 89.472 423.44 0 0
92000 1 9 8 1 0.101 0.45 0.477 0.899 0.941 21.007 4 26.351 70.687 0 0.187
92000 2 9 8 1 0.101 0.45 0.477 0.899 0.941 7.487 2 11.946 46.313 0 0.153
92000 3 9 8 1 0.101 0.45 0.477 0.899 0.941 17.084 4 22.416 50.493 0 0.327
92000 4 9 8 1 0.101 0.45 0.477 0.899 0.941 2.035 12 4.817 46.273 0.473 0
92000 5 9 8 1 0.101 0.45 0.477 0.899 0.941 21.798 2 28.887 64.133 0 0.167
92000 1 9 8 1 0.037 0.113 0.215 0.949 0.949 15.668 2 22.641 77.927 0 0.127
92000 2 9 8 1 0.037 0.113 0.215 0.949 0.949 18.946 7 24.85 73.1 0 0.06
92000 3 9 8 1 0.037 0.113 0.215 0.949 0.949 15.166 1 26.799 31.9 0 0.367
92000 4 9 8 1 0.037 0.113 0.215 0.949 0.949 15.037 2 19.631 68.687 0 0.193
92000 5 9 8 1 0.037 0.113 0.215 0.949 0.949 33.106 1 36.83 57.307 0 0.12
92000 1 9 8 1 0.093 0.118 0.183 0.758 0.985 20.631 2 24.662 63.713 0 0.16
92000 2 9 8 1 0.093 0.118 0.183 0.758 0.985 0 0 0 0 1 1
92000 3 9 8 1 0.093 0.118 0.183 0.758 0.985 0 0 0 0 1 1
92000 4 9 8 1 0.093 0.118 0.183 0.758 0.985 7.222 3 10.932 49.387 0 0.113
92000 5 9 8 1 0.093 0.118 0.183 0.758 0.985 90.699 2 107.086 109.34 0 0.347
92000 1 9 8 1 0.021 0.461 0.288 0.784 0.845 25.514 3 29.745 72.587 0 0.06
92000 2 9 8 1 0.021 0.461 0.288 0.784 0.845 0 0 1.295 0 1 1
92000 3 9 8 1 0.021 0.461 0.288 0.784 0.845 17.697 0 27.398 82 0 0.28
92000 4 9 8 1 0.021 0.461 0.288 0.784 0.845 18.34 1 28.985 61.42 0 0.187
92000 5 9 8 1 0.021 0.461 0.288 0.784 0.845 7.429 1 9.374 28.393 0 0.14
92000 1 9 8 1 0.097 0.132 0.036 0.789 0.213 249.26 5321 249.936 6308.8 0 0
92000 2 9 8 1 0.097 0.132 0.036 0.789 0.213 249.002 5550 249.924 6560.147 0 0
92000 3 9 8 1 0.097 0.132 0.036 0.789 0.213 249.476 5515 249.967 6871.953 0 0
92000 4 9 8 1 0.097 0.132 0.036 0.789 0.213 249.521 5664 249.961 6454.873 0 0
92000 5 9 8 1 0.097 0.132 0.036 0.789 0.213 249.43 6259 249.963 7410.22 0 0
92000 1 9 8 1 0.017 0.276 0.278 0.977 0.06 245.239 2181 248.844 2722.853 0 0
92000 2 9 8 1 0.017 0.276 0.278 0.977 0.06 244.508 1908 248.803 2851.587 0 0
92000 3 9 8 1 0.017 0.276 0.278 0.977 0.06 244.77 1276 248.689 2871.947 0 0
92000 4 9 8 1 0.017 0.276 0.278 0.977 0.06 244.582 2157 248.474 2696.507 0 0
92000 5 9 8 1 0.017 0.276 0.278 0.977 0.06 242.094 1541 248.132 2704.02 0 0
92000 1 9 8 1 0.041 0.385 0.072 0.987 0.229 248.243 4027 249.716 4611.64 0 0
92000 2 9 8 1 0.041 0.385 0.072 0.987 0.229 248.173 4106 249.794 4916.853 0 0
92000 3 9 8 1 0.041 0.385 0.072 0.987 0.229 248.371 3861 249.739 4513.92 0 0
92000 4 9 8 1 0.041 0.385 0.072 0.987 0.229 248.994 4096 249.856 4772.387 0 0
92000 5 9 8 1 0.041 0.385 0.072 0.987 0.229 248.028 3045 249.607 3764.78 0 0
92000 1 9 8 1 0.094 0.282 0.219 0.851 0.138 247.741 2491 249.301 3065.913 0 0
92000 2 9 8 1 0.094 0.282 0.219 0.851 0.138 243.919 2422 249.141 2954.44 0 0
92000 3 9 8 1 0.094 0.282 0.219 0.851 0.138 247.914 2461 249.495 3414.313 0 0
92000 4 9 8 1 0.094 0.282 0.219 0.851 0.138 247.258 2498 249.452 3454.627 0 0
92000 5 9 8 1 0.094 0.282 0.219 0.851 0.138 247.501 2639 249.451 3320.713 0 0
92000 1 9 8 1 0.017 0.217 0.005 0.855 0.604 237.426 769 245.145 1284.467 0 0
92000 2 9 8 1 0.017 0.217 0.005 0.855 0.604 242.047 576 245.898 1319.987 0 0
92000 3 9 8 1 0.017 0.217 0.005 0.855 0.604 238.911 424 245.419 1264.647 0 0
92000 4 9 8 1 0.017 0.217 0.005 0.855 0.604 240.078 616 245.341 1298.18 0 0
92000 5 9 8 1 0.017 0.217 0.005 0.855 0.604 240.153 581 245.627 1300.167 0 0
92000 1 9 8 1 0.109 0.379 0.038 0.992 0.586 235.124 461 241.905 1067.2 0 0
92000 2 9 8 1 0.109 0.379 0.038 0.992 0.586 234.697 408 243.449 1099.56 0 0
92000 3 9 8 1 0.109 0.379 0.038 0.992 0.586 234.41 474 242.144 1100.267 0 0
92000 4 9 8 1 0.109 0.379 0.038 0.992 0.586 233.662 515 241.764 1076.92 0 0
92000 5 9 8 1 0.109 0.379 0.038 0.992 0.586 230.051 451 238.06 1043.74 0 0
92000 1 9 8 1 0.094 0.024 0.44 0.89 0.469 23.957 0 27.045 69.393 0 0.167
92000 2 9 8 1 0.094 0.024 0.44 0.89 0.469 0 0 0 0 1 1
92000 3 9 8 1 0.094 0.024 0.44 0.89 0.469 12.138 0 15.977 58 0 0.227
92000 4 9 8 1 0.094 0.024 0.44 0.89 0.469 0 0 0 0 1 1
92000 5 9 8 1 0.094 0.024 0.44 0.89 0.469 10.959 3 14.11 52.707 0 0.113
92000 1 9 8 1 0.052 0.339 0.499 0.783 0.521 16.315 1 19.549 41.753 0 0.16
92000 2 9 8 1 0.052 0.339 0.499 0.783 0.521 21.215 5 24.896 88.387 0 0.047
92000 3 9 8 1 0.052 0.339 0.499 0.783 0.521 20.528 1 24.929 64.9 0 0.113
92000 4 9 8 1 0.052 0.339 0.499 0.783 0.521 0 0 0 0 1 1
92000 5 9 8 1 0.052 0.339 0.499 0.783 0.521 6.499 1 13.144 44.7 0 0.153
92000 1 9 8 1 0.011 0.467 0.445 0.874 0.028 244.852 2138 248.756 2667.38 0 0
92000 2 9 8 1 0.011 0.467 0.445 0.874 0.028 243.648 1778 247.629 2597.633 0 0
92000 3 9 8 1 0.011 0.467 0.445 0.874 0.028 243.808 1992 248.572 2768.827 0 0
92000 4 9 8 1 0.011 0.467 0.445 0.874 0.028 243.982 1912 248.481 2714.613 0 0
92000 5 9 8 1 0.011 0.467 0.445 0.874 0.028 244.866 1933 248.672 2881.853 0 0
92000 1 9 8 1 0.106 0.127 0.358 0.774 0.919 17.631 2 20.792 58.92 0 0.107
92000 2 9 8 1 0.106 0.127 0.358 0.774 0.919 14.303 5 19.349 71.16 0 0.053
92000 3 9 8 1 0.106 0.127 0.358 0.774 0.919 10.411 2 16.092 36.86 0 0.2
92000 4 9 8 1 0.106 0.127 0.358 0.774 0.919 5.043 1 8.839 48.84 0 0.16
92000 5 9 8 1 0.106 0.127 0.358 0.774 0.919 2.67 1 5.896 40.707 0.453 0.173
92000 1 9 8 1 0.016 0.464 0.268 0.773 0.992 13.521 1 17.124 61.24 0 0.173
92000 2 9 8 1 0.016 0.464 0.268 0.773 0.992 10.504 1 15.998 60.72 0 0.053
92000 3 9 8 1 0.016 0.464 0.268 0.773 0.992 19.184 3 25.11 56.307 0 0.287
92000 4 9 8 1 0.016 0.464 0.268 0.773 0.992 22.349 2 25.723 65.987 0 0.107
92000 5 9 8 1 0.016 0.464 0.268 0.773 0.992 17.255 3 21.2 66.8 0 0.187
92000 1 9 8 1 0.009 0.314 0.371 0.88 0.638 7.354 4 11.526 61.173 0 0.073
92000 2 9 8 1 0.009 0.314 0.371 0.88 0.638 49.816 3 56.41 60.933 0 0.267
92000 3 9 8 1 0.009 0.314 0.371 0.88 0.638 45.749 1 50.498 70.24 0 0.293
92000 4 9 8 1 0.009 0.314 0.371 0.88 0.638 11.68 5 18.322 55.567 0 0.147
92000 5 9 8 1 0.009 0.314 0.371 0.88 0.638 4.52 3 10.502 46.96 0.053 0.24
92000 1 9 8 1 0.074 0.339 0.13 0.865 0.848 11.72 8 17.964 85.32 0 0.02
92000 2 9 8 1 0.074 0.339 0.13 0.865 0.848 16.878 10 19.715 72.927 0 0
92000 3 9 8 1 0.074 0.339 0.13 0.865 0.848 14.77 4 20.294 68.933 0 0.027
92000 4 9 8 1 0.074 0.339 0.13 0.865 0.848 18.211 3 23.049 83.12 0 0.1
92000 5 9 8 1 0.074 0.339 0.13 0.865 0.848 16.428 8 23.105 85.16 0 0.013
92000 1 9 8 1 0.055 0.021 0.028 0.95 0.19 211.167 543 228.515 1061.94 0 0
92000 2 9 8 1 0.055 0.021 0.028 0.95 0.19 221.89 528 231.049 1132.42 0 0
92000 3 9 8 1 0.055 0.021 0.028 0.95 0.19 218.823 603 230.32 1080.087 0 0
92000 4 9 8 1 0.055 0.021 0.028 0.95 0.19 221.137 449 229.48 1236.873 0 0
92000 5 9 8 1 0.055 0.021 0.028 0.95 0.19 232.979 840 239.884 1368.193 0 0
92000 1 9 8 1 0.071 0.394 0.203 0.807 0.208 244.341 2019 248.639 2867.78 0 0
92000 2 9 8 1 0.071 0.394 0.203 0.807 0.208 245.517 1880 248.845 2867.467 0 0
92000 3 9 8 1 0.071 0.394 0.203 0.807 0.208 242.861 1922 248.533 2887.707 0 0
92000 4 9 8 1 0.071 0.394 0.203 0.807 0.208 245.263 2273 249.14 3245.647 0 0
92000 5 9 8 1 0.071 0.394 0.203 0.807 0.208 243.208 1982 248.599 2893.6 0 0
92000 1 9 8 1 0.001 0.33 0.493 0.937 0.845 18.186 3 22.529 73.167 0 0.147
92000 2 9 8 1 0.001 0.33 0.493 0.937 0.845 7.986 2 13.439 58.113 0 0.12
92000 3 9 8 1 0.001 0.33 0.493 0.937 0.845 0 0 3.774 3.847 0.6 0.827
92000 4 9 8 1 0.001 0.33 0.493 0.937 0.845 3.601 6 6.266 52.8 0.107 0.04
92000 5 9 8 1 0.001 0.33 0.493 0.937 0.845 17.561 1 22.385 70.827 0 0.233
92000 1 9 8 1 0.042 0.016 0.393 0.896 0.257 5.322 0 8.2 11.74 0 0.66
92000 2 9 8 1 0.042 0.016 0.393 0.896 0.257 14.832 2 18.521 60.16 0 0.207
92000 3 9 8 1 0.042 0.016 0.393 0.896 0.257 5.98 4 10.626 43.287 0 0.153
92000 4 9 8 1 0.042 0.016 0.393 0.896 0.257 33.974 1 40.547 63.34 0 0.287
92000 5 9 8 1 0.042 0.016 0.393 0.896 0.257 18.726 2 22.391 69.613 0 0.193
92000 1 9 8 1 0.096 0.051 0.128 0.779 0.855 17.105 3 22.84 75.54 0 0.127
92000 2 9 8 1 0.096 0.051 0.128 0.779 0.855 0 0 0 0 1 1
92000 3 9 8 1 0.096 0.051 0.128 0.779 0.855 11.972 2 15.622 53.3 0 0.207
92000 4 9 8 1 0.096 0.051 0.128 0.779 0.855 12.666 1 17.204 56.073 0 0.26
92000 5 9 8 1 0.096 0.051 0.128 0.779 0.855 14.31 2 19.893 54.24 0 0.12
92000 1 9 8 1 0.108 0.325 0.006 0.808 0.182 250 21824 250 23223.233 0 0
92000 2 9 8 1 0.108 0.325 0.006 0.808 0.182 249 24358 249.987 26086.793 0 0
92000 3 9 8 1 0.108 0.325 0.006 0.808 0.182 250 21029 250 23073.587 0 0
92000 4 9 8 1 0.108 0.325 0.006 0.808 0.182 250 24817 250 27175.567 0 0
92000 5 9 8 1 0.108 0.325 0.006 0.808 0.182 250 23196 250 25208.487 0 0
92000 1 9 8 1 0.112 0.034 0.329 0.966 0.475 13.738 4 18.357 53.44 0 0.06
92000 2 9 8 1 0.112 0.034 0.329 0.966 0.475 21.819 1 27.935 33.727 0 0.34
92000 3 9 8 1 0.112 0.034 0.329 0.966 0.475 2.588 3 8.072 56.94 0.193 0.1
92000 4 9 8 1 0.112 0.034 0.329 0.966 0.475 2.447 4 5.279 47.653 0.42 0.073
92000 5 9 8 1 0.112 0.034 0.329 0.966 0.475 12.858 3 16.673 68.32 0 0.12
92000 1 9 8 1 0.05 0.376 0.333 0.914 0.814 14.986 4 19.59 57.533 0 0.093
92000 2 9 8 1 0.05 0.376 0.333 0.914 0.814 9.13 3 13.008 55.167 0 0.08
92000 3 9 8 1 0.05 0.376 0.333 0.914 0.814 15.516 4 19.64 67.353 0 0.08
92000 4 9 8 1 0.05 0.376 0.333 0.914 0.814 26.637 3 31.543 65.9 0 0.127
92000 5 9 8 1 0.05 0.376 0.333 0.914 0.814 20.098 1 25.832 57.82 0 0.147
92000 1 9 8 1 0.008 0.123 0.209 0.817 0.714 24.449 2 29.384 71.753 0 0.253
92000 2 9 8 1 0.008 0.123 0.209 0.817 0.714 22.827 2 27.648 74.173 0 0.167
92000 3 9 8 1 0.008 0.123 0.209 0.817 0.714 13.955 3 18.837 59.733 0 0.073
92000 4 9 8 1 0.008 0.123 0.209 0.817 0.714 25.836 12 29.479 83.333 0 0
92000 5 9 8 1 0.008 0.123 0.209 0.817 0.714 19.9 1 25.629 79.633 0 0.213
92000 1 9 8 1 0.024 0.33 0.145 0.768 0.635 21.347 8 30.396 134.027 0 0.013
92000 2 9 8 1 0.024 0.33 0.145 0.768 0.635 27.131 7 34.451 121.52 0 0.013
92000 3 9 8 1 0.024 0.33 0.145 0.768 0.635 30.797 3 35.667 125.107 0 0.08
92000 4 9 8 1 0.024 0.33 0.145 0.768 0.635 37.163 7 40.16 123.567 0 0.02
92000 5 9 8 1 0.024 0.33 0.145 0.768 0.635 39.601 18 43.982 139.42 0 0
92000 1 9 8 1 0.026 0.113 0.454 0.845 0.85 8.908 2 12.535 48.613 0 0.18
92000 2 9 8 1 0.026 0.113 0.454 0.845 0.85 17.359 2 22.681 68.113 0 0.153
92000 3 9 8 1 0.026 0.113 0.454 0.845 0.85 0 0 0 0 1 1
92000 4 9 8 1 0.026 0.113 0.454 0.845 0.85 0 0 3.08 2.067 0.653 0.92
92000 5 9 8 1 0.026 0.113 0.454 0.845 0.85 21.8 3 27.969 61.993 0 0.173
92000 1 9 8 1 0.11 0.055 0.361 0.957 0.344 6.701 3 12.312 58.713 0 0.087
92000 2 9 8 1 0.11 0.055 0.361 0.957 0.344 0.149 0 2.097 20.433 0.913 0.513
92000 3 9 8 1 0.11 0.055 0.361 0.957 0.344 13.075 0 17.125 43.76 0 0.38
92000 4 9 8 1 0.11 0.055 0.361 0.957 0.344 17.747 2 23.86 70.08 0 0.173
92000 5 9 8 1 0.11 0.055 0.361 0.957 0.344 16.147 1 19.087 54.367 0 0.247
92000 1 9 8 1 0.036 0.001 0.46 0.79 0.614 18.919 1 23.923 73.573 0 0.113
92000 2 9 8 1 0.036 0.001 0.46 0.79 0.614 46.356 0 56.391 50.787 0 0.4
92000 3 9 8 1 0.036 0.001 0.46 0.79 0.614 7.628 1 11.162 53.64 0 0.133
92000 4 9 8 1 0.036 0.001 0.46 0.79 0.614 22.261 4 26.207 62.813 0 0.127
92000 5 9 8 1 0.036 0.001 0.46 0.79 0.614 17.235 0 21.906 67.873 0 0.16
92000 1 9 8 1 0.1 0.06 0.493 0.779 0.826 15.18 1 19.999 57.073 0 0.1
92000 2 9 8 1 0.1 0.06 0.493 0.779 0.826 16.594 2 21.994 70.967 0 0.24
92000 3 9 8 1 0.1 0.06 0.493 0.779 0.826 0.994 3 4.842 40.227 0.513 0.193
92000 4 9 8 1 0.1 0.06 0.493 0.779 0.826 10.883 4 14.983 62.727 0 0.187
92000 5 9 8 1 0.1 0.06 0.493 0.779 0.826 0 0 0 0 1 1
92000 1 9 8 1 0.086 0.123 0.396 0.819 0.402 29.608 6 33.759 104.9 0 0.047
92000 2 9 8 1 0.086 0.123 0.396 0.819 0.402 30.518 2 37.495 102.82 0 0.093
92000 3 9 8 1 0.086 0.123 0.396 0.819 0.402 32.564 6 36.332 88.533 0 0.107
92000 4 9 8 1 0.086 0.123 0.396 0.819 0.402 25.361 3 37.518 91.82 0 0.12
92000 5 9 8 1 0.086 0.123 0.396 0.819 0.402 34.923 7 40.032 105.747 0 0.033
92000 1 9 8 1 0.008 0.461 0.466 0.828 0.38 30.91 1 36.798 99.94 0 0.133
92000 2 9 8 1 0.008 0.461 0.466 0.828 0.38 30.338 2 38.734 115.42 0 0.153
92000 3 9 8 1 0.008 0.461 0.466 0.828 0.38 31.584 4 39.341 107.007 0 0.04
92000 4 9 8 1 0.008 0.461 0.466 0.828 0.38 23.917 4 30.465 104.033 0 0.193
92000 5 9 8 1 0.008 0.461 0.466 0.828 0.38 35.544 2 40.898 114.387 0 0.08
92000 1 9 8 1 0.066 0.266 0.003 0.81 0.137 250 28660 250 30520.38 0 0
92000 2 9 8 1 0.066 0.266 0.003 0.81 0.137 250 27690 250 30013.893 0 0
92000 3 9 8 1 0.066 0.266 0.003 0.81 0.137 250 28171 250 31183.213 0 0
92000 1 9 6 1 0.022 0.003 0.481 0.848 0.78 13.052 5 16.485 59.493 0 0.033
92000 2 9 6 1 0.022 0.003 0.481 0.848 0.78 19.463 3 24.043 67.387 0 0.207
92000 3 9 6 1 0.022 0.003 0.481 0.848 0.78 20.089 4 23.345 68.527 0 0.133
92000 4 9 6 1 0.022 0.003 0.481 0.848 0.78 8.875 4 13.555 60.633 0 0.073
92000 5 9 6 1 0.022 0.003 0.481 0.848 0.78 9.608 3 12.828 32.273 0 0.273
92000 1 9 6 1 0.053 0.108 0.424 0.833 0.082 218.339 342 231.988 992.193 0 0
92000 2 9 6 1 0.053 0.108 0.424 0.833 0.082 206.988 274 222.469 906.553 0 0
92000 3 9 6 1 0.053 0.108 0.424 0.833 0.082 179.762 214 188.285 808.16 0 0
92000 4 9 6 1 0.053 0.108 0.424 0.833 0.082 194.159 115 207.348 907.147 0 0
92000 5 9 6 1 0.053 0.108 0.424 0.833 0.082 191.9 359 207.577 931.42 0 0
92000 1 9 6 1 0.101 0.094 0.416 0.817 0.214 40.795 3 44.12 165.42 0 0.033
92000 2 9 6 1 0.101 0.094 0.416 0.817 0.214 40.195 19 46.686 174.793 0 0
92000 3 9 6 1 0.101 0.094 0.416 0.817 0.214 46.06 7 51.829 177.3 0 0.007
92000 4 9 6 1 0.101 0.094 0.416 0.817 0.214 41.982 36 46.246 180.993 0 0
92000 5 9 6 1 0.101 0.094 0.416 0.817 0.214 32.798 35 40.735 164.78 0 0
92000 1 9 6 1 0.042 0.446 0.31 0.794 0.806 9.914 2 13.229 40.067 0 0.327
92000 2 9 6 1 0.042 0.446 0.31 0.794 0.806 22.964 3 26.467 72.693 0 0.14
92000 3 9 6 1 0.042 0.446 0.31 0.794 0.806 16.354 3 22.395 76.273 0 0.213
92000 4 9 6 1 0.042 0.446 0.31 0.794 0.806 18.359 2 25.093 78.18 0 0.213
92000 5 9 6 1 0.042 0.446 0.31 0.794 0.806 11.426 3 16.176 70.213 0 0.033
92000 1 9 6 1 0.041 0.439 0.147 0.94 0.991 20.151 2 26.413 81.513 0 0.107
92000 2 9 6 1 0.041 0.439 0.147 0.94 0.991 22.587 7 26.382 72.747 0 0.053
92000 3 9 6 1 0.041 0.439 0.147 0.94 0.991 11.991 8 20.462 73.207 0 0.027
92000 4 9 6 1 0.041 0.439 0.147 0.94 0.991 0 0 0 0 1 1
92000 5 9 6 1 0.041 0.439 0.147 0.94 0.991 11.842 0 15.574 41.7 0 0.247
92000 1 9 6 1 0.011 0.261 0.102 0.905 0.253 235.778 1039 245.633 1906.747 0 0
92000 2 9 6 1 0.011 0.261 0.102 0.905 0.253 237.203 1099 245.096 1817.433 0 0
92000 3 9 6 1 0.011 0.261 0.102 0.905 0.253 235.531 955 246.079 2035.307 0 0
92000 4 9 6 1 0.011 0.261 0.102 0.905 0.253 240.512 1055 245.946 1656.38 0 0
92000 5 9 6 1 0.011 0.261 0.102 0.905 0.253 235.092 1124 245.174 1665.367 0 0
92000 1 9 6 1 0.06 0.378 0.082 0.812 0.013 250 26625 250 27973.54 0 0
92000 2 9 6 1 0.06 0.378 0.082 0.812 0.013 250 21732 250 24804.02 0 0
92000 3 9 6 1 0.06 0.378 0.082 0.812 0.013 250 23974 250 26154.6 0 0
92000 4 9 6 1 0.06 0.378 0.082 0.812 0.013 250 25806 250 28220.873 0 0
92000 5 9 6 1 0.06 0.378 0.082 0.812 0.013 250 21774 250 25069.767 0 0
92000 1 9 6 1 0.051 0.426 0.294 0.975 0.746 19.587 3 26.061 65.967 0 0.16
92000 2 9 6 1 0.051 0.426 0.294 0.975 0.746 18.914 4 25.828 32.993 0 0.18
92000 3 9 6 1 0.051 0.426 0.294 0.975 0.746 9.841 1 14.652 57.113 0 0.153
92000 4 9 6 1 0.051 0.426 0.294 0.975 0.746 0 0 0 0 1 1
92000 5 9 6 1 0.051 0.426 0.294 0.975 0.746 16.001 2 24.412 70.707 0 0.16
92000 1 9 6 1 0.04 0.26 0.256 0.839 0.091 244.257 2147 249.133 3033.62 0 0
92000 2 9 6 1 0.04 0.26 0.256 0.839 0.091 247.192 2381 249.359 3020.933 0 0
92000 3 9 6 1 0.04 0.26 0.256 0.839 0.091 245.786 2196 249.172 2772.367 0 0
92000 4 9 6 1 0.04 0.26 0.256 0.839 0.091 246.512 2583 249.28 3184.933 0 0
92000 5 9 6 1 0.04 0.26 0.256 0.839 0.091 246.429 2511 249.495 3246.307 0 0
92000 1 9 6 1 0.018 0.188 0.109 0.829 0.642 35.019 3 40.655 130.66 0 0.06
92000 2 9 6 1 0.018 0.188 0.109 0.829 0.642 33.188 5 39.665 118.973 0 0.06
92000 3 9 6 1 0.018 0.188 0.109 0.829 0.642 39.075 0 44.813 120.087 0 0.107
92000 4 9 6 1 0.018 0.188 0.109 0.829 0.642 35.037 0 40.884 120.52 0 0.02
92000 5 9 6 1 0.018 0.188 0.109 0.829 0.642 35.188 14 41.04 129.4 0 0
92000 1 9 6 1 0.112 0.087 0.282 0.963 0.31 35.56 18 43.305 167.933 0 0
92000 2 9 6 1 0.112 0.087 0.282 0.963 0.31 32.082 22 36.75 146.84 0 0
92000 3 9 6 1 0.112 0.087 0.282 0.963 0.31 33.451 11 40.202 143.553 0 0
92000 4 9 6 1 0.112 0.087 0.282 0.963 0.31 38.508 21 41.875 157.887 0 0
92000 5 9 6 1 0.112 0.087 0.282 0.963 0.31 32.934 27 41.792 142.567 0 0
92000 1 9 6 1 0.057 0.159 0.475 0.996 0.259 36.119 2 42.347 134.387 0 0.053
92000 2 9 6 1 0.057 0.159 0.475 0.996 0.259 39.22 4 44.295 155.14 0 0.02
92000 3 9 6 1 0.057 0.159 0.475 0.996 0.259 32.922 9 39.608 151.193 0 0.007
92000 4 9 6 1 0.057 0.159 0.475 0.996 0.259 32.209 1 37.128 120.273 0 0.147
92000 5 9 6 1 0.057 0.159 0.475 0.996 0.259 31.176 6 39.351 140.113 0 0.033
92000 1 9 6 1 0.115 0.229 0.316 0.833 0.182 237.842 1319 245.381 1900.067 0 0
92000 2 9 6 1 0.115 0.229 0.316 0.833 0.182 237.069 1109 243.833 1944.487 0 0
92000 3 9 6 1 0.115 0.229 0.316 0.833 0.182 233.801 1173 243.57 1861.653 0 0
92000 4 9 6 1 0.115 0.229 0.316 0.833 0.182 240.483 1183 246.83 1897.893 0 0
92000 5 9 6 1 0.115 0.229 0.316 0.833 0.182 235.555 1206 244.385 1882.553 0 0
92000 1 9 6 1 0.106 0.254 0.474 0.906 0.581 16.718 3 22.327 69.927 0 0.133
92000 2 9 6 1 0.106 0.254 0.474 0.906 0.581 13.274 3 18.054 67.12 0 0.1
92000 3 9 6 1 0.106 0.254 0.474 0.906 0.581 21.045 4 26.398 67.993 0 0.193
92000 4 9 6 1 0.106 0.254 0.474 0.906 0.581 3.375 3 10.807 53.473 0.073 0.12
92000 5 9 6 1 0.106 0.254 0.474 0.906 0.581 12.265 3 15.104 62.167 0 0.08
92000 1 9 6 1 0.112 0.149 0.167 0.783 0.826 18.468 2 22.488 80.713 0 0.047
92000 2 9 6 1 0.112 0.149 0.167 0.783 0.826 10.675 6 14.601 61.547 0 0.047
92000 3 9 6 1 0.112 0.149 0.167 0.783 0.826 24.451 3 28.607 73.353 0 0.1
92000 4 9 6 1 0.112 0.149 0.167 0.783 0.826 14.735 5 21.85 72.567 0 0.113
92000 5 9 6 1 0.112 0.149 0.167 0.783 0.826 20.139 3 24.26 80.3 0 0.167
92000 1 9 6 1 0.042 0.296 0.225 0.945 0.893 14.986 5 17.547 68.38 0 0.093
92000 2 9 6 1 0.042 0.296 0.225 0.945 0.893 3.908 2 7.694 53.82 0.173 0.187
92000 3 9 6 1 0.042 0.296 0.225 0.945 0.893 12.433 2 14.928 61.56 0 0.167
92000 4 9 6 1 0.042 0.296 0.225 0.945 0.893 18.722 3 24.658 67.207 0 0.147
92000 5 9 6 1 0.042 0.296 0.225 0.945 0.893 8.479 2 13.053 49.68 0 0.153
92000 1 9 6 1 0.064 0.408 0.03 0.897 0.004 250 27936 250 29860.207 0 0
92000 2 9 6 1 0.064 0.408 0.03 0.897 0.004 250 26833 250 29360.873 0 0
92000 3 9 6 1 0.064 0.408 0.03 0.897 0.004 250 28110 250 28710.58 0 0
92000 4 9 6 1 0.064 0.408 0.03 0.897 0.004 250 27289 250 27987.647 0 0
92000 1 10 6 0 0.041 0.07 0.201 0.793 0.381 19.138 0 29.429 118.247 0 0.233
92000 2 10 6 0 0.041 0.07 0.201 0.793 0.381 18.939 2 28.191 93.553 0 0.247
92000 3 10 6 0 0.041 0.07 0.201 0.793 0.381 28.127 4 35.511 109.387 0 0.18
92000 4 10 6 0 0.041 0.07 0.201 0.793 0.381 33.499 7 36.523 98.647 0 0.02
92000 5 10 6 0 0.041 0.07 0.201 0.793 0.381 32.705 1 40.003 118.84 0 0.293
92000 1 10 6 0 0.005 0.429 0.219 0.905 0.085 221.45 5 238.912 1580.073 0 0.14
92000 2 10 6 0 0.005 0.429 0.219 0.905 0.085 216 8 237.886 1476.807 0 0.06
92000 3 10 6 0 0.005 0.429 0.219 0.905 0.085 215.39 4 237.848 1663.887 0 0.2
92000 4 10 6 0 0.005 0.429 0.219 0.905 0.085 224.18 8 239.272 1618.46 0 0.08
92000 5 10 6 0 0.005 0.429 0.219 0.905 0.085 221.513 8 239.879 1636.767 0 0.02
92000 1 10 6 0 0.02 0.434 0.348 0.832 0.22 215.261 4 232.622 787.333 0 0.36
92000 2 10 6 0 0.02 0.434 0.348 0.832 0.22 210.716 4 226.011 732.113 0 0.067
92000 3 10 6 0 0.02 0.434 0.348 0.832 0.22 209.631 4 230.202 711.673 0 0.433
92000 4 10 6 0 0.02 0.434 0.348 0.832 0.22 200.487 4 217.149 639.853 0 0.207
92000 5 10 6 0 0.02 0.434 0.348 0.832 0.22 192.972 1 209.121 726.68 0 0.293
92000 1 10 6 0 0.067 0.237 0.296 0.918 0.414 37.305 2 43.074 139.753 0 0.207
92000 2 10 6 0 0.067 0.237 0.296 0.918 0.414 35.505 3 43.279 146.033 0 0.247
92000 3 10 6 0 0.067 0.237 0.296 0.918 0.414 29.264 5 40.34 139.767 0 0.22
92000 4 10 6 0 0.067 0.237 0.296 0.918 0.414 33.364 5 39.244 137.94 0 0.14
92000 5 10 6 0 0.067 0.237 0.296 0.918 0.414 37.351 4 42.985 140.107 0 0.247
92000 1 10 6 0 0.111 0.045 0.17 0.891 0.634 19.084 2 24.042 65.527 0 0.067
92000 2 10 6 0 0.111 0.045 0.17 0.891 0.634 10.516 3 16.406 51.367 0 0.113
92000 3 10 6 0 0.111 0.045 0.17 0.891 0.634 22.279 2 28.167 72.547 0 0.153
92000 4 10 6 0 0.111 0.045 0.17 0.891 0.634 16.729 2 22.674 76.5 0 0.147
92000 5 10 6 0 0.111 0.045 0.17 0.891 0.634 24.927 2 28.941 70.613 0 0.133
92000 1 10 6 0 0.101 0.105 0.496 0.882 0.571 0 0 0.003 0.04 1 1
92000 2 10 6 0 0.101 0.105 0.496 0.882 0.571 13.895 1 16.76 59.387 0 0.193
92000 3 10 6 0 0.101 0.105 0.496 0.882 0.571 3.561 2 8.005 23.173 0.16 0.34
92000 4 10 6 0 0.101 0.105 0.496 0.882 0.571 18.071 1 24.748 70.387 0 0.273
92000 5 10 6 0 0.101 0.105 0.496 0.882 0.571 18.624 2 24.244 68.773 0 0.12
92000 1 10 6 0 0.102 0.469 0.196 0.894 0.949 11.215 0 17.411 57.16 0 0.2
92000 2 10 6 0 0.102 0.469 0.196 0.894 0.949 20.658 3 24.33 83.1 0 0.093
92000 3 10 6 0 0.102 0.469 0.196 0.894 0.949 21.54 2 25.279 71.453 0 0.213
92000 4 10 6 0 0.102 0.469 0.196 0.894 0.949 8.021 2 15.647 60.48 0 0.193
92000 5 10 6 0 0.102 0.469 0.196 0.894 0.949 21.533 3 24.507 68.767 0 0.113
92000 1 10 6 0 0.006 0.402 0.428 0.866 0.445 12.859 2 16.956 70.933 0 0.307
92000 2 10 6 0 0.006 0.402 0.428 0.866 0.445 25.172 7 30.061 91.833 0 0.093
92000 3 10 6 0 0.006 0.402 0.428 0.866 0.445 27.347 2 33.338 100.887 0 0.32
92000 4 10 6 0 0.006 0.402 0.428 0.866 0.445 10.64 4 15.007 56.113 0 0.24
92000 5 10 6 0 0.006 0.402 0.428 0.866 0.445 20.403 3 27.182 88.18 0 0.247
92000 1 10 6 0 0.091 0.267 0.185 0.862 0.339 216.405 6 237.506 1131.02 0 0.08
92000 2 10 6 0 0.091 0.267 0.185 0.862 0.339 219.254 7 237.25 1309.033 0 0.033
92000 3 10 6 0 0.091 0.267 0.185 0.862 0.339 228.059 7 238.408 1171.493 0 0.06
92000 4 10 6 0 0.091 0.267 0.185 0.862 0.339 222.709 5 238.017 1184.173 0 0.047
92000 5 10 6 0 0.091 0.267 0.185 0.862 0.339 217.949 7 236.285 1030.793 0 0.107
92000 1 10 6 0 0.078 0.192 0.431 0.826 0.523 10.723 3 18.179 77.873 0 0.1
92000 2 10 6 0 0.078 0.192 0.431 0.826 0.523 11.794 0 18.545 69.353 0 0.26
92000 3 10 6 0 0.078 0.192 0.431 0.826 0.523 16.967 1 25.799 66.507 0 0.073
92000 4 10 6 0 0.078 0.192 0.431 0.826 0.523 18.299 1 22.177 48.233 0 0.233
92000 5 10 6 0 0.078 0.192 0.431 0.826 0.523 20.978 0 25.34 73.307 0 0.167
92000 1 10 6 0 0.036 0.439 0.158 0.931 0.104 230.695 15 242.039 2602.387 0 0
92000 2 10 6 0 0.036 0.439 0.158 0.931 0.104 230.243 16 242.861 2630.087 0 0
92000 3 10 6 0 0.036 0.439 0.158 0.931 0.104 231.247 10 244.077 2780.893 0 0
92000 4 10 6 0 0.036 0.439 0.158 0.931 0.104 232.835 15 245.137 2764.66 0 0
92000 5 10 6 0 0.036 0.439 0.158 0.931 0.104 233.636 14 244.864 2811.453 0 0
92000 1 10 6 0 0.105 0.381 0.083 0.848 0.664 33.321 2 40.678 110.247 0 0.233
92000 2 10 6 0 0.105 0.381 0.083 0.848 0.664 34.07 3 38.952 109.64 0 0.16
92000 3 10 6 0 0.105 0.381 0.083 0.848 0.664 34.536 4 40.96 129.313 0 0.107
92000 4 10 6 0 0.105 0.381 0.083 0.848 0.664 37.738 23 40.404 125.74 0 0
92000 5 10 6 0 0.105 0.381 0.083 0.848 0.664 24.999 3 36.927 134.38 0 0.12
92000 1 10 6 0 0.039 0.12 0.139 0.927 0.178 225.263 5 240.695 1667.66 0 0.207
92000 2 10 6 0 0.039 0.12 0.139 0.927 0.178 223.035 3 240.497 1611.04 0 0.087
92000 3 10 6 0 0.039 0.12 0.139 0.927 0.178 224.48 8 239.794 1562.16 0 0.06
92000 4 10 6 0 0.039 0.12 0.139 0.927 0.178 223.59 7 239.619 1575.587 0 0.087
92000 5 10 6 0 0.039 0.12 0.139 0.927 0.178 226.393 8 240.058 1886.387 0 0.033
92000 1 10 6 0 0.073 0.488 0.437 0.899 0.562 7.923 3 13.615 51.527 0 0.173
92000 2 10 6 0 0.073 0.488 0.437 0.899 0.562 16.493 7 21.525 67.913 0 0.047
92000 3 10 6 0 0.073 0.488 0.437 0.899 0.562 7.182 2 13.987 63.927 0 0.187
92000 4 10 6 0 0.073 0.488 0.437 0.899 0.562 6.148 2 12.753 62.38 0 0.167
92000 5 10 6 0 0.073 0.488 0.437 0.899 0.562 16.597 2 19.929 54.607 0 0.12
92000 1 10 6 0 0.093 0.047 0.048 0.821 0.666 0 0 0 0 1 1
92000 2 10 6 0 0.093 0.047 0.048 0.821 0.666 12.529 2 16.198 54.967 0 0.273
92000 3 10 6 0 0.093 0.047 0.048 0.821 0.666 0 0 0 0 1 1
92000 4 10 6 0 0.093 0.047 0.048 0.821 0.666 21.302 2 26.432 76.127 0 0.133
92000 5 10 6 0 0.093 0.047 0.048 0.821 0.666 20.511 4 25.724 77.927 0 0.107
92000 1 10 6 0 0.104 0.217 0.068 0.918 0.2 239.822 349 248.002 4377.72 0 0
92000 2 10 6 0 0.104 0.217 0.068 0.918 0.2 237.292 429 247.643 4304.087 0 0
92000 3 10 6 0 0.104 0.217 0.068 0.918 0.2 237.383 304 247.627 4540.227 0 0
92000 4 10 6 0 0.104 0.217 0.068 0.918 0.2 232.813 573 247.358 4336.647 0 0
92000 5 10 6 0 0.104 0.217 0.068 0.918 0.2 237.58 49 247.034 3906.72 0 0
92000 1 10 6 0 0.08 0.283 0.325 0.873 0.638 20.624 3 27.298 72.84 0 0.093
92000 2 10 6 0 0.08 0.283 0.325 0.873 0.638 0 0 0 0 1 1
92000 3 10 6 0 0.08 0.283 0.325 0.873 0.638 12.077 3 15.318 71.053 0 0.187
92000 4 10 6 0 0.08 0.283 0.325 0.873 0.638 15.77 4 20.771 68.967 0 0.053
92000 5 10 6 0 0.08 0.283 0.325 0.873 0.638 9.32 6 13.851 64.607 0 0.027
92000 1 10 6 0 0.104 0.237 0.258 0.965 0.105 225.164 5 240.263 2189.94 0 0.053
92000 2 10 6 0 0.104 0.237 0.258 0.965 0.105 232.393 14 243.566 2478.687 0 0
92000 3 10 6 0 0.104 0.237 0.258 0.965 0.105 220.793 11 242.021 1984.6 0 0
92000 4 10 6 0 0.104 0.237 0.258 0.965 0.105 224.036 4 241.118 2023.487 0 0.267
92000 5 10 6 0 0.104 0.237 0.258 0.965 0.105 227.434 4 242.291 1926.867 0 0.067
92000 1 10 6 0 0.018 0.23 0.313 0.878 0.281 55.681 4 63.382 212.747 0 0.187
92000 2 10 6 0 0.018 0.23 0.313 0.878 0.281 46.692 5 51.856 201.927 0 0.227
92000 3 10 6 0 0.018 0.23 0.313 0.878 0.281 44.691 1 57.595 212.42 0 0.393
92000 4 10 6 0 0.018 0.23 0.313 0.878 0.281 37.486 3 45.238 178.447 0 0.22
92000 5 10 6 0 0.018 0.23 0.313 0.878 0.281 46.614 5 54.047 218.827 0 0.233
92000 1 10 6 0 0.094 0.47 0.468 0.89 0.291 52.283 6 58.724 202.88 0 0.2
92000 2 10 6 0 0.094 0.47 0.468 0.89 0.291 68.8 3 79.459 301.973 0 0.193
92000 3 10 6 0 0.094 0.47 0.468 0.89 0.291 58.209 3 67.461 234.553 0 0.28
92000 4 10 6 0 0.094 0.47 0.468 0.89 0.291 59.589 5 65.832 235.18 0 0.107
92000 5 10 6 0 0.094 0.47 0.468 0.89 0.291 57.971 5 64.604 254.507 0 0.093
92000 1 10 6 0 0.038 0.067 0.405 0.91 0.721 22.262 4 27.365 66.64 0 0.213
92000 2 10 6 0 0.038 0.067 0.405 0.91 0.721 8.92 0 13.686 43.633 0 0.2
92000 3 10 6 0 0.038 0.067 0.405 0.91 0.721 10.876 2 15.381 53.38 0 0.107
92000 4 10 6 0 0.038 0.067 0.405 0.91 0.721 12.189 1 21.161 33.8 0 0.227
92000 5 10 6 0 0.038 0.067 0.405 0.91 0.721 24.137 1 30.545 76.013 0 0.193
92000 1 10 6 0 0.06 0.018 0.167 0.967 0.34 21.19 1 27.561 80.367 0 0.273
92000 2 10 6 0 0.06 0.018 0.167 0.967 0.34 12.314 4 17.981 75.74 0 0.093
92000 3 10 6 0 0.06 0.018 0.167 0.967 0.34 16.769 0 23.992 50.96 0 0.273
92000 4 10 6 0 0.06 0.018 0.167 0.967 0.34 17.706 3 20.956 43.267 0 0.213
92000 5 10 6 0 0.06 0.018 0.167 0.967 0.34 20.452 4 24.326 79.227 0 0.08
92000 1 10 6 0 0.094 0.014 0.228 0.76 0.99 23.729 5 27.69 72.5 0 0.173
92000 2 10 6 0 0.094 0.014 0.228 0.76 0.99 24.632 3 28.994 74.5 0 0.133
92000 3 10 6 0 0.094 0.014 0.228 0.76 0.99 21.217 5 23.963 77.747 0 0.067
92000 4 10 6 0 0.094 0.014 0.228 0.76 0.99 23.693 1 28.237 78.74 0 0.16
92000 5 10 6 0 0.094 0.014 0.228 0.76 0.99 11.679 1 16.188 39.08 0 0.347
92000 1 10 6 0 0.05 0.399 0.039 0.944 0.08 247.244 9090 249.866 12187.307 0 0
92000 2 10 6 0 0.05 0.399 0.039 0.944 0.08 249.947 8162 250 12499.893 0 0
92000 3 10 6 0 0.05 0.399 0.039 0.944 0.08 249 7841 249.968 12895.92 0 0
92000 4 10 6 0 0.05 0.399 0.039 0.944 0.08 248.174 9791 249.966 13802.793 0 0
92000 1 9 7 1 0.108 0.178 0.16 0.872 0.108 248.326 3957 249.776 4639.947 0 0
92000 2 9 7 1 0.108 0.178 0.16 0.872 0.108 247.413 3642 249.694 4206.147 0 0
92000 3 9 7 1 0.108 0.178 0.16 0.872 0.108 248.494 3838 249.803 4669.273 0 0
92000 4 9 7 1 0.108 0.178 0.16 0.872 0.108 248.616 3501 249.727 4313.1 0 0
92000 5 9 7 1 0.108 0.178 0.16 0.872 0.108 248.322 3783 249.787 4840.3 0 0
92000 1 9 7 1 0.006 0.102 0.414 0.814 0.939 10.279 1 15.696 56.38 0 0.227
92000 2 9 7 1 0.006 0.102 0.414 0.814 0.939 9.122 4 14.319 56.547 0 0.127
92000 3 9 7 1 0.006 0.102 0.414 0.814 0.939 19.895 4 23.897 65.807 0 0.08
92000 4 9 7 1 0.006 0.102 0.414 0.814 0.939 9.85 1 14.231 47.467 0 0.12
92000 5 9 7 1 0.006 0.102 0.414 0.814 0.939 1.044 6 3.335 32.713 0.807 0.053
92000 1 9 7 1 0.093 0.11 0.365 0.845 0.415 21.147 4 24.812 90.04 0 0.16
92000 2 9 7 1 0.093 0.11 0.365 0.845 0.415 23.212 15 29.708 106.78 0 0
92000 3 9 7 1 0.093 0.11 0.365 0.845 0.415 25.386 2 32.916 93.88 0 0.153
92000 4 9 7 1 0.093 0.11 0.365 0.845 0.415 27.46 2 34.853 102.12 0 0.12
92000 5 9 7 1 0.093 0.11 0.365 0.845 0.415 19.703 0 24.743 83.687 0 0.14
92000 1 9 7 1 0.084 0.253 0.255 0.91 0.052 248.619 3924 249.798 4807.913 0 0
92000 2 9 7 1 0.084 0.253 0.255 0.91 0.052 248.392 3589 249.716 4145.02 0 0
92000 3 9 7 1 0.084 0.253 0.255 0.91 0.052 248.553 3466 249.771 4280.673 0 0
92000 4 9 7 1 0.084 0.253 0.255 0.91 0.052 248.501 3647 249.68 4223.627 0 0
92000 5 9 7 1 0.084 0.253 0.255 0.91 0.052 247.558 3461 249.776 4651.813 0 0
92000 1 9 7 1 0.03 0.123 0.084 0.86 0.379 220.29 62 235.272 1164.16 0 0
92000 2 9 7 1 0.03 0.123 0.084 0.86 0.379 224.413 274 239.756 1189.46 0 0
92000 3 9 7 1 0.03 0.123 0.084 0.86 0.379 228.746 116 239.036 1124.84 0 0
92000 4 9 7 1 0.03 0.123 0.084 0.86 0.379 222.285 79 236.782 997.5 0 0
92000 5 9 7 1 0.03 0.123 0.084 0.86 0.379 227.696 172 240.195 1241.573 0 0
92000 1 9 7 1 0.087 0.175 0.44 0.801 0.305 32.164 2 38.454 126.673 0 0.08
92000 2 9 7 1 0.087 0.175 0.44 0.801 0.305 29.853 4 37.729 131.68 0 0.04
92000 3 9 7 1 0.087 0.175 0.44 0.801 0.305 34.892 11 40.35 139.953 0 0
92000 4 9 7 1 0.087 0.175 0.44 0.801 0.305 35.438 7 41.782 125.12 0 0.013
92000 5 9 7 1 0.087 0.175 0.44 0.801 0.305 36.592 5 42.362 142.78 0 0.06
92000 1 9 7 1 0.012 0.285 0.28 0.956 0.647 20.147 2 25.775 76.173 0 0.14
92000 2 9 7 1 0.012 0.285 0.28 0.956 0.647 16.933 1 22.009 79.907 0 0.113
92000 3 9 7 1 0.012 0.285 0.28 0.956 0.647 19.846 3 27.086 93.153 0 0.127
92000 4 9 7 1 0.012 0.285 0.28 0.956 0.647 22.927 4 27.895 98.853 0 0.047
92000 5 9 7 1 0.012 0.285 0.28 0.956 0.647 24.179 0 29.181 76.867 0 0.127
92000 1 9 7 1 0.034 0.42 0.216 0.78 0.035 248.367 3420 249.74 4306.693 0 0
92000 2 9 7 1 0.034 0.42 0.216 0.78 0.035 248.676 3761 249.758 4514.22 0 0
92000 3 9 7 1 0.034 0.42 0.216 0.78 0.035 248.631 3404 249.738 4552.087 0 0
92000 4 9 7 1 0.034 0.42 0.216 0.78 0.035 248.177 3580 249.719 4101.747 0 0
92000 5 9 7 1 0.034 0.42 0.216 0.78 0.035 248.28 3616 249.706 4414.7 0 0
92000 1 9 7 1 0.098 0.082 0.234 0.957 0.655 11.521 1 16.004 51.153 0 0.18
92000 2 9 7 1 0.098 0.082 0.234 0.957 0.655 7.054 1 12.407 58.787 0 0.153
92000 3 9 7 1 0.098 0.082 0.234 0.957 0.655 9.61 3 14.193 46.527 0 0.227
92000 4 9 7 1 0.098 0.082 0.234 0.957 0.655 10.734 1 15.552 58.647 0 0.22
92000 5 9 7 1 0.098 0.082 0.234 0.957 0.655 14.504 2 20.384 75.733 0 0.073
92000 1 9 7 1 0.074 0.414 0.183 0.932 0.098 247.887 3323 249.566 4218.88 0 0
92000 2 9 7 1 0.074 0.414 0.183 0.932 0.098 248.404 3491 249.794 4465.227 0 0
92000 3 9 7 1 0.074 0.414 0.183 0.932 0.098 249.084 3566 249.795 4503.7 0 0
92000 4 9 7 1 0.074 0.414 0.183 0.932 0.098 248.809 3995 249.797 4693.52 0 0
92000 5 9 7 1 0.074 0.414 0.183 0.932 0.098 248.057 3255 249.749 4303.993 0 0
92000 1 9 7 1 0.058 0.128 0.088 0.907 0.087 248.294 3727 249.76 4974.627 0 0
92000 2 9 7 1 0.058 0.128 0.088 0.907 0.087 248.951 4561 249.831 5186.093 0 0
92000 3 9 7 1 0.058 0.128 0.088 0.907 0.087 248.376 3745 249.724 4573.487 0 0
92000 4 9 7 1 0.058 0.128 0.088 0.907 0.087 248.984 4710 249.888 5511.947 0 0
92000 5 9 7 1 0.058 0.128 0.088 0.907 0.087 248.891 4179 249.867 5648.507 0 0
92000 1 9 7 1 0.109 0.356 0.186 0.785 0.875 11.823 3 14.765 57.067 0 0.22
92000 2 9 7 1 0.109 0.356 0.186 0.785 0.875 24.941 2 27.852 76.147 0 0.087
92000 3 9 7 1 0.109 0.356 0.186 0.785 0.875 20.66 0 25.013 76.04 0 0.087
92000 4 9 7 1 0.109 0.356 0.186 0.785 0.875 23.022 0 27.395 60.053 0 0.353
92000 5 9 7 1 0.109 0.356 0.186 0.785 0.875 9.477 4 14.992 69.78 0 0.093
92000 1 9 7 1 0.061 0.134 0.281 0.813 0.132 233.161 995 243.097 1509.607 0 0
92000 2 9 7 1 0.061 0.134 0.281 0.813 0.132 229.917 653 239.621 1391.12 0 0
92000 3 9 7 1 0.061 0.134 0.281 0.813 0.132 232.492 885 242.453 1493.833 0 0
92000 4 9 7 1 0.061 0.134 0.281 0.813 0.132 231.484 795 241.425 1640.873 0 0
92000 5 9 7 1 0.061 0.134 0.281 0.813 0.132 230.713 601 240.51 1405.993 0 0
92000 1 9 7 1 0.088 0.086 0.149 0.893 0.341 86.983 104 92.195 365.527 0 0
92000 2 9 7 1 0.088 0.086 0.149 0.893 0.341 55.016 89 66.209 375.6 0 0
92000 3 9 7 1 0.088 0.086 0.149 0.893 0.341 35.302 9 41.938 180.647 0 0.027
92000 4 9 7 1 0.088 0.086 0.149 0.893 0.341 56.128 63 64.499 287.96 0 0
92000 5 9 7 1 0.088 0.086 0.149 0.893 0.341 64.09 61 70.283 248.733 0 0
92000 1 9 7 1 0.047 0.359 0.284 0.975 0.302 219.803 69 234.918 1110.58 0 0
92000 2 9 7 1 0.047 0.359 0.284 0.975 0.302 224.36 345 238.152 1050.307 0 0
92000 3 9 7 1 0.047 0.359 0.284 0.975 0.302 224.444 465 236.932 1066.427 0 0
92000 4 9 7 1 0.047 0.359 0.284 0.975 0.302 209.864 198 223.974 924.66 0 0
92000 5 9 7 1 0.047 0.359 0.284 0.975 0.302 219.895 77 229.622 908.58 0 0
92000 1 9 7 1 0.04 0.083 0.235 0.921 0.768 10.267 5 14.65 63.187 0 0.1
92000 2 9 7 1 0.04 0.083 0.235 0.921 0.768 4.146 18 8.907 59.14 0.053 0
92000 3 9 7 1 0.04 0.083 0.235 0.921 0.768 16.303 6 20.437 54.713 0 0.08
92000 4 9 7 1 0.04 0.083 0.235 0.921 0.768 8.859 6 13.476 50.56 0 0.047
92000 5 9 7 1 0.04 0.083 0.235 0.921 0.768 1.641 2 4.974 44.073 0.5 0.187
92000 1 9 7 1 0.07 0.342 0.093 0.997 0.7 36.178 26 40.594 150.467 0 0
92000 2 9 7 1 0.07 0.342 0.093 0.997 0.7 29.004 34 36.425 130.98 0 0
92000 3 9 7 1 0.07 0.342 0.093 0.997 0.7 33.916 29 38.738 132.413 0 0
92000 4 9 7 1 0.07 0.342 0.093 0.997 0.7 23.785 23 29.334 130.947 0 0
92000 5 9 7 1 0.07 0.342 0.093 0.997 0.7 45.356 28 53.072 170.58 0 0
92000 1 9 7 1 0.062 0.129 0.046 0.959 0.278 248.729 3564 249.786 4253.06 0 0
92000 2 9 7 1 0.062 0.129 0.046 0.959 0.278 248.553 3707 249.769 4509.973 0 0
92000 3 9 7 1 0.062 0.129 0.046 0.959 0.278 248.377 3269 249.695 4113.727 0 0
92000 4 9 7 1 0.062 0.129 0.046 0.959 0.278 248.722 4034 249.736 4476.693 0 0
92000 1 9 10 1 0.047 0.308 0.326 0.92 0.234 220.584 84 235.621 1007.06 0 0
92000 2 9 10 1 0.047 0.308 0.326 0.92 0.234 225.041 130 234.312 1038.107 0 0
92000 3 9 10 1 0.047 0.308 0.326 0.92 0.234 223.168 91 236.307 1125.8 0 0
92000 4 9 10 1 0.047 0.308 0.326 0.92 0.234 213.917 35 230.243 987.96 0 0
92000 5 9 10 1 0.047 0.308 0.326 0.92 0.234 226.73 123 238.385 1254.22 0 0
92000 1 9 10 1 0.088 0.468 0.41 0.858 0.778 105.168 3 111.855 65.36 0 0.607
92000 2 9 10 1 0.088 0.468 0.41 0.858 0.778 130.674 1 139.051 80.687 0 0.653
92000 3 9 10 1 0.088 0.468 0.41 0.858 0.778 95.721 1 102.735 64.367 0 0.547
92000 4 9 10 1 0.088 0.468 0.41 0.858 0.778 49.611 0 60.947 49.093 0 0.36
92000 5 9 10 1 0.088 0.468 0.41 0.858 0.778 122.644 0 133.884 74.793 0 0.587
92000 1 9 10 1 0.057 0.39 0.362 0.817 0.885 140.278 0 150.981 87.853 0 0.667
92000 2 9 10 1 0.057 0.39 0.362 0.817 0.885 190.365 0 200.742 111.007 0 0.64
92000 3 9 10 1 0.057 0.39 0.362 0.817 0.885 201.275 0 212.699 133.96 0 0.647
92000 4 9 10 1 0.057 0.39 0.362 0.817 0.885 55.77 2 63.912 50.487 0 0.453
92000 5 9 10 1 0.057 0.39 0.362 0.817 0.885 130.953 0 137.164 80.813 0 0.607
92000 1 9 10 1 0.03 0.411 0.419 0.959 0.156 227.239 195 238.814 1247.8 0 0
92000 2 9 10 1 0.03 0.411 0.419 0.959 0.156 227.978 38 239.613 1217.647 0 0
92000 3 9 10 1 0.03 0.411 0.419 0.959 0.156 230.862 499 241.457 1422.013 0 0
92000 4 9 10 1 0.03 0.411 0.419 0.959 0.156 221.104 24 238.109 1109.407 0 0
92000 5 9 10 1 0.03 0.411 0.419 0.959 0.156 225.824 163 239.02 1198.827 0 0
92000 1 9 10 1 0.067 0.335 0.133 0.793 0.397 242.575 1333 248.172 2450.207 0 0
92000 2 9 10 1 0.067 0.335 0.133 0.793 0.397 243.091 1510 247.712 2544.247 0 0
92000 3 9 10 1 0.067 0.335 0.133 0.793 0.397 239.475 1345 246.657 2537.393 0 0
92000 4 9 10 1 0.067 0.335 0.133 0.793 0.397 240.457 1241 246.884 2025.747 0 0
92000 5 9 10 1 0.067 0.335 0.133 0.793 0.397 238.901 1504 247.098 2262.32 0 0
92000 1 9 10 1 0.07 0.217 0.484 0.793 0.773 115.478 0 134.586 80.6 0 0.713
92000 2 9 10 1 0.07 0.217 0.484 0.793 0.773 198.348 0 207.906 128.307 0 0.613
92000 3 9 10 1 0.07 0.217 0.484 0.793 0.773 193.194 0 204.993 125.273 0 0.693
92000 4 9 10 1 0.07 0.217 0.484 0.793 0.773 116.922 1 127.444 79.633 0 0.6
92000 5 9 10 1 0.07 0.217 0.484 0.793 0.773 138.809 0 164.138 102.92 0 0.687
92000 1 9 10 1 0.11 0.188 0.328 0.943 0.395 37.235 20 42.36 155.527 0 0
92000 2 9 10 1 0.11 0.188 0.328 0.943 0.395 40.577 11 45.614 189.473 0 0
92000 3 9 10 1 0.11 0.188 0.328 0.943 0.395 39.378 13 46.614 170.847 0 0
92000 4 9 10 1 0.11 0.188 0.328 0.943 0.395 44.452 2 51.051 132.327 0 0.073
92000 5 9 10 1 0.11 0.188 0.328 0.943 0.395 41.006 33 46.358 177.867 0 0
92000 1 9 10 1 0.045 0.403 0.171 0.988 0.793 20.795 3 24.216 86.38 0 0.053
92000 2 9 10 1 0.045 0.403 0.171 0.988 0.793 0 0 0 0 1 1
92000 3 9 10 1 0.045 0.403 0.171 0.988 0.793 15.081 4 22.42 85.38 0 0.033
92000 4 9 10 1 0.045 0.403 0.171 0.988 0.793 20.945 8 25.921 92.353 0 0.013
92000 5 9 10 1 0.045 0.403 0.171 0.988 0.793 12.952 9 17.297 78.373 0 0.007
92000 1 9 10 1 0.114 0.262 0.073 0.751 0.694 36.951 12 43.151 157.127 0 0
92000 2 9 10 1 0.114 0.262 0.073 0.751 0.694 37.917 16 43.556 150.48 0 0
92000 3 9 10 1 0.114 0.262 0.073 0.751 0.694 42.271 42 44.857 159.507 0 0
92000 4 9 10 1 0.114 0.262 0.073 0.751 0.694 37.87 28 43.568 160.073 0 0
92000 5 9 10 1 0.114 0.262 0.073 0.751 0.694 40.325 55 45.354 163.967 0 0
92000 1 9 10 1 0.027 0.188 0.217 0.86 0.741 22.623 2 26.116 65.707 0 0.06
92000 2 9 10 1 0.027 0.188 0.217 0.86 0.741 20.889 4 24.409 60.347 0 0.12
92000 3 9 10 1 0.027 0.188 0.217 0.86 0.741 23.687 4 30.884 81.613 0 0.173
92000 4 9 10 1 0.027 0.188 0.217 0.86 0.741 21.01 3 28.005 73.647 0 0.193
92000 5 9 10 1 0.027 0.188 0.217 0.86 0.741 15.994 2 23.344 77.453 0 0.113
92000 1 9 10 1 0.105 0.41 0.179 0.902 0.607 35.203 50 39.394 158.953 0 0
92000 2 9 10 1 0.105 0.41 0.179 0.902 0.607 39.982 40 43.443 143.833 0 0
92000 3 9 10 1 0.105 0.41 0.179 0.902 0.607 43.059 53 47.12 177.007 0 0
92000 4 9 10 1 0.105 0.41 0.179 0.902 0.607 39.218 14 43.233 154.34 0 0
92000 5 9 10 1 0.105 0.41 0.179 0.902 0.607 36.351 23 42.967 149.947 0 0
92000 1 9 10 1 0.039 0.029 0.197 0.943 0.739 115.015 0 122.327 69.867 0 0.52
92000 2 9 10 1 0.039 0.029 0.197 0.943 0.739 194.059 1 205.378 128.493 0 0.707
92000 3 9 10 1 0.039 0.029 0.197 0.943 0.739 72.146 1 80.938 58.5 0 0.627
92000 4 9 10 1 0.039 0.029 0.197 0.943 0.739 124.38 0 135.188 89.34 0 0.58
92000 5 9 10 1 0.039 0.029 0.197 0.943 0.739 136.856 1 156.483 94.3 0 0.6
92000 1 9 10 1 0.055 0.147 0.304 0.818 0.165 226.593 33 235.539 1129.767 0 0
92000 2 9 10 1 0.055 0.147 0.304 0.818 0.165 210.491 75 226.722 981.067 0 0
92000 3 9 10 1 0.055 0.147 0.304 0.818 0.165 222.951 88 233.798 918.873 0 0
92000 4 9 10 1 0.055 0.147 0.304 0.818 0.165 221.49 0 232.15 879.027 0 0.007
92000 5 9 10 1 0.055 0.147 0.304 0.818 0.165 217.842 150 231.291 1011.84 0 0
92000 1 9 10 1 0.04 0.003 0.34 0.931 0.3 76.47 0 86.242 60.767 0 0.527
92000 2 9 10 1 0.04 0.003 0.34 0.931 0.3 95.923 0 105.555 56.233 0 0.68
92000 3 9 10 1 0.04 0.003 0.34 0.931 0.3 103.796 0 113.963 72.053 0 0.693
92000 4 9 10 1 0.04 0.003 0.34 0.931 0.3 186.134 0 202.842 138.687 0 0.707
92000 5 9 10 1 0.04 0.003 0.34 0.931 0.3 146.263 1 153.846 93.233 0 0.613
92000 1 9 10 1 0.015 0.499 0.078 0.975 0.037 248.18 4200 249.776 4900.327 0 0
92000 2 9 10 1 0.015 0.499 0.078 0.975 0.037 249.147 4464 249.873 5212.447 0 0
92000 3 9 10 1 0.015 0.499 0.078 0.975 0.037 248.6 4526 249.823 5414.227 0 0
92000 4 9 10 1 0.015 0.499 0.078 0.975 0.037 249.073 4380 249.838 5128.127 0 0
92000 5 9 10 1 0.015 0.499 0.078 0.975 0.037 248.709 4145 249.754 4923.573 0 0
92000 1 9 10 1 0.115 0.282 0.041 0.897 0.329 248.906 5021 249.893 5847.38 0 0
92000 2 9 10 1 0.115 0.282 0.041 0.897 0.329 248.872 5084 249.915 5689.14 0 0
92000 3 9 10 1 0.115 0.282 0.041 0.897 0.329 249.03 4352 249.888 5298.333 0 0
92000 4 9 10 1 0.115 0.282 0.041 0.897 0.329 248.293 4313 249.892 5475.553 0 0
92000 5 9 10 1 0.115 0.282 0.041 0.897 0.329 248.872 4562 249.847 5284.893 0 0
92000 1 9 10 1 0.029 0.214 0.493 0.797 0.456 21.532 3 26.057 70.807 0 0.18
92000 2 9 10 1 0.029 0.214 0.493 0.797 0.456 23.671 0 31.512 67.213 0 0.3
92000 3 9 10 1 0.029 0.214 0.493 0.797 0.456 15.169 2 20.289 49.32 0 0.147
92000 4 9 10 1 0.029 0.214 0.493 0.797 0.456 19.421 2 25.498 67.607 0 0.087
92000 5 9 10 1 0.029 0.214 0.493 0.797 0.456 22.268 3 27.082 73.867 0 0.2
92000 1 9 10 1 0.008 0.003 0.459 0.787 0.69 103.943 0 113.537 66.54 0 0.533
92000 2 9 10 1 0.008 0.003 0.459 0.787 0.69 123.27 0 132.068 83.447 0 0.707
92000 3 9 10 1 0.008 0.003 0.459 0.787 0.69 142.018 1 148.426 91.04 0 0.64
92000 4 9 10 1 0.008 0.003 0.459 0.787 0.69 115.19 0 126.906 79.14 0 0.613
92000 5 9 10 1 0.008 0.003 0.459 0.787 0.69 127.704 0 135.171 87.207 0 0.587
92000 1 9 10 1 0.026 0.294 0.343 0.911 0.975 128.26 0 143.957 86.34 0 0.62
92000 2 9 10 1 0.026 0.294 0.343 0.911 0.975 124.99 0 137.916 78 0 0.567
92000 3 9 10 1 0.026 0.294 0.343 0.911 0.975 53.103 0 57.656 42.02 0 0.34
92000 4 9 10 1 0.026 0.294 0.343 0.911 0.975 52.342 0 57.514 42.613 0 0.507
92000 5 9 10 1 0.026 0.294 0.343 0.911 0.975 213.248 1 223.494 123.593 0 0.667
92000 1 9 10 1 0.06 0.034 0.126 0.909 0.409 45.049 1 50.012 98.82 0 0.107
92000 2 9 10 1 0.06 0.034 0.126 0.909 0.409 108.232 0 116.271 117.353 0 0.287
92000 3 9 10 1 0.06 0.034 0.126 0.909 0.409 162.819 2 175.825 128.793 0 0.54
92000 4 9 10 1 0.06 0.034 0.126 0.909 0.409 33.511 1 39.224 98.273 0 0.113
92000 1 9 8 1 0.066 0.142 0.346 0.896 0.519 9.814 3 17.02 63.133 0 0.113
92000 2 9 8 1 0.066 0.142 0.346 0.896 0.519 2.817 2 8.957 57.553 0.107 0.16
92000 3 9 8 1 0.066 0.142 0.346 0.896 0.519 22.593 3 29.011 92.427 0 0.08
92000 4 9 8 1 0.066 0.142 0.346 0.896 0.519 24.866 8 28.357 92.547 0 0.027
92000 5 9 8 1 0.066 0.142 0.346 0.896 0.519 24.609 6 27.867 76.407 0 0.093
92000 1 9 8 1 0.088 0.071 0.152 0.944 0.139 238.788 1324 246.157 2228.667 0 0
92000 2 9 8 1 0.088 0.071 0.152 0.944 0.139 238.777 1101 245.025 1675.32 0 0
92000 3 9 8 1 0.088 0.071 0.152 0.944 0.139 237.668 1363 244.372 2003.427 0 0
92000 4 9 8 1 0.088 0.071 0.152 0.944 0.139 235.466 1099 243.669 1850.927 0 0
92000 5 9 8 1 0.088 0.071 0.152 0.944 0.139 231.334 1004 244.142 1808.547 0 0
92000 1 9 8 1 0.091 0.378 0.178 0.913 0.965 0 0 0 0 1 1
92000 2 9 8 1 0.091 0.378 0.178 0.913 0.965 14.766 1 21.769 52.687 0 0.12
92000 3 9 8 1 0.091 0.378 0.178 0.913 0.965 2.071 2 5.576 36.113 0.433 0.247
92000 4 9 8 1 0.091 0.378 0.178 0.913 0.965 0 0 0 0 1 1
92000 5 9 8 1 0.091 0.378 0.178 0.913 0.965 9.306 3 12.576 60.44 0 0.047
92000 1 9 8 1 0.067 0.469 0.119 0.875 0.593 47.442 98 54.71 253.733 0 0
92000 2 9 8 1 0.067 0.469 0.119 0.875 0.593 49.138 5 53.733 244.4 0 0.033
92000 3 9 8 1 0.067 0.469 0.119 0.875 0.593 60.476 20 67.026 291.407 0 0
92000 4 9 8 1 0.067 0.469 0.119 0.875 0.593 45.173 26 51.4 244.427 0 0
92000 5 9 8 1 0.067 0.469 0.119 0.875 0.593 50.395 51 58.116 261.007 0 0
92000 1 9 8 1 0.108 0.348 0.48 0.921 0.93 10.333 1 16.213 61.427 0 0.213
92000 2 9 8 1 0.108 0.348 0.48 0.921 0.93 13.277 5 20.865 68.74 0 0.087
92000 3 9 8 1 0.108 0.348 0.48 0.921 0.93 0 0 0 0 1 1
92000 4 9 8 1 0.108 0.348 0.48 0.921 0.93 13.837 1 16.842 46.18 0 0.153
92000 5 9 8 1 0.108 0.348 0.48 0.921 0.93 10.614 3 15.991 42.62 0 0.12
92000 1 9 8 1 0.105 0.257 0.308 0.955 0.251 229.658 270 240.195 1106.2 0 0
92000 2 9 8 1 0.105 0.257 0.308 0.955 0.251 227.294 244 237.432 1181.367 0 0
92000 3 9 8 1 0.105 0.257 0.308 0.955 0.251 233.705 351 240.641 1211.847 0 0
92000 4 9 8 1 0.105 0.257 0.308 0.955 0.251 228.251 257 239.742 1118.327 0 0
92000 5 9 8 1 0.105 0.257 0.308 0.955 0.251 227.121 347 238.356 1205.887 0 0
92000 1 9 8 1 0.06 0.329 0.163 0.805 0.361 235.802 1094 242.568 1718.593 0 0
92000 2 9 8 1 0.06 0.329 0.163 0.805 0.361 238.303 1037 245.338 1753.053 0 0
92000 3 9 8 1 0.06 0.329 0.163 0.805 0.361 232.423 527 243.499 1623.153 0 0
92000 4 9 8 1 0.06 0.329 0.163 0.805 0.361 235.546 869 244.978 1744.273 0 0
92000 5 9 8 1 0.06 0.329 0.163 0.805 0.361 233.924 1167 245.081 1850.507 0 0
92000 1 9 8 1 0.028 0.117 0.449 0.84 0.461 25.787 1 30.187 74.267 0 0.14
92000 2 9 8 1 0.028 0.117 0.449 0.84 0.461 9.645 2 19.296 58.893 0 0.2
92000 3 9 8 1 0.028 0.117 0.449 0.84 0.461 19.32 20 24.08 93.207 0 0
92000 4 9 8 1 0.028 0.117 0.449 0.84 0.461 12.374 3 16.298 59.013 0 0.147
92000 5 9 8 1 0.028 0.117 0.449 0.84 0.461 20.305 4 24.428 88.013 0 0.067
92000 1 9 8 1 0.081 0.436 0.098 0.914 0.666 37.869 64 43.93 176.64 0 0
92000 2 9 8 1 0.081 0.436 0.098 0.914 0.666 40.929 38 46.202 184.993 0 0
92000 3 9 8 1 0.081 0.436 0.098 0.914 0.666 34.21 10 39.501 158.987 0 0
92000 4 9 8 1 0.081 0.436 0.098 0.914 0.666 37.977 21 43.109 154.167 0 0
92000 5 9 8 1 0.081 0.436 0.098 0.914 0.666 38.503 57 43.043 177.327 0 0
92000 1 9 8 1 0.12 0.379 0.161 0.805 0.596 36.241 21 42.783 159.967 0 0
92000 2 9 8 1 0.12 0.379 0.161 0.805 0.596 40.948 38 47.082 191.167 0 0
92000 3 9 8 1 0.12 0.379 0.161 0.805 0.596 34.172 70 40.013 173.287 0 0
92000 4 9 8 1 0.12 0.379 0.161 0.805 0.596 39.896 15 44.28 179.293 0 0
92000 5 9 8 1 0.12 0.379 0.161 0.805 0.596 38.704 64 42.703 168.92 0 0
92000 1 9 8 1 0.085 0.15 0.162 0.955 0.781 25.552 4 29.23 87.06 0 0.067
92000 2 9 8 1 0.085 0.15 0.162 0.955 0.781 17.342 5 22.895 71.22 0 0.047
92000 3 9 8 1 0.085 0.15 0.162 0.955 0.781 13.807 1 19.351 68.547 0 0.18
92000 4 9 8 1 0.085 0.15 0.162 0.955 0.781 27.184 7 31.098 73.233 0 0.027
92000 5 9 8 1 0.085 0.15 0.162 0.955 0.781 17.735 12 23.829 79.633 0 0
92000 1 9 8 1 0.084 0.148 0.144 0.845 0.629 29.872 7 35.491 118.173 0 0.02
92000 2 9 8 1 0.084 0.148 0.144 0.845 0.629 34.14 4 40.54 109.567 0 0.033
92000 3 9 8 1 0.084 0.148 0.144 0.845 0.629 30.329 3 36.031 98.42 0 0.14
92000 4 9 8 1 0.084 0.148 0.144 0.845 0.629 35.7 10 39.827 127.173 0 0
92000 5 9 8 1 0.084 0.148 0.144 0.845 0.629 22.881 7 31.698 113 0 0.013
92000 1 9 8 1 0.116 0.224 0.252 0.819 0.21 242.203 1521 247.287 2344.947 0 0
92000 2 9 8 1 0.116 0.224 0.252 0.819 0.21 241.931 1658 247.423 2415.247 0 0
92000 3 9 8 1 0.116 0.224 0.252 0.819 0.21 241.936 1817 248.129 2535.187 0 0
92000 4 9 8 1 0.116 0.224 0.252 0.819 0.21 243.44 1736 248.062 2283.073 0 0
92000 5 9 8 1 0.116 0.224 0.252 0.819 0.21 243.298 1157 247.892 2429.467 0 0
92000 1 9 8 1 0.057 0.043 0.09 0.768 0.035 248.952 5125 249.869 5830.367 0 0
92000 2 9 8 1 0.057 0.043 0.09 0.768 0.035 248.761 4589 249.874 5555.447 0 0
92000 3 9 8 1 0.057 0.043 0.09 0.768 0.035 248.695 4731 249.89 5350.3 0 0
92000 4 9 8 1 0.057 0.043 0.09 0.768 0.035 248.814 5788 249.94 6352.653 0 0
92000 5 9 8 1 0.057 0.043 0.09 0.768 0.035 248.558 4400 249.86 5101.053 0 0
92000 1 9 8 1 0.113 0.477 0.166 0.91 0.104 248.912 4846 249.862 5535.84 0 0
92000 2 9 8 1 0.113 0.477 0.166 0.91 0.104 249.148 5589 249.949 6265.807 0 0
92000 3 9 8 1 0.113 0.477 0.166 0.91 0.104 248.582 4450 249.84 5353.88 0 0
92000 4 9 8 1 0.113 0.477 0.166 0.91 0.104 248.852 4955 249.901 5677.7 0 0
92000 5 9 8 1 0.113 0.477 0.166 0.91 0.104 249.13 4456 249.848 5057.193 0 0
92000 1 9 8 1 0.006 0.182 0.462 0.916 0.787 4.653 2 8.233 52.973 0.047 0.207
92000 2 9 8 1 0.006 0.182 0.462 0.916 0.787 0 0 0 0 1 1
92000 3 9 8 1 0.006 0.182 0.462 0.916 0.787 3.059 2 7.186 40.007 0.3 0.12
92000 4 9 8 1 0.006 0.182 0.462 0.916 0.787 0 0 0.5 2.667 1 0.9
92000 5 9 8 1 0.006 0.182 0.462 0.916 0.787 10.921 2 18.95 30.573 0 0.34
92000 1 9 8 1 0.068 0.446 0.418 0.864 0.714 13.283 0 20.331 67.707 0 0.24
92000 2 9 8 1 0.068 0.446 0.418 0.864 0.714 3.489 0 8.491 10.107 0.073 0.607
92000 3 9 8 1 0.068 0.446 0.418 0.864 0.714 19.402 2 23.004 64.36 0 0.133
92000 4 9 8 1 0.068 0.446 0.418 0.864 0.714 0 0 0 0 1 1
92000 5 9 8 1 0.068 0.446 0.418 0.864 0.714 15.765 1 20.892 52.687 0 0.067
92000 1 9 8 1 0.049 0.074 0.255 0.921 0.467 29.423 7 32.466 104.54 0 0.04
92000 2 9 8 1 0.049 0.074 0.255 0.921 0.467 30.163 5 33.887 103.413 0 0.093
92000 3 9 8 1 0.049 0.074 0.255 0.921 0.467 28.32 3 33.012 108.32 0 0.087
92000 4 9 8 1 0.049 0.074 0.255 0.921 0.467 30.415 4 38.217 123.673 0 0.087
92000 5 9 8 1 0.049 0.074 0.255 0.921 0.467 25.98 12 31.002 107.987 0 0
92000 1 9 8 1 0.072 0.061 0.019 0.774 0.535 131.854 207 138.405 486.607 0 0
92000 2 9 8 1 0.072 0.061 0.019 0.774 0.535 128.097 319 134.045 509.047 0 0
92000 3 9 8 1 0.072 0.061 0.019 0.774 0.535 117.394 88 131.792 417.493 0 0
92000 4 9 8 1 0.072 0.061 0.019 0.774 0.535 134.132 154 140.634 439.947 0 0
92000 5 9 8 1 0.072 0.061 0.019 0.774 0.535 136.427 273 141.672 553.46 0 0
92000 1 10 10 1 0.036 0.439 0.264 0.907 0.811 98.66 0 107.821 68.033 0 0.5
92000 2 10 10 1 0.036 0.439 0.264 0.907 0.811 146.324 0 156.003 109.62 0 0.5
92000 3 10 10 1 0.036 0.439 0.264 0.907 0.811 153.598 0 176.645 123.76 0 0.74
92000 4 10 10 1 0.036 0.439 0.264 0.907 0.811 77.473 0 82.501 60.973 0 0.507
92000 5 10 10 1 0.036 0.439 0.264 0.907 0.811 159.293 0 171.723 122.06 0 0.433
92000 1 10 10 1 0.084 0.202 0.251 0.861 0.901 182.392 0 194.753 115.433 0 0.593
92000 2 10 10 1 0.084 0.202 0.251 0.861 0.901 143.109 1 158.115 111.913 0 0.62
92000 3 10 10 1 0.084 0.202 0.251 0.861 0.901 119.704 0 128.709 86.98 0 0.533
92000 4 10 10 1 0.084 0.202 0.251 0.861 0.901 204.702 2 214.744 130.467 0 0.66
92000 5 10 10 1 0.084 0.202 0.251 0.861 0.901 150.653 1 155.665 95.467 0 0.533
92000 1 10 10 1 0.099 0.495 0.48 0.78 0.625 144.837 0 157.637 108.62 0 0.56
92000 2 10 10 1 0.099 0.495 0.48 0.78 0.625 153.562 0 159.996 105.847 0 0.613
92000 3 10 10 1 0.099 0.495 0.48 0.78 0.625 150.946 2 161.462 119.653 0 0.62
92000 4 10 10 1 0.099 0.495 0.48 0.78 0.625 55.042 1 69.942 56.533 0 0.4
92000 5 10 10 1 0.099 0.495 0.48 0.78 0.625 71.517 1 80.815 60.667 0 0.493
92000 1 10 10 1 0.074 0.236 0.167 0.943 0.639 30.456 15 35.125 119.667 0 0
92000 2 10 10 1 0.074 0.236 0.167 0.943 0.639 31.831 5 37.968 112.087 0 0.033
92000 3 10 10 1 0.074 0.236 0.167 0.943 0.639 29.298 15 35.723 110.913 0 0
92000 4 10 10 1 0.074 0.236 0.167 0.943 0.639 34.453 5 40.449 138.373 0 0.007
92000 5 10 10 1 0.074 0.236 0.167 0.943 0.639 29.538 6 36.014 112.167 0 0.06
92000 1 10 10 1 0.104 0.217 0.062 0.921 0.03 250 23857 250 27056.22 0 0
92000 2 10 10 1 0.104 0.217 0.062 0.921 0.03 250 28485 250 29956.34 0 0
92000 3 10 10 1 0.104 0.217 0.062 0.921 0.03 250 27693 250 28677.16 0 0
92000 4 10 10 1 0.104 0.217 0.062 0.921 0.03 250 26756 250 30947.78 0 0
92000 5 10 10 1 0.104 0.217 0.062 0.921 0.03 250 25845 250 28727.793 0 0
92000 1 10 10 1 0.018 0.15 0.073 0.847 0.924 20.831 4 30.43 78.66 0 0.087
92000 2 10 10 1 0.018 0.15 0.073 0.847 0.924 12.274 3 17.714 50.18 0 0.113
92000 3 10 10 1 0.018 0.15 0.073 0.847 0.924 14.362 4 20.634 73.993 0 0.073
92000 4 10 10 1 0.018 0.15 0.073 0.847 0.924 17.363 3 30.656 78.4 0 0.18
92000 5 10 10 1 0.018 0.15 0.073 0.847 0.924 9.138 6 16.595 71.867 0 0.06
92000 1 10 10 1 0.004 0.298 0.095 0.954 0.235 238.767 928 244.994 1871.993 0 0
92000 2 10 10 1 0.004 0.298 0.095 0.954 0.235 235.992 838 245.043 1890.273 0 0
92000 3 10 10 1 0.004 0.298 0.095 0.954 0.235 240.786 1156 246.317 1947.84 0 0
92000 4 10 10 1 0.004 0.298 0.095 0.954 0.235 238.144 1428 245.104 2177.727 0 0
92000 5 10 10 1 0.004 0.298 0.095 0.954 0.235 235.271 451 244.765 1922.72 0 0
92000 1 10 10 1 0.109 0.215 0.078 0.941 0.855 25.221 15 36.74 102.44 0 0
92000 2 10 10 1 0.109 0.215 0.078 0.941 0.855 22.359 14 26.443 102.82 0 0
92000 3 10 10 1 0.109 0.215 0.078 0.941 0.855 19.895 3 26.597 99.767 0 0.06
92000 4 10 10 1 0.109 0.215 0.078 0.941 0.855 23.378 10 31.61 104.72 0 0
92000 5 10 10 1 0.109 0.215 0.078 0.941 0.855 21.955 10 27.805 90.293 0 0
92000 1 10 10 1 0.044 0.143 0.445 0.828 0.696 101.779 1 125.455 87.207 0 0.56
92000 2 10 10 1 0.044 0.143 0.445 0.828 0.696 200.299 0 212.117 127.113 0 0.64
92000 3 10 10 1 0.044 0.143 0.445 0.828 0.696 124.715 1 134.502 86.127 0 0.553
92000 4 10 10 1 0.044 0.143 0.445 0.828 0.696 193.023 0 203.419 139.24 0 0.74
92000 5 10 10 1 0.044 0.143 0.445 0.828 0.696 123.407 0 137.508 86.44 0 0.613
92000 1 10 10 1 0.004 0.435 0.325 0.869 0.893 214.584 0 224.897 148.4 0 0.64
92000 2 10 10 1 0.004 0.435 0.325 0.869 0.893 137.592 1 149.8 94.58 0 0.567
92000 3 10 10 1 0.004 0.435 0.325 0.869 0.893 123.364 1 134.248 78.6 0 0.427
92000 4 10 10 1 0.004 0.435 0.325 0.869 0.893 123.449 0 130.181 83.067 0 0.487
92000 5 10 10 1 0.004 0.435 0.325 0.869 0.893 145.897 0 161.565 115.74 0 0.553
92000 1 10 10 1 0.091 0.136 0.217 0.931 0.423 51.985 3 59.206 170.14 0 0.107
92000 2 10 10 1 0.091 0.136 0.217 0.931 0.423 40.502 38 52.59 213.687 0 0
92000 3 10 10 1 0.091 0.136 0.217 0.931 0.423 37.914 5 48.743 178.707 0 0.06
92000 4 10 10 1 0.091 0.136 0.217 0.931 0.423 53.713 10 63.646 206.493 0 0
92000 5 10 10 1 0.091 0.136 0.217 0.931 0.423 45.607 84 52.7 233.86 0 0
92000 1 10 10 1 0.042 0.178 0.464 0.957 0.404 43.842 3 50.83 103.753 0 0.393
92000 2 10 10 1 0.042 0.178 0.464 0.957 0.404 28.62 5 35.525 94.813 0 0.047
92000 3 10 10 1 0.042 0.178 0.464 0.957 0.404 24.518 2 28.791 95.08 0 0.107
92000 4 10 10 1 0.042 0.178 0.464 0.957 0.404 65.943 3 80.025 119.78 0 0.14
92000 5 10 10 1 0.042 0.178 0.464 0.957 0.404 41.931 0 56.658 110.98 0 0.367
92000 1 10 10 1 0.055 0.061 0.378 0.808 0.72 138.045 1 146.914 108.873 0 0.567
92000 2 10 10 1 0.055 0.061 0.378 0.808 0.72 116.492 1 128.079 79.347 0 0.687
92000 3 10 10 1 0.055 0.061 0.378 0.808 0.72 141.228 1 154.381 100.007 0 0.62
92000 4 10 10 1 0.055 0.061 0.378 0.808 0.72 157.389 2 165.298 111.147 0 0.427
92000 5 10 10 1 0.055 0.061 0.378 0.808 0.72 189.845 1 201.532 136.153 0 0.693
92000 1 10 10 1 0.067 0.303 0.385 0.792 0.568 22.765 5 28.04 83.04 0 0.027
92000 2 10 10 1 0.067 0.303 0.385 0.792 0.568 20.681 2 26.999 76.487 0 0.16
92000 3 10 10 1 0.067 0.303 0.385 0.792 0.568 0 0 0 0 1 1
92000 4 10 10 1 0.067 0.303 0.385 0.792 0.568 15.851 4 19.207 71.073 0 0.12
92000 5 10 10 1 0.067 0.303 0.385 0.792 0.568 22.639 2 25.515 77.253 0 0.173
92000 1 10 10 1 0.119 0.498 0.323 0.877 0.367 225.778 7 238.351 1041.113 0 0.02
92000 2 10 10 1 0.119 0.498 0.323 0.877 0.367 218.79 1 233.832 949.533 0 0.007
92000 3 10 10 1 0.119 0.498 0.323 0.877 0.367 224.72 229 234.397 1192.42 0 0
92000 4 10 10 1 0.119 0.498 0.323 0.877 0.367 222.471 5 232.95 956.38 0 0.027
92000 5 10 10 1 0.119 0.498 0.323 0.877 0.367 214.65 1 236.296 1028.98 0 0.007
92000 1 10 10 1 0.024 0.008 0.174 0.787 0.44 207.423 0 220.426 134.593 0 0.66
92000 2 10 10 1 0.024 0.008 0.174 0.787 0.44 210.727 1 223.295 114.2 0 0.627
92000 3 10 10 1 0.024 0.008 0.174 0.787 0.44 170.002 0 190.739 132.42 0 0.72
92000 4 10 10 1 0.024 0.008 0.174 0.787 0.44 124.995 1 132.289 78.84 0 0.58
92000 5 10 10 1 0.024 0.008 0.174 0.787 0.44 118.075 1 125.448 76.287 0 0.593
92000 1 10 10 1 0.071 0.343 0.484 0.886 0.721 154.142 0 169.326 103.46 0 0.473
92000 2 10 10 1 0.071 0.343 0.484 0.886 0.721 77.277 0 86.936 62.293 0 0.673
92000 3 10 10 1 0.071 0.343 0.484 0.886 0.721 127.536 1 136.606 84.647 0 0.58
92000 4 10 10 1 0.071 0.343 0.484 0.886 0.721 109.022 2 117.171 77.76 0 0.527
92000 5 10 10 1 0.071 0.343 0.484 0.886 0.721 140.185 0 149.723 108.213 0 0.587
92000 1 10 10 1 0.097 0.497 0.313 0.961 0.337 226.093 4 238.162 1230.647 0 0.007
92000 2 10 10 1 0.097 0.497 0.313 0.961 0.337 224.673 383 238.987 1499.16 0 0
92000 3 10 10 1 0.097 0.497 0.313 0.961 0.337 235.239 321 242.708 1426.707 0 0
92000 4 10 10 1 0.097 0.497 0.313 0.961 0.337 233.714 125 241.771 1213.627 0 0
92000 5 10 10 1 0.097 0.497 0.313 0.961 0.337 233.481 393 242.428 1441.28 0 0
92000 1 10 10 1 0.032 0.407 0.108 0.799 0.4 237.599 977 243.661 1842.587 0 0
92000 2 10 10 1 0.032 0.407 0.108 0.799 0.4 235.597 582 245.402 1967.76 0 0
92000 3 10 10 1 0.032 0.407 0.108 0.799 0.4 232.49 877 244.196 1851.987 0 0
92000 4 10 10 1 0.032 0.407 0.108 0.799 0.4 240.754 1070 245.986 2009.333 0 0
92000 5 10 10 1 0.032 0.407 0.108 0.799 0.4 235.608 920 244.143 1835.34 0 0
92000 1 10 10 1 0.048 0.289 0.236 0.893 0.12 242.909 1697 248.589 3096.353 0 0
92000 2 10 10 1 0.048 0.289 0.236 0.893 0.12 239.608 2060 248.508 3156.667 0 0
92000 3 10 10 1 0.048 0.289 0.236 0.893 0.12 242.064 1838 248.352 2956.467 0 0
92000 4 10 10 1 0.048 0.289 0.236 0.893 0.12 239.641 1748 247.347 2995.513 0 0
92000 1 9 7 1 0.095 0.313 0.17 0.915 0.9 0.497 1 4.6 45.907 0.46 0.133
92000 2 9 7 1 0.095 0.313 0.17 0.915 0.9 0 0 0 0 1 1
92000 3 9 7 1 0.095 0.313 0.17 0.915 0.9 16.977 1 22.589 63.06 0 0.22
92000 4 9 7 1 0.095 0.313 0.17 0.915 0.9 8.186 3 12.121 49.48 0 0.08
92000 5 9 7 1 0.095 0.313 0.17 0.915 0.9 4.733 1 7.527 50.8 0.027 0.08
92000 1 9 7 1 0.071 0.035 0.22 0.827 0.619 13.717 5 19.311 69.18 0 0.06
92000 2 9 7 1 0.071 0.035 0.22 0.827 0.619 2.383 2 5.815 44.413 0.427 0.16
92000 3 9 7 1 0.071 0.035 0.22 0.827 0.619 17.162 3 25.002 71.933 0 0.16
92000 4 9 7 1 0.071 0.035 0.22 0.827 0.619 0 0 0 0 1 1
92000 5 9 7 1 0.071 0.035 0.22 0.827 0.619 11.311 4 15.74 59.62 0 0.08
92000 1 9 7 1 0.002 0.038 0.036 0.805 0.817 21.42 4 27.775 84.367 0 0.047
92000 2 9 7 1 0.002 0.038 0.036 0.805 0.817 25.241 5 31.531 80.287 0 0.067
92000 3 9 7 1 0.002 0.038 0.036 0.805 0.817 16.426 1 21.039 80.733 0 0.033
92000 4 9 7 1 0.002 0.038 0.036 0.805 0.817 22.638 4 28.464 83.807 0 0.14
92000 5 9 7 1 0.002 0.038 0.036 0.805 0.817 13.555 6 22.702 87.933 0 0.027
92000 1 9 7 1 0.067 0.297 0.398 0.791 0.012 248.344 3533 249.768 4445.98 0 0
92000 2 9 7 1 0.067 0.297 0.398 0.791 0.012 248.334 3465 249.65 4225.58 0 0
92000 3 9 7 1 0.067 0.297 0.398 0.791 0.012 248.996 4005 249.825 4698.287 0 0
92000 4 9 7 1 0.067 0.297 0.398 0.791 0.012 247.707 3192 249.653 4331.68 0 0
92000 5 9 7 1 0.067 0.297 0.398 0.791 0.012 248.343 3911 249.732 4317.82 0 0
92000 1 9 7 1 0.085 0.246 0.208 0.873 0.15 246.327 2456 249.332 3106.713 0 0
92000 2 9 7 1 0.085 0.246 0.208 0.873 0.15 246.489 2396 249.191 2962.833 0 0
92000 3 9 7 1 0.085 0.246 0.208 0.873 0.15 247.139 2368 249.299 3059.1 0 0
92000 4 9 7 1 0.085 0.246 0.208 0.873 0.15 242.711 1614 248.58 2843.847 0 0
92000 5 9 7 1 0.085 0.246 0.208 0.873 0.15 246.195 1897 248.957 2745.733 0 0
92000 1 9 7 1 0.024 0.272 0.387 0.918 0.789 1.775 3 5.071 41.507 0.48 0.12
92000 2 9 7 1 0.024 0.272 0.387 0.918 0.789 19.226 1 23.154 62.887 0 0.287
92000 3 9 7 1 0.024 0.272 0.387 0.918 0.789 10.869 3 15.097 52.427 0 0.08
92000 4 9 7 1 0.024 0.272 0.387 0.918 0.789 17.406 4 23.791 70.933 0 0.16
92000 5 9 7 1 0.024 0.272 0.387 0.918 0.789 16.571 2 21.205 63 0 0.047
92000 1 9 7 1 0.088 0.209 0.061 0.862 0.217 248.815 3959 249.842 5008.967 0 0
92000 2 9 7 1 0.088 0.209 0.061 0.862 0.217 248.499 4570 249.813 5152.887 0 0
92000 3 9 7 1 0.088 0.209 0.061 0.862 0.217 249.129 4764 249.883 5363.56 0 0
92000 4 9 7 1 0.088 0.209 0.061 0.862 0.217 248.513 3979 249.754 4650.873 0 0
92000 5 9 7 1 0.088 0.209 0.061 0.862 0.217 248.626 3981 249.851 4791.32 0 0
92000 1 9 7 1 0.119 0.391 0.072 0.762 0.741 31.651 8 37.129 123.82 0 0.007
92000 2 9 7 1 0.119 0.391 0.072 0.762 0.741 36.897 39 42.341 137.247 0 0
92000 3 9 7 1 0.119 0.391 0.072 0.762 0.741 39.048 46 42.107 154.933 0 0
92000 4 9 7 1 0.119 0.391 0.072 0.762 0.741 31.06 28 34.834 126.347 0 0
92000 5 9 7 1 0.119 0.391 0.072 0.762 0.741 35.447 30 38.336 132.387 0 0
92000 1 9 7 1 0.109 0.016 0.062 0.84 0.416 9.459 2 17.429 71.427 0 0.227
92000 2 9 7 1 0.109 0.016 0.062 0.84 0.416 8.441 5 12.062 44.5 0 0.12
92000 3 9 7 1 0.109 0.016 0.062 0.84 0.416 17.47 2 22.459 64.56 0 0.193
92000 4 9 7 1 0.109 0.016 0.062 0.84 0.416 4.452 3 11.349 48.473 0.073 0.127
92000 5 9 7 1 0.109 0.016 0.062 0.84 0.416 11.327 1 14.498 54.46 0 0.14
92000 1 9 7 1 0.013 0.219 0.259 0.971 0.637 23.725 1 30.306 92.587 0 0.087
92000 2 9 7 1 0.013 0.219 0.259 0.971 0.637 28.996 6 32.803 83.947 0 0.027
92000 3 9 7 1 0.013 0.219 0.259 0.971 0.637 28.384 3 33.086 77.153 0 0.087
92000 4 9 7 1 0.013 0.219 0.259 0.971 0.637 23.645 4 28.452 91.093 0 0.067
92000 5 9 7 1 0.013 0.219 0.259 0.971 0.637 9.599 4 14.621 73.22 0 0.113
92000 1 9 7 1 0.115 0.371 0.016 0.937 0.673 67.572 140 73.33 362.7 0 0
92000 2 9 7 1 0.115 0.371 0.016 0.937 0.673 84.405 91 90.51 367.16 0 0
92000 3 9 7 1 0.115 0.371 0.016 0.937 0.673 80.845 71 86.771 386.373 0 0
92000 4 9 7 1 0.115 0.371 0.016 0.937 0.673 74.149 98 81.894 346.66 0 0
92000 5 9 7 1 0.115 0.371 0.016 0.937 0.673 79.901 80 86.964 372.767 0 0
92000 1 9 7 1 0.076 0.103 0.356 0.983 0.084 214.807 186 233.064 1110.067 0 0
92000 2 9 7 1 0.076 0.103 0.356 0.983 0.084 226.601 121 238.997 1213.88 0 0
92000 3 9 7 1 0.076 0.103 0.356 0.983 0.084 224.256 162 237.15 1223.433 0 0
92000 4 9 7 1 0.076 0.103 0.356 0.983 0.084 227.839 578 239.022 1160.527 0 0
92000 5 9 7 1 0.076 0.103 0.356 0.983 0.084 225.78 79 233.617 1121.693 0 0
92000 1 9 7 1 0.095 0.304 0.395 0.94 0.408 33.229 13 39.141 148.06 0 0
92000 2 9 7 1 0.095 0.304 0.395 0.94 0.408 32.211 13 40.157 148.1 0 0
92000 3 9 7 1 0.095 0.304 0.395 0.94 0.408 27.755 2 38.359 115.187 0 0.133
92000 4 9 7 1 0.095 0.304 0.395 0.94 0.408 33.236 28 38.394 144.153 0 0
92000 5 9 7 1 0.095 0.304 0.395 0.94 0.408 37.091 19 41.935 147.267 0 0
92000 1 9 7 1 0.075 0.144 0.137 0.948 0.565 33.768 5 39.116 155.88 0 0.033
92000 2 9 7 1 0.075 0.144 0.137 0.948 0.565 38.682 27 41.781 177.267 0 0
92000 3 9 7 1 0.075 0.144 0.137 0.948 0.565 39.582 7 42.635 169.06 0 0.013
92000 4 9 7 1 0.075 0.144 0.137 0.948 0.565 37.716 16 44.799 150.687 0 0
92000 5 9 7 1 0.075 0.144 0.137 0.948 0.565 45.378 10 50.087 174.62 0 0
92000 1 9 7 1 0.072 0.11 0.421 0.905 0.207 39.316 33 43.654 201.52 0 0
92000 2 9 7 1 0.072 0.11 0.421 0.905 0.207 37.317 7 42.91 183.62 0 0.007
92000 3 9 7 1 0.072 0.11 0.421 0.905 0.207 38.536 57 44.331 218.833 0 0
92000 4 9 7 1 0.072 0.11 0.421 0.905 0.207 42.317 19 49.309 190.14 0 0
92000 5 9 7 1 0.072 0.11 0.421 0.905 0.207 38.086 29 42.366 171.16 0 0
92000 1 9 7 1 0.019 0.492 0.195 0.775 0.523 39.952 4 45.278 156.16 0 0.053
92000 2 9 7 1 0.019 0.492 0.195 0.775 0.523 44.064 4 48.619 175.86 0 0.013
92000 3 9 7 1 0.019 0.492 0.195 0.775 0.523 41.692 14 50.063 176.273 0 0
92000 4 9 7 1 0.019 0.492 0.195 0.775 0.523 37.294 38 44.944 164.147 0 0
92000 5 9 7 1 0.019 0.492 0.195 0.775 0.523 40.21 25 45.344 186.613 0 0
92000 1 9 7 1 0.067 0.038 0.333 0.834 0.734 0 0 0 0 1 1
92000 2 9 7 1 0.067 0.038 0.333 0.834 0.734 1.021 1 4.776 36.113 0.507 0.113
92000 3 9 7 1 0.067 0.038 0.333 0.834 0.734 13.371 4 17.331 63.2 0 0.087
92000 4 9 7 1 0.067 0.038 0.333 0.834 0.734 11.35 1 16.446 65.213 0 0.2
92000 5 9 7 1 0.067 0.038 0.333 0.834 0.734 3.9 7 6.553 40.567 0.14 0.12
92000 1 9 7 1 0.072 0.197 0.473 0.915 0.108 220.234 45 231.507 947.953 0 0
92000 2 9 7 1 0.072 0.197 0.473 0.915 0.108 219.688 284 233.118 1129.52 0 0
92000 3 9 7 1 0.072 0.197 0.473 0.915 0.108 225.246 191 239.471 1116.507 0 0
92000 4 9 7 1 0.072 0.197 0.473 0.915 0.108 224.521 169 234.69 1141.227 0 0
92000 5 9 7 1 0.072 0.197 0.473 0.915 0.108 224.707 246 236.642 1135.687 0 0
92000 1 9 7 1 0.043 0.344 0.046 0.983 0.389 245.359 1811 248.886 2939.547 0 0
92000 2 9 7 1 0.043 0.344 0.046 0.983 0.389 246.127 2139 249.225 2983.947 0 0
92000 3 9 7 1 0.043 0.344 0.046 0.983 0.389 246.529 2373 249.348 3054.613 0 0
92000 4 9 7 1 0.043 0.344 0.046 0.983 0.389 246.979 2286 249.033 2853.113 0 0
92000 5 9 7 1 0.043 0.344 0.046 0.983 0.389 246.646 2330 249.24 2882.587 0 0
92000 1 9 7 1 0.072 0.039 0.44 0.764 0.628 17.592 2 21.042 61.04 0 0.1
92000 2 9 7 1 0.072 0.039 0.44 0.764 0.628 2.149 1 4.944 44.367 0.553 0.28
92000 3 9 7 1 0.072 0.039 0.44 0.764 0.628 21.094 2 24.935 67.18 0 0.067
92000 4 9 7 1 0.072 0.039 0.44 0.764 0.628 3.299 3 7.31 60.093 0.16 0.18
92000 5 9 7 1 0.072 0.039 0.44 0.764 0.628 20.305 3 25.235 67.607 0 0.107
92000 1 9 7 1 0.014 0.263 0.087 0.886 0.824 20.258 16 27.272 105.493 0 0
92000 2 9 7 1 0.014 0.263 0.087 0.886 0.824 24.04 12 26.877 93.173 0 0
92000 3 9 7 1 0.014 0.263 0.087 0.886 0.824 21.868 22 25.509 101.82 0 0
92000 4 9 7 1 0.014 0.263 0.087 0.886 0.824 23.237 10 26.42 89.68 0 0
92000 5 9 7 1 0.014 0.263 0.087 0.886 0.824 21.163 29 25.328 98.867 0 0
92000 1 9 7 1 0.082 0.043 0.432 0.987 0.545 12.443 4 18.935 62.727 0 0.153
92000 2 9 7 1 0.082 0.043 0.432 0.987 0.545 3.296 2 7.097 54.2 0.16 0.087
92000 3 9 7 1 0.082 0.043 0.432 0.987 0.545 8.023 3 11.812 39.507 0 0.24
92000 4 9 7 1 0.082 0.043 0.432 0.987 0.545 5.968 10 8.953 49.48 0 0
92000 5 9 7 1 0.082 0.043 0.432 0.987 0.545 5.975 4 11.705 56.793 0 0.16
92000 1 9 7 1 0.006 0.155 0.124 0.88 0.484 31.23 2 40.566 160.78 0 0.033
92000 2 9 7 1 0.006 0.155 0.124 0.88 0.484 36.732 2 41.854 147.647 0 0.053
92000 3 9 7 1 0.006 0.155 0.124 0.88 0.484 37.217 1 41.546 147.26 0 0.04
92000 4 9 7 1 0.006 0.155 0.124 0.88 0.484 36.667 16 43.531 181.18 0 0
92000 5 9 7 1 0.006 0.155 0.124 0.88 0.484 41.557 6 46.703 161.72 0 0.013
92000 1 9 7 1 0.08 0.088 0.136 0.867 0.954 1.291 12 4.61 45.14 0.493 0
92000 2 9 7 1 0.08 0.088 0.136 0.867 0.954 12.11 3 18.169 67.9 0 0.253
92000 3 9 7 1 0.08 0.088 0.136 0.867 0.954 14.52 1 19.211 64.587 0 0.233
92000 4 9 7 1 0.08 0.088 0.136 0.867 0.954 20.835 2 25.684 66.48 0 0.127
92000 5 9 7 1 0.08 0.088 0.136 0.867 0.954 7.939 2 12.637 63.767 0 0.06
92000 1 9 7 1 0.09 0.105 0.458 0.881 0.068 170.571 145 178.923 788.693 0 0
92000 1 9 5 1 0.113 0.355 0.057 0.888 0.083 250 19757 250 21380.413 0 0
92000 2 9 5 1 0.113 0.355 0.057 0.888 0.083 250 18916 250 20659.067 0 0
92000 3 9 5 1 0.113 0.355 0.057 0.888 0.083 250 18030 250 19829.12 0 0
92000 4 9 5 1 0.113 0.355 0.057 0.888 0.083 250 19203 250 21442.053 0 0
92000 5 9 5 1 0.113 0.355 0.057 0.888 0.083 249.906 18119 249.999 19451.333 0 0
92000 1 9 5 1 0.044 0.034 0.193 0.826 0.833 4.09 9 7.515 59.947 0.053 0.007
92000 2 9 5 1 0.044 0.034 0.193 0.826 0.833 20.744 2 24.983 74.067 0 0.113
92000 3 9 5 1 0.044 0.034 0.193 0.826 0.833 21.743 1 28.307 78.527 0 0.18
92000 4 9 5 1 0.044 0.034 0.193 0.826 0.833 16.432 5 20.821 74.3 0 0.067
92000 5 9 5 1 0.044 0.034 0.193 0.826 0.833 20.304 5 26.98 79.913 0 0.06
92000 1 9 5 1 0.09 0.452 0.239 0.876 0.451 159.949 85 171.297 625.913 0 0
92000 2 9 5 1 0.09 0.452 0.239 0.876 0.451 175.744 366 181.782 770.18 0 0
92000 3 9 5 1 0.09 0.452 0.239 0.876 0.451 166.153 186 174.563 693.987 0 0
92000 4 9 5 1 0.09 0.452 0.239 0.876 0.451 128.656 149 136.891 591.487 0 0
92000 5 9 5 1 0.09 0.452 0.239 0.876 0.451 161.907 170 171.438 673.813 0 0
92000 1 9 5 1 0.052 0.02 0.184 0.778 0.676 18.758 2 25.565 72.753 0 0.08
92000 2 9 5 1 0.052 0.02 0.184 0.778 0.676 20.629 2 26.638 79.3 0 0.127
92000 3 9 5 1 0.052 0.02 0.184 0.778 0.676 20.869 4 27.127 68.907 0 0.1
92000 4 9 5 1 0.052 0.02 0.184 0.778 0.676 8.267 3 14.219 71.813 0 0.18
92000 5 9 5 1 0.052 0.02 0.184 0.778 0.676 22.228 4 28.673 79.94 0 0.08
92000 1 9 5 1 0.108 0.071 0.169 0.876 0.949 15.682 3 21.122 75.653 0 0.073
92000 2 9 5 1 0.108 0.071 0.169 0.876 0.949 1.834 3 4.994 41.427 0.64 0.073
92000 3 9 5 1 0.108 0.071 0.169 0.876 0.949 11.956 3 17.543 65.573 0 0.08
92000 4 9 5 1 0.108 0.071 0.169 0.876 0.949 15.17 0 22.969 63.567 0 0.12
92000 5 9 5 1 0.108 0.071 0.169 0.876 0.949 12.394 2 15.815 53.22 0 0.18
92000 1 9 5 1 0.067 0.177 0.058 0.988 0.09 249.129 5900 249.946 6483.253 0 0
92000 2 9 5 1 0.067 0.177 0.058 0.988 0.09 248.779 4703 249.86 5908.893 0 0
92000 3 9 5 1 0.067 0.177 0.058 0.988 0.09 248.605 5042 249.872 5993.707 0 0
92000 4 9 5 1 0.067 0.177 0.058 0.988 0.09 249.165 4568 249.851 5367.873 0 0
92000 5 9 5 1 0.067 0.177 0.058 0.988 0.09 249.135 5394 249.909 6157.367 0 0
92000 1 9 5 1 0.078 0.484 0.174 0.931 0.931 0 0 0 0 1 1
92000 2 9 5 1 0.078 0.484 0.174 0.931 0.931 21.002 3 27.829 83.087 0 0.147
92000 3 9 5 1 0.078 0.484 0.174 0.931 0.931 21.322 5 24.853 84.273 0 0.1
92000 4 9 5 1 0.078 0.484 0.174 0.931 0.931 8.518 6 12.126 70.813 0 0.033
92000 5 9 5 1 0.078 0.484 0.174 0.931 0.931 11.165 1 20.248 60.54 0 0.18
92000 1 9 5 1 0.075 0.243 0.493 0.949 0.013 247.231 2762 249.374 3370.28 0 0
92000 2 9 5 1 0.075 0.243 0.493 0.949 0.013 247.834 3185 249.527 3725.107 0 0
92000 3 9 5 1 0.075 0.243 0.493 0.949 0.013 247.349 2680 249.334 3167.693 0 0
92000 4 9 5 1 0.075 0.243 0.493 0.949 0.013 247.314 2967 249.362 3570.96 0 0
92000 5 9 5 1 0.075 0.243 0.493 0.949 0.013 247.96 2844 249.602 3649.373 0 0
92000 1 9 5 1 0.067 0.056 0.324 0.988 0.019 246.92 1953 249.135 2682.46 0 0
92000 2 9 5 1 0.067 0.056 0.324 0.988 0.019 246.438 2373 249.303 3066.593 0 0
92000 3 9 5 1 0.067 0.056 0.324 0.988 0.019 246.715 2192 249.179 2804.767 0 0
92000 4 9 5 1 0.067 0.056 0.324 0.988 0.019 245.56 2200 249.102 2829.793 0 0
92000 5 9 5 1 0.067 0.056 0.324 0.988 0.019 246.117 2268 249.22 2919.72 0 0
92000 1 9 5 1 0.096 0.353 0.153 0.859 0.363 246.114 1582 248.855 2533.453 0 0
92000 2 9 5 1 0.096 0.353 0.153 0.859 0.363 247.121 2177 249.119 2810.7 0 0
92000 3 9 5 1 0.096 0.353 0.153 0.859 0.363 246.782 2052 248.989 2660.1 0 0
92000 4 9 5 1 0.096 0.353 0.153 0.859 0.363 245.896 2268 249.313 2899.8 0 0
92000 5 9 5 1 0.096 0.353 0.153 0.859 0.363 246.783 2146 249.154 2798.96 0 0
92000 1 9 5 1 0.07 0.241 0.377 0.997 0.701 12.049 5 16.216 51.947 0 0.067
92000 2 9 5 1 0.07 0.241 0.377 0.997 0.701 11.24 2 19.198 80.84 0 0.113
92000 3 9 5 1 0.07 0.241 0.377 0.997 0.701 10.411 5 14.902 59.127 0 0.073
92000 4 9 5 1 0.07 0.241 0.377 0.997 0.701 0 0 0 0 1 1
92000 5 9 5 1 0.07 0.241 0.377 0.997 0.701 8.169 3 13.219 60.907 0 0.06
92000 1 9 5 1 0.035 0.258 0.219 0.946 0.438 45.889 75 52.273 230.76 0 0
92000 2 9 5 1 0.035 0.258 0.219 0.946 0.438 49.782 39 54.665 227.8 0 0
92000 3 9 5 1 0.035 0.258 0.219 0.946 0.438 40.381 54 45.261 185.2 0 0
92000 4 9 5 1 0.035 0.258 0.219 0.946 0.438 46.437 95 51.563 230.533 0 0
92000 5 9 5 1 0.035 0.258 0.219 0.946 0.438 38.269 31 43.213 207.72 0 0
92000 1 9 5 1 0.089 0.145 0.13 0.921 0.947 18.863 3 22.977 72.453 0 0.06
92000 2 9 5 1 0.089 0.145 0.13 0.921 0.947 15.656 4 19.834 70.593 0 0.1
92000 3 9 5 1 0.089 0.145 0.13 0.921 0.947 21.226 5 26.961 68.38 0 0.073
92000 4 9 5 1 0.089 0.145 0.13 0.921 0.947 19.867 3 25.997 84.74 0 0.26
92000 5 9 5 1 0.089 0.145 0.13 0.921 0.947 16.369 3 20.664 76.873 0 0.153
92000 1 9 5 1 0.058 0.077 0.359 0.842 0.518 19.321 5 24.601 77.2 0 0.067
92000 2 9 5 1 0.058 0.077 0.359 0.842 0.518 21.51 1 26.723 75.56 0 0.093
92000 3 9 5 1 0.058 0.077 0.359 0.842 0.518 18.36 3 23.472 78.627 0 0.107
92000 4 9 5 1 0.058 0.077 0.359 0.842 0.518 19.161 4 23.123 72.76 0 0.127
92000 5 9 5 1 0.058 0.077 0.359 0.842 0.518 27.036 5 30.119 83.033 0 0.127
92000 1 9 5 1 0.067 0.216 0.246 0.958 0.699 24.98 8 28.201 87.4 0 0.027
92000 2 9 5 1 0.067 0.216 0.246 0.958 0.699 19.615 10 25.641 87.42 0 0
92000 3 9 5 1 0.067 0.216 0.246 0.958 0.699 18.984 4 25.576 91.727 0 0.06
92000 4 9 5 1 0.067 0.216 0.246 0.958 0.699 16.578 3 21.919 77.713 0 0.107
92000 5 9 5 1 0.067 0.216 0.246 0.958 0.699 20.18 12 26.905 75.213 0 0
92000 1 9 5 1 0.082 0.255 0.424 0.87 0.009 247.697 3442 249.645 3931.573 0 0
92000 2 9 5 1 0.082 0.255 0.424 0.87 0.009 248.327 3640 249.714 4201.74 0 0
92000 3 9 5 1 0.082 0.255 0.424 0.87 0.009 247.914 3553 249.674 4076.467 0 0
92000 4 9 5 1 0.082 0.255 0.424 0.87 0.009 248.598 3947 249.731 4398.747 0 0
92000 5 9 5 1 0.082 0.255 0.424 0.87 0.009 248.166 3431 249.676 4141.213 0 0
92000 1 9 5 1 0.074 0.148 0.277 0.888 0.582 22.479 9 29.967 95.513 0 0.013
92000 2 9 5 1 0.074 0.148 0.277 0.888 0.582 24.996 2 31.391 102.44 0 0.067
92000 3 9 5 1 0.074 0.148 0.277 0.888 0.582 29.744 8 35.342 98.207 0 0.04
92000 4 9 5 1 0.074 0.148 0.277 0.888 0.582 26.268 7 30.183 100.887 0 0.013
92000 5 9 5 1 0.074 0.148 0.277 0.888 0.582 21.293 6 25.398 96.513 0 0.02
92000 1 9 5 1 0.009 0.159 0.227 0.95 0.754 19.591 2 26.684 68.133 0 0.087
92000 2 9 5 1 0.009 0.159 0.227 0.95 0.754 18.325 5 22.489 73.853 0 0.093
92000 3 9 5 1 0.009 0.159 0.227 0.95 0.754 17.499 3 22.097 67.193 0 0.093
92000 4 9 5 1 0.009 0.159 0.227 0.95 0.754 20.995 4 25.227 82.24 0 0.067
92000 5 9 5 1 0.009 0.159 0.227 0.95 0.754 19.125 3 24.71 78.447 0 0.087
92000 1 9 5 1 0.031 0.365 0.08 0.991 0.009 250 18887 250 19813.833 0 0
92000 2 9 5 1 0.031 0.365 0.08 0.991 0.009 249.782 14016 249.999 15404.933 0 0
92000 3 9 5 1 0.031 0.365 0.08 0.991 0.009 250 18411 250 22017.513 0 0
92000 4 9 5 1 0.031 0.365 0.08 0.991 0.009 250 14685 250 20051.1 0 0
92000 1 10 10 1 0.064 0.09 0.176 0.78 0.925 121.727 3 135.271 91.053 0 0.52
92000 2 10 10 1 0.064 0.09 0.176 0.78 0.925 178.662 1 195.547 114.5 0 0.607
92000 3 10 10 1 0.064 0.09 0.176 0.78 0.925 206.686 2 215.564 149.42 0 0.653
92000 4 10 10 1 0.064 0.09 0.176 0.78 0.925 184.167 0 202.746 133.88 0 0.713
92000 5 10 10 1 0.064 0.09 0.176 0.78 0.925 128.754 1 140.088 92.047 0 0.593
92000 1 10 10 1 0.113 0.096 0.295 0.799 0.496 129.218 1 141.799 95.547 0 0.593
92000 2 10 10 1 0.113 0.096 0.295 0.799 0.496 135.073 0 144.141 92.373 0 0.647
92000 3 10 10 1 0.113 0.096 0.295 0.799 0.496 167.286 0 185.225 120.72 0 0.76
92000 4 10 10 1 0.113 0.096 0.295 0.799 0.496 200.051 0 215.106 127.6 0 0.607
92000 5 10 10 1 0.113 0.096 0.295 0.799 0.496 209.118 2 221.565 131.573 0 0.66
92000 1 10 10 1 0.108 0.143 0.057 0.843 0.444 241.07 1312 246.841 1930.627 0 0
92000 2 10 10 1 0.108 0.143 0.057 0.843 0.444 241.242 1137 244.671 1858.607 0 0
92000 3 10 10 1 0.108 0.143 0.057 0.843 0.444 234.138 787 244.195 1835.72 0 0
92000 4 10 10 1 0.108 0.143 0.057 0.843 0.444 233.097 1033 242.307 1691.5 0 0
92000 5 10 10 1 0.108 0.143 0.057 0.843 0.444 237.78 1238 245.871 2036.687 0 0
92000 1 10 10 1 0.086 0.144 0.097 0.792 0.401 236.858 1143 245.417 1908.413 0 0
92000 2 10 10 1 0.086 0.144 0.097 0.792 0.401 239.804 852 244.708 1696.007 0 0
92000 3 10 10 1 0.086 0.144 0.097 0.792 0.401 234.826 1104 242.155 1704.753 0 0
92000 4 10 10 1 0.086 0.144 0.097 0.792 0.401 234.245 932 243.818 1800.4 0 0
92000 5 10 10 1 0.086 0.144 0.097 0.792 0.401 239.951 1219 245.252 1801.64 0 0
92000 1 10 10 1 0.115 0.193 0.197 0.85 0.522 50.035 5 57.944 190.287 0 0.047
92000 2 10 10 1 0.115 0.193 0.197 0.85 0.522 51.998 15 70.029 202.947 0 0
92000 3 10 10 1 0.115 0.193 0.197 0.85 0.522 44.68 10 54.463 183.76 0 0
92000 4 10 10 1 0.115 0.193 0.197 0.85 0.522 41.136 1 48.129 176.727 0 0.047
92000 5 10 10 1 0.115 0.193 0.197 0.85 0.522 46.437 2 57.337 179.867 0 0.073
92000 1 10 10 1 0.077 0.366 0.067 0.807 0.936 115.998 1 124.456 79.013 0 0.587
92000 2 10 10 1 0.077 0.366 0.067 0.807 0.936 121.41 0 133.814 84.58 0 0.7
92000 3 10 10 1 0.077 0.366 0.067 0.807 0.936 144.346 1 150.919 95.22 0 0.593
92000 4 10 10 1 0.077 0.366 0.067 0.807 0.936 177.683 1 189.807 127.807 0 0.633
92000 5 10 10 1 0.077 0.366 0.067 0.807 0.936 141.286 1 154.544 124.147 0 0.6
92000 1 10 10 1 0.11 0.409 0.246 0.78 0.71 28.529 18 32.338 98.26 0 0
92000 2 10 10 1 0.11 0.409 0.246 0.78 0.71 19.933 20 24.326 87.2 0 0
92000 3 10 10 1 0.11 0.409 0.246 0.78 0.71 17.758 9 25.267 101.073 0 0.013
92000 4 10 10 1 0.11 0.409 0.246 0.78 0.71 23.639 5 29.741 92.107 0 0.027
92000 5 10 10 1 0.11 0.409 0.246 0.78 0.71 19.103 8 24.427 98.927 0 0.007
92000 1 10 10 1 0.01 0.135 0.151 0.994 0.013 248.325 3981 249.817 5110.633 0 0
92000 2 10 10 1 0.01 0.135 0.151 0.994 0.013 248.199 3886 249.795 4940.227 0 0
92000 3 10 10 1 0.01 0.135 0.151 0.994 0.013 248.41 3512 249.709 4434.753 0 0
92000 4 10 10 1 0.01 0.135 0.151 0.994 0.013 245.248 3477 249.608 4916.287 0 0
92000 5 10 10 1 0.01 0.135 0.151 0.994 0.013 248.44 3966 249.844 4795.053 0 0
92000 1 10 10 1 0.091 0.314 0.318 0.86 0.347 124.225 85 135.487 500.56 0 0
92000 2 10 10 1 0.091 0.314 0.318 0.86 0.347 143.406 29 154.725 526.04 0 0
92000 3 10 10 1 0.091 0.314 0.318 0.86 0.347 110.538 57 119.349 462.487 0 0
92000 4 10 10 1 0.091 0.314 0.318 0.86 0.347 112.207 74 120.494 462.893 0 0
92000 5 10 10 1 0.091 0.314 0.318 0.86 0.347 154.219 14 168.573 568.64 0 0
92000 1 10 10 1 0.052 0.411 0.147 0.872 0.031 249.038 5561 249.918 6523.453 0 0
92000 2 10 10 1 0.052 0.411 0.147 0.872 0.031 248.65 5507 249.895 6261.28 0 0
92000 3 10 10 1 0.052 0.411 0.147 0.872 0.031 249.215 5318 249.942 6500.233 0 0
92000 4 10 10 1 0.052 0.411 0.147 0.872 0.031 249.263 5920 249.941 6852.913 0 0
92000 5 10 10 1 0.052 0.411 0.147 0.872 0.031 249.058 5414 249.95 6699.18 0 0
92000 1 10 10 1 0.037 0.43 0.059 0.871 0.541 240.461 1166 246.999 1957.467 0 0
92000 2 10 10 1 0.037 0.43 0.059 0.871 0.541 238.459 1249 246.051 2090.947 0 0
92000 3 10 10 1 0.037 0.43 0.059 0.871 0.541 236.687 873 245.128 1799.933 0 0
92000 4 10 10 1 0.037 0.43 0.059 0.871 0.541 234.872 920 244.729 1809.873 0 0
92000 5 10 10 1 0.037 0.43 0.059 0.871 0.541 237.887 1152 246.243 2031.3 0 0
92000 1 10 10 1 0.071 0.046 0.467 0.938 0.808 201.293 1 211.62 137.68 0 0.673
92000 2 10 10 1 0.071 0.046 0.467 0.938 0.808 90.155 1 96.043 61.393 0 0.44
92000 3 10 10 1 0.071 0.046 0.467 0.938 0.808 198.483 0 213.125 142.093 0 0.74
92000 4 10 10 1 0.071 0.046 0.467 0.938 0.808 199.446 2 209.476 141.927 0 0.613
92000 5 10 10 1 0.071 0.046 0.467 0.938 0.808 94.997 1 105.183 62.62 0 0.567
92000 1 10 10 1 0.06 0.359 0.058 0.968 0.782 33.817 16 37.576 134.847 0 0
92000 2 10 10 1 0.06 0.359 0.058 0.968 0.782 30.795 18 35.15 122.767 0 0
92000 3 10 10 1 0.06 0.359 0.058 0.968 0.782 31.475 10 37.737 132.48 0 0
92000 4 10 10 1 0.06 0.359 0.058 0.968 0.782 27.502 18 31.762 127.773 0 0
92000 5 10 10 1 0.06 0.359 0.058 0.968 0.782 22.398 9 30.339 131.92 0 0.007
92000 1 10 10 1 0.086 0.047 0.478 0.892 0.339 57.123 0 66.913 49.467 0 0.573
92000 2 10 10 1 0.086 0.047 0.478 0.892 0.339 148.189 0 159.62 103.96 0 0.64
92000 3 10 10 1 0.086 0.047 0.478 0.892 0.339 127.524 0 136.262 89.76 0 0.6
92000 4 10 10 1 0.086 0.047 0.478 0.892 0.339 160.528 1 185.405 122.473 0 0.667
92000 5 10 10 1 0.086 0.047 0.478 0.892 0.339 122.671 2 131.476 90.653 0 0.547
92000 1 10 10 1 0.023 0.21 0.279 0.971 0.651 23.091 1 28.45 89.787 0 0.053
92000 2 10 10 1 0.023 0.21 0.279 0.971 0.651 20.993 5 27.091 84.54 0 0.053
92000 3 10 10 1 0.023 0.21 0.279 0.971 0.651 21.618 4 25.99 79.6 0 0.18
92000 4 10 10 1 0.023 0.21 0.279 0.971 0.651 20.009 3 29.878 76.053 0 0.26
92000 5 10 10 1 0.023 0.21 0.279 0.971 0.651 23.262 2 29.396 68.767 0 0.167
92000 1 10 10 1 0.111 0.406 0.033 0.815 0.108 250 24306 250 26904.167 0 0
92000 2 10 10 1 0.111 0.406 0.033 0.815 0.108 250 22179 250 24293.687 0 0
92000 1 10 5 0 0.097 0.295 0.344 0.946 0.194 221.454 8 236.326 995.533 0 0.073
92000 2 10 5 0 0.097 0.295 0.344 0.946 0.194 217.632 6 236.451 1095.76 0 0.14
92000 3 10 5 0 0.097 0.295 0.344 0.946 0.194 218.78 5 236 1125.747 0 0.12
92000 4 10 5 0 0.097 0.295 0.344 0.946 0.194 209.047 6 234.682 1113.853 0 0.087
92000 5 10 5 0 0.097 0.295 0.344 0.946 0.194 214.189 8 235.574 1239.267 0 0.06
92000 1 10 5 0 0.072 0.385 0.297 0.85 0.547 31.437 4 36.663 102.947 0 0.06
92000 2 10 5 0 0.072 0.385 0.297 0.85 0.547 32.576 4 37.758 110.433 0 0.087
92000 3 10 5 0 0.072 0.385 0.297 0.85 0.547 22.013 1 29.943 102.78 0 0.18
92000 4 10 5 0 0.072 0.385 0.297 0.85 0.547 24.415 3 32.151 103.66 0 0.127
92000 5 10 5 0 0.072 0.385 0.297 0.85 0.547 34.279 5 38.692 98.6 0 0.027
92000 1 10 5 0 0.014 0.104 0.381 0.786 0.496 24.669 2 27.87 80.287 0 0.107
92000 2 10 5 0 0.014 0.104 0.381 0.786 0.496 24.397 0 31.137 87.587 0 0.173
92000 3 10 5 0 0.014 0.104 0.381 0.786 0.496 16.822 1 21.73 64.44 0 0.233
92000 4 10 5 0 0.014 0.104 0.381 0.786 0.496 18.29 1 23.466 85.793 0 0.18
92000 5 10 5 0 0.014 0.104 0.381 0.786 0.496 12.225 4 16.605 67.487 0 0.173
92000 1 10 5 0 0.075 0.191 0.371 0.955 0.241 50.633 5 59.391 194.82 0 0.147
92000 2 10 5 0 0.075 0.191 0.371 0.955 0.241 34.597 2 43.665 177.073 0 0.187
92000 3 10 5 0 0.075 0.191 0.371 0.955 0.241 61.483 4 73.116 272.733 0 0.213
92000 4 10 5 0 0.075 0.191 0.371 0.955 0.241 44.978 5 52.444 220.147 0 0.087
92000 5 10 5 0 0.075 0.191 0.371 0.955 0.241 59.409 3 66.391 241.2 0 0.213
92000 1 10 5 0 0.028 0.133 0.073 0.844 0.197 219.118 6 239.156 1598.467 0 0.16
92000 2 10 5 0 0.028 0.133 0.073 0.844 0.197 227.883 4 242.363 1681.273 0 0.193
92000 3 10 5 0 0.028 0.133 0.073 0.844 0.197 221.534 4 239.903 1608.96 0 0.053
92000 4 10 5 0 0.028 0.133 0.073 0.844 0.197 223.694 7 240.729 1624.6 0 0.127
92000 5 10 5 0 0.028 0.133 0.073 0.844 0.197 221.713 7 241.113 1552.393 0 0.067
92000 1 10 5 0 0.074 0.315 0.46 0.763 0.735 19.187 2 25.134 79 0 0.207
92000 2 10 5 0 0.074 0.315 0.46 0.763 0.735 10.49 0 16.093 61.86 0 0.213
92000 3 10 5 0 0.074 0.315 0.46 0.763 0.735 21.015 1 26.36 73.14 0 0.2
92000 4 10 5 0 0.074 0.315 0.46 0.763 0.735 21.379 3 27.288 72.987 0 0.127
92000 5 10 5 0 0.074 0.315 0.46 0.763 0.735 8.101 4 17.419 71.86 0 0.053
92000 1 10 5 0 0.11 0.358 0.195 0.793 0.092 235.475 152 246.421 3215.413 0 0
92000 2 10 5 0 0.11 0.358 0.195 0.793 0.092 237.404 60 246.961 3374.373 0 0
92000 3 10 5 0 0.11 0.358 0.195 0.793 0.092 224.093 10 245.617 2848.94 0 0
92000 4 10 5 0 0.11 0.358 0.195 0.793 0.092 237.837 1490 246.801 3763.733 0 0
92000 5 10 5 0 0.11 0.358 0.195 0.793 0.092 237.346 751 246.623 3690.92 0 0
92000 1 10 5 0 0.012 0.453 0.16 0.76 0.502 31.159 2 43.768 153 0 0.287
92000 2 10 5 0 0.012 0.453 0.16 0.76 0.502 34.848 3 41.195 144.06 0 0.053
92000 3 10 5 0 0.012 0.453 0.16 0.76 0.502 36.273 4 41.446 155.18 0 0.08
92000 4 10 5 0 0.012 0.453 0.16 0.76 0.502 38.321 2 46.688 144.74 0 0.32
92000 5 10 5 0 0.012 0.453 0.16 0.76 0.502 41.52 4 49.671 168.04 0 0.067
92000 1 10 5 0 0.03 0.215 0.315 0.844 0.851 12.12 6 16.584 65.653 0 0.073
92000 2 10 5 0 0.03 0.215 0.315 0.844 0.851 17.872 2 24.273 83.58 0 0.113
92000 3 10 5 0 0.03 0.215 0.315 0.844 0.851 20.262 4 25.068 82.853 0 0.14
92000 4 10 5 0 0.03 0.215 0.315 0.844 0.851 16.751 2 25.995 70.34 0 0.26
92000 5 10 5 0 0.03 0.215 0.315 0.844 0.851 19.594 4 23.249 74.44 0 0.14
92000 1 10 5 0 0.058 0.238 0.011 0.865 0.332 246 3036 249.75 6686.487 0 0
92000 2 10 5 0 0.058 0.238 0.011 0.865 0.332 246 2547 249.642 5761.207 0 0
92000 3 10 5 0 0.058 0.238 0.011 0.865 0.332 245.508 4053 249.554 6513.48 0 0
92000 4 10 5 0 0.058 0.238 0.011 0.865 0.332 245.703 3421 249.393 6285.847 0 0
92000 5 10 5 0 0.058 0.238 0.011 0.865 0.332 247.978 2989 249.85 6566.52 0 0
92000 1 10 5 0 0.051 0.462 0.26 0.968 0.137 223.781 4 241.206 1692.213 0 0.193
92000 2 10 5 0 0.051 0.462 0.26 0.968 0.137 221.772 6 239.639 1672.227 0 0.187
92000 3 10 5 0 0.051 0.462 0.26 0.968 0.137 222.721 8 239.334 1676.953 0 0.02
92000 4 10 5 0 0.051 0.462 0.26 0.968 0.137 222.44 5 241.196 1945.893 0 0.113
92000 5 10 5 0 0.051 0.462 0.26 0.968 0.137 220.836 5 240.531 1720.62 0 0.28
92000 1 10 5 0 0.106 0.195 0.297 0.859 0.09 222.068 2 240.54 1646.607 0 0.24
92000 2 10 5 0 0.106 0.195 0.297 0.859 0.09 228.059 3 241.777 1651.52 0 0.26
92000 3 10 5 0 0.106 0.195 0.297 0.859 0.09 223.053 4 240.322 1621.627 0 0.18
92000 4 10 5 0 0.106 0.195 0.297 0.859 0.09 228.87 8 241.802 1709.353 0 0.027
92000 5 10 5 0 0.106 0.195 0.297 0.859 0.09 223.763 8 241.225 1681.113 0 0.073
92000 1 10 5 0 0.022 0.02 0.089 0.881 0.694 15.543 3 19.255 78.487 0 0.147
92000 2 10 5 0 0.022 0.02 0.089 0.881 0.694 17.87 0 25.011 66.62 0 0.173
92000 3 10 5 0 0.022 0.02 0.089 0.881 0.694 22.725 3 26.561 69.7 0 0.087
92000 4 10 5 0 0.022 0.02 0.089 0.881 0.694 20.416 6 26.951 81.287 0 0.02
92000 5 10 5 0 0.022 0.02 0.089 0.881 0.694 22.007 2 26.801 88.767 0 0.22
92000 1 10 5 0 0.106 0.216 0.113 0.771 0.599 39.236 1 44.852 146.573 0 0.187
92000 2 10 5 0 0.106 0.216 0.113 0.771 0.599 37.168 6 43.361 152.14 0 0.087
92000 3 10 5 0 0.106 0.216 0.113 0.771 0.599 35.012 5 41.188 136.86 0 0.067
92000 4 10 5 0 0.106 0.216 0.113 0.771 0.599 37.164 1 44.878 146.567 0 0.273
92000 5 10 5 0 0.106 0.216 0.113 0.771 0.599 39.221 3 44.514 151.653 0 0.133
92000 1 10 5 0 0.087 0.354 0.153 0.782 0.089 238.647 197 248.294 4565.507 0 0
92000 2 10 5 0 0.087 0.354 0.153 0.782 0.089 241.261 344 248.182 4510.24 0 0
92000 3 10 5 0 0.087 0.354 0.153 0.782 0.089 237.463 1950 247.78 4014.113 0 0
92000 4 10 5 0 0.087 0.354 0.153 0.782 0.089 245.057 2742 249.071 4747.34 0 0
92000 5 10 5 0 0.087 0.354 0.153 0.782 0.089 237.045 455 247.545 4359.433 0 0
92000 1 10 5 0 0.042 0.079 0.443 0.943 0.618 20.439 3 25.219 70.853 0 0.047
92000 2 10 5 0 0.042 0.079 0.443 0.943 0.618 15.489 2 20.773 58.16 0 0.267
92000 3 10 5 0 0.042 0.079 0.443 0.943 0.618 23.687 3 26.727 64.86 0 0.213
92000 4 10 5 0 0.042 0.079 0.443 0.943 0.618 17.063 1 24.608 66.58 0 0.2
92000 5 10 5 0 0.042 0.079 0.443 0.943 0.618 18.432 2 24.415 83.34 0 0.133
92000 1 10 5 0 0.003 0.29 0.011 0.775 0.76 23.136 5 31.022 111.6 0 0.06
92000 2 10 5 0 0.003 0.29 0.011 0.775 0.76 33.941 4 39.486 130.54 0 0.127
92000 3 10 5 0 0.003 0.29 0.011 0.775 0.76 36.487 5 40.661 119.773 0 0.12
92000 4 10 5 0 0.003 0.29 0.011 0.775 0.76 20.729 4 30.404 107.887 0 0.253
92000 5 10 5 0 0.003 0.29 0.011 0.775 0.76 27.791 3 36.787 129.3 0 0.147
92000 1 10 5 0 0.116 0.316 0.079 0.901 0.898 8.82 2 12.145 45.053 0 0.147
92000 2 10 5 0 0.116 0.316 0.079 0.901 0.898 10.884 5 13.566 56.467 0 0.053
92000 3 10 5 0 0.116 0.316 0.079 0.901 0.898 0 0 0 0 1 1
92000 4 10 5 0 0.116 0.316 0.079 0.901 0.898 15.006 5 19.731 75.013 0 0.06
92000 5 10 5 0 0.116 0.316 0.079 0.901 0.898 10.126 1 16.622 65.627 0 0.133
92000 1 10 5 0 0.011 0.07 0.153 0.841 0.926 16.672 7 20.49 77.5 0 0.04
92000 2 10 5 0 0.011 0.07 0.153 0.841 0.926 25.911 4 29.295 85.147 0 0.12
92000 3 10 5 0 0.011 0.07 0.153 0.841 0.926 12.875 5 19.774 68.32 0 0.073
92000 4 10 5 0 0.011 0.07 0.153 0.841 0.926 19.526 2 26.195 75.087 0 0.067
92000 5 10 5 0 0.011 0.07 0.153 0.841 0.926 14.402 4 19.627 74.707 0 0.167
92000 1 10 5 0 0.048 0.381 0.133 0.976 0.034 243.906 2513 248.913 5086.613 0 0
92000 2 10 5 0 0.048 0.381 0.133 0.976 0.034 245.881 3359 249.421 5452.053 0 0
92000 3 10 5 0 0.048 0.381 0.133 0.976 0.034 243.653 628 248.997 4663 0 0
92000 1 10 6 0 0.038 0.139 0.235 0.922 0.065 221.579 7 241.486 1867.493 0 0.127
92000 2 10 6 0 0.038 0.139 0.235 0.922 0.065 227 4 240.161 1759.273 0 0.147
92000 3 10 6 0 0.038 0.139 0.235 0.922 0.065 214.928 6 241.091 1675.72 0 0.113
92000 4 10 6 0 0.038 0.139 0.235 0.922 0.065 224.466 3 240.616 1718.8 0 0.267
92000 5 10 6 0 0.038 0.139 0.235 0.922 0.065 221.171 4 238.807 1664.993 0 0.22
92000 1 10 6 0 0.008 0.495 0.169 0.841 0.463 33.825 3 42.101 164.927 0 0.087
92000 2 10 6 0 0.008 0.495 0.169 0.841 0.463 38.927 3 46.726 151.2 0 0.153
92000 3 10 6 0 0.008 0.495 0.169 0.841 0.463 45.324 0 52.145 179.853 0 0.34
92000 4 10 6 0 0.008 0.495 0.169 0.841 0.463 36.464 6 43.413 155.913 0 0.093
92000 5 10 6 0 0.008 0.495 0.169 0.841 0.463 24.342 4 36.843 150.093 0 0.16
92000 1 10 6 0 0.051 0.414 0.215 0.831 0.686 18.147 3 22.714 74.733 0 0.073
92000 2 10 6 0 0.051 0.414 0.215 0.831 0.686 17.354 9 23.405 74.127 0 0.007
92000 3 10 6 0 0.051 0.414 0.215 0.831 0.686 19.161 4 25.483 78.54 0 0.287
92000 4 10 6 0 0.051 0.414 0.215 0.831 0.686 16.807 14 22.942 89.3 0 0
92000 5 10 6 0 0.051 0.414 0.215 0.831 0.686 19.279 1 25.744 82.84 0 0.1
92000 1 10 6 0 0.034 0.038 0.215 0.954 0.962 12.299 3 15.084 59.527 0 0.247
92000 2 10 6 0 0.034 0.038 0.215 0.954 0.962 19.741 4 22.9 70.527 0 0.153
92000 3 10 6 0 0.034 0.038 0.215 0.954 0.962 12.3 2 19.018 75.527 0 0.107
92000 4 10 6 0 0.034 0.038 0.215 0.954 0.962 18.306 2 24.187 72.613 0 0.187
92000 5 10 6 0 0.034 0.038 0.215 0.954 0.962 17.018 4 21.277 78.727 0 0.06
92000 1 10 6 0 0.053 0.427 0.41 0.872 0.551 15.234 1 19.236 58.22 0 0.113
92000 2 10 6 0 0.053 0.427 0.41 0.872 0.551 16.02 3 21.495 77.047 0 0.2
92000 3 10 6 0 0.053 0.427 0.41 0.872 0.551 15.807 2 20.694 66.513 0 0.213
92000 4 10 6 0 0.053 0.427 0.41 0.872 0.551 8.616 2 13.318 62.507 0 0.147
92000 5 10 6 0 0.053 0.427 0.41 0.872 0.551 19.007 5 23.496 65.327 0 0.033
92000 1 10 6 0 0.051 0.081 0.109 0.913 0.335 173.451 4 184.832 532.187 0 0.193
92000 2 10 6 0 0.051 0.081 0.109 0.913 0.335 162.003 10 172.662 486.647 0 0
92000 3 10 6 0 0.051 0.081 0.109 0.913 0.335 137.46 6 152.954 419.067 0 0.193
92000 4 10 6 0 0.051 0.081 0.109 0.913 0.335 167.91 3 189.521 541.4 0 0.28
92000 5 10 6 0 0.051 0.081 0.109 0.913 0.335 156.36 6 166.533 442.573 0 0.113
92000 1 10 6 0 0.039 0.118 0.38 0.943 0.578 19.833 2 24.236 72.507 0 0.167
92000 2 10 6 0 0.039 0.118 0.38 0.943 0.578 11.45 2 19.063 71.593 0 0.2
92000 3 10 6 0 0.039 0.118 0.38 0.943 0.578 15.582 6 18.272 63.407 0 0.06
92000 4 10 6 0 0.039 0.118 0.38 0.943 0.578 0 0 0 0 1 1
92000 5 10 6 0 0.039 0.118 0.38 0.943 0.578 24.226 1 30.822 74.447 0 0.3
92000 1 10 6 0 0.098 0.302 0.261 0.838 0.403 112.725 5 125.181 356.707 0 0.28
92000 2 10 6 0 0.098 0.302 0.261 0.838 0.403 58.243 2 70.631 270.74 0 0.133
92000 3 10 6 0 0.098 0.302 0.261 0.838 0.403 87.822 2 95.739 327.54 0 0.307
92000 4 10 6 0 0.098 0.302 0.261 0.838 0.403 75.462 4 86.666 288.593 0 0.24
92000 5 10 6 0 0.098 0.302 0.261 0.838 0.403 102.767 1 112.375 316.9 0 0.387
92000 1 10 6 0 0.068 0.368 0.326 0.92 0.642 11.53 1 19.045 69.787 0 0.207
92000 2 10 6 0 0.068 0.368 0.326 0.92 0.642 18.032 0 22.03 67.347 0 0.08
92000 3 10 6 0 0.068 0.368 0.326 0.92 0.642 15.492 1 23.105 64.047 0 0.28
92000 4 10 6 0 0.068 0.368 0.326 0.92 0.642 16.706 2 21.363 67.773 0 0.127
92000 5 10 6 0 0.068 0.368 0.326 0.92 0.642 8.101 3 12.794 70.5 0 0.033
92000 1 10 6 0 0.009 0.15 0.226 0.839 0.896 18.41 3 24.02 74.407 0 0.187
92000 2 10 6 0 0.009 0.15 0.226 0.839 0.896 0 0 0 0 1 1
92000 3 10 6 0 0.009 0.15 0.226 0.839 0.896 18.761 3 24.115 74.32 0 0.087
92000 4 10 6 0 0.009 0.15 0.226 0.839 0.896 18.601 4 23.812 77.733 0 0.133
92000 5 10 6 0 0.009 0.15 0.226 0.839 0.896 9.76 0 15.569 57.953 0 0.207
92000 1 10 6 0 0.009 0.087 0.367 0.864 0.195 41.988 3 48.382 149.713 0 0.18
92000 2 10 6 0 0.009 0.087 0.367 0.864 0.195 32.771 0 40.041 132.527 0 0.247
92000 3 10 6 0 0.009 0.087 0.367 0.864 0.195 37.27 9 43.048 155.153 0 0.007
92000 4 10 6 0 0.009 0.087 0.367 0.864 0.195 36.014 2 39.751 128.733 0 0.127
92000 5 10 6 0 0.009 0.087 0.367 0.864 0.195 34.453 2 40.45 121.42 0 0.313
92000 1 10 6 0 0.078 0.222 0.187 0.764 0.19 222.606 7 241.725 1799.78 0 0.1
92000 2 10 6 0 0.078 0.222 0.187 0.764 0.19 221.577 2 240.7 1607.127 0 0.26
92000 3 10 6 0 0.078 0.222 0.187 0.764 0.19 221.077 6 238.925 1664.487 0 0.133
92000 4 10 6 0 0.078 0.222 0.187 0.764 0.19 228.872 5 241.892 1924.8 0 0.06
92000 5 10 6 0 0.078 0.222 0.187 0.764 0.19 221.392 8 240.484 1736.313 0 0.067
92000 1 10 6 0 0.053 0.114 0.164 0.753 0.664 24.592 2 32.154 80.833 0 0.233
92000 2 10 6 0 0.053 0.114 0.164 0.753 0.664 21.178 1 28.212 89.733 0 0.347
92000 3 10 6 0 0.053 0.114 0.164 0.753 0.664 13.61 2 19.051 57.227 0 0.113
92000 4 10 6 0 0.053 0.114 0.164 0.753 0.664 24.813 2 29.584 79.073 0 0.12
92000 5 10 6 0 0.053 0.114 0.164 0.753 0.664 21.495 0 26.707 82.693 0 0.373
92000 1 10 6 0 0.029 0.071 0.416 0.969 0.673 18.092 0 22.857 62.76 0 0.247
92000 2 10 6 0 0.029 0.071 0.416 0.969 0.673 24.267 5 29.528 79.893 0 0.08
92000 3 10 6 0 0.029 0.071 0.416 0.969 0.673 21.323 2 26.855 76.34 0 0.113
92000 4 10 6 0 0.029 0.071 0.416 0.969 0.673 19.347 7 25.451 80.38 0 0.073
92000 5 10 6 0 0.029 0.071 0.416 0.969 0.673 14.255 0 21.031 67.54 0 0.24
92000 1 10 6 0 0.102 0.432 0.278 0.924 0.76 11.788 5 16.269 59.253 0 0.127
92000 2 10 6 0 0.102 0.432 0.278 0.924 0.76 0 0 0 0 1 1
92000 3 10 6 0 0.102 0.432 0.278 0.924 0.76 17.385 2 20.7 60.413 0 0.153
92000 4 10 6 0 0.102 0.432 0.278 0.924 0.76 20.96 2 25.18 74.28 0 0.207
92000 5 10 6 0 0.102 0.432 0.278 0.924 0.76 23.602 5 30.361 83.673 0 0.113
92000 1 10 6 0 0.022 0.235 0.116 0.947 0.689 27.787 1 34.082 95.44 0 0.34
92000 2 10 6 0 0.022 0.235 0.116 0.947 0.689 31.836 0 38.182 95.68 0 0.227
92000 3 10 6 0 0.022 0.235 0.116 0.947 0.689 30.633 2 36.781 101.7 0 0.267
92000 4 10 6 0 0.022 0.235 0.116 0.947 0.689 27.85 3 33.987 80.46 0 0.16
92000 5 10 6 0 0.022 0.235 0.116 0.947 0.689 25.795 14 31.806 101.993 0 0
92000 1 10 6 0 0.012 0.231 0.2 0.779 0.018 226.842 4 243.978 2623.973 0 0.053
92000 2 10 6 0 0.012 0.231 0.2 0.779 0.018 224.835 7 242.63 2376.393 0 0.04
92000 3 10 6 0 0.012 0.231 0.2 0.779 0.018 224.533 8 241.396 2355.787 0 0.027
92000 4 10 6 0 0.012 0.231 0.2 0.779 0.018 235.521 10 244.624 2758.887 0 0
92000 5 10 6 0 0.012 0.231 0.2 0.779 0.018 229.291 7 243.438 2183.82 0 0.033
92000 1 10 6 0 0.018 0.016 0.107 0.853 0.441 23.302 2 28.77 97.233 0 0.153
92000 2 10 6 0 0.018 0.016 0.107 0.853 0.441 24.021 2 28.386 95.893 0 0.173
92000 3 10 6 0 0.018 0.016 0.107 0.853 0.441 19.046 0 27.133 83.94 0 0.247
92000 4 10 6 0 0.018 0.016 0.107 0.853 0.441 14.454 5 19.104 62.18 0 0.133
92000 5 10 6 0 0.018 0.016 0.107 0.853 0.441 22.907 5 28.856 87.24 0 0.013
92000 1 10 6 0 0.042 0.418 0.485 0.885 0.589 14.99 5 20.369 55.593 0 0.08
92000 2 10 6 0 0.042 0.418 0.485 0.885 0.589 19.095 1 23.274 66.727 0 0.093
92000 3 10 6 0 0.042 0.418 0.485 0.885 0.589 17.431 2 22.927 73.84 0 0.187
92000 4 10 6 0 0.042 0.418 0.485 0.885 0.589 12.131 1 19.212 71.32 0 0.353
92000 5 10 6 0 0.042 0.418 0.485 0.885 0.589 6.56 5 14.366 64.607 0 0.067
92000 1 10 6 0 0.105 0.381 0.235 0.843 0.445 156.889 6 172.751 417.293 0 0.153
92000 2 10 6 0 0.105 0.381 0.235 0.843 0.445 174.62 4 183.104 467.213 0 0.12
92000 3 10 6 0 0.105 0.381 0.235 0.843 0.445 162.637 5 179.325 471.94 0 0.167
92000 4 10 6 0 0.105 0.381 0.235 0.843 0.445 129.83 2 141.203 394.78 0 0.287
92000 5 10 6 0 0.105 0.381 0.235 0.843 0.445 167.717 3 183.219 437.967 0 0.193
92000 1 10 6 0 0.009 0.416 0.42 0.922 0.414 25.254 2 30.405 89.907 0 0.193
92000 2 10 6 0 0.009 0.416 0.42 0.922 0.414 21.914 2 27.675 91.1 0 0.307
92000 3 10 6 0 0.009 0.416 0.42 0.922 0.414 22.189 2 29.632 116.447 0 0.373
92000 4 10 6 0 0.009 0.416 0.42 0.922 0.414 22.362 1 29.739 88.767 0 0.367
92000 5 10 6 0 0.009 0.416 0.42 0.922 0.414 27.141 0 32.571 86.993 0 0.233
92000 1 10 6 0 0.102 0.141 0.437 0.796 0.282 34.213 3 42.784 143.06 0 0.173
92000 1 10 6 0 0.031 0.242 0.235 0.887 0.963 19.3 6 23.813 63.94 0 0.02
92000 2 10 6 0 0.031 0.242 0.235 0.887 0.963 10.968 3 15.923 62.433 0 0.193
92000 3 10 6 0 0.031 0.242 0.235 0.887 0.963 10.367 3 13.35 58.993 0 0.053
92000 4 10 6 0 0.031 0.242 0.235 0.887 0.963 3.637 2 6.947 50.627 0.2 0.187
92000 5 10 6 0 0.031 0.242 0.235 0.887 0.963 7.965 3 11.347 41.073 0 0.3
92000 1 10 6 0 0.044 0.079 0.306 0.911 0.466 18.346 2 25.475 112.873 0 0.24
92000 2 10 6 0 0.044 0.079 0.306 0.911 0.466 26.08 1 30.175 90.26 0 0.2
92000 3 10 6 0 0.044 0.079 0.306 0.911 0.466 20.229 2 25.289 80.713 0 0.273
92000 4 10 6 0 0.044 0.079 0.306 0.911 0.466 22.647 1 27.74 85.527 0 0.167
92000 5 10 6 0 0.044 0.079 0.306 0.911 0.466 16.187 2 21.777 86.12 0 0.093
92000 1 10 6 0 0.012 0.082 0.152 0.956 0.137 215.148 5 232.713 973.947 0 0.253
92000 2 10 6 0 0.012 0.082 0.152 0.956 0.137 208.256 5 230.691 732.087 0 0.427
92000 3 10 6 0 0.012 0.082 0.152 0.956 0.137 212.213 4 231.783 918.947 0 0.18
92000 4 10 6 0 0.012 0.082 0.152 0.956 0.137 214.035 4 236.954 970.253 0 0.36
92000 5 10 6 0 0.012 0.082 0.152 0.956 0.137 213.236 5 230.027 910.493 0 0.273
92000 1 10 6 0 0.113 0.229 0.343 0.974 0.066 222.653 3 242.548 1960.82 0 0.22
92000 2 10 6 0 0.113 0.229 0.343 0.974 0.066 225.87 6 239.569 1987.187 0 0.02
92000 3 10 6 0 0.113 0.229 0.343 0.974 0.066 221.48 6 240.898 2261.633 0 0.013
92000 4 10 6 0 0.113 0.229 0.343 0.974 0.066 226.708 8 242.75 1965.587 0 0.08
92000 5 10 6 0 0.113 0.229 0.343 0.974 0.066 228.733 11 242.574 1989.673 0 0
92000 1 10 6 0 0.04 0.124 0.442 0.836 0.09 193.865 2 215.322 544.573 0 0.293
92000 2 10 6 0 0.04 0.124 0.442 0.836 0.09 207.004 4 224.37 684.86 0 0.2
92000 3 10 6 0 0.04 0.124 0.442 0.836 0.09 169.22 1 192.48 496.553 0 0.267
92000 4 10 6 0 0.04 0.124 0.442 0.836 0.09 180.545 2 192.198 570.553 0 0.253
92000 5 10 6 0 0.04 0.124 0.442 0.836 0.09 154.162 4 169.956 492.04 0 0.347
92000 1 10 6 0 0.05 0.401 0.396 0.755 0.061 221.944 7 239.898 1785.407 0 0.073
92000 2 10 6 0 0.05 0.401 0.396 0.755 0.061 221.365 3 239.895 1535.38 0 0.187
92000 3 10 6 0 0.05 0.401 0.396 0.755 0.061 224.17 6 241.211 1684.793 0 0.2
92000 4 10 6 0 0.05 0.401 0.396 0.755 0.061 222.837 7 239.998 1695.327 0 0.133
92000 5 10 6 0 0.05 0.401 0.396 0.755 0.061 220.394 4 239.346 1642.127 0 0.213
92000 1 10 6 0 0.083 0.191 0.365 0.956 0.69 0 0 0 0 1 1
92000 2 10 6 0 0.083 0.191 0.365 0.956 0.69 16.971 3 24.6 69.313 0 0.207
92000 3 10 6 0 0.083 0.191 0.365 0.956 0.69 20.444 1 22.923 44.587 0 0.42
92000 4 10 6 0 0.083 0.191 0.365 0.956 0.69 23.374 4 26.754 79.173 0 0.067
92000 5 10 6 0 0.083 0.191 0.365 0.956 0.69 23.761 4 27.994 73.613 0 0.04
92000 1 10 6 0 0.117 0.111 0.424 0.976 0.056 217.32 9 236.798 1080.573 0 0.007
92000 2 10 6 0 0.117 0.111 0.424 0.976 0.056 218.968 3 235.488 1179.253 0 0.3
92000 3 10 6 0 0.117 0.111 0.424 0.976 0.056 211.888 8 236.396 1167.62 0 0.04
92000 4 10 6 0 0.117 0.111 0.424 0.976 0.056 215.701 5 234.216 1257.707 0 0.2
92000 5 10 6 0 0.117 0.111 0.424 0.976 0.056 219.211 6 236.51 1007.753 0 0.3
92000 1 10 6 0 0.075 0.497 0.198 0.906 0.729 11.468 2 16.268 59.433 0 0.14
92000 2 10 6 0 0.075 0.497 0.198 0.906 0.729 9.089 1 15.052 53.813 0 0.167
92000 3 10 6 0 0.075 0.497 0.198 0.906 0.729 18.788 4 22.67 77.187 0 0.06
92000 4 10 6 0 0.075 0.497 0.198 0.906 0.729 12.017 3 18.938 84.613 0 0.193
92000 5 10 6 0 0.075 0.497 0.198 0.906 0.729 19.329 3 22.234 59.813 0 0.153
92000 1 10 6 0 0.092 0.068 0.431 0.76 0.593 23.826 1 28.204 82.307 0 0.08
92000 2 10 6 0 0.092 0.068 0.431 0.76 0.593 0.348 3 4.404 43.333 0.54 0.173
92000 3 10 6 0 0.092 0.068 0.431 0.76 0.593 21.426 1 25.298 80.193 0 0.053
92000 4 10 6 0 0.092 0.068 0.431 0.76 0.593 19.256 1 23.761 61.34 0 0.127
92000 5 10 6 0 0.092 0.068 0.431 0.76 0.593 21.505 1 27.354 63.187 0 0.207
92000 1 10 6 0 0.039 0.37 0.158 0.966 0.779 19.688 5 23.947 79.4 0 0.053
92000 2 10 6 0 0.039 0.37 0.158 0.966 0.779 10.565 2 17.131 63.92 0 0.053
92000 3 10 6 0 0.039 0.37 0.158 0.966 0.779 21.355 4 24.877 73.527 0 0.067
92000 4 10 6 0 0.039 0.37 0.158 0.966 0.779 17.206 1 25.932 85.807 0 0.22
92000 5 10 6 0 0.039 0.37 0.158 0.966 0.779 11.704 4 19.329 79.22 0 0.12
92000 1 10 6 0 0.114 0.363 0.442 0.816 0.131 223.964 5 238.472 1642.527 0 0.1
92000 2 10 6 0 0.114 0.363 0.442 0.816 0.131 223.626 7 239.628 1451.387 0 0.153
92000 3 10 6 0 0.114 0.363 0.442 0.816 0.131 218.06 3 237.958 1578.467 0 0.173
92000 4 10 6 0 0.114 0.363 0.442 0.816 0.131 226.758 8 240.896 1618.613 0 0.053
92000 5 10 6 0 0.114 0.363 0.442 0.816 0.131 225.083 8 238.692 1355.447 0 0.033
92000 1 10 6 0 0.005 0.14 0.28 0.968 0.982 20.676 3 25.451 75.72 0 0.073
92000 2 10 6 0 0.005 0.14 0.28 0.968 0.982 9.463 2 13.061 51.053 0 0.133
92000 3 10 6 0 0.005 0.14 0.28 0.968 0.982 23.43 5 29.19 77.867 0 0.067
92000 4 10 6 0 0.005 0.14 0.28 0.968 0.982 16.209 7 20.401 76.687 0 0.033
92000 5 10 6 0 0.005 0.14 0.28 0.968 0.982 19.549 2 25.452 69.013 0 0.22
92000 1 10 6 0 0.077 0.272 0.143 0.918 0.962 7.001 3 11.511 57.34 0 0.153
92000 2 10 6 0 0.077 0.272 0.143 0.918 0.962 17.87 2 23.928 73.167 0 0.193
92000 3 10 6 0 0.077 0.272 0.143 0.918 0.962 16.006 1 21.012 60.987 0 0.12
92000 4 10 6 0 0.077 0.272 0.143 0.918 0.962 13.599 2 23.849 40.853 0 0.213
92000 5 10 6 0 0.077 0.272 0.143 0.918 0.962 22.206 2 25.374 72.92 0 0.1
92000 1 10 6 0 0.002 0.132 0.284 0.922 0.546 19.168 3 23.406 80.993 0 0.167
92000 2 10 6 0 0.002 0.132 0.284 0.922 0.546 21.944 2 28.745 75.507 0 0.273
92000 3 10 6 0 0.002 0.132 0.284 0.922 0.546 23.011 4 27.337 74.853 0 0.147
92000 4 10 6 0 0.002 0.132 0.284 0.922 0.546 19.956 0 24.499 95.32 0 0.3
92000 5 10 6 0 0.002 0.132 0.284 0.922 0.546 13.832 3 20.041 83.753 0 0.247
92000 1 10 6 0 0.117 0.059 0.498 0.835 0.495 0 0 0 0 1 1
92000 2 10 6 0 0.117 0.059 0.498 0.835 0.495 17.146 5 21.309 74.913 0 0.187
92000 3 10 6 0 0.117 0.059 0.498 0.835 0.495 18.762 3 23.592 73.787 0 0.173
92000 4 10 6 0 0.117 0.059 0.498 0.835 0.495 16.82 3 24.467 59.66 0 0.16
92000 5 10 6 0 0.117 0.059 0.498 0.835 0.495 7.406 1 10.968 56.507 0 0.18
92000 1 10 6 0 0.116 0.014 0.216 0.804 0.821 16.127 3 22.386 62.833 0 0.14
92000 2 10 6 0 0.116 0.014 0.216 0.804 0.821 14.461 4 23.044 73.507 0 0.06
92000 3 10 6 0 0.116 0.014 0.216 0.804 0.821 24.771 2 28.888 66.053 0 0.167
92000 4 10 6 0 0.116 0.014 0.216 0.804 0.821 23.323 5 27.577 77.253 0 0.12
92000 5 10 6 0 0.116 0.014 0.216 0.804 0.821 17.92 7 26.435 83.38 0 0.12
92000 1 10 6 0 0.021 0.129 0.215 0.758 0.87 11.374 6 15.216 68.74 0 0.073
92000 2 10 6 0 0.021 0.129 0.215 0.758 0.87 19.505 4 25.4 75.733 0 0.14
92000 3 10 6 0 0.021 0.129 0.215 0.758 0.87 21.437 4 25.685 86.38 0 0.107
92000 4 10 6 0 0.021 0.129 0.215 0.758 0.87 13.426 4 20.006 62.607 0 0.073
92000 5 10 6 0 0.021 0.129 0.215 0.758 0.87 17.265 11 22.101 70.32 0 0
92000 1 10 6 0 0.07 0.32 0.018 0.817 0.356 239.781 1141 248.358 4356.453 0 0
92000 2 10 6 0 0.07 0.32 0.018 0.817 0.356 240 1217 248.098 4763.527 0 0
92000 3 10 6 0 0.07 0.32 0.018 0.817 0.356 245.436 1617 249.08 5105.713 0 0
92000 4 10 6 0 0.07 0.32 0.018 0.817 0.356 233.529 489 247.654 4231.707 0 0
92000 5 10 6 0 0.07 0.32 0.018 0.817 0.356 243.093 2224 248.325 4661.187 0 0
92000 1 10 6 0 0.032 0.18 0.067 0.862 0.934 17.692 2 22.974 71.193 0 0.093
92000 2 10 6 0 0.032 0.18 0.067 0.862 0.934 22.084 2 27.805 83.02 0 0.2
92000 3 10 6 0 0.032 0.18 0.067 0.862 0.934 13.928 2 18.797 67.933 0 0.2
92000 4 10 6 0 0.032 0.18 0.067 0.862 0.934 12.572 4 15.289 44.28 0 0.2
92000 1 9 6 0 0.005 0.406 0.149 0.833 0.078 226.497 4 240.721 1684.92 0 0.187
92000 2 9 6 0 0.005 0.406 0.149 0.833 0.078 219.308 3 240.156 1566.347 0 0.167
92000 3 9 6 0 0.005 0.406 0.149 0.833 0.078 224.694 4 242.208 1616.1 0 0.167
92000 4 9 6 0 0.005 0.406 0.149 0.833 0.078 222.358 7 239.38 1649.413 0 0.127
92000 5 9 6 0 0.005 0.406 0.149 0.833 0.078 226.499 1 241.219 1495.307 0 0.207
92000 1 9 6 0 0.024 0.452 0.225 0.894 0.776 21.29 4 27.417 74.393 0 0.093
92000 2 9 6 0 0.024 0.452 0.225 0.894 0.776 10.552 7 15.553 63.633 0 0.047
92000 3 9 6 0 0.024 0.452 0.225 0.894 0.776 0 0 0.879 4.927 1 0.787
92000 4 9 6 0 0.024 0.452 0.225 0.894 0.776 12.566 3 15.316 54.68 0 0.08
92000 5 9 6 0 0.024 0.452 0.225 0.894 0.776 14.028 3 18.936 46.327 0 0.233
92000 1 9 6 0 0.028 0.362 0.118 0.861 0.723 26.504 2 33.706 87.153 0 0.173
92000 2 9 6 0 0.028 0.362 0.118 0.861 0.723 24.103 4 29.846 105.34 0 0.153
92000 3 9 6 0 0.028 0.362 0.118 0.861 0.723 28.342 3 32.166 102.787 0 0.08
92000 4 9 6 0 0.028 0.362 0.118 0.861 0.723 23.607 4 28.75 108.72 0 0.067
92000 5 9 6 0 0.028 0.362 0.118 0.861 0.723 24.054 3 28.256 73.373 0 0.067
92000 1 9 6 0 0.058 0.096 0.329 0.926 0.63 10.266 4 15.991 57.467 0 0.093
92000 2 9 6 0 0.058 0.096 0.329 0.926 0.63 0 0 0 0 1 1
92000 3 9 6 0 0.058 0.096 0.329 0.926 0.63 19.459 1 24.877 73.013 0 0.08
92000 4 9 6 0 0.058 0.096 0.329 0.926 0.63 17.133 9 23.402 87.36 0 0.007
92000 5 9 6 0 0.058 0.096 0.329 0.926 0.63 19.102 1 23.057 72.067 0 0.2
92000 1 9 6 0 0.03 0.239 0.001 0.943 0.727 35.996 17 42.993 178.52 0 0
92000 2 9 6 0 0.03 0.239 0.001 0.943 0.727 41.59 7 49.009 181.38 0 0.02
92000 3 9 6 0 0.03 0.239 0.001 0.943 0.727 41.251 10 48.184 162.24 0 0
92000 4 9 6 0 0.03 0.239 0.001 0.943 0.727 43.476 8 50.793 174.2 0 0.027
92000 5 9 6 0 0.03 0.239 0.001 0.943 0.727 42.655 5 50.679 162.36 0 0.027
92000 1 9 6 0 0.052 0.397 0.403 0.959 0.207 203.012 2 229.831 608.787 0 0.447
92000 2 9 6 0 0.052 0.397 0.403 0.959 0.207 214.399 1 230.161 760.333 0 0.347
92000 3 9 6 0 0.052 0.397 0.403 0.959 0.207 213.921 3 232.353 645.133 0 0.453
92000 4 9 6 0 0.052 0.397 0.403 0.959 0.207 206.975 2 226.589 675.373 0 0.367
92000 5 9 6 0 0.052 0.397 0.403 0.959 0.207 204.311 4 222.051 632.067 0 0.38
92000 1 9 6 0 0.066 0.454 0.395 0.905 0.463 34.479 0 39.538 93.233 0 0.153
92000 2 9 6 0 0.066 0.454 0.395 0.905 0.463 30.594 4 36.636 101.673 0 0.167
92000 3 9 6 0 0.066 0.454 0.395 0.905 0.463 24.913 2 32.38 87.853 0 0.2
92000 4 9 6 0 0.066 0.454 0.395 0.905 0.463 30.238 2 36.188 89.527 0 0.14
92000 5 9 6 0 0.066 0.454 0.395 0.905 0.463 30.466 2 35.477 94.307 0 0.187
92000 1 9 6 0 0.077 0.125 0.07 0.791 0.013 245.244 12792 249.687 18167.253 0 0
92000 2 9 6 0 0.077 0.125 0.07 0.791 0.013 243.521 15559 249.531 25336.613 0 0
92000 3 9 6 0 0.077 0.125 0.07 0.791 0.013 250 17977 250 22498.507 0 0
92000 4 9 6 0 0.077 0.125 0.07 0.791 0.013 247 23791 249.802 27656.227 0 0
92000 5 9 6 0 0.077 0.125 0.07 0.791 0.013 248.565 20844 249.969 25222.38 0 0
92000 1 9 6 0 0.034 0.107 0.279 0.969 0.34 27.975 3 35.603 117.773 0 0.247
92000 2 9 6 0 0.034 0.107 0.279 0.969 0.34 35.646 3 40.589 105.14 0 0.1
92000 3 9 6 0 0.034 0.107 0.279 0.969 0.34 34.595 2 39.098 107.2 0 0.087
92000 4 9 6 0 0.034 0.107 0.279 0.969 0.34 0 0 0.033 0 1 1
92000 5 9 6 0 0.034 0.107 0.279 0.969 0.34 30.386 1 38.531 116.28 0 0.107
92000 1 9 6 0 0.035 0.065 0.297 0.918 0.26 23.623 0 33.484 91.06 0 0.253
92000 2 9 6 0 0.035 0.065 0.297 0.918 0.26 33.543 2 37.686 112.78 0 0.047
92000 3 9 6 0 0.035 0.065 0.297 0.918 0.26 35.828 5 43.613 128.36 0 0.1
92000 4 9 6 0 0.035 0.065 0.297 0.918 0.26 37.078 1 43.404 128.6 0 0.233
92000 5 9 6 0 0.035 0.065 0.297 0.918 0.26 31.835 8 38.678 120.307 0 0.047
92000 1 9 6 0 0.04 0.272 0.227 0.828 0.228 211.961 6 234.149 847.92 0 0.16
92000 2 9 6 0 0.04 0.272 0.227 0.828 0.228 215.056 2 231.635 1000.607 0 0.213
92000 3 9 6 0 0.04 0.272 0.227 0.828 0.228 202.626 3 228.325 823.213 0 0.287
92000 4 9 6 0 0.04 0.272 0.227 0.828 0.228 201.523 3 226.493 828.807 0 0.327
92000 5 9 6 0 0.04 0.272 0.227 0.828 0.228 216.856 2 235.73 770.127 0 0.22
92000 1 9 6 0 0.035 0.466 0.189 0.842 0.097 218.893 10 239.26 1769.313 0 0
92000 2 9 6 0 0.035 0.466 0.189 0.842 0.097 221.153 2 239.97 1592.8 0 0.22
92000 3 9 6 0 0.035 0.466 0.189 0.842 0.097 224.776 8 242.244 1907.513 0 0.06
92000 4 9 6 0 0.035 0.466 0.189 0.842 0.097 222.05 3 242.381 1977.82 0 0.08
92000 5 9 6 0 0.035 0.466 0.189 0.842 0.097 220.621 1 242.797 2251.573 0 0.1
92000 1 9 6 0 0.061 0.331 0.165 0.963 0.052 234.878 567 247.52 3510.18 0 0
92000 2 9 6 0 0.061 0.331 0.165 0.963 0.052 241.113 744 248.059 4047.547 0 0
92000 3 9 6 0 0.061 0.331 0.165 0.963 0.052 234.226 317 247.231 4181.033 0 0
92000 4 9 6 0 0.061 0.331 0.165 0.963 0.052 232.79 7 245.842 3546.287 0 0.02
92000 5 9 6 0 0.061 0.331 0.165 0.963 0.052 241.446 375 247.675 4078.253 0 0
92000 1 9 6 0 0.117 0.2 0.388 0.952 0.246 81.002 4 89.384 310.307 0 0.267
92000 2 9 6 0 0.117 0.2 0.388 0.952 0.246 64.007 4 75.35 267.72 0 0.28
92000 3 9 6 0 0.117 0.2 0.388 0.952 0.246 67.652 3 73.967 216.847 0 0.033
92000 4 9 6 0 0.117 0.2 0.388 0.952 0.246 74.809 8 82.84 276.653 0 0.007
92000 5 9 6 0 0.117 0.2 0.388 0.952 0.246 48.111 2 53.206 195.473 0 0.127
92000 1 9 6 0 0.104 0.011 0.255 0.891 0.806 13.472 3 18.561 65.84 0 0.04
92000 2 9 6 0 0.104 0.011 0.255 0.891 0.806 15.53 3 19.78 62.36 0 0.133
92000 3 9 6 0 0.104 0.011 0.255 0.891 0.806 23.105 1 29.323 66.347 0 0.12
92000 4 9 6 0 0.104 0.011 0.255 0.891 0.806 20.257 6 26.085 78.093 0 0.087
92000 5 9 6 0 0.104 0.011 0.255 0.891 0.806 14.851 2 19.865 74.467 0 0.113
92000 1 9 6 0 0.033 0.265 0.43 0.754 0.79 17.539 2 22.335 64.333 0 0.1
92000 2 9 6 0 0.033 0.265 0.43 0.754 0.79 20.646 1 25.671 68.433 0 0.153
92000 3 9 6 0 0.033 0.265 0.43 0.754 0.79 0 0 0 0 1 1
92000 4 9 6 0 0.033 0.265 0.43 0.754 0.79 0 0 0.086 0 1 1
92000 5 9 6 0 0.033 0.265 0.43 0.754 0.79 19.415 4 24.501 70.653 0 0.073
92000 1 9 6 0 0.075 0.1 0.032 0.802 0.692 34.435 4 40.708 98.9 0 0.1
92000 2 9 6 0 0.075 0.1 0.032 0.802 0.692 26.878 10 32.241 96.88 0 0
92000 3 9 6 0 0.075 0.1 0.032 0.802 0.692 33.154 6 39.127 113.113 0 0.053
92000 4 9 6 0 0.075 0.1 0.032 0.802 0.692 29.193 1 37.136 117.793 0 0.173
92000 5 9 6 0 0.075 0.1 0.032 0.802 0.692 33.345 4 39.01 116.713 0 0.113
92000 1 9 6 0 0.015 0.484 0.234 0.936 0.722 0 0 0 0 1 1
92000 2 9 6 0 0.015 0.484 0.234 0.936 0.722 19.878 4 25.154 66.78 0 0.127
92000 1 9 5 0 0.008 0.201 0.446 0.931 0.984 16.397 5 19.389 48.52 0 0.12
92000 2 9 5 0 0.008 0.201 0.446 0.931 0.984 27.171 4 32.15 76.127 0 0.06
92000 3 9 5 0 0.008 0.201 0.446 0.931 0.984 25.234 5 28.826 73.933 0 0.04
92000 4 9 5 0 0.008 0.201 0.446 0.931 0.984 13.817 7 19.62 76.147 0 0.033
92000 5 9 5 0 0.008 0.201 0.446 0.931 0.984 15.194 1 17.803 59.52 0 0.173
92000 1 9 5 0 0.098 0.311 0.234 0.963 0.127 231.257 10 244.675 2202.32 0 0
92000 2 9 5 0 0.098 0.311 0.234 0.963 0.127 236.649 348 244.941 2505.813 0 0
92000 3 9 5 0 0.098 0.311 0.234 0.963 0.127 232.253 18 244.162 2397.94 0 0
92000 4 9 5 0 0.098 0.311 0.234 0.963 0.127 231.236 94 245.529 2718.92 0 0
92000 5 9 5 0 0.098 0.311 0.234 0.963 0.127 221.453 54 243.278 2459.373 0 0
92000 1 9 5 0 0.109 0.018 0.158 0.98 0.91 19.485 3 25.434 70.84 0 0.1
92000 2 9 5 0 0.109 0.018 0.158 0.98 0.91 20.439 5 24.664 77.66 0 0.047
92000 3 9 5 0 0.109 0.018 0.158 0.98 0.91 18.517 3 23.972 60.213 0 0.073
92000 4 9 5 0 0.109 0.018 0.158 0.98 0.91 18.083 2 24.887 68.913 0 0.16
92000 5 9 5 0 0.109 0.018 0.158 0.98 0.91 19.33 3 25.609 68.907 0 0.127
92000 1 9 5 0 0.062 0.028 0.27 0.947 0.048 133.738 4 143.314 373.807 0 0.04
92000 2 9 5 0 0.062 0.028 0.27 0.947 0.048 90.737 5 103.123 457.04 0 0.12
92000 3 9 5 0 0.062 0.028 0.27 0.947 0.048 107.031 4 122.849 352.567 0 0.193
92000 4 9 5 0 0.062 0.028 0.27 0.947 0.048 114.421 1 125.659 380.22 0 0.227
92000 5 9 5 0 0.062 0.028 0.27 0.947 0.048 128.106 3 135.173 370.82 0 0.087
92000 1 9 5 0 0.071 0.154 0.408 0.876 0.743 21.166 4 25.247 68.76 0 0.107
92000 2 9 5 0 0.071 0.154 0.408 0.876 0.743 3.115 5 6.444 48.28 0.2 0.073
92000 3 9 5 0 0.071 0.154 0.408 0.876 0.743 1.526 3 5.519 48.107 0.407 0.22
92000 4 9 5 0 0.071 0.154 0.408 0.876 0.743 23.745 1 30.376 75.773 0 0.113
92000 5 9 5 0 0.071 0.154 0.408 0.876 0.743 21.923 4 26.721 66.167 0 0.147
92000 1 9 5 0 0.09 0.029 0.185 0.993 0.345 18.857 4 25.943 79.34 0 0.073
92000 2 9 5 0 0.09 0.029 0.185 0.993 0.345 20.113 6 24.796 76.233 0 0.04
92000 3 9 5 0 0.09 0.029 0.185 0.993 0.345 14.174 2 18.275 64.927 0 0.133
92000 4 9 5 0 0.09 0.029 0.185 0.993 0.345 15.744 5 23.213 80.66 0 0.153
92000 5 9 5 0 0.09 0.029 0.185 0.993 0.345 1.645 9 6.44 52.12 0.273 0.007
92000 1 9 5 0 0.066 0.104 0.278 0.913 0.548 10.835 3 15.788 66.693 0 0.12
92000 2 9 5 0 0.066 0.104 0.278 0.913 0.548 22.548 12 25.861 100.147 0 0
92000 3 9 5 0 0.066 0.104 0.278 0.913 0.548 19.079 5 27.217 97.08 0 0.08
92000 4 9 5 0 0.066 0.104 0.278 0.913 0.548 15.077 5 20.802 74.987 0 0.073
92000 5 9 5 0 0.066 0.104 0.278 0.913 0.548 17.218 4 21.856 80.053 0 0.113
92000 1 9 5 0 0.043 0.48 0.313 0.871 0.735 18.643 3 23.267 73.96 0 0.12
92000 2 9 5 0 0.043 0.48 0.313 0.871 0.735 6.317 1 13.277 69.853 0 0.26
92000 3 9 5 0 0.043 0.48 0.313 0.871 0.735 8.451 2 14.272 70.78 0 0.2
92000 4 9 5 0 0.043 0.48 0.313 0.871 0.735 25.064 1 29.649 71.087 0 0.093
92000 5 9 5 0 0.043 0.48 0.313 0.871 0.735 15.301 2 21.403 64.687 0 0.233
92000 1 9 5 0 0.033 0.194 0.268 0.974 0.93 18.57 3 24.325 76.873 0 0.167
92000 2 9 5 0 0.033 0.194 0.268 0.974 0.93 19.423 7 22.775 69.5 0 0.033
92000 3 9 5 0 0.033 0.194 0.268 0.974 0.93 22.451 1 28.797 61.147 0 0.207
92000 4 9 5 0 0.033 0.194 0.268 0.974 0.93 20.058 2 24.153 51.16 0 0.12
92000 5 9 5 0 0.033 0.194 0.268 0.974 0.93 28.203 2 31.456 60.133 0 0.14
92000 1 9 5 0 0.058 0.22 0.151 0.826 0.505 44.481 6 54.676 211.287 0 0.153
92000 2 9 5 0 0.058 0.22 0.151 0.826 0.505 46.38 3 56.766 204.947 0 0.233
92000 3 9 5 0 0.058 0.22 0.151 0.826 0.505 42.079 5 50.863 207.393 0 0.053
92000 4 9 5 0 0.058 0.22 0.151 0.826 0.505 44.066 6 52.166 198.727 0 0.06
92000 5 9 5 0 0.058 0.22 0.151 0.826 0.505 37.037 20 42.989 154.7 0 0
92000 1 9 5 0 0.045 0.21 0.456 0.788 0.457 17.939 6 24.359 74.653 0 0.06
92000 2 9 5 0 0.045 0.21 0.456 0.788 0.457 17.997 1 22.461 71.227 0 0.193
92000 3 9 5 0 0.045 0.21 0.456 0.788 0.457 21.825 4 27.374 79.3 0 0.173
92000 4 9 5 0 0.045 0.21 0.456 0.788 0.457 21.756 7 24.895 87.26 0 0.013
92000 5 9 5 0 0.045 0.21 0.456 0.788 0.457 17.162 3 23.977 86.56 0 0.1
92000 1 9 5 0 0.088 0.361 0.067 0.995 0.594 113.148 8 124.482 361.947 0 0.033
92000 2 9 5 0 0.088 0.361 0.067 0.995 0.594 124.105 12 135.858 332.56 0 0
92000 3 9 5 0 0.088 0.361 0.067 0.995 0.594 132.544 10 149.456 366.96 0 0
92000 4 9 5 0 0.088 0.361 0.067 0.995 0.594 133.269 9 152.59 396.56 0 0.007
92000 5 9 5 0 0.088 0.361 0.067 0.995 0.594 109.172 5 121.525 345.573 0 0.02
92000 1 9 5 0 0.06 0.471 0.082 0.84 0.997 0 0 0 0 1 1
92000 2 9 5 0 0.06 0.471 0.082 0.84 0.997 1.781 2 7.363 45.647 0.373 0.067
92000 3 9 5 0 0.06 0.471 0.082 0.84 0.997 6.405 3 11.415 62.193 0 0.16
92000 4 9 5 0 0.06 0.471 0.082 0.84 0.997 18.011 3 23.032 71.127 0 0.107
92000 5 9 5 0 0.06 0.471 0.082 0.84 0.997 21.782 2 24.501 60.1 0 0.087
92000 1 9 5 0 0.082 0.403 0.123 0.978 0.232 230.367 98 244.12 2809.253 0 0
92000 2 9 5 0 0.082 0.403 0.123 0.978 0.232 234.785 16 245.437 2652.46 0 0
92000 3 9 5 0 0.082 0.403 0.123 0.978 0.232 229.127 4 245.27 3040.393 0 0.033
92000 4 9 5 0 0.082 0.403 0.123 0.978 0.232 229.679 9 243.88 2767.233 0 0.02
92000 5 9 5 0 0.082 0.403 0.123 0.978 0.232 238.165 425 246.251 2644.627 0 0
92000 1 9 5 0 0.076 0.453 0.223 0.97 0.377 204.072 1 229.272 744.947 0 0.307
92000 2 9 5 0 0.076 0.453 0.223 0.97 0.377 212.389 6 229.495 873.56 0 0.087
92000 3 9 5 0 0.076 0.453 0.223 0.97 0.377 218.939 5 234.651 762.007 0 0.26
92000 4 9 5 0 0.076 0.453 0.223 0.97 0.377 221.503 4 236.347 793.113 0 0.187
92000 5 9 5 0 0.076 0.453 0.223 0.97 0.377 209.324 4 231.311 841.287 0 0.08
92000 1 9 5 0 0.055 0.435 0.36 0.934 0.587 16.298 2 23.658 75.187 0 0.167
92000 2 9 5 0 0.055 0.435 0.36 0.934 0.587 12.498 8 19.297 90.22 0 0.027
92000 3 9 5 0 0.055 0.435 0.36 0.934 0.587 14.706 6 21.807 78.853 0 0.147
92000 4 9 5 0 0.055 0.435 0.36 0.934 0.587 17.209 4 22.437 88.327 0 0.073
92000 5 9 5 0 0.055 0.435 0.36 0.934 0.587 20.433 5 24.098 67.58 0 0.147
92000 1 9 5 0 0.03 0.387 0.279 0.971 0.944 14.116 4 19.474 68.653 0 0.073
92000 2 9 5 0 0.03 0.387 0.279 0.971 0.944 24.02 3 27.982 83.893 0 0.14
92000 3 9 5 0 0.03 0.387 0.279 0.971 0.944 15.156 2 25.908 81.3 0 0.093
92000 4 9 5 0 0.03 0.387 0.279 0.971 0.944 9.253 4 14.516 60.833 0 0.093
92000 5 9 5 0 0.03 0.387 0.279 0.971 0.944 4.519 1 11.938 58.633 0.007 0.193
92000 1 9 5 0 0.044 0.483 0.19 0.832 0.689 23.874 2 29.177 104.08 0 0.16
92000 2 9 5 0 0.044 0.483 0.19 0.832 0.689 22.228 2 29.264 90.507 0 0.06
92000 3 9 5 0 0.044 0.483 0.19 0.832 0.689 22.749 4 25.81 68.613 0 0.027
92000 4 9 5 0 0.044 0.483 0.19 0.832 0.689 18.704 5 24.829 84.78 0 0.053
92000 5 9 5 0 0.044 0.483 0.19 0.832 0.689 16.956 2 26.713 83.513 0 0.26
92000 1 9 5 0 0.048 0.09 0.062 0.781 0.622 30.013 3 36.265 107.44 0 0.113
92000 2 9 5 0 0.048 0.09 0.062 0.781 0.622 34.507 4 38.592 114.733 0 0.107
92000 3 9 5 0 0.048 0.09 0.062 0.781 0.622 34.315 0 39.91 118.153 0 0.173
92000 4 9 5 0 0.048 0.09 0.062 0.781 0.622 33.584 5 38.729 128.66 0 0.147
92000 5 9 5 0 0.048 0.09 0.062 0.781 0.622 29.994 1 35.472 110.98 0 0.193
92000 1 9 5 0 0.098 0.466 0.012 0.759 0.715 40.194 12 47.932 144.413 0 0
92000 2 9 5 0 0.098 0.466 0.012 0.759 0.715 41.176 3 47.419 149.187 0 0.093
92000 3 9 5 0 0.098 0.466 0.012 0.759 0.715 44.697 22 52.137 174.327 0 0
92000 4 9 5 0 0.098 0.466 0.012 0.759 0.715 39.928 6 49.924 166.547 0 0.027
92000 5 9 5 0 0.098 0.466 0.012 0.759 0.715 40.38 6 49.001 183.687 0 0.04
92000 1 9 5 0 0.07 0.14 0.492 0.785 0.739 10.044 1 14.827 60.067 0 0.087
92000 2 9 5 0 0.07 0.14 0.492 0.785 0.739 21.432 2 26.23 76.62 0 0.133
92000 3 9 5 0 0.07 0.14 0.492 0.785 0.739 16.614 4 20.65 79.36 0 0.047
92000 4 9 5 0 0.07 0.14 0.492 0.785 0.739 25.925 2 31.309 78.373 0 0.153
92000 5 9 5 0 0.07 0.14 0.492 0.785 0.739 24.26 2 28.508 68.693 0 0.113
92000 1 9 5 0 0.062 0.098 0.262 0.867 0.472 26.44 5 33.058 97.82 0 0.14
92000 2 9 5 0 0.062 0.098 0.262 0.867 0.472 27.887 2 32.725 107.647 0 0.08
92000 3 9 5 0 0.062 0.098 0.262 0.867 0.472 27.598 3 34.784 103.653 0 0.213
92000 4 9 5 0 0.062 0.098 0.262 0.867 0.472 25.741 3 34.982 104.467 0 0.133
92000 5 9 5 0 0.062 0.098 0.262 0.867 0.472 20.793 1 27.224 85.98 0 0.167
92000 1 9 5 0 0.055 0.386 0.144 0.934 0.543 51.546 4 57.475 168.547 0 0.12
92000 1 9 7 0 0.116 0.305 0.008 0.922 0.214 242.174 12645 249.504 22980.527 0 0
92000 2 9 7 0 0.116 0.305 0.008 0.922 0.214 246.917 17760 249.735 23588.427 0 0
92000 3 9 7 0 0.116 0.305 0.008 0.922 0.214 242.384 7819 249.249 22806.847 0 0
92000 4 9 7 0 0.116 0.305 0.008 0.922 0.214 250 23153 250 25889.56 0 0
92000 5 9 7 0 0.116 0.305 0.008 0.922 0.214 244 12464 249.464 19927.44 0 0
92000 1 9 7 0 0.017 0.008 0.051 0.912 0.742 12.265 2 16.711 58.473 0 0.233
92000 2 9 7 0 0.017 0.008 0.051 0.912 0.742 2.088 3 4.688 50.193 0.62 0.18
92000 3 9 7 0 0.017 0.008 0.051 0.912 0.742 0 0 0 0 1 1
92000 4 9 7 0 0.017 0.008 0.051 0.912 0.742 18.402 7 24.239 80.453 0 0.027
92000 5 9 7 0 0.017 0.008 0.051 0.912 0.742 20.906 2 26.88 76.227 0 0.247
92000 1 9 7 0 0.012 0.479 0.322 0.87 0.269 65.46 2 79.633 269.74 0 0.38
92000 2 9 7 0 0.012 0.479 0.322 0.87 0.269 81.993 6 94.076 283.033 0 0.1
92000 3 9 7 0 0.012 0.479 0.322 0.87 0.269 65.14 3 74.32 257.173 0 0.34
92000 4 9 7 0 0.012 0.479 0.322 0.87 0.269 58.582 4 64.266 208.54 0 0.08
92000 5 9 7 0 0.012 0.479 0.322 0.87 0.269 78.118 1 91.223 282.207 0 0.347
92000 1 9 7 0 0.103 0.216 0.481 0.781 0.485 16.892 3 20.986 80.307 0 0.107
92000 2 9 7 0 0.103 0.216 0.481 0.781 0.485 9.442 2 12.762 37.053 0 0.28
92000 3 9 7 0 0.103 0.216 0.481 0.781 0.485 16.753 1 25.66 64.44 0 0.093
92000 4 9 7 0 0.103 0.216 0.481 0.781 0.485 1.292 2 3.164 39.293 0.907 0.207
92000 5 9 7 0 0.103 0.216 0.481 0.781 0.485 19.236 1 25.587 75.28 0 0.16
92000 1 9 7 0 0.084 0.068 0.286 0.812 0.067 217.263 4 232.212 829.653 0 0.107
92000 2 9 7 0 0.084 0.068 0.286 0.812 0.067 208.336 3 230.42 819.333 0 0.193
92000 3 9 7 0 0.084 0.068 0.286 0.812 0.067 217.984 10 228.696 800.527 0 0
92000 4 9 7 0 0.084 0.068 0.286 0.812 0.067 214.545 6 232.651 933.587 0 0.067
92000 5 9 7 0 0.084 0.068 0.286 0.812 0.067 220.796 2 236.465 820.613 0 0.233
92000 1 9 7 0 0.107 0.296 0.106 0.816 0.014 248 25766 249.92 28611.353 0 0
92000 2 9 7 0 0.107 0.296 0.106 0.816 0.014 248 18445 249.926 25627.72 0 0
92000 3 9 7 0 0.107 0.296 0.106 0.816 0.014 248 19420 249.923 23617.28 0 0
92000 4 9 7 0 0.107 0.296 0.106 0.816 0.014 250 21632 250 26186.4 0 0
92000 5 9 7 0 0.107 0.296 0.106 0.816 0.014 246 18715 249.739 25216.14 0 0
92000 1 9 7 0 0.084 0.034 0.099 0.815 0.175 119.771 7 133.39 428.393 0 0.127
92000 2 9 7 0 0.084 0.034 0.099 0.815 0.175 36.916 2 48.641 185.86 0 0.093
92000 3 9 7 0 0.084 0.034 0.099 0.815 0.175 76.585 7 92.439 365.553 0 0.073
92000 4 9 7 0 0.084 0.034 0.099 0.815 0.175 68.241 3 77.195 318.527 0 0.067
92000 5 9 7 0 0.084 0.034 0.099 0.815 0.175 81.464 5 92.205 313.147 0 0.14
92000 1 9 7 0 0.008 0.047 0.275 0.896 0.014 218.502 4 236.113 1248.16 0 0.26
92000 2 9 7 0 0.008 0.047 0.275 0.896 0.014 223.371 5 238.012 1298.08 0 0.067
92000 3 9 7 0 0.008 0.047 0.275 0.896 0.014 222.32 2 239.649 1287.147 0 0.087
92000 4 9 7 0 0.008 0.047 0.275 0.896 0.014 222.978 4 238.271 1288.513 0 0.013
92000 5 9 7 0 0.008 0.047 0.275 0.896 0.014 217.499 5 237.504 1236.4 0 0.12
92000 1 9 7 0 0.043 0.484 0.212 0.983 0.972 12.358 2 16.205 59.06 0 0.147
92000 2 9 7 0 0.043 0.484 0.212 0.983 0.972 10.267 1 15.834 57.74 0 0.193
92000 3 9 7 0 0.043 0.484 0.212 0.983 0.972 1.671 1 4.61 38.073 0.62 0.293
92000 4 9 7 0 0.043 0.484 0.212 0.983 0.972 7.776 0 11.647 58.493 0 0.187
92000 5 9 7 0 0.043 0.484 0.212 0.983 0.972 1.538 6 4.354 44.427 0.72 0.06
92000 1 9 7 0 0.062 0.189 0.473 0.988 0.701 10.935 1 14.703 49.493 0 0.207
92000 2 9 7 0 0.062 0.189 0.473 0.988 0.701 0 0 0 0 1 1
92000 3 9 7 0 0.062 0.189 0.473 0.988 0.701 10.673 0 18.722 71.447 0 0.2
92000 4 9 7 0 0.062 0.189 0.473 0.988 0.701 26.252 3 29.595 71.62 0 0.127
92000 5 9 7 0 0.062 0.189 0.473 0.988 0.701 16.4 1 22.355 61.7 0 0.18
92000 1 9 7 0 0.086 0.383 0.364 0.808 0.154 219.122 6 239.748 1578.78 0 0.16
92000 2 9 7 0 0.086 0.383 0.364 0.808 0.154 226.175 5 239.085 1427.26 0 0.02
92000 3 9 7 0 0.086 0.383 0.364 0.808 0.154 227.852 1 239.94 1661.06 0 0.06
92000 4 9 7 0 0.086 0.383 0.364 0.808 0.154 219.93 7 238.151 1860.98 0 0.06
92000 5 9 7 0 0.086 0.383 0.364 0.808 0.154 221.832 6 239.087 1487.88 0 0.14
92000 1 9 7 0 0.03 0.052 0.136 0.989 0.869 0 0 0 0 1 1
92000 2 9 7 0 0.03 0.052 0.136 0.989 0.869 16.003 2 20.064 80.127 0 0.087
92000 3 9 7 0 0.03 0.052 0.136 0.989 0.869 17.278 2 23.225 61.9 0 0.173
92000 4 9 7 0 0.03 0.052 0.136 0.989 0.869 0 0 0 0 1 1
92000 5 9 7 0 0.03 0.052 0.136 0.989 0.869 17.62 2 21.58 63.547 0 0.053
92000 1 9 7 0 0.064 0.122 0.385 0.891 0.429 28.211 0 32.827 79.367 0 0.253
92000 2 9 7 0 0.064 0.122 0.385 0.891 0.429 22.131 4 27.063 79.307 0 0.107
92000 3 9 7 0 0.064 0.122 0.385 0.891 0.429 9.53 1 16.778 75.94 0 0.3
92000 4 9 7 0 0.064 0.122 0.385 0.891 0.429 24.247 1 28.952 87.32 0 0.187
92000 5 9 7 0 0.064 0.122 0.385 0.891 0.429 22.33 2 28.513 88.413 0 0.16
92000 1 9 7 0 0.027 0.218 0.064 0.964 0.756 19.546 2 28.877 87.34 0 0.127
92000 2 9 7 0 0.027 0.218 0.064 0.964 0.756 15.439 1 23.73 87.647 0 0.173
92000 3 9 7 0 0.027 0.218 0.064 0.964 0.756 18.412 1 28.277 85.193 0 0.18
92000 4 9 7 0 0.027 0.218 0.064 0.964 0.756 26.443 4 32.174 91.247 0 0.093
92000 5 9 7 0 0.027 0.218 0.064 0.964 0.756 26.451 1 32.003 86.547 0 0.14
92000 1 9 7 0 0.07 0.258 0.332 0.777 0.579 15.587 4 18.537 56.533 0 0.053
92000 2 9 7 0 0.07 0.258 0.332 0.777 0.579 12.172 3 16.06 69.093 0 0.073
92000 3 9 7 0 0.07 0.258 0.332 0.777 0.579 0 0 0 0 1 1
92000 4 9 7 0 0.07 0.258 0.332 0.777 0.579 18.794 2 24.805 92.147 0 0.18
92000 5 9 7 0 0.07 0.258 0.332 0.777 0.579 6.863 2 10.919 53.66 0 0.12
92000 1 9 7 0 0.06 0.326 0.212 0.948 0.211 220.488 5 240.416 1691.393 0 0.187
92000 2 9 7 0 0.06 0.326 0.212 0.948 0.211 226.193 5 242.934 1577.92 0 0.133
92000 3 9 7 0 0.06 0.326 0.212 0.948 0.211 221.91 3 240.003 1401.193 0 0.293
92000 4 9 7 0 0.06 0.326 0.212 0.948 0.211 219.539 2 237.96 1340.827 0 0.173
92000 5 9 7 0 0.06 0.326 0.212 0.948 0.211 223.789 5 242.213 1716.84 0 0.193
92000 1 9 7 0 0.077 0.469 0.362 0.912 0.304 183.919 3 200.06 534.233 0 0.4
92000 2 9 7 0 0.077 0.469 0.362 0.912 0.304 187.486 4 208.451 616.827 0 0.067
92000 3 9 7 0 0.077 0.469 0.362 0.912 0.304 198.407 1 222.715 557.007 0 0.48
92000 4 9 7 0 0.077 0.469 0.362 0.912 0.304 206.019 3 227.174 545.56 0 0.333
92000 5 9 7 0 0.077 0.469 0.362 0.912 0.304 191.514 8 204.515 501.893 0 0.04
92000 1 9 7 0 0.104 0.132 0.218 0.875 0.091 224.718 8 241.603 1829.18 0 0.013
92000 2 9 7 0 0.104 0.132 0.218 0.875 0.091 221.702 4 240.313 1729.6 0 0.093
92000 3 9 7 0 0.104 0.132 0.218 0.875 0.091 225.733 6 241.22 1898.793 0 0.087
92000 4 9 7 0 0.104 0.132 0.218 0.875 0.091 225.229 6 241.925 1835.033 0 0.087
92000 5 9 7 0 0.104 0.132 0.218 0.875 0.091 233.721 9 243.143 2129.753 0 0.013
92000 1 9 7 0 0.105 0.129 0.064 0.792 0.64 40.229 1 45.138 129.773 0 0.187
92000 2 9 7 0 0.105 0.129 0.064 0.792 0.64 32.154 1 37.497 109.227 0 0.307
92000 3 9 7 0 0.105 0.129 0.064 0.792 0.64 33.18 1 38.426 116.16 0 0.26
92000 4 9 7 0 0.105 0.129 0.064 0.792 0.64 29.95 3 39.963 110.553 0 0.173
92000 5 9 7 0 0.105 0.129 0.064 0.792 0.64 31.418 5 37.682 128.727 0 0.133
92000 1 9 7 0 0.051 0.472 0.031 0.903 0.82 22.915 7 29.612 96.853 0 0.053
92000 2 9 7 0 0.051 0.472 0.031 0.903 0.82 11.115 3 17.22 77.567 0 0.113
92000 3 9 7 0 0.051 0.472 0.031 0.903 0.82 21.045 0 25.529 80.973 0 0.113
92000 4 9 7 0 0.051 0.472 0.031 0.903 0.82 21.772 5 27.742 99.713 0 0.073
92000 5 9 7 0 0.051 0.472 0.031 0.903 0.82 17.111 4 22.786 93.593 0 0.147
92000 1 9 7 0 0.081 0.17 0.001 0.82 0.988 0.22 0 4.031 1.513 0.453 1
92000 2 9 7 0 0.081 0.17 0.001 0.82 0.988 8.773 3 11.264 63.233 0 0.053
92000 3 9 7 0 0.081 0.17 0.001 0.82 0.988 0.945 0 3.879 33.06 0.767 0.14
92000 4 9 7 0 0.081 0.17 0.001 0.82 0.988 17.854 2 23.213 64.893 0 0.113
92000 5 9 7 0 0.081 0.17 0.001 0.82 0.988 12.806 3 14.841 55.673 0 0.093
92000 1 9 7 0 0.119 0.137 0.48 0.938 0.322 12.599 1 20.446 84.093 0 0.207
92000 2 9 7 0 0.119 0.137 0.48 0.938 0.322 0 0 0 0 1 1
92000 3 9 7 0 0.119 0.137 0.48 0.938 0.322 10.955 2 18.731 78.607 0 0.16
92000 4 9 7 0 0.119 0.137 0.48 0.938 0.322 12.449 2 21.563 78.707 0 0.093
92000 5 9 7 0 0.119 0.137 0.48 0.938 0.322 2.679 3 5.913 50.753 0.32 0.04
92000 1 9 7 0 0.11 0.281 0.439 0.831 0.968 14.853 6 22.602 76.14 0 0.053
92000 2 9 7 0 0.11 0.281 0.439 0.831 0.968 18.739 3 25.56 59.293 0 0.067
92000 3 9 7 0 0.11 0.281 0.439 0.831 0.968 23.401 4 27.531 71.167 0 0.107
92000 4 9 7 0 0.11 0.281 0.439 0.831 0.968 10.561 4 13.444 54.373 0 0.167
92000 5 9 7 0 0.11 0.281 0.439 0.831 0.968 0 0 0 0 1 1
92000 1 9 7 0 0.068 0.242 0.09 0.752 0.561 84.097 4 96.617 288.033 0 0.18
92000 2 9 7 0 0.068 0.242 0.09 0.752 0.561 82.201 2 95.198 254.927 0 0.173
92000 3 9 7 0 0.068 0.242 0.09 0.752 0.561 73.103 7 81.573 255.313 0 0.067
92000 4 9 7 0 0.068 0.242 0.09 0.752 0.561 80.834 3 90.989 301.713 0 0.26
92000 5 9 7 0 0.068 0.242 0.09 0.752 0.561 114.838 3 126.897 299.827 0 0.253
92000 1 9 7 0 0.067 0.256 0.332 0.904 0.325 60.718 4 66.512 239.593 0 0.153
92000 2 9 7 0 0.067 0.256 0.332 0.904 0.325 50.623 1 57.684 198.56 0 0.18
92000 3 9 7 0 0.067 0.256 0.332 0.904 0.325 57.593 2 65.381 255.153 0 0.153
92000 4 9 7 0 0.067 0.256 0.332 0.904 0.325 46.473 4 54.991 219.307 0 0.06
92000 5 9 7 0 0.067 0.256 0.332 0.904 0.325 44.081 4 55.869 186.287 0 0.107
92000 1 9 7 0 0.084 0.22 0.165 0.792 0.457 135.05 3 147.878 336.093 0 0.327
92000 2 9 7 0 0.084 0.22 0.165 0.792 0.457 94.311 3 104.086 281.12 0 0.173
92000 3 9 7 0 0.084 0.22 0.165 0.792 0.457 109.063 5 116.157 310.453 0 0.08
92000 4 9 7 0 0.084 0.22 0.165 0.792 0.457 101.338 3 116.198 281.733 0 0.4
92000 5 9 7 0 0.084 0.22 0.165 0.792 0.457 81.067 2 93.411 265.64 0 0.227
92000 1 9 7 0 0.093 0.328 0.269 0.897 0.371 141.803 4 153.83 429.567 0 0.3
92000 2 9 7 0 0.093 0.328 0.269 0.897 0.371 172.459 2 190.872 488.907 0 0.187
92000 3 9 7 0 0.093 0.328 0.269 0.897 0.371 169.273 4 183.773 523.26 0 0.287
92000 4 9 7 0 0.093 0.328 0.269 0.897 0.371 142.895 4 157.297 399.4 0 0.207
92000 5 9 7 0 0.093 0.328 0.269 0.897 0.371 152.252 7 166.8 466.633 0 0.067
92000 1 9 7 0 0.086 0.406 0.167 0.883 0.664 15.467 6 19.135 78.533 0 0.087
92000 2 9 7 0 0.086 0.406 0.167 0.883 0.664 24.52 10 28.661 97.307 0 0
92000 3 9 7 0 0.086 0.406 0.167 0.883 0.664 25.2 4 31.877 91.58 0 0.06
92000 4 9 7 0 0.086 0.406 0.167 0.883 0.664 33.869 3 36.928 91.007 0 0.033
92000 5 9 7 0 0.086 0.406 0.167 0.883 0.664 24.95 2 31.371 96.547 0 0.22
92000 1 9 7 0 0.086 0.386 0.055 0.884 0.758 18.824 4 26.188 104.373 0 0.133
92000 2 9 7 0 0.086 0.386 0.055 0.884 0.758 21.281 7 26.973 99.94 0 0.04
92000 3 9 7 0 0.086 0.386 0.055 0.884 0.758 17.893 2 27.033 91.967 0 0.167
92000 4 9 7 0 0.086 0.386 0.055 0.884 0.758 24.594 3 30.874 96.973 0 0.167
92000 5 9 7 0 0.086 0.386 0.055 0.884 0.758 38.715 1 43.598 101.733 0 0.127
92000 1 9 7 0 0.062 0.049 0.396 0.975 0.116 42.19 1 47.025 135.813 0 0.18
92000 2 9 7 0 0.062 0.049 0.396 0.975 0.116 38.079 5 45.32 111.3 0 0.22
92000 3 9 7 0 0.062 0.049 0.396 0.975 0.116 40.564 2 48.043 148.56 0 0.127
92000 4 9 7 0 0.062 0.049 0.396 0.975 0.116 32.126 5 38.169 116.893 0 0.173
92000 5 9 7 0 0.062 0.049 0.396 0.975 0.116 42.628 6 49.707 154.953 0 0.06
92000 1 9 7 0 0.013 0.16 0.199 0.978 0.143 213.033 1 233.708 854.74 0 0.407
92000 2 9 7 0 0.013 0.16 0.199 0.978 0.143 216.304 6 234.25 937.827 0 0.113
92000 3 9 7 0 0.013 0.16 0.199 0.978 0.143 205.105 3 227.754 741.053 0 0.42
92000 4 9 7 0 0.013 0.16 0.199 0.978 0.143 215.309 2 233.363 812.273 0 0.387
92000 5 9 7 0 0.013 0.16 0.199 0.978 0.143 207.841 4 230.298 913.68 0 0.353
92000 1 9 7 0 0.004 0.04 0.134 0.809 0.548 19.197 2 24.14 85.813 0 0.173
92000 2 9 7 0 0.004 0.04 0.134 0.809 0.548 16.232 9 19.523 73.487 0 0.007
92000 3 9 7 0 0.004 0.04 0.134 0.809 0.548 17.717 2 25.047 93.233 0 0.213
92000 4 9 7 0 0.004 0.04 0.134 0.809 0.548 26.343 4 34.032 86.48 0 0.047
92000 5 9 7 0 0.004 0.04 0.134 0.809 0.548 21.466 0 28.169 92.64 0 0.353
92000 1 9 7 0 0.007 0.429 0.085 0.898 0.811 17.228 4 22.028 76.64 0 0.033
92000 2 9 7 0 0.007 0.429 0.085 0.898 0.811 21.478 4 26.201 78.447 0 0.04
92000 3 9 7 0 0.007 0.429 0.085 0.898 0.811 16.945 1 24.008 69.307 0 0.173
92000 4 9 7 0 0.007 0.429 0.085 0.898 0.811 19.43 3 26.372 87.573 0 0.127
92000 5 9 7 0 0.007 0.429 0.085 0.898 0.811 9.491 13 13.937 64.813 0 0
92000 1 9 7 0 0.102 0.441 0.129 0.832 0.474 219.579 3 236.648 1286.953 0 0.273
92000 2 9 7 0 0.102 0.441 0.129 0.832 0.474 220.748 12 238.824 1326.207 0 0
92000 3 9 7 0 0.102 0.441 0.129 0.832 0.474 218.902 3 238.132 1371.48 0 0.18
92000 4 9 7 0 0.102 0.441 0.129 0.832 0.474 224.487 5 240.102 1412.907 0 0.193
92000 5 9 7 0 0.102 0.441 0.129 0.832 0.474 219.946 5 237.586 1179.66 0 0.127
92000 1 9 7 0 0.076 0.428 0.357 0.939 0.495 23.805 1 29.62 98.767 0 0.233
92000 2 9 7 0 0.076 0.428 0.357 0.939 0.495 24.898 1 32.771 93.76 0 0.073
92000 3 9 7 0 0.076 0.428 0.357 0.939 0.495 37.165 1 43.658 108.713 0 0.26
92000 4 9 7 0 0.076 0.428 0.357 0.939 0.495 21.576 2 26.982 103.893 0 0.087
92000 5 9 7 0 0.076 0.428 0.357 0.939 0.495 27.609 2 32.881 98.68 0 0.173
92000 1 9 7 0 0.024 0.346 0.128 0.789 0.157 223.492 7 239.275 1510.813 0 0.12
92000 2 9 7 0 0.024 0.346 0.128 0.789 0.157 221.801 1 239.893 1458.16 0 0.287
92000 3 9 7 0 0.024 0.346 0.128 0.789 0.157 215.322 4 238.047 1595.547 0 0.293
92000 4 9 7 0 0.024 0.346 0.128 0.789 0.157 216.976 6 239.791 1654.14 0 0.193
92000 5 9 7 0 0.024 0.346 0.128 0.789 0.157 221.923 3 241.387 1442.247 0 0.26
92000 1 9 7 0 0.07 0.091 0.12 0.821 0.809 22.261 1 27.401 63.273 0 0.173
92000 2 9 7 0 0.07 0.091 0.12 0.821 0.809 9.023 4 14.308 54.367 0 0.087
92000 3 9 7 0 0.07 0.091 0.12 0.821 0.809 22.457 1 25.675 78.867 0 0.113
92000 4 9 7 0 0.07 0.091 0.12 0.821 0.809 0 0 0 0 1 1
92000 5 9 7 0 0.07 0.091 0.12 0.821 0.809 0 0 0 0 1 1
92000 1 9 7 0 0.059 0.346 0.088 0.934 0.377 217.917 2 237.856 1533.06 0 0.287
92000 2 9 7 0 0.059 0.346 0.088 0.934 0.377 226.246 5 240.92 1609.9 0 0.24
92000 3 9 7 0 0.059 0.346 0.088 0.934 0.377 223.857 5 240.88 1702.773 0 0.22
92000 4 9 7 0 0.059 0.346 0.088 0.934 0.377 221.83 2 239.16 1474.14 0 0.307
92000 1 10 9 1 0.063 0.2 0.244 0.997 0.397 51.241 5 58.302 276.733 0 0.013
92000 2 10 9 1 0.063 0.2 0.244 0.997 0.397 48.863 22 54.948 238.767 0 0
92000 3 10 9 1 0.063 0.2 0.244 0.997 0.397 39.795 2 47.323 192.64 0 0.113
92000 4 10 9 1 0.063 0.2 0.244 0.997 0.397 59.807 70 67.078 289.733 0 0
92000 5 10 9 1 0.063 0.2 0.244 0.997 0.397 43.589 58 51.17 219.64 0 0
92000 1 10 9 1 0.102 0.28 0.42 0.761 0.441 33.319 2 37.568 112.527 0 0.053
92000 2 10 9 1 0.102 0.28 0.42 0.761 0.441 28.845 4 34.667 114.233 0 0.087
92000 3 10 9 1 0.102 0.28 0.42 0.761 0.441 28.524 5 36.856 124.653 0 0.067
92000 4 10 9 1 0.102 0.28 0.42 0.761 0.441 33.634 8 42.997 122.393 0 0.093
92000 5 10 9 1 0.102 0.28 0.42 0.761 0.441 25.857 4 34.531 102.46 0 0.133
92000 1 10 9 1 0.022 0.325 0.401 0.835 0.984 127.754 2 135.415 91.06 0 0.547
92000 2 10 9 1 0.022 0.325 0.401 0.835 0.984 106.706 0 119.194 95.753 0 0.6
92000 3 10 9 1 0.022 0.325 0.401 0.835 0.984 135.533 2 143.402 109.467 0 0.373
92000 4 10 9 1 0.022 0.325 0.401 0.835 0.984 108.776 1 115.919 69.227 0 0.673
92000 5 10 9 1 0.022 0.325 0.401 0.835 0.984 99.031 0 104.377 78.047 0 0.587
92000 1 10 9 1 0.11 0.419 0.246 0.826 0.608 35.123 5 41.773 126.753 0 0.02
92000 2 10 9 1 0.11 0.419 0.246 0.826 0.608 30.452 6 35.326 114.487 0 0.013
92000 3 10 9 1 0.11 0.419 0.246 0.826 0.608 36.163 37 41.859 142.44 0 0
92000 4 10 9 1 0.11 0.419 0.246 0.826 0.608 27.682 5 35.903 130.847 0 0.027
92000 5 10 9 1 0.11 0.419 0.246 0.826 0.608 36.492 12 40.823 116.373 0 0
92000 1 10 9 1 0.068 0.022 0.189 0.852 0.28 82.127 2 96.504 96.393 0 0.513
92000 2 10 9 1 0.068 0.022 0.189 0.852 0.28 75.688 0 84.474 63.68 0 0.413
92000 3 10 9 1 0.068 0.022 0.189 0.852 0.28 117.208 1 123.363 78.92 0 0.547
92000 4 10 9 1 0.068 0.022 0.189 0.852 0.28 27.767 2 34.016 77.4 0 0.267
92000 5 10 9 1 0.068 0.022 0.189 0.852 0.28 87.037 0 94.971 63.833 0 0.58
92000 1 10 9 1 0.045 0.107 0.006 0.974 0.209 250 16703 250 17953.013 0 0
92000 2 10 9 1 0.045 0.107 0.006 0.974 0.209 249.61 13671 249.997 15195.18 0 0
92000 3 10 9 1 0.045 0.107 0.006 0.974 0.209 250 15359 250 17176.007 0 0
92000 4 10 9 1 0.045 0.107 0.006 0.974 0.209 250 15749 250 17015.927 0 0
92000 5 10 9 1 0.045 0.107 0.006 0.974 0.209 250 15140 250 15838.947 0 0
92000 1 10 9 1 0.061 0.207 0.348 0.75 0.735 85.1 1 92.394 58.613 0 0.48
92000 2 10 9 1 0.061 0.207 0.348 0.75 0.735 59.972 0 70.784 69.967 0 0.413
92000 3 10 9 1 0.061 0.207 0.348 0.75 0.735 123.514 0 131.758 90.64 0 0.473
92000 4 10 9 1 0.061 0.207 0.348 0.75 0.735 54.824 1 59.209 46.307 0 0.467
92000 5 10 9 1 0.061 0.207 0.348 0.75 0.735 51.264 4 57.422 51.313 0 0.14
92000 1 10 9 1 0.079 0.179 0.326 0.924 0.212 186.85 0 200.207 632.247 0 0.093
92000 2 10 9 1 0.079 0.179 0.326 0.924 0.212 145.492 4 161.658 626.307 0 0.033
92000 3 10 9 1 0.079 0.179 0.326 0.924 0.212 203.001 77 216.093 817.587 0 0
92000 4 10 9 1 0.079 0.179 0.326 0.924 0.212 184.763 137 199.581 807.027 0 0
92000 5 10 9 1 0.079 0.179 0.326 0.924 0.212 192.857 56 204.685 816.473 0 0
92000 1 10 9 1 0.006 0.434 0.306 0.916 0.718 72.691 2 79.309 87.16 0 0.247
92000 2 10 9 1 0.006 0.434 0.306 0.916 0.718 144.756 2 154.577 102.36 0 0.407
92000 3 10 9 1 0.006 0.434 0.306 0.916 0.718 69.131 1 76.455 53.313 0 0.52
92000 4 10 9 1 0.006 0.434 0.306 0.916 0.718 17.92 1 24.356 47.967 0 0.233
92000 5 10 9 1 0.006 0.434 0.306 0.916 0.718 97.052 0 103.532 64.287 0 0.66
92000 1 10 9 1 0.073 0.111 0.087 0.947 0.258 242.111 1559 247.685 2469.047 0 0
92000 2 10 9 1 0.073 0.111 0.087 0.947 0.258 243.065 1960 248.695 2850.1 0 0
92000 3 10 9 1 0.073 0.111 0.087 0.947 0.258 245.252 2281 249.076 3357.767 0 0
92000 4 10 9 1 0.073 0.111 0.087 0.947 0.258 242.788 1826 247.985 2910 0 0
92000 5 10 9 1 0.073 0.111 0.087 0.947 0.258 242.569 2232 248.796 3224.887 0 0
92000 1 10 9 1 0.116 0.394 0.176 0.786 0.385 242.713 1661 247.959 2601.32 0 0
92000 2 10 9 1 0.116 0.394 0.176 0.786 0.385 241.964 1864 248.217 3004.22 0 0
92000 3 10 9 1 0.116 0.394 0.176 0.786 0.385 244.968 1822 248.378 2704.06 0 0
92000 4 10 9 1 0.116 0.394 0.176 0.786 0.385 240.821 1608 248.4 2896.92 0 0
92000 5 10 9 1 0.116 0.394 0.176 0.786 0.385 244.428 2264 248.493 3192.18 0 0
92000 1 10 9 1 0.045 0.18 0.35 0.992 0.936 17.59 1 26.255 73.287 0 0.127
92000 2 10 9 1 0.045 0.18 0.35 0.992 0.936 79.072 0 85.597 51.14 0 0.427
92000 3 10 9 1 0.045 0.18 0.35 0.992 0.936 42.202 1 46.376 51.647 0 0.5
92000 4 10 9 1 0.045 0.18 0.35 0.992 0.936 142.269 1 151.133 103.3 0 0.427
92000 5 10 9 1 0.045 0.18 0.35 0.992 0.936 28.195 1 34.357 54.773 0 0.32
92000 1 10 9 1 0.062 0.351 0.372 0.845 0.896 111.067 1 122.315 82.973 0 0.527
92000 2 10 9 1 0.062 0.351 0.372 0.845 0.896 123.525 1 131.323 91.433 0 0.553
92000 3 10 9 1 0.062 0.351 0.372 0.845 0.896 25.392 0 28.27 32.933 0 0.347
92000 4 10 9 1 0.062 0.351 0.372 0.845 0.896 127.302 0 136.9 86.947 0 0.513
92000 5 10 9 1 0.062 0.351 0.372 0.845 0.896 74.308 0 78.891 57.927 0 0.44
92000 1 10 9 1 0.066 0.477 0.12 0.942 0.917 119.91 0 127.473 87.02 0 0.527
92000 2 10 9 1 0.066 0.477 0.12 0.942 0.917 113.495 1 119.306 78.593 0 0.5
92000 3 10 9 1 0.066 0.477 0.12 0.942 0.917 122.448 0 130.944 82.473 0 0.6
92000 4 10 9 1 0.066 0.477 0.12 0.942 0.917 100.967 0 111.064 67.987 0 0.64
92000 5 10 9 1 0.066 0.477 0.12 0.942 0.917 88.344 1 96.48 73.24 0 0.4
92000 1 10 9 1 0.019 0.083 0.059 0.994 0.524 38.677 8 43.752 195.167 0 0.007
92000 2 10 9 1 0.019 0.083 0.059 0.994 0.524 42.752 2 48.158 201.373 0 0.04
92000 3 10 9 1 0.019 0.083 0.059 0.994 0.524 44.474 35 50.608 212.653 0 0
92000 4 10 9 1 0.019 0.083 0.059 0.994 0.524 40.552 42 49.291 238.393 0 0
92000 5 10 9 1 0.019 0.083 0.059 0.994 0.524 39.126 26 45.735 216.44 0 0
92000 1 10 9 1 0.068 0.273 0.043 0.789 0.5 243.1 2250 248.538 3166.753 0 0
92000 2 10 9 1 0.068 0.273 0.043 0.789 0.5 242.202 1496 247.693 2494.813 0 0
92000 3 10 9 1 0.068 0.273 0.043 0.789 0.5 242.607 2224 248.773 3259.833 0 0
92000 4 10 9 1 0.068 0.273 0.043 0.789 0.5 242.869 1961 248.526 3101.1 0 0
92000 5 10 9 1 0.068 0.273 0.043 0.789 0.5 241.718 1820 248.015 3004.013 0 0
92000 1 10 9 1 0.042 0.411 0.127 0.761 0.941 122.324 1 136.418 85.56 0 0.6
92000 2 10 9 1 0.042 0.411 0.127 0.761 0.941 126.033 1 134.974 87.24 0 0.653
92000 3 10 9 1 0.042 0.411 0.127 0.761 0.941 17.923 2 25.214 34.027 0 0.247
92000 4 10 9 1 0.042 0.411 0.127 0.761 0.941 106.559 0 114.281 92.373 0 0.533
92000 5 10 9 1 0.042 0.411 0.127 0.761 0.941 15.381 0 19.491 44.867 0 0.14
92000 1 10 9 1 0.037 0.369 0.024 0.769 0.525 242.397 1729 248.139 3050.493 0 0
92000 2 10 9 1 0.037 0.369 0.024 0.769 0.525 244.207 2112 248.978 3091.887 0 0
92000 3 10 9 1 0.037 0.369 0.024 0.769 0.525 244.706 2457 249.02 3180.253 0 0
92000 4 10 9 1 0.037 0.369 0.024 0.769 0.525 244.058 2171 248.84 3174.753 0 0
92000 5 10 9 1 0.037 0.369 0.024 0.769 0.525 242.898 1767 248.94 3194.567 0 0
92000 1 10 9 1 0.018 0.215 0.024 0.904 0.402 245.615 2121 248.967 3301.373 0 0
92000 2 10 9 1 0.018 0.215 0.024 0.904 0.402 237.148 1859 248.077 3217.287 0 0
92000 3 10 9 1 0.018 0.215 0.024 0.904 0.402 244.304 2646 249.121 3352.38 0 0
92000 4 10 9 1 0.018 0.215 0.024 0.904 0.402 246.696 2423 249.327 3254.513 0 0
92000 5 10 9 1 0.018 0.215 0.024 0.904 0.402 238.369 1869 247.435 2966.26 0 0
92000 1 10 9 1 0.082 0.4 0.083 0.963 0.927 17.388 1 22.712 44.147 0 0.32
92000 2 10 9 1 0.082 0.4 0.083 0.963 0.927 31.63 2 39.774 53.28 0 0.313
92000 1 10 7 1 0.018 0.223 0.274 0.867 0.996 17.462 2 22.553 76.64 0 0.153
92000 2 10 7 1 0.018 0.223 0.274 0.867 0.996 0 0 0 0 1 1
92000 3 10 7 1 0.018 0.223 0.274 0.867 0.996 21.094 6 24.654 74.24 0 0.06
92000 4 10 7 1 0.018 0.223 0.274 0.867 0.996 11.332 5 14.961 66.967 0 0.127
92000 5 10 7 1 0.018 0.223 0.274 0.867 0.996 15.232 3 20.952 60.167 0 0.2
92000 1 10 7 1 0.098 0.162 0.439 0.878 0.787 10.421 3 17.64 61.22 0 0.04
92000 2 10 7 1 0.098 0.162 0.439 0.878 0.787 13.568 2 21.847 74.12 0 0.113
92000 3 10 7 1 0.098 0.162 0.439 0.878 0.787 12.092 5 17.388 55.727 0 0.173
92000 4 10 7 1 0.098 0.162 0.439 0.878 0.787 13.918 1 18.331 59.487 0 0.113
92000 5 10 7 1 0.098 0.162 0.439 0.878 0.787 11.736 5 15.803 68.667 0 0.02
92000 1 10 7 1 0.093 0.227 0.422 0.861 0.313 48.521 68 52.045 232.527 0 0
92000 2 10 7 1 0.093 0.227 0.422 0.861 0.313 38.025 53 43.522 202.94 0 0
92000 3 10 7 1 0.093 0.227 0.422 0.861 0.313 39.404 44 44.784 189.34 0 0
92000 4 10 7 1 0.093 0.227 0.422 0.861 0.313 46.437 70 52.942 219.62 0 0
92000 5 10 7 1 0.093 0.227 0.422 0.861 0.313 39.372 49 45.519 211.56 0 0
92000 1 10 7 1 0.116 0.167 0.145 0.785 0.249 243.018 1676 248.6 2727.26 0 0
92000 2 10 7 1 0.116 0.167 0.145 0.785 0.249 241.767 1487 247.462 2676.787 0 0
92000 3 10 7 1 0.116 0.167 0.145 0.785 0.249 245.5 2060 249.068 2968.927 0 0
92000 4 10 7 1 0.116 0.167 0.145 0.785 0.249 238.312 1962 246.549 2827.12 0 0
92000 5 10 7 1 0.116 0.167 0.145 0.785 0.249 243.876 1598 248.389 2727.193 0 0
92000 1 10 7 1 0.027 0.438 0.105 0.89 0.146 246.968 2726 249.443 3671.873 0 0
92000 2 10 7 1 0.027 0.438 0.105 0.89 0.146 245.985 2792 249.355 3501.84 0 0
92000 3 10 7 1 0.027 0.438 0.105 0.89 0.146 247.567 2735 249.556 3592.82 0 0
92000 4 10 7 1 0.027 0.438 0.105 0.89 0.146 247.855 2936 249.438 3554.96 0 0
92000 5 10 7 1 0.027 0.438 0.105 0.89 0.146 246.376 2537 249.362 3664.373 0 0
92000 1 10 7 1 0.035 0.441 0.371 0.905 0.264 110.088 26 125.139 498.147 0 0
92000 2 10 7 1 0.035 0.441 0.371 0.905 0.264 107.357 136 113.132 536.66 0 0
92000 3 10 7 1 0.035 0.441 0.371 0.905 0.264 154.479 134 160.848 635.493 0 0
92000 4 10 7 1 0.035 0.441 0.371 0.905 0.264 130.274 177 137.299 604.773 0 0
92000 5 10 7 1 0.035 0.441 0.371 0.905 0.264 126.362 151 138.054 587.4 0 0
92000 1 10 7 1 0.003 0.12 0.305 0.992 0.218 39.721 23 46.063 200.487 0 0
92000 2 10 7 1 0.003 0.12 0.305 0.992 0.218 53.912 64 60.699 259.98 0 0
92000 3 10 7 1 0.003 0.12 0.305 0.992 0.218 46.455 71 53.034 253.84 0 0
92000 4 10 7 1 0.003 0.12 0.305 0.992 0.218 42.621 56 54.221 256.813 0 0
92000 5 10 7 1 0.003 0.12 0.305 0.992 0.218 46.019 39 52.471 241.793 0 0
92000 1 10 7 1 0.108 0.004 0.222 0.791 0.511 0 0 0 0 1 1
92000 2 10 7 1 0.108 0.004 0.222 0.791 0.511 12.199 1 16.611 65.4 0 0.06
92000 3 10 7 1 0.108 0.004 0.222 0.791 0.511 14.921 3 19.03 51.467 0 0.093
92000 4 10 7 1 0.108 0.004 0.222 0.791 0.511 17.612 1 21.287 67.067 0 0.107
92000 5 10 7 1 0.108 0.004 0.222 0.791 0.511 20.63 2 25.162 73.027 0 0.22
92000 1 10 7 1 0.058 0.023 0.154 0.908 0.91 14.023 3 23.277 68.8 0 0.127
92000 2 10 7 1 0.058 0.023 0.154 0.908 0.91 10.114 4 14.011 55.58 0 0.107
92000 3 10 7 1 0.058 0.023 0.154 0.908 0.91 2.798 2 7.93 41.007 0.287 0.36
92000 4 10 7 1 0.058 0.023 0.154 0.908 0.91 8.133 3 11.349 50.753 0 0.113
92000 5 10 7 1 0.058 0.023 0.154 0.908 0.91 17.241 2 23.531 65.44 0 0.147
92000 1 10 7 1 0.016 0.082 0.432 0.756 0.406 22.853 1 27.649 80.273 0 0.107
92000 2 10 7 1 0.016 0.082 0.432 0.756 0.406 21.716 4 26.619 91.52 0 0.133
92000 3 10 7 1 0.016 0.082 0.432 0.756 0.406 26.516 3 30.439 83.293 0 0.12
92000 4 10 7 1 0.016 0.082 0.432 0.756 0.406 23.908 3 30.307 90.893 0 0.173
92000 5 10 7 1 0.016 0.082 0.432 0.756 0.406 27.407 1 35.319 81.333 0 0.3
92000 1 10 7 1 0.003 0.035 0.338 0.849 0.627 22.395 1 26.529 83.787 0 0.133
92000 2 10 7 1 0.003 0.035 0.338 0.849 0.627 18.051 0 24.464 72.133 0 0.273
92000 3 10 7 1 0.003 0.035 0.338 0.849 0.627 19.284 3 22.719 73.267 0 0.273
92000 4 10 7 1 0.003 0.035 0.338 0.849 0.627 17.299 4 22.412 79.573 0 0.047
92000 5 10 7 1 0.003 0.035 0.338 0.849 0.627 19.336 2 26.578 69.4 0 0.147
92000 1 10 7 1 0.01 0.057 0.024 0.976 0.705 36.735 5 41.896 143.307 0 0.107
92000 2 10 7 1 0.01 0.057 0.024 0.976 0.705 30.026 7 40.159 132.093 0 0.013
92000 3 10 7 1 0.01 0.057 0.024 0.976 0.705 41.302 24 44.873 136.1 0 0
92000 4 10 7 1 0.01 0.057 0.024 0.976 0.705 22.759 2 33.326 107.527 0 0.113
92000 5 10 7 1 0.01 0.057 0.024 0.976 0.705 29.185 1 37.206 125.347 0 0.14
92000 1 10 7 1 0.018 0.075 0.231 0.752 0.335 37.717 33 44.209 153.667 0 0
92000 2 10 7 1 0.018 0.075 0.231 0.752 0.335 41.601 42 46.177 161.127 0 0
92000 3 10 7 1 0.018 0.075 0.231 0.752 0.335 40.096 8 44.544 154.787 0 0.013
92000 4 10 7 1 0.018 0.075 0.231 0.752 0.335 36.977 6 41.862 144.007 0 0.073
92000 5 10 7 1 0.018 0.075 0.231 0.752 0.335 33.159 5 37.695 117.22 0 0.073
92000 1 10 7 1 0.023 0.413 0.227 0.758 0.956 17.249 2 23.836 71.413 0 0.287
92000 2 10 7 1 0.023 0.413 0.227 0.758 0.956 25.147 2 31.765 65.1 0 0.207
92000 3 10 7 1 0.023 0.413 0.227 0.758 0.956 25.95 1 30.367 75.24 0 0.207
92000 4 10 7 1 0.023 0.413 0.227 0.758 0.956 14.716 2 18.091 67.927 0 0.187
92000 5 10 7 1 0.023 0.413 0.227 0.758 0.956 11.166 1 16.857 55.447 0 0.267
92000 1 10 7 1 0.012 0.012 0.332 0.762 0.349 19.153 1 24.767 70.68 0 0.113
92000 2 10 7 1 0.012 0.012 0.332 0.762 0.349 21.978 3 26.34 67.113 0 0.153
92000 3 10 7 1 0.012 0.012 0.332 0.762 0.349 14.776 6 20.824 86.667 0 0.047
92000 4 10 7 1 0.012 0.012 0.332 0.762 0.349 13.867 4 18.285 60.567 0 0.107
92000 5 10 7 1 0.012 0.012 0.332 0.762 0.349 0 0 0 0 1 1
92000 1 10 7 1 0.081 0.223 0.304 0.916 0.68 13.652 7 20.625 82.047 0 0.053
92000 2 10 7 1 0.081 0.223 0.304 0.916 0.68 15.724 0 19.508 65.213 0 0.16
92000 3 10 7 1 0.081 0.223 0.304 0.916 0.68 15.676 3 21.411 70.513 0 0.147
92000 4 10 7 1 0.081 0.223 0.304 0.916 0.68 21.271 2 25.927 66.107 0 0.147
92000 5 10 7 1 0.081 0.223 0.304 0.916 0.68 19.402 3 25.409 80.853 0 0.173
92000 1 10 7 1 0.005 0.031 0.229 0.771 0.421 27.219 1 34.302 99.653 0 0.087
92000 2 10 7 1 0.005 0.031 0.229 0.771 0.421 31.306 1 36.614 84.94 0 0.16
92000 3 10 7 1 0.005 0.031 0.229 0.771 0.421 22.586 5 27.627 92.793 0 0.007
92000 4 10 7 1 0.005 0.031 0.229 0.771 0.421 26.451 3 36.166 109.627 0 0.133
92000 5 10 7 1 0.005 0.031 0.229 0.771 0.421 25.374 2 31.686 87.887 0 0.16
92000 1 10 7 1 0.031 0.336 0.03 0.8 0.624 134.682 103 141.512 541.693 0 0
92000 2 10 7 1 0.031 0.336 0.03 0.8 0.624 112.405 121 117.954 511.527 0 0
92000 3 10 7 1 0.031 0.336 0.03 0.8 0.624 117.298 196 131.07 548.12 0 0
92000 4 10 7 1 0.031 0.336 0.03 0.8 0.624 122.025 191 128.254 538.693 0 0
92000 5 10 7 1 0.031 0.336 0.03 0.8 0.624 123.519 143 129.958 537.367 0 0
92000 1 10 7 1 0.005 0.435 0.366 0.929 0.356 38.528 2 45.202 145.64 0 0.173
92000 2 10 7 1 0.005 0.435 0.366 0.929 0.356 38.564 8 45.971 159.473 0 0.007
92000 3 10 7 1 0.005 0.435 0.366 0.929 0.356 33.302 2 39.31 145.893 0 0.027
92000 4 10 7 1 0.005 0.435 0.366 0.929 0.356 31.296 3 37.826 150.147 0 0.107
92000 5 10 7 1 0.005 0.435 0.366 0.929 0.356 44.467 1 48.997 152.247 0 0.033
92000 1 10 7 1 0.028 0.486 0.33 0.953 0.325 62.69 14 72.674 356.447 0 0
92000 2 10 7 1 0.028 0.486 0.33 0.953 0.325 61.358 102 66.815 338.627 0 0
92000 3 10 7 1 0.028 0.486 0.33 0.953 0.325 54.868 37 60.715 318.42 0 0
92000 4 10 7 1 0.028 0.486 0.33 0.953 0.325 71.669 53 76.32 336.667 0 0
92000 5 10 7 1 0.028 0.486 0.33 0.953 0.325 58.8 128 68.025 353.84 0 0
92000 1 10 7 1 0.026 0.235 0.391 0.849 0.577 21.462 5 26.233 79.94 0 0.1
92000 2 10 7 1 0.026 0.235 0.391 0.849 0.577 29.532 4 33.387 79.867 0 0.053
92000 3 10 7 1 0.026 0.235 0.391 0.849 0.577 18.802 2 25.993 80.46 0 0.18
92000 4 10 7 1 0.026 0.235 0.391 0.849 0.577 25.001 3 29.95 85.933 0 0.107
92000 5 10 7 1 0.026 0.235 0.391 0.849 0.577 12.304 2 18.672 74.593 0 0.1
92000 1 10 7 1 0.067 0.28 0.188 0.836 0.179 244.255 2381 248.79 3197.573 0 0
92000 2 10 7 1 0.067 0.28 0.188 0.836 0.179 244.348 2027 248.872 3093.24 0 0
92000 3 10 7 1 0.067 0.28 0.188 0.836 0.179 245.437 2207 249.152 3294.447 0 0
92000 4 10 7 1 0.067 0.28 0.188 0.836 0.179 247.014 2604 249.287 3299.833 0 0
92000 5 10 7 1 0.067 0.28 0.188 0.836 0.179 245.497 2477 249.228 3253.88 0 0
92000 1 10 7 1 0.026 0.341 0.135 0.79 0.912 21.407 3 25.151 71.367 0 0.14
92000 2 10 7 1 0.026 0.341 0.135 0.79 0.912 14.578 3 19.919 68.58 0 0.093
92000 3 10 7 1 0.026 0.341 0.135 0.79 0.912 11.148 1 15.281 61.427 0 0.16
92000 4 10 7 1 0.026 0.341 0.135 0.79 0.912 7.94 1 13.148 57.233 0 0.18
92000 5 10 7 1 0.026 0.341 0.135 0.79 0.912 16.439 2 20.281 53.613 0 0.187
92000 1 10 7 1 0.078 0.146 0.238 0.845 0.48 32.495 37 40.403 149.007 0 0
92000 2 10 7 1 0.078 0.146 0.238 0.845 0.48 35.545 4 42.933 126.947 0 0.107
92000 3 10 7 1 0.078 0.146 0.238 0.845 0.48 38.552 4 44.525 152.287 0 0.047
92000 4 10 7 1 0.078 0.146 0.238 0.845 0.48 39.059 1 44.433 134.607 0 0.087
92000 5 10 7 1 0.078 0.146 0.238 0.845 0.48 42.636 0 46.388 159.44 0 0.087
92000 1 10 7 1 0.078 0.414 0.05 0.847 0.758 32.711 25 40.861 145.36 0 0
92000 2 10 7 1 0.078 0.414 0.05 0.847 0.758 37.672 34 44.784 158.873 0 0
92000 3 10 7 1 0.078 0.414 0.05 0.847 0.758 28.331 27 36.792 146.913 0 0
92000 1 9 8 0 0.055 0.436 0.086 0.844 0.667 37.728 7 43.888 136.733 0 0.027
92000 2 9 8 0 0.055 0.436 0.086 0.844 0.667 45.276 4 52.785 138.893 0 0.047
92000 3 9 8 0 0.055 0.436 0.086 0.844 0.667 31.698 3 37.711 118.22 0 0.193
92000 4 9 8 0 0.055 0.436 0.086 0.844 0.667 37.698 5 43.059 132.72 0 0.087
92000 5 9 8 0 0.055 0.436 0.086 0.844 0.667 37.236 4 42.904 131.607 0 0.127
92000 1 9 8 0 0.061 0.299 0.327 0.953 0.026 235.37 260 245.707 2961.18 0 0
92000 2 9 8 0 0.061 0.299 0.327 0.953 0.026 228.965 6 244.211 2520.707 0 0.073
92000 3 9 8 0 0.061 0.299 0.327 0.953 0.026 232.572 6 245.065 2889.98 0 0.007
92000 4 9 8 0 0.061 0.299 0.327 0.953 0.026 227.432 5 244.157 2744.26 0 0.073
92000 5 9 8 0 0.061 0.299 0.327 0.953 0.026 237.067 82 246.378 2758.593 0 0
92000 1 9 8 0 0.013 0.12 0.451 0.871 0.974 22.623 2 27.82 45.927 0 0.313
92000 2 9 8 0 0.013 0.12 0.451 0.871 0.974 10.765 2 14.509 56.58 0 0.193
92000 3 9 8 0 0.013 0.12 0.451 0.871 0.974 13.286 5 18.801 56.14 0 0.093
92000 4 9 8 0 0.013 0.12 0.451 0.871 0.974 2.26 3 5.491 46.36 0.4 0.107
92000 5 9 8 0 0.013 0.12 0.451 0.871 0.974 7.696 5 12.809 67.807 0 0.067
92000 1 9 8 0 0.064 0.124 0.182 0.776 0.703 23.451 3 28.636 58.033 0 0.32
92000 2 9 8 0 0.064 0.124 0.182 0.776 0.703 16.498 1 21.843 40.747 0 0.327
92000 3 9 8 0 0.064 0.124 0.182 0.776 0.703 23.773 3 29.302 75.613 0 0.127
92000 4 9 8 0 0.064 0.124 0.182 0.776 0.703 20.452 1 23.561 75.02 0 0.14
92000 5 9 8 0 0.064 0.124 0.182 0.776 0.703 7.97 2 12.675 44.393 0 0.2
92000 1 9 8 0 0.073 0.483 0.23 0.79 0.364 215.832 6 233.528 795.807 0 0.267
92000 2 9 8 0 0.073 0.483 0.23 0.79 0.364 223.633 4 236.942 881.067 0 0.213
92000 3 9 8 0 0.073 0.483 0.23 0.79 0.364 213.688 6 229.894 797.827 0 0.173
92000 4 9 8 0 0.073 0.483 0.23 0.79 0.364 220.45 0 235.256 745.173 0 0.4
92000 5 9 8 0 0.073 0.483 0.23 0.79 0.364 214.697 5 232.871 953.56 0 0.26
92000 1 9 8 0 0.065 0.101 0.41 0.968 0.779 0 0 0 0 1 1
92000 2 9 8 0 0.065 0.101 0.41 0.968 0.779 8.506 4 11.209 48 0 0.133
92000 3 9 8 0 0.065 0.101 0.41 0.968 0.779 14.997 1 20.537 60.733 0 0.273
92000 4 9 8 0 0.065 0.101 0.41 0.968 0.779 13.872 4 18.213 59.387 0 0.127
92000 5 9 8 0 0.065 0.101 0.41 0.968 0.779 18.163 2 23.418 57.653 0 0.273
92000 1 9 8 0 0.051 0.258 0.366 0.957 0.04 218.631 6 239.019 1567.773 0 0.193
92000 2 9 8 0 0.051 0.258 0.366 0.957 0.04 220.507 4 239.436 1564.24 0 0.247
92000 3 9 8 0 0.051 0.258 0.366 0.957 0.04 217.719 4 238.32 1683.5 0 0.113
92000 4 9 8 0 0.051 0.258 0.366 0.957 0.04 220.099 3 239.471 1581.56 0 0.287
92000 5 9 8 0 0.051 0.258 0.366 0.957 0.04 222.165 4 240.599 1560.033 0 0.287
92000 1 9 8 0 0.002 0.321 0.247 0.843 0.517 87.085 1 99.093 134.973 0 0.327
92000 2 9 8 0 0.002 0.321 0.247 0.843 0.517 35.37 3 41.153 90.713 0 0.26
92000 3 9 8 0 0.002 0.321 0.247 0.843 0.517 33.544 3 43.609 121.093 0 0.127
92000 4 9 8 0 0.002 0.321 0.247 0.843 0.517 93.912 4 107.577 131.64 0 0.273
92000 5 9 8 0 0.002 0.321 0.247 0.843 0.517 107.791 3 120.512 150.767 0 0.253
92000 1 9 8 0 0.108 0.19 0.443 0.799 0.302 46.103 2 51.94 130.067 0 0.04
92000 2 9 8 0 0.108 0.19 0.443 0.799 0.302 33.753 2 43.318 124.1 0 0.233
92000 3 9 8 0 0.108 0.19 0.443 0.799 0.302 26.044 3 33.399 75.047 0 0.093
92000 4 9 8 0 0.108 0.19 0.443 0.799 0.302 27.858 7 35.507 120.727 0 0.04
92000 5 9 8 0 0.108 0.19 0.443 0.799 0.302 32.73 0 38.447 93.96 0 0.107
92000 1 9 8 0 0.105 0.121 0.491 0.937 0.553 20.558 3 24.242 60.78 0 0.153
92000 2 9 8 0 0.105 0.121 0.491 0.937 0.553 9.537 1 14.398 50.16 0 0.213
92000 3 9 8 0 0.105 0.121 0.491 0.937 0.553 13.534 1 18.154 75.54 0 0.247
92000 4 9 8 0 0.105 0.121 0.491 0.937 0.553 20.22 4 25.11 67.127 0 0.193
92000 5 9 8 0 0.105 0.121 0.491 0.937 0.553 8.12 3 11.384 52.467 0 0.153
92000 1 9 8 0 0.102 0.341 0.039 0.937 0.262 243.445 2150 248.892 5061.14 0 0
92000 2 9 8 0 0.102 0.341 0.039 0.937 0.262 243.148 1615 248.698 5140.807 0 0
92000 3 9 8 0 0.102 0.341 0.039 0.937 0.262 236.486 1053 248.223 4647.067 0 0
92000 4 9 8 0 0.102 0.341 0.039 0.937 0.262 240.576 1856 248.168 5131.56 0 0
92000 5 9 8 0 0.102 0.341 0.039 0.937 0.262 241.637 2312 248.034 4182.56 0 0
92000 1 9 8 0 0.108 0.266 0.211 0.901 0.977 6.701 2 10.451 41.68 0 0.18
92000 2 9 8 0 0.108 0.266 0.211 0.901 0.977 21.407 2 27.443 64.267 0 0.307
92000 3 9 8 0 0.108 0.266 0.211 0.901 0.977 14.021 5 18.808 63.94 0 0.113
92000 4 9 8 0 0.108 0.266 0.211 0.901 0.977 10.797 2 14.694 55.433 0 0.093
92000 5 9 8 0 0.108 0.266 0.211 0.901 0.977 5.91 0 11.477 55.273 0 0.3
92000 1 9 8 0 0.097 0.062 0.231 0.784 0.968 0 0 0 0 1 1
92000 2 9 8 0 0.097 0.062 0.231 0.784 0.968 25.717 1 29.935 56.233 0 0.287
92000 3 9 8 0 0.097 0.062 0.231 0.784 0.968 11.658 3 14.475 58.12 0 0.113
92000 4 9 8 0 0.097 0.062 0.231 0.784 0.968 5.439 1 12.308 42.673 0 0.247
92000 5 9 8 0 0.097 0.062 0.231 0.784 0.968 12.619 0 15.569 48.587 0 0.18
92000 1 9 8 0 0.083 0.216 0.493 0.906 0.307 28.919 1 38.119 99.787 0 0.227
92000 2 9 8 0 0.083 0.216 0.493 0.906 0.307 17.399 2 27.054 92.407 0 0.113
92000 3 9 8 0 0.083 0.216 0.493 0.906 0.307 40.636 8 50.691 128.747 0 0.033
92000 4 9 8 0 0.083 0.216 0.493 0.906 0.307 35.202 2 41.558 101.633 0 0.233
92000 5 9 8 0 0.083 0.216 0.493 0.906 0.307 31.971 1 40.696 92.28 0 0.16
92000 1 9 8 0 0.01 0.392 0.212 0.936 0.27 218.997 2 233.283 675.92 0 0.393
92000 2 9 8 0 0.01 0.392 0.212 0.936 0.27 208.97 3 229.156 738.34 0 0.367
92000 3 9 8 0 0.01 0.392 0.212 0.936 0.27 217.907 1 232.889 778.56 0 0.387
92000 4 9 8 0 0.01 0.392 0.212 0.936 0.27 210.938 6 229.39 679.047 0 0.373
92000 5 9 8 0 0.01 0.392 0.212 0.936 0.27 209.765 3 229.701 671.56 0 0.32
92000 1 9 8 0 0.096 0.257 0.134 0.907 0.177 229.372 10 244.35 2983.14 0 0
92000 2 9 8 0 0.096 0.257 0.134 0.907 0.177 229.996 9 244.358 2872 0 0.013
92000 3 9 8 0 0.096 0.257 0.134 0.907 0.177 228.848 7 245.107 2551.627 0 0.04
92000 4 9 8 0 0.096 0.257 0.134 0.907 0.177 229.736 11 244.841 3126.233 0 0
92000 5 9 8 0 0.096 0.257 0.134 0.907 0.177 235.795 967 246.072 2972.873 0 0
92000 1 9 8 0 0.05 0.03 0.094 0.955 0.526 13.432 2 27.055 84.553 0 0.407
92000 2 9 8 0 0.05 0.03 0.094 0.955 0.526 16.266 2 23.567 77.327 0 0.187
92000 3 9 8 0 0.05 0.03 0.094 0.955 0.526 18.296 2 21.55 51.88 0 0.247
92000 4 9 8 0 0.05 0.03 0.094 0.955 0.526 69.342 0 80.7 62.627 0 0.32
92000 5 9 8 0 0.05 0.03 0.094 0.955 0.526 34.161 2 38.967 74.367 0 0.093
92000 1 9 8 0 0.077 0.095 0.452 0.986 0.19 34.185 3 40.912 136.22 0 0.113
92000 2 9 8 0 0.077 0.095 0.452 0.986 0.19 24.514 1 30.815 91.88 0 0.207
92000 3 9 8 0 0.077 0.095 0.452 0.986 0.19 29.177 6 38.163 123.7 0 0.08
92000 4 9 8 0 0.077 0.095 0.452 0.986 0.19 29.33 2 35.249 110.973 0 0.167
92000 5 9 8 0 0.077 0.095 0.452 0.986 0.19 23.693 2 30.555 100.173 0 0.1
92000 1 9 8 0 0.059 0.243 0.35 0.876 0.454 40.449 3 44.329 110.893 0 0.067
92000 2 9 8 0 0.059 0.243 0.35 0.876 0.454 41.738 1 52.158 104.433 0 0.367
92000 3 9 8 0 0.059 0.243 0.35 0.876 0.454 72.955 1 83.238 98.527 0 0.427
92000 4 9 8 0 0.059 0.243 0.35 0.876 0.454 34.877 5 40.579 113.48 0 0.027
92000 5 9 8 0 0.059 0.243 0.35 0.876 0.454 52.515 1 62.802 116.22 0 0.153
92000 1 9 8 0 0.022 0.302 0.478 0.819 0.842 9.998 2 13.236 56.2 0 0.173
92000 2 9 8 0 0.022 0.302 0.478 0.819 0.842 18.226 1 24.012 61.6 0 0.26
92000 3 9 8 0 0.022 0.302 0.478 0.819 0.842 26.134 1 31.959 57.107 0 0.233
92000 4 9 8 0 0.022 0.302 0.478 0.819 0.842 10.792 4 15.396 53.953 0 0.22
92000 5 9 8 0 0.022 0.302 0.478 0.819 0.842 7.705 1 11.437 49.867 0 0.18
92000 1 9 8 0 0.003 0.122 0.121 0.782 0.476 115.471 2 128.822 183.073 0 0.113
92000 2 9 8 0 0.003 0.122 0.121 0.782 0.476 41.088 2 48.399 119.407 0 0.167
92000 3 9 8 0 0.003 0.122 0.121 0.782 0.476 37.421 2 45.128 120.093 0 0.347
92000 4 9 8 0 0.003 0.122 0.121 0.782 0.476 117.566 1 127.297 168.34 0 0.347
92000 5 9 8 0 0.003 0.122 0.121 0.782 0.476 136.734 2 143.513 199.8 0 0.333
92000 1 9 8 0 0.053 0.11 0.046 0.798 0.174 237.008 528 247.262 3910.72 0 0
92000 2 9 8 0 0.053 0.11 0.046 0.798 0.174 235.747 391 246.813 3687.687 0 0
92000 3 9 8 0 0.053 0.11 0.046 0.798 0.174 241 2018 247.195 3637.06 0 0
92000 4 9 8 0 0.053 0.11 0.046 0.798 0.174 234.294 114 246.507 3872.067 0 0
92000 1 10 5 0 0.07 0.311 0.171 0.779 0.282 224.381 4 239.976 1539.4 0 0.18
92000 2 10 5 0 0.07 0.311 0.171 0.779 0.282 226.611 5 240.416 1674.433 0 0.187
92000 3 10 5 0 0.07 0.311 0.171 0.779 0.282 223.441 8 240.841 1522.387 0 0.113
92000 4 10 5 0 0.07 0.311 0.171 0.779 0.282 227.245 10 240.47 1698.553 0 0
92000 5 10 5 0 0.07 0.311 0.171 0.779 0.282 218.965 4 239.456 1600.773 0 0.24
92000 1 10 5 0 0.103 0.044 0.195 0.85 0.058 229.65 14 241.214 1824.72 0 0
92000 2 10 5 0 0.103 0.044 0.195 0.85 0.058 221.571 12 237.614 1338.26 0 0
92000 3 10 5 0 0.103 0.044 0.195 0.85 0.058 227.288 5 237.728 1339.793 0 0.027
92000 4 10 5 0 0.103 0.044 0.195 0.85 0.058 226.611 6 240.005 1364.04 0 0.093
92000 5 10 5 0 0.103 0.044 0.195 0.85 0.058 220.172 7 236.99 1254.14 0 0.12
92000 1 10 5 0 0.089 0.493 0.202 0.938 0.189 235.928 13 244.188 2219.42 0 0
92000 2 10 5 0 0.089 0.493 0.202 0.938 0.189 228.598 4 240.897 2109.507 0 0.073
92000 3 10 5 0 0.089 0.493 0.202 0.938 0.189 226.346 9 242.503 2396.267 0 0.02
92000 4 10 5 0 0.089 0.493 0.202 0.938 0.189 223.476 11 242.345 2023.773 0 0
92000 5 10 5 0 0.089 0.493 0.202 0.938 0.189 220.8 6 242.259 1988.513 0 0.067
92000 1 10 5 0 0.087 0.13 0.082 0.954 0.201 236.384 317 246.282 3151.733 0 0
92000 2 10 5 0 0.087 0.13 0.082 0.954 0.201 233.078 8 245.379 2878.107 0 0.007
92000 3 10 5 0 0.087 0.13 0.082 0.954 0.201 224.641 11 243.646 2907.38 0 0
92000 4 10 5 0 0.087 0.13 0.082 0.954 0.201 236.664 60 246.056 3216.213 0 0
92000 5 10 5 0 0.087 0.13 0.082 0.954 0.201 234.274 11 245.747 3001.487 0 0
92000 1 10 5 0 0.069 0.42 0.036 0.945 0.566 221.102 8 236.944 1118.847 0 0.047
92000 2 10 5 0 0.069 0.42 0.036 0.945 0.566 208.601 7 233.118 1043.62 0 0.107
92000 3 10 5 0 0.069 0.42 0.036 0.945 0.566 224.63 10 235.876 1124.147 0 0
92000 4 10 5 0 0.069 0.42 0.036 0.945 0.566 219.939 4 237.073 1222.207 0 0.167
92000 5 10 5 0 0.069 0.42 0.036 0.945 0.566 218.022 9 236.183 1025.387 0 0.02
92000 1 10 5 0 0.016 0.262 0.402 0.801 0.314 36.656 8 40.73 116.78 0 0.02
92000 2 10 5 0 0.016 0.262 0.402 0.801 0.314 35.888 5 41.331 118.947 0 0.04
92000 3 10 5 0 0.016 0.262 0.402 0.801 0.314 36.066 3 41.979 129.193 0 0.193
92000 4 10 5 0 0.016 0.262 0.402 0.801 0.314 32.012 2 38.231 108.08 0 0.267
92000 5 10 5 0 0.016 0.262 0.402 0.801 0.314 32.875 6 40.659 120.86 0 0.067
92000 1 10 5 0 0.103 0.451 0.38 0.846 0.908 19.017 2 24.432 74.973 0 0.127
92000 2 10 5 0 0.103 0.451 0.38 0.846 0.908 23.349 5 27.212 72.887 0 0.14
92000 3 10 5 0 0.103 0.451 0.38 0.846 0.908 18.624 2 28.426 64.367 0 0.167
92000 4 10 5 0 0.103 0.451 0.38 0.846 0.908 16.808 2 22.396 75.253 0 0.107
92000 5 10 5 0 0.103 0.451 0.38 0.846 0.908 19.859 2 23.416 78.153 0 0.087
92000 1 10 5 0 0.113 0.039 0.376 0.786 0.293 20.695 2 25.353 75.107 0 0.08
92000 2 10 5 0 0.113 0.039 0.376 0.786 0.293 15.54 2 21.322 68.933 0 0.153
92000 3 10 5 0 0.113 0.039 0.376 0.786 0.293 9.678 1 13.66 53.093 0 0.213
92000 4 10 5 0 0.113 0.039 0.376 0.786 0.293 26.161 2 31.064 68.513 0 0.213
92000 5 10 5 0 0.113 0.039 0.376 0.786 0.293 17.222 2 22.822 56.807 0 0.2
92000 1 10 5 0 0.055 0.216 0.247 0.812 0.816 24.355 1 27.937 71.773 0 0.087
92000 2 10 5 0 0.055 0.216 0.247 0.812 0.816 21.598 3 27.075 80.507 0 0.193
92000 3 10 5 0 0.055 0.216 0.247 0.812 0.816 24.919 5 29.471 83.24 0 0.107
92000 4 10 5 0 0.055 0.216 0.247 0.812 0.816 13.11 5 17.473 73.347 0 0.073
92000 5 10 5 0 0.055 0.216 0.247 0.812 0.816 21.065 2 25.781 79.627 0 0.193
92000 1 10 5 0 0.042 0.041 0.496 0.908 0.765 9.69 3 13.601 67.553 0 0.18
92000 2 10 5 0 0.042 0.041 0.496 0.908 0.765 6.984 2 12.131 39.833 0 0.373
92000 3 10 5 0 0.042 0.041 0.496 0.908 0.765 19.829 5 25.408 84.02 0 0.047
92000 4 10 5 0 0.042 0.041 0.496 0.908 0.765 15.877 2 20.004 65.22 0 0.267
92000 5 10 5 0 0.042 0.041 0.496 0.908 0.765 18.826 5 24.519 69.187 0 0.08
92000 1 10 5 0 0.037 0.247 0.429 0.907 0.532 24.022 2 27.897 75.5 0 0.18
92000 2 10 5 0 0.037 0.247 0.429 0.907 0.532 24.205 3 28.865 77.187 0 0.173
92000 3 10 5 0 0.037 0.247 0.429 0.907 0.532 20.041 0 25.747 75.647 0 0.107
92000 4 10 5 0 0.037 0.247 0.429 0.907 0.532 15.716 5 21.392 81.553 0 0.047
92000 5 10 5 0 0.037 0.247 0.429 0.907 0.532 20.212 5 23.942 68.707 0 0.073
92000 1 10 5 0 0.119 0.268 0.183 0.827 0.592 31.505 4 37.131 114.887 0 0.053
92000 2 10 5 0 0.119 0.268 0.183 0.827 0.592 27.568 1 37.897 106.433 0 0.22
92000 3 10 5 0 0.119 0.268 0.183 0.827 0.592 27.92 18 37.877 105.513 0 0
92000 4 10 5 0 0.119 0.268 0.183 0.827 0.592 33.073 2 38.292 124.187 0 0.227
92000 5 10 5 0 0.119 0.268 0.183 0.827 0.592 33.427 1 38.031 123.247 0 0.333
92000 1 10 5 0 0.016 0.016 0.078 1 0.645 9.176 5 13.898 62.787 0 0.02
92000 2 10 5 0 0.016 0.016 0.078 1 0.645 20.167 4 23.941 79.8 0 0.033
92000 3 10 5 0 0.016 0.016 0.078 1 0.645 21.015 0 26.675 65.7 0 0.247
92000 4 10 5 0 0.016 0.016 0.078 1 0.645 14.662 4 19.317 82.247 0 0.107
92000 5 10 5 0 0.016 0.016 0.078 1 0.645 11.298 5 15.484 72.4 0 0.1
92000 1 10 5 0 0.062 0.297 0.195 0.86 0.753 22.001 1 26.728 66.187 0 0.113
92000 2 10 5 0 0.062 0.297 0.195 0.86 0.753 17.364 7 22.863 78.94 0 0.033
92000 3 10 5 0 0.062 0.297 0.195 0.86 0.753 10.017 4 15.301 66.047 0 0.133
92000 4 10 5 0 0.062 0.297 0.195 0.86 0.753 16.478 5 21.996 67.48 0 0.093
92000 5 10 5 0 0.062 0.297 0.195 0.86 0.753 13.099 15 17.839 67.14 0 0
92000 1 10 5 0 0.056 0.459 0.454 0.913 0.396 30.254 0 39.586 109.713 0 0.233
92000 2 10 5 0 0.056 0.459 0.454 0.913 0.396 27.34 4 33.854 113.567 0 0.107
92000 3 10 5 0 0.056 0.459 0.454 0.913 0.396 31.507 6 38.737 109.473 0 0.093
92000 4 10 5 0 0.056 0.459 0.454 0.913 0.396 28.525 4 36.358 92.973 0 0.227
92000 5 10 5 0 0.056 0.459 0.454 0.913 0.396 25.536 2 33.845 92.293 0 0.1
92000 1 10 5 0 0.053 0.084 0.064 0.901 0.954 15.898 7 19.254 66.567 0 0.04
92000 2 10 5 0 0.053 0.084 0.064 0.901 0.954 20.538 3 26.107 82.16 0 0.087
92000 3 10 5 0 0.053 0.084 0.064 0.901 0.954 22.023 2 28.595 76.693 0 0.2
92000 4 10 5 0 0.053 0.084 0.064 0.901 0.954 23.474 1 29.002 60.18 0 0.073
92000 5 10 5 0 0.053 0.084 0.064 0.901 0.954 22.642 2 27.551 65.747 0 0.247
92000 1 10 5 0 0.084 0.101 0.341 0.919 0.835 22.289 1 26.673 71.513 0 0.12
92000 2 10 5 0 0.084 0.101 0.341 0.919 0.835 15.969 5 20.117 75.74 0 0.06
92000 3 10 5 0 0.084 0.101 0.341 0.919 0.835 22.754 3 26.205 65.353 0 0.16
92000 4 10 5 0 0.084 0.101 0.341 0.919 0.835 18.037 1 24.918 57.187 0 0.213
92000 5 10 5 0 0.084 0.101 0.341 0.919 0.835 15.22 4 19.697 81.113 0 0.047
92000 1 10 5 0 0.065 0.436 0.008 0.751 0.299 249.291 10277 249.993 13138.287 0 0
92000 2 10 5 0 0.065 0.436 0.008 0.751 0.299 248.521 11581 249.978 13998.807 0 0
92000 3 10 5 0 0.065 0.436 0.008 0.751 0.299 250 11198 250 13136.74 0 0
92000 4 10 5 0 0.065 0.436 0.008 0.751 0.299 249 12645 249.968 15011.067 0 0
92000 5 10 5 0 0.065 0.436 0.008 0.751 0.299 250 10812 250 13358.167 0 0
92000 1 10 5 0 0.102 0.375 0.242 0.932 0.807 12.663 2 18.612 76.907 0 0.153
92000 2 10 5 0 0.102 0.375 0.242 0.932 0.807 17.735 3 21.218 60.94 0 0.167
92000 3 10 5 0 0.102 0.375 0.242 0.932 0.807 22.815 4 26.391 69.447 0 0.16
92000 4 10 5 0 0.102 0.375 0.242 0.932 0.807 15.134 3 21.58 62.773 0 0.133
92000 5 10 5 0 0.102 0.375 0.242 0.932 0.807 12.389 1 15.673 65.053 0 0.16
92000 1 10 5 0 0.045 0.116 0.381 0.816 0.588 15.661 4 19.991 65.007 0 0.12
92000 2 10 5 0 0.045 0.116 0.381 0.816 0.588 17.321 4 21.799 67.06 0 0.127
92000 3 10 5 0 0.045 0.116 0.381 0.816 0.588 9.834 4 17.39 66.28 0 0.12
92000 4 10 5 0 0.045 0.116 0.381 0.816 0.588 17.874 1 23.812 74.173 0 0.2
92000 5 10 5 0 0.045 0.116 0.381 0.816 0.588 6.32 2 9.577 54.347 0 0.073
92000 1 9 5 0 0.017 0.421 0.201 0.767 0.302 222.202 5 237.117 817.787 0 0.233
92000 2 9 5 0 0.017 0.421 0.201 0.767 0.302 216.787 4 232.492 792.913 0 0.313
92000 3 9 5 0 0.017 0.421 0.201 0.767 0.302 206.743 4 230.302 728.347 0 0.253
92000 4 9 5 0 0.017 0.421 0.201 0.767 0.302 208.234 6 224.979 846.52 0 0.173
92000 5 9 5 0 0.017 0.421 0.201 0.767 0.302 215.248 5 232.521 779.433 0 0.34
92000 1 9 5 0 0.043 0.362 0.412 0.813 0.435 34.534 2 39.253 105.6 0 0.113
92000 2 9 5 0 0.043 0.362 0.412 0.813 0.435 26.586 6 34.182 99.66 0 0.08
92000 3 9 5 0 0.043 0.362 0.412 0.813 0.435 29.755 0 37.117 101.133 0 0.3
92000 4 9 5 0 0.043 0.362 0.412 0.813 0.435 30.581 2 35.401 92.58 0 0.3
92000 5 9 5 0 0.043 0.362 0.412 0.813 0.435 27.057 1 36.969 94.173 0 0.3
92000 1 9 5 0 0.049 0.085 0.261 0.957 0.755 0 0 0 0 1 1
92000 2 9 5 0 0.049 0.085 0.261 0.957 0.755 16.573 4 22.588 63.987 0 0.16
92000 3 9 5 0 0.049 0.085 0.261 0.957 0.755 18.709 4 23.987 77.393 0 0.14
92000 4 9 5 0 0.049 0.085 0.261 0.957 0.755 0 0 0 0 1 1
92000 5 9 5 0 0.049 0.085 0.261 0.957 0.755 18.257 4 23.19 67.447 0 0.06
92000 1 9 5 0 0.053 0.085 0.456 0.845 0.915 12.958 5 16.968 64.007 0 0.2
92000 2 9 5 0 0.053 0.085 0.456 0.845 0.915 9.436 8 15.074 71.753 0 0.04
92000 3 9 5 0 0.053 0.085 0.456 0.845 0.915 17.659 1 24.552 72.467 0 0.107
92000 4 9 5 0 0.053 0.085 0.456 0.845 0.915 20.105 4 24.698 78.413 0 0.167
92000 5 9 5 0 0.053 0.085 0.456 0.845 0.915 2.269 5 6.559 51.973 0.187 0.053
92000 1 9 5 0 0.108 0.353 0.428 0.867 0.431 33.086 1 38.811 108.307 0 0.073
92000 2 9 5 0 0.108 0.353 0.428 0.867 0.431 0 0 0 0 1 1
92000 3 9 5 0 0.108 0.353 0.428 0.867 0.431 21.992 2 29.769 102.42 0 0.293
92000 4 9 5 0 0.108 0.353 0.428 0.867 0.431 24.32 2 35.36 88.233 0 0.22
92000 5 9 5 0 0.108 0.353 0.428 0.867 0.431 23.408 2 32.599 101.867 0 0.267
92000 1 9 5 0 0.046 0.074 0.122 0.934 0.338 59.179 5 64.433 229.907 0 0.047
92000 2 9 5 0 0.046 0.074 0.122 0.934 0.338 57.138 3 69.842 194.44 0 0.08
92000 3 9 5 0 0.046 0.074 0.122 0.934 0.338 65.567 7 73.273 234.313 0 0.027
92000 4 9 5 0 0.046 0.074 0.122 0.934 0.338 60.434 5 70.188 231.633 0 0.04
92000 5 9 5 0 0.046 0.074 0.122 0.934 0.338 59.73 9 67.688 239.147 0 0.013
92000 1 9 5 0 0.107 0.097 0.321 0.802 0.964 11.207 11 18.251 83.973 0 0
92000 2 9 5 0 0.107 0.097 0.321 0.802 0.964 23.221 7 25.997 56.66 0 0.053
92000 3 9 5 0 0.107 0.097 0.321 0.802 0.964 10.939 3 16.626 58.24 0 0.213
92000 4 9 5 0 0.107 0.097 0.321 0.802 0.964 29.044 4 32.671 74.58 0 0.093
92000 5 9 5 0 0.107 0.097 0.321 0.802 0.964 15.563 1 19.651 55.7 0 0.087
92000 1 9 5 0 0.074 0.183 0.411 0.925 0.867 20.04 3 24.618 72.2 0 0.147
92000 2 9 5 0 0.074 0.183 0.411 0.925 0.867 14.151 0 18.374 71.487 0 0.173
92000 3 9 5 0 0.074 0.183 0.411 0.925 0.867 24.696 7 28.576 72.373 0 0.047
92000 4 9 5 0 0.074 0.183 0.411 0.925 0.867 13.512 4 20.488 71.48 0 0.047
92000 5 9 5 0 0.074 0.183 0.411 0.925 0.867 22.501 3 27.623 71.46 0 0.153
92000 1 9 5 0 0.021 0.45 0.344 0.912 0.566 14.583 2 20.849 69.247 0 0.093
92000 2 9 5 0 0.021 0.45 0.344 0.912 0.566 19.246 6 24.204 71.2 0 0.02
92000 3 9 5 0 0.021 0.45 0.344 0.912 0.566 21.326 4 26.94 85.44 0 0.067
92000 4 9 5 0 0.021 0.45 0.344 0.912 0.566 18.354 3 23.783 85.387 0 0.067
92000 5 9 5 0 0.021 0.45 0.344 0.912 0.566 10.091 3 16.308 61.893 0 0.107
92000 1 9 5 0 0.028 0.058 0.293 0.991 0.269 25.184 4 34.04 108.12 0 0.127
92000 2 9 5 0 0.028 0.058 0.293 0.991 0.269 25.24 4 34.862 110.847 0 0.1
92000 3 9 5 0 0.028 0.058 0.293 0.991 0.269 32.035 3 38.386 119.833 0 0.14
92000 4 9 5 0 0.028 0.058 0.293 0.991 0.269 37.361 6 41.562 118.04 0 0.127
92000 5 9 5 0 0.028 0.058 0.293 0.991 0.269 18.32 3 27.572 90.767 0 0.193
92000 1 9 5 0 0.083 0.197 0.459 0.795 0.633 20.558 6 24.18 78.42 0 0.1
92000 2 9 5 0 0.083 0.197 0.459 0.795 0.633 22.309 2 27.651 59.66 0 0.14
92000 3 9 5 0 0.083 0.197 0.459 0.795 0.633 24.282 2 28.288 69.86 0 0.067
92000 4 9 5 0 0.083 0.197 0.459 0.795 0.633 22.257 4 26.459 74.533 0 0.1
92000 5 9 5 0 0.083 0.197 0.459 0.795 0.633 17.101 3 23.289 71.393 0 0.12
92000 1 9 5 0 0.036 0.076 0.339 0.793 0.031 218.447 8 237.68 1248.107 0 0.087
92000 2 9 5 0 0.036 0.076 0.339 0.793 0.031 209.816 4 236.357 1215.433 0 0.187
92000 3 9 5 0 0.036 0.076 0.339 0.793 0.031 217.355 4 236.727 1262.933 0 0.207
92000 4 9 5 0 0.036 0.076 0.339 0.793 0.031 227.719 5 239.195 1260.127 0 0.147
92000 5 9 5 0 0.036 0.076 0.339 0.793 0.031 219.629 2 237.541 1174.387 0 0.18
92000 1 9 5 0 0.105 0.198 0.243 0.958 0.498 33.904 3 39.775 114.253 0 0.16
92000 2 9 5 0 0.105 0.198 0.243 0.958 0.498 34.669 3 40.418 122 0 0.167
92000 3 9 5 0 0.105 0.198 0.243 0.958 0.498 30.525 6 37.182 120.593 0 0.02
92000 4 9 5 0 0.105 0.198 0.243 0.958 0.498 38.662 2 47.304 133.707 0 0.113
92000 5 9 5 0 0.105 0.198 0.243 0.958 0.498 35.204 2 41.961 124.907 0 0.22
92000 1 9 5 0 0.002 0.207 0.319 0.762 0.267 34.963 1 40.127 128.4 0 0.113
92000 2 9 5 0 0.002 0.207 0.319 0.762 0.267 31.482 2 40.93 161.02 0 0.24
92000 3 9 5 0 0.002 0.207 0.319 0.762 0.267 36.082 2 42.633 152.9 0 0.16
92000 4 9 5 0 0.002 0.207 0.319 0.762 0.267 36.065 0 43.2 129.113 0 0.173
92000 5 9 5 0 0.002 0.207 0.319 0.762 0.267 36.153 2 42.558 137.667 0 0.1
92000 1 9 5 0 0.066 0.389 0.114 0.881 0.618 36.532 3 42.721 133.173 0 0.06
92000 2 9 5 0 0.066 0.389 0.114 0.881 0.618 35.975 2 41.002 128.587 0 0.06
92000 3 9 5 0 0.066 0.389 0.114 0.881 0.618 39.735 10 48.613 142.107 0 0
92000 4 9 5 0 0.066 0.389 0.114 0.881 0.618 35.935 3 43.269 146 0 0.113
92000 5 9 5 0 0.066 0.389 0.114 0.881 0.618 33.166 4 39.789 111.74 0 0.187
92000 1 9 5 0 0.027 0.323 0.402 0.866 0.304 34.081 3 39.795 132.04 0 0.233
92000 2 9 5 0 0.027 0.323 0.402 0.866 0.304 32.73 5 41.788 128.247 0 0.193
92000 3 9 5 0 0.027 0.323 0.402 0.866 0.304 36.885 1 41.938 139.473 0 0.067
92000 4 9 5 0 0.027 0.323 0.402 0.866 0.304 28.294 1 36.087 122.493 0 0.147
92000 5 9 5 0 0.027 0.323 0.402 0.866 0.304 33.595 1 40.201 149.667 0 0.327
92000 1 9 5 0 0.034 0.153 0.261 0.956 0.844 9.437 4 13.45 54.867 0 0.067
92000 2 9 5 0 0.034 0.153 0.261 0.956 0.844 22.243 3 26.848 73.467 0 0.047
92000 3 9 5 0 0.034 0.153 0.261 0.956 0.844 19.599 4 24.321 74.2 0 0.113
92000 4 9 5 0 0.034 0.153 0.261 0.956 0.844 11.892 4 16.97 59.247 0 0.107
92000 5 9 5 0 0.034 0.153 0.261 0.956 0.844 14.046 1 22.432 58.02 0 0.32
92000 1 9 5 0 0.039 0.236 0.37 0.764 0.184 201.434 6 222.03 639.673 0 0.053
92000 2 9 5 0 0.039 0.236 0.37 0.764 0.184 200.589 5 224.633 631.673 0 0.327
92000 3 9 5 0 0.039 0.236 0.37 0.764 0.184 198.855 6 215.576 634.007 0 0.26
92000 4 9 5 0 0.039 0.236 0.37 0.764 0.184 180.93 6 197.477 659.173 0 0.307
92000 5 9 5 0 0.039 0.236 0.37 0.764 0.184 198.182 1 217.961 607.093 0 0.347
92000 1 9 5 0 0.11 0.044 0.358 0.898 0.424 21.192 2 26.932 69.333 0 0.16
92000 2 9 5 0 0.11 0.044 0.358 0.898 0.424 9.438 3 15.94 62.787 0 0.18
92000 3 9 5 0 0.11 0.044 0.358 0.898 0.424 0 0 0 0 1 1
92000 4 9 5 0 0.11 0.044 0.358 0.898 0.424 10.627 1 13.857 32.94 0 0.113
92000 5 9 5 0 0.11 0.044 0.358 0.898 0.424 1.97 3 6.207 51.673 0.347 0.147
92000 1 9 5 0 0.008 0.025 0.278 0.874 0.205 27.826 6 35.78 101.907 0 0.14
92000 2 9 5 0 0.008 0.025 0.278 0.874 0.205 28.402 1 34.063 108.187 0 0.08
92000 3 9 5 0 0.008 0.025 0.278 0.874 0.205 29.883 3 38.865 103.153 0 0.2
92000 4 9 5 0 0.008 0.025 0.278 0.874 0.205 32.755 2 39.121 110.573 0 0.087
92000 5 9 5 0 0.008 0.025 0.278 0.874 0.205 15.451 4 21.152 91.18 0 0.073
92000 1 9 5 0 0.032 0.281 0.225 0.797 0.056 225.434 9 241.793 1795.967 0 0.04
92000 2 9 5 0 0.032 0.281 0.225 0.797 0.056 224.628 10 242.544 1619.353 0 0
92000 3 9 5 0 0.032 0.281 0.225 0.797 0.056 226.578 8 241.5 1694.82 0 0.047
92000 4 9 5 0 0.032 0.281 0.225 0.797 0.056 227.947 7 241.26 1883.187 0 0.067
92000 5 9 5 0 0.032 0.281 0.225 0.797 0.056 222.431 7 242.466 1737.767 0 0.067
92000 1 9 5 0 0.067 0.402 0.11 0.777 0.233 230 6 243.211 2524.347 0 0.06
92000 2 9 5 0 0.067 0.402 0.11 0.777 0.233 229.26 552 245.234 2674.113 0 0
92000 3 9 5 0 0.067 0.402 0.11 0.777 0.233 229.274 6 244.501 2718.547 0 0.047
92000 4 9 5 0 0.067 0.402 0.11 0.777 0.233 232.148 12 243.839 2364.207 0 0
92000 5 9 5 0 0.067 0.402 0.11 0.777 0.233 226.012 12 244.234 2462.253 0 0
92000 1 9 5 0 0.069 0.124 0.198 0.935 0.61 21.437 5 27.302 99.873 0 0.027
92000 2 9 5 0 0.069 0.124 0.198 0.935 0.61 24.047 5 28.341 97.393 0 0.02
92000 3 9 5 0 0.069 0.124 0.198 0.935 0.61 13.465 3 19.777 81.333 0 0.127
92000 4 9 5 0 0.069 0.124 0.198 0.935 0.61 10.577 1 19.015 70.113 0 0.087
92000 5 9 5 0 0.069 0.124 0.198 0.935 0.61 30.453 6 35.563 90.987 0 0.013
92000 1 9 5 0 0.085 0.429 0.223 0.868 0.488 48.173 3 54.579 198.28 0 0.22
92000 2 9 5 0 0.085 0.429 0.223 0.868 0.488 55.197 5 60.28 218.44 0 0.087
92000 3 9 5 0 0.085 0.429 0.223 0.868 0.488 46.256 24 52.843 186.033 0 0
92000 4 9 5 0 0.085 0.429 0.223 0.868 0.488 49.424 0 58.632 226.913 0 0.2
92000 5 9 5 0 0.085 0.429 0.223 0.868 0.488 52.232 6 62.247 225.127 0 0.14
92000 1 10 9 0 0.018 0.312 0.464 0.969 0.082 218.613 1 236.012 944.427 0 0.393
92000 2 10 9 0 0.018 0.312 0.464 0.969 0.082 218.233 4 234.705 907.727 0 0.34
92000 3 10 9 0 0.018 0.312 0.464 0.969 0.082 212.548 7 233.498 926.14 0 0.193
92000 4 10 9 0 0.018 0.312 0.464 0.969 0.082 212.862 3 233.27 807.513 0 0.48
92000 5 10 9 0 0.018 0.312 0.464 0.969 0.082 214.266 3 232.672 1007.787 0 0.427
92000 1 10 9 0 0.119 0.031 0.075 0.882 0.024 245.291 4366 249.477 6971.6 0 0
92000 2 10 9 0 0.119 0.031 0.075 0.882 0.024 243.636 1170 248.865 5754.46 0 0
92000 3 10 9 0 0.119 0.031 0.075 0.882 0.024 243.196 2719 249.586 7246.02 0 0
92000 4 10 9 0 0.119 0.031 0.075 0.882 0.024 242.054 4163 249.272 6805.507 0 0
92000 5 10 9 0 0.119 0.031 0.075 0.882 0.024 232.812 654 248.354 6169.073 0 0
92000 1 10 9 0 0.058 0.031 0.36 0.797 0.153 87.543 1 97.944 88.887 0 0.4
92000 2 10 9 0 0.058 0.031 0.36 0.797 0.153 77.591 3 92.734 89.86 0 0.513
92000 3 10 9 0 0.058 0.031 0.36 0.797 0.153 82.109 2 90.978 81.733 0 0.327
92000 4 10 9 0 0.058 0.031 0.36 0.797 0.153 108.379 0 115.842 78.987 0 0.547
92000 5 10 9 0 0.058 0.031 0.36 0.797 0.153 109.097 0 115.055 67.5 0 0.507
92000 1 10 9 0 0.114 0.091 0.183 0.792 0.582 136.445 0 146.9 98.513 0 0.68
92000 2 10 9 0 0.114 0.091 0.183 0.792 0.582 122.516 0 132.829 84.58 0 0.527
92000 3 10 9 0 0.114 0.091 0.183 0.792 0.582 35.321 1 43.339 46.36 0 0.307
92000 4 10 9 0 0.114 0.091 0.183 0.792 0.582 42.3 1 46.935 80.34 0 0.22
92000 5 10 9 0 0.114 0.091 0.183 0.792 0.582 175.794 0 198.836 120.34 0 0.74
92000 1 10 9 0 0.051 0.297 0.376 0.971 0.098 220.829 3 240.932 1273.58 0 0.413
92000 2 10 9 0 0.051 0.297 0.376 0.971 0.098 218.221 3 238.301 1532.153 0 0.193
92000 3 10 9 0 0.051 0.297 0.376 0.971 0.098 218.929 4 235.642 1340.993 0 0.093
92000 4 10 9 0 0.051 0.297 0.376 0.971 0.098 222.784 6 235.956 1319.013 0 0.02
92000 5 10 9 0 0.051 0.297 0.376 0.971 0.098 215.476 8 234.895 1423.067 0 0.073
92000 1 10 9 0 0.033 0.182 0.096 0.964 0.645 191.286 3 213.752 245.32 0 0.46
92000 2 10 9 0 0.033 0.182 0.096 0.964 0.645 178.937 3 192.513 209.38 0 0.32
92000 3 10 9 0 0.033 0.182 0.096 0.964 0.645 151.174 0 163.32 190.913 0 0.28
92000 4 10 9 0 0.033 0.182 0.096 0.964 0.645 168.192 4 178.133 192.927 0 0.233
92000 5 10 9 0 0.033 0.182 0.096 0.964 0.645 183.284 1 200.005 214.987 0 0.32
92000 1 10 9 0 0.011 0.256 0.034 0.981 0.835 169.742 2 179.823 113.153 0 0.56
92000 2 10 9 0 0.011 0.256 0.034 0.981 0.835 87.693 1 103.221 61.48 0 0.473
92000 3 10 9 0 0.011 0.256 0.034 0.981 0.835 103.46 1 108.946 75.36 0 0.253
92000 4 10 9 0 0.011 0.256 0.034 0.981 0.835 83.23 2 96.178 110.4 0 0.38
92000 5 10 9 0 0.011 0.256 0.034 0.981 0.835 36.246 3 45.952 69.233 0 0.273
92000 1 10 9 0 0.109 0.302 0.446 0.899 0.521 51.371 1 79.055 47.9 0 0.647
92000 2 10 9 0 0.109 0.302 0.446 0.899 0.521 200.563 1 210.541 131.773 0 0.7
92000 3 10 9 0 0.109 0.302 0.446 0.899 0.521 122.94 2 131.936 79.533 0 0.52
92000 4 10 9 0 0.109 0.302 0.446 0.899 0.521 111.364 0 117.169 68.447 0 0.46
92000 5 10 9 0 0.109 0.302 0.446 0.899 0.521 11.639 1 15.49 37.867 0 0.2
92000 1 10 9 0 0.017 0.204 0.184 0.926 0.994 66.934 2 75.216 69.693 0 0.453
92000 2 10 9 0 0.017 0.204 0.184 0.926 0.994 45.656 1 49.434 69.813 0 0.133
92000 3 10 9 0 0.017 0.204 0.184 0.926 0.994 120.399 0 127.624 88.54 0 0.5
92000 4 10 9 0 0.017 0.204 0.184 0.926 0.994 122.118 0 129.252 78.76 0 0.52
92000 5 10 9 0 0.017 0.204 0.184 0.926 0.994 128.257 0 137.795 98.807 0 0.533
92000 1 10 9 0 0.004 0.424 0.276 0.896 0.363 151.771 4 168.198 241.94 0 0.433
92000 2 10 9 0 0.004 0.424 0.276 0.896 0.363 174.841 1 182.944 239.053 0 0.427
92000 3 10 9 0 0.004 0.424 0.276 0.896 0.363 156.984 2 170.94 285.013 0 0.453
92000 4 10 9 0 0.004 0.424 0.276 0.896 0.363 82.976 5 89.188 194.587 0 0.22
92000 5 10 9 0 0.004 0.424 0.276 0.896 0.363 146.347 1 163.384 236.827 0 0.1
92000 1 10 9 0 0.103 0.47 0.211 0.952 0.855 78.41 2 99.014 68.633 0 0.467
92000 2 10 9 0 0.103 0.47 0.211 0.952 0.855 117.677 0 127.201 84.873 0 0.587
92000 3 10 9 0 0.103 0.47 0.211 0.952 0.855 40.839 1 45.102 50.447 0 0.2
92000 4 10 9 0 0.103 0.47 0.211 0.952 0.855 53.425 1 60.597 61.14 0 0.48
92000 5 10 9 0 0.103 0.47 0.211 0.952 0.855 130.338 2 139.424 106.54 0 0.56
92000 1 10 9 0 0.112 0.09 0.459 0.881 0.056 192.085 2 212.921 628.513 0 0.213
92000 2 10 9 0 0.112 0.09 0.459 0.881 0.056 213.883 3 228.776 628.287 0 0.333
92000 3 10 9 0 0.112 0.09 0.459 0.881 0.056 193.137 2 220.792 704.087 0 0.327
92000 4 10 9 0 0.112 0.09 0.459 0.881 0.056 205.821 4 225.533 588.587 0 0.347
92000 5 10 9 0 0.112 0.09 0.459 0.881 0.056 198.837 3 222.139 582.213 0 0.307
92000 1 10 9 0 0.061 0.14 0.372 0.98 0.132 195.233 4 214.307 530.053 0 0.22
92000 2 10 9 0 0.061 0.14 0.372 0.98 0.132 199.416 3 219.265 594.267 0 0.313
92000 3 10 9 0 0.061 0.14 0.372 0.98 0.132 207.15 3 226.833 540.92 0 0.24
92000 4 10 9 0 0.061 0.14 0.372 0.98 0.132 196.427 2 210.353 549.813 0 0.32
92000 5 10 9 0 0.061 0.14 0.372 0.98 0.132 193.763 1 216.776 592.593 0 0.34
92000 1 10 9 0 0.112 0.16 0.051 0.876 0.214 233.632 7 247.353 4036.22 0 0.033
92000 2 10 9 0 0.112 0.16 0.051 0.876 0.214 232.833 109 246.987 4906.513 0 0
92000 3 10 9 0 0.112 0.16 0.051 0.876 0.214 237.626 886 247.602 4991 0 0
92000 4 10 9 0 0.112 0.16 0.051 0.876 0.214 242.748 3192 248.396 5534.32 0 0
92000 5 10 9 0 0.112 0.16 0.051 0.876 0.214 239.519 541 247.304 4566.513 0 0
92000 1 10 9 0 0.067 0.182 0.153 0.846 0.894 69.515 0 79.925 71.667 0 0.287
92000 2 10 9 0 0.067 0.182 0.153 0.846 0.894 38.751 1 46.412 49.48 0 0.42
92000 3 10 9 0 0.067 0.182 0.153 0.846 0.894 113.07 0 121.679 76.34 0 0.56
92000 4 10 9 0 0.067 0.182 0.153 0.846 0.894 118.782 2 132.02 98.707 0 0.56
92000 5 10 9 0 0.067 0.182 0.153 0.846 0.894 147.714 0 160.337 100.687 0 0.487
92000 1 10 9 0 0.071 0.222 0.195 0.878 0.783 50.767 0 72.679 58.28 0 0.613
92000 2 10 9 0 0.071 0.222 0.195 0.878 0.783 88.169 1 96.719 44.087 0 0.393
92000 3 10 9 0 0.071 0.222 0.195 0.878 0.783 38.28 1 49.529 47.407 0 0.273
92000 4 10 9 0 0.071 0.222 0.195 0.878 0.783 96.449 2 104.292 69.727 0 0.467
92000 5 10 9 0 0.071 0.222 0.195 0.878 0.783 92.873 1 101.702 46.167 0 0.62
92000 1 10 9 0 0.092 0.13 0.23 0.894 0.055 231.294 76 243.918 2438.753 0 0
92000 2 10 9 0 0.092 0.13 0.23 0.894 0.055 227.021 5 243.908 3117.813 0 0.047
92000 3 10 9 0 0.092 0.13 0.23 0.894 0.055 222.994 7 243.864 3010.313 0 0.06
92000 4 10 9 0 0.092 0.13 0.23 0.894 0.055 224.896 5 242.931 2985.853 0 0.033
92000 5 10 9 0 0.092 0.13 0.23 0.894 0.055 221.61 10 244.202 3085.887 0 0
92000 1 10 9 0 0.092 0.303 0.347 0.88 0.811 112.467 0 118.876 73.4 0 0.613
92000 2 10 9 0 0.092 0.303 0.347 0.88 0.811 24.385 0 30.504 47.24 0 0.347
92000 3 10 9 0 0.092 0.303 0.347 0.88 0.811 171.57 1 179.132 113.333 0 0.48
92000 4 10 9 0 0.092 0.303 0.347 0.88 0.811 115.195 1 124.749 87.547 0 0.633
92000 5 10 9 0 0.092 0.303 0.347 0.88 0.811 33.773 1 38.245 45.793 0 0.26
92000 1 10 9 0 0.08 0.486 0.021 0.987 0.559 225.353 6 240.458 1815.427 0 0.06
92000 2 10 9 0 0.08 0.486 0.021 0.987 0.559 220.773 15 239.534 1725.893 0 0
92000 3 10 9 0 0.08 0.486 0.021 0.987 0.559 229.257 8 240.863 1748.107 0 0.027
92000 4 10 9 0 0.08 0.486 0.021 0.987 0.559 225.353 23 241.033 1681.08 0 0
92000 5 10 9 0 0.08 0.486 0.021 0.987 0.559 224.07 10 240.798 1884.987 0 0
92000 1 10 9 0 0.091 0.453 0.192 0.784 0.934 123.381 2 135.244 92.013 0 0.527
92000 2 10 9 0 0.091 0.453 0.192 0.784 0.934 31.003 1 34.252 45.053 0 0.293
92000 3 10 9 0 0.091 0.453 0.192 0.784 0.934 109 2 117.482 91.62 0 0.453
92000 4 10 9 0 0.091 0.453 0.192 0.784 0.934 55.681 0 63.403 48.5 0 0.46
92000 5 10 9 0 0.091 0.453 0.192 0.784 0.934 59.331 0 64.441 61.733 0 0.527
92000 1 10 9 0 0.067 0.432 0.313 0.849 0.537 173.581 2 189.817 153.373 0 0.493
92000 2 10 9 0 0.067 0.432 0.313 0.849 0.537 138.841 0 151.268 170.853 0 0.373
92000 3 10 9 0 0.067 0.432 0.313 0.849 0.537 161.127 1 175.527 168.613 0 0.347
