43630 1 2 3 0 0.051 0.369 0.483 0.979 0.767 2.526 106 3.739 123.4 0.993 0
43630 2 2 3 0 0.051 0.369 0.483 0.979 0.767 1.691 115 3.132 133.027 1 0
43630 3 2 3 0 0.051 0.369 0.483 0.979 0.767 1.933 131 3.158 142.393 1 0
43630 4 2 3 0 0.051 0.369 0.483 0.979 0.767 1.74 110 2.948 124.26 0.993 0
43630 5 2 3 0 0.051 0.369 0.483 0.979 0.767 1.392 121 3.142 136.667 1 0
43630 6 2 3 0 0.051 0.369 0.483 0.979 0.767 1.891 101 3.278 114.42 0.993 0
43630 7 2 3 0 0.051 0.369 0.483 0.979 0.767 2.385 124 4.849 142.033 0.527 0
43630 8 2 3 0 0.051 0.369 0.483 0.979 0.767 1.492 104 3.574 120.373 0.94 0
43630 9 2 3 0 0.051 0.369 0.483 0.979 0.767 1.492 128 3.009 141.68 0.987 0
43630 10 2 3 0 0.051 0.369 0.483 0.979 0.767 2.587 135 4.134 150.873 0.78 0
43630 1 2 3 0 0.011 0.285 0.164 0.955 0.364 145.718 294 150.607 400.133 0 0
43630 2 2 3 0 0.011 0.285 0.164 0.955 0.364 134.174 232 144.673 352.813 0 0
43630 3 2 3 0 0.011 0.285 0.164 0.955 0.364 108.038 183 115.374 289.387 0 0
43630 4 2 3 0 0.011 0.285 0.164 0.955 0.364 120.949 179 126.545 294.82 0 0
43630 5 2 3 0 0.011 0.285 0.164 0.955 0.364 99.448 160 104.542 238.313 0 0
43630 6 2 3 0 0.011 0.285 0.164 0.955 0.364 128.845 257 137.563 329.587 0 0
43630 7 2 3 0 0.011 0.285 0.164 0.955 0.364 120.755 217 126.487 294.587 0 0
43630 8 2 3 0 0.011 0.285 0.164 0.955 0.364 121.922 219 134.83 350.487 0 0
43630 9 2 3 0 0.011 0.285 0.164 0.955 0.364 83.74 191 90.931 291.147 0 0
43630 10 2 3 0 0.011 0.285 0.164 0.955 0.364 110.343 192 116.568 288.207 0 0
43630 1 2 3 0 0.071 0.353 0.133 0.84 0.892 1.592 130 3.375 147.007 0.82 0
43630 2 2 3 0 0.071 0.353 0.133 0.84 0.892 2.187 108 3.52 122.567 0.993 0
43630 3 2 3 0 0.071 0.353 0.133 0.84 0.892 1.782 126 3.035 151.18 1 0
43630 4 2 3 0 0.071 0.353 0.133 0.84 0.892 1.592 126 3.424 138.7 0.887 0
43630 5 2 3 0 0.071 0.353 0.133 0.84 0.892 2.139 116 3.513 133.107 0.92 0
43630 6 2 3 0 0.071 0.353 0.133 0.84 0.892 1.94 129 3.446 143.44 0.827 0
43630 7 2 3 0 0.071 0.353 0.133 0.84 0.892 1.89 119 3.136 135.293 1 0
43630 8 2 3 0 0.071 0.353 0.133 0.84 0.892 1.044 109 2.573 135.32 1 0
43630 9 2 3 0 0.071 0.353 0.133 0.84 0.892 1.292 125 2.97 139.24 0.933 0
43630 10 2 3 0 0.071 0.353 0.133 0.84 0.892 1.989 101 3.402 116.527 1 0
43630 1 2 3 0 0.049 0.325 0.236 0.79 0.179 238.504 642 243.583 797.773 0 0
43630 2 2 3 0 0.049 0.325 0.236 0.79 0.179 241.286 772 246.1 906.82 0 0
43630 3 2 3 0 0.049 0.325 0.236 0.79 0.179 240.366 703 244.891 885.72 0 0
43630 4 2 3 0 0.049 0.325 0.236 0.79 0.179 242.545 693 246.498 873.367 0 0
43630 5 2 3 0 0.049 0.325 0.236 0.79 0.179 237.227 676 243.844 798.567 0 0
43630 6 2 3 0 0.049 0.325 0.236 0.79 0.179 239.085 656 245.871 796.013 0 0
43630 7 2 3 0 0.049 0.325 0.236 0.79 0.179 241.847 649 245.681 790.267 0 0
43630 8 2 3 0 0.049 0.325 0.236 0.79 0.179 237.701 639 242.605 815.94 0 0
43630 9 2 3 0 0.049 0.325 0.236 0.79 0.179 240.094 728 245.24 815.88 0 0
43630 10 2 3 0 0.049 0.325 0.236 0.79 0.179 239.382 742 245.963 874.493 0 0
43630 1 2 3 0 0.069 0.031 0.491 0.773 0.859 1.64 114 2.794 128.58 1 0
43630 2 2 3 0 0.069 0.031 0.491 0.773 0.859 1.436 100 2.878 114.767 1 0
43630 3 2 3 0 0.069 0.031 0.491 0.773 0.859 2.38 110 3.933 124.527 0.94 0
43630 4 2 3 0 0.069 0.031 0.491 0.773 0.859 1.193 106 2.879 120.24 1 0
43630 5 2 3 0 0.069 0.031 0.491 0.773 0.859 2.576 103 4.379 120.18 0.787 0
43630 6 2 3 0 0.069 0.031 0.491 0.773 0.859 1.89 118 3.401 137.647 0.813 0
43630 7 2 3 0 0.069 0.031 0.491 0.773 0.859 1.443 110 3.068 122.433 1 0
43630 8 2 3 0 0.069 0.031 0.491 0.773 0.859 1.528 106 3.534 120.08 0.933 0
43630 9 2 3 0 0.069 0.031 0.491 0.773 0.859 1.935 111 3.875 126.453 0.8 0
43630 10 2 3 0 0.069 0.031 0.491 0.773 0.859 1.393 117 2.849 132.58 1 0
43630 1 2 3 0 0.01 0.382 0.296 0.93 0.766 1.492 131 3.147 152.613 0.967 0
43630 2 2 3 0 0.01 0.382 0.296 0.93 0.766 1.045 106 3.067 124.3 1 0
43630 3 2 3 0 0.01 0.382 0.296 0.93 0.766 0.746 111 1.872 132.327 1 0
43630 4 2 3 0 0.01 0.382 0.296 0.93 0.766 1.343 120 3.054 141.2 1 0
43630 5 2 3 0 0.01 0.382 0.296 0.93 0.766 1.691 127 3.286 139.32 0.953 0
43630 6 2 3 0 0.01 0.382 0.296 0.93 0.766 1.94 119 3.361 135.913 0.94 0
43630 7 2 3 0 0.01 0.382 0.296 0.93 0.766 2.138 123 3.37 144.28 0.987 0
43630 8 2 3 0 0.01 0.382 0.296 0.93 0.766 1.889 116 2.87 127.973 1 0
43630 9 2 3 0 0.01 0.382 0.296 0.93 0.766 1.343 136 3.481 148.06 0.987 0
43630 10 2 3 0 0.01 0.382 0.296 0.93 0.766 2.684 121 5.235 143.353 0.513 0
43630 1 2 3 0 0.075 0.395 0.424 0.971 0.611 1.342 110 2.696 133.173 1 0
43630 2 2 3 0 0.075 0.395 0.424 0.971 0.611 1.741 108 3.299 128.773 0.853 0
43630 3 2 3 0 0.075 0.395 0.424 0.971 0.611 1.681 91 2.917 109.727 1 0
43630 4 2 3 0 0.075 0.395 0.424 0.971 0.611 1.94 96 3.185 117.56 0.993 0
43630 5 2 3 0 0.075 0.395 0.424 0.971 0.611 1.791 119 3.465 137.067 0.96 0
43630 6 2 3 0 0.075 0.395 0.424 0.971 0.611 1.99 126 3.36 140.887 0.967 0
43630 7 2 3 0 0.075 0.395 0.424 0.971 0.611 1.84 114 4.61 131.427 0.593 0
43630 8 2 3 0 0.075 0.395 0.424 0.971 0.611 1.692 113 4.485 125.32 0.653 0
43630 9 2 3 0 0.075 0.395 0.424 0.971 0.611 1.94 141 3.297 153.893 0.98 0
43630 10 2 3 0 0.075 0.395 0.424 0.971 0.611 1.044 91 3.467 106.46 0.767 0
43630 1 2 3 0 0.026 0.129 0.417 0.805 0.69 1.045 135 2.51 150.147 1 0
43630 2 2 3 0 0.026 0.129 0.417 0.805 0.69 1.84 118 3.786 138.133 0.813 0
43630 3 2 3 0 0.026 0.129 0.417 0.805 0.69 2.237 120 3.811 133.347 0.913 0
43630 4 2 3 0 0.026 0.129 0.417 0.805 0.69 2.028 103 3.207 132.553 1 0
43630 5 2 3 0 0.026 0.129 0.417 0.805 0.69 1.691 114 3.29 131.647 0.98 0
43630 6 2 3 0 0.026 0.129 0.417 0.805 0.69 1.391 134 2.85 149.08 1 0
43630 7 2 3 0 0.026 0.129 0.417 0.805 0.69 1.244 111 3.968 129.42 0.72 0
43630 8 2 3 0 0.026 0.129 0.417 0.805 0.69 1.741 122 3.094 141.58 1 0
43630 9 2 3 0 0.026 0.129 0.417 0.805 0.69 1.441 100 3.523 118.567 0.967 0
43630 10 2 3 0 0.026 0.129 0.417 0.805 0.69 1.692 125 3.305 138.973 0.993 0
43630 1 2 3 0 0.037 0.479 0.205 0.808 0.226 242.146 840 246.746 1035.48 0 0
43630 2 2 3 0 0.037 0.479 0.205 0.808 0.226 241.513 826 246.692 983.173 0 0
43630 3 2 3 0 0.037 0.479 0.205 0.808 0.226 242.117 769 246.07 897.42 0 0
43630 4 2 3 0 0.037 0.479 0.205 0.808 0.226 243.918 777 246.821 956.12 0 0
43630 5 2 3 0 0.037 0.479 0.205 0.808 0.226 240.8 735 245.794 870.333 0 0
43630 1 2 3 1 0.051 0.279 0.181 0.768 0.892 1.99 123 3.653 145.693 0.913 0
43630 2 2 3 1 0.051 0.279 0.181 0.768 0.892 1.79 92 2.972 111.06 0.98 0
43630 3 2 3 1 0.051 0.279 0.181 0.768 0.892 1.492 107 2.844 124.147 1 0
43630 4 2 3 1 0.051 0.279 0.181 0.768 0.892 0.896 114 2.651 133.907 1 0
43630 5 2 3 1 0.051 0.279 0.181 0.768 0.892 1.94 122 3.478 135.607 1 0
43630 6 2 3 1 0.051 0.279 0.181 0.768 0.892 1.986 85 3.797 105.507 0.967 0
43630 7 2 3 1 0.051 0.279 0.181 0.768 0.892 1.79 113 3.928 127.86 0.747 0
43630 8 2 3 1 0.051 0.279 0.181 0.768 0.892 1.791 126 3.275 137.973 1 0
43630 9 2 3 1 0.051 0.279 0.181 0.768 0.892 1.691 124 3.465 133.613 0.953 0
43630 10 2 3 1 0.051 0.279 0.181 0.768 0.892 2.039 114 3.855 127.6 0.88 0
43630 1 2 3 1 0.062 0.39 0.288 0.974 0.516 1.343 106 5.325 134.84 0.42 0
43630 2 2 3 1 0.062 0.39 0.288 0.974 0.516 1.393 114 3.183 132.68 0.987 0
43630 3 2 3 1 0.062 0.39 0.288 0.974 0.516 2.237 104 5.347 134.027 0.5 0
43630 4 2 3 1 0.062 0.39 0.288 0.974 0.516 3.182 129 5.574 151.653 0.273 0
43630 5 2 3 1 0.062 0.39 0.288 0.974 0.516 2.337 112 5.231 145.573 0.567 0
43630 6 2 3 1 0.062 0.39 0.288 0.974 0.516 1.84 111 5.098 144.62 0.5 0
43630 7 2 3 1 0.062 0.39 0.288 0.974 0.516 1.542 130 3.73 151.313 0.7 0
43630 8 2 3 1 0.062 0.39 0.288 0.974 0.516 1.741 90 4.024 114.84 0.753 0
43630 9 2 3 1 0.062 0.39 0.288 0.974 0.516 3.331 128 5.868 145.273 0.313 0
43630 10 2 3 1 0.062 0.39 0.288 0.974 0.516 4.557 114 6.955 139.373 0.027 0
43630 1 2 3 1 0.037 0.41 0.437 0.838 0.718 1.989 104 3.332 122.653 1 0
43630 2 2 3 1 0.037 0.41 0.437 0.838 0.718 1.74 96 2.935 115.68 1 0
43630 3 2 3 1 0.037 0.41 0.437 0.838 0.718 1.492 115 3.836 134.527 0.807 0
43630 4 2 3 1 0.037 0.41 0.437 0.838 0.718 1.889 68 3.868 92.573 0.873 0
43630 5 2 3 1 0.037 0.41 0.437 0.838 0.718 10.294 113 12.325 139.693 0 0
43630 6 2 3 1 0.037 0.41 0.437 0.838 0.718 2.287 121 3.753 137.113 0.927 0
43630 7 2 3 1 0.037 0.41 0.437 0.838 0.718 1.342 113 2.7 129.08 1 0
43630 8 2 3 1 0.037 0.41 0.437 0.838 0.718 2.735 118 3.971 133.807 0.947 0
43630 9 2 3 1 0.037 0.41 0.437 0.838 0.718 1.784 112 3.55 129.92 0.973 0
43630 10 2 3 1 0.037 0.41 0.437 0.838 0.718 2.287 120 4.188 135.267 0.787 0
43630 1 2 3 1 0.007 0.3 0.281 0.88 0.723 2.387 114 3.716 140.14 0.947 0
43630 2 2 3 1 0.007 0.3 0.281 0.88 0.723 1.492 99 3.811 109.66 0.953 0
43630 3 2 3 1 0.007 0.3 0.281 0.88 0.723 2.288 126 3.291 137.32 1 0
43630 4 2 3 1 0.007 0.3 0.281 0.88 0.723 2.04 105 3.703 128.493 0.847 0
43630 5 2 3 1 0.007 0.3 0.281 0.88 0.723 2.635 120 4.101 139.44 0.893 0
43630 6 2 3 1 0.007 0.3 0.281 0.88 0.723 1.492 128 3.36 143.313 0.973 0
43630 7 2 3 1 0.007 0.3 0.281 0.88 0.723 1.89 105 3.958 121.473 0.793 0
43630 8 2 3 1 0.007 0.3 0.281 0.88 0.723 1.691 123 3.126 138.153 0.913 0
43630 9 2 3 1 0.007 0.3 0.281 0.88 0.723 1.094 129 2.561 144.28 1 0
43630 10 2 3 1 0.007 0.3 0.281 0.88 0.723 2.287 115 3.917 137.713 0.98 0
43630 1 2 3 1 0.007 0.234 0.383 0.915 0.903 2.087 121 3.73 133.673 0.987 0
43630 2 2 3 1 0.007 0.234 0.383 0.915 0.903 1.243 109 3.237 121.78 1 0
43630 3 2 3 1 0.007 0.234 0.383 0.915 0.903 1.939 93 3.066 111.987 1 0
43630 4 2 3 1 0.007 0.234 0.383 0.915 0.903 2.088 115 3.798 128.967 0.887 0
43630 5 2 3 1 0.007 0.234 0.383 0.915 0.903 1.287 120 2.74 139.707 1 0
43630 6 2 3 1 0.007 0.234 0.383 0.915 0.903 1.442 120 3.259 134.8 1 0
43630 7 2 3 1 0.007 0.234 0.383 0.915 0.903 1.641 113 3.289 130.74 0.967 0
43630 8 2 3 1 0.007 0.234 0.383 0.915 0.903 2.325 105 3.65 120.56 1 0
43630 9 2 3 1 0.007 0.234 0.383 0.915 0.903 2.824 110 4.956 129.52 0.427 0
43630 10 2 3 1 0.007 0.234 0.383 0.915 0.903 1.64 112 3.15 125.947 1 0
43630 1 2 3 1 0.058 0.443 0.432 0.849 0.839 1.79 126 3.125 142.887 0.993 0
43630 2 2 3 1 0.058 0.443 0.432 0.849 0.839 0.995 99 3.41 117.307 0.793 0
43630 3 2 3 1 0.058 0.443 0.432 0.849 0.839 8.009 104 14.538 130.307 0 0
43630 4 2 3 1 0.058 0.443 0.432 0.849 0.839 1.342 114 3.152 126.7 0.973 0
43630 5 2 3 1 0.058 0.443 0.432 0.849 0.839 1.691 116 3.714 127.893 0.88 0
43630 6 2 3 1 0.058 0.443 0.432 0.849 0.839 1.762 97 4.647 111.22 0.6 0
43630 7 2 3 1 0.058 0.443 0.432 0.849 0.839 1.888 115 3.679 129.94 0.827 0
43630 8 2 3 1 0.058 0.443 0.432 0.849 0.839 1.878 112 4.111 130.84 0.647 0
43630 9 2 3 1 0.058 0.443 0.432 0.849 0.839 1.442 99 2.844 112.24 1 0
43630 10 2 3 1 0.058 0.443 0.432 0.849 0.839 1.692 99 3.865 116.08 0.807 0
43630 1 2 3 1 0.048 0.067 0.173 0.886 0.134 79.882 126 91.012 235.26 0 0
43630 2 2 3 1 0.048 0.067 0.173 0.886 0.134 88.701 191 93.56 260.4 0 0
43630 3 2 3 1 0.048 0.067 0.173 0.886 0.134 106.799 227 110.594 290.767 0 0
43630 4 2 3 1 0.048 0.067 0.173 0.886 0.134 78.024 158 85.335 219.54 0 0
43630 5 2 3 1 0.048 0.067 0.173 0.886 0.134 69.944 118 76.914 198.833 0 0
43630 6 2 3 1 0.048 0.067 0.173 0.886 0.134 88.503 159 91.771 229.313 0 0
43630 7 2 3 1 0.048 0.067 0.173 0.886 0.134 83.224 197 88.026 269.027 0 0
43630 1 2 4 1 0.12 0.179 0.45 0.811 0.617 2.188 120 3.479 134.88 0.967 0
43630 2 2 4 1 0.12 0.179 0.45 0.811 0.617 1.441 122 2.73 144.253 1 0
43630 3 2 4 1 0.12 0.179 0.45 0.811 0.617 2.039 126 3.528 141.153 0.993 0
43630 4 2 4 1 0.12 0.179 0.45 0.811 0.617 2.136 89 3.713 109.667 0.967 0
43630 5 2 4 1 0.12 0.179 0.45 0.811 0.617 1.392 101 3.047 126.713 1 0
43630 6 2 4 1 0.12 0.179 0.45 0.811 0.617 1.541 111 3.774 126.3 0.787 0
43630 7 2 4 1 0.12 0.179 0.45 0.811 0.617 1.442 106 2.652 127.74 1 0
43630 8 2 4 1 0.12 0.179 0.45 0.811 0.617 2.486 109 3.797 132.733 0.947 0
43630 9 2 4 1 0.12 0.179 0.45 0.811 0.617 1.691 115 3.468 134.96 1 0
43630 10 2 4 1 0.12 0.179 0.45 0.811 0.617 2.014 96 3.449 107.867 0.873 0
43630 1 2 4 1 0.065 0.327 0.029 0.756 0.929 1.84 102 2.736 117.94 1 0
43630 2 2 4 1 0.065 0.327 0.029 0.756 0.929 1.044 92 2.575 108.973 1 0
43630 3 2 4 1 0.065 0.327 0.029 0.756 0.929 1.839 94 3.389 118.48 0.953 0
43630 4 2 4 1 0.065 0.327 0.029 0.756 0.929 2.088 104 3.745 120.247 0.92 0
43630 5 2 4 1 0.065 0.327 0.029 0.756 0.929 1.094 96 2.707 116.2 0.927 0
43630 6 2 4 1 0.065 0.327 0.029 0.756 0.929 0.846 89 2.826 104.82 0.847 0
43630 7 2 4 1 0.065 0.327 0.029 0.756 0.929 1.492 86 3.636 100.547 0.953 0
43630 8 2 4 1 0.065 0.327 0.029 0.756 0.929 1.144 88 3.749 114.86 0.86 0
43630 9 2 4 1 0.065 0.327 0.029 0.756 0.929 1.193 95 2.964 108.093 0.933 0
43630 10 2 4 1 0.065 0.327 0.029 0.756 0.929 2.387 94 3.293 113.593 0.993 0
43630 1 2 4 1 0.06 0.484 0.19 0.965 0.049 247.42 5782 249.699 6479.98 0 0
43630 2 2 4 1 0.06 0.484 0.19 0.965 0.049 248.193 4159 249.555 4698.093 0 0
43630 3 2 4 1 0.06 0.484 0.19 0.965 0.049 248.515 4905 249.753 5999.167 0 0
43630 4 2 4 1 0.06 0.484 0.19 0.965 0.049 248.736 6813 249.868 8080.547 0 0
43630 5 2 4 1 0.06 0.484 0.19 0.965 0.049 248.649 5990 249.756 6742.26 0 0
43630 6 2 4 1 0.06 0.484 0.19 0.965 0.049 247.67 4365 249.611 5103.887 0 0
43630 7 2 4 1 0.06 0.484 0.19 0.965 0.049 248.058 4187 249.648 4988.7 0 0
43630 8 2 4 1 0.06 0.484 0.19 0.965 0.049 247.576 3889 249.706 5436.8 0 0
43630 9 2 4 1 0.06 0.484 0.19 0.965 0.049 247.483 4384 249.549 4697.847 0 0
43630 10 2 4 1 0.06 0.484 0.19 0.965 0.049 248.863 5657 249.696 6130.833 0 0
43630 1 2 4 1 0.054 0.426 0.065 0.784 0.192 249.001 6671 249.882 7683.467 0 0
43630 2 2 4 1 0.054 0.426 0.065 0.784 0.192 248.532 6812 249.708 7741.293 0 0
43630 3 2 4 1 0.054 0.426 0.065 0.784 0.192 248.068 5829 249.518 6815.393 0 0
43630 4 2 4 1 0.054 0.426 0.065 0.784 0.192 248.126 6827 249.715 7905.36 0 0
43630 5 2 4 1 0.054 0.426 0.065 0.784 0.192 247.397 5688 249.548 6095.96 0 0
43630 6 2 4 1 0.054 0.426 0.065 0.784 0.192 247.893 6044 249.734 6403.107 0 0
43630 7 2 4 1 0.054 0.426 0.065 0.784 0.192 247.625 4985 249.644 5655.547 0 0
43630 8 2 4 1 0.054 0.426 0.065 0.784 0.192 248.291 6146 249.747 6804.86 0 0
43630 9 2 4 1 0.054 0.426 0.065 0.784 0.192 248.214 5174 249.767 7895.493 0 0
43630 10 2 4 1 0.054 0.426 0.065 0.784 0.192 248.19 6470 249.793 7141.24 0 0
43630 1 2 4 1 0.047 0.028 0.214 0.858 0.113 2.926 108 4.877 128.247 0.733 0
43630 2 2 4 1 0.047 0.028 0.214 0.858 0.113 1.491 111 3.651 126.753 0.833 0
43630 3 2 4 1 0.047 0.028 0.214 0.858 0.113 1.435 94 2.868 115.547 0.953 0
43630 4 2 4 1 0.047 0.028 0.214 0.858 0.113 2.088 102 4.388 121.74 0.587 0
43630 5 2 4 1 0.047 0.028 0.214 0.858 0.113 2.238 108 3.726 128.813 0.973 0
43630 6 2 4 1 0.047 0.028 0.214 0.858 0.113 1.592 120 3.789 139.673 0.92 0
43630 7 2 4 1 0.047 0.028 0.214 0.858 0.113 1.789 106 3.973 119.66 0.853 0
43630 8 2 4 1 0.047 0.028 0.214 0.858 0.113 2.088 111 3.447 124.273 1 0
43630 9 2 4 1 0.047 0.028 0.214 0.858 0.113 0.896 103 2.429 113.567 1 0
43630 10 2 4 1 0.047 0.028 0.214 0.858 0.113 1.84 106 3.357 122.18 1 0
43630 1 2 4 1 0.039 0.31 0.158 0.962 0.174 244.6 987 247.732 1207.013 0 0
43630 2 2 4 1 0.039 0.31 0.158 0.962 0.174 244.473 1160 247.283 1300.527 0 0
43630 3 2 4 1 0.039 0.31 0.158 0.962 0.174 242.929 975 247.354 1231.633 0 0
43630 1 1 7 1 0.112 0.433 0.231 0.794 0.077 244.818 1207 247.978 1683.32 0 0
43630 2 1 7 1 0.112 0.433 0.231 0.794 0.077 242.748 1484 247.633 1788.167 0 0
43630 3 1 7 1 0.112 0.433 0.231 0.794 0.077 245.566 1656 248.45 1985.667 0 0
43630 4 1 7 1 0.112 0.433 0.231 0.794 0.077 244.946 1591 248.326 1937.4 0 0
43630 5 1 7 1 0.112 0.433 0.231 0.794 0.077 245.809 1900 248.332 2124.933 0 0
43630 6 1 7 1 0.112 0.433 0.231 0.794 0.077 244.638 1468 247.949 1640.973 0 0
43630 7 1 7 1 0.112 0.433 0.231 0.794 0.077 243.409 1371 247.971 1595.413 0 0
43630 8 1 7 1 0.112 0.433 0.231 0.794 0.077 244 1422 247.435 1703.667 0 0
43630 9 1 7 1 0.112 0.433 0.231 0.794 0.077 244.456 1187 247.922 1598.173 0 0
43630 10 1 7 1 0.112 0.433 0.231 0.794 0.077 244.622 1366 247.971 1609.313 0 0
43630 1 1 7 1 0.09 0.176 0.333 0.839 0.083 95.201 190 102.31 262.073 0 0
43630 2 1 7 1 0.09 0.176 0.333 0.839 0.083 129.534 245 135.056 310.347 0 0
43630 3 1 7 1 0.09 0.176 0.333 0.839 0.083 108.309 272 121.936 360.56 0 0
43630 4 1 7 1 0.09 0.176 0.333 0.839 0.083 144.669 211 150.814 355.62 0 0
43630 5 1 7 1 0.09 0.176 0.333 0.839 0.083 113.661 228 121.115 284.873 0 0
43630 6 1 7 1 0.09 0.176 0.333 0.839 0.083 150.088 208 157.254 295.007 0 0
43630 7 1 7 1 0.09 0.176 0.333 0.839 0.083 106.42 196 117.163 272.333 0 0
43630 8 1 7 1 0.09 0.176 0.333 0.839 0.083 126.34 198 134.107 257.28 0 0
43630 9 1 7 1 0.09 0.176 0.333 0.839 0.083 105.014 178 110.764 262.287 0 0
43630 10 1 7 1 0.09 0.176 0.333 0.839 0.083 109.914 188 116.41 305.16 0 0
43630 1 1 7 1 0.065 0.004 0.368 0.812 0.986 0 17 0.125 17 1 0
43630 2 1 7 1 0.065 0.004 0.368 0.812 0.986 0 17 0.108 17.013 1 0
43630 3 1 7 1 0.065 0.004 0.368 0.812 0.986 0 17 0.106 17.993 1 0
43630 4 1 7 1 0.065 0.004 0.368 0.812 0.986 0.448 97 1.341 102.18 1 0
43630 5 1 7 1 0.065 0.004 0.368 0.812 0.986 0.05 16 0.25 16.947 1 0
43630 6 1 7 1 0.065 0.004 0.368 0.812 0.986 0 16 0.078 16 1 0
43630 7 1 7 1 0.065 0.004 0.368 0.812 0.986 0.249 58 0.523 58.533 1 0
43630 8 1 7 1 0.065 0.004 0.368 0.812 0.986 0 12 0.093 12 1 0
43630 9 1 7 1 0.065 0.004 0.368 0.812 0.986 0 6 0.018 6 1 1
43630 10 1 7 1 0.065 0.004 0.368 0.812 0.986 0 13 0.105 15.507 1 0
43630 1 1 7 1 0.047 0.436 0.447 0.94 0.593 0 19 0.213 19 1 0
43630 2 1 7 1 0.047 0.436 0.447 0.94 0.593 0 9 0.107 10.44 1 0.627
43630 3 1 7 1 0.047 0.436 0.447 0.94 0.593 0 13 0.054 13.733 1 0
43630 4 1 7 1 0.047 0.436 0.447 0.94 0.593 0 13 0.156 13.793 1 0
43630 5 1 7 1 0.047 0.436 0.447 0.94 0.593 0 14 0.104 15.913 1 0
43630 6 1 7 1 0.047 0.436 0.447 0.94 0.593 0 4 0.107 4 1 1
43630 7 1 7 1 0.047 0.436 0.447 0.94 0.593 0.447 71 1.67 86.613 1 0
43630 8 1 7 1 0.047 0.436 0.447 0.94 0.593 0 18 0.18 18.02 1 0
43630 9 1 7 1 0.047 0.436 0.447 0.94 0.593 0 6 0.041 6 1 1
43630 10 1 7 1 0.047 0.436 0.447 0.94 0.593 0 9 0.077 9.413 1 0.787
43630 1 1 7 1 0.034 0.404 0.241 0.767 0.249 93.93 188 103.051 260.673 0 0
43630 2 1 7 1 0.034 0.404 0.241 0.767 0.249 95.108 196 101.224 266.28 0 0
43630 3 1 7 1 0.034 0.404 0.241 0.767 0.249 87.73 204 93.502 262.627 0 0
43630 4 1 7 1 0.034 0.404 0.241 0.767 0.249 47.423 154 52.182 232.927 0 0
43630 5 1 7 1 0.034 0.404 0.241 0.767 0.249 121.045 202 127.173 257.693 0 0
43630 6 1 7 1 0.034 0.404 0.241 0.767 0.249 98.844 178 110.138 215.173 0 0
43630 7 1 7 1 0.034 0.404 0.241 0.767 0.249 115.427 182 122.477 249.073 0 0
43630 8 1 7 1 0.034 0.404 0.241 0.767 0.249 85.859 147 91.767 209.3 0 0
43630 9 1 7 1 0.034 0.404 0.241 0.767 0.249 91.069 188 99.999 231.8 0 0
43630 10 1 7 1 0.034 0.404 0.241 0.767 0.249 93.954 152 98.136 213.38 0 0
43630 1 1 7 1 0.101 0.106 0.486 0.822 0.834 0 12 0.077 12 1 0
43630 2 1 7 1 0.101 0.106 0.486 0.822 0.834 0 17 0.203 17 1 0
43630 3 1 7 1 0.101 0.106 0.486 0.822 0.834 0 4 0.113 4.34 1 1
43630 4 1 7 1 0.101 0.106 0.486 0.822 0.834 0 8 0.036 8 1 1
43630 5 1 7 1 0.101 0.106 0.486 0.822 0.834 0 15 0.041 15.827 1 0
43630 6 1 7 1 0.101 0.106 0.486 0.822 0.834 0 5 0.156 5.993 1 1
43630 7 1 7 1 0.101 0.106 0.486 0.822 0.834 0 8 0.023 8 1 1
43630 8 1 7 1 0.101 0.106 0.486 0.822 0.834 0.05 17 0.258 17 1 0
43630 9 1 7 1 0.101 0.106 0.486 0.822 0.834 0 4 0 4 1 1
43630 10 1 7 1 0.101 0.106 0.486 0.822 0.834 0.05 8 0.202 8 1 1
43630 1 1 7 1 0.024 0.42 0.371 0.994 0.285 0 10 0.108 10 1 0
43630 2 1 7 1 0.024 0.42 0.371 0.994 0.285 21.46 113 23.958 147.693 0 0
43630 3 1 7 1 0.024 0.42 0.371 0.994 0.285 2.676 113 4.522 141.887 0.747 0
43630 4 1 7 1 0.024 0.42 0.371 0.994 0.285 1.045 106 2.323 120.44 0.98 0
43630 5 1 7 1 0.024 0.42 0.371 0.994 0.285 0 10 0.102 10 1 0
43630 6 1 7 1 0.024 0.42 0.371 0.994 0.285 0 85 2.624 96.593 0.8 0
43630 7 1 7 1 0.024 0.42 0.371 0.994 0.285 0.746 109 4.751 155.213 0.64 0
43630 8 1 7 1 0.024 0.42 0.371 0.994 0.285 1.393 134 3.469 156.24 0.78 0
43630 9 1 7 1 0.024 0.42 0.371 0.994 0.285 2.387 148 5.699 181.52 0.593 0
43630 10 1 7 1 0.024 0.42 0.371 0.994 0.285 2.684 142 4.967 170.767 0.493 0
43630 1 1 7 1 0.059 0.193 0.382 0.761 0.356 0 15 0.118 16.253 1 0
43630 2 1 7 1 0.059 0.193 0.382 0.761 0.356 0 9 0.133 9 1 1
43630 1 2 9 0 0.005 0.192 0.085 0.852 0.411 146.296 307 153.62 511.687 0 0
43630 2 2 9 0 0.005 0.192 0.085 0.852 0.411 154.946 230 159.123 446.92 0 0
43630 3 2 9 0 0.005 0.192 0.085 0.852 0.411 142.347 209 151.878 423.68 0 0
43630 4 2 9 0 0.005 0.192 0.085 0.852 0.411 146.018 225 150.27 425.933 0 0
43630 5 2 9 0 0.005 0.192 0.085 0.852 0.411 158.976 287 165.536 485.167 0 0
43630 6 2 9 0 0.005 0.192 0.085 0.852 0.411 163.024 210 170.6 440.767 0 0
43630 7 2 9 0 0.005 0.192 0.085 0.852 0.411 153.428 251 160.805 411.9 0 0
43630 8 2 9 0 0.005 0.192 0.085 0.852 0.411 158.035 203 164.223 461.467 0 0
43630 9 2 9 0 0.005 0.192 0.085 0.852 0.411 145.633 214 149.906 390.947 0 0
43630 10 2 9 0 0.005 0.192 0.085 0.852 0.411 157.856 262 164.297 477.293 0 0
43630 1 2 9 0 0.043 0.212 0.059 0.814 0.448 199.06 545 210.773 775.54 0 0
43630 2 2 9 0 0.043 0.212 0.059 0.814 0.448 210.577 453 216.977 789.24 0 0
43630 3 2 9 0 0.043 0.212 0.059 0.814 0.448 197.784 390 205.958 726.793 0 0
43630 4 2 9 0 0.043 0.212 0.059 0.814 0.448 211.065 479 217.629 797.047 0 0
43630 5 2 9 0 0.043 0.212 0.059 0.814 0.448 209.974 421 215.275 697.113 0 0
43630 6 2 9 0 0.043 0.212 0.059 0.814 0.448 213.465 566 217.587 944.66 0 0
43630 7 2 9 0 0.043 0.212 0.059 0.814 0.448 197.509 439 210.327 673.42 0 0
43630 8 2 9 0 0.043 0.212 0.059 0.814 0.448 210.855 620 218.171 853.887 0 0
43630 9 2 9 0 0.043 0.212 0.059 0.814 0.448 197.073 413 204.433 610.507 0 0
43630 10 2 9 0 0.043 0.212 0.059 0.814 0.448 199.573 494 207.846 684.067 0 0
43630 1 2 9 0 0.003 0.146 0.425 0.992 0.026 238.294 588 244.341 867.453 0 0
43630 2 2 9 0 0.003 0.146 0.425 0.992 0.026 233.56 431 242.152 759.733 0 0
43630 3 2 9 0 0.003 0.146 0.425 0.992 0.026 240.187 500 246.171 872.707 0 0
43630 4 2 9 0 0.003 0.146 0.425 0.992 0.026 229.767 434 240.932 771.153 0 0
43630 5 2 9 0 0.003 0.146 0.425 0.992 0.026 235.912 218 245.264 862.253 0 0
43630 6 2 9 0 0.003 0.146 0.425 0.992 0.026 236.132 385 241.784 775.987 0 0
43630 7 2 9 0 0.003 0.146 0.425 0.992 0.026 229.055 524 241.012 803.52 0 0
43630 8 2 9 0 0.003 0.146 0.425 0.992 0.026 236.138 480 243 813.687 0 0
43630 9 2 9 0 0.003 0.146 0.425 0.992 0.026 239.803 411 245.251 781.433 0 0
43630 10 2 9 0 0.003 0.146 0.425 0.992 0.026 229.4 427 239.254 730.147 0 0
43630 1 2 9 0 0.003 0.319 0.14 0.887 0.02 247.492 3150 249.411 3535.007 0 0
43630 2 2 9 0 0.003 0.319 0.14 0.887 0.02 247.732 3383 249.445 3939.833 0 0
43630 3 2 9 0 0.003 0.319 0.14 0.887 0.02 247.246 3573 249.52 4046.373 0 0
43630 4 2 9 0 0.003 0.319 0.14 0.887 0.02 247.945 3987 249.639 4636.087 0 0
43630 5 2 9 0 0.003 0.319 0.14 0.887 0.02 247.149 3045 249.398 3494.347 0 0
43630 6 2 9 0 0.003 0.319 0.14 0.887 0.02 247.793 4093 249.686 5548.82 0 0
43630 7 2 9 0 0.003 0.319 0.14 0.887 0.02 248.113 3648 249.535 4242.067 0 0
43630 8 2 9 0 0.003 0.319 0.14 0.887 0.02 246.826 2737 249.309 3041.867 0 0
43630 9 2 9 0 0.003 0.319 0.14 0.887 0.02 246.995 3876 249.596 4329.28 0 0
43630 10 2 9 0 0.003 0.319 0.14 0.887 0.02 247.974 3384 249.577 4100.833 0 0
43630 1 2 9 0 0.026 0.016 0.304 0.806 0.595 0.697 85 1.992 98.9 1 0
43630 2 2 9 0 0.026 0.016 0.304 0.806 0.595 1.193 95 1.994 114.34 1 0
43630 3 2 9 0 0.026 0.016 0.304 0.806 0.595 0.796 91 1.873 111.64 1 0
43630 4 2 9 0 0.026 0.016 0.304 0.806 0.595 1.243 73 2.516 92.18 1 0
43630 5 2 9 0 0.026 0.016 0.304 0.806 0.595 0.746 68 1.736 77.567 1 0
43630 6 2 9 0 0.026 0.016 0.304 0.806 0.595 1.044 77 2.368 89.16 1 0
43630 7 2 9 0 0.026 0.016 0.304 0.806 0.595 0 25 0.112 25.84 1 0
43630 8 2 9 0 0.026 0.016 0.304 0.806 0.595 0.696 91 1.884 103.98 1 0
43630 9 2 9 0 0.026 0.016 0.304 0.806 0.595 1.982 77 3.463 97.673 0.98 0
43630 10 2 9 0 0.026 0.016 0.304 0.806 0.595 28.015 28 32.113 39.02 0 0
43630 1 2 9 0 0.055 0.341 0.329 0.8 0.735 1.143 78 2.316 101.173 1 0
43630 2 2 9 0 0.055 0.341 0.329 0.8 0.735 1.044 68 2.033 81.507 1 0
43630 3 2 9 0 0.055 0.341 0.329 0.8 0.735 23.12 21 27.679 31.473 0 0
43630 4 2 9 0 0.055 0.341 0.329 0.8 0.735 1.144 69 2.398 91.373 1 0
43630 5 2 9 0 0.055 0.341 0.329 0.8 0.735 0.896 108 2.493 126.633 1 0
43630 6 2 9 0 0.055 0.341 0.329 0.8 0.735 1.74 73 2.677 86.64 1 0
43630 7 2 9 0 0.055 0.341 0.329 0.8 0.735 0.746 80 1.808 95.747 1 0
43630 8 2 9 0 0.055 0.341 0.329 0.8 0.735 1.541 85 2.637 98.74 1 0
43630 9 2 9 0 0.055 0.341 0.329 0.8 0.735 1.69 102 2.741 119.587 1 0
43630 10 2 9 0 0.055 0.341 0.329 0.8 0.735 0.796 89 2.508 106.793 1 0
43630 1 2 9 0 0.119 0.454 0.096 0.831 0.957 1.443 81 2.79 99.46 1 0
43630 2 2 9 0 0.119 0.454 0.096 0.831 0.957 0.746 56 1.993 77.507 1 0
43630 3 2 9 0 0.119 0.454 0.096 0.831 0.957 0.896 77 2.139 87.887 1 0
43630 4 2 9 0 0.119 0.454 0.096 0.831 0.957 0.796 74 2.18 90.853 1 0
43630 5 2 9 0 0.119 0.454 0.096 0.831 0.957 0.945 79 2.734 94.96 1 0
43630 6 2 9 0 0.119 0.454 0.096 0.831 0.957 1.94 79 3.015 99.82 1 0
43630 7 2 9 0 0.119 0.454 0.096 0.831 0.957 1.293 89 2.284 109.12 1 0
43630 8 2 9 0 0.119 0.454 0.096 0.831 0.957 1.293 90 2.259 104.147 1 0
43630 9 2 9 0 0.119 0.454 0.096 0.831 0.957 0.746 111 2.099 128.973 1 0
43630 1 2 8 1 0.083 0.431 0.46 0.786 0.704 0.845 73 2.059 101.24 1 0
43630 2 2 8 1 0.083 0.431 0.46 0.786 0.704 1.492 95 3.003 112.253 1 0
43630 3 2 8 1 0.083 0.431 0.46 0.786 0.704 0.199 82 1.59 100.073 1 0
43630 4 2 8 1 0.083 0.431 0.46 0.786 0.704 0.348 76 2.655 100.187 0.953 0
43630 5 2 8 1 0.083 0.431 0.46 0.786 0.704 1.441 93 2.826 111.94 1 0
43630 6 2 8 1 0.083 0.431 0.46 0.786 0.704 0.696 92 2.264 114.387 1 0
43630 7 2 8 1 0.083 0.431 0.46 0.786 0.704 1.243 93 2.291 110.913 1 0
43630 8 2 8 1 0.083 0.431 0.46 0.786 0.704 0.249 78 2.188 96.767 1 0
43630 9 2 8 1 0.083 0.431 0.46 0.786 0.704 0.547 59 2.034 79.253 1 0
43630 10 2 8 1 0.083 0.431 0.46 0.786 0.704 1.591 108 2.923 127.347 1 0
43630 1 2 8 1 0.025 0.078 0.295 0.961 0.241 1.092 75 3.386 94.513 0.853 0
43630 2 2 8 1 0.025 0.078 0.295 0.961 0.241 0.697 87 2.265 104.273 1 0
43630 3 2 8 1 0.025 0.078 0.295 0.961 0.241 3.875 106 5.432 126.133 0.253 0
43630 4 2 8 1 0.025 0.078 0.295 0.961 0.241 0.448 81 1.778 90.793 1 0
43630 5 2 8 1 0.025 0.078 0.295 0.961 0.241 1.592 89 3.293 112.06 0.953 0
43630 6 2 8 1 0.025 0.078 0.295 0.961 0.241 0.981 101 3.815 121.033 0.867 0
43630 7 2 8 1 0.025 0.078 0.295 0.961 0.241 1.144 89 2.314 111.147 1 0
43630 8 2 8 1 0.025 0.078 0.295 0.961 0.241 1.094 91 2.515 108.513 1 0
43630 9 2 8 1 0.025 0.078 0.295 0.961 0.241 1.492 88 2.754 108.093 1 0
43630 10 2 8 1 0.025 0.078 0.295 0.961 0.241 2.436 85 4.538 114.62 0.667 0
43630 1 2 8 1 0.004 0.403 0.22 0.802 0.168 238.042 523 242.869 672.06 0 0
43630 2 2 8 1 0.004 0.403 0.22 0.802 0.168 237.284 598 243.575 813.993 0 0
43630 3 2 8 1 0.004 0.403 0.22 0.802 0.168 233.782 669 241.916 790.613 0 0
43630 4 2 8 1 0.004 0.403 0.22 0.802 0.168 239.59 603 244.536 762.62 0 0
43630 5 2 8 1 0.004 0.403 0.22 0.802 0.168 238.934 636 244.801 769.78 0 0
43630 6 2 8 1 0.004 0.403 0.22 0.802 0.168 239.995 654 245.199 745.453 0 0
43630 7 2 8 1 0.004 0.403 0.22 0.802 0.168 235.049 601 243.85 748.167 0 0
43630 8 2 8 1 0.004 0.403 0.22 0.802 0.168 240.399 601 245.006 749.373 0 0
43630 9 2 8 1 0.004 0.403 0.22 0.802 0.168 238.873 600 244.408 768.233 0 0
43630 10 2 8 1 0.004 0.403 0.22 0.802 0.168 240.761 744 245.525 863.32 0 0
43630 1 2 8 1 0.019 0.234 0.43 0.889 0.5 0.945 96 2.266 115.147 1 0
43630 2 2 8 1 0.019 0.234 0.43 0.889 0.5 0.99 72 2.194 92.32 1 0
43630 3 2 8 1 0.019 0.234 0.43 0.889 0.5 0.945 84 2.014 103.573 1 0
43630 4 2 8 1 0.019 0.234 0.43 0.889 0.5 0.448 85 2.031 98.693 1 0
43630 5 2 8 1 0.019 0.234 0.43 0.889 0.5 1.144 53 2.617 75.353 1 0
43630 6 2 8 1 0.019 0.234 0.43 0.889 0.5 0.995 89 2.132 111.34 1 0
43630 7 2 8 1 0.019 0.234 0.43 0.889 0.5 1.044 89 2.322 106.16 1 0
43630 8 2 8 1 0.019 0.234 0.43 0.889 0.5 1.294 79 2.615 98.407 1 0
43630 9 2 8 1 0.019 0.234 0.43 0.889 0.5 1.243 96 2.655 117.033 1 0
43630 10 2 8 1 0.019 0.234 0.43 0.889 0.5 1.541 79 2.659 106.18 1 0
43630 1 2 8 1 0.059 0.467 0.146 0.861 0.114 247.079 2739 249.295 3136.493 0 0
43630 2 2 8 1 0.059 0.467 0.146 0.861 0.114 247.402 1927 249.093 2598.34 0 0
43630 3 2 8 1 0.059 0.467 0.146 0.861 0.114 246.881 3287 249.387 3733.067 0 0
43630 4 2 8 1 0.059 0.467 0.146 0.861 0.114 247.587 2745 249.243 3172.827 0 0
43630 5 2 8 1 0.059 0.467 0.146 0.861 0.114 247.327 2280 249.06 2685.78 0 0
43630 6 2 8 1 0.059 0.467 0.146 0.861 0.114 246.649 2514 249.034 2836.053 0 0
43630 7 2 8 1 0.059 0.467 0.146 0.861 0.114 246.617 2357 249.26 2730.42 0 0
43630 8 2 8 1 0.059 0.467 0.146 0.861 0.114 246.136 2360 249.101 2703.713 0 0
43630 9 2 8 1 0.059 0.467 0.146 0.861 0.114 247.312 2739 249.481 4189.593 0 0
43630 10 2 8 1 0.059 0.467 0.146 0.861 0.114 247.246 2236 249.114 2566.16 0 0
43630 1 2 8 1 0.046 0.009 0.152 0.952 0.135 0.696 96 2.316 108.62 1 0
43630 2 2 8 1 0.046 0.009 0.152 0.952 0.135 1.342 76 2.535 104.147 1 0
43630 3 2 8 1 0.046 0.009 0.152 0.952 0.135 1.541 109 2.542 133.493 1 0
43630 4 2 8 1 0.046 0.009 0.152 0.952 0.135 0.995 108 2.246 120.787 1 0
43630 5 2 8 1 0.046 0.009 0.152 0.952 0.135 1.84 70 2.69 86.007 1 0
43630 6 2 8 1 0.046 0.009 0.152 0.952 0.135 1.293 86 2.149 105.827 1 0
43630 7 2 8 1 0.046 0.009 0.152 0.952 0.135 0.646 78 1.686 88.58 1 0
43630 8 2 8 1 0.046 0.009 0.152 0.952 0.135 1.045 91 2.209 112.333 1 0
43630 9 2 8 1 0.046 0.009 0.152 0.952 0.135 0.796 91 2.299 113.133 1 0
43630 10 2 8 1 0.046 0.009 0.152 0.952 0.135 0.795 81 2.946 100.673 0.92 0
43630 1 2 8 1 0.042 0.465 0.459 0.993 0.232 32.925 82 38.258 119.027 0 0
43630 2 2 8 1 0.042 0.465 0.459 0.993 0.232 29.3 67 34.665 136.32 0 0
43630 3 2 8 1 0.042 0.465 0.459 0.993 0.232 21.136 105 26.303 169.233 0 0
43630 4 2 8 1 0.042 0.465 0.459 0.993 0.232 34.545 105 39.618 152.293 0 0
43630 1 2 3 0 0.074 0.291 0.179 0.959 0.036 248.227 6217 249.71 7076.08 0 0
43630 2 2 3 0 0.074 0.291 0.179 0.959 0.036 248.429 4280 249.666 4717.067 0 0
43630 3 2 3 0 0.074 0.291 0.179 0.959 0.036 249.345 7889 249.946 9742.96 0 0
43630 4 2 3 0 0.074 0.291 0.179 0.959 0.036 248.767 6126 249.816 7783.307 0 0
43630 5 2 3 0 0.074 0.291 0.179 0.959 0.036 248.211 6306 249.643 7053.807 0 0
43630 6 2 3 0 0.074 0.291 0.179 0.959 0.036 247.606 4455 249.516 5079.007 0 0
43630 7 2 3 0 0.074 0.291 0.179 0.959 0.036 249.15 8913 249.919 10563.86 0 0
43630 8 2 3 0 0.074 0.291 0.179 0.959 0.036 248.757 5177 249.734 6714.147 0 0
43630 9 2 3 0 0.074 0.291 0.179 0.959 0.036 248.547 6368 249.807 7325.093 0 0
43630 10 2 3 0 0.074 0.291 0.179 0.959 0.036 248.628 6280 249.807 7500.027 0 0
43630 1 2 3 0 0.081 0.037 0.047 0.955 0.629 1.883 117 3.517 128.007 0.933 0
43630 2 2 3 0 0.081 0.037 0.047 0.955 0.629 1.641 116 3.23 133.567 0.933 0
43630 3 2 3 0 0.081 0.037 0.047 0.955 0.629 1.939 139 3.566 146.633 0.967 0
43630 4 2 3 0 0.081 0.037 0.047 0.955 0.629 1.689 123 3.271 140.78 1 0
43630 5 2 3 0 0.081 0.037 0.047 0.955 0.629 2.188 124 3.576 140.5 0.987 0
43630 6 2 3 0 0.081 0.037 0.047 0.955 0.629 3.643 105 6.206 120.42 0.207 0
43630 7 2 3 0 0.081 0.037 0.047 0.955 0.629 2.189 105 3.59 121.687 0.953 0
43630 8 2 3 0 0.081 0.037 0.047 0.955 0.629 2.186 113 3.965 128.2 0.953 0
43630 9 2 3 0 0.081 0.037 0.047 0.955 0.629 0.995 134 3.439 149.947 0.94 0
43630 10 2 3 0 0.081 0.037 0.047 0.955 0.629 1.84 131 2.998 148.507 1 0
43630 1 2 3 0 0.082 0.45 0.115 0.987 0.62 3.424 133 9.361 171.473 0.113 0
43630 2 2 3 0 0.082 0.45 0.115 0.987 0.62 0.05 24 0.167 26.513 1 0
43630 3 2 3 0 0.082 0.45 0.115 0.987 0.62 9.334 118 15.248 169.793 0 0
43630 4 2 3 0 0.082 0.45 0.115 0.987 0.62 0.149 76 0.479 76.14 1 0
43630 5 2 3 0 0.082 0.45 0.115 0.987 0.62 7.635 110 14.874 140.06 0 0
43630 6 2 3 0 0.082 0.45 0.115 0.987 0.62 2.506 109 6.061 127.207 0.247 0
43630 7 2 3 0 0.082 0.45 0.115 0.987 0.62 2.48 117 5.849 154.073 0.573 0
43630 8 2 3 0 0.082 0.45 0.115 0.987 0.62 4.245 121 7.96 161.153 0.053 0
43630 9 2 3 0 0.082 0.45 0.115 0.987 0.62 1.044 94 6.705 124.333 0.5 0
43630 10 2 3 0 0.082 0.45 0.115 0.987 0.62 2.033 91 5.441 136.98 0.587 0
43630 1 2 3 0 0.07 0.311 0.428 0.859 0.999 2.436 100 3.593 113.253 0.96 0
43630 2 2 3 0 0.07 0.311 0.428 0.859 0.999 1.94 116 4.701 130.72 0.433 0
43630 3 2 3 0 0.07 0.311 0.428 0.859 0.999 1.491 110 3.252 128.56 0.907 0
43630 4 2 3 0 0.07 0.311 0.428 0.859 0.999 1.79 115 4.011 130.24 0.813 0
43630 5 2 3 0 0.07 0.311 0.428 0.859 0.999 1.343 124 4.215 143.467 0.773 0
43630 6 2 3 0 0.07 0.311 0.428 0.859 0.999 1.739 133 3.332 146.16 0.987 0
43630 7 2 3 0 0.07 0.311 0.428 0.859 0.999 1.889 116 3.01 129.147 1 0
43630 8 2 3 0 0.07 0.311 0.428 0.859 0.999 2.436 118 4.373 133.933 0.673 0
43630 9 2 3 0 0.07 0.311 0.428 0.859 0.999 1.59 107 3.066 121.627 0.96 0
43630 10 2 3 0 0.07 0.311 0.428 0.859 0.999 2.629 117 4.217 133.84 0.78 0
43630 1 2 3 0 0.021 0.265 0.158 0.859 0.927 1.343 124 3.192 134.067 1 0
43630 2 2 3 0 0.021 0.265 0.158 0.859 0.927 1.741 103 2.78 119.007 1 0
43630 3 2 3 0 0.021 0.265 0.158 0.859 0.927 2.435 110 3.939 123.133 0.927 0
43630 4 2 3 0 0.021 0.265 0.158 0.859 0.927 2.286 104 3.837 116.167 0.873 0
43630 5 2 3 0 0.021 0.265 0.158 0.859 0.927 2.655 94 5.697 106.033 0.473 0
43630 6 2 3 0 0.021 0.265 0.158 0.859 0.927 2.884 108 4.405 127.387 0.767 0
43630 7 2 3 0 0.021 0.265 0.158 0.859 0.927 1.293 127 3.464 141.647 0.867 0
43630 8 2 3 0 0.021 0.265 0.158 0.859 0.927 2.735 119 3.676 132.327 0.987 0
43630 9 2 3 0 0.021 0.265 0.158 0.859 0.927 0.398 116 2.481 129.267 1 0
43630 10 2 3 0 0.021 0.265 0.158 0.859 0.927 1.89 114 3.672 129.02 0.927 0
43630 1 2 3 0 0.115 0.339 0.345 0.828 0.355 13.466 108 18.326 141.32 0 0
43630 2 2 3 0 0.115 0.339 0.345 0.828 0.355 4.753 109 7.266 137.653 0.02 0
43630 3 2 3 0 0.115 0.339 0.345 0.828 0.355 3.508 99 6.237 127.287 0.287 0
43630 4 2 3 0 0.115 0.339 0.345 0.828 0.355 3.178 101 7.601 138.52 0.213 0
43630 5 2 3 0 0.115 0.339 0.345 0.828 0.355 14.878 147 25.151 192.32 0 0
43630 6 2 3 0 0.115 0.339 0.345 0.828 0.355 3.845 111 6.14 125.84 0.147 0
43630 7 2 3 0 0.115 0.339 0.345 0.828 0.355 3.708 104 7.24 132.86 0.18 0
43630 8 2 3 0 0.115 0.339 0.345 0.828 0.355 4.764 112 7.107 141.353 0.047 0
43630 9 2 3 0 0.115 0.339 0.345 0.828 0.355 2.334 111 5.149 136.533 0.58 0
43630 10 2 3 0 0.115 0.339 0.345 0.828 0.355 32.704 105 37.98 144.54 0 0
43630 1 2 3 0 0.06 0.133 0.457 0.957 0.574 1.294 96 2.366 117.58 1 0
43630 2 2 3 0 0.06 0.133 0.457 0.957 0.574 1.791 119 3.347 138.22 1 0
43630 3 2 3 0 0.06 0.133 0.457 0.957 0.574 1.342 107 3.236 132.353 0.907 0
43630 4 2 3 0 0.06 0.133 0.457 0.957 0.574 1.342 123 3.423 139.487 0.933 0
43630 5 2 3 0 0.06 0.133 0.457 0.957 0.574 1.89 120 3.357 135.567 1 0
43630 6 2 3 0 0.06 0.133 0.457 0.957 0.574 3.341 99 6.282 120.493 0.193 0
43630 1 1 5 1 0.008 0.158 0.076 0.933 0.506 18.922 129 25.546 163.767 0 0
43630 2 1 5 1 0.008 0.158 0.076 0.933 0.506 4.434 100 6.43 124.3 0.133 0
43630 3 1 5 1 0.008 0.158 0.076 0.933 0.506 47.235 134 52.042 180.02 0 0
43630 4 1 5 1 0.008 0.158 0.076 0.933 0.506 2.982 146 5.25 168.62 0.513 0
43630 5 1 5 1 0.008 0.158 0.076 0.933 0.506 1.74 136 3.672 154.32 0.927 0
43630 6 1 5 1 0.008 0.158 0.076 0.933 0.506 1.129 90 7.735 144.08 0.253 0
43630 7 1 5 1 0.008 0.158 0.076 0.933 0.506 0 16 0.093 16.82 1 0
43630 8 1 5 1 0.008 0.158 0.076 0.933 0.506 29.509 123 32.602 186.847 0 0
43630 9 1 5 1 0.008 0.158 0.076 0.933 0.506 1.441 120 4.929 162.767 0.533 0
43630 10 1 5 1 0.008 0.158 0.076 0.933 0.506 28.306 107 33.058 130.5 0 0
43630 1 1 5 1 0.067 0.221 0.408 0.819 0.753 0.597 102 1.681 111.333 1 0
43630 2 1 5 1 0.067 0.221 0.408 0.819 0.753 0.746 123 1.636 138.08 1 0
43630 3 1 5 1 0.067 0.221 0.408 0.819 0.753 0 40 0.221 41.48 1 0
43630 4 1 5 1 0.067 0.221 0.408 0.819 0.753 0 11 0.056 11.873 1 0
43630 5 1 5 1 0.067 0.221 0.408 0.819 0.753 0 7 0.084 7.04 1 1
43630 6 1 5 1 0.067 0.221 0.408 0.819 0.753 1.045 103 2.048 125.953 1 0
43630 7 1 5 1 0.067 0.221 0.408 0.819 0.753 1.343 93 2.352 109.68 1 0
43630 8 1 5 1 0.067 0.221 0.408 0.819 0.753 0 3 0.019 3 1 1
43630 9 1 5 1 0.067 0.221 0.408 0.819 0.753 0.05 7 0.221 8.74 1 1
43630 10 1 5 1 0.067 0.221 0.408 0.819 0.753 0 9 0.026 9.267 1 0.733
43630 1 1 5 1 0.026 0.467 0.328 0.928 0.057 241.262 607 245.369 759.34 0 0
43630 2 1 5 1 0.026 0.467 0.328 0.928 0.057 232.703 652 242.485 737.747 0 0
43630 3 1 5 1 0.026 0.467 0.328 0.928 0.057 236.512 576 243.141 700.833 0 0
43630 4 1 5 1 0.026 0.467 0.328 0.928 0.057 240.406 685 244.987 783.38 0 0
43630 5 1 5 1 0.026 0.467 0.328 0.928 0.057 237.974 585 244.216 749.64 0 0
43630 6 1 5 1 0.026 0.467 0.328 0.928 0.057 235.879 559 242.663 708.513 0 0
43630 7 1 5 1 0.026 0.467 0.328 0.928 0.057 236.539 580 243.336 688.8 0 0
43630 8 1 5 1 0.026 0.467 0.328 0.928 0.057 237.239 546 244.035 681.747 0 0
43630 9 1 5 1 0.026 0.467 0.328 0.928 0.057 238.181 584 243.882 705.027 0 0
43630 10 1 5 1 0.026 0.467 0.328 0.928 0.057 232.968 571 242.557 709.427 0 0
43630 1 1 5 1 0.043 0.114 0.113 0.988 0.859 0 9 0.055 10.467 1 0.253
43630 2 1 5 1 0.043 0.114 0.113 0.988 0.859 1.095 96 2.336 107.86 1 0
43630 3 1 5 1 0.043 0.114 0.113 0.988 0.859 1.045 104 1.959 115.007 1 0
43630 4 1 5 1 0.043 0.114 0.113 0.988 0.859 0 9 0.022 9 1 1
43630 5 1 5 1 0.043 0.114 0.113 0.988 0.859 0.995 114 2.551 133.38 1 0
43630 6 1 5 1 0.043 0.114 0.113 0.988 0.859 1.243 116 2.512 131.46 1 0
43630 7 1 5 1 0.043 0.114 0.113 0.988 0.859 1.045 91 2.009 100.333 1 0
43630 8 1 5 1 0.043 0.114 0.113 0.988 0.859 0 11 0 11 1 0
43630 9 1 5 1 0.043 0.114 0.113 0.988 0.859 0 12 0.112 12 1 0
43630 10 1 5 1 0.043 0.114 0.113 0.988 0.859 0.995 101 2.02 115.513 1 0
43630 1 1 5 1 0.113 0.46 0.246 0.873 0.155 237.508 647 244.874 770.5 0 0
43630 2 1 5 1 0.113 0.46 0.246 0.873 0.155 238.432 609 245.065 804.24 0 0
43630 3 1 5 1 0.113 0.46 0.246 0.873 0.155 239.825 655 243.997 788.007 0 0
43630 4 1 5 1 0.113 0.46 0.246 0.873 0.155 240.933 757 245.671 877.74 0 0
43630 5 1 5 1 0.113 0.46 0.246 0.873 0.155 237.672 595 244.853 774.567 0 0
43630 6 1 5 1 0.113 0.46 0.246 0.873 0.155 237.983 549 243.986 710.027 0 0
43630 7 1 5 1 0.113 0.46 0.246 0.873 0.155 241.857 705 245.592 862.24 0 0
43630 8 1 5 1 0.113 0.46 0.246 0.873 0.155 238.786 696 244.567 822.107 0 0
43630 9 1 5 1 0.113 0.46 0.246 0.873 0.155 239.915 624 244.389 742.98 0 0
43630 10 1 5 1 0.113 0.46 0.246 0.873 0.155 240.253 651 245.36 819.593 0 0
43630 1 1 5 1 0.061 0.092 0.204 0.778 0.531 0 13 0.172 13.153 1 0
43630 2 1 5 1 0.061 0.092 0.204 0.778 0.531 0 12 0.096 12.793 1 0
43630 3 1 5 1 0.061 0.092 0.204 0.778 0.531 0.746 112 2.104 121.287 1 0
43630 4 1 5 1 0.061 0.092 0.204 0.778 0.531 0.547 95 1.727 102.127 1 0
43630 5 1 5 1 0.061 0.092 0.204 0.778 0.531 0.945 119 1.695 128.607 1 0
43630 6 1 5 1 0.061 0.092 0.204 0.778 0.531 0 10 0.137 10.46 1 0
43630 7 1 5 1 0.061 0.092 0.204 0.778 0.531 0 7 0.046 7 1 1
43630 8 1 5 1 0.061 0.092 0.204 0.778 0.531 1.442 82 2.474 92.007 1 0
43630 9 1 5 1 0.061 0.092 0.204 0.778 0.531 1.691 106 2.595 120.6 1 0
43630 10 1 5 1 0.061 0.092 0.204 0.778 0.531 0 7 0 7 1 1
43630 1 1 6 1 0.042 0.385 0.471 0.99 0.964 0.945 92 2.275 101.54 1 0
43630 2 1 6 1 0.042 0.385 0.471 0.99 0.964 0 9 0.048 9 1 1
43630 3 1 6 1 0.042 0.385 0.471 0.99 0.964 0 8 0.014 8 1 1
43630 4 1 6 1 0.042 0.385 0.471 0.99 0.964 0 13 0.119 13.98 1 0
43630 5 1 6 1 0.042 0.385 0.471 0.99 0.964 0 11 0.038 11 1 0
43630 6 1 6 1 0.042 0.385 0.471 0.99 0.964 0 9 0.013 9 1 1
43630 7 1 6 1 0.042 0.385 0.471 0.99 0.964 0 19 0.065 19 1 0
43630 8 1 6 1 0.042 0.385 0.471 0.99 0.964 0.05 20 0.269 20.507 1 0
43630 9 1 6 1 0.042 0.385 0.471 0.99 0.964 0.995 73 2.285 88.073 1 0
43630 10 1 6 1 0.042 0.385 0.471 0.99 0.964 0 11 0.079 11 1 0
43630 1 1 6 1 0.05 0.426 0.178 0.778 0.253 235.082 464 241.364 574.927 0 0
43630 2 1 6 1 0.05 0.426 0.178 0.778 0.253 218.946 515 236.794 626.18 0 0
43630 3 1 6 1 0.05 0.426 0.178 0.778 0.253 183.834 422 188.851 507.113 0 0
43630 4 1 6 1 0.05 0.426 0.178 0.778 0.253 236.534 445 241.865 569.773 0 0
43630 5 1 6 1 0.05 0.426 0.178 0.778 0.253 191.574 458 199.08 588.253 0 0
43630 6 1 6 1 0.05 0.426 0.178 0.778 0.253 179.18 370 189.953 453.727 0 0
43630 7 1 6 1 0.05 0.426 0.178 0.778 0.253 228.477 484 235.33 585.387 0 0
43630 8 1 6 1 0.05 0.426 0.178 0.778 0.253 185.028 376 197.456 473.967 0 0
43630 9 1 6 1 0.05 0.426 0.178 0.778 0.253 189.843 418 198.117 514.507 0 0
43630 10 1 6 1 0.05 0.426 0.178 0.778 0.253 208.56 393 214.316 510.267 0 0
43630 1 1 6 1 0.099 0.345 0.395 0.999 0.552 0 12 0.12 12 1 0
43630 2 1 6 1 0.099 0.345 0.395 0.999 0.552 0 22 0.306 23.253 1 0
43630 3 1 6 1 0.099 0.345 0.395 0.999 0.552 0 13 0.091 13 1 0
43630 4 1 6 1 0.099 0.345 0.395 0.999 0.552 0.746 109 1.738 118.187 1 0
43630 5 1 6 1 0.099 0.345 0.395 0.999 0.552 1.044 108 2.086 117.147 1 0
43630 6 1 6 1 0.099 0.345 0.395 0.999 0.552 0.05 14 0.081 14 1 0
43630 7 1 6 1 0.099 0.345 0.395 0.999 0.552 0 16 0.237 16.633 1 0
43630 8 1 6 1 0.099 0.345 0.395 0.999 0.552 1.343 122 2.195 133.587 1 0
43630 9 1 6 1 0.099 0.345 0.395 0.999 0.552 0 6 0.135 7.593 1 1
43630 10 1 6 1 0.099 0.345 0.395 0.999 0.552 0 7 0.121 8.033 1 0.66
43630 1 1 6 1 0.03 0.251 0.145 0.792 0.931 0.498 90 1.316 97.033 1 0
43630 2 1 6 1 0.03 0.251 0.145 0.792 0.931 0 13 0.063 13 1 0
43630 3 1 6 1 0.03 0.251 0.145 0.792 0.931 0.05 14 0.323 14 1 0
43630 4 1 6 1 0.03 0.251 0.145 0.792 0.931 0.845 83 1.451 92.967 1 0
43630 5 1 6 1 0.03 0.251 0.145 0.792 0.931 1.193 83 1.927 95.567 1 0
43630 6 1 6 1 0.03 0.251 0.145 0.792 0.931 0.746 78 2.052 91.32 1 0
43630 7 1 6 1 0.03 0.251 0.145 0.792 0.931 0 2 0 2 1 1
43630 8 1 6 1 0.03 0.251 0.145 0.792 0.931 0 10 0.02 10 1 0
43630 9 1 6 1 0.03 0.251 0.145 0.792 0.931 0 15 0.13 15.387 1 0
43630 10 1 6 1 0.03 0.251 0.145 0.792 0.931 0.348 84 1.236 90.567 1 0
43630 1 1 6 1 0.019 0.352 0.299 0.828 0.67 0 15 0.099 15 1 0
43630 2 1 6 1 0.019 0.352 0.299 0.828 0.67 0.05 13 0.224 13.507 1 0
43630 3 1 6 1 0.019 0.352 0.299 0.828 0.67 1.095 105 2.226 121.193 1 0
43630 4 1 6 1 0.019 0.352 0.299 0.828 0.67 0.05 16 0.171 16 1 0
43630 5 1 6 1 0.019 0.352 0.299 0.828 0.67 1.293 98 2.018 112.307 1 0
43630 6 1 6 1 0.019 0.352 0.299 0.828 0.67 0 22 0.12 22.06 1 0
43630 7 1 6 1 0.019 0.352 0.299 0.828 0.67 0 10 0.121 10.967 1 0
43630 8 1 6 1 0.019 0.352 0.299 0.828 0.67 0 13 0.13 13.913 1 0
43630 9 1 6 1 0.019 0.352 0.299 0.828 0.67 0 12 0.004 12 1 0
43630 10 1 6 1 0.019 0.352 0.299 0.828 0.67 0 10 0.052 10 1 0
43630 1 1 6 1 0.025 0.022 0.255 0.962 0.059 0 18 0.132 18.4 1 0
43630 2 1 6 1 0.025 0.022 0.255 0.962 0.059 0.845 107 2.092 119.52 1 0
43630 3 1 6 1 0.025 0.022 0.255 0.962 0.059 1.194 127 2.861 137.193 0.947 0
43630 4 1 6 1 0.025 0.022 0.255 0.962 0.059 1.79 104 3.319 123.027 0.933 0
43630 5 1 6 1 0.025 0.022 0.255 0.962 0.059 0 7 0.095 7.567 1 1
43630 6 1 6 1 0.025 0.022 0.255 0.962 0.059 1.293 115 2.529 127.88 1 0
43630 7 1 6 1 0.025 0.022 0.255 0.962 0.059 0.05 15 0.192 15 1 0
43630 8 1 6 1 0.025 0.022 0.255 0.962 0.059 0.647 121 2.403 141.333 1 0
43630 9 1 6 1 0.025 0.022 0.255 0.962 0.059 0 5 0.044 5.64 1 1
43630 10 1 6 1 0.025 0.022 0.255 0.962 0.059 1.641 97 3.11 108.62 0.993 0
43630 1 1 6 1 0.048 0.482 0.442 0.773 0.778 0 10 0.182 11.873 1 0
43630 2 1 6 1 0.048 0.482 0.442 0.773 0.778 0.05 10 0.123 11.067 1 0
43630 3 1 6 1 0.048 0.482 0.442 0.773 0.778 0.05 23 0.309 24.013 1 0
43630 4 1 6 1 0.048 0.482 0.442 0.773 0.778 0 11 0.218 11.347 1 0
43630 5 1 6 1 0.048 0.482 0.442 0.773 0.778 0.995 96 2.034 113.667 1 0
43630 6 1 6 1 0.048 0.482 0.442 0.773 0.778 0 16 0.103 16.58 1 0
43630 7 1 6 1 0.048 0.482 0.442 0.773 0.778 0 9 0.075 9 1 1
43630 8 1 6 1 0.048 0.482 0.442 0.773 0.778 0 13 0.042 13 1 0
43630 9 1 6 1 0.048 0.482 0.442 0.773 0.778 0 24 0.26 24.06 1 0
43630 10 1 6 1 0.048 0.482 0.442 0.773 0.778 0 8 0.008 9.027 1 0.487
43630 1 1 6 1 0.017 0.164 0.197 0.777 0.134 0.05 8 0.152 8.653 1 1
43630 2 1 6 1 0.017 0.164 0.197 0.777 0.134 71.123 207 75.577 294.98 0 0
43630 3 1 6 1 0.017 0.164 0.197 0.777 0.134 0 11 0.075 11.387 1 0
43630 4 1 6 1 0.017 0.164 0.197 0.777 0.134 109.705 192 114.947 227.847 0 0
43630 1 1 4 0 0.097 0.072 0.15 0.931 0.504 1.84 99 3.183 113.167 0.987 0
43630 2 1 4 0 0.097 0.072 0.15 0.931 0.504 0 12 0.103 12.94 1 0
43630 3 1 4 0 0.097 0.072 0.15 0.931 0.504 0 8 0.078 8 1 1
43630 4 1 4 0 0.097 0.072 0.15 0.931 0.504 0.995 93 1.764 103.307 1 0
43630 5 1 4 0 0.097 0.072 0.15 0.931 0.504 0 21 0.254 24.527 1 0
43630 6 1 4 0 0.097 0.072 0.15 0.931 0.504 0.696 72 1.577 81.06 1 0
43630 7 1 4 0 0.097 0.072 0.15 0.931 0.504 0 7 0.193 7.433 1 1
43630 8 1 4 0 0.097 0.072 0.15 0.931 0.504 1.293 103 2.277 116.493 1 0
43630 9 1 4 0 0.097 0.072 0.15 0.931 0.504 0.796 85 1.587 97.8 1 0
43630 10 1 4 0 0.097 0.072 0.15 0.931 0.504 0 11 0.086 12.76 1 0
43630 1 1 4 0 0.005 0.251 0.485 0.792 0.828 0 11 0.185 11.007 1 0
43630 2 1 4 0 0.005 0.251 0.485 0.792 0.828 1.838 112 2.982 122.407 1 0
43630 3 1 4 0 0.005 0.251 0.485 0.792 0.828 0.597 114 1.907 126.813 1 0
43630 4 1 4 0 0.005 0.251 0.485 0.792 0.828 0 18 0.115 19.713 1 0
43630 5 1 4 0 0.005 0.251 0.485 0.792 0.828 0.995 123 1.861 128.693 1 0
43630 6 1 4 0 0.005 0.251 0.485 0.792 0.828 0 9 0.192 9.427 1 0.873
43630 7 1 4 0 0.005 0.251 0.485 0.792 0.828 0.597 118 2.416 136.593 1 0
43630 8 1 4 0 0.005 0.251 0.485 0.792 0.828 0 18 0.141 19.073 1 0
43630 9 1 4 0 0.005 0.251 0.485 0.792 0.828 0 12 0.126 13.387 1 0
43630 10 1 4 0 0.005 0.251 0.485 0.792 0.828 0 5 0.133 5 1 1
43630 1 1 4 0 0.056 0.41 0.23 0.994 0.348 31.542 151 36.865 193.12 0 0
43630 2 1 4 0 0.056 0.41 0.23 0.994 0.348 61.832 169 66.956 230.52 0 0
43630 3 1 4 0 0.056 0.41 0.23 0.994 0.348 7.871 142 11.6 164.547 0 0
43630 4 1 4 0 0.056 0.41 0.23 0.994 0.348 16.656 150 29.51 178.227 0 0
43630 5 1 4 0 0.056 0.41 0.23 0.994 0.348 0 19 0.163 19 1 0
43630 6 1 4 0 0.056 0.41 0.23 0.994 0.348 3.278 167 5.889 196.56 0.327 0
43630 7 1 4 0 0.056 0.41 0.23 0.994 0.348 2.774 121 5.758 150.32 0.427 0
43630 8 1 4 0 0.056 0.41 0.23 0.994 0.348 6.452 148 13.154 190.353 0 0
43630 9 1 4 0 0.056 0.41 0.23 0.994 0.348 64.908 136 72.134 195.04 0 0
43630 10 1 4 0 0.056 0.41 0.23 0.994 0.348 0 2 0.086 2 1 1
43630 1 1 4 0 0.011 0.352 0.256 0.994 0.12 183.412 413 196.528 481.013 0 0
43630 2 1 4 0 0.011 0.352 0.256 0.994 0.12 232.757 402 238.011 482.353 0 0
43630 3 1 4 0 0.011 0.352 0.256 0.994 0.12 220.909 435 226.774 530.08 0 0
43630 4 1 4 0 0.011 0.352 0.256 0.994 0.12 234.916 494 240.431 567.533 0 0
43630 5 1 4 0 0.011 0.352 0.256 0.994 0.12 228.167 387 238.118 495 0 0
43630 6 1 4 0 0.011 0.352 0.256 0.994 0.12 145.781 304 151.465 385.347 0 0
43630 7 1 4 0 0.011 0.352 0.256 0.994 0.12 236.419 486 240.853 565.607 0 0
43630 8 1 4 0 0.011 0.352 0.256 0.994 0.12 229.953 430 237.976 518.493 0 0
43630 9 1 4 0 0.011 0.352 0.256 0.994 0.12 173.39 363 187.802 466.527 0 0
43630 10 1 4 0 0.011 0.352 0.256 0.994 0.12 201.926 364 208.338 498.127 0 0
43630 1 1 4 0 0.079 0.25 0.068 0.795 0.738 0.05 9 0.119 9.873 1 0.487
43630 2 1 4 0 0.079 0.25 0.068 0.795 0.738 4.22 142 5.392 163.22 0.367 0
43630 3 1 4 0 0.079 0.25 0.068 0.795 0.738 0 8 0.113 8 1 1
43630 4 1 4 0 0.079 0.25 0.068 0.795 0.738 0 9 0.025 9 1 1
43630 5 1 4 0 0.079 0.25 0.068 0.795 0.738 1.044 164 2.375 175.24 0.987 0
43630 6 1 4 0 0.079 0.25 0.068 0.795 0.738 0 7 0.053 7.733 1 1
43630 7 1 4 0 0.079 0.25 0.068 0.795 0.738 0 4 0 4 1 1
43630 8 1 4 0 0.079 0.25 0.068 0.795 0.738 0 7 0.14 7.327 1 1
43630 9 1 4 0 0.079 0.25 0.068 0.795 0.738 2.783 127 3.756 145.72 0.993 0
43630 10 1 4 0 0.079 0.25 0.068 0.795 0.738 1.535 129 3.972 150.193 0.74 0
43630 1 1 4 0 0.098 0.06 0.189 0.987 0.973 0.647 105 1.463 111.333 1 0
43630 2 1 4 0 0.098 0.06 0.189 0.987 0.973 0 14 0.123 16.293 1 0
43630 3 1 4 0 0.098 0.06 0.189 0.987 0.973 0 11 0.302 12.207 1 0
43630 4 1 4 0 0.098 0.06 0.189 0.987 0.973 0 14 0.173 14.573 1 0
43630 5 1 4 0 0.098 0.06 0.189 0.987 0.973 0.945 120 1.976 127.547 1 0
43630 6 1 4 0 0.098 0.06 0.189 0.987 0.973 1.194 119 2.519 131.867 1 0
43630 7 1 4 0 0.098 0.06 0.189 0.987 0.973 1.393 108 2.358 123.553 1 0
43630 8 1 4 0 0.098 0.06 0.189 0.987 0.973 0.895 111 1.974 122.18 1 0
43630 9 1 4 0 0.098 0.06 0.189 0.987 0.973 1.243 101 2.298 109.247 1 0
43630 10 1 4 0 0.098 0.06 0.189 0.987 0.973 1.443 102 2.506 116.413 1 0
43630 1 1 4 0 0.049 0.435 0.288 0.807 0.078 240.946 657 244.942 787.487 0 0
43630 2 1 4 0 0.049 0.435 0.288 0.807 0.078 235.052 661 245.324 898.807 0 0
43630 3 1 4 0 0.049 0.435 0.288 0.807 0.078 232.392 673 242.537 796.42 0 0
43630 4 1 4 0 0.049 0.435 0.288 0.807 0.078 239.45 639 245.469 777.947 0 0
43630 5 1 4 0 0.049 0.435 0.288 0.807 0.078 241.182 726 244.852 826.1 0 0
43630 6 1 4 0 0.049 0.435 0.288 0.807 0.078 236.21 571 242.426 707.647 0 0
43630 7 1 4 0 0.049 0.435 0.288 0.807 0.078 239.835 633 243.715 760.987 0 0
43630 8 1 4 0 0.049 0.435 0.288 0.807 0.078 237.056 623 243.428 758.073 0 0
43630 9 1 4 0 0.049 0.435 0.288 0.807 0.078 237.321 680 244.22 783.6 0 0
43630 10 1 4 0 0.049 0.435 0.288 0.807 0.078 237.717 723 243.388 820.667 0 0
43630 1 1 4 0 0.01 0.154 0.272 0.839 0.55 0 14 0.15 15.407 1 0
43630 2 1 4 0 0.01 0.154 0.272 0.839 0.55 0.1 19 0.256 20.513 1 0
43630 3 1 4 0 0.01 0.154 0.272 0.839 0.55 0.796 94 1.531 101.74 1 0
43630 1 1 5 0 0.035 0.015 0.134 0.808 0.331 0 27 0.206 27.487 1 0
43630 2 1 5 0 0.035 0.015 0.134 0.808 0.331 1.294 108 2.213 117.913 1 0
43630 3 1 5 0 0.035 0.015 0.134 0.808 0.331 0.995 118 2.225 126.953 1 0
43630 4 1 5 0 0.035 0.015 0.134 0.808 0.331 0.348 84 0.739 92.567 1 0
43630 5 1 5 0 0.035 0.015 0.134 0.808 0.331 1.094 132 2.538 145.027 1 0
43630 6 1 5 0 0.035 0.015 0.134 0.808 0.331 0.05 18 0.282 18.227 1 0
43630 7 1 5 0 0.035 0.015 0.134 0.808 0.331 0 13 0.18 13 1 0
43630 8 1 5 0 0.035 0.015 0.134 0.808 0.331 0 9 0.1 9 1 1
43630 9 1 5 0 0.035 0.015 0.134 0.808 0.331 0 9 0.073 12.78 1 0.027
43630 10 1 5 0 0.035 0.015 0.134 0.808 0.331 0.547 92 1.515 102.513 1 0
43630 1 1 5 0 0.033 0.18 0.365 0.775 0.12 0.199 98 0.861 103.367 1 0
43630 2 1 5 0 0.033 0.18 0.365 0.775 0.12 31.261 144 36.686 206.86 0 0
43630 3 1 5 0 0.033 0.18 0.365 0.775 0.12 49.998 91 62.888 161.1 0 0
43630 4 1 5 0 0.033 0.18 0.365 0.775 0.12 46.391 149 49.137 196.2 0 0
43630 5 1 5 0 0.033 0.18 0.365 0.775 0.12 32.098 107 40.358 154.307 0 0
43630 6 1 5 0 0.033 0.18 0.365 0.775 0.12 2.934 126 4.611 153.813 0.64 0
43630 7 1 5 0 0.033 0.18 0.365 0.775 0.12 3.578 134 7.739 172.293 0.347 0
43630 8 1 5 0 0.033 0.18 0.365 0.775 0.12 42.703 118 47.122 169.033 0 0
43630 9 1 5 0 0.033 0.18 0.365 0.775 0.12 0.896 86 4.022 116.073 0.66 0
43630 10 1 5 0 0.033 0.18 0.365 0.775 0.12 43.602 149 49.597 186.4 0 0
43630 1 1 5 0 0.119 0.412 0.306 0.787 0.009 249.435 17332 249.951 18816.22 0 0
43630 2 1 5 0 0.119 0.412 0.306 0.787 0.009 249.347 16803 249.929 18313.173 0 0
43630 3 1 5 0 0.119 0.412 0.306 0.787 0.009 249.565 26299 249.994 28298.72 0 0
43630 4 1 5 0 0.119 0.412 0.306 0.787 0.009 248.563 10783 249.765 12251.807 0 0
43630 5 1 5 0 0.119 0.412 0.306 0.787 0.009 249.252 17664 249.934 18924.527 0 0
43630 6 1 5 0 0.119 0.412 0.306 0.787 0.009 249.305 21580 249.961 22975.6 0 0
43630 7 1 5 0 0.119 0.412 0.306 0.787 0.009 249.042 17447 249.868 18240.093 0 0
43630 8 1 5 0 0.119 0.412 0.306 0.787 0.009 249.337 21197 249.927 22081.307 0 0
43630 9 1 5 0 0.119 0.412 0.306 0.787 0.009 248.891 15051 249.828 16381.207 0 0
43630 10 1 5 0 0.119 0.412 0.306 0.787 0.009 248.94 17294 249.886 17943.427 0 0
43630 1 1 5 0 0.017 0.496 0.325 0.833 0.788 0 22 0.145 24.413 1 0
43630 2 1 5 0 0.017 0.496 0.325 0.833 0.788 1.442 103 2.201 116.12 1 0
43630 3 1 5 0 0.017 0.496 0.325 0.833 0.788 0 16 0.139 16.473 1 0
43630 4 1 5 0 0.017 0.496 0.325 0.833 0.788 0 12 0.083 12.127 1 0
43630 5 1 5 0 0.017 0.496 0.325 0.833 0.788 0 39 0.238 39 1 0
43630 6 1 5 0 0.017 0.496 0.325 0.833 0.788 1.591 96 2.429 113.747 1 0
43630 7 1 5 0 0.017 0.496 0.325 0.833 0.788 0 15 0.035 15.12 1 0
43630 8 1 5 0 0.017 0.496 0.325 0.833 0.788 0 12 0.141 12 1 0
43630 9 1 5 0 0.017 0.496 0.325 0.833 0.788 0 4 0 4 1 1
43630 10 1 5 0 0.017 0.496 0.325 0.833 0.788 0 7 0.026 7 1 1
43630 1 1 5 0 0.015 0.393 0.321 0.89 0.234 22.885 142 25.713 182.88 0 0
43630 2 1 5 0 0.015 0.393 0.321 0.89 0.234 0.696 107 2.258 125.52 0.96 0
43630 3 1 5 0 0.015 0.393 0.321 0.89 0.234 38.359 135 42.256 181.733 0 0
43630 4 1 5 0 0.015 0.393 0.321 0.89 0.234 9.32 88 17.109 130.467 0 0
43630 5 1 5 0 0.015 0.393 0.321 0.89 0.234 8.888 102 11.471 139.46 0 0
43630 6 1 5 0 0.015 0.393 0.321 0.89 0.234 2.138 103 4.75 136.833 0.66 0
43630 7 1 5 0 0.015 0.393 0.321 0.89 0.234 20.047 150 27.349 186.467 0 0
43630 8 1 5 0 0.015 0.393 0.321 0.89 0.234 4.62 151 7.132 174.667 0.04 0
43630 9 1 5 0 0.015 0.393 0.321 0.89 0.234 45.702 164 49.095 186.84 0 0
43630 10 1 5 0 0.015 0.393 0.321 0.89 0.234 27.268 136 31.23 186.367 0 0
43630 1 1 5 0 0.024 0.299 0.491 0.979 0.565 0 19 0.153 19.013 1 0
43630 2 1 5 0 0.024 0.299 0.491 0.979 0.565 0.896 105 2.676 126.313 1 0
43630 3 1 5 0 0.024 0.299 0.491 0.979 0.565 0 11 0.026 11 1 0
43630 4 1 5 0 0.024 0.299 0.491 0.979 0.565 0.796 88 2.005 105.28 1 0
43630 5 1 5 0 0.024 0.299 0.491 0.979 0.565 1.194 115 2.338 123.28 1 0
43630 6 1 5 0 0.024 0.299 0.491 0.979 0.565 0.697 125 2.362 135.573 1 0
43630 7 1 5 0 0.024 0.299 0.491 0.979 0.565 1.492 88 2.186 106.107 1 0
43630 1 1 10 0 0.016 0.189 0.203 0.894 0.376 1.045 107 2.212 124.747 1 0
43630 2 1 10 0 0.016 0.189 0.203 0.894 0.376 2.123 95 3.464 117.827 0.887 0
43630 3 1 10 0 0.016 0.189 0.203 0.894 0.376 0.05 25 0.183 27.347 1 0
43630 4 1 10 0 0.016 0.189 0.203 0.894 0.376 0 22 0.063 22.227 1 0
43630 5 1 10 0 0.016 0.189 0.203 0.894 0.376 0 10 0.052 10 1 0
43630 6 1 10 0 0.016 0.189 0.203 0.894 0.376 0 11 0.093 11 1 0
43630 7 1 10 0 0.016 0.189 0.203 0.894 0.376 0.896 95 2.754 117.353 1 0
43630 8 1 10 0 0.016 0.189 0.203 0.894 0.376 0 6 0.121 8.16 1 1
43630 9 1 10 0 0.016 0.189 0.203 0.894 0.376 0 4 0.249 4 1 1
43630 10 1 10 0 0.016 0.189 0.203 0.894 0.376 0 12 0.148 13.547 1 0
43630 1 1 10 0 0.079 0.346 0.057 0.852 0.826 1.194 110 2.209 123.54 1 0
43630 2 1 10 0 0.079 0.346 0.057 0.852 0.826 0 12 0.109 13.033 1 0
43630 3 1 10 0 0.079 0.346 0.057 0.852 0.826 0 6 0.118 6 1 1
43630 4 1 10 0 0.079 0.346 0.057 0.852 0.826 0.05 21 0.208 24.893 1 0
43630 5 1 10 0 0.079 0.346 0.057 0.852 0.826 0 5 0.121 5.28 1 1
43630 6 1 10 0 0.079 0.346 0.057 0.852 0.826 0 9 0.085 9.1 1 0.9
43630 7 1 10 0 0.079 0.346 0.057 0.852 0.826 0 4 0.077 4 1 1
43630 8 1 10 0 0.079 0.346 0.057 0.852 0.826 0 4 0 4 1 1
43630 9 1 10 0 0.079 0.346 0.057 0.852 0.826 0 18 0.212 18 1 0
43630 10 1 10 0 0.079 0.346 0.057 0.852 0.826 0 11 0.057 11 1 0
43630 1 1 10 0 0.106 0.037 0.459 0.765 0.839 0 7 0.035 7 1 1
43630 2 1 10 0 0.106 0.037 0.459 0.765 0.839 0 10 0.143 10 1 0
43630 3 1 10 0 0.106 0.037 0.459 0.765 0.839 0 8 0.163 8.767 1 1
43630 4 1 10 0 0.106 0.037 0.459 0.765 0.839 0 8 0.055 8 1 1
43630 5 1 10 0 0.106 0.037 0.459 0.765 0.839 0 3 0 3 1 1
43630 6 1 10 0 0.106 0.037 0.459 0.765 0.839 0 20 0.065 21.8 1 0
43630 7 1 10 0 0.106 0.037 0.459 0.765 0.839 0 17 0.121 17 1 0
43630 8 1 10 0 0.106 0.037 0.459 0.765 0.839 0 8 0.079 9.847 1 0.4
43630 9 1 10 0 0.106 0.037 0.459 0.765 0.839 0 16 0.124 17.993 1 0
43630 10 1 10 0 0.106 0.037 0.459 0.765 0.839 0 5 0.045 5.507 1 1
43630 1 1 10 0 0.013 0.238 0.404 0.967 0.603 0 3 0.078 3 1 1
43630 2 1 10 0 0.013 0.238 0.404 0.967 0.603 0 6 0.012 6 1 1
43630 3 1 10 0 0.013 0.238 0.404 0.967 0.603 0.1 21 0.309 21.353 1 0
43630 4 1 10 0 0.013 0.238 0.404 0.967 0.603 0 11 0.075 11 1 0
43630 5 1 10 0 0.013 0.238 0.404 0.967 0.603 0 7 0.14 7 1 1
43630 6 1 10 0 0.013 0.238 0.404 0.967 0.603 0 3 0.005 3 1 1
43630 7 1 10 0 0.013 0.238 0.404 0.967 0.603 0 5 0.217 6.873 1 1
43630 8 1 10 0 0.013 0.238 0.404 0.967 0.603 0 4 0.01 4 1 1
43630 9 1 10 0 0.013 0.238 0.404 0.967 0.603 0 5 0.054 5.453 1 1
43630 10 1 10 0 0.013 0.238 0.404 0.967 0.603 0 9 0.025 9 1 1
43630 1 1 10 0 0.117 0.351 0.169 0.96 0.127 244.798 1371 247.914 1547.927 0 0
43630 2 1 10 0 0.117 0.351 0.169 0.96 0.127 0 2 0.003 2 1 1
43630 3 1 10 0 0.117 0.351 0.169 0.96 0.127 245.829 1781 248.806 2157.447 0 0
43630 4 1 10 0 0.117 0.351 0.169 0.96 0.127 245.644 1463 248.238 1704.207 0 0
43630 5 1 10 0 0.117 0.351 0.169 0.96 0.127 241.136 1093 247.385 1387.793 0 0
43630 6 1 10 0 0.117 0.351 0.169 0.96 0.127 245.276 1331 248.072 1600.807 0 0
43630 7 1 10 0 0.117 0.351 0.169 0.96 0.127 244.809 1255 248.177 1549.927 0 0
43630 8 1 10 0 0.117 0.351 0.169 0.96 0.127 245.818 1462 248.543 1752.607 0 0
43630 9 1 10 0 0.117 0.351 0.169 0.96 0.127 244.4 1166 248.229 1417.7 0 0
43630 10 1 10 0 0.117 0.351 0.169 0.96 0.127 246.212 1823 248.802 2019.78 0 0
43630 1 1 10 0 0.097 0.002 0.36 0.972 0.861 0 3 0 3 1 1
43630 2 1 10 0 0.097 0.002 0.36 0.972 0.861 0 6 0.041 6.28 1 1
43630 3 1 10 0 0.097 0.002 0.36 0.972 0.861 0 8 0.178 8.26 1 1
43630 4 1 10 0 0.097 0.002 0.36 0.972 0.861 0 3 0 3 1 1
43630 5 1 10 0 0.097 0.002 0.36 0.972 0.861 0 7 0.097 7 1 1
43630 6 1 10 0 0.097 0.002 0.36 0.972 0.861 0 9 0.153 9 1 1
43630 7 1 10 0 0.097 0.002 0.36 0.972 0.861 0 14 0.048 14.387 1 0
43630 8 1 10 0 0.097 0.002 0.36 0.972 0.861 0 10 0.017 10 1 0
43630 9 1 10 0 0.097 0.002 0.36 0.972 0.861 0 21 0.265 22.713 1 0
43630 10 1 10 0 0.097 0.002 0.36 0.972 0.861 0 7 0.05 7.067 1 0.993
43630 1 1 10 0 0.077 0.364 0.306 0.994 0.544 0 8 0.063 8.933 1 1
43630 2 1 10 0 0.077 0.364 0.306 0.994 0.544 0 3 0 3 1 1
43630 3 1 10 0 0.077 0.364 0.306 0.994 0.544 0.05 7 0.132 7.173 1 1
43630 4 1 10 0 0.077 0.364 0.306 0.994 0.544 0 1 0 1 1 1
43630 5 1 10 0 0.077 0.364 0.306 0.994 0.544 0.05 18 0.261 19.893 1 0
43630 6 1 10 0 0.077 0.364 0.306 0.994 0.544 0 12 0.105 12.053 1 0
43630 7 1 10 0 0.077 0.364 0.306 0.994 0.544 0 4 0.01 4 1 1
43630 8 1 10 0 0.077 0.364 0.306 0.994 0.544 0 8 0.003 8 1 1
43630 9 1 10 0 0.077 0.364 0.306 0.994 0.544 0 6 0.085 6.553 1 1
43630 10 1 10 0 0.077 0.364 0.306 0.994 0.544 0 11 0.084 11.96 1 0
43630 1 1 10 0 0.035 0.379 0.203 0.786 0.557 0 9 0.024 9 1 1
43630 2 1 10 0 0.035 0.379 0.203 0.786 0.557 0 15 0.049 15 1 0
43630 3 1 10 0 0.035 0.379 0.203 0.786 0.557 0 13 0.069 13 1 0
43630 4 1 10 0 0.035 0.379 0.203 0.786 0.557 0 16 0.121 16.68 1 0
43630 5 1 10 0 0.035 0.379 0.203 0.786 0.557 0 10 0.049 10 1 0
43630 6 1 10 0 0.035 0.379 0.203 0.786 0.557 0 9 0.048 9.08 1 0.92
43630 7 1 10 0 0.035 0.379 0.203 0.786 0.557 0 9 0.074 9 1 1
43630 8 1 10 0 0.035 0.379 0.203 0.786 0.557 1.691 98 4.29 113.58 0.593 0
43630 9 1 10 0 0.035 0.379 0.203 0.786 0.557 0 4 0 4 1 1
43630 10 1 10 0 0.035 0.379 0.203 0.786 0.557 0.448 79 0.797 82.74 1 0
43630 1 1 10 0 0.027 0.291 0.301 0.843 0.545 0 8 0.008 8 1 1
43630 2 1 10 0 0.027 0.291 0.301 0.843 0.545 0 4 0.137 4 1 1
43630 3 1 10 0 0.027 0.291 0.301 0.843 0.545 0 13 0.118 13 1 0
43630 4 1 10 0 0.027 0.291 0.301 0.843 0.545 0 8 0.038 8 1 1
43630 5 1 10 0 0.027 0.291 0.301 0.843 0.545 0 12 0.028 12 1 0
43630 6 1 10 0 0.027 0.291 0.301 0.843 0.545 0 3 0.028 3 1 1
43630 7 1 10 0 0.027 0.291 0.301 0.843 0.545 0.05 23 0.289 23.733 1 0
43630 8 1 10 0 0.027 0.291 0.301 0.843 0.545 0 12 0.051 12 1 0
43630 9 1 10 0 0.027 0.291 0.301 0.843 0.545 0.05 9 0.186 9.62 1 0.38
43630 10 1 10 0 0.027 0.291 0.301 0.843 0.545 0 8 0.001 8 1 1
43630 1 1 10 0 0.045 0.146 0.202 0.886 0.306 0 13 0.088 13 1 0
43630 2 1 10 0 0.045 0.146 0.202 0.886 0.306 0 12 0.055 12.907 1 0
43630 3 1 10 0 0.045 0.146 0.202 0.886 0.306 0 3 0 3 1 1
43630 4 1 10 0 0.045 0.146 0.202 0.886 0.306 0 10 0.061 10 1 0
43630 5 1 10 0 0.045 0.146 0.202 0.886 0.306 0.05 5 0.332 6.807 1 0.9
43630 6 1 10 0 0.045 0.146 0.202 0.886 0.306 0 10 0.022 10 1 0
43630 7 1 10 0 0.045 0.146 0.202 0.886 0.306 0 19 0.071 19 1 0
43630 8 1 10 0 0.045 0.146 0.202 0.886 0.306 0.945 118 2.563 129.133 0.98 0
43630 9 1 10 0 0.045 0.146 0.202 0.886 0.306 0 17 0.068 17 1 0
43630 10 1 10 0 0.045 0.146 0.202 0.886 0.306 0 11 0.13 11 1 0
43630 1 1 10 0 0.046 0.488 0.4 0.791 0.785 0 4 0 4 1 1
43630 2 1 10 0 0.046 0.488 0.4 0.791 0.785 0 4 0.212 4 1 1
43630 1 2 3 1 0.061 0.073 0.06 0.911 0.408 66.187 190 72.975 254.647 0 0
43630 2 2 3 1 0.061 0.073 0.06 0.911 0.408 67.651 117 77.205 181.82 0 0
43630 3 2 3 1 0.061 0.073 0.06 0.911 0.408 49.561 157 56.462 212.72 0 0
43630 4 2 3 1 0.061 0.073 0.06 0.911 0.408 65.157 162 73.436 212.713 0 0
43630 5 2 3 1 0.061 0.073 0.06 0.911 0.408 77.878 163 83.697 263.66 0 0
43630 6 2 3 1 0.061 0.073 0.06 0.911 0.408 68.248 150 76.107 207.433 0 0
43630 7 2 3 1 0.061 0.073 0.06 0.911 0.408 73.309 161 78.763 232.193 0 0
43630 8 2 3 1 0.061 0.073 0.06 0.911 0.408 63.572 112 67.178 171.347 0 0
43630 9 2 3 1 0.061 0.073 0.06 0.911 0.408 79.462 169 85.191 229.373 0 0
43630 10 2 3 1 0.061 0.073 0.06 0.911 0.408 53.824 191 57.029 233.953 0 0
43630 1 2 3 1 0.088 0.23 0.138 0.789 0.364 150.034 298 157.45 447.373 0 0
43630 2 2 3 1 0.088 0.23 0.138 0.789 0.364 133.286 266 141.771 389.44 0 0
43630 3 2 3 1 0.088 0.23 0.138 0.789 0.364 136.961 264 144.293 371.853 0 0
43630 4 2 3 1 0.088 0.23 0.138 0.789 0.364 150.178 258 162.822 394.387 0 0
43630 5 2 3 1 0.088 0.23 0.138 0.789 0.364 159.025 324 165.217 415.853 0 0
43630 6 2 3 1 0.088 0.23 0.138 0.789 0.364 164.142 447 178.644 559.233 0 0
43630 7 2 3 1 0.088 0.23 0.138 0.789 0.364 148.282 242 155.861 390.587 0 0
43630 8 2 3 1 0.088 0.23 0.138 0.789 0.364 161.441 346 167.305 467.247 0 0
43630 9 2 3 1 0.088 0.23 0.138 0.789 0.364 143.459 232 154.071 370.847 0 0
43630 10 2 3 1 0.088 0.23 0.138 0.789 0.364 186.674 391 192.229 495.78 0 0
43630 1 2 3 1 0.089 0.385 0.474 0.902 0.182 68.11 121 73.488 186.787 0 0
43630 2 2 3 1 0.089 0.385 0.474 0.902 0.182 67.585 142 76.754 194.373 0 0
43630 3 2 3 1 0.089 0.385 0.474 0.902 0.182 61.142 153 69.371 219.56 0 0
43630 4 2 3 1 0.089 0.385 0.474 0.902 0.182 72.78 196 76.908 263.413 0 0
43630 5 2 3 1 0.089 0.385 0.474 0.902 0.182 76.893 161 79.972 215.44 0 0
43630 6 2 3 1 0.089 0.385 0.474 0.902 0.182 82.117 183 87.682 248.88 0 0
43630 7 2 3 1 0.089 0.385 0.474 0.902 0.182 82.76 192 88.386 264.133 0 0
43630 8 2 3 1 0.089 0.385 0.474 0.902 0.182 72.023 123 75.892 182.827 0 0
43630 9 2 3 1 0.089 0.385 0.474 0.902 0.182 89.968 165 98.534 232.607 0 0
43630 10 2 3 1 0.089 0.385 0.474 0.902 0.182 68.888 133 74.456 196.387 0 0
43630 1 2 3 1 0.037 0.045 0.21 0.776 0.396 2.386 122 3.967 142.3 0.94 0
43630 2 2 3 1 0.037 0.045 0.21 0.776 0.396 0.944 112 2.799 128.667 1 0
43630 3 2 3 1 0.037 0.045 0.21 0.776 0.396 1.343 116 3.507 133.287 0.987 0
43630 4 2 3 1 0.037 0.045 0.21 0.776 0.396 1.936 111 3.295 123.773 0.993 0
43630 5 2 3 1 0.037 0.045 0.21 0.776 0.396 2.626 118 4.381 135.013 0.76 0
43630 6 2 3 1 0.037 0.045 0.21 0.776 0.396 1.095 93 4.519 108.8 0.627 0
43630 7 2 3 1 0.037 0.045 0.21 0.776 0.396 1.79 100 3.08 120.44 1 0
43630 8 2 3 1 0.037 0.045 0.21 0.776 0.396 1.741 97 3.862 117.413 0.78 0
43630 9 2 3 1 0.037 0.045 0.21 0.776 0.396 3.066 111 4.37 126.013 0.78 0
43630 10 2 3 1 0.037 0.045 0.21 0.776 0.396 1.492 109 3.37 129.433 0.933 0
43630 1 2 3 1 0.025 0.071 0.37 0.952 0.601 2.437 101 4.496 116.54 0.7 0
43630 2 2 3 1 0.025 0.071 0.37 0.952 0.601 0.845 116 2.327 132.707 1 0
43630 3 2 3 1 0.025 0.071 0.37 0.952 0.601 2.139 107 3.15 123.973 1 0
43630 4 2 3 1 0.025 0.071 0.37 0.952 0.601 1.882 114 4.311 129.96 0.687 0
43630 5 2 3 1 0.025 0.071 0.37 0.952 0.601 1.74 126 3.006 139.687 0.993 0
43630 6 2 3 1 0.025 0.071 0.37 0.952 0.601 2.089 123 3.781 141.047 0.98 0
43630 7 2 3 1 0.025 0.071 0.37 0.952 0.601 2.435 118 3.981 132.787 0.907 0
43630 8 2 3 1 0.025 0.071 0.37 0.952 0.601 1.735 121 3.665 135.14 0.893 0
43630 9 2 3 1 0.025 0.071 0.37 0.952 0.601 2.287 89 3.247 110.347 1 0
43630 10 2 3 1 0.025 0.071 0.37 0.952 0.601 1.99 123 3.283 140.073 0.987 0
43630 1 2 3 1 0.117 0.214 0.366 0.97 0.243 31.264 95 37.494 139.693 0 0
43630 2 2 3 1 0.117 0.214 0.366 0.97 0.243 2.224 109 5.248 124.367 0.413 0
43630 3 2 3 1 0.117 0.214 0.366 0.97 0.243 2.087 115 4.398 147.067 0.64 0
43630 4 2 3 1 0.117 0.214 0.366 0.97 0.243 8.165 113 10.422 147.22 0 0
43630 5 2 3 1 0.117 0.214 0.366 0.97 0.243 4.908 86 7.363 115.387 0.013 0
43630 6 2 3 1 0.117 0.214 0.366 0.97 0.243 5.788 96 9.137 128.067 0 0
43630 7 2 3 1 0.117 0.214 0.366 0.97 0.243 3.938 87 7.979 129.373 0.18 0
43630 8 2 3 1 0.117 0.214 0.366 0.97 0.243 2.621 102 4.448 124.48 0.733 0
43630 9 2 3 1 0.117 0.214 0.366 0.97 0.243 3.346 114 6.854 135.54 0.293 0
43630 10 2 3 1 0.117 0.214 0.366 0.97 0.243 36.569 141 41.587 177.273 0 0
43630 1 2 3 1 0.022 0.083 0.401 0.87 0.877 1.042 97 2.562 124.207 1 0
43630 2 2 3 1 0.022 0.083 0.401 0.87 0.877 2.335 110 3.764 128.68 0.813 0
43630 1 2 8 1 0.078 0.474 0.381 0.946 0.557 1.641 108 3.748 123.12 0.933 0
43630 2 2 8 1 0.078 0.474 0.381 0.946 0.557 1.393 113 3.265 146.84 0.92 0
43630 3 2 8 1 0.078 0.474 0.381 0.946 0.557 1.393 101 2.988 122.507 1 0
43630 4 2 8 1 0.078 0.474 0.381 0.946 0.557 1.592 108 2.915 119.913 1 0
43630 5 2 8 1 0.078 0.474 0.381 0.946 0.557 1.493 92 2.547 105.687 1 0
43630 6 2 8 1 0.078 0.474 0.381 0.946 0.557 2.386 110 3.732 131.387 1 0
43630 7 2 8 1 0.078 0.474 0.381 0.946 0.557 1.038 85 2.833 106.847 0.967 0
43630 8 2 8 1 0.078 0.474 0.381 0.946 0.557 0.447 98 2.375 114.407 0.947 0
43630 9 2 8 1 0.078 0.474 0.381 0.946 0.557 1.89 99 3.497 120.007 0.987 0
43630 10 2 8 1 0.078 0.474 0.381 0.946 0.557 2.139 99 3.461 117.347 0.993 0
43630 1 2 8 1 0.068 0.08 0.002 0.77 0.687 0.05 14 0.211 14 1 0
43630 2 2 8 1 0.068 0.08 0.002 0.77 0.687 0 10 0.024 10 1 0
43630 3 2 8 1 0.068 0.08 0.002 0.77 0.687 0 8 0.192 8 1 1
43630 4 2 8 1 0.068 0.08 0.002 0.77 0.687 1.59 65 3.103 88.847 0.907 0
43630 5 2 8 1 0.068 0.08 0.002 0.77 0.687 1.641 80 4.033 115.113 0.753 0
43630 6 2 8 1 0.068 0.08 0.002 0.77 0.687 1.642 75 3.486 103.46 0.793 0
43630 7 2 8 1 0.068 0.08 0.002 0.77 0.687 0 7 0.068 7 1 1
43630 8 2 8 1 0.068 0.08 0.002 0.77 0.687 0 13 0.217 13.313 1 0
43630 9 2 8 1 0.068 0.08 0.002 0.77 0.687 0 8 0.198 9.067 1 0.927
43630 10 2 8 1 0.068 0.08 0.002 0.77 0.687 0 8 0.096 8 1 1
43630 1 2 8 1 0.064 0.074 0.298 0.843 0.063 123.599 182 128.018 270.873 0 0
43630 2 2 8 1 0.064 0.074 0.298 0.843 0.063 106.063 190 110.893 270.7 0 0
43630 3 2 8 1 0.064 0.074 0.298 0.843 0.063 100.535 190 107.682 254.113 0 0
43630 4 2 8 1 0.064 0.074 0.298 0.843 0.063 114.821 196 118.932 275.167 0 0
43630 5 2 8 1 0.064 0.074 0.298 0.843 0.063 134.476 203 142.711 310.933 0 0
43630 6 2 8 1 0.064 0.074 0.298 0.843 0.063 121.722 202 128.804 299.3 0 0
43630 7 2 8 1 0.064 0.074 0.298 0.843 0.063 101.638 200 107.757 259.127 0 0
43630 8 2 8 1 0.064 0.074 0.298 0.843 0.063 105.156 137 110.591 210.567 0 0
43630 9 2 8 1 0.064 0.074 0.298 0.843 0.063 101.403 166 107.308 236.26 0 0
43630 10 2 8 1 0.064 0.074 0.298 0.843 0.063 122.156 231 127.23 301.447 0 0
43630 1 2 8 1 0.066 0.474 0.375 0.803 0.581 2.235 93 3.222 112.913 0.98 0
43630 2 2 8 1 0.066 0.474 0.375 0.803 0.581 1.791 90 2.906 111.12 1 0
43630 3 2 8 1 0.066 0.474 0.375 0.803 0.581 1.243 110 2.706 121.54 1 0
43630 4 2 8 1 0.066 0.474 0.375 0.803 0.581 1.541 105 2.861 123.013 0.98 0
43630 5 2 8 1 0.066 0.474 0.375 0.803 0.581 1.492 74 3.127 110.333 1 0
43630 6 2 8 1 0.066 0.474 0.375 0.803 0.581 0.995 102 2.975 120.133 1 0
43630 7 2 8 1 0.066 0.474 0.375 0.803 0.581 0.995 74 2.817 96.193 1 0
43630 8 2 8 1 0.066 0.474 0.375 0.803 0.581 1.393 93 3.128 106.373 1 0
43630 9 2 8 1 0.066 0.474 0.375 0.803 0.581 1.54 105 2.764 126.28 1 0
43630 10 2 8 1 0.066 0.474 0.375 0.803 0.581 0.945 97 3.117 114.2 0.973 0
43630 1 2 8 1 0.082 0.37 0.28 0.974 0.705 1.194 102 3.089 117.9 0.913 0
43630 2 2 8 1 0.082 0.37 0.28 0.974 0.705 1.044 98 2.209 112.893 1 0
43630 3 2 8 1 0.082 0.37 0.28 0.974 0.705 0.1 94 0.463 95.16 1 0
43630 4 2 8 1 0.082 0.37 0.28 0.974 0.705 1.243 107 2.253 122.633 1 0
43630 5 2 8 1 0.082 0.37 0.28 0.974 0.705 1.492 89 2.845 109.993 1 0
43630 6 2 8 1 0.082 0.37 0.28 0.974 0.705 1.343 113 2.449 128.173 1 0
43630 7 2 8 1 0.082 0.37 0.28 0.974 0.705 1.542 99 2.414 119.007 1 0
43630 8 2 8 1 0.082 0.37 0.28 0.974 0.705 1.59 102 2.784 120.573 1 0
43630 9 2 8 1 0.082 0.37 0.28 0.974 0.705 1.69 93 2.624 116.68 1 0
43630 10 2 8 1 0.082 0.37 0.28 0.974 0.705 1.343 80 2.456 101.48 1 0
43630 1 2 8 1 0.029 0.24 0.258 0.758 0.089 239.71 764 246.19 965.073 0 0
43630 2 2 8 1 0.029 0.24 0.258 0.758 0.089 242.355 798 247.61 990.747 0 0
43630 3 2 8 1 0.029 0.24 0.258 0.758 0.089 243.714 824 247.035 1015.453 0 0
43630 4 2 8 1 0.029 0.24 0.258 0.758 0.089 239.795 743 245.625 869.3 0 0
43630 5 2 8 1 0.029 0.24 0.258 0.758 0.089 242.217 786 246.574 903.82 0 0
43630 6 2 8 1 0.029 0.24 0.258 0.758 0.089 239.278 741 245.849 927.673 0 0
43630 7 2 8 1 0.029 0.24 0.258 0.758 0.089 242.53 776 246.11 896.98 0 0
43630 8 2 8 1 0.029 0.24 0.258 0.758 0.089 243.056 746 247.107 956.533 0 0
43630 9 2 8 1 0.029 0.24 0.258 0.758 0.089 238.282 738 246.075 1004.713 0 0
43630 10 2 8 1 0.029 0.24 0.258 0.758 0.089 241.138 738 246.025 869.5 0 0
43630 1 2 8 1 0.096 0.186 0.227 0.997 0.432 2.924 96 5.544 114.52 0.44 0
43630 2 2 8 1 0.096 0.186 0.227 0.997 0.432 1.294 120 3.875 154.353 0.827 0
43630 3 2 8 1 0.096 0.186 0.227 0.997 0.432 2.785 86 5.625 104.913 0.473 0
43630 4 2 8 1 0.096 0.186 0.227 0.997 0.432 0.688 82 4.113 99.9 0.767 0
43630 5 2 8 1 0.096 0.186 0.227 0.997 0.432 4.099 99 7.603 128.16 0.093 0
43630 6 2 8 1 0.096 0.186 0.227 0.997 0.432 1.492 114 3.375 129.62 0.947 0
43630 1 2 4 0 0.107 0.488 0.426 0.801 0.953 1.741 118 2.941 135.04 1 0
43630 2 2 4 0 0.107 0.488 0.426 0.801 0.953 1.144 114 3.372 127.487 0.82 0
43630 3 2 4 0 0.107 0.488 0.426 0.801 0.953 1.193 103 2.759 116.7 1 0
43630 4 2 4 0 0.107 0.488 0.426 0.801 0.953 1.741 100 3.108 115.9 0.993 0
43630 5 2 4 0 0.107 0.488 0.426 0.801 0.953 1.337 112 2.704 129.627 1 0
43630 6 2 4 0 0.107 0.488 0.426 0.801 0.953 3.574 109 5.152 131.007 0.413 0
43630 7 2 4 0 0.107 0.488 0.426 0.801 0.953 1.635 115 3.453 131.32 1 0
43630 8 2 4 0 0.107 0.488 0.426 0.801 0.953 1.64 93 3.27 111.82 0.98 0
43630 9 2 4 0 0.107 0.488 0.426 0.801 0.953 0.796 108 3.404 131.993 0.9 0
43630 10 2 4 0 0.107 0.488 0.426 0.801 0.953 1.981 107 3.492 135.373 0.853 0
43630 1 2 4 0 0.083 0.244 0.446 0.767 0.438 1.341 116 2.799 130.92 1 0
43630 2 2 4 0 0.083 0.244 0.446 0.767 0.438 1.386 110 2.515 127.467 1 0
43630 3 2 4 0 0.083 0.244 0.446 0.767 0.438 1.541 111 3.344 131.567 0.967 0
43630 4 2 4 0 0.083 0.244 0.446 0.767 0.438 2.635 105 4.586 124.533 0.68 0
43630 5 2 4 0 0.083 0.244 0.446 0.767 0.438 2.381 115 3.675 133.333 0.987 0
43630 6 2 4 0 0.083 0.244 0.446 0.767 0.438 1.839 99 4.327 123.573 0.747 0
43630 7 2 4 0 0.083 0.244 0.446 0.767 0.438 1.782 78 3.189 98.48 0.913 0
43630 8 2 4 0 0.083 0.244 0.446 0.767 0.438 2.387 115 3.647 131.633 0.98 0
43630 9 2 4 0 0.083 0.244 0.446 0.767 0.438 2.896 117 4.385 133.487 0.813 0
43630 10 2 4 0 0.083 0.244 0.446 0.767 0.438 1.144 97 3.467 111.807 0.893 0
43630 1 2 4 0 0.041 0.315 0.353 0.987 0.057 239.927 802 246.277 1060.613 0 0
43630 2 2 4 0 0.041 0.315 0.353 0.987 0.057 243.234 1029 247.213 1183.5 0 0
43630 3 2 4 0 0.041 0.315 0.353 0.987 0.057 242.65 778 246.423 961.007 0 0
43630 4 2 4 0 0.041 0.315 0.353 0.987 0.057 243.906 947 247.115 1173.353 0 0
43630 5 2 4 0 0.041 0.315 0.353 0.987 0.057 241.887 893 246.911 1059.453 0 0
43630 6 2 4 0 0.041 0.315 0.353 0.987 0.057 241.05 870 247.057 1079.94 0 0
43630 7 2 4 0 0.041 0.315 0.353 0.987 0.057 242.909 908 247.216 1131.307 0 0
43630 8 2 4 0 0.041 0.315 0.353 0.987 0.057 240.777 778 245.941 959.533 0 0
43630 9 2 4 0 0.041 0.315 0.353 0.987 0.057 242.645 873 246.35 1057.6 0 0
43630 10 2 4 0 0.041 0.315 0.353 0.987 0.057 243.436 826 247.055 1047.693 0 0
43630 1 2 4 0 0.002 0.103 0.489 0.911 0.706 2.136 113 4.032 131.927 0.767 0
43630 2 2 4 0 0.002 0.103 0.489 0.911 0.706 1.938 119 3.779 135.407 0.967 0
43630 3 2 4 0 0.002 0.103 0.489 0.911 0.706 2.385 113 3.898 127.78 0.84 0
43630 4 2 4 0 0.002 0.103 0.489 0.911 0.706 0.746 94 3.127 108.973 0.98 0
43630 5 2 4 0 0.002 0.103 0.489 0.911 0.706 1.094 132 3.542 149.82 0.953 0
43630 6 2 4 0 0.002 0.103 0.489 0.911 0.706 0.945 112 2.673 133.9 1 0
43630 7 2 4 0 0.002 0.103 0.489 0.911 0.706 2.385 102 4.084 118.04 0.88 0
43630 8 2 4 0 0.002 0.103 0.489 0.911 0.706 1.144 141 2.919 155.4 1 0
43630 9 2 4 0 0.002 0.103 0.489 0.911 0.706 2.635 109 3.806 124.787 1 0
43630 10 2 4 0 0.002 0.103 0.489 0.911 0.706 1.592 109 2.732 123.847 0.987 0
43630 1 2 4 0 0.013 0.395 0.402 0.797 0.245 48.673 124 51.69 188.307 0 0
43630 2 2 4 0 0.013 0.395 0.402 0.797 0.245 59.342 94 65.581 162.353 0 0
43630 3 2 4 0 0.013 0.395 0.402 0.797 0.245 40.21 155 43.899 207.413 0 0
43630 4 2 4 0 0.013 0.395 0.402 0.797 0.245 34.331 131 41.289 183.113 0 0
43630 5 2 4 0 0.013 0.395 0.402 0.797 0.245 54.357 110 57.215 170.473 0 0
43630 6 2 4 0 0.013 0.395 0.402 0.797 0.245 7.029 81 10.825 120.753 0 0
43630 7 2 4 0 0.013 0.395 0.402 0.797 0.245 56.275 120 60.355 167.687 0 0
43630 8 2 4 0 0.013 0.395 0.402 0.797 0.245 45.674 150 50.598 199.867 0 0
43630 9 2 4 0 0.013 0.395 0.402 0.797 0.245 49.832 81 53.093 151.58 0 0
43630 10 2 4 0 0.013 0.395 0.402 0.797 0.245 66.876 145 73.468 198.24 0 0
43630 1 2 4 0 0.004 0.38 0.458 0.851 0.986 2.287 124 5.416 142.847 0.38 0
43630 2 2 4 0 0.004 0.38 0.458 0.851 0.986 0.994 129 2.521 138.113 1 0
43630 3 2 4 0 0.004 0.38 0.458 0.851 0.986 1.492 102 3.117 123.9 0.993 0
43630 4 2 4 0 0.004 0.38 0.458 0.851 0.986 1.475 119 2.957 138.727 1 0
43630 5 2 4 0 0.004 0.38 0.458 0.851 0.986 1.342 113 2.775 131.987 1 0
43630 6 2 4 0 0.004 0.38 0.458 0.851 0.986 1.741 102 3.448 129.853 0.993 0
43630 7 2 4 0 0.004 0.38 0.458 0.851 0.986 1.839 143 2.96 163.733 0.993 0
43630 8 2 4 0 0.004 0.38 0.458 0.851 0.986 1.442 107 3.02 129.34 1 0
43630 9 2 4 0 0.004 0.38 0.458 0.851 0.986 0.746 98 3.152 118.827 1 0
43630 10 2 4 0 0.004 0.38 0.458 0.851 0.986 1.94 105 3.097 126.227 1 0
43630 1 2 4 0 0.112 0.273 0.071 0.821 0.527 33.957 101 46.238 164.64 0 0
43630 2 2 4 0 0.112 0.273 0.071 0.821 0.527 5.354 68 11.716 130.573 0 0
43630 3 2 4 0 0.112 0.273 0.071 0.821 0.527 15.238 86 18.841 117.233 0 0
43630 4 2 4 0 0.112 0.273 0.071 0.821 0.527 8.263 96 13.649 127.673 0 0
43630 5 2 4 0 0.112 0.273 0.071 0.821 0.527 5.218 110 11.131 164.167 0 0
43630 6 2 4 0 0.112 0.273 0.071 0.821 0.527 0 10 0.072 10.093 1 0
43630 7 2 4 0 0.112 0.273 0.071 0.821 0.527 9.392 123 24.855 202.273 0 0
43630 8 2 4 0 0.112 0.273 0.071 0.821 0.527 6.412 110 12.28 148.433 0 0
43630 9 2 4 0 0.112 0.273 0.071 0.821 0.527 7.477 108 11.172 130.84 0 0
43630 10 2 4 0 0.112 0.273 0.071 0.821 0.527 6.583 111 10.381 138.473 0 0
43630 1 2 4 0 0.079 0.101 0.445 0.859 0.899 2.188 91 3.735 115.687 0.833 0
43630 1 1 3 0 0.075 0.331 0.157 0.94 0.869 1.839 121 3.324 137.087 1 0
43630 2 1 3 0 0.075 0.331 0.157 0.94 0.869 1.144 105 2.462 118.86 1 0
43630 3 1 3 0 0.075 0.331 0.157 0.94 0.869 2.038 98 3.714 110.887 1 0
43630 4 1 3 0 0.075 0.331 0.157 0.94 0.869 1.094 118 2.285 128.64 1 0
43630 5 1 3 0 0.075 0.331 0.157 0.94 0.869 1.294 101 2.122 107.913 1 0
43630 6 1 3 0 0.075 0.331 0.157 0.94 0.869 1.542 127 2.447 135.047 1 0
43630 7 1 3 0 0.075 0.331 0.157 0.94 0.869 1.442 107 2.574 119.94 1 0
43630 8 1 3 0 0.075 0.331 0.157 0.94 0.869 0 10 0.001 10 1 0
43630 9 1 3 0 0.075 0.331 0.157 0.94 0.869 0 8 0.098 8.373 1 1
43630 10 1 3 0 0.075 0.331 0.157 0.94 0.869 1.492 113 2.443 131.42 1 0
43630 1 1 3 0 0.007 0.085 0.471 0.948 0.229 1.095 112 1.92 124.593 1 0
43630 2 1 3 0 0.007 0.085 0.471 0.948 0.229 0.945 100 2.566 116.187 1 0
43630 3 1 3 0 0.007 0.085 0.471 0.948 0.229 0 15 0.143 15.393 1 0
43630 4 1 3 0 0.007 0.085 0.471 0.948 0.229 0.149 91 0.878 97.647 1 0
43630 5 1 3 0 0.007 0.085 0.471 0.948 0.229 1.194 113 2.629 128.073 1 0
43630 6 1 3 0 0.007 0.085 0.471 0.948 0.229 0 9 0.078 9 1 1
43630 7 1 3 0 0.007 0.085 0.471 0.948 0.229 0.05 14 0.176 14 1 0
43630 8 1 3 0 0.007 0.085 0.471 0.948 0.229 0.746 105 1.727 114.98 1 0
43630 9 1 3 0 0.007 0.085 0.471 0.948 0.229 0 11 0.036 11 1 0
43630 10 1 3 0 0.007 0.085 0.471 0.948 0.229 1.741 118 2.635 130.533 1 0
43630 1 1 3 0 0.087 0.283 0.339 0.847 0.893 1.044 102 2.048 110.913 1 0
43630 2 1 3 0 0.087 0.283 0.339 0.847 0.893 1.592 103 2.76 113.973 1 0
43630 3 1 3 0 0.087 0.283 0.339 0.847 0.893 0 10 0.096 10.02 1 0
43630 4 1 3 0 0.087 0.283 0.339 0.847 0.893 0.697 109 2.948 122.62 1 0
43630 5 1 3 0 0.087 0.283 0.339 0.847 0.893 0.846 124 1.748 134.393 1 0
43630 6 1 3 0 0.087 0.283 0.339 0.847 0.893 1.094 94 2.529 113.673 1 0
43630 7 1 3 0 0.087 0.283 0.339 0.847 0.893 1.194 123 2.41 131.667 1 0
43630 8 1 3 0 0.087 0.283 0.339 0.847 0.893 0 12 0.108 12.22 1 0
43630 9 1 3 0 0.087 0.283 0.339 0.847 0.893 0 14 0.134 14 1 0
43630 10 1 3 0 0.087 0.283 0.339 0.847 0.893 1.442 112 2.283 125.153 1 0
43630 1 1 3 0 0.007 0.105 0.386 0.864 0.267 0 28 0.209 29.28 1 0
43630 2 1 3 0 0.007 0.105 0.386 0.864 0.267 1.194 110 2.7 117.933 1 0
43630 3 1 3 0 0.007 0.105 0.386 0.864 0.267 1.194 121 2.689 134.5 1 0
43630 4 1 3 0 0.007 0.105 0.386 0.864 0.267 1.542 109 2.625 120.12 1 0
43630 5 1 3 0 0.007 0.105 0.386 0.864 0.267 1.341 119 2.141 126.487 1 0
43630 6 1 3 0 0.007 0.105 0.386 0.864 0.267 0 13 0.107 13 1 0
43630 7 1 3 0 0.007 0.105 0.386 0.864 0.267 0 16 0.173 16.753 1 0
43630 8 1 3 0 0.007 0.105 0.386 0.864 0.267 1.184 100 2.406 111.033 1 0
43630 9 1 3 0 0.007 0.105 0.386 0.864 0.267 1.144 132 2.198 150.4 1 0
43630 10 1 3 0 0.007 0.105 0.386 0.864 0.267 0.1 28 0.316 28.66 1 0
43630 1 1 3 0 0.117 0.428 0.367 0.892 0.693 0 11 0.05 11 1 0
43630 2 1 3 0 0.117 0.428 0.367 0.892 0.693 0.945 114 2.023 128.473 1 0
43630 3 1 3 0 0.117 0.428 0.367 0.892 0.693 1.293 127 2.717 137.22 1 0
43630 4 1 3 0 0.117 0.428 0.367 0.892 0.693 0.05 13 0.224 13 1 0
43630 5 1 3 0 0.117 0.428 0.367 0.892 0.693 0.05 19 0.191 19 1 0
43630 6 1 3 0 0.117 0.428 0.367 0.892 0.693 1.989 118 2.741 129.727 1 0
43630 7 1 3 0 0.117 0.428 0.367 0.892 0.693 1.393 120 2.363 131.12 1 0
43630 8 1 3 0 0.117 0.428 0.367 0.892 0.693 0 14 0.07 14 1 0
43630 9 1 3 0 0.117 0.428 0.367 0.892 0.693 0.796 104 2.5 116.2 1 0
43630 10 1 3 0 0.117 0.428 0.367 0.892 0.693 0 16 0.194 16 1 0
43630 1 1 3 0 0.038 0.254 0.317 0.83 0.34 1.442 121 2.821 137.38 1 0
43630 2 1 3 0 0.038 0.254 0.317 0.83 0.34 1.889 143 3.037 159.773 0.98 0
43630 3 1 3 0 0.038 0.254 0.317 0.83 0.34 1.287 129 2.561 149.613 1 0
43630 4 1 3 0 0.038 0.254 0.317 0.83 0.34 1.491 134 3.076 149.133 0.94 0
43630 5 1 3 0 0.038 0.254 0.317 0.83 0.34 0.646 137 3.083 158.587 0.953 0
43630 6 1 3 0 0.038 0.254 0.317 0.83 0.34 0.945 116 2.937 132.587 0.86 0
43630 7 1 3 0 0.038 0.254 0.317 0.83 0.34 0 5 0.086 5 1 1
43630 8 1 3 0 0.038 0.254 0.317 0.83 0.34 1.889 118 3.932 144.307 0.833 0
43630 9 1 3 0 0.038 0.254 0.317 0.83 0.34 6.487 128 10.78 144.56 0 0
43630 10 1 3 0 0.038 0.254 0.317 0.83 0.34 2.669 119 4.241 130.893 0.8 0
43630 1 1 3 0 0.062 0.136 0.263 0.941 0.544 2.037 129 3.466 141.253 1 0
43630 2 1 3 0 0.062 0.136 0.263 0.941 0.544 0 6 0.152 7.187 1 1
43630 3 1 3 0 0.062 0.136 0.263 0.941 0.544 0.896 105 1.695 117.307 1 0
43630 4 1 3 0 0.062 0.136 0.263 0.941 0.544 0 9 0 9 1 1
43630 5 1 3 0 0.062 0.136 0.263 0.941 0.544 0 7 0.008 7 1 1
43630 6 1 3 0 0.062 0.136 0.263 0.941 0.544 0.995 144 2.314 160.193 1 0
43630 7 1 3 0 0.062 0.136 0.263 0.941 0.544 0 9 0.098 9.767 1 0.613
43630 8 1 3 0 0.062 0.136 0.263 0.941 0.544 0.497 108 2.352 117.787 1 0
43630 9 1 3 0 0.062 0.136 0.263 0.941 0.544 1.243 119 2.291 128.24 1 0
43630 10 1 3 0 0.062 0.136 0.263 0.941 0.544 1.144 123 2.313 134.253 1 0
43630 1 1 3 0 0.112 0.348 0.102 0.819 0.056 249.947 48198 250 49476.953 0 0
43630 1 1 8 0 0.082 0.268 0.319 0.964 0.416 0 6 0 6 1 1
43630 2 1 8 0 0.082 0.268 0.319 0.964 0.416 0.746 90 1.826 96.787 1 0
43630 3 1 8 0 0.082 0.268 0.319 0.964 0.416 0 18 0.076 18 1 0
43630 4 1 8 0 0.082 0.268 0.319 0.964 0.416 0 9 0.14 10.72 1 0.4
43630 5 1 8 0 0.082 0.268 0.319 0.964 0.416 0 6 0.004 6 1 1
43630 6 1 8 0 0.082 0.268 0.319 0.964 0.416 0.05 20 0.307 21.613 1 0
43630 7 1 8 0 0.082 0.268 0.319 0.964 0.416 0.05 9 0.24 11.747 1 0.073
43630 8 1 8 0 0.082 0.268 0.319 0.964 0.416 0.05 53 0.271 53 1 0
43630 9 1 8 0 0.082 0.268 0.319 0.964 0.416 0 15 0.099 15 1 0
43630 10 1 8 0 0.082 0.268 0.319 0.964 0.416 0 11 0.102 11 1 0
43630 1 1 8 0 0.113 0.399 0.004 0.958 0.406 0 0 0 0 1 1
43630 2 1 8 0 0.113 0.399 0.004 0.958 0.406 243.904 2560 247.515 2783.02 0 0
43630 3 1 8 0 0.113 0.399 0.004 0.958 0.406 243.873 2623 248.143 2926.107 0 0
43630 4 1 8 0 0.113 0.399 0.004 0.958 0.406 243.816 3402 248.26 3887.707 0 0
43630 5 1 8 0 0.113 0.399 0.004 0.958 0.406 242.638 1762 247.305 2186.587 0 0
43630 6 1 8 0 0.113 0.399 0.004 0.958 0.406 245.789 3817 248.371 4096.96 0 0
43630 7 1 8 0 0.113 0.399 0.004 0.958 0.406 246.293 5157 249.012 5656.093 0 0
43630 8 1 8 0 0.113 0.399 0.004 0.958 0.406 244.682 4226 248.915 4666.72 0 0
43630 9 1 8 0 0.113 0.399 0.004 0.958 0.406 245.033 2707 248.088 2997.847 0 0
43630 10 1 8 0 0.113 0.399 0.004 0.958 0.406 242.856 3565 248.163 4193.42 0 0
43630 1 1 8 0 0.001 0.009 0.43 0.773 0.782 0 6 0.101 6.3 1 1
43630 2 1 8 0 0.001 0.009 0.43 0.773 0.782 0.05 17 0.334 18.88 1 0
43630 3 1 8 0 0.001 0.009 0.43 0.773 0.782 0.05 20 0.241 20 1 0
43630 4 1 8 0 0.001 0.009 0.43 0.773 0.782 0 5 0.113 5 1 1
43630 5 1 8 0 0.001 0.009 0.43 0.773 0.782 0 14 0.077 14.24 1 0
43630 6 1 8 0 0.001 0.009 0.43 0.773 0.782 0 17 0.236 17 1 0
43630 7 1 8 0 0.001 0.009 0.43 0.773 0.782 0.1 21 0.324 21.047 1 0
43630 8 1 8 0 0.001 0.009 0.43 0.773 0.782 0 7 0.131 7 1 1
43630 9 1 8 0 0.001 0.009 0.43 0.773 0.782 0 7 0.111 7 1 1
43630 10 1 8 0 0.001 0.009 0.43 0.773 0.782 0 12 0.068 13.207 1 0
43630 1 1 8 0 0.027 0.01 0.308 0.936 0.083 0 3 0.038 3 1 1
43630 2 1 8 0 0.027 0.01 0.308 0.936 0.083 0 11 0.107 11.707 1 0
43630 3 1 8 0 0.027 0.01 0.308 0.936 0.083 0 3 0.114 3.833 1 1
43630 4 1 8 0 0.027 0.01 0.308 0.936 0.083 0 8 0.156 8 1 1
43630 5 1 8 0 0.027 0.01 0.308 0.936 0.083 0 12 0.112 12 1 0
43630 6 1 8 0 0.027 0.01 0.308 0.936 0.083 0 13 0.313 14.127 1 0
43630 7 1 8 0 0.027 0.01 0.308 0.936 0.083 0 16 0.093 16 1 0
43630 8 1 8 0 0.027 0.01 0.308 0.936 0.083 0 10 0.038 10 1 0
43630 9 1 8 0 0.027 0.01 0.308 0.936 0.083 0 17 0.258 20.767 1 0
43630 10 1 8 0 0.027 0.01 0.308 0.936 0.083 0 9 0.14 11.98 1 0.087
43630 1 1 8 0 0.017 0.357 0.015 0.802 0.963 0 5 0.019 5 1 1
43630 2 1 8 0 0.017 0.357 0.015 0.802 0.963 0 3 0.012 3 1 1
43630 3 1 8 0 0.017 0.357 0.015 0.802 0.963 0 9 0.236 11.58 1 0.18
43630 4 1 8 0 0.017 0.357 0.015 0.802 0.963 0 13 0.12 13.52 1 0
43630 5 1 8 0 0.017 0.357 0.015 0.802 0.963 0 11 0.07 11 1 0
43630 6 1 8 0 0.017 0.357 0.015 0.802 0.963 0 15 0.071 15.787 1 0
43630 7 1 8 0 0.017 0.357 0.015 0.802 0.963 0 7 0 7 1 1
43630 8 1 8 0 0.017 0.357 0.015 0.802 0.963 0 9 0.211 11.573 1 0.14
43630 9 1 8 0 0.017 0.357 0.015 0.802 0.963 0 10 0.105 10.047 1 0
43630 10 1 8 0 0.017 0.357 0.015 0.802 0.963 0 1 0.034 1.92 1 1
43630 1 1 8 0 0.029 0.084 0.114 0.938 0.319 1.393 114 3.588 132.56 0.687 0
43630 2 1 8 0 0.029 0.084 0.114 0.938 0.319 0 11 0.024 11 1 0
43630 3 1 8 0 0.029 0.084 0.114 0.938 0.319 0 7 0.077 8.147 1 1
43630 4 1 8 0 0.029 0.084 0.114 0.938 0.319 1.541 109 3.744 130.293 0.76 0
43630 5 1 8 0 0.029 0.084 0.114 0.938 0.319 0 17 0.124 17 1 0
43630 6 1 8 0 0.029 0.084 0.114 0.938 0.319 0.348 90 1.138 95.007 1 0
43630 7 1 8 0 0.029 0.084 0.114 0.938 0.319 1.889 144 5.118 178.96 0.5 0
43630 8 1 8 0 0.029 0.084 0.114 0.938 0.319 1.69 118 3.232 135.673 0.887 0
43630 9 1 8 0 0.029 0.084 0.114 0.938 0.319 3.817 109 6.967 141.12 0.093 0
43630 10 1 8 0 0.029 0.084 0.114 0.938 0.319 0.199 104 0.591 108.92 1 0
43630 1 1 8 0 0.096 0.476 0.216 0.919 0.72 0 6 0.016 6.093 1 1
43630 2 1 8 0 0.096 0.476 0.216 0.919 0.72 1.393 92 2.325 106.96 1 0
43630 3 1 8 0 0.096 0.476 0.216 0.919 0.72 0.696 112 1.503 121.833 1 0
43630 4 1 8 0 0.096 0.476 0.216 0.919 0.72 0.1 19 0.36 20.253 1 0
43630 5 1 8 0 0.096 0.476 0.216 0.919 0.72 0 16 0.031 16 1 0
43630 6 1 8 0 0.096 0.476 0.216 0.919 0.72 0.299 92 1.413 102.787 1 0
43630 7 1 8 0 0.096 0.476 0.216 0.919 0.72 0 17 0.072 17 1 0
43630 8 1 8 0 0.096 0.476 0.216 0.919 0.72 0 3 0.172 4.46 1 1
43630 9 1 8 0 0.096 0.476 0.216 0.919 0.72 0 29 0.14 29.267 1 0
43630 10 1 8 0 0.096 0.476 0.216 0.919 0.72 0 7 0.043 7.26 1 1
43630 1 1 8 0 0.016 0.22 0.247 0.957 0.711 0 9 0.061 9 1 1
43630 2 1 8 0 0.016 0.22 0.247 0.957 0.711 0 7 0.056 7.88 1 1
43630 3 1 8 0 0.016 0.22 0.247 0.957 0.711 0 11 0.068 11 1 0
43630 4 1 8 0 0.016 0.22 0.247 0.957 0.711 0 11 0.076 11 1 0
43630 5 1 8 0 0.016 0.22 0.247 0.957 0.711 0 12 0.132 12 1 0
43630 6 1 8 0 0.016 0.22 0.247 0.957 0.711 0 12 0.159 12 1 0
43630 1 1 5 1 0.061 0.149 0.423 0.881 0.944 0 12 0.17 12.967 1 0
43630 2 1 5 1 0.061 0.149 0.423 0.881 0.944 1.244 106 2.19 117.007 1 0
43630 3 1 5 1 0.061 0.149 0.423 0.881 0.944 0 7 0.021 7 1 1
43630 4 1 5 1 0.061 0.149 0.423 0.881 0.944 0 12 0.019 12 1 0
43630 5 1 5 1 0.061 0.149 0.423 0.881 0.944 0 12 0.029 12 1 0
43630 6 1 5 1 0.061 0.149 0.423 0.881 0.944 0 9 0.255 10.633 1 0.427
43630 7 1 5 1 0.061 0.149 0.423 0.881 0.944 0 12 0.086 12.567 1 0
43630 8 1 5 1 0.061 0.149 0.423 0.881 0.944 0 11 0.112 11.1 1 0
43630 9 1 5 1 0.061 0.149 0.423 0.881 0.944 0 15 0.008 15 1 0
43630 10 1 5 1 0.061 0.149 0.423 0.881 0.944 1.94 105 2.948 119.1 1 0
43630 1 1 5 1 0.08 0.334 0.274 0.959 0.169 113.936 247 120.957 331.247 0 0
43630 2 1 5 1 0.08 0.334 0.274 0.959 0.169 137.799 263 144.642 331.447 0 0
43630 3 1 5 1 0.08 0.334 0.274 0.959 0.169 0 11 0.022 11 1 0
43630 4 1 5 1 0.08 0.334 0.274 0.959 0.169 151.551 291 156.512 356.367 0 0
43630 5 1 5 1 0.08 0.334 0.274 0.959 0.169 109.197 250 113.695 350.227 0 0
43630 6 1 5 1 0.08 0.334 0.274 0.959 0.169 132.719 281 138.733 367.08 0 0
43630 7 1 5 1 0.08 0.334 0.274 0.959 0.169 114.343 322 122.801 421.987 0 0
43630 8 1 5 1 0.08 0.334 0.274 0.959 0.169 143.675 236 155.049 359.753 0 0
43630 9 1 5 1 0.08 0.334 0.274 0.959 0.169 156.506 206 169.144 311.033 0 0
43630 10 1 5 1 0.08 0.334 0.274 0.959 0.169 146.983 277 151.997 362.147 0 0
43630 1 1 5 1 0.092 0.194 0.127 0.756 0.843 0 13 0.07 13 1 0
43630 2 1 5 1 0.092 0.194 0.127 0.756 0.843 0.896 110 2.015 119.267 1 0
43630 3 1 5 1 0.092 0.194 0.127 0.756 0.843 0.299 85 1.982 97.193 1 0
43630 4 1 5 1 0.092 0.194 0.127 0.756 0.843 0 9 0.021 10.167 1 0.407
43630 5 1 5 1 0.092 0.194 0.127 0.756 0.843 0 9 0.003 9 1 1
43630 6 1 5 1 0.092 0.194 0.127 0.756 0.843 0 28 0.178 28.58 1 0
43630 7 1 5 1 0.092 0.194 0.127 0.756 0.843 0 7 0.077 7 1 1
43630 8 1 5 1 0.092 0.194 0.127 0.756 0.843 0.647 90 1.851 101.613 1 0
43630 9 1 5 1 0.092 0.194 0.127 0.756 0.843 0 8 0.149 8.48 1 1
43630 10 1 5 1 0.092 0.194 0.127 0.756 0.843 0.05 28 0.186 28.527 1 0
43630 1 1 5 1 0.04 0.146 0.065 0.929 0.521 2.187 134 7.085 171.913 0.26 0
43630 2 1 5 1 0.04 0.146 0.065 0.929 0.521 0 7 0.155 7 1 1
43630 3 1 5 1 0.04 0.146 0.065 0.929 0.521 2.338 162 5.452 190.133 0.607 0
43630 4 1 5 1 0.04 0.146 0.065 0.929 0.521 4.475 107 9.018 149.86 0.033 0
43630 5 1 5 1 0.04 0.146 0.065 0.929 0.521 2.138 156 4.987 182.707 0.493 0
43630 6 1 5 1 0.04 0.146 0.065 0.929 0.521 3.331 148 7.053 181.713 0.3 0
43630 7 1 5 1 0.04 0.146 0.065 0.929 0.521 2.031 129 4.234 149.207 0.813 0
43630 8 1 5 1 0.04 0.146 0.065 0.929 0.521 0.448 113 2.342 136.347 0.993 0
43630 9 1 5 1 0.04 0.146 0.065 0.929 0.521 12.612 129 15.531 147.527 0 0
43630 10 1 5 1 0.04 0.146 0.065 0.929 0.521 1.791 142 5.687 184.52 0.467 0
43630 1 1 5 1 0.036 0.326 0.439 0.952 0.079 123.087 216 129.696 314.213 0 0
43630 2 1 5 1 0.036 0.326 0.439 0.952 0.079 67.06 199 70.54 244.647 0 0
43630 3 1 5 1 0.036 0.326 0.439 0.952 0.079 0 15 0.246 16.207 1 0
43630 4 1 5 1 0.036 0.326 0.439 0.952 0.079 111.447 166 116.917 225.087 0 0
43630 5 1 5 1 0.036 0.326 0.439 0.952 0.079 114.88 240 118.898 313.327 0 0
43630 6 1 5 1 0.036 0.326 0.439 0.952 0.079 19.7 159 23.83 200.56 0 0
43630 7 1 5 1 0.036 0.326 0.439 0.952 0.079 81.459 175 87.056 230.02 0 0
43630 8 1 5 1 0.036 0.326 0.439 0.952 0.079 110.05 228 120.013 289 0 0
43630 9 1 5 1 0.036 0.326 0.439 0.952 0.079 0 3 0.008 3.1 1 1
43630 10 1 5 1 0.036 0.326 0.439 0.952 0.079 0 6 0.011 6 1 1
43630 1 1 5 1 0.036 0.081 0.244 0.928 0.023 233.223 561 241.771 702.993 0 0
43630 2 1 5 1 0.036 0.081 0.244 0.928 0.023 236.025 609 244.456 725.727 0 0
43630 3 1 5 1 0.036 0.081 0.244 0.928 0.023 234.753 570 242.054 688.52 0 0
43630 4 1 5 1 0.036 0.081 0.244 0.928 0.023 240.134 623 245.396 762.867 0 0
43630 5 1 5 1 0.036 0.081 0.244 0.928 0.023 238.14 659 243.469 733.033 0 0
43630 6 1 5 1 0.036 0.081 0.244 0.928 0.023 237.539 600 243.261 727.733 0 0
43630 7 1 5 1 0.036 0.081 0.244 0.928 0.023 241.65 589 245.472 773.933 0 0
43630 8 1 5 1 0.036 0.081 0.244 0.928 0.023 236.629 574 244.739 688.367 0 0
43630 9 1 5 1 0.036 0.081 0.244 0.928 0.023 238.144 631 243.926 793.38 0 0
43630 10 1 5 1 0.036 0.081 0.244 0.928 0.023 233.076 522 239.67 602.247 0 0
43630 1 1 5 1 0.054 0.092 0.027 0.881 0.767 0 5 0.121 5.753 1 1
43630 2 1 5 1 0.054 0.092 0.027 0.881 0.767 0 6 0.01 6 1 1
43630 3 1 5 1 0.054 0.092 0.027 0.881 0.767 0 10 0.022 10 1 0
43630 4 1 5 1 0.054 0.092 0.027 0.881 0.767 0 7 0.273 8.053 1 1
43630 5 1 5 1 0.054 0.092 0.027 0.881 0.767 1.292 118 3.094 136.567 1 0
43630 6 1 5 1 0.054 0.092 0.027 0.881 0.767 0 5 0.058 5 1 1
43630 7 1 5 1 0.054 0.092 0.027 0.881 0.767 1.791 140 3.405 152.093 0.973 0
43630 8 1 5 1 0.054 0.092 0.027 0.881 0.767 1.741 131 3.171 141.633 0.98 0
43630 9 1 5 1 0.054 0.092 0.027 0.881 0.767 0.995 106 2.04 120.993 1 0
43630 10 1 5 1 0.054 0.092 0.027 0.881 0.767 0 23 0.194 26.007 1 0
43630 1 2 8 1 0.02 0.235 0.198 0.784 0.18 231.075 475 241.507 660.853 0 0
43630 2 2 8 1 0.02 0.235 0.198 0.784 0.18 239.938 662 244.643 789.02 0 0
43630 3 2 8 1 0.02 0.235 0.198 0.784 0.18 235.686 549 241.028 681.767 0 0
43630 4 2 8 1 0.02 0.235 0.198 0.784 0.18 236.073 620 244.02 787.193 0 0
43630 5 2 8 1 0.02 0.235 0.198 0.784 0.18 235.613 542 242.964 703.353 0 0
43630 6 2 8 1 0.02 0.235 0.198 0.784 0.18 236.128 545 242.137 705.7 0 0
43630 7 2 8 1 0.02 0.235 0.198 0.784 0.18 238.824 690 244.388 796.86 0 0
43630 8 2 8 1 0.02 0.235 0.198 0.784 0.18 239.493 547 243.359 701.72 0 0
43630 9 2 8 1 0.02 0.235 0.198 0.784 0.18 233.145 588 241.577 698.387 0 0
43630 10 2 8 1 0.02 0.235 0.198 0.784 0.18 231.936 504 242.146 683.007 0 0
43630 1 2 8 1 0.09 0.089 0.151 0.773 0.544 0.746 94 2.13 114.707 1 0
43630 2 2 8 1 0.09 0.089 0.151 0.773 0.544 0.597 94 2.328 121.547 1 0
43630 3 2 8 1 0.09 0.089 0.151 0.773 0.544 0.945 72 2.528 86.473 1 0
43630 4 2 8 1 0.09 0.089 0.151 0.773 0.544 1.293 89 3.062 109.58 0.98 0
43630 5 2 8 1 0.09 0.089 0.151 0.773 0.544 1.739 90 2.708 108.74 1 0
43630 6 2 8 1 0.09 0.089 0.151 0.773 0.544 1.095 97 2.235 111.373 1 0
43630 7 2 8 1 0.09 0.089 0.151 0.773 0.544 0.646 90 1.579 107.747 1 0
43630 8 2 8 1 0.09 0.089 0.151 0.773 0.544 1.74 100 2.843 119.893 1 0
43630 9 2 8 1 0.09 0.089 0.151 0.773 0.544 1.095 81 2.274 107.533 1 0
43630 10 2 8 1 0.09 0.089 0.151 0.773 0.544 1.443 90 2.708 111.827 1 0
43630 1 2 8 1 0.055 0.437 0.417 0.769 0.802 1.193 86 2.393 116.493 1 0
43630 2 2 8 1 0.055 0.437 0.417 0.769 0.802 0.199 81 1.87 93.3 1 0
43630 3 2 8 1 0.055 0.437 0.417 0.769 0.802 0.697 98 3.085 116.06 1 0
43630 4 2 8 1 0.055 0.437 0.417 0.769 0.802 1.442 91 2.524 109.453 1 0
43630 5 2 8 1 0.055 0.437 0.417 0.769 0.802 0.497 93 1.791 109.56 1 0
43630 6 2 8 1 0.055 0.437 0.417 0.769 0.802 0.795 74 2.462 94.98 1 0
43630 7 2 8 1 0.055 0.437 0.417 0.769 0.802 1.343 100 3.814 115.707 0.913 0
43630 8 2 8 1 0.055 0.437 0.417 0.769 0.802 0 14 0.183 14 1 0
43630 9 2 8 1 0.055 0.437 0.417 0.769 0.802 1.044 98 2.639 117.987 1 0
43630 10 2 8 1 0.055 0.437 0.417 0.769 0.802 0.994 97 2.154 110.64 1 0
43630 1 2 8 1 0.051 0.399 0.121 0.973 0.727 1.885 133 4.317 160.5 0.727 0
43630 2 2 8 1 0.051 0.399 0.121 0.973 0.727 1.884 132 4.671 152.66 0.6 0
43630 3 2 8 1 0.051 0.399 0.121 0.973 0.727 2.635 133 5.126 155.787 0.44 0
43630 4 2 8 1 0.051 0.399 0.121 0.973 0.727 2.537 135 4.34 163.26 0.767 0
43630 5 2 8 1 0.051 0.399 0.121 0.973 0.727 2.032 118 4.084 149.067 0.827 0
43630 6 2 8 1 0.051 0.399 0.121 0.973 0.727 1.813 107 4.891 151.78 0.613 0
43630 7 2 8 1 0.051 0.399 0.121 0.973 0.727 1.194 117 4.262 135.72 0.667 0
43630 8 2 8 1 0.051 0.399 0.121 0.973 0.727 2.338 144 4.567 163.98 0.633 0
43630 9 2 8 1 0.051 0.399 0.121 0.973 0.727 3.771 162 4.988 179.02 0.5 0
43630 10 2 8 1 0.051 0.399 0.121 0.973 0.727 3.425 123 5.795 150.853 0.293 0
43630 1 2 8 1 0.04 0.488 0.5 0.838 0.654 1.343 84 2.586 109.8 1 0
43630 2 2 8 1 0.04 0.488 0.5 0.838 0.654 1.143 89 2.839 112.727 1 0
43630 3 2 8 1 0.04 0.488 0.5 0.838 0.654 0 10 0.001 10 1 0
43630 4 2 8 1 0.04 0.488 0.5 0.838 0.654 0.944 99 2.433 116.207 1 0
43630 5 2 8 1 0.04 0.488 0.5 0.838 0.654 1.592 102 2.944 118.8 1 0
43630 6 2 8 1 0.04 0.488 0.5 0.838 0.654 1.392 85 2.343 102.667 1 0
43630 7 2 8 1 0.04 0.488 0.5 0.838 0.654 0.945 76 1.817 93.207 1 0
43630 8 2 8 1 0.04 0.488 0.5 0.838 0.654 1.144 99 2.94 125.887 1 0
43630 9 2 8 1 0.04 0.488 0.5 0.838 0.654 1.293 80 2.501 100.28 1 0
43630 10 2 8 1 0.04 0.488 0.5 0.838 0.654 1.392 93 2.686 107.393 1 0
43630 1 2 8 1 0.042 0.417 0.367 0.861 0.407 2.922 95 5.96 120.007 0.327 0
43630 2 2 8 1 0.042 0.417 0.367 0.861 0.407 6.07 88 8.085 114.867 0 0
43630 3 2 8 1 0.042 0.417 0.367 0.861 0.407 2.188 114 5.293 131.42 0.493 0
43630 4 2 8 1 0.042 0.417 0.367 0.861 0.407 2.635 80 5.155 117.653 0.467 0
43630 5 2 8 1 0.042 0.417 0.367 0.861 0.407 2.004 76 3.867 105.847 0.787 0
43630 6 2 8 1 0.042 0.417 0.367 0.861 0.407 0.796 70 4.297 109.66 0.793 0
43630 7 2 8 1 0.042 0.417 0.367 0.861 0.407 1.541 91 3.562 117.447 0.8 0
43630 8 2 8 1 0.042 0.417 0.367 0.861 0.407 1.329 67 6.107 93.94 0.48 0
43630 9 2 8 1 0.042 0.417 0.367 0.861 0.407 1.788 78 3.422 108.447 0.973 0
43630 10 2 8 1 0.042 0.417 0.367 0.861 0.407 2.909 89 5.641 111.893 0.467 0
43630 1 2 8 1 0.091 0.062 0.145 0.905 0.095 172.656 410 178.529 500.893 0 0
43630 2 2 8 1 0.091 0.062 0.145 0.905 0.095 221.544 475 229.649 661.287 0 0
43630 3 2 8 1 0.091 0.062 0.145 0.905 0.095 170.606 383 179.036 511.553 0 0
43630 4 2 8 1 0.091 0.062 0.145 0.905 0.095 174.551 318 182.39 442.027 0 0
43630 5 2 8 1 0.091 0.062 0.145 0.905 0.095 172.193 443 183.659 568.273 0 0
43630 6 2 8 1 0.091 0.062 0.145 0.905 0.095 174.33 418 180.611 531.513 0 0
43630 7 2 8 1 0.091 0.062 0.145 0.905 0.095 190.7 453 194.797 600.213 0 0
43630 8 2 8 1 0.091 0.062 0.145 0.905 0.095 176.368 435 183.52 539.047 0 0
43630 9 2 8 1 0.091 0.062 0.145 0.905 0.095 174.125 359 180.187 462.74 0 0
43630 1 2 4 1 0.103 0.088 0.416 0.906 0.8 2.834 99 4.441 118.453 0.76 0
43630 2 2 4 1 0.103 0.088 0.416 0.906 0.8 1.883 85 3.547 108.213 0.993 0
43630 3 2 4 1 0.103 0.088 0.416 0.906 0.8 1.591 114 3.165 137.687 1 0
43630 4 2 4 1 0.103 0.088 0.416 0.906 0.8 1.69 98 3.069 116.907 1 0
43630 5 2 4 1 0.103 0.088 0.416 0.906 0.8 1.791 110 3.268 132.013 0.953 0
43630 6 2 4 1 0.103 0.088 0.416 0.906 0.8 1.144 103 2.668 124.667 1 0
43630 7 2 4 1 0.103 0.088 0.416 0.906 0.8 1.641 104 3.273 127.353 0.993 0
43630 8 2 4 1 0.103 0.088 0.416 0.906 0.8 2.415 91 4.681 110.867 0.68 0
43630 9 2 4 1 0.103 0.088 0.416 0.906 0.8 1.392 120 3.458 138.76 0.947 0
43630 10 2 4 1 0.103 0.088 0.416 0.906 0.8 1.293 107 3.86 137.047 0.807 0
43630 1 2 4 1 0.111 0.495 0.084 0.912 0.871 2.884 115 5.462 145.333 0.433 0
43630 2 2 4 1 0.111 0.495 0.084 0.912 0.871 1.89 105 2.904 120.707 1 0
43630 3 2 4 1 0.111 0.495 0.084 0.912 0.871 1.534 102 4.094 121.253 0.807 0
43630 4 2 4 1 0.111 0.495 0.084 0.912 0.871 1.242 115 2.97 130.48 1 0
43630 5 2 4 1 0.111 0.495 0.084 0.912 0.871 1.541 111 3.054 132.173 1 0
43630 6 2 4 1 0.111 0.495 0.084 0.912 0.871 1.194 87 3.568 108.84 0.84 0
43630 7 2 4 1 0.111 0.495 0.084 0.912 0.871 1.791 121 3.637 135.3 0.893 0
43630 8 2 4 1 0.111 0.495 0.084 0.912 0.871 1.634 97 3.721 114.427 0.787 0
43630 9 2 4 1 0.111 0.495 0.084 0.912 0.871 1.144 107 2.654 121.687 1 0
43630 10 2 4 1 0.111 0.495 0.084 0.912 0.871 1.392 108 3.41 126.167 0.893 0
43630 1 2 4 1 0.062 0.184 0.308 0.781 0.704 1.095 93 2.396 120 1 0
43630 2 2 4 1 0.062 0.184 0.308 0.781 0.704 1.54 122 3.092 138.153 1 0
43630 3 2 4 1 0.062 0.184 0.308 0.781 0.704 1.045 94 2.495 112.567 1 0
43630 4 2 4 1 0.062 0.184 0.308 0.781 0.704 1.64 107 3.108 129.22 0.953 0
43630 5 2 4 1 0.062 0.184 0.308 0.781 0.704 1.691 129 3.482 143.54 0.853 0
43630 6 2 4 1 0.062 0.184 0.308 0.781 0.704 2.137 124 3.606 139.407 1 0
43630 7 2 4 1 0.062 0.184 0.308 0.781 0.704 1.938 110 3.129 125.427 1 0
43630 8 2 4 1 0.062 0.184 0.308 0.781 0.704 1.294 124 3.272 140.9 1 0
43630 9 2 4 1 0.062 0.184 0.308 0.781 0.704 1.393 102 3.227 118.227 0.993 0
43630 10 2 4 1 0.062 0.184 0.308 0.781 0.704 1.789 113 2.93 130.573 1 0
43630 1 2 4 1 0.055 0.022 0.349 0.896 0.386 1.243 110 2.423 128.593 1 0
43630 2 2 4 1 0.055 0.022 0.349 0.896 0.386 1.884 131 3.088 145.067 1 0
43630 3 2 4 1 0.055 0.022 0.349 0.896 0.386 0.994 112 2.933 129.347 0.993 0
43630 4 2 4 1 0.055 0.022 0.349 0.896 0.386 1.839 96 3.367 116.34 1 0
43630 5 2 4 1 0.055 0.022 0.349 0.896 0.386 1.343 127 2.676 149.273 0.987 0
43630 6 2 4 1 0.055 0.022 0.349 0.896 0.386 1.491 115 3.108 132.66 0.993 0
43630 7 2 4 1 0.055 0.022 0.349 0.896 0.386 2.48 120 3.857 141.747 0.947 0
43630 8 2 4 1 0.055 0.022 0.349 0.896 0.386 1.343 112 2.656 127.94 1 0
43630 9 2 4 1 0.055 0.022 0.349 0.896 0.386 1.74 117 3.368 131.06 1 0
43630 10 2 4 1 0.055 0.022 0.349 0.896 0.386 1.144 95 2.968 118.213 0.987 0
43630 1 2 4 1 0.116 0.037 0.447 0.823 0.243 2.029 114 4.35 144.913 0.587 0
43630 2 2 4 1 0.116 0.037 0.447 0.823 0.243 2.137 109 3.114 126.68 1 0
43630 3 2 4 1 0.116 0.037 0.447 0.823 0.243 1.635 105 3.352 129.4 0.98 0
43630 4 2 4 1 0.116 0.037 0.447 0.823 0.243 1.69 135 2.742 155.68 1 0
43630 5 2 4 1 0.116 0.037 0.447 0.823 0.243 1.641 116 3.678 137.767 0.787 0
43630 6 2 4 1 0.116 0.037 0.447 0.823 0.243 1.144 125 2.856 146.633 1 0
43630 7 2 4 1 0.116 0.037 0.447 0.823 0.243 1.392 130 3.58 147.427 0.967 0
43630 8 2 4 1 0.116 0.037 0.447 0.823 0.243 1.442 106 3.185 124.66 0.947 0
43630 9 2 4 1 0.116 0.037 0.447 0.823 0.243 1.591 106 2.97 123.42 1 0
43630 10 2 4 1 0.116 0.037 0.447 0.823 0.243 1.193 103 3.143 118.347 0.953 0
43630 1 2 4 1 0.054 0.365 0.238 0.835 0.121 242.032 979 246.933 1189.853 0 0
43630 2 2 4 1 0.054 0.365 0.238 0.835 0.121 244.381 1029 247.707 1306.913 0 0
43630 3 2 4 1 0.054 0.365 0.238 0.835 0.121 243.424 1051 247.543 1285.127 0 0
43630 4 2 4 1 0.054 0.365 0.238 0.835 0.121 244.464 1094 247.663 1216.013 0 0
43630 5 2 4 1 0.054 0.365 0.238 0.835 0.121 242.895 1068 247.273 1177.04 0 0
43630 6 2 4 1 0.054 0.365 0.238 0.835 0.121 243.717 1044 247.685 1254.293 0 0
43630 7 2 4 1 0.054 0.365 0.238 0.835 0.121 241.61 1071 247.463 1281.513 0 0
43630 8 2 4 1 0.054 0.365 0.238 0.835 0.121 244.413 1030 247.546 1200.393 0 0
43630 9 2 4 1 0.054 0.365 0.238 0.835 0.121 241.06 753 246.742 1046.86 0 0
43630 10 2 4 1 0.054 0.365 0.238 0.835 0.121 241.826 871 246.373 1051.267 0 0
43630 1 2 4 1 0.035 0.215 0.436 0.787 0.84 1.74 112 2.984 126.213 1 0
43630 2 2 4 1 0.035 0.215 0.436 0.787 0.84 1.194 103 2.709 124.307 1 0
43630 1 2 6 1 0.08 0.272 0.32 0.939 0.79 1.293 83 2.677 104.6 1 0
43630 2 2 6 1 0.08 0.272 0.32 0.939 0.79 1.99 107 3.381 129.553 1 0
43630 3 2 6 1 0.08 0.272 0.32 0.939 0.79 1.79 88 2.53 105.513 1 0
43630 4 2 6 1 0.08 0.272 0.32 0.939 0.79 0.746 119 2.946 134.96 1 0
43630 5 2 6 1 0.08 0.272 0.32 0.939 0.79 2.386 117 3.444 139.653 0.973 0
43630 6 2 6 1 0.08 0.272 0.32 0.939 0.79 1.641 121 2.908 141.393 1 0
43630 7 2 6 1 0.08 0.272 0.32 0.939 0.79 0.945 90 2.418 110.893 1 0
43630 8 2 6 1 0.08 0.272 0.32 0.939 0.79 1.591 87 2.695 101.493 1 0
43630 9 2 6 1 0.08 0.272 0.32 0.939 0.79 1.343 88 2.933 106.14 1 0
43630 10 2 6 1 0.08 0.272 0.32 0.939 0.79 0.944 99 2.486 118.367 1 0
43630 1 2 6 1 0.016 0.002 0.173 0.989 0.914 1.49 103 2.596 124.34 1 0
43630 2 2 6 1 0.016 0.002 0.173 0.989 0.914 1.294 93 2.896 111.26 1 0
43630 3 2 6 1 0.016 0.002 0.173 0.989 0.914 1.74 95 2.768 116.567 1 0
43630 4 2 6 1 0.016 0.002 0.173 0.989 0.914 0.845 108 2.556 124.04 1 0
43630 5 2 6 1 0.016 0.002 0.173 0.989 0.914 1.393 111 3.129 135.44 0.987 0
43630 6 2 6 1 0.016 0.002 0.173 0.989 0.914 1.889 119 3.028 140.967 1 0
43630 7 2 6 1 0.016 0.002 0.173 0.989 0.914 1.741 79 3.17 100.073 1 0
43630 8 2 6 1 0.016 0.002 0.173 0.989 0.914 1.243 107 2.677 125.16 1 0
43630 9 2 6 1 0.016 0.002 0.173 0.989 0.914 1.095 78 2.944 99.52 1 0
43630 10 2 6 1 0.016 0.002 0.173 0.989 0.914 1.094 99 2.472 116.62 1 0
43630 1 2 6 1 0.034 0.253 0.117 0.777 0.614 7.155 95 12.074 122.833 0 0
43630 2 2 6 1 0.034 0.253 0.117 0.777 0.614 2.673 130 5.64 157.02 0.333 0
43630 3 2 6 1 0.034 0.253 0.117 0.777 0.614 1.79 98 6.082 132.28 0.427 0
43630 4 2 6 1 0.034 0.253 0.117 0.777 0.614 2.385 121 6.064 148.927 0.36 0
43630 5 2 6 1 0.034 0.253 0.117 0.777 0.614 2.974 102 6.854 140.18 0.227 0
43630 6 2 6 1 0.034 0.253 0.117 0.777 0.614 2.012 104 5.548 142.107 0.42 0
43630 7 2 6 1 0.034 0.253 0.117 0.777 0.614 2.762 107 6.017 143.147 0.473 0
43630 8 2 6 1 0.034 0.253 0.117 0.777 0.614 2.585 100 4.9 127.14 0.633 0
43630 9 2 6 1 0.034 0.253 0.117 0.777 0.614 2.486 105 6.667 140.313 0.293 0
43630 10 2 6 1 0.034 0.253 0.117 0.777 0.614 5.085 99 7.479 130.64 0 0
43630 1 2 6 1 0.034 0.007 0.055 0.955 0.77 0.945 90 1.929 110.133 1 0
43630 2 2 6 1 0.034 0.007 0.055 0.955 0.77 1.093 92 1.987 109.433 1 0
43630 3 2 6 1 0.034 0.007 0.055 0.955 0.77 1.74 98 3.162 118.887 1 0
43630 4 2 6 1 0.034 0.007 0.055 0.955 0.77 1.342 89 2.58 117.273 1 0
43630 5 2 6 1 0.034 0.007 0.055 0.955 0.77 1.392 88 2.622 106.967 1 0
43630 6 2 6 1 0.034 0.007 0.055 0.955 0.77 0.945 93 2.528 107.32 1 0
43630 7 2 6 1 0.034 0.007 0.055 0.955 0.77 0.995 105 3.08 114.447 1 0
43630 8 2 6 1 0.034 0.007 0.055 0.955 0.77 1.391 112 2.382 134.42 1 0
43630 9 2 6 1 0.034 0.007 0.055 0.955 0.77 1.64 106 2.965 129.147 0.973 0
43630 10 2 6 1 0.034 0.007 0.055 0.955 0.77 1.187 102 2.665 121.113 1 0
43630 1 2 6 1 0.047 0.176 0.197 0.771 0.159 233.054 500 241.319 694.68 0 0
43630 2 2 6 1 0.047 0.176 0.197 0.771 0.159 238.105 601 243.855 697.867 0 0
43630 3 2 6 1 0.047 0.176 0.197 0.771 0.159 237.116 568 242.385 735.713 0 0
43630 4 2 6 1 0.047 0.176 0.197 0.771 0.159 237.591 622 243.154 739.62 0 0
43630 5 2 6 1 0.047 0.176 0.197 0.771 0.159 236.407 557 243.388 662.867 0 0
43630 6 2 6 1 0.047 0.176 0.197 0.771 0.159 235.423 536 242.972 704.647 0 0
43630 7 2 6 1 0.047 0.176 0.197 0.771 0.159 231.7 585 242.13 711.433 0 0
43630 8 2 6 1 0.047 0.176 0.197 0.771 0.159 237.565 504 243.538 684.227 0 0
43630 9 2 6 1 0.047 0.176 0.197 0.771 0.159 240.39 645 244.66 819.133 0 0
43630 10 2 6 1 0.047 0.176 0.197 0.771 0.159 230.219 482 237.4 691.7 0 0
43630 1 2 6 1 0.07 0.487 0.255 0.99 0.871 0.646 88 3.008 108.427 1 0
43630 2 2 6 1 0.07 0.487 0.255 0.99 0.871 1.493 84 3.404 104.32 0.993 0
43630 3 2 6 1 0.07 0.487 0.255 0.99 0.871 1.933 121 3.596 143.96 0.987 0
43630 4 2 6 1 0.07 0.487 0.255 0.99 0.871 1.044 96 3.019 120.027 0.993 0
43630 5 2 6 1 0.07 0.487 0.255 0.99 0.871 1.144 106 2.77 125.64 1 0
43630 6 2 6 1 0.07 0.487 0.255 0.99 0.871 1.99 88 3.222 111.273 1 0
43630 7 2 6 1 0.07 0.487 0.255 0.99 0.871 1.989 102 3.537 125.127 0.973 0
43630 8 2 6 1 0.07 0.487 0.255 0.99 0.871 1.89 83 3.021 104.813 1 0
43630 9 2 6 1 0.07 0.487 0.255 0.99 0.871 1.143 122 2.222 136.607 1 0
43630 10 2 6 1 0.07 0.487 0.255 0.99 0.871 0.746 93 2.211 118.167 1 0
43630 1 2 6 1 0.033 0.094 0.087 0.957 0.543 7.233 103 10.96 129.06 0 0
43630 2 2 6 1 0.033 0.094 0.087 0.957 0.543 9.44 92 11.514 117.36 0 0
43630 3 2 6 1 0.033 0.094 0.087 0.957 0.543 2.784 96 4.937 123.787 0.56 0
43630 4 2 6 1 0.033 0.094 0.087 0.957 0.543 3.124 79 6.162 106.4 0.313 0
43630 1 1 3 0 0.108 0.104 0.331 0.806 0.211 1.54 124 3.12 137.767 1 0
43630 2 1 3 0 0.108 0.104 0.331 0.806 0.211 0 5 0.037 5 1 1
43630 3 1 3 0 0.108 0.104 0.331 0.806 0.211 0 14 0.09 14 1 0
43630 4 1 3 0 0.108 0.104 0.331 0.806 0.211 1.641 122 2.688 137.54 1 0
43630 5 1 3 0 0.108 0.104 0.331 0.806 0.211 1.193 118 2.408 131.62 1 0
43630 6 1 3 0 0.108 0.104 0.331 0.806 0.211 0.846 107 1.759 114.647 1 0
43630 7 1 3 0 0.108 0.104 0.331 0.806 0.211 1.045 92 2.429 101.58 1 0
43630 8 1 3 0 0.108 0.104 0.331 0.806 0.211 0 11 0.135 11 1 0
43630 9 1 3 0 0.108 0.104 0.331 0.806 0.211 0 25 0.16 25.593 1 0
43630 10 1 3 0 0.108 0.104 0.331 0.806 0.211 0 18 0.073 18 1 0
43630 1 1 3 0 0.101 0.266 0.004 0.974 0.29 249.384 24135 249.982 25591.38 0 0
43630 2 1 3 0 0.101 0.266 0.004 0.974 0.29 0 2 0.01 2 1 1
43630 3 1 3 0 0.101 0.266 0.004 0.974 0.29 248.868 18177 249.761 19178.44 0 0
43630 4 1 3 0 0.101 0.266 0.004 0.974 0.29 248.868 17237 249.784 18299.42 0 0
43630 5 1 3 0 0.101 0.266 0.004 0.974 0.29 248.906 15895 249.917 17169.32 0 0
43630 6 1 3 0 0.101 0.266 0.004 0.974 0.29 249.477 18427 249.938 19383.853 0 0
43630 7 1 3 0 0.101 0.266 0.004 0.974 0.29 249.254 22980 249.913 24163.853 0 0
43630 8 1 3 0 0.101 0.266 0.004 0.974 0.29 249.384 16429 249.875 17504.107 0 0
43630 9 1 3 0 0.101 0.266 0.004 0.974 0.29 247.98 15912 249.529 16540.633 0 0
43630 10 1 3 0 0.101 0.266 0.004 0.974 0.29 249.455 23509 249.955 23811.087 0 0
43630 1 1 3 0 0.022 0.293 0.137 0.833 0.48 28.922 125 34.431 161.593 0 0
43630 2 1 3 0 0.022 0.293 0.137 0.833 0.48 2.833 148 5.103 172.147 0.493 0
43630 3 1 3 0 0.022 0.293 0.137 0.833 0.48 0.448 110 1.356 120.273 1 0
43630 4 1 3 0 0.022 0.293 0.137 0.833 0.48 1.541 134 5.295 180.987 0.54 0
43630 5 1 3 0 0.022 0.293 0.137 0.833 0.48 1.841 137 5.081 168.493 0.447 0
43630 6 1 3 0 0.022 0.293 0.137 0.833 0.48 1.442 125 2.997 143.08 0.933 0
43630 7 1 3 0 0.022 0.293 0.137 0.833 0.48 3.175 139 5.988 165.027 0.493 0
43630 8 1 3 0 0.022 0.293 0.137 0.833 0.48 4.005 140 9.25 166.82 0.073 0
43630 9 1 3 0 0.022 0.293 0.137 0.833 0.48 3.539 123 6.02 139.96 0.367 0
43630 10 1 3 0 0.022 0.293 0.137 0.833 0.48 0.696 110 4.684 139.7 0.587 0
43630 1 1 3 0 0.04 0.089 0.351 0.916 0.268 1.144 124 2.507 136.673 1 0
43630 2 1 3 0 0.04 0.089 0.351 0.916 0.268 1.043 102 2.096 110.913 1 0
43630 3 1 3 0 0.04 0.089 0.351 0.916 0.268 0.697 102 2.035 111.147 1 0
43630 4 1 3 0 0.04 0.089 0.351 0.916 0.268 1.193 101 2.424 110.073 1 0
43630 5 1 3 0 0.04 0.089 0.351 0.916 0.268 0 16 0.17 17.92 1 0
43630 6 1 3 0 0.04 0.089 0.351 0.916 0.268 1.144 114 2.563 124.82 1 0
43630 7 1 3 0 0.04 0.089 0.351 0.916 0.268 0 4 0.096 4.207 1 1
43630 8 1 3 0 0.04 0.089 0.351 0.916 0.268 1.443 110 2.801 124.233 0.92 0
43630 9 1 3 0 0.04 0.089 0.351 0.916 0.268 0.994 114 2.238 132.04 1 0
43630 10 1 3 0 0.04 0.089 0.351 0.916 0.268 1.393 107 2.368 118.453 1 0
43630 1 1 3 0 0.088 0.158 0.122 0.977 0.351 1.242 107 3.248 127.913 0.913 0
43630 2 1 3 0 0.088 0.158 0.122 0.977 0.351 1.443 90 4.021 100.66 0.56 0
43630 3 1 3 0 0.088 0.158 0.122 0.977 0.351 1.294 137 3.309 158.86 0.86 0
43630 4 1 3 0 0.088 0.158 0.122 0.977 0.351 3.771 159 5.755 182.913 0.193 0
43630 5 1 3 0 0.088 0.158 0.122 0.977 0.351 2.675 161 4.924 182.647 0.467 0
43630 6 1 3 0 0.088 0.158 0.122 0.977 0.351 2.892 175 5.953 199.78 0.367 0
43630 7 1 3 0 0.088 0.158 0.122 0.977 0.351 0 10 0.071 12.78 1 0
43630 8 1 3 0 0.088 0.158 0.122 0.977 0.351 0.05 7 0.272 10.067 1 0.547
43630 9 1 3 0 0.088 0.158 0.122 0.977 0.351 0 1 0 1 1 1
43630 10 1 3 0 0.088 0.158 0.122 0.977 0.351 8.944 136 11.553 159.68 0 0
43630 1 1 3 0 0.039 0.459 0.267 0.944 0.181 163.558 323 169.888 426.613 0 0
43630 2 1 3 0 0.039 0.459 0.267 0.944 0.181 146.936 317 157.419 401.62 0 0
43630 3 1 3 0 0.039 0.459 0.267 0.944 0.181 171.986 353 178.117 460.393 0 0
43630 4 1 3 0 0.039 0.459 0.267 0.944 0.181 158.621 314 171.535 420.54 0 0
43630 5 1 3 0 0.039 0.459 0.267 0.944 0.181 123.903 298 132.361 404.32 0 0
43630 6 1 3 0 0.039 0.459 0.267 0.944 0.181 180.307 314 187.693 434.353 0 0
43630 7 1 3 0 0.039 0.459 0.267 0.944 0.181 184.873 313 192.508 402.78 0 0
43630 8 1 3 0 0.039 0.459 0.267 0.944 0.181 0 16 0.067 16 1 0
43630 9 1 3 0 0.039 0.459 0.267 0.944 0.181 126.137 306 135.559 410.727 0 0
43630 10 1 3 0 0.039 0.459 0.267 0.944 0.181 129.915 266 137.418 364.52 0 0
43630 1 1 3 0 0.067 0.168 0.067 0.887 0.667 2.883 117 4.98 144.293 0.58 0
43630 2 1 3 0 0.067 0.168 0.067 0.887 0.667 1.585 143 5.172 166.907 0.453 0
43630 3 1 3 0 0.067 0.168 0.067 0.887 0.667 0 6 0.218 7.94 1 1
43630 4 1 3 0 0.067 0.168 0.067 0.887 0.667 1.592 141 3.96 159.213 0.747 0
43630 1 2 5 0 0.062 0.029 0.317 0.947 0.465 1.243 94 2.808 113.187 1 0
43630 2 2 5 0 0.062 0.029 0.317 0.947 0.465 2.187 92 3.288 111.827 1 0
43630 3 2 5 0 0.062 0.029 0.317 0.947 0.465 1.542 117 3.421 141.847 1 0
43630 4 2 5 0 0.062 0.029 0.317 0.947 0.465 1.342 105 2.875 129.973 0.967 0
43630 5 2 5 0 0.062 0.029 0.317 0.947 0.465 1.89 117 3.192 134.473 1 0
43630 6 2 5 0 0.062 0.029 0.317 0.947 0.465 1.889 101 2.884 122.727 1 0
43630 7 2 5 0 0.062 0.029 0.317 0.947 0.465 1.591 105 3.077 122.227 1 0
43630 8 2 5 0 0.062 0.029 0.317 0.947 0.465 1.293 85 3.315 108.967 0.993 0
43630 9 2 5 0 0.062 0.029 0.317 0.947 0.465 1.939 93 3.074 111.567 1 0
43630 10 2 5 0 0.062 0.029 0.317 0.947 0.465 1.74 101 2.71 117.547 1 0
43630 1 2 5 0 0.044 0.116 0.068 0.963 0.122 246.522 1878 248.989 2438.707 0 0
43630 2 2 5 0 0.044 0.116 0.068 0.963 0.122 246.65 1961 249.019 2145.42 0 0
43630 3 2 5 0 0.044 0.116 0.068 0.963 0.122 245.854 1686 248.718 2076.733 0 0
43630 4 2 5 0 0.044 0.116 0.068 0.963 0.122 246.33 1923 249.078 2205.553 0 0
43630 5 2 5 0 0.044 0.116 0.068 0.963 0.122 246.412 1785 248.987 2453 0 0
43630 6 2 5 0 0.044 0.116 0.068 0.963 0.122 246.326 2200 249.081 2501.7 0 0
43630 7 2 5 0 0.044 0.116 0.068 0.963 0.122 246.02 2082 248.942 2408.127 0 0
43630 8 2 5 0 0.044 0.116 0.068 0.963 0.122 245.735 2188 249.092 2649.96 0 0
43630 9 2 5 0 0.044 0.116 0.068 0.963 0.122 246.846 1919 248.899 2172.993 0 0
43630 10 2 5 0 0.044 0.116 0.068 0.963 0.122 246.457 1897 248.903 2189.92 0 0
43630 1 2 5 0 0.027 0.194 0.443 0.979 0.177 2.087 91 6.341 111.727 0.28 0
43630 2 2 5 0 0.027 0.194 0.443 0.979 0.177 1.732 83 3.795 122.367 0.78 0
43630 3 2 5 0 0.027 0.194 0.443 0.979 0.177 3.113 82 5.773 109.06 0.36 0
43630 4 2 5 0 0.027 0.194 0.443 0.979 0.177 1.989 85 4.994 121.087 0.553 0
43630 5 2 5 0 0.027 0.194 0.443 0.979 0.177 17.246 145 25.795 189.973 0 0
43630 6 2 5 0 0.027 0.194 0.443 0.979 0.177 4.721 79 8.857 117.053 0.013 0
43630 7 2 5 0 0.027 0.194 0.443 0.979 0.177 2.581 115 5.646 139.247 0.407 0
43630 8 2 5 0 0.027 0.194 0.443 0.979 0.177 34.213 96 37.361 155.8 0 0
43630 9 2 5 0 0.027 0.194 0.443 0.979 0.177 2.031 105 3.997 128.407 0.853 0
43630 10 2 5 0 0.027 0.194 0.443 0.979 0.177 28.71 100 33.071 154.913 0 0
43630 1 2 5 0 0.027 0.258 0.437 0.833 0.4 1.343 120 2.454 134.34 1 0
43630 2 2 5 0 0.027 0.258 0.437 0.833 0.4 1.441 109 3.007 124.6 1 0
43630 3 2 5 0 0.027 0.258 0.437 0.833 0.4 1.492 105 2.826 131.78 0.987 0
43630 4 2 5 0 0.027 0.258 0.437 0.833 0.4 1.343 103 3.526 121.32 0.867 0
43630 5 2 5 0 0.027 0.258 0.437 0.833 0.4 2.039 92 3.453 112.333 0.973 0
43630 6 2 5 0 0.027 0.258 0.437 0.833 0.4 1.939 102 3.682 115.327 0.887 0
43630 7 2 5 0 0.027 0.258 0.437 0.833 0.4 1.889 101 3.121 120.6 0.987 0
43630 8 2 5 0 0.027 0.258 0.437 0.833 0.4 0.945 97 2.756 112.433 1 0
43630 9 2 5 0 0.027 0.258 0.437 0.833 0.4 1.392 106 2.709 128.547 1 0
43630 10 2 5 0 0.027 0.258 0.437 0.833 0.4 1.194 103 2.037 122.487 1 0
43630 1 2 5 0 0.064 0.17 0.293 0.922 0.677 1.783 90 3.028 110.853 1 0
43630 2 2 5 0 0.064 0.17 0.293 0.922 0.677 1.242 115 2.505 134.473 1 0
43630 3 2 5 0 0.064 0.17 0.293 0.922 0.677 1.492 99 3.098 110.453 1 0
43630 4 2 5 0 0.064 0.17 0.293 0.922 0.677 1.393 95 2.553 117.593 1 0
43630 5 2 5 0 0.064 0.17 0.293 0.922 0.677 2.189 102 3.388 120.013 0.947 0
43630 6 2 5 0 0.064 0.17 0.293 0.922 0.677 1.592 102 2.858 124.333 0.973 0
43630 7 2 5 0 0.064 0.17 0.293 0.922 0.677 1.094 107 2.23 125.073 1 0
43630 8 2 5 0 0.064 0.17 0.293 0.922 0.677 1.691 101 3.085 117.427 1 0
43630 9 2 5 0 0.064 0.17 0.293 0.922 0.677 1.243 87 2.646 109.553 1 0
43630 10 2 5 0 0.064 0.17 0.293 0.922 0.677 1.194 114 3.789 132.813 0.86 0
43630 1 2 5 0 0.098 0.494 0.25 0.863 0.757 1.889 118 3.227 141.28 1 0
43630 2 2 5 0 0.098 0.494 0.25 0.863 0.757 1.685 102 3.53 120.027 0.82 0
43630 3 2 5 0 0.098 0.494 0.25 0.863 0.757 2.172 111 4.237 129.307 0.773 0
43630 4 2 5 0 0.098 0.494 0.25 0.863 0.757 1.293 97 2.405 108.313 1 0
43630 5 2 5 0 0.098 0.494 0.25 0.863 0.757 1.632 109 3.015 128.847 1 0
43630 6 2 5 0 0.098 0.494 0.25 0.863 0.757 1.095 88 3.03 114.133 0.92 0
43630 7 2 5 0 0.098 0.494 0.25 0.863 0.757 0.746 102 2.364 124.327 1 0
43630 8 2 5 0 0.098 0.494 0.25 0.863 0.757 1.592 98 3.017 131.807 1 0
43630 9 2 5 0 0.098 0.494 0.25 0.863 0.757 1.193 82 2.383 105.667 1 0
43630 10 2 5 0 0.098 0.494 0.25 0.863 0.757 1.292 110 2.67 130.987 1 0
43630 1 2 5 0 0.076 0.381 0.016 0.79 0.701 0 4 0.067 4 1 1
43630 2 2 5 0 0.076 0.381 0.016 0.79 0.701 2.288 87 5.793 122.64 0.513 0
43630 3 2 5 0 0.076 0.381 0.016 0.79 0.701 0 22 0.049 22.087 1 0
43630 4 2 5 0 0.076 0.381 0.016 0.79 0.701 0 8 0.068 8 1 1
43630 5 2 5 0 0.076 0.381 0.016 0.79 0.701 5.502 110 9.351 144.74 0 0
43630 6 2 5 0 0.076 0.381 0.016 0.79 0.701 0 5 0.057 5.5 1 1
43630 7 2 5 0 0.076 0.381 0.016 0.79 0.701 1.094 73 8.584 122.293 0.307 0
43630 8 2 5 0 0.076 0.381 0.016 0.79 0.701 3.456 64 7.518 96.813 0.253 0
43630 9 2 5 0 0.076 0.381 0.016 0.79 0.701 0 7 0.125 7 1 1
43630 10 2 5 0 0.076 0.381 0.016 0.79 0.701 0 1 0.017 1 1 1
43630 1 2 5 0 0.004 0.287 0.263 0.924 0.134 238.982 517 243.01 691.827 0 0
43630 2 2 5 0 0.004 0.287 0.263 0.924 0.134 237.69 575 243.806 728.807 0 0
43630 3 2 5 0 0.004 0.287 0.263 0.924 0.134 241.23 716 245.816 872.067 0 0
43630 4 2 5 0 0.004 0.287 0.263 0.924 0.134 219.365 590 227.461 779.967 0 0
43630 5 2 5 0 0.004 0.287 0.263 0.924 0.134 234.004 473 243.131 677.267 0 0
43630 6 2 5 0 0.004 0.287 0.263 0.924 0.134 225.612 466 240.455 663.453 0 0
43630 7 2 5 0 0.004 0.287 0.263 0.924 0.134 232.598 523 241.837 733.32 0 0
43630 8 2 5 0 0.004 0.287 0.263 0.924 0.134 232.39 575 241.039 691.1 0 0
43630 9 2 5 0 0.004 0.287 0.263 0.924 0.134 229.065 445 239.006 689.953 0 0
43630 10 2 5 0 0.004 0.287 0.263 0.924 0.134 241.888 619 245.648 801.6 0 0
43630 1 2 5 0 0.069 0.476 0.17 0.764 0.604 4.595 120 6.9 151.947 0.02 0
43630 2 2 5 0 0.069 0.476 0.17 0.764 0.604 2.138 123 5.353 154.673 0.38 0
43630 3 2 5 0 0.069 0.476 0.17 0.764 0.604 2.238 109 5.404 139 0.427 0
43630 4 2 5 0 0.069 0.476 0.17 0.764 0.604 5.151 97 8.307 135.053 0 0
43630 5 2 5 0 0.069 0.476 0.17 0.764 0.604 1.989 121 6.27 153.127 0.387 0
43630 6 2 5 0 0.069 0.476 0.17 0.764 0.604 3.203 119 7.269 149.053 0.08 0
43630 7 2 5 0 0.069 0.476 0.17 0.764 0.604 2.534 110 5.933 145.92 0.34 0
43630 1 1 3 0 0.031 0.332 0.226 0.869 0.006 248.549 8390 249.682 9091.58 0 0
43630 2 1 3 0 0.031 0.332 0.226 0.869 0.006 248.765 9110 249.688 10370.9 0 0
43630 3 1 3 0 0.031 0.332 0.226 0.869 0.006 248.519 9896 249.778 11258.833 0 0
43630 4 1 3 0 0.031 0.332 0.226 0.869 0.006 245.784 4463 249.312 5266.62 0 0
43630 5 1 3 0 0.031 0.332 0.226 0.869 0.006 249.028 14048 249.94 14758.813 0 0
43630 6 1 3 0 0.031 0.332 0.226 0.869 0.006 247.006 5350 249.322 5924.993 0 0
43630 7 1 3 0 0.031 0.332 0.226 0.869 0.006 247.206 7274 249.386 7754.353 0 0
43630 8 1 3 0 0.031 0.332 0.226 0.869 0.006 246.22 5033 249.259 5522.92 0 0
43630 9 1 3 0 0.031 0.332 0.226 0.869 0.006 248.375 8004 249.596 8493.733 0 0
43630 10 1 3 0 0.031 0.332 0.226 0.869 0.006 248.203 7092 249.586 7628.647 0 0
43630 1 1 3 0 0.119 0.105 0.008 0.96 0.195 0 0 0 0 1 1
43630 2 1 3 0 0.119 0.105 0.008 0.96 0.195 244.406 2342 247.833 2764.587 0 0
43630 3 1 3 0 0.119 0.105 0.008 0.96 0.195 0 1 0 1 1 1
43630 4 1 3 0 0.119 0.105 0.008 0.96 0.195 244.368 5793 248.329 7134.793 0 0
43630 5 1 3 0 0.119 0.105 0.008 0.96 0.195 0 8 0.028 8 1 1
43630 6 1 3 0 0.119 0.105 0.008 0.96 0.195 247.065 9211 249.418 10899.867 0 0
43630 7 1 3 0 0.119 0.105 0.008 0.96 0.195 247.214 3996 249.102 4242 0 0
43630 8 1 3 0 0.119 0.105 0.008 0.96 0.195 0 3 0 3 1 1
43630 9 1 3 0 0.119 0.105 0.008 0.96 0.195 246.427 4458 249.06 5006.14 0 0
43630 10 1 3 0 0.119 0.105 0.008 0.96 0.195 0 0 0 0 1 1
43630 1 1 3 0 0.044 0.318 0.478 0.894 0.212 1.64 152 3.041 163.427 1 0
43630 2 1 3 0 0.044 0.318 0.478 0.894 0.212 1.832 136 3.996 154 0.8 0
43630 3 1 3 0 0.044 0.318 0.478 0.894 0.212 2.481 145 4.479 156.953 0.687 0
43630 4 1 3 0 0.044 0.318 0.478 0.894 0.212 13.302 106 17.305 138.913 0 0
43630 5 1 3 0 0.044 0.318 0.478 0.894 0.212 1.54 142 3.694 162.587 0.787 0
43630 6 1 3 0 0.044 0.318 0.478 0.894 0.212 0 7 0.043 7.533 1 0.873
43630 7 1 3 0 0.044 0.318 0.478 0.894 0.212 0.846 123 3.292 136.727 0.9 0
43630 8 1 3 0 0.044 0.318 0.478 0.894 0.212 1.436 135 2.656 148.193 1 0
43630 9 1 3 0 0.044 0.318 0.478 0.894 0.212 1.636 142 4.228 160.1 0.68 0
43630 10 1 3 0 0.044 0.318 0.478 0.894 0.212 0.348 145 2.238 156.373 1 0
43630 1 1 3 0 0.075 0.235 0.351 0.956 0.072 181.417 339 189.207 425.28 0 0
43630 2 1 3 0 0.075 0.235 0.351 0.956 0.072 179.999 350 187.264 455.047 0 0
43630 3 1 3 0 0.075 0.235 0.351 0.956 0.072 152.894 285 160.303 409.233 0 0
43630 4 1 3 0 0.075 0.235 0.351 0.956 0.072 172.058 352 183.397 458.533 0 0
43630 5 1 3 0 0.075 0.235 0.351 0.956 0.072 180.474 357 185.391 443.027 0 0
43630 6 1 3 0 0.075 0.235 0.351 0.956 0.072 180.474 367 185.692 479.453 0 0
43630 7 1 3 0 0.075 0.235 0.351 0.956 0.072 0 9 0.05 9.38 1 0.787
43630 8 1 3 0 0.075 0.235 0.351 0.956 0.072 156.608 323 163.802 415.427 0 0
43630 9 1 3 0 0.075 0.235 0.351 0.956 0.072 129.733 310 144.857 382.96 0 0
43630 10 1 3 0 0.075 0.235 0.351 0.956 0.072 0 17 0.041 17 1 0
43630 1 1 3 0 0.029 0.464 0.213 0.916 0.321 62.818 231 66.502 300.2 0 0
43630 2 1 3 0 0.029 0.464 0.213 0.916 0.321 5.559 147 25.725 219.067 0 0
43630 3 1 3 0 0.029 0.464 0.213 0.916 0.321 67.43 182 79.471 220.787 0 0
43630 4 1 3 0 0.029 0.464 0.213 0.916 0.321 3.107 120 4.763 159.267 0.727 0
43630 5 1 3 0 0.029 0.464 0.213 0.916 0.321 29.256 81 39.162 154.62 0 0
43630 6 1 3 0 0.029 0.464 0.213 0.916 0.321 58.011 253 67.126 315.107 0 0
43630 7 1 3 0 0.029 0.464 0.213 0.916 0.321 73.982 117 81.271 180.44 0 0
43630 8 1 3 0 0.029 0.464 0.213 0.916 0.321 30.721 178 38.922 238.473 0 0
43630 9 1 3 0 0.029 0.464 0.213 0.916 0.321 57.287 154 63.207 215.407 0 0
43630 10 1 3 0 0.029 0.464 0.213 0.916 0.321 59.629 184 64.161 237.033 0 0
43630 1 1 3 0 0.021 0.054 0.363 0.911 0.561 0.1 15 0.361 16.673 1 0
43630 2 1 3 0 0.021 0.054 0.363 0.911 0.561 0.896 96 2.246 107.533 1 0
43630 3 1 3 0 0.021 0.054 0.363 0.911 0.561 1.976 111 3.355 119.02 1 0
43630 4 1 3 0 0.021 0.054 0.363 0.911 0.561 1.094 91 2.439 101.673 1 0
43630 5 1 3 0 0.021 0.054 0.363 0.911 0.561 1.293 120 2.061 125.82 1 0
43630 6 1 3 0 0.021 0.054 0.363 0.911 0.561 1.194 130 2.286 143.133 1 0
43630 7 1 3 0 0.021 0.054 0.363 0.911 0.561 1.043 116 2.1 128.647 1 0
43630 8 1 3 0 0.021 0.054 0.363 0.911 0.561 1.244 103 2.377 113.54 1 0
43630 9 1 3 0 0.021 0.054 0.363 0.911 0.561 1.343 126 3.056 135.933 1 0
43630 10 1 3 0 0.021 0.054 0.363 0.911 0.561 0 8 0.056 8 1 1
43630 1 1 3 0 0.07 0.19 0.045 0.936 0.296 242.929 1021 246.829 1133.02 0 0
43630 2 1 3 0 0.07 0.19 0.045 0.936 0.296 239.88 910 245.748 1131.2 0 0
43630 3 1 3 0 0.07 0.19 0.045 0.936 0.296 240.099 916 246.043 1113.773 0 0
43630 4 1 3 0 0.07 0.19 0.045 0.936 0.296 239.781 931 246.331 1153.56 0 0
43630 1 1 4 1 0.081 0.491 0.494 0.857 0.196 2.528 142 6.332 180.387 0.347 0
43630 2 1 4 1 0.081 0.491 0.494 0.857 0.196 0.547 116 4.942 146.047 0.513 0
43630 3 1 4 1 0.081 0.491 0.494 0.857 0.196 2.635 108 4.261 133.833 0.673 0
43630 4 1 4 1 0.081 0.491 0.494 0.857 0.196 0 17 0.138 17 1 0
43630 5 1 4 1 0.081 0.491 0.494 0.857 0.196 2.237 135 5.48 172.913 0.54 0
43630 6 1 4 1 0.081 0.491 0.494 0.857 0.196 1.138 136 4.043 165.5 0.633 0
43630 7 1 4 1 0.081 0.491 0.494 0.857 0.196 29.568 125 35.716 161.413 0 0
43630 8 1 4 1 0.081 0.491 0.494 0.857 0.196 0 7 0.022 7 1 1
43630 9 1 4 1 0.081 0.491 0.494 0.857 0.196 2.436 146 6.407 163.573 0.187 0
43630 10 1 4 1 0.081 0.491 0.494 0.857 0.196 4.368 129 7.428 165.433 0.04 0
43630 1 1 4 1 0.025 0.255 0.385 0.791 0.827 1.938 123 3.074 134.673 1 0
43630 2 1 4 1 0.025 0.255 0.385 0.791 0.827 0.05 8 0.214 8.68 1 1
43630 3 1 4 1 0.025 0.255 0.385 0.791 0.827 0 39 0.202 39 1 0
43630 4 1 4 1 0.025 0.255 0.385 0.791 0.827 0 16 0.045 16 1 0
43630 5 1 4 1 0.025 0.255 0.385 0.791 0.827 1.79 106 2.841 118.38 1 0
43630 6 1 4 1 0.025 0.255 0.385 0.791 0.827 0.1 40 0.44 40.933 1 0
43630 7 1 4 1 0.025 0.255 0.385 0.791 0.827 0 16 0.117 16.88 1 0
43630 8 1 4 1 0.025 0.255 0.385 0.791 0.827 0.647 116 1.489 125.633 1 0
43630 9 1 4 1 0.025 0.255 0.385 0.791 0.827 0.895 107 2.244 116.92 1 0
43630 10 1 4 1 0.025 0.255 0.385 0.791 0.827 0.1 19 0.307 20.407 1 0
43630 1 1 4 1 0.112 0.389 0.082 0.876 0.221 244.887 2132 248.442 2526.953 0 0
43630 2 1 4 1 0.112 0.389 0.082 0.876 0.221 246.383 2344 248.784 2788.107 0 0
43630 3 1 4 1 0.112 0.389 0.082 0.876 0.221 244.683 2297 248.241 2511.647 0 0
43630 4 1 4 1 0.112 0.389 0.082 0.876 0.221 245.139 2546 248.645 3048.467 0 0
43630 5 1 4 1 0.112 0.389 0.082 0.876 0.221 244.282 1714 247.615 2122.133 0 0
43630 6 1 4 1 0.112 0.389 0.082 0.876 0.221 245.246 2540 248.569 2931.293 0 0
43630 7 1 4 1 0.112 0.389 0.082 0.876 0.221 246.353 3267 249.061 3823.153 0 0
43630 8 1 4 1 0.112 0.389 0.082 0.876 0.221 246.337 3420 249.162 3934.64 0 0
43630 9 1 4 1 0.112 0.389 0.082 0.876 0.221 245.427 1961 248.471 2288.673 0 0
43630 10 1 4 1 0.112 0.389 0.082 0.876 0.221 244.407 2341 248.03 2645.693 0 0
43630 1 1 4 1 0.067 0.429 0.113 0.768 0.002 250 83297 250 85762.333 0 0
43630 2 1 4 1 0.067 0.429 0.113 0.768 0.002 250 86563 250 88970.5 0 0
43630 3 1 4 1 0.067 0.429 0.113 0.768 0.002 249.987 73784 250 75100.627 0 0
43630 4 1 4 1 0.067 0.429 0.113 0.768 0.002 250 107720 250 109300.733 0 0
43630 1 1 9 1 0.093 0.239 0.41 0.831 0.39 0 13 0.051 16.74 1 0
43630 2 1 9 1 0.093 0.239 0.41 0.831 0.39 0 8 0.009 8 1 1
43630 3 1 9 1 0.093 0.239 0.41 0.831 0.39 0.05 28 0.229 28.9 1 0
43630 4 1 9 1 0.093 0.239 0.41 0.831 0.39 0 16 0.21 16 1 0
43630 5 1 9 1 0.093 0.239 0.41 0.831 0.39 0 4 0.165 4.453 1 1
43630 6 1 9 1 0.093 0.239 0.41 0.831 0.39 0.05 13 0.145 13.813 1 0
43630 7 1 9 1 0.093 0.239 0.41 0.831 0.39 0 18 0.112 18 1 0
43630 8 1 9 1 0.093 0.239 0.41 0.831 0.39 0.398 70 1.466 89.953 1 0
43630 9 1 9 1 0.093 0.239 0.41 0.831 0.39 0 15 0.144 15 1 0
43630 10 1 9 1 0.093 0.239 0.41 0.831 0.39 0.249 35 0.425 35 1 0
43630 1 1 9 1 0.086 0.395 0.398 0.974 0.291 1.194 131 2.921 150.74 0.98 0
43630 2 1 9 1 0.086 0.395 0.398 0.974 0.291 2.238 117 3.335 134.053 1 0
43630 3 1 9 1 0.086 0.395 0.398 0.974 0.291 2.232 107 3.751 135.073 0.873 0
43630 4 1 9 1 0.086 0.395 0.398 0.974 0.291 2.188 131 5.177 154.16 0.56 0
43630 5 1 9 1 0.086 0.395 0.398 0.974 0.291 0.547 80 2.64 99.007 0.973 0
43630 6 1 9 1 0.086 0.395 0.398 0.974 0.291 0.929 102 3.651 129.327 0.773 0
43630 7 1 9 1 0.086 0.395 0.398 0.974 0.291 1.691 119 4.08 138.58 0.613 0
43630 8 1 9 1 0.086 0.395 0.398 0.974 0.291 3.131 111 4.085 136.32 0.96 0
43630 9 1 9 1 0.086 0.395 0.398 0.974 0.291 0.05 6 0.231 6.887 1 1
43630 10 1 9 1 0.086 0.395 0.398 0.974 0.291 2.732 141 5.468 160.853 0.393 0
43630 1 1 9 1 0.096 0.33 0.356 0.875 0.002 249.696 27055 249.993 27964.027 0 0
43630 2 1 9 1 0.096 0.33 0.356 0.875 0.002 249.35 23573 249.947 23982.587 0 0
43630 3 1 9 1 0.096 0.33 0.356 0.875 0.002 249.347 29250 249.986 30923.207 0 0
43630 4 1 9 1 0.096 0.33 0.356 0.875 0.002 249.696 21677 249.987 25021.907 0 0
43630 5 1 9 1 0.096 0.33 0.356 0.875 0.002 249.462 23476 249.96 24184.887 0 0
43630 6 1 9 1 0.096 0.33 0.356 0.875 0.002 249.73 23919 249.981 24997.287 0 0
43630 7 1 9 1 0.096 0.33 0.356 0.875 0.002 249.26 29060 249.984 31302.4 0 0
43630 8 1 9 1 0.096 0.33 0.356 0.875 0.002 249.476 21615 249.972 24056.44 0 0
43630 9 1 9 1 0.096 0.33 0.356 0.875 0.002 249.782 26195 249.995 29741.76 0 0
43630 10 1 9 1 0.096 0.33 0.356 0.875 0.002 249.61 28588 249.987 31772.88 0 0
43630 1 1 9 1 0.027 0.01 0.156 0.789 0.238 0 5 0.148 5.56 1 1
43630 2 1 9 1 0.027 0.01 0.156 0.789 0.238 0 6 0.135 6.12 1 1
43630 3 1 9 1 0.027 0.01 0.156 0.789 0.238 0 13 0.232 13.573 1 0
43630 4 1 9 1 0.027 0.01 0.156 0.789 0.238 0 7 0.131 7 1 1
43630 5 1 9 1 0.027 0.01 0.156 0.789 0.238 0 6 0.043 6 1 1
43630 6 1 9 1 0.027 0.01 0.156 0.789 0.238 0 6 0.103 6.333 1 1
43630 7 1 9 1 0.027 0.01 0.156 0.789 0.238 0 8 0.028 9.187 1 0.407
43630 8 1 9 1 0.027 0.01 0.156 0.789 0.238 0 19 0.025 19 1 0
43630 9 1 9 1 0.027 0.01 0.156 0.789 0.238 0 12 0.134 12 1 0
43630 10 1 9 1 0.027 0.01 0.156 0.789 0.238 0 14 0.104 14.273 1 0
43630 1 1 9 1 0.029 0.142 0.278 0.804 0.744 0 10 0.119 10 1 0
43630 2 1 9 1 0.029 0.142 0.278 0.804 0.744 0 13 0.075 13 1 0
43630 3 1 9 1 0.029 0.142 0.278 0.804 0.744 0 13 0.103 13 1 0
43630 4 1 9 1 0.029 0.142 0.278 0.804 0.744 0 17 0.129 18.473 1 0
43630 5 1 9 1 0.029 0.142 0.278 0.804 0.744 0 11 0.181 12.233 1 0
43630 6 1 9 1 0.029 0.142 0.278 0.804 0.744 0 10 0.137 10 1 0
43630 7 1 9 1 0.029 0.142 0.278 0.804 0.744 0 6 0.067 6.367 1 1
43630 8 1 9 1 0.029 0.142 0.278 0.804 0.744 0 13 0.118 13 1 0
43630 9 1 9 1 0.029 0.142 0.278 0.804 0.744 0 11 0.157 12.24 1 0
43630 10 1 9 1 0.029 0.142 0.278 0.804 0.744 0 9 0.066 9 1 1
43630 1 1 9 1 0.025 0.082 0.236 0.945 0.11 40.952 122 44.009 167.26 0 0
43630 2 1 9 1 0.025 0.082 0.236 0.945 0.11 39.273 156 42.816 188.053 0 0
43630 3 1 9 1 0.025 0.082 0.236 0.945 0.11 49.314 111 54.273 151.033 0 0
43630 4 1 9 1 0.025 0.082 0.236 0.945 0.11 0 4 0.031 6.533 1 1
43630 5 1 9 1 0.025 0.082 0.236 0.945 0.11 2.984 143 8.04 180.02 0.213 0
43630 1 1 7 0 0.018 0.127 0.303 0.762 0.584 0 10 0.026 10 1 0
43630 2 1 7 0 0.018 0.127 0.303 0.762 0.584 0 5 0.021 5 1 1
43630 3 1 7 0 0.018 0.127 0.303 0.762 0.584 0 9 0.102 9 1 1
43630 4 1 7 0 0.018 0.127 0.303 0.762 0.584 0 7 0.103 7 1 1
43630 5 1 7 0 0.018 0.127 0.303 0.762 0.584 0 6 0.087 6.527 1 1
43630 6 1 7 0 0.018 0.127 0.303 0.762 0.584 1.442 95 2.548 109.38 1 0
43630 7 1 7 0 0.018 0.127 0.303 0.762 0.584 0 6 0.078 6.293 1 1
43630 8 1 7 0 0.018 0.127 0.303 0.762 0.584 0 6 0.062 6.507 1 1
43630 9 1 7 0 0.018 0.127 0.303 0.762 0.584 0 16 0.107 16.013 1 0
43630 10 1 7 0 0.018 0.127 0.303 0.762 0.584 0.05 11 0.226 13.147 1 0
43630 1 1 7 0 0.078 0.358 0.461 0.753 0.404 0.1 38 0.383 38.953 1 0
43630 2 1 7 0 0.078 0.358 0.461 0.753 0.404 0 9 0.127 9 1 1
43630 3 1 7 0 0.078 0.358 0.461 0.753 0.404 0 24 0.235 24.853 1 0
43630 4 1 7 0 0.078 0.358 0.461 0.753 0.404 0 15 0.082 15 1 0
43630 5 1 7 0 0.078 0.358 0.461 0.753 0.404 0 19 0.122 19.107 1 0
43630 6 1 7 0 0.078 0.358 0.461 0.753 0.404 0.05 16 0.317 18.127 1 0
43630 7 1 7 0 0.078 0.358 0.461 0.753 0.404 0 2 0 2 1 1
43630 8 1 7 0 0.078 0.358 0.461 0.753 0.404 0.149 16 0.417 16.98 1 0
43630 9 1 7 0 0.078 0.358 0.461 0.753 0.404 0 6 0.23 7.48 1 0.7
43630 10 1 7 0 0.078 0.358 0.461 0.753 0.404 0 14 0.03 14 1 0
43630 1 1 7 0 0.044 0.078 0.24 0.863 0.679 0 6 0 6 1 1
43630 2 1 7 0 0.044 0.078 0.24 0.863 0.679 0 16 0.092 16 1 0
43630 3 1 7 0 0.044 0.078 0.24 0.863 0.679 0 16 0.04 16 1 0
43630 4 1 7 0 0.044 0.078 0.24 0.863 0.679 0 9 0.01 9 1 1
43630 5 1 7 0 0.044 0.078 0.24 0.863 0.679 0.1 39 0.466 40.3 1 0
43630 6 1 7 0 0.044 0.078 0.24 0.863 0.679 0 13 0.034 13 1 0
43630 7 1 7 0 0.044 0.078 0.24 0.863 0.679 0 13 0.161 13 1 0
43630 8 1 7 0 0.044 0.078 0.24 0.863 0.679 0 8 0.064 9.84 1 0.1
43630 9 1 7 0 0.044 0.078 0.24 0.863 0.679 0 5 0.035 5 1 1
43630 10 1 7 0 0.044 0.078 0.24 0.863 0.679 1.143 70 2.384 82.56 1 0
43630 1 1 7 0 0.117 0.292 0.209 0.871 0.817 0 11 0.105 13.113 1 0
43630 2 1 7 0 0.117 0.292 0.209 0.871 0.817 0 9 0.041 9 1 1
43630 3 1 7 0 0.117 0.292 0.209 0.871 0.817 0.995 90 1.973 105.073 1 0
43630 4 1 7 0 0.117 0.292 0.209 0.871 0.817 0 8 0.076 8 1 1
43630 5 1 7 0 0.117 0.292 0.209 0.871 0.817 0 10 0.144 11.753 1 0
43630 6 1 7 0 0.117 0.292 0.209 0.871 0.817 0 16 0.197 17.207 1 0
43630 7 1 7 0 0.117 0.292 0.209 0.871 0.817 0 14 0.142 14 1 0
43630 8 1 7 0 0.117 0.292 0.209 0.871 0.817 0 18 0.063 18 1 0
43630 9 1 7 0 0.117 0.292 0.209 0.871 0.817 0 10 0.055 10 1 0
43630 10 1 7 0 0.117 0.292 0.209 0.871 0.817 0 26 0.156 26.287 1 0
43630 1 1 7 0 0.089 0.14 0.428 0.995 0.608 0 28 0.206 28 1 0
43630 2 1 7 0 0.089 0.14 0.428 0.995 0.608 0 27 0.031 27 1 0
43630 3 1 7 0 0.089 0.14 0.428 0.995 0.608 0 8 0.147 9.707 1 0.167
43630 4 1 7 0 0.089 0.14 0.428 0.995 0.608 0 13 0.089 13.553 1 0
43630 5 1 7 0 0.089 0.14 0.428 0.995 0.608 0 7 0.036 7 1 1
43630 6 1 7 0 0.089 0.14 0.428 0.995 0.608 0 15 0.317 15 1 0
43630 7 1 7 0 0.089 0.14 0.428 0.995 0.608 0.398 74 0.732 77.32 1 0
43630 8 1 7 0 0.089 0.14 0.428 0.995 0.608 0 12 0.3 13.533 1 0
43630 9 1 7 0 0.089 0.14 0.428 0.995 0.608 0 7 0.063 7 1 1
43630 10 1 7 0 0.089 0.14 0.428 0.995 0.608 0 15 0.135 15 1 0
43630 1 1 7 0 0.036 0.22 0.248 0.967 0.533 0.149 90 0.512 93.54 1 0
43630 2 1 7 0 0.036 0.22 0.248 0.967 0.533 0 33 0.218 33 1 0
43630 3 1 7 0 0.036 0.22 0.248 0.967 0.533 0.746 84 1.558 95.507 1 0
43630 4 1 7 0 0.036 0.22 0.248 0.967 0.533 0.995 92 1.692 108.513 1 0
43630 5 1 7 0 0.036 0.22 0.248 0.967 0.533 0 46 0.377 49.667 1 0
43630 6 1 7 0 0.036 0.22 0.248 0.967 0.533 0 8 0.026 8 1 1
43630 7 1 7 0 0.036 0.22 0.248 0.967 0.533 0 17 0.252 17.267 1 0
43630 8 1 7 0 0.036 0.22 0.248 0.967 0.533 0 10 0.083 10 1 0
43630 9 1 7 0 0.036 0.22 0.248 0.967 0.533 0 14 0.099 14 1 0
43630 10 1 7 0 0.036 0.22 0.248 0.967 0.533 0 20 0.161 21.86 1 0
43630 1 1 7 0 0.016 0.228 0.269 0.843 0.129 106.576 217 113.497 315.4 0 0
43630 2 1 7 0 0.016 0.228 0.269 0.843 0.129 168.485 223 177.058 332.96 0 0
43630 3 1 7 0 0.016 0.228 0.269 0.843 0.129 4.133 63 8.183 100.66 0.133 0
43630 4 1 7 0 0.016 0.228 0.269 0.843 0.129 112.206 196 116.873 287.233 0 0
43630 5 1 7 0 0.016 0.228 0.269 0.843 0.129 112.103 209 116.329 336.933 0 0
43630 6 1 7 0 0.016 0.228 0.269 0.843 0.129 86.13 161 93.015 240.953 0 0
43630 7 1 7 0 0.016 0.228 0.269 0.843 0.129 101.289 210 112.948 307.98 0 0
43630 8 1 7 0 0.016 0.228 0.269 0.843 0.129 95.039 169 101.209 247.613 0 0
43630 9 1 7 0 0.016 0.228 0.269 0.843 0.129 112.266 207 117.34 272.247 0 0
43630 10 1 7 0 0.016 0.228 0.269 0.843 0.129 74.394 182 79.349 252.007 0 0
43630 1 1 7 0 0.104 0.339 0.165 0.891 0.461 44.872 72 50.395 170.52 0 0
43630 2 1 7 0 0.104 0.339 0.165 0.891 0.461 1.889 138 5.184 172.353 0.58 0
43630 3 1 7 0 0.104 0.339 0.165 0.891 0.461 0 3 0 3 1 1
43630 4 1 7 0 0.104 0.339 0.165 0.891 0.461 3.281 134 5.48 152.733 0.4 0
43630 5 1 7 0 0.104 0.339 0.165 0.891 0.461 0.1 8 0.221 8 1 1
43630 6 1 7 0 0.104 0.339 0.165 0.891 0.461 17.311 151 23.48 195.193 0 0
43630 7 1 7 0 0.104 0.339 0.165 0.891 0.461 10.898 111 14.296 143.22 0 0
43630 8 1 7 0 0.104 0.339 0.165 0.891 0.461 0 11 0.071 11 1 0
43630 9 1 7 0 0.104 0.339 0.165 0.891 0.461 2.434 144 4.881 167.02 0.6 0
43630 10 1 7 0 0.104 0.339 0.165 0.891 0.461 0 16 0.084 18.593 1 0
43630 1 1 7 0 0.003 0.484 0.327 0.755 0.182 55.495 158 62.812 196.027 0 0
43630 2 1 7 0 0.003 0.484 0.327 0.755 0.182 3.457 97 9.688 124.073 0.027 0
43630 3 1 7 0 0.003 0.484 0.327 0.755 0.182 74.333 159 84.183 255.387 0 0
43630 4 1 7 0 0.003 0.484 0.327 0.755 0.182 90.871 181 94.375 239.113 0 0
43630 5 1 7 0 0.003 0.484 0.327 0.755 0.182 0 6 0.018 6.213 1 1
43630 1 2 3 1 0.041 0.489 0.335 0.769 0.422 3.605 76 7.124 111.72 0.213 0
43630 2 2 3 1 0.041 0.489 0.335 0.769 0.422 1.329 85 5.083 119.653 0.52 0
43630 3 2 3 1 0.041 0.489 0.335 0.769 0.422 2.186 92 5.199 126.353 0.487 0
43630 4 2 3 1 0.041 0.489 0.335 0.769 0.422 5.117 114 7.62 135.073 0 0
43630 5 2 3 1 0.041 0.489 0.335 0.769 0.422 4.071 86 6.836 125.62 0.073 0
43630 6 2 3 1 0.041 0.489 0.335 0.769 0.422 3.231 116 5.757 137.633 0.233 0
43630 7 2 3 1 0.041 0.489 0.335 0.769 0.422 2.089 107 5.506 148.08 0.52 0
43630 8 2 3 1 0.041 0.489 0.335 0.769 0.422 2.478 96 6.544 124.327 0.207 0
43630 9 2 3 1 0.041 0.489 0.335 0.769 0.422 1.889 84 4.192 124.66 0.727 0
43630 10 2 3 1 0.041 0.489 0.335 0.769 0.422 1.542 92 4.441 115.753 0.64 0
43630 1 2 3 1 0.024 0.188 0.007 0.872 0.116 250 209028 250 214231.94 0 0
43630 2 2 3 1 0.024 0.188 0.007 0.872 0.116 250 220546 250 222600.287 0 0
43630 3 2 3 1 0.024 0.188 0.007 0.872 0.116 250 167031 250 170834.64 0 0
43630 4 2 3 1 0.024 0.188 0.007 0.872 0.116 250 200873 250 206075.373 0 0
43630 1 1 6 0 0.02 0.474 0.5 0.969 0.133 18.897 154 27.084 209.767 0 0
43630 2 1 6 0 0.02 0.474 0.5 0.969 0.133 0 20 0.119 21.873 1 0
43630 3 1 6 0 0.02 0.474 0.5 0.969 0.133 48.007 128 53.374 184.22 0 0
43630 4 1 6 0 0.02 0.474 0.5 0.969 0.133 64.026 150 67.901 201.92 0 0
43630 5 1 6 0 0.02 0.474 0.5 0.969 0.133 0 13 0.119 14.813 1 0
43630 6 1 6 0 0.02 0.474 0.5 0.969 0.133 3.478 158 6.033 176.913 0.347 0
43630 7 1 6 0 0.02 0.474 0.5 0.969 0.133 0 15 0.11 15.153 1 0
43630 8 1 6 0 0.02 0.474 0.5 0.969 0.133 2.137 121 3.952 146.687 0.84 0
43630 9 1 6 0 0.02 0.474 0.5 0.969 0.133 2.577 136 5.024 170.687 0.667 0
43630 10 1 6 0 0.02 0.474 0.5 0.969 0.133 0 1 0 1 1 1
43630 1 1 6 0 0.085 0.431 0.389 0.752 0.075 237.996 570 244.444 711.367 0 0
43630 2 1 6 0 0.085 0.431 0.389 0.752 0.075 239.865 579 243.919 756.667 0 0
43630 3 1 6 0 0.085 0.431 0.389 0.752 0.075 238.211 621 245.17 712.293 0 0
43630 4 1 6 0 0.085 0.431 0.389 0.752 0.075 238.564 568 243.273 748.373 0 0
43630 5 1 6 0 0.085 0.431 0.389 0.752 0.075 239.557 625 245.121 728.48 0 0
43630 6 1 6 0 0.085 0.431 0.389 0.752 0.075 236.818 629 243.987 770.653 0 0
43630 7 1 6 0 0.085 0.431 0.389 0.752 0.075 235.706 549 242.756 691.033 0 0
43630 8 1 6 0 0.085 0.431 0.389 0.752 0.075 238.466 675 244.157 774.853 0 0
43630 9 1 6 0 0.085 0.431 0.389 0.752 0.075 241.532 610 245.477 754.44 0 0
43630 10 1 6 0 0.085 0.431 0.389 0.752 0.075 240.734 676 245.034 820.973 0 0
43630 1 1 6 0 0.063 0.27 0.266 0.92 0.86 0.945 105 1.961 115.96 1 0
43630 2 1 6 0 0.063 0.27 0.266 0.92 0.86 0.547 98 1.607 107.593 1 0
43630 3 1 6 0 0.063 0.27 0.266 0.92 0.86 0 4 0.115 4 1 1
43630 4 1 6 0 0.063 0.27 0.266 0.92 0.86 0 8 0.084 8 1 1
43630 5 1 6 0 0.063 0.27 0.266 0.92 0.86 0 10 0.08 10.193 1 0
43630 6 1 6 0 0.063 0.27 0.266 0.92 0.86 0 7 0.004 7 1 1
43630 7 1 6 0 0.063 0.27 0.266 0.92 0.86 0 11 0.075 11 1 0
43630 8 1 6 0 0.063 0.27 0.266 0.92 0.86 0 17 0.227 18.013 1 0
43630 9 1 6 0 0.063 0.27 0.266 0.92 0.86 0 13 0.081 13 1 0
43630 10 1 6 0 0.063 0.27 0.266 0.92 0.86 1.393 107 2.126 120.14 1 0
43630 1 1 6 0 0.033 0.334 0.247 0.927 0.708 0 15 0.21 16.047 1 0
43630 2 1 6 0 0.033 0.334 0.247 0.927 0.708 0 7 0.007 7 1 1
43630 3 1 6 0 0.033 0.334 0.247 0.927 0.708 0 12 0.076 12 1 0
43630 4 1 6 0 0.033 0.334 0.247 0.927 0.708 0 9 0.129 9 1 1
43630 5 1 6 0 0.033 0.334 0.247 0.927 0.708 0.05 34 0.272 38.387 1 0
43630 6 1 6 0 0.033 0.334 0.247 0.927 0.708 0 9 0.008 9 1 1
43630 7 1 6 0 0.033 0.334 0.247 0.927 0.708 0.1 29 0.497 31.093 1 0
43630 8 1 6 0 0.033 0.334 0.247 0.927 0.708 0.1 59 0.537 61.867 1 0
43630 9 1 6 0 0.033 0.334 0.247 0.927 0.708 0 14 0.322 15.78 1 0
43630 10 1 6 0 0.033 0.334 0.247 0.927 0.708 1.095 105 2.01 127.26 1 0
43630 1 1 6 0 0.082 0.198 0.049 0.912 0.367 227.551 658 236.089 851.06 0 0
43630 2 1 6 0 0.082 0.198 0.049 0.912 0.367 211.194 574 216.069 740.82 0 0
43630 3 1 6 0 0.082 0.198 0.049 0.912 0.367 238.865 662 244.572 801.093 0 0
43630 4 1 6 0 0.082 0.198 0.049 0.912 0.367 238.431 619 244.718 813.98 0 0
43630 5 1 6 0 0.082 0.198 0.049 0.912 0.367 235.232 710 240.593 833.987 0 0
43630 6 1 6 0 0.082 0.198 0.049 0.912 0.367 236.916 623 243.014 799.26 0 0
43630 7 1 6 0 0.082 0.198 0.049 0.912 0.367 220.766 592 228.338 717.033 0 0
43630 8 1 6 0 0.082 0.198 0.049 0.912 0.367 216.733 758 221.662 875.813 0 0
43630 9 1 6 0 0.082 0.198 0.049 0.912 0.367 0 6 0.018 6 1 1
43630 10 1 6 0 0.082 0.198 0.049 0.912 0.367 207.27 682 214.071 799.633 0 0
43630 1 1 6 0 0.024 0.185 0.421 0.884 0.096 0 15 0.017 15 1 0
43630 2 1 6 0 0.024 0.185 0.421 0.884 0.096 3.942 106 5.796 128.073 0.253 0
43630 3 1 6 0 0.024 0.185 0.421 0.884 0.096 24.066 116 27.922 150.447 0 0
43630 4 1 6 0 0.024 0.185 0.421 0.884 0.096 16.271 106 19.05 134.373 0 0
43630 5 1 6 0 0.024 0.185 0.421 0.884 0.096 2.137 157 4.079 178.473 0.793 0
43630 6 1 6 0 0.024 0.185 0.421 0.884 0.096 31.211 114 33.382 155.073 0 0
43630 7 1 6 0 0.024 0.185 0.421 0.884 0.096 1.491 108 3.911 137.36 0.747 0
43630 8 1 6 0 0.024 0.185 0.421 0.884 0.096 39.979 143 43.845 192.7 0 0
43630 9 1 6 0 0.024 0.185 0.421 0.884 0.096 0.05 17 0.22 20.653 1 0
43630 10 1 6 0 0.024 0.185 0.421 0.884 0.096 1.739 125 3.609 163.247 0.88 0
43630 1 1 6 0 0.01 0.374 0.183 0.915 0.219 174.025 348 179.46 467.84 0 0
43630 2 1 6 0 0.01 0.374 0.183 0.915 0.219 121.381 221 127.402 347.173 0 0
43630 3 1 6 0 0.01 0.374 0.183 0.915 0.219 0 9 0 9 1 1
43630 4 1 6 0 0.01 0.374 0.183 0.915 0.219 189.24 387 201.316 487.44 0 0
43630 5 1 6 0 0.01 0.374 0.183 0.915 0.219 153.841 352 165.002 418.613 0 0
43630 6 1 6 0 0.01 0.374 0.183 0.915 0.219 238.319 443 243.629 601.5 0 0
43630 7 1 6 0 0.01 0.374 0.183 0.915 0.219 140.975 263 147.593 344.1 0 0
43630 8 1 6 0 0.01 0.374 0.183 0.915 0.219 200.027 352 206.461 466.987 0 0
43630 9 1 6 0 0.01 0.374 0.183 0.915 0.219 171.123 270 178.346 416.26 0 0
43630 10 1 6 0 0.01 0.374 0.183 0.915 0.219 166.547 300 171.897 410.093 0 0
43630 1 1 6 0 0.005 0.172 0.255 0.81 0.773 1.39 103 2.3 111.733 1 0
43630 2 1 6 0 0.005 0.172 0.255 0.81 0.773 0 11 0.023 11 1 0
43630 1 2 5 1 0.114 0.442 0.103 0.788 0.388 240.867 1026 245.913 1192.98 0 0
43630 2 2 5 1 0.114 0.442 0.103 0.788 0.388 244.451 890 247.112 1091.407 0 0
43630 3 2 5 1 0.114 0.442 0.103 0.788 0.388 241.466 899 246.122 1160.9 0 0
43630 4 2 5 1 0.114 0.442 0.103 0.788 0.388 241.303 920 246.049 1086.36 0 0
43630 5 2 5 1 0.114 0.442 0.103 0.788 0.388 242.142 924 247.457 1161.62 0 0
43630 6 2 5 1 0.114 0.442 0.103 0.788 0.388 243.366 914 247.105 1077.34 0 0
43630 7 2 5 1 0.114 0.442 0.103 0.788 0.388 242.026 887 246.155 1071.067 0 0
43630 8 2 5 1 0.114 0.442 0.103 0.788 0.388 244.259 915 247.561 1129.047 0 0
43630 9 2 5 1 0.114 0.442 0.103 0.788 0.388 243.241 892 247.448 1120.327 0 0
43630 10 2 5 1 0.114 0.442 0.103 0.788 0.388 241.48 909 246.774 1062.84 0 0
43630 1 2 5 1 0.119 0.009 0.178 0.967 0.01 229.875 637 240.776 718.7 0 0
43630 2 2 5 1 0.119 0.009 0.178 0.967 0.01 207.167 476 216.468 618.927 0 0
43630 3 2 5 1 0.119 0.009 0.178 0.967 0.01 206.232 506 212.514 622.927 0 0
43630 4 2 5 1 0.119 0.009 0.178 0.967 0.01 219.073 481 224.252 630.913 0 0
43630 5 2 5 1 0.119 0.009 0.178 0.967 0.01 204.74 488 212.577 599.667 0 0
43630 6 2 5 1 0.119 0.009 0.178 0.967 0.01 213.117 483 222.081 623.113 0 0
43630 7 2 5 1 0.119 0.009 0.178 0.967 0.01 237.461 582 241.909 718.587 0 0
43630 8 2 5 1 0.119 0.009 0.178 0.967 0.01 189.96 457 199.427 547.853 0 0
43630 9 2 5 1 0.119 0.009 0.178 0.967 0.01 228.436 492 239.208 617.12 0 0
43630 10 2 5 1 0.119 0.009 0.178 0.967 0.01 218.953 455 225.819 631.747 0 0
43630 1 2 5 1 0.025 0.47 0.474 0.893 0.115 194.983 366 202.046 467.873 0 0
43630 2 2 5 1 0.025 0.47 0.474 0.893 0.115 145.281 308 151.394 391.06 0 0
43630 3 2 5 1 0.025 0.47 0.474 0.893 0.115 157.724 269 169.815 379.593 0 0
43630 4 2 5 1 0.025 0.47 0.474 0.893 0.115 152.231 310 161.653 402.46 0 0
43630 5 2 5 1 0.025 0.47 0.474 0.893 0.115 226.026 411 233.259 517.467 0 0
43630 6 2 5 1 0.025 0.47 0.474 0.893 0.115 164.757 318 170.032 429.713 0 0
43630 7 2 5 1 0.025 0.47 0.474 0.893 0.115 131.202 279 144.696 372.873 0 0
43630 8 2 5 1 0.025 0.47 0.474 0.893 0.115 191.641 382 201.7 492.893 0 0
43630 9 2 5 1 0.025 0.47 0.474 0.893 0.115 152.861 293 160.619 388.527 0 0
43630 10 2 5 1 0.025 0.47 0.474 0.893 0.115 171.412 311 179.945 445.407 0 0
43630 1 2 5 1 0.042 0.306 0.152 0.975 0.666 2.529 110 3.586 137.533 0.967 0
43630 2 2 5 1 0.042 0.306 0.152 0.975 0.666 2.535 126 4.375 143.133 0.68 0
43630 3 2 5 1 0.042 0.306 0.152 0.975 0.666 1.683 95 3.498 124.78 0.967 0
43630 4 2 5 1 0.042 0.306 0.152 0.975 0.666 1.143 133 3.215 158.713 0.88 0
43630 5 2 5 1 0.042 0.306 0.152 0.975 0.666 3.728 90 6.341 122.027 0.213 0
43630 6 2 5 1 0.042 0.306 0.152 0.975 0.666 3.613 127 5.335 142.613 0.407 0
43630 7 2 5 1 0.042 0.306 0.152 0.975 0.666 2.531 86 5.862 111.647 0.34 0
43630 8 2 5 1 0.042 0.306 0.152 0.975 0.666 2.435 122 4.471 145.947 0.62 0
43630 9 2 5 1 0.042 0.306 0.152 0.975 0.666 1.84 101 3.483 122.793 0.88 0
43630 10 2 5 1 0.042 0.306 0.152 0.975 0.666 2.623 120 4.929 142.2 0.513 0
43630 1 2 5 1 0.011 0.102 0.268 0.919 0.763 1.492 113 2.813 127.573 1 0
43630 2 2 5 1 0.011 0.102 0.268 0.919 0.763 1.592 113 2.957 133.253 0.973 0
43630 3 2 5 1 0.011 0.102 0.268 0.919 0.763 2.531 95 3.75 117.16 1 0
43630 4 2 5 1 0.011 0.102 0.268 0.919 0.763 0.896 116 3.068 135.44 0.993 0
43630 5 2 5 1 0.011 0.102 0.268 0.919 0.763 1.294 105 2.729 122.613 1 0
43630 6 2 5 1 0.011 0.102 0.268 0.919 0.763 1.591 108 3.813 126.053 0.847 0
43630 7 2 5 1 0.011 0.102 0.268 0.919 0.763 0.796 101 2.987 122.533 0.967 0
43630 8 2 5 1 0.011 0.102 0.268 0.919 0.763 1.889 106 3.027 132.227 1 0
43630 9 2 5 1 0.011 0.102 0.268 0.919 0.763 1.044 111 2.32 127.173 1 0
43630 10 2 5 1 0.011 0.102 0.268 0.919 0.763 1.492 106 2.566 123.833 1 0
43630 1 2 5 1 0.001 0.054 0.033 0.796 0.534 57.032 192 64.777 258.427 0 0
43630 2 2 5 1 0.001 0.054 0.033 0.796 0.534 77.835 131 83.367 187.58 0 0
43630 3 2 5 1 0.001 0.054 0.033 0.796 0.534 55.284 166 64.764 237.06 0 0
43630 4 2 5 1 0.001 0.054 0.033 0.796 0.534 81.91 190 88.039 252.3 0 0
43630 5 2 5 1 0.001 0.054 0.033 0.796 0.534 75.802 82 83.659 172.88 0 0
43630 6 2 5 1 0.001 0.054 0.033 0.796 0.534 90.513 109 95.793 210.193 0 0
43630 7 2 5 1 0.001 0.054 0.033 0.796 0.534 69.484 162 80.032 232.973 0 0
43630 8 2 5 1 0.001 0.054 0.033 0.796 0.534 86.852 138 92.252 217.48 0 0
43630 9 2 5 1 0.001 0.054 0.033 0.796 0.534 53.272 152 61.315 194.02 0 0
43630 10 2 5 1 0.001 0.054 0.033 0.796 0.534 41.265 128 45.722 189.613 0 0
43630 1 2 5 1 0.06 0.19 0.228 0.95 0.593 1.591 105 3.592 118.367 0.86 0
43630 2 2 5 1 0.06 0.19 0.228 0.95 0.593 1.932 95 3.62 114.027 0.96 0
43630 3 2 5 1 0.06 0.19 0.228 0.95 0.593 1.343 103 3.249 124.313 0.88 0
43630 4 2 5 1 0.06 0.19 0.228 0.95 0.593 0.945 96 3.489 110.893 0.82 0
43630 1 1 7 0 0.089 0.126 0.126 0.849 0.611 0 43 0.322 45.3 1 0
43630 2 1 7 0 0.089 0.126 0.126 0.849 0.611 0.05 13 0.097 13 1 0
43630 3 1 7 0 0.089 0.126 0.126 0.849 0.611 1.343 109 2.454 121.4 1 0
43630 4 1 7 0 0.089 0.126 0.126 0.849 0.611 0 12 0.022 12 1 0
43630 5 1 7 0 0.089 0.126 0.126 0.849 0.611 0 6 0.165 6 1 1
43630 6 1 7 0 0.089 0.126 0.126 0.849 0.611 0 10 0.137 10 1 0
43630 7 1 7 0 0.089 0.126 0.126 0.849 0.611 0 3 0 3 1 1
43630 8 1 7 0 0.089 0.126 0.126 0.849 0.611 0 10 0.102 10 1 0
43630 9 1 7 0 0.089 0.126 0.126 0.849 0.611 0 16 0.277 19.087 1 0
43630 10 1 7 0 0.089 0.126 0.126 0.849 0.611 0 8 0.042 8 1 1
43630 1 1 7 0 0.054 0.375 0.132 0.865 0.778 0 16 0.134 16 1 0
43630 2 1 7 0 0.054 0.375 0.132 0.865 0.778 0.05 58 0.37 59.8 1 0
43630 3 1 7 0 0.054 0.375 0.132 0.865 0.778 0 7 0.045 7 1 1
43630 4 1 7 0 0.054 0.375 0.132 0.865 0.778 0 5 0 5 1 1
43630 5 1 7 0 0.054 0.375 0.132 0.865 0.778 1.243 98 2.247 117.887 1 0
43630 6 1 7 0 0.054 0.375 0.132 0.865 0.778 0 6 0.094 6.233 1 1
43630 7 1 7 0 0.054 0.375 0.132 0.865 0.778 0 13 0.033 13 1 0
43630 8 1 7 0 0.054 0.375 0.132 0.865 0.778 1.194 121 2.455 135.647 1 0
43630 9 1 7 0 0.054 0.375 0.132 0.865 0.778 0.1 19 0.538 19.96 1 0
43630 10 1 7 0 0.054 0.375 0.132 0.865 0.778 0.05 11 0.197 11.66 1 0
43630 1 1 7 0 0.054 0.29 0.226 0.807 0.445 0 12 0.095 12.167 1 0
43630 2 1 7 0 0.054 0.29 0.226 0.807 0.445 1.392 97 3.18 129.067 0.9 0
43630 3 1 7 0 0.054 0.29 0.226 0.807 0.445 0 7 0.04 7 1 1
43630 4 1 7 0 0.054 0.29 0.226 0.807 0.445 0 13 0.09 13 1 0
43630 5 1 7 0 0.054 0.29 0.226 0.807 0.445 0 20 0.243 23.74 1 0
43630 6 1 7 0 0.054 0.29 0.226 0.807 0.445 0.149 92 0.581 95.26 1 0
43630 7 1 7 0 0.054 0.29 0.226 0.807 0.445 1.376 98 3.18 130.813 1 0
43630 8 1 7 0 0.054 0.29 0.226 0.807 0.445 0.746 134 2.898 152.413 1 0
43630 9 1 7 0 0.054 0.29 0.226 0.807 0.445 1.839 129 3.886 146.733 0.84 0
43630 10 1 7 0 0.054 0.29 0.226 0.807 0.445 2.685 139 4.281 155.373 0.813 0
43630 1 1 7 0 0.045 0.411 0.429 0.9 0.144 31.154 142 34.801 171.053 0 0
43630 2 1 7 0 0.045 0.411 0.429 0.9 0.144 87.312 111 92.97 207.727 0 0
43630 3 1 7 0 0.045 0.411 0.429 0.9 0.144 1.592 127 4.086 162.16 0.653 0
43630 4 1 7 0 0.045 0.411 0.429 0.9 0.144 0 8 0.091 8.1 1 1
43630 5 1 7 0 0.045 0.411 0.429 0.9 0.144 79.52 181 90.168 240.04 0 0
43630 6 1 7 0 0.045 0.411 0.429 0.9 0.144 0 4 0.096 4 1 1
43630 7 1 7 0 0.045 0.411 0.429 0.9 0.144 62.48 173 73.527 220.66 0 0
43630 8 1 7 0 0.045 0.411 0.429 0.9 0.144 82.804 136 88.227 229.607 0 0
43630 9 1 7 0 0.045 0.411 0.429 0.9 0.144 75.092 185 81.076 263.287 0 0
43630 10 1 7 0 0.045 0.411 0.429 0.9 0.144 63.957 121 72.407 176.067 0 0
43630 1 1 7 0 0.12 0.341 0.188 0.951 0.887 0 23 0.085 23 1 0
43630 2 1 7 0 0.12 0.341 0.188 0.951 0.887 0 6 0.024 6 1 1
43630 3 1 7 0 0.12 0.341 0.188 0.951 0.887 0 14 0.098 14 1 0
43630 4 1 7 0 0.12 0.341 0.188 0.951 0.887 0 40 0.195 40.533 1 0
43630 5 1 7 0 0.12 0.341 0.188 0.951 0.887 0 8 0.254 10.693 1 0.413
43630 6 1 7 0 0.12 0.341 0.188 0.951 0.887 0 4 0.056 5.773 1 1
43630 7 1 7 0 0.12 0.341 0.188 0.951 0.887 0 16 0.073 16 1 0
43630 8 1 7 0 0.12 0.341 0.188 0.951 0.887 0.249 70 0.639 76.993 1 0
43630 9 1 7 0 0.12 0.341 0.188 0.951 0.887 0 16 0.102 16 1 0
43630 10 1 7 0 0.12 0.341 0.188 0.951 0.887 0 11 0.143 11 1 0
43630 1 1 7 0 0.045 0.081 0.32 0.85 0.821 0 5 0.037 5 1 1
43630 2 1 7 0 0.045 0.081 0.32 0.85 0.821 0 16 0.137 16.02 1 0
43630 3 1 7 0 0.045 0.081 0.32 0.85 0.821 0 6 0.028 6 1 1
43630 4 1 7 0 0.045 0.081 0.32 0.85 0.821 0 12 0.009 12 1 0
43630 5 1 7 0 0.045 0.081 0.32 0.85 0.821 0.299 74 0.778 80.32 1 0
43630 6 1 7 0 0.045 0.081 0.32 0.85 0.821 0 7 0.032 7 1 1
43630 7 1 7 0 0.045 0.081 0.32 0.85 0.821 0.05 24 0.402 26.807 1 0
43630 8 1 7 0 0.045 0.081 0.32 0.85 0.821 0 9 0.058 9.707 1 0.62
43630 9 1 7 0 0.045 0.081 0.32 0.85 0.821 0 8 0.108 8 1 1
43630 10 1 7 0 0.045 0.081 0.32 0.85 0.821 0 9 0.223 9.893 1 0.68
43630 1 1 7 0 0.087 0.377 0.416 0.976 0.344 0 24 0.183 25.413 1 0
43630 2 1 7 0 0.087 0.377 0.416 0.976 0.344 0 5 0.1 5 1 1
43630 3 1 7 0 0.087 0.377 0.416 0.976 0.344 0 7 0.065 7 1 1
43630 4 1 7 0 0.087 0.377 0.416 0.976 0.344 0 7 0.202 8.58 1 0.493
43630 5 1 7 0 0.087 0.377 0.416 0.976 0.344 0.945 122 2.391 133.813 1 0
43630 6 1 7 0 0.087 0.377 0.416 0.976 0.344 1.143 108 3.163 117.66 0.913 0
43630 7 1 7 0 0.087 0.377 0.416 0.976 0.344 0 11 0.076 11 1 0
43630 8 1 7 0 0.087 0.377 0.416 0.976 0.344 0 11 0.064 11 1 0
43630 9 1 7 0 0.087 0.377 0.416 0.976 0.344 0.995 142 2.46 154.853 0.953 0
43630 10 1 7 0 0.087 0.377 0.416 0.976 0.344 0 8 0.043 8 1 1
43630 1 1 7 0 0.019 0.076 0.445 0.777 0.133 0 10 0.028 10 1 0
43630 2 1 7 0 0.019 0.076 0.445 0.777 0.133 0 12 0.093 12 1 0
43630 3 1 7 0 0.019 0.076 0.445 0.777 0.133 0 18 0.119 18 1 0
43630 4 1 7 0 0.019 0.076 0.445 0.777 0.133 0 9 0.101 10.133 1 0.433
43630 5 1 7 0 0.019 0.076 0.445 0.777 0.133 0 11 0.107 11.32 1 0
43630 6 1 7 0 0.019 0.076 0.445 0.777 0.133 0.05 18 0.201 18.52 1 0
43630 7 1 7 0 0.019 0.076 0.445 0.777 0.133 0 17 0.103 17 1 0
43630 8 1 7 0 0.019 0.076 0.445 0.777 0.133 0 10 0.171 12.947 1 0
43630 9 1 7 0 0.019 0.076 0.445 0.777 0.133 0 7 0.018 7.22 1 1
43630 10 1 7 0 0.019 0.076 0.445 0.777 0.133 0 4 0.034 4 1 1
43630 1 1 7 0 0.044 0.224 0.169 0.977 0.808 0 7 0.061 7 1 1
43630 2 1 7 0 0.044 0.224 0.169 0.977 0.808 0 4 0.177 6.32 1 1
43630 3 1 7 0 0.044 0.224 0.169 0.977 0.808 0 17 0.211 17.613 1 0
43630 4 1 7 0 0.044 0.224 0.169 0.977 0.808 0 11 0.023 11 1 0
43630 5 1 7 0 0.044 0.224 0.169 0.977 0.808 0 5 0.018 5 1 1
43630 6 1 7 0 0.044 0.224 0.169 0.977 0.808 0 19 0.159 19.507 1 0
43630 1 2 7 0 0.036 0.376 0.011 0.796 0.645 7.037 115 11.424 162.787 0 0
43630 2 2 7 0 0.036 0.376 0.011 0.796 0.645 0 10 0.002 10 1 0
43630 3 2 7 0 0.036 0.376 0.011 0.796 0.645 0 11 0.047 11.887 1 0
43630 4 2 7 0 0.036 0.376 0.011 0.796 0.645 8.748 90 14.728 126.747 0 0
43630 5 2 7 0 0.036 0.376 0.011 0.796 0.645 0 3 0 3 1 1
43630 6 2 7 0 0.036 0.376 0.011 0.796 0.645 0 12 0.169 13.553 1 0
43630 7 2 7 0 0.036 0.376 0.011 0.796 0.645 0.199 49 6.399 80.947 0.473 0
43630 8 2 7 0 0.036 0.376 0.011 0.796 0.645 0.597 34 8.532 123.867 0.48 0
43630 9 2 7 0 0.036 0.376 0.011 0.796 0.645 0 5 0.046 5.473 1 1
43630 10 2 7 0 0.036 0.376 0.011 0.796 0.645 0 8 0.164 8 1 1
43630 1 2 7 0 0.06 0.207 0.13 0.951 0.311 165.9 430 171.024 636.733 0 0
43630 2 2 7 0 0.06 0.207 0.13 0.951 0.311 173.608 357 179.028 486.92 0 0
43630 3 2 7 0 0.06 0.207 0.13 0.951 0.311 193.741 348 200.43 599.3 0 0
43630 4 2 7 0 0.06 0.207 0.13 0.951 0.311 198.152 550 202.383 743.64 0 0
43630 5 2 7 0 0.06 0.207 0.13 0.951 0.311 155.169 314 163.55 490.72 0 0
43630 6 2 7 0 0.06 0.207 0.13 0.951 0.311 180.708 338 186.174 537.793 0 0
43630 7 2 7 0 0.06 0.207 0.13 0.951 0.311 221.294 480 227.077 786.5 0 0
43630 8 2 7 0 0.06 0.207 0.13 0.951 0.311 174.848 447 180.643 624.313 0 0
43630 9 2 7 0 0.06 0.207 0.13 0.951 0.311 193.216 427 204.312 645.273 0 0
43630 10 2 7 0 0.06 0.207 0.13 0.951 0.311 193.919 480 204.894 649.6 0 0
43630 1 2 7 0 0.02 0.355 0.182 0.848 0.501 0 9 0.121 9 1 1
43630 2 2 7 0 0.02 0.355 0.182 0.848 0.501 3.396 78 6.196 110.547 0.253 0
43630 3 2 7 0 0.02 0.355 0.182 0.848 0.501 2.916 83 6.55 120.06 0.38 0
43630 4 2 7 0 0.02 0.355 0.182 0.848 0.501 2.531 102 4.789 122.253 0.64 0
43630 5 2 7 0 0.02 0.355 0.182 0.848 0.501 2.834 92 9.367 136.093 0.14 0
43630 6 2 7 0 0.02 0.355 0.182 0.848 0.501 4.37 80 7.489 123.267 0.067 0
43630 7 2 7 0 0.02 0.355 0.182 0.848 0.501 3.48 91 7.761 126.827 0.18 0
43630 8 2 7 0 0.02 0.355 0.182 0.848 0.501 2.436 92 5.679 124.56 0.36 0
43630 9 2 7 0 0.02 0.355 0.182 0.848 0.501 4.432 65 7.924 107.453 0.08 0
43630 10 2 7 0 0.02 0.355 0.182 0.848 0.501 6.275 106 9.012 141.607 0 0
43630 1 2 7 0 0.008 0.207 0.011 0.926 0.485 247.352 2754 249.163 3049.38 0 0
43630 2 2 7 0 0.008 0.207 0.011 0.926 0.485 247.115 2820 249.372 3389.513 0 0
43630 3 2 7 0 0.008 0.207 0.011 0.926 0.485 246.319 2193 248.922 2429.34 0 0
43630 4 2 7 0 0.008 0.207 0.011 0.926 0.485 247.216 2505 249.384 3503.007 0 0
43630 5 2 7 0 0.008 0.207 0.011 0.926 0.485 246.521 2894 249.368 3354.107 0 0
43630 6 2 7 0 0.008 0.207 0.011 0.926 0.485 246.838 2600 249.168 3058.707 0 0
43630 7 2 7 0 0.008 0.207 0.011 0.926 0.485 247.209 2935 249.462 3607.667 0 0
43630 8 2 7 0 0.008 0.207 0.011 0.926 0.485 247.586 2906 249.358 3246.047 0 0
43630 9 2 7 0 0.008 0.207 0.011 0.926 0.485 248.068 3918 249.717 4910.36 0 0
43630 10 2 7 0 0.008 0.207 0.011 0.926 0.485 247.637 2232 249.322 2950.1 0 0
43630 1 2 7 0 0.082 0.27 0.049 0.874 0.222 249.202 10294 249.85 11589.827 0 0
43630 2 2 7 0 0.082 0.27 0.049 0.874 0.222 248.209 6267 249.747 8294.253 0 0
43630 3 2 7 0 0.082 0.27 0.049 0.874 0.222 249.13 10815 249.944 14495.853 0 0
43630 4 2 7 0 0.082 0.27 0.049 0.874 0.222 248.506 8050 249.843 9422.28 0 0
43630 5 2 7 0 0.082 0.27 0.049 0.874 0.222 249.046 8769 249.879 10612.8 0 0
43630 6 2 7 0 0.082 0.27 0.049 0.874 0.222 248.279 6261 249.619 6768.687 0 0
43630 7 2 7 0 0.082 0.27 0.049 0.874 0.222 249.084 8846 249.896 10180.087 0 0
43630 8 2 7 0 0.082 0.27 0.049 0.874 0.222 248.663 7655 249.819 8974.613 0 0
43630 9 2 7 0 0.082 0.27 0.049 0.874 0.222 248.944 9431 249.915 10881.56 0 0
43630 10 2 7 0 0.082 0.27 0.049 0.874 0.222 249.219 12074 249.969 13435.707 0 0
43630 1 2 7 0 0.057 0.297 0.123 0.815 0.924 1.045 101 2.734 124.167 1 0
43630 2 2 7 0 0.057 0.297 0.123 0.815 0.924 1.342 101 3.022 118.093 0.907 0
43630 3 2 7 0 0.057 0.297 0.123 0.815 0.924 1.442 89 2.797 109.267 1 0
43630 4 2 7 0 0.057 0.297 0.123 0.815 0.924 0.895 114 2.438 135.853 1 0
43630 5 2 7 0 0.057 0.297 0.123 0.815 0.924 1.193 94 2.2 121.653 1 0
43630 6 2 7 0 0.057 0.297 0.123 0.815 0.924 1.641 101 2.707 120.107 1 0
43630 7 2 7 0 0.057 0.297 0.123 0.815 0.924 1.741 89 2.901 104.447 1 0
43630 8 2 7 0 0.057 0.297 0.123 0.815 0.924 1.493 89 2.41 108.213 1 0
43630 9 2 7 0 0.057 0.297 0.123 0.815 0.924 1.79 84 3.268 95.94 0.893 0
43630 1 1 9 1 0.11 0.137 0.358 0.868 0.107 46.157 150 52.83 211.233 0 0
43630 2 1 9 1 0.11 0.137 0.358 0.868 0.107 2.133 133 4.454 157.707 0.687 0
43630 3 1 9 1 0.11 0.137 0.358 0.868 0.107 0 15 0.104 15 1 0
43630 4 1 9 1 0.11 0.137 0.358 0.868 0.107 0.696 85 3.864 107.8 0.667 0
43630 5 1 9 1 0.11 0.137 0.358 0.868 0.107 55.894 152 63.691 201.987 0 0
43630 6 1 9 1 0.11 0.137 0.358 0.868 0.107 0.796 95 2.562 114.267 0.86 0
43630 7 1 9 1 0.11 0.137 0.358 0.868 0.107 47.762 155 53.159 213.707 0 0
43630 8 1 9 1 0.11 0.137 0.358 0.868 0.107 0 9 0.15 9.513 1 0.487
43630 9 1 9 1 0.11 0.137 0.358 0.868 0.107 0.199 81 0.523 87 1 0
43630 10 1 9 1 0.11 0.137 0.358 0.868 0.107 0.796 105 3.041 125.353 0.887 0
43630 1 1 9 1 0.03 0.187 0.254 0.868 0.023 241.949 881 246.483 1092.727 0 0
43630 2 1 9 1 0.03 0.187 0.254 0.868 0.023 244.054 1048 247.845 1286 0 0
43630 3 1 9 1 0.03 0.187 0.254 0.868 0.023 242.965 917 246.702 1139.28 0 0
43630 4 1 9 1 0.03 0.187 0.254 0.868 0.023 238.899 926 246.588 1228.753 0 0
43630 5 1 9 1 0.03 0.187 0.254 0.868 0.023 243.748 1039 247.284 1158.427 0 0
43630 6 1 9 1 0.03 0.187 0.254 0.868 0.023 242.935 925 246.686 1115.747 0 0
43630 7 1 9 1 0.03 0.187 0.254 0.868 0.023 239.456 727 246.191 960.58 0 0
43630 8 1 9 1 0.03 0.187 0.254 0.868 0.023 241.08 865 246.085 981.62 0 0
43630 9 1 9 1 0.03 0.187 0.254 0.868 0.023 240.927 866 246.718 991.313 0 0
43630 10 1 9 1 0.03 0.187 0.254 0.868 0.023 241.669 849 245.623 1007.293 0 0
43630 1 1 9 1 0.1 0.487 0.196 0.922 0.15 241.932 892 247.084 1090.167 0 0
43630 2 1 9 1 0.1 0.487 0.196 0.922 0.15 243.144 1018 247.507 1219.187 0 0
43630 3 1 9 1 0.1 0.487 0.196 0.922 0.15 241.525 949 247.055 1185.493 0 0
43630 4 1 9 1 0.1 0.487 0.196 0.922 0.15 242.275 1045 247.275 1213.473 0 0
43630 5 1 9 1 0.1 0.487 0.196 0.922 0.15 243.643 975 247.385 1147.78 0 0
43630 6 1 9 1 0.1 0.487 0.196 0.922 0.15 241.469 944 246.382 1112.54 0 0
43630 7 1 9 1 0.1 0.487 0.196 0.922 0.15 244.459 992 247.301 1093.22 0 0
43630 8 1 9 1 0.1 0.487 0.196 0.922 0.15 240.735 966 246.668 1107.853 0 0
43630 9 1 9 1 0.1 0.487 0.196 0.922 0.15 242.871 1076 247.329 1227.033 0 0
43630 10 1 9 1 0.1 0.487 0.196 0.922 0.15 240.988 992 246.101 1099.473 0 0
43630 1 1 9 1 0.011 0.257 0.152 0.986 0.131 240.266 579 244.503 715.873 0 0
43630 2 1 9 1 0.011 0.257 0.152 0.986 0.131 235.499 639 243.145 737.313 0 0
43630 3 1 9 1 0.011 0.257 0.152 0.986 0.131 229.285 483 240.558 601.34 0 0
43630 4 1 9 1 0.011 0.257 0.152 0.986 0.131 235.96 512 242.824 640.493 0 0
43630 5 1 9 1 0.011 0.257 0.152 0.986 0.131 238.681 625 244.849 754.413 0 0
43630 6 1 9 1 0.011 0.257 0.152 0.986 0.131 237.392 477 242.582 606.373 0 0
43630 7 1 9 1 0.011 0.257 0.152 0.986 0.131 238.871 668 243.745 802.973 0 0
43630 8 1 9 1 0.011 0.257 0.152 0.986 0.131 237.125 519 242.415 577.26 0 0
43630 9 1 9 1 0.011 0.257 0.152 0.986 0.131 236.82 523 242.059 645.513 0 0
43630 10 1 9 1 0.011 0.257 0.152 0.986 0.131 234.889 521 243.19 660.713 0 0
43630 1 1 9 1 0.1 0.462 0.377 0.773 0.838 0 13 0.127 13 1 0
43630 2 1 9 1 0.1 0.462 0.377 0.773 0.838 0 11 0.187 11.833 1 0
43630 3 1 9 1 0.1 0.462 0.377 0.773 0.838 0 11 0 11 1 0
43630 4 1 9 1 0.1 0.462 0.377 0.773 0.838 0 7 0.037 7 1 1
43630 5 1 9 1 0.1 0.462 0.377 0.773 0.838 0 11 0.113 11.607 1 0
43630 6 1 9 1 0.1 0.462 0.377 0.773 0.838 0 9 0.083 10.847 1 0.06
43630 7 1 9 1 0.1 0.462 0.377 0.773 0.838 0 13 0.032 13 1 0
43630 8 1 9 1 0.1 0.462 0.377 0.773 0.838 0.05 12 0.332 12 1 0
43630 9 1 9 1 0.1 0.462 0.377 0.773 0.838 0 7 0.109 7.233 1 1
43630 10 1 9 1 0.1 0.462 0.377 0.773 0.838 0 3 0.085 4.58 1 1
43630 1 1 9 1 0.032 0.128 0.277 0.989 0.661 0 15 0.129 15.513 1 0
43630 2 1 9 1 0.032 0.128 0.277 0.989 0.661 0 13 0.155 13 1 0
43630 3 1 9 1 0.032 0.128 0.277 0.989 0.661 0 3 0 3 1 1
43630 4 1 9 1 0.032 0.128 0.277 0.989 0.661 0 7 0.068 7 1 1
43630 5 1 9 1 0.032 0.128 0.277 0.989 0.661 0 9 0.134 9.567 1 0.433
43630 6 1 9 1 0.032 0.128 0.277 0.989 0.661 0 5 0.004 5 1 1
43630 7 1 9 1 0.032 0.128 0.277 0.989 0.661 0 11 0.082 11.52 1 0
43630 8 1 9 1 0.032 0.128 0.277 0.989 0.661 0.05 15 0.277 15 1 0
43630 9 1 9 1 0.032 0.128 0.277 0.989 0.661 0 8 0.029 8 1 1
43630 10 1 9 1 0.032 0.128 0.277 0.989 0.661 0.05 12 0.144 12.06 1 0
43630 1 1 9 1 0.108 0.437 0.372 0.942 0.391 1.392 111 2.74 122.647 1 0
43630 2 1 9 1 0.108 0.437 0.372 0.942 0.391 2.225 120 4.113 138.76 0.82 0
43630 3 1 9 1 0.108 0.437 0.372 0.942 0.391 1.592 129 2.963 141.507 1 0
43630 4 1 9 1 0.108 0.437 0.372 0.942 0.391 2.536 125 4.347 142.88 0.78 0
43630 5 1 9 1 0.108 0.437 0.372 0.942 0.391 0 11 0.222 11 1 0
43630 6 1 9 1 0.108 0.437 0.372 0.942 0.391 0 4 0.035 4.447 1 1
43630 7 1 9 1 0.108 0.437 0.372 0.942 0.391 0.448 117 2.026 139.26 1 0
43630 8 1 9 1 0.108 0.437 0.372 0.942 0.391 1.989 122 3.374 135.693 1 0
43630 9 1 9 1 0.108 0.437 0.372 0.942 0.391 1.386 125 3.351 145.553 1 0
43630 1 2 5 1 0.019 0.047 0.375 0.95 0.886 1.492 104 2.731 123.193 1 0
43630 2 2 5 1 0.019 0.047 0.375 0.95 0.886 1.493 134 3.067 150.427 0.967 0
43630 3 2 5 1 0.019 0.047 0.375 0.95 0.886 0.796 109 2.747 127.593 1 0
43630 4 2 5 1 0.019 0.047 0.375 0.95 0.886 1.491 121 2.613 142.247 1 0
43630 5 2 5 1 0.019 0.047 0.375 0.95 0.886 1.839 107 3.704 124.747 0.94 0
43630 6 2 5 1 0.019 0.047 0.375 0.95 0.886 1.741 108 3.176 132.787 0.993 0
43630 7 2 5 1 0.019 0.047 0.375 0.95 0.886 1.392 104 2.856 122.48 1 0
43630 8 2 5 1 0.019 0.047 0.375 0.95 0.886 1.493 99 2.799 126.18 1 0
43630 9 2 5 1 0.019 0.047 0.375 0.95 0.886 1.94 112 3.667 127.233 0.787 0
43630 10 2 5 1 0.019 0.047 0.375 0.95 0.886 1.343 120 3.138 140.227 0.987 0
43630 1 2 5 1 0.096 0.242 0.121 0.854 0.101 247.45 3250 249.499 3670.867 0 0
43630 2 2 5 1 0.096 0.242 0.121 0.854 0.101 247.518 3434 249.503 4369.987 0 0
43630 3 2 5 1 0.096 0.242 0.121 0.854 0.101 247.14 3686 249.565 4406.64 0 0
43630 4 2 5 1 0.096 0.242 0.121 0.854 0.101 247.259 3328 249.44 4086.707 0 0
43630 5 2 5 1 0.096 0.242 0.121 0.854 0.101 248.113 3747 249.578 4843.48 0 0
43630 6 2 5 1 0.096 0.242 0.121 0.854 0.101 247.03 3135 249.306 3438.647 0 0
43630 7 2 5 1 0.096 0.242 0.121 0.854 0.101 247.712 4100 249.564 4427.72 0 0
43630 8 2 5 1 0.096 0.242 0.121 0.854 0.101 247.45 4001 249.61 4436.253 0 0
43630 9 2 5 1 0.096 0.242 0.121 0.854 0.101 248.648 5640 249.842 6818.473 0 0
43630 10 2 5 1 0.096 0.242 0.121 0.854 0.101 246.944 3415 249.356 3962.367 0 0
43630 1 2 5 1 0.046 0.012 0.247 0.963 0.188 1.989 111 3.259 125.347 0.987 0
43630 2 2 5 1 0.046 0.012 0.247 0.963 0.188 1.343 105 2.739 123.547 0.993 0
43630 3 2 5 1 0.046 0.012 0.247 0.963 0.188 2.037 95 3.067 122.687 1 0
43630 4 2 5 1 0.046 0.012 0.247 0.963 0.188 1.392 99 3.104 121.667 1 0
43630 5 2 5 1 0.046 0.012 0.247 0.963 0.188 1.59 98 2.597 115.373 1 0
43630 6 2 5 1 0.046 0.012 0.247 0.963 0.188 2.187 106 3.494 120.833 0.98 0
43630 7 2 5 1 0.046 0.012 0.247 0.963 0.188 1.493 107 3.287 119.687 1 0
43630 8 2 5 1 0.046 0.012 0.247 0.963 0.188 1.045 114 2.935 137.093 1 0
43630 9 2 5 1 0.046 0.012 0.247 0.963 0.188 1.542 125 2.813 140.36 1 0
43630 10 2 5 1 0.046 0.012 0.247 0.963 0.188 1.939 88 3.043 113.7 1 0
43630 1 2 5 1 0.017 0.454 0.291 0.772 0.764 1.392 105 2.615 124.42 1 0
43630 2 2 5 1 0.017 0.454 0.291 0.772 0.764 1.293 110 2.306 125.347 1 0
43630 3 2 5 1 0.017 0.454 0.291 0.772 0.764 0.945 107 3.25 129.687 0.967 0
43630 4 2 5 1 0.017 0.454 0.291 0.772 0.764 1.321 114 2.947 131.493 0.993 0
43630 5 2 5 1 0.017 0.454 0.291 0.772 0.764 2.279 101 3.084 123.193 1 0
43630 6 2 5 1 0.017 0.454 0.291 0.772 0.764 1.741 116 3.608 137.133 0.947 0
43630 7 2 5 1 0.017 0.454 0.291 0.772 0.764 1.541 123 2.883 140.66 1 0
43630 8 2 5 1 0.017 0.454 0.291 0.772 0.764 1.789 134 3.192 151.06 1 0
43630 9 2 5 1 0.017 0.454 0.291 0.772 0.764 1.84 118 2.994 137.52 1 0
43630 10 2 5 1 0.017 0.454 0.291 0.772 0.764 1.84 110 3.24 135.973 0.98 0
43630 1 2 5 1 0.094 0.165 0.075 0.791 0.732 1.89 122 3.334 141.7 0.987 0
43630 2 2 5 1 0.094 0.165 0.075 0.791 0.732 1.393 119 3.795 134.833 0.867 0
43630 3 2 5 1 0.094 0.165 0.075 0.791 0.732 1.442 122 3.17 139.447 0.927 0
43630 4 2 5 1 0.094 0.165 0.075 0.791 0.732 3.175 125 5.167 144.033 0.413 0
43630 5 2 5 1 0.094 0.165 0.075 0.791 0.732 1.74 156 4.411 171.673 0.713 0
43630 6 2 5 1 0.094 0.165 0.075 0.791 0.732 2.288 143 4.069 157.707 0.813 0
43630 7 2 5 1 0.094 0.165 0.075 0.791 0.732 2.33 131 4.084 153.253 0.78 0
43630 8 2 5 1 0.094 0.165 0.075 0.791 0.732 2.487 132 4.154 154.713 0.753 0
43630 9 2 5 1 0.094 0.165 0.075 0.791 0.732 2.137 131 3.913 147.407 0.867 0
43630 10 2 5 1 0.094 0.165 0.075 0.791 0.732 2.679 116 4.379 136.08 0.74 0
43630 1 2 5 1 0.024 0.428 0.189 0.872 0.188 242.772 917 247.504 1119.393 0 0
43630 2 2 5 1 0.024 0.428 0.189 0.872 0.188 242.296 822 246.679 1004.993 0 0
43630 3 2 5 1 0.024 0.428 0.189 0.872 0.188 244.312 812 247.506 999.7 0 0
43630 4 2 5 1 0.024 0.428 0.189 0.872 0.188 239.544 795 245.657 945.353 0 0
43630 5 2 5 1 0.024 0.428 0.189 0.872 0.188 240.848 759 245.554 954.313 0 0
43630 6 2 5 1 0.024 0.428 0.189 0.872 0.188 239.708 897 245.531 1051.567 0 0
43630 7 2 5 1 0.024 0.428 0.189 0.872 0.188 241.4 881 246.456 1048.24 0 0
43630 8 2 5 1 0.024 0.428 0.189 0.872 0.188 241.591 742 244.893 903.333 0 0
43630 9 2 5 1 0.024 0.428 0.189 0.872 0.188 243.592 857 247.061 1011.307 0 0
43630 10 2 5 1 0.024 0.428 0.189 0.872 0.188 239.178 801 245.074 949.66 0 0
43630 1 2 5 1 0.029 0.415 0.429 0.774 0.489 1.591 113 3.012 129.813 1 0
43630 2 2 5 1 0.029 0.415 0.429 0.774 0.489 2.075 78 3.883 105.46 0.833 0
43630 3 2 5 1 0.029 0.415 0.429 0.774 0.489 1.343 105 3.194 123.72 1 0
43630 4 2 5 1 0.029 0.415 0.429 0.774 0.489 1.641 115 3.273 129.913 1 0
43630 5 2 5 1 0.029 0.415 0.429 0.774 0.489 1.541 111 3.365 129.813 0.993 0
43630 6 2 5 1 0.029 0.415 0.429 0.774 0.489 1.988 114 3.394 127.94 0.947 0
43630 7 2 5 1 0.029 0.415 0.429 0.774 0.489 1.243 102 3.023 114.68 0.947 0
43630 8 2 5 1 0.029 0.415 0.429 0.774 0.489 0.995 85 2.453 106.033 1 0
43630 9 2 5 1 0.029 0.415 0.429 0.774 0.489 1.741 91 3.692 112.067 0.953 0
43630 10 2 5 1 0.029 0.415 0.429 0.774 0.489 1.592 117 3.15 136.247 0.92 0
43630 1 2 5 1 0.1 0.433 0.338 0.967 0.891 2.036 111 3.442 135.073 0.987 0
43630 2 2 5 1 0.1 0.433 0.338 0.967 0.891 1.292 104 3.771 129.387 0.793 0
43630 3 2 5 1 0.1 0.433 0.338 0.967 0.891 0.796 109 1.913 128.76 1 0
43630 4 2 5 1 0.1 0.433 0.338 0.967 0.891 1.741 86 3.373 111.633 0.993 0
43630 5 2 5 1 0.1 0.433 0.338 0.967 0.891 1.343 79 3.037 103.14 1 0
43630 6 2 5 1 0.1 0.433 0.338 0.967 0.891 1.692 113 2.903 128.767 1 0
43630 7 2 5 1 0.1 0.433 0.338 0.967 0.891 1.194 88 2.928 109.807 0.973 0
43630 8 2 5 1 0.1 0.433 0.338 0.967 0.891 1.642 100 2.819 125.12 1 0
43630 9 2 5 1 0.1 0.433 0.338 0.967 0.891 1.591 98 2.846 112.56 1 0
43630 10 2 5 1 0.1 0.433 0.338 0.967 0.891 1.642 99 3.243 118.073 0.993 0
43630 1 2 5 1 0.059 0.209 0.13 0.877 0.813 1.989 106 3.336 124.807 0.967 0
43630 2 2 5 1 0.059 0.209 0.13 0.877 0.813 0.995 108 2.791 127.653 1 0
43630 3 2 5 1 0.059 0.209 0.13 0.877 0.813 1.89 97 3.076 113.64 1 0
43630 1 2 3 1 0.116 0.402 0.395 0.759 0.6 2.137 119 3.184 133.96 0.973 0
43630 2 2 3 1 0.116 0.402 0.395 0.759 0.6 2.288 110 4.012 123.567 0.92 0
43630 3 2 3 1 0.116 0.402 0.395 0.759 0.6 1.79 126 3.537 138.653 0.86 0
43630 4 2 3 1 0.116 0.402 0.395 0.759 0.6 1.045 114 3.601 130.68 0.76 0
43630 5 2 3 1 0.116 0.402 0.395 0.759 0.6 1.641 112 3.15 127.467 1 0
43630 6 2 3 1 0.116 0.402 0.395 0.759 0.6 1.94 111 3.269 123.773 1 0
43630 7 2 3 1 0.116 0.402 0.395 0.759 0.6 1.244 94 2.71 111.947 1 0
43630 8 2 3 1 0.116 0.402 0.395 0.759 0.6 2.675 104 4.415 122.753 0.8 0
43630 9 2 3 1 0.116 0.402 0.395 0.759 0.6 0.995 108 3.206 123.933 0.98 0
43630 10 2 3 1 0.116 0.402 0.395 0.759 0.6 1.989 93 3.263 107.927 1 0
43630 1 2 3 1 0.036 0.101 0.262 0.782 0.133 6.801 104 10.702 126.953 0 0
43630 2 2 3 1 0.036 0.101 0.262 0.782 0.133 59.209 211 66.938 258.18 0 0
43630 3 2 3 1 0.036 0.101 0.262 0.782 0.133 36.151 98 43.236 157.8 0 0
43630 4 2 3 1 0.036 0.101 0.262 0.782 0.133 39.875 155 49.869 233.347 0 0
43630 5 2 3 1 0.036 0.101 0.262 0.782 0.133 64.452 137 70.478 208.527 0 0
43630 6 2 3 1 0.036 0.101 0.262 0.782 0.133 65.826 130 70.967 195.533 0 0
43630 7 2 3 1 0.036 0.101 0.262 0.782 0.133 73.819 152 80.066 228.787 0 0
43630 8 2 3 1 0.036 0.101 0.262 0.782 0.133 66.907 109 73.64 195.213 0 0
43630 9 2 3 1 0.036 0.101 0.262 0.782 0.133 114.268 206 118.089 272.5 0 0
43630 10 2 3 1 0.036 0.101 0.262 0.782 0.133 57.81 91 63.098 166.453 0 0
43630 1 2 3 1 0.036 0.147 0.007 1 0.697 0 3 0 3 1 1
43630 2 2 3 1 0.036 0.147 0.007 1 0.697 0 3 0.027 3 1 1
43630 3 2 3 1 0.036 0.147 0.007 1 0.697 0 18 0.073 18 1 0
43630 4 2 3 1 0.036 0.147 0.007 1 0.697 0.05 37 0.186 37 1 0
43630 5 2 3 1 0.036 0.147 0.007 1 0.697 3.976 116 7.639 145.687 0.187 0
43630 6 2 3 1 0.036 0.147 0.007 1 0.697 0 3 0.033 3 1 1
43630 7 2 3 1 0.036 0.147 0.007 1 0.697 13.409 110 16.755 127.26 0 0
43630 8 2 3 1 0.036 0.147 0.007 1 0.697 0 6 0.088 6 1 1
43630 9 2 3 1 0.036 0.147 0.007 1 0.697 0 8 0.065 8 1 1
43630 10 2 3 1 0.036 0.147 0.007 1 0.697 0 7 0.118 7.553 1 1
43630 1 2 3 1 0.096 0.351 0.009 0.757 0.787 0 29 0.403 39.253 1 0
43630 2 2 3 1 0.096 0.351 0.009 0.757 0.787 0 6 0.04 6 1 1
43630 3 2 3 1 0.096 0.351 0.009 0.757 0.787 1.393 65 4.161 93.66 0.64 0
43630 4 2 3 1 0.096 0.351 0.009 0.757 0.787 0 3 0 3 1 1
43630 5 2 3 1 0.096 0.351 0.009 0.757 0.787 0 3 0.092 3.447 1 1
43630 6 2 3 1 0.096 0.351 0.009 0.757 0.787 0 2 0.033 2 1 1
43630 7 2 3 1 0.096 0.351 0.009 0.757 0.787 0 5 0.027 5 1 1
43630 8 2 3 1 0.096 0.351 0.009 0.757 0.787 0 3 0 3 1 1
43630 9 2 3 1 0.096 0.351 0.009 0.757 0.787 0 7 0.034 7 1 1
43630 10 2 3 1 0.096 0.351 0.009 0.757 0.787 0 14 0.11 14.607 1 0
43630 1 2 3 1 0.063 0.391 0.408 0.947 0.847 1.144 112 3.139 129.007 0.94 0
43630 2 2 3 1 0.063 0.391 0.408 0.947 0.847 1.485 113 2.858 130.56 1 0
43630 3 2 3 1 0.063 0.391 0.408 0.947 0.847 1.642 122 3.062 137.493 1 0
43630 4 2 3 1 0.063 0.391 0.408 0.947 0.847 1.64 111 2.933 124.487 0.993 0
43630 5 2 3 1 0.063 0.391 0.408 0.947 0.847 1.442 99 2.957 122.66 1 0
43630 6 2 3 1 0.063 0.391 0.408 0.947 0.847 2.038 109 3.616 122.567 0.86 0
43630 7 2 3 1 0.063 0.391 0.408 0.947 0.847 1.64 140 4.181 151.7 0.787 0
43630 8 2 3 1 0.063 0.391 0.408 0.947 0.847 1.99 113 5.385 135.253 0.4 0
43630 9 2 3 1 0.063 0.391 0.408 0.947 0.847 1.99 117 3.891 134.633 0.82 0
43630 10 2 3 1 0.063 0.391 0.408 0.947 0.847 1.492 141 3.235 154.887 0.96 0
43630 1 2 3 1 0.02 0.371 0.066 0.923 0.776 2.337 125 5.223 151.967 0.54 0
43630 2 2 3 1 0.02 0.371 0.066 0.923 0.776 3.124 108 6.194 134.7 0.4 0
43630 3 2 3 1 0.02 0.371 0.066 0.923 0.776 1.735 137 4.713 155.4 0.527 0
43630 4 2 3 1 0.02 0.371 0.066 0.923 0.776 1.881 134 4.051 147.767 0.733 0
43630 5 2 3 1 0.02 0.371 0.066 0.923 0.776 2.627 149 4.767 168.327 0.687 0
43630 6 2 3 1 0.02 0.371 0.066 0.923 0.776 4.111 135 6.535 166.76 0.147 0
43630 7 2 3 1 0.02 0.371 0.066 0.923 0.776 2.777 125 4.706 142.907 0.547 0
43630 8 2 3 1 0.02 0.371 0.066 0.923 0.776 2.981 126 5.525 145.5 0.48 0
43630 9 2 3 1 0.02 0.371 0.066 0.923 0.776 5.014 148 7.957 172.093 0 0
43630 10 2 3 1 0.02 0.371 0.066 0.923 0.776 3.723 126 5.368 149.413 0.38 0
43630 1 2 3 1 0.079 0.227 0.115 0.945 0.931 1.79 106 4.113 118.913 0.633 0
43630 2 2 3 1 0.079 0.227 0.115 0.945 0.931 1.739 114 3.554 127.04 0.987 0
43630 3 2 3 1 0.079 0.227 0.115 0.945 0.931 2.735 135 3.941 149.353 0.92 0
43630 4 2 3 1 0.079 0.227 0.115 0.945 0.931 2.435 135 4.315 152.847 0.753 0
43630 5 2 3 1 0.079 0.227 0.115 0.945 0.931 1.343 75 3.425 99.173 0.947 0
43630 6 2 3 1 0.079 0.227 0.115 0.945 0.931 1.044 123 3.546 132.5 0.947 0
43630 7 2 3 1 0.079 0.227 0.115 0.945 0.931 2.237 121 3.525 138.313 0.993 0
43630 8 2 3 1 0.079 0.227 0.115 0.945 0.931 1.739 111 3.834 126.987 0.913 0
43630 9 2 3 1 0.079 0.227 0.115 0.945 0.931 1.244 123 3.045 135.553 1 0
43630 10 2 3 1 0.079 0.227 0.115 0.945 0.931 1.94 86 4.56 101.807 0.527 0
43630 1 2 4 0 0.029 0.446 0.305 0.972 0.24 153.395 307 160.358 411.78 0 0
43630 2 2 4 0 0.029 0.446 0.305 0.972 0.24 182.34 316 190.782 460.98 0 0
43630 3 2 4 0 0.029 0.446 0.305 0.972 0.24 171.275 275 181.96 416.767 0 0
43630 4 2 4 0 0.029 0.446 0.305 0.972 0.24 141.817 241 147.887 361.86 0 0
43630 5 2 4 0 0.029 0.446 0.305 0.972 0.24 137.965 233 146.485 350.833 0 0
43630 6 2 4 0 0.029 0.446 0.305 0.972 0.24 149.037 286 154.484 430.547 0 0
43630 7 2 4 0 0.029 0.446 0.305 0.972 0.24 141.722 260 160.877 427.133 0 0
43630 8 2 4 0 0.029 0.446 0.305 0.972 0.24 130.383 239 136.022 348.527 0 0
43630 9 2 4 0 0.029 0.446 0.305 0.972 0.24 141.517 199 148.836 372.78 0 0
43630 10 2 4 0 0.029 0.446 0.305 0.972 0.24 164.228 333 170.532 432.567 0 0
43630 1 2 4 0 0.032 0.235 0.295 0.969 0.355 33.054 105 38.216 153.227 0 0
43630 2 2 4 0 0.032 0.235 0.295 0.969 0.355 1.741 93 4.735 119.613 0.6 0
43630 3 2 4 0 0.032 0.235 0.295 0.969 0.355 2.239 112 4.798 141.48 0.72 0
43630 4 2 4 0 0.032 0.235 0.295 0.969 0.355 1.541 71 3.6 112.327 0.747 0
43630 5 2 4 0 0.032 0.235 0.295 0.969 0.355 36.378 94 39.39 126.18 0 0
43630 6 2 4 0 0.032 0.235 0.295 0.969 0.355 2.484 110 4.991 141.327 0.553 0
43630 7 2 4 0 0.032 0.235 0.295 0.969 0.355 3.584 79 8.601 111.66 0.127 0
43630 8 2 4 0 0.032 0.235 0.295 0.969 0.355 3.224 123 6.75 135.413 0.193 0
43630 9 2 4 0 0.032 0.235 0.295 0.969 0.355 28.773 120 34.095 184.38 0 0
43630 10 2 4 0 0.032 0.235 0.295 0.969 0.355 24.006 124 27.436 168.82 0 0
43630 1 2 4 0 0.037 0.298 0.077 0.91 0.637 0.249 85 1.755 95.78 0.987 0
43630 2 2 4 0 0.037 0.298 0.077 0.91 0.637 7.524 116 11.703 155.213 0 0
43630 3 2 4 0 0.037 0.298 0.077 0.91 0.637 3.177 114 7.824 152.48 0.107 0
43630 4 2 4 0 0.037 0.298 0.077 0.91 0.637 9.686 136 15.059 168.153 0 0
43630 5 2 4 0 0.037 0.298 0.077 0.91 0.637 4.622 108 8.568 149.893 0.007 0
43630 6 2 4 0 0.037 0.298 0.077 0.91 0.637 5.219 142 9.541 171.293 0 0
43630 7 2 4 0 0.037 0.298 0.077 0.91 0.637 1.678 106 5.465 129.953 0.413 0
43630 8 2 4 0 0.037 0.298 0.077 0.91 0.637 1.733 111 6.242 156.34 0.4 0
43630 9 2 4 0 0.037 0.298 0.077 0.91 0.637 2.68 124 6.016 155.8 0.413 0
43630 10 2 4 0 0.037 0.298 0.077 0.91 0.637 4.816 147 8.946 184.62 0.007 0
43630 1 2 4 0 0.024 0.214 0.349 0.988 0.462 1.84 129 2.97 145.693 1 0
43630 2 2 4 0 0.024 0.214 0.349 0.988 0.462 1.341 119 3.205 139.787 0.993 0
43630 3 2 4 0 0.024 0.214 0.349 0.988 0.462 2.238 107 5.153 131.367 0.38 0
43630 4 2 4 0 0.024 0.214 0.349 0.988 0.462 1.642 120 2.96 130.807 1 0
43630 5 2 4 0 0.024 0.214 0.349 0.988 0.462 1.436 106 3.743 123.86 0.913 0
43630 6 2 4 0 0.024 0.214 0.349 0.988 0.462 2.038 114 3.52 139.8 0.967 0
43630 7 2 4 0 0.024 0.214 0.349 0.988 0.462 2.635 104 3.984 127.96 0.927 0
43630 8 2 4 0 0.024 0.214 0.349 0.988 0.462 2.138 109 3.617 133.593 0.94 0
43630 9 2 4 0 0.024 0.214 0.349 0.988 0.462 1.293 109 3.254 131.08 0.947 0
43630 10 2 4 0 0.024 0.214 0.349 0.988 0.462 2.534 136 3.772 149.54 0.953 0
43630 1 2 4 0 0.039 0.321 0.184 0.844 0.748 2.286 115 4.215 137.307 0.793 0
43630 2 2 4 0 0.039 0.321 0.184 0.844 0.748 1.293 111 2.833 132.68 1 0
43630 3 2 4 0 0.039 0.321 0.184 0.844 0.748 2.437 110 4.499 133.807 0.64 0
43630 4 2 4 0 0.039 0.321 0.184 0.844 0.748 1.194 124 3.086 137.267 0.913 0
43630 5 2 4 0 0.039 0.321 0.184 0.844 0.748 0.839 113 3.587 133.08 0.733 0
43630 6 2 4 0 0.039 0.321 0.184 0.844 0.748 1.242 124 2.842 144.46 1 0
43630 7 2 4 0 0.039 0.321 0.184 0.844 0.748 2.338 132 3.779 150.28 0.913 0
43630 8 2 4 0 0.039 0.321 0.184 0.844 0.748 2.189 85 4.669 106.273 0.533 0
43630 9 2 4 0 0.039 0.321 0.184 0.844 0.748 1.79 84 3.218 118.527 0.98 0
43630 10 2 4 0 0.039 0.321 0.184 0.844 0.748 1.293 124 3.082 147.073 1 0
43630 1 2 4 0 0.051 0.427 0.288 0.798 0.688 1.392 103 2.842 123.06 1 0
43630 2 2 4 0 0.051 0.427 0.288 0.798 0.688 1.94 99 3.504 116.973 0.98 0
43630 3 2 4 0 0.051 0.427 0.288 0.798 0.688 1.84 121 3.049 138.647 0.927 0
43630 4 2 4 0 0.051 0.427 0.288 0.798 0.688 1.987 111 3.344 124.953 1 0
43630 5 2 4 0 0.051 0.427 0.288 0.798 0.688 1.342 115 3.062 134.447 1 0
43630 6 2 4 0 0.051 0.427 0.288 0.798 0.688 0.697 104 3.133 116.82 0.867 0
43630 7 2 4 0 0.051 0.427 0.288 0.798 0.688 1.592 98 4.494 124.207 0.553 0
43630 8 2 4 0 0.051 0.427 0.288 0.798 0.688 0.994 114 3.192 134.887 0.973 0
43630 9 2 4 0 0.051 0.427 0.288 0.798 0.688 0.896 99 2.642 121.493 1 0
43630 10 2 4 0 0.051 0.427 0.288 0.798 0.688 1.194 130 2.714 142.473 0.907 0
43630 1 2 4 0 0.105 0.163 0.454 0.979 0.465 2.083 107 3.489 128.513 1 0
43630 2 2 4 0 0.105 0.163 0.454 0.979 0.465 1.342 122 3.066 141.14 0.98 0
43630 3 2 4 0 0.105 0.163 0.454 0.979 0.465 0.647 101 2.351 116.34 1 0
43630 4 2 4 0 0.105 0.163 0.454 0.979 0.465 1.99 125 3.357 144.653 0.973 0
43630 5 2 4 0 0.105 0.163 0.454 0.979 0.465 1.491 126 3.469 147.1 0.94 0
43630 6 2 4 0 0.105 0.163 0.454 0.979 0.465 2.526 101 4.052 128.34 0.847 0
43630 7 2 4 0 0.105 0.163 0.454 0.979 0.465 1.939 111 3.146 136.84 1 0
43630 8 2 4 0 0.105 0.163 0.454 0.979 0.465 1.244 121 2.793 136.167 0.993 0
43630 9 2 4 0 0.105 0.163 0.454 0.979 0.465 2.188 105 3.558 123.64 0.987 0
43630 10 2 4 0 0.105 0.163 0.454 0.979 0.465 1.69 105 3.158 125.38 0.98 0
43630 1 2 4 0 0.067 0.387 0.445 0.758 0.995 2.039 108 3.437 136.227 0.947 0
43630 2 2 4 0 0.067 0.387 0.445 0.758 0.995 2.33 116 4.193 132.4 0.873 0
43630 3 2 4 0 0.067 0.387 0.445 0.758 0.995 2.038 100 3.582 115.687 0.967 0
43630 4 2 4 0 0.067 0.387 0.445 0.758 0.995 1.59 116 2.681 140.26 1 0
43630 1 2 8 1 0.04 0.283 0.332 0.875 0.44 1.74 90 4.808 120.88 0.713 0
43630 2 2 8 1 0.04 0.283 0.332 0.875 0.44 2.636 106 3.79 125.233 1 0
43630 3 2 8 1 0.04 0.283 0.332 0.875 0.44 5.311 90 6.551 109.72 0 0
43630 4 2 8 1 0.04 0.283 0.332 0.875 0.44 2.285 86 4.25 121.273 0.653 0
43630 5 2 8 1 0.04 0.283 0.332 0.875 0.44 0.896 84 4.222 109.613 0.567 0
43630 6 2 8 1 0.04 0.283 0.332 0.875 0.44 0.547 75 3.791 105.66 0.627 0
43630 7 2 8 1 0.04 0.283 0.332 0.875 0.44 0.647 91 3.164 116.447 0.873 0
43630 8 2 8 1 0.04 0.283 0.332 0.875 0.44 2.101 71 4.91 85.047 0.6 0
43630 9 2 8 1 0.04 0.283 0.332 0.875 0.44 1.393 94 3.992 119.327 0.76 0
43630 10 2 8 1 0.04 0.283 0.332 0.875 0.44 2.237 82 4.511 108.733 0.633 0
43630 1 2 8 1 0.119 0.157 0.477 0.835 0.739 0.896 81 2.216 102.38 1 0
43630 2 2 8 1 0.119 0.157 0.477 0.835 0.739 1.194 83 2.345 103.56 1 0
43630 3 2 8 1 0.119 0.157 0.477 0.835 0.739 1.492 83 2.601 105.9 1 0
43630 4 2 8 1 0.119 0.157 0.477 0.835 0.739 0.647 104 1.962 117.407 1 0
43630 5 2 8 1 0.119 0.157 0.477 0.835 0.739 0.927 77 2.647 102.48 1 0
43630 6 2 8 1 0.119 0.157 0.477 0.835 0.739 0.697 91 1.883 103.54 1 0
43630 7 2 8 1 0.119 0.157 0.477 0.835 0.739 1.094 90 2.467 106.973 1 0
43630 8 2 8 1 0.119 0.157 0.477 0.835 0.739 0.696 72 1.684 93.22 1 0
43630 9 2 8 1 0.119 0.157 0.477 0.835 0.739 0.995 100 2.041 119.92 1 0
43630 10 2 8 1 0.119 0.157 0.477 0.835 0.739 1.144 103 2.477 127.367 1 0
43630 1 2 8 1 0.096 0.473 0.434 0.949 0.005 249.011 7636 249.889 9107.84 0 0
43630 2 2 8 1 0.096 0.473 0.434 0.949 0.005 248.951 8427 249.904 9732.22 0 0
43630 3 2 8 1 0.096 0.473 0.434 0.949 0.005 248.997 9117 249.894 11390.713 0 0
43630 4 2 8 1 0.096 0.473 0.434 0.949 0.005 248.506 6733 249.738 7299.6 0 0
43630 5 2 8 1 0.096 0.473 0.434 0.949 0.005 248.297 6741 249.689 7198.933 0 0
43630 6 2 8 1 0.096 0.473 0.434 0.949 0.005 248.488 6781 249.823 8491.327 0 0
43630 7 2 8 1 0.096 0.473 0.434 0.949 0.005 248.337 7163 249.862 8982.547 0 0
43630 8 2 8 1 0.096 0.473 0.434 0.949 0.005 248.864 8676 249.872 9556.733 0 0
43630 9 2 8 1 0.096 0.473 0.434 0.949 0.005 248.812 8079 249.798 8768.087 0 0
43630 10 2 8 1 0.096 0.473 0.434 0.949 0.005 248.561 5268 249.69 5847.88 0 0
43630 1 2 8 1 0.064 0.263 0.244 0.876 0.308 87.701 164 91.176 222.62 0 0
43630 2 2 8 1 0.064 0.263 0.244 0.876 0.308 67.643 78 72.621 138.553 0 0
43630 3 2 8 1 0.064 0.263 0.244 0.876 0.308 96.936 130 101.642 227.287 0 0
43630 4 2 8 1 0.064 0.263 0.244 0.876 0.308 73.207 154 79.355 215.54 0 0
43630 5 2 8 1 0.064 0.263 0.244 0.876 0.308 112.431 183 121.758 268.94 0 0
43630 6 2 8 1 0.064 0.263 0.244 0.876 0.308 73.432 151 78.217 203.587 0 0
43630 7 2 8 1 0.064 0.263 0.244 0.876 0.308 86.493 142 92.201 201.94 0 0
43630 8 2 8 1 0.064 0.263 0.244 0.876 0.308 55.834 72 67.577 127.313 0 0
43630 9 2 8 1 0.064 0.263 0.244 0.876 0.308 78.37 135 84.198 195.267 0 0
43630 10 2 8 1 0.064 0.263 0.244 0.876 0.308 81.678 146 87.686 226.267 0 0
43630 1 2 8 1 0.049 0.336 0.263 0.993 0.462 3.811 100 5.948 124.433 0.227 0
43630 2 2 8 1 0.049 0.336 0.263 0.993 0.462 2.784 128 5.273 156.727 0.527 0
43630 3 2 8 1 0.049 0.336 0.263 0.993 0.462 3.8 99 6.249 124.84 0.173 0
43630 4 2 8 1 0.049 0.336 0.263 0.993 0.462 4.16 87 8.374 119.567 0.053 0
43630 5 2 8 1 0.049 0.336 0.263 0.993 0.462 1.641 89 6.87 110.527 0.193 0
43630 6 2 8 1 0.049 0.336 0.263 0.993 0.462 2.038 105 6.671 128.94 0.26 0
43630 7 2 8 1 0.049 0.336 0.263 0.993 0.462 2.038 82 5.218 121.253 0.593 0
43630 8 2 8 1 0.049 0.336 0.263 0.993 0.462 2.877 97 5.336 119.52 0.5 0
43630 9 2 8 1 0.049 0.336 0.263 0.993 0.462 2.333 112 5.08 136.06 0.493 0
43630 10 2 8 1 0.049 0.336 0.263 0.993 0.462 1.493 90 4.783 114.66 0.507 0
43630 1 2 8 1 0.086 0.175 0.415 0.769 0.717 1.441 93 2.57 109.853 1 0
43630 2 2 8 1 0.086 0.175 0.415 0.769 0.717 1.094 99 2.311 113.887 1 0
43630 3 2 8 1 0.086 0.175 0.415 0.769 0.717 1.591 99 3.252 123.927 0.993 0
43630 4 2 8 1 0.086 0.175 0.415 0.769 0.717 0.895 80 2.295 105.487 1 0
43630 5 2 8 1 0.086 0.175 0.415 0.769 0.717 0 15 0.232 16.12 1 0
43630 6 2 8 1 0.086 0.175 0.415 0.769 0.717 1.294 84 2.892 103.08 1 0
43630 7 2 8 1 0.086 0.175 0.415 0.769 0.717 1.144 120 2.364 138.513 1 0
43630 8 2 8 1 0.086 0.175 0.415 0.769 0.717 1.341 86 2.72 106.187 1 0
43630 9 2 8 1 0.086 0.175 0.415 0.769 0.717 1.988 80 3.246 98.827 1 0
43630 10 2 8 1 0.086 0.175 0.415 0.769 0.717 1.592 77 3.405 101.173 0.933 0
43630 1 2 8 1 0.109 0.255 0.262 0.874 0.943 1.095 95 2.6 110.333 1 0
43630 1 2 8 1 0.031 0.378 0.232 0.878 0.727 1.492 106 2.542 128.14 1 0
43630 2 2 8 1 0.031 0.378 0.232 0.878 0.727 1.689 79 3.461 103.06 0.96 0
43630 3 2 8 1 0.031 0.378 0.232 0.878 0.727 1.441 93 3.068 123.633 0.993 0
43630 4 2 8 1 0.031 0.378 0.232 0.878 0.727 1.441 98 3.124 118.42 1 0
43630 5 2 8 1 0.031 0.378 0.232 0.878 0.727 0.547 80 2.267 98.04 1 0
43630 6 2 8 1 0.031 0.378 0.232 0.878 0.727 1.442 107 2.537 134.107 1 0
43630 7 2 8 1 0.031 0.378 0.232 0.878 0.727 1.938 93 3.279 116 0.993 0
43630 8 2 8 1 0.031 0.378 0.232 0.878 0.727 1.492 104 2.671 117.147 1 0
43630 9 2 8 1 0.031 0.378 0.232 0.878 0.727 1.194 111 2.612 126.58 1 0
43630 10 2 8 1 0.031 0.378 0.232 0.878 0.727 0.945 82 2.363 101.833 1 0
43630 1 2 8 1 0.029 0.299 0.12 0.816 0.58 1.789 98 6.304 139.7 0.367 0
43630 2 2 8 1 0.029 0.299 0.12 0.816 0.58 2.983 106 5.409 141.807 0.447 0
43630 3 2 8 1 0.029 0.299 0.12 0.816 0.58 5.672 108 8.233 136.507 0 0
43630 4 2 8 1 0.029 0.299 0.12 0.816 0.58 6.635 96 11.195 147.833 0 0
43630 5 2 8 1 0.029 0.299 0.12 0.816 0.58 5.072 105 7.754 139.92 0 0
43630 6 2 8 1 0.029 0.299 0.12 0.816 0.58 2.137 91 5.087 119.767 0.58 0
43630 7 2 8 1 0.029 0.299 0.12 0.816 0.58 6.869 109 10.064 134.587 0 0
43630 8 2 8 1 0.029 0.299 0.12 0.816 0.58 3.475 110 7.126 141.56 0.287 0
43630 9 2 8 1 0.029 0.299 0.12 0.816 0.58 3.746 100 6.549 123 0.173 0
43630 10 2 8 1 0.029 0.299 0.12 0.816 0.58 3.803 97 7.005 130.82 0.147 0
43630 1 2 8 1 0.005 0.307 0.046 0.804 0.094 248.914 10695 249.875 11833.18 0 0
43630 2 2 8 1 0.005 0.307 0.046 0.804 0.094 248.042 6083 249.582 6782.187 0 0
43630 3 2 8 1 0.005 0.307 0.046 0.804 0.094 249.263 9103 249.885 10153.193 0 0
43630 4 2 8 1 0.005 0.307 0.046 0.804 0.094 247.845 5413 249.534 5849.667 0 0
43630 5 2 8 1 0.005 0.307 0.046 0.804 0.094 248.852 6626 249.767 7169.12 0 0
43630 6 2 8 1 0.005 0.307 0.046 0.804 0.094 249.52 13585 249.972 14829.387 0 0
43630 7 2 8 1 0.005 0.307 0.046 0.804 0.094 248.709 6405 249.815 7510.733 0 0
43630 8 2 8 1 0.005 0.307 0.046 0.804 0.094 248.768 6732 249.823 8883.707 0 0
43630 9 2 8 1 0.005 0.307 0.046 0.804 0.094 247.813 5605 249.634 6253.487 0 0
43630 10 2 8 1 0.005 0.307 0.046 0.804 0.094 249.007 7564 249.844 9749.867 0 0
43630 1 2 8 1 0.04 0.038 0.386 0.849 0.994 1.294 83 2.778 102.933 1 0
43630 2 2 8 1 0.04 0.038 0.386 0.849 0.994 0 12 0.08 12 1 0
43630 3 2 8 1 0.04 0.038 0.386 0.849 0.994 1.144 88 2.896 107 0.993 0
43630 4 2 8 1 0.04 0.038 0.386 0.849 0.994 1.094 90 2.56 106.9 1 0
43630 5 2 8 1 0.04 0.038 0.386 0.849 0.994 0.796 122 2.097 137.767 1 0
43630 6 2 8 1 0.04 0.038 0.386 0.849 0.994 2.135 101 3.161 115.613 1 0
43630 7 2 8 1 0.04 0.038 0.386 0.849 0.994 1.591 98 2.904 121.287 1 0
43630 8 2 8 1 0.04 0.038 0.386 0.849 0.994 1.939 96 3.148 121.827 0.987 0
43630 9 2 8 1 0.04 0.038 0.386 0.849 0.994 1.492 89 2.342 102.987 1 0
43630 10 2 8 1 0.04 0.038 0.386 0.849 0.994 1.293 85 2.408 102.987 1 0
43630 1 2 8 1 0.092 0.201 0.102 0.997 0.03 250 107516 250 114683.433 0 0
43630 2 2 8 1 0.092 0.201 0.102 0.997 0.03 250 106343 250 112040.827 0 0
43630 1 2 6 1 0.102 0.314 0.06 0.832 0.224 248.158 6087 249.69 6982.14 0 0
43630 2 2 6 1 0.102 0.314 0.06 0.832 0.224 249.291 10854 249.942 11767.42 0 0
43630 3 2 6 1 0.102 0.314 0.06 0.832 0.224 247.251 4800 249.374 5270.093 0 0
43630 4 2 6 1 0.102 0.314 0.06 0.832 0.224 249.349 10402 249.925 11200.033 0 0
43630 5 2 6 1 0.102 0.314 0.06 0.832 0.224 249.192 7932 249.883 9848.373 0 0
43630 6 2 6 1 0.102 0.314 0.06 0.832 0.224 248.152 7124 249.814 9650.693 0 0
43630 7 2 6 1 0.102 0.314 0.06 0.832 0.224 248.736 7235 249.762 7788.6 0 0
43630 8 2 6 1 0.102 0.314 0.06 0.832 0.224 248.41 7668 249.831 8620.893 0 0
43630 9 2 6 1 0.102 0.314 0.06 0.832 0.224 248.424 6131 249.755 7120.8 0 0
43630 10 2 6 1 0.102 0.314 0.06 0.832 0.224 248.897 6973 249.772 7867.207 0 0
43630 1 2 6 1 0.026 0.34 0.292 0.943 0.026 245.194 1339 248.193 1615.893 0 0
43630 2 2 6 1 0.026 0.34 0.292 0.943 0.026 243.972 1553 248.231 1717.333 0 0
43630 3 2 6 1 0.026 0.34 0.292 0.943 0.026 245.745 1545 248.7 1889.687 0 0
43630 4 2 6 1 0.026 0.34 0.292 0.943 0.026 246.081 1720 248.557 1932.773 0 0
43630 5 2 6 1 0.026 0.34 0.292 0.943 0.026 245.238 1474 248.423 1805.653 0 0
43630 6 2 6 1 0.026 0.34 0.292 0.943 0.026 245.209 1567 248.352 1743.653 0 0
43630 7 2 6 1 0.026 0.34 0.292 0.943 0.026 244.705 1546 248.217 1685.053 0 0
43630 8 2 6 1 0.026 0.34 0.292 0.943 0.026 245.554 1541 248.402 1772.62 0 0
43630 9 2 6 1 0.026 0.34 0.292 0.943 0.026 244.227 1437 248.086 1671.933 0 0
43630 10 2 6 1 0.026 0.34 0.292 0.943 0.026 243.576 1556 248.529 1917.947 0 0
43630 1 2 6 1 0.062 0.037 0.045 0.946 0.779 1.641 79 2.782 94.393 1 0
43630 2 2 6 1 0.062 0.037 0.045 0.946 0.779 1.293 107 2.345 129.633 1 0
43630 3 2 6 1 0.062 0.037 0.045 0.946 0.779 1.343 77 2.78 109.793 1 0
43630 4 2 6 1 0.062 0.037 0.045 0.946 0.779 1.741 103 3.057 123.833 0.947 0
43630 5 2 6 1 0.062 0.037 0.045 0.946 0.779 1.642 89 2.834 116.513 1 0
43630 6 2 6 1 0.062 0.037 0.045 0.946 0.779 1.839 105 3.418 122.333 0.98 0
43630 7 2 6 1 0.062 0.037 0.045 0.946 0.779 1.692 100 2.918 121.1 1 0
43630 8 2 6 1 0.062 0.037 0.045 0.946 0.779 0.398 92 1.909 103.053 1 0
43630 9 2 6 1 0.062 0.037 0.045 0.946 0.779 1.442 99 2.967 118.433 1 0
43630 10 2 6 1 0.062 0.037 0.045 0.946 0.779 1.69 87 3.131 108.273 1 0
43630 1 2 6 1 0.038 0.328 0.434 0.994 0.057 239.635 639 245.35 818.447 0 0
43630 2 2 6 1 0.038 0.328 0.434 0.994 0.057 241.959 715 245.97 889.693 0 0
43630 3 2 6 1 0.038 0.328 0.434 0.994 0.057 240.212 723 244.461 860.82 0 0
43630 4 2 6 1 0.038 0.328 0.434 0.994 0.057 241.699 697 246.095 841.933 0 0
43630 5 2 6 1 0.038 0.328 0.434 0.994 0.057 240.775 670 244.683 783.927 0 0
43630 6 2 6 1 0.038 0.328 0.434 0.994 0.057 240.07 705 245.75 876.173 0 0
43630 7 2 6 1 0.038 0.328 0.434 0.994 0.057 241.723 741 246.241 905.167 0 0
43630 8 2 6 1 0.038 0.328 0.434 0.994 0.057 237.224 599 243.268 792.28 0 0
43630 9 2 6 1 0.038 0.328 0.434 0.994 0.057 239.539 692 244.972 796.08 0 0
43630 10 2 6 1 0.038 0.328 0.434 0.994 0.057 241.239 695 245.868 874.973 0 0
43630 1 2 6 1 0.021 0.026 0.029 0.999 0.131 243.963 1060 247.099 1186.72 0 0
43630 2 2 6 1 0.021 0.026 0.029 0.999 0.131 242.815 960 246.753 1152.7 0 0
43630 3 2 6 1 0.021 0.026 0.029 0.999 0.131 237.278 1067 246.089 1242.793 0 0
43630 4 2 6 1 0.021 0.026 0.029 0.999 0.131 243.466 1156 247.657 1299.273 0 0
43630 5 2 6 1 0.021 0.026 0.029 0.999 0.131 243.203 983 247.213 1173.647 0 0
43630 6 2 6 1 0.021 0.026 0.029 0.999 0.131 243.425 1119 247.769 1247.06 0 0
43630 7 2 6 1 0.021 0.026 0.029 0.999 0.131 244.406 962 247.628 1171.98 0 0
43630 8 2 6 1 0.021 0.026 0.029 0.999 0.131 241.943 986 247.002 1140.187 0 0
43630 9 2 6 1 0.021 0.026 0.029 0.999 0.131 244.899 1097 248.044 1331.987 0 0
43630 10 2 6 1 0.021 0.026 0.029 0.999 0.131 242.925 997 247.074 1140.42 0 0
43630 1 2 6 1 0.013 0.058 0.287 0.959 0.543 0.895 99 2.173 116.527 1 0
43630 2 2 6 1 0.013 0.058 0.287 0.959 0.543 1.144 114 2.474 135.447 1 0
43630 3 2 6 1 0.013 0.058 0.287 0.959 0.543 1.542 118 3.04 136.933 1 0
43630 4 2 6 1 0.013 0.058 0.287 0.959 0.543 1.243 99 3.169 113.273 1 0
43630 5 2 6 1 0.013 0.058 0.287 0.959 0.543 0.995 88 3.041 105.633 0.92 0
43630 1 1 8 1 0.017 0.109 0.259 0.778 0.021 239.619 538 244.414 671.193 0 0
43630 2 1 8 1 0.017 0.109 0.259 0.778 0.021 240.699 665 244.562 765.253 0 0
43630 3 1 8 1 0.017 0.109 0.259 0.778 0.021 239.647 686 246.11 835.813 0 0
43630 4 1 8 1 0.017 0.109 0.259 0.778 0.021 238.788 632 244.779 787.493 0 0
43630 5 1 8 1 0.017 0.109 0.259 0.778 0.021 237.479 583 244.101 771.733 0 0
43630 6 1 8 1 0.017 0.109 0.259 0.778 0.021 235.273 559 241.801 667.567 0 0
43630 7 1 8 1 0.017 0.109 0.259 0.778 0.021 239.414 611 244.37 679.26 0 0
43630 8 1 8 1 0.017 0.109 0.259 0.778 0.021 239.183 514 244.233 629.26 0 0
43630 9 1 8 1 0.017 0.109 0.259 0.778 0.021 233.134 568 242.281 693.207 0 0
43630 10 1 8 1 0.017 0.109 0.259 0.778 0.021 233.808 602 243.809 710.207 0 0
43630 1 1 8 1 0.092 0.158 0.469 0.917 0.31 0 13 0.052 13 1 0
43630 2 1 8 1 0.092 0.158 0.469 0.917 0.31 0 7 0.117 7.18 1 1
43630 3 1 8 1 0.092 0.158 0.469 0.917 0.31 0.05 4 0.157 4.9 1 1
43630 4 1 8 1 0.092 0.158 0.469 0.917 0.31 0 24 0.119 24.653 1 0
43630 5 1 8 1 0.092 0.158 0.469 0.917 0.31 0 22 0.052 22 1 0
43630 6 1 8 1 0.092 0.158 0.469 0.917 0.31 0 2 0.086 2.633 1 1
43630 7 1 8 1 0.092 0.158 0.469 0.917 0.31 0 8 0.129 8.987 1 1
43630 8 1 8 1 0.092 0.158 0.469 0.917 0.31 0 12 0.167 13.76 1 0
43630 9 1 8 1 0.092 0.158 0.469 0.917 0.31 0 9 0.166 11.227 1 0.5
43630 10 1 8 1 0.092 0.158 0.469 0.917 0.31 0 7 0.243 9.027 1 0.773
43630 1 1 8 1 0.015 0.498 0.284 0.969 0.802 0 9 0.046 9 1 1
43630 2 1 8 1 0.015 0.498 0.284 0.969 0.802 0 8 0.033 8 1 1
43630 3 1 8 1 0.015 0.498 0.284 0.969 0.802 0 10 0.095 10 1 0
43630 4 1 8 1 0.015 0.498 0.284 0.969 0.802 0 46 0.212 48.727 1 0
43630 5 1 8 1 0.015 0.498 0.284 0.969 0.802 0 7 0.179 7.86 1 1
43630 6 1 8 1 0.015 0.498 0.284 0.969 0.802 0 3 0.053 3 1 1
43630 7 1 8 1 0.015 0.498 0.284 0.969 0.802 0 15 0.151 15.68 1 0
43630 8 1 8 1 0.015 0.498 0.284 0.969 0.802 0 3 0.024 3 1 1
43630 9 1 8 1 0.015 0.498 0.284 0.969 0.802 0.846 82 1.461 95.88 1 0
43630 10 1 8 1 0.015 0.498 0.284 0.969 0.802 0 10 0.092 10.74 1 0
43630 1 1 8 1 0.101 0.032 0.059 0.754 0.274 0.05 19 0.242 19.973 1 0
43630 2 1 8 1 0.101 0.032 0.059 0.754 0.274 0.149 34 0.324 35.46 1 0
43630 3 1 8 1 0.101 0.032 0.059 0.754 0.274 0.1 23 0.528 24.793 1 0
43630 4 1 8 1 0.101 0.032 0.059 0.754 0.274 0.199 93 0.699 100.453 1 0
43630 5 1 8 1 0.101 0.032 0.059 0.754 0.274 0 8 0.117 8.207 1 1
43630 6 1 8 1 0.101 0.032 0.059 0.754 0.274 0 16 0.1 16 1 0
43630 7 1 8 1 0.101 0.032 0.059 0.754 0.274 0.249 40 0.467 45.447 1 0
43630 8 1 8 1 0.101 0.032 0.059 0.754 0.274 0.1 24 0.33 25.807 1 0
43630 9 1 8 1 0.101 0.032 0.059 0.754 0.274 0 4 0.091 4.773 1 1
43630 10 1 8 1 0.101 0.032 0.059 0.754 0.274 0 22 0.169 23.173 1 0
43630 1 1 8 1 0.1 0.258 0.455 0.922 0.497 0 8 0.016 8 1 1
43630 2 1 8 1 0.1 0.258 0.455 0.922 0.497 0 13 0.054 13 1 0
43630 3 1 8 1 0.1 0.258 0.455 0.922 0.497 0 7 0.014 7 1 1
43630 4 1 8 1 0.1 0.258 0.455 0.922 0.497 0 7 0.042 7 1 1
43630 5 1 8 1 0.1 0.258 0.455 0.922 0.497 0 15 0.084 15 1 0
43630 6 1 8 1 0.1 0.258 0.455 0.922 0.497 0 23 0.204 24.4 1 0
43630 7 1 8 1 0.1 0.258 0.455 0.922 0.497 0 17 0.117 18.093 1 0
43630 8 1 8 1 0.1 0.258 0.455 0.922 0.497 0 22 0.157 22.753 1 0
43630 9 1 8 1 0.1 0.258 0.455 0.922 0.497 0 8 0.007 8 1 1
43630 10 1 8 1 0.1 0.258 0.455 0.922 0.497 0.05 31 0.381 32.147 1 0
43630 1 1 8 1 0.016 0.067 0.075 0.751 0.303 0 5 0.145 5 1 1
43630 2 1 8 1 0.016 0.067 0.075 0.751 0.303 2.288 129 4.724 158.56 0.553 0
43630 3 1 8 1 0.016 0.067 0.075 0.751 0.303 0 19 0.088 19 1 0
43630 4 1 8 1 0.016 0.067 0.075 0.751 0.303 51.635 139 56.157 185.007 0 0
43630 5 1 8 1 0.016 0.067 0.075 0.751 0.303 0 15 0.157 15 1 0
43630 6 1 8 1 0.016 0.067 0.075 0.751 0.303 5.067 124 10.26 155.547 0 0
43630 7 1 8 1 0.016 0.067 0.075 0.751 0.303 0.249 83 1.046 88.953 0.987 0
43630 8 1 8 1 0.016 0.067 0.075 0.751 0.303 0.1 64 0.343 64.233 1 0
43630 9 1 8 1 0.016 0.067 0.075 0.751 0.303 0 11 0.101 11.473 1 0
43630 10 1 8 1 0.016 0.067 0.075 0.751 0.303 41.86 132 46.895 188.44 0 0
43630 1 1 8 1 0.05 0.047 0.297 0.768 0.862 0 9 0.179 11.74 1 0.307
43630 2 1 8 1 0.05 0.047 0.297 0.768 0.862 0 14 0.141 14.787 1 0
43630 3 1 8 1 0.05 0.047 0.297 0.768 0.862 0 10 0.008 10 1 0
43630 4 1 8 1 0.05 0.047 0.297 0.768 0.862 0 10 0.101 10.933 1 0
43630 5 1 8 1 0.05 0.047 0.297 0.768 0.862 0 6 0.075 6 1 1
43630 6 1 8 1 0.05 0.047 0.297 0.768 0.862 0 10 0 10 1 0
43630 7 1 8 1 0.05 0.047 0.297 0.768 0.862 0 5 0.025 5 1 1
43630 8 1 8 1 0.05 0.047 0.297 0.768 0.862 0 12 0.035 12 1 0
43630 9 1 8 1 0.05 0.047 0.297 0.768 0.862 0 8 0.092 8.513 1 1
43630 10 1 8 1 0.05 0.047 0.297 0.768 0.862 0.149 15 0.275 18.007 1 0
43630 1 1 8 1 0.025 0.29 0.259 0.779 0.895 0.348 103 1.034 108.687 1 0
43630 2 1 8 1 0.025 0.29 0.259 0.779 0.895 0 7 0.071 7.327 1 1
43630 3 1 8 1 0.025 0.29 0.259 0.779 0.895 0 12 0.095 12.793 1 0
43630 4 1 8 1 0.025 0.29 0.259 0.779 0.895 0.05 13 0.216 15.62 1 0
43630 5 1 8 1 0.025 0.29 0.259 0.779 0.895 0.05 17 0.242 21.033 1 0
43630 6 1 8 1 0.025 0.29 0.259 0.779 0.895 0 19 0.393 20.28 1 0
43630 7 1 8 1 0.025 0.29 0.259 0.779 0.895 0 7 0.108 7 1 1
43630 8 1 8 1 0.025 0.29 0.259 0.779 0.895 0 4 0.142 4.127 1 1
43630 9 1 8 1 0.025 0.29 0.259 0.779 0.895 0 11 0.101 11 1 0
43630 10 1 8 1 0.025 0.29 0.259 0.779 0.895 0 11 0.074 11 1 0
43630 1 1 8 1 0.032 0.264 0.391 0.865 0.007 241.845 1125 247.116 1293.707 0 0
43630 1 1 8 1 0.03 0.203 0.097 0.943 0.289 194.367 389 202.954 480.12 0 0
43630 2 1 8 1 0.03 0.203 0.097 0.943 0.289 191.603 460 203.623 561.207 0 0
43630 3 1 8 1 0.03 0.203 0.097 0.943 0.289 230.839 396 237.31 495.92 0 0
43630 4 1 8 1 0.03 0.203 0.097 0.943 0.289 182.387 389 189.737 460.053 0 0
43630 5 1 8 1 0.03 0.203 0.097 0.943 0.289 190.798 324 199.393 448.967 0 0
43630 6 1 8 1 0.03 0.203 0.097 0.943 0.289 162.486 342 167.413 412.78 0 0
43630 7 1 8 1 0.03 0.203 0.097 0.943 0.289 0 12 0.078 12 1 0
43630 8 1 8 1 0.03 0.203 0.097 0.943 0.289 199.197 418 205.514 528.58 0 0
43630 9 1 8 1 0.03 0.203 0.097 0.943 0.289 188.109 375 202.005 462.907 0 0
43630 10 1 8 1 0.03 0.203 0.097 0.943 0.289 196.134 394 202.177 496.173 0 0
43630 1 1 8 1 0.005 0.348 0.431 0.959 0.632 0 17 0.082 17 1 0
43630 2 1 8 1 0.005 0.348 0.431 0.959 0.632 0 14 0.098 16.733 1 0
43630 3 1 8 1 0.005 0.348 0.431 0.959 0.632 0 21 0.191 21 1 0
43630 4 1 8 1 0.005 0.348 0.431 0.959 0.632 0 9 0.178 9.793 1 0.753
43630 5 1 8 1 0.005 0.348 0.431 0.959 0.632 0 11 0.067 11.18 1 0
43630 6 1 8 1 0.005 0.348 0.431 0.959 0.632 0 2 0 2 1 1
43630 7 1 8 1 0.005 0.348 0.431 0.959 0.632 0 23 0.007 23 1 0
43630 8 1 8 1 0.005 0.348 0.431 0.959 0.632 0.348 39 0.566 39.787 1 0
43630 9 1 8 1 0.005 0.348 0.431 0.959 0.632 0 7 0.096 7 1 1
43630 10 1 8 1 0.005 0.348 0.431 0.959 0.632 0 22 0.111 22 1 0
43630 1 1 8 1 0.078 0.331 0.189 0.987 0.143 236.467 700 244.607 894.967 0 0
43630 2 1 8 1 0.078 0.331 0.189 0.987 0.143 240.422 786 246.295 897.66 0 0
43630 3 1 8 1 0.078 0.331 0.189 0.987 0.143 237.197 638 244.449 780.287 0 0
43630 4 1 8 1 0.078 0.331 0.189 0.987 0.143 240.804 775 245.812 907.313 0 0
43630 5 1 8 1 0.078 0.331 0.189 0.987 0.143 239.508 846 246.032 968.447 0 0
43630 6 1 8 1 0.078 0.331 0.189 0.987 0.143 242.819 755 245.918 883.367 0 0
43630 7 1 8 1 0.078 0.331 0.189 0.987 0.143 238.699 632 245.497 762.14 0 0
43630 8 1 8 1 0.078 0.331 0.189 0.987 0.143 241.697 721 246.118 942.273 0 0
43630 9 1 8 1 0.078 0.331 0.189 0.987 0.143 241.519 750 245.895 920.147 0 0
43630 10 1 8 1 0.078 0.331 0.189 0.987 0.143 242.266 813 246.245 1011.807 0 0
43630 1 1 8 1 0.058 0.188 0.436 0.94 0.027 233.454 410 239.503 562.62 0 0
43630 2 1 8 1 0.058 0.188 0.436 0.94 0.027 231.365 434 237.055 509.333 0 0
43630 3 1 8 1 0.058 0.188 0.436 0.94 0.027 236.048 448 241.675 600.72 0 0
43630 4 1 8 1 0.058 0.188 0.436 0.94 0.027 231.158 469 240.531 580.647 0 0
43630 5 1 8 1 0.058 0.188 0.436 0.94 0.027 233.264 462 241.933 620.76 0 0
43630 6 1 8 1 0.058 0.188 0.436 0.94 0.027 233.319 498 241.038 584.933 0 0
43630 7 1 8 1 0.058 0.188 0.436 0.94 0.027 179.26 440 188.268 515.693 0 0
43630 8 1 8 1 0.058 0.188 0.436 0.94 0.027 233.901 475 241.268 603.047 0 0
43630 9 1 8 1 0.058 0.188 0.436 0.94 0.027 232.798 437 238.951 584.507 0 0
43630 10 1 8 1 0.058 0.188 0.436 0.94 0.027 237.271 473 242.943 606.94 0 0
43630 1 1 8 1 0.031 0.229 0.346 0.752 0.587 0 10 0.151 10 1 0
43630 2 1 8 1 0.031 0.229 0.346 0.752 0.587 0 10 0.132 10 1 0
43630 3 1 8 1 0.031 0.229 0.346 0.752 0.587 0 8 0.146 8 1 1
43630 4 1 8 1 0.031 0.229 0.346 0.752 0.587 0 3 0.023 3 1 1
43630 5 1 8 1 0.031 0.229 0.346 0.752 0.587 0 7 0 7 1 1
43630 6 1 8 1 0.031 0.229 0.346 0.752 0.587 0 12 0.056 12 1 0
43630 7 1 8 1 0.031 0.229 0.346 0.752 0.587 0 13 0.116 13 1 0
43630 8 1 8 1 0.031 0.229 0.346 0.752 0.587 0 14 0.013 14 1 0
43630 9 1 8 1 0.031 0.229 0.346 0.752 0.587 0 11 0.098 11 1 0
43630 10 1 8 1 0.031 0.229 0.346 0.752 0.587 0 19 0.086 19 1 0
43630 1 1 8 1 0.105 0.19 0.491 0.893 0.936 0 18 0.028 18.093 1 0
43630 2 1 8 1 0.105 0.19 0.491 0.893 0.936 0.05 17 0.283 18.047 1 0
43630 3 1 8 1 0.105 0.19 0.491 0.893 0.936 0 10 0.194 10.833 1 0
43630 4 1 8 1 0.105 0.19 0.491 0.893 0.936 0 19 0.094 19 1 0
43630 5 1 8 1 0.105 0.19 0.491 0.893 0.936 0 12 0.183 12.8 1 0
43630 6 1 8 1 0.105 0.19 0.491 0.893 0.936 0 22 0.095 23.807 1 0
43630 7 1 8 1 0.105 0.19 0.491 0.893 0.936 0 17 0.149 17.5 1 0
43630 8 1 8 1 0.105 0.19 0.491 0.893 0.936 0 6 0.142 6 1 1
43630 9 1 8 1 0.105 0.19 0.491 0.893 0.936 0 7 0.066 7 1 1
43630 10 1 8 1 0.105 0.19 0.491 0.893 0.936 0 9 0.07 9 1 1
43630 1 1 8 1 0.017 0.212 0.119 0.975 0.133 240.078 739 245.843 894.247 0 0
43630 2 1 8 1 0.017 0.212 0.119 0.975 0.133 240.716 640 245.599 822.827 0 0
43630 3 1 8 1 0.017 0.212 0.119 0.975 0.133 241.162 660 245.275 774.88 0 0
43630 4 1 8 1 0.017 0.212 0.119 0.975 0.133 232.209 611 242.809 699.367 0 0
43630 5 1 8 1 0.017 0.212 0.119 0.975 0.133 237.915 674 243.738 816.293 0 0
43630 6 1 8 1 0.017 0.212 0.119 0.975 0.133 235.901 551 241.597 667.907 0 0
43630 7 1 8 1 0.017 0.212 0.119 0.975 0.133 238.857 697 244.974 834.293 0 0
43630 8 1 8 1 0.017 0.212 0.119 0.975 0.133 238.519 715 244.875 833.527 0 0
43630 9 1 8 1 0.017 0.212 0.119 0.975 0.133 240.593 525 244.874 686.36 0 0
43630 10 1 8 1 0.017 0.212 0.119 0.975 0.133 240.946 763 245.72 939.88 0 0
43630 1 1 8 1 0.088 0.156 0.268 0.967 0.377 0 8 0.145 9.913 1 0.247
43630 2 1 8 1 0.088 0.156 0.268 0.967 0.377 0 11 0.235 11.9 1 0
43630 1 2 7 1 0.06 0.397 0.139 0.756 0.879 1.144 103 2.401 122.807 1 0
43630 2 2 7 1 0.06 0.397 0.139 0.756 0.879 1.89 91 2.832 114.68 1 0
43630 3 2 7 1 0.06 0.397 0.139 0.756 0.879 0.696 82 2.199 95.36 1 0
43630 4 2 7 1 0.06 0.397 0.139 0.756 0.879 1.194 103 2.185 120.653 1 0
43630 5 2 7 1 0.06 0.397 0.139 0.756 0.879 1.193 112 2.73 128.78 1 0
43630 6 2 7 1 0.06 0.397 0.139 0.756 0.879 1.343 105 2.778 122.173 0.987 0
43630 7 2 7 1 0.06 0.397 0.139 0.756 0.879 1.492 91 2.547 113.64 1 0
43630 8 2 7 1 0.06 0.397 0.139 0.756 0.879 1.242 81 2.739 97.927 0.993 0
43630 9 2 7 1 0.06 0.397 0.139 0.756 0.879 1.243 101 2.357 117.92 1 0
43630 10 2 7 1 0.06 0.397 0.139 0.756 0.879 0.781 94 2.646 112.313 1 0
43630 1 2 7 1 0.104 0.049 0.44 0.949 0.837 0.995 73 2.486 92.94 0.987 0
43630 2 2 7 1 0.104 0.049 0.44 0.949 0.837 0.796 100 2.38 120.213 0.98 0
43630 3 2 7 1 0.104 0.049 0.44 0.949 0.837 0.945 94 2.489 116.86 1 0
43630 4 2 7 1 0.104 0.049 0.44 0.949 0.837 1.442 85 3.947 107.693 0.713 0
43630 5 2 7 1 0.104 0.049 0.44 0.949 0.837 1.044 104 2.544 127.32 1 0
43630 6 2 7 1 0.104 0.049 0.44 0.949 0.837 1.292 95 2.404 116.567 1 0
43630 7 2 7 1 0.104 0.049 0.44 0.949 0.837 1.341 96 2.424 114.893 1 0
43630 8 2 7 1 0.104 0.049 0.44 0.949 0.837 1.142 107 2.492 124.233 1 0
43630 9 2 7 1 0.104 0.049 0.44 0.949 0.837 1.89 70 3.806 98.18 0.86 0
43630 10 2 7 1 0.104 0.049 0.44 0.949 0.837 0 8 0.019 8 1 1
43630 1 2 7 1 0.014 0.377 0.449 0.821 0.305 2.179 90 4.496 115.387 0.613 0
43630 2 2 7 1 0.014 0.377 0.449 0.821 0.305 1.74 76 4.285 98.607 0.707 0
43630 3 2 7 1 0.014 0.377 0.449 0.821 0.305 3.027 95 5.388 119.447 0.367 0
43630 4 2 7 1 0.014 0.377 0.449 0.821 0.305 12.453 98 19.742 121.4 0 0
43630 5 2 7 1 0.014 0.377 0.449 0.821 0.305 0.895 71 5.218 97.993 0.367 0
43630 6 2 7 1 0.014 0.377 0.449 0.821 0.305 2.968 101 4.308 120.02 0.867 0
43630 7 2 7 1 0.014 0.377 0.449 0.821 0.305 1.641 93 4.441 127.847 0.627 0
43630 8 2 7 1 0.014 0.377 0.449 0.821 0.305 3.479 100 5.279 123.68 0.433 0
43630 9 2 7 1 0.014 0.377 0.449 0.821 0.305 0.995 97 3.355 114.613 0.873 0
43630 10 2 7 1 0.014 0.377 0.449 0.821 0.305 2.083 96 4.08 117.607 0.747 0
43630 1 2 7 1 0.111 0.348 0.375 0.761 0.023 246.582 2718 249.409 3360.26 0 0
43630 2 2 7 1 0.111 0.348 0.375 0.761 0.023 244.976 2175 248.703 2451.46 0 0
43630 3 2 7 1 0.111 0.348 0.375 0.761 0.023 246.36 2331 249.047 2893.733 0 0
43630 4 2 7 1 0.111 0.348 0.375 0.761 0.023 245.605 2428 249.053 2691.813 0 0
43630 5 2 7 1 0.111 0.348 0.375 0.761 0.023 245.561 2081 248.883 2487.953 0 0
43630 6 2 7 1 0.111 0.348 0.375 0.761 0.023 246.66 2635 249.205 3022.4 0 0
43630 7 2 7 1 0.111 0.348 0.375 0.761 0.023 245.843 1994 248.964 2583.027 0 0
43630 8 2 7 1 0.111 0.348 0.375 0.761 0.023 246.434 2112 248.769 2352.08 0 0
43630 9 2 7 1 0.111 0.348 0.375 0.761 0.023 247 2167 249.035 2892.607 0 0
43630 10 2 7 1 0.111 0.348 0.375 0.761 0.023 247.224 2168 249.119 2790.52 0 0
43630 1 2 7 1 0.046 0.274 0.287 0.765 0.735 1.193 110 2.535 134.5 1 0
43630 2 2 7 1 0.046 0.274 0.287 0.765 0.735 0.896 104 2.571 124.18 1 0
43630 3 2 7 1 0.046 0.274 0.287 0.765 0.735 1.044 119 2.524 137.52 0.96 0
43630 4 2 7 1 0.046 0.274 0.287 0.765 0.735 0.846 78 2.224 101.853 1 0
43630 5 2 7 1 0.046 0.274 0.287 0.765 0.735 1.143 95 2.642 109.073 1 0
43630 6 2 7 1 0.046 0.274 0.287 0.765 0.735 1.094 103 2.211 118.72 1 0
43630 7 2 7 1 0.046 0.274 0.287 0.765 0.735 1.84 104 2.69 122.447 1 0
43630 8 2 7 1 0.046 0.274 0.287 0.765 0.735 1.143 99 2.905 113.98 1 0
43630 9 2 7 1 0.046 0.274 0.287 0.765 0.735 1.442 86 2.997 110.933 1 0
43630 10 2 7 1 0.046 0.274 0.287 0.765 0.735 0.944 93 2.496 117.32 0.993 0
43630 1 2 7 1 0.12 0.452 0.281 0.857 0.837 0.796 97 2.209 120.073 1 0
43630 2 2 7 1 0.12 0.452 0.281 0.857 0.837 0.796 93 2.261 115.16 1 0
43630 3 2 7 1 0.12 0.452 0.281 0.857 0.837 0.944 103 2.37 115.153 1 0
43630 4 2 7 1 0.12 0.452 0.281 0.857 0.837 0 9 0.031 9 1 1
43630 5 2 7 1 0.12 0.452 0.281 0.857 0.837 1.591 77 2.712 95.927 1 0
43630 6 2 7 1 0.12 0.452 0.281 0.857 0.837 0.795 96 2.12 121.133 1 0
43630 7 2 7 1 0.12 0.452 0.281 0.857 0.837 1.642 103 2.779 127.333 1 0
43630 8 2 7 1 0.12 0.452 0.281 0.857 0.837 1.095 106 2.486 122.433 1 0
43630 9 2 7 1 0.12 0.452 0.281 0.857 0.837 0.796 98 2.398 115.4 1 0
43630 10 2 7 1 0.12 0.452 0.281 0.857 0.837 1.393 96 2.617 108.873 1 0
43630 1 2 7 1 0.075 0.376 0.327 0.85 0.37 2.186 82 9.488 119.507 0.22 0
43630 2 2 7 1 0.075 0.376 0.327 0.85 0.37 1.888 77 4.449 102.093 0.62 0
43630 3 2 7 1 0.075 0.376 0.327 0.85 0.37 3.529 115 10.634 146.353 0.047 0
43630 4 2 7 1 0.075 0.376 0.327 0.85 0.37 41.139 126 49.14 182.1 0 0
43630 5 2 7 1 0.075 0.376 0.327 0.85 0.37 2.685 84 6.347 114.367 0.233 0
43630 6 2 7 1 0.075 0.376 0.327 0.85 0.37 3.977 78 9.073 104.18 0.1 0
43630 7 2 7 1 0.075 0.376 0.327 0.85 0.37 4.588 117 7.859 142.6 0.04 0
43630 8 2 7 1 0.075 0.376 0.327 0.85 0.37 2.834 91 5.993 134.607 0.347 0
43630 1 2 10 0 0.021 0.037 0.25 0.913 0.989 195.862 3 205.946 9.967 0 0.847
43630 2 2 10 0 0.021 0.037 0.25 0.913 0.989 65.106 24 76.852 33.947 0 0
43630 3 2 10 0 0.021 0.037 0.25 0.913 0.989 217.478 2 227.21 7.833 0 0.893
43630 4 2 10 0 0.021 0.037 0.25 0.913 0.989 210.593 0 223.292 4.627 0 0.86
43630 5 2 10 0 0.021 0.037 0.25 0.913 0.989 209.756 0 217.983 4.853 0 0.9
43630 6 2 10 0 0.021 0.037 0.25 0.913 0.989 173.139 8 197.362 13.753 0 0.793
43630 7 2 10 0 0.021 0.037 0.25 0.913 0.989 212.607 1 223.369 7.367 0 0.86
43630 8 2 10 0 0.021 0.037 0.25 0.913 0.989 216.601 1 225.554 5.387 0 0.88
43630 9 2 10 0 0.021 0.037 0.25 0.913 0.989 212.506 1 219.12 6.553 0 0.913
43630 10 2 10 0 0.021 0.037 0.25 0.913 0.989 194.09 3 203.827 7.333 0 0.887
43630 1 2 10 0 0.064 0.243 0.487 0.84 0.233 0.647 70 2.662 97.927 0.98 0
43630 2 2 10 0 0.064 0.243 0.487 0.84 0.233 0.841 71 2.315 91.453 1 0
43630 3 2 10 0 0.064 0.243 0.487 0.84 0.233 0.796 73 3.027 93.427 0.987 0
43630 4 2 10 0 0.064 0.243 0.487 0.84 0.233 1.739 86 4.406 106.16 0.613 0
43630 5 2 10 0 0.064 0.243 0.487 0.84 0.233 0.994 74 3.08 106.147 0.907 0
43630 6 2 10 0 0.064 0.243 0.487 0.84 0.233 0.498 62 2.153 81.26 1 0
43630 7 2 10 0 0.064 0.243 0.487 0.84 0.233 2.088 76 3.813 106.827 0.873 0
43630 8 2 10 0 0.064 0.243 0.487 0.84 0.233 1.243 69 3.922 96.04 0.82 0
43630 9 2 10 0 0.064 0.243 0.487 0.84 0.233 1.392 81 3.077 102.547 0.993 0
43630 10 2 10 0 0.064 0.243 0.487 0.84 0.233 0 8 0.025 8 1 1
43630 1 2 10 0 0.029 0.306 0.354 0.933 0.816 218.884 0 225.082 6.187 0 0.86
43630 2 2 10 0 0.029 0.306 0.354 0.933 0.816 218.567 0 227.002 5.373 0 0.893
43630 3 2 10 0 0.029 0.306 0.354 0.933 0.816 204.352 2 214.678 9.247 0 0.833
43630 4 2 10 0 0.029 0.306 0.354 0.933 0.816 0.796 64 2.276 81.367 1 0
43630 5 2 10 0 0.029 0.306 0.354 0.933 0.816 0 12 0.046 12 1 0
43630 6 2 10 0 0.029 0.306 0.354 0.933 0.816 0.846 75 2.252 99.853 1 0
43630 7 2 10 0 0.029 0.306 0.354 0.933 0.816 153.142 17 164.177 23.76 0 0
43630 8 2 10 0 0.029 0.306 0.354 0.933 0.816 1.292 73 2.159 98.58 1 0
43630 9 2 10 0 0.029 0.306 0.354 0.933 0.816 217.993 1 222.067 6.093 0 0.84
43630 10 2 10 0 0.029 0.306 0.354 0.933 0.816 205.269 4 210.895 8.14 0 0.84
43630 1 2 10 0 0.081 0.495 0.245 0.977 0.741 204.349 0 211.874 4.113 0 0.867
43630 2 2 10 0 0.081 0.495 0.245 0.977 0.741 218.468 0 225.923 5.033 0 0.86
43630 3 2 10 0 0.081 0.495 0.245 0.977 0.741 202.502 2 211.431 5.907 0 0.893
43630 4 2 10 0 0.081 0.495 0.245 0.977 0.741 0.846 76 2.159 90.267 1 0
43630 5 2 10 0 0.081 0.495 0.245 0.977 0.741 0 7 0.084 7 1 1
43630 6 2 10 0 0.081 0.495 0.245 0.977 0.741 1.293 91 2.102 106.493 1 0
43630 7 2 10 0 0.081 0.495 0.245 0.977 0.741 0.746 64 1.996 86.08 1 0
43630 8 2 10 0 0.081 0.495 0.245 0.977 0.741 0.846 81 1.974 96.32 1 0
43630 9 2 10 0 0.081 0.495 0.245 0.977 0.741 1.343 63 3.111 79.42 1 0
43630 10 2 10 0 0.081 0.495 0.245 0.977 0.741 211.322 0 223.049 4.287 0 0.867
43630 1 2 10 0 0.078 0.47 0.009 0.772 0.377 249.987 48471 250 50021.847 0 0
43630 2 2 10 0 0.078 0.47 0.009 0.772 0.377 250 49438 250 50617.747 0 0
43630 3 2 10 0 0.078 0.47 0.009 0.772 0.377 249.987 44692 250 48547.673 0 0
43630 4 2 10 0 0.078 0.47 0.009 0.772 0.377 250 35997 250 40339.127 0 0
43630 5 2 10 0 0.078 0.47 0.009 0.772 0.377 250 51099 250 52758.467 0 0
43630 6 2 10 0 0.078 0.47 0.009 0.772 0.377 249.824 54591 249.999 56978.767 0 0
43630 7 2 10 0 0.078 0.47 0.009 0.772 0.377 249.196 30520 249.944 32008.187 0 0
43630 8 2 10 0 0.078 0.47 0.009 0.772 0.377 250 41016 250 44305.833 0 0
43630 1 2 3 0 0.036 0.009 0.068 0.837 0.084 2.025 104 4.505 122.88 0.587 0
43630 2 2 3 0 0.036 0.009 0.068 0.837 0.084 4.151 105 7.266 125.3 0.073 0
43630 3 2 3 0 0.036 0.009 0.068 0.837 0.084 35.506 137 40.739 179.767 0 0
43630 4 2 3 0 0.036 0.009 0.068 0.837 0.084 1.59 124 4.329 145.48 0.807 0
43630 5 2 3 0 0.036 0.009 0.068 0.837 0.084 1.194 120 3.737 142.253 0.9 0
43630 6 2 3 0 0.036 0.009 0.068 0.837 0.084 1.851 99 3.813 125.74 0.927 0
43630 7 2 3 0 0.036 0.009 0.068 0.837 0.084 31.117 97 37.29 131.553 0 0
43630 8 2 3 0 0.036 0.009 0.068 0.837 0.084 24.77 102 29.037 138.867 0 0
43630 9 2 3 0 0.036 0.009 0.068 0.837 0.084 4.706 102 8.173 116.413 0.027 0
43630 10 2 3 0 0.036 0.009 0.068 0.837 0.084 22.772 121 28.121 163.8 0 0
43630 1 2 3 0 0.106 0.03 0.06 0.849 0.217 2.436 127 4.487 137.927 0.7 0
43630 2 2 3 0 0.106 0.03 0.06 0.849 0.217 8.658 138 12.12 173.907 0 0
43630 3 2 3 0 0.106 0.03 0.06 0.849 0.217 1.542 108 3.284 126.627 0.853 0
43630 4 2 3 0 0.106 0.03 0.06 0.849 0.217 1.84 119 6.177 154.353 0.3 0
43630 5 2 3 0 0.106 0.03 0.06 0.849 0.217 2.584 116 5.204 136.527 0.547 0
43630 6 2 3 0 0.106 0.03 0.06 0.849 0.217 0.945 96 3.02 115.38 0.953 0
43630 7 2 3 0 0.106 0.03 0.06 0.849 0.217 1.293 93 4.225 117.787 0.647 0
43630 8 2 3 0 0.106 0.03 0.06 0.849 0.217 2.982 117 5.053 138.96 0.507 0
43630 9 2 3 0 0.106 0.03 0.06 0.849 0.217 23.423 112 28.02 162.707 0 0
43630 10 2 3 0 0.106 0.03 0.06 0.849 0.217 2.388 88 4.75 110.487 0.58 0
43630 1 2 3 0 0.058 0.199 0.301 0.986 0.645 1.74 122 3.766 135.38 0.933 0
43630 2 2 3 0 0.058 0.199 0.301 0.986 0.645 2.139 117 3.424 136.733 0.98 0
43630 3 2 3 0 0.058 0.199 0.301 0.986 0.645 0.846 112 4.762 135.8 0.473 0
43630 4 2 3 0 0.058 0.199 0.301 0.986 0.645 1.293 106 2.601 126.26 1 0
43630 5 2 3 0 0.058 0.199 0.301 0.986 0.645 2.558 105 5.013 122.847 0.513 0
43630 6 2 3 0 0.058 0.199 0.301 0.986 0.645 1.641 102 3.371 121.353 0.9 0
43630 7 2 3 0 0.058 0.199 0.301 0.986 0.645 1.79 131 3.184 144.367 0.947 0
43630 8 2 3 0 0.058 0.199 0.301 0.986 0.645 1.542 137 3.081 149.52 1 0
43630 9 2 3 0 0.058 0.199 0.301 0.986 0.645 1.243 111 3.048 128.68 1 0
43630 10 2 3 0 0.058 0.199 0.301 0.986 0.645 1.79 101 3.55 124.473 0.753 0
43630 1 2 3 0 0.057 0.425 0.329 0.978 0.906 1.888 112 3.835 128.507 0.86 0
43630 2 2 3 0 0.057 0.425 0.329 0.978 0.906 1.393 104 3.637 117.133 0.813 0
43630 3 2 3 0 0.057 0.425 0.329 0.978 0.906 1.294 118 3.246 132.387 1 0
43630 4 2 3 0 0.057 0.425 0.329 0.978 0.906 1.393 103 2.581 121.487 1 0
43630 5 2 3 0 0.057 0.425 0.329 0.978 0.906 2.137 112 3.659 127.287 0.993 0
43630 6 2 3 0 0.057 0.425 0.329 0.978 0.906 1.89 112 3.893 125.92 0.887 0
43630 7 2 3 0 0.057 0.425 0.329 0.978 0.906 1.939 128 3.64 154.06 0.927 0
43630 8 2 3 0 0.057 0.425 0.329 0.978 0.906 1.839 97 3.796 110.587 0.927 0
43630 9 2 3 0 0.057 0.425 0.329 0.978 0.906 1.392 114 3.158 132.3 1 0
43630 10 2 3 0 0.057 0.425 0.329 0.978 0.906 2.188 102 3.686 117.767 0.94 0
43630 1 2 3 0 0.102 0.211 0.396 0.778 0.676 2.078 96 3.369 116.24 1 0
43630 2 2 3 0 0.102 0.211 0.396 0.778 0.676 2.436 126 3.801 140.767 0.98 0
43630 3 2 3 0 0.102 0.211 0.396 0.778 0.676 1.393 115 2.733 133.967 1 0
43630 4 2 3 0 0.102 0.211 0.396 0.778 0.676 1.74 136 3.194 147.047 1 0
43630 5 2 3 0 0.102 0.211 0.396 0.778 0.676 1.536 109 3.69 125.6 0.847 0
43630 6 2 3 0 0.102 0.211 0.396 0.778 0.676 1.989 104 3.189 119.733 1 0
43630 7 2 3 0 0.102 0.211 0.396 0.778 0.676 1.889 123 3.569 138.207 0.987 0
43630 8 2 3 0 0.102 0.211 0.396 0.778 0.676 1.94 129 3.367 146.08 0.987 0
43630 9 2 3 0 0.102 0.211 0.396 0.778 0.676 1.094 117 3.521 131.027 0.833 0
43630 10 2 3 0 0.102 0.211 0.396 0.778 0.676 2.138 108 3.849 128.073 0.907 0
43630 1 2 3 0 0.065 0.125 0.313 0.967 0.598 2.686 125 4.098 140.6 0.847 0
43630 2 2 3 0 0.065 0.125 0.313 0.967 0.598 2.089 128 4.009 144.58 0.833 0
43630 3 2 3 0 0.065 0.125 0.313 0.967 0.598 1.89 111 3.861 128.847 0.813 0
43630 4 2 3 0 0.065 0.125 0.313 0.967 0.598 1.391 109 2.473 124.88 1 0
43630 5 2 3 0 0.065 0.125 0.313 0.967 0.598 2.537 121 3.888 135.733 0.893 0
43630 6 2 3 0 0.065 0.125 0.313 0.967 0.598 2.277 121 3.989 137.72 0.793 0
43630 7 2 3 0 0.065 0.125 0.313 0.967 0.598 1.89 132 3.272 149.3 1 0
43630 8 2 3 0 0.065 0.125 0.313 0.967 0.598 1.838 122 3.697 135.767 0.84 0
43630 9 2 3 0 0.065 0.125 0.313 0.967 0.598 2.089 103 3.241 127.767 1 0
43630 10 2 3 0 0.065 0.125 0.313 0.967 0.598 1.492 126 2.596 143.653 1 0
43630 1 2 3 0 0.023 0.397 0.377 0.928 0.976 2.784 99 4.218 115.213 0.78 0
43630 2 2 3 0 0.023 0.397 0.377 0.928 0.976 1.74 108 3.315 122.687 1 0
43630 3 2 3 0 0.023 0.397 0.377 0.928 0.976 1.437 119 2.738 138.98 1 0
43630 4 2 3 0 0.023 0.397 0.377 0.928 0.976 1.293 95 3.239 111.86 0.993 0
43630 5 2 3 0 0.023 0.397 0.377 0.928 0.976 2.188 118 3.55 133.287 1 0
43630 6 2 3 0 0.023 0.397 0.377 0.928 0.976 2.039 112 3.824 123.827 0.92 0
43630 7 2 3 0 0.023 0.397 0.377 0.928 0.976 2.188 99 3.498 114.54 0.973 0
43630 8 2 3 0 0.023 0.397 0.377 0.928 0.976 0.896 111 2.885 130.32 0.953 0
43630 9 2 3 0 0.023 0.397 0.377 0.928 0.976 2.039 120 4.135 135.06 0.707 0
43630 10 2 3 0 0.023 0.397 0.377 0.928 0.976 2.486 98 4.03 115.02 0.853 0
43630 1 2 10 1 0.014 0.267 0.219 0.92 0.934 213.054 1 222.546 5.807 0 0.86
43630 2 2 10 1 0.014 0.267 0.219 0.92 0.934 208.813 1 218.276 6.887 0 0.847
43630 3 2 10 1 0.014 0.267 0.219 0.92 0.934 218.618 0 225.18 5.267 0 0.827
43630 4 2 10 1 0.014 0.267 0.219 0.92 0.934 212.216 0 226.399 5.033 0 0.867
43630 5 2 10 1 0.014 0.267 0.219 0.92 0.934 0 2 0.078 2.82 1 1
43630 6 2 10 1 0.014 0.267 0.219 0.92 0.934 201.305 2 211.694 6.54 0 0.88
43630 7 2 10 1 0.014 0.267 0.219 0.92 0.934 213.069 1 226.279 6.24 0 0.82
43630 8 2 10 1 0.014 0.267 0.219 0.92 0.934 0.995 83 1.85 96.34 1 0
43630 9 2 10 1 0.014 0.267 0.219 0.92 0.934 199.26 2 205.495 5.053 0 0.893
43630 10 2 10 1 0.014 0.267 0.219 0.92 0.934 180.842 0 205.806 5.46 0 0.887
43630 1 2 10 1 0.077 0.111 0.46 0.899 0.528 209.614 0 217.479 4.013 0 0.88
43630 2 2 10 1 0.077 0.111 0.46 0.899 0.528 195.542 2 212.81 8.947 0 0.867
43630 3 2 10 1 0.077 0.111 0.46 0.899 0.528 217.878 0 226.667 7.253 0 0.84
43630 4 2 10 1 0.077 0.111 0.46 0.899 0.528 217.952 0 226.01 6.093 0 0.86
43630 5 2 10 1 0.077 0.111 0.46 0.899 0.528 218.368 0 225.808 4.9 0 0.9
43630 6 2 10 1 0.077 0.111 0.46 0.899 0.528 192.989 3 204.41 9.207 0 0.827
43630 7 2 10 1 0.077 0.111 0.46 0.899 0.528 21.101 41 28.036 52.86 0 0
43630 8 2 10 1 0.077 0.111 0.46 0.899 0.528 219.464 1 226.268 5.94 0 0.847
43630 9 2 10 1 0.077 0.111 0.46 0.899 0.528 215.995 0 227.176 7.94 0 0.887
43630 10 2 10 1 0.077 0.111 0.46 0.899 0.528 216.02 0 226.119 6.24 0 0.893
43630 1 2 10 1 0.102 0.172 0.2 0.783 0.011 250 40591 250 43335.307 0 0
43630 2 2 10 1 0.102 0.172 0.2 0.783 0.011 249.824 33294 249.999 38387.72 0 0
43630 3 2 10 1 0.102 0.172 0.2 0.783 0.011 249.739 35506 249.996 36889.107 0 0
43630 4 2 10 1 0.102 0.172 0.2 0.783 0.011 249.987 31889 250 35867.167 0 0
43630 5 2 10 1 0.102 0.172 0.2 0.783 0.011 250 43735 250 46899.573 0 0
43630 6 2 10 1 0.102 0.172 0.2 0.783 0.011 249.739 36812 249.998 39517.307 0 0
43630 7 2 10 1 0.102 0.172 0.2 0.783 0.011 250 29569 250 33640.833 0 0
43630 8 2 10 1 0.102 0.172 0.2 0.783 0.011 250 42320 250 49763.747 0 0
43630 9 2 10 1 0.102 0.172 0.2 0.783 0.011 250 50329 250 53829.047 0 0
43630 10 2 10 1 0.102 0.172 0.2 0.783 0.011 250 42479 250 46665.473 0 0
43630 1 2 4 0 0.043 0.429 0.233 0.774 0.832 2.53 113 4.14 127.527 0.807 0
43630 2 2 4 0 0.043 0.429 0.233 0.774 0.832 1.932 106 3.564 123.58 0.92 0
43630 3 2 4 0 0.043 0.429 0.233 0.774 0.832 1.194 95 3.391 116.347 0.98 0
43630 4 2 4 0 0.043 0.429 0.233 0.774 0.832 2.534 107 3.799 128.213 0.873 0
43630 5 2 4 0 0.043 0.429 0.233 0.774 0.832 1.442 93 3.577 117.4 0.82 0
43630 6 2 4 0 0.043 0.429 0.233 0.774 0.832 1.789 102 3.213 128.347 0.987 0
43630 7 2 4 0 0.043 0.429 0.233 0.774 0.832 1.441 97 3.747 117.973 0.933 0
43630 8 2 4 0 0.043 0.429 0.233 0.774 0.832 2.711 96 4.208 113.04 0.847 0
43630 9 2 4 0 0.043 0.429 0.233 0.774 0.832 2.286 117 3.614 131.72 0.993 0
43630 10 2 4 0 0.043 0.429 0.233 0.774 0.832 1.791 107 3.212 127.373 0.967 0
43630 1 2 4 0 0.049 0.273 0.432 0.984 0.836 1.79 118 3.088 139.187 0.993 0
43630 2 2 4 0 0.049 0.273 0.432 0.984 0.836 1.243 109 2.559 123.707 1 0
43630 3 2 4 0 0.049 0.273 0.432 0.984 0.836 1.94 104 3.797 124.727 0.873 0
43630 4 2 4 0 0.049 0.273 0.432 0.984 0.836 1.783 112 3.183 139.393 0.987 0
43630 5 2 4 0 0.049 0.273 0.432 0.984 0.836 2.485 119 3.388 136.093 1 0
43630 6 2 4 0 0.049 0.273 0.432 0.984 0.836 1.44 115 2.768 129.8 1 0
43630 7 2 4 0 0.049 0.273 0.432 0.984 0.836 1.194 92 2.979 120.467 0.893 0
43630 8 2 4 0 0.049 0.273 0.432 0.984 0.836 2.139 98 4.212 124.427 0.813 0
43630 9 2 4 0 0.049 0.273 0.432 0.984 0.836 1.741 118 2.959 136.587 1 0
43630 10 2 4 0 0.049 0.273 0.432 0.984 0.836 1.294 108 3.132 123.74 0.927 0
43630 1 2 4 0 0.059 0.472 0.309 0.892 0.482 1.437 108 4.102 141.547 0.753 0
43630 2 2 4 0 0.059 0.472 0.309 0.892 0.482 1.541 88 4.26 123.107 0.713 0
43630 3 2 4 0 0.059 0.472 0.309 0.892 0.482 2.974 125 5.464 152.02 0.307 0
43630 4 2 4 0 0.059 0.472 0.309 0.892 0.482 6.446 98 10.217 136.387 0 0
43630 5 2 4 0 0.059 0.472 0.309 0.892 0.482 5.134 109 8.312 133.707 0 0
43630 6 2 4 0 0.059 0.472 0.309 0.892 0.482 1.939 98 5.11 122.447 0.473 0
43630 7 2 4 0 0.059 0.472 0.309 0.892 0.482 1.938 131 5.22 166.713 0.473 0
43630 8 2 4 0 0.059 0.472 0.309 0.892 0.482 3.681 116 6.348 151.033 0.227 0
43630 9 2 4 0 0.059 0.472 0.309 0.892 0.482 1.435 110 5.52 139.24 0.353 0
43630 10 2 4 0 0.059 0.472 0.309 0.892 0.482 3.372 94 5.615 118.407 0.24 0
43630 1 2 4 0 0.105 0.19 0.205 0.953 0.233 128.893 298 133.617 399.033 0 0
43630 2 2 4 0 0.105 0.19 0.205 0.953 0.233 136.42 326 146.136 419.313 0 0
43630 3 2 4 0 0.105 0.19 0.205 0.953 0.233 132.438 275 138.234 363.693 0 0
43630 4 2 4 0 0.105 0.19 0.205 0.953 0.233 141.624 318 147.519 429.913 0 0
43630 5 2 4 0 0.105 0.19 0.205 0.953 0.233 132.803 244 140.087 367.047 0 0
43630 6 2 4 0 0.105 0.19 0.205 0.953 0.233 117.983 256 124.454 352.833 0 0
43630 7 2 4 0 0.105 0.19 0.205 0.953 0.233 126.361 222 130.942 342.187 0 0
43630 8 2 4 0 0.105 0.19 0.205 0.953 0.233 130.152 189 139.645 389.373 0 0
43630 9 2 4 0 0.105 0.19 0.205 0.953 0.233 142.311 264 154.022 373.313 0 0
43630 10 2 4 0 0.105 0.19 0.205 0.953 0.233 131.738 290 138.378 384.907 0 0
43630 1 2 4 0 0.081 0.218 0.198 0.86 0.172 239.303 656 245.057 861.267 0 0
43630 2 2 4 0 0.081 0.218 0.198 0.86 0.172 243.273 729 246.2 910.753 0 0
43630 3 2 4 0 0.081 0.218 0.198 0.86 0.172 240.254 668 245.486 843.773 0 0
43630 4 2 4 0 0.081 0.218 0.198 0.86 0.172 242.771 839 246.938 978.007 0 0
43630 5 2 4 0 0.081 0.218 0.198 0.86 0.172 241.984 638 245.577 904.467 0 0
43630 6 2 4 0 0.081 0.218 0.198 0.86 0.172 240.508 677 245.712 819.527 0 0
43630 7 2 4 0 0.081 0.218 0.198 0.86 0.172 241.316 719 245.887 970.367 0 0
43630 8 2 4 0 0.081 0.218 0.198 0.86 0.172 238.763 680 243.976 802.14 0 0
43630 9 2 4 0 0.081 0.218 0.198 0.86 0.172 242.086 707 246.397 928.373 0 0
43630 10 2 4 0 0.081 0.218 0.198 0.86 0.172 241.82 715 246.118 940.047 0 0
43630 1 2 4 0 0.115 0.224 0.293 0.888 0.972 1.791 122 3.291 139.253 0.96 0
43630 2 2 4 0 0.115 0.224 0.293 0.888 0.972 1.442 126 2.871 141.36 1 0
43630 3 2 4 0 0.115 0.224 0.293 0.888 0.972 1.144 101 2.719 120.327 1 0
43630 4 2 4 0 0.115 0.224 0.293 0.888 0.972 1.59 112 3.032 127.393 1 0
43630 5 2 4 0 0.115 0.224 0.293 0.888 0.972 2.585 101 3.696 123.793 0.973 0
43630 6 2 4 0 0.115 0.224 0.293 0.888 0.972 1.99 100 4.224 123.147 0.72 0
43630 7 2 4 0 0.115 0.224 0.293 0.888 0.972 2.038 88 3.675 104.387 0.847 0
43630 8 2 4 0 0.115 0.224 0.293 0.888 0.972 2.187 103 3.921 126.3 0.893 0
43630 9 2 4 0 0.115 0.224 0.293 0.888 0.972 0.796 97 2.54 120.26 1 0
43630 10 2 4 0 0.115 0.224 0.293 0.888 0.972 1.393 116 3.068 129.86 0.973 0
43630 1 2 4 0 0.019 0.152 0.321 0.972 0.042 240.812 762 245.613 906.827 0 0
43630 2 2 4 0 0.019 0.152 0.321 0.972 0.042 239.877 677 245.363 832.9 0 0
43630 3 2 4 0 0.019 0.152 0.321 0.972 0.042 241.261 724 245.704 852.02 0 0
43630 4 2 4 0 0.019 0.152 0.321 0.972 0.042 241.28 657 245.49 820.693 0 0
43630 5 2 4 0 0.019 0.152 0.321 0.972 0.042 238.78 784 245.179 916.68 0 0
43630 6 2 4 0 0.019 0.152 0.321 0.972 0.042 238.942 648 243.911 780.8 0 0
43630 7 2 4 0 0.019 0.152 0.321 0.972 0.042 237.862 718 244.334 896.173 0 0
43630 8 2 4 0 0.019 0.152 0.321 0.972 0.042 238.475 704 244.958 937.053 0 0
43630 9 2 4 0 0.019 0.152 0.321 0.972 0.042 242.628 758 246.828 928.427 0 0
43630 10 2 4 0 0.019 0.152 0.321 0.972 0.042 239.835 749 244.77 923.06 0 0
43630 1 2 4 0 0.088 0.465 0.381 0.845 0.84 4.522 118 6.68 138.24 0.107 0
43630 2 2 4 0 0.088 0.465 0.381 0.845 0.84 1.988 119 3.011 132.727 1 0
43630 1 2 3 1 0.014 0.443 0.399 0.814 0.527 3.655 94 6.299 114.12 0.14 0
43630 2 2 3 1 0.014 0.443 0.399 0.814 0.527 1.939 88 3.288 108.9 1 0
43630 3 2 3 1 0.014 0.443 0.399 0.814 0.527 1.692 114 3.775 133.513 0.847 0
43630 4 2 3 1 0.014 0.443 0.399 0.814 0.527 2.033 94 3.395 113.78 0.953 0
43630 5 2 3 1 0.014 0.443 0.399 0.814 0.527 1.242 107 2.995 123.68 0.927 0
43630 6 2 3 1 0.014 0.443 0.399 0.814 0.527 1.591 94 4.157 120.353 0.767 0
43630 7 2 3 1 0.014 0.443 0.399 0.814 0.527 1.84 113 3.823 124.947 0.907 0
43630 8 2 3 1 0.014 0.443 0.399 0.814 0.527 1.244 96 2.718 113.7 1 0
43630 9 2 3 1 0.014 0.443 0.399 0.814 0.527 2.33 101 3.628 118.56 0.867 0
43630 10 2 3 1 0.014 0.443 0.399 0.814 0.527 1.939 86 3.987 104.607 0.76 0
43630 1 2 3 1 0.047 0.448 0.086 0.913 0.666 0 9 0.15 9 1 1
43630 2 2 3 1 0.047 0.448 0.086 0.913 0.666 4.195 110 7.836 188.873 0.067 0
43630 3 2 3 1 0.047 0.448 0.086 0.913 0.666 9.04 100 13.339 138.32 0 0
43630 4 2 3 1 0.047 0.448 0.086 0.913 0.666 9.122 113 14.504 146.413 0 0
43630 5 2 3 1 0.047 0.448 0.086 0.913 0.666 4.457 118 7.678 160.013 0.007 0
43630 6 2 3 1 0.047 0.448 0.086 0.913 0.666 4.361 109 9.311 144.82 0.113 0
43630 7 2 3 1 0.047 0.448 0.086 0.913 0.666 2.089 91 4.965 141.487 0.6 0
43630 8 2 3 1 0.047 0.448 0.086 0.913 0.666 8.096 118 13.084 160.393 0 0
43630 9 2 3 1 0.047 0.448 0.086 0.913 0.666 0 8 0.101 8 1 1
43630 10 2 3 1 0.047 0.448 0.086 0.913 0.666 10.614 97 18.283 159.813 0 0
43630 1 2 3 1 0.109 0.466 0.191 0.96 0.704 1.889 122 4.346 137.413 0.673 0
43630 2 2 3 1 0.109 0.466 0.191 0.96 0.704 2.088 146 4.204 162.733 0.8 0
43630 3 2 3 1 0.109 0.466 0.191 0.96 0.704 2.379 142 4.329 156.013 0.767 0
43630 4 2 3 1 0.109 0.466 0.191 0.96 0.704 0.945 89 3.722 108.413 0.733 0
43630 5 2 3 1 0.109 0.466 0.191 0.96 0.704 1.838 131 3.949 147.6 0.78 0
43630 6 2 3 1 0.109 0.466 0.191 0.96 0.704 2.133 118 4.062 132.107 0.833 0
43630 7 2 3 1 0.109 0.466 0.191 0.96 0.704 2.237 132 3.994 153.147 0.84 0
43630 8 2 3 1 0.109 0.466 0.191 0.96 0.704 3.567 117 4.69 131.013 0.667 0
43630 9 2 3 1 0.109 0.466 0.191 0.96 0.704 2.037 94 2.986 116.58 1 0
43630 10 2 3 1 0.109 0.466 0.191 0.96 0.704 1.741 136 3.868 159.18 0.8 0
43630 1 2 3 1 0.046 0.442 0.359 0.805 0.016 245.626 2043 248.575 2366.553 0 0
43630 2 2 3 1 0.046 0.442 0.359 0.805 0.016 246.748 2074 248.99 2280.16 0 0
43630 3 2 3 1 0.046 0.442 0.359 0.805 0.016 245.669 2037 248.778 2526.88 0 0
43630 4 2 3 1 0.046 0.442 0.359 0.805 0.016 246.505 2189 248.977 2684.247 0 0
43630 5 2 3 1 0.046 0.442 0.359 0.805 0.016 244.886 1631 248.449 2243.987 0 0
43630 6 2 3 1 0.046 0.442 0.359 0.805 0.016 246.062 1937 248.918 2149.553 0 0
43630 7 2 3 1 0.046 0.442 0.359 0.805 0.016 244.365 1849 248.681 2159.473 0 0
43630 8 2 3 1 0.046 0.442 0.359 0.805 0.016 245.962 1893 248.926 2417.187 0 0
43630 9 2 3 1 0.046 0.442 0.359 0.805 0.016 246.626 1754 248.714 2127.307 0 0
43630 10 2 3 1 0.046 0.442 0.359 0.805 0.016 245.958 2112 248.828 2310.98 0 0
43630 1 2 3 1 0.046 0.341 0.332 0.826 0.113 239.065 744 244.95 916.167 0 0
43630 2 2 3 1 0.046 0.341 0.332 0.826 0.113 237.967 666 244.245 806.227 0 0
43630 3 2 3 1 0.046 0.341 0.332 0.826 0.113 236.985 680 243.014 791.42 0 0
43630 4 2 3 1 0.046 0.341 0.332 0.826 0.113 233.744 606 243.725 804.453 0 0
43630 5 2 3 1 0.046 0.341 0.332 0.826 0.113 240.619 683 244.751 796.12 0 0
43630 6 2 3 1 0.046 0.341 0.332 0.826 0.113 240.974 645 245.017 773.927 0 0
43630 7 2 3 1 0.046 0.341 0.332 0.826 0.113 236.541 596 244.031 801.267 0 0
43630 8 2 3 1 0.046 0.341 0.332 0.826 0.113 235.995 564 243.908 798.2 0 0
43630 9 2 3 1 0.046 0.341 0.332 0.826 0.113 239.087 621 244.245 769.627 0 0
43630 10 2 3 1 0.046 0.341 0.332 0.826 0.113 238.565 667 244.576 812.967 0 0
43630 1 2 3 1 0.02 0.39 0.024 0.882 0.093 250 180023 250 193642.78 0 0
43630 1 2 9 1 0.054 0.053 0.001 0.945 0.007 250 84159 250 87171.52 0 0
43630 2 2 9 1 0.054 0.053 0.001 0.945 0.007 250 88988 250 97999.06 0 0
43630 3 2 9 1 0.054 0.053 0.001 0.945 0.007 250 161466 250 164032.287 0 0
43630 4 2 9 1 0.054 0.053 0.001 0.945 0.007 250 80972 250 86259.18 0 0
43630 5 2 9 1 0.054 0.053 0.001 0.945 0.007 250 88121 250 89304.653 0 0
43630 6 2 9 1 0.054 0.053 0.001 0.945 0.007 250 79912 250 83164.353 0 0
43630 7 2 9 1 0.054 0.053 0.001 0.945 0.007 250 169850 250 177810.553 0 0
43630 8 2 9 1 0.054 0.053 0.001 0.945 0.007 250 74343 250 75755.573 0 0
43630 9 2 9 1 0.054 0.053 0.001 0.945 0.007 250 181977 250 191532.393 0 0
43630 1 2 8 1 0.103 0.173 0.242 0.82 0.045 245 1465 248.644 1727.4 0 0
43630 2 2 8 1 0.103 0.173 0.242 0.82 0.045 245.516 1591 248.54 1911.38 0 0
43630 3 2 8 1 0.103 0.173 0.242 0.82 0.045 244.818 1355 248.524 1614.093 0 0
43630 4 2 8 1 0.103 0.173 0.242 0.82 0.045 245.263 1596 248.459 1849.893 0 0
43630 5 2 8 1 0.103 0.173 0.242 0.82 0.045 244.925 1761 248.691 2115.22 0 0
43630 6 2 8 1 0.103 0.173 0.242 0.82 0.045 244.711 1665 248.697 1875.94 0 0
43630 7 2 8 1 0.103 0.173 0.242 0.82 0.045 243.532 1519 247.973 1806.08 0 0
43630 8 2 8 1 0.103 0.173 0.242 0.82 0.045 246.454 1768 248.713 2044.447 0 0
43630 9 2 8 1 0.103 0.173 0.242 0.82 0.045 245.012 1452 248.379 1672.933 0 0
43630 10 2 8 1 0.103 0.173 0.242 0.82 0.045 240.982 1276 248.296 1657.06 0 0
43630 1 2 8 1 0.016 0.139 0.356 0.979 0.716 1.392 101 2.833 114.68 1 0
43630 2 2 8 1 0.016 0.139 0.356 0.979 0.716 0.945 92 2.173 110.96 1 0
43630 3 2 8 1 0.016 0.139 0.356 0.979 0.716 0.547 78 1.735 96.54 1 0
43630 4 2 8 1 0.016 0.139 0.356 0.979 0.716 1.044 91 2.078 108.06 1 0
43630 5 2 8 1 0.016 0.139 0.356 0.979 0.716 1.094 77 2.475 102.427 0.967 0
43630 6 2 8 1 0.016 0.139 0.356 0.979 0.716 1.242 88 2.884 103.047 1 0
43630 7 2 8 1 0.016 0.139 0.356 0.979 0.716 1.591 103 3.406 128.753 0.993 0
43630 8 2 8 1 0.016 0.139 0.356 0.979 0.716 1.342 74 2.594 108.787 1 0
43630 9 2 8 1 0.016 0.139 0.356 0.979 0.716 1.144 91 2.117 109.933 1 0
43630 10 2 8 1 0.016 0.139 0.356 0.979 0.716 0.896 101 2.637 118.02 1 0
43630 1 2 8 1 0.026 0.114 0.349 0.759 0.528 0 12 0.046 12.293 1 0
43630 2 2 8 1 0.026 0.114 0.349 0.759 0.528 0.647 82 2.474 101.607 1 0
43630 3 2 8 1 0.026 0.114 0.349 0.759 0.528 1.294 97 2.937 118.427 1 0
43630 4 2 8 1 0.026 0.114 0.349 0.759 0.528 0.945 91 2.305 111.467 1 0
43630 5 2 8 1 0.026 0.114 0.349 0.759 0.528 0.945 82 2.017 93.947 1 0
43630 6 2 8 1 0.026 0.114 0.349 0.759 0.528 0.746 84 1.94 100.54 1 0
43630 7 2 8 1 0.026 0.114 0.349 0.759 0.528 1.194 83 2.303 98.853 1 0
43630 8 2 8 1 0.026 0.114 0.349 0.759 0.528 1.342 85 2.8 97.153 0.92 0
43630 9 2 8 1 0.026 0.114 0.349 0.759 0.528 0.547 100 1.875 117.453 1 0
43630 10 2 8 1 0.026 0.114 0.349 0.759 0.528 1.443 74 3.169 96.093 0.973 0
43630 1 2 8 1 0.089 0.009 0.071 0.814 0.029 164.02 358 174.115 486.92 0 0
43630 2 2 8 1 0.089 0.009 0.071 0.814 0.029 160.482 410 165.7 554.633 0 0
43630 3 2 8 1 0.089 0.009 0.071 0.814 0.029 150.687 315 156.658 442.18 0 0
43630 4 2 8 1 0.089 0.009 0.071 0.814 0.029 151.421 305 158.387 453.687 0 0
43630 5 2 8 1 0.089 0.009 0.071 0.814 0.029 141.308 282 146.441 446.373 0 0
43630 6 2 8 1 0.089 0.009 0.071 0.814 0.029 165.715 291 172.333 429.84 0 0
43630 7 2 8 1 0.089 0.009 0.071 0.814 0.029 155.003 350 159.702 473.793 0 0
43630 8 2 8 1 0.089 0.009 0.071 0.814 0.029 145.35 320 150.012 466.2 0 0
43630 9 2 8 1 0.089 0.009 0.071 0.814 0.029 135.939 321 146.938 464.34 0 0
43630 10 2 8 1 0.089 0.009 0.071 0.814 0.029 146.564 340 150.753 477.1 0 0
43630 1 2 8 1 0.078 0.11 0.228 0.884 0.091 237.731 613 243.329 719.593 0 0
43630 2 2 8 1 0.078 0.11 0.228 0.884 0.091 237.404 499 241.601 605.933 0 0
43630 3 2 8 1 0.078 0.11 0.228 0.884 0.091 234.417 529 241.358 665.133 0 0
43630 4 2 8 1 0.078 0.11 0.228 0.884 0.091 234.435 499 240.655 643.293 0 0
43630 5 2 8 1 0.078 0.11 0.228 0.884 0.091 236.507 545 243.43 655.74 0 0
43630 6 2 8 1 0.078 0.11 0.228 0.884 0.091 228.042 446 235.414 614.9 0 0
43630 7 2 8 1 0.078 0.11 0.228 0.884 0.091 240.253 505 244.734 718.427 0 0
43630 8 2 8 1 0.078 0.11 0.228 0.884 0.091 233.564 546 242.629 693.42 0 0
43630 9 2 8 1 0.078 0.11 0.228 0.884 0.091 233.791 520 240.968 657.487 0 0
43630 10 2 8 1 0.078 0.11 0.228 0.884 0.091 234.551 492 239.922 650.44 0 0
43630 1 2 8 1 0.062 0.302 0.006 0.872 0.997 0.995 94 2.161 107.173 1 0
43630 2 2 8 1 0.062 0.302 0.006 0.872 0.997 0.746 71 2.201 91.127 1 0
43630 3 2 8 1 0.062 0.302 0.006 0.872 0.997 0 4 0.077 4 1 1
43630 4 2 8 1 0.062 0.302 0.006 0.872 0.997 0.845 75 2.667 96.08 1 0
43630 5 2 8 1 0.062 0.302 0.006 0.872 0.997 1.84 72 2.71 91.067 1 0
43630 6 2 8 1 0.062 0.302 0.006 0.872 0.997 0 8 0 8 1 1
43630 7 2 8 1 0.062 0.302 0.006 0.872 0.997 1.144 83 2.157 103.28 1 0
43630 8 2 8 1 0.062 0.302 0.006 0.872 0.997 0.746 94 2.129 110.633 1 0
43630 9 2 8 1 0.062 0.302 0.006 0.872 0.997 1.689 90 2.776 115.08 1 0
43630 10 2 8 1 0.062 0.302 0.006 0.872 0.997 1.492 90 2.613 106.027 0.987 0
43630 1 2 8 1 0.08 0.228 0.053 0.967 0.618 0 11 0 11 1 0
43630 2 2 8 1 0.08 0.228 0.053 0.967 0.618 2.379 106 6.301 150.633 0.473 0
43630 3 2 8 1 0.08 0.228 0.053 0.967 0.618 4.058 110 7.788 145.647 0.093 0
43630 4 2 8 1 0.08 0.228 0.053 0.967 0.618 3.617 102 7.551 148.88 0.26 0
43630 1 1 6 1 0.039 0.312 0.108 0.789 0.533 0 12 0.121 12 1 0
43630 2 1 6 1 0.039 0.312 0.108 0.789 0.533 0.05 24 0.245 24 1 0
43630 3 1 6 1 0.039 0.312 0.108 0.789 0.533 0 14 0.135 14 1 0
43630 4 1 6 1 0.039 0.312 0.108 0.789 0.533 2.138 160 4.592 202.353 0.693 0
43630 5 1 6 1 0.039 0.312 0.108 0.789 0.533 1.194 127 6.622 174.953 0.34 0
43630 6 1 6 1 0.039 0.312 0.108 0.789 0.533 0.149 25 0.397 25.907 1 0
43630 7 1 6 1 0.039 0.312 0.108 0.789 0.533 2.875 131 6.44 177.287 0.273 0
43630 8 1 6 1 0.039 0.312 0.108 0.789 0.533 0 14 0.159 14.967 1 0
43630 9 1 6 1 0.039 0.312 0.108 0.789 0.533 3.768 116 10.884 158.1 0.173 0
43630 10 1 6 1 0.039 0.312 0.108 0.789 0.533 1.641 142 3.744 195.66 0.78 0
43630 1 1 6 1 0.115 0.445 0.26 0.852 0.3 76.149 163 84.605 213.787 0 0
43630 2 1 6 1 0.115 0.445 0.26 0.852 0.3 2.685 128 4.41 154.9 0.733 0
43630 3 1 6 1 0.115 0.445 0.26 0.852 0.3 3.448 89 9.135 116.027 0.36 0
43630 4 1 6 1 0.115 0.445 0.26 0.852 0.3 84.036 135 91.733 196.92 0 0
43630 5 1 6 1 0.115 0.445 0.26 0.852 0.3 91.613 175 97.228 254.16 0 0
43630 6 1 6 1 0.115 0.445 0.26 0.852 0.3 17.865 158 32.848 211.087 0 0
43630 7 1 6 1 0.115 0.445 0.26 0.852 0.3 95.776 205 100.213 293.813 0 0
43630 8 1 6 1 0.115 0.445 0.26 0.852 0.3 19.084 148 33.674 213.98 0 0
43630 9 1 6 1 0.115 0.445 0.26 0.852 0.3 35.822 146 47.635 183.567 0 0
43630 10 1 6 1 0.115 0.445 0.26 0.852 0.3 86.123 199 97.246 290.093 0 0
43630 1 1 6 1 0.064 0.466 0.124 0.792 0.808 0 10 0.108 10 1 0
43630 2 1 6 1 0.064 0.466 0.124 0.792 0.808 0 13 0.042 13 1 0
43630 3 1 6 1 0.064 0.466 0.124 0.792 0.808 1.691 120 3.023 136.427 1 0
43630 4 1 6 1 0.064 0.466 0.124 0.792 0.808 0.995 128 2.741 140.18 1 0
43630 5 1 6 1 0.064 0.466 0.124 0.792 0.808 0 10 0.103 10 1 0
43630 6 1 6 1 0.064 0.466 0.124 0.792 0.808 0 14 0.055 14 1 0
43630 7 1 6 1 0.064 0.466 0.124 0.792 0.808 0 8 0.072 8 1 1
43630 8 1 6 1 0.064 0.466 0.124 0.792 0.808 1.243 126 3.183 142.007 0.973 0
43630 9 1 6 1 0.064 0.466 0.124 0.792 0.808 0.647 127 2.866 148.973 0.967 0
43630 10 1 6 1 0.064 0.466 0.124 0.792 0.808 0 15 0.08 15 1 0
43630 1 1 6 1 0.063 0.192 0.5 0.914 0.875 0 19 0.191 21.7 1 0
43630 2 1 6 1 0.063 0.192 0.5 0.914 0.875 1.144 97 1.874 107.02 1 0
43630 3 1 6 1 0.063 0.192 0.5 0.914 0.875 0 15 0.122 15 1 0
43630 4 1 6 1 0.063 0.192 0.5 0.914 0.875 0 38 0.277 40.627 1 0
43630 5 1 6 1 0.063 0.192 0.5 0.914 0.875 0 11 0.097 11 1 0
43630 6 1 6 1 0.063 0.192 0.5 0.914 0.875 0.05 15 0.224 15.973 1 0
43630 7 1 6 1 0.063 0.192 0.5 0.914 0.875 0 3 0.033 3 1 1
43630 8 1 6 1 0.063 0.192 0.5 0.914 0.875 0 6 0.065 6.807 1 1
43630 9 1 6 1 0.063 0.192 0.5 0.914 0.875 0.05 34 0.275 37.98 1 0
43630 10 1 6 1 0.063 0.192 0.5 0.914 0.875 0 8 0.068 8.707 1 0.66
43630 1 1 6 1 0.015 0.364 0.077 0.99 0.651 1.343 139 3.357 155.773 0.847 0
43630 2 1 6 1 0.015 0.364 0.077 0.99 0.651 3.73 155 6.491 176.507 0.173 0
43630 3 1 6 1 0.015 0.364 0.077 0.99 0.651 2.92 169 6.175 196.153 0.207 0
43630 4 1 6 1 0.015 0.364 0.077 0.99 0.651 2.862 156 5.403 184.293 0.553 0
43630 5 1 6 1 0.015 0.364 0.077 0.99 0.651 1.492 124 3.579 151.2 0.82 0
43630 6 1 6 1 0.015 0.364 0.077 0.99 0.651 0.05 20 0.197 20.66 1 0
43630 7 1 6 1 0.015 0.364 0.077 0.99 0.651 3.372 178 4.934 202.233 0.587 0
43630 8 1 6 1 0.015 0.364 0.077 0.99 0.651 1.789 152 4.106 168.027 0.693 0
43630 9 1 6 1 0.015 0.364 0.077 0.99 0.651 2.189 161 4.86 185.607 0.567 0
43630 10 1 6 1 0.015 0.364 0.077 0.99 0.651 0.1 131 0.707 135.333 1 0
43630 1 1 6 1 0.08 0.384 0.094 0.938 0.724 0.498 134 4 173.62 0.573 0
43630 2 1 6 1 0.08 0.384 0.094 0.938 0.724 0 8 0.231 9.293 1 0.487
43630 3 1 6 1 0.08 0.384 0.094 0.938 0.724 1.293 153 2.837 173.487 0.96 0
43630 4 1 6 1 0.08 0.384 0.094 0.938 0.724 1.294 147 3.296 164.533 0.833 0
43630 5 1 6 1 0.08 0.384 0.094 0.938 0.724 0.995 149 3.988 183.04 0.64 0
43630 6 1 6 1 0.08 0.384 0.094 0.938 0.724 0 22 0.159 23.407 1 0
43630 7 1 6 1 0.08 0.384 0.094 0.938 0.724 2.189 142 3.644 158.82 0.98 0
43630 8 1 6 1 0.08 0.384 0.094 0.938 0.724 1.243 134 2.965 155.44 0.987 0
43630 9 1 6 1 0.08 0.384 0.094 0.938 0.724 2.585 171 4.325 193.853 0.707 0
43630 10 1 6 1 0.08 0.384 0.094 0.938 0.724 1.94 116 4.01 141.36 0.78 0
43630 1 1 6 1 0.102 0.266 0.382 0.788 0.898 0 12 0.22 14.773 1 0
43630 2 1 6 1 0.102 0.266 0.382 0.788 0.898 0 13 0.086 13 1 0
43630 3 1 6 1 0.102 0.266 0.382 0.788 0.898 0.547 94 2.205 111.48 1 0
43630 4 1 6 1 0.102 0.266 0.382 0.788 0.898 0.1 28 0.451 30.387 1 0
43630 5 1 6 1 0.102 0.266 0.382 0.788 0.898 1.194 111 2.03 124.08 1 0
43630 6 1 6 1 0.102 0.266 0.382 0.788 0.898 0.647 88 1.666 95.667 1 0
43630 7 1 6 1 0.102 0.266 0.382 0.788 0.898 0 13 0.151 13.167 1 0
43630 8 1 6 1 0.102 0.266 0.382 0.788 0.898 0 6 0.15 6.96 1 1
43630 9 1 6 1 0.102 0.266 0.382 0.788 0.898 1.193 100 2.161 109.113 1 0
43630 10 1 6 1 0.102 0.266 0.382 0.788 0.898 0 14 0.012 14 1 0
43630 1 1 6 1 0.044 0.242 0.035 0.912 0.258 245.249 2811 248.37 3003.1 0 0
43630 2 1 6 1 0.044 0.242 0.035 0.912 0.258 247.649 4584 249.436 4965.393 0 0
43630 3 1 6 1 0.044 0.242 0.035 0.912 0.258 246.575 3470 249.079 3771.607 0 0
43630 1 2 6 0 0.08 0.002 0.427 0.971 0.259 1.741 77 4.007 102.167 0.767 0
43630 2 2 6 0 0.08 0.002 0.427 0.971 0.259 1.443 93 2.602 116.34 1 0
43630 3 2 6 0 0.08 0.002 0.427 0.971 0.259 1.293 102 2.964 118.5 1 0
43630 4 2 6 0 0.08 0.002 0.427 0.971 0.259 1.492 98 2.561 107.833 1 0
43630 5 2 6 0 0.08 0.002 0.427 0.971 0.259 1.889 97 3.282 122.453 0.987 0
43630 6 2 6 0 0.08 0.002 0.427 0.971 0.259 0.845 109 2.07 126.54 1 0
43630 7 2 6 0 0.08 0.002 0.427 0.971 0.259 0.896 103 2.906 122.353 0.993 0
43630 8 2 6 0 0.08 0.002 0.427 0.971 0.259 1.342 108 2.383 134.047 1 0
43630 9 2 6 0 0.08 0.002 0.427 0.971 0.259 1.839 94 3.053 111.167 1 0
43630 10 2 6 0 0.08 0.002 0.427 0.971 0.259 1.392 106 2.83 131.173 1 0
43630 1 2 6 0 0.045 0.46 0.28 0.847 0.932 1.193 107 2.653 120.88 1 0
43630 2 2 6 0 0.045 0.46 0.28 0.847 0.932 1.244 118 2.508 135.96 1 0
43630 3 2 6 0 0.045 0.46 0.28 0.847 0.932 0.896 84 2.467 110.02 1 0
43630 4 2 6 0 0.045 0.46 0.28 0.847 0.932 2.585 85 4.055 104.207 0.907 0
43630 5 2 6 0 0.045 0.46 0.28 0.847 0.932 0.796 110 3.127 126.253 0.967 0
43630 6 2 6 0 0.045 0.46 0.28 0.847 0.932 1.492 101 3.035 131.893 0.98 0
43630 7 2 6 0 0.045 0.46 0.28 0.847 0.932 0.895 84 2.073 101.94 1 0
43630 8 2 6 0 0.045 0.46 0.28 0.847 0.932 1.442 110 2.714 124.12 1 0
43630 9 2 6 0 0.045 0.46 0.28 0.847 0.932 1.044 113 3.313 134.227 0.987 0
43630 10 2 6 0 0.045 0.46 0.28 0.847 0.932 1.293 112 2.353 127.407 1 0
43630 1 2 6 0 0.042 0.244 0.455 0.961 0.779 0.945 99 2.629 125.693 1 0
43630 2 2 6 0 0.042 0.244 0.455 0.961 0.779 1.144 112 2.434 140.553 1 0
43630 3 2 6 0 0.042 0.244 0.455 0.961 0.779 1.393 115 3.042 136.373 1 0
43630 4 2 6 0 0.042 0.244 0.455 0.961 0.779 1.143 94 2.552 110.633 1 0
43630 5 2 6 0 0.042 0.244 0.455 0.961 0.779 1.243 105 2.847 126.007 1 0
43630 6 2 6 0 0.042 0.244 0.455 0.961 0.779 1.143 86 2.123 107.087 1 0
43630 7 2 6 0 0.042 0.244 0.455 0.961 0.779 0.846 114 2.508 129.9 1 0
43630 8 2 6 0 0.042 0.244 0.455 0.961 0.779 0.995 93 2.58 113.187 1 0
43630 9 2 6 0 0.042 0.244 0.455 0.961 0.779 1.987 95 2.76 114.087 1 0
43630 10 2 6 0 0.042 0.244 0.455 0.961 0.779 1.292 112 2.559 125.38 1 0
43630 1 2 6 0 0.08 0.348 0.159 0.968 0.707 1.79 108 4.038 135.647 0.86 0
43630 2 2 6 0 0.08 0.348 0.159 0.968 0.707 1.99 105 3.918 128.453 0.84 0
43630 3 2 6 0 0.08 0.348 0.159 0.968 0.707 2.379 134 3.757 160.68 0.96 0
43630 4 2 6 0 0.08 0.348 0.159 0.968 0.707 2.139 106 3.77 124.313 0.893 0
43630 5 2 6 0 0.08 0.348 0.159 0.968 0.707 2.328 120 3.999 142.587 0.867 0
43630 6 2 6 0 0.08 0.348 0.159 0.968 0.707 1.89 96 3.635 117.167 1 0
43630 7 2 6 0 0.08 0.348 0.159 0.968 0.707 1.791 119 3.619 139.547 0.827 0
43630 8 2 6 0 0.08 0.348 0.159 0.968 0.707 2.038 119 3.7 141.28 0.94 0
43630 9 2 6 0 0.08 0.348 0.159 0.968 0.707 2.586 118 4.979 142.84 0.473 0
43630 10 2 6 0 0.08 0.348 0.159 0.968 0.707 1.144 127 3.054 150.633 0.92 0
43630 1 2 6 0 0.005 0.495 0.431 0.971 0.732 0.746 82 2.084 105.32 1 0
43630 2 2 6 0 0.005 0.495 0.431 0.971 0.732 0.845 114 2.141 127.72 1 0
43630 3 2 6 0 0.005 0.495 0.431 0.971 0.732 1.243 98 2.428 120.24 1 0
43630 4 2 6 0 0.005 0.495 0.431 0.971 0.732 1.241 100 2.837 118.867 1 0
43630 5 2 6 0 0.005 0.495 0.431 0.971 0.732 0.895 91 3.252 116.653 0.873 0
43630 6 2 6 0 0.005 0.495 0.431 0.971 0.732 2.636 102 3.958 125.407 0.947 0
43630 7 2 6 0 0.005 0.495 0.431 0.971 0.732 0.647 111 2.634 124.727 0.993 0
43630 8 2 6 0 0.005 0.495 0.431 0.971 0.732 1.442 107 2.537 123.373 1 0
43630 9 2 6 0 0.005 0.495 0.431 0.971 0.732 1.541 109 3.536 128.007 0.78 0
43630 10 2 6 0 0.005 0.495 0.431 0.971 0.732 1.341 121 3.023 138.933 1 0
43630 1 2 6 0 0.117 0.252 0.171 0.855 0.763 1.642 113 2.843 129.373 1 0
43630 2 2 6 0 0.117 0.252 0.171 0.855 0.763 1.044 102 2.075 121.553 1 0
43630 3 2 6 0 0.117 0.252 0.171 0.855 0.763 1.791 75 2.823 98.94 1 0
43630 4 2 6 0 0.117 0.252 0.171 0.855 0.763 0.796 102 2.143 127.247 1 0
43630 5 2 6 0 0.117 0.252 0.171 0.855 0.763 1.343 112 2.683 134.987 1 0
43630 6 2 6 0 0.117 0.252 0.171 0.855 0.763 0.597 98 2.533 124.693 0.953 0
43630 7 2 6 0 0.117 0.252 0.171 0.855 0.763 0.796 107 2.228 126.06 1 0
43630 8 2 6 0 0.117 0.252 0.171 0.855 0.763 0.994 97 2.442 116.367 1 0
43630 9 2 6 0 0.117 0.252 0.171 0.855 0.763 0.547 86 2.712 109.427 0.94 0
43630 10 2 6 0 0.117 0.252 0.171 0.855 0.763 1.293 98 2.777 118.8 1 0
43630 1 2 6 0 0.004 0.387 0.452 0.761 0.566 1.838 103 3.637 116.42 0.96 0
43630 2 2 6 0 0.004 0.387 0.452 0.761 0.566 1.045 109 2.84 126.3 1 0
43630 3 2 6 0 0.004 0.387 0.452 0.761 0.566 1.791 73 3.365 99.587 0.993 0
43630 4 2 6 0 0.004 0.387 0.452 0.761 0.566 0.746 96 2.966 114.833 1 0
43630 5 2 6 0 0.004 0.387 0.452 0.761 0.566 1.592 113 3.815 134.36 0.847 0
43630 6 2 6 0 0.004 0.387 0.452 0.761 0.566 0.299 91 2.452 112.247 1 0
43630 7 2 6 0 0.004 0.387 0.452 0.761 0.566 1.492 114 2.642 127.62 1 0
43630 8 2 6 0 0.004 0.387 0.452 0.761 0.566 0.597 95 2.848 124.507 1 0
43630 9 2 6 0 0.004 0.387 0.452 0.761 0.566 0.896 101 2.259 113.72 1 0
43630 10 2 6 0 0.004 0.387 0.452 0.761 0.566 1.144 129 2.767 140.147 1 0
43630 1 2 6 0 0.099 0.286 0.177 0.86 0.861 1.541 93 3.178 108.94 1 0
43630 2 2 6 0 0.099 0.286 0.177 0.86 0.861 1.194 112 2.467 122.033 1 0
43630 3 2 6 0 0.099 0.286 0.177 0.86 0.861 1.493 97 2.913 118.867 1 0
43630 4 2 6 0 0.099 0.286 0.177 0.86 0.861 0.845 95 2.215 115.273 1 0
43630 5 2 6 0 0.099 0.286 0.177 0.86 0.861 1.492 114 2.677 128.593 1 0
43630 6 2 6 0 0.099 0.286 0.177 0.86 0.861 1.194 90 2.18 119 1 0
43630 7 2 6 0 0.099 0.286 0.177 0.86 0.861 0.895 90 2.54 114.627 1 0
43630 8 2 6 0 0.099 0.286 0.177 0.86 0.861 1.044 109 2.392 126.033 1 0
43630 9 2 6 0 0.099 0.286 0.177 0.86 0.861 1.442 91 3.325 123.393 0.94 0
43630 10 2 6 0 0.099 0.286 0.177 0.86 0.861 1.392 111 3.309 134.467 1 0
43630 1 2 6 0 0.109 0.131 0.495 0.77 0.252 1.244 91 2.619 105.767 1 0
43630 1 1 9 1 0.105 0.269 0.446 0.849 0.397 0 16 0.062 16.6 1 0
43630 2 1 9 1 0.105 0.269 0.446 0.849 0.397 0 9 0.239 9.753 1 0.247
43630 3 1 9 1 0.105 0.269 0.446 0.849 0.397 0.1 20 0.199 22.393 1 0
43630 4 1 9 1 0.105 0.269 0.446 0.849 0.397 0 7 0.084 7.727 1 1
43630 5 1 9 1 0.105 0.269 0.446 0.849 0.397 0 12 0.076 12.047 1 0
43630 6 1 9 1 0.105 0.269 0.446 0.849 0.397 0 13 0.053 14.407 1 0
43630 7 1 9 1 0.105 0.269 0.446 0.849 0.397 0 16 0.224 16.353 1 0
43630 8 1 9 1 0.105 0.269 0.446 0.849 0.397 0 8 0.22 8.187 1 0.913
43630 9 1 9 1 0.105 0.269 0.446 0.849 0.397 0 11 0.081 11 1 0
43630 10 1 9 1 0.105 0.269 0.446 0.849 0.397 0.05 20 0.205 20 1 0
43630 1 1 9 1 0.063 0.257 0.244 0.864 0.49 1.74 109 3.319 130.833 1 0
43630 2 1 9 1 0.063 0.257 0.244 0.864 0.49 2.18 115 4.666 131.18 0.633 0
43630 3 1 9 1 0.063 0.257 0.244 0.864 0.49 0.995 125 2.577 141.407 0.993 0
43630 4 1 9 1 0.063 0.257 0.244 0.864 0.49 0.05 16 0.441 18.253 1 0
43630 5 1 9 1 0.063 0.257 0.244 0.864 0.49 0.945 134 2.673 151.133 0.993 0
43630 6 1 9 1 0.063 0.257 0.244 0.864 0.49 1.094 110 3.482 129.853 0.887 0
43630 7 1 9 1 0.063 0.257 0.244 0.864 0.49 2.124 122 3.302 139.827 1 0
43630 8 1 9 1 0.063 0.257 0.244 0.864 0.49 0 23 0.149 23.22 1 0
43630 9 1 9 1 0.063 0.257 0.244 0.864 0.49 1.095 94 2.371 109.38 1 0
43630 10 1 9 1 0.063 0.257 0.244 0.864 0.49 0.05 9 0.137 9 1 1
43630 1 1 9 1 0.103 0.253 0.299 0.863 0.941 0 15 0.085 15.567 1 0
43630 2 1 9 1 0.103 0.253 0.299 0.863 0.941 0 9 0.098 9 1 1
43630 3 1 9 1 0.103 0.253 0.299 0.863 0.941 0 11 0.071 11 1 0
43630 4 1 9 1 0.103 0.253 0.299 0.863 0.941 0 6 0.064 6 1 1
43630 5 1 9 1 0.103 0.253 0.299 0.863 0.941 0 9 0 9 1 1
43630 6 1 9 1 0.103 0.253 0.299 0.863 0.941 0 6 0.032 6 1 1
43630 7 1 9 1 0.103 0.253 0.299 0.863 0.941 0 10 0.092 11.96 1 0
43630 8 1 9 1 0.103 0.253 0.299 0.863 0.941 0.199 71 0.834 80.867 1 0
43630 9 1 9 1 0.103 0.253 0.299 0.863 0.941 0 13 0.105 13 1 0
43630 10 1 9 1 0.103 0.253 0.299 0.863 0.941 0 7 0.037 7 1 1
43630 1 1 9 1 0.109 0.006 0.295 0.914 0.165 0 14 0.216 14 1 0
43630 2 1 9 1 0.109 0.006 0.295 0.914 0.165 0 14 0.04 15.42 1 0
43630 3 1 9 1 0.109 0.006 0.295 0.914 0.165 0 5 0.037 5 1 1
43630 4 1 9 1 0.109 0.006 0.295 0.914 0.165 0.1 13 0.396 14.707 1 0
43630 5 1 9 1 0.109 0.006 0.295 0.914 0.165 0 9 0.058 9 1 1
43630 6 1 9 1 0.109 0.006 0.295 0.914 0.165 0 9 0.144 9 1 1
43630 7 1 9 1 0.109 0.006 0.295 0.914 0.165 0 7 0.032 7 1 1
43630 8 1 9 1 0.109 0.006 0.295 0.914 0.165 0.05 8 0.253 9.027 1 0.493
43630 9 1 9 1 0.109 0.006 0.295 0.914 0.165 0 20 0.078 20 1 0
43630 10 1 9 1 0.109 0.006 0.295 0.914 0.165 0 12 0.129 12.933 1 0
43630 1 1 9 1 0.014 0.348 0.32 0.859 0.914 0 10 0.102 10.5 1 0
43630 2 1 9 1 0.014 0.348 0.32 0.859 0.914 0 13 0.012 13 1 0
43630 3 1 9 1 0.014 0.348 0.32 0.859 0.914 0 11 0.189 13.167 1 0
43630 4 1 9 1 0.014 0.348 0.32 0.859 0.914 0 14 0.217 14.847 1 0
43630 5 1 9 1 0.014 0.348 0.32 0.859 0.914 0 14 0.194 14.367 1 0
43630 6 1 9 1 0.014 0.348 0.32 0.859 0.914 0 14 0.069 14 1 0
43630 7 1 9 1 0.014 0.348 0.32 0.859 0.914 0 7 0.017 7 1 1
43630 8 1 9 1 0.014 0.348 0.32 0.859 0.914 0 10 0.093 10 1 0
43630 9 1 9 1 0.014 0.348 0.32 0.859 0.914 0 7 0.214 8.053 1 1
43630 10 1 9 1 0.014 0.348 0.32 0.859 0.914 0 6 0.086 6 1 1
43630 1 1 9 1 0.023 0.337 0.354 0.762 0.423 1.242 110 2.65 121.28 1 0
43630 2 1 9 1 0.023 0.337 0.354 0.762 0.423 0 11 0.094 11 1 0
43630 3 1 9 1 0.023 0.337 0.354 0.762 0.423 1.791 119 2.936 129.76 1 0
43630 4 1 9 1 0.023 0.337 0.354 0.762 0.423 1.343 118 2.565 142.36 1 0
43630 5 1 9 1 0.023 0.337 0.354 0.762 0.423 1.095 107 2.122 115.727 1 0
43630 6 1 9 1 0.023 0.337 0.354 0.762 0.423 0.995 126 2.049 139.313 1 0
43630 7 1 9 1 0.023 0.337 0.354 0.762 0.423 0.895 96 2.706 105.807 0.987 0
43630 8 1 9 1 0.023 0.337 0.354 0.762 0.423 1.492 119 2.854 136.093 1 0
43630 9 1 9 1 0.023 0.337 0.354 0.762 0.423 1.193 129 3.202 146.14 1 0
43630 10 1 9 1 0.023 0.337 0.354 0.762 0.423 0.746 131 1.931 143.733 1 0
43630 1 1 9 1 0.113 0.496 0.439 0.833 0.168 80.832 204 88.026 265.507 0 0
43630 2 1 9 1 0.113 0.496 0.439 0.833 0.168 66.98 197 73.261 257.073 0 0
43630 3 1 9 1 0.113 0.496 0.439 0.833 0.168 88.609 193 95.319 292.153 0 0
43630 4 1 9 1 0.113 0.496 0.439 0.833 0.168 0 15 0.057 15 1 0
43630 5 1 9 1 0.113 0.496 0.439 0.833 0.168 97.503 199 102.062 265.233 0 0
43630 6 1 9 1 0.113 0.496 0.439 0.833 0.168 78.897 143 84.637 184.333 0 0
43630 7 1 9 1 0.113 0.496 0.439 0.833 0.168 74.643 177 82.263 236.667 0 0
43630 8 1 9 1 0.113 0.496 0.439 0.833 0.168 3.806 108 11.794 168 0.233 0
43630 9 1 9 1 0.113 0.496 0.439 0.833 0.168 80.066 127 92.446 201.213 0 0
43630 10 1 9 1 0.113 0.496 0.439 0.833 0.168 25.698 182 36.675 252.327 0 0
43630 1 1 9 1 0.083 0.302 0.103 0.979 0.362 209.698 471 214.915 545.253 0 0
43630 2 1 9 1 0.083 0.302 0.103 0.979 0.362 207.123 522 214.969 645.253 0 0
43630 3 1 9 1 0.083 0.302 0.103 0.979 0.362 217.446 454 221.392 587.847 0 0
43630 4 1 9 1 0.083 0.302 0.103 0.979 0.362 193.748 426 197.957 552.153 0 0
43630 5 1 9 1 0.083 0.302 0.103 0.979 0.362 0 1 0.173 1 1 1
43630 6 1 9 1 0.083 0.302 0.103 0.979 0.362 180.576 355 188.224 507.42 0 0
43630 7 1 9 1 0.083 0.302 0.103 0.979 0.362 188.824 376 195.773 489.32 0 0
43630 8 1 9 1 0.083 0.302 0.103 0.979 0.362 0 5 0.087 5 1 1
43630 9 1 9 1 0.083 0.302 0.103 0.979 0.362 196.185 346 204.178 453.16 0 0
43630 10 1 9 1 0.083 0.302 0.103 0.979 0.362 0 9 0.001 9 1 1
43630 1 2 5 0 0.061 0.313 0.189 0.792 0.015 249.739 22640 249.993 24063.047 0 0
43630 2 2 5 0 0.061 0.313 0.189 0.792 0.015 249.565 24293 249.976 32481.893 0 0
43630 3 2 5 0 0.061 0.313 0.189 0.792 0.015 249.646 17003 249.975 18820.033 0 0
43630 4 2 5 0 0.061 0.313 0.189 0.792 0.015 249.987 33941 250 36849.887 0 0
43630 5 2 5 0 0.061 0.313 0.189 0.792 0.015 249.865 30089 249.998 30956.187 0 0
43630 6 2 5 0 0.061 0.313 0.189 0.792 0.015 250 39728 250 43818.64 0 0
43630 7 2 5 0 0.061 0.313 0.189 0.792 0.015 249.865 23062 249.995 25117.747 0 0
43630 8 2 5 0 0.061 0.313 0.189 0.792 0.015 249.947 25215 250 29716.213 0 0
43630 9 2 5 0 0.061 0.313 0.189 0.792 0.015 250 31899 250 33837.433 0 0
43630 10 2 5 0 0.061 0.313 0.189 0.792 0.015 249.865 33439 249.999 36691.767 0 0
43630 1 2 5 0 0.015 0.478 0.41 0.824 0.422 1.989 82 3.337 105.56 0.973 0
43630 2 2 5 0 0.015 0.478 0.41 0.824 0.422 1.592 99 3.429 123.033 0.92 0
43630 3 2 5 0 0.015 0.478 0.41 0.824 0.422 2.237 105 4.053 135.633 0.82 0
43630 4 2 5 0 0.015 0.478 0.41 0.824 0.422 1.29 115 2.716 137.127 1 0
43630 5 2 5 0 0.015 0.478 0.41 0.824 0.422 0.895 119 2.948 142.573 0.993 0
43630 6 2 5 0 0.015 0.478 0.41 0.824 0.422 0.746 82 2.098 100.44 0.967 0
43630 7 2 5 0 0.015 0.478 0.41 0.824 0.422 1.343 91 3.524 113.36 0.907 0
43630 8 2 5 0 0.015 0.478 0.41 0.824 0.422 3.05 88 4.471 113.44 0.76 0
43630 9 2 5 0 0.015 0.478 0.41 0.824 0.422 2.579 127 4.835 150.227 0.6 0
43630 10 2 5 0 0.015 0.478 0.41 0.824 0.422 2.63 104 4.84 124.827 0.493 0
43630 1 2 5 0 0.011 0.446 0.407 0.843 0.433 1.194 120 3.044 137.747 0.927 0
43630 2 2 5 0 0.011 0.446 0.407 0.843 0.433 2.089 92 4.046 112.36 0.853 0
43630 3 2 5 0 0.011 0.446 0.407 0.843 0.433 1.739 109 3.858 133.24 0.86 0
43630 4 2 5 0 0.011 0.446 0.407 0.843 0.433 1.039 103 3.617 125.147 0.867 0
43630 5 2 5 0 0.011 0.446 0.407 0.843 0.433 2.188 105 3.503 124 0.92 0
43630 6 2 5 0 0.011 0.446 0.407 0.843 0.433 2.082 120 3.907 133.247 0.94 0
43630 7 2 5 0 0.011 0.446 0.407 0.843 0.433 1.739 105 4.338 125.96 0.68 0
43630 8 2 5 0 0.011 0.446 0.407 0.843 0.433 0.945 97 3.119 121.28 1 0
43630 9 2 5 0 0.011 0.446 0.407 0.843 0.433 1.044 87 2.883 111.933 0.9 0
43630 10 2 5 0 0.011 0.446 0.407 0.843 0.433 1.884 88 4.534 114.513 0.64 0
43630 1 2 5 0 0.068 0.093 0.064 0.869 0.485 27.659 87 37.037 149.547 0 0
43630 2 2 5 0 0.068 0.093 0.064 0.869 0.485 40.31 122 43.221 167.44 0 0
43630 3 2 5 0 0.068 0.093 0.064 0.869 0.485 45.871 111 52.343 183.873 0 0
43630 4 2 5 0 0.068 0.093 0.064 0.869 0.485 0.896 93 3.271 122.96 0.873 0
43630 5 2 5 0 0.068 0.093 0.064 0.869 0.485 19.168 69 24.272 107.68 0 0
43630 6 2 5 0 0.068 0.093 0.064 0.869 0.485 35.961 100 44.315 186.433 0 0
43630 7 2 5 0 0.068 0.093 0.064 0.869 0.485 21.074 87 29.928 150.9 0 0
43630 8 2 5 0 0.068 0.093 0.064 0.869 0.485 45.173 59 50.152 156.84 0 0
43630 9 2 5 0 0.068 0.093 0.064 0.869 0.485 36.63 92 42.348 163.027 0 0
43630 10 2 5 0 0.068 0.093 0.064 0.869 0.485 14.499 79 19.73 114.88 0 0
43630 1 2 5 0 0.105 0.402 0.402 0.758 0.348 5.783 90 8.408 124.86 0 0
43630 2 2 5 0 0.105 0.402 0.402 0.758 0.348 4.184 111 7.938 137.327 0.04 0
43630 3 2 5 0 0.105 0.402 0.402 0.758 0.348 7.042 126 9.295 150.787 0 0
43630 1 2 7 1 0.098 0.461 0.179 0.846 0.719 1.194 130 2.859 152.073 0.9 0
43630 2 2 7 1 0.098 0.461 0.179 0.846 0.719 2.237 105 3.961 131.48 0.84 0
43630 3 2 7 1 0.098 0.461 0.179 0.846 0.719 2.984 125 4.522 143.18 0.753 0
43630 4 2 7 1 0.098 0.461 0.179 0.846 0.719 1.641 126 3.558 139.547 0.907 0
43630 5 2 7 1 0.098 0.461 0.179 0.846 0.719 1.492 123 3.353 150.267 0.88 0
43630 6 2 7 1 0.098 0.461 0.179 0.846 0.719 3.431 109 5.723 138.26 0.253 0
43630 7 2 7 1 0.098 0.461 0.179 0.846 0.719 2.528 125 4.933 139.7 0.447 0
43630 8 2 7 1 0.098 0.461 0.179 0.846 0.719 1.442 134 3.169 150.247 0.847 0
43630 9 2 7 1 0.098 0.461 0.179 0.846 0.719 0.398 104 1.495 114.473 1 0
43630 10 2 7 1 0.098 0.461 0.179 0.846 0.719 1.741 147 3.434 162.833 0.92 0
43630 1 2 7 1 0.108 0.307 0.412 0.902 0.02 246.392 1748 248.852 2244.22 0 0
43630 2 2 7 1 0.108 0.307 0.412 0.902 0.02 246.347 2134 248.846 2378.553 0 0
43630 3 2 7 1 0.108 0.307 0.412 0.902 0.02 245.667 1785 248.847 1986.867 0 0
43630 4 2 7 1 0.108 0.307 0.412 0.902 0.02 245.778 2177 248.842 2523.933 0 0
43630 5 2 7 1 0.108 0.307 0.412 0.902 0.02 246.014 1917 248.836 2248.893 0 0
43630 6 2 7 1 0.108 0.307 0.412 0.902 0.02 246.615 1879 249.071 2290.733 0 0
43630 7 2 7 1 0.108 0.307 0.412 0.902 0.02 246.322 1808 248.862 2125.973 0 0
43630 8 2 7 1 0.108 0.307 0.412 0.902 0.02 246.121 1713 248.51 2023.647 0 0
43630 9 2 7 1 0.108 0.307 0.412 0.902 0.02 246.791 1860 249.04 2094.327 0 0
43630 10 2 7 1 0.108 0.307 0.412 0.902 0.02 244.833 1668 248.353 2006.847 0 0
43630 1 2 7 1 0.109 0.279 0.236 0.945 0.967 1.244 93 2.887 114.86 0.987 0
43630 2 2 7 1 0.109 0.279 0.236 0.945 0.967 1.342 83 2.401 98.913 1 0
43630 3 2 7 1 0.109 0.279 0.236 0.945 0.967 1.542 96 2.82 116.88 1 0
43630 4 2 7 1 0.109 0.279 0.236 0.945 0.967 0.547 85 2.38 104.06 1 0
43630 5 2 7 1 0.109 0.279 0.236 0.945 0.967 1.293 106 2.495 123.153 1 0
43630 6 2 7 1 0.109 0.279 0.236 0.945 0.967 0.995 101 2.332 114.88 1 0
43630 7 2 7 1 0.109 0.279 0.236 0.945 0.967 1.442 93 3.239 116.273 1 0
43630 8 2 7 1 0.109 0.279 0.236 0.945 0.967 1.491 90 2.918 111.18 1 0
43630 9 2 7 1 0.109 0.279 0.236 0.945 0.967 0.945 111 2.318 132.38 1 0
43630 10 2 7 1 0.109 0.279 0.236 0.945 0.967 0.978 98 2.788 114.893 0.913 0
43630 1 2 7 1 0.038 0.226 0.499 0.76 0.129 49.492 164 54.563 212.94 0 0
43630 2 2 7 1 0.038 0.226 0.499 0.76 0.129 33.232 71 38.225 129.32 0 0
43630 3 2 7 1 0.038 0.226 0.499 0.76 0.129 42.765 152 49.743 215.96 0 0
43630 4 2 7 1 0.038 0.226 0.499 0.76 0.129 4.336 90 8.5 129.793 0.093 0
43630 5 2 7 1 0.038 0.226 0.499 0.76 0.129 3.055 67 6.086 89.253 0.353 0
43630 6 2 7 1 0.038 0.226 0.499 0.76 0.129 35.369 78 43.057 148.407 0 0
43630 7 2 7 1 0.038 0.226 0.499 0.76 0.129 40.216 114 52.348 194.213 0 0
43630 8 2 7 1 0.038 0.226 0.499 0.76 0.129 17.148 76 25.005 130.7 0 0
43630 9 2 7 1 0.038 0.226 0.499 0.76 0.129 31.558 132 38.101 184.813 0 0
43630 10 2 7 1 0.038 0.226 0.499 0.76 0.129 35.174 158 39.295 207.8 0 0
43630 1 2 7 1 0.04 0.486 0.269 0.952 0.37 81.182 122 86.642 195.047 0 0
43630 2 2 7 1 0.04 0.486 0.269 0.952 0.37 79.308 126 89.748 206.153 0 0
43630 3 2 7 1 0.04 0.486 0.269 0.952 0.37 67.522 136 78.282 181.027 0 0
43630 4 2 7 1 0.04 0.486 0.269 0.952 0.37 90.368 155 94.629 224.92 0 0
43630 5 2 7 1 0.04 0.486 0.269 0.952 0.37 87.203 151 91.904 232.413 0 0
43630 6 2 7 1 0.04 0.486 0.269 0.952 0.37 81.888 163 87.849 211.62 0 0
43630 7 2 7 1 0.04 0.486 0.269 0.952 0.37 91.295 207 100.238 273.06 0 0
43630 8 2 7 1 0.04 0.486 0.269 0.952 0.37 106.628 215 112.554 341.773 0 0
43630 9 2 7 1 0.04 0.486 0.269 0.952 0.37 63.081 99 70.645 162.173 0 0
43630 10 2 7 1 0.04 0.486 0.269 0.952 0.37 66.53 140 73.108 217.307 0 0
43630 1 2 7 1 0.039 0.389 0.288 0.87 0.203 232.069 518 239.359 616.867 0 0
43630 2 2 7 1 0.039 0.389 0.288 0.87 0.203 236.053 503 241.941 610.7 0 0
43630 3 2 7 1 0.039 0.389 0.288 0.87 0.203 235.67 521 242.437 659.587 0 0
43630 4 2 7 1 0.039 0.389 0.288 0.87 0.203 196.916 415 208.181 518.187 0 0
43630 5 2 7 1 0.039 0.389 0.288 0.87 0.203 220.974 415 226.926 559.44 0 0
43630 6 2 7 1 0.039 0.389 0.288 0.87 0.203 233.431 511 239.959 680.06 0 0
43630 7 2 7 1 0.039 0.389 0.288 0.87 0.203 229.163 501 237.492 602.713 0 0
43630 8 2 7 1 0.039 0.389 0.288 0.87 0.203 236.381 476 243.93 641.453 0 0
43630 9 2 7 1 0.039 0.389 0.288 0.87 0.203 234.609 473 240.645 622.9 0 0
43630 1 2 10 0 0.047 0.028 0.318 0.766 0.881 1.293 99 2.415 114.087 1 0
43630 2 2 10 0 0.047 0.028 0.318 0.766 0.881 1.094 63 2.27 82.1 1 0
43630 3 2 10 0 0.047 0.028 0.318 0.766 0.881 1.045 80 2.711 102.693 0.973 0
43630 4 2 10 0 0.047 0.028 0.318 0.766 0.881 0.1 63 0.395 63.773 1 0
43630 5 2 10 0 0.047 0.028 0.318 0.766 0.881 0.796 63 2.865 77.607 0.873 0
43630 6 2 10 0 0.047 0.028 0.318 0.766 0.881 0.398 85 1.903 108.08 1 0
43630 7 2 10 0 0.047 0.028 0.318 0.766 0.881 211.24 2 216.4 6.56 0 0.847
43630 8 2 10 0 0.047 0.028 0.318 0.766 0.881 26.411 36 30.911 48.98 0 0
43630 9 2 10 0 0.047 0.028 0.318 0.766 0.881 209.151 3 215.66 8.84 0 0.887
43630 10 2 10 0 0.047 0.028 0.318 0.766 0.881 209.751 0 224.629 6.647 0 0.82
43630 1 2 10 0 0.038 0.424 0.188 0.786 0.542 3.371 82 6.514 126.86 0.16 0
43630 2 2 10 0 0.038 0.424 0.188 0.786 0.542 2.336 78 5.218 121.767 0.52 0
43630 3 2 10 0 0.038 0.424 0.188 0.786 0.542 2.329 91 5.744 113.727 0.433 0
43630 4 2 10 0 0.038 0.424 0.188 0.786 0.542 0.746 66 4.442 96.527 0.66 0
43630 5 2 10 0 0.038 0.424 0.188 0.786 0.542 1.484 81 4.267 115.44 0.7 0
43630 6 2 10 0 0.038 0.424 0.188 0.786 0.542 4.532 60 6.263 92.727 0.067 0
43630 7 2 10 0 0.038 0.424 0.188 0.786 0.542 2.179 84 4.566 126.367 0.607 0
43630 8 2 10 0 0.038 0.424 0.188 0.786 0.542 2.087 105 4.193 138.413 0.74 0
43630 9 2 10 0 0.038 0.424 0.188 0.786 0.542 1.393 76 6.975 123.7 0.173 0
43630 10 2 10 0 0.038 0.424 0.188 0.786 0.542 2.485 113 5.416 139.987 0.44 0
43630 1 2 10 0 0.026 0.467 0.227 0.991 0.593 185.035 2 199.671 10.82 0 0.753
43630 2 2 10 0 0.026 0.467 0.227 0.991 0.593 0 16 0.144 16 1 0
43630 3 2 10 0 0.026 0.467 0.227 0.991 0.593 0.746 68 2.18 91.627 1 0
43630 4 2 10 0 0.026 0.467 0.227 0.991 0.593 2.833 87 4.267 104.847 0.92 0
43630 5 2 10 0 0.026 0.467 0.227 0.991 0.593 1.442 97 3.145 119.013 0.927 0
43630 6 2 10 0 0.026 0.467 0.227 0.991 0.593 195.132 0 203.887 7.813 0 0.727
43630 7 2 10 0 0.026 0.467 0.227 0.991 0.593 0.845 95 2.751 119.18 0.973 0
43630 8 2 10 0 0.026 0.467 0.227 0.991 0.593 1.932 88 3.118 108.04 0.947 0
43630 9 2 10 0 0.026 0.467 0.227 0.991 0.593 193.172 0 206.651 7.953 0 0.74
43630 10 2 10 0 0.026 0.467 0.227 0.991 0.593 187.641 2 200.057 10.86 0 0.727
43630 1 2 10 0 0.044 0.445 0.155 0.8 0.026 249.653 19801 249.994 26932.407 0 0
43630 2 2 10 0 0.044 0.445 0.155 0.8 0.026 249.338 13563 249.964 16642.527 0 0
43630 3 2 10 0 0.044 0.445 0.155 0.8 0.026 249.206 14321 249.92 15188.967 0 0
43630 4 2 10 0 0.044 0.445 0.155 0.8 0.026 250 25293 250 29514.913 0 0
43630 5 2 10 0 0.044 0.445 0.155 0.8 0.026 249.824 22299 249.998 27797.073 0 0
43630 6 2 10 0 0.044 0.445 0.155 0.8 0.026 249.217 15874 249.967 17522.667 0 0
43630 7 2 10 0 0.044 0.445 0.155 0.8 0.026 249.521 21597 249.99 23867.593 0 0
43630 8 2 10 0 0.044 0.445 0.155 0.8 0.026 249.61 17894 249.991 20031.88 0 0
43630 9 2 10 0 0.044 0.445 0.155 0.8 0.026 249.696 19037 249.992 20731.62 0 0
43630 10 2 10 0 0.044 0.445 0.155 0.8 0.026 250 28217 250 33509.8 0 0
43630 1 2 10 0 0.06 0.481 0.403 0.868 0.816 192.212 0 206.263 6.413 0 0.873
43630 2 2 10 0 0.06 0.481 0.403 0.868 0.816 212.111 2 224.101 8.76 0 0.867
43630 3 2 10 0 0.06 0.481 0.403 0.868 0.816 208.408 0 223.358 4.647 0 0.847
43630 4 2 10 0 0.06 0.481 0.403 0.868 0.816 199.798 1 222.582 4.493 0 0.9
43630 5 2 10 0 0.06 0.481 0.403 0.868 0.816 209.26 0 218.072 5.833 0 0.847
43630 6 2 10 0 0.06 0.481 0.403 0.868 0.816 214.908 0 225.332 4.513 0 0.873
43630 7 2 10 0 0.06 0.481 0.403 0.868 0.816 220.91 0 227.482 7.573 0 0.887
43630 8 2 10 0 0.06 0.481 0.403 0.868 0.816 215.305 0 224.582 5.147 0 0.84
43630 9 2 10 0 0.06 0.481 0.403 0.868 0.816 216.879 0 227.153 3.62 0 0.887
43630 10 2 10 0 0.06 0.481 0.403 0.868 0.816 1.029 78 2.225 96.587 1 0
43630 1 1 9 0 0.051 0.05 0.074 0.817 0.956 0 7 0.047 7 1 1
43630 2 1 9 0 0.051 0.05 0.074 0.817 0.956 0 9 0.02 9 1 1
43630 3 1 9 0 0.051 0.05 0.074 0.817 0.956 0 9 0.08 9 1 1
43630 4 1 9 0 0.051 0.05 0.074 0.817 0.956 0 13 0 13 1 0
43630 5 1 9 0 0.051 0.05 0.074 0.817 0.956 0 10 0.042 10 1 0
43630 6 1 9 0 0.051 0.05 0.074 0.817 0.956 0.05 21 0.233 21 1 0
43630 7 1 9 0 0.051 0.05 0.074 0.817 0.956 0 12 0.176 13.56 1 0
43630 8 1 9 0 0.051 0.05 0.074 0.817 0.956 0 8 0.108 8 1 1
43630 9 1 9 0 0.051 0.05 0.074 0.817 0.956 0 9 0.034 9.087 1 0.927
43630 10 1 9 0 0.051 0.05 0.074 0.817 0.956 0 10 0.115 10 1 0
43630 1 1 9 0 0.035 0.011 0.468 0.796 0.965 0 11 0.128 11.867 1 0
43630 2 1 9 0 0.035 0.011 0.468 0.796 0.965 0 14 0.105 14.88 1 0
43630 3 1 9 0 0.035 0.011 0.468 0.796 0.965 0 13 0.256 15.087 1 0
43630 4 1 9 0 0.035 0.011 0.468 0.796 0.965 0 12 0.089 12 1 0
43630 5 1 9 0 0.035 0.011 0.468 0.796 0.965 0 11 0.305 13.807 1 0
43630 6 1 9 0 0.035 0.011 0.468 0.796 0.965 0.05 20 0.256 21.053 1 0
43630 7 1 9 0 0.035 0.011 0.468 0.796 0.965 0 8 0.098 8 1 1
43630 8 1 9 0 0.035 0.011 0.468 0.796 0.965 0 7 0.027 7 1 1
43630 9 1 9 0 0.035 0.011 0.468 0.796 0.965 0 14 0.063 14 1 0
43630 10 1 9 0 0.035 0.011 0.468 0.796 0.965 0 8 0.147 8.993 1 1
43630 1 1 9 0 0.065 0.423 0.108 0.828 0.08 248.683 8454 249.671 9280.7 0 0
43630 2 1 9 0 0.065 0.423 0.108 0.828 0.08 247.502 6782 249.476 6980.52 0 0
43630 3 1 9 0 0.065 0.423 0.108 0.828 0.08 249.392 15270 249.952 16435.5 0 0
43630 4 1 9 0 0.065 0.423 0.108 0.828 0.08 248.626 9966 249.833 12071.407 0 0
43630 5 1 9 0 0.065 0.423 0.108 0.828 0.08 246.6 9622 249.573 10762.153 0 0
43630 6 1 9 0 0.065 0.423 0.108 0.828 0.08 248.949 10501 249.892 12530.227 0 0
43630 7 1 9 0 0.065 0.423 0.108 0.828 0.08 248.314 6737 249.497 7375.233 0 0
43630 8 1 9 0 0.065 0.423 0.108 0.828 0.08 249.382 12098 249.942 13432.607 0 0
43630 9 1 9 0 0.065 0.423 0.108 0.828 0.08 248.993 10252 249.771 10986.727 0 0
43630 10 1 9 0 0.065 0.423 0.108 0.828 0.08 248.936 11188 249.843 11972.38 0 0
43630 1 1 9 0 0.102 0.006 0.409 0.849 0.605 0 12 0.279 15.787 1 0
43630 2 1 9 0 0.102 0.006 0.409 0.849 0.605 0 4 0.002 4 1 1
43630 3 1 9 0 0.102 0.006 0.409 0.849 0.605 0 25 0.126 25.627 1 0
43630 4 1 9 0 0.102 0.006 0.409 0.849 0.605 0 11 0.041 11 1 0
43630 5 1 9 0 0.102 0.006 0.409 0.849 0.605 0 9 0.062 9 1 1
43630 6 1 9 0 0.102 0.006 0.409 0.849 0.605 0 10 0.03 10 1 0
43630 7 1 9 0 0.102 0.006 0.409 0.849 0.605 0 4 0 4 1 1
43630 8 1 9 0 0.102 0.006 0.409 0.849 0.605 0 5 0.12 5.42 1 1
43630 9 1 9 0 0.102 0.006 0.409 0.849 0.605 0 12 0.102 12.693 1 0
43630 10 1 9 0 0.102 0.006 0.409 0.849 0.605 0.05 18 0.248 18.56 1 0
43630 1 1 9 0 0.041 0.316 0.13 0.95 0.934 0.1 17 0.33 18.053 1 0
43630 2 1 9 0 0.041 0.316 0.13 0.95 0.934 0 18 0.053 18 1 0
43630 3 1 9 0 0.041 0.316 0.13 0.95 0.934 0 16 0.043 16 1 0
43630 4 1 9 0 0.041 0.316 0.13 0.95 0.934 0.05 14 0.233 14 1 0
43630 5 1 9 0 0.041 0.316 0.13 0.95 0.934 0 5 0.021 5 1 1
43630 6 1 9 0 0.041 0.316 0.13 0.95 0.934 0.1 33 0.232 33.107 1 0
43630 7 1 9 0 0.041 0.316 0.13 0.95 0.934 0 5 0.106 5 1 1
43630 8 1 9 0 0.041 0.316 0.13 0.95 0.934 0 9 0.067 9 1 1
43630 9 1 9 0 0.041 0.316 0.13 0.95 0.934 0 7 0.193 7 1 1
43630 10 1 9 0 0.041 0.316 0.13 0.95 0.934 0 11 0.165 11 1 0
43630 1 1 9 0 0.027 0.137 0.271 0.823 0.848 0 29 0.297 33.02 1 0
43630 2 1 9 0 0.027 0.137 0.271 0.823 0.848 0.1 31 0.35 34.373 1 0
43630 3 1 9 0 0.027 0.137 0.271 0.823 0.848 0 8 0.038 8 1 1
43630 4 1 9 0 0.027 0.137 0.271 0.823 0.848 0.199 82 0.813 84.593 1 0
43630 5 1 9 0 0.027 0.137 0.271 0.823 0.848 0 12 0.086 12 1 0
43630 6 1 9 0 0.027 0.137 0.271 0.823 0.848 0.1 17 0.377 18.84 1 0
43630 7 1 9 0 0.027 0.137 0.271 0.823 0.848 0 4 0.013 4 1 1
43630 8 1 9 0 0.027 0.137 0.271 0.823 0.848 0 14 0.045 14 1 0
43630 9 1 9 0 0.027 0.137 0.271 0.823 0.848 0.05 3 0.18 5.733 1 1
43630 10 1 9 0 0.027 0.137 0.271 0.823 0.848 0.05 14 0.185 16.327 1 0
43630 1 1 9 0 0.075 0.039 0.148 0.914 0.95 0 13 0.152 15.6 1 0
43630 2 1 9 0 0.075 0.039 0.148 0.914 0.95 0 6 0.006 6 1 1
43630 3 1 9 0 0.075 0.039 0.148 0.914 0.95 0 8 0.051 8 1 1
43630 4 1 9 0 0.075 0.039 0.148 0.914 0.95 0 11 0.192 11.88 1 0
43630 5 1 9 0 0.075 0.039 0.148 0.914 0.95 0 8 0.178 8 1 1
43630 6 1 9 0 0.075 0.039 0.148 0.914 0.95 0 5 0.094 5.827 1 1
43630 7 1 9 0 0.075 0.039 0.148 0.914 0.95 0 8 0.134 8.807 1 0.6
43630 8 1 9 0 0.075 0.039 0.148 0.914 0.95 0 6 0.053 6.493 1 1
43630 1 2 5 0 0.05 0.395 0.373 0.919 0.352 14.428 102 17.161 128.54 0 0
43630 2 2 5 0 0.05 0.395 0.373 0.919 0.352 11.228 87 15.766 116.793 0 0
43630 3 2 5 0 0.05 0.395 0.373 0.919 0.352 4.395 98 7.751 132.747 0.033 0
43630 4 2 5 0 0.05 0.395 0.373 0.919 0.352 13.541 112 17.288 148.873 0 0
43630 5 2 5 0 0.05 0.395 0.373 0.919 0.352 3.812 94 5.191 110.893 0.42 0
43630 6 2 5 0 0.05 0.395 0.373 0.919 0.352 3.443 119 5.563 139.4 0.353 0
43630 7 2 5 0 0.05 0.395 0.373 0.919 0.352 6.193 112 9.527 143.507 0 0
43630 8 2 5 0 0.05 0.395 0.373 0.919 0.352 2.336 92 4.173 121.42 0.8 0
43630 9 2 5 0 0.05 0.395 0.373 0.919 0.352 2.221 93 4.423 128.427 0.7 0
43630 10 2 5 0 0.05 0.395 0.373 0.919 0.352 3.577 93 5.802 114.507 0.3 0
43630 1 2 5 0 0.018 0.388 0.318 0.812 0.83 0.846 104 2.607 123.533 1 0
43630 2 2 5 0 0.018 0.388 0.318 0.812 0.83 1.343 100 2.698 123.38 1 0
43630 3 2 5 0 0.018 0.388 0.318 0.812 0.83 1.335 124 2.966 145.687 0.993 0
43630 4 2 5 0 0.018 0.388 0.318 0.812 0.83 1.492 112 2.999 125.86 1 0
43630 5 2 5 0 0.018 0.388 0.318 0.812 0.83 0.846 111 3.058 131.687 1 0
43630 6 2 5 0 0.018 0.388 0.318 0.812 0.83 1.442 124 2.822 143.167 1 0
43630 7 2 5 0 0.018 0.388 0.318 0.812 0.83 1.94 94 3.209 109.393 0.993 0
43630 8 2 5 0 0.018 0.388 0.318 0.812 0.83 1.641 97 3.322 123.387 1 0
43630 9 2 5 0 0.018 0.388 0.318 0.812 0.83 1.442 115 3.069 128.52 0.993 0
43630 10 2 5 0 0.018 0.388 0.318 0.812 0.83 2.188 95 3.182 118.573 1 0
43630 1 2 5 0 0.03 0.228 0.109 0.778 0.471 98.08 126 105.528 243.92 0 0
43630 2 2 5 0 0.03 0.228 0.109 0.778 0.471 97.473 120 102.092 221.853 0 0
43630 3 2 5 0 0.03 0.228 0.109 0.778 0.471 97.355 122 105.501 262.42 0 0
43630 4 2 5 0 0.03 0.228 0.109 0.778 0.471 100.781 138 112.331 269.02 0 0
43630 5 2 5 0 0.03 0.228 0.109 0.778 0.471 103.35 121 110.486 261.88 0 0
43630 6 2 5 0 0.03 0.228 0.109 0.778 0.471 84.741 57 91.989 231.473 0 0
43630 7 2 5 0 0.03 0.228 0.109 0.778 0.471 89.204 160 95.01 262.073 0 0
43630 8 2 5 0 0.03 0.228 0.109 0.778 0.471 88.441 134 97.122 205.193 0 0
43630 9 2 5 0 0.03 0.228 0.109 0.778 0.471 85.532 180 88.776 262.447 0 0
43630 10 2 5 0 0.03 0.228 0.109 0.778 0.471 74.047 125 83.01 255.047 0 0
43630 1 2 5 0 0.108 0.251 0.337 0.983 0.011 247.408 4278 249.56 4853.44 0 0
43630 2 2 5 0 0.108 0.251 0.337 0.983 0.011 247.255 3456 249.52 4311.52 0 0
43630 3 2 5 0 0.108 0.251 0.337 0.983 0.011 248.588 5122 249.733 5822.9 0 0
43630 4 2 5 0 0.108 0.251 0.337 0.983 0.011 247.099 3419 249.44 4146.147 0 0
43630 5 2 5 0 0.108 0.251 0.337 0.983 0.011 248.902 6150 249.777 6648.66 0 0
43630 6 2 5 0 0.108 0.251 0.337 0.983 0.011 248.455 5205 249.708 6058.567 0 0
43630 7 2 5 0 0.108 0.251 0.337 0.983 0.011 248.037 4228 249.667 5334.233 0 0
43630 8 2 5 0 0.108 0.251 0.337 0.983 0.011 247.275 4083 249.612 4944.3 0 0
43630 9 2 5 0 0.108 0.251 0.337 0.983 0.011 247.862 4235 249.573 4782.593 0 0
43630 10 2 5 0 0.108 0.251 0.337 0.983 0.011 246.742 4126 249.591 5662.2 0 0
43630 1 2 5 0 0.053 0.328 0.281 0.976 0.342 48.987 108 58.158 212.453 0 0
43630 2 2 5 0 0.053 0.328 0.281 0.976 0.342 83.305 128 90.045 250.653 0 0
43630 3 2 5 0 0.053 0.328 0.281 0.976 0.342 73.839 191 79.017 264.707 0 0
43630 4 2 5 0 0.053 0.328 0.281 0.976 0.342 63.462 138 71.715 232.487 0 0
43630 5 2 5 0 0.053 0.328 0.281 0.976 0.342 60.202 94 64.077 177.22 0 0
43630 6 2 5 0 0.053 0.328 0.281 0.976 0.342 60.672 97 66.556 174.72 0 0
43630 7 2 5 0 0.053 0.328 0.281 0.976 0.342 68.053 133 75.457 217.627 0 0
43630 8 2 5 0 0.053 0.328 0.281 0.976 0.342 56.621 86 62.538 180.013 0 0
43630 9 2 5 0 0.053 0.328 0.281 0.976 0.342 74.793 83 80.237 221.96 0 0
43630 10 2 5 0 0.053 0.328 0.281 0.976 0.342 66.635 134 75.761 220.267 0 0
43630 1 2 5 0 0.023 0.41 0.16 0.793 0.845 1.535 112 2.747 135.9 1 0
43630 2 2 5 0 0.023 0.41 0.16 0.793 0.845 1.194 88 2.992 113.94 1 0
43630 3 2 5 0 0.023 0.41 0.16 0.793 0.845 0.597 105 2.014 124.947 1 0
43630 4 2 5 0 0.023 0.41 0.16 0.793 0.845 0.746 103 2.395 122.793 1 0
43630 5 2 5 0 0.023 0.41 0.16 0.793 0.845 2.188 117 3.648 141.96 0.947 0
43630 6 2 5 0 0.023 0.41 0.16 0.793 0.845 0.547 122 2.135 135.713 1 0
43630 7 2 5 0 0.023 0.41 0.16 0.793 0.845 1.791 116 2.793 133.58 1 0
43630 8 2 5 0 0.023 0.41 0.16 0.793 0.845 1.393 83 2.994 107.66 0.96 0
43630 9 2 5 0 0.023 0.41 0.16 0.793 0.845 1.889 101 3.793 119.12 0.967 0
43630 10 2 5 0 0.023 0.41 0.16 0.793 0.845 1.242 105 2.402 129.587 1 0
43630 1 2 5 0 0.099 0.424 0.252 0.851 0.858 1.94 92 3.292 108.527 1 0
43630 2 2 5 0 0.099 0.424 0.252 0.851 0.858 1.54 118 2.721 139.247 1 0
43630 3 2 5 0 0.099 0.424 0.252 0.851 0.858 1.442 121 3.163 142.507 1 0
43630 4 2 5 0 0.099 0.424 0.252 0.851 0.858 1.492 113 2.709 127.753 1 0
43630 5 2 5 0 0.099 0.424 0.252 0.851 0.858 0.945 91 2.691 117.8 1 0
43630 6 2 5 0 0.099 0.424 0.252 0.851 0.858 0.896 103 3.037 119.12 0.9 0
43630 7 2 5 0 0.099 0.424 0.252 0.851 0.858 1.591 112 2.864 124.247 1 0
43630 8 2 5 0 0.099 0.424 0.252 0.851 0.858 1.74 93 3.027 121.167 0.96 0
43630 9 2 5 0 0.099 0.424 0.252 0.851 0.858 1.592 114 2.675 131.873 1 0
43630 10 2 5 0 0.099 0.424 0.252 0.851 0.858 0.796 105 2.625 123.62 1 0
43630 1 2 5 0 0.01 0.313 0.156 0.929 0.329 162.922 267 171.056 438.96 0 0
43630 2 2 5 0 0.01 0.313 0.156 0.929 0.329 174.546 308 184.442 480.387 0 0
43630 3 2 5 0 0.01 0.313 0.156 0.929 0.329 194.656 326 202.09 552.06 0 0
43630 4 2 5 0 0.01 0.313 0.156 0.929 0.329 159.603 315 167.627 479.187 0 0
43630 5 2 5 0 0.01 0.313 0.156 0.929 0.329 155.242 149 168.106 394.113 0 0
43630 6 2 5 0 0.01 0.313 0.156 0.929 0.329 199.056 347 203.932 604.673 0 0
43630 1 2 5 0 0.014 0.159 0.405 0.856 0.411 1.591 103 3.451 124.78 0.973 0
43630 2 2 5 0 0.014 0.159 0.405 0.856 0.411 1.84 92 2.992 107.56 1 0
43630 3 2 5 0 0.014 0.159 0.405 0.856 0.411 1.685 103 3.418 118.76 0.993 0
43630 4 2 5 0 0.014 0.159 0.405 0.856 0.411 1.392 107 3.075 129.473 1 0
43630 5 2 5 0 0.014 0.159 0.405 0.856 0.411 0.945 109 4.124 130.253 0.58 0
43630 6 2 5 0 0.014 0.159 0.405 0.856 0.411 1.79 117 2.826 140.453 1 0
43630 7 2 5 0 0.014 0.159 0.405 0.856 0.411 2.334 110 3.212 128.927 1 0
43630 8 2 5 0 0.014 0.159 0.405 0.856 0.411 1.244 106 2.939 119.353 1 0
43630 9 2 5 0 0.014 0.159 0.405 0.856 0.411 1.791 95 2.972 118.007 1 0
43630 10 2 5 0 0.014 0.159 0.405 0.856 0.411 1.542 114 3.081 134.873 0.987 0
43630 1 2 5 0 0.055 0.31 0.31 0.993 0.267 92.811 193 99.759 289.547 0 0
43630 2 2 5 0 0.055 0.31 0.31 0.993 0.267 76.969 87 80.957 196.833 0 0
43630 3 2 5 0 0.055 0.31 0.31 0.993 0.267 75.626 48 83.178 211.493 0 0
43630 4 2 5 0 0.055 0.31 0.31 0.993 0.267 73.641 123 78.315 199.673 0 0
43630 5 2 5 0 0.055 0.31 0.31 0.993 0.267 79.095 153 89.611 243.5 0 0
43630 6 2 5 0 0.055 0.31 0.31 0.993 0.267 95.57 120 101.165 190.887 0 0
43630 7 2 5 0 0.055 0.31 0.31 0.993 0.267 94.166 139 102.773 227.267 0 0
43630 8 2 5 0 0.055 0.31 0.31 0.993 0.267 82.79 158 89.386 250.567 0 0
43630 9 2 5 0 0.055 0.31 0.31 0.993 0.267 66.881 133 72.722 193.8 0 0
43630 10 2 5 0 0.055 0.31 0.31 0.993 0.267 88.026 178 96.761 269.147 0 0
43630 1 2 5 0 0.032 0.201 0.373 0.819 0.27 30.275 100 35.367 154.927 0 0
43630 2 2 5 0 0.032 0.201 0.373 0.819 0.27 2.877 102 5.356 124.42 0.32 0
43630 3 2 5 0 0.032 0.201 0.373 0.819 0.27 11.387 112 15.98 151.72 0 0
43630 4 2 5 0 0.032 0.201 0.373 0.819 0.27 27.157 128 35.131 184.54 0 0
43630 5 2 5 0 0.032 0.201 0.373 0.819 0.27 2.138 112 5.18 134.347 0.587 0
43630 6 2 5 0 0.032 0.201 0.373 0.819 0.27 2.129 102 4.903 130 0.633 0
43630 7 2 5 0 0.032 0.201 0.373 0.819 0.27 2.727 91 6.261 124.107 0.18 0
43630 8 2 5 0 0.032 0.201 0.373 0.819 0.27 1.839 107 3.897 125.847 0.847 0
43630 9 2 5 0 0.032 0.201 0.373 0.819 0.27 0.896 86 2.965 108.187 0.88 0
43630 10 2 5 0 0.032 0.201 0.373 0.819 0.27 9.489 99 12.819 140.233 0 0
43630 1 2 5 0 0.028 0.347 0.272 0.855 0.002 249.597 21161 249.993 23916.6 0 0
43630 2 2 5 0 0.028 0.347 0.272 0.855 0.002 249.209 18415 249.956 19435.207 0 0
43630 3 2 5 0 0.028 0.347 0.272 0.855 0.002 249.43 15627 249.934 16478.387 0 0
43630 4 2 5 0 0.028 0.347 0.272 0.855 0.002 250 25632 250 27099.02 0 0
43630 5 2 5 0 0.028 0.347 0.272 0.855 0.002 249.306 21208 249.961 24833.793 0 0
43630 6 2 5 0 0.028 0.347 0.272 0.855 0.002 249.696 22408 249.991 24426.607 0 0
43630 7 2 5 0 0.028 0.347 0.272 0.855 0.002 249.696 23851 249.993 26279.533 0 0
43630 8 2 5 0 0.028 0.347 0.272 0.855 0.002 249.696 24690 249.996 26164.2 0 0
43630 9 2 5 0 0.028 0.347 0.272 0.855 0.002 249.436 15029 249.951 15801.593 0 0
43630 10 2 5 0 0.028 0.347 0.272 0.855 0.002 249.476 18778 249.992 24461.18 0 0
43630 1 2 5 0 0.116 0.249 0.393 0.854 0.637 1.243 129 2.281 149.087 1 0
43630 2 2 5 0 0.116 0.249 0.393 0.854 0.637 1.591 115 3.208 135.193 1 0
43630 3 2 5 0 0.116 0.249 0.393 0.854 0.637 1.441 109 3.203 132.267 0.94 0
43630 4 2 5 0 0.116 0.249 0.393 0.854 0.637 1.392 104 2.795 120.207 1 0
43630 5 2 5 0 0.116 0.249 0.393 0.854 0.637 0.995 91 2.368 108.027 1 0
43630 6 2 5 0 0.116 0.249 0.393 0.854 0.637 1.79 100 3.339 120.253 1 0
43630 7 2 5 0 0.116 0.249 0.393 0.854 0.637 2.088 131 3.458 148.487 0.98 0
43630 8 2 5 0 0.116 0.249 0.393 0.854 0.637 1.84 111 3.145 130.44 1 0
43630 1 1 4 1 0.112 0.396 0.466 0.998 0.286 1.74 124 2.707 136.54 1 0
43630 2 1 4 1 0.112 0.396 0.466 0.998 0.286 1.84 123 2.654 141.187 1 0
43630 3 1 4 1 0.112 0.396 0.466 0.998 0.286 0.05 19 0.175 19 1 0
43630 4 1 4 1 0.112 0.396 0.466 0.998 0.286 1.443 133 2.554 146.613 1 0
43630 5 1 4 1 0.112 0.396 0.466 0.998 0.286 1.542 148 4.066 167.693 0.64 0
43630 6 1 4 1 0.112 0.396 0.466 0.998 0.286 2.528 144 4.009 160.9 0.827 0
43630 7 1 4 1 0.112 0.396 0.466 0.998 0.286 1.791 135 3.664 153.247 0.927 0
43630 8 1 4 1 0.112 0.396 0.466 0.998 0.286 0 4 0.067 5.013 1 1
43630 9 1 4 1 0.112 0.396 0.466 0.998 0.286 1.292 140 3.474 148.34 1 0
43630 10 1 4 1 0.112 0.396 0.466 0.998 0.286 0 7 0.066 7 1 1
43630 1 1 4 1 0.082 0.351 0.449 0.895 0.117 0 9 0.03 9 1 1
43630 2 1 4 1 0.082 0.351 0.449 0.895 0.117 0 15 0.081 15 1 0
43630 3 1 4 1 0.082 0.351 0.449 0.895 0.117 49.082 157 56.679 220.54 0 0
43630 4 1 4 1 0.082 0.351 0.449 0.895 0.117 57.734 195 62.239 258.333 0 0
43630 5 1 4 1 0.082 0.351 0.449 0.895 0.117 69.944 190 73.915 247.98 0 0
43630 6 1 4 1 0.082 0.351 0.449 0.895 0.117 0.05 14 0.209 14 1 0
43630 7 1 4 1 0.082 0.351 0.449 0.895 0.117 0 10 0.189 10 1 0
43630 8 1 4 1 0.082 0.351 0.449 0.895 0.117 41.144 152 48.083 229.147 0 0
43630 9 1 4 1 0.082 0.351 0.449 0.895 0.117 41.427 111 49.808 176.3 0 0
43630 10 1 4 1 0.082 0.351 0.449 0.895 0.117 1.193 119 5.864 166.1 0.453 0
43630 1 1 4 1 0.032 0.042 0.357 0.946 0.549 0.945 137 2.771 150.06 1 0
43630 2 1 4 1 0.032 0.042 0.357 0.946 0.549 0 12 0.123 12 1 0
43630 3 1 4 1 0.032 0.042 0.357 0.946 0.549 0 14 0.24 14.607 1 0
43630 4 1 4 1 0.032 0.042 0.357 0.946 0.549 0.646 121 1.504 129.92 1 0
43630 5 1 4 1 0.032 0.042 0.357 0.946 0.549 0.944 130 2.073 138.647 1 0
43630 6 1 4 1 0.032 0.042 0.357 0.946 0.549 0.05 11 0.24 12.927 1 0
43630 7 1 4 1 0.032 0.042 0.357 0.946 0.549 0 7 0.094 7 1 1
43630 8 1 4 1 0.032 0.042 0.357 0.946 0.549 0.398 124 1.181 128.107 1 0
43630 9 1 4 1 0.032 0.042 0.357 0.946 0.549 1.294 107 2.599 118.247 1 0
43630 10 1 4 1 0.032 0.042 0.357 0.946 0.549 1.293 114 2.121 128.987 1 0
43630 1 1 4 1 0.031 0.143 0.097 0.826 0.74 1.143 143 2.402 155.007 1 0
43630 2 1 4 1 0.031 0.143 0.097 0.826 0.74 2.238 113 3.681 129.347 0.98 0
43630 3 1 4 1 0.031 0.143 0.097 0.826 0.74 0.199 86 0.69 89.58 1 0
43630 4 1 4 1 0.031 0.143 0.097 0.826 0.74 1.293 116 2.617 129.427 1 0
43630 5 1 4 1 0.031 0.143 0.097 0.826 0.74 0 10 0.109 10.187 1 0
43630 6 1 4 1 0.031 0.143 0.097 0.826 0.74 1.244 127 2.426 144.673 1 0
43630 7 1 4 1 0.031 0.143 0.097 0.826 0.74 2.139 137 3.705 151.633 0.847 0
43630 8 1 4 1 0.031 0.143 0.097 0.826 0.74 0.199 44 0.521 47.473 1 0
43630 9 1 4 1 0.031 0.143 0.097 0.826 0.74 0.05 21 0.246 21.293 1 0
43630 10 1 4 1 0.031 0.143 0.097 0.826 0.74 0.995 107 2.739 122.153 1 0
43630 1 1 4 1 0.011 0.321 0.134 0.873 0.975 0 12 0.127 12 1 0
43630 2 1 4 1 0.011 0.321 0.134 0.873 0.975 0 6 0.009 6 1 1
43630 3 1 4 1 0.011 0.321 0.134 0.873 0.975 1.094 120 2.067 129.973 1 0
43630 4 1 4 1 0.011 0.321 0.134 0.873 0.975 1.641 101 2.775 109.453 0.967 0
43630 5 1 4 1 0.011 0.321 0.134 0.873 0.975 0.995 126 2.088 137.767 1 0
43630 6 1 4 1 0.011 0.321 0.134 0.873 0.975 0.796 103 1.875 110.707 1 0
43630 7 1 4 1 0.011 0.321 0.134 0.873 0.975 1.691 106 2.417 120.18 1 0
43630 8 1 4 1 0.011 0.321 0.134 0.873 0.975 0 11 0.041 11 1 0
43630 9 1 4 1 0.011 0.321 0.134 0.873 0.975 0 8 0.198 8.92 1 0.647
43630 10 1 4 1 0.011 0.321 0.134 0.873 0.975 0.498 112 1.777 119.247 1 0
43630 1 1 4 1 0.01 0.252 0.088 0.804 0.814 1.244 113 3.168 130.94 0.987 0
43630 2 1 4 1 0.01 0.252 0.088 0.804 0.814 1.194 125 2.383 142.4 1 0
43630 3 1 4 1 0.01 0.252 0.088 0.804 0.814 1.244 128 2.377 140.667 1 0
43630 4 1 4 1 0.01 0.252 0.088 0.804 0.814 1.493 134 2.772 148.673 1 0
43630 5 1 4 1 0.01 0.252 0.088 0.804 0.814 0.05 13 0.194 13.96 1 0
43630 6 1 4 1 0.01 0.252 0.088 0.804 0.814 0 22 0.159 23.5 1 0
43630 7 1 4 1 0.01 0.252 0.088 0.804 0.814 2.188 125 3.788 141.207 0.927 0
43630 8 1 4 1 0.01 0.252 0.088 0.804 0.814 1.244 117 3.002 129.807 1 0
43630 9 1 4 1 0.01 0.252 0.088 0.804 0.814 1.244 125 2.634 135.947 1 0
43630 10 1 4 1 0.01 0.252 0.088 0.804 0.814 1.491 115 2.459 127.433 1 0
43630 1 1 4 1 0.05 0.324 0.066 0.985 0.41 237.761 518 243.477 649.707 0 0
43630 2 1 4 1 0.05 0.324 0.066 0.985 0.41 237.416 570 243.568 731.213 0 0
43630 3 1 4 1 0.05 0.324 0.066 0.985 0.41 234.274 545 243.819 792.72 0 0
43630 4 1 4 1 0.05 0.324 0.066 0.985 0.41 238.89 584 244.716 695.693 0 0
43630 5 1 4 1 0.05 0.324 0.066 0.985 0.41 238.574 625 243.857 741.353 0 0
43630 6 1 4 1 0.05 0.324 0.066 0.985 0.41 237.862 587 242.857 717.507 0 0
43630 7 1 4 1 0.05 0.324 0.066 0.985 0.41 0 5 0.159 6.873 1 1
43630 8 1 4 1 0.05 0.324 0.066 0.985 0.41 234.368 510 242.174 624.4 0 0
43630 9 1 4 1 0.05 0.324 0.066 0.985 0.41 237.718 606 243.625 703.82 0 0
43630 1 2 10 0 0.094 0.426 0.297 0.821 0.719 195.168 2 214.22 6.64 0 0.847
43630 2 2 10 0 0.094 0.426 0.297 0.821 0.719 0.846 63 1.971 85.96 1 0
43630 3 2 10 0 0.094 0.426 0.297 0.821 0.719 215.408 0 225.547 7.84 0 0.833
43630 4 2 10 0 0.094 0.426 0.297 0.821 0.719 209.404 2 218.01 9.953 0 0.88
43630 5 2 10 0 0.094 0.426 0.297 0.821 0.719 204.34 2 216.05 9.06 0 0.813
43630 6 2 10 0 0.094 0.426 0.297 0.821 0.719 214.347 0 223.978 3.9 0 0.86
43630 7 2 10 0 0.094 0.426 0.297 0.821 0.719 212.459 0 223.832 4.067 0 0.847
43630 8 2 10 0 0.094 0.426 0.297 0.821 0.719 203.665 1 215.782 7.807 0 0.867
43630 9 2 10 0 0.094 0.426 0.297 0.821 0.719 215.262 1 224.465 6.707 0 0.867
43630 10 2 10 0 0.094 0.426 0.297 0.821 0.719 211.229 0 223.353 5.32 0 0.833
43630 1 2 10 0 0.112 0.169 0.151 0.885 0.227 157.469 406 165.263 578.647 0 0
43630 2 2 10 0 0.112 0.169 0.151 0.885 0.227 178.514 395 185.878 640.04 0 0
43630 3 2 10 0 0.112 0.169 0.151 0.885 0.227 157.329 371 162.187 532.973 0 0
43630 4 2 10 0 0.112 0.169 0.151 0.885 0.227 165.368 476 173.617 664.213 0 0
43630 5 2 10 0 0.112 0.169 0.151 0.885 0.227 157.421 493 168.413 693.087 0 0
43630 6 2 10 0 0.112 0.169 0.151 0.885 0.227 165.898 371 173.686 635.76 0 0
43630 7 2 10 0 0.112 0.169 0.151 0.885 0.227 166.054 422 176.499 614.307 0 0
43630 8 2 10 0 0.112 0.169 0.151 0.885 0.227 164.468 348 171.389 550.673 0 0
43630 9 2 10 0 0.112 0.169 0.151 0.885 0.227 165.251 479 169.032 655.36 0 0
43630 10 2 10 0 0.112 0.169 0.151 0.885 0.227 171.24 375 177.864 572.327 0 0
43630 1 2 10 0 0.117 0.055 0.242 0.945 0.532 219.939 0 226.609 3.887 0 0.887
43630 2 2 10 0 0.117 0.055 0.242 0.945 0.532 216.762 1 225.505 5.187 0 0.86
43630 3 2 10 0 0.117 0.055 0.242 0.945 0.532 208.948 0 217.558 4.347 0 0.88
43630 4 2 10 0 0.117 0.055 0.242 0.945 0.532 209.748 1 216.106 6.96 0 0.853
43630 5 2 10 0 0.117 0.055 0.242 0.945 0.532 216.333 0 223.74 6.887 0 0.86
43630 6 2 10 0 0.117 0.055 0.242 0.945 0.532 220.981 1 227.122 5.52 0 0.847
43630 7 2 10 0 0.117 0.055 0.242 0.945 0.532 215.949 1 226.029 7.093 0 0.86
43630 8 2 10 0 0.117 0.055 0.242 0.945 0.532 196.337 3 204.533 8.647 0 0.833
43630 9 2 10 0 0.117 0.055 0.242 0.945 0.532 198.495 0 212.214 3.893 0 0.867
43630 10 2 10 0 0.117 0.055 0.242 0.945 0.532 192.67 1 208.864 6 0 0.88
43630 1 2 10 0 0.072 0.407 0.19 0.998 0.327 209.015 526 216.693 726.147 0 0
43630 2 2 10 0 0.072 0.407 0.19 0.998 0.327 225.159 334 238.075 750.767 0 0
43630 3 2 10 0 0.072 0.407 0.19 0.998 0.327 216.013 424 230.266 736.147 0 0
43630 4 2 10 0 0.072 0.407 0.19 0.998 0.327 207.452 198 216.249 658.093 0 0
43630 5 2 10 0 0.072 0.407 0.19 0.998 0.327 187.566 311 194.479 522.833 0 0
43630 6 2 10 0 0.072 0.407 0.19 0.998 0.327 237.317 497 242.718 846.68 0 0
43630 7 2 10 0 0.072 0.407 0.19 0.998 0.327 199.721 229 206.306 592.3 0 0
43630 8 2 10 0 0.072 0.407 0.19 0.998 0.327 179.716 331 185.216 605.08 0 0
43630 9 2 10 0 0.072 0.407 0.19 0.998 0.327 208.17 397 215.208 700.387 0 0
43630 10 2 10 0 0.072 0.407 0.19 0.998 0.327 195.075 179 209.481 651.753 0 0
43630 1 2 10 0 0.072 0.233 0.209 0.908 0.137 240.813 666 246.013 972.78 0 0
43630 2 2 10 0 0.072 0.233 0.209 0.908 0.137 244.811 1017 247.833 1295.667 0 0
43630 3 2 10 0 0.072 0.233 0.209 0.908 0.137 237.962 878 246.939 1231.8 0 0
43630 4 2 10 0 0.072 0.233 0.209 0.908 0.137 241.722 935 247.534 1205.933 0 0
43630 5 2 10 0 0.072 0.233 0.209 0.908 0.137 243.232 900 246.772 1155.74 0 0
43630 6 2 10 0 0.072 0.233 0.209 0.908 0.137 245.187 944 248.357 1227.9 0 0
43630 7 2 10 0 0.072 0.233 0.209 0.908 0.137 243.489 958 246.84 1190.093 0 0
43630 8 2 10 0 0.072 0.233 0.209 0.908 0.137 241.659 670 246.847 1070.647 0 0
43630 9 2 10 0 0.072 0.233 0.209 0.908 0.137 242.115 764 246.467 1057.333 0 0
43630 10 2 10 0 0.072 0.233 0.209 0.908 0.137 243.312 1057 247.965 1310.14 0 0
43630 1 2 10 0 0.104 0.101 0.109 0.751 0.845 208.355 0 216.358 4.767 0 0.887
43630 2 2 10 0 0.104 0.101 0.109 0.751 0.845 214.772 0 223.297 4.62 0 0.887
43630 3 2 10 0 0.104 0.101 0.109 0.751 0.845 213.3 0 222.474 3.407 0 0.887
43630 4 2 10 0 0.104 0.101 0.109 0.751 0.845 0 10 0.016 10 1 0
43630 5 2 10 0 0.104 0.101 0.109 0.751 0.845 202.294 2 208.194 8.78 0 0.827
43630 6 2 10 0 0.104 0.101 0.109 0.751 0.845 1.243 90 2.096 112.307 1 0
43630 7 2 10 0 0.104 0.101 0.109 0.751 0.845 205.921 0 220.246 6.327 0 0.847
43630 8 2 10 0 0.104 0.101 0.109 0.751 0.845 211.467 0 220.311 5.64 0 0.847
43630 9 2 10 0 0.104 0.101 0.109 0.751 0.845 214.802 0 224.301 3.967 0 0.86
43630 10 2 10 0 0.104 0.101 0.109 0.751 0.845 207.447 2 215.036 9.7 0 0.887
43630 1 2 10 0 0.009 0.264 0.197 0.828 0.448 3.472 56 5.762 103.507 0.353 0
43630 2 2 10 0 0.009 0.264 0.197 0.828 0.448 1.755 93 4.702 126.06 0.573 0
43630 3 2 10 0 0.009 0.264 0.197 0.828 0.448 22.023 52 26.626 110.413 0 0
43630 4 2 10 0 0.009 0.264 0.197 0.828 0.448 3.223 74 5.716 115.147 0.413 0
43630 5 2 10 0 0.009 0.264 0.197 0.828 0.448 176.195 3 195.255 38.433 0 0.447
43630 1 2 5 0 0.077 0.414 0.042 0.982 0.356 247.288 2616 249.321 3004.633 0 0
43630 2 2 5 0 0.077 0.414 0.042 0.982 0.356 247.522 3082 249.367 3384.673 0 0
43630 3 2 5 0 0.077 0.414 0.042 0.982 0.356 246.088 2733 249.093 3129.76 0 0
43630 4 2 5 0 0.077 0.414 0.042 0.982 0.356 247.25 3089 249.366 3730.507 0 0
43630 5 2 5 0 0.077 0.414 0.042 0.982 0.356 248.3 3247 249.511 4148.987 0 0
43630 6 2 5 0 0.077 0.414 0.042 0.982 0.356 247.457 3165 249.483 3811.927 0 0
43630 7 2 5 0 0.077 0.414 0.042 0.982 0.356 246.121 2040 248.853 2547.567 0 0
43630 8 2 5 0 0.077 0.414 0.042 0.982 0.356 247.263 2831 249.129 3305.107 0 0
43630 9 2 5 0 0.077 0.414 0.042 0.982 0.356 247.69 3136 249.357 3843.433 0 0
43630 10 2 5 0 0.077 0.414 0.042 0.982 0.356 247.617 3154 249.335 3480.413 0 0
43630 1 2 5 0 0.047 0.154 0.059 0.85 0.086 249.338 19131 249.991 19979.873 0 0
43630 2 2 5 0 0.047 0.154 0.059 0.85 0.086 248.858 11230 249.838 12600.253 0 0
43630 3 2 5 0 0.047 0.154 0.059 0.85 0.086 248.765 16351 249.893 16758.407 0 0
43630 4 2 5 0 0.047 0.154 0.059 0.85 0.086 249.521 19074 249.988 20786.347 0 0
43630 5 2 5 0 0.047 0.154 0.059 0.85 0.086 249.076 14344 249.932 15040.927 0 0
43630 6 2 5 0 0.047 0.154 0.059 0.85 0.086 249.175 14070 249.925 14839.193 0 0
43630 7 2 5 0 0.047 0.154 0.059 0.85 0.086 249.565 19220 249.974 20511.507 0 0
43630 8 2 5 0 0.047 0.154 0.059 0.85 0.086 249.653 20423 249.995 23224.46 0 0
43630 9 2 5 0 0.047 0.154 0.059 0.85 0.086 249.865 20449 249.999 26704.427 0 0
43630 10 2 5 0 0.047 0.154 0.059 0.85 0.086 249.647 21969 249.986 22556.333 0 0
43630 1 2 5 0 0.117 0.498 0.364 0.75 0.086 244.613 1143 247.84 1425.893 0 0
43630 2 2 5 0 0.117 0.498 0.364 0.75 0.086 243.819 1185 248.11 1462.953 0 0
43630 3 2 5 0 0.117 0.498 0.364 0.75 0.086 244.134 1112 247.605 1361.46 0 0
43630 4 2 5 0 0.117 0.498 0.364 0.75 0.086 244.571 1227 248.157 1486.227 0 0
43630 5 2 5 0 0.117 0.498 0.364 0.75 0.086 243.157 1127 247.759 1339.313 0 0
43630 6 2 5 0 0.117 0.498 0.364 0.75 0.086 244.94 1239 248.255 1479.073 0 0
43630 7 2 5 0 0.117 0.498 0.364 0.75 0.086 242.946 1174 247.61 1359.127 0 0
43630 8 2 5 0 0.117 0.498 0.364 0.75 0.086 244.844 1252 248.187 1447.027 0 0
43630 9 2 5 0 0.117 0.498 0.364 0.75 0.086 243.145 1192 248.022 1381.673 0 0
43630 10 2 5 0 0.117 0.498 0.364 0.75 0.086 245.397 1172 248.334 1485.64 0 0
43630 1 2 5 0 0.041 0.086 0.04 0.859 0.38 204.14 589 216.104 765.127 0 0
43630 2 2 5 0 0.041 0.086 0.04 0.859 0.38 183.85 467 190.283 642.94 0 0
43630 3 2 5 0 0.041 0.086 0.04 0.859 0.38 208.147 566 215.079 679.107 0 0
43630 4 2 5 0 0.041 0.086 0.04 0.859 0.38 196.446 539 204.432 732.207 0 0
43630 5 2 5 0 0.041 0.086 0.04 0.859 0.38 196.077 595 204.445 716.407 0 0
43630 6 2 5 0 0.041 0.086 0.04 0.859 0.38 223.326 537 234.063 773.593 0 0
43630 7 2 5 0 0.041 0.086 0.04 0.859 0.38 196.898 541 201.609 703.82 0 0
43630 8 2 5 0 0.041 0.086 0.04 0.859 0.38 209.847 500 220.509 687.407 0 0
43630 9 2 5 0 0.041 0.086 0.04 0.859 0.38 187.178 462 193.02 645.687 0 0
43630 10 2 5 0 0.041 0.086 0.04 0.859 0.38 212.652 637 217.367 800.127 0 0
43630 1 2 5 0 0.053 0.289 0.439 0.772 0.008 247.234 1981 249.162 2520.387 0 0
43630 2 2 5 0 0.053 0.289 0.439 0.772 0.008 245.796 2434 248.869 2688.647 0 0
43630 3 2 5 0 0.053 0.289 0.439 0.772 0.008 246.191 1935 248.95 2184.72 0 0
43630 1 2 7 1 0.065 0.043 0.408 0.917 0.717 1.442 97 2.51 114.253 1 0
43630 2 2 7 1 0.065 0.043 0.408 0.917 0.717 1.194 107 2.306 124.187 1 0
43630 3 2 7 1 0.065 0.043 0.408 0.917 0.717 1.542 106 2.693 124.84 1 0
43630 4 2 7 1 0.065 0.043 0.408 0.917 0.717 0.746 109 2.465 123.573 0.967 0
43630 5 2 7 1 0.065 0.043 0.408 0.917 0.717 0.796 92 2.942 110.64 0.993 0
43630 6 2 7 1 0.065 0.043 0.408 0.917 0.717 0.796 85 1.775 98.747 1 0
43630 7 2 7 1 0.065 0.043 0.408 0.917 0.717 1.244 83 2.49 98.48 1 0
43630 8 2 7 1 0.065 0.043 0.408 0.917 0.717 1.293 111 2.43 122.6 1 0
43630 9 2 7 1 0.065 0.043 0.408 0.917 0.717 1.59 86 2.733 105.587 1 0
43630 10 2 7 1 0.065 0.043 0.408 0.917 0.717 1.89 122 3.183 137.673 0.98 0
43630 1 2 7 1 0.072 0.032 0.376 0.769 0.343 1.592 97 2.411 113.987 1 0
43630 2 2 7 1 0.072 0.032 0.376 0.769 0.343 1.89 85 3.035 115.493 1 0
43630 3 2 7 1 0.072 0.032 0.376 0.769 0.343 1.393 116 3.178 134.98 1 0
43630 4 2 7 1 0.072 0.032 0.376 0.769 0.343 1.144 75 2.631 104.147 1 0
43630 5 2 7 1 0.072 0.032 0.376 0.769 0.343 0 16 0.169 16 1 0
43630 6 2 7 1 0.072 0.032 0.376 0.769 0.343 1.094 87 2.689 110.74 0.94 0
43630 7 2 7 1 0.072 0.032 0.376 0.769 0.343 1.591 103 2.452 119.18 1 0
43630 8 2 7 1 0.072 0.032 0.376 0.769 0.343 0.945 78 2.367 103.36 1 0
43630 9 2 7 1 0.072 0.032 0.376 0.769 0.343 1.492 97 3.578 114.133 0.973 0
43630 10 2 7 1 0.072 0.032 0.376 0.769 0.343 1.441 106 3.071 129.893 0.973 0
43630 1 2 7 1 0.03 0.348 0.102 0.995 0.814 2.038 111 3.834 128.013 0.807 0
43630 2 2 7 1 0.03 0.348 0.102 0.995 0.814 2.472 96 4.227 117.053 0.76 0
43630 3 2 7 1 0.03 0.348 0.102 0.995 0.814 2.479 120 3.765 138.893 0.96 0
43630 4 2 7 1 0.03 0.348 0.102 0.995 0.814 2.977 140 4.262 157.907 0.86 0
43630 5 2 7 1 0.03 0.348 0.102 0.995 0.814 2.237 100 4.724 127.207 0.527 0
43630 6 2 7 1 0.03 0.348 0.102 0.995 0.814 1.087 102 3.811 124.353 0.753 0
43630 7 2 7 1 0.03 0.348 0.102 0.995 0.814 1.839 140 4.946 164.4 0.54 0
43630 8 2 7 1 0.03 0.348 0.102 0.995 0.814 2.583 145 4.069 162.18 0.82 0
43630 9 2 7 1 0.03 0.348 0.102 0.995 0.814 2.034 116 3.439 130.913 0.893 0
43630 10 2 7 1 0.03 0.348 0.102 0.995 0.814 1.99 113 3.302 128.513 0.933 0
43630 1 2 7 1 0.06 0.483 0.146 0.797 0.529 5.591 92 11.257 131.067 0 0
43630 2 2 7 1 0.06 0.483 0.146 0.797 0.529 5.203 130 9.26 170.78 0 0
43630 3 2 7 1 0.06 0.483 0.146 0.797 0.529 15.912 103 18.84 134.64 0 0
43630 4 2 7 1 0.06 0.483 0.146 0.797 0.529 8.318 78 12.308 130.873 0 0
43630 5 2 7 1 0.06 0.483 0.146 0.797 0.529 6.422 86 11.265 120.367 0 0
43630 6 2 7 1 0.06 0.483 0.146 0.797 0.529 3.886 97 7.335 118.44 0.18 0
43630 7 2 7 1 0.06 0.483 0.146 0.797 0.529 10.124 108 14.847 161.467 0 0
43630 8 2 7 1 0.06 0.483 0.146 0.797 0.529 1.74 92 8.582 151.007 0.233 0
43630 9 2 7 1 0.06 0.483 0.146 0.797 0.529 16.298 95 20.92 126.4 0 0
43630 10 2 7 1 0.06 0.483 0.146 0.797 0.529 10.643 104 19.964 157.36 0 0
43630 1 2 7 1 0.046 0.2 0.444 0.753 0.707 0.796 94 2.372 115.987 1 0
43630 2 2 7 1 0.046 0.2 0.444 0.753 0.707 1.342 100 2.432 117.393 1 0
43630 3 2 7 1 0.046 0.2 0.444 0.753 0.707 0.697 73 1.831 96.42 1 0
43630 4 2 7 1 0.046 0.2 0.444 0.753 0.707 0.149 82 1.916 94.86 1 0
43630 5 2 7 1 0.046 0.2 0.444 0.753 0.707 1.491 91 2.999 107.013 0.993 0
43630 6 2 7 1 0.046 0.2 0.444 0.753 0.707 1.69 83 2.804 107.533 1 0
43630 7 2 7 1 0.046 0.2 0.444 0.753 0.707 0.895 105 2.624 126.553 0.98 0
43630 8 2 7 1 0.046 0.2 0.444 0.753 0.707 1.342 87 2.892 111.633 1 0
43630 9 2 7 1 0.046 0.2 0.444 0.753 0.707 1.391 104 2.843 124.127 1 0
43630 10 2 7 1 0.046 0.2 0.444 0.753 0.707 0.796 92 2.925 115.5 0.98 0
43630 1 2 7 1 0.06 0.352 0.063 0.924 0.32 243.518 1461 248.335 1670.24 0 0
43630 2 2 7 1 0.06 0.352 0.063 0.924 0.32 246.361 1716 248.752 1955.54 0 0
43630 3 2 7 1 0.06 0.352 0.063 0.924 0.32 246.708 1560 248.872 2102.487 0 0
43630 4 2 7 1 0.06 0.352 0.063 0.924 0.32 243.137 1360 247.855 1615.913 0 0
43630 5 2 7 1 0.06 0.352 0.063 0.924 0.32 244.762 1748 248.838 1976.993 0 0
43630 6 2 7 1 0.06 0.352 0.063 0.924 0.32 244.943 1431 248.366 1825.333 0 0
43630 7 2 7 1 0.06 0.352 0.063 0.924 0.32 242.973 1711 248.475 1980.553 0 0
43630 8 2 7 1 0.06 0.352 0.063 0.924 0.32 244.232 1589 248.49 1810.113 0 0
43630 9 2 7 1 0.06 0.352 0.063 0.924 0.32 245.347 1389 248.508 1765.58 0 0
43630 10 2 7 1 0.06 0.352 0.063 0.924 0.32 245.865 1671 248.482 1902.673 0 0
43630 1 2 7 1 0.113 0.146 0.025 0.911 0.267 245.342 3908 249.247 4458.5 0 0
43630 1 2 6 0 0.103 0.167 0.441 0.866 0.088 81.355 128 87.005 225.393 0 0
43630 2 2 6 0 0.103 0.167 0.441 0.866 0.088 102.105 164 112.56 280.42 0 0
43630 3 2 6 0 0.103 0.167 0.441 0.866 0.088 102.063 141 109.659 323.247 0 0
43630 4 2 6 0 0.103 0.167 0.441 0.866 0.088 89.881 104 97.422 235.747 0 0
43630 5 2 6 0 0.103 0.167 0.441 0.866 0.088 77.567 163 85.023 240.833 0 0
43630 6 2 6 0 0.103 0.167 0.441 0.866 0.088 84.554 158 90.419 256.653 0 0
43630 7 2 6 0 0.103 0.167 0.441 0.866 0.088 93.534 100 99.851 236.093 0 0
43630 8 2 6 0 0.103 0.167 0.441 0.866 0.088 106.4 143 114.789 274.227 0 0
43630 9 2 6 0 0.103 0.167 0.441 0.866 0.088 97.196 145 102 258.213 0 0
43630 10 2 6 0 0.103 0.167 0.441 0.866 0.088 99.875 145 105.658 262.893 0 0
43630 1 2 6 0 0.072 0.257 0.367 0.996 0.266 2.52 90 4.492 126.793 0.647 0
43630 2 2 6 0 0.072 0.257 0.367 0.996 0.266 3.373 98 5.41 117.453 0.553 0
43630 3 2 6 0 0.072 0.257 0.367 0.996 0.266 5.614 86 9.351 115.013 0 0
43630 4 2 6 0 0.072 0.257 0.367 0.996 0.266 34.368 149 46.007 223.487 0 0
43630 5 2 6 0 0.072 0.257 0.367 0.996 0.266 34.575 42 42.07 135.6 0 0
43630 6 2 6 0 0.072 0.257 0.367 0.996 0.266 3.001 85 9.975 112.72 0.033 0
43630 7 2 6 0 0.072 0.257 0.367 0.996 0.266 39.625 70 43.209 148.847 0 0
43630 8 2 6 0 0.072 0.257 0.367 0.996 0.266 40.19 125 45.697 190.973 0 0
43630 9 2 6 0 0.072 0.257 0.367 0.996 0.266 4.721 104 6.756 127.067 0.047 0
43630 10 2 6 0 0.072 0.257 0.367 0.996 0.266 3.17 99 6.822 130.233 0.2 0
43630 1 2 6 0 0.074 0.078 0.149 0.827 0.383 2.138 103 3.413 123.693 0.973 0
43630 2 2 6 0 0.074 0.078 0.149 0.827 0.383 1.889 128 3.047 149.193 1 0
43630 3 2 6 0 0.074 0.078 0.149 0.827 0.383 1.243 99 2.552 118.38 1 0
43630 4 2 6 0 0.074 0.078 0.149 0.827 0.383 1.54 107 3.023 131.693 0.967 0
43630 5 2 6 0 0.074 0.078 0.149 0.827 0.383 1.492 103 3.014 122.64 1 0
43630 6 2 6 0 0.074 0.078 0.149 0.827 0.383 1.939 97 3.262 120.64 1 0
43630 7 2 6 0 0.074 0.078 0.149 0.827 0.383 2.237 111 4.297 132.607 0.713 0
43630 8 2 6 0 0.074 0.078 0.149 0.827 0.383 3.628 102 5.095 131.987 0.527 0
43630 9 2 6 0 0.074 0.078 0.149 0.827 0.383 2.237 101 3.612 129.32 0.913 0
43630 10 2 6 0 0.074 0.078 0.149 0.827 0.383 1.635 104 3.08 128.22 0.993 0
43630 1 2 6 0 0.051 0.177 0.131 0.793 0.889 1.194 104 2.859 124.16 1 0
43630 2 2 6 0 0.051 0.177 0.131 0.793 0.889 2.635 88 4.393 113.847 0.687 0
43630 3 2 6 0 0.051 0.177 0.131 0.793 0.889 1.293 108 2.487 126.18 1 0
43630 4 2 6 0 0.051 0.177 0.131 0.793 0.889 1.194 90 2.902 116.347 1 0
43630 5 2 6 0 0.051 0.177 0.131 0.793 0.889 1.939 85 2.982 99.813 1 0
43630 6 2 6 0 0.051 0.177 0.131 0.793 0.889 1.194 88 2.739 110.533 1 0
43630 7 2 6 0 0.051 0.177 0.131 0.793 0.889 2.03 105 3.093 123.82 1 0
43630 8 2 6 0 0.051 0.177 0.131 0.793 0.889 1.533 104 2.706 132.387 1 0
43630 9 2 6 0 0.051 0.177 0.131 0.793 0.889 1.889 109 3.066 126.82 1 0
43630 10 2 6 0 0.051 0.177 0.131 0.793 0.889 1.79 98 3.498 117.033 0.953 0
43630 1 2 6 0 0.028 0.051 0.499 0.799 0.753 1.442 118 3.104 131.893 1 0
43630 2 2 6 0 0.028 0.051 0.499 0.799 0.753 1.293 100 2.529 119.373 1 0
43630 3 2 6 0 0.028 0.051 0.499 0.799 0.753 1.789 107 3.385 127.38 0.993 0
43630 4 2 6 0 0.028 0.051 0.499 0.799 0.753 0.597 92 2.336 111.153 1 0
43630 5 2 6 0 0.028 0.051 0.499 0.799 0.753 1.541 88 4.382 108.753 0.6 0
43630 6 2 6 0 0.028 0.051 0.499 0.799 0.753 0.84 102 2.412 125.793 1 0
43630 7 2 6 0 0.028 0.051 0.499 0.799 0.753 0.896 102 2.975 117.453 0.92 0
43630 8 2 6 0 0.028 0.051 0.499 0.799 0.753 1.094 94 2.496 114.887 1 0
43630 9 2 6 0 0.028 0.051 0.499 0.799 0.753 2.335 86 3.267 108.2 0.993 0
43630 10 2 6 0 0.028 0.051 0.499 0.799 0.753 1.939 100 3.027 119.68 1 0
43630 1 2 6 0 0.013 0.048 0.074 0.871 0.397 40.377 87 43.42 158.4 0 0
43630 2 2 6 0 0.013 0.048 0.074 0.871 0.397 3.024 76 6.892 102.86 0.173 0
43630 3 2 6 0 0.013 0.048 0.074 0.871 0.397 3.565 107 6.127 133.02 0.213 0
43630 4 2 6 0 0.013 0.048 0.074 0.871 0.397 3.655 88 7.622 116.693 0.173 0
43630 5 2 6 0 0.013 0.048 0.074 0.871 0.397 3.515 105 6.6 131.747 0.267 0
43630 6 2 6 0 0.013 0.048 0.074 0.871 0.397 2.48 118 4.634 148.307 0.68 0
43630 7 2 6 0 0.013 0.048 0.074 0.871 0.397 3.727 92 7.722 126.267 0.12 0
43630 8 2 6 0 0.013 0.048 0.074 0.871 0.397 24.991 62 30.674 132.993 0 0
43630 9 2 6 0 0.013 0.048 0.074 0.871 0.397 2.039 79 5.683 109.44 0.46 0
43630 10 2 6 0 0.013 0.048 0.074 0.871 0.397 1.74 77 5.811 113.38 0.427 0
43630 1 2 6 0 0.015 0.25 0.496 0.845 0.769 1.54 103 2.958 124.307 1 0
43630 2 2 6 0 0.015 0.25 0.496 0.845 0.769 1.095 95 2.167 109.233 1 0
43630 3 2 6 0 0.015 0.25 0.496 0.845 0.769 1.541 90 3.224 108.913 0.987 0
43630 4 2 6 0 0.015 0.25 0.496 0.845 0.769 0.746 84 2.272 108.773 1 0
43630 5 2 6 0 0.015 0.25 0.496 0.845 0.769 1.59 108 3.177 133.56 1 0
43630 6 2 6 0 0.015 0.25 0.496 0.845 0.769 1.095 107 2.494 125.407 1 0
43630 7 2 6 0 0.015 0.25 0.496 0.845 0.769 1.534 94 3.364 116.46 0.973 0
43630 8 2 6 0 0.015 0.25 0.496 0.845 0.769 1.242 96 2.73 113.867 1 0
43630 9 2 6 0 0.015 0.25 0.496 0.845 0.769 1.237 88 3.16 109.487 1 0
43630 10 2 6 0 0.015 0.25 0.496 0.845 0.769 1.342 94 2.418 110.52 1 0
43630 1 1 10 1 0.009 0.258 0.386 0.869 0.977 0 8 0.142 8 1 1
43630 2 1 10 1 0.009 0.258 0.386 0.869 0.977 0 17 0.121 18.26 1 0
43630 3 1 10 1 0.009 0.258 0.386 0.869 0.977 0 9 0.081 10.267 1 0.013
43630 4 1 10 1 0.009 0.258 0.386 0.869 0.977 0 2 0.011 2.973 1 1
43630 5 1 10 1 0.009 0.258 0.386 0.869 0.977 0 11 0.144 12.28 1 0
43630 6 1 10 1 0.009 0.258 0.386 0.869 0.977 0 9 0.191 9.227 1 0.773
43630 7 1 10 1 0.009 0.258 0.386 0.869 0.977 0 14 0.194 14 1 0
43630 8 1 10 1 0.009 0.258 0.386 0.869 0.977 0 10 0.049 10.293 1 0
43630 9 1 10 1 0.009 0.258 0.386 0.869 0.977 0.199 30 0.41 32.673 1 0
43630 10 1 10 1 0.009 0.258 0.386 0.869 0.977 0 9 0.059 9.467 1 0.533
43630 1 1 10 1 0.106 0.437 0.304 0.762 0.076 244.183 935 247.289 1130.64 0 0
43630 2 1 10 1 0.106 0.437 0.304 0.762 0.076 239.241 812 246.329 1078.22 0 0
43630 3 1 10 1 0.106 0.437 0.304 0.762 0.076 243.371 803 246.686 1021.527 0 0
43630 4 1 10 1 0.106 0.437 0.304 0.762 0.076 241.844 897 246.298 1194.607 0 0
43630 5 1 10 1 0.106 0.437 0.304 0.762 0.076 243.049 941 246.881 1057.387 0 0
43630 6 1 10 1 0.106 0.437 0.304 0.762 0.076 242.458 1002 246.668 1111.073 0 0
43630 7 1 10 1 0.106 0.437 0.304 0.762 0.076 237.913 748 244.701 909.227 0 0
43630 8 1 10 1 0.106 0.437 0.304 0.762 0.076 242.357 846 246.468 1006.473 0 0
43630 9 1 10 1 0.106 0.437 0.304 0.762 0.076 241.577 981 247.246 1101.327 0 0
43630 10 1 10 1 0.106 0.437 0.304 0.762 0.076 242.245 852 246.651 1110.053 0 0
43630 1 1 10 1 0.117 0.151 0.378 0.944 0.903 0 7 0.032 7 1 1
43630 2 1 10 1 0.117 0.151 0.378 0.944 0.903 0 5 0 5 1 1
43630 3 1 10 1 0.117 0.151 0.378 0.944 0.903 0 10 0.075 10.473 1 0
43630 4 1 10 1 0.117 0.151 0.378 0.944 0.903 0 5 0.196 5 1 1
43630 5 1 10 1 0.117 0.151 0.378 0.944 0.903 0 5 0 5 1 1
43630 6 1 10 1 0.117 0.151 0.378 0.944 0.903 33.789 29 39.048 32.233 0 0
43630 7 1 10 1 0.117 0.151 0.378 0.944 0.903 0.1 10 0.241 12.073 1 0
43630 8 1 10 1 0.117 0.151 0.378 0.944 0.903 0 11 0.094 11 1 0
43630 9 1 10 1 0.117 0.151 0.378 0.944 0.903 0 12 0 12 1 0
43630 10 1 10 1 0.117 0.151 0.378 0.944 0.903 0 4 0.011 4 1 1
43630 1 1 10 1 0.016 0.027 0.069 0.946 0.443 0 13 0.038 13 1 0
43630 2 1 10 1 0.016 0.027 0.069 0.946 0.443 0 4 0.013 4 1 1
43630 3 1 10 1 0.016 0.027 0.069 0.946 0.443 0 5 0.057 5 1 1
43630 4 1 10 1 0.016 0.027 0.069 0.946 0.443 0.05 28 0.172 28 1 0
43630 5 1 10 1 0.016 0.027 0.069 0.946 0.443 0.05 30 0.182 30 1 0
43630 6 1 10 1 0.016 0.027 0.069 0.946 0.443 0 7 0.051 7 1 1
43630 7 1 10 1 0.016 0.027 0.069 0.946 0.443 0 6 0.077 6 1 1
43630 8 1 10 1 0.016 0.027 0.069 0.946 0.443 0 8 0.036 8 1 1
43630 9 1 10 1 0.016 0.027 0.069 0.946 0.443 0 11 0.047 11 1 0
43630 10 1 10 1 0.016 0.027 0.069 0.946 0.443 0 8 0.107 8 1 1
43630 1 1 10 1 0.068 0.467 0.187 0.838 0.236 234.984 535 243.657 643.82 0 0
43630 2 1 10 1 0.068 0.467 0.187 0.838 0.236 234.84 523 241.506 648.44 0 0
43630 3 1 10 1 0.068 0.467 0.187 0.838 0.236 240.648 519 244.915 650.827 0 0
43630 4 1 10 1 0.068 0.467 0.187 0.838 0.236 236.864 584 243.182 692.567 0 0
43630 5 1 10 1 0.068 0.467 0.187 0.838 0.236 237.347 597 244.119 716.753 0 0
43630 6 1 10 1 0.068 0.467 0.187 0.838 0.236 222.064 453 233.118 565.713 0 0
43630 7 1 10 1 0.068 0.467 0.187 0.838 0.236 239.311 591 244.22 711.747 0 0
43630 8 1 10 1 0.068 0.467 0.187 0.838 0.236 240.175 655 244.105 796.76 0 0
43630 9 1 10 1 0.068 0.467 0.187 0.838 0.236 235.868 625 244.304 702.72 0 0
43630 10 1 10 1 0.068 0.467 0.187 0.838 0.236 238.996 603 245.699 791.393 0 0
43630 1 1 10 1 0.039 0.356 0.136 0.914 0.243 241.268 588 245.535 695.853 0 0
43630 2 1 10 1 0.039 0.356 0.136 0.914 0.243 236.613 525 244.074 693.74 0 0
43630 3 1 10 1 0.039 0.356 0.136 0.914 0.243 239.803 564 244.957 694.567 0 0
43630 4 1 10 1 0.039 0.356 0.136 0.914 0.243 238.306 448 243.078 636.933 0 0
43630 5 1 10 1 0.039 0.356 0.136 0.914 0.243 240.117 539 244.981 674.393 0 0
43630 6 1 10 1 0.039 0.356 0.136 0.914 0.243 241.811 609 245.843 770.487 0 0
43630 7 1 10 1 0.039 0.356 0.136 0.914 0.243 236.628 597 243.315 698.053 0 0
43630 8 1 10 1 0.039 0.356 0.136 0.914 0.243 236.538 506 243.979 625.88 0 0
43630 9 1 10 1 0.039 0.356 0.136 0.914 0.243 235.127 518 242.807 700.62 0 0
43630 10 1 10 1 0.039 0.356 0.136 0.914 0.243 237.248 481 243.145 600.28 0 0
43630 1 1 3 0 0.015 0.236 0.336 0.922 0.616 0.945 103 2.22 118.26 1 0
43630 2 1 3 0 0.015 0.236 0.336 0.922 0.616 0.199 90 0.568 99.347 1 0
43630 3 1 3 0 0.015 0.236 0.336 0.922 0.616 0 11 0.056 12.987 1 0
43630 4 1 3 0 0.015 0.236 0.336 0.922 0.616 1.542 129 2.61 139.507 1 0
43630 5 1 3 0 0.015 0.236 0.336 0.922 0.616 1.143 117 2.501 127.507 1 0
43630 6 1 3 0 0.015 0.236 0.336 0.922 0.616 0.746 99 1.99 109.433 1 0
43630 7 1 3 0 0.015 0.236 0.336 0.922 0.616 0.249 104 0.702 108.72 1 0
43630 8 1 3 0 0.015 0.236 0.336 0.922 0.616 0.896 109 2.222 124.287 1 0
43630 9 1 3 0 0.015 0.236 0.336 0.922 0.616 1.293 94 2.034 104.58 1 0
43630 10 1 3 0 0.015 0.236 0.336 0.922 0.616 0.05 14 0.191 14.633 1 0
43630 1 1 3 0 0.038 0.178 0.106 0.951 0.698 2.287 129 4.049 142.12 0.953 0
43630 2 1 3 0 0.038 0.178 0.106 0.951 0.698 0.05 28 0.231 30.447 1 0
43630 3 1 3 0 0.038 0.178 0.106 0.951 0.698 1.74 108 3.941 123.44 0.827 0
43630 4 1 3 0 0.038 0.178 0.106 0.951 0.698 2.088 132 3.237 150.22 1 0
43630 5 1 3 0 0.038 0.178 0.106 0.951 0.698 1.242 150 2.448 169.173 1 0
43630 6 1 3 0 0.038 0.178 0.106 0.951 0.698 1.393 119 3.075 127.36 0.993 0
43630 7 1 3 0 0.038 0.178 0.106 0.951 0.698 0 11 0.144 12.5 1 0
43630 8 1 3 0 0.038 0.178 0.106 0.951 0.698 1.095 127 2.576 147.233 1 0
43630 9 1 3 0 0.038 0.178 0.106 0.951 0.698 1.592 147 2.815 158.827 1 0
43630 10 1 3 0 0.038 0.178 0.106 0.951 0.698 0 6 0.133 6 1 1
43630 1 1 3 0 0.012 0.07 0.268 0.943 0.761 0.05 13 0.246 14.42 1 0
43630 2 1 3 0 0.012 0.07 0.268 0.943 0.761 0 15 0.131 15.167 1 0
43630 3 1 3 0 0.012 0.07 0.268 0.943 0.761 1.044 82 1.998 91.987 1 0
43630 4 1 3 0 0.012 0.07 0.268 0.943 0.761 1.244 114 2.206 122.787 1 0
43630 5 1 3 0 0.012 0.07 0.268 0.943 0.761 0.896 123 2.451 132.953 1 0
43630 6 1 3 0 0.012 0.07 0.268 0.943 0.761 0.995 122 2.319 128.32 1 0
43630 7 1 3 0 0.012 0.07 0.268 0.943 0.761 0 29 0.27 29.8 1 0
43630 8 1 3 0 0.012 0.07 0.268 0.943 0.761 1.442 142 2.524 158.827 1 0
43630 9 1 3 0 0.012 0.07 0.268 0.943 0.761 1.243 117 2.517 130.347 1 0
43630 10 1 3 0 0.012 0.07 0.268 0.943 0.761 0.696 104 2.266 114.067 1 0
43630 1 1 3 0 0.025 0.081 0.297 0.832 0.647 1.542 116 2.639 128.673 1 0
43630 2 1 3 0 0.025 0.081 0.297 0.832 0.647 0 27 0.055 27 1 0
43630 3 1 3 0 0.025 0.081 0.297 0.832 0.647 0.995 118 2.212 132.307 1 0
43630 4 1 3 0 0.025 0.081 0.297 0.832 0.647 0.05 35 0.098 35 1 0
43630 5 1 3 0 0.025 0.081 0.297 0.832 0.647 0 12 0.079 12 1 0
43630 6 1 3 0 0.025 0.081 0.297 0.832 0.647 1.244 107 2.064 116.567 1 0
43630 7 1 3 0 0.025 0.081 0.297 0.832 0.647 1.739 98 2.587 105.367 1 0
43630 8 1 3 0 0.025 0.081 0.297 0.832 0.647 0.995 103 2.14 114.547 1 0
43630 9 1 3 0 0.025 0.081 0.297 0.832 0.647 1.492 108 3.119 122.313 0.873 0
43630 10 1 3 0 0.025 0.081 0.297 0.832 0.647 1.194 120 2.584 131.633 1 0
43630 1 1 3 0 0.051 0.402 0.408 0.76 0.967 0 7 0.071 7 1 1
43630 2 1 3 0 0.051 0.402 0.408 0.76 0.967 1.243 118 2.099 131.86 1 0
43630 3 1 3 0 0.051 0.402 0.408 0.76 0.967 0.846 104 2.131 113.607 1 0
43630 4 1 3 0 0.051 0.402 0.408 0.76 0.967 1.791 98 2.77 110.44 1 0
43630 5 1 3 0 0.051 0.402 0.408 0.76 0.967 0 5 0.007 5.827 1 1
43630 6 1 3 0 0.051 0.402 0.408 0.76 0.967 0 15 0.245 16.153 1 0
43630 7 1 3 0 0.051 0.402 0.408 0.76 0.967 0 10 0.075 10 1 0
43630 8 1 3 0 0.051 0.402 0.408 0.76 0.967 1.243 117 2.486 128.14 1 0
43630 9 1 3 0 0.051 0.402 0.408 0.76 0.967 1.244 108 1.854 118.053 1 0
43630 10 1 3 0 0.051 0.402 0.408 0.76 0.967 0 24 0.069 24 1 0
43630 1 1 3 0 0.11 0.065 0.221 0.979 0.595 0.448 97 1.701 106.073 1 0
43630 2 1 3 0 0.11 0.065 0.221 0.979 0.595 0.05 18 0.226 20.16 1 0
43630 3 1 3 0 0.11 0.065 0.221 0.979 0.595 0.498 104 2.102 118.833 1 0
43630 4 1 3 0 0.11 0.065 0.221 0.979 0.595 0 16 0.063 17.493 1 0
43630 5 1 3 0 0.11 0.065 0.221 0.979 0.595 0 12 0.094 12 1 0
43630 6 1 3 0 0.11 0.065 0.221 0.979 0.595 1.382 116 3.371 128.327 0.973 0
43630 7 1 3 0 0.11 0.065 0.221 0.979 0.595 1.144 114 2.379 121.413 1 0
43630 8 1 3 0 0.11 0.065 0.221 0.979 0.595 0.05 32 0.25 34.053 1 0
43630 9 1 3 0 0.11 0.065 0.221 0.979 0.595 0.149 27 0.372 29.873 1 0
43630 10 1 3 0 0.11 0.065 0.221 0.979 0.595 0 12 0.155 12.013 1 0
43630 1 1 3 0 0.008 0.105 0.254 0.996 0.165 27.087 145 30.929 184.013 0 0
43630 2 1 3 0 0.008 0.105 0.254 0.996 0.165 1.641 137 2.957 159.4 1 0
43630 3 1 3 0 0.008 0.105 0.254 0.996 0.165 3.444 133 5.351 143.873 0.333 0
43630 4 1 3 0 0.008 0.105 0.254 0.996 0.165 0 8 0.159 8 1 1
43630 5 1 3 0 0.008 0.105 0.254 0.996 0.165 2.139 143 4.462 161.933 0.667 0
43630 6 1 3 0 0.008 0.105 0.254 0.996 0.165 2.537 163 6.346 186.147 0.287 0
43630 7 1 3 0 0.008 0.105 0.254 0.996 0.165 0 9 0.236 11.3 1 0.2
43630 8 1 3 0 0.008 0.105 0.254 0.996 0.165 0 19 0.114 20.267 1 0
43630 9 1 3 0 0.008 0.105 0.254 0.996 0.165 2.139 103 3.737 128.773 0.9 0
43630 10 1 3 0 0.008 0.105 0.254 0.996 0.165 0 6 0.011 6 1 1
43630 1 1 3 0 0.091 0.311 0.102 0.909 0.643 1.492 114 3.541 130.92 0.847 0
43630 2 1 3 0 0.091 0.311 0.102 0.909 0.643 0 6 0.087 6.56 1 1
43630 3 1 3 0 0.091 0.311 0.102 0.909 0.643 1.423 147 2.95 164.087 0.96 0
43630 4 1 3 0 0.091 0.311 0.102 0.909 0.643 0 12 0.115 12.22 1 0
43630 5 1 3 0 0.091 0.311 0.102 0.909 0.643 3.364 185 4.734 203.3 0.687 0
43630 1 2 6 1 0.091 0.46 0.18 0.82 0.769 2.785 110 3.973 121.427 0.987 0
43630 2 2 6 1 0.091 0.46 0.18 0.82 0.769 1.839 113 2.889 130.207 1 0
43630 3 2 6 1 0.091 0.46 0.18 0.82 0.769 1.144 95 3.272 113.287 0.947 0
43630 4 2 6 1 0.091 0.46 0.18 0.82 0.769 1.691 119 3.844 135.46 0.787 0
43630 5 2 6 1 0.091 0.46 0.18 0.82 0.769 1.888 105 3.571 118.593 0.973 0
43630 6 2 6 1 0.091 0.46 0.18 0.82 0.769 2.285 118 4.856 134.987 0.54 0
43630 7 2 6 1 0.091 0.46 0.18 0.82 0.769 2.138 151 3.693 172.767 0.967 0
43630 8 2 6 1 0.091 0.46 0.18 0.82 0.769 0.896 91 2.644 112.573 1 0
43630 9 2 6 1 0.091 0.46 0.18 0.82 0.769 1.342 112 2.952 129.573 1 0
43630 10 2 6 1 0.091 0.46 0.18 0.82 0.769 1.242 117 2.725 136.013 1 0
43630 1 2 6 1 0.039 0.339 0.425 0.99 0.235 2.977 77 7.072 101.28 0.167 0
43630 2 2 6 1 0.039 0.339 0.425 0.99 0.235 51.07 172 58.716 232.513 0 0
43630 3 2 6 1 0.039 0.339 0.425 0.99 0.235 30.446 144 34.173 197.68 0 0
43630 4 2 6 1 0.039 0.339 0.425 0.99 0.235 47.279 133 50.902 180.067 0 0
43630 5 2 6 1 0.039 0.339 0.425 0.99 0.235 41.203 127 47.625 174.113 0 0
43630 6 2 6 1 0.039 0.339 0.425 0.99 0.235 5.26 75 9.706 100.107 0 0
43630 7 2 6 1 0.039 0.339 0.425 0.99 0.235 28.315 116 35.73 155.88 0 0
43630 8 2 6 1 0.039 0.339 0.425 0.99 0.235 46.007 135 49.28 182.233 0 0
43630 9 2 6 1 0.039 0.339 0.425 0.99 0.235 35.413 118 39.235 167.893 0 0
43630 10 2 6 1 0.039 0.339 0.425 0.99 0.235 50.954 108 56.279 154.92 0 0
43630 1 2 6 1 0.083 0.044 0.262 0.793 0.829 1.79 105 2.948 121.433 1 0
43630 2 2 6 1 0.083 0.044 0.262 0.793 0.829 1.84 111 2.825 131.6 1 0
43630 3 2 6 1 0.083 0.044 0.262 0.793 0.829 0.746 81 2.367 101.033 1 0
43630 4 2 6 1 0.083 0.044 0.262 0.793 0.829 1.194 100 2.979 121.887 0.967 0
43630 5 2 6 1 0.083 0.044 0.262 0.793 0.829 0.299 98 2.434 120.013 1 0
43630 6 2 6 1 0.083 0.044 0.262 0.793 0.829 0.896 85 2.449 107.407 1 0
43630 7 2 6 1 0.083 0.044 0.262 0.793 0.829 1.045 109 3.214 130.253 1 0
43630 8 2 6 1 0.083 0.044 0.262 0.793 0.829 1.789 94 3.15 113.96 1 0
43630 9 2 6 1 0.083 0.044 0.262 0.793 0.829 0.945 89 2.29 104.453 1 0
43630 10 2 6 1 0.083 0.044 0.262 0.793 0.829 1.541 104 2.867 121.887 0.993 0
43630 1 2 6 1 0.115 0.252 0.228 0.849 0.582 1.525 105 3.101 119.16 0.953 0
43630 2 2 6 1 0.115 0.252 0.228 0.849 0.582 1.392 103 3.838 128.813 0.793 0
43630 3 2 6 1 0.115 0.252 0.228 0.849 0.582 1.342 109 3.482 128.433 0.82 0
43630 4 2 6 1 0.115 0.252 0.228 0.849 0.582 0.746 132 3.023 150.953 0.88 0
43630 5 2 6 1 0.115 0.252 0.228 0.849 0.582 2.686 120 4.484 147.893 0.68 0
43630 6 2 6 1 0.115 0.252 0.228 0.849 0.582 1.933 106 3.848 124.3 0.813 0
43630 7 2 6 1 0.115 0.252 0.228 0.849 0.582 1.939 87 4.467 112.88 0.78 0
43630 8 2 6 1 0.115 0.252 0.228 0.849 0.582 4.07 102 5.502 125.313 0.187 0
43630 9 2 6 1 0.115 0.252 0.228 0.849 0.582 1.243 112 3.089 126.2 0.96 0
43630 10 2 6 1 0.115 0.252 0.228 0.849 0.582 1.391 120 3.217 136.427 0.873 0
43630 1 2 6 1 0.065 0.214 0.385 0.835 0.686 1.59 108 2.947 126.527 1 0
43630 2 2 6 1 0.065 0.214 0.385 0.835 0.686 1.194 99 2.665 118.593 1 0
43630 3 2 6 1 0.065 0.214 0.385 0.835 0.686 1.293 95 2.938 116.607 1 0
43630 4 2 6 1 0.065 0.214 0.385 0.835 0.686 0.995 104 2.691 125.98 1 0
43630 5 2 6 1 0.065 0.214 0.385 0.835 0.686 1.044 91 3.25 107.813 1 0
43630 6 2 6 1 0.065 0.214 0.385 0.835 0.686 1.741 101 3.163 124.24 1 0
43630 7 2 6 1 0.065 0.214 0.385 0.835 0.686 1.392 85 3.011 112.4 1 0
43630 8 2 6 1 0.065 0.214 0.385 0.835 0.686 1.542 117 2.608 137.347 1 0
43630 9 2 6 1 0.065 0.214 0.385 0.835 0.686 1.639 86 2.763 111.68 1 0
43630 10 2 6 1 0.065 0.214 0.385 0.835 0.686 1.99 119 3.012 140.053 1 0
43630 1 2 6 1 0.112 0.068 0.344 0.933 0.75 1.89 76 3.214 101.06 1 0
43630 2 2 6 1 0.112 0.068 0.344 0.933 0.75 0.995 96 3.18 118.44 0.993 0
43630 3 2 6 1 0.112 0.068 0.344 0.933 0.75 1.135 77 2.844 98.733 1 0
43630 4 2 6 1 0.112 0.068 0.344 0.933 0.75 1.641 73 3.273 93.88 0.907 0
43630 5 2 6 1 0.112 0.068 0.344 0.933 0.75 0.945 91 2.896 103.487 1 0
43630 6 2 6 1 0.112 0.068 0.344 0.933 0.75 1.391 96 2.395 116.687 1 0
43630 7 2 6 1 0.112 0.068 0.344 0.933 0.75 1.385 105 2.942 127.227 1 0
43630 8 2 6 1 0.112 0.068 0.344 0.933 0.75 1.741 99 3.18 119.14 1 0
43630 9 2 6 1 0.112 0.068 0.344 0.933 0.75 0.647 103 1.921 114.367 1 0
43630 10 2 6 1 0.112 0.068 0.344 0.933 0.75 1.342 112 3.03 131.287 0.92 0
43630 1 2 6 1 0.101 0.089 0.492 0.966 0.172 1.987 106 2.938 124.833 1 0
43630 2 2 6 1 0.101 0.089 0.492 0.966 0.172 1.541 127 3.11 142.913 0.98 0
43630 3 2 6 1 0.101 0.089 0.492 0.966 0.172 1.144 86 2.508 101.98 1 0
43630 1 1 6 0 0.067 0.452 0.461 0.804 0.452 0.05 54 0.359 54.12 1 0
43630 2 1 6 0 0.067 0.452 0.461 0.804 0.452 0 4 0.12 4 1 1
43630 3 1 6 0 0.067 0.452 0.461 0.804 0.452 0 19 0.16 19 1 0
43630 4 1 6 0 0.067 0.452 0.461 0.804 0.452 0.1 52 0.305 56.847 1 0
43630 5 1 6 0 0.067 0.452 0.461 0.804 0.452 0 12 0.027 12 1 0
43630 6 1 6 0 0.067 0.452 0.461 0.804 0.452 0 8 0.143 9.18 1 0.693
43630 7 1 6 0 0.067 0.452 0.461 0.804 0.452 0 24 0.138 24 1 0
43630 8 1 6 0 0.067 0.452 0.461 0.804 0.452 0 7 0.07 7.613 1 1
43630 9 1 6 0 0.067 0.452 0.461 0.804 0.452 0 25 0.197 26.967 1 0
43630 10 1 6 0 0.067 0.452 0.461 0.804 0.452 0 11 0.024 12.433 1 0
43630 1 1 6 0 0.078 0.317 0.307 0.962 0.186 0 15 0.111 15 1 0
43630 2 1 6 0 0.078 0.317 0.307 0.962 0.186 111.054 206 116.529 282.52 0 0
43630 3 1 6 0 0.078 0.317 0.307 0.962 0.186 107.987 231 115.224 325.087 0 0
43630 4 1 6 0 0.078 0.317 0.307 0.962 0.186 0 10 0.191 10.327 1 0
43630 5 1 6 0 0.078 0.317 0.307 0.962 0.186 99.647 156 105.545 243.62 0 0
43630 6 1 6 0 0.078 0.317 0.307 0.962 0.186 88.97 140 97.813 189.747 0 0
43630 7 1 6 0 0.078 0.317 0.307 0.962 0.186 86.691 212 91.476 259.9 0 0
43630 8 1 6 0 0.078 0.317 0.307 0.962 0.186 0 8 0.007 8 1 1
43630 9 1 6 0 0.078 0.317 0.307 0.962 0.186 0 11 0.086 11 1 0
43630 10 1 6 0 0.078 0.317 0.307 0.962 0.186 43.706 249 48.583 312 0 0
43630 1 1 6 0 0.043 0.194 0.044 0.77 0.988 0 9 0.129 9.8 1 0.2
43630 2 1 6 0 0.043 0.194 0.044 0.77 0.988 0.05 18 0.164 21.553 1 0
43630 3 1 6 0 0.043 0.194 0.044 0.77 0.988 0 5 0.141 5.447 1 1
43630 4 1 6 0 0.043 0.194 0.044 0.77 0.988 0.746 96 2.304 108.187 1 0
43630 5 1 6 0 0.043 0.194 0.044 0.77 0.988 0 6 0 6 1 1
43630 6 1 6 0 0.043 0.194 0.044 0.77 0.988 1.293 103 2.205 113.247 1 0
43630 7 1 6 0 0.043 0.194 0.044 0.77 0.988 0 15 0.169 15 1 0
43630 8 1 6 0 0.043 0.194 0.044 0.77 0.988 0.05 13 0.243 15.32 1 0
43630 9 1 6 0 0.043 0.194 0.044 0.77 0.988 1.391 96 1.971 107.587 1 0
43630 10 1 6 0 0.043 0.194 0.044 0.77 0.988 0 10 0.131 10.087 1 0
43630 1 1 6 0 0.111 0.43 0.263 0.985 0.434 2.235 110 4.768 136.8 0.58 0
43630 2 1 6 0 0.111 0.43 0.263 0.985 0.434 0.796 115 4.727 145.78 0.487 0
43630 3 1 6 0 0.111 0.43 0.263 0.985 0.434 1.691 133 3.71 154.033 0.927 0
43630 4 1 6 0 0.111 0.43 0.263 0.985 0.434 1.882 118 3.177 144.067 0.993 0
43630 5 1 6 0 0.111 0.43 0.263 0.985 0.434 0.149 77 0.61 83.707 1 0
43630 6 1 6 0 0.111 0.43 0.263 0.985 0.434 2.634 134 4.612 164.04 0.6 0
43630 7 1 6 0 0.111 0.43 0.263 0.985 0.434 1.294 103 2.391 119.14 1 0
43630 8 1 6 0 0.111 0.43 0.263 0.985 0.434 0 11 0.025 11.64 1 0
43630 9 1 6 0 0.111 0.43 0.263 0.985 0.434 2.908 140 6.391 165.573 0.307 0
43630 10 1 6 0 0.111 0.43 0.263 0.985 0.434 3.397 116 6.913 130.347 0.26 0
43630 1 1 6 0 0.006 0.233 0.043 0.934 0.467 238.595 490 243.555 657.487 0 0
43630 2 1 6 0 0.006 0.233 0.043 0.934 0.467 235.337 477 242.658 622.12 0 0
43630 3 1 6 0 0.006 0.233 0.043 0.934 0.467 234.637 401 242.214 564.187 0 0
43630 4 1 6 0 0.006 0.233 0.043 0.934 0.467 229.369 482 238.922 589.893 0 0
43630 5 1 6 0 0.006 0.233 0.043 0.934 0.467 237.716 544 244.669 698.133 0 0
43630 6 1 6 0 0.006 0.233 0.043 0.934 0.467 235.008 487 242.278 600.687 0 0
43630 7 1 6 0 0.006 0.233 0.043 0.934 0.467 235.909 560 241.991 635.653 0 0
43630 8 1 6 0 0.006 0.233 0.043 0.934 0.467 227.14 557 240.403 673.7 0 0
43630 9 1 6 0 0.006 0.233 0.043 0.934 0.467 229.754 432 238.487 614.607 0 0
43630 10 1 6 0 0.006 0.233 0.043 0.934 0.467 235.765 481 241.382 594.333 0 0
43630 1 1 6 0 0.048 0.249 0.176 0.909 0.14 235.62 556 242.146 690.093 0 0
43630 2 1 6 0 0.048 0.249 0.176 0.909 0.14 237.92 597 242.423 706.427 0 0
43630 3 1 6 0 0.048 0.249 0.176 0.909 0.14 237.026 615 242.577 707.54 0 0
43630 4 1 6 0 0.048 0.249 0.176 0.909 0.14 240.506 538 244.949 753.353 0 0
43630 5 1 6 0 0.048 0.249 0.176 0.909 0.14 238.9 567 243.623 706.893 0 0
43630 6 1 6 0 0.048 0.249 0.176 0.909 0.14 239.752 668 245.39 758.427 0 0
43630 7 1 6 0 0.048 0.249 0.176 0.909 0.14 237.225 584 244.584 661.6 0 0
43630 8 1 6 0 0.048 0.249 0.176 0.909 0.14 238.9 599 244.633 723.133 0 0
43630 9 1 6 0 0.048 0.249 0.176 0.909 0.14 237.614 586 242.936 706.287 0 0
43630 10 1 6 0 0.048 0.249 0.176 0.909 0.14 241.618 641 245.874 811.98 0 0
43630 1 1 6 0 0.049 0.435 0.092 0.813 0.872 0 11 0.033 11 1 0
43630 2 1 6 0 0.049 0.435 0.092 0.813 0.872 0 5 0.031 5 1 1
43630 3 1 6 0 0.049 0.435 0.092 0.813 0.872 0 5 0 5 1 1
43630 4 1 6 0 0.049 0.435 0.092 0.813 0.872 0 15 0.103 15 1 0
43630 5 1 6 0 0.049 0.435 0.092 0.813 0.872 0 13 0.03 13 1 0
43630 6 1 6 0 0.049 0.435 0.092 0.813 0.872 0.05 37 0.498 38.22 1 0
43630 7 1 6 0 0.049 0.435 0.092 0.813 0.872 0 11 0.145 11.847 1 0
43630 8 1 6 0 0.049 0.435 0.092 0.813 0.872 0 4 0.07 4.82 1 1
43630 9 1 6 0 0.049 0.435 0.092 0.813 0.872 0 6 0.029 6 1 1
43630 10 1 6 0 0.049 0.435 0.092 0.813 0.872 0.994 109 2.236 118.607 1 0
43630 1 1 6 0 0.098 0.056 0.231 0.796 0.668 0 10 0.073 10 1 0
43630 2 1 6 0 0.098 0.056 0.231 0.796 0.668 0 6 0.068 6.947 1 1
43630 3 1 6 0 0.098 0.056 0.231 0.796 0.668 0.547 92 1.92 101.067 1 0
43630 1 2 8 0 0.039 0.239 0.282 0.829 0.466 2.031 104 3.994 119.68 0.807 0
43630 2 2 8 0 0.039 0.239 0.282 0.829 0.466 1.137 107 2.136 131.513 1 0
43630 3 2 8 0 0.039 0.239 0.282 0.829 0.466 1.79 83 3.812 111.367 0.88 0
43630 4 2 8 0 0.039 0.239 0.282 0.829 0.466 1.707 90 3.892 115.907 0.827 0
43630 5 2 8 0 0.039 0.239 0.282 0.829 0.466 1.286 101 2.871 117.433 1 0
43630 6 2 8 0 0.039 0.239 0.282 0.829 0.466 3.179 77 4.596 102.433 0.633 0
43630 7 2 8 0 0.039 0.239 0.282 0.829 0.466 0.995 97 2.949 118.02 0.953 0
43630 8 2 8 0 0.039 0.239 0.282 0.829 0.466 2.336 76 3.929 107.547 0.807 0
43630 9 2 8 0 0.039 0.239 0.282 0.829 0.466 2.037 88 3.478 121.867 0.927 0
43630 10 2 8 0 0.039 0.239 0.282 0.829 0.466 1.192 84 2.719 110.627 0.993 0
43630 1 2 8 0 0.118 0.323 0.133 0.94 0.249 245.317 1304 248.757 1586.233 0 0
43630 2 2 8 0 0.118 0.323 0.133 0.94 0.249 245.007 1139 248.226 1515.453 0 0
43630 3 2 8 0 0.118 0.323 0.133 0.94 0.249 245.704 1306 248.462 1650.147 0 0
43630 4 2 8 0 0.118 0.323 0.133 0.94 0.249 245.856 1129 248.42 1466.567 0 0
43630 5 2 8 0 0.118 0.323 0.133 0.94 0.249 242.77 1113 247.495 1517.193 0 0
43630 6 2 8 0 0.118 0.323 0.133 0.94 0.249 241.649 1062 247.545 1513.24 0 0
43630 7 2 8 0 0.118 0.323 0.133 0.94 0.249 245.243 1221 248.411 1565.373 0 0
43630 8 2 8 0 0.118 0.323 0.133 0.94 0.249 246.127 1134 248.359 1451.7 0 0
43630 9 2 8 0 0.118 0.323 0.133 0.94 0.249 243.939 1305 248.171 1692.773 0 0
43630 10 2 8 0 0.118 0.323 0.133 0.94 0.249 245.836 1318 248.432 1652.82 0 0
43630 1 2 8 0 0.075 0.498 0.455 0.762 0.998 1.94 82 3.655 106.693 1 0
43630 2 2 8 0 0.075 0.498 0.455 0.762 0.998 1.492 89 2.714 109.453 1 0
43630 3 2 8 0 0.075 0.498 0.455 0.762 0.998 0.149 96 1.4 104.113 1 0
43630 4 2 8 0 0.075 0.498 0.455 0.762 0.998 0.796 108 1.743 125.753 1 0
43630 5 2 8 0 0.075 0.498 0.455 0.762 0.998 0.995 87 2.271 110.16 1 0
43630 6 2 8 0 0.075 0.498 0.455 0.762 0.998 2.088 88 3.17 102.66 1 0
43630 7 2 8 0 0.075 0.498 0.455 0.762 0.998 1.144 88 2.524 111.633 1 0
43630 8 2 8 0 0.075 0.498 0.455 0.762 0.998 1.442 84 2.746 105.087 1 0
43630 9 2 8 0 0.075 0.498 0.455 0.762 0.998 0.696 76 2.558 96.633 1 0
43630 10 2 8 0 0.075 0.498 0.455 0.762 0.998 1.542 96 2.614 114.767 1 0
43630 1 2 8 0 0.052 0.343 0.439 0.805 0.113 152.091 156 161.189 375.853 0 0
43630 2 2 8 0 0.052 0.343 0.439 0.805 0.113 121.765 301 130.236 416.48 0 0
43630 3 2 8 0 0.052 0.343 0.439 0.805 0.113 137.808 239 146.862 445.947 0 0
43630 4 2 8 0 0.052 0.343 0.439 0.805 0.113 152.11 115 161.245 385.113 0 0
43630 5 2 8 0 0.052 0.343 0.439 0.805 0.113 127.878 55 138.02 351.987 0 0
43630 6 2 8 0 0.052 0.343 0.439 0.805 0.113 159.266 202 165.573 452.127 0 0
43630 7 2 8 0 0.052 0.343 0.439 0.805 0.113 158.51 55 166.582 367.907 0 0
43630 8 2 8 0 0.052 0.343 0.439 0.805 0.113 137.622 179 146.438 364.88 0 0
43630 9 2 8 0 0.052 0.343 0.439 0.805 0.113 140.304 218 145.654 406.973 0 0
43630 10 2 8 0 0.052 0.343 0.439 0.805 0.113 150.137 139 156.236 419.807 0 0
43630 1 2 8 0 0.074 0.467 0.284 0.782 0.546 1.334 111 3.544 136.867 0.88 0
43630 2 2 8 0 0.074 0.467 0.284 0.782 0.546 1.69 93 4.046 121.527 0.707 0
43630 3 2 8 0 0.074 0.467 0.284 0.782 0.546 2.585 100 4.233 122.5 0.773 0
43630 4 2 8 0 0.074 0.467 0.284 0.782 0.546 2.564 96 5.2 126 0.453 0
43630 5 2 8 0 0.074 0.467 0.284 0.782 0.546 3.23 90 4.696 115.407 0.667 0
43630 6 2 8 0 0.074 0.467 0.284 0.782 0.546 1.837 87 3.116 120.747 0.947 0
43630 7 2 8 0 0.074 0.467 0.284 0.782 0.546 2.68 94 3.848 120.053 0.94 0
43630 8 2 8 0 0.074 0.467 0.284 0.782 0.546 1.939 82 3.911 109.953 0.867 0
43630 9 2 8 0 0.074 0.467 0.284 0.782 0.546 1.288 93 3.478 127.327 0.893 0
43630 10 2 8 0 0.074 0.467 0.284 0.782 0.546 1.938 86 3.817 122.74 0.82 0
43630 1 2 8 0 0.066 0.472 0.265 0.761 0.968 1.193 84 2.255 106.433 1 0
43630 2 2 8 0 0.066 0.472 0.265 0.761 0.968 0.647 88 2.501 101.72 1 0
43630 3 2 8 0 0.066 0.472 0.265 0.761 0.968 1.293 103 2.628 122.387 1 0
43630 4 2 8 0 0.066 0.472 0.265 0.761 0.968 1.592 89 2.702 113.573 1 0
43630 5 2 8 0 0.066 0.472 0.265 0.761 0.968 1.194 75 2.977 100.607 0.987 0
43630 6 2 8 0 0.066 0.472 0.265 0.761 0.968 0.995 85 2.363 100.48 1 0
43630 7 2 8 0 0.066 0.472 0.265 0.761 0.968 1.54 98 2.137 116.16 1 0
43630 8 2 8 0 0.066 0.472 0.265 0.761 0.968 0.994 99 2.489 115.56 1 0
43630 9 2 8 0 0.066 0.472 0.265 0.761 0.968 0.697 81 2.46 100.227 1 0
43630 10 2 8 0 0.066 0.472 0.265 0.761 0.968 1.043 79 2.371 97.64 1 0
43630 1 2 8 0 0.038 0.153 0.425 0.882 0.395 1.442 81 2.361 101.933 1 0
43630 2 2 8 0 0.038 0.153 0.425 0.882 0.395 1.442 93 2.42 110.38 1 0
43630 3 2 8 0 0.038 0.153 0.425 0.882 0.395 1.194 92 3.171 107.48 0.98 0
43630 4 2 8 0 0.038 0.153 0.425 0.882 0.395 1.69 85 3.003 108.053 0.993 0
43630 5 2 8 0 0.038 0.153 0.425 0.882 0.395 0.995 73 2.455 101.587 1 0
43630 6 2 8 0 0.038 0.153 0.425 0.882 0.395 1.393 97 2.564 116.92 1 0
43630 7 2 8 0 0.038 0.153 0.425 0.882 0.395 1.937 82 3.22 99.08 1 0
43630 8 2 8 0 0.038 0.153 0.425 0.882 0.395 0.647 85 2.516 109.313 1 0
43630 9 2 8 0 0.038 0.153 0.425 0.882 0.395 1.045 79 2.525 102.547 1 0
43630 10 2 8 0 0.038 0.153 0.425 0.882 0.395 0.896 86 2.1 102.56 1 0
43630 1 2 8 0 0.085 0.008 0.258 1 0.873 0.895 106 1.833 118.553 1 0
43630 2 2 8 0 0.085 0.008 0.258 1 0.873 0.845 88 2.373 107.633 1 0
43630 3 2 8 0 0.085 0.008 0.258 1 0.873 1.343 77 3.028 91.993 1 0
43630 4 2 8 0 0.085 0.008 0.258 1 0.873 1.335 74 2.741 96.227 1 0
43630 5 2 8 0 0.085 0.008 0.258 1 0.873 1.641 89 2.634 108.907 1 0
43630 6 2 8 0 0.085 0.008 0.258 1 0.873 1.237 102 2.562 121.173 1 0
43630 7 2 8 0 0.085 0.008 0.258 1 0.873 2.038 100 3.955 124.02 0.92 0
43630 1 2 10 1 0.103 0.498 0.105 0.838 0.651 4.075 115 7.079 147.46 0.107 0
43630 2 2 10 1 0.103 0.498 0.105 0.838 0.651 6.002 122 7.974 162.247 0 0
43630 3 2 10 1 0.103 0.498 0.105 0.838 0.651 1.059 99 4.735 140.327 0.613 0
43630 4 2 10 1 0.103 0.498 0.105 0.838 0.651 5.489 138 8.302 174.347 0 0
43630 5 2 10 1 0.103 0.498 0.105 0.838 0.651 2.717 105 6.803 154.367 0.207 0
43630 6 2 10 1 0.103 0.498 0.105 0.838 0.651 2.772 122 6.068 161.467 0.347 0
43630 7 2 10 1 0.103 0.498 0.105 0.838 0.651 3.874 132 7.446 159.92 0.147 0
43630 8 2 10 1 0.103 0.498 0.105 0.838 0.651 2.131 98 6.819 144.913 0.353 0
43630 9 2 10 1 0.103 0.498 0.105 0.838 0.651 5.152 144 7.546 164.813 0 0
43630 10 2 10 1 0.103 0.498 0.105 0.838 0.651 0.299 82 1.929 104.393 0.96 0
43630 1 2 10 1 0.055 0.456 0.139 0.841 0.074 248.271 4996 249.682 5396.78 0 0
43630 2 2 10 1 0.055 0.456 0.139 0.841 0.074 248.444 4516 249.485 4888.88 0 0
43630 3 2 10 1 0.055 0.456 0.139 0.841 0.074 247.687 4775 249.599 5573.013 0 0
43630 4 2 10 1 0.055 0.456 0.139 0.841 0.074 247.864 5575 249.523 6032.953 0 0
43630 5 2 10 1 0.055 0.456 0.139 0.841 0.074 248.198 4828 249.61 5478.833 0 0
43630 6 2 10 1 0.055 0.456 0.139 0.841 0.074 247.829 4336 249.555 4838.853 0 0
43630 7 2 10 1 0.055 0.456 0.139 0.841 0.074 247.827 4953 249.593 5746.38 0 0
43630 8 2 10 1 0.055 0.456 0.139 0.841 0.074 248.82 6701 249.851 7511.767 0 0
43630 9 2 10 1 0.055 0.456 0.139 0.841 0.074 249.391 7434 249.897 8284.687 0 0
43630 10 2 10 1 0.055 0.456 0.139 0.841 0.074 247.592 6430 249.738 6861.367 0 0
43630 1 2 10 1 0.067 0.234 0.469 0.951 0.426 1.294 63 2.447 86.293 1 0
43630 2 2 10 1 0.067 0.234 0.469 0.951 0.426 1.49 76 2.694 97.16 1 0
43630 3 2 10 1 0.067 0.234 0.469 0.951 0.426 1.84 106 2.622 124.147 1 0
43630 4 2 10 1 0.067 0.234 0.469 0.951 0.426 0.647 77 1.576 98.227 1 0
43630 5 2 10 1 0.067 0.234 0.469 0.951 0.426 0.945 89 2.324 109.093 1 0
43630 6 2 10 1 0.067 0.234 0.469 0.951 0.426 0.994 65 1.812 82.607 1 0
43630 7 2 10 1 0.067 0.234 0.469 0.951 0.426 0.547 73 1.802 91.42 1 0
43630 8 2 10 1 0.067 0.234 0.469 0.951 0.426 1.54 70 2.936 96.167 0.973 0
43630 9 2 10 1 0.067 0.234 0.469 0.951 0.426 1.591 80 2.971 103.233 1 0
43630 10 2 10 1 0.067 0.234 0.469 0.951 0.426 1.144 79 1.866 97.12 1 0
43630 1 2 10 1 0.003 0.42 0.479 0.873 0.736 0 10 0.109 10 1 0
43630 2 2 10 1 0.003 0.42 0.479 0.873 0.736 201.966 3 206.911 9.427 0 0.847
43630 3 2 10 1 0.003 0.42 0.479 0.873 0.736 0.646 69 2.13 81.02 1 0
43630 4 2 10 1 0.003 0.42 0.479 0.873 0.736 215.507 2 223.696 6.92 0 0.853
43630 5 2 10 1 0.003 0.42 0.479 0.873 0.736 195.481 3 208.346 9.76 0 0.873
43630 6 2 10 1 0.003 0.42 0.479 0.873 0.736 13.758 38 20.919 53.86 0 0
43630 7 2 10 1 0.003 0.42 0.479 0.873 0.736 1.144 78 2.179 93.673 1 0
43630 8 2 10 1 0.003 0.42 0.479 0.873 0.736 220.284 0 226.802 5.22 0 0.873
43630 9 2 10 1 0.003 0.42 0.479 0.873 0.736 216.152 0 226.644 5.767 0 0.887
43630 10 2 10 1 0.003 0.42 0.479 0.873 0.736 197.249 0 208.53 2.933 0 0.927
43630 1 2 10 1 0.12 0.074 0.297 0.796 0.144 42.692 119 51.81 171.92 0 0
43630 2 2 10 1 0.12 0.074 0.297 0.796 0.144 26.617 117 31.032 154.76 0 0
43630 3 2 10 1 0.12 0.074 0.297 0.796 0.144 38 64 45.929 115.1 0 0
43630 4 2 10 1 0.12 0.074 0.297 0.796 0.144 16.822 122 23.059 149.127 0 0
43630 5 2 10 1 0.12 0.074 0.297 0.796 0.144 3.773 93 8.186 117.667 0.093 0
43630 6 2 10 1 0.12 0.074 0.297 0.796 0.144 0.845 87 2.766 108.993 0.907 0
43630 7 2 10 1 0.12 0.074 0.297 0.796 0.144 0.696 108 2.174 130.68 1 0
43630 8 2 10 1 0.12 0.074 0.297 0.796 0.144 1.833 85 3.942 109.253 0.773 0
43630 9 2 10 1 0.12 0.074 0.297 0.796 0.144 0.796 96 2.985 117.667 0.973 0
43630 10 2 10 1 0.12 0.074 0.297 0.796 0.144 2.635 90 4.06 115.3 0.873 0
43630 1 2 10 1 0.08 0.139 0.403 0.958 0.627 0 5 0.144 5.753 1 1
43630 2 2 10 1 0.08 0.139 0.403 0.958 0.627 201.362 0 210.063 5.253 0 0.893
43630 3 2 10 1 0.08 0.139 0.403 0.958 0.627 195.032 1 214.064 5.673 0 0.887
43630 4 2 10 1 0.08 0.139 0.403 0.958 0.627 203.283 1 211.203 8.42 0 0.88
43630 5 2 10 1 0.08 0.139 0.403 0.958 0.627 217.196 0 226.461 6.24 0 0.847
43630 6 2 10 1 0.08 0.139 0.403 0.958 0.627 1.716 66 2.937 86.847 1 0
43630 7 2 10 1 0.08 0.139 0.403 0.958 0.627 189.666 0 202.873 4.273 0 0.867
43630 8 2 10 1 0.08 0.139 0.403 0.958 0.627 202.709 0 216.195 6.14 0 0.84
43630 9 2 10 1 0.08 0.139 0.403 0.958 0.627 221.255 0 227.027 6.7 0 0.853
43630 10 2 10 1 0.08 0.139 0.403 0.958 0.627 215.055 1 225.959 5.62 0 0.86
43630 1 2 10 1 0.053 0.02 0.268 0.9 0.7 207.164 0 215.228 6.747 0 0.9
43630 2 2 10 1 0.053 0.02 0.268 0.9 0.7 220.324 0 226.346 5.667 0 0.833
43630 3 2 10 1 0.053 0.02 0.268 0.9 0.7 175.922 10 192.652 16.887 0 0
43630 1 1 7 1 0.107 0.302 0.373 0.921 0.039 239.442 623 244.677 769.613 0 0
43630 2 1 7 1 0.107 0.302 0.373 0.921 0.039 239.482 812 246.52 919.3 0 0
43630 3 1 7 1 0.107 0.302 0.373 0.921 0.039 243.6 866 246.716 1021.727 0 0
43630 4 1 7 1 0.107 0.302 0.373 0.921 0.039 241.452 787 246.529 921.787 0 0
43630 5 1 7 1 0.107 0.302 0.373 0.921 0.039 240.444 847 246.144 941.82 0 0
43630 6 1 7 1 0.107 0.302 0.373 0.921 0.039 242.162 928 247.104 1094.847 0 0
43630 7 1 7 1 0.107 0.302 0.373 0.921 0.039 242.854 885 246.49 988.527 0 0
43630 8 1 7 1 0.107 0.302 0.373 0.921 0.039 234.783 710 242.911 790.567 0 0
43630 9 1 7 1 0.107 0.302 0.373 0.921 0.039 240.448 747 245.438 960.153 0 0
43630 10 1 7 1 0.107 0.302 0.373 0.921 0.039 241.635 786 246.115 1004.567 0 0
43630 1 1 7 1 0.046 0.069 0.163 0.955 0.235 0 9 0.024 9 1 1
43630 2 1 7 1 0.046 0.069 0.163 0.955 0.235 0 10 0.087 10 1 0
43630 3 1 7 1 0.046 0.069 0.163 0.955 0.235 0.448 115 3.14 131.353 0.767 0
43630 4 1 7 1 0.046 0.069 0.163 0.955 0.235 0 6 0.037 6.787 1 1
43630 5 1 7 1 0.046 0.069 0.163 0.955 0.235 0 4 0.026 4 1 1
43630 6 1 7 1 0.046 0.069 0.163 0.955 0.235 0.945 136 1.78 147.34 1 0
43630 7 1 7 1 0.046 0.069 0.163 0.955 0.235 0.995 121 3.15 142.107 0.88 0
43630 8 1 7 1 0.046 0.069 0.163 0.955 0.235 0 26 0.187 26 1 0
43630 9 1 7 1 0.046 0.069 0.163 0.955 0.235 0 16 0.088 16.327 1 0
43630 10 1 7 1 0.046 0.069 0.163 0.955 0.235 0 8 0.119 8 1 1
43630 1 1 7 1 0.036 0.143 0.277 0.859 0.096 85.326 220 94.447 258.973 0 0
43630 2 1 7 1 0.036 0.143 0.277 0.859 0.096 0.05 21 0.26 21 1 0
43630 3 1 7 1 0.036 0.143 0.277 0.859 0.096 0 14 0.025 14 1 0
43630 4 1 7 1 0.036 0.143 0.277 0.859 0.096 1.739 125 5.185 148.647 0.367 0
43630 5 1 7 1 0.036 0.143 0.277 0.859 0.096 51.116 222 61.224 286.827 0 0
43630 6 1 7 1 0.036 0.143 0.277 0.859 0.096 2.747 107 7.189 154.96 0.413 0
43630 7 1 7 1 0.036 0.143 0.277 0.859 0.096 65.381 180 69.926 231.06 0 0
43630 8 1 7 1 0.036 0.143 0.277 0.859 0.096 75.474 162 86.897 230.747 0 0
43630 9 1 7 1 0.036 0.143 0.277 0.859 0.096 81.436 160 89.2 231.987 0 0
43630 10 1 7 1 0.036 0.143 0.277 0.859 0.096 56.347 182 69.396 230.547 0 0
43630 1 1 7 1 0.062 0.254 0.469 0.759 0.368 0 13 0.07 13 1 0
43630 2 1 7 1 0.062 0.254 0.469 0.759 0.368 0 21 0.025 21 1 0
43630 3 1 7 1 0.062 0.254 0.469 0.759 0.368 0 16 0.134 16.98 1 0
43630 4 1 7 1 0.062 0.254 0.469 0.759 0.368 0 6 0.109 6.56 1 1
43630 5 1 7 1 0.062 0.254 0.469 0.759 0.368 0.149 12 0.308 15.273 1 0
43630 6 1 7 1 0.062 0.254 0.469 0.759 0.368 0 11 0.173 12.08 1 0
43630 7 1 7 1 0.062 0.254 0.469 0.759 0.368 0 13 0.079 13 1 0
43630 8 1 7 1 0.062 0.254 0.469 0.759 0.368 0.05 15 0.43 16.787 1 0
43630 9 1 7 1 0.062 0.254 0.469 0.759 0.368 0 10 0.135 11.24 1 0
43630 10 1 7 1 0.062 0.254 0.469 0.759 0.368 0 7 0 7 1 1
43630 1 1 7 1 0.073 0.417 0.085 0.829 0.579 3.477 141 7.49 188.207 0.2 0
43630 2 1 7 1 0.073 0.417 0.085 0.829 0.579 0.1 16 0.244 18.9 1 0
43630 3 1 7 1 0.073 0.417 0.085 0.829 0.579 2.281 126 7.437 171.08 0.08 0
43630 4 1 7 1 0.073 0.417 0.085 0.829 0.579 0 6 0.05 6.627 1 1
43630 5 1 7 1 0.073 0.417 0.085 0.829 0.579 2.832 158 5.63 177.313 0.467 0
43630 6 1 7 1 0.073 0.417 0.085 0.829 0.579 5.33 132 8.365 181.267 0 0
43630 7 1 7 1 0.073 0.417 0.085 0.829 0.579 0 14 0.36 16.093 1 0
43630 8 1 7 1 0.073 0.417 0.085 0.829 0.579 1.672 143 7.095 211.047 0.36 0
43630 9 1 7 1 0.073 0.417 0.085 0.829 0.579 2.13 112 7.871 159.5 0.373 0
43630 10 1 7 1 0.073 0.417 0.085 0.829 0.579 0.05 38 0.466 39.107 1 0
43630 1 1 7 1 0.116 0.307 0.265 0.83 0.02 246.846 3939 249.168 4777.653 0 0
43630 2 1 7 1 0.116 0.307 0.265 0.83 0.02 248.023 7043 249.66 7368.913 0 0
43630 3 1 7 1 0.116 0.307 0.265 0.83 0.02 247.67 5721 249.514 6562.653 0 0
43630 4 1 7 1 0.116 0.307 0.265 0.83 0.02 246.553 3899 249.109 4252.747 0 0
43630 5 1 7 1 0.116 0.307 0.265 0.83 0.02 246.375 5812 249.103 6099.2 0 0
43630 6 1 7 1 0.116 0.307 0.265 0.83 0.02 246.032 4455 249.322 5468.667 0 0
43630 7 1 7 1 0.116 0.307 0.265 0.83 0.02 247.941 6398 249.541 6968.787 0 0
43630 8 1 7 1 0.116 0.307 0.265 0.83 0.02 246.805 4744 249.012 4992.18 0 0
43630 9 1 7 1 0.116 0.307 0.265 0.83 0.02 247.275 4526 249.238 4951.813 0 0
43630 10 1 7 1 0.116 0.307 0.265 0.83 0.02 247.416 4341 249.235 4555.387 0 0
43630 1 1 7 1 0.025 0.434 0.023 0.909 0.298 248.296 9731 249.726 11056.933 0 0
43630 2 1 7 1 0.025 0.434 0.023 0.909 0.298 249.046 11430 249.871 12642.387 0 0
43630 3 1 7 1 0.025 0.434 0.023 0.909 0.298 246.738 5279 249.076 7051.793 0 0
43630 1 1 10 1 0.114 0.279 0.41 0.842 0.613 0 10 0.139 10 1 0
43630 2 1 10 1 0.114 0.279 0.41 0.842 0.613 0 5 0.037 5 1 1
43630 3 1 10 1 0.114 0.279 0.41 0.842 0.613 0 5 0 5 1 1
43630 4 1 10 1 0.114 0.279 0.41 0.842 0.613 0 3 0 3 1 1
43630 5 1 10 1 0.114 0.279 0.41 0.842 0.613 0 7 0.02 7 1 1
43630 6 1 10 1 0.114 0.279 0.41 0.842 0.613 0 12 0.146 12.433 1 0
43630 7 1 10 1 0.114 0.279 0.41 0.842 0.613 0 21 0.061 21 1 0
43630 8 1 10 1 0.114 0.279 0.41 0.842 0.613 0 8 0.06 8 1 1
43630 9 1 10 1 0.114 0.279 0.41 0.842 0.613 0 11 0.077 13.293 1 0
43630 10 1 10 1 0.114 0.279 0.41 0.842 0.613 0 8 0.033 8 1 1
43630 1 1 10 1 0.059 0.183 0.231 0.861 0.413 0 11 0.118 11 1 0
43630 2 1 10 1 0.059 0.183 0.231 0.861 0.413 1.817 102 4.049 120.84 0.86 0
43630 3 1 10 1 0.059 0.183 0.231 0.861 0.413 2.039 95 3.455 116.927 0.967 0
43630 4 1 10 1 0.059 0.183 0.231 0.861 0.413 0 15 0.196 15 1 0
43630 5 1 10 1 0.059 0.183 0.231 0.861 0.413 3.024 96 5.447 124.073 0.373 0
43630 6 1 10 1 0.059 0.183 0.231 0.861 0.413 0 16 0.062 16 1 0
43630 7 1 10 1 0.059 0.183 0.231 0.861 0.413 1.393 114 3.314 133.54 0.967 0
43630 8 1 10 1 0.059 0.183 0.231 0.861 0.413 0 10 0.136 10 1 0
43630 9 1 10 1 0.059 0.183 0.231 0.861 0.413 0.287 100 2.102 113.347 0.933 0
43630 10 1 10 1 0.059 0.183 0.231 0.861 0.413 2.089 111 3.796 122.707 0.793 0
43630 1 1 10 1 0.07 0.29 0.093 0.936 0.192 244.707 1089 247.747 1390.5 0 0
43630 2 1 10 1 0.07 0.29 0.093 0.936 0.192 244.369 1253 247.432 1395.773 0 0
43630 3 1 10 1 0.07 0.29 0.093 0.936 0.192 245.093 1381 247.986 1582.793 0 0
43630 4 1 10 1 0.07 0.29 0.093 0.936 0.192 242.261 1180 246.997 1420.027 0 0
43630 5 1 10 1 0.07 0.29 0.093 0.936 0.192 243.205 1051 247.248 1269.98 0 0
43630 6 1 10 1 0.07 0.29 0.093 0.936 0.192 245.92 1308 248.299 1636.573 0 0
43630 7 1 10 1 0.07 0.29 0.093 0.936 0.192 243.25 1337 247.624 1525.673 0 0
43630 8 1 10 1 0.07 0.29 0.093 0.936 0.192 243.211 1091 247.429 1288.833 0 0
43630 9 1 10 1 0.07 0.29 0.093 0.936 0.192 243.402 1319 247.536 1474.387 0 0
43630 10 1 10 1 0.07 0.29 0.093 0.936 0.192 0 7 0.089 7.247 1 1
43630 1 1 10 1 0.016 0.396 0.071 0.942 0.766 1.939 181 3.12 196.16 0.993 0
43630 2 1 10 1 0.016 0.396 0.071 0.942 0.766 1.691 133 3.813 151.073 0.853 0
43630 3 1 10 1 0.016 0.396 0.071 0.942 0.766 2.983 131 4.108 143.773 0.927 0
43630 4 1 10 1 0.016 0.396 0.071 0.942 0.766 1.64 147 3.058 159.267 0.907 0
43630 5 1 10 1 0.016 0.396 0.071 0.942 0.766 0 18 0.059 18 1 0
43630 6 1 10 1 0.016 0.396 0.071 0.942 0.766 0 12 0.062 12 1 0
43630 7 1 10 1 0.016 0.396 0.071 0.942 0.766 1.541 132 2.581 149.8 1 0
43630 8 1 10 1 0.016 0.396 0.071 0.942 0.766 1.044 109 2.536 129.18 1 0
43630 9 1 10 1 0.016 0.396 0.071 0.942 0.766 1.535 123 3.59 143.707 0.833 0
43630 10 1 10 1 0.016 0.396 0.071 0.942 0.766 1.939 131 3.477 149.907 0.96 0
43630 1 1 10 1 0.114 0.419 0.04 0.871 0.27 248.87 20479 249.905 22162.733 0 0
43630 2 1 10 1 0.114 0.419 0.04 0.871 0.27 248.865 17348 249.899 18870.187 0 0
43630 3 1 10 1 0.114 0.419 0.04 0.871 0.27 249.476 22435 249.959 24078.92 0 0
43630 4 1 10 1 0.114 0.419 0.04 0.871 0.27 249.196 22324 249.913 23081.7 0 0
43630 5 1 10 1 0.114 0.419 0.04 0.871 0.27 249.034 17841 249.81 18254.847 0 0
43630 6 1 10 1 0.114 0.419 0.04 0.871 0.27 248.871 21442 249.928 22575.6 0 0
43630 7 1 10 1 0.114 0.419 0.04 0.871 0.27 249.131 18224 249.836 19343.94 0 0
43630 8 1 10 1 0.114 0.419 0.04 0.871 0.27 0 1 0 1 1 1
43630 9 1 10 1 0.114 0.419 0.04 0.871 0.27 248.951 20725 249.913 21333.287 0 0
43630 10 1 10 1 0.114 0.419 0.04 0.871 0.27 249.263 17913 249.889 18572.507 0 0
43630 1 1 10 1 0.07 0.057 0.126 0.915 0.896 0 8 0.095 10.12 1 0.473
43630 2 1 10 1 0.07 0.057 0.126 0.915 0.896 0 18 0.041 20.173 1 0
43630 3 1 10 1 0.07 0.057 0.126 0.915 0.896 197.237 0 206.047 2.853 0 0.9
43630 4 1 10 1 0.07 0.057 0.126 0.915 0.896 0 6 0 6 1 1
43630 5 1 10 1 0.07 0.057 0.126 0.915 0.896 0 4 0.057 4.58 1 1
43630 6 1 10 1 0.07 0.057 0.126 0.915 0.896 0 11 0.135 11 1 0
43630 7 1 10 1 0.07 0.057 0.126 0.915 0.896 0 8 0.106 8.427 1 1
43630 8 1 10 1 0.07 0.057 0.126 0.915 0.896 0 5 0.035 5 1 1
43630 9 1 10 1 0.07 0.057 0.126 0.915 0.896 0 17 0.126 17 1 0
43630 1 2 6 1 0.044 0.46 0.129 0.806 0.578 9.432 96 13.22 139.667 0 0
43630 2 2 6 1 0.044 0.46 0.129 0.806 0.578 7.96 125 12.167 152.587 0 0
43630 3 2 6 1 0.044 0.46 0.129 0.806 0.578 9.644 141 13.186 174.22 0 0
43630 4 2 6 1 0.044 0.46 0.129 0.806 0.578 5.108 143 9.019 168.653 0 0
43630 5 2 6 1 0.044 0.46 0.129 0.806 0.578 9.739 110 12.186 158.727 0 0
43630 6 2 6 1 0.044 0.46 0.129 0.806 0.578 11.028 94 15.598 135 0 0
43630 7 2 6 1 0.044 0.46 0.129 0.806 0.578 4.259 97 9.251 138.227 0.027 0
43630 8 2 6 1 0.044 0.46 0.129 0.806 0.578 7.329 97 10.91 145.12 0 0
43630 9 2 6 1 0.044 0.46 0.129 0.806 0.578 12.587 108 16.416 149.527 0 0
43630 10 2 6 1 0.044 0.46 0.129 0.806 0.578 12.501 89 19.075 122.74 0 0
43630 1 2 6 1 0.068 0.376 0.303 0.868 0.179 236.806 534 243.563 674.547 0 0
43630 2 2 6 1 0.068 0.376 0.303 0.868 0.179 235.873 520 242.128 693.647 0 0
43630 3 2 6 1 0.068 0.376 0.303 0.868 0.179 235.805 560 241.518 679.887 0 0
43630 4 2 6 1 0.068 0.376 0.303 0.868 0.179 239.031 529 243.815 670.34 0 0
43630 5 2 6 1 0.068 0.376 0.303 0.868 0.179 238.7 605 244.934 711.007 0 0
43630 6 2 6 1 0.068 0.376 0.303 0.868 0.179 239.551 645 244.269 747.74 0 0
43630 7 2 6 1 0.068 0.376 0.303 0.868 0.179 232.928 524 240.721 648.327 0 0
43630 8 2 6 1 0.068 0.376 0.303 0.868 0.179 238.184 618 244.147 742.86 0 0
43630 9 2 6 1 0.068 0.376 0.303 0.868 0.179 235.518 571 243.043 680.333 0 0
43630 10 2 6 1 0.068 0.376 0.303 0.868 0.179 237.17 572 243.626 704.773 0 0
43630 1 2 6 1 0.115 0.361 0.301 0.953 0.487 1.633 128 3.884 147.82 0.753 0
43630 2 2 6 1 0.115 0.361 0.301 0.953 0.487 2.968 108 5.612 126.793 0.413 0
43630 3 2 6 1 0.115 0.361 0.301 0.953 0.487 2.236 97 4.243 127.853 0.687 0
43630 4 2 6 1 0.115 0.361 0.301 0.953 0.487 2.429 101 4.099 132.527 0.807 0
43630 5 2 6 1 0.115 0.361 0.301 0.953 0.487 1.49 91 3.094 113.627 0.993 0
43630 6 2 6 1 0.115 0.361 0.301 0.953 0.487 1.684 106 4.043 130.14 0.66 0
43630 7 2 6 1 0.115 0.361 0.301 0.953 0.487 1.89 118 4.332 138.927 0.68 0
43630 8 2 6 1 0.115 0.361 0.301 0.953 0.487 2.188 123 5.428 144.94 0.433 0
43630 9 2 6 1 0.115 0.361 0.301 0.953 0.487 1.442 123 4.68 145.4 0.533 0
43630 10 2 6 1 0.115 0.361 0.301 0.953 0.487 2.037 136 4.412 161.087 0.673 0
43630 1 2 6 1 0.082 0.105 0.238 0.954 0.739 0.945 101 2.484 120.133 1 0
43630 2 2 6 1 0.082 0.105 0.238 0.954 0.739 1.641 123 2.615 136.507 1 0
43630 3 2 6 1 0.082 0.105 0.238 0.954 0.739 1.541 101 2.592 119.493 1 0
43630 4 2 6 1 0.082 0.105 0.238 0.954 0.739 1.491 102 2.719 119.12 1 0
43630 5 2 6 1 0.082 0.105 0.238 0.954 0.739 0.896 102 2.824 122.067 1 0
43630 6 2 6 1 0.082 0.105 0.238 0.954 0.739 0 9 0.055 9 1 1
43630 7 2 6 1 0.082 0.105 0.238 0.954 0.739 1.788 88 3.095 112.873 1 0
43630 8 2 6 1 0.082 0.105 0.238 0.954 0.739 0.945 97 2.403 122.893 1 0
43630 9 2 6 1 0.082 0.105 0.238 0.954 0.739 1.393 98 2.801 125.78 1 0
43630 10 2 6 1 0.082 0.105 0.238 0.954 0.739 1.54 89 3.238 109.633 0.973 0
43630 1 2 6 1 0.056 0.348 0.346 0.859 0.767 0.845 105 2.478 121.36 1 0
43630 2 2 6 1 0.056 0.348 0.346 0.859 0.767 1.143 87 2.994 109.407 0.98 0
43630 3 2 6 1 0.056 0.348 0.346 0.859 0.767 1.89 80 3.06 93.92 1 0
43630 4 2 6 1 0.056 0.348 0.346 0.859 0.767 1.242 90 2.283 108.733 1 0
43630 5 2 6 1 0.056 0.348 0.346 0.859 0.767 1.387 106 3.007 134.633 1 0
43630 6 2 6 1 0.056 0.348 0.346 0.859 0.767 1.143 131 2.207 144.307 1 0
43630 7 2 6 1 0.056 0.348 0.346 0.859 0.767 1.193 92 2.917 106.493 1 0
43630 8 2 6 1 0.056 0.348 0.346 0.859 0.767 1.636 79 2.816 99.113 1 0
43630 9 2 6 1 0.056 0.348 0.346 0.859 0.767 1.392 88 2.608 109.24 1 0
43630 10 2 6 1 0.056 0.348 0.346 0.859 0.767 1.343 94 2.588 115.173 1 0
43630 1 2 6 1 0.016 0.116 0.065 0.772 0.006 250 125132 250 128294.653 0 0
43630 1 1 4 0 0.08 0.398 0.049 0.764 0.705 1.393 136 3.831 161.5 0.727 0
43630 2 1 4 0 0.08 0.398 0.049 0.764 0.705 3.222 139 5.737 162.073 0.42 0
43630 3 1 4 0 0.08 0.398 0.049 0.764 0.705 0 2 0.006 2 1 1
43630 4 1 4 0 0.08 0.398 0.049 0.764 0.705 0 7 0.09 7 1 1
43630 5 1 4 0 0.08 0.398 0.049 0.764 0.705 0 12 0.076 12 1 0
43630 6 1 4 0 0.08 0.398 0.049 0.764 0.705 0 3 0.048 3.993 1 1
43630 7 1 4 0 0.08 0.398 0.049 0.764 0.705 0.05 6 0.116 6 1 1
43630 8 1 4 0 0.08 0.398 0.049 0.764 0.705 0 2 0.315 2.787 1 1
43630 9 1 4 0 0.08 0.398 0.049 0.764 0.705 2.724 163 4.781 179.087 0.6 0
43630 10 1 4 0 0.08 0.398 0.049 0.764 0.705 1.442 151 6.522 169.547 0.18 0
43630 1 1 4 0 0.009 0.208 0.465 0.81 0.576 0.796 97 1.688 111.96 1 0
43630 2 1 4 0 0.009 0.208 0.465 0.81 0.576 0 11 0.282 14.947 1 0
43630 3 1 4 0 0.009 0.208 0.465 0.81 0.576 0.994 106 2.1 115.193 1 0
43630 4 1 4 0 0.009 0.208 0.465 0.81 0.576 0.1 45 0.276 47.347 1 0
43630 5 1 4 0 0.009 0.208 0.465 0.81 0.576 1.044 106 2.362 126.733 1 0
43630 6 1 4 0 0.009 0.208 0.465 0.81 0.576 0 4 0.011 4 1 1
43630 7 1 4 0 0.009 0.208 0.465 0.81 0.576 2.039 110 3.038 126.787 1 0
43630 8 1 4 0 0.009 0.208 0.465 0.81 0.576 0 14 0.115 15.273 1 0
43630 9 1 4 0 0.009 0.208 0.465 0.81 0.576 0 13 0.031 13 1 0
43630 10 1 4 0 0.009 0.208 0.465 0.81 0.576 0 10 0.063 10 1 0
43630 1 1 4 0 0.074 0.098 0.234 0.844 0.31 0 14 0.052 14 1 0
43630 2 1 4 0 0.074 0.098 0.234 0.844 0.31 0 20 0.245 21.08 1 0
43630 3 1 4 0 0.074 0.098 0.234 0.844 0.31 0 5 0.019 5 1 1
43630 4 1 4 0 0.074 0.098 0.234 0.844 0.31 1.194 117 2.522 129.033 1 0
43630 5 1 4 0 0.074 0.098 0.234 0.844 0.31 0.846 114 1.64 123.967 1 0
43630 6 1 4 0 0.074 0.098 0.234 0.844 0.31 1.194 113 2.323 121.027 1 0
43630 7 1 4 0 0.074 0.098 0.234 0.844 0.31 1.493 115 2.765 133.44 1 0
43630 8 1 4 0 0.074 0.098 0.234 0.844 0.31 0.895 116 1.926 123.78 1 0
43630 9 1 4 0 0.074 0.098 0.234 0.844 0.31 1.138 111 2.059 120.667 1 0
43630 10 1 4 0 0.074 0.098 0.234 0.844 0.31 0 15 0.05 15 1 0
43630 1 1 4 0 0.003 0.331 0.163 0.769 0.235 136.748 231 146.094 326.333 0 0
43630 2 1 4 0 0.003 0.331 0.163 0.769 0.235 73.955 216 79.834 270.107 0 0
43630 3 1 4 0 0.003 0.331 0.163 0.769 0.235 157.994 226 163.167 306.133 0 0
43630 4 1 4 0 0.003 0.331 0.163 0.769 0.235 139.893 258 145.894 312.96 0 0
43630 5 1 4 0 0.003 0.331 0.163 0.769 0.235 147.463 302 157.326 404.613 0 0
43630 6 1 4 0 0.003 0.331 0.163 0.769 0.235 0 17 0.155 17 1 0
43630 7 1 4 0 0.003 0.331 0.163 0.769 0.235 110.143 235 116.096 321.007 0 0
43630 8 1 4 0 0.003 0.331 0.163 0.769 0.235 0 15 0.178 18.04 1 0
43630 9 1 4 0 0.003 0.331 0.163 0.769 0.235 157.184 285 167.41 361.58 0 0
43630 10 1 4 0 0.003 0.331 0.163 0.769 0.235 88.055 272 92.579 322.12 0 0
43630 1 1 4 0 0.101 0.306 0.18 0.877 0.928 1.64 122 2.694 132.213 1 0
43630 2 1 4 0 0.101 0.306 0.18 0.877 0.928 0.945 107 2.132 119.16 1 0
43630 3 1 4 0 0.101 0.306 0.18 0.877 0.928 0 10 0.148 10.493 1 0
43630 4 1 4 0 0.101 0.306 0.18 0.877 0.928 0 10 0.083 10 1 0
43630 5 1 4 0 0.101 0.306 0.18 0.877 0.928 0 7 0.066 7.347 1 1
43630 6 1 4 0 0.101 0.306 0.18 0.877 0.928 1.194 114 2.294 127.9 1 0
43630 7 1 4 0 0.101 0.306 0.18 0.877 0.928 0.05 13 0.213 14.547 1 0
43630 8 1 4 0 0.101 0.306 0.18 0.877 0.928 0 11 0.143 11 1 0
43630 9 1 4 0 0.101 0.306 0.18 0.877 0.928 1.74 124 2.385 134.7 1 0
43630 10 1 4 0 0.101 0.306 0.18 0.877 0.928 1.641 130 3.025 140.52 1 0
43630 1 1 4 0 0.033 0.252 0.465 0.85 0.261 3.033 117 4.45 130.687 0.707 0
43630 2 1 4 0 0.033 0.252 0.465 0.85 0.261 1.343 112 2.75 126.387 1 0
43630 3 1 4 0 0.033 0.252 0.465 0.85 0.261 1.591 110 3.469 134.367 0.967 0
43630 4 1 4 0 0.033 0.252 0.465 0.85 0.261 0 17 0.082 17 1 0
43630 5 1 4 0 0.033 0.252 0.465 0.85 0.261 0 13 0.119 13 1 0
43630 6 1 4 0 0.033 0.252 0.465 0.85 0.261 0.646 134 1.89 141.173 1 0
43630 7 1 4 0 0.033 0.252 0.465 0.85 0.261 1.99 96 2.738 108.327 1 0
43630 8 1 4 0 0.033 0.252 0.465 0.85 0.261 0.846 131 2.117 142.147 1 0
43630 9 1 4 0 0.033 0.252 0.465 0.85 0.261 1.294 135 2.296 150.14 1 0
43630 10 1 4 0 0.033 0.252 0.465 0.85 0.261 0.697 99 1.534 108.067 1 0
43630 1 1 4 0 0.029 0.461 0.15 0.877 0.067 245.021 1491 248.12 1789.933 0 0
43630 2 1 4 0 0.029 0.461 0.15 0.877 0.067 243.388 1532 247.965 1710.893 0 0
43630 3 1 4 0 0.029 0.461 0.15 0.877 0.067 244.278 1379 247.904 1554.56 0 0
43630 4 1 4 0 0.029 0.461 0.15 0.877 0.067 244.279 1579 248.057 1855.52 0 0
43630 5 1 4 0 0.029 0.461 0.15 0.877 0.067 242.063 1492 247.829 1632.693 0 0
43630 6 1 4 0 0.029 0.461 0.15 0.877 0.067 245.284 1616 248.072 1869.653 0 0
43630 7 1 4 0 0.029 0.461 0.15 0.877 0.067 245.954 1716 248.49 2061.293 0 0
43630 8 1 4 0 0.029 0.461 0.15 0.877 0.067 244.282 1603 248.444 2122.96 0 0
43630 9 1 4 0 0.029 0.461 0.15 0.877 0.067 245.666 1926 248.651 2406.467 0 0
43630 10 1 4 0 0.029 0.461 0.15 0.877 0.067 245.025 1851 248.483 1946.567 0 0
43630 1 1 4 0 0.05 0.366 0.279 0.911 0.999 1.243 114 1.874 121.793 1 0
43630 2 1 4 0 0.05 0.366 0.279 0.911 0.999 1.194 103 2.231 121.307 1 0
43630 3 1 4 0 0.05 0.366 0.279 0.911 0.999 0 30 0.144 30 1 0
43630 4 1 4 0 0.05 0.366 0.279 0.911 0.999 0.746 88 1.776 98.293 1 0
43630 5 1 4 0 0.05 0.366 0.279 0.911 0.999 1.194 102 2.111 110.127 1 0
43630 6 1 4 0 0.05 0.366 0.279 0.911 0.999 1.343 99 2.44 109.847 1 0
43630 7 1 4 0 0.05 0.366 0.279 0.911 0.999 0 9 0.003 9 1 1
43630 8 1 4 0 0.05 0.366 0.279 0.911 0.999 1.542 114 2.987 123.633 1 0
43630 9 1 4 0 0.05 0.366 0.279 0.911 0.999 0.05 15 0.221 16.313 1 0
43630 10 1 4 0 0.05 0.366 0.279 0.911 0.999 1.393 105 2.24 115.833 1 0
43630 1 1 9 1 0.094 0.251 0.419 0.869 0.036 236.995 604 243.193 698.153 0 0
43630 2 1 9 1 0.094 0.251 0.419 0.869 0.036 236.83 553 244.155 703.62 0 0
43630 3 1 9 1 0.094 0.251 0.419 0.869 0.036 239.788 572 244.583 686.213 0 0
43630 4 1 9 1 0.094 0.251 0.419 0.869 0.036 237.536 599 243.719 699.527 0 0
43630 5 1 9 1 0.094 0.251 0.419 0.869 0.036 241.702 620 245.937 728.38 0 0
43630 6 1 9 1 0.094 0.251 0.419 0.869 0.036 239.433 668 244.703 780.947 0 0
43630 7 1 9 1 0.094 0.251 0.419 0.869 0.036 234.146 526 242.683 689.94 0 0
43630 8 1 9 1 0.094 0.251 0.419 0.869 0.036 241.726 623 245.31 772.687 0 0
43630 9 1 9 1 0.094 0.251 0.419 0.869 0.036 241.938 630 245.834 773.68 0 0
43630 10 1 9 1 0.094 0.251 0.419 0.869 0.036 240.023 606 244.414 697.667 0 0
43630 1 1 9 1 0.098 0.188 0.356 0.751 0.658 0 7 0.108 7.027 1 1
43630 2 1 9 1 0.098 0.188 0.356 0.751 0.658 0 10 0.156 10.253 1 0
43630 3 1 9 1 0.098 0.188 0.356 0.751 0.658 0 32 0.171 32 1 0
43630 4 1 9 1 0.098 0.188 0.356 0.751 0.658 0.1 24 0.374 24.127 1 0
43630 5 1 9 1 0.098 0.188 0.356 0.751 0.658 0 7 0.114 7.367 1 1
43630 6 1 9 1 0.098 0.188 0.356 0.751 0.658 0 6 0.048 6 1 1
43630 7 1 9 1 0.098 0.188 0.356 0.751 0.658 0.05 16 0.228 16 1 0
43630 8 1 9 1 0.098 0.188 0.356 0.751 0.658 0 11 0.095 11 1 0
43630 9 1 9 1 0.098 0.188 0.356 0.751 0.658 0 15 0.122 15.94 1 0
43630 10 1 9 1 0.098 0.188 0.356 0.751 0.658 0 10 0 10 1 0
43630 1 1 9 1 0.072 0.184 0.007 0.992 0.706 0 10 0.075 10 1 0
43630 2 1 9 1 0.072 0.184 0.007 0.992 0.706 0 8 0.036 8 1 1
43630 3 1 9 1 0.072 0.184 0.007 0.992 0.706 0 7 0.08 7.407 1 1
43630 4 1 9 1 0.072 0.184 0.007 0.992 0.706 0 20 0.19 22.207 1 0
43630 5 1 9 1 0.072 0.184 0.007 0.992 0.706 0 10 0.155 12.48 1 0
43630 6 1 9 1 0.072 0.184 0.007 0.992 0.706 0 5 0.103 6.673 1 1
43630 7 1 9 1 0.072 0.184 0.007 0.992 0.706 0 6 0 6.08 1 1
43630 8 1 9 1 0.072 0.184 0.007 0.992 0.706 0 13 0.177 13.18 1 0
43630 9 1 9 1 0.072 0.184 0.007 0.992 0.706 0.1 11 0.326 11.34 1 0
43630 10 1 9 1 0.072 0.184 0.007 0.992 0.706 1.834 111 3.679 129.507 0.96 0
43630 1 1 9 1 0.029 0.261 0.129 0.894 0.322 4.46 162 8.125 199.7 0.1 0
43630 2 1 9 1 0.029 0.261 0.129 0.894 0.322 127.811 212 138.469 284.1 0 0
43630 3 1 9 1 0.029 0.261 0.129 0.894 0.322 138.141 243 144.501 334.06 0 0
43630 4 1 9 1 0.029 0.261 0.129 0.894 0.322 123.461 243 130.599 307.467 0 0
43630 5 1 9 1 0.029 0.261 0.129 0.894 0.322 78.65 214 83.749 276.027 0 0
43630 6 1 9 1 0.029 0.261 0.129 0.894 0.322 129.921 247 139.799 349.367 0 0
43630 7 1 9 1 0.029 0.261 0.129 0.894 0.322 53.327 131 60.852 201.12 0 0
43630 8 1 9 1 0.029 0.261 0.129 0.894 0.322 108.777 223 118.886 299.207 0 0
43630 9 1 9 1 0.029 0.261 0.129 0.894 0.322 78.342 181 87.861 249.913 0 0
43630 10 1 9 1 0.029 0.261 0.129 0.894 0.322 113.347 244 129.545 320.46 0 0
43630 1 1 9 1 0.102 0.012 0.058 0.869 0.515 0 10 0.115 10.987 1 0
43630 2 1 9 1 0.102 0.012 0.058 0.869 0.515 0 5 0 5 1 1
43630 3 1 9 1 0.102 0.012 0.058 0.869 0.515 0 12 0.146 14.113 1 0
43630 4 1 9 1 0.102 0.012 0.058 0.869 0.515 0 10 0.088 10 1 0
43630 5 1 9 1 0.102 0.012 0.058 0.869 0.515 0 11 0.068 11.693 1 0
43630 6 1 9 1 0.102 0.012 0.058 0.869 0.515 0 7 0.082 7.78 1 0.747
43630 7 1 9 1 0.102 0.012 0.058 0.869 0.515 0 16 0.151 16 1 0
43630 8 1 9 1 0.102 0.012 0.058 0.869 0.515 0 4 0.047 4.92 1 1
43630 9 1 9 1 0.102 0.012 0.058 0.869 0.515 0 9 0.097 9 1 1
43630 10 1 9 1 0.102 0.012 0.058 0.869 0.515 0 15 0.059 15 1 0
43630 1 1 9 1 0.07 0.245 0.224 0.914 0.432 1.094 110 3.429 133.827 0.793 0
43630 2 1 9 1 0.07 0.245 0.224 0.914 0.432 1.541 122 3.388 143.573 0.833 0
43630 3 1 9 1 0.07 0.245 0.224 0.914 0.432 0.498 135 1.395 144.92 1 0
43630 4 1 9 1 0.07 0.245 0.224 0.914 0.432 0 17 0.093 17 1 0
43630 5 1 9 1 0.07 0.245 0.224 0.914 0.432 2.437 112 6 148.333 0.213 0
43630 6 1 9 1 0.07 0.245 0.224 0.914 0.432 2.977 123 5.588 147.213 0.367 0
43630 7 1 9 1 0.07 0.245 0.224 0.914 0.432 0.199 51 0.577 55.267 1 0
43630 8 1 9 1 0.07 0.245 0.224 0.914 0.432 0.945 107 2.503 121.4 0.953 0
43630 9 1 9 1 0.07 0.245 0.224 0.914 0.432 0 9 0.148 9.22 1 0.867
43630 10 1 9 1 0.07 0.245 0.224 0.914 0.432 3.114 112 5.506 133.553 0.38 0
43630 1 1 9 1 0.032 0.253 0.264 0.789 0.029 239.209 850 244.051 994.767 0 0
43630 2 1 9 1 0.032 0.253 0.264 0.789 0.029 243.396 1075 247.441 1195.613 0 0
43630 3 1 9 1 0.032 0.253 0.264 0.789 0.029 241.182 953 246.557 1051.887 0 0
43630 4 1 9 1 0.032 0.253 0.264 0.789 0.029 238.197 880 245.597 1153.313 0 0
43630 5 1 9 1 0.032 0.253 0.264 0.789 0.029 242.222 961 247.077 1115.82 0 0
43630 6 1 9 1 0.032 0.253 0.264 0.789 0.029 236.277 802 245.355 927.2 0 0
43630 7 1 9 1 0.032 0.253 0.264 0.789 0.029 234.997 734 245.507 976.72 0 0
43630 8 1 9 1 0.032 0.253 0.264 0.789 0.029 241.209 971 246.741 1078.893 0 0
43630 9 1 9 1 0.032 0.253 0.264 0.789 0.029 242.445 846 246.563 1019.833 0 0
43630 10 1 9 1 0.032 0.253 0.264 0.789 0.029 243.343 972 247.435 1161.633 0 0
43630 1 1 9 1 0.055 0.28 0.294 0.807 0.33 0.895 124 3.141 139.367 0.827 0
43630 2 1 9 1 0.055 0.28 0.294 0.807 0.33 2.316 128 4.235 150.68 0.767 0
43630 3 1 9 1 0.055 0.28 0.294 0.807 0.33 2.635 126 4.53 153.64 0.733 0
43630 4 1 9 1 0.055 0.28 0.294 0.807 0.33 2.072 126 3.311 141.227 0.927 0
43630 5 1 9 1 0.055 0.28 0.294 0.807 0.33 0.796 94 2.079 123.167 1 0
43630 6 1 9 1 0.055 0.28 0.294 0.807 0.33 1.84 135 3.124 147.92 1 0
43630 7 1 9 1 0.055 0.28 0.294 0.807 0.33 2.464 138 4.104 155.78 0.9 0
43630 8 1 9 1 0.055 0.28 0.294 0.807 0.33 1.293 137 4.369 159.293 0.653 0
43630 1 2 4 1 0.06 0.204 0.355 0.836 0.293 22.649 109 26.318 152.58 0 0
43630 2 2 4 1 0.06 0.204 0.355 0.836 0.293 1.79 91 3.328 115.24 1 0
43630 3 2 4 1 0.06 0.204 0.355 0.836 0.293 19.958 111 26.599 167.36 0 0
43630 4 2 4 1 0.06 0.204 0.355 0.836 0.293 1.891 97 5.011 112.353 0.533 0
43630 5 2 4 1 0.06 0.204 0.355 0.836 0.293 2.747 97 6.002 118.953 0.333 0
43630 6 2 4 1 0.06 0.204 0.355 0.836 0.293 31.146 152 33.618 184.74 0 0
43630 7 2 4 1 0.06 0.204 0.355 0.836 0.293 3.867 81 8.001 116.813 0.1 0
43630 8 2 4 1 0.06 0.204 0.355 0.836 0.293 26.838 102 30.539 141.693 0 0
43630 9 2 4 1 0.06 0.204 0.355 0.836 0.293 2.139 129 3.887 147.833 0.873 0
43630 10 2 4 1 0.06 0.204 0.355 0.836 0.293 2.081 126 4.476 149.933 0.567 0
43630 1 2 4 1 0.095 0.124 0.174 0.769 0.053 245.285 1566 248.65 1906.96 0 0
43630 2 2 4 1 0.095 0.124 0.174 0.769 0.053 245.554 1501 248.361 1766.8 0 0
43630 3 2 4 1 0.095 0.124 0.174 0.769 0.053 244.87 1507 248.563 1739.567 0 0
43630 4 2 4 1 0.095 0.124 0.174 0.769 0.053 245.733 1695 248.583 2042.173 0 0
43630 5 2 4 1 0.095 0.124 0.174 0.769 0.053 245.875 1312 248.436 1565.9 0 0
43630 6 2 4 1 0.095 0.124 0.174 0.769 0.053 245.028 1533 248.476 1887.86 0 0
43630 7 2 4 1 0.095 0.124 0.174 0.769 0.053 245.614 1521 248.616 1856.787 0 0
43630 8 2 4 1 0.095 0.124 0.174 0.769 0.053 245.123 1571 248.499 1849.74 0 0
43630 9 2 4 1 0.095 0.124 0.174 0.769 0.053 246.132 1829 248.383 2233.06 0 0
43630 10 2 4 1 0.095 0.124 0.174 0.769 0.053 245.89 1680 248.486 1904.773 0 0
43630 1 2 4 1 0.014 0.082 0.204 0.969 0.968 1.84 117 3.113 130.88 1 0
43630 2 2 4 1 0.014 0.082 0.204 0.969 0.968 1.74 90 3.683 118.38 0.953 0
43630 3 2 4 1 0.014 0.082 0.204 0.969 0.968 2.477 111 5.105 134.387 0.547 0
43630 4 2 4 1 0.014 0.082 0.204 0.969 0.968 1.194 100 2.992 119.653 0.893 0
43630 5 2 4 1 0.014 0.082 0.204 0.969 0.968 1.739 117 3.271 138.527 0.953 0
43630 6 2 4 1 0.014 0.082 0.204 0.969 0.968 3.032 120 4.493 133.833 0.773 0
43630 7 2 4 1 0.014 0.082 0.204 0.969 0.968 1.392 107 3.136 122.52 0.96 0
43630 8 2 4 1 0.014 0.082 0.204 0.969 0.968 1.641 135 3.939 162.907 0.767 0
43630 9 2 4 1 0.014 0.082 0.204 0.969 0.968 1.691 115 3.225 127.267 0.92 0
43630 10 2 4 1 0.014 0.082 0.204 0.969 0.968 1.492 106 3.089 123.773 0.993 0
43630 1 2 4 1 0.068 0.192 0.363 0.897 0.987 1.095 108 3.046 122.047 1 0
43630 2 2 4 1 0.068 0.192 0.363 0.897 0.987 1.84 101 3.298 122.1 0.98 0
43630 3 2 4 1 0.068 0.192 0.363 0.897 0.987 2.139 109 3.14 125.933 0.993 0
43630 4 2 4 1 0.068 0.192 0.363 0.897 0.987 1.89 109 3.599 129.08 1 0
43630 5 2 4 1 0.068 0.192 0.363 0.897 0.987 2.684 108 4.31 138.94 0.787 0
43630 6 2 4 1 0.068 0.192 0.363 0.897 0.987 1.84 122 3.471 138.727 0.933 0
43630 7 2 4 1 0.068 0.192 0.363 0.897 0.987 2.335 86 3.653 119.013 0.933 0
43630 8 2 4 1 0.068 0.192 0.363 0.897 0.987 1.493 91 3.154 112.18 1 0
43630 9 2 4 1 0.068 0.192 0.363 0.897 0.987 1.094 107 2.711 125.207 0.98 0
43630 10 2 4 1 0.068 0.192 0.363 0.897 0.987 1.84 129 2.88 144.033 1 0
43630 1 2 4 1 0.058 0.273 0.031 0.805 0.272 249.688 17510 249.988 21333.04 0 0
43630 2 2 4 1 0.058 0.273 0.031 0.805 0.272 248.944 13268 249.921 14367.933 0 0
43630 3 2 4 1 0.058 0.273 0.031 0.805 0.272 248.901 8642 249.821 9298.68 0 0
43630 4 2 4 1 0.058 0.273 0.031 0.805 0.272 249.045 12771 249.93 14565.12 0 0
43630 5 2 4 1 0.058 0.273 0.031 0.805 0.272 249.215 13177 249.95 16720.687 0 0
43630 6 2 4 1 0.058 0.273 0.031 0.805 0.272 249.291 11917 249.918 12716.193 0 0
43630 7 2 4 1 0.058 0.273 0.031 0.805 0.272 249.61 14303 249.971 18227.86 0 0
43630 8 2 4 1 0.058 0.273 0.031 0.805 0.272 249.384 13055 249.931 13694.393 0 0
43630 9 2 4 1 0.058 0.273 0.031 0.805 0.272 248.778 10980 249.821 11981.913 0 0
43630 10 2 4 1 0.058 0.273 0.031 0.805 0.272 249.077 12621 249.907 13436.467 0 0
43630 1 2 10 1 0.081 0.271 0.215 0.908 0.477 1.692 101 3.75 131.887 0.787 0
43630 2 2 10 1 0.081 0.271 0.215 0.908 0.477 1.975 96 5.24 124.953 0.4 0
43630 3 2 10 1 0.081 0.271 0.215 0.908 0.477 1.283 69 4.444 97.453 0.66 0
43630 4 2 10 1 0.081 0.271 0.215 0.908 0.477 3.031 113 7.035 147.553 0.24 0
43630 5 2 10 1 0.081 0.271 0.215 0.908 0.477 2.634 79 5.523 104.887 0.433 0
43630 6 2 10 1 0.081 0.271 0.215 0.908 0.477 2.808 95 4.722 118.553 0.607 0
43630 7 2 10 1 0.081 0.271 0.215 0.908 0.477 3.224 97 6.722 121.6 0.2 0
43630 8 2 10 1 0.081 0.271 0.215 0.908 0.477 2.653 104 4.31 130.067 0.753 0
43630 9 2 10 1 0.081 0.271 0.215 0.908 0.477 2.682 93 6.341 118.12 0.287 0
43630 10 2 10 1 0.081 0.271 0.215 0.908 0.477 1.492 62 5.67 88.58 0.627 0
43630 1 2 10 1 0.026 0.113 0.126 0.89 0.665 1.393 66 2.907 81.52 1 0
43630 2 2 10 1 0.026 0.113 0.126 0.89 0.665 1.194 81 2.644 107.933 0.987 0
43630 3 2 10 1 0.026 0.113 0.126 0.89 0.665 1.938 92 3.473 113.167 0.973 0
43630 4 2 10 1 0.026 0.113 0.126 0.89 0.665 1.99 77 3.557 102.933 1 0
43630 5 2 10 1 0.026 0.113 0.126 0.89 0.665 1.343 94 2.739 114.133 1 0
43630 6 2 10 1 0.026 0.113 0.126 0.89 0.665 0.846 95 2.509 116.427 1 0
43630 7 2 10 1 0.026 0.113 0.126 0.89 0.665 1.193 94 2.722 110.913 0.973 0
43630 8 2 10 1 0.026 0.113 0.126 0.89 0.665 0.945 90 2.833 103.613 1 0
43630 9 2 10 1 0.026 0.113 0.126 0.89 0.665 0.796 90 2.466 110.093 1 0
43630 10 2 10 1 0.026 0.113 0.126 0.89 0.665 0.796 84 1.737 95.307 1 0
43630 1 2 10 1 0.031 0.353 0.362 0.777 0.332 4.959 70 6.85 95.447 0.007 0
43630 2 2 10 1 0.031 0.353 0.362 0.777 0.332 31.25 93 34.391 154.927 0 0
43630 3 2 10 1 0.031 0.353 0.362 0.777 0.332 12.455 81 15.383 117.313 0 0
43630 4 2 10 1 0.031 0.353 0.362 0.777 0.332 2.471 64 6.327 94.493 0.373 0
43630 5 2 10 1 0.031 0.353 0.362 0.777 0.332 0 10 0.091 10.26 1 0
43630 6 2 10 1 0.031 0.353 0.362 0.777 0.332 42.331 115 47.235 163.22 0 0
43630 7 2 10 1 0.031 0.353 0.362 0.777 0.332 0.746 71 3.797 107.287 0.647 0
43630 8 2 10 1 0.031 0.353 0.362 0.777 0.332 4.245 74 7.292 109.92 0.18 0
43630 9 2 10 1 0.031 0.353 0.362 0.777 0.332 29.72 69 36.387 113.473 0 0
43630 10 2 10 1 0.031 0.353 0.362 0.777 0.332 3.436 89 9.19 121.067 0.233 0
43630 1 2 10 1 0.102 0.331 0.372 0.808 0.227 80.716 143 86.929 212.853 0 0
43630 2 2 10 1 0.102 0.331 0.372 0.808 0.227 81.448 168 87.147 227.48 0 0
43630 3 2 10 1 0.102 0.331 0.372 0.808 0.227 85.584 175 95.384 251.527 0 0
43630 4 2 10 1 0.102 0.331 0.372 0.808 0.227 51.378 121 57.441 171.5 0 0
43630 5 2 10 1 0.102 0.331 0.372 0.808 0.227 85.504 145 89.269 204.807 0 0
43630 6 2 10 1 0.102 0.331 0.372 0.808 0.227 76.065 160 81.496 223.187 0 0
43630 7 2 10 1 0.102 0.331 0.372 0.808 0.227 94.965 143 99.883 235.62 0 0
43630 8 2 10 1 0.102 0.331 0.372 0.808 0.227 87.31 144 91.428 223.013 0 0
43630 9 2 10 1 0.102 0.331 0.372 0.808 0.227 120.436 267 129.707 358.167 0 0
43630 10 2 10 1 0.102 0.331 0.372 0.808 0.227 70.818 120 81.645 187.447 0 0
43630 1 2 10 1 0.051 0.271 0.318 0.77 0.37 1.378 75 4.504 110.253 0.5 0
43630 2 2 10 1 0.051 0.271 0.318 0.77 0.37 3.68 72 7.987 100.06 0.167 0
43630 3 2 10 1 0.051 0.271 0.318 0.77 0.37 2.088 78 4.644 105.513 0.653 0
43630 4 2 10 1 0.051 0.271 0.318 0.77 0.37 21.209 98 24.354 140.627 0 0
43630 5 2 10 1 0.051 0.271 0.318 0.77 0.37 1.685 93 3.805 123.353 0.807 0
43630 6 2 10 1 0.051 0.271 0.318 0.77 0.37 1.84 76 5.394 111.547 0.42 0
43630 7 2 10 1 0.051 0.271 0.318 0.77 0.37 1.641 57 3.452 93.333 0.907 0
43630 8 2 10 1 0.051 0.271 0.318 0.77 0.37 3.067 70 4.823 97.567 0.653 0
43630 9 2 10 1 0.051 0.271 0.318 0.77 0.37 1.433 87 5.255 110.907 0.547 0
43630 10 2 10 1 0.051 0.271 0.318 0.77 0.37 2.635 97 5.72 119.027 0.313 0
43630 1 2 10 1 0.007 0.084 0.321 0.923 0.604 0 6 0.039 6 1 1
43630 2 2 10 1 0.007 0.084 0.321 0.923 0.604 216.478 0 226.013 9.76 0 0.86
43630 3 2 10 1 0.007 0.084 0.321 0.923 0.604 201.147 1 208.386 5.293 0 0.873
43630 4 2 10 1 0.007 0.084 0.321 0.923 0.604 209.081 2 215.364 7.993 0 0.887
43630 5 2 10 1 0.007 0.084 0.321 0.923 0.604 206.934 1 215.962 8.6 0 0.873
43630 6 2 10 1 0.007 0.084 0.321 0.923 0.604 1.492 79 2.602 100.087 1 0
43630 7 2 10 1 0.007 0.084 0.321 0.923 0.604 210.424 1 224.175 5.633 0 0.9
43630 8 2 10 1 0.007 0.084 0.321 0.923 0.604 0 5 0.058 5 1 1
43630 9 2 10 1 0.007 0.084 0.321 0.923 0.604 1.639 91 2.594 104.533 1 0
43630 10 2 10 1 0.007 0.084 0.321 0.923 0.604 218.939 1 224.439 7.613 0 0.867
43630 1 2 10 1 0.114 0.161 0.226 0.992 0.104 243.056 773 246.24 913.067 0 0
43630 2 2 10 1 0.114 0.161 0.226 0.992 0.104 239.249 684 245.26 950.48 0 0
43630 3 2 10 1 0.114 0.161 0.226 0.992 0.104 239.589 730 245.339 889.467 0 0
43630 4 2 10 1 0.114 0.161 0.226 0.992 0.104 241.499 680 245.595 883.987 0 0
43630 5 2 10 1 0.114 0.161 0.226 0.992 0.104 237.591 714 245.057 921.087 0 0
43630 6 2 10 1 0.114 0.161 0.226 0.992 0.104 239.972 745 245.639 919.02 0 0
43630 7 2 10 1 0.114 0.161 0.226 0.992 0.104 240.731 825 245.877 996.007 0 0
43630 8 2 10 1 0.114 0.161 0.226 0.992 0.104 240.845 691 245.509 962.08 0 0
43630 9 2 10 1 0.114 0.161 0.226 0.992 0.104 241.32 713 246.006 848.027 0 0
43630 10 2 10 1 0.114 0.161 0.226 0.992 0.104 241.728 815 246.888 963.44 0 0
43630 1 2 10 1 0.065 0.449 0.271 0.766 0.367 95.268 178 98.92 242.46 0 0
43630 2 2 10 1 0.065 0.449 0.271 0.766 0.367 65.736 127 78.473 191.467 0 0
43630 1 1 7 0 0.089 0.337 0.251 0.894 0.403 0.746 123 1.992 134.407 1 0
43630 2 1 7 0 0.089 0.337 0.251 0.894 0.403 1.64 142 3.898 154.273 0.7 0
43630 3 1 7 0 0.089 0.337 0.251 0.894 0.403 3.194 135 5.884 159.533 0.453 0
43630 4 1 7 0 0.089 0.337 0.251 0.894 0.403 2.784 161 4.502 174.72 0.673 0
43630 5 1 7 0 0.089 0.337 0.251 0.894 0.403 1.791 91 4.924 110.2 0.587 0
43630 6 1 7 0 0.089 0.337 0.251 0.894 0.403 2.238 142 3.435 158.587 1 0
43630 7 1 7 0 0.089 0.337 0.251 0.894 0.403 1.292 152 2.616 166.327 0.967 0
43630 8 1 7 0 0.089 0.337 0.251 0.894 0.403 27.904 93 32.982 141.087 0 0
43630 9 1 7 0 0.089 0.337 0.251 0.894 0.403 2.534 126 5.008 146.9 0.74 0
43630 10 1 7 0 0.089 0.337 0.251 0.894 0.403 1.683 124 4.79 147.98 0.567 0
43630 1 1 7 0 0.068 0.449 0.393 0.961 0.792 0 10 0.157 10.713 1 0
43630 2 1 7 0 0.068 0.449 0.393 0.961 0.792 0 12 0.042 12 1 0
43630 3 1 7 0 0.068 0.449 0.393 0.961 0.792 0 7 0 7 1 1
43630 4 1 7 0 0.068 0.449 0.393 0.961 0.792 0 10 0.045 10 1 0
43630 5 1 7 0 0.068 0.449 0.393 0.961 0.792 0.597 71 1.653 81.433 1 0
43630 6 1 7 0 0.068 0.449 0.393 0.961 0.792 0.896 83 1.974 107.087 1 0
43630 7 1 7 0 0.068 0.449 0.393 0.961 0.792 0 17 0.05 17 1 0
43630 8 1 7 0 0.068 0.449 0.393 0.961 0.792 0 12 0.095 12 1 0
43630 9 1 7 0 0.068 0.449 0.393 0.961 0.792 0.05 15 0.243 15.267 1 0
43630 10 1 7 0 0.068 0.449 0.393 0.961 0.792 0 11 0.045 11 1 0
43630 1 1 7 0 0.038 0.331 0.09 0.948 0.35 238.912 532 243.943 672.273 0 0
43630 2 1 7 0 0.038 0.331 0.09 0.948 0.35 238.291 504 243.435 669.527 0 0
43630 3 1 7 0 0.038 0.331 0.09 0.948 0.35 231.511 532 239.129 683.227 0 0
43630 4 1 7 0 0.038 0.331 0.09 0.948 0.35 240.574 588 245.679 747.873 0 0
43630 5 1 7 0 0.038 0.331 0.09 0.948 0.35 238.826 580 244.014 723.693 0 0
43630 6 1 7 0 0.038 0.331 0.09 0.948 0.35 232.509 586 242.704 709.86 0 0
43630 7 1 7 0 0.038 0.331 0.09 0.948 0.35 237.404 574 244.596 735.253 0 0
43630 8 1 7 0 0.038 0.331 0.09 0.948 0.35 234.712 493 244.279 699.673 0 0
43630 9 1 7 0 0.038 0.331 0.09 0.948 0.35 240.107 626 245.464 846.853 0 0
43630 10 1 7 0 0.038 0.331 0.09 0.948 0.35 239.158 592 244.877 730.453 0 0
43630 1 1 7 0 0.006 0.239 0.386 0.751 0.439 0 23 0.336 25.48 1 0
43630 2 1 7 0 0.006 0.239 0.386 0.751 0.439 0 10 0.006 10 1 0
43630 3 1 7 0 0.006 0.239 0.386 0.751 0.439 0 10 0 10 1 0
43630 4 1 7 0 0.006 0.239 0.386 0.751 0.439 0 10 0.034 10 1 0
43630 5 1 7 0 0.006 0.239 0.386 0.751 0.439 0 7 0.065 7.12 1 1
43630 6 1 7 0 0.006 0.239 0.386 0.751 0.439 0 11 0.184 11.76 1 0
43630 7 1 7 0 0.006 0.239 0.386 0.751 0.439 0 9 0.156 10.1 1 0.613
43630 8 1 7 0 0.006 0.239 0.386 0.751 0.439 0 10 0.007 10 1 0
43630 9 1 7 0 0.006 0.239 0.386 0.751 0.439 0 14 0.145 17.033 1 0
43630 10 1 7 0 0.006 0.239 0.386 0.751 0.439 0.498 86 1.864 102.52 1 0
43630 1 1 7 0 0.099 0.375 0.297 0.782 0.688 0 13 0.056 13.507 1 0
43630 2 1 7 0 0.099 0.375 0.297 0.782 0.688 0 7 0.003 7 1 1
43630 3 1 7 0 0.099 0.375 0.297 0.782 0.688 0 6 0.015 6 1 1
43630 4 1 7 0 0.099 0.375 0.297 0.782 0.688 0 13 0.223 14.3 1 0
43630 5 1 7 0 0.099 0.375 0.297 0.782 0.688 0 11 0.033 11 1 0
43630 6 1 7 0 0.099 0.375 0.297 0.782 0.688 0 8 0 8 1 1
43630 7 1 7 0 0.099 0.375 0.297 0.782 0.688 0 15 0.075 15 1 0
43630 8 1 7 0 0.099 0.375 0.297 0.782 0.688 0 11 0.025 11 1 0
43630 9 1 7 0 0.099 0.375 0.297 0.782 0.688 0.896 96 1.988 109.093 1 0
43630 10 1 7 0 0.099 0.375 0.297 0.782 0.688 0 25 0.109 25 1 0
43630 1 1 7 0 0.033 0.291 0.346 0.798 0.279 1.441 130 3.391 151.833 0.867 0
43630 2 1 7 0 0.033 0.291 0.346 0.798 0.279 0 14 0.115 15.2 1 0
43630 3 1 7 0 0.033 0.291 0.346 0.798 0.279 2.334 120 4.769 141.147 0.553 0
43630 4 1 7 0 0.033 0.291 0.346 0.798 0.279 0.796 136 2.3 149.76 1 0
43630 5 1 7 0 0.033 0.291 0.346 0.798 0.279 0 10 0.034 10 1 0
43630 6 1 7 0 0.033 0.291 0.346 0.798 0.279 2.278 130 4.105 152.793 0.773 0
43630 7 1 7 0 0.033 0.291 0.346 0.798 0.279 1.433 111 3.829 129.027 0.84 0
43630 8 1 7 0 0.033 0.291 0.346 0.798 0.279 0 12 0.067 12 1 0
43630 9 1 7 0 0.033 0.291 0.346 0.798 0.279 0.944 107 2.917 126.273 0.92 0
43630 10 1 7 0 0.033 0.291 0.346 0.798 0.279 1.393 94 3.495 118.06 0.853 0
43630 1 1 7 0 0.022 0.041 0.176 0.836 0.908 0 19 0.179 22.587 1 0
43630 2 1 7 0 0.022 0.041 0.176 0.836 0.908 0 29 0.128 29 1 0
43630 3 1 7 0 0.022 0.041 0.176 0.836 0.908 0 6 0 6 1 1
43630 4 1 7 0 0.022 0.041 0.176 0.836 0.908 0.597 90 1.685 105.073 1 0
43630 5 1 7 0 0.022 0.041 0.176 0.836 0.908 0 6 0.025 6.06 1 1
43630 6 1 7 0 0.022 0.041 0.176 0.836 0.908 0 15 0.136 15.78 1 0
43630 7 1 7 0 0.022 0.041 0.176 0.836 0.908 0 13 0.057 13 1 0
43630 8 1 7 0 0.022 0.041 0.176 0.836 0.908 0 13 0.111 13 1 0
43630 9 1 7 0 0.022 0.041 0.176 0.836 0.908 1.393 104 2.546 113.5 1 0
43630 10 1 7 0 0.022 0.041 0.176 0.836 0.908 0 8 0.053 8 1 1
43630 1 1 7 0 0.049 0.075 0.05 0.992 0.531 0 7 0.071 7 1 1
43630 2 1 7 0 0.049 0.075 0.05 0.992 0.531 0 13 0.069 13 1 0
43630 3 1 7 0 0.049 0.075 0.05 0.992 0.531 0 12 0.044 13.727 1 0
43630 4 1 7 0 0.049 0.075 0.05 0.992 0.531 0 9 0.003 9 1 1
43630 5 1 7 0 0.049 0.075 0.05 0.992 0.531 0.05 18 0.156 19.653 1 0
43630 6 1 7 0 0.049 0.075 0.05 0.992 0.531 0 3 0.122 4.84 1 1
43630 7 1 7 0 0.049 0.075 0.05 0.992 0.531 0 15 0.061 16.487 1 0
43630 8 1 7 0 0.049 0.075 0.05 0.992 0.531 0 11 0.163 11 1 0
43630 9 1 7 0 0.049 0.075 0.05 0.992 0.531 1.641 127 3.34 155.273 0.96 0
43630 10 1 7 0 0.049 0.075 0.05 0.992 0.531 0.05 19 0.189 20.5 1 0
43630 1 1 7 0 0.035 0.108 0.144 0.885 0.382 0 8 0.027 8 1 1
43630 2 1 7 0 0.035 0.108 0.144 0.885 0.382 0.498 101 2.037 111.367 1 0
43630 3 1 7 0 0.035 0.108 0.144 0.885 0.382 1.542 136 3.709 153.26 0.927 0
43630 4 1 7 0 0.035 0.108 0.144 0.885 0.382 1.095 113 2.57 134.5 1 0
43630 5 1 7 0 0.035 0.108 0.144 0.885 0.382 0 10 0.112 10.573 1 0
43630 6 1 7 0 0.035 0.108 0.144 0.885 0.382 0 15 0.082 16.287 1 0
43630 7 1 7 0 0.035 0.108 0.144 0.885 0.382 1.64 132 3.028 147.873 1 0
43630 8 1 7 0 0.035 0.108 0.144 0.885 0.382 0.1 15 0.258 16.147 1 0
43630 1 1 5 0 0.094 0.245 0.104 0.906 0.093 248.285 7298 249.515 7584.733 0 0
43630 2 1 5 0 0.094 0.245 0.104 0.906 0.093 247.378 5907 249.388 6526.913 0 0
43630 3 1 5 0 0.094 0.245 0.104 0.906 0.093 246.3 4874 249.26 5363.487 0 0
43630 4 1 5 0 0.094 0.245 0.104 0.906 0.093 247.315 4030 249.269 4432.187 0 0
43630 5 1 5 0 0.094 0.245 0.104 0.906 0.093 245.707 3919 249.024 4415.14 0 0
43630 6 1 5 0 0.094 0.245 0.104 0.906 0.093 246.848 6609 249.311 7069.033 0 0
43630 7 1 5 0 0.094 0.245 0.104 0.906 0.093 247.761 6545 249.6 7816.3 0 0
43630 8 1 5 0 0.094 0.245 0.104 0.906 0.093 248.078 6977 249.684 7431.16 0 0
43630 9 1 5 0 0.094 0.245 0.104 0.906 0.093 247.705 5802 249.446 6794.193 0 0
43630 10 1 5 0 0.094 0.245 0.104 0.906 0.093 247.771 5492 249.405 5847.813 0 0
43630 1 1 5 0 0.018 0.272 0.055 0.918 0.405 0 4 0 4 1 1
43630 2 1 5 0 0.018 0.272 0.055 0.918 0.405 234.038 529 240.534 604.933 0 0
43630 3 1 5 0 0.018 0.272 0.055 0.918 0.405 234.715 562 243.789 740.207 0 0
43630 4 1 5 0 0.018 0.272 0.055 0.918 0.405 237.174 462 241.594 578.24 0 0
43630 5 1 5 0 0.018 0.272 0.055 0.918 0.405 236.259 573 242.747 739.333 0 0
43630 6 1 5 0 0.018 0.272 0.055 0.918 0.405 0 4 0 4 1 1
43630 7 1 5 0 0.018 0.272 0.055 0.918 0.405 240.035 634 243.977 736.047 0 0
43630 8 1 5 0 0.018 0.272 0.055 0.918 0.405 234.128 502 240.101 641.387 0 0
43630 9 1 5 0 0.018 0.272 0.055 0.918 0.405 239.268 598 244.494 724.207 0 0
43630 10 1 5 0 0.018 0.272 0.055 0.918 0.405 240.471 620 245.133 771.987 0 0
43630 1 1 5 0 0.119 0.35 0.458 0.919 0.26 1.782 108 3.648 129.753 0.913 0
43630 2 1 5 0 0.119 0.35 0.458 0.919 0.26 0 8 0.073 8 1 1
43630 3 1 5 0 0.119 0.35 0.458 0.919 0.26 0.945 124 3.457 132.547 0.707 0
43630 4 1 5 0 0.119 0.35 0.458 0.919 0.26 0.896 114 2.157 122.293 1 0
43630 5 1 5 0 0.119 0.35 0.458 0.919 0.26 2.038 144 3.546 160.673 0.953 0
43630 6 1 5 0 0.119 0.35 0.458 0.919 0.26 1.491 127 2.764 138.073 1 0
43630 7 1 5 0 0.119 0.35 0.458 0.919 0.26 1.683 121 4.835 143.78 0.433 0
43630 8 1 5 0 0.119 0.35 0.458 0.919 0.26 0.05 25 0.166 25 1 0
43630 9 1 5 0 0.119 0.35 0.458 0.919 0.26 1.938 129 3.122 153.733 1 0
43630 10 1 5 0 0.119 0.35 0.458 0.919 0.26 2.586 116 3.965 129.18 0.88 0
43630 1 1 5 0 0.034 0.314 0.076 0.844 0.396 232.76 480 243.397 662.173 0 0
43630 2 1 5 0 0.034 0.314 0.076 0.844 0.396 203.785 505 218.25 579.033 0 0
43630 3 1 5 0 0.034 0.314 0.076 0.844 0.396 241.913 588 245.876 703.44 0 0
43630 4 1 5 0 0.034 0.314 0.076 0.844 0.396 239.843 504 244.604 620.567 0 0
43630 5 1 5 0 0.034 0.314 0.076 0.844 0.396 0 4 0 4 1 1
43630 6 1 5 0 0.034 0.314 0.076 0.844 0.396 230.18 581 240.498 734.32 0 0
43630 7 1 5 0 0.034 0.314 0.076 0.844 0.396 230.887 467 240.14 646.2 0 0
43630 8 1 5 0 0.034 0.314 0.076 0.844 0.396 232.97 501 240.233 602.76 0 0
43630 9 1 5 0 0.034 0.314 0.076 0.844 0.396 209.606 553 218.986 652.993 0 0
43630 10 1 5 0 0.034 0.314 0.076 0.844 0.396 211.035 424 216.42 630.087 0 0
43630 1 1 5 0 0.007 0.087 0.161 0.87 0.62 0 9 0.043 9 1 1
43630 2 1 5 0 0.007 0.087 0.161 0.87 0.62 1.592 104 2.458 119.007 1 0
43630 3 1 5 0 0.007 0.087 0.161 0.87 0.62 0.348 73 1.176 82.5 1 0
43630 4 1 5 0 0.007 0.087 0.161 0.87 0.62 0 19 0.126 19 1 0
43630 5 1 5 0 0.007 0.087 0.161 0.87 0.62 0 28 0.168 28.707 1 0
43630 6 1 5 0 0.007 0.087 0.161 0.87 0.62 0 21 0.123 21 1 0
43630 7 1 5 0 0.007 0.087 0.161 0.87 0.62 1.144 124 2.054 136.24 1 0
43630 8 1 5 0 0.007 0.087 0.161 0.87 0.62 0 12 0.178 12 1 0
43630 9 1 5 0 0.007 0.087 0.161 0.87 0.62 0 16 0.049 16 1 0
43630 10 1 5 0 0.007 0.087 0.161 0.87 0.62 0 7 0.053 7 1 1
43630 1 1 5 0 0.082 0.057 0.066 0.837 0.621 0 32 0.081 32 1 0
43630 2 1 5 0 0.082 0.057 0.066 0.837 0.621 0.199 54 0.523 57.767 1 0
43630 3 1 5 0 0.082 0.057 0.066 0.837 0.621 0.845 93 1.638 104.04 1 0
43630 4 1 5 0 0.082 0.057 0.066 0.837 0.621 1.242 93 1.969 105.353 1 0
43630 5 1 5 0 0.082 0.057 0.066 0.837 0.621 0.199 59 0.595 66.48 1 0
43630 6 1 5 0 0.082 0.057 0.066 0.837 0.621 0.05 14 0.217 14.92 1 0
43630 7 1 5 0 0.082 0.057 0.066 0.837 0.621 0 9 0.018 9 1 1
43630 8 1 5 0 0.082 0.057 0.066 0.837 0.621 0 14 0.171 14.093 1 0
43630 9 1 5 0 0.082 0.057 0.066 0.837 0.621 0 11 0.112 11.98 1 0
43630 10 1 5 0 0.082 0.057 0.066 0.837 0.621 1.044 87 2.043 97.06 1 0
43630 1 1 5 0 0.022 0.484 0.213 0.904 0.447 1.822 121 5.286 141.36 0.553 0
43630 2 1 5 0 0.022 0.484 0.213 0.904 0.447 3.528 152 5.169 173.013 0.427 0
43630 3 1 5 0 0.022 0.484 0.213 0.904 0.447 3.132 152 5.894 172.227 0.427 0
43630 4 1 5 0 0.022 0.484 0.213 0.904 0.447 5.286 116 8.809 137.6 0 0
43630 5 1 5 0 0.022 0.484 0.213 0.904 0.447 0 14 0.208 14.027 1 0
43630 6 1 5 0 0.022 0.484 0.213 0.904 0.447 2.266 126 6.187 174.607 0.42 0
43630 1 2 5 1 0.068 0.397 0.489 0.853 0.649 1.044 81 2.613 98.373 1 0
43630 2 2 5 1 0.068 0.397 0.489 0.853 0.649 1.342 118 3.479 137.98 0.92 0
43630 3 2 5 1 0.068 0.397 0.489 0.853 0.649 1.686 117 2.773 138.593 1 0
43630 4 2 5 1 0.068 0.397 0.489 0.853 0.649 1.982 111 3.507 127.407 1 0
43630 5 2 5 1 0.068 0.397 0.489 0.853 0.649 1.144 102 2.643 124.4 0.993 0
43630 6 2 5 1 0.068 0.397 0.489 0.853 0.649 1.443 125 2.939 144.173 1 0
43630 7 2 5 1 0.068 0.397 0.489 0.853 0.649 1.293 109 2.282 123.927 1 0
43630 8 2 5 1 0.068 0.397 0.489 0.853 0.649 2.287 111 3.32 133.327 1 0
43630 9 2 5 1 0.068 0.397 0.489 0.853 0.649 1.69 116 2.798 133.107 1 0
43630 10 2 5 1 0.068 0.397 0.489 0.853 0.649 1.84 86 3.617 107.027 0.887 0
43630 1 2 5 1 0.057 0.157 0.217 0.911 0.493 1.891 109 4.246 123.667 0.78 0
43630 2 2 5 1 0.057 0.157 0.217 0.911 0.493 0.796 88 3.462 112.333 0.84 0
43630 3 2 5 1 0.057 0.157 0.217 0.911 0.493 2.734 106 4.806 126.867 0.533 0
43630 4 2 5 1 0.057 0.157 0.217 0.911 0.493 1.293 92 3.341 114.46 0.947 0
43630 5 2 5 1 0.057 0.157 0.217 0.911 0.493 1.784 98 4.037 129.273 0.727 0
43630 6 2 5 1 0.057 0.157 0.217 0.911 0.493 0.994 108 2.959 124.473 0.98 0
43630 7 2 5 1 0.057 0.157 0.217 0.911 0.493 1.144 131 3.946 158 0.713 0
43630 8 2 5 1 0.057 0.157 0.217 0.911 0.493 1.095 92 2.779 119.8 0.98 0
43630 9 2 5 1 0.057 0.157 0.217 0.911 0.493 2.288 103 4.265 118.993 0.767 0
43630 10 2 5 1 0.057 0.157 0.217 0.911 0.493 3.166 109 5.376 130.833 0.44 0
43630 1 2 5 1 0.038 0.183 0.335 0.878 0.346 1.59 105 3.17 132.027 0.967 0
43630 2 2 5 1 0.038 0.183 0.335 0.878 0.346 2.613 91 6.431 114.233 0.447 0
43630 3 2 5 1 0.038 0.183 0.335 0.878 0.346 2.529 93 4.344 115.607 0.773 0
43630 4 2 5 1 0.038 0.183 0.335 0.878 0.346 2.037 102 4.979 132.267 0.54 0
43630 5 2 5 1 0.038 0.183 0.335 0.878 0.346 2.206 102 4.885 129.687 0.52 0
43630 6 2 5 1 0.038 0.183 0.335 0.878 0.346 1.74 104 4.299 125.8 0.8 0
43630 7 2 5 1 0.038 0.183 0.335 0.878 0.346 16.482 102 22.073 143.053 0 0
43630 8 2 5 1 0.038 0.183 0.335 0.878 0.346 0.895 118 2.812 132.933 0.967 0
43630 9 2 5 1 0.038 0.183 0.335 0.878 0.346 1.243 91 3.387 115.493 0.88 0
43630 10 2 5 1 0.038 0.183 0.335 0.878 0.346 1.535 104 2.959 123.12 0.94 0
43630 1 2 5 1 0.032 0.295 0.026 0.857 0.776 1.591 114 4.179 130.64 0.64 0
43630 2 2 5 1 0.032 0.295 0.026 0.857 0.776 3.974 146 7.468 168.127 0.093 0
43630 3 2 5 1 0.032 0.295 0.026 0.857 0.776 3.547 114 7.099 146.813 0.207 0
43630 4 2 5 1 0.032 0.295 0.026 0.857 0.776 3.716 138 6.537 169.94 0.14 0
43630 5 2 5 1 0.032 0.295 0.026 0.857 0.776 2.088 110 4.868 143.313 0.56 0
43630 6 2 5 1 0.032 0.295 0.026 0.857 0.776 5.316 135 8.566 170.193 0 0
43630 7 2 5 1 0.032 0.295 0.026 0.857 0.776 3.473 128 6.247 161.933 0.247 0
43630 8 2 5 1 0.032 0.295 0.026 0.857 0.776 2.277 118 5.327 148.14 0.44 0
43630 9 2 5 1 0.032 0.295 0.026 0.857 0.776 9.979 118 12.752 158.94 0 0
43630 10 2 5 1 0.032 0.295 0.026 0.857 0.776 2.57 119 5.032 146.24 0.413 0
43630 1 2 5 1 0.115 0.199 0.218 0.939 0.823 0.497 84 2.402 104.02 1 0
43630 2 2 5 1 0.115 0.199 0.218 0.939 0.823 2.435 92 3.41 118.88 0.987 0
43630 3 2 5 1 0.115 0.199 0.218 0.939 0.823 1.343 118 3.077 147.933 1 0
43630 4 2 5 1 0.115 0.199 0.218 0.939 0.823 1.54 109 2.838 128.693 1 0
43630 5 2 5 1 0.115 0.199 0.218 0.939 0.823 1.79 128 2.943 149.76 1 0
43630 6 2 5 1 0.115 0.199 0.218 0.939 0.823 1.392 101 3.302 119.987 0.96 0
43630 7 2 5 1 0.115 0.199 0.218 0.939 0.823 0.945 96 3.19 119.907 0.973 0
43630 8 2 5 1 0.115 0.199 0.218 0.939 0.823 1.343 104 2.579 122.613 1 0
43630 9 2 5 1 0.115 0.199 0.218 0.939 0.823 2.138 122 3.167 146.893 1 0
43630 10 2 5 1 0.115 0.199 0.218 0.939 0.823 0.149 132 1.697 149.9 1 0
43630 1 2 5 1 0.115 0.367 0.407 0.962 0.647 0.796 108 2.401 129.34 1 0
43630 2 2 5 1 0.115 0.367 0.407 0.962 0.647 1.84 102 2.939 124.493 1 0
43630 3 2 5 1 0.115 0.367 0.407 0.962 0.647 1.443 101 2.601 115.46 1 0
43630 4 2 5 1 0.115 0.367 0.407 0.962 0.647 1.691 99 3.277 122.493 1 0
43630 5 2 5 1 0.115 0.367 0.407 0.962 0.647 1.642 106 3.436 125.133 1 0
43630 6 2 5 1 0.115 0.367 0.407 0.962 0.647 1.642 113 3.211 134.08 1 0
43630 7 2 5 1 0.115 0.367 0.407 0.962 0.647 0.796 92 2.816 118.64 1 0
43630 8 2 5 1 0.115 0.367 0.407 0.962 0.647 1.343 98 2.838 115.34 1 0
43630 9 2 5 1 0.115 0.367 0.407 0.962 0.647 1.492 101 3.037 119.04 1 0
43630 10 2 5 1 0.115 0.367 0.407 0.962 0.647 1.144 91 2.486 128.2 1 0
43630 1 2 5 1 0.077 0.093 0.186 0.894 0.68 1.243 92 2.441 112.687 1 0
43630 2 2 5 1 0.077 0.093 0.186 0.894 0.68 1.193 110 2.997 127.12 1 0
43630 3 2 5 1 0.077 0.093 0.186 0.894 0.68 1.84 127 3.31 144.667 1 0
43630 4 2 5 1 0.077 0.093 0.186 0.894 0.68 1.293 115 2.931 134.613 0.993 0
43630 5 2 5 1 0.077 0.093 0.186 0.894 0.68 1.89 119 3.082 137.053 1 0
43630 6 2 5 1 0.077 0.093 0.186 0.894 0.68 1.094 129 2.943 146.913 1 0
43630 7 2 5 1 0.077 0.093 0.186 0.894 0.68 1.391 97 2.91 116.873 1 0
43630 8 2 5 1 0.077 0.093 0.186 0.894 0.68 1.539 107 2.688 129.5 1 0
43630 9 2 5 1 0.077 0.093 0.186 0.894 0.68 1.592 111 3.064 127.527 1 0
43630 10 2 5 1 0.077 0.093 0.186 0.894 0.68 2.039 116 3.31 142.42 0.973 0
43630 1 2 5 1 0.007 0.105 0.298 0.814 0.775 1.691 117 2.976 132.687 1 0
43630 2 2 5 1 0.007 0.105 0.298 0.814 0.775 2.186 127 3.331 147.973 0.987 0
43630 3 2 5 1 0.007 0.105 0.298 0.814 0.775 0.995 120 2.604 143.127 1 0
43630 4 2 5 1 0.007 0.105 0.298 0.814 0.775 0.995 94 2.455 120.66 1 0
43630 1 1 3 0 0.102 0.37 0.26 0.886 0.811 0.746 136 2.164 149.6 1 0
43630 2 1 3 0 0.102 0.37 0.26 0.886 0.811 1.492 113 2.837 121.8 1 0
43630 3 1 3 0 0.102 0.37 0.26 0.886 0.811 1.045 93 2.296 99.027 1 0
43630 4 1 3 0 0.102 0.37 0.26 0.886 0.811 1.641 116 2.565 126.893 1 0
43630 5 1 3 0 0.102 0.37 0.26 0.886 0.811 0.896 109 1.875 118.313 1 0
43630 6 1 3 0 0.102 0.37 0.26 0.886 0.811 1.094 114 1.989 123.833 1 0
43630 7 1 3 0 0.102 0.37 0.26 0.886 0.811 2.287 110 3.304 128.727 0.96 0
43630 8 1 3 0 0.102 0.37 0.26 0.886 0.811 0.896 107 2.118 120.7 1 0
43630 9 1 3 0 0.102 0.37 0.26 0.886 0.811 1.093 119 2.322 128.78 1 0
43630 10 1 3 0 0.102 0.37 0.26 0.886 0.811 0.697 97 1.768 105.307 1 0
43630 1 1 3 0 0.077 0.383 0.304 0.795 0.03 242.905 1402 247.423 1608.36 0 0
43630 2 1 3 0 0.077 0.383 0.304 0.795 0.03 244.315 1579 247.819 1768.967 0 0
43630 3 1 3 0 0.077 0.383 0.304 0.795 0.03 244.897 1661 248.328 1957.527 0 0
43630 4 1 3 0 0.077 0.383 0.304 0.795 0.03 244.798 1311 247.913 1676.767 0 0
43630 5 1 3 0 0.077 0.383 0.304 0.795 0.03 243.133 1492 247.531 1631.147 0 0
43630 6 1 3 0 0.077 0.383 0.304 0.795 0.03 244.86 1575 248.115 1709.973 0 0
43630 7 1 3 0 0.077 0.383 0.304 0.795 0.03 243.884 1374 248.138 1588.52 0 0
43630 8 1 3 0 0.077 0.383 0.304 0.795 0.03 245.591 1448 248.051 1659.873 0 0
43630 9 1 3 0 0.077 0.383 0.304 0.795 0.03 243.666 1348 248.095 1626.48 0 0
43630 10 1 3 0 0.077 0.383 0.304 0.795 0.03 245.501 1369 247.919 1555.467 0 0
43630 1 1 3 0 0.089 0.131 0.154 0.843 0.713 1.492 127 2.776 142.28 1 0
43630 2 1 3 0 0.089 0.131 0.154 0.843 0.713 1.343 105 2.037 115.607 1 0
43630 3 1 3 0 0.089 0.131 0.154 0.843 0.713 1.641 130 2.267 136.487 1 0
43630 4 1 3 0 0.089 0.131 0.154 0.843 0.713 0.895 112 2.146 121.913 1 0
43630 5 1 3 0 0.089 0.131 0.154 0.843 0.713 0.597 112 2.358 128.52 1 0
43630 6 1 3 0 0.089 0.131 0.154 0.843 0.713 1.144 117 2.644 125.987 1 0
43630 7 1 3 0 0.089 0.131 0.154 0.843 0.713 1.342 115 2.772 129.827 0.987 0
43630 8 1 3 0 0.089 0.131 0.154 0.843 0.713 1.194 112 2.089 124.713 1 0
43630 9 1 3 0 0.089 0.131 0.154 0.843 0.713 0 11 0.063 11.053 1 0
43630 10 1 3 0 0.089 0.131 0.154 0.843 0.713 0.796 105 2.132 113.273 1 0
43630 1 1 3 0 0.082 0.242 0.385 0.879 0.805 1.791 106 3.056 115.833 1 0
43630 2 1 3 0 0.082 0.242 0.385 0.879 0.805 1.889 110 2.575 119.427 1 0
43630 3 1 3 0 0.082 0.242 0.385 0.879 0.805 1.095 107 2.21 122.167 1 0
43630 4 1 3 0 0.082 0.242 0.385 0.879 0.805 0.1 35 0.273 37.727 1 0
43630 5 1 3 0 0.082 0.242 0.385 0.879 0.805 1.442 111 2.281 122.507 1 0
43630 6 1 3 0 0.082 0.242 0.385 0.879 0.805 0.149 12 0.303 15.513 1 0
43630 7 1 3 0 0.082 0.242 0.385 0.879 0.805 0 18 0.369 18.7 1 0
43630 8 1 3 0 0.082 0.242 0.385 0.879 0.805 0.1 16 0.37 19.073 1 0
43630 9 1 3 0 0.082 0.242 0.385 0.879 0.805 1.542 120 2.575 130.44 1 0
43630 10 1 3 0 0.082 0.242 0.385 0.879 0.805 0.299 95 1.582 99.9 1 0
43630 1 1 3 0 0.084 0.161 0.402 0.978 0.831 1.343 122 2.346 133.233 1 0
43630 2 1 3 0 0.084 0.161 0.402 0.978 0.831 0 10 0.054 10 1 0
43630 3 1 3 0 0.084 0.161 0.402 0.978 0.831 0.796 85 2.442 100.213 1 0
43630 4 1 3 0 0.084 0.161 0.402 0.978 0.831 2.238 129 3.554 139.767 1 0
43630 5 1 3 0 0.084 0.161 0.402 0.978 0.831 0.995 117 2.613 130.02 1 0
43630 6 1 3 0 0.084 0.161 0.402 0.978 0.831 0 9 0.004 9 1 1
43630 7 1 3 0 0.084 0.161 0.402 0.978 0.831 1.641 95 3.252 109.04 0.993 0
43630 8 1 3 0 0.084 0.161 0.402 0.978 0.831 1.044 99 2.375 109.267 1 0
43630 9 1 3 0 0.084 0.161 0.402 0.978 0.831 0 11 0.094 11.74 1 0
43630 10 1 3 0 0.084 0.161 0.402 0.978 0.831 0 22 0.218 25.36 1 0
43630 1 1 3 0 0.086 0.165 0.406 0.812 0.331 0.746 89 1.669 94.9 1 0
43630 2 1 3 0 0.086 0.165 0.406 0.812 0.331 1.244 134 2.555 146.147 1 0
43630 3 1 3 0 0.086 0.165 0.406 0.812 0.331 1.244 127 2.327 143.873 1 0
43630 4 1 3 0 0.086 0.165 0.406 0.812 0.331 1.691 106 2.543 119.147 1 0
43630 5 1 3 0 0.086 0.165 0.406 0.812 0.331 0.05 14 0.254 19.48 1 0
43630 6 1 3 0 0.086 0.165 0.406 0.812 0.331 1.59 131 2.903 145.14 0.973 0
43630 7 1 3 0 0.086 0.165 0.406 0.812 0.331 0 13 0.084 13 1 0
43630 8 1 3 0 0.086 0.165 0.406 0.812 0.331 2.039 129 2.97 141.633 1 0
43630 9 1 3 0 0.086 0.165 0.406 0.812 0.331 0.696 108 2.376 121.46 1 0
43630 10 1 3 0 0.086 0.165 0.406 0.812 0.331 1.095 109 2.168 124.233 1 0
43630 1 1 3 0 0.108 0.278 0.251 0.866 0.86 1.044 99 2.036 108.007 1 0
43630 2 1 3 0 0.108 0.278 0.251 0.866 0.86 1.641 97 2.969 110.033 0.993 0
43630 3 1 3 0 0.108 0.278 0.251 0.866 0.86 0 7 0.076 7 1 1
43630 4 1 3 0 0.108 0.278 0.251 0.866 0.86 0 18 0.111 18.1 1 0
43630 5 1 3 0 0.108 0.278 0.251 0.866 0.86 0 6 0.22 9.953 1 0.533
43630 6 1 3 0 0.108 0.278 0.251 0.866 0.86 0 8 0.056 8 1 1
43630 7 1 3 0 0.108 0.278 0.251 0.866 0.86 0.05 17 0.252 18.527 1 0
43630 8 1 3 0 0.108 0.278 0.251 0.866 0.86 1.244 113 2.493 127.12 1 0
43630 9 1 3 0 0.108 0.278 0.251 0.866 0.86 1.094 107 2.534 119.267 1 0
43630 10 1 3 0 0.108 0.278 0.251 0.866 0.86 1.045 138 1.818 145.6 1 0
43630 1 1 3 0 0.083 0.146 0.357 0.985 0.314 1.343 115 2.573 126.14 1 0
43630 2 1 3 0 0.083 0.146 0.357 0.985 0.314 0.746 112 2.377 122.827 1 0
43630 3 1 3 0 0.083 0.146 0.357 0.985 0.314 1.343 130 2.613 144.507 1 0
43630 4 1 3 0 0.083 0.146 0.357 0.985 0.314 0 8 0.099 8 1 1
43630 5 1 3 0 0.083 0.146 0.357 0.985 0.314 0 13 0.121 13 1 0
43630 6 1 3 0 0.083 0.146 0.357 0.985 0.314 1.243 107 2.108 122.373 1 0
43630 7 1 3 0 0.083 0.146 0.357 0.985 0.314 1.392 107 2.561 119.313 1 0
43630 8 1 3 0 0.083 0.146 0.357 0.985 0.314 2.039 113 3.357 124.153 0.987 0
43630 9 1 3 0 0.083 0.146 0.357 0.985 0.314 0 8 0.166 8.507 1 0.753
43630 10 1 3 0 0.083 0.146 0.357 0.985 0.314 0.746 122 2.078 130.033 1 0
43630 1 1 3 0 0.049 0.077 0.061 0.962 0.084 243.15 1867 248.356 2473.18 0 0
43630 2 1 3 0 0.049 0.077 0.061 0.962 0.084 246.352 1829 248.477 2165.433 0 0
43630 3 1 3 0 0.049 0.077 0.061 0.962 0.084 246.292 2300 248.771 2805.02 0 0
43630 1 2 6 0 0.01 0.34 0.179 0.944 0.527 2.52 112 5.57 135.64 0.34 0
43630 2 2 6 0 0.01 0.34 0.179 0.944 0.527 4.079 81 8.372 112.353 0.107 0
43630 3 2 6 0 0.01 0.34 0.179 0.944 0.527 1.542 86 5.07 120 0.513 0
43630 4 2 6 0 0.01 0.34 0.179 0.944 0.527 5.589 75 8.34 114.093 0 0
43630 5 2 6 0 0.01 0.34 0.179 0.944 0.527 3.19 96 5.619 134.553 0.32 0
43630 6 2 6 0 0.01 0.34 0.179 0.944 0.527 2.285 99 5.075 137.867 0.533 0
43630 7 2 6 0 0.01 0.34 0.179 0.944 0.527 3.679 111 6.704 144.993 0.107 0
43630 8 2 6 0 0.01 0.34 0.179 0.944 0.527 1.541 117 5.519 142.187 0.353 0
43630 9 2 6 0 0.01 0.34 0.179 0.944 0.527 1.938 96 5.711 130.327 0.32 0
43630 10 2 6 0 0.01 0.34 0.179 0.944 0.527 1.691 91 6.807 121.213 0.213 0
43630 1 2 6 0 0.011 0.288 0.218 0.785 0.684 1.641 88 2.656 103.887 1 0
43630 2 2 6 0 0.011 0.288 0.218 0.785 0.684 1.293 86 2.726 104.36 1 0
43630 3 2 6 0 0.011 0.288 0.218 0.785 0.684 2.137 103 4.952 133.933 0.46 0
43630 4 2 6 0 0.011 0.288 0.218 0.785 0.684 1.591 101 2.9 123.307 1 0
43630 5 2 6 0 0.011 0.288 0.218 0.785 0.684 0.995 121 2.589 133.933 1 0
43630 6 2 6 0 0.011 0.288 0.218 0.785 0.684 2.087 107 3.263 131.473 0.987 0
43630 7 2 6 0 0.011 0.288 0.218 0.785 0.684 1.294 88 2.73 110.913 1 0
43630 8 2 6 0 0.011 0.288 0.218 0.785 0.684 0.895 85 2.713 109.327 1 0
43630 9 2 6 0 0.011 0.288 0.218 0.785 0.684 1.342 88 2.495 106.213 1 0
43630 10 2 6 0 0.011 0.288 0.218 0.785 0.684 2.038 103 3.393 131.727 1 0
43630 1 2 6 0 0.027 0.318 0.474 0.765 0.455 3.564 93 5.411 120.027 0.307 0
43630 2 2 6 0 0.027 0.318 0.474 0.765 0.455 1.535 77 2.61 94.633 1 0
43630 3 2 6 0 0.027 0.318 0.474 0.765 0.455 1.741 103 3.032 128.127 0.973 0
43630 4 2 6 0 0.027 0.318 0.474 0.765 0.455 1.089 101 2.989 123.88 0.893 0
43630 5 2 6 0 0.027 0.318 0.474 0.765 0.455 1.692 101 2.985 125.593 1 0
43630 6 2 6 0 0.027 0.318 0.474 0.765 0.455 1.194 77 2.445 100.207 1 0
43630 7 2 6 0 0.027 0.318 0.474 0.765 0.455 1.343 115 2.586 133.013 1 0
43630 8 2 6 0 0.027 0.318 0.474 0.765 0.455 1.335 123 2.803 139.58 1 0
43630 9 2 6 0 0.027 0.318 0.474 0.765 0.455 1.84 100 3.128 123.427 1 0
43630 10 2 6 0 0.027 0.318 0.474 0.765 0.455 0.895 82 2.527 99.973 1 0
43630 1 2 6 0 0.092 0.458 0.485 0.952 0.088 240.169 573 245.678 854.6 0 0
43630 2 2 6 0 0.092 0.458 0.485 0.952 0.088 239.768 833 246.602 1005.107 0 0
43630 3 2 6 0 0.092 0.458 0.485 0.952 0.088 238.047 638 245.33 831.007 0 0
43630 4 2 6 0 0.092 0.458 0.485 0.952 0.088 227.422 637 238.346 896.82 0 0
43630 5 2 6 0 0.092 0.458 0.485 0.952 0.088 240.527 644 245.724 895.04 0 0
43630 6 2 6 0 0.092 0.458 0.485 0.952 0.088 238.487 554 245.071 889.707 0 0
43630 7 2 6 0 0.092 0.458 0.485 0.952 0.088 239.916 665 244.946 860.867 0 0
43630 8 2 6 0 0.092 0.458 0.485 0.952 0.088 240.724 624 245.99 863.633 0 0
43630 9 2 6 0 0.092 0.458 0.485 0.952 0.088 241.812 717 246.127 887.147 0 0
43630 10 2 6 0 0.092 0.458 0.485 0.952 0.088 239.617 768 246.172 928.187 0 0
43630 1 2 6 0 0.013 0.179 0.079 0.798 0.587 5.135 120 7.368 149.627 0 0
43630 2 2 6 0 0.013 0.179 0.079 0.798 0.587 4.6 118 7.156 145.927 0.02 0
43630 3 2 6 0 0.013 0.179 0.079 0.798 0.587 6.218 99 8.739 139.24 0 0
43630 4 2 6 0 0.013 0.179 0.079 0.798 0.587 4.316 135 7.24 174.5 0.08 0
43630 5 2 6 0 0.013 0.179 0.079 0.798 0.587 4.069 115 6.712 154.093 0.22 0
43630 6 2 6 0 0.013 0.179 0.079 0.798 0.587 1.803 73 6.928 126.293 0.373 0
43630 7 2 6 0 0.013 0.179 0.079 0.798 0.587 3.532 94 7.537 139.02 0.18 0
43630 8 2 6 0 0.013 0.179 0.079 0.798 0.587 9.421 80 12.229 126.413 0 0
43630 9 2 6 0 0.013 0.179 0.079 0.798 0.587 1.243 72 4.734 107.333 0.687 0
43630 10 2 6 0 0.013 0.179 0.079 0.798 0.587 3.505 66 6.044 99.913 0.293 0
43630 1 2 6 0 0.089 0.221 0.266 0.98 0.899 1.144 96 2.775 113.26 1 0
43630 2 2 6 0 0.089 0.221 0.266 0.98 0.899 1.244 78 2.224 95.087 1 0
43630 3 2 6 0 0.089 0.221 0.266 0.98 0.899 1.293 95 2.3 124.413 1 0
43630 4 2 6 0 0.089 0.221 0.266 0.98 0.899 1.045 90 2.169 110.067 1 0
43630 5 2 6 0 0.089 0.221 0.266 0.98 0.899 1.294 99 2.412 118.467 1 0
43630 6 2 6 0 0.089 0.221 0.266 0.98 0.899 0.896 99 2.328 111.607 1 0
43630 7 2 6 0 0.089 0.221 0.266 0.98 0.899 1.542 109 3.367 129.027 0.953 0
43630 8 2 6 0 0.089 0.221 0.266 0.98 0.899 1.044 94 2.015 113.287 1 0
43630 9 2 6 0 0.089 0.221 0.266 0.98 0.899 0.249 96 1.793 107.04 1 0
43630 10 2 6 0 0.089 0.221 0.266 0.98 0.899 0.696 87 2.413 106.28 0.973 0
43630 1 2 6 0 0.044 0.303 0.309 0.804 0.523 2.139 107 3.996 134.7 0.847 0
43630 2 2 6 0 0.044 0.303 0.309 0.804 0.523 1.592 114 3.072 132.507 1 0
43630 3 2 6 0 0.044 0.303 0.309 0.804 0.523 1.932 99 3.624 128.227 0.967 0
43630 4 2 6 0 0.044 0.303 0.309 0.804 0.523 1.634 107 3.384 134.407 0.84 0
43630 5 2 6 0 0.044 0.303 0.309 0.804 0.523 0.299 93 1.532 106.093 1 0
43630 6 2 6 0 0.044 0.303 0.309 0.804 0.523 1.74 85 3.71 112.4 0.947 0
43630 7 2 6 0 0.044 0.303 0.309 0.804 0.523 1.584 94 3.598 119.847 0.94 0
43630 8 2 6 0 0.044 0.303 0.309 0.804 0.523 1.641 95 3.238 118.8 0.953 0
43630 9 2 6 0 0.044 0.303 0.309 0.804 0.523 3.679 95 5.07 123.033 0.567 0
43630 10 2 6 0 0.044 0.303 0.309 0.804 0.523 2.038 108 3.196 126.627 1 0
43630 1 2 6 0 0.089 0.054 0.107 0.791 0.836 1.741 102 2.635 115.513 1 0
43630 2 2 6 0 0.089 0.054 0.107 0.791 0.836 1.094 94 3.024 114.727 1 0
43630 3 2 6 0 0.089 0.054 0.107 0.791 0.836 1.841 92 3.131 109.12 1 0
43630 4 2 6 0 0.089 0.054 0.107 0.791 0.836 1.988 105 2.885 118.353 1 0
43630 5 2 6 0 0.089 0.054 0.107 0.791 0.836 1.095 99 3.199 122.22 0.967 0
43630 6 2 6 0 0.089 0.054 0.107 0.791 0.836 1.292 113 2.704 133.633 1 0
43630 7 2 6 0 0.089 0.054 0.107 0.791 0.836 2.188 116 3.753 133.64 0.947 0
43630 8 2 6 0 0.089 0.054 0.107 0.791 0.836 1.592 120 2.651 138.933 1 0
43630 9 2 6 0 0.089 0.054 0.107 0.791 0.836 0.746 88 2.052 104.467 1 0
43630 10 2 6 0 0.089 0.054 0.107 0.791 0.836 0.796 100 2.318 118.507 1 0
43630 1 2 6 0 0.102 0.071 0.089 0.917 0.389 1.89 104 3.882 125.907 0.773 0
43630 2 2 6 0 0.102 0.071 0.089 0.917 0.389 4.031 100 6.648 120.74 0.133 0
43630 3 2 6 0 0.102 0.071 0.089 0.917 0.389 1.486 119 4.2 145.16 0.66 0
43630 4 2 6 0 0.102 0.071 0.089 0.917 0.389 2.436 120 4.269 146.187 0.8 0
43630 5 2 6 0 0.102 0.071 0.089 0.917 0.389 2.08 99 5.614 131.313 0.347 0
43630 6 2 6 0 0.102 0.071 0.089 0.917 0.389 8.636 85 11.042 107.02 0 0
43630 7 2 6 0 0.102 0.071 0.089 0.917 0.389 2.76 134 4.87 158.753 0.593 0
43630 8 2 6 0 0.102 0.071 0.089 0.917 0.389 2.324 100 4.972 139.033 0.633 0
43630 9 2 6 0 0.102 0.071 0.089 0.917 0.389 1.932 118 3.806 136.893 0.853 0
43630 10 2 6 0 0.102 0.071 0.089 0.917 0.389 1.293 108 2.886 131.547 1 0
43630 1 2 6 0 0.039 0.249 0.421 0.812 0.022 243.416 1035 247.493 1241.16 0 0
43630 2 2 6 0 0.039 0.249 0.421 0.812 0.022 243.22 1163 248.054 1287.747 0 0
43630 3 2 6 0 0.039 0.249 0.421 0.812 0.022 243.524 1142 247.735 1318.433 0 0
43630 4 2 6 0 0.039 0.249 0.421 0.812 0.022 243.875 1059 247.662 1326.587 0 0
43630 5 2 6 0 0.039 0.249 0.421 0.812 0.022 244.177 1156 247.848 1317.327 0 0
43630 6 2 6 0 0.039 0.249 0.421 0.812 0.022 245.845 1168 248.411 1401.113 0 0
43630 7 2 6 0 0.039 0.249 0.421 0.812 0.022 244.023 1205 248.011 1424.153 0 0
43630 8 2 6 0 0.039 0.249 0.421 0.812 0.022 243.421 1142 247.535 1314.56 0 0
43630 9 2 6 0 0.039 0.249 0.421 0.812 0.022 245.103 1294 248.093 1501.78 0 0
43630 10 2 6 0 0.039 0.249 0.421 0.812 0.022 244.584 1138 247.829 1323.613 0 0
43630 1 2 6 0 0.061 0.416 0.215 0.876 0.017 249.237 13008 249.953 14720.773 0 0
43630 2 2 6 0 0.061 0.416 0.215 0.876 0.017 249.61 16779 249.978 17688.287 0 0
43630 3 2 6 0 0.061 0.416 0.215 0.876 0.017 249.244 14747 249.937 15467.167 0 0
43630 4 2 6 0 0.061 0.416 0.215 0.876 0.017 249.263 15538 249.967 16967.107 0 0
43630 5 2 6 0 0.061 0.416 0.215 0.876 0.017 249.174 10024 249.92 11188.393 0 0
43630 6 2 6 0 0.061 0.416 0.215 0.876 0.017 249.085 11144 249.898 12369.673 0 0
43630 7 2 6 0 0.061 0.416 0.215 0.876 0.017 249.782 19499 249.995 20406.88 0 0
43630 8 2 6 0 0.061 0.416 0.215 0.876 0.017 249.081 13684 249.906 14561.313 0 0
43630 9 2 6 0 0.061 0.416 0.215 0.876 0.017 249.696 19976 249.994 22429.873 0 0
43630 10 2 6 0 0.061 0.416 0.215 0.876 0.017 249.521 17501 249.984 18636.047 0 0
43630 1 2 6 0 0.08 0.291 0.459 0.778 0.059 239.201 650 246.842 999.827 0 0
43630 2 2 6 0 0.08 0.291 0.459 0.778 0.059 241.263 702 245.995 863.84 0 0
43630 3 2 6 0 0.08 0.291 0.459 0.778 0.059 241.775 834 246.994 1037.62 0 0
43630 4 2 6 0 0.08 0.291 0.459 0.778 0.059 240.948 700 245.668 930.353 0 0
43630 5 2 6 0 0.08 0.291 0.459 0.778 0.059 239.324 684 244.887 846.373 0 0
43630 6 2 6 0 0.08 0.291 0.459 0.778 0.059 242.983 816 247.603 1195.227 0 0
43630 7 2 6 0 0.08 0.291 0.459 0.778 0.059 242.763 644 247.097 987.64 0 0
43630 8 2 6 0 0.08 0.291 0.459 0.778 0.059 242.577 746 246.344 936.7 0 0
43630 9 2 6 0 0.08 0.291 0.459 0.778 0.059 242.931 748 246.481 948.527 0 0
43630 10 2 6 0 0.08 0.291 0.459 0.778 0.059 238.533 590 244.055 833.3 0 0
43630 1 2 6 0 0.011 0.315 0.323 0.822 0.621 0.448 107 1.924 121.127 1 0
43630 2 2 6 0 0.011 0.315 0.323 0.822 0.621 0.995 106 2.05 127.127 1 0
43630 3 2 6 0 0.011 0.315 0.323 0.822 0.621 0.846 85 1.756 109.04 1 0
43630 4 2 6 0 0.011 0.315 0.323 0.822 0.621 1.89 91 2.967 115.04 1 0
43630 5 2 6 0 0.011 0.315 0.323 0.822 0.621 0.995 91 2.536 118.727 1 0
43630 6 2 6 0 0.011 0.315 0.323 0.822 0.621 1.542 98 3.006 119.993 0.847 0
43630 7 2 6 0 0.011 0.315 0.323 0.822 0.621 0.994 113 2.435 133.6 1 0
43630 8 2 6 0 0.011 0.315 0.323 0.822 0.621 1.493 90 2.544 109.7 1 0
43630 9 2 6 0 0.011 0.315 0.323 0.822 0.621 1.342 104 2.23 121.6 1 0
43630 10 2 6 0 0.011 0.315 0.323 0.822 0.621 0.845 97 3.482 120.667 0.893 0
43630 1 2 6 0 0.116 0.474 0.068 0.913 0.715 2.778 104 5.064 137.58 0.653 0
43630 2 2 6 0 0.116 0.474 0.068 0.913 0.715 1.541 124 3.862 151.34 0.753 0
43630 3 2 6 0 0.116 0.474 0.068 0.913 0.715 4.547 122 7.797 156.1 0.06 0
43630 4 2 6 0 0.116 0.474 0.068 0.913 0.715 2.933 144 5.704 172.867 0.34 0
43630 5 2 6 0 0.116 0.474 0.068 0.913 0.715 2.337 137 4.509 172.52 0.587 0
43630 6 2 6 0 0.116 0.474 0.068 0.913 0.715 1.838 117 3.677 135.947 0.84 0
43630 7 2 6 0 0.116 0.474 0.068 0.913 0.715 1.586 132 4.887 174.793 0.473 0
43630 8 2 6 0 0.116 0.474 0.068 0.913 0.715 3.331 101 6.246 138.747 0.22 0
43630 9 2 6 0 0.116 0.474 0.068 0.913 0.715 2.238 99 4.397 121.087 0.74 0
43630 10 2 6 0 0.116 0.474 0.068 0.913 0.715 2.919 140 5.233 173.207 0.573 0
43630 1 2 6 0 0.017 0.089 0.397 0.999 0.487 1.293 101 2.951 118.54 1 0
43630 2 2 6 0 0.017 0.089 0.397 0.999 0.487 1.84 93 3.502 114.107 1 0
43630 3 2 6 0 0.017 0.089 0.397 0.999 0.487 2.188 105 4.088 125.093 0.82 0
43630 1 2 9 1 0.085 0.212 0.144 0.994 0.9 0.846 81 1.794 95.827 1 0
43630 2 2 9 1 0.085 0.212 0.144 0.994 0.9 1.442 80 3.078 102.78 1 0
43630 3 2 9 1 0.085 0.212 0.144 0.994 0.9 0.149 70 1.697 81.42 1 0
43630 4 2 9 1 0.085 0.212 0.144 0.994 0.9 1.194 85 2.055 99.033 1 0
43630 5 2 9 1 0.085 0.212 0.144 0.994 0.9 1.078 80 2.845 105.513 1 0
43630 6 2 9 1 0.085 0.212 0.144 0.994 0.9 0.846 70 2.244 96.14 1 0
43630 7 2 9 1 0.085 0.212 0.144 0.994 0.9 0.448 72 1.797 89.107 1 0
43630 8 2 9 1 0.085 0.212 0.144 0.994 0.9 0.896 91 2.32 108.98 1 0
43630 9 2 9 1 0.085 0.212 0.144 0.994 0.9 0.597 83 1.73 104.5 1 0
43630 10 2 9 1 0.085 0.212 0.144 0.994 0.9 1.443 72 2.463 88.987 1 0
43630 1 2 9 1 0.001 0.33 0.116 0.975 0.01 248.125 4405 249.641 4976.34 0 0
43630 2 2 9 1 0.001 0.33 0.116 0.975 0.01 248.382 4964 249.705 5393.487 0 0
43630 3 2 9 1 0.001 0.33 0.116 0.975 0.01 248.421 5785 249.68 6225.5 0 0
43630 4 2 9 1 0.001 0.33 0.116 0.975 0.01 248.603 5309 249.71 6330.767 0 0
43630 5 2 9 1 0.001 0.33 0.116 0.975 0.01 247.885 4305 249.636 4843.173 0 0
43630 6 2 9 1 0.001 0.33 0.116 0.975 0.01 248.254 4746 249.569 5339.06 0 0
43630 7 2 9 1 0.001 0.33 0.116 0.975 0.01 248.902 6762 249.723 7240.033 0 0
43630 8 2 9 1 0.001 0.33 0.116 0.975 0.01 248.781 7105 249.84 7590.76 0 0
43630 9 2 9 1 0.001 0.33 0.116 0.975 0.01 247.573 4002 249.567 4452.72 0 0
43630 10 2 9 1 0.001 0.33 0.116 0.975 0.01 248.868 5571 249.694 6251.473 0 0
43630 1 2 9 1 0.099 0.467 0.377 0.776 0.121 242.044 786 246.13 960.68 0 0
43630 2 2 9 1 0.099 0.467 0.377 0.776 0.121 237.266 650 245.445 883.893 0 0
43630 3 2 9 1 0.099 0.467 0.377 0.776 0.121 241.606 722 246.174 907.307 0 0
43630 4 2 9 1 0.099 0.467 0.377 0.776 0.121 242.01 815 246.409 1019.6 0 0
43630 5 2 9 1 0.099 0.467 0.377 0.776 0.121 239.763 699 244.865 806.06 0 0
43630 6 2 9 1 0.099 0.467 0.377 0.776 0.121 239.902 743 245.939 954.56 0 0
43630 7 2 9 1 0.099 0.467 0.377 0.776 0.121 244.171 846 247.3 961.62 0 0
43630 8 2 9 1 0.099 0.467 0.377 0.776 0.121 239.625 716 246.064 890.86 0 0
43630 9 2 9 1 0.099 0.467 0.377 0.776 0.121 242.095 693 245.757 932.627 0 0
43630 10 2 9 1 0.099 0.467 0.377 0.776 0.121 241.725 753 246.334 898.833 0 0
43630 1 2 9 1 0.055 0.147 0.372 0.869 0.393 0.846 92 1.955 105.967 1 0
43630 2 2 9 1 0.055 0.147 0.372 0.869 0.393 1.243 76 2.262 90.14 1 0
43630 3 2 9 1 0.055 0.147 0.372 0.869 0.393 1.343 74 2.458 99.493 1 0
43630 4 2 9 1 0.055 0.147 0.372 0.869 0.393 0.348 104 1.72 114.853 1 0
43630 5 2 9 1 0.055 0.147 0.372 0.869 0.393 1.292 65 2.945 90.98 1 0
43630 6 2 9 1 0.055 0.147 0.372 0.869 0.393 0.896 75 2.051 95.98 1 0
43630 7 2 9 1 0.055 0.147 0.372 0.869 0.393 0.945 86 2.586 111.193 1 0
43630 8 2 9 1 0.055 0.147 0.372 0.869 0.393 0.995 84 2.485 103.66 1 0
43630 9 2 9 1 0.055 0.147 0.372 0.869 0.393 1.193 72 2.8 88.167 1 0
43630 10 2 9 1 0.055 0.147 0.372 0.869 0.393 0.696 67 2.09 89.433 1 0
43630 1 2 9 1 0.061 0.255 0.276 0.772 0.036 245.145 1554 248.631 1860.74 0 0
43630 2 2 9 1 0.061 0.255 0.276 0.772 0.036 245.78 1595 248.735 1910.813 0 0
43630 3 2 9 1 0.061 0.255 0.276 0.772 0.036 245.087 1527 248.714 1805.493 0 0
43630 4 2 9 1 0.061 0.255 0.276 0.772 0.036 246.358 1539 248.514 1737.987 0 0
43630 5 2 9 1 0.061 0.255 0.276 0.772 0.036 245.707 1466 248.708 2066.34 0 0
43630 6 2 9 1 0.061 0.255 0.276 0.772 0.036 246.281 1701 249.04 2066.66 0 0
43630 7 2 9 1 0.061 0.255 0.276 0.772 0.036 242.814 1743 248.617 2030.293 0 0
43630 8 2 9 1 0.061 0.255 0.276 0.772 0.036 245.024 1509 248.413 1730.88 0 0
43630 9 2 9 1 0.061 0.255 0.276 0.772 0.036 245.451 1691 248.591 1923.567 0 0
43630 10 2 9 1 0.061 0.255 0.276 0.772 0.036 244.523 1525 248.374 1720.573 0 0
43630 1 2 9 1 0.094 0.446 0.416 0.808 0.575 1.194 87 1.896 101.24 1 0
43630 2 2 9 1 0.094 0.446 0.416 0.808 0.575 1.491 98 2.539 121.193 1 0
43630 3 2 9 1 0.094 0.446 0.416 0.808 0.575 0.498 66 2.274 81.913 1 0
43630 4 2 9 1 0.094 0.446 0.416 0.808 0.575 2.245 98 3.462 112.753 1 0
43630 5 2 9 1 0.094 0.446 0.416 0.808 0.575 0.746 67 2.154 83.433 1 0
43630 6 2 9 1 0.094 0.446 0.416 0.808 0.575 2.088 84 3.308 105.273 1 0
43630 7 2 9 1 0.094 0.446 0.416 0.808 0.575 0.895 85 1.899 100.327 1 0
43630 8 2 9 1 0.094 0.446 0.416 0.808 0.575 0.846 72 2.415 89.74 1 0
43630 9 2 9 1 0.094 0.446 0.416 0.808 0.575 1.094 80 1.985 101.027 1 0
43630 10 2 9 1 0.094 0.446 0.416 0.808 0.575 1.144 99 2.19 118.06 1 0
43630 1 2 9 1 0.084 0.179 0.441 0.841 0.228 1.591 90 3.572 110.707 0.82 0
43630 2 2 9 1 0.084 0.179 0.441 0.841 0.228 1.442 104 2.604 121.393 1 0
43630 3 2 9 1 0.084 0.179 0.441 0.841 0.228 2.087 93 3.698 118.627 0.887 0
43630 4 2 9 1 0.084 0.179 0.441 0.841 0.228 1.581 77 3.458 104.8 0.907 0
43630 5 2 9 1 0.084 0.179 0.441 0.841 0.228 3.373 92 5.612 112.64 0.407 0
43630 6 2 9 1 0.084 0.179 0.441 0.841 0.228 2.187 92 3.941 113.347 0.787 0
43630 7 2 9 1 0.084 0.179 0.441 0.841 0.228 1.683 111 4.106 134.267 0.713 0
43630 8 2 9 1 0.084 0.179 0.441 0.841 0.228 0.995 91 3.446 109.413 0.967 0
43630 1 2 5 0 0.002 0.069 0.173 0.824 0.39 1.89 86 3.343 113.053 0.993 0
43630 2 2 5 0 0.002 0.069 0.173 0.824 0.39 2.038 85 3.144 105.307 1 0
43630 3 2 5 0 0.002 0.069 0.173 0.824 0.39 0.995 106 3.522 121.42 0.94 0
43630 4 2 5 0 0.002 0.069 0.173 0.824 0.39 1.938 106 3.941 129.207 0.793 0
43630 5 2 5 0 0.002 0.069 0.173 0.824 0.39 1.988 84 4.016 117.073 0.813 0
43630 6 2 5 0 0.002 0.069 0.173 0.824 0.39 1.741 117 4.113 135.147 0.753 0
43630 7 2 5 0 0.002 0.069 0.173 0.824 0.39 1.542 101 5.544 123.813 0.433 0
43630 8 2 5 0 0.002 0.069 0.173 0.824 0.39 2.685 95 4.296 118.807 0.827 0
43630 9 2 5 0 0.002 0.069 0.173 0.824 0.39 1.688 97 4.788 126.887 0.46 0
43630 10 2 5 0 0.002 0.069 0.173 0.824 0.39 1.342 96 3.003 119.733 1 0
43630 1 2 5 0 0.103 0.488 0.078 0.991 0.166 249.391 21338 249.98 25066.7 0 0
43630 2 2 5 0 0.103 0.488 0.078 0.991 0.166 249.696 17630 249.982 19315.687 0 0
43630 3 2 5 0 0.103 0.488 0.078 0.991 0.166 249.344 16367 249.962 18138.593 0 0
43630 4 2 5 0 0.103 0.488 0.078 0.991 0.166 249.472 17767 249.974 20572.493 0 0
43630 5 2 5 0 0.103 0.488 0.078 0.991 0.166 249.565 21936 249.994 25832.013 0 0
43630 6 2 5 0 0.103 0.488 0.078 0.991 0.166 249.906 24361 249.999 26241.773 0 0
43630 7 2 5 0 0.103 0.488 0.078 0.991 0.166 249.563 18166 249.971 19404.893 0 0
43630 8 2 5 0 0.103 0.488 0.078 0.991 0.166 249.824 19339 249.998 22278.76 0 0
43630 9 2 5 0 0.103 0.488 0.078 0.991 0.166 249.824 20738 249.997 21760.327 0 0
43630 10 2 5 0 0.103 0.488 0.078 0.991 0.166 249.521 16046 249.966 18151.193 0 0
43630 1 2 5 0 0.024 0.085 0.186 0.942 0.778 0.995 90 2.526 117.66 1 0
43630 2 2 5 0 0.024 0.085 0.186 0.942 0.778 1.84 103 3.149 131.453 0.94 0
43630 3 2 5 0 0.024 0.085 0.186 0.942 0.778 1.691 96 2.999 115.913 1 0
43630 4 2 5 0 0.024 0.085 0.186 0.942 0.778 2.137 90 3.814 108.793 0.967 0
43630 5 2 5 0 0.024 0.085 0.186 0.942 0.778 1.59 100 2.867 126.333 0.993 0
43630 6 2 5 0 0.024 0.085 0.186 0.942 0.778 2.335 106 3.521 135.04 0.993 0
43630 7 2 5 0 0.024 0.085 0.186 0.942 0.778 0.696 93 3.122 119.547 0.84 0
43630 8 2 5 0 0.024 0.085 0.186 0.942 0.778 1.542 103 3.291 127.48 1 0
43630 9 2 5 0 0.024 0.085 0.186 0.942 0.778 1.342 101 2.918 119.787 1 0
43630 10 2 5 0 0.024 0.085 0.186 0.942 0.778 1.244 105 2.639 128.567 1 0
43630 1 2 5 0 0.089 0.219 0.444 0.859 0.031 243.532 932 247.053 1099.333 0 0
43630 2 2 5 0 0.089 0.219 0.444 0.859 0.031 243.753 1032 247.356 1160.387 0 0
43630 3 2 5 0 0.089 0.219 0.444 0.859 0.031 241.453 1000 247.654 1258.413 0 0
43630 4 2 5 0 0.089 0.219 0.444 0.859 0.031 242.471 935 247.75 1156.22 0 0
43630 5 2 5 0 0.089 0.219 0.444 0.859 0.031 243.346 1027 247.493 1276.747 0 0
43630 6 2 5 0 0.089 0.219 0.444 0.859 0.031 244.434 1028 247.754 1196.347 0 0
43630 7 2 5 0 0.089 0.219 0.444 0.859 0.031 241.291 960 247.187 1154.073 0 0
43630 8 2 5 0 0.089 0.219 0.444 0.859 0.031 244.303 873 247.319 1087.94 0 0
43630 9 2 5 0 0.089 0.219 0.444 0.859 0.031 243.336 994 247.72 1214.26 0 0
43630 10 2 5 0 0.089 0.219 0.444 0.859 0.031 243.225 1050 247.375 1229.26 0 0
43630 1 2 5 0 0.057 0.012 0.194 0.895 0.96 1.392 105 2.764 137.213 0.947 0
43630 2 2 5 0 0.057 0.012 0.194 0.895 0.96 2.287 110 3.833 129.88 0.907 0
43630 3 2 5 0 0.057 0.012 0.194 0.895 0.96 1.84 123 3.182 139.527 0.98 0
43630 4 2 5 0 0.057 0.012 0.194 0.895 0.96 1.343 106 3.454 131.507 0.94 0
43630 5 2 5 0 0.057 0.012 0.194 0.895 0.96 1.839 104 3.213 122.413 1 0
43630 6 2 5 0 0.057 0.012 0.194 0.895 0.96 0.845 101 3.053 122.233 0.88 0
43630 7 2 5 0 0.057 0.012 0.194 0.895 0.96 1.144 98 2.265 111.373 1 0
43630 8 2 5 0 0.057 0.012 0.194 0.895 0.96 1.592 107 2.993 129.267 1 0
43630 9 2 5 0 0.057 0.012 0.194 0.895 0.96 1.194 104 2.45 125.2 1 0
43630 10 2 5 0 0.057 0.012 0.194 0.895 0.96 1.342 114 2.639 126.967 1 0
43630 1 2 5 0 0.102 0.458 0.214 0.79 0.62 2.036 111 5.604 139.62 0.587 0
43630 2 2 5 0 0.102 0.458 0.214 0.79 0.62 0.647 117 3.847 145.18 0.647 0
43630 3 2 5 0 0.102 0.458 0.214 0.79 0.62 2.677 125 3.913 143.167 0.9 0
43630 4 2 5 0 0.102 0.458 0.214 0.79 0.62 2.089 143 4.58 165.633 0.547 0
43630 5 2 5 0 0.102 0.458 0.214 0.79 0.62 2.132 110 3.717 126.053 0.927 0
43630 6 2 5 0 0.102 0.458 0.214 0.79 0.62 1.385 93 3.667 121.827 0.707 0
43630 7 2 5 0 0.102 0.458 0.214 0.79 0.62 0 8 0 8 1 1
43630 8 2 5 0 0.102 0.458 0.214 0.79 0.62 2.683 104 4.571 122.18 0.687 0
43630 9 2 5 0 0.102 0.458 0.214 0.79 0.62 3.364 121 5.19 148.94 0.46 0
43630 10 2 5 0 0.102 0.458 0.214 0.79 0.62 1.839 137 4.372 158.647 0.713 0
43630 1 1 10 1 0.02 0.088 0.218 0.776 0.238 0 11 0.141 12.553 1 0
43630 2 1 10 1 0.02 0.088 0.218 0.776 0.238 0 6 0.058 6.433 1 1
43630 3 1 10 1 0.02 0.088 0.218 0.776 0.238 0.498 117 1.945 135.66 1 0
43630 4 1 10 1 0.02 0.088 0.218 0.776 0.238 1.044 112 4.678 135.973 0.627 0
43630 5 1 10 1 0.02 0.088 0.218 0.776 0.238 0 9 0.097 9.913 1 0.087
43630 6 1 10 1 0.02 0.088 0.218 0.776 0.238 0.796 93 1.98 106.853 1 0
43630 7 1 10 1 0.02 0.088 0.218 0.776 0.238 0.647 122 2.599 135.427 0.953 0
43630 8 1 10 1 0.02 0.088 0.218 0.776 0.238 0 33 0.376 35.287 1 0
43630 9 1 10 1 0.02 0.088 0.218 0.776 0.238 1.989 105 4.123 128.967 0.713 0
43630 10 1 10 1 0.02 0.088 0.218 0.776 0.238 1.343 106 2.513 118.387 1 0
43630 1 1 10 1 0.064 0.273 0.301 0.766 0.196 0 7 0.054 7 1 1
43630 2 1 10 1 0.064 0.273 0.301 0.766 0.196 0.299 75 0.566 76.26 1 0
43630 3 1 10 1 0.064 0.273 0.301 0.766 0.196 59.331 137 66.81 203.847 0 0
43630 4 1 10 1 0.064 0.273 0.301 0.766 0.196 66.933 144 72.695 203.827 0 0
43630 5 1 10 1 0.064 0.273 0.301 0.766 0.196 1.839 107 8.267 126.533 0.46 0
43630 6 1 10 1 0.064 0.273 0.301 0.766 0.196 67.162 158 71.788 212.887 0 0
43630 7 1 10 1 0.064 0.273 0.301 0.766 0.196 76.639 204 82.259 252.753 0 0
43630 8 1 10 1 0.064 0.273 0.301 0.766 0.196 6.075 135 10.827 163.52 0 0
43630 9 1 10 1 0.064 0.273 0.301 0.766 0.196 38.68 156 42.879 196.507 0 0
43630 10 1 10 1 0.064 0.273 0.301 0.766 0.196 3.911 132 7.511 178.42 0.193 0
43630 1 1 10 1 0.091 0.041 0.414 0.992 0.71 0 28 0.13 28.907 1 0
43630 2 1 10 1 0.091 0.041 0.414 0.992 0.71 0 15 0.012 15 1 0
43630 3 1 10 1 0.091 0.041 0.414 0.992 0.71 0 18 0.188 19.953 1 0
43630 4 1 10 1 0.091 0.041 0.414 0.992 0.71 0 9 0.129 9 1 1
43630 5 1 10 1 0.091 0.041 0.414 0.992 0.71 0 13 0.123 15.32 1 0
43630 6 1 10 1 0.091 0.041 0.414 0.992 0.71 0 3 0.023 5.94 1 1
43630 7 1 10 1 0.091 0.041 0.414 0.992 0.71 0 5 0.053 5 1 1
43630 8 1 10 1 0.091 0.041 0.414 0.992 0.71 0 18 0.189 18 1 0
43630 9 1 10 1 0.091 0.041 0.414 0.992 0.71 0 6 0 6 1 1
43630 10 1 10 1 0.091 0.041 0.414 0.992 0.71 0 9 0.121 9.36 1 0.64
43630 1 1 10 1 0.08 0.135 0.105 0.856 0.243 148.279 291 158.19 376.387 0 0
43630 2 1 10 1 0.08 0.135 0.105 0.856 0.243 137.42 238 144.14 304.547 0 0
43630 3 1 10 1 0.08 0.135 0.105 0.856 0.243 152.938 291 158.588 390.633 0 0
43630 4 1 10 1 0.08 0.135 0.105 0.856 0.243 130.63 324 139.939 408.52 0 0
43630 5 1 10 1 0.08 0.135 0.105 0.856 0.243 151.762 304 163.366 390.487 0 0
43630 6 1 10 1 0.08 0.135 0.105 0.856 0.243 163.824 304 172.326 374.713 0 0
43630 7 1 10 1 0.08 0.135 0.105 0.856 0.243 138.282 327 149.011 400.927 0 0
43630 8 1 10 1 0.08 0.135 0.105 0.856 0.243 141.39 233 147.417 362.173 0 0
43630 9 1 10 1 0.08 0.135 0.105 0.856 0.243 141.17 288 147.862 373.667 0 0
43630 10 1 10 1 0.08 0.135 0.105 0.856 0.243 147.457 294 154.481 364.207 0 0
43630 1 1 10 1 0.036 0.271 0.299 0.942 0.251 0.199 29 0.37 32.447 1 0
43630 2 1 10 1 0.036 0.271 0.299 0.942 0.251 1.989 94 3.797 120.927 0.847 0
43630 3 1 10 1 0.036 0.271 0.299 0.942 0.251 1.442 147 2.947 159.6 1 0
43630 4 1 10 1 0.036 0.271 0.299 0.942 0.251 1.492 113 4.557 146.993 0.547 0
43630 5 1 10 1 0.036 0.271 0.299 0.942 0.251 3.47 136 6.422 157.78 0.173 0
43630 6 1 10 1 0.036 0.271 0.299 0.942 0.251 3.032 118 5.549 133.287 0.4 0
43630 7 1 10 1 0.036 0.271 0.299 0.942 0.251 31.637 121 34.584 153.613 0 0
43630 8 1 10 1 0.036 0.271 0.299 0.942 0.251 1.592 128 3.745 154.953 0.707 0
43630 9 1 10 1 0.036 0.271 0.299 0.942 0.251 1.486 115 3.447 140.9 0.98 0
43630 10 1 10 1 0.036 0.271 0.299 0.942 0.251 2.834 116 4.404 133.247 0.747 0
43630 1 1 10 1 0.048 0.104 0.325 0.945 0.407 0 17 0.141 18.387 1 0
43630 2 1 10 1 0.048 0.104 0.325 0.945 0.407 0 11 0.053 11.127 1 0
43630 3 1 10 1 0.048 0.104 0.325 0.945 0.407 0 9 0.009 9 1 1
43630 4 1 10 1 0.048 0.104 0.325 0.945 0.407 0 9 0.009 9 1 1
43630 5 1 10 1 0.048 0.104 0.325 0.945 0.407 0 17 0.293 17.22 1 0
43630 6 1 10 1 0.048 0.104 0.325 0.945 0.407 0 7 0.268 7.813 1 1
43630 7 1 10 1 0.048 0.104 0.325 0.945 0.407 0 9 0.091 9.547 1 0.453
43630 8 1 10 1 0.048 0.104 0.325 0.945 0.407 0 7 0.144 10.127 1 0.38
43630 9 1 10 1 0.048 0.104 0.325 0.945 0.407 0.05 21 0.208 21.747 1 0
43630 10 1 10 1 0.048 0.104 0.325 0.945 0.407 0 9 0.095 9 1 1
43630 1 1 10 1 0.096 0.341 0.401 0.998 0.976 0 7 0.06 7 1 1
43630 2 1 10 1 0.096 0.341 0.401 0.998 0.976 0.05 33 0.267 35.707 1 0
43630 3 1 10 1 0.096 0.341 0.401 0.998 0.976 72.088 34 77.62 39.007 0 0
43630 4 1 10 1 0.096 0.341 0.401 0.998 0.976 203.126 1 210.164 3.367 0 0.9
43630 5 1 10 1 0.096 0.341 0.401 0.998 0.976 0 8 0 8 1 1
43630 6 1 10 1 0.096 0.341 0.401 0.998 0.976 0 12 0.189 13.913 1 0
43630 7 1 10 1 0.096 0.341 0.401 0.998 0.976 0 6 0.032 6 1 1
43630 8 1 10 1 0.096 0.341 0.401 0.998 0.976 0 6 0.098 6.767 1 1
43630 9 1 10 1 0.096 0.341 0.401 0.998 0.976 0 8 0.028 8.707 1 1
43630 10 1 10 1 0.096 0.341 0.401 0.998 0.976 0 6 0 6 1 1
43630 1 1 10 1 0.093 0.039 0.178 0.884 0.981 0 16 0.118 16.287 1 0
43630 2 1 10 1 0.093 0.039 0.178 0.884 0.981 0 6 0.014 6.62 1 1
43630 3 1 10 1 0.093 0.039 0.178 0.884 0.981 0 5 0.07 5 1 1
43630 4 1 10 1 0.093 0.039 0.178 0.884 0.981 0 15 0.142 15.4 1 0
43630 5 1 10 1 0.093 0.039 0.178 0.884 0.981 0 4 0.018 4 1 1
43630 6 1 10 1 0.093 0.039 0.178 0.884 0.981 0.05 13 0.245 13.26 1 0
43630 7 1 10 1 0.093 0.039 0.178 0.884 0.981 0 7 0.046 7.6 1 1
43630 8 1 10 1 0.093 0.039 0.178 0.884 0.981 203.076 0 215.673 4.547 0 0.893
43630 9 1 10 1 0.093 0.039 0.178 0.884 0.981 0 7 0.02 7 1 1
43630 10 1 10 1 0.093 0.039 0.178 0.884 0.981 0 10 0.002 10 1 0
43630 1 1 10 1 0.002 0.252 0.261 0.959 0.431 2.529 115 4.111 129.433 0.833 0
43630 2 1 10 1 0.002 0.252 0.261 0.959 0.431 1.79 125 2.686 141.56 1 0
43630 3 1 10 1 0.002 0.252 0.261 0.959 0.431 0 7 0.188 8.3 1 1
43630 4 1 10 1 0.002 0.252 0.261 0.959 0.431 1.74 119 2.527 130.52 1 0
43630 5 1 10 1 0.002 0.252 0.261 0.959 0.431 0.995 94 2.684 119.347 1 0
43630 6 1 10 1 0.002 0.252 0.261 0.959 0.431 0 18 0.057 18.453 1 0
43630 1 2 6 1 0.072 0.155 0.022 0.98 0.294 248.432 7086 249.797 9101.733 0 0
43630 2 2 6 1 0.072 0.155 0.022 0.98 0.294 248.25 7206 249.714 8689.273 0 0
43630 3 2 6 1 0.072 0.155 0.022 0.98 0.294 248.903 7248 249.873 8311.1 0 0
43630 4 2 6 1 0.072 0.155 0.022 0.98 0.294 247.606 6126 249.672 7336.813 0 0
43630 5 2 6 1 0.072 0.155 0.022 0.98 0.294 249.254 10994 249.883 12482.427 0 0
43630 6 2 6 1 0.072 0.155 0.022 0.98 0.294 247.716 8514 249.684 9550.38 0 0
43630 7 2 6 1 0.072 0.155 0.022 0.98 0.294 248.638 6900 249.791 7414.967 0 0
43630 8 2 6 1 0.072 0.155 0.022 0.98 0.294 248.815 7356 249.815 8053.94 0 0
43630 9 2 6 1 0.072 0.155 0.022 0.98 0.294 248.451 5766 249.767 6790.107 0 0
43630 10 2 6 1 0.072 0.155 0.022 0.98 0.294 247.653 5611 249.48 6131.5 0 0
43630 1 2 6 1 0.108 0.109 0.39 0.963 0.327 0.945 94 2.919 117.22 1 0
43630 2 2 6 1 0.108 0.109 0.39 0.963 0.327 0.994 78 2.182 101.46 1 0
43630 3 2 6 1 0.108 0.109 0.39 0.963 0.327 1.833 88 3.503 117.373 0.833 0
43630 4 2 6 1 0.108 0.109 0.39 0.963 0.327 1.243 96 2.367 113.493 1 0
43630 5 2 6 1 0.108 0.109 0.39 0.963 0.327 1.044 99 1.845 124.04 1 0
43630 6 2 6 1 0.108 0.109 0.39 0.963 0.327 0.945 90 2.906 109.273 0.967 0
43630 7 2 6 1 0.108 0.109 0.39 0.963 0.327 1.641 96 3.096 117.693 0.993 0
43630 8 2 6 1 0.108 0.109 0.39 0.963 0.327 0.597 26 1.421 37.327 1 0
43630 9 2 6 1 0.108 0.109 0.39 0.963 0.327 1.442 103 3.067 120.947 1 0
43630 10 2 6 1 0.108 0.109 0.39 0.963 0.327 0 4 0.134 4.22 1 1
43630 1 2 6 1 0.003 0.396 0.126 0.973 0.23 240.37 902 247.272 1151.287 0 0
43630 2 2 6 1 0.003 0.396 0.126 0.973 0.23 241.292 906 245.886 1066.853 0 0
43630 3 2 6 1 0.003 0.396 0.126 0.973 0.23 240.044 829 246.188 985.467 0 0
43630 4 2 6 1 0.003 0.396 0.126 0.973 0.23 242.466 772 246.133 976.453 0 0
43630 5 2 6 1 0.003 0.396 0.126 0.973 0.23 241.031 935 246.3 1159.787 0 0
43630 6 2 6 1 0.003 0.396 0.126 0.973 0.23 242.32 983 246.716 1084.853 0 0
43630 7 2 6 1 0.003 0.396 0.126 0.973 0.23 241.993 814 245.937 963.813 0 0
43630 8 2 6 1 0.003 0.396 0.126 0.973 0.23 242.182 781 246.227 974.573 0 0
43630 9 2 6 1 0.003 0.396 0.126 0.973 0.23 243.052 804 246.964 1023.46 0 0
43630 10 2 6 1 0.003 0.396 0.126 0.973 0.23 244.501 989 247.762 1229.073 0 0
43630 1 2 6 1 0.064 0.276 0.398 0.77 0.202 50.808 174 61.23 225.007 0 0
43630 2 2 6 1 0.064 0.276 0.398 0.77 0.202 50.718 146 58.543 212.013 0 0
43630 3 2 6 1 0.064 0.276 0.398 0.77 0.202 59.489 133 64.001 213.82 0 0
43630 4 2 6 1 0.064 0.276 0.398 0.77 0.202 23.936 116 35.723 162.433 0 0
43630 5 2 6 1 0.064 0.276 0.398 0.77 0.202 39.049 152 44.086 223.727 0 0
43630 6 2 6 1 0.064 0.276 0.398 0.77 0.202 53.104 109 60.514 147.34 0 0
43630 7 2 6 1 0.064 0.276 0.398 0.77 0.202 48.369 96 52.611 171.46 0 0
43630 8 2 6 1 0.064 0.276 0.398 0.77 0.202 60.293 141 69.85 220.613 0 0
43630 9 2 6 1 0.064 0.276 0.398 0.77 0.202 45.575 83 53.125 136.393 0 0
43630 10 2 6 1 0.064 0.276 0.398 0.77 0.202 52.465 148 57.369 217.2 0 0
43630 1 2 6 1 0.104 0.002 0.313 0.852 0.452 1.442 109 2.663 127.907 1 0
43630 2 2 6 1 0.104 0.002 0.313 0.852 0.452 0.845 121 2.531 144.833 1 0
43630 3 2 6 1 0.104 0.002 0.313 0.852 0.452 1.832 95 3.071 121.86 1 0
43630 4 2 6 1 0.104 0.002 0.313 0.852 0.452 1.188 106 2.901 120.193 1 0
43630 5 2 6 1 0.104 0.002 0.313 0.852 0.452 2.261 88 4.334 106.833 0.727 0
43630 6 2 6 1 0.104 0.002 0.313 0.852 0.452 1.442 93 4.012 113.227 0.7 0
43630 7 2 6 1 0.104 0.002 0.313 0.852 0.452 1.143 104 2.534 124.053 1 0
43630 8 2 6 1 0.104 0.002 0.313 0.852 0.452 1.689 109 3.165 127.813 1 0
43630 9 2 6 1 0.104 0.002 0.313 0.852 0.452 1.243 83 2.543 99.92 1 0
43630 10 2 6 1 0.104 0.002 0.313 0.852 0.452 1.393 100 2.802 121.7 1 0
43630 1 2 6 1 0.027 0.107 0.269 0.812 0.947 1.741 110 3.043 122.547 0.987 0
43630 2 2 6 1 0.027 0.107 0.269 0.812 0.947 1.54 102 2.655 116.56 1 0
43630 3 2 6 1 0.027 0.107 0.269 0.812 0.947 1.044 111 2.501 129.68 1 0
43630 4 2 6 1 0.027 0.107 0.269 0.812 0.947 1.379 85 3.213 105.187 0.913 0
43630 5 2 6 1 0.027 0.107 0.269 0.812 0.947 1.393 117 2.517 140.867 1 0
43630 6 2 6 1 0.027 0.107 0.269 0.812 0.947 1.585 103 3.276 123.38 1 0
43630 7 2 6 1 0.027 0.107 0.269 0.812 0.947 1.542 123 3.442 139.447 0.807 0
43630 8 2 6 1 0.027 0.107 0.269 0.812 0.947 0.448 98 2.477 115.187 0.993 0
43630 9 2 6 1 0.027 0.107 0.269 0.812 0.947 1.242 124 2.851 139.287 1 0
43630 10 2 6 1 0.027 0.107 0.269 0.812 0.947 0.647 94 2.556 121.893 1 0
43630 1 2 6 1 0.012 0.145 0.37 0.942 0.284 1.888 111 3.315 129.633 0.967 0
43630 2 2 6 1 0.012 0.145 0.37 0.942 0.284 2.329 96 3.849 108.173 0.907 0
43630 3 2 6 1 0.012 0.145 0.37 0.942 0.284 2.137 88 3.462 111.207 0.913 0
43630 4 2 6 1 0.012 0.145 0.37 0.942 0.284 1.691 106 3.273 124.387 1 0
43630 5 2 6 1 0.012 0.145 0.37 0.942 0.284 1.243 95 2.839 114.107 1 0
43630 6 2 6 1 0.012 0.145 0.37 0.942 0.284 8.145 88 14.349 120.94 0 0
43630 7 2 6 1 0.012 0.145 0.37 0.942 0.284 2.48 101 6.647 118.78 0.187 0
43630 8 2 6 1 0.012 0.145 0.37 0.942 0.284 2.628 85 4.111 110.913 0.86 0
43630 9 2 6 1 0.012 0.145 0.37 0.942 0.284 1.194 81 3.566 109.093 0.88 0
43630 10 2 6 1 0.012 0.145 0.37 0.942 0.284 1.243 116 3.509 130.053 0.927 0
43630 1 2 6 1 0.026 0.292 0.401 0.794 0.019 243.872 1174 248.053 1426.093 0 0
43630 1 1 8 0 0.098 0.42 0.303 0.835 0.027 245.667 1573 248.284 2014.973 0 0
43630 2 1 8 0 0.098 0.42 0.303 0.835 0.027 245.977 2057 248.682 2359.54 0 0
43630 3 1 8 0 0.098 0.42 0.303 0.835 0.027 246.569 2976 249.062 3407.94 0 0
43630 4 1 8 0 0.098 0.42 0.303 0.835 0.027 245.267 2681 248.932 2870.067 0 0
43630 5 1 8 0 0.098 0.42 0.303 0.835 0.027 245.995 2130 248.766 2396.027 0 0
43630 6 1 8 0 0.098 0.42 0.303 0.835 0.027 245.259 2235 248.54 2495.98 0 0
43630 7 1 8 0 0.098 0.42 0.303 0.835 0.027 246.28 2294 249.014 2637.947 0 0
43630 8 1 8 0 0.098 0.42 0.303 0.835 0.027 246.743 2602 249.101 2885.48 0 0
43630 9 1 8 0 0.098 0.42 0.303 0.835 0.027 246.93 2518 249.031 2978.653 0 0
43630 10 1 8 0 0.098 0.42 0.303 0.835 0.027 245.349 2598 248.808 2974.287 0 0
43630 1 1 8 0 0.01 0.228 0.323 0.922 0.859 0 16 0.268 16.333 1 0
43630 2 1 8 0 0.01 0.228 0.323 0.922 0.859 0 20 0.235 21.927 1 0
43630 3 1 8 0 0.01 0.228 0.323 0.922 0.859 0 13 0.055 13 1 0
43630 4 1 8 0 0.01 0.228 0.323 0.922 0.859 0.05 10 0.155 11.373 1 0
43630 5 1 8 0 0.01 0.228 0.323 0.922 0.859 0 9 0.014 9 1 1
43630 6 1 8 0 0.01 0.228 0.323 0.922 0.859 0 9 0.059 9.68 1 0.32
43630 7 1 8 0 0.01 0.228 0.323 0.922 0.859 0 20 0.166 22.913 1 0
43630 8 1 8 0 0.01 0.228 0.323 0.922 0.859 0.05 22 0.203 22 1 0
43630 9 1 8 0 0.01 0.228 0.323 0.922 0.859 0 16 0.163 16.247 1 0
43630 10 1 8 0 0.01 0.228 0.323 0.922 0.859 0 23 0.129 23.1 1 0
43630 1 1 8 0 0.023 0.234 0.016 0.933 0.729 2.583 158 4.508 203.22 0.653 0
43630 2 1 8 0 0.023 0.234 0.016 0.933 0.729 3.793 182 6.453 204.68 0.173 0
43630 3 1 8 0 0.023 0.234 0.016 0.933 0.729 3.776 143 7.435 180.873 0.093 0
43630 4 1 8 0 0.023 0.234 0.016 0.933 0.729 1.293 146 2.9 163.14 1 0
43630 5 1 8 0 0.023 0.234 0.016 0.933 0.729 1.791 114 4.377 144.373 0.78 0
43630 6 1 8 0 0.023 0.234 0.016 0.933 0.729 0 11 0.062 11 1 0
43630 7 1 8 0 0.023 0.234 0.016 0.933 0.729 2.635 194 5.525 225.593 0.42 0
43630 8 1 8 0 0.023 0.234 0.016 0.933 0.729 0 13 0.147 13.287 1 0
43630 9 1 8 0 0.023 0.234 0.016 0.933 0.729 2.04 153 3.4 173.907 0.913 0
43630 10 1 8 0 0.023 0.234 0.016 0.933 0.729 0 7 0.09 7.393 1 1
43630 1 1 8 0 0.02 0.33 0.187 0.983 0.511 0.05 16 0.234 16.72 1 0
43630 2 1 8 0 0.02 0.33 0.187 0.983 0.511 0 26 0.145 26 1 0
43630 3 1 8 0 0.02 0.33 0.187 0.983 0.511 0.05 27 0.22 29.06 1 0
43630 4 1 8 0 0.02 0.33 0.187 0.983 0.511 0 10 0.109 10.66 1 0
43630 5 1 8 0 0.02 0.33 0.187 0.983 0.511 0 11 0.107 11.153 1 0
43630 6 1 8 0 0.02 0.33 0.187 0.983 0.511 1.49 119 3.672 133.747 0.887 0
43630 7 1 8 0 0.02 0.33 0.187 0.983 0.511 0 9 0.113 9.127 1 0.92
43630 8 1 8 0 0.02 0.33 0.187 0.983 0.511 1.536 157 3.202 172.493 0.927 0
43630 9 1 8 0 0.02 0.33 0.187 0.983 0.511 1.692 111 3.742 131.2 0.88 0
43630 10 1 8 0 0.02 0.33 0.187 0.983 0.511 0 11 0.128 11 1 0
43630 1 1 8 0 0.034 0.455 0.266 0.914 0.172 198.832 342 204.327 499.193 0 0
43630 2 1 8 0 0.034 0.455 0.266 0.914 0.172 162.51 349 170.636 417.973 0 0
43630 3 1 8 0 0.034 0.455 0.266 0.914 0.172 213.957 421 230.008 543.74 0 0
43630 4 1 8 0 0.034 0.455 0.266 0.914 0.172 196.187 396 201.309 511.827 0 0
43630 5 1 8 0 0.034 0.455 0.266 0.914 0.172 176.698 233 182.125 429.28 0 0
43630 6 1 8 0 0.034 0.455 0.266 0.914 0.172 176.012 241 182.989 359.693 0 0
43630 7 1 8 0 0.034 0.455 0.266 0.914 0.172 160.083 359 166.774 449.187 0 0
43630 8 1 8 0 0.034 0.455 0.266 0.914 0.172 174.484 342 189.99 470.36 0 0
43630 9 1 8 0 0.034 0.455 0.266 0.914 0.172 190.915 280 197.494 452.38 0 0
43630 10 1 8 0 0.034 0.455 0.266 0.914 0.172 237.46 427 242.727 589.04 0 0
43630 1 1 8 0 0.016 0.341 0.311 0.883 0.318 2.238 108 3.759 127.253 0.947 0
43630 2 1 8 0 0.016 0.341 0.311 0.883 0.318 0 9 0.201 12.067 1 0.073
43630 3 1 8 0 0.016 0.341 0.311 0.883 0.318 0 7 0.069 7 1 1
43630 4 1 8 0 0.016 0.341 0.311 0.883 0.318 0 17 0.09 17.893 1 0
43630 5 1 8 0 0.016 0.341 0.311 0.883 0.318 0.846 119 2.622 139.747 1 0
43630 6 1 8 0 0.016 0.341 0.311 0.883 0.318 0.397 112 2.691 131.687 0.84 0
43630 7 1 8 0 0.016 0.341 0.311 0.883 0.318 0.597 100 2.963 122.22 0.88 0
43630 8 1 8 0 0.016 0.341 0.311 0.883 0.318 0.05 9 0.274 9 1 1
43630 9 1 8 0 0.016 0.341 0.311 0.883 0.318 1.592 112 2.644 130.053 1 0
43630 10 1 8 0 0.016 0.341 0.311 0.883 0.318 0 15 0.216 15 1 0
43630 1 1 8 0 0.013 0.123 0.068 0.788 0.706 0 7 0.008 7 1 1
43630 2 1 8 0 0.013 0.123 0.068 0.788 0.706 0 13 0.07 13 1 0
43630 3 1 8 0 0.013 0.123 0.068 0.788 0.706 0 3 0.04 3.2 1 1
43630 4 1 8 0 0.013 0.123 0.068 0.788 0.706 1.286 108 2.198 127.633 1 0
43630 5 1 8 0 0.013 0.123 0.068 0.788 0.706 1.441 111 2.968 134.313 0.947 0
43630 6 1 8 0 0.013 0.123 0.068 0.788 0.706 0.597 102 1.549 113.74 1 0
43630 7 1 8 0 0.013 0.123 0.068 0.788 0.706 0 14 0.109 15.887 1 0
43630 8 1 8 0 0.013 0.123 0.068 0.788 0.706 0 7 0.043 7 1 1
43630 9 1 8 0 0.013 0.123 0.068 0.788 0.706 0 14 0.089 14.853 1 0
43630 10 1 8 0 0.013 0.123 0.068 0.788 0.706 0 15 0.005 15 1 0
43630 1 1 8 0 0.079 0.133 0.348 0.78 0.639 0 17 0.174 17.24 1 0
43630 2 1 8 0 0.079 0.133 0.348 0.78 0.639 0 9 0.025 9 1 1
43630 3 1 8 0 0.079 0.133 0.348 0.78 0.639 0.299 36 0.594 42.287 1 0
43630 4 1 8 0 0.079 0.133 0.348 0.78 0.639 0 33 0.183 34.427 1 0
43630 5 1 8 0 0.079 0.133 0.348 0.78 0.639 0 8 0 8 1 1
43630 6 1 8 0 0.079 0.133 0.348 0.78 0.639 0 11 0.091 11 1 0
43630 7 1 8 0 0.079 0.133 0.348 0.78 0.639 0 5 0.09 7.073 1 1
43630 8 1 8 0 0.079 0.133 0.348 0.78 0.639 0 11 0.114 11 1 0
43630 9 1 8 0 0.079 0.133 0.348 0.78 0.639 0 10 0.172 11.173 1 0
43630 10 1 8 0 0.079 0.133 0.348 0.78 0.639 0 15 0.121 15.907 1 0
43630 1 1 8 0 0.073 0.184 0.238 0.802 0.208 55.498 117 64.499 164.74 0 0
43630 2 1 8 0 0.073 0.184 0.238 0.802 0.208 80.663 116 88.732 198.213 0 0
43630 3 1 8 0 0.073 0.184 0.238 0.802 0.208 0.646 102 3.953 137.8 0.62 0
43630 4 1 8 0 0.073 0.184 0.238 0.802 0.208 41.278 183 48.492 229.18 0 0
43630 5 1 8 0 0.073 0.184 0.238 0.802 0.208 3.723 146 5.941 161.52 0.2 0
43630 6 1 8 0 0.073 0.184 0.238 0.802 0.208 0 15 0.067 15 1 0
43630 1 1 8 0 0.062 0.047 0.253 0.79 0.103 0 14 0.126 16.9 1 0
43630 2 1 8 0 0.062 0.047 0.253 0.79 0.103 0 13 0.079 13 1 0
43630 3 1 8 0 0.062 0.047 0.253 0.79 0.103 0 11 0.14 11.827 1 0
43630 4 1 8 0 0.062 0.047 0.253 0.79 0.103 1.591 109 2.799 124.913 1 0
43630 5 1 8 0 0.062 0.047 0.253 0.79 0.103 0 5 0.044 5 1 1
43630 6 1 8 0 0.062 0.047 0.253 0.79 0.103 0.299 77 0.904 88.4 1 0
43630 7 1 8 0 0.062 0.047 0.253 0.79 0.103 0 10 0.13 10 1 0
43630 8 1 8 0 0.062 0.047 0.253 0.79 0.103 0.796 117 1.712 129.42 1 0
43630 9 1 8 0 0.062 0.047 0.253 0.79 0.103 0 6 0.028 6 1 1
43630 10 1 8 0 0.062 0.047 0.253 0.79 0.103 0 10 0.096 11.667 1 0
43630 1 1 8 0 0.054 0.077 0.308 0.974 0.513 0 7 0.087 7 1 1
43630 2 1 8 0 0.054 0.077 0.308 0.974 0.513 0 11 0.091 11 1 0
43630 3 1 8 0 0.054 0.077 0.308 0.974 0.513 0 6 0.087 6 1 1
43630 4 1 8 0 0.054 0.077 0.308 0.974 0.513 0.1 85 0.538 87.52 1 0
43630 5 1 8 0 0.054 0.077 0.308 0.974 0.513 0 13 0.022 13 1 0
43630 6 1 8 0 0.054 0.077 0.308 0.974 0.513 0 16 0.084 16.967 1 0
43630 7 1 8 0 0.054 0.077 0.308 0.974 0.513 0 18 0.103 18 1 0
43630 8 1 8 0 0.054 0.077 0.308 0.974 0.513 0 16 0.164 16.367 1 0
43630 9 1 8 0 0.054 0.077 0.308 0.974 0.513 0 6 0.154 7.78 1 1
43630 10 1 8 0 0.054 0.077 0.308 0.974 0.513 0 14 0.234 14.607 1 0
43630 1 1 8 0 0.117 0.4 0.132 0.906 0.007 250 86124 250 86915.313 0 0
43630 2 1 8 0 0.117 0.4 0.132 0.906 0.007 250 90031 250 90431.193 0 0
43630 3 1 8 0 0.117 0.4 0.132 0.906 0.007 250 76176 250 80761.947 0 0
43630 4 1 8 0 0.117 0.4 0.132 0.906 0.007 250 99889 250 101493.46 0 0
43630 5 1 8 0 0.117 0.4 0.132 0.906 0.007 250 75760 250 79433.58 0 0
43630 6 1 8 0 0.117 0.4 0.132 0.906 0.007 250 87196 250 88538.327 0 0
43630 7 1 8 0 0.117 0.4 0.132 0.906 0.007 250 68100 250 68886.04 0 0
43630 8 1 8 0 0.117 0.4 0.132 0.906 0.007 250 79246 250 82841.853 0 0
43630 1 2 9 0 0.025 0.491 0.374 0.976 0.685 1.79 70 3.303 91.893 1 0
43630 2 2 9 0 0.025 0.491 0.374 0.976 0.685 29.875 17 35.219 21.927 0 0
43630 3 2 9 0 0.025 0.491 0.374 0.976 0.685 0.697 77 1.925 107.347 1 0
43630 4 2 9 0 0.025 0.491 0.374 0.976 0.685 0.896 84 2.366 110.24 1 0
43630 5 2 9 0 0.025 0.491 0.374 0.976 0.685 1.492 73 3.189 88.92 1 0
43630 6 2 9 0 0.025 0.491 0.374 0.976 0.685 0.896 72 2.678 96.847 1 0
43630 7 2 9 0 0.025 0.491 0.374 0.976 0.685 1.393 78 2.135 93.667 1 0
43630 8 2 9 0 0.025 0.491 0.374 0.976 0.685 1.094 79 2.257 97.533 1 0
43630 9 2 9 0 0.025 0.491 0.374 0.976 0.685 0.697 83 1.71 99.513 1 0
43630 10 2 9 0 0.025 0.491 0.374 0.976 0.685 1.143 91 2.278 105.46 1 0
43630 1 2 9 0 0.054 0.191 0.282 0.838 0.825 1.144 87 2.465 106.627 1 0
43630 2 2 9 0 0.054 0.191 0.282 0.838 0.825 0.199 70 1.931 86.493 1 0
43630 3 2 9 0 0.054 0.191 0.282 0.838 0.825 1.243 94 2.288 109.4 1 0
43630 4 2 9 0 0.054 0.191 0.282 0.838 0.825 1.343 92 2.455 107.873 1 0
43630 5 2 9 0 0.054 0.191 0.282 0.838 0.825 1.293 77 2.274 100.513 1 0
43630 6 2 9 0 0.054 0.191 0.282 0.838 0.825 0.846 101 2.243 121.247 1 0
43630 7 2 9 0 0.054 0.191 0.282 0.838 0.825 1.342 97 2.212 114.36 1 0
43630 8 2 9 0 0.054 0.191 0.282 0.838 0.825 1.294 82 2.451 103.073 1 0
43630 9 2 9 0 0.054 0.191 0.282 0.838 0.825 0.795 67 1.782 82.407 1 0
43630 10 2 9 0 0.054 0.191 0.282 0.838 0.825 1.194 59 2.398 82.773 1 0
43630 1 2 9 0 0.082 0.459 0.468 0.939 0.798 1.143 68 2.495 87.667 1 0
43630 2 2 9 0 0.082 0.459 0.468 0.939 0.798 1.491 73 3.049 94.633 1 0
43630 3 2 9 0 0.082 0.459 0.468 0.939 0.798 125.168 9 137.608 17.4 0 0.107
43630 4 2 9 0 0.082 0.459 0.468 0.939 0.798 0.896 93 2.588 107.553 1 0
43630 5 2 9 0 0.082 0.459 0.468 0.939 0.798 1.193 88 2.486 104.667 1 0
43630 6 2 9 0 0.082 0.459 0.468 0.939 0.798 1.485 79 2.991 100.467 1 0
43630 7 2 9 0 0.082 0.459 0.468 0.939 0.798 0.796 83 1.8 105.22 1 0
43630 8 2 9 0 0.082 0.459 0.468 0.939 0.798 1.044 68 2.591 84.607 1 0
43630 9 2 9 0 0.082 0.459 0.468 0.939 0.798 0 11 0.079 11 1 0
43630 10 2 9 0 0.082 0.459 0.468 0.939 0.798 1.193 92 2.549 116.66 1 0
43630 1 2 9 0 0.119 0.05 0.27 0.932 0.455 1.79 75 2.785 98.173 1 0
43630 2 2 9 0 0.119 0.05 0.27 0.932 0.455 0.746 99 2.213 117.087 1 0
43630 3 2 9 0 0.119 0.05 0.27 0.932 0.455 1.442 83 2.544 105.48 1 0
43630 4 2 9 0 0.119 0.05 0.27 0.932 0.455 1.044 64 2.095 83.127 1 0
43630 5 2 9 0 0.119 0.05 0.27 0.932 0.455 1.193 67 2.181 81.113 1 0
43630 6 2 9 0 0.119 0.05 0.27 0.932 0.455 0.547 89 1.788 109.34 1 0
43630 7 2 9 0 0.119 0.05 0.27 0.932 0.455 1.032 61 2.909 80.347 1 0
43630 8 2 9 0 0.119 0.05 0.27 0.932 0.455 1.194 74 2.038 92.3 1 0
43630 9 2 9 0 0.119 0.05 0.27 0.932 0.455 1.044 95 2.7 112.34 1 0
43630 10 2 9 0 0.119 0.05 0.27 0.932 0.455 1.143 77 2.358 97.793 1 0
43630 1 2 9 0 0.001 0.474 0.248 0.965 0.824 0.895 92 2.148 105.04 1 0
43630 2 2 9 0 0.001 0.474 0.248 0.965 0.824 0.796 84 2.127 99.353 1 0
43630 3 2 9 0 0.001 0.474 0.248 0.965 0.824 1.144 85 2.207 99.073 1 0
43630 4 2 9 0 0.001 0.474 0.248 0.965 0.824 1.343 81 2.616 100.86 1 0
43630 5 2 9 0 0.001 0.474 0.248 0.965 0.824 0.199 84 1.22 91.653 1 0
43630 6 2 9 0 0.001 0.474 0.248 0.965 0.824 0 7 0.019 7.52 1 1
43630 7 2 9 0 0.001 0.474 0.248 0.965 0.824 0.796 90 2.3 105.387 1 0
43630 8 2 9 0 0.001 0.474 0.248 0.965 0.824 1.292 87 2.332 100.62 1 0
43630 9 2 9 0 0.001 0.474 0.248 0.965 0.824 0.895 105 2.564 126.42 1 0
43630 10 2 9 0 0.001 0.474 0.248 0.965 0.824 2.287 91 3.728 115.127 1 0
43630 1 2 9 0 0.035 0.15 0.107 0.751 0.95 0.05 27 0.216 30.26 1 0
43630 2 2 9 0 0.035 0.15 0.107 0.751 0.95 0.895 108 2.436 125.96 1 0
43630 3 2 9 0 0.035 0.15 0.107 0.751 0.95 0.845 76 2.401 91.2 1 0
43630 4 2 9 0 0.035 0.15 0.107 0.751 0.95 0 5 0.145 6.733 1 1
43630 5 2 9 0 0.035 0.15 0.107 0.751 0.95 0.895 78 2.535 94.767 1 0
43630 6 2 9 0 0.035 0.15 0.107 0.751 0.95 1.293 74 2.384 91.873 1 0
43630 7 2 9 0 0.035 0.15 0.107 0.751 0.95 1.143 92 2.413 110.353 1 0
43630 8 2 9 0 0.035 0.15 0.107 0.751 0.95 0.846 90 2.181 109.313 1 0
43630 9 2 9 0 0.035 0.15 0.107 0.751 0.95 0.697 73 1.961 91.987 1 0
43630 10 2 9 0 0.035 0.15 0.107 0.751 0.95 1.392 85 2.443 102.98 1 0
43630 1 2 9 0 0.047 0.345 0.289 0.917 0.01 248.996 6006 249.86 7322.147 0 0
43630 2 2 9 0 0.047 0.345 0.289 0.917 0.01 248.18 4905 249.709 6371.7 0 0
43630 3 2 9 0 0.047 0.345 0.289 0.917 0.01 248.53 6267 249.821 7036.273 0 0
43630 4 2 9 0 0.047 0.345 0.289 0.917 0.01 248.017 5040 249.708 5530.407 0 0
43630 5 2 9 0 0.047 0.345 0.289 0.917 0.01 248.594 6538 249.87 7760.633 0 0
43630 6 2 9 0 0.047 0.345 0.289 0.917 0.01 248.582 6843 249.827 7988.913 0 0
43630 7 2 9 0 0.047 0.345 0.289 0.917 0.01 249.349 6972 249.892 8172.073 0 0
43630 8 2 9 0 0.047 0.345 0.289 0.917 0.01 248.341 5505 249.774 6098.507 0 0
43630 9 2 9 0 0.047 0.345 0.289 0.917 0.01 248.318 5870 249.753 7000.513 0 0
43630 10 2 9 0 0.047 0.345 0.289 0.917 0.01 248.442 6193 249.81 7424.247 0 0
43630 1 2 9 0 0.071 0.173 0.487 0.869 0.724 0.646 93 1.825 112.86 1 0
43630 1 2 8 0 0.052 0.422 0.207 0.792 0.497 4.255 89 7.304 145.1 0.033 0
43630 2 2 8 0 0.052 0.422 0.207 0.792 0.497 2.618 83 5.502 117.073 0.387 0
43630 3 2 8 0 0.052 0.422 0.207 0.792 0.497 2.485 85 4.89 120.613 0.513 0
43630 4 2 8 0 0.052 0.422 0.207 0.792 0.497 2.881 111 5.87 147.353 0.353 0
43630 5 2 8 0 0.052 0.422 0.207 0.792 0.497 2.129 98 4.346 137.76 0.693 0
43630 6 2 8 0 0.052 0.422 0.207 0.792 0.497 2.683 69 6.905 125.013 0.2 0
43630 7 2 8 0 0.052 0.422 0.207 0.792 0.497 3.794 107 6.244 144.98 0.213 0
43630 8 2 8 0 0.052 0.422 0.207 0.792 0.497 4.471 81 8.388 126.573 0.027 0
43630 9 2 8 0 0.052 0.422 0.207 0.792 0.497 3.279 78 6.718 123.167 0.3 0
43630 10 2 8 0 0.052 0.422 0.207 0.792 0.497 3.75 92 7.203 128.473 0.153 0
43630 1 2 8 0 0.093 0.395 0.216 0.841 0.365 115.159 124 120.725 320.653 0 0
43630 2 2 8 0 0.093 0.395 0.216 0.841 0.365 123.748 205 130.739 375.347 0 0
43630 3 2 8 0 0.093 0.395 0.216 0.841 0.365 127.586 260 132.424 387.06 0 0
43630 4 2 8 0 0.093 0.395 0.216 0.841 0.365 119.73 197 131.3 350.64 0 0
43630 5 2 8 0 0.093 0.395 0.216 0.841 0.365 129.14 246 133.923 394.307 0 0
43630 6 2 8 0 0.093 0.395 0.216 0.841 0.365 125.336 141 132.963 340.187 0 0
43630 7 2 8 0 0.093 0.395 0.216 0.841 0.365 130.901 150 138.025 324.973 0 0
43630 8 2 8 0 0.093 0.395 0.216 0.841 0.365 124.932 152 130.566 391.587 0 0
43630 9 2 8 0 0.093 0.395 0.216 0.841 0.365 114.928 87 122.997 337.133 0 0
43630 10 2 8 0 0.093 0.395 0.216 0.841 0.365 121.765 220 128.723 395.5 0 0
43630 1 2 8 0 0.069 0.06 0.082 0.83 0.002 250 201133 250 215715.713 0 0
43630 2 2 8 0 0.069 0.06 0.082 0.83 0.002 250 205603 250 207626.28 0 0
43630 3 2 8 0 0.069 0.06 0.082 0.83 0.002 250 137717 250 140675.227 0 0
43630 4 2 8 0 0.069 0.06 0.082 0.83 0.002 250 190546 250 196878.94 0 0
43630 1 1 3 1 0.016 0.051 0.16 0.797 0.011 242.695 1026 246.588 1168.553 0 0
43630 2 1 3 1 0.016 0.051 0.16 0.797 0.011 240.043 897 245.345 1053.027 0 0
43630 3 1 3 1 0.016 0.051 0.16 0.797 0.011 240.922 1095 246.448 1343.5 0 0
43630 4 1 3 1 0.016 0.051 0.16 0.797 0.011 244.434 1071 247.753 1375.167 0 0
43630 5 1 3 1 0.016 0.051 0.16 0.797 0.011 241.612 863 246.063 969.713 0 0
43630 6 1 3 1 0.016 0.051 0.16 0.797 0.011 242.975 992 247.052 1240.247 0 0
43630 7 1 3 1 0.016 0.051 0.16 0.797 0.011 244.164 1016 247.135 1191.927 0 0
43630 8 1 3 1 0.016 0.051 0.16 0.797 0.011 243.83 990 247.275 1162.333 0 0
43630 9 1 3 1 0.016 0.051 0.16 0.797 0.011 241.747 847 245.534 993.073 0 0
43630 10 1 3 1 0.016 0.051 0.16 0.797 0.011 242.479 893 246.684 1003.48 0 0
43630 1 1 3 1 0.048 0.31 0.46 0.967 0.122 46.957 178 52.107 220.44 0 0
43630 2 1 3 1 0.048 0.31 0.46 0.967 0.122 0 12 0.125 12 1 0
43630 3 1 3 1 0.048 0.31 0.46 0.967 0.122 0 18 0.045 18 1 0
43630 4 1 3 1 0.048 0.31 0.46 0.967 0.122 0 16 0.12 16.44 1 0
43630 5 1 3 1 0.048 0.31 0.46 0.967 0.122 26.645 173 33.369 213.373 0 0
43630 6 1 3 1 0.048 0.31 0.46 0.967 0.122 0.05 26 0.237 27.313 1 0
43630 7 1 3 1 0.048 0.31 0.46 0.967 0.122 1.492 136 4.712 166.54 0.533 0
43630 8 1 3 1 0.048 0.31 0.46 0.967 0.122 35.975 148 40.621 184.813 0 0
43630 9 1 3 1 0.048 0.31 0.46 0.967 0.122 1.791 124 8.213 169.287 0.413 0
43630 10 1 3 1 0.048 0.31 0.46 0.967 0.122 0 6 0.122 6.327 1 1
43630 1 1 3 1 0.033 0.474 0.104 0.794 0.339 233.275 537 240.843 612.027 0 0
43630 2 1 3 1 0.033 0.474 0.104 0.794 0.339 231.696 610 238.576 696.113 0 0
43630 3 1 3 1 0.033 0.474 0.104 0.794 0.339 236.078 520 243.026 653.58 0 0
43630 4 1 3 1 0.033 0.474 0.104 0.794 0.339 232.635 564 241.563 672.847 0 0
43630 5 1 3 1 0.033 0.474 0.104 0.794 0.339 235.762 544 242.686 664.553 0 0
43630 6 1 3 1 0.033 0.474 0.104 0.794 0.339 235.739 559 241.005 658.653 0 0
43630 7 1 3 1 0.033 0.474 0.104 0.794 0.339 235.781 504 242.047 663.753 0 0
43630 8 1 3 1 0.033 0.474 0.104 0.794 0.339 232.661 577 243.596 684.533 0 0
43630 9 1 3 1 0.033 0.474 0.104 0.794 0.339 233.478 600 244.467 769.467 0 0
43630 10 1 3 1 0.033 0.474 0.104 0.794 0.339 236.719 526 241.805 646.687 0 0
43630 1 1 3 1 0.009 0.054 0.272 0.816 0.547 0.944 116 1.879 124.813 1 0
43630 2 1 3 1 0.009 0.054 0.272 0.816 0.547 0 15 0.261 15.653 1 0
43630 3 1 3 1 0.009 0.054 0.272 0.816 0.547 0.547 103 1.081 106.687 1 0
43630 4 1 3 1 0.009 0.054 0.272 0.816 0.547 1.492 95 2.885 111.853 1 0
43630 5 1 3 1 0.009 0.054 0.272 0.816 0.547 0.995 126 2.434 135.667 1 0
43630 6 1 3 1 0.009 0.054 0.272 0.816 0.547 1.343 112 2.112 125.34 1 0
43630 7 1 3 1 0.009 0.054 0.272 0.816 0.547 2.231 104 4.066 112.453 0.8 0
43630 8 1 3 1 0.009 0.054 0.272 0.816 0.547 1.194 101 2.245 112.633 1 0
43630 9 1 3 1 0.009 0.054 0.272 0.816 0.547 1.194 113 2.956 126.38 1 0
43630 10 1 3 1 0.009 0.054 0.272 0.816 0.547 0.498 97 1.558 105.653 1 0
43630 1 1 3 1 0.033 0.445 0.462 0.832 0.978 0.945 119 2.489 127.393 1 0
43630 2 1 3 1 0.033 0.445 0.462 0.832 0.978 0 11 0.18 11.587 1 0
43630 3 1 3 1 0.033 0.445 0.462 0.832 0.978 0.05 29 0.337 31.433 1 0
43630 4 1 3 1 0.033 0.445 0.462 0.832 0.978 0.696 104 2.052 114.287 1 0
43630 5 1 3 1 0.033 0.445 0.462 0.832 0.978 0 10 0.022 10 1 0
43630 6 1 3 1 0.033 0.445 0.462 0.832 0.978 0.945 135 2.99 146.747 1 0
43630 7 1 3 1 0.033 0.445 0.462 0.832 0.978 0.1 13 0.294 13.353 1 0
43630 8 1 3 1 0.033 0.445 0.462 0.832 0.978 0.746 127 2.11 136.52 1 0
43630 9 1 3 1 0.033 0.445 0.462 0.832 0.978 1.093 126 2.509 135.28 1 0
43630 10 1 3 1 0.033 0.445 0.462 0.832 0.978 1.343 136 2.421 143.793 1 0
43630 1 1 3 1 0.083 0.122 0.163 0.75 0.854 1.095 103 2.295 114.913 1 0
43630 2 1 3 1 0.083 0.122 0.163 0.75 0.854 1.541 121 2.433 128.82 1 0
43630 3 1 3 1 0.083 0.122 0.163 0.75 0.854 0.547 112 1.92 122.86 1 0
43630 4 1 3 1 0.083 0.122 0.163 0.75 0.854 1.541 125 2.321 135.887 1 0
43630 5 1 3 1 0.083 0.122 0.163 0.75 0.854 1.194 107 2.481 121.62 1 0
43630 6 1 3 1 0.083 0.122 0.163 0.75 0.854 0.995 119 2.634 128.453 1 0
43630 7 1 3 1 0.083 0.122 0.163 0.75 0.854 0 17 0.027 17 1 0
43630 8 1 3 1 0.083 0.122 0.163 0.75 0.854 1.487 109 2.946 119.12 1 0
43630 9 1 3 1 0.083 0.122 0.163 0.75 0.854 1.243 117 2.179 133.727 1 0
43630 10 1 3 1 0.083 0.122 0.163 0.75 0.854 1.193 115 2.389 122.373 1 0
43630 1 1 3 1 0.087 0.044 0.434 0.988 0.447 1.691 108 2.593 118.44 1 0
43630 2 1 3 1 0.087 0.044 0.434 0.988 0.447 0 11 0.17 13.167 1 0
43630 3 1 3 1 0.087 0.044 0.434 0.988 0.447 0 15 0.048 15 1 0
43630 4 1 3 1 0.087 0.044 0.434 0.988 0.447 1.393 113 2.932 130.04 0.993 0
43630 5 1 3 1 0.087 0.044 0.434 0.988 0.447 0 9 0.168 12.24 1 0.153
43630 6 1 3 1 0.087 0.044 0.434 0.988 0.447 0.497 126 1.84 136.827 1 0
43630 7 1 3 1 0.087 0.044 0.434 0.988 0.447 0 5 0.08 6.22 1 1
43630 8 1 3 1 0.087 0.044 0.434 0.988 0.447 2.039 100 2.673 110.113 1 0
43630 9 1 3 1 0.087 0.044 0.434 0.988 0.447 1.244 110 2.842 129.413 1 0
43630 10 1 3 1 0.087 0.044 0.434 0.988 0.447 0 8 0.051 8 1 1
43630 1 1 3 1 0.075 0.171 0.333 0.81 0.643 1.392 125 2.303 137.027 1 0
43630 2 1 3 1 0.075 0.171 0.333 0.81 0.643 1.194 142 2.88 152.753 1 0
43630 3 1 3 1 0.075 0.171 0.333 0.81 0.643 1.094 109 2.415 122.433 1 0
43630 4 1 3 1 0.075 0.171 0.333 0.81 0.643 0 7 0.032 7 1 1
43630 5 1 3 1 0.075 0.171 0.333 0.81 0.643 1.493 105 2.88 116.26 1 0
43630 6 1 3 1 0.075 0.171 0.333 0.81 0.643 0 31 0.212 31.94 1 0
43630 7 1 3 1 0.075 0.171 0.333 0.81 0.643 1.243 129 2.2 138.96 1 0
43630 8 1 3 1 0.075 0.171 0.333 0.81 0.643 0.995 94 2.067 105.62 1 0
43630 9 1 3 1 0.075 0.171 0.333 0.81 0.643 1.143 111 2.616 127.273 1 0
43630 1 1 9 1 0.033 0.025 0.403 0.998 0.609 0 10 0.1 10 1 0
43630 2 1 9 1 0.033 0.025 0.403 0.998 0.609 0 2 0.119 2.907 1 1
43630 3 1 9 1 0.033 0.025 0.403 0.998 0.609 0 9 0.117 9.133 1 0.867
43630 4 1 9 1 0.033 0.025 0.403 0.998 0.609 0 6 0.064 6 1 1
43630 5 1 9 1 0.033 0.025 0.403 0.998 0.609 0 10 0.139 10 1 0
43630 6 1 9 1 0.033 0.025 0.403 0.998 0.609 0 10 0.288 12.88 1 0
43630 7 1 9 1 0.033 0.025 0.403 0.998 0.609 0.149 23 0.401 25.853 1 0
43630 8 1 9 1 0.033 0.025 0.403 0.998 0.609 0 11 0.015 11 1 0
43630 9 1 9 1 0.033 0.025 0.403 0.998 0.609 0 7 0.064 7 1 1
43630 10 1 9 1 0.033 0.025 0.403 0.998 0.609 0 10 0.065 10.033 1 0
43630 1 1 9 1 0.056 0.453 0.406 0.844 0.733 0 11 0.053 11 1 0
43630 2 1 9 1 0.056 0.453 0.406 0.844 0.733 0 5 0.225 6.573 1 1
43630 3 1 9 1 0.056 0.453 0.406 0.844 0.733 0 8 0.063 8 1 1
43630 4 1 9 1 0.056 0.453 0.406 0.844 0.733 0 7 0.008 7 1 1
43630 5 1 9 1 0.056 0.453 0.406 0.844 0.733 0 13 0.196 13.527 1 0
43630 6 1 9 1 0.056 0.453 0.406 0.844 0.733 0 8 0.131 8.987 1 1
43630 7 1 9 1 0.056 0.453 0.406 0.844 0.733 0 10 0.047 10 1 0
43630 8 1 9 1 0.056 0.453 0.406 0.844 0.733 0 4 0.046 4 1 1
43630 9 1 9 1 0.056 0.453 0.406 0.844 0.733 0 12 0.045 12 1 0
43630 10 1 9 1 0.056 0.453 0.406 0.844 0.733 0 3 0.03 3 1 1
43630 1 1 9 1 0.112 0.195 0.178 0.905 0.872 0 7 0.013 7 1 1
43630 2 1 9 1 0.112 0.195 0.178 0.905 0.872 0 5 0.054 7.527 1 1
43630 3 1 9 1 0.112 0.195 0.178 0.905 0.872 0 13 0.028 13 1 0
43630 4 1 9 1 0.112 0.195 0.178 0.905 0.872 0 5 0 5 1 1
43630 5 1 9 1 0.112 0.195 0.178 0.905 0.872 0 7 0.068 7.6 1 1
43630 6 1 9 1 0.112 0.195 0.178 0.905 0.872 0 6 0.043 6 1 1
43630 7 1 9 1 0.112 0.195 0.178 0.905 0.872 0 13 0.096 13 1 0
43630 8 1 9 1 0.112 0.195 0.178 0.905 0.872 0.249 39 0.623 43.68 1 0
43630 9 1 9 1 0.112 0.195 0.178 0.905 0.872 0.1 38 0.436 38.42 1 0
43630 10 1 9 1 0.112 0.195 0.178 0.905 0.872 0 6 0.103 6 1 1
43630 1 1 9 1 0.034 0.288 0.381 0.971 0.905 0 7 0.09 7 1 1
43630 2 1 9 1 0.034 0.288 0.381 0.971 0.905 0 12 0.117 12.953 1 0
43630 3 1 9 1 0.034 0.288 0.381 0.971 0.905 0 10 0.021 10 1 0
43630 4 1 9 1 0.034 0.288 0.381 0.971 0.905 0 13 0.026 13 1 0
43630 5 1 9 1 0.034 0.288 0.381 0.971 0.905 0 9 0.137 9 1 1
43630 6 1 9 1 0.034 0.288 0.381 0.971 0.905 0 4 0.119 4.987 1 1
43630 7 1 9 1 0.034 0.288 0.381 0.971 0.905 0 13 0.08 13.533 1 0
43630 8 1 9 1 0.034 0.288 0.381 0.971 0.905 0 11 0.132 11 1 0
43630 9 1 9 1 0.034 0.288 0.381 0.971 0.905 0 9 0 9 1 1
43630 10 1 9 1 0.034 0.288 0.381 0.971 0.905 0 10 0.014 10 1 0
43630 1 1 9 1 0.088 0.362 0.324 0.761 0.429 0.845 120 1.816 127.373 1 0
43630 2 1 9 1 0.088 0.362 0.324 0.761 0.429 1.691 123 3.885 149.913 0.853 0
43630 3 1 9 1 0.088 0.362 0.324 0.761 0.429 0 7 0.129 7 1 1
43630 4 1 9 1 0.088 0.362 0.324 0.761 0.429 2.485 132 3.688 145.18 0.907 0
43630 5 1 9 1 0.088 0.362 0.324 0.761 0.429 0.845 123 3 138.1 0.927 0
43630 6 1 9 1 0.088 0.362 0.324 0.761 0.429 3.183 118 4.381 139.933 0.847 0
43630 7 1 9 1 0.088 0.362 0.324 0.761 0.429 1.783 125 2.799 137.26 1 0
43630 8 1 9 1 0.088 0.362 0.324 0.761 0.429 0.199 21 0.461 22.847 1 0
43630 9 1 9 1 0.088 0.362 0.324 0.761 0.429 2.384 105 4.109 132.087 0.827 0
43630 10 1 9 1 0.088 0.362 0.324 0.761 0.429 2.336 134 4.836 155.493 0.52 0
43630 1 1 9 1 0.038 0.185 0.042 0.974 0.088 249.215 31937 249.958 33540.973 0 0
43630 2 1 9 1 0.038 0.185 0.042 0.974 0.088 249.696 36807 249.996 40276.06 0 0
43630 3 1 9 1 0.038 0.185 0.042 0.974 0.088 248.411 19547 249.748 21333.28 0 0
43630 4 1 9 1 0.038 0.185 0.042 0.974 0.088 249.865 41224 249.998 43092.773 0 0
43630 5 1 9 1 0.038 0.185 0.042 0.974 0.088 249.865 36460 249.998 37631.033 0 0
43630 6 1 9 1 0.038 0.185 0.042 0.974 0.088 249.512 43261 249.981 44981.373 0 0
43630 7 1 9 1 0.038 0.185 0.042 0.974 0.088 249.476 31370 249.981 34635.433 0 0
43630 8 1 9 1 0.038 0.185 0.042 0.974 0.088 249.653 32111 249.991 33994.98 0 0
43630 9 1 9 1 0.038 0.185 0.042 0.974 0.088 249.306 28800 249.94 30005.773 0 0
43630 1 1 3 1 0.036 0.423 0.084 0.88 0.369 239.92 551 244.483 662.307 0 0
43630 2 1 3 1 0.036 0.423 0.084 0.88 0.369 237.237 640 243.445 730.88 0 0
43630 3 1 3 1 0.036 0.423 0.084 0.88 0.369 236.883 587 241.241 667.153 0 0
43630 4 1 3 1 0.036 0.423 0.084 0.88 0.369 236.603 532 242.017 673.667 0 0
43630 5 1 3 1 0.036 0.423 0.084 0.88 0.369 239.569 605 243.636 699.82 0 0
43630 6 1 3 1 0.036 0.423 0.084 0.88 0.369 238.648 593 243.578 692.193 0 0
43630 7 1 3 1 0.036 0.423 0.084 0.88 0.369 238.389 554 244.63 704.98 0 0
43630 8 1 3 1 0.036 0.423 0.084 0.88 0.369 237.875 626 243.893 739.253 0 0
43630 9 1 3 1 0.036 0.423 0.084 0.88 0.369 237.997 559 243.718 717.26 0 0
43630 10 1 3 1 0.036 0.423 0.084 0.88 0.369 234.716 622 242.421 823.947 0 0
43630 1 1 3 1 0.115 0.298 0.166 0.988 0.23 202.485 414 208.782 498.627 0 0
43630 2 1 3 1 0.115 0.298 0.166 0.988 0.23 234.917 580 242.004 662.58 0 0
43630 3 1 3 1 0.115 0.298 0.166 0.988 0.23 235.285 467 241.418 590.4 0 0
43630 4 1 3 1 0.115 0.298 0.166 0.988 0.23 217.638 428 223.443 529.333 0 0
43630 5 1 3 1 0.115 0.298 0.166 0.988 0.23 237.93 517 243.052 613.387 0 0
43630 6 1 3 1 0.115 0.298 0.166 0.988 0.23 203.249 516 207.305 607.847 0 0
43630 7 1 3 1 0.115 0.298 0.166 0.988 0.23 0 13 0.085 13 1 0
43630 8 1 3 1 0.115 0.298 0.166 0.988 0.23 235.722 498 241.098 612.273 0 0
43630 9 1 3 1 0.115 0.298 0.166 0.988 0.23 238.697 471 242.546 562.12 0 0
43630 10 1 3 1 0.115 0.298 0.166 0.988 0.23 0 9 0.09 9 1 1
43630 1 1 3 1 0.114 0.229 0.431 0.86 0.627 1.393 121 2.463 130.847 1 0
43630 2 1 3 1 0.114 0.229 0.431 0.86 0.627 0.896 89 1.547 96.853 1 0
43630 3 1 3 1 0.114 0.229 0.431 0.86 0.627 0.697 113 1.879 128.22 1 0
43630 4 1 3 1 0.114 0.229 0.431 0.86 0.627 0 8 0.049 8 1 1
43630 5 1 3 1 0.114 0.229 0.431 0.86 0.627 1.734 129 3.241 140.707 0.987 0
43630 6 1 3 1 0.114 0.229 0.431 0.86 0.627 0.995 98 2.4 113.567 1 0
43630 7 1 3 1 0.114 0.229 0.431 0.86 0.627 1.343 104 2.809 119.567 1 0
43630 8 1 3 1 0.114 0.229 0.431 0.86 0.627 1.294 128 2.199 139.353 1 0
43630 9 1 3 1 0.114 0.229 0.431 0.86 0.627 1.988 110 3.229 121.773 1 0
43630 10 1 3 1 0.114 0.229 0.431 0.86 0.627 0.896 103 2.192 111.16 1 0
43630 1 1 3 1 0.038 0.223 0.179 0.963 0.088 241.768 733 245.884 860.093 0 0
43630 2 1 3 1 0.038 0.223 0.179 0.963 0.088 241.732 647 244.551 784.747 0 0
43630 3 1 3 1 0.038 0.223 0.179 0.963 0.088 241.276 678 245.791 805.027 0 0
43630 4 1 3 1 0.038 0.223 0.179 0.963 0.088 238.845 638 243.363 744.567 0 0
43630 5 1 3 1 0.038 0.223 0.179 0.963 0.088 237.257 654 243.725 768.893 0 0
43630 6 1 3 1 0.038 0.223 0.179 0.963 0.088 241.84 763 246.438 927.347 0 0
43630 7 1 3 1 0.038 0.223 0.179 0.963 0.088 235.869 587 243.726 736.247 0 0
43630 8 1 3 1 0.038 0.223 0.179 0.963 0.088 240.139 706 245.27 800.747 0 0
43630 9 1 3 1 0.038 0.223 0.179 0.963 0.088 237.541 610 243.207 751.633 0 0
43630 10 1 3 1 0.038 0.223 0.179 0.963 0.088 238.656 621 244.552 788.553 0 0
43630 1 1 3 1 0.1 0.412 0.013 0.855 0.105 249.696 52780 249.997 53236.373 0 0
43630 2 1 3 1 0.1 0.412 0.013 0.855 0.105 249.739 49409 249.995 50372.52 0 0
43630 3 1 3 1 0.1 0.412 0.013 0.855 0.105 250 69886 250 73709.06 0 0
43630 4 1 3 1 0.1 0.412 0.013 0.855 0.105 250 50104 250 53394.193 0 0
43630 5 1 3 1 0.1 0.412 0.013 0.855 0.105 249.824 43544 249.995 43935.953 0 0
43630 6 1 3 1 0.1 0.412 0.013 0.855 0.105 249.947 52297 250 55221.733 0 0
43630 1 1 8 0 0.065 0.058 0.318 0.943 0.837 0.149 46 0.541 52.967 1 0
43630 2 1 8 0 0.065 0.058 0.318 0.943 0.837 0 11 0.094 11 1 0
43630 3 1 8 0 0.065 0.058 0.318 0.943 0.837 0 4 0 4 1 1
43630 4 1 8 0 0.065 0.058 0.318 0.943 0.837 0 10 0.071 10 1 0
43630 5 1 8 0 0.065 0.058 0.318 0.943 0.837 0 9 0.051 9 1 1
43630 6 1 8 0 0.065 0.058 0.318 0.943 0.837 0 6 0.108 7.7 1 1
43630 7 1 8 0 0.065 0.058 0.318 0.943 0.837 0.05 18 0.28 18.973 1 0
43630 8 1 8 0 0.065 0.058 0.318 0.943 0.837 0 7 0.019 7 1 1
43630 9 1 8 0 0.065 0.058 0.318 0.943 0.837 0 4 0.035 4 1 1
43630 10 1 8 0 0.065 0.058 0.318 0.943 0.837 0 4 0.016 4 1 1
43630 1 1 8 0 0.049 0.049 0.448 0.924 0.863 0 14 0.133 16.427 1 0
43630 2 1 8 0 0.049 0.049 0.448 0.924 0.863 0 9 0.189 9.66 1 0.34
43630 3 1 8 0 0.049 0.049 0.448 0.924 0.863 0 12 0.156 12.387 1 0
43630 4 1 8 0 0.049 0.049 0.448 0.924 0.863 0.05 17 0.193 18.853 1 0
43630 5 1 8 0 0.049 0.049 0.448 0.924 0.863 0 2 0.04 2 1 1
43630 6 1 8 0 0.049 0.049 0.448 0.924 0.863 0 13 0.09 13.72 1 0
43630 7 1 8 0 0.049 0.049 0.448 0.924 0.863 0 13 0.063 13.013 1 0
43630 8 1 8 0 0.049 0.049 0.448 0.924 0.863 0 9 0.093 9 1 1
43630 9 1 8 0 0.049 0.049 0.448 0.924 0.863 0 21 0.123 21 1 0
43630 10 1 8 0 0.049 0.049 0.448 0.924 0.863 0 10 0.082 10.54 1 0
43630 1 1 8 0 0.05 0.102 0.471 0.771 0.662 0 8 0.116 9.893 1 0.06
43630 2 1 8 0 0.05 0.102 0.471 0.771 0.662 0 13 0.036 13 1 0
43630 3 1 8 0 0.05 0.102 0.471 0.771 0.662 0.995 53 1.749 60.847 1 0
43630 4 1 8 0 0.05 0.102 0.471 0.771 0.662 0 5 0.036 5 1 1
43630 5 1 8 0 0.05 0.102 0.471 0.771 0.662 0 12 0.091 12.667 1 0
43630 6 1 8 0 0.05 0.102 0.471 0.771 0.662 0 11 0.142 12.22 1 0
43630 7 1 8 0 0.05 0.102 0.471 0.771 0.662 0 8 0.092 8 1 1
43630 8 1 8 0 0.05 0.102 0.471 0.771 0.662 0 6 0.05 6 1 1
43630 9 1 8 0 0.05 0.102 0.471 0.771 0.662 0 18 0.15 18.867 1 0
43630 10 1 8 0 0.05 0.102 0.471 0.771 0.662 0 6 0.034 6 1 1
43630 1 1 8 0 0.002 0.251 0.041 0.954 0.276 239.761 909 247.551 1266.133 0 0
43630 2 1 8 0 0.002 0.251 0.041 0.954 0.276 244.206 988 247.632 1211.353 0 0
43630 3 1 8 0 0.002 0.251 0.041 0.954 0.276 244.282 1113 247.38 1343.867 0 0
43630 4 1 8 0 0.002 0.251 0.041 0.954 0.276 241.377 879 246.922 1079.673 0 0
43630 5 1 8 0 0.002 0.251 0.041 0.954 0.276 243.821 862 247.236 1158.72 0 0
43630 6 1 8 0 0.002 0.251 0.041 0.954 0.276 243.578 1015 247.192 1183.947 0 0
43630 7 1 8 0 0.002 0.251 0.041 0.954 0.276 242.643 1057 246.906 1204.3 0 0
43630 8 1 8 0 0.002 0.251 0.041 0.954 0.276 243.946 1135 247.81 1355.073 0 0
43630 9 1 8 0 0.002 0.251 0.041 0.954 0.276 244.253 1102 247.44 1277.847 0 0
43630 10 1 8 0 0.002 0.251 0.041 0.954 0.276 240.858 1040 246.957 1209.733 0 0
43630 1 1 8 0 0.113 0.082 0.151 0.856 0.772 0 6 0.15 6.66 1 1
43630 2 1 8 0 0.113 0.082 0.151 0.856 0.772 0 4 0.019 4 1 1
43630 3 1 8 0 0.113 0.082 0.151 0.856 0.772 0 7 0.063 7.187 1 1
43630 4 1 8 0 0.113 0.082 0.151 0.856 0.772 0 4 0.102 4.627 1 1
43630 5 1 8 0 0.113 0.082 0.151 0.856 0.772 0 7 0.094 7.627 1 1
43630 6 1 8 0 0.113 0.082 0.151 0.856 0.772 0 14 0.163 15.573 1 0
43630 7 1 8 0 0.113 0.082 0.151 0.856 0.772 0 6 0.094 6.673 1 1
43630 8 1 8 0 0.113 0.082 0.151 0.856 0.772 0 9 0.037 9 1 1
43630 9 1 8 0 0.113 0.082 0.151 0.856 0.772 0 7 0.05 7.64 1 1
43630 10 1 8 0 0.113 0.082 0.151 0.856 0.772 0 10 0.055 10 1 0
43630 1 1 8 0 0.117 0.078 0.203 0.882 0.721 0 5 0 5 1 1
43630 2 1 8 0 0.117 0.078 0.203 0.882 0.721 0 10 0.138 12.587 1 0
43630 3 1 8 0 0.117 0.078 0.203 0.882 0.721 0 6 0.112 6.62 1 1
43630 4 1 8 0 0.117 0.078 0.203 0.882 0.721 0 8 0.163 9.22 1 0.593
43630 5 1 8 0 0.117 0.078 0.203 0.882 0.721 0.05 37 0.313 37.033 1 0
43630 6 1 8 0 0.117 0.078 0.203 0.882 0.721 0 3 0.026 3 1 1
43630 7 1 8 0 0.117 0.078 0.203 0.882 0.721 0 55 0.394 58.94 1 0
43630 8 1 8 0 0.117 0.078 0.203 0.882 0.721 0 9 0.064 9.273 1 0.853
43630 9 1 8 0 0.117 0.078 0.203 0.882 0.721 0 9 0.135 10.72 1 0.087
43630 10 1 8 0 0.117 0.078 0.203 0.882 0.721 0.05 6 0.222 8.787 1 0.367
43630 1 1 8 0 0.059 0.499 0.47 0.828 0.807 0 10 0.076 10 1 0
43630 2 1 8 0 0.059 0.499 0.47 0.828 0.807 0 10 0.052 10 1 0
43630 3 1 8 0 0.059 0.499 0.47 0.828 0.807 0 5 0.081 5 1 1
43630 4 1 8 0 0.059 0.499 0.47 0.828 0.807 0 15 0.059 15 1 0
43630 5 1 8 0 0.059 0.499 0.47 0.828 0.807 0.05 17 0.229 17.147 1 0
43630 6 1 8 0 0.059 0.499 0.47 0.828 0.807 0 11 0.085 11.873 1 0
43630 7 1 8 0 0.059 0.499 0.47 0.828 0.807 0 10 0.013 10 1 0
43630 8 1 8 0 0.059 0.499 0.47 0.828 0.807 0 8 0.178 8.98 1 0.527
43630 9 1 8 0 0.059 0.499 0.47 0.828 0.807 0 19 0.18 20.247 1 0
43630 10 1 8 0 0.059 0.499 0.47 0.828 0.807 0 16 0.158 17.487 1 0
43630 1 1 8 0 0.057 0.154 0.077 0.926 0.749 0 19 0.226 19.233 1 0
43630 2 1 8 0 0.057 0.154 0.077 0.926 0.749 0 5 0.113 5 1 1
43630 3 1 8 0 0.057 0.154 0.077 0.926 0.749 0.05 15 0.145 15.58 1 0
43630 4 1 8 0 0.057 0.154 0.077 0.926 0.749 0 17 0.069 17.2 1 0
43630 5 1 8 0 0.057 0.154 0.077 0.926 0.749 0 10 0.058 10 1 0
43630 6 1 8 0 0.057 0.154 0.077 0.926 0.749 0 15 0.064 15.033 1 0
43630 7 1 8 0 0.057 0.154 0.077 0.926 0.749 0 8 0.065 8 1 1
43630 8 1 8 0 0.057 0.154 0.077 0.926 0.749 0.05 17 0.252 17.153 1 0
43630 9 1 8 0 0.057 0.154 0.077 0.926 0.749 0 10 0.021 10 1 0
43630 10 1 8 0 0.057 0.154 0.077 0.926 0.749 0 5 0.1 5.507 1 1
43630 1 1 8 0 0.106 0.277 0.382 0.832 0.513 0 4 0.084 4.413 1 1
43630 2 1 8 0 0.106 0.277 0.382 0.832 0.513 0 14 0.202 14.033 1 0
43630 3 1 8 0 0.106 0.277 0.382 0.832 0.513 0.05 16 0.374 18.06 1 0
43630 4 1 8 0 0.106 0.277 0.382 0.832 0.513 0 9 0.112 9.647 1 0.593
43630 5 1 8 0 0.106 0.277 0.382 0.832 0.513 0 10 0.144 14.393 1 0
43630 6 1 8 0 0.106 0.277 0.382 0.832 0.513 0.05 15 0.293 15.48 1 0
43630 7 1 8 0 0.106 0.277 0.382 0.832 0.513 0 5 0.152 5 1 1
43630 8 1 8 0 0.106 0.277 0.382 0.832 0.513 0 8 0.025 8 1 1
43630 9 1 8 0 0.106 0.277 0.382 0.832 0.513 0 10 0.134 10 1 0
43630 10 1 8 0 0.106 0.277 0.382 0.832 0.513 0 12 0.146 12 1 0
43630 1 1 8 0 0.036 0.235 0.446 0.795 0.776 0 5 0.012 5 1 1
43630 2 1 8 0 0.036 0.235 0.446 0.795 0.776 0 4 0.058 4.427 1 1
43630 3 1 8 0 0.036 0.235 0.446 0.795 0.776 0 18 0.19 18.193 1 0
43630 4 1 8 0 0.036 0.235 0.446 0.795 0.776 0.05 6 0.095 6 1 1
43630 5 1 8 0 0.036 0.235 0.446 0.795 0.776 0 6 0.044 6 1 1
43630 1 2 6 0 0.104 0.079 0.389 0.977 0.913 1.74 87 2.666 111.273 1 0
43630 2 2 6 0 0.104 0.079 0.389 0.977 0.913 1.492 84 3.183 105.147 0.96 0
43630 3 2 6 0 0.104 0.079 0.389 0.977 0.913 0.796 101 2.701 121.253 0.987 0
43630 4 2 6 0 0.104 0.079 0.389 0.977 0.913 1.591 99 2.965 133.787 1 0
43630 5 2 6 0 0.104 0.079 0.389 0.977 0.913 0.796 100 2.734 116.453 1 0
43630 6 2 6 0 0.104 0.079 0.389 0.977 0.913 0.696 100 2.834 117.3 1 0
43630 7 2 6 0 0.104 0.079 0.389 0.977 0.913 0.746 115 2.082 125.287 1 0
43630 8 2 6 0 0.104 0.079 0.389 0.977 0.913 1.293 115 2.507 131.38 1 0
43630 9 2 6 0 0.104 0.079 0.389 0.977 0.913 1.095 120 2.896 135.48 1 0
43630 10 2 6 0 0.104 0.079 0.389 0.977 0.913 1.341 102 2.577 122.753 1 0
43630 1 2 6 0 0.012 0.156 0.493 0.886 0.129 2.429 99 4.602 127.68 0.627 0
43630 2 2 6 0 0.012 0.156 0.493 0.886 0.129 1.54 97 3.92 118.333 0.793 0
43630 3 2 6 0 0.012 0.156 0.493 0.886 0.129 20.015 112 23.692 163.733 0 0
43630 4 2 6 0 0.012 0.156 0.493 0.886 0.129 3.284 84 6.313 117.827 0.22 0
43630 5 2 6 0 0.012 0.156 0.493 0.886 0.129 2.484 100 4.018 124.707 0.86 0
43630 6 2 6 0 0.012 0.156 0.493 0.886 0.129 2.119 99 4.531 134.64 0.687 0
43630 7 2 6 0 0.012 0.156 0.493 0.886 0.129 8.242 87 13.74 127.833 0 0
43630 8 2 6 0 0.012 0.156 0.493 0.886 0.129 2.782 83 5.368 121.747 0.393 0
43630 9 2 6 0 0.012 0.156 0.493 0.886 0.129 1.293 100 3.329 117.787 0.92 0
43630 10 2 6 0 0.012 0.156 0.493 0.886 0.129 2.536 115 3.739 147.573 0.953 0
43630 1 2 6 0 0.117 0.369 0.187 0.856 0.512 3.628 118 6.223 166.473 0.26 0
43630 2 2 6 0 0.117 0.369 0.187 0.856 0.512 1.044 87 5.322 127.947 0.42 0
43630 3 2 6 0 0.117 0.369 0.187 0.856 0.512 2.308 101 6.532 133.127 0.24 0
43630 4 2 6 0 0.117 0.369 0.187 0.856 0.512 5.013 93 8.144 134.54 0 0
43630 5 2 6 0 0.117 0.369 0.187 0.856 0.512 4.459 106 7.456 136.947 0.02 0
43630 6 2 6 0 0.117 0.369 0.187 0.856 0.512 1.889 88 4.549 121.48 0.52 0
43630 7 2 6 0 0.117 0.369 0.187 0.856 0.512 6.076 96 8.265 132.327 0 0
43630 8 2 6 0 0.117 0.369 0.187 0.856 0.512 3.074 111 5.534 155.333 0.653 0
43630 9 2 6 0 0.117 0.369 0.187 0.856 0.512 3.974 108 6.049 133.787 0.107 0
43630 10 2 6 0 0.117 0.369 0.187 0.856 0.512 3.329 79 6.732 104.84 0.493 0
43630 1 2 6 0 0.031 0.119 0.078 0.957 0.636 4.166 125 6.188 143.207 0.073 0
43630 2 2 6 0 0.031 0.119 0.078 0.957 0.636 3.739 107 6.679 139.967 0.067 0
43630 3 2 6 0 0.031 0.119 0.078 0.957 0.636 2.486 129 4.899 156.38 0.553 0
43630 4 2 6 0 0.031 0.119 0.078 0.957 0.636 2.386 97 5.084 123.78 0.54 0
43630 5 2 6 0 0.031 0.119 0.078 0.957 0.636 1.343 90 3.233 119.207 0.933 0
43630 6 2 6 0 0.031 0.119 0.078 0.957 0.636 1.938 100 4.972 127.8 0.507 0
43630 7 2 6 0 0.031 0.119 0.078 0.957 0.636 2.237 109 5.465 131.913 0.38 0
43630 8 2 6 0 0.031 0.119 0.078 0.957 0.636 3.614 99 5.18 122.58 0.46 0
43630 9 2 6 0 0.031 0.119 0.078 0.957 0.636 0.299 89 1.107 96.373 1 0
43630 10 2 6 0 0.031 0.119 0.078 0.957 0.636 3.121 90 5.807 123.707 0.347 0
43630 1 2 6 0 0.048 0.345 0.424 0.759 0.009 246.513 2300 249.132 2667.933 0 0
43630 2 2 6 0 0.048 0.345 0.424 0.759 0.009 246.195 2829 248.946 3208.867 0 0
43630 3 2 6 0 0.048 0.345 0.424 0.759 0.009 247.249 2472 249.361 2840.7 0 0
43630 4 2 6 0 0.048 0.345 0.424 0.759 0.009 247.005 2119 248.975 2512.007 0 0
43630 5 2 6 0 0.048 0.345 0.424 0.759 0.009 246.045 1912 248.745 2373.413 0 0
43630 6 2 6 0 0.048 0.345 0.424 0.759 0.009 246.866 3059 249.295 3648.453 0 0
43630 7 2 6 0 0.048 0.345 0.424 0.759 0.009 247.099 2418 249.147 2669.647 0 0
43630 8 2 6 0 0.048 0.345 0.424 0.759 0.009 245.286 2237 248.97 2487.3 0 0
43630 9 2 6 0 0.048 0.345 0.424 0.759 0.009 245.489 2034 248.871 2428.407 0 0
43630 10 2 6 0 0.048 0.345 0.424 0.759 0.009 245.693 2082 248.766 2338.207 0 0
43630 1 2 6 0 0.047 0.222 0.394 0.939 0.644 0.945 94 2.646 118.08 0.993 0
43630 2 2 6 0 0.047 0.222 0.394 0.939 0.644 1.193 96 2.552 116.433 1 0
43630 3 2 6 0 0.047 0.222 0.394 0.939 0.644 0 12 0.09 12.827 1 0
43630 4 2 6 0 0.047 0.222 0.394 0.939 0.644 1.64 97 2.935 115.76 1 0
43630 5 2 6 0 0.047 0.222 0.394 0.939 0.644 1.393 89 2.648 111.56 1 0
43630 6 2 6 0 0.047 0.222 0.394 0.939 0.644 1.691 106 2.887 129.753 1 0
43630 7 2 6 0 0.047 0.222 0.394 0.939 0.644 1.194 118 2.547 137.807 1 0
43630 8 2 6 0 0.047 0.222 0.394 0.939 0.644 1.194 91 2.201 107.933 1 0
43630 9 2 6 0 0.047 0.222 0.394 0.939 0.644 1.044 104 2.217 128.64 1 0
43630 10 2 6 0 0.047 0.222 0.394 0.939 0.644 1.144 105 2.171 124.253 1 0
43630 1 2 6 0 0.042 0.371 0.436 0.801 0.814 1.592 91 3.135 116.733 0.967 0
43630 2 2 6 0 0.042 0.371 0.436 0.801 0.814 1.542 106 2.723 128.42 0.987 0
43630 3 2 6 0 0.042 0.371 0.436 0.801 0.814 1.294 97 2.664 124.207 1 0
43630 4 2 6 0 0.042 0.371 0.436 0.801 0.814 1.591 90 2.856 108.2 1 0
43630 5 2 6 0 0.042 0.371 0.436 0.801 0.814 1.144 98 2.976 126.207 1 0
43630 6 2 6 0 0.042 0.371 0.436 0.801 0.814 0.746 108 2.378 125.12 1 0
43630 7 2 6 0 0.042 0.371 0.436 0.801 0.814 2.684 92 4.559 112.44 0.767 0
43630 8 2 6 0 0.042 0.371 0.436 0.801 0.814 0.945 86 2.145 113.253 1 0
43630 9 2 6 0 0.042 0.371 0.436 0.801 0.814 1.243 103 2.488 118.48 1 0
43630 10 2 6 0 0.042 0.371 0.436 0.801 0.814 1.392 104 2.766 117.533 1 0
43630 1 2 6 0 0.081 0.165 0.05 0.887 0.221 246.598 2380 249.264 3598.353 0 0
43630 2 2 6 0 0.081 0.165 0.05 0.887 0.221 247.935 3242 249.506 4104.12 0 0
43630 3 2 6 0 0.081 0.165 0.05 0.887 0.221 246.917 3060 249.184 3633.033 0 0
43630 4 2 6 0 0.081 0.165 0.05 0.887 0.221 247.432 2930 249.446 3374.847 0 0
43630 5 2 6 0 0.081 0.165 0.05 0.887 0.221 246.62 3151 249.162 3382.847 0 0
43630 1 2 4 1 0.023 0.387 0.002 0.821 0.196 250 137109 250 142105.42 0 0
43630 2 2 4 1 0.023 0.387 0.002 0.821 0.196 250 134254 250 139513.873 0 0
43630 3 2 4 1 0.023 0.387 0.002 0.821 0.196 250 161631 250 165476.76 0 0
43630 4 2 4 1 0.023 0.387 0.002 0.821 0.196 250 174507 250 189729.313 0 0
43630 5 2 4 1 0.023 0.387 0.002 0.821 0.196 250 126962 250 128608.967 0 0
43630 6 2 4 1 0.023 0.387 0.002 0.821 0.196 250 157702 250 160111.467 0 0
43630 7 2 4 1 0.023 0.387 0.002 0.821 0.196 250 130046 250 136373.82 0 0
43630 1 2 4 1 0.006 0.351 0.094 0.847 0.569 0 4 0 4 1 1
43630 2 2 4 1 0.006 0.351 0.094 0.847 0.569 4.52 122 7.248 157.193 0.06 0
43630 3 2 4 1 0.006 0.351 0.094 0.847 0.569 9.356 129 13.819 169.16 0 0
43630 4 2 4 1 0.006 0.351 0.094 0.847 0.569 5.755 114 10.347 156.94 0 0
43630 5 2 4 1 0.006 0.351 0.094 0.847 0.569 0 13 0.128 13 1 0
43630 6 2 4 1 0.006 0.351 0.094 0.847 0.569 9.776 101 13.159 152.527 0 0
43630 7 2 4 1 0.006 0.351 0.094 0.847 0.569 2.064 97 6.284 150.427 0.533 0
43630 8 2 4 1 0.006 0.351 0.094 0.847 0.569 7.059 98 11.307 132.3 0 0
43630 9 2 4 1 0.006 0.351 0.094 0.847 0.569 10.862 122 15.769 155.833 0 0
43630 10 2 4 1 0.006 0.351 0.094 0.847 0.569 9.085 124 15.041 162.14 0 0
43630 1 2 4 1 0.094 0.209 0.148 0.947 0.825 1.094 115 4.476 134.78 0.553 0
43630 2 2 4 1 0.094 0.209 0.148 0.947 0.825 2.237 110 3.666 137.453 0.933 0
43630 3 2 4 1 0.094 0.209 0.148 0.947 0.825 1.094 89 2.375 111.467 1 0
43630 4 2 4 1 0.094 0.209 0.148 0.947 0.825 2.487 126 3.863 139.813 0.92 0
43630 5 2 4 1 0.094 0.209 0.148 0.947 0.825 1.94 93 3.545 108.207 1 0
43630 6 2 4 1 0.094 0.209 0.148 0.947 0.825 1.939 113 3.532 133.533 0.98 0
43630 7 2 4 1 0.094 0.209 0.148 0.947 0.825 2.288 120 3.848 137.8 0.913 0
43630 8 2 4 1 0.094 0.209 0.148 0.947 0.825 1.492 113 3.538 130.747 0.873 0
43630 9 2 4 1 0.094 0.209 0.148 0.947 0.825 1.244 96 3.133 123.147 0.92 0
43630 10 2 4 1 0.094 0.209 0.148 0.947 0.825 1.542 88 3.505 110 0.853 0
43630 1 2 4 1 0.099 0.454 0.368 0.972 0.311 77.408 179 80.826 238.693 0 0
43630 2 2 4 1 0.099 0.454 0.368 0.972 0.311 2.237 93 7.808 133.967 0.193 0
43630 3 2 4 1 0.099 0.454 0.368 0.972 0.311 50.564 140 58.706 200.407 0 0
43630 4 2 4 1 0.099 0.454 0.368 0.972 0.311 51.406 132 66.977 217.773 0 0
43630 5 2 4 1 0.099 0.454 0.368 0.972 0.311 75.535 104 80.048 174.5 0 0
43630 6 2 4 1 0.099 0.454 0.368 0.972 0.311 71.567 164 75.584 213.34 0 0
43630 7 2 4 1 0.099 0.454 0.368 0.972 0.311 71.273 93 76.921 193.873 0 0
43630 8 2 4 1 0.099 0.454 0.368 0.972 0.311 6.685 94 10.041 115.36 0 0
43630 9 2 4 1 0.099 0.454 0.368 0.972 0.311 66.811 111 71.287 177.193 0 0
43630 10 2 4 1 0.099 0.454 0.368 0.972 0.311 71.573 136 79.649 211.22 0 0
43630 1 2 4 1 0.042 0.394 0.364 0.886 0.491 1.541 115 3.418 139.42 0.933 0
43630 2 2 4 1 0.042 0.394 0.364 0.886 0.491 2.336 118 4.387 139.48 0.74 0
43630 3 2 4 1 0.042 0.394 0.364 0.886 0.491 1.989 102 3.239 120.147 1 0
43630 4 2 4 1 0.042 0.394 0.364 0.886 0.491 2.188 94 4.178 115.113 0.787 0
43630 5 2 4 1 0.042 0.394 0.364 0.886 0.491 2.375 104 4.766 121.107 0.593 0
43630 6 2 4 1 0.042 0.394 0.364 0.886 0.491 2.437 90 4.213 109.647 0.787 0
43630 7 2 4 1 0.042 0.394 0.364 0.886 0.491 2.135 118 4.014 134.847 0.773 0
43630 8 2 4 1 0.042 0.394 0.364 0.886 0.491 2.238 109 3.622 122.62 0.98 0
43630 9 2 4 1 0.042 0.394 0.364 0.886 0.491 0.647 106 4.341 125.48 0.553 0
43630 10 2 4 1 0.042 0.394 0.364 0.886 0.491 1.79 109 3.045 130.947 0.96 0
43630 1 2 4 1 0.102 0.437 0.294 0.775 0.877 1.044 124 3.05 136.98 0.927 0
43630 2 2 4 1 0.102 0.437 0.294 0.775 0.877 3.033 115 5.144 131.433 0.507 0
43630 3 2 4 1 0.102 0.437 0.294 0.775 0.877 1.641 120 2.942 142.233 1 0
43630 4 2 4 1 0.102 0.437 0.294 0.775 0.877 1.194 120 2.913 139.247 0.993 0
43630 5 2 4 1 0.102 0.437 0.294 0.775 0.877 1.938 86 3.075 104.9 0.993 0
43630 6 2 4 1 0.102 0.437 0.294 0.775 0.877 1.442 101 3.032 118.327 1 0
43630 7 2 4 1 0.102 0.437 0.294 0.775 0.877 1.243 105 4.236 126.513 0.54 0
43630 8 2 4 1 0.102 0.437 0.294 0.775 0.877 0.846 104 3 126.113 0.82 0
43630 9 2 4 1 0.102 0.437 0.294 0.775 0.877 1.437 101 3.288 118.667 0.867 0
43630 10 2 4 1 0.102 0.437 0.294 0.775 0.877 1.343 125 3.239 143.787 0.993 0
43630 1 2 4 1 0.083 0.415 0.236 0.78 0.213 237.951 756 244.52 894.907 0 0
43630 2 2 4 1 0.083 0.415 0.236 0.78 0.213 242.245 754 246.404 897.84 0 0
43630 3 2 4 1 0.083 0.415 0.236 0.78 0.213 239.374 759 244.99 876.1 0 0
43630 4 2 4 1 0.083 0.415 0.236 0.78 0.213 239.147 611 244.375 875.08 0 0
43630 5 2 4 1 0.083 0.415 0.236 0.78 0.213 241.072 724 246.066 883.093 0 0
43630 6 2 4 1 0.083 0.415 0.236 0.78 0.213 239.719 605 244.329 803.647 0 0
43630 7 2 4 1 0.083 0.415 0.236 0.78 0.213 242.491 712 245.968 942.493 0 0
43630 8 2 4 1 0.083 0.415 0.236 0.78 0.213 238.236 778 245.149 907.673 0 0
43630 9 2 4 1 0.083 0.415 0.236 0.78 0.213 240.205 755 245.055 895.407 0 0
43630 10 2 4 1 0.083 0.415 0.236 0.78 0.213 242.962 689 246.95 889.96 0 0
43630 1 2 4 1 0.032 0.02 0.212 0.957 0.398 1.491 132 2.611 146.733 1 0
43630 2 2 4 1 0.032 0.02 0.212 0.957 0.398 2.039 106 3.376 123.127 1 0
43630 3 2 4 1 0.032 0.02 0.212 0.957 0.398 1.715 121 3.406 135.507 0.927 0
43630 4 2 4 1 0.032 0.02 0.212 0.957 0.398 0.796 89 2.534 109.887 1 0
43630 5 2 4 1 0.032 0.02 0.212 0.957 0.398 2.434 117 4.135 140.02 0.813 0
43630 6 2 4 1 0.032 0.02 0.212 0.957 0.398 1.939 104 3.661 121.727 0.927 0
43630 7 2 4 1 0.032 0.02 0.212 0.957 0.398 2.636 116 4.553 131.9 0.627 0
43630 8 2 4 1 0.032 0.02 0.212 0.957 0.398 1.591 127 2.727 148.947 1 0
43630 9 2 4 1 0.032 0.02 0.212 0.957 0.398 1.443 113 3.12 131.093 0.993 0
43630 10 2 4 1 0.032 0.02 0.212 0.957 0.398 2.38 128 4.111 143.68 0.84 0
43630 1 1 9 0 0.059 0.053 0.011 0.802 0.269 237.36 1338 243.423 1627.213 0 0
43630 2 1 9 0 0.059 0.053 0.011 0.802 0.269 235.175 1207 241.377 1616.993 0 0
43630 3 1 9 0 0.059 0.053 0.011 0.802 0.269 232.239 1293 242.943 1629.067 0 0
43630 4 1 9 0 0.059 0.053 0.011 0.802 0.269 233.13 1412 242.041 1734.573 0 0
43630 5 1 9 0 0.059 0.053 0.011 0.802 0.269 226.874 1199 234.844 1380.267 0 0
43630 6 1 9 0 0.059 0.053 0.011 0.802 0.269 229.727 1425 239.328 1593.573 0 0
43630 7 1 9 0 0.059 0.053 0.011 0.802 0.269 0 11 0.055 11 1 0
43630 8 1 9 0 0.059 0.053 0.011 0.802 0.269 213.545 1426 223.363 1598.64 0 0
43630 9 1 9 0 0.059 0.053 0.011 0.802 0.269 227.226 1388 234.618 1557.2 0 0
43630 10 1 9 0 0.059 0.053 0.011 0.802 0.269 217.324 1204 223.08 1424.92 0 0
43630 1 1 9 0 0.013 0.284 0.316 0.88 0.453 0 28 0.124 28.747 1 0
43630 2 1 9 0 0.013 0.284 0.316 0.88 0.453 0 12 0.089 12.907 1 0
43630 3 1 9 0 0.013 0.284 0.316 0.88 0.453 0 2 0 2 1 1
43630 4 1 9 0 0.013 0.284 0.316 0.88 0.453 0 10 0.057 10.72 1 0
43630 5 1 9 0 0.013 0.284 0.316 0.88 0.453 0 19 0.187 19 1 0
43630 6 1 9 0 0.013 0.284 0.316 0.88 0.453 0 17 0.155 17 1 0
43630 7 1 9 0 0.013 0.284 0.316 0.88 0.453 0.05 17 0.211 17.973 1 0
43630 8 1 9 0 0.013 0.284 0.316 0.88 0.453 0 2 0.042 2 1 1
43630 9 1 9 0 0.013 0.284 0.316 0.88 0.453 0 3 0.018 3 1 1
43630 10 1 9 0 0.013 0.284 0.316 0.88 0.453 0 4 0 4 1 1
43630 1 1 9 0 0.006 0.157 0.228 0.859 0.074 154.521 251 161.03 358.16 0 0
43630 2 1 9 0 0.006 0.157 0.228 0.859 0.074 169.016 251 175.826 456.407 0 0
43630 3 1 9 0 0.006 0.157 0.228 0.859 0.074 174.924 234 183.567 408.933 0 0
43630 4 1 9 0 0.006 0.157 0.228 0.859 0.074 179.534 286 187.328 473.047 0 0
43630 5 1 9 0 0.006 0.157 0.228 0.859 0.074 175.626 256 185.459 386.1 0 0
43630 6 1 9 0 0.006 0.157 0.228 0.859 0.074 183.96 298 191.663 426.647 0 0
43630 7 1 9 0 0.006 0.157 0.228 0.859 0.074 186.631 199 192.981 397.393 0 0
43630 8 1 9 0 0.006 0.157 0.228 0.859 0.074 178.91 337 182.266 441.3 0 0
43630 9 1 9 0 0.006 0.157 0.228 0.859 0.074 197.294 387 209.055 546.473 0 0
43630 10 1 9 0 0.006 0.157 0.228 0.859 0.074 223.571 307 237.296 502.327 0 0
43630 1 1 9 0 0.071 0.408 0.016 0.952 0.659 0 4 0 4 1 1
43630 2 1 9 0 0.071 0.408 0.016 0.952 0.659 0 8 0 8 1 1
43630 3 1 9 0 0.071 0.408 0.016 0.952 0.659 5.433 168 7.895 206.593 0 0
43630 4 1 9 0 0.071 0.408 0.016 0.952 0.659 0 19 0.249 19.787 1 0
43630 5 1 9 0 0.071 0.408 0.016 0.952 0.659 1.044 150 3.646 186.133 0.773 0
43630 6 1 9 0 0.071 0.408 0.016 0.952 0.659 5.338 144 8.111 185.547 0 0
43630 7 1 9 0 0.071 0.408 0.016 0.952 0.659 0 8 0.193 8 1 1
43630 8 1 9 0 0.071 0.408 0.016 0.952 0.659 2.957 123 6.085 143.413 0.28 0
43630 9 1 9 0 0.071 0.408 0.016 0.952 0.659 0 1 0 1 1 1
43630 10 1 9 0 0.071 0.408 0.016 0.952 0.659 0 8 0.2 8.18 1 1
43630 1 1 9 0 0.063 0.229 0.41 0.839 0.151 13.547 125 20.775 170.247 0 0
43630 2 1 9 0 0.063 0.229 0.41 0.839 0.151 4.759 95 7.232 116.473 0.02 0
43630 3 1 9 0 0.063 0.229 0.41 0.839 0.151 0 16 0.171 16.92 1 0
43630 4 1 9 0 0.063 0.229 0.41 0.839 0.151 0.1 66 0.666 67.427 1 0
43630 5 1 9 0 0.063 0.229 0.41 0.839 0.151 0 13 0.096 13 1 0
43630 6 1 9 0 0.063 0.229 0.41 0.839 0.151 2.088 107 3.507 135.993 0.947 0
43630 7 1 9 0 0.063 0.229 0.41 0.839 0.151 0 9 0.17 9.787 1 0.693
43630 8 1 9 0 0.063 0.229 0.41 0.839 0.151 1.03 110 4.271 139.94 0.64 0
43630 9 1 9 0 0.063 0.229 0.41 0.839 0.151 2.697 109 4.667 131.427 0.567 0
43630 10 1 9 0 0.063 0.229 0.41 0.839 0.151 0 7 0.075 7 1 1
43630 1 1 9 0 0.03 0.232 0.051 0.886 0.614 3.03 130 6.816 168.56 0.393 0
43630 2 1 9 0 0.03 0.232 0.051 0.886 0.614 1.732 121 5.727 150.6 0.52 0
43630 3 1 9 0 0.03 0.232 0.051 0.886 0.614 1.84 153 3.727 170.94 0.84 0
43630 4 1 9 0 0.03 0.232 0.051 0.886 0.614 4.154 155 6.187 195.087 0.073 0
43630 5 1 9 0 0.03 0.232 0.051 0.886 0.614 3.621 147 5.358 177.52 0.367 0
43630 6 1 9 0 0.03 0.232 0.051 0.886 0.614 0.746 123 3.119 156.473 0.72 0
43630 7 1 9 0 0.03 0.232 0.051 0.886 0.614 2.983 141 6.016 173.113 0.293 0
43630 8 1 9 0 0.03 0.232 0.051 0.886 0.614 0 26 0.081 26 1 0
43630 9 1 9 0 0.03 0.232 0.051 0.886 0.614 0.05 106 1.383 121.527 0.98 0
43630 10 1 9 0 0.03 0.232 0.051 0.886 0.614 0.945 114 4.089 150.047 0.713 0
43630 1 1 9 0 0.061 0.314 0.327 0.873 0.081 238.621 553 243.745 686.22 0 0
43630 2 1 9 0 0.061 0.314 0.327 0.873 0.081 0 4 0 4 1 1
43630 3 1 9 0 0.061 0.314 0.327 0.873 0.081 236.978 486 244.156 676.04 0 0
43630 4 1 9 0 0.061 0.314 0.327 0.873 0.081 239.116 437 244.928 702.487 0 0
43630 5 1 9 0 0.061 0.314 0.327 0.873 0.081 237.543 536 243.28 674.667 0 0
43630 6 1 9 0 0.061 0.314 0.327 0.873 0.081 235.536 477 243.376 665.28 0 0
43630 7 1 9 0 0.061 0.314 0.327 0.873 0.081 239.532 514 244.39 671.867 0 0
43630 8 1 9 0 0.061 0.314 0.327 0.873 0.081 201.535 530 208.067 640.153 0 0
43630 9 1 9 0 0.061 0.314 0.327 0.873 0.081 235.863 541 244.194 691.033 0 0
43630 10 1 9 0 0.061 0.314 0.327 0.873 0.081 228.338 436 235.728 574.267 0 0
43630 1 1 9 0 0.112 0.126 0.15 0.942 0.931 0.05 20 0.295 20.507 1 0
43630 2 1 9 0 0.112 0.126 0.15 0.942 0.931 0 8 0.022 8.24 1 0.887
43630 3 1 9 0 0.112 0.126 0.15 0.942 0.931 0 21 0.218 21 1 0
43630 4 1 9 0 0.112 0.126 0.15 0.942 0.931 0 9 0.024 9 1 1
43630 5 1 9 0 0.112 0.126 0.15 0.942 0.931 0 12 0.05 12 1 0
43630 6 1 9 0 0.112 0.126 0.15 0.942 0.931 0 15 0.155 15.653 1 0
43630 7 1 9 0 0.112 0.126 0.15 0.942 0.931 0 14 0.138 14 1 0
43630 8 1 9 0 0.112 0.126 0.15 0.942 0.931 0 5 0.051 5 1 1
43630 9 1 9 0 0.112 0.126 0.15 0.942 0.931 0 8 0.167 9.367 1 0.327
43630 10 1 9 0 0.112 0.126 0.15 0.942 0.931 0 5 0.036 5 1 1
43630 1 1 9 0 0.01 0.261 0.075 0.878 0.336 0 1 0.074 1.68 1 1
43630 2 1 9 0 0.01 0.261 0.075 0.878 0.336 237.21 532 244.617 784.767 0 0
43630 3 1 9 0 0.01 0.261 0.075 0.878 0.336 239.937 434 243.224 690.993 0 0
43630 4 1 9 0 0.01 0.261 0.075 0.878 0.336 234.271 474 244.354 684.687 0 0
43630 5 1 9 0 0.01 0.261 0.075 0.878 0.336 238.332 468 243.882 694.387 0 0
43630 1 2 8 0 0.078 0.301 0.04 0.987 0.236 249.61 20282 249.985 22303.593 0 0
43630 2 2 8 0 0.078 0.301 0.04 0.987 0.236 249.254 14415 249.941 16026.987 0 0
43630 3 2 8 0 0.078 0.301 0.04 0.987 0.236 249.696 16164 249.982 17181.787 0 0
43630 4 2 8 0 0.078 0.301 0.04 0.987 0.236 248.767 12960 249.89 14105.233 0 0
43630 5 2 8 0 0.078 0.301 0.04 0.987 0.236 249.172 12750 249.964 15362.04 0 0
43630 6 2 8 0 0.078 0.301 0.04 0.987 0.236 249.739 21690 249.996 23794.013 0 0
43630 7 2 8 0 0.078 0.301 0.04 0.987 0.236 249.696 16735 249.98 17931.393 0 0
43630 8 2 8 0 0.078 0.301 0.04 0.987 0.236 249.431 15949 249.966 17593.927 0 0
43630 9 2 8 0 0.078 0.301 0.04 0.987 0.236 249.688 15263 249.99 18546.52 0 0
43630 10 2 8 0 0.078 0.301 0.04 0.987 0.236 249.565 22983 249.997 25956.133 0 0
43630 1 2 8 0 0.05 0.189 0.213 0.876 0.82 1.093 91 1.803 105.113 1 0
43630 2 2 8 0 0.05 0.189 0.213 0.876 0.82 1.592 97 2.494 119.967 1 0
43630 3 2 8 0 0.05 0.189 0.213 0.876 0.82 1.194 84 2.005 108.98 1 0
43630 4 2 8 0 0.05 0.189 0.213 0.876 0.82 1.74 98 3.134 113.06 0.96 0
43630 5 2 8 0 0.05 0.189 0.213 0.876 0.82 0.796 90 2.469 111.727 1 0
43630 6 2 8 0 0.05 0.189 0.213 0.876 0.82 1.045 95 2.001 115.273 1 0
43630 7 2 8 0 0.05 0.189 0.213 0.876 0.82 1.592 69 2.433 94.247 1 0
43630 8 2 8 0 0.05 0.189 0.213 0.876 0.82 1.141 70 2.39 95.54 1 0
43630 9 2 8 0 0.05 0.189 0.213 0.876 0.82 1.343 79 3.006 98.12 1 0
43630 10 2 8 0 0.05 0.189 0.213 0.876 0.82 0.498 79 2.403 93.967 1 0
43630 1 2 8 0 0.049 0.388 0.175 0.774 0.611 3.567 99 5.919 135.353 0.413 0
43630 2 2 8 0 0.049 0.388 0.175 0.774 0.611 1.293 93 3.906 118.64 0.827 0
43630 3 2 8 0 0.049 0.388 0.175 0.774 0.611 3.324 100 5.295 136.9 0.407 0
43630 4 2 8 0 0.049 0.388 0.175 0.774 0.611 1.838 99 4.092 133.74 0.747 0
43630 5 2 8 0 0.049 0.388 0.175 0.774 0.611 2.684 90 4.656 117.247 0.687 0
43630 6 2 8 0 0.049 0.388 0.175 0.774 0.611 2.535 99 5.214 130.347 0.48 0
43630 7 2 8 0 0.049 0.388 0.175 0.774 0.611 1.293 90 3.901 113.833 0.68 0
43630 8 2 8 0 0.049 0.388 0.175 0.774 0.611 2.224 115 4.778 141.74 0.613 0
43630 9 2 8 0 0.049 0.388 0.175 0.774 0.611 3.567 94 6.401 120.807 0.173 0
43630 10 2 8 0 0.049 0.388 0.175 0.774 0.611 3.015 109 5.159 143.893 0.44 0
43630 1 2 8 0 0.106 0.461 0.467 0.988 0.451 0.547 94 2.835 114.973 1 0
43630 2 2 8 0 0.106 0.461 0.467 0.988 0.451 1.434 120 3.175 135.867 1 0
43630 3 2 8 0 0.106 0.461 0.467 0.988 0.451 1.135 91 2.637 111.04 1 0
43630 4 2 8 0 0.106 0.461 0.467 0.988 0.451 0.746 97 2.649 116.76 1 0
43630 5 2 8 0 0.106 0.461 0.467 0.988 0.451 0.994 95 2.482 109.72 1 0
43630 6 2 8 0 0.106 0.461 0.467 0.988 0.451 1.343 72 2.863 87.813 1 0
43630 7 2 8 0 0.106 0.461 0.467 0.988 0.451 1.293 81 2.864 106.753 0.987 0
43630 8 2 8 0 0.106 0.461 0.467 0.988 0.451 1.69 110 3.315 130.72 1 0
43630 9 2 8 0 0.106 0.461 0.467 0.988 0.451 1.194 92 2.172 119.973 1 0
43630 10 2 8 0 0.106 0.461 0.467 0.988 0.451 0.348 92 2.06 107.5 1 0
43630 1 2 8 0 0.024 0.015 0.165 0.826 0.377 0.945 87 2.285 101.547 1 0
43630 2 2 8 0 0.024 0.015 0.165 0.826 0.377 1.094 86 2.743 106.36 1 0
43630 3 2 8 0 0.024 0.015 0.165 0.826 0.377 1.094 93 2.462 117.673 0.973 0
43630 4 2 8 0 0.024 0.015 0.165 0.826 0.377 1.144 78 3.033 94.353 0.967 0
43630 5 2 8 0 0.024 0.015 0.165 0.826 0.377 0.845 89 2.068 106.807 1 0
43630 6 2 8 0 0.024 0.015 0.165 0.826 0.377 0.199 98 1.468 108.147 1 0
43630 7 2 8 0 0.024 0.015 0.165 0.826 0.377 1.342 97 2.674 114.347 1 0
43630 8 2 8 0 0.024 0.015 0.165 0.826 0.377 1.592 74 3.087 96.927 1 0
43630 9 2 8 0 0.024 0.015 0.165 0.826 0.377 1.492 81 3.14 101.667 1 0
43630 10 2 8 0 0.024 0.015 0.165 0.826 0.377 1.691 101 2.47 124.853 1 0
43630 1 2 8 0 0.043 0.052 0.002 0.777 0.368 235.85 1467 243.581 1974.813 0 0
43630 2 2 8 0 0.043 0.052 0.002 0.777 0.368 243.708 1911 248.105 2222.3 0 0
43630 3 2 8 0 0.043 0.052 0.002 0.777 0.368 226.559 1462 236.607 1700.787 0 0
43630 4 2 8 0 0.043 0.052 0.002 0.777 0.368 242.258 1477 248.039 1877.56 0 0
43630 5 2 8 0 0.043 0.052 0.002 0.777 0.368 241.162 1583 246.413 1955.207 0 0
43630 6 2 8 0 0.043 0.052 0.002 0.777 0.368 229.51 1482 236.286 1850.6 0 0
43630 7 2 8 0 0.043 0.052 0.002 0.777 0.368 242.56 2026 247.823 2599.64 0 0
43630 8 2 8 0 0.043 0.052 0.002 0.777 0.368 236.503 1540 245.006 1873.767 0 0
43630 9 2 8 0 0.043 0.052 0.002 0.777 0.368 232.66 1507 242.846 1752.327 0 0
43630 10 2 8 0 0.043 0.052 0.002 0.777 0.368 223.478 1773 229.872 2111.38 0 0
43630 1 2 8 0 0.102 0.312 0.291 0.925 0.613 1.294 97 2.745 119.313 1 0
43630 2 2 8 0 0.102 0.312 0.291 0.925 0.613 0.596 84 2.661 104.96 1 0
43630 3 2 8 0 0.102 0.312 0.291 0.925 0.613 1.194 70 2.665 91.693 1 0
43630 4 2 8 0 0.102 0.312 0.291 0.925 0.613 0.796 108 2.109 118.747 1 0
43630 5 2 8 0 0.102 0.312 0.291 0.925 0.613 0.249 80 1.349 95.84 1 0
43630 6 2 8 0 0.102 0.312 0.291 0.925 0.613 0.547 91 2.037 105.647 1 0
43630 7 2 8 0 0.102 0.312 0.291 0.925 0.613 0.945 72 1.818 84.06 1 0
43630 8 2 8 0 0.102 0.312 0.291 0.925 0.613 0.896 100 2.106 117.14 1 0
43630 1 2 8 0 0.091 0.425 0.382 0.882 0.451 2.188 96 3.766 128.08 0.887 0
43630 2 2 8 0 0.091 0.425 0.382 0.882 0.451 1.243 103 3.282 131.853 0.927 0
43630 3 2 8 0 0.091 0.425 0.382 0.882 0.451 1.641 93 3.027 111.953 0.92 0
43630 4 2 8 0 0.091 0.425 0.382 0.882 0.451 1.791 102 3.765 121.04 0.853 0
43630 5 2 8 0 0.091 0.425 0.382 0.882 0.451 1.54 103 2.971 129.66 0.947 0
43630 6 2 8 0 0.091 0.425 0.382 0.882 0.451 0.398 65 1.801 80.42 1 0
43630 7 2 8 0 0.091 0.425 0.382 0.882 0.451 1.692 104 3.426 133.8 0.947 0
43630 8 2 8 0 0.091 0.425 0.382 0.882 0.451 0.995 87 3.331 106.893 0.927 0
43630 9 2 8 0 0.091 0.425 0.382 0.882 0.451 1.529 82 3.859 104.867 0.853 0
43630 10 2 8 0 0.091 0.425 0.382 0.882 0.451 1.987 62 4.325 94.653 0.66 0
43630 1 2 8 0 0.113 0.133 0.476 0.832 0.191 0.896 69 2.324 90.867 1 0
43630 2 2 8 0 0.113 0.133 0.476 0.832 0.191 0.547 88 1.909 106.773 1 0
43630 3 2 8 0 0.113 0.133 0.476 0.832 0.191 2.13 108 3.452 132.773 1 0
43630 4 2 8 0 0.113 0.133 0.476 0.832 0.191 1.741 95 2.761 113.813 1 0
43630 5 2 8 0 0.113 0.133 0.476 0.832 0.191 0.796 98 2.252 111.227 1 0
43630 6 2 8 0 0.113 0.133 0.476 0.832 0.191 1.243 107 2.589 123.127 1 0
43630 7 2 8 0 0.113 0.133 0.476 0.832 0.191 1.341 87 2.809 109.933 0.96 0
43630 8 2 8 0 0.113 0.133 0.476 0.832 0.191 1.343 92 2.166 108.467 1 0
43630 9 2 8 0 0.113 0.133 0.476 0.832 0.191 0.647 79 2.474 100.433 1 0
43630 10 2 8 0 0.113 0.133 0.476 0.832 0.191 1.491 107 2.637 126.347 1 0
43630 1 2 8 0 0.051 0.19 0.495 0.997 0.752 0.647 82 2.122 99.953 1 0
43630 2 2 8 0 0.051 0.19 0.495 0.997 0.752 0.995 97 2.403 119.387 1 0
43630 3 2 8 0 0.051 0.19 0.495 0.997 0.752 1.791 102 3.087 118.88 1 0
43630 4 2 8 0 0.051 0.19 0.495 0.997 0.752 1.341 77 2.532 102.953 1 0
43630 5 2 8 0 0.051 0.19 0.495 0.997 0.752 0.895 88 2.299 109.86 1 0
43630 6 2 8 0 0.051 0.19 0.495 0.997 0.752 1.592 74 2.546 96.207 1 0
43630 7 2 8 0 0.051 0.19 0.495 0.997 0.752 0.744 81 2.185 98.393 1 0
43630 8 2 8 0 0.051 0.19 0.495 0.997 0.752 1.143 89 2.444 108.567 1 0
43630 9 2 8 0 0.051 0.19 0.495 0.997 0.752 0.796 74 1.863 86.9 1 0
43630 10 2 8 0 0.051 0.19 0.495 0.997 0.752 1.592 87 3.145 111.213 0.973 0
43630 1 2 8 0 0.015 0.375 0.131 0.825 0.439 123.101 126 127.781 389.447 0 0
43630 2 2 8 0 0.015 0.375 0.131 0.825 0.439 133.189 146 138.779 296.187 0 0
43630 3 2 8 0 0.015 0.375 0.131 0.825 0.439 129.638 197 138.242 337.007 0 0
43630 4 2 8 0 0.015 0.375 0.131 0.825 0.439 118.675 136 125.474 321.247 0 0
43630 5 2 8 0 0.015 0.375 0.131 0.825 0.439 96.12 197 102.514 318.393 0 0
43630 6 2 8 0 0.015 0.375 0.131 0.825 0.439 113.389 81 128.902 312.453 0 0
43630 7 2 8 0 0.015 0.375 0.131 0.825 0.439 104.77 146 117.25 283.28 0 0
43630 8 2 8 0 0.015 0.375 0.131 0.825 0.439 105.956 89 114.65 282.553 0 0
43630 9 2 8 0 0.015 0.375 0.131 0.825 0.439 114.487 47 122.576 357.273 0 0
43630 10 2 8 0 0.015 0.375 0.131 0.825 0.439 121.146 85 130.243 318.893 0 0
43630 1 2 8 0 0.038 0.208 0.456 0.871 0.908 1.044 89 2.461 115.013 1 0
43630 2 2 8 0 0.038 0.208 0.456 0.871 0.908 1.343 83 2.487 100.167 1 0
43630 3 2 8 0 0.038 0.208 0.456 0.871 0.908 1.442 106 2.282 118.22 1 0
43630 4 2 8 0 0.038 0.208 0.456 0.871 0.908 1.84 77 3.073 105.207 1 0
43630 5 2 8 0 0.038 0.208 0.456 0.871 0.908 0.945 86 2.64 104.707 1 0
43630 6 2 8 0 0.038 0.208 0.456 0.871 0.908 0.498 83 2.095 100.26 1 0
43630 7 2 8 0 0.038 0.208 0.456 0.871 0.908 0.1 85 1.542 97.327 1 0
43630 8 2 8 0 0.038 0.208 0.456 0.871 0.908 1.094 80 2.76 110.72 1 0
43630 9 2 8 0 0.038 0.208 0.456 0.871 0.908 1.094 76 2.308 97.227 1 0
43630 10 2 8 0 0.038 0.208 0.456 0.871 0.908 1.541 101 2.723 120.013 1 0
43630 1 2 8 0 0.087 0.206 0.295 0.788 0.992 0.497 120 2.098 131.36 1 0
43630 2 2 8 0 0.087 0.206 0.295 0.788 0.992 1.045 92 2.58 114.88 1 0
43630 3 2 8 0 0.087 0.206 0.295 0.788 0.992 1.741 98 2.93 118.4 1 0
43630 4 2 8 0 0.087 0.206 0.295 0.788 0.992 0.995 85 2.304 102.68 1 0
43630 5 2 8 0 0.087 0.206 0.295 0.788 0.992 1.244 91 2.578 106.667 1 0
43630 6 2 8 0 0.087 0.206 0.295 0.788 0.992 0.945 106 2.482 122.093 1 0
43630 7 2 8 0 0.087 0.206 0.295 0.788 0.992 1.393 97 2.252 118.733 1 0
43630 8 2 8 0 0.087 0.206 0.295 0.788 0.992 1.193 95 2.398 110.007 1 0
43630 9 2 8 0 0.087 0.206 0.295 0.788 0.992 1.542 98 2.56 117.84 1 0
43630 10 2 8 0 0.087 0.206 0.295 0.788 0.992 0 8 0.159 8 1 1
43630 1 2 8 0 0.076 0.456 0.078 0.766 0.489 206.454 445 212.014 689.853 0 0
43630 2 2 8 0 0.076 0.456 0.078 0.766 0.489 210.46 263 218.817 684.313 0 0
43630 3 2 8 0 0.076 0.456 0.078 0.766 0.489 211.432 205 222.352 656.367 0 0
43630 4 2 8 0 0.076 0.456 0.078 0.766 0.489 218.647 321 227.845 775.973 0 0
43630 5 2 8 0 0.076 0.456 0.078 0.766 0.489 195.058 350 201.111 620.753 0 0
43630 6 2 8 0 0.076 0.456 0.078 0.766 0.489 194.488 371 200.872 639.8 0 0
43630 7 2 8 0 0.076 0.456 0.078 0.766 0.489 196.326 444 203.578 647 0 0
43630 8 2 8 0 0.076 0.456 0.078 0.766 0.489 212.124 418 218.2 694.733 0 0
43630 9 2 8 0 0.076 0.456 0.078 0.766 0.489 185.637 324 191.661 643.72 0 0
43630 10 2 8 0 0.076 0.456 0.078 0.766 0.489 181.116 167 194.801 496.02 0 0
43630 1 2 8 0 0.072 0.08 0.142 0.791 0.723 1.592 72 2.844 104.413 1 0
43630 2 2 8 0 0.072 0.08 0.142 0.791 0.723 1.393 96 2.631 117.693 1 0
43630 3 2 8 0 0.072 0.08 0.142 0.791 0.723 0.746 106 2.002 125.187 1 0
43630 4 2 8 0 0.072 0.08 0.142 0.791 0.723 1.343 99 2.042 113.413 1 0
43630 5 2 8 0 0.072 0.08 0.142 0.791 0.723 0.348 87 1.693 105.54 1 0
43630 6 2 8 0 0.072 0.08 0.142 0.791 0.723 1.791 89 3.301 105.82 1 0
