43646 1 5 10 1 0.07 0.14 0.423 0.778 0.22 0 7 0.018 7 1 1
43646 2 5 10 1 0.07 0.14 0.423 0.778 0.22 180.086 5 200.751 77.147 0 0.293
43646 3 5 10 1 0.07 0.14 0.423 0.778 0.22 0 4 0.074 4 1 1
43646 4 5 10 1 0.07 0.14 0.423 0.778 0.22 156.308 3 176.287 67.647 0 0.447
43646 5 5 10 1 0.07 0.14 0.423 0.778 0.22 0 6 0.023 6 1 1
43646 6 5 10 1 0.07 0.14 0.423 0.778 0.22 159.017 0 176.648 54.927 0 0.44
43646 7 5 10 1 0.07 0.14 0.423 0.778 0.22 165.265 1 187.2 53.093 0 0.46
43646 8 5 10 1 0.07 0.14 0.423 0.778 0.22 0.945 14 2.913 31.087 0.813 0
43646 9 5 10 1 0.07 0.14 0.423 0.778 0.22 0.497 13 1.81 28.8 1 0
43646 10 5 10 1 0.07 0.14 0.423 0.778 0.22 0 7 0.048 7 1 1
43646 1 5 10 1 0.081 0.275 0.298 0.944 0.235 138 260 144.501 493.28 0 0
43646 2 5 10 1 0.081 0.275 0.298 0.944 0.235 106.272 172 113.002 341.147 0 0
43646 3 5 10 1 0.081 0.275 0.298 0.944 0.235 114.465 161 122.797 391.427 0 0
43646 4 5 10 1 0.081 0.275 0.298 0.944 0.235 111.579 211 117.128 347.507 0 0
43646 5 5 10 1 0.081 0.275 0.298 0.944 0.235 143.762 272 153.572 441.02 0 0
43646 6 5 10 1 0.081 0.275 0.298 0.944 0.235 113.959 176 118.333 315.547 0 0
43646 7 5 10 1 0.081 0.275 0.298 0.944 0.235 105.579 121 112.185 323.46 0 0
43646 8 5 10 1 0.081 0.275 0.298 0.944 0.235 105.808 176 118.088 308.013 0 0
43646 9 5 10 1 0.081 0.275 0.298 0.944 0.235 115.184 240 121.863 366.773 0 0
43646 10 5 10 1 0.081 0.275 0.298 0.944 0.235 109.4 239 118.6 422.693 0 0
43646 1 5 10 1 0.062 0.206 0.059 0.951 0.461 233.268 475 241.442 787.88 0 0
43646 2 5 10 1 0.062 0.206 0.059 0.951 0.461 220.339 497 228.766 760.933 0 0
43646 3 5 10 1 0.062 0.206 0.059 0.951 0.461 231.45 411 239.055 770.067 0 0
43646 4 5 10 1 0.062 0.206 0.059 0.951 0.461 197.089 479 204.47 804.613 0 0
43646 5 5 10 1 0.062 0.206 0.059 0.951 0.461 226.602 544 234.625 774.633 0 0
43646 6 5 10 1 0.062 0.206 0.059 0.951 0.461 212.526 410 219.479 801.367 0 0
43646 7 5 10 1 0.062 0.206 0.059 0.951 0.461 202.611 372 207.683 701.38 0 0
43646 8 5 10 1 0.062 0.206 0.059 0.951 0.461 218.108 506 232.247 796.067 0 0
43646 9 5 10 1 0.062 0.206 0.059 0.951 0.461 166.225 344 173.316 556.713 0 0
43646 10 5 10 1 0.062 0.206 0.059 0.951 0.461 194.524 441 200.308 677.127 0 0
43646 1 5 10 1 0.074 0.013 0.285 0.97 0.911 231.259 0 243.541 27.227 0 0.727
43646 2 5 10 1 0.074 0.013 0.285 0.97 0.911 237.792 0 245.157 28.36 0 0.687
43646 3 5 10 1 0.074 0.013 0.285 0.97 0.911 234.896 2 245.948 29.907 0 0.68
43646 4 5 10 1 0.074 0.013 0.285 0.97 0.911 235.901 2 246.298 30.387 0 0.753
43646 5 5 10 1 0.074 0.013 0.285 0.97 0.911 232.716 1 245.085 31.14 0 0.727
43646 6 5 10 1 0.074 0.013 0.285 0.97 0.911 238.37 0 245.871 33.073 0 0.733
43646 7 5 10 1 0.074 0.013 0.285 0.97 0.911 232.55 3 244.811 31.947 0 0.727
43646 8 5 10 1 0.074 0.013 0.285 0.97 0.911 235.113 1 245.115 30.453 0 0.74
43646 9 5 10 1 0.074 0.013 0.285 0.97 0.911 235.114 0 244.855 30.627 0 0.733
43646 10 5 10 1 0.074 0.013 0.285 0.97 0.911 234.976 1 244.349 29.593 0 0.7
43646 1 5 10 1 0.068 0.417 0.413 0.827 0.03 247.176 1798 249.146 2254.273 0 0
43646 2 5 10 1 0.068 0.417 0.413 0.827 0.03 247.102 1879 249.205 2315.287 0 0
43646 3 5 10 1 0.068 0.417 0.413 0.827 0.03 247.273 1778 249.075 2108.327 0 0
43646 4 5 10 1 0.068 0.417 0.413 0.827 0.03 246.497 1964 249.037 2288.747 0 0
43646 5 5 10 1 0.068 0.417 0.413 0.827 0.03 246.594 1744 249.007 2291.747 0 0
43646 6 5 10 1 0.068 0.417 0.413 0.827 0.03 246.358 1661 249.007 2106.74 0 0
43646 7 5 10 1 0.068 0.417 0.413 0.827 0.03 247.303 1783 249.28 2377.133 0 0
43646 8 5 10 1 0.068 0.417 0.413 0.827 0.03 246.755 1825 249.023 2119.94 0 0
43646 9 5 10 1 0.068 0.417 0.413 0.827 0.03 246.948 1915 249.12 2230.407 0 0
43646 10 5 10 1 0.068 0.417 0.413 0.827 0.03 247.691 1950 249.293 2303.067 0 0
43646 1 5 10 1 0.052 0.32 0.225 0.788 0.516 0 5 0 5 1 1
43646 2 5 10 1 0.052 0.32 0.225 0.788 0.516 0 5 0 5 1 1
43646 3 5 10 1 0.052 0.32 0.225 0.788 0.516 1.193 10 2.01 26.013 1 0
43646 4 5 10 1 0.052 0.32 0.225 0.788 0.516 0.796 7 2.132 27.087 1 0.04
43646 5 5 10 1 0.052 0.32 0.225 0.788 0.516 0 3 0.049 3 1 1
43646 6 5 10 1 0.052 0.32 0.225 0.788 0.516 0.1 13 0.764 19.58 1 0
43646 7 5 10 1 0.052 0.32 0.225 0.788 0.516 0 11 0.122 11 1 0
43646 8 5 10 1 0.052 0.32 0.225 0.788 0.516 0.1 12 0.417 15.08 1 0
43646 9 5 10 1 0.052 0.32 0.225 0.788 0.516 10.398 9 12.239 42.973 0 0.007
43646 10 5 10 1 0.052 0.32 0.225 0.788 0.516 0 7 0.071 7 1 1
43646 1 5 10 1 0.106 0.354 0.292 0.818 0.417 67.769 22 83.951 96.413 0 0
43646 2 5 10 1 0.106 0.354 0.292 0.818 0.417 67.141 5 85.056 77.94 0 0.02
43646 3 5 10 1 0.106 0.354 0.292 0.818 0.417 100.589 24 108.529 107.4 0 0
43646 4 5 10 1 0.106 0.354 0.292 0.818 0.417 17.944 20 20.238 64.913 0 0
43646 5 5 10 1 0.106 0.354 0.292 0.818 0.417 53.523 10 59.338 96.787 0 0
43646 6 5 10 1 0.106 0.354 0.292 0.818 0.417 70.709 12 88.815 101.193 0 0
43646 7 5 10 1 0.106 0.354 0.292 0.818 0.417 88.228 4 119.545 108.127 0 0.047
43646 8 5 10 1 0.106 0.354 0.292 0.818 0.417 24.863 11 44.578 110.427 0 0
43646 9 5 10 1 0.106 0.354 0.292 0.818 0.417 65.601 10 75.668 78.28 0 0
43646 10 5 10 1 0.106 0.354 0.292 0.818 0.417 35.296 18 61.126 115.573 0 0
43646 1 5 10 1 0.016 0.197 0.079 0.822 0.313 233.222 674 242.897 1098.087 0 0
43646 2 5 10 1 0.016 0.197 0.079 0.822 0.313 238.779 912 244.685 1171.393 0 0
43646 1 5 8 1 0.099 0.39 0.029 0.872 0.419 246.187 1929 249.01 2321.133 0 0
43646 2 5 8 1 0.099 0.39 0.029 0.872 0.419 246.794 1926 249.232 2421.567 0 0
43646 3 5 8 1 0.099 0.39 0.029 0.872 0.419 246.049 1693 248.651 1996.653 0 0
43646 4 5 8 1 0.099 0.39 0.029 0.872 0.419 247.664 2028 249.28 2485.093 0 0
43646 5 5 8 1 0.099 0.39 0.029 0.872 0.419 245.438 1662 248.488 2046.473 0 0
43646 6 5 8 1 0.099 0.39 0.029 0.872 0.419 246.132 1753 248.882 2215.607 0 0
43646 7 5 8 1 0.099 0.39 0.029 0.872 0.419 246.164 1914 249.109 2381.167 0 0
43646 8 5 8 1 0.099 0.39 0.029 0.872 0.419 245.793 2022 249.056 2485.62 0 0
43646 9 5 8 1 0.099 0.39 0.029 0.872 0.419 246.05 1665 248.515 2048.627 0 0
43646 10 5 8 1 0.099 0.39 0.029 0.872 0.419 246.747 2036 249.192 2379.927 0 0
43646 1 5 8 1 0.001 0.308 0.275 0.938 0.66 0.199 14 1.011 20.873 1 0
43646 2 5 8 1 0.001 0.308 0.275 0.938 0.66 0 10 0.116 10 1 0
43646 3 5 8 1 0.001 0.308 0.275 0.938 0.66 0 8 0.011 8 1 1
43646 4 5 8 1 0.001 0.308 0.275 0.938 0.66 0 11 0.141 11.167 1 0
43646 5 5 8 1 0.001 0.308 0.275 0.938 0.66 0.746 12 1.811 24.98 1 0
43646 6 5 8 1 0.001 0.308 0.275 0.938 0.66 0.845 7 1.925 21.027 1 0.1
43646 7 5 8 1 0.001 0.308 0.275 0.938 0.66 0 8 0 8 1 1
43646 8 5 8 1 0.001 0.308 0.275 0.938 0.66 0.448 13 1.666 25.687 1 0
43646 9 5 8 1 0.001 0.308 0.275 0.938 0.66 0.944 8 3.086 24.98 0.907 0.04
43646 10 5 8 1 0.001 0.308 0.275 0.938 0.66 0.05 13 0.535 21.247 1 0
43646 1 5 8 1 0.046 0.092 0.427 0.751 0.049 115.166 234 121.469 351.967 0 0
43646 2 5 8 1 0.046 0.092 0.427 0.751 0.049 96.021 205 100.047 326.44 0 0
43646 3 5 8 1 0.046 0.092 0.427 0.751 0.049 80.069 165 85.628 244.767 0 0
43646 4 5 8 1 0.046 0.092 0.427 0.751 0.049 141.36 217 146.889 371.74 0 0
43646 5 5 8 1 0.046 0.092 0.427 0.751 0.049 68.026 99 74.439 203.993 0 0
43646 6 5 8 1 0.046 0.092 0.427 0.751 0.049 93.092 164 100.132 305.713 0 0
43646 7 5 8 1 0.046 0.092 0.427 0.751 0.049 88.245 114 100.639 270.293 0 0
43646 8 5 8 1 0.046 0.092 0.427 0.751 0.049 89.017 175 94.571 282.387 0 0
43646 9 5 8 1 0.046 0.092 0.427 0.751 0.049 104.929 198 108.708 320.327 0 0
43646 10 5 8 1 0.046 0.092 0.427 0.751 0.049 114.983 263 117.852 406.26 0 0
43646 1 5 8 1 0.066 0.121 0.393 0.912 0.721 224.112 0 238.961 31.307 0 0.72
43646 2 5 8 1 0.066 0.121 0.393 0.912 0.721 209.372 0 219.659 28.027 0 0.7
43646 3 5 8 1 0.066 0.121 0.393 0.912 0.721 201.395 3 229.465 27.08 0 0.653
43646 4 5 8 1 0.066 0.121 0.393 0.912 0.721 225.832 3 240.488 31.193 0 0.693
43646 5 5 8 1 0.066 0.121 0.393 0.912 0.721 207.673 3 222.746 28.393 0 0.627
43646 6 5 8 1 0.066 0.121 0.393 0.912 0.721 0 7 0.05 7 1 1
43646 7 5 8 1 0.066 0.121 0.393 0.912 0.721 27.497 8 32.208 19.92 0 0.113
43646 8 5 8 1 0.066 0.121 0.393 0.912 0.721 227.718 0 242.136 27.313 0 0.7
43646 9 5 8 1 0.066 0.121 0.393 0.912 0.721 0 11 0.177 11 1 0
43646 10 5 8 1 0.066 0.121 0.393 0.912 0.721 230.411 3 240.531 32.98 0 0.687
43646 1 5 8 1 0.047 0.37 0.339 0.8 0.181 142.591 340 154.333 518.9 0 0
43646 2 5 8 1 0.047 0.37 0.339 0.8 0.181 141.343 388 147.02 541.2 0 0
43646 3 5 8 1 0.047 0.37 0.339 0.8 0.181 151.499 295 156.122 515.073 0 0
43646 4 5 8 1 0.047 0.37 0.339 0.8 0.181 162.926 307 169.24 519.487 0 0
43646 5 5 8 1 0.047 0.37 0.339 0.8 0.181 135.62 318 139.327 485.747 0 0
43646 6 5 8 1 0.047 0.37 0.339 0.8 0.181 133.273 334 137.787 447.04 0 0
43646 7 5 8 1 0.047 0.37 0.339 0.8 0.181 124.343 240 134.602 399.507 0 0
43646 8 5 8 1 0.047 0.37 0.339 0.8 0.181 167.118 419 172.013 641.52 0 0
43646 9 5 8 1 0.047 0.37 0.339 0.8 0.181 132.169 262 141.393 411.993 0 0
43646 10 5 8 1 0.047 0.37 0.339 0.8 0.181 124.944 228 128.758 445.227 0 0
43646 1 5 8 1 0.08 0.381 0.469 0.914 0.344 1.194 9 2.165 27.967 1 0.02
43646 2 5 8 1 0.08 0.381 0.469 0.914 0.344 0.249 17 1.533 28.08 1 0
43646 3 5 8 1 0.08 0.381 0.469 0.914 0.344 0 10 0.11 10 1 0
43646 4 5 8 1 0.08 0.381 0.469 0.914 0.344 1.143 9 2.164 27.82 1 0.027
43646 5 5 8 1 0.08 0.381 0.469 0.914 0.344 0.795 11 2.457 27.52 1 0
43646 6 5 8 1 0.08 0.381 0.469 0.914 0.344 1.292 16 2.636 35.573 1 0
43646 7 5 8 1 0.08 0.381 0.469 0.914 0.344 0.398 14 1.355 24.88 1 0
43646 8 5 8 1 0.08 0.381 0.469 0.914 0.344 0.1 8 0.777 16.32 1 0.06
43646 9 5 8 1 0.08 0.381 0.469 0.914 0.344 0.547 6 1.465 17.593 1 0.173
43646 10 5 8 1 0.08 0.381 0.469 0.914 0.344 0.746 11 1.57 26.12 1 0
43646 1 5 8 1 0.064 0.364 0.388 0.933 0.827 229.27 2 241.533 34.413 0 0.66
43646 2 5 8 1 0.064 0.364 0.388 0.933 0.827 0.951 15 6.043 29.06 0.353 0
43646 3 5 8 1 0.064 0.364 0.388 0.933 0.827 227.672 2 239.429 30.013 0 0.673
43646 4 5 8 1 0.064 0.364 0.388 0.933 0.827 112.498 5 131.491 19.36 0 0.12
43646 5 5 8 1 0.064 0.364 0.388 0.933 0.827 187.594 7 201.852 26.127 0 0.5
43646 6 5 8 1 0.064 0.364 0.388 0.933 0.827 76.692 5 85.946 19.993 0 0.26
43646 7 5 8 1 0.064 0.364 0.388 0.933 0.827 230.302 1 241.837 28.947 0 0.713
43646 8 5 8 1 0.064 0.364 0.388 0.933 0.827 39.585 4 46.875 20.713 0 0.293
43646 9 5 8 1 0.064 0.364 0.388 0.933 0.827 108.39 7 117.477 21.2 0 0.633
43646 10 5 8 1 0.064 0.364 0.388 0.933 0.827 126.024 4 154.204 24.427 0 0.62
43646 1 5 8 1 0.108 0.151 0.117 0.757 0.288 204.64 518 214.363 763.747 0 0
43646 2 5 8 1 0.108 0.151 0.117 0.757 0.288 169.057 511 176.497 720.713 0 0
43646 3 5 8 1 0.108 0.151 0.117 0.757 0.288 163.688 304 174.974 510.987 0 0
43646 4 5 8 1 0.108 0.151 0.117 0.757 0.288 162.355 382 167.793 592.56 0 0
43646 5 5 8 1 0.108 0.151 0.117 0.757 0.288 152.265 364 160.766 549.387 0 0
43646 6 5 8 1 0.108 0.151 0.117 0.757 0.288 164.428 424 171.74 611.713 0 0
43646 7 5 8 1 0.108 0.151 0.117 0.757 0.288 165.522 373 174.278 576.92 0 0
43646 1 5 8 0 0.102 0.324 0.024 0.926 0.088 248.559 5650 249.929 6766.867 0 0
43646 2 5 8 0 0.102 0.324 0.024 0.926 0.088 249.166 5523 249.906 6272.493 0 0
43646 3 5 8 0 0.102 0.324 0.024 0.926 0.088 249.344 5717 249.926 6810.207 0 0
43646 4 5 8 0 0.102 0.324 0.024 0.926 0.088 248.515 5218 249.854 5757.953 0 0
43646 5 5 8 0 0.102 0.324 0.024 0.926 0.088 249.384 6160 249.952 6929.573 0 0
43646 6 5 8 0 0.102 0.324 0.024 0.926 0.088 249.334 6192 249.922 6842.153 0 0
43646 7 5 8 0 0.102 0.324 0.024 0.926 0.088 249.215 6667 249.935 7615.7 0 0
43646 8 5 8 0 0.102 0.324 0.024 0.926 0.088 249.476 6828 249.966 8022.853 0 0
43646 9 5 8 0 0.102 0.324 0.024 0.926 0.088 249.306 7061 249.972 7877.507 0 0
43646 10 5 8 0 0.102 0.324 0.024 0.926 0.088 249.306 5997 249.935 7046.573 0 0
43646 1 5 8 0 0.019 0.23 0.009 0.841 0.213 248.914 3651 249.81 4256.027 0 0
43646 2 5 8 0 0.019 0.23 0.009 0.841 0.213 247.864 3343 249.704 3777.593 0 0
43646 3 5 8 0 0.019 0.23 0.009 0.841 0.213 248.251 3642 249.803 4185.56 0 0
43646 4 5 8 0 0.019 0.23 0.009 0.841 0.213 248.553 4172 249.843 4831.993 0 0
43646 5 5 8 0 0.019 0.23 0.009 0.841 0.213 248.116 3200 249.725 3944.94 0 0
43646 6 5 8 0 0.019 0.23 0.009 0.841 0.213 247.374 3172 249.617 3707.593 0 0
43646 7 5 8 0 0.019 0.23 0.009 0.841 0.213 247.746 3045 249.724 3836.42 0 0
43646 8 5 8 0 0.019 0.23 0.009 0.841 0.213 248.204 3545 249.756 4089.3 0 0
43646 9 5 8 0 0.019 0.23 0.009 0.841 0.213 247.809 2696 249.456 3192.093 0 0
43646 10 5 8 0 0.019 0.23 0.009 0.841 0.213 248.329 3614 249.816 4305.88 0 0
43646 1 5 8 0 0.101 0.187 0.294 0.803 0.635 0 9 0.011 9 1 1
43646 2 5 8 0 0.101 0.187 0.294 0.803 0.635 0 5 0.095 5 1 1
43646 3 5 8 0 0.101 0.187 0.294 0.803 0.635 233.989 1 244.814 31.94 0 0.747
43646 4 5 8 0 0.101 0.187 0.294 0.803 0.635 228.264 4 240.813 35.04 0 0.733
43646 5 5 8 0 0.101 0.187 0.294 0.803 0.635 80.343 7 119.55 27.747 0 0.18
43646 6 5 8 0 0.101 0.187 0.294 0.803 0.635 204.334 4 220.778 28.427 0 0.713
43646 7 5 8 0 0.101 0.187 0.294 0.803 0.635 205.375 4 223.138 32.787 0 0.753
43646 8 5 8 0 0.101 0.187 0.294 0.803 0.635 169.611 3 193.604 26.627 0 0.733
43646 9 5 8 0 0.101 0.187 0.294 0.803 0.635 229.232 2 242.132 26.687 0 0.733
43646 10 5 8 0 0.101 0.187 0.294 0.803 0.635 230.457 1 241.057 28.567 0 0.693
43646 1 5 8 0 0.082 0.255 0.466 0.86 0.245 78.039 3 116.287 80.74 0 0.36
43646 2 5 8 0 0.082 0.255 0.466 0.86 0.245 0 9 0.061 9 1 1
43646 3 5 8 0 0.082 0.255 0.466 0.86 0.245 221.579 2 231.404 92.967 0 0.493
43646 4 5 8 0 0.082 0.255 0.466 0.86 0.245 0.149 5 1.229 20.393 1 0.073
43646 5 5 8 0 0.082 0.255 0.466 0.86 0.245 170.394 4 194.246 88.68 0 0.327
43646 6 5 8 0 0.082 0.255 0.466 0.86 0.245 0.348 12 1.877 26.933 1 0
43646 7 5 8 0 0.082 0.255 0.466 0.86 0.245 28.188 7 31.304 71.347 0 0.1
43646 8 5 8 0 0.082 0.255 0.466 0.86 0.245 5.339 4 11.018 29.4 0 0.28
43646 9 5 8 0 0.082 0.255 0.466 0.86 0.245 0 10 0.146 10 1 0
43646 10 5 8 0 0.082 0.255 0.466 0.86 0.245 0.05 12 0.705 17.267 1 0
43646 1 5 8 0 0.097 0.483 0.379 0.962 0.681 79.723 10 86.973 26.033 0 0
43646 2 5 8 0 0.097 0.483 0.379 0.962 0.681 230.977 2 243.275 36.867 0 0.707
43646 3 5 8 0 0.097 0.483 0.379 0.962 0.681 197.976 1 209.905 22.093 0 0.72
43646 4 5 8 0 0.097 0.483 0.379 0.962 0.681 0 6 0.161 6.013 1 1
43646 5 5 8 0 0.097 0.483 0.379 0.962 0.681 111.306 7 121.209 21.18 0 0.4
43646 6 5 8 0 0.097 0.483 0.379 0.962 0.681 203.677 1 219.526 22.84 0 0.673
43646 7 5 8 0 0.097 0.483 0.379 0.962 0.681 221.092 1 234.369 26.053 0 0.687
43646 8 5 8 0 0.097 0.483 0.379 0.962 0.681 228.285 4 239.201 37.253 0 0.687
43646 9 5 8 0 0.097 0.483 0.379 0.962 0.681 234.34 3 243.678 29.44 0 0.753
43646 10 5 8 0 0.097 0.483 0.379 0.962 0.681 230.419 3 240.093 25.953 0 0.653
43646 1 5 8 0 0.088 0.398 0.16 0.946 0.572 0.05 6 0.195 6 1 1
43646 2 5 8 0 0.088 0.398 0.16 0.946 0.572 0.05 11 0.18 11 1 0
43646 3 5 8 0 0.088 0.398 0.16 0.946 0.572 1.144 9 2.245 26.247 1 0.04
43646 4 5 8 0 0.088 0.398 0.16 0.946 0.572 0 7 0.011 7 1 1
43646 5 5 8 0 0.088 0.398 0.16 0.946 0.572 1.393 17 2.628 34.1 1 0
43646 6 5 8 0 0.088 0.398 0.16 0.946 0.572 0.597 11 1.763 26.847 1 0
43646 7 5 8 0 0.088 0.398 0.16 0.946 0.572 0 10 0.063 10 1 0
43646 8 5 8 0 0.088 0.398 0.16 0.946 0.572 0 11 0.296 12.933 1 0
43646 9 5 8 0 0.088 0.398 0.16 0.946 0.572 1.485 9 3.399 31.433 0.86 0.013
43646 10 5 8 0 0.088 0.398 0.16 0.946 0.572 178.295 7 199.814 98.467 0 0.127
43646 1 5 8 0 0.114 0.156 0.215 0.847 0.907 196.037 2 207.002 23.04 0 0.76
43646 2 5 8 0 0.114 0.156 0.215 0.847 0.907 194.462 2 214.917 24.793 0 0.653
43646 3 5 8 0 0.114 0.156 0.215 0.847 0.907 0 12 0.1 12 1 0
43646 4 5 8 0 0.114 0.156 0.215 0.847 0.907 97.572 9 105.292 36.613 0 0.02
43646 5 5 8 0 0.114 0.156 0.215 0.847 0.907 228.584 0 242.56 32.96 0 0.687
43646 6 5 8 0 0.114 0.156 0.215 0.847 0.907 228.735 4 241.549 34.98 0 0.673
43646 7 5 8 0 0.114 0.156 0.215 0.847 0.907 0 14 0.273 15.653 1 0
43646 8 5 8 0 0.114 0.156 0.215 0.847 0.907 24.09 10 29.633 22.34 0 0
43646 9 5 8 0 0.114 0.156 0.215 0.847 0.907 0 7 0.02 7 1 1
43646 10 5 8 0 0.114 0.156 0.215 0.847 0.907 88.014 7 98.728 19.307 0 0.38
43646 1 5 8 0 0.093 0.388 0.112 0.815 0.742 208.925 6 227.321 46.907 0 0.54
43646 2 5 8 0 0.093 0.388 0.112 0.815 0.742 0 6 0.473 8.453 1 0.807
43646 3 5 8 0 0.093 0.388 0.112 0.815 0.742 213.535 3 233.392 49.987 0 0.487
43646 4 5 8 0 0.093 0.388 0.112 0.815 0.742 213.08 6 228.544 51.16 0 0.407
43646 5 5 8 0 0.093 0.388 0.112 0.815 0.742 191.395 4 206.92 48.34 0 0.527
43646 6 5 8 0 0.093 0.388 0.112 0.815 0.742 209.437 5 233.477 49.653 0 0.553
43646 7 5 8 0 0.093 0.388 0.112 0.815 0.742 0.547 14 1.446 27.387 1 0
43646 8 5 8 0 0.093 0.388 0.112 0.815 0.742 1.373 9 3.236 30.067 0.96 0.02
43646 9 5 8 0 0.093 0.388 0.112 0.815 0.742 0 9 0.099 9 1 1
43646 10 5 8 0 0.093 0.388 0.112 0.815 0.742 0.348 12 2.608 31.187 1 0
43646 1 5 8 0 0.028 0.376 0.068 0.977 0.14 245.81 1814 249.087 2664.28 0 0
43646 2 5 8 0 0.028 0.376 0.068 0.977 0.14 245.822 1916 249.45 2788.807 0 0
43646 3 5 8 0 0.028 0.376 0.068 0.977 0.14 242.349 1387 248.146 2146.2 0 0
43646 4 5 8 0 0.028 0.376 0.068 0.977 0.14 244.8 1494 248.795 2504.387 0 0
43646 5 5 8 0 0.028 0.376 0.068 0.977 0.14 245.502 1528 249.139 2641.267 0 0
43646 6 5 8 0 0.028 0.376 0.068 0.977 0.14 243.385 1644 248.778 2674.1 0 0
43646 7 5 8 0 0.028 0.376 0.068 0.977 0.14 245.147 1415 248.908 2382.673 0 0
43646 8 5 8 0 0.028 0.376 0.068 0.977 0.14 244.135 1279 248.624 2567.987 0 0
43646 9 5 8 0 0.028 0.376 0.068 0.977 0.14 246.13 1159 249.139 2529.72 0 0
43646 10 5 8 0 0.028 0.376 0.068 0.977 0.14 244.874 1449 248.988 2735.987 0 0
43646 1 5 8 0 0.072 0.166 0.408 0.915 0.357 188.215 6 200.074 34.82 0 0.4
43646 2 5 8 0 0.072 0.166 0.408 0.915 0.357 198.975 1 220.444 31.627 0 0.713
43646 3 5 8 0 0.072 0.166 0.408 0.915 0.357 227.909 2 242.439 34.453 0 0.707
43646 4 5 8 0 0.072 0.166 0.408 0.915 0.357 157.136 9 172.523 51.667 0 0.173
43646 5 5 8 0 0.072 0.166 0.408 0.915 0.357 228.834 2 240.601 33.22 0 0.68
43646 6 5 8 0 0.072 0.166 0.408 0.915 0.357 232.229 2 242.781 35 0 0.673
43646 7 5 8 0 0.072 0.166 0.408 0.915 0.357 141.655 4 160.251 42.147 0 0.407
43646 1 5 7 0 0.025 0.343 0.154 0.928 0.217 233.851 96 241.349 964.233 0 0
43646 2 5 7 0 0.025 0.343 0.154 0.928 0.217 226.862 27 240.758 991.307 0 0
43646 3 5 7 0 0.025 0.343 0.154 0.928 0.217 232.74 2 242.057 1044.187 0 0.007
43646 4 5 7 0 0.025 0.343 0.154 0.928 0.217 231.552 84 242.773 991.907 0 0
43646 5 5 7 0 0.025 0.343 0.154 0.928 0.217 224.259 5 241.699 1077.293 0 0.007
43646 6 5 7 0 0.025 0.343 0.154 0.928 0.217 232.264 104 242.238 911 0 0
43646 7 5 7 0 0.025 0.343 0.154 0.928 0.217 221.579 4 240.715 1022.527 0 0.04
43646 8 5 7 0 0.025 0.343 0.154 0.928 0.217 224.7 72 241.8 1028.96 0 0
43646 9 5 7 0 0.025 0.343 0.154 0.928 0.217 227.592 7 241.516 981.187 0 0.04
43646 10 5 7 0 0.025 0.343 0.154 0.928 0.217 231.129 96 241.126 948.147 0 0
43646 1 5 7 0 0.018 0.228 0.274 0.761 0.974 0 7 0.107 7 1 1
43646 2 5 7 0 0.018 0.228 0.274 0.761 0.974 0.647 7 1.487 21.64 1 0.053
43646 3 5 7 0 0.018 0.228 0.274 0.761 0.974 0 7 0.04 7 1 1
43646 4 5 7 0 0.018 0.228 0.274 0.761 0.974 0 7 0.109 7 1 1
43646 5 5 7 0 0.018 0.228 0.274 0.761 0.974 0.796 12 1.62 25.713 1 0
43646 6 5 7 0 0.018 0.228 0.274 0.761 0.974 0 11 0.239 11.747 1 0
43646 7 5 7 0 0.018 0.228 0.274 0.761 0.974 1.044 12 1.879 27.993 1 0
43646 8 5 7 0 0.018 0.228 0.274 0.761 0.974 0.149 11 1.384 22.353 1 0
43646 9 5 7 0 0.018 0.228 0.274 0.761 0.974 0.994 13 2.524 33.313 1 0
43646 10 5 7 0 0.018 0.228 0.274 0.761 0.974 0.249 12 1.552 25.433 1 0
43646 1 5 7 0 0.072 0.452 0.233 0.848 0.413 0 8 0.146 8 1 1
43646 2 5 7 0 0.072 0.452 0.233 0.848 0.413 19.132 11 31.092 110.187 0 0
43646 3 5 7 0 0.072 0.452 0.233 0.848 0.413 25.405 13 30.692 100.067 0 0
43646 4 5 7 0 0.072 0.452 0.233 0.848 0.413 0.497 11 1.421 23.08 1 0
43646 5 5 7 0 0.072 0.452 0.233 0.848 0.413 20.874 6 24.419 47.66 0 0.187
43646 6 5 7 0 0.072 0.452 0.233 0.848 0.413 0 12 0.142 12 1 0
43646 7 5 7 0 0.072 0.452 0.233 0.848 0.413 50.205 5 56.944 129.853 0 0.087
43646 8 5 7 0 0.072 0.452 0.233 0.848 0.413 0 10 0.472 16.9 1 0
43646 9 5 7 0 0.072 0.452 0.233 0.848 0.413 20.474 11 27.067 103.493 0 0
43646 10 5 7 0 0.072 0.452 0.233 0.848 0.413 27.555 11 30.966 91.707 0 0
43646 1 5 7 0 0.08 0.12 0.002 0.828 0.99 0 10 0.134 10 1 0
43646 2 5 7 0 0.08 0.12 0.002 0.828 0.99 0 10 0.004 10 1 0
43646 3 5 7 0 0.08 0.12 0.002 0.828 0.99 0 6 0.143 6 1 1
43646 4 5 7 0 0.08 0.12 0.002 0.828 0.99 0 9 0.063 9 1 1
43646 5 5 7 0 0.08 0.12 0.002 0.828 0.99 0.149 12 1.223 21.54 1 0
43646 6 5 7 0 0.08 0.12 0.002 0.828 0.99 0.746 10 1.619 23.713 1 0
43646 7 5 7 0 0.08 0.12 0.002 0.828 0.99 0.05 12 0.603 19.06 1 0
43646 8 5 7 0 0.08 0.12 0.002 0.828 0.99 0 10 0.026 10 1 0
43646 9 5 7 0 0.08 0.12 0.002 0.828 0.99 0.149 7 1.309 16.093 1 0.127
43646 10 5 7 0 0.08 0.12 0.002 0.828 0.99 0.498 6 1.517 26.287 1 0.067
43646 1 5 7 0 0.114 0.036 0.427 0.793 0.337 0.895 9 2.353 27.493 0.993 0.007
43646 2 5 7 0 0.114 0.036 0.427 0.793 0.337 0 15 0.598 18.813 1 0
43646 3 5 7 0 0.114 0.036 0.427 0.793 0.337 0.447 11 1.189 21.533 1 0
43646 4 5 7 0 0.114 0.036 0.427 0.793 0.337 0.299 14 1.142 26.213 1 0
43646 5 5 7 0 0.114 0.036 0.427 0.793 0.337 0 6 0.181 6 1 1
43646 6 5 7 0 0.114 0.036 0.427 0.793 0.337 0.844 15 1.644 26.887 1 0
43646 7 5 7 0 0.114 0.036 0.427 0.793 0.337 0 5 0 5 1 1
43646 8 5 7 0 0.114 0.036 0.427 0.793 0.337 0 10 0.096 10 1 0
43646 9 5 7 0 0.114 0.036 0.427 0.793 0.337 0 8 0.065 8 1 1
43646 10 5 7 0 0.114 0.036 0.427 0.793 0.337 0.696 11 1.384 28.227 1 0
43646 1 5 7 0 0.009 0.283 0.007 0.869 0.151 248.814 4108 249.827 4728.66 0 0
43646 2 5 7 0 0.009 0.283 0.007 0.869 0.151 248.683 4404 249.891 5044.067 0 0
43646 3 5 7 0 0.009 0.283 0.007 0.869 0.151 248.413 3412 249.788 4096.067 0 0
43646 4 5 7 0 0.009 0.283 0.007 0.869 0.151 248.474 3739 249.715 4156.42 0 0
43646 5 5 7 0 0.009 0.283 0.007 0.869 0.151 249.067 3723 249.788 4394.327 0 0
43646 6 5 7 0 0.009 0.283 0.007 0.869 0.151 248.466 3325 249.692 3869.04 0 0
43646 7 5 7 0 0.009 0.283 0.007 0.869 0.151 248.78 4327 249.854 4929.607 0 0
43646 8 5 7 0 0.009 0.283 0.007 0.869 0.151 248.672 3987 249.809 4592.933 0 0
43646 9 5 7 0 0.009 0.283 0.007 0.869 0.151 248.978 3980 249.817 4505.373 0 0
43646 10 5 7 0 0.009 0.283 0.007 0.869 0.151 248.077 3702 249.761 4274.42 0 0
43646 1 5 7 0 0.115 0.135 0.114 0.918 0.202 213.105 706 225.996 1361.793 0 0
43646 2 5 7 0 0.115 0.135 0.114 0.918 0.202 235.025 557 243.577 1371.807 0 0
43646 3 5 7 0 0.115 0.135 0.114 0.918 0.202 234.243 504 242.078 1299.827 0 0
43646 4 5 7 0 0.115 0.135 0.114 0.918 0.202 231.459 483 243.365 1287.913 0 0
43646 5 5 7 0 0.115 0.135 0.114 0.918 0.202 234.086 491 244.541 1461.413 0 0
43646 6 5 7 0 0.115 0.135 0.114 0.918 0.202 241.544 269 246.06 1438.02 0 0
43646 7 5 7 0 0.115 0.135 0.114 0.918 0.202 225.602 297 235.058 1347.633 0 0
43646 8 5 7 0 0.115 0.135 0.114 0.918 0.202 237.399 387 243.454 1285.813 0 0
43646 9 5 7 0 0.115 0.135 0.114 0.918 0.202 235.287 426 243.282 1328.613 0 0
43646 10 5 7 0 0.115 0.135 0.114 0.918 0.202 204.99 330 213.391 1291.513 0 0
43646 1 5 7 0 0.033 0.314 0.157 0.992 0.736 0 6 0.018 6 1 1
43646 2 5 7 0 0.033 0.314 0.157 0.992 0.736 1.393 8 2.497 27.947 1 0.007
43646 3 5 7 0 0.033 0.314 0.157 0.992 0.736 0.348 10 1.734 22.84 1 0
43646 4 5 7 0 0.033 0.314 0.157 0.992 0.736 0.596 11 1.431 23.94 1 0
43646 5 5 7 0 0.033 0.314 0.157 0.992 0.736 0.746 8 1.62 23.893 1 0.02
43646 6 5 7 0 0.033 0.314 0.157 0.992 0.736 0.746 9 2.057 28.273 1 0.027
43646 7 5 7 0 0.033 0.314 0.157 0.992 0.736 0.448 12 1.943 28.673 1 0
43646 8 5 7 0 0.033 0.314 0.157 0.992 0.736 0 11 0.046 11 1 0
43646 9 5 7 0 0.033 0.314 0.157 0.992 0.736 0 13 0.066 13 1 0
43646 10 5 7 0 0.033 0.314 0.157 0.992 0.736 2.279 5 4.508 17.98 0.693 0.247
43646 1 5 7 0 0.107 0.252 0.309 0.958 0.183 116.975 40 128.11 434.047 0 0
43646 2 5 7 0 0.107 0.252 0.309 0.958 0.183 87.641 7 97.685 247.747 0 0.127
43646 3 5 7 0 0.107 0.252 0.309 0.958 0.183 88.221 10 100.515 269.107 0 0
43646 4 5 7 0 0.107 0.252 0.309 0.958 0.183 128.926 7 133.977 406.34 0 0.013
43646 5 5 7 0 0.107 0.252 0.309 0.958 0.183 57.278 11 64.122 187.773 0 0
43646 6 5 7 0 0.107 0.252 0.309 0.958 0.183 0 10 0.165 10 1 0
43646 7 5 7 0 0.107 0.252 0.309 0.958 0.183 74.894 4 84.124 186.547 0 0.247
43646 8 5 7 0 0.107 0.252 0.309 0.958 0.183 99.838 15 108.791 375.38 0 0
43646 9 5 7 0 0.107 0.252 0.309 0.958 0.183 57.807 11 64.565 172.573 0 0
43646 10 5 7 0 0.107 0.252 0.309 0.958 0.183 99.709 22 106.509 325.507 0 0
43646 1 5 7 0 0.032 0.491 0.125 0.88 0.505 6.112 9 14.105 81.727 0 0.02
43646 2 5 7 0 0.032 0.491 0.125 0.88 0.505 1.59 5 4.875 40.153 0.58 0.053
43646 3 5 7 0 0.032 0.491 0.125 0.88 0.505 0 11 0.006 11 1 0
43646 4 5 7 0 0.032 0.491 0.125 0.88 0.505 1.044 16 5.032 43.873 0.687 0
43646 5 5 7 0 0.032 0.491 0.125 0.88 0.505 17.995 14 21.737 63.18 0 0
43646 6 5 7 0 0.032 0.491 0.125 0.88 0.505 14.017 5 19.191 57.893 0 0.02
43646 7 5 7 0 0.032 0.491 0.125 0.88 0.505 12.425 10 16.607 62.153 0 0
43646 8 5 7 0 0.032 0.491 0.125 0.88 0.505 0 10 0.141 10 1 0
43646 9 5 7 0 0.032 0.491 0.125 0.88 0.505 0 7 0 7 1 1
43646 10 5 7 0 0.032 0.491 0.125 0.88 0.505 21.297 12 24.72 58.527 0 0
43646 1 5 7 0 0.119 0.097 0.345 0.797 0.658 0 8 0.063 8 1 1
43646 2 5 7 0 0.119 0.097 0.345 0.797 0.658 0 8 0.097 8 1 1
43646 3 5 7 0 0.119 0.097 0.345 0.797 0.658 0 8 0.147 8 1 1
43646 4 5 7 0 0.119 0.097 0.345 0.797 0.658 1.144 11 2.49 29.173 1 0
43646 5 5 7 0 0.119 0.097 0.345 0.797 0.658 0 10 0.039 10.493 1 0
43646 6 5 7 0 0.119 0.097 0.345 0.797 0.658 0.299 16 1.956 30.933 1 0
43646 7 5 7 0 0.119 0.097 0.345 0.797 0.658 0 10 0.16 10 1 0
43646 8 5 7 0 0.119 0.097 0.345 0.797 0.658 0.994 12 1.963 29.567 1 0
43646 9 5 7 0 0.119 0.097 0.345 0.797 0.658 0.348 10 1.355 22.88 1 0
43646 1 5 3 1 0.013 0.348 0.163 0.988 0.945 0.697 12 1.773 29.847 1 0
43646 2 5 3 1 0.013 0.348 0.163 0.988 0.945 1.938 15 2.814 33.44 1 0
43646 3 5 3 1 0.013 0.348 0.163 0.988 0.945 0 12 0.134 12 1 0
43646 4 5 3 1 0.013 0.348 0.163 0.988 0.945 1.542 12 3.648 38.633 0.82 0
43646 5 5 3 1 0.013 0.348 0.163 0.988 0.945 1.243 17 2.199 30.747 1 0
43646 6 5 3 1 0.013 0.348 0.163 0.988 0.945 0.746 10 2.601 30.907 1 0
43646 7 5 3 1 0.013 0.348 0.163 0.988 0.945 0.398 11 1.242 24.213 1 0
43646 8 5 3 1 0.013 0.348 0.163 0.988 0.945 0.796 11 2.299 30.573 1 0
43646 9 5 3 1 0.013 0.348 0.163 0.988 0.945 0 11 1.417 24.413 1 0
43646 10 5 3 1 0.013 0.348 0.163 0.988 0.945 1.836 15 2.964 35.62 1 0
43646 1 5 3 1 0.034 0.072 0.196 0.754 0.852 0.746 18 1.783 33.207 1 0
43646 2 5 3 1 0.034 0.072 0.196 0.754 0.852 0 12 0.139 12 1 0
43646 3 5 3 1 0.034 0.072 0.196 0.754 0.852 0.597 13 2.416 31.307 1 0
43646 4 5 3 1 0.034 0.072 0.196 0.754 0.852 1.045 10 2.212 29.4 1 0
43646 5 5 3 1 0.034 0.072 0.196 0.754 0.852 0 13 0.096 13 1 0
43646 6 5 3 1 0.034 0.072 0.196 0.754 0.852 0.895 17 1.758 33.447 1 0
43646 7 5 3 1 0.034 0.072 0.196 0.754 0.852 1.293 10 2.094 30.507 1 0
43646 8 5 3 1 0.034 0.072 0.196 0.754 0.852 0 13 0.121 13 1 0
43646 9 5 3 1 0.034 0.072 0.196 0.754 0.852 1.194 17 2.086 32.507 1 0
43646 10 5 3 1 0.034 0.072 0.196 0.754 0.852 0.149 10 1.876 26.207 1 0
43646 1 5 3 1 0.044 0.031 0.41 0.874 0.452 0.945 12 2.259 30.68 1 0
43646 2 5 3 1 0.044 0.031 0.41 0.874 0.452 1.29 12 2.009 29.34 1 0
43646 3 5 3 1 0.044 0.031 0.41 0.874 0.452 0.845 18 2.328 36.52 1 0
43646 4 5 3 1 0.044 0.031 0.41 0.874 0.452 1.094 8 1.916 27.773 1 0.027
43646 5 5 3 1 0.044 0.031 0.41 0.874 0.452 1.541 14 3.042 38.867 1 0
43646 6 5 3 1 0.044 0.031 0.41 0.874 0.452 0 8 0.128 8 1 1
43646 7 5 3 1 0.044 0.031 0.41 0.874 0.452 1.045 8 2.458 26.613 1 0.04
43646 8 5 3 1 0.044 0.031 0.41 0.874 0.452 1.392 8 2.856 29.933 1 0.04
43646 9 5 3 1 0.044 0.031 0.41 0.874 0.452 0.746 20 1.966 33.04 1 0
43646 10 5 3 1 0.044 0.031 0.41 0.874 0.452 0.547 20 1.793 33.12 1 0
43646 1 5 3 1 0.039 0.322 0.266 0.993 0.053 240.816 924 247.108 1282.593 0 0
43646 2 5 3 1 0.039 0.322 0.266 0.993 0.053 241.802 1085 246.648 1446.48 0 0
43646 3 5 3 1 0.039 0.322 0.266 0.993 0.053 241.718 1138 247.498 1337.98 0 0
43646 4 5 3 1 0.039 0.322 0.266 0.993 0.053 243.357 1075 247.191 1338.187 0 0
43646 5 5 3 1 0.039 0.322 0.266 0.993 0.053 242.861 1041 247.617 1317.313 0 0
43646 6 5 3 1 0.039 0.322 0.266 0.993 0.053 243.25 1116 247.409 1301.967 0 0
43646 7 5 3 1 0.039 0.322 0.266 0.993 0.053 243.371 1038 246.957 1235.12 0 0
43646 8 5 3 1 0.039 0.322 0.266 0.993 0.053 243.642 1060 247.266 1306.02 0 0
43646 9 5 3 1 0.039 0.322 0.266 0.993 0.053 241.93 1031 247.023 1231.027 0 0
43646 10 5 3 1 0.039 0.322 0.266 0.993 0.053 243.397 1142 247.499 1310.147 0 0
43646 1 5 3 1 0.08 0.429 0.173 0.846 0.2 243.474 1066 247.352 1346.287 0 0
43646 2 5 3 1 0.08 0.429 0.173 0.846 0.2 243.506 995 247.097 1284.893 0 0
43646 3 5 3 1 0.08 0.429 0.173 0.846 0.2 242.716 1113 246.85 1293.253 0 0
43646 4 5 3 1 0.08 0.429 0.173 0.846 0.2 241.689 1086 246.906 1348.173 0 0
43646 5 5 3 1 0.08 0.429 0.173 0.846 0.2 243.168 1000 247.507 1283.633 0 0
43646 6 5 3 1 0.08 0.429 0.173 0.846 0.2 244.443 1142 247.81 1419.287 0 0
43646 7 5 3 1 0.08 0.429 0.173 0.846 0.2 243.904 1090 247.144 1273.267 0 0
43646 8 5 3 1 0.08 0.429 0.173 0.846 0.2 243.912 1068 247.146 1309.44 0 0
43646 9 5 3 1 0.08 0.429 0.173 0.846 0.2 240.736 1078 247.11 1330.553 0 0
43646 10 5 3 1 0.08 0.429 0.173 0.846 0.2 241.265 1028 246.946 1229.92 0 0
43646 1 5 3 1 0.113 0.39 0.347 0.916 0.476 9.563 18 11.56 50.093 0 0
43646 2 5 3 1 0.113 0.39 0.347 0.916 0.476 1.48 21 2.972 38.94 0.96 0
43646 3 5 3 1 0.113 0.39 0.347 0.916 0.476 0.485 14 4.027 35.267 0.713 0
43646 4 5 3 1 0.113 0.39 0.347 0.916 0.476 1.938 23 4.153 45.173 0.713 0
43646 5 5 3 1 0.113 0.39 0.347 0.916 0.476 1.937 18 3.568 38.273 0.913 0
43646 6 5 3 1 0.113 0.39 0.347 0.916 0.476 3.543 14 6.153 36.1 0.287 0
43646 7 5 3 1 0.113 0.39 0.347 0.916 0.476 1.605 11 4.185 38.6 0.673 0
43646 8 5 3 1 0.113 0.39 0.347 0.916 0.476 1.093 15 2.966 35.033 0.993 0
43646 9 5 3 1 0.113 0.39 0.347 0.916 0.476 1.243 16 2.575 36.233 1 0
43646 10 5 3 1 0.113 0.39 0.347 0.916 0.476 0.845 20 2.571 35 1 0
43646 1 5 3 1 0.014 0.168 0.385 0.947 0.972 1.888 17 3.143 36.567 0.973 0
43646 2 5 3 1 0.014 0.168 0.385 0.947 0.972 0.547 12 2.064 27.467 1 0
43646 3 5 3 1 0.014 0.168 0.385 0.947 0.972 0.348 9 2.479 32.5 0.94 0.013
43646 4 5 3 1 0.014 0.168 0.385 0.947 0.972 1.044 3 2.314 26.373 1 0.033
43646 5 5 3 1 0.014 0.168 0.385 0.947 0.972 0.597 12 1.519 27.753 1 0
43646 6 5 3 1 0.014 0.168 0.385 0.947 0.972 1.393 9 2.254 30.927 1 0.007
43646 7 5 3 1 0.014 0.168 0.385 0.947 0.972 0.199 16 1.221 27.76 1 0
43646 8 5 3 1 0.014 0.168 0.385 0.947 0.972 0.398 17 2.325 34.1 0.993 0
43646 9 5 3 1 0.014 0.168 0.385 0.947 0.972 0.547 18 1.77 33.293 1 0
43646 10 5 3 1 0.014 0.168 0.385 0.947 0.972 0.697 18 1.385 33.74 1 0
43646 1 5 3 1 0.036 0.049 0.443 0.777 0.762 0.697 9 2.563 29.32 1 0.007
43646 2 5 3 1 0.036 0.049 0.443 0.777 0.762 0.597 18 1.889 35.053 1 0
43646 3 5 3 1 0.036 0.049 0.443 0.777 0.762 0.845 18 3.177 40.427 0.893 0
43646 4 5 3 1 0.036 0.049 0.443 0.777 0.762 1.441 11 2.495 31.187 1 0
43646 5 5 3 1 0.036 0.049 0.443 0.777 0.762 1.144 12 2.45 33.387 1 0
43646 6 5 3 1 0.036 0.049 0.443 0.777 0.762 0.547 11 1.392 28.007 1 0
43646 7 5 3 1 0.036 0.049 0.443 0.777 0.762 0.845 16 2.42 38.82 1 0
43646 8 5 3 1 0.036 0.049 0.443 0.777 0.762 1.192 11 2.103 30.153 1 0
43646 9 5 3 1 0.036 0.049 0.443 0.777 0.762 1.243 11 2.629 29.86 1 0
43646 10 5 3 1 0.036 0.049 0.443 0.777 0.762 0.647 16 1.972 32.447 1 0
43646 1 5 3 1 0.016 0.31 0.319 0.872 0.428 8.731 12 10.662 36.607 0 0
43646 2 5 3 1 0.016 0.31 0.319 0.872 0.428 1.143 14 3.329 35 0.893 0
43646 3 5 3 1 0.016 0.31 0.319 0.872 0.428 4.657 20 9.299 52.553 0.013 0
43646 4 5 3 1 0.016 0.31 0.319 0.872 0.428 1.095 10 2.363 30.32 1 0
43646 5 5 3 1 0.016 0.31 0.319 0.872 0.428 1.393 14 2.733 35.393 1 0
43646 6 5 3 1 0.016 0.31 0.319 0.872 0.428 11.263 13 12.459 36.753 0 0
43646 7 5 3 1 0.016 0.31 0.319 0.872 0.428 1.491 13 3.786 37.033 0.747 0
43646 8 5 3 1 0.016 0.31 0.319 0.872 0.428 13.073 17 14.859 52.647 0 0
43646 9 5 3 1 0.016 0.31 0.319 0.872 0.428 3.573 17 6.928 47.553 0.187 0
43646 10 5 3 1 0.016 0.31 0.319 0.872 0.428 9.08 27 12.72 59.867 0 0
43646 1 5 3 1 0.077 0.392 0.371 0.75 0.463 1.094 19 3.62 37.24 0.68 0
43646 2 5 3 1 0.077 0.392 0.371 0.75 0.463 1.095 13 3.337 35.707 0.74 0
43646 3 5 3 1 0.077 0.392 0.371 0.75 0.463 2.961 20 5.999 42.72 0.347 0
43646 4 5 3 1 0.077 0.392 0.371 0.75 0.463 1.094 16 2.128 32.28 1 0
43646 5 5 3 1 0.077 0.392 0.371 0.75 0.463 1.144 19 2.963 37.34 0.98 0
43646 6 5 3 1 0.077 0.392 0.371 0.75 0.463 1.243 14 3.429 36.547 0.873 0
43646 7 5 3 1 0.077 0.392 0.371 0.75 0.463 1.343 14 3.237 31.68 0.887 0
43646 8 5 3 1 0.077 0.392 0.371 0.75 0.463 1.672 14 2.799 36.307 1 0
43646 9 5 3 1 0.077 0.392 0.371 0.75 0.463 0.647 10 2.282 32.347 1 0
43646 10 5 3 1 0.077 0.392 0.371 0.75 0.463 2.131 24 3.383 41.067 0.947 0
43646 1 5 3 1 0.071 0.161 0.18 0.97 0.682 1.441 13 3.1 36.473 0.947 0
43646 1 5 3 1 0.077 0.431 0.143 0.88 0.104 246.113 1608 248.553 1917.673 0 0
43646 2 5 3 1 0.077 0.431 0.143 0.88 0.104 245.356 1389 248.508 1854.887 0 0
43646 3 5 3 1 0.077 0.431 0.143 0.88 0.104 246.603 1574 248.889 1986.547 0 0
43646 4 5 3 1 0.077 0.431 0.143 0.88 0.104 246.068 1589 248.758 1962.693 0 0
43646 5 5 3 1 0.077 0.431 0.143 0.88 0.104 245.291 1642 248.507 1861.153 0 0
43646 6 5 3 1 0.077 0.431 0.143 0.88 0.104 246.048 1720 248.894 2004.613 0 0
43646 7 5 3 1 0.077 0.431 0.143 0.88 0.104 243.992 1604 248.307 1843.867 0 0
43646 8 5 3 1 0.077 0.431 0.143 0.88 0.104 245.272 1499 248.457 1802.92 0 0
43646 9 5 3 1 0.077 0.431 0.143 0.88 0.104 245.584 1600 248.54 1937.34 0 0
43646 10 5 3 1 0.077 0.431 0.143 0.88 0.104 245.804 1500 248.811 1946.647 0 0
43646 1 5 3 1 0.11 0.047 0.119 0.763 0.378 0.796 16 3.046 37.313 1 0
43646 2 5 3 1 0.11 0.047 0.119 0.763 0.378 1.192 17 2.498 31.673 1 0
43646 3 5 3 1 0.11 0.047 0.119 0.763 0.378 0.498 13 1.507 27.36 1 0
43646 4 5 3 1 0.11 0.047 0.119 0.763 0.378 1.741 9 3.25 31.133 0.987 0.007
43646 5 5 3 1 0.11 0.047 0.119 0.763 0.378 0 4 0.029 4 1 1
43646 6 5 3 1 0.11 0.047 0.119 0.763 0.378 1.343 18 2.581 36.62 1 0
43646 7 5 3 1 0.11 0.047 0.119 0.763 0.378 1.094 12 2.246 28.693 1 0
43646 8 5 3 1 0.11 0.047 0.119 0.763 0.378 0.696 15 2.181 33.947 1 0
43646 9 5 3 1 0.11 0.047 0.119 0.763 0.378 0.887 17 2.011 34.3 1 0
43646 10 5 3 1 0.11 0.047 0.119 0.763 0.378 0.895 14 1.975 29.893 1 0
43646 1 5 3 1 0.077 0.074 0.224 0.916 0.758 0.697 13 1.921 31.573 1 0
43646 2 5 3 1 0.077 0.074 0.224 0.916 0.758 0.846 19 2.69 34.733 0.967 0
43646 3 5 3 1 0.077 0.074 0.224 0.916 0.758 0.994 13 2.513 35.9 1 0
43646 4 5 3 1 0.077 0.074 0.224 0.916 0.758 0.547 13 1.991 32.327 1 0
43646 5 5 3 1 0.077 0.074 0.224 0.916 0.758 0.597 16 2.284 35.527 1 0
43646 6 5 3 1 0.077 0.074 0.224 0.916 0.758 1.704 16 3.715 38.593 0.873 0
43646 7 5 3 1 0.077 0.074 0.224 0.916 0.758 0 15 0.515 18.78 1 0
43646 8 5 3 1 0.077 0.074 0.224 0.916 0.758 0 11 0.086 11 1 0
43646 9 5 3 1 0.077 0.074 0.224 0.916 0.758 0.398 14 2.251 33.467 1 0
43646 10 5 3 1 0.077 0.074 0.224 0.916 0.758 0.646 17 1.674 32.087 1 0
43646 1 5 3 1 0.056 0.191 0.186 0.791 0.942 0 12 0.963 20.533 1 0
43646 2 5 3 1 0.056 0.191 0.186 0.791 0.942 1.045 16 2.637 32.74 1 0
43646 3 5 3 1 0.056 0.191 0.186 0.791 0.942 0 8 0.016 8 1 1
43646 4 5 3 1 0.056 0.191 0.186 0.791 0.942 0.995 15 2.252 31.1 1 0
43646 5 5 3 1 0.056 0.191 0.186 0.791 0.942 0.547 15 1.163 27.38 1 0
43646 6 5 3 1 0.056 0.191 0.186 0.791 0.942 0.05 19 0.925 26.113 1 0
43646 7 5 3 1 0.056 0.191 0.186 0.791 0.942 1.591 7 2.729 28.86 1 0.04
43646 8 5 3 1 0.056 0.191 0.186 0.791 0.942 0.597 9 2.37 29.187 1 0.013
43646 9 5 3 1 0.056 0.191 0.186 0.791 0.942 0.846 14 2.177 31.513 1 0
43646 10 5 3 1 0.056 0.191 0.186 0.791 0.942 0.391 14 2.021 32.44 1 0
43646 1 5 3 1 0.018 0.04 0.346 0.9 0.697 2.088 7 3.236 32.96 0.967 0.02
43646 2 5 3 1 0.018 0.04 0.346 0.9 0.697 0.844 14 2.566 29.8 1 0
43646 3 5 3 1 0.018 0.04 0.346 0.9 0.697 1.194 19 2.39 37.993 1 0
43646 4 5 3 1 0.018 0.04 0.346 0.9 0.697 0.348 13 1.466 28.753 1 0
43646 5 5 3 1 0.018 0.04 0.346 0.9 0.697 0.348 16 1.302 29.507 1 0
43646 6 5 3 1 0.018 0.04 0.346 0.9 0.697 0.942 14 2.629 34.58 1 0
43646 7 5 3 1 0.018 0.04 0.346 0.9 0.697 0.944 14 2.454 33.547 1 0
43646 8 5 3 1 0.018 0.04 0.346 0.9 0.697 0.697 11 2.585 30.653 0.993 0
43646 9 5 3 1 0.018 0.04 0.346 0.9 0.697 0.993 12 2.213 29.767 1 0
43646 10 5 3 1 0.018 0.04 0.346 0.9 0.697 0.597 9 1.718 25.973 1 0.013
43646 1 5 3 1 0.017 0.468 0.157 0.774 0.869 0.895 16 1.986 32.887 1 0
43646 2 5 3 1 0.017 0.468 0.157 0.774 0.869 1.144 17 2.294 34.347 1 0
43646 3 5 3 1 0.017 0.468 0.157 0.774 0.869 1.194 15 2.372 32.527 1 0
43646 4 5 3 1 0.017 0.468 0.157 0.774 0.869 1.442 11 3.068 34.18 0.98 0
43646 5 5 3 1 0.017 0.468 0.157 0.774 0.869 1.592 18 2.622 40.587 1 0
43646 6 5 3 1 0.017 0.468 0.157 0.774 0.869 0.398 14 1.941 32.793 1 0
43646 7 5 3 1 0.017 0.468 0.157 0.774 0.869 0.995 15 2.032 36.193 1 0
43646 8 5 3 1 0.017 0.468 0.157 0.774 0.869 0.646 14 2.538 30.54 1 0
43646 9 5 3 1 0.017 0.468 0.157 0.774 0.869 1.442 14 3.01 34.467 0.94 0
43646 10 5 3 1 0.017 0.468 0.157 0.774 0.869 0.945 13 2.667 34.047 1 0
43646 1 5 3 1 0.096 0.13 0.225 0.915 0.11 234.334 543 240.465 782.88 0 0
43646 2 5 3 1 0.096 0.13 0.225 0.915 0.11 234.209 563 242.217 838.907 0 0
43646 3 5 3 1 0.096 0.13 0.225 0.915 0.11 232.804 541 239.372 743.933 0 0
43646 4 5 3 1 0.096 0.13 0.225 0.915 0.11 233.378 573 240.576 793.44 0 0
43646 5 5 3 1 0.096 0.13 0.225 0.915 0.11 230.576 525 235.656 734.72 0 0
43646 6 5 3 1 0.096 0.13 0.225 0.915 0.11 230.592 542 238.85 783.18 0 0
43646 7 5 3 1 0.096 0.13 0.225 0.915 0.11 234.196 593 239.197 791.987 0 0
43646 8 5 3 1 0.096 0.13 0.225 0.915 0.11 235.001 537 239.814 768.24 0 0
43646 9 5 3 1 0.096 0.13 0.225 0.915 0.11 238.339 544 242.712 794.453 0 0
43646 10 5 3 1 0.096 0.13 0.225 0.915 0.11 234.782 671 241.739 809.427 0 0
43646 1 5 3 1 0.071 0.356 0.332 0.923 0.472 1.278 21 3.294 41.46 0.927 0
43646 2 5 3 1 0.071 0.356 0.332 0.923 0.472 1.685 13 3.365 35.927 0.913 0
43646 3 5 3 1 0.071 0.356 0.332 0.923 0.472 1.351 10 3.762 36.567 0.84 0
43646 4 5 3 1 0.071 0.356 0.332 0.923 0.472 11.963 18 16.067 45.62 0 0
43646 5 5 3 1 0.071 0.356 0.332 0.923 0.472 1.044 18 2.774 36.42 1 0
43646 6 5 3 1 0.071 0.356 0.332 0.923 0.472 1.044 17 2.798 37.22 0.987 0
43646 7 5 3 1 0.071 0.356 0.332 0.923 0.472 1.536 16 4.504 39.08 0.713 0
43646 8 5 3 1 0.071 0.356 0.332 0.923 0.472 0.945 17 2.753 35.187 1 0
43646 9 5 3 1 0.071 0.356 0.332 0.923 0.472 1.89 17 3.177 36.253 0.967 0
43646 10 5 3 1 0.071 0.356 0.332 0.923 0.472 3.173 26 5.505 41.16 0.387 0
43646 1 5 3 1 0.09 0.01 0.14 0.938 0.219 0.796 12 1.733 26.887 1 0
43646 2 5 3 1 0.09 0.01 0.14 0.938 0.219 0.646 15 1.95 32.78 1 0
43646 3 5 3 1 0.09 0.01 0.14 0.938 0.219 0.646 17 2.014 32.787 1 0
43646 4 5 3 1 0.09 0.01 0.14 0.938 0.219 0.249 10 2.163 29.567 1 0
43646 5 5 3 1 0.09 0.01 0.14 0.938 0.219 0.05 14 0.338 15.707 1 0
43646 6 5 3 1 0.09 0.01 0.14 0.938 0.219 0.696 8 2.003 26.413 1 0.02
43646 7 5 3 1 0.09 0.01 0.14 0.938 0.219 0.796 12 2.616 35.34 0.933 0
43646 8 5 3 1 0.09 0.01 0.14 0.938 0.219 0.597 8 2.885 27.067 0.907 0.04
43646 9 5 3 1 0.09 0.01 0.14 0.938 0.219 0.895 10 2.216 28.827 1 0
43646 10 5 3 1 0.09 0.01 0.14 0.938 0.219 0.992 17 2.549 34.5 1 0
43646 1 5 3 1 0.002 0.342 0.392 0.809 0.205 37.224 65 44.24 136.547 0 0
43646 2 5 3 1 0.002 0.342 0.392 0.809 0.205 40.547 74 45.858 146.9 0 0
43646 3 5 3 1 0.002 0.342 0.392 0.809 0.205 34.574 62 40.297 131.887 0 0
43646 4 5 3 1 0.002 0.342 0.392 0.809 0.205 46.774 67 50.674 120.72 0 0
43646 5 5 3 1 0.002 0.342 0.392 0.809 0.205 39.193 59 42.324 134.06 0 0
43646 6 5 3 1 0.002 0.342 0.392 0.809 0.205 37.364 58 40.016 120.92 0 0
43646 7 5 3 1 0.002 0.342 0.392 0.809 0.205 38.139 67 45.804 157.393 0 0
43646 8 5 3 1 0.002 0.342 0.392 0.809 0.205 40.435 91 43.926 160.007 0 0
43646 9 5 3 1 0.002 0.342 0.392 0.809 0.205 24.146 36 28.511 96.467 0 0
43646 10 5 3 1 0.002 0.342 0.392 0.809 0.205 44.416 83 49.415 153.207 0 0
43646 1 5 3 1 0.035 0.005 0.136 0.837 0.351 0 7 0.046 7 1 1
43646 2 5 3 1 0.035 0.005 0.136 0.837 0.351 0.846 17 2.734 35.22 1 0
43646 1 5 10 1 0.051 0.023 0.19 0.94 0.283 231.265 0 244.205 31.813 0 0.7
43646 2 5 10 1 0.051 0.023 0.19 0.94 0.283 233 1 244.687 32.96 0 0.753
43646 3 5 10 1 0.051 0.023 0.19 0.94 0.283 233.32 1 243.634 34.18 0 0.687
43646 4 5 10 1 0.051 0.023 0.19 0.94 0.283 228.232 2 243.37 29.7 0 0.673
43646 5 5 10 1 0.051 0.023 0.19 0.94 0.283 235.232 0 244.112 25.54 0 0.727
43646 6 5 10 1 0.051 0.023 0.19 0.94 0.283 235.667 0 244.617 29.307 0 0.7
43646 7 5 10 1 0.051 0.023 0.19 0.94 0.283 231.851 1 244.559 29.413 0 0.76
43646 8 5 10 1 0.051 0.023 0.19 0.94 0.283 234.203 2 243.695 32.333 0 0.693
43646 9 5 10 1 0.051 0.023 0.19 0.94 0.283 231.181 4 245.276 35.787 0 0.693
43646 10 5 10 1 0.051 0.023 0.19 0.94 0.283 237.082 3 244.797 27.913 0 0.687
43646 1 5 10 1 0.024 0.242 0.346 0.803 0.631 231.189 1 242.48 32.3 0 0.687
43646 2 5 10 1 0.024 0.242 0.346 0.803 0.631 227.291 5 243.519 36.893 0 0.747
43646 3 5 10 1 0.024 0.242 0.346 0.803 0.631 221.992 0 238.875 28.513 0 0.727
43646 4 5 10 1 0.024 0.242 0.346 0.803 0.631 225.374 1 239.147 30.24 0 0.673
43646 5 5 10 1 0.024 0.242 0.346 0.803 0.631 227.939 0 241.807 29.367 0 0.707
43646 6 5 10 1 0.024 0.242 0.346 0.803 0.631 227.516 1 242.915 32.733 0 0.753
43646 7 5 10 1 0.024 0.242 0.346 0.803 0.631 232.354 3 242.064 28.52 0 0.66
43646 8 5 10 1 0.024 0.242 0.346 0.803 0.631 225.852 0 242.603 31.54 0 0.72
43646 9 5 10 1 0.024 0.242 0.346 0.803 0.631 238.057 1 245.704 33.62 0 0.713
43646 10 5 10 1 0.024 0.242 0.346 0.803 0.631 234.76 1 243.554 27.193 0 0.733
43646 1 5 10 1 0.037 0.449 0.4 0.977 0.172 93.048 158 97.141 290.047 0 0
43646 2 5 10 1 0.037 0.449 0.4 0.977 0.172 136.986 238 145.948 393.227 0 0
43646 3 5 10 1 0.037 0.449 0.4 0.977 0.172 77.308 140 81.61 261.34 0 0
43646 4 5 10 1 0.037 0.449 0.4 0.977 0.172 91.753 115 99.56 286.773 0 0
43646 5 5 10 1 0.037 0.449 0.4 0.977 0.172 89.696 137 94.493 290.147 0 0
43646 6 5 10 1 0.037 0.449 0.4 0.977 0.172 131.466 186 136.166 402 0 0
43646 7 5 10 1 0.037 0.449 0.4 0.977 0.172 77.954 107 82.812 240.66 0 0
43646 8 5 10 1 0.037 0.449 0.4 0.977 0.172 88.269 135 94.795 259.9 0 0
43646 9 5 10 1 0.037 0.449 0.4 0.977 0.172 118.82 191 124.336 370.473 0 0
43646 10 5 10 1 0.037 0.449 0.4 0.977 0.172 99.657 192 106.07 312.707 0 0
43646 1 5 10 1 0.091 0.478 0.139 0.927 0.726 0 11 0.065 11 1 0
43646 2 5 10 1 0.091 0.478 0.139 0.927 0.726 0 14 0.051 14 1 0
43646 3 5 10 1 0.091 0.478 0.139 0.927 0.726 1.144 12 2.309 28.28 1 0
43646 4 5 10 1 0.091 0.478 0.139 0.927 0.726 0.498 9 1.58 25.593 1 0.007
43646 5 5 10 1 0.091 0.478 0.139 0.927 0.726 0.094 11 1.871 25.38 1 0
43646 6 5 10 1 0.091 0.478 0.139 0.927 0.726 0.647 7 1.588 21.12 1 0.087
43646 7 5 10 1 0.091 0.478 0.139 0.927 0.726 0.448 9 1.216 20.973 1 0.06
43646 8 5 10 1 0.091 0.478 0.139 0.927 0.726 2.024 12 3.534 30.3 0.94 0
43646 9 5 10 1 0.091 0.478 0.139 0.927 0.726 0 8 1.598 23.293 1 0.02
43646 10 5 10 1 0.091 0.478 0.139 0.927 0.726 0.597 12 1.752 25.707 1 0
43646 1 5 10 1 0.106 0.025 0.323 0.898 0.162 233.552 0 244.901 33.773 0 0.7
43646 2 5 10 1 0.106 0.025 0.323 0.898 0.162 233.951 3 244.913 34.76 0 0.747
43646 3 5 10 1 0.106 0.025 0.323 0.898 0.162 232.941 2 244.089 36.213 0 0.74
43646 4 5 10 1 0.106 0.025 0.323 0.898 0.162 230.425 2 244.442 31.967 0 0.727
43646 5 5 10 1 0.106 0.025 0.323 0.898 0.162 233.229 1 245.686 31.4 0 0.74
43646 6 5 10 1 0.106 0.025 0.323 0.898 0.162 229.766 1 243.943 28.613 0 0.747
43646 7 5 10 1 0.106 0.025 0.323 0.898 0.162 237.69 2 245.535 34.367 0 0.66
43646 8 5 10 1 0.106 0.025 0.323 0.898 0.162 235.919 3 246.607 33.527 0 0.767
43646 9 5 10 1 0.106 0.025 0.323 0.898 0.162 232.589 1 243.644 31.427 0 0.707
43646 10 5 10 1 0.106 0.025 0.323 0.898 0.162 233.996 2 244.996 35.827 0 0.713
43646 1 5 10 1 0.097 0.397 0.261 0.997 0.604 0 5 0.1 5 1 1
43646 2 5 10 1 0.097 0.397 0.261 0.997 0.604 0 8 0 8 1 1
43646 3 5 10 1 0.097 0.397 0.261 0.997 0.604 175.234 2 189.492 52.32 0 0.4
43646 4 5 10 1 0.097 0.397 0.261 0.997 0.604 0.845 10 2.15 24.58 1 0
43646 5 5 10 1 0.097 0.397 0.261 0.997 0.604 1.091 17 2.114 31.647 1 0
43646 6 5 10 1 0.097 0.397 0.261 0.997 0.604 0.994 13 2.561 28.733 1 0
43646 7 5 10 1 0.097 0.397 0.261 0.997 0.604 10.874 2 31.216 28.853 0 0.18
43646 8 5 10 1 0.097 0.397 0.261 0.997 0.604 0.1 16 0.808 20.78 1 0
43646 9 5 10 1 0.097 0.397 0.261 0.997 0.604 0.597 13 1.374 26.62 1 0
43646 10 5 10 1 0.097 0.397 0.261 0.997 0.604 0.05 10 0.634 17.313 1 0
43646 1 5 10 1 0.112 0.326 0.43 0.812 0.262 31.928 36 45.973 109.933 0 0
43646 2 5 10 1 0.112 0.326 0.43 0.812 0.262 35.235 39 38.909 102.647 0 0
43646 3 5 10 1 0.112 0.326 0.43 0.812 0.262 44.279 51 60.777 135.173 0 0
43646 4 5 10 1 0.112 0.326 0.43 0.812 0.262 21.694 28 26.836 93.2 0 0
43646 5 5 10 1 0.112 0.326 0.43 0.812 0.262 0 8 0.122 8.607 1 1
43646 6 5 10 1 0.112 0.326 0.43 0.812 0.262 24.44 19 32.868 93.527 0 0
43646 7 5 10 1 0.112 0.326 0.43 0.812 0.262 47.747 19 53.295 142.02 0 0
43646 8 5 10 1 0.112 0.326 0.43 0.812 0.262 43.646 0 56.116 79.113 0 0.08
43646 9 5 10 1 0.112 0.326 0.43 0.812 0.262 83.475 41 95.432 137.46 0 0
43646 10 5 10 1 0.112 0.326 0.43 0.812 0.262 20.713 45 30.582 92.76 0 0
43646 1 5 10 1 0.045 0.217 0.086 0.933 0.073 247.242 2579 249.482 3155.247 0 0
43646 2 5 10 1 0.045 0.217 0.086 0.933 0.073 247.634 2337 249.472 3272.1 0 0
43646 3 5 10 1 0.045 0.217 0.086 0.933 0.073 248.107 3053 249.623 3376.987 0 0
43646 4 5 10 1 0.045 0.217 0.086 0.933 0.073 247.351 2760 249.384 3226.913 0 0
43646 5 5 10 1 0.045 0.217 0.086 0.933 0.073 248.059 2507 249.543 3110.46 0 0
43646 6 5 10 1 0.045 0.217 0.086 0.933 0.073 247.397 2490 249.361 2896.367 0 0
43646 7 5 10 1 0.045 0.217 0.086 0.933 0.073 247.32 2664 249.437 3212.593 0 0
43646 8 5 10 1 0.045 0.217 0.086 0.933 0.073 247.802 2500 249.453 2958.913 0 0
43646 9 5 10 1 0.045 0.217 0.086 0.933 0.073 248.053 2684 249.538 3142.38 0 0
43646 10 5 10 1 0.045 0.217 0.086 0.933 0.073 247.769 2395 249.53 3261.8 0 0
43646 1 5 10 1 0.062 0.199 0.192 0.891 0.765 222.964 1 239.235 37.233 0 0.64
43646 2 5 10 1 0.062 0.199 0.192 0.891 0.765 0 6 0.014 6 1 1
43646 3 5 10 1 0.062 0.199 0.192 0.891 0.765 205.446 6 225.004 37.28 0 0.66
43646 4 5 10 1 0.062 0.199 0.192 0.891 0.765 217.123 3 230.253 33.827 0 0.687
43646 5 5 10 1 0.062 0.199 0.192 0.891 0.765 221.999 1 231.607 35.5 0 0.64
43646 6 5 10 1 0.062 0.199 0.192 0.891 0.765 229.893 3 240.706 36.433 0 0.633
43646 7 5 10 1 0.062 0.199 0.192 0.891 0.765 217.074 1 235.39 30.36 0 0.74
43646 8 5 10 1 0.062 0.199 0.192 0.891 0.765 230.138 0 240.052 34.54 0 0.68
43646 9 5 10 1 0.062 0.199 0.192 0.891 0.765 207.704 0 233.627 31.987 0 0.693
43646 10 5 10 1 0.062 0.199 0.192 0.891 0.765 218.777 1 238.225 29.7 0 0.64
43646 1 5 10 1 0.016 0.436 0.069 0.911 0.947 233.541 2 244.656 35.68 0 0.687
43646 2 5 10 1 0.016 0.436 0.069 0.911 0.947 233.403 2 243.606 30.72 0 0.687
43646 3 5 10 1 0.016 0.436 0.069 0.911 0.947 234.811 0 246.263 32.14 0 0.753
43646 4 5 10 1 0.016 0.436 0.069 0.911 0.947 232.108 1 245.435 38.207 0 0.673
43646 5 5 10 1 0.016 0.436 0.069 0.911 0.947 228.914 3 244.77 32.44 0 0.727
43646 1 5 10 1 0.12 0.143 0.479 0.951 0.688 237.536 0 245.691 33.393 0 0.693
43646 2 5 10 1 0.12 0.143 0.479 0.951 0.688 228.239 1 243.96 26.227 0 0.773
43646 3 5 10 1 0.12 0.143 0.479 0.951 0.688 230.744 0 244.969 32.513 0 0.713
43646 4 5 10 1 0.12 0.143 0.479 0.951 0.688 229.514 0 244.999 29.547 0 0.74
43646 5 5 10 1 0.12 0.143 0.479 0.951 0.688 235.294 0 245.046 28.74 0 0.713
43646 6 5 10 1 0.12 0.143 0.479 0.951 0.688 235.848 2 244.27 36.307 0 0.733
43646 7 5 10 1 0.12 0.143 0.479 0.951 0.688 233.82 3 245.07 32.033 0 0.74
43646 8 5 10 1 0.12 0.143 0.479 0.951 0.688 237.377 0 246.081 27.327 0 0.753
43646 9 5 10 1 0.12 0.143 0.479 0.951 0.688 235.531 2 245.786 31.74 0 0.673
43646 10 5 10 1 0.12 0.143 0.479 0.951 0.688 228.265 1 242.476 33.227 0 0.7
43646 1 5 10 1 0.059 0.325 0.487 0.781 0.626 231.733 0 244.812 32.647 0 0.68
43646 2 5 10 1 0.059 0.325 0.487 0.781 0.626 233.73 1 246.022 32.433 0 0.76
43646 3 5 10 1 0.059 0.325 0.487 0.781 0.626 235.257 3 245.018 33.267 0 0.673
43646 4 5 10 1 0.059 0.325 0.487 0.781 0.626 231.876 0 244.473 32.327 0 0.693
43646 5 5 10 1 0.059 0.325 0.487 0.781 0.626 233.115 2 244.95 26.28 0 0.76
43646 6 5 10 1 0.059 0.325 0.487 0.781 0.626 233.572 3 244.578 33.207 0 0.72
43646 7 5 10 1 0.059 0.325 0.487 0.781 0.626 238.586 2 246.104 30.967 0 0.7
43646 8 5 10 1 0.059 0.325 0.487 0.781 0.626 233.227 1 244.486 32.633 0 0.693
43646 9 5 10 1 0.059 0.325 0.487 0.781 0.626 237.133 2 243.905 36.447 0 0.7
43646 10 5 10 1 0.059 0.325 0.487 0.781 0.626 231.188 2 244.856 31.72 0 0.727
43646 1 5 10 1 0.109 0.476 0.424 0.815 0.272 57.39 37 63.734 168.153 0 0
43646 2 5 10 1 0.109 0.476 0.424 0.815 0.272 46.727 57 56.03 164.1 0 0
43646 3 5 10 1 0.109 0.476 0.424 0.815 0.272 66.007 92 70.769 206.773 0 0
43646 4 5 10 1 0.109 0.476 0.424 0.815 0.272 38.124 23 47.62 130.633 0 0
43646 5 5 10 1 0.109 0.476 0.424 0.815 0.272 74.936 92 96.039 185.24 0 0
43646 6 5 10 1 0.109 0.476 0.424 0.815 0.272 99.152 77 117.301 226.34 0 0
43646 7 5 10 1 0.109 0.476 0.424 0.815 0.272 62.473 73 71.386 206.827 0 0
43646 8 5 10 1 0.109 0.476 0.424 0.815 0.272 64.295 13 69.296 187.667 0 0
43646 9 5 10 1 0.109 0.476 0.424 0.815 0.272 60.609 77 69.956 173.62 0 0
43646 10 5 10 1 0.109 0.476 0.424 0.815 0.272 87.07 45 93.194 112.407 0 0
43646 1 5 10 1 0.053 0.203 0.314 0.828 0.208 41.162 49 48.218 137.36 0 0
43646 2 5 10 1 0.053 0.203 0.314 0.828 0.208 44.567 69 55.209 152.647 0 0
43646 3 5 10 1 0.053 0.203 0.314 0.828 0.208 49.831 40 56.412 141.107 0 0
43646 4 5 10 1 0.053 0.203 0.314 0.828 0.208 99.722 104 119.793 257.607 0 0
43646 5 5 10 1 0.053 0.203 0.314 0.828 0.208 46.829 75 52.023 163.207 0 0
43646 6 5 10 1 0.053 0.203 0.314 0.828 0.208 60.739 116 70.895 234.793 0 0
43646 7 5 10 1 0.053 0.203 0.314 0.828 0.208 55.322 89 65.791 183.067 0 0
43646 8 5 10 1 0.053 0.203 0.314 0.828 0.208 53.836 53 61.879 183.387 0 0
43646 9 5 10 1 0.053 0.203 0.314 0.828 0.208 61.953 98 67.771 204.96 0 0
43646 10 5 10 1 0.053 0.203 0.314 0.828 0.208 55.597 54 61.78 161.913 0 0
43646 1 5 10 1 0.114 0.334 0.179 0.756 0.941 237 4 244.169 35.927 0 0.673
43646 2 5 10 1 0.114 0.334 0.179 0.756 0.941 231.666 5 244.49 34.753 0 0.733
43646 3 5 10 1 0.114 0.334 0.179 0.756 0.941 237.636 1 246.565 34.507 0 0.693
43646 4 5 10 1 0.114 0.334 0.179 0.756 0.941 234.926 1 244.578 31.767 0 0.707
43646 5 5 10 1 0.114 0.334 0.179 0.756 0.941 231.52 3 244.276 30.867 0 0.733
43646 6 5 10 1 0.114 0.334 0.179 0.756 0.941 233.589 1 243.762 30.207 0 0.687
43646 7 5 10 1 0.114 0.334 0.179 0.756 0.941 230.837 2 244.509 30.387 0 0.76
43646 8 5 10 1 0.114 0.334 0.179 0.756 0.941 234.571 0 244.649 34.133 0 0.687
43646 9 5 10 1 0.114 0.334 0.179 0.756 0.941 235.375 0 245.673 31.847 0 0.68
43646 10 5 10 1 0.114 0.334 0.179 0.756 0.941 237.001 0 245.713 31.653 0 0.713
43646 1 5 10 1 0.074 0.451 0.083 0.863 0.556 16.4 21 19.717 64.653 0 0
43646 2 5 10 1 0.074 0.451 0.083 0.863 0.556 69.687 35 80.765 137.36 0 0
43646 3 5 10 1 0.074 0.451 0.083 0.863 0.556 27.751 23 31.093 94.213 0 0
43646 4 5 10 1 0.074 0.451 0.083 0.863 0.556 39.204 17 42.669 102.193 0 0
43646 5 5 10 1 0.074 0.451 0.083 0.863 0.556 36.756 12 43.683 106.447 0 0
43646 6 5 10 1 0.074 0.451 0.083 0.863 0.556 38.907 20 43.844 118.06 0 0
43646 7 5 10 1 0.074 0.451 0.083 0.863 0.556 17.161 29 24.563 85.453 0 0
43646 8 5 10 1 0.074 0.451 0.083 0.863 0.556 34.755 28 40.061 106.567 0 0
43646 9 5 10 1 0.074 0.451 0.083 0.863 0.556 36.24 13 40.425 94.827 0 0
43646 10 5 10 1 0.074 0.451 0.083 0.863 0.556 35 24 39.722 117.533 0 0
43646 1 5 10 1 0.11 0.046 0.192 0.928 0.133 196.486 1 208.964 51.393 0 0.353
43646 2 5 10 1 0.11 0.046 0.192 0.928 0.133 208.265 3 223.792 55.927 0 0.347
43646 3 5 10 1 0.11 0.046 0.192 0.928 0.133 126.614 4 138.064 70.22 0 0.053
43646 4 5 10 1 0.11 0.046 0.192 0.928 0.133 169.951 2 191.359 63.027 0 0.253
43646 5 5 10 1 0.11 0.046 0.192 0.928 0.133 190.278 1 212.149 49.647 0 0.333
43646 6 5 10 1 0.11 0.046 0.192 0.928 0.133 173.14 2 206.404 57.867 0 0.373
43646 7 5 10 1 0.11 0.046 0.192 0.928 0.133 22.223 7 39.006 59.073 0 0.1
43646 8 5 10 1 0.11 0.046 0.192 0.928 0.133 186.554 4 213.588 50.4 0 0.373
43646 9 5 10 1 0.11 0.046 0.192 0.928 0.133 192.746 3 210.268 55.607 0 0.353
43646 10 5 10 1 0.11 0.046 0.192 0.928 0.133 139.493 6 164.881 70.927 0 0.173
43646 1 5 10 1 0.105 0.484 0.275 0.817 0.493 0 6 0.006 6 1 1
43646 2 5 10 1 0.105 0.484 0.275 0.817 0.493 1.636 14 4.662 36.66 0.567 0
43646 3 5 10 1 0.105 0.484 0.275 0.817 0.493 60.892 7 110.161 68.833 0 0.04
43646 4 5 10 1 0.105 0.484 0.275 0.817 0.493 2.728 12 5.152 39.52 0.553 0
43646 5 5 10 1 0.105 0.484 0.275 0.817 0.493 0 15 0.222 15.067 1 0
43646 6 5 10 1 0.105 0.484 0.275 0.817 0.493 0.795 13 2.397 33.48 1 0
43646 7 5 10 1 0.105 0.484 0.275 0.817 0.493 1.094 6 2.628 27.773 1 0.033
43646 8 5 10 1 0.105 0.484 0.275 0.817 0.493 0.298 13 1.937 32.533 1 0
43646 9 5 10 1 0.105 0.484 0.275 0.817 0.493 1.042 9 2.355 27.987 0.973 0.007
43646 10 5 10 1 0.105 0.484 0.275 0.817 0.493 0 6 0.849 14.727 1 0.387
43646 1 5 10 1 0.1 0.034 0.421 0.852 0.514 233.101 0 245.207 33.947 0 0.713
43646 2 5 10 1 0.1 0.034 0.421 0.852 0.514 236.695 1 245.279 28.593 0 0.733
43646 3 5 10 1 0.1 0.034 0.421 0.852 0.514 232.633 0 245.481 30.7 0 0.733
43646 4 5 10 1 0.1 0.034 0.421 0.852 0.514 232 0 245.32 35.207 0 0.693
43646 5 5 10 1 0.1 0.034 0.421 0.852 0.514 234.323 0 244.83 31.933 0 0.727
43646 6 5 10 1 0.1 0.034 0.421 0.852 0.514 231.329 1 244.004 30.807 0 0.707
43646 7 5 10 1 0.1 0.034 0.421 0.852 0.514 232.364 1 243.987 34.573 0 0.713
43646 8 5 10 1 0.1 0.034 0.421 0.852 0.514 239.093 1 247.031 31.953 0 0.707
43646 9 5 10 1 0.1 0.034 0.421 0.852 0.514 231.549 2 244.592 35.86 0 0.753
43646 10 5 10 1 0.1 0.034 0.421 0.852 0.514 234.594 1 244.908 30.247 0 0.72
43646 1 5 10 1 0.098 0.085 0.381 0.975 0.007 246.568 1704 248.921 2171.147 0 0
43646 2 5 10 1 0.098 0.085 0.381 0.975 0.007 245.462 1910 248.96 2227.953 0 0
43646 3 5 10 1 0.098 0.085 0.381 0.975 0.007 247.067 1856 249.057 2242.527 0 0
43646 4 5 10 1 0.098 0.085 0.381 0.975 0.007 246.39 1733 248.978 2101.94 0 0
43646 5 5 10 1 0.098 0.085 0.381 0.975 0.007 245.775 1717 248.685 2113.093 0 0
43646 1 5 7 1 0.109 0.014 0.165 0.921 0.6 0.696 7 1.793 22.547 1 0.02
43646 2 5 7 1 0.109 0.014 0.165 0.921 0.6 0.843 14 1.873 28.507 1 0
43646 3 5 7 1 0.109 0.014 0.165 0.921 0.6 0 9 0.003 9 1 1
43646 4 5 7 1 0.109 0.014 0.165 0.921 0.6 0.348 12 1.358 22.887 1 0
43646 5 5 7 1 0.109 0.014 0.165 0.921 0.6 0.149 14 1.22 26.613 1 0
43646 6 5 7 1 0.109 0.014 0.165 0.921 0.6 0 11 0.88 19.113 1 0
43646 7 5 7 1 0.109 0.014 0.165 0.921 0.6 0.199 10 1.038 21.64 1 0
43646 8 5 7 1 0.109 0.014 0.165 0.921 0.6 0.597 6 1.53 20.327 1 0.133
43646 9 5 7 1 0.109 0.014 0.165 0.921 0.6 0.05 11 0.177 11 1 0
43646 10 5 7 1 0.109 0.014 0.165 0.921 0.6 0.199 10 0.829 19.293 1 0
43646 1 5 7 1 0.043 0.192 0.408 0.827 0.551 0.547 8 2.198 27.713 1 0.027
43646 2 5 7 1 0.043 0.192 0.408 0.827 0.551 0.647 7 1.648 23.093 1 0.047
43646 3 5 7 1 0.043 0.192 0.408 0.827 0.551 0.497 10 1.397 24.88 1 0
43646 4 5 7 1 0.043 0.192 0.408 0.827 0.551 0.993 17 2.311 33.047 1 0
43646 5 5 7 1 0.043 0.192 0.408 0.827 0.551 0.497 14 1.33 28.38 1 0
43646 6 5 7 1 0.043 0.192 0.408 0.827 0.551 0.746 6 1.59 20.107 1 0.08
43646 7 5 7 1 0.043 0.192 0.408 0.827 0.551 0.597 9 2.715 25.813 0.98 0.027
43646 8 5 7 1 0.043 0.192 0.408 0.827 0.551 0.994 16 1.82 31.08 1 0
43646 9 5 7 1 0.043 0.192 0.408 0.827 0.551 0.05 12 0.29 16.68 1 0
43646 10 5 7 1 0.043 0.192 0.408 0.827 0.551 0.597 9 1.688 24.007 1 0.007
43646 1 5 7 1 0.004 0.05 0.055 0.879 0.308 42.46 83 47.919 146.26 0 0
43646 2 5 7 1 0.004 0.05 0.055 0.879 0.308 55.709 108 61.034 193.173 0 0
43646 3 5 7 1 0.004 0.05 0.055 0.879 0.308 51.574 123 56.386 220.207 0 0
43646 4 5 7 1 0.004 0.05 0.055 0.879 0.308 50.185 83 55.752 177.907 0 0
43646 5 5 7 1 0.004 0.05 0.055 0.879 0.308 51.581 80 55.084 187.92 0 0
43646 6 5 7 1 0.004 0.05 0.055 0.879 0.308 33.131 78 36.599 130.42 0 0
43646 7 5 7 1 0.004 0.05 0.055 0.879 0.308 56.333 67 59.353 165.82 0 0
43646 8 5 7 1 0.004 0.05 0.055 0.879 0.308 51.262 47 57.55 182.927 0 0
43646 9 5 7 1 0.004 0.05 0.055 0.879 0.308 53.538 89 58.611 171 0 0
43646 10 5 7 1 0.004 0.05 0.055 0.879 0.308 50.521 92 56.792 171.333 0 0
43646 1 5 7 1 0.109 0.346 0.2 0.828 0.495 14.663 18 16.376 54.66 0 0
43646 2 5 7 1 0.109 0.346 0.2 0.828 0.495 18.188 18 20.458 58.54 0 0
43646 3 5 7 1 0.109 0.346 0.2 0.828 0.495 27.983 31 31.785 83.88 0 0
43646 4 5 7 1 0.109 0.346 0.2 0.828 0.495 12.816 17 16.009 43.507 0 0
43646 5 5 7 1 0.109 0.346 0.2 0.828 0.495 14.143 21 16.318 62.48 0 0
43646 6 5 7 1 0.109 0.346 0.2 0.828 0.495 13.91 16 18.33 53.847 0 0
43646 7 5 7 1 0.109 0.346 0.2 0.828 0.495 24.041 39 28.385 97.307 0 0
43646 8 5 7 1 0.109 0.346 0.2 0.828 0.495 11.327 22 13.367 54.593 0 0
43646 9 5 7 1 0.109 0.346 0.2 0.828 0.495 11.727 9 16.641 40.96 0 0.007
43646 10 5 7 1 0.109 0.346 0.2 0.828 0.495 12.006 17 14.594 56.42 0 0
43646 1 5 7 1 0.03 0.034 0.414 0.786 0.915 0.597 11 1.914 31.727 1 0
43646 2 5 7 1 0.03 0.034 0.414 0.786 0.915 0 5 0.038 5 1 1
43646 3 5 7 1 0.03 0.034 0.414 0.786 0.915 0.547 11 1.725 28.167 1 0
43646 4 5 7 1 0.03 0.034 0.414 0.786 0.915 0.348 10 1.536 23.693 1 0
43646 5 5 7 1 0.03 0.034 0.414 0.786 0.915 1.223 11 3.457 30.74 0.86 0
43646 6 5 7 1 0.03 0.034 0.414 0.786 0.915 0 4 0.034 4 1 1
43646 7 5 7 1 0.03 0.034 0.414 0.786 0.915 0.498 13 2.391 29.793 1 0
43646 8 5 7 1 0.03 0.034 0.414 0.786 0.915 0 13 0.113 13.68 1 0
43646 9 5 7 1 0.03 0.034 0.414 0.786 0.915 1.346 7 2.597 21.607 1 0.053
43646 10 5 7 1 0.03 0.034 0.414 0.786 0.915 0.697 6 1.865 21.34 1 0.113
43646 1 5 7 1 0.081 0.059 0.2 0.936 0.509 0.398 11 1.72 28.767 1 0
43646 2 5 7 1 0.081 0.059 0.2 0.936 0.509 0 12 0.03 12 1 0
43646 3 5 7 1 0.081 0.059 0.2 0.936 0.509 0.249 14 1.095 22.613 1 0
43646 4 5 7 1 0.081 0.059 0.2 0.936 0.509 0 11 0.089 11 1 0
43646 5 5 7 1 0.081 0.059 0.2 0.936 0.509 0.59 7 1.195 21.507 1 0.1
43646 6 5 7 1 0.081 0.059 0.2 0.936 0.509 0 7 0.008 7 1 1
43646 7 5 7 1 0.081 0.059 0.2 0.936 0.509 0.448 15 1.396 28.127 1 0
43646 8 5 7 1 0.081 0.059 0.2 0.936 0.509 1.086 9 2.235 25.347 1 0.02
43646 9 5 7 1 0.081 0.059 0.2 0.936 0.509 0 13 0.116 13 1 0
43646 10 5 7 1 0.081 0.059 0.2 0.936 0.509 0.149 15 0.809 21.347 1 0
43646 1 5 7 1 0.053 0.23 0.006 0.89 0.265 247.267 3318 249.502 3704.793 0 0
43646 2 5 7 1 0.053 0.23 0.006 0.89 0.265 248.333 3955 249.683 4313.013 0 0
43646 3 5 7 1 0.053 0.23 0.006 0.89 0.265 248.163 3780 249.744 4173.513 0 0
43646 4 5 7 1 0.053 0.23 0.006 0.89 0.265 248.429 3552 249.727 4135.333 0 0
43646 5 5 7 1 0.053 0.23 0.006 0.89 0.265 247.84 3526 249.639 4374.267 0 0
43646 6 5 7 1 0.053 0.23 0.006 0.89 0.265 247.272 3104 249.559 3543.547 0 0
43646 7 5 7 1 0.053 0.23 0.006 0.89 0.265 247.761 3514 249.641 3993.633 0 0
43646 8 5 7 1 0.053 0.23 0.006 0.89 0.265 248.228 3302 249.736 3828.227 0 0
43646 9 5 7 1 0.053 0.23 0.006 0.89 0.265 247.548 2998 249.556 3399.82 0 0
43646 10 5 7 1 0.053 0.23 0.006 0.89 0.265 248.273 3142 249.615 3604.407 0 0
43646 1 5 7 1 0.095 0.104 0.133 0.911 0.924 0.646 9 1.398 23.247 1 0.02
43646 2 5 7 1 0.095 0.104 0.133 0.911 0.924 0 6 0.202 6 1 1
43646 3 5 7 1 0.095 0.104 0.133 0.911 0.924 0.398 8 1.361 21.9 1 0.073
43646 4 5 7 1 0.095 0.104 0.133 0.911 0.924 0 7 0.075 7.007 1 1
43646 5 5 7 1 0.095 0.104 0.133 0.911 0.924 0.497 10 1.466 24.92 1 0
43646 6 5 7 1 0.095 0.104 0.133 0.911 0.924 1.192 8 2.534 22.78 1 0.047
43646 7 5 7 1 0.095 0.104 0.133 0.911 0.924 0.546 13 1.647 26.913 1 0
43646 8 5 7 1 0.095 0.104 0.133 0.911 0.924 0 11 0.022 11 1 0
43646 9 5 7 1 0.095 0.104 0.133 0.911 0.924 0.05 11 0.536 15.84 1 0
43646 10 5 7 1 0.095 0.104 0.133 0.911 0.924 0 16 0.01 16 1 0
43646 1 5 7 1 0.106 0.399 0.357 0.948 0.194 243.651 846 247.234 1169.36 0 0
43646 2 5 7 1 0.106 0.399 0.357 0.948 0.194 184.143 401 188.719 715.467 0 0
43646 3 5 7 1 0.106 0.399 0.357 0.948 0.194 238.455 873 245.651 1076.32 0 0
43646 4 5 7 1 0.106 0.399 0.357 0.948 0.194 210.291 789 217.018 976.46 0 0
43646 5 5 7 1 0.106 0.399 0.357 0.948 0.194 192.45 661 197.856 881.553 0 0
43646 6 5 7 1 0.106 0.399 0.357 0.948 0.194 238.133 621 244.484 980.673 0 0
43646 7 5 7 1 0.106 0.399 0.357 0.948 0.194 238.923 711 245.582 1021.8 0 0
43646 8 5 7 1 0.106 0.399 0.357 0.948 0.194 201.905 544 215.415 767.72 0 0
43646 9 5 7 1 0.106 0.399 0.357 0.948 0.194 239.88 767 244.738 1009.74 0 0
43646 10 5 7 1 0.106 0.399 0.357 0.948 0.194 240.174 791 245.363 1094.353 0 0
43646 1 5 7 1 0.049 0.118 0.094 0.962 0.533 12.232 24 16.063 61.553 0 0
43646 2 5 7 1 0.049 0.118 0.094 0.962 0.533 0.846 7 3.524 29.427 0.74 0.02
43646 3 5 7 1 0.049 0.118 0.094 0.962 0.533 1.342 12 2.73 36.26 1 0
43646 4 5 7 1 0.049 0.118 0.094 0.962 0.533 1.242 9 3.864 35.613 0.7 0.02
43646 5 5 7 1 0.049 0.118 0.094 0.962 0.533 17.336 24 20.683 60.353 0 0
43646 6 5 7 1 0.049 0.118 0.094 0.962 0.533 0.05 13 0.209 13.513 1 0
43646 7 5 7 1 0.049 0.118 0.094 0.962 0.533 0 3 0.014 3 1 1
43646 8 5 7 1 0.049 0.118 0.094 0.962 0.533 0 9 0.02 9 1 1
43646 9 5 7 1 0.049 0.118 0.094 0.962 0.533 14.189 7 19.018 57.307 0 0.013
43646 10 5 7 1 0.049 0.118 0.094 0.962 0.533 0.945 14 3.456 34.093 0.927 0
43646 1 5 7 1 0.035 0.003 0.02 0.869 0.853 1.39 12 2.22 30.073 1 0
43646 2 5 7 1 0.035 0.003 0.02 0.869 0.853 0 14 0.263 15.573 1 0
43646 3 5 7 1 0.035 0.003 0.02 0.869 0.853 0.647 11 1.476 28.413 1 0
43646 1 5 5 0 0.101 0.006 0.431 0.908 0.849 0.1 13 0.873 19.667 1 0
43646 2 5 5 0 0.101 0.006 0.431 0.908 0.849 0.845 13 2.186 30.347 1 0
43646 3 5 5 0 0.101 0.006 0.431 0.908 0.849 0 10 0.104 10 1 0
43646 4 5 5 0 0.101 0.006 0.431 0.908 0.849 0.639 17 2.195 32 1 0
43646 5 5 5 0 0.101 0.006 0.431 0.908 0.849 0.547 12 1.716 28.193 1 0
43646 6 5 5 0 0.101 0.006 0.431 0.908 0.849 0.249 12 1.43 23.367 1 0
43646 7 5 5 0 0.101 0.006 0.431 0.908 0.849 0 9 0.046 9 1 1
43646 8 5 5 0 0.101 0.006 0.431 0.908 0.849 1.043 9 1.894 26.6 1 0.007
43646 9 5 5 0 0.101 0.006 0.431 0.908 0.849 0.398 16 1.06 30.66 1 0
43646 10 5 5 0 0.101 0.006 0.431 0.908 0.849 0 10 0.044 10 1 0
43646 1 5 5 0 0.089 0.135 0.145 0.985 0.532 1.392 11 1.99 26.213 1 0
43646 2 5 5 0 0.089 0.135 0.145 0.985 0.532 0.844 15 2.321 29.607 1 0
43646 3 5 5 0 0.089 0.135 0.145 0.985 0.532 0.398 17 1.229 29.487 1 0
43646 4 5 5 0 0.089 0.135 0.145 0.985 0.532 0.597 9 1.811 28.427 1 0.013
43646 5 5 5 0 0.089 0.135 0.145 0.985 0.532 0.448 14 1.071 23.58 1 0
43646 6 5 5 0 0.089 0.135 0.145 0.985 0.532 0.746 8 2.51 27.407 0.913 0.027
43646 7 5 5 0 0.089 0.135 0.145 0.985 0.532 0.867 15 2.113 32.34 1 0
43646 8 5 5 0 0.089 0.135 0.145 0.985 0.532 0 8 0.095 9.233 1 0.593
43646 9 5 5 0 0.089 0.135 0.145 0.985 0.532 0 11 0.187 11 1 0
43646 10 5 5 0 0.089 0.135 0.145 0.985 0.532 0 12 0.063 12 1 0
43646 1 5 5 0 0.039 0.113 0.027 0.84 0.076 247.544 3593 249.59 4080.66 0 0
43646 2 5 5 0 0.039 0.113 0.027 0.84 0.076 248.645 3872 249.814 5041.28 0 0
43646 3 5 5 0 0.039 0.113 0.027 0.84 0.076 248.472 3745 249.752 4154.4 0 0
43646 4 5 5 0 0.039 0.113 0.027 0.84 0.076 248.812 3535 249.743 4077.327 0 0
43646 5 5 5 0 0.039 0.113 0.027 0.84 0.076 248.607 3988 249.786 4536.113 0 0
43646 6 5 5 0 0.039 0.113 0.027 0.84 0.076 248.642 3366 249.685 3779.647 0 0
43646 7 5 5 0 0.039 0.113 0.027 0.84 0.076 248.475 3381 249.674 3831.007 0 0
43646 8 5 5 0 0.039 0.113 0.027 0.84 0.076 248.465 3966 249.782 4457.593 0 0
43646 9 5 5 0 0.039 0.113 0.027 0.84 0.076 248.777 3663 249.787 4373.153 0 0
43646 10 5 5 0 0.039 0.113 0.027 0.84 0.076 248.62 3508 249.696 3962.767 0 0
43646 1 5 5 0 0.025 0.295 0.164 0.779 0.588 0.448 6 1.903 24.427 1 0.06
43646 2 5 5 0 0.025 0.295 0.164 0.779 0.588 0.05 12 1.158 23.933 1 0
43646 3 5 5 0 0.025 0.295 0.164 0.779 0.588 0.1 16 0.982 24.5 1 0
43646 4 5 5 0 0.025 0.295 0.164 0.779 0.588 0.149 15 1.101 25.64 1 0
43646 5 5 5 0 0.025 0.295 0.164 0.779 0.588 0 13 0.291 15.027 1 0
43646 6 5 5 0 0.025 0.295 0.164 0.779 0.588 0.348 14 2.421 32.027 0.967 0
43646 7 5 5 0 0.025 0.295 0.164 0.779 0.588 0.796 11 2.259 28.273 1 0
43646 8 5 5 0 0.025 0.295 0.164 0.779 0.588 0 7 0.176 7 1 1
43646 9 5 5 0 0.025 0.295 0.164 0.779 0.588 0.794 12 2.073 30.847 1 0
43646 10 5 5 0 0.025 0.295 0.164 0.779 0.588 0.448 11 1.908 27.613 1 0
43646 1 5 5 0 0.047 0.188 0.485 0.943 0.817 0.546 13 1.484 29.067 1 0
43646 2 5 5 0 0.047 0.188 0.485 0.943 0.817 2.478 9 3.844 29.34 0.9 0.007
43646 3 5 5 0 0.047 0.188 0.485 0.943 0.817 0.546 14 2.51 33.7 1 0
43646 4 5 5 0 0.047 0.188 0.485 0.943 0.817 0.892 16 1.946 30.007 1 0
43646 5 5 5 0 0.047 0.188 0.485 0.943 0.817 0.796 15 1.494 29.353 1 0
43646 6 5 5 0 0.047 0.188 0.485 0.943 0.817 0.697 16 1.6 30.193 1 0
43646 7 5 5 0 0.047 0.188 0.485 0.943 0.817 0.647 12 1.599 26.653 1 0
43646 8 5 5 0 0.047 0.188 0.485 0.943 0.817 1.144 10 2.91 26.167 1 0
43646 9 5 5 0 0.047 0.188 0.485 0.943 0.817 0 12 0.178 12.633 1 0
43646 10 5 5 0 0.047 0.188 0.485 0.943 0.817 0.795 9 1.894 25.907 1 0.02
43646 1 5 5 0 0.027 0.106 0.129 0.975 0.148 232.183 4 242.232 939.86 0 0.013
43646 2 5 5 0 0.027 0.106 0.129 0.975 0.148 233.552 60 242.121 943.84 0 0
43646 3 5 5 0 0.027 0.106 0.129 0.975 0.148 180.828 12 189.057 698.84 0 0
43646 4 5 5 0 0.027 0.106 0.129 0.975 0.148 227.534 7 240.642 880.913 0 0.033
43646 5 5 5 0 0.027 0.106 0.129 0.975 0.148 191.397 7 199.769 731.58 0 0.013
43646 6 5 5 0 0.027 0.106 0.129 0.975 0.148 162.592 13 169.696 716.267 0 0
43646 7 5 5 0 0.027 0.106 0.129 0.975 0.148 229.034 38 240.589 922.113 0 0
43646 8 5 5 0 0.027 0.106 0.129 0.975 0.148 237.336 251 243.648 1023.587 0 0
43646 9 5 5 0 0.027 0.106 0.129 0.975 0.148 231.236 7 242.162 1019.447 0 0.047
43646 10 5 5 0 0.027 0.106 0.129 0.975 0.148 189.305 2 197.419 622.987 0 0.053
43646 1 5 5 0 0.058 0.456 0.499 0.951 0.69 1.337 11 2.869 28.28 1 0
43646 2 5 5 0 0.058 0.456 0.499 0.951 0.69 1.293 12 2.947 30.007 0.98 0
43646 3 5 5 0 0.058 0.456 0.499 0.951 0.69 0 10 0.043 10 1 0
43646 4 5 5 0 0.058 0.456 0.499 0.951 0.69 0.746 10 2.321 28.613 1 0
43646 5 5 5 0 0.058 0.456 0.499 0.951 0.69 0.845 7 1.899 22.887 1 0.087
43646 6 5 5 0 0.058 0.456 0.499 0.951 0.69 0 15 0.148 15 1 0
43646 7 5 5 0 0.058 0.456 0.499 0.951 0.69 0.796 11 1.815 25.827 1 0
43646 8 5 5 0 0.058 0.456 0.499 0.951 0.69 0.596 9 2.14 26.427 1 0.027
43646 9 5 5 0 0.058 0.456 0.499 0.951 0.69 0 10 0.032 10 1 0
43646 10 5 5 0 0.058 0.456 0.499 0.951 0.69 1.293 13 2.226 29.66 1 0
43646 1 5 5 0 0.01 0.146 0.192 0.891 0.4 0.796 13 1.479 25.047 1 0
43646 2 5 5 0 0.01 0.146 0.192 0.891 0.4 0.05 11 0.155 11 1 0
43646 3 5 5 0 0.01 0.146 0.192 0.891 0.4 0.448 7 1.571 22.567 1 0.133
43646 4 5 5 0 0.01 0.146 0.192 0.891 0.4 0 8 0.171 8 1 1
43646 5 5 5 0 0.01 0.146 0.192 0.891 0.4 0.896 13 1.79 33.573 1 0
43646 6 5 5 0 0.01 0.146 0.192 0.891 0.4 0.647 12 1.775 30.967 1 0
43646 7 5 5 0 0.01 0.146 0.192 0.891 0.4 1.393 15 3.188 38.06 0.92 0
43646 8 5 5 0 0.01 0.146 0.192 0.891 0.4 20.133 12 24.853 71.98 0 0
43646 9 5 5 0 0.01 0.146 0.192 0.891 0.4 0.448 6 1.369 21.127 1 0.12
43646 10 5 5 0 0.01 0.146 0.192 0.891 0.4 1.54 14 2.853 34.493 0.98 0
43646 1 5 5 0 0.028 0.199 0.262 0.804 0.681 0.597 14 1.725 27.6 1 0
43646 2 5 5 0 0.028 0.199 0.262 0.804 0.681 0 9 0.161 9 1 1
43646 3 5 5 0 0.028 0.199 0.262 0.804 0.681 0 12 0.131 12 1 0
43646 4 5 5 0 0.028 0.199 0.262 0.804 0.681 0.746 14 1.99 31.88 1 0
43646 5 5 5 0 0.028 0.199 0.262 0.804 0.681 0 16 1.087 26.113 1 0
43646 6 5 5 0 0.028 0.199 0.262 0.804 0.681 0.547 19 2.278 35.48 1 0
43646 7 5 5 0 0.028 0.199 0.262 0.804 0.681 0.547 11 1.701 27.7 1 0
43646 8 5 5 0 0.028 0.199 0.262 0.804 0.681 0.597 13 1.889 30.147 1 0
43646 9 5 5 0 0.028 0.199 0.262 0.804 0.681 0.796 10 1.649 25.407 1 0
43646 10 5 5 0 0.028 0.199 0.262 0.804 0.681 0.796 13 1.831 28.78 1 0
43646 1 5 5 0 0.101 0.464 0.084 0.983 0.04 249.262 4436 249.869 4925.2 0 0
43646 2 5 5 0 0.101 0.464 0.084 0.983 0.04 248.693 4136 249.817 5040.293 0 0
43646 3 5 5 0 0.101 0.464 0.084 0.983 0.04 248.477 4219 249.843 4752.44 0 0
43646 4 5 5 0 0.101 0.464 0.084 0.983 0.04 248.632 4198 249.784 5118.927 0 0
43646 5 5 5 0 0.101 0.464 0.084 0.983 0.04 248.994 4896 249.914 5821.473 0 0
43646 6 5 5 0 0.101 0.464 0.084 0.983 0.04 248.739 4369 249.825 4859.96 0 0
43646 7 5 5 0 0.101 0.464 0.084 0.983 0.04 249.254 4364 249.878 5506.78 0 0
43646 8 5 5 0 0.101 0.464 0.084 0.983 0.04 248.408 4103 249.808 4868.94 0 0
43646 9 5 5 0 0.101 0.464 0.084 0.983 0.04 248.4 4489 249.789 4987.48 0 0
43646 10 5 5 0 0.101 0.464 0.084 0.983 0.04 249.086 4778 249.903 5458.607 0 0
43646 1 5 5 0 0.106 0.34 0.021 0.858 0.832 0 4 0 4 1 1
43646 2 5 5 0 0.106 0.34 0.021 0.858 0.832 0.647 16 1.76 29.26 1 0
43646 3 5 5 0 0.106 0.34 0.021 0.858 0.832 0.896 12 2.119 34.093 1 0
43646 4 5 5 0 0.106 0.34 0.021 0.858 0.832 1.094 5 2.432 28.9 1 0.113
43646 5 5 5 0 0.106 0.34 0.021 0.858 0.832 0.05 11 0.269 11.687 1 0
43646 1 5 10 0 0.06 0.143 0.235 0.956 0.06 237.158 534 245.173 1719.653 0 0
43646 2 5 10 0 0.06 0.143 0.235 0.956 0.06 226.338 216 242.572 1329.16 0 0
43646 3 5 10 0 0.06 0.143 0.235 0.956 0.06 234.416 270 244.393 1398.413 0 0
43646 4 5 10 0 0.06 0.143 0.235 0.956 0.06 232.545 171 244.503 1723.62 0 0
43646 5 5 10 0 0.06 0.143 0.235 0.956 0.06 235.061 253 244.596 1597.067 0 0
43646 6 5 10 0 0.06 0.143 0.235 0.956 0.06 233.361 58 244.771 1417.173 0 0
43646 7 5 10 0 0.06 0.143 0.235 0.956 0.06 236.941 505 245.284 1555.347 0 0
43646 8 5 10 0 0.06 0.143 0.235 0.956 0.06 234.879 347 243.973 1290.18 0 0
43646 9 5 10 0 0.06 0.143 0.235 0.956 0.06 236.291 65 245.019 1509.7 0 0
43646 10 5 10 0 0.06 0.143 0.235 0.956 0.06 238.341 403 243.852 1466.933 0 0
43646 1 5 10 0 0.054 0.084 0.052 0.936 0.318 213.978 2 229.572 730.353 0 0.153
43646 2 5 10 0 0.054 0.084 0.052 0.936 0.318 225.021 2 237.765 704.38 0 0.087
43646 3 5 10 0 0.054 0.084 0.052 0.936 0.318 225.353 4 238.38 779.04 0 0.093
43646 4 5 10 0 0.054 0.084 0.052 0.936 0.318 226.611 3 238.864 703.053 0 0.127
43646 5 5 10 0 0.054 0.084 0.052 0.936 0.318 225.75 5 237.505 670.4 0 0.087
43646 6 5 10 0 0.054 0.084 0.052 0.936 0.318 224.672 4 237.011 712.6 0 0.04
43646 7 5 10 0 0.054 0.084 0.052 0.936 0.318 219.332 4 233.528 728.273 0 0.173
43646 8 5 10 0 0.054 0.084 0.052 0.936 0.318 228.335 2 240.793 877.82 0 0.08
43646 9 5 10 0 0.054 0.084 0.052 0.936 0.318 224.328 132 239.155 856.147 0 0
43646 10 5 10 0 0.054 0.084 0.052 0.936 0.318 228.749 44 239.562 733.313 0 0
43646 1 5 10 0 0.085 0.296 0.309 0.95 0.77 234.111 1 245.22 33.667 0 0.72
43646 2 5 10 0 0.085 0.296 0.309 0.95 0.77 233.264 0 245.301 32.013 0 0.78
43646 3 5 10 0 0.085 0.296 0.309 0.95 0.77 234.056 1 245.619 33.513 0 0.693
43646 4 5 10 0 0.085 0.296 0.309 0.95 0.77 233.112 1 243.638 31.7 0 0.693
43646 5 5 10 0 0.085 0.296 0.309 0.95 0.77 232.576 0 245.034 30.447 0 0.713
43646 6 5 10 0 0.085 0.296 0.309 0.95 0.77 232.561 4 245.923 31.373 0 0.713
43646 7 5 10 0 0.085 0.296 0.309 0.95 0.77 237.075 0 245.812 27.22 0 0.747
43646 8 5 10 0 0.085 0.296 0.309 0.95 0.77 235.687 1 246.217 36.453 0 0.727
43646 9 5 10 0 0.085 0.296 0.309 0.95 0.77 234.229 1 244.443 35.413 0 0.673
43646 10 5 10 0 0.085 0.296 0.309 0.95 0.77 230.116 2 244.782 38.053 0 0.74
43646 1 5 10 0 0.092 0.284 0.029 0.919 0.333 245.713 2243 249.278 3069.9 0 0
43646 2 5 10 0 0.092 0.284 0.029 0.919 0.333 245.741 2243 249.259 2975.5 0 0
43646 3 5 10 0 0.092 0.284 0.029 0.919 0.333 245.168 2077 249.276 2984.133 0 0
43646 4 5 10 0 0.092 0.284 0.029 0.919 0.333 244.764 2031 249.309 3180.8 0 0
43646 5 5 10 0 0.092 0.284 0.029 0.919 0.333 247.089 2116 249.404 3097.487 0 0
43646 6 5 10 0 0.092 0.284 0.029 0.919 0.333 246.673 2816 249.6 3626.3 0 0
43646 7 5 10 0 0.092 0.284 0.029 0.919 0.333 244.015 2010 248.833 3016.78 0 0
43646 8 5 10 0 0.092 0.284 0.029 0.919 0.333 246.595 2371 249.532 3233.22 0 0
43646 9 5 10 0 0.092 0.284 0.029 0.919 0.333 245.825 1668 249.23 2940.633 0 0
43646 10 5 10 0 0.092 0.284 0.029 0.919 0.333 245.247 2513 249.337 3200.933 0 0
43646 1 5 10 0 0.05 0.087 0.429 0.921 0.163 227.296 1 242.276 39.707 0 0.607
43646 2 5 10 0 0.05 0.087 0.429 0.921 0.163 228.444 0 241.864 33.413 0 0.653
43646 3 5 10 0 0.05 0.087 0.429 0.921 0.163 230.579 1 240.389 37.767 0 0.647
43646 4 5 10 0 0.05 0.087 0.429 0.921 0.163 233.916 4 241.262 43.727 0 0.587
43646 5 5 10 0 0.05 0.087 0.429 0.921 0.163 230.187 1 242.74 42.427 0 0.687
43646 6 5 10 0 0.05 0.087 0.429 0.921 0.163 233.306 0 242.568 35.1 0 0.633
43646 7 5 10 0 0.05 0.087 0.429 0.921 0.163 233.413 2 241.948 43.433 0 0.64
43646 8 5 10 0 0.05 0.087 0.429 0.921 0.163 232.597 3 242.939 37.98 0 0.633
43646 9 5 10 0 0.05 0.087 0.429 0.921 0.163 228.674 0 240.752 36.62 0 0.633
43646 10 5 10 0 0.05 0.087 0.429 0.921 0.163 231.586 2 240.558 39.307 0 0.613
43646 1 5 10 0 0.057 0.266 0.071 0.821 0.15 246.632 2847 249.713 3692.38 0 0
43646 2 5 10 0 0.057 0.266 0.071 0.821 0.15 246.819 2661 249.57 3367.2 0 0
43646 3 5 10 0 0.057 0.266 0.071 0.821 0.15 247.239 2810 249.641 3476.507 0 0
43646 4 5 10 0 0.057 0.266 0.071 0.821 0.15 247.58 2388 249.515 3125.347 0 0
43646 5 5 10 0 0.057 0.266 0.071 0.821 0.15 244.503 2242 249.377 3197.793 0 0
43646 6 5 10 0 0.057 0.266 0.071 0.821 0.15 248.185 2698 249.625 3306.633 0 0
43646 7 5 10 0 0.057 0.266 0.071 0.821 0.15 247.958 2645 249.598 3406.44 0 0
43646 8 5 10 0 0.057 0.266 0.071 0.821 0.15 247.452 2431 249.606 3387.887 0 0
43646 9 5 10 0 0.057 0.266 0.071 0.821 0.15 248.271 2401 249.626 3344.22 0 0
43646 10 5 10 0 0.057 0.266 0.071 0.821 0.15 248.417 2522 249.678 3389.82 0 0
43646 1 5 10 0 0.103 0.261 0.39 0.934 0.072 227.949 0 241.589 889.847 0 0.067
43646 2 5 10 0 0.103 0.261 0.39 0.934 0.072 229.679 68 242.196 1110.747 0 0
43646 3 5 10 0 0.103 0.261 0.39 0.934 0.072 229.148 170 242.065 1144.047 0 0
43646 4 5 10 0 0.103 0.261 0.39 0.934 0.072 229.954 2 241.807 1049.953 0 0.007
43646 5 5 10 0 0.103 0.261 0.39 0.934 0.072 230.951 170 241.509 1172.993 0 0
43646 6 5 10 0 0.103 0.261 0.39 0.934 0.072 232.252 2 242.462 964.413 0 0.02
43646 7 5 10 0 0.103 0.261 0.39 0.934 0.072 233.181 5 242.354 1004.68 0 0.027
43646 8 5 10 0 0.103 0.261 0.39 0.934 0.072 231.222 97 242.463 1247.327 0 0
43646 9 5 10 0 0.103 0.261 0.39 0.934 0.072 228.097 37 241.988 1021.447 0 0
43646 10 5 10 0 0.103 0.261 0.39 0.934 0.072 235.854 41 242.567 1053.32 0 0
43646 1 5 10 0 0.101 0.267 0.11 0.825 0.247 237.086 519 246.277 1929.913 0 0
43646 2 5 10 0 0.101 0.267 0.11 0.825 0.247 241.042 758 247.473 2100.067 0 0
43646 3 5 10 0 0.101 0.267 0.11 0.825 0.247 236.04 341 246.856 1896.113 0 0
43646 4 5 10 0 0.101 0.267 0.11 0.825 0.247 239.728 481 247.642 2122.82 0 0
43646 5 5 10 0 0.101 0.267 0.11 0.825 0.247 238.673 483 246.316 2182.573 0 0
43646 6 5 10 0 0.101 0.267 0.11 0.825 0.247 239.865 532 246.895 1767.58 0 0
43646 7 5 10 0 0.101 0.267 0.11 0.825 0.247 237.847 308 245.721 1526.86 0 0
43646 8 5 10 0 0.101 0.267 0.11 0.825 0.247 241.87 867 247.421 1963.007 0 0
43646 9 5 10 0 0.101 0.267 0.11 0.825 0.247 237.046 631 247.096 2138.92 0 0
43646 10 5 10 0 0.101 0.267 0.11 0.825 0.247 241.974 672 246.998 1995.447 0 0
43646 1 5 10 0 0.076 0.065 0.474 0.947 0.365 233.484 3 244.584 29.46 0 0.733
43646 2 5 10 0 0.076 0.065 0.474 0.947 0.365 232.839 4 246.33 31.273 0 0.773
43646 3 5 10 0 0.076 0.065 0.474 0.947 0.365 233.784 3 244.819 32.607 0 0.727
43646 4 5 10 0 0.076 0.065 0.474 0.947 0.365 233.217 1 244.758 28.667 0 0.713
43646 5 5 10 0 0.076 0.065 0.474 0.947 0.365 237.022 3 245.363 34.887 0 0.68
43646 6 5 10 0 0.076 0.065 0.474 0.947 0.365 234.228 1 245.404 32.173 0 0.793
43646 7 5 10 0 0.076 0.065 0.474 0.947 0.365 233.258 0 243.931 31.353 0 0.693
43646 8 5 10 0 0.076 0.065 0.474 0.947 0.365 232.993 0 246.022 34.027 0 0.767
43646 9 5 10 0 0.076 0.065 0.474 0.947 0.365 230.955 1 244.975 33.92 0 0.767
43646 10 5 10 0 0.076 0.065 0.474 0.947 0.365 232.394 3 246.157 36.467 0 0.76
43646 1 5 10 0 0.037 0.428 0.419 0.936 0.772 230.327 2 243.116 31.547 0 0.72
43646 2 5 10 0 0.037 0.428 0.419 0.936 0.772 235.875 0 246.033 30.427 0 0.713
43646 3 5 10 0 0.037 0.428 0.419 0.936 0.772 237.905 0 245.805 26.613 0 0.7
43646 4 5 10 0 0.037 0.428 0.419 0.936 0.772 237.731 0 245.129 31.067 0 0.687
43646 5 5 10 0 0.037 0.428 0.419 0.936 0.772 235.544 1 245.823 29.42 0 0.753
43646 1 5 10 1 0.1 0.277 0.285 0.803 0.822 230.959 0 245.588 33.3 0 0.767
43646 2 5 10 1 0.1 0.277 0.285 0.803 0.822 231.249 0 244.838 35.353 0 0.707
43646 3 5 10 1 0.1 0.277 0.285 0.803 0.822 236.984 0 245.633 26.047 0 0.78
43646 4 5 10 1 0.1 0.277 0.285 0.803 0.822 235.732 2 245.938 32.22 0 0.727
43646 5 5 10 1 0.1 0.277 0.285 0.803 0.822 234.4 0 244.685 30.8 0 0.7
43646 6 5 10 1 0.1 0.277 0.285 0.803 0.822 235.35 1 245.914 32.793 0 0.667
43646 7 5 10 1 0.1 0.277 0.285 0.803 0.822 235.402 3 244.796 31.993 0 0.753
43646 8 5 10 1 0.1 0.277 0.285 0.803 0.822 236.15 1 245.807 33.08 0 0.733
43646 9 5 10 1 0.1 0.277 0.285 0.803 0.822 233.707 1 244.898 32.66 0 0.707
43646 10 5 10 1 0.1 0.277 0.285 0.803 0.822 231.171 3 245.74 33.8 0 0.733
43646 1 5 10 1 0.057 0.03 0.396 0.847 0.804 234.048 2 245.091 30.14 0 0.733
43646 2 5 10 1 0.057 0.03 0.396 0.847 0.804 238.428 0 244.471 29.867 0 0.673
43646 3 5 10 1 0.057 0.03 0.396 0.847 0.804 236.324 2 245.555 30.787 0 0.693
43646 4 5 10 1 0.057 0.03 0.396 0.847 0.804 235.659 2 245.636 31.953 0 0.753
43646 5 5 10 1 0.057 0.03 0.396 0.847 0.804 218.843 3 244.252 28.807 0 0.74
43646 6 5 10 1 0.057 0.03 0.396 0.847 0.804 234.309 0 245.123 31.407 0 0.733
43646 7 5 10 1 0.057 0.03 0.396 0.847 0.804 231.442 1 245.716 36.073 0 0.713
43646 8 5 10 1 0.057 0.03 0.396 0.847 0.804 235.604 1 245.493 31.853 0 0.707
43646 9 5 10 1 0.057 0.03 0.396 0.847 0.804 230.913 0 244.128 28.1 0 0.773
43646 10 5 10 1 0.057 0.03 0.396 0.847 0.804 226.412 0 244.381 29.74 0 0.713
43646 1 5 10 1 0.019 0.221 0.009 0.976 0.644 25.362 25 28.887 119.22 0 0
43646 2 5 10 1 0.019 0.221 0.009 0.976 0.644 40.548 44 46.253 138.487 0 0
43646 3 5 10 1 0.019 0.221 0.009 0.976 0.644 34.413 46 38.817 131.853 0 0
43646 4 5 10 1 0.019 0.221 0.009 0.976 0.644 34.86 34 43.891 141.08 0 0
43646 5 5 10 1 0.019 0.221 0.009 0.976 0.644 30.539 34 37.276 130.4 0 0
43646 6 5 10 1 0.019 0.221 0.009 0.976 0.644 27.875 57 33.336 126.68 0 0
43646 7 5 10 1 0.019 0.221 0.009 0.976 0.644 42.344 42 47.544 129.933 0 0
43646 8 5 10 1 0.019 0.221 0.009 0.976 0.644 34.911 33 43.532 142.073 0 0
43646 9 5 10 1 0.019 0.221 0.009 0.976 0.644 30.264 29 34.281 101.967 0 0
43646 10 5 10 1 0.019 0.221 0.009 0.976 0.644 36.691 39 42.38 136.793 0 0
43646 1 5 10 1 0.107 0.177 0.208 0.926 0.056 246.882 1853 248.946 2280.727 0 0
43646 2 5 10 1 0.107 0.177 0.208 0.926 0.056 246.231 1953 249.017 2337.5 0 0
43646 3 5 10 1 0.107 0.177 0.208 0.926 0.056 246.922 2037 249.244 2467.38 0 0
43646 4 5 10 1 0.107 0.177 0.208 0.926 0.056 247.323 2032 249.24 2494.6 0 0
43646 5 5 10 1 0.107 0.177 0.208 0.926 0.056 246.274 2182 249.333 2627.033 0 0
43646 6 5 10 1 0.107 0.177 0.208 0.926 0.056 246.48 1780 249.09 2357.407 0 0
43646 7 5 10 1 0.107 0.177 0.208 0.926 0.056 246.014 1707 248.618 2154.833 0 0
43646 8 5 10 1 0.107 0.177 0.208 0.926 0.056 246.122 1944 249.127 2387.287 0 0
43646 9 5 10 1 0.107 0.177 0.208 0.926 0.056 246.809 1978 248.826 2229.713 0 0
43646 10 5 10 1 0.107 0.177 0.208 0.926 0.056 247.154 2005 249.24 2528.8 0 0
43646 1 5 10 1 0.032 0.197 0.076 0.966 0.781 0.149 16 1.142 24.773 1 0
43646 2 5 10 1 0.032 0.197 0.076 0.966 0.781 0 6 0.078 6 1 1
43646 3 5 10 1 0.032 0.197 0.076 0.966 0.781 0.05 13 1.188 22.693 1 0
43646 4 5 10 1 0.032 0.197 0.076 0.966 0.781 1.342 8 2.603 27.727 1 0.013
43646 5 5 10 1 0.032 0.197 0.076 0.966 0.781 200.86 1 216.549 62.52 0 0.513
43646 6 5 10 1 0.032 0.197 0.076 0.966 0.781 200.739 0 222.391 47.34 0 0.46
43646 7 5 10 1 0.032 0.197 0.076 0.966 0.781 0 12 0.293 14.847 1 0
43646 8 5 10 1 0.032 0.197 0.076 0.966 0.781 210.896 1 230.671 56.247 0 0.44
43646 9 5 10 1 0.032 0.197 0.076 0.966 0.781 0 6 0.134 6 1 1
43646 10 5 10 1 0.032 0.197 0.076 0.966 0.781 212.6 6 226.139 61.193 0 0.367
43646 1 5 10 1 0.098 0.164 0.068 0.83 0.989 234.699 1 245.221 30.707 0 0.707
43646 2 5 10 1 0.098 0.164 0.068 0.83 0.989 237.676 1 246.31 31.613 0 0.727
43646 3 5 10 1 0.098 0.164 0.068 0.83 0.989 234.454 0 244.422 32.847 0 0.667
43646 4 5 10 1 0.098 0.164 0.068 0.83 0.989 235.419 0 245.097 29.793 0 0.72
43646 5 5 10 1 0.098 0.164 0.068 0.83 0.989 233.635 4 244.942 38.927 0 0.7
43646 6 5 10 1 0.098 0.164 0.068 0.83 0.989 233.842 1 244.579 35.913 0 0.707
43646 7 5 10 1 0.098 0.164 0.068 0.83 0.989 233.821 0 244.142 29.4 0 0.727
43646 8 5 10 1 0.098 0.164 0.068 0.83 0.989 236.487 1 244.746 30.193 0 0.733
43646 9 5 10 1 0.098 0.164 0.068 0.83 0.989 231.281 1 245.453 26.267 0 0.733
43646 10 5 10 1 0.098 0.164 0.068 0.83 0.989 230.389 0 244.703 33.26 0 0.72
43646 1 5 10 1 0.08 0.268 0.159 0.848 0.904 235.304 2 245.255 35.287 0 0.62
43646 2 5 10 1 0.08 0.268 0.159 0.848 0.904 233.752 2 242.717 27.767 0 0.667
43646 3 5 10 1 0.08 0.268 0.159 0.848 0.904 234.867 2 245.518 32.04 0 0.733
43646 4 5 10 1 0.08 0.268 0.159 0.848 0.904 236.774 0 244.642 31.34 0 0.713
43646 5 5 10 1 0.08 0.268 0.159 0.848 0.904 229.748 0 244.683 28.593 0 0.733
43646 6 5 10 1 0.08 0.268 0.159 0.848 0.904 234.101 1 244.285 29.907 0 0.727
43646 7 5 10 1 0.08 0.268 0.159 0.848 0.904 236.758 1 244.773 33.193 0 0.7
43646 8 5 10 1 0.08 0.268 0.159 0.848 0.904 234.214 1 245.664 29.867 0 0.72
43646 9 5 10 1 0.08 0.268 0.159 0.848 0.904 238.395 0 246.036 33.293 0 0.707
43646 10 5 10 1 0.08 0.268 0.159 0.848 0.904 230.584 2 242.304 29.707 0 0.687
43646 1 5 10 1 0.064 0.485 0.361 0.809 0.981 228.898 1 245.034 31.433 0 0.773
43646 2 5 10 1 0.064 0.485 0.361 0.809 0.981 234.721 1 245.478 39.207 0 0.747
43646 3 5 10 1 0.064 0.485 0.361 0.809 0.981 234.291 1 244.455 31.107 0 0.747
43646 4 5 10 1 0.064 0.485 0.361 0.809 0.981 235.878 2 245.672 32.6 0 0.7
43646 5 5 10 1 0.064 0.485 0.361 0.809 0.981 227.096 2 242.452 31.373 0 0.713
43646 1 5 5 1 0.063 0.475 0.274 0.977 0.52 1.683 18 3.892 40.313 0.88 0
43646 2 5 5 1 0.063 0.475 0.274 0.977 0.52 2.085 19 3.379 41.067 0.98 0
43646 3 5 5 1 0.063 0.475 0.274 0.977 0.52 0.646 14 3.132 31.7 0.92 0
43646 4 5 5 1 0.063 0.475 0.274 0.977 0.52 0.746 19 1.969 34.5 1 0
43646 5 5 5 1 0.063 0.475 0.274 0.977 0.52 0.895 6 2.315 27.507 1 0.047
43646 6 5 5 1 0.063 0.475 0.274 0.977 0.52 0.597 15 1.582 30.06 1 0
43646 7 5 5 1 0.063 0.475 0.274 0.977 0.52 2.531 17 3.624 33.66 0.993 0
43646 8 5 5 1 0.063 0.475 0.274 0.977 0.52 1.767 12 3.51 34.24 0.933 0
43646 9 5 5 1 0.063 0.475 0.274 0.977 0.52 0.597 22 3.11 41.66 0.967 0
43646 10 5 5 1 0.063 0.475 0.274 0.977 0.52 0.348 11 0.952 21.34 1 0
43646 1 5 5 1 0.056 0.442 0.256 0.823 0.483 0 11 2.149 31.393 1 0
43646 2 5 5 1 0.056 0.442 0.256 0.823 0.483 11.255 20 13.329 55.553 0 0
43646 3 5 5 1 0.056 0.442 0.256 0.823 0.483 12.935 20 15.434 56.407 0 0
43646 4 5 5 1 0.056 0.442 0.256 0.823 0.483 25.128 21 29.935 81.647 0 0
43646 5 5 5 1 0.056 0.442 0.256 0.823 0.483 7.232 7 9.504 43.413 0 0.007
43646 6 5 5 1 0.056 0.442 0.256 0.823 0.483 13.349 14 15.182 57.86 0 0
43646 7 5 5 1 0.056 0.442 0.256 0.823 0.483 10.441 12 13.563 50.66 0 0
43646 8 5 5 1 0.056 0.442 0.256 0.823 0.483 8.384 15 14.045 53.947 0 0
43646 9 5 5 1 0.056 0.442 0.256 0.823 0.483 14.804 23 17.928 63.407 0 0
43646 10 5 5 1 0.056 0.442 0.256 0.823 0.483 0 8 0.313 10.793 1 0.453
43646 1 5 5 1 0.1 0.039 0.073 0.822 0.939 0 9 0 9 1 1
43646 2 5 5 1 0.1 0.039 0.073 0.822 0.939 0.547 11 1.467 27.833 1 0
43646 3 5 5 1 0.1 0.039 0.073 0.822 0.939 0.746 17 1.587 30.82 1 0
43646 4 5 5 1 0.1 0.039 0.073 0.822 0.939 0.745 8 2.339 28.487 1 0.047
43646 5 5 5 1 0.1 0.039 0.073 0.822 0.939 0.796 14 1.772 28.547 1 0
43646 6 5 5 1 0.1 0.039 0.073 0.822 0.939 1.034 15 2.874 36.007 0.947 0
43646 7 5 5 1 0.1 0.039 0.073 0.822 0.939 0.447 15 1.662 31.673 1 0
43646 8 5 5 1 0.1 0.039 0.073 0.822 0.939 1.591 12 2.475 33.547 1 0
43646 9 5 5 1 0.1 0.039 0.073 0.822 0.939 0 9 0.071 9 1 1
43646 10 5 5 1 0.1 0.039 0.073 0.822 0.939 0.05 17 0.482 20.433 1 0
43646 1 5 5 1 0.093 0.132 0.336 0.831 0.005 243.768 1965 249.126 2434.067 0 0
43646 2 5 5 1 0.093 0.132 0.336 0.831 0.005 246.883 2205 249.068 2486.36 0 0
43646 3 5 5 1 0.093 0.132 0.336 0.831 0.005 246.045 1914 249.095 2263.693 0 0
43646 4 5 5 1 0.093 0.132 0.336 0.831 0.005 246.266 1767 248.799 2068.073 0 0
43646 5 5 5 1 0.093 0.132 0.336 0.831 0.005 245.767 1761 248.906 2190.953 0 0
43646 6 5 5 1 0.093 0.132 0.336 0.831 0.005 246.803 2003 249.101 2395.367 0 0
43646 7 5 5 1 0.093 0.132 0.336 0.831 0.005 246.751 1896 248.977 2244.633 0 0
43646 8 5 5 1 0.093 0.132 0.336 0.831 0.005 246.724 2275 249.218 2592.987 0 0
43646 9 5 5 1 0.093 0.132 0.336 0.831 0.005 245.882 1892 248.754 2254.7 0 0
43646 10 5 5 1 0.093 0.132 0.336 0.831 0.005 246.654 1900 248.969 2265.46 0 0
43646 1 5 5 1 0.017 0.252 0.437 0.893 0.343 1.142 10 2.363 30.54 1 0
43646 2 5 5 1 0.017 0.252 0.437 0.893 0.343 0.891 19 3.306 34.8 0.887 0
43646 3 5 5 1 0.017 0.252 0.437 0.893 0.343 0.199 16 1.578 31 1 0
43646 4 5 5 1 0.017 0.252 0.437 0.893 0.343 0.994 12 2.327 32.68 0.993 0
43646 5 5 5 1 0.017 0.252 0.437 0.893 0.343 1.293 8 2.226 26.233 1 0.033
43646 6 5 5 1 0.017 0.252 0.437 0.893 0.343 0.05 12 0.725 23.867 1 0
43646 7 5 5 1 0.017 0.252 0.437 0.893 0.343 0.398 16 2.978 34.713 0.913 0
43646 8 5 5 1 0.017 0.252 0.437 0.893 0.343 0.589 11 1.998 25.66 1 0
43646 9 5 5 1 0.017 0.252 0.437 0.893 0.343 0.994 13 1.974 29.227 1 0
43646 10 5 5 1 0.017 0.252 0.437 0.893 0.343 0.448 21 2.491 34.267 1 0
43646 1 5 5 1 0.089 0.308 0.352 0.752 0.256 46.179 78 50.492 135.867 0 0
43646 2 5 5 1 0.089 0.308 0.352 0.752 0.256 53.465 111 61.852 178.687 0 0
43646 3 5 5 1 0.089 0.308 0.352 0.752 0.256 66.194 84 72.134 177.467 0 0
43646 4 5 5 1 0.089 0.308 0.352 0.752 0.256 44.825 57 48.856 140.967 0 0
43646 5 5 5 1 0.089 0.308 0.352 0.752 0.256 46.203 66 50.249 128.307 0 0
43646 6 5 5 1 0.089 0.308 0.352 0.752 0.256 40.06 68 45.324 118.74 0 0
43646 7 5 5 1 0.089 0.308 0.352 0.752 0.256 47.347 59 51.658 129.447 0 0
43646 8 5 5 1 0.089 0.308 0.352 0.752 0.256 53.934 83 60.926 149.587 0 0
43646 9 5 5 1 0.089 0.308 0.352 0.752 0.256 45.001 50 48.594 135.1 0 0
43646 10 5 5 1 0.089 0.308 0.352 0.752 0.256 45.976 53 54.144 134.9 0 0
43646 1 5 5 1 0.012 0.224 0.383 0.95 0.396 1.037 15 1.713 30.227 1 0
43646 2 5 5 1 0.012 0.224 0.383 0.95 0.396 0.597 12 1.692 27.927 1 0
43646 3 5 5 1 0.012 0.224 0.383 0.95 0.396 0.945 11 2.453 31.593 1 0
43646 4 5 5 1 0.012 0.224 0.383 0.95 0.396 0.597 14 2.246 31.533 1 0
43646 5 5 5 1 0.012 0.224 0.383 0.95 0.396 0.299 13 1.361 25.707 1 0
43646 6 5 5 1 0.012 0.224 0.383 0.95 0.396 0 13 0.129 13 1 0
43646 7 5 5 1 0.012 0.224 0.383 0.95 0.396 1.39 13 2.559 32.833 0.987 0
43646 8 5 5 1 0.012 0.224 0.383 0.95 0.396 0 11 0.129 11 1 0
43646 9 5 5 1 0.012 0.224 0.383 0.95 0.396 1.285 7 3.505 29.267 0.927 0.04
43646 10 5 5 1 0.012 0.224 0.383 0.95 0.396 0 13 0.068 14.3 1 0
43646 1 5 5 1 0.072 0.07 0.207 0.84 0.925 0 10 0.111 10 1 0
43646 2 5 5 1 0.072 0.07 0.207 0.84 0.925 1.094 20 2.473 32.2 1 0
43646 3 5 5 1 0.072 0.07 0.207 0.84 0.925 0.498 17 1.453 28.813 1 0
43646 4 5 5 1 0.072 0.07 0.207 0.84 0.925 0.05 15 0.506 20.693 1 0
43646 5 5 5 1 0.072 0.07 0.207 0.84 0.925 0 4 0.059 4 1 1
43646 6 5 5 1 0.072 0.07 0.207 0.84 0.925 0.597 11 1.843 26.973 1 0
43646 7 5 5 1 0.072 0.07 0.207 0.84 0.925 1.044 12 3.995 32.687 0.713 0
43646 8 5 5 1 0.072 0.07 0.207 0.84 0.925 0 12 0.412 14.953 1 0
43646 9 5 5 1 0.072 0.07 0.207 0.84 0.925 0.446 5 1.327 18.68 1 0.093
43646 10 5 5 1 0.072 0.07 0.207 0.84 0.925 0.199 15 1.167 26.413 1 0
43646 1 5 5 1 0.106 0.109 0.026 0.966 0.705 0.597 8 1.655 26.2 1 0.02
43646 2 5 5 1 0.106 0.109 0.026 0.966 0.705 0.824 11 3.088 36.013 0.893 0
43646 3 5 5 1 0.106 0.109 0.026 0.966 0.705 1.738 18 3.284 40.933 0.987 0
43646 4 5 5 1 0.106 0.109 0.026 0.966 0.705 1.435 19 2.777 34.927 1 0
43646 5 5 5 1 0.106 0.109 0.026 0.966 0.705 1.094 22 2.525 37.647 1 0
43646 6 5 5 1 0.106 0.109 0.026 0.966 0.705 1.939 21 3.644 37.947 0.907 0
43646 7 5 5 1 0.106 0.109 0.026 0.966 0.705 0 10 0.097 10 1 0
43646 8 5 5 1 0.106 0.109 0.026 0.966 0.705 0.498 15 1.464 29.187 1 0
43646 9 5 5 1 0.106 0.109 0.026 0.966 0.705 0 11 0.043 11 1 0
43646 10 5 5 1 0.106 0.109 0.026 0.966 0.705 1.193 11 3.813 40.16 0.827 0
43646 1 5 5 1 0.105 0.438 0.046 0.893 0.875 1.243 9 2.14 28.533 1 0.007
43646 2 5 5 1 0.105 0.438 0.046 0.893 0.875 0.498 17 1.397 30.26 1 0
43646 3 5 5 1 0.105 0.438 0.046 0.893 0.875 1.441 11 2.372 26.633 1 0
43646 4 5 5 1 0.105 0.438 0.046 0.893 0.875 1.839 10 3.441 35.593 0.967 0
43646 5 5 5 1 0.105 0.438 0.046 0.893 0.875 0 7 0 7 1 1
43646 6 5 5 1 0.105 0.438 0.046 0.893 0.875 1.542 17 2.969 33.08 1 0
43646 7 5 5 1 0.105 0.438 0.046 0.893 0.875 3.347 13 5.204 40.247 0.4 0
43646 8 5 5 1 0.105 0.438 0.046 0.893 0.875 1.045 13 3.342 34 0.92 0
43646 9 5 5 1 0.105 0.438 0.046 0.893 0.875 1.343 15 2.502 35.033 1 0
43646 10 5 5 1 0.105 0.438 0.046 0.893 0.875 0.547 18 2.776 34.013 1 0
43646 1 5 9 1 0.03 0.422 0.35 0.809 0.584 0 16 0.186 17.44 1 0
43646 2 5 9 1 0.03 0.422 0.35 0.809 0.584 0.299 14 1.274 26.747 1 0
43646 3 5 9 1 0.03 0.422 0.35 0.809 0.584 0.348 10 1.509 24.553 1 0
43646 4 5 9 1 0.03 0.422 0.35 0.809 0.584 0.995 10 1.975 25.547 1 0
43646 5 5 9 1 0.03 0.422 0.35 0.809 0.584 0.547 15 1.709 28.053 1 0
43646 6 5 9 1 0.03 0.422 0.35 0.809 0.584 0 8 0.195 9.127 1 0.46
43646 7 5 9 1 0.03 0.422 0.35 0.809 0.584 0.05 6 0.153 6 1 1
43646 8 5 9 1 0.03 0.422 0.35 0.809 0.584 0 9 0.061 9 1 1
43646 9 5 9 1 0.03 0.422 0.35 0.809 0.584 0 14 0.16 14 1 0
43646 10 5 9 1 0.03 0.422 0.35 0.809 0.584 0.945 8 1.916 26.367 1 0.02
43646 1 5 9 1 0.077 0.004 0.304 0.904 0.34 228.085 0 241.876 27.94 0 0.72
43646 2 5 9 1 0.077 0.004 0.304 0.904 0.34 226.536 1 243.338 32.793 0 0.687
43646 3 5 9 1 0.077 0.004 0.304 0.904 0.34 233.771 2 245.022 32.773 0 0.733
43646 4 5 9 1 0.077 0.004 0.304 0.904 0.34 235.524 0 242.967 26.4 0 0.72
43646 5 5 9 1 0.077 0.004 0.304 0.904 0.34 231.323 1 244.182 35.573 0 0.687
43646 6 5 9 1 0.077 0.004 0.304 0.904 0.34 234.036 1 244.139 29.62 0 0.72
43646 7 5 9 1 0.077 0.004 0.304 0.904 0.34 230.759 2 243.103 31.9 0 0.733
43646 8 5 9 1 0.077 0.004 0.304 0.904 0.34 237.266 4 245.558 34.993 0 0.707
43646 9 5 9 1 0.077 0.004 0.304 0.904 0.34 232.417 1 244.501 32.04 0 0.8
43646 10 5 9 1 0.077 0.004 0.304 0.904 0.34 232.438 2 244.193 32.86 0 0.687
43646 1 5 9 1 0.096 0.421 0.19 0.907 0.5 13.679 12 24.749 61.507 0 0
43646 2 5 9 1 0.096 0.421 0.19 0.907 0.5 10.635 3 19.572 53.18 0 0.033
43646 3 5 9 1 0.096 0.421 0.19 0.907 0.5 18.111 15 20.417 59.86 0 0
43646 4 5 9 1 0.096 0.421 0.19 0.907 0.5 18.282 9 20.371 47.3 0 0.013
43646 5 5 9 1 0.096 0.421 0.19 0.907 0.5 94.1 6 103.965 72.54 0 0.007
43646 6 5 9 1 0.096 0.421 0.19 0.907 0.5 1.57 18 3.576 38.74 0.813 0
43646 7 5 9 1 0.096 0.421 0.19 0.907 0.5 18.028 3 23.136 49.74 0 0.04
43646 8 5 9 1 0.096 0.421 0.19 0.907 0.5 27.354 27 31.848 96.547 0 0
43646 9 5 9 1 0.096 0.421 0.19 0.907 0.5 13.52 13 15.816 53.907 0 0
43646 10 5 9 1 0.096 0.421 0.19 0.907 0.5 14.916 7 18.017 49.147 0 0.027
43646 1 5 9 1 0.018 0.341 0.027 0.861 0.014 248.582 5067 249.835 5584.867 0 0
43646 2 5 9 1 0.018 0.341 0.027 0.861 0.014 248.725 4461 249.82 5080.82 0 0
43646 3 5 9 1 0.018 0.341 0.027 0.861 0.014 248.424 4557 249.778 5126.607 0 0
43646 4 5 9 1 0.018 0.341 0.027 0.861 0.014 248.898 4327 249.83 4935.427 0 0
43646 5 5 9 1 0.018 0.341 0.027 0.861 0.014 248.516 4647 249.834 5131.547 0 0
43646 6 5 9 1 0.018 0.341 0.027 0.861 0.014 249.046 4331 249.854 5461.733 0 0
43646 7 5 9 1 0.018 0.341 0.027 0.861 0.014 248.503 3968 249.768 4810.147 0 0
43646 8 5 9 1 0.018 0.341 0.027 0.861 0.014 248.188 4812 249.86 5988.8 0 0
43646 9 5 9 1 0.018 0.341 0.027 0.861 0.014 248.782 4270 249.825 5321.74 0 0
43646 10 5 9 1 0.018 0.341 0.027 0.861 0.014 248.65 4372 249.764 5047.167 0 0
43646 1 5 9 1 0.091 0.105 0.021 0.923 0.492 87.623 140 92.815 258.22 0 0
43646 2 5 9 1 0.091 0.105 0.021 0.923 0.492 90.664 152 99.488 293.047 0 0
43646 3 5 9 1 0.091 0.105 0.021 0.923 0.492 103.655 170 111.252 263.313 0 0
43646 4 5 9 1 0.091 0.105 0.021 0.923 0.492 94.214 156 99.714 284.32 0 0
43646 5 5 9 1 0.091 0.105 0.021 0.923 0.492 95.964 150 102.148 253.527 0 0
43646 6 5 9 1 0.091 0.105 0.021 0.923 0.492 95.494 157 101.497 305.653 0 0
43646 7 5 9 1 0.091 0.105 0.021 0.923 0.492 93.88 128 98.805 253.627 0 0
43646 8 5 9 1 0.091 0.105 0.021 0.923 0.492 89.044 127 95.085 266.36 0 0
43646 9 5 9 1 0.091 0.105 0.021 0.923 0.492 84.04 114 89.424 248.753 0 0
43646 10 5 9 1 0.091 0.105 0.021 0.923 0.492 101.018 55 112.596 243.847 0 0
43646 1 5 9 1 0.046 0.174 0.477 0.833 0.409 0 11 0.128 11 1 0
43646 2 5 9 1 0.046 0.174 0.477 0.833 0.409 201.399 2 213.106 26.12 0 0.7
43646 3 5 9 1 0.046 0.174 0.477 0.833 0.409 0.05 12 0.885 19.307 1 0
43646 4 5 9 1 0.046 0.174 0.477 0.833 0.409 233.148 1 243.929 29.373 0 0.68
43646 5 5 9 1 0.046 0.174 0.477 0.833 0.409 233.357 0 241.573 27.733 0 0.687
43646 6 5 9 1 0.046 0.174 0.477 0.833 0.409 0 3 0 3 1 1
43646 7 5 9 1 0.046 0.174 0.477 0.833 0.409 131.58 4 161.392 31.127 0 0.493
43646 8 5 9 1 0.046 0.174 0.477 0.833 0.409 234.67 6 242.365 34.02 0 0.64
43646 9 5 9 1 0.046 0.174 0.477 0.833 0.409 11.651 7 28.207 27.38 0 0.147
43646 10 5 9 1 0.046 0.174 0.477 0.833 0.409 0 10 0.168 12.513 1 0
43646 1 5 9 1 0.104 0.022 0.059 0.806 0.968 231.916 3 242.951 31.487 0 0.753
43646 2 5 9 1 0.104 0.022 0.059 0.806 0.968 232.705 0 243.679 29.833 0 0.687
43646 3 5 9 1 0.104 0.022 0.059 0.806 0.968 235.26 0 244.788 30.6 0 0.727
43646 4 5 9 1 0.104 0.022 0.059 0.806 0.968 234.981 2 245.064 30.993 0 0.7
43646 5 5 9 1 0.104 0.022 0.059 0.806 0.968 232.248 1 244.833 29.7 0 0.707
43646 6 5 9 1 0.104 0.022 0.059 0.806 0.968 230.638 1 242.463 28.713 0 0.733
43646 7 5 9 1 0.104 0.022 0.059 0.806 0.968 224.906 6 241.475 33.44 0 0.713
43646 8 5 9 1 0.104 0.022 0.059 0.806 0.968 235.849 4 244.859 39.787 0 0.64
43646 9 5 9 1 0.104 0.022 0.059 0.806 0.968 236.67 1 246.29 33.207 0 0.72
43646 10 5 9 1 0.104 0.022 0.059 0.806 0.968 233.927 3 243.063 33.787 0 0.687
43646 1 5 9 1 0.05 0.384 0.028 0.845 0.486 244.368 922 247.877 1479.653 0 0
43646 2 5 9 1 0.05 0.384 0.028 0.845 0.486 243.861 1047 247.678 1439.12 0 0
43646 3 5 9 1 0.05 0.384 0.028 0.845 0.486 243.873 918 247.75 1427.98 0 0
43646 4 5 9 1 0.05 0.384 0.028 0.845 0.486 242.79 868 246.917 1287.653 0 0
43646 5 5 9 1 0.05 0.384 0.028 0.845 0.486 244.063 1024 247.749 1434.167 0 0
43646 6 5 9 1 0.05 0.384 0.028 0.845 0.486 241.464 992 247.117 1387.08 0 0
43646 7 5 9 1 0.05 0.384 0.028 0.845 0.486 239.094 845 246.225 1159.513 0 0
43646 8 5 9 1 0.05 0.384 0.028 0.845 0.486 242.961 873 246.664 1289.473 0 0
43646 9 5 9 1 0.05 0.384 0.028 0.845 0.486 243.578 1046 246.974 1382.707 0 0
43646 10 5 9 1 0.05 0.384 0.028 0.845 0.486 243.373 1121 247.21 1402.387 0 0
43646 1 5 9 1 0.029 0.412 0.493 0.892 0.94 226.83 2 243.723 36.167 0 0.693
43646 2 5 9 1 0.029 0.412 0.493 0.892 0.94 232.156 0 244.607 31.58 0 0.7
43646 3 5 9 1 0.029 0.412 0.493 0.892 0.94 235.814 2 245.489 36.413 0 0.733
43646 4 5 9 1 0.029 0.412 0.493 0.892 0.94 229.282 2 243.721 31.7 0 0.707
43646 5 5 9 1 0.029 0.412 0.493 0.892 0.94 236.304 2 243.261 34.847 0 0.7
43646 6 5 9 1 0.029 0.412 0.493 0.892 0.94 232.62 2 243.702 31.82 0 0.673
43646 7 5 9 1 0.029 0.412 0.493 0.892 0.94 237.239 0 244.781 32.453 0 0.74
43646 8 5 9 1 0.029 0.412 0.493 0.892 0.94 236.367 0 244.34 31.36 0 0.753
43646 9 5 9 1 0.029 0.412 0.493 0.892 0.94 233.408 1 243.118 31.287 0 0.713
43646 10 5 9 1 0.029 0.412 0.493 0.892 0.94 228.671 0 243.684 33.867 0 0.713
43646 1 5 8 1 0.046 0.227 0.031 0.94 0.302 247.053 2115 249.335 2576.247 0 0
43646 2 5 8 1 0.046 0.227 0.031 0.94 0.302 246.21 1771 248.917 2123.007 0 0
43646 3 5 8 1 0.046 0.227 0.031 0.94 0.302 246.172 1538 248.752 1913.08 0 0
43646 4 5 8 1 0.046 0.227 0.031 0.94 0.302 247.1 1969 249.253 2277.093 0 0
43646 5 5 8 1 0.046 0.227 0.031 0.94 0.302 247.294 1830 249.294 2598.56 0 0
43646 6 5 8 1 0.046 0.227 0.031 0.94 0.302 246.971 1871 249.018 2292.033 0 0
43646 7 5 8 1 0.046 0.227 0.031 0.94 0.302 246.293 1994 248.937 2378.92 0 0
43646 8 5 8 1 0.046 0.227 0.031 0.94 0.302 246.794 1820 249.142 2163.967 0 0
43646 9 5 8 1 0.046 0.227 0.031 0.94 0.302 247.444 2025 249.364 2463.62 0 0
43646 10 5 8 1 0.046 0.227 0.031 0.94 0.302 246.862 2053 249.316 2367.547 0 0
43646 1 5 8 1 0.039 0.297 0.159 0.864 0.938 150.586 5 182.559 27.173 0 0.64
43646 2 5 8 1 0.039 0.297 0.159 0.864 0.938 188.357 4 200.912 20.053 0 0.66
43646 3 5 8 1 0.039 0.297 0.159 0.864 0.938 67.488 9 77.749 24.693 0 0.113
43646 4 5 8 1 0.039 0.297 0.159 0.864 0.938 86.944 9 97.053 27.32 0 0.013
43646 5 5 8 1 0.039 0.297 0.159 0.864 0.938 220.563 3 234.644 33.253 0 0.667
43646 6 5 8 1 0.039 0.297 0.159 0.864 0.938 0 7 0.143 7 1 1
43646 7 5 8 1 0.039 0.297 0.159 0.864 0.938 209.72 2 225.036 28.213 0 0.713
43646 8 5 8 1 0.039 0.297 0.159 0.864 0.938 66.152 9 71.104 28.653 0 0.067
43646 9 5 8 1 0.039 0.297 0.159 0.864 0.938 227.528 2 241.239 27.86 0 0.687
43646 10 5 8 1 0.039 0.297 0.159 0.864 0.938 0 6 0.091 6 1 1
43646 1 5 8 1 0.069 0.365 0.024 0.843 0.465 245.522 1256 248.302 1670.427 0 0
43646 2 5 8 1 0.069 0.365 0.024 0.843 0.465 246.44 1554 248.611 1793.787 0 0
43646 3 5 8 1 0.069 0.365 0.024 0.843 0.465 244.892 1384 248.401 1672.753 0 0
43646 4 5 8 1 0.069 0.365 0.024 0.843 0.465 243.855 1372 247.608 1771.18 0 0
43646 5 5 8 1 0.069 0.365 0.024 0.843 0.465 245.88 1382 248.43 1728.867 0 0
43646 6 5 8 1 0.069 0.365 0.024 0.843 0.465 243.759 1419 247.848 1682.513 0 0
43646 7 5 8 1 0.069 0.365 0.024 0.843 0.465 244.776 1132 248.206 1647.02 0 0
43646 8 5 8 1 0.069 0.365 0.024 0.843 0.465 245.549 1437 248.129 1727.407 0 0
43646 9 5 8 1 0.069 0.365 0.024 0.843 0.465 244.731 1493 248.035 1807.12 0 0
43646 10 5 8 1 0.069 0.365 0.024 0.843 0.465 244.967 1307 248.594 1836.167 0 0
43646 1 5 8 1 0.009 0.177 0.352 0.846 0.075 94.48 254 101.222 373.013 0 0
43646 2 5 8 1 0.009 0.177 0.352 0.846 0.075 124.58 255 132.614 433.507 0 0
43646 3 5 8 1 0.009 0.177 0.352 0.846 0.075 96.729 126 103.231 289.293 0 0
43646 4 5 8 1 0.009 0.177 0.352 0.846 0.075 119.162 305 123.902 467.867 0 0
43646 5 5 8 1 0.009 0.177 0.352 0.846 0.075 82.348 144 85.742 244.313 0 0
43646 6 5 8 1 0.009 0.177 0.352 0.846 0.075 104.618 220 109.05 368.987 0 0
43646 7 5 8 1 0.009 0.177 0.352 0.846 0.075 93.597 206 105.798 334.02 0 0
43646 8 5 8 1 0.009 0.177 0.352 0.846 0.075 100.01 180 105.243 316.82 0 0
43646 9 5 8 1 0.009 0.177 0.352 0.846 0.075 128.126 296 131.959 381.98 0 0
43646 10 5 8 1 0.009 0.177 0.352 0.846 0.075 79.603 154 85.77 276.98 0 0
43646 1 5 8 1 0.08 0.238 0.188 0.954 0.874 0 8 0.08 8 1 1
43646 2 5 8 1 0.08 0.238 0.188 0.954 0.874 199.988 3 207.686 24.293 0 0.7
43646 3 5 8 1 0.08 0.238 0.188 0.954 0.874 226.701 1 235.511 27.573 0 0.687
43646 4 5 8 1 0.08 0.238 0.188 0.954 0.874 231.33 0 244.389 35.427 0 0.733
43646 5 5 8 1 0.08 0.238 0.188 0.954 0.874 35.728 6 49.262 24.633 0 0.147
43646 6 5 8 1 0.08 0.238 0.188 0.954 0.874 179.179 3 200.458 25.44 0 0.72
43646 7 5 8 1 0.08 0.238 0.188 0.954 0.874 203.739 4 214.978 28.92 0 0.72
43646 8 5 8 1 0.08 0.238 0.188 0.954 0.874 189.125 6 202.812 23.407 0 0.66
43646 9 5 8 1 0.08 0.238 0.188 0.954 0.874 112.671 3 124.581 20.08 0 0.507
43646 10 5 8 1 0.08 0.238 0.188 0.954 0.874 2.848 10 9.249 26.26 0.253 0
43646 1 5 8 1 0.003 0.474 0.035 0.792 0.267 241.272 1310 247.8 1548.707 0 0
43646 2 5 8 1 0.003 0.474 0.035 0.792 0.267 239.044 1200 246.731 1476.333 0 0
43646 3 5 8 1 0.003 0.474 0.035 0.792 0.267 243.138 1068 247.444 1354.233 0 0
43646 4 5 8 1 0.003 0.474 0.035 0.792 0.267 244.084 1247 247.72 1519.32 0 0
43646 5 5 8 1 0.003 0.474 0.035 0.792 0.267 241.722 1234 247.605 1543.253 0 0
43646 6 5 8 1 0.003 0.474 0.035 0.792 0.267 245.242 1079 247.9 1543.433 0 0
43646 7 5 8 1 0.003 0.474 0.035 0.792 0.267 245.336 1180 248.278 1623.9 0 0
43646 8 5 8 1 0.003 0.474 0.035 0.792 0.267 243.337 1047 247.795 1291.373 0 0
43646 9 5 8 1 0.003 0.474 0.035 0.792 0.267 241.241 1200 247.26 1427.367 0 0
43646 10 5 8 1 0.003 0.474 0.035 0.792 0.267 246.122 1157 248.699 1741.7 0 0
43646 1 5 8 1 0.048 0.142 0.49 0.863 0.32 0.447 12 1.022 22.873 1 0
43646 2 5 8 1 0.048 0.142 0.49 0.863 0.32 0.547 17 1.698 31.127 1 0
43646 3 5 8 1 0.048 0.142 0.49 0.863 0.32 0 8 0.343 11.16 1 0.187
43646 4 5 8 1 0.048 0.142 0.49 0.863 0.32 0.398 16 1.336 27.033 1 0
43646 5 5 8 1 0.048 0.142 0.49 0.863 0.32 0 8 0.37 11.133 1 0.593
43646 6 5 8 1 0.048 0.142 0.49 0.863 0.32 1.043 8 4.726 20.967 0.573 0.007
43646 7 5 8 1 0.048 0.142 0.49 0.863 0.32 0.646 12 1.606 27.74 1 0
43646 8 5 8 1 0.048 0.142 0.49 0.863 0.32 0.697 10 3.944 28.34 0.727 0
43646 9 5 8 1 0.048 0.142 0.49 0.863 0.32 0.746 13 1.76 25.36 1 0
43646 10 5 8 1 0.048 0.142 0.49 0.863 0.32 0.646 6 2.298 22.22 1 0.187
43646 1 5 8 1 0.105 0.372 0.204 0.816 0.353 166.059 420 174.906 589.92 0 0
43646 2 5 8 1 0.105 0.372 0.204 0.816 0.353 136.111 303 141.957 535.793 0 0
43646 3 5 8 1 0.105 0.372 0.204 0.816 0.353 177.773 373 185.507 683.287 0 0
43646 4 5 8 1 0.105 0.372 0.204 0.816 0.353 169.732 499 177.419 699.947 0 0
43646 5 5 8 1 0.105 0.372 0.204 0.816 0.353 149.933 378 155.946 574.48 0 0
43646 6 5 8 1 0.105 0.372 0.204 0.816 0.353 143.169 339 146.789 470.8 0 0
43646 7 5 8 1 0.105 0.372 0.204 0.816 0.353 170.088 421 174.984 613.22 0 0
43646 8 5 8 1 0.105 0.372 0.204 0.816 0.353 168.068 457 175.187 644.08 0 0
43646 9 5 8 1 0.105 0.372 0.204 0.816 0.353 164.505 372 174.346 585.953 0 0
43646 10 5 8 1 0.105 0.372 0.204 0.816 0.353 167.441 440 172.805 638.227 0 0
43646 1 5 8 1 0.112 0.426 0.266 0.94 0.635 0.746 13 1.736 28.287 1 0
43646 2 5 8 1 0.112 0.426 0.266 0.94 0.635 1.144 8 2.396 26 1 0.073
43646 3 5 8 1 0.112 0.426 0.266 0.94 0.635 0.746 15 2.287 33.2 1 0
43646 4 5 8 1 0.112 0.426 0.266 0.94 0.635 0.896 7 2.97 24.387 1 0.1
43646 5 5 8 1 0.112 0.426 0.266 0.94 0.635 1.044 6 2.982 24.3 0.967 0.087
43646 6 5 8 1 0.112 0.426 0.266 0.94 0.635 1.342 12 2.73 32.36 1 0
43646 7 5 8 1 0.112 0.426 0.266 0.94 0.635 0.895 8 2.066 27.16 1 0.013
43646 8 5 8 1 0.112 0.426 0.266 0.94 0.635 0 7 0.176 7 1 1
43646 9 5 8 1 0.112 0.426 0.266 0.94 0.635 0 14 0.094 14 1 0
43646 10 5 8 1 0.112 0.426 0.266 0.94 0.635 0.895 8 2.421 25.567 0.967 0.087
43646 1 5 8 1 0.118 0.259 0.316 0.971 0.438 0.933 11 2.779 31.04 1 0
43646 2 5 8 1 0.118 0.259 0.316 0.971 0.438 1.242 11 2.174 29.5 1 0
43646 3 5 8 1 0.118 0.259 0.316 0.971 0.438 0.646 16 2.367 33.613 1 0
43646 4 5 8 1 0.118 0.259 0.316 0.971 0.438 0 10 0.113 10 1 0
43646 1 5 6 1 0.055 0.311 0.324 0.976 0.125 241.115 905 246.727 1157.893 0 0
43646 2 5 6 1 0.055 0.311 0.324 0.976 0.125 240.523 940 245.521 1149.04 0 0
43646 3 5 6 1 0.055 0.311 0.324 0.976 0.125 240.997 905 246.096 1144.613 0 0
43646 4 5 6 1 0.055 0.311 0.324 0.976 0.125 241.747 929 246.358 1099.04 0 0
43646 5 5 6 1 0.055 0.311 0.324 0.976 0.125 237.484 848 245.591 1045.067 0 0
43646 6 5 6 1 0.055 0.311 0.324 0.976 0.125 240.082 814 245.043 1076.573 0 0
43646 7 5 6 1 0.055 0.311 0.324 0.976 0.125 243.862 874 246.977 1160.82 0 0
43646 8 5 6 1 0.055 0.311 0.324 0.976 0.125 239.254 874 245.598 1132.507 0 0
43646 9 5 6 1 0.055 0.311 0.324 0.976 0.125 243.027 895 246.904 1166.813 0 0
43646 10 5 6 1 0.055 0.311 0.324 0.976 0.125 237.942 804 245.103 1103.467 0 0
43646 1 5 6 1 0.029 0.219 0.268 0.828 0.841 0 12 0.117 12 1 0
43646 2 5 6 1 0.029 0.219 0.268 0.828 0.841 0 6 0.144 6 1 1
43646 3 5 6 1 0.029 0.219 0.268 0.828 0.841 0.856 15 2.99 34.047 1 0
43646 4 5 6 1 0.029 0.219 0.268 0.828 0.841 0.746 14 2.213 30.553 1 0
43646 5 5 6 1 0.029 0.219 0.268 0.828 0.841 0.299 11 1.467 26.667 1 0
43646 6 5 6 1 0.029 0.219 0.268 0.828 0.841 0.05 12 0.408 14.573 1 0
43646 7 5 6 1 0.029 0.219 0.268 0.828 0.841 0.348 20 1.486 30.44 1 0
43646 8 5 6 1 0.029 0.219 0.268 0.828 0.841 0.398 9 1.559 24.253 1 0.027
43646 9 5 6 1 0.029 0.219 0.268 0.828 0.841 0 13 0.095 13 1 0
43646 10 5 6 1 0.029 0.219 0.268 0.828 0.841 0.995 13 2.337 32.307 0.993 0
43646 1 5 6 1 0.02 0.061 0.383 0.975 0.338 0.1 15 0.301 16.86 1 0
43646 2 5 6 1 0.02 0.061 0.383 0.975 0.338 0.697 14 1.539 29.607 1 0
43646 3 5 6 1 0.02 0.061 0.383 0.975 0.338 1.093 12 2.271 29.76 1 0
43646 4 5 6 1 0.02 0.061 0.383 0.975 0.338 1.095 11 2.282 27.54 1 0
43646 5 5 6 1 0.02 0.061 0.383 0.975 0.338 0 12 0.09 12 1 0
43646 6 5 6 1 0.02 0.061 0.383 0.975 0.338 0.895 9 2.405 26.993 1 0.02
43646 7 5 6 1 0.02 0.061 0.383 0.975 0.338 0.746 13 1.457 26.48 1 0
43646 8 5 6 1 0.02 0.061 0.383 0.975 0.338 0.05 12 0.15 12 1 0
43646 9 5 6 1 0.02 0.061 0.383 0.975 0.338 0 10 0.101 10 1 0
43646 10 5 6 1 0.02 0.061 0.383 0.975 0.338 0.447 9 1.725 27.18 1 0.013
43646 1 5 6 1 0.035 0.269 0.293 0.976 0.222 73.25 132 77.532 262.193 0 0
43646 2 5 6 1 0.035 0.269 0.293 0.976 0.222 54.195 81 59.665 165.967 0 0
43646 3 5 6 1 0.035 0.269 0.293 0.976 0.222 29.373 40 35.871 106.967 0 0
43646 4 5 6 1 0.035 0.269 0.293 0.976 0.222 56.84 84 61.883 166.58 0 0
43646 5 5 6 1 0.035 0.269 0.293 0.976 0.222 42.594 62 48.698 121.993 0 0
43646 6 5 6 1 0.035 0.269 0.293 0.976 0.222 35.677 50 42.704 110.88 0 0
43646 7 5 6 1 0.035 0.269 0.293 0.976 0.222 57.583 79 61.381 137.853 0 0
43646 8 5 6 1 0.035 0.269 0.293 0.976 0.222 76.357 129 80.596 243.92 0 0
43646 9 5 6 1 0.035 0.269 0.293 0.976 0.222 62.774 102 68.821 202.727 0 0
43646 10 5 6 1 0.035 0.269 0.293 0.976 0.222 61.397 111 65.219 191.487 0 0
43646 1 5 6 1 0.002 0.079 0.499 0.953 0.286 1.293 16 2.063 31.5 1 0
43646 2 5 6 1 0.002 0.079 0.499 0.953 0.286 0.845 7 2.161 26.467 1 0.02
43646 3 5 6 1 0.002 0.079 0.499 0.953 0.286 0 3 0.233 3 1 1
43646 4 5 6 1 0.002 0.079 0.499 0.953 0.286 0 8 0.077 8 1 1
43646 5 5 6 1 0.002 0.079 0.499 0.953 0.286 0 12 0.102 12 1 0
43646 6 5 6 1 0.002 0.079 0.499 0.953 0.286 0.348 13 1.878 27.533 1 0
43646 7 5 6 1 0.002 0.079 0.499 0.953 0.286 0.1 15 0.613 21.22 1 0
43646 8 5 6 1 0.002 0.079 0.499 0.953 0.286 0.448 10 1.489 26.413 1 0
43646 9 5 6 1 0.002 0.079 0.499 0.953 0.286 0.995 12 2.051 29.18 1 0
43646 10 5 6 1 0.002 0.079 0.499 0.953 0.286 0.745 14 2.183 30.607 1 0
43646 1 5 6 1 0.07 0.237 0.171 0.858 0.968 0.448 10 1.439 27.367 1 0
43646 2 5 6 1 0.07 0.237 0.171 0.858 0.968 0.348 10 1.397 28.373 1 0
43646 3 5 6 1 0.07 0.237 0.171 0.858 0.968 0 7 0.013 7 1 1
43646 4 5 6 1 0.07 0.237 0.171 0.858 0.968 1.194 13 2.015 31.22 1 0
43646 5 5 6 1 0.07 0.237 0.171 0.858 0.968 0 15 0.214 15.98 1 0
43646 6 5 6 1 0.07 0.237 0.171 0.858 0.968 0 7 0.068 7 1 1
43646 7 5 6 1 0.07 0.237 0.171 0.858 0.968 0 11 0.062 11 1 0
43646 8 5 6 1 0.07 0.237 0.171 0.858 0.968 0 11 0.119 11 1 0
43646 9 5 6 1 0.07 0.237 0.171 0.858 0.968 0.696 12 1.605 29.347 1 0
43646 10 5 6 1 0.07 0.237 0.171 0.858 0.968 0 16 0.724 21.607 1 0
43646 1 5 6 1 0.055 0.052 0.239 0.767 0.547 0.746 9 2.243 27.347 1 0.013
43646 2 5 6 1 0.055 0.052 0.239 0.767 0.547 0.944 18 1.636 30.893 1 0
43646 3 5 6 1 0.055 0.052 0.239 0.767 0.547 0 14 0.084 14 1 0
43646 4 5 6 1 0.055 0.052 0.239 0.767 0.547 0.597 12 1.623 26.28 1 0
43646 5 5 6 1 0.055 0.052 0.239 0.767 0.547 0.547 9 1.848 25.5 1 0.013
43646 6 5 6 1 0.055 0.052 0.239 0.767 0.547 0 12 0.003 12 1 0
43646 7 5 6 1 0.055 0.052 0.239 0.767 0.547 0.646 16 1.581 29.7 1 0
43646 8 5 6 1 0.055 0.052 0.239 0.767 0.547 0.249 13 1.718 26.807 1 0
43646 9 5 6 1 0.055 0.052 0.239 0.767 0.547 0.943 18 1.904 32.6 1 0
43646 10 5 6 1 0.055 0.052 0.239 0.767 0.547 0 14 0.126 14.007 1 0
43646 1 5 6 1 0.062 0.053 0.188 0.872 0.996 0 8 0.047 8 1 1
43646 2 5 6 1 0.062 0.053 0.188 0.872 0.996 0.895 13 1.702 26.88 1 0
43646 3 5 6 1 0.062 0.053 0.188 0.872 0.996 0 8 0.178 8 1 1
43646 4 5 6 1 0.062 0.053 0.188 0.872 0.996 0.596 13 1.623 28.96 1 0
43646 5 5 6 1 0.062 0.053 0.188 0.872 0.996 0 8 0.066 8 1 1
43646 6 5 6 1 0.062 0.053 0.188 0.872 0.996 0.746 16 2.011 32.52 1 0
43646 7 5 6 1 0.062 0.053 0.188 0.872 0.996 0.448 17 1.802 31.547 1 0
43646 8 5 6 1 0.062 0.053 0.188 0.872 0.996 0.796 13 2.099 29.76 1 0
43646 9 5 6 1 0.062 0.053 0.188 0.872 0.996 0.547 8 1.329 22.853 1 0.027
43646 10 5 6 1 0.062 0.053 0.188 0.872 0.996 0 13 0.13 13 1 0
43646 1 5 6 1 0.031 0.247 0.232 0.981 0.073 240.968 867 246.07 1115.833 0 0
43646 2 5 6 1 0.031 0.247 0.232 0.981 0.073 242.584 880 246.825 1148.053 0 0
43646 3 5 6 1 0.031 0.247 0.232 0.981 0.073 240.411 969 245.981 1161.333 0 0
43646 4 5 6 1 0.031 0.247 0.232 0.981 0.073 241.576 965 246.12 1212.673 0 0
43646 5 5 6 1 0.031 0.247 0.232 0.981 0.073 241.447 895 246.795 1119.947 0 0
43646 6 5 6 1 0.031 0.247 0.232 0.981 0.073 241.852 929 247.07 1135.5 0 0
43646 7 5 6 1 0.031 0.247 0.232 0.981 0.073 241.916 948 246.9 1149.66 0 0
43646 8 5 6 1 0.031 0.247 0.232 0.981 0.073 244.131 886 246.614 1106.947 0 0
43646 9 5 6 1 0.031 0.247 0.232 0.981 0.073 240.211 952 246.254 1131.8 0 0
43646 10 5 6 1 0.031 0.247 0.232 0.981 0.073 237.521 963 245.367 1164.953 0 0
43646 1 5 6 1 0.097 0.489 0.071 0.987 0.581 29.708 32 34.303 87.673 0 0
43646 2 5 6 1 0.097 0.489 0.071 0.987 0.581 16.941 18 20.375 64.467 0 0
43646 3 5 6 1 0.097 0.489 0.071 0.987 0.581 22.027 27 29.149 98.147 0 0
43646 4 5 6 1 0.097 0.489 0.071 0.987 0.581 18.518 27 24.64 80.467 0 0
43646 5 5 6 1 0.097 0.489 0.071 0.987 0.581 29.668 12 32.687 103.76 0 0
43646 6 5 6 1 0.097 0.489 0.071 0.987 0.581 28.389 33 33.494 88.033 0 0
43646 7 5 6 1 0.097 0.489 0.071 0.987 0.581 33.428 23 36.494 91.933 0 0
43646 8 5 6 1 0.097 0.489 0.071 0.987 0.581 36.464 18 40.508 91.013 0 0
43646 9 5 6 1 0.097 0.489 0.071 0.987 0.581 36.562 25 39.371 102.353 0 0
43646 10 5 6 1 0.097 0.489 0.071 0.987 0.581 36.201 22 40.355 93.6 0 0
43646 1 5 6 1 0.009 0.202 0.323 0.842 0.121 55.404 93 63.063 167.713 0 0
43646 2 5 6 1 0.009 0.202 0.323 0.842 0.121 66.661 91 70.529 175.033 0 0
43646 3 5 6 1 0.009 0.202 0.323 0.842 0.121 64.665 96 71.023 180.653 0 0
43646 4 5 6 1 0.009 0.202 0.323 0.842 0.121 63.92 151 71.72 235.833 0 0
43646 5 5 6 1 0.009 0.202 0.323 0.842 0.121 63.698 97 73.233 219.467 0 0
43646 6 5 6 1 0.009 0.202 0.323 0.842 0.121 60.207 85 67.182 172.067 0 0
43646 7 5 6 1 0.009 0.202 0.323 0.842 0.121 74.98 91 80.311 233.527 0 0
43646 1 5 6 0 0.118 0.034 0.395 0.822 0.917 0.299 11 2.713 27.267 0.993 0
43646 2 5 6 0 0.118 0.034 0.395 0.822 0.917 0.05 12 0.77 22.887 1 0
43646 3 5 6 0 0.118 0.034 0.395 0.822 0.917 0.547 12 1.858 25.747 1 0
43646 4 5 6 0 0.118 0.034 0.395 0.822 0.917 0.1 8 1.384 20.267 1 0.187
43646 5 5 6 0 0.118 0.034 0.395 0.822 0.917 1.095 13 1.797 28.327 1 0
43646 6 5 6 0 0.118 0.034 0.395 0.822 0.917 0.894 14 1.614 26.567 1 0
43646 7 5 6 0 0.118 0.034 0.395 0.822 0.917 0 11 0.082 11 1 0
43646 8 5 6 0 0.118 0.034 0.395 0.822 0.917 0.348 15 1.136 24.313 1 0
43646 9 5 6 0 0.118 0.034 0.395 0.822 0.917 0.498 9 1.298 24.36 1 0.013
43646 10 5 6 0 0.118 0.034 0.395 0.822 0.917 0.547 14 1.368 25.08 1 0
43646 1 5 6 0 0.096 0.277 0.244 0.773 0.09 243.429 1318 248.637 2149.927 0 0
43646 2 5 6 0 0.096 0.277 0.244 0.773 0.09 242.94 1472 248.231 2091.933 0 0
43646 3 5 6 0 0.096 0.277 0.244 0.773 0.09 244.923 1573 248.967 2305.273 0 0
43646 4 5 6 0 0.096 0.277 0.244 0.773 0.09 244.166 1118 248.564 2011.933 0 0
43646 5 5 6 0 0.096 0.277 0.244 0.773 0.09 244.431 1129 248.482 1985.3 0 0
43646 6 5 6 0 0.096 0.277 0.244 0.773 0.09 242.802 1296 248.714 2090.56 0 0
43646 7 5 6 0 0.096 0.277 0.244 0.773 0.09 242.39 1209 248.576 1985.007 0 0
43646 8 5 6 0 0.096 0.277 0.244 0.773 0.09 241.613 1412 248.637 2043.8 0 0
43646 9 5 6 0 0.096 0.277 0.244 0.773 0.09 246.164 1284 248.568 2128.433 0 0
43646 10 5 6 0 0.096 0.277 0.244 0.773 0.09 240.012 914 247.875 2067.507 0 0
43646 1 5 6 0 0.063 0.065 0.435 0.879 0.61 0 6 0.017 6 1 1
43646 2 5 6 0 0.063 0.065 0.435 0.879 0.61 0.05 6 0.236 6 1 1
43646 3 5 6 0 0.063 0.065 0.435 0.879 0.61 0.05 10 0.327 12.76 1 0
43646 4 5 6 0 0.063 0.065 0.435 0.879 0.61 0.697 9 1.792 26.747 1 0.007
43646 5 5 6 0 0.063 0.065 0.435 0.879 0.61 0.547 11 1.465 24.227 1 0
43646 6 5 6 0 0.063 0.065 0.435 0.879 0.61 0 7 0 7 1 1
43646 7 5 6 0 0.063 0.065 0.435 0.879 0.61 0.926 11 2.237 29.567 1 0
43646 8 5 6 0 0.063 0.065 0.435 0.879 0.61 0.796 17 2.181 33.273 1 0
43646 9 5 6 0 0.063 0.065 0.435 0.879 0.61 0 6 0.118 6 1 1
43646 10 5 6 0 0.063 0.065 0.435 0.879 0.61 0 7 0.05 7 1 1
43646 1 5 6 0 0.062 0.395 0.358 0.937 0.643 0 14 0.07 14.033 1 0
43646 2 5 6 0 0.062 0.395 0.358 0.937 0.643 0 8 0.017 8 1 1
43646 3 5 6 0 0.062 0.395 0.358 0.937 0.643 0.448 11 2.424 27.827 0.973 0
43646 4 5 6 0 0.062 0.395 0.358 0.937 0.643 0 11 0.068 11 1 0
43646 5 5 6 0 0.062 0.395 0.358 0.937 0.643 0 15 0.469 20.5 1 0
43646 6 5 6 0 0.062 0.395 0.358 0.937 0.643 0.448 9 1.771 24.113 1 0.06
43646 7 5 6 0 0.062 0.395 0.358 0.937 0.643 0.597 10 1.781 23.227 1 0
43646 8 5 6 0 0.062 0.395 0.358 0.937 0.643 0 5 0.105 5 1 1
43646 9 5 6 0 0.062 0.395 0.358 0.937 0.643 0.547 13 2.269 27.72 1 0
43646 10 5 6 0 0.062 0.395 0.358 0.937 0.643 0.05 9 0.147 9 1 1
43646 1 5 6 0 0.005 0.483 0.275 0.966 0.983 0.697 10 2.418 28.793 1 0
43646 2 5 6 0 0.005 0.483 0.275 0.966 0.983 0.547 13 2.042 30.333 1 0
43646 3 5 6 0 0.005 0.483 0.275 0.966 0.983 0.498 14 2.24 27.46 1 0
43646 4 5 6 0 0.005 0.483 0.275 0.966 0.983 0.149 11 2.016 24.093 0.953 0
43646 5 5 6 0 0.005 0.483 0.275 0.966 0.983 0 9 0.028 9 1 1
43646 6 5 6 0 0.005 0.483 0.275 0.966 0.983 0 13 0.223 13.247 1 0
43646 7 5 6 0 0.005 0.483 0.275 0.966 0.983 0.1 15 0.862 23.467 1 0
43646 8 5 6 0 0.005 0.483 0.275 0.966 0.983 0.647 11 1.689 26.227 1 0
43646 9 5 6 0 0.005 0.483 0.275 0.966 0.983 0.945 13 2.317 29.02 1 0
43646 10 5 6 0 0.005 0.483 0.275 0.966 0.983 0.398 10 1.105 21.233 1 0
43646 1 5 6 0 0.088 0.072 0.497 0.885 0.026 89.486 3 99.866 203.66 0 0.133
43646 2 5 6 0 0.088 0.072 0.497 0.885 0.026 104.019 5 109.313 360.68 0 0.047
43646 3 5 6 0 0.088 0.072 0.497 0.885 0.026 112.268 96 119.987 326.213 0 0
43646 4 5 6 0 0.088 0.072 0.497 0.885 0.026 97.407 2 105.655 254.713 0 0.087
43646 5 5 6 0 0.088 0.072 0.497 0.885 0.026 123.554 7 131.942 432.747 0 0.013
43646 6 5 6 0 0.088 0.072 0.497 0.885 0.026 136.46 13 144.996 485.513 0 0
43646 7 5 6 0 0.088 0.072 0.497 0.885 0.026 65.326 4 74.443 192.827 0 0.24
43646 8 5 6 0 0.088 0.072 0.497 0.885 0.026 68.588 7 77.724 178.167 0 0.047
43646 9 5 6 0 0.088 0.072 0.497 0.885 0.026 104.888 3 113.655 276.213 0 0.167
43646 10 5 6 0 0.088 0.072 0.497 0.885 0.026 89.653 6 100.028 244.853 0 0.04
43646 1 5 6 0 0.002 0.355 0.097 0.821 0.066 237.948 1149 246.599 1699.68 0 0
43646 2 5 6 0 0.002 0.355 0.097 0.821 0.066 239.519 598 246.443 1524.813 0 0
43646 3 5 6 0 0.002 0.355 0.097 0.821 0.066 239.955 1015 247.366 1738.493 0 0
43646 4 5 6 0 0.002 0.355 0.097 0.821 0.066 242.67 1006 247.468 1858.627 0 0
43646 5 5 6 0 0.002 0.355 0.097 0.821 0.066 242.289 806 247.16 1812.687 0 0
43646 6 5 6 0 0.002 0.355 0.097 0.821 0.066 239.683 1014 247.222 1969.213 0 0
43646 7 5 6 0 0.002 0.355 0.097 0.821 0.066 240.099 871 246.599 1584.553 0 0
43646 8 5 6 0 0.002 0.355 0.097 0.821 0.066 239.7 833 246.226 1701.56 0 0
43646 9 5 6 0 0.002 0.355 0.097 0.821 0.066 237.401 456 245.171 1485.713 0 0
43646 10 5 6 0 0.002 0.355 0.097 0.821 0.066 236.711 497 246.079 1639.933 0 0
43646 1 5 6 0 0.072 0.466 0.208 0.818 0.565 0.398 15 1.434 29.2 1 0
43646 2 5 6 0 0.072 0.466 0.208 0.818 0.565 1.541 10 2.839 26.427 1 0
43646 3 5 6 0 0.072 0.466 0.208 0.818 0.565 0.795 14 2.454 29.54 0.967 0
43646 4 5 6 0 0.072 0.466 0.208 0.818 0.565 1.739 11 3.074 35.707 0.947 0
43646 5 5 6 0 0.072 0.466 0.208 0.818 0.565 0 6 0.14 6 1 1
43646 6 5 6 0 0.072 0.466 0.208 0.818 0.565 1.69 11 3.406 30.58 0.873 0
43646 7 5 6 0 0.072 0.466 0.208 0.818 0.565 0 11 0.031 11 1 0
43646 8 5 6 0 0.072 0.466 0.208 0.818 0.565 0.697 14 1.413 28.107 1 0
43646 9 5 6 0 0.072 0.466 0.208 0.818 0.565 0.248 16 1.022 25.4 1 0
43646 10 5 6 0 0.072 0.466 0.208 0.818 0.565 0.838 12 2.098 28.02 1 0
43646 1 5 6 0 0.085 0.451 0.151 0.894 0.013 248.422 4053 249.828 4474.247 0 0
43646 2 5 6 0 0.085 0.451 0.151 0.894 0.013 248.693 3958 249.786 4564.113 0 0
43646 3 5 6 0 0.085 0.451 0.151 0.894 0.013 248.275 3968 249.747 4595.387 0 0
43646 4 5 6 0 0.085 0.451 0.151 0.894 0.013 247.73 3819 249.727 4490.487 0 0
43646 5 5 6 0 0.085 0.451 0.151 0.894 0.013 248.127 3643 249.697 4153.073 0 0
43646 6 5 6 0 0.085 0.451 0.151 0.894 0.013 248.736 3809 249.807 4505.227 0 0
43646 7 5 6 0 0.085 0.451 0.151 0.894 0.013 248.012 4230 249.708 4640.033 0 0
43646 8 5 6 0 0.085 0.451 0.151 0.894 0.013 249.161 4264 249.854 5097.133 0 0
43646 9 5 6 0 0.085 0.451 0.151 0.894 0.013 248.95 4212 249.864 5086.58 0 0
43646 10 5 6 0 0.085 0.451 0.151 0.894 0.013 248.669 4175 249.752 4506.547 0 0
43646 1 5 6 0 0.029 0.074 0.005 0.846 0.688 2.514 13 5.066 49.047 0.407 0
43646 2 5 6 0 0.029 0.074 0.005 0.846 0.688 2.881 18 4.618 38.413 0.7 0
43646 3 5 6 0 0.029 0.074 0.005 0.846 0.688 2.078 10 3.938 38.447 0.887 0
43646 4 5 6 0 0.029 0.074 0.005 0.846 0.688 0 8 0.109 8 1 1
43646 5 5 6 0 0.029 0.074 0.005 0.846 0.688 2.425 8 6.053 50.58 0.28 0.027
43646 6 5 6 0 0.029 0.074 0.005 0.846 0.688 0.498 13 2.011 28.547 0.96 0
43646 7 5 6 0 0.029 0.074 0.005 0.846 0.688 1.44 9 3.141 35.46 0.907 0.027
43646 8 5 6 0 0.029 0.074 0.005 0.846 0.688 10.179 16 12.46 43.2 0 0
43646 9 5 6 0 0.029 0.074 0.005 0.846 0.688 0 6 1.368 19.393 1 0.613
43646 10 5 6 0 0.029 0.074 0.005 0.846 0.688 1.918 7 4.045 36.22 0.773 0.053
43646 1 5 6 0 0.038 0.098 0.36 0.982 0.226 0 5 0.045 5 1 1
43646 2 5 6 0 0.038 0.098 0.36 0.982 0.226 0.895 6 2.072 23.373 1 0.14
43646 3 5 6 0 0.038 0.098 0.36 0.982 0.226 0 13 0.17 13 1 0
43646 4 5 6 0 0.038 0.098 0.36 0.982 0.226 0.597 13 1.791 29.56 1 0
43646 1 5 10 0 0.002 0.447 0.177 0.881 0.579 226.263 2 238.526 85.04 0 0.413
43646 2 5 10 0 0.002 0.447 0.177 0.881 0.579 0 8 0.113 8 1 1
43646 3 5 10 0 0.002 0.447 0.177 0.881 0.579 226.323 2 238.634 88.193 0 0.46
43646 4 5 10 0 0.002 0.447 0.177 0.881 0.579 225.911 1 238.888 79.253 0 0.42
43646 5 5 10 0 0.002 0.447 0.177 0.881 0.579 226.859 5 240.154 89.333 0 0.44
43646 6 5 10 0 0.002 0.447 0.177 0.881 0.579 220.136 1 237.784 75.587 0 0.393
43646 7 5 10 0 0.002 0.447 0.177 0.881 0.579 223.007 3 240.661 81.147 0 0.473
43646 8 5 10 0 0.002 0.447 0.177 0.881 0.579 228.827 1 238.793 82.48 0 0.42
43646 9 5 10 0 0.002 0.447 0.177 0.881 0.579 226.001 2 239.681 73.387 0 0.44
43646 10 5 10 0 0.002 0.447 0.177 0.881 0.579 227.046 0 238.83 83.827 0 0.387
43646 1 5 10 0 0.084 0.201 0.186 0.995 0.587 221.13 3 235.754 48.98 0 0.533
43646 2 5 10 0 0.084 0.201 0.186 0.995 0.587 228.436 1 239.377 48.647 0 0.5
43646 3 5 10 0 0.084 0.201 0.186 0.995 0.587 228.941 1 238.888 52.987 0 0.52
43646 4 5 10 0 0.084 0.201 0.186 0.995 0.587 227.829 2 238.851 52.42 0 0.567
43646 5 5 10 0 0.084 0.201 0.186 0.995 0.587 226.7 5 238.822 52.313 0 0.56
43646 6 5 10 0 0.084 0.201 0.186 0.995 0.587 223.482 2 237.708 54.32 0 0.507
43646 7 5 10 0 0.084 0.201 0.186 0.995 0.587 230.015 1 240.306 46.28 0 0.547
43646 8 5 10 0 0.084 0.201 0.186 0.995 0.587 220.662 4 233.164 48.787 0 0.487
43646 9 5 10 0 0.084 0.201 0.186 0.995 0.587 228.351 0 239.895 47.553 0 0.567
43646 10 5 10 0 0.084 0.201 0.186 0.995 0.587 225.607 1 239.265 53.453 0 0.473
43646 1 5 10 0 0.086 0.412 0.011 0.878 0.834 225.438 2 239.753 37.467 0 0.473
43646 2 5 10 0 0.086 0.412 0.011 0.878 0.834 231.785 2 242.818 34.447 0 0.607
43646 3 5 10 0 0.086 0.412 0.011 0.878 0.834 224.484 7 239.449 42.287 0 0.52
43646 4 5 10 0 0.086 0.412 0.011 0.878 0.834 228.915 2 241.438 37.253 0 0.573
43646 5 5 10 0 0.086 0.412 0.011 0.878 0.834 233.832 3 242.045 40.58 0 0.493
43646 6 5 10 0 0.086 0.412 0.011 0.878 0.834 221.326 1 239.02 29.733 0 0.513
43646 7 5 10 0 0.086 0.412 0.011 0.878 0.834 220.366 2 239.517 34.993 0 0.553
43646 8 5 10 0 0.086 0.412 0.011 0.878 0.834 227.69 3 238.889 46.027 0 0.487
43646 9 5 10 0 0.086 0.412 0.011 0.878 0.834 224.82 1 236.963 34.967 0 0.447
43646 10 5 10 0 0.086 0.412 0.011 0.878 0.834 228.322 2 240.086 36.873 0 0.553
43646 1 5 10 0 0.05 0.237 0.15 0.773 0.013 248.769 3498 249.823 4512.48 0 0
43646 2 5 10 0 0.05 0.237 0.15 0.773 0.013 248.387 3076 249.621 3488.813 0 0
43646 3 5 10 0 0.05 0.237 0.15 0.773 0.013 249.084 4372 249.88 4886.047 0 0
43646 4 5 10 0 0.05 0.237 0.15 0.773 0.013 248.693 3092 249.845 4545.273 0 0
43646 5 5 10 0 0.05 0.237 0.15 0.773 0.013 248.509 3627 249.758 4210.053 0 0
43646 6 5 10 0 0.05 0.237 0.15 0.773 0.013 248.913 3684 249.831 4452.12 0 0
43646 7 5 10 0 0.05 0.237 0.15 0.773 0.013 248.891 3947 249.809 4631.527 0 0
43646 8 5 10 0 0.05 0.237 0.15 0.773 0.013 248.378 4329 249.893 5119.047 0 0
43646 9 5 10 0 0.05 0.237 0.15 0.773 0.013 248.245 3119 249.74 3963.027 0 0
43646 10 5 10 0 0.05 0.237 0.15 0.773 0.013 248.514 3300 249.76 3945.267 0 0
43646 1 5 10 0 0.09 0.103 0.223 0.852 0.213 216.569 1 235.634 111.78 0 0.467
43646 2 5 10 0 0.09 0.103 0.223 0.852 0.213 204.353 2 228.743 113.24 0 0.367
43646 3 5 10 0 0.09 0.103 0.223 0.852 0.213 223.731 3 235.123 113.253 0 0.367
43646 4 5 10 0 0.09 0.103 0.223 0.852 0.213 207.542 4 224.941 114.14 0 0.32
43646 5 5 10 0 0.09 0.103 0.223 0.852 0.213 213.559 3 230.608 119.427 0 0.38
43646 6 5 10 0 0.09 0.103 0.223 0.852 0.213 222.699 1 233.161 118.06 0 0.373
43646 7 5 10 0 0.09 0.103 0.223 0.852 0.213 211.334 1 229.12 111.287 0 0.34
43646 8 5 10 0 0.09 0.103 0.223 0.852 0.213 216.362 1 229.323 105.72 0 0.407
43646 9 5 10 0 0.09 0.103 0.223 0.852 0.213 220.229 1 231.898 113.18 0 0.273
43646 10 5 10 0 0.09 0.103 0.223 0.852 0.213 208.011 3 221.669 132.707 0 0.413
43646 1 5 10 0 0.045 0.311 0.314 0.942 0.182 149.94 6 160.081 393.627 0 0.1
43646 2 5 10 0 0.045 0.311 0.314 0.942 0.182 156.623 3 171.08 356.98 0 0.067
43646 3 5 10 0 0.045 0.311 0.314 0.942 0.182 138.952 2 157.583 361.207 0 0.093
43646 4 5 10 0 0.045 0.311 0.314 0.942 0.182 111.557 3 135.366 308.747 0 0.067
43646 5 5 10 0 0.045 0.311 0.314 0.942 0.182 167.502 6 176.454 386.973 0 0.3
43646 6 5 10 0 0.045 0.311 0.314 0.942 0.182 143.51 3 154.189 402.373 0 0.053
43646 7 5 10 0 0.045 0.311 0.314 0.942 0.182 147.432 7 162.299 416.987 0 0.24
43646 8 5 10 0 0.045 0.311 0.314 0.942 0.182 155.542 8 169.835 359.8 0 0.007
43646 9 5 10 0 0.045 0.311 0.314 0.942 0.182 151.716 5 163.808 348.18 0 0.04
43646 10 5 10 0 0.045 0.311 0.314 0.942 0.182 159.27 7 172.377 413.54 0 0.107
43646 1 5 10 0 0.054 0.469 0.209 0.937 0.494 229.052 3 238.951 105.18 0 0.393
43646 2 5 10 0 0.054 0.469 0.209 0.937 0.494 226.194 1 240.125 92.307 0 0.367
43646 3 5 10 0 0.054 0.469 0.209 0.937 0.494 226.309 2 239.74 92.193 0 0.307
43646 4 5 10 0 0.054 0.469 0.209 0.937 0.494 220.894 4 235.59 103.993 0 0.273
43646 5 5 10 0 0.054 0.469 0.209 0.937 0.494 217.058 0 235.908 99.153 0 0.34
43646 6 5 10 0 0.054 0.469 0.209 0.937 0.494 221.394 8 237.394 120.207 0 0.173
43646 7 5 10 0 0.054 0.469 0.209 0.937 0.494 228.534 1 239.934 94.44 0 0.447
43646 8 5 10 0 0.054 0.469 0.209 0.937 0.494 228.36 1 240.247 91.527 0 0.44
43646 9 5 10 0 0.054 0.469 0.209 0.937 0.494 230.756 3 240.787 97.507 0 0.3
43646 10 5 10 0 0.054 0.469 0.209 0.937 0.494 218.057 9 233.616 120.313 0 0.107
43646 1 5 10 0 0.03 0.288 0.052 0.779 0.91 232.345 4 244.556 38.687 0 0.667
43646 2 5 10 0 0.03 0.288 0.052 0.779 0.91 232.035 2 242.775 31.933 0 0.68
43646 3 5 10 0 0.03 0.288 0.052 0.779 0.91 233.493 3 243.603 33.62 0 0.647
43646 4 5 10 0 0.03 0.288 0.052 0.779 0.91 234.808 3 243.632 32.36 0 0.653
43646 5 5 10 0 0.03 0.288 0.052 0.779 0.91 226.332 1 242.149 28.253 0 0.667
43646 6 5 10 0 0.03 0.288 0.052 0.779 0.91 229.977 1 242.366 28.52 0 0.64
43646 7 5 10 0 0.03 0.288 0.052 0.779 0.91 230.703 1 241.909 27.067 0 0.587
43646 8 5 10 0 0.03 0.288 0.052 0.779 0.91 234.193 3 242.517 28.473 0 0.64
43646 9 5 10 0 0.03 0.288 0.052 0.779 0.91 228.734 4 239.222 32.947 0 0.607
43646 10 5 10 0 0.03 0.288 0.052 0.779 0.91 232.405 3 243.719 34.42 0 0.667
43646 1 5 10 0 0.092 0.115 0.244 0.905 0.195 218.667 4 228.892 139.24 0 0.44
43646 2 5 10 0 0.092 0.115 0.244 0.905 0.195 220.575 1 230.421 177.687 0 0.413
43646 3 5 10 0 0.092 0.115 0.244 0.905 0.195 205.613 2 222.778 170.64 0 0.353
43646 4 5 10 0 0.092 0.115 0.244 0.905 0.195 213.489 1 229.175 195.233 0 0.433
43646 5 5 10 0 0.092 0.115 0.244 0.905 0.195 206.037 7 223.388 172.733 0 0.24
43646 6 5 10 0 0.092 0.115 0.244 0.905 0.195 222.099 4 233.957 180.707 0 0.527
43646 7 5 10 0 0.092 0.115 0.244 0.905 0.195 222.756 3 234.586 154.333 0 0.393
43646 8 5 10 0 0.092 0.115 0.244 0.905 0.195 199.795 1 223.808 160.46 0 0.34
43646 9 5 10 0 0.092 0.115 0.244 0.905 0.195 210.842 2 223.587 178.327 0 0.313
43646 10 5 10 0 0.092 0.115 0.244 0.905 0.195 214.393 1 230.703 154.267 0 0.333
43646 1 5 10 0 0.004 0.277 0.128 0.778 0.94 232.79 2 244.797 33.633 0 0.727
43646 2 5 10 0 0.004 0.277 0.128 0.778 0.94 237.338 4 246.618 33.44 0 0.667
43646 3 5 10 0 0.004 0.277 0.128 0.778 0.94 229.076 2 244.339 35.987 0 0.727
43646 4 5 10 0 0.004 0.277 0.128 0.778 0.94 234.744 4 246.037 33.767 0 0.667
43646 5 5 10 0 0.004 0.277 0.128 0.778 0.94 229.661 0 244.503 28.847 0 0.733
43646 6 5 10 0 0.004 0.277 0.128 0.778 0.94 237.664 1 245.984 32.007 0 0.773
43646 7 5 10 0 0.004 0.277 0.128 0.778 0.94 235.482 0 245.713 27.907 0 0.693
43646 8 5 10 0 0.004 0.277 0.128 0.778 0.94 235.583 1 245.427 28.487 0 0.733
43646 9 5 10 0 0.004 0.277 0.128 0.778 0.94 238.214 0 246.298 29.887 0 0.76
43646 1 5 4 0 0.048 0.26 0.211 0.877 0.961 0 11 0.165 11 1 0
43646 2 5 4 0 0.048 0.26 0.211 0.877 0.961 0.597 11 2.307 29.607 1 0
43646 3 5 4 0 0.048 0.26 0.211 0.877 0.961 0.547 9 1.544 21.647 1 0.013
43646 4 5 4 0 0.048 0.26 0.211 0.877 0.961 0 9 0.012 9 1 1
43646 5 5 4 0 0.048 0.26 0.211 0.877 0.961 0.498 12 1.964 31.1 1 0
43646 6 5 4 0 0.048 0.26 0.211 0.877 0.961 0 16 0.293 17.713 1 0
43646 7 5 4 0 0.048 0.26 0.211 0.877 0.961 1.182 11 2.32 31.707 1 0
43646 8 5 4 0 0.048 0.26 0.211 0.877 0.961 0.498 15 1.495 28.06 1 0
43646 9 5 4 0 0.048 0.26 0.211 0.877 0.961 0.895 8 2.04 30.553 1 0.007
43646 10 5 4 0 0.048 0.26 0.211 0.877 0.961 0.893 16 2.155 34.487 1 0
43646 1 5 4 0 0.059 0.142 0.163 0.802 0.478 0.05 11 0.584 16.767 1 0
43646 2 5 4 0 0.059 0.142 0.163 0.802 0.478 0.647 14 3.183 31.807 0.88 0
43646 3 5 4 0 0.059 0.142 0.163 0.802 0.478 15.476 19 21.05 78.387 0 0
43646 4 5 4 0 0.059 0.142 0.163 0.802 0.478 0.945 14 2.341 31.48 1 0
43646 5 5 4 0 0.059 0.142 0.163 0.802 0.478 0 7 0.072 7 1 1
43646 6 5 4 0 0.059 0.142 0.163 0.802 0.478 16.895 14 21.163 67.287 0 0
43646 7 5 4 0 0.059 0.142 0.163 0.802 0.478 20.836 10 23.359 74.46 0 0
43646 8 5 4 0 0.059 0.142 0.163 0.802 0.478 0 8 0.021 8 1 1
43646 9 5 4 0 0.059 0.142 0.163 0.802 0.478 1.393 13 2.466 35.2 1 0
43646 10 5 4 0 0.059 0.142 0.163 0.802 0.478 21.72 11 23.422 77.013 0 0
43646 1 5 4 0 0.077 0.278 0.343 0.764 0.925 0.448 12 1.839 29.747 1 0
43646 2 5 4 0 0.077 0.278 0.343 0.764 0.925 1.576 8 2.602 31.267 1 0.04
43646 3 5 4 0 0.077 0.278 0.343 0.764 0.925 1.488 14 2.597 33.26 1 0
43646 4 5 4 0 0.077 0.278 0.343 0.764 0.925 1.044 12 2.269 31.767 1 0
43646 5 5 4 0 0.077 0.278 0.343 0.764 0.925 0.696 14 1.423 32.98 1 0
43646 6 5 4 0 0.077 0.278 0.343 0.764 0.925 1.093 14 2.268 35.3 1 0
43646 7 5 4 0 0.077 0.278 0.343 0.764 0.925 0.995 17 2.197 34.153 1 0
43646 8 5 4 0 0.077 0.278 0.343 0.764 0.925 0 12 0.204 12.593 1 0
43646 9 5 4 0 0.077 0.278 0.343 0.764 0.925 0.646 12 2.658 30.22 0.933 0
43646 10 5 4 0 0.077 0.278 0.343 0.764 0.925 0.845 15 1.877 31.04 1 0
43646 1 5 4 0 0.002 0.467 0.066 0.98 0.068 246.374 1428 248.892 2139.36 0 0
43646 2 5 4 0 0.002 0.467 0.066 0.98 0.068 245.388 1438 248.837 2221.633 0 0
43646 3 5 4 0 0.002 0.467 0.066 0.98 0.068 243.209 1356 248.801 1977.827 0 0
43646 4 5 4 0 0.002 0.467 0.066 0.98 0.068 246.159 1724 249.17 2274.06 0 0
43646 5 5 4 0 0.002 0.467 0.066 0.98 0.068 247.074 1796 249.124 2167.667 0 0
43646 6 5 4 0 0.002 0.467 0.066 0.98 0.068 245.386 1537 248.85 2012.393 0 0
43646 7 5 4 0 0.002 0.467 0.066 0.98 0.068 245.435 1986 249.007 2491.913 0 0
43646 8 5 4 0 0.002 0.467 0.066 0.98 0.068 246.877 1733 249.148 2105.893 0 0
43646 9 5 4 0 0.002 0.467 0.066 0.98 0.068 245.876 1607 248.77 2258.247 0 0
43646 10 5 4 0 0.002 0.467 0.066 0.98 0.068 243.133 1550 248.425 2184.593 0 0
43646 1 5 4 0 0.011 0.007 0.055 0.766 0.924 1.874 13 3.262 30.347 0.947 0
43646 2 5 4 0 0.011 0.007 0.055 0.766 0.924 0 8 0.13 8 1 1
43646 3 5 4 0 0.011 0.007 0.055 0.766 0.924 0 7 0 7 1 1
43646 4 5 4 0 0.011 0.007 0.055 0.766 0.924 0.491 13 2.673 29.847 1 0
43646 5 5 4 0 0.011 0.007 0.055 0.766 0.924 0 13 0.043 13 1 0
43646 6 5 4 0 0.011 0.007 0.055 0.766 0.924 0.995 11 1.94 27.447 1 0
43646 7 5 4 0 0.011 0.007 0.055 0.766 0.924 1.045 14 2.092 32.913 1 0
43646 8 5 4 0 0.011 0.007 0.055 0.766 0.924 0 9 0.045 9 1 1
43646 9 5 4 0 0.011 0.007 0.055 0.766 0.924 0 14 0.412 16.873 1 0
43646 10 5 4 0 0.011 0.007 0.055 0.766 0.924 0.1 18 0.829 27.76 1 0
43646 1 5 4 0 0.004 0.407 0.12 0.934 0.641 6.852 10 9.111 42.107 0 0
43646 2 5 4 0 0.004 0.407 0.12 0.934 0.641 0.794 16 1.533 30.86 1 0
43646 3 5 4 0 0.004 0.407 0.12 0.934 0.641 0.796 11 1.801 31.127 1 0
43646 4 5 4 0 0.004 0.407 0.12 0.934 0.641 0.794 16 2.394 33.473 0.993 0
43646 5 5 4 0 0.004 0.407 0.12 0.934 0.641 1.393 18 2.444 36.7 1 0
43646 6 5 4 0 0.004 0.407 0.12 0.934 0.641 1.045 9 2.48 30.373 1 0.02
43646 7 5 4 0 0.004 0.407 0.12 0.934 0.641 1.839 14 3.016 36.173 1 0
43646 8 5 4 0 0.004 0.407 0.12 0.934 0.641 0.597 12 1.528 26.613 1 0
43646 9 5 4 0 0.004 0.407 0.12 0.934 0.641 1.987 14 3.632 35.7 0.833 0
43646 10 5 4 0 0.004 0.407 0.12 0.934 0.641 1.485 17 2.544 31.427 1 0
43646 1 5 4 0 0.094 0.402 0.463 0.847 0.607 0.746 13 1.426 26.933 1 0
43646 2 5 4 0 0.094 0.402 0.463 0.847 0.607 0.348 14 1.496 25.313 1 0
43646 3 5 4 0 0.094 0.402 0.463 0.847 0.607 0 11 0.707 16.927 1 0
43646 4 5 4 0 0.094 0.402 0.463 0.847 0.607 0.646 13 1.572 27.313 1 0
43646 5 5 4 0 0.094 0.402 0.463 0.847 0.607 0 16 0.249 16.987 1 0
43646 6 5 4 0 0.094 0.402 0.463 0.847 0.607 0.796 16 1.625 28.733 1 0
43646 7 5 4 0 0.094 0.402 0.463 0.847 0.607 1.192 12 2.752 32.593 1 0
43646 8 5 4 0 0.094 0.402 0.463 0.847 0.607 0.688 15 2.226 32.96 1 0
43646 9 5 4 0 0.094 0.402 0.463 0.847 0.607 1.342 20 3.248 37.007 1 0
43646 10 5 4 0 0.094 0.402 0.463 0.847 0.607 0.597 7 1.786 26.94 1 0.02
43646 1 5 4 0 0.022 0.177 0.111 0.954 0.131 236.586 662 244.759 1294.9 0 0
43646 2 5 4 0 0.022 0.177 0.111 0.954 0.131 242.229 796 246.714 1364.38 0 0
43646 3 5 4 0 0.022 0.177 0.111 0.954 0.131 240.251 722 245.286 1295.287 0 0
43646 4 5 4 0 0.022 0.177 0.111 0.954 0.131 235.759 711 243.614 1291.253 0 0
43646 5 5 4 0 0.022 0.177 0.111 0.954 0.131 237.932 623 246.255 1356.233 0 0
43646 6 5 4 0 0.022 0.177 0.111 0.954 0.131 241.069 786 245.281 1383.947 0 0
43646 7 5 4 0 0.022 0.177 0.111 0.954 0.131 238.765 623 244.912 1296.367 0 0
43646 8 5 4 0 0.022 0.177 0.111 0.954 0.131 238.903 314 244.624 1285.707 0 0
43646 9 5 4 0 0.022 0.177 0.111 0.954 0.131 237.983 466 244.215 1155.407 0 0
43646 10 5 4 0 0.022 0.177 0.111 0.954 0.131 230.096 491 245.356 1323.067 0 0
43646 1 5 4 0 0.068 0.362 0.083 0.842 0.055 248.285 3066 249.577 3501.32 0 0
43646 2 5 4 0 0.068 0.362 0.083 0.842 0.055 247.921 2941 249.578 3500.573 0 0
43646 3 5 4 0 0.068 0.362 0.083 0.842 0.055 247.623 3546 249.724 4166.18 0 0
43646 4 5 4 0 0.068 0.362 0.083 0.842 0.055 247.409 3056 249.715 3857.2 0 0
43646 5 5 4 0 0.068 0.362 0.083 0.842 0.055 247.892 3205 249.586 3608.907 0 0
43646 6 5 4 0 0.068 0.362 0.083 0.842 0.055 247.875 2909 249.471 3256.66 0 0
43646 7 5 4 0 0.068 0.362 0.083 0.842 0.055 247.312 3275 249.659 3834.32 0 0
43646 8 5 4 0 0.068 0.362 0.083 0.842 0.055 248.011 3369 249.676 3972.053 0 0
43646 9 5 4 0 0.068 0.362 0.083 0.842 0.055 248.381 3392 249.677 3903.587 0 0
43646 10 5 4 0 0.068 0.362 0.083 0.842 0.055 248.416 3229 249.671 3664.56 0 0
43646 1 5 4 0 0.012 0.468 0.326 0.808 0.868 0.646 15 2.061 31.3 1 0
43646 2 5 4 0 0.012 0.468 0.326 0.808 0.868 0.498 15 1.728 28.813 1 0
43646 3 5 4 0 0.012 0.468 0.326 0.808 0.868 0.498 11 1.311 25.68 1 0
43646 4 5 4 0 0.012 0.468 0.326 0.808 0.868 1.081 11 2.635 30.793 1 0
43646 5 5 4 0 0.012 0.468 0.326 0.808 0.868 0 9 0.075 9 1 1
43646 6 5 4 0 0.012 0.468 0.326 0.808 0.868 0 13 0.059 13 1 0
43646 7 5 4 0 0.012 0.468 0.326 0.808 0.868 0.945 19 1.871 30.187 1 0
43646 8 5 4 0 0.012 0.468 0.326 0.808 0.868 0.796 18 2.727 33.073 0.993 0
43646 9 5 4 0 0.012 0.468 0.326 0.808 0.868 0.448 9 1.92 24.207 1 0.007
43646 10 5 4 0 0.012 0.468 0.326 0.808 0.868 1.432 18 2.304 34.287 1 0
43646 1 5 4 0 0.014 0.313 0.038 0.787 0.201 246.33 1511 249.016 2046.333 0 0
43646 2 5 4 0 0.014 0.313 0.038 0.787 0.201 246.727 1661 248.853 2092.093 0 0
43646 3 5 4 0 0.014 0.313 0.038 0.787 0.201 244.236 1376 248.465 1846.76 0 0
43646 4 5 4 0 0.014 0.313 0.038 0.787 0.201 246.418 1584 248.829 2000.7 0 0
43646 5 5 4 0 0.014 0.313 0.038 0.787 0.201 246.893 1711 249.168 2361.96 0 0
43646 6 5 4 0 0.014 0.313 0.038 0.787 0.201 246.096 1564 249.05 2109.653 0 0
43646 7 5 4 0 0.014 0.313 0.038 0.787 0.201 246.354 1701 249.098 2049.613 0 0
43646 8 5 4 0 0.014 0.313 0.038 0.787 0.201 246.614 1523 249.029 2095.933 0 0
43646 1 5 6 0 0.011 0.046 0.044 0.96 0.522 0.639 13 1.543 23.593 1 0
43646 2 5 6 0 0.011 0.046 0.044 0.96 0.522 20.285 9 22.832 72.72 0 0.007
43646 3 5 6 0 0.011 0.046 0.044 0.96 0.522 0.596 11 2.296 26.547 1 0
43646 4 5 6 0 0.011 0.046 0.044 0.96 0.522 0.547 10 1.236 22.84 1 0
43646 5 5 6 0 0.011 0.046 0.044 0.96 0.522 0.995 17 1.928 32.747 1 0
43646 6 5 6 0 0.011 0.046 0.044 0.96 0.522 21.824 17 25.929 78.58 0 0
43646 7 5 6 0 0.011 0.046 0.044 0.96 0.522 0 8 0.064 8 1 1
43646 8 5 6 0 0.011 0.046 0.044 0.96 0.522 0.895 13 1.809 27.747 1 0
43646 9 5 6 0 0.011 0.046 0.044 0.96 0.522 1.243 14 2.472 36.713 0.993 0
43646 10 5 6 0 0.011 0.046 0.044 0.96 0.522 0.348 13 2.129 30.887 1 0
43646 1 5 6 0 0.036 0.112 0.306 0.904 0.397 0.448 7 2.388 27.06 1 0.04
43646 2 5 6 0 0.036 0.112 0.306 0.904 0.397 0.398 14 1.701 29.333 1 0
43646 3 5 6 0 0.036 0.112 0.306 0.904 0.397 0.894 8 2.192 26.72 1 0.047
43646 4 5 6 0 0.036 0.112 0.306 0.904 0.397 0.846 8 2.056 26.047 1 0.013
43646 5 5 6 0 0.036 0.112 0.306 0.904 0.397 1.044 15 2.28 30.293 1 0
43646 6 5 6 0 0.036 0.112 0.306 0.904 0.397 0 8 0.087 8 1 1
43646 7 5 6 0 0.036 0.112 0.306 0.904 0.397 0 4 0.012 4 1 1
43646 8 5 6 0 0.036 0.112 0.306 0.904 0.397 0.05 14 1.317 25.007 1 0
43646 9 5 6 0 0.036 0.112 0.306 0.904 0.397 0.398 12 1.54 26.9 1 0
43646 10 5 6 0 0.036 0.112 0.306 0.904 0.397 0 7 0.099 7 1 1
43646 1 5 6 0 0.046 0.412 0.258 0.854 0.084 241.951 578 246.427 1687.28 0 0
43646 2 5 6 0 0.046 0.412 0.258 0.854 0.084 238.456 421 246.204 1396.027 0 0
43646 3 5 6 0 0.046 0.412 0.258 0.854 0.084 240.453 804 247.146 1711.82 0 0
43646 4 5 6 0 0.046 0.412 0.258 0.854 0.084 234.039 788 244.441 1598.627 0 0
43646 5 5 6 0 0.046 0.412 0.258 0.854 0.084 240.897 795 246.128 1519.04 0 0
43646 6 5 6 0 0.046 0.412 0.258 0.854 0.084 237.358 735 245.912 1567.213 0 0
43646 7 5 6 0 0.046 0.412 0.258 0.854 0.084 236.516 605 247.133 1669.807 0 0
43646 8 5 6 0 0.046 0.412 0.258 0.854 0.084 238.692 919 246.906 1484.7 0 0
43646 9 5 6 0 0.046 0.412 0.258 0.854 0.084 240.521 793 247.253 1656.547 0 0
43646 10 5 6 0 0.046 0.412 0.258 0.854 0.084 242.756 943 247.791 1805.187 0 0
43646 1 5 6 0 0.091 0.39 0.298 0.771 0.245 149.881 9 157.972 517.14 0 0.047
43646 2 5 6 0 0.091 0.39 0.298 0.771 0.245 96.756 9 105.472 279.62 0 0.013
43646 3 5 6 0 0.091 0.39 0.298 0.771 0.245 82.047 10 99.833 297.44 0 0
43646 4 5 6 0 0.091 0.39 0.298 0.771 0.245 149.297 5 162.065 408.627 0 0.027
43646 5 5 6 0 0.091 0.39 0.298 0.771 0.245 147.213 6 156.134 436.473 0 0.053
43646 6 5 6 0 0.091 0.39 0.298 0.771 0.245 125.491 1 137.43 372.493 0 0.147
43646 7 5 6 0 0.091 0.39 0.298 0.771 0.245 173.32 4 183.507 551.46 0 0.02
43646 8 5 6 0 0.091 0.39 0.298 0.771 0.245 99.581 4 109.944 274.78 0 0.233
43646 9 5 6 0 0.091 0.39 0.298 0.771 0.245 101.82 2 110.28 261.707 0 0.3
43646 10 5 6 0 0.091 0.39 0.298 0.771 0.245 117.313 5 129.011 375.713 0 0.113
43646 1 5 6 0 0.036 0.479 0.316 0.764 0.982 0 8 0.161 8.913 1 0.847
43646 2 5 6 0 0.036 0.479 0.316 0.764 0.982 0.05 8 1.923 23.36 1 0.033
43646 3 5 6 0 0.036 0.479 0.316 0.764 0.982 0 10 0.128 10 1 0
43646 4 5 6 0 0.036 0.479 0.316 0.764 0.982 1.293 10 2.744 29.647 1 0
43646 5 5 6 0 0.036 0.479 0.316 0.764 0.982 0.05 12 0.934 21.26 1 0
43646 6 5 6 0 0.036 0.479 0.316 0.764 0.982 0 11 0.241 11.867 1 0
43646 7 5 6 0 0.036 0.479 0.316 0.764 0.982 0.597 14 2.394 31.04 1 0
43646 8 5 6 0 0.036 0.479 0.316 0.764 0.982 0.05 4 0.213 4 1 1
43646 9 5 6 0 0.036 0.479 0.316 0.764 0.982 0.995 14 1.731 27.733 1 0
43646 10 5 6 0 0.036 0.479 0.316 0.764 0.982 0.05 13 0.637 20.187 1 0
43646 1 5 6 0 0.075 0.339 0.399 0.892 0.651 0.149 15 1.404 25.44 1 0
43646 2 5 6 0 0.075 0.339 0.399 0.892 0.651 0.199 8 1.333 20.687 1 0.18
43646 3 5 6 0 0.075 0.339 0.399 0.892 0.651 0.05 17 0.402 21.84 1 0
43646 4 5 6 0 0.075 0.339 0.399 0.892 0.651 0 12 0.442 14.9 1 0
43646 5 5 6 0 0.075 0.339 0.399 0.892 0.651 0.05 10 0.192 10 1 0
43646 6 5 6 0 0.075 0.339 0.399 0.892 0.651 0.299 13 1.033 24.927 1 0
43646 7 5 6 0 0.075 0.339 0.399 0.892 0.651 0 14 0.196 14 1 0
43646 8 5 6 0 0.075 0.339 0.399 0.892 0.651 0 17 0.717 24.253 1 0
43646 9 5 6 0 0.075 0.339 0.399 0.892 0.651 1.192 19 2.159 33.673 1 0
43646 10 5 6 0 0.075 0.339 0.399 0.892 0.651 0.547 12 1.608 26.913 1 0
43646 1 5 6 0 0.079 0.477 0.214 0.896 0.08 244.922 1853 248.999 2408.833 0 0
43646 2 5 6 0 0.079 0.477 0.214 0.896 0.08 244.525 1554 248.635 2186.787 0 0
43646 3 5 6 0 0.079 0.477 0.214 0.896 0.08 247.463 1933 249.359 2608.7 0 0
43646 4 5 6 0 0.079 0.477 0.214 0.896 0.08 247.688 1472 249.297 2393.247 0 0
43646 5 5 6 0 0.079 0.477 0.214 0.896 0.08 246.112 1764 249.045 2338.353 0 0
43646 6 5 6 0 0.079 0.477 0.214 0.896 0.08 241.336 1372 248.788 2241.507 0 0
43646 7 5 6 0 0.079 0.477 0.214 0.896 0.08 244.289 1657 248.941 2350.567 0 0
43646 8 5 6 0 0.079 0.477 0.214 0.896 0.08 245.509 1941 249.24 2421.533 0 0
43646 9 5 6 0 0.079 0.477 0.214 0.896 0.08 245.265 1555 248.851 2232.193 0 0
43646 10 5 6 0 0.079 0.477 0.214 0.896 0.08 244.857 1952 248.994 2430.033 0 0
43646 1 5 6 0 0.08 0.27 0.025 0.894 0.88 0.348 10 1.736 22.2 1 0
43646 2 5 6 0 0.08 0.27 0.025 0.894 0.88 0 8 0.05 8 1 1
43646 3 5 6 0 0.08 0.27 0.025 0.894 0.88 0 16 1.077 23.98 1 0
43646 4 5 6 0 0.08 0.27 0.025 0.894 0.88 0 11 0.166 11.24 1 0
43646 5 5 6 0 0.08 0.27 0.025 0.894 0.88 0.498 12 1.586 26.627 1 0
43646 6 5 6 0 0.08 0.27 0.025 0.894 0.88 0.398 14 1.409 28.407 1 0
43646 7 5 6 0 0.08 0.27 0.025 0.894 0.88 0 12 0.082 12 1 0
43646 8 5 6 0 0.08 0.27 0.025 0.894 0.88 0.746 15 1.522 29.107 1 0
43646 9 5 6 0 0.08 0.27 0.025 0.894 0.88 0.398 9 1.151 21.62 1 0.033
43646 10 5 6 0 0.08 0.27 0.025 0.894 0.88 1.044 15 2.044 30.02 1 0
43646 1 5 6 0 0.051 0.484 0.096 0.936 0.385 229.285 195 241.196 1026.813 0 0
43646 2 5 6 0 0.051 0.484 0.096 0.936 0.385 227.952 3 240.818 991.847 0 0.02
43646 3 5 6 0 0.051 0.484 0.096 0.936 0.385 230.292 3 240.593 1072.673 0 0.013
43646 4 5 6 0 0.051 0.484 0.096 0.936 0.385 234.519 3 243.319 998.513 0 0.02
43646 5 5 6 0 0.051 0.484 0.096 0.936 0.385 228.382 5 241.916 911.593 0 0.047
43646 6 5 6 0 0.051 0.484 0.096 0.936 0.385 233.838 237 243.759 1113.02 0 0
43646 7 5 6 0 0.051 0.484 0.096 0.936 0.385 233.621 49 243.421 1072.02 0 0
43646 8 5 6 0 0.051 0.484 0.096 0.936 0.385 234.525 381 242.15 1017.327 0 0
43646 9 5 6 0 0.051 0.484 0.096 0.936 0.385 232.762 8 242.223 1135.367 0 0.013
43646 10 5 6 0 0.051 0.484 0.096 0.936 0.385 234.475 59 242.306 1088.293 0 0
43646 1 5 6 0 0.101 0.107 0.365 0.868 0.494 0.746 12 1.889 26.42 1 0
43646 2 5 6 0 0.101 0.107 0.365 0.868 0.494 0.1 8 0.652 17.84 1 0.02
43646 3 5 6 0 0.101 0.107 0.365 0.868 0.494 0.597 7 1.818 18.447 1 0.107
43646 4 5 6 0 0.101 0.107 0.365 0.868 0.494 0.498 13 1.281 24.92 1 0
43646 5 5 6 0 0.101 0.107 0.365 0.868 0.494 0.1 5 1.091 15.98 1 0.26
43646 6 5 6 0 0.101 0.107 0.365 0.868 0.494 0.745 8 1.764 23.353 1 0.013
43646 7 5 6 0 0.101 0.107 0.365 0.868 0.494 0.448 13 2.183 32.547 1 0
43646 8 5 6 0 0.101 0.107 0.365 0.868 0.494 0.448 9 1.585 23.5 1 0.013
43646 9 5 6 0 0.101 0.107 0.365 0.868 0.494 0.249 12 1.385 26.86 1 0
43646 10 5 6 0 0.101 0.107 0.365 0.868 0.494 0.547 15 1.458 29.867 1 0
43646 1 5 6 0 0.039 0.004 0.131 0.821 0.952 0 14 0.069 14 1 0
43646 2 5 6 0 0.039 0.004 0.131 0.821 0.952 0.943 21 2.062 33.753 1 0
43646 3 5 6 0 0.039 0.004 0.131 0.821 0.952 0.597 9 1.156 23.06 1 0.013
43646 4 5 6 0 0.039 0.004 0.131 0.821 0.952 0 9 0.009 9 1 1
43646 5 5 6 0 0.039 0.004 0.131 0.821 0.952 0 11 0.062 11.993 1 0
43646 6 5 6 0 0.039 0.004 0.131 0.821 0.952 0.645 14 1.772 28.313 1 0
43646 7 5 6 0 0.039 0.004 0.131 0.821 0.952 0 14 0.099 14.093 1 0
43646 8 5 6 0 0.039 0.004 0.131 0.821 0.952 0 12 0.744 16.98 1 0
43646 9 5 6 0 0.039 0.004 0.131 0.821 0.952 0.746 17 1.495 27.187 1 0
43646 10 5 6 0 0.039 0.004 0.131 0.821 0.952 0 12 0.148 12 1 0
43646 1 5 6 0 0.102 0.324 0.063 0.991 0.078 248.556 3846 249.793 4782.753 0 0
43646 2 5 6 0 0.102 0.324 0.063 0.991 0.078 248.329 3958 249.81 4809.513 0 0
43646 1 5 4 0 0.113 0.333 0.11 0.769 0.201 246.913 2065 249.344 2512.62 0 0
43646 2 5 4 0 0.113 0.333 0.11 0.769 0.201 245.183 1738 249.003 2113.54 0 0
43646 3 5 4 0 0.113 0.333 0.11 0.769 0.201 246.135 1988 249.115 2381.787 0 0
43646 4 5 4 0 0.113 0.333 0.11 0.769 0.201 247.454 2029 249.294 2489.153 0 0
43646 5 5 4 0 0.113 0.333 0.11 0.769 0.201 247.208 1884 249.186 2249.987 0 0
43646 6 5 4 0 0.113 0.333 0.11 0.769 0.201 246.452 1745 249.147 2232.413 0 0
43646 7 5 4 0 0.113 0.333 0.11 0.769 0.201 246.821 1721 249.075 2258.393 0 0
43646 8 5 4 0 0.113 0.333 0.11 0.769 0.201 247.502 2161 249.352 2626.753 0 0
43646 9 5 4 0 0.113 0.333 0.11 0.769 0.201 246.208 1799 249.024 2270.207 0 0
43646 10 5 4 0 0.113 0.333 0.11 0.769 0.201 247.396 1926 249.154 2259.693 0 0
43646 1 5 4 0 0.01 0.457 0.379 0.841 0.636 0.547 18 2.06 31.033 1 0
43646 2 5 4 0 0.01 0.457 0.379 0.841 0.636 0 8 0.246 8.347 1 0.92
43646 3 5 4 0 0.01 0.457 0.379 0.841 0.636 0.348 12 1.537 25.553 1 0
43646 4 5 4 0 0.01 0.457 0.379 0.841 0.636 0.597 13 2.136 32.453 1 0
43646 5 5 4 0 0.01 0.457 0.379 0.841 0.636 0.1 19 1.21 29.74 1 0
43646 6 5 4 0 0.01 0.457 0.379 0.841 0.636 1.144 14 2.267 31.967 1 0
43646 7 5 4 0 0.01 0.457 0.379 0.841 0.636 0.945 15 2.121 30.133 1 0
43646 8 5 4 0 0.01 0.457 0.379 0.841 0.636 0.448 12 1.373 26.327 1 0
43646 9 5 4 0 0.01 0.457 0.379 0.841 0.636 0 13 0.145 13 1 0
43646 10 5 4 0 0.01 0.457 0.379 0.841 0.636 1.934 14 3.637 38.207 0.853 0
43646 1 5 4 0 0.032 0.433 0.209 0.944 0.788 0.249 14 1.178 25.92 1 0
43646 2 5 4 0 0.032 0.433 0.209 0.944 0.788 1.293 13 2.473 31.113 1 0
43646 3 5 4 0 0.032 0.433 0.209 0.944 0.788 0 10 0.031 11.213 1 0
43646 4 5 4 0 0.032 0.433 0.209 0.944 0.788 1.292 20 2.209 35.56 1 0
43646 5 5 4 0 0.032 0.433 0.209 0.944 0.788 0.447 14 1.833 29.993 1 0
43646 6 5 4 0 0.032 0.433 0.209 0.944 0.788 0 5 0 5 1 1
43646 7 5 4 0 0.032 0.433 0.209 0.944 0.788 0.547 13 2.182 30.64 1 0
43646 8 5 4 0 0.032 0.433 0.209 0.944 0.788 0.995 12 2.324 32.68 1 0
43646 9 5 4 0 0.032 0.433 0.209 0.944 0.788 0.796 14 2.51 31.093 1 0
43646 10 5 4 0 0.032 0.433 0.209 0.944 0.788 1.541 13 2.499 30.253 1 0
43646 1 5 4 0 0.09 0.169 0.453 0.842 0.053 229.314 154 237.771 834.913 0 0
43646 2 5 4 0 0.09 0.169 0.453 0.842 0.053 217.801 201 230.769 907.62 0 0
43646 3 5 4 0 0.09 0.169 0.453 0.842 0.053 232.254 123 240.871 857.553 0 0
43646 4 5 4 0 0.09 0.169 0.453 0.842 0.053 230.539 175 240.121 899.58 0 0
43646 5 5 4 0 0.09 0.169 0.453 0.842 0.053 192.598 115 201.384 767.813 0 0
43646 6 5 4 0 0.09 0.169 0.453 0.842 0.053 226.368 78 241.076 842.5 0 0
43646 7 5 4 0 0.09 0.169 0.453 0.842 0.053 226.683 96 238.429 894.153 0 0
43646 8 5 4 0 0.09 0.169 0.453 0.842 0.053 218.712 183 232.177 869.253 0 0
43646 9 5 4 0 0.09 0.169 0.453 0.842 0.053 180.492 99 185.03 692.213 0 0
43646 10 5 4 0 0.09 0.169 0.453 0.842 0.053 229.949 45 240.678 811.833 0 0
43646 1 5 4 0 0.062 0.437 0.143 0.845 0.45 7.66 14 14.27 76.76 0 0
43646 2 5 4 0 0.062 0.437 0.143 0.845 0.45 37.074 5 42.887 92.34 0 0.153
43646 3 5 4 0 0.062 0.437 0.143 0.845 0.45 22.289 5 29.873 92.767 0 0.1
43646 4 5 4 0 0.062 0.437 0.143 0.845 0.45 29.004 6 32.803 76.907 0 0.127
43646 5 5 4 0 0.062 0.437 0.143 0.845 0.45 29.137 13 34.728 109.853 0 0
43646 6 5 4 0 0.062 0.437 0.143 0.845 0.45 34.653 8 40.293 92.447 0 0.013
43646 7 5 4 0 0.062 0.437 0.143 0.845 0.45 26.928 12 34.353 93.84 0 0
43646 8 5 4 0 0.062 0.437 0.143 0.845 0.45 28.746 8 32.328 94.08 0 0.047
43646 9 5 4 0 0.062 0.437 0.143 0.845 0.45 22.92 6 31.394 112.693 0 0.12
43646 10 5 4 0 0.062 0.437 0.143 0.845 0.45 31.994 12 37.104 95.613 0 0
43646 1 5 4 0 0.008 0.328 0.391 0.997 0.438 0.149 11 0.76 18.787 1 0
43646 2 5 4 0 0.008 0.328 0.391 0.997 0.438 0 12 0.084 12 1 0
43646 3 5 4 0 0.008 0.328 0.391 0.997 0.438 0.988 13 2.185 29.52 1 0
43646 4 5 4 0 0.008 0.328 0.391 0.997 0.438 0.796 16 1.83 32.427 1 0
43646 5 5 4 0 0.008 0.328 0.391 0.997 0.438 0.448 14 1.992 30.68 1 0
43646 6 5 4 0 0.008 0.328 0.391 0.997 0.438 2.054 13 3.646 30.02 0.92 0
43646 7 5 4 0 0.008 0.328 0.391 0.997 0.438 0 7 0.113 7 1 1
43646 8 5 4 0 0.008 0.328 0.391 0.997 0.438 1.095 16 1.9 32.653 1 0
43646 9 5 4 0 0.008 0.328 0.391 0.997 0.438 1.342 12 2.364 34.167 1 0
43646 10 5 4 0 0.008 0.328 0.391 0.997 0.438 0.745 13 2.234 32.347 1 0
43646 1 5 4 0 0.103 0.172 0.083 0.793 0.248 243.716 1112 247.332 1737.353 0 0
43646 2 5 4 0 0.103 0.172 0.083 0.793 0.248 240.28 1305 248.419 1881.047 0 0
43646 3 5 4 0 0.103 0.172 0.083 0.793 0.248 243.101 1142 248.535 1718.587 0 0
43646 4 5 4 0 0.103 0.172 0.083 0.793 0.248 234.012 847 244.964 1507.893 0 0
43646 5 5 4 0 0.103 0.172 0.083 0.793 0.248 244.215 1218 248.232 1823.293 0 0
43646 6 5 4 0 0.103 0.172 0.083 0.793 0.248 244.821 1351 248.651 1938.333 0 0
43646 7 5 4 0 0.103 0.172 0.083 0.793 0.248 241.461 938 247.587 1661.833 0 0
43646 8 5 4 0 0.103 0.172 0.083 0.793 0.248 244.393 1474 248.444 1951.893 0 0
43646 9 5 4 0 0.103 0.172 0.083 0.793 0.248 244.667 1138 247.965 1738.427 0 0
43646 10 5 4 0 0.103 0.172 0.083 0.793 0.248 241.821 1045 247.177 1710.973 0 0
43646 1 5 4 0 0.075 0.077 0.386 0.773 0.39 1.293 12 2.25 27.653 1 0
43646 2 5 4 0 0.075 0.077 0.386 0.773 0.39 1.144 15 2.181 32.02 1 0
43646 3 5 4 0 0.075 0.077 0.386 0.773 0.39 0.498 11 1.472 25.553 1 0
43646 4 5 4 0 0.075 0.077 0.386 0.773 0.39 1.193 17 2.336 33.24 1 0
43646 5 5 4 0 0.075 0.077 0.386 0.773 0.39 0.796 10 1.765 28.153 1 0
43646 6 5 4 0 0.075 0.077 0.386 0.773 0.39 0.596 14 2.021 28.667 1 0
43646 7 5 4 0 0.075 0.077 0.386 0.773 0.39 0 10 0.03 10 1 0
43646 8 5 4 0 0.075 0.077 0.386 0.773 0.39 0.945 19 2.282 34.353 1 0
43646 9 5 4 0 0.075 0.077 0.386 0.773 0.39 0.348 13 3.23 35.54 0.92 0
43646 10 5 4 0 0.075 0.077 0.386 0.773 0.39 1.242 9 2.033 29.493 1 0.007
43646 1 5 4 0 0.105 0.417 0.265 0.908 0.389 58.667 26 62.143 178.78 0 0
43646 2 5 4 0 0.105 0.417 0.265 0.908 0.389 44.198 9 49.919 152.04 0 0.007
43646 3 5 4 0 0.105 0.417 0.265 0.908 0.389 1.439 13 5.626 51.7 0.453 0
43646 4 5 4 0 0.105 0.417 0.265 0.908 0.389 53.442 14 56.831 157.513 0 0
43646 5 5 4 0 0.105 0.417 0.265 0.908 0.389 50.238 9 54.559 161.173 0 0.02
43646 6 5 4 0 0.105 0.417 0.265 0.908 0.389 9.61 6 14.328 53.727 0 0.067
43646 7 5 4 0 0.105 0.417 0.265 0.908 0.389 32.066 7 36.139 94.767 0 0.067
43646 8 5 4 0 0.105 0.417 0.265 0.908 0.389 28.128 5 32.31 81.72 0 0.08
43646 9 5 4 0 0.105 0.417 0.265 0.908 0.389 56.708 12 62.907 204.167 0 0
43646 10 5 4 0 0.105 0.417 0.265 0.908 0.389 32.832 15 39.154 161.867 0 0
43646 1 5 4 0 0.006 0.419 0.315 0.873 0.5 0.497 11 2.509 32.073 1 0
43646 2 5 4 0 0.006 0.419 0.315 0.873 0.5 0.795 9 2.312 27.973 1 0.027
43646 3 5 4 0 0.006 0.419 0.315 0.873 0.5 0 15 0.317 17.473 1 0
43646 4 5 4 0 0.006 0.419 0.315 0.873 0.5 0.348 11 1.394 27.913 1 0
43646 5 5 4 0 0.006 0.419 0.315 0.873 0.5 0.944 10 2.354 30.44 1 0
43646 6 5 4 0 0.006 0.419 0.315 0.873 0.5 1.193 15 2.016 31.62 1 0
43646 7 5 4 0 0.006 0.419 0.315 0.873 0.5 0.597 11 1.944 30.653 1 0
43646 8 5 4 0 0.006 0.419 0.315 0.873 0.5 0.348 13 1.248 26.153 1 0
43646 9 5 4 0 0.006 0.419 0.315 0.873 0.5 0.995 20 1.965 31.367 1 0
43646 10 5 4 0 0.006 0.419 0.315 0.873 0.5 0.447 16 2.262 32.387 1 0
43646 1 5 4 0 0.023 0.171 0.219 0.923 0.377 0.805 13 2.217 29.987 1 0
43646 2 5 4 0 0.023 0.171 0.219 0.923 0.377 0 10 0.494 14.527 1 0
43646 3 5 4 0 0.023 0.171 0.219 0.923 0.377 0.447 15 2.227 32.907 1 0
43646 4 5 4 0 0.023 0.171 0.219 0.923 0.377 1.094 14 4.133 38.427 0.687 0
43646 5 5 4 0 0.023 0.171 0.219 0.923 0.377 0.447 15 1.231 28.333 1 0
43646 6 5 4 0 0.023 0.171 0.219 0.923 0.377 0.1 11 1.632 28.387 1 0
43646 7 5 4 0 0.023 0.171 0.219 0.923 0.377 0.1 14 1.416 23.267 0.98 0
43646 1 5 6 0 0.081 0.059 0.067 0.918 0.537 0.249 4 1.377 17.273 1 0.18
43646 2 5 6 0 0.081 0.059 0.067 0.918 0.537 0 11 0.018 11 1 0
43646 3 5 6 0 0.081 0.059 0.067 0.918 0.537 0 10 0.175 10.667 1 0
43646 4 5 6 0 0.081 0.059 0.067 0.918 0.537 0.497 11 1.917 26.707 1 0
43646 5 5 6 0 0.081 0.059 0.067 0.918 0.537 0 17 0.337 18.447 1 0
43646 6 5 6 0 0.081 0.059 0.067 0.918 0.537 0.545 7 1.507 22.92 1 0.107
43646 7 5 6 0 0.081 0.059 0.067 0.918 0.537 1.482 12 3.028 31.34 0.967 0
43646 8 5 6 0 0.081 0.059 0.067 0.918 0.537 0.846 16 1.707 32.12 1 0
43646 9 5 6 0 0.081 0.059 0.067 0.918 0.537 0.995 9 1.766 25.3 1 0.007
43646 10 5 6 0 0.081 0.059 0.067 0.918 0.537 1.276 13 2.13 32.94 1 0
43646 1 5 6 0 0.003 0.482 0.235 0.944 0.914 0.149 11 0.74 18.233 1 0
43646 2 5 6 0 0.003 0.482 0.235 0.944 0.914 0 6 0.007 6 1 1
43646 3 5 6 0 0.003 0.482 0.235 0.944 0.914 0.647 9 1.662 23.567 1 0.033
43646 4 5 6 0 0.003 0.482 0.235 0.944 0.914 0.696 15 1.722 26.827 1 0
43646 5 5 6 0 0.003 0.482 0.235 0.944 0.914 1.836 13 4.907 37.833 0.473 0
43646 6 5 6 0 0.003 0.482 0.235 0.944 0.914 0.348 10 1.864 27.04 1 0
43646 7 5 6 0 0.003 0.482 0.235 0.944 0.914 0.348 11 1.646 27.52 1 0
43646 8 5 6 0 0.003 0.482 0.235 0.944 0.914 0.993 10 1.847 25.46 1 0
43646 9 5 6 0 0.003 0.482 0.235 0.944 0.914 0.398 16 1.213 29.7 1 0
43646 10 5 6 0 0.003 0.482 0.235 0.944 0.914 1.541 9 2.853 31.233 1 0.027
43646 1 5 6 0 0.009 0.175 0.072 0.799 0.731 0.746 16 1.595 29.693 1 0
43646 2 5 6 0 0.009 0.175 0.072 0.799 0.731 0.1 14 0.741 18.633 1 0
43646 3 5 6 0 0.009 0.175 0.072 0.799 0.731 0 15 0.864 24.14 1 0
43646 4 5 6 0 0.009 0.175 0.072 0.799 0.731 0.249 7 1.435 23.687 1 0.073
43646 5 5 6 0 0.009 0.175 0.072 0.799 0.731 0 15 0.698 21.273 1 0
43646 6 5 6 0 0.009 0.175 0.072 0.799 0.731 0.398 18 1.9 34.633 1 0
43646 7 5 6 0 0.009 0.175 0.072 0.799 0.731 0 10 0.089 10 1 0
43646 8 5 6 0 0.009 0.175 0.072 0.799 0.731 0 18 0.767 26.793 1 0
43646 9 5 6 0 0.009 0.175 0.072 0.799 0.731 0.547 10 1.551 28.133 1 0
43646 10 5 6 0 0.009 0.175 0.072 0.799 0.731 0.249 13 1.282 26.453 1 0
43646 1 5 6 0 0.051 0.169 0.173 0.877 0.509 0.647 18 1.471 30.907 1 0
43646 2 5 6 0 0.051 0.169 0.173 0.877 0.509 1.442 16 3.437 33.653 0.833 0
43646 3 5 6 0 0.051 0.169 0.173 0.877 0.509 0 5 0.233 8.033 1 0.947
43646 4 5 6 0 0.051 0.169 0.173 0.877 0.509 0 11 1.411 22.653 1 0
43646 5 5 6 0 0.051 0.169 0.173 0.877 0.509 0.448 11 1.298 21.753 1 0
43646 6 5 6 0 0.051 0.169 0.173 0.877 0.509 0.746 9 2.183 27.9 1 0.007
43646 7 5 6 0 0.051 0.169 0.173 0.877 0.509 0 10 0.144 10 1 0
43646 8 5 6 0 0.051 0.169 0.173 0.877 0.509 1.021 13 3.803 34.787 0.873 0
43646 9 5 6 0 0.051 0.169 0.173 0.877 0.509 0.647 9 2.518 31.493 1 0.013
43646 10 5 6 0 0.051 0.169 0.173 0.877 0.509 1.49 11 2.648 31.253 1 0
43646 1 5 6 0 0.08 0.491 0.168 0.823 0.696 0 8 0.085 8 1 1
43646 2 5 6 0 0.08 0.491 0.168 0.823 0.696 1.093 10 2.126 30.707 1 0
43646 3 5 6 0 0.08 0.491 0.168 0.823 0.696 0.647 9 1.901 28.653 1 0.007
43646 4 5 6 0 0.08 0.491 0.168 0.823 0.696 0.448 11 1.369 26.053 1 0
43646 5 5 6 0 0.08 0.491 0.168 0.823 0.696 0 12 0.068 12 1 0
43646 6 5 6 0 0.08 0.491 0.168 0.823 0.696 0 15 0.078 15 1 0
43646 7 5 6 0 0.08 0.491 0.168 0.823 0.696 1.587 10 2.833 30.82 1 0
43646 8 5 6 0 0.08 0.491 0.168 0.823 0.696 0 11 0.122 11 1 0
43646 9 5 6 0 0.08 0.491 0.168 0.823 0.696 0 11 0.157 11 1 0
43646 10 5 6 0 0.08 0.491 0.168 0.823 0.696 0 14 0.074 14 1 0
43646 1 5 6 0 0.024 0.115 0.022 0.901 0.171 247.925 2315 249.703 3284.133 0 0
43646 2 5 6 0 0.024 0.115 0.022 0.901 0.171 247.194 2395 249.408 2956.16 0 0
43646 3 5 6 0 0.024 0.115 0.022 0.901 0.171 247.576 2575 249.51 3022.88 0 0
43646 4 5 6 0 0.024 0.115 0.022 0.901 0.171 248.079 2635 249.581 3116.987 0 0
43646 5 5 6 0 0.024 0.115 0.022 0.901 0.171 248.058 2722 249.545 3360.667 0 0
43646 6 5 6 0 0.024 0.115 0.022 0.901 0.171 247.151 2443 249.449 3083.267 0 0
43646 7 5 6 0 0.024 0.115 0.022 0.901 0.171 247.487 2196 249.4 2999.98 0 0
43646 8 5 6 0 0.024 0.115 0.022 0.901 0.171 248.075 2450 249.489 3100.96 0 0
43646 9 5 6 0 0.024 0.115 0.022 0.901 0.171 247.891 2412 249.528 2901.22 0 0
43646 10 5 6 0 0.024 0.115 0.022 0.901 0.171 247.656 2137 249.522 3070.56 0 0
43646 1 5 6 0 0.099 0.186 0.026 0.932 0.906 0.596 8 1.533 23 1 0.04
43646 2 5 6 0 0.099 0.186 0.026 0.932 0.906 0.199 11 1.237 27.32 1 0
43646 3 5 6 0 0.099 0.186 0.026 0.932 0.906 0 10 0.067 10 1 0
43646 4 5 6 0 0.099 0.186 0.026 0.932 0.906 0.945 12 1.738 28.193 1 0
43646 5 5 6 0 0.099 0.186 0.026 0.932 0.906 0.149 12 1.345 24.34 1 0
43646 6 5 6 0 0.099 0.186 0.026 0.932 0.906 1.044 14 2.002 28.06 1 0
43646 7 5 6 0 0.099 0.186 0.026 0.932 0.906 0.697 13 1.793 25.867 1 0
43646 8 5 6 0 0.099 0.186 0.026 0.932 0.906 0.547 11 1.698 26.68 1 0
43646 9 5 6 0 0.099 0.186 0.026 0.932 0.906 0.647 16 2.435 33.207 1 0
43646 10 5 6 0 0.099 0.186 0.026 0.932 0.906 0.498 15 1.784 26.167 1 0
43646 1 5 6 0 0.01 0.429 0.352 0.916 0.881 0.448 13 1.328 24.14 1 0
43646 2 5 6 0 0.01 0.429 0.352 0.916 0.881 0.05 8 0.6 13.28 1 0.647
43646 3 5 6 0 0.01 0.429 0.352 0.916 0.881 0.696 11 1.486 26.867 1 0
43646 4 5 6 0 0.01 0.429 0.352 0.916 0.881 0.199 13 1.679 26.84 1 0
43646 5 5 6 0 0.01 0.429 0.352 0.916 0.881 0.945 12 1.931 27.787 1 0
43646 6 5 6 0 0.01 0.429 0.352 0.916 0.881 0 8 0.054 8 1 1
43646 7 5 6 0 0.01 0.429 0.352 0.916 0.881 0 16 0.121 16 1 0
43646 8 5 6 0 0.01 0.429 0.352 0.916 0.881 0.348 9 1.244 24.227 1 0.007
43646 9 5 6 0 0.01 0.429 0.352 0.916 0.881 0.547 10 1.28 21.453 1 0
43646 10 5 6 0 0.01 0.429 0.352 0.916 0.881 0 7 0.067 7 1 1
43646 1 5 6 0 0.098 0.361 0.417 0.942 0.768 1.244 9 2.29 28.093 1 0.007
43646 2 5 6 0 0.098 0.361 0.417 0.942 0.768 0 12 0.068 12 1 0
43646 3 5 6 0 0.098 0.361 0.417 0.942 0.768 0.545 10 2.656 30.573 0.987 0
43646 4 5 6 0 0.098 0.361 0.417 0.942 0.768 0.547 11 1.399 28.18 1 0
43646 5 5 6 0 0.098 0.361 0.417 0.942 0.768 0 11 0.071 11.713 1 0
43646 6 5 6 0 0.098 0.361 0.417 0.942 0.768 0.697 9 1.66 24.267 1 0.02
43646 7 5 6 0 0.098 0.361 0.417 0.942 0.768 0.498 8 1.457 20.807 1 0.04
43646 8 5 6 0 0.098 0.361 0.417 0.942 0.768 0 10 0.101 10 1 0
43646 9 5 6 0 0.098 0.361 0.417 0.942 0.768 0.398 15 1.399 26.367 1 0
43646 10 5 6 0 0.098 0.361 0.417 0.942 0.768 0.497 12 2.228 27.333 0.987 0
43646 1 5 6 0 0.108 0.066 0.443 0.889 0.063 0.597 11 3.584 35.827 0.793 0
43646 2 5 6 0 0.108 0.066 0.443 0.889 0.063 1.243 12 2.289 31.653 1 0
43646 3 5 6 0 0.108 0.066 0.443 0.889 0.063 45.511 7 51.004 138.253 0 0.113
43646 4 5 6 0 0.108 0.066 0.443 0.889 0.063 0 11 0.243 11 1 0
43646 5 5 6 0 0.108 0.066 0.443 0.889 0.063 0.249 17 1.207 26.993 1 0
43646 6 5 6 0 0.108 0.066 0.443 0.889 0.063 0.1 14 0.775 19.207 1 0
43646 7 5 6 0 0.108 0.066 0.443 0.889 0.063 0.448 10 2.262 29.693 1 0
43646 8 5 6 0 0.108 0.066 0.443 0.889 0.063 61.231 8 66.122 168.507 0 0.067
43646 9 5 6 0 0.108 0.066 0.443 0.889 0.063 0.398 13 2.168 27.933 1 0
43646 10 5 6 0 0.108 0.066 0.443 0.889 0.063 50.576 8 55.871 129.527 0 0.013
43646 1 5 6 0 0.105 0.031 0.264 0.865 0.472 0 14 0.064 14 1 0
43646 2 5 6 0 0.105 0.031 0.264 0.865 0.472 0.796 11 1.861 29.44 1 0
43646 3 5 6 0 0.105 0.031 0.264 0.865 0.472 0.05 20 0.281 21.153 1 0
43646 4 5 6 0 0.105 0.031 0.264 0.865 0.472 0 14 0.05 15.94 1 0
43646 5 5 6 0 0.105 0.031 0.264 0.865 0.472 0.945 8 1.653 24.533 1 0.033
43646 6 5 6 0 0.105 0.031 0.264 0.865 0.472 0.846 9 1.656 25.62 1 0.007
43646 7 5 6 0 0.105 0.031 0.264 0.865 0.472 0.348 14 2.301 29.74 1 0
43646 8 5 6 0 0.105 0.031 0.264 0.865 0.472 0 7 0.02 7 1 1
43646 9 5 6 0 0.105 0.031 0.264 0.865 0.472 0.498 6 1.326 22.027 1 0.04
43646 10 5 6 0 0.105 0.031 0.264 0.865 0.472 0 10 0.072 10 1 0
43646 1 5 6 0 0.106 0.35 0.212 0.982 0.878 0 9 0.152 9 1 1
43646 2 5 6 0 0.106 0.35 0.212 0.982 0.878 0 12 0.971 19.9 1 0
43646 3 5 6 0 0.106 0.35 0.212 0.982 0.878 1.343 13 2.933 31.533 0.967 0
43646 4 5 6 0 0.106 0.35 0.212 0.982 0.878 0 8 0.034 8 1 1
43646 5 5 6 0 0.106 0.35 0.212 0.982 0.878 0.597 9 2.174 27.707 1 0.02
43646 6 5 6 0 0.106 0.35 0.212 0.982 0.878 0.498 11 1.437 26.527 1 0
43646 7 5 6 0 0.106 0.35 0.212 0.982 0.878 0.199 15 1.187 27.64 1 0
43646 8 5 6 0 0.106 0.35 0.212 0.982 0.878 0.299 9 1.386 21.38 1 0.033
43646 1 5 9 1 0.077 0.361 0.004 0.881 0.585 64.826 84 70.459 235.507 0 0
43646 2 5 9 1 0.077 0.361 0.004 0.881 0.585 57.212 84 67.322 255.347 0 0
43646 3 5 9 1 0.077 0.361 0.004 0.881 0.585 69.38 70 79.354 249.293 0 0
43646 4 5 9 1 0.077 0.361 0.004 0.881 0.585 70.413 85 78.239 232.3 0 0
43646 5 5 9 1 0.077 0.361 0.004 0.881 0.585 72.362 82 77.184 244.327 0 0
43646 6 5 9 1 0.077 0.361 0.004 0.881 0.585 65.597 77 71.909 251.66 0 0
43646 7 5 9 1 0.077 0.361 0.004 0.881 0.585 60.806 131 65.285 239.32 0 0
43646 8 5 9 1 0.077 0.361 0.004 0.881 0.585 54.4 86 61.362 224.207 0 0
43646 9 5 9 1 0.077 0.361 0.004 0.881 0.585 66.372 95 73.624 240.773 0 0
43646 10 5 9 1 0.077 0.361 0.004 0.881 0.585 62.265 74 70.271 219.82 0 0
43646 1 5 9 1 0.089 0.197 0.162 0.88 0.818 203.616 5 216.501 32.193 0 0.647
43646 2 5 9 1 0.089 0.197 0.162 0.88 0.818 0 10 0.109 10 1 0
43646 3 5 9 1 0.089 0.197 0.162 0.88 0.818 229.105 0 243.44 31.42 0 0.733
43646 4 5 9 1 0.089 0.197 0.162 0.88 0.818 231.575 1 243.12 32.073 0 0.713
43646 5 5 9 1 0.089 0.197 0.162 0.88 0.818 73.903 7 127.43 24.587 0 0.113
43646 6 5 9 1 0.089 0.197 0.162 0.88 0.818 234.7 3 242.102 31.807 0 0.747
43646 7 5 9 1 0.089 0.197 0.162 0.88 0.818 229.942 3 242.525 32.447 0 0.713
43646 8 5 9 1 0.089 0.197 0.162 0.88 0.818 227.244 0 241.216 33.767 0 0.647
43646 9 5 9 1 0.089 0.197 0.162 0.88 0.818 232.404 1 242.526 33.7 0 0.667
43646 10 5 9 1 0.089 0.197 0.162 0.88 0.818 227.193 0 243.658 32.273 0 0.673
43646 1 5 9 1 0.109 0.128 0.051 0.887 0.034 248.672 6030 249.907 6566.067 0 0
43646 2 5 9 1 0.109 0.128 0.051 0.887 0.034 249.215 5039 249.856 5464.653 0 0
43646 3 5 9 1 0.109 0.128 0.051 0.887 0.034 249.114 5638 249.891 6241.967 0 0
43646 4 5 9 1 0.109 0.128 0.051 0.887 0.034 248.561 4701 249.891 5632.74 0 0
43646 5 5 9 1 0.109 0.128 0.051 0.887 0.034 248.696 4743 249.813 5236.467 0 0
43646 6 5 9 1 0.109 0.128 0.051 0.887 0.034 249.162 5537 249.913 6021.587 0 0
43646 7 5 9 1 0.109 0.128 0.051 0.887 0.034 248.173 5972 249.945 6777.427 0 0
43646 8 5 9 1 0.109 0.128 0.051 0.887 0.034 248.905 4591 249.81 5399.56 0 0
43646 9 5 9 1 0.109 0.128 0.051 0.887 0.034 248.815 4500 249.805 5044.8 0 0
43646 10 5 9 1 0.109 0.128 0.051 0.887 0.034 249.08 5106 249.898 6087.253 0 0
43646 1 5 9 1 0.077 0.313 0.057 0.79 0.845 0 11 0.114 11 1 0
43646 2 5 9 1 0.077 0.313 0.057 0.79 0.845 0.985 13 2.177 31.293 1 0
43646 3 5 9 1 0.077 0.313 0.057 0.79 0.845 1.692 7 2.917 27.127 1 0.04
43646 4 5 9 1 0.077 0.313 0.057 0.79 0.845 0.846 9 1.599 23.073 1 0.013
43646 5 5 9 1 0.077 0.313 0.057 0.79 0.845 1.492 3 2.432 20.673 1 0.12
43646 6 5 9 1 0.077 0.313 0.057 0.79 0.845 0.597 7 2.456 25.273 1 0.007
43646 7 5 9 1 0.077 0.313 0.057 0.79 0.845 0.796 15 2.083 32.1 1 0
43646 8 5 9 1 0.077 0.313 0.057 0.79 0.845 0 12 0.105 12 1 0
43646 9 5 9 1 0.077 0.313 0.057 0.79 0.845 0 10 0.125 10 1 0
43646 10 5 9 1 0.077 0.313 0.057 0.79 0.845 0 9 0.517 13.733 1 0.733
43646 1 5 9 1 0.007 0.022 0.477 0.832 0.745 235.636 1 244.48 29.647 0 0.667
43646 2 5 9 1 0.007 0.022 0.477 0.832 0.745 224.639 1 241.7 27.147 0 0.687
43646 3 5 9 1 0.007 0.022 0.477 0.832 0.745 233.266 4 244.282 29.853 0 0.713
43646 4 5 9 1 0.007 0.022 0.477 0.832 0.745 234.014 1 244.164 34.567 0 0.713
43646 5 5 9 1 0.007 0.022 0.477 0.832 0.745 232.789 2 244.738 33.633 0 0.66
43646 6 5 9 1 0.007 0.022 0.477 0.832 0.745 0 8 0 8 1 1
43646 7 5 9 1 0.007 0.022 0.477 0.832 0.745 234.128 2 243.686 32.387 0 0.673
43646 8 5 9 1 0.007 0.022 0.477 0.832 0.745 205.698 1 236.599 39.367 0 0.72
43646 9 5 9 1 0.007 0.022 0.477 0.832 0.745 231.702 2 244.994 34.1 0 0.68
43646 10 5 9 1 0.007 0.022 0.477 0.832 0.745 230.182 2 243.979 36.72 0 0.72
43646 1 5 9 1 0.075 0.326 0.024 0.908 0.458 246.015 1404 248.541 1869.287 0 0
43646 2 5 9 1 0.075 0.326 0.024 0.908 0.458 243.465 1267 248.65 1881.927 0 0
43646 3 5 9 1 0.075 0.326 0.024 0.908 0.458 245.536 1715 248.558 2089.553 0 0
43646 4 5 9 1 0.075 0.326 0.024 0.908 0.458 246.556 1610 248.753 1940.893 0 0
43646 5 5 9 1 0.075 0.326 0.024 0.908 0.458 243.73 1564 248.297 1881.907 0 0
43646 6 5 9 1 0.075 0.326 0.024 0.908 0.458 243.923 1337 248.413 1774.573 0 0
43646 7 5 9 1 0.075 0.326 0.024 0.908 0.458 241.274 1449 247.757 1788.753 0 0
43646 8 5 9 1 0.075 0.326 0.024 0.908 0.458 243.732 1279 247.89 1688.487 0 0
43646 9 5 9 1 0.075 0.326 0.024 0.908 0.458 244.806 1428 248.213 1818.86 0 0
43646 10 5 9 1 0.075 0.326 0.024 0.908 0.458 244.27 1721 248.671 2033.84 0 0
43646 1 5 9 1 0.086 0.117 0.258 0.97 0.256 71.784 45 77.884 145.8 0 0
43646 2 5 9 1 0.086 0.117 0.258 0.97 0.256 105.654 30 125.732 107.1 0 0
43646 3 5 9 1 0.086 0.117 0.258 0.97 0.256 27.716 1 32.853 86.033 0 0.047
43646 4 5 9 1 0.086 0.117 0.258 0.97 0.256 0.746 9 2.156 29.973 0.933 0.013
43646 5 5 9 1 0.086 0.117 0.258 0.97 0.256 50.635 57 59.889 157.54 0 0
43646 6 5 9 1 0.086 0.117 0.258 0.97 0.256 103.484 15 142.575 107.313 0 0
43646 7 5 9 1 0.086 0.117 0.258 0.97 0.256 0 11 0.281 13.32 1 0
43646 8 5 9 1 0.086 0.117 0.258 0.97 0.256 27.168 62 30.313 118.193 0 0
43646 9 5 9 1 0.086 0.117 0.258 0.97 0.256 36.161 10 55.009 57.44 0 0
43646 10 5 9 1 0.086 0.117 0.258 0.97 0.256 31.313 6 49.227 73.52 0 0.013
43646 1 5 9 1 0.073 0.395 0.297 0.92 0.289 109.458 174 122.114 331.56 0 0
43646 1 5 10 0 0.101 0.443 0.348 0.772 0.901 233.079 3 245.434 31.733 0 0.7
43646 2 5 10 0 0.101 0.443 0.348 0.772 0.901 227.532 1 243.571 34.287 0 0.687
43646 3 5 10 0 0.101 0.443 0.348 0.772 0.901 235.108 0 245.71 31.127 0 0.693
43646 4 5 10 0 0.101 0.443 0.348 0.772 0.901 236.564 2 245.718 32.453 0 0.78
43646 5 5 10 0 0.101 0.443 0.348 0.772 0.901 233.937 1 244.963 32.207 0 0.687
43646 6 5 10 0 0.101 0.443 0.348 0.772 0.901 234.852 1 245.749 34.3 0 0.72
43646 7 5 10 0 0.101 0.443 0.348 0.772 0.901 233.785 0 245.374 30.327 0 0.733
43646 8 5 10 0 0.101 0.443 0.348 0.772 0.901 231.847 1 244.147 29.133 0 0.68
43646 9 5 10 0 0.101 0.443 0.348 0.772 0.901 232.414 0 242.462 27.387 0 0.653
43646 10 5 10 0 0.101 0.443 0.348 0.772 0.901 235.047 2 244.397 25.1 0 0.72
43646 1 5 10 0 0.034 0.232 0.16 0.784 0.368 164.243 3 187.025 258.6 0 0.273
43646 2 5 10 0 0.034 0.232 0.16 0.784 0.368 130.545 2 157.026 211.607 0 0.147
43646 3 5 10 0 0.034 0.232 0.16 0.784 0.368 181.466 3 199.806 260.58 0 0.293
43646 4 5 10 0 0.034 0.232 0.16 0.784 0.368 185.029 1 195.714 265.853 0 0.173
43646 5 5 10 0 0.034 0.232 0.16 0.784 0.368 166.501 0 184.642 294.8 0 0.307
43646 6 5 10 0 0.034 0.232 0.16 0.784 0.368 150.902 0 162.3 233.78 0 0.287
43646 7 5 10 0 0.034 0.232 0.16 0.784 0.368 76.988 8 101.779 224.287 0 0.047
43646 8 5 10 0 0.034 0.232 0.16 0.784 0.368 154.607 3 169.415 258.353 0 0.153
43646 9 5 10 0 0.034 0.232 0.16 0.784 0.368 177.429 3 192.488 290.573 0 0.153
43646 10 5 10 0 0.034 0.232 0.16 0.784 0.368 156.827 1 173.174 281.233 0 0.26
43646 1 5 10 0 0.036 0.129 0.465 0.78 0.508 236.737 0 244.581 28.893 0 0.7
43646 2 5 10 0 0.036 0.129 0.465 0.78 0.508 228.941 2 244.322 30.513 0 0.74
43646 3 5 10 0 0.036 0.129 0.465 0.78 0.508 230.189 1 244.606 31.173 0 0.707
43646 4 5 10 0 0.036 0.129 0.465 0.78 0.508 233.553 0 245.617 32.673 0 0.773
43646 5 5 10 0 0.036 0.129 0.465 0.78 0.508 232.424 1 245.095 35.393 0 0.72
43646 6 5 10 0 0.036 0.129 0.465 0.78 0.508 229.958 3 244.707 34.733 0 0.72
43646 7 5 10 0 0.036 0.129 0.465 0.78 0.508 236.402 1 244.302 26.027 0 0.747
43646 8 5 10 0 0.036 0.129 0.465 0.78 0.508 236.831 2 245.662 29.513 0 0.72
43646 9 5 10 0 0.036 0.129 0.465 0.78 0.508 232.764 2 244.454 30.833 0 0.693
43646 10 5 10 0 0.036 0.129 0.465 0.78 0.508 234.325 0 244.369 31.227 0 0.773
43646 1 5 10 0 0.017 0.433 0.038 0.925 0.535 192.496 4 206.906 205.407 0 0.26
43646 2 5 10 0 0.017 0.433 0.038 0.925 0.535 224.999 8 239.914 199.98 0 0.107
43646 3 5 10 0 0.017 0.433 0.038 0.925 0.535 123.207 8 134.384 166.093 0 0.213
43646 4 5 10 0 0.017 0.433 0.038 0.925 0.535 180.206 9 197.354 197.333 0 0.013
43646 5 5 10 0 0.017 0.433 0.038 0.925 0.535 219.083 10 229.068 201.447 0 0
43646 6 5 10 0 0.017 0.433 0.038 0.925 0.535 227.74 8 240.02 227.993 0 0.093
43646 7 5 10 0 0.017 0.433 0.038 0.925 0.535 131.406 7 139.71 171.867 0 0.173
43646 8 5 10 0 0.017 0.433 0.038 0.925 0.535 194.525 10 208.48 205.72 0 0
43646 9 5 10 0 0.017 0.433 0.038 0.925 0.535 205.254 7 224.046 195.9 0 0.1
43646 10 5 10 0 0.017 0.433 0.038 0.925 0.535 134.488 6 142.668 177.34 0 0.24
43646 1 5 10 0 0.117 0.276 0.058 0.768 0.934 230.218 2 244.974 37.3 0 0.733
43646 2 5 10 0 0.117 0.276 0.058 0.768 0.934 230.539 0 244.036 29.96 0 0.72
43646 3 5 10 0 0.117 0.276 0.058 0.768 0.934 233.062 1 244.688 30.393 0 0.7
43646 4 5 10 0 0.117 0.276 0.058 0.768 0.934 229.579 0 244.043 26.793 0 0.747
43646 5 5 10 0 0.117 0.276 0.058 0.768 0.934 237.543 0 244.843 29.393 0 0.74
43646 6 5 10 0 0.117 0.276 0.058 0.768 0.934 232.793 3 243.558 30.427 0 0.68
43646 7 5 10 0 0.117 0.276 0.058 0.768 0.934 234.96 1 244.474 32 0 0.7
43646 8 5 10 0 0.117 0.276 0.058 0.768 0.934 235.96 2 244.502 35.42 0 0.687
43646 9 5 10 0 0.117 0.276 0.058 0.768 0.934 231.566 2 243.942 32.24 0 0.72
43646 10 5 10 0 0.117 0.276 0.058 0.768 0.934 236.404 2 244.958 31.52 0 0.713
43646 1 5 10 0 0.112 0.393 0.394 0.774 0.683 232.439 0 245.059 28.407 0 0.667
43646 2 5 10 0 0.112 0.393 0.394 0.774 0.683 225.624 2 244.19 33.42 0 0.76
43646 3 5 10 0 0.112 0.393 0.394 0.774 0.683 236.706 0 246.326 33.94 0 0.713
43646 4 5 10 0 0.112 0.393 0.394 0.774 0.683 225.69 1 245.728 32.5 0 0.733
43646 5 5 10 0 0.112 0.393 0.394 0.774 0.683 231.503 3 243.617 31.4 0 0.707
43646 6 5 10 0 0.112 0.393 0.394 0.774 0.683 235.419 2 245.446 31.813 0 0.713
43646 7 5 10 0 0.112 0.393 0.394 0.774 0.683 230.676 0 244.99 28.227 0 0.727
43646 8 5 10 0 0.112 0.393 0.394 0.774 0.683 232.385 1 243.395 26.013 0 0.7
43646 9 5 10 0 0.112 0.393 0.394 0.774 0.683 235.299 1 245.419 33.66 0 0.693
43646 10 5 10 0 0.112 0.393 0.394 0.774 0.683 234.054 2 245.844 31.7 0 0.727
43646 1 5 10 0 0.004 0.371 0.068 0.808 0.495 224.57 1 233.388 189.827 0 0.273
43646 2 5 10 0 0.004 0.371 0.068 0.808 0.495 212.905 3 232.457 175.487 0 0.287
43646 3 5 10 0 0.004 0.371 0.068 0.808 0.495 212.391 3 224.786 185.26 0 0.173
43646 4 5 10 0 0.004 0.371 0.068 0.808 0.495 222.11 2 235.993 199.807 0 0.233
43646 5 5 10 0 0.004 0.371 0.068 0.808 0.495 227.595 1 237.457 194.673 0 0.293
43646 6 5 10 0 0.004 0.371 0.068 0.808 0.495 0.895 12 2.474 31.673 0.993 0
43646 7 5 10 0 0.004 0.371 0.068 0.808 0.495 217.402 2 230.079 199.58 0 0.193
43646 8 5 10 0 0.004 0.371 0.068 0.808 0.495 215.388 1 230.431 201.587 0 0.22
43646 9 5 10 0 0.004 0.371 0.068 0.808 0.495 220.461 4 234.446 197.653 0 0.253
43646 10 5 10 0 0.004 0.371 0.068 0.808 0.495 225.629 4 238.616 198.3 0 0.407
43646 1 5 10 0 0.085 0.488 0.258 0.847 0.923 231.187 1 245.02 38 0 0.713
43646 2 5 10 0 0.085 0.488 0.258 0.847 0.923 232.197 2 244.553 32.267 0 0.727
43646 3 5 10 0 0.085 0.488 0.258 0.847 0.923 235.42 0 245.441 28.98 0 0.72
43646 4 5 10 0 0.085 0.488 0.258 0.847 0.923 233.136 1 244.82 32.447 0 0.733
43646 5 5 10 0 0.085 0.488 0.258 0.847 0.923 235.509 4 244.132 27.2 0 0.707
43646 6 5 10 0 0.085 0.488 0.258 0.847 0.923 235.875 0 245.482 27.007 0 0.7
43646 7 5 10 0 0.085 0.488 0.258 0.847 0.923 235.868 0 245.732 29.347 0 0.72
43646 8 5 10 0 0.085 0.488 0.258 0.847 0.923 233.231 1 245.447 35.5 0 0.687
43646 9 5 10 0 0.085 0.488 0.258 0.847 0.923 238.238 2 246.59 29.307 0 0.733
43646 10 5 10 0 0.085 0.488 0.258 0.847 0.923 230.527 0 244.703 28.44 0 0.747
43646 1 5 10 0 0.015 0.27 0.498 0.906 0.576 233.477 1 245.201 31.793 0 0.747
43646 2 5 10 0 0.015 0.27 0.498 0.906 0.576 235.476 1 246.151 30.773 0 0.747
43646 3 5 10 0 0.015 0.27 0.498 0.906 0.576 233.287 1 244.053 27.247 0 0.74
43646 4 5 10 0 0.015 0.27 0.498 0.906 0.576 232.875 3 243.449 30.32 0 0.687
43646 5 5 10 0 0.015 0.27 0.498 0.906 0.576 232.916 0 245.299 34.827 0 0.727
43646 6 5 10 0 0.015 0.27 0.498 0.906 0.576 0 7 0.197 7 1 1
43646 7 5 10 0 0.015 0.27 0.498 0.906 0.576 237.046 0 246.645 29.48 0 0.753
43646 8 5 10 0 0.015 0.27 0.498 0.906 0.576 226.267 1 245.29 31.053 0 0.727
43646 9 5 10 0 0.015 0.27 0.498 0.906 0.576 230.858 1 245.841 32.74 0 0.713
43646 10 5 10 0 0.015 0.27 0.498 0.906 0.576 235.088 0 245.725 35.9 0 0.68
43646 1 5 10 0 0.009 0.429 0.349 0.809 0.531 232.615 3 241.523 54.64 0 0.56
43646 2 5 10 0 0.009 0.429 0.349 0.809 0.531 233.087 4 241.447 47.313 0 0.493
43646 3 5 10 0 0.009 0.429 0.349 0.809 0.531 228.859 5 239.244 48.793 0 0.547
43646 4 5 10 0 0.009 0.429 0.349 0.809 0.531 228.611 2 240.585 43.7 0 0.573
43646 5 5 10 0 0.009 0.429 0.349 0.809 0.531 224.71 3 239.143 50.52 0 0.58
43646 6 5 10 0 0.009 0.429 0.349 0.809 0.531 228 2 241.923 52.473 0 0.58
43646 7 5 10 0 0.009 0.429 0.349 0.809 0.531 233.267 1 243.194 50.533 0 0.64
43646 8 5 10 0 0.009 0.429 0.349 0.809 0.531 229.402 3 241.338 56.327 0 0.6
43646 9 5 10 0 0.009 0.429 0.349 0.809 0.531 225.542 4 237.625 46.78 0 0.567
43646 10 5 10 0 0.009 0.429 0.349 0.809 0.531 228.842 4 239.899 46.347 0 0.593
43646 1 5 10 0 0.013 0.019 0.404 0.92 0.559 237.181 2 245.661 30.793 0 0.693
43646 2 5 10 0 0.013 0.019 0.404 0.92 0.559 231.854 0 243.329 26.673 0 0.72
43646 3 5 10 0 0.013 0.019 0.404 0.92 0.559 231.531 3 241.913 32.847 0 0.7
43646 4 5 10 0 0.013 0.019 0.404 0.92 0.559 237.757 0 246.13 29.893 0 0.753
43646 5 5 10 0 0.013 0.019 0.404 0.92 0.559 236.001 0 245.201 31.7 0 0.713
43646 1 5 3 0 0.003 0.362 0.015 0.821 0.779 1.591 6 3.056 35.94 0.987 0.04
43646 2 5 3 0 0.003 0.362 0.015 0.821 0.779 1.738 13 3.124 36.847 0.98 0
43646 3 5 3 0 0.003 0.362 0.015 0.821 0.779 1.975 13 3.549 39.433 0.92 0
43646 4 5 3 0 0.003 0.362 0.015 0.821 0.779 0 10 0.111 10 1 0
43646 5 5 3 0 0.003 0.362 0.015 0.821 0.779 1.392 20 3.158 42.927 1 0
43646 6 5 3 0 0.003 0.362 0.015 0.821 0.779 0.845 14 2.82 37.9 0.993 0
43646 7 5 3 0 0.003 0.362 0.015 0.821 0.779 1.825 13 3.203 40.233 1 0
43646 8 5 3 0 0.003 0.362 0.015 0.821 0.779 2.18 14 4.586 43.78 0.56 0
43646 9 5 3 0 0.003 0.362 0.015 0.821 0.779 0.745 17 2.897 42.533 0.853 0
43646 10 5 3 0 0.003 0.362 0.015 0.821 0.779 2.976 11 5.388 49.407 0.4 0
43646 1 5 3 0 0.092 0.347 0.103 0.856 0.417 233.028 426 242.205 913.207 0 0
43646 2 5 3 0 0.092 0.347 0.103 0.856 0.417 227.919 225 238.476 770.907 0 0
43646 3 5 3 0 0.092 0.347 0.103 0.856 0.417 225.591 200 235.221 787.753 0 0
43646 4 5 3 0 0.092 0.347 0.103 0.856 0.417 232.881 215 240.394 897.84 0 0
43646 5 5 3 0 0.092 0.347 0.103 0.856 0.417 233.861 137 243.431 898.06 0 0
43646 6 5 3 0 0.092 0.347 0.103 0.856 0.417 231.517 159 240.149 862.333 0 0
43646 7 5 3 0 0.092 0.347 0.103 0.856 0.417 232.48 246 241.107 795.56 0 0
43646 8 5 3 0 0.092 0.347 0.103 0.856 0.417 233.321 172 241.024 830.48 0 0
43646 9 5 3 0 0.092 0.347 0.103 0.856 0.417 228.342 194 239.708 851.5 0 0
43646 10 5 3 0 0.092 0.347 0.103 0.856 0.417 229.299 160 241.706 839.293 0 0
43646 1 5 3 0 0.092 0.192 0.083 0.865 0.602 1.79 16 3.911 42.2 0.76 0
43646 2 5 3 0 0.092 0.192 0.083 0.865 0.602 1.441 16 3.447 41.593 0.927 0
43646 3 5 3 0 0.092 0.192 0.083 0.865 0.602 0 14 1.305 28.78 1 0
43646 4 5 3 0 0.092 0.192 0.083 0.865 0.602 1.987 10 3.234 40.433 0.967 0
43646 5 5 3 0 0.092 0.192 0.083 0.865 0.602 10.035 12 15.242 56.367 0 0
43646 6 5 3 0 0.092 0.192 0.083 0.865 0.602 10.184 14 13.809 50.947 0 0
43646 7 5 3 0 0.092 0.192 0.083 0.865 0.602 16.659 11 21.355 60.887 0 0
43646 8 5 3 0 0.092 0.192 0.083 0.865 0.602 13.696 20 17.942 57.667 0 0
43646 9 5 3 0 0.092 0.192 0.083 0.865 0.602 0.05 12 1.819 22.66 0.987 0
43646 10 5 3 0 0.092 0.192 0.083 0.865 0.602 3.164 22 6.999 48.533 0.24 0
43646 1 5 3 0 0.107 0.038 0.282 0.947 0.29 0.597 13 1.966 29.993 1 0
43646 2 5 3 0 0.107 0.038 0.282 0.947 0.29 1.642 19 3.562 37.687 0.993 0
43646 3 5 3 0 0.107 0.038 0.282 0.947 0.29 0.547 13 2.272 32.973 1 0
43646 4 5 3 0 0.107 0.038 0.282 0.947 0.29 0.647 18 1.643 31.533 1 0
43646 5 5 3 0 0.107 0.038 0.282 0.947 0.29 0 10 0.022 10 1 0
43646 6 5 3 0 0.107 0.038 0.282 0.947 0.29 1.716 15 3.142 39.833 1 0
43646 7 5 3 0 0.107 0.038 0.282 0.947 0.29 0.796 14 1.685 29.507 1 0
43646 8 5 3 0 0.107 0.038 0.282 0.947 0.29 0.448 13 1.591 26.62 1 0
43646 9 5 3 0 0.107 0.038 0.282 0.947 0.29 0.787 13 2.168 34.753 1 0
43646 10 5 3 0 0.107 0.038 0.282 0.947 0.29 1.341 14 2.569 35.74 1 0
43646 1 5 3 0 0.095 0.074 0.333 0.76 0.47 1.193 23 2.292 33.013 1 0
43646 2 5 3 0 0.095 0.074 0.333 0.76 0.47 0.49 11 1.734 28.7 1 0
43646 3 5 3 0 0.095 0.074 0.333 0.76 0.47 0.994 18 2.166 32.84 1 0
43646 4 5 3 0 0.095 0.074 0.333 0.76 0.47 2.136 14 3.457 36.913 0.967 0
43646 5 5 3 0 0.095 0.074 0.333 0.76 0.47 0.894 14 2.38 35.967 1 0
43646 6 5 3 0 0.095 0.074 0.333 0.76 0.47 0.796 12 2.819 33.967 1 0
43646 7 5 3 0 0.095 0.074 0.333 0.76 0.47 1.094 9 2.126 28.533 1 0.007
43646 8 5 3 0 0.095 0.074 0.333 0.76 0.47 1.78 13 3.283 36.44 0.933 0
43646 9 5 3 0 0.095 0.074 0.333 0.76 0.47 0.497 17 1.75 32.187 1 0
43646 10 5 3 0 0.095 0.074 0.333 0.76 0.47 1.284 12 3.189 34.047 0.947 0
43646 1 5 3 0 0.099 0.413 0.18 0.904 0.303 238.422 637 244.568 1099.567 0 0
43646 2 5 3 0 0.099 0.413 0.18 0.904 0.303 238.04 339 244.387 1111.833 0 0
43646 3 5 3 0 0.099 0.413 0.18 0.904 0.303 233.225 341 243.634 971.593 0 0
43646 4 5 3 0 0.099 0.413 0.18 0.904 0.303 231.326 400 241.775 954.973 0 0
43646 5 5 3 0 0.099 0.413 0.18 0.904 0.303 238.781 357 244.186 1047.087 0 0
43646 6 5 3 0 0.099 0.413 0.18 0.904 0.303 233.366 490 241.501 1031.327 0 0
43646 7 5 3 0 0.099 0.413 0.18 0.904 0.303 236.412 474 243.536 1056.88 0 0
43646 8 5 3 0 0.099 0.413 0.18 0.904 0.303 236.442 519 242.929 1056.127 0 0
43646 9 5 3 0 0.099 0.413 0.18 0.904 0.303 236.455 534 242.899 1012.26 0 0
43646 10 5 3 0 0.099 0.413 0.18 0.904 0.303 236.268 362 243.799 1083.1 0 0
43646 1 5 3 0 0.066 0.269 0.013 0.877 0.488 237.436 1065 245.773 1602.92 0 0
43646 2 5 3 0 0.066 0.269 0.013 0.877 0.488 241.534 820 246.736 1389.107 0 0
43646 3 5 3 0 0.066 0.269 0.013 0.877 0.488 242.674 916 246.734 1406.8 0 0
43646 4 5 3 0 0.066 0.269 0.013 0.877 0.488 241.709 521 246.733 1458.367 0 0
43646 5 5 3 0 0.066 0.269 0.013 0.877 0.488 239.326 817 246.787 1537.22 0 0
43646 6 5 3 0 0.066 0.269 0.013 0.877 0.488 240.907 853 246.301 1433.727 0 0
43646 7 5 3 0 0.066 0.269 0.013 0.877 0.488 231.612 1049 240.78 1533.487 0 0
43646 8 5 3 0 0.066 0.269 0.013 0.877 0.488 240.975 755 246.052 1211.96 0 0
43646 9 5 3 0 0.066 0.269 0.013 0.877 0.488 240.021 788 246.251 1365.42 0 0
43646 10 5 3 0 0.066 0.269 0.013 0.877 0.488 239.918 676 245.267 1225.78 0 0
43646 1 5 3 0 0.068 0.004 0.178 0.986 0.546 0.149 17 1.583 28.407 0.967 0
43646 2 5 3 0 0.068 0.004 0.178 0.986 0.546 0.896 15 2.026 33.727 1 0
43646 3 5 3 0 0.068 0.004 0.178 0.986 0.546 0.697 11 2.748 28.967 0.947 0
43646 4 5 3 0 0.068 0.004 0.178 0.986 0.546 0.796 13 2.128 32.947 1 0
43646 5 5 3 0 0.068 0.004 0.178 0.986 0.546 2.174 13 3.438 38.293 0.967 0
43646 6 5 3 0 0.068 0.004 0.178 0.986 0.546 0 12 0.111 12 1 0
43646 7 5 3 0 0.068 0.004 0.178 0.986 0.546 0 17 0.484 21.46 1 0
43646 8 5 3 0 0.068 0.004 0.178 0.986 0.546 1.393 14 2.786 29.473 1 0
43646 9 5 3 0 0.068 0.004 0.178 0.986 0.546 0.945 15 1.769 28.86 1 0
43646 10 5 3 0 0.068 0.004 0.178 0.986 0.546 0.647 8 1.935 28.127 1 0.02
43646 1 5 3 0 0.077 0.032 0.276 0.832 0.798 0.597 8 2.687 33.007 1 0.027
43646 2 5 3 0 0.077 0.032 0.276 0.832 0.798 0.697 12 1.862 29.9 1 0
43646 3 5 3 0 0.077 0.032 0.276 0.832 0.798 1.633 18 4.717 40.38 0.527 0
43646 4 5 3 0 0.077 0.032 0.276 0.832 0.798 1.143 14 2.466 27.76 1 0
43646 5 5 3 0 0.077 0.032 0.276 0.832 0.798 0.895 9 1.77 27.927 1 0.02
43646 6 5 3 0 0.077 0.032 0.276 0.832 0.798 0.796 13 3.496 37.207 0.84 0
43646 7 5 3 0 0.077 0.032 0.276 0.832 0.798 0.291 17 1.391 28.353 1 0
43646 8 5 3 0 0.077 0.032 0.276 0.832 0.798 0.886 16 1.834 29.253 1 0
43646 9 5 3 0 0.077 0.032 0.276 0.832 0.798 0.697 8 1.784 30.36 1 0.013
43646 10 5 3 0 0.077 0.032 0.276 0.832 0.798 1.442 15 2.505 32.993 1 0
43646 1 5 3 0 0.076 0.059 0.045 0.816 0.786 0.896 13 2.275 33.533 0.987 0
43646 2 5 3 0 0.076 0.059 0.045 0.816 0.786 0.994 11 2.816 31.3 1 0
43646 3 5 3 0 0.076 0.059 0.045 0.816 0.786 1.194 22 2.199 36.187 1 0
43646 4 5 3 0 0.076 0.059 0.045 0.816 0.786 0 10 0.314 12.82 1 0
43646 5 5 3 0 0.076 0.059 0.045 0.816 0.786 1.937 16 3.654 38.14 0.827 0
43646 6 5 3 0 0.076 0.059 0.045 0.816 0.786 0.845 16 2.484 30.647 1 0
43646 7 5 3 0 0.076 0.059 0.045 0.816 0.786 0 9 0.138 9 1 1
43646 8 5 3 0 0.076 0.059 0.045 0.816 0.786 1.193 15 2.755 32.967 1 0
43646 9 5 3 0 0.076 0.059 0.045 0.816 0.786 0.944 15 2.515 32.173 0.993 0
43646 10 5 3 0 0.076 0.059 0.045 0.816 0.786 0.895 8 2.201 29.647 1 0.033
43646 1 5 3 0 0.022 0.407 0.277 0.751 0.464 13.284 19 16.868 57.313 0 0
43646 2 5 3 0 0.022 0.407 0.277 0.751 0.464 0.597 16 2.043 33.173 1 0
43646 3 5 3 0 0.022 0.407 0.277 0.751 0.464 1.044 14 2.07 34.907 1 0
43646 4 5 3 0 0.022 0.407 0.277 0.751 0.464 2.582 12 6.402 48.433 0.3 0
43646 5 5 3 0 0.022 0.407 0.277 0.751 0.464 15.077 15 17.754 61.533 0 0
43646 6 5 3 0 0.022 0.407 0.277 0.751 0.464 0.448 17 1.679 33.873 1 0
43646 7 5 3 0 0.022 0.407 0.277 0.751 0.464 10.236 16 13.171 54.833 0 0
43646 8 5 3 0 0.022 0.407 0.277 0.751 0.464 1.044 18 3.076 37.787 1 0
43646 9 5 3 0 0.022 0.407 0.277 0.751 0.464 1.243 17 2.994 43.98 0.987 0
43646 1 5 10 0 0.028 0.478 0.176 0.834 0.227 226.606 1 238.026 820.393 0 0.06
43646 2 5 10 0 0.028 0.478 0.176 0.834 0.227 230.305 61 242.854 1065.8 0 0
43646 3 5 10 0 0.028 0.478 0.176 0.834 0.227 226.773 3 238.017 900.693 0 0.06
43646 4 5 10 0 0.028 0.478 0.176 0.834 0.227 230.61 6 242.088 944.84 0 0.073
43646 5 5 10 0 0.028 0.478 0.176 0.834 0.227 230.36 4 241.9 893.653 0 0.087
43646 6 5 10 0 0.028 0.478 0.176 0.834 0.227 228.558 24 239.985 910.047 0 0
43646 7 5 10 0 0.028 0.478 0.176 0.834 0.227 229.709 2 240.862 922.227 0 0.073
43646 8 5 10 0 0.028 0.478 0.176 0.834 0.227 224.708 4 240.341 987.66 0 0.027
43646 9 5 10 0 0.028 0.478 0.176 0.834 0.227 235.597 30 243.661 982.413 0 0
43646 10 5 10 0 0.028 0.478 0.176 0.834 0.227 229.27 2 240.07 977.767 0 0.053
43646 1 5 10 0 0.058 0.279 0.424 0.756 0.235 211.553 0 227.008 161.687 0 0.4
43646 2 5 10 0 0.058 0.279 0.424 0.756 0.235 218.682 1 231.874 149.647 0 0.353
43646 3 5 10 0 0.058 0.279 0.424 0.756 0.235 16.295 9 30.832 51.78 0 0.04
43646 4 5 10 0 0.058 0.279 0.424 0.756 0.235 198.587 4 215.575 153.227 0 0.287
43646 5 5 10 0 0.058 0.279 0.424 0.756 0.235 216.165 1 234.845 149.253 0 0.413
43646 6 5 10 0 0.058 0.279 0.424 0.756 0.235 213.45 3 234.222 169.76 0 0.393
43646 7 5 10 0 0.058 0.279 0.424 0.756 0.235 213.783 0 230.612 132.473 0 0.36
43646 8 5 10 0 0.058 0.279 0.424 0.756 0.235 212.351 3 228.201 148.267 0 0.34
43646 9 5 10 0 0.058 0.279 0.424 0.756 0.235 211.343 1 231.265 146.353 0 0.387
43646 10 5 10 0 0.058 0.279 0.424 0.756 0.235 219.652 2 234.741 162.507 0 0.407
43646 1 5 10 0 0.034 0.194 0.218 0.799 0.937 235.7 2 244.531 30.173 0 0.72
43646 2 5 10 0 0.034 0.194 0.218 0.799 0.937 232.568 1 244.847 31.393 0 0.747
43646 3 5 10 0 0.034 0.194 0.218 0.799 0.937 234.971 2 245.416 34.313 0 0.687
43646 4 5 10 0 0.034 0.194 0.218 0.799 0.937 234.669 0 244.058 28.973 0 0.747
43646 5 5 10 0 0.034 0.194 0.218 0.799 0.937 235.581 0 245.4 29.727 0 0.727
43646 6 5 10 0 0.034 0.194 0.218 0.799 0.937 232.967 1 245.725 35.173 0 0.727
43646 7 5 10 0 0.034 0.194 0.218 0.799 0.937 233.455 1 246.053 30.22 0 0.727
43646 8 5 10 0 0.034 0.194 0.218 0.799 0.937 238.63 0 245.755 29.853 0 0.733
43646 9 5 10 0 0.034 0.194 0.218 0.799 0.937 232.453 2 244.887 37.653 0 0.7
43646 10 5 10 0 0.034 0.194 0.218 0.799 0.937 232.563 2 244.733 26.187 0 0.707
43646 1 5 10 0 0.034 0.204 0.445 0.91 0.379 235.156 1 244.417 34.667 0 0.667
43646 2 5 10 0 0.034 0.204 0.445 0.91 0.379 230.91 3 242.096 42.687 0 0.62
43646 3 5 10 0 0.034 0.204 0.445 0.91 0.379 231.782 2 241.54 37.647 0 0.707
43646 4 5 10 0 0.034 0.204 0.445 0.91 0.379 235.75 4 243.209 37.093 0 0.62
43646 5 5 10 0 0.034 0.204 0.445 0.91 0.379 226.471 3 241.987 44.34 0 0.667
43646 6 5 10 0 0.034 0.204 0.445 0.91 0.379 234.354 2 242.319 36.227 0 0.66
43646 7 5 10 0 0.034 0.204 0.445 0.91 0.379 227.308 1 241.672 34.213 0 0.64
43646 8 5 10 0 0.034 0.204 0.445 0.91 0.379 233.551 2 241.22 36.807 0 0.613
43646 9 5 10 0 0.034 0.204 0.445 0.91 0.379 224.495 2 240.958 37.773 0 0.673
43646 10 5 10 0 0.034 0.204 0.445 0.91 0.379 234.444 1 243.193 35.893 0 0.68
43646 1 5 10 0 0.077 0.152 0.191 0.964 0.817 237.814 3 243.527 27.5 0 0.667
43646 2 5 10 0 0.077 0.152 0.191 0.964 0.817 234.23 3 244.076 32.133 0 0.74
43646 3 5 10 0 0.077 0.152 0.191 0.964 0.817 226.736 2 245.178 29.773 0 0.733
43646 4 5 10 0 0.077 0.152 0.191 0.964 0.817 232.076 2 244.372 31.4 0 0.747
43646 5 5 10 0 0.077 0.152 0.191 0.964 0.817 232.67 4 245.84 38.4 0 0.753
43646 6 5 10 0 0.077 0.152 0.191 0.964 0.817 232.649 0 243.826 33.02 0 0.74
43646 7 5 10 0 0.077 0.152 0.191 0.964 0.817 232.471 0 244.406 25.287 0 0.733
43646 8 5 10 0 0.077 0.152 0.191 0.964 0.817 233.29 3 244.654 32.327 0 0.713
43646 9 5 10 0 0.077 0.152 0.191 0.964 0.817 237.604 2 245.437 28.167 0 0.693
43646 10 5 10 0 0.077 0.152 0.191 0.964 0.817 235.308 0 245.161 31.38 0 0.673
43646 1 5 10 0 0.094 0.496 0.379 0.897 0.392 228.435 1 239.155 90.86 0 0.493
43646 2 5 10 0 0.094 0.496 0.379 0.897 0.392 219.437 0 236.2 84.373 0 0.373
43646 3 5 10 0 0.094 0.496 0.379 0.897 0.392 224.737 4 238.065 72.92 0 0.38
43646 4 5 10 0 0.094 0.496 0.379 0.897 0.392 224.487 3 238.801 96.56 0 0.347
43646 5 5 10 0 0.094 0.496 0.379 0.897 0.392 223.083 3 237.454 81.467 0 0.287
43646 6 5 10 0 0.094 0.496 0.379 0.897 0.392 224.821 0 238.407 88.16 0 0.367
43646 7 5 10 0 0.094 0.496 0.379 0.897 0.392 211.326 5 236.711 91.833 0 0.42
43646 8 5 10 0 0.094 0.496 0.379 0.897 0.392 224.989 0 237.468 83.227 0 0.42
43646 9 5 10 0 0.094 0.496 0.379 0.897 0.392 220.478 2 232.522 88.573 0 0.367
43646 10 5 10 0 0.094 0.496 0.379 0.897 0.392 224.757 2 237.108 81.02 0 0.407
43646 1 5 10 0 0.056 0.106 0.412 0.889 0.446 233.876 2 244.861 28.907 0 0.74
43646 2 5 10 0 0.056 0.106 0.412 0.889 0.446 233.698 1 244.39 35.673 0 0.707
43646 3 5 10 0 0.056 0.106 0.412 0.889 0.446 233.12 0 245.004 28.007 0 0.727
43646 4 5 10 0 0.056 0.106 0.412 0.889 0.446 234.349 0 245.234 31.973 0 0.7
43646 5 5 10 0 0.056 0.106 0.412 0.889 0.446 238.238 1 245.191 32.9 0 0.68
43646 6 5 10 0 0.056 0.106 0.412 0.889 0.446 233.256 2 244.116 29.433 0 0.747
43646 7 5 10 0 0.056 0.106 0.412 0.889 0.446 240.77 0 246.475 31.393 0 0.693
43646 8 5 10 0 0.056 0.106 0.412 0.889 0.446 233.857 1 245.668 27.287 0 0.727
43646 9 5 10 0 0.056 0.106 0.412 0.889 0.446 232.118 1 244.198 29.173 0 0.72
43646 10 5 10 0 0.056 0.106 0.412 0.889 0.446 233.383 0 245.488 33.447 0 0.7
43646 1 5 10 0 0.05 0.231 0.368 0.913 0.022 240.869 786 246.58 1973.1 0 0
43646 2 5 10 0 0.05 0.231 0.368 0.913 0.022 238.675 453 246.755 1754.413 0 0
43646 3 5 10 0 0.05 0.231 0.368 0.913 0.022 240.972 653 246.921 1883.787 0 0
43646 4 5 10 0 0.05 0.231 0.368 0.913 0.022 240.792 737 246.488 1897.487 0 0
43646 5 5 10 0 0.05 0.231 0.368 0.913 0.022 240.836 1235 247.014 1836.173 0 0
43646 6 5 10 0 0.05 0.231 0.368 0.913 0.022 240.595 1092 247.109 2070.06 0 0
43646 7 5 10 0 0.05 0.231 0.368 0.913 0.022 231.69 586 245.293 1742.3 0 0
43646 8 5 10 0 0.05 0.231 0.368 0.913 0.022 238.7 399 246.705 1810.327 0 0
43646 9 5 10 0 0.05 0.231 0.368 0.913 0.022 242.206 870 247.366 2135.153 0 0
43646 10 5 10 0 0.05 0.231 0.368 0.913 0.022 241.269 942 247.378 2062.813 0 0
43646 1 5 10 0 0.024 0.195 0.36 0.908 0.822 231.399 2 245.659 40.267 0 0.707
43646 2 5 10 0 0.024 0.195 0.36 0.908 0.822 231.847 0 244.086 29.773 0 0.7
43646 3 5 10 0 0.024 0.195 0.36 0.908 0.822 236.05 1 245.542 31.047 0 0.72
43646 4 5 10 0 0.024 0.195 0.36 0.908 0.822 234.957 0 244.605 33.193 0 0.707
43646 5 5 10 0 0.024 0.195 0.36 0.908 0.822 230.327 0 243.12 33.433 0 0.733
43646 6 5 10 0 0.024 0.195 0.36 0.908 0.822 233.222 2 243.379 30.567 0 0.74
43646 7 5 10 0 0.024 0.195 0.36 0.908 0.822 231.602 0 245.157 33.867 0 0.787
43646 8 5 10 0 0.024 0.195 0.36 0.908 0.822 239.81 1 246.054 29.773 0 0.66
43646 9 5 10 0 0.024 0.195 0.36 0.908 0.822 226.393 0 243.83 31.953 0 0.72
43646 10 5 10 0 0.024 0.195 0.36 0.908 0.822 235.75 2 245.69 34.02 0 0.687
43646 1 5 10 0 0.032 0.005 0.383 0.853 0.68 232.679 2 241.866 36.127 0 0.733
43646 2 5 10 0 0.032 0.005 0.383 0.853 0.68 236.589 1 244.069 27.427 0 0.733
43646 3 5 10 0 0.032 0.005 0.383 0.853 0.68 240.047 1 245.951 28.92 0 0.733
43646 4 5 10 0 0.032 0.005 0.383 0.853 0.68 233.29 2 245.273 34.54 0 0.68
43646 5 5 10 0 0.032 0.005 0.383 0.853 0.68 233.742 2 245.325 35.827 0 0.727
43646 6 5 10 0 0.032 0.005 0.383 0.853 0.68 229.353 0 243.466 33.413 0 0.713
43646 7 5 10 0 0.032 0.005 0.383 0.853 0.68 227.764 2 241.678 28.18 0 0.72
43646 8 5 10 0 0.032 0.005 0.383 0.853 0.68 232.498 1 243.562 28.22 0 0.733
43646 9 5 10 0 0.032 0.005 0.383 0.853 0.68 234.915 2 244.109 33.453 0 0.68
43646 10 5 10 0 0.032 0.005 0.383 0.853 0.68 235.298 5 245.274 34.38 0 0.727
43646 1 5 10 0 0.024 0.476 0.314 0.774 0.314 189.432 2 212.364 218.52 0 0.387
43646 1 5 3 1 0.072 0.36 0.072 0.851 0.378 240.916 894 245.758 1039.027 0 0
43646 2 5 3 1 0.072 0.36 0.072 0.851 0.378 240.948 931 245.839 1151.347 0 0
43646 3 5 3 1 0.072 0.36 0.072 0.851 0.378 243.363 819 246.85 1227.32 0 0
43646 4 5 3 1 0.072 0.36 0.072 0.851 0.378 240.515 953 245.946 1177.233 0 0
43646 5 5 3 1 0.072 0.36 0.072 0.851 0.378 242.255 874 246.595 1079.327 0 0
43646 6 5 3 1 0.072 0.36 0.072 0.851 0.378 237.624 878 245.141 1069.293 0 0
43646 7 5 3 1 0.072 0.36 0.072 0.851 0.378 243.3 952 246.93 1213.947 0 0
43646 8 5 3 1 0.072 0.36 0.072 0.851 0.378 239.323 883 246.16 1201.02 0 0
43646 9 5 3 1 0.072 0.36 0.072 0.851 0.378 241.767 882 246.921 1241.52 0 0
43646 10 5 3 1 0.072 0.36 0.072 0.851 0.378 239.329 863 245.803 1086.633 0 0
43646 1 5 3 1 0.104 0.355 0.452 0.825 0.864 0.746 14 2.336 35.807 1 0
43646 2 5 3 1 0.104 0.355 0.452 0.825 0.864 1.243 16 2.193 31.893 1 0
43646 3 5 3 1 0.104 0.355 0.452 0.825 0.864 1.093 18 2.086 33.707 1 0
43646 4 5 3 1 0.104 0.355 0.452 0.825 0.864 0.945 12 2.393 31.567 1 0
43646 5 5 3 1 0.104 0.355 0.452 0.825 0.864 1.442 14 3.242 36.933 0.987 0
43646 6 5 3 1 0.104 0.355 0.452 0.825 0.864 1.789 14 3.468 38.507 1 0
43646 7 5 3 1 0.104 0.355 0.452 0.825 0.864 0.597 17 3.487 39.06 0.82 0
43646 8 5 3 1 0.104 0.355 0.452 0.825 0.864 1.443 10 2.434 31.593 1 0
43646 9 5 3 1 0.104 0.355 0.452 0.825 0.864 0.1 17 0.501 21.02 1 0
43646 10 5 3 1 0.104 0.355 0.452 0.825 0.864 0 14 0.92 22.967 1 0
43646 1 5 3 1 0.097 0.491 0.204 0.773 0.17 243.939 1222 247.302 1400.153 0 0
43646 2 5 3 1 0.097 0.491 0.204 0.773 0.17 242.878 1161 247.273 1399.427 0 0
43646 3 5 3 1 0.097 0.491 0.204 0.773 0.17 244.497 1144 247.785 1420.6 0 0
43646 4 5 3 1 0.097 0.491 0.204 0.773 0.17 244.325 1289 247.783 1480.18 0 0
43646 5 5 3 1 0.097 0.491 0.204 0.773 0.17 241.339 1018 246.901 1269.247 0 0
43646 6 5 3 1 0.097 0.491 0.204 0.773 0.17 242.596 1128 247.415 1402.773 0 0
43646 7 5 3 1 0.097 0.491 0.204 0.773 0.17 244.18 1149 247.491 1346.7 0 0
43646 8 5 3 1 0.097 0.491 0.204 0.773 0.17 243.753 1104 247.181 1394.313 0 0
43646 9 5 3 1 0.097 0.491 0.204 0.773 0.17 239.569 1136 246.973 1406.88 0 0
43646 10 5 3 1 0.097 0.491 0.204 0.773 0.17 244.419 1169 247.368 1414.653 0 0
43646 1 5 3 1 0.033 0.145 0.096 0.861 0.849 1.541 15 3.863 37.433 0.953 0
43646 2 5 3 1 0.033 0.145 0.096 0.861 0.849 0.597 19 2.085 31.727 1 0
43646 3 5 3 1 0.033 0.145 0.096 0.861 0.849 1.391 19 2.631 38.907 0.967 0
43646 4 5 3 1 0.033 0.145 0.096 0.861 0.849 0 18 1.676 30.2 1 0
43646 5 5 3 1 0.033 0.145 0.096 0.861 0.849 1.144 12 2.617 32.16 1 0
43646 6 5 3 1 0.033 0.145 0.096 0.861 0.849 0.845 17 2.03 32.833 1 0
43646 7 5 3 1 0.033 0.145 0.096 0.861 0.849 1.541 15 2.895 38.6 1 0
43646 8 5 3 1 0.033 0.145 0.096 0.861 0.849 0.448 20 2.145 41.733 1 0
43646 9 5 3 1 0.033 0.145 0.096 0.861 0.849 1.178 16 2.79 36.507 1 0
43646 10 5 3 1 0.033 0.145 0.096 0.861 0.849 0.697 19 2.156 35.62 1 0
43646 1 5 3 1 0.047 0.378 0.394 0.752 0.298 35.709 73 40.347 133.193 0 0
43646 2 5 3 1 0.047 0.378 0.394 0.752 0.298 38.084 49 41.717 121.247 0 0
43646 3 5 3 1 0.047 0.378 0.394 0.752 0.298 22.418 41 25.339 95.24 0 0
43646 4 5 3 1 0.047 0.378 0.394 0.752 0.298 21.682 38 26.545 98.973 0 0
43646 5 5 3 1 0.047 0.378 0.394 0.752 0.298 0 8 0.02 8 1 1
43646 6 5 3 1 0.047 0.378 0.394 0.752 0.298 18.397 32 20.902 64.333 0 0
43646 7 5 3 1 0.047 0.378 0.394 0.752 0.298 29.33 57 32.831 115.467 0 0
43646 8 5 3 1 0.047 0.378 0.394 0.752 0.298 24.817 46 28.534 99.533 0 0
43646 9 5 3 1 0.047 0.378 0.394 0.752 0.298 20.224 29 25.076 85.427 0 0
43646 10 5 3 1 0.047 0.378 0.394 0.752 0.298 38.68 90 41.262 145.04 0 0
43646 1 5 3 1 0.103 0.008 0.385 0.773 0.326 0.697 16 2.335 34.827 1 0
43646 2 5 3 1 0.103 0.008 0.385 0.773 0.326 1.342 14 2.528 35.4 1 0
43646 3 5 3 1 0.103 0.008 0.385 0.773 0.326 0.398 13 2.136 30.407 0.987 0
43646 4 5 3 1 0.103 0.008 0.385 0.773 0.326 0.597 16 1.469 29.627 1 0
43646 5 5 3 1 0.103 0.008 0.385 0.773 0.326 0.597 14 2.454 29.16 0.987 0
43646 6 5 3 1 0.103 0.008 0.385 0.773 0.326 0.945 11 2.457 31.153 1 0
43646 7 5 3 1 0.103 0.008 0.385 0.773 0.326 1.441 10 2.461 30.26 1 0
43646 8 5 3 1 0.103 0.008 0.385 0.773 0.326 0.05 13 1.749 25.38 0.96 0
43646 9 5 3 1 0.103 0.008 0.385 0.773 0.326 1.043 21 2.741 38.287 0.947 0
43646 10 5 3 1 0.103 0.008 0.385 0.773 0.326 2.483 9 3.789 30.113 0.873 0.007
43646 1 5 3 1 0.11 0.216 0.056 0.855 0.013 248.206 4258 249.782 4983.927 0 0
43646 2 5 3 1 0.11 0.216 0.056 0.855 0.013 248.951 5098 249.821 5713.833 0 0
43646 3 5 3 1 0.11 0.216 0.056 0.855 0.013 249.055 4795 249.864 5302.413 0 0
43646 4 5 3 1 0.11 0.216 0.056 0.855 0.013 248.787 4813 249.863 5902.56 0 0
43646 5 5 3 1 0.11 0.216 0.056 0.855 0.013 248.819 4907 249.851 5481.793 0 0
43646 6 5 3 1 0.11 0.216 0.056 0.855 0.013 248.427 4347 249.786 4823.873 0 0
43646 7 5 3 1 0.11 0.216 0.056 0.855 0.013 248.994 5149 249.89 5822.813 0 0
43646 8 5 3 1 0.11 0.216 0.056 0.855 0.013 248.642 4836 249.833 5401.813 0 0
43646 9 5 3 1 0.11 0.216 0.056 0.855 0.013 249.172 5637 249.921 6329.733 0 0
43646 10 5 3 1 0.11 0.216 0.056 0.855 0.013 248.419 4824 249.838 5776.287 0 0
43646 1 5 3 1 0.004 0.244 0.321 0.992 0.774 0.945 15 2.29 32.72 1 0
43646 2 5 3 1 0.004 0.244 0.321 0.992 0.774 0.846 11 2.115 29.24 1 0
43646 3 5 3 1 0.004 0.244 0.321 0.992 0.774 0.945 14 1.752 34.147 1 0
43646 4 5 3 1 0.004 0.244 0.321 0.992 0.774 1.341 16 2.481 34.247 1 0
43646 5 5 3 1 0.004 0.244 0.321 0.992 0.774 0.05 12 0.836 20.587 1 0
43646 6 5 3 1 0.004 0.244 0.321 0.992 0.774 1.193 14 2.594 31.847 1 0
43646 7 5 3 1 0.004 0.244 0.321 0.992 0.774 0.348 16 1.406 32.113 1 0
43646 8 5 3 1 0.004 0.244 0.321 0.992 0.774 0.647 10 2.804 32.16 1 0
43646 9 5 3 1 0.004 0.244 0.321 0.992 0.774 0.895 18 2.33 36.467 1 0
43646 10 5 3 1 0.004 0.244 0.321 0.992 0.774 1.441 9 2.667 32.847 1 0.013
43646 1 5 3 1 0.088 0.019 0.109 0.965 0.013 245.366 1566 248.37 1900.887 0 0
43646 2 5 3 1 0.088 0.019 0.109 0.965 0.013 245.184 1718 248.669 1954.533 0 0
43646 3 5 3 1 0.088 0.019 0.109 0.965 0.013 245.525 1491 248.051 1748.333 0 0
43646 4 5 3 1 0.088 0.019 0.109 0.965 0.013 245.29 1519 248.309 1813.967 0 0
43646 5 5 3 1 0.088 0.019 0.109 0.965 0.013 245.986 1576 248.779 1836.427 0 0
43646 6 5 3 1 0.088 0.019 0.109 0.965 0.013 245.234 1581 248.259 1839.413 0 0
43646 7 5 3 1 0.088 0.019 0.109 0.965 0.013 246.293 1655 248.563 1906.533 0 0
43646 8 5 3 1 0.088 0.019 0.109 0.965 0.013 244.015 1296 248.214 1710.387 0 0
43646 9 5 3 1 0.088 0.019 0.109 0.965 0.013 246.692 1692 248.927 2038.88 0 0
43646 10 5 3 1 0.088 0.019 0.109 0.965 0.013 244.239 1572 248.529 1811.613 0 0
43646 1 5 5 1 0.012 0.251 0.146 0.967 0.594 0.746 12 2.5 29.96 0.967 0
43646 2 5 5 1 0.012 0.251 0.146 0.967 0.594 0.298 12 1.166 24.453 1 0
43646 3 5 5 1 0.012 0.251 0.146 0.967 0.594 0.695 11 2.194 33.107 1 0
43646 4 5 5 1 0.012 0.251 0.146 0.967 0.594 1.688 12 2.722 35.42 1 0
43646 5 5 5 1 0.012 0.251 0.146 0.967 0.594 1.739 16 3.809 37.86 0.907 0
43646 6 5 5 1 0.012 0.251 0.146 0.967 0.594 0.944 10 2.613 27.727 1 0
43646 7 5 5 1 0.012 0.251 0.146 0.967 0.594 0.895 13 2.079 31.52 1 0
43646 8 5 5 1 0.012 0.251 0.146 0.967 0.594 0.945 13 2.216 33.227 1 0
43646 9 5 5 1 0.012 0.251 0.146 0.967 0.594 0 9 0.171 9.213 1 0.887
43646 10 5 5 1 0.012 0.251 0.146 0.967 0.594 0.597 18 1.841 33.08 1 0
43646 1 5 5 1 0.018 0.221 0.319 0.865 0.123 96.503 168 107.382 286.027 0 0
43646 2 5 5 1 0.018 0.221 0.319 0.865 0.123 75.218 134 82.378 208.74 0 0
43646 3 5 5 1 0.018 0.221 0.319 0.865 0.123 101.508 202 109.633 322.707 0 0
43646 4 5 5 1 0.018 0.221 0.319 0.865 0.123 127.618 241 131.997 380.073 0 0
43646 5 5 5 1 0.018 0.221 0.319 0.865 0.123 70.783 122 78.485 207.227 0 0
43646 6 5 5 1 0.018 0.221 0.319 0.865 0.123 91.725 166 102.283 294.167 0 0
43646 7 5 5 1 0.018 0.221 0.319 0.865 0.123 92.339 128 97.307 249.527 0 0
43646 8 5 5 1 0.018 0.221 0.319 0.865 0.123 90.87 121 98.469 244.96 0 0
43646 9 5 5 1 0.018 0.221 0.319 0.865 0.123 112.478 195 117.827 313.527 0 0
43646 10 5 5 1 0.018 0.221 0.319 0.865 0.123 118.163 237 125.313 351.153 0 0
43646 1 5 5 1 0.031 0.466 0.131 0.839 0.018 246.256 2124 249.272 2687.08 0 0
43646 2 5 5 1 0.031 0.466 0.131 0.839 0.018 247.175 2149 249.232 2578.66 0 0
43646 3 5 5 1 0.031 0.466 0.131 0.839 0.018 246.224 1875 248.815 2287.52 0 0
43646 4 5 5 1 0.031 0.466 0.131 0.839 0.018 248.006 2428 249.501 3003.487 0 0
43646 5 5 5 1 0.031 0.466 0.131 0.839 0.018 247.485 1903 249.212 2643.54 0 0
43646 6 5 5 1 0.031 0.466 0.131 0.839 0.018 247.866 2118 249.255 2723.1 0 0
43646 7 5 5 1 0.031 0.466 0.131 0.839 0.018 246.852 2326 249.122 2621.627 0 0
43646 8 5 5 1 0.031 0.466 0.131 0.839 0.018 247.721 2705 249.331 3175.893 0 0
43646 9 5 5 1 0.031 0.466 0.131 0.839 0.018 246.486 2090 249.26 2468.507 0 0
43646 10 5 5 1 0.031 0.466 0.131 0.839 0.018 246.396 2071 249.061 2430.96 0 0
43646 1 5 5 1 0.034 0.256 0.051 0.754 0.762 1.094 15 2.505 36.827 1 0
43646 2 5 5 1 0.034 0.256 0.051 0.754 0.762 0.498 12 2.504 33.713 0.907 0
43646 3 5 5 1 0.034 0.256 0.051 0.754 0.762 1.869 13 3.863 36.193 0.833 0
43646 4 5 5 1 0.034 0.256 0.051 0.754 0.762 1.044 16 3.231 35.64 0.84 0
43646 5 5 5 1 0.034 0.256 0.051 0.754 0.762 1.692 12 3.27 34.473 0.92 0
43646 6 5 5 1 0.034 0.256 0.051 0.754 0.762 1.243 13 2.315 29.687 1 0
43646 7 5 5 1 0.034 0.256 0.051 0.754 0.762 0.844 16 1.84 28.833 1 0
43646 8 5 5 1 0.034 0.256 0.051 0.754 0.762 0.498 14 2.838 33.453 0.98 0
43646 9 5 5 1 0.034 0.256 0.051 0.754 0.762 1.284 11 3.588 31.393 0.88 0
43646 10 5 5 1 0.034 0.256 0.051 0.754 0.762 1.492 12 2.873 33.347 1 0
43646 1 5 5 1 0.004 0.455 0.329 0.842 0.725 0.994 9 2.461 27.973 1 0.007
43646 2 5 5 1 0.004 0.455 0.329 0.842 0.725 0.994 16 1.826 29.687 1 0
43646 3 5 5 1 0.004 0.455 0.329 0.842 0.725 1.289 11 3.563 32.72 0.873 0
43646 4 5 5 1 0.004 0.455 0.329 0.842 0.725 0.796 10 2.275 27.513 1 0
43646 5 5 5 1 0.004 0.455 0.329 0.842 0.725 0 6 0.089 6 1 1
43646 6 5 5 1 0.004 0.455 0.329 0.842 0.725 0 7 0.417 12.787 1 0.407
43646 7 5 5 1 0.004 0.455 0.329 0.842 0.725 0.448 16 1.527 28.52 1 0
43646 8 5 5 1 0.004 0.455 0.329 0.842 0.725 0.398 9 1.804 27.333 1 0.007
43646 9 5 5 1 0.004 0.455 0.329 0.842 0.725 0.647 14 1.891 28.513 1 0
43646 10 5 5 1 0.004 0.455 0.329 0.842 0.725 1.441 10 2.995 32.533 0.973 0
43646 1 5 5 1 0.018 0.368 0.333 0.951 0.679 0 11 0.12 11 1 0
43646 2 5 5 1 0.018 0.368 0.333 0.951 0.679 0 12 0.053 12 1 0
43646 3 5 5 1 0.018 0.368 0.333 0.951 0.679 0.597 10 2.184 27.447 1 0
43646 4 5 5 1 0.018 0.368 0.333 0.951 0.679 0 11 1.965 26.647 1 0
43646 5 5 5 1 0.018 0.368 0.333 0.951 0.679 1.044 8 2.147 25.867 1 0.033
43646 6 5 5 1 0.018 0.368 0.333 0.951 0.679 1.194 14 2.493 33.087 1 0
43646 7 5 5 1 0.018 0.368 0.333 0.951 0.679 0.597 14 1.606 25.693 1 0
43646 8 5 5 1 0.018 0.368 0.333 0.951 0.679 0.05 7 0.213 11.407 1 0.113
43646 9 5 5 1 0.018 0.368 0.333 0.951 0.679 0.994 16 2.159 31.147 1 0
43646 10 5 5 1 0.018 0.368 0.333 0.951 0.679 0.1 9 0.239 9 1 1
43646 1 5 5 1 0.023 0.012 0.492 0.955 0.06 1.193 15 2.501 33.127 0.98 0
43646 2 5 5 1 0.023 0.012 0.492 0.955 0.06 0.398 11 1.449 28.587 1 0
43646 3 5 5 1 0.023 0.012 0.492 0.955 0.06 0.895 19 2.059 32.687 1 0
43646 4 5 5 1 0.023 0.012 0.492 0.955 0.06 2.039 9 3.719 32.353 0.933 0.013
43646 5 5 5 1 0.023 0.012 0.492 0.955 0.06 0.448 9 1.657 24.76 1 0.033
43646 6 5 5 1 0.023 0.012 0.492 0.955 0.06 0.697 11 1.497 24.287 1 0
43646 7 5 5 1 0.023 0.012 0.492 0.955 0.06 0.845 7 1.971 22.413 1 0.067
43646 8 5 5 1 0.023 0.012 0.492 0.955 0.06 0.348 16 1.441 24.747 1 0
43646 9 5 5 1 0.023 0.012 0.492 0.955 0.06 0.647 15 1.572 30.927 1 0
43646 10 5 5 1 0.023 0.012 0.492 0.955 0.06 4.057 17 6.304 43.047 0.147 0
43646 1 5 5 1 0.079 0.114 0.402 0.88 0.59 1.094 14 2.718 35.307 1 0
43646 2 5 5 1 0.079 0.114 0.402 0.88 0.59 0.398 15 1.875 28.2 1 0
43646 3 5 5 1 0.079 0.114 0.402 0.88 0.59 0.05 14 0.311 15.52 1 0
43646 4 5 5 1 0.079 0.114 0.402 0.88 0.59 0 9 0.334 10.513 1 0.793
43646 5 5 5 1 0.079 0.114 0.402 0.88 0.59 0.249 7 1.542 24.6 1 0.067
43646 6 5 5 1 0.079 0.114 0.402 0.88 0.59 0.299 12 1.577 25.787 1 0
43646 7 5 5 1 0.079 0.114 0.402 0.88 0.59 0 11 0.118 11 1 0
43646 8 5 5 1 0.079 0.114 0.402 0.88 0.59 0.448 12 1.4 26.267 1 0
43646 9 5 5 1 0.079 0.114 0.402 0.88 0.59 0.746 15 3.174 33.373 0.98 0
43646 10 5 5 1 0.079 0.114 0.402 0.88 0.59 0 13 0.049 13 1 0
43646 1 5 5 1 0.007 0.351 0.01 0.92 0.479 245.275 1315 248.141 1558.813 0 0
43646 2 5 5 1 0.007 0.351 0.01 0.92 0.479 243.93 1179 247.854 1504.653 0 0
43646 3 5 5 1 0.007 0.351 0.01 0.92 0.479 243.197 1164 247.685 1446.313 0 0
43646 4 5 5 1 0.007 0.351 0.01 0.92 0.479 245.117 1253 248.346 1592.88 0 0
43646 5 5 5 1 0.007 0.351 0.01 0.92 0.479 244.098 1202 247.928 1519.173 0 0
43646 6 5 5 1 0.007 0.351 0.01 0.92 0.479 243.384 1189 247.573 1484.673 0 0
43646 7 5 5 1 0.007 0.351 0.01 0.92 0.479 241.284 1211 247.134 1470.493 0 0
43646 8 5 5 1 0.007 0.351 0.01 0.92 0.479 242.559 1152 247.173 1402.08 0 0
43646 9 5 5 1 0.007 0.351 0.01 0.92 0.479 245.466 1155 247.885 1526.647 0 0
43646 10 5 5 1 0.007 0.351 0.01 0.92 0.479 244.382 1293 248.449 1708.047 0 0
43646 1 5 5 1 0.05 0.13 0.096 0.753 0.07 246.692 2106 249.024 2434.553 0 0
43646 2 5 5 1 0.05 0.13 0.096 0.753 0.07 247.116 1755 249.063 2176.233 0 0
43646 3 5 5 1 0.05 0.13 0.096 0.753 0.07 246.464 2201 249.142 2440.1 0 0
43646 4 5 5 1 0.05 0.13 0.096 0.753 0.07 246.314 1853 249.018 2317.527 0 0
43646 5 5 5 1 0.05 0.13 0.096 0.753 0.07 246.819 1944 249.184 2307.713 0 0
43646 6 5 5 1 0.05 0.13 0.096 0.753 0.07 247.453 1981 249.174 2441.84 0 0
43646 1 5 10 1 0.029 0.42 0.2 0.979 0.21 242.203 973 247.329 1325.047 0 0
43646 2 5 10 1 0.029 0.42 0.2 0.979 0.21 238.223 958 246.522 1287.64 0 0
43646 3 5 10 1 0.029 0.42 0.2 0.979 0.21 238.577 1163 247.171 1420.753 0 0
43646 4 5 10 1 0.029 0.42 0.2 0.979 0.21 241.211 1024 246.927 1282.447 0 0
43646 5 5 10 1 0.029 0.42 0.2 0.979 0.21 241.694 921 247.531 1340.173 0 0
43646 6 5 10 1 0.029 0.42 0.2 0.979 0.21 241.05 974 246.93 1348.513 0 0
43646 7 5 10 1 0.029 0.42 0.2 0.979 0.21 240.69 877 247.108 1330.12 0 0
43646 8 5 10 1 0.029 0.42 0.2 0.979 0.21 236.964 896 245.641 1279.88 0 0
43646 9 5 10 1 0.029 0.42 0.2 0.979 0.21 243.491 1071 247.699 1407.747 0 0
43646 10 5 10 1 0.029 0.42 0.2 0.979 0.21 241.06 998 246.559 1282.64 0 0
43646 1 5 10 1 0.09 0.421 0.434 0.874 0.725 235.923 3 246.114 38.427 0 0.727
43646 2 5 10 1 0.09 0.421 0.434 0.874 0.725 233.87 2 245.742 29.993 0 0.753
43646 3 5 10 1 0.09 0.421 0.434 0.874 0.725 233.548 0 244.505 26.573 0 0.747
43646 4 5 10 1 0.09 0.421 0.434 0.874 0.725 234.057 3 244.949 31.82 0 0.773
43646 5 5 10 1 0.09 0.421 0.434 0.874 0.725 236.129 1 246.113 28.093 0 0.767
43646 6 5 10 1 0.09 0.421 0.434 0.874 0.725 235.673 3 245.292 31.953 0 0.66
43646 7 5 10 1 0.09 0.421 0.434 0.874 0.725 234.797 3 241.82 28.973 0 0.68
43646 8 5 10 1 0.09 0.421 0.434 0.874 0.725 232.932 3 246.072 33.2 0 0.687
43646 9 5 10 1 0.09 0.421 0.434 0.874 0.725 233.603 1 243.955 32.267 0 0.693
43646 10 5 10 1 0.09 0.421 0.434 0.874 0.725 236.825 2 246.068 30.487 0 0.673
43646 1 5 10 1 0.105 0.43 0.308 0.986 0.439 1.094 14 2.22 30.207 1 0
43646 2 5 10 1 0.105 0.43 0.308 0.986 0.439 0 6 0.082 6 1 1
43646 3 5 10 1 0.105 0.43 0.308 0.986 0.439 12.977 11 21.686 54.047 0 0
43646 4 5 10 1 0.105 0.43 0.308 0.986 0.439 46.923 4 72.434 88.267 0 0.047
43646 5 5 10 1 0.105 0.43 0.308 0.986 0.439 69.336 9 81.747 61.3 0 0.02
43646 6 5 10 1 0.105 0.43 0.308 0.986 0.439 0.398 11 1.17 24.6 1 0
43646 7 5 10 1 0.105 0.43 0.308 0.986 0.439 0.05 17 1.105 28.007 1 0
43646 8 5 10 1 0.105 0.43 0.308 0.986 0.439 0.149 10 0.558 16.413 1 0
43646 9 5 10 1 0.105 0.43 0.308 0.986 0.439 0 12 0.128 12.04 1 0
43646 10 5 10 1 0.105 0.43 0.308 0.986 0.439 1.094 7 2.193 27.68 1 0.073
43646 1 5 10 1 0.069 0.354 0.12 0.968 0.181 246.07 1886 249.186 2262.847 0 0
43646 2 5 10 1 0.069 0.354 0.12 0.968 0.181 246.555 1795 249.134 2419.94 0 0
43646 3 5 10 1 0.069 0.354 0.12 0.968 0.181 247.317 1971 249.348 2381.893 0 0
43646 4 5 10 1 0.069 0.354 0.12 0.968 0.181 246.935 2130 249.186 2469.313 0 0
43646 5 5 10 1 0.069 0.354 0.12 0.968 0.181 247.914 2214 249.399 2571.333 0 0
43646 6 5 10 1 0.069 0.354 0.12 0.968 0.181 246.481 1857 249.136 2390.86 0 0
43646 7 5 10 1 0.069 0.354 0.12 0.968 0.181 247.175 1945 249.172 2314.167 0 0
43646 8 5 10 1 0.069 0.354 0.12 0.968 0.181 246.465 1919 249.263 2383.927 0 0
43646 9 5 10 1 0.069 0.354 0.12 0.968 0.181 245.476 1994 249.333 2521.253 0 0
43646 10 5 10 1 0.069 0.354 0.12 0.968 0.181 246.234 1787 249.064 2199.753 0 0
43646 1 5 10 1 0.061 0.466 0.414 0.998 0.509 0 6 0.069 6 1 1
43646 2 5 10 1 0.061 0.466 0.414 0.998 0.509 206.776 4 232.535 53.153 0 0.453
43646 3 5 10 1 0.061 0.466 0.414 0.998 0.509 214.095 1 227.85 45.493 0 0.493
43646 4 5 10 1 0.061 0.466 0.414 0.998 0.509 197.966 3 219.263 49.64 0 0.473
43646 5 5 10 1 0.061 0.466 0.414 0.998 0.509 200.154 3 224.224 46.027 0 0.48
43646 6 5 10 1 0.061 0.466 0.414 0.998 0.509 0.299 9 1.474 24.247 1 0.053
43646 7 5 10 1 0.061 0.466 0.414 0.998 0.509 214.136 1 228.581 48.647 0 0.487
43646 8 5 10 1 0.061 0.466 0.414 0.998 0.509 205.187 0 220.361 46.727 0 0.513
43646 9 5 10 1 0.061 0.466 0.414 0.998 0.509 215.708 1 226.882 47.46 0 0.507
43646 10 5 10 1 0.061 0.466 0.414 0.998 0.509 0 13 0.293 15.287 1 0
43646 1 5 10 1 0.111 0.235 0.308 0.922 0.492 197.835 3 214.723 39.607 0 0.567
43646 2 5 10 1 0.111 0.235 0.308 0.922 0.492 1.391 13 2.549 28.867 0.96 0
43646 3 5 10 1 0.111 0.235 0.308 0.922 0.492 190.775 1 212.991 38.333 0 0.52
43646 4 5 10 1 0.111 0.235 0.308 0.922 0.492 203.851 1 225.644 38.02 0 0.5
43646 5 5 10 1 0.111 0.235 0.308 0.922 0.492 0.497 11 1.412 23.04 1 0
43646 6 5 10 1 0.111 0.235 0.308 0.922 0.492 52.477 6 60.17 33.033 0 0.193
43646 7 5 10 1 0.111 0.235 0.308 0.922 0.492 203.648 1 222.582 36.62 0 0.56
43646 8 5 10 1 0.111 0.235 0.308 0.922 0.492 212.239 3 228.674 43.033 0 0.58
43646 9 5 10 1 0.111 0.235 0.308 0.922 0.492 210.373 2 227.117 40.007 0 0.587
43646 10 5 10 1 0.111 0.235 0.308 0.922 0.492 215.99 5 224.45 40.527 0 0.507
43646 1 5 10 1 0.004 0.232 0.128 0.954 0.904 231.589 1 244.939 35.313 0 0.727
43646 2 5 10 1 0.004 0.232 0.128 0.954 0.904 228.944 1 245.617 27.7 0 0.7
43646 3 5 10 1 0.004 0.232 0.128 0.954 0.904 230.436 0 244.331 29.52 0 0.713
43646 4 5 10 1 0.004 0.232 0.128 0.954 0.904 234.61 1 243.698 34.153 0 0.68
43646 5 5 10 1 0.004 0.232 0.128 0.954 0.904 234.949 3 244.895 31.567 0 0.72
43646 6 5 10 1 0.004 0.232 0.128 0.954 0.904 232.711 2 244.42 34.1 0 0.72
43646 7 5 10 1 0.004 0.232 0.128 0.954 0.904 230.562 1 244.282 29.32 0 0.687
43646 8 5 10 1 0.004 0.232 0.128 0.954 0.904 232.159 4 245.195 30.347 0 0.733
43646 9 5 10 1 0.004 0.232 0.128 0.954 0.904 227.706 2 243.995 31.94 0 0.667
43646 10 5 10 1 0.004 0.232 0.128 0.954 0.904 232.087 0 245.626 35.867 0 0.733
43646 1 5 10 1 0.105 0.285 0.457 0.858 0.838 235.079 2 244.786 36.587 0 0.687
43646 2 5 10 1 0.105 0.285 0.457 0.858 0.838 235.296 0 244.255 29.987 0 0.733
43646 3 5 10 1 0.105 0.285 0.457 0.858 0.838 231.227 0 244.723 29.607 0 0.773
43646 4 5 10 1 0.105 0.285 0.457 0.858 0.838 225.537 2 243.479 31.02 0 0.767
43646 5 5 10 1 0.105 0.285 0.457 0.858 0.838 232.243 2 245.458 36.653 0 0.727
43646 6 5 10 1 0.105 0.285 0.457 0.858 0.838 234.183 1 245.742 27.367 0 0.72
43646 7 5 10 1 0.105 0.285 0.457 0.858 0.838 229.857 1 242.893 31.507 0 0.673
43646 8 5 10 1 0.105 0.285 0.457 0.858 0.838 235.397 0 244.863 24.487 0 0.687
43646 9 5 10 1 0.105 0.285 0.457 0.858 0.838 226.413 2 243.983 31.867 0 0.733
43646 10 5 10 1 0.105 0.285 0.457 0.858 0.838 230.912 3 245.182 33.94 0 0.72
43646 1 5 10 1 0.063 0.163 0.318 0.921 0.14 94.578 211 102.725 371.127 0 0
43646 2 5 10 1 0.063 0.163 0.318 0.921 0.14 134.969 170 142.106 283.367 0 0
43646 3 5 10 1 0.063 0.163 0.318 0.921 0.14 101.141 159 109.241 318.093 0 0
43646 4 5 10 1 0.063 0.163 0.318 0.921 0.14 114.168 159 120.836 375.307 0 0
43646 5 5 10 1 0.063 0.163 0.318 0.921 0.14 132.525 285 145.375 465.107 0 0
43646 6 5 10 1 0.063 0.163 0.318 0.921 0.14 106.957 209 116.351 376.407 0 0
43646 7 5 10 1 0.063 0.163 0.318 0.921 0.14 106.784 83 114.039 323.967 0 0
43646 8 5 10 1 0.063 0.163 0.318 0.921 0.14 103.098 227 110.969 392.62 0 0
43646 9 5 10 1 0.063 0.163 0.318 0.921 0.14 89.006 116 100.51 257.107 0 0
43646 10 5 10 1 0.063 0.163 0.318 0.921 0.14 98.899 166 106.161 347.993 0 0
43646 1 5 10 1 0.077 0.329 0.242 0.92 0.688 184.939 5 203.78 41.473 0 0.48
43646 2 5 10 1 0.077 0.329 0.242 0.92 0.688 217.265 4 231.603 40.44 0 0.507
43646 3 5 10 1 0.077 0.329 0.242 0.92 0.688 206.658 0 226.274 36.413 0 0.587
43646 4 5 10 1 0.077 0.329 0.242 0.92 0.688 0.746 12 2.004 30.307 1 0
43646 1 5 7 1 0.008 0.246 0.453 0.961 0.726 0.299 10 1.439 23.887 1 0
43646 2 5 7 1 0.008 0.246 0.453 0.961 0.726 19.858 13 22.95 25.06 0 0
43646 3 5 7 1 0.008 0.246 0.453 0.961 0.726 0.1 10 0.521 16.28 1 0
43646 4 5 7 1 0.008 0.246 0.453 0.961 0.726 84.924 7 92.474 18.553 0 0.62
43646 5 5 7 1 0.008 0.246 0.453 0.961 0.726 1.194 13 2.4 28.347 1 0
43646 6 5 7 1 0.008 0.246 0.453 0.961 0.726 0.149 11 0.758 18.74 1 0
43646 7 5 7 1 0.008 0.246 0.453 0.961 0.726 0.498 9 1.371 21.62 1 0.013
43646 8 5 7 1 0.008 0.246 0.453 0.961 0.726 0.299 10 1.543 24.987 1 0
43646 9 5 7 1 0.008 0.246 0.453 0.961 0.726 0 9 0.091 9 1 1
43646 10 5 7 1 0.008 0.246 0.453 0.961 0.726 0 9 0.057 9 1 1
43646 1 5 7 1 0.017 0.301 0.229 0.778 0.96 0.398 10 1.602 23.36 1 0
43646 2 5 7 1 0.017 0.301 0.229 0.778 0.96 3.701 5 11.309 26.84 0.067 0.16
43646 3 5 7 1 0.017 0.301 0.229 0.778 0.96 0.448 10 1.913 27.813 1 0
43646 4 5 7 1 0.017 0.301 0.229 0.778 0.96 0 12 0.111 12 1 0
43646 5 5 7 1 0.017 0.301 0.229 0.778 0.96 0 9 0.07 9 1 1
43646 6 5 7 1 0.017 0.301 0.229 0.778 0.96 0.05 9 0.178 9 1 1
43646 7 5 7 1 0.017 0.301 0.229 0.778 0.96 0 11 0.126 11 1 0
43646 8 5 7 1 0.017 0.301 0.229 0.778 0.96 0.597 15 1.926 31.913 1 0
43646 9 5 7 1 0.017 0.301 0.229 0.778 0.96 0 6 0.036 6 1 1
43646 10 5 7 1 0.017 0.301 0.229 0.778 0.96 0.995 14 2.119 30.08 1 0
43646 1 5 7 1 0.094 0.349 0.163 0.873 0.696 0.597 10 1.551 25.527 1 0
43646 2 5 7 1 0.094 0.349 0.163 0.873 0.696 0 13 0.465 18.747 1 0
43646 3 5 7 1 0.094 0.349 0.163 0.873 0.696 0 6 0.067 6 1 1
43646 4 5 7 1 0.094 0.349 0.163 0.873 0.696 0.597 12 1.827 29.34 1 0
43646 5 5 7 1 0.094 0.349 0.163 0.873 0.696 1.98 19 3.031 33.82 1 0
43646 6 5 7 1 0.094 0.349 0.163 0.873 0.696 0.249 12 1.637 28.48 1 0
43646 7 5 7 1 0.094 0.349 0.163 0.873 0.696 0.597 17 1.412 30.92 1 0
43646 8 5 7 1 0.094 0.349 0.163 0.873 0.696 0.546 10 2.187 30.313 1 0
43646 9 5 7 1 0.094 0.349 0.163 0.873 0.696 0.944 13 2.142 26.72 1 0
43646 10 5 7 1 0.094 0.349 0.163 0.873 0.696 1.293 12 2.469 30.847 1 0
43646 1 5 7 1 0.07 0.128 0.025 0.893 0.679 9.437 14 12.743 45.673 0 0
43646 2 5 7 1 0.07 0.128 0.025 0.893 0.679 0.647 11 3.124 38.913 0.82 0
43646 3 5 7 1 0.07 0.128 0.025 0.893 0.679 0.05 6 0.294 9.64 1 0.16
43646 4 5 7 1 0.07 0.128 0.025 0.893 0.679 0.945 21 4.312 46.067 0.613 0
43646 5 5 7 1 0.07 0.128 0.025 0.893 0.679 1.342 8 3.508 31.78 0.86 0.013
43646 6 5 7 1 0.07 0.128 0.025 0.893 0.679 2.374 19 5.35 48.22 0.42 0
43646 7 5 7 1 0.07 0.128 0.025 0.893 0.679 1.142 18 3.968 41.407 0.653 0
43646 8 5 7 1 0.07 0.128 0.025 0.893 0.679 1.889 14 3.433 33.867 0.947 0
43646 9 5 7 1 0.07 0.128 0.025 0.893 0.679 8.564 7 10.349 39.613 0 0.007
43646 10 5 7 1 0.07 0.128 0.025 0.893 0.679 8.073 14 10.743 49.353 0 0
43646 1 5 7 1 0.074 0.444 0.108 0.78 0.293 245.616 1435 248.278 1675.387 0 0
43646 2 5 7 1 0.074 0.444 0.108 0.78 0.293 245.436 1569 248.643 1836.273 0 0
43646 3 5 7 1 0.074 0.444 0.108 0.78 0.293 246.291 1404 248.468 1688.607 0 0
43646 4 5 7 1 0.074 0.444 0.108 0.78 0.293 246.176 1610 248.657 1944.247 0 0
43646 5 5 7 1 0.074 0.444 0.108 0.78 0.293 244.803 1305 248.265 1689.087 0 0
43646 6 5 7 1 0.074 0.444 0.108 0.78 0.293 244.709 1298 248.413 1649.887 0 0
43646 7 5 7 1 0.074 0.444 0.108 0.78 0.293 245.227 1164 248.474 1594.687 0 0
43646 8 5 7 1 0.074 0.444 0.108 0.78 0.293 244.447 1429 248.222 1792.413 0 0
43646 9 5 7 1 0.074 0.444 0.108 0.78 0.293 244.731 1234 247.868 1452.267 0 0
43646 10 5 7 1 0.074 0.444 0.108 0.78 0.293 245.024 1168 248.217 1477.58 0 0
43646 1 5 7 1 0.089 0.103 0.053 0.762 0.867 0.994 14 2.205 30.547 1 0
43646 2 5 7 1 0.089 0.103 0.053 0.762 0.867 0 14 0.126 14.7 1 0
43646 3 5 7 1 0.089 0.103 0.053 0.762 0.867 0.697 10 1.72 25.947 1 0
43646 4 5 7 1 0.089 0.103 0.053 0.762 0.867 0 8 0.155 8 1 1
43646 5 5 7 1 0.089 0.103 0.053 0.762 0.867 0.994 9 1.794 24.66 1 0.033
43646 6 5 7 1 0.089 0.103 0.053 0.762 0.867 0.944 12 1.844 24.893 1 0
43646 7 5 7 1 0.089 0.103 0.053 0.762 0.867 0 14 0.113 16.193 1 0
43646 8 5 7 1 0.089 0.103 0.053 0.762 0.867 0 12 0.044 12 1 0
43646 9 5 7 1 0.089 0.103 0.053 0.762 0.867 0 9 0.081 9 1 1
43646 10 5 7 1 0.089 0.103 0.053 0.762 0.867 0.249 12 1.701 27.46 1 0
43646 1 5 7 1 0.046 0.084 0.348 0.883 0.215 1.874 19 4.205 34.36 0.733 0
43646 2 5 7 1 0.046 0.084 0.348 0.883 0.215 0.547 9 2.821 28.66 0.827 0.02
43646 3 5 7 1 0.046 0.084 0.348 0.883 0.215 0.845 11 2.467 32.233 1 0
43646 4 5 7 1 0.046 0.084 0.348 0.883 0.215 19.162 22 22.164 81.073 0 0
43646 5 5 7 1 0.046 0.084 0.348 0.883 0.215 0 8 0.1 8 1 1
43646 6 5 7 1 0.046 0.084 0.348 0.883 0.215 0.547 15 1.437 29.473 1 0
43646 7 5 7 1 0.046 0.084 0.348 0.883 0.215 20.573 28 22.705 79.133 0 0
43646 8 5 7 1 0.046 0.084 0.348 0.883 0.215 0.944 14 2.553 28.373 1 0
43646 9 5 7 1 0.046 0.084 0.348 0.883 0.215 0.697 14 2.203 29.367 1 0
43646 10 5 7 1 0.046 0.084 0.348 0.883 0.215 0 8 0.074 8 1 1
43646 1 5 7 1 0.112 0.113 0.049 0.798 0.646 1.037 11 3.383 34.493 0.993 0
43646 2 5 7 1 0.112 0.113 0.049 0.798 0.646 0 8 0.08 8 1 1
43646 3 5 7 1 0.112 0.113 0.049 0.798 0.646 0 5 0.145 5 1 1
43646 4 5 7 1 0.112 0.113 0.049 0.798 0.646 1.976 7 3.221 25.3 0.967 0.027
43646 5 5 7 1 0.112 0.113 0.049 0.798 0.646 0 6 0.114 6 1 1
43646 6 5 7 1 0.112 0.113 0.049 0.798 0.646 0.547 7 1.989 25.307 1 0.033
43646 7 5 7 1 0.112 0.113 0.049 0.798 0.646 1.144 9 2.376 29.36 1 0.007
43646 8 5 7 1 0.112 0.113 0.049 0.798 0.646 0 11 0.421 14.767 1 0
43646 9 5 7 1 0.112 0.113 0.049 0.798 0.646 0.448 16 1.62 29.193 1 0
43646 10 5 7 1 0.112 0.113 0.049 0.798 0.646 0.845 13 3.022 29.707 0.973 0
43646 1 5 7 1 0.015 0.403 0.075 0.923 0.94 0 8 0.047 8 1 1
43646 2 5 7 1 0.015 0.403 0.075 0.923 0.94 0.646 11 1.685 26.32 1 0
43646 3 5 7 1 0.015 0.403 0.075 0.923 0.94 0.945 12 1.608 25.167 1 0
43646 4 5 7 1 0.015 0.403 0.075 0.923 0.94 1.141 12 2.374 29.16 1 0
43646 5 5 7 1 0.015 0.403 0.075 0.923 0.94 0 7 0.061 7 1 1
43646 6 5 7 1 0.015 0.403 0.075 0.923 0.94 0 7 0.926 16.7 1 0.107
43646 7 5 7 1 0.015 0.403 0.075 0.923 0.94 0.398 11 2.014 26.713 1 0
43646 8 5 7 1 0.015 0.403 0.075 0.923 0.94 0.448 12 1.54 23.54 1 0
43646 9 5 7 1 0.015 0.403 0.075 0.923 0.94 0.647 13 1.475 27.367 1 0
43646 10 5 7 1 0.015 0.403 0.075 0.923 0.94 0 1 0 1 1 1
43646 1 5 7 1 0.022 0.371 0.133 0.864 0.899 0 7 0.112 7 1 1
43646 2 5 7 1 0.022 0.371 0.133 0.864 0.899 0 7 0.631 15.373 1 0.067
43646 3 5 7 1 0.022 0.371 0.133 0.864 0.899 0 6 0.204 6 1 1
43646 4 5 7 1 0.022 0.371 0.133 0.864 0.899 0.447 11 1.583 26.073 1 0
43646 5 5 7 1 0.022 0.371 0.133 0.864 0.899 0 12 0.208 12.613 1 0
43646 6 5 7 1 0.022 0.371 0.133 0.864 0.899 0 9 0.193 9.1 1 0.9
43646 7 5 7 1 0.022 0.371 0.133 0.864 0.899 0.696 10 2.041 29.113 1 0
43646 8 5 7 1 0.022 0.371 0.133 0.864 0.899 0.646 16 1.771 28.593 1 0
43646 9 5 7 1 0.022 0.371 0.133 0.864 0.899 1.242 11 2.542 31.613 1 0
43646 10 5 7 1 0.022 0.371 0.133 0.864 0.899 0.1 10 0.795 20.627 1 0
43646 1 5 7 1 0.023 0.294 0.471 0.949 0.67 0.497 12 2.07 28.74 0.993 0
43646 2 5 7 1 0.023 0.294 0.471 0.949 0.67 0.597 12 1.991 30.453 1 0
43646 3 5 7 1 0.023 0.294 0.471 0.949 0.67 0.05 13 0.098 13 1 0
43646 4 5 7 1 0.023 0.294 0.471 0.949 0.67 0 9 0.098 9 1 1
43646 5 5 7 1 0.023 0.294 0.471 0.949 0.67 1.839 11 2.821 28.267 0.98 0
43646 6 5 7 1 0.023 0.294 0.471 0.949 0.67 0.596 8 2.468 26.08 0.987 0.013
43646 7 5 7 1 0.023 0.294 0.471 0.949 0.67 0.746 14 2.3 30.78 0.953 0
43646 8 5 7 1 0.023 0.294 0.471 0.949 0.67 0.995 13 1.96 28.88 1 0
43646 9 5 7 1 0.023 0.294 0.471 0.949 0.67 0.697 8 1.749 24.613 1 0.02
43646 10 5 7 1 0.023 0.294 0.471 0.949 0.67 0 7 0.761 18.72 1 0.02
43646 1 5 7 1 0.112 0.222 0.29 0.877 0.752 1.591 8 2.914 28.867 1 0.04
43646 2 5 7 1 0.112 0.222 0.29 0.877 0.752 0.248 8 1.81 21.28 1 0.06
43646 3 5 7 1 0.112 0.222 0.29 0.877 0.752 0.149 11 1.385 24.707 1 0
43646 4 5 7 1 0.112 0.222 0.29 0.877 0.752 0.149 11 0.653 18.98 1 0
43646 5 5 7 1 0.112 0.222 0.29 0.877 0.752 0.796 10 1.817 25.907 1 0
43646 6 5 7 1 0.112 0.222 0.29 0.877 0.752 0 7 0.039 7 1 1
43646 7 5 7 1 0.112 0.222 0.29 0.877 0.752 0 10 0.071 10 1 0
43646 1 5 5 0 0.076 0.021 0.221 0.771 0.763 0 9 0.021 9 1 1
43646 2 5 5 0 0.076 0.021 0.221 0.771 0.763 0.696 10 2.274 27.967 1 0
43646 3 5 5 0 0.076 0.021 0.221 0.771 0.763 0.05 13 0.633 19.467 1 0
43646 4 5 5 0 0.076 0.021 0.221 0.771 0.763 0.498 13 1.294 27 1 0
43646 5 5 5 0 0.076 0.021 0.221 0.771 0.763 0.546 13 1.627 27.887 1 0
43646 6 5 5 0 0.076 0.021 0.221 0.771 0.763 1.192 14 1.926 32.64 1 0
43646 7 5 5 0 0.076 0.021 0.221 0.771 0.763 0.498 12 1.516 25.44 1 0
43646 8 5 5 0 0.076 0.021 0.221 0.771 0.763 1.045 18 2.318 33.373 1 0
43646 9 5 5 0 0.076 0.021 0.221 0.771 0.763 0.398 10 1.609 24.793 1 0
43646 10 5 5 0 0.076 0.021 0.221 0.771 0.763 0 8 0.039 8 1 1
43646 1 5 5 0 0.076 0.152 0.058 0.77 0.545 38.253 8 43.666 102.993 0 0.02
43646 2 5 5 0 0.076 0.152 0.058 0.77 0.545 18.564 11 22.343 68.027 0 0
43646 3 5 5 0 0.076 0.152 0.058 0.77 0.545 16.592 12 19.731 71.653 0 0
43646 4 5 5 0 0.076 0.152 0.058 0.77 0.545 29.313 7 36.044 99.62 0 0.04
43646 5 5 5 0 0.076 0.152 0.058 0.77 0.545 37.344 10 41.805 107.74 0 0
43646 6 5 5 0 0.076 0.152 0.058 0.77 0.545 1.442 11 3.445 38.08 0.9 0
43646 7 5 5 0 0.076 0.152 0.058 0.77 0.545 22.285 8 24.784 69.447 0 0.033
43646 8 5 5 0 0.076 0.152 0.058 0.77 0.545 18.535 15 23.507 79.253 0 0
43646 9 5 5 0 0.076 0.152 0.058 0.77 0.545 35.193 8 42.517 109.707 0 0.02
43646 10 5 5 0 0.076 0.152 0.058 0.77 0.545 17.616 10 20.644 61.26 0 0
43646 1 5 5 0 0.037 0.371 0.296 0.865 0.377 0.547 10 1.635 27.28 1 0
43646 2 5 5 0 0.037 0.371 0.296 0.865 0.377 22.576 9 28.07 85.053 0 0.007
43646 3 5 5 0 0.037 0.371 0.296 0.865 0.377 0.05 17 0.288 18.087 1 0
43646 4 5 5 0 0.037 0.371 0.296 0.865 0.377 19.441 10 21.752 63.633 0 0
43646 5 5 5 0 0.037 0.371 0.296 0.865 0.377 13.854 12 19.404 66.207 0 0
43646 6 5 5 0 0.037 0.371 0.296 0.865 0.377 0 9 0.047 9 1 1
43646 7 5 5 0 0.037 0.371 0.296 0.865 0.377 0 11 0.247 13.333 1 0
43646 8 5 5 0 0.037 0.371 0.296 0.865 0.377 0.995 14 2.208 31.56 1 0
43646 9 5 5 0 0.037 0.371 0.296 0.865 0.377 17.019 12 23.951 74.387 0 0
43646 10 5 5 0 0.037 0.371 0.296 0.865 0.377 0.348 10 2.917 33.373 0.98 0
43646 1 5 5 0 0.018 0.29 0.291 0.975 0.568 0.696 15 2.385 30.253 1 0
43646 2 5 5 0 0.018 0.29 0.291 0.975 0.568 1.491 14 2.618 33.087 1 0
43646 3 5 5 0 0.018 0.29 0.291 0.975 0.568 0.796 15 1.703 29.107 1 0
43646 4 5 5 0 0.018 0.29 0.291 0.975 0.568 0.597 13 2.439 29.407 1 0
43646 5 5 5 0 0.018 0.29 0.291 0.975 0.568 0.547 9 1.349 22.393 1 0.013
43646 6 5 5 0 0.018 0.29 0.291 0.975 0.568 0.597 8 1.997 26.007 1 0.047
43646 7 5 5 0 0.018 0.29 0.291 0.975 0.568 0.05 14 0.883 19 1 0
43646 8 5 5 0 0.018 0.29 0.291 0.975 0.568 0.745 15 1.892 28.42 1 0
43646 9 5 5 0 0.018 0.29 0.291 0.975 0.568 0 15 0.145 15 1 0
43646 10 5 5 0 0.018 0.29 0.291 0.975 0.568 0.299 15 1.855 29.627 1 0
43646 1 5 5 0 0.02 0.398 0.112 0.852 0.871 0.597 11 1.962 27.033 1 0
43646 2 5 5 0 0.02 0.398 0.112 0.852 0.871 1.045 15 2.489 29.827 1 0
43646 3 5 5 0 0.02 0.398 0.112 0.852 0.871 0.547 14 1.649 27.513 1 0
43646 4 5 5 0 0.02 0.398 0.112 0.852 0.871 0.497 9 1.41 20.253 1 0.013
43646 5 5 5 0 0.02 0.398 0.112 0.852 0.871 1.192 15 2.019 30.553 1 0
43646 6 5 5 0 0.02 0.398 0.112 0.852 0.871 0.398 15 2.277 33.827 1 0
43646 7 5 5 0 0.02 0.398 0.112 0.852 0.871 0.597 9 1.689 25.387 1 0.007
43646 8 5 5 0 0.02 0.398 0.112 0.852 0.871 0.845 13 1.475 28.6 1 0
43646 9 5 5 0 0.02 0.398 0.112 0.852 0.871 0.588 15 1.712 28.727 1 0
43646 10 5 5 0 0.02 0.398 0.112 0.852 0.871 0.05 11 0.714 19.333 1 0
43646 1 5 5 0 0.029 0.04 0.231 0.782 0.378 0 15 0.104 15 1 0
43646 2 5 5 0 0.029 0.04 0.231 0.782 0.378 0.498 7 1.277 19.533 1 0.047
43646 3 5 5 0 0.029 0.04 0.231 0.782 0.378 0.994 11 2.443 30.9 1 0
43646 4 5 5 0 0.029 0.04 0.231 0.782 0.378 0 9 0.086 9 1 1
43646 5 5 5 0 0.029 0.04 0.231 0.782 0.378 0.348 12 1.34 25.22 1 0
43646 6 5 5 0 0.029 0.04 0.231 0.782 0.378 1.044 10 2.053 28.613 1 0
43646 7 5 5 0 0.029 0.04 0.231 0.782 0.378 0.647 11 1.755 27.58 1 0
43646 8 5 5 0 0.029 0.04 0.231 0.782 0.378 0.945 12 2.266 31.967 1 0
43646 9 5 5 0 0.029 0.04 0.231 0.782 0.378 1.84 11 3.165 30.847 1 0
43646 10 5 5 0 0.029 0.04 0.231 0.782 0.378 0 8 0.086 8 1 1
43646 1 5 5 0 0.012 0.436 0.002 0.76 0.07 249.476 7688 249.976 8282.947 0 0
43646 2 5 5 0 0.012 0.436 0.002 0.76 0.07 249.124 7251 249.976 8268.953 0 0
43646 3 5 5 0 0.012 0.436 0.002 0.76 0.07 248.767 7896 249.936 8829.873 0 0
43646 4 5 5 0 0.012 0.436 0.002 0.76 0.07 249.469 7419 249.975 8012.953 0 0
43646 5 5 5 0 0.012 0.436 0.002 0.76 0.07 249.653 8998 249.992 9617.653 0 0
43646 6 5 5 0 0.012 0.436 0.002 0.76 0.07 249.476 7135 249.965 7720.04 0 0
43646 7 5 5 0 0.012 0.436 0.002 0.76 0.07 249.217 6772 249.966 7902.24 0 0
43646 8 5 5 0 0.012 0.436 0.002 0.76 0.07 249.653 7814 249.983 8635.98 0 0
43646 9 5 5 0 0.012 0.436 0.002 0.76 0.07 249.384 7230 249.971 8121.26 0 0
43646 10 5 5 0 0.012 0.436 0.002 0.76 0.07 249.476 6434 249.956 7737.213 0 0
43646 1 5 5 0 0.067 0.25 0.483 0.894 0.665 0.597 10 1.806 29.02 1 0
43646 2 5 5 0 0.067 0.25 0.483 0.894 0.665 0.547 16 1.89 32.14 1 0
43646 3 5 5 0 0.067 0.25 0.483 0.894 0.665 0.149 10 0.504 16.933 1 0
43646 4 5 5 0 0.067 0.25 0.483 0.894 0.665 1.541 12 2.945 31.227 1 0
43646 5 5 5 0 0.067 0.25 0.483 0.894 0.665 0.447 15 1.437 29.473 1 0
43646 6 5 5 0 0.067 0.25 0.483 0.894 0.665 0.05 12 1.372 23.287 1 0
43646 7 5 5 0 0.067 0.25 0.483 0.894 0.665 0.895 10 2.28 28.867 1 0
43646 8 5 5 0 0.067 0.25 0.483 0.894 0.665 0 11 0.062 11 1 0
43646 9 5 5 0 0.067 0.25 0.483 0.894 0.665 0 12 0.082 12 1 0
43646 10 5 5 0 0.067 0.25 0.483 0.894 0.665 0.796 10 1.738 26.907 1 0
43646 1 5 5 0 0.058 0.162 0.028 0.882 0.938 0.738 19 1.432 31.28 1 0
43646 2 5 5 0 0.058 0.162 0.028 0.882 0.938 0.597 12 1.472 27.013 1 0
43646 3 5 5 0 0.058 0.162 0.028 0.882 0.938 2.184 18 3.902 39.42 0.86 0
43646 4 5 5 0 0.058 0.162 0.028 0.882 0.938 1.144 8 2.175 25.033 1 0.087
43646 5 5 5 0 0.058 0.162 0.028 0.882 0.938 0.745 12 2.557 30.467 0.94 0
43646 6 5 5 0 0.058 0.162 0.028 0.882 0.938 0.795 13 1.912 28.393 1 0
43646 7 5 5 0 0.058 0.162 0.028 0.882 0.938 1.389 14 3.137 31.967 0.92 0
43646 8 5 5 0 0.058 0.162 0.028 0.882 0.938 0.746 11 1.482 24.34 1 0
43646 9 5 5 0 0.058 0.162 0.028 0.882 0.938 0 9 0.348 12.26 1 0.007
43646 10 5 5 0 0.058 0.162 0.028 0.882 0.938 0.348 4 1.533 20.833 1 0.053
43646 1 5 5 0 0.12 0.397 0.277 0.994 0.106 245.732 923 248.964 2175.3 0 0
43646 2 5 5 0 0.12 0.397 0.277 0.994 0.106 246.247 1735 249.24 2374.02 0 0
43646 3 5 5 0 0.12 0.397 0.277 0.994 0.106 245.859 1674 248.962 2135.987 0 0
43646 4 5 5 0 0.12 0.397 0.277 0.994 0.106 244.401 1297 248.736 2066.18 0 0
43646 5 5 5 0 0.12 0.397 0.277 0.994 0.106 244.126 1421 248.498 2104.24 0 0
43646 6 5 5 0 0.12 0.397 0.277 0.994 0.106 246.878 1175 249.023 1969.38 0 0
43646 7 5 5 0 0.12 0.397 0.277 0.994 0.106 246.11 1483 249.125 2196.013 0 0
43646 8 5 5 0 0.12 0.397 0.277 0.994 0.106 246.444 1356 248.865 2029.973 0 0
43646 9 5 5 0 0.12 0.397 0.277 0.994 0.106 244.3 1540 248.681 2120.647 0 0
43646 10 5 5 0 0.12 0.397 0.277 0.994 0.106 242.086 1348 248.838 2176.82 0 0
43646 1 5 5 0 0.06 0.017 0.314 0.954 0.18 0.796 15 2.301 31.867 1 0
43646 2 5 5 0 0.06 0.017 0.314 0.954 0.18 0.845 10 2.483 29.147 1 0
43646 3 5 5 0 0.06 0.017 0.314 0.954 0.18 1.193 12 2.245 30.54 1 0
43646 4 5 5 0 0.06 0.017 0.314 0.954 0.18 0 9 0.055 9 1 1
43646 5 5 5 0 0.06 0.017 0.314 0.954 0.18 0.05 10 0.245 12.18 1 0
43646 6 5 5 0 0.06 0.017 0.314 0.954 0.18 0.249 12 0.511 17.007 1 0
43646 7 5 5 0 0.06 0.017 0.314 0.954 0.18 0.498 8 1.422 20.927 1 0.12
43646 1 5 6 1 0.017 0.083 0.151 0.993 0.437 0.597 8 1.368 24.613 1 0.047
43646 2 5 6 1 0.017 0.083 0.151 0.993 0.437 0 6 0.092 6 1 1
43646 3 5 6 1 0.017 0.083 0.151 0.993 0.437 2.012 9 3.689 31.6 0.813 0.007
43646 4 5 6 1 0.017 0.083 0.151 0.993 0.437 0.597 10 1.488 22.793 1 0
43646 5 5 6 1 0.017 0.083 0.151 0.993 0.437 0.498 6 2.154 24.567 0.96 0.127
43646 6 5 6 1 0.017 0.083 0.151 0.993 0.437 8.147 14 11.701 58.72 0 0
43646 7 5 6 1 0.017 0.083 0.151 0.993 0.437 0.05 10 0.83 18.453 1 0
43646 8 5 6 1 0.017 0.083 0.151 0.993 0.437 0 10 0.04 10 1 0
43646 9 5 6 1 0.017 0.083 0.151 0.993 0.437 0 6 0.034 6 1 1
43646 10 5 6 1 0.017 0.083 0.151 0.993 0.437 0.497 10 2.118 21.567 1 0
43646 1 5 6 1 0.097 0.253 0.496 0.875 0.152 41.775 70 46.196 125.76 0 0
43646 2 5 6 1 0.097 0.253 0.496 0.875 0.152 52.48 72 56.216 133.073 0 0
43646 3 5 6 1 0.097 0.253 0.496 0.875 0.152 40.029 49 47.242 130.053 0 0
43646 4 5 6 1 0.097 0.253 0.496 0.875 0.152 48.874 81 55.009 157.693 0 0
43646 5 5 6 1 0.097 0.253 0.496 0.875 0.152 0 9 0.049 9 1 1
43646 6 5 6 1 0.097 0.253 0.496 0.875 0.152 51.982 56 55.714 120.933 0 0
43646 7 5 6 1 0.097 0.253 0.496 0.875 0.152 30.329 22 36.273 100.767 0 0
43646 8 5 6 1 0.097 0.253 0.496 0.875 0.152 68.927 105 71.924 218.7 0 0
43646 9 5 6 1 0.097 0.253 0.496 0.875 0.152 45.95 71 48.969 142.04 0 0
43646 10 5 6 1 0.097 0.253 0.496 0.875 0.152 45.425 61 49.957 118.853 0 0
43646 1 5 6 1 0.119 0.067 0.353 0.932 0.14 24.8 43 31.205 98.58 0 0
43646 2 5 6 1 0.119 0.067 0.353 0.932 0.14 1.193 14 2.827 34.767 1 0
43646 3 5 6 1 0.119 0.067 0.353 0.932 0.14 0.448 8 1.36 24.9 1 0.033
43646 4 5 6 1 0.119 0.067 0.353 0.932 0.14 0.498 11 1.714 26.533 1 0
43646 5 5 6 1 0.119 0.067 0.353 0.932 0.14 0 8 0.215 9.647 1 0.913
43646 6 5 6 1 0.119 0.067 0.353 0.932 0.14 0.398 10 2.163 29.147 1 0
43646 7 5 6 1 0.119 0.067 0.353 0.932 0.14 3.079 27 13.571 80.853 0.127 0
43646 8 5 6 1 0.119 0.067 0.353 0.932 0.14 32.088 57 36.076 124.04 0 0
43646 9 5 6 1 0.119 0.067 0.353 0.932 0.14 27.713 69 31.584 120.473 0 0
43646 10 5 6 1 0.119 0.067 0.353 0.932 0.14 29.899 56 34.236 136.88 0 0
43646 1 5 6 1 0.089 0.399 0.2 0.825 0.289 242.829 947 246.689 1232.453 0 0
43646 2 5 6 1 0.089 0.399 0.2 0.825 0.289 240.066 770 245.924 1053.627 0 0
43646 3 5 6 1 0.089 0.399 0.2 0.825 0.289 239.877 717 246.197 1124.24 0 0
43646 4 5 6 1 0.089 0.399 0.2 0.825 0.289 241.074 797 246.207 1135.667 0 0
43646 5 5 6 1 0.089 0.399 0.2 0.825 0.289 237.491 858 244.878 1077.273 0 0
43646 6 5 6 1 0.089 0.399 0.2 0.825 0.289 241.288 802 246.226 1063.693 0 0
43646 7 5 6 1 0.089 0.399 0.2 0.825 0.289 242.542 870 246.515 1147.673 0 0
43646 8 5 6 1 0.089 0.399 0.2 0.825 0.289 242.124 806 245.753 1036.92 0 0
43646 9 5 6 1 0.089 0.399 0.2 0.825 0.289 241.223 923 246.645 1126.007 0 0
43646 10 5 6 1 0.089 0.399 0.2 0.825 0.289 242.984 812 246.794 1082.68 0 0
43646 1 5 6 1 0.043 0.255 0.28 0.784 0.271 56.487 114 60.814 199.167 0 0
43646 2 5 6 1 0.043 0.255 0.28 0.784 0.271 58.322 68 65.09 213.007 0 0
43646 3 5 6 1 0.043 0.255 0.28 0.784 0.271 2.235 15 4.435 37.5 0.687 0
43646 4 5 6 1 0.043 0.255 0.28 0.784 0.271 18.696 46 24.011 110.993 0 0
43646 5 5 6 1 0.043 0.255 0.28 0.784 0.271 32.397 46 37.024 102.927 0 0
43646 6 5 6 1 0.043 0.255 0.28 0.784 0.271 33.838 35 39.569 102.053 0 0
43646 7 5 6 1 0.043 0.255 0.28 0.784 0.271 37.132 65 41.971 135.5 0 0
43646 8 5 6 1 0.043 0.255 0.28 0.784 0.271 19.101 34 24.737 108.14 0 0
43646 9 5 6 1 0.043 0.255 0.28 0.784 0.271 33.448 48 36.757 101.113 0 0
43646 10 5 6 1 0.043 0.255 0.28 0.784 0.271 12.679 35 28.809 105.553 0 0
43646 1 5 6 1 0.043 0.236 0.314 0.918 0.198 79.688 108 87.044 231.153 0 0
43646 2 5 6 1 0.043 0.236 0.314 0.918 0.198 33.967 69 38.486 117.953 0 0
43646 3 5 6 1 0.043 0.236 0.314 0.918 0.198 61.118 61 70.893 164.72 0 0
43646 4 5 6 1 0.043 0.236 0.314 0.918 0.198 60.842 86 67.529 173.633 0 0
43646 5 5 6 1 0.043 0.236 0.314 0.918 0.198 76.682 116 79.071 207.94 0 0
43646 6 5 6 1 0.043 0.236 0.314 0.918 0.198 55.778 93 63.583 162.613 0 0
43646 7 5 6 1 0.043 0.236 0.314 0.918 0.198 59.301 67 63.729 162.013 0 0
43646 8 5 6 1 0.043 0.236 0.314 0.918 0.198 46.533 70 52.655 155.513 0 0
43646 9 5 6 1 0.043 0.236 0.314 0.918 0.198 51.825 54 55.497 138.453 0 0
43646 10 5 6 1 0.043 0.236 0.314 0.918 0.198 58.891 82 69.022 173.787 0 0
43646 1 5 6 1 0.022 0.261 0.442 0.778 0.664 0.348 12 1.168 26.84 1 0
43646 2 5 6 1 0.022 0.261 0.442 0.778 0.664 1.088 10 2.02 22.493 1 0
43646 3 5 6 1 0.022 0.261 0.442 0.778 0.664 0.299 12 1.9 29.593 1 0
43646 4 5 6 1 0.022 0.261 0.442 0.778 0.664 0 8 0.085 8 1 1
43646 5 5 6 1 0.022 0.261 0.442 0.778 0.664 0.447 15 1.295 26.173 1 0
43646 6 5 6 1 0.022 0.261 0.442 0.778 0.664 0 19 0.064 19 1 0
43646 7 5 6 1 0.022 0.261 0.442 0.778 0.664 0 5 0.055 5 1 1
43646 8 5 6 1 0.022 0.261 0.442 0.778 0.664 0.447 11 1.321 25.06 1 0
43646 9 5 6 1 0.022 0.261 0.442 0.778 0.664 0.05 11 0.189 11 1 0
43646 10 5 6 1 0.022 0.261 0.442 0.778 0.664 0.547 16 1.516 32.82 1 0
43646 1 5 6 1 0.031 0.371 0.16 0.889 0.695 1.043 18 1.802 35.073 1 0
43646 2 5 6 1 0.031 0.371 0.16 0.889 0.695 0 15 0.038 15.107 1 0
43646 3 5 6 1 0.031 0.371 0.16 0.889 0.695 0.645 15 2.138 32.02 1 0
43646 4 5 6 1 0.031 0.371 0.16 0.889 0.695 0.05 16 0.794 25.3 1 0
43646 5 5 6 1 0.031 0.371 0.16 0.889 0.695 0.448 6 1.465 19.353 1 0.127
43646 6 5 6 1 0.031 0.371 0.16 0.889 0.695 0 12 0.069 12 1 0
43646 7 5 6 1 0.031 0.371 0.16 0.889 0.695 0 17 0.13 17 1 0
43646 8 5 6 1 0.031 0.371 0.16 0.889 0.695 1.243 10 2.294 31.253 1 0
43646 9 5 6 1 0.031 0.371 0.16 0.889 0.695 0.695 9 2.094 26.5 1 0.007
43646 10 5 6 1 0.031 0.371 0.16 0.889 0.695 0.398 16 1.762 31.407 1 0
43646 1 5 6 1 0.103 0.375 0.453 0.922 0.814 0.995 9 2.113 28.313 1 0.047
43646 2 5 6 1 0.103 0.375 0.453 0.922 0.814 0.796 13 2.046 28.34 1 0
43646 3 5 6 1 0.103 0.375 0.453 0.922 0.814 0 8 0.088 8 1 1
43646 4 5 6 1 0.103 0.375 0.453 0.922 0.814 0.05 10 0.516 14.12 1 0
43646 5 5 6 1 0.103 0.375 0.453 0.922 0.814 0.945 14 2.146 29.08 1 0
43646 6 5 6 1 0.103 0.375 0.453 0.922 0.814 0.05 13 0.652 16.733 1 0
43646 7 5 6 1 0.103 0.375 0.453 0.922 0.814 0.338 8 1.856 23.667 1 0.027
43646 8 5 6 1 0.103 0.375 0.453 0.922 0.814 0.547 11 1.993 29.747 0.993 0
43646 9 5 6 1 0.103 0.375 0.453 0.922 0.814 0 9 0.123 9 1 1
43646 10 5 6 1 0.103 0.375 0.453 0.922 0.814 0.299 16 2.034 26.213 1 0
43646 1 5 6 1 0.097 0.496 0.346 0.915 0.638 0.845 9 2.528 31.28 1 0.007
43646 2 5 6 1 0.097 0.496 0.346 0.915 0.638 0.398 8 1.925 23.467 1 0.053
43646 1 5 4 0 0.05 0.401 0.467 0.886 0.452 1.64 11 2.895 33.86 1 0
43646 2 5 4 0 0.05 0.401 0.467 0.886 0.452 0.696 16 1.767 34.427 1 0
43646 3 5 4 0 0.05 0.401 0.467 0.886 0.452 1.888 15 3.346 36.06 0.953 0
43646 4 5 4 0 0.05 0.401 0.467 0.886 0.452 1.54 14 2.968 33.76 1 0
43646 5 5 4 0 0.05 0.401 0.467 0.886 0.452 1.193 9 3.048 31.707 0.973 0.02
43646 6 5 4 0 0.05 0.401 0.467 0.886 0.452 1.391 15 2.869 36.24 1 0
43646 7 5 4 0 0.05 0.401 0.467 0.886 0.452 0.05 15 0.13 15 1 0
43646 8 5 4 0 0.05 0.401 0.467 0.886 0.452 1.64 13 2.667 33.507 1 0
43646 9 5 4 0 0.05 0.401 0.467 0.886 0.452 0.448 13 2.1 31.553 1 0
43646 10 5 4 0 0.05 0.401 0.467 0.886 0.452 0 11 0.08 11 1 0
43646 1 5 4 0 0.003 0.183 0.487 0.951 0.217 1.044 11 2.203 28.447 1 0
43646 2 5 4 0 0.003 0.183 0.487 0.951 0.217 0.149 16 1.057 26.247 1 0
43646 3 5 4 0 0.003 0.183 0.487 0.951 0.217 0.945 9 2.728 30.04 0.987 0.02
43646 4 5 4 0 0.003 0.183 0.487 0.951 0.217 0 10 0.593 18.787 1 0
43646 5 5 4 0 0.003 0.183 0.487 0.951 0.217 4.126 13 6.15 40.94 0.16 0
43646 6 5 4 0 0.003 0.183 0.487 0.951 0.217 0.348 16 1.56 31.167 1 0
43646 7 5 4 0 0.003 0.183 0.487 0.951 0.217 0.199 10 1.427 28.06 1 0
43646 8 5 4 0 0.003 0.183 0.487 0.951 0.217 0 14 0.166 14 1 0
43646 9 5 4 0 0.003 0.183 0.487 0.951 0.217 0.895 14 2.65 34.207 1 0
43646 10 5 4 0 0.003 0.183 0.487 0.951 0.217 0.348 12 1.764 28.007 1 0
43646 1 5 4 0 0.003 0.119 0.442 0.986 0.104 27.834 15 31.684 104.547 0 0
43646 2 5 4 0 0.003 0.119 0.442 0.986 0.104 25.139 9 28.377 91.607 0 0.027
43646 3 5 4 0 0.003 0.119 0.442 0.986 0.104 24.454 14 28.612 81.66 0 0
43646 4 5 4 0 0.003 0.119 0.442 0.986 0.104 0 9 0.203 11.24 1 0.213
43646 5 5 4 0 0.003 0.119 0.442 0.986 0.104 8.364 14 12.526 62.56 0 0
43646 6 5 4 0 0.003 0.119 0.442 0.986 0.104 47.024 15 51.633 162.8 0 0
43646 7 5 4 0 0.003 0.119 0.442 0.986 0.104 24.693 13 30.437 89.24 0 0
43646 8 5 4 0 0.003 0.119 0.442 0.986 0.104 19.066 8 22.076 73.593 0 0.047
43646 9 5 4 0 0.003 0.119 0.442 0.986 0.104 48.898 11 55.275 147.02 0 0
43646 10 5 4 0 0.003 0.119 0.442 0.986 0.104 23.993 5 26.924 72.427 0 0.087
43646 1 5 4 0 0.099 0.192 0.129 0.981 0.968 0 12 0.054 12 1 0
43646 2 5 4 0 0.099 0.192 0.129 0.981 0.968 0 12 0.048 12 1 0
43646 3 5 4 0 0.099 0.192 0.129 0.981 0.968 0.149 16 1.475 27.167 1 0
43646 4 5 4 0 0.099 0.192 0.129 0.981 0.968 0.199 19 1.619 31.04 1 0
43646 5 5 4 0 0.099 0.192 0.129 0.981 0.968 0.845 13 1.98 32.02 1 0
43646 6 5 4 0 0.099 0.192 0.129 0.981 0.968 1.144 11 2.349 27.007 1 0
43646 7 5 4 0 0.099 0.192 0.129 0.981 0.968 0.199 12 2.325 27.727 1 0
43646 8 5 4 0 0.099 0.192 0.129 0.981 0.968 1.044 14 2.458 35.947 0.967 0
43646 9 5 4 0 0.099 0.192 0.129 0.981 0.968 0.846 15 1.995 30.06 1 0
43646 10 5 4 0 0.099 0.192 0.129 0.981 0.968 0 9 0.097 9 1 1
43646 1 5 4 0 0.105 0.041 0.118 0.938 0.265 3.174 13 5.687 39.707 0.273 0
43646 2 5 4 0 0.105 0.041 0.118 0.938 0.265 1.194 9 2.034 27.313 1 0.013
43646 3 5 4 0 0.105 0.041 0.118 0.938 0.265 0.05 15 1.107 26.633 1 0
43646 4 5 4 0 0.105 0.041 0.118 0.938 0.265 0.348 10 1.834 26.733 1 0
43646 5 5 4 0 0.105 0.041 0.118 0.938 0.265 0 18 0.371 20.913 1 0
43646 6 5 4 0 0.105 0.041 0.118 0.938 0.265 0.199 10 1.817 25.347 1 0
43646 7 5 4 0 0.105 0.041 0.118 0.938 0.265 0.05 15 0.213 15 1 0
43646 8 5 4 0 0.105 0.041 0.118 0.938 0.265 0.696 14 2.27 31.84 1 0
43646 9 5 4 0 0.105 0.041 0.118 0.938 0.265 0.646 13 2.308 28.273 1 0
43646 10 5 4 0 0.105 0.041 0.118 0.938 0.265 1.589 12 2.551 32.26 1 0
43646 1 5 4 0 0.072 0.345 0.468 0.875 0.257 26.563 14 32.161 113.367 0 0
43646 2 5 4 0 0.072 0.345 0.468 0.875 0.257 47.79 10 51.075 137.3 0 0
43646 3 5 4 0 0.072 0.345 0.468 0.875 0.257 19.656 11 23.042 76.013 0 0
43646 4 5 4 0 0.072 0.345 0.468 0.875 0.257 28.431 16 31.444 113.833 0 0
43646 5 5 4 0 0.072 0.345 0.468 0.875 0.257 1.194 13 2.942 36.953 1 0
43646 6 5 4 0 0.072 0.345 0.468 0.875 0.257 25.136 14 29.63 107.213 0 0
43646 7 5 4 0 0.072 0.345 0.468 0.875 0.257 0.697 18 6.79 52.62 0.407 0
43646 8 5 4 0 0.072 0.345 0.468 0.875 0.257 0.597 16 1.454 30.013 1 0
43646 9 5 4 0 0.072 0.345 0.468 0.875 0.257 57.82 8 62.979 150.88 0 0.013
43646 10 5 4 0 0.072 0.345 0.468 0.875 0.257 21.964 9 25.548 76.027 0 0.027
43646 1 5 4 0 0.075 0.007 0.196 0.781 0.211 0.446 19 1.615 30.94 1 0
43646 2 5 4 0 0.075 0.007 0.196 0.781 0.211 0.299 14 1.591 30.6 1 0
43646 3 5 4 0 0.075 0.007 0.196 0.781 0.211 0.896 12 2.145 34.887 1 0
43646 4 5 4 0 0.075 0.007 0.196 0.781 0.211 0.597 21 2.057 34.353 1 0
43646 5 5 4 0 0.075 0.007 0.196 0.781 0.211 0 9 0.139 9.567 1 0.433
43646 6 5 4 0 0.075 0.007 0.196 0.781 0.211 1.192 11 2.253 31.253 1 0
43646 7 5 4 0 0.075 0.007 0.196 0.781 0.211 0.299 14 1.792 30.753 1 0
43646 8 5 4 0 0.075 0.007 0.196 0.781 0.211 1.044 15 2.645 36.66 1 0
43646 9 5 4 0 0.075 0.007 0.196 0.781 0.211 0 13 0.03 13 1 0
43646 10 5 4 0 0.075 0.007 0.196 0.781 0.211 1.534 13 3.6 37.047 0.893 0
43646 1 5 4 0 0.005 0.292 0.307 0.981 0.337 21.131 12 24.477 83.133 0 0
43646 2 5 4 0 0.005 0.292 0.307 0.981 0.337 1.592 13 3.04 31.82 1 0
43646 3 5 4 0 0.005 0.292 0.307 0.981 0.337 1.044 12 3.12 36.953 0.907 0
43646 4 5 4 0 0.005 0.292 0.307 0.981 0.337 1.391 16 2.417 31.567 1 0
43646 5 5 4 0 0.005 0.292 0.307 0.981 0.337 1.342 6 2.678 29.927 0.98 0.107
43646 6 5 4 0 0.005 0.292 0.307 0.981 0.337 1.534 15 3.032 35.88 0.987 0
43646 7 5 4 0 0.005 0.292 0.307 0.981 0.337 0.547 11 1.623 26.907 1 0
43646 8 5 4 0 0.005 0.292 0.307 0.981 0.337 0.746 11 1.987 28.507 1 0
43646 9 5 4 0 0.005 0.292 0.307 0.981 0.337 0.546 16 1.483 27.047 1 0
43646 10 5 4 0 0.005 0.292 0.307 0.981 0.337 0 11 0.126 11 1 0
43646 1 5 4 0 0.029 0.031 0.274 0.98 0.8 0.597 13 1.669 27.347 1 0
43646 2 5 4 0 0.029 0.031 0.274 0.98 0.8 1.144 14 1.947 30.107 1 0
43646 3 5 4 0 0.029 0.031 0.274 0.98 0.8 1.176 13 2.922 32.3 1 0
43646 4 5 4 0 0.029 0.031 0.274 0.98 0.8 0 12 0.338 14.767 1 0
43646 5 5 4 0 0.029 0.031 0.274 0.98 0.8 0 11 0.941 18.393 1 0
43646 6 5 4 0 0.029 0.031 0.274 0.98 0.8 0.796 12 1.698 23.947 1 0
43646 7 5 4 0 0.029 0.031 0.274 0.98 0.8 0.796 12 1.554 26.02 1 0
43646 8 5 4 0 0.029 0.031 0.274 0.98 0.8 0.896 15 2.189 34.513 1 0
43646 9 5 4 0 0.029 0.031 0.274 0.98 0.8 0 13 0.809 18.567 1 0
43646 10 5 4 0 0.029 0.031 0.274 0.98 0.8 0.496 15 1.461 30.973 1 0
43646 1 5 4 0 0.118 0.366 0.373 0.982 0.893 0 11 0.407 19.253 1 0
43646 2 5 4 0 0.118 0.366 0.373 0.982 0.893 0.746 12 2.044 29.24 1 0
43646 3 5 4 0 0.118 0.366 0.373 0.982 0.893 0 12 0.048 12 1 0
43646 4 5 4 0 0.118 0.366 0.373 0.982 0.893 0.348 12 1.738 25.64 1 0
43646 5 5 4 0 0.118 0.366 0.373 0.982 0.893 0 14 1.052 22.6 1 0
43646 6 5 4 0 0.118 0.366 0.373 0.982 0.893 0.697 17 1.736 33.493 1 0
43646 7 5 4 0 0.118 0.366 0.373 0.982 0.893 1.093 15 2.95 32.967 1 0
43646 8 5 4 0 0.118 0.366 0.373 0.982 0.893 1.043 10 2.371 30.633 1 0
43646 9 5 4 0 0.118 0.366 0.373 0.982 0.893 0.05 11 1.071 21.64 1 0
43646 10 5 4 0 0.118 0.366 0.373 0.982 0.893 0.746 16 1.739 28.94 1 0
43646 1 5 4 0 0.069 0.147 0.154 0.769 0.918 0.894 15 2.025 34.767 1 0
43646 2 5 4 0 0.069 0.147 0.154 0.769 0.918 0 13 0.062 13 1 0
43646 3 5 4 0 0.069 0.147 0.154 0.769 0.918 0.953 9 2.887 31.473 0.98 0.007
43646 4 5 4 0 0.069 0.147 0.154 0.769 0.918 1.241 14 2.979 32.14 0.987 0
43646 5 5 4 0 0.069 0.147 0.154 0.769 0.918 0.397 4 2.305 23.667 1 0.16
43646 6 5 4 0 0.069 0.147 0.154 0.769 0.918 1.143 13 2.214 28.9 1 0
43646 1 5 8 0 0.1 0.076 0.077 0.857 0.432 216.731 3 234.779 45.227 0 0.54
43646 2 5 8 0 0.1 0.076 0.077 0.857 0.432 77.428 3 106.951 55.287 0 0.267
43646 3 5 8 0 0.1 0.076 0.077 0.857 0.432 0.05 14 0.176 14 1 0
43646 4 5 8 0 0.1 0.076 0.077 0.857 0.432 175.118 5 192.548 49.68 0 0.473
43646 5 5 8 0 0.1 0.076 0.077 0.857 0.432 0.795 8 2.616 28.88 0.993 0.06
43646 6 5 8 0 0.1 0.076 0.077 0.857 0.432 0 5 0.084 5 1 1
43646 7 5 8 0 0.1 0.076 0.077 0.857 0.432 0.945 9 3.867 23.88 0.593 0.047
43646 8 5 8 0 0.1 0.076 0.077 0.857 0.432 176.524 7 189.124 58.247 0 0.4
43646 9 5 8 0 0.1 0.076 0.077 0.857 0.432 0 11 0.083 11 1 0
43646 10 5 8 0 0.1 0.076 0.077 0.857 0.432 177.794 2 196.086 33.853 0 0.453
43646 1 5 8 0 0.117 0.159 0.282 0.761 0.642 211.613 5 224.798 33.18 0 0.767
43646 2 5 8 0 0.117 0.159 0.282 0.761 0.642 218.684 4 231.989 26.893 0 0.707
43646 3 5 8 0 0.117 0.159 0.282 0.761 0.642 74.664 7 119.389 31.447 0 0.427
43646 4 5 8 0 0.117 0.159 0.282 0.761 0.642 232.216 2 242.793 28.947 0 0.767
43646 5 5 8 0 0.117 0.159 0.282 0.761 0.642 214.868 2 223.744 31.167 0 0.66
43646 6 5 8 0 0.117 0.159 0.282 0.761 0.642 212.1 2 220.989 27.493 0 0.667
43646 7 5 8 0 0.117 0.159 0.282 0.761 0.642 0 4 0.051 4 1 1
43646 8 5 8 0 0.117 0.159 0.282 0.761 0.642 232.715 0 244.005 33.087 0 0.74
43646 9 5 8 0 0.117 0.159 0.282 0.761 0.642 1.143 5 2.725 22.747 0.96 0.167
43646 10 5 8 0 0.117 0.159 0.282 0.761 0.642 1.393 7 2.545 26.52 1 0.107
43646 1 5 8 0 0.027 0.073 0.475 0.942 0.626 198.331 2 212.364 21.753 0 0.687
43646 2 5 8 0 0.027 0.073 0.475 0.942 0.626 120.92 5 148.446 17.7 0 0.607
43646 3 5 8 0 0.027 0.073 0.475 0.942 0.626 106.707 4 117.804 19.547 0 0.367
43646 4 5 8 0 0.027 0.073 0.475 0.942 0.626 223.671 3 238.466 32.653 0 0.7
43646 5 5 8 0 0.027 0.073 0.475 0.942 0.626 150.46 2 179.763 30.927 0 0.673
43646 6 5 8 0 0.027 0.073 0.475 0.942 0.626 225.735 3 244.016 35.507 0 0.747
43646 7 5 8 0 0.027 0.073 0.475 0.942 0.626 36.556 8 41.545 20.02 0 0.12
43646 8 5 8 0 0.027 0.073 0.475 0.942 0.626 227.675 0 242.869 26.233 0 0.74
43646 9 5 8 0 0.027 0.073 0.475 0.942 0.626 224.874 1 240.716 30.307 0 0.693
43646 10 5 8 0 0.027 0.073 0.475 0.942 0.626 212.329 2 221.314 24.607 0 0.653
43646 1 5 8 0 0.014 0.107 0.199 0.768 0.023 233.139 285 243.737 1344.96 0 0
43646 2 5 8 0 0.014 0.107 0.199 0.768 0.023 234.898 238 243.97 1422.18 0 0
43646 3 5 8 0 0.014 0.107 0.199 0.768 0.023 233.844 86 244.08 1266.5 0 0
43646 4 5 8 0 0.014 0.107 0.199 0.768 0.023 234.563 497 244.999 1620.527 0 0
43646 5 5 8 0 0.014 0.107 0.199 0.768 0.023 235.322 57 244.987 1454.727 0 0
43646 6 5 8 0 0.014 0.107 0.199 0.768 0.023 235.165 273 245.618 1463.227 0 0
43646 7 5 8 0 0.014 0.107 0.199 0.768 0.023 234.768 40 244.066 1411.987 0 0
43646 8 5 8 0 0.014 0.107 0.199 0.768 0.023 234.807 137 244.641 1562.013 0 0
43646 9 5 8 0 0.014 0.107 0.199 0.768 0.023 230.491 103 242.854 1289.267 0 0
43646 10 5 8 0 0.014 0.107 0.199 0.768 0.023 234.023 113 243.404 1316.94 0 0
43646 1 5 8 0 0.037 0.188 0.105 0.879 0.901 228.722 3 240.109 30.473 0 0.7
43646 2 5 8 0 0.037 0.188 0.105 0.879 0.901 228.272 0 243.248 27.833 0 0.72
43646 3 5 8 0 0.037 0.188 0.105 0.879 0.901 227.66 2 243.376 34.613 0 0.693
43646 4 5 8 0 0.037 0.188 0.105 0.879 0.901 215.99 4 228.673 28.7 0 0.7
43646 5 5 8 0 0.037 0.188 0.105 0.879 0.901 0 9 0.04 9 1 1
43646 6 5 8 0 0.037 0.188 0.105 0.879 0.901 182.177 9 194.875 29.78 0 0.347
43646 7 5 8 0 0.037 0.188 0.105 0.879 0.901 99.756 8 104.808 24.333 0 0.273
43646 8 5 8 0 0.037 0.188 0.105 0.879 0.901 26.268 10 31.483 26.76 0 0
43646 9 5 8 0 0.037 0.188 0.105 0.879 0.901 214.883 2 228.385 26.367 0 0.727
43646 10 5 8 0 0.037 0.188 0.105 0.879 0.901 136.73 3 148.076 20.833 0 0.647
43646 1 5 8 0 0.075 0.388 0.494 0.798 0.935 0 10 0.346 13.613 1 0
43646 2 5 8 0 0.075 0.388 0.494 0.798 0.935 151.307 3 163.356 20.76 0 0.62
43646 3 5 8 0 0.075 0.388 0.494 0.798 0.935 76.141 11 83.013 28.253 0 0
43646 4 5 8 0 0.075 0.388 0.494 0.798 0.935 113.188 8 130.555 31.167 0 0.48
43646 5 5 8 0 0.075 0.388 0.494 0.798 0.935 125.607 7 142.983 22.313 0 0.273
43646 6 5 8 0 0.075 0.388 0.494 0.798 0.935 143.61 1 161.674 20.3 0 0.633
43646 7 5 8 0 0.075 0.388 0.494 0.798 0.935 192.074 2 206.968 22.507 0 0.713
43646 8 5 8 0 0.075 0.388 0.494 0.798 0.935 0 3 0.08 3 1 1
43646 9 5 8 0 0.075 0.388 0.494 0.798 0.935 35.141 5 38.829 23.22 0 0.187
43646 10 5 8 0 0.075 0.388 0.494 0.798 0.935 200.692 5 211.07 23.727 0 0.667
43646 1 5 8 0 0.085 0.312 0.204 0.917 0.059 247.161 2231 249.444 2870.5 0 0
43646 2 5 8 0 0.085 0.312 0.204 0.917 0.059 248.402 2348 249.677 3331.227 0 0
43646 3 5 8 0 0.085 0.312 0.204 0.917 0.059 247.491 2167 249.554 3046.2 0 0
43646 4 5 8 0 0.085 0.312 0.204 0.917 0.059 248.224 2186 249.575 3085.14 0 0
43646 5 5 8 0 0.085 0.312 0.204 0.917 0.059 248.099 2611 249.621 3269.713 0 0
43646 6 5 8 0 0.085 0.312 0.204 0.917 0.059 245.247 2191 249.153 2930.44 0 0
43646 7 5 8 0 0.085 0.312 0.204 0.917 0.059 245.476 2116 249.335 2979.393 0 0
43646 8 5 8 0 0.085 0.312 0.204 0.917 0.059 247.812 2355 249.621 3054.107 0 0
43646 9 5 8 0 0.085 0.312 0.204 0.917 0.059 247.399 2014 249.57 3075.02 0 0
43646 10 5 8 0 0.085 0.312 0.204 0.917 0.059 247.338 1821 249.389 2770.433 0 0
43646 1 5 8 0 0.019 0.457 0.152 0.779 0.266 198.659 1 210.479 672 0 0.1
43646 2 5 8 0 0.019 0.457 0.152 0.779 0.266 225.246 5 237.388 764.487 0 0.007
43646 3 5 8 0 0.019 0.457 0.152 0.779 0.266 220.349 2 237.73 803.48 0 0.027
43646 4 5 8 0 0.019 0.457 0.152 0.779 0.266 230.879 3 240.816 902.767 0 0.053
43646 5 5 8 0 0.019 0.457 0.152 0.779 0.266 226.583 1 237.9 837.107 0 0.067
43646 6 5 8 0 0.019 0.457 0.152 0.779 0.266 226.98 4 237.531 788.207 0 0.033
43646 7 5 8 0 0.019 0.457 0.152 0.779 0.266 220.3 3 234.625 789.987 0 0.053
43646 8 5 8 0 0.019 0.457 0.152 0.779 0.266 166.009 5 182.062 604.36 0 0.187
43646 9 5 8 0 0.019 0.457 0.152 0.779 0.266 231.161 2 239.639 788.133 0 0.04
43646 1 5 7 1 0.098 0.359 0.355 0.809 0.494 0.299 11 1.574 27.213 1 0
43646 2 5 7 1 0.098 0.359 0.355 0.809 0.494 1.492 15 2.244 31.333 1 0
43646 3 5 7 1 0.098 0.359 0.355 0.809 0.494 0 7 0.092 7 1 1
43646 4 5 7 1 0.098 0.359 0.355 0.809 0.494 0 13 0.182 15.54 1 0
43646 5 5 7 1 0.098 0.359 0.355 0.809 0.494 1.49 8 2.581 25.72 1 0.033
43646 6 5 7 1 0.098 0.359 0.355 0.809 0.494 0.646 10 1.833 26.787 1 0
43646 7 5 7 1 0.098 0.359 0.355 0.809 0.494 0 10 0.167 10 1 0
43646 8 5 7 1 0.098 0.359 0.355 0.809 0.494 1.144 9 2.253 26.12 1 0.007
43646 9 5 7 1 0.098 0.359 0.355 0.809 0.494 0.746 6 1.76 23.473 1 0.06
43646 10 5 7 1 0.098 0.359 0.355 0.809 0.494 1.343 15 2.3 32.84 1 0
43646 1 5 7 1 0.115 0.173 0.177 0.973 0.296 90.255 98 95.864 217.593 0 0
43646 2 5 7 1 0.115 0.173 0.177 0.973 0.296 85.671 138 91.689 220.72 0 0
43646 3 5 7 1 0.115 0.173 0.177 0.973 0.296 123.129 185 128.58 322.387 0 0
43646 4 5 7 1 0.115 0.173 0.177 0.973 0.296 124.216 273 132.813 461.927 0 0
43646 5 5 7 1 0.115 0.173 0.177 0.973 0.296 118.384 209 126.624 396.693 0 0
43646 6 5 7 1 0.115 0.173 0.177 0.973 0.296 89.362 163 100.216 279.9 0 0
43646 7 5 7 1 0.115 0.173 0.177 0.973 0.296 112.938 141 120.083 258.18 0 0
43646 8 5 7 1 0.115 0.173 0.177 0.973 0.296 113.451 235 118.222 360.807 0 0
43646 9 5 7 1 0.115 0.173 0.177 0.973 0.296 96.609 207 101.784 303.02 0 0
43646 10 5 7 1 0.115 0.173 0.177 0.973 0.296 84.075 145 90.703 277.833 0 0
43646 1 5 7 1 0.071 0.196 0.075 0.96 0.437 152.766 241 162.106 462.647 0 0
43646 2 5 7 1 0.071 0.196 0.075 0.96 0.437 160.035 335 165.51 522.48 0 0
43646 3 5 7 1 0.071 0.196 0.075 0.96 0.437 182.563 391 186.976 621.92 0 0
43646 4 5 7 1 0.071 0.196 0.075 0.96 0.437 170.412 392 177.145 555.6 0 0
43646 5 5 7 1 0.071 0.196 0.075 0.96 0.437 167.622 441 174.92 590.72 0 0
43646 6 5 7 1 0.071 0.196 0.075 0.96 0.437 187.22 390 202.85 688.96 0 0
43646 7 5 7 1 0.071 0.196 0.075 0.96 0.437 147.441 322 150.626 505.073 0 0
43646 8 5 7 1 0.071 0.196 0.075 0.96 0.437 171.458 373 176.127 545.327 0 0
43646 9 5 7 1 0.071 0.196 0.075 0.96 0.437 184.579 449 190.262 665.113 0 0
43646 10 5 7 1 0.071 0.196 0.075 0.96 0.437 188.17 462 198.049 734.96 0 0
43646 1 5 7 1 0.012 0.274 0.008 0.974 0.545 121.82 107 128.766 387.113 0 0
43646 2 5 7 1 0.012 0.274 0.008 0.974 0.545 140.311 108 149.076 364.493 0 0
43646 3 5 7 1 0.012 0.274 0.008 0.974 0.545 127.407 189 135.191 363.767 0 0
43646 4 5 7 1 0.012 0.274 0.008 0.974 0.545 138.884 115 145.567 384.227 0 0
43646 5 5 7 1 0.012 0.274 0.008 0.974 0.545 117.092 133 125.485 365.587 0 0
43646 6 5 7 1 0.012 0.274 0.008 0.974 0.545 132.542 96 138.365 382.493 0 0
43646 7 5 7 1 0.012 0.274 0.008 0.974 0.545 133.534 150 139.711 381.727 0 0
43646 8 5 7 1 0.012 0.274 0.008 0.974 0.545 129.765 208 138.015 375.127 0 0
43646 9 5 7 1 0.012 0.274 0.008 0.974 0.545 125.323 179 130.39 368.02 0 0
43646 10 5 7 1 0.012 0.274 0.008 0.974 0.545 131.045 155 137.625 361.567 0 0
43646 1 5 7 1 0.113 0.257 0.097 0.947 0.781 0.448 7 1.665 24.653 1 0.08
43646 2 5 7 1 0.113 0.257 0.097 0.947 0.781 0.249 17 1.369 29.58 1 0
43646 3 5 7 1 0.113 0.257 0.097 0.947 0.781 0 10 0.106 10 1 0
43646 4 5 7 1 0.113 0.257 0.097 0.947 0.781 0 10 0.359 11.573 1 0
43646 5 5 7 1 0.113 0.257 0.097 0.947 0.781 0.796 13 1.737 27 1 0
43646 6 5 7 1 0.113 0.257 0.097 0.947 0.781 1.143 11 2.256 28.92 1 0
43646 7 5 7 1 0.113 0.257 0.097 0.947 0.781 0.547 16 1.783 31.5 1 0
43646 8 5 7 1 0.113 0.257 0.097 0.947 0.781 0 14 0.03 14 1 0
43646 9 5 7 1 0.113 0.257 0.097 0.947 0.781 0.696 14 2.72 31.313 0.987 0
43646 10 5 7 1 0.113 0.257 0.097 0.947 0.781 0 17 0.081 17 1 0
43646 1 5 7 1 0.069 0.115 0.199 0.819 0.937 0.249 16 1.059 25.22 1 0
43646 2 5 7 1 0.069 0.115 0.199 0.819 0.937 0.696 12 1.76 29.793 1 0
43646 3 5 7 1 0.069 0.115 0.199 0.819 0.937 1.144 10 2.003 25.073 1 0
43646 4 5 7 1 0.069 0.115 0.199 0.819 0.937 0.695 9 2.55 27.267 1 0.013
43646 5 5 7 1 0.069 0.115 0.199 0.819 0.937 0 7 0.037 7 1 1
43646 6 5 7 1 0.069 0.115 0.199 0.819 0.937 0 11 0.171 11 1 0
43646 7 5 7 1 0.069 0.115 0.199 0.819 0.937 0 13 0.284 14.313 1 0
43646 8 5 7 1 0.069 0.115 0.199 0.819 0.937 0 17 0.215 18.127 1 0
43646 9 5 7 1 0.069 0.115 0.199 0.819 0.937 0 12 0.114 12 1 0
43646 10 5 7 1 0.069 0.115 0.199 0.819 0.937 0.746 11 2.498 27.807 1 0
43646 1 5 7 1 0.038 0.096 0.437 0.956 0.016 243.578 1073 247.554 1252.427 0 0
43646 2 5 7 1 0.038 0.096 0.437 0.956 0.016 243.272 905 247.317 1254.853 0 0
43646 3 5 7 1 0.038 0.096 0.437 0.956 0.016 242.818 928 247.374 1234.587 0 0
43646 4 5 7 1 0.038 0.096 0.437 0.956 0.016 236.825 910 245.462 1126.773 0 0
43646 5 5 7 1 0.038 0.096 0.437 0.956 0.016 243.743 897 247.497 1204.14 0 0
43646 6 5 7 1 0.038 0.096 0.437 0.956 0.016 244.221 1015 247.219 1293.82 0 0
43646 7 5 7 1 0.038 0.096 0.437 0.956 0.016 239.74 907 245.619 1138.247 0 0
43646 8 5 7 1 0.038 0.096 0.437 0.956 0.016 240.954 922 245.881 1124.98 0 0
43646 9 5 7 1 0.038 0.096 0.437 0.956 0.016 243.317 1009 247.265 1301.273 0 0
43646 10 5 7 1 0.038 0.096 0.437 0.956 0.016 244.792 1036 247.633 1283.627 0 0
43646 1 5 7 1 0.048 0.287 0.164 0.788 0.693 1.095 8 2.669 23.053 0.947 0.013
43646 2 5 7 1 0.048 0.287 0.164 0.788 0.693 0 9 0.089 9 1 1
43646 3 5 7 1 0.048 0.287 0.164 0.788 0.693 0 10 1.308 23.32 1 0
43646 4 5 7 1 0.048 0.287 0.164 0.788 0.693 0.995 17 2.354 34.42 1 0
43646 5 5 7 1 0.048 0.287 0.164 0.788 0.693 0.994 15 1.972 29.733 1 0
43646 6 5 7 1 0.048 0.287 0.164 0.788 0.693 0.199 9 1.433 21.64 1 0.02
43646 7 5 7 1 0.048 0.287 0.164 0.788 0.693 0.746 13 1.642 27.633 1 0
43646 8 5 7 1 0.048 0.287 0.164 0.788 0.693 0 12 0.021 12 1 0
43646 9 5 7 1 0.048 0.287 0.164 0.788 0.693 3.616 16 5.363 37.873 0.533 0
43646 10 5 7 1 0.048 0.287 0.164 0.788 0.693 0 12 0.118 12 1 0
43646 1 5 7 1 0.03 0.363 0.22 0.834 0.958 0.149 14 1.108 24.393 1 0
43646 2 5 7 1 0.03 0.363 0.22 0.834 0.958 0.646 10 1.495 25.673 1 0
43646 3 5 7 1 0.03 0.363 0.22 0.834 0.958 0 11 0.028 11 1 0
43646 4 5 7 1 0.03 0.363 0.22 0.834 0.958 0 6 0.043 6 1 1
43646 5 5 7 1 0.03 0.363 0.22 0.834 0.958 0.697 12 1.383 25.447 1 0
43646 6 5 7 1 0.03 0.363 0.22 0.834 0.958 0.149 15 0.885 23.793 1 0
43646 1 5 6 0 0.001 0.345 0.175 0.987 0.181 76.16 6 84.525 310.373 0 0.04
43646 2 5 6 0 0.001 0.345 0.175 0.987 0.181 87.962 6 98.564 248.033 0 0.167
43646 3 5 6 0 0.001 0.345 0.175 0.987 0.181 165.101 12 173.383 543.58 0 0
43646 4 5 6 0 0.001 0.345 0.175 0.987 0.181 130.614 8 142.117 500.953 0 0.027
43646 5 5 6 0 0.001 0.345 0.175 0.987 0.181 134.717 6 144.876 455.267 0 0.013
43646 6 5 6 0 0.001 0.345 0.175 0.987 0.181 162.581 7 171.193 595.22 0 0.047
43646 7 5 6 0 0.001 0.345 0.175 0.987 0.181 93.488 23 104.141 325.093 0 0
43646 8 5 6 0 0.001 0.345 0.175 0.987 0.181 146.585 7 160.487 526.467 0 0.013
43646 9 5 6 0 0.001 0.345 0.175 0.987 0.181 176.615 9 184.654 656.547 0 0.013
43646 10 5 6 0 0.001 0.345 0.175 0.987 0.181 119.667 4 128.961 323.16 0 0.213
43646 1 5 6 0 0.053 0.475 0.319 0.956 0.255 86.563 8 94.995 263.887 0 0.033
43646 2 5 6 0 0.053 0.475 0.319 0.956 0.255 65.487 10 71.684 195.72 0 0
43646 3 5 6 0 0.053 0.475 0.319 0.956 0.255 73.097 37 80.931 275.033 0 0
43646 4 5 6 0 0.053 0.475 0.319 0.956 0.255 73.533 4 81.103 227.133 0 0.113
43646 5 5 6 0 0.053 0.475 0.319 0.956 0.255 46.574 16 50.386 161.753 0 0
43646 6 5 6 0 0.053 0.475 0.319 0.956 0.255 84.085 10 95.685 288.667 0 0
43646 7 5 6 0 0.053 0.475 0.319 0.956 0.255 58.535 32 65.52 205.353 0 0
43646 8 5 6 0 0.053 0.475 0.319 0.956 0.255 37.38 22 44.016 169.147 0 0
43646 9 5 6 0 0.053 0.475 0.319 0.956 0.255 55.845 9 61.615 152.88 0 0.02
43646 10 5 6 0 0.053 0.475 0.319 0.956 0.255 29.82 11 34.534 126.693 0 0
43646 1 5 6 0 0.036 0.351 0.39 0.888 0.257 19.651 9 22.888 74.013 0 0.013
43646 2 5 6 0 0.036 0.351 0.39 0.888 0.257 0.398 15 1.408 31.913 1 0
43646 3 5 6 0 0.036 0.351 0.39 0.888 0.257 0.547 9 3.695 33.58 0.667 0.007
43646 4 5 6 0 0.036 0.351 0.39 0.888 0.257 0.199 13 1.492 30.927 1 0
43646 5 5 6 0 0.036 0.351 0.39 0.888 0.257 1.44 8 3.012 30.973 0.987 0.027
43646 6 5 6 0 0.036 0.351 0.39 0.888 0.257 28.334 11 32.899 88.367 0 0
43646 7 5 6 0 0.036 0.351 0.39 0.888 0.257 6.081 10 12.346 68.48 0 0
43646 8 5 6 0 0.036 0.351 0.39 0.888 0.257 0.348 12 0.846 22.993 1 0
43646 9 5 6 0 0.036 0.351 0.39 0.888 0.257 22.151 11 28.489 69.267 0 0
43646 10 5 6 0 0.036 0.351 0.39 0.888 0.257 3.751 13 8.803 59.973 0.187 0
43646 1 5 6 0 0.099 0.497 0.107 0.854 0.03 248.553 4442 249.796 4963.927 0 0
43646 2 5 6 0 0.099 0.497 0.107 0.854 0.03 248.411 4720 249.779 5254.287 0 0
43646 3 5 6 0 0.099 0.497 0.107 0.854 0.03 249.172 4026 249.892 5018.94 0 0
43646 4 5 6 0 0.099 0.497 0.107 0.854 0.03 248.725 4606 249.785 5182.747 0 0
43646 5 5 6 0 0.099 0.497 0.107 0.854 0.03 248.671 4127 249.845 4936.62 0 0
43646 6 5 6 0 0.099 0.497 0.107 0.854 0.03 249.08 5305 249.912 5777.227 0 0
43646 7 5 6 0 0.099 0.497 0.107 0.854 0.03 248.77 4119 249.802 4942.127 0 0
43646 8 5 6 0 0.099 0.497 0.107 0.854 0.03 249.084 4355 249.84 5133.107 0 0
43646 9 5 6 0 0.099 0.497 0.107 0.854 0.03 248.937 4153 249.842 5054.92 0 0
43646 10 5 6 0 0.099 0.497 0.107 0.854 0.03 249.331 5062 249.893 5667.967 0 0
43646 1 5 6 0 0.003 0.007 0.182 0.804 0.425 0.845 13 1.853 31.107 1 0
43646 2 5 6 0 0.003 0.007 0.182 0.804 0.425 0.448 15 1.138 26.093 1 0
43646 3 5 6 0 0.003 0.007 0.182 0.804 0.425 0 8 0.132 8 1 1
43646 4 5 6 0 0.003 0.007 0.182 0.804 0.425 1.491 16 3.072 34.607 1 0
43646 5 5 6 0 0.003 0.007 0.182 0.804 0.425 0 9 0.15 9 1 1
43646 6 5 6 0 0.003 0.007 0.182 0.804 0.425 0 11 0.147 11.093 1 0
43646 7 5 6 0 0.003 0.007 0.182 0.804 0.425 0.05 10 0.266 11.227 1 0
43646 8 5 6 0 0.003 0.007 0.182 0.804 0.425 0 9 0.028 9 1 1
43646 9 5 6 0 0.003 0.007 0.182 0.804 0.425 0.448 15 1.726 28.647 1 0
43646 10 5 6 0 0.003 0.007 0.182 0.804 0.425 0.1 11 0.788 18.66 1 0
43646 1 5 6 0 0.026 0.296 0.256 0.833 0.313 25.274 12 32.02 109.313 0 0
43646 2 5 6 0 0.026 0.296 0.256 0.833 0.313 1.591 13 2.667 34.62 1 0
43646 3 5 6 0 0.026 0.296 0.256 0.833 0.313 24.218 13 28.07 88.02 0 0
43646 4 5 6 0 0.026 0.296 0.256 0.833 0.313 18.867 15 25.949 94.56 0 0
43646 5 5 6 0 0.026 0.296 0.256 0.833 0.313 30.042 11 33.189 86.273 0 0
43646 6 5 6 0 0.026 0.296 0.256 0.833 0.313 26.398 12 31.769 96.273 0 0
43646 7 5 6 0 0.026 0.296 0.256 0.833 0.313 25.943 9 30.84 102.74 0 0.02
43646 8 5 6 0 0.026 0.296 0.256 0.833 0.313 0 5 0 5 1 1
43646 9 5 6 0 0.026 0.296 0.256 0.833 0.313 27.668 10 31.221 102.193 0 0
43646 10 5 6 0 0.026 0.296 0.256 0.833 0.313 20.933 10 24.315 85 0 0
43646 1 5 6 0 0.113 0.236 0.169 0.977 0.958 0 15 0.778 22.653 1 0
43646 2 5 6 0 0.113 0.236 0.169 0.977 0.958 0 10 0.032 10 1 0
43646 3 5 6 0 0.113 0.236 0.169 0.977 0.958 0 7 0.013 7 1 1
43646 4 5 6 0 0.113 0.236 0.169 0.977 0.958 0 8 0.185 8 1 1
43646 5 5 6 0 0.113 0.236 0.169 0.977 0.958 0.249 16 1.432 26.673 1 0
43646 6 5 6 0 0.113 0.236 0.169 0.977 0.958 0 9 0.027 9 1 1
43646 7 5 6 0 0.113 0.236 0.169 0.977 0.958 0.498 8 1.305 19.467 1 0.053
43646 8 5 6 0 0.113 0.236 0.169 0.977 0.958 1.392 14 2.872 33.027 1 0
43646 9 5 6 0 0.113 0.236 0.169 0.977 0.958 0 11 0.054 11 1 0
43646 10 5 6 0 0.113 0.236 0.169 0.977 0.958 1.193 16 2.106 30.573 1 0
43646 1 5 6 0 0.096 0.468 0.379 0.813 0.331 55.189 8 60.748 147.247 0 0.127
43646 2 5 6 0 0.096 0.468 0.379 0.813 0.331 3.826 12 11.309 68.42 0.073 0
43646 3 5 6 0 0.096 0.468 0.379 0.813 0.331 45.284 3 50.236 123.8 0 0.18
43646 4 5 6 0 0.096 0.468 0.379 0.813 0.331 38.473 6 44.709 104.267 0 0.18
43646 5 5 6 0 0.096 0.468 0.379 0.813 0.331 0.59 15 2.385 32.267 0.993 0
43646 6 5 6 0 0.096 0.468 0.379 0.813 0.331 58.743 9 64.149 152.813 0 0.013
43646 7 5 6 0 0.096 0.468 0.379 0.813 0.331 18.379 9 22.674 80.733 0 0.02
43646 8 5 6 0 0.096 0.468 0.379 0.813 0.331 5.223 12 11.066 54.553 0 0
43646 9 5 6 0 0.096 0.468 0.379 0.813 0.331 0 7 0.005 7 1 1
43646 10 5 6 0 0.096 0.468 0.379 0.813 0.331 0.348 16 1.83 30.047 1 0
43646 1 5 6 0 0.099 0.069 0.323 0.99 0.036 229.318 4 239.511 783.047 0 0.04
43646 2 5 6 0 0.099 0.069 0.323 0.99 0.036 148.401 27 157.892 709.787 0 0
43646 3 5 6 0 0.099 0.069 0.323 0.99 0.036 172.725 2 181.28 777.8 0 0.013
43646 4 5 6 0 0.099 0.069 0.323 0.99 0.036 173.109 9 183.917 643.42 0 0.007
43646 5 5 6 0 0.099 0.069 0.323 0.99 0.036 160.549 4 168.985 533.2 0 0.047
43646 6 5 6 0 0.099 0.069 0.323 0.99 0.036 224.114 458 238.027 970.547 0 0
43646 7 5 6 0 0.099 0.069 0.323 0.99 0.036 182.014 6 193.637 709.847 0 0.033
43646 8 5 6 0 0.099 0.069 0.323 0.99 0.036 194.598 4 205.115 754.007 0 0.02
43646 9 5 6 0 0.099 0.069 0.323 0.99 0.036 229.063 44 240.62 947.967 0 0
43646 10 5 6 0 0.099 0.069 0.323 0.99 0.036 170.61 154 177.485 600.227 0 0
43646 1 5 6 0 0.074 0.127 0.427 0.852 0.747 0 11 0.083 11 1 0
43646 1 5 4 0 0.08 0.267 0.089 0.854 0.898 0.846 12 1.939 29.413 1 0
43646 2 5 4 0 0.08 0.267 0.089 0.854 0.898 0.249 13 1.608 27.247 1 0
43646 3 5 4 0 0.08 0.267 0.089 0.854 0.898 0.497 14 1.896 27.927 1 0
43646 4 5 4 0 0.08 0.267 0.089 0.854 0.898 0.846 15 1.884 31.36 1 0
43646 5 5 4 0 0.08 0.267 0.089 0.854 0.898 0.547 9 2.218 26.487 1 0.027
43646 6 5 4 0 0.08 0.267 0.089 0.854 0.898 0.697 11 1.349 26.96 1 0
43646 7 5 4 0 0.08 0.267 0.089 0.854 0.898 0.895 9 2.215 29.533 1 0.007
43646 8 5 4 0 0.08 0.267 0.089 0.854 0.898 0.498 15 1.372 30.133 1 0
43646 9 5 4 0 0.08 0.267 0.089 0.854 0.898 0.696 14 2.077 28.633 1 0
43646 10 5 4 0 0.08 0.267 0.089 0.854 0.898 1.244 13 2.132 30.4 1 0
43646 1 5 4 0 0.096 0.102 0.05 0.979 0.06 248.682 4338 249.811 4772.533 0 0
43646 2 5 4 0 0.096 0.102 0.05 0.979 0.06 246.347 3419 249.593 4011.387 0 0
43646 3 5 4 0 0.096 0.102 0.05 0.979 0.06 248.244 3413 249.729 4094.273 0 0
43646 4 5 4 0 0.096 0.102 0.05 0.979 0.06 248.674 4095 249.837 4820.513 0 0
43646 5 5 4 0 0.096 0.102 0.05 0.979 0.06 248.422 3673 249.724 4157.373 0 0
43646 6 5 4 0 0.096 0.102 0.05 0.979 0.06 248.019 3951 249.648 4626.74 0 0
43646 7 5 4 0 0.096 0.102 0.05 0.979 0.06 247.896 3629 249.689 4110.12 0 0
43646 8 5 4 0 0.096 0.102 0.05 0.979 0.06 248.088 3381 249.623 3821.467 0 0
43646 9 5 4 0 0.096 0.102 0.05 0.979 0.06 248.769 3878 249.767 4330.5 0 0
43646 10 5 4 0 0.096 0.102 0.05 0.979 0.06 248.684 3230 249.658 3576.253 0 0
43646 1 5 4 0 0.093 0.303 0.392 0.851 0.221 31.876 6 37.691 85.14 0 0.12
43646 2 5 4 0 0.093 0.303 0.392 0.851 0.221 34.078 11 40.354 108.487 0 0
43646 3 5 4 0 0.093 0.303 0.392 0.851 0.221 63.108 13 68.03 224.073 0 0
43646 4 5 4 0 0.093 0.303 0.392 0.851 0.221 57.833 9 62.621 201.433 0 0.007
43646 5 5 4 0 0.093 0.303 0.392 0.851 0.221 55.583 18 60.792 220.913 0 0
43646 6 5 4 0 0.093 0.303 0.392 0.851 0.221 62.477 20 66.201 232.193 0 0
43646 7 5 4 0 0.093 0.303 0.392 0.851 0.221 54.839 15 60.033 194.007 0 0
43646 8 5 4 0 0.093 0.303 0.392 0.851 0.221 60.134 20 64.362 278.727 0 0
43646 9 5 4 0 0.093 0.303 0.392 0.851 0.221 35.047 9 41.974 108.4 0 0.007
43646 10 5 4 0 0.093 0.303 0.392 0.851 0.221 70.259 32 77.774 258.393 0 0
43646 1 5 4 0 0.118 0.181 0.383 0.969 0.025 241.949 1384 247.876 1909.24 0 0
43646 2 5 4 0 0.118 0.181 0.383 0.969 0.025 245.463 1278 248.861 2052.74 0 0
43646 3 5 4 0 0.118 0.181 0.383 0.969 0.025 245.948 1472 248.968 1988.487 0 0
43646 4 5 4 0 0.118 0.181 0.383 0.969 0.025 246.412 1369 248.926 2051.893 0 0
43646 5 5 4 0 0.118 0.181 0.383 0.969 0.025 246.025 1580 248.662 1975.72 0 0
43646 6 5 4 0 0.118 0.181 0.383 0.969 0.025 245.697 1494 248.777 1981.833 0 0
43646 7 5 4 0 0.118 0.181 0.383 0.969 0.025 244.31 1496 248.423 2009 0 0
43646 8 5 4 0 0.118 0.181 0.383 0.969 0.025 246.866 1443 248.931 1948.193 0 0
43646 9 5 4 0 0.118 0.181 0.383 0.969 0.025 247.451 1723 249.247 2282.52 0 0
43646 10 5 4 0 0.118 0.181 0.383 0.969 0.025 245.893 1555 249.103 2051.607 0 0
43646 1 5 4 0 0.048 0.327 0.3 0.967 0.453 1.382 14 2.61 30.747 1 0
43646 2 5 4 0 0.048 0.327 0.3 0.967 0.453 0.498 14 2.011 30.807 1 0
43646 3 5 4 0 0.048 0.327 0.3 0.967 0.453 1.391 10 2.306 28.827 1 0
43646 4 5 4 0 0.048 0.327 0.3 0.967 0.453 0.398 14 1.576 30.307 1 0
43646 5 5 4 0 0.048 0.327 0.3 0.967 0.453 0 13 0.095 13 1 0
43646 6 5 4 0 0.048 0.327 0.3 0.967 0.453 0.547 14 1.766 29.847 1 0
43646 7 5 4 0 0.048 0.327 0.3 0.967 0.453 0.497 9 1.707 27.307 1 0.033
43646 8 5 4 0 0.048 0.327 0.3 0.967 0.453 0 8 0.215 9.273 1 0.693
43646 9 5 4 0 0.048 0.327 0.3 0.967 0.453 1.391 15 3.286 39.233 0.987 0
43646 10 5 4 0 0.048 0.327 0.3 0.967 0.453 0.993 10 2.691 31.033 1 0
43646 1 5 4 0 0.077 0.135 0.333 0.938 0.468 1.292 12 2.952 34.847 1 0
43646 2 5 4 0 0.077 0.135 0.333 0.938 0.468 1.044 9 2.132 31.027 1 0.013
43646 3 5 4 0 0.077 0.135 0.333 0.938 0.468 0.597 13 1.71 28.16 1 0
43646 4 5 4 0 0.077 0.135 0.333 0.938 0.468 0.795 10 1.811 29.387 1 0
43646 5 5 4 0 0.077 0.135 0.333 0.938 0.468 0 8 0.903 15.947 1 0.453
43646 6 5 4 0 0.077 0.135 0.333 0.938 0.468 1.193 11 2.929 30.233 0.98 0
43646 7 5 4 0 0.077 0.135 0.333 0.938 0.468 1.39 13 3.144 32.933 0.92 0
43646 8 5 4 0 0.077 0.135 0.333 0.938 0.468 0.646 15 1.664 31.3 1 0
43646 9 5 4 0 0.077 0.135 0.333 0.938 0.468 0.746 11 2.275 32.593 1 0
43646 10 5 4 0 0.077 0.135 0.333 0.938 0.468 0.597 17 1.851 30.44 1 0
43646 1 5 4 0 0.018 0.201 0.338 0.849 0.087 152.764 7 165.513 356.733 0 0.007
43646 2 5 4 0 0.018 0.201 0.338 0.849 0.087 147.937 89 156.302 457.5 0 0
43646 3 5 4 0 0.018 0.201 0.338 0.849 0.087 168.091 4 177.843 469.393 0 0.013
43646 4 5 4 0 0.018 0.201 0.338 0.849 0.087 133.745 12 139.888 457.34 0 0
43646 5 5 4 0 0.018 0.201 0.338 0.849 0.087 130.315 8 143.365 374.433 0 0.027
43646 6 5 4 0 0.018 0.201 0.338 0.849 0.087 89.232 7 103.029 261.093 0 0.08
43646 7 5 4 0 0.018 0.201 0.338 0.849 0.087 140.548 14 148.915 435.487 0 0
43646 8 5 4 0 0.018 0.201 0.338 0.849 0.087 197.984 11 211.542 564.42 0 0
43646 9 5 4 0 0.018 0.201 0.338 0.849 0.087 148.911 8 161.215 489.527 0 0.007
43646 10 5 4 0 0.018 0.201 0.338 0.849 0.087 160.811 7 175.947 520.687 0 0.047
43646 1 5 4 0 0.056 0.397 0.142 0.998 0.325 232.258 201 241.302 964.547 0 0
43646 2 5 4 0 0.056 0.397 0.142 0.998 0.325 234.218 6 242.771 947.22 0 0.02
43646 3 5 4 0 0.056 0.397 0.142 0.998 0.325 201.324 147 226.133 932.187 0 0
43646 4 5 4 0 0.056 0.397 0.142 0.998 0.325 233.631 11 243.835 1134.853 0 0
43646 5 5 4 0 0.056 0.397 0.142 0.998 0.325 233.043 188 242.725 1060.193 0 0
43646 6 5 4 0 0.056 0.397 0.142 0.998 0.325 232.787 83 242.217 1004.287 0 0
43646 7 5 4 0 0.056 0.397 0.142 0.998 0.325 197.798 117 208.239 786.06 0 0
43646 8 5 4 0 0.056 0.397 0.142 0.998 0.325 233.676 61 242.352 1038.087 0 0
43646 9 5 4 0 0.056 0.397 0.142 0.998 0.325 234.638 338 243.728 1107.613 0 0
43646 10 5 4 0 0.056 0.397 0.142 0.998 0.325 232.14 10 241.995 952.407 0 0
43646 1 5 4 0 0.108 0.358 0.171 0.971 0.467 24.773 14 28.491 78.913 0 0
43646 2 5 4 0 0.108 0.358 0.171 0.971 0.467 26.762 19 30.174 84.7 0 0
43646 3 5 4 0 0.108 0.358 0.171 0.971 0.467 17.403 16 21.677 94.18 0 0
43646 4 5 4 0 0.108 0.358 0.171 0.971 0.467 1.864 10 4.32 38.22 0.64 0
43646 5 5 4 0 0.108 0.358 0.171 0.971 0.467 40.116 15 46.177 126.593 0 0
43646 6 5 4 0 0.108 0.358 0.171 0.971 0.467 20.283 19 23.584 86.213 0 0
43646 1 5 6 1 0.035 0.383 0.23 0.842 0.08 243.023 1164 247.731 1395.14 0 0
43646 2 5 6 1 0.035 0.383 0.23 0.842 0.08 244.519 1141 247.526 1361.733 0 0
43646 3 5 6 1 0.035 0.383 0.23 0.842 0.08 242.347 1221 247.8 1445.107 0 0
43646 4 5 6 1 0.035 0.383 0.23 0.842 0.08 243.369 1160 247.861 1405.993 0 0
43646 5 5 6 1 0.035 0.383 0.23 0.842 0.08 242.977 1087 246.952 1324.747 0 0
43646 6 5 6 1 0.035 0.383 0.23 0.842 0.08 243.757 1175 248.07 1533.213 0 0
43646 7 5 6 1 0.035 0.383 0.23 0.842 0.08 244.014 1047 247.805 1355.26 0 0
43646 8 5 6 1 0.035 0.383 0.23 0.842 0.08 244.744 1076 248.121 1489.807 0 0
43646 9 5 6 1 0.035 0.383 0.23 0.842 0.08 243.75 1050 247.219 1321.627 0 0
43646 10 5 6 1 0.035 0.383 0.23 0.842 0.08 243.504 1148 248.114 1413.093 0 0
43646 1 5 6 1 0.006 0.303 0.405 0.868 0.285 2.731 20 5.164 39.553 0.54 0
43646 2 5 6 1 0.006 0.303 0.405 0.868 0.285 0 7 0.084 7 1 1
43646 3 5 6 1 0.006 0.303 0.405 0.868 0.285 1.293 16 2.402 34.84 1 0
43646 4 5 6 1 0.006 0.303 0.405 0.868 0.285 0.896 14 1.906 29.393 1 0
43646 5 5 6 1 0.006 0.303 0.405 0.868 0.285 0.05 12 0.093 12 1 0
43646 6 5 6 1 0.006 0.303 0.405 0.868 0.285 2.034 17 5.34 42.793 0.36 0
43646 7 5 6 1 0.006 0.303 0.405 0.868 0.285 1.443 10 2.575 31.033 1 0
43646 8 5 6 1 0.006 0.303 0.405 0.868 0.285 0.994 13 2.221 30.787 1 0
43646 9 5 6 1 0.006 0.303 0.405 0.868 0.285 13.205 24 18.593 77.693 0 0
43646 10 5 6 1 0.006 0.303 0.405 0.868 0.285 0.299 10 1.245 24.047 1 0
43646 1 5 6 1 0.058 0.308 0.104 0.933 0.476 26.784 53 32.716 111 0 0
43646 2 5 6 1 0.058 0.308 0.104 0.933 0.476 25.738 41 33.626 98.58 0 0
43646 3 5 6 1 0.058 0.308 0.104 0.933 0.476 28.855 43 36.412 102.793 0 0
43646 4 5 6 1 0.058 0.308 0.104 0.933 0.476 30.252 43 34.907 105.067 0 0
43646 5 5 6 1 0.058 0.308 0.104 0.933 0.476 27.251 44 31.488 94.46 0 0
43646 6 5 6 1 0.058 0.308 0.104 0.933 0.476 32.98 42 36.674 91.86 0 0
43646 7 5 6 1 0.058 0.308 0.104 0.933 0.476 51.64 82 65.334 185.293 0 0
43646 8 5 6 1 0.058 0.308 0.104 0.933 0.476 36.957 45 40.645 109.5 0 0
43646 9 5 6 1 0.058 0.308 0.104 0.933 0.476 36.303 43 44.992 119.107 0 0
43646 10 5 6 1 0.058 0.308 0.104 0.933 0.476 31.842 42 36.323 98.273 0 0
43646 1 5 6 1 0.088 0.187 0.187 0.777 0.863 0.597 13 1.641 28.587 1 0
43646 2 5 6 1 0.088 0.187 0.187 0.777 0.863 0 9 0.051 9 1 1
43646 3 5 6 1 0.088 0.187 0.187 0.777 0.863 0.995 10 1.887 26.073 1 0
43646 4 5 6 1 0.088 0.187 0.187 0.777 0.863 0.846 18 2.075 32.133 1 0
43646 5 5 6 1 0.088 0.187 0.187 0.777 0.863 0.796 10 1.976 26.673 1 0
43646 6 5 6 1 0.088 0.187 0.187 0.777 0.863 0 12 0.154 12 1 0
43646 7 5 6 1 0.088 0.187 0.187 0.777 0.863 0 13 0.061 13 1 0
43646 8 5 6 1 0.088 0.187 0.187 0.777 0.863 0 15 0.216 16.3 1 0
43646 9 5 6 1 0.088 0.187 0.187 0.777 0.863 0 4 0.032 4 1 1
43646 10 5 6 1 0.088 0.187 0.187 0.777 0.863 0 10 0.047 10 1 0
43646 1 5 6 1 0.089 0.387 0.433 0.923 0.383 0.05 13 0.282 15.22 1 0
43646 2 5 6 1 0.089 0.387 0.433 0.923 0.383 0.746 13 2.351 31.407 1 0
43646 3 5 6 1 0.089 0.387 0.433 0.923 0.383 0 13 0.115 13 1 0
43646 4 5 6 1 0.089 0.387 0.433 0.923 0.383 7.833 12 9.942 39.04 0 0
43646 5 5 6 1 0.089 0.387 0.433 0.923 0.383 0.647 11 3.309 32.653 0.813 0
43646 6 5 6 1 0.089 0.387 0.433 0.923 0.383 2.981 14 6.888 47.447 0.153 0
43646 7 5 6 1 0.089 0.387 0.433 0.923 0.383 1.044 10 2.211 34.227 1 0
43646 8 5 6 1 0.089 0.387 0.433 0.923 0.383 0.895 13 2.041 31.293 1 0
43646 9 5 6 1 0.089 0.387 0.433 0.923 0.383 0 12 0 12.167 1 0
43646 10 5 6 1 0.089 0.387 0.433 0.923 0.383 0.896 11 2.301 30.813 1 0
43646 1 5 6 1 0.1 0.07 0.05 0.948 0.325 115.812 270 119.659 415.48 0 0
43646 2 5 6 1 0.1 0.07 0.05 0.948 0.325 104.748 169 109.214 359.433 0 0
43646 3 5 6 1 0.1 0.07 0.05 0.948 0.325 88.632 177 96.771 307.98 0 0
43646 4 5 6 1 0.1 0.07 0.05 0.948 0.325 112.536 222 117.028 357.073 0 0
43646 5 5 6 1 0.1 0.07 0.05 0.948 0.325 98.98 205 109.174 310.187 0 0
43646 6 5 6 1 0.1 0.07 0.05 0.948 0.325 100.335 185 107.35 336.16 0 0
43646 7 5 6 1 0.1 0.07 0.05 0.948 0.325 115.531 245 118.949 351.1 0 0
43646 8 5 6 1 0.1 0.07 0.05 0.948 0.325 105.927 198 111.76 319.473 0 0
43646 9 5 6 1 0.1 0.07 0.05 0.948 0.325 101.642 186 104.996 291.3 0 0
43646 10 5 6 1 0.1 0.07 0.05 0.948 0.325 103.469 196 108.343 319.073 0 0
43646 1 5 6 1 0.117 0.087 0.013 0.804 0.65 2.871 12 4.744 43.54 0.633 0
43646 2 5 6 1 0.117 0.087 0.013 0.804 0.65 0.886 12 3.779 32.487 0.713 0
43646 3 5 6 1 0.117 0.087 0.013 0.804 0.65 1.691 18 2.925 41.527 1 0
43646 4 5 6 1 0.117 0.087 0.013 0.804 0.65 8.902 22 11.83 58.087 0 0
43646 5 5 6 1 0.117 0.087 0.013 0.804 0.65 1.192 19 3.905 43.467 0.7 0
43646 6 5 6 1 0.117 0.087 0.013 0.804 0.65 2.83 16 7.166 43.907 0.22 0
43646 7 5 6 1 0.117 0.087 0.013 0.804 0.65 2.13 15 4.232 44.46 0.687 0
43646 8 5 6 1 0.117 0.087 0.013 0.804 0.65 0 11 0.134 11 1 0
43646 9 5 6 1 0.117 0.087 0.013 0.804 0.65 1.726 19 3.399 43.767 0.913 0
43646 10 5 6 1 0.117 0.087 0.013 0.804 0.65 0.448 15 2.005 32.98 1 0
43646 1 5 6 1 0.036 0.031 0.04 0.813 0.421 29.257 55 32.361 114.1 0 0
43646 2 5 6 1 0.036 0.031 0.04 0.813 0.421 27.684 33 31.865 119.147 0 0
43646 3 5 6 1 0.036 0.031 0.04 0.813 0.421 20.852 19 26.423 78.66 0 0
43646 4 5 6 1 0.036 0.031 0.04 0.813 0.421 21.796 35 27.436 82.167 0 0
43646 5 5 6 1 0.036 0.031 0.04 0.813 0.421 29.322 48 33.716 105.78 0 0
43646 6 5 6 1 0.036 0.031 0.04 0.813 0.421 33.675 51 38.915 125.42 0 0
43646 7 5 6 1 0.036 0.031 0.04 0.813 0.421 18.587 28 22.375 75.353 0 0
43646 8 5 6 1 0.036 0.031 0.04 0.813 0.421 19.883 27 23.368 77.34 0 0
43646 9 5 6 1 0.036 0.031 0.04 0.813 0.421 41.292 80 44.807 160.22 0 0
43646 10 5 6 1 0.036 0.031 0.04 0.813 0.421 26.931 58 34.758 140.007 0 0
43646 1 5 6 1 0.09 0.139 0.423 0.875 0.247 0.398 15 1.725 31.607 1 0
43646 2 5 6 1 0.09 0.139 0.423 0.875 0.247 0.497 8 1.116 17.793 1 0.04
43646 3 5 6 1 0.09 0.139 0.423 0.875 0.247 21.091 29 25.131 80.393 0 0
43646 4 5 6 1 0.09 0.139 0.423 0.875 0.247 0 11 0.106 11 1 0
43646 5 5 6 1 0.09 0.139 0.423 0.875 0.247 0.498 18 1.791 32.78 1 0
43646 6 5 6 1 0.09 0.139 0.423 0.875 0.247 10.276 22 12.923 62.913 0 0
43646 7 5 6 1 0.09 0.139 0.423 0.875 0.247 0 13 0.182 13 1 0
43646 8 5 6 1 0.09 0.139 0.423 0.875 0.247 0.945 15 2.012 30.073 1 0
43646 9 5 6 1 0.09 0.139 0.423 0.875 0.247 17.836 30 20.5 70.493 0 0
43646 10 5 6 1 0.09 0.139 0.423 0.875 0.247 0.149 11 1.519 24.867 1 0
43646 1 5 6 1 0.119 0.25 0.17 0.801 0.2 243.602 1338 248.156 1608.473 0 0
43646 2 5 6 1 0.119 0.25 0.17 0.801 0.2 245.268 1313 248.371 1619.553 0 0
43646 3 5 6 1 0.119 0.25 0.17 0.801 0.2 245.507 1160 248.28 1520.907 0 0
43646 4 5 6 1 0.119 0.25 0.17 0.801 0.2 243.013 1170 247.399 1472.1 0 0
43646 5 5 6 1 0.119 0.25 0.17 0.801 0.2 241.165 1115 247.215 1412.287 0 0
43646 6 5 6 1 0.119 0.25 0.17 0.801 0.2 244.649 1296 248.18 1594.467 0 0
43646 7 5 6 1 0.119 0.25 0.17 0.801 0.2 244.747 1310 248.126 1539.84 0 0
43646 1 5 10 0 0.027 0.329 0.324 0.859 0.252 175.484 1 191.897 203.307 0 0.307
43646 2 5 10 0 0.027 0.329 0.324 0.859 0.252 214.249 1 227.856 306.86 0 0.26
43646 3 5 10 0 0.027 0.329 0.324 0.859 0.252 185.078 2 206.184 287.087 0 0.28
43646 4 5 10 0 0.027 0.329 0.324 0.859 0.252 185.977 3 200.536 237.873 0 0.467
43646 5 5 10 0 0.027 0.329 0.324 0.859 0.252 171.888 3 185.601 242.893 0 0.193
43646 6 5 10 0 0.027 0.329 0.324 0.859 0.252 207.243 1 219.529 273.427 0 0.2
43646 7 5 10 0 0.027 0.329 0.324 0.859 0.252 185.775 6 207.764 278.36 0 0.227
43646 8 5 10 0 0.027 0.329 0.324 0.859 0.252 190.564 1 201.225 219.68 0 0.2
43646 9 5 10 0 0.027 0.329 0.324 0.859 0.252 174.397 1 191.098 241.487 0 0.207
43646 10 5 10 0 0.027 0.329 0.324 0.859 0.252 187.95 2 198.34 223.693 0 0.193
43646 1 5 10 0 0.082 0.016 0.003 0.907 0.765 230.909 2 244.835 37.52 0 0.687
43646 2 5 10 0 0.082 0.016 0.003 0.907 0.765 229.898 1 241.932 31.38 0 0.72
43646 3 5 10 0 0.082 0.016 0.003 0.907 0.765 234.854 1 244.602 31.66 0 0.713
43646 4 5 10 0 0.082 0.016 0.003 0.907 0.765 236.164 1 245.383 29.513 0 0.68
43646 5 5 10 0 0.082 0.016 0.003 0.907 0.765 225.63 1 242.903 27.187 0 0.753
43646 6 5 10 0 0.082 0.016 0.003 0.907 0.765 233.049 2 243.356 32.68 0 0.72
43646 7 5 10 0 0.082 0.016 0.003 0.907 0.765 230.008 0 244.249 26.987 0 0.707
43646 8 5 10 0 0.082 0.016 0.003 0.907 0.765 231.695 2 245.118 34.68 0 0.673
43646 9 5 10 0 0.082 0.016 0.003 0.907 0.765 236 1 245.59 28.873 0 0.733
43646 10 5 10 0 0.082 0.016 0.003 0.907 0.765 234.119 3 245.027 34.293 0 0.78
43646 1 5 10 0 0.002 0.368 0.317 0.83 0.898 232.621 0 243.883 27.247 0 0.713
43646 2 5 10 0 0.002 0.368 0.317 0.83 0.898 232.857 0 245.303 34.793 0 0.707
43646 3 5 10 0 0.002 0.368 0.317 0.83 0.898 228.438 3 243.688 34.113 0 0.733
43646 4 5 10 0 0.002 0.368 0.317 0.83 0.898 235.244 1 245.318 32.747 0 0.7
43646 5 5 10 0 0.002 0.368 0.317 0.83 0.898 238.37 0 246.221 32.333 0 0.707
43646 6 5 10 0 0.002 0.368 0.317 0.83 0.898 234.104 1 245.635 32.613 0 0.68
43646 7 5 10 0 0.002 0.368 0.317 0.83 0.898 233.634 1 244.953 31.213 0 0.707
43646 8 5 10 0 0.002 0.368 0.317 0.83 0.898 232.909 2 244.845 32.027 0 0.68
43646 9 5 10 0 0.002 0.368 0.317 0.83 0.898 232.593 0 244.992 32.007 0 0.693
43646 10 5 10 0 0.002 0.368 0.317 0.83 0.898 239.373 2 246.562 28.913 0 0.7
43646 1 5 10 0 0.039 0.023 0.236 0.816 0.696 235 1 245.512 33.28 0 0.693
43646 2 5 10 0 0.039 0.023 0.236 0.816 0.696 229.24 1 243.425 29.613 0 0.7
43646 3 5 10 0 0.039 0.023 0.236 0.816 0.696 230.494 1 243.767 33.047 0 0.733
43646 4 5 10 0 0.039 0.023 0.236 0.816 0.696 234.148 0 244.665 27.127 0 0.733
43646 5 5 10 0 0.039 0.023 0.236 0.816 0.696 236.305 1 244.046 26.633 0 0.74
43646 6 5 10 0 0.039 0.023 0.236 0.816 0.696 233.461 2 245.11 31.553 0 0.727
43646 7 5 10 0 0.039 0.023 0.236 0.816 0.696 232.688 2 245.449 30.653 0 0.753
43646 8 5 10 0 0.039 0.023 0.236 0.816 0.696 234.49 0 245.762 29.607 0 0.727
43646 9 5 10 0 0.039 0.023 0.236 0.816 0.696 233.094 1 244.245 32.02 0 0.707
43646 10 5 10 0 0.039 0.023 0.236 0.816 0.696 234.242 0 244.26 24.013 0 0.707
43646 1 5 10 0 0.061 0.274 0.114 0.756 0.875 226.762 2 243.817 31.26 0 0.72
43646 2 5 10 0 0.061 0.274 0.114 0.756 0.875 228.192 2 243.574 32.373 0 0.693
43646 3 5 10 0 0.061 0.274 0.114 0.756 0.875 232.013 3 244.167 32.873 0 0.727
43646 4 5 10 0 0.061 0.274 0.114 0.756 0.875 230.456 3 245.184 32.92 0 0.727
43646 5 5 10 0 0.061 0.274 0.114 0.756 0.875 232.515 0 242.003 25.68 0 0.693
43646 6 5 10 0 0.061 0.274 0.114 0.756 0.875 238.705 2 244.282 29.407 0 0.667
43646 7 5 10 0 0.061 0.274 0.114 0.756 0.875 236.933 0 245.679 30.967 0 0.713
43646 8 5 10 0 0.061 0.274 0.114 0.756 0.875 232.73 2 244.789 33.78 0 0.727
43646 9 5 10 0 0.061 0.274 0.114 0.756 0.875 232.601 0 244.492 34.133 0 0.687
43646 10 5 10 0 0.061 0.274 0.114 0.756 0.875 237.101 0 245.663 34.54 0 0.667
43646 1 5 10 0 0.023 0.366 0.059 0.798 0.23 236.976 549 246.895 1882.407 0 0
43646 2 5 10 0 0.023 0.366 0.059 0.798 0.23 241.947 941 247.523 2305 0 0
43646 3 5 10 0 0.023 0.366 0.059 0.798 0.23 241.469 638 247.575 1888.433 0 0
43646 4 5 10 0 0.023 0.366 0.059 0.798 0.23 237.443 647 246.146 1761.5 0 0
43646 5 5 10 0 0.023 0.366 0.059 0.798 0.23 242.146 834 247.666 2135.04 0 0
43646 6 5 10 0 0.023 0.366 0.059 0.798 0.23 237.59 513 247.328 2114.333 0 0
43646 7 5 10 0 0.023 0.366 0.059 0.798 0.23 235.375 288 245.622 1748.307 0 0
43646 8 5 10 0 0.023 0.366 0.059 0.798 0.23 234.217 277 246.222 1946.253 0 0
43646 9 5 10 0 0.023 0.366 0.059 0.798 0.23 237.135 586 246.159 1828.94 0 0
43646 10 5 10 0 0.023 0.366 0.059 0.798 0.23 235.862 526 247.139 1983.767 0 0
43646 1 5 10 0 0.028 0.103 0.436 0.841 0.097 204.435 0 231.741 162.807 0 0.387
43646 2 5 10 0 0.028 0.103 0.436 0.841 0.097 212.696 7 228.5 171.64 0 0.3
43646 3 5 10 0 0.028 0.103 0.436 0.841 0.097 219.656 3 230.78 150.153 0 0.367
43646 4 5 10 0 0.028 0.103 0.436 0.841 0.097 203.908 1 224.156 161.367 0 0.473
43646 5 5 10 0 0.028 0.103 0.436 0.841 0.097 215.399 0 232.918 139.247 0 0.467
43646 6 5 10 0 0.028 0.103 0.436 0.841 0.097 207.997 0 225.99 158.18 0 0.34
43646 7 5 10 0 0.028 0.103 0.436 0.841 0.097 215.932 4 229.681 145.767 0 0.32
43646 8 5 10 0 0.028 0.103 0.436 0.841 0.097 208.183 1 231.543 174.94 0 0.433
43646 9 5 10 0 0.028 0.103 0.436 0.841 0.097 223.991 1 234.865 188.587 0 0.447
43646 10 5 10 0 0.028 0.103 0.436 0.841 0.097 212.321 0 231.123 152.9 0 0.193
43646 1 5 10 0 0.033 0.368 0.487 0.829 0.857 233.316 1 245.246 30.947 0 0.753
43646 2 5 10 0 0.033 0.368 0.487 0.829 0.857 233.001 3 243.839 29.7 0 0.673
43646 3 5 10 0 0.033 0.368 0.487 0.829 0.857 0 6 0.079 6 1 1
43646 4 5 10 0 0.033 0.368 0.487 0.829 0.857 237.155 2 246.056 29.827 0 0.713
43646 5 5 10 0 0.033 0.368 0.487 0.829 0.857 233.419 2 245.051 31.74 0 0.733
43646 6 5 10 0 0.033 0.368 0.487 0.829 0.857 234.634 1 245.02 31.887 0 0.68
43646 7 5 10 0 0.033 0.368 0.487 0.829 0.857 235.314 2 245.543 33.827 0 0.76
43646 8 5 10 0 0.033 0.368 0.487 0.829 0.857 235.717 3 244.768 34.967 0 0.7
43646 9 5 10 0 0.033 0.368 0.487 0.829 0.857 234.824 3 244.165 33.033 0 0.687
43646 10 5 10 0 0.033 0.368 0.487 0.829 0.857 238.293 2 246.123 30.407 0 0.733
43646 1 5 10 0 0.068 0.499 0.326 0.843 0.705 238.24 1 245.758 32.127 0 0.653
43646 2 5 10 0 0.068 0.499 0.326 0.843 0.705 233.078 2 244.496 34.407 0 0.727
43646 3 5 10 0 0.068 0.499 0.326 0.843 0.705 233.741 0 242.544 24.98 0 0.713
43646 4 5 10 0 0.068 0.499 0.326 0.843 0.705 234.793 2 246.134 32.353 0 0.733
43646 5 5 10 0 0.068 0.499 0.326 0.843 0.705 233.655 1 244.918 33.48 0 0.687
43646 6 5 10 0 0.068 0.499 0.326 0.843 0.705 234.652 1 244.423 28.82 0 0.7
43646 7 5 10 0 0.068 0.499 0.326 0.843 0.705 233.91 0 243.649 28.253 0 0.687
43646 8 5 10 0 0.068 0.499 0.326 0.843 0.705 236.085 3 245.843 31.82 0 0.76
43646 9 5 10 0 0.068 0.499 0.326 0.843 0.705 226.993 1 244.438 29.533 0 0.733
43646 10 5 10 0 0.068 0.499 0.326 0.843 0.705 234.813 2 244.618 37.88 0 0.72
43646 1 5 10 0 0.082 0.267 0.357 0.89 0.613 233.382 1 244.764 30.62 0 0.713
43646 2 5 10 0 0.082 0.267 0.357 0.89 0.613 235.683 0 245.449 28.567 0 0.713
43646 3 5 10 0 0.082 0.267 0.357 0.89 0.613 233.837 2 244.179 32.093 0 0.707
43646 4 5 10 0 0.082 0.267 0.357 0.89 0.613 236.906 1 244.814 30.653 0 0.74
43646 5 5 10 0 0.082 0.267 0.357 0.89 0.613 233.996 1 244.31 33.947 0 0.747
43646 6 5 10 0 0.082 0.267 0.357 0.89 0.613 232.776 1 245.177 30.093 0 0.767
43646 7 5 10 0 0.082 0.267 0.357 0.89 0.613 225.785 3 243.36 35.76 0 0.707
43646 8 5 10 0 0.082 0.267 0.357 0.89 0.613 237.454 1 245.105 29.527 0 0.72
43646 9 5 10 0 0.082 0.267 0.357 0.89 0.613 236.308 2 244.834 27.747 0 0.733
43646 10 5 10 0 0.082 0.267 0.357 0.89 0.613 233.368 2 243.791 34.147 0 0.693
43646 1 5 10 0 0.077 0.42 0.258 0.93 0.143 230.422 204 242.4 1175.96 0 0
43646 2 5 10 0 0.077 0.42 0.258 0.93 0.143 228.865 504 243.475 1246.947 0 0
43646 3 5 10 0 0.077 0.42 0.258 0.93 0.143 231.705 24 243.235 1166.64 0 0
43646 1 5 9 0 0.05 0.066 0.364 0.976 0.34 235.903 0 245.518 36.78 0 0.673
43646 2 5 9 0 0.05 0.066 0.364 0.976 0.34 234.168 2 243.85 35.853 0 0.707
43646 3 5 9 0 0.05 0.066 0.364 0.976 0.34 181.764 4 206.226 30.527 0 0.58
43646 4 5 9 0 0.05 0.066 0.364 0.976 0.34 233.372 1 245.034 34.04 0 0.787
43646 5 5 9 0 0.05 0.066 0.364 0.976 0.34 235.396 3 245.434 33.233 0 0.707
43646 6 5 9 0 0.05 0.066 0.364 0.976 0.34 233.639 0 243.63 26.713 0 0.693
43646 7 5 9 0 0.05 0.066 0.364 0.976 0.34 232.408 4 243.377 30.56 0 0.747
43646 8 5 9 0 0.05 0.066 0.364 0.976 0.34 234.745 1 244.446 32.047 0 0.673
43646 9 5 9 0 0.05 0.066 0.364 0.976 0.34 235.356 1 245.526 33.413 0 0.753
43646 10 5 9 0 0.05 0.066 0.364 0.976 0.34 233.177 3 243.281 30.913 0 0.713
43646 1 5 9 0 0.086 0.31 0.44 0.886 0.78 233.078 2 244.675 33.06 0 0.78
43646 2 5 9 0 0.086 0.31 0.44 0.886 0.78 230.11 0 244.443 29.107 0 0.727
43646 3 5 9 0 0.086 0.31 0.44 0.886 0.78 231.31 1 244.433 30.327 0 0.727
43646 4 5 9 0 0.086 0.31 0.44 0.886 0.78 232.8 1 245.092 35.167 0 0.7
43646 5 5 9 0 0.086 0.31 0.44 0.886 0.78 235.174 0 244.849 25.7 0 0.76
43646 6 5 9 0 0.086 0.31 0.44 0.886 0.78 233.093 0 244.082 27.52 0 0.727
43646 7 5 9 0 0.086 0.31 0.44 0.886 0.78 238.103 1 245.637 31.8 0 0.74
43646 8 5 9 0 0.086 0.31 0.44 0.886 0.78 235.413 4 245.702 33.433 0 0.713
43646 9 5 9 0 0.086 0.31 0.44 0.886 0.78 228.803 1 244.039 30.687 0 0.693
43646 10 5 9 0 0.086 0.31 0.44 0.886 0.78 230.144 1 243.097 31.84 0 0.707
43646 1 5 9 0 0.083 0.496 0.455 0.937 0.66 231.453 2 245.097 33.727 0 0.733
43646 2 5 9 0 0.083 0.496 0.455 0.937 0.66 238.111 0 245.736 32.233 0 0.747
43646 3 5 9 0 0.083 0.496 0.455 0.937 0.66 232.16 1 244.257 26.893 0 0.673
43646 4 5 9 0 0.083 0.496 0.455 0.937 0.66 230.44 2 244.822 30.913 0 0.753
43646 5 5 9 0 0.083 0.496 0.455 0.937 0.66 234.804 2 245.129 34.56 0 0.713
43646 6 5 9 0 0.083 0.496 0.455 0.937 0.66 234.76 2 245.184 30.793 0 0.72
43646 7 5 9 0 0.083 0.496 0.455 0.937 0.66 230.982 0 244.323 35.9 0 0.72
43646 8 5 9 0 0.083 0.496 0.455 0.937 0.66 0 6 0.001 6 1 1
43646 9 5 9 0 0.083 0.496 0.455 0.937 0.66 231.911 3 244.427 36.047 0 0.693
43646 10 5 9 0 0.083 0.496 0.455 0.937 0.66 231.909 1 243.848 30.887 0 0.747
43646 1 5 9 0 0.055 0.386 0.445 0.93 0.754 233.637 1 244.419 34.307 0 0.68
43646 2 5 9 0 0.055 0.386 0.445 0.93 0.754 234.157 4 243.312 31.393 0 0.687
43646 3 5 9 0 0.055 0.386 0.445 0.93 0.754 236.524 2 244.604 28.047 0 0.687
43646 4 5 9 0 0.055 0.386 0.445 0.93 0.754 234.253 3 243.885 32.867 0 0.76
43646 5 5 9 0 0.055 0.386 0.445 0.93 0.754 237.406 3 246.508 29.953 0 0.793
43646 6 5 9 0 0.055 0.386 0.445 0.93 0.754 230.533 0 243.929 28.4 0 0.787
43646 7 5 9 0 0.055 0.386 0.445 0.93 0.754 231.792 2 243.303 28.327 0 0.707
43646 8 5 9 0 0.055 0.386 0.445 0.93 0.754 227.895 0 241.382 28.12 0 0.707
43646 9 5 9 0 0.055 0.386 0.445 0.93 0.754 234.614 4 245.382 33.02 0 0.72
43646 10 5 9 0 0.055 0.386 0.445 0.93 0.754 227.497 2 240.002 30.413 0 0.713
43646 1 5 9 0 0.046 0.359 0.318 0.796 0.151 222.64 2 237.991 689.307 0 0.153
43646 2 5 9 0 0.046 0.359 0.318 0.796 0.151 217.654 2 237.468 760.54 0 0.073
43646 3 5 9 0 0.046 0.359 0.318 0.796 0.151 225.823 3 239.754 785.6 0 0.087
43646 4 5 9 0 0.046 0.359 0.318 0.796 0.151 224.627 1 233.608 721.853 0 0.073
43646 5 5 9 0 0.046 0.359 0.318 0.796 0.151 222.77 3 233.817 715.147 0 0.033
43646 6 5 9 0 0.046 0.359 0.318 0.796 0.151 222.948 3 235.213 785.58 0 0.047
43646 7 5 9 0 0.046 0.359 0.318 0.796 0.151 217.739 3 234.3 683.693 0 0.1
43646 8 5 9 0 0.046 0.359 0.318 0.796 0.151 209.764 3 234.357 699.14 0 0.133
43646 9 5 9 0 0.046 0.359 0.318 0.796 0.151 229.915 3 240.512 759.447 0 0.033
43646 10 5 9 0 0.046 0.359 0.318 0.796 0.151 221.649 2 235.999 694.78 0 0.067
43646 1 5 9 0 0.056 0.321 0.329 0.979 0.472 224.1 3 234.325 72.107 0 0.553
43646 2 5 9 0 0.056 0.321 0.329 0.979 0.472 222.775 4 236.889 73.18 0 0.46
43646 3 5 9 0 0.056 0.321 0.329 0.979 0.472 226.437 4 236.742 67.613 0 0.46
43646 4 5 9 0 0.056 0.321 0.329 0.979 0.472 223.109 3 237.848 75.12 0 0.453
43646 5 5 9 0 0.056 0.321 0.329 0.979 0.472 225.395 5 237.11 77.927 0 0.54
43646 6 5 9 0 0.056 0.321 0.329 0.979 0.472 224.796 2 236.933 67.18 0 0.42
43646 7 5 9 0 0.056 0.321 0.329 0.979 0.472 220.634 4 233.628 75.947 0 0.42
43646 8 5 9 0 0.056 0.321 0.329 0.979 0.472 220.34 5 237.46 79.88 0 0.58
43646 9 5 9 0 0.056 0.321 0.329 0.979 0.472 217.813 3 238.375 73.927 0 0.56
43646 10 5 9 0 0.056 0.321 0.329 0.979 0.472 215.77 0 234.003 60.567 0 0.52
43646 1 5 9 0 0.036 0.026 0.179 0.902 0.938 237.66 1 245.918 31.76 0 0.733
43646 2 5 9 0 0.036 0.026 0.179 0.902 0.938 237.62 3 245.535 32.56 0 0.68
43646 3 5 9 0 0.036 0.026 0.179 0.902 0.938 234.487 0 243.502 28.04 0 0.713
43646 4 5 9 0 0.036 0.026 0.179 0.902 0.938 230.784 1 243.811 31.387 0 0.74
43646 5 5 9 0 0.036 0.026 0.179 0.902 0.938 233.431 2 244.212 30.793 0 0.733
43646 6 5 9 0 0.036 0.026 0.179 0.902 0.938 233.278 2 245.445 35.4 0 0.7
43646 7 5 9 0 0.036 0.026 0.179 0.902 0.938 222.417 2 240.023 30.113 0 0.733
43646 8 5 9 0 0.036 0.026 0.179 0.902 0.938 233.778 4 244.606 36.5 0 0.68
43646 9 5 9 0 0.036 0.026 0.179 0.902 0.938 228.927 1 244.579 33.1 0 0.667
43646 10 5 9 0 0.036 0.026 0.179 0.902 0.938 235.553 1 244.63 31 0 0.72
43646 1 5 9 0 0.078 0.009 0.481 0.805 0.325 229.66 3 245.072 39.38 0 0.68
43646 2 5 9 0 0.078 0.009 0.481 0.805 0.325 230.789 1 244.489 34.927 0 0.7
43646 3 5 9 0 0.078 0.009 0.481 0.805 0.325 233.146 5 244.506 42.613 0 0.687
43646 4 5 9 0 0.078 0.009 0.481 0.805 0.325 230.531 4 241.309 30.14 0 0.7
43646 5 5 9 0 0.078 0.009 0.481 0.805 0.325 233.517 4 244.116 32.093 0 0.747
43646 6 5 9 0 0.078 0.009 0.481 0.805 0.325 232.376 0 242.959 29.307 0 0.733
43646 7 5 9 0 0.078 0.009 0.481 0.805 0.325 234.834 4 244.897 36.667 0 0.707
43646 8 5 9 0 0.078 0.009 0.481 0.805 0.325 234.396 0 244.181 32.94 0 0.733
43646 9 5 9 0 0.078 0.009 0.481 0.805 0.325 228.766 1 244.08 35 0 0.693
43646 10 5 9 0 0.078 0.009 0.481 0.805 0.325 238.336 2 245.279 33.64 0 0.707
43646 1 5 9 0 0.007 0.204 0.384 0.956 0.185 210.876 3 221.436 203.913 0 0.26
43646 2 5 9 0 0.007 0.204 0.384 0.956 0.185 177.07 4 197.796 195.927 0 0.393
43646 3 5 9 0 0.007 0.204 0.384 0.956 0.185 217.93 2 225.94 208.72 0 0.247
43646 4 5 9 0 0.007 0.204 0.384 0.956 0.185 81.455 3 100.099 90.233 0 0.473
43646 5 5 9 0 0.007 0.204 0.384 0.956 0.185 193.23 1 207.251 174.713 0 0.373
43646 6 5 9 0 0.007 0.204 0.384 0.956 0.185 0 7 0.82 15.193 1 0.04
43646 7 5 9 0 0.007 0.204 0.384 0.956 0.185 0 4 0.136 4 1 1
43646 8 5 9 0 0.007 0.204 0.384 0.956 0.185 184.808 3 207.712 181.067 0 0.2
43646 9 5 9 0 0.007 0.204 0.384 0.956 0.185 190.06 1 215.192 175.633 0 0.353
43646 10 5 9 0 0.007 0.204 0.384 0.956 0.185 181.348 2 211.214 170.3 0 0.227
43646 1 5 9 0 0.119 0.248 0.429 0.803 0.34 224.781 3 239.995 38.027 0 0.667
43646 2 5 9 0 0.119 0.248 0.429 0.803 0.34 216.92 3 238.093 43.833 0 0.66
43646 3 5 9 0 0.119 0.248 0.429 0.803 0.34 226.023 1 238.094 43.007 0 0.633
43646 4 5 9 0 0.119 0.248 0.429 0.803 0.34 225.236 1 239.518 40.293 0 0.667
43646 5 5 9 0 0.119 0.248 0.429 0.803 0.34 214.636 2 234.356 42.273 0 0.593
43646 6 5 9 0 0.119 0.248 0.429 0.803 0.34 0 11 0.465 13.553 1 0
43646 7 5 9 0 0.119 0.248 0.429 0.803 0.34 223.846 6 237.777 44.1 0 0.527
43646 8 5 9 0 0.119 0.248 0.429 0.803 0.34 223.619 0 241.453 39.593 0 0.673
43646 9 5 9 0 0.119 0.248 0.429 0.803 0.34 226.83 4 240.034 35.893 0 0.66
43646 10 5 9 0 0.119 0.248 0.429 0.803 0.34 222.078 2 236.502 40.72 0 0.667
43646 1 5 9 0 0.04 0.266 0.075 0.796 0.749 222.221 2 234.019 47.427 0 0.407
43646 2 5 9 0 0.04 0.266 0.075 0.796 0.749 221.097 4 237.372 59.66 0 0.533
43646 3 5 9 0 0.04 0.266 0.075 0.796 0.749 228.939 3 239.785 52.727 0 0.507
43646 4 5 9 0 0.04 0.266 0.075 0.796 0.749 217.808 6 237.747 54.367 0 0.433
43646 5 5 9 0 0.04 0.266 0.075 0.796 0.749 220.058 0 237.574 43.833 0 0.513
43646 6 5 9 0 0.04 0.266 0.075 0.796 0.749 227.64 3 238.184 50.02 0 0.487
43646 1 5 10 0 0.033 0.451 0.298 0.909 0.489 220.729 2 235.878 74.707 0 0.553
43646 2 5 10 0 0.033 0.451 0.298 0.909 0.489 226.082 3 239.674 79.087 0 0.473
43646 3 5 10 0 0.033 0.451 0.298 0.909 0.489 224.741 2 239.17 76.547 0 0.433
43646 4 5 10 0 0.033 0.451 0.298 0.909 0.489 219.521 2 236.676 76.04 0 0.44
43646 5 5 10 0 0.033 0.451 0.298 0.909 0.489 216.027 0 233.52 77.593 0 0.367
43646 6 5 10 0 0.033 0.451 0.298 0.909 0.489 226.125 3 239.701 72.807 0 0.433
43646 7 5 10 0 0.033 0.451 0.298 0.909 0.489 0 4 0.082 4 1 1
43646 8 5 10 0 0.033 0.451 0.298 0.909 0.489 225.174 2 236.559 77.573 0 0.413
43646 9 5 10 0 0.033 0.451 0.298 0.909 0.489 221.687 2 236.906 81.12 0 0.62
43646 10 5 10 0 0.033 0.451 0.298 0.909 0.489 230.742 1 241.13 75.887 0 0.527
43646 1 5 10 0 0.065 0.488 0.359 0.87 0.625 233.512 3 243.543 34.273 0 0.72
43646 2 5 10 0 0.065 0.488 0.359 0.87 0.625 231.09 1 242.315 28.067 0 0.68
43646 3 5 10 0 0.065 0.488 0.359 0.87 0.625 236.058 0 244.941 32.807 0 0.667
43646 4 5 10 0 0.065 0.488 0.359 0.87 0.625 237.826 0 244.215 26.967 0 0.68
43646 5 5 10 0 0.065 0.488 0.359 0.87 0.625 234.577 0 242.6 31.167 0 0.693
43646 6 5 10 0 0.065 0.488 0.359 0.87 0.625 234.693 0 244.786 32.893 0 0.713
43646 7 5 10 0 0.065 0.488 0.359 0.87 0.625 230.436 1 244.899 37.307 0 0.7
43646 8 5 10 0 0.065 0.488 0.359 0.87 0.625 233.673 1 245.747 32.573 0 0.713
43646 9 5 10 0 0.065 0.488 0.359 0.87 0.625 234.483 2 245.166 30.873 0 0.727
43646 10 5 10 0 0.065 0.488 0.359 0.87 0.625 233.008 2 242.922 31.34 0 0.687
43646 1 5 10 0 0.003 0.282 0.459 0.874 0.077 137.935 3 152.414 299.94 0 0.14
43646 2 5 10 0 0.003 0.282 0.459 0.874 0.077 1.342 12 3.256 38.18 0.833 0
43646 3 5 10 0 0.003 0.282 0.459 0.874 0.077 123.57 4 138.163 299.153 0 0.067
43646 4 5 10 0 0.003 0.282 0.459 0.874 0.077 44.542 5 53.007 182.913 0 0.013
43646 5 5 10 0 0.003 0.282 0.459 0.874 0.077 109.079 0 123.427 272.327 0 0.04
43646 6 5 10 0 0.003 0.282 0.459 0.874 0.077 82.408 1 92.056 229.853 0 0.16
43646 7 5 10 0 0.003 0.282 0.459 0.874 0.077 119.596 4 131.914 306.02 0 0.107
43646 8 5 10 0 0.003 0.282 0.459 0.874 0.077 45.528 7 68.099 182.62 0 0.053
43646 9 5 10 0 0.003 0.282 0.459 0.874 0.077 105.485 2 114.847 273.473 0 0.133
43646 10 5 10 0 0.003 0.282 0.459 0.874 0.077 104.5 4 121.557 262.567 0 0.167
43646 1 5 10 0 0.006 0.326 0.377 0.981 0.102 179.79 5 191.948 399.827 0 0.193
43646 2 5 10 0 0.006 0.326 0.377 0.981 0.102 136.939 3 147.967 328.36 0 0.02
43646 3 5 10 0 0.006 0.326 0.377 0.981 0.102 85.663 7 94.958 267.367 0 0.02
43646 4 5 10 0 0.006 0.326 0.377 0.981 0.102 130.217 3 148.051 353.513 0 0.193
43646 5 5 10 0 0.006 0.326 0.377 0.981 0.102 126.787 3 140.592 320.1 0 0.12
43646 6 5 10 0 0.006 0.326 0.377 0.981 0.102 136.928 3 151.032 362.167 0 0.187
43646 7 5 10 0 0.006 0.326 0.377 0.981 0.102 176.913 0 190.513 436.54 0 0.147
43646 8 5 10 0 0.006 0.326 0.377 0.981 0.102 118.923 5 132.663 337.453 0 0.093
43646 9 5 10 0 0.006 0.326 0.377 0.981 0.102 123.819 3 134.422 334.78 0 0.12
43646 10 5 10 0 0.006 0.326 0.377 0.981 0.102 140.191 3 157.497 339.913 0 0.193
43646 1 5 10 0 0.044 0.417 0.288 0.956 0.627 231.792 1 241.579 44.933 0 0.573
43646 2 5 10 0 0.044 0.417 0.288 0.956 0.627 225.613 2 240.441 42.233 0 0.633
43646 3 5 10 0 0.044 0.417 0.288 0.956 0.627 230.813 4 239.541 45.327 0 0.607
43646 4 5 10 0 0.044 0.417 0.288 0.956 0.627 229.769 1 240.86 36.087 0 0.56
43646 5 5 10 0 0.044 0.417 0.288 0.956 0.627 230.064 1 242.228 43.087 0 0.547
43646 6 5 10 0 0.044 0.417 0.288 0.956 0.627 227.449 1 240.994 45.12 0 0.607
43646 7 5 10 0 0.044 0.417 0.288 0.956 0.627 231.498 1 241.025 39.44 0 0.573
43646 8 5 10 0 0.044 0.417 0.288 0.956 0.627 222.377 2 239.315 36.96 0 0.62
43646 9 5 10 0 0.044 0.417 0.288 0.956 0.627 228.025 3 241.007 42.407 0 0.633
43646 10 5 10 0 0.044 0.417 0.288 0.956 0.627 232.383 2 243.755 42.367 0 0.667
43646 1 5 10 0 0.054 0.29 0.059 0.873 0.383 230.822 118 242.274 1165.373 0 0
43646 2 5 10 0 0.054 0.29 0.059 0.873 0.383 231.833 3 242.561 997.533 0 0.027
43646 3 5 10 0 0.054 0.29 0.059 0.873 0.383 222.865 156 239.619 1061.153 0 0
43646 4 5 10 0 0.054 0.29 0.059 0.873 0.383 235.164 299 244.765 1208.82 0 0
43646 5 5 10 0 0.054 0.29 0.059 0.873 0.383 232.17 6 242.474 1054.56 0 0.053
43646 6 5 10 0 0.054 0.29 0.059 0.873 0.383 231.191 61 241.94 1119.813 0 0
43646 7 5 10 0 0.054 0.29 0.059 0.873 0.383 231.506 69 242.511 1169.953 0 0
43646 8 5 10 0 0.054 0.29 0.059 0.873 0.383 232.968 146 243.707 1274.487 0 0
43646 9 5 10 0 0.054 0.29 0.059 0.873 0.383 225.956 67 241.497 1109.16 0 0
43646 10 5 10 0 0.054 0.29 0.059 0.873 0.383 238.14 313 245.089 1414.167 0 0
43646 1 5 10 0 0.043 0.428 0.133 0.978 0.383 193.292 1 209.57 656.127 0 0.08
43646 2 5 10 0 0.043 0.428 0.133 0.978 0.383 190.962 1 200.53 523.273 0 0.013
43646 3 5 10 0 0.043 0.428 0.133 0.978 0.383 219.721 1 234.959 632.587 0 0.127
43646 4 5 10 0 0.043 0.428 0.133 0.978 0.383 224.775 4 237.125 633.287 0 0.08
43646 5 5 10 0 0.043 0.428 0.133 0.978 0.383 223.218 2 234.069 616.32 0 0.1
43646 6 5 10 0 0.043 0.428 0.133 0.978 0.383 223.16 2 235.731 591.147 0 0.133
43646 7 5 10 0 0.043 0.428 0.133 0.978 0.383 199.899 4 208.999 653.58 0 0.013
43646 8 5 10 0 0.043 0.428 0.133 0.978 0.383 216.033 3 237.782 686.847 0 0.12
43646 9 5 10 0 0.043 0.428 0.133 0.978 0.383 208.938 4 220.275 541.013 0 0.053
43646 10 5 10 0 0.043 0.428 0.133 0.978 0.383 212.002 2 224.342 643.267 0 0.04
43646 1 5 10 0 0.108 0.02 0.197 0.886 0.933 232.966 0 242.735 26.033 0 0.713
43646 2 5 10 0 0.108 0.02 0.197 0.886 0.933 236.094 2 244.506 31.247 0 0.68
43646 3 5 10 0 0.108 0.02 0.197 0.886 0.933 235.569 0 242.368 30.633 0 0.7
43646 4 5 10 0 0.108 0.02 0.197 0.886 0.933 235.149 0 245.331 31.573 0 0.727
43646 5 5 10 0 0.108 0.02 0.197 0.886 0.933 232.536 1 245.98 35.013 0 0.687
43646 6 5 10 0 0.108 0.02 0.197 0.886 0.933 234.901 2 245.352 32.147 0 0.773
43646 7 5 10 0 0.108 0.02 0.197 0.886 0.933 232.6 2 245.776 31.553 0 0.767
43646 8 5 10 0 0.108 0.02 0.197 0.886 0.933 231.637 1 244.19 30.707 0 0.687
43646 9 5 10 0 0.108 0.02 0.197 0.886 0.933 238.56 1 245.819 29.547 0 0.74
43646 10 5 10 0 0.108 0.02 0.197 0.886 0.933 227.861 1 245.247 30.447 0 0.72
43646 1 5 10 0 0.018 0.06 0.218 0.848 0.104 178.677 1 193.724 279.153 0 0.313
43646 2 5 10 0 0.018 0.06 0.218 0.848 0.104 172.225 2 185.197 329.42 0 0.2
43646 3 5 10 0 0.018 0.06 0.218 0.848 0.104 190.255 1 210.998 337.173 0 0.233
43646 4 5 10 0 0.018 0.06 0.218 0.848 0.104 171.543 1 181.99 320.08 0 0.207
43646 5 5 10 0 0.018 0.06 0.218 0.848 0.104 206.055 2 219.76 353.553 0 0.32
43646 6 5 10 0 0.018 0.06 0.218 0.848 0.104 172.221 1 184.894 293.567 0 0.227
43646 7 5 10 0 0.018 0.06 0.218 0.848 0.104 152.282 2 172.355 308.073 0 0.22
43646 8 5 10 0 0.018 0.06 0.218 0.848 0.104 181.57 1 196.632 275.18 0 0.32
43646 9 5 10 0 0.018 0.06 0.218 0.848 0.104 175.214 4 194.288 299.42 0 0.22
43646 10 5 10 0 0.018 0.06 0.218 0.848 0.104 11.138 4 37.875 64.713 0 0.227
43646 1 5 10 0 0.005 0.445 0.456 0.812 0.982 231.464 1 245.604 35.807 0 0.72
43646 2 5 10 0 0.005 0.445 0.456 0.812 0.982 233.368 2 245.027 34.773 0 0.727
43646 3 5 10 0 0.005 0.445 0.456 0.812 0.982 234.282 0 243.444 30.8 0 0.733
43646 4 5 10 0 0.005 0.445 0.456 0.812 0.982 231.472 1 245.128 31.42 0 0.76
43646 5 5 10 0 0.005 0.445 0.456 0.812 0.982 234.376 1 243.977 28.22 0 0.753
43646 6 5 10 0 0.005 0.445 0.456 0.812 0.982 232.449 0 245.717 30.527 0 0.747
43646 7 5 10 0 0.005 0.445 0.456 0.812 0.982 236.632 0 246.004 30.633 0 0.733
43646 8 5 10 0 0.005 0.445 0.456 0.812 0.982 235.916 2 245.951 36.533 0 0.747
43646 9 5 10 0 0.005 0.445 0.456 0.812 0.982 229.708 0 244.773 34.527 0 0.747
43646 10 5 10 0 0.005 0.445 0.456 0.812 0.982 233.093 0 244.854 33.093 0 0.747
43646 1 5 10 0 0.099 0.321 0.335 0.892 0.133 221.246 4 239.418 918.68 0 0.087
43646 2 5 10 0 0.099 0.321 0.335 0.892 0.133 232.697 2 240.784 1007.853 0 0.04
43646 3 5 10 0 0.099 0.321 0.335 0.892 0.133 230.377 2 243.198 1087.48 0 0.053
43646 4 5 10 0 0.099 0.321 0.335 0.892 0.133 228.193 37 239.737 994.487 0 0
43646 1 5 8 1 0.105 0.072 0.346 0.929 0.04 236.263 828 242.185 1065.8 0 0
43646 2 5 8 1 0.105 0.072 0.346 0.929 0.04 201.299 527 204.503 749 0 0
43646 3 5 8 1 0.105 0.072 0.346 0.929 0.04 235.423 824 243.05 1135.28 0 0
43646 4 5 8 1 0.105 0.072 0.346 0.929 0.04 224.652 654 233.872 937.447 0 0
43646 5 5 8 1 0.105 0.072 0.346 0.929 0.04 239.542 645 246.166 1065.507 0 0
43646 6 5 8 1 0.105 0.072 0.346 0.929 0.04 168.915 562 173.339 745.4 0 0
43646 7 5 8 1 0.105 0.072 0.346 0.929 0.04 242.337 916 247.038 1197.127 0 0
43646 8 5 8 1 0.105 0.072 0.346 0.929 0.04 198.091 377 203.89 898.307 0 0
43646 9 5 8 1 0.105 0.072 0.346 0.929 0.04 204.172 662 208.595 860.173 0 0
43646 10 5 8 1 0.105 0.072 0.346 0.929 0.04 239.562 805 245.21 1056.907 0 0
43646 1 5 8 1 0.017 0.388 0.196 0.762 0.946 208.033 4 221.964 27.327 0 0.727
43646 2 5 8 1 0.017 0.388 0.196 0.762 0.946 0 9 0.011 10.113 1 0.76
43646 3 5 8 1 0.017 0.388 0.196 0.762 0.946 221.826 1 238.15 26.853 0 0.7
43646 4 5 8 1 0.017 0.388 0.196 0.762 0.946 229.563 2 243.616 24.447 0 0.753
43646 5 5 8 1 0.017 0.388 0.196 0.762 0.946 184.708 8 201.797 27.553 0 0.507
43646 6 5 8 1 0.017 0.388 0.196 0.762 0.946 234.581 0 245.373 30.007 0 0.74
43646 7 5 8 1 0.017 0.388 0.196 0.762 0.946 199.184 5 205.235 25.487 0 0.653
43646 8 5 8 1 0.017 0.388 0.196 0.762 0.946 0 5 0.085 5 1 1
43646 9 5 8 1 0.017 0.388 0.196 0.762 0.946 0.895 13 1.689 26.4 1 0
43646 10 5 8 1 0.017 0.388 0.196 0.762 0.946 234.296 4 243.845 35.467 0 0.66
43646 1 5 8 1 0.093 0.12 0.178 0.876 0.694 0 7 0 7 1 1
43646 2 5 8 1 0.093 0.12 0.178 0.876 0.694 0.348 13 1.345 26.147 1 0
43646 3 5 8 1 0.093 0.12 0.178 0.876 0.694 0 12 0.13 12 1 0
43646 4 5 8 1 0.093 0.12 0.178 0.876 0.694 0.448 15 1.6 29.2 1 0
43646 5 5 8 1 0.093 0.12 0.178 0.876 0.694 0.05 10 0.981 16.067 1 0
43646 6 5 8 1 0.093 0.12 0.178 0.876 0.694 0.574 9 2.809 28.227 0.96 0.033
43646 7 5 8 1 0.093 0.12 0.178 0.876 0.694 0 15 0.376 17.28 1 0
43646 8 5 8 1 0.093 0.12 0.178 0.876 0.694 0 4 0 4 1 1
43646 9 5 8 1 0.093 0.12 0.178 0.876 0.694 0 9 0.011 9 1 1
43646 10 5 8 1 0.093 0.12 0.178 0.876 0.694 0.05 8 1.901 25.62 1 0.04
43646 1 5 8 1 0.018 0.007 0.246 0.852 0.919 0 9 0.21 9.88 1 0.333
43646 2 5 8 1 0.018 0.007 0.246 0.852 0.919 198.846 3 206.544 22.74 0 0.653
43646 3 5 8 1 0.018 0.007 0.246 0.852 0.919 0.1 8 0.221 8 1 1
43646 4 5 8 1 0.018 0.007 0.246 0.852 0.919 150.648 4 162.053 29.2 0 0.447
43646 5 5 8 1 0.018 0.007 0.246 0.852 0.919 54.609 8 69.674 26.947 0 0.133
43646 6 5 8 1 0.018 0.007 0.246 0.852 0.919 0 11 0.043 11 1 0
43646 7 5 8 1 0.018 0.007 0.246 0.852 0.919 228.011 1 242.805 28.767 0 0.667
43646 8 5 8 1 0.018 0.007 0.246 0.852 0.919 0 11 0.08 11 1 0
43646 9 5 8 1 0.018 0.007 0.246 0.852 0.919 0 10 0.025 10 1 0
43646 10 5 8 1 0.018 0.007 0.246 0.852 0.919 230.003 1 243.412 29.153 0 0.8
43646 1 5 8 1 0.091 0.16 0.176 0.915 0.476 0 13 0.184 13 1 0
43646 2 5 8 1 0.091 0.16 0.176 0.915 0.476 0.746 7 2.378 27.293 0.967 0.04
43646 3 5 8 1 0.091 0.16 0.176 0.915 0.476 0.597 16 1.609 30.987 1 0
43646 4 5 8 1 0.091 0.16 0.176 0.915 0.476 0.447 10 1.583 27.493 1 0
43646 5 5 8 1 0.091 0.16 0.176 0.915 0.476 16.066 19 19.38 67.147 0 0
43646 6 5 8 1 0.091 0.16 0.176 0.915 0.476 0 11 0.096 11 1 0
43646 7 5 8 1 0.091 0.16 0.176 0.915 0.476 0.796 19 3.333 36.207 0.88 0
43646 8 5 8 1 0.091 0.16 0.176 0.915 0.476 0.547 10 1.667 27.173 1 0
43646 9 5 8 1 0.091 0.16 0.176 0.915 0.476 46.551 11 51.466 69.68 0 0
43646 10 5 8 1 0.091 0.16 0.176 0.915 0.476 0.547 10 2.285 27.007 1 0
43646 1 5 8 1 0.09 0.465 0.436 0.8 0.717 21.872 9 26.953 24.667 0 0.06
43646 2 5 8 1 0.09 0.465 0.436 0.8 0.717 230.333 2 243.975 31.653 0 0.753
43646 3 5 8 1 0.09 0.465 0.436 0.8 0.717 24.972 9 33.789 25.013 0 0.107
43646 4 5 8 1 0.09 0.465 0.436 0.8 0.717 216.523 2 228.191 28.973 0 0.647
43646 5 5 8 1 0.09 0.465 0.436 0.8 0.717 0 13 0.078 13 1 0
43646 6 5 8 1 0.09 0.465 0.436 0.8 0.717 194.611 5 209.336 25.34 0 0.673
43646 7 5 8 1 0.09 0.465 0.436 0.8 0.717 229.079 2 241.761 30.233 0 0.753
43646 8 5 8 1 0.09 0.465 0.436 0.8 0.717 186.821 2 194.903 20.447 0 0.707
43646 9 5 8 1 0.09 0.465 0.436 0.8 0.717 86.873 10 98.073 25.393 0 0
43646 10 5 8 1 0.09 0.465 0.436 0.8 0.717 227.038 3 242.969 33.033 0 0.7
43646 1 5 8 1 0.107 0.02 0.462 0.902 0.538 226.766 4 240.28 32.127 0 0.633
43646 2 5 8 1 0.107 0.02 0.462 0.902 0.538 187.01 3 198.425 21.16 0 0.68
43646 3 5 8 1 0.107 0.02 0.462 0.902 0.538 144.618 8 157.11 34.813 0 0.213
43646 4 5 8 1 0.107 0.02 0.462 0.902 0.538 226.423 2 243.919 28.813 0 0.733
43646 5 5 8 1 0.107 0.02 0.462 0.902 0.538 162.637 4 168.68 25.267 0 0.64
43646 6 5 8 1 0.107 0.02 0.462 0.902 0.538 228.112 1 240.542 30.893 0 0.74
43646 7 5 8 1 0.107 0.02 0.462 0.902 0.538 81.235 6 87.438 19.06 0 0.407
43646 8 5 8 1 0.107 0.02 0.462 0.902 0.538 104.264 7 125.998 24.92 0 0.267
43646 9 5 8 1 0.107 0.02 0.462 0.902 0.538 0 5 0.014 5 1 1
43646 10 5 8 1 0.107 0.02 0.462 0.902 0.538 227.865 0 242.773 30.273 0 0.673
43646 1 5 8 1 0.046 0.181 0.102 0.837 0.906 227.74 2 244.377 31.78 0 0.733
43646 2 5 8 1 0.046 0.181 0.102 0.837 0.906 219.551 4 234.48 27.787 0 0.693
43646 3 5 8 1 0.046 0.181 0.102 0.837 0.906 208.828 4 221.789 30.553 0 0.693
43646 4 5 8 1 0.046 0.181 0.102 0.837 0.906 198.945 4 211.298 25.64 0 0.633
43646 5 5 8 1 0.046 0.181 0.102 0.837 0.906 0 14 0.059 14 1 0
43646 6 5 8 1 0.046 0.181 0.102 0.837 0.906 218.022 4 241.743 31.68 0 0.653
43646 7 5 8 1 0.046 0.181 0.102 0.837 0.906 186.905 5 200.387 21.527 0 0.593
43646 8 5 8 1 0.046 0.181 0.102 0.837 0.906 229.928 4 241.863 31.387 0 0.7
43646 9 5 8 1 0.046 0.181 0.102 0.837 0.906 0.448 10 1.284 24.28 1 0
43646 10 5 8 1 0.046 0.181 0.102 0.837 0.906 214.07 2 229.564 29.1 0 0.7
43646 1 5 8 1 0.105 0.224 0.17 0.9 0.365 71.627 110 76.454 199.66 0 0
43646 2 5 8 1 0.105 0.224 0.17 0.9 0.365 80.401 119 85.195 231.553 0 0
43646 3 5 8 1 0.105 0.224 0.17 0.9 0.365 104.016 217 116.239 356.747 0 0
43646 4 5 8 1 0.105 0.224 0.17 0.9 0.365 103.882 165 109.459 327.14 0 0
43646 5 5 8 1 0.105 0.224 0.17 0.9 0.365 72.439 136 79.344 220.507 0 0
43646 6 5 8 1 0.105 0.224 0.17 0.9 0.365 85.182 112 89.416 233.887 0 0
43646 7 5 8 1 0.105 0.224 0.17 0.9 0.365 78.414 132 86.155 261.56 0 0
43646 8 5 8 1 0.105 0.224 0.17 0.9 0.365 111.367 204 123.63 348.167 0 0
43646 9 5 8 1 0.105 0.224 0.17 0.9 0.365 81.034 104 86.745 242.353 0 0
43646 10 5 8 1 0.105 0.224 0.17 0.9 0.365 69.1 83 78.701 192.587 0 0
43646 1 5 8 1 0.036 0.272 0.246 0.999 0.976 129.354 3 154.433 19.947 0 0.66
43646 2 5 8 1 0.036 0.272 0.246 0.999 0.976 0 9 0.035 9 1 1
43646 3 5 8 1 0.036 0.272 0.246 0.999 0.976 214.816 2 225.892 25.347 0 0.72
43646 4 5 8 1 0.036 0.272 0.246 0.999 0.976 231.595 5 242.664 32.347 0 0.707
43646 5 5 8 1 0.036 0.272 0.246 0.999 0.976 0 5 0.115 5 1 1
43646 6 5 8 1 0.036 0.272 0.246 0.999 0.976 104.61 7 110.816 19.427 0 0.287
43646 7 5 8 1 0.036 0.272 0.246 0.999 0.976 0.646 15 1.493 30.313 1 0
43646 8 5 8 1 0.036 0.272 0.246 0.999 0.976 195.322 7 204.592 28.353 0 0.547
43646 9 5 8 1 0.036 0.272 0.246 0.999 0.976 204.63 3 222.356 24.373 0 0.72
43646 10 5 8 1 0.036 0.272 0.246 0.999 0.976 0 10 0.081 10 1 0
43646 1 5 8 1 0.09 0.295 0.084 0.841 0.058 247.625 3587 249.661 4059.453 0 0
43646 2 5 8 1 0.09 0.295 0.084 0.841 0.058 247.408 2998 249.583 3687.327 0 0
43646 3 5 8 1 0.09 0.295 0.084 0.841 0.058 247.93 3125 249.64 3728.567 0 0
43646 4 5 8 1 0.09 0.295 0.084 0.841 0.058 248.596 3416 249.78 4299.013 0 0
43646 5 5 8 1 0.09 0.295 0.084 0.841 0.058 248.274 3448 249.636 3914.22 0 0
43646 1 5 4 0 0.007 0.414 0.477 0.804 0.784 0.647 13 2.408 34.193 1 0
43646 2 5 4 0 0.007 0.414 0.477 0.804 0.784 0.796 14 2.065 34.667 1 0
43646 3 5 4 0 0.007 0.414 0.477 0.804 0.784 0.995 15 2.647 35.3 1 0
43646 4 5 4 0 0.007 0.414 0.477 0.804 0.784 0.845 19 2.536 37.247 0.987 0
43646 5 5 4 0 0.007 0.414 0.477 0.804 0.784 1.143 9 3.184 32.127 0.907 0.013
43646 6 5 4 0 0.007 0.414 0.477 0.804 0.784 0.05 10 0.211 10.14 1 0
43646 7 5 4 0 0.007 0.414 0.477 0.804 0.784 0 11 0.094 11.913 1 0
43646 8 5 4 0 0.007 0.414 0.477 0.804 0.784 1.143 16 2.573 34.54 0.987 0
43646 9 5 4 0 0.007 0.414 0.477 0.804 0.784 0.597 18 1.659 32.853 1 0
43646 10 5 4 0 0.007 0.414 0.477 0.804 0.784 0.745 10 1.549 24.587 1 0
43646 1 5 4 0 0.06 0.339 0.284 0.977 0.759 0.498 16 1.415 28.607 1 0
43646 2 5 4 0 0.06 0.339 0.284 0.977 0.759 0.945 17 2.155 34.347 1 0
43646 3 5 4 0 0.06 0.339 0.284 0.977 0.759 0.596 5 2.198 23.18 1 0.087
43646 4 5 4 0 0.06 0.339 0.284 0.977 0.759 0 14 0.178 14 1 0
43646 5 5 4 0 0.06 0.339 0.284 0.977 0.759 0.746 12 3.188 32.893 1 0
43646 6 5 4 0 0.06 0.339 0.284 0.977 0.759 0 12 0.097 12 1 0
43646 7 5 4 0 0.06 0.339 0.284 0.977 0.759 0.846 18 2.401 32.167 1 0
43646 8 5 4 0 0.06 0.339 0.284 0.977 0.759 0.768 15 2.793 30.393 1 0
43646 9 5 4 0 0.06 0.339 0.284 0.977 0.759 1.49 13 2.582 34.54 1 0
43646 10 5 4 0 0.06 0.339 0.284 0.977 0.759 0.895 7 3.048 27.553 0.927 0.06
43646 1 5 4 0 0.053 0.126 0.256 0.881 0.855 1.194 7 3.333 29.307 0.8 0.027
43646 2 5 4 0 0.053 0.126 0.256 0.881 0.855 0.932 17 2.885 31.793 1 0
43646 3 5 4 0 0.053 0.126 0.256 0.881 0.855 1.728 13 2.778 32.02 1 0
43646 4 5 4 0 0.053 0.126 0.256 0.881 0.855 0.746 17 1.944 32.833 1 0
43646 5 5 4 0 0.053 0.126 0.256 0.881 0.855 0.05 18 0.536 22.667 1 0
43646 6 5 4 0 0.053 0.126 0.256 0.881 0.855 0.647 7 2.47 23.707 0.92 0.06
43646 7 5 4 0 0.053 0.126 0.256 0.881 0.855 1.342 18 2.138 34.7 1 0
43646 8 5 4 0 0.053 0.126 0.256 0.881 0.855 0 4 0 4 1 1
43646 9 5 4 0 0.053 0.126 0.256 0.881 0.855 0.398 18 0.979 29.313 1 0
43646 10 5 4 0 0.053 0.126 0.256 0.881 0.855 0.785 11 2.696 30.02 1 0
43646 1 5 4 0 0.006 0.263 0.049 0.752 0.714 0.249 14 3.297 34.347 0.987 0
43646 2 5 4 0 0.006 0.263 0.049 0.752 0.714 0.447 14 2.296 29.86 0.993 0
43646 3 5 4 0 0.006 0.263 0.049 0.752 0.714 0.597 23 2.09 37.307 1 0
43646 4 5 4 0 0.006 0.263 0.049 0.752 0.714 1.193 16 2.11 33.033 1 0
43646 5 5 4 0 0.006 0.263 0.049 0.752 0.714 0.945 17 3.041 38.907 0.987 0
43646 6 5 4 0 0.006 0.263 0.049 0.752 0.714 0.796 10 2.169 30.307 1 0
43646 7 5 4 0 0.006 0.263 0.049 0.752 0.714 0 8 0.046 8 1 1
43646 8 5 4 0 0.006 0.263 0.049 0.752 0.714 1.342 17 2.72 35.56 0.993 0
43646 9 5 4 0 0.006 0.263 0.049 0.752 0.714 0 8 0.387 11.793 1 0.747
43646 10 5 4 0 0.006 0.263 0.049 0.752 0.714 4.096 18 6.433 42.02 0.107 0
43646 1 5 4 0 0.025 0.087 0.009 0.915 0.029 249.172 5837 249.929 6801.753 0 0
43646 2 5 4 0 0.025 0.087 0.009 0.915 0.029 249.504 6475 249.946 7688.787 0 0
43646 3 5 4 0 0.025 0.087 0.009 0.915 0.029 248.954 6077 249.874 7142.82 0 0
43646 4 5 4 0 0.025 0.087 0.009 0.915 0.029 249.203 6095 249.918 6842.88 0 0
43646 5 5 4 0 0.025 0.087 0.009 0.915 0.029 249.43 6402 249.961 7222.6 0 0
43646 6 5 4 0 0.025 0.087 0.009 0.915 0.029 248.901 7250 249.94 7960.567 0 0
43646 7 5 4 0 0.025 0.087 0.009 0.915 0.029 249.337 5997 249.929 7094.793 0 0
43646 8 5 4 0 0.025 0.087 0.009 0.915 0.029 249.26 5385 249.908 5898.793 0 0
43646 9 5 4 0 0.025 0.087 0.009 0.915 0.029 249.338 5548 249.897 6149 0 0
43646 10 5 4 0 0.025 0.087 0.009 0.915 0.029 248.632 5719 249.893 6286.34 0 0
43646 1 5 4 0 0.082 0.188 0.135 0.805 0.891 0.597 18 2.243 35.38 1 0
43646 2 5 4 0 0.082 0.188 0.135 0.805 0.891 0.1 14 0.446 19.38 1 0
43646 3 5 4 0 0.082 0.188 0.135 0.805 0.891 0.547 14 2.042 31.447 1 0
43646 4 5 4 0 0.082 0.188 0.135 0.805 0.891 1.093 10 2.579 31.347 1 0
43646 5 5 4 0 0.082 0.188 0.135 0.805 0.891 0 11 0.053 12.253 1 0
43646 6 5 4 0 0.082 0.188 0.135 0.805 0.891 0.249 8 1.347 24.293 1 0.047
43646 7 5 4 0 0.082 0.188 0.135 0.805 0.891 1.136 19 2.256 33.647 1 0
43646 8 5 4 0 0.082 0.188 0.135 0.805 0.891 0.696 5 2.026 23.54 1 0.113
43646 9 5 4 0 0.082 0.188 0.135 0.805 0.891 0.497 14 0.946 23.913 1 0
43646 10 5 4 0 0.082 0.188 0.135 0.805 0.891 1.094 14 2.501 33.38 1 0
43646 1 5 4 0 0.091 0.483 0.086 0.907 1 1.243 7 2.634 25.093 1 0.113
43646 2 5 4 0 0.091 0.483 0.086 0.907 1 0 10 0.582 16.847 1 0
43646 3 5 4 0 0.091 0.483 0.086 0.907 1 0 17 0.309 22.533 1 0
43646 4 5 4 0 0.091 0.483 0.086 0.907 1 0.896 11 2.012 27.173 1 0
43646 5 5 4 0 0.091 0.483 0.086 0.907 1 0.945 14 2.247 31.18 1 0
43646 6 5 4 0 0.091 0.483 0.086 0.907 1 0.697 11 1.878 27.027 1 0
43646 7 5 4 0 0.091 0.483 0.086 0.907 1 0.846 16 2.22 35.313 1 0
43646 8 5 4 0 0.091 0.483 0.086 0.907 1 0 5 0.127 5 1 1
43646 9 5 4 0 0.091 0.483 0.086 0.907 1 0.647 12 2.064 27.567 1 0
43646 10 5 4 0 0.091 0.483 0.086 0.907 1 0.846 14 2.163 32.287 1 0
43646 1 5 4 0 0.056 0.175 0.139 0.908 0.974 0.05 13 0.486 17.62 1 0
43646 2 5 4 0 0.056 0.175 0.139 0.908 0.974 0.249 15 0.847 23.74 1 0
43646 3 5 4 0 0.056 0.175 0.139 0.908 0.974 0.746 20 1.552 34.213 1 0
43646 4 5 4 0 0.056 0.175 0.139 0.908 0.974 0 11 0.266 13.027 1 0
43646 5 5 4 0 0.056 0.175 0.139 0.908 0.974 0.895 15 1.417 30.107 1 0
43646 6 5 4 0 0.056 0.175 0.139 0.908 0.974 0.796 8 2.081 27.42 1 0.053
43646 7 5 4 0 0.056 0.175 0.139 0.908 0.974 0 14 0.067 14 1 0
43646 8 5 4 0 0.056 0.175 0.139 0.908 0.974 0.05 10 0.593 14.76 1 0
43646 9 5 4 0 0.056 0.175 0.139 0.908 0.974 0 14 0.09 15.64 1 0
43646 10 5 4 0 0.056 0.175 0.139 0.908 0.974 0.894 17 2.428 33.88 1 0
43646 1 5 4 0 0.014 0.011 0.287 0.942 0.821 0.498 7 1.683 25.353 1 0.04
43646 2 5 4 0 0.014 0.011 0.287 0.942 0.821 0 7 0.03 7 1 1
43646 3 5 4 0 0.014 0.011 0.287 0.942 0.821 0.299 13 1.462 27.113 1 0
43646 4 5 4 0 0.014 0.011 0.287 0.942 0.821 0.646 10 1.34 24.953 1 0
43646 5 5 4 0 0.014 0.011 0.287 0.942 0.821 0.398 19 1.236 29.967 1 0
43646 6 5 4 0 0.014 0.011 0.287 0.942 0.821 0.745 16 2.415 31.967 1 0
43646 7 5 4 0 0.014 0.011 0.287 0.942 0.821 1.186 18 1.998 31.253 1 0
43646 8 5 4 0 0.014 0.011 0.287 0.942 0.821 0.696 15 2.042 29.9 1 0
43646 9 5 4 0 0.014 0.011 0.287 0.942 0.821 0.05 16 1.194 26.18 1 0
43646 10 5 4 0 0.014 0.011 0.287 0.942 0.821 0.249 14 1.777 25.553 1 0
43646 1 5 4 0 0.091 0.364 0.355 0.843 0.903 0.796 15 2.131 33.813 1 0
43646 2 5 4 0 0.091 0.364 0.355 0.843 0.903 1.641 16 2.938 36.407 0.947 0
43646 3 5 4 0 0.091 0.364 0.355 0.843 0.903 0 14 0.446 15.1 1 0
43646 4 5 4 0 0.091 0.364 0.355 0.843 0.903 0.348 12 1.745 29.82 1 0
43646 5 5 4 0 0.091 0.364 0.355 0.843 0.903 0.989 15 2.583 33.447 1 0
43646 6 5 4 0 0.091 0.364 0.355 0.843 0.903 1.077 12 2.637 31.633 1 0
43646 7 5 4 0 0.091 0.364 0.355 0.843 0.903 0 10 0.023 10 1 0
43646 8 5 4 0 0.091 0.364 0.355 0.843 0.903 0.646 13 1.487 26.08 1 0
43646 9 5 4 0 0.091 0.364 0.355 0.843 0.903 0.597 13 1.857 28.86 1 0
43646 10 5 4 0 0.091 0.364 0.355 0.843 0.903 1.194 14 1.803 30.233 1 0
43646 1 5 4 0 0.006 0.03 0.035 0.867 0.271 69.921 18 73.437 242.72 0 0
43646 2 5 4 0 0.006 0.03 0.035 0.867 0.271 77.952 7 88.332 219.673 0 0.073
43646 3 5 4 0 0.006 0.03 0.035 0.867 0.271 52.293 8 58.076 145.92 0 0.04
43646 4 5 4 0 0.006 0.03 0.035 0.867 0.271 73.01 14 81.927 269.76 0 0
43646 5 5 4 0 0.006 0.03 0.035 0.867 0.271 35.708 8 40.742 127.02 0 0.06
43646 6 5 4 0 0.006 0.03 0.035 0.867 0.271 63.627 15 70.128 212.7 0 0
43646 7 5 4 0 0.006 0.03 0.035 0.867 0.271 30.386 14 33.497 123.767 0 0
43646 8 5 4 0 0.006 0.03 0.035 0.867 0.271 59.468 27 63.867 206.207 0 0
43646 9 5 4 0 0.006 0.03 0.035 0.867 0.271 82.091 14 85.558 260.387 0 0
43646 10 5 4 0 0.006 0.03 0.035 0.867 0.271 73.581 12 80.354 251.88 0 0
43646 1 5 4 0 0.057 0.168 0.081 0.919 0.084 247.552 2476 249.336 2850.12 0 0
43646 2 5 4 0 0.057 0.168 0.081 0.919 0.084 247.175 2172 249.307 2675.013 0 0
43646 1 5 5 0 0.047 0.234 0.43 0.995 0.149 29.111 13 32.387 119.473 0 0
43646 2 5 5 0 0.047 0.234 0.43 0.995 0.149 0.149 13 1.055 27.353 1 0
43646 3 5 5 0 0.047 0.234 0.43 0.995 0.149 0 9 0.088 9 1 1
43646 4 5 5 0 0.047 0.234 0.43 0.995 0.149 62.807 8 70.93 187.42 0 0.027
43646 5 5 5 0 0.047 0.234 0.43 0.995 0.149 25.856 11 30 121.22 0 0
43646 6 5 5 0 0.047 0.234 0.43 0.995 0.149 28.926 9 32.447 117.04 0 0.007
43646 7 5 5 0 0.047 0.234 0.43 0.995 0.149 52.928 13 59.924 178.013 0 0
43646 8 5 5 0 0.047 0.234 0.43 0.995 0.149 34.863 13 40.822 148.32 0 0
43646 9 5 5 0 0.047 0.234 0.43 0.995 0.149 0.995 4 3.141 30.527 0.987 0.047
43646 10 5 5 0 0.047 0.234 0.43 0.995 0.149 25.484 9 32.394 149.207 0 0.013
43646 1 5 5 0 0.01 0.358 0.162 0.815 0.665 0.199 16 2.038 33.56 0.973 0
43646 2 5 5 0 0.01 0.358 0.162 0.815 0.665 0 10 0.436 12.993 1 0
43646 3 5 5 0 0.01 0.358 0.162 0.815 0.665 1.144 13 2.006 32.033 1 0
43646 4 5 5 0 0.01 0.358 0.162 0.815 0.665 1.144 14 2.691 33.493 0.993 0
43646 5 5 5 0 0.01 0.358 0.162 0.815 0.665 0.995 13 2.381 30.193 1 0
43646 6 5 5 0 0.01 0.358 0.162 0.815 0.665 1.242 10 2.296 26.847 1 0
43646 7 5 5 0 0.01 0.358 0.162 0.815 0.665 0.636 9 2.101 33.5 1 0.027
43646 8 5 5 0 0.01 0.358 0.162 0.815 0.665 1.144 13 2.606 29.36 0.973 0
43646 9 5 5 0 0.01 0.358 0.162 0.815 0.665 0.547 12 2.121 30.793 1 0
43646 10 5 5 0 0.01 0.358 0.162 0.815 0.665 0.348 15 1.378 28.413 1 0
43646 1 5 5 0 0.079 0.442 0.004 0.927 0.648 39.328 25 45.52 147.92 0 0
43646 2 5 5 0 0.079 0.442 0.004 0.927 0.648 37.67 29 46.265 146.927 0 0
43646 3 5 5 0 0.079 0.442 0.004 0.927 0.648 31.275 17 39.293 136.06 0 0
43646 4 5 5 0 0.079 0.442 0.004 0.927 0.648 38.164 26 43.203 147.54 0 0
43646 5 5 5 0 0.079 0.442 0.004 0.927 0.648 43.704 25 47.604 153.313 0 0
43646 6 5 5 0 0.079 0.442 0.004 0.927 0.648 46.47 37 52.157 154.727 0 0
43646 7 5 5 0 0.079 0.442 0.004 0.927 0.648 36.092 33 41.404 136.967 0 0
43646 8 5 5 0 0.079 0.442 0.004 0.927 0.648 37.763 28 43.477 131.8 0 0
43646 9 5 5 0 0.079 0.442 0.004 0.927 0.648 39.151 24 45.511 141.34 0 0
43646 10 5 5 0 0.079 0.442 0.004 0.927 0.648 44.47 30 51.341 157.033 0 0
43646 1 5 5 0 0.107 0.343 0.219 0.89 0.201 237.253 144 244.861 1150.473 0 0
43646 2 5 5 0 0.107 0.343 0.219 0.89 0.201 235.967 319 244.535 1256.52 0 0
43646 3 5 5 0 0.107 0.343 0.219 0.89 0.201 233.862 382 241.609 1105.393 0 0
43646 4 5 5 0 0.107 0.343 0.219 0.89 0.201 236.667 464 243.461 1111.86 0 0
43646 5 5 5 0 0.107 0.343 0.219 0.89 0.201 236.164 268 244.928 1174.067 0 0
43646 6 5 5 0 0.107 0.343 0.219 0.89 0.201 239.576 341 245.401 1454.28 0 0
43646 7 5 5 0 0.107 0.343 0.219 0.89 0.201 238.476 350 243.83 1095.373 0 0
43646 8 5 5 0 0.107 0.343 0.219 0.89 0.201 235.633 342 243.928 1145.14 0 0
43646 9 5 5 0 0.107 0.343 0.219 0.89 0.201 234.07 301 243.987 1093.633 0 0
43646 10 5 5 0 0.107 0.343 0.219 0.89 0.201 234.049 231 243.934 1118.707 0 0
43646 1 5 5 0 0.087 0.107 0.112 0.771 0.807 0 8 0.051 8 1 1
43646 2 5 5 0 0.087 0.107 0.112 0.771 0.807 0.249 10 1.839 25.72 1 0
43646 3 5 5 0 0.087 0.107 0.112 0.771 0.807 0.498 10 1.583 25.367 1 0
43646 4 5 5 0 0.087 0.107 0.112 0.771 0.807 0 13 0.497 16.24 1 0
43646 5 5 5 0 0.087 0.107 0.112 0.771 0.807 0.398 14 1.56 31.727 1 0
43646 6 5 5 0 0.087 0.107 0.112 0.771 0.807 0.199 16 0.999 23.693 1 0
43646 7 5 5 0 0.087 0.107 0.112 0.771 0.807 0.944 14 2.531 29.24 1 0
43646 8 5 5 0 0.087 0.107 0.112 0.771 0.807 0.348 14 1.515 28.527 1 0
43646 9 5 5 0 0.087 0.107 0.112 0.771 0.807 0.697 8 1.558 24.193 1 0.053
43646 10 5 5 0 0.087 0.107 0.112 0.771 0.807 0 5 0.718 11.487 1 0.627
43646 1 5 5 0 0.015 0.476 0.016 0.937 0.252 247.717 2751 249.663 3232.733 0 0
43646 2 5 5 0 0.015 0.476 0.016 0.937 0.252 247.73 2287 249.45 3129.407 0 0
43646 3 5 5 0 0.015 0.476 0.016 0.937 0.252 247.601 1980 249.232 2480.287 0 0
43646 4 5 5 0 0.015 0.476 0.016 0.937 0.252 247.554 2431 249.525 3034.127 0 0
43646 5 5 5 0 0.015 0.476 0.016 0.937 0.252 247.579 2094 249.425 2800.04 0 0
43646 6 5 5 0 0.015 0.476 0.016 0.937 0.252 247.207 2363 249.532 3105.427 0 0
43646 7 5 5 0 0.015 0.476 0.016 0.937 0.252 247.192 2243 249.452 2840.88 0 0
43646 8 5 5 0 0.015 0.476 0.016 0.937 0.252 247.275 2102 249.268 2487.833 0 0
43646 9 5 5 0 0.015 0.476 0.016 0.937 0.252 247.585 2422 249.474 2945.08 0 0
43646 10 5 5 0 0.015 0.476 0.016 0.937 0.252 247.041 2050 249.281 2852.88 0 0
43646 1 5 5 0 0.066 0.157 0.13 0.771 0.877 1.094 9 2.045 27.587 1 0.027
43646 2 5 5 0 0.066 0.157 0.13 0.771 0.877 0.547 16 1.712 32.573 1 0
43646 3 5 5 0 0.066 0.157 0.13 0.771 0.877 0 13 0.171 13 1 0
43646 4 5 5 0 0.066 0.157 0.13 0.771 0.877 0.05 11 0.978 19.76 1 0
43646 5 5 5 0 0.066 0.157 0.13 0.771 0.877 0.498 13 1.433 27.26 1 0
43646 6 5 5 0 0.066 0.157 0.13 0.771 0.877 1.292 12 2.967 29.52 0.94 0
43646 7 5 5 0 0.066 0.157 0.13 0.771 0.877 0 9 0.083 9 1 1
43646 8 5 5 0 0.066 0.157 0.13 0.771 0.877 0.498 10 1.624 30.2 1 0
43646 9 5 5 0 0.066 0.157 0.13 0.771 0.877 0.696 6 1.822 23.367 1 0.06
43646 10 5 5 0 0.066 0.157 0.13 0.771 0.877 0.597 12 2.523 31.907 1 0
43646 1 5 5 0 0.029 0.17 0.039 0.803 0.555 38.544 13 41.765 114.993 0 0
43646 2 5 5 0 0.029 0.17 0.039 0.803 0.555 18.787 14 22.226 71.54 0 0
43646 3 5 5 0 0.029 0.17 0.039 0.803 0.555 18.331 11 21.568 69.193 0 0
43646 4 5 5 0 0.029 0.17 0.039 0.803 0.555 33.64 7 42.652 119.693 0 0.027
43646 5 5 5 0 0.029 0.17 0.039 0.803 0.555 37.56 15 41.947 114.84 0 0
43646 6 5 5 0 0.029 0.17 0.039 0.803 0.555 20.222 9 22.648 70.993 0 0.027
43646 7 5 5 0 0.029 0.17 0.039 0.803 0.555 16.607 14 20.268 65.493 0 0
43646 8 5 5 0 0.029 0.17 0.039 0.803 0.555 42.729 12 46.805 110.047 0 0
43646 9 5 5 0 0.029 0.17 0.039 0.803 0.555 37.409 12 41.411 121.88 0 0
43646 10 5 5 0 0.029 0.17 0.039 0.803 0.555 36.236 6 41.633 101.347 0 0.027
43646 1 5 5 0 0.096 0.352 0.266 0.952 0.915 0.547 18 1.126 30.4 1 0
43646 2 5 5 0 0.096 0.352 0.266 0.952 0.915 0.746 12 2.307 30.307 0.98 0
43646 3 5 5 0 0.096 0.352 0.266 0.952 0.915 0.299 10 1.261 24.66 1 0
43646 4 5 5 0 0.096 0.352 0.266 0.952 0.915 0.448 12 1.551 28.567 1 0
43646 5 5 5 0 0.096 0.352 0.266 0.952 0.915 0.05 11 0.33 15.213 1 0
43646 6 5 5 0 0.096 0.352 0.266 0.952 0.915 1.193 13 2.599 32.747 1 0
43646 7 5 5 0 0.096 0.352 0.266 0.952 0.915 1.491 15 3.399 33.613 1 0
43646 8 5 5 0 0.096 0.352 0.266 0.952 0.915 0 11 0.526 14.813 1 0
43646 9 5 5 0 0.096 0.352 0.266 0.952 0.915 0.894 11 2.183 27.133 1 0
43646 10 5 5 0 0.096 0.352 0.266 0.952 0.915 0.05 13 0.707 22.94 1 0
43646 1 5 5 0 0.081 0.195 0.018 0.932 0.532 20.984 11 26.263 72.807 0 0
43646 2 5 5 0 0.081 0.195 0.018 0.932 0.532 35.654 11 45.664 135.053 0 0
43646 3 5 5 0 0.081 0.195 0.018 0.932 0.532 53.873 7 62.157 136.753 0 0.067
43646 4 5 5 0 0.081 0.195 0.018 0.932 0.532 47.159 8 55.464 121.74 0 0.02
43646 5 5 5 0 0.081 0.195 0.018 0.932 0.532 39.636 13 46.326 143.533 0 0
43646 6 5 5 0 0.081 0.195 0.018 0.932 0.532 42.419 17 47.683 127.433 0 0
43646 7 5 5 0 0.081 0.195 0.018 0.932 0.532 44.721 9 52.99 145.687 0 0.007
43646 8 5 5 0 0.081 0.195 0.018 0.932 0.532 44.756 10 53.13 129.187 0 0
43646 9 5 5 0 0.081 0.195 0.018 0.932 0.532 39.15 11 45.299 112.987 0 0
43646 10 5 5 0 0.081 0.195 0.018 0.932 0.532 41.914 11 53.102 114.24 0 0
43646 1 5 5 0 0.118 0.433 0.352 0.962 0.358 4.877 11 7.826 48.353 0.013 0
43646 2 5 5 0 0.118 0.433 0.352 0.962 0.358 21.433 19 24.835 93.32 0 0
43646 3 5 5 0 0.118 0.433 0.352 0.962 0.358 21.594 12 27.8 84.287 0 0
43646 4 5 5 0 0.118 0.433 0.352 0.962 0.358 41.308 6 48.336 127.127 0 0.113
43646 5 5 5 0 0.118 0.433 0.352 0.962 0.358 0 9 0.104 9 1 1
43646 6 5 5 0 0.118 0.433 0.352 0.962 0.358 0.894 16 2.02 30.667 1 0
43646 7 5 5 0 0.118 0.433 0.352 0.962 0.358 12.322 15 19.283 90.747 0 0
43646 8 5 5 0 0.118 0.433 0.352 0.962 0.358 20.837 11 24.241 59.713 0 0
43646 9 5 5 0 0.118 0.433 0.352 0.962 0.358 20.07 15 23.078 84.173 0 0
43646 10 5 5 0 0.118 0.433 0.352 0.962 0.358 1.094 13 2.738 35.613 1 0
43646 1 5 5 0 0.015 0.259 0.049 0.909 0.32 236.175 499 244.779 1329.733 0 0
43646 2 5 5 0 0.015 0.259 0.049 0.909 0.32 234.928 345 242.206 1220.46 0 0
43646 3 5 5 0 0.015 0.259 0.049 0.909 0.32 232.385 87 242.493 1074.147 0 0
43646 4 5 5 0 0.015 0.259 0.049 0.909 0.32 236.116 404 244.263 1295.647 0 0
43646 5 5 5 0 0.015 0.259 0.049 0.909 0.32 233.966 546 243.907 1087.093 0 0
43646 6 5 5 0 0.015 0.259 0.049 0.909 0.32 232.911 404 242.773 1230.86 0 0
43646 7 5 5 0 0.015 0.259 0.049 0.909 0.32 230.204 466 240.397 1194.933 0 0
43646 8 5 5 0 0.015 0.259 0.049 0.909 0.32 233.585 321 244.063 1235.853 0 0
43646 9 5 5 0 0.015 0.259 0.049 0.909 0.32 228.803 34 242.782 1190.487 0 0
43646 10 5 5 0 0.015 0.259 0.049 0.909 0.32 233.976 176 243.881 1191.56 0 0
43646 1 5 5 0 0.067 0.302 0.128 0.831 0.646 1.093 6 1.969 25.927 1 0.113
43646 2 5 5 0 0.067 0.302 0.128 0.831 0.646 0.647 10 1.658 25.327 1 0
43646 3 5 5 0 0.067 0.302 0.128 0.831 0.646 0.845 13 1.938 27.653 1 0
43646 4 5 5 0 0.067 0.302 0.128 0.831 0.646 1.293 15 3.117 36.207 0.893 0
43646 5 5 5 0 0.067 0.302 0.128 0.831 0.646 1.141 17 2.04 32.053 1 0
43646 6 5 5 0 0.067 0.302 0.128 0.831 0.646 0 7 0.03 7 1 1
43646 7 5 5 0 0.067 0.302 0.128 0.831 0.646 0 15 0.04 15 1 0
43646 8 5 5 0 0.067 0.302 0.128 0.831 0.646 0 10 0.201 10.033 1 0
43646 9 5 5 0 0.067 0.302 0.128 0.831 0.646 0.796 12 1.717 25.547 1 0
43646 10 5 5 0 0.067 0.302 0.128 0.831 0.646 0.348 13 2.079 29.847 1 0
43646 1 5 5 0 0.07 0.137 0.48 0.794 0.088 61.08 7 70.144 203.547 0 0.067
43646 2 5 5 0 0.07 0.137 0.48 0.794 0.088 27.27 8 32.066 94.1 0 0.04
43646 3 5 5 0 0.07 0.137 0.48 0.794 0.088 0 10 0.213 11.207 1 0
43646 4 5 5 0 0.07 0.137 0.48 0.794 0.088 36.492 10 47.85 135.767 0 0
43646 5 5 5 0 0.07 0.137 0.48 0.794 0.088 67.816 7 71.807 215.073 0 0.02
43646 6 5 5 0 0.07 0.137 0.48 0.794 0.088 65.327 15 69.948 199.073 0 0
43646 7 5 5 0 0.07 0.137 0.48 0.794 0.088 36.779 11 39.495 128.5 0 0
43646 8 5 5 0 0.07 0.137 0.48 0.794 0.088 47.508 12 55.014 167.527 0 0
43646 9 5 5 0 0.07 0.137 0.48 0.794 0.088 62.018 4 68.535 232.853 0 0.033
43646 10 5 5 0 0.07 0.137 0.48 0.794 0.088 59.321 29 69.994 214.707 0 0
43646 1 5 5 0 0.079 0.177 0.354 0.775 0.537 1.144 18 1.924 33.353 1 0
43646 2 5 5 0 0.079 0.177 0.354 0.775 0.537 0.448 18 1.225 29.12 1 0
43646 3 5 5 0 0.079 0.177 0.354 0.775 0.537 1.094 6 2.133 25.027 1 0.04
43646 4 5 5 0 0.079 0.177 0.354 0.775 0.537 1.194 13 2.242 30.6 1 0
43646 5 5 5 0 0.079 0.177 0.354 0.775 0.537 0 9 0.006 9 1 1
43646 6 5 5 0 0.079 0.177 0.354 0.775 0.537 0 8 0.098 8 1 1
43646 7 5 5 0 0.079 0.177 0.354 0.775 0.537 0 13 0.092 13 1 0
43646 8 5 5 0 0.079 0.177 0.354 0.775 0.537 0 12 0.019 12 1 0
43646 9 5 5 0 0.079 0.177 0.354 0.775 0.537 0.796 7 2.231 25.767 1 0.053
43646 10 5 5 0 0.079 0.177 0.354 0.775 0.537 0.439 14 1.464 25.58 1 0
43646 1 5 5 0 0.079 0.068 0.35 0.876 0.107 24.495 13 27.543 114.133 0 0
43646 2 5 5 0 0.079 0.068 0.35 0.876 0.107 0.796 11 2.228 31.893 1 0
43646 3 5 5 0 0.079 0.068 0.35 0.876 0.107 20.594 15 23.895 88.913 0 0
43646 4 5 5 0 0.079 0.068 0.35 0.876 0.107 13.124 11 21.347 100.513 0 0
43646 5 5 5 0 0.079 0.068 0.35 0.876 0.107 1.954 15 3.078 35.86 1 0
43646 6 5 5 0 0.079 0.068 0.35 0.876 0.107 26.976 17 30.329 101.333 0 0
43646 7 5 5 0 0.079 0.068 0.35 0.876 0.107 0.498 10 2.494 30.433 1 0
43646 8 5 5 0 0.079 0.068 0.35 0.876 0.107 24.666 16 29.002 98.733 0 0
43646 9 5 5 0 0.079 0.068 0.35 0.876 0.107 0.597 16 1.986 33.913 1 0
43646 10 5 5 0 0.079 0.068 0.35 0.876 0.107 4.059 10 7.304 47.207 0.127 0
43646 1 5 5 0 0.041 0.064 0.41 0.931 0.491 0.448 15 1.776 30.447 1 0
43646 2 5 5 0 0.041 0.064 0.41 0.931 0.491 1.193 18 2.115 29.74 1 0
43646 3 5 5 0 0.041 0.064 0.41 0.931 0.491 0.995 18 2.188 33.687 1 0
43646 4 5 5 0 0.041 0.064 0.41 0.931 0.491 0.199 10 1.454 28.527 1 0
43646 5 5 5 0 0.041 0.064 0.41 0.931 0.491 0.796 8 2.016 28.207 1 0.013
43646 6 5 5 0 0.041 0.064 0.41 0.931 0.491 0 10 0.04 10 1 0
43646 7 5 5 0 0.041 0.064 0.41 0.931 0.491 0.746 14 2.574 37.587 0.993 0
43646 8 5 5 0 0.041 0.064 0.41 0.931 0.491 0.199 10 1.673 23.767 1 0
43646 9 5 5 0 0.041 0.064 0.41 0.931 0.491 0 11 0.073 11 1 0
43646 10 5 5 0 0.041 0.064 0.41 0.931 0.491 0.795 9 2.04 26.193 1 0.02
43646 1 5 5 0 0.016 0.296 0.332 0.905 0.249 51.702 9 57.681 156.673 0 0.013
43646 2 5 5 0 0.016 0.296 0.332 0.905 0.249 21.55 13 25.594 91.113 0 0
43646 3 5 5 0 0.016 0.296 0.332 0.905 0.249 21.683 11 27.819 80.367 0 0
43646 4 5 5 0 0.016 0.296 0.332 0.905 0.249 49.912 14 55.916 156.98 0 0
43646 5 5 5 0 0.016 0.296 0.332 0.905 0.249 0 14 0.843 18.78 0.98 0
43646 6 5 5 0 0.016 0.296 0.332 0.905 0.249 45.313 9 55.12 150.387 0 0.007
43646 7 5 5 0 0.016 0.296 0.332 0.905 0.249 1.293 20 2.497 38.427 1 0
43646 8 5 5 0 0.016 0.296 0.332 0.905 0.249 25.474 5 29.183 71.467 0 0.04
43646 9 5 5 0 0.016 0.296 0.332 0.905 0.249 0 11 0.089 11 1 0
43646 10 5 5 0 0.016 0.296 0.332 0.905 0.249 26.686 18 31.646 111.06 0 0
43646 1 5 5 0 0.102 0.074 0.483 0.846 0.496 0.1 15 1.136 28.913 1 0
43646 2 5 5 0 0.102 0.074 0.483 0.846 0.496 0 13 0.859 20.64 1 0
43646 3 5 5 0 0.102 0.074 0.483 0.846 0.496 0.995 9 2.143 30.533 1 0.04
43646 4 5 5 0 0.102 0.074 0.483 0.846 0.496 1.044 15 2.273 33.467 1 0
43646 5 5 5 0 0.102 0.074 0.483 0.846 0.496 0 8 0.074 8 1 1
43646 6 5 5 0 0.102 0.074 0.483 0.846 0.496 0 13 0.871 19.027 1 0
43646 7 5 5 0 0.102 0.074 0.483 0.846 0.496 0.1 12 1.285 21.64 1 0
43646 8 5 5 0 0.102 0.074 0.483 0.846 0.496 0 17 0.695 23.16 1 0
43646 9 5 5 0 0.102 0.074 0.483 0.846 0.496 0 13 0.536 17.813 1 0
43646 10 5 5 0 0.102 0.074 0.483 0.846 0.496 0.498 11 1.696 30.213 1 0
43646 1 5 5 0 0.007 0.111 0.244 0.926 0.398 0.05 14 1.16 24.453 1 0
43646 2 5 5 0 0.007 0.111 0.244 0.926 0.398 0 9 0.222 9.52 1 0.92
43646 3 5 5 0 0.007 0.111 0.244 0.926 0.398 0.199 9 1.599 22.787 1 0.02
43646 4 5 5 0 0.007 0.111 0.244 0.926 0.398 0.299 11 1.11 21.067 1 0
43646 5 5 5 0 0.007 0.111 0.244 0.926 0.398 0.448 6 1.275 21.6 1 0.107
43646 6 5 5 0 0.007 0.111 0.244 0.926 0.398 0.995 14 2.119 31.387 1 0
43646 7 5 5 0 0.007 0.111 0.244 0.926 0.398 0.745 7 2.316 26.44 1 0.08
43646 8 5 5 0 0.007 0.111 0.244 0.926 0.398 0.895 9 2.327 30.753 1 0.007
43646 9 5 5 0 0.007 0.111 0.244 0.926 0.398 0.646 14 1.565 27.307 1 0
43646 10 5 5 0 0.007 0.111 0.244 0.926 0.398 0.1 10 0.884 22.153 1 0
43646 1 5 5 0 0.038 0.375 0.342 0.816 0.62 1.194 9 2.114 27.207 1 0.013
43646 2 5 5 0 0.038 0.375 0.342 0.816 0.62 0.447 14 1.508 29.1 1 0
43646 1 5 6 0 0.043 0.417 0.145 0.872 0.267 231.971 179 243.626 1198.9 0 0
43646 2 5 6 0 0.043 0.417 0.145 0.872 0.267 235.626 290 244.111 1114.2 0 0
43646 3 5 6 0 0.043 0.417 0.145 0.872 0.267 234.176 75 244.07 1065.513 0 0
43646 4 5 6 0 0.043 0.417 0.145 0.872 0.267 230.343 112 242.492 1036.54 0 0
43646 5 5 6 0 0.043 0.417 0.145 0.872 0.267 235.806 9 244.151 1121.56 0 0.007
43646 6 5 6 0 0.043 0.417 0.145 0.872 0.267 235.745 30 243.679 1061.32 0 0
43646 7 5 6 0 0.043 0.417 0.145 0.872 0.267 237.235 99 244.327 1111.9 0 0
43646 8 5 6 0 0.043 0.417 0.145 0.872 0.267 235.11 11 243.3 1047.433 0 0
43646 9 5 6 0 0.043 0.417 0.145 0.872 0.267 233.407 4 243.198 1028.173 0 0.04
43646 10 5 6 0 0.043 0.417 0.145 0.872 0.267 232.141 291 241.422 1010.64 0 0
43646 1 5 6 0 0.013 0.196 0.156 0.885 0.729 0.547 12 1.3 25.06 1 0
43646 2 5 6 0 0.013 0.196 0.156 0.885 0.729 0.944 12 2.478 29.887 1 0
43646 3 5 6 0 0.013 0.196 0.156 0.885 0.729 0.498 8 1.503 26.94 1 0.04
43646 4 5 6 0 0.013 0.196 0.156 0.885 0.729 0.696 11 2.155 28.9 1 0
43646 5 5 6 0 0.013 0.196 0.156 0.885 0.729 0 11 0.068 11 1 0
43646 6 5 6 0 0.013 0.196 0.156 0.885 0.729 0 13 0.448 18.907 1 0
43646 7 5 6 0 0.013 0.196 0.156 0.885 0.729 0.994 13 2.446 30.4 1 0
43646 8 5 6 0 0.013 0.196 0.156 0.885 0.729 0.696 9 1.42 25.507 1 0.027
43646 9 5 6 0 0.013 0.196 0.156 0.885 0.729 0.05 15 0.191 15 1 0
43646 10 5 6 0 0.013 0.196 0.156 0.885 0.729 0.398 16 1.643 32.767 1 0
43646 1 5 6 0 0.094 0.354 0.138 0.774 0.651 0.398 15 1.418 27.247 1 0
43646 2 5 6 0 0.094 0.354 0.138 0.774 0.651 0.697 8 2.425 26.993 1 0.033
43646 3 5 6 0 0.094 0.354 0.138 0.774 0.651 0.647 10 2.157 25.78 1 0
43646 4 5 6 0 0.094 0.354 0.138 0.774 0.651 0.348 5 0.806 11.827 1 0.413
43646 5 5 6 0 0.094 0.354 0.138 0.774 0.651 0.697 13 1.529 28.393 1 0
43646 6 5 6 0 0.094 0.354 0.138 0.774 0.651 0.696 13 1.953 25.807 1 0
43646 7 5 6 0 0.094 0.354 0.138 0.774 0.651 0.44 17 1.603 31.507 1 0
43646 8 5 6 0 0.094 0.354 0.138 0.774 0.651 0.398 7 1.92 25.78 1 0.053
43646 9 5 6 0 0.094 0.354 0.138 0.774 0.651 0 11 0.114 11 1 0
43646 10 5 6 0 0.094 0.354 0.138 0.774 0.651 1.094 14 2.852 34.68 0.947 0
43646 1 5 6 0 0.107 0.218 0.41 0.86 0.213 26.878 13 30.337 95.593 0 0
43646 2 5 6 0 0.107 0.218 0.41 0.86 0.213 26.162 10 30.299 102.067 0 0
43646 3 5 6 0 0.107 0.218 0.41 0.86 0.213 42.005 7 46.163 97.14 0 0.02
43646 4 5 6 0 0.107 0.218 0.41 0.86 0.213 29.586 12 33.76 113.2 0 0
43646 5 5 6 0 0.107 0.218 0.41 0.86 0.213 0.597 8 4.491 34.7 0.58 0.033
43646 6 5 6 0 0.107 0.218 0.41 0.86 0.213 8.045 10 11.609 45.093 0 0
43646 7 5 6 0 0.107 0.218 0.41 0.86 0.213 0 9 0.006 9 1 1
43646 8 5 6 0 0.107 0.218 0.41 0.86 0.213 21.47 12 25.948 101.167 0 0
43646 9 5 6 0 0.107 0.218 0.41 0.86 0.213 1.739 5 3.474 29.58 0.82 0.047
43646 10 5 6 0 0.107 0.218 0.41 0.86 0.213 45.375 3 50.664 158.073 0 0.233
43646 1 5 6 0 0.113 0.34 0.486 0.75 0.369 0.597 12 1.121 24.687 1 0
43646 2 5 6 0 0.113 0.34 0.486 0.75 0.369 0.299 11 1.873 25.527 1 0
43646 3 5 6 0 0.113 0.34 0.486 0.75 0.369 0 11 0.045 11 1 0
43646 4 5 6 0 0.113 0.34 0.486 0.75 0.369 0 11 0.025 11 1 0
43646 5 5 6 0 0.113 0.34 0.486 0.75 0.369 0.05 11 0.107 11 1 0
43646 6 5 6 0 0.113 0.34 0.486 0.75 0.369 0 10 0.08 10 1 0
43646 7 5 6 0 0.113 0.34 0.486 0.75 0.369 1.044 10 2.145 29.487 1 0
43646 8 5 6 0 0.113 0.34 0.486 0.75 0.369 0 10 0.637 15.487 1 0
43646 9 5 6 0 0.113 0.34 0.486 0.75 0.369 0.149 15 0.872 24.953 1 0
43646 10 5 6 0 0.113 0.34 0.486 0.75 0.369 0.597 11 1.522 27.107 1 0
43646 1 5 6 0 0.052 0.188 0.174 0.962 0.505 0.348 9 1.225 22.673 1 0.02
43646 2 5 6 0 0.052 0.188 0.174 0.962 0.505 0.647 11 1.933 30.46 1 0
43646 3 5 6 0 0.052 0.188 0.174 0.962 0.505 1.193 15 2.115 31.687 1 0
43646 4 5 6 0 0.052 0.188 0.174 0.962 0.505 0 9 0.25 10.24 1 0.813
43646 5 5 6 0 0.052 0.188 0.174 0.962 0.505 0 6 0.141 6 1 1
43646 6 5 6 0 0.052 0.188 0.174 0.962 0.505 0.995 12 1.875 30.4 1 0
43646 7 5 6 0 0.052 0.188 0.174 0.962 0.505 0 11 0.062 11 1 0
43646 8 5 6 0 0.052 0.188 0.174 0.962 0.505 0.895 14 2.156 31.347 1 0
43646 9 5 6 0 0.052 0.188 0.174 0.962 0.505 0 6 0.016 6.733 1 0.833
43646 10 5 6 0 0.052 0.188 0.174 0.962 0.505 0.746 11 1.998 27.313 1 0
43646 1 5 6 0 0.058 0.367 0.275 0.935 0.502 1.044 8 2.397 25.733 1 0.067
43646 2 5 6 0 0.058 0.367 0.275 0.935 0.502 1.291 5 2.901 26.167 0.92 0.14
43646 3 5 6 0 0.058 0.367 0.275 0.935 0.502 0 16 0.034 16 1 0
43646 4 5 6 0 0.058 0.367 0.275 0.935 0.502 0.646 10 2.637 29.973 0.927 0
43646 5 5 6 0 0.058 0.367 0.275 0.935 0.502 0.398 8 1.643 24.193 1 0.04
43646 6 5 6 0 0.058 0.367 0.275 0.935 0.502 0.05 7 0.142 7 1 1
43646 7 5 6 0 0.058 0.367 0.275 0.935 0.502 0.547 11 1.656 24.82 1 0
43646 8 5 6 0 0.058 0.367 0.275 0.935 0.502 0 10 0.069 10 1 0
43646 9 5 6 0 0.058 0.367 0.275 0.935 0.502 0.398 17 1.281 31.947 1 0
43646 10 5 6 0 0.058 0.367 0.275 0.935 0.502 0.993 11 1.953 28.62 1 0
43646 1 5 6 0 0.045 0.191 0.335 0.79 0.137 87.051 8 99.345 253.993 0 0.013
43646 2 5 6 0 0.045 0.191 0.335 0.79 0.137 50.61 9 58.461 132.273 0 0.067
43646 3 5 6 0 0.045 0.191 0.335 0.79 0.137 56.936 8 68.384 163.593 0 0.167
43646 4 5 6 0 0.045 0.191 0.335 0.79 0.137 70.674 10 76.803 249.513 0 0
43646 5 5 6 0 0.045 0.191 0.335 0.79 0.137 2.534 9 8.471 67.073 0.213 0.007
43646 6 5 6 0 0.045 0.191 0.335 0.79 0.137 120.006 10 125.734 325.42 0 0
43646 7 5 6 0 0.045 0.191 0.335 0.79 0.137 95.553 5 107.093 203.653 0 0.26
43646 8 5 6 0 0.045 0.191 0.335 0.79 0.137 94.577 9 102.452 285.9 0 0.027
43646 9 5 6 0 0.045 0.191 0.335 0.79 0.137 62.314 5 70.343 178.107 0 0.147
43646 10 5 6 0 0.045 0.191 0.335 0.79 0.137 50.978 9 58.561 138 0 0.02
43646 1 5 6 0 0.036 0.474 0.219 0.932 0.061 243.725 842 249.04 2150.42 0 0
43646 2 5 6 0 0.036 0.474 0.219 0.932 0.061 244.629 1330 248.708 2075.147 0 0
43646 3 5 6 0 0.036 0.474 0.219 0.932 0.061 244.227 1594 248.862 2304.873 0 0
43646 4 5 6 0 0.036 0.474 0.219 0.932 0.061 244.775 1200 248.718 2108.353 0 0
43646 5 5 6 0 0.036 0.474 0.219 0.932 0.061 246.504 1397 248.976 2317.807 0 0
43646 6 5 6 0 0.036 0.474 0.219 0.932 0.061 242.852 1269 248.421 1955.527 0 0
43646 7 5 6 0 0.036 0.474 0.219 0.932 0.061 245.084 1212 248.77 2087.98 0 0
43646 8 5 6 0 0.036 0.474 0.219 0.932 0.061 242.847 903 248.728 2335.873 0 0
43646 9 5 6 0 0.036 0.474 0.219 0.932 0.061 244.523 1267 248.841 2319.833 0 0
43646 10 5 6 0 0.036 0.474 0.219 0.932 0.061 245.876 1307 248.971 2372.5 0 0
43646 1 5 6 0 0.109 0.018 0.421 0.791 0.622 0.05 16 0.979 26.3 1 0
43646 2 5 6 0 0.109 0.018 0.421 0.791 0.622 0 15 0.143 15.507 1 0
43646 3 5 6 0 0.109 0.018 0.421 0.791 0.622 0.149 14 1.016 23.48 1 0
43646 4 5 6 0 0.109 0.018 0.421 0.791 0.622 0 6 0.178 6 1 1
43646 5 5 6 0 0.109 0.018 0.421 0.791 0.622 0.1 9 0.877 19.02 1 0.02
43646 6 5 6 0 0.109 0.018 0.421 0.791 0.622 0 8 0.062 8 1 1
43646 7 5 6 0 0.109 0.018 0.421 0.791 0.622 0.249 20 0.872 29.613 1 0
43646 8 5 6 0 0.109 0.018 0.421 0.791 0.622 0 7 0.219 8.427 1 0.82
43646 9 5 6 0 0.109 0.018 0.421 0.791 0.622 0.547 15 1.574 26.753 1 0
43646 10 5 6 0 0.109 0.018 0.421 0.791 0.622 0.348 11 1.643 24.98 1 0
43646 1 5 6 0 0.01 0.377 0.336 0.952 0.69 1.094 11 1.908 25.567 1 0
43646 2 5 6 0 0.01 0.377 0.336 0.952 0.69 0.299 20 1.668 30.107 1 0
43646 3 5 6 0 0.01 0.377 0.336 0.952 0.69 1.343 8 2.423 27.26 1 0.033
43646 4 5 6 0 0.01 0.377 0.336 0.952 0.69 0 10 0.511 15.72 1 0
43646 5 5 6 0 0.01 0.377 0.336 0.952 0.69 0.547 11 1.391 25.98 1 0
43646 6 5 6 0 0.01 0.377 0.336 0.952 0.69 0 9 0.101 9 1 1
43646 7 5 6 0 0.01 0.377 0.336 0.952 0.69 0.746 12 1.81 29.173 1 0
43646 8 5 6 0 0.01 0.377 0.336 0.952 0.69 0.398 7 1.518 19.433 1 0.333
43646 9 5 6 0 0.01 0.377 0.336 0.952 0.69 0.794 10 1.922 27.58 1 0
43646 10 5 6 0 0.01 0.377 0.336 0.952 0.69 0.348 15 1.348 26.287 1 0
43646 1 5 6 0 0.101 0.332 0.206 0.945 0.165 242.161 1273 247.81 1990.353 0 0
43646 1 5 5 0 0.091 0.211 0.128 0.937 0.496 23.607 15 27.246 73.52 0 0
43646 2 5 5 0 0.091 0.211 0.128 0.937 0.496 0.845 11 1.742 29.24 1 0
43646 3 5 5 0 0.091 0.211 0.128 0.937 0.496 17.696 13 20.792 54.253 0 0
43646 4 5 5 0 0.091 0.211 0.128 0.937 0.496 37.745 11 41.594 125.667 0 0
43646 5 5 5 0 0.091 0.211 0.128 0.937 0.496 0.646 12 2.517 33.2 1 0
43646 6 5 5 0 0.091 0.211 0.128 0.937 0.496 0.427 12 2.155 31.9 1 0
43646 7 5 5 0 0.091 0.211 0.128 0.937 0.496 0.498 12 1.82 29.187 1 0
43646 8 5 5 0 0.091 0.211 0.128 0.937 0.496 0.647 15 1.893 32.933 1 0
43646 9 5 5 0 0.091 0.211 0.128 0.937 0.496 16.164 9 21.013 64.84 0 0.04
43646 10 5 5 0 0.091 0.211 0.128 0.937 0.496 16.346 9 21.062 57.893 0 0.02
43646 1 5 5 0 0.077 0.24 0.07 0.881 0.909 0 13 0.16 13 1 0
43646 2 5 5 0 0.077 0.24 0.07 0.881 0.909 0 9 0.084 9 1 1
43646 3 5 5 0 0.077 0.24 0.07 0.881 0.909 0.745 10 1.836 28.247 1 0
43646 4 5 5 0 0.077 0.24 0.07 0.881 0.909 0.498 15 2.103 35.2 1 0
43646 5 5 5 0 0.077 0.24 0.07 0.881 0.909 2.435 8 3.748 29.46 0.96 0.107
43646 6 5 5 0 0.077 0.24 0.07 0.881 0.909 0.697 18 2.403 36.853 0.987 0
43646 7 5 5 0 0.077 0.24 0.07 0.881 0.909 0.746 18 1.53 29.34 1 0
43646 8 5 5 0 0.077 0.24 0.07 0.881 0.909 0.945 12 2.282 27.593 1 0
43646 9 5 5 0 0.077 0.24 0.07 0.881 0.909 0.448 13 1.075 24.413 1 0
43646 10 5 5 0 0.077 0.24 0.07 0.881 0.909 0.447 10 2.099 30.247 1 0
43646 1 5 5 0 0.033 0.112 0.455 0.992 0.851 0.895 9 2.29 29.233 1 0.04
43646 2 5 5 0 0.033 0.112 0.455 0.992 0.851 2.132 12 3.298 32.48 0.927 0
43646 3 5 5 0 0.033 0.112 0.455 0.992 0.851 0.895 20 2.051 33.707 1 0
43646 4 5 5 0 0.033 0.112 0.455 0.992 0.851 1.292 12 2.551 29.607 1 0
43646 5 5 5 0 0.033 0.112 0.455 0.992 0.851 0.498 7 2.023 26.353 1 0.04
43646 6 5 5 0 0.033 0.112 0.455 0.992 0.851 0 7 0.03 7 1 1
43646 7 5 5 0 0.033 0.112 0.455 0.992 0.851 1.185 16 2.494 33.547 1 0
43646 8 5 5 0 0.033 0.112 0.455 0.992 0.851 0.994 16 2.011 33.34 1 0
43646 9 5 5 0 0.033 0.112 0.455 0.992 0.851 1.98 10 3.15 30.56 1 0
43646 10 5 5 0 0.033 0.112 0.455 0.992 0.851 0.646 10 2.127 31.633 1 0
43646 1 5 5 0 0.08 0.057 0.411 0.876 0.663 0.348 16 1.858 30.147 1 0
43646 2 5 5 0 0.08 0.057 0.411 0.876 0.663 0.995 12 2.334 30.233 1 0
43646 3 5 5 0 0.08 0.057 0.411 0.876 0.663 0.448 17 1.673 32.013 1 0
43646 4 5 5 0 0.08 0.057 0.411 0.876 0.663 0.05 14 1.279 25.153 1 0
43646 5 5 5 0 0.08 0.057 0.411 0.876 0.663 0.498 12 1.19 26.693 1 0
43646 6 5 5 0 0.08 0.057 0.411 0.876 0.663 0.586 10 2.087 31 1 0
43646 7 5 5 0 0.08 0.057 0.411 0.876 0.663 0 11 0.095 11 1 0
43646 8 5 5 0 0.08 0.057 0.411 0.876 0.663 0.597 10 2.453 29.84 1 0
43646 9 5 5 0 0.08 0.057 0.411 0.876 0.663 0 12 0.31 13.267 1 0
43646 10 5 5 0 0.08 0.057 0.411 0.876 0.663 0.944 14 2.076 32.513 1 0
43646 1 5 5 0 0.097 0.384 0.433 0.955 0.754 1.293 17 2.528 36.407 1 0
43646 2 5 5 0 0.097 0.384 0.433 0.955 0.754 1.143 15 2.796 33.06 0.96 0
43646 3 5 5 0 0.097 0.384 0.433 0.955 0.754 0 9 0.001 9 1 1
43646 4 5 5 0 0.097 0.384 0.433 0.955 0.754 0.249 13 1.933 29.687 1 0
43646 5 5 5 0 0.097 0.384 0.433 0.955 0.754 0 10 0.099 10 1 0
43646 6 5 5 0 0.097 0.384 0.433 0.955 0.754 0.646 14 2.618 31.353 0.953 0
43646 7 5 5 0 0.097 0.384 0.433 0.955 0.754 1.511 11 3.788 35.267 0.773 0
43646 8 5 5 0 0.097 0.384 0.433 0.955 0.754 2.334 14 3.787 34.807 0.9 0
43646 9 5 5 0 0.097 0.384 0.433 0.955 0.754 1.342 11 3.267 29.833 0.873 0
43646 10 5 5 0 0.097 0.384 0.433 0.955 0.754 0.05 14 1.441 24.907 1 0
43646 1 5 5 0 0.022 0.424 0.111 0.856 0.158 240.252 798 247.166 1598.8 0 0
43646 2 5 5 0 0.022 0.424 0.111 0.856 0.158 235.264 741 245.186 1576.447 0 0
43646 3 5 5 0 0.022 0.424 0.111 0.856 0.158 244.004 1049 247.739 1718.993 0 0
43646 4 5 5 0 0.022 0.424 0.111 0.856 0.158 239.974 692 246.519 1666.78 0 0
43646 5 5 5 0 0.022 0.424 0.111 0.856 0.158 236.548 473 246.024 1461.82 0 0
43646 6 5 5 0 0.022 0.424 0.111 0.856 0.158 240.748 582 247.052 1715.56 0 0
43646 7 5 5 0 0.022 0.424 0.111 0.856 0.158 239.632 702 246.623 1689.44 0 0
43646 8 5 5 0 0.022 0.424 0.111 0.856 0.158 240.852 810 247.559 1609.787 0 0
43646 9 5 5 0 0.022 0.424 0.111 0.856 0.158 233.796 796 246.69 1553.633 0 0
43646 10 5 5 0 0.022 0.424 0.111 0.856 0.158 239.454 497 245.244 1397.233 0 0
43646 1 5 5 0 0.035 0.332 0.221 0.797 0.609 0.597 12 2.447 26.527 1 0
43646 2 5 5 0 0.035 0.332 0.221 0.797 0.609 0 13 0.086 13 1 0
43646 3 5 5 0 0.035 0.332 0.221 0.797 0.609 0.05 11 0.179 11 1 0
43646 4 5 5 0 0.035 0.332 0.221 0.797 0.609 0.796 20 1.634 33.407 1 0
43646 5 5 5 0 0.035 0.332 0.221 0.797 0.609 0.697 11 1.684 24 1 0
43646 6 5 5 0 0.035 0.332 0.221 0.797 0.609 0.1 15 1.402 26.087 1 0
43646 7 5 5 0 0.035 0.332 0.221 0.797 0.609 0.498 13 2.678 31.087 0.96 0
43646 8 5 5 0 0.035 0.332 0.221 0.797 0.609 0.796 11 2.708 31.973 0.94 0
43646 9 5 5 0 0.035 0.332 0.221 0.797 0.609 1.293 14 2.333 29.607 1 0
43646 10 5 5 0 0.035 0.332 0.221 0.797 0.609 0.05 14 0.688 20.787 1 0
43646 1 5 5 0 0.059 0.47 0.106 0.951 0.442 233.131 66 240.597 795.053 0 0
43646 2 5 5 0 0.059 0.47 0.106 0.951 0.442 226.264 8 240.471 781.313 0 0.033
43646 3 5 5 0 0.059 0.47 0.106 0.951 0.442 189.358 5 197.757 616.487 0 0.053
43646 4 5 5 0 0.059 0.47 0.106 0.951 0.442 225.875 3 238.299 732.293 0 0.02
43646 5 5 5 0 0.059 0.47 0.106 0.951 0.442 227.736 4 238.748 845.993 0 0.013
43646 6 5 5 0 0.059 0.47 0.106 0.951 0.442 232.505 6 242.549 784.613 0 0.053
43646 7 5 5 0 0.059 0.47 0.106 0.951 0.442 228.579 4 239.768 779.36 0 0.02
43646 8 5 5 0 0.059 0.47 0.106 0.951 0.442 199.304 37 217.749 659.527 0 0
43646 9 5 5 0 0.059 0.47 0.106 0.951 0.442 182.083 7 197.376 656.087 0 0.02
43646 10 5 5 0 0.059 0.47 0.106 0.951 0.442 231.347 28 241.427 729.8 0 0
43646 1 5 5 0 0.028 0.109 0.422 0.831 0.377 1.143 13 2.601 35.36 1 0
43646 2 5 5 0 0.028 0.109 0.422 0.831 0.377 0.497 12 1.225 23.767 1 0
43646 3 5 5 0 0.028 0.109 0.422 0.831 0.377 0 14 0.218 16.353 1 0
43646 4 5 5 0 0.028 0.109 0.422 0.831 0.377 0.498 13 1.179 26.113 1 0
43646 5 5 5 0 0.028 0.109 0.422 0.831 0.377 1.531 13 2.569 32.28 1 0
43646 6 5 5 0 0.028 0.109 0.422 0.831 0.377 0.597 11 1.867 28.333 1 0
43646 7 5 5 0 0.028 0.109 0.422 0.831 0.377 0.398 17 1.456 27.427 1 0
43646 8 5 5 0 0.028 0.109 0.422 0.831 0.377 1.094 7 2.183 26.347 1 0.073
43646 9 5 5 0 0.028 0.109 0.422 0.831 0.377 0 11 0.154 13.833 1 0
43646 10 5 5 0 0.028 0.109 0.422 0.831 0.377 0.687 12 2.331 32.66 1 0
43646 1 5 5 0 0.116 0.394 0.241 0.757 0.517 9.302 7 13.392 43.153 0 0.16
43646 2 5 5 0 0.116 0.394 0.241 0.757 0.517 0.547 15 2.338 31.787 1 0
43646 3 5 5 0 0.116 0.394 0.241 0.757 0.517 0.547 11 1.196 23.093 1 0
43646 4 5 5 0 0.116 0.394 0.241 0.757 0.517 1.739 11 2.664 35.347 1 0
43646 5 5 5 0 0.116 0.394 0.241 0.757 0.517 0.845 13 2.361 35.727 1 0
43646 6 5 5 0 0.116 0.394 0.241 0.757 0.517 1.461 14 3.05 29.733 1 0
43646 7 5 5 0 0.116 0.394 0.241 0.757 0.517 1.044 20 2.729 34.687 1 0
43646 8 5 5 0 0.116 0.394 0.241 0.757 0.517 0.398 15 2.664 35.8 1 0
43646 9 5 5 0 0.116 0.394 0.241 0.757 0.517 0.497 11 2.508 33.513 0.947 0
43646 10 5 5 0 0.116 0.394 0.241 0.757 0.517 1.492 13 3.241 34.647 0.993 0
43646 1 5 5 0 0.107 0.047 0.045 0.771 0.481 1.391 10 2.669 29.62 1 0
43646 2 5 5 0 0.107 0.047 0.045 0.771 0.481 0.696 11 2.096 29.747 1 0
43646 3 5 5 0 0.107 0.047 0.045 0.771 0.481 0 11 0.036 11.64 1 0
43646 4 5 5 0 0.107 0.047 0.045 0.771 0.481 0 9 0.059 9 1 1
43646 5 5 5 0 0.107 0.047 0.045 0.771 0.481 1.342 19 2.517 34.14 1 0
43646 6 5 5 0 0.107 0.047 0.045 0.771 0.481 0.846 15 1.934 30.18 1 0
43646 7 5 5 0 0.107 0.047 0.045 0.771 0.481 0.796 9 1.777 24.053 1 0.02
43646 8 5 5 0 0.107 0.047 0.045 0.771 0.481 0.447 18 1.241 28.013 1 0
43646 9 5 5 0 0.107 0.047 0.045 0.771 0.481 0 15 0.186 15 1 0
43646 10 5 5 0 0.107 0.047 0.045 0.771 0.481 0.448 15 1.576 31.4 1 0
43646 1 5 5 0 0.087 0.227 0.083 0.926 0.516 38.703 11 43.808 126.633 0 0
43646 2 5 5 0 0.087 0.227 0.083 0.926 0.516 45.371 13 50.428 125.24 0 0
43646 3 5 5 0 0.087 0.227 0.083 0.926 0.516 44.436 6 48.815 124.893 0 0.147
43646 4 5 5 0 0.087 0.227 0.083 0.926 0.516 42.589 9 48.27 141.913 0 0.027
43646 5 5 5 0 0.087 0.227 0.083 0.926 0.516 23.177 17 28.256 75.147 0 0
43646 6 5 5 0 0.087 0.227 0.083 0.926 0.516 47.016 7 51.585 116.94 0 0.1
43646 1 5 9 0 0.041 0.272 0.178 0.759 0.155 231.954 21 241.186 1100.38 0 0
43646 2 5 9 0 0.041 0.272 0.178 0.759 0.155 233.132 108 242.786 1180.46 0 0
43646 3 5 9 0 0.041 0.272 0.178 0.759 0.155 232.191 37 242.35 1042.06 0 0
43646 4 5 9 0 0.041 0.272 0.178 0.759 0.155 229.587 1 240.092 1037.007 0 0.013
43646 5 5 9 0 0.041 0.272 0.178 0.759 0.155 228.003 4 241.087 1084.527 0 0.027
43646 6 5 9 0 0.041 0.272 0.178 0.759 0.155 227.331 38 240.179 1056.007 0 0
43646 7 5 9 0 0.041 0.272 0.178 0.759 0.155 230.239 122 241.865 1064.28 0 0
43646 8 5 9 0 0.041 0.272 0.178 0.759 0.155 231.007 87 241.067 1067.247 0 0
43646 9 5 9 0 0.041 0.272 0.178 0.759 0.155 234.785 228 242.522 1197.513 0 0
43646 10 5 9 0 0.041 0.272 0.178 0.759 0.155 231.245 82 242.587 1121.347 0 0
43646 1 5 9 0 0.03 0.433 0.198 0.819 0.14 237.829 218 244.967 1301.94 0 0
43646 2 5 9 0 0.03 0.433 0.198 0.819 0.14 233.445 4 243.325 1168.167 0 0.007
43646 3 5 9 0 0.03 0.433 0.198 0.819 0.14 225.107 5 241.681 1067.293 0 0.007
43646 4 5 9 0 0.03 0.433 0.198 0.819 0.14 230.86 5 242.319 1041.913 0 0.027
43646 5 5 9 0 0.03 0.433 0.198 0.819 0.14 227.917 108 241.998 1160.2 0 0
43646 6 5 9 0 0.03 0.433 0.198 0.819 0.14 231.234 5 242.048 1049.747 0 0.007
43646 7 5 9 0 0.03 0.433 0.198 0.819 0.14 229.662 4 241.424 1126.727 0 0.02
43646 8 5 9 0 0.03 0.433 0.198 0.819 0.14 232.948 43 242.122 1070.913 0 0
43646 9 5 9 0 0.03 0.433 0.198 0.819 0.14 236.17 115 243.736 1043.447 0 0
43646 10 5 9 0 0.03 0.433 0.198 0.819 0.14 227.27 134 242.133 1244.833 0 0
43646 1 5 9 0 0.108 0.485 0.102 0.949 0.237 246.163 1634 249.22 3045.147 0 0
43646 2 5 9 0 0.108 0.485 0.102 0.949 0.237 246.781 1837 249.407 2634.647 0 0
43646 3 5 9 0 0.108 0.485 0.102 0.949 0.237 242.672 1278 249.067 2725.833 0 0
43646 4 5 9 0 0.108 0.485 0.102 0.949 0.237 244 1351 249.017 3001.12 0 0
43646 5 5 9 0 0.108 0.485 0.102 0.949 0.237 245.209 1457 248.791 2425.62 0 0
43646 6 5 9 0 0.108 0.485 0.102 0.949 0.237 243.437 1209 248.379 2380.093 0 0
43646 7 5 9 0 0.108 0.485 0.102 0.949 0.237 245.948 1660 249.055 2792.933 0 0
43646 8 5 9 0 0.108 0.485 0.102 0.949 0.237 243.638 1706 248.675 2377.42 0 0
43646 9 5 9 0 0.108 0.485 0.102 0.949 0.237 243.619 1930 248.887 2492.427 0 0
43646 10 5 9 0 0.108 0.485 0.102 0.949 0.237 243.689 1452 248.834 2551.06 0 0
43646 1 5 9 0 0.04 0.209 0.267 0.762 0.717 231.533 2 245.483 38.613 0 0.693
43646 2 5 9 0 0.04 0.209 0.267 0.762 0.717 236 1 245.574 30.367 0 0.72
43646 3 5 9 0 0.04 0.209 0.267 0.762 0.717 235.98 3 244.741 32.287 0 0.693
43646 4 5 9 0 0.04 0.209 0.267 0.762 0.717 214.772 0 242.184 31.587 0 0.707
43646 5 5 9 0 0.04 0.209 0.267 0.762 0.717 226.59 3 243.987 33.187 0 0.74
43646 6 5 9 0 0.04 0.209 0.267 0.762 0.717 227.89 2 242.457 27.22 0 0.667
43646 7 5 9 0 0.04 0.209 0.267 0.762 0.717 233.502 2 244.156 32.48 0 0.727
43646 8 5 9 0 0.04 0.209 0.267 0.762 0.717 233.752 3 243.387 29.773 0 0.667
43646 9 5 9 0 0.04 0.209 0.267 0.762 0.717 230.87 1 245.378 32.807 0 0.74
43646 10 5 9 0 0.04 0.209 0.267 0.762 0.717 234.122 2 245.224 36.707 0 0.713
43646 1 5 9 0 0.001 0.315 0.467 0.969 0.167 185.735 1 203.564 173.947 0 0.213
43646 2 5 9 0 0.001 0.315 0.467 0.969 0.167 198.814 2 213.171 168.42 0 0.253
43646 3 5 9 0 0.001 0.315 0.467 0.969 0.167 167.275 5 189.933 174.98 0 0.3
43646 4 5 9 0 0.001 0.315 0.467 0.969 0.167 174.614 2 198.251 178.573 0 0.36
43646 5 5 9 0 0.001 0.315 0.467 0.969 0.167 0.398 14 0.897 19.807 1 0
43646 6 5 9 0 0.001 0.315 0.467 0.969 0.167 0 7 0.149 7 1 1
43646 7 5 9 0 0.001 0.315 0.467 0.969 0.167 159.746 3 184.652 176.42 0 0.18
43646 8 5 9 0 0.001 0.315 0.467 0.969 0.167 187.276 0 202.799 166.827 0 0.193
43646 9 5 9 0 0.001 0.315 0.467 0.969 0.167 170.162 5 184.564 185.247 0 0.34
43646 10 5 9 0 0.001 0.315 0.467 0.969 0.167 159.585 3 180.676 195.5 0 0.36
43646 1 5 9 0 0.037 0.149 0.116 0.856 0.372 45.633 2 85.465 156.767 0 0.233
43646 2 5 9 0 0.037 0.149 0.116 0.856 0.372 82.061 2 90.636 163.72 0 0.313
43646 3 5 9 0 0.037 0.149 0.116 0.856 0.372 122.016 4 138.943 282.087 0 0.1
43646 4 5 9 0 0.037 0.149 0.116 0.856 0.372 141.103 3 156.719 291.093 0 0.133
43646 5 5 9 0 0.037 0.149 0.116 0.856 0.372 0 9 0.01 9 1 1
43646 6 5 9 0 0.037 0.149 0.116 0.856 0.372 143.923 4 158.411 186.24 0 0.187
43646 7 5 9 0 0.037 0.149 0.116 0.856 0.372 111.55 1 121.666 241.44 0 0.073
43646 8 5 9 0 0.037 0.149 0.116 0.856 0.372 77.647 1 92.547 175.887 0 0.18
43646 9 5 9 0 0.037 0.149 0.116 0.856 0.372 1.143 13 2.625 30.94 0.973 0
43646 10 5 9 0 0.037 0.149 0.116 0.856 0.372 105.359 2 122.754 200.04 0 0.233
43646 1 5 9 0 0.017 0.236 0.195 0.978 0.691 226.815 3 240.361 48.193 0 0.6
43646 2 5 9 0 0.017 0.236 0.195 0.978 0.691 227.854 4 240.287 45.173 0 0.6
43646 3 5 9 0 0.017 0.236 0.195 0.978 0.691 227.773 3 237.638 44.953 0 0.613
43646 4 5 9 0 0.017 0.236 0.195 0.978 0.691 221.923 2 236.784 42.867 0 0.647
43646 5 5 9 0 0.017 0.236 0.195 0.978 0.691 224.577 1 234.495 40.907 0 0.573
43646 6 5 9 0 0.017 0.236 0.195 0.978 0.691 224.786 3 237.609 44.487 0 0.567
43646 7 5 9 0 0.017 0.236 0.195 0.978 0.691 220.349 0 236.696 47.173 0 0.587
43646 8 5 9 0 0.017 0.236 0.195 0.978 0.691 225.705 3 236.736 46.313 0 0.5
43646 9 5 9 0 0.017 0.236 0.195 0.978 0.691 223 2 239.739 50.12 0 0.573
43646 10 5 9 0 0.017 0.236 0.195 0.978 0.691 232.01 1 240.347 51.773 0 0.62
43646 1 5 9 0 0.008 0.095 0.156 0.846 0.849 230.729 1 244.786 29.7 0 0.7
43646 2 5 9 0 0.008 0.095 0.156 0.846 0.849 234.765 3 245.22 34.533 0 0.713
43646 3 5 9 0 0.008 0.095 0.156 0.846 0.849 230.802 0 245.235 27.747 0 0.767
43646 4 5 9 0 0.008 0.095 0.156 0.846 0.849 225.88 1 242.985 28.553 0 0.787
43646 5 5 9 0 0.008 0.095 0.156 0.846 0.849 231.338 2 243.423 29.18 0 0.693
43646 6 5 9 0 0.008 0.095 0.156 0.846 0.849 234.511 1 242.969 29.16 0 0.68
43646 7 5 9 0 0.008 0.095 0.156 0.846 0.849 229.756 4 245.515 33.16 0 0.767
43646 8 5 9 0 0.008 0.095 0.156 0.846 0.849 237.346 3 244.54 30.947 0 0.733
43646 9 5 9 0 0.008 0.095 0.156 0.846 0.849 228.649 1 242.214 30.987 0 0.7
43646 10 5 9 0 0.008 0.095 0.156 0.846 0.849 234.634 0 244.64 31.527 0 0.733
43646 1 5 9 0 0.09 0.093 0.208 0.969 0.607 233.562 3 244.001 37.173 0 0.66
43646 2 5 9 0 0.09 0.093 0.208 0.969 0.607 234.285 4 244.561 36.393 0 0.673
43646 3 5 9 0 0.09 0.093 0.208 0.969 0.607 233.916 0 243.751 34.267 0 0.713
43646 4 5 9 0 0.09 0.093 0.208 0.969 0.607 232.694 1 244.171 31.76 0 0.7
43646 5 5 9 0 0.09 0.093 0.208 0.969 0.607 231.23 1 244.973 30.227 0 0.747
43646 6 5 9 0 0.09 0.093 0.208 0.969 0.607 236.237 2 245.477 34.767 0 0.707
43646 7 5 9 0 0.09 0.093 0.208 0.969 0.607 233.739 1 245.254 33.193 0 0.747
43646 8 5 9 0 0.09 0.093 0.208 0.969 0.607 233.105 1 245.156 36.947 0 0.733
43646 9 5 9 0 0.09 0.093 0.208 0.969 0.607 232.109 2 244.113 32.193 0 0.7
43646 10 5 9 0 0.09 0.093 0.208 0.969 0.607 228.922 1 243.096 34.16 0 0.733
43646 1 5 9 0 0.014 0.07 0.294 0.927 0.302 231.431 0 243.532 31 0 0.707
43646 2 5 9 0 0.014 0.07 0.294 0.927 0.302 230.495 2 242.226 37.107 0 0.633
43646 3 5 9 0 0.014 0.07 0.294 0.927 0.302 230.293 3 240.722 40.193 0 0.627
43646 4 5 9 0 0.014 0.07 0.294 0.927 0.302 233.842 2 242.323 35.22 0 0.64
43646 5 5 9 0 0.014 0.07 0.294 0.927 0.302 233.801 0 242.253 35.88 0 0.653
43646 6 5 9 0 0.014 0.07 0.294 0.927 0.302 227.774 3 242.403 38.5 0 0.707
43646 7 5 9 0 0.014 0.07 0.294 0.927 0.302 234.402 2 242.195 36.253 0 0.66
43646 1 5 8 1 0.049 0.148 0.474 0.942 0.508 203.043 3 230.5 33.793 0 0.733
43646 2 5 8 1 0.049 0.148 0.474 0.942 0.508 232.285 0 243.345 31.553 0 0.68
43646 3 5 8 1 0.049 0.148 0.474 0.942 0.508 73.664 6 92.947 23.027 0 0.293
43646 4 5 8 1 0.049 0.148 0.474 0.942 0.508 231.237 2 241.931 29.787 0 0.653
43646 5 5 8 1 0.049 0.148 0.474 0.942 0.508 229.342 1 240.827 34.927 0 0.707
43646 6 5 8 1 0.049 0.148 0.474 0.942 0.508 160.131 5 171.667 24.44 0 0.72
43646 7 5 8 1 0.049 0.148 0.474 0.942 0.508 0 8 0.084 8 1 1
43646 8 5 8 1 0.049 0.148 0.474 0.942 0.508 78.182 4 88.906 21.113 0 0.393
43646 9 5 8 1 0.049 0.148 0.474 0.942 0.508 0 6 0.124 6 1 1
43646 10 5 8 1 0.049 0.148 0.474 0.942 0.508 0 9 0.064 9 1 1
43646 1 5 8 1 0.012 0.106 0.18 0.831 0.829 233.161 0 241.405 22.907 0 0.713
43646 2 5 8 1 0.012 0.106 0.18 0.831 0.829 213.029 3 228.421 29.333 0 0.693
43646 3 5 8 1 0.012 0.106 0.18 0.831 0.829 60.46 5 79.138 26.233 0 0.26
43646 4 5 8 1 0.012 0.106 0.18 0.831 0.829 0 5 0.109 5 1 1
43646 5 5 8 1 0.012 0.106 0.18 0.831 0.829 89.051 5 100.497 25.32 0 0.313
43646 6 5 8 1 0.012 0.106 0.18 0.831 0.829 225.595 0 242.111 25.48 0 0.747
43646 7 5 8 1 0.012 0.106 0.18 0.831 0.829 10.623 12 25.606 31.407 0 0
43646 8 5 8 1 0.012 0.106 0.18 0.831 0.829 191.791 1 207.02 26.933 0 0.76
43646 9 5 8 1 0.012 0.106 0.18 0.831 0.829 191.237 4 203.385 26.707 0 0.68
43646 10 5 8 1 0.012 0.106 0.18 0.831 0.829 0 13 0.065 13 1 0
43646 1 5 8 1 0.012 0.293 0.084 0.813 0.304 242.799 1062 246.789 1331.613 0 0
43646 2 5 8 1 0.012 0.293 0.084 0.813 0.304 241.825 965 247.049 1329.54 0 0
43646 3 5 8 1 0.012 0.293 0.084 0.813 0.304 243.699 1081 247.747 1337.433 0 0
43646 4 5 8 1 0.012 0.293 0.084 0.813 0.304 242.798 992 246.603 1211.36 0 0
43646 5 5 8 1 0.012 0.293 0.084 0.813 0.304 244.814 1046 247.858 1284.8 0 0
43646 6 5 8 1 0.012 0.293 0.084 0.813 0.304 240.296 1047 246.57 1270.96 0 0
43646 7 5 8 1 0.012 0.293 0.084 0.813 0.304 243.778 870 246.938 1204.347 0 0
43646 8 5 8 1 0.012 0.293 0.084 0.813 0.304 244.216 1092 248.017 1328.38 0 0
43646 9 5 8 1 0.012 0.293 0.084 0.813 0.304 244.041 1017 247.461 1282.16 0 0
43646 10 5 8 1 0.012 0.293 0.084 0.813 0.304 239.199 878 246.069 1155.653 0 0
43646 1 5 8 1 0.027 0.049 0.026 0.843 0.557 18.773 18 22.121 71.853 0 0
43646 2 5 8 1 0.027 0.049 0.026 0.843 0.557 25.435 9 28.556 73.66 0 0.007
43646 3 5 8 1 0.027 0.049 0.026 0.843 0.557 16.584 16 20.501 67.84 0 0
43646 4 5 8 1 0.027 0.049 0.026 0.843 0.557 18.826 29 22.047 73.093 0 0
43646 5 5 8 1 0.027 0.049 0.026 0.843 0.557 18.526 20 22.914 74.287 0 0
43646 6 5 8 1 0.027 0.049 0.026 0.843 0.557 21.755 18 23.989 85.1 0 0
43646 7 5 8 1 0.027 0.049 0.026 0.843 0.557 18.754 33 22.017 82.74 0 0
43646 8 5 8 1 0.027 0.049 0.026 0.843 0.557 21.97 10 28.049 68.82 0 0
43646 9 5 8 1 0.027 0.049 0.026 0.843 0.557 13.718 15 19.437 50.28 0 0
43646 10 5 8 1 0.027 0.049 0.026 0.843 0.557 0 6 0.049 6 1 1
43646 1 5 8 1 0.082 0.463 0.235 0.924 0.057 245.523 2075 248.935 2358.96 0 0
43646 2 5 8 1 0.082 0.463 0.235 0.924 0.057 246.535 2285 249.285 2686.913 0 0
43646 3 5 8 1 0.082 0.463 0.235 0.924 0.057 247.212 1976 249.207 2302.08 0 0
43646 4 5 8 1 0.082 0.463 0.235 0.924 0.057 244.816 1828 248.534 2122.307 0 0
43646 5 5 8 1 0.082 0.463 0.235 0.924 0.057 245.266 1701 248.846 2121.573 0 0
43646 6 5 8 1 0.082 0.463 0.235 0.924 0.057 246.875 2172 249.066 2425.013 0 0
43646 7 5 8 1 0.082 0.463 0.235 0.924 0.057 246.781 2062 249.017 2417.747 0 0
43646 8 5 8 1 0.082 0.463 0.235 0.924 0.057 246.077 1806 248.845 2151.06 0 0
43646 9 5 8 1 0.082 0.463 0.235 0.924 0.057 246.766 1796 248.908 2174.54 0 0
43646 10 5 8 1 0.082 0.463 0.235 0.924 0.057 245.71 1937 249.08 2263.147 0 0
43646 1 5 8 1 0.097 0.276 0.111 0.908 0.736 0.448 13 1.973 29.74 1 0
43646 2 5 8 1 0.097 0.276 0.111 0.908 0.736 0 14 0.108 14 1 0
43646 3 5 8 1 0.097 0.276 0.111 0.908 0.736 0.696 7 2.289 25.873 1 0.06
43646 4 5 8 1 0.097 0.276 0.111 0.908 0.736 0 10 0.075 10 1 0
43646 5 5 8 1 0.097 0.276 0.111 0.908 0.736 0 10 0.035 10 1 0
43646 6 5 8 1 0.097 0.276 0.111 0.908 0.736 0 18 1.042 26.593 1 0
43646 7 5 8 1 0.097 0.276 0.111 0.908 0.736 1.817 12 4.058 33.047 0.693 0
43646 8 5 8 1 0.097 0.276 0.111 0.908 0.736 1.333 7 2.566 25.073 1 0.047
43646 9 5 8 1 0.097 0.276 0.111 0.908 0.736 0.05 9 0.23 9 1 1
43646 10 5 8 1 0.097 0.276 0.111 0.908 0.736 0.647 9 1.508 26.52 1 0.013
43646 1 5 8 1 0.101 0.083 0.14 0.858 0.586 0.796 10 2.709 29.013 1 0
43646 2 5 8 1 0.101 0.083 0.14 0.858 0.586 203.29 3 214.864 23.347 0 0.667
43646 3 5 8 1 0.101 0.083 0.14 0.858 0.586 0 12 0.172 12 1 0
43646 4 5 8 1 0.101 0.083 0.14 0.858 0.586 0 8 0.045 8 1 1
43646 5 5 8 1 0.101 0.083 0.14 0.858 0.586 235.476 1 243.38 34.533 0 0.753
43646 6 5 8 1 0.101 0.083 0.14 0.858 0.586 0 7 0.997 14.04 1 0.627
43646 7 5 8 1 0.101 0.083 0.14 0.858 0.586 0 8 0.077 8 1 1
43646 8 5 8 1 0.101 0.083 0.14 0.858 0.586 1.333 6 2.712 24.08 0.973 0.053
43646 9 5 8 1 0.101 0.083 0.14 0.858 0.586 0.796 9 1.781 27.787 1 0.02
43646 10 5 8 1 0.101 0.083 0.14 0.858 0.586 0.945 8 2.582 27.573 1 0.013
43646 1 5 8 1 0.014 0.398 0.471 0.929 0.978 64.663 6 76.179 22.787 0 0.253
43646 2 5 8 1 0.014 0.398 0.471 0.929 0.978 229.239 2 242.13 28.533 0 0.713
43646 3 5 8 1 0.014 0.398 0.471 0.929 0.978 114.311 9 124.311 23.167 0 0.033
43646 4 5 8 1 0.014 0.398 0.471 0.929 0.978 161.361 5 172.973 22.273 0 0.747
43646 5 5 8 1 0.014 0.398 0.471 0.929 0.978 39.658 5 56.737 18.773 0 0.44
43646 6 5 8 1 0.014 0.398 0.471 0.929 0.978 0 9 0.099 9 1 1
43646 7 5 8 1 0.014 0.398 0.471 0.929 0.978 134.18 3 171.146 21.1 0 0.713
43646 8 5 8 1 0.014 0.398 0.471 0.929 0.978 137.605 3 147.521 18.967 0 0.64
43646 9 5 8 1 0.014 0.398 0.471 0.929 0.978 223.781 3 236.762 28.267 0 0.653
43646 10 5 8 1 0.014 0.398 0.471 0.929 0.978 214.695 3 227.979 24.387 0 0.713
43646 1 5 8 1 0.058 0.228 0.27 0.816 0.875 223.414 2 241.896 29.82 0 0.727
43646 2 5 8 1 0.058 0.228 0.27 0.816 0.875 65.583 4 81.303 19.187 0 0.467
43646 3 5 8 1 0.058 0.228 0.27 0.816 0.875 229.451 1 242.838 37.013 0 0.68
43646 4 5 8 1 0.058 0.228 0.27 0.816 0.875 99.232 6 109.772 24.96 0 0.38
43646 5 5 8 1 0.058 0.228 0.27 0.816 0.875 1.094 12 2.011 28.913 1 0
43646 6 5 8 1 0.058 0.228 0.27 0.816 0.875 228.471 2 243.085 31.613 0 0.72
43646 7 5 8 1 0.058 0.228 0.27 0.816 0.875 221.005 0 229.843 24.587 0 0.693
43646 8 5 8 1 0.058 0.228 0.27 0.816 0.875 50.928 4 73.551 21.153 0 0.553
43646 9 5 8 1 0.058 0.228 0.27 0.816 0.875 9.684 6 28.955 25.5 0 0.1
43646 10 5 8 1 0.058 0.228 0.27 0.816 0.875 0 5 0 5 1 1
43646 1 5 8 1 0.058 0.467 0.165 0.983 0.164 245.708 1482 248.475 1840.027 0 0
43646 2 5 8 1 0.058 0.467 0.165 0.983 0.164 246.449 1545 248.958 1846.127 0 0
43646 3 5 8 1 0.058 0.467 0.165 0.983 0.164 245.597 1572 248.865 1982.287 0 0
43646 4 5 8 1 0.058 0.467 0.165 0.983 0.164 246.549 1647 248.977 1934.687 0 0
43646 5 5 8 1 0.058 0.467 0.165 0.983 0.164 245.29 1617 249 2039.22 0 0
43646 6 5 8 1 0.058 0.467 0.165 0.983 0.164 244.596 1549 248.248 1926.887 0 0
43646 7 5 8 1 0.058 0.467 0.165 0.983 0.164 245.451 1327 248.478 1766.807 0 0
43646 8 5 8 1 0.058 0.467 0.165 0.983 0.164 246.707 1570 248.734 1839.627 0 0
43646 9 5 8 1 0.058 0.467 0.165 0.983 0.164 244.623 1490 248.214 1835.54 0 0
43646 1 5 9 1 0.065 0.118 0.228 0.936 0.731 234.277 5 245.879 38.853 0 0.727
43646 2 5 9 1 0.065 0.118 0.228 0.936 0.731 233 0 243.648 32.973 0 0.707
43646 3 5 9 1 0.065 0.118 0.228 0.936 0.731 232.341 2 240.697 27.993 0 0.727
43646 4 5 9 1 0.065 0.118 0.228 0.936 0.731 236.381 1 245.079 29.78 0 0.72
43646 5 5 9 1 0.065 0.118 0.228 0.936 0.731 233.845 2 245.315 30.467 0 0.72
43646 6 5 9 1 0.065 0.118 0.228 0.936 0.731 232.764 3 244.364 31.907 0 0.733
43646 7 5 9 1 0.065 0.118 0.228 0.936 0.731 232.107 5 242.582 32.827 0 0.62
43646 8 5 9 1 0.065 0.118 0.228 0.936 0.731 233.423 0 245.815 34.587 0 0.72
43646 9 5 9 1 0.065 0.118 0.228 0.936 0.731 234.477 2 243.866 39.24 0 0.727
43646 10 5 9 1 0.065 0.118 0.228 0.936 0.731 0 6 0.014 6 1 1
43646 1 5 9 1 0.027 0.089 0.141 0.871 0.114 243.406 1072 247.816 1296.607 0 0
43646 2 5 9 1 0.027 0.089 0.141 0.871 0.114 244.176 1100 247.778 1381.12 0 0
43646 3 5 9 1 0.027 0.089 0.141 0.871 0.114 241.341 996 247.2 1267.647 0 0
43646 4 5 9 1 0.027 0.089 0.141 0.871 0.114 243.836 1170 248.257 1446.06 0 0
43646 5 5 9 1 0.027 0.089 0.141 0.871 0.114 242.219 1145 247.485 1416.807 0 0
43646 6 5 9 1 0.027 0.089 0.141 0.871 0.114 243.505 851 247.682 1293.787 0 0
43646 7 5 9 1 0.027 0.089 0.141 0.871 0.114 243.156 1140 248.127 1508.08 0 0
43646 8 5 9 1 0.027 0.089 0.141 0.871 0.114 242.738 1150 247.643 1463.34 0 0
43646 9 5 9 1 0.027 0.089 0.141 0.871 0.114 245.02 1123 248.213 1487.407 0 0
43646 10 5 9 1 0.027 0.089 0.141 0.871 0.114 243.081 1095 247.945 1424.66 0 0
43646 1 5 9 1 0.028 0.133 0.27 0.865 0.434 0 13 0.066 13 1 0
43646 2 5 9 1 0.028 0.133 0.27 0.865 0.434 0.447 13 1.224 25.507 1 0
43646 3 5 9 1 0.028 0.133 0.27 0.865 0.434 0 9 0.026 9 1 1
43646 4 5 9 1 0.028 0.133 0.27 0.865 0.434 0.547 19 1.995 35.093 1 0
43646 5 5 9 1 0.028 0.133 0.27 0.865 0.434 0.05 8 0.189 8 1 1
43646 6 5 9 1 0.028 0.133 0.27 0.865 0.434 0.498 14 1.288 24.4 1 0
43646 7 5 9 1 0.028 0.133 0.27 0.865 0.434 0 6 0.072 6 1 1
43646 8 5 9 1 0.028 0.133 0.27 0.865 0.434 0 11 0.088 11 1 0
43646 9 5 9 1 0.028 0.133 0.27 0.865 0.434 0 9 0.08 9 1 1
43646 10 5 9 1 0.028 0.133 0.27 0.865 0.434 0 9 0.242 10.887 1 0.84
43646 1 5 9 1 0.1 0.17 0.205 0.812 0.682 223.702 0 241.767 34.893 0 0.727
43646 2 5 9 1 0.1 0.17 0.205 0.812 0.682 148.326 7 169.966 34.3 0 0.447
43646 3 5 9 1 0.1 0.17 0.205 0.812 0.682 0.497 11 1.963 25.847 0.947 0
43646 4 5 9 1 0.1 0.17 0.205 0.812 0.682 0 17 0.192 17.647 1 0
43646 5 5 9 1 0.1 0.17 0.205 0.812 0.682 224.153 0 235.131 25.94 0 0.693
43646 6 5 9 1 0.1 0.17 0.205 0.812 0.682 215.999 1 232.576 27.913 0 0.693
43646 7 5 9 1 0.1 0.17 0.205 0.812 0.682 218.289 2 241.507 34.16 0 0.707
43646 8 5 9 1 0.1 0.17 0.205 0.812 0.682 0.149 14 0.558 19.3 1 0
43646 9 5 9 1 0.1 0.17 0.205 0.812 0.682 0 12 0.943 22.107 1 0
43646 10 5 9 1 0.1 0.17 0.205 0.812 0.682 161.361 3 184.325 24.127 0 0.627
43646 1 5 9 1 0.043 0.182 0.444 0.806 0.44 0.448 11 1.425 22.947 1 0
43646 2 5 9 1 0.043 0.182 0.444 0.806 0.44 224.929 0 237.8 31.567 0 0.72
43646 3 5 9 1 0.043 0.182 0.444 0.806 0.44 0.348 11 1.051 23.913 1 0
43646 4 5 9 1 0.043 0.182 0.444 0.806 0.44 104.673 7 127.189 36.367 0 0.433
43646 5 5 9 1 0.043 0.182 0.444 0.806 0.44 232.785 5 240.571 34.227 0 0.653
43646 6 5 9 1 0.043 0.182 0.444 0.806 0.44 0.796 9 3.892 29.493 0.72 0.04
43646 7 5 9 1 0.043 0.182 0.444 0.806 0.44 233.23 1 242.015 27.52 0 0.64
43646 8 5 9 1 0.043 0.182 0.444 0.806 0.44 0 11 1.208 16.767 1 0
43646 9 5 9 1 0.043 0.182 0.444 0.806 0.44 174.959 5 196.217 25.473 0 0.66
43646 10 5 9 1 0.043 0.182 0.444 0.806 0.44 112.961 3 150.694 29.347 0 0.58
43646 1 5 9 1 0.099 0.186 0.454 0.979 0.81 230.737 1 243.359 29.747 0 0.653
43646 2 5 9 1 0.099 0.186 0.454 0.979 0.81 232.769 1 244.426 33.593 0 0.673
43646 3 5 9 1 0.099 0.186 0.454 0.979 0.81 235.128 1 243.812 31.967 0 0.713
43646 4 5 9 1 0.099 0.186 0.454 0.979 0.81 229.747 3 244.361 34.88 0 0.687
43646 5 5 9 1 0.099 0.186 0.454 0.979 0.81 229.909 0 243.345 36.08 0 0.68
43646 6 5 9 1 0.099 0.186 0.454 0.979 0.81 228.938 0 243.209 28.807 0 0.727
43646 7 5 9 1 0.099 0.186 0.454 0.979 0.81 231.797 1 245.395 30.947 0 0.74
43646 8 5 9 1 0.099 0.186 0.454 0.979 0.81 235.542 2 246.406 30.513 0 0.747
43646 9 5 9 1 0.099 0.186 0.454 0.979 0.81 225.998 1 245.217 36.48 0 0.76
43646 10 5 9 1 0.099 0.186 0.454 0.979 0.81 232.288 2 244.238 35.727 0 0.693
43646 1 5 9 1 0.004 0.096 0.251 0.974 0.77 233.096 0 244.294 27.293 0 0.713
43646 2 5 9 1 0.004 0.096 0.251 0.974 0.77 232.446 0 244.15 33.313 0 0.707
43646 3 5 9 1 0.004 0.096 0.251 0.974 0.77 229.859 1 243.981 31.527 0 0.733
43646 4 5 9 1 0.004 0.096 0.251 0.974 0.77 234.837 2 245.218 31.527 0 0.7
43646 5 5 9 1 0.004 0.096 0.251 0.974 0.77 232.876 2 245.414 33 0 0.713
43646 6 5 9 1 0.004 0.096 0.251 0.974 0.77 230.947 0 242.773 30.853 0 0.767
43646 7 5 9 1 0.004 0.096 0.251 0.974 0.77 231.361 2 242.596 28.953 0 0.713
43646 8 5 9 1 0.004 0.096 0.251 0.974 0.77 233.26 1 244.934 36.387 0 0.713
43646 9 5 9 1 0.004 0.096 0.251 0.974 0.77 234.262 2 245.865 28.287 0 0.72
43646 10 5 9 1 0.004 0.096 0.251 0.974 0.77 225.349 1 243.304 31.927 0 0.72
43646 1 5 9 1 0.005 0.213 0.003 0.774 0.786 3.02 28 8.536 61.987 0.073 0
43646 2 5 9 1 0.005 0.213 0.003 0.774 0.786 4.25 28 6.715 59.127 0.087 0
43646 3 5 9 1 0.005 0.213 0.003 0.774 0.786 3.122 19 5.828 55.467 0.413 0
43646 4 5 9 1 0.005 0.213 0.003 0.774 0.786 3.872 31 6.616 59.853 0.187 0
43646 5 5 9 1 0.005 0.213 0.003 0.774 0.786 12.536 23 15.902 67.713 0 0
43646 6 5 9 1 0.005 0.213 0.003 0.774 0.786 3.132 22 5.554 59.287 0.313 0
43646 7 5 9 1 0.005 0.213 0.003 0.774 0.786 3.985 31 6.978 63.64 0.1 0
43646 8 5 9 1 0.005 0.213 0.003 0.774 0.786 5.085 31 8.886 63.573 0 0
43646 9 5 9 1 0.005 0.213 0.003 0.774 0.786 4.488 29 6.949 60.92 0.013 0
43646 10 5 9 1 0.005 0.213 0.003 0.774 0.786 3.412 21 6.268 54.647 0.233 0
43646 1 5 9 1 0.096 0.186 0.49 0.907 0.559 140.469 3 182.194 22.053 0 0.72
43646 2 5 9 1 0.096 0.186 0.49 0.907 0.559 233.212 2 243.319 26.627 0 0.673
43646 3 5 9 1 0.096 0.186 0.49 0.907 0.559 232.928 1 244.583 31.74 0 0.727
43646 4 5 9 1 0.096 0.186 0.49 0.907 0.559 233.679 2 244.623 26.58 0 0.753
43646 5 5 9 1 0.096 0.186 0.49 0.907 0.559 234.703 3 244.995 35.22 0 0.707
43646 6 5 9 1 0.096 0.186 0.49 0.907 0.559 234.48 2 244.355 29.513 0 0.693
43646 7 5 9 1 0.096 0.186 0.49 0.907 0.559 230.378 4 243.657 36.193 0 0.673
43646 8 5 9 1 0.096 0.186 0.49 0.907 0.559 231.37 0 242.72 26.793 0 0.713
43646 9 5 9 1 0.096 0.186 0.49 0.907 0.559 232.051 3 244.006 31.207 0 0.7
43646 10 5 9 1 0.096 0.186 0.49 0.907 0.559 189.549 4 212.167 28.107 0 0.64
43646 1 5 9 1 0.047 0.17 0.39 0.997 0.556 234.275 2 243.134 33.72 0 0.68
43646 2 5 9 1 0.047 0.17 0.39 0.997 0.556 196.609 3 235.86 31.107 0 0.753
43646 3 5 9 1 0.047 0.17 0.39 0.997 0.556 231.47 1 242.809 29.073 0 0.727
43646 4 5 9 1 0.047 0.17 0.39 0.997 0.556 230.226 0 244.718 30.827 0 0.773
43646 5 5 9 1 0.047 0.17 0.39 0.997 0.556 229.869 0 243.442 30.2 0 0.707
43646 6 5 9 1 0.047 0.17 0.39 0.997 0.556 6.89 7 39.294 21.453 0 0.073
43646 7 5 9 1 0.047 0.17 0.39 0.997 0.556 228.809 1 244.996 30.887 0 0.747
43646 8 5 9 1 0.047 0.17 0.39 0.997 0.556 3.746 9 14.548 28.467 0.087 0.007
43646 9 5 9 1 0.047 0.17 0.39 0.997 0.556 229.022 2 241.766 31.7 0 0.68
43646 10 5 9 1 0.047 0.17 0.39 0.997 0.556 230.014 0 243.533 30.627 0 0.713
43646 1 5 5 0 0.064 0.084 0.325 0.884 0.45 1.044 12 2.591 26.64 1 0
43646 2 5 5 0 0.064 0.084 0.325 0.884 0.45 1.384 10 2.901 28.847 0.913 0
43646 3 5 5 0 0.064 0.084 0.325 0.884 0.45 0 14 0.488 17.887 1 0
43646 4 5 5 0 0.064 0.084 0.325 0.884 0.45 0.547 11 1.95 26.853 1 0
43646 5 5 5 0 0.064 0.084 0.325 0.884 0.45 0 11 0.112 11 1 0
43646 6 5 5 0 0.064 0.084 0.325 0.884 0.45 1.442 10 2.84 26.84 1 0
43646 7 5 5 0 0.064 0.084 0.325 0.884 0.45 0.398 10 2.372 29.893 1 0
43646 8 5 5 0 0.064 0.084 0.325 0.884 0.45 0 5 0.113 5 1 1
43646 9 5 5 0 0.064 0.084 0.325 0.884 0.45 0.995 9 2.034 27.6 1 0.02
43646 10 5 5 0 0.064 0.084 0.325 0.884 0.45 0 5 0 5 1 1
43646 1 5 5 0 0.026 0.344 0.1 0.938 0.487 27.185 9 31.152 93.64 0 0.007
43646 2 5 5 0 0.026 0.344 0.1 0.938 0.487 11.295 14 18.087 70.66 0 0
43646 3 5 5 0 0.026 0.344 0.1 0.938 0.487 29.824 6 32.653 82.913 0 0.053
43646 4 5 5 0 0.026 0.344 0.1 0.938 0.487 26.465 4 31.338 86.887 0 0.167
43646 5 5 5 0 0.026 0.344 0.1 0.938 0.487 25.093 16 31.682 104.787 0 0
43646 6 5 5 0 0.026 0.344 0.1 0.938 0.487 27.715 9 31.203 102.027 0 0.053
43646 7 5 5 0 0.026 0.344 0.1 0.938 0.487 49.11 8 57.048 171.96 0 0.007
43646 8 5 5 0 0.026 0.344 0.1 0.938 0.487 37.339 13 41.533 133.987 0 0
43646 9 5 5 0 0.026 0.344 0.1 0.938 0.487 24.711 17 27.82 79.713 0 0
43646 10 5 5 0 0.026 0.344 0.1 0.938 0.487 26.225 11 29.631 89.073 0 0
43646 1 5 5 0 0.074 0.404 0.337 0.871 0.316 0.647 14 1.575 31.473 1 0
43646 2 5 5 0 0.074 0.404 0.337 0.871 0.316 22.394 9 28.419 74.073 0 0.013
43646 3 5 5 0 0.074 0.404 0.337 0.871 0.316 33.313 7 39.657 104 0 0.06
43646 4 5 5 0 0.074 0.404 0.337 0.871 0.316 19.531 17 22.347 74.193 0 0
43646 5 5 5 0 0.074 0.404 0.337 0.871 0.316 0.299 16 2.977 35.66 0.92 0
43646 6 5 5 0 0.074 0.404 0.337 0.871 0.316 0 4 0.044 4.14 1 1
43646 7 5 5 0 0.074 0.404 0.337 0.871 0.316 30.679 8 35.483 120.52 0 0.04
43646 8 5 5 0 0.074 0.404 0.337 0.871 0.316 55.494 12 61.488 170.007 0 0
43646 9 5 5 0 0.074 0.404 0.337 0.871 0.316 24.172 8 27.3 94.86 0 0.027
43646 10 5 5 0 0.074 0.404 0.337 0.871 0.316 29.185 14 37.514 133 0 0
43646 1 5 5 0 0.118 0.325 0.109 0.892 0.072 248.415 3330 249.632 4019.387 0 0
43646 2 5 5 0 0.118 0.325 0.109 0.892 0.072 247.965 3227 249.63 3699.847 0 0
43646 3 5 5 0 0.118 0.325 0.109 0.892 0.072 248.239 3234 249.701 3750.68 0 0
43646 4 5 5 0 0.118 0.325 0.109 0.892 0.072 247.528 2717 249.486 3101.507 0 0
43646 5 5 5 0 0.118 0.325 0.109 0.892 0.072 248.371 3252 249.72 3769.793 0 0
43646 6 5 5 0 0.118 0.325 0.109 0.892 0.072 247.73 3162 249.7 3675.16 0 0
43646 7 5 5 0 0.118 0.325 0.109 0.892 0.072 247.945 3020 249.588 3416.42 0 0
43646 8 5 5 0 0.118 0.325 0.109 0.892 0.072 247.852 3344 249.628 3874.787 0 0
43646 9 5 5 0 0.118 0.325 0.109 0.892 0.072 247.73 3322 249.64 3864.307 0 0
43646 10 5 5 0 0.118 0.325 0.109 0.892 0.072 248.148 2932 249.648 3639.673 0 0
43646 1 5 5 0 0.102 0.087 0.159 0.806 0.44 1.292 12 2.433 29.327 1 0
43646 2 5 5 0 0.102 0.087 0.159 0.806 0.44 0 7 0.014 7 1 1
43646 3 5 5 0 0.102 0.087 0.159 0.806 0.44 0.647 13 2.154 30.213 1 0
43646 4 5 5 0 0.102 0.087 0.159 0.806 0.44 0.497 13 1.953 34.007 1 0
43646 5 5 5 0 0.102 0.087 0.159 0.806 0.44 1.044 17 2.427 34.713 1 0
43646 6 5 5 0 0.102 0.087 0.159 0.806 0.44 0.149 10 1.616 23.473 0.987 0
43646 7 5 5 0 0.102 0.087 0.159 0.806 0.44 6.523 15 9.73 56.007 0 0
43646 8 5 5 0 0.102 0.087 0.159 0.806 0.44 0 13 0.059 13 1 0
43646 9 5 5 0 0.102 0.087 0.159 0.806 0.44 0.696 17 1.521 33.627 1 0
43646 10 5 5 0 0.102 0.087 0.159 0.806 0.44 0.299 8 1.844 25.673 1 0.02
43646 1 5 5 0 0.076 0.349 0.009 0.892 0.761 8.665 12 14.137 63.827 0 0
43646 2 5 5 0 0.076 0.349 0.009 0.892 0.761 3.313 18 5.349 51.64 0.507 0
43646 3 5 5 0 0.076 0.349 0.009 0.892 0.761 5.394 13 8.496 64 0 0
43646 4 5 5 0 0.076 0.349 0.009 0.892 0.761 4.406 17 7.436 56.973 0.033 0
43646 5 5 5 0 0.076 0.349 0.009 0.892 0.761 1.79 17 4.836 48.873 0.547 0
43646 6 5 5 0 0.076 0.349 0.009 0.892 0.761 2.287 9 4.114 43.413 0.807 0.02
43646 7 5 5 0 0.076 0.349 0.009 0.892 0.761 2.875 10 5.664 51.04 0.44 0
43646 8 5 5 0 0.076 0.349 0.009 0.892 0.761 3.768 12 6.331 54.34 0.253 0
43646 9 5 5 0 0.076 0.349 0.009 0.892 0.761 3.695 14 7.123 58.48 0.127 0
43646 10 5 5 0 0.076 0.349 0.009 0.892 0.761 1.144 17 5.525 53.753 0.34 0
43646 1 5 5 0 0.075 0.096 0.16 0.927 0.457 0.149 9 0.643 12.54 1 0.433
43646 2 5 5 0 0.075 0.096 0.16 0.927 0.457 0.498 10 1.624 28.173 1 0
43646 3 5 5 0 0.075 0.096 0.16 0.927 0.457 1.043 11 2.763 30.06 1 0
43646 4 5 5 0 0.075 0.096 0.16 0.927 0.457 1.591 12 2.845 32.733 1 0
43646 5 5 5 0 0.075 0.096 0.16 0.927 0.457 0 14 0.143 14 1 0
43646 6 5 5 0 0.075 0.096 0.16 0.927 0.457 1.144 15 2.467 32.133 1 0
43646 7 5 5 0 0.075 0.096 0.16 0.927 0.457 0.896 11 2.059 26.153 1 0
43646 8 5 5 0 0.075 0.096 0.16 0.927 0.457 0.547 11 1.341 26.813 1 0
43646 9 5 5 0 0.075 0.096 0.16 0.927 0.457 0.845 13 1.748 25.827 1 0
43646 10 5 5 0 0.075 0.096 0.16 0.927 0.457 1.79 10 4.25 34.413 0.66 0
43646 1 5 5 0 0.011 0.326 0.146 0.784 0.968 1.69 16 2.773 35.527 1 0
43646 2 5 5 0 0.011 0.326 0.146 0.784 0.968 0.448 15 2.045 32.9 1 0
43646 3 5 5 0 0.011 0.326 0.146 0.784 0.968 1.143 8 2.407 29.733 1 0.033
43646 4 5 5 0 0.011 0.326 0.146 0.784 0.968 0.1 11 0.971 18.82 1 0
43646 5 5 5 0 0.011 0.326 0.146 0.784 0.968 0.994 16 1.921 31.1 1 0
43646 6 5 5 0 0.011 0.326 0.146 0.784 0.968 0.199 18 1.237 26.947 1 0
43646 7 5 5 0 0.011 0.326 0.146 0.784 0.968 1.243 8 2.49 26.227 1 0.027
43646 8 5 5 0 0.011 0.326 0.146 0.784 0.968 0.746 11 2.044 28.907 1 0
43646 9 5 5 0 0.011 0.326 0.146 0.784 0.968 0.647 13 1.403 29.44 1 0
43646 10 5 5 0 0.011 0.326 0.146 0.784 0.968 0 11 1.791 20.8 1 0
43646 1 5 5 0 0.007 0.455 0.375 0.983 0.14 72.807 13 79.658 268.587 0 0
43646 2 5 5 0 0.007 0.455 0.375 0.983 0.14 61.097 17 68.284 232.647 0 0
43646 3 5 5 0 0.007 0.455 0.375 0.983 0.14 78.755 55 86.159 273.933 0 0
43646 4 5 5 0 0.007 0.455 0.375 0.983 0.14 99.691 9 109.67 310.133 0 0.007
43646 5 5 5 0 0.007 0.455 0.375 0.983 0.14 61.751 11 69.022 251.913 0 0
43646 6 5 5 0 0.007 0.455 0.375 0.983 0.14 65.726 10 73.782 217.213 0 0
43646 7 5 5 0 0.007 0.455 0.375 0.983 0.14 74.208 12 79.303 225.907 0 0
43646 8 5 5 0 0.007 0.455 0.375 0.983 0.14 55.247 16 67.491 211.473 0 0
43646 9 5 5 0 0.007 0.455 0.375 0.983 0.14 51.443 5 60.931 144.347 0 0.247
43646 10 5 5 0 0.007 0.455 0.375 0.983 0.14 65.229 15 71.741 215.113 0 0
43646 1 5 5 0 0.06 0.034 0.073 0.924 0.486 0.547 14 1.406 26.553 1 0
43646 2 5 5 0 0.06 0.034 0.073 0.924 0.486 0.746 19 1.814 32.8 1 0
43646 3 5 5 0 0.06 0.034 0.073 0.924 0.486 1.342 7 2.393 26.387 1 0.04
43646 4 5 5 0 0.06 0.034 0.073 0.924 0.486 0.05 8 0.091 8 1 1
43646 5 5 5 0 0.06 0.034 0.073 0.924 0.486 0 10 0.002 10 1 0
43646 6 5 5 0 0.06 0.034 0.073 0.924 0.486 1.194 9 2.053 23.933 1 0.013
43646 7 5 5 0 0.06 0.034 0.073 0.924 0.486 0.796 14 2.485 32.253 0.98 0
43646 8 5 5 0 0.06 0.034 0.073 0.924 0.486 0.796 15 1.592 29.6 1 0
43646 9 5 5 0 0.06 0.034 0.073 0.924 0.486 0.497 18 1.626 32.1 1 0
43646 10 5 5 0 0.06 0.034 0.073 0.924 0.486 0.729 14 2.129 31.267 1 0
43646 1 5 5 0 0.076 0.068 0.389 0.853 0.764 0.596 14 2.002 30.613 1 0
43646 2 5 5 0 0.076 0.068 0.389 0.853 0.764 0.945 19 1.859 30.7 1 0
43646 3 5 5 0 0.076 0.068 0.389 0.853 0.764 0.846 6 1.789 24.047 1 0.073
43646 4 5 5 0 0.076 0.068 0.389 0.853 0.764 0.199 10 1.232 21.707 1 0
43646 5 5 5 0 0.076 0.068 0.389 0.853 0.764 1.243 8 2.454 26.86 1 0.02
43646 6 5 5 0 0.076 0.068 0.389 0.853 0.764 1.194 15 2.725 33.547 0.987 0
43646 7 5 5 0 0.076 0.068 0.389 0.853 0.764 0.547 14 1.663 28.16 1 0
43646 8 5 5 0 0.076 0.068 0.389 0.853 0.764 0.597 12 1.715 27.76 1 0
43646 9 5 5 0 0.076 0.068 0.389 0.853 0.764 0 8 0.182 8 1 1
43646 1 5 6 0 0.109 0.033 0.439 0.959 0.397 0.05 6 0.282 9.5 1 0.307
43646 2 5 6 0 0.109 0.033 0.439 0.959 0.397 0.398 14 1.434 26.987 1 0
43646 3 5 6 0 0.109 0.033 0.439 0.959 0.397 0.547 10 1.743 23.087 1 0
43646 4 5 6 0 0.109 0.033 0.439 0.959 0.397 0.646 11 1.822 25.133 1 0
43646 5 5 6 0 0.109 0.033 0.439 0.959 0.397 0.746 16 1.954 31.32 1 0
43646 6 5 6 0 0.109 0.033 0.439 0.959 0.397 0 10 0.059 10 1 0
43646 7 5 6 0 0.109 0.033 0.439 0.959 0.397 0 4 0.094 4 1 1
43646 8 5 6 0 0.109 0.033 0.439 0.959 0.397 0.796 12 1.904 30.1 1 0
43646 9 5 6 0 0.109 0.033 0.439 0.959 0.397 0.895 11 2.011 28.407 1 0
43646 10 5 6 0 0.109 0.033 0.439 0.959 0.397 0.943 9 2.236 28.12 1 0.027
43646 1 5 6 0 0.084 0.036 0.127 0.793 0.617 0.944 13 2.287 32.207 1 0
43646 2 5 6 0 0.084 0.036 0.127 0.793 0.617 0.498 12 1.801 29.22 1 0
43646 3 5 6 0 0.084 0.036 0.127 0.793 0.617 0.647 10 1.741 21.453 1 0
43646 4 5 6 0 0.084 0.036 0.127 0.793 0.617 0 2 0.026 2 1 1
43646 5 5 6 0 0.084 0.036 0.127 0.793 0.617 0.299 15 2.024 34.28 1 0
43646 6 5 6 0 0.084 0.036 0.127 0.793 0.617 0.746 12 2.043 23.68 1 0
43646 7 5 6 0 0.084 0.036 0.127 0.793 0.617 0 16 1.104 27.707 1 0
43646 8 5 6 0 0.084 0.036 0.127 0.793 0.617 0.199 9 1.649 24.42 1 0.007
43646 9 5 6 0 0.084 0.036 0.127 0.793 0.617 0 6 0.109 6 1 1
43646 10 5 6 0 0.084 0.036 0.127 0.793 0.617 0.597 17 1.952 31.44 1 0
43646 1 5 6 0 0.077 0.314 0.368 0.87 0.557 0.647 12 1.632 29.893 1 0
43646 2 5 6 0 0.077 0.314 0.368 0.87 0.557 0.299 12 1.575 29.44 1 0
43646 3 5 6 0 0.077 0.314 0.368 0.87 0.557 0 13 0.119 13 1 0
43646 4 5 6 0 0.077 0.314 0.368 0.87 0.557 0 7 0.167 7 1 1
43646 5 5 6 0 0.077 0.314 0.368 0.87 0.557 0.299 14 1.757 29.927 1 0
43646 6 5 6 0 0.077 0.314 0.368 0.87 0.557 0.647 11 1.973 27.633 1 0
43646 7 5 6 0 0.077 0.314 0.368 0.87 0.557 0.597 13 1.504 27.007 1 0
43646 8 5 6 0 0.077 0.314 0.368 0.87 0.557 0.597 14 2.462 31.653 0.96 0
43646 9 5 6 0 0.077 0.314 0.368 0.87 0.557 0.646 16 1.491 31.013 1 0
43646 10 5 6 0 0.077 0.314 0.368 0.87 0.557 0.498 9 1.719 24.647 1 0.067
43646 1 5 6 0 0.086 0.412 0.291 0.823 0.667 0.597 11 1.657 27.727 1 0
43646 2 5 6 0 0.086 0.412 0.291 0.823 0.667 0.05 16 0.204 16 1 0
43646 3 5 6 0 0.086 0.412 0.291 0.823 0.667 0 13 0.229 15.013 1 0
43646 4 5 6 0 0.086 0.412 0.291 0.823 0.667 0.1 22 1.221 29.913 1 0
43646 5 5 6 0 0.086 0.412 0.291 0.823 0.667 0 7 0.012 7 1 1
43646 6 5 6 0 0.086 0.412 0.291 0.823 0.667 0.845 5 2.08 25.533 1 0.053
43646 7 5 6 0 0.086 0.412 0.291 0.823 0.667 0.796 11 2 24.993 1 0
43646 8 5 6 0 0.086 0.412 0.291 0.823 0.667 0.746 14 1.581 26.1 1 0
43646 9 5 6 0 0.086 0.412 0.291 0.823 0.667 0 12 0.011 12 1 0
43646 10 5 6 0 0.086 0.412 0.291 0.823 0.667 0.796 13 2.233 30 1 0
43646 1 5 6 0 0.05 0.172 0.13 0.905 0.039 247.495 2490 249.366 2996.573 0 0
43646 2 5 6 0 0.05 0.172 0.13 0.905 0.039 248.167 2489 249.551 3087.593 0 0
43646 3 5 6 0 0.05 0.172 0.13 0.905 0.039 247.862 2354 249.501 2914.247 0 0
43646 4 5 6 0 0.05 0.172 0.13 0.905 0.039 248.326 2848 249.623 3319.48 0 0
43646 5 5 6 0 0.05 0.172 0.13 0.905 0.039 247.404 2259 249.458 2883.967 0 0
43646 6 5 6 0 0.05 0.172 0.13 0.905 0.039 247.95 2496 249.585 3010.9 0 0
43646 7 5 6 0 0.05 0.172 0.13 0.905 0.039 247.628 2375 249.574 3046.26 0 0
43646 8 5 6 0 0.05 0.172 0.13 0.905 0.039 248.031 2685 249.612 3440.84 0 0
43646 9 5 6 0 0.05 0.172 0.13 0.905 0.039 247.872 2647 249.583 3121.487 0 0
43646 10 5 6 0 0.05 0.172 0.13 0.905 0.039 247.617 2465 249.497 3223.96 0 0
43646 1 5 6 0 0.115 0.413 0.228 0.917 0.287 230.02 17 240.648 944.507 0 0
43646 2 5 6 0 0.115 0.413 0.228 0.917 0.287 232.798 35 241.579 874.4 0 0
43646 3 5 6 0 0.115 0.413 0.228 0.917 0.287 167.17 31 175.649 582.933 0 0
43646 4 5 6 0 0.115 0.413 0.228 0.917 0.287 231.499 80 241.418 927.34 0 0
43646 5 5 6 0 0.115 0.413 0.228 0.917 0.287 185.203 6 192.511 661.533 0 0.007
43646 6 5 6 0 0.115 0.413 0.228 0.917 0.287 226.801 4 242.297 889.073 0 0.053
43646 7 5 6 0 0.115 0.413 0.228 0.917 0.287 184.582 6 195.698 717.12 0 0.053
43646 8 5 6 0 0.115 0.413 0.228 0.917 0.287 184.305 43 191.7 678.087 0 0
43646 9 5 6 0 0.115 0.413 0.228 0.917 0.287 166.653 5 174.165 567.813 0 0.047
43646 10 5 6 0 0.115 0.413 0.228 0.917 0.287 231.433 317 240.507 1023.84 0 0
43646 1 5 6 0 0.032 0.446 0.133 0.861 0.278 234.956 27 243.49 1068.967 0 0
43646 2 5 6 0 0.032 0.446 0.133 0.861 0.278 232.398 2 242.134 978.727 0 0.007
43646 3 5 6 0 0.032 0.446 0.133 0.861 0.278 228.973 60 241.946 1047.78 0 0
43646 4 5 6 0 0.032 0.446 0.133 0.861 0.278 227.486 23 242.674 1017.9 0 0
43646 5 5 6 0 0.032 0.446 0.133 0.861 0.278 233.901 42 242.981 1039.793 0 0
43646 6 5 6 0 0.032 0.446 0.133 0.861 0.278 235.62 6 243.291 1055.58 0 0.007
43646 7 5 6 0 0.032 0.446 0.133 0.861 0.278 232.787 155 241.909 1048.067 0 0
43646 8 5 6 0 0.032 0.446 0.133 0.861 0.278 232.01 184 242.796 1035.533 0 0
43646 9 5 6 0 0.032 0.446 0.133 0.861 0.278 232.784 4 242.916 1054.08 0 0.02
43646 10 5 6 0 0.032 0.446 0.133 0.861 0.278 233.21 36 243.347 1010.193 0 0
43646 1 5 6 0 0.107 0.477 0.389 0.814 0.116 228.873 128 242.43 1117.247 0 0
43646 2 5 6 0 0.107 0.477 0.389 0.814 0.116 228.426 240 243.49 1059.113 0 0
43646 3 5 6 0 0.107 0.477 0.389 0.814 0.116 229.025 5 242.532 1040.567 0 0.02
43646 4 5 6 0 0.107 0.477 0.389 0.814 0.116 228.069 91 242.957 1043.687 0 0
43646 5 5 6 0 0.107 0.477 0.389 0.814 0.116 239.355 113 243.953 1168.52 0 0
43646 6 5 6 0 0.107 0.477 0.389 0.814 0.116 235.22 269 243.76 1082.04 0 0
43646 7 5 6 0 0.107 0.477 0.389 0.814 0.116 234.258 329 243.086 1257.393 0 0
43646 8 5 6 0 0.107 0.477 0.389 0.814 0.116 236.134 280 244.562 1287.527 0 0
43646 9 5 6 0 0.107 0.477 0.389 0.814 0.116 235.461 143 243.999 1114.453 0 0
43646 10 5 6 0 0.107 0.477 0.389 0.814 0.116 233.919 517 243.056 1281.8 0 0
43646 1 5 6 0 0.026 0.11 0.035 0.82 0.014 248.867 4743 249.848 5345.513 0 0
43646 2 5 6 0 0.026 0.11 0.035 0.82 0.014 248.955 5722 249.942 6528.627 0 0
43646 3 5 6 0 0.026 0.11 0.035 0.82 0.014 249.041 4920 249.863 5930.833 0 0
43646 4 5 6 0 0.026 0.11 0.035 0.82 0.014 249.165 5069 249.891 5767.427 0 0
43646 5 5 6 0 0.026 0.11 0.035 0.82 0.014 248.731 5023 249.873 5721.26 0 0
43646 6 5 6 0 0.026 0.11 0.035 0.82 0.014 248.561 4133 249.792 4831.373 0 0
43646 7 5 6 0 0.026 0.11 0.035 0.82 0.014 248.783 4396 249.833 5458.747 0 0
43646 8 5 6 0 0.026 0.11 0.035 0.82 0.014 247.991 4234 249.799 4701.353 0 0
43646 9 5 6 0 0.026 0.11 0.035 0.82 0.014 248.722 4259 249.801 4784.787 0 0
43646 10 5 6 0 0.026 0.11 0.035 0.82 0.014 248.645 4348 249.842 5361.18 0 0
43646 1 5 6 0 0.049 0.281 0.296 0.953 0.671 0 14 0.146 14 1 0
43646 2 5 6 0 0.049 0.281 0.296 0.953 0.671 0.795 10 2.054 27.347 1 0
43646 3 5 6 0 0.049 0.281 0.296 0.953 0.671 0.05 7 0.868 15.613 1 0.26
43646 4 5 6 0 0.049 0.281 0.296 0.953 0.671 0.448 7 1.743 21.627 1 0.087
43646 5 5 6 0 0.049 0.281 0.296 0.953 0.671 0.696 10 1.582 28.267 1 0
43646 6 5 6 0 0.049 0.281 0.296 0.953 0.671 0.497 12 1.472 23.653 1 0
43646 7 5 6 0 0.049 0.281 0.296 0.953 0.671 0 16 0.99 26.927 1 0
43646 8 5 6 0 0.049 0.281 0.296 0.953 0.671 0.597 19 1.476 28.573 1 0
43646 9 5 6 0 0.049 0.281 0.296 0.953 0.671 0 14 0.436 18.947 1 0
43646 10 5 6 0 0.049 0.281 0.296 0.953 0.671 0.746 13 1.74 27.92 1 0
43646 1 5 6 0 0.082 0.402 0.145 0.823 0.585 0.1 11 1.156 21.367 1 0
43646 1 5 4 0 0.038 0.336 0.394 0.951 0.938 1.095 13 2.037 30.807 1 0
43646 2 5 4 0 0.038 0.336 0.394 0.951 0.938 2.447 19 4.138 39.347 0.86 0
43646 3 5 4 0 0.038 0.336 0.394 0.951 0.938 0 14 0.386 15.913 1 0
43646 4 5 4 0 0.038 0.336 0.394 0.951 0.938 0.298 17 1.204 29.56 1 0
43646 5 5 4 0 0.038 0.336 0.394 0.951 0.938 0.448 10 1.591 26.847 1 0
43646 6 5 4 0 0.038 0.336 0.394 0.951 0.938 1.937 20 2.779 39.693 1 0
43646 7 5 4 0 0.038 0.336 0.394 0.951 0.938 0.05 16 0.851 22.92 1 0
43646 8 5 4 0 0.038 0.336 0.394 0.951 0.938 0 15 0.106 15 1 0
43646 9 5 4 0 0.038 0.336 0.394 0.951 0.938 0.944 8 2.491 29.62 0.98 0.013
43646 10 5 4 0 0.038 0.336 0.394 0.951 0.938 0.737 14 2.676 34.1 1 0
43646 1 5 4 0 0.099 0.336 0.494 0.762 0.715 0 10 0.768 19.687 1 0
43646 2 5 4 0 0.099 0.336 0.494 0.762 0.715 0.547 12 1.649 27.807 1 0
43646 3 5 4 0 0.099 0.336 0.494 0.762 0.715 0 13 0.086 13 1 0
43646 4 5 4 0 0.099 0.336 0.494 0.762 0.715 1.39 15 2.805 35.127 1 0
43646 5 5 4 0 0.099 0.336 0.494 0.762 0.715 2.683 9 4.338 35.713 0.713 0.027
43646 6 5 4 0 0.099 0.336 0.494 0.762 0.715 0.845 21 2.12 33.573 1 0
43646 7 5 4 0 0.099 0.336 0.494 0.762 0.715 1.144 11 2.812 30.68 0.96 0
43646 8 5 4 0 0.099 0.336 0.494 0.762 0.715 0.994 13 2.07 30.513 1 0
43646 9 5 4 0 0.099 0.336 0.494 0.762 0.715 0.299 11 1.599 28.333 1 0
43646 10 5 4 0 0.099 0.336 0.494 0.762 0.715 0 10 0.071 10 1 0
43646 1 5 4 0 0.007 0.197 0.246 0.795 0.252 44.115 12 52.131 167.767 0 0
43646 2 5 4 0 0.007 0.197 0.246 0.795 0.252 21.592 14 26.492 106.647 0 0
43646 3 5 4 0 0.007 0.197 0.246 0.795 0.252 28.059 6 30.846 73.9 0 0.087
43646 4 5 4 0 0.007 0.197 0.246 0.795 0.252 29.735 10 32.195 94.64 0 0
43646 5 5 4 0 0.007 0.197 0.246 0.795 0.252 46.569 11 49.927 136.587 0 0
43646 6 5 4 0 0.007 0.197 0.246 0.795 0.252 28.41 13 31.623 102.327 0 0
43646 7 5 4 0 0.007 0.197 0.246 0.795 0.252 61.688 12 66.212 173.98 0 0
43646 8 5 4 0 0.007 0.197 0.246 0.795 0.252 41.832 12 49.204 158.8 0 0
43646 9 5 4 0 0.007 0.197 0.246 0.795 0.252 24.537 13 28.104 86.953 0 0
43646 10 5 4 0 0.007 0.197 0.246 0.795 0.252 25.617 14 29.086 84.133 0 0
43646 1 5 4 0 0.03 0.436 0.439 0.795 0.946 0.498 10 1.471 25.18 1 0
43646 2 5 4 0 0.03 0.436 0.439 0.795 0.946 0 8 0.15 8 1 1
43646 3 5 4 0 0.03 0.436 0.439 0.795 0.946 0.746 8 2.384 28.067 1 0.047
43646 4 5 4 0 0.03 0.436 0.439 0.795 0.946 0.646 12 1.613 25.167 1 0
43646 5 5 4 0 0.03 0.436 0.439 0.795 0.946 0.448 15 2.205 31.147 1 0
43646 6 5 4 0 0.03 0.436 0.439 0.795 0.946 0.895 16 2.262 34.42 1 0
43646 7 5 4 0 0.03 0.436 0.439 0.795 0.946 0.447 14 1.824 34.073 1 0
43646 8 5 4 0 0.03 0.436 0.439 0.795 0.946 0.497 16 1.857 32.353 1 0
43646 9 5 4 0 0.03 0.436 0.439 0.795 0.946 0.796 12 1.884 28.14 1 0
43646 10 5 4 0 0.03 0.436 0.439 0.795 0.946 1.044 15 2.2 31.613 1 0
43646 1 5 4 0 0.095 0.311 0.328 0.826 0.164 233.58 175 242.401 951.08 0 0
43646 2 5 4 0 0.095 0.311 0.328 0.826 0.164 171.045 51 181.124 599.52 0 0
43646 3 5 4 0 0.095 0.311 0.328 0.826 0.164 234.696 3 242.954 1007.167 0 0.013
43646 4 5 4 0 0.095 0.311 0.328 0.826 0.164 237.088 6 243.356 992.24 0 0.013
43646 5 5 4 0 0.095 0.311 0.328 0.826 0.164 182.368 21 191.804 611.16 0 0
43646 6 5 4 0 0.095 0.311 0.328 0.826 0.164 177.421 6 195.844 606.273 0 0.02
43646 7 5 4 0 0.095 0.311 0.328 0.826 0.164 233.292 84 241.722 896.18 0 0
43646 8 5 4 0 0.095 0.311 0.328 0.826 0.164 188.923 147 198.874 743.113 0 0
43646 9 5 4 0 0.095 0.311 0.328 0.826 0.164 230.395 330 241.686 935.913 0 0
43646 10 5 4 0 0.095 0.311 0.328 0.826 0.164 175.727 49 184.871 646.98 0 0
43646 1 5 4 0 0.097 0.302 0.284 0.814 0.93 0 14 0.145 14 1 0
43646 2 5 4 0 0.097 0.302 0.284 0.814 0.93 0.746 8 2.326 27.8 1 0.007
43646 3 5 4 0 0.097 0.302 0.284 0.814 0.93 1.53 10 3.269 30.727 0.993 0
43646 4 5 4 0 0.097 0.302 0.284 0.814 0.93 0.199 12 1.692 29.053 1 0
43646 5 5 4 0 0.097 0.302 0.284 0.814 0.93 1.691 9 2.712 27.147 1 0.033
43646 6 5 4 0 0.097 0.302 0.284 0.814 0.93 1.866 14 3.106 34.333 1 0
43646 7 5 4 0 0.097 0.302 0.284 0.814 0.93 0.597 14 1.903 31.313 1 0
43646 8 5 4 0 0.097 0.302 0.284 0.814 0.93 0 16 0.225 16.707 1 0
43646 9 5 4 0 0.097 0.302 0.284 0.814 0.93 0.547 15 1.747 30.013 1 0
43646 10 5 4 0 0.097 0.302 0.284 0.814 0.93 0.697 10 1.892 28.627 1 0
43646 1 5 4 0 0.069 0.336 0.057 0.989 0.503 42.271 10 46.418 104.633 0 0
43646 2 5 4 0 0.069 0.336 0.057 0.989 0.503 87.129 7 98.014 213.507 0 0.053
43646 3 5 4 0 0.069 0.336 0.057 0.989 0.503 78.336 6 90.751 210.433 0 0.093
43646 4 5 4 0 0.069 0.336 0.057 0.989 0.503 55.673 4 64.755 141.287 0 0.087
43646 5 5 4 0 0.069 0.336 0.057 0.989 0.503 81.036 9 87.922 230.813 0 0.02
43646 6 5 4 0 0.069 0.336 0.057 0.989 0.503 45.028 13 57.932 140.547 0 0
43646 7 5 4 0 0.069 0.336 0.057 0.989 0.503 77.221 19 86.376 223.48 0 0
43646 8 5 4 0 0.069 0.336 0.057 0.989 0.503 27.517 17 40.032 114.42 0 0
43646 9 5 4 0 0.069 0.336 0.057 0.989 0.503 27.79 11 35.641 82.033 0 0
43646 10 5 4 0 0.069 0.336 0.057 0.989 0.503 20.535 14 26.629 97.04 0 0
43646 1 5 4 0 0.005 0.159 0.223 0.787 0.375 0.895 19 2.236 36.02 1 0
43646 2 5 4 0 0.005 0.159 0.223 0.787 0.375 0.646 13 1.94 30.8 1 0
43646 3 5 4 0 0.005 0.159 0.223 0.787 0.375 0 8 0.183 8 1 1
43646 4 5 4 0 0.005 0.159 0.223 0.787 0.375 0.697 15 2.313 30.7 1 0
43646 5 5 4 0 0.005 0.159 0.223 0.787 0.375 0.944 11 2.424 32.293 0.987 0
43646 6 5 4 0 0.005 0.159 0.223 0.787 0.375 0 6 0.142 6 1 1
43646 7 5 4 0 0.005 0.159 0.223 0.787 0.375 0.199 13 0.488 16.88 1 0
43646 8 5 4 0 0.005 0.159 0.223 0.787 0.375 0 12 0.01 12 1 0
43646 9 5 4 0 0.005 0.159 0.223 0.787 0.375 0.788 20 2.745 41.153 1 0
43646 10 5 4 0 0.005 0.159 0.223 0.787 0.375 1.341 15 3.098 37.067 0.987 0
43646 1 5 4 0 0.108 0.403 0.357 0.959 0.644 0.597 10 1.805 24.46 1 0
43646 2 5 4 0 0.108 0.403 0.357 0.959 0.644 0 10 0.048 10 1 0
43646 3 5 4 0 0.108 0.403 0.357 0.959 0.644 0 8 0.017 8 1 1
43646 4 5 4 0 0.108 0.403 0.357 0.959 0.644 0 12 0.57 15.487 1 0
43646 5 5 4 0 0.108 0.403 0.357 0.959 0.644 0.596 10 1.77 27.467 1 0
43646 6 5 4 0 0.108 0.403 0.357 0.959 0.644 0.597 11 2.117 26.453 1 0
43646 7 5 4 0 0.108 0.403 0.357 0.959 0.644 1.094 19 2.144 34.907 1 0
43646 8 5 4 0 0.108 0.403 0.357 0.959 0.644 0 12 0.198 13.04 1 0
43646 9 5 4 0 0.108 0.403 0.357 0.959 0.644 0.844 14 1.945 32.133 1 0
43646 10 5 4 0 0.108 0.403 0.357 0.959 0.644 0.448 16 1.618 31.947 1 0
43646 1 5 4 0 0.094 0.132 0.212 0.833 0.106 233.058 281 245.144 1156.773 0 0
43646 2 5 4 0 0.094 0.132 0.212 0.833 0.106 233.395 506 241.579 1100.72 0 0
43646 3 5 4 0 0.094 0.132 0.212 0.833 0.106 236.215 477 242.795 1112.493 0 0
43646 4 5 4 0 0.094 0.132 0.212 0.833 0.106 238.525 248 244.787 1150.053 0 0
43646 5 5 4 0 0.094 0.132 0.212 0.833 0.106 227.293 142 243.225 1101.5 0 0
43646 6 5 4 0 0.094 0.132 0.212 0.833 0.106 234.136 461 244.244 1167.44 0 0
43646 7 5 4 0 0.094 0.132 0.212 0.833 0.106 234.579 442 243.352 1203.493 0 0
43646 8 5 4 0 0.094 0.132 0.212 0.833 0.106 233.255 528 243.896 1195.893 0 0
43646 9 5 4 0 0.094 0.132 0.212 0.833 0.106 238.059 314 244.923 1211.967 0 0
43646 10 5 4 0 0.094 0.132 0.212 0.833 0.106 234.21 488 244.158 1130.9 0 0
43646 1 5 4 0 0.021 0.085 0.086 0.901 0.69 1.095 19 2.043 34.867 1 0
43646 2 5 4 0 0.021 0.085 0.086 0.901 0.69 0.796 19 1.983 34.9 1 0
43646 3 5 4 0 0.021 0.085 0.086 0.901 0.69 1.044 12 2.547 32.98 1 0
43646 4 5 4 0 0.021 0.085 0.086 0.901 0.69 0.796 11 1.551 29.173 1 0
43646 5 5 4 0 0.021 0.085 0.086 0.901 0.69 0.348 11 2.047 29.107 1 0
43646 6 5 4 0 0.021 0.085 0.086 0.901 0.69 0 10 1.022 19.107 1 0
43646 7 5 4 0 0.021 0.085 0.086 0.901 0.69 0 9 0.219 16.287 1 0.007
43646 8 5 4 0 0.021 0.085 0.086 0.901 0.69 0.05 7 0.853 18.42 1 0.053
43646 9 5 4 0 0.021 0.085 0.086 0.901 0.69 1.044 20 2.068 35.333 1 0
43646 10 5 4 0 0.021 0.085 0.086 0.901 0.69 1.989 12 2.832 32.453 1 0
43646 1 5 4 0 0.109 0.212 0.257 0.773 0.919 0.1 16 0.306 17.607 1 0
43646 2 5 4 0 0.109 0.212 0.257 0.773 0.919 0 8 0.046 8 1 1
43646 3 5 4 0 0.109 0.212 0.257 0.773 0.919 0 13 0.226 14.827 1 0
43646 4 5 4 0 0.109 0.212 0.257 0.773 0.919 0 14 0.082 14 1 0
43646 5 5 4 0 0.109 0.212 0.257 0.773 0.919 0.546 12 2.574 33.033 0.967 0
43646 6 5 4 0 0.109 0.212 0.257 0.773 0.919 1.194 10 2.256 29.747 1 0
43646 1 5 3 0 0.062 0.263 0.182 0.755 0.82 1.342 10 3.401 35.92 0.967 0
43646 2 5 3 0 0.062 0.263 0.182 0.755 0.82 0.945 21 2.562 38.84 1 0
43646 3 5 3 0 0.062 0.263 0.182 0.755 0.82 0.895 15 2.679 34.413 0.993 0
43646 4 5 3 0 0.062 0.263 0.182 0.755 0.82 1.242 19 2.624 36.993 1 0
43646 5 5 3 0 0.062 0.263 0.182 0.755 0.82 0.845 18 2.03 32.62 1 0
43646 6 5 3 0 0.062 0.263 0.182 0.755 0.82 1.293 16 3.089 34.133 0.98 0
43646 7 5 3 0 0.062 0.263 0.182 0.755 0.82 1.194 20 2.037 33.153 1 0
43646 8 5 3 0 0.062 0.263 0.182 0.755 0.82 0 12 0.734 18.827 1 0
43646 9 5 3 0 0.062 0.263 0.182 0.755 0.82 1.541 19 2.84 37.947 1 0
43646 10 5 3 0 0.062 0.263 0.182 0.755 0.82 0.647 12 2.882 31.32 0.993 0
43646 1 5 3 0 0.083 0.092 0.083 0.776 0.763 1.491 12 2.774 32.68 1 0
43646 2 5 3 0 0.083 0.092 0.083 0.776 0.763 1.244 15 2.469 34.34 1 0
43646 3 5 3 0 0.083 0.092 0.083 0.776 0.763 0.796 16 1.84 30.48 1 0
43646 4 5 3 0 0.083 0.092 0.083 0.776 0.763 1.343 21 2.92 37.293 0.933 0
43646 5 5 3 0 0.083 0.092 0.083 0.776 0.763 0.746 15 2.067 30.547 1 0
43646 6 5 3 0 0.083 0.092 0.083 0.776 0.763 0.697 13 1.789 29.793 1 0
43646 7 5 3 0 0.083 0.092 0.083 0.776 0.763 0.149 11 0.85 19.653 1 0
43646 8 5 3 0 0.083 0.092 0.083 0.776 0.763 1.044 10 2.307 31.613 1 0
43646 9 5 3 0 0.083 0.092 0.083 0.776 0.763 0.348 12 1.269 31.2 1 0
43646 10 5 3 0 0.083 0.092 0.083 0.776 0.763 1.293 13 2.27 31.167 1 0
43646 1 5 3 0 0.108 0.088 0.252 0.903 0.993 0.846 12 2.322 31.853 1 0
43646 2 5 3 0 0.108 0.088 0.252 0.903 0.993 0.597 15 2.355 28.047 0.94 0
43646 3 5 3 0 0.108 0.088 0.252 0.903 0.993 0.697 16 1.586 32.22 1 0
43646 4 5 3 0 0.108 0.088 0.252 0.903 0.993 1.293 15 2.223 35.313 1 0
43646 5 5 3 0 0.108 0.088 0.252 0.903 0.993 1.788 10 2.593 30.093 1 0
43646 6 5 3 0 0.108 0.088 0.252 0.903 0.993 0.547 12 1.779 28.4 1 0
43646 7 5 3 0 0.108 0.088 0.252 0.903 0.993 1.24 17 2.842 40.8 1 0
43646 8 5 3 0 0.108 0.088 0.252 0.903 0.993 0.945 15 2.36 31.247 0.993 0
43646 9 5 3 0 0.108 0.088 0.252 0.903 0.993 0.647 15 1.785 31.247 1 0
43646 10 5 3 0 0.108 0.088 0.252 0.903 0.993 0.994 12 1.992 28.08 1 0
43646 1 5 3 0 0.037 0.076 0.162 0.804 0.914 0.846 14 2.334 35.533 1 0
43646 2 5 3 0 0.037 0.076 0.162 0.804 0.914 0.944 14 1.845 30.66 1 0
43646 3 5 3 0 0.037 0.076 0.162 0.804 0.914 0.796 14 1.994 29.92 1 0
43646 4 5 3 0 0.037 0.076 0.162 0.804 0.914 0 9 0.068 9 1 1
43646 5 5 3 0 0.037 0.076 0.162 0.804 0.914 0.647 22 2.302 37.327 1 0
43646 6 5 3 0 0.037 0.076 0.162 0.804 0.914 0.846 15 2.393 28.127 1 0
43646 7 5 3 0 0.037 0.076 0.162 0.804 0.914 0.944 16 2.588 35.4 1 0
43646 8 5 3 0 0.037 0.076 0.162 0.804 0.914 0.646 14 2.467 29.473 0.987 0
43646 9 5 3 0 0.037 0.076 0.162 0.804 0.914 0.498 18 1.801 34.487 1 0
43646 10 5 3 0 0.037 0.076 0.162 0.804 0.914 0.696 14 1.484 27.16 1 0
43646 1 5 3 0 0.106 0.209 0.057 0.865 0.007 249.161 5090 249.919 6278.087 0 0
43646 2 5 3 0 0.106 0.209 0.057 0.865 0.007 249.521 6124 249.966 7077.087 0 0
43646 3 5 3 0 0.106 0.209 0.057 0.865 0.007 249.258 6425 249.946 7581.387 0 0
43646 4 5 3 0 0.106 0.209 0.057 0.865 0.007 249.521 6697 249.965 7574.46 0 0
43646 5 5 3 0 0.106 0.209 0.057 0.865 0.007 248.997 6361 249.935 7453.173 0 0
43646 6 5 3 0 0.106 0.209 0.057 0.865 0.007 249.565 6628 249.96 7582.373 0 0
43646 7 5 3 0 0.106 0.209 0.057 0.865 0.007 248.951 5525 249.884 6570.827 0 0
43646 8 5 3 0 0.106 0.209 0.057 0.865 0.007 249.347 6188 249.943 7236.68 0 0
43646 9 5 3 0 0.106 0.209 0.057 0.865 0.007 249.653 5895 249.975 8301.327 0 0
43646 10 5 3 0 0.106 0.209 0.057 0.865 0.007 249.12 6145 249.951 7120.18 0 0
43646 1 5 3 0 0.049 0.387 0.284 0.937 0.691 0.796 15 2.542 35.32 0.993 0
43646 2 5 3 0 0.049 0.387 0.284 0.937 0.691 0.05 15 2.151 33.113 0.973 0
43646 3 5 3 0 0.049 0.387 0.284 0.937 0.691 1.14 8 2.366 31.013 1 0.073
43646 4 5 3 0 0.049 0.387 0.284 0.937 0.691 0 13 0.784 19.88 1 0
43646 5 5 3 0 0.049 0.387 0.284 0.937 0.691 1.094 14 2.167 30.82 1 0
43646 6 5 3 0 0.049 0.387 0.284 0.937 0.691 0 12 0.264 13.667 1 0
43646 7 5 3 0 0.049 0.387 0.284 0.937 0.691 1.631 14 3.548 34.573 1 0
43646 8 5 3 0 0.049 0.387 0.284 0.937 0.691 0.05 10 0.687 17.073 1 0
43646 9 5 3 0 0.049 0.387 0.284 0.937 0.691 1.691 16 2.507 35.88 1 0
43646 10 5 3 0 0.049 0.387 0.284 0.937 0.691 0 13 0.129 13 1 0
43646 1 5 3 0 0.035 0.106 0.135 0.809 0.456 1.093 12 2.486 34.72 0.947 0
43646 2 5 3 0 0.035 0.106 0.135 0.809 0.456 18.615 12 22.174 74.433 0 0
43646 3 5 3 0 0.035 0.106 0.135 0.809 0.456 0.448 15 1.388 30.36 1 0
43646 4 5 3 0 0.035 0.106 0.135 0.809 0.456 3.345 17 6.974 55.92 0.193 0
43646 5 5 3 0 0.035 0.106 0.135 0.809 0.456 27.409 13 30.272 103.313 0 0
43646 6 5 3 0 0.035 0.106 0.135 0.809 0.456 28.512 13 31.072 105.72 0 0
43646 7 5 3 0 0.035 0.106 0.135 0.809 0.456 1.489 13 3.025 38.48 0.993 0
43646 8 5 3 0 0.035 0.106 0.135 0.809 0.456 21.205 15 24.143 69.24 0 0
43646 9 5 3 0 0.035 0.106 0.135 0.809 0.456 1.144 13 2.88 33.807 1 0
43646 10 5 3 0 0.035 0.106 0.135 0.809 0.456 16.789 12 20.648 63.167 0 0
43646 1 5 3 0 0.004 0.208 0.445 0.934 0.479 1.393 14 2.473 35.72 1 0
43646 2 5 3 0 0.004 0.208 0.445 0.934 0.479 1.889 17 4.204 38.72 0.653 0
43646 3 5 3 0 0.004 0.208 0.445 0.934 0.479 0.249 13 1.772 26.92 1 0
43646 4 5 3 0 0.004 0.208 0.445 0.934 0.479 0.597 14 1.268 24.88 1 0
43646 5 5 3 0 0.004 0.208 0.445 0.934 0.479 1.143 9 2.607 33.32 1 0.007
43646 6 5 3 0 0.004 0.208 0.445 0.934 0.479 0.945 16 2.118 29.647 1 0
43646 7 5 3 0 0.004 0.208 0.445 0.934 0.479 0.647 17 2.542 34.873 1 0
43646 8 5 3 0 0.004 0.208 0.445 0.934 0.479 0.845 18 2.54 36.72 0.987 0
43646 9 5 3 0 0.004 0.208 0.445 0.934 0.479 1.919 16 3.083 35.56 1 0
43646 10 5 3 0 0.004 0.208 0.445 0.934 0.479 0.846 20 1.893 31.64 1 0
43646 1 5 3 0 0.102 0.419 0.466 0.993 0.822 0 12 0.877 20.447 1 0
43646 2 5 3 0 0.102 0.419 0.466 0.993 0.822 1.095 13 3.008 32.6 0.987 0
43646 3 5 3 0 0.102 0.419 0.466 0.993 0.822 0.249 10 1.265 23.393 1 0
43646 4 5 3 0 0.102 0.419 0.466 0.993 0.822 0.696 20 1.921 34.413 1 0
43646 5 5 3 0 0.102 0.419 0.466 0.993 0.822 0.945 10 2.89 29.573 1 0
43646 6 5 3 0 0.102 0.419 0.466 0.993 0.822 1.198 14 3.439 38.42 0.947 0
43646 7 5 3 0 0.102 0.419 0.466 0.993 0.822 0.796 11 2.481 31.82 0.973 0
43646 8 5 3 0 0.102 0.419 0.466 0.993 0.822 1.243 17 2.318 36.373 1 0
43646 9 5 3 0 0.102 0.419 0.466 0.993 0.822 1.292 20 2.434 36.76 1 0
43646 10 5 3 0 0.102 0.419 0.466 0.993 0.822 1.095 17 3.927 42.093 0.673 0
43646 1 5 3 0 0.028 0.221 0.406 0.844 0.281 1.094 16 2.147 32.033 1 0
43646 2 5 3 0 0.028 0.221 0.406 0.844 0.281 21.439 10 27.152 89.367 0 0
43646 3 5 3 0 0.028 0.221 0.406 0.844 0.281 0.149 12 1.502 24.427 1 0
43646 4 5 3 0 0.028 0.221 0.406 0.844 0.281 20.517 6 23.039 83.767 0 0.06
43646 5 5 3 0 0.028 0.221 0.406 0.844 0.281 0.896 13 2.777 34.04 0.96 0
43646 6 5 3 0 0.028 0.221 0.406 0.844 0.281 25.423 8 28.461 87.64 0 0.027
43646 7 5 3 0 0.028 0.221 0.406 0.844 0.281 0.896 9 4.024 38.7 0.72 0.02
43646 8 5 3 0 0.028 0.221 0.406 0.844 0.281 0.745 19 2.098 35.213 1 0
43646 9 5 3 0 0.028 0.221 0.406 0.844 0.281 2.301 12 7.162 47.573 0.313 0
43646 10 5 3 0 0.028 0.221 0.406 0.844 0.281 6.203 16 8.653 50 0 0
43646 1 5 3 0 0.067 0.488 0.234 0.855 0.488 5.168 15 9.038 57.34 0 0
43646 2 5 3 0 0.067 0.488 0.234 0.855 0.488 17.203 10 24.963 81.467 0 0
43646 3 5 3 0 0.067 0.488 0.234 0.855 0.488 0.846 18 3.469 39.147 0.813 0
43646 4 5 3 0 0.067 0.488 0.234 0.855 0.488 12.403 11 17.641 62.567 0 0
43646 5 5 3 0 0.067 0.488 0.234 0.855 0.488 31.144 12 35.944 85.46 0 0
43646 1 5 6 0 0.093 0.414 0.164 0.767 0.146 245.205 1364 248.441 2178.953 0 0
43646 2 5 6 0 0.093 0.414 0.164 0.767 0.146 245.82 1583 248.874 2268.353 0 0
43646 3 5 6 0 0.093 0.414 0.164 0.767 0.146 243.709 1540 248.53 2194.027 0 0
43646 4 5 6 0 0.093 0.414 0.164 0.767 0.146 246.917 1780 248.963 2195.22 0 0
43646 5 5 6 0 0.093 0.414 0.164 0.767 0.146 245.333 1488 248.811 2368.26 0 0
43646 6 5 6 0 0.093 0.414 0.164 0.767 0.146 244.567 1580 248.677 2133.887 0 0
43646 7 5 6 0 0.093 0.414 0.164 0.767 0.146 245.51 1363 249.069 2362.02 0 0
43646 8 5 6 0 0.093 0.414 0.164 0.767 0.146 246.43 1492 249.259 2401.673 0 0
43646 9 5 6 0 0.093 0.414 0.164 0.767 0.146 240.609 1455 248.483 2274 0 0
43646 10 5 6 0 0.093 0.414 0.164 0.767 0.146 246.27 1463 248.949 2256.1 0 0
43646 1 5 6 0 0.119 0.26 0.413 0.784 0.824 2.454 12 4.808 31.6 0.587 0
43646 2 5 6 0 0.119 0.26 0.413 0.784 0.824 0 9 0.126 9 1 1
43646 3 5 6 0 0.119 0.26 0.413 0.784 0.824 0.697 9 1.977 25.393 1 0.02
43646 4 5 6 0 0.119 0.26 0.413 0.784 0.824 0 10 0.007 10 1 0
43646 5 5 6 0 0.119 0.26 0.413 0.784 0.824 0.05 13 0.621 18.847 1 0
43646 6 5 6 0 0.119 0.26 0.413 0.784 0.824 0.497 4 2.189 22.127 1 0.067
43646 7 5 6 0 0.119 0.26 0.413 0.784 0.824 1.193 12 2.453 28.273 1 0
43646 8 5 6 0 0.119 0.26 0.413 0.784 0.824 0 22 0.783 28.693 1 0
43646 9 5 6 0 0.119 0.26 0.413 0.784 0.824 0.944 10 2.021 26.12 1 0
43646 10 5 6 0 0.119 0.26 0.413 0.784 0.824 0.547 19 1.435 31.44 1 0
43646 1 5 6 0 0.087 0.416 0.42 0.787 0.65 1.143 20 2.329 35.113 1 0
43646 2 5 6 0 0.087 0.416 0.42 0.787 0.65 0.547 8 1.631 24.353 1 0.06
43646 3 5 6 0 0.087 0.416 0.42 0.787 0.65 0.746 9 1.464 23.613 1 0.027
43646 4 5 6 0 0.087 0.416 0.42 0.787 0.65 1.094 15 2.26 32.527 1 0
43646 5 5 6 0 0.087 0.416 0.42 0.787 0.65 0.746 17 1.344 28.913 1 0
43646 6 5 6 0 0.087 0.416 0.42 0.787 0.65 0.05 8 0.205 8.353 1 0.827
43646 7 5 6 0 0.087 0.416 0.42 0.787 0.65 0.597 12 1.866 26.52 1 0
43646 8 5 6 0 0.087 0.416 0.42 0.787 0.65 0.647 7 1.644 23.467 1 0.033
43646 9 5 6 0 0.087 0.416 0.42 0.787 0.65 0.199 11 1.013 18.393 1 0
43646 10 5 6 0 0.087 0.416 0.42 0.787 0.65 0.448 10 1.633 23.847 1 0
43646 1 5 6 0 0.112 0.216 0.389 0.975 0.923 1.144 13 2.05 25.693 1 0
43646 2 5 6 0 0.112 0.216 0.389 0.975 0.923 1.342 10 2.312 26.893 1 0
43646 3 5 6 0 0.112 0.216 0.389 0.975 0.923 0.646 13 1.953 27.94 1 0
43646 4 5 6 0 0.112 0.216 0.389 0.975 0.923 0.547 11 2.079 29.167 1 0
43646 5 5 6 0 0.112 0.216 0.389 0.975 0.923 0.498 14 1.225 28.18 1 0
43646 6 5 6 0 0.112 0.216 0.389 0.975 0.923 0.846 11 2.562 28.907 1 0
43646 7 5 6 0 0.112 0.216 0.389 0.975 0.923 0.895 14 1.87 28.14 1 0
43646 8 5 6 0 0.112 0.216 0.389 0.975 0.923 0.746 12 2.079 30.087 1 0
43646 9 5 6 0 0.112 0.216 0.389 0.975 0.923 0.995 4 2.94 23.767 1 0.113
43646 10 5 6 0 0.112 0.216 0.389 0.975 0.923 0.299 13 1.741 29.653 1 0
43646 1 5 6 0 0.078 0.473 0.213 0.778 0.904 0.646 12 2.039 29.78 1 0
43646 2 5 6 0 0.078 0.473 0.213 0.778 0.904 0 12 0.2 12 1 0
43646 3 5 6 0 0.078 0.473 0.213 0.778 0.904 0.05 15 0.99 22.5 1 0
43646 4 5 6 0 0.078 0.473 0.213 0.778 0.904 1.094 13 2.513 30.507 1 0
43646 5 5 6 0 0.078 0.473 0.213 0.778 0.904 0 11 0.207 11.033 1 0
43646 6 5 6 0 0.078 0.473 0.213 0.778 0.904 0.199 13 1.251 25.96 1 0
43646 7 5 6 0 0.078 0.473 0.213 0.778 0.904 1.144 18 2.533 34.18 1 0
43646 8 5 6 0 0.078 0.473 0.213 0.778 0.904 0.199 15 1.009 21.707 1 0
43646 9 5 6 0 0.078 0.473 0.213 0.778 0.904 0 6 0 6 1 1
43646 10 5 6 0 0.078 0.473 0.213 0.778 0.904 0.498 10 1.144 28.12 1 0
43646 1 5 6 0 0.024 0.1 0.449 0.924 0.689 0 9 0.037 9 1 1
43646 2 5 6 0 0.024 0.1 0.449 0.924 0.689 1.144 18 1.988 30.293 1 0
43646 3 5 6 0 0.024 0.1 0.449 0.924 0.689 1.591 16 3.118 35.5 0.973 0
43646 4 5 6 0 0.024 0.1 0.449 0.924 0.689 0.945 18 1.769 30.413 1 0
43646 5 5 6 0 0.024 0.1 0.449 0.924 0.689 0 9 0.133 9 1 1
43646 6 5 6 0 0.024 0.1 0.449 0.924 0.689 0 12 0.685 18.587 1 0
43646 7 5 6 0 0.024 0.1 0.449 0.924 0.689 1.095 18 1.799 30.967 1 0
43646 8 5 6 0 0.024 0.1 0.449 0.924 0.689 0 11 0.074 11 1 0
43646 9 5 6 0 0.024 0.1 0.449 0.924 0.689 0.746 10 2.134 28.9 1 0
43646 10 5 6 0 0.024 0.1 0.449 0.924 0.689 0 9 0.006 11.9 1 0.253
43646 1 5 6 0 0.098 0.075 0.384 0.771 0.977 0.846 12 2.11 29.78 1 0
43646 2 5 6 0 0.098 0.075 0.384 0.771 0.977 1.094 12 1.987 30.313 1 0
43646 3 5 6 0 0.098 0.075 0.384 0.771 0.977 0.348 12 1.33 25.58 1 0
43646 4 5 6 0 0.098 0.075 0.384 0.771 0.977 0.498 15 1.742 31.467 1 0
43646 5 5 6 0 0.098 0.075 0.384 0.771 0.977 0 10 0.059 10 1 0
43646 6 5 6 0 0.098 0.075 0.384 0.771 0.977 0 13 0.774 23.507 1 0
43646 7 5 6 0 0.098 0.075 0.384 0.771 0.977 0.348 5 1.907 22.387 1 0.113
43646 8 5 6 0 0.098 0.075 0.384 0.771 0.977 0 15 0.138 15 1 0
43646 9 5 6 0 0.098 0.075 0.384 0.771 0.977 0 14 0.544 17.867 1 0
43646 10 5 6 0 0.098 0.075 0.384 0.771 0.977 0 11 0.396 13.753 1 0
43646 1 5 6 0 0.113 0.152 0.359 0.971 0.596 0.597 11 1.765 29.087 1 0
43646 2 5 6 0 0.113 0.152 0.359 0.971 0.596 0.697 9 1.525 22.82 1 0.02
43646 3 5 6 0 0.113 0.152 0.359 0.971 0.596 1.49 5 3.452 30.793 0.993 0.04
43646 4 5 6 0 0.113 0.152 0.359 0.971 0.596 0.448 6 1.82 19.173 1 0.173
43646 5 5 6 0 0.113 0.152 0.359 0.971 0.596 0.696 11 1.898 28.667 1 0
43646 6 5 6 0 0.113 0.152 0.359 0.971 0.596 0 13 0.14 13.867 1 0
43646 7 5 6 0 0.113 0.152 0.359 0.971 0.596 0 11 0.084 11 1 0
43646 8 5 6 0 0.113 0.152 0.359 0.971 0.596 0 8 0.137 8 1 1
43646 9 5 6 0 0.113 0.152 0.359 0.971 0.596 1.134 8 2.367 27.54 1 0.047
43646 10 5 6 0 0.113 0.152 0.359 0.971 0.596 0.1 13 0.33 14.7 1 0
43646 1 5 6 0 0.024 0.213 0.136 0.755 0.755 0 10 0.035 10 1 0
43646 2 5 6 0 0.024 0.213 0.136 0.755 0.755 0 12 0.093 12 1 0
43646 3 5 6 0 0.024 0.213 0.136 0.755 0.755 0 10 0.13 10 1 0
43646 4 5 6 0 0.024 0.213 0.136 0.755 0.755 0.05 13 0.435 17.933 1 0
43646 5 5 6 0 0.024 0.213 0.136 0.755 0.755 0 9 0.12 9 1 1
43646 6 5 6 0 0.024 0.213 0.136 0.755 0.755 0.547 14 1.429 28.393 1 0
43646 7 5 6 0 0.024 0.213 0.136 0.755 0.755 0 9 0.012 9 1 1
43646 8 5 6 0 0.024 0.213 0.136 0.755 0.755 0 7 0.009 7 1 1
43646 9 5 6 0 0.024 0.213 0.136 0.755 0.755 0.845 11 2.024 29.533 1 0
43646 10 5 6 0 0.024 0.213 0.136 0.755 0.755 0.895 12 2.18 27.987 1 0
43646 1 5 6 0 0.039 0.127 0.229 0.805 0.865 0 10 0.068 10 1 0
43646 2 5 6 0 0.039 0.127 0.229 0.805 0.865 1.242 13 2.296 30.073 1 0
43646 3 5 6 0 0.039 0.127 0.229 0.805 0.865 0 8 0.171 8 1 1
43646 4 5 6 0 0.039 0.127 0.229 0.805 0.865 0.348 17 1.681 30.993 1 0
43646 5 5 6 0 0.039 0.127 0.229 0.805 0.865 0 15 0.05 15 1 0
43646 6 5 6 0 0.039 0.127 0.229 0.805 0.865 0.447 14 1.356 27.06 1 0
43646 7 5 6 0 0.039 0.127 0.229 0.805 0.865 0.348 14 1.46 26.173 1 0
43646 8 5 6 0 0.039 0.127 0.229 0.805 0.865 0.1 13 0.303 15.18 1 0
43646 9 5 6 0 0.039 0.127 0.229 0.805 0.865 0.547 10 1.612 28.507 1 0
43646 10 5 6 0 0.039 0.127 0.229 0.805 0.865 0.139 14 1.352 24.807 1 0
43646 1 5 6 0 0.09 0.069 0.306 0.922 0.021 243.078 814 247.317 1712.153 0 0
43646 2 5 6 0 0.09 0.069 0.306 0.922 0.021 240.087 644 245.879 1457.667 0 0
43646 3 5 6 0 0.09 0.069 0.306 0.922 0.021 234.717 957 245.616 1749.753 0 0
43646 4 5 6 0 0.09 0.069 0.306 0.922 0.021 234.357 461 245.744 1439.8 0 0
43646 5 5 6 0 0.09 0.069 0.306 0.922 0.021 240.184 888 247.233 1810.173 0 0
43646 6 5 6 0 0.09 0.069 0.306 0.922 0.021 239.88 638 246.659 1619.593 0 0
43646 7 5 6 0 0.09 0.069 0.306 0.922 0.021 234.782 950 245.712 1702.507 0 0
43646 8 5 6 0 0.09 0.069 0.306 0.922 0.021 239.875 687 246.55 1677.307 0 0
43646 9 5 6 0 0.09 0.069 0.306 0.922 0.021 235.479 727 245.556 1558.287 0 0
43646 10 5 6 0 0.09 0.069 0.306 0.922 0.021 241.19 625 246.627 1626.707 0 0
43646 1 5 6 0 0.083 0.348 0.016 0.826 0.328 248.562 3018 249.688 3408.333 0 0
43646 2 5 6 0 0.083 0.348 0.016 0.826 0.328 247.653 3281 249.658 3686 0 0
43646 3 5 6 0 0.083 0.348 0.016 0.826 0.328 247.66 3338 249.639 3921.933 0 0
43646 4 5 6 0 0.083 0.348 0.016 0.826 0.328 248.426 3462 249.749 4024.2 0 0
43646 5 5 6 0 0.083 0.348 0.016 0.826 0.328 247.932 3432 249.662 3984.187 0 0
43646 6 5 6 0 0.083 0.348 0.016 0.826 0.328 248.508 3185 249.722 4104.74 0 0
43646 1 5 6 0 0.05 0.231 0.047 0.968 0.597 1.392 14 3.864 43.76 0.773 0
43646 2 5 6 0 0.05 0.231 0.047 0.968 0.597 10.795 13 13.234 58.233 0 0
43646 3 5 6 0 0.05 0.231 0.047 0.968 0.597 11.759 9 14.204 55.6 0 0.007
43646 4 5 6 0 0.05 0.231 0.047 0.968 0.597 0 9 0.154 9 1 1
43646 5 5 6 0 0.05 0.231 0.047 0.968 0.597 0.746 14 2.11 28.54 1 0
43646 6 5 6 0 0.05 0.231 0.047 0.968 0.597 18.442 13 20.539 54.153 0 0
43646 7 5 6 0 0.05 0.231 0.047 0.968 0.597 6.922 5 10.228 53.6 0 0.06
43646 8 5 6 0 0.05 0.231 0.047 0.968 0.597 0.647 12 2.647 35.813 0.88 0
43646 9 5 6 0 0.05 0.231 0.047 0.968 0.597 10.539 6 12.895 48.087 0 0.047
43646 10 5 6 0 0.05 0.231 0.047 0.968 0.597 10.707 7 14.866 52.767 0 0.047
43646 1 5 6 0 0.088 0.255 0.275 0.882 0.718 0.05 14 0.102 14 1 0
43646 2 5 6 0 0.088 0.255 0.275 0.882 0.718 0 8 0.049 8 1 1
43646 3 5 6 0 0.088 0.255 0.275 0.882 0.718 0.994 14 1.991 31.68 1 0
43646 4 5 6 0 0.088 0.255 0.275 0.882 0.718 0 7 0.064 7.38 1 0.907
43646 5 5 6 0 0.088 0.255 0.275 0.882 0.718 0.746 8 2.467 24.727 1 0.053
43646 6 5 6 0 0.088 0.255 0.275 0.882 0.718 0.498 17 1.862 33.633 1 0
43646 7 5 6 0 0.088 0.255 0.275 0.882 0.718 0.895 11 2.054 27.593 1 0
43646 8 5 6 0 0.088 0.255 0.275 0.882 0.718 0.498 8 1.482 24.22 1 0.047
43646 9 5 6 0 0.088 0.255 0.275 0.882 0.718 0.547 16 1.618 27.4 1 0
43646 10 5 6 0 0.088 0.255 0.275 0.882 0.718 0.696 13 1.759 27.273 1 0
43646 1 5 6 0 0.03 0.191 0.272 0.794 0.19 0.398 12 2.582 34.833 0.96 0
43646 2 5 6 0 0.03 0.191 0.272 0.794 0.19 75.745 5 82.526 257.233 0 0.02
43646 3 5 6 0 0.03 0.191 0.272 0.794 0.19 24.655 8 30.17 103.1 0 0.053
43646 4 5 6 0 0.03 0.191 0.272 0.794 0.19 65.86 9 71.206 197.8 0 0.027
43646 5 5 6 0 0.03 0.191 0.272 0.794 0.19 37.241 4 42.197 124.673 0 0.053
43646 6 5 6 0 0.03 0.191 0.272 0.794 0.19 42.321 10 50.947 142.64 0 0
43646 7 5 6 0 0.03 0.191 0.272 0.794 0.19 31.702 8 37.161 138.64 0 0.007
43646 8 5 6 0 0.03 0.191 0.272 0.794 0.19 36.044 16 42.168 150.107 0 0
43646 9 5 6 0 0.03 0.191 0.272 0.794 0.19 66.007 8 71.031 203.347 0 0.02
43646 10 5 6 0 0.03 0.191 0.272 0.794 0.19 77.81 11 83.678 281.02 0 0
43646 1 5 6 0 0.053 0.156 0.226 0.852 0.485 0.746 13 1.886 27.3 1 0
43646 2 5 6 0 0.053 0.156 0.226 0.852 0.485 0.994 14 2.056 29.833 1 0
43646 3 5 6 0 0.053 0.156 0.226 0.852 0.485 1.539 11 3.186 28.5 1 0
43646 4 5 6 0 0.053 0.156 0.226 0.852 0.485 0.836 12 1.938 26.307 1 0
43646 5 5 6 0 0.053 0.156 0.226 0.852 0.485 0.845 15 1.942 31.1 1 0
43646 6 5 6 0 0.053 0.156 0.226 0.852 0.485 0.1 8 0.426 13.66 1 0.413
43646 7 5 6 0 0.053 0.156 0.226 0.852 0.485 0.896 15 2.103 29.52 1 0
43646 8 5 6 0 0.053 0.156 0.226 0.852 0.485 0 9 0.018 9 1 1
43646 9 5 6 0 0.053 0.156 0.226 0.852 0.485 0.647 10 1.761 31.58 1 0
43646 10 5 6 0 0.053 0.156 0.226 0.852 0.485 0 9 1.115 15.32 1 0.393
43646 1 5 6 0 0.104 0.221 0.426 0.965 0.568 0.348 13 1.535 27.113 1 0
43646 2 5 6 0 0.104 0.221 0.426 0.965 0.568 0.398 17 1.09 25.467 1 0
43646 3 5 6 0 0.104 0.221 0.426 0.965 0.568 0.498 13 1.382 24.587 1 0
43646 4 5 6 0 0.104 0.221 0.426 0.965 0.568 0 10 0.26 11.093 1 0
43646 5 5 6 0 0.104 0.221 0.426 0.965 0.568 0.796 9 1.816 23.073 1 0.007
43646 6 5 6 0 0.104 0.221 0.426 0.965 0.568 0.547 11 1.735 28.507 1 0
43646 7 5 6 0 0.104 0.221 0.426 0.965 0.568 0.149 16 1.018 25.167 1 0
43646 8 5 6 0 0.104 0.221 0.426 0.965 0.568 0.199 17 1.316 28.753 1 0
43646 9 5 6 0 0.104 0.221 0.426 0.965 0.568 0.498 6 1.841 26.873 1 0.053
43646 10 5 6 0 0.104 0.221 0.426 0.965 0.568 0 9 0.179 9 1 1
43646 1 5 6 0 0.099 0.056 0.418 0.977 0.953 0.547 10 1.8 29.2 1 0
43646 2 5 6 0 0.099 0.056 0.418 0.977 0.953 0 11 0.503 15.68 1 0
43646 3 5 6 0 0.099 0.056 0.418 0.977 0.953 1.194 15 2.302 31.16 1 0
43646 4 5 6 0 0.099 0.056 0.418 0.977 0.953 0.448 4 1.159 17.94 1 0.207
43646 5 5 6 0 0.099 0.056 0.418 0.977 0.953 1.094 11 2.317 30.82 1 0
43646 6 5 6 0 0.099 0.056 0.418 0.977 0.953 0 11 0.209 16.633 1 0
43646 7 5 6 0 0.099 0.056 0.418 0.977 0.953 0 8 0.188 9.633 1 0.693
43646 8 5 6 0 0.099 0.056 0.418 0.977 0.953 0.945 8 2.082 24.907 1 0.067
43646 9 5 6 0 0.099 0.056 0.418 0.977 0.953 0.498 15 1.938 26.593 1 0
43646 10 5 6 0 0.099 0.056 0.418 0.977 0.953 0.547 12 2.162 27.253 1 0
43646 1 5 6 0 0.006 0.395 0.321 0.793 0.285 29.423 5 34.017 60.733 0 0.267
43646 2 5 6 0 0.006 0.395 0.321 0.793 0.285 0 11 0.117 11 1 0
43646 3 5 6 0 0.006 0.395 0.321 0.793 0.285 29.226 11 33.633 90.927 0 0
43646 4 5 6 0 0.006 0.395 0.321 0.793 0.285 0.498 11 1.898 30.34 0.993 0
43646 5 5 6 0 0.006 0.395 0.321 0.793 0.285 21.82 7 23.556 67.467 0 0.093
43646 6 5 6 0 0.006 0.395 0.321 0.793 0.285 0.597 7 2.13 26.707 1 0.033
43646 7 5 6 0 0.006 0.395 0.321 0.793 0.285 0 15 0.219 15 1 0
43646 8 5 6 0 0.006 0.395 0.321 0.793 0.285 31.452 10 34.591 79.007 0 0
43646 9 5 6 0 0.006 0.395 0.321 0.793 0.285 0 9 0.06 9 1 1
43646 10 5 6 0 0.006 0.395 0.321 0.793 0.285 19.641 14 22.768 62.36 0 0
43646 1 5 6 0 0.013 0.21 0.428 0.937 0.229 0.546 14 1.897 29.267 1 0
43646 2 5 6 0 0.013 0.21 0.428 0.937 0.229 0.299 11 2.224 29.4 0.92 0
43646 3 5 6 0 0.013 0.21 0.428 0.937 0.229 0.795 12 2.693 27.113 1 0
43646 4 5 6 0 0.013 0.21 0.428 0.937 0.229 0 10 0.039 10 1 0
43646 5 5 6 0 0.013 0.21 0.428 0.937 0.229 1.242 13 2.464 28.193 1 0
43646 6 5 6 0 0.013 0.21 0.428 0.937 0.229 0 11 0.684 18.147 1 0
43646 7 5 6 0 0.013 0.21 0.428 0.937 0.229 0.05 15 0.593 19.54 1 0
43646 8 5 6 0 0.013 0.21 0.428 0.937 0.229 0 9 0.061 9 1 1
43646 9 5 6 0 0.013 0.21 0.428 0.937 0.229 0.597 9 1.966 25.693 1 0.04
43646 10 5 6 0 0.013 0.21 0.428 0.937 0.229 1.045 13 1.932 27.433 1 0
43646 1 5 6 0 0.065 0.342 0.468 0.876 0.631 0.895 7 2.221 23.693 1 0.027
43646 2 5 6 0 0.065 0.342 0.468 0.876 0.631 0.597 9 2.207 25.18 1 0.013
43646 3 5 6 0 0.065 0.342 0.468 0.876 0.631 0.597 10 1.189 21.013 1 0
43646 4 5 6 0 0.065 0.342 0.468 0.876 0.631 0.05 10 0.768 18.74 1 0
43646 5 5 6 0 0.065 0.342 0.468 0.876 0.631 0.348 15 1.619 29.987 1 0
43646 6 5 6 0 0.065 0.342 0.468 0.876 0.631 0.1 12 1.624 27.407 1 0
43646 7 5 6 0 0.065 0.342 0.468 0.876 0.631 2.138 12 3.352 31.427 0.98 0
43646 8 5 6 0 0.065 0.342 0.468 0.876 0.631 0.398 13 1.548 26.187 1 0
43646 9 5 6 0 0.065 0.342 0.468 0.876 0.631 1.036 13 2.31 31.707 1 0
43646 10 5 6 0 0.065 0.342 0.468 0.876 0.631 0.447 13 1.634 27.353 1 0
43646 1 5 6 0 0.115 0.366 0.11 0.817 0.628 0.547 12 2.094 31.22 1 0
43646 2 5 6 0 0.115 0.366 0.11 0.817 0.628 2.92 11 4.43 39.853 0.747 0
43646 3 5 6 0 0.115 0.366 0.11 0.817 0.628 0.547 14 2.594 34.853 0.993 0
43646 4 5 6 0 0.115 0.366 0.11 0.817 0.628 1.087 11 2.286 31.56 1 0
43646 5 5 6 0 0.115 0.366 0.11 0.817 0.628 0.796 10 2.613 32.027 0.973 0
43646 6 5 6 0 0.115 0.366 0.11 0.817 0.628 1.044 10 2.695 28.52 0.993 0
43646 1 5 7 1 0.027 0.036 0.082 0.817 0.001 248.315 3872 249.708 4248.767 0 0
43646 2 5 7 1 0.027 0.036 0.082 0.817 0.001 248.101 3792 249.745 4584.807 0 0
43646 3 5 7 1 0.027 0.036 0.082 0.817 0.001 248.241 3573 249.76 4464.793 0 0
43646 4 5 7 1 0.027 0.036 0.082 0.817 0.001 248.431 3824 249.799 4631.6 0 0
43646 5 5 7 1 0.027 0.036 0.082 0.817 0.001 248.281 4037 249.755 4517.813 0 0
43646 6 5 7 1 0.027 0.036 0.082 0.817 0.001 248.656 3676 249.744 4496.153 0 0
43646 7 5 7 1 0.027 0.036 0.082 0.817 0.001 248.827 4582 249.818 4997.22 0 0
43646 8 5 7 1 0.027 0.036 0.082 0.817 0.001 249.002 4219 249.77 4817.787 0 0
43646 9 5 7 1 0.027 0.036 0.082 0.817 0.001 247.175 3064 249.593 3834.913 0 0
43646 10 5 7 1 0.027 0.036 0.082 0.817 0.001 248.757 3708 249.704 4149.793 0 0
43646 1 5 7 1 0.073 0.341 0.295 0.797 0.05 245.368 1631 248.53 1944.4 0 0
43646 2 5 7 1 0.073 0.341 0.295 0.797 0.05 246.636 1589 248.993 2022.913 0 0
43646 3 5 7 1 0.073 0.341 0.295 0.797 0.05 245.071 1556 248.762 1902.833 0 0
43646 4 5 7 1 0.073 0.341 0.295 0.797 0.05 244.77 1537 248.72 1993.527 0 0
43646 5 5 7 1 0.073 0.341 0.295 0.797 0.05 244.642 1663 248.776 2072.307 0 0
43646 6 5 7 1 0.073 0.341 0.295 0.797 0.05 244.363 1626 248.673 1930.393 0 0
43646 7 5 7 1 0.073 0.341 0.295 0.797 0.05 244.325 1686 248.345 1923.747 0 0
43646 8 5 7 1 0.073 0.341 0.295 0.797 0.05 245.49 1525 248.567 1892.707 0 0
43646 9 5 7 1 0.073 0.341 0.295 0.797 0.05 245.358 1416 248.389 1770.62 0 0
43646 10 5 7 1 0.073 0.341 0.295 0.797 0.05 244.183 1678 248.799 1955.193 0 0
43646 1 5 7 1 0.073 0.263 0.086 0.963 0.456 185.906 354 192.303 512.833 0 0
43646 2 5 7 1 0.073 0.263 0.086 0.963 0.456 171.82 271 176.847 507.1 0 0
43646 3 5 7 1 0.073 0.263 0.086 0.963 0.456 158.2 315 165.552 507.807 0 0
43646 4 5 7 1 0.073 0.263 0.086 0.963 0.456 182.974 356 188.483 534.653 0 0
43646 5 5 7 1 0.073 0.263 0.086 0.963 0.456 158.28 251 163.562 439.627 0 0
43646 6 5 7 1 0.073 0.263 0.086 0.963 0.456 161.231 267 166.139 460.413 0 0
43646 7 5 7 1 0.073 0.263 0.086 0.963 0.456 167.311 411 174.351 613.547 0 0
43646 8 5 7 1 0.073 0.263 0.086 0.963 0.456 155.061 344 160.086 504.053 0 0
43646 9 5 7 1 0.073 0.263 0.086 0.963 0.456 182.184 335 189.318 533.253 0 0
43646 10 5 7 1 0.073 0.263 0.086 0.963 0.456 179.128 393 188.012 561.787 0 0
43646 1 5 7 1 0.055 0.17 0.337 0.826 0.216 45.202 80 52.245 171.087 0 0
43646 2 5 7 1 0.055 0.17 0.337 0.826 0.216 40.19 50 44.112 155.66 0 0
43646 3 5 7 1 0.055 0.17 0.337 0.826 0.216 38.153 52 41.925 121.78 0 0
43646 4 5 7 1 0.055 0.17 0.337 0.826 0.216 58.286 113 61.452 209.753 0 0
43646 5 5 7 1 0.055 0.17 0.337 0.826 0.216 38.574 72 41.285 136.127 0 0
43646 6 5 7 1 0.055 0.17 0.337 0.826 0.216 40.502 53 46.238 128.073 0 0
43646 7 5 7 1 0.055 0.17 0.337 0.826 0.216 34.068 64 37.037 128.78 0 0
43646 8 5 7 1 0.055 0.17 0.337 0.826 0.216 56.918 89 60.817 222.027 0 0
43646 9 5 7 1 0.055 0.17 0.337 0.826 0.216 39.764 58 43.22 144.94 0 0
43646 10 5 7 1 0.055 0.17 0.337 0.826 0.216 28.028 39 32.022 90.353 0 0
43646 1 5 7 1 0.016 0.448 0.177 0.775 0.744 0.299 12 1.869 28.693 1 0
43646 2 5 7 1 0.016 0.448 0.177 0.775 0.744 0 14 0.292 16.453 1 0
43646 3 5 7 1 0.016 0.448 0.177 0.775 0.744 0 9 0.155 9.353 1 0.647
43646 4 5 7 1 0.016 0.448 0.177 0.775 0.744 0.746 10 1.855 26.893 1 0
43646 5 5 7 1 0.016 0.448 0.177 0.775 0.744 0 5 0.056 5 1 1
43646 6 5 7 1 0.016 0.448 0.177 0.775 0.744 0 12 0.178 12.44 1 0
43646 7 5 7 1 0.016 0.448 0.177 0.775 0.744 0 8 0.141 8 1 1
43646 8 5 7 1 0.016 0.448 0.177 0.775 0.744 0.05 9 0.631 14.727 1 0.587
43646 9 5 7 1 0.016 0.448 0.177 0.775 0.744 0.944 11 1.866 26.393 1 0
43646 10 5 7 1 0.016 0.448 0.177 0.775 0.744 0 7 0.239 9.073 1 0.58
43646 1 5 7 1 0.06 0.473 0.45 0.85 0.676 0 11 0.053 11 1 0
43646 2 5 7 1 0.06 0.473 0.45 0.85 0.676 0 8 0.095 8 1 1
43646 3 5 7 1 0.06 0.473 0.45 0.85 0.676 0.795 13 1.66 26.633 1 0
43646 4 5 7 1 0.06 0.473 0.45 0.85 0.676 0.446 11 1.767 27.427 1 0
43646 5 5 7 1 0.06 0.473 0.45 0.85 0.676 45.495 11 50.895 32.96 0 0
43646 6 5 7 1 0.06 0.473 0.45 0.85 0.676 0.746 8 1.737 25.4 1 0.06
43646 1 5 10 1 0.111 0.369 0.419 0.861 0.581 229.127 0 245.085 31.66 0 0.733
43646 2 5 10 1 0.111 0.369 0.419 0.861 0.581 232.336 1 243.626 29.24 0 0.74
43646 3 5 10 1 0.111 0.369 0.419 0.861 0.581 234.378 1 244.182 30.107 0 0.74
43646 4 5 10 1 0.111 0.369 0.419 0.861 0.581 231.822 2 241.883 34.413 0 0.713
43646 5 5 10 1 0.111 0.369 0.419 0.861 0.581 228.676 1 245.18 34.187 0 0.7
43646 6 5 10 1 0.111 0.369 0.419 0.861 0.581 234.982 0 244.692 33.313 0 0.673
43646 7 5 10 1 0.111 0.369 0.419 0.861 0.581 226.793 1 243.793 32.12 0 0.693
43646 8 5 10 1 0.111 0.369 0.419 0.861 0.581 231.736 2 242.917 38.92 0 0.7
43646 9 5 10 1 0.111 0.369 0.419 0.861 0.581 231.445 3 243.94 33.32 0 0.66
43646 10 5 10 1 0.111 0.369 0.419 0.861 0.581 235.794 0 245.104 31.027 0 0.7
43646 1 5 10 1 0.052 0.139 0.159 0.788 0.071 247.488 1918 249.267 2490.407 0 0
43646 2 5 10 1 0.052 0.139 0.159 0.788 0.071 246.744 1777 249.118 2140.507 0 0
43646 3 5 10 1 0.052 0.139 0.159 0.788 0.071 247.58 1862 249.4 2303.913 0 0
43646 4 5 10 1 0.052 0.139 0.159 0.788 0.071 247.56 1875 249.285 2273.507 0 0
43646 5 5 10 1 0.052 0.139 0.159 0.788 0.071 246.805 1788 248.947 2151.74 0 0
43646 6 5 10 1 0.052 0.139 0.159 0.788 0.071 246.71 1987 249.257 2374.887 0 0
43646 7 5 10 1 0.052 0.139 0.159 0.788 0.071 246.833 1957 249.005 2341.86 0 0
43646 8 5 10 1 0.052 0.139 0.159 0.788 0.071 246.768 2007 249.199 2331.507 0 0
43646 9 5 10 1 0.052 0.139 0.159 0.788 0.071 246.033 1748 248.822 2134.42 0 0
43646 10 5 10 1 0.052 0.139 0.159 0.788 0.071 247.568 2065 249.441 2514.287 0 0
43646 1 5 10 1 0.018 0.013 0.418 0.81 0.12 234.475 3 245.03 26.86 0 0.72
43646 2 5 10 1 0.018 0.013 0.418 0.81 0.12 230.489 0 245.563 26.28 0 0.747
43646 3 5 10 1 0.018 0.013 0.418 0.81 0.12 237.416 0 246.766 32.327 0 0.707
43646 4 5 10 1 0.018 0.013 0.418 0.81 0.12 228.444 2 244.179 32.14 0 0.7
43646 5 5 10 1 0.018 0.013 0.418 0.81 0.12 231.528 1 244.887 31.307 0 0.713
43646 6 5 10 1 0.018 0.013 0.418 0.81 0.12 235.027 1 245.254 29.707 0 0.727
43646 7 5 10 1 0.018 0.013 0.418 0.81 0.12 241 3 246.507 35.527 0 0.713
43646 8 5 10 1 0.018 0.013 0.418 0.81 0.12 233.466 2 244.569 39.86 0 0.7
43646 9 5 10 1 0.018 0.013 0.418 0.81 0.12 229.004 1 243.47 31.5 0 0.733
43646 10 5 10 1 0.018 0.013 0.418 0.81 0.12 228.068 1 244.703 30.113 0 0.693
43646 1 5 10 1 0.112 0.461 0.176 0.916 0.157 245.668 1884 248.875 2115.433 0 0
43646 2 5 10 1 0.112 0.461 0.176 0.916 0.157 245.824 1919 248.867 2149.373 0 0
43646 3 5 10 1 0.112 0.461 0.176 0.916 0.157 247.348 2039 249.233 2347.687 0 0
43646 4 5 10 1 0.112 0.461 0.176 0.916 0.157 246.234 1850 249.104 2310.893 0 0
43646 5 5 10 1 0.112 0.461 0.176 0.916 0.157 246.322 1552 248.944 2150.667 0 0
43646 6 5 10 1 0.112 0.461 0.176 0.916 0.157 246.331 1703 249.169 2170.273 0 0
43646 7 5 10 1 0.112 0.461 0.176 0.916 0.157 246.507 1864 249.123 2251.873 0 0
43646 8 5 10 1 0.112 0.461 0.176 0.916 0.157 246.403 1933 249.057 2258.92 0 0
43646 9 5 10 1 0.112 0.461 0.176 0.916 0.157 246.788 1698 249.007 2064.713 0 0
43646 10 5 10 1 0.112 0.461 0.176 0.916 0.157 246.48 1957 249.274 2479.173 0 0
43646 1 5 10 1 0.007 0.362 0.456 0.999 0.542 232.832 1 244.978 28.84 0 0.7
43646 2 5 10 1 0.007 0.362 0.456 0.999 0.542 231.997 2 242.069 28.267 0 0.753
43646 3 5 10 1 0.007 0.362 0.456 0.999 0.542 233.873 1 245.179 33.493 0 0.74
43646 4 5 10 1 0.007 0.362 0.456 0.999 0.542 231.909 1 243.476 34.42 0 0.673
43646 5 5 10 1 0.007 0.362 0.456 0.999 0.542 229.06 4 243.198 36.247 0 0.72
43646 6 5 10 1 0.007 0.362 0.456 0.999 0.542 233.365 0 243.153 32.96 0 0.7
43646 7 5 10 1 0.007 0.362 0.456 0.999 0.542 228.106 2 243.999 32.92 0 0.727
43646 8 5 10 1 0.007 0.362 0.456 0.999 0.542 236.325 0 245.169 35.093 0 0.72
43646 9 5 10 1 0.007 0.362 0.456 0.999 0.542 237.43 2 245.525 33.233 0 0.713
43646 10 5 10 1 0.007 0.362 0.456 0.999 0.542 236.718 1 244.296 27.92 0 0.687
43646 1 5 10 1 0.118 0.22 0.21 0.761 0.971 229.4 0 243.712 29.32 0 0.72
43646 2 5 10 1 0.118 0.22 0.21 0.761 0.971 234.567 1 244.763 34.267 0 0.733
43646 3 5 10 1 0.118 0.22 0.21 0.761 0.971 230.796 2 244.558 38.64 0 0.707
43646 4 5 10 1 0.118 0.22 0.21 0.761 0.971 228.763 2 242.386 29.033 0 0.72
43646 1 5 4 1 0.019 0.409 0.114 0.961 0.936 0 15 0.104 15.64 1 0
43646 2 5 4 1 0.019 0.409 0.114 0.961 0.936 0.697 15 2.089 30.687 1 0
43646 3 5 4 1 0.019 0.409 0.114 0.961 0.936 0.498 14 2.153 33.087 1 0
43646 4 5 4 1 0.019 0.409 0.114 0.961 0.936 0.249 14 1.424 27.347 1 0
43646 5 5 4 1 0.019 0.409 0.114 0.961 0.936 0.149 14 1.224 26.66 1 0
43646 6 5 4 1 0.019 0.409 0.114 0.961 0.936 1.094 15 1.976 33.893 1 0
43646 7 5 4 1 0.019 0.409 0.114 0.961 0.936 1.144 5 2.526 26.58 1 0.04
43646 8 5 4 1 0.019 0.409 0.114 0.961 0.936 0.896 11 2.375 30.373 1 0
43646 9 5 4 1 0.019 0.409 0.114 0.961 0.936 0.696 15 1.72 30.133 1 0
43646 10 5 4 1 0.019 0.409 0.114 0.961 0.936 0.547 11 1.39 29.427 1 0
43646 1 5 4 1 0.102 0.008 0.319 0.769 0.426 1.135 17 2.304 32.1 1 0
43646 2 5 4 1 0.102 0.008 0.319 0.769 0.426 1.044 11 2.288 30.967 1 0
43646 3 5 4 1 0.102 0.008 0.319 0.769 0.426 0.447 11 1.323 23.927 1 0
43646 4 5 4 1 0.102 0.008 0.319 0.769 0.426 0 10 0.028 10 1 0
43646 5 5 4 1 0.102 0.008 0.319 0.769 0.426 0.597 13 2.321 31.607 1 0
43646 6 5 4 1 0.102 0.008 0.319 0.769 0.426 0.597 14 1.782 31.253 1 0
43646 7 5 4 1 0.102 0.008 0.319 0.769 0.426 0.597 13 2.301 28.747 1 0
43646 8 5 4 1 0.102 0.008 0.319 0.769 0.426 0 10 0.074 10 1 0
43646 9 5 4 1 0.102 0.008 0.319 0.769 0.426 0.498 13 1.355 26.36 1 0
43646 10 5 4 1 0.102 0.008 0.319 0.769 0.426 0.05 12 0.16 12 1 0
43646 1 5 4 1 0.059 0.448 0.248 0.796 0.652 1.243 19 2.538 31.773 0.993 0
43646 2 5 4 1 0.059 0.448 0.248 0.796 0.652 0.299 14 1.755 30.227 1 0
43646 3 5 4 1 0.059 0.448 0.248 0.796 0.652 2.238 12 3.592 37.853 0.953 0
43646 4 5 4 1 0.059 0.448 0.248 0.796 0.652 0 6 0.083 6 1 1
43646 5 5 4 1 0.059 0.448 0.248 0.796 0.652 0.896 13 2.102 32.88 1 0
43646 6 5 4 1 0.059 0.448 0.248 0.796 0.652 0.299 13 1.371 24.767 1 0
43646 7 5 4 1 0.059 0.448 0.248 0.796 0.652 1.343 13 2.526 32.133 1 0
43646 8 5 4 1 0.059 0.448 0.248 0.796 0.652 0 14 0.111 15.453 1 0
43646 9 5 4 1 0.059 0.448 0.248 0.796 0.652 0.746 9 2.047 28.447 1 0.007
43646 10 5 4 1 0.059 0.448 0.248 0.796 0.652 0.05 13 1.205 26.04 1 0
43646 1 5 4 1 0.084 0.052 0.253 0.791 0.495 0.696 17 1.664 33.12 1 0
43646 2 5 4 1 0.084 0.052 0.253 0.791 0.495 0 17 0.068 17.807 1 0
43646 3 5 4 1 0.084 0.052 0.253 0.791 0.495 0 17 0.321 19.373 1 0
43646 4 5 4 1 0.084 0.052 0.253 0.791 0.495 0 12 0.013 12 1 0
43646 5 5 4 1 0.084 0.052 0.253 0.791 0.495 0.694 16 2.143 34.267 1 0
43646 6 5 4 1 0.084 0.052 0.253 0.791 0.495 0.348 14 1.662 26.547 1 0
43646 7 5 4 1 0.084 0.052 0.253 0.791 0.495 0.845 18 2.63 35.753 1 0
43646 8 5 4 1 0.084 0.052 0.253 0.791 0.495 0.249 13 0.922 23.807 1 0
43646 9 5 4 1 0.084 0.052 0.253 0.791 0.495 0 7 0.114 7 1 1
43646 10 5 4 1 0.084 0.052 0.253 0.791 0.495 0 10 0.117 10 1 0
43646 1 5 4 1 0.026 0.416 0.084 0.789 0.612 17.474 26 19.817 62.507 0 0
43646 2 5 4 1 0.026 0.416 0.084 0.789 0.612 6.665 23 9.593 52.273 0 0
43646 3 5 4 1 0.026 0.416 0.084 0.789 0.612 18.185 21 21.121 66.833 0 0
43646 4 5 4 1 0.026 0.416 0.084 0.789 0.612 4.834 23 7.764 51.893 0.007 0
43646 5 5 4 1 0.026 0.416 0.084 0.789 0.612 8.517 23 11.44 59.6 0 0
43646 6 5 4 1 0.026 0.416 0.084 0.789 0.612 20.959 35 23.63 83.733 0 0
43646 7 5 4 1 0.026 0.416 0.084 0.789 0.612 2.424 20 6.818 52.133 0.327 0
43646 8 5 4 1 0.026 0.416 0.084 0.789 0.612 16.451 20 21.387 66.047 0 0
43646 9 5 4 1 0.026 0.416 0.084 0.789 0.612 24.436 29 27.756 78.007 0 0
43646 10 5 4 1 0.026 0.416 0.084 0.789 0.612 6.044 21 9.851 49.727 0 0
43646 1 5 4 1 0.105 0.206 0.243 0.929 0.745 0.05 14 0.949 26.247 1 0
43646 2 5 4 1 0.105 0.206 0.243 0.929 0.745 0.398 14 1.908 30.24 1 0
43646 3 5 4 1 0.105 0.206 0.243 0.929 0.745 0.846 17 1.682 31.827 1 0
43646 4 5 4 1 0.105 0.206 0.243 0.929 0.745 1.622 8 2.89 30.3 1 0.047
43646 5 5 4 1 0.105 0.206 0.243 0.929 0.745 0.746 12 1.566 26.107 1 0
43646 6 5 4 1 0.105 0.206 0.243 0.929 0.745 0 11 0.138 14.007 1 0
43646 7 5 4 1 0.105 0.206 0.243 0.929 0.745 1.49 7 2.783 27.307 1 0.04
43646 8 5 4 1 0.105 0.206 0.243 0.929 0.745 0.149 14 1.12 23.773 1 0
43646 9 5 4 1 0.105 0.206 0.243 0.929 0.745 0.696 9 1.831 27.353 1 0.007
43646 10 5 4 1 0.105 0.206 0.243 0.929 0.745 1.491 19 3.019 34.447 1 0
43646 1 5 4 1 0.046 0.437 0.268 0.904 0.176 240.287 784 245.32 980.5 0 0
43646 2 5 4 1 0.046 0.437 0.268 0.904 0.176 238.812 666 245.403 899.233 0 0
43646 3 5 4 1 0.046 0.437 0.268 0.904 0.176 239.812 740 245.013 928.307 0 0
43646 4 5 4 1 0.046 0.437 0.268 0.904 0.176 240.56 697 244.599 927.173 0 0
43646 5 5 4 1 0.046 0.437 0.268 0.904 0.176 237.437 697 243.649 924.593 0 0
43646 6 5 4 1 0.046 0.437 0.268 0.904 0.176 236.515 787 244 976.007 0 0
43646 1 5 6 0 0.044 0.26 0.143 0.762 0.127 243.361 962 248.807 2370.773 0 0
43646 2 5 6 0 0.044 0.26 0.143 0.762 0.127 242.596 844 247.692 1794.673 0 0
43646 3 5 6 0 0.044 0.26 0.143 0.762 0.127 243.234 958 248.242 2188.947 0 0
43646 4 5 6 0 0.044 0.26 0.143 0.762 0.127 237.997 938 248.039 1939.467 0 0
43646 5 5 6 0 0.044 0.26 0.143 0.762 0.127 239.756 985 247.069 1856.22 0 0
43646 6 5 6 0 0.044 0.26 0.143 0.762 0.127 244.802 1146 248.141 1809.027 0 0
43646 7 5 6 0 0.044 0.26 0.143 0.762 0.127 242.461 1112 247.356 1992.273 0 0
43646 8 5 6 0 0.044 0.26 0.143 0.762 0.127 239.144 984 247.636 1955.713 0 0
43646 9 5 6 0 0.044 0.26 0.143 0.762 0.127 241.095 844 247.619 1979.78 0 0
43646 10 5 6 0 0.044 0.26 0.143 0.762 0.127 242.388 936 247.525 1784.707 0 0
43646 1 5 6 0 0.061 0.271 0.018 0.994 0.792 0.895 11 2.032 31.167 1 0
43646 2 5 6 0 0.061 0.271 0.018 0.994 0.792 0 14 0.071 14 1 0
43646 3 5 6 0 0.061 0.271 0.018 0.994 0.792 1.441 7 2.837 32.233 0.993 0.04
43646 4 5 6 0 0.061 0.271 0.018 0.994 0.792 0.796 9 2.042 28.6 0.973 0.02
43646 5 5 6 0 0.061 0.271 0.018 0.994 0.792 0.646 14 2.846 37.087 1 0
43646 6 5 6 0 0.061 0.271 0.018 0.994 0.792 0.199 8 1.17 19.56 1 0.047
43646 7 5 6 0 0.061 0.271 0.018 0.994 0.792 0.696 11 2.153 31.573 1 0
43646 8 5 6 0 0.061 0.271 0.018 0.994 0.792 1.043 3 2.894 26.247 0.973 0.14
43646 9 5 6 0 0.061 0.271 0.018 0.994 0.792 0.448 12 1.17 24.92 1 0
43646 10 5 6 0 0.061 0.271 0.018 0.994 0.792 1.79 12 3.556 38.047 0.953 0
43646 1 5 6 0 0.103 0.143 0.072 0.794 0.572 5.03 10 9.436 50.713 0 0
43646 2 5 6 0 0.103 0.143 0.072 0.794 0.572 18.446 10 22.339 54.913 0 0
43646 3 5 6 0 0.103 0.143 0.072 0.794 0.572 0.05 11 0.522 14.787 1 0
43646 4 5 6 0 0.103 0.143 0.072 0.794 0.572 0 11 0.051 11 1 0
43646 5 5 6 0 0.103 0.143 0.072 0.794 0.572 0.696 11 2.301 29.68 1 0
43646 6 5 6 0 0.103 0.143 0.072 0.794 0.572 5.704 9 11.174 47.66 0 0.027
43646 7 5 6 0 0.103 0.143 0.072 0.794 0.572 0.05 12 2.014 29.233 1 0
43646 8 5 6 0 0.103 0.143 0.072 0.794 0.572 1.144 7 2.188 28.673 1 0.02
43646 9 5 6 0 0.103 0.143 0.072 0.794 0.572 0.448 9 1.703 24.88 1 0.013
43646 10 5 6 0 0.103 0.143 0.072 0.794 0.572 9.688 15 13.618 56.573 0 0
43646 1 5 6 0 0.096 0.379 0.041 0.975 0.646 2.431 13 4.134 42.113 0.8 0
43646 2 5 6 0 0.096 0.379 0.041 0.975 0.646 11.334 14 13.933 56.513 0 0
43646 3 5 6 0 0.096 0.379 0.041 0.975 0.646 0 14 0.062 14 1 0
43646 4 5 6 0 0.096 0.379 0.041 0.975 0.646 2.668 13 5.609 59.12 0.36 0
43646 5 5 6 0 0.096 0.379 0.041 0.975 0.646 5.281 10 8.152 47.447 0 0
43646 6 5 6 0 0.096 0.379 0.041 0.975 0.646 10.138 14 14.281 63.44 0 0
43646 7 5 6 0 0.096 0.379 0.041 0.975 0.646 1.489 12 4.913 49.087 0.513 0
43646 8 5 6 0 0.096 0.379 0.041 0.975 0.646 1.524 8 5.431 42.193 0.44 0.08
43646 9 5 6 0 0.096 0.379 0.041 0.975 0.646 1.644 19 4.743 44.933 0.547 0
43646 10 5 6 0 0.096 0.379 0.041 0.975 0.646 1.759 8 3.498 41.7 0.92 0.013
43646 1 5 6 0 0.075 0.218 0.098 0.998 0.699 0.05 17 0.446 21.4 1 0
43646 2 5 6 0 0.075 0.218 0.098 0.998 0.699 0.398 11 1.775 26.567 1 0
43646 3 5 6 0 0.075 0.218 0.098 0.998 0.699 0.498 8 1.91 26.927 1 0.02
43646 4 5 6 0 0.075 0.218 0.098 0.998 0.699 1.439 14 2.332 30.1 1 0
43646 5 5 6 0 0.075 0.218 0.098 0.998 0.699 0 13 0.048 15.927 1 0
43646 6 5 6 0 0.075 0.218 0.098 0.998 0.699 0.299 15 1.445 27.607 1 0
43646 7 5 6 0 0.075 0.218 0.098 0.998 0.699 0.597 7 1.622 22.753 1 0.06
43646 8 5 6 0 0.075 0.218 0.098 0.998 0.699 0.199 11 2.126 28.613 1 0
43646 9 5 6 0 0.075 0.218 0.098 0.998 0.699 0.945 9 2.436 26.887 1 0.02
43646 10 5 6 0 0.075 0.218 0.098 0.998 0.699 0.398 10 1.442 25.147 1 0
43646 1 5 6 0 0.06 0.229 0.237 0.958 0.987 0.895 11 2.248 29.28 1 0
43646 2 5 6 0 0.06 0.229 0.237 0.958 0.987 0.498 13 1.533 27.167 1 0
43646 3 5 6 0 0.06 0.229 0.237 0.958 0.987 0 10 0.163 11.66 1 0
43646 4 5 6 0 0.06 0.229 0.237 0.958 0.987 0 5 0.093 5 1 1
43646 5 5 6 0 0.06 0.229 0.237 0.958 0.987 1.63 12 2.553 27.1 1 0
43646 6 5 6 0 0.06 0.229 0.237 0.958 0.987 0.696 13 2.066 30.02 1 0
43646 7 5 6 0 0.06 0.229 0.237 0.958 0.987 0 9 0.103 9 1 1
43646 8 5 6 0 0.06 0.229 0.237 0.958 0.987 0.945 14 1.815 28.667 1 0
43646 9 5 6 0 0.06 0.229 0.237 0.958 0.987 0.597 12 1.649 24.087 1 0
43646 10 5 6 0 0.06 0.229 0.237 0.958 0.987 0 13 0.131 13 1 0
43646 1 5 6 0 0.038 0.433 0.365 0.773 0.001 248.06 2955 249.611 3551.947 0 0
43646 2 5 6 0 0.038 0.433 0.365 0.773 0.001 248.417 2880 249.611 3545.667 0 0
43646 3 5 6 0 0.038 0.433 0.365 0.773 0.001 248.515 3463 249.763 4002.14 0 0
43646 4 5 6 0 0.038 0.433 0.365 0.773 0.001 247.724 2858 249.583 3359.547 0 0
43646 5 5 6 0 0.038 0.433 0.365 0.773 0.001 248.423 2767 249.621 3455.547 0 0
43646 6 5 6 0 0.038 0.433 0.365 0.773 0.001 247.887 3389 249.704 3930.367 0 0
43646 7 5 6 0 0.038 0.433 0.365 0.773 0.001 247.967 2617 249.498 3308.107 0 0
43646 8 5 6 0 0.038 0.433 0.365 0.773 0.001 248.461 2986 249.635 3372.267 0 0
43646 9 5 6 0 0.038 0.433 0.365 0.773 0.001 247.9 2561 249.586 3086.153 0 0
43646 10 5 6 0 0.038 0.433 0.365 0.773 0.001 247.918 2772 249.572 3416.327 0 0
43646 1 5 6 0 0.117 0.112 0.409 0.987 0.673 0.646 9 1.744 24.507 1 0.02
43646 1 5 9 1 0.044 0.088 0.113 0.759 0.147 245.03 1109 248.202 1508.72 0 0
43646 2 5 9 1 0.044 0.088 0.113 0.759 0.147 242.858 1037 246.84 1328.62 0 0
43646 3 5 9 1 0.044 0.088 0.113 0.759 0.147 244.577 904 247.568 1276.7 0 0
43646 4 5 9 1 0.044 0.088 0.113 0.759 0.147 242.292 1030 247.098 1333.733 0 0
43646 5 5 9 1 0.044 0.088 0.113 0.759 0.147 244.436 947 247.983 1337.42 0 0
43646 6 5 9 1 0.044 0.088 0.113 0.759 0.147 244.13 1003 247.571 1336.987 0 0
43646 7 5 9 1 0.044 0.088 0.113 0.759 0.147 243.867 1029 247.818 1397.947 0 0
43646 8 5 9 1 0.044 0.088 0.113 0.759 0.147 241.947 1159 247.713 1349.147 0 0
43646 9 5 9 1 0.044 0.088 0.113 0.759 0.147 244.163 1165 247.932 1474.267 0 0
43646 10 5 9 1 0.044 0.088 0.113 0.759 0.147 245.094 1024 247.954 1372.5 0 0
43646 1 5 9 1 0.096 0.391 0.27 0.991 0.812 235.333 1 245.859 32.853 0 0.687
43646 2 5 9 1 0.096 0.391 0.27 0.991 0.812 230.509 3 244.82 33.36 0 0.74
43646 3 5 9 1 0.096 0.391 0.27 0.991 0.812 232.82 1 244.52 33.827 0 0.727
43646 4 5 9 1 0.096 0.391 0.27 0.991 0.812 231.216 5 245.027 37.92 0 0.673
43646 5 5 9 1 0.096 0.391 0.27 0.991 0.812 230.247 5 243.23 37.14 0 0.687
43646 6 5 9 1 0.096 0.391 0.27 0.991 0.812 234.249 1 243.833 33.553 0 0.687
43646 7 5 9 1 0.096 0.391 0.27 0.991 0.812 234.617 1 244.607 31.92 0 0.733
43646 8 5 9 1 0.096 0.391 0.27 0.991 0.812 221.696 5 235.942 27.1 0 0.64
43646 9 5 9 1 0.096 0.391 0.27 0.991 0.812 230.125 1 244.026 29.753 0 0.7
43646 10 5 9 1 0.096 0.391 0.27 0.991 0.812 224.45 1 242.857 28.853 0 0.753
43646 1 5 9 1 0.03 0.113 0.428 0.95 0.188 0.796 11 1.67 27.207 1 0
43646 2 5 9 1 0.03 0.113 0.428 0.95 0.188 0 6 0.077 6 1 1
43646 3 5 9 1 0.03 0.113 0.428 0.95 0.188 0.547 12 1.848 29.86 1 0
43646 4 5 9 1 0.03 0.113 0.428 0.95 0.188 0 7 0.003 7 1 1
43646 5 5 9 1 0.03 0.113 0.428 0.95 0.188 0.796 9 3.546 30.04 0.7 0.013
43646 6 5 9 1 0.03 0.113 0.428 0.95 0.188 0.547 11 2.335 25.067 1 0
43646 7 5 9 1 0.03 0.113 0.428 0.95 0.188 0.476 5 2.493 26.433 1 0.08
43646 8 5 9 1 0.03 0.113 0.428 0.95 0.188 1.045 10 2.156 26.727 1 0
43646 9 5 9 1 0.03 0.113 0.428 0.95 0.188 0.398 11 2.096 28.02 1 0
43646 10 5 9 1 0.03 0.113 0.428 0.95 0.188 0 7 0.098 7.24 1 1
43646 1 5 9 1 0.002 0.005 0.294 0.93 0.672 226.65 1 243.078 34.467 0 0.687
43646 2 5 9 1 0.002 0.005 0.294 0.93 0.672 233.258 3 243.877 34.36 0 0.713
43646 3 5 9 1 0.002 0.005 0.294 0.93 0.672 231.446 1 243.232 28.213 0 0.787
43646 4 5 9 1 0.002 0.005 0.294 0.93 0.672 233.019 4 244.453 31.647 0 0.7
43646 5 5 9 1 0.002 0.005 0.294 0.93 0.672 232.168 1 243.859 25.633 0 0.72
43646 6 5 9 1 0.002 0.005 0.294 0.93 0.672 234.009 0 243.783 28.113 0 0.727
43646 7 5 9 1 0.002 0.005 0.294 0.93 0.672 233.146 1 242.798 30.693 0 0.72
43646 8 5 9 1 0.002 0.005 0.294 0.93 0.672 235.676 2 245.141 28.267 0 0.74
43646 9 5 9 1 0.002 0.005 0.294 0.93 0.672 234.881 1 243.822 30.7 0 0.693
43646 10 5 9 1 0.002 0.005 0.294 0.93 0.672 234.507 0 245.97 29.76 0 0.767
43646 1 5 9 1 0.015 0.402 0.095 0.783 0.632 0 13 0.055 13 1 0
43646 2 5 9 1 0.015 0.402 0.095 0.783 0.632 0.943 6 2.24 26.24 1 0.093
43646 3 5 9 1 0.015 0.402 0.095 0.783 0.632 0 8 0.042 8 1 1
43646 4 5 9 1 0.015 0.402 0.095 0.783 0.632 1.144 14 2.285 31.173 1 0
43646 5 5 9 1 0.015 0.402 0.095 0.783 0.632 0.199 8 0.882 17.587 1 0.28
43646 6 5 9 1 0.015 0.402 0.095 0.783 0.632 0.497 16 1.685 29.773 1 0
43646 7 5 9 1 0.015 0.402 0.095 0.783 0.632 0 8 0.057 8 1 1
43646 8 5 9 1 0.015 0.402 0.095 0.783 0.632 0 7 0.453 11.473 1 0.66
43646 9 5 9 1 0.015 0.402 0.095 0.783 0.632 0.745 7 1.686 25.067 1 0.113
43646 10 5 9 1 0.015 0.402 0.095 0.783 0.632 2.679 12 4.606 37.407 0.667 0
43646 1 5 9 1 0.069 0.086 0.419 0.916 0.134 142.665 32 158.288 106.713 0 0
43646 2 5 9 1 0.069 0.086 0.419 0.916 0.134 0.398 10 1.351 25.293 1 0
43646 3 5 9 1 0.069 0.086 0.419 0.916 0.134 94.682 13 107.217 113.733 0 0
43646 4 5 9 1 0.069 0.086 0.419 0.916 0.134 0 13 0.151 13 1 0
43646 5 5 9 1 0.069 0.086 0.419 0.916 0.134 19.53 13 27.264 62.953 0 0
43646 6 5 9 1 0.069 0.086 0.419 0.916 0.134 0 5 0.029 5 1 1
43646 7 5 9 1 0.069 0.086 0.419 0.916 0.134 33.142 14 61.602 78.1 0 0
43646 8 5 9 1 0.069 0.086 0.419 0.916 0.134 0 14 0.295 17 1 0
43646 9 5 9 1 0.069 0.086 0.419 0.916 0.134 0 10 0.215 12.12 1 0
43646 10 5 9 1 0.069 0.086 0.419 0.916 0.134 18.927 27 21.517 75.607 0 0
43646 1 5 9 1 0.059 0.347 0.37 0.803 0.073 243.117 1033 247.691 1375.353 0 0
43646 2 5 9 1 0.059 0.347 0.37 0.803 0.073 241.073 903 246.958 1297.547 0 0
43646 3 5 9 1 0.059 0.347 0.37 0.803 0.073 244.259 1056 247.617 1327.113 0 0
43646 4 5 9 1 0.059 0.347 0.37 0.803 0.073 241.352 970 246.989 1249.333 0 0
43646 5 5 9 1 0.059 0.347 0.37 0.803 0.073 243.576 1119 247.762 1441.513 0 0
43646 6 5 9 1 0.059 0.347 0.37 0.803 0.073 245.633 970 248.141 1386.327 0 0
43646 7 5 9 1 0.059 0.347 0.37 0.803 0.073 242.938 1074 247.559 1355.9 0 0
43646 1 5 8 0 0.093 0.345 0.095 0.86 0.479 32.177 4 41.707 88.68 0 0.28
43646 2 5 8 0 0.093 0.345 0.095 0.86 0.479 35.325 6 38.813 60.027 0 0.26
43646 3 5 8 0 0.093 0.345 0.095 0.86 0.479 96.419 2 107.446 177.347 0 0.247
43646 4 5 8 0 0.093 0.345 0.095 0.86 0.479 29.265 12 34.471 86.233 0 0
43646 5 5 8 0 0.093 0.345 0.095 0.86 0.479 108.631 13 122.813 212.627 0 0
43646 6 5 8 0 0.093 0.345 0.095 0.86 0.479 100.278 2 107.92 174.5 0 0.127
43646 7 5 8 0 0.093 0.345 0.095 0.86 0.479 26.7 9 33.068 76.067 0 0.047
43646 8 5 8 0 0.093 0.345 0.095 0.86 0.479 100.493 9 111.791 168.533 0 0.02
43646 9 5 8 0 0.093 0.345 0.095 0.86 0.479 26.108 13 31.236 76.033 0 0
43646 10 5 8 0 0.093 0.345 0.095 0.86 0.479 95.723 3 106.843 148.767 0 0.267
43646 1 5 8 0 0.087 0.12 0.184 0.97 0.096 235.893 698 244.74 1471.973 0 0
43646 2 5 8 0 0.087 0.12 0.184 0.97 0.096 241.392 351 245.96 1620.64 0 0
43646 3 5 8 0 0.087 0.12 0.184 0.97 0.096 229.393 138 242.572 1271.067 0 0
43646 4 5 8 0 0.087 0.12 0.184 0.97 0.096 235.796 605 244.733 1457.733 0 0
43646 5 5 8 0 0.087 0.12 0.184 0.97 0.096 239.071 126 244.2 1336.327 0 0
43646 6 5 8 0 0.087 0.12 0.184 0.97 0.096 236.253 253 244.312 1411.307 0 0
43646 7 5 8 0 0.087 0.12 0.184 0.97 0.096 232.15 7 243.738 1268.68 0 0.007
43646 8 5 8 0 0.087 0.12 0.184 0.97 0.096 238.429 284 245.435 1580.653 0 0
43646 9 5 8 0 0.087 0.12 0.184 0.97 0.096 235.496 602 244.673 1448.3 0 0
43646 10 5 8 0 0.087 0.12 0.184 0.97 0.096 238.902 291 245.255 1443.873 0 0
43646 1 5 8 0 0.068 0.07 0.485 0.833 0.761 201.084 4 218.861 25.327 0 0.633
43646 2 5 8 0 0.068 0.07 0.485 0.833 0.761 232.777 2 244.31 35.093 0 0.7
43646 3 5 8 0 0.068 0.07 0.485 0.833 0.761 101.101 2 123.688 16.413 0 0.62
43646 4 5 8 0 0.068 0.07 0.485 0.833 0.761 202.058 4 216.046 27.62 0 0.66
43646 5 5 8 0 0.068 0.07 0.485 0.833 0.761 233.954 1 243.643 31.933 0 0.707
43646 6 5 8 0 0.068 0.07 0.485 0.833 0.761 0 8 0.03 8 1 1
43646 7 5 8 0 0.068 0.07 0.485 0.833 0.761 53.252 12 59.002 31.233 0 0
43646 8 5 8 0 0.068 0.07 0.485 0.833 0.761 232.787 4 244.316 37.287 0 0.7
43646 9 5 8 0 0.068 0.07 0.485 0.833 0.761 191.138 3 208.549 28.007 0 0.66
43646 10 5 8 0 0.068 0.07 0.485 0.833 0.761 30 13 33.291 30.647 0 0
43646 1 5 8 0 0.112 0.413 0.36 0.974 0.259 130.998 13 146.651 320.913 0 0
43646 2 5 8 0 0.112 0.413 0.36 0.974 0.259 39.533 8 50.984 185.753 0 0.067
43646 3 5 8 0 0.112 0.413 0.36 0.974 0.259 0 7 0.018 7 1 1
43646 4 5 8 0 0.112 0.413 0.36 0.974 0.259 37.246 7 41.211 113.22 0 0.06
43646 5 5 8 0 0.112 0.413 0.36 0.974 0.259 35.419 6 39.265 141.407 0 0.047
43646 6 5 8 0 0.112 0.413 0.36 0.974 0.259 90.945 10 98.95 251.433 0 0
43646 7 5 8 0 0.112 0.413 0.36 0.974 0.259 87.524 5 111.463 289.8 0 0.08
43646 8 5 8 0 0.112 0.413 0.36 0.974 0.259 37.986 7 41.732 131.247 0 0.033
43646 9 5 8 0 0.112 0.413 0.36 0.974 0.259 34.536 8 39.197 150.64 0 0.013
43646 10 5 8 0 0.112 0.413 0.36 0.974 0.259 0.1 14 1.244 23.94 1 0
43646 1 5 8 0 0.065 0.307 0.411 0.765 0.276 19.662 13 23.129 68.26 0 0
43646 2 5 8 0 0.065 0.307 0.411 0.765 0.276 0.597 11 1.775 26.833 1 0
43646 3 5 8 0 0.065 0.307 0.411 0.765 0.276 26.261 10 31.332 93.607 0 0
43646 4 5 8 0 0.065 0.307 0.411 0.765 0.276 0.1 11 0.992 22.233 1 0
43646 5 5 8 0 0.065 0.307 0.411 0.765 0.276 0.717 8 3.344 28.4 0.9 0.053
43646 6 5 8 0 0.065 0.307 0.411 0.765 0.276 36.214 6 46.697 60.127 0 0.053
43646 7 5 8 0 0.065 0.307 0.411 0.765 0.276 0 15 1.367 25.447 1 0
43646 8 5 8 0 0.065 0.307 0.411 0.765 0.276 0 10 0.103 10 1 0
43646 9 5 8 0 0.065 0.307 0.411 0.765 0.276 67.829 8 81.361 89.98 0 0.133
43646 10 5 8 0 0.065 0.307 0.411 0.765 0.276 174.7 5 185.863 151.393 0 0.36
43646 1 5 8 0 0.067 0.36 0.025 0.964 0.999 115.45 8 125.818 22.873 0 0.08
43646 2 5 8 0 0.067 0.36 0.025 0.964 0.999 224.931 1 235.18 30.8 0 0.747
43646 3 5 8 0 0.067 0.36 0.025 0.964 0.999 0.398 8 1.024 20.153 1 0.053
43646 4 5 8 0 0.067 0.36 0.025 0.964 0.999 110.685 7 135.364 21.08 0 0.22
43646 5 5 8 0 0.067 0.36 0.025 0.964 0.999 46.176 8 53.068 24.66 0 0.28
43646 6 5 8 0 0.067 0.36 0.025 0.964 0.999 176.482 5 193.583 25.187 0 0.62
43646 7 5 8 0 0.067 0.36 0.025 0.964 0.999 207.654 1 222.984 25.8 0 0.653
43646 8 5 8 0 0.067 0.36 0.025 0.964 0.999 196.358 2 208.219 25.96 0 0.627
43646 9 5 8 0 0.067 0.36 0.025 0.964 0.999 80.659 9 88.927 25.113 0 0.207
43646 10 5 8 0 0.067 0.36 0.025 0.964 0.999 233.307 2 241.004 26.22 0 0.747
43646 1 5 8 0 0.079 0.144 0.225 0.755 0.308 81.38 6 96.646 115 0 0.127
43646 2 5 8 0 0.079 0.144 0.225 0.755 0.308 28.165 10 32.874 114.053 0 0
43646 3 5 8 0 0.079 0.144 0.225 0.755 0.308 0.348 14 2.732 34 0.953 0
43646 4 5 8 0 0.079 0.144 0.225 0.755 0.308 0 5 0.101 5 1 1
43646 5 5 8 0 0.079 0.144 0.225 0.755 0.308 26.905 14 30.745 105.76 0 0
43646 6 5 8 0 0.079 0.144 0.225 0.755 0.308 17.448 9 31.541 100.587 0 0.053
43646 7 5 8 0 0.079 0.144 0.225 0.755 0.308 153.041 2 169.365 132.88 0 0.387
43646 8 5 8 0 0.079 0.144 0.225 0.755 0.308 59.33 7 73.595 112.96 0 0.227
43646 9 5 8 0 0.079 0.144 0.225 0.755 0.308 28.616 6 33.388 97.153 0 0.147
43646 10 5 8 0 0.079 0.144 0.225 0.755 0.308 1.573 13 2.865 29.98 1 0
43646 1 5 8 0 0.06 0.284 0.496 0.836 0.308 0 7 0.061 7 1 1
43646 2 5 8 0 0.06 0.284 0.496 0.836 0.308 211.804 4 225.56 62.613 0 0.567
43646 3 5 8 0 0.06 0.284 0.496 0.836 0.308 0 9 0.275 11.293 1 0.793
43646 1 5 4 1 0.099 0.366 0.25 0.911 0.381 35.828 60 43.449 124.393 0 0
43646 2 5 4 1 0.099 0.366 0.25 0.911 0.381 46.465 78 53.179 136.82 0 0
43646 3 5 4 1 0.099 0.366 0.25 0.911 0.381 29.064 52 42.093 116.427 0 0
43646 4 5 4 1 0.099 0.366 0.25 0.911 0.381 39.583 42 42.928 106.947 0 0
43646 5 5 4 1 0.099 0.366 0.25 0.911 0.381 30.563 76 37.391 125.313 0 0
43646 6 5 4 1 0.099 0.366 0.25 0.911 0.381 41.406 65 47.616 109.293 0 0
43646 7 5 4 1 0.099 0.366 0.25 0.911 0.381 55.979 82 60.164 179.02 0 0
43646 8 5 4 1 0.099 0.366 0.25 0.911 0.381 42.06 43 45.8 115.42 0 0
43646 9 5 4 1 0.099 0.366 0.25 0.911 0.381 37.8 57 44.735 129.367 0 0
43646 10 5 4 1 0.099 0.366 0.25 0.911 0.381 27.398 45 32.702 94.58 0 0
43646 1 5 4 1 0.101 0.156 0.252 0.911 0.836 0.945 8 2.107 27.707 1 0.02
43646 2 5 4 1 0.101 0.156 0.252 0.911 0.836 0.547 14 2.01 27.22 1 0
43646 3 5 4 1 0.101 0.156 0.252 0.911 0.836 0 8 0.062 8 1 1
43646 4 5 4 1 0.101 0.156 0.252 0.911 0.836 0.696 14 1.663 27 1 0
43646 5 5 4 1 0.101 0.156 0.252 0.911 0.836 0.149 12 1.427 25.053 1 0
43646 6 5 4 1 0.101 0.156 0.252 0.911 0.836 0.945 12 2.069 32.607 1 0
43646 7 5 4 1 0.101 0.156 0.252 0.911 0.836 0.697 11 2.32 28.287 1 0
43646 8 5 4 1 0.101 0.156 0.252 0.911 0.836 0.498 11 1.821 27.807 1 0
43646 9 5 4 1 0.101 0.156 0.252 0.911 0.836 0.547 12 1.64 26.707 1 0
43646 10 5 4 1 0.101 0.156 0.252 0.911 0.836 0.945 13 2.555 33.36 1 0
43646 1 5 4 1 0.081 0.4 0.304 0.945 0.547 0.895 13 1.877 29.807 1 0
43646 2 5 4 1 0.081 0.4 0.304 0.945 0.547 2.016 11 3.643 34.48 0.873 0
43646 3 5 4 1 0.081 0.4 0.304 0.945 0.547 1.449 11 3.763 32.36 0.893 0
43646 4 5 4 1 0.081 0.4 0.304 0.945 0.547 1.782 10 3.459 35.293 0.947 0
43646 5 5 4 1 0.081 0.4 0.304 0.945 0.547 0.398 16 1.388 30.72 1 0
43646 6 5 4 1 0.081 0.4 0.304 0.945 0.547 1.194 7 2.236 26.907 1 0.04
43646 7 5 4 1 0.081 0.4 0.304 0.945 0.547 0 7 0.019 7 1 1
43646 8 5 4 1 0.081 0.4 0.304 0.945 0.547 0.845 15 1.834 32.34 1 0
43646 9 5 4 1 0.081 0.4 0.304 0.945 0.547 0.728 21 2.773 35.273 1 0
43646 10 5 4 1 0.081 0.4 0.304 0.945 0.547 1.441 14 2.507 31.373 1 0
43646 1 5 4 1 0.111 0.044 0.091 0.894 0.029 245.956 1895 248.838 2155.8 0 0
43646 2 5 4 1 0.111 0.044 0.091 0.894 0.029 246.563 2116 249.024 2492.82 0 0
43646 3 5 4 1 0.111 0.044 0.091 0.894 0.029 247.2 2356 249.133 2679.227 0 0
43646 4 5 4 1 0.111 0.044 0.091 0.894 0.029 246.552 2226 249.088 2558.387 0 0
43646 5 5 4 1 0.111 0.044 0.091 0.894 0.029 245.385 2301 249.161 2779.713 0 0
43646 6 5 4 1 0.111 0.044 0.091 0.894 0.029 246.227 1885 248.964 2296.913 0 0
43646 7 5 4 1 0.111 0.044 0.091 0.894 0.029 246.963 2097 249.005 2382.407 0 0
43646 8 5 4 1 0.111 0.044 0.091 0.894 0.029 246.074 1922 249.062 2308.093 0 0
43646 9 5 4 1 0.111 0.044 0.091 0.894 0.029 247.305 2152 249.27 2525.013 0 0
43646 10 5 4 1 0.111 0.044 0.091 0.894 0.029 247.315 1909 248.968 2308.64 0 0
43646 1 5 4 1 0.077 0.012 0.464 0.759 0.169 0.796 14 2.191 30.427 1 0
43646 2 5 4 1 0.077 0.012 0.464 0.759 0.169 0.348 12 1.537 26.147 1 0
43646 3 5 4 1 0.077 0.012 0.464 0.759 0.169 0.398 13 1.965 27.84 1 0
43646 4 5 4 1 0.077 0.012 0.464 0.759 0.169 0.895 19 2.071 33.113 1 0
43646 5 5 4 1 0.077 0.012 0.464 0.759 0.169 2.531 17 5.555 43.66 0.347 0
43646 6 5 4 1 0.077 0.012 0.464 0.759 0.169 0.796 16 2.09 30.307 1 0
43646 7 5 4 1 0.077 0.012 0.464 0.759 0.169 1.043 18 2.661 38.453 1 0
43646 8 5 4 1 0.077 0.012 0.464 0.759 0.169 0.398 17 1.327 29.147 1 0
43646 9 5 4 1 0.077 0.012 0.464 0.759 0.169 0.895 13 2.233 29 1 0
43646 10 5 4 1 0.077 0.012 0.464 0.759 0.169 0.795 12 2.35 30.773 1 0
43646 1 5 4 1 0.008 0.241 0.256 0.807 0.694 1.886 9 3.66 28.813 0.833 0.007
43646 2 5 4 1 0.008 0.241 0.256 0.807 0.694 1.088 16 2.372 33.873 1 0
43646 3 5 4 1 0.008 0.241 0.256 0.807 0.694 1.094 17 2.708 33.8 1 0
43646 4 5 4 1 0.008 0.241 0.256 0.807 0.694 0 10 0.098 10 1 0
43646 5 5 4 1 0.008 0.241 0.256 0.807 0.694 0.796 9 2.061 25.36 1 0.007
43646 6 5 4 1 0.008 0.241 0.256 0.807 0.694 1.143 13 2.43 29.82 1 0
43646 7 5 4 1 0.008 0.241 0.256 0.807 0.694 1.442 12 2.703 30.773 1 0
43646 8 5 4 1 0.008 0.241 0.256 0.807 0.694 1.044 11 1.814 28.92 1 0
43646 9 5 4 1 0.008 0.241 0.256 0.807 0.694 1.043 13 2.159 28.507 1 0
43646 10 5 4 1 0.008 0.241 0.256 0.807 0.694 0.945 12 2.924 31.373 0.907 0
43646 1 5 4 1 0.084 0.107 0.076 0.894 0.637 1.979 9 3.088 31.867 1 0.007
43646 2 5 4 1 0.084 0.107 0.076 0.894 0.637 0.249 12 1.194 24.24 1 0
43646 3 5 4 1 0.084 0.107 0.076 0.894 0.637 0 10 0.14 10 1 0
43646 4 5 4 1 0.084 0.107 0.076 0.894 0.637 1.393 16 3.091 36.28 0.967 0
43646 5 5 4 1 0.084 0.107 0.076 0.894 0.637 4.694 23 8.981 49.627 0.013 0
43646 6 5 4 1 0.084 0.107 0.076 0.894 0.637 1.442 11 2.462 32.76 1 0
43646 7 5 4 1 0.084 0.107 0.076 0.894 0.637 0.596 18 3.02 32.673 0.88 0
43646 1 5 6 0 0.093 0.331 0.081 0.844 0.194 246.751 2111 249.342 2478.62 0 0
43646 2 5 6 0 0.093 0.331 0.081 0.844 0.194 247.209 2384 249.451 2908.56 0 0
43646 3 5 6 0 0.093 0.331 0.081 0.844 0.194 247.251 2072 249.343 2853.973 0 0
43646 4 5 6 0 0.093 0.331 0.081 0.844 0.194 247.246 2356 249.539 3165.82 0 0
43646 5 5 6 0 0.093 0.331 0.081 0.844 0.194 247.274 2177 249.323 2857.987 0 0
43646 6 5 6 0 0.093 0.331 0.081 0.844 0.194 247.553 2401 249.552 3142.573 0 0
43646 7 5 6 0 0.093 0.331 0.081 0.844 0.194 247.153 2489 249.434 2906.173 0 0
43646 8 5 6 0 0.093 0.331 0.081 0.844 0.194 247.699 2085 249.524 2783.38 0 0
43646 9 5 6 0 0.093 0.331 0.081 0.844 0.194 248.036 2668 249.551 3123.967 0 0
43646 10 5 6 0 0.093 0.331 0.081 0.844 0.194 247.732 2065 249.419 2721.36 0 0
43646 1 5 6 0 0.072 0.006 0.314 0.954 0.389 0.845 10 2.218 26.327 1 0
43646 2 5 6 0 0.072 0.006 0.314 0.954 0.389 0 13 0.067 13 1 0
43646 3 5 6 0 0.072 0.006 0.314 0.954 0.389 1.095 7 2.064 24.993 1 0.073
43646 4 5 6 0 0.072 0.006 0.314 0.954 0.389 0.05 14 0.166 14 1 0
43646 5 5 6 0 0.072 0.006 0.314 0.954 0.389 0.398 17 1.799 33.8 1 0
43646 6 5 6 0 0.072 0.006 0.314 0.954 0.389 0 13 0.281 15.433 1 0
43646 7 5 6 0 0.072 0.006 0.314 0.954 0.389 0.498 16 1.17 25.76 1 0
43646 8 5 6 0 0.072 0.006 0.314 0.954 0.389 0 13 1.47 23.013 1 0
43646 9 5 6 0 0.072 0.006 0.314 0.954 0.389 0.348 9 1.345 26.853 1 0.013
43646 10 5 6 0 0.072 0.006 0.314 0.954 0.389 0.796 10 1.709 24.793 1 0
43646 1 5 6 0 0.032 0.075 0.425 0.972 0.623 0.149 10 0.767 17.06 1 0
43646 2 5 6 0 0.032 0.075 0.425 0.972 0.623 0 11 0.069 11 1 0
43646 3 5 6 0 0.032 0.075 0.425 0.972 0.623 0.796 13 1.7 28.027 1 0
43646 4 5 6 0 0.032 0.075 0.425 0.972 0.623 0.149 18 1.7 28.613 1 0
43646 5 5 6 0 0.032 0.075 0.425 0.972 0.623 0 15 0.092 15 1 0
43646 6 5 6 0 0.032 0.075 0.425 0.972 0.623 0 13 0.137 13 1 0
43646 7 5 6 0 0.032 0.075 0.425 0.972 0.623 1.094 6 1.858 24.467 1 0.08
43646 8 5 6 0 0.032 0.075 0.425 0.972 0.623 0.348 13 1.614 27.32 1 0
43646 9 5 6 0 0.032 0.075 0.425 0.972 0.623 0.1 11 1.238 22.493 1 0
43646 10 5 6 0 0.032 0.075 0.425 0.972 0.623 0 14 0.127 14 1 0
43646 1 5 6 0 0.062 0.318 0.022 0.862 0.92 0.597 8 2.239 27.373 1 0.033
43646 2 5 6 0 0.062 0.318 0.022 0.862 0.92 1.591 13 2.458 31.527 1 0
43646 3 5 6 0 0.062 0.318 0.022 0.862 0.92 0 8 0.005 8 1 1
43646 4 5 6 0 0.062 0.318 0.022 0.862 0.92 0 9 0.174 11.06 1 0.473
43646 5 5 6 0 0.062 0.318 0.022 0.862 0.92 0.497 15 1.349 28.567 1 0
43646 6 5 6 0 0.062 0.318 0.022 0.862 0.92 0.299 13 1.097 25.947 1 0
43646 7 5 6 0 0.062 0.318 0.022 0.862 0.92 0.149 10 0.849 21.14 1 0
43646 8 5 6 0 0.062 0.318 0.022 0.862 0.92 0 9 0.255 10.527 1 0.047
43646 9 5 6 0 0.062 0.318 0.022 0.862 0.92 0 7 0.195 7 1 1
43646 10 5 6 0 0.062 0.318 0.022 0.862 0.92 0 9 0.261 11.1 1 0.527
43646 1 5 6 0 0.043 0.376 0.095 0.809 0.247 237.877 646 245.552 1374.42 0 0
43646 2 5 6 0 0.043 0.376 0.095 0.809 0.247 239.511 637 246.671 1658.58 0 0
43646 3 5 6 0 0.043 0.376 0.095 0.809 0.247 237.572 311 245.759 1536.273 0 0
43646 4 5 6 0 0.043 0.376 0.095 0.809 0.247 231.05 440 244.381 1514.147 0 0
43646 5 5 6 0 0.043 0.376 0.095 0.809 0.247 238.707 699 247.068 1755.387 0 0
43646 6 5 6 0 0.043 0.376 0.095 0.809 0.247 238.3 571 246.221 1393.813 0 0
43646 7 5 6 0 0.043 0.376 0.095 0.809 0.247 239.366 696 246.571 1551.04 0 0
43646 8 5 6 0 0.043 0.376 0.095 0.809 0.247 239.245 502 247.698 1734.887 0 0
43646 9 5 6 0 0.043 0.376 0.095 0.809 0.247 241.79 561 246.513 1598.16 0 0
43646 10 5 6 0 0.043 0.376 0.095 0.809 0.247 240.127 276 247.037 1555.34 0 0
43646 1 5 6 0 0.041 0.093 0.234 0.768 0.241 0.845 12 2.04 31.507 1 0
43646 2 5 6 0 0.041 0.093 0.234 0.768 0.241 10.344 13 15 59.553 0 0
43646 3 5 6 0 0.041 0.093 0.234 0.768 0.241 20.695 9 24.615 61.667 0 0.027
43646 4 5 6 0 0.041 0.093 0.234 0.768 0.241 34.75 8 45.01 112.533 0 0.053
43646 5 5 6 0 0.041 0.093 0.234 0.768 0.241 15.079 11 21.446 86.133 0 0
43646 6 5 6 0 0.041 0.093 0.234 0.768 0.241 16.467 12 21.467 70.887 0 0
43646 7 5 6 0 0.041 0.093 0.234 0.768 0.241 33.114 12 37.447 115.987 0 0
43646 8 5 6 0 0.041 0.093 0.234 0.768 0.241 8.769 11 14.196 65.44 0 0
43646 9 5 6 0 0.041 0.093 0.234 0.768 0.241 0.29 15 1.463 27.247 1 0
43646 10 5 6 0 0.041 0.093 0.234 0.768 0.241 0.796 9 1.451 22.833 1 0.02
43646 1 5 6 0 0.071 0.382 0.329 0.835 0.429 1.243 6 2.103 25.58 1 0.087
43646 2 5 6 0 0.071 0.382 0.329 0.835 0.429 0 10 0.065 10.187 1 0
43646 3 5 6 0 0.071 0.382 0.329 0.835 0.429 0 12 0.059 12 1 0
43646 4 5 6 0 0.071 0.382 0.329 0.835 0.429 0 10 0.582 14.273 1 0
43646 5 5 6 0 0.071 0.382 0.329 0.835 0.429 0.845 15 1.866 29.833 1 0
43646 6 5 6 0 0.071 0.382 0.329 0.835 0.429 0.645 13 2.559 30.627 1 0
43646 7 5 6 0 0.071 0.382 0.329 0.835 0.429 0.05 15 0.168 15 1 0
43646 8 5 6 0 0.071 0.382 0.329 0.835 0.429 0 8 0.955 16.907 1 0.253
43646 9 5 6 0 0.071 0.382 0.329 0.835 0.429 0 6 0.105 6 1 1
43646 10 5 6 0 0.071 0.382 0.329 0.835 0.429 0 7 0.073 7 1 1
43646 1 5 6 0 0.107 0.201 0.062 0.764 0.652 4.241 9 6.088 38.78 0.213 0.027
43646 1 5 8 0 0.057 0.091 0.217 0.875 0.688 195.851 5 205.156 27.367 0 0.613
43646 2 5 8 0 0.057 0.091 0.217 0.875 0.688 187.871 4 210.495 28.42 0 0.7
43646 3 5 8 0 0.057 0.091 0.217 0.875 0.688 231.894 0 243.803 30.433 0 0.747
43646 4 5 8 0 0.057 0.091 0.217 0.875 0.688 231.176 1 241.781 34.933 0 0.687
43646 5 5 8 0 0.057 0.091 0.217 0.875 0.688 132.131 7 145.087 28.687 0 0.213
43646 6 5 8 0 0.057 0.091 0.217 0.875 0.688 233.756 2 242.848 34.5 0 0.687
43646 7 5 8 0 0.057 0.091 0.217 0.875 0.688 199.039 2 214.447 26.153 0 0.707
43646 8 5 8 0 0.057 0.091 0.217 0.875 0.688 214.891 1 236.693 29.307 0 0.733
43646 9 5 8 0 0.057 0.091 0.217 0.875 0.688 0 13 0.181 14.233 1 0
43646 10 5 8 0 0.057 0.091 0.217 0.875 0.688 0.796 11 1.576 23.7 1 0
43646 1 5 8 0 0.069 0.256 0.101 0.761 0.222 243.757 1053 248.178 1891.893 0 0
43646 2 5 8 0 0.069 0.256 0.101 0.761 0.222 240.936 785 248.042 2030.853 0 0
43646 3 5 8 0 0.069 0.256 0.101 0.761 0.222 240.766 721 247.816 1916.067 0 0
43646 4 5 8 0 0.069 0.256 0.101 0.761 0.222 241.842 736 247.784 2357.067 0 0
43646 5 5 8 0 0.069 0.256 0.101 0.761 0.222 238.181 475 247.723 1987.42 0 0
43646 6 5 8 0 0.069 0.256 0.101 0.761 0.222 240.76 1134 248.077 2101.113 0 0
43646 7 5 8 0 0.069 0.256 0.101 0.761 0.222 243.373 1464 248.408 2269.027 0 0
43646 8 5 8 0 0.069 0.256 0.101 0.761 0.222 238.895 708 247.248 1939.307 0 0
43646 9 5 8 0 0.069 0.256 0.101 0.761 0.222 243.834 644 248.23 2011.04 0 0
43646 10 5 8 0 0.069 0.256 0.101 0.761 0.222 243.358 1645 248.267 2256.867 0 0
43646 1 5 8 0 0.085 0.026 0.284 0.844 0.128 197.544 4 207.738 27.52 0 0.653
43646 2 5 8 0 0.085 0.026 0.284 0.844 0.128 227.66 3 240.664 30.62 0 0.727
43646 3 5 8 0 0.085 0.026 0.284 0.844 0.128 165.543 4 181.539 19.16 0 0.6
43646 4 5 8 0 0.085 0.026 0.284 0.844 0.128 231.407 2 242.852 35.187 0 0.773
43646 5 5 8 0 0.085 0.026 0.284 0.844 0.128 214.6 1 225.163 31.707 0 0.687
43646 6 5 8 0 0.085 0.026 0.284 0.844 0.128 0.05 10 0.584 16.773 1 0
43646 7 5 8 0 0.085 0.026 0.284 0.844 0.128 182.618 2 205.699 24.58 0 0.7
43646 8 5 8 0 0.085 0.026 0.284 0.844 0.128 154.331 8 165.779 33.44 0 0.32
43646 9 5 8 0 0.085 0.026 0.284 0.844 0.128 2.778 11 4.87 28.887 0.507 0
43646 10 5 8 0 0.085 0.026 0.284 0.844 0.128 228.784 0 241.683 31.693 0 0.673
43646 1 5 8 0 0.029 0.493 0.42 0.752 0.854 0 10 0.086 10 1 0
43646 2 5 8 0 0.029 0.493 0.42 0.752 0.854 0 9 0.067 9 1 1
43646 3 5 8 0 0.029 0.493 0.42 0.752 0.854 229.036 1 241.872 30.96 0 0.727
43646 4 5 8 0 0.029 0.493 0.42 0.752 0.854 0 7 0.1 7 1 1
43646 5 5 8 0 0.029 0.493 0.42 0.752 0.854 0 13 0.198 13.22 1 0
43646 6 5 8 0 0.029 0.493 0.42 0.752 0.854 217.034 1 231.485 30.313 0 0.7
43646 7 5 8 0 0.029 0.493 0.42 0.752 0.854 185.816 4 202.06 25.873 0 0.587
43646 8 5 8 0 0.029 0.493 0.42 0.752 0.854 213.496 0 223.542 24.287 0 0.72
43646 9 5 8 0 0.029 0.493 0.42 0.752 0.854 71.284 7 78.915 26.307 0 0.213
43646 10 5 8 0 0.029 0.493 0.42 0.752 0.854 47.641 3 65.813 18.187 0 0.267
43646 1 5 8 0 0.102 0.217 0.075 0.878 0.911 0 4 0.081 4 1 1
43646 2 5 8 0 0.102 0.217 0.075 0.878 0.911 222.072 3 235.645 30.12 0 0.66
43646 3 5 8 0 0.102 0.217 0.075 0.878 0.911 148.124 8 162.577 26.387 0 0.28
43646 4 5 8 0 0.102 0.217 0.075 0.878 0.911 133.831 8 148.244 26.367 0 0.287
43646 5 5 8 0 0.102 0.217 0.075 0.878 0.911 206.167 2 217.032 30.593 0 0.667
43646 6 5 8 0 0.102 0.217 0.075 0.878 0.911 229.82 0 240.791 28.96 0 0.68
43646 7 5 8 0 0.102 0.217 0.075 0.878 0.911 192.331 6 202.772 29.447 0 0.52
43646 8 5 8 0 0.102 0.217 0.075 0.878 0.911 0 8 0.029 8 1 1
43646 9 5 8 0 0.102 0.217 0.075 0.878 0.911 1.243 12 2.233 27.893 1 0
43646 10 5 8 0 0.102 0.217 0.075 0.878 0.911 177.457 3 202.45 22.233 0 0.667
43646 1 5 8 0 0.084 0.406 0.38 0.938 0.056 240.309 337 246.94 1774.733 0 0
43646 2 5 8 0 0.084 0.406 0.38 0.938 0.056 239.871 582 246.701 1823.573 0 0
43646 3 5 8 0 0.084 0.406 0.38 0.938 0.056 238.787 613 246.462 1697.827 0 0
43646 4 5 8 0 0.084 0.406 0.38 0.938 0.056 238.541 855 246.356 1862.273 0 0
43646 5 5 8 0 0.084 0.406 0.38 0.938 0.056 235.602 803 246.061 1659.32 0 0
43646 6 5 8 0 0.084 0.406 0.38 0.938 0.056 237.437 645 246.794 1749.367 0 0
43646 7 5 8 0 0.084 0.406 0.38 0.938 0.056 237.451 869 246.97 1669.147 0 0
43646 8 5 8 0 0.084 0.406 0.38 0.938 0.056 237.746 730 246.893 1854.793 0 0
43646 9 5 8 0 0.084 0.406 0.38 0.938 0.056 230.267 755 244.827 1757.453 0 0
43646 10 5 8 0 0.084 0.406 0.38 0.938 0.056 240.961 434 247.365 1803.22 0 0
43646 1 5 8 0 0.081 0.031 0.301 0.839 0.119 232.969 3 244.057 33.893 0 0.693
43646 2 5 8 0 0.081 0.031 0.301 0.839 0.119 0.125 10 1.198 17.507 1 0
43646 3 5 8 0 0.081 0.031 0.301 0.839 0.119 228.536 0 243.555 33.867 0 0.753
43646 4 5 8 0 0.081 0.031 0.301 0.839 0.119 211.133 3 224.088 27.133 0 0.687
43646 5 5 8 0 0.081 0.031 0.301 0.839 0.119 231.784 1 241.988 35.267 0 0.687
43646 6 5 8 0 0.081 0.031 0.301 0.839 0.119 0 11 0.044 11 1 0
43646 7 5 8 0 0.081 0.031 0.301 0.839 0.119 229.62 5 241.22 34.873 0 0.68
43646 8 5 8 0 0.081 0.031 0.301 0.839 0.119 0 9 0.053 9 1 1
43646 9 5 8 0 0.081 0.031 0.301 0.839 0.119 229.397 2 242.448 33.04 0 0.713
43646 10 5 8 0 0.081 0.031 0.301 0.839 0.119 8.824 8 12.444 38.873 0 0.02
43646 1 5 8 0 0.024 0.12 0.203 0.847 0.233 0.1 17 0.782 26.013 1 0
43646 2 5 8 0 0.024 0.12 0.203 0.847 0.233 0 13 0.136 13 1 0
43646 1 5 10 1 0.033 0.122 0.229 0.907 0.208 45.81 44 55.492 149.607 0 0
43646 2 5 10 1 0.033 0.122 0.229 0.907 0.208 73.099 92 82.821 226.827 0 0
43646 3 5 10 1 0.033 0.122 0.229 0.907 0.208 113.117 90 172.598 195.207 0 0
43646 4 5 10 1 0.033 0.122 0.229 0.907 0.208 66.18 46 73.717 208.033 0 0
43646 5 5 10 1 0.033 0.122 0.229 0.907 0.208 53.195 57 62.35 218.8 0 0
43646 6 5 10 1 0.033 0.122 0.229 0.907 0.208 37.5 43 43.262 130.94 0 0
43646 7 5 10 1 0.033 0.122 0.229 0.907 0.208 40.825 63 47.262 153.893 0 0
43646 8 5 10 1 0.033 0.122 0.229 0.907 0.208 55.752 54 60.188 183.38 0 0
43646 9 5 10 1 0.033 0.122 0.229 0.907 0.208 78.694 38 94.282 224.027 0 0
43646 10 5 10 1 0.033 0.122 0.229 0.907 0.208 40.557 44 45.261 140.513 0 0
43646 1 5 10 1 0.084 0.113 0.296 0.972 0.494 234.612 0 245.876 38.2 0 0.707
43646 2 5 10 1 0.084 0.113 0.296 0.972 0.494 237.24 0 245.972 35.26 0 0.76
43646 3 5 10 1 0.084 0.113 0.296 0.972 0.494 235.917 0 245.966 32.64 0 0.693
43646 4 5 10 1 0.084 0.113 0.296 0.972 0.494 235.607 3 245.454 32.253 0 0.747
43646 5 5 10 1 0.084 0.113 0.296 0.972 0.494 233.979 2 244.61 29.56 0 0.7
43646 6 5 10 1 0.084 0.113 0.296 0.972 0.494 231.535 1 244.656 32.633 0 0.72
43646 7 5 10 1 0.084 0.113 0.296 0.972 0.494 231.539 0 244.501 32.147 0 0.76
43646 8 5 10 1 0.084 0.113 0.296 0.972 0.494 231.013 0 243.684 34.373 0 0.72
43646 9 5 10 1 0.084 0.113 0.296 0.972 0.494 235.691 1 244.368 35.313 0 0.713
43646 10 5 10 1 0.084 0.113 0.296 0.972 0.494 231.949 1 243.844 29.707 0 0.707
43646 1 5 10 1 0.085 0.033 0.09 0.762 0.558 234.495 3 245.526 30.647 0 0.767
43646 2 5 10 1 0.085 0.033 0.09 0.762 0.558 233.89 3 244.034 34.167 0 0.687
43646 3 5 10 1 0.085 0.033 0.09 0.762 0.558 234.715 0 243.936 27.02 0 0.707
43646 4 5 10 1 0.085 0.033 0.09 0.762 0.558 234.431 2 244.18 32.073 0 0.713
43646 5 5 10 1 0.085 0.033 0.09 0.762 0.558 236.538 1 246.205 29.973 0 0.713
43646 6 5 10 1 0.085 0.033 0.09 0.762 0.558 232.346 5 246.052 35.647 0 0.687
43646 7 5 10 1 0.085 0.033 0.09 0.762 0.558 231.211 2 242.919 33.073 0 0.673
43646 8 5 10 1 0.085 0.033 0.09 0.762 0.558 237.577 1 243.181 26.853 0 0.707
43646 9 5 10 1 0.085 0.033 0.09 0.762 0.558 232.471 1 242.677 33.92 0 0.693
43646 10 5 10 1 0.085 0.033 0.09 0.762 0.558 230.582 4 246.151 38.287 0 0.727
43646 1 5 10 1 0.032 0.33 0.452 0.913 0.036 244.335 1230 248.216 1538.467 0 0
43646 2 5 10 1 0.032 0.33 0.452 0.913 0.036 244.866 1193 247.987 1475.913 0 0
43646 3 5 10 1 0.032 0.33 0.452 0.913 0.036 243.659 1033 247.544 1359.24 0 0
43646 4 5 10 1 0.032 0.33 0.452 0.913 0.036 243.015 949 247.706 1443.62 0 0
43646 5 5 10 1 0.032 0.33 0.452 0.913 0.036 242.995 1029 247.151 1298.573 0 0
43646 6 5 10 1 0.032 0.33 0.452 0.913 0.036 244.871 1053 247.723 1433.9 0 0
43646 7 5 10 1 0.032 0.33 0.452 0.913 0.036 241.147 1043 247.294 1286.827 0 0
43646 8 5 10 1 0.032 0.33 0.452 0.913 0.036 243.114 1044 247.587 1388.553 0 0
43646 9 5 10 1 0.032 0.33 0.452 0.913 0.036 241.938 913 247.453 1374.673 0 0
43646 10 5 10 1 0.032 0.33 0.452 0.913 0.036 244.549 1125 247.946 1397.673 0 0
43646 1 5 10 1 0.065 0.063 0.383 0.828 0.481 238.069 2 245.283 34.787 0 0.753
43646 2 5 10 1 0.065 0.063 0.383 0.828 0.481 230.293 3 245.438 36.58 0 0.76
43646 3 5 10 1 0.065 0.063 0.383 0.828 0.481 230.726 0 244.865 36.253 0 0.733
43646 4 5 10 1 0.065 0.063 0.383 0.828 0.481 229.662 3 242.457 32.2 0 0.7
43646 5 5 10 1 0.065 0.063 0.383 0.828 0.481 235.276 0 244.647 34.087 0 0.78
43646 6 5 10 1 0.065 0.063 0.383 0.828 0.481 236.489 2 246.218 31.807 0 0.673
43646 7 5 10 1 0.065 0.063 0.383 0.828 0.481 229.586 1 245.456 34.727 0 0.727
43646 8 5 10 1 0.065 0.063 0.383 0.828 0.481 238.036 2 246.147 34.007 0 0.713
43646 9 5 10 1 0.065 0.063 0.383 0.828 0.481 234.56 0 246.439 29.62 0 0.767
43646 10 5 10 1 0.065 0.063 0.383 0.828 0.481 234.544 3 244.999 33.387 0 0.72
43646 1 5 10 1 0.045 0.027 0.159 0.856 0.4 230.326 0 244.004 31.12 0 0.753
43646 2 5 10 1 0.045 0.027 0.159 0.856 0.4 231.851 0 245.111 34.187 0 0.68
43646 3 5 10 1 0.045 0.027 0.159 0.856 0.4 231.265 0 244.48 28.387 0 0.74
43646 4 5 10 1 0.045 0.027 0.159 0.856 0.4 237.63 3 245.73 33.207 0 0.667
43646 5 5 10 1 0.045 0.027 0.159 0.856 0.4 234.61 0 244.958 33.08 0 0.667
43646 6 5 10 1 0.045 0.027 0.159 0.856 0.4 234.346 3 245.398 34.973 0 0.693
43646 7 5 10 1 0.045 0.027 0.159 0.856 0.4 232.301 3 243.893 31.88 0 0.68
43646 8 5 10 1 0.045 0.027 0.159 0.856 0.4 234.457 1 243.963 28.72 0 0.72
43646 9 5 10 1 0.045 0.027 0.159 0.856 0.4 231.039 1 244.361 33.793 0 0.72
43646 10 5 10 1 0.045 0.027 0.159 0.856 0.4 238.229 0 246.619 32.567 0 0.713
43646 1 5 10 1 0.095 0.03 0.371 0.963 0.262 231.492 3 245.728 29.207 0 0.76
43646 2 5 10 1 0.095 0.03 0.371 0.963 0.262 232.156 1 244.225 30.42 0 0.753
43646 3 5 10 1 0.095 0.03 0.371 0.963 0.262 236.239 1 246.021 31.953 0 0.72
43646 4 5 10 1 0.095 0.03 0.371 0.963 0.262 236.069 0 245.254 31.28 0 0.707
43646 5 5 10 1 0.095 0.03 0.371 0.963 0.262 234.952 3 244.719 33.387 0 0.76
43646 1 5 4 1 0.064 0.216 0.326 0.962 0.644 0.498 15 1.993 32.32 1 0
43646 2 5 4 1 0.064 0.216 0.326 0.962 0.644 0.796 18 1.601 32.647 1 0
43646 3 5 4 1 0.064 0.216 0.326 0.962 0.644 0.945 13 2.436 31.6 1 0
43646 4 5 4 1 0.064 0.216 0.326 0.962 0.644 0.795 14 1.712 31.48 1 0
43646 5 5 4 1 0.064 0.216 0.326 0.962 0.644 0 10 0.091 10 1 0
43646 6 5 4 1 0.064 0.216 0.326 0.962 0.644 0.299 9 1.317 23.76 1 0.073
43646 7 5 4 1 0.064 0.216 0.326 0.962 0.644 0.348 15 1.347 27.267 1 0
43646 8 5 4 1 0.064 0.216 0.326 0.962 0.644 1.044 5 2.726 28.9 0.993 0.047
43646 9 5 4 1 0.064 0.216 0.326 0.962 0.644 1.193 11 2.917 30.327 1 0
43646 10 5 4 1 0.064 0.216 0.326 0.962 0.644 0.945 15 2.649 35.713 1 0
43646 1 5 4 1 0.071 0.278 0.371 0.958 0.298 55.087 80 58.339 169.127 0 0
43646 2 5 4 1 0.071 0.278 0.371 0.958 0.298 31.862 48 34.166 106.76 0 0
43646 3 5 4 1 0.071 0.278 0.371 0.958 0.298 45.737 66 49.225 145.847 0 0
43646 4 5 4 1 0.071 0.278 0.371 0.958 0.298 39.811 85 44.818 148.667 0 0
43646 5 5 4 1 0.071 0.278 0.371 0.958 0.298 44.066 63 49.158 162.913 0 0
43646 6 5 4 1 0.071 0.278 0.371 0.958 0.298 21.529 38 24.474 88.087 0 0
43646 7 5 4 1 0.071 0.278 0.371 0.958 0.298 26.913 49 29.289 91.507 0 0
43646 8 5 4 1 0.071 0.278 0.371 0.958 0.298 41.084 71 46.613 154.993 0 0
43646 9 5 4 1 0.071 0.278 0.371 0.958 0.298 27.865 46 30.746 95.42 0 0
43646 10 5 4 1 0.071 0.278 0.371 0.958 0.298 18.891 31 23.849 80.987 0 0
43646 1 5 4 1 0.006 0.147 0.204 0.97 0.518 1.044 10 2.824 29.673 0.947 0
43646 2 5 4 1 0.006 0.147 0.204 0.97 0.518 0.844 17 2.639 36.087 0.987 0
43646 3 5 4 1 0.006 0.147 0.204 0.97 0.518 0.646 5 2.732 24.76 0.993 0.1
43646 4 5 4 1 0.006 0.147 0.204 0.97 0.518 1.085 10 2.269 29.793 1 0
43646 5 5 4 1 0.006 0.147 0.204 0.97 0.518 1.541 11 2.826 27.447 1 0
43646 6 5 4 1 0.006 0.147 0.204 0.97 0.518 1.294 19 2.399 33.467 1 0
43646 7 5 4 1 0.006 0.147 0.204 0.97 0.518 0.746 18 2.688 35.773 1 0
43646 8 5 4 1 0.006 0.147 0.204 0.97 0.518 0 5 0.054 5 1 1
43646 9 5 4 1 0.006 0.147 0.204 0.97 0.518 1.303 19 4.085 42.273 0.62 0
43646 10 5 4 1 0.006 0.147 0.204 0.97 0.518 0.448 12 2.133 27.247 1 0
43646 1 5 4 1 0.078 0.065 0.145 0.854 0.709 1.439 13 3.033 34.4 1 0
43646 2 5 4 1 0.078 0.065 0.145 0.854 0.709 1.293 12 2.613 32.227 1 0
43646 3 5 4 1 0.078 0.065 0.145 0.854 0.709 0.149 19 1.688 31.213 1 0
43646 4 5 4 1 0.078 0.065 0.145 0.854 0.709 0.199 20 1.616 32.06 1 0
43646 5 5 4 1 0.078 0.065 0.145 0.854 0.709 1.234 12 3.259 34.833 0.947 0
43646 6 5 4 1 0.078 0.065 0.145 0.854 0.709 0.05 8 0.129 8 1 1
43646 7 5 4 1 0.078 0.065 0.145 0.854 0.709 0 13 0.068 14.627 1 0
43646 8 5 4 1 0.078 0.065 0.145 0.854 0.709 0 8 0 8 1 1
43646 9 5 4 1 0.078 0.065 0.145 0.854 0.709 0.05 9 0.67 15.5 1 0.007
43646 10 5 4 1 0.078 0.065 0.145 0.854 0.709 0.597 14 1.664 28.093 1 0
43646 1 5 4 1 0.01 0.458 0.06 0.997 0.975 1.193 11 2.29 29.067 1 0
43646 2 5 4 1 0.01 0.458 0.06 0.997 0.975 0.498 15 1.395 31.547 1 0
43646 3 5 4 1 0.01 0.458 0.06 0.997 0.975 0.846 15 1.672 28.993 1 0
43646 4 5 4 1 0.01 0.458 0.06 0.997 0.975 0.1 11 0.28 11.893 1 0
43646 5 5 4 1 0.01 0.458 0.06 0.997 0.975 1.044 19 2.124 36.767 1 0
43646 6 5 4 1 0.01 0.458 0.06 0.997 0.975 1.64 12 2.801 30.547 1 0
43646 7 5 4 1 0.01 0.458 0.06 0.997 0.975 1.144 13 2.546 31.267 1 0
43646 8 5 4 1 0.01 0.458 0.06 0.997 0.975 1.292 12 2.163 32.393 1 0
43646 9 5 4 1 0.01 0.458 0.06 0.997 0.975 0.697 11 1.711 26.033 1 0
43646 10 5 4 1 0.01 0.458 0.06 0.997 0.975 0.1 13 1.896 31.107 1 0
43646 1 5 4 1 0.113 0.152 0.07 0.821 0.233 244.034 1467 248.106 1719.88 0 0
43646 2 5 4 1 0.113 0.152 0.07 0.821 0.233 244.053 1233 248.037 1517.753 0 0
43646 3 5 4 1 0.113 0.152 0.07 0.821 0.233 242.917 1177 247.628 1513.307 0 0
43646 4 5 4 1 0.113 0.152 0.07 0.821 0.233 244.571 1241 247.82 1603.173 0 0
43646 5 5 4 1 0.113 0.152 0.07 0.821 0.233 242.944 1298 247.534 1554.38 0 0
43646 6 5 4 1 0.113 0.152 0.07 0.821 0.233 241.69 1079 246.975 1469.2 0 0
43646 7 5 4 1 0.113 0.152 0.07 0.821 0.233 245.005 1419 248.215 1778.633 0 0
43646 8 5 4 1 0.113 0.152 0.07 0.821 0.233 243.419 1315 248.256 1611.48 0 0
43646 9 5 4 1 0.113 0.152 0.07 0.821 0.233 244.686 1340 248.23 1643.74 0 0
43646 10 5 4 1 0.113 0.152 0.07 0.821 0.233 243.68 1148 247.233 1410.267 0 0
43646 1 5 4 1 0.027 0.334 0.298 0.887 0.076 238.451 719 243.663 985.42 0 0
43646 2 5 4 1 0.027 0.334 0.298 0.887 0.076 234.561 704 241.857 947.58 0 0
43646 3 5 4 1 0.027 0.334 0.298 0.887 0.076 233.03 753 243.061 947.547 0 0
43646 4 5 4 1 0.027 0.334 0.298 0.887 0.076 238.718 731 245.28 919.893 0 0
43646 5 5 4 1 0.027 0.334 0.298 0.887 0.076 239.876 689 244.686 919.547 0 0
43646 6 5 4 1 0.027 0.334 0.298 0.887 0.076 240.013 736 244.578 949.04 0 0
43646 7 5 4 1 0.027 0.334 0.298 0.887 0.076 236.117 765 242.529 974.213 0 0
43646 8 5 4 1 0.027 0.334 0.298 0.887 0.076 237.966 720 244.217 1019.713 0 0
43646 9 5 4 1 0.027 0.334 0.298 0.887 0.076 237.416 741 244.497 934.113 0 0
43646 10 5 4 1 0.027 0.334 0.298 0.887 0.076 239.81 748 243.9 1004.24 0 0
43646 1 5 4 1 0.048 0.181 0.349 0.996 0.827 0.995 20 2.587 35.427 1 0
43646 2 5 4 1 0.048 0.181 0.349 0.996 0.827 0.746 15 2.069 28.427 1 0
43646 3 5 4 1 0.048 0.181 0.349 0.996 0.827 0.596 8 1.875 28.56 1 0.013
43646 4 5 4 1 0.048 0.181 0.349 0.996 0.827 0.199 14 1.344 28.64 1 0
43646 5 5 4 1 0.048 0.181 0.349 0.996 0.827 1.739 15 3.902 35.913 0.78 0
43646 6 5 4 1 0.048 0.181 0.349 0.996 0.827 0.398 11 1.59 26.933 1 0
43646 7 5 4 1 0.048 0.181 0.349 0.996 0.827 0 14 1.167 26.013 1 0
43646 8 5 4 1 0.048 0.181 0.349 0.996 0.827 0 11 0.105 11 1 0
43646 9 5 4 1 0.048 0.181 0.349 0.996 0.827 0.149 15 0.885 24.213 1 0
43646 10 5 4 1 0.048 0.181 0.349 0.996 0.827 0.746 9 2.166 28.147 1 0.007
43646 1 5 8 1 0.086 0.458 0.127 0.866 0.688 0.647 13 1.819 26.84 1 0
43646 2 5 8 1 0.086 0.458 0.127 0.866 0.688 1.442 4 3.685 31.547 0.953 0.053
43646 3 5 8 1 0.086 0.458 0.127 0.866 0.688 0 6 0.086 6 1 1
43646 4 5 8 1 0.086 0.458 0.127 0.866 0.688 0.746 11 2.658 31.453 1 0
43646 5 5 8 1 0.086 0.458 0.127 0.866 0.688 0 12 0.254 17.707 1 0
43646 6 5 8 1 0.086 0.458 0.127 0.866 0.688 1.64 13 2.957 34.727 0.993 0
43646 7 5 8 1 0.086 0.458 0.127 0.866 0.688 0.1 11 1.45 29.12 1 0
43646 8 5 8 1 0.086 0.458 0.127 0.866 0.688 1.241 8 2.744 35.013 0.953 0.007
43646 9 5 8 1 0.086 0.458 0.127 0.866 0.688 0 7 0.025 7 1 1
43646 10 5 8 1 0.086 0.458 0.127 0.866 0.688 0 13 0.153 13 1 0
43646 1 5 8 1 0.117 0.497 0.35 1 0.242 165.38 444 171.657 653.247 0 0
43646 2 5 8 1 0.117 0.497 0.35 1 0.242 181.799 480 188.902 691.793 0 0
43646 3 5 8 1 0.117 0.497 0.35 1 0.242 174.124 512 178.968 704.16 0 0
43646 4 5 8 1 0.117 0.497 0.35 1 0.242 146.707 345 155.042 546.047 0 0
43646 5 5 8 1 0.117 0.497 0.35 1 0.242 159.019 421 162.867 631.987 0 0
43646 6 5 8 1 0.117 0.497 0.35 1 0.242 169.83 402 175.916 694.133 0 0
43646 7 5 8 1 0.117 0.497 0.35 1 0.242 167.658 408 174.211 655.113 0 0
43646 8 5 8 1 0.117 0.497 0.35 1 0.242 171.454 493 178.268 726.587 0 0
43646 9 5 8 1 0.117 0.497 0.35 1 0.242 235.339 712 244.587 979.587 0 0
43646 10 5 8 1 0.117 0.497 0.35 1 0.242 186.127 577 191.107 844.12 0 0
43646 1 5 8 1 0.086 0.199 0.149 0.776 0.232 243.912 870 246.854 1157.193 0 0
43646 2 5 8 1 0.086 0.199 0.149 0.776 0.232 242.847 761 247.245 1228.92 0 0
43646 3 5 8 1 0.086 0.199 0.149 0.776 0.232 243.273 824 247.065 1133.9 0 0
43646 4 5 8 1 0.086 0.199 0.149 0.776 0.232 240.204 895 246.669 1169.187 0 0
43646 5 5 8 1 0.086 0.199 0.149 0.776 0.232 241.748 907 246.608 1151.613 0 0
43646 6 5 8 1 0.086 0.199 0.149 0.776 0.232 244.043 1078 247.339 1320.813 0 0
43646 7 5 8 1 0.086 0.199 0.149 0.776 0.232 243.289 1011 247.168 1270.913 0 0
43646 8 5 8 1 0.086 0.199 0.149 0.776 0.232 242.297 940 247.376 1234.733 0 0
43646 9 5 8 1 0.086 0.199 0.149 0.776 0.232 242.303 861 246.7 1125.56 0 0
43646 10 5 8 1 0.086 0.199 0.149 0.776 0.232 242.972 874 246.574 1168.58 0 0
43646 1 5 8 1 0.052 0.173 0.461 0.766 0.566 0 7 0.744 14.4 1 0.46
43646 2 5 8 1 0.052 0.173 0.461 0.766 0.566 229.046 3 243.135 29.86 0 0.733
43646 3 5 8 1 0.052 0.173 0.461 0.766 0.566 229.78 2 242.815 30.033 0 0.72
43646 4 5 8 1 0.052 0.173 0.461 0.766 0.566 219.956 3 229.918 32.473 0 0.673
43646 5 5 8 1 0.052 0.173 0.461 0.766 0.566 211.299 1 224.058 23.427 0 0.7
43646 6 5 8 1 0.052 0.173 0.461 0.766 0.566 197.145 3 208.977 23.6 0 0.667
43646 7 5 8 1 0.052 0.173 0.461 0.766 0.566 26.339 6 30.113 19.787 0 0.367
43646 8 5 8 1 0.052 0.173 0.461 0.766 0.566 204.814 3 215.128 29.32 0 0.693
43646 9 5 8 1 0.052 0.173 0.461 0.766 0.566 232.553 3 243.71 31.973 0 0.673
43646 10 5 8 1 0.052 0.173 0.461 0.766 0.566 63.975 6 75.512 23.5 0 0.167
43646 1 5 8 1 0.101 0.275 0.249 0.765 0.599 0.746 13 1.998 31.507 1 0
43646 2 5 8 1 0.101 0.275 0.249 0.765 0.599 1.343 12 3.145 28.467 0.893 0
43646 3 5 8 1 0.101 0.275 0.249 0.765 0.599 0.249 12 1.779 25.953 1 0
43646 4 5 8 1 0.101 0.275 0.249 0.765 0.599 0.249 9 1.945 23.907 1 0.107
43646 5 5 8 1 0.101 0.275 0.249 0.765 0.599 0 12 0.072 12 1 0
43646 6 5 8 1 0.101 0.275 0.249 0.765 0.599 0 6 0.29 8.233 1 0.92
43646 7 5 8 1 0.101 0.275 0.249 0.765 0.599 0.895 17 1.529 28.393 1 0
43646 8 5 8 1 0.101 0.275 0.249 0.765 0.599 0.597 12 1.615 27.087 1 0
43646 9 5 8 1 0.101 0.275 0.249 0.765 0.599 1.144 8 2.525 26.867 1 0.027
43646 10 5 8 1 0.101 0.275 0.249 0.765 0.599 0 8 0.094 8 1 1
43646 1 5 8 1 0.035 0.038 0.271 0.978 0.241 0.746 13 1.626 26.513 1 0
43646 2 5 8 1 0.035 0.038 0.271 0.978 0.241 0 15 0.441 19.867 1 0
43646 3 5 8 1 0.035 0.038 0.271 0.978 0.241 0.547 14 1.929 27.98 1 0
43646 4 5 8 1 0.035 0.038 0.271 0.978 0.241 0.1 13 0.404 16.827 1 0
43646 5 5 8 1 0.035 0.038 0.271 0.978 0.241 0 10 0.163 10 1 0
43646 6 5 8 1 0.035 0.038 0.271 0.978 0.241 0.794 17 1.731 29.04 1 0
43646 7 5 8 1 0.035 0.038 0.271 0.978 0.241 0.547 11 2.055 26.8 1 0
43646 8 5 8 1 0.035 0.038 0.271 0.978 0.241 1.078 9 2.608 24.853 0.987 0.033
43646 9 5 8 1 0.035 0.038 0.271 0.978 0.241 1.84 11 8.397 31.493 0.167 0
43646 10 5 8 1 0.035 0.038 0.271 0.978 0.241 0.05 10 1.112 22.393 1 0
43646 1 5 8 1 0.1 0.108 0.155 0.943 0.108 245.085 1381 248.328 1584.347 0 0
43646 2 5 8 1 0.1 0.108 0.155 0.943 0.108 246.042 1328 248.462 1642.833 0 0
43646 3 5 8 1 0.1 0.108 0.155 0.943 0.108 244.283 1188 248.301 1663.653 0 0
43646 4 5 8 1 0.1 0.108 0.155 0.943 0.108 243.675 1130 248.067 1473.76 0 0
43646 5 5 8 1 0.1 0.108 0.155 0.943 0.108 245.554 1315 248.591 1830.953 0 0
43646 6 5 8 1 0.1 0.108 0.155 0.943 0.108 243.137 1157 247.149 1484.273 0 0
43646 7 5 8 1 0.1 0.108 0.155 0.943 0.108 242.075 1179 247.907 1518.233 0 0
43646 1 5 8 0 0.01 0.205 0.315 0.94 0.017 234.05 241 243.518 1215.867 0 0
43646 2 5 8 0 0.01 0.205 0.315 0.94 0.017 232.467 136 243.721 1323.9 0 0
43646 3 5 8 0 0.01 0.205 0.315 0.94 0.017 236.074 7 244.098 1353.727 0 0.007
43646 4 5 8 0 0.01 0.205 0.315 0.94 0.017 235.905 37 242.706 1220.327 0 0
43646 5 5 8 0 0.01 0.205 0.315 0.94 0.017 229.309 99 243.118 1319.353 0 0
43646 6 5 8 0 0.01 0.205 0.315 0.94 0.017 234.207 303 242.387 1284.347 0 0
43646 7 5 8 0 0.01 0.205 0.315 0.94 0.017 227.71 74 243.414 1292.133 0 0
43646 8 5 8 0 0.01 0.205 0.315 0.94 0.017 231.076 7 243.02 1287.693 0 0.013
43646 9 5 8 0 0.01 0.205 0.315 0.94 0.017 235.165 93 243.471 1194.38 0 0
43646 10 5 8 0 0.01 0.205 0.315 0.94 0.017 232.788 70 243.46 1238.527 0 0
43646 1 5 8 0 0.025 0.428 0.235 0.874 0.076 228 507 241.795 1198.093 0 0
43646 2 5 8 0 0.025 0.428 0.235 0.874 0.076 236.967 198 244.955 1317.22 0 0
43646 3 5 8 0 0.025 0.428 0.235 0.874 0.076 230.602 371 243.896 1302.167 0 0
43646 4 5 8 0 0.025 0.428 0.235 0.874 0.076 236.284 87 243.76 1360.3 0 0
43646 5 5 8 0 0.025 0.428 0.235 0.874 0.076 234.071 242 243.452 1262.413 0 0
43646 6 5 8 0 0.025 0.428 0.235 0.874 0.076 234.849 121 244.643 1294.807 0 0
43646 7 5 8 0 0.025 0.428 0.235 0.874 0.076 235 43 244.066 1258.967 0 0
43646 8 5 8 0 0.025 0.428 0.235 0.874 0.076 231.305 4 243.336 1232.987 0 0.007
43646 9 5 8 0 0.025 0.428 0.235 0.874 0.076 228.407 5 243.587 1206.78 0 0.007
43646 10 5 8 0 0.025 0.428 0.235 0.874 0.076 236.801 325 244.519 1411.533 0 0
43646 1 5 8 0 0.054 0.337 0.466 0.811 0.504 230.259 1 243.105 26.933 0 0.7
43646 2 5 8 0 0.054 0.337 0.466 0.811 0.504 194.618 4 204.65 26.387 0 0.713
43646 3 5 8 0 0.054 0.337 0.466 0.811 0.504 213.916 2 223.502 29.507 0 0.7
43646 4 5 8 0 0.054 0.337 0.466 0.811 0.504 232.222 4 242.573 33.96 0 0.687
43646 5 5 8 0 0.054 0.337 0.466 0.811 0.504 216.679 3 226.084 27.173 0 0.593
43646 6 5 8 0 0.054 0.337 0.466 0.811 0.504 0 7 0.038 7 1 1
43646 7 5 8 0 0.054 0.337 0.466 0.811 0.504 227.923 1 239.818 29.473 0 0.7
43646 8 5 8 0 0.054 0.337 0.466 0.811 0.504 202.939 1 214.38 20.56 0 0.72
43646 9 5 8 0 0.054 0.337 0.466 0.811 0.504 229.505 0 242.517 28.873 0 0.72
43646 10 5 8 0 0.054 0.337 0.466 0.811 0.504 225.857 1 237.93 29.68 0 0.653
43646 1 5 8 0 0.036 0.05 0.049 0.972 0.39 0.448 10 1.552 27.12 1 0
43646 2 5 8 0 0.036 0.05 0.049 0.972 0.39 0.1 9 1.277 17.153 1 0.007
43646 3 5 8 0 0.036 0.05 0.049 0.972 0.39 2.236 3 5.548 24.98 0.54 0.347
43646 4 5 8 0 0.036 0.05 0.049 0.972 0.39 0.894 14 1.978 28.36 1 0
43646 5 5 8 0 0.036 0.05 0.049 0.972 0.39 9.437 11 12.823 57.28 0 0
43646 6 5 8 0 0.036 0.05 0.049 0.972 0.39 1.434 16 2.488 35.733 1 0
43646 7 5 8 0 0.036 0.05 0.049 0.972 0.39 0 7 0.013 7 1 1
43646 8 5 8 0 0.036 0.05 0.049 0.972 0.39 2.357 9 4.384 33.46 0.66 0.02
43646 9 5 8 0 0.036 0.05 0.049 0.972 0.39 0 8 0.044 8 1 1
43646 10 5 8 0 0.036 0.05 0.049 0.972 0.39 0.398 13 2.001 26.62 0.933 0
43646 1 5 8 0 0.01 0.181 0.346 0.934 0.455 0 4 0.026 4 1 1
43646 2 5 8 0 0.01 0.181 0.346 0.934 0.455 180.485 2 200.719 40.907 0 0.607
43646 3 5 8 0 0.01 0.181 0.346 0.934 0.455 223.802 1 236.666 44.733 0 0.58
43646 4 5 8 0 0.01 0.181 0.346 0.934 0.455 204.708 5 216.672 47.273 0 0.54
43646 5 5 8 0 0.01 0.181 0.346 0.934 0.455 223.031 2 235.628 50.707 0 0.593
43646 6 5 8 0 0.01 0.181 0.346 0.934 0.455 140.502 6 155.635 57.7 0 0.38
43646 7 5 8 0 0.01 0.181 0.346 0.934 0.455 151.248 3 184.593 46.32 0 0.567
43646 8 5 8 0 0.01 0.181 0.346 0.934 0.455 192.305 7 200.647 46.5 0 0.447
43646 9 5 8 0 0.01 0.181 0.346 0.934 0.455 0.299 9 1.23 22.813 1 0.007
43646 10 5 8 0 0.01 0.181 0.346 0.934 0.455 0.298 9 1.187 19.887 1 0.173
43646 1 5 8 0 0.05 0.362 0.309 0.861 0.039 239.532 594 247.928 2165.16 0 0
43646 2 5 8 0 0.05 0.362 0.309 0.861 0.039 238.899 1002 248.066 2003.56 0 0
43646 3 5 8 0 0.05 0.362 0.309 0.861 0.039 242.627 1177 248.504 2307.36 0 0
43646 4 5 8 0 0.05 0.362 0.309 0.861 0.039 242.833 1328 248.789 2288.813 0 0
43646 5 5 8 0 0.05 0.362 0.309 0.861 0.039 243.307 791 248.409 2316.9 0 0
43646 6 5 8 0 0.05 0.362 0.309 0.861 0.039 238.167 891 247.406 2238.947 0 0
43646 7 5 8 0 0.05 0.362 0.309 0.861 0.039 239.95 1179 248.182 2274.913 0 0
43646 8 5 8 0 0.05 0.362 0.309 0.861 0.039 240.812 1237 248.478 2390.193 0 0
43646 9 5 8 0 0.05 0.362 0.309 0.861 0.039 242.532 926 248.268 2158.22 0 0
43646 10 5 8 0 0.05 0.362 0.309 0.861 0.039 241.346 861 247.644 2176 0 0
43646 1 5 8 0 0.106 0.43 0.47 0.857 0.383 99.096 5 122.092 44.607 0 0.44
43646 2 5 8 0 0.106 0.43 0.47 0.857 0.383 176.622 3 187.887 49.693 0 0.393
43646 3 5 8 0 0.106 0.43 0.47 0.857 0.383 216.464 1 232.172 62.9 0 0.5
43646 4 5 8 0 0.106 0.43 0.47 0.857 0.383 0.497 8 2.216 29.573 1 0.033
43646 5 5 8 0 0.106 0.43 0.47 0.857 0.383 0 5 0.085 5 1 1
43646 6 5 8 0 0.106 0.43 0.47 0.857 0.383 198.534 3 213.664 63.933 0 0.5
43646 1 5 10 0 0.027 0.474 0.292 0.928 0.332 201.343 1 216.712 216.313 0 0.327
43646 2 5 10 0 0.027 0.474 0.292 0.928 0.332 202.495 1 218.752 193.447 0 0.207
43646 3 5 10 0 0.027 0.474 0.292 0.928 0.332 201.577 4 223.189 220.2 0 0.34
43646 4 5 10 0 0.027 0.474 0.292 0.928 0.332 212.022 4 229.083 214.093 0 0.32
43646 5 5 10 0 0.027 0.474 0.292 0.928 0.332 180.51 2 195.997 214.54 0 0.24
43646 6 5 10 0 0.027 0.474 0.292 0.928 0.332 200.238 4 223.599 207.36 0 0.22
43646 7 5 10 0 0.027 0.474 0.292 0.928 0.332 216.596 1 228.74 230.747 0 0.253
43646 8 5 10 0 0.027 0.474 0.292 0.928 0.332 208.426 4 220.194 210.133 0 0.227
43646 9 5 10 0 0.027 0.474 0.292 0.928 0.332 204.759 5 217.836 232.82 0 0.073
43646 10 5 10 0 0.027 0.474 0.292 0.928 0.332 0 2 0.007 2 1 1
43646 1 5 10 0 0.058 0.102 0.033 0.79 0.363 236.298 131 246.161 1480.673 0 0
43646 2 5 10 0 0.058 0.102 0.033 0.79 0.363 233.088 200 242.025 1217.873 0 0
43646 3 5 10 0 0.058 0.102 0.033 0.79 0.363 237.031 444 245.802 1475.913 0 0
43646 4 5 10 0 0.058 0.102 0.033 0.79 0.363 237.67 163 244.867 1261.3 0 0
43646 5 5 10 0 0.058 0.102 0.033 0.79 0.363 234.145 549 243.385 1478.18 0 0
43646 6 5 10 0 0.058 0.102 0.033 0.79 0.363 232.578 2 244.271 1268.02 0 0.007
43646 7 5 10 0 0.058 0.102 0.033 0.79 0.363 235.169 146 245.386 1497.053 0 0
43646 8 5 10 0 0.058 0.102 0.033 0.79 0.363 236.559 184 243.465 1420.12 0 0
43646 9 5 10 0 0.058 0.102 0.033 0.79 0.363 236.386 420 244.667 1321.027 0 0
43646 10 5 10 0 0.058 0.102 0.033 0.79 0.363 239.967 359 245.862 1515.273 0 0
43646 1 5 10 0 0.073 0.164 0.143 0.949 0.691 227.957 1 238.173 41.253 0 0.62
43646 2 5 10 0 0.073 0.164 0.143 0.949 0.691 230.263 3 240.34 43.373 0 0.593
43646 3 5 10 0 0.073 0.164 0.143 0.949 0.691 228.287 2 241.665 44.313 0 0.647
43646 4 5 10 0 0.073 0.164 0.143 0.949 0.691 228.076 3 241.102 42.8 0 0.64
43646 5 5 10 0 0.073 0.164 0.143 0.949 0.691 230.909 3 240.687 38.84 0 0.587
43646 6 5 10 0 0.073 0.164 0.143 0.949 0.691 222.251 0 242.984 38.553 0 0.647
43646 7 5 10 0 0.073 0.164 0.143 0.949 0.691 230.451 4 240.751 46.16 0 0.613
43646 8 5 10 0 0.073 0.164 0.143 0.949 0.691 233.935 4 242.952 46.087 0 0.607
43646 9 5 10 0 0.073 0.164 0.143 0.949 0.691 232.84 2 243.133 47.327 0 0.62
43646 10 5 10 0 0.073 0.164 0.143 0.949 0.691 232.465 3 241.841 41.967 0 0.553
43646 1 5 10 0 0.04 0.161 0.426 0.848 0.365 226.119 2 242.571 34.787 0 0.673
43646 2 5 10 0 0.04 0.161 0.426 0.848 0.365 233.737 0 242.475 31.607 0 0.673
43646 3 5 10 0 0.04 0.161 0.426 0.848 0.365 235.936 0 244.789 31.173 0 0.733
43646 4 5 10 0 0.04 0.161 0.426 0.848 0.365 212.845 9 221.563 37.967 0 0.26
43646 5 5 10 0 0.04 0.161 0.426 0.848 0.365 230.311 1 242.87 32.533 0 0.66
43646 6 5 10 0 0.04 0.161 0.426 0.848 0.365 230.507 0 242.075 34.36 0 0.673
43646 7 5 10 0 0.04 0.161 0.426 0.848 0.365 231.67 0 243.077 32.527 0 0.727
43646 8 5 10 0 0.04 0.161 0.426 0.848 0.365 233.072 0 244.27 34.353 0 0.7
43646 9 5 10 0 0.04 0.161 0.426 0.848 0.365 232.039 2 244.294 34.8 0 0.713
43646 10 5 10 0 0.04 0.161 0.426 0.848 0.365 232.082 1 241.865 32.967 0 0.647
43646 1 5 10 0 0.047 0.388 0.471 0.925 0.505 235.095 1 244.124 32.207 0 0.727
43646 2 5 10 0 0.047 0.388 0.471 0.925 0.505 231.452 2 243.737 32.48 0 0.66
43646 3 5 10 0 0.047 0.388 0.471 0.925 0.505 233.914 3 245.213 36.253 0 0.66
43646 4 5 10 0 0.047 0.388 0.471 0.925 0.505 231.889 0 243.929 30.667 0 0.713
43646 5 5 10 0 0.047 0.388 0.471 0.925 0.505 237.553 0 245.768 33.013 0 0.76
43646 6 5 10 0 0.047 0.388 0.471 0.925 0.505 225.251 2 243.87 34.1 0 0.687
43646 7 5 10 0 0.047 0.388 0.471 0.925 0.505 234.353 0 245.169 34.273 0 0.733
43646 8 5 10 0 0.047 0.388 0.471 0.925 0.505 234.046 2 244.102 28.613 0 0.7
43646 9 5 10 0 0.047 0.388 0.471 0.925 0.505 234.833 1 244.709 30.06 0 0.68
43646 10 5 10 0 0.047 0.388 0.471 0.925 0.505 225.83 3 243.584 31.353 0 0.727
43646 1 5 10 0 0.017 0.036 0.186 0.941 0.878 235.847 0 243.681 26.367 0 0.693
43646 2 5 10 0 0.017 0.036 0.186 0.941 0.878 229.086 1 245.146 29.873 0 0.687
43646 3 5 10 0 0.017 0.036 0.186 0.941 0.878 233.643 3 244.386 34.247 0 0.707
43646 4 5 10 0 0.017 0.036 0.186 0.941 0.878 237.71 2 245.547 29.74 0 0.707
43646 5 5 10 0 0.017 0.036 0.186 0.941 0.878 230.774 1 244.018 30.747 0 0.713
43646 6 5 10 0 0.017 0.036 0.186 0.941 0.878 232.577 1 244.317 26.92 0 0.693
43646 7 5 10 0 0.017 0.036 0.186 0.941 0.878 234.405 5 243.612 30.253 0 0.667
43646 8 5 10 0 0.017 0.036 0.186 0.941 0.878 236.519 1 246.241 34.547 0 0.72
43646 9 5 10 0 0.017 0.036 0.186 0.941 0.878 234.162 2 245.814 31.887 0 0.727
43646 10 5 10 0 0.017 0.036 0.186 0.941 0.878 231.876 0 244.019 32.98 0 0.74
43646 1 5 10 0 0.093 0.275 0.023 0.931 0.8 229.896 2 240.925 44.967 0 0.493
43646 2 5 10 0 0.093 0.275 0.023 0.931 0.8 228.042 2 240.444 42.087 0 0.54
43646 3 5 10 0 0.093 0.275 0.023 0.931 0.8 228.928 3 240.962 43.013 0 0.56
43646 4 5 10 0 0.093 0.275 0.023 0.931 0.8 228.278 3 241.654 46.933 0 0.507
43646 5 5 10 0 0.093 0.275 0.023 0.931 0.8 224.519 6 240.195 56.173 0 0.56
43646 6 5 10 0 0.093 0.275 0.023 0.931 0.8 221.712 3 238.125 45.193 0 0.54
43646 7 5 10 0 0.093 0.275 0.023 0.931 0.8 224.154 5 238.831 51.927 0 0.433
43646 8 5 10 0 0.093 0.275 0.023 0.931 0.8 226.794 4 242.439 48.14 0 0.547
43646 9 5 10 0 0.093 0.275 0.023 0.931 0.8 222.097 4 240.614 41.2 0 0.547
43646 10 5 10 0 0.093 0.275 0.023 0.931 0.8 227.044 2 238.675 38.673 0 0.493
43646 1 5 10 0 0.033 0.045 0.202 0.947 0.06 161.623 6 176.633 445.84 0 0.173
43646 2 5 10 0 0.033 0.045 0.202 0.947 0.06 171.222 2 178.712 391.573 0 0.007
43646 1 5 8 1 0.068 0.391 0.41 0.939 0.925 84.723 15 94.331 23.713 0 0
43646 2 5 8 1 0.068 0.391 0.41 0.939 0.925 231.247 0 243.924 27.693 0 0.713
43646 3 5 8 1 0.068 0.391 0.41 0.939 0.925 215.865 2 232.899 25.047 0 0.647
43646 4 5 8 1 0.068 0.391 0.41 0.939 0.925 0 12 0.325 14.453 1 0
43646 5 5 8 1 0.068 0.391 0.41 0.939 0.925 28.517 8 33.89 21.273 0 0.04
43646 6 5 8 1 0.068 0.391 0.41 0.939 0.925 1.049 11 2.394 27.56 1 0
43646 7 5 8 1 0.068 0.391 0.41 0.939 0.925 83.691 3 103.01 20.087 0 0.527
43646 8 5 8 1 0.068 0.391 0.41 0.939 0.925 0 4 0.108 4 1 1
43646 9 5 8 1 0.068 0.391 0.41 0.939 0.925 90.583 9 102.791 26.107 0 0.027
43646 10 5 8 1 0.068 0.391 0.41 0.939 0.925 28.729 6 34.177 19.98 0 0.08
43646 1 5 8 1 0.056 0.089 0.332 0.881 0.459 0.05 11 0.214 11 1 0
43646 2 5 8 1 0.056 0.089 0.332 0.881 0.459 216.623 2 224.168 32.353 0 0.707
43646 3 5 8 1 0.056 0.089 0.332 0.881 0.459 2.034 8 3.139 27.967 0.993 0.1
43646 4 5 8 1 0.056 0.089 0.332 0.881 0.459 0.199 6 3.889 18.087 0.607 0.2
43646 5 5 8 1 0.056 0.089 0.332 0.881 0.459 0.597 10 2.896 28.58 0.947 0
43646 6 5 8 1 0.056 0.089 0.332 0.881 0.459 0.348 11 1.925 25.14 1 0
43646 7 5 8 1 0.056 0.089 0.332 0.881 0.459 0.547 16 2.18 30.833 1 0
43646 8 5 8 1 0.056 0.089 0.332 0.881 0.459 1.293 10 3.54 25.593 0.96 0
43646 9 5 8 1 0.056 0.089 0.332 0.881 0.459 0.398 16 1.389 27.087 1 0
43646 10 5 8 1 0.056 0.089 0.332 0.881 0.459 0.199 9 1.249 23.2 1 0.007
43646 1 5 8 1 0.087 0.412 0.047 0.782 0.054 249.084 5384 249.937 5970.587 0 0
43646 2 5 8 1 0.087 0.412 0.047 0.782 0.054 248.29 3888 249.708 4587.04 0 0
43646 3 5 8 1 0.087 0.412 0.047 0.782 0.054 249.129 4829 249.888 5941.267 0 0
43646 4 5 8 1 0.087 0.412 0.047 0.782 0.054 248.557 4668 249.768 4992.213 0 0
43646 5 5 8 1 0.087 0.412 0.047 0.782 0.054 248.535 4680 249.84 5309.187 0 0
43646 6 5 8 1 0.087 0.412 0.047 0.782 0.054 249.12 4734 249.818 5224.527 0 0
43646 7 5 8 1 0.087 0.412 0.047 0.782 0.054 248.721 4858 249.817 5636.04 0 0
43646 8 5 8 1 0.087 0.412 0.047 0.782 0.054 248.558 4185 249.815 4743.167 0 0
43646 9 5 8 1 0.087 0.412 0.047 0.782 0.054 248.952 4206 249.833 4791.033 0 0
43646 10 5 8 1 0.087 0.412 0.047 0.782 0.054 248.815 4217 249.822 4977.033 0 0
43646 1 5 8 1 0.043 0.098 0.002 0.855 0.496 238.047 381 242.62 802.4 0 0
43646 2 5 8 1 0.043 0.098 0.002 0.855 0.496 235.65 345 243.76 824.913 0 0
43646 3 5 8 1 0.043 0.098 0.002 0.855 0.496 236.446 368 243.465 848.033 0 0
43646 4 5 8 1 0.043 0.098 0.002 0.855 0.496 238.924 395 243.234 803.367 0 0
43646 5 5 8 1 0.043 0.098 0.002 0.855 0.496 233.33 435 240.172 787.753 0 0
43646 6 5 8 1 0.043 0.098 0.002 0.855 0.496 233.865 425 240.5 853.56 0 0
43646 7 5 8 1 0.043 0.098 0.002 0.855 0.496 234.737 407 242.679 837.52 0 0
43646 8 5 8 1 0.043 0.098 0.002 0.855 0.496 234.693 497 241.81 852.48 0 0
43646 9 5 8 1 0.043 0.098 0.002 0.855 0.496 235.261 476 242.524 943.74 0 0
43646 10 5 8 1 0.043 0.098 0.002 0.855 0.496 235.88 501 240.838 843.48 0 0
43646 1 5 8 1 0.024 0.027 0.365 0.991 0.393 210.967 3 224.728 22.713 0 0.713
43646 2 5 8 1 0.024 0.027 0.365 0.991 0.393 213.938 1 225.028 25.273 0 0.713
43646 3 5 8 1 0.024 0.027 0.365 0.991 0.393 109.576 3 119.454 15.593 0 0.713
43646 4 5 8 1 0.024 0.027 0.365 0.991 0.393 208.102 1 221.106 29.433 0 0.693
43646 5 5 8 1 0.024 0.027 0.365 0.991 0.393 113.693 6 148.959 30.42 0 0.567
43646 6 5 8 1 0.024 0.027 0.365 0.991 0.393 197.701 4 206.926 20.927 0 0.68
43646 7 5 8 1 0.024 0.027 0.365 0.991 0.393 206.451 4 217.423 28.393 0 0.62
43646 8 5 8 1 0.024 0.027 0.365 0.991 0.393 35.066 10 50.159 27.287 0 0
43646 9 5 8 1 0.024 0.027 0.365 0.991 0.393 196.052 5 207.207 26.373 0 0.707
43646 10 5 8 1 0.024 0.027 0.365 0.991 0.393 0 9 0.102 9 1 1
43646 1 5 8 1 0.021 0.102 0.332 0.8 0.593 67.636 9 83.837 29.093 0 0.027
43646 2 5 8 1 0.021 0.102 0.332 0.8 0.593 0 7 0.045 7 1 1
43646 3 5 8 1 0.021 0.102 0.332 0.8 0.593 230.288 2 243.838 33.753 0 0.667
43646 4 5 8 1 0.021 0.102 0.332 0.8 0.593 0 8 0.094 8 1 1
43646 5 5 8 1 0.021 0.102 0.332 0.8 0.593 228.693 3 240.672 30.42 0 0.68
43646 6 5 8 1 0.021 0.102 0.332 0.8 0.593 228.867 2 241.84 29.68 0 0.707
43646 7 5 8 1 0.021 0.102 0.332 0.8 0.593 0.05 18 0.231 18 1 0
43646 8 5 8 1 0.021 0.102 0.332 0.8 0.593 119.559 4 145.526 20.087 0 0.42
43646 9 5 8 1 0.021 0.102 0.332 0.8 0.593 0 7 0.049 7 1 1
43646 10 5 8 1 0.021 0.102 0.332 0.8 0.593 0 5 0.093 5 1 1
43646 1 5 8 1 0.089 0.371 0.25 0.943 0.731 0 8 0.076 8 1 1
43646 2 5 8 1 0.089 0.371 0.25 0.943 0.731 0.348 10 1.258 25.013 1 0
43646 3 5 8 1 0.089 0.371 0.25 0.943 0.731 0.844 5 2.158 22.867 1 0.087
43646 4 5 8 1 0.089 0.371 0.25 0.943 0.731 0 11 0.229 11.98 1 0
43646 5 5 8 1 0.089 0.371 0.25 0.943 0.731 0.398 11 1.739 25.18 1 0
43646 6 5 8 1 0.089 0.371 0.25 0.943 0.731 0.746 7 2.649 21.333 1 0.113
43646 7 5 8 1 0.089 0.371 0.25 0.943 0.731 0.398 9 1.838 27.36 1 0.007
43646 8 5 8 1 0.089 0.371 0.25 0.943 0.731 0.348 9 1.522 23.273 1 0.033
43646 9 5 8 1 0.089 0.371 0.25 0.943 0.731 0.249 14 1.131 25.027 1 0
43646 1 5 5 0 0.067 0.312 0.146 0.76 0.379 97.331 6 105.668 275.133 0 0.113
43646 2 5 5 0 0.067 0.312 0.146 0.76 0.379 87.239 2 94.795 205.987 0 0.047
43646 3 5 5 0 0.067 0.312 0.146 0.76 0.379 153.047 15 164.718 482.147 0 0
43646 4 5 5 0 0.067 0.312 0.146 0.76 0.379 73.116 2 84.414 175.927 0 0.227
43646 5 5 5 0 0.067 0.312 0.146 0.76 0.379 87.75 11 93.548 222.28 0 0
43646 6 5 5 0 0.067 0.312 0.146 0.76 0.379 165.782 67 176.986 484.653 0 0
43646 7 5 5 0 0.067 0.312 0.146 0.76 0.379 152.383 7 161.251 434.08 0 0.067
43646 8 5 5 0 0.067 0.312 0.146 0.76 0.379 156.919 4 164.367 462.847 0 0.06
43646 9 5 5 0 0.067 0.312 0.146 0.76 0.379 166.735 7 177.367 509.08 0 0.027
43646 10 5 5 0 0.067 0.312 0.146 0.76 0.379 149.545 8 157.389 461.493 0 0.027
43646 1 5 5 0 0.022 0.341 0.152 0.989 0.29 45.109 24 50.349 181.76 0 0
43646 2 5 5 0 0.022 0.341 0.152 0.989 0.29 115.958 2 122.06 268.7 0 0.087
43646 3 5 5 0 0.022 0.341 0.152 0.989 0.29 173.096 5 188.872 473.947 0 0.053
43646 4 5 5 0 0.022 0.341 0.152 0.989 0.29 139.698 6 150.235 419.493 0 0.093
43646 5 5 5 0 0.022 0.341 0.152 0.989 0.29 175.786 3 187.983 504.54 0 0.113
43646 6 5 5 0 0.022 0.341 0.152 0.989 0.29 118.36 5 130.801 385.233 0 0.047
43646 7 5 5 0 0.022 0.341 0.152 0.989 0.29 195.472 5 206.397 544.193 0 0.047
43646 8 5 5 0 0.022 0.341 0.152 0.989 0.29 88.33 3 98.489 219.033 0 0.193
43646 9 5 5 0 0.022 0.341 0.152 0.989 0.29 76.512 8 82.638 222.947 0 0.007
43646 10 5 5 0 0.022 0.341 0.152 0.989 0.29 199.466 6 213.259 630.747 0 0.16
43646 1 5 5 0 0.03 0.42 0.231 0.76 0.054 245.331 1415 248.874 2190.26 0 0
43646 2 5 5 0 0.03 0.42 0.231 0.76 0.054 245.072 916 248.24 1734.26 0 0
43646 3 5 5 0 0.03 0.42 0.231 0.76 0.054 245.588 1432 248.825 1934.407 0 0
43646 4 5 5 0 0.03 0.42 0.231 0.76 0.054 245.094 1173 248.43 1776.42 0 0
43646 5 5 5 0 0.03 0.42 0.231 0.76 0.054 244.099 1267 248.379 1951.32 0 0
43646 6 5 5 0 0.03 0.42 0.231 0.76 0.054 245.639 1494 248.682 2022.74 0 0
43646 7 5 5 0 0.03 0.42 0.231 0.76 0.054 243.513 1114 248.131 1879.373 0 0
43646 8 5 5 0 0.03 0.42 0.231 0.76 0.054 246.73 1365 248.875 1983.907 0 0
43646 9 5 5 0 0.03 0.42 0.231 0.76 0.054 244.002 1397 248.387 2097.273 0 0
43646 10 5 5 0 0.03 0.42 0.231 0.76 0.054 245.618 1014 248.567 1944.027 0 0
43646 1 5 5 0 0.043 0.242 0.145 0.752 0.876 0.547 9 1.936 25.693 1 0.033
43646 2 5 5 0 0.043 0.242 0.145 0.752 0.876 0.846 14 2.227 28 1 0
43646 3 5 5 0 0.043 0.242 0.145 0.752 0.876 0 8 0.216 9.78 1 0.407
43646 4 5 5 0 0.043 0.242 0.145 0.752 0.876 0.447 14 1.947 27.967 1 0
43646 5 5 5 0 0.043 0.242 0.145 0.752 0.876 0 10 0.347 11.507 1 0
43646 6 5 5 0 0.043 0.242 0.145 0.752 0.876 0.746 16 1.664 31.053 1 0
43646 7 5 5 0 0.043 0.242 0.145 0.752 0.876 0.199 18 1.332 30.7 1 0
43646 8 5 5 0 0.043 0.242 0.145 0.752 0.876 0.249 16 1.503 29.007 1 0
43646 9 5 5 0 0.043 0.242 0.145 0.752 0.876 0.746 11 1.686 23.353 1 0
43646 10 5 5 0 0.043 0.242 0.145 0.752 0.876 0 7 0.59 12.913 1 0.56
43646 1 5 5 0 0.07 0.457 0.311 0.805 0.747 0.298 7 2.842 27.9 1 0.033
43646 2 5 5 0 0.07 0.457 0.311 0.805 0.747 0.745 12 1.82 27.287 1 0
43646 3 5 5 0 0.07 0.457 0.311 0.805 0.747 0.646 17 2.262 31.64 1 0
43646 4 5 5 0 0.07 0.457 0.311 0.805 0.747 0 13 0.393 15.107 1 0
43646 5 5 5 0 0.07 0.457 0.311 0.805 0.747 0.995 15 2.182 31.613 1 0
43646 6 5 5 0 0.07 0.457 0.311 0.805 0.747 0.646 13 1.364 26.313 1 0
43646 7 5 5 0 0.07 0.457 0.311 0.805 0.747 0.995 15 1.928 32.247 1 0
43646 8 5 5 0 0.07 0.457 0.311 0.805 0.747 0.647 11 1.875 28.953 1 0
43646 9 5 5 0 0.07 0.457 0.311 0.805 0.747 0.498 14 2.335 31.533 1 0
43646 10 5 5 0 0.07 0.457 0.311 0.805 0.747 0.887 15 2.372 33.487 1 0
43646 1 5 5 0 0.023 0.115 0.397 0.913 0.072 53.588 28 58.071 186.747 0 0
43646 2 5 5 0 0.023 0.115 0.397 0.913 0.072 59.572 16 68.717 264.82 0 0
43646 3 5 5 0 0.023 0.115 0.397 0.913 0.072 0.498 11 3.121 32.94 0.947 0
43646 4 5 5 0 0.023 0.115 0.397 0.913 0.072 60.007 9 63.392 180.38 0 0.007
43646 5 5 5 0 0.023 0.115 0.397 0.913 0.072 61.571 12 66.682 196.813 0 0
43646 6 5 5 0 0.023 0.115 0.397 0.913 0.072 32.011 15 34.878 111.92 0 0
43646 7 5 5 0 0.023 0.115 0.397 0.913 0.072 59.472 15 66.976 206 0 0
43646 8 5 5 0 0.023 0.115 0.397 0.913 0.072 1.609 14 3.492 39.44 0.92 0
43646 9 5 5 0 0.023 0.115 0.397 0.913 0.072 46.645 7 53.475 117.973 0 0.08
43646 10 5 5 0 0.023 0.115 0.397 0.913 0.072 64.87 7 70.439 189.667 0 0.033
43646 1 5 5 0 0.034 0.19 0.138 0.847 0.691 1.865 9 3.778 34.387 0.74 0.007
43646 2 5 5 0 0.034 0.19 0.138 0.847 0.691 0 12 0.181 13.32 1 0
43646 3 5 5 0 0.034 0.19 0.138 0.847 0.691 0.547 8 1.581 21.473 1 0.06
43646 4 5 5 0 0.034 0.19 0.138 0.847 0.691 0.299 11 1.287 26.32 1 0
43646 5 5 5 0 0.034 0.19 0.138 0.847 0.691 1.243 12 2.485 30.56 1 0
43646 6 5 5 0 0.034 0.19 0.138 0.847 0.691 0.05 14 0.21 14.527 1 0
43646 7 5 5 0 0.034 0.19 0.138 0.847 0.691 0 17 0.195 17 1 0
43646 8 5 5 0 0.034 0.19 0.138 0.847 0.691 0 10 0.344 12.653 1 0
43646 9 5 5 0 0.034 0.19 0.138 0.847 0.691 0 6 0.088 6 1 1
43646 10 5 5 0 0.034 0.19 0.138 0.847 0.691 0.588 9 2.26 26.813 1 0.02
43646 1 5 5 0 0.064 0.076 0.234 0.892 0.917 0.647 9 1.616 24.927 1 0.06
43646 2 5 5 0 0.064 0.076 0.234 0.892 0.917 0 7 0.047 7 1 1
43646 3 5 5 0 0.064 0.076 0.234 0.892 0.917 0 7 0 7 1 1
43646 4 5 5 0 0.064 0.076 0.234 0.892 0.917 1.393 8 2.36 27.613 1 0.007
43646 5 5 5 0 0.064 0.076 0.234 0.892 0.917 0 5 0.087 5 1 1
43646 6 5 5 0 0.064 0.076 0.234 0.892 0.917 0 10 0.072 12.52 1 0
43646 7 5 5 0 0.064 0.076 0.234 0.892 0.917 0.447 12 1.29 26.387 1 0
43646 8 5 5 0 0.064 0.076 0.234 0.892 0.917 0.547 13 1.349 28.473 1 0
43646 1 5 5 1 0.036 0.027 0.389 0.892 0.416 0 12 0.561 17.447 1 0
43646 2 5 5 1 0.036 0.027 0.389 0.892 0.416 0 13 0.143 13 1 0
43646 3 5 5 1 0.036 0.027 0.389 0.892 0.416 1.094 8 2.427 27.52 1 0.02
43646 4 5 5 1 0.036 0.027 0.389 0.892 0.416 0.547 12 1.858 30.607 1 0
43646 5 5 5 1 0.036 0.027 0.389 0.892 0.416 0 14 0.117 14.867 1 0
43646 6 5 5 1 0.036 0.027 0.389 0.892 0.416 0 10 0.067 10 1 0
43646 7 5 5 1 0.036 0.027 0.389 0.892 0.416 1.044 9 2.033 27.993 1 0.013
43646 8 5 5 1 0.036 0.027 0.389 0.892 0.416 0.597 18 2.206 32.833 1 0
43646 9 5 5 1 0.036 0.027 0.389 0.892 0.416 0.895 8 2.294 28.653 1 0.02
43646 10 5 5 1 0.036 0.027 0.389 0.892 0.416 1.243 11 2.263 26.447 1 0
43646 1 5 5 1 0.1 0.34 0.162 0.928 0.568 5.58 20 7.992 52.393 0 0
43646 2 5 5 1 0.1 0.34 0.162 0.928 0.568 20.85 15 24.263 74.147 0 0
43646 3 5 5 1 0.1 0.34 0.162 0.928 0.568 10.678 16 12.351 53.36 0 0
43646 4 5 5 1 0.1 0.34 0.162 0.928 0.568 0.547 12 2.079 30.073 0.993 0
43646 5 5 5 1 0.1 0.34 0.162 0.928 0.568 0 4 0.055 4 1 1
43646 6 5 5 1 0.1 0.34 0.162 0.928 0.568 11.44 17 14.357 44.567 0 0
43646 7 5 5 1 0.1 0.34 0.162 0.928 0.568 0 12 0.121 12 1 0
43646 8 5 5 1 0.1 0.34 0.162 0.928 0.568 9.337 13 12.075 51.367 0 0
43646 9 5 5 1 0.1 0.34 0.162 0.928 0.568 5.016 14 7.405 40.393 0 0
43646 10 5 5 1 0.1 0.34 0.162 0.928 0.568 2.853 10 7.296 42.713 0.2 0
43646 1 5 5 1 0.065 0.116 0.356 0.846 0.626 0.944 14 1.668 28.26 1 0
43646 2 5 5 1 0.065 0.116 0.356 0.846 0.626 1.094 15 2.324 32.693 1 0
43646 3 5 5 1 0.065 0.116 0.356 0.846 0.626 0 12 1.109 21.66 1 0
43646 4 5 5 1 0.065 0.116 0.356 0.846 0.626 0.448 15 1.572 28.127 1 0
43646 5 5 5 1 0.065 0.116 0.356 0.846 0.626 0 14 0.137 14 1 0
43646 6 5 5 1 0.065 0.116 0.356 0.846 0.626 0.746 13 1.77 27.907 1 0
43646 7 5 5 1 0.065 0.116 0.356 0.846 0.626 0.697 19 1.639 30.7 1 0
43646 8 5 5 1 0.065 0.116 0.356 0.846 0.626 0.1 12 0.74 19.293 1 0
43646 9 5 5 1 0.065 0.116 0.356 0.846 0.626 0.348 10 1.148 22.427 1 0
43646 10 5 5 1 0.065 0.116 0.356 0.846 0.626 0.647 16 1.511 31.633 1 0
43646 1 5 5 1 0.116 0.386 0.1 0.883 0.593 8.578 18 12.487 50.167 0 0
43646 2 5 5 1 0.116 0.386 0.1 0.883 0.593 10.992 18 14.256 55.92 0 0
43646 3 5 5 1 0.116 0.386 0.1 0.883 0.593 11.206 18 13.61 59.34 0 0
43646 4 5 5 1 0.116 0.386 0.1 0.883 0.593 6.169 28 8.924 50.36 0 0
43646 5 5 5 1 0.116 0.386 0.1 0.883 0.593 15.839 17 18.114 64.547 0 0
43646 6 5 5 1 0.116 0.386 0.1 0.883 0.593 7.357 28 15.116 66.227 0 0
43646 7 5 5 1 0.116 0.386 0.1 0.883 0.593 4.758 29 9.143 57.387 0.013 0
43646 8 5 5 1 0.116 0.386 0.1 0.883 0.593 8.834 13 12.66 51.5 0 0
43646 9 5 5 1 0.116 0.386 0.1 0.883 0.593 3.02 27 6.68 55.667 0.273 0
43646 10 5 5 1 0.116 0.386 0.1 0.883 0.593 21.642 14 28.665 77.16 0 0
43646 1 5 5 1 0.004 0.327 0.312 0.814 0.43 1.492 19 3.152 40.313 1 0
43646 2 5 5 1 0.004 0.327 0.312 0.814 0.43 0.845 13 2.524 31.527 1 0
43646 3 5 5 1 0.004 0.327 0.312 0.814 0.43 1.044 16 2.514 33.933 0.92 0
43646 4 5 5 1 0.004 0.327 0.312 0.814 0.43 1.393 11 2.356 31.673 1 0
43646 5 5 5 1 0.004 0.327 0.312 0.814 0.43 0.736 16 1.98 29.707 1 0
43646 6 5 5 1 0.004 0.327 0.312 0.814 0.43 0.647 12 1.99 25.487 1 0
43646 7 5 5 1 0.004 0.327 0.312 0.814 0.43 2.272 9 3.513 32.213 0.947 0.02
43646 8 5 5 1 0.004 0.327 0.312 0.814 0.43 0.896 8 2.123 25.133 1 0.013
43646 9 5 5 1 0.004 0.327 0.312 0.814 0.43 0.895 9 2.697 28.66 1 0.007
43646 10 5 5 1 0.004 0.327 0.312 0.814 0.43 0 8 0.078 8 1 1
43646 1 5 5 1 0.084 0.445 0.064 0.795 0.415 244.855 1081 248.161 1499.173 0 0
43646 2 5 5 1 0.084 0.445 0.064 0.795 0.415 243.884 1192 247.579 1454.273 0 0
43646 3 5 5 1 0.084 0.445 0.064 0.795 0.415 241.25 1239 247.875 1583.833 0 0
43646 4 5 5 1 0.084 0.445 0.064 0.795 0.415 242.074 1135 247.178 1360.747 0 0
43646 5 5 5 1 0.084 0.445 0.064 0.795 0.415 245.478 1129 248.233 1433.747 0 0
43646 6 5 5 1 0.084 0.445 0.064 0.795 0.415 242.237 1023 247.549 1362.207 0 0
43646 7 5 5 1 0.084 0.445 0.064 0.795 0.415 245.367 1296 248.222 1540.62 0 0
43646 8 5 5 1 0.084 0.445 0.064 0.795 0.415 242.413 1102 246.708 1390.24 0 0
43646 9 5 5 1 0.084 0.445 0.064 0.795 0.415 244.469 1119 248.245 1453.5 0 0
43646 10 5 5 1 0.084 0.445 0.064 0.795 0.415 243.283 1110 247.757 1481.22 0 0
43646 1 5 5 1 0.057 0.034 0.283 0.791 0.297 0 8 0.36 14.427 1 0.527
43646 2 5 5 1 0.057 0.034 0.283 0.791 0.297 0.647 10 1.447 24.167 1 0
43646 3 5 5 1 0.057 0.034 0.283 0.791 0.297 0 9 0.076 9 1 1
43646 4 5 5 1 0.057 0.034 0.283 0.791 0.297 0.547 14 1.203 25.393 1 0
43646 5 5 5 1 0.057 0.034 0.283 0.791 0.297 0.05 13 0.219 13 1 0
43646 6 5 5 1 0.057 0.034 0.283 0.791 0.297 0.647 10 2.236 31.173 1 0
43646 7 5 5 1 0.057 0.034 0.283 0.791 0.297 0.149 9 0.911 18.907 1 0.013
43646 8 5 5 1 0.057 0.034 0.283 0.791 0.297 0 11 0.152 11 1 0
43646 9 5 5 1 0.057 0.034 0.283 0.791 0.297 0.05 13 0.206 13 1 0
43646 10 5 5 1 0.057 0.034 0.283 0.791 0.297 0 7 0.011 7 1 1
43646 1 5 5 1 0.102 0.109 0.469 0.919 0.182 0.887 11 1.824 29.5 1 0
43646 2 5 5 1 0.102 0.109 0.469 0.919 0.182 28.51 38 31.237 100.113 0 0
43646 3 5 5 1 0.102 0.109 0.469 0.919 0.182 0.895 7 1.599 24.88 1 0.02
43646 4 5 5 1 0.102 0.109 0.469 0.919 0.182 19.681 25 21.634 74.953 0 0
43646 1 5 8 1 0.072 0.151 0.448 0.981 0.334 0.746 11 1.722 27.047 1 0
43646 2 5 8 1 0.072 0.151 0.448 0.981 0.334 0 9 0.158 9 1 1
43646 3 5 8 1 0.072 0.151 0.448 0.981 0.334 0.348 16 1.54 27.473 1 0
43646 4 5 8 1 0.072 0.151 0.448 0.981 0.334 0.149 11 1.127 19.787 1 0
43646 5 5 8 1 0.072 0.151 0.448 0.981 0.334 0.398 9 2.923 25.787 0.967 0.013
43646 6 5 8 1 0.072 0.151 0.448 0.981 0.334 1.044 9 2.402 27.887 1 0.04
43646 7 5 8 1 0.072 0.151 0.448 0.981 0.334 0.646 15 1.78 29.627 1 0
43646 8 5 8 1 0.072 0.151 0.448 0.981 0.334 0.647 9 2.003 25.407 1 0.053
43646 9 5 8 1 0.072 0.151 0.448 0.981 0.334 0 4 0.097 4 1 1
43646 10 5 8 1 0.072 0.151 0.448 0.981 0.334 0 8 0.097 8 1 1
43646 1 5 8 1 0.076 0.165 0.473 0.813 0.935 224.785 3 240.497 27.84 0 0.707
43646 2 5 8 1 0.076 0.165 0.473 0.813 0.935 1.234 13 2.189 31.607 1 0
43646 3 5 8 1 0.076 0.165 0.473 0.813 0.935 33.941 9 39.838 21.073 0 0.013
43646 4 5 8 1 0.076 0.165 0.473 0.813 0.935 234.119 2 243.1 34.147 0 0.707
43646 5 5 8 1 0.076 0.165 0.473 0.813 0.935 233.978 3 242.597 37.367 0 0.68
43646 6 5 8 1 0.076 0.165 0.473 0.813 0.935 118.439 3 146.197 22.707 0 0.607
43646 7 5 8 1 0.076 0.165 0.473 0.813 0.935 229.568 2 242.775 33.54 0 0.66
43646 8 5 8 1 0.076 0.165 0.473 0.813 0.935 194.218 5 204.667 23.767 0 0.707
43646 9 5 8 1 0.076 0.165 0.473 0.813 0.935 70.381 3 89.8 21.613 0 0.553
43646 10 5 8 1 0.076 0.165 0.473 0.813 0.935 31.051 6 36.018 21.087 0 0.173
43646 1 5 8 1 0.019 0.447 0.212 0.953 0.46 15.816 8 20.903 56.787 0 0.02
43646 2 5 8 1 0.019 0.447 0.212 0.953 0.46 15.924 15 20.799 66.527 0 0
43646 3 5 8 1 0.019 0.447 0.212 0.953 0.46 30.797 22 34.086 88.993 0 0
43646 4 5 8 1 0.019 0.447 0.212 0.953 0.46 1.434 21 3.658 39.707 0.947 0
43646 5 5 8 1 0.019 0.447 0.212 0.953 0.46 19.372 14 22.64 71.713 0 0
43646 6 5 8 1 0.019 0.447 0.212 0.953 0.46 18.257 7 22.043 69.987 0 0.013
43646 7 5 8 1 0.019 0.447 0.212 0.953 0.46 10.158 27 13.305 57.227 0 0
43646 8 5 8 1 0.019 0.447 0.212 0.953 0.46 16.565 12 20.361 62.747 0 0
43646 9 5 8 1 0.019 0.447 0.212 0.953 0.46 0.448 19 1.872 32.4 1 0
43646 10 5 8 1 0.019 0.447 0.212 0.953 0.46 17.822 13 20.993 64.453 0 0
43646 1 5 8 1 0.072 0.202 0.355 0.777 0.246 28.926 44 31.562 102.64 0 0
43646 2 5 8 1 0.072 0.202 0.355 0.777 0.246 33.096 48 35.002 118.987 0 0
43646 3 5 8 1 0.072 0.202 0.355 0.777 0.246 19.028 33 21.735 71.767 0 0
43646 4 5 8 1 0.072 0.202 0.355 0.777 0.246 29.567 27 33.089 101.613 0 0
43646 5 5 8 1 0.072 0.202 0.355 0.777 0.246 36.854 39 41.196 121.573 0 0
43646 6 5 8 1 0.072 0.202 0.355 0.777 0.246 73.21 56 83.959 191.86 0 0
43646 7 5 8 1 0.072 0.202 0.355 0.777 0.246 43.47 53 49.06 146.4 0 0
43646 8 5 8 1 0.072 0.202 0.355 0.777 0.246 29.735 35 31.924 116.387 0 0
43646 9 5 8 1 0.072 0.202 0.355 0.777 0.246 27.221 34 30.222 97.313 0 0
43646 10 5 8 1 0.072 0.202 0.355 0.777 0.246 77.308 47 83.311 137.44 0 0
43646 1 5 8 1 0.03 0.085 0.455 0.839 0.285 0 10 0.122 10 1 0
43646 2 5 8 1 0.03 0.085 0.455 0.839 0.285 1.841 6 3.647 25.773 0.773 0.06
43646 3 5 8 1 0.03 0.085 0.455 0.839 0.285 0.149 8 1.394 22.473 1 0.073
43646 4 5 8 1 0.03 0.085 0.455 0.839 0.285 1.489 16 3.189 31.927 0.973 0
43646 5 5 8 1 0.03 0.085 0.455 0.839 0.285 0 10 0.053 10 1 0
43646 6 5 8 1 0.03 0.085 0.455 0.839 0.285 0 11 0.078 11 1 0
43646 7 5 8 1 0.03 0.085 0.455 0.839 0.285 0.597 9 2.476 24.7 0.92 0.04
43646 8 5 8 1 0.03 0.085 0.455 0.839 0.285 0 14 0.274 21.18 1 0
43646 9 5 8 1 0.03 0.085 0.455 0.839 0.285 1.486 10 2.834 28.14 0.993 0
43646 10 5 8 1 0.03 0.085 0.455 0.839 0.285 0.249 11 1.366 24.107 1 0
43646 1 5 8 1 0.084 0.286 0.222 0.992 0.324 85.68 189 90.631 323.113 0 0
43646 2 5 8 1 0.084 0.286 0.222 0.992 0.324 71.784 82 78.945 183.673 0 0
43646 3 5 8 1 0.084 0.286 0.222 0.992 0.324 89.517 242 96.4 364.927 0 0
43646 4 5 8 1 0.084 0.286 0.222 0.992 0.324 94.271 148 97.945 282.56 0 0
43646 5 5 8 1 0.084 0.286 0.222 0.992 0.324 78.974 182 86.263 276.767 0 0
43646 6 5 8 1 0.084 0.286 0.222 0.992 0.324 93.015 125 99.854 270.907 0 0
43646 7 5 8 1 0.084 0.286 0.222 0.992 0.324 87.849 198 91.192 303.247 0 0
43646 8 5 8 1 0.084 0.286 0.222 0.992 0.324 81.535 145 89.553 261.1 0 0
43646 9 5 8 1 0.084 0.286 0.222 0.992 0.324 86.074 98 91.272 230.287 0 0
43646 10 5 8 1 0.084 0.286 0.222 0.992 0.324 103.54 199 110.309 362.56 0 0
43646 1 5 8 1 0.036 0.236 0.458 0.833 0.167 0 4 0.013 4 1 1
43646 2 5 8 1 0.036 0.236 0.458 0.833 0.167 28.125 41 30.871 99.547 0 0
43646 3 5 8 1 0.036 0.236 0.458 0.833 0.167 44.694 63 50.742 172.38 0 0
43646 4 5 8 1 0.036 0.236 0.458 0.833 0.167 19.194 20 22.27 80.72 0 0
43646 5 5 8 1 0.036 0.236 0.458 0.833 0.167 40.967 33 48.454 133.04 0 0
43646 6 5 8 1 0.036 0.236 0.458 0.833 0.167 35.553 51 44.053 159.007 0 0
43646 7 5 8 1 0.036 0.236 0.458 0.833 0.167 13.817 27 24.121 99.673 0 0
43646 8 5 8 1 0.036 0.236 0.458 0.833 0.167 36.725 44 45.392 135.94 0 0
43646 9 5 8 1 0.036 0.236 0.458 0.833 0.167 26.809 31 31.496 94.393 0 0
43646 1 5 10 1 0.114 0.074 0.221 0.94 0.981 235.331 1 244.626 33.307 0 0.767
43646 2 5 10 1 0.114 0.074 0.221 0.94 0.981 233.088 0 243.369 34.287 0 0.767
43646 3 5 10 1 0.114 0.074 0.221 0.94 0.981 231.803 2 243.09 26.413 0 0.733
43646 4 5 10 1 0.114 0.074 0.221 0.94 0.981 235.962 1 246.058 33.373 0 0.727
43646 5 5 10 1 0.114 0.074 0.221 0.94 0.981 238.606 3 245.747 35.66 0 0.733
43646 6 5 10 1 0.114 0.074 0.221 0.94 0.981 234.126 3 243.976 32.913 0 0.74
43646 7 5 10 1 0.114 0.074 0.221 0.94 0.981 232.838 1 244.784 34.873 0 0.673
43646 8 5 10 1 0.114 0.074 0.221 0.94 0.981 231.485 0 244.099 26.393 0 0.713
43646 9 5 10 1 0.114 0.074 0.221 0.94 0.981 235.149 2 245.933 31.7 0 0.72
43646 10 5 10 1 0.114 0.074 0.221 0.94 0.981 235.369 1 244.982 24.92 0 0.713
43646 1 5 10 1 0.105 0.339 0.193 0.786 0.134 246.756 2010 249.153 2325.42 0 0
43646 2 5 10 1 0.105 0.339 0.193 0.786 0.134 247.328 2142 249.352 2664.253 0 0
43646 3 5 10 1 0.105 0.339 0.193 0.786 0.134 246.29 1861 249.048 2336.973 0 0
43646 4 5 10 1 0.105 0.339 0.193 0.786 0.134 246.393 1909 248.869 2225.92 0 0
43646 5 5 10 1 0.105 0.339 0.193 0.786 0.134 246.944 2222 249.328 2612.887 0 0
43646 6 5 10 1 0.105 0.339 0.193 0.786 0.134 246.883 1981 249.212 2363.78 0 0
43646 7 5 10 1 0.105 0.339 0.193 0.786 0.134 246.084 1919 248.801 2162.06 0 0
43646 8 5 10 1 0.105 0.339 0.193 0.786 0.134 247.606 2020 249.374 2419.053 0 0
43646 9 5 10 1 0.105 0.339 0.193 0.786 0.134 246.97 2225 249.358 2646.42 0 0
43646 10 5 10 1 0.105 0.339 0.193 0.786 0.134 246.076 1842 248.874 2185.847 0 0
43646 1 5 10 1 0.061 0.315 0.246 0.761 0.298 75.705 70 82.931 203.327 0 0
43646 2 5 10 1 0.061 0.315 0.246 0.761 0.298 82.631 156 87.577 267.46 0 0
43646 3 5 10 1 0.061 0.315 0.246 0.761 0.298 78.174 137 85.158 256.393 0 0
43646 4 5 10 1 0.061 0.315 0.246 0.761 0.298 84.315 137 91.448 244.38 0 0
43646 5 5 10 1 0.061 0.315 0.246 0.761 0.298 73.47 109 78.884 238.667 0 0
43646 6 5 10 1 0.061 0.315 0.246 0.761 0.298 68.332 68 73.772 227.793 0 0
43646 7 5 10 1 0.061 0.315 0.246 0.761 0.298 110.113 198 117.958 342.453 0 0
43646 8 5 10 1 0.061 0.315 0.246 0.761 0.298 76.744 113 82.499 226.88 0 0
43646 9 5 10 1 0.061 0.315 0.246 0.761 0.298 88.657 86 96.732 236.58 0 0
43646 10 5 10 1 0.061 0.315 0.246 0.761 0.298 95.795 147 104.587 312.433 0 0
43646 1 5 10 1 0.042 0.105 0.066 0.817 0.003 248.811 5000 249.899 5588.9 0 0
43646 2 5 10 1 0.042 0.105 0.066 0.817 0.003 249.331 6172 249.953 7141.293 0 0
43646 3 5 10 1 0.042 0.105 0.066 0.817 0.003 249.219 6108 249.946 6860.587 0 0
43646 4 5 10 1 0.042 0.105 0.066 0.817 0.003 249.073 4751 249.904 5727.367 0 0
43646 5 5 10 1 0.042 0.105 0.066 0.817 0.003 248.856 5030 249.878 5636.56 0 0
43646 6 5 10 1 0.042 0.105 0.066 0.817 0.003 249.521 6675 249.973 7582.913 0 0
43646 7 5 10 1 0.042 0.105 0.066 0.817 0.003 249.13 5414 249.889 5892.92 0 0
43646 8 5 10 1 0.042 0.105 0.066 0.817 0.003 248.857 4563 249.869 6109.933 0 0
43646 9 5 10 1 0.042 0.105 0.066 0.817 0.003 248.854 4576 249.808 5403.693 0 0
43646 10 5 10 1 0.042 0.105 0.066 0.817 0.003 249.172 5222 249.909 6094.613 0 0
43646 1 5 10 1 0.083 0.108 0.379 0.867 0.689 238.917 1 245.822 29.68 0 0.693
43646 2 5 10 1 0.083 0.108 0.379 0.867 0.689 237.166 1 245.493 33.727 0 0.713
43646 3 5 10 1 0.083 0.108 0.379 0.867 0.689 229.859 3 244.873 35.787 0 0.7
43646 4 5 10 1 0.083 0.108 0.379 0.867 0.689 234.025 0 245.11 29.673 0 0.673
43646 5 5 10 1 0.083 0.108 0.379 0.867 0.689 232.854 2 243.759 36.14 0 0.727
43646 6 5 10 1 0.083 0.108 0.379 0.867 0.689 236.286 0 245.648 27.453 0 0.68
43646 7 5 10 1 0.083 0.108 0.379 0.867 0.689 236.19 0 245.891 29.553 0 0.72
43646 8 5 10 1 0.083 0.108 0.379 0.867 0.689 232.769 1 244.692 30.613 0 0.76
43646 9 5 10 1 0.083 0.108 0.379 0.867 0.689 230.083 2 244.524 34.44 0 0.687
43646 10 5 10 1 0.083 0.108 0.379 0.867 0.689 235.266 0 245.707 30.987 0 0.693
43646 1 5 10 1 0.089 0.118 0.454 0.937 0.232 226.713 2 241.915 32.987 0 0.693
43646 2 5 10 1 0.089 0.118 0.454 0.937 0.232 62.202 2 93.641 26.613 0 0.287
43646 3 5 10 1 0.089 0.118 0.454 0.937 0.232 227.656 0 243.187 31.967 0 0.713
43646 4 5 10 1 0.089 0.118 0.454 0.937 0.232 229.047 2 241.014 33.873 0 0.667
43646 5 5 10 1 0.089 0.118 0.454 0.937 0.232 229.374 3 241.246 35.52 0 0.653
43646 1 5 9 1 0.042 0.13 0.207 0.827 0.07 242.499 965 247.468 1205.947 0 0
43646 2 5 9 1 0.042 0.13 0.207 0.827 0.07 242.711 1128 246.964 1379.6 0 0
43646 3 5 9 1 0.042 0.13 0.207 0.827 0.07 242.145 1053 247.78 1344.113 0 0
43646 4 5 9 1 0.042 0.13 0.207 0.827 0.07 246.019 1082 248.181 1419.12 0 0
43646 5 5 9 1 0.042 0.13 0.207 0.827 0.07 243.812 1164 247.323 1381.207 0 0
43646 6 5 9 1 0.042 0.13 0.207 0.827 0.07 244.984 1248 248.055 1519.46 0 0
43646 7 5 9 1 0.042 0.13 0.207 0.827 0.07 243.792 975 248.001 1358.707 0 0
43646 8 5 9 1 0.042 0.13 0.207 0.827 0.07 243.295 1122 248.026 1432.113 0 0
43646 9 5 9 1 0.042 0.13 0.207 0.827 0.07 245.214 1062 247.759 1365.3 0 0
43646 10 5 9 1 0.042 0.13 0.207 0.827 0.07 243.332 951 247.457 1410.2 0 0
43646 1 5 9 1 0.075 0.147 0.117 0.772 0.616 0.845 15 2.345 31.953 1 0
43646 2 5 9 1 0.075 0.147 0.117 0.772 0.616 0 9 0.005 9 1 1
43646 3 5 9 1 0.075 0.147 0.117 0.772 0.616 0.944 8 2.982 26.573 0.973 0.033
43646 4 5 9 1 0.075 0.147 0.117 0.772 0.616 0.448 10 1.136 23.427 1 0
43646 5 5 9 1 0.075 0.147 0.117 0.772 0.616 0 6 0.057 6 1 1
43646 6 5 9 1 0.075 0.147 0.117 0.772 0.616 0 12 0.03 12 1 0
43646 7 5 9 1 0.075 0.147 0.117 0.772 0.616 0.398 15 1.447 30.433 1 0
43646 8 5 9 1 0.075 0.147 0.117 0.772 0.616 0 8 0 8 1 1
43646 9 5 9 1 0.075 0.147 0.117 0.772 0.616 1.888 8 3.037 28.473 1 0.04
43646 10 5 9 1 0.075 0.147 0.117 0.772 0.616 1.094 16 2.316 33.453 1 0
43646 1 5 9 1 0.079 0.02 0.106 0.875 0.541 237.311 5 245.504 31.76 0 0.633
43646 2 5 9 1 0.079 0.02 0.106 0.875 0.541 89.085 13 95.394 24.487 0 0
43646 3 5 9 1 0.079 0.02 0.106 0.875 0.541 227.171 2 244.982 34.2 0 0.66
43646 4 5 9 1 0.079 0.02 0.106 0.875 0.541 228.705 2 243.84 30.813 0 0.693
43646 5 5 9 1 0.079 0.02 0.106 0.875 0.541 234.51 3 243.293 26.207 0 0.713
43646 6 5 9 1 0.079 0.02 0.106 0.875 0.541 233.445 1 244.782 36.953 0 0.727
43646 7 5 9 1 0.079 0.02 0.106 0.875 0.541 237.162 2 245.274 29.18 0 0.733
43646 8 5 9 1 0.079 0.02 0.106 0.875 0.541 224.165 0 241.875 27.367 0 0.713
43646 9 5 9 1 0.079 0.02 0.106 0.875 0.541 235.219 1 242.923 25.06 0 0.727
43646 10 5 9 1 0.079 0.02 0.106 0.875 0.541 234.787 0 244.316 30.693 0 0.733
43646 1 5 9 1 0.119 0.121 0.103 0.974 0.656 215.687 2 229.408 31.72 0 0.6
43646 2 5 9 1 0.119 0.121 0.103 0.974 0.656 0 12 0.027 12 1 0
43646 3 5 9 1 0.119 0.121 0.103 0.974 0.656 216.261 1 237.511 29.78 0 0.7
43646 4 5 9 1 0.119 0.121 0.103 0.974 0.656 212.511 2 226.075 28.707 0 0.647
43646 5 5 9 1 0.119 0.121 0.103 0.974 0.656 222.137 1 235.576 27.467 0 0.713
43646 6 5 9 1 0.119 0.121 0.103 0.974 0.656 219.036 5 237.487 39.06 0 0.693
43646 7 5 9 1 0.119 0.121 0.103 0.974 0.656 209.3 1 226.725 30.273 0 0.567
43646 8 5 9 1 0.119 0.121 0.103 0.974 0.656 103.056 9 122.405 49.16 0 0.06
43646 9 5 9 1 0.119 0.121 0.103 0.974 0.656 150.364 6 178.964 43.02 0 0.34
43646 10 5 9 1 0.119 0.121 0.103 0.974 0.656 114.603 7 133.235 37.32 0 0.32
43646 1 5 9 1 0.003 0.143 0.303 0.886 0.033 230.755 829 244.488 1173.227 0 0
43646 2 5 9 1 0.003 0.143 0.303 0.886 0.033 241.349 735 246.914 1180.327 0 0
43646 3 5 9 1 0.003 0.143 0.303 0.886 0.033 237.693 930 245.83 1224.26 0 0
43646 4 5 9 1 0.003 0.143 0.303 0.886 0.033 234.166 643 244.965 1128.68 0 0
43646 5 5 9 1 0.003 0.143 0.303 0.886 0.033 239.994 968 245.644 1221.347 0 0
43646 6 5 9 1 0.003 0.143 0.303 0.886 0.033 240.906 866 246.323 1188.48 0 0
43646 7 5 9 1 0.003 0.143 0.303 0.886 0.033 240.578 913 246.035 1125.187 0 0
43646 8 5 9 1 0.003 0.143 0.303 0.886 0.033 240.866 905 246.555 1237.92 0 0
43646 9 5 9 1 0.003 0.143 0.303 0.886 0.033 241.031 831 246.751 1232.393 0 0
43646 10 5 9 1 0.003 0.143 0.303 0.886 0.033 241.256 885 246.565 1246.313 0 0
43646 1 5 9 1 0.014 0.002 0.14 0.929 0.867 232.836 1 243.142 33.207 0 0.793
43646 2 5 9 1 0.014 0.002 0.14 0.929 0.867 231.244 3 242.842 28.76 0 0.687
43646 3 5 9 1 0.014 0.002 0.14 0.929 0.867 233.979 3 245.472 37.447 0 0.72
43646 4 5 9 1 0.014 0.002 0.14 0.929 0.867 234.737 0 244.761 33.827 0 0.74
43646 5 5 9 1 0.014 0.002 0.14 0.929 0.867 232.743 2 244.208 32.12 0 0.72
43646 6 5 9 1 0.014 0.002 0.14 0.929 0.867 233.075 1 245.092 29.1 0 0.82
43646 7 5 9 1 0.014 0.002 0.14 0.929 0.867 231.582 2 244.188 27.933 0 0.747
43646 8 5 9 1 0.014 0.002 0.14 0.929 0.867 232.826 4 245.387 34.413 0 0.727
43646 9 5 9 1 0.014 0.002 0.14 0.929 0.867 227.627 4 242.198 29.913 0 0.68
43646 10 5 9 1 0.014 0.002 0.14 0.929 0.867 234.098 0 245.034 29.787 0 0.747
43646 1 5 9 1 0.087 0.29 0.033 0.857 0.501 210.509 107 218.182 475.833 0 0
43646 2 5 9 1 0.087 0.29 0.033 0.857 0.501 208.197 21 218.246 474.127 0 0
43646 3 5 9 1 0.087 0.29 0.033 0.857 0.501 218.613 40 225.809 462.767 0 0
43646 4 5 9 1 0.087 0.29 0.033 0.857 0.501 211.57 145 219.678 497.373 0 0
43646 1 5 9 0 0.032 0.402 0.492 0.929 0.727 233.652 3 244.289 31.867 0 0.7
43646 2 5 9 0 0.032 0.402 0.492 0.929 0.727 232.184 0 244.436 30.96 0 0.76
43646 3 5 9 0 0.032 0.402 0.492 0.929 0.727 232.518 0 243.183 30.113 0 0.693
43646 4 5 9 0 0.032 0.402 0.492 0.929 0.727 231.909 8 242.418 35.7 0 0.38
43646 5 5 9 0 0.032 0.402 0.492 0.929 0.727 235.022 3 245.627 34.113 0 0.693
43646 6 5 9 0 0.032 0.402 0.492 0.929 0.727 233.821 2 242.421 29.667 0 0.68
43646 7 5 9 0 0.032 0.402 0.492 0.929 0.727 229.57 1 243.958 30.573 0 0.76
43646 8 5 9 0 0.032 0.402 0.492 0.929 0.727 233.842 2 243.385 30.653 0 0.727
43646 9 5 9 0 0.032 0.402 0.492 0.929 0.727 232.661 1 243.085 27.54 0 0.713
43646 10 5 9 0 0.032 0.402 0.492 0.929 0.727 233.913 1 244.037 31.68 0 0.72
43646 1 5 9 0 0.011 0.372 0.319 0.859 0.189 117.529 4 132.078 284.593 0 0.193
43646 2 5 9 0 0.011 0.372 0.319 0.859 0.189 0 8 0.106 8 1 1
43646 3 5 9 0 0.011 0.372 0.319 0.859 0.189 30.166 7 39.327 145.247 0 0.06
43646 4 5 9 0 0.011 0.372 0.319 0.859 0.189 28.708 6 35.011 123.667 0 0.067
43646 5 5 9 0 0.011 0.372 0.319 0.859 0.189 105.012 4 134.144 232.687 0 0.26
43646 6 5 9 0 0.011 0.372 0.319 0.859 0.189 159.501 5 171.55 355.667 0 0.14
43646 7 5 9 0 0.011 0.372 0.319 0.859 0.189 27.171 7 37.402 125.987 0 0.007
43646 8 5 9 0 0.011 0.372 0.319 0.859 0.189 34.548 4 42.718 134.76 0 0.087
43646 9 5 9 0 0.011 0.372 0.319 0.859 0.189 0 10 0.072 10 1 0
43646 10 5 9 0 0.011 0.372 0.319 0.859 0.189 52.737 5 66.908 174.167 0 0.093
43646 1 5 9 0 0.023 0.325 0.416 0.938 0.03 232.014 313 241.905 1089.38 0 0
43646 2 5 9 0 0.023 0.325 0.416 0.938 0.03 232.479 31 241.295 1144.987 0 0
43646 3 5 9 0 0.023 0.325 0.416 0.938 0.03 224.473 41 240.533 890.44 0 0
43646 4 5 9 0 0.023 0.325 0.416 0.938 0.03 224.841 6 241.01 1048.567 0 0.093
43646 5 5 9 0 0.023 0.325 0.416 0.938 0.03 229.745 9 239.34 1093.12 0 0.007
43646 6 5 9 0 0.023 0.325 0.416 0.938 0.03 227.142 2 242.921 1227.56 0 0.027
43646 7 5 9 0 0.023 0.325 0.416 0.938 0.03 225.368 5 240.754 1157.44 0 0.053
43646 8 5 9 0 0.023 0.325 0.416 0.938 0.03 233.39 4 241.766 1072.427 0 0.033
43646 9 5 9 0 0.023 0.325 0.416 0.938 0.03 228.786 4 242.132 1091.92 0 0.047
43646 10 5 9 0 0.023 0.325 0.416 0.938 0.03 231.88 352 243.266 1233.513 0 0
43646 1 5 9 0 0.088 0.026 0.127 0.879 0.212 232.659 1 242.753 28.867 0 0.667
43646 2 5 9 0 0.088 0.026 0.127 0.879 0.212 235.461 1 245.254 32.393 0 0.787
43646 3 5 9 0 0.088 0.026 0.127 0.879 0.212 236.63 1 244.094 31.873 0 0.7
43646 4 5 9 0 0.088 0.026 0.127 0.879 0.212 231.788 1 242.535 26.233 0 0.773
43646 5 5 9 0 0.088 0.026 0.127 0.879 0.212 234.729 0 243.853 27.78 0 0.713
43646 6 5 9 0 0.088 0.026 0.127 0.879 0.212 236.179 2 245.214 29.42 0 0.707
43646 7 5 9 0 0.088 0.026 0.127 0.879 0.212 233.528 2 244.073 33.5 0 0.687
43646 8 5 9 0 0.088 0.026 0.127 0.879 0.212 235.562 1 245.225 30.14 0 0.727
43646 9 5 9 0 0.088 0.026 0.127 0.879 0.212 234.912 4 244.521 33.887 0 0.74
43646 10 5 9 0 0.088 0.026 0.127 0.879 0.212 222.617 2 244.97 31.18 0 0.727
43646 1 5 9 0 0.064 0.37 0.114 1 0.196 240.747 743 247.05 2029.513 0 0
43646 2 5 9 0 0.064 0.37 0.114 1 0.196 239.588 1074 247.999 2184.7 0 0
43646 3 5 9 0 0.064 0.37 0.114 1 0.196 243.761 1246 247.956 1997.733 0 0
43646 4 5 9 0 0.064 0.37 0.114 1 0.196 240.882 1229 247.518 2191.013 0 0
43646 5 5 9 0 0.064 0.37 0.114 1 0.196 244.873 1122 248.433 2239.893 0 0
43646 6 5 9 0 0.064 0.37 0.114 1 0.196 243.382 1094 248.357 2202.7 0 0
43646 7 5 9 0 0.064 0.37 0.114 1 0.196 239.921 1074 247.88 2122.147 0 0
43646 8 5 9 0 0.064 0.37 0.114 1 0.196 239.517 839 247.732 2179.3 0 0
43646 9 5 9 0 0.064 0.37 0.114 1 0.196 243.299 783 248.121 2070.44 0 0
43646 10 5 9 0 0.064 0.37 0.114 1 0.196 243.103 725 248.233 2022.34 0 0
43646 1 5 9 0 0.107 0.051 0.254 0.925 0.691 228.998 0 240.298 27.78 0 0.72
43646 2 5 9 0 0.107 0.051 0.254 0.925 0.691 230.509 2 243.963 35.273 0 0.687
43646 3 5 9 0 0.107 0.051 0.254 0.925 0.691 233.002 0 244.393 29.353 0 0.74
43646 4 5 9 0 0.107 0.051 0.254 0.925 0.691 235.628 2 246.089 33.7 0 0.727
43646 5 5 9 0 0.107 0.051 0.254 0.925 0.691 232.558 1 242.392 34.92 0 0.68
43646 6 5 9 0 0.107 0.051 0.254 0.925 0.691 227.852 0 241.89 26.38 0 0.713
43646 7 5 9 0 0.107 0.051 0.254 0.925 0.691 234.177 2 245.116 34.16 0 0.713
43646 8 5 9 0 0.107 0.051 0.254 0.925 0.691 199.657 2 209.243 22.007 0 0.667
43646 9 5 9 0 0.107 0.051 0.254 0.925 0.691 229.99 3 241.974 25.82 0 0.687
43646 10 5 9 0 0.107 0.051 0.254 0.925 0.691 233.51 2 243.332 33.653 0 0.687
43646 1 5 9 0 0.001 0.014 0.205 0.95 0.415 232.354 1 244.217 29.793 0 0.74
43646 2 5 9 0 0.001 0.014 0.205 0.95 0.415 235.822 0 245.726 32.833 0 0.76
43646 3 5 9 0 0.001 0.014 0.205 0.95 0.415 232.116 1 244.622 31.053 0 0.747
43646 4 5 9 0 0.001 0.014 0.205 0.95 0.415 231.785 1 242.522 31.56 0 0.667
43646 5 5 9 0 0.001 0.014 0.205 0.95 0.415 231.453 1 242.926 32.28 0 0.72
43646 6 5 9 0 0.001 0.014 0.205 0.95 0.415 231.835 2 244.041 31.107 0 0.707
43646 7 5 9 0 0.001 0.014 0.205 0.95 0.415 234.018 1 244.807 32.527 0 0.673
43646 8 5 9 0 0.001 0.014 0.205 0.95 0.415 232.227 1 245.372 30.387 0 0.687
43646 9 5 9 0 0.001 0.014 0.205 0.95 0.415 233.878 3 243.917 35.46 0 0.68
43646 10 5 9 0 0.001 0.014 0.205 0.95 0.415 234.541 1 244.055 27.4 0 0.727
43646 1 5 9 0 0.102 0.158 0.277 0.954 0.444 234.839 2 242.871 35.04 0 0.627
43646 2 5 9 0 0.102 0.158 0.277 0.954 0.444 226.992 0 241.885 28.567 0 0.713
43646 3 5 9 0 0.102 0.158 0.277 0.954 0.444 236.227 0 243.053 33.173 0 0.653
43646 4 5 9 0 0.102 0.158 0.277 0.954 0.444 223.703 1 240.822 34.693 0 0.667
43646 1 5 7 0 0.005 0.442 0.054 0.795 0.483 41.452 2 52.63 122.047 0 0.193
43646 2 5 7 0 0.005 0.442 0.054 0.795 0.483 52.548 9 66.458 155.327 0 0.053
43646 3 5 7 0 0.005 0.442 0.054 0.795 0.483 102.983 2 111.98 229.487 0 0.133
43646 4 5 7 0 0.005 0.442 0.054 0.795 0.483 105.877 11 115.783 240 0 0
43646 5 5 7 0 0.005 0.442 0.054 0.795 0.483 65.784 5 76.286 141.28 0 0.247
43646 6 5 7 0 0.005 0.442 0.054 0.795 0.483 66.774 9 74.217 260.973 0 0.013
43646 7 5 7 0 0.005 0.442 0.054 0.795 0.483 68.401 2 78.515 169.727 0 0.187
43646 8 5 7 0 0.005 0.442 0.054 0.795 0.483 52.987 5 59.378 163.293 0 0.087
43646 9 5 7 0 0.005 0.442 0.054 0.795 0.483 37.551 9 47.135 131.827 0 0.027
43646 10 5 7 0 0.005 0.442 0.054 0.795 0.483 48.034 5 56.396 135.887 0 0.14
43646 1 5 7 0 0.077 0.33 0.122 0.795 0.275 238.027 149 245.517 1563.293 0 0
43646 2 5 7 0 0.077 0.33 0.122 0.795 0.275 238.233 386 244.561 1295.887 0 0
43646 3 5 7 0 0.077 0.33 0.122 0.795 0.275 238.48 554 245.966 1418.647 0 0
43646 4 5 7 0 0.077 0.33 0.122 0.795 0.275 230.652 148 241.835 1261.453 0 0
43646 5 5 7 0 0.077 0.33 0.122 0.795 0.275 240.598 500 246.508 1507.107 0 0
43646 6 5 7 0 0.077 0.33 0.122 0.795 0.275 226.83 190 241.381 1163.6 0 0
43646 7 5 7 0 0.077 0.33 0.122 0.795 0.275 240.772 594 245.176 1287.847 0 0
43646 8 5 7 0 0.077 0.33 0.122 0.795 0.275 233.249 295 244.755 1169.147 0 0
43646 9 5 7 0 0.077 0.33 0.122 0.795 0.275 235.714 357 243.509 1150.253 0 0
43646 10 5 7 0 0.077 0.33 0.122 0.795 0.275 237.518 650 246.061 1507.88 0 0
43646 1 5 7 0 0.115 0.14 0.424 0.835 0.052 226.973 41 240.692 809.327 0 0
43646 2 5 7 0 0.115 0.14 0.424 0.835 0.052 174.589 67 181.778 557.793 0 0
43646 3 5 7 0 0.115 0.14 0.424 0.835 0.052 163.652 4 174.179 652.1 0 0.033
43646 4 5 7 0 0.115 0.14 0.424 0.835 0.052 188.082 6 200.17 647.393 0 0.02
43646 5 5 7 0 0.115 0.14 0.424 0.835 0.052 179.582 3 193.157 674.807 0 0.08
43646 6 5 7 0 0.115 0.14 0.424 0.835 0.052 176.114 8 190.567 569.7 0 0.02
43646 7 5 7 0 0.115 0.14 0.424 0.835 0.052 229.344 2 242.194 908.193 0 0.087
43646 8 5 7 0 0.115 0.14 0.424 0.835 0.052 222.438 8 237.678 795.467 0 0.007
43646 9 5 7 0 0.115 0.14 0.424 0.835 0.052 182.833 3 192.181 606.433 0 0.053
43646 10 5 7 0 0.115 0.14 0.424 0.835 0.052 176.79 2 185.233 603.547 0 0.067
43646 1 5 7 0 0.036 0.144 0.493 0.794 0.809 0.448 9 1.895 24.113 1 0.027
43646 2 5 7 0 0.036 0.144 0.493 0.794 0.809 0.647 14 1.848 27.447 1 0
43646 3 5 7 0 0.036 0.144 0.493 0.794 0.809 0 7 0.191 7.64 1 0.9
43646 4 5 7 0 0.036 0.144 0.493 0.794 0.809 0.846 11 2.585 26.487 1 0
43646 5 5 7 0 0.036 0.144 0.493 0.794 0.809 0.647 15 2.214 31.42 1 0
43646 6 5 7 0 0.036 0.144 0.493 0.794 0.809 0.597 11 1.306 26.187 1 0
43646 7 5 7 0 0.036 0.144 0.493 0.794 0.809 0 14 0.754 19.7 1 0
43646 8 5 7 0 0.036 0.144 0.493 0.794 0.809 30.99 4 36.862 18.927 0 0.38
43646 9 5 7 0 0.036 0.144 0.493 0.794 0.809 0.1 11 1.195 23.833 1 0
43646 10 5 7 0 0.036 0.144 0.493 0.794 0.809 0 15 0.619 19.973 1 0
43646 1 5 7 0 0.106 0.373 0.252 0.907 0.644 0.796 13 1.578 25.64 1 0
43646 2 5 7 0 0.106 0.373 0.252 0.907 0.644 0.249 7 1.532 23.52 1 0.053
43646 3 5 7 0 0.106 0.373 0.252 0.907 0.644 0.746 10 1.761 25.893 1 0
43646 4 5 7 0 0.106 0.373 0.252 0.907 0.644 0 12 0.221 12 1 0
43646 5 5 7 0 0.106 0.373 0.252 0.907 0.644 4.397 8 10.341 30.027 0.013 0.04
43646 6 5 7 0 0.106 0.373 0.252 0.907 0.644 0.149 9 1.581 19.6 1 0.187
43646 7 5 7 0 0.106 0.373 0.252 0.907 0.644 0 11 0.025 11 1 0
43646 8 5 7 0 0.106 0.373 0.252 0.907 0.644 0 8 0.028 8 1 1
43646 9 5 7 0 0.106 0.373 0.252 0.907 0.644 0.745 9 1.432 24.66 1 0.013
43646 10 5 7 0 0.106 0.373 0.252 0.907 0.644 0 11 0.127 11 1 0
43646 1 5 7 0 0.096 0.19 0.006 0.937 0.63 21.597 24 25.452 91.527 0 0
43646 2 5 7 0 0.096 0.19 0.006 0.937 0.63 4.805 8 8.477 55.14 0.04 0.033
43646 3 5 7 0 0.096 0.19 0.006 0.937 0.63 1.531 4 3.352 41.82 0.92 0.107
43646 4 5 7 0 0.096 0.19 0.006 0.937 0.63 17.63 7 20.484 50.713 0 0.02
43646 5 5 7 0 0.096 0.19 0.006 0.937 0.63 1.93 18 4.654 44.053 0.553 0
43646 6 5 7 0 0.096 0.19 0.006 0.937 0.63 2.875 10 5.223 44.247 0.493 0
43646 7 5 7 0 0.096 0.19 0.006 0.937 0.63 13.001 13 17.354 54.167 0 0
43646 8 5 7 0 0.096 0.19 0.006 0.937 0.63 8.291 11 12.406 50.84 0 0
43646 9 5 7 0 0.096 0.19 0.006 0.937 0.63 2.628 16 6.525 51.427 0.253 0
43646 10 5 7 0 0.096 0.19 0.006 0.937 0.63 1.442 17 5.013 43.62 0.573 0
43646 1 5 7 0 0.105 0.36 0.399 0.91 0.525 0.497 13 1.823 28.42 1 0
43646 2 5 7 0 0.105 0.36 0.399 0.91 0.525 0.05 11 1.446 23.113 1 0
43646 3 5 7 0 0.105 0.36 0.399 0.91 0.525 0.149 9 1.666 24.08 1 0.007
43646 4 5 7 0 0.105 0.36 0.399 0.91 0.525 0.647 10 1.521 27.527 1 0
43646 5 5 7 0 0.105 0.36 0.399 0.91 0.525 0 5 0.069 5 1 1
43646 6 5 7 0 0.105 0.36 0.399 0.91 0.525 1.094 10 2.683 26.62 1 0
43646 7 5 7 0 0.105 0.36 0.399 0.91 0.525 0.647 14 1.571 28.58 1 0
43646 8 5 7 0 0.105 0.36 0.399 0.91 0.525 0.348 11 2.06 27.86 1 0
43646 9 5 7 0 0.105 0.36 0.399 0.91 0.525 0 10 0.043 10 1 0
43646 10 5 7 0 0.105 0.36 0.399 0.91 0.525 0.448 11 1.765 28.433 1 0
43646 1 5 7 0 0.118 0.204 0.286 0.893 0.748 0 8 0.011 8 1 1
43646 1 5 8 0 0.115 0.036 0.269 0.882 0.912 224.459 3 240.357 32.313 0 0.68
43646 2 5 8 0 0.115 0.036 0.269 0.882 0.912 0 12 0.001 12 1 0
43646 3 5 8 0 0.115 0.036 0.269 0.882 0.912 229.26 1 244.55 33.627 0 0.747
43646 4 5 8 0 0.115 0.036 0.269 0.882 0.912 90.046 6 103.116 25.447 0 0.247
43646 5 5 8 0 0.115 0.036 0.269 0.882 0.912 193.333 4 204.891 26.493 0 0.633
43646 6 5 8 0 0.115 0.036 0.269 0.882 0.912 82.942 7 89.461 19.607 0 0.447
43646 7 5 8 0 0.115 0.036 0.269 0.882 0.912 231.641 1 244.259 32.447 0 0.78
43646 8 5 8 0 0.115 0.036 0.269 0.882 0.912 232.756 3 243.136 35.687 0 0.713
43646 9 5 8 0 0.115 0.036 0.269 0.882 0.912 189.477 4 201.279 23.407 0 0.66
43646 10 5 8 0 0.115 0.036 0.269 0.882 0.912 211.809 0 228.441 24.74 0 0.707
43646 1 5 8 0 0.084 0.077 0.305 0.9 0.405 231.623 3 243.46 35.04 0 0.68
43646 2 5 8 0 0.084 0.077 0.305 0.9 0.405 198.03 2 220.269 28.767 0 0.687
43646 3 5 8 0 0.084 0.077 0.305 0.9 0.405 227.464 0 241.857 27.44 0 0.747
43646 4 5 8 0 0.084 0.077 0.305 0.9 0.405 211.674 1 224.444 25.727 0 0.7
43646 5 5 8 0 0.084 0.077 0.305 0.9 0.405 224.909 1 235.727 28.953 0 0.673
43646 6 5 8 0 0.084 0.077 0.305 0.9 0.405 85.863 3 109.991 21.767 0 0.413
43646 7 5 8 0 0.084 0.077 0.305 0.9 0.405 0 5 0.067 5 1 1
43646 8 5 8 0 0.084 0.077 0.305 0.9 0.405 231.062 2 242.405 33.68 0 0.74
43646 9 5 8 0 0.084 0.077 0.305 0.9 0.405 0 9 0.119 9 1 1
43646 10 5 8 0 0.084 0.077 0.305 0.9 0.405 102.074 5 108.988 21.673 0 0.473
43646 1 5 8 0 0.027 0.346 0.373 0.806 0.09 226.729 2 238.585 748.84 0 0.1
43646 2 5 8 0 0.027 0.346 0.373 0.806 0.09 222.185 4 235.103 845.58 0 0.02
43646 3 5 8 0 0.027 0.346 0.373 0.806 0.09 200.956 2 218.067 689.667 0 0.047
43646 4 5 8 0 0.027 0.346 0.373 0.806 0.09 224.075 4 234.161 794.26 0 0.02
43646 5 5 8 0 0.027 0.346 0.373 0.806 0.09 187.688 31 198.438 636.127 0 0
43646 6 5 8 0 0.027 0.346 0.373 0.806 0.09 226.177 1 237.517 806.38 0 0.007
43646 7 5 8 0 0.027 0.346 0.373 0.806 0.09 155.159 3 168.053 485.987 0 0.107
43646 8 5 8 0 0.027 0.346 0.373 0.806 0.09 221.49 6 238.352 818.567 0 0.007
43646 9 5 8 0 0.027 0.346 0.373 0.806 0.09 220.97 5 240.192 885.26 0 0.02
43646 10 5 8 0 0.027 0.346 0.373 0.806 0.09 220.298 2 232.536 721.233 0 0.04
43646 1 5 8 0 0.081 0.163 0.29 0.778 0.007 248.056 2749 249.668 3490.52 0 0
43646 2 5 8 0 0.081 0.163 0.29 0.778 0.007 248.086 2749 249.673 3383.88 0 0
43646 3 5 8 0 0.081 0.163 0.29 0.778 0.007 247.813 2494 249.469 3311.187 0 0
43646 4 5 8 0 0.081 0.163 0.29 0.778 0.007 247.966 2787 249.693 3613.487 0 0
43646 5 5 8 0 0.081 0.163 0.29 0.778 0.007 248.03 2800 249.648 3519.6 0 0
43646 6 5 8 0 0.081 0.163 0.29 0.778 0.007 247.977 2745 249.636 3466.447 0 0
43646 7 5 8 0 0.081 0.163 0.29 0.778 0.007 247.927 2516 249.564 3357.84 0 0
43646 8 5 8 0 0.081 0.163 0.29 0.778 0.007 248.335 2664 249.765 3651.967 0 0
43646 9 5 8 0 0.081 0.163 0.29 0.778 0.007 248.724 2871 249.789 3984.72 0 0
43646 10 5 8 0 0.081 0.163 0.29 0.778 0.007 248.422 3663 249.821 4182.233 0 0
43646 1 5 8 0 0.033 0.12 0.226 0.838 0.647 0 11 0.028 11 1 0
43646 2 5 8 0 0.033 0.12 0.226 0.838 0.647 215.048 3 230.548 33.413 0 0.66
43646 3 5 8 0 0.033 0.12 0.226 0.838 0.647 197.342 2 219.669 27.807 0 0.673
43646 4 5 8 0 0.033 0.12 0.226 0.838 0.647 0.05 15 0.824 21.547 1 0
43646 5 5 8 0 0.033 0.12 0.226 0.838 0.647 227.593 4 241.691 37.08 0 0.7
43646 6 5 8 0 0.033 0.12 0.226 0.838 0.647 205.982 2 221.937 27.16 0 0.68
43646 7 5 8 0 0.033 0.12 0.226 0.838 0.647 198.489 3 215.344 26.353 0 0.627
43646 8 5 8 0 0.033 0.12 0.226 0.838 0.647 205.955 3 221.38 28.093 0 0.733
43646 9 5 8 0 0.033 0.12 0.226 0.838 0.647 226.444 3 241.729 29.82 0 0.667
43646 10 5 8 0 0.033 0.12 0.226 0.838 0.647 190.2 3 203.386 27.407 0 0.62
43646 1 5 8 0 0.045 0.193 0.446 0.792 0.031 231.69 7 243.591 1184.8 0 0.007
43646 2 5 8 0 0.045 0.193 0.446 0.792 0.031 229.743 2 241.702 883.013 0 0.053
43646 3 5 8 0 0.045 0.193 0.446 0.792 0.031 231.16 3 241.5 986.527 0 0.007
43646 4 5 8 0 0.045 0.193 0.446 0.792 0.031 227.981 4 242.565 999.86 0 0.013
43646 5 5 8 0 0.045 0.193 0.446 0.792 0.031 227.694 4 240.604 1038.607 0 0.013
43646 6 5 8 0 0.045 0.193 0.446 0.792 0.031 231.871 28 243.386 1069.013 0 0
43646 7 5 8 0 0.045 0.193 0.446 0.792 0.031 228.269 33 243.098 1089.46 0 0
43646 8 5 8 0 0.045 0.193 0.446 0.792 0.031 228.853 6 241.815 1054.553 0 0.047
43646 9 5 8 0 0.045 0.193 0.446 0.792 0.031 226.112 32 241.664 931.427 0 0
43646 10 5 8 0 0.045 0.193 0.446 0.792 0.031 228.68 2 240.672 1029.46 0 0.04
43646 1 5 8 0 0.056 0.134 0.315 0.997 0.629 236.474 1 244.215 31.207 0 0.687
43646 2 5 8 0 0.056 0.134 0.315 0.997 0.629 0.249 12 1.175 23.667 1 0
43646 3 5 8 0 0.056 0.134 0.315 0.997 0.629 0 11 0.196 11 1 0
43646 4 5 8 0 0.056 0.134 0.315 0.997 0.629 228.847 1 242.568 29.247 0 0.733
43646 5 5 8 0 0.056 0.134 0.315 0.997 0.629 230.521 2 243.17 33.22 0 0.753
43646 6 5 8 0 0.056 0.134 0.315 0.997 0.629 230.894 1 239.763 29.987 0 0.667
43646 7 5 8 0 0.056 0.134 0.315 0.997 0.629 214.236 3 224.54 30.72 0 0.687
43646 8 5 8 0 0.056 0.134 0.315 0.997 0.629 0.845 9 2.111 26.853 1 0.013
43646 9 5 8 0 0.056 0.134 0.315 0.997 0.629 229.565 1 239.198 32.007 0 0.707
43646 10 5 8 0 0.056 0.134 0.315 0.997 0.629 108.107 4 118.957 23.247 0 0.327
43646 1 5 8 0 0.114 0.07 0.147 0.761 0.243 1.386 9 5.459 31.407 0.42 0.013
43646 2 5 8 0 0.114 0.07 0.147 0.761 0.243 160.802 3 184.498 52.293 0 0.547
43646 3 5 8 0 0.114 0.07 0.147 0.761 0.243 0.249 11 1.697 26.62 1 0
43646 1 5 5 1 0.117 0.252 0.118 0.787 0.605 10.827 13 13.221 50.967 0 0
43646 2 5 5 1 0.117 0.252 0.118 0.787 0.605 7.087 13 9.778 41.4 0 0
43646 3 5 5 1 0.117 0.252 0.118 0.787 0.605 1.688 18 4.565 34.74 0.647 0
43646 4 5 5 1 0.117 0.252 0.118 0.787 0.605 1.878 14 4.063 40.887 0.813 0
43646 5 5 5 1 0.117 0.252 0.118 0.787 0.605 3.236 22 4.529 45.393 0.727 0
43646 6 5 5 1 0.117 0.252 0.118 0.787 0.605 11.959 13 13.421 40.953 0 0
43646 7 5 5 1 0.117 0.252 0.118 0.787 0.605 1.045 17 3.785 38.52 0.713 0
43646 8 5 5 1 0.117 0.252 0.118 0.787 0.605 1.54 13 2.767 36.64 0.933 0
43646 9 5 5 1 0.117 0.252 0.118 0.787 0.605 10.931 13 12.606 51.207 0 0
43646 10 5 5 1 0.117 0.252 0.118 0.787 0.605 10.719 16 12.899 54.173 0 0
43646 1 5 5 1 0.016 0.449 0.177 0.998 0.253 220.424 650 235.312 826.167 0 0
43646 2 5 5 1 0.016 0.449 0.177 0.998 0.253 237.391 643 243.011 826.887 0 0
43646 3 5 5 1 0.016 0.449 0.177 0.998 0.253 157.872 308 163.754 497.747 0 0
43646 4 5 5 1 0.016 0.449 0.177 0.998 0.253 232.319 632 240.667 812.067 0 0
43646 5 5 5 1 0.016 0.449 0.177 0.998 0.253 194.565 486 201.18 662.513 0 0
43646 6 5 5 1 0.016 0.449 0.177 0.998 0.253 214.757 570 223.888 771.447 0 0
43646 7 5 5 1 0.016 0.449 0.177 0.998 0.253 236.568 568 241.453 817.733 0 0
43646 8 5 5 1 0.016 0.449 0.177 0.998 0.253 190.502 536 202.808 761.613 0 0
43646 9 5 5 1 0.016 0.449 0.177 0.998 0.253 236.69 642 242.028 849.227 0 0
43646 10 5 5 1 0.016 0.449 0.177 0.998 0.253 197.496 467 205.428 727.32 0 0
43646 1 5 5 1 0.052 0.276 0.22 0.996 0.924 0.944 11 2.385 31.98 1 0
43646 2 5 5 1 0.052 0.276 0.22 0.996 0.924 0.844 13 2.558 33.093 1 0
43646 3 5 5 1 0.052 0.276 0.22 0.996 0.924 0.746 8 2.146 24.96 1 0.053
43646 4 5 5 1 0.052 0.276 0.22 0.996 0.924 0.597 11 1.752 27.813 1 0
43646 5 5 5 1 0.052 0.276 0.22 0.996 0.924 0.05 8 1.281 21.453 1 0.02
43646 6 5 5 1 0.052 0.276 0.22 0.996 0.924 0.697 16 2.366 32.587 1 0
43646 7 5 5 1 0.052 0.276 0.22 0.996 0.924 1.194 9 2.839 30.447 0.993 0.013
43646 8 5 5 1 0.052 0.276 0.22 0.996 0.924 0.398 13 1.394 26.007 1 0
43646 9 5 5 1 0.052 0.276 0.22 0.996 0.924 0.646 13 1.742 27.173 1 0
43646 10 5 5 1 0.052 0.276 0.22 0.996 0.924 0.348 14 1.32 26.653 1 0
43646 1 5 5 1 0.045 0.007 0.441 0.818 0.381 0.647 13 1.983 30.247 1 0
43646 2 5 5 1 0.045 0.007 0.441 0.818 0.381 0.398 8 1.388 23.14 1 0.053
43646 3 5 5 1 0.045 0.007 0.441 0.818 0.381 0 9 0 9 1 1
43646 4 5 5 1 0.045 0.007 0.441 0.818 0.381 0 7 0.08 7 1 1
43646 5 5 5 1 0.045 0.007 0.441 0.818 0.381 0 13 0.122 13.707 1 0
43646 6 5 5 1 0.045 0.007 0.441 0.818 0.381 0.199 14 1.48 24.267 1 0
43646 7 5 5 1 0.045 0.007 0.441 0.818 0.381 0 7 0.036 7 1 1
43646 8 5 5 1 0.045 0.007 0.441 0.818 0.381 0.746 13 2.011 30.26 1 0
43646 9 5 5 1 0.045 0.007 0.441 0.818 0.381 0.896 14 2.027 31.52 1 0
43646 10 5 5 1 0.045 0.007 0.441 0.818 0.381 0.498 17 1.683 27.02 1 0
43646 1 5 5 1 0.036 0.344 0.208 0.767 0.639 1.64 17 2.802 36.713 1 0
43646 2 5 5 1 0.036 0.344 0.208 0.767 0.639 0.745 5 2.005 21.6 1 0.147
43646 3 5 5 1 0.036 0.344 0.208 0.767 0.639 0.547 11 1.594 27.893 1 0
43646 4 5 5 1 0.036 0.344 0.208 0.767 0.639 0.831 15 1.887 30.38 1 0
43646 5 5 5 1 0.036 0.344 0.208 0.767 0.639 0 12 0.07 12 1 0
43646 6 5 5 1 0.036 0.344 0.208 0.767 0.639 1.718 12 2.709 29.793 1 0
43646 7 5 5 1 0.036 0.344 0.208 0.767 0.639 0.945 14 1.895 30.213 1 0
43646 8 5 5 1 0.036 0.344 0.208 0.767 0.639 0.597 14 2.068 34.133 1 0
43646 9 5 5 1 0.036 0.344 0.208 0.767 0.639 0 14 0.221 15.927 1 0
43646 10 5 5 1 0.036 0.344 0.208 0.767 0.639 1.641 12 2.535 35.527 1 0
43646 1 5 5 1 0.043 0.409 0.008 0.836 0.52 227.42 117 235.146 612.113 0 0
43646 2 5 5 1 0.043 0.409 0.008 0.836 0.52 227.52 90 234.905 609.973 0 0
43646 3 5 5 1 0.043 0.409 0.008 0.836 0.52 217.395 221 226.545 619.08 0 0
43646 4 5 5 1 0.043 0.409 0.008 0.836 0.52 220.934 162 230.036 558.98 0 0
43646 5 5 5 1 0.043 0.409 0.008 0.836 0.52 214.806 181 228.268 561.427 0 0
43646 6 5 5 1 0.043 0.409 0.008 0.836 0.52 222.221 145 228.01 569.1 0 0
43646 7 5 5 1 0.043 0.409 0.008 0.836 0.52 224.16 267 229.751 593.36 0 0
43646 8 5 5 1 0.043 0.409 0.008 0.836 0.52 219.635 195 229.643 579.06 0 0
43646 9 5 5 1 0.043 0.409 0.008 0.836 0.52 217.507 203 227.183 625.653 0 0
43646 10 5 5 1 0.043 0.409 0.008 0.836 0.52 224.205 175 232.225 573.66 0 0
43646 1 5 5 1 0.052 0.4 0.409 0.967 0.345 18.924 15 21.616 78.387 0 0
43646 2 5 5 1 0.052 0.4 0.409 0.967 0.345 14.856 29 18.997 68.78 0 0
43646 3 5 5 1 0.052 0.4 0.409 0.967 0.345 0.696 11 3.178 34.113 0.8 0
43646 4 5 5 1 0.052 0.4 0.409 0.967 0.345 1.044 12 3.857 36.54 0.887 0
43646 5 5 5 1 0.052 0.4 0.409 0.967 0.345 1.392 8 2.659 29.4 1 0.027
43646 6 5 5 1 0.052 0.4 0.409 0.967 0.345 0.299 16 1.495 29.32 1 0
43646 7 5 5 1 0.052 0.4 0.409 0.967 0.345 0.745 12 2.387 31.58 0.967 0
43646 8 5 5 1 0.052 0.4 0.409 0.967 0.345 6.367 7 10.015 50.907 0 0.013
43646 9 5 5 1 0.052 0.4 0.409 0.967 0.345 0.597 12 1.619 30.847 1 0
43646 10 5 5 1 0.052 0.4 0.409 0.967 0.345 13.922 25 16.668 61.653 0 0
43646 1 5 5 1 0.102 0.222 0.255 0.84 0.052 243.433 1299 247.958 1607.973 0 0
43646 2 5 5 1 0.102 0.222 0.255 0.84 0.052 244.17 1228 247.588 1613.04 0 0
43646 1 5 5 1 0.062 0.43 0.415 0.893 0.474 0.697 17 1.853 31.913 1 0
43646 2 5 5 1 0.062 0.43 0.415 0.893 0.474 0.845 14 2.018 27.693 1 0
43646 3 5 5 1 0.062 0.43 0.415 0.893 0.474 0 11 0.033 11 1 0
43646 4 5 5 1 0.062 0.43 0.415 0.893 0.474 1.584 10 3.138 32.34 0.96 0
43646 5 5 5 1 0.062 0.43 0.415 0.893 0.474 0.398 10 1.151 24.9 1 0
43646 6 5 5 1 0.062 0.43 0.415 0.893 0.474 0 9 0.294 11.08 1 0.72
43646 7 5 5 1 0.062 0.43 0.415 0.893 0.474 0.448 17 1.852 31.76 1 0
43646 8 5 5 1 0.062 0.43 0.415 0.893 0.474 0.597 15 1.593 29.447 1 0
43646 9 5 5 1 0.062 0.43 0.415 0.893 0.474 0.944 9 2.165 28.82 1 0.007
43646 10 5 5 1 0.062 0.43 0.415 0.893 0.474 0.945 16 2.464 32.773 1 0
43646 1 5 5 1 0.004 0.157 0.091 0.803 0.774 0.796 14 1.817 30.793 1 0
43646 2 5 5 1 0.004 0.157 0.091 0.803 0.774 0 12 0.081 12 1 0
43646 3 5 5 1 0.004 0.157 0.091 0.803 0.774 1.591 16 2.584 31.66 1 0
43646 4 5 5 1 0.004 0.157 0.091 0.803 0.774 1.094 10 2.768 29.413 1 0
43646 5 5 5 1 0.004 0.157 0.091 0.803 0.774 0 14 0.267 16.273 1 0
43646 6 5 5 1 0.004 0.157 0.091 0.803 0.774 0.497 11 1.926 26.787 1 0
43646 7 5 5 1 0.004 0.157 0.091 0.803 0.774 0 12 0.111 12 1 0
43646 8 5 5 1 0.004 0.157 0.091 0.803 0.774 0.498 15 1.722 28.94 1 0
43646 9 5 5 1 0.004 0.157 0.091 0.803 0.774 0.697 7 1.935 26.907 1 0.04
43646 10 5 5 1 0.004 0.157 0.091 0.803 0.774 0 8 0.172 8 1 1
43646 1 5 5 1 0.004 0.104 0.188 0.779 0.159 60.801 130 64.428 228.5 0 0
43646 2 5 5 1 0.004 0.104 0.188 0.779 0.159 56.927 128 61.255 200.473 0 0
43646 3 5 5 1 0.004 0.104 0.188 0.779 0.159 50.157 85 55.438 159.927 0 0
43646 4 5 5 1 0.004 0.104 0.188 0.779 0.159 50.012 69 55.848 150.26 0 0
43646 5 5 5 1 0.004 0.104 0.188 0.779 0.159 65.94 120 71.261 246.613 0 0
43646 6 5 5 1 0.004 0.104 0.188 0.779 0.159 42.437 58 46.846 128.627 0 0
43646 7 5 5 1 0.004 0.104 0.188 0.779 0.159 46.839 75 50.302 139.933 0 0
43646 8 5 5 1 0.004 0.104 0.188 0.779 0.159 51.305 102 58.617 193.427 0 0
43646 9 5 5 1 0.004 0.104 0.188 0.779 0.159 56.077 53 62.214 176.787 0 0
43646 10 5 5 1 0.004 0.104 0.188 0.779 0.159 38.981 92 47.528 174.26 0 0
43646 1 5 5 1 0.006 0.285 0.094 0.905 0.199 242.638 901 246.445 1091.927 0 0
43646 2 5 5 1 0.006 0.285 0.094 0.905 0.199 241.403 904 245.938 1149.707 0 0
43646 3 5 5 1 0.006 0.285 0.094 0.905 0.199 241.207 907 246.228 1147.053 0 0
43646 4 5 5 1 0.006 0.285 0.094 0.905 0.199 244.243 911 247.261 1139.113 0 0
43646 5 5 5 1 0.006 0.285 0.094 0.905 0.199 241.6 897 246.18 1127.733 0 0
43646 6 5 5 1 0.006 0.285 0.094 0.905 0.199 241.149 831 246.49 1088.227 0 0
43646 7 5 5 1 0.006 0.285 0.094 0.905 0.199 241.84 854 245.952 1059.073 0 0
43646 8 5 5 1 0.006 0.285 0.094 0.905 0.199 241.774 811 245.907 1096.94 0 0
43646 9 5 5 1 0.006 0.285 0.094 0.905 0.199 239.925 794 245.751 1042.52 0 0
43646 10 5 5 1 0.006 0.285 0.094 0.905 0.199 240.467 880 245.803 1115.927 0 0
43646 1 5 5 1 0.012 0.325 0.23 0.813 0.615 1.442 13 2.357 33.32 1 0
43646 2 5 5 1 0.012 0.325 0.23 0.813 0.615 0.1 15 0.462 20.927 1 0
43646 3 5 5 1 0.012 0.325 0.23 0.813 0.615 0.945 11 2.293 29.807 1 0
43646 4 5 5 1 0.012 0.325 0.23 0.813 0.615 0.647 9 1.889 27.813 1 0.02
43646 5 5 5 1 0.012 0.325 0.23 0.813 0.615 0 11 0.043 11 1 0
43646 6 5 5 1 0.012 0.325 0.23 0.813 0.615 0.646 12 1.3 25.347 1 0
43646 7 5 5 1 0.012 0.325 0.23 0.813 0.615 0.796 10 2.19 28.533 1 0
43646 8 5 5 1 0.012 0.325 0.23 0.813 0.615 0 12 0.079 12 1 0
43646 9 5 5 1 0.012 0.325 0.23 0.813 0.615 0 10 0.063 10 1 0
43646 10 5 5 1 0.012 0.325 0.23 0.813 0.615 1.144 17 2.829 37.8 0.993 0
43646 1 5 5 1 0.043 0.096 0.2 0.94 0.252 29.042 81 34.976 155.113 0 0
43646 2 5 5 1 0.043 0.096 0.2 0.94 0.252 29.483 64 31.731 118.34 0 0
43646 3 5 5 1 0.043 0.096 0.2 0.94 0.252 37.211 89 43.163 156.807 0 0
43646 4 5 5 1 0.043 0.096 0.2 0.94 0.252 54.556 93 59.522 194.2 0 0
43646 5 5 5 1 0.043 0.096 0.2 0.94 0.252 46.04 75 50.788 145.84 0 0
43646 6 5 5 1 0.043 0.096 0.2 0.94 0.252 26.475 56 29.672 106.773 0 0
43646 7 5 5 1 0.043 0.096 0.2 0.94 0.252 45.597 69 51.977 142.287 0 0
43646 8 5 5 1 0.043 0.096 0.2 0.94 0.252 21.608 35 25.713 73.133 0 0
43646 9 5 5 1 0.043 0.096 0.2 0.94 0.252 53.511 94 59.013 181.26 0 0
43646 10 5 5 1 0.043 0.096 0.2 0.94 0.252 21.574 44 24.397 81.013 0 0
43646 1 5 5 1 0.054 0.435 0.447 0.775 0.832 0 8 0.142 8 1 1
43646 2 5 5 1 0.054 0.435 0.447 0.775 0.832 0.249 19 1.704 30.96 1 0
43646 3 5 5 1 0.054 0.435 0.447 0.775 0.832 0.896 14 1.818 25.713 1 0
43646 4 5 5 1 0.054 0.435 0.447 0.775 0.832 0.796 14 1.914 30.993 1 0
43646 5 5 5 1 0.054 0.435 0.447 0.775 0.832 1.215 16 2.89 36.313 0.947 0
43646 6 5 5 1 0.054 0.435 0.447 0.775 0.832 1.144 14 2.186 28.66 1 0
43646 7 5 5 1 0.054 0.435 0.447 0.775 0.832 1.193 16 2.68 30.94 1 0
43646 8 5 5 1 0.054 0.435 0.447 0.775 0.832 0 12 0.661 19.86 1 0
43646 9 5 5 1 0.054 0.435 0.447 0.775 0.832 0.697 14 1.576 31.52 1 0
43646 10 5 5 1 0.054 0.435 0.447 0.775 0.832 0.547 19 1.248 29.073 1 0
43646 1 5 5 1 0.102 0.223 0.325 0.771 0.206 78.627 156 91.662 237.7 0 0
43646 2 5 5 1 0.102 0.223 0.325 0.771 0.206 80.632 134 86.468 210.973 0 0
43646 3 5 5 1 0.102 0.223 0.325 0.771 0.206 105.671 195 114.201 322.553 0 0
43646 1 5 7 1 0.029 0.314 0.294 0.792 0.001 247.592 2625 249.522 3123.76 0 0
43646 2 5 7 1 0.029 0.314 0.294 0.792 0.001 246.238 2481 249.285 2852.72 0 0
43646 3 5 7 1 0.029 0.314 0.294 0.792 0.001 246.962 2516 249.426 3281.78 0 0
43646 4 5 7 1 0.029 0.314 0.294 0.792 0.001 247.668 2524 249.352 2826.527 0 0
43646 5 5 7 1 0.029 0.314 0.294 0.792 0.001 247.138 2524 249.412 3051.327 0 0
43646 6 5 7 1 0.029 0.314 0.294 0.792 0.001 247.42 2579 249.42 3061.573 0 0
43646 7 5 7 1 0.029 0.314 0.294 0.792 0.001 247.472 2646 249.374 2907.26 0 0
43646 8 5 7 1 0.029 0.314 0.294 0.792 0.001 246.018 2429 249.37 2912.907 0 0
43646 9 5 7 1 0.029 0.314 0.294 0.792 0.001 247.017 2730 249.451 3086.547 0 0
43646 10 5 7 1 0.029 0.314 0.294 0.792 0.001 248.221 2915 249.581 3328.487 0 0
43646 1 5 7 1 0.01 0.456 0.395 0.883 0.822 0 5 0.022 5 1 1
43646 2 5 7 1 0.01 0.456 0.395 0.883 0.822 0 12 0.63 16.473 1 0
43646 3 5 7 1 0.01 0.456 0.395 0.883 0.822 0 9 0.033 9 1 1
43646 4 5 7 1 0.01 0.456 0.395 0.883 0.822 0.149 8 0.683 16.78 1 0.133
43646 5 5 7 1 0.01 0.456 0.395 0.883 0.822 0.05 16 0.203 16 1 0
43646 6 5 7 1 0.01 0.456 0.395 0.883 0.822 0.846 8 2.114 23.74 1 0.047
43646 7 5 7 1 0.01 0.456 0.395 0.883 0.822 0 8 0.055 8 1 1
43646 8 5 7 1 0.01 0.456 0.395 0.883 0.822 0.149 9 0.973 18.82 1 0.093
43646 9 5 7 1 0.01 0.456 0.395 0.883 0.822 0 16 0.076 16 1 0
43646 10 5 7 1 0.01 0.456 0.395 0.883 0.822 0.547 18 2.451 31.713 1 0
43646 1 5 7 1 0.044 0.144 0.47 0.79 0.528 0.845 12 2.054 27.927 1 0
43646 2 5 7 1 0.044 0.144 0.47 0.79 0.528 0 6 0.076 6 1 1
43646 3 5 7 1 0.044 0.144 0.47 0.79 0.528 0 8 0.158 8 1 1
43646 4 5 7 1 0.044 0.144 0.47 0.79 0.528 0 10 0.049 10 1 0
43646 5 5 7 1 0.044 0.144 0.47 0.79 0.528 0 14 0.138 14 1 0
43646 6 5 7 1 0.044 0.144 0.47 0.79 0.528 3.526 6 6.868 26.853 0.24 0.147
43646 7 5 7 1 0.044 0.144 0.47 0.79 0.528 1.492 5 3.23 26.507 0.993 0.047
43646 8 5 7 1 0.044 0.144 0.47 0.79 0.528 0.398 9 1.436 20.707 1 0.06
43646 9 5 7 1 0.044 0.144 0.47 0.79 0.528 0.249 17 1.036 26.173 1 0
43646 10 5 7 1 0.044 0.144 0.47 0.79 0.528 0 8 0.048 8 1 1
43646 1 5 7 1 0.096 0.312 0.306 0.842 0.39 19.745 25 22.479 73.987 0 0
43646 2 5 7 1 0.096 0.312 0.306 0.842 0.39 18.153 28 22.589 84.02 0 0
43646 3 5 7 1 0.096 0.312 0.306 0.842 0.39 21.702 35 24.905 81.68 0 0
43646 4 5 7 1 0.096 0.312 0.306 0.842 0.39 36.89 69 42.107 132.427 0 0
43646 5 5 7 1 0.096 0.312 0.306 0.842 0.39 17.165 32 20.436 71.2 0 0
43646 6 5 7 1 0.096 0.312 0.306 0.842 0.39 40.974 35 44.275 134.693 0 0
43646 7 5 7 1 0.096 0.312 0.306 0.842 0.39 19.769 24 22.285 86.093 0 0
43646 8 5 7 1 0.096 0.312 0.306 0.842 0.39 20.407 32 22.901 71.153 0 0
43646 9 5 7 1 0.096 0.312 0.306 0.842 0.39 43.193 50 46.793 132.18 0 0
43646 10 5 7 1 0.096 0.312 0.306 0.842 0.39 18.309 30 22.735 74.893 0 0
43646 1 5 7 1 0.116 0.352 0.425 0.858 0.269 25.231 32 27.727 86.667 0 0
43646 2 5 7 1 0.116 0.352 0.425 0.858 0.269 45.754 58 50.181 163.207 0 0
43646 3 5 7 1 0.116 0.352 0.425 0.858 0.269 54.111 80 60.087 195.847 0 0
43646 4 5 7 1 0.116 0.352 0.425 0.858 0.269 56.256 75 59.725 190 0 0
43646 5 5 7 1 0.116 0.352 0.425 0.858 0.269 50.951 65 55.754 144.6 0 0
43646 6 5 7 1 0.116 0.352 0.425 0.858 0.269 22.058 55 26.667 101.187 0 0
43646 7 5 7 1 0.116 0.352 0.425 0.858 0.269 24.254 37 30.203 83.653 0 0
43646 8 5 7 1 0.116 0.352 0.425 0.858 0.269 25.247 62 28.676 116.773 0 0
43646 9 5 7 1 0.116 0.352 0.425 0.858 0.269 6.333 40 19.785 108.033 0 0
43646 10 5 7 1 0.116 0.352 0.425 0.858 0.269 37.09 59 39.363 130.78 0 0
43646 1 5 7 1 0.035 0.229 0.098 0.974 0.204 241.92 979 246.826 1188.513 0 0
43646 2 5 7 1 0.035 0.229 0.098 0.974 0.204 243.614 983 247.253 1283.9 0 0
43646 3 5 7 1 0.035 0.229 0.098 0.974 0.204 241.999 1112 247.423 1307.633 0 0
43646 4 5 7 1 0.035 0.229 0.098 0.974 0.204 241.713 975 246.87 1237.373 0 0
43646 5 5 7 1 0.035 0.229 0.098 0.974 0.204 242.588 1026 246.542 1242.073 0 0
43646 6 5 7 1 0.035 0.229 0.098 0.974 0.204 239.863 956 246.716 1212.693 0 0
43646 7 5 7 1 0.035 0.229 0.098 0.974 0.204 242.679 958 247.151 1244.56 0 0
43646 8 5 7 1 0.035 0.229 0.098 0.974 0.204 245.015 971 247.562 1263.467 0 0
43646 9 5 7 1 0.035 0.229 0.098 0.974 0.204 244.065 1043 247.668 1342.387 0 0
43646 10 5 7 1 0.035 0.229 0.098 0.974 0.204 241.67 973 246.693 1255.453 0 0
43646 1 5 7 1 0.099 0.073 0.22 0.968 0.814 0 7 0.113 7 1 1
43646 2 5 7 1 0.099 0.073 0.22 0.968 0.814 0 11 0.205 12.96 1 0
43646 3 5 7 1 0.099 0.073 0.22 0.968 0.814 0.547 8 1.446 22.14 1 0.06
43646 4 5 7 1 0.099 0.073 0.22 0.968 0.814 1.143 11 2.018 25.347 1 0
43646 5 5 7 1 0.099 0.073 0.22 0.968 0.814 0 10 0.097 10 1 0
43646 6 5 7 1 0.099 0.073 0.22 0.968 0.814 1.331 11 2.233 28.847 1 0
43646 7 5 7 1 0.099 0.073 0.22 0.968 0.814 0.995 15 2.413 31.233 1 0
43646 8 5 7 1 0.099 0.073 0.22 0.968 0.814 0 7 0.023 7 1 1
43646 9 5 7 1 0.099 0.073 0.22 0.968 0.814 0.199 10 1.016 20.373 1 0
43646 10 5 7 1 0.099 0.073 0.22 0.968 0.814 1.794 6 3.244 24.5 0.953 0.16
43646 1 5 7 1 0.101 0.185 0.466 0.979 0.729 0.05 12 0.79 19.567 1 0
43646 2 5 7 1 0.101 0.185 0.466 0.979 0.729 0.348 14 1.29 27.033 1 0
43646 3 5 7 1 0.101 0.185 0.466 0.979 0.729 0 10 0.491 15.427 1 0
43646 1 5 6 1 0.102 0.173 0.189 0.862 0.957 0.846 9 1.558 25.607 1 0.007
43646 2 5 6 1 0.102 0.173 0.189 0.862 0.957 0.945 20 2.19 34.147 1 0
43646 3 5 6 1 0.102 0.173 0.189 0.862 0.957 0 10 0.042 10 1 0
43646 4 5 6 1 0.102 0.173 0.189 0.862 0.957 1.39 13 2.052 26.827 1 0
43646 5 5 6 1 0.102 0.173 0.189 0.862 0.957 0.746 11 1.498 24.453 1 0
43646 6 5 6 1 0.102 0.173 0.189 0.862 0.957 0.1 12 0.467 17.127 1 0
43646 7 5 6 1 0.102 0.173 0.189 0.862 0.957 0.945 5 2.286 24.793 1 0.113
43646 8 5 6 1 0.102 0.173 0.189 0.862 0.957 0 13 0.034 13 1 0
43646 9 5 6 1 0.102 0.173 0.189 0.862 0.957 0 12 0.102 12 1 0
43646 10 5 6 1 0.102 0.173 0.189 0.862 0.957 0 10 0.018 10 1 0
43646 1 5 6 1 0.056 0.407 0.469 0.767 0.849 0 7 0.014 7 1 1
43646 2 5 6 1 0.056 0.407 0.469 0.767 0.849 0 11 0.149 11 1 0
43646 3 5 6 1 0.056 0.407 0.469 0.767 0.849 0.498 11 1.521 23.92 1 0
43646 4 5 6 1 0.056 0.407 0.469 0.767 0.849 0 12 0.133 12 1 0
43646 5 5 6 1 0.056 0.407 0.469 0.767 0.849 0 12 0.054 12 1 0
43646 6 5 6 1 0.056 0.407 0.469 0.767 0.849 0.348 15 1.477 28.087 1 0
43646 7 5 6 1 0.056 0.407 0.469 0.767 0.849 0.896 9 1.603 24.333 1 0.02
43646 8 5 6 1 0.056 0.407 0.469 0.767 0.849 0.249 17 1.446 30.647 1 0
43646 9 5 6 1 0.056 0.407 0.469 0.767 0.849 0 11 0.171 11 1 0
43646 10 5 6 1 0.056 0.407 0.469 0.767 0.849 0.05 18 0.75 24.24 1 0
43646 1 5 6 1 0.04 0.293 0.295 0.897 0.54 1.442 12 2.581 28.74 1 0
43646 2 5 6 1 0.04 0.293 0.295 0.897 0.54 0 12 0.013 12 1 0
43646 3 5 6 1 0.04 0.293 0.295 0.897 0.54 0 8 0.037 8 1 1
43646 4 5 6 1 0.04 0.293 0.295 0.897 0.54 0.05 10 0.352 11.86 1 0
43646 5 5 6 1 0.04 0.293 0.295 0.897 0.54 0.945 8 2.778 29.94 0.98 0.027
43646 6 5 6 1 0.04 0.293 0.295 0.897 0.54 1.634 10 2.934 31.713 1 0
43646 7 5 6 1 0.04 0.293 0.295 0.897 0.54 0.746 9 2.13 25.887 1 0.007
43646 8 5 6 1 0.04 0.293 0.295 0.897 0.54 0.05 17 0.834 23.373 1 0
43646 9 5 6 1 0.04 0.293 0.295 0.897 0.54 0.1 16 1.531 28.807 1 0
43646 10 5 6 1 0.04 0.293 0.295 0.897 0.54 0.398 11 1.283 26.027 1 0
43646 1 5 6 1 0.083 0.082 0.155 0.937 0.619 1.044 12 2.236 30.813 1 0
43646 2 5 6 1 0.083 0.082 0.155 0.937 0.619 0 7 0.031 7 1 1
43646 3 5 6 1 0.083 0.082 0.155 0.937 0.619 0 4 0.134 4 1 1
43646 4 5 6 1 0.083 0.082 0.155 0.937 0.619 1.192 12 2.267 28.887 1 0
43646 5 5 6 1 0.083 0.082 0.155 0.937 0.619 0.398 13 2.567 31.933 1 0
43646 6 5 6 1 0.083 0.082 0.155 0.937 0.619 0.646 15 1.828 32.04 1 0
43646 7 5 6 1 0.083 0.082 0.155 0.937 0.619 0.746 11 1.563 22.767 1 0
43646 8 5 6 1 0.083 0.082 0.155 0.937 0.619 0 11 0.14 11.2 1 0
43646 9 5 6 1 0.083 0.082 0.155 0.937 0.619 0.05 14 1.106 23.353 1 0
43646 10 5 6 1 0.083 0.082 0.155 0.937 0.619 0.547 13 1.576 25.827 1 0
43646 1 5 6 1 0.063 0.174 0.331 0.887 0.861 0 14 0.174 14.087 1 0
43646 2 5 6 1 0.063 0.174 0.331 0.887 0.861 0.945 18 1.76 33.887 1 0
43646 3 5 6 1 0.063 0.174 0.331 0.887 0.861 1.141 12 1.77 30.84 1 0
43646 4 5 6 1 0.063 0.174 0.331 0.887 0.861 0 11 0.114 11 1 0
43646 5 5 6 1 0.063 0.174 0.331 0.887 0.861 0.05 9 0.613 14.007 1 0.6
43646 6 5 6 1 0.063 0.174 0.331 0.887 0.861 1.095 10 2.086 27.88 1 0
43646 7 5 6 1 0.063 0.174 0.331 0.887 0.861 0 10 0.288 12.853 1 0
43646 8 5 6 1 0.063 0.174 0.331 0.887 0.861 0 15 0.227 15.867 1 0
43646 9 5 6 1 0.063 0.174 0.331 0.887 0.861 0.249 9 0.825 18 1 0.013
43646 10 5 6 1 0.063 0.174 0.331 0.887 0.861 0 13 0.731 19.907 1 0
43646 1 5 6 1 0.038 0.068 0.459 0.812 0.392 0.1 12 0.774 17.1 1 0
43646 2 5 6 1 0.038 0.068 0.459 0.812 0.392 0.944 14 2.453 32.313 1 0
43646 3 5 6 1 0.038 0.068 0.459 0.812 0.392 0.547 18 1.591 28.853 1 0
43646 4 5 6 1 0.038 0.068 0.459 0.812 0.392 1.143 10 2.259 28.173 1 0
43646 5 5 6 1 0.038 0.068 0.459 0.812 0.392 0.547 15 1.42 34.2 1 0
43646 6 5 6 1 0.038 0.068 0.459 0.812 0.392 0.845 11 1.996 27.267 1 0
43646 7 5 6 1 0.038 0.068 0.459 0.812 0.392 0 13 0.106 13.013 1 0
43646 8 5 6 1 0.038 0.068 0.459 0.812 0.392 0.646 13 1.428 27.753 1 0
43646 9 5 6 1 0.038 0.068 0.459 0.812 0.392 0.299 10 1.068 25.193 1 0
43646 10 5 6 1 0.038 0.068 0.459 0.812 0.392 0.944 6 1.443 22.72 1 0.067
43646 1 5 6 1 0.057 0.241 0.207 0.752 0.765 0 9 0.073 9 1 1
43646 2 5 6 1 0.057 0.241 0.207 0.752 0.765 0.647 10 1.65 25.673 1 0
43646 3 5 6 1 0.057 0.241 0.207 0.752 0.765 0.348 9 1.987 26.807 1 0.02
43646 4 5 6 1 0.057 0.241 0.207 0.752 0.765 0.796 8 2.215 27.547 1 0.027
43646 5 5 6 1 0.057 0.241 0.207 0.752 0.765 0.994 15 1.995 29.613 1 0
43646 6 5 6 1 0.057 0.241 0.207 0.752 0.765 0.746 11 1.777 27.107 1 0
43646 7 5 6 1 0.057 0.241 0.207 0.752 0.765 0.846 12 2.356 30.487 1 0
43646 8 5 6 1 0.057 0.241 0.207 0.752 0.765 0 9 0.018 9 1 1
43646 9 5 6 1 0.057 0.241 0.207 0.752 0.765 1.094 8 2.693 27.667 1 0.08
43646 10 5 6 1 0.057 0.241 0.207 0.752 0.765 0.498 17 1.119 27.213 1 0
43646 1 5 6 1 0.07 0.478 0.309 0.973 0.25 159.425 430 167.733 632.813 0 0
43646 2 5 6 1 0.07 0.478 0.309 0.973 0.25 147.605 293 154.281 451.86 0 0
43646 3 5 6 1 0.07 0.478 0.309 0.973 0.25 169.512 387 173.777 565.46 0 0
43646 4 5 6 1 0.07 0.478 0.309 0.973 0.25 177.516 478 181.824 641.133 0 0
43646 5 5 6 1 0.07 0.478 0.309 0.973 0.25 141.118 391 150.48 523.84 0 0
43646 6 5 6 1 0.07 0.478 0.309 0.973 0.25 136.119 314 141.325 460.593 0 0
43646 7 5 6 1 0.07 0.478 0.309 0.973 0.25 158.312 392 163.12 502.373 0 0
43646 8 5 6 1 0.07 0.478 0.309 0.973 0.25 163.554 416 170.056 663.293 0 0
43646 9 5 6 1 0.07 0.478 0.309 0.973 0.25 141.603 279 152.206 485.92 0 0
43646 10 5 6 1 0.07 0.478 0.309 0.973 0.25 151.801 338 156.31 543.553 0 0
43646 1 5 6 1 0.021 0.007 0.043 0.949 0.763 0.597 14 1.767 30.92 1 0
43646 2 5 6 1 0.021 0.007 0.043 0.949 0.763 0.647 13 1.856 28.673 1 0
43646 3 5 6 1 0.021 0.007 0.043 0.949 0.763 0 14 0.181 14 1 0
43646 4 5 6 1 0.021 0.007 0.043 0.949 0.763 0.249 11 1.196 22.2 1 0
43646 1 5 4 0 0.078 0.135 0.362 0.804 0.602 0.697 14 1.922 34.727 1 0
43646 2 5 4 0 0.078 0.135 0.362 0.804 0.602 0 20 0.361 22.107 1 0
43646 3 5 4 0 0.078 0.135 0.362 0.804 0.602 1.144 13 2.285 29.62 1 0
43646 4 5 4 0 0.078 0.135 0.362 0.804 0.602 0.746 16 2.053 33.833 1 0
43646 5 5 4 0 0.078 0.135 0.362 0.804 0.602 0.1 13 1.684 27.593 1 0
43646 6 5 4 0 0.078 0.135 0.362 0.804 0.602 0.945 19 2.231 35.387 1 0
43646 7 5 4 0 0.078 0.135 0.362 0.804 0.602 0 8 1.125 19.06 1 0.353
43646 8 5 4 0 0.078 0.135 0.362 0.804 0.602 0.945 10 2.135 30.587 1 0
43646 9 5 4 0 0.078 0.135 0.362 0.804 0.602 0.895 10 1.686 26.193 1 0
43646 10 5 4 0 0.078 0.135 0.362 0.804 0.602 0 8 0.038 8 1 1
43646 1 5 4 0 0.114 0.091 0.157 0.933 0.079 243.034 1001 247.335 1693.953 0 0
43646 2 5 4 0 0.114 0.091 0.157 0.933 0.079 245.718 1462 248.773 2065.907 0 0
43646 3 5 4 0 0.114 0.091 0.157 0.933 0.079 239.735 1100 246.546 1548.34 0 0
43646 4 5 4 0 0.114 0.091 0.157 0.933 0.079 242.887 1188 247.935 1696.98 0 0
43646 5 5 4 0 0.114 0.091 0.157 0.933 0.079 240.304 829 247.067 1697.72 0 0
43646 6 5 4 0 0.114 0.091 0.157 0.933 0.079 243.757 1193 248.361 1897.973 0 0
43646 7 5 4 0 0.114 0.091 0.157 0.933 0.079 244.755 1020 248.25 1773.74 0 0
43646 8 5 4 0 0.114 0.091 0.157 0.933 0.079 241.107 1015 248.17 1754.827 0 0
43646 9 5 4 0 0.114 0.091 0.157 0.933 0.079 246.622 1426 249.116 2074.873 0 0
43646 10 5 4 0 0.114 0.091 0.157 0.933 0.079 242.743 1078 247.65 1689.16 0 0
43646 1 5 4 0 0.021 0.309 0.498 0.83 0.881 0.894 12 2.242 28.407 1 0
43646 2 5 4 0 0.021 0.309 0.498 0.83 0.881 1.491 14 3.359 33.087 0.907 0
43646 3 5 4 0 0.021 0.309 0.498 0.83 0.881 1.045 11 1.787 29.913 1 0
43646 4 5 4 0 0.021 0.309 0.498 0.83 0.881 0.647 19 1.937 36.293 1 0
43646 5 5 4 0 0.021 0.309 0.498 0.83 0.881 0 11 0.15 11 1 0
43646 6 5 4 0 0.021 0.309 0.498 0.83 0.881 1.691 11 3.88 36.087 0.853 0
43646 7 5 4 0 0.021 0.309 0.498 0.83 0.881 1.938 16 3.1 34.427 1 0
43646 8 5 4 0 0.021 0.309 0.498 0.83 0.881 0.825 16 2.348 30.513 1 0
43646 9 5 4 0 0.021 0.309 0.498 0.83 0.881 0.796 12 1.999 28.947 1 0
43646 10 5 4 0 0.021 0.309 0.498 0.83 0.881 0.547 11 1.178 24.227 1 0
43646 1 5 4 0 0.027 0.172 0.257 0.758 0.137 145.082 4 162.758 372.48 0 0.113
43646 2 5 4 0 0.027 0.172 0.257 0.758 0.137 50.101 11 58.021 125.513 0 0
43646 3 5 4 0 0.027 0.172 0.257 0.758 0.137 106.637 9 117.046 315.427 0 0.027
43646 4 5 4 0 0.027 0.172 0.257 0.758 0.137 77.92 12 85.01 214.587 0 0
43646 5 5 4 0 0.027 0.172 0.257 0.758 0.137 150.913 7 159.46 415.153 0 0.04
43646 6 5 4 0 0.027 0.172 0.257 0.758 0.137 92.488 6 100.369 253.367 0 0.06
43646 7 5 4 0 0.027 0.172 0.257 0.758 0.137 88.659 11 97.116 236.3 0 0
43646 8 5 4 0 0.027 0.172 0.257 0.758 0.137 105.571 8 118.63 345.973 0 0.033
43646 9 5 4 0 0.027 0.172 0.257 0.758 0.137 72.766 8 81.914 217.56 0 0.073
43646 10 5 4 0 0.027 0.172 0.257 0.758 0.137 132.018 9 140.335 433.207 0 0.013
43646 1 5 4 0 0.117 0.252 0.483 0.886 0.058 230.364 281 242.508 1112.66 0 0
43646 2 5 4 0 0.117 0.252 0.483 0.886 0.058 234.596 281 241.204 1037.653 0 0
43646 3 5 4 0 0.117 0.252 0.483 0.886 0.058 236.571 104 244 1117.98 0 0
43646 4 5 4 0 0.117 0.252 0.483 0.886 0.058 231.112 214 243.382 1058.473 0 0
43646 5 5 4 0 0.117 0.252 0.483 0.886 0.058 237.047 6 245.091 1220.22 0 0.007
43646 6 5 4 0 0.117 0.252 0.483 0.886 0.058 233.802 102 242.117 972.12 0 0
43646 7 5 4 0 0.117 0.252 0.483 0.886 0.058 233.351 410 242.535 1065.593 0 0
43646 8 5 4 0 0.117 0.252 0.483 0.886 0.058 237.983 172 244.147 1119.62 0 0
43646 9 5 4 0 0.117 0.252 0.483 0.886 0.058 230.132 210 241.246 949.473 0 0
43646 10 5 4 0 0.117 0.252 0.483 0.886 0.058 235.998 404 243.396 1135.1 0 0
43646 1 5 4 0 0.013 0.468 0.089 0.781 0.508 25.388 14 29.315 85.127 0 0
43646 2 5 4 0 0.013 0.468 0.089 0.781 0.508 24.949 10 29.442 74.093 0 0
43646 3 5 4 0 0.013 0.468 0.089 0.781 0.508 52.131 13 58.437 124.407 0 0
43646 4 5 4 0 0.013 0.468 0.089 0.781 0.508 31.113 12 35.972 123.667 0 0
43646 5 5 4 0 0.013 0.468 0.089 0.781 0.508 22.133 8 26.562 80.347 0 0.007
43646 6 5 4 0 0.013 0.468 0.089 0.781 0.508 49.3 15 56.092 130.433 0 0
43646 7 5 4 0 0.013 0.468 0.089 0.781 0.508 20.415 7 23.741 102.407 0 0.02
43646 8 5 4 0 0.013 0.468 0.089 0.781 0.508 21.553 15 28.895 82.753 0 0
43646 9 5 4 0 0.013 0.468 0.089 0.781 0.508 51.199 11 55.377 142.273 0 0
43646 10 5 4 0 0.013 0.468 0.089 0.781 0.508 21.522 17 24.76 90.707 0 0
43646 1 5 4 0 0.031 0.21 0.041 0.907 0.841 0 9 0.08 9 1 1
43646 2 5 4 0 0.031 0.21 0.041 0.907 0.841 0 14 0.235 16.26 1 0
43646 3 5 4 0 0.031 0.21 0.041 0.907 0.841 0.498 9 3.111 29.9 0.927 0.007
43646 4 5 4 0 0.031 0.21 0.041 0.907 0.841 0.547 21 2.082 36.22 1 0
43646 5 5 4 0 0.031 0.21 0.041 0.907 0.841 0.248 17 1.549 30.253 1 0
43646 6 5 4 0 0.031 0.21 0.041 0.907 0.841 1.069 11 2.822 32.367 0.993 0
43646 7 5 4 0 0.031 0.21 0.041 0.907 0.841 0.597 12 1.732 32.74 1 0
43646 8 5 4 0 0.031 0.21 0.041 0.907 0.841 0.596 12 2.21 30.92 1 0
43646 9 5 4 0 0.031 0.21 0.041 0.907 0.841 0.448 14 1.973 32.52 1 0
43646 10 5 4 0 0.031 0.21 0.041 0.907 0.841 0.05 10 0.905 18.367 1 0
43646 1 5 4 0 0.111 0.094 0.079 0.906 0.68 0 7 0.145 7 1 1
43646 2 5 4 0 0.111 0.094 0.079 0.906 0.68 1.59 13 3.581 35.407 1 0
43646 3 5 4 0 0.111 0.094 0.079 0.906 0.68 0.647 17 1.82 31.353 1 0
43646 4 5 4 0 0.111 0.094 0.079 0.906 0.68 1.39 17 2.491 33.3 1 0
43646 5 5 4 0 0.111 0.094 0.079 0.906 0.68 0 8 0.142 12.62 1 0.08
43646 6 5 4 0 0.111 0.094 0.079 0.906 0.68 0.895 12 1.977 34.567 1 0
43646 7 5 4 0 0.111 0.094 0.079 0.906 0.68 1.293 10 2.571 28.64 1 0
43646 8 5 4 0 0.111 0.094 0.079 0.906 0.68 0.647 10 1.509 29.407 1 0
43646 1 5 9 1 0.02 0.112 0.165 0.844 0.386 0.697 7 1.601 21.267 1 0.053
43646 2 5 9 1 0.02 0.112 0.165 0.844 0.386 0.677 19 1.864 32.467 1 0
43646 3 5 9 1 0.02 0.112 0.165 0.844 0.386 0.646 17 1.991 32.053 1 0
43646 4 5 9 1 0.02 0.112 0.165 0.844 0.386 0.746 14 1.709 27.573 1 0
43646 5 5 9 1 0.02 0.112 0.165 0.844 0.386 0 8 0.087 8 1 1
43646 6 5 9 1 0.02 0.112 0.165 0.844 0.386 0.995 15 2.162 33.78 1 0
43646 7 5 9 1 0.02 0.112 0.165 0.844 0.386 3.118 7 5.25 37.893 0.453 0.033
43646 8 5 9 1 0.02 0.112 0.165 0.844 0.386 0 9 0.044 9 1 1
43646 9 5 9 1 0.02 0.112 0.165 0.844 0.386 0.597 11 1.387 25.287 1 0
43646 10 5 9 1 0.02 0.112 0.165 0.844 0.386 0.348 13 3.269 31.193 0.8 0
43646 1 5 9 1 0.105 0.069 0.377 0.76 0.09 33.62 36 38.185 102.393 0 0
43646 2 5 9 1 0.105 0.069 0.377 0.76 0.09 50.414 43 60.241 151.887 0 0
43646 3 5 9 1 0.105 0.069 0.377 0.76 0.09 40.863 32 44.026 129.687 0 0
43646 4 5 9 1 0.105 0.069 0.377 0.76 0.09 83.415 33 99.12 181.073 0 0
43646 5 5 9 1 0.105 0.069 0.377 0.76 0.09 28.554 50 33.514 122.62 0 0
43646 6 5 9 1 0.105 0.069 0.377 0.76 0.09 66.37 56 94.302 157.407 0 0
43646 7 5 9 1 0.105 0.069 0.377 0.76 0.09 48.567 93 52.308 182.687 0 0
43646 8 5 9 1 0.105 0.069 0.377 0.76 0.09 75.732 71 85.623 149.1 0 0
43646 9 5 9 1 0.105 0.069 0.377 0.76 0.09 132.866 82 144.677 150.553 0 0
43646 10 5 9 1 0.105 0.069 0.377 0.76 0.09 37.065 0 49.605 61.66 0 0.18
43646 1 5 9 1 0.05 0.447 0.449 0.996 0.818 236.593 1 245.98 35.953 0 0.74
43646 2 5 9 1 0.05 0.447 0.449 0.996 0.818 237.125 0 244.463 28.52 0 0.707
43646 3 5 9 1 0.05 0.447 0.449 0.996 0.818 226.374 3 243.173 29.107 0 0.713
43646 4 5 9 1 0.05 0.447 0.449 0.996 0.818 229.184 3 243.252 35.873 0 0.713
43646 5 5 9 1 0.05 0.447 0.449 0.996 0.818 230.487 0 243.014 33.627 0 0.76
43646 6 5 9 1 0.05 0.447 0.449 0.996 0.818 233.717 2 243.238 34.167 0 0.693
43646 7 5 9 1 0.05 0.447 0.449 0.996 0.818 233.843 4 242.981 27.84 0 0.74
43646 8 5 9 1 0.05 0.447 0.449 0.996 0.818 229.391 2 244.88 30.647 0 0.68
43646 9 5 9 1 0.05 0.447 0.449 0.996 0.818 230.728 1 243.663 30.773 0 0.74
43646 10 5 9 1 0.05 0.447 0.449 0.996 0.818 236.538 4 244.169 35.167 0 0.64
43646 1 5 9 1 0.107 0.315 0.111 0.86 0.615 12.143 11 18.944 60.053 0 0
43646 2 5 9 1 0.107 0.315 0.111 0.86 0.615 7.361 8 11.185 40.013 0 0.027
43646 3 5 9 1 0.107 0.315 0.111 0.86 0.615 7.167 16 11.709 44.813 0 0
43646 4 5 9 1 0.107 0.315 0.111 0.86 0.615 3.131 19 8.598 51.713 0.133 0
43646 5 5 9 1 0.107 0.315 0.111 0.86 0.615 0.05 7 0.06 7 1 1
43646 6 5 9 1 0.107 0.315 0.111 0.86 0.615 1.838 22 3.554 41.807 0.893 0
43646 7 5 9 1 0.107 0.315 0.111 0.86 0.615 0 7 0.012 7 1 1
43646 8 5 9 1 0.107 0.315 0.111 0.86 0.615 1.478 16 3.215 41.153 1 0
43646 9 5 9 1 0.107 0.315 0.111 0.86 0.615 5.042 14 8.626 46.927 0 0
43646 10 5 9 1 0.107 0.315 0.111 0.86 0.615 0.398 6 1.553 19.467 1 0.107
43646 1 5 9 1 0.107 0.208 0.285 0.983 0.519 0.05 5 1.069 18.107 1 0.173
43646 2 5 9 1 0.107 0.208 0.285 0.983 0.519 192.894 2 213.882 36.093 0 0.547
43646 3 5 9 1 0.107 0.208 0.285 0.983 0.519 199.27 2 214.533 33.753 0 0.507
43646 4 5 9 1 0.107 0.208 0.285 0.983 0.519 210.259 3 228.624 40.907 0 0.567
43646 5 5 9 1 0.107 0.208 0.285 0.983 0.519 1.996 7 6.388 24.273 0.46 0.047
43646 6 5 9 1 0.107 0.208 0.285 0.983 0.519 1.044 11 4.32 25.653 0.68 0
43646 7 5 9 1 0.107 0.208 0.285 0.983 0.519 0 6 0 6 1 1
43646 8 5 9 1 0.107 0.208 0.285 0.983 0.519 0.149 10 0.97 17.887 1 0
43646 9 5 9 1 0.107 0.208 0.285 0.983 0.519 33.154 5 39.713 27.133 0 0.307
43646 10 5 9 1 0.107 0.208 0.285 0.983 0.519 0.348 12 1.256 24.547 1 0
43646 1 5 9 1 0.024 0.446 0.267 0.883 0.11 243.157 1074 247.36 1342.16 0 0
43646 2 5 9 1 0.024 0.446 0.267 0.883 0.11 243.485 1064 247.886 1410.62 0 0
43646 3 5 9 1 0.024 0.446 0.267 0.883 0.11 245.323 1241 248.038 1499.727 0 0
43646 4 5 9 1 0.024 0.446 0.267 0.883 0.11 243.953 1013 247.629 1309.907 0 0
43646 5 5 9 1 0.024 0.446 0.267 0.883 0.11 244.81 1079 247.846 1381.687 0 0
43646 6 5 9 1 0.024 0.446 0.267 0.883 0.11 244.75 1189 247.967 1484.147 0 0
43646 7 5 9 1 0.024 0.446 0.267 0.883 0.11 242.878 922 246.968 1242.767 0 0
43646 8 5 9 1 0.024 0.446 0.267 0.883 0.11 242.883 1004 247.283 1274.38 0 0
43646 9 5 9 1 0.024 0.446 0.267 0.883 0.11 245.227 1185 248.028 1437.58 0 0
43646 10 5 9 1 0.024 0.446 0.267 0.883 0.11 242.434 1002 247.521 1350.273 0 0
43646 1 5 9 1 0.007 0.028 0.356 0.793 0.648 233.311 2 243.351 34.06 0 0.713
43646 2 5 9 1 0.007 0.028 0.356 0.793 0.648 230.791 1 242.535 28.66 0 0.707
43646 3 5 9 1 0.007 0.028 0.356 0.793 0.648 234.502 3 244.437 34.26 0 0.727
43646 4 5 9 1 0.007 0.028 0.356 0.793 0.648 234.148 3 243.879 31.207 0 0.727
43646 5 5 9 1 0.007 0.028 0.356 0.793 0.648 233.802 0 244.191 32.187 0 0.72
43646 6 5 9 1 0.007 0.028 0.356 0.793 0.648 230.456 3 244.691 31.98 0 0.76
43646 7 5 9 1 0.007 0.028 0.356 0.793 0.648 224.68 4 241.256 31.593 0 0.693
43646 8 5 9 1 0.007 0.028 0.356 0.793 0.648 231.659 2 244.656 31.38 0 0.773
43646 9 5 9 1 0.007 0.028 0.356 0.793 0.648 229.79 2 243.457 33.06 0 0.707
43646 10 5 9 1 0.007 0.028 0.356 0.793 0.648 230.168 1 244.58 28.487 0 0.74
43646 1 5 9 1 0.003 0.302 0.406 0.904 0.626 235.151 1 245.467 31.847 0 0.7
43646 1 5 4 1 0.052 0.322 0.469 0.845 0.073 240.053 729 244.283 912.907 0 0
43646 2 5 4 1 0.052 0.322 0.469 0.845 0.073 240.34 734 244.457 887.107 0 0
43646 3 5 4 1 0.052 0.322 0.469 0.845 0.073 242.031 729 245.181 919.747 0 0
43646 4 5 4 1 0.052 0.322 0.469 0.845 0.073 236.88 683 242.903 841.64 0 0
43646 5 5 4 1 0.052 0.322 0.469 0.845 0.073 234.169 706 239.645 896.867 0 0
43646 6 5 4 1 0.052 0.322 0.469 0.845 0.073 238.196 670 243.846 864.34 0 0
43646 7 5 4 1 0.052 0.322 0.469 0.845 0.073 240.406 738 244.936 929.18 0 0
43646 8 5 4 1 0.052 0.322 0.469 0.845 0.073 236.7 621 244.785 930.267 0 0
43646 9 5 4 1 0.052 0.322 0.469 0.845 0.073 240.328 749 245.838 893.72 0 0
43646 10 5 4 1 0.052 0.322 0.469 0.845 0.073 235.304 728 242.771 928.453 0 0
43646 1 5 4 1 0.089 0.123 0.181 0.854 0.614 0.697 13 2.704 32.533 1 0
43646 2 5 4 1 0.089 0.123 0.181 0.854 0.614 0 10 0.027 10 1 0
43646 3 5 4 1 0.089 0.123 0.181 0.854 0.614 0.697 15 2.258 30.813 1 0
43646 4 5 4 1 0.089 0.123 0.181 0.854 0.614 0.149 16 1.899 32.087 1 0
43646 5 5 4 1 0.089 0.123 0.181 0.854 0.614 1.044 11 1.999 31.26 1 0
43646 6 5 4 1 0.089 0.123 0.181 0.854 0.614 1.144 14 2.851 33.907 1 0
43646 7 5 4 1 0.089 0.123 0.181 0.854 0.614 1.691 10 3.269 27.927 1 0
43646 8 5 4 1 0.089 0.123 0.181 0.854 0.614 1.393 11 2.256 31.16 1 0
43646 9 5 4 1 0.089 0.123 0.181 0.854 0.614 1.887 10 3.137 30.627 0.993 0
43646 10 5 4 1 0.089 0.123 0.181 0.854 0.614 0.398 12 2.291 28.567 1 0
43646 1 5 4 1 0.087 0.278 0.447 0.769 0.242 51.281 83 54.024 167.087 0 0
43646 2 5 4 1 0.087 0.278 0.447 0.769 0.242 43.106 71 45.179 146.527 0 0
43646 3 5 4 1 0.087 0.278 0.447 0.769 0.242 23.338 55 27.754 93.333 0 0
43646 4 5 4 1 0.087 0.278 0.447 0.769 0.242 28.349 50 32.11 91.7 0 0
43646 5 5 4 1 0.087 0.278 0.447 0.769 0.242 0.05 13 0.212 13 1 0
43646 6 5 4 1 0.087 0.278 0.447 0.769 0.242 52.85 106 57.686 165.42 0 0
43646 7 5 4 1 0.087 0.278 0.447 0.769 0.242 58.233 92 61.68 198.987 0 0
43646 8 5 4 1 0.087 0.278 0.447 0.769 0.242 52.392 87 55.153 156.08 0 0
43646 9 5 4 1 0.087 0.278 0.447 0.769 0.242 45.645 68 50.234 157.6 0 0
43646 10 5 4 1 0.087 0.278 0.447 0.769 0.242 45.885 68 50.121 135.933 0 0
43646 1 5 4 1 0.041 0.111 0.285 0.903 0.482 1.043 12 2.267 32.807 1 0
43646 2 5 4 1 0.041 0.111 0.285 0.903 0.482 1.194 15 2.273 31.407 1 0
43646 3 5 4 1 0.041 0.111 0.285 0.903 0.482 0.647 6 2.695 25.24 1 0.073
43646 4 5 4 1 0.041 0.111 0.285 0.903 0.482 1.143 15 1.762 26.427 1 0
43646 5 5 4 1 0.041 0.111 0.285 0.903 0.482 0.199 14 0.92 26.1 1 0
43646 6 5 4 1 0.041 0.111 0.285 0.903 0.482 0.05 14 0.317 17.5 1 0
43646 7 5 4 1 0.041 0.111 0.285 0.903 0.482 0.688 15 1.524 31.1 1 0
43646 8 5 4 1 0.041 0.111 0.285 0.903 0.482 1.591 12 3.013 34.513 0.993 0
43646 9 5 4 1 0.041 0.111 0.285 0.903 0.482 0.448 12 2.259 31.133 0.947 0
43646 10 5 4 1 0.041 0.111 0.285 0.903 0.482 0 7 0.111 7 1 1
43646 1 5 4 1 0.087 0.044 0.104 0.996 0.181 87.394 206 92.726 290.387 0 0
43646 2 5 4 1 0.087 0.044 0.104 0.996 0.181 89.713 187 92.45 295.187 0 0
43646 3 5 4 1 0.087 0.044 0.104 0.996 0.181 70.47 133 73.716 240 0 0
43646 4 5 4 1 0.087 0.044 0.104 0.996 0.181 63.856 128 69.755 192.227 0 0
43646 5 5 4 1 0.087 0.044 0.104 0.996 0.181 72.737 113 76.742 214.887 0 0
43646 6 5 4 1 0.087 0.044 0.104 0.996 0.181 74.298 139 78.573 229.607 0 0
43646 7 5 4 1 0.087 0.044 0.104 0.996 0.181 77.661 125 81.343 224.627 0 0
43646 8 5 4 1 0.087 0.044 0.104 0.996 0.181 67.188 107 71.894 181.227 0 0
43646 9 5 4 1 0.087 0.044 0.104 0.996 0.181 64.984 78 71.564 212.72 0 0
43646 10 5 4 1 0.087 0.044 0.104 0.996 0.181 55.952 115 64.652 186.953 0 0
43646 1 5 4 1 0.082 0.334 0.067 0.804 0.567 34.148 47 38.5 93.293 0 0
43646 2 5 4 1 0.082 0.334 0.067 0.804 0.567 18.464 28 21.046 63.633 0 0
43646 3 5 4 1 0.082 0.334 0.067 0.804 0.567 19.08 31 22.183 69.52 0 0
43646 4 5 4 1 0.082 0.334 0.067 0.804 0.567 33.471 34 39.355 120.02 0 0
43646 5 5 4 1 0.082 0.334 0.067 0.804 0.567 28.159 44 32.994 99.867 0 0
43646 6 5 4 1 0.082 0.334 0.067 0.804 0.567 17.554 24 20.792 76.887 0 0
43646 7 5 4 1 0.082 0.334 0.067 0.804 0.567 36.352 48 39.489 102.993 0 0
43646 8 5 4 1 0.082 0.334 0.067 0.804 0.567 36.492 33 40.004 111 0 0
43646 9 5 4 1 0.082 0.334 0.067 0.804 0.567 34.868 50 40.109 106.02 0 0
43646 10 5 4 1 0.082 0.334 0.067 0.804 0.567 35.798 52 40.498 105.247 0 0
43646 1 5 4 1 0.073 0.452 0.493 0.754 0.82 0.995 16 2.218 34.087 1 0
43646 2 5 4 1 0.073 0.452 0.493 0.754 0.82 0.249 19 2.01 36.967 1 0
43646 3 5 4 1 0.073 0.452 0.493 0.754 0.82 1.292 13 3.562 31.7 0.753 0
43646 4 5 4 1 0.073 0.452 0.493 0.754 0.82 0 13 0.065 13 1 0
43646 5 5 4 1 0.073 0.452 0.493 0.754 0.82 1.392 17 3.029 33.98 1 0
43646 6 5 4 1 0.073 0.452 0.493 0.754 0.82 0.448 10 1.961 26.313 1 0
43646 1 5 6 0 0.042 0.395 0.089 0.81 0.412 227.145 5 239.544 812.773 0 0.033
43646 2 5 6 0 0.042 0.395 0.089 0.81 0.412 230.826 4 240.707 965.567 0 0.04
43646 3 5 6 0 0.042 0.395 0.089 0.81 0.412 230.443 37 240.044 876.193 0 0
43646 4 5 6 0 0.042 0.395 0.089 0.81 0.412 228.065 6 239.808 920.507 0 0.027
43646 5 5 6 0 0.042 0.395 0.089 0.81 0.412 230.091 3 240.319 926.62 0 0.04
43646 6 5 6 0 0.042 0.395 0.089 0.81 0.412 224.821 6 239.362 888.693 0 0.04
43646 7 5 6 0 0.042 0.395 0.089 0.81 0.412 231.234 4 241.884 836.987 0 0.007
43646 8 5 6 0 0.042 0.395 0.089 0.81 0.412 230 3 239.197 783.067 0 0.007
43646 9 5 6 0 0.042 0.395 0.089 0.81 0.412 232.413 53 241.486 980.96 0 0
43646 10 5 6 0 0.042 0.395 0.089 0.81 0.412 232.036 29 242.604 936.233 0 0
43646 1 5 6 0 0.049 0.153 0.178 0.816 0.06 242.603 1213 248.497 2168.387 0 0
43646 2 5 6 0 0.049 0.153 0.178 0.816 0.06 244.687 1261 248.821 2142.98 0 0
43646 3 5 6 0 0.049 0.153 0.178 0.816 0.06 244.432 1217 248.384 2069.473 0 0
43646 4 5 6 0 0.049 0.153 0.178 0.816 0.06 246.568 1610 249.054 2266.953 0 0
43646 5 5 6 0 0.049 0.153 0.178 0.816 0.06 244.298 1203 248.566 2175.747 0 0
43646 6 5 6 0 0.049 0.153 0.178 0.816 0.06 244.443 1176 248.703 2208.093 0 0
43646 7 5 6 0 0.049 0.153 0.178 0.816 0.06 241.67 1227 247.83 2144.7 0 0
43646 8 5 6 0 0.049 0.153 0.178 0.816 0.06 245.623 1303 248.924 2307.96 0 0
43646 9 5 6 0 0.049 0.153 0.178 0.816 0.06 244.895 1664 248.746 2417.813 0 0
43646 10 5 6 0 0.049 0.153 0.178 0.816 0.06 241.341 949 248.005 1965.567 0 0
43646 1 5 6 0 0.034 0.052 0.374 0.791 0.247 0.547 9 1.619 24 1 0.027
43646 2 5 6 0 0.034 0.052 0.374 0.791 0.247 0 10 0.074 10 1 0
43646 3 5 6 0 0.034 0.052 0.374 0.791 0.247 0 9 0.424 13.227 1 0.273
43646 4 5 6 0 0.034 0.052 0.374 0.791 0.247 0 12 0.085 12 1 0
43646 5 5 6 0 0.034 0.052 0.374 0.791 0.247 0.05 10 0.306 13.207 1 0
43646 6 5 6 0 0.034 0.052 0.374 0.791 0.247 0 12 0.137 12 1 0
43646 7 5 6 0 0.034 0.052 0.374 0.791 0.247 1.094 14 2.331 32.587 0.98 0
43646 8 5 6 0 0.034 0.052 0.374 0.791 0.247 0 6 0.164 6 1 1
43646 9 5 6 0 0.034 0.052 0.374 0.791 0.247 0 8 0.267 9.7 1 0.86
43646 10 5 6 0 0.034 0.052 0.374 0.791 0.247 0.05 14 2.074 27.987 1 0
43646 1 5 6 0 0.028 0.267 0.321 0.944 0.089 229.725 101 238.745 881.487 0 0
43646 2 5 6 0 0.028 0.267 0.321 0.944 0.089 221.235 44 238.808 885.727 0 0
43646 3 5 6 0 0.028 0.267 0.321 0.944 0.089 179.906 121 195.31 730.687 0 0
43646 4 5 6 0 0.028 0.267 0.321 0.944 0.089 230.923 8 239.77 892.267 0 0.013
43646 5 5 6 0 0.028 0.267 0.321 0.944 0.089 222.089 11 235.302 893.44 0 0
43646 6 5 6 0 0.028 0.267 0.321 0.944 0.089 226.867 193 238.51 886.367 0 0
43646 7 5 6 0 0.028 0.267 0.321 0.944 0.089 231.44 5 242.084 976.747 0 0.02
43646 8 5 6 0 0.028 0.267 0.321 0.944 0.089 150.066 67 156.752 552.2 0 0
43646 9 5 6 0 0.028 0.267 0.321 0.944 0.089 230.689 87 240.151 968.6 0 0
43646 10 5 6 0 0.028 0.267 0.321 0.944 0.089 227.078 76 237.965 830.767 0 0
43646 1 5 6 0 0.118 0.341 0.016 0.953 0.342 247.713 2637 249.598 3188 0 0
43646 2 5 6 0 0.118 0.341 0.016 0.953 0.342 247.062 1969 249.454 3117.5 0 0
43646 3 5 6 0 0.118 0.341 0.016 0.953 0.342 245.625 2502 249.219 3348.433 0 0
43646 4 5 6 0 0.118 0.341 0.016 0.953 0.342 244.514 2127 249.197 2987.96 0 0
43646 5 5 6 0 0.118 0.341 0.016 0.953 0.342 248.118 2753 249.507 3173.273 0 0
43646 6 5 6 0 0.118 0.341 0.016 0.953 0.342 247.776 3327 249.643 3931.4 0 0
43646 7 5 6 0 0.118 0.341 0.016 0.953 0.342 247.1 2700 249.61 3470.233 0 0
43646 8 5 6 0 0.118 0.341 0.016 0.953 0.342 248.606 3183 249.711 3846.073 0 0
43646 9 5 6 0 0.118 0.341 0.016 0.953 0.342 248.317 3177 249.626 3680.94 0 0
43646 10 5 6 0 0.118 0.341 0.016 0.953 0.342 247.14 2619 249.515 3442.88 0 0
43646 1 5 6 0 0.028 0.327 0.071 0.834 0.553 20.095 13 31.972 96.807 0 0
43646 2 5 6 0 0.028 0.327 0.071 0.834 0.553 35.23 16 38.779 96.56 0 0
43646 3 5 6 0 0.028 0.327 0.071 0.834 0.553 19.812 17 21.86 70.233 0 0
43646 4 5 6 0 0.028 0.327 0.071 0.834 0.553 13.43 7 17.611 58.347 0 0.047
43646 5 5 6 0 0.028 0.327 0.071 0.834 0.553 10.72 12 16.813 52.393 0 0
43646 6 5 6 0 0.028 0.327 0.071 0.834 0.553 36.764 6 41.673 80.26 0 0.113
43646 7 5 6 0 0.028 0.327 0.071 0.834 0.553 31.924 9 39.841 86.78 0 0.013
43646 8 5 6 0 0.028 0.327 0.071 0.834 0.553 18.906 13 21.482 65.013 0 0
43646 9 5 6 0 0.028 0.327 0.071 0.834 0.553 36.845 11 41.641 86.027 0 0
43646 10 5 6 0 0.028 0.327 0.071 0.834 0.553 2.93 25 10.99 79.987 0.153 0
43646 1 5 6 0 0.104 0.387 0.306 0.951 0.288 42.426 8 45.714 151.3 0 0.053
43646 2 5 6 0 0.104 0.387 0.306 0.951 0.288 14.269 21 27.47 155.987 0 0
43646 3 5 6 0 0.104 0.387 0.306 0.951 0.288 33.707 8 38.695 127.213 0 0.04
43646 4 5 6 0 0.104 0.387 0.306 0.951 0.288 27.783 20 33.403 124.987 0 0
43646 5 5 6 0 0.104 0.387 0.306 0.951 0.288 78.385 4 82.415 234.933 0 0.06
43646 6 5 6 0 0.104 0.387 0.306 0.951 0.288 85.178 8 95.339 195.613 0 0.047
43646 7 5 6 0 0.104 0.387 0.306 0.951 0.288 45.536 3 50.923 109.527 0 0.26
43646 8 5 6 0 0.104 0.387 0.306 0.951 0.288 63.44 11 68.355 238.547 0 0
43646 9 5 6 0 0.104 0.387 0.306 0.951 0.288 33.86 10 41.033 145.953 0 0
43646 10 5 6 0 0.104 0.387 0.306 0.951 0.288 31.955 13 34.831 139.873 0 0
43646 1 5 6 0 0.011 0.465 0.414 0.83 0.375 0 10 0.129 10 1 0
43646 1 5 9 0 0.09 0.43 0.233 0.909 0.568 219.778 0 235.799 55.033 0 0.48
43646 2 5 9 0 0.09 0.43 0.233 0.909 0.568 219.475 5 236.301 67.853 0 0.34
43646 3 5 9 0 0.09 0.43 0.233 0.909 0.568 221.398 4 238.216 68.847 0 0.48
43646 4 5 9 0 0.09 0.43 0.233 0.909 0.568 217.426 2 236.15 66.273 0 0.467
43646 5 5 9 0 0.09 0.43 0.233 0.909 0.568 220.713 4 238.5 67.727 0 0.607
43646 6 5 9 0 0.09 0.43 0.233 0.909 0.568 222.754 3 236.442 62.08 0 0.393
43646 7 5 9 0 0.09 0.43 0.233 0.909 0.568 0 9 0.199 10.053 1 0.7
43646 8 5 9 0 0.09 0.43 0.233 0.909 0.568 224.208 5 240.866 75.813 0 0.513
43646 9 5 9 0 0.09 0.43 0.233 0.909 0.568 229.37 6 239.421 76.26 0 0.373
43646 10 5 9 0 0.09 0.43 0.233 0.909 0.568 222.493 2 237.679 65.253 0 0.48
43646 1 5 9 0 0.117 0.245 0.068 0.998 0.699 204.976 6 228.558 59.593 0 0.327
43646 2 5 9 0 0.117 0.245 0.068 0.998 0.699 218.529 2 233.082 59.193 0 0.547
43646 3 5 9 0 0.117 0.245 0.068 0.998 0.699 221.859 4 234.839 56.78 0 0.38
43646 4 5 9 0 0.117 0.245 0.068 0.998 0.699 219.644 3 239.039 51.167 0 0.6
43646 5 5 9 0 0.117 0.245 0.068 0.998 0.699 231.376 4 241.576 61.267 0 0.52
43646 6 5 9 0 0.117 0.245 0.068 0.998 0.699 223.607 3 241.549 62.22 0 0.633
43646 7 5 9 0 0.117 0.245 0.068 0.998 0.699 219.611 4 232.178 60.307 0 0.44
43646 8 5 9 0 0.117 0.245 0.068 0.998 0.699 216.255 4 239.942 56.98 0 0.487
43646 9 5 9 0 0.117 0.245 0.068 0.998 0.699 224.179 4 235.783 56.3 0 0.487
43646 10 5 9 0 0.117 0.245 0.068 0.998 0.699 0.05 7 0.173 7 1 1
43646 1 5 9 0 0.006 0.442 0.115 0.998 0.105 230.281 243 242.899 1347.087 0 0
43646 2 5 9 0 0.006 0.442 0.115 0.998 0.105 237.417 104 244.899 1360.14 0 0
43646 3 5 9 0 0.006 0.442 0.115 0.998 0.105 232.989 607 244.071 1387.773 0 0
43646 4 5 9 0 0.006 0.442 0.115 0.998 0.105 236.892 269 244.056 1318.167 0 0
43646 5 5 9 0 0.006 0.442 0.115 0.998 0.105 231.297 78 243.49 1146.54 0 0
43646 6 5 9 0 0.006 0.442 0.115 0.998 0.105 235.416 70 244.957 1468.433 0 0
43646 7 5 9 0 0.006 0.442 0.115 0.998 0.105 231.021 444 242.404 1276.44 0 0
43646 8 5 9 0 0.006 0.442 0.115 0.998 0.105 234.045 121 243.649 1306.533 0 0
43646 9 5 9 0 0.006 0.442 0.115 0.998 0.105 234.769 237 243.972 1327.447 0 0
43646 10 5 9 0 0.006 0.442 0.115 0.998 0.105 234.178 268 244.314 1462.42 0 0
43646 1 5 9 0 0.082 0.437 0.132 0.822 0.221 241.772 959 248.748 2551.14 0 0
43646 2 5 9 0 0.082 0.437 0.132 0.822 0.221 242.674 1101 247.659 1970.84 0 0
43646 3 5 9 0 0.082 0.437 0.132 0.822 0.221 237.321 780 248.005 2246.573 0 0
43646 4 5 9 0 0.082 0.437 0.132 0.822 0.221 242.477 780 247.735 2375.333 0 0
43646 5 5 9 0 0.082 0.437 0.132 0.822 0.221 242.064 1302 247.822 2103.3 0 0
43646 6 5 9 0 0.082 0.437 0.132 0.822 0.221 244.388 1176 248.138 2109.52 0 0
43646 7 5 9 0 0.082 0.437 0.132 0.822 0.221 238.963 601 247.704 2003.28 0 0
43646 8 5 9 0 0.082 0.437 0.132 0.822 0.221 241.304 742 246.773 1762.12 0 0
43646 9 5 9 0 0.082 0.437 0.132 0.822 0.221 240.783 580 247.752 2037.92 0 0
43646 10 5 9 0 0.082 0.437 0.132 0.822 0.221 238.348 522 247.445 2062.46 0 0
43646 1 5 9 0 0.03 0.382 0.299 0.957 0.732 235.616 2 245.023 29.92 0 0.733
43646 2 5 9 0 0.03 0.382 0.299 0.957 0.732 232.683 0 244.061 29.393 0 0.733
43646 3 5 9 0 0.03 0.382 0.299 0.957 0.732 229.47 2 243.418 34.867 0 0.7
43646 4 5 9 0 0.03 0.382 0.299 0.957 0.732 233.399 2 244.41 35.967 0 0.693
43646 5 5 9 0 0.03 0.382 0.299 0.957 0.732 227.474 2 243.067 39.08 0 0.687
43646 6 5 9 0 0.03 0.382 0.299 0.957 0.732 226.873 2 242.433 30.453 0 0.747
43646 7 5 9 0 0.03 0.382 0.299 0.957 0.732 232.899 1 245.32 32.453 0 0.76
43646 8 5 9 0 0.03 0.382 0.299 0.957 0.732 229.618 1 243.445 30.02 0 0.733
43646 9 5 9 0 0.03 0.382 0.299 0.957 0.732 230.793 0 244.374 28.413 0 0.693
43646 10 5 9 0 0.03 0.382 0.299 0.957 0.732 233.941 0 244.59 29.64 0 0.767
43646 1 5 9 0 0.062 0.064 0.24 0.847 0.149 216.593 6 228.886 114.647 0 0.333
43646 2 5 9 0 0.062 0.064 0.24 0.847 0.149 216.886 4 236.602 118.34 0 0.48
43646 3 5 9 0 0.062 0.064 0.24 0.847 0.149 216.952 3 231.107 108.347 0 0.467
43646 4 5 9 0 0.062 0.064 0.24 0.847 0.149 216.269 6 232.363 124.9 0 0.34
43646 5 5 9 0 0.062 0.064 0.24 0.847 0.149 214.705 3 231.421 103.913 0 0.393
43646 6 5 9 0 0.062 0.064 0.24 0.847 0.149 218.915 0 231.391 101.073 0 0.447
43646 7 5 9 0 0.062 0.064 0.24 0.847 0.149 223.108 3 234.648 109.74 0 0.453
43646 8 5 9 0 0.062 0.064 0.24 0.847 0.149 214.168 5 228.473 99.92 0 0.367
43646 9 5 9 0 0.062 0.064 0.24 0.847 0.149 217.144 4 235.025 112.013 0 0.52
43646 10 5 9 0 0.062 0.064 0.24 0.847 0.149 18.536 6 29.825 57.32 0 0.213
43646 1 5 9 0 0.047 0.471 0.134 0.755 0.477 28.535 8 38.191 80.953 0 0.06
43646 2 5 9 0 0.047 0.471 0.134 0.755 0.477 215.732 6 230.872 163.367 0 0.127
43646 3 5 9 0 0.047 0.471 0.134 0.755 0.477 216.519 5 233.557 191.02 0 0.233
43646 4 5 9 0 0.047 0.471 0.134 0.755 0.477 63.245 3 75.96 103.293 0 0.153
43646 5 5 9 0 0.047 0.471 0.134 0.755 0.477 211.102 8 220.857 183.327 0 0.053
43646 6 5 9 0 0.047 0.471 0.134 0.755 0.477 214.913 2 238.311 144.96 0 0.333
43646 7 5 9 0 0.047 0.471 0.134 0.755 0.477 210.783 6 222.918 171.36 0 0.1
43646 8 5 9 0 0.047 0.471 0.134 0.755 0.477 48.395 8 59.623 135.56 0 0.027
43646 9 5 9 0 0.047 0.471 0.134 0.755 0.477 224.247 3 236.761 156.993 0 0.213
43646 10 5 9 0 0.047 0.471 0.134 0.755 0.477 223.503 2 234.926 157.687 0 0.187
43646 1 5 9 0 0.087 0.439 0.116 0.926 0.764 231.34 0 241.526 38.347 0 0.62
43646 2 5 9 0 0.087 0.439 0.116 0.926 0.764 225.176 3 239.541 43.12 0 0.54
43646 3 5 9 0 0.087 0.439 0.116 0.926 0.764 222.429 2 238.957 41.38 0 0.52
43646 4 5 9 0 0.087 0.439 0.116 0.926 0.764 216.344 0 237.147 35.187 0 0.62
43646 5 5 9 0 0.087 0.439 0.116 0.926 0.764 221.671 2 234.134 39.44 0 0.54
43646 6 5 9 0 0.087 0.439 0.116 0.926 0.764 230.178 5 241.171 42.467 0 0.507
43646 7 5 9 0 0.087 0.439 0.116 0.926 0.764 225.928 4 238.417 52.947 0 0.46
43646 1 5 9 1 0.031 0.45 0.294 0.753 0.396 2.011 14 5.937 43.013 0.4 0
43646 2 5 9 1 0.031 0.45 0.294 0.753 0.396 20.667 30 23.795 95 0 0
43646 3 5 9 1 0.031 0.45 0.294 0.753 0.396 57.43 38 67.601 106.78 0 0
43646 4 5 9 1 0.031 0.45 0.294 0.753 0.396 0.05 15 0.156 15 1 0
43646 5 5 9 1 0.031 0.45 0.294 0.753 0.396 19.12 12 24.203 72.833 0 0
43646 6 5 9 1 0.031 0.45 0.294 0.753 0.396 0 3 0.075 3 1 1
43646 7 5 9 1 0.031 0.45 0.294 0.753 0.396 18.49 26 20.99 77.093 0 0
43646 8 5 9 1 0.031 0.45 0.294 0.753 0.396 39.331 11 46.304 117.907 0 0
43646 9 5 9 1 0.031 0.45 0.294 0.753 0.396 20.753 27 23.366 83.047 0 0
43646 10 5 9 1 0.031 0.45 0.294 0.753 0.396 16.145 15 20.537 69.933 0 0
43646 1 5 9 1 0.065 0.188 0.197 0.848 0.209 203.781 709 210.033 1000.34 0 0
43646 2 5 9 1 0.065 0.188 0.197 0.848 0.209 204.607 681 210.883 1048.553 0 0
43646 3 5 9 1 0.065 0.188 0.197 0.848 0.209 174.174 440 180.333 695.607 0 0
43646 4 5 9 1 0.065 0.188 0.197 0.848 0.209 195.491 676 199.084 978.573 0 0
43646 5 5 9 1 0.065 0.188 0.197 0.848 0.209 153.383 390 158.506 574.727 0 0
43646 6 5 9 1 0.065 0.188 0.197 0.848 0.209 203.455 721 207.737 1011.22 0 0
43646 7 5 9 1 0.065 0.188 0.197 0.848 0.209 169.585 530 175.945 697.56 0 0
43646 8 5 9 1 0.065 0.188 0.197 0.848 0.209 202.894 659 208.283 917.14 0 0
43646 9 5 9 1 0.065 0.188 0.197 0.848 0.209 173.815 484 181.97 707.507 0 0
43646 10 5 9 1 0.065 0.188 0.197 0.848 0.209 194.867 579 198.35 800.327 0 0
43646 1 5 9 1 0.008 0.057 0.007 0.992 0.779 1.342 11 2.789 31.78 1 0
43646 2 5 9 1 0.008 0.057 0.007 0.992 0.779 0.398 11 1.776 27.1 1 0
43646 3 5 9 1 0.008 0.057 0.007 0.992 0.779 0.298 8 0.819 16.673 1 0.147
43646 4 5 9 1 0.008 0.057 0.007 0.992 0.779 1.471 15 3.16 34.653 0.947 0
43646 5 5 9 1 0.008 0.057 0.007 0.992 0.779 1.641 16 2.858 35.333 0.987 0
43646 6 5 9 1 0.008 0.057 0.007 0.992 0.779 1.391 9 4.138 30.94 0.7 0.007
43646 7 5 9 1 0.008 0.057 0.007 0.992 0.779 0 4 0.02 4 1 1
43646 8 5 9 1 0.008 0.057 0.007 0.992 0.779 0 9 0.049 9 1 1
43646 9 5 9 1 0.008 0.057 0.007 0.992 0.779 0.944 5 2.677 26.707 0.993 0.013
43646 10 5 9 1 0.008 0.057 0.007 0.992 0.779 0.496 12 2.265 28.707 0.987 0
43646 1 5 9 1 0.117 0.475 0.426 0.79 0.781 230.284 1 241.603 32.947 0 0.707
43646 2 5 9 1 0.117 0.475 0.426 0.79 0.781 233.441 1 244.292 34.093 0 0.7
43646 3 5 9 1 0.117 0.475 0.426 0.79 0.781 230.105 3 243.124 32.247 0 0.68
43646 4 5 9 1 0.117 0.475 0.426 0.79 0.781 229.896 2 243.475 36.02 0 0.707
43646 5 5 9 1 0.117 0.475 0.426 0.79 0.781 228.647 6 240.064 33.42 0 0.58
43646 6 5 9 1 0.117 0.475 0.426 0.79 0.781 234.478 3 244.111 30.973 0 0.673
43646 7 5 9 1 0.117 0.475 0.426 0.79 0.781 224.14 2 243.088 36.687 0 0.707
43646 8 5 9 1 0.117 0.475 0.426 0.79 0.781 232.565 0 244.508 33.14 0 0.707
43646 9 5 9 1 0.117 0.475 0.426 0.79 0.781 236.121 2 246.012 34.287 0 0.68
43646 10 5 9 1 0.117 0.475 0.426 0.79 0.781 227.145 3 244.067 35.6 0 0.733
43646 1 5 9 1 0.001 0.024 0.485 0.944 0.57 234.281 0 243.671 31.413 0 0.727
43646 2 5 9 1 0.001 0.024 0.485 0.944 0.57 233.161 1 243.765 31.893 0 0.713
43646 3 5 9 1 0.001 0.024 0.485 0.944 0.57 228.692 2 240.933 26.987 0 0.7
43646 4 5 9 1 0.001 0.024 0.485 0.944 0.57 236.829 4 245.003 34.36 0 0.747
43646 5 5 9 1 0.001 0.024 0.485 0.944 0.57 229.601 2 241.776 29.293 0 0.733
43646 6 5 9 1 0.001 0.024 0.485 0.944 0.57 235.708 2 244.916 36.993 0 0.74
43646 7 5 9 1 0.001 0.024 0.485 0.944 0.57 230.954 2 244.466 31.96 0 0.733
43646 8 5 9 1 0.001 0.024 0.485 0.944 0.57 234.608 1 245.119 32.06 0 0.707
43646 9 5 9 1 0.001 0.024 0.485 0.944 0.57 233.006 3 246.246 33.853 0 0.713
43646 10 5 9 1 0.001 0.024 0.485 0.944 0.57 235.442 3 244.204 34.453 0 0.747
43646 1 5 9 1 0.03 0.147 0.168 0.835 0.288 66.766 78 87.99 200.68 0 0
43646 2 5 9 1 0.03 0.147 0.168 0.835 0.288 79.957 47 86.31 151.42 0 0
43646 3 5 9 1 0.03 0.147 0.168 0.835 0.288 54.567 29 67.861 118.56 0 0
43646 4 5 9 1 0.03 0.147 0.168 0.835 0.288 46.18 56 56.12 155.467 0 0
43646 5 5 9 1 0.03 0.147 0.168 0.835 0.288 57.19 55 65.07 178.487 0 0
43646 6 5 9 1 0.03 0.147 0.168 0.835 0.288 47.216 76 53.308 157.667 0 0
43646 7 5 9 1 0.03 0.147 0.168 0.835 0.288 67.294 36 81.753 101.56 0 0
43646 8 5 9 1 0.03 0.147 0.168 0.835 0.288 19.916 46 22.83 89.153 0 0
43646 9 5 9 1 0.03 0.147 0.168 0.835 0.288 59.283 106 63.024 211.027 0 0
43646 10 5 9 1 0.03 0.147 0.168 0.835 0.288 13.74 31 25.302 140.913 0 0
43646 1 5 9 1 0.033 0.253 0.078 0.836 0.407 195.098 646 200.045 909.06 0 0
43646 2 5 9 1 0.033 0.253 0.078 0.836 0.407 238.984 761 244.25 1114.687 0 0
43646 3 5 9 1 0.033 0.253 0.078 0.836 0.407 241.434 711 245.77 1054.233 0 0
43646 4 5 9 1 0.033 0.253 0.078 0.836 0.407 229.701 792 241.586 1096.927 0 0
43646 5 5 9 1 0.033 0.253 0.078 0.836 0.407 233.338 665 243.254 1023.707 0 0
43646 6 5 9 1 0.033 0.253 0.078 0.836 0.407 238.153 803 245.254 1152.053 0 0
43646 7 5 9 1 0.033 0.253 0.078 0.836 0.407 241.83 740 245.527 1116.267 0 0
43646 8 5 9 1 0.033 0.253 0.078 0.836 0.407 235.436 721 243.228 1054.4 0 0
43646 9 5 9 1 0.033 0.253 0.078 0.836 0.407 236.709 531 244.691 1035.02 0 0
43646 10 5 9 1 0.033 0.253 0.078 0.836 0.407 195.945 595 200.988 905.453 0 0
43646 1 5 9 1 0.103 0.364 0.107 0.922 0.824 0.646 14 1.629 26.613 1 0
43646 2 5 9 1 0.103 0.364 0.107 0.922 0.824 0.1 9 0.411 11.08 1 0.76
43646 3 5 9 1 0.103 0.364 0.107 0.922 0.824 0.348 10 0.901 18.567 1 0
43646 4 5 9 1 0.103 0.364 0.107 0.922 0.824 0 8 0.104 8 1 1
43646 1 5 7 1 0.111 0.043 0.281 0.833 0.708 0.348 10 1.385 24.427 1 0
43646 2 5 7 1 0.111 0.043 0.281 0.833 0.708 1.291 12 2.474 28.773 1 0
43646 3 5 7 1 0.111 0.043 0.281 0.833 0.708 0.1 10 1.068 18.587 1 0
43646 4 5 7 1 0.111 0.043 0.281 0.833 0.708 0 8 0.105 8.067 1 0.973
43646 5 5 7 1 0.111 0.043 0.281 0.833 0.708 0.1 8 0.993 18.107 1 0.233
43646 6 5 7 1 0.111 0.043 0.281 0.833 0.708 0.696 6 1.296 20.953 1 0.133
43646 7 5 7 1 0.111 0.043 0.281 0.833 0.708 0.199 16 0.737 21.453 1 0
43646 8 5 7 1 0.111 0.043 0.281 0.833 0.708 0 11 0.118 11 1 0
43646 9 5 7 1 0.111 0.043 0.281 0.833 0.708 0.498 6 1.138 19.94 1 0.113
43646 10 5 7 1 0.111 0.043 0.281 0.833 0.708 1.512 9 4.457 28.273 0.74 0.02
43646 1 5 7 1 0.118 0.34 0.129 0.911 0.191 243.212 1510 248.606 1874.227 0 0
43646 2 5 7 1 0.118 0.34 0.129 0.911 0.191 245.616 1520 248.446 1796.38 0 0
43646 3 5 7 1 0.118 0.34 0.129 0.911 0.191 245.132 1476 248.791 1826.893 0 0
43646 4 5 7 1 0.118 0.34 0.129 0.911 0.191 245.657 1618 248.493 1920.78 0 0
43646 5 5 7 1 0.118 0.34 0.129 0.911 0.191 245.44 1488 248.417 1815.593 0 0
43646 6 5 7 1 0.118 0.34 0.129 0.911 0.191 246.179 1501 248.845 1899.653 0 0
43646 7 5 7 1 0.118 0.34 0.129 0.911 0.191 244.624 1454 248.211 1680.333 0 0
43646 8 5 7 1 0.118 0.34 0.129 0.911 0.191 246.067 1652 248.778 1927.167 0 0
43646 9 5 7 1 0.118 0.34 0.129 0.911 0.191 246.653 1849 248.82 2123.753 0 0
43646 10 5 7 1 0.118 0.34 0.129 0.911 0.191 246.7 1652 248.713 1981.927 0 0
43646 1 5 7 1 0.05 0.216 0.043 0.936 0.976 0.299 12 1.282 24.447 1 0
43646 2 5 7 1 0.05 0.216 0.043 0.936 0.976 0.796 9 1.626 21.487 1 0.007
43646 3 5 7 1 0.05 0.216 0.043 0.936 0.976 0.547 8 1.73 21.853 1 0.04
43646 4 5 7 1 0.05 0.216 0.043 0.936 0.976 0.448 12 2.074 29.013 1 0
43646 5 5 7 1 0.05 0.216 0.043 0.936 0.976 0 9 0.115 9 1 1
43646 6 5 7 1 0.05 0.216 0.043 0.936 0.976 12.829 8 15.468 21.567 0 0.08
43646 7 5 7 1 0.05 0.216 0.043 0.936 0.976 0.149 11 1.079 20.993 1 0
43646 8 5 7 1 0.05 0.216 0.043 0.936 0.976 0 9 0.117 9 1 1
43646 9 5 7 1 0.05 0.216 0.043 0.936 0.976 0 6 0.099 6 1 1
43646 10 5 7 1 0.05 0.216 0.043 0.936 0.976 0 13 0.842 21.833 1 0
43646 1 5 7 1 0.054 0.426 0.09 0.947 0.657 4.349 9 7.419 40.72 0.12 0.013
43646 2 5 7 1 0.054 0.426 0.09 0.947 0.657 1.688 10 3.587 33.927 0.94 0
43646 3 5 7 1 0.054 0.426 0.09 0.947 0.657 0.896 14 2.757 36.32 0.927 0
43646 4 5 7 1 0.054 0.426 0.09 0.947 0.657 2.744 15 5.443 46.127 0.56 0
43646 5 5 7 1 0.054 0.426 0.09 0.947 0.657 1.972 16 5.189 44.96 0.42 0
43646 6 5 7 1 0.054 0.426 0.09 0.947 0.657 2.017 22 4.136 44.58 0.733 0
43646 7 5 7 1 0.054 0.426 0.09 0.947 0.657 1.342 25 4.29 41.8 0.64 0
43646 8 5 7 1 0.054 0.426 0.09 0.947 0.657 1.831 12 3.881 40.493 0.873 0
43646 9 5 7 1 0.054 0.426 0.09 0.947 0.657 0 7 0.06 7 1 1
43646 10 5 7 1 0.054 0.426 0.09 0.947 0.657 1.839 17 4.5 40.187 0.6 0
43646 1 5 7 1 0.083 0.481 0.161 0.991 0.129 246.146 1879 248.939 2175.647 0 0
43646 2 5 7 1 0.083 0.481 0.161 0.991 0.129 244.535 1474 248.208 1835.487 0 0
43646 3 5 7 1 0.083 0.481 0.161 0.991 0.129 246.062 1515 248.616 1928.527 0 0
43646 4 5 7 1 0.083 0.481 0.161 0.991 0.129 247.189 1675 249.148 2150.353 0 0
43646 5 5 7 1 0.083 0.481 0.161 0.991 0.129 243.628 1679 248.475 1950.56 0 0
43646 6 5 7 1 0.083 0.481 0.161 0.991 0.129 244.827 1537 248.516 1891.013 0 0
43646 7 5 7 1 0.083 0.481 0.161 0.991 0.129 246.107 1492 248.513 1836.32 0 0
43646 8 5 7 1 0.083 0.481 0.161 0.991 0.129 245.425 1515 248.287 1782.833 0 0
43646 9 5 7 1 0.083 0.481 0.161 0.991 0.129 244.717 1454 248.421 1756.52 0 0
43646 10 5 7 1 0.083 0.481 0.161 0.991 0.129 246.072 1490 248.749 1965.827 0 0
43646 1 5 7 1 0.113 0.194 0.323 0.877 0.157 122.12 218 127.957 371.633 0 0
43646 2 5 7 1 0.113 0.194 0.323 0.877 0.157 142.126 372 145.435 506.627 0 0
43646 3 5 7 1 0.113 0.194 0.323 0.877 0.157 153.462 323 158.465 526.84 0 0
43646 4 5 7 1 0.113 0.194 0.323 0.877 0.157 143.154 315 147.348 480.093 0 0
43646 5 5 7 1 0.113 0.194 0.323 0.877 0.157 131.371 278 135.729 458.793 0 0
43646 6 5 7 1 0.113 0.194 0.323 0.877 0.157 146.959 295 154.417 448.18 0 0
43646 7 5 7 1 0.113 0.194 0.323 0.877 0.157 122.695 250 131.491 435.04 0 0
43646 8 5 7 1 0.113 0.194 0.323 0.877 0.157 139.677 332 145.814 449.227 0 0
43646 9 5 7 1 0.113 0.194 0.323 0.877 0.157 129.685 201 136.045 363.547 0 0
43646 10 5 7 1 0.113 0.194 0.323 0.877 0.157 134.438 284 138.469 449.8 0 0
43646 1 5 7 1 0.031 0.487 0.292 0.8 0.908 0.448 12 1.424 25.827 1 0
43646 2 5 7 1 0.031 0.487 0.292 0.8 0.908 0.547 9 1.9 24.027 1 0.047
43646 3 5 7 1 0.031 0.487 0.292 0.8 0.908 0.795 10 2.185 30.353 1 0
43646 4 5 7 1 0.031 0.487 0.292 0.8 0.908 0.799 9 2.092 24.147 1 0.04
43646 5 5 7 1 0.031 0.487 0.292 0.8 0.908 0.498 12 2.404 26.693 1 0
43646 6 5 7 1 0.031 0.487 0.292 0.8 0.908 0 6 0.053 6 1 1
43646 7 5 7 1 0.031 0.487 0.292 0.8 0.908 0 14 0.185 14 1 0
43646 8 5 7 1 0.031 0.487 0.292 0.8 0.908 0 5 0.282 7.553 1 0.84
43646 9 5 7 1 0.031 0.487 0.292 0.8 0.908 0 14 0.129 14 1 0
43646 10 5 7 1 0.031 0.487 0.292 0.8 0.908 0.647 13 1.375 26.12 1 0
43646 1 5 7 1 0.104 0.199 0.049 0.762 0.811 0.994 14 2.511 33.387 1 0
43646 2 5 7 1 0.104 0.199 0.049 0.762 0.811 0 14 0.043 14 1 0
43646 3 5 7 1 0.104 0.199 0.049 0.762 0.811 0.398 10 1.712 24.1 1 0
43646 4 5 7 1 0.104 0.199 0.049 0.762 0.811 0.547 14 1.745 28.913 1 0
43646 5 5 7 1 0.104 0.199 0.049 0.762 0.811 0.895 12 1.541 25.307 1 0
43646 6 5 7 1 0.104 0.199 0.049 0.762 0.811 1.391 17 2.275 30.967 1 0
43646 1 5 5 0 0.076 0.337 0.302 0.812 0.869 0 12 0.336 14.533 1 0
43646 2 5 5 0 0.076 0.337 0.302 0.812 0.869 0 9 0.265 9.787 1 0.933
43646 3 5 5 0 0.076 0.337 0.302 0.812 0.869 0.199 11 1.042 26.333 1 0
43646 4 5 5 0 0.076 0.337 0.302 0.812 0.869 0.896 13 1.953 30.88 1 0
43646 5 5 5 0 0.076 0.337 0.302 0.812 0.869 1.043 15 2.266 34.047 1 0
43646 6 5 5 0 0.076 0.337 0.302 0.812 0.869 0 12 0.142 12 1 0
43646 7 5 5 0 0.076 0.337 0.302 0.812 0.869 0 11 0.805 19.8 1 0
43646 8 5 5 0 0.076 0.337 0.302 0.812 0.869 1.293 7 2.697 30.467 1 0.04
43646 9 5 5 0 0.076 0.337 0.302 0.812 0.869 0.149 13 1.609 29.54 1 0
43646 10 5 5 0 0.076 0.337 0.302 0.812 0.869 0.845 13 2.014 30.327 1 0
43646 1 5 5 0 0.004 0.169 0.274 0.881 0.785 0.448 15 1.527 28.32 1 0
43646 2 5 5 0 0.004 0.169 0.274 0.881 0.785 0.498 7 1.447 23.7 1 0.047
43646 3 5 5 0 0.004 0.169 0.274 0.881 0.785 0.05 14 0.646 20.913 1 0
43646 4 5 5 0 0.004 0.169 0.274 0.881 0.785 0.498 9 1.54 24.46 1 0.033
43646 5 5 5 0 0.004 0.169 0.274 0.881 0.785 0.398 10 1.3 23.567 1 0
43646 6 5 5 0 0.004 0.169 0.274 0.881 0.785 0 12 0.188 12 1 0
43646 7 5 5 0 0.004 0.169 0.274 0.881 0.785 0.348 13 1.62 27.053 1 0
43646 8 5 5 0 0.004 0.169 0.274 0.881 0.785 1.144 11 2.575 30.673 1 0
43646 9 5 5 0 0.004 0.169 0.274 0.881 0.785 1.79 8 2.989 31.533 1 0.02
43646 10 5 5 0 0.004 0.169 0.274 0.881 0.785 1.193 12 2.245 29.36 1 0
43646 1 5 5 0 0.082 0.237 0.291 0.773 0.942 0 10 0.232 11.353 1 0
43646 2 5 5 0 0.082 0.237 0.291 0.773 0.942 0 12 0.106 12 1 0
43646 3 5 5 0 0.082 0.237 0.291 0.773 0.942 0.696 8 2.579 27.98 1 0.047
43646 4 5 5 0 0.082 0.237 0.291 0.773 0.942 0 12 0.745 19.02 1 0
43646 5 5 5 0 0.082 0.237 0.291 0.773 0.942 0 13 0.088 13 1 0
43646 6 5 5 0 0.082 0.237 0.291 0.773 0.942 0.846 13 1.907 29.74 1 0
43646 7 5 5 0 0.082 0.237 0.291 0.773 0.942 0.398 18 1.048 29.593 1 0
43646 8 5 5 0 0.082 0.237 0.291 0.773 0.942 0 11 0.156 11 1 0
43646 9 5 5 0 0.082 0.237 0.291 0.773 0.942 0.299 10 2.108 29.18 1 0
43646 10 5 5 0 0.082 0.237 0.291 0.773 0.942 2.086 12 4.326 35.88 0.647 0
43646 1 5 5 0 0.005 0.403 0.261 0.768 0.384 22.382 10 27.158 67.973 0 0
43646 2 5 5 0 0.005 0.403 0.261 0.768 0.384 0.696 17 1.762 33.107 1 0
43646 3 5 5 0 0.005 0.403 0.261 0.768 0.384 0.995 17 2.203 30.753 1 0
43646 4 5 5 0 0.005 0.403 0.261 0.768 0.384 1.293 19 2.387 34.567 1 0
43646 5 5 5 0 0.005 0.403 0.261 0.768 0.384 0.945 14 2.546 31.673 1 0
43646 6 5 5 0 0.005 0.403 0.261 0.768 0.384 21.972 15 24.072 77.593 0 0
43646 7 5 5 0 0.005 0.403 0.261 0.768 0.384 1.54 15 3.733 34.38 0.847 0
43646 8 5 5 0 0.005 0.403 0.261 0.768 0.384 16.176 9 20.424 53.88 0 0.02
43646 9 5 5 0 0.005 0.403 0.261 0.768 0.384 0 11 0.264 13.36 1 0
43646 10 5 5 0 0.005 0.403 0.261 0.768 0.384 1.184 14 2.994 35.8 0.913 0
43646 1 5 5 0 0.005 0.425 0.264 0.799 0.599 0.945 18 1.788 31.013 1 0
43646 2 5 5 0 0.005 0.425 0.264 0.799 0.599 0.547 9 1.663 27.833 1 0.02
43646 3 5 5 0 0.005 0.425 0.264 0.799 0.599 0.697 14 1.692 29.12 1 0
43646 4 5 5 0 0.005 0.425 0.264 0.799 0.599 0.547 10 2.365 27.44 1 0
43646 5 5 5 0 0.005 0.425 0.264 0.799 0.599 0 10 0.094 10 1 0
43646 6 5 5 0 0.005 0.425 0.264 0.799 0.599 1.539 11 2.328 27.12 1 0
43646 7 5 5 0 0.005 0.425 0.264 0.799 0.599 1.094 22 2.359 40.12 1 0
43646 8 5 5 0 0.005 0.425 0.264 0.799 0.599 0.646 14 1.637 29.993 1 0
43646 9 5 5 0 0.005 0.425 0.264 0.799 0.599 0 14 0.284 14.82 1 0
43646 10 5 5 0 0.005 0.425 0.264 0.799 0.599 0.646 15 1.642 27.533 1 0
43646 1 5 5 0 0.026 0.195 0.328 0.944 0.757 0.992 14 2.156 29.78 1 0
43646 2 5 5 0 0.026 0.195 0.328 0.944 0.757 0.746 10 2.379 30.313 1 0
43646 3 5 5 0 0.026 0.195 0.328 0.944 0.757 0.199 12 1.114 20.753 1 0
43646 4 5 5 0 0.026 0.195 0.328 0.944 0.757 0.63 11 2.539 30.047 1 0
43646 5 5 5 0 0.026 0.195 0.328 0.944 0.757 0.547 12 1.438 25.173 1 0
43646 6 5 5 0 0.026 0.195 0.328 0.944 0.757 0 7 0 7 1 1
43646 7 5 5 0 0.026 0.195 0.328 0.944 0.757 0.697 17 1.602 31.62 1 0
43646 8 5 5 0 0.026 0.195 0.328 0.944 0.757 0.149 11 1.165 25.027 1 0
43646 9 5 5 0 0.026 0.195 0.328 0.944 0.757 0 9 0.2 11.787 1 0.007
43646 10 5 5 0 0.026 0.195 0.328 0.944 0.757 0 12 0.136 12 1 0
43646 1 5 5 0 0.096 0.25 0.177 0.851 0.408 33.165 17 40.137 160.98 0 0
43646 2 5 5 0 0.096 0.25 0.177 0.851 0.408 0.05 10 0.106 10 1 0
43646 3 5 5 0 0.096 0.25 0.177 0.851 0.408 26.775 10 30.85 113.893 0 0
43646 4 5 5 0 0.096 0.25 0.177 0.851 0.408 29.066 8 33.617 87.613 0 0.127
43646 5 5 5 0 0.096 0.25 0.177 0.851 0.408 33.181 8 39.302 130.607 0 0.013
43646 6 5 5 0 0.096 0.25 0.177 0.851 0.408 36.451 7 42.113 93.66 0 0.113
43646 7 5 5 0 0.096 0.25 0.177 0.851 0.408 31.989 10 36.062 109.747 0 0
43646 8 5 5 0 0.096 0.25 0.177 0.851 0.408 42.316 14 56.51 142.82 0 0
43646 9 5 5 0 0.096 0.25 0.177 0.851 0.408 36.434 7 44.237 112.72 0 0.107
43646 10 5 5 0 0.096 0.25 0.177 0.851 0.408 1.432 8 2.954 29.947 0.98 0.027
43646 1 5 5 0 0.012 0.387 0.115 0.818 0.349 95.397 9 107.563 281.787 0 0.053
43646 2 5 5 0 0.012 0.387 0.115 0.818 0.349 76.823 5 84.679 197.293 0 0.053
43646 3 5 5 0 0.012 0.387 0.115 0.818 0.349 80.963 10 93.109 313.687 0 0
43646 4 5 5 0 0.012 0.387 0.115 0.818 0.349 133.394 3 142.764 394.267 0 0.18
43646 5 5 5 0 0.012 0.387 0.115 0.818 0.349 120.764 19 132.318 436.653 0 0
43646 6 5 5 0 0.012 0.387 0.115 0.818 0.349 150.545 7 159.93 391.887 0 0.073
43646 7 5 5 0 0.012 0.387 0.115 0.818 0.349 88.677 4 97.307 241.553 0 0.233
43646 8 5 5 0 0.012 0.387 0.115 0.818 0.349 100.95 18 106.852 321.8 0 0
43646 9 5 5 0 0.012 0.387 0.115 0.818 0.349 97.557 2 105.095 321.653 0 0.033
43646 10 5 5 0 0.012 0.387 0.115 0.818 0.349 145.703 10 161.063 407.76 0 0
43646 1 5 5 0 0.019 0.205 0.309 0.955 0.614 0.498 12 1.828 30.233 1 0
43646 2 5 5 0 0.019 0.205 0.309 0.955 0.614 0.795 13 1.867 30.927 1 0
43646 3 5 5 0 0.019 0.205 0.309 0.955 0.614 0.547 7 1.712 23.673 1 0.067
43646 4 5 5 0 0.019 0.205 0.309 0.955 0.614 0.945 9 2.449 27.833 1 0.027
43646 5 5 5 0 0.019 0.205 0.309 0.955 0.614 1.774 14 2.788 33.82 1 0
43646 6 5 5 0 0.019 0.205 0.309 0.955 0.614 0.149 11 0.967 21.587 1 0
43646 7 5 5 0 0.019 0.205 0.309 0.955 0.614 0.646 9 1.468 25.38 1 0.027
43646 8 5 5 0 0.019 0.205 0.309 0.955 0.614 0.05 11 0.156 11 1 0
43646 9 5 5 0 0.019 0.205 0.309 0.955 0.614 0 12 0.087 12 1 0
43646 10 5 5 0 0.019 0.205 0.309 0.955 0.614 0.995 15 1.893 32.067 1 0
43646 1 5 5 0 0.039 0.499 0.49 0.805 0.55 0 13 0.434 19.833 1 0
43646 2 5 5 0 0.039 0.499 0.49 0.805 0.55 0 13 0.143 13 1 0
43646 1 5 8 0 0.038 0.476 0.475 0.907 0.928 165.46 5 177.168 24.853 0 0.66
43646 2 5 8 0 0.038 0.476 0.475 0.907 0.928 108.491 9 117.598 22.493 0 0.067
43646 3 5 8 0 0.038 0.476 0.475 0.907 0.928 227.433 2 243.13 29.78 0 0.753
43646 4 5 8 0 0.038 0.476 0.475 0.907 0.928 82.48 8 90.239 24.413 0 0.147
43646 5 5 8 0 0.038 0.476 0.475 0.907 0.928 91.032 4 111.332 17.36 0 0.747
43646 6 5 8 0 0.038 0.476 0.475 0.907 0.928 0 10 0.114 10.613 1 0
43646 7 5 8 0 0.038 0.476 0.475 0.907 0.928 224.109 3 239.619 32.647 0 0.747
43646 8 5 8 0 0.038 0.476 0.475 0.907 0.928 201.284 5 213.654 27.967 0 0.573
43646 9 5 8 0 0.038 0.476 0.475 0.907 0.928 218.213 4 227.22 30.727 0 0.693
43646 10 5 8 0 0.038 0.476 0.475 0.907 0.928 81.443 12 90.664 24.733 0 0
43646 1 5 8 0 0.012 0.489 0.205 0.762 0.875 208.356 2 220.482 28.12 0 0.667
43646 2 5 8 0 0.012 0.489 0.205 0.762 0.875 139.565 5 165.15 26.073 0 0.547
43646 3 5 8 0 0.012 0.489 0.205 0.762 0.875 185.038 3 202.661 22.413 0 0.653
43646 4 5 8 0 0.012 0.489 0.205 0.762 0.875 141.248 4 156.697 19.053 0 0.473
43646 5 5 8 0 0.012 0.489 0.205 0.762 0.875 234.252 1 244.064 34.187 0 0.687
43646 6 5 8 0 0.012 0.489 0.205 0.762 0.875 0 12 0.108 12 1 0
43646 7 5 8 0 0.012 0.489 0.205 0.762 0.875 0.895 12 3.1 29.18 0.993 0
43646 8 5 8 0 0.012 0.489 0.205 0.762 0.875 74.987 14 81.129 37.793 0 0
43646 9 5 8 0 0.012 0.489 0.205 0.762 0.875 121.524 8 147.786 27.827 0 0.433
43646 10 5 8 0 0.012 0.489 0.205 0.762 0.875 30.044 8 32.83 26.52 0 0.047
43646 1 5 8 0 0.066 0.05 0.38 0.965 0.698 233.138 1 243.15 29 0 0.673
43646 2 5 8 0 0.066 0.05 0.38 0.965 0.698 194.204 5 205.255 24.427 0 0.667
43646 3 5 8 0 0.066 0.05 0.38 0.965 0.698 33.821 11 39.972 29.8 0 0
43646 4 5 8 0 0.066 0.05 0.38 0.965 0.698 228.839 1 241.867 27.887 0 0.68
43646 5 5 8 0 0.066 0.05 0.38 0.965 0.698 199.466 4 206.77 28.427 0 0.713
43646 6 5 8 0 0.066 0.05 0.38 0.965 0.698 45.722 13 53.266 26.873 0 0
43646 7 5 8 0 0.066 0.05 0.38 0.965 0.698 207.652 3 219.328 27.707 0 0.667
43646 8 5 8 0 0.066 0.05 0.38 0.965 0.698 0 15 0.048 15 1 0
43646 9 5 8 0 0.066 0.05 0.38 0.965 0.698 217.915 0 237.557 26.027 0 0.687
43646 10 5 8 0 0.066 0.05 0.38 0.965 0.698 219.968 2 237.916 34.4 0 0.687
43646 1 5 8 0 0.093 0.114 0.219 0.809 0.534 72.627 9 82.656 40.067 0 0.047
43646 2 5 8 0 0.093 0.114 0.219 0.809 0.534 137.677 7 165.163 24.413 0 0.353
43646 3 5 8 0 0.093 0.114 0.219 0.809 0.534 224.288 3 237.991 29.133 0 0.66
43646 4 5 8 0 0.093 0.114 0.219 0.809 0.534 226.253 2 240.766 32.013 0 0.687
43646 5 5 8 0 0.093 0.114 0.219 0.809 0.534 231.542 2 242.681 29.453 0 0.707
43646 6 5 8 0 0.093 0.114 0.219 0.809 0.534 233.637 0 243.559 33.08 0 0.727
43646 7 5 8 0 0.093 0.114 0.219 0.809 0.534 82.637 7 92.729 40.213 0 0.407
43646 8 5 8 0 0.093 0.114 0.219 0.809 0.534 233.875 3 241.82 29.433 0 0.693
43646 9 5 8 0 0.093 0.114 0.219 0.809 0.534 0 4 0.047 4 1 1
43646 10 5 8 0 0.093 0.114 0.219 0.809 0.534 232.095 2 244.271 32.547 0 0.733
43646 1 5 8 0 0.093 0.377 0.193 0.773 0.342 139.239 6 149.019 442.873 0 0.047
43646 2 5 8 0 0.093 0.377 0.193 0.773 0.342 176.691 2 191.66 604.553 0 0.133
43646 3 5 8 0 0.093 0.377 0.193 0.773 0.342 165.215 0 181.042 579.247 0 0.033
43646 4 5 8 0 0.093 0.377 0.193 0.773 0.342 226.435 4 238.218 753.267 0 0.087
43646 5 5 8 0 0.093 0.377 0.193 0.773 0.342 152.834 5 165.388 481.793 0 0.113
43646 6 5 8 0 0.093 0.377 0.193 0.773 0.342 192.899 2 202.42 533.6 0 0.173
43646 7 5 8 0 0.093 0.377 0.193 0.773 0.342 135.232 6 148.828 515.247 0 0.1
43646 8 5 8 0 0.093 0.377 0.193 0.773 0.342 129.802 4 138.894 342.807 0 0.053
43646 9 5 8 0 0.093 0.377 0.193 0.773 0.342 204.862 0 217.534 673.087 0 0.207
43646 10 5 8 0 0.093 0.377 0.193 0.773 0.342 190.664 5 205.614 705.073 0 0.04
43646 1 5 8 0 0.115 0.088 0.335 0.79 0.766 205.621 2 220.121 27.487 0 0.707
43646 2 5 8 0 0.115 0.088 0.335 0.79 0.766 45.351 6 58.565 22.953 0 0.307
43646 3 5 8 0 0.115 0.088 0.335 0.79 0.766 77.474 8 82.935 27.687 0 0.2
43646 4 5 8 0 0.115 0.088 0.335 0.79 0.766 77.233 6 88.806 19.06 0 0.533
43646 5 5 8 0 0.115 0.088 0.335 0.79 0.766 231.392 3 243.925 34.093 0 0.687
43646 6 5 8 0 0.115 0.088 0.335 0.79 0.766 232.665 0 242.588 32.833 0 0.687
43646 7 5 8 0 0.115 0.088 0.335 0.79 0.766 196.444 2 202.39 20.713 0 0.673
43646 8 5 8 0 0.115 0.088 0.335 0.79 0.766 0.943 14 2.07 29.213 1 0
43646 9 5 8 0 0.115 0.088 0.335 0.79 0.766 168.858 7 185.801 25.62 0 0.667
43646 10 5 8 0 0.115 0.088 0.335 0.79 0.766 0 9 0.403 13.26 1 0.653
43646 1 5 8 0 0.105 0.344 0.271 0.914 0.735 0.796 8 1.432 22.987 1 0.04
43646 2 5 8 0 0.105 0.344 0.271 0.914 0.735 186.999 5 197.618 28.273 0 0.52
43646 3 5 8 0 0.105 0.344 0.271 0.914 0.735 106.29 8 121.303 23.373 0 0.207
43646 4 5 8 0 0.105 0.344 0.271 0.914 0.735 81.043 10 89.172 23.927 0 0
43646 5 5 8 0 0.105 0.344 0.271 0.914 0.735 210.778 1 224.577 22.413 0 0.747
43646 6 5 8 0 0.105 0.344 0.271 0.914 0.735 32.015 8 55.404 27.113 0 0.02
43646 7 5 8 0 0.105 0.344 0.271 0.914 0.735 211.014 2 226.87 31.14 0 0.7
43646 8 5 8 0 0.105 0.344 0.271 0.914 0.735 90.944 5 104.831 21.04 0 0.407
43646 9 5 8 0 0.105 0.344 0.271 0.914 0.735 204.715 1 217.972 23.407 0 0.687
43646 10 5 8 0 0.105 0.344 0.271 0.914 0.735 126.288 5 138.659 19.327 0 0.673
43646 1 5 8 0 0.057 0.423 0.202 0.909 0.035 248.306 2233 249.67 3222.707 0 0
43646 2 5 8 0 0.057 0.423 0.202 0.909 0.035 248.438 2164 249.713 3401.14 0 0
43646 3 5 8 0 0.057 0.423 0.202 0.909 0.035 247.622 2862 249.646 3539.967 0 0
43646 4 5 8 0 0.057 0.423 0.202 0.909 0.035 247.958 2521 249.524 3065.08 0 0
43646 5 5 8 0 0.057 0.423 0.202 0.909 0.035 247.377 2620 249.674 3374.267 0 0
43646 6 5 8 0 0.057 0.423 0.202 0.909 0.035 248.364 2882 249.711 3675.587 0 0
43646 7 5 8 0 0.057 0.423 0.202 0.909 0.035 247.056 2642 249.56 3300.913 0 0
43646 8 5 8 0 0.057 0.423 0.202 0.909 0.035 248.606 3105 249.72 3616.853 0 0
43646 9 5 8 0 0.057 0.423 0.202 0.909 0.035 248.33 2591 249.669 3468.373 0 0
43646 10 5 8 0 0.057 0.423 0.202 0.909 0.035 247.772 2491 249.529 3066.687 0 0
43646 1 5 8 0 0.023 0.075 0.014 0.978 0.2 247.291 1757 249.363 2906.107 0 0
43646 2 5 8 0 0.023 0.075 0.014 0.978 0.2 248.009 2404 249.504 3052.5 0 0
43646 1 5 3 1 0.051 0.313 0.486 0.934 0.578 0.895 13 2.542 32.62 1 0
43646 2 5 3 1 0.051 0.313 0.486 0.934 0.578 1.691 14 3.242 34.16 0.98 0
43646 3 5 3 1 0.051 0.313 0.486 0.934 0.578 0.498 20 1.602 33.447 1 0
43646 4 5 3 1 0.051 0.313 0.486 0.934 0.578 0 16 0.157 16 1 0
43646 5 5 3 1 0.051 0.313 0.486 0.934 0.578 0.348 14 2.44 29.647 1 0
43646 6 5 3 1 0.051 0.313 0.486 0.934 0.578 0.348 12 1.841 27.213 1 0
43646 7 5 3 1 0.051 0.313 0.486 0.934 0.578 2.337 6 3.668 31.393 1 0.047
43646 8 5 3 1 0.051 0.313 0.486 0.934 0.578 0 11 0 11 1 0
43646 9 5 3 1 0.051 0.313 0.486 0.934 0.578 0.995 21 2.17 35.253 1 0
43646 10 5 3 1 0.051 0.313 0.486 0.934 0.578 1.043 14 2.361 31.407 0.993 0
43646 1 5 3 1 0.096 0.335 0.308 0.941 0.98 0.945 12 2.743 33.667 1 0
43646 2 5 3 1 0.096 0.335 0.308 0.941 0.98 0.746 16 1.572 28.473 1 0
43646 3 5 3 1 0.096 0.335 0.308 0.941 0.98 0.448 11 1.397 26.247 1 0
43646 4 5 3 1 0.096 0.335 0.308 0.941 0.98 0.746 17 1.718 30.053 1 0
43646 5 5 3 1 0.096 0.335 0.308 0.941 0.98 1.085 11 2.63 30.493 1 0
43646 6 5 3 1 0.096 0.335 0.308 0.941 0.98 0.896 12 1.892 29.413 1 0
43646 7 5 3 1 0.096 0.335 0.308 0.941 0.98 1.442 17 3.798 37.02 0.86 0
43646 8 5 3 1 0.096 0.335 0.308 0.941 0.98 0.398 14 2.15 29.92 1 0
43646 9 5 3 1 0.096 0.335 0.308 0.941 0.98 0.596 15 1.881 33.547 1 0
43646 10 5 3 1 0.096 0.335 0.308 0.941 0.98 0.995 9 2.164 28.12 1 0.013
43646 1 5 3 1 0.102 0.158 0.363 0.88 0.489 0.696 18 1.612 35 1 0
43646 2 5 3 1 0.102 0.158 0.363 0.88 0.489 2.27 11 4.369 37.933 0.76 0
43646 3 5 3 1 0.102 0.158 0.363 0.88 0.489 0.746 15 3.022 38.44 0.86 0
43646 4 5 3 1 0.102 0.158 0.363 0.88 0.489 0.945 18 2.868 39.293 0.933 0
43646 5 5 3 1 0.102 0.158 0.363 0.88 0.489 1.838 14 2.601 34.28 1 0
43646 6 5 3 1 0.102 0.158 0.363 0.88 0.489 0.547 13 2.248 36.02 1 0
43646 7 5 3 1 0.102 0.158 0.363 0.88 0.489 1.045 20 2.135 36.713 1 0
43646 8 5 3 1 0.102 0.158 0.363 0.88 0.489 1.192 16 2.169 32.647 1 0
43646 9 5 3 1 0.102 0.158 0.363 0.88 0.489 0.697 17 2.268 33.387 1 0
43646 10 5 3 1 0.102 0.158 0.363 0.88 0.489 0 14 0.755 20.82 1 0
43646 1 5 3 1 0.038 0.293 0.165 0.835 0.903 0.498 15 1.575 26.953 1 0
43646 2 5 3 1 0.038 0.293 0.165 0.835 0.903 0.498 16 1.732 32.313 1 0
43646 3 5 3 1 0.038 0.293 0.165 0.835 0.903 0.597 11 1.775 26.407 1 0
43646 4 5 3 1 0.038 0.293 0.165 0.835 0.903 0.448 15 1.485 30.947 1 0
43646 5 5 3 1 0.038 0.293 0.165 0.835 0.903 0.696 20 1.809 34.733 1 0
43646 6 5 3 1 0.038 0.293 0.165 0.835 0.903 1.392 19 2.574 35.227 1 0
43646 7 5 3 1 0.038 0.293 0.165 0.835 0.903 0.945 14 2.294 32.72 1 0
43646 8 5 3 1 0.038 0.293 0.165 0.835 0.903 0.746 17 1.952 37.307 1 0
43646 9 5 3 1 0.038 0.293 0.165 0.835 0.903 0.796 14 2.338 35.68 1 0
43646 10 5 3 1 0.038 0.293 0.165 0.835 0.903 1.094 9 2.88 36.187 1 0.013
43646 1 5 3 1 0.015 0.244 0.374 0.942 0.878 0.348 12 1.698 29.88 1 0
43646 2 5 3 1 0.015 0.244 0.374 0.942 0.878 1.391 15 2.332 33.053 1 0
43646 3 5 3 1 0.015 0.244 0.374 0.942 0.878 0.895 13 2.211 30.067 1 0
43646 4 5 3 1 0.015 0.244 0.374 0.942 0.878 0.995 15 2.228 35.94 1 0
43646 5 5 3 1 0.015 0.244 0.374 0.942 0.878 1.293 19 2.25 36.367 1 0
43646 6 5 3 1 0.015 0.244 0.374 0.942 0.878 1.879 11 2.94 31.293 1 0
43646 7 5 3 1 0.015 0.244 0.374 0.942 0.878 0.1 12 0.712 20.98 1 0
43646 8 5 3 1 0.015 0.244 0.374 0.942 0.878 0 11 0.01 11 1 0
43646 9 5 3 1 0.015 0.244 0.374 0.942 0.878 0.994 18 2.995 36.54 0.98 0
43646 10 5 3 1 0.015 0.244 0.374 0.942 0.878 1.144 16 2.402 35.833 1 0
43646 1 5 3 1 0.011 0.039 0.136 0.95 0.673 1.826 17 3.506 38.8 0.96 0
43646 2 5 3 1 0.011 0.039 0.136 0.95 0.673 0.647 18 1.608 35.033 1 0
43646 3 5 3 1 0.011 0.039 0.136 0.95 0.673 1.092 14 2.634 35.327 1 0
43646 4 5 3 1 0.011 0.039 0.136 0.95 0.673 0.796 13 2.161 29.187 1 0
43646 5 5 3 1 0.011 0.039 0.136 0.95 0.673 0.149 13 1.924 29.66 1 0
43646 6 5 3 1 0.011 0.039 0.136 0.95 0.673 0.05 18 0.265 18 1 0
43646 7 5 3 1 0.011 0.039 0.136 0.95 0.673 0.249 12 2.197 27.9 0.987 0
43646 8 5 3 1 0.011 0.039 0.136 0.95 0.673 1.341 9 2.696 30.987 1 0.047
43646 9 5 3 1 0.011 0.039 0.136 0.95 0.673 1.342 17 1.975 33.947 1 0
43646 10 5 3 1 0.011 0.039 0.136 0.95 0.673 0.995 13 2.237 33.753 1 0
43646 1 5 3 1 0.02 0.394 0.06 0.751 0.776 1.493 19 3.537 44.267 0.887 0
43646 2 5 3 1 0.02 0.394 0.06 0.751 0.776 0.796 23 2.411 40.513 1 0
43646 3 5 3 1 0.02 0.394 0.06 0.751 0.776 0.696 18 2.514 34.833 1 0
43646 4 5 3 1 0.02 0.394 0.06 0.751 0.776 0.945 16 2.257 31.58 1 0
43646 5 5 3 1 0.02 0.394 0.06 0.751 0.776 1.836 13 4.69 38.113 0.613 0
43646 6 5 3 1 0.02 0.394 0.06 0.751 0.776 0.945 19 2.906 40.127 0.967 0
43646 7 5 3 1 0.02 0.394 0.06 0.751 0.776 1.84 17 3.91 38.64 0.92 0
43646 8 5 3 1 0.02 0.394 0.06 0.751 0.776 1.442 17 3.982 40.987 0.733 0
43646 9 5 3 1 0.02 0.394 0.06 0.751 0.776 0.796 14 2.841 32.333 0.953 0
43646 10 5 3 1 0.02 0.394 0.06 0.751 0.776 1.242 15 4.4 38.233 0.62 0
43646 1 5 3 1 0.094 0.346 0.119 0.977 0.138 243.504 1431 247.577 1671.32 0 0
43646 2 5 3 1 0.094 0.346 0.119 0.977 0.138 245.1 1439 248.223 1736.94 0 0
43646 3 5 3 1 0.094 0.346 0.119 0.977 0.138 243.124 1298 248.024 1677.667 0 0
43646 4 5 3 1 0.094 0.346 0.119 0.977 0.138 245.719 1482 248.458 1820.7 0 0
43646 5 5 3 1 0.094 0.346 0.119 0.977 0.138 244.154 1556 248.035 1800.147 0 0
43646 6 5 3 1 0.094 0.346 0.119 0.977 0.138 245.489 1407 248.332 1708.767 0 0
43646 7 5 3 1 0.094 0.346 0.119 0.977 0.138 245.661 1690 248.629 1970.313 0 0
43646 8 5 3 1 0.094 0.346 0.119 0.977 0.138 244.292 1397 248.092 1699.16 0 0
43646 9 5 3 1 0.094 0.346 0.119 0.977 0.138 244.106 1297 248.017 1641.853 0 0
43646 10 5 3 1 0.094 0.346 0.119 0.977 0.138 245.119 1464 248.361 1803.913 0 0
43646 1 5 8 1 0.01 0.187 0.312 0.789 0.609 0 10 0.16 12.907 1 0
43646 2 5 8 1 0.01 0.187 0.312 0.789 0.609 0 9 0.018 9 1 1
43646 3 5 8 1 0.01 0.187 0.312 0.789 0.609 0.846 12 2.108 27.893 1 0
43646 4 5 8 1 0.01 0.187 0.312 0.789 0.609 0 8 0 8 1 1
43646 5 5 8 1 0.01 0.187 0.312 0.789 0.609 0 11 1.47 22.64 1 0
43646 6 5 8 1 0.01 0.187 0.312 0.789 0.609 196.324 2 227.302 38.153 0 0.62
43646 7 5 8 1 0.01 0.187 0.312 0.789 0.609 0.448 12 1.04 22.533 1 0
43646 8 5 8 1 0.01 0.187 0.312 0.789 0.609 0 9 0.09 11.587 1 0.627
43646 9 5 8 1 0.01 0.187 0.312 0.789 0.609 0.895 12 1.942 25.22 1 0
43646 10 5 8 1 0.01 0.187 0.312 0.789 0.609 0.299 15 1.208 23.633 1 0
43646 1 5 8 1 0.034 0.11 0.488 0.998 0.953 227.534 2 243.04 31.96 0 0.673
43646 2 5 8 1 0.034 0.11 0.488 0.998 0.953 236.62 4 244.31 33.74 0 0.68
43646 3 5 8 1 0.034 0.11 0.488 0.998 0.953 100.693 4 115.067 20.64 0 0.42
43646 4 5 8 1 0.034 0.11 0.488 0.998 0.953 100.902 3 112.818 16.007 0 0.667
43646 5 5 8 1 0.034 0.11 0.488 0.998 0.953 227.939 1 243.397 31.86 0 0.7
43646 6 5 8 1 0.034 0.11 0.488 0.998 0.953 234.225 1 242.66 27.293 0 0.72
43646 7 5 8 1 0.034 0.11 0.488 0.998 0.953 230.475 2 242.871 32.167 0 0.713
43646 8 5 8 1 0.034 0.11 0.488 0.998 0.953 116.446 3 132.888 17.547 0 0.627
43646 9 5 8 1 0.034 0.11 0.488 0.998 0.953 0 12 0.177 12.093 1 0
43646 10 5 8 1 0.034 0.11 0.488 0.998 0.953 233.656 1 243.479 32.973 0 0.66
43646 1 5 8 1 0.025 0.047 0.111 0.757 0.243 46.534 56 50.652 146.067 0 0
43646 2 5 8 1 0.025 0.047 0.111 0.757 0.243 37.312 51 40.36 121.5 0 0
43646 3 5 8 1 0.025 0.047 0.111 0.757 0.243 47.8 41 64.249 162.333 0 0
43646 4 5 8 1 0.025 0.047 0.111 0.757 0.243 46.566 38 55.556 148.62 0 0
43646 5 5 8 1 0.025 0.047 0.111 0.757 0.243 32.876 57 35.463 104.953 0 0
43646 6 5 8 1 0.025 0.047 0.111 0.757 0.243 60.588 47 72.121 123.4 0 0
43646 7 5 8 1 0.025 0.047 0.111 0.757 0.243 52.347 46 56.76 155.693 0 0
43646 8 5 8 1 0.025 0.047 0.111 0.757 0.243 47.77 117 53.078 212.807 0 0
43646 9 5 8 1 0.025 0.047 0.111 0.757 0.243 38.634 55 41.335 141.507 0 0
43646 10 5 8 1 0.025 0.047 0.111 0.757 0.243 90.735 73 97.775 202.44 0 0
43646 1 5 8 1 0.041 0.174 0.23 0.828 0.614 0.498 11 1.951 25.713 1 0
43646 2 5 8 1 0.041 0.174 0.23 0.828 0.614 0 10 0.03 10 1 0
43646 3 5 8 1 0.041 0.174 0.23 0.828 0.614 0 10 0.285 11.373 1 0
43646 4 5 8 1 0.041 0.174 0.23 0.828 0.614 0.199 6 1.118 13.713 1 0.467
43646 5 5 8 1 0.041 0.174 0.23 0.828 0.614 0.746 10 1.579 24.073 1 0
43646 6 5 8 1 0.041 0.174 0.23 0.828 0.614 0.844 15 1.43 29.387 1 0
43646 7 5 8 1 0.041 0.174 0.23 0.828 0.614 1.243 15 2.387 29.953 1 0
43646 8 5 8 1 0.041 0.174 0.23 0.828 0.614 0 8 0.146 8 1 1
43646 9 5 8 1 0.041 0.174 0.23 0.828 0.614 0 10 0.094 10 1 0
43646 10 5 8 1 0.041 0.174 0.23 0.828 0.614 0.646 9 1.755 20.367 1 0.073
43646 1 5 8 1 0.08 0.445 0.446 0.853 0.702 95.341 4 105.992 20.18 0 0.673
43646 2 5 8 1 0.08 0.445 0.446 0.853 0.702 214.649 0 226.855 26.993 0 0.747
43646 3 5 8 1 0.08 0.445 0.446 0.853 0.702 233.631 4 244.491 34.333 0 0.74
43646 4 5 8 1 0.08 0.445 0.446 0.853 0.702 2.658 11 17.805 29.84 0.36 0
43646 5 5 8 1 0.08 0.445 0.446 0.853 0.702 232.78 0 243.574 31.447 0 0.693
43646 6 5 8 1 0.08 0.445 0.446 0.853 0.702 92.14 6 99.706 25.633 0 0.38
43646 7 5 8 1 0.08 0.445 0.446 0.853 0.702 0.249 5 1.073 16.76 1 0.273
43646 8 5 8 1 0.08 0.445 0.446 0.853 0.702 233.012 3 242.514 28.593 0 0.7
43646 9 5 8 1 0.08 0.445 0.446 0.853 0.702 230.32 1 244.615 34.967 0 0.74
43646 10 5 8 1 0.08 0.445 0.446 0.853 0.702 0.639 13 2.312 29.62 1 0
43646 1 5 8 1 0.047 0.37 0.437 0.873 0.446 0.448 5 1.197 19.947 1 0.133
43646 2 5 8 1 0.047 0.37 0.437 0.873 0.446 0.795 9 1.785 25.36 1 0.007
43646 3 5 8 1 0.047 0.37 0.437 0.873 0.446 0 12 0.235 15.347 1 0
43646 4 5 8 1 0.047 0.37 0.437 0.873 0.446 1.281 8 2.398 29.16 1 0.053
43646 5 5 8 1 0.047 0.37 0.437 0.873 0.446 0.498 8 1.872 24.213 1 0.013
43646 6 5 8 1 0.047 0.37 0.437 0.873 0.446 0.249 6 1.357 21.72 1 0.087
43646 7 5 8 1 0.047 0.37 0.437 0.873 0.446 0.398 7 1.329 17.387 1 0.133
43646 8 5 8 1 0.047 0.37 0.437 0.873 0.446 0.05 8 1.336 18.04 1 0.293
43646 9 5 8 1 0.047 0.37 0.437 0.873 0.446 1.241 11 2.278 31.047 1 0
43646 10 5 8 1 0.047 0.37 0.437 0.873 0.446 1.292 6 2.551 24.753 1 0.153
43646 1 5 8 1 0.039 0.042 0.387 0.971 0.806 148.151 5 154.071 23.58 0 0.593
43646 2 5 8 1 0.039 0.042 0.387 0.971 0.806 27.601 10 31.809 27.027 0 0
43646 3 5 8 1 0.039 0.042 0.387 0.971 0.806 205.063 0 224.174 26.273 0 0.687
43646 4 5 8 1 0.039 0.042 0.387 0.971 0.806 227.93 2 241.418 34.827 0 0.72
43646 5 5 8 1 0.039 0.042 0.387 0.971 0.806 0 13 0.51 17.373 1 0
43646 6 5 8 1 0.039 0.042 0.387 0.971 0.806 222.663 2 237.882 28.32 0 0.767
43646 7 5 8 1 0.039 0.042 0.387 0.971 0.806 36.016 9 42.478 19.667 0 0.06
43646 8 5 8 1 0.039 0.042 0.387 0.971 0.806 192.042 0 204.192 17.253 0 0.66
43646 9 5 8 1 0.039 0.042 0.387 0.971 0.806 153.149 6 164.463 25.093 0 0.533
43646 10 5 8 1 0.039 0.042 0.387 0.971 0.806 124.4 4 130.672 20.14 0 0.573
43646 1 5 8 1 0.019 0.34 0.487 0.829 0.953 226.617 2 243.905 29.453 0 0.767
43646 2 5 8 1 0.019 0.34 0.487 0.829 0.953 67.314 8 81.706 22.62 0 0.267
43646 3 5 8 1 0.019 0.34 0.487 0.829 0.953 207.135 1 228.412 23.28 0 0.687
43646 4 5 8 1 0.019 0.34 0.487 0.829 0.953 0 6 0.046 6 1 1
43646 5 5 8 1 0.019 0.34 0.487 0.829 0.953 228.188 2 242.523 36.02 0 0.667
43646 6 5 8 1 0.019 0.34 0.487 0.829 0.953 228.361 1 241.251 29.3 0 0.753
43646 7 5 8 1 0.019 0.34 0.487 0.829 0.953 0.746 11 1.512 24.14 1 0
43646 8 5 8 1 0.019 0.34 0.487 0.829 0.953 229.113 2 242.248 31.713 0 0.687
43646 9 5 8 1 0.019 0.34 0.487 0.829 0.953 29.757 10 37.191 27.047 0 0
43646 10 5 8 1 0.019 0.34 0.487 0.829 0.953 209.012 4 222.93 25.973 0 0.68
43646 1 5 8 1 0.109 0.018 0.37 0.832 0.194 108.506 6 120.605 22.993 0 0.487
43646 2 5 8 1 0.109 0.018 0.37 0.832 0.194 217.183 2 238.793 29.247 0 0.66
43646 3 5 8 1 0.109 0.018 0.37 0.832 0.194 230.809 4 243.66 31.227 0 0.753
43646 4 5 8 1 0.109 0.018 0.37 0.832 0.194 232.086 0 242.777 29.9 0 0.713
43646 5 5 8 1 0.109 0.018 0.37 0.832 0.194 0 7 0.09 7 1 1
43646 1 5 4 1 0.077 0.145 0.045 0.846 0.048 248.098 2826 249.554 3554.573 0 0
43646 2 5 4 1 0.077 0.145 0.045 0.846 0.048 248.421 3113 249.697 3966.16 0 0
43646 3 5 4 1 0.077 0.145 0.045 0.846 0.048 248.516 3725 249.78 4228.987 0 0
43646 4 5 4 1 0.077 0.145 0.045 0.846 0.048 247.347 3233 249.545 3492.187 0 0
43646 5 5 4 1 0.077 0.145 0.045 0.846 0.048 247.862 3344 249.623 3804.593 0 0
43646 6 5 4 1 0.077 0.145 0.045 0.846 0.048 248.024 3349 249.687 3948.1 0 0
43646 7 5 4 1 0.077 0.145 0.045 0.846 0.048 247.699 2788 249.36 3152.693 0 0
43646 8 5 4 1 0.077 0.145 0.045 0.846 0.048 247.807 3214 249.581 3662.153 0 0
43646 9 5 4 1 0.077 0.145 0.045 0.846 0.048 247.527 3208 249.589 3606.513 0 0
43646 10 5 4 1 0.077 0.145 0.045 0.846 0.048 247.489 3010 249.645 3738.9 0 0
43646 1 5 4 1 0.038 0.116 0.196 0.96 0.759 0.846 9 1.823 24.353 1 0.027
43646 2 5 4 1 0.038 0.116 0.196 0.96 0.759 0 12 0.138 12 1 0
43646 3 5 4 1 0.038 0.116 0.196 0.96 0.759 1.193 15 2.59 30.36 1 0
43646 4 5 4 1 0.038 0.116 0.196 0.96 0.759 1.193 13 2.578 32.453 1 0
43646 5 5 4 1 0.038 0.116 0.196 0.96 0.759 1.194 13 2.644 33.427 0.933 0
43646 6 5 4 1 0.038 0.116 0.196 0.96 0.759 0 17 0.903 24.073 1 0
43646 7 5 4 1 0.038 0.116 0.196 0.96 0.759 0.795 9 2.498 30.933 0.96 0.047
43646 8 5 4 1 0.038 0.116 0.196 0.96 0.759 1.093 10 2.694 28.827 1 0
43646 9 5 4 1 0.038 0.116 0.196 0.96 0.759 0.397 17 1.559 31.767 1 0
43646 10 5 4 1 0.038 0.116 0.196 0.96 0.759 0.745 16 1.929 34.2 1 0
43646 1 5 4 1 0.108 0.079 0.223 0.756 0.403 0.596 17 2.357 33.18 1 0
43646 2 5 4 1 0.108 0.079 0.223 0.756 0.403 0.845 14 1.806 29.18 1 0
43646 3 5 4 1 0.108 0.079 0.223 0.756 0.403 0.398 11 2.087 29.933 1 0
43646 4 5 4 1 0.108 0.079 0.223 0.756 0.403 1.292 13 2.618 34.453 1 0
43646 5 5 4 1 0.108 0.079 0.223 0.756 0.403 0.149 18 1.875 32.48 1 0
43646 6 5 4 1 0.108 0.079 0.223 0.756 0.403 0.646 5 2.132 22.287 0.96 0.053
43646 7 5 4 1 0.108 0.079 0.223 0.756 0.403 0.695 15 1.38 26.953 1 0
43646 8 5 4 1 0.108 0.079 0.223 0.756 0.403 0.448 15 1.511 27.447 1 0
43646 9 5 4 1 0.108 0.079 0.223 0.756 0.403 1.088 11 2.255 27.5 1 0
43646 10 5 4 1 0.108 0.079 0.223 0.756 0.403 1.441 13 2.47 32.18 1 0
43646 1 5 4 1 0.045 0.054 0.063 0.783 0.553 18.48 22 21.457 58.007 0 0
43646 2 5 4 1 0.045 0.054 0.063 0.783 0.553 0.347 8 1.456 21.32 1 0.213
43646 3 5 4 1 0.045 0.054 0.063 0.783 0.553 0.487 7 2.135 27.793 1 0.02
43646 4 5 4 1 0.045 0.054 0.063 0.783 0.553 0.895 18 2.006 32.46 1 0
43646 5 5 4 1 0.045 0.054 0.063 0.783 0.553 0 8 0 8 1 1
43646 6 5 4 1 0.045 0.054 0.063 0.783 0.553 18.363 21 21.895 73.667 0 0
43646 7 5 4 1 0.045 0.054 0.063 0.783 0.553 3.326 17 6.258 42.047 0.267 0
43646 8 5 4 1 0.045 0.054 0.063 0.783 0.553 16.762 32 20.492 63.733 0 0
43646 9 5 4 1 0.045 0.054 0.063 0.783 0.553 0.647 13 2.307 31.273 0.94 0
43646 10 5 4 1 0.045 0.054 0.063 0.783 0.553 0.995 9 1.991 26.82 1 0.007
43646 1 5 4 1 0.057 0.491 0.222 0.983 0.158 238.381 729 243.323 968.7 0 0
43646 2 5 4 1 0.057 0.491 0.222 0.983 0.158 241.274 910 246.298 1186.667 0 0
43646 3 5 4 1 0.057 0.491 0.222 0.983 0.158 242.62 878 246.308 1062.547 0 0
43646 4 5 4 1 0.057 0.491 0.222 0.983 0.158 240.313 827 244.79 963.107 0 0
43646 5 5 4 1 0.057 0.491 0.222 0.983 0.158 240.839 823 244.795 1014.693 0 0
43646 6 5 4 1 0.057 0.491 0.222 0.983 0.158 237.153 881 245.124 1085.293 0 0
43646 7 5 4 1 0.057 0.491 0.222 0.983 0.158 242.606 900 246.677 1124.313 0 0
43646 8 5 4 1 0.057 0.491 0.222 0.983 0.158 239.951 843 245.257 1053.08 0 0
43646 9 5 4 1 0.057 0.491 0.222 0.983 0.158 238.569 837 246.195 1125.373 0 0
43646 10 5 4 1 0.057 0.491 0.222 0.983 0.158 239.898 931 245.414 1171.78 0 0
43646 1 5 4 1 0.104 0.381 0.233 0.838 0.757 0.1 9 0.843 17.3 1 0.187
43646 2 5 4 1 0.104 0.381 0.233 0.838 0.757 0.945 10 2.108 32.613 1 0
43646 3 5 4 1 0.104 0.381 0.233 0.838 0.757 0 13 0.074 13 1 0
43646 4 5 4 1 0.104 0.381 0.233 0.838 0.757 1.044 11 2.194 27.373 1 0
43646 5 5 4 1 0.104 0.381 0.233 0.838 0.757 0.895 12 2.4 32.24 0.987 0
43646 6 5 4 1 0.104 0.381 0.233 0.838 0.757 0.1 15 1.053 26.393 1 0
43646 7 5 4 1 0.104 0.381 0.233 0.838 0.757 0 16 0.53 20.36 1 0
43646 8 5 4 1 0.104 0.381 0.233 0.838 0.757 0.846 11 2.982 30.16 1 0
43646 9 5 4 1 0.104 0.381 0.233 0.838 0.757 0.987 12 2.485 29.9 1 0
43646 10 5 4 1 0.104 0.381 0.233 0.838 0.757 1.292 11 2.41 30.96 1 0
43646 1 5 4 1 0.051 0.338 0.37 0.997 0.999 1.094 16 2.18 32.967 1 0
43646 2 5 4 1 0.051 0.338 0.37 0.997 0.999 0.796 11 1.868 29.473 1 0
43646 3 5 4 1 0.051 0.338 0.37 0.997 0.999 0.594 15 2.222 32.113 1 0
43646 4 5 4 1 0.051 0.338 0.37 0.997 0.999 0.398 18 1.778 33.327 1 0
43646 5 5 4 1 0.051 0.338 0.37 0.997 0.999 1.243 6 2.501 29.407 1 0.04
43646 6 5 4 1 0.051 0.338 0.37 0.997 0.999 0 9 0.13 9 1 1
43646 7 5 4 1 0.051 0.338 0.37 0.997 0.999 1.193 10 3.491 31.327 0.933 0
43646 8 5 4 1 0.051 0.338 0.37 0.997 0.999 0.538 12 1.638 29.227 1 0
43646 9 5 4 1 0.051 0.338 0.37 0.997 0.999 1.144 11 1.804 32.173 1 0
43646 10 5 4 1 0.051 0.338 0.37 0.997 0.999 1.293 13 2.45 33.253 1 0
43646 1 5 4 1 0.114 0.056 0.052 0.88 0.793 0.995 13 2.574 34.147 1 0
43646 2 5 4 1 0.114 0.056 0.052 0.88 0.793 0.845 21 1.936 33.187 1 0
43646 3 5 4 1 0.114 0.056 0.052 0.88 0.793 0 7 0.255 10.08 1 0.707
43646 4 5 4 1 0.114 0.056 0.052 0.88 0.793 1.094 16 2.496 32.1 1 0
43646 5 5 4 1 0.114 0.056 0.052 0.88 0.793 1.342 16 2.465 35.167 1 0
43646 6 5 4 1 0.114 0.056 0.052 0.88 0.793 0 9 0.068 9 1 1
43646 7 5 4 1 0.114 0.056 0.052 0.88 0.793 0.05 14 1.081 30.133 1 0
43646 8 5 4 1 0.114 0.056 0.052 0.88 0.793 0 15 0.305 17.987 1 0
43646 1 5 6 1 0.103 0.38 0.308 0.92 0.837 0 6 0.144 6 1 1
43646 2 5 6 1 0.103 0.38 0.308 0.92 0.837 0.05 14 0.256 14 1 0
43646 3 5 6 1 0.103 0.38 0.308 0.92 0.837 0 9 0.124 9 1 1
43646 4 5 6 1 0.103 0.38 0.308 0.92 0.837 0.199 14 1.033 24.02 1 0
43646 5 5 6 1 0.103 0.38 0.308 0.92 0.837 0.945 9 2.29 32.693 1 0.007
43646 6 5 6 1 0.103 0.38 0.308 0.92 0.837 0.547 13 1.667 26.747 1 0
43646 7 5 6 1 0.103 0.38 0.308 0.92 0.837 0.547 4 1.659 19.627 1 0.193
43646 8 5 6 1 0.103 0.38 0.308 0.92 0.837 0.647 4 1.779 19.913 1 0.173
43646 9 5 6 1 0.103 0.38 0.308 0.92 0.837 0.795 8 2.273 24.2 0.947 0.02
43646 10 5 6 1 0.103 0.38 0.308 0.92 0.837 0 10 0.079 10 1 0
43646 1 5 6 1 0.08 0.028 0.419 0.96 0.146 0.745 13 2.079 28.813 1 0
43646 2 5 6 1 0.08 0.028 0.419 0.96 0.146 0.796 9 2.355 24.367 1 0.027
43646 3 5 6 1 0.08 0.028 0.419 0.96 0.146 0.895 14 2.404 32.087 1 0
43646 4 5 6 1 0.08 0.028 0.419 0.96 0.146 0.348 12 1.524 25.98 1 0
43646 5 5 6 1 0.08 0.028 0.419 0.96 0.146 0.547 6 2.036 23.127 1 0.067
43646 6 5 6 1 0.08 0.028 0.419 0.96 0.146 0.696 11 1.534 25.493 1 0
43646 7 5 6 1 0.08 0.028 0.419 0.96 0.146 0.547 13 1.824 28.507 1 0
43646 8 5 6 1 0.08 0.028 0.419 0.96 0.146 0.795 15 2.073 31.06 1 0
43646 9 5 6 1 0.08 0.028 0.419 0.96 0.146 0 10 0.875 19.8 1 0
43646 10 5 6 1 0.08 0.028 0.419 0.96 0.146 0.497 14 1.571 27.907 1 0
43646 1 5 6 1 0.002 0.12 0.084 0.997 0.931 0 10 0.711 14.84 1 0
43646 2 5 6 1 0.002 0.12 0.084 0.997 0.931 0.845 17 2.613 33.987 1 0
43646 3 5 6 1 0.002 0.12 0.084 0.997 0.931 0.05 9 0.209 9.253 1 0.747
43646 4 5 6 1 0.002 0.12 0.084 0.997 0.931 0.896 12 1.822 28.313 1 0
43646 5 5 6 1 0.002 0.12 0.084 0.997 0.931 0.696 7 1.519 24.553 1 0.04
43646 6 5 6 1 0.002 0.12 0.084 0.997 0.931 0 6 0.093 6 1 1
43646 7 5 6 1 0.002 0.12 0.084 0.997 0.931 0 11 0.156 11.3 1 0
43646 8 5 6 1 0.002 0.12 0.084 0.997 0.931 0.398 9 1.287 23.487 1 0.007
43646 9 5 6 1 0.002 0.12 0.084 0.997 0.931 0.398 11 1.494 22.867 1 0
43646 10 5 6 1 0.002 0.12 0.084 0.997 0.931 1.391 13 2.322 26.52 1 0
43646 1 5 6 1 0.102 0.065 0.497 0.801 0.217 0.846 20 2.249 34.513 1 0
43646 2 5 6 1 0.102 0.065 0.497 0.801 0.217 0.597 8 1.615 23.613 1 0.053
43646 3 5 6 1 0.102 0.065 0.497 0.801 0.217 0 5 0.017 5 1 1
43646 4 5 6 1 0.102 0.065 0.497 0.801 0.217 0.546 15 1.549 25.367 1 0
43646 5 5 6 1 0.102 0.065 0.497 0.801 0.217 0 5 0.011 5 1 1
43646 6 5 6 1 0.102 0.065 0.497 0.801 0.217 0.1 11 0.904 25 1 0
43646 7 5 6 1 0.102 0.065 0.497 0.801 0.217 0.547 12 1.673 24.707 1 0
43646 8 5 6 1 0.102 0.065 0.497 0.801 0.217 0.249 13 2.076 25.5 1 0
43646 9 5 6 1 0.102 0.065 0.497 0.801 0.217 0.348 11 2.016 27.953 1 0
43646 10 5 6 1 0.102 0.065 0.497 0.801 0.217 0.398 11 2.18 25.98 0.9 0
43646 1 5 6 1 0.006 0.379 0.238 0.881 0.674 0.149 9 1.603 23.253 1 0.027
43646 2 5 6 1 0.006 0.379 0.238 0.881 0.674 0 7 0.146 7 1 1
43646 3 5 6 1 0.006 0.379 0.238 0.881 0.674 0 14 0.252 15.48 1 0
43646 4 5 6 1 0.006 0.379 0.238 0.881 0.674 0.199 9 1.415 25.933 1 0.033
43646 5 5 6 1 0.006 0.379 0.238 0.881 0.674 0 4 0.346 9.44 1 0.713
43646 6 5 6 1 0.006 0.379 0.238 0.881 0.674 0.745 9 1.885 28.06 1 0.033
43646 7 5 6 1 0.006 0.379 0.238 0.881 0.674 0.398 14 1.373 26.667 1 0
43646 8 5 6 1 0.006 0.379 0.238 0.881 0.674 0.498 13 1.516 26.52 1 0
43646 9 5 6 1 0.006 0.379 0.238 0.881 0.674 0.845 10 2.128 29.673 1 0
43646 10 5 6 1 0.006 0.379 0.238 0.881 0.674 3.472 13 5.636 35.033 0.36 0
43646 1 5 6 1 0.088 0.045 0.319 0.974 0.585 0.796 12 1.579 25.887 1 0
43646 2 5 6 1 0.088 0.045 0.319 0.974 0.585 0.398 9 1.826 27.06 1 0.007
43646 3 5 6 1 0.088 0.045 0.319 0.974 0.585 0 6 0.022 6 1 1
43646 4 5 6 1 0.088 0.045 0.319 0.974 0.585 1.092 14 1.798 27.567 1 0
43646 5 5 6 1 0.088 0.045 0.319 0.974 0.585 1.492 12 2.723 30.307 1 0
43646 6 5 6 1 0.088 0.045 0.319 0.974 0.585 0 12 0.164 13.767 1 0
43646 7 5 6 1 0.088 0.045 0.319 0.974 0.585 0 12 0.102 12 1 0
43646 8 5 6 1 0.088 0.045 0.319 0.974 0.585 0 5 0.022 5 1 1
43646 9 5 6 1 0.088 0.045 0.319 0.974 0.585 0.448 9 1.619 21.487 1 0.033
43646 10 5 6 1 0.088 0.045 0.319 0.974 0.585 0.498 8 1.623 24.367 1 0.033
43646 1 5 6 1 0.012 0.34 0.285 0.913 0.063 240.204 932 245.944 1156.333 0 0
43646 2 5 6 1 0.012 0.34 0.285 0.913 0.063 239.263 887 245.623 1138.333 0 0
43646 3 5 6 1 0.012 0.34 0.285 0.913 0.063 240.527 898 247.09 1144.06 0 0
43646 4 5 6 1 0.012 0.34 0.285 0.913 0.063 238.076 869 245.606 1138.407 0 0
43646 5 5 6 1 0.012 0.34 0.285 0.913 0.063 240.646 858 245.775 1068.02 0 0
43646 6 5 6 1 0.012 0.34 0.285 0.913 0.063 241.102 892 246.689 1181.04 0 0
43646 7 5 6 1 0.012 0.34 0.285 0.913 0.063 240.686 879 246.276 1064.213 0 0
43646 8 5 6 1 0.012 0.34 0.285 0.913 0.063 241.207 818 246.747 1050.387 0 0
43646 9 5 6 1 0.012 0.34 0.285 0.913 0.063 243.304 890 246.802 1116.14 0 0
43646 10 5 6 1 0.012 0.34 0.285 0.913 0.063 238.262 783 245.083 1036.787 0 0
43646 1 5 6 1 0.096 0.204 0.47 0.83 0.405 0.646 15 2.953 32.42 0.88 0
43646 2 5 6 1 0.096 0.204 0.47 0.83 0.405 0.597 8 1.196 21.327 1 0.08
43646 3 5 6 1 0.096 0.204 0.47 0.83 0.405 0 9 0.074 9 1 1
43646 4 5 6 1 0.096 0.204 0.47 0.83 0.405 0.149 16 1.049 24.327 1 0
43646 5 5 6 1 0.096 0.204 0.47 0.83 0.405 0.646 13 1.351 23.92 1 0
43646 6 5 6 1 0.096 0.204 0.47 0.83 0.405 0 10 0.127 10 1 0
43646 7 5 6 1 0.096 0.204 0.47 0.83 0.405 0 10 0.121 10 1 0
43646 8 5 6 1 0.096 0.204 0.47 0.83 0.405 0.597 8 1.602 23.32 1 0.04
43646 9 5 6 1 0.096 0.204 0.47 0.83 0.405 0.05 14 1.163 23.293 1 0
43646 10 5 6 1 0.096 0.204 0.47 0.83 0.405 0 12 0.147 12 1 0
43646 1 5 6 1 0.113 0.32 0.35 0.8 0.371 19.199 31 21.432 73.547 0 0
43646 2 5 6 1 0.113 0.32 0.35 0.8 0.371 19.832 23 22.663 77.847 0 0
43646 3 5 6 1 0.113 0.32 0.35 0.8 0.371 19.526 28 23.248 76.087 0 0
43646 4 5 6 1 0.113 0.32 0.35 0.8 0.371 21.829 29 23.856 72.267 0 0
43646 5 5 6 1 0.113 0.32 0.35 0.8 0.371 1.143 15 2.582 32.933 1 0
43646 6 5 6 1 0.113 0.32 0.35 0.8 0.371 20.893 30 25.295 74.413 0 0
43646 1 5 9 1 0.028 0.348 0.288 0.808 0.92 236.934 1 245.288 33.007 0 0.693
43646 2 5 9 1 0.028 0.348 0.288 0.808 0.92 228.693 1 244.649 33.407 0 0.72
43646 3 5 9 1 0.028 0.348 0.288 0.808 0.92 230.12 3 245.584 34.513 0 0.72
43646 4 5 9 1 0.028 0.348 0.288 0.808 0.92 238.249 2 244.814 26.907 0 0.753
43646 5 5 9 1 0.028 0.348 0.288 0.808 0.92 232.641 3 244.509 32.373 0 0.72
43646 6 5 9 1 0.028 0.348 0.288 0.808 0.92 236.446 1 244.494 32.773 0 0.707
43646 7 5 9 1 0.028 0.348 0.288 0.808 0.92 231.491 0 243.618 30.313 0 0.72
43646 8 5 9 1 0.028 0.348 0.288 0.808 0.92 232.093 2 243.672 27.373 0 0.767
43646 9 5 9 1 0.028 0.348 0.288 0.808 0.92 238.293 3 245.439 34.16 0 0.713
43646 10 5 9 1 0.028 0.348 0.288 0.808 0.92 228.467 2 244.545 35.007 0 0.733
43646 1 5 9 1 0.112 0.049 0.289 0.938 0.727 222.584 0 244.502 34.193 0 0.693
43646 2 5 9 1 0.112 0.049 0.289 0.938 0.727 233.788 2 244.87 32.273 0 0.753
43646 3 5 9 1 0.112 0.049 0.289 0.938 0.727 228.827 2 244.153 32.96 0 0.72
43646 4 5 9 1 0.112 0.049 0.289 0.938 0.727 232.441 3 243.633 33.847 0 0.673
43646 5 5 9 1 0.112 0.049 0.289 0.938 0.727 0 4 0 4 1 1
43646 6 5 9 1 0.112 0.049 0.289 0.938 0.727 231.965 1 244.26 29.76 0 0.74
43646 7 5 9 1 0.112 0.049 0.289 0.938 0.727 232.625 1 243.384 31.147 0 0.72
43646 8 5 9 1 0.112 0.049 0.289 0.938 0.727 227.789 2 242.936 37.667 0 0.7
43646 9 5 9 1 0.112 0.049 0.289 0.938 0.727 234.222 1 245.958 29.853 0 0.673
43646 10 5 9 1 0.112 0.049 0.289 0.938 0.727 228.775 0 242.481 31.367 0 0.747
43646 1 5 9 1 0.027 0.075 0.091 0.842 0.036 247.539 2049 249.302 2362.9 0 0
43646 2 5 9 1 0.027 0.075 0.091 0.842 0.036 247.017 2109 249.184 2457.987 0 0
43646 3 5 9 1 0.027 0.075 0.091 0.842 0.036 247.588 2193 249.366 2630.387 0 0
43646 4 5 9 1 0.027 0.075 0.091 0.842 0.036 246.074 1642 249.104 2517.747 0 0
43646 5 5 9 1 0.027 0.075 0.091 0.842 0.036 246.829 1915 249.069 2413.133 0 0
43646 6 5 9 1 0.027 0.075 0.091 0.842 0.036 247.668 2072 249.257 2470.14 0 0
43646 7 5 9 1 0.027 0.075 0.091 0.842 0.036 246.685 2055 249.361 2629.713 0 0
43646 8 5 9 1 0.027 0.075 0.091 0.842 0.036 247.444 2006 249.256 2416.42 0 0
43646 9 5 9 1 0.027 0.075 0.091 0.842 0.036 245.868 1890 248.839 2246.66 0 0
43646 10 5 9 1 0.027 0.075 0.091 0.842 0.036 246.557 1870 248.967 2192.173 0 0
43646 1 5 9 1 0.093 0.279 0.026 0.869 0.556 35.445 52 39.71 154.567 0 0
43646 2 5 9 1 0.093 0.279 0.026 0.869 0.556 52.248 92 60.486 188.333 0 0
43646 3 5 9 1 0.093 0.279 0.026 0.869 0.556 60.982 71 73.735 244.893 0 0
43646 4 5 9 1 0.093 0.279 0.026 0.869 0.556 45.241 63 52.76 167.353 0 0
43646 5 5 9 1 0.093 0.279 0.026 0.869 0.556 68.109 68 74.957 234.007 0 0
43646 6 5 9 1 0.093 0.279 0.026 0.869 0.556 47.057 35 55.564 155.433 0 0
43646 7 5 9 1 0.093 0.279 0.026 0.869 0.556 26.405 48 33.11 104.653 0 0
43646 8 5 9 1 0.093 0.279 0.026 0.869 0.556 39.47 39 47.178 154.073 0 0
43646 9 5 9 1 0.093 0.279 0.026 0.869 0.556 36.05 63 43.567 172.493 0 0
43646 10 5 9 1 0.093 0.279 0.026 0.869 0.556 53.485 57 59.078 175.613 0 0
43646 1 5 9 1 0.036 0.359 0.215 0.797 0.843 229.575 2 244.444 39.367 0 0.7
43646 2 5 9 1 0.036 0.359 0.215 0.797 0.843 229.411 3 243.346 32.82 0 0.693
43646 3 5 9 1 0.036 0.359 0.215 0.797 0.843 233.902 1 244.04 34.707 0 0.7
43646 4 5 9 1 0.036 0.359 0.215 0.797 0.843 234.864 1 245.632 33.907 0 0.713
43646 5 5 9 1 0.036 0.359 0.215 0.797 0.843 235.914 2 244.935 33.453 0 0.733
43646 6 5 9 1 0.036 0.359 0.215 0.797 0.843 234.224 0 243.438 37.973 0 0.693
43646 7 5 9 1 0.036 0.359 0.215 0.797 0.843 224.335 0 241.994 27.873 0 0.74
43646 8 5 9 1 0.036 0.359 0.215 0.797 0.843 235.667 2 245.659 32.12 0 0.747
43646 9 5 9 1 0.036 0.359 0.215 0.797 0.843 232.567 1 245.401 28.873 0 0.727
43646 10 5 9 1 0.036 0.359 0.215 0.797 0.843 0 5 0.014 5 1 1
43646 1 5 9 1 0.018 0.328 0.11 0.944 0.12 244.571 1307 248.315 1641.38 0 0
43646 2 5 9 1 0.018 0.328 0.11 0.944 0.12 243.634 1272 247.794 1596.84 0 0
43646 3 5 9 1 0.018 0.328 0.11 0.944 0.12 246.02 1487 248.471 1793.66 0 0
43646 4 5 9 1 0.018 0.328 0.11 0.944 0.12 246.97 1424 249.195 2012.647 0 0
43646 5 5 9 1 0.018 0.328 0.11 0.944 0.12 246.596 1513 248.825 1911.507 0 0
43646 6 5 9 1 0.018 0.328 0.11 0.944 0.12 246.406 1543 248.736 1895.567 0 0
43646 7 5 9 1 0.018 0.328 0.11 0.944 0.12 245.296 1367 248.468 1682.2 0 0
43646 8 5 9 1 0.018 0.328 0.11 0.944 0.12 246.446 1476 248.921 1998.407 0 0
43646 9 5 9 1 0.018 0.328 0.11 0.944 0.12 243.631 1487 248.048 1750.347 0 0
43646 10 5 9 1 0.018 0.328 0.11 0.944 0.12 245.88 1303 248.603 1696.667 0 0
43646 1 5 9 1 0.07 0.035 0.353 0.911 0.48 230.048 3 244.713 35.473 0 0.7
43646 2 5 9 1 0.07 0.035 0.353 0.911 0.48 237.128 1 244.817 30.773 0 0.667
43646 3 5 9 1 0.07 0.035 0.353 0.911 0.48 233.75 1 243.816 36.2 0 0.72
43646 4 5 9 1 0.07 0.035 0.353 0.911 0.48 221.905 2 241.067 29.88 0 0.713
43646 5 5 9 1 0.07 0.035 0.353 0.911 0.48 233.615 4 242.913 36.073 0 0.713
43646 6 5 9 1 0.07 0.035 0.353 0.911 0.48 230.888 2 244.832 35.46 0 0.733
43646 7 5 9 1 0.07 0.035 0.353 0.911 0.48 234.178 2 244.563 32.76 0 0.687
43646 8 5 9 1 0.07 0.035 0.353 0.911 0.48 231.915 0 244.987 35.393 0 0.693
43646 9 5 9 1 0.07 0.035 0.353 0.911 0.48 231.391 0 244.09 30.687 0 0.767
43646 10 5 9 1 0.07 0.035 0.353 0.911 0.48 235.04 0 244.454 32.367 0 0.693
43646 1 5 9 1 0.064 0.432 0.391 0.912 0.971 228.593 0 242.716 35.46 0 0.7
43646 1 5 6 0 0.088 0.042 0.225 0.903 0.816 0.697 12 1.99 29.94 1 0
43646 2 5 6 0 0.088 0.042 0.225 0.903 0.816 0.639 10 2.016 30.413 1 0
43646 3 5 6 0 0.088 0.042 0.225 0.903 0.816 0.746 14 1.837 26.1 1 0
43646 4 5 6 0 0.088 0.042 0.225 0.903 0.816 0.647 14 1.47 29.493 1 0
43646 5 5 6 0 0.088 0.042 0.225 0.903 0.816 0.895 9 2.362 29.34 1 0.013
43646 6 5 6 0 0.088 0.042 0.225 0.903 0.816 0.448 4 1.477 18.033 1 0.18
43646 7 5 6 0 0.088 0.042 0.225 0.903 0.816 0.149 13 1.225 25.033 1 0
43646 8 5 6 0 0.088 0.042 0.225 0.903 0.816 0 11 0.034 11 1 0
43646 9 5 6 0 0.088 0.042 0.225 0.903 0.816 0.447 10 1.94 26.047 1 0
43646 10 5 6 0 0.088 0.042 0.225 0.903 0.816 0.448 10 1.444 22.373 1 0
43646 1 5 6 0 0.028 0.154 0.083 0.753 0.614 0 11 0.181 11 1 0
43646 2 5 6 0 0.028 0.154 0.083 0.753 0.614 1.989 6 3.448 30.74 0.887 0.113
43646 3 5 6 0 0.028 0.154 0.083 0.753 0.614 0 10 0.083 10 1 0
43646 4 5 6 0 0.028 0.154 0.083 0.753 0.614 0 7 0 7 1 1
43646 5 5 6 0 0.028 0.154 0.083 0.753 0.614 0 12 0.039 12 1 0
43646 6 5 6 0 0.028 0.154 0.083 0.753 0.614 0.697 7 1.918 21.947 1 0.147
43646 7 5 6 0 0.028 0.154 0.083 0.753 0.614 0 8 0.085 8 1 1
43646 8 5 6 0 0.028 0.154 0.083 0.753 0.614 0.547 8 1.843 26.107 1 0.107
43646 9 5 6 0 0.028 0.154 0.083 0.753 0.614 0.547 17 1.586 29.287 1 0
43646 10 5 6 0 0.028 0.154 0.083 0.753 0.614 0.05 10 1.159 20.74 1 0
43646 1 5 6 0 0.034 0.393 0.048 0.919 0.364 239.906 748 246.195 1605.76 0 0
43646 2 5 6 0 0.034 0.393 0.048 0.919 0.364 234.787 427 246.8 1779.253 0 0
43646 3 5 6 0 0.034 0.393 0.048 0.919 0.364 241.067 749 247.241 1770.307 0 0
43646 4 5 6 0 0.034 0.393 0.048 0.919 0.364 238.083 214 246.415 1609.893 0 0
43646 5 5 6 0 0.034 0.393 0.048 0.919 0.364 239.1 578 246.309 1502.7 0 0
43646 6 5 6 0 0.034 0.393 0.048 0.919 0.364 240.325 701 247.23 1626.86 0 0
43646 7 5 6 0 0.034 0.393 0.048 0.919 0.364 241.551 714 246.773 1615.52 0 0
43646 8 5 6 0 0.034 0.393 0.048 0.919 0.364 240.152 911 247.872 1873.487 0 0
43646 9 5 6 0 0.034 0.393 0.048 0.919 0.364 242.047 836 246.836 1658.307 0 0
43646 10 5 6 0 0.034 0.393 0.048 0.919 0.364 235.835 583 246.207 1570.833 0 0
43646 1 5 6 0 0.078 0.403 0.293 0.845 0.543 0.398 13 1.939 31.84 1 0
43646 2 5 6 0 0.078 0.403 0.293 0.845 0.543 0 13 0.483 16.36 1 0
43646 3 5 6 0 0.078 0.403 0.293 0.845 0.543 0.547 8 1.255 22.793 1 0.1
43646 4 5 6 0 0.078 0.403 0.293 0.845 0.543 0 9 1.41 22.833 1 0.053
43646 5 5 6 0 0.078 0.403 0.293 0.845 0.543 0.796 12 1.961 26.833 1 0
43646 6 5 6 0 0.078 0.403 0.293 0.845 0.543 1.715 10 3.027 30.193 0.967 0
43646 7 5 6 0 0.078 0.403 0.293 0.845 0.543 0.697 14 1.448 30.08 1 0
43646 8 5 6 0 0.078 0.403 0.293 0.845 0.543 0.348 10 1.472 22.293 1 0
43646 9 5 6 0 0.078 0.403 0.293 0.845 0.543 0.945 11 1.713 27.833 1 0
43646 10 5 6 0 0.078 0.403 0.293 0.845 0.543 0.448 10 1.436 21.953 1 0
43646 1 5 6 0 0.093 0.149 0.144 0.755 0.894 0 4 0.029 4 1 1
43646 2 5 6 0 0.093 0.149 0.144 0.755 0.894 0.894 13 1.768 31 1 0
43646 3 5 6 0 0.093 0.149 0.144 0.755 0.894 0.647 13 1.708 29.88 1 0
43646 4 5 6 0 0.093 0.149 0.144 0.755 0.894 0.498 12 1.721 24.193 1 0
43646 5 5 6 0 0.093 0.149 0.144 0.755 0.894 0.447 9 1.75 22.293 1 0.007
43646 6 5 6 0 0.093 0.149 0.144 0.755 0.894 0.697 14 1.671 29.093 1 0
43646 7 5 6 0 0.093 0.149 0.144 0.755 0.894 0.745 15 1.779 29.793 1 0
43646 8 5 6 0 0.093 0.149 0.144 0.755 0.894 0 9 0.13 9 1 1
43646 9 5 6 0 0.093 0.149 0.144 0.755 0.894 0 10 0.101 10 1 0
43646 10 5 6 0 0.093 0.149 0.144 0.755 0.894 0 9 0.095 9.887 1 0.76
43646 1 5 6 0 0.048 0.208 0.329 0.921 0.865 0 8 0.181 8 1 1
43646 2 5 6 0 0.048 0.208 0.329 0.921 0.865 0.149 12 0.874 21.547 1 0
43646 3 5 6 0 0.048 0.208 0.329 0.921 0.865 0.945 12 2.195 29.653 1 0
43646 4 5 6 0 0.048 0.208 0.329 0.921 0.865 0.498 9 1.082 19.1 1 0.027
43646 5 5 6 0 0.048 0.208 0.329 0.921 0.865 0 11 0.004 11 1 0
43646 6 5 6 0 0.048 0.208 0.329 0.921 0.865 0.05 7 1.325 22.8 1 0.033
43646 7 5 6 0 0.048 0.208 0.329 0.921 0.865 0 13 0.141 13 1 0
43646 8 5 6 0 0.048 0.208 0.329 0.921 0.865 0.796 12 2.011 29.393 1 0
43646 9 5 6 0 0.048 0.208 0.329 0.921 0.865 0.05 14 0.224 15.967 1 0
43646 10 5 6 0 0.048 0.208 0.329 0.921 0.865 0.398 8 1.815 22.98 1 0.047
43646 1 5 6 0 0.118 0.379 0.27 0.99 0.26 77.081 5 84.712 230.12 0 0.067
43646 2 5 6 0 0.118 0.379 0.27 0.99 0.26 127.71 7 138.9 454.807 0 0.1
43646 3 5 6 0 0.118 0.379 0.27 0.99 0.26 68.959 5 77.706 186.62 0 0.247
43646 4 5 6 0 0.118 0.379 0.27 0.99 0.26 52.911 13 60.757 264.933 0 0
43646 5 5 6 0 0.118 0.379 0.27 0.99 0.26 74.919 10 82.457 304.9 0 0
43646 6 5 6 0 0.118 0.379 0.27 0.99 0.26 118.533 6 128.501 360.667 0 0.087
43646 7 5 6 0 0.118 0.379 0.27 0.99 0.26 66.288 9 77.211 282.633 0 0.033
43646 8 5 6 0 0.118 0.379 0.27 0.99 0.26 58.195 13 66.145 219.46 0 0
43646 9 5 6 0 0.118 0.379 0.27 0.99 0.26 101.42 6 109.281 305.453 0 0.087
43646 10 5 6 0 0.118 0.379 0.27 0.99 0.26 111.411 10 123.439 377.613 0 0
43646 1 5 6 0 0.091 0.066 0.115 0.804 0.689 0.498 9 1.844 29.3 1 0.007
43646 2 5 6 0 0.091 0.066 0.115 0.804 0.689 0 12 0.129 12 1 0
43646 3 5 6 0 0.091 0.066 0.115 0.804 0.689 0.547 11 1.53 25.347 1 0
43646 4 5 6 0 0.091 0.066 0.115 0.804 0.689 0 9 0.069 9 1 1
43646 5 5 6 0 0.091 0.066 0.115 0.804 0.689 0 10 0.204 10.327 1 0
43646 6 5 6 0 0.091 0.066 0.115 0.804 0.689 0.149 20 1.117 29.08 1 0
43646 7 5 6 0 0.091 0.066 0.115 0.804 0.689 1.242 12 2.277 31.22 1 0
43646 8 5 6 0 0.091 0.066 0.115 0.804 0.689 1.094 15 2.093 30.12 1 0
43646 9 5 6 0 0.091 0.066 0.115 0.804 0.689 0.149 8 0.987 21.4 1 0.047
43646 10 5 6 0 0.091 0.066 0.115 0.804 0.689 0.646 13 1.241 25.967 1 0
43646 1 5 6 0 0.118 0.149 0.208 0.819 0.415 0.746 12 1.795 26.673 1 0
43646 2 5 6 0 0.118 0.149 0.208 0.819 0.415 0 9 0.153 9 1 1
43646 3 5 6 0 0.118 0.149 0.208 0.819 0.415 0.498 19 1.468 28.687 1 0
43646 4 5 6 0 0.118 0.149 0.208 0.819 0.415 25.126 4 31.63 63.427 0 0.307
43646 5 5 6 0 0.118 0.149 0.208 0.819 0.415 0.05 13 0.145 13 1 0
43646 6 5 6 0 0.118 0.149 0.208 0.819 0.415 0.993 14 1.909 30.273 1 0
43646 7 5 6 0 0.118 0.149 0.208 0.819 0.415 0 14 0.045 14 1 0
43646 8 5 6 0 0.118 0.149 0.208 0.819 0.415 0.199 14 2.542 31.507 0.987 0
43646 9 5 6 0 0.118 0.149 0.208 0.819 0.415 0 8 0.092 8 1 1
43646 10 5 6 0 0.118 0.149 0.208 0.819 0.415 0 14 0.198 14.067 1 0
43646 1 5 6 0 0.067 0.287 0.23 0.918 0.194 231.638 5 243.555 1102.507 0 0.007
43646 1 5 7 0 0.025 0.335 0.448 0.815 0.732 0.745 10 1.463 22.8 1 0
43646 2 5 7 0 0.025 0.335 0.448 0.815 0.732 0.647 10 2.166 26.2 1 0
43646 3 5 7 0 0.025 0.335 0.448 0.815 0.732 0 8 0.192 8.627 1 0.9
43646 4 5 7 0 0.025 0.335 0.448 0.815 0.732 0.497 11 2.127 27.987 1 0
43646 5 5 7 0 0.025 0.335 0.448 0.815 0.732 0.846 14 1.56 27.733 1 0
43646 6 5 7 0 0.025 0.335 0.448 0.815 0.732 0 7 0.279 9.1 1 0.52
43646 7 5 7 0 0.025 0.335 0.448 0.815 0.732 20.041 8 26.556 24.353 0 0.2
43646 8 5 7 0 0.025 0.335 0.448 0.815 0.732 0 7 0.202 7 1 1
43646 9 5 7 0 0.025 0.335 0.448 0.815 0.732 0 10 0.083 10 1 0
43646 10 5 7 0 0.025 0.335 0.448 0.815 0.732 0 8 0.084 8 1 1
43646 1 5 7 0 0.007 0.155 0.002 0.874 0.462 245.946 1734 249.326 2634.233 0 0
43646 2 5 7 0 0.007 0.155 0.002 0.874 0.462 246.676 2004 249.34 2843.9 0 0
43646 3 5 7 0 0.007 0.155 0.002 0.874 0.462 246.16 2142 249.327 2860.88 0 0
43646 4 5 7 0 0.007 0.155 0.002 0.874 0.462 248.214 2369 249.561 3004.747 0 0
43646 5 5 7 0 0.007 0.155 0.002 0.874 0.462 246.124 1908 249.207 2698.367 0 0
43646 6 5 7 0 0.007 0.155 0.002 0.874 0.462 246.65 1896 249.242 2481.7 0 0
43646 7 5 7 0 0.007 0.155 0.002 0.874 0.462 246.681 2541 249.474 3326.62 0 0
43646 8 5 7 0 0.007 0.155 0.002 0.874 0.462 247.075 1951 249.421 2822.28 0 0
43646 9 5 7 0 0.007 0.155 0.002 0.874 0.462 247.593 2223 249.503 3187.553 0 0
43646 10 5 7 0 0.007 0.155 0.002 0.874 0.462 246.305 1733 249.162 2390.427 0 0
43646 1 5 7 0 0.047 0.441 0.347 0.768 0.288 35.491 12 39.724 127.58 0 0
43646 2 5 7 0 0.047 0.441 0.347 0.768 0.288 0 8 0 8 1 1
43646 3 5 7 0 0.047 0.441 0.347 0.768 0.288 19.015 17 22.656 89.307 0 0
43646 4 5 7 0 0.047 0.441 0.347 0.768 0.288 5.41 11 9.619 55.24 0 0
43646 5 5 7 0 0.047 0.441 0.347 0.768 0.288 28.533 13 32.704 99.82 0 0
43646 6 5 7 0 0.047 0.441 0.347 0.768 0.288 26.536 15 36.142 121.133 0 0
43646 7 5 7 0 0.047 0.441 0.347 0.768 0.288 0.299 9 1.847 29.427 0.967 0.013
43646 8 5 7 0 0.047 0.441 0.347 0.768 0.288 5.469 7 13.957 60.293 0 0.12
43646 9 5 7 0 0.047 0.441 0.347 0.768 0.288 20.693 9 22.942 69.647 0 0.027
43646 10 5 7 0 0.047 0.441 0.347 0.768 0.288 27.53 12 30.954 102.087 0 0
43646 1 5 7 0 0.045 0.162 0.206 0.883 0.08 227.536 226 242.659 1285.707 0 0
43646 2 5 7 0 0.045 0.162 0.206 0.883 0.08 228.919 79 242.382 1071.78 0 0
43646 3 5 7 0 0.045 0.162 0.206 0.883 0.08 236.025 245 243.952 1289.807 0 0
43646 4 5 7 0 0.045 0.162 0.206 0.883 0.08 236.116 231 245.022 1363.76 0 0
43646 5 5 7 0 0.045 0.162 0.206 0.883 0.08 233.001 466 242.527 1122.12 0 0
43646 6 5 7 0 0.045 0.162 0.206 0.883 0.08 235.188 275 244.148 1261.22 0 0
43646 7 5 7 0 0.045 0.162 0.206 0.883 0.08 235.071 143 244.138 1223.313 0 0
43646 8 5 7 0 0.045 0.162 0.206 0.883 0.08 237.873 30 244.919 1177.007 0 0
43646 9 5 7 0 0.045 0.162 0.206 0.883 0.08 232.902 504 244.176 1412.94 0 0
43646 10 5 7 0 0.045 0.162 0.206 0.883 0.08 233.726 384 243.646 1279.293 0 0
43646 1 5 7 0 0.059 0.499 0.067 0.88 0.831 0 7 0.048 7 1 1
43646 2 5 7 0 0.059 0.499 0.067 0.88 0.831 0.348 11 2.085 26.713 1 0
43646 3 5 7 0 0.059 0.499 0.067 0.88 0.831 0 8 0.074 8 1 1
43646 4 5 7 0 0.059 0.499 0.067 0.88 0.831 0.398 10 2.344 28.933 1 0
43646 5 5 7 0 0.059 0.499 0.067 0.88 0.831 0.746 15 2.023 32.193 1 0
43646 6 5 7 0 0.059 0.499 0.067 0.88 0.831 0.1 9 0.419 11.513 1 0.087
43646 7 5 7 0 0.059 0.499 0.067 0.88 0.831 0.199 10 1.052 20.44 1 0
43646 8 5 7 0 0.059 0.499 0.067 0.88 0.831 0.299 10 1.61 24.167 1 0
43646 9 5 7 0 0.059 0.499 0.067 0.88 0.831 0.739 13 1.592 28.18 1 0
43646 10 5 7 0 0.059 0.499 0.067 0.88 0.831 0 10 0.013 10 1 0
43646 1 5 7 0 0.093 0.352 0.058 0.847 0.498 81.697 10 90.854 205.44 0 0
43646 2 5 7 0 0.093 0.352 0.058 0.847 0.498 32.892 9 40.328 108.287 0 0.007
43646 3 5 7 0 0.093 0.352 0.058 0.847 0.498 81.758 11 91.899 176.833 0 0
43646 4 5 7 0 0.093 0.352 0.058 0.847 0.498 71.856 8 78.844 162.547 0 0.027
43646 5 5 7 0 0.093 0.352 0.058 0.847 0.498 79.47 2 88.004 167.787 0 0.153
43646 6 5 7 0 0.093 0.352 0.058 0.847 0.498 73.48 9 85.677 201.74 0 0.027
43646 7 5 7 0 0.093 0.352 0.058 0.847 0.498 81.711 10 90.782 191 0 0
43646 8 5 7 0 0.093 0.352 0.058 0.847 0.498 71.821 4 80.119 161.273 0 0.207
43646 9 5 7 0 0.093 0.352 0.058 0.847 0.498 50.939 8 61.583 167.907 0 0.067
43646 10 5 7 0 0.093 0.352 0.058 0.847 0.498 78.903 6 88.408 204.107 0 0.02
43646 1 5 7 0 0.016 0.364 0.353 0.997 0.975 0.498 17 1.402 28.087 1 0
43646 2 5 7 0 0.016 0.364 0.353 0.997 0.975 0.547 18 1.924 30.52 1 0
43646 3 5 7 0 0.016 0.364 0.353 0.997 0.975 0.199 11 1.752 23.113 1 0
43646 4 5 7 0 0.016 0.364 0.353 0.997 0.975 0.199 15 0.682 19.093 1 0
43646 5 5 7 0 0.016 0.364 0.353 0.997 0.975 0 8 0.154 8 1 1
43646 6 5 7 0 0.016 0.364 0.353 0.997 0.975 0.05 5 0.737 11.093 1 0.74
43646 7 5 7 0 0.016 0.364 0.353 0.997 0.975 0 15 0.164 16.507 1 0
43646 8 5 7 0 0.016 0.364 0.353 0.997 0.975 0.05 10 0.462 16.927 1 0
43646 9 5 7 0 0.016 0.364 0.353 0.997 0.975 0 12 0.151 13.973 1 0
43646 10 5 7 0 0.016 0.364 0.353 0.997 0.975 0.896 10 1.944 29.767 1 0
43646 1 5 7 0 0.113 0.217 0.473 0.853 0.091 103.5 4 112.554 298.133 0 0.133
43646 2 5 7 0 0.113 0.217 0.473 0.853 0.091 131.298 6 138.675 359.48 0 0.027
43646 3 5 7 0 0.113 0.217 0.473 0.853 0.091 130.956 11 139.888 460.567 0 0
43646 4 5 7 0 0.113 0.217 0.473 0.853 0.091 110.433 4 123.16 339.707 0 0.2
43646 5 5 7 0 0.113 0.217 0.473 0.853 0.091 148.652 8 157.07 436.113 0 0.073
43646 6 5 7 0 0.113 0.217 0.473 0.853 0.091 67.37 5 75.117 137.293 0 0.393
43646 7 5 7 0 0.113 0.217 0.473 0.853 0.091 58.626 4 66.846 245.113 0 0.02
43646 8 5 7 0 0.113 0.217 0.473 0.853 0.091 113.227 4 120.048 390.98 0 0.02
43646 9 5 7 0 0.113 0.217 0.473 0.853 0.091 83.313 7 91.993 209.3 0 0.047
43646 10 5 7 0 0.113 0.217 0.473 0.853 0.091 100.424 25 113.692 349.673 0 0
43646 1 5 7 0 0.029 0.16 0.244 0.932 0.633 0.796 7 2.215 18.4 1 0.133
43646 2 5 7 0 0.029 0.16 0.244 0.932 0.633 0.448 15 1.221 26.553 1 0
43646 3 5 7 0 0.029 0.16 0.244 0.932 0.633 0 10 0.132 10 1 0
43646 1 5 4 1 0.075 0.005 0.141 0.902 0.844 0.647 15 2.608 33.48 0.967 0
43646 2 5 4 1 0.075 0.005 0.141 0.902 0.844 1.093 12 1.746 26.333 1 0
43646 3 5 4 1 0.075 0.005 0.141 0.902 0.844 0.796 13 1.836 30.64 1 0
43646 4 5 4 1 0.075 0.005 0.141 0.902 0.844 0 12 1.283 21.387 1 0
43646 5 5 4 1 0.075 0.005 0.141 0.902 0.844 0.597 10 1.367 23.533 1 0
43646 6 5 4 1 0.075 0.005 0.141 0.902 0.844 2.825 10 4.422 28.173 0.74 0
43646 7 5 4 1 0.075 0.005 0.141 0.902 0.844 0.398 13 1.813 30.36 1 0
43646 8 5 4 1 0.075 0.005 0.141 0.902 0.844 0.846 7 2.401 25.92 1 0.06
43646 9 5 4 1 0.075 0.005 0.141 0.902 0.844 1.044 12 2.817 30.84 1 0
43646 10 5 4 1 0.075 0.005 0.141 0.902 0.844 0.796 13 1.706 24.207 1 0
43646 1 5 4 1 0.004 0.111 0.217 0.836 0.702 0.597 9 2.059 31.913 1 0.007
43646 2 5 4 1 0.004 0.111 0.217 0.836 0.702 0 9 0.12 9 1 1
43646 3 5 4 1 0.004 0.111 0.217 0.836 0.702 0.746 13 2.125 29.627 1 0
43646 4 5 4 1 0.004 0.111 0.217 0.836 0.702 0.199 16 1.505 27.973 1 0
43646 5 5 4 1 0.004 0.111 0.217 0.836 0.702 0.796 12 2.28 30.873 1 0
43646 6 5 4 1 0.004 0.111 0.217 0.836 0.702 1.441 17 2.55 35.333 1 0
43646 7 5 4 1 0.004 0.111 0.217 0.836 0.702 0.597 7 2.111 28.74 1 0.053
43646 8 5 4 1 0.004 0.111 0.217 0.836 0.702 0.846 10 2.775 29.533 0.973 0
43646 9 5 4 1 0.004 0.111 0.217 0.836 0.702 1.22 14 3.131 33.447 0.973 0
43646 10 5 4 1 0.004 0.111 0.217 0.836 0.702 0 4 0.098 4 1 1
43646 1 5 4 1 0.009 0.017 0.102 0.853 0.792 0.299 16 1.294 31.8 1 0
43646 2 5 4 1 0.009 0.017 0.102 0.853 0.792 1.339 14 2.433 35.22 1 0
43646 3 5 4 1 0.009 0.017 0.102 0.853 0.792 0.448 19 2.009 38.187 1 0
43646 4 5 4 1 0.009 0.017 0.102 0.853 0.792 0 12 0.194 13.353 1 0
43646 5 5 4 1 0.009 0.017 0.102 0.853 0.792 0.844 11 2.579 31.18 0.987 0
43646 6 5 4 1 0.009 0.017 0.102 0.853 0.792 0.845 18 1.974 31.827 1 0
43646 7 5 4 1 0.009 0.017 0.102 0.853 0.792 1.143 10 2.245 31.487 1 0
43646 8 5 4 1 0.009 0.017 0.102 0.853 0.792 1.093 9 2.592 28.627 1 0.033
43646 9 5 4 1 0.009 0.017 0.102 0.853 0.792 0.945 14 2.726 34.453 0.96 0
43646 10 5 4 1 0.009 0.017 0.102 0.853 0.792 1.044 19 2.162 37 1 0
43646 1 5 4 1 0.05 0.448 0.23 0.979 0.426 48.029 94 56.018 158.673 0 0
43646 2 5 4 1 0.05 0.448 0.23 0.979 0.426 42.633 59 46.215 143.373 0 0
43646 3 5 4 1 0.05 0.448 0.23 0.979 0.426 37.666 70 40.331 141.58 0 0
43646 4 5 4 1 0.05 0.448 0.23 0.979 0.426 38.109 95 46.804 167.627 0 0
43646 5 5 4 1 0.05 0.448 0.23 0.979 0.426 40.783 73 46.721 163.073 0 0
43646 6 5 4 1 0.05 0.448 0.23 0.979 0.426 44.202 61 48.029 146.767 0 0
43646 7 5 4 1 0.05 0.448 0.23 0.979 0.426 48.99 68 53.282 136.32 0 0
43646 8 5 4 1 0.05 0.448 0.23 0.979 0.426 43.312 63 48.015 149.507 0 0
43646 9 5 4 1 0.05 0.448 0.23 0.979 0.426 24.084 46 28.015 95.68 0 0
43646 10 5 4 1 0.05 0.448 0.23 0.979 0.426 40.548 64 44.441 133.693 0 0
43646 1 5 4 1 0.024 0.077 0.416 0.806 0.689 0.696 12 2.409 31.713 1 0
43646 2 5 4 1 0.024 0.077 0.416 0.806 0.689 0.149 12 0.943 24.073 1 0
43646 3 5 4 1 0.024 0.077 0.416 0.806 0.689 1.044 14 2.123 35.867 1 0
43646 4 5 4 1 0.024 0.077 0.416 0.806 0.689 0.987 10 2.48 30.08 1 0
43646 5 5 4 1 0.024 0.077 0.416 0.806 0.689 0.597 11 1.643 26.647 1 0
43646 6 5 4 1 0.024 0.077 0.416 0.806 0.689 1.285 17 2.478 37.047 0.947 0
43646 7 5 4 1 0.024 0.077 0.416 0.806 0.689 0.149 14 1.223 25.807 1 0
43646 8 5 4 1 0.024 0.077 0.416 0.806 0.689 0 9 0.062 9 1 1
43646 9 5 4 1 0.024 0.077 0.416 0.806 0.689 0.787 11 2.528 31.393 1 0
43646 10 5 4 1 0.024 0.077 0.416 0.806 0.689 0 14 0.164 14 1 0
43646 1 5 4 1 0.042 0.468 0.074 0.864 0.603 10.73 22 14.778 74.067 0 0
43646 2 5 4 1 0.042 0.468 0.074 0.864 0.603 20.132 28 24.507 81.307 0 0
43646 3 5 4 1 0.042 0.468 0.074 0.864 0.603 28.325 22 31.981 97.307 0 0
43646 4 5 4 1 0.042 0.468 0.074 0.864 0.603 33.82 20 37.467 87.927 0 0
43646 5 5 4 1 0.042 0.468 0.074 0.864 0.603 18.28 34 25.459 81.58 0 0
43646 6 5 4 1 0.042 0.468 0.074 0.864 0.603 22.172 39 26.409 78.947 0 0
43646 7 5 4 1 0.042 0.468 0.074 0.864 0.603 22.363 36 26.325 81.353 0 0
43646 8 5 4 1 0.042 0.468 0.074 0.864 0.603 22.915 42 25.774 85.273 0 0
43646 9 5 4 1 0.042 0.468 0.074 0.864 0.603 28.56 35 30.893 82.353 0 0
43646 10 5 4 1 0.042 0.468 0.074 0.864 0.603 23.504 40 27.067 92.087 0 0
43646 1 5 4 1 0.022 0.065 0.355 0.835 0.722 0 8 0.029 9.66 1 0.713
43646 2 5 4 1 0.022 0.065 0.355 0.835 0.722 0.1 16 1.673 29.64 0.933 0
43646 3 5 4 1 0.022 0.065 0.355 0.835 0.722 0 14 0.603 18.633 1 0
43646 4 5 4 1 0.022 0.065 0.355 0.835 0.722 0 13 0.179 13 1 0
43646 5 5 4 1 0.022 0.065 0.355 0.835 0.722 0.796 16 1.99 28.907 1 0
43646 6 5 4 1 0.022 0.065 0.355 0.835 0.722 0.05 9 1.108 20.993 1 0.3
43646 7 5 4 1 0.022 0.065 0.355 0.835 0.722 0.497 15 1.93 32.74 1 0
43646 8 5 4 1 0.022 0.065 0.355 0.835 0.722 0.945 10 2.187 29.473 1 0
43646 9 5 4 1 0.022 0.065 0.355 0.835 0.722 1.144 10 2.05 26.053 1 0
43646 10 5 4 1 0.022 0.065 0.355 0.835 0.722 0.696 15 1.535 28.867 1 0
43646 1 5 4 1 0.007 0.449 0.199 0.886 0.821 0.597 16 1.536 29.36 1 0
43646 2 5 4 1 0.007 0.449 0.199 0.886 0.821 0 8 0.152 8.333 1 0.96
43646 3 5 4 1 0.007 0.449 0.199 0.886 0.821 1.244 11 2.282 33.873 1 0
43646 4 5 4 1 0.007 0.449 0.199 0.886 0.821 0.994 19 4.206 37.68 0.813 0
43646 5 5 4 1 0.007 0.449 0.199 0.886 0.821 0 13 0.213 13.887 1 0
43646 6 5 4 1 0.007 0.449 0.199 0.886 0.821 0.647 13 1.8 27.06 1 0
43646 7 5 4 1 0.007 0.449 0.199 0.886 0.821 0.995 19 2.731 38.307 1 0
43646 8 5 4 1 0.007 0.449 0.199 0.886 0.821 0.547 17 1.913 32.52 1 0
43646 9 5 4 1 0.007 0.449 0.199 0.886 0.821 0.05 10 0.501 14.387 1 0
43646 10 5 4 1 0.007 0.449 0.199 0.886 0.821 1.194 7 2.779 28.667 1 0.053
43646 1 5 4 1 0.077 0.254 0.108 0.751 0.158 244.546 1220 247.695 1596.253 0 0
43646 2 5 4 1 0.077 0.254 0.108 0.751 0.158 244.723 1199 247.901 1534.547 0 0
43646 3 5 4 1 0.077 0.254 0.108 0.751 0.158 242.444 1249 247.324 1508.527 0 0
